Id,Date Posted,Product Title,Price,Area,Price per m²,Bedrooms,Toilets,Location,Coordinates
42198239,20/02/2025,Quỹ căn chuyển nhượng từ 1-2-3-4 phòng | Sẵn sổ đỏ cập nhật liên tục tại Green Diamond 93 Láng Hạ,"9,4 tỷ",86 m²,"109,3 tr/m²",3,N/A,·,"21.0161961065944, 105.815622463366"
40394259,20/02/2025,Quỹ chuyển nhượng phong phú nhất thị trường từ 1PN - 2PN - 3PN - 4PN - Sổ đỏ trao tay. 0899 822 ***,Giá thỏa thuận,86 m²,N/A,2,2,·,"21.016826629638672, 105.81522369384766"
41997992,17/02/2025,Tôi cần chuyển nhượng căn hộ 2 ngủ và 3 ngủ cơ bản tại chung cư Green Diamond 93 Láng Hạ,"10,7 tỷ",90 m²,"118,89 tr/m²",2,N/A,·,"21.0169759575237, 105.815210643531"
41968618,10/02/2025,Chính chủ uỷ quyền nhượng căn góc 3 ngủ view hồ tầng cao nguyên bản dự án Green Diamond 93 Láng Hạ,"16,5 tỷ","136,33 m²","121,03 tr/m²",3,N/A,"Láng Hạ, Đống Đa","21.0161961065944, 105.815622463366"
42247299,23/02/2025,"HOT Tư vấn chuyên sâu The Ninety ComPlex 90 Đường Láng, nhiều lựa chọn Quỹ căn đẹp & độc quyền!","4,3 tỷ",68 m²,"63,24 tr/m²",2,2,"Thịnh Quang, Đống Đa","21.004750464164662, 105.81870795689764"
41755131,23/02/2025,Chính chủ bán CH1103 Hacisco 107 Nguyễn Chí Thanh 105m2 có 3PN - 2WC giá 7.5 tỷ,"7,5 tỷ",105 m²,"71,43 tr/m²",3,2,"Láng Hạ, Đống Đa","21.0206790205261, 105.80829168295"
42244199,23/02/2025,"Gấp! Bán siêu phẩm nhà tập thể mới đẹp ngõ Thổ Quan, diện tích 110m2, sổ to, giá 4,625 tỷ","4,63 tỷ",110 m²,"42,04 tr/m²",3,2,"Hàng Bột, Đống Đa","21.0229969074706, 105.832333709902"
42187905,22/02/2025,"Suất ưu đãi căn 2 ngủ giá 3,66 tỷ full NT rẻ nhất The Ninety Complex, cam kết thuê 20tr/ tháng","3,6 tỷ","45,15 m²","79,73 tr/m²",2,N/A,"Thịnh Quang, Đống Đa","21.0037261607429, 105.818075773535"
42210073,22/02/2025,"Căn hộ 2PN 2WC, 63m2, mới tinh, view thành phố, Đống Đa, HTLS 50%, giá chỉ 4,5 tỷ","4,5 tỷ",63 m²,"71,43 tr/m²",2,2,"Thịnh Quang, Đống Đa","21.003802275769978, 105.81849180932348"
42238182,22/02/2025,BÁN CH THE NINETY COMPLEX 2N2VS - FULL NỘI THẤT - CAM KẾT CHO THUÊ 20TR/THÁNG,"4,38 tỷ",69 m²,"63,48 tr/m²",2,2,"Thịnh Quang, Đống Đa","21.00408913654337, 105.81874093305164"
42230691,21/02/2025,Chỉnh chủ mình nhượng căn hộ 810 - 2PN 70m2 tòa nhà The Gloria By Silk Path,"9,5 tỷ",70 m²,"135,71 tr/m²",2,2,"Láng Hạ, Đống Đa","21.01575789385162, 105.80927891330589"
42229184,21/02/2025,Hiếm! Tập thể Phương Mai - 2.68 tỷ - DT 62m2 - 2PN - 1WC khép kín - hai mặt thoáng - full nội thất,"2,68 tỷ",62 m²,"43,23 tr/m²",2,1,"Phương Mai, Đống Đa","21.0010953461565, 105.839031597546"
42203744,19/02/2025,"Bán căn hộ tập thể Trung Tự, gần hồ - nhà mới ô tô đỗ cửa 1 bước ra phố, 60,5 m2, giá 3,4 tỷ","3,4 tỷ","60,5 m²","56,2 tr/m²",3,N/A,"Phương Liên - Trung Tự, Đống Đa","21.0041862032453, 105.831239615206"
42149133,19/02/2025,Còn duy nhất 01 căn 63m2 2PN 2WC The Ninety 90 Láng toà căn hộ khách sạn tiêu chuẩn 5* giá tốt nhất,"4,36 tỷ","63,17 m²",69 tr/m²,2,2,"Thịnh Quang, Đống Đa","21.003772358912254, 105.8187137839445"
41864662,18/02/2025,Quỹ căn 2-3-4 Phòng Ngủ siêu hiếm The Terra 83 Hào Nam bàn giao full Nội thất cao cấp LH 0822 238 ***,"8,68 tỷ",77 m²,"112,73 tr/m²",2,2,"Ô Chợ Dừa, Đống Đa","21.024246223002162, 105.82670157228057"
41718488,18/02/2025,"Bán căn thương mại 2PN 2WC 94m2, nhà đẹp, view hồ, sổ đỏ cc. Giá 10 tỷ Green Diamond 93 Láng Hạ",10 tỷ,94 m²,"106,38 tr/m²",2,2,"Láng Hạ, Đống Đa","21.0168266296387, 105.815223693848"
41969102,18/02/2025,"Bán căn hộ phố An Trạch - Cát Linh 50m2 2 ngủ full nội thất, ở ngay","1,79 tỷ",50 m²,"35,8 tr/m²",2,1,"Văn Miếu - Quốc Tử Giám, Đống Đa","21.0280818974382, 105.831633374517"
42095287,18/02/2025,Cực Hiếm!!! Căn hộ 2PN riêng biệt - WC khép kín ngay sát Hồ Đắc Di - 2 mặt thoáng - Giá 2.85 tỷ,"2,85 tỷ",60 m²,"47,5 tr/m²",2,1,"Nam Đồng, Đống Đa","21.0123954234799, 105.829303730332"
42130888,17/02/2025,"(Giá shock) cầm 2,8 tỷ mua đứt căn Studio The Ninety Complex full nội thất. LH: 0889 993 ***","2,8 tỷ",32 m²,"87,5 tr/m²",2,2,"Thịnh Quang, Đống Đa","21.0042191767061, 105.81870303103"
42191728,17/02/2025,Giảm 10% so với giá thị trường căn hộ chung cư cao cấp The Ninety Complex 90 đường Láng,"4,2 tỷ","62,5 m²","67,2 tr/m²",2,2,"Thịnh Quang, Đống Đa","21.004369167656, 105.818575993136"
42009026,17/02/2025,"Bán CCMN 2PN, 1WC ở Cầu Giấy, 1,98 tỷ, 50m2(full đồ cao cấp)","1,98 tỷ",50 m²,"39,6 tr/m²",2,N/A,"Láng Thượng, Đống Đa","21.0292915360498, 105.803443064606"
41858985,17/02/2025,"Cập nhật quỹ căn đẹp nhất trực tiếp CĐT với nhiều chính sách quà tặng, chiết khấu tháng 2/2025","4,38 tỷ",63 m²,"69,52 tr/m²",2,2,"Thịnh Quang, Đống Đa","21.0047682005418, 105.818876420872"
42161229,24/02/2025,"Chính chủ bán căn góc 3PN, DT 105m2, view thoáng, hướng mát, nội thất đẹp tôi tâm huyết lựa chọn",13 tỷ,105 m²,"123,81 tr/m²",3,2,"Láng Thượng, Đống Đa","21.020137344017872, 105.80750777516052"
42088917,23/02/2025,Tôi chính chủ cần bán căn hộ lô góc 151m2 tại mặt đường Nguyễn Chí Thanh giá 10 tỷ 0989 996 ***,10 tỷ,151 m²,"66,22 tr/m²",3,2,"Láng Hạ, Đống Đa","21.01935848480859, 105.8088871589094"
41425463,23/02/2025,Nhượng căn 2 ngủ 91.3m nguyên bản chưa chỉnh sửa view hồ dự án Green Diamond,Giá thỏa thuận,"91,3 m²",N/A,2,N/A,"Láng Hạ, Đống Đa","21.017064267283196, 105.81604111745276"
41951636,23/02/2025,"Nhượng căn 4 phòng ngủ góc hiếm hoi, nội thất cơ bản dự án Green Diamond 93 Láng Hạ",Giá thỏa thuận,180 m²,N/A,4,N/A,"Láng Hạ, Đống Đa","21.016494120267073, 105.81584188960606"
42206786,23/02/2025,"Cần bán căn 86m nội thất nguyên bản chủ đầu tư bàn giao giá 9,9 ti","9,9 tỷ",86 m²,"115,12 tr/m²",N/A,N/A,"Láng Hạ, Đống Đa","21.016539238512, 105.81524283160405"
42198405,23/02/2025,"Bán nhà tập Hoàng Ngọc Phách, Láng Hạ, Đống Đa, 85m, 3 ngủ, 2WC, 2 thoáng, lô góc, có sân để xe","3,75 tỷ",85 m²,"44,12 tr/m²",3,2,"Láng Hạ, Đống Đa","21.015857448565, 105.812173435637"
42243222,23/02/2025,Bán gấp căn hộ tập thee Phố Chùa Bộc. 3.65 tỷ - 3PN 1WC - DT 80m2. Full nội thất - thoáng - sáng,"3,65 tỷ",80 m²,"45,62 tr/m²",3,1,"Quang Trung, Đống Đa","21.0077909857361, 105.827697202415"
42243141,23/02/2025,Hiếm! View Hồ Đắc Di. Chỉ 3.7 tỷ - Căn hộ tập thể Nam Đồng - 3PN - DT 76m2. Full nội thất,"3,7 tỷ",76 m²,"48,68 tr/m²",3,1,"Nam Đồng, Đống Đa","21.0122278580645, 105.829073330986"
39112410,23/02/2025,"Bán gấp căn hộ 2PN tại Hateco Laroma, ban công thoáng mát, view đẹp. LH: 0906 961 ***",8 tỷ,95 m²,"84,21 tr/m²",2,2,"Láng Thượng, Đống Đa","21.0204162597656, 105.807243347168"
39198062,23/02/2025,"Bán căn hộ 105m2, 3PN tại CC Hateco Laroma. Căn góc - thiết kế thoáng, đều có ánh sáng. Giá rẻ","10,5 tỷ",105 m²,100 tr/m²,3,2,"Láng Thượng, Đống Đa","21.0204162597656, 105.807243347168"
41057549,23/02/2025,Chính chủ cần bán nhanh căn 72m 2N2VS giá 9.1 tỷ tại Green Diamond 93 Láng Hạ - Liên hệ: 0906 961 ***,"9,1 tỷ",92 m²,"98,91 tr/m²",2,2,"Láng Hạ, Đống Đa","21.016826629638672, 105.81522369384766"
41809868,23/02/2025,Chính chủ bán nhà tập thể tầng 2 phòng 208 A5,"3,99 tỷ",85 m²,"46,94 tr/m²",2,2,"Ô Chợ Dừa, Đống Đa","21.0265977819522, 105.826287298875"
42203669,23/02/2025,"Chính chủ cần bán 2PN 2wc 86,5m2 ban công ĐN Vinhomes Nguyễn Chí Thanh full nội thất 8,9 tỷ.","8,9 tỷ","86,5 m²","102,89 tr/m²",2,2,"Láng Thượng, Đống Đa","21.02375688590724, 105.80916214546785"
41316038,23/02/2025,"Bán CHCC Green Diamond - 93 Láng Hạ, Đống Đa, 2PN, 91,78m2, đồ cơ bản, giá đẹp. LH 0983 951 ***","9,5 tỷ","91,78 m²","103,51 tr/m²",2,2,"Láng Hạ, Đống Đa","21.016826629638672, 105.81522369384766"
41592155,23/02/2025,"Chủ đầu tư Hateco Laroma mở bán đợt cuối các sàn đẹp, căn đẹp, chọn căn, chọn tầng, giá ưu đãi",Giá thỏa thuận,"80,27 m²",N/A,2,2,"Láng Thượng, Đống Đa","21.020416259765625, 105.80724334716797"
41601011,23/02/2025,"Tôi bán căn hộ chung cư tòa nhà 170 Đê La Thành - 142,6m2, 3PN full nội thất","7,68 tỷ","142,6 m²","53,86 tr/m²",3,2,"Ô Chợ Dừa, Đống Đa","21.0212249755859, 105.828063964844"
42213296,23/02/2025,"Hoàng 3333 Giá Thật, Bán CH 2N - 2WC, 91m2 tòa 93 Láng Hạ, Ban công Đông Bắc mát, Full đồ đẹp Sổ đỏ","10,65 tỷ",91 m²,"117,03 tr/m²",2,2,"Láng Hạ, Đống Đa","21.01669883565903, 105.81457627444942"
42246763,23/02/2025,"Hoàng 3333 Giá Thật. Bán CH 92m2, 2N - 2WC, Green Diamond 93 Láng Hạ, 10,5 tỷ, Tầng trung mát mẻ, S","10,5 tỷ",92 m²,"114,13 tr/m²",2,2,"Láng Hạ, Đống Đa","21.01677450488322, 105.81503307080534"
41869554,23/02/2025,"Mở bán chung cư Ngã Tư Sở - Đống Đa 70tr/m2, chiết khấu 1.3 tỷ, full nội thất 5*, vay lãi suất 0%","4,55 tỷ",65 m²,70 tr/m²,2,2,"Thịnh Quang, Đống Đa","21.0040850468794, 105.818816948547"
39390757,23/02/2025,"Quỹ căn bán Vinhomes Nguyễn Chí Thanh 1PN, 2PN, 3PN, 4PN xem nhà 24/7, giá tốt nhất thị trường","13,5 tỷ",120 m²,"112,5 tr/m²",2,2,"Láng Hạ, Đống Đa","21.0229530334473, 105.809814453125"
40236017,23/02/2025,"Chính chủ cần bán CHCC Green Diamond - 93 Láng Hạ, Đống Đa, 150m2, full nội thất, giá thỏa thuận",Giá thỏa thuận,150 m²,N/A,3,2,"Láng Hạ, Đống Đa","21.016826629638672, 105.81522369384766"
40682144,23/02/2025,"Mở bán căn hộ cho thuê chuẩn KS 90 Láng The Ninety Complex (Cam kết cho thuê luôn), 0917 136 ***",Giá thỏa thuận,60 m²,N/A,2,N/A,"Thịnh Quang, Đống Đa","21.0041027069092, 105.818695068359"
41751540,23/02/2025,"Cần bán tập thể 3PN, 2WC, 85m2 tại Trường Chinh, Đống Đa, Hà Nội, chỉ với 3,25 tỷ","3,25 tỷ",92 m²,"35,33 tr/m²",3,2,"Phương Mai, Đống Đa","20.998857622687, 105.838067750967"
42214055,23/02/2025,"Chính chủ bán căn góc 3 phòng ngủ 151m2 xịn, sổ đỏ trung tâm Đống Đa Hateco Laroma Huỳnh Thúc Kháng","15,65 tỷ",151 m²,"103,64 tr/m²",3,2,"Láng Thượng, Đống Đa","21.02081471927827, 105.80779612188607"
34046132,23/02/2025,"Chính chủ - bán chung cư CT1 Xã Đàn - Khâm Thiên - Đống Đa, nội thất đầy đủ, về ở ngay",1 tỷ,45 m²,"22,22 tr/m²",2,2,"Khâm Thiên, Đống Đa","21.0153922287726, 105.832896388915"
42203094,23/02/2025,Bán gấp - bán chung cư N2 Xã Đàn - Khâm Thiên - Đống Đa - nội thất đầy đủ - sổ hồng vĩnh viễn,800 triệu,38 m²,"21,05 tr/m²",2,2,"Kim Liên, Đống Đa","21.0061557534116, 105.835957018665"
42245533,23/02/2025,"Bán TT Phương Mai, Đống Đa, DT 65m2 sử dụng, 2 phòng ngủ, full nội thất mới đẹp, giá 2,9 tỷ","2,9 tỷ",65 m²,"44,62 tr/m²",N/A,N/A,"Phương Mai, Đống Đa","21.0012381030363, 105.83925085438"
42143621,23/02/2025,"Bán CC mini 9PN x 5T tại Xã Đàn, Khâm Thiên, Đống Đa, HN, 8,75 tỷ, 45m2.DT 600 tr/năm","8,75 tỷ",45 m²,"194,44 tr/m²",9,9,"Khâm Thiên, Đống Đa","21.0152118081056, 105.832829165762"
42189685,23/02/2025,Bán căn hộ chung cư mini Xã Đàn chỉ nhỉnh 1 tỷ đồng nhận hỗ trợ sang tên,"1,23 tỷ",39 m²,"31,54 tr/m²",1,1,"Ô Chợ Dừa, Đống Đa","21.0160464769354, 105.832716266297"
40142132,23/02/2025,Bán cắt lỗ - Chung cư H1 Thái Hà - Tây Sơn - Đống Đa - Full đồ,800 triệu,35 m²,"22,86 tr/m²",N/A,N/A,"Phương Liên - Trung Tự, Đống Đa","21.0096702111346, 105.831804286903"
42245833,23/02/2025,"Bán Tập thể Trung Tự - Đặng Văn Ngữ, Đống Đa, 2 ngủ, ô tô đỗ chân toà, khu Vip, full đồ đẹp ở ngay","3,4 tỷ",60 m²,"56,67 tr/m²",3,1,"Phương Liên - Trung Tự, Đống Đa","21.0043040152427, 105.831109633931"
42243096,23/02/2025,Bán Tập Thể Viện Năng Lượng - Tông Thất Tùng. 3.8 tỷ. Tầng 3 - 3PN - 2WC DT 90m2,"3,8 tỷ",90 m²,"42,22 tr/m²",3,2,"Khương Thượng, Đống Đa","21.002098672359, 105.829882979732"
42045308,23/02/2025,"Tầng 2 tập thể nhà A Hào Nam vị trí lộc, cực hiếm, giá người nhà ô tô đỗ chân cầu thang 50m/2,56tỷ","2,56 tỷ",50 m²,"51,2 tr/m²",N/A,N/A,"Ô Chợ Dừa, Đống Đa","21.0194784833178, 105.823843383884"
42016829,23/02/2025,"Tập thể tầng 5 nhà B2 Vĩnh Hồ, 20m ra mặt phố, view sân chơi, ô tô gần, nhà mới thoáng, 65m2/2.8tỷ","2,8 tỷ",65 m²,"43,08 tr/m²",3,1,"Thịnh Quang, Đống Đa","21.0065171365504, 105.820289720105"
42191223,23/02/2025,(Căn góc hoa hậu) 2 ngủ 76m2 view Ngã Tư Sở đẹp nhất chung cư 90 Láng giá chỉ nhỉnh 5 tỷ,"5,6 tỷ",76 m²,"73,68 tr/m²",2,2,"Thịnh Quang, Đống Đa","21.0045754052667, 105.819249490643"
41592580,23/02/2025,"Quỹ 12 căn vip, giá ngoại giao, vị trí đẹp, lựa chọn căn, giá 7 tỷ, DT: 80m2, 137m2, Hateco Laroma",10 tỷ,94 m²,"106,38 tr/m²",3,2,"Láng Thượng, Đống Đa","21.020416259765625, 105.80724334716797"
39622552,23/02/2025,"Bán chung cư Mipec 229 Tây Sơn, 120m2, 2PN, 2WC. LH 0984 272 ***",Giá thỏa thuận,120 m²,N/A,2,2,"Trung Liệt, Đống Đa","21.006322860717773, 105.82319641113281"
41602559,23/02/2025,Bán căn hộ chung cư phố Nguyễn Chí Thanh - 113.36m2 - 3PN 2WC căn góc giá hợp lý,7 tỷ,"113,36 m²","61,75 tr/m²",3,2,"Láng Hạ, Đống Đa","21.0203743245014, 105.808230774164"
41815639,23/02/2025,"Bán CC The Ninety Complex, Đường Láng, 4,9 tỷ, 63m2, uy tín hàng hiếm tại Đống Đa, Hà Nội","4,9 tỷ",63 m²,"77,78 tr/m²",2,2,"Thịnh Quang, Đống Đa","21.004453525314585, 105.81880500574732"
42168746,23/02/2025,"HOT: Bán căn hộ studio Lancaster - 50m2, full đẹp, giá 5.2 tỷ. LH: 0899'.511.866","5,2 tỷ",50 m²,104 tr/m²,1,1,"Láng Thượng, Đống Đa","21.024063117375864, 105.80503943776691"
42222092,23/02/2025,"Bán tập thể Chùa Láng, Đống Đa, T1, 50m2, 2 ngủ, 2.8 tỷ","2,8 tỷ",50 m²,56 tr/m²,2,N/A,"Láng Thượng, Đống Đa","21.0232355697055, 105.806274720379"
42222237,23/02/2025,"Bán tập thể Phương Mai, Kim Liên, Đống Đa T1, 55m2 (sổ 24m2), 1 ngủ, 2.68 tỷ","2,68 tỷ",55 m²,"48,73 tr/m²",1,N/A,"Phương Mai, Đống Đa","21.0012534358296, 105.839021587397"
42157867,23/02/2025,CHỦ NHÀ VỠ NỢ CẦN BÁN GẤP CĂN HỘ DỊCH VỤ GIÁ CỰC HẤP DẪN,29 tỷ,110 m²,"263,64 tr/m²",28,N/A,"Khương Thượng, Đống Đa","21.0146326276065, 105.80618817558"
41334718,23/02/2025,Chính chủ nhượng căn góc số 12 tầng 23 view hồ dự án Green Diamond 93 Láng Hạ,16 tỷ,"136,3 m²","117,39 tr/m²",N/A,N/A,"Láng Hạ, Đống Đa","21.016826629638672, 105.81522369384766"
42010066,23/02/2025,Bán căn hộ 187 Nguyễn Lương Bằng 66m2 2pn 2wc giá 4.9 tỷ liên hệ 0984 847 ***,"4,9 tỷ",66 m²,"74,24 tr/m²",2,2,"Quang Trung, Đống Đa","21.01355314212444, 105.82840272135364"
41512372,23/02/2025,Hotline BQLDA Penhouse 36 Hoàng Cầu. D'. Le Pont Tân Hoàng Minh: 0905 956 *** (miễn môi giới),38 tỷ,450 m²,"84,44 tr/m²",5,5,"Ô Chợ Dừa, Đống Đa","21.0197426183863, 105.82208008029008"
36139723,23/02/2025,"Bán gấp căn hộ chung cư Hong Kong Tower - 243A Đê La Thành, 107m2, 3phòng ngủ, căn góc 0941 882 ***",Giá thỏa thuận,107 m²,N/A,3,2,"Láng Thượng, Đống Đa","21.0272006988525, 105.803825378418"
35312032,23/02/2025,"Bán gấp căn đẹp nhất chung cư Hateco Laroma - Huỳnh Thúc Kháng, 138m2, 3PN, căn góc, giá thỏa thuận",Giá thỏa thuận,138 m²,N/A,3,3,"Láng Thượng, Đống Đa","21.020416, 105.80724"
40655689,23/02/2025,Căn hộ Ngã Tư Sở giá nét 3.077 tỷ - Full nội thất - The Ninety Complex 90 Láng - View đẹp ko nắng,"3,08 tỷ","37,21 m²","82,69 tr/m²",N/A,N/A,"Thịnh Quang, Đống Đa","21.0041027069092, 105.818695068359"
42155849,23/02/2025,Quỹ căn 2 phòng ngủ siêu hiếm - The Terra 83 Hào Nam bàn giao full nội thất cao cấp LH: 0822 238 ***,"8,69 tỷ",78 m²,"111,36 tr/m²",2,2,"Ô Chợ Dừa, Đống Đa","21.0236398418317, 105.82666787477"
41591815,23/02/2025,"Cần bán gấp căn góc 3PN - 111.4m2 toà Hateco Laroma Chùa Láng ở ngay, full nội thất, sẵn sổ lâu dài",10 tỷ,"111,4 m²","89,77 tr/m²",3,2,"Láng Thượng, Đống Đa","21.020416259765625, 105.80724334716797"
42119160,23/02/2025,"Bán căn hộ chung cư 3PN, 132m2, tại MIPEC Towers 229 Tây Sơn. Có slot để xe dưới hầm.",Giá thỏa thuận,132 m²,N/A,3,2,"Trung Liệt, Đống Đa","21.006342035067668, 105.82290498394318"
42183886,23/02/2025,"Bán căn tập thể 3PN + 1WC tại Phương Liên, Đống Đa, Hà Nội, 90m2",Giá thỏa thuận,90 m²,N/A,3,1,"Phương Liên - Trung Tự, Đống Đa","21.0069396965498, 105.831908648576"
41975993,23/02/2025,"Bán nhà tập thể C8 Kim Liên, tầng 3, 2 ngủ, 1vs, nhà mới, nhỉnh 2 tỷ","2,68 tỷ",60 m²,"44,67 tr/m²",2,1,"Kim Liên, Đống Đa","21.0046731091354, 105.83572164732"
41994462,23/02/2025,"Không có nhu cầu ở bán nhanh trước Tết căn tập thể C8 Kim Liên, nhà mới, giá chỉ nhỉnh 2 tỷ","2,68 tỷ",60 m²,"44,67 tr/m²",2,1,"Kim Liên, Đống Đa","21.0046731091354, 105.83572164732"
42243037,23/02/2025,Bán Căn hộ tập thể Trung Tự. 3.9 tỷ - 3PN - 2WC khép kín - Hai mặt thoáng - Nhà đẹp full nội thất,"3,9 tỷ",85 m²,"45,88 tr/m²",3,2,"Phương Liên - Trung Tự, Đống Đa","21.0101656346579, 105.831163275991"
41748352,23/02/2025,"Chính chủ bán căn hộ chung cư L3 Chùa Láng - Nguyễn Chí Thanh - full đồ, 2 phòng ngủ - ở ngay",Giá thỏa thuận,55 m²,N/A,2,1,"Láng Hạ, Đống Đa","21.0231789640417, 105.805843219876"
41430109,23/02/2025,Full đồ - sổ đỏ - Bán chung cư TS2 Thái Thịnh - Yên Lãng 43m2 48m2 50m2 53m2 - vào ở ngay - mới,Giá thỏa thuận,50 m²,N/A,2,1,"Trung Liệt, Đống Đa","21.0097486602722, 105.81870013461"
41464858,23/02/2025,"Chính CĐT bán căn hộ chung cư mini xây mới, full nội thất, Thái Thịnh - Thái Hà. Giá 1ty4/căn","1,4 tỷ",52 m²,"26,92 tr/m²",2,1,"Trung Liệt, Đống Đa","21.0100191073842, 105.818922959517"
41427184,23/02/2025,"Bán CCMN mới đường Thái Hà - Thái Thịnh. Căn 35m2, 1PN, mặt ngõ, ban công thoáng. Giá 1,4 tỷ","1,4 tỷ",35 m²,40 tr/m²,1,1,"Thịnh Quang, Đống Đa","21.0071669433208, 105.820998453203"
41387208,23/02/2025,"Hàng hiếm tại Ngã Tư Sở, CCMN giá 1,9 tỷ vnd, 52m2, 2PN + 1 WC/PT, full nội thất. Ô tô đỗ cửa","1,9 tỷ",52 m²,"36,54 tr/m²",2,1,"Thịnh Quang, Đống Đa","21.0071200031039, 105.82065647648"
41686377,23/02/2025,"Bán tập thể Kim Liên 24/50m2, giá 2,5 tỷ ngõ rộng gần phố, trường, chợ, ở hoặc đầu tư","2,5 tỷ",24 m²,"104,17 tr/m²",1,1,"Kim Liên, Đống Đa","21.0050505376489, 105.835328905202"
42240816,23/02/2025,Bán Tập thể View Hồ Đắc Di. 3.95 tỷ. 102m2 - Siêu Thoáng Sáng. Bãi xe ngay chân tòa nhà,"3,95 tỷ",102 m²,"38,72 tr/m²",2,1,"Nam Đồng, Đống Đa","21.0122532505224, 105.829112097293"
42169492,23/02/2025,"Cần bán gấp căn hộ tại Vinhomes Nguyễn Chí Thanh, 90m2, 2 PN, đủ đồ, 8.5 tỉ. LH: 0963 668 ***","8,5 tỷ",90 m²,"94,44 tr/m²",2,2,"Láng Thượng, Đống Đa","21.0234508514404, 105.809288024902"
42098393,23/02/2025,"Bán gấp căn hộ Hong Kong Tower - 243A Đê La Thành, 126m2, 3PN, đủ đồ, tầng cao, 10.5 tỷ. 0963 668 ***","10,5 tỷ",126 m²,"83,33 tr/m²",3,2,"Láng Thượng, Đống Đa","21.02652611073175, 105.80398210703241"
40958266,23/02/2025,"Cần bán gấp căn hộ chung cư Hateco Laroma 4A HTK, 90m2, 2PN, căn góc, tầng cao, 9 tỉ. 0963 668 ***",9 tỷ,90 m²,100 tr/m²,2,2,"Láng Thượng, Đống Đa","21.0204162597656, 105.807243347168"
42098581,23/02/2025,"Cần bán gấp căn hộ CC Hateco Laroma 4A HTK, 137m2, 3PN, căn góc, tầng cao, nội thất xịn. 0963 668 ***",Giá thỏa thuận,137 m²,N/A,3,2,"Láng Thượng, Đống Đa","21.0204162597656, 105.807243347168"
42170868,23/02/2025,Em cần bán căn nhà tập thể siêu đẹp siêu VIP Hồ Đắc Di full nội thất đẹp ô tô đỗ cửa,"2,85 tỷ",60 m²,"47,5 tr/m²",N/A,N/A,"Phương Liên - Trung Tự, Đống Đa","21.011681985652, 105.830176444239"
38423900,23/02/2025,"Bán căn góc 3PN 3WC siêu VIP 145m2, full nội thất Hateco Laroma. Full nội thất cao cấp, view đẹp","15,5 tỷ",145 m²,"106,9 tr/m²",3,3,"Láng Thượng, Đống Đa","21.0204162597656, 105.807243347168"
42087194,23/02/2025,"Mở bán chung cư Ngã Tư Sở - Đống Đa 69tr/m2 nhận nhà ngay, tổng chiết khấu 1.32 tỷ, vay lãi suất 0%","4,3 tỷ",63 m²,"68,25 tr/m²",2,2,"Thịnh Quang, Đống Đa","21.0033584107525, 105.818766524994"
42189191,23/02/2025,Thấp 10%! Bán 165 Thái Hà - căn hộ 119.5m2 - 3PN 2vs. 8 tỷ. LH: 0967 401 *** Nam,8 tỷ,"119,5 m²","66,95 tr/m²",3,2,"Láng Hạ, Đống Đa","21.015152287935095, 105.81784098628614"
41793585,23/02/2025,"Bán gấp chung cư 2PN2WC, 63m2, mới tinh, view thành phố, Đống Đa, HTLS 50%, giá chỉ 4,9 tỷ","4,9 tỷ",63 m²,"77,78 tr/m²",2,2,"Thịnh Quang, Đống Đa","21.004571207488492, 105.81854355608947"
41815607,23/02/2025,"Bán căn 1PN, 37m2, view thành phố, tặng full nội thất cao cấp, giá chỉ 3,4 tỷ","3,4 tỷ",37 m²,"91,89 tr/m²",1,1,"Thịnh Quang, Đống Đa","21.00411034360795, 105.8187215458566"
41760266,23/02/2025,"Dòng tiền 300tr/năm, Đống Đa, căn 2PN2WC, DT 63m2, giá chỉ 4,8 tỷ","4,8 tỷ",63 m²,"76,19 tr/m²",2,2,"Thịnh Quang, Đống Đa","21.00410270690918, 105.81869506835938"
41794411,23/02/2025,"Chung cư 1PN, 37m2, Dòng tiền cho thuê 200tr/năm, giá chỉ 3,2 tỷ","3,2 tỷ",37 m²,"86,49 tr/m²",1,1,"Trung Liệt, Đống Đa","21.004584823339684, 105.82281979306674"
41815512,23/02/2025,"Bán căn 1PN, 37m2, view thành phố, tặng full nội thất cao cấp, giá chỉ 3,2 tỷ","3,2 tỷ",37 m²,"86,49 tr/m²",1,1,"Trung Liệt, Đống Đa","21.0089682316117, 105.820957587979"
41767326,23/02/2025,"Chỉ từ 1,7 tỷ(50%)căn hộ trung tâm Q. Đống Đa. Cho thuê 16-30tr/tháng. Tặng full nội thất cao cấp","3,4 tỷ",37 m²,"91,89 tr/m²",1,1,"Thịnh Quang, Đống Đa","21.004333435278156, 105.81842242478521"
41815660,23/02/2025,"Vip! Bán CC 3PN 92m2, full nội thất, Đống Đa, giá siêu hời chỉ với 7,4 tỷ","7,4 tỷ",92 m²,"80,44 tr/m²",3,2,"Thịnh Quang, Đống Đa","21.00396336989921, 105.81820539357199"
42199855,22/02/2025,"Ngon bổ rẻ! Chỉ 2,25 tỷ có ngay nhà tập thể Tôn Đức Thắng, 50m, 2 ngủ, full đồ ở luôn","2,25 tỷ",50 m²,45 tr/m²,2,1,"Hàng Bột, Đống Đa","21.0270290460934, 105.833967781545"
42225214,22/02/2025,"Có 102! Căn hộ tập thể Nguyễn Chí Thanh - Láng Hạ, 65m2, 2 thoáng, full đồ về ở ngay, chỉ 2,95 tỷ","2,95 tỷ",65 m²,"45,38 tr/m²",2,1,"Láng Hạ, Đống Đa","21.0203620732664, 105.808094332674"
42182625,22/02/2025,"Nhà tập thể Nam Đồng, tòa C ngõ 25 Hồ Đắc Di, (Tầng 5)","2,29 tỷ",23 m²,"99,56 tr/m²",1,1,"Nam Đồng, Đống Đa","21.0122595817513, 105.829043146447"
41735878,22/02/2025,"Bán gấp căn hộ chung cư Sông Hồng Park View 165 Thái Hà, 120m2, 3PN, đủ đồ giá 8tỷ LH: 0814 332 ***","8,7 tỷ",120 m²,"72,5 tr/m²",3,2,"Láng Hạ, Đống Đa","21.014835357666016, 105.81726837158203"
42231792,22/02/2025,"Bán chung cư cao cấp Green Diamond 93 Láng Hạ, 3PN căn góc tầng cao view hồ 145m2, giá chỉ 15 tỷ",15 tỷ,145 m²,"103,45 tr/m²",N/A,N/A,"Láng Hạ, Đống Đa","21.0168547097158, 105.814397909492"
42240701,22/02/2025,Chỉ 2.45 tỷ. Bán căn hộ tập thể Phố Tôn Đức Thắng. 2PN 1WC khép kín. Dt 75m2. Cực thoáng sáng,"2,45 tỷ",75 m²,"32,67 tr/m²",2,1,"Văn Chương, Đống Đa","21.023274887687, 105.833130066323"
41975754,22/02/2025,"Bán căn hộ 2PN cao cấp Green Diamond 93 Láng Hạ, giá siêu hời 9,6 tỷ, 91m2 căn sổ đỏ LH: 0971 864 ***","9,6 tỷ",91 m²,"105,5 tr/m²",2,2,"Láng Hạ, Đống Đa","21.0168296106163, 105.81528039776207"
35386897,22/02/2025,"Chính chủ bán 3PN2VS, 118m2, Vinhomes Nguyễn Chí Thanh, view hồ hướng mát",Giá thỏa thuận,118 m²,N/A,3,2,"Láng Hạ, Đống Đa","21.0229530334473, 105.809814453125"
35210092,22/02/2025,"Bán căn 3 ngủ góc, view hồ, 137m2, Vin Nguyễn Chí Thanh, ban công hướng mát ĐB","14,2 tỷ",137 m²,"103,65 tr/m²",3,2,"Láng Hạ, Đống Đa","21.0234508514404, 105.809288024902"
39927866,22/02/2025,Nhượng lại căn 1 phòng ngủ 47m2 Đông Nam mới 100% nguyên bản chủ đầu tư bàn giao,"5,5 tỷ",47 m²,"117,02 tr/m²",1,N/A,"Láng Hạ, Đống Đa","21.016771821877985, 105.81525525473872"
42227398,22/02/2025,"Bán căn hộ Green Diamond 93 Láng Hạ, giá ưu đãi 10,65 tỷ, 91m2, 2PN, đầy đủ nội thất","10,65 tỷ",91 m²,"117,03 tr/m²",2,2,"Láng Hạ, Đống Đa","21.01642125682993, 105.81567933559845"
35947449,22/02/2025,"Bán CH chung cư Hong Kong Tower - 243A Đê La Thành, 127m2, 3 ngủ đủ đồ, giá tốt. Lh 0983 951 ***",Giá thỏa thuận,127 m²,N/A,3,3,"Láng Thượng, Đống Đa","21.02720069885254, 105.80382537841797"
42240134,22/02/2025,"Giảm 500 triệu! Mình cần bán căn 3 ngủ Hacisco 107 Ng Chí Thanh, ban công Đông Nam, Tặng full đồ","6,5 tỷ",115 m²,"56,52 tr/m²",3,2,"Láng Hạ, Đống Đa","21.0241085624411, 105.811155223475"
41754829,22/02/2025,"Bán căn hộ toà 71 Nguyễn Chí Thanh DT 110m2 có 3PN và 2WC, tầng trung, giá 7 tỷ TL",7 tỷ,110 m²,"63,64 tr/m²",3,2,"Láng Hạ, Đống Đa","21.0153713226318, 105.812881469727"
40045435,22/02/2025,"Bán CHCC Hà Thành Plaza 102 Thái Thịnh DT 115m2 có 3PN - 2WC nhà đẹp full đồ, giá 7 tỷ TL",7 tỷ,115 m²,"60,87 tr/m²",3,2,"Thịnh Quang, Đống Đa","21.0088672637939, 105.820343017578"
40587487,22/02/2025,Sang trọng - Tiện nghi! Căn hộ 45m2 studio hiện đại tầng cao tại Lancaster Láng cần bán giá tốt,5 tỷ,45 m²,"111,11 tr/m²",1,1,"Láng Thượng, Đống Đa","21.0235824584961, 105.805229187012"
41404075,22/02/2025,"Bán nhanh căn hộ hoa hậu tại Vinhomes Nguyễn Chí Thanh, thiết kế 2PN - 135m2 giá bán tốt 16 tỷ",16 tỷ,135 m²,"118,52 tr/m²",2,2,"Láng Thượng, Đống Đa","21.0234508514404, 105.809288024902"
42240003,22/02/2025,Bán CCMN siêu hiếm phố Huỳnh Thúc Kháng | Đống Đa | Dòng tiền 1.2tỷ/năm | DT 71m2 x 8T. Giá 15.9 tỷ,"15,9 tỷ",71 m²,"223,94 tr/m²",14,14,"Láng Thượng, Đống Đa","21.0188768191113, 105.809987187884"
42239922,22/02/2025,Bán CCMN siêu rẻ Đường Láng | Đống Đa | Dòng tiền 950tr/năm | DT 68m2x8T. Giá 15.5 tỷ,"15,5 tỷ",68 m²,"227,94 tr/m²",12,12,"Láng Thượng, Đống Đa","21.0218757075535, 105.800895678308"
41057985,22/02/2025,"Bán nhanh căn hộ cao cấp 1PN, 47m2, tầng trung tại Green Diamond - 93 Láng Hạ. Giá rẻ nhất dự án","5,2 tỷ",47 m²,"110,64 tr/m²",1,1,"Láng Hạ, Đống Đa","21.016826629638672, 105.81522369384766"
42067024,22/02/2025,CC bán căn hộ 2PN 86m2 Vinhomes Nguyễn Chí Thanh. Nhà hướng ĐN giá bán nhanh chỉ 8tỷ. LH 0936 031 ***,8 tỷ,86 m²,"93,02 tr/m²",2,2,"Láng Thượng, Đống Đa","21.023452459449583, 105.80929010875093"
42234923,22/02/2025,"Mặt phố - Chung cư Đường Láng - Ngã Tư Sở 55m2 x 2 ngủ x 1,65 tỷ - tặng fun đồ như ảnh.","1,65 tỷ",55 m²,30 tr/m²,2,1,"Thịnh Quang, Đống Đa","21.0060279870456, 105.816535061315"
42211711,22/02/2025,Chung cư mini 60m2 x 2 ngủ x giá 1.7 tỷ Chùa Bộc - Đống Đa nhà đẹp như ảnh - nói không tin ảo,"1,7 tỷ",60 m²,"28,33 tr/m²",2,1,"Kim Liên, Đống Đa","21.0060367542714, 105.830244265118"
42240682,22/02/2025,"Bán chung cư mini tại Phố Thái Thịnh, 10,8 tỷ, 49 m2, chính chủ hàng hiếm","10,8 tỷ",49 m²,"220,41 tr/m²",N/A,N/A,"Trung Liệt, Đống Đa","21.0098426018008, 105.819269247466"
42240675,22/02/2025,(Thật 100%) Căn hộ 120m2 có slot ô tô ở Mipec Tây Sơn - Ban công Đông Nam - Tặng nội thất 600 triệu,"9,35 tỷ",120 m²,"77,92 tr/m²",2,2,"Trung Liệt, Đống Đa","21.0067193188278, 105.823312806329"
40675695,22/02/2025,Siêu đẹp! Siêu rẻ! 2.25 tỷ - căn hộ tập thể Kim Liên - 2PN - 60m2 - thiết kế duplex 2 tầng,"2,25 tỷ",60 m²,"37,5 tr/m²",2,1,"Kim Liên, Đống Đa","21.0047944, 105.8356179"
42225074,22/02/2025,"Bán tập thể Trung Tự. Gần hồ, gần trường Kim Liên. Căn góc ba thoáng. DT 90m2 - 3PN. Giá 4.7 tỷ","4,7 tỷ",90 m²,"52,22 tr/m²",3,1,"Phương Liên - Trung Tự, Đống Đa","21.0098381297635, 105.831298437339"
42240254,22/02/2025,"Giảm 500 triệu! Mình cần bán căn 3 ngủ M3 M4 Nguyễn Chí Thanh, ban công Đông Nam, Tặng full đồ","7,5 tỷ",115 m²,"65,22 tr/m²",3,2,"Láng Hạ, Đống Đa","21.020116163756832, 105.80868145489639"
42240383,22/02/2025,(Tin thật 100%) Căn hộ 85.4m2 x 2PN có slot ô tô tại Tân Hoàng Minh Hoàng Cầu - Ban công hướng Bắc,"10,49 tỷ","85,4 m²","122,83 tr/m²",2,2,"Ô Chợ Dừa, Đống Đa","21.0196418486147, 105.821590580112"
42240071,22/02/2025,Bán căn hộ 110m2 * 3PN ở đường Nguyễn Chí Thanh. Giá hơn 6 tỷ,"6,6 tỷ",110 m²,60 tr/m²,3,2,"Láng Hạ, Đống Đa","21.0205984404353, 105.808968806013"
42239976,22/02/2025,"Căn hộ 115m - 3PN2WC, đường Nguyễn Chí Thanh. Giá Rẻ",7 tỷ,115 m²,"60,87 tr/m²",3,2,"Láng Hạ, Đống Đa","21.0201678566058, 105.809718267384"
42240099,22/02/2025,"GIÁ RẺ !! Bán ( M3-M4) 91 Nguyễn Chí Thanh - 122m2 - 3pn 2vs - 7,5 tỷ. LH: 0967 401 *** Nam","7,5 tỷ",122 m²,"61,48 tr/m²",3,2,"Láng Hạ, Đống Đa","21.021062528039167, 105.80909242243969"
42240155,22/02/2025,"Bán Tập thể Nguyễn Chí Thanh, Đống Đa, T3, 65m2, 2 ngủ, 2.95 tỷ.","2,95 tỷ",65 m²,"45,38 tr/m²",2,1,"Láng Hạ, Đống Đa","21.0203705119518, 105.808297564546"
42240060,22/02/2025,"Bán Tập thể Phương Mai, Kim Liên Đống Đa, T3, 55m2, 2 ngủ, 2.76 tỷ","2,76 tỷ",55 m²,"50,18 tr/m²",2,1,"Phương Mai, Đống Đa","21.0012829739458, 105.838906782022"
33789293,22/02/2025,"Bán gấp căn góc số 01 chung cư Hateco Laroma Huỳnh Thúc Kháng 102m2, 3PN, full nội thất, giá rẻ","10,71 tỷ",102 m²,105 tr/m²,3,2,"Láng Thượng, Đống Đa","21.0204162597656, 105.807243347168"
42109425,22/02/2025,"Bán CH chung cư Green Diamond 93 Láng Hạ, 93m2, bc Đông Nam 2PN, 2WC, chính chủ hàng HOT","9,8 tỷ",93 m²,"105,38 tr/m²",2,2,"Láng Hạ, Đống Đa","21.0170036160395, 105.814484194919"
42168837,22/02/2025,"Bán tập thể mặt phố Nguyên Hồng, T3, 65m2 (sổ 34), 2 ngủ, 2 thoáng, 3.68 tỷ","3,68 tỷ",65 m²,"56,62 tr/m²",2,N/A,"Láng Hạ, Đống Đa","21.0159708638753, 105.812161501889"
42167598,22/02/2025,"Bán nhà tập thể Trung Tự, Nam Đồng, T3, Đống Đa, 65 m2, 2 ngủ, 2 thoáng, 3.5tỷ","3,5 tỷ",65 m²,"53,85 tr/m²",2,1,"Phương Liên - Trung Tự, Đống Đa","21.0041334730091, 105.830806838526"
42187318,22/02/2025,"Bán tập thể Kim Liên, Phương Mai, lô góc, 60m2, 2 ngủ, 2.25 tỷ","2,25 tỷ",60 m²,"37,5 tr/m²",2,N/A,"Kim Liên, Đống Đa","21.0047327744427, 105.835625696037"
42197556,22/02/2025,"Bán tập thể Thái Thịnh, Vĩnh Hồ, T2, 60m2, 2 ngủ, 2.88 tỷ","2,88 tỷ",60 m²,48 tr/m²,3,1,"Thịnh Quang, Đống Đa","21.0105236318129, 105.818528265535"
42197165,22/02/2025,"Bán tập thể Giảng Võ, Vũ Thạnh, Đống Đa, T2, 50m2 (24m2 sổ), 2 ngủ, 2.55 tỷ","2,55 tỷ",50 m²,51 tr/m²,2,N/A,"Ô Chợ Dừa, Đống Đa","21.0268385160242, 105.826513754479"
42181157,22/02/2025,"Bán tập thể Láng Hạ, Đống Đa, T1, 60m2 (35m2 sổ), 2 ngủ, 2 thoáng, 3.85 tỷ","3,85 tỷ",60 m²,"64,17 tr/m²",2,N/A,"Láng Hạ, Đống Đa","21.0150969375516, 105.812611102971"
42239939,22/02/2025,Bán căn hộ chung cư Nguyễn Chí Thanh 110m2 3 ngủ 2Wc full đồ nội thất giá 7.x tỷ,7 tỷ,110 m²,"63,64 tr/m²",3,2,"Láng Hạ, Đống Đa","21.019561408775367, 105.80939800661638"
41785266,22/02/2025,"Căn hộ toà 165 Thái Hà - Sông Hồng Park View dt 108,5m 3PN 2WC đầy đủ nội thất. Giá bán 7 tỷ",7 tỷ,"108,5 m²","64,52 tr/m²",3,2,"Láng Hạ, Đống Đa","21.014939236020858, 105.8179048513624"
41570206,22/02/2025,"Cần bán gấp căn hộ toà Hacisco Nguyễn Chí Thanh. DT 113,5m2 3PN 2wc full nội thất. Giá 6,6 tỷ TL","6,6 tỷ","113,5 m²","58,15 tr/m²",3,2,"Láng Hạ, Đống Đa","21.0204323274122, 105.808438221143"
41206937,22/02/2025,"Căn hộ chung cư Hacisco, DT 114m gồm 3 phòng ngủ giá 6,8 tỷ tại Đống Đa, Hà Nội","6,8 tỷ",114 m²,"59,65 tr/m²",3,2,"Láng Hạ, Đống Đa","21.0202299275434, 105.807986499976"
41543635,22/02/2025,Chủ nhà gửi bán căn hộ 105m 3 ngủ 2WC Hacisco Nguyễn Chí Thanh giá chuẩn không chào ảo,"6,79 tỷ",105 m²,"64,67 tr/m²",3,2,"Láng Hạ, Đống Đa","21.0202959979805, 105.808315480444"
41779097,22/02/2025,"Duy nhất căn 2PN, 45m2, view thành phố, tặng full nội thất cao cấp, giá chỉ 3,9 tỷ","3,9 tỷ",45 m²,"86,67 tr/m²",2,1,"Thịnh Quang, Đống Đa","21.00456268878875, 105.81908928862848"
42239429,22/02/2025,"Bán Tập thể Kim Liên, Đống Đa, ô tô đỗ chân toà, 2 ngủ riêng biệt, nhà đẹp ở luôn, thoáng mát","2,89 tỷ",65 m²,"44,46 tr/m²",2,1,"Phương Liên, Đống Đa","21.003311744193, 105.835435040005"
42238838,22/02/2025,Bán CCMN siêu rẻ phố Nguyễn Chí Thanh | Đống Đa | Dòng tiền 1tỷ/năm | DT 65m2x8T. Giá 15.3 tỷ,"15,3 tỷ",65 m²,"235,38 tr/m²",12,12,"Láng Thượng, Đống Đa","21.0208541871351, 105.808971924142"
41229277,22/02/2025,"(HOT) Căn góc Vip 3PN chỉ 7,26 tỷ ban công Đông Nam chung cư Ngã tư Sở đối diện Royal City","7,2 tỷ","92,14 m²","78,14 tr/m²",3,2,"Thịnh Quang, Đống Đa","21.0041027069092, 105.818695068359"
42202649,22/02/2025,"Hiếm! Bán Tập thể Tầng 1 Láng Hạ, Đống Đa, nhà đẹp ở luôn, 2 ngủ, sổ to 35m2","3,75 tỷ",55 m²,"68,18 tr/m²",2,1,"Láng Hạ, Đống Đa","21.0151453009581, 105.813206457182"
42176875,22/02/2025,"Bán tập thể Văn Chương - Khâm Thiên, Đống Đa, vị trí rất đẹp, có sân chơi, ô tô đỗ chân tòa, sổ to","3,65 tỷ",80 m²,"45,62 tr/m²",2,1,"Văn Chương, Đống Đa","21.0210929487247, 105.8355325573"
42213933,22/02/2025,"Hiếm! Bán tập thể mặt ngõ Phương Mai, Đống Đa, khu phân lô rất đẹp, sổ to 54m2, nhà nguyên bản",5 tỷ,54 m²,"92,59 tr/m²",2,2,"Phương Mai, Đống Đa","21.0011213366822, 105.839227120066"
42229419,22/02/2025,"Bán siêu phẩm tập thể mặt Hồ Đắc Di, Đống Đa, tầng 2 đẹp long lanh như chung cư cao cấp, sổ to 38m2","3,75 tỷ",100 m²,"37,5 tr/m²",1,1,"Nam Đồng, Đống Đa","21.0126108325775, 105.829075726914"
42229566,22/02/2025,"Bán căn hộ chung cư Hòa Phát 257 Giải Phóng, Đống Đa căn 90m2, 2PN 2VS nhà đẹp full nội thất sẵn ở","6,3 tỷ",90 m²,70 tr/m²,2,2,"Phương Mai, Đống Đa","20.99904621901684, 105.84171473033932"
42238922,22/02/2025,"Bán chung cư giá tốt, 85m2, 2PN, tại D. Le Pont Dor - Hoàng Cầu, Đống Đa, Hà Nội",Giá thỏa thuận,85 m²,N/A,2,2,"Ô Chợ Dừa, Đống Đa","21.019564141674625, 105.82256878465894"
40222054,22/02/2025,"Chính chủ bán 2PN-2WC,DT 93m2, giá 9,3 tỷ, tòa Green Diamond 93 Láng Hạ, ban công ĐN ,LH 0363 388 ***","7,9 tỷ",70 m²,"112,86 tr/m²",2,2,"Láng Hạ, Đống Đa","21.0168266296387, 105.815223693848"
41815518,22/02/2025,"Căn 1PN, 37m2, dòng tiền cho thuê 200tr/năm, giá chỉ 3,2 tỷ","3,2 tỷ",37 m²,"86,49 tr/m²",1,1,"Thịnh Quang, Đống Đa","21.003963056526857, 105.81897350351261"
41815647,22/02/2025,"Bán Gấp CC 3PN 2WC,Mới Tinh, 92m2, Đống Đa,Giá chỉ 7,4 Tỷ","7,4 tỷ",92 m²,"80,44 tr/m²",3,2,"Thịnh Quang, Đống Đa","21.004613486039748, 105.81811749260038"
42236443,22/02/2025,Bán căn hộ toà Hacisco Nguyễn Chí Thanh- 105m2- 3 ngủ 2wc- căn góc hướng mát- đầy đủ đồ mới,7 tỷ,105 m²,"66,67 tr/m²",3,2,"Láng Hạ, Đống Đa","21.0204595943533, 105.808399973872"
42034608,22/02/2025,Bán chung cư Thái Thịnh 1 tỷ 400 tr (full đồ nhà mới),"1,4 tỷ",32 m²,"43,75 tr/m²",1,1,"Thịnh Quang, Đống Đa","21.0103738654011, 105.818166337814"
42021717,22/02/2025,"Bán quỹ suất ngoại căn VIPP đẹp, cao thoáng - căn 3 ngủ dự án Hateco Laroma, LH: 0931 318 ***",Giá thỏa thuận,115 m²,N/A,3,2,"Láng Thượng, Đống Đa","21.020478655837678, 105.80725453706403"
39486181,22/02/2025,Sẵn quỹ căn VIP đẹp & chuyển nhượng giá tốt - Hateco Laroma 4A Huỳnh Thúc Kháng - 0931 318 ***,Giá thỏa thuận,102 m²,N/A,3,2,"Láng Thượng, Đống Đa","21.0204162597656, 105.807243347168"
40477567,22/02/2025,PKD bán quỹ chuyển nhượng từ 3 phòng ngủ sẵn sổ đỏ tại Green Diamond 93 Láng Hạ - 0931 318 ***,Giá thỏa thuận,137 m²,N/A,3,2,"Láng Hạ, Đống Đa","21.0168266296387, 105.815223693848"
37679148,22/02/2025,Chuyển nhượng căn góc 3 ngủ có 3 ban công thoáng view hồ đẹp nhất dự án 93 Láng Hạ ở tầng 21,Giá thỏa thuận,138 m²,N/A,3,2,"Láng Hạ, Đống Đa","21.015989703701084, 105.81553235237325"
37510188,22/02/2025,Bán gấp căn 2 ngủ DT 92m2 ban công Tây Bắc view hồ Thành Công tầng 18,Giá thỏa thuận,92 m²,N/A,2,2,"Láng Hạ, Đống Đa","21.0168266296387, 105.815223693848"
41985027,22/02/2025,"Bán nhà T1 tập thể Kim Liên - S 100m2 SD, 2 mặt ngõ kinh doanh - ô tô - chỉ 5,9 tỷ","5,9 tỷ",100 m²,59 tr/m²,2,2,"Kim Liên, Đống Đa","21.004443606205, 105.835763408696"
34341746,22/02/2025,Bán Chung cư Thái Thịnh - Đống Đa hơn 1 tỷ,"1,15 tỷ",36 m²,"31,94 tr/m²",1,1,"Trung Liệt, Đống Đa","21.0075589, 105.82767"
42216447,22/02/2025,"Giảm sâu còn 5tỷ BAO PHÍ Bán CC 1PN 1WC studio tại Lancaster Luminaire, Đống Đa, HN - Hot!",5 tỷ,48 m²,"104,17 tr/m²",1,1,"Láng Thượng, Đống Đa","21.02354918754166, 105.80507212179577"
42186717,22/02/2025,"Full đồ - bán chung cư C2 Nguyễn Chí Thanh - Chùa Láng ở ngay, đủ PCCC 52m2",Giá thỏa thuận,52 m²,N/A,2,1,"Láng Thượng, Đống Đa","21.0208330912102, 105.808588020117"
42228444,22/02/2025,Chính chủ bán căn hộ 1N1K tại Ngã Tư Sở - Thái Thịnh - Đống Đa full đồ 34m2 - ở ngay,"1,39 tỷ",34 m²,"40,88 tr/m²",1,1,"Thịnh Quang, Đống Đa","21.0104516678544, 105.818499214233"
42128667,22/02/2025,"BÁN CH 92M 2PN 2WC GIÁ 100TR/M ( 9.2 TỶ) TÒA GREEN DIAMON 93 LÁNG HẠ, ĐỐNG ĐA HN","9,2 tỷ",92 m²,100 tr/m²,2,2,"Láng Hạ, Đống Đa","21.01657498206916, 105.81584819851783"
41334364,22/02/2025,"Bán căn hộ TT Chùa Bộc, tầng 2, DTSD 100m2, 3PN, 2WC, nhà đẹp, BC Đông Nam, rất mát, giá 4,25 tỷ","4,25 tỷ",100 m²,"42,5 tr/m²",3,2,"Trung Liệt, Đống Đa","21.0076850663206, 105.827480666072"
42208558,22/02/2025,"Bán căn hộ chung cư Sông Hồng Park View 165 Thái Hà, 105m2, 3PN, căn góc, đủ đồ, ban công Đông Nam",Giá thỏa thuận,105 m²,N/A,3,2,"Láng Hạ, Đống Đa","21.01500137889778, 105.81698835273475"
41770929,22/02/2025,"Bán căn 2PN chỉ 5 tỷ trung tâm Đống Đa, full đồ nội thất cao cấp, cho thuê 25tr/tháng",5 tỷ,63 m²,"79,36 tr/m²",2,2,"Láng Thượng, Đống Đa","21.020602798866705, 105.80744448552791"
37484807,22/02/2025,Cực hiếm! Căn góc 137m2 view 2 hồ điều hoa lần đầu tiên ra hàng. LH 0899 822 *** xem căn hộ,Giá thỏa thuận,137 m²,N/A,4,2,"Láng Hạ, Đống Đa","21.016827, 105.81522"
33841826,22/02/2025,Bán căn 2 ngủ 92m2 chung cư Lancaster Luminaire đường Láng chính chủ 0944 412 ***,Giá thỏa thuận,92 m²,N/A,2,2,"Láng Thượng, Đống Đa","21.0235824584961, 105.805229187012"
42098881,22/02/2025,"Bán căn hộ chung cư tại MIPEC Towers, 229 Tây Sơn.Giá thỏa thuận, 120m2, 2PN. Liên hệ 0777 375 ***",Giá thỏa thuận,120 m²,N/A,2,2,"Trung Liệt, Đống Đa","21.006278158270813, 105.8226532061353"
41542807,22/02/2025,"CĐT bán quỹ căn hộ chung cư mini xây mới, full nội thất, Thái Hà - Thái Thịnh. Giá từ 990tr/căn",Giá thỏa thuận,50 m²,N/A,2,1,"Trung Liệt, Đống Đa","21.008754585203, 105.823959244306"
42234465,22/02/2025,"Chính chủ tôi bán căn hộ Vườn Xuân-71 Nguyễn Chí Thanh-76,1m2 có 2 phòng ngủ full đồ","5,3 tỷ","76,1 m²","69,64 tr/m²",2,1,"Láng Hạ, Đống Đa","21.0162583381505, 105.812963516723"
42096417,22/02/2025,Chỉ 2.45 tỷ. Bán căn hộ 2PN 1WC sát hồ Linh Quang - Đống Đa. DT 55m2. 2 mặt thoáng,"2,45 tỷ",55 m²,"44,54 tr/m²",2,1,"Văn Chương, Đống Đa","21.0260863288125, 105.839906565899"
42236961,22/02/2025,"Hàng hiếm! Tòa CHDV Láng - TT Đống Đa, 50m*5T*10pkk, Lô góc, Full nội thất, PCCC, SĐCC, DT 50tr/th","9,4 tỷ",50 m²,188 tr/m²,10,10,"Láng Thượng, Đống Đa","21.0187742995388, 105.803841072713"
42128966,22/02/2025,"Gia Đình Em Bán căn góc 137 m2 - 4PN - 2WC full nội thất ở Hateco Laroma, giá 14,5 tỷ","14,5 tỷ",137 m²,"105,84 tr/m²",4,2,"Láng Thượng, Đống Đa","21.020496973760253, 105.80694377329772"
41116364,22/02/2025,"Quỹ thưởng căn 45m2 tầng đẹp trục 05 The Ninety Complex, full chính sách đợt 1. LH: 0977 535 ***",Giá thỏa thuận,"45,15 m²",N/A,2,N/A,"Thịnh Quang, Đống Đa","21.00410270690918, 105.81869506835938"
42101763,22/02/2025,"Bán căn hộ TT Chùa Bộc, tầng 2, DTSD 80m2, 3PN, 2WC, nhà đẹp, BC Đông Nam giá 4,2 tỷ","4,2 tỷ",80 m²,"52,5 tr/m²",3,2,"Trung Liệt, Đống Đa","21.0075401949799, 105.827293224697"
42204513,22/02/2025,"Bán căn hộ tòa nhà m3m4-91 Nguyễn Chí Thanh, 170 m2, 4 PN, nhà nguyên bản, giá 10,5 tỷ","10,5 tỷ",170 m²,"61,76 tr/m²",N/A,N/A,"Láng Hạ, Đống Đa","21.020143332029377, 105.80963852149736"
40775896,21/02/2025,Chính chủ bán CCMN An Trạch Đống Đa full đồ studio 27m2 ở ngay - 0983 169 ***,900 triệu,27 m²,"33,33 tr/m²",1,1,"Cát Linh, Đống Đa","21.0278939018423, 105.830006046811"
41570399,21/02/2025,"Chính chủ chào bán chung cư Đống Đa - Hateco Laroma full nội thất: 15,5 tỷ liên hệ 0865 105 ***","15,5 tỷ",137 m²,"113,14 tr/m²",3,2,"Láng Thượng, Đống Đa","21.020416259765625, 105.80724334716797"
42206387,21/02/2025,"Chủ gửi chào CHCC Green Diamond - 93 Láng Hạ 9,7 tỉ - 2N2WC - 0865 105 ***","9,7 tỷ",92 m²,"105,44 tr/m²",2,2,"Láng Hạ, Đống Đa","21.01634367198946, 105.81551918200054"
41979819,21/02/2025,The Terra 83 Hào Nam trung tâm quận Đống Đa chỉ 7 tỷ/căn 2PN full nội thất xịn. LH 0933 218 *** em Vi,7 tỷ,65 m²,"107,69 tr/m²",2,2,"Ô Chợ Dừa, Đống Đa","21.0237952830535, 105.825765035177"
42224108,21/02/2025,"Bán CC 3PN, 2WC, 120m2, 7,7 tỷ tại 107 Nguyễn Chí Thanh, Láng Hạ, Đống Đa, Hà Nội. LH: 0988 606 ***","7,7 tỷ",120 m²,"64,17 tr/m²",3,2,"Láng Hạ, Đống Đa","21.0201975234894, 105.808358004485"
41992766,21/02/2025,"Nhà tập thể 2 tầng Kim Liên 65m2, ô tô đỗ chân cầu thang, 2 ngủ 2 WC, full nội thất, chỉ 3.4 tỷ","3,4 tỷ",65 m²,"52,31 tr/m²",2,2,"Kim Liên, Đống Đa","21.0052207737874, 105.835604924485"
42233428,21/02/2025,"Nhà TT Kim Liên tuyệt đẹp, full nội thất, thông 2 tầng, ngay gần ngã tư Phạm Ngoc Thạch, nhỉnh 3 tỷ","3,38 tỷ",60 m²,"56,33 tr/m²",2,2,"Kim Liên, Đống Đa","21.00648836997, 105.835917576875"
37016774,21/02/2025,"Chính chủ - bán chung cư A5 Thái Hà - Thái Thịnh - Đống Đa, nội thất đầy đủ, sổ đỏ vĩnh viễn",753 triệu,53 m²,"14,21 tr/m²",2,2,"Thịnh Quang, Đống Đa","21.0101998, 105.8186006"
37259133,21/02/2025,"Chính chủ bán chung cư N2 Thái Hà - Thái Thịnh - Đống Đa - nội thất đầy đủ, sổ hồng vĩnh viễn",957 triệu,58 m²,"16,5 tr/m²",2,2,"Trung Liệt, Đống Đa","21.012597, 105.8201087"
40142571,21/02/2025,Bán penthouse thông tầng 450m tòa D'. Le Pont Dor 34 Hoàng Cầu giá chỉ 90tr/m2 (0967 713 ***,42 tỷ,450 m²,"93,33 tr/m²",5,4,"Ô Chợ Dừa, Đống Đa","21.0194931030273, 105.822341918945"
42232937,21/02/2025,"Tập thể tầng 2 nhìn ra hồ Đắc Di, mặt phố Trần Hữu Tước cơi nới thêm được 100m2, khu dân trí","3,95 tỷ",39 m²,"101,28 tr/m²",2,1,"Nam Đồng, Đống Đa","21.0152302552789, 105.829896251308"
41701391,21/02/2025,"Bán căn hộ 76m2 2PN Vườn Xuân 71 Nguyễn Chí Thanh giá 4.5 tỷ, liên hệ 0984 847 ***","4,5 tỷ",76 m²,"59,21 tr/m²",2,1,"Láng Hạ, Đống Đa","21.0153713226318, 105.812881469727"
42106685,21/02/2025,"Bán CHCC Sky City Towers - 88 Láng Hạ, Đống Đa, 150m2, 3PN, đồ cơ bản, giá thỏa thuận. 0983 951 ***",Giá thỏa thuận,150 m²,N/A,3,2,"Láng Hạ, Đống Đa","21.0118165395251, 105.8111409636064"
42106651,21/02/2025,"Chính chủ cần bán Sông Hồng Park View - 165 Thái Hà, Đống Đa, 108m2, 3PN, đồ cơ bản, giá thỏa thuận",Giá thỏa thuận,108 m²,N/A,3,2,"Láng Hạ, Đống Đa","21.014709506004, 105.817166292671"
42133269,21/02/2025,Cần bán căn hộ 3 ngủ ở 165 Thái Hà 110m giá 7.2 tỷ ở 165 Thái Hà,"7,2 tỷ",110 m²,"65,46 tr/m²",3,2,"Láng Hạ, Đống Đa","21.01537006544264, 105.81675824488484"
40657591,21/02/2025,"Gia đình cần bán căn góc Lancaster Luminaire đường Láng. View công viên Thủ Lệ 120m2, 3PN, 3WC","11,5 tỷ",120 m²,"95,83 tr/m²",3,3,"Láng Thượng, Đống Đa","21.0235824584961, 105.805229187012"
41410343,21/02/2025,0971 085 *** chính chủ bán CH Hong Kong Tower 3PN DT 104m2 - 8 tỷ & 126m2 - 9 tỷ full NT đẹp SĐCC,8 tỷ,104 m²,"76,92 tr/m²",3,2,"Láng Thượng, Đống Đa","21.0272006988525, 105.803825378418"
40838416,21/02/2025,Bán căn hộ hoa hậu - căn góc tại dự án Hateco diện tích 104m2 - thiết kế 3 PN 2 WC giá cực tốt,Giá thỏa thuận,104 m²,N/A,3,2,"Láng Thượng, Đống Đa","21.0204162597656, 105.807243347168"
41592427,21/02/2025,"Chính chủ bán căn hộ Hong Kong Tower, DT 104m2 3PN và 126m2 3PN, giá từ 75tr/m2. LH 0372 004 ***","7,8 tỷ",104 m²,75 tr/m²,3,2,"Láng Thượng, Đống Đa","21.0272006988525, 105.803825378418"
42206148,21/02/2025,"Bán căn hộ Hateco Laroma 112m2, 3 PN, tầng cao, ban công hướng Đông, giá bán 12 tỷ có thiện chí",12 tỷ,115 m²,"104,35 tr/m²",3,2,"Láng Thượng, Đống Đa","21.02078885920113, 105.80665645217411"
42226848,21/02/2025,"Bán CC mini 2PN, 1WC, thang máy tại Tây Sơn, Quang Trung, Đống Đa, 1,85 tỷ, 57m2 chính chủ uy tín","1,85 tỷ",57 m²,"32,46 tr/m²",2,1,"Quang Trung, Đống Đa","21.009939134834, 105.824449658848"
42215536,21/02/2025,"Bán căn hộ tòa nhà M3M4 - 91 Nguyễn Chí Thanh 155 m2, 3 PN, view hồ, BC Đông Nam, giá 10 tỷ",10 tỷ,155 m²,"64,52 tr/m²",3,N/A,"Láng Hạ, Đống Đa","21.020571890013223, 105.80936358093182"
42226403,21/02/2025,"Bán căn hộ tòa nhà 71 Nguyễn Chí Thanh, diện tích 76m2, 2PN, nội thất đẹp, giá 5,3 tỷ","5,3 tỷ",76 m²,"69,74 tr/m²",2,2,"Láng Hạ, Đống Đa","21.01535102517545, 105.81294086718614"
42231351,21/02/2025,"Tôi cần bán chung cư 257 Giải Phóng căn góc 90m2, 2 ngủ, 2 vs nhỉnh 6 tỷ","6,28 tỷ",90 m²,"69,78 tr/m²",2,2,"Phương Mai, Đống Đa","20.99919055437171, 105.84190940263817"
42221963,21/02/2025,"Bán gấp căn hộ chung cư Hong Kong Tower - 243A Đê La Thành, 107m2, 3phòng ngủ, căn góc. 0974 877 ***",Giá thỏa thuận,107 m²,N/A,N/A,N/A,"Láng Thượng, Đống Đa","21.028003057460516, 105.80420459688388"
42231046,21/02/2025,Bán căn hộ chung cư 2 ngủ toà Vườn Xuân - 71 Nguyễn Chí Thanh giá 5. X tỷ,Giá thỏa thuận,80 m²,N/A,2,1,"Láng Hạ, Đống Đa","21.0152157888144, 105.81330454813"
42138881,21/02/2025,"Bán căn hộ 125m - 3PN2WC, căn góc tòa M3 - M4 Nguyễn Chí Thanh. Giá 7 tỷ",7 tỷ,125 m²,56 tr/m²,3,2,"Láng Hạ, Đống Đa","21.01996131924951, 105.80919493403552"
28004168,21/02/2025,"Cần bán chung cư An Trạch - Tôn Đức Thắng, 35m2, 55m2, full đồ, ở ngay",Giá thỏa thuận,50 m²,N/A,2,1,"Cát Linh, Đống Đa","21.0288733, 105.8308437"
42230828,21/02/2025,"Hiếm! Bán CCMN mới 50m2 Xã Đàn - Tôn Đức Thắng, full nội thất cao cấp, nhận nhà ở ngay","1,75 tỷ",50 m²,35 tr/m²,2,1,"Hàng Bột, Đống Đa","21.0160917836717, 105.831921326919"
41835303,21/02/2025,"Bán nhà chung cư Chùa Láng, Đống Đa 55m2, nhỉnh tỷ",Giá thỏa thuận,55 m²,N/A,2,1,"Láng Thượng, Đống Đa","21.0229666428744, 105.806096098357"
41806148,21/02/2025,"Bán căn hộ mini mới tại Thái Thịnh, Chính chủ","1,39 tỷ",40 m²,"34,75 tr/m²",1,1,"Thịnh Quang, Đống Đa","21.0107284031524, 105.818445396446"
42230199,21/02/2025,Tập thể Trung Liệt - Tầng 3 - nhà đẹp full nội thất - 3PN - 3WC - ô tô đỗ,"4,75 tỷ",39 m²,"121,8 tr/m²",3,3,"Trung Liệt, Đống Đa","21.0110547900189, 105.822035623855"
39552080,21/02/2025,"Chủ đầu tư bán chung cư Ngã Tư Sở - Trường Chinh chỉ 790tr căn, nhận nhà về ở luôn, Full đồ",Giá thỏa thuận,50 m²,N/A,2,1,"Thịnh Quang, Đống Đa","21.0022035, 105.8231069"
40667714,21/02/2025,Cực hiếm! Tập thể Kim Liên - 65m2 - 2PN - Thiết kế căn hộ duplex thoáng sáng - giá chỉ 2.25 tỷ,"2,25 tỷ",65 m²,"34,62 tr/m²",2,N/A,"Kim Liên, Đống Đa","21.0051976, 105.8355164"
42224292,21/02/2025,"Bán nhà tập thể tầng 1 Phạm Ngọc Thạch, Đống Đa, sổ 62m2, SD 102m2, ô tô đỗ cửa, KD đỉnh, Mt 10m","6,38 tỷ",102 m²,"62,55 tr/m²",3,2,"Phương Liên - Trung Tự, Đống Đa","21.0084533338108, 105.833647456703"
42230027,21/02/2025,"Bán nhà tập thể Kim Liên - S sử dụng 60m - nhà đẹp 2 phòng ngủ - full đồ chỉ 2,68 tỷ","2,68 tỷ",60 m²,"44,67 tr/m²",2,2,"Kim Liên, Đống Đa","21.0047614222908, 105.83569829306"
41774402,21/02/2025,"Hiếm: Bán căn góc 3 ngủ 110m2. View đẹp, tầng đẹp nhất. Full nội thất. Sổ sẵn giao dịch",Giá thỏa thuận,110 m²,N/A,3,2,"Láng Thượng, Đống Đa","21.027437597648767, 105.80389216271836"
42229829,21/02/2025,"Bán nhà tập thể Văn Chương - gần phố nhà đẹp 60m, tầng 2 full đồ chỉ 2,58 tỷ tl","2,58 tỷ",60 m²,43 tr/m²,2,1,"Văn Chương, Đống Đa","21.0234742546277, 105.836660905227"
42229612,21/02/2025,"Bán căn hộ duplex, DT 235m2, tại tòa nhà Petrowaco 97 Láng Hạ, 4PN, 3WC, giá tốt","17,62 tỷ",235 m²,75 tr/m²,4,3,"Láng Hạ, Đống Đa","21.0149765819366, 105.813804444677"
42229605,21/02/2025,Tập thể Đống Đa - T2 - 2 ngủ ở a luôn. Trung tâm Đống Đa - 2 ngủ - nhà đẹp - tặng full nội thất,"4,1 tỷ",40 m²,"102,5 tr/m²",2,2,"Cát Linh, Đống Đa","21.0261731074214, 105.826688773834"
42195602,21/02/2025,"Bán gấp CC 2PN, 1WC tại Láng Hạ, Đống Đa, Hà Nội, giá cực chất 3,82 tỷ","3,82 tỷ",60 m²,"63,67 tr/m²",2,1,"Ô Chợ Dừa, Đống Đa","21.018652367153, 105.816115597813"
40122761,21/02/2025,"Căn hộ đặc biệt Duplex 2 tầng, 1 tầng x 80m2, Penthouse Hateco Laroma, sổ cầm tay ban công Đông Nam","14,6 tỷ",160 m²,"91,25 tr/m²",4,3,"Láng Thượng, Đống Đa","21.0204162597656, 105.807243347168"
42104573,21/02/2025,Quỹ căn ngoại giao chuyển nhượng từ 2 phòng hàng VIP LH nhanh tay: 0988 160 ***,"8,19 tỷ",91 m²,90 tr/m²,2,2,"Láng Hạ, Đống Đa","21.01704295849323, 105.81524798559099"
20899219,21/02/2025,Cực hiếm! Bán căn góc 155m2 sổ đỏ trao tay trung tâm Quận Đống Đa. Xem nhà 24/7: 0899 822 ***,Giá thỏa thuận,155 m²,N/A,3,3,"Láng Hạ, Đống Đa","21.0144557952881, 105.813835144043"
42229495,21/02/2025,"SIÊU PHẨM CÒN SÓT LẠI - Duy nhất 1 căn hiện đại, sang xịn mịn. DT 128m2, 3N3VS, sân vườn thoáng",Giá thỏa thuận,128 m²,N/A,3,3,"Nam Đồng, Đống Đa","21.0126569681122, 105.829267214895"
40842019,21/02/2025,Bán gấp căn hộ siêu đẹp tại dự án Hateco giá tốt! Diện tích 137m2 thiết kế 3PN+1; 2WC LH 0364 224 ***,Giá thỏa thuận,137 m²,N/A,4,1,"Láng Thượng, Đống Đa","21.020416259765625, 105.80724334716797"
35329362,21/02/2025,"Bán lỗ để trả nợ chung cư Hateco Laroma, căn 08, 95m2, 2PN+1 tầng trung giá cực rẻ. LH 0975 825 ***",Giá thỏa thuận,103 m²,N/A,3,2,"Láng Thượng, Đống Đa","21.020416259765625, 105.80724334716797"
40236131,21/02/2025,"Bán căn hộ 93 Láng Hạ - Green Diamond, 143m2, 3PN, căn góc đẹp, căn thương mai",Giá thỏa thuận,143 m²,N/A,3,2,"Láng Hạ, Đống Đa","21.016826629638672, 105.81522369384766"
42228966,21/02/2025,"Cam kết giá chuẩn - căn 2PN tại The Gloria, nhận nhà ở ngay, đã có sổ. Giá chỉ 8 tỷ",8 tỷ,57 m²,"140,35 tr/m²",2,2,"Láng Hạ, Đống Đa","21.016161208174314, 105.80918167822541"
41436005,21/02/2025,"Hot bán căn hộ chung cư tại M3 - M4 Nguyễn Chí Thanh, 151 m2, 3 PN, căn góc",Giá thỏa thuận,151 m²,N/A,3,2,"Láng Hạ, Đống Đa","21.020200729370117, 105.80887603759766"
42091390,21/02/2025,"Chính chủ bán căn chung cư cao cấp tại Mipec Tower Tây Sơn, Đống Đa","9,6 tỷ",121 m²,"79,34 tr/m²",3,2,"Trung Liệt, Đống Đa","21.0068830728395, 105.823540974182"
42138541,21/02/2025,"Giá rẻ nhất hiện nay, bán gấp căn hộ chung cư M5 Nguyễn chí Thanh, 3 phòng ngủ, full nội thất","9,3 tỷ",149 m²,"62,42 tr/m²",3,2,"Láng Hạ, Đống Đa","21.0209899860415, 105.80981166563215"
42168018,21/02/2025,"Bán tập thể Tây Sơn - ĐH Công Đoàn, Đống Đa, nhà đẹp phố vip - lô góc - ô tô đỗ cầu thang","4,45 tỷ",70 m²,"63,57 tr/m²",3,2,"Ô Chợ Dừa, Đống Đa","21.0082491036343, 105.824068835701"
40833893,21/02/2025,Tôi cần bán căn hộ Studio 50m2 full nội thất giá chỉ 4 tỷ tại Lancaster Luminaire - đường Láng,4 tỷ,50 m²,80 tr/m²,1,1,"Láng Thượng, Đống Đa","21.0235824584961, 105.805229187012"
41764973,21/02/2025,Chính chủ bán căn hộ 2p ngủ tại Chùa Láng - Nguyễn Chí Thanh - ĐH Ngoại Thương - Full đồ từ 990tr,"1,02 tỷ",55 m²,"18,55 tr/m²",2,1,"Láng Thượng, Đống Đa","21.0230618719148, 105.806410465305"
38843833,21/02/2025,"Chính chủ - bán chung cư CT1 Xã Đàn - Trung Phụng 35 - 55m2, full nội thất, CK 50tr căn, ở ngay",630 triệu,35 m²,18 tr/m²,1,1,"Khâm Thiên, Đống Đa","21.0159532804345, 105.835727175641"
35151729,21/02/2025,Chung cư mini Vincom Phạm Ngọc Thạch - Đông Tác full nội thất ở ngay ôtô đỗ cửa,580 triệu,45 m²,"12,89 tr/m²",2,1,"Kim Liên, Đống Đa","21.0063307505256, 105.833225939673"
41965165,21/02/2025,"Nhà đẹp phố Lương Đình Của, Kim Liên, Đống Đa(65m2), full nội thất, giá chỉ 3.05 tỷ","3,05 tỷ",65 m²,"46,92 tr/m²",2,2,"Kim Liên, Đống Đa","21.0046375265361, 105.835411723181"
41943100,21/02/2025,Cần bán căn hộ 4PN 180m2 Lancaster Luminaire Đường Láng - Đống Đa. Tầng trung. Sổ đỏ lâu dài,"21,5 tỷ",180 m²,"119,44 tr/m²",4,3,"Láng Thượng, Đống Đa","21.02357381522778, 105.80439151295286"
41716196,21/02/2025,"Chính chủ cần bán gấp căn hộ Hong Kong Tower - 243A Đê La Thành, 105m2, 03PN, căn góc Đông Nam",Giá thỏa thuận,105 m²,N/A,3,2,"Láng Thượng, Đống Đa","21.02720069885254, 105.80382537841797"
38701765,21/02/2025,Siêu hiếm căn hộ 4PN chung cư 93 Láng Hạ - Sổ đỏ trao tay. Em Sơn 0899 822 ***,Giá thỏa thuận,91 m²,N/A,2,N/A,"Láng Hạ, Đống Đa","21.0168266296387, 105.815223693848"
40397380,21/02/2025,"Căn hộ cao cấp 3PN Hateco Laroma full nội thất đã có sổ hồng, dự án đáng mua nhất quận Đống Đa","11,7 tỷ",94 m²,"124,47 tr/m²",3,2,"Láng Thượng, Đống Đa","21.0204162597656, 105.807243347168"
40155207,21/02/2025,Tổng hợp quỹ căn dự án Hateco Laroma mua bán chuyển nhượng và ký trực tiếp CĐT: LH: 0934 364 ***,11 tỷ,"112,8 m²","97,52 tr/m²",3,N/A,"Láng Thượng, Đống Đa","21.0204162597656, 105.807243347168"
42227468,21/02/2025,"Bán CC The Ninety Complex, 3,545 tỷ, 41,3m2, 1PN, full nội thất tại Láng, Đống Đa, HN","3,55 tỷ","41,3 m²","85,84 tr/m²",1,1,"Thịnh Quang, Đống Đa","21.00425818063495, 105.81881296952437"
42226936,21/02/2025,Bán gấp tòa 27 Huỳnh Thúc Kháng - 122m2 - 2PN - 2VS - chính chủ - 0963 815 ***,"878,4 triệu",122 m²,"7,2 tr/m²",2,2,"Láng Hạ, Đống Đa","21.01840709655527, 105.81089904972553"
40579025,21/02/2025,Bán căn hộ tái định cư Hoàng Cầu giá gần 3 tỷ: 0987 144 ***,"2,88 tỷ",64 m²,45 tr/m²,2,N/A,"Ô Chợ Dừa, Đống Đa","21.0194473266602, 105.821655273438"
41509420,21/02/2025,"Tổng hợp quỹ căn dự án Hateco Laroma 3PN, căn duplex, penthouse thô. Hotline PKD 0934 364 ***","14,2 tỷ","137,5 m²","103,27 tr/m²",3,N/A,"Láng Thượng, Đống Đa","21.020280565210513, 105.80698112226804"
39751752,21/02/2025,Chỉ 3 tỷ mua đứt căn hộ 5* tại Ngã tư sở: Chiết khấu 10% - Quà tặng đến 385 triệu/ miễn 2 năm DV,Giá thỏa thuận,37 m²,N/A,N/A,N/A,"Thịnh Quang, Đống Đa","21.00389261846784, 105.81949579783792"
42066490,21/02/2025,"Bán căn hộ Hateco Laroma, 13 tỷ, 101m2, Láng Thượng, Đống Đa, Hà Nội",13 tỷ,101 m²,"128,71 tr/m²",N/A,N/A,"Láng Thượng, Đống Đa","21.020510683124826, 105.80724833284"
42111950,21/02/2025,"Bán CHCH tòa 170 Đê La Thành, DT 160m - 3PN2WC. Giá Hơn 8 tỷ",8 tỷ,160 m²,50 tr/m²,3,2,"Ô Chợ Dừa, Đống Đa","21.02112083205036, 105.82847091702133"
42194743,21/02/2025,"Em bán căn hộ cao cấp 36 Hoàng Cầu: 86m2, 2PN 2WC full nội thất. LH 0358 923 ***",10 tỷ,86 m²,"116,28 tr/m²",2,2,"Ô Chợ Dừa, Đống Đa","21.019665527762193, 105.82259110880791"
42226929,21/02/2025,"Bán TT tầng 1, Học Viện Ngân Hàng, Phạm Ngọc Thạch, TT Đống Đa, 61/98 x3PN/2WC, giá 6,38 tỷ","6,38 tỷ",98 m²,"65,1 tr/m²",3,2,"Quang Trung, Đống Đa","21.0075320175691, 105.827577632524"
42226373,21/02/2025,"Bán nhà tập thể view Hồ Đắc Di, Đống Đa, 98m2 đủ công năng, ô tô đỗ cửa, nhà đẹp, ở ngay, sổ đỏ sẵn","3,85 tỷ",98 m²,"39,29 tr/m²",3,N/A,"Phương Liên - Trung Tự, Đống Đa","21.0118278552588, 105.829514628566"
41325915,21/02/2025,"Giá tốt cần bán nhanh trong tháng Sky City 88 Láng Hạ bảng hàng mới nhất, giá rẻ nhất thị trường",Giá thỏa thuận,146 m²,N/A,3,2,"Láng Hạ, Đống Đa","21.01249122619629, 105.81131744384766"
41935437,21/02/2025,Thiện chí bán căn góc 3 ngủ tòa A rộng 139m2 ban công Đông Nam dự án Sky 88 Láng Hạ (căn duy nhất),Giá thỏa thuận,139 m²,N/A,3,2,"Láng Hạ, Đống Đa","21.01223088090359, 105.81088637294032"
42225617,21/02/2025,Mở bán - chung cư C2 Xã Đàn - Phạm Ngọc Thạch - Đống Đa. DT 35 - 55m2,800 triệu,38 m²,"21,05 tr/m²",1,1,"Phương Liên, Đống Đa","21.0115713280519, 105.836663346044"
41788447,21/02/2025,"Tập thể Vĩnh Hồ - Thái Thịnh - Đống Đa, Hà Nội. Lô góc 3 thoáng 3 ngủ chỉ 3,6 tỷ có TL","3,6 tỷ",85 m²,"42,35 tr/m²",3,2,"Láng Hạ, Đống Đa","21.0120994459886, 105.816659213922"
35004324,20/02/2025,Cần gấp - bán chung cư CT1 Phạm Ngọc Thạch - Xã Đàn - Đống Đa - full nội thất - Sổ hồng vĩnh viễn,852 triệu,58 m²,"14,69 tr/m²",2,1,"Quang Trung, Đống Đa","21.0086145, 105.834091"
37846931,20/02/2025,Chính chủ - bán chung cư giá rẻ N1 Học Viện Ngân Hàng - Chùa Bộc - Đống Đa - sổ đỏ vĩnh viễn,783 triệu,36 m²,"21,75 tr/m²",2,1,"Quang Trung, Đống Đa","21.0076731, 105.8279595"
41793537,20/02/2025,"Dòng tiền 300tr/năm, 2PN2WC, 63m2, mới tinh, view thành phố, đống đa, HTLS 50%, giá chỉ 5,3 tỷ","5,3 tỷ",63 m²,"84,13 tr/m²",2,2,"Thịnh Quang, Đống Đa","21.004391842744454, 105.81881998002902"
41659959,20/02/2025,"Bán chung cư Hong Kong Tower - 243A Đê La Thành, 107m2, 3 ngủ đủ đồ giá chỉ 9,5 tỷ LH: 0814 332 ***",Giá thỏa thuận,107 m²,N/A,3,2,"Láng Thượng, Đống Đa","21.027200698852539, 105.80382537841797"
42224486,20/02/2025,"Căn hộ tập thể Kim Liên - Lương Định Của - Phạm Ngọc Thạch 60m2 2 ngủ, giá cực hấp dẫn chỉ 2,25 tỷ","2,25 tỷ",60 m²,"37,5 tr/m²",2,1,"Kim Liên, Đống Đa","21.0050356907982, 105.835453358204"
41822585,20/02/2025,"Bán gấp căn hộ Hong Kong Tower - 243A Đê La Thành, 105m2, 3PN, đủ đồ, tầng cao, 9.5 tỉ. 0963 668 ***","9,5 tỷ",105 m²,"90,48 tr/m²",3,2,"Láng Thượng, Đống Đa","21.02796163907616, 105.80370925794566"
42198369,20/02/2025,"HOT: Bán căn hộ studio Lancaster - 45m2, full đẹp, giá 5.1 tỷ. LH: 0899 511 ***","5,1 tỷ",45 m²,"113,33 tr/m²",1,1,"Láng Thượng, Đống Đa","21.023524152677695, 105.80550074567373"
42217125,20/02/2025,"Bán TT 3PN, 3WC, DT 39/ 120 m2 sử dụng tại Trung Liệt, Đống Đa, Hà Nội, 4,75 tỷ","4,75 tỷ",39 m²,"121,8 tr/m²",3,3,"Trung Liệt, Đống Đa","21.0156219638184, 105.82066007902"
42223351,20/02/2025,NHƯỢNG LẠI SUẤT NGOẠI GIAO CĂN 2PN DỰ ÁN THE NINETY- 90 LÁNG. GIÁ RẺ HƠN THỊ TRƯỜNG 10%- KÝ TT CĐT,"3,6 tỷ",45 m²,80 tr/m²,N/A,N/A,"Thịnh Quang, Đống Đa","21.004454779897717, 105.81784067584063"
41943598,20/02/2025,"(Giá shock) Cầm 2,8 tỷ mua đứt căn Studio The Ninety Complex full nội thất. LH: 0977 535 ***","2,8 tỷ","33,5 m²","83,58 tr/m²",N/A,N/A,"Thịnh Quang, Đống Đa","21.0045087587887, 105.818889439004"
42176922,20/02/2025,"Chính chủ cần bán căn hộ chung cư 2 ngủ Phố Xã Đàn - Trung Phụng full nội thất, gần mặt đường","1,65 tỷ",50 m²,33 tr/m²,2,1,"Ô Chợ Dừa, Đống Đa","21.015915326599, 105.832565566539"
42222006,20/02/2025,"Bán gấp căn hộ Hong Kong Tower - 243A Đê La Thành, 126m2, 3PN, đủ đồ, tầng cao, 10.5 tỷ",Giá thỏa thuận,126 m²,N/A,N/A,N/A,"Láng Thượng, Đống Đa","21.027297426310522, 105.8038613247082"
40963789,20/02/2025,"Bán căn hộ cao cấp Green Diamond, 93 Láng Hạ, DT 143m2 3 ngủ căn góc. LH 0945 894 ***",Giá thỏa thuận,143 m²,N/A,3,2,"Láng Hạ, Đống Đa","21.016826629638672, 105.81522369384766"
39802066,20/02/2025,"Quỹ căn hộ cần bán gấp tòa HongKong Tower, 1PN,2PN,3PN - 44m2 - 126m2, LH xem nhà 24/7: 0982 040 ***","3,78 tỷ",44 m²,86 tr/m²,1,1,"Láng Thượng, Đống Đa","21.02720069885254, 105.80382537841797"
39452693,20/02/2025,"Cần bán lại gấp các căn giá rẻ hơn TT, bán để thu tiền về, CK lớn, DT từ 42m2 - 127m2 - 300m2",Giá thỏa thuận,107 m²,N/A,3,2,"Láng Thượng, Đống Đa","21.0272006988525, 105.803825378418"
42167535,20/02/2025,"Bán Tập Thể Thái Thịnh, Thái Hà, Đống Đa, 86m2 (39m2 sổ) 3 ngủ, 3 thoáng, 3.65 tỷ","3,65 tỷ",86 m²,"42,44 tr/m²",3,2,"Thịnh Quang, Đống Đa","21.0104516988231, 105.818440488844"
42220181,20/02/2025,"Chính chủ bán Tập thể phố Hoàng Cầu, quận Đống Đa - 120m - 3ng, 3wc","4,65 tỷ",120 m²,"38,75 tr/m²",3,3,"Trung Liệt, Đống Đa","21.0129908745083, 105.819936036434"
42220231,20/02/2025,"Chính chủ bán tập thể Thái Hà, Láng Hạ, quận Đống Đa, DT 120m2, giá 4.75 tỷ","4,75 tỷ",120 m²,"39,58 tr/m²",3,3,"Trung Liệt, Đống Đa","21.0125313816762, 105.819857838434"
41866151,20/02/2025,"Sở hữu căn hộ khách sạn 92m2, 7.27 tỷ thanh toán sớm tại Ngã Tư Sở, full nội thất, bàn giao T6/2025","7,27 tỷ",92 m²,"79,02 tr/m²",N/A,N/A,"Thịnh Quang, Đống Đa","21.0038417907585, 105.819219220855"
42220595,20/02/2025,"BÁN CC THE NINETY COMPLEX,CĂN STUDO, BÀN GIAO FULL NỘI THẤT ĐỒ ĐIỆN TỬ, CAM KẾT DÒNG TIỀN 20TR/TH",Giá thỏa thuận,"37,21 m²",N/A,N/A,N/A,"Thịnh Quang, Đống Đa","21.00400910799843, 105.81867167618849"
42220510,20/02/2025,Bán căn hộ M3 M4 Nguyễn Chí Thanh diện tích 170m2 gồm có 4PN - 2WC nhà đẹp. Liên hệ 0372 004 ***,"10,3 tỷ",180 m²,"57,22 tr/m²",4,2,"Láng Hạ, Đống Đa","21.02005993238678, 105.80882590499154"
39243841,20/02/2025,"Bán căn hộ chung cư Sông Hồng Park View - 165 Thái Hà, 120m2, 3PN, căn góc, đủ đồ. LH 0972 709 ***",Giá thỏa thuận,120 m²,N/A,3,2,"Láng Hạ, Đống Đa","21.014835357666016, 105.81726837158203"
42220289,20/02/2025,"Baán căn hộ 2PN, The Gloria số 8 Nguyên Hồng, Ful đồ cao cấp mới 100%. DT 57m2 giá 8.5 tỷ","8,5 tỷ",57 m²,"149,12 tr/m²",N/A,N/A,"Láng Hạ, Đống Đa","21.015362962940635, 105.80930370805679"
42220255,20/02/2025,"Bán căn hộ cao cấp The Gloria By Silk Path số 8 nguyên hồng, căn góc DT 64m2, giá 9.1 tỷ","9,1 tỷ",64 m²,"142,19 tr/m²",N/A,N/A,"Láng Hạ, Đống Đa","21.015586502853594, 105.8094585585558"
42219780,20/02/2025,Cần bán căn 2PN2VS giá tốt chỉ nhỉnh 80 tr/m2 đã có full nội thất ở Chung cư Sky City 88 Láng Hạ,Giá thỏa thuận,112 m²,N/A,2,2,"Láng Hạ, Đống Đa","21.012365228960373, 105.81109555648888"
40940177,20/02/2025,"Cần bán gấp chung cư Khương Thượng 35 - 52m2, giá chỉ 990tr căn full đồ, đã có sổ hồng vĩnh viễn","1,3 tỷ",35 m²,"37,14 tr/m²",1,1,"Khương Thượng, Đống Đa","21.0041530255669, 105.824932535716"
42219729,20/02/2025,"Căn hộ tầng 1 - Tap thể E7 ngõ 8 phương Mai, Đ. Đa HN","2,66 tỷ",48 m²,"55,42 tr/m²",2,1,"Kim Liên, Đống Đa","21.0045340419486, 105.835985744576"
42219254,20/02/2025,"Hiếm Bán căn góc 3 PN 100,1m2 chung cư The Terra Hào Nam full nội thất tầng đẹp liên hệ: 0822 238 ***","12,4 tỷ","100,1 m²","123,88 tr/m²",3,2,"Ô Chợ Dừa, Đống Đa","21.024267290491974, 105.82729786534999"
42088802,20/02/2025,Bán gấp căn hộ Phố Thái Thịnh - 3PN - 2.95 tỷ - nhà mới đẹp - full nội thất - ở luôn,"2,95 tỷ",70 m²,"42,14 tr/m²",3,1,"Thịnh Quang, Đống Đa","21.010444278579, 105.818436980286"
37172840,20/02/2025,Chính chủ tôi cần bán căn Penthouse tại dự án Lancaster đường Láng 500m2,Giá thỏa thuận,500 m²,N/A,N/A,N/A,"Láng Thượng, Đống Đa","21.0235824584961, 105.805229187012"
42218480,20/02/2025,"Bán quỹ căn hộ chung cư 83 Hào Nam ký trực tiếp chủ đầu tư giá tốt, full nội thất. LH 0971 821 ***",Giá thỏa thuận,76 m²,N/A,2,2,"Ô Chợ Dừa, Đống Đa","21.023206812762936, 105.82972351188334"
42094175,20/02/2025,Bán tập thể Phương Mai. Giá 2.76 tỷ. 2PN 1WC khép kín - căn góc cực kỳ thoáng sáng - full nội thất,"2,76 tỷ",55 m²,"50,18 tr/m²",2,1,"Phương Mai, Đống Đa","21.0033353268317, 105.838234765012"
42213618,20/02/2025,"Chỉ từ 2,8 tỷ đã có căn hộ 63,24m2 mặt đường Láng trung tâm Đống Đa sẵn khách thuê 25 triệu",Giá thỏa thuận,"63,24 m²",N/A,2,2,"Thịnh Quang, Đống Đa","21.0044700358871, 105.818984199268"
42217417,20/02/2025,"Bán căn hộ 2 phòng ngủ kề ngõ 107 Nguyễn Chí Thanh Đống Đa, căn góc giá 4.3 tỷ. Liên hệ: 0988 669 ***","4,3 tỷ","77,3 m²","55,63 tr/m²",2,2,"Láng Hạ, Đống Đa","21.0139650076415, 105.811069486997"
42185989,20/02/2025,"Cần bán nhanh căn 3N 2VS mặt đường Láng, Quận Đống Đa Hà Nội. LH: 0936 253 *** để được xem nhà","7,2 tỷ",92 m²,"78,26 tr/m²",3,2,"Thịnh Quang, Đống Đa","21.004025420293765, 105.81925250312759"
39767297,20/02/2025,Chỉ từ 69tr/m2 chính chủ căn hộ 5* tại Ngã tư sở/T6 bàn giao - Chiết khấu 10% + Quà đến 385 triệu,Giá thỏa thuận,62 m²,N/A,2,2,"Thịnh Quang, Đống Đa","21.0041027069092, 105.818695068359"
39854732,20/02/2025,Sở hữu căn 2N tại Đống Đa chỉ từ 3.6 tỷ/căn + Chiết khấu 10% + Miễn 2 năm phí DV + Quà tặng 215tr,Giá thỏa thuận,45 m²,N/A,2,1,"Thịnh Quang, Đống Đa","21.0041027069092, 105.818695068359"
42213590,20/02/2025,"Bán nhà tập thể 70m2 tầng 1 phố Thái Thịnh, Đống Đa","3,7 tỷ",70 m²,"52,86 tr/m²",2,2,"Trung Liệt, Đống Đa","21.0099727070431, 105.818831132168"
36637892,20/02/2025,"VIP - 180m2, căn góc 4 phòng ngủ tại chung cư Lancaster đường Láng. Sổ đỏ lâu dài, xem nhà 24/7",Giá thỏa thuận,180 m²,N/A,4,N/A,"Láng Thượng, Đống Đa","21.0235824584961, 105.805229187012"
42214103,20/02/2025,Bán tập thể Phương Mai. 2.9 tỷ. Tầng 3. DT sổ 29m2. Thực tế 70m2. 2PN 1WC. 2 mặt cực thoáng sáng,"2,9 tỷ",70 m²,"41,43 tr/m²",2,1,"Phương Mai, Đống Đa","21.0012594737025, 105.839509023968"
42042987,20/02/2025,"Bán căn hộ cao cấp Hateco Laroma 104 m2, 3 PN, căn góc, ban công Đ + B, nội thất đẹp, giá 12.5 tỷ","12,5 tỷ",104 m²,"120,19 tr/m²",3,N/A,"Láng Thượng, Đống Đa","21.020550166081968, 105.80723409216618"
42215120,20/02/2025,Em cần bán căn nhà tập thể siêu vip full nội thất xịn sò khách mua chỉ việc xách vali về ở,"3,85 tỷ",85 m²,"45,29 tr/m²",N/A,N/A,"Láng Hạ, Đống Đa","21.0153376952065, 105.812825888877"
41057284,20/02/2025,"Bán căn hộ toà nhà 88 Láng Hạ Sky City, 145 m2, căn góc 3 PN, 2 phụ, giá 80 triệu/m2","9,43 tỷ",145 m²,65 tr/m²,3,N/A,"Láng Hạ, Đống Đa","21.0124912261963, 105.811317443848"
42014675,20/02/2025,Bán căn hộ chung cư 165 Thái Hà diện tích 120m giá rẻ nhất quận Đống Đa liên hệ 0967 888 ***.,8 tỷ,120 m²,"66,67 tr/m²",3,2,"Láng Hạ, Đống Đa","21.01463904613119, 105.81700058861645"
35448284,20/02/2025,"Bán CH tại Hoàng Cầu Skyline - 36 Hoàng Cầu, 2 PN - 92m2 view hồ, giá từ 9, X tỷ, LH: 0931 318 ***",Giá thỏa thuận,92 m²,N/A,2,2,"Ô Chợ Dừa, Đống Đa","21.0164928436279, 105.822814941406"
39120873,20/02/2025,"BQL bán quỹ căn Duplex D. Le Pont Dor 380m2, 430m2 hoàn thiện và thô siêu vip - Liên hệ: 0931 318 ***",Giá thỏa thuận,430 m²,N/A,4,4,"Ô Chợ Dừa, Đống Đa","21.0194931030273, 105.822341918945"
42112034,20/02/2025,"Bán CHCC 115m2 - 3PN phố Nguyễn Chí Thanh - Đống Đa, căn góc, giá hơn 7 tỷ","7,35 tỷ",115 m²,"63,91 tr/m²",3,2,"Láng Hạ, Đống Đa","21.019726066496514, 105.80955076817784"
42111872,20/02/2025,"Bán CH 133m2 * 3PN tòa M5 Nguyễn Chí Thanh, view hồ Thành Công","7,8 tỷ",133 m²,"58,65 tr/m²",3,2,"Láng Hạ, Đống Đa","21.02035702659661, 105.80909447375075"
42213519,20/02/2025,Em cần bán căn nhà tập thể phố Hoàng Ngọc Phách nhà đẹp full nội thất,"3,84 tỷ",75 m²,"51,2 tr/m²",N/A,N/A,"Láng Hạ, Đống Đa","21.0160150257672, 105.811901102317"
41463270,20/02/2025,"Cực hiếm - Hồ Đắc Di: Căn hộ TT 160m2 x 2 tầng, sân vườn đẹp như penthouse - giá chỉ nhỉnh 4 tỷ","4,2 tỷ",150 m²,28 tr/m²,3,2,"Nam Đồng, Đống Đa","21.0122610441936, 105.8289603968"
42197735,20/02/2025,Chỉ 7 tỷ 2 Ký ngay căn hộ 3N The NineTy ngay ngã tư sở - bàn giao cao cấp - trực tiếp chủ đầu tư,"7,2 tỷ","92,14 m²","78,14 tr/m²",3,2,"Thịnh Quang, Đống Đa","21.00407202320282, 105.81905146828599"
42203705,19/02/2025,"Bán căn hộ tập thể Phương Mai 65m, 2 mặt thoáng - 2 ngủ giá 2.9 tỷ","2,9 tỷ",65 m²,"44,62 tr/m²",2,2,"Kim Liên, Đống Đa","21.0058985131584, 105.835589760131"
42213883,19/02/2025,"Căn hộ cao cấp 3 ngủ căn góc toà nhà 165 Thái Hà, vị trí trung tâm, tiện ích không thiếu thứ gì cả",Giá thỏa thuận,120 m²,N/A,3,2,"Láng Hạ, Đống Đa","21.01507832119773, 105.81732298862323"
42170305,19/02/2025,"Tôi chính chủ cần bán CH 3PN 127m2, tại Dự án Hong Kong Tower 243 Đê La Thành giá 10,5 tỷ, full đồ","10,5 tỷ",127 m²,"82,68 tr/m²",3,2,"Láng Thượng, Đống Đa","21.027257698711864, 105.80367531667284"
37128135,19/02/2025,"Căn góc 3 ngủ vip duy nhất sở hữu 3 ban công view trọn 2 hồ Hoàng Cầu, hồ Thành Công giá siêu tốt",Giá thỏa thuận,137 m²,N/A,3,2,"Láng Hạ, Đống Đa","21.0168266296387, 105.815223693848"
42149146,19/02/2025,"Bán CC mini 2PN 1WC, 44m2, 1,85 tỷ tại Tây Sơn, Đống Đa, Hà Nội","1,85 tỷ",44 m²,"42,04 tr/m²",2,1,"Trung Liệt, Đống Đa","21.0088197265597, 105.82370216022"
42212976,19/02/2025,"Bán căn góc 3PN lớn nhất dự án Hateco Laroma, DT 137m2, tầng ngoại giao, view siêu đẹp 0947 396 ***",Giá thỏa thuận,137 m²,N/A,3,2,"Láng Thượng, Đống Đa","21.020212694379843, 105.80762473978969"
42212926,19/02/2025,"Bán căn góc 3PN 105m2 tầng trung, view thoáng, full NT đẹp như hình, giá thật không ảo không mất TG","13,2 tỷ",105 m²,"125,71 tr/m²",3,2,"Láng Thượng, Đống Đa","21.020649134293233, 105.80703630628331"
41537283,19/02/2025,Căn hộ tầng trung 103m2 3N2Wc ban công hướng ĐN nội thất full ở HongKong Tower giá 9 tỉ,9 tỷ,103 m²,"87,38 tr/m²",3,2,"Láng Thượng, Đống Đa","21.02720069885254, 105.80382537841797"
38976450,19/02/2025,"Chính chủ - bán chung cư T1 Hoàng Cầu - Yên Lãng - Đống Đa - nội thất đầy đủ, sổ hồng vĩnh viễn",1 tỷ,58 m²,"17,24 tr/m²",2,2,"Ô Chợ Dừa, Đống Đa","21.0164248526131, 105.822678153445"
40374523,19/02/2025,"Bán chung cư Hong Kong Tower-Đống Đa-lô góc- 2 thoáng-DT 74,5m2-2ngủ-2wc-Giá 6,5tỷ.LH 0981 585 ***",6 tỷ,"74,5 m²","80,54 tr/m²",2,2,"Láng Thượng, Đống Đa","21.0272006988525, 105.803825378418"
42210108,19/02/2025,Khu vực Phương Mai - Đống Đa. Căn hộ tập thể sửa lại mới toanh. Đang đợi chủ mới dọn về,"2,75 tỷ",21 m²,"130,95 tr/m²",2,1,"Phương Liên, Đống Đa","21.0021387402629, 105.835668025571"
42209993,19/02/2025,Suất ngoại giao giá rẻ căn góc siêu vip 84m2 (hướng nam) chung cư Gloria Nguyên Hồng,Giá thỏa thuận,84 m²,N/A,3,2,"Láng Hạ, Đống Đa","21.015722759237647, 105.80843196948932"
42211493,19/02/2025,"Chính chủ cần bán lại căn Studio 1N - 1WC, tòa 93 Láng Hạ, Tầng trung mát mẻ, full đồ đẹp, Sổ đỏ sẵ","5,6 tỷ",47 m²,"119,15 tr/m²",1,1,"Láng Hạ, Đống Đa","21.01625344628087, 105.81512359907836"
42210639,19/02/2025,Bán căn hộ tập thể thành công. Phố Hoàng Ngọc Phách. 70m2. 3 ngủ 2 wc. Nhỉnh 3 tỷ,"3,8 tỷ",70 m²,"54,29 tr/m²",3,2,"Láng Thượng, Đống Đa","21.0158766854798, 105.812372321228"
42210467,19/02/2025,Suất ngoại giao giá tốt căn hoa hậu 2PN tầng trung Hateco Laroma,Giá thỏa thuận,94 m²,N/A,2,2,"Láng Thượng, Đống Đa","21.020411225730488, 105.80725603284382"
42104131,19/02/2025,"căn hộ toà Mipec 299 Tây Sơn. căn góc dt 144m 3pn 2wc. tầng trung full nội thất. giá bán 10,3 tỷ","10,3 tỷ",144 m²,"71,53 tr/m²",3,2,"Trung Liệt, Đống Đa","21.00637571869336, 105.82392916900852"
42091988,19/02/2025,Cần bán gấp! Chỉ 2.3 tỷ. Căn hộ tập thể Phố Thái Thịnh - 2PN - 1WC thoáng sáng - DT 54m2 - nhà đẹp,"2,3 tỷ",54 m²,"42,59 tr/m²",2,1,"Thịnh Quang, Đống Đa","21.0106365369269, 105.818405378079"
41794429,19/02/2025,"Chung cư 1PN, 37m2, dòng tiền cho thuê 200tr/năm, giá chỉ 3,2 tỷ","3,2 tỷ",37 m²,"86,49 tr/m²",1,1,"Thịnh Quang, Đống Đa","21.0044114765458, 105.818900488232"
41815655,19/02/2025,"Vip! Bán CC 3PN 92m2, full nội thất, Đống Đa, giá siêu hời chỉ với 7,4 tỷ","7,4 tỷ",92 m²,"80,44 tr/m²",3,2,"Thịnh Quang, Đống Đa","21.00425867632126, 105.8182481053683"
42002475,19/02/2025,"Cần bán căn hộ 2 ngủ tại Vinhomes Nguyễn Chí Thanh, 86m2, giá 9 tỷ để lại nội thất. Lh 0975 034 ***",9 tỷ,86 m²,"104,65 tr/m²",2,N/A,"Láng Thượng, Đống Đa","21.02393204820035, 105.80931433523332"
31246336,19/02/2025,"Bán căn hộ cao cấp Hong Kong Tower, 243A Đê La Thành, 127m2, 3 ngủ đủ đồ. LH 0945 894 ***",Giá thỏa thuận,127 m²,N/A,3,3,"Láng Thượng, Đống Đa","21.0272006988525, 105.803825378418"
41761953,19/02/2025,"Dòng tiền 300tr/năm, 2PN2WC, 63m2, mới tinh, view thành phố, đống đa, HTLS 50%, giá chỉ 5,3 tỷ","5,3 tỷ",63 m²,"84,13 tr/m²",2,2,"Thịnh Quang, Đống Đa","21.00419443055402, 105.81866604074068"
41799897,19/02/2025,"Căn hộ 2PN 2WC, 63m2, mới tinh, view thành phố, Đống Đa, HTLS 50%, giá chỉ 4,5 tỷ","4,5 tỷ",63 m²,"71,43 tr/m²",2,2,"Thịnh Quang, Đống Đa","21.004291838558824, 105.81870882764134"
41815567,19/02/2025,"Bán căn 1PN, 37m2, view thành phố, tặng full nội thất cao cấp, giá chỉ 3,2 tỷ","3,2 tỷ",37 m²,"86,49 tr/m²",1,1,"Thịnh Quang, Đống Đa","21.00460905664688, 105.81879845214135"
41815666,19/02/2025,"VIP! Bán CC 3PN 92m2, full nội thất, Đống Đa, giá siêu hời chỉ với 7,4 tỷ","7,4 tỷ",92 m²,"80,44 tr/m²",3,2,"Thịnh Quang, Đống Đa","21.00452433684886, 105.81905699617322"
41815658,19/02/2025,"VIP! Bán CC 3PN 92m2, full nội thất, Đống Đa, giá siêu hời chỉ với 7,4 tỷ","7,4 tỷ",92 m²,"80,44 tr/m²",3,2,"Thịnh Quang, Đống Đa","21.004090150198426, 105.81897028961126"
41815668,19/02/2025,"VIP! Bán CC 3PN 92m2, full nội thất, Đống Đa, giá siêu hời chỉ với 7,4 tỷ","7,4 tỷ",92 m²,"80,44 tr/m²",3,2,"Thịnh Quang, Đống Đa","21.003704097355843, 105.81839100815077"
41815672,19/02/2025,"VIP! Bán CC 3PN 92m2, full nội thất, Đống Đa, giá siêu hời chỉ với 7,4 tỷ","7,4 tỷ",92 m²,"80,44 tr/m²",3,2,"Thịnh Quang, Đống Đa","21.0040845239432, 105.8192094724562"
41815684,19/02/2025,"Bán gấp CC 1PN, 37m2, 3,2 tỷ tại đường Láng, Đống Đa, Hà Nội siêu hot","3,2 tỷ",37 m²,"86,49 tr/m²",1,1,"Thịnh Quang, Đống Đa","21.004558591211072, 105.81900724329182"
42073361,19/02/2025,"Bán gấp căn hộ cao cấp Vinhomes Nguyễn Chí Thanh, 2 ngủ 86m2 full nội thất giá 8 tỷ LH 0814 332 ***",8 tỷ,86 m²,"93,02 tr/m²",2,2,"Láng Hạ, Đống Đa","21.023017353539807, 105.80914961421821"
42209262,19/02/2025,"Cam kết ảnh thật giá chuẩn chính chủ, bán gấp căn hộ cao cấp tòa Hong Kong Tower, sổ đỏ sẵn",Giá thỏa thuận,107 m²,N/A,3,2,"Láng Thượng, Đống Đa","21.02707888013844, 105.80402846461311"
42074813,19/02/2025,"Nhà đẹp đón Tết! Bán tập thể lô góc Nguyễn Ngọc Doãn - Đặng Văn Ngữ, Đống Đa, 3 ngủ","3,95 tỷ",150 m²,"26,33 tr/m²",3,2,"Quang Trung, Đống Đa","21.0090288116571, 105.831017629977"
42209425,19/02/2025,"Chính chủ bán tầng 6, chung cư CT2A dự án Tái định cư A Hoàng Cầu.",33 triệu,60 m²,550 nghìn/m²,2,1,"Ô Chợ Dừa, Đống Đa","21.0188772697009, 105.822142723557"
42209158,19/02/2025,"Nhà tập thể phố Văn Chương, Đống Đa 2 ngủ, 2.58 tỷ. Nhà đẹp, gần hồ, không mua ngay thì quá tiếc","2,58 tỷ",27 m²,"95,56 tr/m²",2,N/A,"Văn Chương, Đống Đa","21.023254691751, 105.836073322677"
42209019,19/02/2025,"Chính chủ bán TT B1 Văn Chương - Khâm Thiên, Đống Đa, vị trí rất đẹp, có sân chơi, ô tô đỗ chân toà","1,9 tỷ",13 m²,"146,15 tr/m²",1,1,"Văn Chương, Đống Đa","21.0236042893009, 105.836355042793"
42084950,19/02/2025,Bán căn hộ 3PN 2WC - Mặt phố Nguyễn Lương Bằng - Căn góc - Thoáng trước sau - Nhà đẹp full nội thất,Giá thỏa thuận,70 m²,N/A,3,2,"Nam Đồng, Đống Đa","21.014120031953137, 105.82740000872856"
42208342,19/02/2025,"Chính chủ bán căn hộ 3PN Hong Kong Tower 107m2 Đống Đa tầng trung view thoáng, sẵn sổ",10 tỷ,107 m²,"93,46 tr/m²",3,2,"Láng Thượng, Đống Đa","21.026741231963832, 105.80342471791663"
42170692,19/02/2025,"Bán tập thể Tôn Đức Thắng, Đống Đa, T1, 60m2 (sổ 55m2), ô tô đỗ cửa, 2 ngủ, 3.8 tỷ","3,8 tỷ",60 m²,"63,33 tr/m²",2,N/A,"Hàng Bột, Đống Đa","21.0267138936128, 105.83384979207"
42195474,19/02/2025,"Bán căn hộ chung cư hàng hiếm tại Lancaster Luminaire, Láng, Đống Đa, Hà Nội, giá thỏa thuận, 92m2",Giá thỏa thuận,92 m²,N/A,3,2,"Láng Thượng, Đống Đa","21.023599261240996, 105.80489346998878"
42207398,19/02/2025,Bán penthouse duplex chung Cư 36 Hoàng Cầu: 450m2 giá rẻ. Xem trực tiếp từng căn: 0942 033 ***,Giá thỏa thuận,450 m²,N/A,N/A,N/A,"Ô Chợ Dừa, Đống Đa","21.019707962759156, 105.8223974008893"
41742224,19/02/2025,Gia đình em cần bán nhanh căn hộ 2PN tại Green Diamond 93 Láng Hạ giá 7 tỷ full nội thất,7 tỷ,78 m²,"89,74 tr/m²",2,2,"Láng Hạ, Đống Đa","21.016826629638672, 105.81522369384766"
42002467,19/02/2025,"Chính chủ cần bán căn hộ tại CT3 Hoàng Cầu DT 68m, 2 ngủ, căn góc view hồ Hoàng Cầu",Giá thỏa thuận,73 m²,N/A,2,1,"Ô Chợ Dừa, Đống Đa","21.0195727623198, 105.82142675715"
40987415,19/02/2025,"Nhỉnh 900tr sở hữu _Căn hộ mini Đống Đa - Xã Đàn full đồ cao cấp, ngõ ô tô - 0983 169 ***","1,2 tỷ",35 m²,"34,29 tr/m²",1,1,"Ô Chợ Dừa, Đống Đa","21.0160139176294, 105.832602825262"
42206478,19/02/2025,"Chỉ 4 tỷ có ngay căn CC cao cấp 2 ngủ ngay trung tâm Đống Đa full nội thất, vào ở ngay",4 tỷ,50 m²,80 tr/m²,2,N/A,"Thịnh Quang, Đống Đa","21.00367136628444, 105.8192348595793"
42206606,19/02/2025,"Bán căn hộ Hong Kong Tower, Đường Đê La Thành, Phường Láng Thượng, Đống Đa chỉ 6.8 ty","6,8 tỷ",75 m²,"90,67 tr/m²",2,2,"Láng Thượng, Đống Đa","21.02753910621156, 105.80327461944913"
42204947,19/02/2025,"Bán CC view đẹp 3PN, 2WC, 110m2, 7,5 tỷ ở Vườn Xuân, Đống Đa, Hà Nội","7,5 tỷ",110 m²,"68,18 tr/m²",3,2,"Láng Hạ, Đống Đa","21.015405048383634, 105.81223636051239"
42206214,19/02/2025,"Xem nhà 24/7. Bán căn hộ 2 ngủ đủ đồ 70m2 tại Lancaster Luminaire giá chỉ 5,7 tỷ. 0917 748 ***","5,7 tỷ",70 m²,"81,43 tr/m²",2,2,"Láng Thượng, Đống Đa","21.02335194261984, 105.80537180163567"
41356067,19/02/2025,(Giá thật) chính chủ bán căn 142m2 3PN + 2WC tầng trung full NT giá 15 tỷ CC Green Diamond,15 tỷ,142 m²,"105,63 tr/m²",3,2,"Láng Hạ, Đống Đa","21.016826629638672, 105.81522369384766"
42093776,19/02/2025,Chỉ 2.75 tỷ. Căn hộ mặt phố Lương Đình Của - Đống Đa. 2PN 1WC - cực thoáng sáng. 55m2,"2,75 tỷ",55 m²,50 tr/m²,2,1,"Kim Liên, Đống Đa","21.005317217672, 105.835327375413"
39182801,19/02/2025,"Bán căn hộ Penthouse Duplex 350m2 toà 97 - 99 Láng Hạ, full nội thất giá rẻ cần tiền",22 tỷ,350 m²,"62,86 tr/m²",5,3,"Láng Hạ, Đống Đa","21.01439057462306, 105.81382598510416"
42118054,19/02/2025,Bán tập thể Vĩnh Hồ - DT sổ 39m2 - Thực tế 86m2 3PN riêng - 2WC khép kín - Lô góc 3 thoáng,"3,65 tỷ",86 m²,"42,44 tr/m²",3,2,"Thịnh Quang, Đống Đa","21.0069383700658, 105.820425722507"
42205649,19/02/2025,"Bán nhà tập thể (Tầng 4) ngõ 5 Hoàng Ngọc Phách, diện tích 36/70m, 3 ngủ, 2WC, giá 3,85 tỷ","3,85 tỷ",70 m²,55 tr/m²,3,2,"Láng Hạ, Đống Đa","21.0156401828737, 105.812436133729"
42118835,19/02/2025,Hiếm! Chỉ 2.35 tỷ. Tập thể Phố Trường Chinh - DT sổ 26m2 - DT thực 60m2 - 2 ngủ 1wc full nội thất,"2,35 tỷ",60 m²,"39,17 tr/m²",2,1,"Phương Mai, Đống Đa","20.9984912232862, 105.837692969768"
41342329,19/02/2025,"Bán căn hộ 127m tại CC Hong Kong Tower - Đường Đê La Thành, Phường Láng Thượng, Đống Đa, Hà Nội","8,32 tỷ",104 m²,80 tr/m²,3,2,"Láng Thượng, Đống Đa","21.0272006988525, 105.803825378418"
42203547,19/02/2025,"Tập thể Hào Nam ô tô tránh, nhà đẹp ở ngay, tặng nội thất, giá: 3.85 tỷ TL","3,85 tỷ",70 m²,55 tr/m²,3,N/A,"Cát Linh, Đống Đa","21.0259931562071, 105.825677609081"
40852828,19/02/2025,"Bán gấp! Căn chung cư Green Diamond 93 Láng Hạ, 52m2, 1PN, 1WC, tầng trung cao, giá 5.3 tỷ","5,3 tỷ",52 m²,"101,92 tr/m²",2,2,"Láng Hạ, Đống Đa","21.0168266296387, 105.815223693848"
42088205,19/02/2025,"Bán căn hộ vip Phố Chùa Láng, 2 ngủ, hàng xóm các Trường DH lớn, giá : 2.55 tỷ TL","2,55 tỷ",35 m²,"72,86 tr/m²",2,N/A,"Láng Thượng, Đống Đa","21.023330601494, 105.806713071594"
40505003,19/02/2025,"Bán căn hộ Hateco Laroma - DT - 136,8m2 căn góc đẹp nhất dự án - tell 0904 717 ***",Giá thỏa thuận,"136,8 m²",N/A,3,2,"Láng Thượng, Đống Đa","21.020416259765625, 105.80724334716797"
42202569,19/02/2025,"Bán nhà tập thể Vĩnh Hồ, tầng 1, đã cải tạo đẹp, ở ngay","3,3 tỷ",55 m²,60 tr/m²,2,2,"Thịnh Quang, Đống Đa","21.0066095669023, 105.820604296213"
42112776,19/02/2025,"Bán căn hộ chung cư Hòa Phát 257 Giải Phóng, Đống Đa căn 109m2, 3PN 2VS nhà đẹp full nội thất sẵn ở","8,15 tỷ",109 m²,"74,77 tr/m²",3,2,"Phương Mai, Đống Đa","20.999202882542853, 105.84168849732936"
42204074,19/02/2025,"Bán căn hộ chung cư tại D. Le Pont Dor - Hoàng Cầu, 10,5 tỷ, 86 m2, hàng hiếm","10,5 tỷ",86 m²,"122,09 tr/m²",2,2,"Ô Chợ Dừa, Đống Đa","21.01929419318312, 105.8220312233509"
42204021,19/02/2025,"Chung cư Hateco Laroma 4A Huỳnh Thúc Kháng, Đống Đa, 138m2, 3PN, 2WC, 3BC, giá bán 18.5 tỷ","18,5 tỷ",138 m²,"134,06 tr/m²",3,2,"Láng Thượng, Đống Đa","21.02042430906511, 105.80726927808107"
42203359,18/02/2025,CHUNG CƯ MINI PHỐ TÔN THẤT TÙNG QUẬN ĐỐNG ĐA 85M CHÀO GIÁ 25 TỶ DÒNG TIỀN 160TR/ THÁNG.,25 tỷ,86 m²,"290,7 tr/m²",23,23,"Khương Thượng, Đống Đa","21.0021749200596, 105.830148566079"
38989934,18/02/2025,Bán gấp - bán chung cư T5 Hoàng Cầu - Thái Hà - Đống Đa - nội thất đầy đủ - sổ hồng vĩnh viễn,800 triệu,39 m²,"20,51 tr/m²",2,2,"Ô Chợ Dừa, Đống Đa","21.0164891, 105.8227091"
42202015,18/02/2025,Cực hiếm! Chỉ 2.58 tỷ. Tập thể Văn Chương - tầng 2 - 52m2 - 2PN - ô tô đỗ cầu thang - 2 mặt thoáng,"2,58 tỷ",52 m²,"49,62 tr/m²",2,1,"Văn Chương, Đống Đa","21.0209807233648, 105.835656513336"
41996883,18/02/2025,"Bán tập thể Kim Liên 24/60m 2,67 tỷ 2PN riêng biệt đẹp tiện ích ngõ thông tứ tung ở luôn","2,67 tỷ",24 m²,"111,25 tr/m²",2,1,"Kim Liên, Đống Đa","21.0066786845446, 105.83547300852"
42200740,18/02/2025,Chính chủ - Bán chung cư C2 Ô Chợ Dừa - Xã Đàn - Đống Đa - Full đồ,800 triệu,38 m²,"21,05 tr/m²",1,1,"Phương Liên, Đống Đa","21.0118082649492, 105.836838197633"
42201769,18/02/2025,Bán căn hộ HONGKONG Tower - Đống Đa 126m2 3PN 2VS 11 tỷ full nội thất,11 tỷ,126 m²,"87,3 tr/m²",3,2,"Láng Thượng, Đống Đa","21.027587586987213, 105.80430991382582"
42201489,18/02/2025,"Bán chung cư mini ngõ 360 Xã Đàn - Full Đồ_ Ở Ngay, Chuẩn PCCC",Giá thỏa thuận,50 m²,N/A,2,1,"Phương Liên, Đống Đa","21.0116519647948, 105.836856979832"
41143389,18/02/2025,"Cần bán căn hộ 2 ngủ tại Vinhomes Nguyễn Chí Thanh, 90m2, giá 9 tỷ để lại nội thất. lh 0942 033 ***",Giá thỏa thuận,90 m²,N/A,2,2,"Láng Thượng, Đống Đa","21.0234508514404, 105.809288024902"
41225465,18/02/2025,"Chính chủ bán căn TT ngõ 360 Xã Đàn, phòng 412 A, 2 phòng ngủ, nội thất hiện đại, giá chỉ 2.68 tỷ","2,68 tỷ",50 m²,"53,6 tr/m²",2,1,"Khâm Thiên, Đống Đa","21.0185232730361, 105.838214152914"
42200793,18/02/2025,Bán chung cư Sky City 88 Láng Hạ 101m2 giá 85tr/m2 0382 276 ***,"8,59 tỷ",101 m²,85 tr/m²,2,2,"Láng Hạ, Đống Đa","21.012381152520963, 105.81164574765214"
42200900,18/02/2025,"Bán căn 2PN 75m2 & căn góc 3PN 115m2 Lancaster đường Láng full nội thất ở, cho thuê tốt có slot ôtô","12,8 tỷ",115 m²,"111,3 tr/m²",3,3,"Láng Thượng, Đống Đa","21.0232731436771, 105.80532935306839"
42192855,18/02/2025,Mở bán - chung cư A1 Xã Đàn - Phạm Ngọc Thạch - Đống Đa - Full nội thất,800 triệu,36 m²,"22,22 tr/m²",2,1,"Phương Liên, Đống Đa","21.0116520704093, 105.836843447445"
41884252,18/02/2025,"Mở bán chung cư mini Hào Nam - Đống Đa, full đồ ở ngay, ô tô đỗ gần",Giá thỏa thuận,50 m²,N/A,2,1,"Cát Linh, Đống Đa","21.0273388495398, 105.828143642635"
42197178,18/02/2025,Bán tập thể phố Đoàn Thị Điểm - 2.65 tỷ - 40m2 - 2PN - WC khép kín,"2,65 tỷ",40 m²,"66,25 tr/m²",2,1,"Văn Miếu - Quốc Tử Giám, Đống Đa","21.0267882277811, 105.832193828455"
42038349,18/02/2025,Cực hiếm! Bán căn hộ tập thể Viện Năng Lượng - Tôn Thất Tùng - 100m2 - 3PN - 2WC giá 3.8 tỷ,"3,8 tỷ",100 m²,38 tr/m²,3,2,"Khương Thượng, Đống Đa","21.0020689407247, 105.829459836878"
41841876,18/02/2025,"Chính chủ bán căn 2PN chung cư 93 Láng Hạ giá rẻ nhất thị trường - Sổ đỏ trao tay, LH 0904 859 ***",Giá thỏa thuận,71 m²,N/A,2,2,"Láng Hạ, Đống Đa","21.016827, 105.81522"
39912927,18/02/2025,"Chính chủ bán gấp Căn hộ mini phố Tôn Đức Thắng - Đống Đa 35 -50m2, full đồ - 0983 169 ***","1,65 tỷ",50 m²,33 tr/m²,2,1,"Hàng Bột, Đống Đa","21.0267424, 105.8338142"
41669494,18/02/2025,"Giá rẻ nhất quận Đống Đa, bán gấp căn hộ chung cư M3 - M4 Nguyễn Chí Thanh, 4 ngủ, full nội thất","8,5 tỷ",151 m²,"56,29 tr/m²",4,2,"Láng Hạ, Đống Đa","21.0202007293701, 105.808876037598"
42199687,18/02/2025,"Bán căn hộ chung cư Tây Sơn Đống Đa Hà Nôi 65m2 , thiết kế 2 ngủ , 1 vệ sinh . Lh : 0971 405 ***","4,95 tỷ",65 m²,"76,15 tr/m²",2,1,"Quang Trung, Đống Đa","21.0097149177969, 105.824670998413"
42199677,18/02/2025,Chính chủ cần bán nhanh CHCC 4 ngủ tòa 101 láng hạ Đống Đa HN ( 0869 688 *** ),10 tỷ,146 m²,"68,49 tr/m²",4,2,"Láng Hạ, Đống Đa","21.013714822397176, 105.81308367248832"
42199833,18/02/2025,Chính chủ bán CH dự án Lancaster diện tích 50m2 thiết kế 1 ngủ giá 5 tỷ bao phí sang tên,"4,5 tỷ",50 m²,90 tr/m²,1,1,"Láng Thượng, Đống Đa","21.023645033761778, 105.80521631750705"
38833940,18/02/2025,Chuyên hàng chuyển nhượng D'. Le Pont Dor Tân Hoàng Minh LH để nhận bảng hàng chi tiết 0904 859 ***,9 tỷ,93 m²,"96,77 tr/m²",2,2,"Ô Chợ Dừa, Đống Đa","21.019536800967682, 105.8221798840797"
40603673,18/02/2025,"Chuyên quỹ căn chuyển nhượng 1-2-3 PN, Duplex chung cư 93 Láng Hạ - Sổ đỏ trao tay, LH 0904 859 ***",Giá thỏa thuận,71 m²,N/A,2,2,"Láng Hạ, Đống Đa","21.016827, 105.81522"
42199417,18/02/2025,"Bán căn hộ chung cư 125 m2, 3 PN, tòa 165 Thái Hà, Đống Đa, 0904 760 ***","8,3 tỷ",125 m²,"66,4 tr/m²",3,2,"Láng Hạ, Đống Đa","21.014835081744497, 105.81727120219071"
42113061,18/02/2025,Bán Căn hộ Mipec Tower- 299 Tây Sơn 3 phòng ngủ. LH: 0988 669 ***,10 tỷ,140 m²,"71,43 tr/m²",3,2,"Trung Liệt, Đống Đa","21.00639074264781, 105.82309483871418"
41557398,18/02/2025,Bán căn hộ 71 Nguyễn Chí Thanh - 108.5m2 3PN 2 WC giá 7 tỷ có thương lượng,7 tỷ,"108,5 m²","64,52 tr/m²",3,2,"Láng Hạ, Đống Đa","21.0153713226318, 105.812881469727"
41943178,18/02/2025,Cần bán căn hộ 3PN 158m2 Lancaster Luminaire Đường Láng. Ban công Đông Nam view Lotte Hà Nội,"18,6 tỷ",158 m²,"117,72 tr/m²",3,2,"Láng Thượng, Đống Đa","21.022900522734396, 105.80556281233017"
42003985,18/02/2025,"Chính chủ cần bán căn hộ Hoàng Cầu Skyline DT 92m2, 2 ngủ full đồ view hồ",Giá thỏa thuận,92 m²,N/A,2,2,"Ô Chợ Dừa, Đống Đa","21.016594258160517, 105.82261223575534"
42164274,18/02/2025,"Hiếm! Chỉ 2 tỷ, căn studio tầng 3 phố Tôn Đức Thắng - Full nội thất. Bán gấp trong tháng 2/2025",2 tỷ,48 m²,"41,67 tr/m²",2,1,"Hàng Bột, Đống Đa","21.0269162944597, 105.8334150331"
42186536,18/02/2025,"TT Khâm Thiên - tầng 2 - lô góc - 2,28 tỷ","2,28 tỷ",50 m²,"45,6 tr/m²",2,2,"Khâm Thiên, Đống Đa","21.018396482653, 105.838154403266"
42196974,18/02/2025,"Chính chủ bán căn hộ 165 Thái Hà, căn góc 3 thoáng, tầng trung, 3PN, slot ô tô, 122m2","8,55 tỷ",122 m²,"70,08 tr/m²",3,2,"Láng Hạ, Đống Đa","21.015012925925827, 105.81720953073555"
42195217,18/02/2025,"Chính chủ bán nhà tập thể Trường Chinh, Giải Phóng, Đống Đa, 2 ngủ, 2wc, 2 thoáng, ô tô đỗ cửa","2,29 tỷ",50 m²,"45,8 tr/m²",2,2,"Thịnh Quang, Đống Đa","21.0000764444879, 105.831090210836"
42194856,18/02/2025,"Bán CC tại 187 Tây Sơn, 4,95 tỷ, 67m2, 2PN, 1WC, pháp lý đầy đủ","4,95 tỷ",67 m²,"73,88 tr/m²",2,1,"Quang Trung, Đống Đa","21.013495621063583, 105.82699561018315"
42195355,18/02/2025,"Bán căn hộ 4PN, 146m2 tại 101 Láng Hạ, 10 tỷ VND, Đống Đa, Hà Nội chỉ với HOT",10 tỷ,146 m²,"68,49 tr/m²",4,2,"Láng Hạ, Đống Đa","21.013183980582237, 105.81323245327744"
41658608,18/02/2025,Bán căn hộ 165 Thái Hà 127m2 3PN 2WC nhà đẹp 8 tỷ nhỉnh liên hệ 0984 847 ***,"8,3 tỷ",127 m²,"65,35 tr/m²",3,2,"Láng Hạ, Đống Đa","21.014835357666016, 105.81726837158203"
41725008,18/02/2025,"Bán căn hộ GP Invest 170 Đê La Thành, DT 150m2 có 3PN - 2WC giá 8 tỷ TL",8 tỷ,150 m²,"53,33 tr/m²",3,2,"Ô Chợ Dừa, Đống Đa","21.021224975585938, 105.82806396484375"
42194657,18/02/2025,"Bán CC Sông Hồng Park View, 8,35 tỷ, 125m2, 3PN, 2WC ở Đống Đa, HN","8,35 tỷ",125 m²,"66,8 tr/m²",3,2,"Láng Hạ, Đống Đa","21.01464370655745, 105.8166440902211"
42112041,18/02/2025,Cực hiếm! Chỉ 2.75 tỷ - Căn hộ 2PN 1WC - DT sổ 42m2 - Thực tế 65m2 - Tập thể sát phố Trường Chinh,"2,75 tỷ",65 m²,"42,31 tr/m²",2,1,"Phương Mai, Đống Đa","20.9984750749111, 105.837828787643"
33654205,18/02/2025,Độc quyền bán 10 căn chung cư Lancaster Luminaire 170m2-146-120-92-45m2 sổ lâu dài! Xem nhà 24/7,10 tỷ,92 m²,"108,7 tr/m²",2,2,"Láng Thượng, Đống Đa","21.0235824584961, 105.805229187012"
42193907,18/02/2025,"Bán căn hộ 27 Huỳnh Thúc Kháng, 110 m2, 3 PN, 2 phụ, căn góc, nội thất đẹp, giá 7,5 tỷ","7,5 tỷ",110 m²,"68,18 tr/m²",3,N/A,"Láng Hạ, Đống Đa","21.01765890209973, 105.81162954470213"
42194207,18/02/2025,Tổng hợp quỹ căn dự án Hateco Laroma mua bán chuyển nhượng và ký trực tiếp CĐT: LH: 0934 364 ***,16 tỷ,"136,5 m²","117,22 tr/m²",3,N/A,"Láng Thượng, Đống Đa","21.02117881024123, 105.8073281126936"
42192755,18/02/2025,"Bán nhà tập thể ngõ Thịnh Hào 1, Tôn Đức Thắng, Đống Đa 37/80m2 tầng 4 giá 3,32 tỷ","3,32 tỷ",80 m²,"41,5 tr/m²",2,2,"Văn Miếu - Quốc Tử Giám, Đống Đa","21.0267520904553, 105.83400006326"
40975798,17/02/2025,Cần bán căn hộ Tập thể Tôn Đức Thắng 50m2 x 2 ngủ ô tô cầu thang 2 tỷ hơn,"2,35 tỷ",50 m²,47 tr/m²,2,N/A,"Trung Liệt, Đống Đa","21.0125414215219, 105.820414443856"
41769128,17/02/2025,"Bán căn hộ 165 Thái Hà - Sông Hồng Park View. Diện tích 120m2 3PN 2WC, Full nội thất. Giá 8 tỷ",8 tỷ,120 m²,"66,67 tr/m²",3,2,"Láng Hạ, Đống Đa","21.014835357666, 105.817268371582"
42191865,17/02/2025,"(Chính chủ) Bán căn 2PN 2WC 99m2, nhà đẹp, view hồ, slot ô tô. Giá 10 tỷ Green Diamond 93 Láng Hạ",10 tỷ,99 m²,"101,01 tr/m²",2,2,"Láng Hạ, Đống Đa","21.016472604274, 105.815251452768"
42182696,17/02/2025,Bán nhà 70m2 tại Nguyễn Chí Tahanh,5 tỷ,70 m²,"71,43 tr/m²",2,1,"Láng Thượng, Đống Đa","21.0210802497574, 105.808849740687"
42191207,17/02/2025,"Bán căn hộ chung cư 66 m2, 2 PN, 187 Tây Sơn, Đống Đa ;ban công Đông Nam,0904 760 ***",Giá thỏa thuận,66 m²,N/A,2,1,"Quang Trung, Đống Đa","21.013027015173066, 105.82789081993923"
41441757,17/02/2025,"Hàng hot! Bán gấp căn hộ 2PN tại Vinhomes Nguyễn Chí thanh, 86m2 - 2PN - giá bán tốt 8.9 tỷ","8,9 tỷ",86 m²,"103,49 tr/m²",2,2,"Láng Thượng, Đống Đa","21.02345085144043, 105.80928802490234"
41865975,17/02/2025,"Sở hữu căn hộ khách sạn 76m2, 5.7 tỷ tại Ngã Tư Sở, full nội thất, bàn giao 2025, LS 0% 21 tháng","5,7 tỷ",76 m²,75 tr/m²,2,2,"Thịnh Quang, Đống Đa","21.0043465569867, 105.818805629979"
38822211,17/02/2025,Bán căn hộ tòa CT2B khu tái định cư Ao Hoàng Cầu,"4,5 tỷ",78 m²,"57,69 tr/m²",2,2,"Ô Chợ Dừa, Đống Đa","21.0194473266602, 105.821655273438"
42189231,17/02/2025,"Bán cc Mipec 229 Tây Sơn, diện tích 120m2, giá bán 78tr/m2. Hướng Đông nam. Tell 0934 288 ***","9,36 tỷ",120 m²,78 tr/m²,3,2,"Trung Liệt, Đống Đa","21.0059841067248, 105.822542376635"
41515500,17/02/2025,"Chính chủ bán căn hộ tòa M3 - M4 Nguyễn Chí Thanh, 3 phòng ngủ, 2 vệ sinh",8 tỷ,126 m²,"63,49 tr/m²",3,2,"Láng Hạ, Đống Đa","21.020200729370117, 105.80887603759766"
42189182,17/02/2025,"Bán tập thể Phố Thái Thịnh, Đống Đa, 55m2, 2 ngủ, 2 Wc, đẹp, 3.3 tỷ","3,3 tỷ",55 m²,60 tr/m²,2,2,"Thịnh Quang, Đống Đa","21.010507242837, 105.818436388082"
42009088,17/02/2025,Bán chung cư Thái Thịnh 1 tỷ 400 tr (full đồ nhà mới),"1,4 tỷ",32 m²,"43,75 tr/m²",1,1,"Thịnh Quang, Đống Đa","21.0101388465111, 105.818179978948"
41533152,17/02/2025,"Bán căn Duplex chung cư 97 - 99 Láng Hạ 235m2, view hồ Hoàng Cầu, giá rẻ nhất quận. LH 0372 004 ***",Giá thỏa thuận,235 m²,N/A,4,2,"Láng Hạ, Đống Đa","21.014455795288086, 105.81383514404297"
39859725,17/02/2025,"Bán quỹ căn hộ tòa nhà Vườn Xuân - 71 Nguyễn Chí Thanh, 76m2 - 93,5m2 - 98m2",Giá thỏa thuận,76 m²,N/A,2,2,"Láng Hạ, Đống Đa","21.0153713226318, 105.812881469727"
39429086,17/02/2025,"Bán gấp căn hộ studio 45m2 tại tòa Lancaster đường Láng, tỷ suất lợi nhuận cho thuê lên tới 10%/năm","3,7 tỷ",45 m²,"82,22 tr/m²",1,1,"Láng Thượng, Đống Đa","21.0235824584961, 105.805229187012"
42187827,17/02/2025,Bán nhà CC Tây Sơn 45m2 - nhỉnh 2 tỷ - Đống Đa,"2,1 tỷ",45 m²,"46,67 tr/m²",N/A,N/A,"Trung Liệt, Đống Đa","21.0090702524528, 105.823904879387"
40136827,17/02/2025,"Bán suất ngoại giao đứng tên cán bộ tập đoàn, căn 3 ngủ dự án Hateco Laroma. Liên hệ PKD 0934 364 ***",Giá thỏa thuận,120 m²,N/A,3,N/A,"Láng Thượng, Đống Đa","21.020164960938317, 105.80808266086265"
41115652,17/02/2025,"(HOT) Căn 2 ngủ giá 3,68 tỷ ful NT rẻ nhất The Ninety Complex. Lh: 0977 535 ***","3,68 tỷ","45,15 m²","81,51 tr/m²",2,N/A,"Thịnh Quang, Đống Đa","21.0041027069092, 105.818695068359"
42186746,17/02/2025,"Tập thể tầng 1, kinh doanh, ô tô đỗ cửa, vài bước ra mặt phố lớn","3,9 tỷ",50 m²,78 tr/m²,2,1,"Láng Thượng, Đống Đa","21.0207450523655, 105.809096590955"
42186841,17/02/2025,"Rẻ nhất thị trường! Bán căn hộ 130m2 tòa Sông Hồng Park View phố Thái Hà, Đống Đa","7,6 tỷ",130 m²,"58,46 tr/m²",3,2,"Láng Hạ, Đống Đa","21.0143565373158, 105.817192583502"
42186996,17/02/2025,Bán căn hộ chung cư M3M4 Nguyễn Chí Thanh 125m2 giá hơn 7 tỷ,"7,5 tỷ",125 m²,60 tr/m²,3,2,"Láng Hạ, Đống Đa","21.02096520444131, 105.80892875328875"
42186884,17/02/2025,"Đừng bỏ lỡ cơ hội này! Bán CC tại đường Nguyễn Chí Thanh, 5.5 tỷ, 76m2","5,5 tỷ",76 m²,"72,37 tr/m²",2,1,"Láng Hạ, Đống Đa","21.015443153940293, 105.81285781567263"
42186705,17/02/2025,Bán căn hộ 71 Nguyễn Chí Thanh dt 76m2 căn góc thiết kế 2Pn - 1Wc giá 5x tỷ tl,Giá thỏa thuận,76 m²,N/A,2,1,"Láng Hạ, Đống Đa","21.01531156953342, 105.81291223620808"
42183845,17/02/2025,"Cần bán căn hộ chung cư tại 101 Láng Hạ, Phường Láng Hạ, Đống Đa, Hà Nội, có diện tích 146,3 m2","10,5 tỷ","146,3 m²","71,77 tr/m²",4,2,"Láng Hạ, Đống Đa","21.01373379681588, 105.81395901970544"
42186594,17/02/2025,Căn góc chung cư Gloria 8 Nguyên Hồng căn đẹp nhất view đẹp 84m 3PN 2WC,"11,6 tỷ",84 m²,"138,1 tr/m²",3,2,"Láng Hạ, Đống Đa","21.015709005757998, 105.80927221796527"
41435872,17/02/2025,"Bán penthouse thông tầng 403m2, tại D. Le Pont Dor - 36 Hoàng Cầu, giá sốc chỉ 40 tỷ",40 tỷ,403 m²,"99,26 tr/m²",4,4,"Ô Chợ Dừa, Đống Đa","21.019493103027344, 105.82234191894531"
42171554,17/02/2025,"Bán căn hộ tập thể tầng 1 Phố Vĩnh Hồ - Thái Thịnh 55m2, 2 ngủ 2 vệ sinh nhà mới chỉ 3,3 tỷ","3,3 tỷ",55 m²,60 tr/m²,2,N/A,"Thịnh Quang, Đống Đa","21.0070509025877, 105.820558023028"
42096574,17/02/2025,Cực hiếm! Chỉ 2.38 tỷ - căn hộ tập thể Phố Khâm Thiên - 50m2 - 2PN - 2WC - căn góc thoáng sáng,"2,38 tỷ",50 m²,"47,6 tr/m²",2,2,"Khâm Thiên, Đống Đa","21.018353048408, 105.837902166876"
41835606,17/02/2025,"Bán căn hộ chung cư B14 Kim Liên 73m2, thiết kế 2 ngủ, 2 vệ sinh. LH: 0971 405 ***","5,2 tỷ",73 m²,"71,23 tr/m²",2,1,"Kim Liên, Đống Đa","21.0094746178322, 105.836955051358"
42097188,17/02/2025,"Bán căn hộ chung cư toà 187 Tây Sơn , Đống Đa Hà Nội 65m2 , thiết kế 2 ngủ 1wc . Lh : 0971 405 ***","4,95 tỷ",65 m²,"76,15 tr/m²",2,1,"Quang Trung, Đống Đa","21.0131458179074, 105.826853698096"
36755701,17/02/2025,"Bán căn hộ Vinhomes Nguyễn Chí Thanh, 2 phòng ngủ giá rẻ nhất, sổ lâu dài, sẵn đồ nội thất",Giá thỏa thuận,86 m²,N/A,2,2,"Láng Hạ, Đống Đa","21.02368274064019, 105.80880891227247"
42184395,17/02/2025,"Bán căn hộ CC MIPEC Towers, Tây Sơn, Đống Đa, Hà Nội, 120m2, giá 7xtr/m2",Giá thỏa thuận,120 m²,N/A,3,2,"Trung Liệt, Đống Đa","21.005708165761384, 105.82361528887223"
42074526,17/02/2025,"Bán căn hộ cao cấp Hateco Laroma 100,9m2, 2PN, ban công B, nội thất đẹp, view Thủ Lệ, giá 11 tỷ",11 tỷ,"100,9 m²","109,02 tr/m²",2,2,"Láng Thượng, Đống Đa","21.02011397520994, 105.80654244639707"
39934830,17/02/2025,"Bán căn hộ 187 Nguyễn Lương Bằng DT 66m2 có 2PN 1Wc, nhà full đồ, sẵn slot ô tô, giá 4.5 tỷ","4,5 tỷ",66 m²,"68,18 tr/m²",2,1,"Quang Trung, Đống Đa","21.013336181640625, 105.82765197753906"
42034521,17/02/2025,CỰC RẺ! căn hộ HACISCO 107 Nguyễn Chí Thanh 3PN - 2Wc chỉ hơn 7 tỷ tl,7 tỷ,115 m²,"60,87 tr/m²",3,2,"Láng Hạ, Đống Đa","21.019700663924318, 105.80950540849261"
42043109,17/02/2025,"Bán căn hộ Hateco Laroma 87 m2, 2 PN, tầng cao, ban công hướng Đông, full nội thất xịn, giá 10,8 tỷ","10,8 tỷ",87 m²,"124,14 tr/m²",2,N/A,"Láng Thượng, Đống Đa","21.020960645807598, 105.80741693452076"
42080413,17/02/2025,"Chính chủ bán chung cư B10 Phạm Ngọc Thạch 45m2, 2 ngủ giá tốt",Giá thỏa thuận,45 m²,N/A,2,N/A,"Kim Liên, Đống Đa","21.009615748290713, 105.83494615195787"
40736668,17/02/2025,Bán gấp căn hộ chung cư 165 Thái Hà Sông Hồng Park View 3PN 2WC DT: 130m2 giá 8 tỷ LH: 0917 495 ***,8 tỷ,130 m²,"61,54 tr/m²",3,2,"Láng Hạ, Đống Đa","21.01503084356145, 105.81661262915112"
38842902,17/02/2025,Gia đình cần tiền muốn bán gấp CH 137m2 chung cư Hateco Laroma căn góc giá hơn 12 tỷ. LH 0975 825 ***,"12,5 tỷ",137 m²,"91,24 tr/m²",3,2,"Láng Thượng, Đống Đa","21.0204162597656, 105.807243347168"
35463057,17/02/2025,"Penthouse D'Le Pont D'or 36 Hoàng Cầu Tân Hoàng Minh view 100% hồ HC, NT tân cổ điển sang trọng",Giá thỏa thuận,420 m²,N/A,4,4,"Ô Chợ Dừa, Đống Đa","21.0194931030273, 105.822341918945"
42182301,17/02/2025,"Bán nhà tập thể Trung Tự, Hồ Đắc Di, Đống Đa, 3 ngủ, ô tô vào sân nhà, view 2 mặt sân chơi","3,4 tỷ",68 m²,50 tr/m²,3,2,"Nam Đồng, Đống Đa","21.0041603450425, 105.831186289443"
42181199,17/02/2025,"Bán CC đẹp xuất sắc tại 27 Huỳnh Thúc Kháng, 69 triệu / m2, 107m2, có slot để xe ô tô","7,38 tỷ",107 m²,69 tr/m²,2,2,"Láng Hạ, Đống Đa","21.0184676983051, 105.811957280868"
42176072,17/02/2025,"Bán nhanh căn góc 2 ngủ giá rẻ như căn thường The Ninety Complex, hỗ trợ vay LS 0% 21 tháng","4,67 tỷ",63 m²,"74,06 tr/m²",2,N/A,"Thịnh Quang, Đống Đa","21.003732863541295, 105.81790727038486"
42172897,17/02/2025,Tập thể Phương mai mặt phố Lương Định Của rộng 75m2 có 02 phòng ngủ riêng vs khép kín giá 2.55 tỷ,"2,55 tỷ",75 m²,34 tr/m²,2,1,"Phương Mai, Đống Đa","21.0051472545982, 105.835656440117"
42025719,17/02/2025,"Bán căn hộ tập thể Hào Nam, 80m2, 2 ngủ, 2WC, bếp riêng biệt, full nội thất, về ở luôn!","3,99 tỷ",80 m²,"49,88 tr/m²",2,1,"Cát Linh, Đống Đa","21.0275477596403, 105.827837385826"
41725054,17/02/2025,"Bán nhà tập thể Ban Cơ Yếu Chính Phủ Nguyễn Chí Thanh, 65m2, tầng 3, 2 ngủ, về ở ngay, 2.95 tỷ","2,95 tỷ",65 m²,"45,38 tr/m²",2,1,"Láng Thượng, Đống Đa","21.0207685130995, 105.808739942456"
35194184,17/02/2025,"Bán căn hộ 165 Thái Hà, Đống Đa DT 120m2,3PN, full ở ngay hơn 8 xu","8,75 tỷ",120 m²,"72,92 tr/m²",3,2,"Láng Hạ, Đống Đa","21.014835357666, 105.817268371582"
41428878,16/02/2025,"Chính chủ bán tập thể tầng 2 ở ngõ 62 Nguyễn Chí Thanh, Hà Nội","4,5 tỷ",75 m²,60 tr/m²,2,1,"Láng Thượng, Đống Đa","21.0205237935341, 105.808891722432"
42182525,16/02/2025,"Đầu tư chắc chắn lãi căn hộ 3 ngủ diện tích 92 m mặt đường láng chỉ 7,5 tỷ","7,5 tỷ",92 m²,"81,52 tr/m²",3,2,Đống Đa,"21.00381715835791, 105.8192801507938"
40848986,16/02/2025,"Cần bán gấp căn hộ 05 Gloria Số 8 Nguyên Hồng, nhận nhà ở ngay, đã có sổ. Giá rẻ nhất dự án","6,5 tỷ",57 m²,"114,04 tr/m²",2,2,"Láng Hạ, Đống Đa","21.0158519744873, 105.809234619141"
41082723,16/02/2025,"Hiếm! Tập thể Nam Đồng, Đống Đa, 2 thoáng, sổ to, 70m2 2PN 2WC nhà đẹp 3,59 tỷ","3,59 tỷ",70 m²,"51,29 tr/m²",2,2,"Nam Đồng, Đống Đa","21.0131376606271, 105.833357149887"
42181146,16/02/2025,BÁN GẤP CĂN HỘ DỊCH VỤ PHỐ VŨ NGỌC PHAN-GIÁ RẺ CHƯA TỪNG CÓ,33 tỷ,90 m²,"366,67 tr/m²",N/A,N/A,"Láng Hạ, Đống Đa","21.013875008385927, 105.81155018836718"
40819170,16/02/2025,"Tập thể tầng 1 ngay gần chợ ĐH Thủy Lợi Khương Thượng, gần nhiều trường đại học và bệnh viện","2,8 tỷ",50 m²,56 tr/m²,2,1,"Khương Thượng, Đống Đa","21.0041343851131, 105.82488887894"
40793322,16/02/2025,"Siêu phẩm! Tập thể Nguyên Hồng, Đống Đa, tầng 3, 2 thoáng, sổ to 70m2 2PN nhà đẹp chỉ 3,45 tỷ","3,45 tỷ",70 m²,"49,29 tr/m²",2,1,"Láng Hạ, Đống Đa","21.0158401524032, 105.809970023042"
42180544,16/02/2025,"Tập thể Vĩnh Hồ - Thái Thịnh - nhà đẹp - 60m2 - 2 ngủ - full đồ ở luôn - chỉ 2,3 tỷ","2,3 tỷ",60 m²,"38,33 tr/m²",2,1,"Trung Liệt, Đống Đa","21.0098169756325, 105.8189420589"
38352266,16/02/2025,"Cần bán căn góc 3 ngủ tầng cao ở chung cư Hong Kong Tower, giá thoả thuận. Lh: 0906 244 ***",Giá thỏa thuận,107 m²,N/A,3,2,"Láng Thượng, Đống Đa","21.0272006988525, 105.803825378418"
42180490,16/02/2025,"Ngon bổ rẻ! Tập thể Thổ Quan, Đống Đa, 2 thoáng, sổ to 70m2 2PN 2WC nhà đẹp chỉ 3,29 tỷ","3,29 tỷ",70 m²,47 tr/m²,2,2,"Thổ Quan, Đống Đa","21.0191331479724, 105.830662411759"
41755581,16/02/2025,Bán căn hộ chung cư 187 Nguyễn Lương Bằng 67m 2PN ban công ĐN nhà đẹp full nội thất,"4,95 tỷ",67 m²,"73,88 tr/m²",2,1,"Quang Trung, Đống Đa","21.013336181640625, 105.82765197753906"
42102350,16/02/2025,"Bán gấp căn hộ chung cư 140m2, 15,5 tỷ tại Green Diamond 93 Láng Hạ, Đống Đa, Hà Nội","15,5 tỷ",140 m²,"110,71 tr/m²",3,2,"Láng Hạ, Đống Đa","21.016812069799688, 105.81519849340218"
34516735,15/02/2025,"Chính chủ gửi bán căn hộ góc Đông Nam siêu hiếm 137m2. Tầng đẹp nhất tòa, Lh xem nhà: 0899 822 ***",Giá thỏa thuận,137 m²,N/A,2,2,"Láng Hạ, Đống Đa","21.0168266296387, 105.815223693848"
41578829,15/02/2025,"Tập thể Trung Tự, Hồ Đắc Di, Đống Đa, Hà Nội 70m2 x 3 phòng ngủ, nội thất xịn","3,5 tỷ",70 m²,50 tr/m²,3,1,"Phương Liên - Trung Tự, Đống Đa","21.0103364175861, 105.831020729642"
42043060,15/02/2025,"Bán căn hộ cao cấp Hateco Laroma 94 m2, 2 PN + 1, ban công hướng Nam, full nội thất, giá 11.5 tỷ","11,5 tỷ",94 m²,"122,34 tr/m²",2,N/A,"Láng Thượng, Đống Đa","21.020413099568298, 105.80723414436102"
42178311,15/02/2025,"Căn hộ khách sạn mặt đường láng chỉ 4,3 tỷ 62m","4,3 tỷ",62 m²,"69,36 tr/m²",2,2,Đống Đa,"21.0038632654966, 105.81853103655983"
42178048,15/02/2025,"Ngon bổ rẻ! Tập thể Láng Hạ, Đống Đa, tầng 1, 2 thoáng, sổ to 60m2 2PN nhà đẹp chỉ 3,79 tỷ","3,79 tỷ",60 m²,"63,17 tr/m²",2,1,"Láng Hạ, Đống Đa","21.0150067361513, 105.812637415094"
42021020,15/02/2025,"Bán căn góc tòa CC Hòa Phát 46 Phố Vọng, nhà đẹp, full NT xịn, 3 ngủ, 6.65 tỷ","6,65 tỷ","90,3 m²","73,64 tr/m²",3,2,"Phương Mai, Đống Đa","20.998643691447263, 105.84147075961094"
42042684,15/02/2025,"Bán căn CC Hòa Phát, 257 Giải Phóng, căn góc, nhà đẹp, full NT nhập khẩu, 3 ngủ, 6,65 tỷ","6,65 tỷ","90,3 m²","73,64 tr/m²",3,2,"Phương Mai, Đống Đa","20.9984826608049, 105.841799833385"
42004471,15/02/2025,"Chỉ 3.4 tỷ, nhà tập thể thông 2 tầng Kim Liên, 65m2, đủ nội thất đẹp, ô tô đỗ cửa, sổ đỏ chuẩn","3,4 tỷ",65 m²,"52,31 tr/m²",2,2,"Kim Liên, Đống Đa","21.0049847690672, 105.835594144612"
41685042,15/02/2025,"Bán căn chung cư CC Sông Hồng Park View, nội thất đẹp, 3PN, 120m2 - liên hệ ngay 0866 782 ***","8,8 tỷ",120 m²,"73,33 tr/m²",3,2,"Láng Hạ, Đống Đa","21.014835357666016, 105.81726837158203"
40923428,15/02/2025,"Bán căn hộ tập thể T1 DT 50m2 đã sửa đẹp tiện ở và KD online, văn phòng cách phố Khương Thượng 15m","2,85 tỷ",50 m²,57 tr/m²,1,1,"Khương Thượng, Đống Đa","21.0042621615897, 105.825257634099"
41778303,15/02/2025,"Bán căn hộ tập thể tầng 2 DT 60m2 2 PN nhà sửa đẹp thoáng ngõ ô tô đường Láng giá 3,55 tỷ có TL","3,55 tỷ",60 m²,"59,17 tr/m²",2,1,"Láng Thượng, Đống Đa","21.0212758038435, 105.801089883275"
40944772,15/02/2025,Bán căn hộ Ngã Tư Sở trung tâm Hà Nội vừa ở vừa kinh doanh rất thuận tiện tiềm năng cao. 0988 125 ***,"4,3 tỷ",45 m²,"95,56 tr/m²",2,1,"Thịnh Quang, Đống Đa","21.00410270690918, 105.81869506835938"
39011831,15/02/2025,"Chính chủ cần bán CCCC Hateco Laroma, Đống Đa, 0944 040 ***","10,6 tỷ",106 m²,100 tr/m²,2,2,"Láng Thượng, Đống Đa","21.0204162597656, 105.807243347168"
42014077,15/02/2025,"Chính chủ gửi em căn chung cư Hòa Phát 257 Giải Phóng, Phố Vọng, 90.3m2 3ngủ 2VS full nội thất xịn","6,65 tỷ","90,3 m²","73,64 tr/m²",3,2,"Phương Mai, Đống Đa","20.999150538986346, 105.84098823378467"
42175863,15/02/2025,Bán căn hộ tập thể Kim Liên view đường Phương Mai giá chỉ nhỉnh 2 ỷ,"2,68 tỷ",60 m²,"44,67 tr/m²",2,1,"Kim Liên, Đống Đa","21.0057033908062, 105.83581623911"
32681159,15/02/2025,"Bán căn góc 132m2, 3PN chung cư Mipec 229 Tây Sơn, LH 0984 272 ***",Giá thỏa thuận,132 m²,N/A,3,2,"Trung Liệt, Đống Đa","21.0063228607178, 105.823196411133"
41257920,15/02/2025,"Chỉ 2.25 tỷ có ngay tập thể Kim Liên - Đống Đa 65m2, 2 ngủ, full nội thất về ở luôn","2,25 tỷ",65 m²,"34,62 tr/m²",2,N/A,"Kim Liên, Đống Đa","21.0046121289216, 105.835668244702"
39420048,15/02/2025,Mới bán gấp 2 căn góc 102m - 139m2 tại Sky City 88 Láng Hạ giá rẻ nhất nội khu bao toàn bộ chi phí,Giá thỏa thuận,139 m²,N/A,3,2,"Láng Hạ, Đống Đa","21.0124912261963, 105.811317443848"
39847737,15/02/2025,Bán căn hộ Vườn Xuân Building 71 Nguyễn Chí Thanh DT 110m2 có 3PN 2WC giá 7 tỷ TL,7 tỷ,110 m²,"63,64 tr/m²",3,2,"Láng Hạ, Đống Đa","21.01533094504624, 105.81289434307514"
41865887,15/02/2025,"Sở hữu căn hộ khách sạn 63m2, 4.7tỷ tại Ngã Tư Sở, mới full nội thất, bàn giao 2025, LS 0% 21 tháng","4,7 tỷ",63 m²,"74,6 tr/m²",N/A,N/A,"Thịnh Quang, Đống Đa","21.00445711972315, 105.81860388786018"
41295752,14/02/2025,"Căn 2 ngủ chỉ 3,67 tỷ rẻ nhất The Ninety Complex, cam kết cho thuê 20tr/ tháng . LH: 0977 535 ***","3,67 tỷ","45,15 m²","81,28 tr/m²",2,N/A,"Thịnh Quang, Đống Đa","21.0041027069092, 105.818695068359"
42171233,14/02/2025,"Tôn Thất Tùng, Đống Đa. DT 85m2 x 7 tầng, MT 7m, giá 25 tỷ. Dòng tiền.",25 tỷ,85 m²,"294,12 tr/m²",23,24,"Khương Thượng, Đống Đa","21.0022627074535, 105.829602638763"
40462372,14/02/2025,Bán penthouse A2203 toà D'Le Pont D'or 36 Hoàng Cầu - Tân Hoàng Minh,42 tỷ,450 m²,"93,33 tr/m²",5,N/A,"Ô Chợ Dừa, Đống Đa","21.019493, 105.82234"
42171225,14/02/2025,"Bán toà CHDV 92m2x7T Thang Máy, Trường Chinh, Đống Đa. 24P khép kín Full NT. Dòng tiền 160tr/ tháng",22 tỷ,92 m²,"239,13 tr/m²",N/A,N/A,"Khương Thượng, Đống Đa","21.0025953992678, 105.828581178715"
42171155,14/02/2025,"Bán CC mini 50m2, 11,9 tỷ tại Trung Phụng, Đống Đa, Hà Nội.Thang Máy.PCCC ĐẦY ĐỦ.mới đẹp.","11,9 tỷ",50 m²,238 tr/m²,9,9,"Khâm Thiên, Đống Đa","21.0158888759126, 105.838198824049"
41418851,14/02/2025,"Căn hộ 3 ngủ tòa Hà Thành Plaza 102 Thái Thịnh, diện tích 115m2, giá chỉ 7,5 tỷ","7,5 tỷ",115 m²,"65,22 tr/m²",3,2,"Thịnh Quang, Đống Đa","21.0105308117861, 105.818741733782"
42170393,14/02/2025,"Giam sâu 350 triệu,căn hộ tầng 5 full đồ hướng mát chung cư mặt đường láng chỉ 3,8 tỷ","3,8 tỷ",45 m²,"84,44 tr/m²",2,2,Đống Đa,"21.0036721916717, 105.8187641882639"
41841296,14/02/2025,Cần bán căn hộ 3PN - tháp B Hong Kong Tower. Thiện chí bán phát lộc đầu năm. LH 0372 004 *** em Loan,"9,5 tỷ",107 m²,"88,78 tr/m²",3,2,"Láng Thượng, Đống Đa","21.027476955851025, 105.80437910792217"
36311025,14/02/2025,"Bán CC Hoàng Cầu D'. Le Pont D'or Tân Hoàng Minh, 121 m2, 3PN view 11, x tỷ. LH 0931 318 ***",Giá thỏa thuận,121 m²,N/A,3,2,"Ô Chợ Dừa, Đống Đa","21.0194931030273, 105.822341918945"
41305559,14/02/2025,"Cần bán gấp căn hộ 2 ngủ view đẹp tại Vinhomes Nguyễn Chí Thanh, ~86m2, để lại nội thất. Gía 8.5 tỷ","8,5 tỷ",86 m²,"98,84 tr/m²",2,1,"Láng Thượng, Đống Đa","21.0234508514404, 105.809288024902"
39875573,14/02/2025,"Bán căn hộ 150m2 thiết kế 3PN 2WC tòa 101 Láng Hạ, nhà đẹp ở ngay",Giá thỏa thuận,150 m²,N/A,3,2,"Láng Hạ, Đống Đa","21.0137214660645, 105.8134765625"
26432245,14/02/2025,"Bán gấp chung cư Hong Kong Tower DT 104m2, tháp B, 3PN, căn góc giá rẻ, chính chủ LH 0934 522 ***",Giá thỏa thuận,104 m²,N/A,3,2,"Láng Thượng, Đống Đa","21.0272006988525, 105.803825378418"
42169255,14/02/2025,"Bán căn hộ chung cư 66 m2, 2 PN, 187 Tây Sơn, Đống Đa ;ban công Đông Nam,0904 760 ***",Giá thỏa thuận,66 m²,N/A,2,1,"Quang Trung, Đống Đa","21.0126178426417, 105.827421740063"
42164737,14/02/2025,Bán chung cư B10 Kim Liên đường Phạm Ngọc Thạch - 45m2 - 2PN - 1 VS - chính chủ. LH: 0963 815 ***,Giá thỏa thuận,45 m²,N/A,2,1,"Kim Liên, Đống Đa","21.0093008604397, 105.835960409223"
41979822,14/02/2025,"Chính chủ cần bán căn hộ Duplex tại tòa 97/99 Láng Hạ Petrowaco DT 236m2, 4 ngủ full đồ view hồ","18,88 tỷ",236 m²,80 tr/m²,4,2,"Láng Hạ, Đống Đa","21.0143018586182, 105.813959327953"
42167339,14/02/2025,Tại trung tâm Quận Đống Đa - HN có một dự án siêu sang - giá rẻ vô địch từ 75tr/m2,"3,75 tỷ",50 m²,75 tr/m²,N/A,N/A,"Thịnh Quang, Đống Đa","21.003716281005904, 105.81790034111265"
41926166,14/02/2025,Cực hot DỰ ÁN THE NELSON PRIVATE RESIDENCES   29 Láng Hạ nhận bàn giao Q4.2025,Giá thỏa thuận,86 m²,N/A,2,2,"Láng Hạ, Đống Đa","21.0156967598429, 105.811682081172"
42166617,14/02/2025,"0987,063.288 BÁN CĂN CHUNG CƯ 120M 3 NGỦ 2 WC 9 TỶ TẠI MIPEC TOWER 229 TÂY SƠN- ĐỐNG ĐA",9 tỷ,120 m²,75 tr/m²,3,2,"Trung Liệt, Đống Đa","21.00651453950367, 105.82397680739292"
42093484,14/02/2025,"Cần bán căn hộ 3PN Hong Kong Tower 130m2 tầng trung ban công hướng mát, full nội thất, giá 9,9 tỷ","9,9 tỷ",130 m²,"76,15 tr/m²",3,2,"Láng Thượng, Đống Đa","21.0272006988525, 105.803825378418"
42166081,14/02/2025,Chính chủ bán căn hộ CC cao cấp toà Mipec Tower - 120m2 - Tầng Trung - Giá thoả thuận,"9,3 tỷ",120 m²,"77,5 tr/m²",3,3,"Trung Liệt, Đống Đa","21.005880572953238, 105.82314701318347"
40901230,14/02/2025,"Mở bán chung cư X11 Đường Láng - Chùa Láng vị trí siêu đẹp, full nội thất, mua vào ở ngay",600 triệu,35 m²,"17,14 tr/m²",1,1,"Láng Thượng, Đống Đa","21.0217895498805, 105.801154197743"
40868603,14/02/2025,"Mới - bán chung cư B1 Xã Đàn - Ô Chợ Dừa - Khâm Thiên 35m2, 55m2, giảm 50tr /căn, ở ngay",Giá thỏa thuận,35 m²,N/A,1,1,"Ô Chợ Dừa, Đống Đa","21.0196162896831, 105.831189559065"
42165100,14/02/2025,Bán chung cư Thái Thịnh 1 tỷ 400 tr (full đồ nhà mới),"1,4 tỷ",32 m²,"43,75 tr/m²",1,1,"Thịnh Quang, Đống Đa","21.0101388465111, 105.818179978948"
37137478,14/02/2025,"Chung cư mini Ô chợ Dừa - Khâm Thiên DT 30 - 48 - 52m giá từ 690tr - 900 - 1,1 - 1,3 tỷ/căn",Giá thỏa thuận,52 m²,N/A,2,1,"Ô Chợ Dừa, Đống Đa","21.0195916, 105.8310963"
37005466,14/02/2025,"CCMN Khâm Thiên - Ô Chợ Dừa DT 30 - 55m2 giá từ 700 - 1, 1 tỷ",Giá thỏa thuận,55 m²,N/A,2,1,"Khâm Thiên, Đống Đa","21.0195175, 105.8277637"
39552215,14/02/2025,Chính chủ bán căn hộ CCMN 198 Xã Đàn diện tích 50m/2 PN nhỉnh 1 tỷ full đồ,"1,09 tỷ",50 m²,"21,8 tr/m²",2,1,"Phương Liên, Đống Đa","21.0117028, 105.8368627"
41824429,14/02/2025,"Bán căn hộ chung cư M3 - M4 Nguyễn Chí Thanh, 8 tỷ VND, 125m2, Chính chủ hàng hiếm tại Đống Đa",8 tỷ,125 m²,64 tr/m²,4,2,"Láng Hạ, Đống Đa","21.0202023937245, 105.808017178639"
42163970,14/02/2025,"Bán căn hộ CC 101 Láng Hạ, diện tích 146.3m2, đầy đủ nội thất","10,5 tỷ","146,3 m²","71,77 tr/m²",4,2,"Láng Hạ, Đống Đa","21.01328638404441, 105.8137959835316"
42163025,14/02/2025,"Bán nhà tập thể 100m 2 tầng, 3 phòng ngủ ở ngay hoặc cho thuê khu dân trí cao",3 tỷ,100 m²,30 tr/m²,3,2,"Văn Chương, Đống Đa","21.0153623451533, 105.827950981614"
42163862,14/02/2025,Tập thể đẹp full nội thất xịn sò TT Đống Đa nằm sát Ô Chợ Dừa,"2,38 tỷ",60 m²,"39,67 tr/m²",N/A,N/A,"Hàng Bột, Đống Đa","21.0270853564105, 105.833932230397"
42161641,14/02/2025,"Hiếm - căn hộ 133m2 giá 9 tỷ 500 VNĐ - tại phố Nguyễn Lương Bằng, quận Đống Đa, Hà Nội","9,5 tỷ",133 m²,"71,43 tr/m²",3,2,"Quang Trung, Đống Đa","21.013062267699492, 105.82807071328261"
40423765,13/02/2025,"Cần bán nhanh căn hộ cao cấp 3PN ở dự án Hateco Laroma, 137m2 full nội thất giao dịch trong tháng",Giá thỏa thuận,137 m²,N/A,3,2,"Láng Thượng, Đống Đa","21.0204162597656, 105.807243347168"
42153612,12/02/2025,Căn hộ 3 ngủ duy nhất toà Mipec 2/2025 bán,9 tỷ,121 m²,"74,38 tr/m²",3,3,"Cát Linh, Đống Đa","21.0084572462615, 105.823751161042"
42147623,12/02/2025,Căn hộ tầng 7 lô góc ngõ 82 Yên Lãng 43m2 - 2PN + 1PK + 1VS giá 1.53 tỷ,"1,53 tỷ",43 m²,"35,58 tr/m²",2,1,"Trung Liệt, Đống Đa","21.0119138001626, 105.817707948081"
41347738,11/02/2025,Chủ nhà chuyển căn to hơn nên nhượng lại căn 2PN Sky 88 Láng Hạ các phòng đều đón ánh sáng tự nhiên,Giá thỏa thuận,101 m²,N/A,2,2,"Láng Hạ, Đống Đa","21.0124912261963, 105.811317443848"
41868088,10/02/2025,"Chính chủ bán gấp nhà tập thể Phương Mai, Đống Đa, Hà Nội, 82m2, 2PN, 2WC, 2,65 tỷ","2,65 tỷ",82 m²,"32,32 tr/m²",2,2,"Phương Mai, Đống Đa","20.998292101542, 105.837550187806"
42131890,10/02/2025,"Bán căn hộ 50m2 trung tâm Đống Đa, cách Royal City 300m","3,8 tỷ",50 m²,76 tr/m²,2,1,"Láng Hạ, Đống Đa","21.0155027208086, 105.812198481044"
42114750,10/02/2025,Căn hộ tập thể tầng 1 Trung Tự 100m2 2 mặt ngõ 2 mặt tiền,"6,65 tỷ",100 m²,"66,5 tr/m²",2,2,"Phương Liên - Trung Tự, Đống Đa","21.0097876817348, 105.831010349214"
42123247,09/02/2025,"Bán CC mini đẹp, 68m2, 7 tầng, thang máy, 11 phòng, doanh thu 75tr/ tháng, giá 18 tỷ, tại Q.Đống Đa",18 tỷ,68 m²,"264,71 tr/m²",11,12,"Láng Hạ, Đống Đa","21.0116724868522, 105.809781617964"
42097689,05/02/2025,"Chính chủ cần bán căn hộ tập thể Viện Thú Y , 74 Trường Chinh , Đống Đa, HN.","2,69 tỷ",42 m²,"64,05 tr/m²",2,1,"Phương Mai, Đống Đa","20.9988353295654, 105.837468535422"
41979825,05/02/2025,"Bán gấp nhà 52m2/100m2 phố Thái Hà, 4N2WC","3,8 tỷ",52 m²,"73,08 tr/m²",4,2,"Trung Liệt, Đống Đa","21.0126963645824, 105.820175881837"42198239,03/03/2025,Quỹ căn chuyển nhượng từ 1-2-3-4 phòng | Sẵn sổ đỏ cập nhật liên tục tại Green Diamond 93 Láng Hạ,"9,4 tỷ",86 m²,"109,3 tr/m²",3,N/A,·,"21.0161961065944, 105.815622463366"
40394259,02/03/2025,Quỹ chuyển nhượng phong phú nhất thị trường từ 1PN - 2PN - 3PN - 4PN - Sổ đỏ trao tay. 0899 822 ***,Giá thỏa thuận,86 m²,N/A,2,2,·,"21.016826629638672, 105.81522369384766"
42247299,04/03/2025,"Hot tư vấn chuyên sâu The Ninety Complex 90 Đường Láng, nhiều lựa chọn Quỹ căn đẹp & độc quyền","4,3 tỷ",63 m²,"68,25 tr/m²",2,2,"Thịnh Quang, Đống Đa","21.0036082646885, 105.818512533411"
42275683,04/03/2025,"(Giá gốc) Studio 2,65 tỷ/ căn 45m2 - 3,65 tỷ/ căn 64m2 - 4,35 tỷ chung cư 90 Láng, Đống Đa",Giá thỏa thuận,64 m²,N/A,N/A,N/A,"Thịnh Quang, Đống Đa","21.00381847014101, 105.81858844410539"
42303732,04/03/2025,Bán CH khách sạn The Ninety Complex 2N2VS - full nội thất liền tường - cho thuê từ 20tr/tháng,"4,8 tỷ",64 m²,75 tr/m²,2,2,"Thịnh Quang, Đống Đa","21.0047192665842, 105.818612172788"
42323230,04/03/2025,"Chính chủ bán gấp căn hộ tập thể mặt đường Giảng Võ - vị trí đắc địa, sổ đỏ, ở ngay, giá tốt","5,97 tỷ",85 m²,"70,2 tr/m²",2,1,"Cát Linh, Đống Đa","21.0261880558783, 105.823087637877"
42273958,03/03/2025,"Chỉ từ 2.8 tỷ căn 2PN ngay 90 Láng, Đống Đa, nhận nhà T6/2025, tặng full nội thất. HTLS 21 tháng","4,5 tỷ",62 m²,"72,58 tr/m²",2,2,"Thịnh Quang, Đống Đa","21.00365866409947, 105.81793677569206"
42286561,28/02/2025,"Căn hộ studio dòng tiền cam kết 16tr/1th mặt đường Láng full nội thất, 4 hầm xe - HTLS 0% tới 2027","3,3 tỷ",37 m²,"89,19 tr/m²",1,1,"Thịnh Quang, Đống Đa","21.004409821810203, 105.81870588435248"
42323690,05/03/2025,"Siêu phẩm căn góc 3 phòng ngủ, diện tích 144m2, tầng 23, tháp B - Sky City 88 Láng Hạ",15 tỷ,144 m²,"104,17 tr/m²",3,2,"Láng Hạ, Đống Đa","21.01271166201234, 105.81103454666612"
42332365,04/03/2025,Chuyển nhượng quỹ căn 2PN-3PN tại chung cư Sky City Tower 88 Láng Hạ-Hàng Thật- Giá Thật,"11,6 tỷ",145 m²,80 tr/m²,3,2,"Láng Hạ, Đống Đa","21.012541346415276, 105.81176889633703"
42327237,04/03/2025,"Chính chủ cần bán nhanh căn góc 104m2 - Hateco Laroma - Huỳnh Thúc Kháng, Đống Đa, Hà Nội",Giá thỏa thuận,104 m²,N/A,3,2,"Láng Thượng, Đống Đa","21.0202551738777, 105.80633460353"
40942680,04/03/2025,"Bán căn góc hiếm tại dự án Hateco diện tích 137,5m2 - thiết kế 3PN + 1 kho. Lh 0975 034 ***",Giá thỏa thuận,"137,5 m²",N/A,3,2,"Láng Thượng, Đống Đa","21.0204162597656, 105.807243347168"
41755131,04/03/2025,Chính chủ bán CH1103 Hacisco 107 Nguyễn Chí Thanh 105m2 có 3PN - 2WC nhà đã sửa chữa toàn bộ,Giá thỏa thuận,105 m²,N/A,3,2,"Láng Hạ, Đống Đa","21.0206790205261, 105.80829168295"
42323709,04/03/2025,"Hiếm! Bán căn hộ tháp A, chung cư 88 Láng Hạ, 139m2, 3 ngủ, nội thất cơ bản, giá 14.8 tỷ","14,8 tỷ",139 m²,"106,48 tr/m²",3,2,"Láng Hạ, Đống Đa","21.01210753744107, 105.81051388702268"
41969102,01/03/2025,"Bán căn hộ phố An Trạch - Cát Linh 50m2 2 ngủ full nội thất, ở ngay","1,79 tỷ",50 m²,"35,8 tr/m²",2,1,"Văn Miếu - Quốc Tử Giám, Đống Đa","21.0280818974382, 105.831633374517"
42252044,01/03/2025,"(Giá shock) cầm 2,7 tỷ mua đứt căn Studio ngay ngã tư Sở, quận Đống Đa cho thuê 15tr/ tháng","2,7 tỷ",32 m²,"84,38 tr/m²",N/A,N/A,"Thịnh Quang, Đống Đa","21.004061411106736, 105.81869928017205"
41869554,01/03/2025,"Mở bán chung cư Ngã Tư Sở - Đống Đa 70tr/m2, chiết khấu 1.3 tỷ, full nội thất 5*, vay lãi suất 0%","4,55 tỷ",65 m²,70 tr/m²,2,2,"Thịnh Quang, Đống Đa","21.0040850468794, 105.818816948547"
41829902,28/02/2025,"Duy nhất căn 2PN 76m2 view toàn thành phố tặng full nội thất cao cấp giá chỉ 4,8 tỷ. LH 0983 975 ***","4,8 tỷ",76 m²,"63,16 tr/m²",2,2,"Thịnh Quang, Đống Đa","21.003791471954255, 105.81878415125176"
42299914,28/02/2025,"Sốc, quỹ căn hot giá 75tr/m2 toà The Ninety Complex Tháng 6 có nhà, lh 0978 079 ***","4,8 tỷ",64 m²,75 tr/m²,N/A,N/A,"Thịnh Quang, Đống Đa","21.0034564016989, 105.819141268477"
41968618,28/02/2025,Chính chủ uỷ quyền nhượng căn góc 3 ngủ view hồ tầng cao nguyên bản dự án Green Diamond 93 Láng Hạ,"16,5 tỷ","136,33 m²","121,03 tr/m²",3,N/A,"Láng Hạ, Đống Đa","21.0161961065944, 105.815622463366"
42273687,28/02/2025,"Mở bán chung cư Ninety Complex nằm tại Ngã Tư Sở, Đống Đa với chính sách hấp dẫn trực tiếp từ CĐT",Giá thỏa thuận,62 m²,N/A,2,2,"Thịnh Quang, Đống Đa","21.004412928010993, 105.81820550163503"
42295029,28/02/2025,"Bán căn hộ chung cư tại Phố Phương Mai, 55m2, ô tô đỗ cửa, tầng 1 có sân để xe 4 tỷ, ra phố mấy mét",4 tỷ,55 m²,"72,73 tr/m²",2,2,"Phương Mai, Đống Đa","21.0012084540201, 105.839242521499"
42285521,27/02/2025,Căn góc chung cư Gloria Sink Path view đường Nguyên Hồng 64m2 2PN 2WC,"8,96 tỷ",64 m²,140 tr/m²,2,2,"Láng Hạ, Đống Đa","21.0159354736669, 105.809370918345"
34516735,27/02/2025,"Chính chủ gửi bán căn hộ góc Đông Nam siêu hiếm 137m2. Tầng đẹp nhất tòa, Lh xem nhà: 0899 822 ***",Giá thỏa thuận,137 m²,N/A,2,2,"Láng Hạ, Đống Đa","21.0168266296387, 105.815223693848"
41792399,26/02/2025,Chung cư cao cấp Nesta 83 Phố Hào Nam-Cần bán gấp căn 2 ngủ S:77m2 giá bán gấp từ 112tr/m2 trong T3,"8,69 tỷ",77 m²,"112,8 tr/m²",2,2,"Ô Chợ Dừa, Đống Đa","21.024320870929532, 105.8267963690533"
42252965,25/02/2025,Quỹ căn đẹp & độc quyền 90 Láng mua trực tiếp CĐT. Giảm 10% so với giá thị trường tư vấn chuyên sâu,"4,3 tỷ",63 m²,"68,25 tr/m²",2,2,"Thịnh Quang, Đống Đa","21.003918666010513, 105.81826493479889"
42263576,25/02/2025,NHƯỢNG LẠI SUẤT NGOẠI GIAO CĂN 2PN DỰ ÁN THE NINETY- 90 LÁNG. GIÁ RẺ HƠN THỊ TRƯỜNG 10%- KÝ TT CĐT,"3,6 tỷ",45 m²,80 tr/m²,N/A,N/A,"Thịnh Quang, Đống Đa","21.004454779897717, 105.81784067584063"
41948778,24/02/2025,"Bán căn hộ chung cư The Terra 83 Hào Nam DT: 65,114,135m2, full nội thất, nhận nhà ngay, sổ đỏ sẵn","12,9 tỷ",114 m²,"113,16 tr/m²",3,2,"Ô Chợ Dừa, Đống Đa","21.0241449341375, 105.827365886306"
42308139,04/03/2025,"Tập thể Phương Mai nhà E4 (ngõ 4 Phương Mai) Đống Đa, gần Bạch Mai","2,68 tỷ",55 m²,"48,73 tr/m²",2,1,"Phương Mai, Đống Đa","21.0015991805209, 105.839237502404"
42308302,04/03/2025,"Cần bán căn hộ tầng 4 khu tập thể Điện Lực phố Đoàn Thị Điểm, Quốc Tử Giám","4,39 tỷ",70 m²,"62,71 tr/m²",2,1,"Văn Miếu - Quốc Tử Giám, Đống Đa","21.0263995178349, 105.832265524079"
42334524,04/03/2025,"Đẹp mộc mạc, xinh xắn đến từng chi tiết! Căn hộ Phố Đoàn Thị Điểm. Sổ 43m2. Thực tế 66m2. 2PN 1WC","4,39 tỷ",66 m²,"66,52 tr/m²",2,1,"Văn Miếu - Quốc Tử Giám, Đống Đa","21.0260952563087, 105.832102587391"
42334520,04/03/2025,"Bán nhà Yên Lãng, Đống Đa 56m x 7 tầng nhỉnh 12Tỷ",12 tỷ,61 m²,"196,72 tr/m²",N/A,N/A,"Thịnh Quang, Đống Đa","21.008805106653, 105.817391248132"
42334322,04/03/2025,Anh Tân cần bán căn hộ Phương Mai 65m 2.95tỷ ô tô đỗ cửa.,"2,95 tỷ",65 m²,"45,38 tr/m²",N/A,N/A,"Phương Mai, Đống Đa","21.0013783835084, 105.839427005272"
38423900,04/03/2025,"Bán căn góc 3PN 3WC siêu VIP 145m2, full nội thất Hateco Laroma. Full nội thất cao cấp, view đẹp","15,5 tỷ",145 m²,"106,9 tr/m²",3,3,"Láng Thượng, Đống Đa","21.0204162597656, 105.807243347168"
42315372,04/03/2025,"Bán chung cư Hong Kong Tower - 243A Đê La Thành, 107m2, 3 ngủ đủ căn góc chỉ 9 tỷ LH: 0814 332 ***",9 tỷ,107 m²,"84,11 tr/m²",3,3,"Láng Thượng, Đống Đa","21.027187376095434, 105.80387325838667"
42106651,04/03/2025,"Chính chủ cần bán Sông Hồng Park View - 165 Thái Hà, Đống Đa, 108m2, 3PN, đồ cơ bản, giá thỏa thuận",Giá thỏa thuận,108 m²,N/A,3,2,"Láng Hạ, Đống Đa","21.014709506004, 105.817166292671"
41334364,04/03/2025,"Bán căn hộ TT Chùa Bộc, tầng 2, DTSD 100m2, 3PN, 2WC, nhà đẹp, BC Đông Nam, rất mát, giá 4,25 tỷ","4,25 tỷ",100 m²,"42,5 tr/m²",3,2,"Trung Liệt, Đống Đa","21.0076850663206, 105.827480666072"
42334032,04/03/2025,"Bán chung cư cao cấp Green Diamond 93 Láng Hạ, 3PN căn góc tầng cao view hồ 145m2 LH: 0814 332 ***",Giá thỏa thuận,145 m²,N/A,3,2,"Láng Hạ, Đống Đa","21.0168547097158, 105.814397909492"
42279165,04/03/2025,"Bán nhanh căn studio 45m2 đủ đồ tại Lancaster Luminaire đường Láng giá 4,2 tỷ. 0917 748 ***","4,2 tỷ",45 m²,"93,33 tr/m²",1,1,"Láng Thượng, Đống Đa","21.024150835983203, 105.80587515652442"
40657591,04/03/2025,"Gia đình cần bán căn góc Lancaster Luminaire đường Láng. View công viên Thủ Lệ 120m2, 3PN, 3WC","11,5 tỷ",120 m²,"95,83 tr/m²",3,3,"Láng Thượng, Đống Đa","21.0235824584961, 105.805229187012"
42168746,04/03/2025,"HOT: Bán căn hộ studio Lancaster - 50m2, full đẹp, giá 5.1 tỷ. LH: 0899 511 ***","5,1 tỷ",50 m²,102 tr/m²,1,1,"Láng Thượng, Đống Đa","21.0240631173759, 105.805039437767"
42280654,04/03/2025,"Hiếm! Bán Tập thể Láng Hạ - Nguyên Hồng, Đống Đa, nhà đẹp ở luôn giá tốt","2,88 tỷ",50 m²,"57,6 tr/m²",1,1,"Láng Hạ, Đống Đa","21.0156251387914, 105.812911845637"
42302656,04/03/2025,"Bán tập thể mặt phố Thái Thịnh, 2PN nội thất đẹp, 55m2, thoáng sáng","2,75 tỷ",55 m²,50 tr/m²,2,1,"Trung Liệt, Đống Đa","21.0095272003391, 105.81902363251"
41975754,04/03/2025,"Bán căn hộ 2PN cao cấp Green Diamond 93 Láng Hạ, giá siêu hời 9,6 tỷ, 91m2 căn sổ đỏ LH: 0971 864 ***","9,6 tỷ",91 m²,"105,5 tr/m²",2,2,"Láng Hạ, Đống Đa","21.0168296106163, 105.81528039776207"
42098581,04/03/2025,"Cần bán gấp căn hộ CC Hateco Laroma 4A HTK, 137m2, 3PN, căn góc, tầng cao, nội thất xịn. 0963 668 ***",Giá thỏa thuận,137 m²,N/A,3,2,"Láng Thượng, Đống Đa","21.0204162597656, 105.807243347168"
42318355,04/03/2025,"Mặt bằng kinh doanh căn hộ tập thể tầng 1, Phố Nam Đồng, Đống Đa, 48m2 x 1 ngủ x 1wc",3 tỷ,48 m²,"62,5 tr/m²",1,1,"Nam Đồng, Đống Đa","21.0137088038379, 105.83333281788"
41592155,04/03/2025,"Chủ đầu tư Hateco Laroma mở bán đợt cuối các sàn đẹp, căn đẹp, chọn căn, chọn tầng, giá ưu đãi",Giá thỏa thuận,"80,27 m²",N/A,2,2,"Láng Thượng, Đống Đa","21.020416259765625, 105.80724334716797"
42314633,04/03/2025,"Bán căn hộ chung cư mặt đường Nguyễn Chí Thanh, DT 113m2, 3 PN, 2 WC giá bán 7,2 tỷ","7,2 tỷ",113 m²,"63,72 tr/m²",3,2,"Láng Hạ, Đống Đa","21.0204086392065, 105.80814846607"
39390757,04/03/2025,"Quỹ căn cần bán gấp Vinhomes Nguyễn Chí Thanh 1PN, 2PN, 3PN, 4PN xem nhà 24/7, giá tốt thị trường","13,5 tỷ",120 m²,"112,5 tr/m²",2,2,"Láng Hạ, Đống Đa","21.0229530334473, 105.809814453125"
35210092,04/03/2025,"Bán căn 3 ngủ góc, view hồ, 137m2, Vin Nguyễn Chí Thanh, ban công hướng mát ĐB","14,2 tỷ",137 m²,"103,65 tr/m²",3,2,"Láng Hạ, Đống Đa","21.0234508514404, 105.809288024902"
42305362,04/03/2025,"Chuyên gia số 1 Vinhomes Nguyễn Chí Thanh; Cập nhật quỹ căn HOT, hỗ trợ trọn gói; Giá tốt nhất!",6 tỷ,56 m²,"107,14 tr/m²",1,1,"Láng Thượng, Đống Đa","21.023452459449583, 105.80929010875093"
41602559,04/03/2025,Bán căn hộ chung cư phố Nguyễn Chí Thanh - 113.36m2 - 3PN 2WC căn góc giá hợp lý,7 tỷ,"113,36 m²","61,75 tr/m²",3,2,"Láng Hạ, Đống Đa","21.0203743245014, 105.808230774164"
41307945,04/03/2025,"Suất ngoại giao căn 2 ngủ giá 3,65 tỷ full NT rẻ nhất The Ninety Complex, cam kết thuê 20tr/ tháng","3,65 tỷ","45,15 m²","80,84 tr/m²",N/A,N/A,"Thịnh Quang, Đống Đa","21.00410270690918, 105.81869506835938"
42332587,04/03/2025,"Căn hộ dịch vụ tiêu chuẩn 5 sao, Tòa nhà The Ninety Complex 90 Láng, 2 ngủ, 1 vs","3,5 tỷ",45 m²,"77,78 tr/m²",2,1,"Thịnh Quang, Đống Đa","21.00371848494437, 105.81868294042636"
42307006,04/03/2025,"Bán gấp CC mini 2PN, 1WC giá cực chất tại Đông Tác, Phương Mai, Đống Đa, Hà Nội, 1,79 tỷ, 50m2","1,79 tỷ",50 m²,"35,8 tr/m²",2,1,"Phương Mai, Đống Đa","21.005180784939, 105.832946062935"
42332055,04/03/2025,E cần Bán căn 53m - 1 Ngủ toà Vincom Nguyễn Chí Thanh,5 tỷ,53 m²,"94,34 tr/m²",1,1,"Láng Thượng, Đống Đa","21.0231174039123, 105.809399348294"
42303962,04/03/2025,"Bán căn hộ chung cư Hateco Laroma Hà Nội, diện tích 87m2 - 2PN tầng cao view thoáng, giá tốt!",Giá thỏa thuận,87 m²,N/A,2,2,"Láng Thượng, Đống Đa","21.019686294792923, 105.80768795093593"
42262003,04/03/2025,"Nhà tt đẹp full nội thất gần trường mầm non Hoa Sữa Kim Liên, Đống Đa (65m2), nhỉnh 2 tỷ","2,68 tỷ",65 m²,"41,23 tr/m²",2,2,"Kim Liên, Đống Đa","21.0061352696111, 105.83560886196"
42321082,04/03/2025,"Tôi cần bán căn 3pn 96m2 Tập Thể Hoàng Ngọc Phách, Đống Đa, giá 4.9 tỷ. Lh 0977 632 ***","4,9 tỷ",96 m²,"51,04 tr/m²",3,2,"Láng Hạ, Đống Đa","21.0160137105655, 105.811679882992"
42021717,04/03/2025,"Bán quỹ suất ngoại căn VIPP đẹp, cao thoáng - căn 3 ngủ dự án Hateco Laroma, LH: 0931 318 ***",Giá thỏa thuận,115 m²,N/A,3,2,"Láng Thượng, Đống Đa","21.020478655837678, 105.80725453706403"
42331546,04/03/2025,"Siêu phẩm cực đẹp căn đẹp như chung cư cao cấp, Quan Thổ, Đống Đa","4,7 tỷ",100 m²,47 tr/m²,3,3,"Hàng Bột, Đống Đa","21.0269363697972, 105.833400851767"
41785266,04/03/2025,"Căn hộ toà 165 Thái Hà - Sông Hồng Park View dt 108,5m 3PN 2WC đầy đủ nội thất. Giá bán 7 tỷ",7 tỷ,"108,5 m²","64,52 tr/m²",3,2,"Láng Hạ, Đống Đa","21.014939236020858, 105.8179048513624"
41515500,04/03/2025,"Chính chủ bán căn hộ tòa M3 - M4 Nguyễn Chí Thanh, 3 phòng ngủ, 2 vệ sinh",8 tỷ,126 m²,"63,49 tr/m²",3,2,"Láng Hạ, Đống Đa","21.020200729370117, 105.80887603759766"
39486181,04/03/2025,Sẵn quỹ căn VIP đẹp & chuyển nhượng giá tốt - Hateco Laroma 4A Huỳnh Thúc Kháng - 0931 318 ***,Giá thỏa thuận,102 m²,N/A,3,2,"Láng Thượng, Đống Đa","21.0204162597656, 105.807243347168"
42016540,04/03/2025,Bán nhanh CH studio 45m2 tại dự án Lancaster Luminaire 1152 đường Láng full nội thất giá 3.9 tỷ,"3,9 tỷ",45 m²,"86,67 tr/m²",1,1,"Láng Thượng, Đống Đa","21.0234174663207, 105.80535122697"
39622552,04/03/2025,"Bán chung cư Mipec 229 Tây Sơn, 120m2, 2PN, 2WC. LH 0984 272 ***",Giá thỏa thuận,120 m²,N/A,2,2,"Trung Liệt, Đống Đa","21.006322860717773, 105.82319641113281"
42330965,04/03/2025,"Bán căn hộ tập thể 2PN, 1WC, 55m2, 2,45 tỷ tại Trần Quý Cáp, Khâm Thiên, Đống Đa, Hà Nội hot!","2,45 tỷ",55 m²,"44,54 tr/m²",2,1,"Khâm Thiên, Đống Đa","21.0259721997292, 105.840010892639"
42330809,04/03/2025,(Tin thật 100%) Căn hộ 85.4m2 x 2PN có slot ô tô tại Tân Hoàng Minh Hoàng Cầu - Ban công hướng Bắc,"10,2 tỷ","85,4 m²","119,44 tr/m²",2,2,"Ô Chợ Dừa, Đống Đa","21.0192395962045, 105.822480075814"
42111872,04/03/2025,"Bán CH 133m2 * 3PN tòa M5 Nguyễn Chí Thanh, view hồ Thành Công","7,8 tỷ",133 m²,"58,65 tr/m²",3,2,"Láng Hạ, Đống Đa","21.02035702659661, 105.80909447375075"
42314476,04/03/2025,"RẺ NHẤT THỊ TRƯỜNG ! Bán căn hộ 110M2 Tòa 107 Nguyễn Chí Thanh, Đống Đa, LH-0944 956 ***","6,9 tỷ",110 m²,"62,73 tr/m²",3,2,"Láng Hạ, Đống Đa","21.02087497703808, 105.80828203192962"
42329921,04/03/2025,"Bán nhà tập thể mặt phố ô tô tránh, Thái Hà, Đống Đa, 2 ngủ, nhà đẹp, ở ngay, 2,89 tỷ","2,89 tỷ",45 m²,"64,22 tr/m²",2,N/A,"Láng Hạ, Đống Đa","21.0145946444147, 105.816981822448"
35386897,04/03/2025,"Cần bán gấp 3PN2VS, 118m2, Vinhomes Nguyễn Chí Thanh, view hồ Ngọc Khánh",Giá thỏa thuận,118 m²,N/A,3,2,"Láng Hạ, Đống Đa","21.0229530334473, 105.809814453125"
35312032,04/03/2025,"Bán gấp căn đẹp nhất chung cư Hateco Laroma - Huỳnh Thúc Kháng, 138m2, 3PN, căn góc, giá thỏa thuận",Giá thỏa thuận,138 m²,N/A,3,3,"Láng Thượng, Đống Đa","21.020416, 105.80724"
42330077,04/03/2025,Bán căn hộ Tôn Đức thắng DT 100m2 T3 3 ngủ. 2 VS. Giá 4.8 tỷ,"4,8 tỷ",100 m²,48 tr/m²,3,2,"Hàng Bột, Đống Đa","21.0266729350232, 105.833495767096"
42268977,04/03/2025,"Hiếm! Bán Tập thể Vĩnh Hồ, Thái Thịnh- Đống Đa, NHÀ ĐẸP - TIỆN ÍCH BẠT NGÀN - VỀ Ở LUÔN","2,88 tỷ",40 m²,72 tr/m²,2,1,"Thịnh Quang, Đống Đa","21.0068222404931, 105.820335410111"
41165915,04/03/2025,"Cần bán gấp căn hộ tại Vinhomes Nguyễn Chí Thanh, 86m2, để lại nội thất, giá 9 tỷ",9 tỷ,80 m²,"112,5 tr/m²",1,1,"Láng Thượng, Đống Đa","21.02345085144043, 105.80928802490234"
42329758,04/03/2025,"Bán Căn hộ ở Sky City Towers-88 Láng Hạ, diện tích 102,5m2 thiết kế 2 ngủ, 2 WC. Căn duy nhất!",Giá thỏa thuận,"102,5 m²",N/A,N/A,N/A,"Láng Hạ, Đống Đa","21.0117683065388, 105.81145523361"
38843833,04/03/2025,"Chính chủ - bán chung cư CT1 Xã Đàn - Trung Phụng 35 - 55m2, full nội thất, CK 50tr căn, ở ngay",860 triệu,35 m²,"24,57 tr/m²",1,1,"Khâm Thiên, Đống Đa","21.0159532804345, 105.835727175641"
42146289,04/03/2025,"Chính chủ Bán CH M3 M4 - 91 Nguyễn Chí Thanh 165 m2, 3 PN, H Đông Nam, nội thất đẹp, giá 12,5 tỷ","12,38 tỷ",165 m²,75 tr/m²,3,2,"Láng Hạ, Đống Đa","21.0202329802703, 105.808753024577"
41206937,04/03/2025,"Căn hộ chung cư Hacisco, DT 113,36m gồm 3 phòng ngủ giá 6,8 tỷ tại Đống Đa, Hà Nội","6,8 tỷ","113,36 m²","59,99 tr/m²",3,2,"Láng Hạ, Đống Đa","21.0203997738395, 105.808520414635"
42329355,04/03/2025,"Bán căn hộ chung cư 155 m2,3 PN, tòa 170 Đê La Thành, Đống Đa ;0904 760 ***","8,6 tỷ",155 m²,"55,48 tr/m²",3,2,"Ô Chợ Dừa, Đống Đa","21.0207551086351, 105.828115704104"
42327076,04/03/2025,Chuyển nhượng lại căn hộ 3 ngủ 145m ở tháp B chung cư Sky City 88 Láng Hạ giá chỉ hơn 80tr/m2,Giá thỏa thuận,145 m²,N/A,3,2,"Láng Hạ, Đống Đa","21.0123896966178, 105.81218592395884"
42327808,04/03/2025,Siêu phẩm Huỳnh Thúc Kháng 54m2,"8,1 tỷ",54 m²,150 tr/m²,1,1,"Láng Hạ, Đống Đa","21.0183199514616, 105.811320110897"
41592580,04/03/2025,"Quỹ 12 căn vip, giá ngoại giao, vị trí đẹp, lựa chọn căn, giá 7 tỷ, DT: 80m2, 137m2, Hateco Laroma",10 tỷ,94 m²,"106,38 tr/m²",3,2,"Láng Thượng, Đống Đa","21.020416259765625, 105.80724334716797"
42243037,04/03/2025,Bán căn hộ tập thể Trung Tự. 3.9 tỷ - 3PN - 2WC khép kín - Hai mặt thoáng - Nhà đẹp full nội thất,"3,9 tỷ",85 m²,"45,88 tr/m²",3,2,"Phương Liên - Trung Tự, Đống Đa","21.0097910561493, 105.830961679158"
42328741,04/03/2025,Bác sĩ Tân cần bán căn tập thể Phương Mai 65m 2.95tỷ của mình để chuyển về nhà mới,"2,95 tỷ",65 m²,"45,38 tr/m²",N/A,N/A,"Phương Mai, Đống Đa","21.0013723234581, 105.839136375773"
41815647,04/03/2025,"Bán Gấp CC 3PN 2WC,Mới Tinh, 92m2, Đống Đa,Giá chỉ 7,4 Tỷ","7,4 tỷ",92 m²,"80,44 tr/m²",3,2,"Thịnh Quang, Đống Đa","21.004613486039748, 105.81811749260038"
33696257,04/03/2025,"Bán căn 2PN, full nội thất, 86m2, Vinhomes Nguyễn Chí Thanh, ban công Đông Nam",9 tỷ,86 m²,"104,65 tr/m²",2,2,"Láng Hạ, Đống Đa","21.0229530334473, 105.809814453125"
40944772,04/03/2025,Bán căn hộ Ngã Tư Sở trung tâm Hà Nội vừa ở vừa kinh doanh rất thuận tiện tiềm năng cao. 0988 125 ***,"4,3 tỷ",45 m²,"95,56 tr/m²",2,1,"Thịnh Quang, Đống Đa","21.00410270690918, 105.81869506835938"
42322206,04/03/2025,"Bán Chung cư mini tại phố Tây Sơn Đống Đa, 15,5 tỷ, 70 m2, giá siêu hời","15,5 tỷ",70 m²,"221,43 tr/m²",N/A,N/A,"Nam Đồng, Đống Đa","21.0160498182967, 105.828522630499"
42073789,04/03/2025,Vừa ở vừa đầu tư quá tốt! 2.68 tỷ. Tập thể Kim Liên - Tầng đẹp - 2PN - 1WC - Đón đầu dự án xây lại,"2,68 tỷ",60 m²,"44,67 tr/m²",2,1,"Kim Liên, Đống Đa","21.005125616718, 105.835506280758"
42169492,04/03/2025,"Cần bán gấp căn hộ tại Vinhomes Nguyễn Chí Thanh, 90m2, 2 PN, đủ đồ, 8.5 tỉ. LH: 0963 668 ***","8,5 tỷ",90 m²,"94,44 tr/m²",2,2,"Láng Thượng, Đống Đa","21.0234508514404, 105.809288024902"
40958266,04/03/2025,"Cần bán gấp căn hộ chung cư Hateco Laroma 4A HTK, 90m2, 2PN, căn góc, tầng cao, 9 tỉ. 0963 668 ***",9 tỷ,90 m²,100 tr/m²,2,2,"Láng Thượng, Đống Đa","21.0204162597656, 105.807243347168"
42098393,04/03/2025,"Bán gấp căn hộ Hong Kong Tower - 243A Đê La Thành, 126m2, 3PN, đủ đồ, tầng cao, 10.5 tỷ. 0963 668 ***","10,5 tỷ",126 m²,"83,33 tr/m²",3,2,"Láng Thượng, Đống Đa","21.02652611073175, 105.80398210703241"
42320086,04/03/2025,"Cần bán gấp căn hộ tại Vinhomes Nguyễn Chí Thanh, 48m2, 1 PN, đồ mới xịn, 6 tỷ. 0963 668 ***",6 tỷ,48 m²,125 tr/m²,1,1,"Láng Thượng, Đống Đa","21.023171754887546, 105.8091132870681"
42098664,04/03/2025,"Bán gấp căn hộ CC Hateco Laroma 4A Huỳnh Thúc Kháng, 120m2, 3PN, tầng cao, nội thất xịn. 0963 668 ***",Giá thỏa thuận,120 m²,N/A,3,2,"Láng Thượng, Đống Đa","21.0204162597656, 105.807243347168"
41057549,04/03/2025,Chính chủ cần bán nhanh căn 72m 2N2VS giá 9.1 tỷ tại Green Diamond 93 Láng Hạ - Liên hệ: 0906 961 ***,"9,1 tỷ",92 m²,"98,91 tr/m²",2,2,"Láng Hạ, Đống Đa","21.016826629638672, 105.81522369384766"
39198062,04/03/2025,"Bán căn hộ 105m2, 3PN tại CC Hateco Laroma. Căn góc - thiết kế thoáng, đều có ánh sáng. Giá rẻ",Giá thỏa thuận,105 m²,N/A,3,2,"Láng Thượng, Đống Đa","21.0204162597656, 105.807243347168"
42328064,04/03/2025,"Bán căn hộ hoa hậu ở chung cư Lancaster Luminaire, Đống Đa, Hà Nội giá tốt 5 tỷ ký hợp đồng luôn!",5 tỷ,45 m²,"111,11 tr/m²",1,1,"Láng Thượng, Đống Đa","21.02367868521308, 105.80513015098327"
37829781,04/03/2025,"Quỹ căn chuyển nhượng chung cư Hong Kong Tower chủ nhà gửi bán làm việc, thỏa thuận giá trực tiếp","4,2 tỷ",56 m²,75 tr/m²,1,N/A,"Láng Thượng, Đống Đa","21.0272006988525, 105.803825378418"
41298428,04/03/2025,Do công việc cần chuyển nhà bán căn hộ 127m2: 3 ngủ view Đại sứ quán Nga (Đông Nam) LH: 0981 274 ***,116 tỷ,127 m²,"913,39 tr/m²",3,2,"Láng Thượng, Đống Đa","21.0161630832532, 105.832424789788"
42327770,04/03/2025,Bán 2 ngủ full nội thất xịn đẹp giá 12 tỉ,12 tỷ,92 m²,"130,44 tr/m²",N/A,N/A,"Láng Hạ, Đống Đa","21.01755957790609, 105.81548990841758"
41537283,04/03/2025,Căn hộ tầng trung 103m2 3N2Wc ban công hướng ĐN nội thất full ở HongKong Tower giá 9 tỉ,9 tỷ,103 m²,"87,38 tr/m²",3,2,"Láng Thượng, Đống Đa","21.02720069885254, 105.80382537841797"
42327871,04/03/2025,"Hot! Bán Tập thể mặt phố Thái Thịnh - Yên Lãng, Đống Đa, 3 ngủ, nhà nguyên bản","3,6 tỷ",80 m²,45 tr/m²,3,1,"Ô Chợ Dừa, Đống Đa","21.0102788289682, 105.81861308628"
42311371,04/03/2025,"Chuyên gia số 1 Vinhomes Nguyễn Chí Thanh; Cập nhật quỹ căn HOT, hỗ trợ trọn gói; Giá tốt nhất!","5,6 tỷ",56 m²,100 tr/m²,1,1,"Láng Thượng, Đống Đa","21.023452459449583, 105.80929010875093"
42327398,04/03/2025,"2.38 tỷ, DT 50m2, 2 ngủ, 2WC, căn hộ tập thể Bộ Công An, Khâm Thiên, Đống Đa","2,38 tỷ",50 m²,"47,6 tr/m²",2,2,"Khâm Thiên, Đống Đa","21.0185386961042, 105.838430245639"
42116642,04/03/2025,"Chỉ 3,9 tỷ tập thể Nguyễn Chí Thanh, Đống Đa, tầng 1, KD, ô tô, sát phố, sổ to 60m2 2PN nhà đẹp","3,9 tỷ",60 m²,65 tr/m²,2,1,"Láng Hạ, Đống Đa","21.0205613694965, 105.80838551067"
42178048,04/03/2025,"Ngon bổ rẻ! Tập thể Láng Hạ, Đống Đa, tầng 1, 2 thoáng, sổ to 60m2 2PN nhà đẹp chỉ 3,79 tỷ","3,79 tỷ",60 m²,"63,17 tr/m²",2,1,"Láng Hạ, Đống Đa","21.0150067361513, 105.812637415094"
41201102,04/03/2025,"Chính chủ bán CH: 126m2, 3 ngủ, giá 7.5 tỷ ở mặt đường Nguyễn Chí Thanh. LH 0949 035 *** (102)","7,5 tỷ",126 m²,"59,52 tr/m²",3,2,"Láng Hạ, Đống Đa","21.020537472834, 105.809761032016"
41774402,04/03/2025,"Hiếm: Bán căn góc 3 ngủ 110m2. View đẹp, tầng đẹp nhất. Full nội thất. Sổ sẵn giao dịch",Giá thỏa thuận,110 m²,N/A,3,2,"Láng Thượng, Đống Đa","21.027437597648767, 105.80389216271836"
42249165,04/03/2025,"Bán căn hộ 3PN + 2WC tại chung cư M3 - M4 Nguyễn Chí Thanh, hơn 7 tỷ, 110m2, chính chủ HOT",Giá thỏa thuận,110 m²,N/A,3,2,"Láng Hạ, Đống Đa","21.020392251184, 105.809177392279"
41157074,04/03/2025,"Bán căn hộ tập thể tầng 3 E2 mặt phố Thái Thịnh, 80m2, giá 3.7 tỷ","3,7 tỷ",80 m²,"46,25 tr/m²",3,1,"Trung Liệt, Đống Đa","21.0095935595515, 105.818577209601"
42314218,04/03/2025,Bán căn hộ tầng 1 Chùa Bộc DT 80m giá 4.6 tỷ,"4,6 tỷ",80 m²,"57,5 tr/m²",3,2,"Khương Thượng, Đống Đa","21.0087127743882, 105.825877402911"
42229612,04/03/2025,"Bán căn hộ duplex, DT 235m2, tại tòa nhà Petrowaco 97 Láng Hạ, 4PN, 3WC, giá tốt","17,62 tỷ",235 m²,75 tr/m²,4,3,"Láng Hạ, Đống Đa","21.0149765819366, 105.813804444677"
42285663,04/03/2025,"Bán căn hộ 3PN, 2WC tại Hateco Laroma, Đống Đa, Hà Nội, giá cực chất 15 tỷ VND, 137m2",15 tỷ,137 m²,"109,49 tr/m²",3,2,"Láng Thượng, Đống Đa","21.02029361588975, 105.80718149724372"
41979819,04/03/2025,The Terra 83 Hào Nam trung tâm quận Đống Đa chỉ 7 tỷ/căn 2PN full nội thất xịn. LH 0933 218 *** em Vi,7 tỷ,65 m²,"107,69 tr/m²",2,2,"Ô Chợ Dừa, Đống Đa","21.0237952830535, 105.825765035177"
42323509,04/03/2025,Gần hồ! Cực thoáng Sáng. 3.65 tỷ. Căn hộ tập thể Trung Tự - 2PN - 1WC khép kín,"3,65 tỷ",60 m²,"60,83 tr/m²",2,1,"Phương Liên - Trung Tự, Đống Đa","21.0098799779079, 105.83109381796"
41143389,04/03/2025,"Cần bán căn hộ 2 ngủ tại Vinhomes Nguyễn Chí Thanh, 90m2, giá 9 tỷ để lại nội thất. lh 0942 033 ***",Giá thỏa thuận,90 m²,N/A,2,2,"Láng Thượng, Đống Đa","21.0234508514404, 105.809288024902"
41751540,04/03/2025,"Cần bán tập thể 3PN, 2WC, 85m2 tại Trường Chinh, Đống Đa, Hà Nội, chỉ với 3,25 tỷ","3,25 tỷ",92 m²,"35,33 tr/m²",3,2,"Phương Mai, Đống Đa","20.998857622687, 105.838067750967"
41591815,04/03/2025,"Cần bán gấp căn góc 3PN - 111.4m2 toà Hateco Laroma Chùa Láng ở ngay, full nội thất, sẵn sổ lâu dài",10 tỷ,"111,4 m²","89,77 tr/m²",3,2,"Láng Thượng, Đống Đa","21.020416259765625, 105.80724334716797"
41342574,04/03/2025,"Chính chủ cần bán căn góc 3N DT 137m2 tại Hateco Laroma - Láng Thượng, sẵn sổ. Giá 14 tỷ",14 tỷ,137 m²,"102,19 tr/m²",3,2,"Láng Thượng, Đống Đa","21.020416259765625, 105.80724334716797"
42325925,04/03/2025,"CHCC 119.6m2, 3PN, 2WC tòa Sông Hồng Park View số 165 Thái Hà - giá: 7.5 tỷ","7,5 tỷ","119,6 m²","62,71 tr/m²",3,2,"Láng Hạ, Đống Đa","21.014567520519027, 105.81673854280987"
41716196,04/03/2025,"Chính chủ cần bán gấp căn hộ Hong Kong Tower - 243A Đê La Thành, 105m2, 03PN, căn góc Đông Nam",Giá thỏa thuận,105 m²,N/A,3,2,"Láng Thượng, Đống Đa","21.02720069885254, 105.80382537841797"
42275693,04/03/2025,"Bán nhanh căn hộ CC Hateco Laroma - Huỳnh Thúc Kháng,DT 137m2, 3PN, căn góc, tầng cao, view thoáng.",Giá thỏa thuận,137 m²,N/A,3,2,"Láng Thượng, Đống Đa","21.02042525303539, 105.80661176368402"
42073361,04/03/2025,"Bán gấp căn hộ cao cấp Vinhomes Nguyễn Chí Thanh, 2 ngủ 86m2 full nội thất giá 8 tỷ LH 0814 332 ***",8 tỷ,86 m²,"93,02 tr/m²",2,2,"Láng Hạ, Đống Đa","21.023017353539807, 105.80914961421821"
42131732,04/03/2025,"Bán gấp căn hộ chung cư Sông Hồng Park View 165 Thái Hà, 3PN căn góc 107m2 giá 8tỷ LH: 0814 332 ***",8 tỷ,107 m²,"74,77 tr/m²",3,2,"Láng Hạ, Đống Đa","21.014835357666, 105.817268371582"
42325970,04/03/2025,Bán căn hộ tập thể Nam Đồng 3.8 tỷ. Tầng 2 2PN 1WC. DT sổ 33m2. Thực tế 80m2. Ban công sáng thoáng,"3,8 tỷ",80 m²,"47,5 tr/m²",2,1,"Nam Đồng, Đống Đa","21.0121709631746, 105.829180399094"
40838416,04/03/2025,Giá tốt ! Bán căn hộ hoa hậu tại dự án Hateco diện tích 113m2 - thiết kế 3 PN 2 WC giá cực tốt,Giá thỏa thuận,113 m²,N/A,3,2,"Láng Thượng, Đống Đa","21.0204162597656, 105.807243347168"
38352266,04/03/2025,"Cần bán căn góc 3 ngủ tầng cao ở chung cư Hong Kong Tower, giá thoả thuận. Lh: 0906 244 ***",Giá thỏa thuận,107 m²,N/A,3,2,"Láng Thượng, Đống Đa","21.0272006988525, 105.803825378418"
40831595,04/03/2025,Nhượng căn 3 ngủ 140m full đồ hiện đại nhà mới 100% tầng cao view hồ,18 tỷ,142 m²,"126,76 tr/m²",3,N/A,"Láng Hạ, Đống Đa","21.016826629638672, 105.81522369384766"
41597810,04/03/2025,"Chính chủ cần bán gấp căn hộ 187 Nguyễn Lương Bằng. DT 66m2, 2PN full nội thất, mua về ở ngay","4,85 tỷ",66 m²,"73,48 tr/m²",2,1,"Quang Trung, Đống Đa","21.013336, 105.82765"
42283843,04/03/2025,"Bán tập thể Nguyễn Chí Thanh - Nguyên Hồng, Đống Đa, nhà đẹp 2 ngủ, full nội thất, giá chỉ 2.95 tỷ","2,95 tỷ",55 m²,"53,64 tr/m²",2,1,"Láng Hạ, Đống Đa","21.0202877519099, 105.808504054635"
42304993,04/03/2025,"Bán tập thể 2PN 2WC tại Trung Tự, Đống Đa, giá tốt 3,55 tỷ, khu vip phân lô cực đẹp, gần Hồ Đắc Di","3,55 tỷ",60 m²,"59,17 tr/m²",2,2,"Phương Liên - Trung Tự, Đống Đa","21.0038588435394, 105.831389728482"
42268674,04/03/2025,"Bán Tập thể Hồ Đắc Di - Nam Đồng , Đống Đa, nhà đẹp 2 ngủ riêng biệt, Full nội thất, nhỉnh 2 tỷ","2,85 tỷ",60 m²,"47,5 tr/m²",2,2,"Nam Đồng, Đống Đa","21.0122956445221, 105.82953279704"
42234465,04/03/2025,"Chính chủ tôi bán căn hộ Vườn Xuân - 71 Nguyễn Chí Thanh - 76,1m2 có 2 phòng ngủ full đồ","5,3 tỷ","76,1 m²","69,64 tr/m²",2,1,"Láng Hạ, Đống Đa","21.016073737134917, 105.81264056258757"
42164274,04/03/2025,"Hiếm! Chỉ 2 tỷ, căn studio tầng 3 phố Tôn Đức Thắng - Full nội thất. Bán gấp trong tháng 2/2025",2 tỷ,48 m²,"41,67 tr/m²",2,1,"Hàng Bột, Đống Đa","21.0269162944597, 105.8334150331"
42198369,04/03/2025,"HOT: Bán căn hộ studio Lancaster - 45m2, full đẹp, giá 5tỷ. LH: 0899.,511,.866",5 tỷ,45 m²,"111,11 tr/m²",1,1,"Láng Thượng, Đống Đa","21.023524152677695, 105.80550074567373"
39854732,04/03/2025,Sở hữu căn 2N tại Đống Đa chỉ từ 3.6 tỷ/căn + Chiết khấu 10% + Miễn 2 năm phí DV + Quà tặng 215tr,Giá thỏa thuận,45 m²,N/A,2,1,"Thịnh Quang, Đống Đa","21.0041027069092, 105.818695068359"
40477567,04/03/2025,PKD bán quỹ chuyển nhượng từ 3 phòng ngủ sẵn sổ đỏ tại Green Diamond 93 Láng Hạ - 0931 318 ***,Giá thỏa thuận,137 m²,N/A,3,2,"Láng Hạ, Đống Đa","21.0168266296387, 105.815223693848"
40833893,04/03/2025,Tôi cần bán căn hộ Studio 50m2 full nội thất giá chỉ 4 tỷ tại Lancaster Luminaire - đường Láng,4 tỷ,50 m²,80 tr/m²,1,1,"Láng Thượng, Đống Đa","21.0235824584961, 105.805229187012"
41776032,04/03/2025,"Bán CCMN phố Chùa Láng - Nguyễn Chí Thanh, full nội thất (như ảnh). DT 52m2, 2PN. Giá 1,98 tỷ","1,98 tỷ",55 m²,36 tr/m²,2,1,"Láng Thượng, Đống Đa","21.0230915405287, 105.805937611858"
40784874,04/03/2025,"Cần bán gấp căn hộ CCMN 2PN mới phố Nguyễn Trãi - Tây Sơn, full nội thất, DT 52m2, giá 1tỷ980","1,98 tỷ",52 m²,"38,08 tr/m²",2,1,"Thịnh Quang, Đống Đa","21.0046066276897, 105.821836980007"
41739788,04/03/2025,"Hiếm! Bán CCMN mới 52m2, 2PN ngõ 136 Chùa Láng, full nội thất cao cấp, nhận nhà ở ngay","1,95 tỷ",52 m²,"37,5 tr/m²",2,1,"Láng Thượng, Đống Đa","21.0232230765831, 105.806289125977"
41190735,04/03/2025,"Căn hộ giá 7.2 tỷ VND tại đường Nguyễn Chí Thanh, Hà Nội","7,2 tỷ","104,43 m²","68,95 tr/m²",3,2,"Láng Hạ, Đống Đa","21.0202999829145, 105.808375377789"
41464858,04/03/2025,"Chính CĐT bán căn hộ chung cư mini xây mới, full nội thất, Thái Thịnh - Thái Hà. Giá 1ty4/căn","1,4 tỷ",52 m²,"26,92 tr/m²",2,1,"Trung Liệt, Đống Đa","21.0100191073842, 105.818922959517"
42034521,04/03/2025,Cực rẻ! Căn hộ Hacisco 107 Nguyễn Chí Thanh 3PN - 2WC chỉ hơn 7 tỷ TL,Giá thỏa thuận,115 m²,N/A,3,2,"Láng Hạ, Đống Đa","21.0197006639243, 105.809505408493"
41806148,04/03/2025,"Bán căn hộ mini mới tại Thái Thịnh, Chính chủ","1,39 tỷ",40 m²,"34,75 tr/m²",1,1,"Thịnh Quang, Đống Đa","21.0107284031524, 105.818445396446"
41427184,04/03/2025,"Bán CCMN mới đường Thái Hà - Thái Thịnh. Căn 35m2, 1PN, mặt ngõ, ban công thoáng. Giá 1,4 tỷ","1,4 tỷ",35 m²,40 tr/m²,1,1,"Thịnh Quang, Đống Đa","21.0071669433208, 105.820998453203"
41835303,04/03/2025,"Bán nhà chung cư Chùa Láng, Đống Đa 55m2, nhỉnh tỷ",Giá thỏa thuận,55 m²,N/A,2,1,"Láng Thượng, Đống Đa","21.0229666428744, 105.806096098357"
42034742,04/03/2025,"Bán CCMN 2PN, 1WC ở Cầu Giấy, 1,98 tỷ, 50m2 (full đồ cao cấp)","1,98 tỷ",50 m²,"39,6 tr/m²",2,1,"Láng Thượng, Đống Đa","21.0292915360498, 105.803443064606"
41387208,04/03/2025,"Hàng hiếm tại Ngã Tư Sở, CCMN giá 1,9 tỷ vnd, 52m2, 2PN + 1 WC/PT, full nội thất. Ô tô đỗ cửa","1,9 tỷ",52 m²,"36,54 tr/m²",2,1,"Thịnh Quang, Đống Đa","21.0071200031039, 105.82065647648"
42016829,04/03/2025,"Tập thể tầng 5 nhà B2 Vĩnh Hồ, 20m ra mặt phố, view sân chơi, ô tô gần, nhà mới thoáng, 65m2/2.8tỷ","2,8 tỷ",65 m²,"43,08 tr/m²",3,1,"Thịnh Quang, Đống Đa","21.0065171365504, 105.820289720105"
39883984,04/03/2025,"Bán căn hộ 165 Thái Hà DT 125m2 có 3PN - 2WC nhà đẹp ở ngay. Giá 7.5 tỷ, LH 0988 637 ***","7,5 tỷ",125 m²,60 tr/m²,3,2,"Láng Hạ, Đống Đa","21.014835357666, 105.817268371582"
41953565,04/03/2025,"Chính chủ bán gấp căn hộ 3 tầng TT Tôn Đức Thắng - Ô Chợ Dừa, 110m2 - 3 ngủ riêng biệt - 3.3 tỷ","3,3 tỷ",110 m²,30 tr/m²,3,2,"Hàng Bột, Đống Đa","21.0270463677354, 105.8337569049"
42323267,04/03/2025,Tập thể Hồ Đắc Di - hoa hậu Đống Đa chỉ dưới 3 tỷ,"2,85 tỷ",60 m²,"47,5 tr/m²",2,1,"Nam Đồng, Đống Đa","21.0120783295283, 105.829474977894"
40725214,04/03/2025,Bán căn hộ 3PN cực vip 172m2 ban công Đông Nam tại chung cư Sky City 88 Láng Hạ nhà full nội thất,Giá thỏa thuận,172 m²,N/A,3,2,"Láng Hạ, Đống Đa","21.01179665781677, 105.81184735797882"
41711528,04/03/2025,"Căn 2 ngủ nhà đẹp - giá rẻ nhất tại Sky City 88 Láng Hạ, tầng cao view thoáng, ngắm trọn thành phố",Giá thỏa thuận,112 m²,N/A,2,2,"Láng Hạ, Đống Đa","21.012706715351698, 105.8113428148945"
42322752,04/03/2025,"Tập thể Hồ Đắc Di 24/65m2, full nội thất, 2.8 tỷ","2,8 tỷ",65 m²,"43,08 tr/m²",2,2,"Nam Đồng, Đống Đa","21.0123660358864, 105.829075208846"
40155207,04/03/2025,Tổng hợp quỹ căn dự án Hateco Laroma mua bán chuyển nhượng và ký trực tiếp CĐT: LH: 0934 364 ***,11 tỷ,"112,8 m²","97,52 tr/m²",3,N/A,"Láng Thượng, Đống Đa","21.020776191695358, 105.80676704496884"
40136827,04/03/2025,"Bán suất ngoại giao đứng tên cán bộ tập đoàn, căn 3 ngủ dự án Hateco Laroma. Liên hệ PKD 0934 364 ***",Giá thỏa thuận,120 m²,N/A,3,N/A,"Láng Thượng, Đống Đa","21.020164960938317, 105.80808266086265"
39420048,03/03/2025,Mới bán gấp 2 căn góc 102m - 139m2 tại Sky City 88 Láng Hạ giá rẻ nhất nội khu bao toàn bộ chi phí,Giá thỏa thuận,139 m²,N/A,3,2,"Láng Hạ, Đống Đa","21.0124912261963, 105.811317443848"
38701765,03/03/2025,Siêu hiếm căn hộ 4PN chung cư 93 Láng Hạ - Sổ đỏ trao tay. Em Sơn 0899 822 ***,Giá thỏa thuận,91 m²,N/A,2,N/A,"Láng Hạ, Đống Đa","21.0168266296387, 105.815223693848"
41661959,03/03/2025,Bán căn hộ phố An Trạch - Đống Đa 52m2 2 ngủ giá 1.79 tỷ ở ngay full nội thất,"1,79 tỷ",52 m²,"34,42 tr/m²",2,1,"Văn Miếu - Quốc Tử Giám, Đống Đa","21.0279262128713, 105.8317004101"
40222054,03/03/2025,"Chính chủ bán 2PN-2WC,DT 72m2, giá 7,9 tỷ, tòa Green Diamond 93 Láng Hạ, ban công ĐN ,LH 0363 388 ***","7,9 tỷ",72 m²,"109,72 tr/m²",2,2,"Láng Hạ, Đống Đa","21.0168266296387, 105.815223693848"
42322877,03/03/2025,Cô Nga cán bộ về Hưu cần bán căn tập thể Hồ Đắc Di 60m 2.86tỷ của mình để về với con chăm cháu,"2,86 tỷ",60 m²,"47,67 tr/m²",N/A,N/A,"Nam Đồng, Đống Đa","21.0121596884177, 105.828762173666"
41815654,03/03/2025,"Vip! Bán CC 3PN 92m2, full nội thất, Đống Đa, giá siêu hời chỉ với 7,4 tỷ","7,4 tỷ",92 m²,"80,44 tr/m²",3,2,"Thịnh Quang, Đống Đa","21.004814556394713, 105.8187426241886"
42278325,03/03/2025,"Hiếm! Bán tập thể mặt phố Láng Hạ - 55m, full đồ ở ngay, chỉ 2,98 tỷ","2,98 tỷ",55 m²,"54,18 tr/m²",2,1,"Láng Hạ, Đống Đa","21.0152229526757, 105.813321595042"
39355634,03/03/2025,"Hot! Nhượng lại nhanh căn góc vip 3 ngủ DT 141m2 tầng cao, ban công rộng view Hồ",Giá thỏa thuận,141 m²,N/A,3,2,"Láng Hạ, Đống Đa","21.01599965861194, 105.81526626667022"
41975428,03/03/2025,(Giá chuẩn) bán nhanh căn hộ 2 ngủ view hồ Hoàng Cầu DT 70.3m2 tầng trung giá tốt 7.7 tỷ,"7,7 tỷ","70,3 m²","109,53 tr/m²",2,2,"Láng Hạ, Đống Đa","21.016743949301148, 105.81523469775082"
42191223,03/03/2025,(Căn góc hoa hậu) 2 ngủ 76m2 view Ngã Tư Sở đẹp nhất chung cư 90 Láng giá chỉ nhỉnh 5 tỷ,"5,6 tỷ",76 m²,"73,68 tr/m²",2,2,"Thịnh Quang, Đống Đa","21.0045754052667, 105.819249490643"
39243841,03/03/2025,"Bán căn hộ chung cư Sông Hồng Park View - 165 Thái Hà, 120m2, 3PN, căn góc, đủ đồ. LH 0972 709 ***",Giá thỏa thuận,120 m²,N/A,3,2,"Láng Hạ, Đống Đa","21.014835357666016, 105.81726837158203"
42208558,03/03/2025,"Bán căn hộ chung cư Sông Hồng Park View 165 Thái Hà, 105m2, 3PN, căn góc, đủ đồ, ban công Đông Nam",Giá thỏa thuận,105 m²,N/A,3,2,"Láng Hạ, Đống Đa","21.01500137889778, 105.81698835273475"
41822585,03/03/2025,"Bán gấp căn hộ Hong Kong Tower - 243A Đê La Thành, 105m2, 3PN, đủ đồ, tầng cao, 9.5 tỉ. 0963 668 ***","9,5 tỷ",105 m²,"90,48 tr/m²",3,2,"Láng Thượng, Đống Đa","21.02796163907616, 105.80370925794566"
42317957,03/03/2025,Chỉ 3.35 tỷ. Căn hộ Duplex 3PN 2WC 110m2 - Tầng 2 - Tập thể In Ngân Hàng - Phố Tôn Đức Thắng,"3,35 tỷ",110 m²,"30,46 tr/m²",3,2,"Hàng Bột, Đống Đa","21.0267647840796, 105.833821140887"
42312471,03/03/2025,"Hiếm có! Bán Tập thể Nam Đồng - Hồ Đắc Di, Đống Đa, Tầng 2, 3 ngủ, nhà đẹp ở luôn","3,7 tỷ",75 m²,"49,33 tr/m²",3,1,"Nam Đồng, Đống Đa","21.0122705634097, 105.829242717426"
42245833,03/03/2025,"Bán tập thể Trung Tự - Đặng Văn Ngữ, Đống Đa, 2 ngủ, ô tô đỗ chân toà, khu vip, full đồ đẹp ở ngay","3,4 tỷ",65 m²,"52,31 tr/m²",3,1,"Phương Liên - Trung Tự, Đống Đa","21.0043040152427, 105.831109633931"
42316706,03/03/2025,"Hiếm! Bán tập thể Văn Chương - Khâm Thiên, Đống Đa, vị trí rất đẹp, có sân chơi","3,55 tỷ",80 m²,"44,38 tr/m²",2,1,"Văn Chương, Đống Đa","21.0215736377699, 105.8335685512"
41768030,03/03/2025,"Nhượng lại căn 2 ngủ full nội thất đẹp giá 9, xx tỉ dự án Green Diamond 93 Láng Hạ",Giá thỏa thuận,86 m²,N/A,2,N/A,"Láng Hạ, Đống Đa","21.016049032046386, 105.81530423248245"
42253791,03/03/2025,"Nhà đẹp ở luôn Tôn Thất Tùng, Đống Đa 100m2, giá 3.85 tỷ","3,85 tỷ",100 m²,"38,5 tr/m²",3,2,"Khương Thượng, Đống Đa","21.0026240420407, 105.829993533252"
42075496,03/03/2025,Chính chủ bán gấp căn hộ TT cán bộ cấp cao - Nguyễn Ngọc Doãn - lô góc - 130m2 - 3PN riêng - 3.9 tỷ,"3,9 tỷ",130 m²,30 tr/m²,3,2,"Hàng Bột, Đống Đa","21.0082853084404, 105.830569831786"
42320155,03/03/2025,Cần bán gấp căn tập thể tầng 3 Kim Liên - Đống Đa - 45m2,"2,5 tỷ",45 m²,"55,56 tr/m²",2,1,"Kim Liên, Đống Đa","21.0047520130255, 105.835615141654"
42320115,03/03/2025,"Chính chủ bán căn tập thể Vĩnh Hồ, tầng 2, 2PN, vệ sinh khép kín","2,8 tỷ",25 m²,112 tr/m²,2,1,"Thịnh Quang, Đống Đa","21.0068595993564, 105.820176051318"
42321679,03/03/2025,Hot!!! Cần tiền bán rẻ hơn tt 10tr/m2 căn Studio dự án Lancaster Láng. Sở hữu lâu dài.Lh:0911 717 ***,5 tỷ,46 m²,"108,7 tr/m²",1,1,"Láng Thượng, Đống Đa","21.0231162601858, 105.805341014942"
42282913,03/03/2025,SIÊU PHẨM căn góc 3 phòng ngủ rộng 172m2 full nội thất sang trọng tháp B - Sky City 88 Láng Hạ,Giá thỏa thuận,172 m²,N/A,3,2,"Láng Hạ, Đống Đa","21.013261003305967, 105.81123327810359"
41857113,03/03/2025,Cần bán gấp căn hộ 3PN Hồng Koong Tower Kim Mã. Căn hộ rộng 126m2 BC Đông Nam,Giá thỏa thuận,126 m²,N/A,3,2,"Láng Thượng, Đống Đa","21.02726488730474, 105.80336696311942"
41601011,03/03/2025,"Tôi bán căn hộ chung cư tòa nhà 170 Đê La Thành - 142,6m2, 3PN full nội thất","7,68 tỷ","142,6 m²","53,86 tr/m²",3,2,"Ô Chợ Dừa, Đống Đa","21.0212249755859, 105.828063964844"
40587487,03/03/2025,Sang trọng - Tiện nghi! Căn hộ 45m2 studio hiện đại tầng cao tại Lancaster Láng cần bán giá tốt,5 tỷ,45 m²,"111,11 tr/m²",1,1,"Láng Thượng, Đống Đa","21.0235824584961, 105.805229187012"
41410343,03/03/2025,0971 085 *** chính chủ bán CH Hong Kong Tower 3PN DT 104m2 - 8 tỷ & 126m2 - 9 tỷ full NT đẹp SĐCC,8 tỷ,104 m²,"76,92 tr/m²",3,2,"Láng Thượng, Đống Đa","21.0272006988525, 105.803825378418"
42320873,03/03/2025,"Chính chủ gửi bán gấp căn hộ tại Vinhomes Nguyễn Chí Thanh, 50m2, 1 PN, đồ mới xịn giá chỉ 6 tỷ",6 tỷ,50 m²,120 tr/m²,1,N/A,"Láng Thượng, Đống Đa","21.02420571925417, 105.80971253856575"
41763626,03/03/2025,"Bán căn hộ Thái Hà - Chùa Bộc 2PN 52m2, full nội thất, ở ngay","1,89 tỷ",52 m²,"36,35 tr/m²",2,1,"Trung Liệt, Đống Đa","21.0125225640471, 105.820023279513"
41686377,03/03/2025,"Bán tập thể Kim Liên 24/50m2, giá 2,5 tỷ ngõ rộng gần phố, trường, chợ, ở hoặc đầu tư","2,5 tỷ",24 m²,"104,17 tr/m²",1,1,"Kim Liên, Đống Đa","21.0050505376489, 105.835328905202"
42320452,03/03/2025,"Bán căn hộ chung cư view đẹp tại 170 Đê La Thành, giá hơn 8 tỷ VND, 154m2, 3PN, 3WC",Giá thỏa thuận,154 m²,N/A,3,3,"Ô Chợ Dừa, Đống Đa","21.02111613664098, 105.8281348727202"
31246336,03/03/2025,"Bán căn hộ cao cấp Hong Kong Tower, 243A Đê La Thành, 127m2, 3 ngủ đủ đồ. LH 0945 894 ***",Giá thỏa thuận,127 m²,N/A,3,3,"Láng Thượng, Đống Đa","21.0272006988525, 105.803825378418"
42320181,03/03/2025,"Siêu hiếm! Căn đập thông Hateco Laroma 190m2 3PN 3vs 28 tỷ full nội thất, view hồ Tây",28 tỷ,190 m²,"147,37 tr/m²",3,3,"Láng Thượng, Đống Đa","21.0207551094812, 105.807671548254"
42317823,03/03/2025,Đầu tư siêu tốt! Chỉ 3.3 tỷ. Tập thể học viện Ngân Hàng - Tầng 1 Phố Nguyễn Ngọc Doãn. Sổ 40m2,"3,3 tỷ",60 m²,55 tr/m²,2,1,"Phương Liên - Trung Tự, Đống Đa","21.0084301072502, 105.830817856533"
42320172,03/03/2025,"Bán gấp CH chung cư Lancaster Luminaire, 1152 đường Láng DT45m2, sổ lâu dài giá 4,95 tỷ","4,95 tỷ",45 m²,110 tr/m²,1,1,"Láng Thượng, Đống Đa","21.0237248276563, 105.80541949634244"
42320077,03/03/2025,"Bán căn hộ chung cư toà 170 Đê La Thành 153m2 ,thiết kế 3 ngủ , 2 vệ sinh.Lh Mr Trung: 0966 988 ***","8,6 tỷ",153 m²,"56,21 tr/m²",3,3,"Ô Chợ Dừa, Đống Đa","21.0211398007752, 105.827433654277"
42319854,03/03/2025,"Bán cc M5 Nguyễn Chí Thanh, diện tích 133m2, giá bán 8xtr/m2. Tell 0934 288 ***","11,3 tỷ",133 m²,85 tr/m²,3,2,"Láng Hạ, Đống Đa","21.021060603764962, 105.81008605392472"
41225465,03/03/2025,"Chính chủ bán căn TT ngõ 360 Xã Đàn, phòng 412 A, 2 phòng ngủ, nội thất hiện đại, giá chỉ 2.68 tỷ","2,68 tỷ",50 m²,"53,6 tr/m²",2,1,"Khâm Thiên, Đống Đa","21.0185232730361, 105.838214152914"
40682144,03/03/2025,"Mở bán căn hộ cho thuê chuẩn KS 90 Láng The Ninety Complex (Cam kết cho thuê luôn), 0917 136 ***",Giá thỏa thuận,60 m²,N/A,2,N/A,"Thịnh Quang, Đống Đa","21.0041027069092, 105.818695068359"
41316038,03/03/2025,"Bán CHCC Green Diamond - 93 Láng Hạ, Đống Đa, 2PN, 91,78m2, đồ cơ bản, giá đẹp. LH 0983 951 ***","9,5 tỷ","91,78 m²","103,51 tr/m²",2,2,"Láng Hạ, Đống Đa","21.016826629638672, 105.81522369384766"
35448284,03/03/2025,"Bán CH tại Hoàng Cầu Skyline - 36 Hoàng Cầu, 2 PN - 92m2 view hồ, giá từ 9, X tỷ, LH: 0931 318 ***",Giá thỏa thuận,92 m²,N/A,2,2,"Ô Chợ Dừa, Đống Đa","21.0164928436279, 105.822814941406"
38976450,03/03/2025,"Chính chủ - bán chung cư T1 Hoàng Cầu - Yên Lãng - Đống Đa - nội thất đầy đủ, sổ hồng vĩnh viễn",1 tỷ,58 m²,"17,24 tr/m²",2,2,"Ô Chợ Dừa, Đống Đa","21.0164248526131, 105.822678153445"
42319499,03/03/2025,Tập thể Nam Đồng - vị trí vip - ô tô đỗ cổng - ở cực vip - 2 tỷ 9,"2,9 tỷ",23 m²,"126,09 tr/m²",2,1,"Nam Đồng, Đống Đa","21.0134421263393, 105.833248206103"
39802066,03/03/2025,"Quỹ căn hộ cần bán gấp tòa HongKong Tower, 1PN,2PN,3PN - 44m2 - 126m2, LH xem nhà 24/7: 0982 040 ***","3,78 tỷ",44 m²,86 tr/m²,1,1,"Láng Thượng, Đống Đa","21.02720069885254, 105.80382537841797"
42319193,03/03/2025,"Bán căn hộ chung cư toà 170 Đê La Thành 153m2 , thiết kế 3 ngủ , 2 vệ sinh . Lh : 0971 405 ***","8,6 tỷ",153 m²,"56,21 tr/m²",3,2,"Ô Chợ Dừa, Đống Đa","21.0207243647995, 105.828275941239"
42310523,03/03/2025,"Bán nhà tập thể Kim Liên, ô tô đỗ cửa - 2 mặt thoáng - 2PN - 60m2, nội thất đẹp","2,68 tỷ",60 m²,"44,67 tr/m²",2,1,"Kim Liên, Đống Đa","21.0052136921519, 105.835530406337"
42199687,03/03/2025,"Bán căn hộ chung cư Tây Sơn Đống Đa Hà Nôi 65m2 , thiết kế 2 ngủ , 1 vệ sinh . Lh : 0971 405 ***","4,95 tỷ",65 m²,"76,15 tr/m²",2,1,"Quang Trung, Đống Đa","21.0097149177969, 105.824670998413"
42318880,03/03/2025,"Bán căn 2 ngủ, full nội thất ở ngay, chung cư Hòa Phát 257 Giải Phóng, Đống Đa","6,28 tỷ",90 m²,"69,78 tr/m²",2,2,"Phương Mai, Đống Đa","20.998500781412474, 105.84056417970592"
42318605,03/03/2025,"Bán căn hộ 133m2, giá thỏa thuận tại M5 Nguyễn Chí Thanh, Đống Đa, Hà Nội",Giá thỏa thuận,133 m²,N/A,3,2,"Láng Hạ, Đống Đa","21.021265062434175, 105.81006468670299"
42318564,03/03/2025,"Bán căn hộ chung cư 66 m2, 2 PN, 187 Tây Sơn, Đống Đa; ban công Đông Nam, 0904 760 ***","4,85 tỷ",66 m²,"73,48 tr/m²",2,1,"Quang Trung, Đống Đa","21.012891352356935, 105.82751590220627"
42141410,03/03/2025,"Bán căn hộ 80m2 - 2PN căn góc, full nội thất, Tòa 71 Nguyễn Chí Thanh. Giá hơn 5 tỷ","5,5 tỷ",80 m²,"68,75 tr/m²",2,2,"Láng Hạ, Đống Đa","21.015422540899763, 105.81296382662303"
42265407,03/03/2025,"Hoàng 3333 Giá Thật. Bán CH 72m2 2PN, 2VS tại Green Diamond 93 Láng Hạ, Ban công Đông Nam mát mẻ, S","9,3 tỷ",72 m²,"129,17 tr/m²",2,2,"Láng Hạ, Đống Đa","21.016290730462845, 105.8149067417264"
42318562,03/03/2025,"Bán tập thế Chùa Láng, Đống Đa, T2, 75m2 (37m2 sổ), 3 ngủ, 3.75 tỷ","3,75 tỷ",75 m²,50 tr/m²,3,1,"Láng Thượng, Đống Đa","21.0230912031049, 105.806451403205"
42317693,03/03/2025,Hiếm! 2.98 tỷ. Căn hộ tập thể Phố Láng Hạ. Vị trí cực đẹp. Sáng thoáng. DT 56m2,"2,98 tỷ",56 m²,"53,21 tr/m²",2,1,"Láng Hạ, Đống Đa","21.0154876735995, 105.812763784289"
35004324,03/03/2025,Cần gấp - bán chung cư CT1 Phạm Ngọc Thạch - Xã Đàn - Đống Đa - full nội thất - Sổ hồng vĩnh viễn,852 triệu,58 m²,"14,69 tr/m²",2,1,"Quang Trung, Đống Đa","21.0086145, 105.834091"
42318135,03/03/2025,"Bán CC Vinhomes Nguyễn Chí Thanh, 55m2, 1PN, 1WC, Giá 6,x Tỷ Sổ Hồng Chính Chủ LH 0947 795 ***",Giá thỏa thuận,55 m²,N/A,1,1,"Láng Thượng, Đống Đa","21.0237297068229, 105.808616107601"
42318016,03/03/2025,Siêu phẩm tập thể - TT Đống Đa - ô tô đỗ cửa - 2 thoáng vĩnh viễn trước sau - DTSD 110m2 - 3 ngủ,"4,6 tỷ",110 m²,"41,82 tr/m²",3,2,"Khâm Thiên, Đống Đa","21.0265197158284, 105.833986928343"
41943598,03/03/2025,"(Giá shock) Chỉ 2,68 tỷ mua đứt căn Studio The Ninety Complex full nội thất. LH: 0977 535 ***","2,68 tỷ","32,5 m²","82,46 tr/m²",N/A,N/A,"Thịnh Quang, Đống Đa","21.0045087587887, 105.818889439004"
42313443,03/03/2025,"Bán nhà tầng 5 tại Thái Hà, Trung Liệt, Đống Đa, Hà Nội, 3,6 tỷ, 60m2, ô tô đỗ cửa","3,6 tỷ",60 m²,60 tr/m²,2,1,"Trung Liệt, Đống Đa","21.0129679562514, 105.819992477548"
42285192,03/03/2025,"Bán tập thể Tôn Đức Thắng, T2, 60m2(34m2 sổ), 2 ngủ, 2 thoáng, 3.3 tỷ","3,3 tỷ",60 m²,55 tr/m²,2,N/A,"Hàng Bột, Đống Đa","21.0268676661607, 105.833693264349"
42285048,03/03/2025,"Bán tập thể Thủy Lợi, Đống Đa, T1, 60m2, 2 ngủ, gần phố, 2.8 tỷ","2,8 tỷ",60 m²,"46,67 tr/m²",2,N/A,"Khương Thượng, Đống Đa","21.0048089552329, 105.821973929364"
42283891,03/03/2025,"Bán TT Láng Hạ, mặt phố, Đống Đa, 50m2, 2 ngủ, 2.98 tỷ","2,98 tỷ",50 m²,"59,6 tr/m²",2,N/A,"Láng Hạ, Đống Đa","21.0156014623841, 105.812817821899"
42252880,03/03/2025,"Bán tập thể Bưu điện Thổ Quan, Đống Đa, T3, 65m2 (35m2 sổ) 3 ngủ, 3.05 tỷ","3,05 tỷ",65 m²,"46,92 tr/m²",3,N/A,"Khâm Thiên, Đống Đa","21.0186189856411, 105.838205934786"
42159236,03/03/2025,"Bán tập thể Nam Đồng, Hồ Đắc Di, Đống Đa, 60m2, 2 ngủ, 2 thoáng, 2.85 tỷ","2,85 tỷ",60 m²,"47,5 tr/m²",2,1,"Nam Đồng, Đống Đa","21.0122849451708, 105.829111232866"
42256233,03/03/2025,"Bán tập thể Tôn Đức Thắng, Đống Đa, T2, 100m2, 3 ngủ, 3.35 tỷ","3,35 tỷ",100 m²,"33,5 tr/m²",3,2,"Hàng Bột, Đống Đa","21.0270133309284, 105.833647913503"
42253792,03/03/2025,"Bán tập thể Thái Thịnh, Vĩnh Hồ, 50m2, 2 ngủ riêng biệt, 2.75 tỷ","2,75 tỷ",80 m²,"34,38 tr/m²",2,2,"Thịnh Quang, Đống Đa","21.0104605084049, 105.818437736185"
42307677,03/03/2025,"Bán tập thể Chùa Láng, Đống Đa, T2, 45m2 (30m2 sổ), 2 ngủ, 3.25 tỷ","3,25 tỷ",45 m²,"72,22 tr/m²",2,1,"Láng Thượng, Đống Đa","21.0230715843104, 105.806078550785"
42263665,03/03/2025,"Bán tập thể Trung Tự, Đống Đa, 60m2 (35m2 sổ), 2 ngủ, 3.65 tỷ","3,65 tỷ",60 m²,"60,83 tr/m²",2,N/A,"Phương Liên - Trung Tự, Đống Đa","21.0045012937629, 105.831059884862"
42307639,03/03/2025,"Bán tập thể Văn Chương, Đống Đa, 55m2 (27m2 sổ), 2 ngủ, 2.48 tỷ","2,48 tỷ",55 m²,"45,09 tr/m²",2,1,"Văn Chương, Đống Đa","21.0219552061226, 105.833511815082"
42307727,03/03/2025,"Bán tập thể Nam Đồng, Hồ Đắc Di, Đống Đa, 65m2 (39m2 sổ), 2 ngủ, 3.65 tỷ","3,65 tỷ",65 m²,"56,15 tr/m²",2,2,"Nam Đồng, Đống Đa","21.0123339363467, 105.829042797444"
42098881,03/03/2025,"Bán căn hộ chung cư tại MIPEC Towers, 229 Tây Sơn.Giá thỏa thuận, 120m2, 2PN. Liên hệ 0777 375 ***",Giá thỏa thuận,120 m²,N/A,2,2,"Trung Liệt, Đống Đa","21.006278158270813, 105.8226532061353"
42285067,03/03/2025,"Cần bán gấp chung cư D. Le Pont D'or Tân Hoàng Minh(36 Hoàng Cầu) 94 m2, 2PN, đủ đồ xịn. 0963 668 ***",Giá thỏa thuận,94 m²,N/A,2,2,"Ô Chợ Dừa, Đống Đa","21.01968532536875, 105.82243826610184"
42210073,03/03/2025,"Căn hộ 2PN 2WC, 63m2, mới tinh, view thành phố, Đống Đa, HTLS 50%, giá chỉ 4,5 tỷ","4,5 tỷ",63 m²,"71,43 tr/m²",2,2,"Thịnh Quang, Đống Đa","21.003802275769978, 105.81849180932348"
40122761,03/03/2025,"Căn hộ đặc biệt Duplex 2 tầng, 1 tầng x 80m2, Penthouse Hateco Laroma, sổ cầm tay ban công Đông Nam",17 tỷ,160 m²,"106,25 tr/m²",4,3,"Láng Thượng, Đống Đa","21.0204162597656, 105.807243347168"
41740771,03/03/2025,"Quỹ căn hộ cần bán tòa Hong Kong Tower, 1PN - 41,8m2, LH xem nhà 24/7, em Loan - 0372 004 ***","3,55 tỷ","41,8 m²",85 tr/m²,1,1,"Láng Thượng, Đống Đa","21.02720069885254, 105.80382537841797"
36139723,03/03/2025,"Bán gấp căn hộ chung cư Hong Kong Tower - 243A Đê La Thành, 107m2, 3phòng ngủ, căn góc 0941 882 ***",Giá thỏa thuận,107 m²,N/A,3,2,"Láng Thượng, Đống Đa","21.0272006988525, 105.803825378418"
41557218,03/03/2025,"Bán căn tập thể Tầng 3 phố Phương Mai - Đống Đa, 2 ngủ, SĐCC chỉ 2,15","2,15 tỷ",45 m²,"47,78 tr/m²",2,1,"Phương Mai, Đống Đa","21.0011093238072, 105.839254389627"
42198239,03/03/2025,Quỹ căn chuyển nhượng từ 1-2-3-4 phòng | Sẵn sổ đỏ cập nhật liên tục tại Green Diamond 93 Láng Hạ,"9,4 tỷ",86 m²,"109,3 tr/m²",3,N/A,"Láng Hạ, Đống Đa","21.0161961065944, 105.815622463366"
42267703,03/03/2025,"(Sổ đỏ) Chính chủ bán căn 2 ngủ 2wc 77m2, bc Đông Nam, nhà đẹp. Giá 9 tỷ Green Diamond 93 Láng Hạ",9 tỷ,77 m²,"116,88 tr/m²",2,2,"Láng Hạ, Đống Đa","21.016887942074217, 105.8144611832562"
42316977,03/03/2025,Vừa ở vừa đầu tư siêu tốt! Tập thể Kim Liên. 2.6 tỷ. DT 65m2. 2PN 1WC. Ban công sáng thoáng,"2,6 tỷ",65 m²,40 tr/m²,2,1,"Kim Liên, Đống Đa","21.005449866266, 105.835804419807"
42316693,03/03/2025,"Bán CC Hà Thành Plaza, Thái Thịnh, Đống Đa, Hà Nội, giá thỏa thuận, 115m2, 2PN, 2WC, Hot!",Giá thỏa thuận,115 m²,N/A,2,2,"Thịnh Quang, Đống Đa","21.00908534994688, 105.81981584799392"
41862752,03/03/2025,"Bán căn chung cư Hateco Laroma 4A Huỳnh Thúc Kháng, diện tích 137m2, 3 phòng ngủ, nhỉnh 15 tỷ","15,15 tỷ",137 m²,"110,58 tr/m²",3,3,"Láng Thượng, Đống Đa","21.020401648690569, 105.80724264476015"
42315433,03/03/2025,"Bán CC tập thể giá siêu hời tại Trung Liệt, 3,6 tỷ, 60m2","3,6 tỷ",60 m²,60 tr/m²,2,1,"Trung Liệt, Đống Đa","21.0113839665396, 105.821982481759"
42315195,03/03/2025,Bán căn hộ tầng 2 TT Bộ Công An phố Khâm Thiên 60m2 - 2.3 tỷ,"2,3 tỷ",60 m²,"38,33 tr/m²",2,1,"Ô Chợ Dừa, Đống Đa","21.0197906028479, 105.831358824066"
41692305,03/03/2025,Chính chủ cần bán gấp căn thập thể vị trí đẹp lô góc đầy đủ nội thất,"2,88 tỷ",28 m²,"102,86 tr/m²",2,1,"Thịnh Quang, Đống Đa","21.0072713882888, 105.819986492428"
42138541,03/03/2025,"Giá rẻ nhất hiện nay, bán gấp căn hộ chung cư M5 Nguyễn chí Thanh, 3 phòng ngủ, full nội thất","9,3 tỷ",149 m²,"62,42 tr/m²",3,2,"Láng Hạ, Đống Đa","21.0209899860415, 105.80981166563215"
42000616,03/03/2025,"Bán căn hộ Hào Nam -Cát Linh 2PN*50m, full nội thất , ở ngay","1,79 tỷ",50 m²,"35,8 tr/m²",2,1,"Hàng Bột, Đống Đa","21.0229914136178, 105.826662598795"
39182801,03/03/2025,"Bán căn hộ Penthouse Duplex 350m2 toà 97 - 99 Láng Hạ, full nội thất giá rẻ cần tiền",22 tỷ,350 m²,"62,86 tr/m²",5,3,"Láng Hạ, Đống Đa","21.01439057462306, 105.81382598510416"
42186717,03/03/2025,"Full đồ - bán chung cư C2 Nguyễn Chí Thanh - Chùa Láng ở ngay, đủ PCCC 52m2",Giá thỏa thuận,52 m²,N/A,2,1,"Láng Thượng, Đống Đa","21.0208330912102, 105.808588020117"
42228444,03/03/2025,Chính chủ bán căn hộ 1N1K tại Ngã Tư Sở - Thái Thịnh - Đống Đa full đồ 34m2 - ở ngay,"1,39 tỷ",34 m²,"40,88 tr/m²",1,1,"Thịnh Quang, Đống Đa","21.0104516678544, 105.818499214233"
42312551,03/03/2025,Bán nhà tập thể tầng 2 phố Nguyễn Chí Thanh Đống Đa,"4,2 tỷ",70 m²,60 tr/m²,1,1,"Láng Thượng, Đống Đa","21.0209431383136, 105.808703614233"
40397380,03/03/2025,"Căn hộ cao cấp 3PN Hateco Laroma full nội thất đã có sổ hồng, dự án đáng mua nhất quận Đống Đa","11,7 tỷ",94 m²,"124,47 tr/m²",3,2,"Láng Thượng, Đống Đa","21.0204162597656, 105.807243347168"
42315153,03/03/2025,"Bán gấp căn hộ chung cư 187 Tây Sơn, 60m2, 2PN, 1WC, đầy đủ nội thất, giá hơn 4 tỷ",Giá thỏa thuận,60 m²,N/A,2,1,"Quang Trung, Đống Đa","21.013397139042407, 105.82777124698563"
41926166,03/03/2025,Cực hot DỰ ÁN THE NELSON PRIVATE RESIDENCES   29 Láng Hạ nhận bàn giao Q4.2025,Giá thỏa thuận,86 m²,N/A,2,2,"Láng Hạ, Đống Đa","21.0156967598429, 105.811682081172"
42176922,03/03/2025,"Chính chủ cần bán căn hộ chung cư 2 ngủ Phố Xã Đàn - Trung Phụng full nội thất, gần mặt đường","1,65 tỷ",50 m²,33 tr/m²,2,1,"Ô Chợ Dừa, Đống Đa","21.015915326599, 105.832565566539"
42274393,03/03/2025,"Hiếm! Bán Tập thể Khâm Thiên, Thổ Quan, 3 ngủ, giá chỉ 3.05 tỷ, nhà đẹp ở luôn, sổ to","3,05 tỷ",65 m²,"46,92 tr/m²",3,1,"Hàng Bột, Đống Đa","21.021964009156, 105.829963881413"
42220510,03/03/2025,Bán căn hộ M3 M4 Nguyễn Chí Thanh diện tích 180m2 gồm có 4PN - 2WC nhà đẹp. Liên hệ 0372 004 ***,"10,3 tỷ",180 m²,"57,22 tr/m²",4,2,"Láng Hạ, Đống Đa","21.0200599323868, 105.808825904992"
42310878,03/03/2025,"Bán tập thể Phương Mai, Đống Đa, vị trí rất đẹp, ô tô đỗ chân toà, 2 ngủ giá tốt chỉ 2.78 tỷ","2,78 tỷ",45 m²,"61,78 tr/m²",2,1,"Phương Mai, Đống Đa","21.001354581179, 105.839303779903"
42300139,03/03/2025,"Hiếm có! Bán tập thể Trường Chinh - Giải Phóng - Đống Đa, nhà đẹp 2 ngủ, giá chỉ 2.69 tỷ, 60m2","2,69 tỷ",60 m²,"44,83 tr/m²",2,1,"Phương Mai, Đống Đa","20.9985037585451, 105.837671672736"
41489870,03/03/2025,"Chuyển công tác cần bán gấp căn 2PN giá chỉ 5 tỷ 1, full đồ trung tâm Đống Đa","5,1 tỷ",65 m²,"78,46 tr/m²",2,2,"Láng Thượng, Đống Đa","21.020416259765625, 105.80724334716797"
41770929,03/03/2025,"Bán căn 2PN chỉ 5 tỷ trung tâm Đống Đa, full đồ nội thất cao cấp, cho thuê 25tr/tháng",5 tỷ,63 m²,"79,36 tr/m²",2,2,"Láng Thượng, Đống Đa","21.020602798866705, 105.80744448552791"
33789293,03/03/2025,"Bán gấp căn góc số 01 chung cư Hateco Laroma Huỳnh Thúc Kháng 102m2, 3PN, full nội thất, giá rẻ","10,71 tỷ",102 m²,105 tr/m²,3,2,"Láng Thượng, Đống Đa","21.0204162597656, 105.807243347168"
41512372,03/03/2025,Hotline BQLDA Penhouse 36 Hoàng Cầu. D'. Le Pont Tân Hoàng Minh: 0905 956 *** (miễn môi giới),38 tỷ,450 m²,"84,44 tr/m²",5,5,"Ô Chợ Dừa, Đống Đa","21.0197426183863, 105.82208008029008"
42308207,03/03/2025,"Căn hộ đẳng cấp mua là ở, không cần suy nghĩ! Chung cư The Gloria Số 8 Nguyên Hồng","8,96 tỷ",64 m²,140 tr/m²,2,2,"Láng Hạ, Đống Đa","21.01631219910408, 105.8097487104201"
42313311,03/03/2025,"Chỉ 2.45 tỷ, 65m2. Căn hộ 2PN 1Wc gần hồ! Đón gió lành! Vượng khí - an cư lạc nghiệp","2,45 tỷ",65 m²,"37,69 tr/m²",2,1,"Văn Miếu - Quốc Tử Giám, Đống Đa","21.0260729420542, 105.839862325848"
42009088,03/03/2025,Bán chung cư Thái Thịnh 1 tỷ 400 tr (full đồ nhà mới),"1,4 tỷ",32 m²,"43,75 tr/m²",1,1,"Thịnh Quang, Đống Đa","21.0101388465111, 105.818179978948"
38842902,03/03/2025,"GĐ cần tiền bán gấp CH 137m2, 4PN,2wc chung cư Hateco Laroma căn góc giá rẻ nhất TT","14,5 tỷ",137 m²,"105,84 tr/m²",4,2,"Láng Thượng, Đống Đa","21.0204162597656, 105.807243347168"
42313599,03/03/2025,Tập thể Khương Thượng - Trung Tự - Phạm Ngọc Thạch - sổ to - 72m2 - nhỉnh 3 tỷ,"3,15 tỷ",72 m²,"43,75 tr/m²",2,1,"Khương Thượng, Đống Đa","21.0040593449453, 105.824645593602"
42301628,03/03/2025,"Bán nhà tập thể Trường Chinh, Đống Đa, 65m, 2 ngủ, đủ công năng, gần Bách, Kinh, Xây, ô tô đỗ cửa",Giá thỏa thuận,65 m²,N/A,2,N/A,"Quang Trung, Đống Đa","20.9997358411785, 105.831249824406"
42314064,03/03/2025,Em cần bán căn nhà tập thể phố Tôn Đức Thắng TT Đống Đa full nội thất xịn sò,"2,84 tỷ",75 m²,"37,87 tr/m²",3,1,"Hàng Bột, Đống Đa","21.0267426194359, 105.833805343226"
42312647,03/03/2025,Chính chủ bán CHCC toà 187 Nguyễn Lương Bằng ban công Đông Nam Đống Đa HN (0399 343 ***),Giá thỏa thuận,66 m²,N/A,2,1,"Quang Trung, Đống Đa","21.013615000180003, 105.82746933277433"
42311632,03/03/2025,"Bán Tập Thể Kim Liên, Đống Đa chỉ hơn 2 tỷ, 2PN + 2WC nhà mới đẹp","2,5 tỷ",45 m²,"55,56 tr/m²",2,2,"Phương Mai, Đống Đa","21.0008911493211, 105.839097570949"
42111950,03/03/2025,"Bán CHCH tòa 170 Đê La Thành, DT 160m - 3PN2WC. Giá Hơn 8 tỷ",8 tỷ,160 m²,50 tr/m²,3,2,"Ô Chợ Dừa, Đống Đa","21.02112083205036, 105.82847091702133"
41725008,03/03/2025,"Bán căn hộ GP Invest 170 Đê La Thành, DT 150m2 có 3PN - 2WC giá 8 tỷ TL",8 tỷ,150 m²,"53,33 tr/m²",3,2,"Ô Chợ Dừa, Đống Đa","21.021224975585938, 105.82806396484375"
39897515,03/03/2025,"Tôi bán căn hộ toà nhà Vườn Xuân, 71 Nguyễn Chí Thanh. Diện tích 76m2 giá bán 5.2 tỷ","5,2 tỷ",76 m²,"68,42 tr/m²",2,1,"Láng Hạ, Đống Đa","21.015098263086067, 105.8121773824459"
42112034,03/03/2025,"Bán CHCC 115m2 - 3PN phố Nguyễn Chí Thanh - Đống Đa, căn góc, giá hơn 7 tỷ","7,35 tỷ",115 m²,"63,91 tr/m²",3,2,"Láng Hạ, Đống Đa","21.019726066496514, 105.80955076817784"
42307152,03/03/2025,Tập thể trung tâm Đống Đa thoáng sáng giá tốt,"2,98 tỷ",50 m²,"59,6 tr/m²",2,1,"Láng Hạ, Đống Đa","21.0152453473272, 105.812933944113"
42313548,03/03/2025,Trung tâm Đống Đa - ô tô chạy vòng quanh - 2N riêng biệt - 2 thoáng - 60m2 - 2.82 tỷ,"2,82 tỷ",60 m²,47 tr/m²,2,1,"Nam Đồng, Đống Đa","21.0134272470261, 105.833275684044"
40505003,03/03/2025,"Bán căn hộ Hateco Laroma - DT - 136,8m2 căn góc đẹp nhất dự án - tell 0904 717 ***",Giá thỏa thuận,"136,8 m²",N/A,3,2,"Láng Thượng, Đống Đa","21.020416259765625, 105.80724334716797"
42308155,03/03/2025,"""2 ngủ mặt phố"" bán căn tập thể Thái Thịnh, Đống Đa giá: 2.75 tỷ TL","2,75 tỷ",45 m²,"61,11 tr/m²",2,N/A,"Thịnh Quang, Đống Đa","21.010109333918, 105.81858483179"
32681159,03/03/2025,"Bán căn góc 132m2, 3PN chung cư Mipec 229 Tây Sơn, LH 0984 272 ***",Giá thỏa thuận,132 m²,N/A,3,2,"Trung Liệt, Đống Đa","21.0063228607178, 105.823196411133"
41581939,03/03/2025,"Bán căn 63m2 căn góc tòa CT2A Hoàng cầu, giá đầu tư: 0987 144 ***",Giá thỏa thuận,64 m²,N/A,2,1,"Ô Chợ Dừa, Đống Đa","21.019447326660156, 105.8216552734375"
42310608,03/03/2025,"Bán nhà Phương Mai, Đống Đa 115m 4 ngủ 6.5 tỷ, lô góc, 3 mặt thoáng, full nội thất, ngõ ô tô thông","6,5 tỷ",115 m²,"56,52 tr/m²",4,2,"Kim Liên, Đống Đa","21.0060047035586, 105.835641060992"
42307160,03/03/2025,Tập thể trung tâm Đống Đa thoáng sáng giá tốt,"2,98 tỷ",50 m²,"59,6 tr/m²",1,1,"Láng Hạ, Đống Đa","21.0152967682943, 105.812524105787"
42204021,03/03/2025,"Chung cư Hateco Laroma 4A Huỳnh Thúc Kháng, Đống Đa, 138m2, 3PN, 2WC, 3BC, giá bán 17.8 tỷ","17,8 tỷ",138 m²,"128,99 tr/m²",3,2,"Láng Thượng, Đống Đa","21.02042430906511, 105.80726927808107"
42313284,03/03/2025,Giá rẻ! Đủ công năng sinh hoạt cho gia đình nhỏ. 2.2 tỷ căn hộ tập thể Văn Chương - 50m2 2PN 1WC,"2,2 tỷ",50 m²,44 tr/m²,2,1,"Văn Chương, Đống Đa","21.0208824775393, 105.835568107302"
42043060,03/03/2025,"Bán căn hộ cao cấp Hateco Laroma 94 m2, 2 PN + 1, ban công hướng Nam, full nội thất, giá 11.5 tỷ","11,5 tỷ",94 m²,"122,34 tr/m²",2,N/A,"Láng Thượng, Đống Đa","21.020413099568298, 105.80723414436102"
42157446,02/03/2025,"HOT: Bán căn hộ studio Lancaster - 50m2, full đẹp, giá 5tỷ. LH: 0899 511 ***",5 tỷ,50 m²,100 tr/m²,1,1,"Láng Thượng, Đống Đa","21.0240631173759, 105.805039437767"
42311728,02/03/2025,"Bán gấp tập thể 3PN, 1WC, 75m2 tại Nam Đồng, Đống Đa, Hà Nội, giá siêu hời 3,8 tỷ","3,8 tỷ",75 m²,"50,67 tr/m²",3,1,"Nam Đồng, Đống Đa","21.013373297961, 105.833218959892"
42311579,02/03/2025,Siêu hiếm tập thể tầng 2 Nam Đồng. 3 phòng ngủ,"3,7 tỷ",75 m²,"49,33 tr/m²",3,1,"Nam Đồng, Đống Đa","21.0122177671978, 105.828918910622"
40848986,02/03/2025,"Cần bán gấp căn hộ 2PN, 57m2 tại Gloria số 8 Nguyên Hồng, nhận nhà ở ngay, đã có sổ. Giá: 7,x tỷ",Giá thỏa thuận,57 m²,N/A,2,2,"Láng Hạ, Đống Đa","21.0158519744873, 105.809234619141"
42311062,02/03/2025,"Căn hộ tập thể Vip Thái Hà cách mặt phố 10m, nhà tầng thấp, quân đội xây kiên cố, ngõ ô tô, dân trí","5,3 tỷ",90 m²,"58,89 tr/m²",3,1,"Trung Liệt, Đống Đa","21.0123272675546, 105.820090047021"
42311044,02/03/2025,Chính chủ bán căn hộ tập thể tầng 3 Hàng Ngọc Phách Nguyên Hồng Đống Đa căn 75 m2,"4,25 tỷ",75 m²,"56,67 tr/m²",2,1,"Láng Hạ, Đống Đa","21.0158063364858, 105.812169689926"
42219254,02/03/2025,"Hiếm Bán căn góc 3 PN 100,1m2 chung cư The Terra Hào Nam full nội thất tầng đẹp liên hệ: 0822 238 ***","12,4 tỷ","100,1 m²","123,88 tr/m²",3,2,"Ô Chợ Dừa, Đống Đa","21.024267290491974, 105.82729786534999"
42298817,02/03/2025,"Bán nhà tập thể nhà A2 T2, tập thể cty tư vấn xây dựng Thủy Lợi 1, 45 Chùa Bộc, DTSD 90m2, 4.4 tỷ","4,4 tỷ",90 m²,"48,89 tr/m²",3,3,"Trung Liệt, Đống Đa","21.0077287338798, 105.827709963249"
42303555,02/03/2025,"Chính chủ bán nhà chung cư M3 - M4 Nguyễn Chí Thanh, tầng 6 đẹp, diện tích 165m2, giá 13 tỷ",13 tỷ,165 m²,"78,79 tr/m²",3,2,"Láng Hạ, Đống Đa","21.020477320114185, 105.80873577646726"
38989934,02/03/2025,Bán gấp - bán chung cư T5 Hoàng Cầu - Thái Hà - Đống Đa - nội thất đầy đủ - sổ hồng vĩnh viễn,800 triệu,39 m²,"20,51 tr/m²",2,2,"Ô Chợ Dừa, Đống Đa","21.0164891, 105.8227091"
42309818,02/03/2025,"Bán chung cư Mini xây mới đẹp, phường Khâm Thiên,Đống Đa .DT 70m/2- 7 tầng -MT 4m.Giá 15.5 Tỷ .","15,5 tỷ",70 m²,"221,43 tr/m²",N/A,N/A,"Khâm Thiên, Đống Đa","21.019363594231052, 105.83228537812829"
42309668,02/03/2025,"6, 5tỷ 115m2, nhà lô góc 3 mặt thoáng tặng full nội thất, ô tô đỗ chân cầu thang, 4PN","6,5 tỷ",115 m²,"56,52 tr/m²",4,2,"Phương Mai, Đống Đa","21.003155517059, 105.838136230261"
42074813,02/03/2025,"Nhà đẹp đón Tết! Bán tập thể lô góc Nguyễn Ngọc Doãn - Đặng Văn Ngữ, Đống Đa, 3 ngủ","3,95 tỷ",150 m²,"26,33 tr/m²",3,2,"Quang Trung, Đống Đa","21.0090288116571, 105.831017629977"
42263962,02/03/2025,"Bán tập thể Trung Tự, Đống Đa, 2 ngủ đẹp, thoáng, giá chỉ 3.65 tỷ, nhà rất chắc chắn đẹp, ở luôn","3,65 tỷ",70 m²,"52,14 tr/m²",2,1,"Phương Liên - Trung Tự, Đống Đa","21.0039728001698, 105.831180587413"
42204074,02/03/2025,"Bán căn hộ chung cư tại D. Le Pont Dor - Hoàng Cầu, 10,5 tỷ, 86 m2, hàng hiếm","10,5 tỷ",86 m²,"122,09 tr/m²",2,2,"Ô Chợ Dừa, Đống Đa","21.01929419318312, 105.8220312233509"
41748352,02/03/2025,"Chính chủ bán căn hộ chung cư L3 Chùa Láng - Nguyễn Chí Thanh - full đồ, 2 phòng ngủ - ở ngay",Giá thỏa thuận,55 m²,N/A,2,1,"Láng Hạ, Đống Đa","21.0231789640417, 105.805843219876"
42309171,02/03/2025,"Chính chủ - bán chung cư E1 Xã Đàn - Phạm Ngọc Thạch - Đống Đa. DT 30m, 65m2",Giá thỏa thuận,38 m²,N/A,1,1,"Phương Liên, Đống Đa","21.0117186681815, 105.836905058845"
42200793,02/03/2025,Bán chung cư Sky City 88 Láng Hạ 101m2 giá 10ty 0382 276 ***,"10,1 tỷ",101 m²,100 tr/m²,2,2,"Láng Hạ, Đống Đa","21.012381152520963, 105.81164574765214"
42308463,02/03/2025,"Chính chủ bán căn hộ Hateco Laroma 4A Huỳnh Thúc Kháng, Đống Đa, 138m2, 3PN, 2WC, 3BC, nhỉnh 17 tỷ","17,5 tỷ",138 m²,"126,81 tr/m²",3,2,"Láng Thượng, Đống Đa","21.019719740949338, 105.8068128516874"
40374523,01/03/2025,"Bán chung cư Hong Kong Tower-Đống Đa-lô góc- 2 thoáng-DT 74,5m2-2ngủ-2wc-Giá 6,5tỷ.LH 0981 585 ***",6 tỷ,"74,5 m²","80,54 tr/m²",2,2,"Láng Thượng, Đống Đa","21.0272006988525, 105.803825378418"
40480114,01/03/2025,"Bán căn hộ chung cư Xã Đàn - Ô Chợ Dừa 50m2, 65m2. Sổ đỏ chính chủ",Giá thỏa thuận,50 m²,N/A,2,1,"Nam Đồng, Đống Đa","21.0168994214867, 105.831798243379"
41968849,01/03/2025,"Bán căn hộ phố Tây Sơn - Chùa Bộc 50m2 2 ngủ full đồ, ở ngay","1,78 tỷ",50 m²,"35,6 tr/m²",2,1,"Trung Liệt, Đống Đa","21.0086902062714, 105.824093310576"
42308118,01/03/2025,"Gia đình cần bán căn hộ Hòa Phát 257 Giải Phóng - 108m2, 3 ngủ 2 vệ sinh, giá 7.8 tỷ - 0968 224 ***","7,8 tỷ",108 m²,"72,22 tr/m²",3,2,"Phương Mai, Đống Đa","20.998664076537615, 105.8415683316974"
41951636,01/03/2025,"Nhượng căn 4 phòng ngủ góc hiếm hoi, nội thất cơ bản dự án Green Diamond 93 Láng Hạ",Giá thỏa thuận,180 m²,N/A,4,N/A,"Láng Hạ, Đống Đa","21.016494120267073, 105.81584188960606"
41870225,01/03/2025,"Nhà tập thể Kim Liên 2 tầng 65 m2, ô tô đỗ chân cầu thang, 2 ngủ 2 WC, full nội thất, chỉ 3.4 tỷ","3,4 tỷ",65 m²,"52,31 tr/m²",2,2,"Kim Liên, Đống Đa","21.005176896454, 105.835530955726"
42308014,01/03/2025,"Cam kết giá chuẩn - căn 2PN tại The Gloria, nhận nhà ở ngay, đã có sổ. Giá chỉ 7,8 tỷ","7,8 tỷ",57 m²,"136,84 tr/m²",2,2,"Láng Hạ, Đống Đa","21.015782290893966, 105.80852721783437"
41841711,01/03/2025,"Bán căn hộ 2N1WC tại đường Láng-Đống Đa giá 4,4 tỷ. Hỗ trợ vay NH LS 0% 21 tháng, CK 10% + quà tặng","4,4 tỷ",63 m²,"69,84 tr/m²",2,2,"Thịnh Quang, Đống Đa","21.003723042287355, 105.81895599432526"
42162163,01/03/2025,Bán nhanh tập thể Phương Mai - Khu D - 55m2 - 2PN - 1WC - 2.78 tỷ - Full nội thất,"2,78 tỷ",55 m²,"50,54 tr/m²",2,1,"Phương Mai, Đống Đa","21.0012986478932, 105.839174867528"
36922501,01/03/2025,"Bán căn 2 ngủ vip nhất dự án view trọn 2 hồ Thành Công, hồ Hoàng Cầu LH 0936 362 ***","10,8 tỷ","91,3 m²","118,29 tr/m²",2,2,"Láng Hạ, Đống Đa","21.0168266296387, 105.815223693848"
36701924,01/03/2025,"Bán căn hộ 1 ngủ Vinhomes Nguyễn Chí Thanh nội thất đẹp, sẵn sổ sang tên luôn",Giá thỏa thuận,53 m²,N/A,1,1,"Láng Hạ, Đống Đa","21.0229530334473, 105.809814453125"
42203094,01/03/2025,Bán gấp - bán chung cư N2 Xã Đàn - Khâm Thiên - Đống Đa - nội thất đầy đủ - sổ hồng vĩnh viễn,800 triệu,38 m²,"21,05 tr/m²",2,2,"Kim Liên, Đống Đa","21.0061557534116, 105.835957018665"
42192855,01/03/2025,Mở bán - chung cư A1 Xã Đàn - Phạm Ngọc Thạch - Đống Đa - Full nội thất,800 triệu,36 m²,"22,22 tr/m²",2,1,"Phương Liên, Đống Đa","21.0116520704093, 105.836843447445"
42306929,01/03/2025,"Bán nhà tập thể ngay phố Văn Chương - Đống Đa, 60m, 2 ngủ, full đồ ở ngay","2,45 tỷ",60 m²,"40,83 tr/m²",2,1,"Văn Chương, Đống Đa","21.0214511214976, 105.833700421648"
42113061,01/03/2025,Bán Căn hộ Mipec Tower- 299 Tây Sơn 3 phòng ngủ căn góc. LH: 0988 669 ***,Giá thỏa thuận,140 m²,N/A,3,2,"Trung Liệt, Đống Đa","21.00639074264781, 105.82309483871418"
41334718,01/03/2025,Chính chủ nhượng căn góc số 12 tầng 23 view hồ dự án Green Diamond 93 Láng Hạ,16 tỷ,"136,3 m²","117,39 tr/m²",N/A,N/A,"Láng Hạ, Đống Đa","21.016826629638672, 105.81522369384766"
41659959,01/03/2025,"Bán chung cư Hong Kong Tower - 243A Đê La Thành, 107m2, 3 ngủ đủ đồ giá chỉ 9,5 tỷ LH: 0814 332 ***",Giá thỏa thuận,107 m²,N/A,3,2,"Láng Thượng, Đống Đa","21.027200698852539, 105.80382537841797"
41996883,01/03/2025,"Bán tập thể Kim Liên 24/60m 2,67 tỷ 2PN riêng biệt đẹp tiện ích ngõ thông tứ tung ở luôn","2,67 tỷ",24 m²,"111,25 tr/m²",2,1,"Kim Liên, Đống Đa","21.0066786845446, 105.83547300852"
42209262,01/03/2025,"Cam kết ảnh thật giá chuẩn chính chủ, bán gấp căn hộ cao cấp tòa Hong Kong Tower, sổ đỏ sẵn",Giá thỏa thuận,107 m²,N/A,3,2,"Láng Thượng, Đống Đa","21.02707888013844, 105.80402846461311"
41742224,01/03/2025,Gia đình em cần bán nhanh căn hộ 2PN tại Green Diamond 93 Láng Hạ giá 7 tỷ full nội thất,7 tỷ,78 m²,"89,74 tr/m²",2,2,"Láng Hạ, Đống Đa","21.016826629638672, 105.81522369384766"
42303441,01/03/2025,Bán nhà tập thể Thái Thịnh 55 m 2 ngủ đẹp ở ngay,"2,98 tỷ",55 m²,"54,18 tr/m²",N/A,N/A,"Trung Liệt, Đống Đa","21.0099212858939, 105.818988542222"
42143473,01/03/2025,"Bán căn hộ tập thể tầng 4 căn 70m2, 3,82 tỷ tại Hoàng Ngọc Phách, Đống Đa, Hà Nội","3,82 tỷ",70 m²,"54,57 tr/m²",2,2,"Láng Hạ, Đống Đa","21.0157799100504, 105.81212816242"
41982303,01/03/2025,Bán 1 suất ngoại giao Penhouse Duplex 36 Hoàng Cầu: 450m2. Hotline: 0352 472 *** (Miễn trung gian),39 tỷ,450 m²,"86,67 tr/m²",5,4,"Ô Chợ Dừa, Đống Đa","21.0195687563292, 105.821739844177"
42255377,01/03/2025,Giảm 10% so với giá thị trường căn hộ chung cư cao cấp The Ninety Complex 90 đường Láng,"4,2 tỷ","62,5 m²","67,2 tr/m²",2,2,"Thịnh Quang, Đống Đa","21.004369167656, 105.818575993136"
42304966,01/03/2025,"Bán nhà Hateco Laroma: căn góc, tầng cao, 190m2 chính chủ",28 tỷ,190 m²,"147,37 tr/m²",3,3,"Láng Thượng, Đống Đa","21.020423379214584, 105.80728130159346"
42038349,01/03/2025,Cực hiếm! Bán căn hộ tập thể Viện Năng Lượng - Tôn Thất Tùng - 100m2 - 3PN - 2WC giá 3.8 tỷ,"3,8 tỷ",100 m²,38 tr/m²,3,2,"Khương Thượng, Đống Đa","21.0020689407247, 105.829459836878"
42243188,01/03/2025,Hiếm! Bán căn hộ tập thể mặt Phố Phạm Ngọc Thạch - 3.9 tỷ - DT 93m2 - 2PN 1WC full nội thất cao cấp,"3,9 tỷ",93 m²,"41,94 tr/m²",2,1,"Phương Liên - Trung Tự, Đống Đa","21.0084563612344, 105.834084010633"
42206148,01/03/2025,"Bán căn hộ Hateco Laroma 112m2, 3 PN, tầng cao, ban công hướng Đông, giá bán 12 tỷ có thiện chí",12 tỷ,115 m²,"104,35 tr/m²",3,2,"Láng Thượng, Đống Đa","21.02078885920113, 105.80665645217411"
37679148,01/03/2025,Chuyển nhượng căn góc 3 ngủ có 3 ban công thoáng view hồ đẹp nhất dự án 93 Láng Hạ ở tầng 21,Giá thỏa thuận,138 m²,N/A,3,2,"Láng Hạ, Đống Đa","21.015989703701084, 105.81553235237325"
42303939,01/03/2025,"Bán CC mini 1PN, 1VS tại Lancaster Luminaire, Đống Đa, Hà Nội, giá tốt 4,6 tỷ","4,6 tỷ",58 m²,"79,31 tr/m²",1,1,"Láng Thượng, Đống Đa","21.023797940214518, 105.80499461531818"
41760173,01/03/2025,"Bán căn hoa hậu duy nhất CC 141m2, 16 tỷ ở Green Diamond 93 Láng Hạ, Đống Đa, pháp lý sổ hồng",16 tỷ,141 m²,"113,48 tr/m²",N/A,N/A,"Láng Hạ, Đống Đa","21.017196590166918, 105.816081790446"
42243273,01/03/2025,Cần bán cực gấp! Chỉ 3.4 tỷ. Căn duplex tập thể Kim Liên. Tầng 2 + 3. DT 70.2m. 2PN 2WC. Cực thoáng,"3,4 tỷ","70,2 m²","48,43 tr/m²",3,2,"Kim Liên, Đống Đa","21.0051669304788, 105.835506514716"
42287086,01/03/2025,Bán gấp CH 90 Đường Láng 2N2VS - 63m2 - full nội thất liền tường - giá chỉ 4.1-4.2 tỷ,"4,2 tỷ",63 m²,"66,67 tr/m²",2,2,"Thịnh Quang, Đống Đa","21.00402193132804, 105.81873466393651"
42251688,01/03/2025,Bán nhanh nhà tập thể ngay phố Chùa Bộc - 90m2 - 3 ngủ 2WC - Full đồ ở luôn,"3,8 tỷ",90 m²,"42,22 tr/m²",3,2,"Trung Liệt, Đống Đa","21.0074506073377, 105.827538457164"
42261782,01/03/2025,"Bán nhanh tập thể Thái Thịnh,TT Đống Đa , tầng 2 50m x2PN, giá 2,88 tỷ","2,88 tỷ",50 m²,"57,6 tr/m²",2,1,"Thịnh Quang, Đống Đa","21.0104641873156, 105.818898295815"
39392724,01/03/2025,"Bán căn hộ chung cư cao cấp 170 Đê La Thành, căn góc diện tích 188m2, để lại toàn bộ nội thất đẹp",13 tỷ,188 m²,"69,15 tr/m²",3,3,"Ô Chợ Dừa, Đống Đa","21.021224975585938, 105.82806396484375"
42202569,01/03/2025,"Bán nhà tập thể Vĩnh Hồ, tầng 1, đã cải tạo đẹp, ở ngay","3,3 tỷ",55 m²,60 tr/m²,2,2,"Thịnh Quang, Đống Đa","21.0066095669023, 105.820604296213"
42303164,01/03/2025,"Tập thể Phương Mai Đống Đa 27m chỉ 2,75 tỷ 2PN đường ô tô nhà đẹp trường chợ siêu thị dân trí","2,75 tỷ",27 m²,"101,85 tr/m²",2,1,"Phương Mai, Đống Đa","21.0035745918423, 105.83820816911"
39095636,01/03/2025,Bán căn hộ chung cư Hong Kong Tower-Căn góc 2 thoáng-DT126m-3 ngủ-2 wc-10 tỉ-LH 0981 585 ***,10 tỷ,126 m²,"79,36 tr/m²",3,2,"Láng Thượng, Đống Đa","21.0280409768068, 105.803755607196"
42302781,01/03/2025,"Bán CC mini 1PN, 1WC tại Tây Sơn, Đống Đa, HN, 1,35 tỷ, 34m2, chính chủ, giá tốt, ở Ngay","1,35 tỷ",34 m²,"39,71 tr/m²",1,1,"Trung Liệt, Đống Đa","21.0086470326969, 105.824090110375"
40482803,01/03/2025,"Bán căn hộ Tập thể Nam Đồng 3 ngủ, SĐCC, ô tô tận nơi chỉ 2,45 tỷ","2,45 tỷ",65 m²,"37,69 tr/m²",3,N/A,"Nam Đồng, Đống Đa",N/A
42302674,01/03/2025,"Bán gấp CH Vinhomes Nguyễn Chí Thanh, căn góc, 137m2, 3PN, view hồ Ngọc Khánh giá rẻ","13,5 tỷ",137 m²,"98,54 tr/m²",3,2,"Láng Thượng, Đống Đa","21.023559780492196, 105.80873798946382"
35463057,01/03/2025,"Penthouse D'Le Pont D'or 36 Hoàng Cầu Tân Hoàng Minh view 100% hồ HC, NT tân cổ điển sang trọng",Giá thỏa thuận,420 m²,N/A,4,4,"Ô Chợ Dừa, Đống Đa","21.0194931030273, 105.822341918945"
39120873,01/03/2025,"BQL bán quỹ căn Duplex D. Le Pont Dor 380m2, 430m2 hoàn thiện và thô siêu vip - Liên hệ: 0931 318 ***",Giá thỏa thuận,430 m²,N/A,4,4,"Ô Chợ Dừa, Đống Đa","21.0194931030273, 105.822341918945"
42093776,01/03/2025,Vừa ở vừa đầu tư quá tốt! Chỉ 2.75 tỷ. Tập thể Kim Liên - Tầng 3 - 2PN - 1WC - 55m2,"2,75 tỷ",55 m²,50 tr/m²,2,1,"Kim Liên, Đống Đa","21.005317217672, 105.835327375413"
40236017,01/03/2025,"Chính chủ cần bán CHCC Green Diamond - 93 Láng Hạ, Đống Đa, 150m2, full nội thất, giá thỏa thuận",Giá thỏa thuận,150 m²,N/A,3,2,"Láng Hạ, Đống Đa","21.016826629638672, 105.81522369384766"
42094175,01/03/2025,Bán tập thể Phương Mai. Giá 2.76 tỷ. 2PN 1WC khép kín - căn góc cực kỳ thoáng sáng - full nội thất,"2,76 tỷ",55 m²,"50,18 tr/m²",2,1,"Phương Mai, Đống Đa","21.0033353268317, 105.838234765012"
41739993,01/03/2025,"Hiếm! CCMN mới ngõ 1194 Đường Láng, full nội thất, nhận nhà ở ngay. DT 52m2, giá nhỉnh 1tỷ9","1,95 tỷ",52 m²,"37,5 tr/m²",2,1,"Láng Thượng, Đống Đa","21.0216533065223, 105.801001940633"
42092360,01/03/2025,"Bán CCMN Thái Thịnh, Đống Đa, 1PN - 1PK, siêu thoáng, giá nhỉnh tỷ",Giá thỏa thuận,34 m²,N/A,1,1,"Thịnh Quang, Đống Đa","21.0101395985018, 105.818541433733"
42112776,01/03/2025,"Bán căn hộ chung cư Hòa Phát 257 Giải Phóng, Đống Đa căn 109m2, 3PN 2VS nhà đẹp full nội thất sẵn ở","8,15 tỷ",109 m²,"74,77 tr/m²",3,2,"Phương Mai, Đống Đa","20.999202882542853, 105.84168849732936"
42092006,01/03/2025,"Bán CCMN Chùa Láng, 53m, 2N/1k/1WC, sổ hồng lâu dài, đủ đồ nội thất, ở ngay","1,98 tỷ",53 m²,"37,36 tr/m²",2,1,"Láng Hạ, Đống Đa","21.0228554744324, 105.806513305728"
39847737,01/03/2025,Bán căn hộ Vườn Xuân Building 71 Nguyễn Chí Thanh DT 110m2 có 3PN 2WC giá 7 tỷ TL,7 tỷ,110 m²,"63,64 tr/m²",3,2,"Láng Hạ, Đống Đa","21.01533094504624, 105.81289434307514"
39934830,01/03/2025,"Bán căn hộ 187 Nguyễn Lương Bằng DT 66m2 có 2PN 1Wc, nhà full đồ, sẵn slot ô tô, giá 4.5 tỷ","4,5 tỷ",66 m²,"68,18 tr/m²",2,1,"Quang Trung, Đống Đa","21.013336181640625, 105.82765197753906"
42186705,01/03/2025,Bán căn hộ 71 Nguyễn Chí Thanh dt 76m2 căn góc thiết kế 2Pn - 1Wc giá 5x tỷ tl,Giá thỏa thuận,76 m²,N/A,2,1,"Láng Hạ, Đống Đa","21.01531156953342, 105.81291223620808"
42163862,01/03/2025,Tập thể đẹp full nội thất xịn sò TT Đống Đa nằm sát Ô Chợ Dừa,"2,38 tỷ",60 m²,"39,67 tr/m²",N/A,N/A,"Hàng Bột, Đống Đa","21.0270853564105, 105.833932230397"
41509420,28/02/2025,"Tổng hợp quỹ căn dự án Hateco Laroma 3PN, căn duplex, penthouse thô. Hotline PKD 0934 364 ***","14,2 tỷ","137,5 m²","103,27 tr/m²",3,N/A,"Láng Thượng, Đống Đa","21.020280565210513, 105.80698112226804"
25705497,28/02/2025,"Mở bán chung cư T1 Phố Thái Hà - Tây Sơn - Đống Đa giá 850tr/c, tách sổ hồng, hai ô tô tránh nhau",Giá thỏa thuận,52 m²,N/A,2,1,"Thịnh Quang, Đống Đa","21.0101998, 105.8186006"
39452693,28/02/2025,"Cần bán lại gấp các căn giá rẻ hơn TT, bán để thu tiền về, CK lớn, DT từ 42m2 - 127m2 - 300m2",Giá thỏa thuận,107 m²,N/A,3,2,"Láng Thượng, Đống Đa","21.0272006988525, 105.803825378418"
42262946,28/02/2025,"Xem nhà 24/7. Bán căn hộ 2 ngủ đủ đồ 70m2 tại Lancaster Luminaire giá chỉ 5,6 tỷ. 0917 748 ***","5,6 tỷ",70 m²,80 tr/m²,2,2,"Láng Thượng, Đống Đa","21.02335194261984, 105.80537180163567"
39912927,28/02/2025,"Chính chủ bán gấp Căn hộ mini phố Tôn Đức Thắng - Đống Đa 35 -50m2, full đồ - 0983 169 ***","1,65 tỷ",50 m²,33 tr/m²,2,1,"Hàng Bột, Đống Đa","21.0267424, 105.8338142"
42253103,28/02/2025,Nhà nguyên bản. Chỉ 3.25 tỷ. Tập thể MP Trường Chinh - 90m2 - 3PN 2WC - Sáng thoáng,"3,25 tỷ",90 m²,"36,11 tr/m²",3,2,"Phương Mai, Đống Đa","20.9988814306815, 105.837469688523"
42300246,28/02/2025,"Chỉ 2,64 tỷ tập thể mặt phố Trường Chinh, Đống Đa, 2 thoáng, 70m2 2PN nhà đẹp ở ngay","2,64 tỷ",70 m²,"37,71 tr/m²",2,1,"Phương Mai, Đống Đa","20.9982722042651, 105.83764447903"
42297700,28/02/2025,Siêu Hot! Chỉ 1 căn! Tập thể mặt phố Thái Thịnh. 2.75 tỷ - 2PN riêng - 1WC khép kín - Cực thoáng,"2,75 tỷ",62 m²,"44,36 tr/m²",2,1,"Trung Liệt, Đống Đa","21.0100410537978, 105.81866574565"
41815655,28/02/2025,"Vip! Bán CC 3PN 92m2, full nội thất, Đống Đa, giá siêu hời chỉ với 7,4 tỷ","7,4 tỷ",92 m²,"80,44 tr/m²",3,2,"Thịnh Quang, Đống Đa","21.00425867632126, 105.8182481053683"
42299228,28/02/2025,"Bán nhà tập thể Hoàng Ngọc Phách, Vũ Ngọc Phan, 80m2, 3PN, 2WC, ô tô đỗ cửa, sân để xe rộng","3,8 tỷ",80 m²,"47,5 tr/m²",3,2,"Láng Hạ, Đống Đa","21.0156110203137, 105.812213042243"
42101763,28/02/2025,"Bán căn hộ TT Chùa Bộc, tầng 2, DTSD 80m2, 3PN, 2WC, nhà đẹp, BC Đông Nam giá 4,2 tỷ","4,2 tỷ",80 m²,"52,5 tr/m²",3,2,"Trung Liệt, Đống Đa","21.0075401949799, 105.827293224697"
42214055,28/02/2025,"Chính chủ bán căn góc 3 phòng ngủ 151m2 xịn, sổ đỏ trung tâm Đống Đa Hateco Laroma Huỳnh Thúc Kháng","15,65 tỷ",151 m²,"103,64 tr/m²",3,2,"Láng Thượng, Đống Đa","21.02081471927827, 105.80779612188607"
42253055,28/02/2025,"Bán căn 1N studio chỉ 3 tỷ 6 ngay Ngã Tư Sở, trung tâm quận Đống Đa - hàng trực tiếp chủ đầu tư","3,69 tỷ","37,31 m²","98,87 tr/m²",1,1,"Thịnh Quang, Đống Đa","21.00457913265366, 105.81943217555441"
42194207,28/02/2025,Tổng hợp quỹ căn dự án Hateco Laroma mua bán chuyển nhượng và ký trực tiếp CĐT: LH: 0934 364 ***,16 tỷ,"136,5 m²","117,22 tr/m²",3,N/A,"Láng Thượng, Đống Đa","21.02117881024123, 105.8073281126936"
42298828,28/02/2025,"Tư vấn chuyên sâu The Ninety ComPlex 90 Đường Láng, với nhiều lựa chọn Quỹ căn đẹp & Giá ưu đãi","2,8 tỷ",35 m²,80 tr/m²,N/A,N/A,"Thịnh Quang, Đống Đa","21.004108567988816, 105.81868949767514"
42298349,28/02/2025,Chỉnh chủ mình nhượng căn hộ 810 - 2PN 70m2 tòa nhà The Gloria By Silk Path,Giá thỏa thuận,70 m²,N/A,2,2,"Láng Hạ, Đống Đa","21.015137073995295, 105.80949755742405"
42298210,28/02/2025,Nhà nguyên bản! Giá rẻ! Cực thoáng sáng! Chỉ 2.69 tỷ - Tập thể mặt phố Trường Chinh - 55m2 - 2PN,"2,69 tỷ",55 m²,"48,91 tr/m²",2,1,"Phương Mai, Đống Đa","20.9982420516309, 105.837711286981"
42011128,28/02/2025,"Bán nhà căn hộ chung cư Đ1 - P102 tầng 1 nhà đầu hồi khu TTQĐ Nam Đồng, Đống Đa, Hà Nội 48m2",3 tỷ,15 m²,200 tr/m²,N/A,N/A,"Nam Đồng, Đống Đa","21.0124841105075, 105.829199020705"
41926344,28/02/2025,"Cần bán nhanh căn góc 103m2 - Hateco Laroma - Huỳnh Thúc Kháng, Đống Đa, Hà Nội",13 tỷ,103 m²,"126,21 tr/m²",3,2,"Láng Thượng, Đống Đa","21.020560159169086, 105.80797177717679"
42096574,28/02/2025,Cực hiếm! Chỉ 2.38 tỷ - căn hộ tập thể Phố Khâm Thiên - 50m2 - 2PN - 2WC - căn góc thoáng sáng,"2,38 tỷ",50 m²,"47,6 tr/m²",2,2,"Khâm Thiên, Đống Đa","21.018353048408, 105.837902166876"
42297237,28/02/2025,"Quỹ hơn 20 Căn hộ cao cấp The Ninety Complex, 90 đường Láng, q. Đống Đa, Hà Nội, giá từ 3.2 tỷ/căn","7,4 tỷ",92 m²,"80,44 tr/m²",3,2,"Thịnh Quang, Đống Đa","21.004120712901113, 105.81922925660237"
42297375,28/02/2025,"Bán căn hộ toà 25 Vũ Ngọc Phan, diện tích 135m2 thiết kế 3PN - 2WC giá 7.8 tỷ thương lượng","7,8 tỷ",135 m²,"57,78 tr/m²",3,2,"Láng Hạ, Đống Đa","21.013654746939693, 105.81098580675265"
41557398,28/02/2025,Bán căn hộ 71 Nguyễn Chí Thanh - 108.5m2 3PN 2 WC giá 7 tỷ có thương lượng,7 tỷ,"108,5 m²","64,52 tr/m²",3,2,"Láng Hạ, Đống Đa","21.0153713226318, 105.812881469727"
42297073,28/02/2025,"Hoàng 3333 giá thật. Bán CH 72m2 2PN, 2VS tại Green Diamond 93 Láng Hạ, ban công Đông Nam mát mẻ","9,3 tỷ",72 m²,"129,17 tr/m²",2,2,"Láng Hạ, Đống Đa","21.0174854476116, 105.8148210238843"
42045308,28/02/2025,"Tầng 2 tập thể nhà A Hào Nam vị trí lộc, cực hiếm, giá người nhà ô tô đỗ chân cầu thang 50m/2,56tỷ","2,56 tỷ",50 m²,"51,2 tr/m²",N/A,N/A,"Ô Chợ Dừa, Đống Đa","21.0194784833178, 105.823843383884"
42295592,28/02/2025,"Rất yên bình! Dân trí cao, 2.78 tỷ - Khu D tập thể Phương Mai - 2PN 1WC - Cực thoáng sáng","2,78 tỷ",50 m²,"55,6 tr/m²",2,1,"Phương Mai, Đống Đa","21.001204129235, 105.839322902881"
41325915,28/02/2025,"Giá tốt cần bán nhanh trong tháng Sky City 88 Láng Hạ bảng hàng mới nhất, giá rẻ nhất thị trường",Giá thỏa thuận,146 m²,N/A,3,2,"Láng Hạ, Đống Đa","21.01249122619629, 105.81131744384766"
41347738,28/02/2025,Chủ nhà chuyển căn to hơn nên nhượng lại căn 2PN Sky 88 Láng Hạ các phòng đều đón ánh sáng tự nhiên,Giá thỏa thuận,101 m²,N/A,2,2,"Láng Hạ, Đống Đa","21.0124912261963, 105.811317443848"
41787365,28/02/2025,"Cần bán căn hộ tại chung cư M3 - M4 Nguyễn Chí Thanh, 170m2, 4PN, giá chỉ 10. X tỷ. LH: 0981 497 ***",Giá thỏa thuận,170 m²,N/A,4,2,"Láng Hạ, Đống Đa","21.019844002717633, 105.80836940077037"
33654205,28/02/2025,Độc quyền bán 10 căn chung cư Lancaster Luminaire 170m2-146-120-92-45m2 sổ lâu dài! Xem nhà 24/7,10 tỷ,92 m²,"108,7 tr/m²",2,2,"Láng Thượng, Đống Đa","21.0235824584961, 105.805229187012"
40848277,28/02/2025,"Bán căn ngoại giao 2PN tại The Gloria-8 Nguyên Hồng, nhận nhà ở ngay, đã có sổ. Giá chỉ từ 6,x tỷ",Giá thỏa thuận,57 m²,N/A,2,2,"Láng Hạ, Đống Đa","21.0158519744873, 105.809234619141"
39237012,28/02/2025,"Bán nhanh chung cư Hoà Phát, 257 Giải Phóng, 3 phòng ngủ, 109m2, giá tốt",Giá thỏa thuận,109 m²,N/A,3,2,"Phương Mai, Đống Đa","20.99866, 105.841484"
37235730,28/02/2025,"Chính chủ - bán chung cư C4 Thái Hà - Chùa Bộc 35m2 65m2, full nội thất, giảm 90tr căn, ở ngay",Giá thỏa thuận,35 m²,N/A,1,1,"Trung Liệt, Đống Đa","21.012597, 105.8201087"
40868603,28/02/2025,"Mới - bán chung cư B1 Xã Đàn - Ô Chợ Dừa - Khâm Thiên 35m2, 55m2, giảm 50tr /căn, ở ngay",Giá thỏa thuận,35 m²,N/A,1,1,"Ô Chợ Dừa, Đống Đa","21.0196162896831, 105.831189559065"
42071972,28/02/2025,"Cần bán gấp trước tết căn hộ tái định cư Hoàng Cầu DT 68m2 thông thủy 2 ngủ, căn góc view hồ","4,1 tỷ",68 m²,"60,29 tr/m²",2,2,"Ô Chợ Dừa, Đống Đa","21.0197612221314, 105.822399720496"
42295257,28/02/2025,Rẻ không có căn thứ 2! Chỉ 2.35 tỷ. Tập thể Bộ Công An - Đống Đa - Tầng 2 - 2PN 1 WC DT 55m2,"2,35 tỷ",55 m²,"42,73 tr/m²",2,1,"Khâm Thiên, Đống Đa","21.0184598574231, 105.838384996412"
42295147,28/02/2025,Bán căn hộ Hacisco 107 Nguyễn Chí Thanh DT 113m2 thiết kế 3PN - 2WC giá 8.5 tỷ,"8,5 tỷ",113 m²,"75,22 tr/m²",3,2,"Láng Hạ, Đống Đa","21.0202430578759, 105.808494035985"
42048275,28/02/2025,Hiếm! Chỉ 2.55 tỷ. Căn hộ tập thể Phương Mai - 50m2 - 2PN thoáng sáng - ô tô đỗ chân cầu thang,"2,55 tỷ",50 m²,51 tr/m²,2,1,"Phương Mai, Đống Đa","21.0012615613223, 105.839347067833"
42091988,28/02/2025,Cần bán gấp! Chỉ 2.3 tỷ. Căn hộ tập thể Phố Thái Thịnh - 2PN - 1WC thoáng sáng - DT 54m2 - nhà đẹp,"2,3 tỷ",54 m²,"42,59 tr/m²",2,1,"Thịnh Quang, Đống Đa","21.0106365369269, 105.818405378079"
42096417,28/02/2025,Chỉ 2.45 tỷ. Bán căn hộ 2PN 1WC sát hồ Linh Quang - Đống Đa. DT 55m2. 2 mặt thoáng,"2,45 tỷ",55 m²,"44,54 tr/m²",2,1,"Văn Chương, Đống Đa","21.0260863288125, 105.839906565899"
42042684,28/02/2025,"Bán căn CC Hòa Phát, 257 Giải Phóng, căn góc, nhà đẹp, full NT nhập khẩu, 3 ngủ, 6,65 tỷ","6,65 tỷ","90,3 m²","73,64 tr/m²",3,2,"Phương Mai, Đống Đa","20.9984826608049, 105.841799833385"
41868088,28/02/2025,"Chính chủ bán gấp nhà tập thể Phương Mai, Đống Đa, Hà Nội, 82m2, 2PN, 2WC, 2,65 tỷ","2,65 tỷ",82 m²,"32,32 tr/m²",2,2,"Phương Mai, Đống Đa","20.998292101542, 105.837550187806"
42003609,28/02/2025,"Bán căn 2PN 90m2 ban công ĐN,fulll nội thất tại 93 Láng Hạ, có chỗ để ô tô, xem nhà trực tiếp","10,6 tỷ",90 m²,"117,78 tr/m²",2,2,"Láng Hạ, Đống Đa","21.0172426065564, 105.815797638736"
42291435,28/02/2025,"Bán căn hộ Capital Garden 102 Trường Chinh, giá thỏa thuận, 112m2, 2PN, 2WC",Giá thỏa thuận,112 m²,N/A,2,2,"Phương Mai, Đống Đa","21.0012926449162, 105.83703146143"
42291481,28/02/2025,"Bán căn hộ chung cư toà B14 Kim Liên 65m2, thiết kế 2 ngủ, 1 vệ sinh. LH: 0971 405 ***","4,85 tỷ",65 m²,"74,61 tr/m²",2,1,"Kim Liên, Đống Đa","21.0098218065433, 105.836016349081"
42291436,28/02/2025,"Bán CH 2PN 67m2 tại 187 Tây Sơn, giá thỏa thuận","4,84 tỷ",67 m²,"72,24 tr/m²",2,1,"Quang Trung, Đống Đa","21.0134164859378, 105.827644884338"
41876711,28/02/2025,"Chính chủ nhà tập thể 2 tầng 65 m2, ô tô đỗ chân cầu thang, 2 ngủ 2 WC, full nội thất, chỉ 3.4 tỷ","3,4 tỷ",65 m²,"52,31 tr/m²",2,2,"Kim Liên, Đống Đa","21.0053977096749, 105.835591277099"
41352542,28/02/2025,"Chung cư mới căn studio tại Ngã Tư Sở, DT 37m2, ngân hàng hỗ trợ 50%, chỉ hơn 3 tỷ, full Nội thất","3,2 tỷ",37 m²,"86,49 tr/m²",1,1,"Thịnh Quang, Đống Đa","21.00410270690918, 105.81869506835938"
39767297,28/02/2025,"Chỉ cần 1.8 tỷ có ngay 2N tại Ngã tư sở - Full NT, CK đến 10% + Quà tặng 165 triệu/miễn 2 năm DV",Giá thỏa thuận,62 m²,N/A,2,2,"Thịnh Quang, Đống Đa","21.0041027069092, 105.818695068359"
42291222,28/02/2025,"Bán căn hộ chung cư 97-99 Láng Hạ tòa Petrowaco căn Duplex 235,6m2, LH 0914 239 ***",Giá thỏa thuận,"235,6 m²",N/A,4,4,"Láng Hạ, Đống Đa","21.01398554576809, 105.81454354752243"
42290992,28/02/2025,"Bán quỹ ngoại giao căn hộ 2PN view thành phố, có hỗ trợ vay ls 0%/21th, thu nhập dòng tiền 20tr/th",Giá thỏa thuận,"62,46 m²",N/A,2,2,"Thịnh Quang, Đống Đa","21.0040492522926, 105.818664528807"
41975993,28/02/2025,"Bán nhà tập thể C8 Kim Liên, tầng 3, 2 ngủ, 1vs, nhà mới, nhỉnh 2 tỷ","2,68 tỷ",60 m²,"44,67 tr/m²",2,1,"Kim Liên, Đống Đa","21.0046731091354, 105.83572164732"
41433276,28/02/2025,Chính chủ bán căn hộ 1103 toà Hacisco 107 Nguyễn Chí Thanh 105m2 có 3PN - 2WC giá 7.6 tỷ,"7,6 tỷ",105 m²,"72,38 tr/m²",3,2,"Láng Hạ, Đống Đa","21.0204366690635, 105.808338013111"
42289533,28/02/2025,Em bán căn nhà tập Kim Liên full nội thất đẹp,"2,28 tỷ",70 m²,"32,57 tr/m²",N/A,N/A,"Kim Liên, Đống Đa","21.0056188972821, 105.835489859345"
41794418,27/02/2025,"Căn 1PN, 37m2, dòng tiền cho thuê 200tr/năm, giá chỉ 3,2 tỷ","3,2 tỷ",37 m²,"86,49 tr/m²",1,1,"Thịnh Quang, Đống Đa","21.004282839878123, 105.8193345642538"
42088917,27/02/2025,Tôi chính chủ cần bán căn hộ lô góc 151m2 tại mặt đường Nguyễn Chí Thanh giá 10 tỷ 0989 996 ***,10 tỷ,151 m²,"66,22 tr/m²",3,2,"Láng Hạ, Đống Đa","21.01935848480859, 105.8088871589094"
42262689,27/02/2025,"Hiếm! Bán Tập Thể Vĩnh Hồ - Thái Thịnh, Đống Đa, NHÀ ĐẸP Ở LUÔN - LÔ GÓC 3 MẶT THOÁNG, 3 ngủ, 2 wc","3,56 tỷ",86 m²,"41,4 tr/m²",3,2,"Thịnh Quang, Đống Đa","21.0069144197902, 105.820717881699"
42287500,27/02/2025,"Nhà tập thể Phương Mai - Ô tô đỗ cửa, ngay bệnh viện Bạch Mai, đại học Bách Khoa 60m2 chỉ 2.75 tỷ","2,75 tỷ",60 m²,"45,83 tr/m²",N/A,N/A,"Phương Mai, Đống Đa","21.0013305881098, 105.839354965012"
42286154,27/02/2025,Tôi cần bán gấp căn 3PN 2VS ngay mặt đường Láng. Giá 7 tỷ 28. LH: E Tâm 0936 253 *** để xem nhà,"7,28 tỷ",92 m²,"79,13 tr/m²",3,2,"Thịnh Quang, Đống Đa","21.003691603541895, 105.81938323650229"
41815628,27/02/2025,"Vip! Chung cư 1PN, 37m2, view đẹp, dòng tiền cho thuê 200tr/năm, giá chỉ 3,2 tỷ","3,2 tỷ",37 m²,"86,49 tr/m²",1,1,"Thịnh Quang, Đống Đa","21.0037476930481, 105.81864561139439"
41793528,27/02/2025,"Chỉ từ 1,7 tỷ(50%) căn hộ trung tâm Q Đống Đa. Cho thuê 16 - 30tr/tháng. Tặng full nội thất cao cấp","3,4 tỷ",37 m²,"91,89 tr/m²",1,1,"Thịnh Quang, Đống Đa","21.004029139988088, 105.81954150874817"
41762041,27/02/2025,"Bán căn 1PN, 37m2, view thành phố, tặng full nội thất cao cấp, giá chỉ 3,2 tỷ","3,2 tỷ",37 m²,"86,49 tr/m²",1,1,"Thịnh Quang, Đống Đa","21.00410270690918, 105.81869506835938"
41793558,27/02/2025,"Căn hộ 2PN2WC, 63m2, mới tinh, view thành phố, Đống Đa, HTLS 50%, giá chỉ 4,9 tỷ","4,9 tỷ",63 m²,"77,78 tr/m²",2,2,"Ô Chợ Dừa, Đống Đa","21.01951364551945, 105.8222923878404"
41533152,27/02/2025,"Bán căn Duplex chung cư 97 - 99 Láng Hạ 235m2, view hồ Hoàng Cầu, giá rẻ nhất quận. LH 0372 004 ***",Giá thỏa thuận,235 m²,N/A,4,2,"Láng Hạ, Đống Đa","21.014455795288086, 105.81383514404297"
42286364,27/02/2025,"Chính chủ cần bán căn góc 3N - 137m2 tại Hateco Laroma - Láng Thượng, sẵn sổ. Giá 14 tỷ. 0372 004 ***",14 tỷ,137 m²,"102,19 tr/m²",3,3,"Láng Thượng, Đống Đa","21.021218868585656, 105.80750846075847"
42285543,27/02/2025,"Bán căn hộ chung cư 66 m2, 2 PN, 187 Tây Sơn, Đống Đa ;ban công Đông Nam,0904 760 ***","4,85 tỷ",66 m²,"73,48 tr/m²",2,1,"Quang Trung, Đống Đa","21.01296366076146, 105.82827206462154"
42284292,27/02/2025,"Bán nhà tập thể Phương Mai, Đống Đa, 55m2, ô tô đỗ cửa, nhà đẹp, ở ngay, gần BV Bạch Mai","2,68 tỷ",55 m²,"48,73 tr/m²",2,N/A,"Phương Mai, Đống Đa",N/A
42285631,27/02/2025,"Bán căn hộ M3 - M4 Nguyễn Chí Thanh - 114m2, 3 phòng ngủ 2 VS. Nội thất đầy đủ","7,07 tỷ",114 m²,62 tr/m²,3,2,"Láng Hạ, Đống Đa",N/A
41755581,27/02/2025,Bán căn hộ chung cư 187 Nguyễn Lương Bằng 67m 2PN ban công ĐN nhà đẹp full nội thất,"4,85 tỷ",67 m²,"72,39 tr/m²",2,1,"Quang Trung, Đống Đa",N/A
41769128,27/02/2025,"Bán căn hộ 165 Thái Hà - Sông Hồng Park View. Diện tích 120m2 3PN 2WC, Full nội thất. Giá 8 tỷ",8 tỷ,120 m²,"66,67 tr/m²",3,2,"Láng Hạ, Đống Đa",N/A
42099558,27/02/2025,"Chính chủ gửi bán căn hộ 104.43m2, 3 phòng ngủ tòa Hacisco đường Nguyễn Chí Thanh giá hơn 6 tỷ","6,8 tỷ","104,43 m²","65,11 tr/m²",3,2,"Láng Hạ, Đống Đa",N/A
41578829,27/02/2025,"Tập thể Trung Tự, Hồ Đắc Di, Đống Đa, Hà Nội 70m2 x 3 phòng ngủ, nội thất xịn","3,5 tỷ",70 m²,50 tr/m²,3,1,"Phương Liên - Trung Tự, Đống Đa",N/A
42004471,27/02/2025,"Chỉ 3.4 tỷ, nhà tập thể thông 2 tầng Kim Liên, 65m2, đủ nội thất đẹp, ô tô đỗ cửa, sổ đỏ chuẩn","3,4 tỷ",65 m²,"52,31 tr/m²",2,2,"Kim Liên, Đống Đa",N/A
42260997,27/02/2025,"SỔ ĐỎ RIÊNG - Tập Thể Bộ Công An 50m2 x 2 ngủ - Đống Đa 2,26 tỷ - Phố Xã Đàn.","2,26 tỷ",50 m²,"45,2 tr/m²",2,1,"Nam Đồng, Đống Đa",N/A
42107296,27/02/2025,"Sổ đỏ riêng - tập thể Tầng 1 - Bộ Công An - 1.28 tỷ - tặng full đồ như ảnh, Đống Đa","1,28 tỷ",20 m²,64 tr/m²,2,1,"Thổ Quan, Đống Đa",N/A
42253605,27/02/2025,Bán nhà tập thể Nguyễn Chí Thanh 2 mặt tiền,"7,3 tỷ",70 m²,"104,29 tr/m²",2,1,"Láng Hạ, Đống Đa",N/A
42077709,27/02/2025,"Bán căn hộ tập thể Thành Công, 100m2, tầng 3, 3 ngủ, 2WC, 2 ban công mát mẻ, sân chơi, ở sướng","4,7 tỷ",100 m²,47 tr/m²,3,2,"Láng Hạ, Đống Đa",N/A
42186594,27/02/2025,Căn góc chung cư Gloria 8 Nguyên Hồng căn đẹp nhất view đẹp 84m 3PN 2WC,"11,6 tỷ",84 m²,"138,1 tr/m²",3,2,"Láng Hạ, Đống Đa","21.015709005757998, 105.80927221796527"
42283044,27/02/2025,"Tập thể tầng 1, Láng Hạ, Đống Đa ô tô đỗ cửa kinh doanh chỉ 6,2 tỷ","6,2 tỷ",40 m²,155 tr/m²,3,1,"Ô Chợ Dừa, Đống Đa","21.0181995330718, 105.816675994498"
42283018,27/02/2025,Tập thể Bưu Chính Viễn thông ngõ 5 Láng Hạ tầng 1 kinh doanh ôtô 7 chõ vào nhà - 3 ngủ đủ công năng,"6,2 tỷ",70 m²,"88,57 tr/m²",3,2,"Láng Hạ, Đống Đa","21.0152934411888, 105.812669579731"
41764973,27/02/2025,Chính chủ bán căn hộ 2p ngủ tại Chùa Láng - Nguyễn Chí Thanh - ĐH Ngoại Thương - Full đồ từ 990tr,"1,02 tỷ",55 m²,"18,55 tr/m²",2,1,"Láng Thượng, Đống Đa","21.0230618719148, 105.806410465305"
41435872,27/02/2025,"Bán penthouse thông tầng 403m2, tại D. Le Pont Dor - 36 Hoàng Cầu, giá sốc chỉ 40 tỷ",40 tỷ,403 m²,"99,26 tr/m²",4,4,"Ô Chợ Dừa, Đống Đa","21.019493103027344, 105.82234191894531"
42274830,27/02/2025,"Bán Lancaster Luminaire đường Láng, 45m2 giá 4,2 tỷ bao thuế phí, full nội thất. Lh: 0964 568 ***","4,2 tỷ",45 m²,"93,33 tr/m²",1,1,"Láng Thượng, Đống Đa","21.0235315293143, 105.80526716601"
41592427,27/02/2025,"Chính chủ bán căn hộ Hong Kong Tower, DT 104m2 3PN và 126m2 3PN, giá từ 75tr/m2. LH 0372 004 ***","7,8 tỷ",104 m²,75 tr/m²,3,2,"Láng Thượng, Đống Đa","21.0272006988525, 105.803825378418"
41994462,27/02/2025,"Không có nhu cầu ở bán nhanh trước tết căn tập thể C8 Kim Liên, nhà mới, giá chỉ nhỉnh 2 tỷ","2,68 tỷ",60 m²,"44,67 tr/m²",2,1,"Kim Liên, Đống Đa","21.00459372085, 105.835516472424"
42073453,27/02/2025,Bán nhà tập thể Trung Tự - Đống Đa - 72m2 - 2PN - thoáng trước sau - giá 2.5 tỷ,"2,5 tỷ",72 m²,"34,72 tr/m²",2,1,"Phương Liên - Trung Tự, Đống Đa","21.0083600383219, 105.833825541963"
36755701,27/02/2025,"Bán căn hộ Vinhomes Nguyễn Chí Thanh, 2 phòng ngủ giá rẻ nhất, sổ lâu dài, sẵn đồ nội thất",Giá thỏa thuận,86 m²,N/A,2,2,"Láng Hạ, Đống Đa","21.02368274064019, 105.80880891227247"
42181199,27/02/2025,"Chính chủ, CC đẹp xuất sắc tại 27 Huỳnh Thúc Kháng, 71,6 triệu / m2, 107m2, có slot để xe ô tô","7,66 tỷ",107 m²,"71,6 tr/m²",2,2,"Láng Hạ, Đống Đa","21.0184676983051, 105.811957280868"
41181162,27/02/2025,Chính chủ cần bán nhanh CHCC 66m2 tòa 187 Nguyễn Lương Bằng Đống Đa HN,Giá thỏa thuận,66 m²,N/A,2,1,"Quang Trung, Đống Đa","21.01379807253149, 105.82788579926523"
42043109,27/02/2025,"Bán căn hộ Hateco Laroma 87 m2, 2 PN, tầng cao, ban công hướng Đông, full nội thất xịn, giá 10,8 tỷ","10,8 tỷ",87 m²,"124,14 tr/m²",2,N/A,"Láng Thượng, Đống Đa","21.020960645807598, 105.80741693452076"
42280641,27/02/2025,"Trung tâm Đống Đa - Tập thể tầng 1 - ô tô ngay gần - 55m2, 2N đủ công năng - 3.82 tỷ có bớt","3,82 tỷ",55 m²,"69,46 tr/m²",2,N/A,"Láng Hạ, Đống Đa","21.0153846442488, 105.812849173541"
42074526,27/02/2025,"Bán căn hộ cao cấp Hateco Laroma 100,9m2, 2PN, ban công B, nội thất đẹp, view Thủ Lệ, giá 11 tỷ",11 tỷ,"100,9 m²","109,02 tr/m²",2,2,"Láng Thượng, Đống Đa","21.02011397520994, 105.80654244639707"
42042987,27/02/2025,"Bán căn hộ cao cấp Hateco Laroma 104 m2, 3 PN, căn góc, ban công Đ + B, nội thất đẹp, giá 12.5 tỷ","12,5 tỷ",104 m²,"120,19 tr/m²",3,N/A,"Láng Thượng, Đống Đa","21.020550166081968, 105.80723409216618"
42280329,27/02/2025,"Rẻ nhất thị trường! Bán căn hộ 115m2 tòa Vườn Xuân, 71 Nguyễn chí Thanh, LH - 0944 956 ***","6,7 tỷ",115 m²,"58,26 tr/m²",3,2,"Láng Hạ, Đống Đa","21.01608042308153, 105.81299099612045"
41724961,27/02/2025,"Bán căn hộ M3M4 Nguyễn Chí Thanh, DT 100m2 có 3PN - 2WC nhà đẹp, giá 7 tỷ TL","7,5 tỷ",110 m²,"68,18 tr/m²",3,2,"Láng Hạ, Đống Đa","21.020200729370117, 105.80887603759766"
42195474,27/02/2025,"Bán căn hộ chung cư hàng hiếm tại Lancaster Luminaire, Láng, Đống Đa, Hà Nội, giá thỏa thuận, 92m2",Giá thỏa thuận,92 m²,N/A,3,2,"Láng Thượng, Đống Đa","21.023599261240996, 105.80489346998878"
42280017,27/02/2025,"Bán nhà tập thể mặt phố Vũ Ngọc Phan, Trúc Khê, Đống Đa, ô tô tránh trước nhà, nhà đẹp, ở ngay","2,88 tỷ",55 m²,"52,36 tr/m²",2,N/A,"Láng Hạ, Đống Đa","21.0142472939334, 105.810317722099"
42279991,27/02/2025,"Chính chủ bán nhà tập tầng 2 - Khu A - Phố Nam Đồng - Hồ Đắc Di - DT 33/80m2 sử dụng - 3,8tỷ","3,8 tỷ",33 m²,"115,15 tr/m²",3,1,"Nam Đồng, Đống Đa","21.013397759357, 105.833024924654"
41841876,27/02/2025,"Chính chủ bán căn 2PN chung cư 93 Láng Hạ giá rẻ nhất thị trường - Sổ đỏ trao tay, LH 0904 859 ***",Giá thỏa thuận,71 m²,N/A,2,2,"Láng Hạ, Đống Đa","21.016827, 105.81522"
39174775,27/02/2025,"Bán căn hộ penthouse duplex tòa 97 - 99 Láng Hạ, Đống Đa 235,6m2 full nội thất giá rẻ","18,8 tỷ","235,6 m²","79,8 tr/m²",3,3,"Láng Hạ, Đống Đa","21.0144557952881, 105.813835144043"
42279149,27/02/2025,"1,795 tỷ cho căn chung cư mini 2ngủ tầng trung siêu đẹp thoáng","1,8 tỷ",50 m²,"35,9 tr/m²",2,1,"Kim Liên, Đống Đa","21.0050346427674, 105.833587892117"
42104131,27/02/2025,"căn hộ toà Mipec 299 Tây Sơn. căn góc dt 144m 3pn 2wc. tầng trung full nội thất. giá bán 10,3 tỷ","10,3 tỷ",144 m²,"71,53 tr/m²",3,2,"Trung Liệt, Đống Đa","21.00637571869336, 105.82392916900852"
42279550,27/02/2025,Tập thể Đống Đa - 65m2 - 3 ngủ đủ công năng - mới ở luôn - chỉ 3 tỷ,3 tỷ,65 m²,"46,15 tr/m²",3,N/A,"Thổ Quan, Đống Đa","21.0182863883509, 105.833275755445"
42277325,27/02/2025,Bán nhanh căn hộ chung cư 2N2VS tiêu chuẩn khách sạn 5 sao vị trí trung tâm Ngã Tư Sở,"4,5 tỷ",64 m²,"70,31 tr/m²",2,2,"Thịnh Quang, Đống Đa","21.00343776891439, 105.81872461873724"
42279139,27/02/2025,Siêu hiếm trung tâm Đống Đa tập thể dược phẩm 1(ngõ Quan Thổ 1) 46m2 2 ngủ full đồ ở luôn 2.2 tỷ,"2,2 tỷ",46 m²,"47,83 tr/m²",2,1,"Thổ Quan, Đống Đa","21.0193457862827, 105.83054030169"
42279284,27/02/2025,"Bán chung cư mini, gà đẻ trứng vàng phố Tôn Thất Tùng, Trường Chinh 23 phòng cho thuê.",Giá thỏa thuận,90 m²,N/A,23,23,"Khương Thượng, Đống Đa","21.0025065414806, 105.829350319678"
41082723,26/02/2025,"Hiếm! Tập thể Nam Đồng, Đống Đa, 2 thoáng, sổ to, 70m2 2PN 2WC nhà đẹp 3,59 tỷ","3,59 tỷ",70 m²,"51,29 tr/m²",2,2,"Nam Đồng, Đống Đa","21.0131376606271, 105.833357149887"
41866233,26/02/2025,"Hot! Bán căn hộ 2PN, 3PN toà Terra 83 Hào Nam, trung tâm chỉ 8,6 tỷ full nội thất cao cấp","8,7 tỷ",78 m²,"111,54 tr/m²",2,2,"Ô Chợ Dừa, Đống Đa","21.023813525786711, 105.8264497044979"
41735878,26/02/2025,"Bán gấp căn hộ chung cư Sông Hồng Park View 165 Thái Hà, 120m2, 3PN, đủ đồ giá 8 tỷ LH: 0814 332 ***",8 tỷ,120 m²,"66,67 tr/m²",3,2,"Láng Hạ, Đống Đa","21.014835357666, 105.817268371582"
36394606,26/02/2025,"Chính chủ - bán chung cư N2 Đông Tác - Tôn Thất Tùng - Đống Đa, nội thất đầy đủ, sổ hồng vĩnh viễn",800 triệu,37 m²,"21,62 tr/m²",1,1,"Kim Liên, Đống Đa","21.0025021651613, 105.829800308064"
42277554,26/02/2025,"Chung cư quận Đống Đa Hà Nội Ninety Complex 37-92m2 đầy đủ nội thất cao cấp giá nhỉnh 3,5 tỷ","4,8 tỷ",68 m²,"70,59 tr/m²",2,2,"Thịnh Quang, Đống Đa","21.00365149413355, 105.81936284419172"
42272953,26/02/2025,"Tập thể mặt phố Kim Liên 54/108m 2PN 2 thoáng 4,4 tỷ gần Vincom, đã có chủ trương tái định cư sớm","4,4 tỷ",54 m²,"81,48 tr/m²",2,1,"Kim Liên, Đống Đa","21.0066684850658, 105.835399244532"
42277107,26/02/2025,Bán tập thể tầng 1 Hồ Đắc Di - kinh doanh nhà hàng quá phù hợp,17 tỷ,240 m²,"70,83 tr/m²",N/A,N/A,"Nam Đồng, Đống Đa","21.0123345420556, 105.829152502199"
42277076,26/02/2025,"Phương Mai, Đống Đa. DT 25m2, tầng 1, giá 2,68 tỷ. Ngõ thông, kinh doanh.","2,68 tỷ",25 m²,"107,2 tr/m²",2,1,"Phương Mai, Đống Đa","21.0016191403167, 105.83955779005"
41792533,26/02/2025,"Bán gấp Lô góc 135m 4PN chung cư Terra Hào Nam - Giá chỉ từ 15,x tỷ Full nội thất cao cấp 5* SỔ ĐỎ","15,12 tỷ",135 m²,112 tr/m²,4,3,"Ô Chợ Dừa, Đống Đa","21.02467321851362, 105.82701747669113"
42276433,26/02/2025,Mở bán - Chung cư L1 Xã Đàn - Ô Chợ Dừa - Đống Đa - full nội thất,Giá thỏa thuận,35 m²,N/A,1,1,"Phương Liên, Đống Đa","21.0118090031058, 105.836806822698"
42276412,26/02/2025,Căn hộ TT 40m2 khu phố Trung Liệt giá nhỉnh 3 tỷ - hộ khẩu Đống Đa,"3,2 tỷ",40 m²,80 tr/m²,1,N/A,"Trung Liệt, Đống Đa","21.015561700876, 105.820706449957"
41968554,26/02/2025,"Bán Chung cư Cũ T3 Ngay Plaza Hà Thành Thái Thịnh cao cấp 3Pn, Full Nt . Giá chỉ 2.95 tỷ.",Giá thỏa thuận,65 m²,N/A,3,2,"Thịnh Quang, Đống Đa","21.0106755795125, 105.818800600116"
42274945,26/02/2025,"Hoàng 3333 Giá Thật. Bán CH 72m2 2PN, 2VS tại Green Diamond 93 Láng Hạ, Ban công Đông Nam mát mẻ, S","9,3 tỷ",72 m²,"129,17 tr/m²",2,2,"Láng Hạ, Đống Đa","21.016290730462845, 105.8149067417264"
42274547,26/02/2025,"Bán căn hộ 187 Nguyễn Lương Bằng, giá tốt 4,5 tỷ, 66 m2, 2PN 1WC","4,5 tỷ",66 m²,"68,18 tr/m²",2,1,"Quang Trung, Đống Đa","21.01418828581207, 105.82754982802332"
42272742,26/02/2025,Bán nhà tập thể phố Phương Mai Đống Đa gần bệnh viện Bạch Mai - DTSD 50m2 2 ngủ,"2,75 tỷ",50 m²,55 tr/m²,2,1,"Phương Mai, Đống Đa","21.0012542319359, 105.839592944995"
42271248,26/02/2025,Trung tâm Đống Đa - ô tô tải đỗ cầu thang - sân chơi trước nhà - sổ to cơi nới được thêm - 2.97 tỷ,"2,97 tỷ",70 m²,"42,43 tr/m²",2,N/A,"Văn Chương, Đống Đa","21.0212686367974, 105.8337327904"
42272456,26/02/2025,"Bán nhanh nhà tập thể ngay phố Nguyễn Ngọc Doãn 150m- 3 ngủ 2 wc- Full đồ ở luôn, Giá 3,95 Tỷ.","3,95 tỷ",150 m²,"26,33 tr/m²",3,2,"Nam Đồng, Đống Đa","21.0151814345658, 105.830047384262"
41793551,26/02/2025,"Duy nhất căn 2PN, 45m2, view thành phố, tặng full nội thất cao cấp, giá chỉ 3,9 tỷ","3,9 tỷ",45 m²,"86,67 tr/m²",2,1,"Thịnh Quang, Đống Đa","21.003959320793296, 105.81807455062727"
42000610,26/02/2025,"Bán căn hộ 110m2 tòa Hacisco Nguyễn Chí Thanh, Đống Đa, LH 0944 956 ***",Giá thỏa thuận,110 m²,N/A,3,2,"Láng Hạ, Đống Đa","21.0206181965426, 105.808095925402"
42272045,26/02/2025,BÁN TÒA CHDV PHỐ HÀO NAM_NGÕ THÔNG_GẦN PHỐ_DÒNG TIỀN CAO_PCCC ĐẠT CHUẨN_80M2 7 TẦNG THANG MÁY_20 TỶ,20 tỷ,80 m²,250 tr/m²,N/A,N/A,"Ô Chợ Dừa, Đống Đa","21.0254591377116, 105.827437407219"
42270985,26/02/2025,"Căn hộ Studio Lancaster - Số 1152 đường Láng, 58m2 4.6 tỷ","4,6 tỷ",58 m²,"79,31 tr/m²",1,1,"Láng Thượng, Đống Đa","21.0237119331534, 105.805126810564"
42271717,26/02/2025,"Bán căn hộ chung cư toà 187 Nguyễn Lương Bằng 65m2 , thiết kế 2 ngủ , 1 wc . Lh : 0971 405 ***","4,95 tỷ",65 m²,"76,15 tr/m²",2,1,"Quang Trung, Đống Đa","21.0135713125172, 105.826809882519"
42126321,26/02/2025,"Bán căn hộ chung cư B14 Kim Liên , Đống Đa 65m2 , thiết kế 2 ngủ , 1 vệ sinh . Lh : 0971 405 ***","4,95 tỷ",65 m²,"76,15 tr/m²",2,1,"Kim Liên, Đống Đa","21.004695979375, 105.835702658094"
36311025,26/02/2025,"Bán CC Hoàng Cầu D'. Le Pont D'or Tân Hoàng Minh, 121 m2, 3PN view 11, x tỷ. LH 0931 318 ***",Giá thỏa thuận,121 m²,N/A,3,2,"Ô Chợ Dừa, Đống Đa","21.0194931030273, 105.822341918945"
42021020,26/02/2025,"Bán căn góc tòa CC Hòa Phát 46 Phố Vọng, nhà đẹp, full NT xịn, 3 ngủ, 6.65 tỷ","6,65 tỷ","90,3 m²","73,64 tr/m²",3,2,"Phương Mai, Đống Đa","20.998643691447263, 105.84147075961094"
41975294,26/02/2025,"Bán CH 72m 2PN 2WC giá 9.3tỷ tòa Green Diamond - 93 Láng Hạ, Đống Đa","9,3 tỷ",72 m²,"129,17 tr/m²",2,2,"Láng Hạ, Đống Đa","21.01604898643679, 105.81516476994648"
42027924,26/02/2025,Bán chung cư Thái Thịnh 1 tỷ 400 tr (full đồ nhà mới),Giá thỏa thuận,32 m²,N/A,1,1,"Thịnh Quang, Đống Đa","21.0101388465111, 105.818179978948"
42165100,26/02/2025,Bán chung cư Thái Thịnh 1 tỷ 400 tr (full đồ nhà mới),"1,4 tỷ",32 m²,"43,75 tr/m²",1,1,"Thịnh Quang, Đống Đa","21.0101388465111, 105.818179978948"
42270338,26/02/2025,"Bán gấp nhà tập thể T1 Thái Hà, sổ to, SD 70m2, 2 ngủ, ô tô cách 15m, khu vip, dân trí cao, nhà đẹp","3,75 tỷ",70 m²,"53,57 tr/m²",2,N/A,"Láng Hạ, Đống Đa","21.0145270337563, 105.816996376541"
42270409,26/02/2025,"Chủ gửi bán C18 Tập Thể Bộ Công An, 60m2, 2pn, 2wc, 3.x tỷ- 0975 118 ***",Giá thỏa thuận,60 m²,N/A,2,2,"Láng Hạ, Đống Đa","21.0159411068222, 105.809918307424"
26432245,26/02/2025,"Bán gấp chung cư Hong Kong Tower DT 104m2, tháp B, 3PN, căn góc giá rẻ, chính chủ LH 0934 522 ***",Giá thỏa thuận,104 m²,N/A,3,2,"Láng Thượng, Đống Đa","21.0272006988525, 105.803825378418"
42267623,26/02/2025,Phố vip Xã Đàn - tòa nhà dịch vụ full nội thất - cho thuê dòng tiền 1tỷ2/năm - hệ thống PCCC đầy đủ,21 tỷ,70 m²,300 tr/m²,16,17,"Kim Liên, Đống Đa","21.0065770895318, 105.83603220113"
42154530,26/02/2025,Tập thể Phạm Ngọc thạch full nội thất đẹp ô tô đỗ cửa,"2,68 tỷ",70 m²,"38,29 tr/m²",N/A,N/A,"Kim Liên, Đống Đa","21.0089216473844, 105.834594394821"
42268835,25/02/2025,"Hoa hậu!! Tập Thể Trung Tự- Đống Đa, 75m, Thoáng Sáng, oto, full đồ ở ngay, Chỉ 3,2 tỷ","3,2 tỷ",75 m²,"42,67 tr/m²",2,1,"Phương Liên - Trung Tự, Đống Đa","21.008235557504, 105.833744670701"
42268766,25/02/2025,"TÒA CHDV 7T THANG MÁY XÂY MỚI 16 PHÒNG KHÉP KÍN, KHỔ ĐẤT ĐẸP, VÀI BƯỚC RA PHỐ - NỘI THẤT, PCCC",21 tỷ,70 m²,300 tr/m²,16,N/A,"Phương Liên, Đống Đa","21.0118688627034, 105.837009578912"
42262825,25/02/2025,"Bán Tập Thể Vĩnh Hồ - Thái Thịnh, Đống Đa, 3 ngủ 2wc, Lô Góc, ở cực sướng","3,56 tỷ",86 m²,"41,4 tr/m²",3,2,"Thịnh Quang, Đống Đa","21.0069144197902, 105.820717881699"
42267408,25/02/2025,"Bán gấp căn 3 phòng ngủ 108m2, giá 7,8 tỷ, đầy đủ nội thất ở ngay","7,8 tỷ",108 m²,"72,22 tr/m²",3,2,"Phương Mai, Đống Đa",N/A
40603673,25/02/2025,"Chuyên quỹ căn chuyển nhượng 1-2-3 PN, Duplex chung cư 93 Láng Hạ - Sổ đỏ trao tay, LH 0904 859 ***",Giá thỏa thuận,71 m²,N/A,2,2,"Láng Hạ, Đống Đa","21.016827, 105.81522"
38833940,25/02/2025,Chuyên hàng chuyển nhượng D'. Le Pont Dor Tân Hoàng Minh LH để nhận bảng hàng chi tiết 0904 859 ***,9 tỷ,93 m²,"96,77 tr/m²",2,2,"Ô Chợ Dừa, Đống Đa","21.019536800967682, 105.8221798840797"
42266309,25/02/2025,"Bán gấp CH 6 TỶ 76m2- 2PN2WC- FULL NỘI THẤT+ ĐỒ ĐIỆN TỬ tại 90 ĐƯỜNG LÁNG, Đống Đa, Hà Nội",6 tỷ,76 m²,"78,95 tr/m²",2,2,"Thịnh Quang, Đống Đa","21.004112952632553, 105.81872150098458"
42264216,25/02/2025,"Bán gấp! Căn tập thể Phương Mai - Diện tích 70m2 - 2 ngủ riêng - giá 3,6 tỉ","3,6 tỷ",70 m²,"51,43 tr/m²",2,1,"Phương Mai, Đống Đa","21.0013462518538, 105.839247602991"
42167339,25/02/2025,Tại trung tâm Quận Đống Đa - HN có một dự án siêu sang - giá rẻ vô địch từ 75tr/m2,"3,75 tỷ",50 m²,75 tr/m²,N/A,N/A,"Thịnh Quang, Đống Đa","21.003716281005904, 105.81790034111265"
42265780,25/02/2025,"BÁN CĂN HỘ DỊCH VỤ TẠI PHỐ TÔN ĐỨC THẮNG! 70M2, 5 TẦNG, 10 PHÒNG, DÒNG TIỀN HÀNG THÁNG 45 TRIỆU!","14,2 tỷ",70 m²,"202,86 tr/m²",10,10,"Hàng Bột, Đống Đa","21.0267254631544, 105.833659293325"
41370339,25/02/2025,"Bán gấp căn hộ chung cư 187 Nguyễn Lương Bằng 2pn 1wc DT : 65.5m2 giá 4,95 tỷ LH:0917 495 ***","4,95 tỷ","65,5 m²","75,57 tr/m²",2,1,"Quang Trung, Đống Đa","21.013336181640625, 105.82765197753906"
42264973,25/02/2025,"Bán nhà tập thể Hồ Đắc Di, Trung Tự, 125m2, 4 ngủ, 2WC, ô tô đỗ gần, chủ thiện chí bán","3,75 tỷ",125 m²,30 tr/m²,4,2,"Phương Liên - Trung Tự, Đống Đa","21.0043982281365, 105.831202049351"
41841296,25/02/2025,Cần bán căn hộ 3PN - tháp B Hong Kong Tower. Thiện chí bán phát lộc đầu năm. LH 0372 004 *** em Loan,"9,5 tỷ",107 m²,"88,78 tr/m²",3,2,"Láng Thượng, Đống Đa","21.027476955851025, 105.80437910792217"
42169255,25/02/2025,"Bán căn hộ chung cư 66 m2, 2 PN, 187 Tây Sơn, Đống Đa ;ban công Đông Nam,0904 760 ***",Giá thỏa thuận,66 m²,N/A,2,1,"Quang Trung, Đống Đa","21.0126178426417, 105.827421740063"
41489386,25/02/2025,"Sở hữu căn hộ khách sạn 37m2 tại Ngã Tư Sở, ngân hàng hỗ trợ 50%, chỉ hơn 3.2tỷ, full nội thất","3,2 tỷ",37 m²,"86,49 tr/m²",1,1,"Thịnh Quang, Đống Đa","21.0041027069092, 105.818695068359"
40462372,25/02/2025,Bán penthouse A2203 toà D'Le Pont D'or 36 Hoàng Cầu - Tân Hoàng Minh,42 tỷ,450 m²,"93,33 tr/m²",5,N/A,"Ô Chợ Dừa, Đống Đa","21.019493, 105.82234"
42002351,25/02/2025,"0917 748 *** cần bán nhanh căn studio 46m2 tại Lancaster Luminaire đường Láng giá 5,2 tỷ","5,2 tỷ",46 m²,"113,04 tr/m²",1,1,"Láng Thượng, Đống Đa","21.024107817064234, 105.80553669093302"
41713553,25/02/2025,"Bán căn hộ 3PN giá thỏa thuận, 104m2 tại Hong Kong Tower, Đống Đa, Hà Nội",Giá thỏa thuận,104 m²,N/A,3,2,"Láng Thượng, Đống Đa","21.02720069885254, 105.80382537841797"
42261243,25/02/2025,Bán căn hộ 125m2 - 3PN full nội thất. Tòa 196 Thái Thịnh. Giá 7 tỷ,"7,2 tỷ",125 m²,"57,6 tr/m²",3,2,"Láng Hạ, Đống Đa","21.0124611480154, 105.817073971754"
42260884,25/02/2025,"Bán nhà tập thể Hồ Đắc Di, Trung Tự, Đống Đa, 3 phòng ngủ, phòng khách, bếp, ô tô đỗ cửa, nhà đẹp","3,3 tỷ",68 m²,"48,53 tr/m²",3,N/A,"Phương Liên - Trung Tự, Đống Đa","21.0121680927778, 105.829802830989"
42159996,25/02/2025,Siêu VIP - căn hộ tập thể tầng 2 trung tâm Đống Đa phố Vĩnh Hồ - ô tô cách nhà chỉ vài bước chân,"2,88 tỷ",50 m²,"57,6 tr/m²",2,1,"Thịnh Quang, Đống Đa","21.0064562618832, 105.820571744646"
42261745,25/02/2025,"Tôi cần bán chung cư 257 Giải Phóng căn góc 108.7m2, 3 ngủ, 2 vs chỉ 7.68 tỷ","7,68 tỷ","108,7 m²","70,65 tr/m²",3,2,"Phương Mai, Đống Đa","20.9986397149048, 105.841963160864"
42261034,25/02/2025,Cần bán căn hộ 3PN ở 107 Nguyễn Chí Thanh giá 6.5 tỷ,"6,5 tỷ","104,43 m²","62,24 tr/m²",3,2,"Láng Hạ, Đống Đa","21.0202621656156, 105.808307022418"
42237512,25/02/2025,"Bán nhà TT tầng 1 DT 80m2 - 4,95 tỷ - Phạm Ngọc Thạch - Đống Đa","4,95 tỷ",80 m²,"61,88 tr/m²",2,1,"Phương Liên - Trung Tự, Đống Đa","21.0084372606951, 105.833869498344"
42005469,25/02/2025,"Nhà tập thể Kim Liên, gồm 2 tầng 2 + 3, sổ đỏ chuẩn, 65 m2, 2 ngủ 2 WC, đủ nội thất, chỉ 3.4 tỷ","3,4 tỷ",65 m²,"52,31 tr/m²",2,2,"Kim Liên, Đống Đa","21.004857293251, 105.835621570145"
42260895,25/02/2025,"Bán căn hộ 110m2, 3PN - Hacisco Nguyễn Chí Thanh, Đống Đa 7 tỷ - 0988 579 ***",7 tỷ,110 m²,"63,64 tr/m²",3,2,"Láng Hạ, Đống Đa","21.0203298593818, 105.808943051323"
42163025,25/02/2025,"Bán nhà tập thể 100m 2 tầng, 3 phòng ngủ ở ngay hoặc cho thuê khu dân trí cao",3 tỷ,100 m²,30 tr/m²,3,2,"Văn Chương, Đống Đa","21.0153623451533, 105.827950981614"
42234234,25/02/2025,"Bán nhà tập thể Chùa Láng, Nguyễn Chí Thanh, Đống Đa, 2 ngủ, ô tô vào sân nhà, nhà đẹp, ở ngay","2,93 tỷ",60 m²,"48,83 tr/m²",2,N/A,"Láng Hạ, Đống Đa","21.0233302779004, 105.806682538784"
42237582,25/02/2025,"Bán gấp nhà tập thể Trúc Khê, Đống Đa, 3 ngủ, 2WC, 2 thoáng, ô tô đỗ cửa, nhà đẹp, ở ngay","3,75 tỷ",85 m²,"44,12 tr/m²",3,2,"Láng Hạ, Đống Đa","21.016621823465, 105.808050136124"
42241216,25/02/2025,"Bán tập thể tại Phố Phương Mai, 2,68 tỷ, 60m2, 2PN, 1WC","2,68 tỷ",60 m²,"44,67 tr/m²",2,1,"Phương Mai, Đống Đa","21.0014318203389, 105.839125042666"
42260142,25/02/2025,Em bán căn nhà tập thể Kim Liên TT Đống Đa full nội thất xịn sò,"2,68 tỷ",65 m²,"41,23 tr/m²",N/A,N/A,"Kim Liên, Đống Đa","21.0050482157071, 105.835620301447"
35922985,25/02/2025,"Chính chủ - bán chung cư N01 Xã Đàn - Đê La Thành 35, 52m2, full nội thất, giảm 50tr căn, ở ngay",860 triệu,35 m²,"24,57 tr/m²",1,1,"Thổ Quan, Đống Đa","21.016230654611, 105.832409921739"
42258962,25/02/2025,Bán nhà TT Văn Chương 50m - nhỉnh 2 tỷ - Đống Đa - siêu đẹp,"2,45 tỷ",50 m²,49 tr/m²,N/A,N/A,"Văn Chương, Đống Đa","21.0233567600179, 105.83667937927"
42255954,25/02/2025,Mở bán - chung cư N1 Lê Duẩn - Xã Đàn - Đống Đa - DT 30m2 55m2,Giá thỏa thuận,35 m²,N/A,1,1,"Phương Liên, Đống Đa","21.011653961816, 105.836963506552"
42244147,25/02/2025,Bán nhà TT Phương Mai 70m - nhỉnh 2 tỷ - Đống Đa - siêu đẹp,"2,9 tỷ",70 m²,"41,43 tr/m²",N/A,N/A,"Phương Mai, Đống Đa","21.0013404662726, 105.839349246548"
39190289,24/02/2025,"Chính chủ bán căn hộ phố Hào Nam - Cát Linh - Đống Đa, full NT, sổ hồng Vĩnh Viễn",Giá thỏa thuận,50 m²,N/A,2,1,"Cát Linh, Đống Đa","21.0288733, 105.8308437"
42253465,24/02/2025,"Chỉ 4 tỷ căn 2PN trung tâm Đống Đa, nhận nhà tháng 6/2025, tặng full nội thất. HTLS 21 tháng",Giá thỏa thuận,63 m²,N/A,2,N/A,"Thịnh Quang, Đống Đa","21.00413280447346, 105.81870435535458"
39132284,24/02/2025,"(Giá thật) chính chủ bán căn 137,5m2, 3PN + 3WC tầng trung đẹp giá 16 tỷ CC Hateco Laroma",16 tỷ,"137,5 m²","116,36 tr/m²",3,3,"Láng Thượng, Đống Đa","21.0204162597656, 105.807243347168"
42253398,24/02/2025,"Bán nhà tập thể Kim Liên, Đống Đa, 2 ngủ, đủ công năng, nhà đẹp, ở ngay, nhà đẹp, ở ngay","2,88 tỷ",58 m²,"49,66 tr/m²",2,N/A,"Kim Liên, Đống Đa","21.0086994694487, 105.834469933449"
42254616,24/02/2025,"Bán gấp căn 2 phòng ngủ 82m2, giá 6,3 tỷ, đầy đủ nội thất ở ngay, có sổ đỏ","6,3 tỷ",82 m²,"76,83 tr/m²",2,2,"Phương Mai, Đống Đa","21.0007672891815, 105.837850607873"
42254244,24/02/2025,"Bán chung cư The Gloria by Silk Path, đường Nguyên Hồng, 2PN giá tốt nhất thị trường 8,5 tỷ","8,5 tỷ",57 m²,"149,12 tr/m²",2,2,"Láng Hạ, Đống Đa","21.01579693676844, 105.8097365686971"
42253960,24/02/2025,Chỉ với 10 tỷ sở hữu ngay căn hộ 3 ngủ rộng 170m2 tại M3 - M4 Nguyễn Chí Thanh,10 tỷ,170 m²,"58,82 tr/m²",3,N/A,"Láng Hạ, Đống Đa","21.020333195483314, 105.80888853119362"
42254310,24/02/2025,"Bán gấp căn 2 phòng ngủ 82m2, giá 6,3 tỷ, đầy đủ nội thất ở ngay","6,3 tỷ",82 m²,"76,83 tr/m²",2,2,"Phương Mai, Đống Đa","20.999940841714174, 105.83624486086511"
42254249,24/02/2025,"Chung cư mini 55m2 x 2 ngủ x 1,67 tỷ - Xã Đàn - Đống Đa - tặng fun đồ như ảnh (nói không tin ảo)","1,67 tỷ",55 m²,"30,36 tr/m²",2,2,"Kim Liên, Đống Đa","21.0065910014615, 105.835732754106"
42253910,24/02/2025,"Chính chủ cần bán gấp suất ngoại giao căn 2 ngủ chuẩn pháp lý mặt đường Láng giá 3.7x tỷ, BG Q2.25",Giá thỏa thuận,45 m²,N/A,2,1,"Thịnh Quang, Đống Đa","21.00368948234542, 105.81837775078473"
42153689,24/02/2025,"Bán căn hộ 101 Láng Hạ,163 m2, 3 PN, ban công Đông Nam, thoáng căn góc, rất mát, giá 11,5 tỷ (mới)","11,5 tỷ",163 m²,"70,55 tr/m²",3,N/A,"Láng Hạ, Đống Đa","21.01365355480279, 105.81336554510915"
42160341,24/02/2025,"Cần bán căn hộ CT2C Tái Định Cư Hoàng Cầu DT 73m2, 2PN, tầng cao, căn góc view check hồ giá 4.3 tỷ","4,35 tỷ",73 m²,"59,59 tr/m²",2,1,"Ô Chợ Dừa, Đống Đa","21.01958022638753, 105.82123064945347"
42253027,24/02/2025,"Bán gấp CC 2PN tại 187 Tây Sơn, 4,95 tỷ, 67m2 giá tốt","4,95 tỷ",67 m²,"73,88 tr/m²",2,1,"Quang Trung, Đống Đa","21.013777016327662, 105.82694289106279"
37943210,24/02/2025,"Tôi bán căn 3PN - 107m2 Hong Kong Tower - 243A Đê La Thành, căn góc đẹp. LH 0372 004 ***","9,63 tỷ",107 m²,90 tr/m²,3,2,"Láng Thượng, Đống Đa","21.0272006988525, 105.803825378418"
42252914,24/02/2025,"Cần bán gấp, căn chung cư M3 - M4 Nguyễn Chí Thanh 3 phòng ngủ hơn 100m2 giá 6.8 tỷ. LH: 0988 669 ***","6,8 tỷ",105 m²,"64,76 tr/m²",3,2,"Láng Hạ, Đống Đa","21.0204350815125, 105.809074661096"
42208342,24/02/2025,"Chính chủ bán căn hộ 3PN Hong Kong Tower 107m2 Đống Đa tầng trung view thoáng, sẵn sổ",10 tỷ,107 m²,"93,46 tr/m²",3,2,"Láng Thượng, Đống Đa","21.026741231963832, 105.80342471791663"
42252654,24/02/2025,"Bán căn hộ chung cư 110 m2, 3 PN, tòa 71 Nguyễn Chí Thanh, Đống Đa; 0904 760 ***",Giá thỏa thuận,110 m²,N/A,3,2,"Láng Hạ, Đống Đa","21.015013489303872, 105.81300925707835"
42252625,24/02/2025,"1,69 tỷ cho căn chung cư mini 2 ngủ thoáng đẹp","1,69 tỷ",52 m²,"32,5 tr/m²",2,1,"Quang Trung, Đống Đa","21.0077690799974, 105.82805117438"
42159525,24/02/2025,Bán căn hộ M3 M4 Nguyễn Chí Thanh diện tích 170m2 gồm có 4PN - 2WC nhà đẹp. Liên hệ 0372 004 ***,"10,2 tỷ",170 m²,60 tr/m²,4,2,"Láng Hạ, Đống Đa","21.0196955451849, 105.8092167206"
41788057,24/02/2025,"Chính chủ bán gấp căn TT Vĩnh Hồ - Thịnh Quang 86m2 - 3 ngủ riêng - 3.5 tỷ, lô góc - 3 thoáng","3,5 tỷ",86 m²,"40,7 tr/m²",3,2,"Thịnh Quang, Đống Đa","21.0066248393583, 105.820714614646"
42250480,24/02/2025,Em bán căn nhà tập phố Phương Mai TT Đống Đa full nội thất xịn sò,"2,75 tỷ",70 m²,"39,29 tr/m²",N/A,N/A,"Phương Mai, Đống Đa","21.0012015347994, 105.839103582488"
42251141,24/02/2025,Bán Duplex thông tầng B22 - 2301 toà D'Le Pont D'or 36 Hoàng Cầu - Tân Hoàng Minh view Hồ Hoàng Cầu,41 tỷ,405 m²,"101,24 tr/m²",N/A,N/A,"Ô Chợ Dừa, Đống Đa","21.019466187937006, 105.8219640293036"
39552215,24/02/2025,Chính chủ bán căn hộ CCMN 198 Xã Đàn diện tích 50m/2 PN nhỉnh 1 tỷ full đồ,"1,65 tỷ",50 m²,33 tr/m²,2,1,"Phương Liên, Đống Đa","21.0117028, 105.8368627"
41586793,24/02/2025,"Căn hộ đẹp bán tại D. Le Pont Dor - Hoàng Cầu, giá thỏa thuận, diện tích 403m2",Giá thỏa thuận,403 m²,N/A,N/A,N/A,"Ô Chợ Dừa, Đống Đa","21.019493103027344, 105.82234191894531"
42249053,24/02/2025,"Vào ở luôn, chính chủ bán căn hộ CCMN phố Huỳnh Thúc Kháng - Chùa Láng 52m2, full đồ","1,94 tỷ",52 m²,"37,31 tr/m²",2,1,"Láng Hạ, Đống Đa","21.0186463448026, 105.811583098389"
37005466,24/02/2025,"CCMN Khâm Thiên - Ô Chợ Dừa DT 30 - 55m2 giá từ 700 - 1, 1 tỷ",Giá thỏa thuận,55 m²,N/A,2,1,"Khâm Thiên, Đống Đa","21.0195175, 105.8277637"
37137478,24/02/2025,"Chung cư mini Ô chợ Dừa - Khâm Thiên DT 30 - 48 - 52m giá từ 690tr - 900 - 1,1 - 1,3 tỷ/căn",Giá thỏa thuận,52 m²,N/A,2,1,"Ô Chợ Dừa, Đống Đa","21.0195916, 105.8310963"
42152458,24/02/2025,"Căn hộ tập thể Phương Mai - Tầng 3 - DTSD 45m2 - thoáng trước sau - 2,55 tỷ","2,55 tỷ",45 m²,"56,67 tr/m²",2,1,"Kim Liên, Đống Đa","21.005873801007, 105.835340815972"
42250366,24/02/2025,"Bán căn hộ chung cư Vườn Xuân, 7 tỷ, 110m2 có 3PN - 2WC, Đống Đa, Hà Nội, giá cực chất",7 tỷ,110 m²,"63,64 tr/m²",3,2,"Láng Hạ, Đống Đa","21.0150593394153, 105.8129710044649"
42249573,24/02/2025,"Rẻ nhất thị trường! Bán căn hộ 110m2 tòa Vườn Xuân 71 Nguyễn Chí Thanh, LH - 0944 956 ***","6,7 tỷ",110 m²,"60,91 tr/m²",3,2,"Láng Hạ, Đống Đa","21.015379269557588, 105.81272344589094"
42249285,24/02/2025,"Căn hộ tầng 2 tập thể in ngân hàng, ngõ Quan thổ, Q. Đống Đa, HN","2,63 tỷ","12,6 m²","208,73 tr/m²",N/A,N/A,"Hàng Bột, Đống Đa","21.0266262890882, 105.833540366869"
42062091,24/02/2025,Bán căn góc chung cư Lancaster Luminaire 1152 đường Láng 120m2 căn đẹp nhất tòa nhà,"12,6 tỷ",120 m²,105 tr/m²,3,3,"Láng Thượng, Đống Đa","21.0230752364463, 105.805121055851"
42249744,24/02/2025,Chính chủ gửi bán CHCC 93 Láng Hạ - Green Diamond - 92m - 2N2WC 9.7 tỷ,"9,7 tỷ",92 m²,"105,44 tr/m²",2,2,"Láng Hạ, Đống Đa","21.017197819611372, 105.81589237656549"
42159367,24/02/2025,"Bán gấp CC 1PN 1WC, 40m2, giá thỏa thuận, ở Thái Thịnh, Đống Đa, Hà Nội",Giá thỏa thuận,40 m²,N/A,1,1,"Thịnh Quang, Đống Đa","21.0104284903319, 105.818391661074"
42248964,24/02/2025,"Bán CC tòa 187 Nguyễn Lương Bằng. DT: 65m2, 2PN - 1WC. Chính chủ. Lh: 0963 815 ***",Giá thỏa thuận,65 m²,N/A,2,1,"Nam Đồng, Đống Đa","21.014430516573498, 105.82757589965608"
42248618,24/02/2025,"Bán nhà tập thể T1, Tôn Đức Thắng, Đống Đa, 2 ngủ, ô tô đỗ cửa, nhà đẹp, ở ngay, chủ thiện chí bán","2,2 tỷ",45 m²,"48,89 tr/m²",2,N/A,"Hàng Bột, Đống Đa","21.0267409054715, 105.833805049038"
41778982,24/02/2025,"Bán CC đẹp tại Vườn Xuân - 71 Nguyễn Chí Thanh, 7,2 tỷ, căn hộ 3 phòng ngủ, 2VS full nội thất","7,2 tỷ",110 m²,"65,46 tr/m²",3,2,"Láng Hạ, Đống Đa","21.01525311433352, 105.81329383142507"
42248327,24/02/2025,"Bán tập thể phố Thái Thịnh, DT 60m2, T4, MT 3m giá 2.7 tỷ","2,7 tỷ",60 m²,45 tr/m²,2,1,"Trung Liệt, Đống Đa","21.010160336527, 105.818798802229"
42246285,24/02/2025,Chính chủ bán căn hộ tập thể Thú Y 74 Trường Chinh căn góc 3 thoáng 90m 3PN full đồ nhà đẹp,"3,25 tỷ",89 m²,"36,52 tr/m²",3,2,"Phương Mai, Đống Đa","20.9985483214474, 105.837762311725"
42244103,24/02/2025,"Bán căn tập thể 1PN, 1WC, 35m2, 1,15 tỷ tại Nguyễn Chí Thanh, Đống Đa, Hà Nội bao đẹp","1,15 tỷ",35 m²,"32,86 tr/m²",1,1,"Láng Thượng, Đống Đa","21.0208584659949, 105.808502721316"
41705216,24/02/2025,"Tập thể phố Chùa Láng 20m2, tầng thấp, ô tô đỗ 1 tỷ hơn","2,5 tỷ",20 m²,125 tr/m²,N/A,N/A,"Láng Thượng, Đống Đa","21.0232148177312, 105.806689693811"
42241771,24/02/2025,"Bán gấp CCMN 2 PN, phố An Trạch 2, gần phố Đoàn Thị Điểm, Văn Miếu Quốc Tử Giám, 5 phút lên Phố Cổ","1,85 tỷ",48 m²,"38,54 tr/m²",2,1,"Cát Linh, Đống Đa","21.0279499766838, 105.830054944121"
42239468,24/02/2025,"Bán nhà tập thể gần hồ Văn Chương, Đống Đa, sổ 43m, SD lớn, ô tô tránh trước nhà, sân chơi rộng","2,95 tỷ",55 m²,"53,64 tr/m²",2,N/A,"Văn Chương, Đống Đa","21.0215667396566, 105.83365299721"
42238428,24/02/2025,Chính chủ bán căn CCMN 2P ngủ full đồ tại Chùa Láng - ĐH Ngoại Thương - Nguyễn Chí Thanh,"1,95 tỷ",53 m²,"36,79 tr/m²",2,1,"Láng Hạ, Đống Đa","21.0233276111635, 105.80627836792"
