Id,Date Posted,Product Title,Price,Area,Price per m²,Bedrooms,Toilets,Location,Coordinates
42173955,23/02/2025,Quỹ căn bán chuyển nhượng giá tốt nhất Times city- Park Hill-Premium tháng 2/2025. Lh 0902 121 ***,"6,9 tỷ",80 m²,"86,25 tr/m²",2,2,·,"20.9946137201963, 105.868457041159"
42232193,22/02/2025,"Chính chủ bán gấp giá sốc: Căn Góc Hoa Hậu 3PN sáng Park5 - Park Hill - Times City, Tầng đẹp 12A","9,5 tỷ","101,3 m²","93,78 tr/m²",3,2,·,"20.9937020454817, 105.867811095954"
35604056,21/02/2025,Ban quản lý dự án bán căn hộ Times City và Park Hill giá rẻ 300 - 800tr cập nhật mới nhất 2025,7 tỷ,95 m²,"73,68 tr/m²",2,2,·,"20.9947910308838, 105.86784362793"
42214779,20/02/2025,"Cập nhật quỹ căn hộ Times City, Park Hill tháng 2/2025 giá tốt. Liên hệ: 0913 406 ***","6,75 tỷ",79 m²,"85,44 tr/m²",2,2,·,"20.99526998971331, 105.86750932836563"
42208366,19/02/2025,Cập nhật 24/7 quỹ căn chuyển nhượng Times City - Park Hill giá siêu tốt,"7,4 tỷ",80 m²,"92,5 tr/m²",2,N/A,·,"20.994826379477, 105.867912715716"
41938029,16/02/2025,Chính chủ bán 6 căn hộ chung cư Sunshine Garden từ 1N - 4N giá tốt - Liên hệ em Tuấn Anh 0889 108 ***,"6,4 tỷ",129 m²,"49,61 tr/m²",4,3,·,"20.99620264133976, 105.87310491579765"
42034096,14/02/2025,"Bán CC Times City, Minh Khai, 108m2 tràn ngập ánh sáng, giá thỏa thuận, 2PN, 2WC",Giá thỏa thuận,108 m²,N/A,N/A,N/A,·,"20.9947507777791, 105.867564887491"
41748710,21/02/2025,Chuyên chuyển nhượng căn hộ Sunshine Garden quỹ căn đa dạng giá tốt nhất - Em Long 0355 863 ***,"6,5 tỷ",108 m²,"60,18 tr/m²",3,N/A,"Vĩnh Tuy, Hai Bà Trưng","20.99687867028431, 105.87341173012668"
42213980,21/02/2025,Chính chủ bán căn hộ CC 70 Võ Thị Sáu - quận Hai Bà Trưng diện tích 67m/76m2 - giá chỉ 3.9 tỷ,"3,9 tỷ",76 m²,"51,32 tr/m²",2,1,"Bách Khoa, Hai Bà Trưng","21.0056631315477, 105.854986940543"
35517026,20/02/2025,Quỹ căn chuyển nhượng cắt lỗ rẻ nhất Sunshine Garden - Em Cường 0976 044 ***,"6,7 tỷ",95 m²,"70,53 tr/m²",3,2,"Vĩnh Tuy, Hai Bà Trưng","20.9974530247871, 105.873439465426"
42221139,20/02/2025,Bán căn góc 3PN sáng Times City giá rẻ nhất TT chỉ 8.6 tỷ,"8,6 tỷ",103 m²,"83,5 tr/m²",3,2,"Vĩnh Tuy, Hai Bà Trưng","20.99444487991854, 105.86857980720127"
41629408,20/02/2025,Siêu thị căn hộ cắt lỗ Sunshine Garden. Căn giá tốt dành cho khách ở thực. Cao Tuấn Anh 0889 108 ***,"6,5 tỷ",118 m²,"55,08 tr/m²",3,2,"Vĩnh Tuy, Hai Bà Trưng","20.9966850280762, 105.873847961426"
42208234,19/02/2025,Quỹ căn hộ bán Times City tháng 2 giá cắt lỗ 300 - 500 tr/căn. Liên hệ - 0702 272 ***,"5,8 tỷ",83 m²,"69,88 tr/m²",2,2,"Vĩnh Tuy, Hai Bà Trưng","20.9946892094957, 105.867767467792"
41301608,19/02/2025,"Bán căn penthouse & Duplex toà nhà Sunshine Garden sát Time City. Diện tích 340m2, full nội thất",Giá thỏa thuận,340 m²,N/A,N/A,N/A,"Vĩnh Tuy, Hai Bà Trưng","20.996799653567248, 105.87371404911623"
38384711,19/02/2025,Bán căn góc 4 phòng ngủ 140m2 chung cư Sunshine Garden,"6,68 tỷ",140 m²,"47,71 tr/m²",4,3,"Vĩnh Tuy, Hai Bà Trưng","20.9966850280762, 105.873847961426"
42186338,17/02/2025,"Bán nhanh căn 2n2vs, 83m, 6.1 tỷ. LH 0869 221 ***","6,1 tỷ",83 m²,"73,49 tr/m²",2,2,"Vĩnh Tuy, Hai Bà Trưng","20.994759001316144, 105.86751384490191"
42184943,17/02/2025,"Bán gấp 2 ngủ rộng - 95m2, có lốt ôtô, giá chỉ 7,8 tỷ rẻ nhất thị trường","7,8 tỷ",95 m²,"82,1 tr/m²",2,2,"Vĩnh Tuy, Hai Bà Trưng","20.99436720798439, 105.86786173269522"
41853120,15/02/2025,Duy nhất !Cần chuyển nhượng CH 4PN 128m2 giá 6 tỷ 680 bao phí. Tặng chiết khấu 10-20% gói nội thất,"6,68 tỷ",129 m²,"51,78 tr/m²",4,3,"Vĩnh Tuy, Hai Bà Trưng","20.997128633245186, 105.8732715841798"
39363328,09/02/2025,Mua bán chuyển nhượng Sunshine Garden - Mr. Anh Linh: 0825 326 ***,"6,5 tỷ",140 m²,"46,43 tr/m²",4,3,"Vĩnh Tuy, Hai Bà Trưng","20.9966850280762, 105.873847961426"
35663984,23/02/2025,Quỹ căn hộ 2PN 3PN rao bán T2.2024 giá rẻ nhất Imperia đủ loại diện tích. LH số 0947 418 ***,"5,8 tỷ","74,83 m²","77,51 tr/m²",2,2,"Vĩnh Tuy, Hai Bà Trưng","20.9979349264688, 105.866389746877"
40704046,23/02/2025,"Bán nhà tập thể Đài truyền hình Việt Nam, Vĩnh Tuy, Hai Bà Trưng, Sát cổng trường ĐH, 120m2, 3.25tỷ","3,25 tỷ",120 m²,"27,08 tr/m²",3,2,"Vĩnh Tuy, Hai Bà Trưng","20.9984853, 105.8686635"
42148417,23/02/2025,Chính chủ cần bán căn hộ cắt lỗ 108m2 chỉ 6 tỷ 5 giá cực tốt tại dự án Sunshine Garden,"6,5 tỷ",108 m²,"60,18 tr/m²",3,2,"Vĩnh Tuy, Hai Bà Trưng","20.996656468093676, 105.8738332873968"
26489096,23/02/2025,"Thông báo mở bán CHCC Imperia Sky Garden 423 Minh Khai, căn 2PN 3PN, LH TPKD 0965 180 ***",Giá thỏa thuận,"81,74 m²",N/A,2,2,"Vĩnh Tuy, Hai Bà Trưng","20.9984378814697, 105.866737365723"
42210768,22/02/2025,"Vinhomes Times City cắt lỗ căn góc 3N tầng trung ban công nam đẹp của toà, nhà sửa đẹp 0776 455 ***","9,5 tỷ",115 m²,"82,61 tr/m²",3,2,"Vĩnh Tuy, Hai Bà Trưng","20.996856770499203, 105.86563674635107"
40606356,21/02/2025,"Tổng hợp một số căn hộ giá tốt tại Times City, Park Hill năm 2025","6,8 tỷ",80 m²,85 tr/m²,2,N/A,"Vĩnh Tuy, Hai Bà Trưng","20.9943332672119, 105.867561340332"
42232820,21/02/2025,Bán căn góc 3 phòng ngủ toà Park Hill giá cực rẻ chỉ hơn 9 tỷ. Anh chị có nhu cầu LH: 0387 196 ***,"9,4 tỷ",110 m²,"85,46 tr/m²",3,2,"Vĩnh Tuy, Hai Bà Trưng","20.9947312957512, 105.867560767322"
33560194,21/02/2025,"Ban quản lí gửi em bán gấp căn hộ 2PN, 3PN dự án Imperia Sky Garden. LH xem nhà TPKD 0387 032 ***",Giá thỏa thuận,"74,83 m²",N/A,2,2,"Vĩnh Tuy, Hai Bà Trưng","20.9984378814697, 105.866737365723"
42048641,21/02/2025,"Bán CC Times City Park Hill thuộc toà P02, giá 6,75 tỷ, 80m2, 2PN, 2WC, pháp lý đầy đủ 0974 532 ***","6,75 tỷ",80 m²,"84,38 tr/m²",2,2,"Vĩnh Tuy, Hai Bà Trưng","20.994057064019977, 105.8674925714697"
42230290,21/02/2025,"Chính chủ bán căn hộ tập thể phố Võ Thị Sáu, quận Hai Bà Trưng, DT 70m2, giá 3,85 tỷ","3,85 tỷ",70 m²,55 tr/m²,2,1,"Thanh Nhàn, Hai Bà Trưng","21.0059470517083, 105.855091237975"
42229189,21/02/2025,Bán căn 3 ngủ góc tại Imperia view sông tầng đẹp giá tốt full đồ như hình,"7,64 tỷ",98 m²,78 tr/m²,3,2,"Vĩnh Tuy, Hai Bà Trưng","20.998473957267418, 105.86699920363587"
42219929,20/02/2025,Vợ chồng tôi bán căn 3PN 118m2 view thoáng đẹp chung cư Hoà Bình Green giá rẻ nhất thị trường,7 tỷ,118 m²,"59,32 tr/m²",3,2,"Vĩnh Tuy, Hai Bà Trưng","21.0007530429655, 105.869932049701"
42030664,20/02/2025,"Chính chủ bán 3 ngủ, 2 vệ sinh rộng 117m2, tầng trung, nhà mới, view thành phố tại Hoà Bình Green",7 tỷ,117 m²,"59,83 tr/m²",2,2,"Vĩnh Tuy, Hai Bà Trưng","21.000265, 105.869934"
42210519,19/02/2025,"Bán nhà tập thể tầng 1 TT Công Nghiệp nhẹ, Thọ Lão, HBT, HN","2,4 tỷ",20 m²,120 tr/m²,2,1,"Đồng Nhân, Hai Bà Trưng","21.0112180498336, 105.857547182312"
42108152,19/02/2025,"Bán căn hộ chung cư đẹp 1PN, 4,5 tỷ, 53m2 tại Times City, Hai Bà Trưng, HN - LH: 0989 555 ***","4,5 tỷ",53 m²,"84,91 tr/m²",1,1,"Vĩnh Tuy, Hai Bà Trưng","20.9947202724215, 105.867864966867"
42079865,19/02/2025,"Chính chủ bán căn góc 3PN tầng 19 toà T8 Times City view hồ nhạc nước cực đẹp giá 9,6 tỷ","9,6 tỷ",110 m²,"87,27 tr/m²",3,N/A,"Vĩnh Tuy, Hai Bà Trưng","20.99477406230427, 105.86690116572709"
42146301,19/02/2025,Bán quỹ căn penthouse Sunshine Garden - không gian sống sang trọng và đẳng cấp,Giá thỏa thuận,350 m²,N/A,N/A,N/A,"Vĩnh Tuy, Hai Bà Trưng","20.996609298444035, 105.87402591903458"
41782713,17/02/2025,Chị em cần bán 2 ngủ sáng diện tích 83m2 - full nội thất. Nhà hướng Nam liên hệ em - 0908 833 ***,"6,35 tỷ",83 m²,"76,51 tr/m²",2,2,"Vĩnh Tuy, Hai Bà Trưng","20.993993768090814, 105.86678705809129"
42159918,13/02/2025,"Chính chủ bán CH T2 Timecity 100m đã sửa thành 3 phòng ngủ, 2 ban công rộng view Sông Hồng.","9,2 tỷ",100 m²,92 tr/m²,3,2,"Vĩnh Tuy, Hai Bà Trưng","20.994601764499, 105.867103626932"
41627924,23/02/2025,"Không có căn thứ 2 - căn hộ TT 80m2 full nội thất - 3 ngủ mới 100%, đẹp hơn CC - giá chỉ nhỉnh 4 tỷ","4,2 tỷ",80 m²,"52,5 tr/m²",3,2,"Bách Khoa, Hai Bà Trưng","21.0054496563194, 105.84602951535"
42247934,23/02/2025,BÁN GÂP - CĂN HỘ 2PN -2WC GIÁ TỐT NHẤT IMPERIA SKY GARDEN - GIÁ 6tỷ ( CAM KẾT GIÁ CHUẨN ),6 tỷ,82 m²,"73,17 tr/m²",2,2,"Vĩnh Tuy, Hai Bà Trưng","20.99802698163983, 105.86668070156622"
35402995,23/02/2025,Chuyển đổi nhanh căn 2PN - 2WC - View Thành Phố Ngắm bắn 3 bắn pháo hoa,"6,9 tỷ",76 m²,"90,79 tr/m²",2,2,"Minh Khai, Hai Bà Trưng","20.995958620165077, 105.86126179259"
34552315,23/02/2025,BÁN NHANH CĂN 3PN Hoa Hậu - SIÊU HÓT view thành phố giá tốt nhất dự án Hinode City,11 tỷ,115 m²,"95,65 tr/m²",3,2,"Minh Khai, Hai Bà Trưng","20.9959945678711, 105.861267089844"
36995942,23/02/2025,"Cần tiền bán gấp căn hộ 2 phòng ngủ 77m2, hướng nhà hợp Tây Tứ Mệnh CC Imperia Sky Garden",Giá thỏa thuận,77 m²,N/A,2,2,"Vĩnh Tuy, Hai Bà Trưng","20.9984378814697, 105.866737365723"
37038923,23/02/2025,(BQL) Imperia Sky Garden cập nhật quỹ căn hộ giá rẻ được chính chủ cư dân gửi bán,Giá thỏa thuận,75 m²,N/A,2,2,"Vĩnh Tuy, Hai Bà Trưng","20.9984378814697, 105.866737365723"
35483910,23/02/2025,"Ban quản lý Hòa Bình Green City cập nhật quỹ căn tòa B chuyển nhượng giá rẻ, chính xác nhất",Giá thỏa thuận,70 m²,N/A,2,2,"Vĩnh Tuy, Hai Bà Trưng","21.00026512146, 105.869934082031"
42205143,23/02/2025,"Bán nhà tập thể phố Đỗ Hành, Hai Bà Trưng, 3 ngủ riêng biệt, 2WC, ô tô đỗ cửa, nhà đẹp, ở ngay","2,7 tỷ",66 m²,"40,91 tr/m²",3,2,"Nguyễn Du, Hai Bà Trưng","21.0200826958682, 105.841875170375"
42247453,23/02/2025,BÁN CHUNG CƯ CAO CẤP TIMES CITY-Q. HBT-CĂN GÓC-3 CĂN HỘ ĐẬP THÔNG-245m2-27 TỶ.LH NGAY 0933 118 ***,27 tỷ,245 m²,"110,2 tr/m²",5,4,"Vĩnh Tuy, Hai Bà Trưng","20.9977291197496, 105.86691037068"
42246904,23/02/2025,"Chính chủ bán căn góc 4 ban công, Chung cư Lilama 124 Minh Khai, Hai Bà Trưng, HN. LH: O848123626",Giá thỏa thuận,"114,4 m²",N/A,3,2,"Minh Khai, Hai Bà Trưng","20.994143423799596, 105.85301429648061"
39753015,23/02/2025,Chính chủ bán căn hộ siêu phẩm 1PN 45m2 Sunshine Garden - Minh Khai giá 3tỷ8 có sổ-LH 0812 395 ***,"3,8 tỷ",45 m²,"84,44 tr/m²",1,1,"Vĩnh Tuy, Hai Bà Trưng","20.996685028076172, 105.87384796142578"
42125938,23/02/2025,"Căn góc 3PN toà T8, tầng đẹp, nội thất cao cấp cần bán gấp",10 tỷ,100 m²,100 tr/m²,3,2,"Vĩnh Tuy, Hai Bà Trưng","20.994897854507613, 105.86767395949573"
38806864,23/02/2025,Cần bán nhanh căn hộ 3 phòng ngủ Park 08. Nội thất đầy đủ,9 tỷ,119 m²,"75,63 tr/m²",3,2,"Vĩnh Tuy, Hai Bà Trưng","20.994250903067428, 105.86776916870932"
41792431,23/02/2025,Cần bán nhanh căn hộ 1 phòng ngủ Park Hill. Nội thất liền tường,"4,6 tỷ",57 m²,"80,7 tr/m²",1,1,"Vĩnh Tuy, Hai Bà Trưng","20.9944810940707, 105.867374071137"
38806917,23/02/2025,"Cần bán căn hộ 4 phòng ngủ P07, 143m2 nhà thoáng giá rẻ",12 tỷ,143 m²,"83,92 tr/m²",4,3,"Vĩnh Tuy, Hai Bà Trưng","20.9943332672119, 105.867561340332"
38806720,23/02/2025,"Chính chủ bán căn hộ 2 phòng ngủ Park Hill, 83m2 đủ đồ đẹp","6,6 tỷ",83 m²,"79,52 tr/m²",2,2,"Vĩnh Tuy, Hai Bà Trưng","20.9943332672119, 105.867561340332"
38806816,23/02/2025,"Chính chủ bán căn góc 3 phòng ngủ Park Hill, nhà rộng thoáng đủ nội thất","9,5 tỷ",122 m²,"77,87 tr/m²",3,2,"Vĩnh Tuy, Hai Bà Trưng","20.9943332672119, 105.867561340332"
38806953,23/02/2025,"Cần bán nhanh căn siêu vip Park Hill, DT 178m2",16 tỷ,178 m²,"89,89 tr/m²",5,4,"Vĩnh Tuy, Hai Bà Trưng","20.9943332672119, 105.867561340332"
42031413,23/02/2025,"Căn hộ tập thể - 113m2 - 3 ngủ, 2WC, full nội thất như hình - Phố Trần Đại Nghĩa, Quận Hai Bà Trưng","5,5 tỷ",113 m²,"48,67 tr/m²",3,2,"Đồng Tâm, Hai Bà Trưng","20.9973787172853, 105.84581566227"
42246494,23/02/2025,Chủ nhà chuyển nhượng căn hộ 1PN1WC 46m2 giá rẻ nhất thị trường,"3,9 tỷ",46 m²,"84,78 tr/m²",1,1,"Vĩnh Tuy, Hai Bà Trưng","20.996560510675874, 105.87352379020426"
42246482,23/02/2025,Chủ nhà chuyển nhượng căn hộ 3PN2WC 108m2 giá cắt lỗ,"6,7 tỷ",108 m²,"62,04 tr/m²",3,2,"Vĩnh Tuy, Hai Bà Trưng","20.996560510675874, 105.87352379020426"
41589315,23/02/2025,Tập thể Lê Gia Định - Nguyễn Công Trứ - nhà đẹp - lô góc - gần hồ - 19/60m2 - T3 - 2.3x tỷ,"2,35 tỷ",60 m²,"39,17 tr/m²",2,1,"Đồng Nhân, Hai Bà Trưng","21.0115323658639, 105.85684818033"
42203931,23/02/2025,"Chính chủ bán tập thể chung cư XNK Tổng Hợp 70 Võ Thị Sáu, DT 66,83m2, 2 PN, thông tin và ảnh thật","3,95 tỷ","66,83 m²","59,1 tr/m²",2,N/A,"Quỳnh Mai, Hai Bà Trưng","21.0055636570285, 105.855050117062"
37799090,23/02/2025,Bán gấp - bán chung cư E1 Bạch Mai - Minh Khai - Hai Bà Trưng - sổ hồng vĩnh viễn - full nội thất,850 triệu,58 m²,"14,66 tr/m²",2,2,"Bạch Mai, Hai Bà Trưng","20.998032, 105.8503425"
36090932,23/02/2025,"Tôi cần bán nhà 3PN sổ đỏ 92.4m2, chính chủ đủ nội thất","6,9 tỷ","92,4 m²","74,68 tr/m²",3,2,"Vĩnh Tuy, Hai Bà Trưng","20.9984378814697, 105.866737365723"
38023207,23/02/2025,Nhà tôi chính chủ căn góc 110m2 3 ngủ cần bán liên hệ 0947 418 ***,"7,8 tỷ",110 m²,"70,91 tr/m²",3,2,"Vĩnh Tuy, Hai Bà Trưng","20.99924579907269, 105.86653842225795"
41812256,23/02/2025,"Bán tập thể Hai Bà Trưng tầng trung, thoáng, nội thất đẹp, ở ngay, gần hồ - 2.35 tỷ","2,35 tỷ",60 m²,"39,17 tr/m²",2,1,"Đồng Nhân, Hai Bà Trưng","21.0117588741084, 105.85663678077"
36117346,23/02/2025,"Nhà tôi cần bán nhà 83m2, tòa A 2 ngủ view sông","5,5 tỷ",83 m²,"66,26 tr/m²",2,2,"Vĩnh Tuy, Hai Bà Trưng","20.9984378814697, 105.866737365723"
37167779,23/02/2025,"Nhà tôi cần bán căn hộ 2 phòng ngủ tầng 15 diện tích 81,3m2, nhà mới lắm",6 tỷ,"81,3 m²","73,8 tr/m²",2,2,"Vĩnh Tuy, Hai Bà Trưng","20.99860888446734, 105.86682998960048"
40051826,23/02/2025,"Cần bán căn hộ đập thông Park Hill, diện tích gần 200m2","16,5 tỷ",195 m²,"84,62 tr/m²",5,3,"Vĩnh Tuy, Hai Bà Trưng","20.994333267211914, 105.86756134033203"
40051773,23/02/2025,Bán căn góc vip 4 phòng ngủ Park Hill. Nhà giữ gìn,13 tỷ,150 m²,"86,67 tr/m²",4,3,"Vĩnh Tuy, Hai Bà Trưng","20.994333267211914, 105.86756134033203"
41813499,23/02/2025,Chỉ 61tr/m2 sở hữu căn hộ 3PN 108m2 Sunshine Garden cạnh TimeCity - Em Tuấn Anh 0889 108 ***,"6,6 tỷ",108 m²,"61,11 tr/m²",3,2,"Vĩnh Tuy, Hai Bà Trưng","20.9967502811913, 105.87433016828"
41813480,23/02/2025,Chuyển nhượng căn 1PN - 46m2 Sunshine Garden giá chỉ 3tỷ8 - Em Tuấn Anh 0889 108 ***,"3,8 tỷ",46 m²,"82,61 tr/m²",1,1,"Vĩnh Tuy, Hai Bà Trưng","20.9975689968166, 105.873908026828"
40051508,23/02/2025,"Sốc chủ nhà bán gấp căn hộ 2 phòng ngủ Park Hill, nội thất đầy đủ nhà đẹp","6,4 tỷ",83 m²,"77,11 tr/m²",2,2,"Vĩnh Tuy, Hai Bà Trưng","20.9943332672119, 105.867561340332"
41850269,23/02/2025,Anh trai em cần bán căn 2PN view sông hoa hậu tòa B chung cư Hòa Bình Green City,4 tỷ,70 m²,"57,14 tr/m²",2,2,"Vĩnh Tuy, Hai Bà Trưng","21.000023077918872, 105.8703977314289"
40051671,23/02/2025,Sốc chủ nhà cần bán gấp căn hộ 3 phòng ngủ Park Hill đủ đồ,"9,5 tỷ",122 m²,"77,87 tr/m²",3,2,"Vĩnh Tuy, Hai Bà Trưng","20.9943332672119, 105.867561340332"
35983552,23/02/2025,Cắt lỗ - bán chung cư CT1 Lò Đúc - Kim Ngưu - Hai Bà Trưng - nội thất đầy đủ. Giá sốc,855 triệu,58 m²,"14,74 tr/m²",2,1,"Đồng Nhân, Hai Bà Trưng","21.018134, 105.855273"
41502660,23/02/2025,Bán căn 01 CT2 97m2 2PN giá 5.6 tỷ có TL,"5,6 tỷ",97 m²,"57,73 tr/m²",2,2,"Minh Khai, Hai Bà Trưng","20.9968338012695, 105.855499267578"
40363447,23/02/2025,Bán căn duplex 200m2 3PN Sky Light 12 tỷ,12 tỷ,200 m²,60 tr/m²,3,4,"Minh Khai, Hai Bà Trưng","20.996833801269531, 105.85549926757813"
42223466,23/02/2025,"Bán CH 3PN, 2WC, 112m2 tại Amber Riverside, Minh Khai, Vĩnh Tuy, Hai Bà Trưng, 7,9 tỷ","7,9 tỷ",112 m²,"70,54 tr/m²",3,2,"Vĩnh Tuy, Hai Bà Trưng","20.99904186007707, 105.87084922567809"
42119157,23/02/2025,"Bán penthouse đẳng cấp thượng lưu, giữa lòng Hà Nội, tòa Hoàng Thành 114 Mai Hắc Đế",90 tỷ,460 m²,"195,65 tr/m²",4,4,"Lê Đại Hành, Hai Bà Trưng","21.0124690823084, 105.8445928905"
42207510,23/02/2025,"Bán căn 3 phòng ngủ, 114m2 giá 7.5 tỷ, full nội thất chỉ việc ở, có slot ô tô, Thăng Long Garden","7,5 tỷ",114 m²,"65,79 tr/m²",3,2,"Minh Khai, Hai Bà Trưng","20.993982781663206, 105.85683674721224"
42200802,23/02/2025,Tôi chính chủ bán căn 2PN 95m2 có sổ view thoáng tầng trung chung cư Hoà Bình Green giá tốt,6 tỷ,95 m²,"63,16 tr/m²",2,2,"Vĩnh Tuy, Hai Bà Trưng","21.0007530429655, 105.869932049701"
42245528,23/02/2025,Toà nhà dòng tiền - Minh Khai- Gốc Đề- 60m- 6 Tầng- 2 mặt ngõ- đang cho thuê full khách,"11,9 tỷ",60 m²,"198,33 tr/m²",12,12,"Minh Khai, Hai Bà Trưng","20.9951950495183, 105.856745088962"
42170977,23/02/2025,Bán căn 3 phòng ngủ góc hoa hậu 105m2 ban công dài Sunshine Garden giá chỉ 8tỷ Em Cường 0976 044 ***,8 tỷ,105 m²,"76,19 tr/m²",3,2,"Vĩnh Tuy, Hai Bà Trưng","20.9959169056326, 105.874237945347"
42183772,23/02/2025,"Căn hộ 3PN lô góc 105m2 giá chỉ 8,3 tỷ siêu phẩm nội thất tại Sunshine Garden - em Hoàng 0879 169 ***","8,3 tỷ",105 m²,"79,05 tr/m²",3,2,"Vĩnh Tuy, Hai Bà Trưng","20.99714897578435, 105.87314002821174"
28513375,23/02/2025,"Bán căn 2PN, đã có sổ đỏ giá tốt view times city, nhà đẹp. LH 0946 437 ***",Giá thỏa thuận,"74,16 m²",N/A,2,2,"Vĩnh Tuy, Hai Bà Trưng","20.9984855651855, 105.868659973145"
42146504,23/02/2025,"Bán căn hộ 3PN, 2WC tại Sunshine Garden, 6,9 tỷ, 95m2, Q. Hai Bà Trưng, HN, giá siêu hời","6,9 tỷ",95 m²,"72,63 tr/m²",3,2,"Vĩnh Tuy, Hai Bà Trưng","20.9966445945583, 105.874032698115"
42233141,23/02/2025,Chủ nhà có nhu cầu chuyển nhượng căn hộ 3PN2WC giá cắt lỗ,"6,7 tỷ",108 m²,"62,04 tr/m²",3,2,"Vĩnh Tuy, Hai Bà Trưng","20.99691242636899, 105.87409384025854"
42233181,23/02/2025,Chủ nhà bán căn 1PN1WC giá rẻ nhất thị trường,"3,9 tỷ",46 m²,"84,78 tr/m²",1,1,"Vĩnh Tuy, Hai Bà Trưng","20.99638465781404, 105.87374797374683"
42233254,23/02/2025,Chủ nhà chuyển nhượng căn hộ 4PN3WC giá cắt lỗ khẳng định rẻ nhất thị trường,"6,9 tỷ",128 m²,"53,91 tr/m²",4,3,"Vĩnh Tuy, Hai Bà Trưng","20.9966139407247, 105.87384942408"
42148496,23/02/2025,Chủ nhà chuyển nhượng căn hộ 1PN1WC 46m2 rẻ nhất thị trường,"3,9 tỷ",46 m²,"84,78 tr/m²",1,1,"Vĩnh Tuy, Hai Bà Trưng","20.996551299149292, 105.87364500431231"
42148589,23/02/2025,Chủ nhà có nhu cầu chuyển nhượng căn 4PN3WC 128m2 giá tốt nhất thị trường,"6,7 tỷ",128 m²,"52,34 tr/m²",4,3,"Vĩnh Tuy, Hai Bà Trưng","20.996424473150864, 105.87381842850272"
42150642,23/02/2025,Chủ nhà nhờ e chuyển nhượng hộ 95m2 view sông giá rẻ nhất thị trường,7 tỷ,95 m²,"73,67 tr/m²",3,2,"Vĩnh Tuy, Hai Bà Trưng","20.997187113416608, 105.87330414999514"
42150890,23/02/2025,Chủ nhà cần bán căn 3PN2WC 95m2 giá cắt lỗ,"6,7 tỷ",95 m²,"70,53 tr/m²",3,2,"Vĩnh Tuy, Hai Bà Trưng","20.9960075802096, 105.87382865886"
38625855,23/02/2025,Chính chủ bán căn hộ sẵn slot oto 1PN 45m2 view Sông Hồng Sunshine Garden giá 3tỷ9 - LH 0812 395 ***,"3,9 tỷ",45 m²,"86,67 tr/m²",1,1,"Vĩnh Tuy, Hai Bà Trưng","20.9966850280762, 105.873847961426"
38848988,23/02/2025,Bán căn hộ hoa hậu 3PN view sông cực đỉnh 108m2 Sunshine Garden giá 6tỷ8 đã có sổ - LH e 0812 395 ***,"6,8 tỷ",108 m²,"62,96 tr/m²",3,2,"Vĩnh Tuy, Hai Bà Trưng","20.9966850280762, 105.873847961426"
42181635,23/02/2025,CĂN HỘ CC CAO CẤP - HÀNG XÓM TIME CITY - 120m2 - 4 ngủ + 3 vệ sinh,"12,5 tỷ",150 m²,"83,33 tr/m²",4,3,"Vĩnh Tuy, Hai Bà Trưng","20.998470845977995, 105.87113059862611"
42182163,23/02/2025,Chính chủ bán căn hộ 265m2 Times City / 5 ngủ / 27 tỷ full nội thất,27 tỷ,265 m²,"101,89 tr/m²",5,4,"Vĩnh Tuy, Hai Bà Trưng","20.99426145390404, 105.86790065671399"
42244124,23/02/2025,"Bán căn góc 03PNsáng, 105m, tại Park Hill giá chỉ 9.5 tỷ. Lh: 0977 088 ***","9,5 tỷ",105 m²,"90,48 tr/m²",3,2,"Vĩnh Tuy, Hai Bà Trưng","20.9964567499796, 105.86499788497122"
41830889,23/02/2025,"Cần bán nhanh căn 1 phòng ngủ Times City, nội thất đầy đủ","4,5 tỷ",53 m²,"84,91 tr/m²",1,1,"Vĩnh Tuy, Hai Bà Trưng","20.994936017719915, 105.86773534334841"
38992753,23/02/2025,"Cần bán căn hoa hậu Times City, diện tích 86m2, 2 phòng sáng",7 tỷ,86 m²,"81,4 tr/m²",2,2,"Vĩnh Tuy, Hai Bà Trưng","20.9947910308838, 105.86784362793"
41746771,23/02/2025,"Bán nhà tạp thể Đại La 47/75m2 3,95 tỷ 3pn, nội thất thoáng đẹp như chung cư","3,95 tỷ",47 m²,"84,04 tr/m²",3,1,"Đồng Tâm, Hai Bà Trưng","20.9980639222125, 105.84453808478"
42191914,23/02/2025,"Tập thể Nguyễn Công Trứ diện tích sử dụng 90m2 3PN 3,25 tỷ ngõ ô tô Hai Bà Trưng","3,25 tỷ","22,2 m²","146,4 tr/m²",3,2,"Đồng Nhân, Hai Bà Trưng","21.011492767305, 105.856430727415"
40791502,23/02/2025,Cực hiếm. Bán căn Đập Thông 6 phòng ngủ 250m2 view trực diện sông Hồng tại Sun Ancora Lương Yên,Giá thỏa thuận,250 m²,N/A,6,4,"Bạch Đằng, Hai Bà Trưng","21.0116748809814, 105.862678527832"
38993110,23/02/2025,"Cần bán căn góc T06, góc Đông Bắc view nhạc thoáng","8,5 tỷ",110 m²,"77,27 tr/m²",3,2,"Vĩnh Tuy, Hai Bà Trưng","20.9947910308838, 105.86784362793"
42197426,23/02/2025,"Bán gấp CHCC cao cấp Green Pearl - 378 Minh Khai, 145m2, 3PN, căn góc, tầng cao, 12 tỷ. 0963 668 ***",12 tỷ,145 m²,"82,76 tr/m²",3,3,"Vĩnh Tuy, Hai Bà Trưng","20.997056695690315, 105.86278562033266"
42227099,23/02/2025,"Giảm ngay 200tr cho căn góc 3 ngủ tại Times City, có slot ô tô nhà full nội thất đẹp - 0776 455 ***",8 tỷ,110 m²,"72,73 tr/m²",3,2,"Vĩnh Tuy, Hai Bà Trưng","20.99435073130083, 105.86819229863463"
38993159,23/02/2025,"Cần bán căn 4 phòng ngủ 160m T11, căn góc view nhạc nước",14 tỷ,160 m²,"87,5 tr/m²",4,4,"Vĩnh Tuy, Hai Bà Trưng","20.9947910308838, 105.86784362793"
42238478,23/02/2025,BÁN CĂN HỘ CHUNG CƯ TIMES CITY SIÊU ĐẸP - CHỈ 5 TỶ,5 tỷ,50 m²,100 tr/m²,1,1,"Vĩnh Tuy, Hai Bà Trưng","20.99441712947509, 105.86844115445173"
38993077,23/02/2025,"Bán căn 2 phòng ngủ góc T02, có thể sửa thành 3 phòng ngủ","7,2 tỷ",98 m²,"73,47 tr/m²",2,2,"Vĩnh Tuy, Hai Bà Trưng","20.9947910308838, 105.86784362793"
41718961,23/02/2025,"Bán gấp căn 3 ngủ Hinode City, full đồ đẹp, view thoáng mát, giá rẻ nhất thị trường chỉ 8.9 tỷ","8,9 tỷ",110 m²,"80,91 tr/m²",3,2,"Minh Khai, Hai Bà Trưng","20.995994567871094, 105.86126708984375"
41718929,23/02/2025,"Ban gấp căn 2 ngủ Hinode City, 80m2, full đồ đẹp view thoáng mát, giá rẻ nhất thị trường chỉ 6 tỷ",6 tỷ,80 m²,75 tr/m²,2,2,"Minh Khai, Hai Bà Trưng","20.995994567871094, 105.86126708984375"
42172760,23/02/2025,"Em cần bán 3 ngủ căn đẹp nhất tòa UDIC view sông Hồng cầu Vĩnh Tuy, nội thất mới LH 0968 602 ***","6,15 tỷ",93 m²,"66,13 tr/m²",3,2,"Vĩnh Tuy, Hai Bà Trưng","20.998800273405667, 105.87540554666997"
38786011,23/02/2025,"Bán căn hộ đập thông T10, view trọn nhạc nước quảng trường",15 tỷ,196 m²,"76,53 tr/m²",5,3,"Vĩnh Tuy, Hai Bà Trưng","20.995438583967832, 105.86776571638079"
42242407,23/02/2025,Bán chung cư mini ngõ 203 Kim Ngưu 60m2 MT 5m sổ đỏ phân lô dòng tiền 65tr,"12,5 tỷ",60 m²,"208,33 tr/m²",N/A,N/A,"Vĩnh Tuy, Hai Bà Trưng","21.0000989284608, 105.86205473863"
29930006,23/02/2025,"Mở bán CHCC Imperia SKy Garden 423 Minh Khai: 2PN, 3PN, một bước chân, ngàn tiện ích, LH 0913 484 ***",Giá thỏa thuận,"74,83 m²",N/A,2,2,"Vĩnh Tuy, Hai Bà Trưng","20.9984378814697, 105.866737365723"
38471808,23/02/2025,"Thông báo mở bán CHCC Imperia Sky Garden 423 Minh Khai, căn 2PN, LH TPKD 0965 180 ***",Giá thỏa thuận,"81,74 m²",N/A,2,2,"Vĩnh Tuy, Hai Bà Trưng","20.9984378814697, 105.866737365723"
38641576,23/02/2025,Quỹ căn 2 - 3 phòng ngủ bán tại chung cư Udic Riverside 122 Vĩnh Tuy LH Ms Thu 0965 180 ***,Giá thỏa thuận,76 m²,N/A,2,2,"Vĩnh Tuy, Hai Bà Trưng","20.999267578125, 105.87572479248047"
38247031,23/02/2025,"Cần bán Căn hộ cao cấp Hòa Bình Green City, bàn giao nhà ngay, có sổ đỏ, LH 0965 180 ***",Giá thỏa thuận,74 m²,N/A,2,2,"Vĩnh Tuy, Hai Bà Trưng","21.00026512145996, 105.86993408203125"
34855801,23/02/2025,"Mở bán căn hộ chung cư cao cấp Hinode CK 20%, nhận nhà chỉ từ 1,5 tỷ. LH: 0913 484 ***",Giá thỏa thuận,80 m²,N/A,2,2,"Minh Khai, Hai Bà Trưng","20.995994567871094, 105.86126708984375"
41732963,23/02/2025,"Bán chung cư Sunshine Garden, Hai Bà Trung 108m2, 3PN, full nội thất xịn, sổ đỏ 7.9 tỷ","7,9 tỷ",108 m²,"73,15 tr/m²",3,2,"Vĩnh Tuy, Hai Bà Trưng","20.996685028076172, 105.87384796142578"
42222287,23/02/2025,"Bán căn góc 150m2 chung cư Green Pearl full nội thất nhập khẩu phong cách hiện đại, sang trọng",Giá thỏa thuận,152 m²,N/A,3,3,"Vĩnh Tuy, Hai Bà Trưng","20.9968390080783, 105.862909943817"
39409633,23/02/2025,"Bán 3PN TT Hà Nội 6,6tỷ DT 115m2 Minh Khai Sunshine Garden (cạnh Time City)E. Minh Anh 0944 394 ***","6,6 tỷ",100 m²,66 tr/m²,3,2,"Vĩnh Tuy, Hai Bà Trưng","20.996685028076172, 105.87384796142578"
39409541,23/02/2025,"Bán 2ngủ 5,7 tỷ DT 85 m2 phố Minh Khai - Sunshine Palace (cạnh Times City) Minh Anh 0944 39458","5,7 tỷ",85 m²,"67,06 tr/m²",2,2,"Vĩnh Tuy, Hai Bà Trưng","20.9966850280762, 105.873847961426"
39058643,23/02/2025,"Bán căn 2 ngủ trung tâm Hà Nội 5,5 tỷ 90m2 phố Minh Khai - Sunshine Palace E. Minh Anh 0944 394 ***","5,5 tỷ",90 m²,"61,11 tr/m²",2,2,"Vĩnh Tuy, Hai Bà Trưng","20.9966850280762, 105.873847961426"
39569447,23/02/2025,"Cần bán căn hộ view Sông Hồng, cạnh Time City DT = 50m2 1 ngủ 3.8 tỷ LH E Minh Anh 0944 394 ***","3,8 tỷ",50 m²,76 tr/m²,1,1,"Vĩnh Tuy, Hai Bà Trưng","20.9966850280762, 105.873847961426"
39603627,23/02/2025,"Bán cắt lỗ căn hộ view sông Hồng cạnh Time City 115m2 6,6 ty Sunshine Garden Minh Anh 0944 394 ***","6,6 tỷ",115 m²,"57,39 tr/m²",3,2,"Vĩnh Tuy, Hai Bà Trưng","20.9966850280762, 105.873847961426"
39390269,23/02/2025,"Bán CH cao cấp 4ngủ 130m2 căn góc 6,5 tỷ Sunshine Garden (cạnh Time City) E Minh Anh 0944 394 ***","6,5 tỷ",130 m²,50 tr/m²,4,3,"Vĩnh Tuy, Hai Bà Trưng","20.9966850280762, 105.873847961426"
41473902,23/02/2025,"Cần tiền bán gấp CH 4PN 140m2 căn góc 6,5 tỷ Sunshine Garden(cạnh Time City) E Minh Anh 0944 394 ***","6,5 tỷ",140 m²,"46,43 tr/m²",4,3,"Vĩnh Tuy, Hai Bà Trưng","20.9966850280762, 105.873847961426"
41524164,22/02/2025,"Bán căn hộ chung cư Hinode City, giá thật 7 tỷ, 76m2, 2PN, 2WC tặng ngay 1 chỉ vàng. LH: 0702 266 ***",7 tỷ,76 m²,"92,1 tr/m²",2,2,"Minh Khai, Hai Bà Trưng","20.995994567871094, 105.86126708984375"
42243167,22/02/2025,BÁN CĂN HỘ CC THĂNG LONG GARDEN 250 MINH KHAI- Q.HBT- FULL NỘI THẤT SANG XỊN- 75m2- 4.75 TỶ,"4,75 tỷ",75 m²,"63,33 tr/m²",2,2,"Minh Khai, Hai Bà Trưng","20.99393111785565, 105.85647494524581"
42242547,22/02/2025,Chủ cần bán gấp !!! Diện tích 75m2 - 2 ngủ - 2 vệ sinh | Full nội thất | Hơn 4 tỷ,"4,75 tỷ",75 m²,"63,33 tr/m²",2,2,"Minh Khai, Hai Bà Trưng","20.993738986123994, 105.85724109052926"
42242616,22/02/2025,"Cần bán tập thể Tầng 2, Bộ Nông Nghiệp - 53 Nguyễn Khoái (Hai Bà Trưng)","2,98 tỷ",50 m²,"59,6 tr/m²",2,1,"Bạch Đằng, Hai Bà Trưng","21.0124576537533, 105.863522621479"
42167663,22/02/2025,"Bán Căn Góc 3Ngủ 106m2 giá 8,x tỷ ( Căn rộng nhất dự án ) tại IMPERIA - Thiết kế : 3 Ngủ sáng",9 tỷ,106 m²,"84,91 tr/m²",3,2,"Vĩnh Tuy, Hai Bà Trưng","20.999270066847508, 105.86641061817963"
42187542,22/02/2025,Căn penthouse mini 2 ngủ giá tốt nhất Imperia (Thiết kế 2PN 63m2 giá 5.1 tỷ có thương lượng),"5,1 tỷ",63 m²,"80,95 tr/m²",2,1,"Vĩnh Tuy, Hai Bà Trưng","20.998031757373887, 105.86736189333033"
42242560,22/02/2025,"CHÍNH CHỦ BÁN CĂN HỘ TT VÕ THỊ SÁU DT 67M- 2PN '- WC LÔ GÓC BAN CÔNG THOÁNG VIEW PHỐ GIÁ CHỈ 3,95TỶ","3,95 tỷ",67 m²,"58,96 tr/m²",2,2,"Thanh Nhàn, Hai Bà Trưng","21.0060586006821, 105.854720428816"
42088887,22/02/2025,"Bán căn góc 03PN sáng tại tòa Park 12 Times City giá chỉ 9,2 tỷ. LH 0977 088 ***","9,2 tỷ",95 m²,"96,84 tr/m²",3,2,"Vĩnh Tuy, Hai Bà Trưng","20.996577927420685, 105.86519698368859"
42132243,22/02/2025,"Bán cặp đập thông đẹp tổng diện tích 160m2 tại Park Hill giá chỉ 14,5 tỷ. LH 0977 088 ***","14,5 tỷ",160 m²,"90,62 tr/m²",2,N/A,"Vĩnh Tuy, Hai Bà Trưng","20.996650465994737, 105.86529579763412"
42242381,22/02/2025,"Em cần bán 3 ngủ nhà đẹp, có sổ đỏ, view sông Hồng cầu Vĩnh Tuy, nội thất mới đẹp. LH 0968 602 ***","6,15 tỷ",93 m²,"66,13 tr/m²",3,2,"Vĩnh Tuy, Hai Bà Trưng","20.9983498888418, 105.871924387195"
42242369,22/02/2025,"Em cần bán 3 ngủ nhà đẹp,có sổ đỏ, view sông Hồng cầu Vĩnh Tuy, nội thất mới đẹp. LH 0968 602 ***","6,15 tỷ",93 m²,"66,13 tr/m²",3,2,"Vĩnh Tuy, Hai Bà Trưng","20.9996494206358, 105.869331887831"
42242372,22/02/2025,"Em cần bán 3 ngủ nhà đẹp, có sổ đỏ, view sông Hồng cầu Vĩnh Tuy, nội thất mới đẹp. LH 0968 602 ***","6,15 tỷ",93 m²,"66,13 tr/m²",3,2,"Vĩnh Tuy, Hai Bà Trưng","20.9973317140268, 105.873395738969"
42242358,22/02/2025,"Chính chủ bán căn 3 ngủ nhà đẹp, view sông Hồng cầu Vĩnh Tuy, nội thất mới đẹp. LH 0968 602 ***","6,15 tỷ",93 m²,"66,13 tr/m²",3,2,"Vĩnh Tuy, Hai Bà Trưng","20.9986505922418, 105.866608150027"
42242263,22/02/2025,"Danh sách căn hộ bán rẻ nhất Times City tháng 02/2025, có sổ hồng, mua bán chính chủ LH 0968 602 ***","6,2 tỷ",83 m²,"74,7 tr/m²",2,2,"Vĩnh Tuy, Hai Bà Trưng","20.9940479316515, 105.867604615554"
42242284,22/02/2025,"Em cần bán 3 ngủ căn đẹp nhất tòa UDIC view sông Hồng cầu Vĩnh Tuy, nội thất mới LH 0968 602 ***","6,15 tỷ",94 m²,"65,43 tr/m²",3,2,"Vĩnh Tuy, Hai Bà Trưng","20.998800273405667, 105.87540554666997"
42172746,22/02/2025,"Em cần bán 3 ngủ nhà đẹp, view sông Hồng cầu Vĩnh Tuy, nội thất mới đẹp. LH 0968 602 ***","6,15 tỷ",93 m²,"66,13 tr/m²",3,2,"Vĩnh Tuy, Hai Bà Trưng","20.996943468378607, 105.86318359592102"
40444562,22/02/2025,"Cần bán căn hộ 2 ngủ, 2 vệ sinh, rộng 70m2 tại chung cư Hoà Bình Green City - 505 Minh Khai","4,25 tỷ",70 m²,"60,71 tr/m²",2,2,"Vĩnh Tuy, Hai Bà Trưng","21.00026512146, 105.869934082031"
42172728,22/02/2025,"Em cần bán 3 ngủ nhà đẹp, view sông Hồng cầu Vĩnh Tuy, nội thất mới đẹp. LH 0968 602 ***","6,15 tỷ",95 m²,"64,74 tr/m²",3,2,"Vĩnh Tuy, Hai Bà Trưng","20.9984460318466, 105.869443720305"
42183745,22/02/2025,"Chị gái gửi bán gấp căn 2 ngủ 75m2, sẵn sổ hồng lâu dài, giá thương lượng mạnh, LH 0968 602 ***","4,6 tỷ",75 m²,"61,33 tr/m²",2,2,"Vĩnh Tuy, Hai Bà Trưng","20.9980962579812, 105.870183585109"
42242189,22/02/2025,"Bán căn góc 120m2 chính chủ, nhà đã sửa full đồ đẹp.","11,8 tỷ",120 m²,"98,33 tr/m²",3,2,"Vĩnh Tuy, Hai Bà Trưng","20.994883469294315, 105.8669931501447"
42135951,22/02/2025,Hiếm! Chỉ 2.55 tỷ - Căn hộ tập thể Phố Bạch Mai 2PN 2WC khép kín - DT 60m2 - Thoáng sáng,"2,55 tỷ",60 m²,"42,5 tr/m²",2,2,"Bạch Mai, Hai Bà Trưng","20.9980851093521, 105.850508865355"
42149730,22/02/2025,Bán căn 74m2 tòa A2 chung cư Thăng Long Garden 250 Minh Khai 2PN2WC 4.65 tỷ,"4,65 tỷ","74,2 m²","62,67 tr/m²",2,2,"Minh Khai, Hai Bà Trưng","20.994356767326085, 105.8566214113117"
39753116,22/02/2025,"Bán căn hoa hậu 4PN+ 150m2 Sunshine Garden Minh Khai, HBT giá 9 tỷ đã có sổ đỏ - LH em 0812 395 ***",9 tỷ,150 m²,60 tr/m²,4,3,"Vĩnh Tuy, Hai Bà Trưng","20.9966850280762, 105.873847961426"
39698602,22/02/2025,"Bán căn hộ mini Phố Minh Khai Hai Bà Trưng, 2 ngủ, full đồ, ở ngay, cách ô tô đỗ khoảng 20m",760 triệu,35 m²,"21,71 tr/m²",2,1,"Minh Khai, Hai Bà Trưng","20.9950928, 105.8567517"
42135768,22/02/2025,"Siêu thị căn hộ giá rẻ tại Imperia Sky Garden 423 Minh Khai, quỹ căn 2PN - Tuấn Anh 0889 108 ***","6,5 tỷ",82 m²,"79,27 tr/m²",2,2,"Vĩnh Tuy, Hai Bà Trưng","20.9986465880775, 105.866923105557"
41813623,22/02/2025,"Căn 4PN duy nhất chỉ 6tỷ4 diện tích 128m2 tại Sunshine Garden, Hai Bà Trưng Em Tuấn Anh 0889 108 ***","6,4 tỷ",128 m²,50 tr/m²,4,3,"Vĩnh Tuy, Hai Bà Trưng","20.9962779552234, 105.87450349444"
41951874,22/02/2025,Chuyển nhượng căn hộ 3PN Giá đầu tư tại Sunshine Garden cạnh Times City - Cao Tuấn Anh 0889 108 ***,"6,5 tỷ",95 m²,"68,42 tr/m²",3,2,"Vĩnh Tuy, Hai Bà Trưng","20.996838021507795, 105.87391611134318"
42084109,22/02/2025,"5,5 tỷ Time City siêu hiếm căn bán tại khu đô thị hạng sang bậc nhất của TP Hà Nội","5,5 tỷ",50 m²,110 tr/m²,2,2,"Vĩnh Tuy, Hai Bà Trưng","20.9949775940387, 105.868583546966"
38337783,22/02/2025,Bán căn hoa hậu CC Sunshine Garden 3PN 115m2 giá chỉ 7 tỷ đã có sổ liên hệ em Hoàng 0812 395 ***,7 tỷ,115 m²,"60,87 tr/m²",3,2,"Vĩnh Tuy, Hai Bà Trưng","20.9966850280762, 105.873847961426"
39189559,22/02/2025,Duy nhất căn hộ 3PN 108m2 nội thất đẹp với giá 6 tỷ450 có sổ đỏ tại dự án SunshineGarden 0812 395 ***,"6,4 tỷ",108 m²,"59,26 tr/m²",3,2,"Vĩnh Tuy, Hai Bà Trưng","20.9966850280762, 105.873847961426"
39041616,22/02/2025,Chính chủ bán gấp căn 1PN 45m2 SunshineGarden - Hai Bà Trưng giá 3tỷ870 đã có sổ đỏ - LH 0812 395 ***,"3,87 tỷ",45 m²,86 tr/m²,1,1,"Vĩnh Tuy, Hai Bà Trưng","20.9966850280762, 105.873847961426"
41342068,22/02/2025,E Tuấn Anh cần chuyển nhượng 1 căn hộ 76m2 giá chỉ 78tr/m2 tại Imperia Sky Garden. lh: 0889 108 ***,"5,93 tỷ",76 m²,"78,03 tr/m²",2,2,"Vĩnh Tuy, Hai Bà Trưng","20.9984378814697, 105.866737365723"
42240387,22/02/2025,"Bán căn hộ 3PN, 2WC, 115m2 tại Sunshine Garden, 7 tỷ, Hai Bà Trưng, Hà Nội",7 tỷ,115 m²,"60,87 tr/m²",3,2,"Vĩnh Tuy, Hai Bà Trưng","20.99668173230578, 105.87383221494142"
41347554,22/02/2025,"Căn góc tuyệt đẹp tại Imperia Sky Garden, 105m2 thiết kế 3 ngủ, 2WC. Em Tuấn Anh: 0889 108 ***","8,66 tỷ",105 m²,"82,48 tr/m²",3,2,"Vĩnh Tuy, Hai Bà Trưng","20.9984378814697, 105.866737365723"
41342449,22/02/2025,Chỉ với 82tr/m2 sở hữu ngay căn góc 3pn tại dự án căn hộ cao cấp Imperia Sky Garden,"8,46 tỷ",103 m²,"82,14 tr/m²",3,2,"Vĩnh Tuy, Hai Bà Trưng","20.9984378814697, 105.866737365723"
42138682,22/02/2025,Bán tập thể 8/3 - Hai Bà Trưng - 2.4 tỷ - 60m2 - 2PN riêng - WC khép kín - Căn góc thoáng sáng,"2,4 tỷ",60 m²,40 tr/m²,2,1,"Quỳnh Mai, Hai Bà Trưng","20.9990124138632, 105.860538929183"
42077771,22/02/2025,Bán gấp căn hộ 4PN 129m2 Sunshine Garden - Minh Khai - Hai Bà Trưng giá 6tỷ75 LH E Hoàng 0812 395 ***,"6,75 tỷ",129 m²,"52,33 tr/m²",4,3,"Vĩnh Tuy, Hai Bà Trưng","20.9968861271581, 105.874069056286"
39028867,22/02/2025,Chính chủ bán gấp căn hoa hậu 2PN+ 82m2 Sunshine Garden Minh Khai HBT giá chỉ 5tỷ7. LH 0812 395 ***,"6,2 tỷ",82 m²,"75,61 tr/m²",3,2,"Vĩnh Tuy, Hai Bà Trưng","20.9966850280762, 105.873847961426"
38939915,22/02/2025,Nhà đẹp độc lạ 3PN 95m2 Sunshine Garden- cạnh Timecity Hai Bà Trưng giá 6 tỷ 68 có sổ đỏ 0812 395 ***,"6,68 tỷ",95 m²,"70,32 tr/m²",3,2,"Vĩnh Tuy, Hai Bà Trưng","20.9966850280762, 105.873847961426"
38909598,22/02/2025,Bán căn hộ cho đại gia đình ở 3PN 118m2 Sunshine Garden giá 6tỷ44 Sunshine Garden - LH-0812 395 ***,"6,44 tỷ",118 m²,"54,58 tr/m²",3,2,"Vĩnh Tuy, Hai Bà Trưng","20.9966850280762, 105.873847961426"
42180884,22/02/2025,"Bán tập thể Nguyễn Công Trứ 90m2, 3.26 tỷ - duplex - 03 ngủ - ngõ ô tô - Hai Bà Trưng","3,26 tỷ",90 m²,"36,22 tr/m²",3,2,"Ngô Thì Nhậm, Hai Bà Trưng","21.0133866731783, 105.853292336475"
42208562,22/02/2025,"Cắt lỗ sâu 300tr căn hộ 2 ngủ 2 WC tại Times City, cần bán gấp sổ chính chủ công chứng luôn","6,1 tỷ",80 m²,"76,25 tr/m²",2,2,"Vĩnh Tuy, Hai Bà Trưng","20.994203466079462, 105.86754309652203"
42238890,22/02/2025,"SIÊU HIẾM PARK HILL 115M, 3PN, GIÁ 10,5 TỶ FULL ĐỒ. VIEW SÔNG HỒNG ĐẸP NHẤT!","10,5 tỷ",113 m²,"92,92 tr/m²",3,2,"Vĩnh Tuy, Hai Bà Trưng","20.99405808200313, 105.86732486534436"
42148759,22/02/2025,"Bán căn hộ 2 ngủ CC Park Hill Premium, Minh Khai, 7,65 tỷ, 73m2, giá tốt","7,65 tỷ",73 m²,"104,8 tr/m²",2,N/A,"Vĩnh Tuy, Hai Bà Trưng","20.996863982197702, 105.86590061030414"
38885416,22/02/2025,"Bán 3PN căn góc Đông Nam full các phòng đều sáng, cực thoáng 115m2 khu Parkhill LH ngay 0964 862 ***","7,2 tỷ",115 m²,"62,61 tr/m²",3,2,"Vĩnh Tuy, Hai Bà Trưng","20.994333267211914, 105.86756134033203"
42238700,22/02/2025,"SIÊU HOT! CĂN HỘ PARK HILL 95M - 3PN - GIÁ 8,3 TỶ FULL ĐỒ SANG TRỌNG","8,3 tỷ",95 m²,"87,37 tr/m²",3,2,"Vĩnh Tuy, Hai Bà Trưng","20.99515533994431, 105.86743104089457"
42147183,22/02/2025,"Bán CC Times City, Minh Khai, Vĩnh Tuy, Hai Bà Trưng, Hà Nội, 14 tỷ, 150m2",14 tỷ,150 m²,"93,33 tr/m²",4,3,"Vĩnh Tuy, Hai Bà Trưng","20.994071724413057, 105.86753261212311"
41787015,22/02/2025,"Bán CH Times City - Park Hill, 7,4 tỷ, 95m2, 4PN, 2WC, pháp lý đầy đủ","7,4 tỷ",95 m²,"77,9 tr/m²",4,2,"Vĩnh Tuy, Hai Bà Trưng","20.994627345189258, 105.86781923693474"
42093928,22/02/2025,"Bán CC tại Vinhomes Times City - Park Hill, 7,8 tỷ, 95m2, hàng hot bao đẹp","7,8 tỷ",95 m²,"82,1 tr/m²",2,2,"Vĩnh Tuy, Hai Bà Trưng","20.993647614508955, 105.86701187503036"
35609132,22/02/2025,Cần bán căn hộ 80m2 tại Park 7 Times City. LH: 0901 793 ***,Giá thỏa thuận,80 m²,N/A,2,2,"Vĩnh Tuy, Hai Bà Trưng","20.9943332672119, 105.867561340332"
41294207,22/02/2025,Bán căn hộ tầng trung tòa Kim Khí Thăng Long 124m2 3pn,Giá thỏa thuận,124 m²,N/A,3,2,"Bạch Đằng, Hai Bà Trưng","21.0106724930318, 105.862701313825"
42233725,22/02/2025,"Bán chung cư đường Minh Khai, Quận Hai Bà Trưng 115m2. Giá 6,5 tỷ","6,5 tỷ",115 m²,"56,52 tr/m²",3,2,"Minh Khai, Hai Bà Trưng","20.9951576380804, 105.85710043139"
42237577,22/02/2025,Chính chủ cần bán 53m2 Đông Nam full đồ T9 chỉ 5.2 tỷ HL: 0363 866 ***,"5,2 tỷ",53 m²,"98,11 tr/m²",1,1,"Vĩnh Tuy, Hai Bà Trưng","20.995060865316262, 105.86767501761307"
42237154,22/02/2025,"Bán CH 110m - 3PN, 2WC tại Vinhomes Times City - Park Hill, giá siêu hời chỉ với 9,4 tỷ","9,4 tỷ",110 m²,"85,46 tr/m²",3,2,"Vĩnh Tuy, Hai Bà Trưng","20.99435665097657, 105.86771139697476"
38967518,22/02/2025,"Chủ nhà cực lộc cần bán 4PN tại Parkhill tâm huyết độc bản DT 153m2, 4PN + 3WC + 2PN master. Giá 1X","11,69 tỷ",153 m²,"76,4 tr/m²",4,3,"Vĩnh Tuy, Hai Bà Trưng","20.994333, 105.86756"
42236579,22/02/2025,Bán căn hộ 3 PN tầng trung giá tốt nhất dự án Amber Riverside 622 Minh Khai: LH 0946 437 *** em Hải,Giá thỏa thuận,106 m²,N/A,3,2,"Vĩnh Tuy, Hai Bà Trưng","20.9982109069824, 105.870994567871"
31273865,22/02/2025,"Bán căn 2PN đã có sổ đỏ giá tốt view sông Hồng, tầng đẹp. LH 0946 437 ***",Giá thỏa thuận,"74,16 m²",N/A,2,2,"Vĩnh Tuy, Hai Bà Trưng","20.9984855651855, 105.868659973145"
42136933,22/02/2025,"Cần bán nhanh 2PN Park Hill - DT 79m2, giá 6.75 tỷ - BC Đông Nam, view xịn. LH: 0901 793 ***","6,75 tỷ",80 m²,"84,38 tr/m²",2,2,"Vĩnh Tuy, Hai Bà Trưng","20.99499982622009, 105.86771717235524"
40602843,22/02/2025,Bán căn hộ 3 phòng ngủ vị trí góc diện tích 110m2 có slot xe oto . Liên hệ xem nhà 0943 358 ***,11 tỷ,110 m²,100 tr/m²,3,2,"Vĩnh Tuy, Hai Bà Trưng","20.994791030883789, 105.86784362792969"
42193857,22/02/2025,Duy nhất căn 1PN 45m2 bán cắt lỗ 100tr tại Sunshine Garden liên hệ em Hoàng 0879 169 ***,"3,8 tỷ",45 m²,"84,44 tr/m²",1,1,"Vĩnh Tuy, Hai Bà Trưng","20.99667780851439, 105.87384212268746"
42183733,22/02/2025,"Lỗ cũng bán chủ nhà gửi bán căn 3PN 95m2 6,7 tỷ tại Sunshine Garden - Em Hoàng 0879 169 ***","6,7 tỷ",95 m²,"70,53 tr/m²",3,2,"Vĩnh Tuy, Hai Bà Trưng","20.99669390672066, 105.87388718278284"
38014448,21/02/2025,"Bán căn hộ 3 phòng ngủ 108m2 Sunshine Garden, Hai Bà Trưng","6,58 tỷ",115 m²,"57,22 tr/m²",3,2,"Vĩnh Tuy, Hai Bà Trưng","20.997359319425, 105.874255826425"
38019765,21/02/2025,"Bán căn hộ 1PN chung cư Sunshine Garden, Hai Bà Trưng","3,85 tỷ",52 m²,"74,04 tr/m²",1,1,"Vĩnh Tuy, Hai Bà Trưng","20.9966850280762, 105.873847961426"
38020890,21/02/2025,"Bán căn 2PN chung cư Amber Riverside, Hai Bà Trưng","5,98 tỷ",83 m²,"72,05 tr/m²",2,2,"Vĩnh Tuy, Hai Bà Trưng","20.9982109069824, 105.870994567871"
38948089,21/02/2025,Bán căn hộ 3PN 118m2 chung cư Sunshine Garden,"6,58 tỷ",118 m²,"55,76 tr/m²",3,2,"Vĩnh Tuy, Hai Bà Trưng","20.9966850280762, 105.873847961426"
38948146,21/02/2025,Bán căn góc 3PN chung cư Amber Riverside,"8,6 tỷ",115 m²,"74,78 tr/m²",3,2,"Vĩnh Tuy, Hai Bà Trưng","20.9982109069824, 105.870994567871"
39509587,21/02/2025,"Bán căn hộ 2PN, 75m2 chung cư Imperia Sky Garden","5,95 tỷ",75 m²,"79,33 tr/m²",2,2,"Vĩnh Tuy, Hai Bà Trưng","20.9984378814697, 105.866737365723"
39762684,21/02/2025,Bán căn hộ góc 3PN 128m2 chung cư Sunshine Garden,8 tỷ,128 m²,"62,5 tr/m²",3,2,"Vĩnh Tuy, Hai Bà Trưng","20.9966850280762, 105.873847961426"
38998107,21/02/2025,Bán căn hộ 2PN 85m2 chung cư Sunshine Garden,"5,28 tỷ",85 m²,"62,12 tr/m²",3,2,"Vĩnh Tuy, Hai Bà Trưng","20.9966850280762, 105.873847961426"
42233769,21/02/2025,"Bán chung cư đường Minh Khai, Quận Hai Bà Trưng 75m2. Giá 4,95 tỷ","4,95 tỷ",75 m²,66 tr/m²,2,2,"Minh Khai, Hai Bà Trưng","20.9948886447746, 105.856390337695"
40771772,21/02/2025,"Bán Penthouse Hoàng Thành Tower 460m2, dành cho giới triệu phú Đô La, View Hồ Gươm, Sông Hồng",90 tỷ,460 m²,"195,65 tr/m²",6,6,"Lê Đại Hành, Hai Bà Trưng","21.012306213378906, 105.84517669677734"
41086795,21/02/2025,"Góc bán nhà chuyển nhượng gấp căn hộ 3 Phòng Ngủ tòa Park 3, nội thất hiện đại. Giá thương lượng!","12,5 tỷ",152 m²,"82,24 tr/m²",4,3,"Vĩnh Tuy, Hai Bà Trưng","20.994333267211914, 105.86756134033203"
41564201,21/02/2025,Duy nhất! Chính chủ bán Gấp căn hộ 3 ngủ tòa T1 Times City. Nội thất cao cấp Giá 7 tỷ5,"7,5 tỷ",95 m²,"78,95 tr/m²",3,2,"Vĩnh Tuy, Hai Bà Trưng","20.99479103088379, 105.86784362792969"
41193096,21/02/2025,"Chính chủ cần bán gấp căn hộ một ngủ toà Park 7 Times City, nội thất cao cấp. Giá 5 tỷ có bớt",5 tỷ,58 m²,"86,21 tr/m²",1,1,"Vĩnh Tuy, Hai Bà Trưng","20.9979004131782, 105.866718814809"
41429237,21/02/2025,Bán gấp căn hộ 2N tòa T11 nội thất cao cấp sửa hết 600 triệu. Giá 6 tỷ thương lượng sâu!,6 tỷ,83 m²,"72,29 tr/m²",2,2,"Vĩnh Tuy, Hai Bà Trưng","20.99479103088379, 105.86784362792969"
42122361,21/02/2025,"CƠ HỘI SỞ HỮU CĂN HỘ ĐẲNG CẤP TẠI PARK HILL 5 - TIMES CITY, HÀ NỘI.","10,8 tỷ",103 m²,"104,85 tr/m²",3,2,"Vĩnh Tuy, Hai Bà Trưng","20.994087267947641, 105.86813678938138"
41962248,21/02/2025,"Sổ Đỏ chính chủ cần bán căn hộ 2PN 95m2, nhỉnh 6 tỷ tại Hòa Bình Green City - LH: 0889 600 ***",Giá thỏa thuận,95 m²,N/A,2,2,"Vĩnh Tuy, Hai Bà Trưng","21.0000639813787, 105.870705175308"
37893530,21/02/2025,"Bán cắt lỗ - chung cư E1 Đại Cồ Việt - Đại học Bách Khoa - Bạch Mai - Hai Bà Trưng, full nội thất",972 triệu,58 m²,"16,76 tr/m²",2,2,"Bách Khoa, Hai Bà Trưng","21.0081158, 105.8460805"
39925187,21/02/2025,Bán căn góc 3 ngủ hoa hậu tại Hinode City giá cực tốt - 201 Minh Khai,Giá thỏa thuận,"106,9 m²",N/A,3,2,"Minh Khai, Hai Bà Trưng","20.9959945678711, 105.861267089844"
42233238,21/02/2025,Cần chuyển nhượng gấp - căn góc 3 phòng ngủ đẹp Times City!,"8,88 tỷ",98 m²,"90,61 tr/m²",3,2,"Vĩnh Tuy, Hai Bà Trưng","20.9937553144596, 105.867984213003"
40687307,21/02/2025,"Chính chủ bán căn 3PN - Park Premium - Times City, 116m2, ban công Nam, view thành phố, giá 9.25 tỷ","9,25 tỷ",116 m²,"79,74 tr/m²",3,2,"Vĩnh Tuy, Hai Bà Trưng","20.9968744597382, 105.86440639060382"
42232808,21/02/2025,Bán căn hộ 3PN +1 106m2 chung cư Amber Riverside Minh Khai full nội thất đẹp,"7,99 tỷ",106 m²,"75,38 tr/m²",3,3,"Vĩnh Tuy, Hai Bà Trưng","20.998770367299375, 105.87100802648816"
42233006,21/02/2025,"Bán CC hàng hiếm hoa hậu tại Lilama 124 Minh Khai, 60 triệu/m2, 114m2, 3PN + 2WC 4 ban công","6,84 tỷ",114 m²,60 tr/m²,3,2,"Minh Khai, Hai Bà Trưng","20.9944403301466, 105.853559387586"
42232438,21/02/2025,"Bán căn hộ tập thể tầng 5 đã thông tầng 6 thanh nhàn, Hà Nội","3,5 tỷ",100 m²,35 tr/m²,4,3,"Bách Khoa, Hai Bà Trưng","21.0324711431819, 105.846972143071"
40087340,21/02/2025,"Căn đẹp rẻ tòa T7 Times City - 3PN - giá 7.5 tỷ, tầng trung đẹp. LH: 0901 793 ***","7,5 tỷ",87 m²,"86,21 tr/m²",3,2,"Vĩnh Tuy, Hai Bà Trưng","20.99479103088379, 105.86784362792969"
41857671,21/02/2025,Chính chủ bán cắt lỗ căn penthouse duplex 210m2 view sông Hồng tại Sun Grand Số 3 Lương Yên,24 tỷ,210 m²,"114,29 tr/m²",4,3,"Bạch Đằng, Hai Bà Trưng","21.0113537448319, 105.862151709361"
42196368,21/02/2025,SIÊU PHẨM CĂN HỘ 1PN - 57M - FULL NỘI THẤT ĐỈNH CAO - VIEW TRIỆU ĐÔ - CHỈ 4.7 TỶ,"4,7 tỷ",57 m²,"82,46 tr/m²",1,1,"Vĩnh Tuy, Hai Bà Trưng","20.994562458229137, 105.8680010827872"
42199922,21/02/2025,"Bán căn góc đẹp tại dự án Green Pearl 378 Minh Khai, thiết kế 3PN - 146m2 giá thỏa thuận có ra lộc",Giá thỏa thuận,146 m²,N/A,3,3,"Vĩnh Tuy, Hai Bà Trưng","20.9965609840236, 105.863896039159"
36901177,21/02/2025,Chính chủ bán căn góc 4 phòng ngủ Park Hill 143m2 tầng trung view quảng trường chỉ hơn 14 tỷ,14 tỷ,143 m²,"97,9 tr/m²",4,3,"Vĩnh Tuy, Hai Bà Trưng","20.9943332672119, 105.867561340332"
41944775,21/02/2025,Bán gấp căn hộ 2PN - 90m2 tại tòa 93 Lò Đúc - Kinh Đô Tower giá tốt có thỏa thuận sẵn sổ đỏ!,Giá thỏa thuận,90 m²,N/A,2,2,"Phạm Đình Hổ, Hai Bà Trưng","21.015553081943391, 105.85716871888123"
41519063,21/02/2025,"Bán căn hộ 3PN 2WC có sổ đỏ tại Hòa Bình Green City, 505 Minh Khai. DT 115m2 tầng đẹp full nội thất",8 tỷ,115 m²,"69,56 tr/m²",3,2,"Vĩnh Tuy, Hai Bà Trưng","21.0003320031511, 105.869792795605"
41857326,21/02/2025,Gia đình em cần bán căn 2PN 92m2 có sổ tại chung cư cao cấp Hoà Bình green City - 505 Minh Khai,Giá thỏa thuận,92 m²,N/A,2,2,"Vĩnh Tuy, Hai Bà Trưng","21.0002031688568, 105.869869459705"
41962224,21/02/2025,Nhà em bán căn góc 3 phòng Ngủ 100m2 (sẵn sổ đỏ)(nội thất xịn) tại tòa Asahi - Hinode City,Giá thỏa thuận,100 m²,N/A,3,2,"Minh Khai, Hai Bà Trưng","20.995866440514913, 105.86107879143078"
42073102,21/02/2025,Bán căn hộ cao cấp Park Hill view quảng trường,19 tỷ,160 m²,"118,75 tr/m²",4,4,"Vĩnh Tuy, Hai Bà Trưng","20.9947918360972, 105.866886146135"
41723019,21/02/2025,"Bán căn hộ 1PN, 1WC, 53m2, 4,5 tỷ tại Times City, Minh Khai, Hai Bà Trưng, Hà Nội","4,5 tỷ",53 m²,"84,91 tr/m²",1,1,"Vĩnh Tuy, Hai Bà Trưng","20.994791030883789, 105.86784362792969"
40191228,21/02/2025,Vợ chồng tôi bán căn góc 3ngủ 125m view sông chung cư Sun Ancora số 3 Lương Yên,Giá thỏa thuận,125 m²,N/A,3,2,"Bạch Đằng, Hai Bà Trưng","21.011675, 105.86268"
41909409,21/02/2025,"NHÀ XINH ĐÓN TẾT  Căn góc 2PN siêu sáng, siêu hiếm tại Times City!",Giá thỏa thuận,75 m²,N/A,N/A,N/A,"Vĩnh Tuy, Hai Bà Trưng","20.994380331596297, 105.86761138315875"
41909396,21/02/2025,Căn hộ 1 phòng ngủ siêu hiếm  View nhạc nước cực thoáng!,Giá thỏa thuận,50 m²,N/A,1,1,"Vĩnh Tuy, Hai Bà Trưng","20.994225652464092, 105.86776715665087"
41946098,21/02/2025,Chị gái em cần tiền mua biệt thự bán gấp căn 3 ngủ P05 - Em An - 0974 532 ***,Giá thỏa thuận,120 m²,N/A,N/A,N/A,"Vĩnh Tuy, Hai Bà Trưng","20.9939611949735, 105.868269028413"
41341576,21/02/2025,"Chính chủ gửi bán căn hộ 2PN tại Imperia Sky Garden giá chỉ 5,1 tỷ bao phí, nội thất cao cấp",5 tỷ,59 m²,"84,75 tr/m²",2,1,"Vĩnh Tuy, Hai Bà Trưng","20.9984378814697, 105.866737365723"
41341241,21/02/2025,Danh sách các căn chuyển nhượng từ 59m2 - 105m2 tại Imperia Sky Garden. LH: 0889 108 *** - Tuấn Anh,"6,5 tỷ",82 m²,"79,27 tr/m²",2,2,"Vĩnh Tuy, Hai Bà Trưng","20.9984378814697, 105.866737365723"
42230777,21/02/2025,"Bán CC 2PN, 2WC tại Times City - Park Hill, 8,8 tỷ, 108m2","8,8 tỷ",108 m²,"81,48 tr/m²",2,2,"Vĩnh Tuy, Hai Bà Trưng","20.99494224830908, 105.86710286730526"
39000012,21/02/2025,"7,99 tỷ có ngay căn CC cao cấp lô góc 3 ngủ, 128m2 sổ đỏ full nội thất,Sunshine Garden Dương Văn Bé","7,99 tỷ","127,8 m²","62,52 tr/m²",3,2,"Vĩnh Tuy, Hai Bà Trưng","20.996626647252, 105.874128904812"
39009176,21/02/2025,Bán căn hộ góc 3 phòng ngủ 135m2 view sông Hồng đẹp nhất dự án dự án Sun Grand City Ancora,Giá thỏa thuận,135 m²,N/A,3,2,"Bạch Đằng, Hai Bà Trưng","21.0116748809814, 105.862678527832"
39196322,21/02/2025,"Bán biệt thự trên mây đẳng cấp giới tài phiệt, 600m2 CC Thăng Long Garden, bể bơi riêng siêu vip",38 tỷ,600 m²,"63,33 tr/m²",5,4,"Minh Khai, Hai Bà Trưng","20.99393935226349, 105.85706397461387"
41363077,21/02/2025,"Bán căn penthouse & Duplex diện tích 330m2, 4PN, 3 WC. Full nội thất siêu đẹp, phong cách hiện đại",24 tỷ,330 m²,"72,73 tr/m²",4,3,"Vĩnh Tuy, Hai Bà Trưng","20.9947910308838, 105.86784362793"
41751632,21/02/2025,"Chủ nhà gửi bán căn hộ 3 ngủ 2WC, 108m2 6tỷ4 rẻ nhất Sunshine Garden - Em Long 0355 863 ***","6,4 tỷ",108 m²,"59,26 tr/m²",3,2,"Vĩnh Tuy, Hai Bà Trưng","20.9966850280762, 105.873847961426"
42181364,21/02/2025,"Bán căn hộ 1PN 46m2 chỉ 3,8tỷ rẻ nhất chung cư Sunshine Garden - Em Long 0355 863 ***","3,8 tỷ",46 m²,"82,61 tr/m²",1,N/A,"Vĩnh Tuy, Hai Bà Trưng","20.996293952903237, 105.87337118693698"
41292045,21/02/2025,"Chuyển nhượng căn 1PN Sunshine Garden giá 3,8tỷ tốt nhất thị trường. Liên hệ Em Long 0355 863 ***","3,8 tỷ",45 m²,"84,44 tr/m²",1,1,"Vĩnh Tuy, Hai Bà Trưng","20.9962767600329, 105.87434534525"
41764583,21/02/2025,Nhà đẹp độc lạ 3PN 95m2 Sunshine Garden- cạnh Timecity Hai Bà Trưng giá 6tỷ6 có sổ đỏ 0355 863 ***,"6,6 tỷ",95 m²,"69,47 tr/m²",3,2,"Vĩnh Tuy, Hai Bà Trưng","20.996269012267543, 105.87414075139664"
41766072,21/02/2025,"Bán căn 3PN, 2WC, 3logia 107m2 Sunshine Garden giá chỉ 8tỷ3 full đồ - Em Long 0355 863 ***","8,3 tỷ",105 m²,"79,05 tr/m²",3,2,"Vĩnh Tuy, Hai Bà Trưng","20.996685028076172, 105.87384796142578"
41138629,21/02/2025,Bán cặp căn thông 212m2 tòa T10 Times City,19 tỷ,212 m²,"89,62 tr/m²",5,3,"Vĩnh Tuy, Hai Bà Trưng","20.9947910308838, 105.86784362793"
30431860,21/02/2025,Top 5 căn hộ đập thông 200m2 ở Times City cần bán,"10,5 tỷ",160 m²,"65,62 tr/m²",4,3,"Vĩnh Tuy, Hai Bà Trưng","20.9947910308838, 105.86784362793"
41138673,21/02/2025,Bán căn góc 4 phòng ngủ 143m2 Times City Park Hill đầy đủ đồ chỉ việc đến ở,15 tỷ,143 m²,"104,9 tr/m²",4,3,"Vĩnh Tuy, Hai Bà Trưng","20.9943332672119, 105.867561340332"
32173927,21/02/2025,Căn góc đập thông 212m2 Times City top căn rộng nhất dự án,"18,9 tỷ",212 m²,"89,15 tr/m²",6,4,"Vĩnh Tuy, Hai Bà Trưng","20.9947910308838, 105.86784362793"
41734255,21/02/2025,Bán gấp - chung cư giá rẻ N1 Đại Cồ Việt - Trần Khát Chân - Hai Bà Trưng - Full nội thất,1 tỷ,50 m²,20 tr/m²,N/A,N/A,"Đồng Nhân, Hai Bà Trưng","21.0090221736067, 105.860447073383"
42207072,21/02/2025,"Bán penthouse đẳng cấp thượng lưu, giữa lòng Hà Nội, tòa Hoàng Thành 114 Mai Hắc Đế",90 tỷ,460 m²,"195,65 tr/m²",4,4,"Lê Đại Hành, Hai Bà Trưng","21.0124646293696, 105.84440826953"
42197522,21/02/2025,"Bán gấp CHCC cao cấp Green Pearl - 378 Minh Khai, 145m2, 3PN, căn góc, tầng cao, 12 tỷ. 0963 668 ***",12 tỷ,145 m²,"82,76 tr/m²",3,3,"Vĩnh Tuy, Hai Bà Trưng","20.9969835033934, 105.863158713617"
42211459,21/02/2025,"Bán gấp căn hộ chung cư Hinode City - 201 Minh Khai, 108 m2, 3PN, view thoáng, 9 tỷ. 0963 668 ***",9 tỷ,105 m²,"85,71 tr/m²",3,2,"Minh Khai, Hai Bà Trưng","20.99573421448592, 105.86166089878188"
42211295,21/02/2025,"Bán gấp căn hộ chung cư Hinode City - 201 Minh Khai, 75 m2, 2PN, view thoáng, 6.5 tỉ. 0963 668 ***","6,5 tỷ",75 m²,"86,67 tr/m²",2,2,"Minh Khai, Hai Bà Trưng","20.996053443395475, 105.86154457824526"
41626230,21/02/2025,Bán 3 ngủ 105m2 tại Park Hill. Nhà như ảnh,"9,19 tỷ",105 m²,"87,52 tr/m²",3,2,"Vĩnh Tuy, Hai Bà Trưng","20.994333267211914, 105.86756134033203"
42229448,21/02/2025,Bán căn hộ đập thông 6PN 250m2 view sông Hồng duy nhất còn lại tại dự án Sun Ancora số 3 Lương Yên,Giá thỏa thuận,250 m²,N/A,6,4,"Bạch Đằng, Hai Bà Trưng","21.0116681418163, 105.862525538871"
42229589,21/02/2025,Siêu phẩm căn hộ 200m2 4PN tại Times City Park Hill giá 21 tỷ full đồ!,21 tỷ,200 m²,105 tr/m²,4,N/A,"Vĩnh Tuy, Hai Bà Trưng","20.99390030151045, 105.86686249503677"
42228703,21/02/2025,"Rẻ nhất Times City. Căn 03PN góc, 110m2, full đồ đẹp, tầng trung, view thoáng, giá chỉ tròn 9 tỷ",9 tỷ,110 m²,"81,82 tr/m²",3,2,"Vĩnh Tuy, Hai Bà Trưng","20.99637464952307, 105.86598385025755"
42045310,21/02/2025,"Cần tiền bán gấp căn góc Park Hill Premium 95m - 3PN, giá 9,1 tỷ full nội thất.","9,1 tỷ",95 m²,"95,79 tr/m²",3,2,"Vĩnh Tuy, Hai Bà Trưng","20.99642726165988, 105.86598416131365"
42228629,21/02/2025,"Bán căn 2PN 70m2 tầng trung giá nhỉnh 4 tỷ bao phí, full đồ tại toà B Hoabinh Green City",Giá thỏa thuận,70 m²,N/A,2,2,"Vĩnh Tuy, Hai Bà Trưng","21.0004303885939, 105.870134247194"
42084894,21/02/2025,Cần bán gấp! Chỉ 2.48 tỷ. Căn hộ 2 phòng ngủ trung tâm Hai Bà Trưng. Sổ đỏ chính chủ,"2,48 tỷ",48 m²,"51,67 tr/m²",2,1,"Phố Huế, Hai Bà Trưng","21.0106470093015, 105.854320595185"
39844940,21/02/2025,"Giá rẻ bán căn 2 ngủ tòa T8 Times City Hai Bà Trưng, giá 6.1 tỷ thu về. LH 0979 702 ***","6,1 tỷ",83 m²,"73,49 tr/m²",2,2,"Vĩnh Tuy, Hai Bà Trưng","20.99479103088379, 105.86784362792969"
42228661,21/02/2025,"[CHÍNH CHỦ] Bán Gấp căn hộ 2 phòng ngủ 90m2 tòa T10, giá 7tỷ 2 liên hệ: 0985 566 ***","7,2 tỷ",90 m²,80 tr/m²,2,2,"Vĩnh Tuy, Hai Bà Trưng","20.994549253523463, 105.8684674789641"
40539756,21/02/2025,"Chuyển công tác cần bán gấp căn 2PN 82m2 full nội thất tầng trung view thoáng mát giá chỉ 6, x tỷ",Giá thỏa thuận,82 m²,N/A,2,2,"Minh Khai, Hai Bà Trưng","20.9959945678711, 105.861267089844"
41142194,21/02/2025,Bán căn hộ chung cư 622 Minh Khai 106m2 giá tốt nhất Hà Nội,Giá thỏa thuận,106 m²,N/A,3,2,"Minh Khai, Hai Bà Trưng","20.9952021422912, 105.856785930223"
39530722,21/02/2025,Duy nhất còn một căn chung cư 536A Minh Khai - cạnh Times City đã có sổ: 0833 558 ***,Giá thỏa thuận,55 m²,N/A,2,2,"Vĩnh Tuy, Hai Bà Trưng","20.998477935791016, 105.86943054199219"
39444899,21/02/2025,Quỹ căn chuyển nhượng giá tốt nhất 378 Minh khai: 0833 558 ***,5 tỷ,74 m²,"67,57 tr/m²",2,2,"Vĩnh Tuy, Hai Bà Trưng","20.9965381622314, 105.863388061523"
39148100,21/02/2025,Chính chủ cần bán căn 87 m2 2PN 2VS ban công Đông Nam,Giá thỏa thuận,87 m²,N/A,2,2,"Minh Khai, Hai Bà Trưng","20.9938678741455, 105.861846923828"
39555003,21/02/2025,Cần bán căn 73m2 2PN2VS tầng trung chung cư 536A Minh Khai full đồ,Giá thỏa thuận,73 m²,N/A,2,2,"Vĩnh Tuy, Hai Bà Trưng","20.998478, 105.86943"
42120658,21/02/2025,"Bán nhà TT Bạch Mai, 55m2, 2 phòng ngủ riêng biệt, full nội thất đẹp ở ngay, giá nhỉnh 2 tỷ","2,45 tỷ",55 m²,"44,54 tr/m²",2,1,"Bạch Mai, Hai Bà Trưng","20.9977234024648, 105.850297957357"
39327520,21/02/2025,"Bán nhà tập thể Kim Ngưu, 60m2, 2 ngủ, tầng 3, full nội thất, ở ngay, giá 2,15 tỷ","2,15 tỷ",60 m²,"35,83 tr/m²",2,1,"Cầu Dền, Hai Bà Trưng","21.0025637, 105.8617727"
39892296,21/02/2025,"Cần bán 2PN 76m2 giá 5,9 tỷ hướng Đông, view Vườn Hoa tại imperia sky garden (giá có bớt)","5,9 tỷ",76 m²,"77,63 tr/m²",2,2,"Vĩnh Tuy, Hai Bà Trưng","20.9984378814697, 105.866737365723"
42228041,21/02/2025,"Bán căn 2PN - 73m2 Park Hill, giá chỉ 6,5 tỷ, rẻ nhất thị trường. LH E: 0813 489 ***","6,5 tỷ",73 m²,"89,04 tr/m²",2,2,"Vĩnh Tuy, Hai Bà Trưng","20.99454383887432, 105.8679156307144"
42227169,21/02/2025,"Bán căn hoa hậu 2 ngủ sáng - 94,3m2, có lốt ô tô. LH em: 0813 489 ***","8,8 tỷ","94,3 m²","93,32 tr/m²",2,2,"Vĩnh Tuy, Hai Bà Trưng","20.995610623038587, 105.86782631576446"
38940267,21/02/2025,"Chính chủ gửi bán căn hộ 3PN 119m2, căn góc ban công Đông Nam chung cư Kinh Đô Tower 93 Lò Đúc",Giá thỏa thuận,116 m²,N/A,3,2,"Phạm Đình Hổ, Hai Bà Trưng","21.0156364440918, 105.85718536377"
42106422,21/02/2025,"Giá tốt bán nhanh căn 3 phòng ngủ Timescity, DT 118m2 giá 10.5 tỷ. LH 0979 702 ***","10,5 tỷ",118 m²,"88,98 tr/m²",3,2,"Vĩnh Tuy, Hai Bà Trưng","20.995029541153183, 105.8682626581693"
39501355,21/02/2025,HIẾM - Duy Nhất căn PenHouse Duplex view sông vượng khí + thành phố đẹp nhất Hinode - 0395 084 ***,15 tỷ,150 m²,100 tr/m²,3,2,"Minh Khai, Hai Bà Trưng","20.9959945678711, 105.861267089844"
42083074,21/02/2025,"Chung cư mini Vân Hồ, Nguyễn Đình Chiểu 1 ngủ 35m2 có sổ ở ngay full đồ view công viên",Giá thỏa thuận,35 m²,N/A,1,1,"Lê Đại Hành, Hai Bà Trưng","21.0109363571998, 105.845556601618"
39838510,21/02/2025,Giá tốt! bán gấp cặp căn góc đập thông full slot ô tô tầng trung view sông Hồng cực đỉnh 0964 862 ***,"14,5 tỷ",193 m²,"75,13 tr/m²",5,4,"Vĩnh Tuy, Hai Bà Trưng","20.99479103088379, 105.86784362792969"
42082063,21/02/2025,"Thiện chí bán căn hộ chung cư cao cấp Times City, DT 103m2, tầng đẹp, tặng full nội thất sang xịn","10,79 tỷ",103 m²,"104,76 tr/m²",3,2,"Vĩnh Tuy, Hai Bà Trưng","20.9944636893361, 105.867736386687"
42096688,21/02/2025,"5,3 TỶ TIME CITY SIÊU HIẾM CC CAO CẤP CỦA TẬP ĐOÀN VINGROUP, QUÝ KHÁCH KHÔNG NÊN BỎ QUA CƠ HỘI NÀY","5,3 tỷ",80 m²,"66,25 tr/m²",3,3,"Vĩnh Tuy, Hai Bà Trưng","20.995274735087452, 105.86762643350893"
41267855,21/02/2025,"Bán căn hộ chung cư cao cấp Skylight Hòa Bình 6, 108m2 3 phòng ngủ 2 wc 1 phòng khách rộng hơn 6 tỷ","6,6 tỷ",108 m²,"61,11 tr/m²",3,2,"Minh Khai, Hai Bà Trưng","20.9968338012695, 105.855499267578"
42225807,21/02/2025,Bán căn góc 2 mặt thoáng 114.4m2 Lilama Minh Khai tầng trung giá chỉ 60tr/m2 bao phí 0966 849 ***,"6,86 tỷ","114,4 m²",60 tr/m²,3,N/A,"Minh Khai, Hai Bà Trưng","20.9948710735545, 105.853320595745"
41915755,20/02/2025,Bán căn nhà tập thể - Phố Đại La sát mặt đường vị trí đắc địa tầng 2 lô góc 2 mặt thoáng sáng đẹp,"3,2 tỷ",80 m²,40 tr/m²,3,3,"Đồng Tâm, Hai Bà Trưng","20.9982223361871, 105.844394569458"
41137624,20/02/2025,"Times City - Park Hill Premium - CC cần bán lại căn 2PN 63,1m2 full nội thất - giá chỉ 6,6 tỷ","6,6 tỷ","63,1 m²","104,6 tr/m²",2,2,"Vĩnh Tuy, Hai Bà Trưng","20.9965782165527, 105.865196228027"
42204024,20/02/2025,Căn góc 3 ngủ tòa A đẹp nhất tại Hinode City. Giá 11 tỷ. Liên hệ ngay: 0826 465 *** Mr Dương,11 tỷ,110 m²,100 tr/m²,3,2,"Minh Khai, Hai Bà Trưng","20.9955691609994, 105.861764169357"
42225113,20/02/2025,"3.45 tỷ, nhà tập thể phố Lạc Trung, diện tích sổ đỏ gần 54m2, ô tô đỗ chân cầu thang, dân trí cao","3,45 tỷ","52,75 m²","65,4 tr/m²",2,1,"Vĩnh Tuy, Hai Bà Trưng","21.003239402632, 105.865641552138"
41966735,20/02/2025,Bán nhanh chung cư Hòa Bình Green 505 Minh Khai - 115m2 - 7.8 tỷ,"7,8 tỷ",115 m²,"67,83 tr/m²",3,3,"Vĩnh Tuy, Hai Bà Trưng","21.0005553131009, 105.869881152106"
41936545,20/02/2025,Hiếm - giá tốt - Chung cư 124 Minh Khai - view đẹp - 81m2 - 5.55 tỷ,"5,55 tỷ",81 m²,"68,52 tr/m²",3,N/A,"Minh Khai, Hai Bà Trưng","20.994393710958075, 105.85332892167257"
42224945,20/02/2025,"Bán gấp nhà tập thể tầng 3, 2 phòng ngủ, wc khép kín - phố 8/3, tặng nội thất về ở luôn, sổ riêng","2,28 tỷ",60 m²,38 tr/m²,2,1,"Minh Khai, Hai Bà Trưng","20.9987876178541, 105.86049830293"
41255996,20/02/2025,Bán căn hộ 3 PN full đồ toà 310 Minh Khai số 18 Tam Trinh (Gần Cầu Mai Động),5 tỷ,98 m²,"51,02 tr/m²",3,2,"Minh Khai, Hai Bà Trưng","20.9928599644559, 105.86304345633"
41737614,20/02/2025,[GIẢM 20 TỶ] penthouse 3 tầng cực vip tại Hoàng Thành Tower cạnh Vincom Bà Triệu - Trung tâm phố cổ,95 tỷ,460 m²,"206,52 tr/m²",3,4,"Lê Đại Hành, Hai Bà Trưng","21.011588197396563, 105.8455021244513"
42008713,20/02/2025,Hot! Bán gấp căn đập thông vip nhất tòa 6 phòng ngủ đẳng cấp view trực diện sông Hồng,Giá thỏa thuận,250 m²,N/A,6,4,"Bạch Đằng, Hai Bà Trưng","21.0110719280465, 105.862084789203"
42224244,20/02/2025,Bán nhanh căn 3PN 116m2 VIEW SÔNG RẺ NHẤT CC Hòa Bình Green City pháp lí rõ ràng ĐÃ CÓ SỔ ĐỎ,Giá thỏa thuận,117 m²,N/A,3,2,"Vĩnh Tuy, Hai Bà Trưng","20.999738237967456, 105.86973140721157"
41571128,20/02/2025,SẴN SỔ ĐỎ- Bán nhanh căn 2PN rẻ nhất Hoà Bình Green City chỉ 4.xtỷ mới 99% ở ngay ( rẻ nhất),Giá thỏa thuận,64 m²,N/A,2,1,"Vĩnh Tuy, Hai Bà Trưng","21.000459007892, 105.869795219548"
42193954,20/02/2025,"Thiện chí bán gấp 3 ngủ nhà đẹp mới lắp nội thất, giá thương lượng",Giá thỏa thuận,93 m²,N/A,3,2,"Vĩnh Tuy, Hai Bà Trưng","20.9988002734057, 105.87540554667"
38362921,20/02/2025,Bán căn hộ 3 phòng ngủ view sông 95m2 Sunshine Garden giá chỉ 6 tỷ 8 đã có sổ đỏ. Lh em 0812 395 ***,"6,8 tỷ",95 m²,"71,58 tr/m²",3,2,"Vĩnh Tuy, Hai Bà Trưng","20.9966850280762, 105.873847961426"
42034338,20/02/2025,"Chủ nhà cần tiền bán gấp Times City 3PN, giá chỉ 8,4 tỷ. Full đồ, có slot xe ô tô.","8,3 tỷ",90 m²,"92,22 tr/m²",3,2,"Vĩnh Tuy, Hai Bà Trưng","20.9951501324662, 105.8669789952648"
42222291,20/02/2025,"Bán gấp CH Times city 3pn, giá siêu rẻ 8,05 tỷ full đồ.",8 tỷ,95 m²,"84,21 tr/m²",3,2,"Vĩnh Tuy, Hai Bà Trưng","20.99456287343822, 105.86779350768381"
42222050,20/02/2025,"Bán căn 3PN - 88,3m2 sử dụng, view sông Hồng cầu Vĩnh Tuy, giá bán 6,150 tỷ. LH: 0813 489 ***","6,15 tỷ","88,3 m²","69,65 tr/m²",3,2,"Vĩnh Tuy, Hai Bà Trưng","21.000305812700752, 105.86910635798108"
42186714,20/02/2025,"Bán gấp CC Times City - Park Hill, 7,15 tỷ, 79m2, ở Minh Khai, Hai Bà Trưng, HN","7,15 tỷ",79 m²,"90,51 tr/m²",N/A,N/A,"Vĩnh Tuy, Hai Bà Trưng","20.99452167124807, 105.86702828783301"
41826939,20/02/2025,"Bán căn hộ 2PN, 2WC tại Vinhomes Times City - Park Hill, 8 tỷ VND, 98m2",8 tỷ,98 m²,"81,63 tr/m²",2,2,"Vĩnh Tuy, Hai Bà Trưng","20.993917756035945, 105.8676894131102"
41166923,20/02/2025,Bán gấp căn 02PN rộng 95m2 tại tòa T03 Times City giá chỉ 7.2 tỷ. LH: 0977 088 ***,"7,2 tỷ",95 m²,"75,79 tr/m²",2,2,"Vĩnh Tuy, Hai Bà Trưng","20.9977563150141, 105.866869698932"
41538167,20/02/2025,"Bán căn 3PN - 88,3m2, view sông Hồng cầu Vĩnh Tuy, giá bán 6,150 tỷ. LH: 0813 489 ***","6,15 tỷ","88,3 m²","69,65 tr/m²",3,2,"Vĩnh Tuy, Hai Bà Trưng","20.9993389239688, 105.87556901104882"
42221687,20/02/2025,(Chính chủ) chào bán căn hộ 02 ngủ full đồ | Imperia Sky Garden | view sông hồng cực đẹp,"7,4 tỷ","81,3 m²","91,02 tr/m²",2,2,"Vĩnh Tuy, Hai Bà Trưng","20.99842805055449, 105.86678371499484"
42221664,20/02/2025,"Bán penthouse 3tầng góc, 450m2 thang máy riêng, đẳng cấp sống giới thượng lưu, full nội thất Fendi",90 tỷ,450 m²,200 tr/m²,5,5,"Lê Đại Hành, Hai Bà Trưng","21.0115526830294, 105.84939519146"
42221421,20/02/2025,"[BQL] Times city, Parkhill cập nhật quỹ căn siêu hót dịp đầu năm mới 2025",7 tỷ,80 m²,"87,5 tr/m²",2,2,"Vĩnh Tuy, Hai Bà Trưng","20.994380316473, 105.868351113401"
42088938,20/02/2025,"Bán căn hộ 2PN, 83m2 tại Vinhomes Times City - Park Hill, 6 tỷ, Pháp lý đầy đủ",6 tỷ,83 m²,"72,29 tr/m²",2,2,"Vĩnh Tuy, Hai Bà Trưng","20.99462958469181, 105.86742597955666"
42126357,20/02/2025,"Siêu rẻ, siêu hiếm! Căn 02PN 80m hướng Đông Nam tòa Park6 giá chỉ 6.8 tỷ. lh 0977 088 ***","6,8 tỷ",80 m²,85 tr/m²,N/A,N/A,"Vĩnh Tuy, Hai Bà Trưng","20.99614591517821, 105.86466898766479"
42221247,20/02/2025,Bán căn hộ 2 phòng ngủ Park Hill Premium full đồ đẹp,"6,8 tỷ",68 m²,100 tr/m²,2,2,"Vĩnh Tuy, Hai Bà Trưng","20.996382258404918, 105.8651974085331"
42221224,20/02/2025,"Bán CC tại Sun Grand City Ancora Residence, 12,5 tỷ, 113m2, giá siêu hời, chính chủ","12,5 tỷ",113 m²,"110,62 tr/m²",3,2,"Bạch Đằng, Hai Bà Trưng","21.012307746533413, 105.86214014700148"
42166723,20/02/2025,"Bán căn 3 phòng ngủ, 114m2 giá 7.5 tỷ, full nội thất chỉ việc ở, có slot ô tô, Thăng Long Garden","7,5 tỷ",114 m²,"65,79 tr/m²",3,2,"Minh Khai, Hai Bà Trưng","20.99426947696556, 105.85651172784499"
42220938,20/02/2025,"Bán CH 2 phòng ngủ 75m TimesCity, full đồ xịn như ảnh, có slot ô tô. Giá tốt. Liên hệ: 0862 508 ***",Giá thỏa thuận,76 m²,N/A,2,2,"Vĩnh Tuy, Hai Bà Trưng","20.995006358291615, 105.86807799228912"
42170350,20/02/2025,"Bán penthouse đẳng cấp thượng lưu, giữa lòng Hà Nội, tòa Hoàng Thành 114 Mai Hắc Đế",90 tỷ,460 m²,"195,65 tr/m²",4,4,"Lê Đại Hành, Hai Bà Trưng","21.011771937226566, 105.84575637013643"
42192930,20/02/2025,"Bán Căn Hộ 2PN Giá 5 tỷ hướng đông mát mẻ , sẵn sổ đỏ , tầng cao view sông hồng tại IMPERIA",5 tỷ,63 m²,"79,36 tr/m²",2,1,"Vĩnh Tuy, Hai Bà Trưng","20.998428742252294, 105.86656766703241"
42099175,20/02/2025,"bán căn hộ chung cư Minh KHai, Hai Bà Trưng, 75m giá chỉ nhỉnh 4 tỷ. LH 0869 916 ***","4,55 tỷ",75 m²,"60,67 tr/m²",N/A,N/A,"Minh Khai, Hai Bà Trưng","20.993979353449323, 105.85650133085278"
42219813,20/02/2025,"Bán căn hộ chung cư Skylight, 125D Minh Khai, Hà Nội",6 tỷ,"100,8 m²","59,52 tr/m²",3,2,"Minh Khai, Hai Bà Trưng","20.996997019724184, 105.8550650661891"
41945622,20/02/2025,"Quá đẹp hiếm, bán căn hộ 305A - tầng 3, TT Bạch Mai 55m2, 2 ngủ, nhà đẹp, full nội thất - 2.39 tỷ","2,39 tỷ",55 m²,"43,46 tr/m²",2,2,"Thanh Nhàn, Hai Bà Trưng","20.9980590834113, 105.850680443506"
42218977,20/02/2025,"BÁN CH BAN CÔNG SÂN VƯỜN 2PN, 101m2, 10 tỷ tại Times City - Park Hill, Minh Khai, Hai Bà Trưng, HN",10 tỷ,101 m²,"99,01 tr/m²",2,2,"Vĩnh Tuy, Hai Bà Trưng","20.9941089305316, 105.868078965738"
41857981,20/02/2025,Tập thể tầng 3 phố Nguyễn Công Trứ x 2 ngủ full đồ 2 tỷ 35,"2,35 tỷ",60 m²,"39,17 tr/m²",2,N/A,"Đồng Nhân, Hai Bà Trưng","21.0117909050634, 105.856462420195"
41991257,20/02/2025,"Bán căn hộ 250 Minh Khai, Hai Bà Trưng, Hà Nội. Diện tích: 74,2m2","4,65 tỷ","74,2 m²","62,67 tr/m²",2,2,"Minh Khai, Hai Bà Trưng","20.9943180765013, 105.857280961258"
42216981,20/02/2025,Tôi chính chủ bán 2PN sổ đỏ sẵn DT 64m2 view phố Hoà Bình Green giá rất rẻ chỉ nhỉnh 4 tỷ,"4,5 tỷ",64 m²,"70,31 tr/m²",2,1,"Vĩnh Tuy, Hai Bà Trưng","21.0005557446091, 105.870267419944"
38008446,20/02/2025,Chính chủ bán căn 3 Phòng ngủ hoa hậu tòa Park 03-128m2 ban công rộng 8m,"10,5 tỷ",128 m²,"82,03 tr/m²",3,2,"Vĩnh Tuy, Hai Bà Trưng","20.994333267211914, 105.86756134033203"
39208443,20/02/2025,"Chính chủ bán căn 1 phòng ngủ tòa T09 - Timescity - 53m2 giá 4,2 tỷ cả đồ miễn trung gian","4,2 tỷ",53 m²,"79,24 tr/m²",1,1,"Vĩnh Tuy, Hai Bà Trưng","20.9947910308838, 105.86784362793"
38552144,20/02/2025,"E chính chủ cần bán căn hộ 3 phòng ngủ tòa T4 - Times City - giá 7,3 tỷ cả đồ (Miễn trung gian)","7,3 tỷ",95 m²,"76,84 tr/m²",3,2,"Vĩnh Tuy, Hai Bà Trưng","20.99445475703529, 105.8679447184388"
41001296,20/02/2025,"Hot các căn đập thông khu Park, dự án Times City Hai Bà Trưng, giá 18 tỷ, LH 0979 702 ***",18 tỷ,160 m²,"112,5 tr/m²",4,3,"Vĩnh Tuy, Hai Bà Trưng","20.994457357002346, 105.86740620368538"
39301095,20/02/2025,Căn 1 ngủ tại Times City 4.5 tỷ. Nhà đẹp,Giá thỏa thuận,53 m²,N/A,1,N/A,"Vĩnh Tuy, Hai Bà Trưng","20.9943332672119, 105.867561340332"
42216652,20/02/2025,"Chung cư Hòa Bình Green City Minh Khai, hơn 90 m2, 2 ngủ, 2 vs. Giá nhỉnh 5 tỷ","5,95 tỷ",95 m²,"62,63 tr/m²",2,2,"Vĩnh Tuy, Hai Bà Trưng","20.99997391684136, 105.8708402010049"
42216160,20/02/2025,"Bán gấp căn hộ đẹp Times City, 8,8 tỷ, 94,3m2, 2PN full ánh sáng, 2WC, tiện ích đầy đủ","8,8 tỷ","94,3 m²","93,32 tr/m²",2,2,"Vĩnh Tuy, Hai Bà Trưng","20.9952775518304, 105.868226624338"
40271458,20/02/2025,Gia đình cần bán hộ 98 m2 2PN 2VS giá thoả thuận: 0833 558 ***,Giá thỏa thuận,98 m²,N/A,2,2,"Minh Khai, Hai Bà Trưng","20.993867874145508, 105.86184692382813"
42215998,20/02/2025,"Bán căn hộ 3PN, 12,6 tỷ, 118m2 tại Park Hill Premium - Times City, Hà Nội","12,6 tỷ",118 m²,"106,78 tr/m²",3,N/A,"Vĩnh Tuy, Hai Bà Trưng","20.99678122579194, 105.8650198147979"
40370182,20/02/2025,"Siêu rẻ căn 2PN tòa Park 10 - 75 m2, giá 6. X tỷ. LH: 0901 793 ***",Giá thỏa thuận,75 m²,N/A,2,N/A,"Vĩnh Tuy, Hai Bà Trưng","20.9965782165527, 105.865196228027"
42215933,20/02/2025,"Bán căn góc Tây Bắc 3 phòng ngủ Times City có slot ô tô vĩnh viễn trong hợp đồng, căn góc chung cư","11,5 tỷ",110 m²,"104,54 tr/m²",3,2,"Vĩnh Tuy, Hai Bà Trưng","20.99470984618469, 105.86748533678232"
42024616,20/02/2025,"Bán căn hộ chung cư 536A Minh Khai, 4,8 tỷ, 74m2, 2PN + 2WC","4,8 tỷ",74 m²,"64,86 tr/m²",2,2,"Vĩnh Tuy, Hai Bà Trưng","20.998988021547955, 105.86890037270794"
42215635,20/02/2025,"Bán căn hộ 1PN, 1WC tại Times City, 4,9 tỷ, 53m2, Hai Bà Trưng, Hà Nội FULL ĐỒ NHƯ ẢNH","4,9 tỷ",53 m²,"92,45 tr/m²",1,1,"Vĩnh Tuy, Hai Bà Trưng","20.9950199338226, 105.867975378747"
42213090,20/02/2025,Bán căn hộ chung cư Hinode City 105 m2 - 0904 513 ***,"10,1 tỷ",105 m²,"96,19 tr/m²",3,2,"Minh Khai, Hai Bà Trưng","20.9960052377633, 105.861261799577"
40128823,20/02/2025,Bán căn duplex 3 tầng 435m2 full đồ view sông tại trung tâm Hoàn Kiếm - Sổ đỏ lâu dài - 108 tỷ,108 tỷ,435 m²,"248,28 tr/m²",N/A,N/A,"Lê Đại Hành, Hai Bà Trưng","21.012306213378906, 105.84517669677734"
42068243,20/02/2025,Bán gấp chung cư 310 Minh Khai - Tầng cao - 101m2 - 3PN - 5.45 tỷ,"5,45 tỷ",101 m²,"53,96 tr/m²",3,2,"Minh Khai, Hai Bà Trưng","20.99421514630346, 105.86116480273937"
41966458,20/02/2025,Rẻ - hiếm - bán gấp chung cư 250 Minh Khai - 80m2 - 5.1 tỷ,"4,9 tỷ",78 m²,"62,82 tr/m²",2,2,"Minh Khai, Hai Bà Trưng","20.9940458211603, 105.857365431546"
41947168,20/02/2025,"Hiếm - Bán nhanh chung cư Sky Light 125D Minh Khai view đẹp, nội thất cao cấp, 101m2 - 3PN - 6.1 tỷ","6,1 tỷ",101 m²,"60,4 tr/m²",3,2,"Minh Khai, Hai Bà Trưng","20.9972183372663, 105.855412870735"
42124432,20/02/2025,Bán tập thể phố Thanh Nhàn. 2.4 tỷ - 60m2 - 2PN 1WC khép kín. Ô tô đỗ chân cầu thang,"2,4 tỷ",60 m²,40 tr/m²,2,1,"Thanh Nhàn, Hai Bà Trưng","21.0030323988585, 105.856595907287"
41765879,20/02/2025,"Bán căn hoa hậu 4PN+ 140m2 Sunshine Garden Minh Khai, HBT giá 8,5 tỷ đã có sổ - Em Long 0355 863 ***","8,5 tỷ",140 m²,"60,71 tr/m²",4,2,"Vĩnh Tuy, Hai Bà Trưng","20.996685, 105.87385"
42124475,19/02/2025,"Bán căn hộ chung cư 622 Minh Khai, hàng xóm Time City, nhà đẹp, nội thất xịn, chỉ 4.5 tỷ","4,5 tỷ",70 m²,"64,29 tr/m²",N/A,N/A,"Minh Khai, Hai Bà Trưng","20.99793202724376, 105.86747378608193"
37406807,19/02/2025,Chính chủ bán chung cư T1 Trần Khát Chân - Lò Đúc - Kim Ngưu - Hai Bà Trưng sổ hồng vĩnh viễn,990 triệu,56 m²,"17,68 tr/m²",2,2,"Đồng Nhân, Hai Bà Trưng","21.0089043865206, 105.859909349674"
42213318,19/02/2025,Bán nhà - tập thể - Đầm Trấu - HBT lô góc - 2 ngủ có thể cơi nới thành 3 PN,5 tỷ,80 m²,"62,5 tr/m²",2,1,"Bạch Đằng, Hai Bà Trưng","21.0115028822563, 105.864754134998"
25344319,19/02/2025,"Cần bán cắt lỗ căn hộ chung cư cao cấp Hoà Bình Green City 505 Minh Khai, liên hệ: 0974 212 ***","4,8 tỷ",70 m²,"68,57 tr/m²",2,2,"Vĩnh Tuy, Hai Bà Trưng","21.00026512146, 105.869934082031"
42213056,19/02/2025,Bán căn hộ chung cư Hinode 107 m2 - 0904 513 ***,"10,1 tỷ",107 m²,"94,39 tr/m²",3,2,"Minh Khai, Hai Bà Trưng","20.996406725093355, 105.86079070403552"
42212984,19/02/2025,"Bán căn hộ chung cư 156 m2, full nội thất, ban công Tây Bắc - 0904 513 ***","17,5 tỷ",156 m²,"112,18 tr/m²",4,4,"Minh Khai, Hai Bà Trưng","20.9958788210715, 105.860769990254"
41384375,19/02/2025,"Bán nhà tập thể phố Lò Đúc 38m2 giá chỉ 2,1 tỷ","2,1 tỷ",38 m²,"55,26 tr/m²",2,1,"Đồng Nhân, Hai Bà Trưng","21.0183024191385, 105.855472909023"
42211720,19/02/2025,"Bán nhà tập thể tầng 1 Giải Phóng, Hai Bà Trưng khu bộ công an DTSD 85m2 3ngủ 2wc ô tô, giá 4.58tỷ","4,58 tỷ",90 m²,"50,89 tr/m²",3,2,"Đồng Nhân, Hai Bà Trưng","21.0018327188108, 105.841286176955"
42212498,19/02/2025,"Bán gấp căn hộ Park Hill Premium 75m2 - 2PN, giá chỉ 6,85 tỷ full nội thất","6,85 tỷ",75 m²,"91,33 tr/m²",2,2,"Vĩnh Tuy, Hai Bà Trưng","20.997103090465977, 105.86584229799526"
40584745,19/02/2025,"Giá rẻ nhất thị trường bán 2 ngủ DT 82m2 Times City Hai Bà Trưng, giá 6.3 tỷ. LH 0979 702 ***","6,3 tỷ",82 m²,"76,83 tr/m²",2,2,"Vĩnh Tuy, Hai Bà Trưng","20.994791030883789, 105.86784362792969"
40906944,19/02/2025,"Bán gấp căn 02PN 75m2 có slot ô tô tại tòa T05 Times City giá chỉ 6,150 tỷ. LH 0977 088 ***","6,15 tỷ",76 m²,"80,92 tr/m²",2,2,"Vĩnh Tuy, Hai Bà Trưng","20.9947910308838, 105.86784362793"
42211822,19/02/2025,"Bán nhà tập thể Giải Phóng, Hai Bà Trưng, sổ hơn 40m, SD 110m2, 3 ngủ, nhà đẹp, ở ngay, ô tô đỗ cửa","3,65 tỷ",110 m²,"33,18 tr/m²",3,2,"Bách Khoa, Hai Bà Trưng","21.0037155105872, 105.841410822568"
42109231,19/02/2025,"Bán căn 02PN 83m2 hướng Nam của tòa Park 2 giá chỉ 6,8 tỷ. LH 0977 088 ***","6,8 tỷ",83 m²,"81,93 tr/m²",2,2,"Vĩnh Tuy, Hai Bà Trưng","20.9943138508063, 105.86757215294594"
42210501,19/02/2025,"Bán nhà phố Đỗ Hành giá 2.8 tỷ, nhà tập thể 3 ngủ, tổng DT 65m2. Trung tâm quận Hai Bà Trưng","2,8 tỷ",65 m²,"43,08 tr/m²",3,3,"Nguyễn Du, Hai Bà Trưng","21.0198758312296, 105.842014500167"
42167294,19/02/2025,Cần bán căn 2 ngủ diện tích 77m2 tại Imperia Sky Garden 423 Minh Khai,"5,35 tỷ",77 m²,"69,48 tr/m²",2,2,"Vĩnh Tuy, Hai Bà Trưng","20.998211653040862, 105.86684268845566"
41062525,19/02/2025,"Siêu phẩm căn góc 4PN Park Hill, tầng đẹp, view siêu thoáng. 14. X tỷ, nhà siêu đẹp LH: 0901 793 ***",14 tỷ,143 m²,"97,9 tr/m²",4,3,"Vĩnh Tuy, Hai Bà Trưng","20.994333267211914, 105.86756134033203"
42210911,19/02/2025,"Chính chủ bán căn góc 3 ngủ 110m2. Full đồ, view thoáng. Giá chỉ 9 tỷ. Liên hệ: Sơn - 0906 244 ***",9 tỷ,110 m²,"81,82 tr/m²",3,2,"Minh Khai, Hai Bà Trưng","20.99615238574301, 105.86148329881324"
42210652,19/02/2025,"Bán căn 2PN 63m2 giá 4,3 tỷ full đồ tại Hoà Bình Green City, nhà mới sạch sẽ, view thoáng","4,3 tỷ",63 m²,"68,25 tr/m²",2,2,"Vĩnh Tuy, Hai Bà Trưng","20.9999367740717, 105.870141673999"
42210425,19/02/2025,"Bán gấp CHCC cao cấp Green Pearl - 378 Minh Khai, 75m2, 2PN, căn góc, tầng cao, 6 tỷ. 0963 668 ***",6 tỷ,75 m²,80 tr/m²,2,2,"Vĩnh Tuy, Hai Bà Trưng","20.9969835033934, 105.863158713617"
41086979,19/02/2025,"Sổ đỏ chính chủ thiện chí bán 3PN góc hoa hậu 124,3m2 view thoáng nhà đẹp",8 tỷ,"124,3 m²","64,36 tr/m²",3,2,"Vĩnh Tuy, Hai Bà Trưng","21.00026512146, 105.869934082031"
42210251,19/02/2025,"Bán nhà tập thể Kim Ngưu, 90m2, 2 tầng, 3 ngủ, full đồ ở luôn, 3.1 tỷ. Hiếm","3,1 tỷ",90 m²,"34,44 tr/m²",3,2,"Quỳnh Mai, Hai Bà Trưng","21.0003500366239, 105.861467255239"
42114764,19/02/2025,Sở hữu đập thông cực vip tại P07 Timescity View quảng trường đồi vọng cảnh full nội thất hoàng gia,17 tỷ,160 m²,"106,25 tr/m²",5,4,"Vĩnh Tuy, Hai Bà Trưng","20.9943332672119, 105.867561340332"
42098083,19/02/2025,Bán 2 ngủ Góc park 12 giá chỉ 6.8 tỷ full nội thất,"6,8 tỷ",76 m²,"89,47 tr/m²",2,2,"Vĩnh Tuy, Hai Bà Trưng","20.9946535247209, 105.866766243126"
41786485,19/02/2025,Quá rẻ. Căn hộ 2PN sáng 83m2 giá 6.1 tỷ full nội thất tại Vinhomes Times City,"6,1 tỷ",83 m²,"73,49 tr/m²",2,2,"Vĩnh Tuy, Hai Bà Trưng","20.994391030845712, 105.86758279122847"
42036156,19/02/2025,"Chính chủ bán nhà tập thể 25m2 sổ, 80m2 sử dụng, giá: 2.850 tỷ. LH: 0936 351 ***","2,85 tỷ",80 m²,"35,62 tr/m²",N/A,N/A,"Minh Khai, Hai Bà Trưng","20.9948371560519, 105.856649282009"
41570268,19/02/2025,"Chính chủ bán CC Imperia 423 Minh Khai 82m2, 2PN, 2WC full sáng - view sông Hồng - 7,4 tỷ(bao phí)","7,4 tỷ",82 m²,"90,24 tr/m²",2,2,"Vĩnh Tuy, Hai Bà Trưng","20.9984378814697, 105.866737365723"
41874371,19/02/2025,Hơn 1 tỷ sổ đỏ trao tay cho căn hộ 2 phòng ngủ căn góc 3 mặt thoáng tầng 8 view cả thành phố,"1,88 tỷ",54 m²,"34,82 tr/m²",2,1,"Minh Khai, Hai Bà Trưng","20.9955407070055, 105.849769357592"
41878206,19/02/2025,Tập thể mặt phố Thi Sách Hai Bà Trưng 2PN thoáng sáng ô tô đỗ ngày đêm dân trí cao ở ngay,"4,5 tỷ",75 m²,60 tr/m²,2,2,"Phạm Đình Hổ, Hai Bà Trưng","21.0167953878118, 105.854482271352"
41996309,19/02/2025,"Chính chủ Bán căn hộ 250 Minh Khai, Hai Bà Trưng, Hà Nội. DT: 80m2 ngủ 2WC LH: 0962 552 ***",Giá thỏa thuận,80 m²,N/A,2,2,"Minh Khai, Hai Bà Trưng","20.993574607047414, 105.85691147518018"
42208243,19/02/2025,Chính chủ bán căn hộ Hoà Bình Green City (miễn TG),Giá thỏa thuận,72 m²,N/A,2,2,"Vĩnh Tuy, Hai Bà Trưng","20.9993998603063, 105.870085150662"
42206799,19/02/2025,Bán căn tập thể tầng 3 - 8/3 - Hai Bà Trưng - 45m2,"2,3 tỷ",45 m²,"51,11 tr/m²",2,1,"Quỳnh Mai, Hai Bà Trưng","20.9985783416687, 105.860623082446"
42027668,19/02/2025,"Bán gấp căn hộ 2 ngủ Park Hill giá tốt, liên hệ: 0913 406 ***","6,7 tỷ",79 m²,"84,81 tr/m²",2,2,"Vĩnh Tuy, Hai Bà Trưng","20.994691439665726, 105.86709299092942"
42208006,19/02/2025,"Chủ nhà thiện chí bán căn 2 ngủ chung cư Green Pearl 378 Minh Khai, liên hệ: Sơn 0906 244 ***","6,6 tỷ",75 m²,88 tr/m²,2,2,"Vĩnh Tuy, Hai Bà Trưng","20.9970256910729, 105.863576259139"
42114104,19/02/2025,Gấp căn hộ chung cư 250 Minh Khai 75m2 thông thủy 2 ngủ 2wc full nội thất nhà đẹp giá thương lượng,"4,55 tỷ",75 m²,"60,67 tr/m²",2,2,"Minh Khai, Hai Bà Trưng","20.993866644895196, 105.85696745335817"
42207296,19/02/2025,"Căn hộ 2PN 75m2 giá chuẩn 6 tỷ bao phí, view vườn hoa tại Imperia Sky Garden",6 tỷ,75 m²,80 tr/m²,2,2,"Vĩnh Tuy, Hai Bà Trưng","20.99881498820703, 105.86618485049947"
42181499,19/02/2025,"Bán căn hộ 2PN, 2WC tại Imperia Sky Garden, 6,4 tỷ, 80 m2, Hai Bà Trưng, Hà Nội","6,4 tỷ",80 m²,80 tr/m²,2,2,"Vĩnh Tuy, Hai Bà Trưng","20.997703704503426, 105.86661313691516"
40388810,19/02/2025,Bán nhanh căn 3PN - 117m2 - hướng Nam - Park Premium - view thoáng không bị che chắn. LH 0901 793 ***,Giá thỏa thuận,117 m²,N/A,3,2,"Vĩnh Tuy, Hai Bà Trưng","20.996578216552734, 105.86519622802734"
42133238,19/02/2025,"Ban gấp căn 3 ngủ Hinode City, 110m2, full đồ đẹp view thoáng mát, giá rẻ nhất thị trường chỉ 10 tỷ",10 tỷ,110 m²,"90,91 tr/m²",3,2,"Minh Khai, Hai Bà Trưng","20.996642538111544, 105.86084269725112"
40335016,19/02/2025,"Ký cọc ngay: Sổ đỏ sẵn bán 3PN 127m2 Hoà bình Green góc view sông siêu thoáng chỉ 8,x tỷ",8 tỷ,127 m²,"62,99 tr/m²",3,2,"Vĩnh Tuy, Hai Bà Trưng","21.00026512146, 105.869934082031"
42206660,19/02/2025,"Tôi chính chủ bán căn 2PN DT 95m2 Hoà bình Green tầng 10, giá chỉ 5,x tỷ, nhà siêu mới",Giá thỏa thuận,95 m²,N/A,N/A,N/A,"Vĩnh Tuy, Hai Bà Trưng","20.9995555047472, 105.870186954028"
42205833,19/02/2025,"Rẻ nhất thị trường căn góc 3 ngủ 110m2 tầng trung tại Times City giá chỉ 9,3 tỷ. LH: 0978 468 ***","9,3 tỷ",110 m²,"84,54 tr/m²",N/A,N/A,"Vĩnh Tuy, Hai Bà Trưng","20.996200389123867, 105.86552667040267"
42185466,19/02/2025,"Bán gấp căn hộ 82m2 tại Times City, 6,1 tỷ, 2PN, 2WC uy tín","6,1 tỷ",82 m²,"74,39 tr/m²",2,2,"Vĩnh Tuy, Hai Bà Trưng","20.995492525937273, 105.86838273626708"
42091794,19/02/2025,Hiếm! Chỉ 2.28 tỷ - Căn hộ tập thể 2PN Full nội thất - Phường Phố Huế - HBT - Lô góc - DT 52m2,"2,28 tỷ",52 m²,"43,85 tr/m²",2,1,"Phố Huế, Hai Bà Trưng","21.0112148418523, 105.857342363737"
42201398,19/02/2025,"Căn 4PN 126m2 tầng trung tại Hinode City căn rộng nhất dự án, sẵn sổ đỏ + có slot ô tô",13 tỷ,126 m²,"103,18 tr/m²",4,2,"Minh Khai, Hai Bà Trưng","20.995708184634488, 105.86179464887157"
42109890,19/02/2025,"Bán nhanh căn 3PN Times City giá siêu rẻ 8,4 tỷ, tầng trung, có slot để xe vĩnh viễn","8,4 tỷ",95 m²,"88,42 tr/m²",3,2,"Vĩnh Tuy, Hai Bà Trưng","20.994477119788296, 105.86724832585406"
41526657,19/02/2025,"Cần tiền kinh doanh, bán căn 2 ngủ góc Hoà Bình Green City 505 Minh Khai",Giá thỏa thuận,70 m²,N/A,2,2,"Vĩnh Tuy, Hai Bà Trưng","21.0004448292826, 105.869765231111"
42205156,19/02/2025,Em cần bán căn nhà tập thể siêu đẹp full nội thất ô tô đỗ cửa,"2,39 tỷ",65 m²,"36,77 tr/m²",N/A,N/A,"Bạch Mai, Hai Bà Trưng","20.9980724399197, 105.850481787958"
42088988,19/02/2025,"Bán khẩn cấp! Căn hộ cao cấp 95m2 tại Times City Giá Sốc: 7,7 tỷ, LH: 0982 926 ***","7,7 tỷ",95 m²,"81,05 tr/m²",2,2,"Vĩnh Tuy, Hai Bà Trưng","20.995645645858435, 105.86803596342577"
42204193,19/02/2025,"Cần bán nhà tập thể phố Thanh Nhàn, Q. Hai Bà Trưng, DT 55m2, tầng 3, giá chỉ hơn 2.39 tỷ","2,39 tỷ",55 m²,"43,46 tr/m²",2,2,"Thanh Nhàn, Hai Bà Trưng","21.0026198938771, 105.85629995862"
42203086,19/02/2025,"3,9 tỷ căn chung cư Phố Võ Thị Sáu đối diện cổng công viên Tuổi Trẻ, 75m2, MT 8m, sân rộng như hình","3,9 tỷ",75 m²,52 tr/m²,2,N/A,"Thanh Nhàn, Hai Bà Trưng","21.0058016495018, 105.854907197374"
42109010,19/02/2025,Bán khẩn cấp 1 căn đập thông 5 phòng ngủ diện tích 215m2 tòa T10 giá siêu rẻ: 21 tỷ. LH: 0982 926 ***,21 tỷ,215 m²,"97,67 tr/m²",5,4,"Vĩnh Tuy, Hai Bà Trưng","20.995229002681064, 105.86842298665843"
41973631,19/02/2025,"Bán khẩn cấp! Căn hộ 2 phòng ngủ, 2 vệ sinh tại Park Premium Times City. Giá 6.2 tỷ. LH: 0982 926 ***","6,2 tỷ",64 m²,"96,88 tr/m²",2,2,"Vĩnh Tuy, Hai Bà Trưng","20.997206885940283, 105.86482731451456"
42102619,19/02/2025,Hiếm! Căn góc 3 PN sáng đang bán tại Times City với giá chỉ 9.4 tỷ. LH: 0982 926 ***,"9,4 tỷ",110 m²,"85,46 tr/m²",3,2,"Vĩnh Tuy, Hai Bà Trưng","20.99488689045473, 105.86766074972624"
42203790,19/02/2025,"Bán CC 3PN, 2WC, 113m2 tại Bách Khoa, Hai Bà Trưng, Hà Nội, giá cực chất 5,5 tỷ","5,5 tỷ",113 m²,"48,67 tr/m²",3,2,"Bách Khoa, Hai Bà Trưng","21.0044154177933, 105.846852699058"
42203594,19/02/2025,"Bán nhà tập thể tầng 1 Giải Phóng, Hai Bà Trưng, sổ to, SD 85m2, 3 ngủ, 2WC, ô tô vào tận sân nhà","4,48 tỷ",85 m²,"52,71 tr/m²",3,2,"Đồng Nhân, Hai Bà Trưng","21.0019040076837, 105.841893848725"
42203364,19/02/2025,Em cần bán căn nhà tập thể Thanh Nhàn Bạch Mai Nhà đẹp full nội thất ô tô đỗ cửa,"2,39 tỷ",65 m²,"36,77 tr/m²",N/A,N/A,"Bạch Mai, Hai Bà Trưng","21.0030715914709, 105.853110888813"
42195237,19/02/2025,Đập thông 160m2 tại parkhill - Timescity giá tốt - 16tỷ200 có thương lượng LH: 0964 862 ***,"16,2 tỷ",160 m²,"101,25 tr/m²",4,N/A,"Vĩnh Tuy, Hai Bà Trưng","20.9949858885584, 105.867409315513"
42204927,19/02/2025,"Bán căn tập thể 190 Phố Lò Đúc, 60m2, 2 ngủ, 3 bước ra phố cổ, dân trí cao, ở luôn, nhỉnh 3 tỷ",Giá thỏa thuận,60 m²,N/A,2,1,"Phạm Đình Hổ, Hai Bà Trưng","21.0177898085667, 105.85533061873"
42163872,19/02/2025,"Bán gấp căn chung cư Sunshine Garden, Hai Bà Trưng 3PN, 2WC, 108m2, full nội thất, 7,9 tỷ","7,9 tỷ",108 m²,"73,15 tr/m²",3,N/A,"Vĩnh Tuy, Hai Bà Trưng","20.9958965102635, 105.874001421939"
41487094,18/02/2025,"Chung cư 310 Minh Khai 90m2, ô tô quanh nhà, lô góc chỉ 4.98 tỷ thương lượng mạnh","4,98 tỷ",90 m²,"55,33 tr/m²",3,3,"Minh Khai, Hai Bà Trưng","20.993867874145508, 105.86184692382812"
40652598,18/02/2025,"Bán căn 3PN - 93m2, view sông Hồng cầu Vĩnh Tuy, giá bán 6,15 tỷ có gia lộc. LH 0943 358 ***","6,15 tỷ",93 m²,"66,13 tr/m²",3,2,"Vĩnh Tuy, Hai Bà Trưng","20.999224077476452, 105.87590686383676"
42203146,18/02/2025,CĂN HỘ CAO CẤP TIMES CITY - THiẾT KẾ ĐẲNG CẤP-KHU VỰC THƯỢNG LƯU-AN NINH TUYỆT ĐỐI - TẶNG NỘI THẤT,"4,85 tỷ",52 m²,"93,27 tr/m²",1,1,"Minh Khai, Hai Bà Trưng","20.9961632672449, 105.856982546492"
41825239,18/02/2025,Cần bán gấp căn hộ park hill 79m2 full đồ mới giá: 6.750 tỷ liên hệ: 0913 406 ***,"6,75 tỷ",83 m²,"81,32 tr/m²",2,2,"Vĩnh Tuy, Hai Bà Trưng","20.9945307400846, 105.868398536403"
41006340,18/02/2025,"Bán căn hộ 4PN, 3WC 129m2 Sunshine Garden Minh Khai giá chỉ 6tỷ8 - Em Cường 0976 044 ***","6,8 tỷ",129 m²,"52,71 tr/m²",4,3,"Vĩnh Tuy, Hai Bà Trưng","20.9966850280762, 105.873847961426"
40307440,18/02/2025,Bán căn penthouse 380m2 siêu hiếm ở phố Bà Triệu. Giá thoả thuận. Liên hệ xem nhà: Sơn 0906 244 ***,Giá thỏa thuận,380 m²,N/A,4,5,"Lê Đại Hành, Hai Bà Trưng","21.011553, 105.84926"
42202023,18/02/2025,"Cần bán nhanh căn 125m2, 2PN ở Hoàng Thành Tower - 114 Mai Hắc Đế. Giá thoả thuận. LH 0906 244 ***",Giá thỏa thuận,125 m²,N/A,2,2,"Lê Đại Hành, Hai Bà Trưng","21.012306, 105.84518"
40937650,18/02/2025,"Bán gấp căn 01 ngủ full đồ đẹp, nhà mới, giá hợp liên hệ: 0913 406 ***","4,7 tỷ",53 m²,"88,68 tr/m²",1,1,"Vĩnh Tuy, Hai Bà Trưng","20.9943332672119, 105.867561340332"
42201411,18/02/2025,"Chính chủ bán cắt lỗ 3 pn góc 110m2 Times City, tặng full nội thất đẹp, giá chỉ 9.5 tỷ. 0384 819 ***","9,5 tỷ",110 m²,"86,36 tr/m²",3,2,"Vĩnh Tuy, Hai Bà Trưng","20.99428909886323, 105.86739573789522"
42097988,18/02/2025,"Bán CC Times City, Minh Khai, 7,05 tỷ, 82m2, 2PN, 2WC","7,05 tỷ",82 m²,"85,98 tr/m²",2,2,"Vĩnh Tuy, Hai Bà Trưng","20.9950288242864, 105.86776632465741"
40901063,18/02/2025,"Bán gấp căn 2PN DT 83m2 view thoáng tại Times City giá 6,5 tỷ. Liên hệ 0348 315 ***","6,5 tỷ",83 m²,"78,31 tr/m²",2,2,"Vĩnh Tuy, Hai Bà Trưng","20.994333267211914, 105.86756134033203"
42201181,18/02/2025,"Bán Căn hộ 3PN, 2WC, 100m2, 9 tỷ tại Times City - Park Hill, Hai Bà Trưng, Hà Nội",9 tỷ,100 m²,90 tr/m²,3,2,"Vĩnh Tuy, Hai Bà Trưng","20.993656787007357, 105.86726472904473"
42106524,18/02/2025,"Chính chủ bán căn TT 8/3 - Hai Bà Trưng/ tầng 3, nhà thoáng đẹp ở ngay giá chỉ 2.3 tỷ","2,3 tỷ",20 m²,115 tr/m²,2,1,"Thanh Nhàn, Hai Bà Trưng","20.9984384972761, 105.860264028024"
39010013,18/02/2025,Em cần bán gấp siêu phẩm 3PN góc view sông trục số 10 tại Sun Ancora Lương Yên,Giá thỏa thuận,117 m²,N/A,3,2,"Bạch Đằng, Hai Bà Trưng","21.0116748809814, 105.862678527832"
42062739,18/02/2025,Bán căn 3PN - 2VS - 1PK - Udic Riverside 122 Vĩnh Tuy - 6 tỷ 150tr (69tr/m2) - LH: 0989 555 ***,"6,15 tỷ",88 m²,"69,89 tr/m²",3,2,"Vĩnh Tuy, Hai Bà Trưng","20.9993432669037, 105.875403185901"
40739901,18/02/2025,"Bán căn hộ 2PN sáng Times City 83m2, giá rẻ nhất thị trường 6,25 tỷ","6,25 tỷ",83 m²,"75,3 tr/m²",2,N/A,"Vĩnh Tuy, Hai Bà Trưng","20.9943332672119, 105.867561340332"
42199669,18/02/2025,"Bán căn góc 145m2 chung cư Green Pearl 378 Minh Khai, giá thỏa thuận, liên hệ: Sơn 0906 244 ***",Giá thỏa thuận,145 m²,N/A,N/A,N/A,"Vĩnh Tuy, Hai Bà Trưng","20.997025691072942, 105.86357625913904"
42199509,18/02/2025,"Bán CC Green Pearl 378 Minh Khai, giá thỏa thuận, 97m2, 3PN + 2WC, đầy đủ tiện nghi, đẹp",Giá thỏa thuận,97 m²,N/A,3,2,"Vĩnh Tuy, Hai Bà Trưng","20.9970345030338, 105.864060184828"
42199088,18/02/2025,"Bán gấp căn góc Times City 110m - 3PN, full nội thất. Giá siêu rẻ 9,5 tỷ.","9,5 tỷ",110 m²,"86,36 tr/m²",3,2,"Vĩnh Tuy, Hai Bà Trưng","20.99531565889183, 105.86783812070522"
42094627,18/02/2025,"Bán căn góc siêu rẻ 03PN sáng 110m tòa T08 Times City full đồ như ảnh giá chỉ 9,3 tỷ. Lh 0977 088 ***","9,3 tỷ",110 m²,"84,54 tr/m²",3,2,"Vĩnh Tuy, Hai Bà Trưng","20.996153979449474, 105.86521984546947"
42110851,18/02/2025,Bán gấp căn góc đập thông Times City 210m2 - 4PN - 3WC. Có 2 slot xe vĩnh viễn,23 tỷ,210 m²,"109,52 tr/m²",4,3,"Vĩnh Tuy, Hai Bà Trưng","20.9949556556497, 105.867911672319"
42198913,18/02/2025,"Bán căn Tập Thể Kim Ngưu ở Hai Bà Trưng, 70m2, 3 phòng ngủ full đồ, 3.X tỷ, thoáng sáng ở luôn",Giá thỏa thuận,70 m²,N/A,3,2,"Quỳnh Mai, Hai Bà Trưng","21.0003864915191, 105.861524433116"
42198688,18/02/2025,Nhà tập thể khu phân lô Đầm Trấu. Ô tô chạy vòng quanh 79m2 dưới 5 tỷ,"4,95 tỷ",79 m²,"62,66 tr/m²",N/A,N/A,"Bạch Đằng, Hai Bà Trưng","21.0117212570593, 105.864810529394"
41440267,18/02/2025,Bán căn hộ 1 phòng ngủ Vincom Bà Triệu,"9,5 tỷ",84 m²,"113,1 tr/m²",1,2,"Lê Đại Hành, Hai Bà Trưng","21.011552810668945, 105.84925842285156"
41197019,18/02/2025,Cần bán gấp căn hộ Vincom Bà Triệu 3 phòng ngủ,23 tỷ,166 m²,"138,55 tr/m²",3,3,"Lê Đại Hành, Hai Bà Trưng","21.011552810668945, 105.84925842285156"
42197498,18/02/2025,Chỉ 9.9 tỷ sở hữu căn nhà 109.5m2 full nội thất hiện đại - có slot đỗ ô tô,"9,9 tỷ","109,5 m²","90,41 tr/m²",3,2,"Vĩnh Tuy, Hai Bà Trưng","20.994251910657436, 105.86746205946629"
42197461,18/02/2025,Căn hộ 80m2 full nội thất đẹp Timecity giá thu về chỉ 6.9 tỷ,"6,9 tỷ",80 m²,"86,25 tr/m²",N/A,N/A,"Vĩnh Tuy, Hai Bà Trưng","20.99387610742057, 105.86785416330272"
41884388,18/02/2025,"Mở bán chung cư Minh Khai - Mai Động, 35 - 65m2 giá rẻ, ô tô đỗ cửa, full nội thất",Giá thỏa thuận,48 m²,N/A,2,1,"Trương Định, Hai Bà Trưng","20.9954202160403, 105.851291681557"
41766623,18/02/2025,"Chính chủ bán căn 2 ngủ 65m2, giá 4.x tỷ CC Hoà Bình Green City. LH 0936 530 ***",Giá thỏa thuận,65 m²,N/A,2,2,"Vĩnh Tuy, Hai Bà Trưng","21.001025998777198, 105.87026317551134"
42197411,18/02/2025,Không có căn rẻ T2- bán nhanh căn 95m2 2PN Hoà Bình green city giá chỉ 5.x tỉ - LH 0916 976 ***,5 tỷ,95 m²,"52,63 tr/m²",2,2,"Vĩnh Tuy, Hai Bà Trưng","20.9995194849669, 105.869995950765"
42116085,18/02/2025,"Bán gấp căn góc Đông Nam tòa Park9 diện tích 123m GIÁ CHỈ 10,5 TỶ. LH 0977 088 ***","10,5 tỷ",123 m²,"85,37 tr/m²",3,2,"Vĩnh Tuy, Hai Bà Trưng","20.996863729967313, 105.86482811940763"
42112735,18/02/2025,Bán căn góc 03PN view nhạc nước tòa T06 Times City có slot xe giá 11 tỷ. LH 0977 088 ***,11 tỷ,110 m²,100 tr/m²,3,2,"Vĩnh Tuy, Hai Bà Trưng","20.9947237683026, 105.867887904781"
40586568,18/02/2025,"Gia đình cần bán gấp căn 2PN Park Hill. DT 80m2. Giá 6,4 tỷ","6,4 tỷ",80 m²,80 tr/m²,2,N/A,"Vĩnh Tuy, Hai Bà Trưng","20.994333267211914, 105.86756134033203"
42196300,18/02/2025,"Chính chủ 2PN Park Hill - DT 79m2, giá 6.75 tỷ - BC Đông Nam, view xịn. LH: 0901 793 ***","6,75 tỷ",80 m²,"84,38 tr/m²",2,2,"Vĩnh Tuy, Hai Bà Trưng","20.99390667151018, 105.867774538771"
42196509,18/02/2025,Nhà nguyên bản. Chỉ 1.9 tỷ. Tập thể Dệt 8/3 - Quỳnh Mai - 48m2,"1,9 tỷ",48 m²,"39,58 tr/m²",2,1,"Quỳnh Mai, Hai Bà Trưng","20.9983002107612, 105.860375155292"
42195774,18/02/2025,Chính chủ bán căn hộ tập thể Nguyễn Công Trứ Q. Hai Bà Trưng,"3,25 tỷ",64 m²,"50,78 tr/m²",2,1,"Phố Huế, Hai Bà Trưng","21.0137517712674, 105.853515738266"
42195318,18/02/2025,Hàng chuyển nhượng độc quyền căn 73.5m2 view Bắc thoáng mát - giá chỉ 8.35 tỷ,"8,35 tỷ",82 m²,"101,83 tr/m²",2,2,"Vĩnh Tuy, Hai Bà Trưng","20.99434462267889, 105.86754730432693"
42195274,18/02/2025,Hàng hiếm - căn hoa hậu 2 ngủ - full nội thất hiện đại - sang trọng,"7,65 tỷ",72 m²,"106,25 tr/m²",2,2,"Vĩnh Tuy, Hai Bà Trưng","20.99657760044188, 105.86462717122828"
39676567,18/02/2025,"Giá tốt em có căn góc 3 ngủ tòa Park 12, Hai Bà Trưng, DT 122m2, giá 11.3 tỷ. LH 0979 702 ***","11,3 tỷ",122 m²,"92,62 tr/m²",3,2,"Vĩnh Tuy, Hai Bà Trưng","20.9965782165527, 105.865196228027"
42195119,18/02/2025,Hàng hiếm - bán căn hộ tập thể- lõi Hai Bà Trưng - ô tô đỗ cửa - 53m2 - giá 3.5 tỷ,"3,5 tỷ",53 m²,"66,04 tr/m²",2,1,"Vĩnh Tuy, Hai Bà Trưng","20.9990346263371, 105.871939738218"
42087129,18/02/2025,Hiếm! Chỉ 2.78 tỷ - Căn hộ 3PN riêng biệt - TT Phố Thanh Nhàn - căn góc - thoáng sáng,"2,78 tỷ",65 m²,"42,77 tr/m²",3,N/A,"Thanh Nhàn, Hai Bà Trưng","21.0058441376366, 105.85484454377"
42097313,18/02/2025,"Bán Căn 2 ngủ sáng hướng nam tại Times city giá 5,95 tỷ.Lh:0978 468 ***","5,95 tỷ",83 m²,"71,69 tr/m²",2,2,"Vĩnh Tuy, Hai Bà Trưng","20.99639785909251, 105.86571320849946"
41203127,18/02/2025,Bán căn 3 phòng ngủ sáng tại Park Hill 103m2 chỉ với 8 tỷ đồng. LH xem nhà 24/7: 0354 864 ***,8 tỷ,"112,2 m²","71,3 tr/m²",3,2,"Vĩnh Tuy, Hai Bà Trưng","20.9943332672119, 105.867561340332"
40542577,18/02/2025,Chính chủ cắt lỗ cần bán căn 2 ngủ sáng 83m2 giá chỉ 6 tỷ đồng. Liên hệ 24/7: 0354 864 ***,6 tỷ,82 m²,"73,17 tr/m²",2,2,"Vĩnh Tuy, Hai Bà Trưng","20.9943332672119, 105.867561340332"
41403027,18/02/2025,Cần Cần tiền bán gấp căn hộ 1 phòng ngủ rộng giá chỉ 4 tỷ 1 tại Park Hill xem nhà 24/24: 0354 864 ***,"4,1 tỷ",57 m²,"71,93 tr/m²",1,1,"Vĩnh Tuy, Hai Bà Trưng","20.9943332672119, 105.867561340332"
41674890,18/02/2025,Chính chủ nhượng lại căn góc 230m2 - Hoàng Thành Tower - 114 Mai Hắc Đế,38 tỷ,231 m²,"164,5 tr/m²",4,4,"Lê Đại Hành, Hai Bà Trưng","21.0123062133789, 105.845176696777"
40996931,18/02/2025,"Bán gấp 3 ngủ Park 5 Times City, giá 7 tỷ 5 bao phí, full đồ sẵn sổ. Liên hệ 0353 474 ***","7,5 tỷ",105 m²,"71,43 tr/m²",3,2,"Vĩnh Tuy, Hai Bà Trưng","20.994544590190685, 105.86838527262789"
40868669,18/02/2025,"Bán 2 ngủ full đồ đẹp đã sửa toà Park 10, giá cực tốt. Tầng trung, view bể bơi. LH 0353 474 ***",6 tỷ,68 m²,"88,24 tr/m²",2,2,"Vĩnh Tuy, Hai Bà Trưng","20.996535439164951, 105.86517781430402"
41930673,18/02/2025,Bán cắt lỗ căn 2 ngủ 76m2 có slot ô tô toà T7 Times City giá 6.2 tỷ. LH em 0353 474 ***,"6,2 tỷ",76 m²,"81,58 tr/m²",2,2,"Vĩnh Tuy, Hai Bà Trưng","20.994822367474928, 105.86775406540714"
41731496,18/02/2025,"Cần tiền bán gấp căn 83m2 2 ngủ sáng đã sửa đẹp. Chính chủ 0353 474 ***, sổ sẵn tay bán trước Tết",6 tỷ,83 m²,"72,29 tr/m²",2,2,"Vĩnh Tuy, Hai Bà Trưng","20.996837196973438, 105.86545359558166"
34447274,18/02/2025,"Bán nhanh căn góc Park Hill, DT 120m2 - tầng trung, View thoáng mát nhà mới đẹp. LH: 0901 793 ***",Giá thỏa thuận,120 m²,N/A,3,2,"Vĩnh Tuy, Hai Bà Trưng","20.9943332672119, 105.867561340332"
33944263,18/02/2025,"Cần bán nhanh căn 2PN - 90m2 - giá 7.2 tỷ, tại Times City. LH: 0901 793 ***","7,2 tỷ",90 m²,80 tr/m²,2,2,"Vĩnh Tuy, Hai Bà Trưng","20.9943332672119, 105.867561340332"
42191739,18/02/2025,"Căn hộ T4 - D1 tập thể 8 - 3 Hai Bà Tưng, Hà Nội","2,15 tỷ",35 m²,"61,43 tr/m²",2,1,"Bạch Mai, Hai Bà Trưng","20.9961856438272, 105.861973090865"
35667562,18/02/2025,"Bán 2 CHCC Green Pearl 378 Minh Khai, DT 76m2, 105m2, 2PN, 3PN, giá rẻ, LH 0913 484 ***",Giá thỏa thuận,76 m²,N/A,2,2,"Vĩnh Tuy, Hai Bà Trưng","20.9965381622314, 105.863388061523"
38708883,18/02/2025,"Bán CHCC 1505 Times City DT 75m2, 2PN, 2WC, nội thất cao cấp, giá 6,1 tỷ, LH cô Thu 0913 484 ***","6,1 tỷ",75 m²,"81,33 tr/m²",2,2,"Vĩnh Tuy, Hai Bà Trưng","20.9947910308838, 105.86784362793"
38627037,18/02/2025,"Thông báo mở bán CHCC 622 Minh Khai, căn 2PN 3PN, LH TPKD 0965 180 ***",Giá thỏa thuận,68 m²,N/A,2,2,"Minh Khai, Hai Bà Trưng","20.99801, 105.86836"
42193190,17/02/2025,Cần bán căn 2 phòng ngủ tại toà Park 11 Vinhomes Times City Park Hill.,"6,95 tỷ",75 m²,"92,67 tr/m²",2,2,"Vĩnh Tuy, Hai Bà Trưng","20.99396864435625, 105.867264545501"
39486857,17/02/2025,Chính chủ bán căn góc 3PN 105m2 tầng trung view sông Hồng tại dự án Hinode City,"8,5 tỷ",105 m²,"80,95 tr/m²",3,2,"Minh Khai, Hai Bà Trưng","20.9959945678711, 105.861267089844"
42193151,17/02/2025,Gia đình cần bán căn 3pn View chọn sông Hồng tại Park Hill - Times City.,10 tỷ,106 m²,"94,34 tr/m²",3,2,"Vĩnh Tuy, Hai Bà Trưng","20.994686207406847, 105.86766349830738"
42192442,17/02/2025,"Hoa hậu! Tập thể Bách Khoa, Hai Bà Trưng, tầng 3, lô góc, sổ to 70m2 2PN full NT chỉ 3,99 tỷ","3,99 tỷ",70 m²,57 tr/m²,2,2,"Bách Khoa, Hai Bà Trưng","21.0064972996948, 105.846686151416"
42192343,17/02/2025,"Lên sóng căn 4PN duy nhất-tầng trung, view thành phố, có 2 slot ô tô. chủ nhà thiện chí-Hinode city",Giá thỏa thuận,126 m²,N/A,4,2,"Minh Khai, Hai Bà Trưng","20.996762074314493, 105.861356575545"
42011287,17/02/2025,Em đang có nhà muốn bán trước Tết căn 2 ngủ view siêu thoáng,Giá thỏa thuận,86 m²,N/A,2,2,"Vĩnh Tuy, Hai Bà Trưng","20.99443568692257, 105.86724544248338"
42011310,17/02/2025,Bác nào đang quan tâm căn hộ 2 ngủ thì đây đúng là cơ hội không thể bỏ qua!,Giá thỏa thuận,80 m²,N/A,2,N/A,"Vĩnh Tuy, Hai Bà Trưng","20.9947832663427, 105.866805435921"
36659363,17/02/2025,"Giảm giá sốc - bán chung cư E5 Thanh Nhàn - Kim Ngưu - Hai Bà Trưng, nội thất đầy đủ, về ở ngay",915 triệu,42 m²,"21,79 tr/m²",2,2,"Thanh Nhàn, Hai Bà Trưng","21.0028350646055, 105.856475675302"
42170925,17/02/2025,Chung cư Handico 622 Minh Khai - 61m2 - nhà lô góc hướng Bắc - 4.5tỷ - 0859 168 ***,"4,5 tỷ",61 m²,"73,77 tr/m²",2,1,"Minh Khai, Hai Bà Trưng","20.9980184244606, 105.868293695643"
42190985,17/02/2025,"Bán gấp căn góc Đông Nam Park hill - 4PN - 3WC. giá siêu rẻ 13,9 tỷ full nội thất.",13 tỷ,140 m²,"92,86 tr/m²",4,3,"Vĩnh Tuy, Hai Bà Trưng","20.99424269058668, 105.86788788954719"
42112622,17/02/2025,Bán căn đập thông 200m tại tòa T03 Times City có slot xe giá chỉ 21 tỷ. LH 0977 088 ***,21 tỷ,200 m²,105 tr/m²,4,3,"Vĩnh Tuy, Hai Bà Trưng","20.994768717196088, 105.86770768831518"
42190424,17/02/2025,"Bán căn hộ 2 ngủ Park Hill Premium Hai Bà Trưng, nhỉnh 7 tỷ, 73m2, giá tốt","7,65 tỷ",73 m²,"104,8 tr/m²",2,N/A,"Vĩnh Tuy, Hai Bà Trưng","20.9968639821977, 105.865900610304"
42190345,17/02/2025,"Bán căn hộ 3PN, 2WC, 87m2 tại tòa N3 Nguyễn Công Trứ, 7,5 tỷ","7,5 tỷ",87 m²,"86,21 tr/m²",3,2,"Phố Huế, Hai Bà Trưng","21.0137566406551, 105.853451751085"
42190441,17/02/2025,Bán nhà phố Thọ Lão trung tâm Hai Bà Trưng DT 42m2 nhỉnh 3 tỷ,"3,65 tỷ",42 m²,"86,9 tr/m²",1,1,"Đồng Nhân, Hai Bà Trưng","21.011006294059, 105.857733084301"
42190292,17/02/2025,"Bán căn hộ 2PN Park Hill Premium, Minh Khai Vĩnh Tuy, Hai Bà Trưng, Hà Nội, LH Miền 0987 574 ***","7,65 tỷ",73 m²,"104,8 tr/m²",2,N/A,"Vĩnh Tuy, Hai Bà Trưng","20.9968639821977, 105.865900610304"
42190196,17/02/2025,"Chính chủ bán gấp 3 ngủ 110m2 Time city có lot ô tô vĩnh viễn, view nhạc nước, giá 10 tỷ 0384 819 ***",10 tỷ,110 m²,"90,91 tr/m²",3,2,"Vĩnh Tuy, Hai Bà Trưng","20.99407016715931, 105.86745402782802"
42190335,17/02/2025,Penthouse 700m2 - Hai Bà Trưng - Đẳng cấp doanh nhân,"26,8 tỷ",700 m²,"38,29 tr/m²",4,N/A,"Minh Khai, Hai Bà Trưng","20.9958235944843, 105.857107425158"
42190116,17/02/2025,Chủ nhà chuyển nhượng căn hộ 3PN2WC 108m2 giá cắt lỗ,"6,7 tỷ",108 m²,"62,04 tr/m²",3,2,"Vĩnh Tuy, Hai Bà Trưng","20.9962597500705, 105.873916777937"
42189533,17/02/2025,"Gia đình chuyển xuống biệt thự nên cần bán căn đập thông 200m2 tại Times City, có slot ô tô",Giá thỏa thuận,200 m²,N/A,N/A,N/A,"Vĩnh Tuy, Hai Bà Trưng","20.9947661203535, 105.867105387354"
30409921,17/02/2025,"Chính chủ cần bán căn hộ 2 phòng ngủ giá chỉ từ 7 tỷ tại Sun Ancora Residence, số 3 Lương Yên","7,8 tỷ",98 m²,"79,59 tr/m²",2,2,"Bạch Đằng, Hai Bà Trưng","21.0116748809814, 105.862678527832"
39635687,17/02/2025,Chính chủ bán căn chung cư Vinahud 536A Minh Khai 2PN 2VS 55 m2,Giá thỏa thuận,55 m²,N/A,2,2,"Vĩnh Tuy, Hai Bà Trưng","20.998477935791, 105.869430541992"
41646869,17/02/2025,"Chính chủ bán chung cư 2PN tại 93 Lò Đúc, 7,7 tỷ VND, diện tích 90m2. Liên hệ 0942 033 ***","7,7 tỷ",90 m²,"85,56 tr/m²",2,2,"Phạm Đình Hổ, Hai Bà Trưng","21.015636444091797, 105.85718536376953"
32687381,17/02/2025,Danh sách các căn hộ sổ đỏ chính chủ gửi bán 3PN tại tòa Kinh Đô 93 Lò Đúc. Nhà mới tinh chưa ở,Giá thỏa thuận,"113,5 m²",N/A,3,2,"Phạm Đình Hổ, Hai Bà Trưng","21.0156364440918, 105.85718536377"
40992172,17/02/2025,"Bán căn đập thông tòa T18, DT 200m2. Times City Hai Bà Trưng Hà Nội. Giá 21 tỷ",21 tỷ,195 m²,"107,69 tr/m²",4,3,"Vĩnh Tuy, Hai Bà Trưng","20.9943332672119, 105.867561340332"
28096266,17/02/2025,"Gia đình cần bán nhanh CH 118m2 3PN toà vip Park 11 - Park Hill Premium, giá thỏa thuận, bao phí",9 tỷ,118 m²,"76,27 tr/m²",3,2,"Vĩnh Tuy, Hai Bà Trưng","20.99621322927641, 105.86573715611992"
42188906,17/02/2025,Chính chủ bán chung cư Minh Khai - Hai Bà Trưng 100m2 - 3 ngủ - giá tốt,"5,6 tỷ",100 m²,56 tr/m²,3,3,"Minh Khai, Hai Bà Trưng","20.9950559490215, 105.856925146022"
42107211,17/02/2025,"Bán CHCC 250 Minh Khai . Dt 75m2 chia 2 ngủ . Giá 4,xxtỷ","4,8 tỷ",75 m²,64 tr/m²,2,2,"Minh Khai, Hai Bà Trưng","20.993450564306425, 105.85716584102778"
42085057,17/02/2025,Mở bán - chung cư giá rẻ N1 Minh Khai - Kim Ngưu - Hai Bà Trưng - full nội thất,800 triệu,35 m²,"22,86 tr/m²",1,1,"Thanh Lương, Hai Bà Trưng","21.0030728208292, 105.869657293174"
42157603,17/02/2025,Bán căn hộ tập thể 2pn 1wc tập thể tông tấn xã bạch mai tầng trung 2.2 tỷ,"2,2 tỷ",50 m²,44 tr/m²,N/A,N/A,"Bạch Mai, Hai Bà Trưng","20.9977375251837, 105.850467189132"
42187531,17/02/2025,"Chính chủ bán gấp căn góc Park Hill Premium 95m2 - 3PN, giá 9,1 tỷ full nội thất","9,1 tỷ",95 m²,"95,79 tr/m²",3,2,"Vĩnh Tuy, Hai Bà Trưng","20.99629208529884, 105.86435572995912"
42187110,17/02/2025,"Bán căn 03PN hướng Đông tại Park Hill, diện tích 106m2 giá 10 tỷ. LH 0977 088 ***",10 tỷ,106 m²,"94,34 tr/m²",3,2,"Vĩnh Tuy, Hai Bà Trưng","20.9938795799654, 105.867540342938"
42179926,17/02/2025,"Hiếm! Tập thể Thanh Nhàn 55m2, full nội thất, ô tô đỗ chân toà. Nhỉnh 2 tỷ. 0395 372 ***","2,35 tỷ",55 m²,"42,73 tr/m²",2,1,"Thanh Nhàn, Hai Bà Trưng","21.0029736180355, 105.856313913594"
40930431,17/02/2025,"Chính chủ bán căn hộ 2PN - Times City, tầng trung, ban công Nam, có slot ô tô. Giá 6.2 tỷ","6,2 tỷ",76 m²,"81,58 tr/m²",2,2,"Vĩnh Tuy, Hai Bà Trưng","20.996578216552734, 105.86519622802734"
41509970,17/02/2025,"Em chính chủ bán căn góc 3PN - Times City DT 110m2, ban công Đông Nam, nhà đẹp như ảnh. Giá 9 tỷ",9 tỷ,110 m²,"81,82 tr/m²",3,2,"Vĩnh Tuy, Hai Bà Trưng","20.9947910308838, 105.86784362793"
39193723,17/02/2025,Quỹ căn hộ chuyển nhượng Green Pearl 378 Minh Khai giá tốt năm 2025,Giá thỏa thuận,88 m²,N/A,3,2,"Vĩnh Tuy, Hai Bà Trưng","20.9965381622314, 105.863388061523"
42185633,17/02/2025,"Cần Bán 2PN 82m2 hướng Đông Nam, view Times City giá nét 6,x tỷ Full Đồ tại Imperia ( trục 17 )","6,9 tỷ",82 m²,"84,15 tr/m²",2,2,"Vĩnh Tuy, Hai Bà Trưng","20.998623415287355, 105.86724994224443"
41726702,17/02/2025,"Bán căn hộ 2PN tại chung cư 536A Minh Khai, giá thỏa thuận, 73m2",Giá thỏa thuận,73 m²,N/A,2,2,"Vĩnh Tuy, Hai Bà Trưng","20.998478, 105.86943"
42022716,17/02/2025,"Bán căn hộ 2PN, 74m2, giá nhỉnh 4 tỷ tại Thăng Long Garden, Minh Khai, Hai Bà Trưng, Hà Nội",Giá thỏa thuận,74 m²,N/A,2,2,"Minh Khai, Hai Bà Trưng","20.9933046442129, 105.857167432937"
42097664,17/02/2025,"Bán nhà đẹp phố Kim Ngưu, 75m2, 2 ngủ đủ công năng, tặng toàn bộ nội thất","2,5 tỷ",75 m²,"33,33 tr/m²",2,1,"Quỳnh Mai, Hai Bà Trưng","21.0003094436783, 105.861590780379"
42185181,17/02/2025,Em cần bán căn hộ 1PN 53m2 Times City đầy đủ nội thất LH 0975 695 ***,"4,65 tỷ",53 m²,"87,74 tr/m²",1,1,"Vĩnh Tuy, Hai Bà Trưng","20.9943984838288, 105.867053808308"
42185513,17/02/2025,"Cực hiếm - bán TT Trần Đại Nghĩa - tầng 3 - 50/115m x 3PN/2WC ôtô dừng đỗ - ở cực sướng - giá 5,5tỷ","5,5 tỷ",115 m²,"47,83 tr/m²",3,2,"Bách Khoa, Hai Bà Trưng","21.0055559545702, 105.845851734386"
42099749,17/02/2025,"Bán cặp căn góc đập thông 212m2 4PN Times City, Hướng ĐN, Giá 24,5 tỷ bao phí. LH: 0962 984 ***","24,5 tỷ",185 m²,"132,43 tr/m²",4,4,"Vĩnh Tuy, Hai Bà Trưng","20.994333267211914, 105.86756134033203"
40893413,17/02/2025,"Bán căn hộ 95 m2, tầng trung, nội thất cơ bản","5,8 tỷ",95 m²,"61,05 tr/m²",3,2,"Vĩnh Tuy, Hai Bà Trưng","21.000737705142, 105.870278431689"
42184898,17/02/2025,Rẻ nhất thị Trường! Căn góc 02PN tòa Park5 tầng 12 siêu đẹp giá chỉ 6.65 tỷ. lh 0977 088 ***,"6,65 tỷ",75 m²,"88,67 tr/m²",2,2,"Vĩnh Tuy, Hai Bà Trưng","20.997324446139515, 105.86530720605882"
42099957,17/02/2025,Bán căn 02PN sáng 83m2 view nhạc nước tại tòa T08 Times City giá chỉ 6 tỷ. LH 0977 088 ***,6 tỷ,83 m²,"72,29 tr/m²",2,2,"Vĩnh Tuy, Hai Bà Trưng","20.994784175928245, 105.8678498223014"
39879828,17/02/2025,"Cần tiền bán nhanh căn 2 ngủ, full đồ,sẵn sổ, view thành phố, giá 7 tỷ có slot ô tô (Chủ thiện chí)",7 tỷ,82 m²,"85,37 tr/m²",2,2,"Minh Khai, Hai Bà Trưng","20.995995, 105.86127"
41270784,17/02/2025,"Bán căn hộ 2PN, full đồ, sẵn sổ, view City (siêu hiếm), giá 5.1 tỷ tại Imperia Sky Garden","5,1 tỷ",58 m²,"87,93 tr/m²",2,1,"Vĩnh Tuy, Hai Bà Trưng","20.9984378814697, 105.866737365723"
41320355,17/02/2025,"Căn hộ Times City - Park Hill DT 90m2 với 2PN rộng giá chỉ 7,2 tỷ. LH: 0901 793 ***","7,1 tỷ",90 m²,"78,89 tr/m²",2,2,"Vĩnh Tuy, Hai Bà Trưng","20.997758276934, 105.866838898693"
42179109,17/02/2025,"Cán hộ sát hồ Hai Bà Trưng đẹp & trung tâm, cách hồ gươm chỉ 1 km","2,2 tỷ",40 m²,55 tr/m²,2,1,"Đồng Nhân, Hai Bà Trưng","21.0117150156109, 105.856548814087"
42184279,17/02/2025,"Bán căn hộ CCMN 2 ngủ, cách ngã tư Vọng, vài bước ra mặt phố, 50m2, nhỉnh 1.5 tỷ. Full nội thất","1,5 tỷ",50 m²,30 tr/m²,2,N/A,"Trương Định, Hai Bà Trưng","20.9971809356444, 105.842324206362"
42178823,17/02/2025,"Chính chủ bán nhà tập thể Giải Phóng, Bách Khoa, sổ 55m2, SD 90m2, 3 ngủ, 2wc, nhà đẹp, ở ngay","3,6 tỷ",90 m²,40 tr/m²,3,2,"Bách Khoa, Hai Bà Trưng","21.0038440046303, 105.841051974364"
42098296,17/02/2025,Bán căn 2PN2WC tòa T1 76m2 view thoáng 6tỷ,6 tỷ,76 m²,"78,95 tr/m²",2,2,"Vĩnh Tuy, Hai Bà Trưng","20.994283537094326, 105.86847431438865"
40150828,17/02/2025,"Rẻ nhất thị trường CH góc 3PN sáng 110.3m2 Times City - có slot ô tô, view quả trường",Giá thỏa thuận,"110,3 m²",N/A,3,2,"Vĩnh Tuy, Hai Bà Trưng","20.9943332672119, 105.867561340332"
42011610,17/02/2025,"Bán tập thể Q100, Trần Đại Nghĩa, TT Hai Bà Trưng, tầng 2 x 2PN, căn góc 3 thoáng, chỉ 4,15 tỷ","4,15 tỷ",79 m²,"52,53 tr/m²",2,1,"Bách Khoa, Hai Bà Trưng","21.0056090847596, 105.845461749236"
42183082,16/02/2025,"Bán CC tại Sky Light, Minh Khai, 6,1 tỷ, 100m2, giá siêu hời","6,1 tỷ",100 m²,61 tr/m²,3,2,"Minh Khai, Hai Bà Trưng","20.996904019994624, 105.85467069628831"
42170876,16/02/2025,"Bán căn 3PN, gần 120m2, chỉ hơn 9 tỷ rẻ nhất thị trường. LH E: 0813 489 ***","9,3 tỷ",117 m²,"79,49 tr/m²",3,2,"Vĩnh Tuy, Hai Bà Trưng","20.9949623430393, 105.867335827237"
42181689,16/02/2025,Bán gấp căn hộ tập thể Phố Thanh Nhàn. 2.39 tỷ. 2PN 1WC khép kín - 52m2 - Full nội thất,"2,39 tỷ",52 m²,"45,96 tr/m²",2,1,"Bạch Mai, Hai Bà Trưng","21.0030410958766, 105.853729565902"
42180960,16/02/2025,"Chính chủ tôi cần bán gấp căn hộ 2PN, 95m2 tại Times City, nhỉnh 8 tỷ, giá ưu đãi nhất Times City",Giá thỏa thuận,95 m²,N/A,3,2,"Vĩnh Tuy, Hai Bà Trưng","20.995094070705044, 105.86768752052734"
42031446,16/02/2025,"Chính chủ bán, căn hộ TT tầng 2, phố Bùi Ngọc Dương, sử dụng 68m2. Ô tô đỗ chân cầu thang. 2,95tỷ","2,95 tỷ",68 m²,"43,38 tr/m²",3,1,"Bạch Mai, Hai Bà Trưng","21.0002967510606, 105.852904434392"
42074028,16/02/2025,Chính chủ bán gấp trước Tết Penthouse Hoàng Thành Tower 435m2,95 tỷ,435 m²,"218,39 tr/m²",N/A,N/A,"Lê Đại Hành, Hai Bà Trưng","21.012548532527386, 105.84490401637619"
41934334,16/02/2025,"Bán căn góc 3PN 140m2 view sông Hồng Hòa Bình Green 505 Minh Khai giá chào 8,84 tỷ","8,8 tỷ",140 m²,"62,86 tr/m²",3,3,"Vĩnh Tuy, Hai Bà Trưng","21.0000123031551, 105.869910186901"
39508032,16/02/2025,Cần bán gấp căn hộ 1PN Times City full đồ nội thất đẹp. Liên hệ: 0989 701 ***,"4,9 tỷ",53 m²,"92,45 tr/m²",1,1,"Vĩnh Tuy, Hai Bà Trưng","20.9947910308838, 105.86784362793"
42176475,16/02/2025,"Duy nhất 1 căn tập thể Hai Bà Trưng 40m2, giá 2.1 tỷ, gần ô tô. Rẻ nhất khu vực. 0395 372 ***","2,1 tỷ",40 m²,"52,5 tr/m²",2,1,"Thanh Nhàn, Hai Bà Trưng","20.9986386011158, 105.860466326158"
42098291,15/02/2025,"Bán căn hộ 622 Phố Minh Khai, cạnh Times City 70m2, 2 phòng ngủ, giá chỉ 4.5 tỷ","4,5 tỷ",70 m²,"64,29 tr/m²",2,N/A,"Minh Khai, Hai Bà Trưng","20.9983387501702, 105.86789929817"
41962642,15/02/2025,"Bán căn hộ tập thể phố Lò Đúc, quận Hai Bà Trưng. (Thông tin chính xác)","1,98 tỷ",40 m²,"49,5 tr/m²",N/A,N/A,"Đồng Nhân, Hai Bà Trưng","21.0182309228643, 105.855157973955"
41991791,15/02/2025,"Bán căn CC 129D Trương Định Complex, căn góc, 102m2, 3PN, nhà đẹp 4.85 tỷ","4,85 tỷ",102 m²,"47,55 tr/m²",3,2,"Trương Định, Hai Bà Trưng","20.9944328625729, 105.846471794836"
42176597,15/02/2025,Chủ nhà chuyển nhượng căn hộ 3PN2WC 108m2 giá cắt lỗ,"6,7 tỷ",108 m²,"62,04 tr/m²",3,2,"Vĩnh Tuy, Hai Bà Trưng","20.99643442013811, 105.87381383794498"
39054698,15/02/2025,"Căn hộ Sunshine Garden 3PN - 94m2 giá 6,660 tỷ nhà nguyên bản, bao phí sang tên","6,66 tỷ",94 m²,"70,85 tr/m²",3,2,"Vĩnh Tuy, Hai Bà Trưng","20.9966850280762, 105.873847961426"
39757742,15/02/2025,"Chính chủ gia đình tôi bán gấp căn hộ 2PN toà Park 10 Park Premium, nội thất cao cấp. Giá 5.85 tỷ","5,85 tỷ",70 m²,"83,57 tr/m²",2,2,"Vĩnh Tuy, Hai Bà Trưng","20.9965782165527, 105.865196228027"
42176032,15/02/2025,Tôi cần bán lại căn hộ 1 phòng ngủ 4.xtỷ full nội thất tại Vinhomes Times City,"4,8 tỷ",53 m²,"90,57 tr/m²",1,1,"Vĩnh Tuy, Hai Bà Trưng","20.993956517918, 105.867864671945"
41790758,15/02/2025,"Bán gấp căn hộ 60m2, 2 mặt tiền, tại 114 E1 Quỳnh Mai siêu gần văn phòng, giá chỉ 4,8 tỷ","4,8 tỷ",60 m²,80 tr/m²,2,1,"Quỳnh Mai, Hai Bà Trưng","21.0004142246463, 105.861575941224"
42002389,15/02/2025,Bán căn hộ 4pn 141m2 giá chỉ 9ty8 Sunshine Garden. e Cường 0976 044 ***,"9,8 tỷ",141 m²,"69,5 tr/m²",4,2,"Vĩnh Tuy, Hai Bà Trưng","20.997290113438115, 105.87389212300015"
42175788,15/02/2025,Bán rẻ căn 2PN 70m2 Hoà Bình green city giá TỐT nhà mới 99% như ảnh,Giá thỏa thuận,70 m²,N/A,2,2,"Vĩnh Tuy, Hai Bà Trưng","20.99982354099873, 105.87035969931702"
41960316,15/02/2025,Bán căn 3PN Tại Hoà Bình Green City rẻ nhất trục Minh Khai chỉ nhỉnh 6 tỷ,"6,4 tỷ",108 m²,"59,26 tr/m²",2,2,"Vĩnh Tuy, Hai Bà Trưng","20.9994450541626, 105.86981268637"
40976104,15/02/2025,"Chính chủ bán gấp căn hộ 113m2 tòa Lilama 124 Minh Khai, Hai Bà Trưng, căn góc cực thoáng mát","6,25 tỷ",113 m²,"55,31 tr/m²",2,2,"Minh Khai, Hai Bà Trưng","20.994713, 105.853065"
41561752,15/02/2025,"Hàng hiếm tại Vinhomes Times City - Park Hill, 7,6 tỷ VND, 95m2, 3PN, 2WC","7,6 tỷ",95 m²,80 tr/m²,3,2,"Vĩnh Tuy, Hai Bà Trưng","20.9978450045336, 105.866895206669"
42174150,15/02/2025,"Bán CC Times City - Park Hill, 9,6 tỷ, 110m2, 3PN, 2WC, đầy đủ tiện ích tại Minh Khai, Hai Bà Trưng","9,6 tỷ",110 m²,"87,27 tr/m²",3,2,"Vĩnh Tuy, Hai Bà Trưng","20.994452907314827, 105.86787201080067"
41936457,15/02/2025,"Bán nhà TT siêu hiếm tầng 1 Quỳnh Mai 45m2 - 4,5 tỷ - kinh doanh","3,5 tỷ",45 m²,"77,78 tr/m²",2,1,"Quỳnh Mai, Hai Bà Trưng","21.0008650415836, 105.860534375212"
38008129,15/02/2025,"Em chính chủ cần bán gấp căn 2 PN tòa P10- Park Hill 80m2, giá 5.8 tỷ (Miễn trung gian) nhà như ảnh","6,8 tỷ",80 m²,85 tr/m²,2,2,"Vĩnh Tuy, Hai Bà Trưng","20.9965782165527, 105.865196228027"
41920130,15/02/2025,"Cần bán CH 82m2 2PN 2WC giá 5.1 tỷ tòa 141 Trương Định, P Trương Định Q Hai Bà Trưng","5,1 tỷ","82,2 m²","62,04 tr/m²",2,2,"Trương Định, Hai Bà Trưng","20.991148109152, 105.849517718206"
41585810,15/02/2025,"Bán căn 83m2 Times City full nội thất mới, giá: 6.9 tỷ","7,25 tỷ",83 m²,"87,35 tr/m²",2,2,"Vĩnh Tuy, Hai Bà Trưng","20.994791030883789, 105.86784362792969"
34334097,15/02/2025,"Bán căn góc 4 phòng ngủ hướng Đông Nam tại Park Hill - Vinhomes Times City, giá 9.2 tỷ. 0898 899 ***","9,2 tỷ",143 m²,"64,34 tr/m²",4,3,"Vĩnh Tuy, Hai Bà Trưng","20.9943332672119, 105.867561340332"
42173620,15/02/2025,160tr/ Mét cho căn hộ dòng tiền lên đến 6%/năm tọa lạc tại mặt phố Dương Văn Bé đầu minh khai,"18,5 tỷ",115 m²,"160,87 tr/m²",11,11,"Minh Khai, Hai Bà Trưng","20.9958560511496, 105.85712515552"
41271650,15/02/2025,"Cần bán nhanh căn 2PN 90m2 Times City. View thoáng, LH em: 0901 793 ***","7,1 tỷ",90 m²,"78,89 tr/m²",2,2,"Vĩnh Tuy, Hai Bà Trưng","20.994333267211914, 105.86756134033203"
42172678,15/02/2025,"BÙNG NỔ CĂN HỘ 2PN SỬA 3PN, GIÁ TỐT NHẤT KHU VỰC 9,2 TỶ, TẦNG TRUNG, CHẬM LÀ MẤT LH: 0985 566 ***","9,2 tỷ",107 m²,"85,98 tr/m²",3,2,"Vĩnh Tuy, Hai Bà Trưng","20.9967748994358, 105.8650637933639"
42172665,15/02/2025,"Bán nhà pháp cổ Hồ Xuân Hương, diện tích 150m2 sử dụng, 3 ngủ 3 WC, sổ to chính chủ - 5.5 tỷ","5,5 tỷ",150 m²,"36,67 tr/m²",3,3,"Nguyễn Du, Hai Bà Trưng","21.0181218723309, 105.848288613846"
41527329,14/02/2025,Cam kết không ảo chính chủ bán cán hộ sát Time City 68m2 giá 4.1 tỷ,"4,1 tỷ",68 m²,"60,29 tr/m²",2,1,"Minh Khai, Hai Bà Trưng","20.99801, 105.86836"
42079882,14/02/2025,"Bán căn góc hoa hậu 3 phòng ngủ toà T8 Vinhomes Times City - ngôi nhà tài lộc, hạnh phúc","9,6 tỷ",110 m²,"87,27 tr/m²",3,N/A,"Vĩnh Tuy, Hai Bà Trưng","20.99480009841803, 105.86808318210358"
42169128,14/02/2025,Bán 3PN 109m2 T3 TimesCity full đồ mới có slot ôtô view nhạc nước. Giá 10 tỷ. Liên hệ: 0862 508 ***,10 tỷ,109 m²,"91,74 tr/m²",3,2,"Vĩnh Tuy, Hai Bà Trưng","20.9947065015313, 105.868780929252"
41935310,14/02/2025,"Bán gấp CH Park Hill 2PN, 2WC. Giá siêu rẻ 6,2 tỷ full nội thất cao cấp","6,2 tỷ",68 m²,"91,18 tr/m²",2,2,"Vĩnh Tuy, Hai Bà Trưng","20.994382913470865, 105.86709458239585"
42170772,14/02/2025,"Bán gấp căn đập thông Times City 4PN - 3WC. Giá siêu rẻ 13,9 tỷ full đồ","13,9 tỷ",137 m²,"101,46 tr/m²",4,3,"Vĩnh Tuy, Hai Bà Trưng","20.994795095859292, 105.867819375032"
42170373,14/02/2025,"Bán nhà tập thể làm homstay, Nguyễn Bỉnh Khiêm, Hai Bà Trưng, 150m2, 4 ngủ, 2WC, DT 60tr/tháng","5,4 tỷ",150 m²,36 tr/m²,4,2,"Nguyễn Du, Hai Bà Trưng","21.0167947500306, 105.848159427098"
41779130,14/02/2025,"Bán căn 1PN tòa Park 3 Times City, giá 5,1 tỷ. LH E Tài: 0813 489 ***","5,1 tỷ",53 m²,"96,23 tr/m²",1,1,"Vĩnh Tuy, Hai Bà Trưng","20.9945964048376, 105.867740220432"
42163536,14/02/2025,Bán nhà tập thể Dương Văn Bé 145m2 - 3 tầng - ngõ ô tô đỗ - 5 tỷ,5 tỷ,145 m²,"34,48 tr/m²",4,3,"Vĩnh Tuy, Hai Bà Trưng","20.9959491098289, 105.874380268331"
41764437,14/02/2025,"Cần bán gấp căn đập thông 162m2 toà Park 8, giá 16, x tỷ bao phí. LH E: 0813 489 ***","16,5 tỷ",162 m²,"101,85 tr/m²",4,4,"Vĩnh Tuy, Hai Bà Trưng","20.994333267211914, 105.86756134033203"
41770725,14/02/2025,"Bán căn hộ Amber Riverside view sông hồng, 74m2, giá thỏa thuận",Giá thỏa thuận,74 m²,N/A,2,2,"Vĩnh Tuy, Hai Bà Trưng","20.9979934980979, 105.87015106355"
39717438,14/02/2025,Hiếm bán 2PN 2VS góc 66m2 Thăng Long Garden 250 Minh Khai,Giá thỏa thuận,66 m²,N/A,2,2,"Minh Khai, Hai Bà Trưng","20.9939422607422, 105.857109069824"
42169167,14/02/2025,Siêu rẻ! Căn 3 ngủ tầng trung hướng Nam tại Times City giá chỉ 8.050 tỷ - đủ đồ. LH: 0978 468 ***,"8,05 tỷ",95 m²,"84,74 tr/m²",3,2,"Vĩnh Tuy, Hai Bà Trưng","20.99725416329214, 105.86564221617141"
37721642,14/02/2025,"Siêu rẻ bán căn hộ 2PN, 2VS tòa Park 6, Times City. Giá 6.7 ỷ. LH 0979 702 ***","6,7 tỷ",80 m²,"83,75 tr/m²",2,2,"Vĩnh Tuy, Hai Bà Trưng","20.9943332672119, 105.867561340332"
42169056,14/02/2025,"Bán căn góc 03PN sáng 110m tầng 19 tòa T08 Times City giá chỉ 9,6 tỷ. lh 0977 088 ***","9,6 tỷ",110 m²,"87,27 tr/m²",3,2,"Vĩnh Tuy, Hai Bà Trưng","20.996497072088545, 105.86536886259393"
40162884,14/02/2025,"Trực tiếp CĐT bán 3 căn hộ duy nhất mới 100% chưa ở, suất ngoại giao CC Kinh Đô 93 Lò Đúc.",Giá thỏa thuận,"113,5 m²",N/A,3,2,"Phạm Đình Hổ, Hai Bà Trưng","21.0156364440918, 105.85718536377"
42011179,14/02/2025,Bán gấp căn hộ 2PN tầng 15 Times cơ hội không thể bỏ lỡ!,Giá thỏa thuận,98 m²,N/A,N/A,N/A,"Vĩnh Tuy, Hai Bà Trưng","20.9941995185848, 105.867541074613"
42167058,14/02/2025,Chủ nhà chuyển nhượng căn hộ 1PN1WC 46m2 giá rẻ nhất thị trường,"3,9 tỷ",46 m²,"84,78 tr/m²",1,1,"Vĩnh Tuy, Hai Bà Trưng","20.9967454034462, 105.873102762827"
42166994,14/02/2025,Chủ nhà chuyển nhượng căn hộ 3PN2WC giá cắt lỗ,"6,7 tỷ",108 m²,"62,04 tr/m²",3,2,"Vĩnh Tuy, Hai Bà Trưng","20.996711260286137, 105.87381861787216"
40849465,14/02/2025,"Chính chủ bán gấp căn 143m2 diện tích Park Hill Time City. Giá 12 tỷ, LH. 0348 315 ***",12 tỷ,143 m²,"83,92 tr/m²",4,3,"Vĩnh Tuy, Hai Bà Trưng","20.994333267211914, 105.86756134033203"
41874632,14/02/2025,Chính chủ cần bán căn 1PN - 45m2 - CC Sunshine Garden - LH: 0981 618 ***,"3,85 tỷ",45 m²,"85,56 tr/m²",1,1,"Vĩnh Tuy, Hai Bà Trưng","20.996761739573628, 105.87378008517013"
41875193,14/02/2025,Chính chủ bán căn hộ chung cư Minh Khai - 50tr/m2 - 4PN - 3VS - 128m2,7 tỷ,128 m²,"54,69 tr/m²",3,2,"Vĩnh Tuy, Hai Bà Trưng","20.9966012158631, 105.873012807584"
42088947,14/02/2025,"Bán gấp căn 01PN tại tòa T09 Times City giá chỉ 4,55 tỷ. LH 0977 088 ***","4,55 tỷ",53 m²,"85,85 tr/m²",1,1,"Vĩnh Tuy, Hai Bà Trưng","20.994336926843626, 105.86782113106507"
41874777,14/02/2025,Tôi cần bán căn chung cư Sunshine Garden - 50 triệu/m2 - LH: 0981 618 ***,"6,4 tỷ",128 m²,50 tr/m²,4,3,"Vĩnh Tuy, Hai Bà Trưng","20.9962627219964, 105.873052369928"
40996608,14/02/2025,"Bán gấp căn 03PN, 120m2 hướng Nam, view thoáng tại Park 11 Times City giá 11 tỷ. LH 0977 088 ***",11 tỷ,120 m²,"91,67 tr/m²",3,N/A,"Vĩnh Tuy, Hai Bà Trưng","20.9965782165527, 105.865196228027"
39316405,14/02/2025,"CHCC Hoàng Thành Tower sát Vincom Bà Triệu 85m2, giá 7.3 tỷ, ở luôn trung tâm","7,3 tỷ",85 m²,"85,88 tr/m²",2,2,"Lê Đại Hành, Hai Bà Trưng","21.012306213378906, 105.84517669677734"
42093356,14/02/2025,"Mở bán - chung cư H3 Lĩnh Nam - Tam Trinh 36 - 55m2, full nội thất, ở ngay tặng vàng 24k",750 triệu,36 m²,"20,83 tr/m²",1,1,"Vĩnh Tuy, Hai Bà Trưng","20.9945240087334, 105.86279588802"
41282069,14/02/2025,Căn hộ 3 phòng ngủ Imperia Sky Garden giá chỉ 7 tỷ VND tại Hai Bà Trưng,7 tỷ,87 m²,"80,46 tr/m²",3,2,"Vĩnh Tuy, Hai Bà Trưng","20.9984378814697, 105.866737365723"
40392616,14/02/2025,"Bán căn hộ tầng 3 biệt thự Pháp Cổ, 150m2, lô góc thoáng sáng. 3 ngủ 2VS. Đối diện bãi gửi xe","5,5 tỷ",150 m²,"36,67 tr/m²",3,2,"Nguyễn Du, Hai Bà Trưng","21.0170112, 105.8484583"
40081413,14/02/2025,"Bán căn diện tích 380m2 tòa nhà Vincom Bà Triệu, Hai Bà Trưng, Hà Nội liên hệ 0942 033 ***",Giá thỏa thuận,380 m²,N/A,N/A,N/A,"Lê Đại Hành, Hai Bà Trưng","21.0115528106689, 105.849258422852"
41932292,14/02/2025,Gia đình cần bán nhanh căn hộ 108m2 Times City - giá 8.8 tỷ. View quảng trường LH: 0901 793 ***,"8,8 tỷ",108 m²,"81,48 tr/m²",2,2,"Vĩnh Tuy, Hai Bà Trưng","20.994640395982962, 105.86697987496837"
42161747,14/02/2025,"Cần tiền bán gấp căn Times City 83m2 - 2PN. Giá siêu rẻ 6,1 tỷ. Full đồ","6,1 tỷ",83 m²,"73,49 tr/m²",2,2,"Vĩnh Tuy, Hai Bà Trưng","20.9947975142691, 105.867703855916"
28357256,14/02/2025,Bán căn hộ 4PN tầng trung giá tốt nhất dự án Amber Riverside 622 Minh Khai: LH 0946 437 *** Em Hải,Giá thỏa thuận,153 m²,N/A,4,3,"Vĩnh Tuy, Hai Bà Trưng","20.9984855651855, 105.868659973145"
42159888,13/02/2025,"Bán căn 3PN - 93m2 nhà đẹp view Sông Hồng cầu Vĩnh Tuy, giá bán 6,15 tỷ có gia lộc lh 0398 930 ***","6,15 tỷ",93 m²,"66,13 tr/m²",3,2,"Vĩnh Tuy, Hai Bà Trưng","20.998844319345903, 105.87629024145248"
41927945,12/02/2025,Gia chủ bán gấp căn 2 ngủ Hinode City để giá RẺ nhất thị trường.,7 tỷ,80 m²,"87,5 tr/m²",2,2,"Minh Khai, Hai Bà Trưng","20.9965166143439, 105.861870238125"
41958450,12/02/2025,Chính chủ nhượng lại căn góc 230m2 - Hoàng Thành Tower - 114 Mai Hắc Đế,Giá thỏa thuận,230 m²,N/A,5,4,"Lê Đại Hành, Hai Bà Trưng","21.012297408990914, 105.84499444454539"
42124672,12/02/2025,"Bán gấp căn hộ 40m2 x 2 tầng trung tâm Bạch Mai, Hai Bà Trưng, Hà Nội",3 tỷ,40 m²,75 tr/m²,2,2,"Bạch Mai, Hai Bà Trưng","20.9999577227047, 105.853197407544"
42077176,12/02/2025,"Căn hộ Times City - Park Hill, 112m2 12tyX VIP nhất quận Hai Bà Trưng","12,2 tỷ",112 m²,"108,93 tr/m²",3,2,"Vĩnh Tuy, Hai Bà Trưng","20.996767731619471, 105.86501224260824"
41911400,10/02/2025,Cần bán căn hộ H5 tầng 2 tập thể Nguyễn Công Trứ,"3,2 tỷ",60 m²,"53,33 tr/m²",2,1,"Phố Huế, Hai Bà Trưng","21.0140963881873, 105.853337399894"
38020913,09/02/2025,"Bán căn 3PN chung cư Amber Riverside, Hai Bà Trưng","8,65 tỷ",98 m²,"88,26 tr/m²",3,2,"Vĩnh Tuy, Hai Bà Trưng","20.9982109069824, 105.870994567871"
41800609,09/02/2025,"Bán căn hộ A6 tầng 3 TT 8 - 3 Quỳnh Mai - 80m2 - 3,19 tỷ - full nội thất - ô tô","3,19 tỷ",80 m²,"39,88 tr/m²",3,2,"Quỳnh Mai, Hai Bà Trưng","20.998624242899, 105.860520762516"
42094116,08/02/2025,"Bán gấp căn hộ 2PN tại Thăng Long Garden, 4,95 tỷ, 74,2m2","4,95 tỷ","74,2 m²","66,71 tr/m²",2,2,"Minh Khai, Hai Bà Trưng","20.99381573490976, 105.85768030300171"
40759680,08/02/2025,Bán Duplex/penthouse vip tại Hoàng Thành Tower biệt thự trên không tại trung tâm phố cổ - Tin thật,95 tỷ,460 m²,"206,52 tr/m²",3,4,"Lê Đại Hành, Hai Bà Trưng","21.012173984942923, 105.84515258582164"
42112345,07/02/2025,"Bán căn hộ tầng 4, tập thể 8/3, 60 m2, sổ đỏ chính chủ. 2,85 tỷ","2,85 tỷ",60 m²,"47,5 tr/m²",2,1,"Quỳnh Mai, Hai Bà Trưng","20.9982114693397, 105.86057634328"
42101249,06/02/2025,BÁ.N CĂN 2PN 70M2 - 4 TỶ 2 - FULL NỘI THẤT - HÒA BÌNH GREEN CITY - 505 MINH KHAI,"4,2 tỷ",70 m²,60 tr/m²,2,2,"Vĩnh Tuy, Hai Bà Trưng","21.000266128080213, 105.87006750609029"
32862648,06/02/2025,Bán 3 căn hộ duy nhất mới 100% 3PN sổ đỏ suất ngoại giao CC Kinh Đô Building 93 Lò Đúc 0963 180 ***,"8,04 tỷ","113,5 m²","70,8 tr/m²",3,2,"Phạm Đình Hổ, Hai Bà Trưng","21.0156364440918, 105.85718536377"
42098578,05/02/2025,"Chính chủ gửi bán căn hộ góc tại tòa ParkHill thiết kế như ảnh. 2 ngủ, 2 vệ sinh 75m. LH 0869 221 ***","6,5 tỷ",75 m²,"86,67 tr/m²",2,2,"Vĩnh Tuy, Hai Bà Trưng","20.994365470352587, 105.86754546978008"42272801,28/02/2025,"Danh sách căn hộ bán rẻ nhất Times City Tháng 03/2025, có sổ hồng, mua bán chính chủ LH 0968 602 ***","7,4 tỷ",95 m²,"77,9 tr/m²",3,2,·,"20.99442320394055, 105.86811411170704"
41938029,26/02/2025,Chính chủ bán 6 căn hộ chung cư Sunshine Garden từ 1N - 4N giá tốt - Liên hệ em Tuấn Anh 0889 108 ***,"6,4 tỷ",129 m²,"49,61 tr/m²",4,3,·,"20.9962026413398, 105.873104915798"
38151266,25/02/2025,Bán Cắt lỗ 200-800tr/căn chính chủ - Vinhomes Times City gửi danh sách CH chuyển nhượng giá rẻ nhất,"7,5 tỷ","95,6 m²","78,45 tr/m²",3,2,·,"20.994804306568533, 105.86802538258785"
39025009,24/02/2025,Mua bán chung cư cao cấp giá rẻ Hà Nội Sunshine Garden cạnh Times City - Hai Bà Trưng - 0812 395 ***,"6,5 tỷ",108 m²,"60,18 tr/m²",3,2,·,"20.997291327264122, 105.87419767607673"
42034096,24/02/2025,"Bán CC Times City, Minh Khai, 108m2 tràn ngập ánh sáng, giá thỏa thuận, 2PN, 2WC",Giá thỏa thuận,108 m²,N/A,N/A,N/A,·,"20.9947507777791, 105.867564887491"
24284258,04/03/2025,"Bán chuyển nhượng 100 căn dự án Imperia Sky Garden, xem nhà trực tiếp LH TPKD: Hoài Thu 0913 484 ***",Giá thỏa thuận,"74,83 m²",N/A,2,2,"Vĩnh Tuy, Hai Bà Trưng","20.9984378814697, 105.866737365723"
35517026,04/03/2025,Quỹ căn chuyển nhượng cắt lỗ rẻ nhất Sunshine Garden - Em Cường 0976 044 ***,"3,8 tỷ",45 m²,"84,44 tr/m²",1,1,"Vĩnh Tuy, Hai Bà Trưng","20.9974530247871, 105.873439465426"
41301608,04/03/2025,"Bán căn penthouse & Duplex toà nhà Sunshine Garden sát Time City. Diện tích 340m2, full nội thất",Giá thỏa thuận,340 m²,N/A,N/A,N/A,"Vĩnh Tuy, Hai Bà Trưng","20.996799653567248, 105.87371404911623"
41748710,03/03/2025,Chuyên chuyển nhượng căn hộ Sunshine Garden quỹ căn đa dạng giá tốt nhất - Em Long 0355 863 ***,"6,5 tỷ",95 m²,"68,42 tr/m²",3,N/A,"Vĩnh Tuy, Hai Bà Trưng","20.9968786702843, 105.873411730127"
42182037,02/03/2025,"Quỹ căn hộ 1PN - 4Pn giá chỉ từ 3,6tỷ - 6,5tỷ rẻ nhất Sunshine Garden - em Hoàng 0879 169 ***","6,4 tỷ",108 m²,"59,26 tr/m²",3,2,"Vĩnh Tuy, Hai Bà Trưng","20.9973532372553, 105.873857746507"
42213980,01/03/2025,"Chính chủ bán căn hộ CC 70 Võ Thị Sáu - quận Hai Bà Trưng diện tích 66,83m/76m2 - giá chỉ 3.9 tỷ","3,9 tỷ","66,83 m²","58,36 tr/m²",2,1,"Bách Khoa, Hai Bà Trưng","21.0056631315477, 105.854986940543"
42208366,28/02/2025,Cập nhật 24/7 quỹ căn chuyển nhượng Times City - Park Hill giá siêu tốt,"7,4 tỷ",80 m²,"92,5 tr/m²",2,N/A,"Vĩnh Tuy, Hai Bà Trưng","20.994826379477, 105.867912715716"
42208234,28/02/2025,Quỹ căn hộ bán Times City tháng 2 giá cắt lỗ 300 - 500 tr/căn. Liên hệ - 0702 272 ***,"5,8 tỷ",83 m²,"69,88 tr/m²",2,2,"Vĩnh Tuy, Hai Bà Trưng","20.9946892094957, 105.867767467792"
42276002,26/02/2025,"Quỹ Căn Bán Sunshine garden 1PN - 2PN -3PN - 4PN . giá từ 3,9 tỷ . Hỗ trợ A-Z . LH: 0982 623 ***","3,9 tỷ","46,7 m²","83,51 tr/m²",1,1,"Vĩnh Tuy, Hai Bà Trưng","20.99670366124542, 105.87429930008044"
35663984,04/03/2025,Quỹ căn hộ 2PN 3PN rao bán T2.2024 giá rẻ nhất Imperia đủ loại diện tích. LH số 0947 418 ***,"5,8 tỷ","74,83 m²","77,51 tr/m²",2,2,"Vĩnh Tuy, Hai Bà Trưng","20.9979349264688, 105.866389746877"
42331300,04/03/2025,"Bán căn hộ chung cư Times City, Minh Khai, 8,9 tỷ, 95 m2, 3PN, 1WC, đầy đủ nội thất, hot!","8,9 tỷ",95 m²,"93,68 tr/m²",3,1,"Vĩnh Tuy, Hai Bà Trưng","20.994163093710405, 105.8676703902289"
26489096,04/03/2025,"Thông báo mở bán CHCC Imperia Sky Garden 423 Minh Khai, căn 2PN 3PN, LH TPKD 0965 180 ***",Giá thỏa thuận,"81,74 m²",N/A,2,2,"Vĩnh Tuy, Hai Bà Trưng","20.9984378814697, 105.866737365723"
42323708,04/03/2025,"Chuyển nhà bán gấp trong tuần căn 3PN tầng trung Vinhomes Times City có gia lộc, chủ nhà thân thiện","8,1 tỷ",95 m²,"85,26 tr/m²",3,2,"Vĩnh Tuy, Hai Bà Trưng","20.99518531840254, 105.86785181691512"
41990615,03/03/2025,Quỹ căn hộ 2PN 3PN rao bán T3.2025 giá rẻ nhất Imperia đủ loại diện tích. LH 0948 247 ***,"7,7 tỷ",87 m²,"88,51 tr/m²",3,2,"Vĩnh Tuy, Hai Bà Trưng","20.9986417221083, 105.867082654532"
42230290,03/03/2025,"Chính chủ bán căn hộ tập thể phố Võ Thị Sáu, quận Hai Bà Trưng, DT 70m2, giá 3,85 tỷ","3,85 tỷ",70 m²,55 tr/m²,2,1,"Thanh Nhàn, Hai Bà Trưng","21.0059470517083, 105.855091237975"
33560194,03/03/2025,"Ban quản lí gửi em bán gấp căn hộ 2PN, 3PN dự án Imperia Sky Garden. LH xem nhà TPKD 0387 032 ***",Giá thỏa thuận,"74,83 m²",N/A,2,2,"Vĩnh Tuy, Hai Bà Trưng","20.9984378814697, 105.866737365723"
42317724,03/03/2025,Căn góc tầng 6 119 m2 ban công hướng Đông nam cực mát,Giá thỏa thuận,119 m²,N/A,3,2,"Phạm Đình Hổ, Hai Bà Trưng","21.0152930289655, 105.857084241708"
42295669,03/03/2025,"Chung cư cao cấp Sunshine 107m2 3pn nội thất cao cấp, full tiện ích, hiếm 7.66tỷ","7,66 tỷ",107 m²,"71,59 tr/m²",3,2,"Vĩnh Tuy, Hai Bà Trưng","20.996527623658938, 105.87414651413022"
42312833,02/03/2025,"Do chuyển công tác, gia đình mình muốn chuyển nhượng căn hộ chung cư Skylight 125D Minh Khai","6,1 tỷ","100,5 m²","60,7 tr/m²",2,2,"Minh Khai, Hai Bà Trưng","20.9968048952396, 105.855366602564"
42311843,02/03/2025,"Chính chủ bán tập thể mặt phố Minh Khai, Hai Bà Trưng, Tầng 1, sổ to 90m2 3PN 2WC giá 4,25 tỷ","4,25 tỷ",90 m²,"47,22 tr/m²",3,2,"Minh Khai, Hai Bà Trưng","20.995100746957, 105.857057539851"
40606356,28/02/2025,"Tổng hợp một số căn hộ giá tốt tại Times City, Park Hill năm 2025","6,8 tỷ",80 m²,85 tr/m²,2,N/A,"Vĩnh Tuy, Hai Bà Trưng","20.9943332672119, 105.867561340332"
42299019,28/02/2025,"Bán chung cư Vinhomes Timecity thiết kế đẳng cấp, nội thất đẹp lung linh khách chỉ việc về ở ngay","4,85 tỷ",52 m²,"93,27 tr/m²",1,1,"Vĩnh Tuy, Hai Bà Trưng","20.99445784462073, 105.86784680548867"
42134164,28/02/2025,Cần bán căn hộ 2 ngủ diện tích 76m2 thông thủy tại Imperia Sky Garden 423 Minh Khai,"5,3 tỷ",76 m²,"69,74 tr/m²",2,2,"Vĩnh Tuy, Hai Bà Trưng","20.9978310540695, 105.866490554547"
42296060,28/02/2025,Tôi chính chủ cần bán gấp do nhu cầu đi nước ngoài căn góc 3PN tại Park Hill - Times City,"10,5 tỷ",104 m²,"100,96 tr/m²",3,2,"Vĩnh Tuy, Hai Bà Trưng","20.994275740440685, 105.86785126300983"
42141336,28/02/2025,"Bán tòa chung cư mini 75m2, giá ưu đãi hơn 11 tỷ tại Tạ Quang Bửu, Hai Bà Trưng, Hà Nội",11 tỷ,75 m²,"146,67 tr/m²",8,8,"Bách Khoa, Hai Bà Trưng","21.0061588535958, 105.847013980072"
41945622,27/02/2025,"Quá đẹp hiếm, bán căn hộ 305A - tầng 3, TT Bạch Mai 55m2, 2 ngủ, nhà đẹp, full nội thất - 2.39 tỷ","2,39 tỷ",55 m²,"43,46 tr/m²",2,2,"Thanh Nhàn, Hai Bà Trưng","20.9980590834113, 105.850680443506"
41629408,26/02/2025,Siêu thị căn hộ cắt lỗ Sunshine Garden. Căn giá tốt dành cho khách ở thực. Cao Tuấn Anh 0889 108 ***,"6,5 tỷ",118 m²,"55,08 tr/m²",3,2,"Vĩnh Tuy, Hai Bà Trưng","20.9966850280762, 105.873847961426"
42274085,26/02/2025,Cần thanh khoản gấp CC cao cấp Hoà Bình Green - Chỉ 69tr/m2 - Giá rẻ nhất khu vực - Nhà đẹp ở ngay,"7,9 tỷ",115 m²,"68,7 tr/m²",3,3,"Minh Khai, Hai Bà Trưng","20.9950811514435, 105.856734985837"
42253295,24/02/2025,"BQL] Tổng hợp quỹ căn mua bán cho thuê times city, park hill bao giá thị trường đầu năm 2025",Giá thỏa thuận,80 m²,N/A,2,2,"Vĩnh Tuy, Hai Bà Trưng","20.9950058543535, 105.868144975542"
39000012,04/03/2025,"7,99 tỷ có ngay căn CC cao cấp lô góc 3 ngủ, 128m2 sổ đỏ full nội thất,Sunshine Garden Dương Văn Bé","7,99 tỷ","127,8 m²","62,52 tr/m²",3,2,"Vĩnh Tuy, Hai Bà Trưng","20.996626647252, 105.874128904812"
42305680,04/03/2025,"Bán căn hộ 3PN, 2WC tại Sunshine Garden, 6,8 tỷ 95m2, Hai Bà Trưng, Hà Nội chỉ với giá cực chất","6,8 tỷ",95 m²,"71,58 tr/m²",3,2,"Vĩnh Tuy, Hai Bà Trưng","20.9962877976487, 105.87306115725234"
40704046,04/03/2025,"Bán nhà tập thể Đài truyền hình Việt Nam, Vĩnh Tuy, Hai Bà Trưng, Sát cổng trường ĐH, 120m2, 3.25tỷ","3,25 tỷ",120 m²,"27,08 tr/m²",3,2,"Vĩnh Tuy, Hai Bà Trưng","20.9984853, 105.8686635"
39071896,04/03/2025,Bán căn cc3ng Sunshine Garden phố Minh Khai cạnh Time City DT 100m- 6.6 tỷ LH E Minh Anh 0944 394 ***,"6,6 tỷ",100 m²,66 tr/m²,3,2,"Vĩnh Tuy, Hai Bà Trưng","20.9966850280762, 105.873847961426"
39503850,04/03/2025,Bán 1 ngủ giá 3.8tỷ DT 50m2 phố Minh Khai Sunshine Garden (cạnh Time City) E. Minh Anh 0944 394 ***,"3,8 tỷ",50 m²,76 tr/m²,2,1,"Vĩnh Tuy, Hai Bà Trưng","20.9966850280762, 105.873847961426"
39568996,04/03/2025,"Bán căn hộ phố Minh Khai Sunshine Garden (cạnh Times City). 3PN 6,4 tỷ E Minh Anh 0944 394 ***","6,4 tỷ",100 m²,64 tr/m²,3,2,"Vĩnh Tuy, Hai Bà Trưng","20.9966850280762, 105.873847961426"
38625855,04/03/2025,Chính chủ bán căn hộ sẵn slot oto 1PN 45m2 view Sông Hồng Sunshine Garden giá 3tỷ9 - LH 0812 395 ***,"3,9 tỷ",45 m²,"86,67 tr/m²",1,1,"Vĩnh Tuy, Hai Bà Trưng","20.9966850280762, 105.873847961426"
39753116,04/03/2025,"Bán căn hoa hậu 4PN+ 150m2 Sunshine Garden Minh Khai, HBT giá 8 tỷ 7 đã có sổ đỏ - LH em 0812 395 ***","8,7 tỷ",150 m²,58 tr/m²,5,2,"Vĩnh Tuy, Hai Bà Trưng","20.9966850280762, 105.873847961426"
38916081,04/03/2025,Bán căn hộ 3PN nguyên bản 95m2 Sunshine Garden - Minh Khai có sổ đỏ giá 6tỷ5 -LH 0812 395 ***,"6,5 tỷ",95 m²,"68,42 tr/m²",3,2,"Vĩnh Tuy, Hai Bà Trưng","20.9966850280762, 105.873847961426"
39189559,04/03/2025,Duy nhất căn hộ 3PN 108m2 nội thất đẹp với giá 6 tỷ 8 có sổ đỏ tại dự án SunshineGarden 0812 395 ***,"6,8 tỷ",108 m²,"62,96 tr/m²",3,2,"Vĩnh Tuy, Hai Bà Trưng","20.9966850280762, 105.873847961426"
38362921,04/03/2025,Bán căn hộ 3 phòng ngủ view sông 95m2 Sunshine Garden giá chỉ 6 tỷ 8 đã có sổ đỏ. Lh em 0812 395 ***,"6,8 tỷ",95 m²,"71,58 tr/m²",3,2,"Vĩnh Tuy, Hai Bà Trưng","20.9966850280762, 105.873847961426"
39753015,04/03/2025,Mua đầu tư căn 1PN 45m2 Sunshine Garden- Minh Khai nội thất cơ bản giá 3 tỷ 720 có sổ -0812 395 ***,"3,72 tỷ",45 m²,"82,67 tr/m²",1,1,"Vĩnh Tuy, Hai Bà Trưng","20.996685028076172, 105.87384796142578"
42329965,04/03/2025,"Bán gấp Căn hộ chung cư 100m2 tại Minh Khai, 5,5 tỷ, 3PN + 3WC đầy đủ","5,5 tỷ",100 m²,55 tr/m²,3,3,"Minh Khai, Hai Bà Trưng","20.9952393203203, 105.856710695911"
38806953,04/03/2025,"Cần bán nhanh căn siêu vip Park Hill, DT 178m2",16 tỷ,178 m²,"89,89 tr/m²",5,4,"Vĩnh Tuy, Hai Bà Trưng","20.9943332672119, 105.867561340332"
41792431,04/03/2025,Cần bán nhanh căn hộ 1 phòng ngủ Park Hill. Nội thất liền tường,"4,6 tỷ",57 m²,"80,7 tr/m²",1,1,"Vĩnh Tuy, Hai Bà Trưng","20.9944810940707, 105.867374071137"
38806816,04/03/2025,"Chính chủ bán căn góc 3 phòng ngủ Park Hill, nhà rộng thoáng đủ nội thất","9,5 tỷ",122 m²,"77,87 tr/m²",3,2,"Vĩnh Tuy, Hai Bà Trưng","20.9943332672119, 105.867561340332"
38806864,04/03/2025,Cần bán nhanh căn hộ 3 phòng ngủ Park 08. Nội thất đầy đủ,9 tỷ,119 m²,"75,63 tr/m²",3,2,"Vĩnh Tuy, Hai Bà Trưng","20.994250903067428, 105.86776916870932"
41203127,04/03/2025,Bán căn 3 phòng ngủ sáng tại Park Hill 103m2 chỉ với 8 tỷ đồng. LH xem nhà 24/7: 0354 864 ***,"8,5 tỷ","112,2 m²","75,76 tr/m²",3,2,"Vĩnh Tuy, Hai Bà Trưng","20.9943332672119, 105.867561340332"
38806720,04/03/2025,"Chính chủ bán căn hộ 2 phòng ngủ Park Hill, 83m2 đủ đồ đẹp","6,6 tỷ",83 m²,"79,52 tr/m²",2,2,"Vĩnh Tuy, Hai Bà Trưng","20.9943332672119, 105.867561340332"
38806917,04/03/2025,"Cần bán căn hộ 4 phòng ngủ P07, 143m2 nhà thoáng giá rẻ",12 tỷ,143 m²,"83,92 tr/m²",4,3,"Vĩnh Tuy, Hai Bà Trưng","20.9943332672119, 105.867561340332"
41552912,04/03/2025,Chính chủ cắt lỗ bán gấp căn 02 phòng ngủ 82m2 nội thất luxury giá chỉ 6 tỷ 5 - 0354 864 ***,"6,5 tỷ",83 m²,"78,31 tr/m²",2,2,"Vĩnh Tuy, Hai Bà Trưng","20.996578, 105.8652"
41403027,04/03/2025,Cần Cần tiền bán gấp căn hộ 1 phòng ngủ rộng giá chỉ 4 tỷ 5 tại Park Hill xem nhà 24/24: 0354 864 ***,"4,5 tỷ",57 m²,"78,95 tr/m²",1,1,"Vĩnh Tuy, Hai Bà Trưng","20.9943332672119, 105.867561340332"
40542577,04/03/2025,Chính chủ cắt lỗ cần bán căn 2 ngủ sáng 82m2 giá chỉ 6 tỷ 2 đồng. Liên hệ 24/7: 0354 864 ***,"6,2 tỷ",82 m²,"75,61 tr/m²",2,2,"Vĩnh Tuy, Hai Bà Trưng","20.99415234895081, 105.86728157368232"
41086795,04/03/2025,"Góc bán nhà chuyển nhượng gấp căn hộ 3 Phòng Ngủ tòa Park 3, nội thất hiện đại. Giá thương lượng!","12,5 tỷ",152 m²,"82,24 tr/m²",4,3,"Vĩnh Tuy, Hai Bà Trưng","20.994333267211914, 105.86756134033203"
41632477,04/03/2025,"Siêu phẩm căn hộ Penthouse 210m, tầng đẹp, view thành phố tại Hòa Bình Green",Giá thỏa thuận,216 m²,N/A,6,4,"Vĩnh Tuy, Hai Bà Trưng","21.00026512145996, 105.86993408203125"
41429237,04/03/2025,Bán gấp căn hộ 2N tòa T11 nội thất cao cấp sửa hết 600 triệu. Giá 6 tỷ thương lượng sâu!,6 tỷ,83 m²,"72,29 tr/m²",2,2,"Vĩnh Tuy, Hai Bà Trưng","20.99479103088379, 105.86784362792969"
39010013,04/03/2025,Em cần bán gấp siêu phẩm 3PN góc view sông trục số 10 tại Sun Ancora Lương Yên,Giá thỏa thuận,117 m²,N/A,3,2,"Bạch Đằng, Hai Bà Trưng","21.0116748809814, 105.862678527832"
41564201,04/03/2025,Duy nhất! Chính chủ bán Gấp căn hộ 3 ngủ tòa T1 Times City. Nội thất cao cấp Giá 7 tỷ5,"7,5 tỷ",95 m²,"78,95 tr/m²",3,2,"Vĩnh Tuy, Hai Bà Trưng","20.99479103088379, 105.86784362792969"
38848988,04/03/2025,Bán căn hộ hoa hậu 3PN view phố cực đỉnh 108m2 Sunshine Garden giá 6tỷ7 đã có sổ - LH e 0812 395 ***,"6,8 tỷ",108 m²,"62,96 tr/m²",3,2,"Vĩnh Tuy, Hai Bà Trưng","20.9966850280762, 105.873847961426"
42332247,04/03/2025,Chính chủ cần bán căn 2PN 95m2 đã có sổ đỏ Hoà Bình Green City giá nhỉnh 6 tỷ có thương lượng,Giá thỏa thuận,95 m²,N/A,2,2,"Vĩnh Tuy, Hai Bà Trưng","21.0008661707947, 105.870642452112"
42331892,04/03/2025,"Bán nhanh 2PN - 1VS tòa Park 05 - 64m2 giá 5,75 tỷ có thương lượng","5,75 tỷ",64 m²,"89,84 tr/m²",2,1,"Vĩnh Tuy, Hai Bà Trưng","20.994392148706563, 105.86691152972406"
42298649,04/03/2025,"Sở hữu vị trí đắc địa tại 423 Minh Khai, Imperia Sky Garden đã hoạt động ổn định pháp lý rõ ràng","5,8 tỷ",82 m²,"70,73 tr/m²",2,2,"Vĩnh Tuy, Hai Bà Trưng","20.9976246388863, 105.867137669106"
42331978,04/03/2025,Bán căn hộ 4PN 150m2 chung chư Amber Riverside,"12,8 tỷ",150 m²,"85,33 tr/m²",4,2,"Vĩnh Tuy, Hai Bà Trưng","20.998461889808073, 105.87080798740429"
40578434,04/03/2025,"Nhà đẹp, đảm bảo xem là ưng. Em có căn 1PN - 47m2 giá cực rẻ sẵn sổ em bao phí, giá bán chỉ 4tyX",4 tỷ,47 m²,"85,11 tr/m²",1,1,"Vĩnh Tuy, Hai Bà Trưng","20.9966850280762, 105.873847961426"
41713864,04/03/2025,Bán nhà Hà Nội chung cư Sunshine Garden 3PN góc 118m2 giá chỉ 7ty quá rẻ - em Tuấn Anh 0964 997 ***,7 tỷ,118 m²,"59,32 tr/m²",3,2,"Vĩnh Tuy, Hai Bà Trưng","20.9955338158364, 105.873777455576"
41713908,04/03/2025,"Bán nhà Hà Nội căn hộ chung cư Sunshine Garden giá sốc chỉ 6,69 tỷ VND - 95m2. Thiết kế: 3N-2WC","6,69 tỷ",95 m²,"70,42 tr/m²",3,2,"Vĩnh Tuy, Hai Bà Trưng","20.9966850280762, 105.873847961426"
39054698,04/03/2025,"Căn hộ Sunshine Garden 3PN - 94m2 giá 6,660 tỷ nhà nguyên bản, bao phí sang tên","6,66 tỷ",94 m²,"70,85 tr/m²",3,2,"Vĩnh Tuy, Hai Bà Trưng","20.9966850280762, 105.873847961426"
39984812,04/03/2025,Bán căn hộ 2 phòng ngủ SunShine Garden giá 5ty8 (rẻ nhất) - Cao Tuấn Anh 0964 997 ***,"5,8 tỷ",78 m²,"74,36 tr/m²",2,2,"Vĩnh Tuy, Hai Bà Trưng","20.9966850280762, 105.873847961426"
41852142,04/03/2025,Chuyển nhượng căn hộ 4PN3WC tại Sunshine Garden. Liên hệ Cao Tuấn Anh 0964 997 ***,"6,5 tỷ",128 m²,"50,77 tr/m²",4,3,"Vĩnh Tuy, Hai Bà Trưng","20.996710458171, 105.873879358227"
41835517,04/03/2025,"Tôi là chủ căn căn hộ 3PN2WC 108.1m2 tại Sunshine Garden, muốn bán 6,6 tỷ VND, Vĩnh Tuy, Hà Nội","6,5 tỷ","108,1 m²","60,13 tr/m²",3,2,"Vĩnh Tuy, Hai Bà Trưng","20.996735070588322, 105.87382184235079"
40586878,04/03/2025,Bán nhà Hà Nôi căn hộ 1n Sunshine Garden giá 3ty9 - em Tuấn Anh 0964 997 ***,"3,9 tỷ",46 m²,"84,78 tr/m²",1,1,"Vĩnh Tuy, Hai Bà Trưng","20.9966850280762, 105.873847961426"
41537863,04/03/2025,"Hàng độc tại bán căn hộ chung cư 130m2, 6tỷ700tr VND tại Sunshine Garden, Hà Nội","6,7 tỷ",130 m²,"51,54 tr/m²",4,3,"Vĩnh Tuy, Hai Bà Trưng","20.996685028076172, 105.87384796142578"
40579478,04/03/2025,"Độc quyền, chỉ 47tr/m2 sở hữu ngay căn hộ 4PN đẹp không tì vết tại 1 dự án trung tâm thành phố","6,2 tỷ",128 m²,"48,44 tr/m²",4,3,"Vĩnh Tuy, Hai Bà Trưng","20.9966850280762, 105.873847961426"
39367660,04/03/2025,"Căn 3PN - 108m2 Sunshine Garden view sông thơ mộng, giá chỉ 6,790 tỷ bao phí. Gọi e Tuấn Anh ngay ạ","6,79 tỷ",128 m²,"53,05 tr/m²",4,3,"Vĩnh Tuy, Hai Bà Trưng","20.9966850280762, 105.873847961426"
40579535,04/03/2025,Hiếm. Càng ở càng lãi với căn hộ chung cư cao cấp Sunshine Garden 3PN giá chỉ 6ty8. Em Tuấn Anh,"6,8 tỷ",108 m²,"62,96 tr/m²",3,2,"Vĩnh Tuy, Hai Bà Trưng","20.9966850280762, 105.873847961426"
41526591,04/03/2025,"Bán căn hộ chung cư tại Sunshine Garden, giá tốt nhất chỉ 6,69 tỷ VND, 95m2","6,69 tỷ",95 m²,"70,42 tr/m²",3,2,"Vĩnh Tuy, Hai Bà Trưng","20.9966850280762, 105.873847961426"
41711468,04/03/2025,"Quỹ căn hộ Sunshine Garden mua giá tốt nhất, sát giá, gặp chủ nhà. LH: 0964 997 *** Em Tuấn Anh","6,5 tỷ",128 m²,"50,78 tr/m²",3,2,"Vĩnh Tuy, Hai Bà Trưng","20.996685028076172, 105.87384796142578"
38989908,04/03/2025,"Cần bán căn hộ 4PN- 140m2 chỉ hơn hơn 53tr/m2 tại Sunshine Garden, Hai Bà Trưng - Mr Tuấn Anh","7,5 tỷ",140 m²,"53,57 tr/m²",4,3,"Vĩnh Tuy, Hai Bà Trưng","20.9966850280762, 105.873847961426"
38481943,04/03/2025,"Chủ bán sao em đăng vậy căn hộ 3 ngủ dự án Sunshine Garden, sẵn sổ - Mr Tuấn Anh","6,7 tỷ",94 m²,"71,28 tr/m²",3,2,"Vĩnh Tuy, Hai Bà Trưng","20.9966850280762, 105.873847961426"
41337431,04/03/2025,Chính chủ có nhu cầu chuyển nhượng lại căn Penthouse-Duplex view trực diện sông Hồng LH 0964 997 ***,"20,5 tỷ",268 m²,"76,49 tr/m²",4,3,"Vĩnh Tuy, Hai Bà Trưng","20.996685028076172, 105.87384796142578"
38990445,04/03/2025,Căn mới nhất: căn hộ tầng trung 4PN chỉ 6tỷ789 bao phí tại Sunshine Garden - Mr Tuấn Anh 0964 997 ***,"6,79 tỷ",106 m²,"64,05 tr/m²",4,3,"Vĩnh Tuy, Hai Bà Trưng","20.9966850280762, 105.873847961426"
37167779,04/03/2025,"Nhà tôi cần bán căn hộ 2 phòng ngủ tầng 15 diện tích 81,3m2, nhà mới lắm",6 tỷ,"81,3 m²","73,8 tr/m²",2,2,"Vĩnh Tuy, Hai Bà Trưng","20.99860888446734, 105.86682998960048"
36090932,04/03/2025,"Tôi cần bán nhà 3PN sổ đỏ 92.4m2, chính chủ đủ nội thất","6,9 tỷ","92,4 m²","74,68 tr/m²",3,2,"Vĩnh Tuy, Hai Bà Trưng","20.9984378814697, 105.866737365723"
36117346,04/03/2025,"Nhà tôi cần bán nhà 83m2, tòa A 2 ngủ view sông","5,5 tỷ",83 m²,"66,26 tr/m²",2,2,"Vĩnh Tuy, Hai Bà Trưng","20.9984378814697, 105.866737365723"
38023207,04/03/2025,Nhà tôi chính chủ căn góc 110m2 3 ngủ cần bán liên hệ 0947 418 ***,"7,8 tỷ",110 m²,"70,91 tr/m²",3,2,"Vĩnh Tuy, Hai Bà Trưng","20.99924579907269, 105.86653842225795"
42332065,04/03/2025,Bán căn hộ 3PN tòa Vinahud Cửu Long số 536A Minh Khai ( sát cạnh Times City),Giá thỏa thuận,93 m²,N/A,N/A,N/A,"Vĩnh Tuy, Hai Bà Trưng","20.9988478992324, 105.872037160372"
42150966,04/03/2025,Tập thể Lạc Trung gần Minh Khai Trần Khát Chân ô tô đỗ chân cầu thang nhà cực thoáng,"3,5 tỷ",53 m²,"66,04 tr/m²",1,1,"Vĩnh Tuy, Hai Bà Trưng","21.0028958680686, 105.865833959654"
42331578,04/03/2025,Cần bán gấp căn hộ vip 1 phòng ngủ Park 12 Premium,"5,3 tỷ","56,6 m²","93,64 tr/m²",1,1,"Vĩnh Tuy, Hai Bà Trưng","20.996116766315932, 105.86598240398794"
34552315,04/03/2025,BÁN NHANH CĂN 3PN Hoa Hậu - SIÊU HÓT view thành phố giá tốt nhất dự án Hinode City,11 tỷ,115 m²,"95,65 tr/m²",3,2,"Minh Khai, Hai Bà Trưng","20.9959945678711, 105.861267089844"
40602907,04/03/2025,"Bán chung cư UDIC 2 phòng ngủ view thoáng giá 4,2 tỷ có thương lượng. Liên hệ 0943 358 ***","4,2 tỷ",67 m²,"62,69 tr/m²",2,2,"Vĩnh Tuy, Hai Bà Trưng","20.999267578125, 105.87572479248"
41563246,04/03/2025,"Bán gấp căn hộ tòa T01 căn hộ 2PN 95m2 Times City 7,4 tỷ. Liên hệ xem nhà 0943 358 ***","7,4 tỷ",95 m²,"77,9 tr/m²",2,2,"Vĩnh Tuy, Hai Bà Trưng","20.994404504134938, 105.86829461856846"
42115883,04/03/2025,"Bán căn 02PN sáng 83m2 tầng trung tòa T11 Times City giá chỉ 6,5 tỷ. LH 0977 088 ***","6,5 tỷ",83 m²,"78,31 tr/m²",2,2,"Vĩnh Tuy, Hai Bà Trưng","20.99506214555393, 105.86850504896613"
42156514,04/03/2025,"Bán căn 03PN, DT 119m2, hướng Nam tầng 11 tại Park Hill 5 giá chỉ 11 tỷ. LH 0977 088 ***",11 tỷ,119 m²,"92,44 tr/m²",3,2,"Vĩnh Tuy, Hai Bà Trưng","20.994942364252797, 105.86711565017411"
41966458,04/03/2025,Rẻ - hiếm - bán gấp chung cư 250 Minh Khai - 114m2 - 80m2 - 5.1 tỷ,"4,9 tỷ",78 m²,"62,82 tr/m²",2,2,"Minh Khai, Hai Bà Trưng","20.9940458211603, 105.857365431546"
40602843,04/03/2025,Bán căn hộ 3 phòng ngủ vị trí góc diện tích 110m2 có slot xe ô tô. Liên hệ xem nhà 0943 358 ***,11 tỷ,110 m²,100 tr/m²,3,2,"Vĩnh Tuy, Hai Bà Trưng","20.9947910308838, 105.86784362793"
38948089,04/03/2025,Bán căn hộ 3PN 118m2 chung cư Sunshine Garden,"6,58 tỷ",118 m²,"55,76 tr/m²",3,2,"Vĩnh Tuy, Hai Bà Trưng","20.9966850280762, 105.873847961426"
38020890,04/03/2025,"Bán căn 2PN chung cư Amber Riverside, Hai Bà Trưng","5,98 tỷ",83 m²,"72,05 tr/m²",2,2,"Vĩnh Tuy, Hai Bà Trưng","20.9982109069824, 105.870994567871"
39363328,04/03/2025,Mua bán chuyển nhượng Sunshine Garden - Mr. Anh Linh: 0825 326 ***,"6,5 tỷ",140 m²,"46,43 tr/m²",4,3,"Vĩnh Tuy, Hai Bà Trưng","20.9966850280762, 105.873847961426"
38014448,04/03/2025,"Bán căn hộ 3 phòng ngủ 108m2 Sunshine Garden, Hai Bà Trưng","6,58 tỷ",115 m²,"57,22 tr/m²",3,2,"Vĩnh Tuy, Hai Bà Trưng","20.997359319425, 105.874255826425"
38020913,04/03/2025,"Bán căn 3PN chung cư Amber Riverside, Hai Bà Trưng","7,65 tỷ",98 m²,"78,06 tr/m²",3,2,"Vĩnh Tuy, Hai Bà Trưng","20.9982109069824, 105.870994567871"
38019765,04/03/2025,"Bán căn hộ 1PN chung cư Sunshine Garden, Hai Bà Trưng","3,85 tỷ",52 m²,"74,04 tr/m²",1,1,"Vĩnh Tuy, Hai Bà Trưng","20.9966850280762, 105.873847961426"
38948146,04/03/2025,Bán căn góc 3PN chung cư Amber Riverside,"7,88 tỷ",115 m²,"68,52 tr/m²",3,2,"Vĩnh Tuy, Hai Bà Trưng","20.9982109069824, 105.870994567871"
39762684,04/03/2025,Bán căn hộ góc 3PN 128m2 chung cư Sunshine Garden,"7,38 tỷ",128 m²,"57,66 tr/m²",3,2,"Vĩnh Tuy, Hai Bà Trưng","20.9966850280762, 105.873847961426"
40051671,04/03/2025,Sốc chủ nhà cần bán gấp căn hộ 3 phòng ngủ Park Hill đủ đồ,"9,5 tỷ",122 m²,"77,87 tr/m²",3,2,"Vĩnh Tuy, Hai Bà Trưng","20.9943332672119, 105.867561340332"
42330804,04/03/2025,Hạ giá căn 2 ngủ toà Park Hill tại chung cư Times City tặng full nội thất đẹp - 0776 455 ***,"5,8 tỷ",80 m²,"72,5 tr/m²",2,2,"Vĩnh Tuy, Hai Bà Trưng","20.9944730988737, 105.8674663904"
40051773,04/03/2025,Bán căn góc vip 4 phòng ngủ Park Hill. Nhà giữ gìn,13 tỷ,150 m²,"86,67 tr/m²",4,3,"Vĩnh Tuy, Hai Bà Trưng","20.994333267211914, 105.86756134033203"
42330620,04/03/2025,"Giảm 200tr cho căn góc 3 ngủ tại Times City, căn góc 3 ngủ sáng đẹp full nội thất mới - 0776 455 ***",9 tỷ,110 m²,"81,82 tr/m²",3,2,"Vĩnh Tuy, Hai Bà Trưng","20.99465620635488, 105.86759094932513"
40051508,04/03/2025,"Sốc chủ nhà bán gấp căn hộ 2 phòng ngủ Park Hill, nội thất đầy đủ nhà đẹp","6,4 tỷ",83 m²,"77,11 tr/m²",2,2,"Vĩnh Tuy, Hai Bà Trưng","20.9943332672119, 105.867561340332"
40051826,04/03/2025,"Cần bán căn hộ đập thông Park Hill, diện tích gần 200m2","16,5 tỷ",195 m²,"84,62 tr/m²",5,3,"Vĩnh Tuy, Hai Bà Trưng","20.994333267211914, 105.86756134033203"
41936545,04/03/2025,Hiếm - Giá tốt - Chung cư 124 Minh Khai - view đẹp - 78m2 - 81m2 - 114m2,"5,55 tỷ",81 m²,"68,52 tr/m²",3,N/A,"Minh Khai, Hai Bà Trưng","20.994393710958075, 105.85332892167257"
42068243,04/03/2025,Bán gấp chung cư 310 Minh Khai - Tầng cao - 101m2 - 3PN - 5.89 tỷ,"5,89 tỷ",101 m²,"58,32 tr/m²",3,2,"Minh Khai, Hai Bà Trưng","20.9942151463035, 105.861164802739"
42329887,04/03/2025,"Bán gấp căn hộ nhà giám đốc được phân khu TT Animex ngõ 156 Kim Ngưu, DT 105m2, 4 PN, giá 5tỷ5","5,5 tỷ",105 m²,"52,38 tr/m²",4,4,"Thanh Nhàn, Hai Bà Trưng","21.0053925866909, 105.861291270655"
42329104,04/03/2025,Căn hộ tập thể Kim Ngưu - 40m2 sử dụng - 2 ngủ vừa tiền - sổ riêng,"2,15 tỷ",40 m²,"53,75 tr/m²",2,1,"Thanh Nhàn, Hai Bà Trưng","21.005236897346, 105.861332925627"
41341241,04/03/2025,Danh sách các căn chuyển nhượng từ 59m2 - 105m2 tại Imperia Sky Garden. LH: 0889 108 *** - Tuấn Anh,"6,5 tỷ",82 m²,"79,27 tr/m²",2,2,"Vĩnh Tuy, Hai Bà Trưng","20.9984378814697, 105.866737365723"
41341576,04/03/2025,"Chính chủ gửi bán căn hộ 2PN tại Imperia Sky Garden giá chỉ 5,1 tỷ bao phí, nội thất cao cấp",5 tỷ,59 m²,"84,75 tr/m²",2,1,"Vĩnh Tuy, Hai Bà Trưng","20.9984378814697, 105.866737365723"
41813623,04/03/2025,"Căn 4PN duy nhất chỉ 6tỷ4 diện tích 128m2 tại Sunshine Garden, Hai Bà Trưng Em Tuấn Anh 0889 108 ***","6,4 tỷ",128 m²,50 tr/m²,4,3,"Vĩnh Tuy, Hai Bà Trưng","20.9962779552234, 105.87450349444"
41813499,04/03/2025,Chỉ 61tr/m2 sở hữu căn hộ 3PN 108m2 Sunshine Garden cạnh TimeCity - Em Tuấn Anh 0889 108 ***,"6,6 tỷ",108 m²,"61,11 tr/m²",3,2,"Vĩnh Tuy, Hai Bà Trưng","20.9967502811913, 105.87433016828"
41951874,04/03/2025,Chuyển nhượng căn hộ 3PN Giá đầu tư tại Sunshine Garden cạnh Times City - Cao Tuấn Anh 0889 108 ***,"6,5 tỷ",95 m²,"68,42 tr/m²",3,2,"Vĩnh Tuy, Hai Bà Trưng","20.996838021507795, 105.87391611134318"
41813480,04/03/2025,Chuyển nhượng căn 1PN - 46m2 Sunshine Garden giá chỉ 3tỷ8 - Em Tuấn Anh 0889 108 ***,"3,8 tỷ",46 m²,"82,61 tr/m²",1,1,"Vĩnh Tuy, Hai Bà Trưng","20.9975689968166, 105.873908026828"
42273651,04/03/2025,Bán căn hộ TT 2 tầng / 90m2 / 2 ngủ / 3.58 tỷ,"3,58 tỷ",90 m²,"39,78 tr/m²",2,N/A,"Đồng Nhân, Hai Bà Trưng","21.0116119372753, 105.856657422785"
35609132,04/03/2025,Cần bán căn hộ 80m2 tại Park 7 Times City. LH: 0901 793 ***,Giá thỏa thuận,80 m²,N/A,2,2,"Vĩnh Tuy, Hai Bà Trưng","20.9943332672119, 105.867561340332"
42233006,04/03/2025,"Bán CC hàng hiếm hoa hậu tại Lilama 124 Minh Khai, 60 triệu/m2, 114m2, 3PN + 2WC 4 ban công","6,84 tỷ",114 m²,60 tr/m²,3,2,"Minh Khai, Hai Bà Trưng","20.9944403301466, 105.853559387586"
41294207,04/03/2025,Bán căn hộ tầng trung tòa Kim Khí Thăng Long 124m2 3pn,Giá thỏa thuận,124 m²,N/A,3,2,"Bạch Đằng, Hai Bà Trưng","21.0106724930318, 105.862701313825"
41502660,04/03/2025,Bán căn 01 CT2 97m2 2PN giá 5.5 tỷ có TL,"5,5 tỷ",97 m²,"56,7 tr/m²",2,2,"Minh Khai, Hai Bà Trưng","20.9968338012695, 105.855499267578"
42223466,04/03/2025,"Bán CH 3PN, 2WC, 112m2 tại Amber Riverside, Minh Khai, Vĩnh Tuy, Hai Bà Trưng, 7,9 tỷ","7,9 tỷ",112 m²,"70,54 tr/m²",3,2,"Vĩnh Tuy, Hai Bà Trưng","20.99904186007707, 105.87084922567809"
41860874,04/03/2025,"Bán tập thể Kinh Tế Quốc Dân, diện tích 113m2, siêu đẹp, dân trí cao giá 5.5 tỷ","5,5 tỷ",113 m²,"48,67 tr/m²",3,2,"Đồng Tâm, Hai Bà Trưng","20.9972404949583, 105.845926554219"
42121924,04/03/2025,"Rẻ nhất thị trường căn đập thông 200m2 Times City, 20tỷ full đồ xịn, có slot oto. 0962 984 ***",20 tỷ,200 m²,100 tr/m²,4,3,"Vĩnh Tuy, Hai Bà Trưng","20.996430041088324, 105.86500778638091"
42284736,04/03/2025,Bán gấp căn góc 4PN Park Hill Times City. Giá rẻ 14 tỷ nhất thị trường. LH. 0962 984 ***,14 tỷ,140 m²,100 tr/m²,4,2,"Vĩnh Tuy, Hai Bà Trưng","20.9940230203374, 105.868400830901"
41870198,04/03/2025,"Rẻ nhất thị trường căn 3PN 100m2 Park Hill Times City, tầng trung, giá 9 tỷ. LH. 0962 984 ***",9 tỷ,100 m²,90 tr/m²,3,3,"Vĩnh Tuy, Hai Bà Trưng","20.9943332672119, 105.867561340332"
42315764,04/03/2025,"Chỉ 2 tỷ có căn hộ 2 mặt thoáng Bạch Mai, 3 bước lên bờ hồ","2,58 tỷ",40 m²,"64,5 tr/m²",2,N/A,"Bạch Mai, Hai Bà Trưng","21.0000830699138, 105.853075482348"
42327985,04/03/2025,"Tòa chung cư T11, Times City, Giá 5.2 tỷ, DT 51.6m2, 458 Minh Khai, Hai Bà Trưng","5,2 tỷ","51,6 m²","100,78 tr/m²",1,1,"Vĩnh Tuy, Hai Bà Trưng","20.994841770236906, 105.86764596592475"
42283389,04/03/2025,Chính chủ hạ giá Bán gấp căn 3PN 108m2 tòa G3 cao cấp nhất dự án Sunshine Garden - View bể bơi,"6,95 tỷ",108 m²,"64,35 tr/m²",3,2,"Vĩnh Tuy, Hai Bà Trưng","20.9967787012171, 105.873944921298"
42327694,04/03/2025,"Siêu hiếm căn hộ Park Hill 100m, 3PN, tầng trung, giá rẻ nhất hiện nay 9,3 tỷ.","9,3 tỷ",100 m²,93 tr/m²,3,2,"Vĩnh Tuy, Hai Bà Trưng","20.994912156134724, 105.86685579648345"
40162884,04/03/2025,"Trực tiếp CĐT bán 3 căn hộ duy nhất mới 100% chưa ở, suất ngoại giao CC Kinh Đô 93 Lò Đúc.",Giá thỏa thuận,"113,5 m²",N/A,3,2,"Phạm Đình Hổ, Hai Bà Trưng","21.0156364440918, 105.85718536377"
42327717,04/03/2025,"Căn hộ CC tầng 7 - 75m2, tại Thăng Long Garden 250 Minh Khai, 4,7 tỷ","4,7 tỷ",75 m²,"62,67 tr/m²",2,2,"Minh Khai, Hai Bà Trưng","20.993981051872, 105.857198572569"
38940267,04/03/2025,"Chính chủ gửi bán căn hộ 3PN 119m2, căn góc ban công Đông Nam chung cư Kinh Đô Tower 93 Lò Đúc",Giá thỏa thuận,116 m²,N/A,3,2,"Phạm Đình Hổ, Hai Bà Trưng","21.0156364440918, 105.85718536377"
42325855,04/03/2025,"Bán nhà ở Thanh Nhàn, Hai Bà Trưng, 60m2, 2.35 tỷ giá đầu tư, nhà view phố (MTG) lô góc, view phố","2,35 tỷ",27 m²,"87,04 tr/m²",2,2,"Thanh Nhàn, Hai Bà Trưng","21.0026740831438, 105.856352767694"
40959165,04/03/2025,"Hot bán căn hoa hậu 3 PN tòa Park 9, Times City, giá 11 tỷ. LH 0979 702 ***",11 tỷ,116 m²,"94,83 tr/m²",3,2,"Vĩnh Tuy, Hai Bà Trưng","20.996578216552734, 105.86519622802734"
42316159,04/03/2025,"Căn thật xuống biệt thự ở cần bán gấp 3PN nhà mới nguyên bản tại Park 01 105m2, ban công hướng Nam","10,25 tỷ",105 m²,"97,62 tr/m²",3,2,"Vĩnh Tuy, Hai Bà Trưng","20.993913491079937, 105.8677431462327"
42327170,04/03/2025,"Bán căn 1PN tòa Park 3 Times City, giá 5 tỷ. LH E Tài: 0813 489 ***",5 tỷ,"53,3 m²","93,81 tr/m²",1,1,"Vĩnh Tuy, Hai Bà Trưng","20.99423061949557, 105.86707495742537"
41718929,04/03/2025,"Ban gấp căn 2 ngủ Hinode City, 80m2, full đồ đẹp view thoáng mát, giá rẻ nhất thị trường chỉ 6 tỷ",6 tỷ,80 m²,75 tr/m²,2,2,"Minh Khai, Hai Bà Trưng","20.995994567871094, 105.86126708984375"
41718961,04/03/2025,"Bán gấp căn 3 ngủ Hinode City, full đồ đẹp, view thoáng mát, giá rẻ nhất thị trường chỉ 9.5 tỷ","9,5 tỷ",110 m²,"86,36 tr/m²",3,2,"Minh Khai, Hai Bà Trưng","20.995994567871094, 105.86126708984375"
42327055,04/03/2025,Góc chính chủ bán gấp 2 ngủ 82m Park 2 giá 6 tỷ 9 sổ đầy đủ. Lh 0353 474 ***,"6,9 tỷ",82 m²,"84,15 tr/m²",2,2,"Vĩnh Tuy, Hai Bà Trưng","20.994350633975547, 105.86766392708901"
42325217,04/03/2025,"Cần chuyển nhượng gấp cặp đập thông Park Hill giá 13,7 tỷ","13,7 tỷ",160 m²,"85,62 tr/m²",4,N/A,"Vĩnh Tuy, Hai Bà Trưng","20.9940639375395, 105.867434857312"
42277290,04/03/2025,"Siêu hiếm căn góc đông nam Park Hill 115m2, 3PN, giá siêu rẻ 10,5 tỷ","10,5 tỷ",115 m²,"91,3 tr/m²",3,2,"Vĩnh Tuy, Hai Bà Trưng","20.99481495936827, 105.86706495428363"
38315972,04/03/2025,Bán căn 3PN lô góc có slot ôtô Sunshine Garden Minh Khai giá 7 tỷ5 đã có sổ-em Hoàng 0812 395 ***,"7,5 tỷ",100 m²,75 tr/m²,3,2,"Vĩnh Tuy, Hai Bà Trưng","20.9966850280762, 105.873847961426"
39428574,04/03/2025,Chính chủ bán nhanh căn 2PN 72m2 Hoà Bình Green City toà B1 giá rẻ hơn thị trường 200tr - tin chuẩn,Giá thỏa thuận,72 m²,N/A,2,N/A,"Vĩnh Tuy, Hai Bà Trưng","21.00026512145996, 105.86993408203125"
41527329,04/03/2025,Cam kết không ảo chính chủ bán cán hộ sát Time City 68m2 giá 4.35tỷ,"4,35 tỷ",61 m²,"71,31 tr/m²",2,1,"Minh Khai, Hai Bà Trưng","20.997573663517166, 105.86774829052678"
42102619,04/03/2025,Hiếm! Căn góc 3 PN sáng đang bán tại Times City với giá chỉ 9.4 tỷ. LH: 0982 926 ***,"9,4 tỷ",110 m²,"85,46 tr/m²",3,2,"Vĩnh Tuy, Hai Bà Trưng","20.99488689045473, 105.86766074972624"
42109010,04/03/2025,Bán khẩn cấp 1 căn đập thông 5 phòng ngủ diện tích 215m2 tòa T10 giá siêu rẻ: 21 tỷ. LH: 0982 926 ***,21 tỷ,215 m²,"97,67 tr/m²",5,4,"Vĩnh Tuy, Hai Bà Trưng","20.995229002681064, 105.86842298665843"
42088988,04/03/2025,"Bán khẩn cấp! Căn hộ cao cấp 95m2 tại Times City Giá Sốc: 7,5 tỷ, LH: 0982 926 ***","7,5 tỷ",95 m²,"78,95 tr/m²",2,2,"Vĩnh Tuy, Hai Bà Trưng","20.995645645858435, 105.86803596342577"
42301063,04/03/2025,"Bán căn hộ tập thể Bạch Mai trung tâm quận Hai Bà Trưng, sổ đỏ riêng. 50m2, 2 ngủ, giá 2,39 tỷ","2,39 tỷ",50 m²,"47,8 tr/m²",2,1,"Thanh Nhàn, Hai Bà Trưng","20.9981156555593, 105.850246960505"
42300985,04/03/2025,"Bán căn hộ tập thể Lò Đúc, Thọ Lão, HBT, khu dân trí cao, nhà đẹp 50m2, 2 ngủ giá 2,45 tỷ sổ đỏ","2,45 tỷ",50 m²,49 tr/m²,2,1,"Đồng Nhân, Hai Bà Trưng","21.011358526043, 105.857343376664"
42300852,04/03/2025,"Bán căn tập thể Lò Đúc, Thọ Lão, HBT, nhà đẹp long lanh, 2 ngủ, giá 2,19 tỷ sổ đỏ riêng","2,19 tỷ",45 m²,"48,67 tr/m²",2,1,"Đồng Nhân, Hai Bà Trưng","21.0115811314126, 105.856956756764"
41374759,04/03/2025,"Bán nhà tập thể Lê Gia Định, Phố Huế, ôtô đỗ chân cầu thang, nhà đẹp ở luôn 60m2 2 ngủ giá 2,45 tỷ","2,45 tỷ",60 m²,"40,83 tr/m²",2,1,"Đồng Nhân, Hai Bà Trưng","21.0117106837507, 105.856798830263"
42301027,04/03/2025,"Bán căn hộ tập thể Lò Đúc, Thọ Lão, HBT, ô tô đỗ, mặt phố, 2 ngủ, giá 2,5 tỷ sổ đỏ giao dịch","2,5 tỷ",45 m²,"55,56 tr/m²",2,1,"Đồng Nhân, Hai Bà Trưng","21.0113608560085, 105.857236864312"
39041616,04/03/2025,Chính chủ bán gấp căn 1PN 45m2 SunshineGarden - Hai Bà Trưng giá 3tỷ870 đã có sổ đỏ - LH 0812 395 ***,"3,8 tỷ",45 m²,"84,44 tr/m²",1,1,"Vĩnh Tuy, Hai Bà Trưng","20.9966850280762, 105.873847961426"
42228703,04/03/2025,"Rẻ nhất Times City. Căn 03PN góc, 110m2, full đồ đẹp, tầng trung, view thoáng, giá chỉ tròn 9 tỷ",9 tỷ,110 m²,"81,82 tr/m²",3,2,"Vĩnh Tuy, Hai Bà Trưng","20.99637464952307, 105.86598385025755"
42200802,04/03/2025,Tôi chính chủ bán căn 2PN 95m2 có sổ view thoáng tầng trung chung cư Hoà Bình Green giá tốt,6 tỷ,95 m²,"63,16 tr/m²",2,2,"Vĩnh Tuy, Hai Bà Trưng","21.0007530429655, 105.869932049701"
40335016,04/03/2025,"Ký cọc ngay: Sổ đỏ sẵn bán 3PN 127m2 Hoà bình Green góc tầng 15 view thoáng siêu rẻ chỉ 8,4 tỷ",8 tỷ,127 m²,"62,99 tr/m²",3,2,"Vĩnh Tuy, Hai Bà Trưng","21.00026512146, 105.869934082031"
38993077,04/03/2025,"Bán căn 2 phòng ngủ góc T02, có thể sửa thành 3 phòng ngủ","7,2 tỷ",98 m²,"73,47 tr/m²",2,2,"Vĩnh Tuy, Hai Bà Trưng","20.9947910308838, 105.86784362793"
42161685,04/03/2025,Chỉ 2.65 tỷ. Căn hộ tập thể full nội thất tại Quỳnh Mai. 2PN riêng - 1WC - DT 65m2,"2,65 tỷ",65 m²,"40,77 tr/m²",2,1,"Quỳnh Mai, Hai Bà Trưng","20.9985712133548, 105.860457410112"
42270118,04/03/2025,"Bán 2 ngủ 76m2 toà T05 view sông Hồng, cầu Vĩnh Tuy, giá chỉ 6 tỷ rẻ nhất thị trường",6 tỷ,76 m²,"78,95 tr/m²",2,2,"Vĩnh Tuy, Hai Bà Trưng","20.995016614962747, 105.86807461634162"
42318370,04/03/2025,Bán căn hộ tập thể Nguyễn Công Trứ - Phố Huế. 3.15 tỷ - 80m2 - 3PN 2WC khép kín - Sổ đẹp 31m2,"3,15 tỷ",80 m²,"39,38 tr/m²",3,2,"Phố Huế, Hai Bà Trưng","21.0135496872039, 105.853593166169"
38993110,04/03/2025,"Cần bán căn góc T06, góc Đông Bắc view nhạc thoáng","8,5 tỷ",110 m²,"77,27 tr/m²",3,2,"Vĩnh Tuy, Hai Bà Trưng","20.9947910308838, 105.86784362793"
41830889,04/03/2025,"Cần bán nhanh căn 1 phòng ngủ Times City, nội thất đầy đủ","4,5 tỷ",53 m²,"84,91 tr/m²",1,1,"Vĩnh Tuy, Hai Bà Trưng","20.994936017719915, 105.86773534334841"
38993159,04/03/2025,"Cần bán căn 4 phòng ngủ 160m T11, căn góc view nhạc nước",14 tỷ,160 m²,"87,5 tr/m²",4,4,"Vĩnh Tuy, Hai Bà Trưng","20.9947910308838, 105.86784362793"
38992753,04/03/2025,"Cần bán căn hoa hậu Times City, diện tích 86m2, 2 phòng sáng",7 tỷ,86 m²,"81,4 tr/m²",2,2,"Vĩnh Tuy, Hai Bà Trưng","20.9947910308838, 105.86784362793"
38786011,04/03/2025,"Bán căn hộ đập thông T10, view trọn nhạc nước quảng trường",15 tỷ,196 m²,"76,53 tr/m²",5,3,"Vĩnh Tuy, Hai Bà Trưng","20.995438583967832, 105.86776571638079"
42236579,04/03/2025,Bán căn hộ 3 PN tầng trung giá tốt nhất dự án Amber Riverside 622 Minh Khai: LH 0946 437 *** em Hải,Giá thỏa thuận,106 m²,N/A,3,2,"Vĩnh Tuy, Hai Bà Trưng","20.9982109069824, 105.870994567871"
40771772,04/03/2025,"Bán Penthouse Hoàng Thành Tower 460m2, dành cho giới triệu phú Đô La, View Hồ Gươm, Sông Hồng",90 tỷ,460 m²,"195,65 tr/m²",6,6,"Lê Đại Hành, Hai Bà Trưng","21.012306213378906, 105.84517669677734"
39301095,04/03/2025,Căn 1 ngủ tại Times City 4.5 tỷ. Nhà đẹp,Giá thỏa thuận,53 m²,N/A,1,N/A,"Vĩnh Tuy, Hai Bà Trưng","20.9943332672119, 105.867561340332"
42322497,04/03/2025,Căn có view phòng khách phòng ngủ master rộng nhất đẹp nhất tòa phân khu Times City + Nhạc Nước,"8,1 tỷ","90,1 m²","89,9 tr/m²",2,2,"Vĩnh Tuy, Hai Bà Trưng","20.994689869666583, 105.86875484405829"
42324618,04/03/2025,Căn hộ tập thể Nguyễn Công Trứ - Hai Bà Trưng - 3 ngủ - khách - bếp - 85m2,"2,95 tỷ",85 m²,"34,71 tr/m²",3,2,"Phố Huế, Hai Bà Trưng","21.013651693491, 105.853391838667"
42323683,04/03/2025,"Chính chủ bán nhà tầng 1 phố 8/3, sử dụng 35m 2 ngủ riêng biệt, 2 tỷ 030 tr có thương lượng","2,03 tỷ",35 m²,58 tr/m²,2,1,"Quỳnh Mai, Hai Bà Trưng","20.9985791626944, 105.86022333137"
42323395,04/03/2025,Bán nhà TT Nguyễn Công Trứ 85m - nhỉnh 2 tỷ - Phố Huế - Hai Bà Trưng - HN,"2,95 tỷ",85 m²,"34,71 tr/m²",N/A,N/A,"Phạm Đình Hổ, Hai Bà Trưng","21.0143708073988, 105.857229389203"
31273865,04/03/2025,"Bán căn 2PN đã có sổ đỏ giá tốt view sông Hồng, tầng đẹp. LH 0946 437 ***",Giá thỏa thuận,"74,16 m²",N/A,2,2,"Vĩnh Tuy, Hai Bà Trưng","20.9984855651855, 105.868659973145"
42285956,04/03/2025,"Bán gấp căn hộ Amber Riverside 106m2, 622 Minh Khai Hai Bà Trưng 8,3 tỷ","8,3 tỷ",106 m²,"78,3 tr/m²",3,2,"Vĩnh Tuy, Hai Bà Trưng","20.998196260223132, 105.8709874478518"
42322282,04/03/2025,"Bán CC tại Phố Đồng Nhân, 3 tỷ, 45m2, view đẹp, uy tín",3 tỷ,45 m²,"66,67 tr/m²",2,1,"Đồng Nhân, Hai Bà Trưng","21.0117274067018, 105.856649873811"
42101249,04/03/2025,BÁ.N CĂN 2PN 70M2 - 4 TỶ 2 - FULL NỘI THẤT - HÒA BÌNH GREEN CITY - 505 MINH KHAI,"4,2 tỷ",70 m²,60 tr/m²,2,2,"Vĩnh Tuy, Hai Bà Trưng","21.000266128080213, 105.87006750609029"
42318260,04/03/2025,Cực đẹp. An sinh đỉnh cao 3.05 tỷ. Tập thể Quỳnh Mai - Khu E tầng 2 - 2PN 1WC khép kín - DT 65m2,"3,05 tỷ",65 m²,"46,92 tr/m²",2,1,"Quỳnh Mai, Hai Bà Trưng","21.0007655855571, 105.860607500171"
41198585,04/03/2025,"CCMN trung tâm Hai Bà Trưng, quanh tổ hợp Bách Kinh Xây. Nhà ngay mặt phố di chuyển thuận tiện",2 tỷ,53 m²,"37,74 tr/m²",2,1,"Bách Khoa, Hai Bà Trưng","21.0060569681592, 105.847079303571"
41086979,04/03/2025,"Sổ đỏ chính chủ thiện chí bán 3PN góc hoa hậu 124,3m2 view thoáng nhà đẹp",Giá thỏa thuận,"124,3 m²",N/A,3,2,"Vĩnh Tuy, Hai Bà Trưng","21.00026512146, 105.869934082031"
41962248,04/03/2025,"Sổ Đỏ chính chủ cần bán căn hộ 2PN 95m2, nhỉnh 6 tỷ tại Hòa Bình Green City - LH: 0889 600 ***",Giá thỏa thuận,95 m²,N/A,2,2,"Vĩnh Tuy, Hai Bà Trưng","21.0000639813787, 105.870705175308"
42301241,03/03/2025,"Bán căn 3PN dự án Green Pearl 378 Minh Khai, hiếm, lô góc, view thoáng, full đồ, 140m2 từ 12tỷ","13,09 tỷ",140 m²,"93,5 tr/m²",3,2,"Vĩnh Tuy, Hai Bà Trưng","20.99691821719998, 105.86302262485451"
41990655,03/03/2025,Cần bán căn hộ 2 ngủ diện tích 77m2 thông thủy tại Imperia Sky Garden 423 Minh Khai,"5,5 tỷ",77 m²,"71,43 tr/m²",2,2,"Vĩnh Tuy, Hai Bà Trưng","20.998036568167183, 105.86630965806171"
41990754,03/03/2025,"Tôi cần bán nhà 3PN sổ đỏ 88m2, chính chủ đủ nội thất, không vay","6,8 tỷ",88 m²,"77,27 tr/m²",3,2,"Vĩnh Tuy, Hai Bà Trưng","20.9983832354076, 105.866859220984"
41990677,03/03/2025,Chính chủ do chuyển công tác cần bán gấp căn hộ 2 ngủ hoa hậu diện tích 81.5m2 thông thuỷ,6 tỷ,"81,5 m²","73,62 tr/m²",2,2,"Vĩnh Tuy, Hai Bà Trưng","20.998965579252, 105.867035570574"
39995669,03/03/2025,Chủ nhà cần bán gấp căn 2 ngủ 2WC góc diện tích 74m2 CC Green Pearl 378 Minh Khai. LH: 0948 247 ***,"5,9 tỷ",74 m²,"79,73 tr/m²",2,2,"Vĩnh Tuy, Hai Bà Trưng","20.99657048267452, 105.863514212722"
41764583,03/03/2025,Nhà đẹp độc lạ 3PN 95m2 Sunshine Garden- cạnh Timecity Hai Bà Trưng giá 6tỷ540 có sổ đỏ 0355 863 ***,"6,54 tỷ",95 m²,"68,84 tr/m²",3,2,"Vĩnh Tuy, Hai Bà Trưng","20.996269012267543, 105.87414075139664"
42322376,03/03/2025,"Bán căn hộ chung cư Sunshine Garden, 6,6 tỷ, 94,7m2, 3PN, 2WC giá siêu hời .LH 0982 623 *** Mr Thắng","6,6 tỷ","94,7 m²","69,69 tr/m²",3,2,"Vĩnh Tuy, Hai Bà Trưng","20.996661446533324, 105.87393401079116"
41292045,03/03/2025,"Chuyển nhượng căn 1PN Sunshine Garden giá 3,8tỷ tốt nhất thị trường. Liên hệ Em Long 0355 863 ***","3,78 tỷ",45 m²,84 tr/m²,1,1,"Vĩnh Tuy, Hai Bà Trưng","20.9962767600329, 105.87434534525"
41751632,03/03/2025,"Chủ nhà gửi bán căn hộ 3 ngủ 2WC, 108m2 6tỷ4 rẻ nhất Sunshine Garden - Em Long 0355 863 ***","6,4 tỷ",108 m²,"59,26 tr/m²",3,2,"Vĩnh Tuy, Hai Bà Trưng","20.9966850280762, 105.873847961426"
42321794,03/03/2025,"Cần tiền bán gấp CH Times City 3PN, full nội thất. Giá siêu rẻ 8,05 tỷ","8,05 tỷ",95 m²,"84,74 tr/m²",3,2,"Vĩnh Tuy, Hai Bà Trưng","20.99506441140367, 105.8672314395039"
42321732,03/03/2025,"Siêu hiếm căn hộ Park Hill 53m2, giá siêu rẻ 5 tỷ full nội thất cao cấp",5 tỷ,53 m²,"94,34 tr/m²",1,1,"Vĩnh Tuy, Hai Bà Trưng","20.993640357560537, 105.8679226112091"
42301098,03/03/2025,"Bán Căn hộ tập thể tầng 1 Phố Huế, sổ đỏ riêng, giá 2,5 tỷ có bớt Kinh doanh online, ô tô","2,5 tỷ",40 m²,"62,5 tr/m²",2,1,"Đồng Nhân, Hai Bà Trưng","21.0119239395808, 105.855563902572"
42045310,03/03/2025,"Cần tiền bán gấp căn góc Park Hill Premium 95m - 3PN, giá 9,1 tỷ full nội thất.","9,1 tỷ",95 m²,"95,79 tr/m²",3,2,"Vĩnh Tuy, Hai Bà Trưng","20.99642726165988, 105.86598416131365"
42317732,03/03/2025,Bán nhà tập thể tầng 3 siêu phẩm 113m2,"5,5 tỷ",113 m²,"48,67 tr/m²",3,2,"Bách Khoa, Hai Bà Trưng","21.0052811278244, 105.845992604904"
42321477,03/03/2025,Chính chủ bán căn hộ 6PN diện tích 250m2 view sông hồng tại dự án Sun grand Ancora số 3 Lương Yên,30 tỷ,255 m²,"117,65 tr/m²",6,4,"Bạch Đằng, Hai Bà Trưng","21.011628731910424, 105.8629350624825"
41944775,03/03/2025,Bán gấp căn hộ 2PN - 90m2 tại tòa 93 Lò Đúc - Kinh Đô Tower giá tốt có thỏa thuận sẵn sổ đỏ!,Giá thỏa thuận,90 m²,N/A,2,2,"Phạm Đình Hổ, Hai Bà Trưng","21.015553081943391, 105.85716871888123"
39009176,03/03/2025,Bán căn hộ góc 3 phòng ngủ 135m2 view sông Hồng đẹp nhất dự án dự án Sun Grand City Ancora,Giá thỏa thuận,135 m²,N/A,3,2,"Bạch Đằng, Hai Bà Trưng","21.0116748809814, 105.862678527832"
40550212,03/03/2025,Cần bán gấp căn hộ 3PN - tầng trung toà T18 Times City full nội thất đẹp.,"8,3 tỷ",95 m²,"87,37 tr/m²",3,2,"Vĩnh Tuy, Hai Bà Trưng","20.994333267211914, 105.86756134033203"
42283619,03/03/2025,Gia đình bán căn 2N tòa đẹp nhất Hinode City giá 6.5 tỷ full đồ. Lh 0868 291 *** (xem nhà miễn phí),"6,5 tỷ",82 m²,"79,27 tr/m²",2,2,"Minh Khai, Hai Bà Trưng","20.996611658646742, 105.86115657872998"
39844940,03/03/2025,"Giá rẻ bán căn 2 ngủ tòa T8 Times City Hai Bà Trưng, giá 6.1 tỷ thu về. LH 0979 702 ***","6,1 tỷ",83 m²,"73,49 tr/m²",2,2,"Vĩnh Tuy, Hai Bà Trưng","20.99479103088379, 105.86784362792969"
34970612,03/03/2025,Chính chủ cần bán gấp căn hộ 2 ngủ 2WC 81.74m2,Giá thỏa thuận,"81,74 m²",N/A,2,2,"Vĩnh Tuy, Hai Bà Trưng","20.9984378814697, 105.866737365723"
37763796,03/03/2025,"Chính chủ do chuyển công tác cần bán gấp căn hộ 2 ngủ hoa hậu diện tích 81,5m2 thông thuỷ","5,95 tỷ","81,5 m²","73,01 tr/m²",2,2,"Vĩnh Tuy, Hai Bà Trưng","20.9984378814697, 105.866737365723"
36148189,03/03/2025,Chính chủ cần bán cắt lỗ căn hộ 3 ngủ góc 103m2 giá 7.1 tỷ,"7,1 tỷ",103 m²,"68,93 tr/m²",3,2,"Vĩnh Tuy, Hai Bà Trưng","20.9984378814697, 105.866737365723"
37745729,03/03/2025,Chính chủ bán gấp căn hộ 3 ngủ góc full đồ,7 tỷ,103 m²,68 tr/m²,3,2,"Vĩnh Tuy, Hai Bà Trưng","20.9984378814697, 105.866737365723"
34211911,03/03/2025,"Chính chủ cần bán căn hộ 3 ngủ 2WC 88m2, full đồ, giá 5.2 tỷ (cần bán gấp)","6,2 tỷ",88 m²,"70,46 tr/m²",3,2,"Vĩnh Tuy, Hai Bà Trưng","20.998502087366038, 105.86682769221797"
36005190,03/03/2025,"Chính chủ cần bán gấp căn hộ 2 ngủ 60m2, giá 4.3 tỷ full nội thất","4,3 tỷ",60 m²,"71,67 tr/m²",2,1,"Vĩnh Tuy, Hai Bà Trưng","20.9984378814697, 105.866737365723"
42320007,03/03/2025,Chính chủ cần bán gấp căn tập thể tầng 3 Lò Đúc - Hai Bà Trưng - 40m2,"2,2 tỷ",40 m²,55 tr/m²,2,1,"Đồng Nhân, Hai Bà Trưng","21.0114444644734, 105.856607622414"
40191228,03/03/2025,Vợ chồng tôi bán căn góc 3ngủ 125m view sông chung cư Sun Ancora số 3 Lương Yên,Giá thỏa thuận,125 m²,N/A,3,2,"Bạch Đằng, Hai Bà Trưng","21.011675, 105.86268"
42106524,03/03/2025,"Chính chủ bán căn TT 8/3 - Hai Bà Trưng/ tầng 3, nhà thoáng đẹp ở ngay giá chỉ 2.3 tỷ","2,3 tỷ",20 m²,115 tr/m²,2,1,"Thanh Nhàn, Hai Bà Trưng","20.9984384972761, 105.860264028024"
42048616,03/03/2025,"Chính chủ thiện chí bán gấp căn 3PN đẹp keng nhà mới nội thất đập hộp, liên hệ; 0397 934 ***","6,15 tỷ","88,3 m²","69,65 tr/m²",3,2,"Vĩnh Tuy, Hai Bà Trưng","20.999340930220583, 105.87607166316461"
35402995,03/03/2025,Chuyển đổi nhanh căn 2PN - 2WC - Tầng Trung Nhà Mới - Chủ nhà thiện chí -0395 084 ***,"7,2 tỷ",76 m²,"94,74 tr/m²",2,2,"Minh Khai, Hai Bà Trưng","20.995958620165077, 105.86126179259"
32673941,03/03/2025,"Chính chủ - bán chung cư C2 đại học Bách Khoa - Đại Cồ Việt - Hai Bà Trưng, về ở ngay, tách sổ hồng",989 triệu,58 m²,"17,05 tr/m²",2,2,"Lê Đại Hành, Hai Bà Trưng","21.0081338, 105.8462749"
41723019,03/03/2025,"Bán căn hộ 1PN, 1WC, 53m2, 4,5 tỷ tại Times City, Minh Khai, Hai Bà Trưng, Hà Nội","4,5 tỷ",53 m²,"84,91 tr/m²",1,1,"Vĩnh Tuy, Hai Bà Trưng","20.994791030883789, 105.86784362792969"
42182163,03/03/2025,Chính chủ bán căn hộ 265m2 Times City / 5 ngủ / 27 tỷ full nội thất,27 tỷ,265 m²,"101,89 tr/m²",5,4,"Vĩnh Tuy, Hai Bà Trưng","20.99426145390404, 105.86790065671399"
42310905,03/03/2025,"Bán căn hộ 1PN, 1WC tại T9 Times City, 5,6 tỷ, 50m2, giá siêu hời, uy tín","5,6 tỷ",50 m²,112 tr/m²,1,1,"Vĩnh Tuy, Hai Bà Trưng","20.9947265026886, 105.867823533951"
42318934,03/03/2025,"Gấp hiếm! Nhà tập thể 8/3, 60m2, tầng 3, 2 ngủ, full đồ ở luôn, chỉ 2,29 tỷ","2,29 tỷ",60 m²,"38,17 tr/m²",2,1,"Quỳnh Mai, Hai Bà Trưng","20.998653739862, 105.860291990078"
41001296,03/03/2025,"Hot các căn đập thông khu Park, dự án Times City Hai Bà Trưng, giá 18 tỷ, LH 0979 702 ***",18 tỷ,160 m²,"112,5 tr/m²",4,3,"Vĩnh Tuy, Hai Bà Trưng","20.994457357002346, 105.86740620368538"
39676567,03/03/2025,"Giá tốt em có căn góc 3 ngủ tòa Park 12, Hai Bà Trưng, DT 122m2, giá 11.3 tỷ. LH 0979 702 ***","11,3 tỷ",122 m²,"92,62 tr/m²",3,2,"Vĩnh Tuy, Hai Bà Trưng","20.9965782165527, 105.865196228027"
41834748,03/03/2025,Bán căn hộ 1 phòng ngủ Sunshine Garden Minh Khai giá chỉ 3tỷ8 full đồ - em Cường 0976 044 ***,"3,8 tỷ",46 m²,"82,61 tr/m²",1,N/A,"Vĩnh Tuy, Hai Bà Trưng","20.996971395838585, 105.87372930924866"
42170977,03/03/2025,Bán căn 3 phòng ngủ góc hoa hậu 105m2 ban công dài Sunshine Garden giá chỉ 8tỷ Em Cường 0976 044 ***,8 tỷ,105 m²,"76,19 tr/m²",3,2,"Vĩnh Tuy, Hai Bà Trưng","20.9959169056326, 105.874237945347"
41431171,03/03/2025,Bán 3 phòng ngủ 95m2 Sunshine Garden full đồ giá chỉ 6tỷ750 - E Cường 0976 044 ***,"6,75 tỷ",95 m²,"71,05 tr/m²",3,2,"Vĩnh Tuy, Hai Bà Trưng","20.9966850280762, 105.873847961426"
41734255,03/03/2025,Bán gấp - chung cư giá rẻ N1 Đại Cồ Việt - Trần Khát Chân - Hai Bà Trưng - Full nội thất,1 tỷ,50 m²,20 tr/m²,N/A,N/A,"Đồng Nhân, Hai Bà Trưng","21.0090221736067, 105.860447073383"
42318150,03/03/2025,"Tập thể 8/3, Hai Bà Trưng. DT 90m2, tầng 4, giá 3,05 tỷ. Nhà đẹp, full nội thất cao cấp","3,05 tỷ",90 m²,"33,89 tr/m²",3,2,"Quỳnh Mai, Hai Bà Trưng","20.9987908976798, 105.860129832904"
42317784,03/03/2025,"Tập thể tầng 2 Quỳnh Mai, Hai Bà Trưng. DT 60m2, giá 2,89 tỷ. 2 ngủ đủ công năng, lô góc mặt đường","2,89 tỷ",60 m²,"48,17 tr/m²",2,2,"Quỳnh Mai, Hai Bà Trưng","21.0012263340374, 105.860558969506"
42221664,03/03/2025,"Bán penthouse 3tầng góc, 450m2 thang máy riêng, đẳng cấp sống giới thượng lưu, full nội thất Fendi",90 tỷ,450 m²,200 tr/m²,5,5,"Lê Đại Hành, Hai Bà Trưng",N/A
42317596,03/03/2025,"Bán căn 3 phòng ngủ, 114m2 giá 7.5 tỷ, full nội thất chỉ việc ở, có slot ô tô, Thăng Long Garden","7,5 tỷ",114 m²,"65,79 tr/m²",3,2,"Minh Khai, Hai Bà Trưng","20.993468468987533, 105.85710661038581"
42316823,03/03/2025,"Bán chung cư May Thăng Long 2 ngủ, 2WC 74.2m2 đã có sổ","4,7 tỷ","74,2 m²","63,34 tr/m²",2,2,"Minh Khai, Hai Bà Trưng","20.993614442777943, 105.85798701446323"
42277061,03/03/2025,"Bán căn 3PN góc đẹp nhất Hinode City, full đồ đẹp giá 9 tỷ. LH 0868 291 *** xem nhà miễn phí",10 tỷ,105 m²,"95,24 tr/m²",3,2,"Minh Khai, Hai Bà Trưng","20.99557695250736, 105.86096028745725"
42316897,03/03/2025,Chính chủ cần bán căn 4PN CC Amber 622 Minh Khai,"11,3 tỷ",150 m²,"75,33 tr/m²",3,3,"Vĩnh Tuy, Hai Bà Trưng","20.998098293211637, 105.87091624113756"
42305456,03/03/2025,Bán căn tập thể Việt Xô 42m2 tầng 2 giá 2.35 tỷ,"2,35 tỷ",42 m²,"55,95 tr/m²",2,1,"Bạch Đằng, Hai Bà Trưng","21.0132066854028, 105.861742174696"
42316956,03/03/2025,"Bán căn Tập thể Quỳnh Mai 55m2, SĐCC, 55m2 giá 2,1 tỷ","2,1 tỷ",55 m²,"38,18 tr/m²",2,1,"Quỳnh Mai, Hai Bà Trưng","21.0007620471523, 105.860336960212"
39925187,03/03/2025,Bán căn góc 3 ngủ hoa hậu tại Hinode City giá cực tốt - 201 Minh Khai,Giá thỏa thuận,"106,9 m²",N/A,3,2,"Minh Khai, Hai Bà Trưng","20.9959945678711, 105.861267089844"
41850269,03/03/2025,Anh trai em cần bán căn 2PN view sông hoa hậu tòa B chung cư Hòa Bình Green City,4 tỷ,70 m²,"57,14 tr/m²",2,2,"Vĩnh Tuy, Hai Bà Trưng","21.000023077918872, 105.8703977314289"
41020604,03/03/2025,"Bán nhà tập thể Quỳnh Mai khu C, SĐCC 62m2 chỉ 2,15 tỷ","2,15 tỷ",62 m²,"34,68 tr/m²",N/A,N/A,"Quỳnh Mai, Hai Bà Trưng","21.0008436064913, 105.860684249224"
42316692,03/03/2025,Chỉ 2.15 tỷ. Căn hộ tập thể Phố 8.3 - Quỳnh Mai. 2PN 1WC đủ công năng. Thoáng sáng,"2,15 tỷ",48 m²,"44,79 tr/m²",2,1,"Quỳnh Mai, Hai Bà Trưng","20.9983441479794, 105.860620819573"
42281355,03/03/2025,"Giá rẻ giật mình! Bán căn góc 3PN, 110m2 Times City, view hồ nước. Giá chỉ 9.35tỷ. LH: 096298482","9,35 tỷ",110 m²,85 tr/m²,3,2,"Vĩnh Tuy, Hai Bà Trưng","20.994791, 105.86784"
42264389,03/03/2025,"Tôi chính chủ cần bán căn hộ Skylight 125D Minh Khai, Hai Bà Trưng, Hà Nội. LH: 0848 123 ***","5,5 tỷ",97 m²,"56,7 tr/m²",2,2,"Minh Khai, Hai Bà Trưng","20.9966183938265, 105.855180213467"
41876210,03/03/2025,"Bán căn chung cư T01 Times City, Minh Khai, Hai Bà Trưng DT 85m2, 2PN, 2WC, tầng trung, hướng Nam","7,48 tỷ",85 m²,88 tr/m²,2,2,"Vĩnh Tuy, Hai Bà Trưng","20.99503702046775, 105.86806886968064"
42114777,03/03/2025,"Chủ nhà cực lộc cần bán 4PN tại Parkhill tâm huyết độc bản DT 153m2, 4PN + 3WC + 2PN master. Giá 1X","11,69 tỷ",153 m²,"76,4 tr/m²",4,3,"Vĩnh Tuy, Hai Bà Trưng","20.994017595139876, 105.86828481825552"
40848752,03/03/2025,"Chính chủ cần bán nhanh căn hộ 2PN - Park Hill Times City, diện tích 79m2, nhà như ảnh, giá 6.5 tỷ","6,5 tỷ",79 m²,"82,28 tr/m²",2,2,"Vĩnh Tuy, Hai Bà Trưng","20.9943332672119, 105.867561340332"
40687307,03/03/2025,"Chính chủ bán căn 3PN - Park Premium - Times City, 116m2, ban công Nam, view thành phố, giá 9.25 tỷ","9,25 tỷ",116 m²,"79,74 tr/m²",3,2,"Vĩnh Tuy, Hai Bà Trưng","20.9968744597382, 105.86440639060382"
41991257,03/03/2025,"Bán căn hộ 250 Minh Khai, Hai Bà Trưng, Hà Nội. Diện tích: 74,2m2","4,6 tỷ","74,2 m²",62 tr/m²,2,2,"Minh Khai, Hai Bà Trưng","20.9943180765013, 105.857280961258"
42315310,03/03/2025,Chính chủ cần bán căn góC 2PN CC 536A Minh Khai - Vinahud Cửu Long,"4,5 tỷ",55 m²,"81,82 tr/m²",2,2,"Vĩnh Tuy, Hai Bà Trưng","20.998574698395213, 105.869421407231"
41524245,03/03/2025,Bán căn hộ 87 m2 toà 310 Minh Khai số 18 Tam Trinh (Gần Cầu Mai Động) vị trí trung tâm,Giá thỏa thuận,98 m²,N/A,2,2,"Minh Khai, Hai Bà Trưng","20.9927255549052, 105.862626262962"
41255996,03/03/2025,Bán căn hộ 3 PN full đồ toà 310 Minh Khai số 18 Tam Trinh (Gần Cầu Mai Động),5 tỷ,98 m²,"51,02 tr/m²",3,2,"Minh Khai, Hai Bà Trưng","20.9928599644559, 105.86304345633"
41267855,03/03/2025,"Bán căn hộ chung cư cao cấp Skylight Hòa Bình 6, 108m2 3 phòng ngủ 2 wc 1 phòng khách rộng hơn 6 tỷ","6,6 tỷ",108 m²,"61,11 tr/m²",3,2,"Minh Khai, Hai Bà Trưng","20.9968338012695, 105.855499267578"
42315698,03/03/2025,"Bán căn tập thể 2PN, 2WC, 2 tầng 86m2 tại Phố Huế, Hai Bà Trưng, Hà Nội, giá siêu hời 2,9 tỷ","2,9 tỷ",86 m²,"33,72 tr/m²",2,2,"Phố Huế, Hai Bà Trưng","21.0106641166449, 105.853574045257"
42160856,03/03/2025,"Bán căn góc 03PN sáng tại tòa Park 12 giá chỉ 9,1 tỷ. LH 0977 088 ***","9,1 tỷ",95 m²,"95,79 tr/m²",3,2,"Vĩnh Tuy, Hai Bà Trưng","20.9964189480593, 105.8658482472"
40906944,03/03/2025,"Bán gấp căn 02PN 75m2 có slot ô tô tại tòa T05 Times City giá chỉ 6,150 tỷ. LH 0977 088 ***","6,15 tỷ",76 m²,"80,92 tr/m²",2,2,"Vĩnh Tuy, Hai Bà Trưng","20.9947910308838, 105.86784362793"
37725375,03/03/2025,"Bán căn hộ TT tầng thấp K9, Bộ Đội Biên Phòng, Nguyễn Khoái, 98m2, 4PN, ở luôn 3.9 tỷ, 0366 051 ***","3,9 tỷ",98 m²,"39,8 tr/m²",4,2,"Bạch Đằng, Hai Bà Trưng","21.0126336, 105.8634903"
42314294,03/03/2025,"Bán nhà tập thể Nguyễn Công Trứ, Thọ Lão, 2 ngủ, 2wc, nhà đẹp, ở ngay, cho thuê 8tr/tháng","2,7 tỷ",70 m²,"38,57 tr/m²",N/A,N/A,"Lê Đại Hành, Hai Bà Trưng","21.0110347776276, 105.857431294977"
42313580,03/03/2025,Chính chủ cần bán căn hộ chung cư ngõ 622 Minh Khai hàng xóm Times City - sổ đỏ đầy đủ,"4,4 tỷ",65 m²,"67,69 tr/m²",2,1,"Minh Khai, Hai Bà Trưng","20.9984864551839, 105.86884622839"
36361390,03/03/2025,Bán nhanh căn 83m2 - 2PN sáng - Times City - Giá siêu 6.4 tỷ. LH: 0901 793 ***,"6,4 tỷ",83 m²,"77,11 tr/m²",2,2,"Vĩnh Tuy, Hai Bà Trưng","20.9947910308838, 105.86784362793"
41062525,03/03/2025,"Siêu phẩm căn góc 4PN Park Hill, tầng đẹp, view siêu thoáng. 14. X tỷ, nhà siêu đẹp LH: 0901 793 ***",14 tỷ,143 m²,"97,9 tr/m²",4,3,"Vĩnh Tuy, Hai Bà Trưng","20.994333267211914, 105.86756134033203"
42096688,03/03/2025,"5,3 TỶ TIME CITY SIÊU HIẾM CC CAO CẤP CỦA TẬP ĐOÀN VINGROUP, QUÝ KHÁCH KHÔNG NÊN BỎ QUA CƠ HỘI NÀY","5,3 tỷ",80 m²,"66,25 tr/m²",3,3,"Vĩnh Tuy, Hai Bà Trưng","20.995274735087452, 105.86762643350893"
41821994,03/03/2025,"Bán căn 1PN tòa Park 12 Times City, giá 5,3 tỷ. LH E Tài: 0813 489 ***","5,3 tỷ",58 m²,"91,38 tr/m²",1,1,"Vĩnh Tuy, Hai Bà Trưng","20.996545038897459, 105.86519871024962"
42311963,03/03/2025,"Bán chung cư Handico 5 - 622 Minh Khai, 65m2, 2 ngủ, 2wc chỉ 4,5 tỷ","4,5 tỷ",65 m²,"69,23 tr/m²",2,2,"Minh Khai, Hai Bà Trưng","20.9975759706035, 105.867564898135"
42285873,03/03/2025,Cần bán căn hộ 2 ngủ nhà nguyên bản Times City 95m2,"7,5 tỷ",95 m²,"78,95 tr/m²",2,2,"Vĩnh Tuy, Hai Bà Trưng","20.9944914273803, 105.867587196923"
42180884,03/03/2025,"Bán tập thể Nguyễn Công Trứ 90m2, 2.98 tỷ - duplex - 03 ngủ - ngõ ô tô - Hai Bà Trưng","2,98 tỷ",90 m²,"33,11 tr/m²",3,2,"Ngô Thì Nhậm, Hai Bà Trưng","21.0133866731783, 105.853292336475"
42307411,03/03/2025,"Bán nhà tập thể Thọ Lão, Hai Bà Trưng, 70m2, 2 ngủ, 3 mặt thoáng, nhà đẹp, ở ngay, gần ô tô đỗ","2,7 tỷ",70 m²,"38,57 tr/m²",2,2,"Đồng Nhân, Hai Bà Trưng","21.0114764447312, 105.857463889"
42221687,03/03/2025,(Chính chủ) chào bán căn hộ 02 ngủ full đồ | Imperia Sky Garden | view sông hồng cực đẹp,"7,4 tỷ","81,3 m²","91,02 tr/m²",2,2,"Vĩnh Tuy, Hai Bà Trưng","20.99842805055449, 105.86678371499484"
42243643,03/03/2025,Bán căn nhà tập thể Hai Bà Trưng full nội thất đẹp ô tô đỗ cửa,"2,39 tỷ",65 m²,"36,77 tr/m²",N/A,N/A,"Bạch Mai, Hai Bà Trưng","20.9982814320798, 105.850321992659"
42225113,03/03/2025,"3.45 tỷ, nhà tập thể phố Lạc Trung, diện tích sổ đỏ gần 54m2, ô tô đỗ chân cầu thang, dân trí cao","3,45 tỷ","52,75 m²","65,4 tr/m²",2,1,"Vĩnh Tuy, Hai Bà Trưng","21.003239402632, 105.865641552138"
42313840,03/03/2025,"Bán căn hộ tầng đẹp, toà Green Pearl - view triệu đô, full nội thất xịn, 2 phòng ngủ, sổ đỏ lâu dài","7,05 tỷ",76 m²,"92,76 tr/m²",2,2,"Vĩnh Tuy, Hai Bà Trưng","20.9961369164198, 105.863544030709"
42204193,03/03/2025,"Cần bán nhà tập thể phố Thanh Nhàn, Q. Hai Bà Trưng, DT 55m2, tầng 3, giá chỉ hơn 2.39 tỷ","2,39 tỷ",55 m²,"43,46 tr/m²",2,2,"Thanh Nhàn, Hai Bà Trưng","21.0026198938771, 105.85629995862"
42276963,03/03/2025,Bán căn ĐẬP THÔNG DUY NHẤT 236m2 tại Sun Grand City Ancora Residence,30 tỷ,236 m²,"127,12 tr/m²",6,4,"Bạch Đằng, Hai Bà Trưng","21.0110166173086, 105.863315390765"
42192930,02/03/2025,"Bán Căn Hộ 2PN Giá 5 tỷ hướng đông mát mẻ , sẵn sổ đỏ , tầng cao view sông hồng tại IMPERIA",5 tỷ,63 m²,"79,36 tr/m²",2,1,"Vĩnh Tuy, Hai Bà Trưng","20.998428742252294, 105.86656766703241"
42222287,02/03/2025,"Bán căn góc 150m2 chung cư Green Pearl full nội thất nhập khẩu phong cách hiện đại, sang trọng",Giá thỏa thuận,152 m²,N/A,3,3,"Vĩnh Tuy, Hai Bà Trưng","20.9968390080783, 105.862909943817"
40976104,02/03/2025,"Chính chủ bán gấp căn hộ 113m2 tòa Lilama 124 Minh Khai, Hai Bà Trưng, căn góc cực thoáng mát","6,25 tỷ",113 m²,"55,31 tr/m²",2,2,"Minh Khai, Hai Bà Trưng","20.994713, 105.853065"
41006340,02/03/2025,"Bán căn hộ 4PN, 3WC 129m2 Sunshine Garden Minh Khai giá chỉ 6tỷ8 - Em Cường 0976 044 ***","6,8 tỷ",129 m²,"52,71 tr/m²",4,3,"Vĩnh Tuy, Hai Bà Trưng","20.9966850280762, 105.873847961426"
40363447,02/03/2025,Bán căn duplex 200m2 3PN Sky Light 12 tỷ,12 tỷ,200 m²,60 tr/m²,3,4,"Minh Khai, Hai Bà Trưng","20.996833801269531, 105.85549926757813"
41193096,02/03/2025,"Chính chủ cần bán gấp căn hộ một ngủ toà Park 7 Times City, nội thất cao cấp. Giá 5 tỷ có bớt",5 tỷ,58 m²,"86,21 tr/m²",1,1,"Vĩnh Tuy, Hai Bà Trưng","20.9979004131782, 105.866718814809"
40652598,02/03/2025,"Bán căn 3PN - 93m2, view sông Hồng cầu Vĩnh Tuy, giá bán 6,15 tỷ có gia lộc. LH 0943 358 ***","6,15 tỷ",93 m²,"66,13 tr/m²",3,2,"Vĩnh Tuy, Hai Bà Trưng","20.999224077476452, 105.87590686383676"
38998107,02/03/2025,Bán căn hộ 2PN 85m2 chung cư Sunshine Garden,"5,28 tỷ",85 m²,"62,12 tr/m²",3,2,"Vĩnh Tuy, Hai Bà Trưng","20.9966850280762, 105.873847961426"
39509587,02/03/2025,"Bán căn hộ 2PN, 75m2 chung cư Imperia Sky Garden","5,95 tỷ",75 m²,"79,33 tr/m²",2,2,"Vĩnh Tuy, Hai Bà Trưng","20.9984378814697, 105.866737365723"
42311038,02/03/2025,Cần bán gấp 100m Sungrand City Ancora Lương yên,Giá thỏa thuận,100 m²,N/A,2,2,"Bạch Đằng, Hai Bà Trưng","21.011728709857337, 105.86272175093629"
42306726,02/03/2025,"Siêu phẩm tập thể Thanh Nhàn 110m2 5 ngủ 3WC giá chỉ 3,6 tỷ","3,6 tỷ",110 m²,"32,73 tr/m²",4,3,"Thanh Nhàn, Hai Bà Trưng","21.0028823209915, 105.855974518821"
41616087,02/03/2025,"Chính chủ gửi bán căn 3N2WC giá 8 tỷ, DT 97m2 góc, tầng trung. Liên hệ: 0948 247 ***",8 tỷ,97 m²,"82,47 tr/m²",3,2,"Vĩnh Tuy, Hai Bà Trưng","20.996857385234964, 105.86360750729717"
39995642,02/03/2025,"Chính chủ cần bán gấp căn 3N 2WC DT 88m2, tầng trung, view thoáng mát Green Pearl 378 Minh Khai","6,8 tỷ",88 m²,"77,27 tr/m²",3,2,"Vĩnh Tuy, Hai Bà Trưng","20.9965381622314, 105.863388061523"
41614088,02/03/2025,"Chính chủ bán căn 3 ngủ 3wc DT 139m2 thông thủy, tầng trung view thoáng, độc bản đẳng cấp",11 tỷ,139 m²,"79,14 tr/m²",3,3,"Vĩnh Tuy, Hai Bà Trưng","20.996538, 105.86339"
42310599,02/03/2025,Bán căn hộ CC cao cấp Green Pearl - 378 Minh Khai - view triệu đô - full đồ xịn - 2 ngủ - 7.05 tỷ,"7,05 tỷ",74 m²,"95,27 tr/m²",2,2,"Vĩnh Tuy, Hai Bà Trưng","20.996113951809686, 105.86259864840353"
41996309,02/03/2025,"Chính chủ Bán căn hộ 250 Minh Khai, Hai Bà Trưng, Hà Nội. DT: 80m2 ngủ 2WC LH: 0962 552 ***",Giá thỏa thuận,80 m²,N/A,2,2,"Minh Khai, Hai Bà Trưng","20.993574607047414, 105.85691147518018"
42310156,02/03/2025,"Bán tập thể TTXVN Bùi Ngọc Dương, 45m2, 2 ngủ, SĐCC chỉ 2,58 tỷ","2,58 tỷ",45 m²,"57,33 tr/m²",2,1,"Bạch Mai, Hai Bà Trưng","21.0004698914245, 105.85324890298"
42309971,02/03/2025,"Bán căn hộ chung cư tại Times City, 27 tỷ, 265 m2,",27 tỷ,265 m²,"101,89 tr/m²",N/A,N/A,"Vĩnh Tuy, Hai Bà Trưng","20.99505948222524, 105.86709523321178"
42258686,02/03/2025,"Chủ cần bán gấp! Amber Riverside - 110m2 - 3 ngủ 2 vệ sinh, full nội thất, nhỉnh 8 tỷ","8,3 tỷ",110 m²,"75,46 tr/m²",3,2,"Vĩnh Tuy, Hai Bà Trưng","20.998067693756024, 105.87095818092773"
39196322,02/03/2025,"Bán biệt thự trên mây đẳng cấp giới tài phiệt, 600m2 CC Thăng Long Garden, bể bơi riêng siêu vip",38 tỷ,600 m²,"63,33 tr/m²",5,4,"Minh Khai, Hai Bà Trưng","20.99393935226349, 105.85706397461387"
41363077,02/03/2025,"Bán căn penthouse & Duplex diện tích 330m2, 4PN, 3 WC. Full nội thất siêu đẹp, phong cách hiện đại",24 tỷ,330 m²,"72,73 tr/m²",4,3,"Vĩnh Tuy, Hai Bà Trưng","20.9947910308838, 105.86784362793"
42286531,02/03/2025,"Bán chung cư phố Nguyễn Công Trứ, diện tích 76 m2, sổ hồng sẵn sàng giao dịch, giá 5,88 tỷ","5,88 tỷ",76 m²,"77,37 tr/m²",2,1,"Phố Huế, Hai Bà Trưng","21.0137950856837, 105.853469235184"
42125938,02/03/2025,"Căn góc 3PN toà T8, tầng đẹp, nội thất cao cấp cần bán gấp!!!","9,8 tỷ",100 m²,98 tr/m²,3,2,"Vĩnh Tuy, Hai Bà Trưng","20.994897854507613, 105.86767395949573"
41812256,02/03/2025,"Bán tập thể Hai Bà Trưng tầng trung, thoáng, nội thất đẹp, ở ngay, gần hồ - 2.35 tỷ","2,35 tỷ",60 m²,"39,17 tr/m²",2,1,"Đồng Nhân, Hai Bà Trưng","21.0117588741084, 105.85663678077"
41967990,02/03/2025,"Chính chủ gửi bán căn hộ 4PN, 2WC 128m2 6tỷ5 - rẻ nhấT Sunshine Garden - Em Long 0355 863 ***","6,5 tỷ",128 m²,"50,78 tr/m²",4,3,"Vĩnh Tuy, Hai Bà Trưng","20.99677873886705, 105.87387912993027"
41589315,02/03/2025,Tập thể Lê Gia Định - Nguyễn Công Trứ - nhà đẹp - lô góc - gần hồ - 19/60m2 - T3 - 2.3x tỷ,"2,35 tỷ",60 m²,"39,17 tr/m²",2,1,"Đồng Nhân, Hai Bà Trưng","21.0115323658639, 105.85684818033"
42181364,02/03/2025,"Bán căn hộ 1PN 46m2 chỉ 3,8tỷ rẻ nhất chung cư Sunshine Garden - Em Long 0355 863 ***","3,8 tỷ",46 m²,"82,61 tr/m²",1,N/A,"Vĩnh Tuy, Hai Bà Trưng","20.996293952903237, 105.87337118693698"
42158721,01/03/2025,"Gia đình cần bán nhà ở tập thể Đại La, 2 phòng ngủ, 60m2, để lại nội thất xịn sò, giá 2.8 tỷ","2,8 tỷ",60 m²,"46,67 tr/m²",2,N/A,"Đồng Tâm, Hai Bà Trưng","20.9983106038698, 105.844699931548"
40480132,01/03/2025,Bán căn hộ chung cư Phố Vọng - Giải Phóng 37 - 50 - 65m2 giá từ 700tr/căn sổ đỏ,Giá thỏa thuận,51 m²,N/A,2,1,"Đồng Tâm, Hai Bà Trưng","20.9965735, 105.8427701"
42094116,01/03/2025,"Bán gấp căn hộ 2PN tại Thăng Long Garden, 4,7 tỷ, 74,2m2","4,7 tỷ","74,2 m²","63,34 tr/m²",2,2,"Minh Khai, Hai Bà Trưng","20.99381573490976, 105.85768030300171"
42305543,01/03/2025,Chỉ 1 căn duy nhất! Giá nhỉnh 2 tỷ. Tập thể Công Nghiệp Nhẹ - Thọ Lão - sổ 22m2 - SD 60m2 2PN 1WC,"2,15 tỷ",60 m²,"35,83 tr/m²",2,1,"Phố Huế, Hai Bà Trưng","21.0109051593877, 105.857858326215"
42191914,01/03/2025,"Tập thể Nguyễn Công Trứ diện tích sử dụng 90m2 3PN 3,25 tỷ ngõ ô tô Hai Bà Trưng","3,25 tỷ","22,2 m²","146,4 tr/m²",3,2,"Đồng Nhân, Hai Bà Trưng","21.011492767305, 105.856430727415"
42031446,01/03/2025,"Chính chủ bán, căn hộ TT tầng 2, phố Bùi Ngọc Dương, sử dụng 68m2. Ô tô đỗ chân cầu thang. 2,95tỷ","2,95 tỷ",68 m²,"43,38 tr/m²",3,1,"Bạch Mai, Hai Bà Trưng","21.0002967510606, 105.852904434392"
42202023,01/03/2025,"Cần bán nhanh căn 125m2, 2PN ở Hoàng Thành Tower - 114 Mai Hắc Đế. Giá thoả thuận. LH 0906 244 ***",Giá thỏa thuận,125 m²,N/A,2,2,"Lê Đại Hành, Hai Bà Trưng","21.012306, 105.84518"
42181689,01/03/2025,Bán gấp căn hộ tập thể Phố Thanh Nhàn. 2.39 tỷ. 2PN 1WC khép kín - 52m2 - Full nội thất,"2,39 tỷ",52 m²,"45,96 tr/m²",2,1,"Bạch Mai, Hai Bà Trưng","21.0030410958766, 105.853729565902"
42208243,01/03/2025,Chính chủ bán căn hộ Hoà Bình Green City (miễn TG),Giá thỏa thuận,72 m²,N/A,2,2,"Vĩnh Tuy, Hai Bà Trưng","20.9993998603063, 105.870085150662"
42304180,01/03/2025,2 phòng ngủ ban công dài nhất Times City Park Hill rộng 87m2 đủ đồ,"7,9 tỷ",87 m²,"90,8 tr/m²",2,2,"Vĩnh Tuy, Hai Bà Trưng","20.9945641756447, 105.866793144795"
42099749,01/03/2025,"Bán cặp căn góc đập thông 212m2 4PN Times City, Hướng ĐN, Giá 24,5 tỷ bao phí. LH: 0962 984 ***","24,5 tỷ",185 m²,"132,43 tr/m²",4,4,"Vĩnh Tuy, Hai Bà Trưng","20.994333267211914, 105.86756134033203"
42196368,01/03/2025,SIÊU PHẨM CĂN HỘ 1PN - 57M - FULL NỘI THẤT ĐỈNH CAO - VIEW TRIỆU ĐÔ - CHỈ 4.7 TỶ,"4,7 tỷ",57 m²,"82,46 tr/m²",1,1,"Vĩnh Tuy, Hai Bà Trưng","20.994562458229137, 105.8680010827872"
42011610,01/03/2025,"Bán tập thể Q100, Trần Đại Nghĩa, TT Hai Bà Trưng, tầng 2 x 2PN, căn góc 3 thoáng, chỉ 4,15 tỷ","4,15 tỷ",79 m²,"52,53 tr/m²",2,1,"Bách Khoa, Hai Bà Trưng","21.0056090847596, 105.845461749236"
42185513,01/03/2025,"Cực hiếm - bán TT Trần Đại Nghĩa - tầng 3 - 50/115m x 3PN/2WC ôtô dừng đỗ - ở cực sướng - giá 5,5tỷ","5,5 tỷ",115 m²,"47,83 tr/m²",3,2,"Bách Khoa, Hai Bà Trưng","21.0055559545702, 105.845851734386"
38627037,01/03/2025,"Thông báo mở bán CHCC 622 Minh Khai, căn 2PN 3PN, LH TPKD 0965 180 ***",Giá thỏa thuận,68 m²,N/A,2,2,"Minh Khai, Hai Bà Trưng","20.99801, 105.86836"
42302879,01/03/2025,"Bán CC mini đẹp tại Trương Định, 11,6 tỷ, 66m2 với 10PN, 10WC","11,6 tỷ",66 m²,"175,76 tr/m²",10,10,"Trương Định, Hai Bà Trưng","20.9946606330145, 105.850158454851"
34855801,01/03/2025,"Mở bán căn hộ chung cư cao cấp Hinode CK 20%, nhận nhà chỉ từ 1,5 tỷ. LH: 0913 484 ***",Giá thỏa thuận,80 m²,N/A,2,2,"Minh Khai, Hai Bà Trưng","20.995994567871094, 105.86126708984375"
42303051,01/03/2025,"Bán căn hộ 03 phòng ngủ full nội thất đẹp, nhà mới như hình, liên hệ: 0913 406 ***","8,85 tỷ",95 m²,"93,16 tr/m²",3,2,"Vĩnh Tuy, Hai Bà Trưng","20.994671747403398, 105.86811650735709"
41585810,01/03/2025,"Bán căn 83m2 Times City full nội thất mới, giá: 6.9 tỷ","7,25 tỷ",83 m²,"87,35 tr/m²",2,2,"Vĩnh Tuy, Hai Bà Trưng","20.994791030883789, 105.86784362792969"
35667562,01/03/2025,"Bán 2 CHCC Green Pearl 378 Minh Khai, DT 76m2, 105m2, 2PN, 3PN, giá rẻ, LH 0913 484 ***",Giá thỏa thuận,76 m²,N/A,2,2,"Vĩnh Tuy, Hai Bà Trưng","20.9965381622314, 105.863388061523"
38708883,01/03/2025,"Bán CHCC 1505 Times City DT 75m2, 2PN, 2WC, nội thất cao cấp, giá 6,1 tỷ, LH cô Thu 0913 484 ***","6,1 tỷ",75 m²,"81,33 tr/m²",2,2,"Vĩnh Tuy, Hai Bà Trưng","20.9947910308838, 105.86784362793"
25522422,01/03/2025,"Trưởng phòng kinh doanh bán gấp quỹ căn chuyển nhượng 423 Minh Khai 2PN, LH xem nhà 0913 484 ***",Giá thỏa thuận,"74,83 m²",N/A,2,2,"Vĩnh Tuy, Hai Bà Trưng","20.9984378814697, 105.866737365723"
42302075,01/03/2025,"Quá rẻ! Căn 3PN - 117m2 góc Đông Nam Park Premium, 2 ban công, giá chỉ 11,3 tỷ. LH: 0901 793 ***.","11,3 tỷ",117 m²,"96,58 tr/m²",3,2,"Vĩnh Tuy, Hai Bà Trưng","20.99469190534443, 105.86794360367436"
42091794,01/03/2025,Rẻ nhất thị trường! Chỉ 2.19 tỷ - Tập thể 2PN 1WC khép kín Phường Phố Huế - HBT - Lô góc - DT 52m2,"2,19 tỷ",52 m²,"42,12 tr/m²",2,1,"Phố Huế, Hai Bà Trưng","21.0112148418523, 105.857342363737"
40937650,01/03/2025,"Bán gấp căn 01 ngủ full đồ đẹp, nhà mới, giá hợp liên hệ: 0913 406 ***","4,7 tỷ",53 m²,"88,68 tr/m²",1,1,"Vĩnh Tuy, Hai Bà Trưng","20.9943332672119, 105.867561340332"
41342068,01/03/2025,E Tuấn Anh cần chuyển nhượng 1 căn hộ 76m2 giá chỉ 78tr/m2 tại Imperia Sky Garden. lh: 0889 108 ***,"5,93 tỷ",76 m²,"78,03 tr/m²",2,2,"Vĩnh Tuy, Hai Bà Trưng","20.9984378814697, 105.866737365723"
35579591,28/02/2025,Chính chủ - bán chung cư A1 Kim Ngưu - Lò Đúc - Trần Khát Chân - Hai Bà Trưng - full nội thất,1 tỷ,44 m²,"22,73 tr/m²",2,2,"Đồng Nhân, Hai Bà Trưng","21.0025370555918, 105.861743316647"
36659363,28/02/2025,"Giảm giá sốc - bán chung cư E5 Thanh Nhàn - Kim Ngưu - Hai Bà Trưng, nội thất đầy đủ, về ở ngay",1 tỷ,46 m²,"21,74 tr/m²",2,2,"Thanh Nhàn, Hai Bà Trưng","21.0028350646055, 105.856475675302"
42272801,28/02/2025,"Danh sách căn hộ bán rẻ nhất Times City Tháng 03/2025, có sổ hồng, mua bán chính chủ LH 0968 602 ***","7,4 tỷ",95 m²,"77,9 tr/m²",3,2,"Vĩnh Tuy, Hai Bà Trưng","20.99442320394055, 105.86811411170704"
42274999,28/02/2025,Bán căn hộ 3PN 88m2 tầng trung view thoáng tại chung cư Green Pearl 378 Minh Khai,7 tỷ,88 m²,"79,54 tr/m²",3,2,"Vĩnh Tuy, Hai Bà Trưng","20.9969675015034, 105.86281378925"
42261905,28/02/2025,"Em cần bán 3 ngủ nhà đẹp, view sông Hồng cầu Vĩnh Tuy, nội thất mới đẹp. LH 0968 602 ***","6,15 tỷ",95 m²,"64,74 tr/m²",3,2,"Vĩnh Tuy, Hai Bà Trưng","20.9984460318466, 105.869443720305"
41869463,28/02/2025,Hot nhỉnh 4 tỷ có ngay căn 2PN khu Minh Khai,Giá thỏa thuận,74 m²,N/A,2,2,"Minh Khai, Hai Bà Trưng","20.994284576776227, 105.85746237868247"
41997837,28/02/2025,Chính chủ cần bán căn góc 3pn - Giá tốt nhất cc Green Pearl 378 Minh Khai,"8,6 tỷ",97 m²,"88,66 tr/m²",3,2,"Vĩnh Tuy, Hai Bà Trưng","20.9966044231077, 105.863318951764"
42215933,28/02/2025,"Bán căn góc Tây Bắc 3 phòng ngủ Times City có slot ô tô vĩnh viễn trong hợp đồng, căn góc chung cư","11,5 tỷ",110 m²,"104,54 tr/m²",3,2,"Vĩnh Tuy, Hai Bà Trưng","20.99470984618469, 105.86748533678232"
40602629,28/02/2025,Gia đình em cần bán 2 phòng ngủ tòa Park Hill giá nhỉnh 6 tỷ. Liên hệ xem nhà 0943 358 ***,"6,4 tỷ",83 m²,"77,11 tr/m²",2,2,"Vĩnh Tuy, Hai Bà Trưng","20.9943332672119, 105.867561340332"
42170772,28/02/2025,"Bán gấp căn đập thông Times City 4PN - 3WC. Giá siêu rẻ 13,9 tỷ full đồ","13,9 tỷ",137 m²,"101,46 tr/m²",4,3,"Vĩnh Tuy, Hai Bà Trưng","20.994795095859292, 105.867819375032"
40261252,28/02/2025,Bán căn hộ 3PN Sunshine Garden giá siêu hot. Chỉ 6.750 tỷ thu về. 0982 623 ***,"6,75 tỷ","94,7 m²","71,28 tr/m²",3,2,"Vĩnh Tuy, Hai Bà Trưng","20.9966850280762, 105.873847961426"
42099957,28/02/2025,Bán căn 02PN sáng 83m2 view nhạc nước tại tòa T08 Times City giá chỉ 6 tỷ. LH 0977 088 ***,6 tỷ,83 m²,"72,29 tr/m²",2,2,"Vĩnh Tuy, Hai Bà Trưng","20.994784175928245, 105.8678498223014"
42112735,28/02/2025,Bán căn góc 03PN view nhạc nước tòa T06 Times City có slot xe giá 11 tỷ. LH 0977 088 ***,11 tỷ,110 m²,100 tr/m²,3,2,"Vĩnh Tuy, Hai Bà Trưng","20.9947237683026, 105.867887904781"
42116085,28/02/2025,"Bán gấp căn góc Đông Nam tòa Park9 diện tích 123m GIÁ CHỈ 10,5 TỶ. LH 0977 088 ***","10,5 tỷ",123 m²,"85,37 tr/m²",3,2,"Vĩnh Tuy, Hai Bà Trưng","20.996863729967313, 105.86482811940763"
42201181,28/02/2025,"Bán Căn hộ 3PN, 2WC, 100m2, 9 tỷ tại Times City - Park Hill, Hai Bà Trưng, Hà Nội",9 tỷ,100 m²,90 tr/m²,3,2,"Vĩnh Tuy, Hai Bà Trưng","20.993656787007357, 105.86726472904473"
42298073,28/02/2025,"Quá rẻ! Căn 3PN - 118m2 góc Park Premium, 2 ban công, giá chỉ 11,3 tỷ. LH: 0901 793 ***","11,3 tỷ",118 m²,"95,76 tr/m²",3,2,"Vĩnh Tuy, Hai Bà Trưng","20.995774237566994, 105.86543765238808"
42199088,28/02/2025,"Bán gấp căn góc Times City 110m - 3PN, full nội thất. Giá siêu rẻ 9,3 tỷ.","9,3 tỷ",110 m²,"84,54 tr/m²",3,2,"Vĩnh Tuy, Hai Bà Trưng","20.99531565889183, 105.86783812070522"
42095443,28/02/2025,"Chính chủ bán gấp căn 206m2 diện tích Park Hill Time City. Giá 25 tỷ, LH. 0348 315 ***",25 tỷ,206 m²,"121,36 tr/m²",4,3,"Vĩnh Tuy, Hai Bà Trưng","20.994420507587, 105.867458674503"
42295561,28/02/2025,"Chính chủ cần bán nhanh căn hộ 2 PN P12 giá chỉ 5,75 tỷ","5,75 tỷ",73 m²,"78,77 tr/m²",2,2,"Vĩnh Tuy, Hai Bà Trưng","20.997157587935884, 105.86480573293414"
42250111,28/02/2025,"Bán căn hộ 2PN, 82m2 chỉ với 7,05 tỷ tại Minh Khai, Hai Bà Trưng, Hà Nội","7,05 tỷ",82 m²,"85,98 tr/m²",2,2,"Minh Khai, Hai Bà Trưng","20.9960444533427, 105.85734772685"
41342449,28/02/2025,Chỉ với 82tr/m2 sở hữu ngay căn góc 3pn tại dự án căn hộ cao cấp Imperia Sky Garden,"8,46 tỷ",103 m²,"82,14 tr/m²",3,2,"Vĩnh Tuy, Hai Bà Trưng","20.9984378814697, 105.866737365723"
42085057,28/02/2025,Mở bán - chung cư giá rẻ N1 Minh Khai - Kim Ngưu - Hai Bà Trưng - full nội thất,800 triệu,35 m²,"22,86 tr/m²",1,1,"Thanh Lương, Hai Bà Trưng","21.0030728208292, 105.869657293174"
30409921,28/02/2025,"Chính chủ cần bán căn hộ 2 phòng ngủ giá chỉ từ 8 tỷ tại Sun Ancora Residence, số 3 Lương Yên",8 tỷ,98 m²,"81,63 tr/m²",2,2,"Bạch Đằng, Hai Bà Trưng","21.0116748809814, 105.862678527832"
35475977,28/02/2025,"Chính chủ bán căn góc 3 phòng ngủ view sông đẹp nhất dự án Sun Grand City Ancora, số 3 Lương Yên","11,8 tỷ",130 m²,"90,77 tr/m²",3,2,"Bạch Đằng, Hai Bà Trưng","21.0116748809814, 105.862678527832"
42253379,28/02/2025,"Bán căn 3 phòng ngủ, 114m2 giá 7.5 tỷ, full nội thất chỉ việc ở, có slot ô tô, Thăng Long Garden","7,5 tỷ",114 m²,"65,79 tr/m²",3,2,"Minh Khai, Hai Bà Trưng","20.99428178431252, 105.85741557665287"
42295726,28/02/2025,"Siêu phẩm! Nguyễn Khoái, Hai Bà Trưng, tầng 2, ô tô tránh, sân rộng 60m2 2pn chỉ 2,93 tỷ","2,93 tỷ",60 m²,"48,83 tr/m²",2,N/A,"Bạch Đằng, Hai Bà Trưng","21.012648457685, 105.863482739096"
40995078,28/02/2025,"Chính chủ bán - chung cư X3 Hồng Mai - Chùa Quỳnh 32m2, 50m2, ở ngay, tặng vàng 24k",630 triệu,32 m²,"19,69 tr/m²",1,1,"Thanh Nhàn, Hai Bà Trưng","20.9990357653731, 105.853570627238"
42295157,28/02/2025,"Chính chủ cần BÁN GẤP căn hộ 1 phòng ngủ, 1 vệ sinh tại dự án Sunshine Garden","3,7 tỷ",46 m²,"80,44 tr/m²",1,1,"Vĩnh Tuy, Hai Bà Trưng","20.996948337765435, 105.87380483644782"
42266772,28/02/2025,"Bán CC 2PN, 2WC tại Liền kề 622 Minh Khai, 6,55 tỷ, 82m2 bao đẹp","6,55 tỷ",82 m²,"79,88 tr/m²",2,2,"Vĩnh Tuy, Hai Bà Trưng","20.994183120767804, 105.86739830537"
42186714,28/02/2025,"Bán gấp CC Times City - Park Hill, 7,15 tỷ, 79m2, ở Minh Khai, Hai Bà Trưng, HN","7,15 tỷ",79 m²,"90,51 tr/m²",N/A,N/A,"Vĩnh Tuy, Hai Bà Trưng","20.99452167124807, 105.86702828783301"
42011179,28/02/2025,Bán gấp căn hộ 2PN tầng 15 Times cơ hội không thể bỏ lỡ!,Giá thỏa thuận,98 m²,N/A,N/A,N/A,"Vĩnh Tuy, Hai Bà Trưng","20.9941995185848, 105.867541074613"
42011287,28/02/2025,Em đang có nhà muốn bán trước Tết căn 2 ngủ view siêu thoáng,Giá thỏa thuận,86 m²,N/A,2,2,"Vĩnh Tuy, Hai Bà Trưng","20.99443568692257, 105.86724544248338"
42011310,28/02/2025,Bác nào đang quan tâm căn hộ 2 ngủ thì đây đúng là cơ hội không thể bỏ qua!,Giá thỏa thuận,80 m²,N/A,2,N/A,"Vĩnh Tuy, Hai Bà Trưng","20.9947832663427, 105.866805435921"
42058617,28/02/2025,"Chính chủ cần bán căn hộ P5 - 2PN đẹp như mơ chỉ 6,95 tỷ - LH em An 0974 532 ***","6,95 tỷ",83 m²,"83,74 tr/m²",2,N/A,"Vĩnh Tuy, Hai Bà Trưng","20.994023446663316, 105.8668985643784"
42195274,28/02/2025,Hàng hiếm - căn hoa hậu 2 ngủ - full nội thất hiện đại - sang trọng,"7,65 tỷ",72 m²,"106,25 tr/m²",2,2,"Vĩnh Tuy, Hai Bà Trưng","20.99657760044188, 105.86462717122828"
42195318,28/02/2025,Hàng chuyển nhượng độc quyền căn 73.5m2 view Bắc thoáng mát - giá chỉ 8.35 tỷ,"8,35 tỷ",82 m²,"101,83 tr/m²",2,2,"Vĩnh Tuy, Hai Bà Trưng","20.99434462267889, 105.86754730432693"
41642523,28/02/2025,"Hàng hiếm. Căn góc 120m2 Park Premium, giá 11 tỷ full đồ như ảnh. LH: 0962 984 ***",11 tỷ,120 m²,"91,67 tr/m²",N/A,N/A,"Vĩnh Tuy, Hai Bà Trưng","20.9965782165527, 105.865196228027"
42291237,28/02/2025,"Bán gấp 2 ngủ - 75m2, có slot ô tô, giá chỉ 6,8 tỷ, view sông Hồng. LH: 0813 489 ***","6,8 tỷ",76 m²,"89,47 tr/m²",2,2,"Vĩnh Tuy, Hai Bà Trưng","20.994512520927593, 105.86820804832249"
42291225,28/02/2025,"CC mini, 12,5 tỷ, 50m2,DT 720/năm, Hoàng Mai, Trương Định, Hai Bà Trưng, Hà Nội, hàng hiếm tại Hot!","12,5 tỷ",50 m²,250 tr/m²,15,15,"Trương Định, Hai Bà Trưng","20.9941921723272, 105.846686508414"
42291126,28/02/2025,"Bán gấp, cỗ máy in tiền 800tr/năm, 14PN, 14WC, 55m2 tại Trần Khát Chân, Hai Bà Trưng, tp Hà Nội","11,5 tỷ",55 m²,"209,09 tr/m²",14,14,"Bạch Đằng, Hai Bà Trưng","21.0089846916056, 105.862278912342"
42290771,28/02/2025,"Bán căn 95m2, nhà đã sửa bếp đẹp, giá 7,5 tỷ rẻ nhất thị trường phân khúc 2 phòng ngủ","7,5 tỷ",95 m²,"78,95 tr/m²",2,2,"Vĩnh Tuy, Hai Bà Trưng","20.994850435658694, 105.86782603993086"
42114771,28/02/2025,"Căn hộ 2PN 80m2 sáng thiết kế vuông vắn, nhà đẹp giá chỉ: 6.8 tỷ. LH: 0964 862 ***","6,8 tỷ",80 m²,85 tr/m²,2,2,"Vĩnh Tuy, Hai Bà Trưng","20.994745186453, 105.86760911191"
42115157,28/02/2025,"Bán nhanh căn 2PN sáng 82 m2 tại KĐT Times City, giá 6.2 tỷ tặng lại toàn bộ nội thất mới, đẹp","6,2 tỷ",82 m²,"75,61 tr/m²",2,2,"Vĩnh Tuy, Hai Bà Trưng","20.995354880978432, 105.86771676496501"
42115118,28/02/2025,"Cam kết rẻ nhất thị trường! Căn 3PN Park Premium 100 m2, đủ đồ, tòa G4 VIP. LH 0979 011 ***",9 tỷ,100 m²,90 tr/m²,3,2,"Vĩnh Tuy, Hai Bà Trưng","20.99694283631292, 105.86501605379263"
42247934,28/02/2025,BÁN GÂP - CĂN HỘ 2PN -2WC GIÁ TỐT NHẤT IMPERIA SKY GARDEN - GIÁ 6tỷ ( CAM KẾT GIÁ CHUẨN ),6 tỷ,82 m²,"73,17 tr/m²",2,2,"Vĩnh Tuy, Hai Bà Trưng","20.99802698163983, 105.86668070156622"
42262197,28/02/2025,Cần Bán Căn 3 Ngủ Chung Cư Vinahud Cửu Long 536 Minh Khai,Giá thỏa thuận,94 m²,N/A,N/A,N/A,"Vĩnh Tuy, Hai Bà Trưng","20.9981113938241, 105.868608251927"
41538167,28/02/2025,"Bán căn 3PN - 88,3m2, view sông Hồng cầu Vĩnh Tuy, giá bán 6,150 tỷ. LH: 0813 489 ***","6,15 tỷ","88,3 m²","69,65 tr/m²",3,2,"Vĩnh Tuy, Hai Bà Trưng","20.9993389239688, 105.87556901104882"
42289303,28/02/2025,Cần bán căn hộ tập thể A18 - tầng 1 - 100m2 - 5 PN - Ô tô đỗ cửa(2 chiếc) căn góc siêu hiếm,"7,99 tỷ",100 m²,"79,9 tr/m²",4,2,"Thanh Nhàn, Hai Bà Trưng","21.0058066847283, 105.854932590513"
37343576,28/02/2025,Bán nhanh căn hoa hậu 2PN sáng Times City - 87m2 Times City- giá 6.35 tỷ mua nhanh - LH: 0901 793 ***,"6,35 tỷ",87 m²,"72,99 tr/m²",2,2,"Vĩnh Tuy, Hai Bà Trưng","20.9947910308838, 105.86784362793"
41732963,28/02/2025,"Bán chung cư Sunshine Garden, Hai Bà Trung 108m2, 3PN, full nội thất xịn, sổ đỏ 7.9 tỷ","7,9 tỷ",108 m²,"73,15 tr/m²",3,2,"Vĩnh Tuy, Hai Bà Trưng","20.9966850280762, 105.873847961426"
33944263,28/02/2025,"Cần bán nhanh căn 2PN - 90m2 - giá 7.2 tỷ, tại Times City. LH: 0901 793 ***","7,2 tỷ",90 m²,80 tr/m²,2,2,"Vĩnh Tuy, Hai Bà Trưng","20.9943332672119, 105.867561340332"
38627634,28/02/2025,Bán căn góc 2PN Park 11 - tầng đẹp view thoáng. LH: 0901 793 ***,Giá thỏa thuận,75 m²,N/A,2,2,"Vĩnh Tuy, Hai Bà Trưng","20.9965782165527, 105.865196228027"
38247031,28/02/2025,"Cần bán Căn hộ cao cấp Hòa Bình Green City, bàn giao nhà ngay, có sổ đỏ, LH 0965 180 ***",Giá thỏa thuận,74 m²,N/A,2,2,"Vĩnh Tuy, Hai Bà Trưng","21.00026512145996, 105.86993408203125"
38641576,28/02/2025,Quỹ căn 2 - 3 phòng ngủ bán tại chung cư Udic Riverside 122 Vĩnh Tuy LH Ms Thu 0965 180 ***,Giá thỏa thuận,76 m²,N/A,2,2,"Vĩnh Tuy, Hai Bà Trưng","20.999267578125, 105.87572479248047"
42255955,28/02/2025,Bán căn nhà tập thể khu vực đẹp nhất quận Hai Bà Trưng gần công viên Võ Thị Sáu DT 69m giá chào tốt,"3,9 tỷ",69 m²,"56,52 tr/m²",2,2,"Thanh Nhàn, Hai Bà Trưng","21.0059264946851, 105.854769139672"
41519063,28/02/2025,"Bán căn hộ 3PN 2WC có sổ đỏ tại Hòa Bình Green City, 505 Minh Khai. DT 115m2 tầng đẹp full nội thất",8 tỷ,115 m²,"69,56 tr/m²",3,2,"Vĩnh Tuy, Hai Bà Trưng","21.0003320031511, 105.869792795605"
41347554,27/02/2025,"Căn góc tuyệt đẹp tại Imperia Sky Garden, 105m2 thiết kế 3 ngủ, 2WC. Em Tuấn Anh: 0889 108 ***","8,66 tỷ",105 m²,"82,48 tr/m²",3,2,"Vĩnh Tuy, Hai Bà Trưng","20.9984378814697, 105.866737365723"
42135768,27/02/2025,"Siêu thị căn hộ giá rẻ tại Imperia Sky Garden 423 Minh Khai, quỹ căn 2PN - Tuấn Anh 0889 108 ***","6,5 tỷ",82 m²,"79,27 tr/m²",2,2,"Vĩnh Tuy, Hai Bà Trưng","20.9986465880775, 105.866923105557"
41927945,27/02/2025,Gia chủ bán gấp căn 2 ngủ Hinode City để giá RẺ nhất thị trường.,7 tỷ,80 m²,"87,5 tr/m²",2,2,"Minh Khai, Hai Bà Trưng","20.9965166143439, 105.861870238125"
42107211,27/02/2025,"Bán CHCC 250 Minh Khai . Dt 75m2 chia 2 ngủ . Giá 4,xxtỷ","4,8 tỷ",75 m²,64 tr/m²,2,2,"Minh Khai, Hai Bà Trưng","20.993450564306425, 105.85716584102778"
42121813,27/02/2025,Bán căn 3PN hoa hậu hướng mát dự án Hinode City giá rẻ hơn CĐT vài tỷ đồng Hàng hiếm khu vực HBT,11 tỷ,105 m²,"104,76 tr/m²",3,2,"Minh Khai, Hai Bà Trưng","20.9959945678711, 105.861267089844"
30431860,27/02/2025,Top 5 căn hộ đập thông 200m2 ở Times City cần bán,"10,5 tỷ",160 m²,"65,62 tr/m²",4,3,"Vĩnh Tuy, Hai Bà Trưng","20.9947910308838, 105.86784362793"
41138629,27/02/2025,Bán cặp căn thông 212m2 tòa T10 Times City,19 tỷ,212 m²,"89,62 tr/m²",5,3,"Vĩnh Tuy, Hai Bà Trưng","20.9947910308838, 105.86784362793"
40177953,27/02/2025,Chính chủ bán căn 3PN có sổ 114m2 view sông siêu hiếm tại chung cư cao cấp Hoà Bình,Giá thỏa thuận,114 m²,N/A,3,2,"Vĩnh Tuy, Hai Bà Trưng","21.00026512146, 105.869934082031"
40412818,27/02/2025,"Bán căn góc 2PN 70m2 view thành phố thoáng, nhà làm nội thất đẹp 100% như hình",Giá thỏa thuận,70 m²,N/A,2,2,"Vĩnh Tuy, Hai Bà Trưng","21.00026512145996, 105.86993408203125"
42287100,27/02/2025,"Bán gấp căn góc Times City 95m2 - 2PN, giá siêu rẻ 7,5 tỷ","7,5 tỷ",95 m²,"78,95 tr/m²",2,2,"Vĩnh Tuy, Hai Bà Trưng","20.99510289314444, 105.86714365806684"
42036156,27/02/2025,"Chính chủ bán nhà tập thể 25m2 sổ, 80m2 sử dụng, giá: 2.850 tỷ. LH: 0936 351 ***","2,85 tỷ",80 m²,"35,62 tr/m²",N/A,N/A,"Minh Khai, Hai Bà Trưng","20.9948371560519, 105.856649282009"
42115193,27/02/2025,"Bán gấp căn 03PN, 120m2 hướng Nam, view thoáng tại Park 11 Times City giá 8,9 tỷ. LH 0979 011 ***","8,9 tỷ",120 m²,"74,17 tr/m²",3,2,"Vĩnh Tuy, Hai Bà Trưng","20.995743254666362, 105.86493968289004"
39974833,27/02/2025,Bán căn hộ 3 PN tầng trung giá tốt nhất dự án Amber Riverside 622 Minh Khai: LH 0946 437 *** em Hải,Giá thỏa thuận,106 m²,N/A,3,2,"Vĩnh Tuy, Hai Bà Trưng","20.9982109069824, 105.870994567871"
42204024,27/02/2025,Căn góc 3 ngủ tòa A đẹp nhất tại Hinode City. Giá 11 tỷ. Liên hệ ngay: 0826 465 *** Mr Dương,11 tỷ,110 m²,100 tr/m²,3,2,"Minh Khai, Hai Bà Trưng","20.9955691609994, 105.861764169357"
38552144,27/02/2025,"E chính chủ cần bán căn hộ 3 phòng ngủ tòa T4 - Times City - giá 7,3 tỷ cả đồ (Miễn trung gian)","7,3 tỷ",95 m²,"76,84 tr/m²",3,2,"Vĩnh Tuy, Hai Bà Trưng","20.99445475703529, 105.8679447184388"
42286688,27/02/2025,"Bán căn hộ cao cấp Hoàng Thành Tower 114 Mai Hắc Đế căn góc 125m2, đầy đủ nội thất giá 20 tỷ",20 tỷ,125 m²,160 tr/m²,2,2,"Lê Đại Hành, Hai Bà Trưng","21.0121236829786, 105.844537717735"
28357256,27/02/2025,Bán căn hộ 4PN tầng trung giá tốt nhất dự án Amber Riverside 622 Minh Khai: LH 0946 437 *** Em Hải,Giá thỏa thuận,153 m²,N/A,4,3,"Vĩnh Tuy, Hai Bà Trưng","20.9984855651855, 105.868659973145"
28513375,27/02/2025,"Bán căn 2PN, đã có sổ đỏ giá tốt view times city, nhà đẹp. LH 0946 437 ***",Giá thỏa thuận,"74,16 m²",N/A,2,2,"Vĩnh Tuy, Hai Bà Trưng","20.9984855651855, 105.868659973145"
42285597,27/02/2025,"Cần bán căn hộ siêu hiếm 3 ngủ góc 110m2 tại Amber Riverside, sát Times City","8,3 tỷ",110 m²,"75,46 tr/m²",3,2,"Vĩnh Tuy, Hai Bà Trưng","20.99834096755774, 105.87193458861724"
28221019,27/02/2025,"Mở bán chung cư mini Vân Hồ - Lê Đại Hành, công viên Thống Nhất, full đồ",Giá thỏa thuận,26 m²,N/A,1,1,"Lê Đại Hành, Hai Bà Trưng","21.0095052, 105.846229"
42004071,27/02/2025,"Bán CC mini 1PN, 1WC, 36m2, 890 triệu, view đẹp tại Minh Khai, Hai Bà Trưng, Hà Nội",890 triệu,36 m²,"24,72 tr/m²",1,1,"Minh Khai, Hai Bà Trưng","20.9961462082092, 105.857402627347"
42285677,27/02/2025,"CHÍNH CHỦ CẦN BÁN CĂN VIP 2 PHÒNG NGỦ, VIEW SÔNG HỒNG TẠI SUN ANCORA LƯƠNG YÊN GIÁ CHỈ 9,X TỶ.",10 tỷ,90 m²,"111,11 tr/m²",2,2,"Bạch Đằng, Hai Bà Trưng","21.01203811061915, 105.86263173181999"
42037571,27/02/2025,Bán căn hộ cao cấp 73m2 tại Times City Park Hill,"7,4 tỷ",73 m²,"101,37 tr/m²",2,N/A,"Vĩnh Tuy, Hai Bà Trưng","20.993532895507176, 105.86795659327663"
41857167,27/02/2025,"Em cần bán T02 diện tích 95m2, nhà nguyên bản 2PN của CĐT, khách mua về cải tạo sang 3PN quá hợp lý",Giá thỏa thuận,95 m²,N/A,2,2,"Vĩnh Tuy, Hai Bà Trưng","20.99526192034017, 105.86710008511425"
42285395,27/02/2025,"Bán CC đẹp ở Hinode City, Minh Khai, Hai Bà Trưng, Hà Nội, 6,9 tỷ, 82m2","6,9 tỷ",82 m²,"84,15 tr/m²",2,2,"Minh Khai, Hai Bà Trưng","20.9960232826262, 105.861232989323"
42285460,27/02/2025,"Bán gấp nhà tập thể phố Đại La - Hai Bà Trưng, 60m2, 2 ngủ, full đồ ở ngay, chỉ 2,95 tỷ","2,95 tỷ",60 m²,"49,17 tr/m²",2,1,"Trương Định, Hai Bà Trưng","20.9962821416838, 105.845885921663"
41183102,27/02/2025,Căn hộ 3 phòng ngủ giá chỉ 7 tỷ tại Green Pearl 378 Minh Khai,7 tỷ,88 m²,"79,54 tr/m²",3,2,"Vĩnh Tuy, Hai Bà Trưng","20.9965381622314, 105.863388061523"
42285155,27/02/2025,"Bán căn hộ chung cư Times City, giá ưu đãi 4,66 tỷ, 46,4m2, 1PN, 1WC","4,66 tỷ","46,4 m²","100,43 tr/m²",1,1,"Vĩnh Tuy, Hai Bà Trưng","20.99487261146191, 105.86757803977758"
42285261,27/02/2025,"Gấp hiếm! Chung cư thương mại Minh Khai 75m2, 2 ngủ 2 wc, full đồ ở ngay","4,6 tỷ",75 m²,"61,33 tr/m²",2,2,"Minh Khai, Hai Bà Trưng","20.99362533289, 105.857685392731"
41632713,27/02/2025,"Căn hộ hàng hiếm tại Hinode City, giá ưu đãi 6.9 tỷ VND, diện tích 82.52 m2","6,9 tỷ","82,52 m²","83,62 tr/m²",2,2,"Minh Khai, Hai Bà Trưng","20.9959945678711, 105.861267089844"
42284225,27/02/2025,"Bán CH Amber Riverside, Minh Khai, 7 tỷ, 104m2, 3PN, 2WC, đầy đủ nội thất",7 tỷ,104 m²,"67,31 tr/m²",3,2,"Vĩnh Tuy, Hai Bà Trưng","20.998235410239264, 105.87118084266339"
42099524,27/02/2025,"Rẻ nhất thị trường căn đập thông 160m2 Park 08 Times City, tầng trung, giá 16,2 tỷ. LH: 0962 984 ***","16,2 tỷ",160 m²,"101,25 tr/m²",4,3,"Vĩnh Tuy, Hai Bà Trưng","20.99451197025741, 105.86768264749014"
41962642,27/02/2025,"Bán căn hộ tập thể phố Lò Đúc, quận Hai Bà Trưng. (Thông tin chính xác)","1,98 tỷ",40 m²,"49,5 tr/m²",N/A,N/A,"Đồng Nhân, Hai Bà Trưng","21.0115080410952, 105.85679832178"
42037695,27/02/2025,Chính chủ cần bán trước tết căn 2PN CC Thăng Long Garden 250 Minh Khai,Giá thỏa thuận,73 m²,N/A,2,2,"Minh Khai, Hai Bà Trưng","20.9932231797089, 105.857203167552"
41911400,27/02/2025,Cần bán căn hộ H5 tầng 2 tập thể Nguyễn Công Trứ,"2,9 tỷ",60 m²,"48,33 tr/m²",2,1,"Phố Huế, Hai Bà Trưng","21.0140963881873, 105.853337399894"
42283025,27/02/2025,"Bán nhà tập thể Võ Thị Sáu, Hai Bà Trưng - 80m2, tiện ích đầy đủ, gần công viên","3,9 tỷ",80 m²,"48,75 tr/m²",2,N/A,"Thanh Nhàn, Hai Bà Trưng","21.0057623828608, 105.855165671886"
42169167,27/02/2025,Siêu rẻ! Căn 3 ngủ tầng trung hướng Nam tại Times City giá chỉ 8.050 tỷ - đủ đồ. LH: 0978 468 ***,"8,05 tỷ",95 m²,"84,74 tr/m²",3,2,"Vĩnh Tuy, Hai Bà Trưng","20.99725416329214, 105.86564221617141"
42282945,27/02/2025,"Rẻ nhất vô địch căn góc 3PN Timescity sổ đỏ 110,3m2 giá chỉ 9 tỷ thu về",9 tỷ,"110,3 m²","81,6 tr/m²",3,N/A,"Vĩnh Tuy, Hai Bà Trưng","20.993629453764946, 105.8673582673573"
42282865,27/02/2025,"Siêu hời, bán gấp 2PN DT 83m2 KĐT Timescity giá chỉ 6,1 tỷ tầng đẹp. Tin thật không ảo","6,1 tỷ",83 m²,"73,49 tr/m²",2,N/A,"Vĩnh Tuy, Hai Bà Trưng","20.994131580705, 105.867189039308"
42031413,27/02/2025,"Căn hộ tập thể - 113m2 - 3 ngủ, 2WC, full nội thất như hình - Phố Trần Đại Nghĩa, Quận Hai Bà Trưng","5,5 tỷ",113 m²,"48,67 tr/m²",3,2,"Đồng Tâm, Hai Bà Trưng","20.9973787172853, 105.84581566227"
42282228,27/02/2025,"Chính chủ gửi bán căn hộ 1 ngủ, diện tích 53m2 tại tòa T08 Times City giá chỉ 4.6 tỷ. LH 0869 221 ***","4,6 tỷ",55 m²,"83,64 tr/m²",1,1,"Vĩnh Tuy, Hai Bà Trưng","20.994068549399177, 105.86756503447906"
42282102,27/02/2025,Chính chủ cần bán căn góc 3PN CC Green Pearl 378 Minh Khai,Giá thỏa thuận,97 m²,N/A,3,2,"Vĩnh Tuy, Hai Bà Trưng","20.9965721183387, 105.863391829095"
42282061,27/02/2025,Bán căn hộ góc 110m2 3 phòng ngủ sáng đẹp tại T08 Times City chỉ 9 tỷ. LH 0869 221 ***,9 tỷ,110 m²,"81,82 tr/m²",3,2,"Vĩnh Tuy, Hai Bà Trưng","20.9954558236327, 105.868475787613"
42262060,27/02/2025,Chính chủ bán căn hộ 94m2 - 3 phòng ngủ chung cư 536A Minh Khai - Hai Bà Trưng - Hà Nội giá 6. X tỷ,"6,5 tỷ",94 m²,"69,15 tr/m²",3,2,"Vĩnh Tuy, Hai Bà Trưng","20.998451984175773, 105.86876475771909"
42281680,27/02/2025,"Vợ chồng tôi cần bán căn 2PN DT 70m2 chung cư Hoà bình green siêu đẹp, tầng 15, chỉ nhỉnh 4 tỉ","4,45 tỷ",70 m²,"63,57 tr/m²",N/A,N/A,"Vĩnh Tuy, Hai Bà Trưng","21.0001590746003, 105.869833402276"
42281278,27/02/2025,"Bán căn hộ đập thông đẹp tại Hoàng Thành Tower, giá thỏa thuận, 120m2, 3PN, 2WC, đầy đủ tiện ích!",Giá thỏa thuận,120 m²,N/A,3,2,"Lê Đại Hành, Hai Bà Trưng","21.01233154160976, 105.84525002710372"
42280921,27/02/2025,"Rẻ nhất thị trường CH góc 3PN sáng 110 m2 Times City - tầng trung đẹp, nhà mới view siêu đẹp","9,3 tỷ",110 m²,"84,54 tr/m²",3,2,"Vĩnh Tuy, Hai Bà Trưng","20.995302915738705, 105.86713156410497"
30865046,27/02/2025,"Bán nhanh căn 3PN - 117m2 - hướng Nam - Park Premium - đồ đẹp, view thoáng không bị che chắn",Giá thỏa thuận,117 m²,N/A,3,2,"Vĩnh Tuy, Hai Bà Trưng","20.9965782165527, 105.865196228027"
37122113,27/02/2025,"Căn góc đẹp tòa T6 - 3PN - DT 110 m2 tại Times City, LH: 0901 793 ***",Giá thỏa thuận,110 m²,N/A,3,2,"Vĩnh Tuy, Hai Bà Trưng","20.9947910308838, 105.86784362793"
42280385,27/02/2025,"Toa Green peal 378 Minh Khai ,Tầng 12 diện tích 140m2 ,3Pn ,3Vs ,Giá chào 13,2 tỷ có thương lượng","13,2 tỷ",140 m²,"94,29 tr/m²",3,3,"Minh Khai, Hai Bà Trưng","20.9950940481622, 105.856566685449"
40587827,27/02/2025,Căn góc 3PN Times City - 110.3m2 giá 8. X tỷ. LH em: 0901 793 ***,8 tỷ,"110,3 m²","72,53 tr/m²",3,N/A,"Vĩnh Tuy, Hai Bà Trưng","20.994332023283118, 105.86756079739735"
40425892,27/02/2025,Bán nhanh căn 3PN - rẻ nhất Park Hill - giá 9.33 tỷ. LH: 0901 793 ***,"9,3 tỷ",100 m²,93 tr/m²,3,2,"Vĩnh Tuy, Hai Bà Trưng","20.996578216552734, 105.86519622802734"
41271650,27/02/2025,"Cần bán nhanh căn 2PN 90m2 Times City. View thoáng, LH em: 0901 793 ***","7,1 tỷ",90 m²,"78,89 tr/m²",2,2,"Vĩnh Tuy, Hai Bà Trưng","20.994333267211914, 105.86756134033203"
40150828,27/02/2025,"Rẻ nhất thị trường CH góc 3PN sáng 110.3m2 Times City - có slot ô tô, view quả trường",Giá thỏa thuận,"110,3 m²",N/A,3,2,"Vĩnh Tuy, Hai Bà Trưng","20.9943332672119, 105.867561340332"
37542161,27/02/2025,"Siêu rẻ căn 2PN tòa Park 11 - 75 m2, giá 6. X tỷ. LH: 0901 793 ***",Giá thỏa thuận,75 m²,N/A,2,N/A,"Vĩnh Tuy, Hai Bà Trưng",N/A
42278987,27/02/2025,Chính chủ cần bán căn tập thể Lò Đúc - Hai Bà Trưng - 50m2,"2,48 tỷ",50 m²,"49,6 tr/m²",2,1,"Đồng Tâm, Hai Bà Trưng",N/A
42278657,27/02/2025,"Bán gấp nhà Nguyễn Công Trứ, TT tầng 3, 70m2 giá 2,5 tỷ","2,5 tỷ",70 m²,"35,71 tr/m²",2,2,"Đồng Nhân, Hai Bà Trưng",N/A
42248394,27/02/2025,Em bán căn nhà tập thể phố Kim Ngưu Hai Bà Trưng Hà Nội ô tô đỗ cửa full nội thất đẹp,"2,79 tỷ",70 m²,"39,86 tr/m²",N/A,N/A,"Minh Khai, Hai Bà Trưng",N/A
42254458,26/02/2025,Chủ nhà giao bán căn hộ 3PN2WC 108m2 giá cắt lỗ,"6,65 tỷ",108 m²,"61,57 tr/m²",3,2,"Vĩnh Tuy, Hai Bà Trưng",N/A
42146504,26/02/2025,"Bán căn hộ 3PN, 2WC tại Sunshine Garden, 6,9 tỷ, 95m2, Q. Hai Bà Trưng, HN, giá siêu hời","6,9 tỷ",95 m²,"72,63 tr/m²",3,2,"Vĩnh Tuy, Hai Bà Trưng",N/A
42278599,26/02/2025,"Time City, căn hộ đẹp như khách sạn 5 sao, 105m2, 4PN, giá 8,9 tỷ (full NT)","8,9 tỷ",105 m²,"84,76 tr/m²",4,2,"Vĩnh Tuy, Hai Bà Trưng",N/A
42278673,26/02/2025,Bán căn hộ 3PN chung cư 378 Minh Khai - full đồ - 0973 049 ***,"8,1 tỷ",88 m²,"92,04 tr/m²",3,N/A,"Vĩnh Tuy, Hai Bà Trưng",N/A
42278107,26/02/2025,"Căn hộ TT DT 135m2, MT 8m, giá 6 tỷ, Giải Phóng, Q. Hai Bà Trưng, ngõ thông ô tô tránh, KD đa dạng",6 tỷ,135 m²,"44,44 tr/m²",3,N/A,"Đồng Tâm, Hai Bà Trưng",N/A
41998660,26/02/2025,"Quỹ căn chuyển nhượng cắt lỗ rẻ nhất Sunshine Garden rẻ nhất chỉ từ 6,5tỷ - Em Long 0355 863 ***","6,5 tỷ",108 m²,"60,18 tr/m²",3,2,"Vĩnh Tuy, Hai Bà Trưng",N/A
39757742,26/02/2025,"Chính chủ gia đình tôi bán gấp căn hộ 2PN toà Park 10 Park Premium, nội thất cao cấp. Giá 5.85 tỷ","5,85 tỷ",70 m²,"83,57 tr/m²",2,2,"Vĩnh Tuy, Hai Bà Trưng",N/A
42277794,26/02/2025,Bán gấp - bán chung cư H1 Minh Khai - Kim Ngưu - Hai Bà Trưng - nội thất đầy đủ - về ở ngay,800 triệu,37 m²,"21,62 tr/m²",1,1,"Thanh Lương, Hai Bà Trưng",N/A
42277188,26/02/2025,"Bán nhà tập thể Võ Thị Sáu, Hai Bà Trưng - 80m2, 1 khách, 2 ngủ, ban công thoáng","3,9 tỷ",80 m²,"48,75 tr/m²",3,N/A,"Thanh Nhàn, Hai Bà Trưng",N/A
42172678,26/02/2025,"BÙNG NỔ CĂN HỘ 2PN SỬA 3PN, GIÁ TỐT NHẤT KHU VỰC 9,2 TỶ, TẦNG TRUNG, CHẬM LÀ MẤT LH: 0985 566 ***","9,2 tỷ",107 m²,"85,98 tr/m²",3,2,"Vĩnh Tuy, Hai Bà Trưng",N/A
42276725,26/02/2025,Mở bán - Chung cư C2 Kim Ngưu - Minh Khai - Hai Bà Trưng - DT 30-50m2,800 triệu,35 m²,"22,86 tr/m²",1,1,"Thanh Lương, Hai Bà Trưng",N/A
42115252,26/02/2025,"Hàng hiếm! Căn góc 4PN Park Hill Times city, S: 136m2 giá 13.8 tỷ, đủ đồ, sổ đỏ cất két sẵn sàng","13,8 tỷ",136 m²,"101,47 tr/m²",4,3,"Vĩnh Tuy, Hai Bà Trưng",N/A
42210501,26/02/2025,"Bán nhà phố Đỗ Hành giá 2.8 tỷ, nhà tập thể 3 ngủ, tổng DT 65m2. Trung tâm Quận Hai Bà Trưng","2,8 tỷ",65 m²,"43,08 tr/m²",3,3,"Nguyễn Du, Hai Bà Trưng",N/A
42275923,26/02/2025,"Bán căn hộ Imperia Sky Garden, Minh Khai, 6 tỷ, 75m2, 2PN, 2WC, nội thất full",6 tỷ,75 m²,80 tr/m²,2,2,"Vĩnh Tuy, Hai Bà Trưng",N/A
41991791,26/02/2025,"Bán căn CC 129D Trương Định Complex, căn góc, 102m2, 3PN, nhà đẹp 4.85 tỷ","4,85 tỷ",102 m²,"47,55 tr/m²",3,2,"Trương Định, Hai Bà Trưng",N/A
42273205,26/02/2025,"Căn hộ TT KTQD siêu phẩm Trần Đại Nghĩa, Hai Bà Trưng 113m2, mặt tiền 12m 5tỷxx","5,82 tỷ",113 m²,"51,5 tr/m²",3,2,"Đồng Tâm, Hai Bà Trưng","20.9978674486676, 105.845991269418"
42169056,26/02/2025,"Bán căn góc 03PN sáng 110m2 tầng 19 tòa T08 Times City giá chỉ 9,3 tỷ. LH 0977 088 ***","9,3 tỷ",110 m²,"84,54 tr/m²",3,2,"Vĩnh Tuy, Hai Bà Trưng","20.99406085839267, 105.86807258213749"
40996608,26/02/2025,"Bán gấp căn 03PN, 120m2 hướng Nam, view thoáng tại Park 11 Times City giá 11 tỷ. LH 0977 088 ***",11 tỷ,120 m²,"91,67 tr/m²",3,N/A,"Vĩnh Tuy, Hai Bà Trưng","20.9965782165527, 105.865196228027"
42273499,26/02/2025,"Bán gấp căn 1 ngủ nhà mới đẹp, nội thất sang xịn, giá 4.5 tỷ (rẻ nhất Times) LH 0968 602 ***","4,5 tỷ",52 m²,"86,54 tr/m²",1,1,"Vĩnh Tuy, Hai Bà Trưng","20.9947910308838, 105.86784362793"
42272962,26/02/2025,Quỹ căn bán giá tốt nhất Udic Riverside 122 Vĩnh Tuy LH 0968 602 ***,"3,9 tỷ",95 m²,"41,05 tr/m²",3,2,"Vĩnh Tuy, Hai Bà Trưng","20.9995295237824, 105.876227699044"
42273043,26/02/2025,"Chị gái gửi bán gấp căn 2 ngủ 75m2, sẵn sổ hồng lâu dài, giá thương lượng mạnh, LH 0968 602 ***","4,6 tỷ",75 m²,"61,33 tr/m²",2,2,"Vĩnh Tuy, Hai Bà Trưng","20.9980962579812, 105.870183585109"
42273111,26/02/2025,"Em bán căn 2 ngủ, 2WC, 55m2, sẵn sổ hồng lâu dài, giá thương lượng LH 0968 602 ***",Giá thỏa thuận,55 m²,N/A,2,2,"Vĩnh Tuy, Hai Bà Trưng","20.998477935791, 105.869430541992"
42272908,26/02/2025,"Bán căn góc 3 ngủ + 1, tầng trung, view thoáng cầu Vĩnh Tuy, LH 0968 602 ***","6,3 tỷ",95 m²,"66,32 tr/m²",4,2,"Vĩnh Tuy, Hai Bà Trưng","20.9988002734057, 105.87540554667"
42261765,26/02/2025,"Em cần bán 3 ngủ căn đẹp nhất tòa UDIC view sông Hồng cầu Vĩnh Tuy, nội thất mới LH 0968 602 ***","6,15 tỷ",93 m²,"66,13 tr/m²",3,2,"Vĩnh Tuy, Hai Bà Trưng","20.9988002734057, 105.87540554667"
42272629,26/02/2025,"Bán căn hộ chung cư Sun Grand City Ancora Residence, 3x tỷ, 250m2, 6PN, 4WC, tại Sun Lương Yên","32,5 tỷ",250 m²,130 tr/m²,6,4,"Bạch Đằng, Hai Bà Trưng","21.0122506636284, 105.862945857968"
41870551,26/02/2025,Siêu phẩm cặp căn góc 200m² - tòa Park 12 Times City,Giá thỏa thuận,200 m²,N/A,N/A,N/A,"Vĩnh Tuy, Hai Bà Trưng","20.997339433912632, 105.86524301168345"
41946146,26/02/2025,Siêu phẩm căn 4 ngủ + 1 - view nhạc nước đẳng cấp - Sổ đỏ 2 quyển cầm tay,Giá thỏa thuận,200 m²,N/A,4,N/A,"Vĩnh Tuy, Hai Bà Trưng","20.994710554912174, 105.86733747349862"
42073102,26/02/2025,Bán căn hộ cao cấp Park Hill view quảng trường,19 tỷ,160 m²,"118,75 tr/m²",4,4,"Vĩnh Tuy, Hai Bà Trưng","20.9947918360972, 105.866886146135"
40602343,26/02/2025,"Bán căn hộ 1 phòng ngủ tòa T08 và T09 giá 4,5 tỷ. Liên hệ xem nhà 0943 358 ***","4,5 tỷ",53 m²,"84,91 tr/m²",1,1,"Vĩnh Tuy, Hai Bà Trưng","20.9947910308838, 105.86784362793"
42272153,26/02/2025,"Bán căn hộ 2PN 76m2 giá cực chất tại Times City, Minh Khai, Hai Bà Trưng, Hà Nội","6,8 tỷ",76 m²,"89,47 tr/m²",2,2,"Vĩnh Tuy, Hai Bà Trưng","20.9950315056393, 105.868522021604"
42271547,26/02/2025,"Bán căn hộ chung cư Thăng Long 250 Minh Khai 75m2, nội thất xịn sò khu trung tâm Hai bà Trưng","4,7 tỷ",75 m²,"62,67 tr/m²",2,2,"Minh Khai, Hai Bà Trưng","20.993772041280632, 105.8575265090574"
42150779,26/02/2025,"Gấp, gấp căn 2PN Park Hill - DT 79m2, giá 6.75 tỷ - BC Đông Nam, view xịn. LH: 0901 793 ***","6,75 tỷ",80 m²,"84,38 tr/m²",2,2,"Vĩnh Tuy, Hai Bà Trưng","20.994256529524037, 105.86665002137501"
42269773,26/02/2025,Bán căn đập thông Times City góc view sông và hồ giá 15 tỷ,15 tỷ,156 m²,"96,15 tr/m²",4,4,"Vĩnh Tuy, Hai Bà Trưng","20.993956952305, 105.867995430327"
41834654,26/02/2025,"CC Hoàng Thành Tower 124m2 x 2N, lô góc tầng cao, view Hồ Gươm, 3 hầm xe, ở sướng, SĐCC, chỉ 20 tỷ",20 tỷ,124 m²,"161,29 tr/m²",2,2,"Lê Đại Hành, Hai Bà Trưng","21.0127562518071, 105.845423062172"
40357604,26/02/2025,"Chung cư cao cấp Hoàng Thành Tower 67m2 full đồ, khu vip, view phố cổ, SĐCC, chỉ 11.5 tỷ","11,5 tỷ",67 m²,"171,64 tr/m²",1,N/A,"Lê Đại Hành, Hai Bà Trưng","21.012306213378906, 105.84517669677734"
38767591,25/02/2025,Cần bán căn hộ 3 ngủ góc 103m2 tại Imperia Sky Garden 423 Minh Khai full nội thất như hình 7.6 tỷ,"7,6 tỷ",103 m²,"73,79 tr/m²",3,2,"Vĩnh Tuy, Hai Bà Trưng","20.998438, 105.86674"
35325552,25/02/2025,"Mở bán căn hộ chung cư cao cấp Hinode CK 20%, nhận nhà chỉ từ 1,5 tỷ. LH: 0965 180 ***",Giá thỏa thuận,77 m²,N/A,2,2,"Minh Khai, Hai Bà Trưng","20.9959945678711, 105.861267089844"
37893666,25/02/2025,"Bán gấp chung cư T1 Đại Cồ Việt - Trần Khát Chân - Hai Bà Trưng, sổ đỏ riêng, nội thất đầy đủ",800 triệu,50 m²,16 tr/m²,2,2,"Bách Khoa, Hai Bà Trưng","21.0079790668402, 105.846130028285"
42267967,25/02/2025,"Siêu VIP - Căn hộ gần 113m2 3 ngủ 2 wc phố Trần Đại Nghĩa, cạnh ĐH Kinh Tế Quốc Dân chỉ nhỉnh 5 tỷ","5,5 tỷ",113 m²,"48,67 tr/m²",3,2,"Bách Khoa, Hai Bà Trưng","21.0055447420077, 105.846076684336"
41920130,25/02/2025,"Cần bán CH 82m2 2PN 2WC giá 5.1 tỷ tòa 141 Trương Định, P Trương Định Q Hai Bà Trưng","5,1 tỷ","82,2 m²","62,04 tr/m²",2,2,"Trương Định, Hai Bà Trưng","20.991148109152, 105.849517718206"
42266936,25/02/2025,Bán căn hộ 3 phòng ngủ Sunshine Garden nhà đủ đồ,"5,8 tỷ",95 m²,"61,05 tr/m²",3,2,"Vĩnh Tuy, Hai Bà Trưng","20.996810067035177, 105.8738592956931"
42266290,25/02/2025,"Bán căn 02PN tòa Park 12 , diện tích 70m giá 6,250 tỷ. lh 0977 088 ***","6,25 tỷ",70 m²,"89,29 tr/m²",2,2,"Vĩnh Tuy, Hai Bà Trưng","20.997001186313195, 105.86585175790117"
42266234,25/02/2025,"Bán penthouse đẳng cấp thượng lưu, giữa lòng Hà Nội, tòa Hoàng Thành 114 Mai Hắc Đế",90 tỷ,460 m²,"195,65 tr/m²",4,4,"Lê Đại Hành, Hai Bà Trưng","21.012142150569197, 105.8451431263941"
42265910,25/02/2025,Bán căn hộ 3 phòng ngủ Park hill tầng trung,"11,5 tỷ",119 m²,"96,64 tr/m²",3,2,"Vĩnh Tuy, Hai Bà Trưng","20.9940315215059, 105.867462374615"
42088947,25/02/2025,"Bán gấp căn 01PN tại tòa T09 Times City giá chỉ 4,55 tỷ. LH 0977 088 ***","4,55 tỷ",53 m²,"85,85 tr/m²",1,1,"Vĩnh Tuy, Hai Bà Trưng","20.994336926843626, 105.86782113106507"
37721642,25/02/2025,"Siêu rẻ bán căn hộ 2PN, 2VS tòa Park 6, Times City. Giá 6.7 ỷ. LH 0979 702 ***","6,7 tỷ",80 m²,"83,75 tr/m²",2,2,"Vĩnh Tuy, Hai Bà Trưng","20.9943332672119, 105.867561340332"
41094951,25/02/2025,"Chính chủ bán căn 2PN DT 76.2m2 tầng trung, HDI Tower 55 Lê Đại Hành, sổ đỏ cất két LH: 0912 779 ***",Giá thỏa thuận,"76,2 m²",N/A,2,2,"Lê Đại Hành, Hai Bà Trưng","21.010473, 105.84926"
42264386,25/02/2025,"Bán căn hộ chung cư tại Green Pearl 378 Minh Khai, 8 tỷ, 88m2, 3PN, 2WC",8 tỷ,88 m²,"90,91 tr/m²",3,2,"Vĩnh Tuy, Hai Bà Trưng","20.996007169305436, 105.8636360208016"
40653164,25/02/2025,"Bán CH 2PN , tầng cao, căn góc, dự án Hoàng Thành Tower 114 Mai Hắc Đế, DT 123.5m2. LH 0912 779 ***",Giá thỏa thuận,"123,5 m²",N/A,2,2,"Lê Đại Hành, Hai Bà Trưng","21.0123062133789, 105.845176696777"
38868847,25/02/2025,"Bán căn penhouse 3 tầng siêu vip Hoàng Thành Tower 114 Mai Hắc Đế, DT 460m2. LH Mr Hà 0912 779 ***",Giá thỏa thuận,460 m²,N/A,4,5,"Lê Đại Hành, Hai Bà Trưng","21.0123062133789, 105.845176696777"
39327520,25/02/2025,"Bán nhà tập thể Kim Ngưu, 60m2, 2 ngủ, tầng 3, full nội thất, ở ngay, giá 2,15 tỷ","2,15 tỷ",60 m²,"35,83 tr/m²",2,1,"Cầu Dền, Hai Bà Trưng","21.0025637, 105.8617727"
42079882,25/02/2025,"Bán căn góc hoa hậu 3 phòng ngủ toà T8 Vinhomes Times City - ngôi nhà tài lộc, hạnh phúc","9,6 tỷ",110 m²,"87,27 tr/m²",3,N/A,"Vĩnh Tuy, Hai Bà Trưng","20.99480009841803, 105.86808318210358"
42256380,25/02/2025,Bán chung cư đẹp ngay cầu Mai Động giá thiện chí,"4,7 tỷ",82 m²,"57,32 tr/m²",2,2,"Minh Khai, Hai Bà Trưng","20.9949287038523, 105.857155821311"
42263301,25/02/2025,"Chính chủ bán gấp căn góc Park 5 - 105m2 - 3PN, giá 9,5 tỷ full nội thất","9,5 tỷ",105 m²,"90,48 tr/m²",3,2,"Vĩnh Tuy, Hai Bà Trưng","20.993704066203353, 105.8682443462184"
42256426,25/02/2025,"Bán căn hộ 09 tòa A2 2PN tại Thăng Long Garden, 250 Minh Khai, 4,75 tỷ","4,75 tỷ","74,2 m²","64,02 tr/m²",2,2,"Minh Khai, Hai Bà Trưng","20.993830632877554, 105.85695311563167"
42042772,25/02/2025,Rẻ nhất thị trường căn hộ 2PN Park Hill Times City. Giá: 6.2 tỷ. LH. 0962 984 ***,"6,2 tỷ",75 m²,"82,67 tr/m²",2,1,"Vĩnh Tuy, Hai Bà Trưng","20.994333267211914, 105.86756134033203"
42262342,25/02/2025,"Bán căn hộ cao cấp, Amber Riverside 622 Minh Khai, 110m2, 3PN, giá 8,3 tỷ (TL)","8,3 tỷ",110 m²,"75,46 tr/m²",3,2,"Vĩnh Tuy, Hai Bà Trưng","20.9984491572662, 105.871327106978"
42253569,25/02/2025,"Bán căn 02PN sáng, 83m2, tại tòa T08 Times City giá chỉ 6.1 tỷ. LH 0977 088 ***","6,1 tỷ",83 m²,"73,49 tr/m²",2,2,"Vĩnh Tuy, Hai Bà Trưng","20.9940821897913, 105.867863123622"
42110192,25/02/2025,Bán Căn 3 ngủ Park 12 diện tích 94m2 giá 9.1 tỷ full đồ,"9,1 tỷ",94 m²,"96,81 tr/m²",3,2,"Vĩnh Tuy, Hai Bà Trưng","20.996595846545, 105.86516213024493"
42115168,25/02/2025,"Rẻ nhất Park Hill Times city, căn 2PN sáng, giá 6.15 tỷ thu về, sổ đỏ chính chủ, nhà mới và sạch sẽ","6,15 tỷ",70 m²,"87,86 tr/m²",2,2,"Vĩnh Tuy, Hai Bà Trưng","20.99703704429861, 105.86561035050686"
42115179,25/02/2025,"Chủ nhà cần tiền bán nhanh căn 1PN-53 m2, tòa T09, đủ đồ, sổ đỏ, nhà giữ gìn nên rất mới và sạch sẽ","4,55 tỷ",53 m²,"85,85 tr/m²",1,1,"Vĩnh Tuy, Hai Bà Trưng","20.994706646787204, 105.86820187399486"
42142063,25/02/2025,Siêu góc 200m2 giá 22 tỷ. Có slot ô tô tại Vinhomes Times City,22 tỷ,200 m²,110 tr/m²,5,3,"Vĩnh Tuy, Hai Bà Trưng","20.995017540055766, 105.86795626092048"
42261990,25/02/2025,Bán căn 3PN chung cư Amber 622 Minh Khai - giá tốt nhất thị trường,Giá thỏa thuận,106 m²,N/A,3,2,"Minh Khai, Hai Bà Trưng","20.998298767579428, 105.86908657968513"
42261668,25/02/2025,Chính chủ cần bán căn 2PN CC Thăng Long Garden 250 Minh Khai,"4,75 tỷ",74 m²,"64,19 tr/m²",2,2,"Minh Khai, Hai Bà Trưng","20.9939396822601, 105.85710949737"
42261457,25/02/2025,Bán căn 4 ngủ Park 3 hoa hậu của Park Hill,"15,8 tỷ",151 m²,"104,64 tr/m²",4,3,"Vĩnh Tuy, Hai Bà Trưng","20.994884053778, 105.868293874225"
42261547,25/02/2025,Bán căn 4N có slot ô tô vĩnh viễn Times City,11 tỷ,120 m²,"91,67 tr/m²",4,2,"Vĩnh Tuy, Hai Bà Trưng","20.9950120301013, 105.868491578425"
42261200,25/02/2025,Bán căn 4 ngủ Park 3 hoa hậu của Park Hill,"15,8 tỷ",151 m²,"104,64 tr/m²",4,3,"Vĩnh Tuy, Hai Bà Trưng","20.99414056575341, 105.86765725744637"
42167663,25/02/2025,"Bán Căn Góc 3Ngủ 106m2 giá 8,x tỷ ( Căn rộng nhất dự án ) tại IMPERIA - Thiết kế : 3 Ngủ sáng",9 tỷ,106 m²,"84,91 tr/m²",3,2,"Vĩnh Tuy, Hai Bà Trưng","20.999270066847508, 105.86641061817963"
42109133,25/02/2025,Cần bán căn chung cư KĐT Times City Park Hill - Minh Khai - HBT DT 100m2*3 ngủ,"9,6 tỷ",100 m²,96 tr/m²,3,N/A,"Vĩnh Tuy, Hai Bà Trưng","20.994088871202, 105.867470537829"
42254510,25/02/2025,Chủ nhà giao bán căn hộ 1PN1WC 46m2 giá rẻ nhất thị trường,"3,99 tỷ",46 m²,"86,74 tr/m²",1,1,"Vĩnh Tuy, Hai Bà Trưng","20.9967984255576, 105.873919610253"
42260052,25/02/2025,Bán căn 1 phòng ngủ nhiều lựa chọn giá từ 4.6 tỷ,"4,6 tỷ",53 m²,"86,79 tr/m²",1,1,"Vĩnh Tuy, Hai Bà Trưng","20.994843523078153, 105.86772204870996"
35865280,25/02/2025,"Chung cư B5 Phố Vọng - Giải Phóng - Đại học Kinh tế quốc dân, ô tô đỗ cửa",830 triệu,35 m²,"23,71 tr/m²",1,1,"Đồng Tâm, Hai Bà Trưng","20.9965735, 105.8427701"
42259944,25/02/2025,"Bán 2 phòng ngủ hoa hậu Timescity - 2PN sáng, có slot ô tô tầng đẹp","8,8 tỷ","94,3 m²","93,32 tr/m²",2,2,"Vĩnh Tuy, Hai Bà Trưng","20.994193718553948, 105.86729131479125"
42179554,25/02/2025,"Bán CC cao cấp Sunshine Garden, 108m2, 3PN, 2WC, tặng nội thất xịn, sổ đỏ 7.9 tỷ","7,9 tỷ",108 m²,"73,15 tr/m²",3,2,"Vĩnh Tuy, Hai Bà Trưng","20.9959458285502, 105.873988131391"
42086611,24/02/2025,"Bán căn hộ chung cư 250 Minh Khai, 2 phòng ngủ, ban công đông nam, sổ lâu dài, hơn 4 tỷ","4,95 tỷ",75 m²,66 tr/m²,2,2,"Minh Khai, Hai Bà Trưng","20.9942780396492, 105.856841208128"
42258715,24/02/2025,"Chủ cần bán gấp! Tầng cao view thoáng, full nội thất, 77m2 - 2 ngủ 2vs, chỉ hơn 4 tỷ","4,75 tỷ",77 m²,"61,69 tr/m²",2,2,"Minh Khai, Hai Bà Trưng","20.993788705439393, 105.85719587131031"
41927538,24/02/2025,"Bán căn TT tầng 2 ngõ 190 Lò Đúc, Hai Bà Trưng","2,65 tỷ",50 m²,53 tr/m²,2,1,"Đồng Nhân, Hai Bà Trưng","21.0180622002878, 105.855317951059"
41839737,24/02/2025,Cần bán gấp căn 02PN rộng 95m2 hướng Nam tại tòa T02 Times City giá chỉ tròn 7 tỷ. LH 0977 088 ***,7 tỷ,95 m²,"73,68 tr/m²",2,2,"Vĩnh Tuy, Hai Bà Trưng","20.99484964405808, 105.86718023857681"
42255605,24/02/2025,Bán căn nhà tập thể khu vực đẹp nhất quận Hai Bà Trưng gần công viên Võ Thị Sáu DT 69m2 giá cực tốt,"3,9 tỷ",69 m²,"56,52 tr/m²",2,2,"Thanh Nhàn, Hai Bà Trưng","21.0091181743433, 105.856444613113"
42161053,24/02/2025,Bán gấp căn đập thông Times City 212m2 đã đập thông - 5PN - 4WC,22 tỷ,212 m²,"103,77 tr/m²",5,4,"Vĩnh Tuy, Hai Bà Trưng","20.994585368070965, 105.86718418179117"
41167671,24/02/2025,"Cần bán cắt lỗ căn hộ 2N Green Pearl 378 Minh Khai, giá cực sốc. Liên hệ 0868 657 ***",6 tỷ,74 m²,"81,08 tr/m²",2,2,"Vĩnh Tuy, Hai Bà Trưng","20.9965381622314, 105.863388061523"
42254956,24/02/2025,Hot có 1-0-2 bán căn 2PN góc 2 mặt thoáng 70m2 Hoà Bình Green City nhà mới 99% giá tốt,Giá thỏa thuận,70 m²,N/A,2,2,"Vĩnh Tuy, Hai Bà Trưng","21.000235517499345, 105.86980511644589"
41597832,24/02/2025,"Bán căn hộ 2PN hàng hiếm, view Hồ Bảy Mẫu độc nhất vô nhị, vị trí trung tâm phố cổ. Giá bán hợp lý!",Giá thỏa thuận,80 m²,N/A,2,2,"Lê Đại Hành, Hai Bà Trưng","21.010473, 105.84926"
42143511,24/02/2025,"Bán căn hộ  Trương Định, Minh Khai , Căn mặt phố xã đàn 35m x4,5. LH; 0987 169 ***",Giá thỏa thuận,35 m²,N/A,N/A,N/A,"Minh Khai, Hai Bà Trưng","20.9961178337035, 105.857516059177"
42253802,24/02/2025,"Cần bán 2PN 76m2 giá chuẩn 5,9 tỷ tầng đẹp, Hướng đông bắc, nhà mới đẹp tại CC Imperia Sky Garden","5,9 tỷ",76 m²,"77,63 tr/m²",2,2,"Vĩnh Tuy, Hai Bà Trưng","20.998286295633896, 105.8665259154275"
39316405,24/02/2025,"CHCC Hoàng Thành Tower sát Vincom Bà Triệu 85m2, giá 7.3 tỷ, ở luôn trung tâm","7,3 tỷ",85 m²,"85,88 tr/m²",2,2,"Lê Đại Hành, Hai Bà Trưng","21.012306213378906, 105.84517669677734"
42252974,24/02/2025,"Cần bán căn 3 ngủ 112m2, full nội thất tại dự án Amber Riverside cạnh Times City, giá 7.7 tỷ","7,7 tỷ",112 m²,"68,75 tr/m²",3,2,"Vĩnh Tuy, Hai Bà Trưng","20.998371790563116, 105.87171515153989"
42252996,24/02/2025,"Bán căn hộ 74m2, 4,7 tỷ tại Thăng Long Garden 250 Minh Khai, Hai Bà Trưng, Hà Nội","4,7 tỷ",74 m²,"63,51 tr/m²",2,2,"Minh Khai, Hai Bà Trưng","20.9940417091615, 105.857214301979"
42252963,24/02/2025,"Căn hộ chung cư Thăng Long Garden 250 Minh Khai DT: 75m2 - 4,75 tỷ. Full nội thất đẹp","4,75 tỷ",75 m²,"63,33 tr/m²",2,2,"Minh Khai, Hai Bà Trưng","20.9941898637978, 105.856729878197"
42252661,24/02/2025,Tôi bán căn 2 ngủ 75m2 ban công hướng mát giá 6tỷ Imperia Minh Khai,6 tỷ,75 m²,80 tr/m²,2,2,"Vĩnh Tuy, Hai Bà Trưng","20.99801295202162, 105.86595027284446"
42115212,24/02/2025,Cập nhật danh sách căn hộ đập thông tại Park Premium. LH: 0979 011 ***,"26,8 tỷ",200 m²,134 tr/m²,4,3,"Vĩnh Tuy, Hai Bà Trưng","20.997036635642974, 105.86468703812133"
42249138,24/02/2025,Chính chủ bán căn hộ 2PN 95m2 Times tầng trung đầy đủ nội thất giá cực tốt 0975 695 ***,7 tỷ,95 m²,"73,68 tr/m²",2,2,"Vĩnh Tuy, Hai Bà Trưng","20.994495277441, 105.867688492882"
42239262,24/02/2025,"Bán CC 2PN, 60m2, 2,65 tỷ tại Lê Quý Đôn, Bạch Đằng, Hai Bà Trưng, HN siêu hot","2,65 tỷ",60 m²,"44,17 tr/m²",2,1,"Bạch Đằng, Hai Bà Trưng","21.013695022315, 105.862193523358"
42251411,24/02/2025,"Bán CC Thăng Long Garden 250 Minh Khai, 4,7 tỷ, 74m2, view đẹp hot","4,7 tỷ",74 m²,"63,51 tr/m²",N/A,N/A,"Minh Khai, Hai Bà Trưng","20.9941285959383, 105.856511677397"
42248342,24/02/2025,"Bán CC 3PN, 2WC tại Hòa Bình Green City, 8 tỷ, 117m2",8 tỷ,117 m²,"68,38 tr/m²",3,2,"Vĩnh Tuy, Hai Bà Trưng","20.999774996561, 105.870607192785"
42250806,24/02/2025,"Bán Căn 03PN tại tòa Park 7 wiew quảng trường, giá chỉ hơn 11 tỷ. LH 0977 088 ***","11,5 tỷ",115 m²,100 tr/m²,3,2,"Vĩnh Tuy, Hai Bà Trưng","20.994361990602847, 105.86768169468779"
39332721,24/02/2025,Chuyển công tác - cần bán căn hộ 4 ngủ giá rẻ nhất Green Pearl 378 Minh Khai - 0948 247 ***,Giá thỏa thuận,139 m²,N/A,4,3,"Vĩnh Tuy, Hai Bà Trưng","20.996538162231445, 105.86338806152344"
41475153,24/02/2025,"Quỹ căn 2 phòng ngủ bán tại chung cư 536A Minh Khai, LH 0906 289 ***","3,4 tỷ",55 m²,"61,82 tr/m²",2,2,"Vĩnh Tuy, Hai Bà Trưng","20.998477935791, 105.869430541992"
41980706,24/02/2025,Em bán 3 ngủ full nội thất cao cấp đẹp diện tích 90m2 view thoáng LH 0906 289 ***,"5,6 tỷ",90 m²,"62,22 tr/m²",3,2,"Vĩnh Tuy, Hai Bà Trưng","20.998825397678317, 105.87546284647755"
41999023,24/02/2025,Sếp em cần bán gấp trong tết căn 3 ngủ góc toà T6 có slot xe vĩnh viễn theo hợp đồng lh 0906 289 ***,Giá thỏa thuận,110 m²,N/A,3,2,"Vĩnh Tuy, Hai Bà Trưng","20.994632400395247, 105.86824359429741"
42102763,24/02/2025,Chính chủ bán căn 3 ngủ tòa nhà Udic Riverside 122 Vĩnh Tuy full nội thất LH 0906 289 ***,"6,15 tỷ",95 m²,"64,74 tr/m²",3,2,"Vĩnh Tuy, Hai Bà Trưng","20.998665188005273, 105.87635314176684"
42088013,24/02/2025,"Bán căn Hinode 2PN full nội thất, sẵn sổ giao dịch, có slot ô tô, giá 6,5 tỷ. LH: 0961 995 ***","6,5 tỷ",77 m²,"84,42 tr/m²",2,2,"Minh Khai, Hai Bà Trưng","20.995462849820964, 105.86127201869229"
42250038,24/02/2025,"Bán căn hộ mini Vân Hồ 3, Có sổ Hồng từng căn, full đồ, ở ngay",Giá thỏa thuận,35 m²,N/A,1,1,"Lê Đại Hành, Hai Bà Trưng","21.0094339528407, 105.846243992747"
42249714,24/02/2025,"Tôi cần bán CH 2PN trục Đông Nam DT 70m2 nhà mới đét giá siêu rẻ chỉ 4,3 tỷ. LH 0984 676 ***","4,3 tỷ",70 m²,"61,43 tr/m²",N/A,N/A,"Vĩnh Tuy, Hai Bà Trưng","20.9997795650591, 105.869386682432"
42249098,24/02/2025,"Chung cư 250 Minh Khai, 74m2, khu vip","4,7 tỷ",74 m²,"63,51 tr/m²",2,2,"Minh Khai, Hai Bà Trưng","20.993701212939268, 105.85705344152379"
42248903,24/02/2025,"Nhà tập thể, Minh Khai - Hai Bà Trưng, 3 thoáng, ô tô đỗ cổng, 80m2, 2.85 tỷ","2,85 tỷ",80 m²,"35,62 tr/m²",2,2,"Minh Khai, Hai Bà Trưng","20.9948319883749, 105.857049008854"
42249348,24/02/2025,"Bán căn hộ 2PN, 2WC tại Park Hill Premium, Minh Khai, giá ưu đãi 6,95 tỷ, 74m2","6,95 tỷ",74 m²,"93,92 tr/m²",2,2,"Vĩnh Tuy, Hai Bà Trưng","20.996766064895425, 105.86506990521673"
42249308,24/02/2025,"Siêu rẻ! Bán căn hộ 3PN, 2WC tại Times City, 9,3 tỷ, 117m2, Hai Bà Trưng, Hà Nội","9,3 tỷ",117 m²,"79,49 tr/m²",3,2,"Vĩnh Tuy, Hai Bà Trưng","20.9951283780452, 105.867473762714"
42249064,24/02/2025,"Bán Park Hill - Times City căn góc 3P sáng - giá có 9,3 tỷ, 101m2 view đẹp, nhiều tiện ích","9,3 tỷ",101 m²,"92,08 tr/m²",3,2,"Vĩnh Tuy, Hai Bà Trưng","20.9962523593932, 105.865130944407"
39833253,24/02/2025,"Cập nhật quỹ căn bán tại Green Pearl - 378 Minh Khai, update: 24/2/2025",Giá thỏa thuận,88 m²,N/A,N/A,N/A,"Vĩnh Tuy, Hai Bà Trưng","20.996538, 105.86339"
42151480,24/02/2025,"Rẻ nhất thị trường căn đập thông 200m2 Times City, 20tỷ full đồ xịn, có slot ô tô. 0901 793 ***",20 tỷ,200 m²,100 tr/m²,4,3,"Vĩnh Tuy, Hai Bà Trưng","20.994371430734876, 105.86786425130957"
42248867,24/02/2025,"Bán căn hộ 03 phòng ngủ Times City full đồ đẹp, có slot ô tô. Liên hệ: 0913 406 ***","8,85 tỷ",95 m²,"93,16 tr/m²",3,2,"Vĩnh Tuy, Hai Bà Trưng","20.9947962064535, 105.867891476125"
42246719,24/02/2025,"Bán nhà tập thể Thọ Lão, Nguyễn Công Trứ, 2 ngủ riêng biệt, 2wc, ô tô vào tận sân nhà","2,78 tỷ",70 m²,"39,71 tr/m²",2,2,"Lê Đại Hành, Hai Bà Trưng","21.0141454398195, 105.855684552769"
42097664,24/02/2025,"Bán nhà đẹp phố Kim Ngưu, 75m2, 2 ngủ đủ công năng, tặng toàn bộ nội thất","2,5 tỷ",75 m²,"33,33 tr/m²",2,1,"Quỳnh Mai, Hai Bà Trưng","21.0003094436783, 105.861590780379"
42244475,24/02/2025,"3,65 tỷ - Nhà tập thể tầng 2, phố Thọ Lão, Lò Đúc, quận HBT","3,65 tỷ",70 m²,"52,14 tr/m²",2,1,"Đồng Nhân, Hai Bà Trưng","21.0111334636246, 105.857510194698"
40994399,24/02/2025,"Bán căn hộ chung cư 93 lò Đúc, diện tích 116m2, 150m2, 185m2 LH Định 0987 819 ***","10,5 tỷ",150 m²,70 tr/m²,3,2,"Phạm Đình Hổ, Hai Bà Trưng","21.015636444091797, 105.85718536376953"
42154674,24/02/2025,"Căn góc đẹp tòa T6 - 3PN - DT 110.3 m2 giá 11 tỷ - tại Times City, LH: 0901 793 ***",11 tỷ,"110,3 m²","99,73 tr/m²",2,2,"Vĩnh Tuy, Hai Bà Trưng","20.994749220420708, 105.86846540237198"
42235306,24/02/2025,"Bán nhà tập thể Lê Quý Đôn, Lò Đúc, Hai Bà Trưng, 2 ngủ, 2WC, ô tô tránh trước nhà, nhà đẹp","2,55 tỷ",56 m²,"45,54 tr/m²",2,2,"Bùi Thị Xuân, Hai Bà Trưng","21.0131597647143, 105.861082044455"
