Id,Date Posted,Product Title,Price,Area,Price per m²,Bedrooms,Toilets,Location,Coordinates
42311818,06/03/2025,Quỹ căn độc quyền! Dự án The Charm An Hưng. Mở bán suất ngoại giao tầng đẹp lh 0983 180 *** giá tốt,"5,1 tỷ",74 m²,"68,92 tr/m²",2,2,·,"20.97528474632491, 105.76037509957708"
41860304,06/03/2025,Tải full Quỹ căn ra hàng ngày mai - Liên hệ ngay lấy căn HOT 54m2 & 71-75m2-77m2 - chiết khấu 150tr,Giá thỏa thuận,77 m²,N/A,2,2,·,"20.9745469549635, 105.761241685925"
42337413,06/03/2025,"TOP 11 CĂN HỘ CÓ GIÁ BÁN TỐT NHẤT CHUNG CƯ THE CHARM AN HƯNG, NHẬN BOOKING RA HÀNG ĐỢT 3",Giá thỏa thuận,54 m²,N/A,2,1,·,"20.974681148098902, 105.76075977051738"
42347513,06/03/2025,"Độc quyền 5 suất quỹ căn đẹp cam kết giá tốt nhất thị trường, đóng 15% kí HĐMB, LS 0% hỗ trợ 15T",Giá thỏa thuận,"72,6 m²",N/A,2,2,·,"20.974965183652394, 105.76008985709349"
42037149,05/03/2025,"10 Suất ngoại giao giá rẻ nhất tại dự án The Charm An Hưng, hỗ trợ ls 0% 15 tháng, lh 0983 119 ***","5,2 tỷ",77 m²,"67,53 tr/m²",2,2,·,"20.974747808295007, 105.76082040903465"
42301225,03/03/2025,"Căn hộ cao cấp Kepler Land-Mặt đường Tố Hữu, Hà Đông, 2pn DT 77m giá dự kiến 77tr/m2, CK tới 13.8%",Giá thỏa thuận,77 m²,N/A,2,N/A,·,"20.98534447926, 105.780819411868"
42316009,03/03/2025,"Ngoại giao căn 2 ngủ giá tốt nhất The Charm An Hưng, Miễn lãi tới khi nhận nhà","5,2 tỷ",72 m²,"72,22 tr/m²",2,2,·,"20.97494185464737, 105.76090536696871"
42092039,06/03/2025,QUỸ CĂN NGOẠI GIAO ĐẦU TIÊN ĐẸP NHẬT DỰ ÁN KEPLER LAND MỖ LAO HÀ ĐÔNG CK 16% CHO KHÁCH HÀNG ƯU TIÊN,4 tỷ,77 m²,"51,95 tr/m²",2,2,"Mỗ Lao, Hà Đông","20.9856739187377, 105.780342936538"
42353908,06/03/2025,"MỞ BÁN QUỸ CĂN HỘ VIP, GIÁ TỪ 4 TỶ TẠI THE CHARM AN HƯNG GIÁ 70tr/m2, HỖ TRỢ 70% HTLS 0% 15th SỔ ĐỎ","5,5 tỷ",76 m²,"72,37 tr/m²",2,2,"La Khê, Hà Đông","20.97462936285846, 105.76058860875447"
42106132,06/03/2025,"Căn ngoại giao trục 08 tòa B mở bán 10h sáng mai (2PN - 3PN) dự án The Charm An Hưng, ký HĐMB luôn","6,76 tỷ","91,4 m²",74 tr/m²,3,3,"La Khê, Hà Đông","20.9750614849206, 105.761011405452"
42353236,06/03/2025,"TRỤC CĂN ĐẸP NHẤT DỰ ÁN CHỈ CÒN 5 SUẤT NGOẠI GIAO, SỞ HỮU NGAY CĂN HỘ 96M2 GIÁ TỐT NHẤT THỊ TRƯỜNG","6,7 tỷ","95,7 m²","70,01 tr/m²",3,2,"La Khê, Hà Đông","20.9734683205803, 105.759186943232"
42301326,06/03/2025,"Mở bán toà tháp đôi Kepler Land-trung tâm Hà Đông, Quỹ căn F1 CĐT, đặt ngay nhận ck tới 12,8%",Giá thỏa thuận,73 m²,N/A,2,2,"Mỗ Lao, Hà Đông","20.985354061634023, 105.7796306993957"
42267607,05/03/2025,Ra hàng quỹ căn đẹp dự án chung cư The charm Tố Hữu - Hà Đông trợ vay bank 70%,Giá thỏa thuận,72 m²,N/A,2,2,"La Khê, Hà Đông","20.974552812456697, 105.76054477436087"
42338424,05/03/2025,"Bán quỹ ngoại giao The Charm - An Hưng tầng 6,12,26,27,30, giá tốt 0982 289 ***","5,2 tỷ",71 m²,"73,24 tr/m²",2,2,"La Khê, Hà Đông","20.97438462268904, 105.7605918209099"
42336058,05/03/2025,Bán suất ngoại giao căn 2pn dự án The Charm An Hưng giá chỉ từ 4 tỷ full nội thất nhập khẩu đức,4 tỷ,54 m²,"74,07 tr/m²",N/A,N/A,"La Khê, Hà Đông","20.974644226039622, 105.76057251398699"
14082007,04/03/2025,Xả hàng đầu năm quỹ căn giá tốt Mulberry Lane - LH: 0981 960 ***,Giá thỏa thuận,123 m²,N/A,3,2,"Mỗ Lao, Hà Đông","20.9868438538229, 105.786249884671"
41141828,03/03/2025,Cập nhật quỹ căn đang bán giá rẻ nhất tại chung cư Park Kiara KĐT ParkCity Hà Nội. LH 0968 450 ***,"8,6 tỷ",91 m²,"94,5 tr/m²",3,2,"La Khê, Hà Đông","20.9673748016357, 105.754013061523"
41797564,03/03/2025,Bán căn 3PN mẫu D 108m2 phòng khách rộng tại CC Park Kiara KĐT Park City Hà Nội giá tốt 0968 450 ***,"11,3 tỷ",108 m²,"104,63 tr/m²",3,2,"La Khê, Hà Đông","20.9673748016357, 105.754013061523"
42320270,03/03/2025,Quỹ căn đối ngoại đầu tiên đẹp nhất dự án Kepler Land Mỗ Lao Hà Đông CK 10% cho khách hàng ưu tiên,"2,92 tỷ",45 m²,65 tr/m²,2,1,"Mỗ Lao, Hà Đông","20.985518421254067, 105.78010686213831"
42267738,03/03/2025,Ra hàng dự án chung cư Kepler Land Mỗ Lao diện tích từ 53m2 - 72m2 -101m2 hỗ trợ vay Bank 70%,Giá thỏa thuận,72 m²,N/A,2,2,"Mỗ Lao, Hà Đông","20.985945385379512, 105.78014735383282"
42118287,03/03/2025,Độc quyền quỹ căn cần bán giá tốt nhất tại chung cư Park Kiara với giá tốt nhất,"7,7 tỷ",82 m²,"93,9 tr/m²",2,2,"La Khê, Hà Đông","20.9676955331635, 105.75328558892"
42312791,02/03/2025,"Bảng hàng trực tiếp cđt, quỹ ngoại giao căn 2 - 3pn The Charm An Hưng CK %, htls 0% 15th",Giá thỏa thuận,54 m²,N/A,2,1,"La Khê, Hà Đông","20.975555364290784, 105.76046575639012"
42312655,02/03/2025,3/3 mở bán 52 căn The Charm An Hưng quỹ căn ngoại giao siêu VIP LH Lấy căn gía tốt nhất thị trường,Giá thỏa thuận,54 m²,N/A,2,N/A,"La Khê, Hà Đông","20.9748641446811, 105.761398948885"
42310949,02/03/2025,Bán chung cư Seasons Avenue - Mỗ Lao,"8,8 tỷ",124 m²,"70,97 tr/m²",3,2,"Mỗ Lao, Hà Đông","20.986801060655896, 105.78700770077624"
42296248,28/02/2025,Chỉ hơn 70tr/m2 quỹ căn đẹp giá rẻ nhất thị trường dự án căn hộ cao cấp tháp đôi Kepler Land Mỗ Lao,Giá thỏa thuận,68 m²,N/A,2,2,"Mỗ Lao, Hà Đông","20.9857179657048, 105.780484785229"
42290349,28/02/2025,"Tổng hợp căn bán 2pn, 3pn. Dự án chung cư HH2 Xuân Mai Complex Dương Nội","3,15 tỷ",62 m²,"50,81 tr/m²",2,2,"Yên Nghĩa, Hà Đông","20.959646991226403, 105.74197522831939"
42180846,27/02/2025,Sắp ra mắt Tháp đôi Kepler Land biểu tượng KĐT Mỗ Lao giá tốt nhất Hà Đông dự kiến từ 8X triệu/m2,Giá thỏa thuận,45 m²,N/A,1,1,"Mỗ Lao, Hà Đông","20.9859794518939, 105.779990817788"
42175321,26/02/2025,Nhận booking sớm căn 2PN dự án The Charm An Hưng (số lượng giới hạn) LH 0918 518 ***,Giá thỏa thuận,74 m²,N/A,2,2,"La Khê, Hà Đông","20.9742969710975, 105.760952514185"
42354050,06/03/2025,"CHÍNH CHỦ BÁN CĂN HỘ CC SAMSORA PREMIER 105 CHU VĂN AN, YẾT KIÊU,HÀ ĐÔNG","5,7 tỷ",92 m²,"61,96 tr/m²",3,2,"Vạn Phúc, Hà Đông","20.9746645620928, 105.777581669396"
37898909,06/03/2025,"Tổng hợp CHUNG CƯ HÀ ĐÔNG KĐT Xa La tháng 3/2025 - xem nhà 24/7 - GIÁ CHỈ TỪ 2.6 tỷ, 2PN - nhà đẹp","2,6 tỷ",54 m²,"48,15 tr/m²",2,2,"Phúc La, Hà Đông","20.9624671936035, 105.792366027832"
42353415,06/03/2025,"Bán căn Góc 2PN 75.5m2- BC Đông Nam - cửa Tây Bắc, đồ cơ bản, Sổ đỏ 4 tỷ (có thuong lượng)",4 tỷ,72 m²,"55,56 tr/m²",2,2,"La Khê, Hà Đông","20.97579706159083, 105.76113525869962"
42352872,06/03/2025,HÀNG HIẾM CHUNG CƯ MINI ngay BẾN XE YÊN NGHĨA 50/56m 7 tầng 15 phòng ĐỪNG BỎ LỠ CƠ HỘI ĐẦU TƯ,"14,8 tỷ",50 m²,296 tr/m²,15,15,"Yên Nghĩa, Hà Đông","20.9486670941507, 105.746684721121"
41762066,06/03/2025,"Chính chủ cần bán gấp căn hộ CT7F dt 54m Dương Nội, 2PN, full nội thất lung linh, vào ở luôn",Giá thỏa thuận,55 m²,N/A,2,1,"Dương Nội, Hà Đông","20.9798679351807, 105.743919372559"
42103340,06/03/2025,Cập nhật quỹ căn hộ 2 - 3 - 4 ngủ chuyển nhượng giá tốt nhất tại HPC Landmark - giá chuẩn ko chênh,"6,8 tỷ",135 m²,"50,37 tr/m²",3,3,"La Khê, Hà Đông","20.9735511836755, 105.758627940608"
42350690,06/03/2025,"(Giá thật) Tôi chính chủ bán căn 134m toà S4, tầng trung, 3N2W, full nội thất, giá 10,5 tỷ","10,5 tỷ",134 m²,"78,36 tr/m²",3,2,"Mỗ Lao, Hà Đông","20.987028075744668, 105.78683616896905"
42350020,06/03/2025,"Chính chủ cần bán căn hoa hậu, chung cư TSQ Mỗ Lao, cực thoáng, đầy đủ tiện nghi, chỉ nhỉnh 12 tỷ","12,2 tỷ",225 m²,"54,22 tr/m²",4,3,"Mỗ Lao, Hà Đông","20.9827611989921, 105.781729826666"
42348113,06/03/2025,"Chung cư The Pride - Aeon Mall Hà đông căn hộ được tìm kiếm nhiều nhất, 98.3m2 3PN, giá 5,2 tỷ","5,2 tỷ","98,3 m²","52,9 tr/m²",3,2,"La Khê, Hà Đông","20.975642511156995, 105.76232497251955"
40182464,06/03/2025,"Chính chủ cần bán căn hộ The Pride, Tố Hữu, Hà Đông 75m2 góc đẹp","3,95 tỷ",75 m²,"52,67 tr/m²",2,2,"La Khê, Hà Đông","20.9760246276855, 105.761596679688"
41999852,05/03/2025,"PKD CĐT An Hưng ra mắt sản phẩm: Ưu tiên chọn - căn, chọn - Tầng cho Quý khách hàng. Booking - ngay",Giá thỏa thuận,54 m²,N/A,2,1,"La Khê, Hà Đông","20.9747419733219, 105.760713314661"
38600241,05/03/2025,"Bán quỹ căn hộ chung cư Usilk City 2 - 3 phòng ngủ, giá rẻ nhất thị trường","4,25 tỷ","79,4 m²","53,53 tr/m²",2,2,"La Khê, Hà Đông","20.974389809558193, 105.7610638625362"
41842775,05/03/2025,Tổng hợp quỹ căn hộ đang bán tại chung cư The Pride giá rẻ nhất thị trường,"3,75 tỷ",70 m²,"53,57 tr/m²",2,2,"La Khê, Hà Đông","20.9760172488908, 105.761614898577"
42339804,05/03/2025,"Quỹ căn CC đẹp, 2-3 PN + 2WC tại Hà Đông,chỉ cần từ 1,5 tỷ Ân hạn lãi - gốc, 54m2 96m2, full ltường",4 tỷ,72 m²,"55,56 tr/m²",2,2,"La Khê, Hà Đông","20.974410662396412, 105.76036389848622"
41637862,05/03/2025,Cập nhập quỹ căn 2 - 3 ngủ Xuân Mai Tô Hiệu - Hà Đông ( tại đây ạ ),"3,2 tỷ",57 m²,"56,14 tr/m²",2,2,"Hà Cầu, Hà Đông","20.962711, 105.77343"
42339149,05/03/2025,"Độc quyền quỹ căn (1-2-3PN) giá ngoại giao. Ưu tiên chọn căn, chọn tầng tại tháp đôi Kepler Land",Giá thỏa thuận,45 m²,N/A,1,N/A,"Mỗ Lao, Hà Đông","20.986237768712645, 105.77961662216704"
42338413,05/03/2025,"Bán căn hộ 2PN, 2VS SĐCC full nội thất, giá chỉ 3,x tỷ tại KĐT Xa La, Phúc La, Hà Đông, Hà Nội","3,19 tỷ",68 m²,"46,91 tr/m²",2,2,"Phúc La, Hà Đông","20.962249186210997, 105.79227325025853"
35108880,05/03/2025,"Tổng hợp các căn hộ chung cư Văn Khê 3 phòng ngủ, 2 phòng ngủ giá rẻ - 0982 753 ***","3,65 tỷ",74 m²,"49,32 tr/m²",2,2,"La Khê, Hà Đông","20.97216118527831, 105.76090961610174"
42337351,05/03/2025,"Bán căn hộ 2N, 3N CC CT1, 2, 3 Bộ Tư Lệnh Thủ Đô, Yên Nghĩa, Hà Đông. LH 0911 483 ***","3,18 tỷ",73 m²,"43,56 tr/m²",2,2,"Yên Nghĩa, Hà Đông","20.954842981387444, 105.74063097388715"
42336489,05/03/2025,Grand Sunlake Văn Quán - 70m2 - 92m2 - 112m2. Sổ đỏ lâu dài. Giá tốt nhất,Giá thỏa thuận,70 m²,N/A,2,2,"Văn Quán, Hà Đông","20.9796340604254, 105.787101434503"
40591757,05/03/2025,Cập nhật quỹ căn 2 - 3 - 4 ngủ Hyundai liên tục tại đây ạ - Em Đạt cư dân Hyundai,8 tỷ,136 m²,"58,82 tr/m²",3,2,"Hà Cầu, Hà Đông","20.9636821746826, 105.773704528809"
42334399,04/03/2025,"Bán căn hộ 3PN, 2WC tại Mulberry Lane, giá thỏa thuận, 128m2, Q. Hà Đông, HN, chính chủ, view đẹp",Giá thỏa thuận,128 m²,N/A,3,2,"Mỗ Lao, Hà Đông","20.987115866997446, 105.7859883894812"
42331437,04/03/2025,"Quỹ căn 3PN V1 và V2 CC The Terra An Hưng, 6 tỷ VND, 110m2, 3PN, 2WC, đẹp - LH 0981 960 ***",6 tỷ,110 m²,"54,54 tr/m²",3,2,"La Khê, Hà Đông","20.972462180646318, 105.75652805289349"
30854352,04/03/2025,Hiếm ban công Đông Nam 3PN Mulberry tòa D DT 127m2 full nội thất đẹp - 0981 960 ***,Giá thỏa thuận,127 m²,N/A,3,2,"Mỗ Lao, Hà Đông","20.9865188598633, 105.786399841309"
18498582,04/03/2025,Xả hàng đầu năm 2025 quỹ căn độc quyền rẻ Seasons Avenue 75m2 - 80m2 - 117m2 - 122m2 - 138m2,Giá thỏa thuận,105 m²,N/A,3,2,"Mỗ Lao, Hà Đông","20.9874956888947, 105.78683829603818"
42183709,04/03/2025,Cần bán gấp căn hộ 2 ngủ 2 vệ sinh tầng trung chỉ hơn 3 tỷ,"3,1 tỷ",62 m²,50 tr/m²,2,2,"Yên Nghĩa, Hà Đông","20.959730783041, 105.741830689035"
41998103,04/03/2025,"Giảm Giá Bán Nhanh, căn góc tầng 25 tòa CT6 Xa La 84m2, 3pn, 2vs, sổ đỏ giá chỉ 3,48 tỷ. Có TL","3,48 tỷ",84 m²,"41,43 tr/m²",3,2,"Phúc La, Hà Đông","20.9622741845287, 105.792096911489"
42327679,04/03/2025,"Bán 2N Xuân Mai Complex, Yên Nghĩa, tầng trung, hướng mát","2,85 tỷ",55 m²,"51,82 tr/m²",2,2,"Yên Nghĩa, Hà Đông","20.9590396283053, 105.7421371919332"
42325921,04/03/2025,"BÁN NHANH - Mulberry Lane 154m2 toà C và B giá từ 7,6 tỷ. LH em Tùng - 0373*237557 để được tư vấn.","7,6 tỷ",154 m²,"49,35 tr/m²",3,2,"Mỗ Lao, Hà Đông","20.9831726304334, 105.782158332686"
42324794,04/03/2025,"Bán căn hộ 3PN tại HPC Landmark 105, 6 tỷ, 106m2, nhà đẹp giá rẻ",6 tỷ,106 m²,"56,6 tr/m²",3,2,"La Khê, Hà Đông","20.974085263442216, 105.75828081390145"
42324542,04/03/2025,"Bán CC 3PN đẹp xuất sắc ở Usilk City, 4,9 tỷ, 94m2, Hà Đông, HN","4,9 tỷ",94 m²,"52,13 tr/m²",3,2,"La Khê, Hà Đông","20.9747432205611, 105.760322969042"
42324599,04/03/2025,Hơn 3 tỷ - chung cư cao cấp TNR 430 Vạn Phúc Hà Đông - 2 ngủ tầm tiền trung tâm,"3,89 tỷ",68 m²,"57,21 tr/m²",2,2,"Vạn Phúc, Hà Đông","20.9782683136944, 105.773355078477"
42323921,04/03/2025,Cần bán gấp giá nào cũng bán căn 135 m2 CT2 Văn Khê Hà Đông,Giá thỏa thuận,135 m²,N/A,3,2,"La Khê, Hà Đông","20.971948181293875, 105.76178927331209"
41797447,03/03/2025,Bán căn 3PN mẫu C 91m2 hướng Đông tại CC Park Kiara - ParkCity Hà Nội giá tốt nhất LH 0968 450 ***,"8,65 tỷ",91 m²,"95,06 tr/m²",2,2,"La Khê, Hà Đông","20.9673748016357, 105.754013061523"
42175402,03/03/2025,Chính chủ Bán căn chung cư CT8 Dương Nội Hà Đông,39 tỷ,86 m²,"453,49 tr/m²",2,2,"Dương Nội, Hà Đông","20.98043737126554, 105.75466358638567"
42320355,03/03/2025,Quỹ căn tốt nhất tại HPC 105 Tố Hữu hiện tại,6 tỷ,106 m²,"56,6 tr/m²",3,2,"La Khê, Hà Đông","20.9729306469317, 105.758641870737"
42151109,03/03/2025,"Tổng hợp các căn 2PN, 3PN đang chuyển nhượng tại chung cư Usilk City tháng 3/2025. Giá tốt nhất","5,5 tỷ",116 m²,"47,41 tr/m²",3,2,"La Khê, Hà Đông","20.974757670659, 105.761254908092"
42320095,03/03/2025,"The Charm An Hưng: Giá đợt 1 kí hđ trực tiếp CĐT, Quỹ căn đẹp giá đầu tư.Giá HTLS 0% trong 15 tháng","5,62 tỷ",77 m²,73 tr/m²,2,N/A,"La Khê, Hà Đông","20.974373982805577, 105.76031149442223"
42291867,03/03/2025,"Chính chủ bán căn hộ 66 - 78m2 tại Khu đô thị Thanh Hà Mường Thanh, giá chỉ từ 2,5 tỷ - 2,6 tỷ","2,5 tỷ",78 m²,"32,05 tr/m²",2,2,"Kiến Hưng, Hà Đông","20.939884662303715, 105.78644019675983"
42315911,03/03/2025,"Hot giá tốt nhất The Charm AN Hưng, mua là lãi",Giá thỏa thuận,72 m²,N/A,2,2,"La Khê, Hà Đông","20.97501816282027, 105.76143425503014"
42315562,03/03/2025,"Chính chủ bán các loại căn hộ 225m2, 176m2, 123m2, 174m2 dự án TSQ Mỗ Lao. Liên hệ: 0965 610 ***",Giá thỏa thuận,225 m²,N/A,3,2,"Mỗ Lao, Hà Đông","20.9788192884215, 105.783364282372"
42314728,03/03/2025,Chính chủ cần bán căn 76m2 chung cư Seasons Avenue Mỗ Lao Hà Đông giá từ 5 tỷ,Giá thỏa thuận,76 m²,N/A,2,2,"Mỗ Lao, Hà Đông","20.986483780125873, 105.78620009418557"
42313267,03/03/2025,"Chung cư The Charm An Hưng mở bán Quỹ căn độc quyền, suất ngoại giao -Bán trực tiếp CĐT, giá tốt",Giá thỏa thuận,"77,8 m²",N/A,N/A,N/A,"La Khê, Hà Đông","20.974927688403618, 105.76052651686119"
41272918,02/03/2025,"Tổng hợp quỹ căn The Pride, 2Pn giá từ 3,7 tỷ, 3PN giá từ 4,5 tỷ, 146m2 giá từ 6,2 tỷ, sổ cất két","4,5 tỷ",103 m²,"43,69 tr/m²",3,3,"La Khê, Hà Đông","20.9760246276855, 105.761596679688"
42311315,02/03/2025,"Bán CC The Pride, 3,7 tỷ, 73 m2, 2PN, 2VS, tầng trung, full đồ, sổ đỏ cất két.","3,7 tỷ",73 m²,"50,68 tr/m²",2,2,"La Khê, Hà Đông","20.9760246276855, 105.761596679688"
42310975,02/03/2025,Chính thức mở bán căn hộ chung cư cao cấp The Charm An Hưng - Hà Đông - HN - 0385 787 ***,Giá thỏa thuận,"95,1 m²",N/A,3,2,"La Khê, Hà Đông","20.974859220358, 105.760271291179"
42309546,02/03/2025,Cập nhật quỹ căn chuyển nhượng mới nhất Hyundai Hillstate - E. Phượng cư dân Hyundai,"8,5 tỷ",139 m²,"61,15 tr/m²",3,2,"Hà Cầu, Hà Đông","20.96362705383253, 105.77424988100566"
42309535,02/03/2025,Cập nhật quỹ căn HPC Landmark chuyển nhượng giá tốt nhất,"7,3 tỷ",143 m²,"51,05 tr/m²",4,3,"La Khê, Hà Đông","20.973927642302943, 105.75894658178198"
42166569,02/03/2025,"Quỹ căn ngoại giao sở hữu lâu dài dự án Grand Sunlake, mới nhất 2025","4,8 tỷ",96 m²,50 tr/m²,3,2,"Văn Quán, Hà Đông","20.97952804249516, 105.78797310881373"
42299431,28/02/2025,"Rẻ nhất thị trường, chính chủ bán gấp CHCC full nội thất 52,3m2 2 PN CT4C Xa La, Hà Đông",Giá thỏa thuận,"52,3 m²",N/A,2,1,"Phúc La, Hà Đông","20.963255510595154, 105.79280677030714"
42043492,28/02/2025,Chính chủ bán căn 68m2 hướng Đông Bắc duy nhất K Park tầng trung,"4,29 tỷ",68 m²,"63,09 tr/m²",2,2,"Phúc La, Hà Đông","20.96021011655164, 105.79175553449535"
42151297,28/02/2025,"Tổng hợp các căn 2 PN, 3PN đang giao dịch tại chung cư The Pride tháng 3/2025. Giá cực tốt","3,75 tỷ",70 m²,"53,57 tr/m²",2,2,"La Khê, Hà Đông","20.9754836555126, 105.761126310272"
42297888,28/02/2025,"Chính chủ cần bán nhà đẹp ở ngay Hemisco Xa La, 88m2, 2PN, 2WC, pháp lý đầy đủ - 0981 960 ***","4,2 tỷ",88 m²,"47,73 tr/m²",2,2,"Phúc La, Hà Đông","20.9618831368924, 105.795184681232"
41610308,28/02/2025,"BÁN CĂN 60m2 2PN 2WC 2 BC , CĂN GÓC SÁNG THOÁNG - TẦNG TRUNG - ĐỒ NTCB . GIÁ BÁN TỐT 3.15 TỶ Có TL.","3,15 tỷ",60 m²,"52,5 tr/m²",2,2,"Kiến Hưng, Hà Đông","20.95257088577578, 105.79034531692912"
42297565,28/02/2025,"Mở bán đợt 1 dự án Charm An Hưng, Tố Hữu, Hà Đông. Giá cực tốt cho đợt 1",Giá thỏa thuận,54 m²,N/A,2,2,"La Khê, Hà Đông","20.9746345104966, 105.760474276062"
42296286,28/02/2025,"Vô cùng ưu đãi! Sở hữu căn CC 2PN, 2WC tại The Charm An Hưng, 60m2 Hà Đông, HN",Giá thỏa thuận,60 m²,N/A,2,2,"La Khê, Hà Đông","20.974807439052974, 105.75987225075573"
42263683,28/02/2025,Chính chủ bán căn hộ dự án Mulberry phường Mỗ Lao Quận Nam Từ Liêm,"6,7 tỷ",127 m²,"52,76 tr/m²",N/A,N/A,"Mỗ Lao, Hà Đông","20.9864310292478, 105.786641318979"
42295019,28/02/2025,"Bán chung cư Mipec Kiến Hưng, Hà Đông, 57m2, 2 ngủ, giá tốt","2,99 tỷ",57 m²,"52,46 tr/m²",2,2,"Kiến Hưng, Hà Đông","20.95253790536407, 105.78995237912387"
42290718,28/02/2025,Mở bán suất ưu tiên đợt 1 - The Charm An Hưng Hà Đông - giá cực tốt cho gia đình nhanh tay,Giá thỏa thuận,54 m²,N/A,2,2,"La Khê, Hà Đông","20.974501616442147, 105.76074999955817"
42290213,28/02/2025,"Tổng hợp các căn hộ cần bán chung cư CT7, CT8 Dương Nội chỉ từ 2.7 tỷ","2,7 tỷ",54 m²,50 tr/m²,N/A,N/A,"Dương Nội, Hà Đông","20.980057048204554, 105.7437016905541"
42288038,28/02/2025,Cần bán gấp căn hộ tầng 8 -135m2 -3 ngủ full nội thất đẹp tại CT2 Văn Khê giá chỉ 5 tỷ: 0976 572 ***,5 tỷ,135 m²,"37,04 tr/m²",3,2,"La Khê, Hà Đông","20.971941462006527, 105.76158744335078"
39166741,27/02/2025,"Bán gấp căn hộ The Vesta - Hà Đông 62m2 2WC, tầng trung, SĐCC, nội thất mới, giá rẻ nhỉnh 2 tỷ",Giá thỏa thuận,62 m²,N/A,2,2,"Phú Lãm, Hà Đông","20.9465711997471, 105.755642490561"
42275894,27/02/2025,Bán quỹ căn hộ 1-2-3 ngủ tòa Thiên Niên Kỷ giá thương lượng diện tích 50-55-76-90-100-115m,"4,1 tỷ",60 m²,"68,33 tr/m²",2,2,"Quang Trung, Hà Đông","20.9732631161246, 105.777881178525"
42120916,26/02/2025,"Chính chủ e bán căn góc 118 m2 tòa V2 tầng 21, 3 phòng ngủ 2 vs chung cư Victoria Văn Phú Hà Đông",Giá thỏa thuận,118 m²,N/A,3,2,"Phú La, Hà Đông","20.960492428164827, 105.76757401509703"
42131220,26/02/2025,"Chính chủ hạ giá bán rẻ căn góc 67m2, 2 ngủ 2vs full nội thất mới KĐT Thanh Hà, Hà Đông, Hà Nội","2,5 tỷ",67 m²,"37,31 tr/m²",2,2,"Kiến Hưng, Hà Đông","20.940568249410443, 105.78702142965159"
38619623,26/02/2025,Em Hà Phương bán gần trăm căn hộ chung cư tại KĐT Xa La. Hotline 0986 186 ***,"2,85 tỷ",63 m²,"45,24 tr/m²",2,2,"Phúc La, Hà Đông","20.9624671936035, 105.792366027832"
41964239,25/02/2025,"Chính chủ bán chung cư Bình Vượng, diện tích 91,9m2 3 ngủ 2 vệ sinh, giá 4,4 tỷ có thương lượng","4,4 tỷ","91,9 m²","47,88 tr/m²",3,2,"Quang Trung, Hà Đông","20.966978097873, 105.76893846331"
42001279,25/02/2025,"Chính chủ cần bán CH Goldsilk Complex Hà Đông, DT 122m2 gồm 4 ngủ 3VS Full nội thất mới, Giá 7tỷ",7 tỷ,122 m²,"57,38 tr/m²",4,3,"Vạn Phúc, Hà Đông","20.9788405470138, 105.772981617331"
41932151,25/02/2025,"Chính chủ trên sổ bán chung cư FLC, diện tích 113,3m2 4 ngủ 2 vệ sinh, giá 5.85 tỷ có thương lượng","5,85 tỷ","113,3 m²","51,63 tr/m²",4,2,"Quang Trung, Hà Đông","20.9627148770868, 105.765271336241"
42255482,24/02/2025,Bán nhanh căn hộ 2PN (54m2) tại The Charm An Hưng - Hà Đông (suất ngoại giao),Giá thỏa thuận,54 m²,N/A,2,1,"La Khê, Hà Đông","20.974717683985368, 105.76012018397779"
42235819,22/02/2025,"Bán căn hộ chung cư đẹp tại Lê Trọng Tấn, 5,8 tỷ, 140m2, đầy đủ nội thất","5,8 tỷ",140 m²,"41,43 tr/m²",3,2,"La Khê, Hà Đông","20.9640358806884, 105.764468378728"
42101252,20/02/2025,Chính chủ cần bán căn hộ 2 ngủ 1 wc full đồ mới đẹp ở toà Thiên Niên Kỉ đối diện bưu điện Hà Đông,"4,25 tỷ","54,5 m²","77,98 tr/m²",2,1,"Quang Trung, Hà Đông","20.9733385373564, 105.778517500969"
42123820,20/02/2025,"Chính chủ - bán căn 71m2, số 197 Trần Phú, Hà Đông, full nội thất cao cấp, SHR, có thương lượng","4,05 tỷ",71 m²,"57,04 tr/m²",2,2,"Văn Quán, Hà Đông","20.9803030990033, 105.787641822999"
42319381,06/03/2025,"Bán CC 2PN 2WC tại Seasons Avenue, 5,4 tỷ, 73m2, nhà đẹp hướng mát, full nội thất sẵn sổ đỏ","5,4 tỷ",73 m²,"73,97 tr/m²",2,2,"Mỗ Lao, Hà Đông","20.98618604452, 105.786714738985"
41129244,06/03/2025,Chính chủ cần bán gấp căn hộ 3 ngủ 90m2 tại The Pride Hải Phát - Hà Đông giá 4.3 tỷ. Sẵn sổ,"4,5 tỷ",92 m²,"48,91 tr/m²",3,2,"La Khê, Hà Đông","20.9760246276855, 105.761596679688"
38739958,06/03/2025,Em Hà Phương bán nhiều căn hộ tòa CT6 Xa La. Hotline 0986 186 ***,"2,8 tỷ",66 m²,"42,42 tr/m²",2,2,"Phúc La, Hà Đông","20.9624671936035, 105.792366027832"
42313139,06/03/2025,5 suất ngoại giao 54m2 giá tốt nhất cho khách hàng mua dự án The Charm An Hưng Hà Đông,Giá thỏa thuận,54 m²,N/A,2,1,"La Khê, Hà Đông","20.9745328951682, 105.76021832036"
40447453,06/03/2025,"Hàng hiếm! Chính chủ bán gấp căn 75m2 CC The Terra An Hưng, 2PN, 2VS full nội thất. Giá bán 4,3 tỷ","4,3 tỷ",75 m²,"57,33 tr/m²",2,2,"Dương Nội, Hà Đông","20.9732059024869, 105.757287524864"
42312459,06/03/2025,"Bán nhanh căn hộ 2pn 72m2 4,8 tỷ dự án The Charm An Hưng giá tốt nhất chủ đầu tư","4,8 tỷ",72 m²,"66,67 tr/m²",2,2,"La Khê, Hà Đông","20.974293236491, 105.759975155458"
42146421,06/03/2025,"Bán căn hộ duy nhất tại Anland LakeView Dt 120 m2 3 ngủ 2 vs + sân vườn, view Hồ thoáng giá 7.7 tỷ","7,5 tỷ",120 m²,"62,5 tr/m²",3,2,"Dương Nội, Hà Đông","20.982489311024853, 105.75747303796155"
42251880,06/03/2025,"Căn hộ 2PN cho người Tây Tứ trạch tại Kepler Land Mỗ Lao, Ngân hàng Vietcombak giải ngân",Giá thỏa thuận,66 m²,N/A,2,2,"Mỗ Lao, Hà Đông","20.9854987593539, 105.780318748541"
42350097,06/03/2025,"Gia đình thiện chí bán căn góc 98m2 3pn 2vs tầng trung, view thoáng, sẵn sổ giao dịch, giá 5.2 tỷ","5,2 tỷ",98 m²,"53,06 tr/m²",3,2,"La Khê, Hà Đông","20.9757525460811, 105.760764126356"
42349945,06/03/2025,"Chuyển lên trung tâm, GĐ thiện chí bán căn hộ 2pn 2vs 73m2 nhà đẹp, có sổ giá 3.65 tỷ","3,65 tỷ",73 m²,50 tr/m²,2,2,"La Khê, Hà Đông","20.9755687020742, 105.760894386092"
42355619,06/03/2025,Ban căn cc tòa ct5 xala 72m 2 ngủ 2vs đã có sổ hỗ trợ vay bank nhà đẹp như hình giá 3.360 tỷ,"3,36 tỷ",72 m²,"46,67 tr/m²",2,2,"Phúc La, Hà Đông","20.9734761368529, 105.794293504646"
38632005,06/03/2025,"BÁN CĂN 2 PN, S= 65 có đồ. Gía 3.1x tỷ. Dự án Chung cư Xuân Mai complex Dương Nội",Giá thỏa thuận,65 m²,N/A,2,1,"Yên Nghĩa, Hà Đông","20.9597759246826, 105.741882324219"
42311875,06/03/2025,"Bán Căn Hộ 3 Ngủ Vip Tại KĐT Thanh Hà , 80m2 , Full Nội Thất Hiện Đại , Toà Mới Hh03 , Tầng Trung","2,9 tỷ",80 m²,"36,25 tr/m²",3,2,"Kiến Hưng, Hà Đông","20.939758009010028, 105.78674145994799"
41203245,06/03/2025,"Bán căn hộ chung cư Thanh Hà góc vip view hồ, full nội thất xịn, thiết kế 2 ngủ, 2 wc","2,9 tỷ",80 m²,"36,25 tr/m²",2,2,"Kiến Hưng, Hà Đông","20.9547485935251, 105.789995206323"
42316803,06/03/2025,"Bán gấp căn hộ 2PN, 2WC giá tốt tại Thanh Hà, 63m2, khu 5 Tòa Mới Mặt Đường","2,3 tỷ",63 m²,"36,51 tr/m²",2,2,"Kiến Hưng, Hà Đông","20.940049597430814, 105.78749660488555"
42316487,06/03/2025,"Bán Căn Hộ Chung Cư Thanh Hà Mường Thanh Sang Xịn 67m2 , Toà Mới Hh03A ,2 Ngủ , 2wc , Giá hợp Lý","2,5 tỷ",67 m²,"37,31 tr/m²",2,2,"Kiến Hưng, Hà Đông","20.939287735131405, 105.78762084079659"
41229526,06/03/2025,Bán quỹ căn hộ chung cư The Pride 2 phòng ngủ giá rẻ nhất thị trường,"3,9 tỷ",70 m²,"55,71 tr/m²",2,2,"La Khê, Hà Đông","20.9760246276855, 105.761596679688"
42094017,06/03/2025,"Bán căn hộ 2PN, 2WC tại The Terra An Hưng, 4,5 tỷ, 68m2","4,5 tỷ",68 m²,"66,18 tr/m²",2,2,"La Khê, Hà Đông","20.973100556547994, 105.75730963682402"
40420615,06/03/2025,"Gia đình cần bán căn hộ chung cư Usilk City. DT 88m2. Ban công vườn treo. căn cực hiếm, hướng nam",Giá thỏa thuận,88 m²,N/A,2,2,"La Khê, Hà Đông","20.9744720458984, 105.760879516602"
35235972,06/03/2025,Bán quỹ căn hộ Văn Khê mới nhất 2 phòng ngủ từ CT1 - CT6 giá rẻ nhất thị trường,"3,8 tỷ",91 m²,"41,76 tr/m²",2,2,"La Khê, Hà Đông","20.972412109375, 105.761528015137"
34820822,06/03/2025,Gia đình cần bán gấp căn hộ HPC Landmark 105 DT 86m2 gồm 2PN 2VS full đồ đẹp tầng trung. Giá 4.95tỷ,"4,95 tỷ",86 m²,"57,56 tr/m²",2,2,"La Khê, Hà Đông","20.9736671447754, 105.758712768555"
40256860,06/03/2025,"Bán căn hộ chung cư CT1 The Pride. DT 75m2 gồm 2PN tầng trung đẹp, ban công Đông Nam, full đồ",Giá thỏa thuận,75 m²,N/A,2,2,"La Khê, Hà Đông","20.9760246276855, 105.761596679688"
42107266,06/03/2025,"Bán căn hộ 2PN, 2WC tại The Pride, 3,75 tỷ, 73m2, Hà Đông, Hà Nội, nhiều tiện ích đẹp","3,75 tỷ",73 m²,"51,37 tr/m²",2,2,"La Khê, Hà Đông","20.976349925050854, 105.76159849429659"
39770371,06/03/2025,"Gia đình cần bán căn hộ chung cư Xuân Mai. Diện tích 120m2 gồm 3PN, nhà full đồ. Giá 6.05 tỷ","6,05 tỷ",120 m²,"50,42 tr/m²",3,2,"Hà Cầu, Hà Đông","20.9627113342285, 105.773429870605"
35962798,06/03/2025,"Gia đình cần bán gấp căn hộ Usilk City, diện tích 94m2 gồm 3PN, 2WC, giá 4.95 tỷ","4,95 tỷ",94 m²,"52,66 tr/m²",3,2,"La Khê, Hà Đông","20.9744720458984, 105.760879516602"
41663952,06/03/2025,Căn hộ tháp đôi The Kepler Land Mỗ Lao Hà Đông chiết khấu 3% cho khách hàng đăng kí sớm,Giá thỏa thuận,54 m²,N/A,1,1,"Mỗ Lao, Hà Đông","20.9854621887207, 105.780006408691"
42355333,06/03/2025,"Cần bán nhanh căn hộ 69m2, toà HH03B-B2.1 KĐT Thanh Hà Mường Thanh, giá hơn 2,4 tỷ.0985 020 ***","2,44 tỷ",69 m²,"35,36 tr/m²",2,2,"Kiến Hưng, Hà Đông","20.939667994702585, 105.78721457732443"
42355161,06/03/2025,"Bán CC 3PN 2WC tại Samsora Premier, 5,2 tỷ, 90m2, Q. Hà Đông, HN, giá ưu đãi chính chủ","5,2 tỷ",90 m²,"57,78 tr/m²",3,2,"Quang Trung, Hà Đông","20.974937023512258, 105.77770117345446"
30003946,06/03/2025,Chuyển nhượng quỹ căn hot 1N-2N-3N từ 3x tỷ đến 6x tỷ tại tòa Thiên Niên Kỷ Hà Đông,Giá thỏa thuận,62 m²,N/A,2,2,"Quang Trung, Hà Đông","20.9784491458761, 105.781543731689"
42355232,06/03/2025,Chính Chủ Bán Căn Hộ Lacasta Văn Phú Hà Đông Dt : 112 Nguyên Bản LH: 0929 656 ***,Giá thỏa thuận,112 m²,N/A,3,2,"Văn Quán, Hà Đông","20.98012872824768, 105.78825146463382"
42355221,06/03/2025,"Giá chuẩn - bán căn 92.3m2, 2 ngủ 2WC full đồ đẹp chung cư Thiên Niên Kỷ Hà Đông, giá 5,5 tỷ","5,5 tỷ","92,4 m²","59,52 tr/m²",2,2,"Quang Trung, Hà Đông","20.973186940973687, 105.7780117773962"
42355217,06/03/2025,"CỰC SỐC. Căn hộ góc full đồ chung cư Thanh Hà Mường Thanh, giá hơn 2 tỷ.",Giá thỏa thuận,67 m²,N/A,2,2,"Kiến Hưng, Hà Đông","20.939212457546105, 105.78704728457029"
42355136,06/03/2025,"Bán CH 3PN, 2WC, 80m2 tại Samsora Premier, 4,75 tỷ, Hà Đông, HN - hàng hiếm view đẹp","4,75 tỷ",80 m²,"59,38 tr/m²",3,2,"Quang Trung, Hà Đông","20.975182614222692, 105.77653860159992"
42355114,06/03/2025,"Bán CH 2PN, 2WC tại Samsora Premier, 4,2 tỷ, 70m2, Hà Đông, Hà Nội","4,2 tỷ",70 m²,60 tr/m²,2,2,"Quang Trung, Hà Đông","20.975247916715183, 105.7768950115058"
42236821,06/03/2025,"Bán CC The Sparks, 2,75 tỷ, 56,5m2, 2PN, 1WC, view đẹp, tiện ích đầy đủ tại Dương Nội, Hà Đông, HN","2,75 tỷ","56,5 m²","48,67 tr/m²",2,1,"Dương Nội, Hà Đông","20.979510167931608, 105.74393291928428"
42218296,06/03/2025,Dự án Tháp Đôi Kepler Land trung tâm Mỗ Lao full nội thất giá dự kiến từ 7x tr/m2,Giá thỏa thuận,66 m²,N/A,2,N/A,"Mỗ Lao, Hà Đông","20.985890779397405, 105.78004216603465"
42337335,06/03/2025,"Chính chủ bán căn 2 phòng ngủ 67m2 Xuân Mai Riverside Thanh Bình. Giá 4,05 tỷ","4,05 tỷ",67 m²,"60,45 tr/m²",2,2,"Mỗ Lao, Hà Đông","20.98519485127526, 105.77902501226782"
33974122,06/03/2025,"Chính chủ cần bán gấp căn 2PN - 2VS - 74m2 tòa Booyoung Mỗ Lao, Hà Đông",Giá thỏa thuận,74 m²,N/A,2,2,"Mỗ Lao, Hà Đông","20.983375549316406, 105.78353118896484"
39501949,06/03/2025,"Em cần bán căn A (60m2) 1N+1 ở Park Kiara - Park City rẻ nhất thị trường giá 5,7 tỷ. LH: 0397 588 ***","5,7 tỷ",60 m²,95 tr/m²,2,1,"La Khê, Hà Đông","20.9673748016357, 105.754013061523"
42332583,06/03/2025,"Bán CH 2PN view đẹp tại The Pride, 4,25 tỷ, 81m2, Tố Hữu, Hà Đông, Hà Nội","4,25 tỷ",81 m²,"52,47 tr/m²",2,2,"La Khê, Hà Đông","20.976142434923943, 105.76104856095297"
42015542,06/03/2025,"Hàng Hiếm! Bán Căn Hộ 75m2 Tại The Pride Giá Chỉ 3.65 tỷ Thiết Kế 2N Sang Trọng, Full Nội Thất Mới","3,65 tỷ",75 m²,"48,67 tr/m²",2,2,"La Khê, Hà Đông","20.975363783752492, 105.76162885342528"
42299934,06/03/2025,"Bán CH 3PN, 2WC, 86m2 CT8 C tại KĐTM Dương Nội, giá chỉ 3,9x tỷ",Giá thỏa thuận,86 m²,N/A,3,2,"Dương Nội, Hà Đông","20.97992407212321, 105.74382841033746"
42312395,06/03/2025,"Bán CC Xuân Mai Tower - CT2 Tô Hiệu, 3,35 tỷ, 60,5m2, 2PN, 1WC, hàng hot","3,35 tỷ","60,5 m²","55,37 tr/m²",2,1,"Hà Cầu, Hà Đông","20.963372909179068, 105.77378298767431"
42354788,06/03/2025,"Bán Chung cư FLC 418 quang trung DT 93m căn góc 3 ngủ 2 vệ sinh full nội thất chỉ 5,5 tỷ","5,5 tỷ",93 m²,"59,14 tr/m²",3,2,"Phú La, Hà Đông","20.9560870068814, 105.765930200487"
42274598,06/03/2025,"Gia đình bán căn 2 ngủ 80m2 tòa S2 Seasons Avenue full đồ, ban công Tây Nam, sổ đỏ","6,3 tỷ",80 m²,"78,75 tr/m²",2,2,"Mỗ Lao, Hà Đông","20.987535254010293, 105.78698913219404"
42282705,06/03/2025,"Gia đình bán căn 3 ngủ 94m2 tòa S3 Seasons Avenue full đồ ban công Đông Bắc, giá 7 tỷ, sổ đỏ",7 tỷ,94 m²,"74,47 tr/m²",3,2,"Mỗ Lao, Hà Đông","20.987239017863747, 105.78764280667525"
39916005,06/03/2025,"Bán CH 148m2 4PN, 3VS HPC105 - giá 7,x tỷ, tầng trung, full nội thất đẹp, 3 ban công hướng mát",Giá thỏa thuận,148 m²,N/A,4,3,"La Khê, Hà Đông","20.9736671447754, 105.758712768555"
42354549,06/03/2025,"Bán CC Góc đẹp xuất sắc tại Thanh Hà Mường Thanh, giá thỏa thuận, 66.58m2, 2PN, 2WC, giá tốt số 1",Giá thỏa thuận,"66,58 m²",N/A,2,2,"Kiến Hưng, Hà Đông","20.939608503285267, 105.78725495907464"
39743257,06/03/2025,"Bán gấp CH 75m2 (2PN - 2VS) The Pride, giá 3.x tỷ full NT mới 100%, tầng trung đẹp, BC Đông Nam",Giá thỏa thuận,75 m²,N/A,2,2,"La Khê, Hà Đông","20.9760246276855, 105.761596679688"
41931761,06/03/2025,"Hàng hiếm! Chính chủ bán căn 80m, hướng ĐN tại CT4 Yên Nghĩa - giá bán 3,55 tỷ, full nội thất","3,55 tỷ",80 m²,"44,38 tr/m²",2,2,"Yên Nghĩa, Hà Đông","20.953861377731503, 105.7415532256794"
42135860,06/03/2025,"Chính chủ bán căn CT4 Yên Nghĩa 67m2 bán giá rẻ nhất thị trường 43tr/m2, ban công Đông Nam",3 tỷ,67 m²,"44,78 tr/m²",2,1,"Yên Nghĩa, Hà Đông","20.953952536875487, 105.74057612855958"
42273063,06/03/2025,"Hàng hiếm! Chính chủ bán nhanh căn hộ 90m2 3PN 2WC chung cư CT4 Yên Nghĩa đẹp nhất khu. Giá 3,8 tỷ","3,8 tỷ",90 m²,"42,22 tr/m²",3,2,"Yên Nghĩa, Hà Đông","20.95425298882129, 105.74120386119489"
41946719,06/03/2025,"Bán 3 căn góc ngoại giao The charm An Hưng, ký hdmb luôn","7,32 tỷ","91,5 m²",80 tr/m²,3,3,"La Khê, Hà Đông","20.97429408586579, 105.75993656057402"
42354094,06/03/2025,"CẮT LỖ GIÁ NÀO CŨNG BÁN !!! CHÍNH CHỦ CẦN BÁN NHANH BÁN GẤP CĂN 3 NGỦ FULL ĐỒ , SĐCC TẠI TOÀ USILK",Giá thỏa thuận,94 m²,N/A,3,2,"La Khê, Hà Đông","20.974456982782627, 105.76164849563737"
42353696,06/03/2025,"Mở bán căn hộ chung cư tại siêu phẩm tòa tháp đôi Kepler Mỗ Lao, Hà Đông",Giá thỏa thuận,"65,5 m²",N/A,2,N/A,"Mỗ Lao, Hà Đông","20.985479956453855, 105.7799874859529"
42348353,06/03/2025,"Rẻ nhất thị trường cần thanh toán thẳng tiền mặt, bán nhanh căn 75m The Pride 2 phòng ngủ","3,68 tỷ",75 m²,"49,07 tr/m²",2,2,"La Khê, Hà Đông","20.975402313222258, 105.76164967300282"
42352506,06/03/2025,"Tháp đôi Kepler land Vũ Trọng Khánh, Mỗ Lao, Hà Đông mở bán tiêu chuẩn 5 sao",Giá thỏa thuận,74 m²,N/A,2,2,"Mỗ Lao, Hà Đông","20.9852829778101, 105.779646050221"
40478633,06/03/2025,"Chính chủ đăng bán căn rộng nhất CT6A - 70m2, 2PN, 2WC KĐT Xa La - chấp nhận trung gian","2,89 tỷ",74 m²,"39,05 tr/m²",2,2,"Phúc La, Hà Đông","20.9624671936035, 105.792366027832"
35061983,06/03/2025,"Chính chủ cần bán gấp căn 74m2 hướng Đông Nam dự án The Terra An Hưng giá 4,x tỷ full đồ, có sổ đỏ",Giá thỏa thuận,74 m²,N/A,2,2,"Dương Nội, Hà Đông","20.9743461608887, 105.754165649414"
39961437,06/03/2025,"Bán gấp, chấp nhận cắt lỗ - Căn góc 2ngủ BC Đông Nam cực hiếm CT6A KĐT Xa La: 67m2, SĐCC - TL sâu","2,75 tỷ",67 m²,"41,04 tr/m²",2,2,"Phúc La, Hà Đông","20.9624671936035, 105.792366027832"
42285228,06/03/2025,"Tôi bán gấp căn chung cư góc hiếm CT3: 63m2, 2pn, 2wc - KĐT Xa La giá chỉ 2 tỷ 990 triệu. Xem ngay","2,99 tỷ",63 m²,"47,46 tr/m²",2,2,"Phúc La, Hà Đông","20.96241657087451, 105.79222780426691"
42330039,06/03/2025,"Bán chung cư giá rẻ CT4 Khu đô thị Xa La, Hà Đông, nội thất mới, giá chỉ 2.6 tỷ, 53.4m2 2PN - Sổ đỏ","2,6 tỷ","53,4 m²","48,69 tr/m²",2,1,"Phúc La, Hà Đông","20.962366038613226, 105.79315708288667"
42353982,06/03/2025,"Chính chủ bán căn 2PN, 2WC, 79m2- tòa Hemisco - Khu Đô thị chung cư Xa La, Hà Đông. Nhà cực đẹp!","3,6 tỷ",79 m²,"45,57 tr/m²",2,2,"Phúc La, Hà Đông","20.962457170045575, 105.79567549458518"
39451710,06/03/2025,"Bán căn 3 ngủ 110 m2 tầng trung, hướng Đông Nam, ở luôn, view Panorama Hồ Văn Quán, full nội thất",6 tỷ,110 m²,"54,54 tr/m²",3,2,"Mỗ Lao, Hà Đông","20.9792900085449, 105.785461425781"
42352394,06/03/2025,"Hot! Căn hộ 2PN, 2WC, 77m2 tại Phú Lương, Hà Đông, 2,55 tỷ","2,55 tỷ",77 m²,"33,12 tr/m²",2,2,"Phú Lương, Hà Đông","20.9405882971373, 105.7686016059"
42218635,06/03/2025,"Bán chung cư Anland Premium 3PN 2VS diện tích 74m2 84m2 sẵn sổ, nhà mới đẹp giá 4,8 tỷ LH0911 460 ***","4,8 tỷ",84 m²,"57,14 tr/m²",3,2,"La Khê, Hà Đông","20.976961599644916, 105.76193063836219"
42353808,06/03/2025,"Gia đình bán căn chung cư Hà Đông - CT6 Xa la rất đẹp: 75m2, 2PN, 2WC - giá chỉ nhỉnh 2 tỷ 950 tr","29,5 tỷ",75 m²,"393,33 tr/m²",N/A,N/A,"Phúc La, Hà Đông","20.962218223236807, 105.79237834865664"
41080880,06/03/2025,"Diện tích rộng, giá siêu tốt chỉ 6xtr/m2, căn hộ Duakey tầng trung siêu đẹp tòa V1 BC Đông Nam","8,86 tỷ",140 m²,"63,29 tr/m²",4,3,"Dương Nội, Hà Đông","20.9743461608887, 105.754165649414"
42315422,06/03/2025,"Chuyển xuống thổ cư, em Giang chuyển nhượng căn hộ 90m2 Đông Nam. Tầng trung nhà full đồ cực đẹp","5,83 tỷ",90 m²,"64,78 tr/m²",3,2,"Dương Nội, Hà Đông","20.97270843046609, 105.7575956810009"
42315378,06/03/2025,"Đầu xuân năm mới, em Giang chuyển đổi lên căn 3pn cần sang nhượng căn 74m2 Đông Nam nhà cực đẹp","4,85 tỷ",74 m²,"65,54 tr/m²",2,2,"Dương Nội, Hà Đông","20.97334677795963, 105.75702293052109"
42353307,06/03/2025,"Bán căn 2 ngủ Sông Nhuệ, Hà Đông giá 2.4x tỷ",Giá thỏa thuận,50 m²,N/A,2,1,"Kiến Hưng, Hà Đông","20.9611421226539, 105.785147134165"
42352990,06/03/2025,Bán chung cư CT1 Ngô Thì Nhậm Hà Đông - 80m2 - 2 ngủ 2 vệ sinh - 4 tỷ x (x tiểu học),Giá thỏa thuận,80 m²,N/A,2,2,"Hà Cầu, Hà Đông","20.969258359308185, 105.76751486033146"
42109447,06/03/2025,"Chuyên hàng ngoại giao, giá rẻ nhất thị trường, căn hộ 2pn và 3pn The Charm An Hưng",Giá thỏa thuận,72 m²,N/A,2,2,"La Khê, Hà Đông","20.9748752209103, 105.76081677121"
42352933,06/03/2025,"Chính chủ - 2,35 tỷ sở hữu CHCC 2 ngủ Hưng Thịnh, Kiến Hưng, Hà Đông, sổ lâu dài. LH: 0846 486 ***","2,35 tỷ",56 m²,"41,96 tr/m²",2,1,"Kiến Hưng, Hà Đông","20.95230095723617, 105.7855094875968"
42352863,06/03/2025,Tiếp tục giảm sâu cc XALA 84m 3PN 2 VS ban công ĐN rộng 81M View góc. Dẫ có SĐCC nhà siêu đẹp,Giá thỏa thuận,81 m²,N/A,3,2,"Phúc La, Hà Đông","20.96223362618842, 105.79187125064692"
42352833,06/03/2025,"GIÁ THẬT : Bán CC Xuân Mai Riverside, Giá 4,1 tỷ, dt 76,6m2 ( Thông Thủy ), 2PN-2WC , LH 0363 388 ***","4,1 tỷ",76 m²,"53,95 tr/m²",2,2,"Mỗ Lao, Hà Đông","20.98536403509409, 105.77880805708716"
42342407,06/03/2025,Căn hộ cao cấp The Charm An Hưng,"6,48 tỷ",90 m²,72 tr/m²,3,N/A,"La Khê, Hà Đông","20.974868075220552, 105.76147025397172"
42318358,06/03/2025,"Bán tập thể ĐH Kiến Trúc, 85m2 (sổ 51m2), 3 ngủ, giá 2.95 tỷ","2,95 tỷ",85 m²,"34,71 tr/m²",2,N/A,"Mỗ Lao, Hà Đông","20.9729836345138, 105.779031916543"
35520608,06/03/2025,"Bán gấp căn 3PN, 2VS chung cư Anland 2 DT 75 m2 full nội thất đẹp, tầng đẹp giá 4,x tỷ 0967 506 ***",Giá thỏa thuận,75 m²,N/A,3,2,"Dương Nội, Hà Đông","20.9772338867188, 105.76195526123"
42179653,06/03/2025,"Chính chủ gửi bán căn hộ chung cư The K Park, khu đt Văn Phú, Hà Đông",Giá thỏa thuận,68 m²,N/A,2,2,"Phúc La, Hà Đông","20.959731307739858, 105.79188039028827"
42352964,06/03/2025,"Bán CCMN 3 mặt thoáng ngay gần bến xe và ga tàu trên cao Yên Nghĩa~70m2x5T,11 PKK full đồ+thang máy",10 tỷ,70 m²,"142,86 tr/m²",11,11,"Yên Nghĩa, Hà Đông","20.9648643029785, 105.768171067079"
41672068,06/03/2025,Bán nhanh căn hộ 68m2 2PN 2WC hướng mát tốt nhất K Park,4 tỷ,68 m²,"58,82 tr/m²",2,2,"Phúc La, Hà Đông","20.95990562438965, 105.79180145263672"
42239080,06/03/2025,Bán gấp 2PN CC The Terra An Hưng giá tốt nhất thị trường,"4,3 tỷ",74 m²,"58,11 tr/m²",2,2,"La Khê, Hà Đông","20.972415104766092, 105.75693940740278"
9203413,06/03/2025,"Cần bán căn hộ CT8 Dương Nội rộng 123.6m2 thiết kế 3 phòng ngủ, 2WC, full đồ , LH: 0988 187 ***","5,05 tỷ","123,6 m²","40,86 tr/m²",3,2,"Dương Nội, Hà Đông","20.9798679351807, 105.743919372559"
41701799,06/03/2025,"Cần bán gấp căn hộ CT7 Dương Nội DT 62m2 căn góc 2 ngủ, 1 wc đủ đồ. Lh: 0988 187 ***","3,1 tỷ",62 m²,50 tr/m²,2,1,"Dương Nội, Hà Đông","20.98102, 105.7549"
41912288,06/03/2025,"Bán căn hộ CT8 Dương Nội dt 86m2, 3 ngủ, 2 wc đủ đồ. Lh: 0988 187 ***","3,85 tỷ",86 m²,"44,77 tr/m²",3,2,"Dương Nội, Hà Đông","20.980598528313095, 105.74337015589069"
39807816,06/03/2025,"Bán gấp căn hộ CT7 Dương Nội DT 83.3m2 thiết kế 2PN, 2 WC giá bán 3.790tỷ, LH: 0988 187 ***","3,79 tỷ",81 m²,"46,79 tr/m²",2,2,"Dương Nội, Hà Đông","20.9798679351807, 105.743919372559"
41777941,06/03/2025,"Chính chủ bán căn hộ CT7HJK Dương Nội DT 57 timtg 2 ngủ, 2WC giá3 tỷ. LH: 0988 187 ***",3 tỷ,57 m²,"52,63 tr/m²",2,2,"Dương Nội, Hà Đông","20.97986524842402, 105.74391699517442"
42279971,06/03/2025,"CHÍNH CHỦ bán gấp CC 2PN 2WC giá cực chất tại 89 Phùng Hưng, Phúc La, Hà Đông, Hà Nội, 3,35 tỷ","3,35 tỷ",70 m²,"47,86 tr/m²",2,2,"Phúc La, Hà Đông","20.9703411942712, 105.785116762515"
42352604,06/03/2025,"Cần bán gấp căn 2 ngủ, chung cư Xuân Mai Riverside Mỗ Lao, sẵn sổ đỏ + nội thất, giá thương lượng","4,1 tỷ",67 m²,"61,19 tr/m²",2,2,"Mỗ Lao, Hà Đông","20.98521175043949, 105.77821654308153"
42352549,06/03/2025,"Bán CC 2PN, 2VS, 67m2, 3,8 tỷ giá siêu hời tại Xuân Mai Riverside, Hà Đông, HN","3,8 tỷ",67 m²,"56,72 tr/m²",2,2,"Mỗ Lao, Hà Đông","20.984696432498737, 105.7792926094026"
42352460,06/03/2025,Cực hot - căn hộ hạng sang độc bản duy nhất tại Hà Đông,Giá thỏa thuận,54 m²,N/A,2,1,"La Khê, Hà Đông","20.97471005778491, 105.76079084605952"
42113663,06/03/2025,"Gia đình em bán gấp CH 88m2 2pn 2wc full nội thất, view thoáng ở ct4 The Pride, Tố Hữu, giá 4 tỷ",4 tỷ,88 m²,"45,46 tr/m²",2,2,"La Khê, Hà Đông","20.97680719045062, 105.76124742491987"
42251326,06/03/2025,"Bán gấp CC 3PN, 2WC tại The Terra An Hưng, 5,7 tỷ, 90m2","5,7 tỷ",90 m²,"63,33 tr/m²",3,2,"La Khê, Hà Đông","20.9727404275283, 105.756649851586"
42239059,06/03/2025,"Bán CC The Pride, Tố Hữu, La Khê, Hà Đông, Hà Nội, 5 tỷ, 146m2, 3PN, 3WC",5 tỷ,146 m²,"34,25 tr/m²",3,3,"La Khê, Hà Đông","20.976503655152133, 105.7610935350947"
42201007,06/03/2025,"Bán CC 2PN 2WC tại Kiến Hưng, 59,3m2, giá cực chất 3 tỷ",3 tỷ,"59,3 m²","50,59 tr/m²",2,2,"Kiến Hưng, Hà Đông","20.9547487351366, 105.790250580027"
42342102,06/03/2025,"Bán căn hộ chung cư 2PN 2WC tại The Pride, Tố Hữu, Hà Đông giá tốt nhất thị trường","3,5 tỷ",75 m²,"46,67 tr/m²",2,2,"La Khê, Hà Đông","20.976082534286988, 105.76160631941472"
42352286,06/03/2025,"Bán gấp căn hộ 89 Phùng Hưng, 3,35 tỷ, 69m2, 2PN, 2WC, pháp lý sổ hồng lâu dài","3,35 tỷ",69 m²,"48,55 tr/m²",2,2,"Phúc La, Hà Đông",N/A
42309665,06/03/2025,"Chính chủ cần bán gấp căn hộ 117m2, 3 phòng ngủ CT8 Dương Nội, sẵn nội thất, giá nhỉnh 5 tỷ",Giá thỏa thuận,117 m²,N/A,3,2,"Dương Nội, Hà Đông",N/A
42332034,06/03/2025,"Cần bán gấp căn góc 123m2 CT8 Dương Nội, 3 phòng ngủ đầy đủ nội thất. Lh 0383 256 ***",Giá thỏa thuận,123 m²,N/A,3,2,"Dương Nội, Hà Đông",N/A
36871380,06/03/2025,"Bán căn góc 3PN 80m2 tầng trung toà Xuân Mai Complex Dương Nội, Hà Đông. LH 0982 511 ***",Giá thỏa thuận,80 m²,N/A,3,2,"Yên Nghĩa, Hà Đông",N/A
42343754,06/03/2025,"Bán CH Seasons Avenue, 80m2, 6 tỷ, view đẹp, nội thất đầy đủ",6 tỷ,80 m²,75 tr/m²,2,2,"Mỗ Lao, Hà Đông",N/A
39427008,06/03/2025,"Chính chủ gửi bán căn K 47m2 chung cư La Casta Văn Phú Hà Đông, giá rẻ nhất thị trường, sổ đỏ CC",Giá thỏa thuận,47 m²,N/A,1,1,"Phú La, Hà Đông",N/A
42204605,06/03/2025,"Quỹ căn 68m2, 78m2, 88m2 chung cư La Casta Văn Phú Hà Đông giá từ 5 tỷ full nội thất, sổ đỏ CC",5 tỷ,68 m²,"73,53 tr/m²",2,2,"Phú La, Hà Đông",N/A
41830275,06/03/2025,"Chính chủ bán căn 68m 2 ngủ 2 vs chung cư The K Park Văn Phú Hà Đông full nội thất xịn đẹp, giá rẻ",Giá thỏa thuận,68 m²,N/A,2,2,"Phúc La, Hà Đông",N/A
42343743,06/03/2025,"Hàng hiếm tại Seasons Avenue, Mỗ Lao, Hà Đông, Hà Nội, 6,5 tỷ, 95m2","6,5 tỷ",95 m²,"68,42 tr/m²",3,2,"Mỗ Lao, Hà Đông",N/A
39219081,06/03/2025,"Cần bán nhanh căn 59m2 2PN 2 VS nội thất đẹp, tầng trung chung cư The K Park Văn Phú Hà Đông, sổ đỏ",Giá thỏa thuận,59 m²,N/A,2,2,"Phúc La, Hà Đông",N/A
42004694,06/03/2025,"Chủ nhà gửi bán căn 3 ngủ 2 vs chung cư Victoria Văn Phú Hà Đông giá 6,4 tỷ full nội thất","6,4 tỷ",116 m²,"55,17 tr/m²",3,2,"Phú La, Hà Đông",N/A
39145658,06/03/2025,"Cần bán nhanh căn 121met 3 ngủ 2 vs chung cư Victoria Văn Phú, Hà Đông, sổ đỏ sang tên trong ngày","6,8 tỷ",118 m²,"57,63 tr/m²",3,2,"Phú La, Hà Đông",N/A
42004611,06/03/2025,"Chính chủ e bán căn 1206V2 diện tích 118m2 3 ngủ 2 vs đầy đủ nội thất giá cả thỏa thuận, sổ đỏ CC","6,45 tỷ",118 m²,"54,66 tr/m²",3,N/A,"Phú La, Hà Đông",N/A
39299262,06/03/2025,Chính chủ gửi bán căn 97m2 chung cư Victoria Văn Phú Hà Đông sổ đỏ cc giá thỏa thuận thương lượng,Giá thỏa thuận,97 m²,N/A,2,2,"Phú La, Hà Đông",N/A
42352191,06/03/2025,"Chính chủ mình cần bán nhanh cc ct3 YÊN NGHĨA TẦNG 16 ban công ĐN có SỔ siêu mát giá nhỉnh 3,1 ty",Giá thỏa thuận,74 m²,N/A,2,1,"Yên Nghĩa, Hà Đông",N/A
42352429,06/03/2025,"(HIẾM) Bán căn hộ 78m2 3N Samsora Cầu Am, sẵn sổ, full nội thất dọn vào ở được luôn, tầng đẹp","4,5 tỷ",78 m²,"57,69 tr/m²",3,2,"Quang Trung, Hà Đông",N/A
42352370,06/03/2025,"Tôi bán căn hộ tại Xuân Mai Riverside, 71m2 thiết kế 2 ngủ tầng trung full nội thất giá 3.9tỷ","3,9 tỷ",71 m²,"54,93 tr/m²",2,2,"Mỗ Lao, Hà Đông",N/A
41364197,06/03/2025,Gia đình cần bán căn hộ 90m2 đầy đủ nội thất gần Học Viện An Ninh giá chỉ hơn 4 tỷ,"4,75 tỷ",90 m²,"52,78 tr/m²",2,2,"Văn Quán, Hà Đông",N/A
42265959,06/03/2025,"Bán căn hộ góc 68m2 2PN, 2VS tòa CT6A Xa La ban công Đông Bắc full đồ. Giá 2.7x tỷ. LH 0965 859 ***",Giá thỏa thuận,68 m²,N/A,2,2,"Kiến Hưng, Hà Đông",N/A
41935784,06/03/2025,"Siêu phẩm căn hộ 74m2 Samsora Premier giá chỉ 3,9 tỷ, full đồ thiết kế sang trọng, sẵn sổ trong két","3,9 tỷ",74 m²,"52,7 tr/m²",2,2,"Quang Trung, Hà Đông",N/A
42352241,06/03/2025,"Bán CC Xuân Mai Riverside, 4,1 tỷ, 67m2, 2PN, 2WC, pháp lý đầy đủ tại Thanh Bình, Hà Đông","4,1 tỷ",67 m²,"61,19 tr/m²",2,2,"Mỗ Lao, Hà Đông","20.985713320003327, 105.77862623749172"
40356933,06/03/2025,"Bán căn 141m2 Hồ Gươm Plaza Văn Quán Hà Đông 3PN giá 5,3 tỷ","5,3 tỷ",141 m²,"37,59 tr/m²",3,2,"Mỗ Lao, Hà Đông","20.979290008544922, 105.78546142578125"
42352151,06/03/2025,"Chính chủ bán căn 2 ngủ - 78m2 CC Goldsilk Complex - Vạn Phúc. Giá 4,8 tỷ. LH : 0961 270 ***","4,8 tỷ",78 m²,"61,54 tr/m²",2,2,"Vạn Phúc, Hà Đông","20.979136847505, 105.77216513642398"
42235505,06/03/2025,"Hàng Hiếm! Bán Căn Hộ 75m2 Tại The Pride Giá Chỉ 3.7 tỷ Thiết Kế 2N2W Sang Trọng, Full Nội Thất Mới","3,7 tỷ",75 m²,"49,33 tr/m²",2,2,"La Khê, Hà Đông","20.97592163319688, 105.76147628768499"
42352085,06/03/2025,Bán căn hoa hậu 3PN CC The Vesta Phú Lãm - đối diện trường ĐH DNU,Giá thỏa thuận,69 m²,N/A,3,2,"Phú Lãm, Hà Đông","20.94641283700585, 105.75517564718962"
42325874,06/03/2025,"Hàng hiếm! Bán căn hộ 90m2 3PN2W tại Terra An Hưng Giá Rẻ , thoáng mát, đẩy đủ nội thất ở được ngay",Giá thỏa thuận,90 m²,N/A,3,2,"La Khê, Hà Đông","20.973051089221, 105.75648627680377"
42351969,06/03/2025,"Bán nhanh cc Sông Nhuệ gần kđt Xa La cđt Xuân Mai 50m 2pn 1vs đã có sđcc, 2,4x tỷ ảnh thật 100%",Giá thỏa thuận,50 m²,N/A,2,1,"Kiến Hưng, Hà Đông","20.960045101219325, 105.79864217469323"
42174215,06/03/2025,Bán căn hộ 2pn 2vs CC The Pride La Khê sổ đỏ chính chủ - Giá thoả thuận,Giá thỏa thuận,73 m²,N/A,2,2,"La Khê, Hà Đông","20.9760428255425, 105.761973803194"
42351977,06/03/2025,"Bán CC The K Park, Lê Trọng Tấn, 4,35 tỷ, 68m2, 2PN, 2WC, siêu hot","4,35 tỷ",68 m²,"63,97 tr/m²",2,2,"Phúc La, Hà Đông","20.960128473652, 105.792048177806"
42351951,06/03/2025,Bán căn hộ Victoria Văn Phú Hà Đông,Giá thỏa thuận,97 m²,N/A,2,2,"Phú La, Hà Đông","20.9593450186828, 105.767960468573"
42351942,06/03/2025,"Chính chủ bán căn hộ 3PN CC CT12 Văn Phú. Giá: 4,3 tỷ","4,3 tỷ",64 m²,"67,19 tr/m²",3,2,"Phú La, Hà Đông","20.9579990472101, 105.76662323076"
41668266,06/03/2025,"Chính chủ tôi cần bán gấp căn hộ 120m2 - 3 ngủ Chung cư Goldsilk Complex. Giá 6,5 tỷ. LH 0961 270 ***","6,5 tỷ",120 m²,"54,17 tr/m²",3,2,"Vạn Phúc, Hà Đông","20.9784393310547, 105.772644042969"
42351789,06/03/2025,"Chuyển nhà cần bán căn 2pn đẹp nhất tòa V8 - The Vesta, Hà Đông","2,5 tỷ",57 m²,"43,86 tr/m²",2,2,"Phú Lãm, Hà Đông","20.945816600475, 105.755453742369"
42351889,06/03/2025,"Bán CC La Casta Văn Phú, 7,3 tỷ, 111m2, hàng hiếm tại Hà Đông, Hà Nội","7,3 tỷ",111 m²,"65,77 tr/m²",3,2,"Phú La, Hà Đông","20.962802356984163, 105.76310209303178"
42157824,06/03/2025,Booking nhanh căn hộ 1PN cực hiếm tại dự án Kepler Hà Đông,Giá thỏa thuận,"42,8 m²",N/A,1,1,"Mỗ Lao, Hà Đông","20.985694514451, 105.780824134127"
42131602,06/03/2025,CT4 Yên Nghĩa - 78.75 m2 - 2 ngủ 2 vệ sinh tầng trung ban công Đông Nam lh chị Huyền 0917 326 ***,"3,9 tỷ","78,75 m²","49,52 tr/m²",2,2,"Yên Nghĩa, Hà Đông","20.9540576934814, 105.740982055664"
39113191,06/03/2025,Chính chủ gửi bán căn hộ 129m2 - 3 ngủ tòa Mulberry Lane - Mỗ Lao. Giá 7 tỷ. LH 0961 270 ***,"7,3 tỷ",129 m²,"56,59 tr/m²",3,2,"Mỗ Lao, Hà Đông","20.9865188598633, 105.786399841309"
41302307,06/03/2025,"Cực hiếm căn 2N + 1 Park Kiara - ParkCity hướng mát, view thoáng, giá 8.6 tỷ. LH: 0931 686 ***","8,6 tỷ",91 m²,"94,5 tr/m²",2,2,"La Khê, Hà Đông","20.9673748016357, 105.754013061523"
41526462,06/03/2025,Chính chủ gửi bán căn 1110 trung tâm thương mại Đức Thành. LH 0966 786 ***,"2,75 tỷ",58 m²,"47,41 tr/m²",2,1,"Phúc La, Hà Đông","20.9624671936035, 105.792366027832"
42059663,06/03/2025,"Nhà mới tập thể Lương Ngọc Quyến, Hà Đông, giáp thanh xuân, 2thoáng, 3PN, 2vs, vị trí lộc 75m/2,3tỷ","2,3 tỷ",75 m²,"30,67 tr/m²",3,2,"Văn Quán, Hà Đông","20.9842685085182, 105.79495692044"
40105645,06/03/2025,"Bán căn 2N + 1 Park Kiara - ParkCity hướng mát cực đẹp, sẵn sổ giá 8.6 tỷ. LH: 0931 686 ***","8,6 tỷ",92 m²,"93,48 tr/m²",3,2,"La Khê, Hà Đông","20.9673748016357, 105.754013061523"
42351559,06/03/2025,"Quỹ hơn 30 căn hộ mới chưa qua sử dụng cần bán DT 67m2.80,90,101m2 LH : 0969 605 ***",Giá thỏa thuận,67 m²,N/A,2,2,"Yên Nghĩa, Hà Đông","20.95400407731753, 105.74072415229216"
40255867,06/03/2025,"Chính chủ gửi bán căn hộ 141m2 - 3 ngủ CC Hồ Gươm Plaza, Mỗ Lao. Giá 6,7 tỷ. LH 0961 270 ***","6,7 tỷ",141 m²,"47,52 tr/m²",3,2,"Mỗ Lao, Hà Đông","20.9792900085449, 105.785461425781"
42351784,06/03/2025,"Bán gấp căn hộ La Casta Văn Phú, 5,5 tỷ, 78m2, 2PN, 2WC, đầy đủ nội thất","5,5 tỷ",78 m²,"70,51 tr/m²",2,2,"Phú La, Hà Đông","20.963287052505542, 105.76256707792245"
41735082,06/03/2025,"Chính chủ bán gấp giá tốt 2 tỷ sở hữu chcc 40m2, 2pn, 1wc tòa 19T1 Kiến Hưng, Hà Đông, sđcc",2 tỷ,40 m²,50 tr/m²,2,1,"Kiến Hưng, Hà Đông","20.950203, 105.79107"
42351767,06/03/2025,"Căn hộ đẹp xuất sắc tại Văn Phú Victoria, giá thỏa thuận, 69m2",Giá thỏa thuận,69 m²,N/A,2,2,"Phú La, Hà Đông","20.959801487175774, 105.76887221476383"
42132462,06/03/2025,"Bán CC Sails Tower, giá thỏa thuận, 47m2, 2PN, 1WC, full nội thất, ở Xa La, Hà Đông/LH: 0976 776 ***",Giá thỏa thuận,47 m²,N/A,2,1,"Kiến Hưng, Hà Đông","20.960535085567063, 105.79894758671884"
40181199,06/03/2025,"2,6 tỷ sở hữu căn hộ chung cư 62m2 CT6 khu đô thị Xa La, SĐCC lâu dài LH: 0976 776 ***","2,6 tỷ",62 m²,"41,94 tr/m²",2,2,"Phúc La, Hà Đông","20.9624671936035, 105.792366027832"
39410098,06/03/2025,"Bán gấp căn góc chung cư Booyoung tòa CT7 diện tích 100m2, 3pn, 2vs để lại toàn bộ nội thất",6 tỷ,101 m²,"59,41 tr/m²",3,2,"Mỗ Lao, Hà Đông","20.983375549316406, 105.78353118896484"
37175980,06/03/2025,"BÁN CĂN 1 +1 PN, 1wc S= 48m. 2,6x tỷ. Dự án HH2 Xuân Mai complex Dương Nội",Giá thỏa thuận,48 m²,N/A,2,1,"Yên Nghĩa, Hà Đông","20.9597759246826, 105.741882324219"
42349795,06/03/2025,Duy nhất 1 căn 91.66m2 quỹ Thăng Long được vay HTLS 0%/18 tháng,Giá thỏa thuận,"91,66 m²",N/A,3,2,"Văn Quán, Hà Đông","20.97876888212922, 105.78807713821709"
41122178,06/03/2025,"Chính chủ gửi bán căn 125m2, 3PN + 2WC, chung cư TSQ - Euroland, giá rẻ hợp lý LH 0966 152 ***","6,5 tỷ",125 m²,52 tr/m²,3,2,"Mỗ Lao, Hà Đông","20.9834575653076, 105.78564453125"
42330897,06/03/2025,Chính chủ cần bán căn 2pn2vs 56m full nội thất giá chỉ 2ty580 tại chung cư Tháp Doanh Nhân,"2,58 tỷ",56 m²,"46,07 tr/m²",2,2,"Mỗ Lao, Hà Đông","20.9753210425785, 105.780486458873"
41136324,06/03/2025,"(Giá thật) Tôi cần bán gấp căn hộ 92m tại Xuân Mai Reverside, 3n 2w tầng trung, ban công ĐN, 5 tỷ",5 tỷ,92 m²,"54,35 tr/m²",3,2,"Mỗ Lao, Hà Đông","20.985193252563477, 105.77902984619141"
41092259,06/03/2025,"(Giá thật) chính chủ bán căn hộ 113m2 tại FLC Quang Trung, 4pn 2w, giá bán 5 tỷ",5 tỷ,113 m²,"44,25 tr/m²",2,2,"Quang Trung, Hà Đông","20.9625549316406, 105.765251159668"
42219147,06/03/2025,"Tôi chính chủ bán căn hộ sân vườn 202m2 tại TSQ Euroland, 3pn 3w, ban công ĐN, giá 10,5 tỷ","10,5 tỷ",202 m²,"51,98 tr/m²",3,3,"Mỗ Lao, Hà Đông","20.983502626447013, 105.78567389010595"
42226101,06/03/2025,"Bán căn hộ chung cư hàng hiếm tại The Sparks, 57m2, giá thỏa thuận, Hà Đông, Hà Nội",Giá thỏa thuận,57 m²,N/A,2,1,"Dương Nội, Hà Đông","20.9800544674762, 105.74443614641835"
42350817,06/03/2025,Bán căn hộ 1+1N chung cư Thiên Niên Kỷ. Lh: 0904 994 ***,"3,6 tỷ",49 m²,"73,47 tr/m²",1,1,"Quang Trung, Hà Đông","20.97295552576453, 105.77845028035185"
42334193,06/03/2025,"Tôi cần bán căn hộ chung cư cao cấp The Charm Diện tích 72m2, 2PN,2VS giá 5 tỷ ,full nội thất",5 tỷ,72 m²,"69,44 tr/m²",2,2,"La Khê, Hà Đông","20.974188837465952, 105.76043483760662"
42327456,06/03/2025,Chính chủ cần bán căn hộ The Terra,"4,9 tỷ",75 m²,"65,33 tr/m²",2,2,"La Khê, Hà Đông","20.973049058728957, 105.75738596327693"
42349372,06/03/2025,Dự án Kepler Land hai toà tháp đôi ở Mỗ Lao Hà Đông chuẩn bị mở bán. Giá hấp dẫn,Giá thỏa thuận,77 m²,N/A,2,N/A,"Mỗ Lao, Hà Đông","20.98555685285451, 105.77977982587933"
42350649,06/03/2025,"Bán căn VIP 166m2 tại CT5C Văn khê, Chưa đến 40tr/m2 sở hữu ngay căn full đồ siêu đẹp sổ đỏ lâu dài","6,6 tỷ",166 m²,"39,76 tr/m²",3,3,"La Khê, Hà Đông","20.972412839574933, 105.7615263238779"
42288264,06/03/2025,"Duy nhất 1 căn 2 ngủ 2 VS 65m2 - Toà CT3 KĐT Xa La. Sổ hồng, hướng mát siêu hiếm. Lh: 0976 572 ***",Giá thỏa thuận,65 m²,N/A,2,2,"Phúc La, Hà Đông","20.962974383487428, 105.79216914368087"
41018478,06/03/2025,"BÁN CĂN 2 PN, 1wc. S= 55m.tòa A.B.C. Full đồ. Gía 2,x tỷ. Dự án chung cư HH2 Xuân Mai complex",Giá thỏa thuận,75 m²,N/A,2,2,"Yên Nghĩa, Hà Đông","20.959775924682617, 105.74188232421875"
42197653,06/03/2025,"Bán căn hộ chung cư 2 phòng ngủ 2 vệ sinh tại HPC Landmark Hà Đông, view đẹp giá tốt nhất khu vực","4,9 tỷ",86 m²,57 tr/m²,2,2,"La Khê, Hà Đông","20.97331000519478, 105.75900496727155"
42350568,06/03/2025,"Cần bán nhanh căn góc 3 ngủ tầng trung, hiếm nhà bán tại The Pride Hải Phát, Hà Đông.","5,25 tỷ",98 m²,"53,57 tr/m²",3,2,"La Khê, Hà Đông","20.97627220226385, 105.76123132373263"
42165034,06/03/2025,"Tôi chủ nhà cần bán gấp căn hộ 113m, 3 ngủ 2 vệ sinh ở Seasons Avenue,tầng đẹp ban công mát, giá 8x",8 tỷ,113 m²,"70,8 tr/m²",3,2,"Mỗ Lao, Hà Đông","20.9871542401215, 105.787484500334"
41454085,06/03/2025,"(Giá thật) chính chủ cần bán căn hộ 174m tại TSQ EuroLand, 4N 3W ban công ĐN, full nội thất, 8,5 tỷ","8,5 tỷ",174 m²,"48,85 tr/m²",4,3,"Mỗ Lao, Hà Đông","20.9834575653076, 105.78564453125"
41721762,06/03/2025,"Chính chủ cần bán căn hộ 78m2 tại FLC Quang Trung, 2n 2w tầng trung, full nội thất, giá 3,9 tỷ","3,9 tỷ",78 m²,50 tr/m²,2,2,"Quang Trung, Hà Đông","20.962554931640625, 105.76525115966797"
40717971,06/03/2025,"Chủ cần bán gấp căn góc trục 04 ct7 dt 81m2 nhà sẵn đồ sạch đẹp giá 3,7x tỷ tv lh 0352 248 ***","3,8 tỷ",81 m²,"46,9 tr/m²",2,2,"Dương Nội, Hà Đông","20.9798679351807, 105.743919372559"
42348721,06/03/2025,"Mở bán dự án The Charm An Hưng, Hà Đông","3,78 tỷ",54 m²,70 tr/m²,2,1,"La Khê, Hà Đông","20.974748067340748, 105.76069252396803"
42318002,06/03/2025,"Bán căn hộ chung cư Samsora Premier, 4,88 tỷ, 73m2, 3PN, 2WC, full nội thất mới tinh","4,88 tỷ",73 m²,"66,85 tr/m²",3,2,"Quang Trung, Hà Đông","20.97439426018397, 105.7774752727761"
42339631,06/03/2025,Căn 3 ngủ 90m2 The Tera An Hưng giá siêu tốt tầng đẹp hướng Đông Nam sổ sẵn giao dịch,"6,12 tỷ",90 m²,68 tr/m²,3,2,"La Khê, Hà Đông","20.97239384671745, 105.75734128415174"
42284978,06/03/2025,"Bán căn hộ CC view đẹp tại Samsora Premier, 4,3 tỷ, 71m2, Hà Đông, Hà Nội","4,3 tỷ",71 m²,"60,56 tr/m²",N/A,N/A,"Quang Trung, Hà Đông","20.975103519263826, 105.776615878047"
42312261,06/03/2025,"Bán CH 73m2, 2PN, 2WC tại The Pride, full đồ, nhà đẹp, tầng trung, hướng mát, giá rẻ",Giá thỏa thuận,73 m²,N/A,2,2,"La Khê, Hà Đông","20.976084750668864, 105.7615338158008"
42350411,06/03/2025,"Bán CC 3PN 2WC tại The Pride, Tố Hữu, La Khê, Hà Đông, 5,25 tỷ, 98m2 giá tốt Toà CT2 căn hiếm","5,25 tỷ",98 m²,"53,57 tr/m²",3,2,"La Khê, Hà Đông","20.97576100280881, 105.76170616292568"
38694915,06/03/2025,"Chính chủ bán căn Terra 90/100m2, tầng vip, full NT. Giá bán rẻ nhất thị trường LH 0963 225 ***",Giá thỏa thuận,90 m²,N/A,3,2,"Dương Nội, Hà Đông","20.9743461608887, 105.754165649414"
41335371,06/03/2025,"Chính chủ bán căn góc đẹp A1, A4, B1, B4 diện tích 85/96m2, Anland Premium. LH 0984 797 ***",Giá thỏa thuận,85 m²,N/A,3,2,"La Khê, Hà Đông","20.97723388671875, 105.76195526123047"
40945400,06/03/2025,"Chính chủ bán căn góc 74m2, 2PN, 2VS, tầng trung, nhà đẹp, căn góc siêu thoáng. LH 0963 225 ***",Giá thỏa thuận,74 m²,N/A,2,2,"Dương Nội, Hà Đông","20.9830436706543, 105.757339477539"
42218340,06/03/2025,"Bán căn hộ CT3 Văn Khê, Hà Đông, dt 105 m2, 3 PN, 2 phụ, nội thất đẹp, giá 5,6 tỷ","5,6 tỷ",105 m²,"53,33 tr/m²",3,2,"La Khê, Hà Đông","20.972884480715955, 105.76123106111814"
42198651,06/03/2025,"Bán CC The Pride, Tố Hữu, La Khê, Hà Đông, 3,75 tỷ, 73m2, view đẹp, pháp lý đầy đủ","3,75 tỷ",73 m²,"51,37 tr/m²",2,2,"La Khê, Hà Đông","20.976058474520894, 105.76101666623984"
42312627,06/03/2025,"Bán CC đẹp xuất sắc tại Tòa Tháp Thiên Niên Kỷ, 54m2 1n 1vs, nhà đẹp tầng trung hướng mát, giá rẻ","3,68 tỷ",54 m²,"68,15 tr/m²",1,1,"Quang Trung, Hà Đông","20.9738181885737, 105.77806118554773"
42349970,06/03/2025,"Đẳng cấp sống với căn hộ 75m2 thiết kế 2PN-2Wc Terra view siêu thoáng full nội thất giá chỉ 4,9x tỷ","4,95 tỷ",75 m²,66 tr/m²,3,2,"Dương Nội, Hà Đông","20.974346160888672, 105.75416564941406"
42250888,06/03/2025,Bán chung cư Terra An Hưng 90m2 tầng 29 full đồ tòa V2 sẵn sổ giá 6.08 tỷ,"6,08 tỷ",90 m²,"67,56 tr/m²",3,2,"La Khê, Hà Đông","20.9731518514094, 105.75711092969625"
37142147,06/03/2025,"Bán căn 1,5 ngủ 49m2 tòa Xuân Mai Complex, Hà Đông. LH 0982 511 ***",Giá thỏa thuận,49 m²,N/A,1,1,"Yên Nghĩa, Hà Đông","20.9597759246826, 105.741882324219"
42016463,06/03/2025,"Hàng hiếm! Bán căn hộ 80m2 giá chỉ 3,9 tỷ thiết kế 2N rộng, thoáng mát, đẩy đủ nội thất ở được ngay","3,9 tỷ",80 m²,"48,75 tr/m²",2,2,"Quang Trung, Hà Đông","20.962466545947, 105.765148446522"
42280790,06/03/2025,"Bán chung cư tập thể Học Viện Chính Trị Ngô Quyền, Hà Cầu, Hà Đông, Hà Nội, 1,8 tỷ, 36m2 hốt ngay","1,8 tỷ",36 m²,50 tr/m²,2,2,"Hà Cầu, Hà Đông","20.971563329509, 105.768677724658"
42349638,06/03/2025,"Bán chung cư Học Viện Quân y 103 Phùng Hưng Hà Đông 78m2, 2 pn, 2vs pk, bếp, ban công, 4,68tỷ","4,68 tỷ",78 m²,60 tr/m²,2,2,"Phúc La, Hà Đông","20.96849189066579, 105.78615485949251"
41914877,06/03/2025,"Hàng hiếm! Cần bán căn hộ 87m2 tại Thiên Niên Kỷ, giá chỉ 5,9 tỷ, full nội thất sang trọng, sẵn sổ","5,9 tỷ",87 m²,"67,82 tr/m²",2,2,"Quang Trung, Hà Đông","20.9733729888345, 105.778327740575"
41981029,06/03/2025,Chính chủ thiện chí bán căn 2PN rộng 90m2 tại Mulberry Lane giá 5.3 tỷ chốt luôn,"5,3 tỷ",90 m²,"58,89 tr/m²",2,2,"Mỗ Lao, Hà Đông","20.987103908042588, 105.78622304058369"
41736562,06/03/2025,"Hot! Căn hộ 98m2 tại The Terra An Hưng nội thất đẹp, hướng mát Đông Nam, 5,8 tỷ, 3PN, 2WC","5,8 tỷ",96 m²,"60,42 tr/m²",3,2,"Dương Nội, Hà Đông","20.972328076396, 105.756956265702"
39008438,06/03/2025,"Bán căn 2 PN, 2wc. S= 62 có đồ. Gía 3.x tỷ. Dự án Chung cư Xuân Mai complex Dương Nội",Giá thỏa thuận,62 m²,N/A,2,1,"Yên Nghĩa, Hà Đông","20.9597759246826, 105.741882324219"
42228970,06/03/2025,"Chính chủ bán căn hộ 2 ngủ 66m2 view hồ điều hoà. Nhà đã sửa lại thiết kế thoáng mát, rộng rãi hơn","2,6 tỷ",66 m²,"39,39 tr/m²",2,2,"Kiến Hưng, Hà Đông","20.939662280655437, 105.78756792415413"
42331086,06/03/2025,"BÁN CĂN 2PN TOÀ CT7, CT8 DƯƠNG NỘI, HÀ ĐÔNG.LH-0982 511 ***","2,85 tỷ","56,5 m²","50,44 tr/m²",2,1,"Dương Nội, Hà Đông","20.97921183321754, 105.7438993877547"
42271168,06/03/2025,CẤP BÁO nhà mẫu The Charm An Hưng đã hoàn thiện. LH 0386 922 *** để cập nhật thông tin chọn căn,Giá thỏa thuận,54 m²,N/A,N/A,N/A,"La Khê, Hà Đông","20.97474179418187, 105.76039987966544"
42307890,06/03/2025,"5 suất ngoại giao giá cực tốt dự án The Charm An Hưng, Ck 3% TTS, ân hạn gốc lãi 18 tháng","5,18 tỷ",72 m²,"71,94 tr/m²",2,2,"La Khê, Hà Đông","20.9743021563761, 105.760924695249"
42245781,06/03/2025,"Chủ nhà thiện chí bán 3PN2WC full đồ, slot xe tại Mulberry Lane. Giá: 5.69 tỷ (có TL + hỗ trợ vay)","5,69 tỷ","99,5 m²","57,19 tr/m²",3,2,"Mỗ Lao, Hà Đông","20.986252059044475, 105.78618039662615"
42283501,06/03/2025,"(Độc quyền) chủ nhà thiện chí bán căn hộ 2PN 2WC tòa S4, đủ đồ, slot xe (thương lượng chủ nhà)",5 tỷ,"82,4 m²","60,68 tr/m²",2,2,"Mỗ Lao, Hà Đông","20.98702008118381, 105.78687799703162"
35037647,06/03/2025,"Bán căn penthouse 5* rộng 415m2 + 70m2 sân vườn, duy nhất toà Mulberry Lane Mỗ Lao: 0981 586 ***","19,7 tỷ",485 m²,"40,62 tr/m²",5,4,"Mỗ Lao, Hà Đông","20.98651884353763, 105.78639988102069"
36900598,06/03/2025,Bán penthouse siêu rộng thông tầng 425m2 + 65m2 sân vườn giá 20 tỷ,20 tỷ,485 m²,"41,24 tr/m²",5,5,"Mỗ Lao, Hà Đông","20.9867321052493, 105.787291295491"
37228579,06/03/2025,"Bán căn 2PN 55m2, 62m2, 65m2, 70m2 nhà đẹp tòa Xuân Mai Complex. LH 0982 511 ***","3,15 tỷ",62 m²,"50,81 tr/m²",2,2,"Yên Nghĩa, Hà Đông","20.9597759246826, 105.741882324219"
42330850,06/03/2025,Chị gái gửi bán nhanh căn hộ 90m2 hướng cực mát tòa chung cư cao cấp Mulbery Lane - Mỗ Lao,"5,5 tỷ",90 m²,"61,11 tr/m²",2,2,"Mỗ Lao, Hà Đông","20.9872284884161, 105.786163585398"
42349301,06/03/2025,"Bán căn hộ The Pride hiếm đẹp giá tốt do chủ cần tiền, 81,4m2, 2n 2vs, ban công Đông Nam, 4,2 tỷ","4,2 tỷ","81,4 m²","51,6 tr/m²",2,2,"La Khê, Hà Đông","20.9759219722891, 105.761732647384"
42348954,06/03/2025,"Bán căn hộ chung cư FLC Star Tower, 4,6 tỷ, 76m2, view đẹp, giá tốt","4,6 tỷ",76 m²,"60,53 tr/m²",3,2,"Quang Trung, Hà Đông","20.962516192480432, 105.7646361467183"
39651838,06/03/2025,Bán căn hộ chung cư Mipec Kiến Hưng Hà Đông. Căn 01 toà M1 lh 0966 786 ***,"3,25 tỷ","59,3 m²","54,81 tr/m²",2,2,"Kiến Hưng, Hà Đông","20.952529907226563, 105.79031372070313"
41630689,06/03/2025,"Căn hộ chung cư bán tại Mipec City View giá siêu hời 2,85 tỷ vnd, diện tích 51 m2","2,85 tỷ",51 m²,"55,88 tr/m²",2,1,"Kiến Hưng, Hà Đông","20.952529907226562, 105.79031372070312"
41710868,06/03/2025,"Chính chủ bán gấp căn hộ chung cư tòa M6 Mipec Kiến Hưng, Hà Đông. Căn hộ full nội thất",3 tỷ,55 m²,"54,54 tr/m²",2,N/A,"Kiến Hưng, Hà Đông","20.952529907226562, 105.79031372070312"
42112600,06/03/2025,"Chính chủ bán căn hộ chung cư Mipec Kiến Hưng, Hà Đông. Căn 2 ngủ view đẹp. LH 0973 113 ***",Giá thỏa thuận,"62,6 m²",N/A,2,2,"Kiến Hưng, Hà Đông","20.9526109944159, 105.790795136879"
31904618,06/03/2025,"Cần bán gấp căn hộ CT7HJK DT 107m2, TK 3 PN, 2WC, giá 4 tỷ xx. LH 0921 617 ***",Giá thỏa thuận,107 m²,N/A,3,2,"Dương Nội, Hà Đông","20.9643268585205, 105.749549865723"
42283508,06/03/2025,"Bán căn hộ 2PN, 2WC tại KĐTM Dương Nội, giá cực chất 3,8 tỷ, 81m2","3,8 tỷ",81 m²,"46,91 tr/m²",2,2,"Dương Nội, Hà Đông","20.98120476066196, 105.75474980558599"
42348390,06/03/2025,"Bán CC 3PN, 90m2 giá siêu hời tại Khu nhà ở Bộ Tư lệnh Thủ đô Hà Nội, Hà Đông, HN","4,14 tỷ",90 m²,46 tr/m²,3,2,"Yên Nghĩa, Hà Đông","20.954249156993185, 105.74149989961467"
42299597,06/03/2025,"[Nhà Siêu Đẹp] Cần bán căn hộ 2N2W 74m GOLDSILK, nội thất siêu đẹp sẵn sổ giao dịch ngay",5 tỷ,74 m²,"67,57 tr/m²",2,2,"Vạn Phúc, Hà Đông","20.978138689739044, 105.77295788747949"
42349033,06/03/2025,"căn hộ chung cư cao cấp toạ lạc vị trí vàng trung tâm giao thông hà đông,thanh xuân, nam từ liêm","5,83 tỷ","76,7 m²",76 tr/m²,2,2,"Mỗ Lao, Hà Đông","20.984928187018, 105.779668780176"
42348877,06/03/2025,căn hộ 2 ngủ the charm an hưng chào đón quý khách,"5,29 tỷ",72 m²,"73,4 tr/m²",2,2,"La Khê, Hà Đông","20.9750068024076, 105.760662585635"
42348677,06/03/2025,"Bán CH 2PN, 1WC tại TTTM TSQ, Mỗ Lao, Hà Đông, 4,4 tỷ, 70m2 - Hàng hot","4,4 tỷ",70 m²,"62,86 tr/m²",2,1,"Mỗ Lao, Hà Đông","20.977684634271807, 105.78320065574651"
42348665,06/03/2025,"Đẳng cấp sống với CH 100m2 thiết kế 3PN 2WC Tháp Thiên Niên Kỷ, nhà full nội thất, giá chỉ 6,8x tỷ","6,89 tỷ",100 m²,"68,9 tr/m²",3,2,"Quang Trung, Hà Đông","20.97310529659454, 105.77850800063655"
41828450,06/03/2025,NHỈNH 4 TỶ BÁN CĂN HỘ THE CHARM HÀ ĐÔNG QUỸ CĂN NGOẠI GIAO BÁN NHANH TRƯỚC KHI RA HÀNG HỖ TRỢ VAY,"4,98 tỷ","72,6 m²","68,6 tr/m²",2,2,"La Khê, Hà Đông","20.9748116979003, 105.760543987969"
42348581,06/03/2025,"Bán căn hộ 3PN, 2WC tại Samsora Premier, 4,8 tỷ, 78 m2, Hà Đông, Hà Nội","4,8 tỷ",78 m²,"61,54 tr/m²",3,2,"Quang Trung, Hà Đông","20.9754804235497, 105.776526196988"
42348538,06/03/2025,"Đẳng cấp sống với căn hộ 90m2 Terra An Hưng 3PN 2WC Bc Đông Nam nội thất thiết kế giá chỉ tỷ 5,9xtỷ","5,94 tỷ",90 m²,66 tr/m²,3,2,"Dương Nội, Hà Đông","20.9743461608887, 105.754165649414"
42268457,06/03/2025,"Bán căn góc VIP 3 ngủ, 96,5m2, tại CT2 Văn Khê - Hà Đông, chỉ hơn 4 tỷ, full nội thất","4,4 tỷ","96,5 m²","45,6 tr/m²",3,2,"La Khê, Hà Đông","20.972361147776176, 105.76168991697442"
42348472,06/03/2025,"Bán CC Xuân Mai Riverside, 4,1 tỷ, 73m2, 2PN, 2WC, nội thất đầy đủ tại Hà Đông, Hà Nội","4,1 tỷ",73 m²,"56,16 tr/m²",2,2,"Mỗ Lao, Hà Đông","20.984998494031377, 105.77900478930118"
41917185,06/03/2025,The Charm An Hưng chuẩn bị mở bán đợt 1 dự án chung cư được mong chờ nhất Hà Đông 2025,Giá thỏa thuận,92 m²,N/A,3,2,"La Khê, Hà Đông","20.9744788588318, 105.761467685902"
41850823,06/03/2025,Nhỉnh 2 tỷ bán căn hộ 73m2 2 ngủ 2 vệ sinh căn hộ bàn giao full nội thất tầng đẹp hướng Đông Nam,"2,99 tỷ",73 m²,"40,96 tr/m²",2,2,"Văn Quán, Hà Đông","20.9798041351246, 105.787699200339"
42189232,06/03/2025,"Siêu phẩm: Cần tiền bán nhanh Samsora Premier 85m2 3PN 2VS. Full đẹp, hướng mát, 4,x tỷ: 0968 693 ***","4,5 tỷ",85 m²,"52,94 tr/m²",3,2,"Quang Trung, Hà Đông","20.974676017023846, 105.77747139315107"
39197201,06/03/2025,"Hot: GĐ mới mua bt nên bán The Terra An Hưng 90m2 3PN 2VS full NT hướng mát giá yêu thương 5,x tỷ","5,5 tỷ",90 m²,"61,11 tr/m²",4,2,"Dương Nội, Hà Đông","20.9743461608887, 105.754165649414"
42270164,06/03/2025,"Bán căn hộ 101m2, 3PN tại Rainbow Văn Quán view đẹp, nội thất sang trọng chỉ hơn 6 tỷ","6,45 tỷ",103 m²,"62,62 tr/m²",3,2,"Văn Quán, Hà Đông","20.974377121863217, 105.78808433287067"
42334973,06/03/2025,"Bán gấp chung cư 2PN, 2WC tại KĐT Xa La, 3 tỷ, 70m2, Hà Đông, HN chính chủ bao đẹp",3 tỷ,70 m²,"42,86 tr/m²",2,2,"Phúc La, Hà Đông","20.9625589979388, 105.792934728569"
42061822,06/03/2025,"Bán gấp căn hộ Ct7hjk dt 55m căn góc 2 ngủ , 2 wc đủ đồ giá 2ty970tr . Lh : 0988 187 ***","2,97 tỷ",55 m²,54 tr/m²,2,2,"Dương Nội, Hà Đông","20.980440555719678, 105.75468292409538"
41786201,06/03/2025,Tôi chủ nhà bán căn 96m2 tại Booyoung Mỗ Lao đầy đủ nội thất có slot ô tô giá 5 tỷ thương lượng,5 tỷ,96 m²,"52,08 tr/m²",3,2,"Mỗ Lao, Hà Đông","20.9839787011806, 105.78393325736"
10348628,06/03/2025,"Bán gấp CHCC Dương Nội rộng 86m2 2 ngủ, 2WC, loza, đủ đồ giá 3.7tỷ. LH: 0988 187 ***","3,7 tỷ",86 m²,"43,02 tr/m²",2,2,"Dương Nội, Hà Đông","20.9810199737549, 105.754898071289"
42348585,06/03/2025,"CHUYỂN NHƯỢNG CĂN HỘ HOA HẬU TÒA ALAND LAKEVIEW DIỆN TÍCH 111,6M_ SANG XỊN ĐẸP_GIÁ 7,XTỶ","7,78 tỷ","111,6 m²","69,71 tr/m²",3,2,"Dương Nội, Hà Đông","20.983466647728903, 105.75747219294536"
40204937,06/03/2025,Cần bán gấp căn hộ CT7 Dt 107m2 đủ nội thất giá 4.9 tỷ . Lh: 0988 187 ***,Giá thỏa thuận,107 m²,N/A,3,2,"Dương Nội, Hà Đông","20.9643268585205, 105.749549865723"
42210033,06/03/2025,Big C - CC 2 ngủ - tầng trung - view đỉnh - an sinh & tiện ích chất,6 tỷ,97 m²,"61,86 tr/m²",2,2,"Mỗ Lao, Hà Đông","20.979042766517136, 105.78611767865364"
41959803,06/03/2025,Tôi chủ nhà bán gấp trước tết căn 3PN DT 91m2 hướng mát full nội thất có slot ô tô giá 5.6 tỷ,"5,6 tỷ",91 m²,"61,54 tr/m²",3,3,"Mỗ Lao, Hà Đông","20.987315551599632, 105.78650629529398"
42337255,06/03/2025,"The Charm An Hưng Hà Đông giá chỉ từ hơn 4 tỷ, full nội thất nhập khẩu đức","5,1 tỷ",72 m²,"70,83 tr/m²",2,2,"La Khê, Hà Đông","20.9740914906589, 105.761148988271"
42315952,06/03/2025,Ra hàng dự án The Charm An Hưng,Giá thỏa thuận,"90,8 m²",N/A,3,2,"La Khê, Hà Đông","20.9742258623285, 105.761283632678"
41864456,06/03/2025,"Bán căn hộ chung cư tại Nam Xa La, 2,4 tỷ, 58m2, giá cực chất uy tín","2,4 tỷ",58 m²,"41,38 tr/m²",2,1,"Phúc La, Hà Đông","20.960361135103344, 105.7944662052675"
42286449,06/03/2025,"Tôi cần bán căn hộ chung cư The Charm trung tâm quận Hà Đông.DT 54m2,2PN,2VS giá 4 tỷ full nội thất","3,85 tỷ",55 m²,70 tr/m²,2,2,"La Khê, Hà Đông","20.97486296477675, 105.76075834675557"
42347739,06/03/2025,500m tới ga tàu điện trên cao thuận lợi gần trục đường chính tòa B Xuân Mai Tô Hiệu Tầng Trung 65m2,"3,65 tỷ",65 m²,"56,15 tr/m²",2,1,"Yên Nghĩa, Hà Đông","20.959765229405143, 105.74188927024424"
40748939,06/03/2025,Chính chủ gửi bán căn hộ 2n2wc 62m full đồ giá 2ty950 tại Tháp Doanh Nhân,"2,95 tỷ",62 m²,"47,58 tr/m²",2,2,"Mỗ Lao, Hà Đông","20.9753150939941, 105.78067779541"
42216238,06/03/2025,"Bán căn hộ chung cư giá tốt tại Tháp Doanh Nhân Tower, 2ty670, 55 m2","2,67 tỷ",55 m²,"48,54 tr/m²",2,2,"Mỗ Lao, Hà Đông","20.97558395666816, 105.7807364994788"
42223238,06/03/2025,"Giá rẻ nhất thị trường chỉ 4x tỷ! Bán căn hộ 74m 2N 2N tại Terra An Hưng, Full Nội Thất, Có Ra Lộc",Giá thỏa thuận,74 m²,N/A,2,2,"La Khê, Hà Đông","20.972842871681397, 105.75691665791409"
40375663,06/03/2025,"Chủ nhà cần bán gấp căn 2n2wc 57m full gỗ giá chỉ 2ty570, LH: 0866 457 ***","2,57 tỷ",57 m²,"45,09 tr/m²",2,2,"Mỗ Lao, Hà Đông","20.975020655881806, 105.7806852541968"
42347990,06/03/2025,"Căn hộ chung cư A5 Học Viện Quân Y, 4,05 tỷ, 71 m2 hàng hiếm tại Phùng Hưng, Hà Đông, Hà Nội","4,05 tỷ",71 m²,"57,04 tr/m²",N/A,N/A,"Phúc La, Hà Đông","20.9686935665917, 105.786072162578"
42347887,06/03/2025,"Bán căn hộ chung cư HPC Landmark 105, căn góc 107m2 tại La Khê, Hà Đông, Hà Nội",Giá thỏa thuận,107 m²,N/A,N/A,N/A,"La Khê, Hà Đông","20.97366699851581, 105.75871948715307"
42347940,06/03/2025,"Chỉ 2,62 tỷ, sở hữu căn hộ 56m2 tại NOXH Hưng Thịnh, Kiến Hưng","2,62 tỷ",56 m²,"46,79 tr/m²",2,1,"Kiến Hưng, Hà Đông","20.95267930665705, 105.785153412481"
42347771,06/03/2025,"Bán gấp căn hộ 73m2 chỉ 3. Xx tỷ SĐCC tại The Pride Hải Phát, La Khê, Hà Đông",Giá thỏa thuận,73 m²,N/A,2,2,"La Khê, Hà Đông","20.9761367207207, 105.761527655368"
42347866,06/03/2025,"Căn hộ 3PN + 1 + 2WC tại Mulberry Lane, Mỗ Lao, Hà Đông, 9,5 tỷ. Diện tích 153.79m2","9,5 tỷ","153,79 m²","61,77 tr/m²",3,2,"Mỗ Lao, Hà Đông","20.986559606188024, 105.78633778065198"
42347769,06/03/2025,"Bán CH 3PN, 2WC tại The Pride, Tố Hữu, Hà Đông, giá nhỉnh 5 tỷ, 98m2 Full nội thất",Giá thỏa thuận,98 m²,N/A,3,2,"La Khê, Hà Đông","20.976056246847925, 105.76112879478215"
42347701,06/03/2025,"Bán CC Mulberry Lane, Mỗ Lao, Hà Đông, 4,9 tỷ, 75m2, giá tốt, chính chủ","4,9 tỷ",75 m²,"65,33 tr/m²",2,2,"Mỗ Lao, Hà Đông","20.986158065443274, 105.7862266864981"
42310043,06/03/2025,Đã có bảng giá chính thức Cc cao cấp The Charm An Hưng- Hà Đông giá từ 70 triệu/met,"5,04 tỷ",72 m²,70 tr/m²,2,2,"La Khê, Hà Đông","20.97521108598382, 105.75998901888798"
42347946,06/03/2025,"Bán căn hộ 3PN, 119m2 tại Xuân Mai Tower - CT2 Tô Hiệu, giá 5,9 tỷ, view đẹp hot","5,9 tỷ",119 m²,"49,58 tr/m²",3,2,"Hà Cầu, Hà Đông","20.9626748478682, 105.773421133233"
41758831,06/03/2025,"Bán căn hộ chung cư cao cấp Trần Phú, Hà Đông, 135m2, 3N, 2WC, lô góc tặng full nội thất","6,9 tỷ",135 m²,"51,11 tr/m²",3,2,"Văn Quán, Hà Đông","20.979808807373047, 105.78756713867188"
42347797,06/03/2025,"Mở bán chung cư The Charm An Hưng, thanh toán linh động, vay 70% ưu đãi, chiết khấu lớn","5,4 tỷ",72 m²,75 tr/m²,2,2,"La Khê, Hà Đông","20.9747935666822, 105.760790753407"
42274842,06/03/2025,"Hoàng 3333 Giá Thật. Bán căn hộ 2PN, 2WC, 80m2 tại Seasons Avenue, Hà Đông, Full đồ đẹp, Giá 6 tỷ 5","6,5 tỷ",80 m²,"81,25 tr/m²",2,2,"Mỗ Lao, Hà Đông","20.98648380960901, 105.78731341782213"
42098142,06/03/2025,"Bán CH 75m2, 2N 2VS giá 4,6 tỷ tại Terra An Hưng. Full nội thất, view đẹp, sẵn sổ đỏ. LH 0866 839 ***","4,6 tỷ",75 m²,"61,33 tr/m²",2,2,"La Khê, Hà Đông","20.9723073144465, 105.756373770619"
42210482,06/03/2025,"Bán căn chung cư 2 ngủ, 67m2, KĐT Thanh Hà, Hà Đông, full đồ, giá tốt nhất",Giá thỏa thuận,67 m²,N/A,2,2,"Kiến Hưng, Hà Đông","20.9392978587681, 105.787226506875"
41572723,06/03/2025,Bán căn 125 - 154m2 giá yêu thương 6ty750 tại chun cư: Mullberry Lane,"6,75 tỷ",125 m²,54 tr/m²,3,2,"Mỗ Lao, Hà Đông","20.987242821065081, 105.7865452565908"
40838567,06/03/2025,"Em cần bán căn 75m2 full nội thất tầng đẹp chung cư The Pride, La Khê Hà Đông sẵn sổ giao dịch",Giá thỏa thuận,75 m²,N/A,2,2,"La Khê, Hà Đông","20.9760246276855, 105.761596679688"
42195752,06/03/2025,"Bán gấp căn hộ The Pride, Tố Hữu, La Khê, Hà Đông, Hà Nội, 81m2 nhỉnh 4 tỷ",Giá thỏa thuận,81 m²,N/A,N/A,N/A,"La Khê, Hà Đông","20.976207944691136, 105.76115889034445"
42347671,06/03/2025,Quỹ ngoại giao duy nhất 1 căn 2pn - 54m2 tại The Charm An Hưng,Giá thỏa thuận,54 m²,N/A,2,1,"La Khê, Hà Đông","20.974563435976833, 105.76094342279423"
42347606,06/03/2025,Độ Hot Tăng Lên Nhưng The Pride Không Tăng Giá Chủ Nhà Thiện Chí Bán Căn CT3 Giá 3.x Thương Lượng,"3,79 tỷ","75,5 m²","50,2 tr/m²",2,2,"La Khê, Hà Đông","20.9762942840919, 105.761059499424"
42325265,06/03/2025,Độc quyền!Quỹ ngoại giao mở bán đợt2 tầng 12-15-19-21. Gói chiết khấu vip từ CĐT hỗ trợ lãi suất 0%,Giá thỏa thuận,54 m²,N/A,2,2,"La Khê, Hà Đông","20.974698461008757, 105.76073069945471"
42244388,06/03/2025,"Cần bán căn hộ 84m2 CT8 Dương Nội sẵn nội thất, 2PN giá 3.6x tỷ, LH 0383 256 *** xem nhà luôn","3,6 tỷ",84 m²,"42,86 tr/m²",2,2,"Dương Nội, Hà Đông","20.980268168843374, 105.74368764470776"
42332116,06/03/2025,"Chính chủ e cần bán gấp căn góc 107m2 tòa CT7HJK Parkview Dương Nội, 3 phòng ngủ, đầy đủ nội thất","5,2 tỷ",107 m²,"48,6 tr/m²",3,2,"Dương Nội, Hà Đông","20.9649106120751, 105.749706810817"
42335293,06/03/2025,"Cần bán gấp căn góc 55m2 tòa CT7HJk Park View Dương Nội, 2PN 2VS. LH 0383 256 ***",3 tỷ,55 m²,"54,54 tr/m²",2,2,"Dương Nội, Hà Đông","20.979590813540216, 105.7436498349048"
39359588,06/03/2025,"Cần bán gấp căn hộ 57m2 CT7HJK Park View Dương Nội, 2PN, 2VS. Giá 2.x tỷ công đông nam siêu mát",Giá thỏa thuận,57 m²,N/A,2,2,"Dương Nội, Hà Đông","20.9643268585205, 105.749549865723"
42204728,06/03/2025,"Cần bán gấp căn hộ 86m2, 3 phòng ngủ tòa CT8D Dương Nội, full nội thất ở luôn",Giá thỏa thuận,86 m²,N/A,3,2,"Dương Nội, Hà Đông","20.9797588353487, 105.74401199976437"
42326089,06/03/2025,"Chính chủ bán gấp căn hộ 2PN CT8 Dương Nội, sẵn nội thất, giá 3.Xx tỷ",Giá thỏa thuận,84 m²,N/A,2,2,"Dương Nội, Hà Đông","20.979611792799243, 105.743625677265"
42347448,06/03/2025,Bán CH 57m2 giá rẻ tòa HH2 Xuân Mai Complex. 2 ngủ tầng trung. Chỉ nhỉnh 3.1 tỷ,Giá thỏa thuận,57 m²,N/A,2,2,"Yên Nghĩa, Hà Đông","20.959769237441627, 105.7418625282845"
41580806,06/03/2025,"Nhanh còn chậm mất - giá chất đừng hỏi, căn hộ 2 ngủ thuộc tòa 1B Hưng Thịnh. LH ngay kẻo lỡ","2,36 tỷ",56 m²,"42,14 tr/m²",2,1,"Kiến Hưng, Hà Đông","20.9528064727783, 105.785003662109"
42336800,06/03/2025,"Bán CC The Terra An Hưng La Khê, Hà Đông 74m2 (2PN+2WC) full đồ view kđt Dương Nội Siêu thoáng mát","4,81 tỷ",74 m²,65 tr/m²,2,2,"La Khê, Hà Đông","20.97316041578184, 105.75726688435142"
28083230,06/03/2025,"Chính chủ bán căn 3PN-2VS-95m2 full đồ, tòa Booyoung Vina, Mỗ Lao, Hà Đông",Giá thỏa thuận,95 m²,N/A,3,2,"Mỗ Lao, Hà Đông","20.9831351328065, 105.782072067261"
26987291,06/03/2025,Chính chủ cần bán căn 3PN - 2VS - 107m2 tòa Booyoung. Sổ đỏ lâu dài,Giá thỏa thuận,107 m²,N/A,3,2,"Mỗ Lao, Hà Đông","20.9824085082408, 105.781335830689"
42184688,06/03/2025,"Ngắn gọn: Tòa B Sông Nhuệ có sổ, tầng trung, 2 ngủ, 47m2, 2.45 tỷ (gia lộc) liên hệ 0833 350 ***","2,45 tỷ",47 m²,"52,13 tr/m²",2,1,"Kiến Hưng, Hà Đông","20.959872783684816, 105.79907300754272"
40049006,06/03/2025,"Bán nhanh căn 102,8m2 3PN, 3VS tòa CT2 - The Pride, giá nhỉnh 4.X tỷ nội thất - có slot ô tô",Giá thỏa thuận,"102,8 m²",N/A,3,3,"La Khê, Hà Đông","20.9760246276855, 105.761596679688"
42347245,06/03/2025,"Bán căn 2PN, 2VS 1 ban công Bắc, 57m2 tòa The Vesta, Phú Lãm",Giá thỏa thuận,57 m²,N/A,2,2,"Phú Lãm, Hà Đông","20.946133836941968, 105.75559713722826"
42291604,06/03/2025,"Bán nhanh 3PN 70m2 Thương Mại The Vesta Phú Lãm, Hà Đông - đủ đồ - view đẹp",Giá thỏa thuận,70 m²,N/A,3,2,"Phú Lãm, Hà Đông","20.9458316125381, 105.75528573812007"
42347220,06/03/2025,"Chính chủ gửi bán nhanh căn hộ 2PN 67m2 tại chung cư The Vesta Phú Lãm Hà Đông, Hà Nội",Giá thỏa thuận,67 m²,N/A,2,2,"Phú Lãm, Hà Đông","20.946277918549765, 105.7557010399434"
42347090,06/03/2025,Chiều chiều ngắm gió uống ly trà mà cũng không phải đi đâu xa ngay ở Xala đây em có ct2a 3PN 4.9 tỷ,"4,9 tỷ",101 m²,"48,52 tr/m²",3,2,"Phúc La, Hà Đông","20.9630684388702, 105.793029471589"
39246076,06/03/2025,"Bán chung cư chính chủ 67.8 m2 tại ICID Complex Dương Nội, Hà Đông","3,39 tỷ","67,8 m²",50 tr/m²,2,2,"Dương Nội, Hà Đông","20.9819164276123, 105.742492675781"
42228291,06/03/2025,"Bán căn hộ chung cư Vạn Phúc, Hà Đông, Hà Nội, 2,9 tỷ, 90m2, 3 ngủ 0981 715 ***","2,9 tỷ",90 m²,"32,22 tr/m²",3,3,"Vạn Phúc, Hà Đông","20.979816732488, 105.771798755288"
38795911,06/03/2025,"Tôi cần bán chung cư Usilk City, Tố Hữu, Hà Đông, 100m2, 3 ngủ, 2WC, giá tốt",Giá thỏa thuận,100 m²,N/A,3,2,"La Khê, Hà Đông","20.9744720458984, 105.760879516602"
42343525,06/03/2025,"Độc quyền 5 suất căn hộ vị trí đẹp nhất tại The Charm An Hưng, hỗ trợ vốn 70% ân hạn 15th",Giá thỏa thuận,78 m²,N/A,2,2,"La Khê, Hà Đông","20.97541988442572, 105.76108632549274"
41120144,06/03/2025,"Bán căn 2 PN, 2WC S = 57m2 tim tường. Có đồ. Gía 3,03 tỷ dự án CT7 Dương Nội","3,03 tỷ",57 m²,"53,16 tr/m²",2,2,"Dương Nội, Hà Đông","20.979867935180664, 105.74391937255859"
41777906,06/03/2025,"Chính chủ bán căn hộ 3PN, DT 73m2, giá rẻ 2.15 tỷ, KĐT Thanh Hà, Hà Nội","2,15 tỷ",73 m²,"29,45 tr/m²",3,2,"Kiến Hưng, Hà Đông","20.93947271560714, 105.78680890028916"
42347035,06/03/2025,Chính chủ bán căn hộ La Casta Văn Phú Hà Đông Dt: 112 Nguyên Bản LH: 0929 656 ***,Giá thỏa thuận,112 m²,N/A,3,2,"Phú La, Hà Đông","20.963973703254183, 105.76342744903145"
39406906,06/03/2025,"Tôi cần bán căn Duplex chung cư New Skyline, Văn Quán, 337m2, 4 ngủ, 4VS, giá tốt",Giá thỏa thuận,337 m²,N/A,4,4,"Văn Quán, Hà Đông","20.9796447753906, 105.792343139648"
39909477,06/03/2025,"Bán nhanh căn hộ khu đô thị Văn Khê, 76m2, 2 ngủ, 2 vệ sinh, giá tốt",Giá thỏa thuận,76 m²,N/A,2,2,"La Khê, Hà Đông","20.972412109375, 105.76152801513672"
38058656,06/03/2025,"Bán nhanh căn hộ KĐT Văn Khê, Hà Đông, 112m2, 3 ngủ, giá tốt","4,45 tỷ",112 m²,"39,73 tr/m²",3,2,"La Khê, Hà Đông","20.97189329787581, 105.76137073032794"
38610801,06/03/2025,"Bán nhanh căn hộ khu đô thị Văn Khê, 91m2, 3 ngủ 2 vệ sinh, giá tốt","4,15 tỷ",91 m²,"45,6 tr/m²",3,2,"La Khê, Hà Đông","20.972412109375, 105.76152801513672"
39345727,06/03/2025,"Bán chung cư CT Yên Nghĩa, Hà Đông 70m2, 2 phòng ngủ, giá tốt","3,05 tỷ",70 m²,"43,57 tr/m²",2,1,"Yên Nghĩa, Hà Đông","20.954676104128197, 105.74468751583957"
37278813,06/03/2025,"BÁN CĂN 3 PN, 2wc. S= 80m. Có đồ. Gía 4,x tỷ. Dự án Chung cư Xuân Mai complex Dương Nội",Giá thỏa thuận,80 m²,N/A,3,2,"Yên Nghĩa, Hà Đông","20.9597759246826, 105.741882324219"
42016387,06/03/2025,"Hàng hiếm tại The Terra An Hưng, 4,5 tỷ, 74m2, 2PN, 2WC, Hà Đông, Hà Nội","4,5 tỷ",74 m²,"60,81 tr/m²",2,2,"La Khê, Hà Đông","20.973174852765332, 105.75584452864973"
42346553,06/03/2025,Chủ nhà hỗ trợ vay bank giá cả siêu ưng cho căn CT6B Xa La 62m2 giá 2.7 tỷ (Thương lượng),"2,7 tỷ",62 m²,"43,55 tr/m²",2,2,"Phúc La, Hà Đông","20.9622787037547, 105.793210980125"
42247209,06/03/2025,(Chính chủ) chào bán căn sky villa 700m2 chạm mây full đồ - tận hưởng cuộc sống đỉnh cao,42 tỷ,700 m²,60 tr/m²,5,5,"Mỗ Lao, Hà Đông","20.97763995565009, 105.7827361235766"
41495289,06/03/2025,"Bán căn hộ 3 pn đầy đủ nội thất gần siêu thị Aeon Mall Hà Đông, hướng Nam mát mẻ","7,47 tỷ",166 m²,45 tr/m²,3,3,"La Khê, Hà Đông","20.9710703918425, 105.760024434711"
42289923,06/03/2025,"Tôi có căn 54m2, 2pn 1vs cần bán thuộc tầng trung lh 0389 980 ***",Giá thỏa thuận,56 m²,N/A,2,1,"La Khê, Hà Đông","20.976638607675373, 105.76177110477265"
42144936,06/03/2025,"Rẻ nhất Hemisco Xa La, Hà Đông. Bán CH 2 ngủ 80m2. Đầy đủ nội thất. Cần tìm chủ mới hữu duyên",Giá thỏa thuận,80 m²,N/A,2,2,"Phúc La, Hà Đông","20.961818254214364, 105.79514049399795"
41160119,06/03/2025,"Bán căn 3 PN, 2wc. S= 80m2 full đồ. Căn góc dự án chung cư Xuân Mai Complex Dương Nội",Giá thỏa thuận,80 m²,N/A,3,2,"Dương Nội, Hà Đông","20.9798679351807, 105.743919372559"
42346417,06/03/2025,Bán căn hộ chung cư Văn Khê Hà Đông 90m2 3pn 2wc chỉ hơn 4 tỷ,Giá thỏa thuận,90 m²,N/A,3,2,"La Khê, Hà Đông","20.9723581609537, 105.76305455267965"
42235889,06/03/2025,"Bán căn hộ 3PN view đẹp tại KĐT Xa La, 3,48 tỷ, 84m2, SĐCC, Lh 0373 668 ***","3,48 tỷ",84 m²,"41,43 tr/m²",3,2,"Phúc La, Hà Đông","20.9622931047076, 105.792637283176"
42217391,06/03/2025,"Căn hộ chung cư đẹp tại KĐT Xa La, 83m2, 2PN 2 vệ sinh, sổ đỏ lâu dài, giá 3,3x tỷ Lh 0373 668 ***","3,39 tỷ",83 m²,"40,84 tr/m²",2,2,"Phúc La, Hà Đông","20.9622591209335, 105.792398912057"
42346233,06/03/2025,"Bán căn hộ 2PN, 2VS SĐCC full NT, giá chỉ 3X tại KĐT Xala, Phúc La, Hà Đông. LH 0904 590 ***","3,19 tỷ",68 m²,"46,91 tr/m²",2,2,"Phúc La, Hà Đông","20.962005722595332, 105.79270294324468"
42312914,06/03/2025,"Chính chủ bán căn cc 68m2 Kpark Văn Phú Hà Đông tầng trung, view công viên",Giá thỏa thuận,68 m²,N/A,2,2,"Phúc La, Hà Đông","20.9599705922078, 105.7923321277243"
42235541,06/03/2025,"Giá Rẻ Nhất Thị Trường! Bán Căn hộ 63m 2N2W Chỉ 4x tỷ Tại Thiên Niên Kỷ , Nhà Full Nội Thất, Sẵn Sổ",Giá thỏa thuận,63 m²,N/A,2,1,"Quang Trung, Hà Đông","20.97346287008919, 105.77842455116367"
37856248,06/03/2025,"Bán căn 2 PN, 2wc. S = 62m2 có đồ. Gía 3,1x tỷ. Dự án chung cư Xuân Mai complex Dương Nội","3,15 tỷ",62 m²,"50,81 tr/m²",2,2,"Yên Nghĩa, Hà Đông","20.9597759246826, 105.741882324219"
42220796,06/03/2025,"Bán chung cư Samsora Cầu Am 75m2, 2 ngủ, 2vs, nội thất vip chỉ 3.x tỷ","3,92 tỷ",75 m²,"52,27 tr/m²",2,2,"Quang Trung, Hà Đông","20.9750679558686, 105.777467694063"
42302155,06/03/2025,"Bán chung cư Samsora Cầu Am, 91m2, 3 ngủ, 2 vs chỉ 4.48 tỷ","4,48 tỷ",91 m²,"49,23 tr/m²",3,2,"Quang Trung, Hà Đông","20.975152118062038, 105.77759391944811"
42308781,06/03/2025,"Tôi cần bán chung cư SDU Trần Phú 66m2, 2 ngủ, 2 vs chỉ 3.09 tỷ","3,09 tỷ",66 m²,"46,82 tr/m²",2,2,"Văn Quán, Hà Đông","20.9774992610641, 105.784551080278"
41882753,06/03/2025,"Bán nhanh căn hộ Kđt Văn Khê, Hà đông. Dt 95m full nội thất - Giá tốt chỉ 4.1 tỷ. Lh 0967 154 ***","4,1 tỷ",110 m²,"37,27 tr/m²",2,2,"La Khê, Hà Đông","20.971793292186273, 105.76191444771604"
41999853,06/03/2025,"Bán nhanh căn hộ CT5C Văn Khê, dt 86m, 3PN full nội thất, có nốt xe ô tô. Giá 4.2 tỷ lh 0967 154 ***","4,2 tỷ",86 m²,"48,84 tr/m²",3,2,"La Khê, Hà Đông","20.972461754744906, 105.76357369294716"
42295485,06/03/2025,"Chính chủ bán gấp CH - 78m2 - 2PN ban công Đông Nam, full nội thất ở GoldSilk Complex, giá 4,6 tỷ","4,6 tỷ",78 m²,"58,97 tr/m²",2,2,"Vạn Phúc, Hà Đông","20.977885998805327, 105.772158151448"
42303728,06/03/2025,Quỹ hàng đẹp The Charm An Hưng giá siêu hấp dẫn. LH 0968 771 ***,"4,2 tỷ",54 m²,"77,78 tr/m²",2,2,"La Khê, Hà Đông","20.974545991295813, 105.76047412449824"
41207194,06/03/2025,"Gia đình cần bán căn hộ 154m2 giá 8.4 tỷ tại Mulberry Lane Hà Đông, 3 ngủ 2 wc, bao phí sang tên","8,47 tỷ",154 m²,55 tr/m²,3,2,"Mỗ Lao, Hà Đông","20.9865188598633, 105.786399841309"
42322997,06/03/2025,"Bán căn hộ The Charm - An Hưng - Tố Hữu -2PN,2WC ( Lh: 0962 991 ***)",Giá thỏa thuận,72 m²,N/A,2,2,"La Khê, Hà Đông","20.974033317854254, 105.76022997711159"
40917270,06/03/2025,"Chính chủ gửi bán căn hộ tòa CT1 Xa La 100m2, 3PN, Sổ đỏ. LH 0378 884 *** giá chỉ 4,2x tỷ","4,29 tỷ",104 m²,"41,25 tr/m²",3,2,"Phúc La, Hà Đông","20.962467193603516, 105.79236602783203"
42247074,06/03/2025,"Siêu rẻ, căn hộ tầng trung tòa CT5 Xa La 72m2, 2PN, sổ đỏ, giá 3,15 tỷ, full NT đẹp. LH 0378 884 ***","3,15 tỷ",72 m²,"43,75 tr/m²",2,2,"Phúc La, Hà Đông","20.9631537831721, 105.792124452875"
42274130,06/03/2025,"Bán CC đẹp tại HPC Landmark 105, 6,15 tỷ, 106m2, 3PN, 2WC","6,15 tỷ",106 m²,"58,02 tr/m²",3,2,"La Khê, Hà Đông","20.973596989700315, 105.75853427703842"
42345599,06/03/2025,"Bán gấp căn hộ ct12 văn phú 2PN, 4,29 tỷ, 70m2 tại phố Văn Khê, Phú La, Hà Đông","4,29 tỷ",70 m²,"61,29 tr/m²",2,2,"Phú La, Hà Đông","20.95753534927548, 105.76970927417278"
42313122,05/03/2025,"Duy nhất 1 căn 2 ngủ 1 VS 54m2 - tòa CT4 KĐT Xa La. Sổ hồng, hướng mát giá siêu rẻ",Giá thỏa thuận,54 m²,N/A,2,1,"Phúc La, Hà Đông","20.9626820175306, 105.791446805646"
42345266,05/03/2025,"Chính chủ cần bán căn 3N toà HPC Landmark 105 Tố Hữu, Hà Đông","5,5 tỷ","89,7 m²","61,32 tr/m²",3,2,"La Khê, Hà Đông","20.9744683703713, 105.758978891625"
42345171,05/03/2025,"Chính chủ cần bán CC Usilk City diện tích 94m2, 3PN + 2WC, full nội thất","4,95 tỷ",94 m²,"52,66 tr/m²",3,2,"La Khê, Hà Đông","20.974672117106586, 105.76006412088825"
41959810,05/03/2025,"Bán căn hộ chung cư The Pride. Diện tích 90m2 gồm 3PN, 2 VS. Giá rẻ nhất thị trường chỉ 4.65 tỷ","4,65 tỷ",90 m²,"51,67 tr/m²",3,2,"La Khê, Hà Đông","20.97631524310454, 105.76158238501112"
42245614,05/03/2025,Em cần bán căn 3 ngủ 90.7m2 tầng trung víp toà The Terra An Hưng,"6,25 tỷ","90,7 m²","68,91 tr/m²",3,2,"La Khê, Hà Đông","20.972561136353047, 105.75686294472766"
41070323,05/03/2025,"Bán căn hộ Mipec Hà Đông, sổ đỏ 60m2, 2ngủ 2vs, full nội thất và đồ điện tử, nhà đẹp vào ở ngay","2,34 tỷ",60 m²,39 tr/m²,2,2,"Kiến Hưng, Hà Đông","20.952529907226562, 105.79031372070312"
39728918,05/03/2025,"Chính chủ bán căn 3 ngủ 74m2 The Vesta Phú Lãm, Hà Đông - đủ đồ - view đẹp",Giá thỏa thuận,74 m²,N/A,3,2,"Phú Lãm, Hà Đông","20.94576571421879, 105.75613762360032"
42344888,05/03/2025,"Chính chủ bán nhanh chung cư Sông Nhuệ - Sails Tower 78m2 - Đông Nam - Giá 3,x tỷ",Giá thỏa thuận,78 m²,N/A,2,2,"Kiến Hưng, Hà Đông","20.959199896585, 105.798693960192"
42139172,05/03/2025,"Bán căn hộ 4PN, 3WC, 112m2 tại CT2 Yên Nghĩa, Nhà đã có nội thất cơ bản LH 0862 578 ***","4,3 tỷ",112 m²,"38,39 tr/m²",4,3,"Yên Nghĩa, Hà Đông","20.953769658577144, 105.7415293083531"
40280189,05/03/2025,Chính chủ: Bán gấp căn hộ 2 ngủ tầng trung tòa B Sails Tower Sông Nhuệ - Nội thất như ảnh,Giá thỏa thuận,61 m²,N/A,2,1,"Kiến Hưng, Hà Đông","20.959997177124, 105.798553466797"
41358451,05/03/2025,"Chính chủ bán gấp căn hộ CT1 Yên Nghĩa 67m2 giá chỉ 3, xx tỷ, pháp lý đầy đủ, Hà Đông",Giá thỏa thuận,67 m²,N/A,2,2,"Yên Nghĩa, Hà Đông","20.9543895721436, 105.744567871094"
42132219,05/03/2025,"Bán căn hộ chung cư 67m2 2PN 2VS 2 ban công tại The Vesta, Phú Lãm, Hà Đông giá tốt nhất thị trường","3,2 tỷ",67 m²,"47,76 tr/m²",2,2,"Phú Lãm, Hà Đông","20.946456534901177, 105.75592887467876"
41415432,05/03/2025,"Chính chủ bán căn hộ 2 pn đầy đủ nội thất tại chung cư CT3 Yên Nghĩa, Hà Đông",Giá thỏa thuận,73 m²,N/A,2,1,"Yên Nghĩa, Hà Đông","20.95551300048828, 105.74464416503906"
40750567,05/03/2025,"Bán căn 2 PN, 2WC S= 68m2, giá 3.x tỷ. Full đồ dự án Ct1 Bộ Tư Lệnh Thủ Đô, Yên Nghĩa, Hà Đông",Giá thỏa thuận,68 m²,N/A,2,2,"Yên Nghĩa, Hà Đông","20.954751733560812, 105.74471712018948"
42298098,05/03/2025,Ra mắt dự án chung cư THE CHARM AN HƯNG Hà Đông 2025 giá chỉ 70tr/m2,Giá thỏa thuận,66 m²,N/A,2,2,"La Khê, Hà Đông","20.9748330256997, 105.759852368127"
41797344,05/03/2025,Cần TIền Giảm Giá 300tr Bán Nhanh Trong Tháng 3/2025,4 tỷ,79 m²,"50,63 tr/m²",2,2,"Phúc La, Hà Đông","20.96904075812986, 105.78656075131823"
42344628,05/03/2025,Chính chủ bán căn hộ La Casta Văn Phú Hà Đông Dt: 112m2 nguyên bản LH: 0929 656 ***,Giá thỏa thuận,112 m²,N/A,3,2,"Phú La, Hà Đông","20.964271254489248, 105.76317340632468"
42344594,05/03/2025,"Bán căn hộ 2PN, 2WC, 73m2 tại KĐT Xa La, 2,09 tỷ, tòa CT6 Hà Đông, Hà Nội","2,09 tỷ",73 m²,"28,63 tr/m²",2,2,"Phúc La, Hà Đông","20.9627354112556, 105.79154163834"
41269813,05/03/2025,"Chính chủ gửi bán căn hộ 3 ngủ chung cư The Pride Hải Phát nội thất mới đẹp, sổ đỏ lâu dài, TK đẹp","5,3 tỷ",90 m²,"58,89 tr/m²",3,2,"La Khê, Hà Đông","20.9760246276855, 105.761596679688"
42344565,05/03/2025,"Bán nhanh căn hộ 70m2, 2 phòng ngủ tòa chung cư Sông Nhuệ - Sails Tower - Sổ đỏ chính chủ. 3,1x tỷ","3,19 tỷ",70 m²,"45,57 tr/m²",2,1,"Kiến Hưng, Hà Đông","20.9599905240111, 105.798516486092"
42344530,05/03/2025,"Chính chủ bán căn hộ 1615 CT3 Yên Nghĩa, 73m2, sổ đỏ chính chủ. Full nội thất",Giá thỏa thuận,73 m²,N/A,2,1,"Yên Nghĩa, Hà Đông","20.95528317290238, 105.74456915570165"
42302870,05/03/2025,"Bán căn hộ chung cư tại The Terra An Hưng, giá cực chất 5,7 tỷ, 91m2, view đẹp","5,7 tỷ",91 m²,"62,64 tr/m²",3,2,"La Khê, Hà Đông","20.972735503536, 105.756833260858"
42344393,05/03/2025,"Bán CH 3PN 2WC tại FLC Star Tower, 4,8 tỷ, 93m2, Hà Đông, Hà Nội","4,8 tỷ",93 m²,"51,61 tr/m²",3,2,"Quang Trung, Hà Đông","20.962675297398473, 105.76535830022891"
39782835,05/03/2025,"Chính chủ bán gấp căn CC Văn Khê, 105m, FULL NT, xách va li về ở, giá RẺ",Giá thỏa thuận,105 m²,N/A,2,2,"La Khê, Hà Đông","20.972412109375, 105.76152801513672"
42344378,05/03/2025,"Bán chung cư Nàng Hương 583 Nguyễn Trãi, mới, full đồ, dt 110m2, 3 ngủ, 2vs, giá 5.7tỷ 0962 797 ***","5,7 tỷ",110 m²,"51,82 tr/m²",3,2,"Văn Quán, Hà Đông","20.984941663691163, 105.79562405188335"
42260177,05/03/2025,"Căn hộ đẹp, nhiều tiện ích tại KĐT Xa La, Hà Đông 2,4x tỷ, 55m2 sổ đỏ lâu, dài hỗ trợ vay ngân hàng","2,49 tỷ",55 m²,"45,27 tr/m²",2,1,"Phúc La, Hà Đông","20.96241419883928, 105.79148676464449"
42321955,05/03/2025,"Bán gấp CC 2PN, 75m2 SĐCC tại Toà CT5 KĐT Xa La, Hà Đông, giá nhỉnh 3 tỷ",Giá thỏa thuận,75 m²,N/A,2,2,"Phúc La, Hà Đông","20.9625124712033, 105.79237327240536"
42321898,05/03/2025,"Bán gấp căn góc 3PN, 2WC, 104m2 SĐCC, NT full đồ giá 2,4x KĐT Xa La, Phúc La, Hà Đông, Hà Nội",Giá thỏa thuận,104 m²,N/A,3,2,"Phúc La, Hà Đông","20.962456241008507, 105.79266191415911"
42344282,05/03/2025,"Bán CH 2PN, 2WC, 77m2 tại Văn Phú Victoria, 4,3 tỷ siêu hời","4,3 tỷ",77 m²,"55,84 tr/m²",2,2,"Phú La, Hà Đông","20.959848131980568, 105.76866468308855"
42344261,05/03/2025,"Bán Chung cư Mini Vạn Phúc DT: 74m2 Mt: 4,5 mét gồm 17 phòng khép kín thang máy doanh thu 750tr/năm",12 tỷ,74 m²,"162,16 tr/m²",17,N/A,"Vạn Phúc, Hà Đông","20.9751474729818, 105.786993709354"
42344014,05/03/2025,BÁN CCMINI KĐT GALAXY VẠN PHÚC -- LÔ GÓC 17 PHÒNG  DOANH THU ~ 1 TỶ/NĂM  THANG MÁY HIỆN ĐẠI,Giá thỏa thuận,80 m²,N/A,N/A,N/A,"Vạn Phúc, Hà Đông","20.9801911470011, 105.771889716234"
40562312,05/03/2025,Chính chủ cần bán căn hộ 78m2 tại tòa Samsora thiết kế: 3 ngủ 2 vệ sinh,"4,6 tỷ",82 m²,"56,1 tr/m²",3,2,"Quang Trung, Hà Đông","20.973217010498, 105.778854370117"
42310369,05/03/2025,"Bán gấp căn hộ vuông góc tại Samsora Premier, Hà Đông. Sẵn sổ, full đồ. Giá: 4.1 tỷ","4,1 tỷ",70 m²,"58,57 tr/m²",2,2,"Quang Trung, Hà Đông","20.9749790990441, 105.776282980972"
42344078,05/03/2025,"Bán 2N Xuân Mai Tower - CT2 Tô Hiệu, Tô Hiệu, tầng trung, hướng mát",Giá thỏa thuận,61 m²,N/A,N/A,N/A,"Hà Cầu, Hà Đông","20.9626566489481, 105.77359082708"
42344127,05/03/2025,"Bán CC The Pride, 4,2 tỷ, 74m2, 2PN, 2WC, Đông Nam, Hà Đông, HN","4,2 tỷ",74 m²,"56,76 tr/m²",2,2,"La Khê, Hà Đông","20.976133520887355, 105.76184638796586"
38519637,05/03/2025,"Bán căn góc 75m2 The Pride - Tố Hữu 2PN, 2VS full đồ đẹp lung linh - giá tốt nhất thị trường",Giá thỏa thuận,75 m²,N/A,2,2,"La Khê, Hà Đông","20.9760246276855, 105.761596679688"
42344001,05/03/2025,"Bán gấp CC Mulberry Lane, Mỗ Lao, Hà Đông, 8,2 tỷ, 154m2, chính chủ hàng hot (LH ngay: 0945 566 ***)","8,2 tỷ",154 m²,"53,25 tr/m²",3,2,"Mỗ Lao, Hà Đông","20.986452992215224, 105.78656749580705"
42231839,05/03/2025,"Bán chung cư Xuân Mai Riverside l- Hà Đông,dt 93m, 3ngủ, 2 vs, sđcc, giá 5.59 tỷ Lh 0962 797 ***","5,59 tỷ",93 m²,"60,11 tr/m²",3,2,"Mỗ Lao, Hà Đông","20.985188271877217, 105.77905238588737"
41437026,05/03/2025,"Chính chủ bán căn 2pn - 80m tại Season Avenue - Mỗ Lao - Hà Đông. Đầy đủ nội thất. Giá thật 5,1 tỷ","5,1 tỷ",80 m²,"63,75 tr/m²",2,2,"Mỗ Lao, Hà Đông","20.987026214599609, 105.78683471679688"
41275763,05/03/2025,"Chính chủ bán CC Seasons Avenue - Mỗ Lao - Hà Đông. DT 121m - 3PN. Đầy đủ nội thất. Giá thật 7,7 tỷ","7,7 tỷ",121 m²,"63,64 tr/m²",3,2,"Mỗ Lao, Hà Đông","20.987026214599609, 105.78683471679688"
41751559,05/03/2025,"Gia đình bán căn 74m2 (2N 2W) tại The Terra An Hưng, Hà Đông. Sẵn sổ, full đồ. Giá 4.7 tỷ","4,7 tỷ",74 m²,"63,51 tr/m²",2,2,"La Khê, Hà Đông","20.9727649688721, 105.756698608398"
31537422,05/03/2025,"Chính chủ bán căn hộ 3PN, DT 116m2 chung cư Season Avenue, giá 7 tỷ bao phí, LH 0932 392 ***",7 tỷ,116 m²,"60,34 tr/m²",3,2,"Mỗ Lao, Hà Đông","20.987026214599609, 105.78683471679688"
42338861,05/03/2025,Booyoung CT7 - 12 tỷ - 120m2 - 3 ngủ - 3wc,12 tỷ,120 m²,100 tr/m²,3,3,"Mỗ Lao, Hà Đông","20.9825741558752, 105.783333591573"
42311917,05/03/2025,"Bán CC HUD3 số 121 tô hiệu, Hà Đông, diện tích 120m2, 3PN, Ban công Đông Nam giá 6,6 tỷ VND","6,6 tỷ",120 m²,55 tr/m²,3,2,"Quang Trung, Hà Đông","20.9655007930167, 105.77544431783"
42343553,05/03/2025,"Bán chung cư Booyoung, Mỗ Lao Hà Đông, 107m2 3pn 6.95 tỷ, mới đẹp - Full nội thất","6,95 tỷ",107 m²,"64,95 tr/m²",3,2,"Mỗ Lao, Hà Đông","20.983503631958605, 105.78351601638391"
42343324,05/03/2025,Chính chủ cần chuyển nhượng căn hộ 2 PN - 92 m2 dự án Sunlake. Cam kết rẻ hơn thị trường 300 tr,Giá thỏa thuận,92 m²,N/A,2,N/A,"Văn Quán, Hà Đông","20.979517407483673, 105.78684648279946"
42285415,05/03/2025,(Duy nhất tháng này) đặt chỗ 5 suất ưu tiên mua The Charm An Hưng giá nội bộ đặc biệt,Giá thỏa thuận,55 m²,N/A,2,2,"La Khê, Hà Đông","20.974796417524374, 105.76012991887907"
41672679,05/03/2025,"VỢ CHỒNG TÔI CẦN BÁN CĂN HỘ 3 NGỦ 120M2 TẦNG ĐẸP GOLDSILK GIÁ CỰC TỐT, NỘI THẤT FULL, SỔ ĐỎ SẴN","6,45 tỷ",120 m²,"53,75 tr/m²",3,2,"Vạn Phúc, Hà Đông","20.978439331054688, 105.77264404296875"
40251130,05/03/2025,"Chính chủ bán gấp căn 47m2, 2PN, 1WC siêu hút gió chung cư Sông Nhuệ - Sails Tower LK KĐT Xa La","2,45 tỷ",47 m²,"52,13 tr/m²",2,1,"Kiến Hưng, Hà Đông","20.959997177124, 105.798553466797"
42308352,05/03/2025,"Chính chủ cần bán căn 112m2 toà A chung cư La Casta, nt nguyên bản CĐT, hướng mát, LH: 0968 797 ***","7,6 tỷ",112 m²,"67,86 tr/m²",3,2,"Phú La, Hà Đông","20.962764809062172, 105.76234944209493"
42342848,05/03/2025,"Nhà đẹp - giá tốt - Cần bán căn hộ, chung cư 89 Phùng Hưng, Phường Phúc La, Quận Hà Đông, TP Hà Nội","4,95 tỷ",96 m²,"51,56 tr/m²",3,2,"Phúc La, Hà Đông","20.970100146069107, 105.78509158240934"
42181184,05/03/2025,"Bán căn hộ 77m2, 2 ngủ, 2 vệ sinh, khu 6 toà gần bể bơi, gần trường Tuệ Đức. Ảnh thật 100%",Giá thỏa thuận,77 m²,N/A,2,2,"Kiến Hưng, Hà Đông","20.93933371580282, 105.78679846488933"
41988211,05/03/2025,"Chính chủ e cần bán gấp căn 3 phòng ngủ tòa CT8D Dương Nội, dt 86m, full nội thất vào ở luôn",Giá thỏa thuận,86 m²,N/A,3,2,"Dương Nội, Hà Đông","20.97992594662691, 105.74446278869604"
40790376,05/03/2025,"Cần bán căn 49m2 tòa HH2 Xuân Mai Complex, TK 1.5N sẵn nội thất ở luôn",Giá thỏa thuận,49 m²,N/A,2,1,"Yên Nghĩa, Hà Đông","20.9597759246826, 105.741882324219"
42342610,05/03/2025,"Thiện chí bán gấp căn hộ 53m2, 2PN giá 2,5x tỷ chung cư CT4 Xa La, Hà Đông. Full nội thất","2,58 tỷ",53 m²,"48,68 tr/m²",2,1,"Phúc La, Hà Đông","20.96252546347888, 105.79236535450724"
42201519,05/03/2025,Cần bán gấp căn 107m2 tòa Ct7 Dương Nội. 3PN sẵn nội thất. Giá 4. Xx tỷ,Giá thỏa thuận,107 m²,N/A,3,2,"Dương Nội, Hà Đông","20.979523100836673, 105.74346110897233"
42224678,05/03/2025,"GĐ cần bán gấp căn hộ CT8A KĐT Dương Nội, dt 86m2, 3 phòng ngủ, full nội thất mới tinh, vào ở luôn",Giá thỏa thuận,86 m²,N/A,3,2,"Dương Nội, Hà Đông","20.97966203121191, 105.74365237802466"
42273332,05/03/2025,"Chính chủ cần bán gấp căn hộ CT8 KĐT Dương Nội, diện tích 123m2, 3PN full nội thất mới đẹp thiết kế",Giá thỏa thuận,123 m²,N/A,3,2,"Dương Nội, Hà Đông","20.980090624090046, 105.74368287051166"
42185472,05/03/2025,"Chính chủ bán căn tầng 20 HH2A Xuân Mai, dt 65m2, 2Pn 2vs. Full nội thất. Lh 0383 256 ***",Giá thỏa thuận,65 m²,N/A,2,2,"Yên Nghĩa, Hà Đông","20.959054103574882, 105.74227786496695"
42185658,05/03/2025,"Chính chủ cần bán gấp căn 1.5N HH2 Xuân Mai Complex, dt 49m2 LH 0383 256 ***",Giá thỏa thuận,49 m²,N/A,1,1,"Yên Nghĩa, Hà Đông","20.959818324103978, 105.74253708346757"
42141071,05/03/2025,"Cần bán gấp căn hộ 56.5m2 CT7 Dương Nội, 2PN. Nhà sạch đẹp sẵn nội thất, giá 2.x tỷ",Giá thỏa thuận,"56,5 m²",N/A,2,1,"Dương Nội, Hà Đông","20.979733332492, 105.743247550782"
41666590,05/03/2025,"Cần bán gấp căn hộ 2PN tòa CT7B Dương Nội, DT 56.5m2 sẵn nội thất ở luôn",Giá thỏa thuận,56 m²,N/A,2,1,"Dương Nội, Hà Đông","20.979867935180664, 105.7439193725586"
39738810,05/03/2025,Cần bán căn hộ 2 ngủ chung cư Booyoung CT4 74m2,Giá thỏa thuận,74 m²,N/A,2,2,"Mỗ Lao, Hà Đông","20.983375549316406, 105.78353118896484"
40704738,05/03/2025,"Bán căn hộ 90m2, 3pn, 2VS CC Terra An Hưng. Full nội thất đẹp. Giá bán 5 tỷ tầng trung, hướng đẹp",5 tỷ,90 m²,"55,56 tr/m²",3,2,"Dương Nội, Hà Đông","20.9743461608887, 105.754165649414"
40447427,05/03/2025,"Hàng hiếm! Chính chủ cần bán gấp căn hộ 95m2 giá 5,2ty với 3PN 2W tại Seasons Avenue","5,2 tỷ",95 m²,"54,74 tr/m²",3,2,"Mỗ Lao, Hà Đông","20.9870262145996, 105.786834716797"
38020164,05/03/2025,"Bán căn hộ 4 ngủ chung cư Mulberry Lane, giá nhỉnh 6 tỷ","6,9 tỷ",120 m²,"57,5 tr/m²",4,N/A,"Mỗ Lao, Hà Đông","20.986518859863281, 105.78639984130859"
42342428,05/03/2025,"Bán CC Samsora Premier, 4,8 tỷ, 82m2, 3PN, 2VS, hàng hot","4,8 tỷ",82 m²,"58,54 tr/m²",3,2,"Quang Trung, Hà Đông","20.974327256895, 105.776689010625"
41725639,05/03/2025,"Bán căn hộ 2 ngủ sửa chữa đẹp tại ct5 Xa La, 68.11m2, sổ đỏ giá 3.35 tỷ LH 0878 800 ***","3,35 tỷ","68,11 m²","49,18 tr/m²",2,2,"Phúc La, Hà Đông","20.9624671936035, 105.792366027832"
42214459,05/03/2025,"Bán căn hộ 2 ngủ 70m2, 2vs tại chung cư CT6A Xa La","2,89 tỷ",70 m²,"41,29 tr/m²",2,2,"Phúc La, Hà Đông","20.9626943630535, 105.792046799511"
42342286,05/03/2025,"Bán căn hộ Vinaconex 21, Ba La, Hà Đông, 108 m2, đẹp xuất sắc, nhiều tiện ích","4,6 tỷ",108 m²,"42,59 tr/m²",3,2,"Phú La, Hà Đông","20.9570003742759, 105.756976927337"
42342168,05/03/2025,"Bán CC 3PN, 2WC, 130m2 tại Xuân Mai Tô Hiệu, Hà Cầu, Hà Đông, giá nhỉnh sáu tỉ, full nội thất đẹp",Giá thỏa thuận,130 m²,N/A,3,2,"Hà Cầu, Hà Đông","20.962623738667347, 105.77358568460242"
36565459,05/03/2025,"Chính chủ bán căn góc A9 và B11, B3 ban công Đông Nam - Đông Bắc - Tòa Thiên Niên Kỷ",Giá thỏa thuận,86 m²,N/A,2,2,"Quang Trung, Hà Đông","20.9733200073242, 105.778282165527"
40157897,05/03/2025,Chính chủ bán căn 2 ngủ 1vs tầng đẹp giá 4x tỷ Lh: 0916 256 ***,Giá thỏa thuận,60 m²,N/A,2,1,"Quang Trung, Hà Đông","20.9733200073242, 105.778282165527"
42341874,05/03/2025,"Mở bán chung cư The Charm An Hưng, ký HĐMB luôn. 0985 999 ***",Giá thỏa thuận,54 m²,N/A,2,N/A,"La Khê, Hà Đông","20.974787257759615, 105.7615964520232"
42316850,05/03/2025,"Bán căn hoa hậu B26.04 Anland LakeView, 3 PN, 2 ban công sân vườn, view hồ Thiên văn, full nội thất","7,8 tỷ",112 m²,"69,64 tr/m²",3,2,"Dương Nội, Hà Đông","20.9830692388079, 105.757356157948"
42342002,05/03/2025,Chính Chủ cần bán CHCC Văn Khê mới hoàn thiện,"5,15 tỷ",106 m²,"48,58 tr/m²",3,2,"La Khê, Hà Đông","20.9721966261624, 105.761145026615"
42110007,05/03/2025,Bán nhanh căn hộ FLC 2PN 2WC ban công Đông Nam,"3,8 tỷ",79 m²,"48,1 tr/m²",2,2,"Quang Trung, Hà Đông","20.9622850019717, 105.765536626922"
41705398,05/03/2025,"Bán nhà đẹp! DT 86m2 2PN Landmark HPC Văn Khê, Hà Đông. Giá: 5 tỷ",5 tỷ,86 m²,"58,14 tr/m²",2,2,"La Khê, Hà Đông","20.9736671447754, 105.758712768555"
41671971,05/03/2025,Bán căn hộ 62m2 rẻ nhất tòa Thiên Niên Kỷ,4 tỷ,62 m²,"64,52 tr/m²",2,1,"Quang Trung, Hà Đông","20.97332, 105.77828"
41668215,05/03/2025,Cần bán căn hộ 3pn đẹp nhất tại chung cư Samsora Hà Đông,"4,5 tỷ",83 m²,"54,22 tr/m²",3,2,"Quang Trung, Hà Đông","20.973217010498, 105.778854370117"
42341598,05/03/2025,"Bán CC CT4 Yên Nghĩa Bộ Tư Lệnh Thủ Đô tầng 10 dt: 90m2 3pn 2wc 2 bc giá 4,2 tỷ","4,2 tỷ",90 m²,"46,67 tr/m²",3,2,"Yên Nghĩa, Hà Đông","20.953864532326, 105.741219830914"
42341766,05/03/2025,"Rẻ nhất CT3 The Pride, Hà Đông - Bán CH 73m2 full nội thất. Chỉ nhỉnh 3.7 tỷ",Giá thỏa thuận,73 m²,N/A,2,2,"La Khê, Hà Đông","20.97674813736035, 105.76180215550448"
42341440,05/03/2025,"Siêu hiếm! Căn 91m2 duy nhất có HTLS 0% 18 tháng giá chỉ 4, x tỷ",Giá thỏa thuận,91 m²,N/A,3,2,"Văn Quán, Hà Đông","20.980011667582417, 105.78693195151392"
42341427,05/03/2025,Bán căn hộ tầng đẹp 100.5m2 An Lạc Nam La Khê sổ đỏ chính chủ lh em định 0878 800 ***,"4,7 tỷ",100 m²,47 tr/m²,2,2,"Quang Trung, Hà Đông","20.96501702886777, 105.76455707433283"
40948633,05/03/2025,"Hàng hiếm! Giá cực tốt, bán gấp căn hộ 77m2 tòa CT10 đại thanh giá 2.8 tỷ, full NT. LH 0981 780 ***","2,5 tỷ",77 m²,"32,47 tr/m²",3,3,"Phúc La, Hà Đông","20.9624671936035, 105.792366027832"
40766173,05/03/2025,"Chính chủ cần bán căn hộ tòa SDU 68m2, 2pn, view thoáng, giá chỉ 3.X tỷ",Giá thỏa thuận,68 m²,N/A,2,2,"Văn Quán, Hà Đông","20.97731590270996, 105.78495788574219"
40938832,05/03/2025,"Bán nhanh căn hộ 98.6m2 trung tâm KDT Xa La, full nội thất dọn vào ở ngay. Nhà ở cực kỳ có lộc",Giá thỏa thuận,"98,6 m²",N/A,3,2,"Kiến Hưng, Hà Đông","20.959997177124, 105.798553466797"
41559485,05/03/2025,"Chính chủ cần bán căn hộ 60m2 ( 2N- 1W ) toà Thiên Niên Kỷ. Tầng trung, sẵn sổ, full nội thất",4 tỷ,60 m²,"66,67 tr/m²",2,1,"Quang Trung, Hà Đông","20.973320007324219, 105.77828216552734"
41558046,05/03/2025,"Chính chủ cần bán căn hộ 145m2 (4n - 2w) toà HPC Landmark. Tầng trung sẵn sổ, full nội thất xịn đẹp","6,9 tỷ",145 m²,"47,59 tr/m²",4,2,"La Khê, Hà Đông","20.97366714477539, 105.75871276855469"
41558602,05/03/2025,"(Giá thật) tôi cần bán căn hộ 97m2 (4n - 2w) toà Terra An Hưng Dương Nội. Sẵn sổ, full nội thất","6,5 tỷ",97 m²,"67,01 tr/m²",4,2,"Dương Nội, Hà Đông","20.974346160888672, 105.75416564941406"
41143572,05/03/2025,"Chính chủ cần bán căn hộ 110m2 (3n - 2w) toà FLC Quang Trung. Full nội thất, sẵn sổ giao dịch","4,7 tỷ",110 m²,"42,73 tr/m²",3,2,"Quang Trung, Hà Đông","20.9625549316406, 105.765251159668"
41559401,05/03/2025,"Chính chủ cần bán căn hộ 100m (3n - 2w) toà Thiên Niên Kỷ. Tầng trung, sẵn sổ, full nội thất",6 tỷ,100 m²,60 tr/m²,3,2,"Quang Trung, Hà Đông","20.9733200073242, 105.778282165527"
42315817,05/03/2025,"CHÍNH CHỦ CẦN BÁN CĂN HỘ 78m ( 3N-2W ) TOÀ SAMSORA VẠN PHÚC. TẦNG TRUNG, SẴN SỔ, FULL NỘI THẤT MỚI","4,5 tỷ",78 m²,"57,69 tr/m²",3,2,"Quang Trung, Hà Đông","20.975078068036225, 105.77716384214561"
42341260,05/03/2025,"Bán CC 63m2 2PN 2WC tại KĐT Xa La, 3,1 tỷ, Hà Đông, Hà Nội","3,1 tỷ",63 m²,"49,21 tr/m²",2,2,"Phúc La, Hà Đông","20.9631521207961, 105.792820348409"
41559110,05/03/2025,"Chính chủ cần bán căn hộ 80m2 (2n - 2w) toà The Pride Tố Hữu. Tầng trung, sẵn sổ, full nội thất","3,8 tỷ",80 m²,"47,5 tr/m²",2,2,"La Khê, Hà Đông","20.976024627685547, 105.7615966796875"
42315876,05/03/2025,"CHÍNH CHỦ CẦN BÁN CĂN HỘ 78m (3N-2W) TOÀ SAMSORA VẠN PHÚC HÀ ĐÔNG. SẴN SỔ, FULL NỘI THẤT SANG XỊN","4,4 tỷ",78 m²,"56,41 tr/m²",3,2,"Quang Trung, Hà Đông","20.974876017066784, 105.77715511929222"
42340895,05/03/2025,Sắp ra mắt dự án Tháp Đôi Kepler Land trung tâm hà Đông. Chiết khấu cao nhất thị trường,Giá thỏa thuận,"45,6 m²",N/A,1,1,"Mỗ Lao, Hà Đông","20.985483430037597, 105.77994636513539"
42285603,05/03/2025,(Giá thật) chính chủ bán căn góc 120m2 3PN - 3WC full nội thất mới giá 7 tỷ Goldsilk Complex,7 tỷ,120 m²,"58,33 tr/m²",3,3,"Vạn Phúc, Hà Đông","20.978261931199302, 105.7721512654478"
42341098,05/03/2025,Tìm chủ mới cho căn góc 2 ngủ 2wc 76m2 nội thất mới 100% nhận nhà ở ngay 2tỷ7xx,"2,79 tỷ",76 m²,"36,71 tr/m²",2,2,"Kiến Hưng, Hà Đông","20.939676085440215, 105.78723948458125"
42337390,05/03/2025,"Bán CC CT4 Yên Nghĩa Bộ Tư Lệnh Thủ Đô tầng 8 dt: 90m2 3pn 2wc 2 bc giá 4,2 tỷ","4,2 tỷ",90 m²,"46,67 tr/m²",3,2,"Yên Nghĩa, Hà Đông","20.954786337647004, 105.7404649706355"
42341065,05/03/2025,"Bán CC 2PN, 2WC, giá thỏa thuận, 70m2 tại SDU - 143 Trần Phú, Văn Quán, Hà Đông, HN - 0845 994 ***",Giá thỏa thuận,70 m²,N/A,2,2,"Văn Quán, Hà Đông","20.976723943389622, 105.78521184867994"
42341034,05/03/2025,"Bán CH 72m2 tại KĐT Văn Quán, giá thỏa thuận, 2PN, 1WC, hướng ĐN, ban công TB, uy tín",Giá thỏa thuận,72 m²,N/A,2,1,"Phúc La, Hà Đông","20.973768553587465, 105.78926522621636"
42340980,05/03/2025,"Bán căn hộ chung cư giá siêu hời tại KĐT Xa La, 3,3 tỷ, 68m2 LH 0845 994 ***","3,3 tỷ",68 m²,"48,53 tr/m²",2,2,"Phúc La, Hà Đông","20.96202970743269, 105.79219328865243"
42340916,05/03/2025,"Vợ chồng em cần bán chung cư Hưng Thịnh, Kiến Hưng. Căn góc, thoáng, giá 2.65 tỷ","2,65 tỷ",60 m²,"44,17 tr/m²",2,N/A,"Kiến Hưng, Hà Đông","20.952196334533816, 105.78529141158457"
42242988,05/03/2025,Tìm chủ mới cho căn hộ 2 ngủ 2wc ~62m2 đầy đủ nội thất mới 2tỷ3xx thu,"2,36 tỷ",62 m²,"38,06 tr/m²",2,2,"Kiến Hưng, Hà Đông","20.9398336316562, 105.787431126195"
42340813,05/03/2025,"Bán CC Sails Tower, Cầu Bươu, 2,45 tỷ, 47m2, view đẹp, nhiều tiện ích","2,45 tỷ",47 m²,"52,13 tr/m²",2,1,"Kiến Hưng, Hà Đông","20.96043064185173, 105.79862224136963"
42295929,05/03/2025,"(Siêu phẩm) bán căn penthouse 490m2 duy nhất tòa, giá 20.5 tỷ. Lh 0936 203 ***","20,5 tỷ",490 m²,"41,84 tr/m²",5,4,"Mỗ Lao, Hà Đông","20.986615369586058, 105.78582477608052"
42340733,05/03/2025,"Bán CC A5 Học Viện Quân Y, 71m2, giá thỏa thuận, view đẹp",Giá thỏa thuận,71 m²,N/A,2,2,"Phúc La, Hà Đông","20.969849608702365, 105.78685246356554"
42340974,05/03/2025,"Bán gấp CC 2PN + 2WC, 100m2 tại Nam La Khê, 4,7 tỷ, Hà Đông, HN","4,7 tỷ",100 m²,47 tr/m²,2,2,"La Khê, Hà Đông","20.97262165560268, 105.76176911641824"
42180999,05/03/2025,bán căn góc CT7 Văn Quán dt 76.678 m2 nhà đẹp đã sửa chữa. LH 0904 773 ***,Giá thỏa thuận,"76,68 m²",N/A,2,1,"Phúc La, Hà Đông","20.973631432336916, 105.78918467625705"
42340625,05/03/2025,"Bán CC 3PN 2WC tại Phúc La, 4,5 tỷ, 97m2, giá cực chất","4,5 tỷ",97 m²,"46,39 tr/m²",3,2,"Phúc La, Hà Đông","20.973921892484, 105.793700070926"
41584939,05/03/2025,"Chính chủ bán căn 1pn dt: 54m2 ở Thiên Niên Kỷ - Hà Đông giá cực tốt sẵn sổ, nội thất giá 3.5 tỷ","3,5 tỷ",54 m²,"64,82 tr/m²",1,1,"Quang Trung, Hà Đông","20.97332, 105.77828"
41694570,05/03/2025,"Chính chủ bán căn hộ 2PN 92m2 Tòa Tháp Thiên Niên Kỷ - Quận Hà Đông giá 5.9 tỷ, full nội thất","5,9 tỷ",93 m²,"63,44 tr/m²",2,2,"Quang Trung, Hà Đông","20.973320007324219, 105.77828216552734"
42179027,05/03/2025,"Bán căn 67.4m2 CT1 Yên Nghĩa siêu đẹp 2PN, 2VS, mua k ở cho thuê 8 triệu/tháng, siêu hời",Giá thỏa thuận,"67,4 m²",N/A,2,2,"Yên Nghĩa, Hà Đông","20.9548617148157, 105.745150691712"
42313078,05/03/2025,"Bán căn hộ chung cư đẹp tại Xuân Mai Complex, 3,25 tỷ, 62m2, 2PN, 2WC","3,25 tỷ",62 m²,"52,42 tr/m²",2,2,"Yên Nghĩa, Hà Đông","20.960214621872765, 105.74127031598387"
42340531,05/03/2025,"Bán căn hộ CC đẹp xuất sắc tại ICID Complex, Lê Trọng Tấn, Hà Đông, 3,68 tỷ, 67m2","3,68 tỷ",67 m²,"54,92 tr/m²",2,2,"Dương Nội, Hà Đông","20.98208489635002, 105.74173240674243"
42291575,05/03/2025,"Chính chủ bán căn hộ tòa Xuân Mai Complex, Hà Đông 80m2 full đồ 3PN 2VS căn góc, Hà Nội",Giá thỏa thuận,80 m²,N/A,3,2,"Yên Nghĩa, Hà Đông","20.959988418022608, 105.74231674226515"
42322352,05/03/2025,"Bán CC Xuân Mai Complex, Tố Hữu, Yên Nghĩa, 2,89 tỷ, 55m2, 2PN, 1WC, giá ưu đãi","2,89 tỷ",55 m²,"52,54 tr/m²",2,1,"Yên Nghĩa, Hà Đông","20.959076177928583, 105.74162124930012"
42325032,05/03/2025,"Bán căn hộ chung cư Xuân Mai Complex tại Tố Hữu, 2,83 tỷ, 2PN full nội thất","2,83 tỷ",55 m²,"51,46 tr/m²",N/A,N/A,"Yên Nghĩa, Hà Đông","20.959583441300147, 105.74208892775728"
41876606,05/03/2025,"Bán căn hộ 68.5m2, 2 ngủ, 2 vệ sinh, khu 11 toà. Full nội thất mới, ảnh thật 100%",Giá thỏa thuận,"68,5 m²",N/A,2,2,"Kiến Hưng, Hà Đông","20.9396985493275, 105.787289417442"
42340489,05/03/2025,"Cần bán gấp căn hộ 3 ngủ 101m2 toà CT2 Xa La, Hà Đông - nội thất cao cấp","4,9 tỷ",101 m²,"48,52 tr/m²",3,2,"Phúc La, Hà Đông","20.962768984480146, 105.79199796343069"
42340314,05/03/2025,"Khẳng định rẻ nhất toà Xuân Mai Spark Complex, 49.21m2, 2PN full nội thất, TL mạnh, giá 2.x tỷ",Giá thỏa thuận,"49,21 m²",N/A,2,1,"Dương Nội, Hà Đông","20.984504162148873, 105.7744221151589"
42340306,05/03/2025,"Bán nhà đẹp cho người tâm huyết CC Xuân Mai Complex, 62m2, 2PN, full nội thất cao cấp",Giá thỏa thuận,62 m²,N/A,2,2,"La Khê, Hà Đông","20.959667007288342, 105.74198778801004"
42340298,05/03/2025,"Bán nhà tháng ngâu, giá không đâu có tòa HH2 Xuân Mai Complex, 62m2, 2PN, full nội thất, bao tên",Giá thỏa thuận,62 m²,N/A,2,2,"Yên Nghĩa, Hà Đông","20.95982215919092, 105.74188551072135"
41943617,05/03/2025,"Nhận booking 3 suất ngoại giao 70tr/m2 dự án The Charm An Hưng, trực tiếp CĐT. Siêu phẩm Hà Đông",Giá thỏa thuận,54 m²,N/A,2,2,"La Khê, Hà Đông","20.9744876731218, 105.760541543129"
38519577,05/03/2025,"Bán nhanh CH 75m2, 2PN, 2VS ban công Đông Nam, full đồ đẹp, tầng trung nhà mới tinh",Giá thỏa thuận,75 m²,N/A,2,2,"La Khê, Hà Đông","20.976024627685547, 105.7615966796875"
42223795,05/03/2025,"Chính chủ bán 2PN 74m2 Terra full đồ xịn, hướng mát giá chỉnh nhỉnh 5 tỷ giá tốt",Giá thỏa thuận,74 m²,N/A,N/A,N/A,"La Khê, Hà Đông","20.972990133134424, 105.75690176190412"
38412610,05/03/2025,"Bán CH 145m2 (3PN, 2VS) 2 ban công mát mẻ tầng trung toà CT2, giá 5.x tỷ, full đồ đẹp xịn",Giá thỏa thuận,145 m²,N/A,3,2,"La Khê, Hà Đông","20.9760246276855, 105.761596679688"
42340067,05/03/2025,"Cần bán căn hộ 70m2 chung cư Thanh Hà Cienco 5 giá chỉ 2,2 tỉ","2,2 tỷ",70 m²,"31,43 tr/m²",2,2,"Kiến Hưng, Hà Đông","20.939432619523924, 105.78721894152942"
17639451,05/03/2025,"Gia đình bán chung cư Hyundai Hillstate, DT 136m2, 3PN, 2 VS, nhà full đồ, giá bán 8 tỷ",8 tỷ,136 m²,"58,82 tr/m²",3,2,"Hà Cầu, Hà Đông","20.963012073952946, 105.77422150542971"
34318483,05/03/2025,"Gia đình cần bán chung cư cao cấp Hyundai Hillstate, DT 103m2, 2PN, 2VS. Giá 6.8 tỷ","6,8 tỷ",103 m²,"66,02 tr/m²",2,2,"Hà Cầu, Hà Đông","20.9636821746826, 105.773704528809"
40676964,05/03/2025,Gia đình cần bán căn hộ chung cư Hyundai Hillstate (Huyndai Hillstate) Dt 136m2 gồm 3PN,"8,4 tỷ",136 m²,"61,76 tr/m²",3,2,"Hà Cầu, Hà Đông","20.9636821746826, 105.773704528809"
42094008,05/03/2025,"Bán căn hộ tại The Pride, Tố Hữu, La Khê, Hà Đông, 3,85 tỷ, 72m2","3,85 tỷ",72 m²,"53,47 tr/m²",2,2,"La Khê, Hà Đông","20.97620787096478, 105.76142462972493"
41592841,05/03/2025,"Bán căn hộ chung cư Xuân Mai Tô Hiệu. Diện tích 73m2 gồm 2pn, 2 vs. Tầng trung đẹp. Giá 4.1 tỷ","4,1 tỷ",73 m²,"56,16 tr/m²",2,2,"Hà Cầu, Hà Đông","20.962711, 105.77343"
36183643,05/03/2025,"Gia đình bán căn hộ chung cư Văn Khê, diện tích 103m2 gồm 3PN, ban công rộng, full đồ giá 4.5 tỷ","4,5 tỷ",103 m²,"43,69 tr/m²",3,2,"La Khê, Hà Đông","20.972412109375, 105.761528015137"
36437974,05/03/2025,"Gia đình cần bán căn hộ CT5 Văn Khê, diện tích 82m2, gồm 2PN, 2VS, căn góc thoáng, giá 3.85 tỷ","3,85 tỷ",82 m²,"46,95 tr/m²",3,2,"La Khê, Hà Đông","20.972412109375, 105.76152801513672"
38880576,05/03/2025,"Bán căn hộ chung cư HPC Landmark 105, diện tích 107m2 tầng trung đẹp, gồm 3PN, 2 VS, giá 5.95 tỷ","5,95 tỷ",107 m²,"55,61 tr/m²",3,2,"La Khê, Hà Đông","20.9736671447754, 105.758712768555"
41856063,05/03/2025,Độc quyền quỹ căn đẹp nhất The Charm An Hưng. Liên hệ PKD: 0976 881 ***,Giá thỏa thuận,72 m²,N/A,2,2,"La Khê, Hà Đông","20.97420663909272, 105.76061619439963"
41072782,05/03/2025,"(Giá thật) chính chủ bán căn hộ 92m2 tại Thiên Niên Kỷ, N 2W, ban công ĐN, giá 6 tỷ",6 tỷ,92 m²,"65,22 tr/m²",2,2,"Quang Trung, Hà Đông","20.9733200073242, 105.778282165527"
34874031,05/03/2025,"Gia đình cần bán gấp căn hộ Usilk City, DT 79m2, gồm 2PN, căn hộ full đồ mới đẹp, giá 4.55 tỷ","4,55 tỷ",79 m²,"57,6 tr/m²",2,2,"La Khê, Hà Đông","20.9744720458984, 105.760879516602"
41924435,05/03/2025,"Giá rẻ nhất dự án nhà tôi cần bán gấp căn hộ 86m2 3N, Samsora Hà Đông, tầng đẹp, chỉ hơn 50tr/m2","4,4 tỷ",83 m²,"53,01 tr/m²",3,2,"Quang Trung, Hà Đông","20.973126632853877, 105.77925061465574"
42043072,05/03/2025,"Gia đình cần bán căn hộ chung cư 68m2 toà CT12 Văn Phú. Gồm 2PN, 2VS. full đồ mới đẹp Giá 3.95 tỷ","3,95 tỷ",68 m²,"58,09 tr/m²",2,2,"Phú La, Hà Đông","20.95829684207977, 105.76720725235468"
41484114,05/03/2025,Bán gấp căn 56 một ngủ tòa 19T6 Kiến Hưng Hà Đông HN,Giá thỏa thuận,56 m²,N/A,2,1,"Kiến Hưng, Hà Đông","20.9502029418945, 105.791069030762"
41571755,05/03/2025,"(Hiếm) tôi cần bán căn góc TSQ Euroland, Mỗ Lao 4 ngủ 3 vệ sinh 4 ban công ĐN view hồ","11,92 tỷ",225 m²,53 tr/m²,4,3,"Mỗ Lao, Hà Đông","20.983457565307617, 105.78564453125"
41628312,05/03/2025,"Bán căn hộ chung cư The K Park. Diện tích 68m2 gồm 2PN, 2 VS. Full đồ đẹp. Giá 4.5 tỷ","4,5 tỷ",68 m²,"66,18 tr/m²",2,2,"Phúc La, Hà Đông","20.9599056243896, 105.791801452637"
41565434,05/03/2025,Bán gấp căn hộ chung cư tòa 19T4 Kiến Hưng Hà Đông giá rẻ 0973 443 ***,Giá thỏa thuận,70 m²,N/A,2,2,"Kiến Hưng, Hà Đông","20.950202941894531, 105.79106903076172"
42239058,05/03/2025,"Bán căn hộ chung cư 4PN, 3WC, 5,1 tỷ, 160m2 tại Khu đô thị Văn Khê, Hà Đông, Hà Nội giá siêu hời","5,1 tỷ",160 m²,"31,88 tr/m²",4,3,"La Khê, Hà Đông","20.97217170507869, 105.76099633516486"
41151039,05/03/2025,"Bán căn hộ góc 92m2, 3 ngủ, 2 vệ sinh. Khu 3 toà B1.3 HH03B. Full nội thất như hình, ảnh thật 100%",Giá thỏa thuận,92 m²,N/A,3,2,"Kiến Hưng, Hà Đông","20.955067802767, 105.790050974457"
41584561,05/03/2025,Chính chủ bán căn 3Ngủ Hồ Gươm Plaza- Hà Đông dt 126m2 toà A sổ lâu dài full nội thất giá 5.8 tỷ,6 tỷ,126 m²,"47,62 tr/m²",3,2,"Mỗ Lao, Hà Đông","20.9792900085449, 105.785461425781"
42339414,05/03/2025,"Bán chung cư chính chủ tại tòa nhà CT3 KĐT Văn Khê, Hà Đông","5,04 tỷ",112 m²,45 tr/m²,3,2,"La Khê, Hà Đông","20.9726176921033, 105.762178653525"
33446622,05/03/2025,"Bán căn hai ngủ 50. dự án Mipec Kiến Hưng, Hà Đông. LH: 0973 443 ***",Giá thỏa thuận,"50,8 m²",N/A,2,1,"Kiến Hưng, Hà Đông","20.952529907226563, 105.79031372070313"
42339373,05/03/2025,"Chính chủ bán căn hộ 68.35m2, 2 ngủ 2wc đầy đủ nội thất nhận nhà ở ngay giá 2tỷ5xx","2,52 tỷ","68,35 m²","36,87 tr/m²",2,2,"Kiến Hưng, Hà Đông","20.93978565937856, 105.7874419241804"
42287255,05/03/2025,"Bán CC The Pride, Tố Hữu, La Khê, Hà Đông, giá thỏa thuận, 146m2 bao đẹp",Giá thỏa thuận,146 m²,N/A,3,3,"La Khê, Hà Đông","20.976379709191487, 105.76112859202595"
42339352,05/03/2025,"Bán nhanh căn 2 ngủ 2vs 65m2 tầng trung hướng Nam, view đẹp mê KĐT Thanh Hà HN giá chỉ nhỉnh 2,2 tỷ",Giá thỏa thuận,65 m²,N/A,2,2,"Kiến Hưng, Hà Đông","20.93969941891094, 105.78724812681718"
42218184,05/03/2025,"Bán căn 2PN, 2WC giá 5,x tỷ tại La Casta Văn Phú, Hà Đông, Hà Nội","5,8 tỷ",84 m²,"69,05 tr/m²",2,2,"Phú La, Hà Đông","20.963672954223568, 105.76317117181296"
42320262,05/03/2025,Bán căn 2PN cc La Casta Văn Phú,"6,2 tỷ",88 m²,"70,46 tr/m²",2,2,"Phú La, Hà Đông","20.964198956811607, 105.76313818683006"
42339323,05/03/2025,"Chính chủ cần căn hộ chung cư 68,35m2 tầng 14 Thanh Hà Cienco 5","2,5 tỷ","68,35 m²","36,58 tr/m²",2,2,"Kiến Hưng, Hà Đông","20.939047825017962, 105.78694243658428"
42339125,05/03/2025,Bán chung cư CT1 nGô Thì Nhậm Hà Đông - 85m2 - 2 ngủ 2 vệ sinh - 4 tỷ x (x tiểu học),Giá thỏa thuận,85 m²,N/A,2,2,"Hà Cầu, Hà Đông","20.969470212150977, 105.7681193655767"
41242431,05/03/2025,"Cần bán gấp căn 165m2 4PN - 3Vs - Usilk 101 - giá nhỉnh 7,x tỷ, full nội thất đẹp - tầng trung",Giá thỏa thuận,165 m²,N/A,4,2,"La Khê, Hà Đông","20.9744720458984, 105.760879516602"
42339088,05/03/2025,"Cần bán căn hộ cao cấp chung cư Booyoung, 89m2, giá 8.5 tỷ","8,5 tỷ",89 m²,"95,51 tr/m²",2,2,"Mỗ Lao, Hà Đông","20.98293611965916, 105.78355309012923"
42339250,05/03/2025,Bán căn hộ 922 toà HH01C Khu đô thị Thanh Hà,Giá thỏa thuận,77 m²,N/A,2,2,"Kiến Hưng, Hà Đông","20.939642477974804, 105.78720037718054"
42232753,05/03/2025,"Bán căn hộ 3 ngủ, căn góc tầng đẹp, giá siêu hợp lý, HPC Landmark 105. LH: 0965 627 ***",6 tỷ,120 m²,50 tr/m²,3,2,"La Khê, Hà Đông","20.975733130634, 105.762249551312"
41603583,05/03/2025,"Chính chủ bán căn 3Ngủ DT: 130m2 tại Mulberry Lane Hà Đông full nội thất đẹp, sẵn sổ giá 7,1 tỷ","7,1 tỷ",130 m²,"54,62 tr/m²",3,2,"Mỗ Lao, Hà Đông","20.9865188598633, 105.786399841309"
42339176,05/03/2025,Bán căn hộ 922 toà HH03A Khu đô thị Thanh Hà,Giá thỏa thuận,66 m²,N/A,2,2,"Kiến Hưng, Hà Đông","20.93976032018939, 105.78720285724323"
41585467,05/03/2025,"Chính chủ bán căn 2 ngủ 2vs DT: 70m2 The Pride Hải Phát - Hà Đông nhà đủ đồ, sẵn sổ giá 3.7 tỷ","3,9 tỷ",75 m²,52 tr/m²,2,2,"La Khê, Hà Đông","20.9760246276855, 105.761596679688"
42330186,05/03/2025,"Chính chủ bán CC Xuân Mai Complex căn 2 ngủ 2 vs, 70m2, view đẹp, sẵn sổ đỏ giá tốt chỉ 3.1 tỷ","3,1 tỷ",70 m²,"44,29 tr/m²",2,2,"Yên Nghĩa, Hà Đông","20.959786193943586, 105.74187915239959"
41142973,05/03/2025,"Căn hộ 2PN (89.6m2) full new nội thất đẹp như ảnh, tầng trung, hướng mát. (thương lượng chủ nhà)",5 tỷ,"89,6 m²","55,8 tr/m²",2,2,"Mỗ Lao, Hà Đông","20.98651885986328, 105.7863998413086"
42338980,05/03/2025,Bán căn hộ 1022 tòa HH02 - 1C Khu đô thị Thanh Hà,Giá thỏa thuận,77 m²,N/A,2,2,"Kiến Hưng, Hà Đông","20.940262740885714, 105.78672826597104"
42336408,05/03/2025,"Bán CC Văn Phú Victoria giá chỉ 3,9 tỷ bao đẹp - LH em Tùng SĐT/Zalo - 0373*237557","3,9 tỷ",65 m²,60 tr/m²,2,2,"Phú La, Hà Đông","20.9600466131852, 105.768444584909"
42338592,05/03/2025,"Cần bán chung cư Booyoung, sổ đỏ chính chủ, DT 95.5m2, giá 8.6 tỷ (có thương lượng)","8,6 tỷ","95,5 m²","90,05 tr/m²",3,2,"Mỗ Lao, Hà Đông","20.9831882462308, 105.783271711988"
42338798,05/03/2025,Bán căn hộ tầng 1822 toà nhà HH03A Khu đô thị Thanh Hà,Giá thỏa thuận,72 m²,N/A,2,2,"Kiến Hưng, Hà Đông","20.938863844668763, 105.78735558952782"
42338714,05/03/2025,"Chính chủ bán gấp căn góc (2PN) sẵn sổ, full nội thất tại CC Anland Lakeview giá 4.xtỷ, 0975 645 ***",Giá thỏa thuận,75 m²,N/A,2,2,"Dương Nội, Hà Đông","20.9830436706543, 105.757339477539"
42338705,05/03/2025,"Cần bán 55m2(2PN1VS) giá 3.x tỷ tại chung cư Anland Premium giá tốt nhất thị trường, lh 0975 645 ***",Giá thỏa thuận,55 m²,N/A,2,1,"Dương Nội, Hà Đông","20.9772338867188, 105.76195526123"
42338673,05/03/2025,"Quỹ căn hộ 2PN - 3PN - 4PN chung cư Terra An Hưng giá rẻ nhất từ 4. X tỷ, LH 0975 645 ***","4,8 tỷ",74 m²,"64,86 tr/m²",2,2,"Dương Nội, Hà Đông","20.9727649688721, 105.756698608398"
42338660,05/03/2025,"Chính chủ cần bán hộ 77m2 (2PN 2VS), BC Đông Nam CC Tháp Thiên Nhiên Kỷ, LH 0975 645 ***",Giá thỏa thuận,88 m²,N/A,2,2,"Quang Trung, Hà Đông","20.97332, 105.77828"
42185591,05/03/2025,"Chính chủ cần bán CH dự án Mulberry Mỗ Lao. Dt140m2, 3N2VS, full nội thất. Giá 7,5tỷ. LH 0866 839 ***","7,5 tỷ",140 m²,"53,57 tr/m²",3,2,"Mỗ Lao, Hà Đông","20.987321732094603, 105.78599452382021"
42186706,05/03/2025,"Bán căn góc đẹp dự án Season Avenue, Mỗ Lao. Dt 100m2, 3N 2VS full nội thất. Giá 7,2 tỷ (Giá chuẩn)","7,2 tỷ",100 m²,72 tr/m²,3,2,"Mỗ Lao, Hà Đông","20.987142459340706, 105.78625371287688"
42186314,05/03/2025,"Bán CH dự án Samsora Premier 105 Chu Văn An, Dt 72m2, 2N2VS, full nội thất. Giá 4 tỷ. LH 0866 839 ***",4 tỷ,72 m²,"55,56 tr/m²",2,2,"Quang Trung, Hà Đông","20.9749480291961, 105.776847009338"
39900329,05/03/2025,"Cực phẩm: Cần tiền bán nhanh Anland Lakeview 75m2 2PN 2VS. Full NT, hướng ĐN giá 4,x tỷ: 0968 693 ***","4,6 tỷ",75 m²,"61,33 tr/m²",2,2,"Dương Nội, Hà Đông","20.983043670654297, 105.75733947753906"
42338442,05/03/2025,"Bán căn hộ chung cư tại Samsora Premier, 4,5 tỷ, 78 m2, Full nội thất mới xịn, khách mua về ở ngay","4,5 tỷ",78 m²,"57,69 tr/m²",3,2,"Quang Trung, Hà Đông","20.975032231095597, 105.77703561732874"
42338574,05/03/2025,"Chính chủ cần bán căn hộ duy nhất chung cư Tháp Thiên Nhiên Kỷ giá 3x tỷ, 0975 645 ***","3,5 tỷ",50 m²,70 tr/m²,2,N/A,"Quang Trung, Hà Đông","20.97332, 105.77828"
42338539,05/03/2025,"Bán gấp căn hộ tầng 14, diện tích 64,81m2 KĐT Thanh Hà Cienco 5 giá rẻ","2,3 tỷ",65 m²,"35,38 tr/m²",2,2,"Kiến Hưng, Hà Đông","20.940354743176613, 105.78727273163331"
41780162,05/03/2025,Chung cư Tố Hữu Hà Đông khu cao cấp giá dự kiến 7xtr/m2,Giá thỏa thuận,72 m²,N/A,2,2,"Mỗ Lao, Hà Đông","20.984977109760646, 105.7796291277266"
42338493,05/03/2025,"Chính chủ bán căn hộ 97m2 - 3PN+1ĐN, Đông Nam, full NT tại cc Terra An Hưng giá 6tỷ, 0975 645 ***",Giá thỏa thuận,97 m²,N/A,2,2,"Dương Nội, Hà Đông","20.9743461608887, 105.754165649414"
42338482,05/03/2025,Tôi chính chủ bán căn góc 3PN 2VS ban công Đông Nam chung cư Tháp Thiên Nhiên Kỷ giá 6.x tỷ,Giá thỏa thuận,88 m²,N/A,2,2,"Quang Trung, Hà Đông","20.9733200073242, 105.778282165527"
42338472,05/03/2025,"Bán căn 74m2(2 ngủ 2vs) ban công Đông Nam, full nội thất cực hiếm chung cư Terra An Hưng 0975 645 ***",Giá thỏa thuận,74 m²,N/A,2,2,"Dương Nội, Hà Đông","20.9743461608887, 105.754165649414"
42338453,05/03/2025,"Nhà mới nhiều tiện ích hiếm có tại Xuân Mai Tower giá chỉ 3,65 tỷ","3,65 tỷ",65 m²,"56,15 tr/m²",2,1,"Hà Cầu, Hà Đông","20.96265091691336, 105.7733625476767"
41506632,05/03/2025,"Chính chủ bán CH 128m2, 3PN-2WC, full đồ, sổ chính chủ, tòa Mulbery Lane, giá 6,8 tỷ, LH 0363 388 ***","6,8 tỷ",128 m²,"53,12 tr/m²",3,2,"Mỗ Lao, Hà Đông","20.986191936093476, 105.78725397403453"
42338197,05/03/2025,"Bán căn chung cư Grand Sunlake, diện tích 112.5m2 thông thủy, tâng 33, hướng thành phố, nhà đẹp","7,54 tỷ","112,5 m²",67 tr/m²,3,2,"Văn Quán, Hà Đông","20.9792840985897, 105.787271901104"
42338377,05/03/2025,"Bán căn 2PN, 1VS 1 ban công, 54m2, nhà có đồ, tòa PCC1 Hà Đông",Giá thỏa thuận,54 m²,N/A,2,1,"Phú Lương, Hà Đông","20.9524251776348, 105.758188617848"
42338366,05/03/2025,"Chính chủ bán căn 2PN 2VS, dt 74m2, view biệt thự, tầng 1x siêu đẹp Anland 3, giá 4,x tỷ 0975 645 ***",Giá thỏa thuận,74 m²,N/A,2,2,"Dương Nội, Hà Đông","20.9830664879318, 105.757270523661"
42338353,05/03/2025,"Chính chủ cần bán căn góc 2PN-74M2, tầng trung view thoáng giá hợp lý cc Anland lakeview,O975645309","4,5 tỷ",75 m²,60 tr/m²,N/A,N/A,"Dương Nội, Hà Đông","20.9832900347824, 105.756769046069"
42338313,05/03/2025,Nhà đẹp nhà rộng giá cực tốt tại khu đô thị Xala chỉ 3.5 tỷ,"3,5 tỷ",84 m²,"41,67 tr/m²",2,1,"Phúc La, Hà Đông","20.962314836396963, 105.79201086559914"
42338286,05/03/2025,"Bán CC The Sparks, Dương Nội, Hà Đông, Hà Nội, 2,9 tỷ, 56m2 giá siêu hời","2,9 tỷ",56 m²,"51,79 tr/m²",2,1,"Dương Nội, Hà Đông","20.9793986423536, 105.74427950118086"
42338279,05/03/2025,"Bán căn hộ Tòa Tháp Thiên Niên Kỷ, 6 tỷ, 100m2, 3PN, 2WC, Quang Trung, Hà Đông, Hà Nội",6 tỷ,100 m²,60 tr/m²,3,2,"Quang Trung, Hà Đông","20.9729491506225, 105.778368430237"
40078153,05/03/2025,"Chính chủ bán căn 2pn 2vs 68m2 The K Park, như ảnh, hướng Đông Bắc, giá nhỉnh 4 tỷ. Lh 0985 138 ***",Giá thỏa thuận,68 m²,N/A,2,2,"Phúc La, Hà Đông","20.9599056243896, 105.791801452637"
41046667,05/03/2025,Chung cư 3 ngủ căn góc 2 thoáng tầng trung tòa nhà FLC Quang Trung Hà Đông dt 100m2 đầy đủ nội thất,"5,45 tỷ",100 m²,"54,5 tr/m²",3,2,"Quang Trung, Hà Đông","20.9625549316406, 105.765251159668"
42338079,05/03/2025,"Ch chung cư Bình Vượng Tower - 200 Quang Trung Hà Đông - 145m2 - 5,65tỷ","5,65 tỷ","145,5 m²","38,83 tr/m²",3,2,"Quang Trung, Hà Đông","20.9669130046718, 105.769958555682"
42338022,05/03/2025,Duy nhất căn 2pn toà A chung cư La casta - Văn Phú - Hà Đông bán 5tỷx,"5,1 tỷ",68 m²,75 tr/m²,2,N/A,"Phú La, Hà Đông","20.96377943701075, 105.76256902721981"
41852774,05/03/2025,"Bán căn 4 ngủ - 113m2 chung cư FLC Star Tower - 418 Quang Trung, nội thất đẹp, mới, có slot ô tô","5,65 tỷ",113 m²,50 tr/m²,4,2,"Quang Trung, Hà Đông","20.9625707451135, 105.766178210392"
42338103,05/03/2025,"Bán căn hộ tại chung cư Sails Tower - Sông Nhuệ, 2pn 2wc 75m2 có sổ giá chỉ 3.xx tỷ có thương lượng",Giá thỏa thuận,75 m²,N/A,2,2,"Kiến Hưng, Hà Đông","20.95975351031394, 105.79831853401765"
38602388,05/03/2025,"Bán gấp chung cư PCC1 Nàng Hương, 100m2, 2 ngủ 2 vệ sinh, giá tốt",Giá thỏa thuận,100 m²,N/A,2,2,"Văn Quán, Hà Đông","20.9856719970703, 105.795204162598"
36432570,05/03/2025,"Chính chủ bán căn chung cư Anland 2 mẫu 2pn, 1 vệ sinh giá 3,x tỷ LH 0967 506 ***",Giá thỏa thuận,55 m²,N/A,2,1,"Dương Nội, Hà Đông","20.9772338867188, 105.76195526123"
36422995,05/03/2025,"Chính chủ bán căn Anland 2 căn A4, B4 view hồ diện tích to nhất tòa giá bán 5,3x tỷ LH 0911 460 ***",Giá thỏa thuận,96 m²,N/A,N/A,N/A,"Dương Nội, Hà Đông","20.9772338867188, 105.76195526123"
42337739,05/03/2025,"Chính chủ cần bán lại căn hộ 2N 90m2 Mulberry Lane, Mỗ Lao, Hà Đông, mua bán trực tiếp, giá 5 tỷ",5 tỷ,90 m²,"55,56 tr/m²",3,2,"Mỗ Lao, Hà Đông","20.986481202856538, 105.78592596246902"
42337596,05/03/2025,Bán nhanh căn 57m2 2 ngủ 1 vệ sinh nhà vuông đẹp giá rẻ nhất khu Mipec Kiến Hưng,"2,8 tỷ",57 m²,"49,12 tr/m²",2,1,"Kiến Hưng, Hà Đông","20.95267547496937, 105.7907140834083"
42175008,05/03/2025,Bán căn 1 phòng ngủ chung cư La Casta - Kđt Văn Phú - Hà Đông,"3,45 tỷ",47 m²,"73,4 tr/m²",1,N/A,"Phú La, Hà Đông","20.963544588378742, 105.76254510349273"
17097795,05/03/2025,"Cần tiền bán gấp 82m2 / 2 ngủ chung cư CT5 Văn Khê, giá 3.78 tỷ","3,78 tỷ",82 m²,"46,1 tr/m²",2,2,"La Khê, Hà Đông","20.9730224609375, 105.763275146484"
42337798,05/03/2025,"Bán 3N 95m2 chung cư Booyoung, tầng trung, nội thất sịn sò","5,8 tỷ",95 m²,"61,05 tr/m²",3,2,"Mỗ Lao, Hà Đông","20.982941346777068, 105.78398887008372"
41229048,05/03/2025,"Bán căn hộ 1124 67m2, 2 ngủ, 2 vệ sinh, view hồ Khu B1.3. Full nội thất như hình. Ảnh thật 100%",Giá thỏa thuận,67 m²,N/A,2,2,"Kiến Hưng, Hà Đông","20.9397029876709, 105.7872543334961"
42337447,05/03/2025,Cần bán nhanh căn hộ 74m2 Terra An Hưng 2PN - 2WC tầng trung full nt giá chỉ 4tỷ9x,5 tỷ,74 m²,"67,54 tr/m²",2,2,"La Khê, Hà Đông","20.97265997908898, 105.75699674403312"
42337444,05/03/2025,"Bán căn hộ 2PN, 1WC, 65m2 tại Xuân Mai Tower, Hà Cầu, Hà Đông, 3,65 tỷ","3,65 tỷ",65 m²,"56,15 tr/m²",2,1,"Hà Cầu, Hà Đông","20.9629806445089, 105.773235375137"
39116586,05/03/2025,"Cần bán căn 80m2 chung cư Bộ Tư Lệnh Thủ Đô, 3 ngủ, giá 3,7 tỷ","3,7 tỷ",80 m²,"46,25 tr/m²",3,2,"Yên Nghĩa, Hà Đông","20.9540576934814, 105.740982055664"
39909492,05/03/2025,"Chính chủ cần bán căn hộ tầng trung tòa Hemisco Xa La 80m2, 2PN. LH 0378 884 ***","3,42 tỷ",80 m²,"42,75 tr/m²",2,2,"Phúc La, Hà Đông","20.961841583252, 105.795524597168"
42276480,05/03/2025,Bán chung cư The K Park - Văn Phú - Hà Đông,"4,35 tỷ",68 m²,"63,97 tr/m²",N/A,N/A,"Phúc La, Hà Đông","20.959655211432974, 105.7918127323262"
42243664,05/03/2025,"Chính chủ cần bán căn tầng 15 tòa CT3 tòa Nhà Bộ Tư Lệnh Thủ Đô, 73m2, 2PN, sổ đỏ. Thương lượng sâu","3,15 tỷ",73 m²,"43,15 tr/m²",2,1,"Yên Nghĩa, Hà Đông","20.9551360095551, 105.744241346554"
42325492,05/03/2025,"Chính chủ bán gấp căn hộ 70m2 2PN HH2 Xuân Mai Complex, full nội thất chỉ việc xách vali đến ở",Giá thỏa thuận,70 m²,N/A,2,2,"Yên Nghĩa, Hà Đông","20.959645221997135, 105.7416122275531"
42299324,05/03/2025,"Chuyển liền kề, chính chủ bán gấp căn hộ 81m2 2PN The Pride, B/C Đông Nam. Full nội thất ở ngay",Giá thỏa thuận,81 m²,N/A,2,2,"La Khê, Hà Đông","20.976007822978328, 105.76124157802421"
42040905,05/03/2025,"Hàng hiếm. Căn hộ tầng trung tòa CT1 Xa La, 84m2 sổ đỏ, full NT, giá chỉ 3,5x tỷ. LH 0378 884 ***","3,58 tỷ",84 m²,"42,62 tr/m²",2,1,"Phúc La, Hà Đông","20.962921316389785, 105.79218844457031"
42106157,05/03/2025,"Siêu rẻ, căn hộ tầng trung tòa CT4 Xa La 70m2, 2PN, sổ đỏ, giá 3.05 tỷ, full NT đẹp. LH 0378 884 ***","3,05 tỷ",70 m²,"43,57 tr/m²",2,2,"Phúc La, Hà Đông","20.96210229853946, 105.79256806086998"
42337696,05/03/2025,"Bán gấp căn 70m2, 2PN 2WC ban công Đông Nam tòa 19T4 Kiến Hưng full nội thất. Giá 2.85 tỷ","2,85 tỷ",70 m²,"40,71 tr/m²",2,2,"Kiến Hưng, Hà Đông","20.950189525828876, 105.79105367569795"
42337694,05/03/2025,"Chính chủ bán căn hộ 70m2 2PN chung cư SDU 143 Trần Phú, giá nhỉnh 3 tỷ đủ nội thất ở ngay",Giá thỏa thuận,70 m²,N/A,2,2,"Văn Quán, Hà Đông","20.9769323348172, 105.785177535841"
42337352,05/03/2025,"Bán căn hộ 68m2 The K Park nhà đẹp full đồ, tầng siêu đẹp","4,4 tỷ",68 m²,"64,71 tr/m²",2,2,"Phúc La, Hà Đông","20.9597396294603, 105.79154863194"
38292798,05/03/2025,"Bán căn góc 3PN 2VS 90m2 chung cư The Terra An Hưng 5,x tỷ nhà mới đẹp LH 0967 506 ***","5,2 tỷ",90 m²,"57,78 tr/m²",3,2,"Dương Nội, Hà Đông","20.9743461608887, 105.754165649414"
29903813,05/03/2025,"Cần bán căn hộ 109m2, 3 phòng ngủ CT4 Văn Khê, 2PN, giá 4.35 tỷ","4,35 tỷ",109 m²,"39,91 tr/m²",2,2,"La Khê, Hà Đông","20.972412109375, 105.76152801513672"
28494090,05/03/2025,"Cần bán căn hộ 136m2 chung cư CT2 Văn Khê, 3 phòng ngủ, giá 5,39 tỷ có thương lượng","5,39 tỷ",136 m²,"39,63 tr/m²",3,2,"La Khê, Hà Đông","20.972412109375, 105.76152801513672"
34352603,05/03/2025,"Cần bán nhanh căn hộ 105m2, 3 phòng ngủ CT5 Văn Khê nội thất đẹp giá 4.35 tỷ","4,35 tỷ",105 m²,"41,43 tr/m²",3,2,"La Khê, Hà Đông","20.972412109375, 105.761528015137"
32393390,05/03/2025,"Chính chủ bán căn 2PN 2VS, dt 74m2, view biệt thự, tầng 1x siêu đẹp Anland 3, giá 4,x tỷ",Giá thỏa thuận,74 m²,N/A,2,2,"Dương Nội, Hà Đông","20.9830436706543, 105.757339477539"
33958307,05/03/2025,"Cần bán gấp 2 phòng ngủ DT 67m2 chung cư Bộ Tư Lệnh giá 3,25 tỷ","3,25 tỷ",67 m²,"48,51 tr/m²",2,2,"Yên Nghĩa, Hà Đông","20.9540576934814, 105.740982055664"
33726815,05/03/2025,"Cần bán nhanh căn hộ 74m2 Anland LakeView, 2PN, - nhà full nội thất, khách mua chỉ việc về ở",Giá thỏa thuận,74 m²,N/A,3,2,"Dương Nội, Hà Đông","20.9830436706543, 105.757339477539"
30096294,05/03/2025,"Cần tiền kinh doanh bán gấp 55m2 chung cư HH2 Xuân Mai, 2PN full đồ giá 2.9 tỷ","2,9 tỷ",55 m²,"52,73 tr/m²",2,1,"Dương Nội, Hà Đông","20.9797233933019, 105.744968414306"
42337634,05/03/2025,"Chính chủ bán CC tòa CT2 Văn Quán, diện tích 70m2, full đồ, tiện ích đầy đủ, lh 0943 554 ***","3,8 tỷ",70 m²,"54,29 tr/m²",2,1,"Phúc La, Hà Đông","20.97404105579392, 105.78905964313284"
40561404,05/03/2025,Chính chủ cần bán căn hộ 2N 2WC giá 2.95 tỉ CT7 Dương Nội,"2,95 tỷ",52 m²,"56,73 tr/m²",2,2,"Dương Nội, Hà Đông","20.9798679351807, 105.743919372559"
32771325,05/03/2025,"Cần bán gấp căn thường 2 ngủ full đồ Anland LakeView tầng cao giá nhỉnh 4,x tỷ. LH 0911 460 ***",Giá thỏa thuận,83 m²,N/A,2,2,"Dương Nội, Hà Đông","20.9830436706543, 105.757339477539"
28456135,05/03/2025,Cần bán gấp căn hộ 3 ngủ CT8 Dương Nội/ full nội thất đẹp/ giá 3.85 tỷ,"3,85 tỷ",86 m²,"44,77 tr/m²",3,2,"Dương Nội, Hà Đông","20.983570098877, 105.772262573242"
37713209,05/03/2025,"Tôi bán căn hộ 122m2 , siêu cao cấp thiết kế 3PN, 2 WC tầng trung CC TSQ mua bán trực tiếp","7,5 tỷ",122 m²,"61,48 tr/m²",3,2,"Mỗ Lao, Hà Đông","20.9834575653076, 105.78564453125"
41914823,05/03/2025,"Hàng hiếm! Căn 3PN DT 121m2 HPC Landmark giá chỉ 5,9 tỷ, nhà mới full nội thất sang trọng, sẵn sổ","5,9 tỷ",121 m²,"48,76 tr/m²",3,2,"La Khê, Hà Đông","20.9742942093191, 105.758784236721"
42159478,05/03/2025,"Bán căn hộ chung cư Grand Sunlake, 4,7 tỷ, 92m2, 3PN, 2WC, giá ưu đãi hàng hiếm tại Hà Đông, Hà Nội","4,7 tỷ",92 m²,"51,09 tr/m²",3,2,"Văn Quán, Hà Đông","20.97955546082356, 105.78697509628745"
41936927,05/03/2025,"Chính chủ bán gấp trước Tết căn hộ tòa Anland 75m2 lô góc, sổ đỏ chính chủ tôi bán, giá 4,3 tỷ","4,3 tỷ",75 m²,"57,33 tr/m²",2,2,"La Khê, Hà Đông","20.9765314977291, 105.761708540128"
42337479,05/03/2025,"Siêu phẩm nhà đẹp cho người tâm huyết CC The Pride, 74m2, căn góc, BC Đông Nam, full nội thất",Giá thỏa thuận,74 m²,N/A,2,2,"La Khê, Hà Đông","20.975907535862515, 105.7611444318619"
42115363,05/03/2025,"Cần bán lại căn hộ chung cư The K Park, khu đt Văn Phú, Hà Đông",Giá thỏa thuận,68 m²,N/A,2,2,"Phúc La, Hà Đông","20.9595223912169, 105.791919726428"
42337467,05/03/2025,"Khẳng định rẻ nhất khu vực, 1 căn duy nhất CC The Pride, 72.9m2, 2PN, full nội thất giá chỉ 3. X tỷ",Giá thỏa thuận,"72,9 m²",N/A,2,2,"La Khê, Hà Đông","20.9760124523927, 105.761535115376"
42319824,05/03/2025,"Gia đình cần bán căn hộ 82m2 thiết kế 3PN full nội thất giá 4,4 tỷ tại chung cư Samsora Hà Đông","4,4 tỷ",82 m²,"53,66 tr/m²",3,2,"Quang Trung, Hà Đông","20.9749175228744, 105.777086967292"
40581500,05/03/2025,"Chính chủ bán CC The Pride 75m2, 2 ngủ, 2 vệ sinh. Full nội thất, tầng trung, view đẹp, giá 3,5 tỷ","3,5 tỷ",75 m²,"46,67 tr/m²",2,2,"La Khê, Hà Đông","20.9760246276855, 105.761596679688"
41418003,05/03/2025,"Bán gấp căn hộ 2PN diện tích 56m2 giá bán 2,8 tỷ tại chung cư CT7 Dương Nội, Hà Đông","2,8 tỷ",56 m²,50 tr/m²,2,1,"Dương Nội, Hà Đông","20.981019973754883, 105.75489807128906"
42282470,05/03/2025,"Bán căn hộ chung cư The Charm An Hưng, giá dự kiến 70 triệu/m2, 68m2, 2PN, 2WC, Tố Hữu, Hà Đông","5,04 tỷ",72 m²,70 tr/m²,2,2,"La Khê, Hà Đông","20.9747608208163, 105.760809244571"
42116278,05/03/2025,"Bán CC tại ICID Complex, 3,1 tỷ, 66m2, 2PN, 1WC, Đông Nam, Tây Bắc","3,1 tỷ",66 m²,"46,97 tr/m²",2,1,"Dương Nội, Hà Đông","20.982677034713973, 105.74205025598492"
41913596,05/03/2025,QUYẾT HẠ GIÁ THẤP HƠN THỊ TRƯỜNG - BÁN NHANH CĂN HỘ 154M TÒA B MULBERRY LANE LH 0965 179 ***,"7,39 tỷ",154 m²,48 tr/m²,3,2,"Mỗ Lao, Hà Đông","20.986357864033035, 105.78660878229843"
29550858,05/03/2025,"Bán CHCC CT7H, J, K Dương Nội rộng 57m2, 2PN, 2WC giá 3.180tỷ. LH: 0988 187 ***","3,18 tỷ",57 m²,"55,79 tr/m²",2,2,"Dương Nội, Hà Đông","20.9798679351807, 105.743919372559"
40948806,05/03/2025,"Bán nhanh căn hộ tầng trung tại Xa La, Hà Đông. 84m2 tk 3pn, 2vs nhà đẹp. SĐCC. LH 0981 780 ***","3,5 tỷ",84 m²,"41,67 tr/m²",3,2,"Phúc La, Hà Đông","20.9624671936035, 105.792366027832"
42336828,05/03/2025,"Chính thức nhận cọc 5 suất ngoại giao chung cư Kepler, Mỗ Lao, Hà Đông",Giá thỏa thuận,100 m²,N/A,N/A,N/A,"Mỗ Lao, Hà Đông","20.985357059906985, 105.78051505931332"
39950528,05/03/2025,Độc quyền bán căn hộ 2pn view bể bơi tòa S2 Seasons Avenue liên hệ ngay 0965 179 ***,"5,35 tỷ",80 m²,"66,88 tr/m²",2,2,"Mỗ Lao, Hà Đông","20.987600204758, 105.787414349169"
40000957,05/03/2025,"Chính chủ bán CH 56m2 tầng đẹp chung cư Sông Nhuệ, tk 2pn 2vs, giá 2 tỷ lh 0981 780 ***",Giá thỏa thuận,50 m²,N/A,2,1,"Kiến Hưng, Hà Đông","20.959997177124, 105.798553466797"
42336633,05/03/2025,Cần bán nhanh căn 80m2 2PN 2WC toà CT4 Yên Nghĩa gần Bệnh viện Nhi và ĐH Phenikaa. LH 0946 509 ***,"4,08 tỷ",80 m²,51 tr/m²,2,2,"Yên Nghĩa, Hà Đông","20.953586966217333, 105.74150522331186"
42296199,05/03/2025,"3 ngủ sẵn sổ, hỗ trợ vay, đã full nội thất chỉ 4.8 tỷ","4,7 tỷ",81 m²,"58,02 tr/m²",3,2,"Quang Trung, Hà Đông","20.97424311497589, 105.77704494913895"
40796164,05/03/2025,"Hàng hiếm! Chính chủ cần bán gấp căn hộ 98m2 với 3PN 2W giá chỉ 4,2 tỷ tại The Pride Hải Phát","4,2 tỷ",98 m²,"42,86 tr/m²",3,2,"La Khê, Hà Đông","20.9760246276855, 105.761596679688"
42330576,05/03/2025,"Chính chủ bán căn góc 86m2 CT6 Xa La, 3 ngủ, 2 vệ sinh cực thoáng giá 3 tỷ hơn tý. LH 0981 780 ***",Giá thỏa thuận,86 m²,N/A,3,2,"Phúc La, Hà Đông","20.962000783850886, 105.79203543858614"
40363608,05/03/2025,"Bán căn hộ Season Avenue 75m2, 2PN 2VS. Full nội thất đẹp. Giá bán 4,8 tỷ tầng trung, hướng đẹp","4,8 tỷ",75 m²,64 tr/m²,2,2,"Mỗ Lao, Hà Đông","20.9870262145996, 105.786834716797"
40337615,05/03/2025,"Hàng hiếm! Bán nhanh 3PN giá 5,4 tỷ (full đồ, sổ sẵn, ở ngay) diện tích: 114m2 3PN 2VS","5,4 tỷ",114 m²,"47,37 tr/m²",3,2,"Mỗ Lao, Hà Đông","20.9865188598633, 105.786399841309"
42337047,05/03/2025,"Bán CC 3PN 90m2 tại The Terra An Hưng 90m2 (3N + 2VS) full đồ, view KĐT Dương Nội","6,12 tỷ",90 m²,68 tr/m²,3,2,"La Khê, Hà Đông","20.972759732939256, 105.7565602818292"
42116182,05/03/2025,"Gia đình cần bán gấp căn góc 122m2-4pn-2wc full nội thất ở GoldSilk Complex, Phố Cầu Am, giá 6,6 tỷ","6,6 tỷ",122 m²,"54,1 tr/m²",3,2,"Vạn Phúc, Hà Đông","20.9788246676734, 105.772340495396"
42337013,05/03/2025,"Bán CC 2PN 2WC tại The Terra An Hưng, 74m2 (2N2VS). View KDT Dương nội. Sẵn sổ. Lh 0965 610 ***",5 tỷ,74 m²,"67,57 tr/m²",2,2,"La Khê, Hà Đông","20.973147210665005, 105.75756704746004"
41819785,05/03/2025,"Siêu hiếm! 90m2 căn hộ tập thể T2, Vạn Phúc, Hà Đông, 3PN, 2VS, ô tô đỗ chân toàn nhà, 2,95 tỷ","2,95 tỷ",90 m²,"32,78 tr/m²",3,2,"Vạn Phúc, Hà Đông","20.9751441614269, 105.786283354341"
40579214,05/03/2025,Bán CH 122 m2 3pn 2w gia 7.4 tỷ Ban Công Đông Nam đầy đủ nội thất tòA Mulberry Lane Hà Đông,"7,4 tỷ",122 m²,"60,66 tr/m²",3,2,"Mỗ Lao, Hà Đông","20.9865188598633, 105.786399841309"
34683501,05/03/2025,"2,95 tỷ sở hữu CH 2N 2VS đủ đồ sẵn ở view xa toàn cảnh, thoáng mát tầng trung HĐMB. Giao dịch ngay","2,95 tỷ",67 m²,"44,03 tr/m²",2,2,"Mỗ Lao, Hà Đông","20.9751315054844, 105.781445789116"
42336818,05/03/2025,Bán CC FLC Star Tower 418 Quang Trung 80m2 (2n 2vs). Full đồ. LH 0965 610 ***,"4,4 tỷ",80 m²,55 tr/m²,2,2,"Quang Trung, Hà Đông","20.9629567221406, 105.76568768558"
42318661,05/03/2025,Season Avenue Mỗ Lao 3 ngủ giá 69tr/m2 thông thuỷ 100m2,"6,9 tỷ",100 m²,69 tr/m²,3,2,"Mỗ Lao, Hà Đông","20.986763886324074, 105.78636431544294"
42336762,05/03/2025,"Nhanh! CC cần bán gấp chung cư SDU 143 Trần Phú, Văn Quán, Hà Đông 70m2, 3 tỷ full đồ: 0985 354 ***",3 tỷ,70 m²,"42,86 tr/m²",2,2,"Văn Quán, Hà Đông","20.976971787323492, 105.78529464024922"
42327186,05/03/2025,"Chính chủ cần bán căn 72m2 tòa CT5 2 ngủ 2 wc tại KĐT Xa La Hà Đông, full đồ, sẵn sổ, giá rẻ nhất",Giá thỏa thuận,72 m²,N/A,2,2,"Phúc La, Hà Đông","20.962304347097678, 105.79210243526246"
42336733,05/03/2025,"Bán gấp CH 2 ngủ 65m chung cư Xuân Mai Tô Hiệu, Hà Đông - Full nội thất - giá tốt",Giá thỏa thuận,65 m²,N/A,2,1,"Hà Cầu, Hà Đông","20.962461855177, 105.77351986809"
42315178,05/03/2025,"(Nhà đẹp) cần bán căn hộ 3N 2W 78m2 Samsora, full nội thất sẵn sổ giao dịch ngay","4,6 tỷ",78 m²,"58,97 tr/m²",3,2,"Quang Trung, Hà Đông","20.9742487444401, 105.777247307413"
42336383,05/03/2025,Tôi cần bán căn 90m2 3PN 2WC hướng Đông Bắc tầng cao giá tốt nhất thị trường. LH 0946 509 ***,"4,1 tỷ",90 m²,"45,5 tr/m²",3,2,"Yên Nghĩa, Hà Đông","20.95468555739447, 105.74109848012823"
42336666,05/03/2025,"Bán căn hộ FLC Star Tower, Quang Trung siêu hiếm, 76m2 (3n/2vs). Full nội thất. Sẵn sổ lâu dài","4,4 tỷ",76 m²,"57,9 tr/m²",3,2,"Quang Trung, Hà Đông","20.9621862410136, 105.765884005622"
42336265,05/03/2025,Bán chung cư Văn Khê 75m2 - Tặng full nội thất - Có sổ. Giá hơn 3 tỷ. Lh 0966 040 ***,"3,68 tỷ",75 m²,"49,07 tr/m²",2,2,"La Khê, Hà Đông","20.9729915375034, 105.764031699914"
42311687,05/03/2025,"3N+1-mới 100% (chỉ 4.3tỷ) 115m chính chủ cắt lỗ, bán nhanh gấp CH gần ĐH Phenika Yên Nghĩa Hà Đông","4,3 tỷ",112 m²,"38,39 tr/m²",3,2,"Yên Nghĩa, Hà Đông","20.9536415753019, 105.741583672182"
41841806,05/03/2025,"Bán chung cư Grand Sunlake Văn Quán. Căn góc 96m2, 3PN. View đẹp","5,1 tỷ",96 m²,"53,12 tr/m²",3,2,"Văn Quán, Hà Đông","20.979184321136987, 105.78683373904701"
42332010,05/03/2025,"Giới thiệu căn hộ chung cư 75m2 giá dự kiến 5tỷ Tháp đôi Kepler Land, Vũ Trọng Khánh, Hà Đông, HN",Giá thỏa thuận,75 m²,N/A,2,2,"Mỗ Lao, Hà Đông","20.9855208040217, 105.779342122061"
42313267,03/03/2025,"Chung cư The Charm An Hưng mở bán Quỹ căn độc quyền, suất ngoại giao -Bán trực tiếp CĐT, giá tốt",Giá thỏa thuận,"77,8 m²",N/A,N/A,N/A,"La Khê, Hà Đông","20.974927688403618, 105.76052651686119"
42271168,06/03/2025,CẤP BÁO nhà mẫu The Charm An Hưng đã hoàn thiện. LH 0386 922 *** để cập nhật thông tin chọn căn,Giá thỏa thuận,54 m²,N/A,N/A,N/A,"La Khê, Hà Đông","20.97474179418187, 105.76039987966544"
42347887,06/03/2025,"Bán căn hộ chung cư HPC Landmark 105, căn góc 107m2 tại La Khê, Hà Đông, Hà Nội",Giá thỏa thuận,107 m²,N/A,N/A,N/A,"La Khê, Hà Đông","20.97366699851581, 105.75871948715307"
42195752,06/03/2025,"Bán gấp căn hộ The Pride, Tố Hữu, La Khê, Hà Đông, Hà Nội, 81m2 nhỉnh 4 tỷ",Giá thỏa thuận,81 m²,N/A,N/A,N/A,"La Khê, Hà Đông","20.976207944691136, 105.76115889034445"
42344014,05/03/2025,BÁN CCMINI KĐT GALAXY VẠN PHÚC -- LÔ GÓC 17 PHÒNG  DOANH THU ~ 1 TỶ/NĂM  THANG MÁY HIỆN ĐẠI,Giá thỏa thuận,80 m²,N/A,N/A,N/A,"Vạn Phúc, Hà Đông","20.9801911470011, 105.771889716234"
42344078,05/03/2025,"Bán 2N Xuân Mai Tower - CT2 Tô Hiệu, Tô Hiệu, tầng trung, hướng mát",Giá thỏa thuận,61 m²,N/A,N/A,N/A,"Hà Cầu, Hà Đông","20.9626566489481, 105.77359082708"
42223795,05/03/2025,"Chính chủ bán 2PN 74m2 Terra full đồ xịn, hướng mát giá chỉnh nhỉnh 5 tỷ giá tốt",Giá thỏa thuận,74 m²,N/A,N/A,N/A,"La Khê, Hà Đông","20.972990133134424, 105.75690176190412"
36422995,05/03/2025,"Chính chủ bán căn Anland 2 căn A4, B4 view hồ diện tích to nhất tòa giá bán 5,3x tỷ LH 0911 460 ***",Giá thỏa thuận,96 m²,N/A,N/A,N/A,"Dương Nội, Hà Đông","20.9772338867188, 105.76195526123"
42336828,05/03/2025,"Chính thức nhận cọc 5 suất ngoại giao chung cư Kepler, Mỗ Lao, Hà Đông",Giá thỏa thuận,100 m²,N/A,N/A,N/A,"Mỗ Lao, Hà Đông","20.985357059906985, 105.78051505931332"
42336512,05/03/2025,Chính chủ bán căn 1pn 47m2 La Casta rẻ nhất thị trường,"3,45 tỷ",47 m²,"73,4 tr/m²",1,1,"Phú La, Hà Đông","20.9636812288022, 105.763322808157"
39392328,05/03/2025,Chính chủ cần bán căn 2n + 1 tại toà TNK,Giá thỏa thuận,96 m²,N/A,2,2,"Quang Trung, Hà Đông","20.97332, 105.77828"
38670464,05/03/2025,Bán căn góc 2 ngủ 70m2 full đồ tại Samsora,"4,3 tỷ",70 m²,"61,43 tr/m²",2,2,"Quang Trung, Hà Đông","20.973217010498, 105.778854370117"
42336258,05/03/2025,"CỰC SỐC! Căn hộ 2PN SĐCC tại CT3 KĐT Văn Khê, Hà Đông. Giá chỉ 2.xx tỷ",Giá thỏa thuận,60 m²,N/A,2,1,"La Khê, Hà Đông","20.9730585922712, 105.763248818802"
42336093,05/03/2025,"Bán CC Xuân Mai Tower, 6,45 tỷ, 128m2, 4PN, 2WC, view đẹp, ban công Đông Nam. Hà Cầu, Hà Đông","6,45 tỷ",128 m²,"50,39 tr/m²",4,2,"Hà Cầu, Hà Đông","20.9627686971694, 105.772869758728"
42336430,05/03/2025,"Bán căn hộ CC tại Booyoung, Mỗ Lao, Hà Đông 3PN + 2VS 107m2 full nội thất sẵn slot ô tô","6,42 tỷ",107 m²,60 tr/m²,3,2,"Mỗ Lao, Hà Đông","20.98345863534503, 105.7829844217629"
42336114,05/03/2025,"Bán nhanh căn hộ 2 ngủ 71m2 tại chung cư A5 hoac Viện Quân Y, sổ đỏ nhà mới bàn giao giá 4. X tỷ lh","4,1 tỷ",71 m²,"57,75 tr/m²",2,2,"Phúc La, Hà Đông","20.96896588326344, 105.78622093574074"
39773301,05/03/2025,Bán căn hộ 56m2 view đẹp tầng trung tòa TTTM Xa La Hà Đông - giá nét nhà đẹp - SĐCC,Giá thỏa thuận,56 m²,N/A,2,1,"Phúc La, Hà Đông","20.9624671936035, 105.792366027832"
39181954,05/03/2025,"Đẹp hiếm có khó tìm! Chính chủ bán nhanh CH 53.4m2 full nội thất lung linh, tòa CT4C Xa La, Hà Đông",Giá thỏa thuận,"53,4 m²",N/A,2,1,"Phúc La, Hà Đông","20.9624671936035, 105.792366027832"
42335983,05/03/2025,Tôi có căn 2PN 2VS tại Anland 2 tầng 1x bán 0389 980 ***,Giá thỏa thuận,67 m²,N/A,2,2,"La Khê, Hà Đông","20.9772338867188, 105.76195526123"
42336277,05/03/2025,"Bán CC Xuân Mai Riverside, 73m2, 2PN, 2WC. Sẵn sổ, full nội thất","3,7 tỷ",73 m²,"50,68 tr/m²",2,2,"Mỗ Lao, Hà Đông","20.98499216986482, 105.77944436451912"
42336239,05/03/2025,Bán căn hộ The Charm đủ mẫu căn giá từ 3tỷ8,"3,89 tỷ",54 m²,72 tr/m²,2,2,"La Khê, Hà Đông","20.9745237341083, 105.760772289156"
42335938,05/03/2025,"Bán căn hộ chung cư CT2 Ngô Thì Nhậm, căn góc 116m2","5,7 tỷ",116 m²,"49,14 tr/m²",3,2,"Hà Cầu, Hà Đông","20.969057771436674, 105.7681837547656"
36300760,05/03/2025,Cần tiền nên bán nhanh căn hộ chung cư tòa CT4 - KĐT Xa La. LH 0975 912 ***,"2,9 tỷ",63 m²,"46,03 tr/m²",2,2,"Phúc La, Hà Đông","20.9624671936035, 105.792366027832"
32611429,05/03/2025,"tôi chính chủ cần bán căn hộ chung cư CT5 Xa La, 77m2, cần bán gấp LH 0989 862 ***","3,18 tỷ",77 m²,"41,3 tr/m²",2,2,"Phúc La, Hà Đông","20.9624671936035, 105.792366027832"
42336204,05/03/2025,"Bán căn hộ 80,86m2 tại Mulberry Lane toà A, thiết kế 2pn - 2vs. Ban công ĐB, full nội thất, sẵn sổ","4,5 tỷ","80,86 m²","55,65 tr/m²",2,2,"Mỗ Lao, Hà Đông","20.986599951399654, 105.78632953215575"
42151197,05/03/2025,"1300 căn Chung Cư TSQ Tòa Kepler Tháp Đôi Tố Hữu Hà Đông, quỹ ngoại giao",Giá thỏa thuận,"44,77 m²",N/A,N/A,N/A,"Mỗ Lao, Hà Đông","20.9847723080422, 105.779935824025"
41796576,05/03/2025,"Bán CHCC tại CT3 The Pride 95m2 nhà đẹp xuất sắc, 3n2vs, full nội thất ở luôn, giá chỉ 5, x tỷ",Giá thỏa thuận,95 m²,N/A,3,2,"La Khê, Hà Đông","20.9761166959206, 105.761486425174"
42336101,05/03/2025,"Bán căn hộ chung cư Mulberry Lane toà A, 119 m2 (3n 2vs). Full nội thất, sẵn sổ",Giá thỏa thuận,119 m²,N/A,3,2,"Mỗ Lao, Hà Đông","20.987075966527417, 105.78621885171967"
41083799,05/03/2025,"Bán GẤP căn hộ FLC Quang Trung 100m2, 3N 2VS nhà đẹp như hình, full đồ giá chỉ 5. X tỷ ở luôn",Giá thỏa thuận,100 m²,N/A,3,2,"Quang Trung, Hà Đông","20.962555, 105.76525"
42311818,06/03/2025,Quỹ căn độc quyền! Dự án The Charm An Hưng. Mở bán suất ngoại giao tầng đẹp lh 0983 180 *** giá tốt,"5,1 tỷ",74 m²,"68,92 tr/m²",2,2,·,"20.97528474632491, 105.76037509957708"
41860304,06/03/2025,Tải full Quỹ căn ra hàng ngày mai - Liên hệ ngay lấy căn HOT 54m2 & 71-75m2-77m2 - chiết khấu 150tr,Giá thỏa thuận,77 m²,N/A,2,2,·,"20.9745469549635, 105.761241685925"
42337413,06/03/2025,"TOP 11 CĂN HỘ CÓ GIÁ BÁN TỐT NHẤT CHUNG CƯ THE CHARM AN HƯNG, NHẬN BOOKING RA HÀNG ĐỢT 3",Giá thỏa thuận,54 m²,N/A,2,1,·,"20.974681148098902, 105.76075977051738"
42347513,06/03/2025,"Độc quyền 5 suất quỹ căn đẹp cam kết giá tốt nhất thị trường, đóng 15% kí HĐMB, LS 0% hỗ trợ 15T",Giá thỏa thuận,"72,6 m²",N/A,2,2,·,"20.974965183652394, 105.76008985709349"
42037149,05/03/2025,"10 Suất ngoại giao giá rẻ nhất tại dự án The Charm An Hưng, hỗ trợ ls 0% 15 tháng, lh 0983 119 ***","5,2 tỷ",77 m²,"67,53 tr/m²",2,2,·,"20.974747808295007, 105.76082040903465"
42301225,03/03/2025,"Căn hộ cao cấp Kepler Land-Mặt đường Tố Hữu, Hà Đông, 2pn DT 77m giá dự kiến 77tr/m2, CK tới 13.8%",Giá thỏa thuận,77 m²,N/A,2,N/A,·,"20.98534447926, 105.780819411868"
42316009,03/03/2025,"Ngoại giao căn 2 ngủ giá tốt nhất The Charm An Hưng, Miễn lãi tới khi nhận nhà","5,2 tỷ",72 m²,"72,22 tr/m²",2,2,·,"20.97494185464737, 105.76090536696871"
42092039,06/03/2025,QUỸ CĂN NGOẠI GIAO ĐẦU TIÊN ĐẸP NHẬT DỰ ÁN KEPLER LAND MỖ LAO HÀ ĐÔNG CK 16% CHO KHÁCH HÀNG ƯU TIÊN,4 tỷ,77 m²,"51,95 tr/m²",2,2,"Mỗ Lao, Hà Đông","20.9856739187377, 105.780342936538"
42353908,06/03/2025,"MỞ BÁN QUỸ CĂN HỘ VIP, GIÁ TỪ 4 TỶ TẠI THE CHARM AN HƯNG GIÁ 70tr/m2, HỖ TRỢ 70% HTLS 0% 15th SỔ ĐỎ","5,5 tỷ",76 m²,"72,37 tr/m²",2,2,"La Khê, Hà Đông","20.97462936285846, 105.76058860875447"
42106132,06/03/2025,"Căn ngoại giao trục 08 tòa B mở bán 10h sáng mai (2PN - 3PN) dự án The Charm An Hưng, ký HĐMB luôn","6,76 tỷ","91,4 m²",74 tr/m²,3,3,"La Khê, Hà Đông","20.9750614849206, 105.761011405452"
42353236,06/03/2025,"TRỤC CĂN ĐẸP NHẤT DỰ ÁN CHỈ CÒN 5 SUẤT NGOẠI GIAO, SỞ HỮU NGAY CĂN HỘ 96M2 GIÁ TỐT NHẤT THỊ TRƯỜNG","6,7 tỷ","95,7 m²","70,01 tr/m²",3,2,"La Khê, Hà Đông","20.9734683205803, 105.759186943232"
42301326,06/03/2025,"Mở bán toà tháp đôi Kepler Land-trung tâm Hà Đông, Quỹ căn F1 CĐT, đặt ngay nhận ck tới 12,8%",Giá thỏa thuận,73 m²,N/A,2,2,"Mỗ Lao, Hà Đông","20.985354061634023, 105.7796306993957"
42267607,05/03/2025,Ra hàng quỹ căn đẹp dự án chung cư The charm Tố Hữu - Hà Đông trợ vay bank 70%,Giá thỏa thuận,72 m²,N/A,2,2,"La Khê, Hà Đông","20.974552812456697, 105.76054477436087"
42338424,05/03/2025,"Bán quỹ ngoại giao The Charm - An Hưng tầng 6,12,26,27,30, giá tốt 0982 289 ***","5,2 tỷ",71 m²,"73,24 tr/m²",2,2,"La Khê, Hà Đông","20.97438462268904, 105.7605918209099"
42336058,05/03/2025,Bán suất ngoại giao căn 2pn dự án The Charm An Hưng giá chỉ từ 4 tỷ full nội thất nhập khẩu đức,4 tỷ,54 m²,"74,07 tr/m²",N/A,N/A,"La Khê, Hà Đông","20.974644226039622, 105.76057251398699"
14082007,04/03/2025,Xả hàng đầu năm quỹ căn giá tốt Mulberry Lane - LH: 0981 960 ***,Giá thỏa thuận,123 m²,N/A,3,2,"Mỗ Lao, Hà Đông","20.9868438538229, 105.786249884671"
41141828,03/03/2025,Cập nhật quỹ căn đang bán giá rẻ nhất tại chung cư Park Kiara KĐT ParkCity Hà Nội. LH 0968 450 ***,"8,6 tỷ",91 m²,"94,5 tr/m²",3,2,"La Khê, Hà Đông","20.9673748016357, 105.754013061523"
41797564,03/03/2025,Bán căn 3PN mẫu D 108m2 phòng khách rộng tại CC Park Kiara KĐT Park City Hà Nội giá tốt 0968 450 ***,"11,3 tỷ",108 m²,"104,63 tr/m²",3,2,"La Khê, Hà Đông","20.9673748016357, 105.754013061523"
42320270,03/03/2025,Quỹ căn đối ngoại đầu tiên đẹp nhất dự án Kepler Land Mỗ Lao Hà Đông CK 10% cho khách hàng ưu tiên,"2,92 tỷ",45 m²,65 tr/m²,2,1,"Mỗ Lao, Hà Đông","20.985518421254067, 105.78010686213831"
42267738,03/03/2025,Ra hàng dự án chung cư Kepler Land Mỗ Lao diện tích từ 53m2 - 72m2 -101m2 hỗ trợ vay Bank 70%,Giá thỏa thuận,72 m²,N/A,2,2,"Mỗ Lao, Hà Đông","20.985945385379512, 105.78014735383282"
42118287,03/03/2025,Độc quyền quỹ căn cần bán giá tốt nhất tại chung cư Park Kiara với giá tốt nhất,"7,7 tỷ",82 m²,"93,9 tr/m²",2,2,"La Khê, Hà Đông","20.9676955331635, 105.75328558892"
42312791,02/03/2025,"Bảng hàng trực tiếp cđt, quỹ ngoại giao căn 2 - 3pn The Charm An Hưng CK %, htls 0% 15th",Giá thỏa thuận,54 m²,N/A,2,1,"La Khê, Hà Đông","20.975555364290784, 105.76046575639012"
42312655,02/03/2025,3/3 mở bán 52 căn The Charm An Hưng quỹ căn ngoại giao siêu VIP LH Lấy căn gía tốt nhất thị trường,Giá thỏa thuận,54 m²,N/A,2,N/A,"La Khê, Hà Đông","20.9748641446811, 105.761398948885"
42310949,02/03/2025,Bán chung cư Seasons Avenue - Mỗ Lao,"8,8 tỷ",124 m²,"70,97 tr/m²",3,2,"Mỗ Lao, Hà Đông","20.986801060655896, 105.78700770077624"
42296248,28/02/2025,Chỉ hơn 70tr/m2 quỹ căn đẹp giá rẻ nhất thị trường dự án căn hộ cao cấp tháp đôi Kepler Land Mỗ Lao,Giá thỏa thuận,68 m²,N/A,2,2,"Mỗ Lao, Hà Đông","20.9857179657048, 105.780484785229"
42290349,28/02/2025,"Tổng hợp căn bán 2pn, 3pn. Dự án chung cư HH2 Xuân Mai Complex Dương Nội","3,15 tỷ",62 m²,"50,81 tr/m²",2,2,"Yên Nghĩa, Hà Đông","20.959646991226403, 105.74197522831939"
42180846,27/02/2025,Sắp ra mắt Tháp đôi Kepler Land biểu tượng KĐT Mỗ Lao giá tốt nhất Hà Đông dự kiến từ 8X triệu/m2,Giá thỏa thuận,45 m²,N/A,1,1,"Mỗ Lao, Hà Đông","20.9859794518939, 105.779990817788"
42175321,26/02/2025,Nhận booking sớm căn 2PN dự án The Charm An Hưng (số lượng giới hạn) LH 0918 518 ***,Giá thỏa thuận,74 m²,N/A,2,2,"La Khê, Hà Đông","20.9742969710975, 105.760952514185"
42354050,06/03/2025,"CHÍNH CHỦ BÁN CĂN HỘ CC SAMSORA PREMIER 105 CHU VĂN AN, YẾT KIÊU,HÀ ĐÔNG","5,7 tỷ",92 m²,"61,96 tr/m²",3,2,"Vạn Phúc, Hà Đông","20.9746645620928, 105.777581669396"
37898909,06/03/2025,"Tổng hợp CHUNG CƯ HÀ ĐÔNG KĐT Xa La tháng 3/2025 - xem nhà 24/7 - GIÁ CHỈ TỪ 2.6 tỷ, 2PN - nhà đẹp","2,6 tỷ",54 m²,"48,15 tr/m²",2,2,"Phúc La, Hà Đông","20.9624671936035, 105.792366027832"
42353415,06/03/2025,"Bán căn Góc 2PN 75.5m2- BC Đông Nam - cửa Tây Bắc, đồ cơ bản, Sổ đỏ 4 tỷ (có thuong lượng)",4 tỷ,72 m²,"55,56 tr/m²",2,2,"La Khê, Hà Đông","20.97579706159083, 105.76113525869962"
42352872,06/03/2025,HÀNG HIẾM CHUNG CƯ MINI ngay BẾN XE YÊN NGHĨA 50/56m 7 tầng 15 phòng ĐỪNG BỎ LỠ CƠ HỘI ĐẦU TƯ,"14,8 tỷ",50 m²,296 tr/m²,15,15,"Yên Nghĩa, Hà Đông","20.9486670941507, 105.746684721121"
41762066,06/03/2025,"Chính chủ cần bán gấp căn hộ CT7F dt 54m Dương Nội, 2PN, full nội thất lung linh, vào ở luôn",Giá thỏa thuận,55 m²,N/A,2,1,"Dương Nội, Hà Đông","20.9798679351807, 105.743919372559"
42103340,06/03/2025,Cập nhật quỹ căn hộ 2 - 3 - 4 ngủ chuyển nhượng giá tốt nhất tại HPC Landmark - giá chuẩn ko chênh,"6,8 tỷ",135 m²,"50,37 tr/m²",3,3,"La Khê, Hà Đông","20.9735511836755, 105.758627940608"
42350690,06/03/2025,"(Giá thật) Tôi chính chủ bán căn 134m toà S4, tầng trung, 3N2W, full nội thất, giá 10,5 tỷ","10,5 tỷ",134 m²,"78,36 tr/m²",3,2,"Mỗ Lao, Hà Đông","20.987028075744668, 105.78683616896905"
42350020,06/03/2025,"Chính chủ cần bán căn hoa hậu, chung cư TSQ Mỗ Lao, cực thoáng, đầy đủ tiện nghi, chỉ nhỉnh 12 tỷ","12,2 tỷ",225 m²,"54,22 tr/m²",4,3,"Mỗ Lao, Hà Đông","20.9827611989921, 105.781729826666"
42348113,06/03/2025,"Chung cư The Pride - Aeon Mall Hà đông căn hộ được tìm kiếm nhiều nhất, 98.3m2 3PN, giá 5,2 tỷ","5,2 tỷ","98,3 m²","52,9 tr/m²",3,2,"La Khê, Hà Đông","20.975642511156995, 105.76232497251955"
40182464,06/03/2025,"Chính chủ cần bán căn hộ The Pride, Tố Hữu, Hà Đông 75m2 góc đẹp","3,95 tỷ",75 m²,"52,67 tr/m²",2,2,"La Khê, Hà Đông","20.9760246276855, 105.761596679688"
41999852,05/03/2025,"PKD CĐT An Hưng ra mắt sản phẩm: Ưu tiên chọn - căn, chọn - Tầng cho Quý khách hàng. Booking - ngay",Giá thỏa thuận,54 m²,N/A,2,1,"La Khê, Hà Đông","20.9747419733219, 105.760713314661"
38600241,05/03/2025,"Bán quỹ căn hộ chung cư Usilk City 2 - 3 phòng ngủ, giá rẻ nhất thị trường","4,25 tỷ","79,4 m²","53,53 tr/m²",2,2,"La Khê, Hà Đông","20.974389809558193, 105.7610638625362"
41842775,05/03/2025,Tổng hợp quỹ căn hộ đang bán tại chung cư The Pride giá rẻ nhất thị trường,"3,75 tỷ",70 m²,"53,57 tr/m²",2,2,"La Khê, Hà Đông","20.9760172488908, 105.761614898577"
42339804,05/03/2025,"Quỹ căn CC đẹp, 2-3 PN + 2WC tại Hà Đông,chỉ cần từ 1,5 tỷ Ân hạn lãi - gốc, 54m2 96m2, full ltường",4 tỷ,72 m²,"55,56 tr/m²",2,2,"La Khê, Hà Đông","20.974410662396412, 105.76036389848622"
41637862,05/03/2025,Cập nhập quỹ căn 2 - 3 ngủ Xuân Mai Tô Hiệu - Hà Đông ( tại đây ạ ),"3,2 tỷ",57 m²,"56,14 tr/m²",2,2,"Hà Cầu, Hà Đông","20.962711, 105.77343"
42339149,05/03/2025,"Độc quyền quỹ căn (1-2-3PN) giá ngoại giao. Ưu tiên chọn căn, chọn tầng tại tháp đôi Kepler Land",Giá thỏa thuận,45 m²,N/A,1,N/A,"Mỗ Lao, Hà Đông","20.986237768712645, 105.77961662216704"
42338413,05/03/2025,"Bán căn hộ 2PN, 2VS SĐCC full nội thất, giá chỉ 3,x tỷ tại KĐT Xa La, Phúc La, Hà Đông, Hà Nội","3,19 tỷ",68 m²,"46,91 tr/m²",2,2,"Phúc La, Hà Đông","20.962249186210997, 105.79227325025853"
35108880,05/03/2025,"Tổng hợp các căn hộ chung cư Văn Khê 3 phòng ngủ, 2 phòng ngủ giá rẻ - 0982 753 ***","3,65 tỷ",74 m²,"49,32 tr/m²",2,2,"La Khê, Hà Đông","20.97216118527831, 105.76090961610174"
42337351,05/03/2025,"Bán căn hộ 2N, 3N CC CT1, 2, 3 Bộ Tư Lệnh Thủ Đô, Yên Nghĩa, Hà Đông. LH 0911 483 ***","3,18 tỷ",73 m²,"43,56 tr/m²",2,2,"Yên Nghĩa, Hà Đông","20.954842981387444, 105.74063097388715"
42336489,05/03/2025,Grand Sunlake Văn Quán - 70m2 - 92m2 - 112m2. Sổ đỏ lâu dài. Giá tốt nhất,Giá thỏa thuận,70 m²,N/A,2,2,"Văn Quán, Hà Đông","20.9796340604254, 105.787101434503"
40591757,05/03/2025,Cập nhật quỹ căn 2 - 3 - 4 ngủ Hyundai liên tục tại đây ạ - Em Đạt cư dân Hyundai,8 tỷ,136 m²,"58,82 tr/m²",3,2,"Hà Cầu, Hà Đông","20.9636821746826, 105.773704528809"
42334399,04/03/2025,"Bán căn hộ 3PN, 2WC tại Mulberry Lane, giá thỏa thuận, 128m2, Q. Hà Đông, HN, chính chủ, view đẹp",Giá thỏa thuận,128 m²,N/A,3,2,"Mỗ Lao, Hà Đông","20.987115866997446, 105.7859883894812"
42331437,04/03/2025,"Quỹ căn 3PN V1 và V2 CC The Terra An Hưng, 6 tỷ VND, 110m2, 3PN, 2WC, đẹp - LH 0981 960 ***",6 tỷ,110 m²,"54,54 tr/m²",3,2,"La Khê, Hà Đông","20.972462180646318, 105.75652805289349"
30854352,04/03/2025,Hiếm ban công Đông Nam 3PN Mulberry tòa D DT 127m2 full nội thất đẹp - 0981 960 ***,Giá thỏa thuận,127 m²,N/A,3,2,"Mỗ Lao, Hà Đông","20.9865188598633, 105.786399841309"
18498582,04/03/2025,Xả hàng đầu năm 2025 quỹ căn độc quyền rẻ Seasons Avenue 75m2 - 80m2 - 117m2 - 122m2 - 138m2,Giá thỏa thuận,105 m²,N/A,3,2,"Mỗ Lao, Hà Đông","20.9874956888947, 105.78683829603818"
42183709,04/03/2025,Cần bán gấp căn hộ 2 ngủ 2 vệ sinh tầng trung chỉ hơn 3 tỷ,"3,1 tỷ",62 m²,50 tr/m²,2,2,"Yên Nghĩa, Hà Đông","20.959730783041, 105.741830689035"
41998103,04/03/2025,"Giảm Giá Bán Nhanh, căn góc tầng 25 tòa CT6 Xa La 84m2, 3pn, 2vs, sổ đỏ giá chỉ 3,48 tỷ. Có TL","3,48 tỷ",84 m²,"41,43 tr/m²",3,2,"Phúc La, Hà Đông","20.9622741845287, 105.792096911489"
42327679,04/03/2025,"Bán 2N Xuân Mai Complex, Yên Nghĩa, tầng trung, hướng mát","2,85 tỷ",55 m²,"51,82 tr/m²",2,2,"Yên Nghĩa, Hà Đông","20.9590396283053, 105.7421371919332"
42325921,04/03/2025,"BÁN NHANH - Mulberry Lane 154m2 toà C và B giá từ 7,6 tỷ. LH em Tùng - 0373*237557 để được tư vấn.","7,6 tỷ",154 m²,"49,35 tr/m²",3,2,"Mỗ Lao, Hà Đông","20.9831726304334, 105.782158332686"
42324794,04/03/2025,"Bán căn hộ 3PN tại HPC Landmark 105, 6 tỷ, 106m2, nhà đẹp giá rẻ",6 tỷ,106 m²,"56,6 tr/m²",3,2,"La Khê, Hà Đông","20.974085263442216, 105.75828081390145"
42324542,04/03/2025,"Bán CC 3PN đẹp xuất sắc ở Usilk City, 4,9 tỷ, 94m2, Hà Đông, HN","4,9 tỷ",94 m²,"52,13 tr/m²",3,2,"La Khê, Hà Đông","20.9747432205611, 105.760322969042"
42324599,04/03/2025,Hơn 3 tỷ - chung cư cao cấp TNR 430 Vạn Phúc Hà Đông - 2 ngủ tầm tiền trung tâm,"3,89 tỷ",68 m²,"57,21 tr/m²",2,2,"Vạn Phúc, Hà Đông","20.9782683136944, 105.773355078477"
42323921,04/03/2025,Cần bán gấp giá nào cũng bán căn 135 m2 CT2 Văn Khê Hà Đông,Giá thỏa thuận,135 m²,N/A,3,2,"La Khê, Hà Đông","20.971948181293875, 105.76178927331209"
41797447,03/03/2025,Bán căn 3PN mẫu C 91m2 hướng Đông tại CC Park Kiara - ParkCity Hà Nội giá tốt nhất LH 0968 450 ***,"8,65 tỷ",91 m²,"95,06 tr/m²",2,2,"La Khê, Hà Đông","20.9673748016357, 105.754013061523"
42175402,03/03/2025,Chính chủ Bán căn chung cư CT8 Dương Nội Hà Đông,39 tỷ,86 m²,"453,49 tr/m²",2,2,"Dương Nội, Hà Đông","20.98043737126554, 105.75466358638567"
42320355,03/03/2025,Quỹ căn tốt nhất tại HPC 105 Tố Hữu hiện tại,6 tỷ,106 m²,"56,6 tr/m²",3,2,"La Khê, Hà Đông","20.9729306469317, 105.758641870737"
42151109,03/03/2025,"Tổng hợp các căn 2PN, 3PN đang chuyển nhượng tại chung cư Usilk City tháng 3/2025. Giá tốt nhất","5,5 tỷ",116 m²,"47,41 tr/m²",3,2,"La Khê, Hà Đông","20.974757670659, 105.761254908092"
42320095,03/03/2025,"The Charm An Hưng: Giá đợt 1 kí hđ trực tiếp CĐT, Quỹ căn đẹp giá đầu tư.Giá HTLS 0% trong 15 tháng","5,62 tỷ",77 m²,73 tr/m²,2,N/A,"La Khê, Hà Đông","20.974373982805577, 105.76031149442223"
42291867,03/03/2025,"Chính chủ bán căn hộ 66 - 78m2 tại Khu đô thị Thanh Hà Mường Thanh, giá chỉ từ 2,5 tỷ - 2,6 tỷ","2,5 tỷ",78 m²,"32,05 tr/m²",2,2,"Kiến Hưng, Hà Đông","20.939884662303715, 105.78644019675983"
42315911,03/03/2025,"Hot giá tốt nhất The Charm AN Hưng, mua là lãi",Giá thỏa thuận,72 m²,N/A,2,2,"La Khê, Hà Đông","20.97501816282027, 105.76143425503014"
42315562,03/03/2025,"Chính chủ bán các loại căn hộ 225m2, 176m2, 123m2, 174m2 dự án TSQ Mỗ Lao. Liên hệ: 0965 610 ***",Giá thỏa thuận,225 m²,N/A,3,2,"Mỗ Lao, Hà Đông","20.9788192884215, 105.783364282372"
42314728,03/03/2025,Chính chủ cần bán căn 76m2 chung cư Seasons Avenue Mỗ Lao Hà Đông giá từ 5 tỷ,Giá thỏa thuận,76 m²,N/A,2,2,"Mỗ Lao, Hà Đông","20.986483780125873, 105.78620009418557"
42313267,03/03/2025,"Chung cư The Charm An Hưng mở bán Quỹ căn độc quyền, suất ngoại giao -Bán trực tiếp CĐT, giá tốt",Giá thỏa thuận,"77,8 m²",N/A,N/A,N/A,"La Khê, Hà Đông","20.974927688403618, 105.76052651686119"
41272918,02/03/2025,"Tổng hợp quỹ căn The Pride, 2Pn giá từ 3,7 tỷ, 3PN giá từ 4,5 tỷ, 146m2 giá từ 6,2 tỷ, sổ cất két","4,5 tỷ",103 m²,"43,69 tr/m²",3,3,"La Khê, Hà Đông","20.9760246276855, 105.761596679688"
42311315,02/03/2025,"Bán CC The Pride, 3,7 tỷ, 73 m2, 2PN, 2VS, tầng trung, full đồ, sổ đỏ cất két.","3,7 tỷ",73 m²,"50,68 tr/m²",2,2,"La Khê, Hà Đông","20.9760246276855, 105.761596679688"
42310975,02/03/2025,Chính thức mở bán căn hộ chung cư cao cấp The Charm An Hưng - Hà Đông - HN - 0385 787 ***,Giá thỏa thuận,"95,1 m²",N/A,3,2,"La Khê, Hà Đông","20.974859220358, 105.760271291179"
42309546,02/03/2025,Cập nhật quỹ căn chuyển nhượng mới nhất Hyundai Hillstate - E. Phượng cư dân Hyundai,"8,5 tỷ",139 m²,"61,15 tr/m²",3,2,"Hà Cầu, Hà Đông","20.96362705383253, 105.77424988100566"
42309535,02/03/2025,Cập nhật quỹ căn HPC Landmark chuyển nhượng giá tốt nhất,"7,3 tỷ",143 m²,"51,05 tr/m²",4,3,"La Khê, Hà Đông","20.973927642302943, 105.75894658178198"
42166569,02/03/2025,"Quỹ căn ngoại giao sở hữu lâu dài dự án Grand Sunlake, mới nhất 2025","4,8 tỷ",96 m²,50 tr/m²,3,2,"Văn Quán, Hà Đông","20.97952804249516, 105.78797310881373"
42299431,28/02/2025,"Rẻ nhất thị trường, chính chủ bán gấp CHCC full nội thất 52,3m2 2 PN CT4C Xa La, Hà Đông",Giá thỏa thuận,"52,3 m²",N/A,2,1,"Phúc La, Hà Đông","20.963255510595154, 105.79280677030714"
42043492,28/02/2025,Chính chủ bán căn 68m2 hướng Đông Bắc duy nhất K Park tầng trung,"4,29 tỷ",68 m²,"63,09 tr/m²",2,2,"Phúc La, Hà Đông","20.96021011655164, 105.79175553449535"
42151297,28/02/2025,"Tổng hợp các căn 2 PN, 3PN đang giao dịch tại chung cư The Pride tháng 3/2025. Giá cực tốt","3,75 tỷ",70 m²,"53,57 tr/m²",2,2,"La Khê, Hà Đông","20.9754836555126, 105.761126310272"
42297888,28/02/2025,"Chính chủ cần bán nhà đẹp ở ngay Hemisco Xa La, 88m2, 2PN, 2WC, pháp lý đầy đủ - 0981 960 ***","4,2 tỷ",88 m²,"47,73 tr/m²",2,2,"Phúc La, Hà Đông","20.9618831368924, 105.795184681232"
41610308,28/02/2025,"BÁN CĂN 60m2 2PN 2WC 2 BC , CĂN GÓC SÁNG THOÁNG - TẦNG TRUNG - ĐỒ NTCB . GIÁ BÁN TỐT 3.15 TỶ Có TL.","3,15 tỷ",60 m²,"52,5 tr/m²",2,2,"Kiến Hưng, Hà Đông","20.95257088577578, 105.79034531692912"
42297565,28/02/2025,"Mở bán đợt 1 dự án Charm An Hưng, Tố Hữu, Hà Đông. Giá cực tốt cho đợt 1",Giá thỏa thuận,54 m²,N/A,2,2,"La Khê, Hà Đông","20.9746345104966, 105.760474276062"
42296286,28/02/2025,"Vô cùng ưu đãi! Sở hữu căn CC 2PN, 2WC tại The Charm An Hưng, 60m2 Hà Đông, HN",Giá thỏa thuận,60 m²,N/A,2,2,"La Khê, Hà Đông","20.974807439052974, 105.75987225075573"
42263683,28/02/2025,Chính chủ bán căn hộ dự án Mulberry phường Mỗ Lao Quận Nam Từ Liêm,"6,7 tỷ",127 m²,"52,76 tr/m²",N/A,N/A,"Mỗ Lao, Hà Đông","20.9864310292478, 105.786641318979"
42295019,28/02/2025,"Bán chung cư Mipec Kiến Hưng, Hà Đông, 57m2, 2 ngủ, giá tốt","2,99 tỷ",57 m²,"52,46 tr/m²",2,2,"Kiến Hưng, Hà Đông","20.95253790536407, 105.78995237912387"
42290718,28/02/2025,Mở bán suất ưu tiên đợt 1 - The Charm An Hưng Hà Đông - giá cực tốt cho gia đình nhanh tay,Giá thỏa thuận,54 m²,N/A,2,2,"La Khê, Hà Đông","20.974501616442147, 105.76074999955817"
42290213,28/02/2025,"Tổng hợp các căn hộ cần bán chung cư CT7, CT8 Dương Nội chỉ từ 2.7 tỷ","2,7 tỷ",54 m²,50 tr/m²,N/A,N/A,"Dương Nội, Hà Đông","20.980057048204554, 105.7437016905541"
42288038,28/02/2025,Cần bán gấp căn hộ tầng 8 -135m2 -3 ngủ full nội thất đẹp tại CT2 Văn Khê giá chỉ 5 tỷ: 0976 572 ***,5 tỷ,135 m²,"37,04 tr/m²",3,2,"La Khê, Hà Đông","20.971941462006527, 105.76158744335078"
39166741,27/02/2025,"Bán gấp căn hộ The Vesta - Hà Đông 62m2 2WC, tầng trung, SĐCC, nội thất mới, giá rẻ nhỉnh 2 tỷ",Giá thỏa thuận,62 m²,N/A,2,2,"Phú Lãm, Hà Đông","20.9465711997471, 105.755642490561"
42275894,27/02/2025,Bán quỹ căn hộ 1-2-3 ngủ tòa Thiên Niên Kỷ giá thương lượng diện tích 50-55-76-90-100-115m,"4,1 tỷ",60 m²,"68,33 tr/m²",2,2,"Quang Trung, Hà Đông","20.9732631161246, 105.777881178525"
42120916,26/02/2025,"Chính chủ e bán căn góc 118 m2 tòa V2 tầng 21, 3 phòng ngủ 2 vs chung cư Victoria Văn Phú Hà Đông",Giá thỏa thuận,118 m²,N/A,3,2,"Phú La, Hà Đông","20.960492428164827, 105.76757401509703"
42131220,26/02/2025,"Chính chủ hạ giá bán rẻ căn góc 67m2, 2 ngủ 2vs full nội thất mới KĐT Thanh Hà, Hà Đông, Hà Nội","2,5 tỷ",67 m²,"37,31 tr/m²",2,2,"Kiến Hưng, Hà Đông","20.940568249410443, 105.78702142965159"
38619623,26/02/2025,Em Hà Phương bán gần trăm căn hộ chung cư tại KĐT Xa La. Hotline 0986 186 ***,"2,85 tỷ",63 m²,"45,24 tr/m²",2,2,"Phúc La, Hà Đông","20.9624671936035, 105.792366027832"
41964239,25/02/2025,"Chính chủ bán chung cư Bình Vượng, diện tích 91,9m2 3 ngủ 2 vệ sinh, giá 4,4 tỷ có thương lượng","4,4 tỷ","91,9 m²","47,88 tr/m²",3,2,"Quang Trung, Hà Đông","20.966978097873, 105.76893846331"
42001279,25/02/2025,"Chính chủ cần bán CH Goldsilk Complex Hà Đông, DT 122m2 gồm 4 ngủ 3VS Full nội thất mới, Giá 7tỷ",7 tỷ,122 m²,"57,38 tr/m²",4,3,"Vạn Phúc, Hà Đông","20.9788405470138, 105.772981617331"
41932151,25/02/2025,"Chính chủ trên sổ bán chung cư FLC, diện tích 113,3m2 4 ngủ 2 vệ sinh, giá 5.85 tỷ có thương lượng","5,85 tỷ","113,3 m²","51,63 tr/m²",4,2,"Quang Trung, Hà Đông","20.9627148770868, 105.765271336241"
42255482,24/02/2025,Bán nhanh căn hộ 2PN (54m2) tại The Charm An Hưng - Hà Đông (suất ngoại giao),Giá thỏa thuận,54 m²,N/A,2,1,"La Khê, Hà Đông","20.974717683985368, 105.76012018397779"
42235819,22/02/2025,"Bán căn hộ chung cư đẹp tại Lê Trọng Tấn, 5,8 tỷ, 140m2, đầy đủ nội thất","5,8 tỷ",140 m²,"41,43 tr/m²",3,2,"La Khê, Hà Đông","20.9640358806884, 105.764468378728"
42101252,20/02/2025,Chính chủ cần bán căn hộ 2 ngủ 1 wc full đồ mới đẹp ở toà Thiên Niên Kỉ đối diện bưu điện Hà Đông,"4,25 tỷ","54,5 m²","77,98 tr/m²",2,1,"Quang Trung, Hà Đông","20.9733385373564, 105.778517500969"
42123820,20/02/2025,"Chính chủ - bán căn 71m2, số 197 Trần Phú, Hà Đông, full nội thất cao cấp, SHR, có thương lượng","4,05 tỷ",71 m²,"57,04 tr/m²",2,2,"Văn Quán, Hà Đông","20.9803030990033, 105.787641822999"
42319381,06/03/2025,"Bán CC 2PN 2WC tại Seasons Avenue, 5,4 tỷ, 73m2, nhà đẹp hướng mát, full nội thất sẵn sổ đỏ","5,4 tỷ",73 m²,"73,97 tr/m²",2,2,"Mỗ Lao, Hà Đông","20.98618604452, 105.786714738985"
41129244,06/03/2025,Chính chủ cần bán gấp căn hộ 3 ngủ 90m2 tại The Pride Hải Phát - Hà Đông giá 4.3 tỷ. Sẵn sổ,"4,5 tỷ",92 m²,"48,91 tr/m²",3,2,"La Khê, Hà Đông","20.9760246276855, 105.761596679688"
38739958,06/03/2025,Em Hà Phương bán nhiều căn hộ tòa CT6 Xa La. Hotline 0986 186 ***,"2,8 tỷ",66 m²,"42,42 tr/m²",2,2,"Phúc La, Hà Đông","20.9624671936035, 105.792366027832"
42313139,06/03/2025,5 suất ngoại giao 54m2 giá tốt nhất cho khách hàng mua dự án The Charm An Hưng Hà Đông,Giá thỏa thuận,54 m²,N/A,2,1,"La Khê, Hà Đông","20.9745328951682, 105.76021832036"
40447453,06/03/2025,"Hàng hiếm! Chính chủ bán gấp căn 75m2 CC The Terra An Hưng, 2PN, 2VS full nội thất. Giá bán 4,3 tỷ","4,3 tỷ",75 m²,"57,33 tr/m²",2,2,"Dương Nội, Hà Đông","20.9732059024869, 105.757287524864"
42312459,06/03/2025,"Bán nhanh căn hộ 2pn 72m2 4,8 tỷ dự án The Charm An Hưng giá tốt nhất chủ đầu tư","4,8 tỷ",72 m²,"66,67 tr/m²",2,2,"La Khê, Hà Đông","20.974293236491, 105.759975155458"
42146421,06/03/2025,"Bán căn hộ duy nhất tại Anland LakeView Dt 120 m2 3 ngủ 2 vs + sân vườn, view Hồ thoáng giá 7.7 tỷ","7,5 tỷ",120 m²,"62,5 tr/m²",3,2,"Dương Nội, Hà Đông","20.982489311024853, 105.75747303796155"
42251880,06/03/2025,"Căn hộ 2PN cho người Tây Tứ trạch tại Kepler Land Mỗ Lao, Ngân hàng Vietcombak giải ngân",Giá thỏa thuận,66 m²,N/A,2,2,"Mỗ Lao, Hà Đông","20.9854987593539, 105.780318748541"
42350097,06/03/2025,"Gia đình thiện chí bán căn góc 98m2 3pn 2vs tầng trung, view thoáng, sẵn sổ giao dịch, giá 5.2 tỷ","5,2 tỷ",98 m²,"53,06 tr/m²",3,2,"La Khê, Hà Đông","20.9757525460811, 105.760764126356"
42349945,06/03/2025,"Chuyển lên trung tâm, GĐ thiện chí bán căn hộ 2pn 2vs 73m2 nhà đẹp, có sổ giá 3.65 tỷ","3,65 tỷ",73 m²,50 tr/m²,2,2,"La Khê, Hà Đông","20.9755687020742, 105.760894386092"
42355619,06/03/2025,Ban căn cc tòa ct5 xala 72m 2 ngủ 2vs đã có sổ hỗ trợ vay bank nhà đẹp như hình giá 3.360 tỷ,"3,36 tỷ",72 m²,"46,67 tr/m²",2,2,"Phúc La, Hà Đông","20.9734761368529, 105.794293504646"
38632005,06/03/2025,"BÁN CĂN 2 PN, S= 65 có đồ. Gía 3.1x tỷ. Dự án Chung cư Xuân Mai complex Dương Nội",Giá thỏa thuận,65 m²,N/A,2,1,"Yên Nghĩa, Hà Đông","20.9597759246826, 105.741882324219"
42311875,06/03/2025,"Bán Căn Hộ 3 Ngủ Vip Tại KĐT Thanh Hà , 80m2 , Full Nội Thất Hiện Đại , Toà Mới Hh03 , Tầng Trung","2,9 tỷ",80 m²,"36,25 tr/m²",3,2,"Kiến Hưng, Hà Đông","20.939758009010028, 105.78674145994799"
41203245,06/03/2025,"Bán căn hộ chung cư Thanh Hà góc vip view hồ, full nội thất xịn, thiết kế 2 ngủ, 2 wc","2,9 tỷ",80 m²,"36,25 tr/m²",2,2,"Kiến Hưng, Hà Đông","20.9547485935251, 105.789995206323"
42316803,06/03/2025,"Bán gấp căn hộ 2PN, 2WC giá tốt tại Thanh Hà, 63m2, khu 5 Tòa Mới Mặt Đường","2,3 tỷ",63 m²,"36,51 tr/m²",2,2,"Kiến Hưng, Hà Đông","20.940049597430814, 105.78749660488555"
42316487,06/03/2025,"Bán Căn Hộ Chung Cư Thanh Hà Mường Thanh Sang Xịn 67m2 , Toà Mới Hh03A ,2 Ngủ , 2wc , Giá hợp Lý","2,5 tỷ",67 m²,"37,31 tr/m²",2,2,"Kiến Hưng, Hà Đông","20.939287735131405, 105.78762084079659"
41229526,06/03/2025,Bán quỹ căn hộ chung cư The Pride 2 phòng ngủ giá rẻ nhất thị trường,"3,9 tỷ",70 m²,"55,71 tr/m²",2,2,"La Khê, Hà Đông","20.9760246276855, 105.761596679688"
42094017,06/03/2025,"Bán căn hộ 2PN, 2WC tại The Terra An Hưng, 4,5 tỷ, 68m2","4,5 tỷ",68 m²,"66,18 tr/m²",2,2,"La Khê, Hà Đông","20.973100556547994, 105.75730963682402"
40420615,06/03/2025,"Gia đình cần bán căn hộ chung cư Usilk City. DT 88m2. Ban công vườn treo. căn cực hiếm, hướng nam",Giá thỏa thuận,88 m²,N/A,2,2,"La Khê, Hà Đông","20.9744720458984, 105.760879516602"
35235972,06/03/2025,Bán quỹ căn hộ Văn Khê mới nhất 2 phòng ngủ từ CT1 - CT6 giá rẻ nhất thị trường,"3,8 tỷ",91 m²,"41,76 tr/m²",2,2,"La Khê, Hà Đông","20.972412109375, 105.761528015137"
34820822,06/03/2025,Gia đình cần bán gấp căn hộ HPC Landmark 105 DT 86m2 gồm 2PN 2VS full đồ đẹp tầng trung. Giá 4.95tỷ,"4,95 tỷ",86 m²,"57,56 tr/m²",2,2,"La Khê, Hà Đông","20.9736671447754, 105.758712768555"
40256860,06/03/2025,"Bán căn hộ chung cư CT1 The Pride. DT 75m2 gồm 2PN tầng trung đẹp, ban công Đông Nam, full đồ",Giá thỏa thuận,75 m²,N/A,2,2,"La Khê, Hà Đông","20.9760246276855, 105.761596679688"
42107266,06/03/2025,"Bán căn hộ 2PN, 2WC tại The Pride, 3,75 tỷ, 73m2, Hà Đông, Hà Nội, nhiều tiện ích đẹp","3,75 tỷ",73 m²,"51,37 tr/m²",2,2,"La Khê, Hà Đông","20.976349925050854, 105.76159849429659"
39770371,06/03/2025,"Gia đình cần bán căn hộ chung cư Xuân Mai. Diện tích 120m2 gồm 3PN, nhà full đồ. Giá 6.05 tỷ","6,05 tỷ",120 m²,"50,42 tr/m²",3,2,"Hà Cầu, Hà Đông","20.9627113342285, 105.773429870605"
35962798,06/03/2025,"Gia đình cần bán gấp căn hộ Usilk City, diện tích 94m2 gồm 3PN, 2WC, giá 4.95 tỷ","4,95 tỷ",94 m²,"52,66 tr/m²",3,2,"La Khê, Hà Đông","20.9744720458984, 105.760879516602"
41663952,06/03/2025,Căn hộ tháp đôi The Kepler Land Mỗ Lao Hà Đông chiết khấu 3% cho khách hàng đăng kí sớm,Giá thỏa thuận,54 m²,N/A,1,1,"Mỗ Lao, Hà Đông","20.9854621887207, 105.780006408691"
42355333,06/03/2025,"Cần bán nhanh căn hộ 69m2, toà HH03B-B2.1 KĐT Thanh Hà Mường Thanh, giá hơn 2,4 tỷ.0985 020 ***","2,44 tỷ",69 m²,"35,36 tr/m²",2,2,"Kiến Hưng, Hà Đông","20.939667994702585, 105.78721457732443"
42355161,06/03/2025,"Bán CC 3PN 2WC tại Samsora Premier, 5,2 tỷ, 90m2, Q. Hà Đông, HN, giá ưu đãi chính chủ","5,2 tỷ",90 m²,"57,78 tr/m²",3,2,"Quang Trung, Hà Đông","20.974937023512258, 105.77770117345446"
30003946,06/03/2025,Chuyển nhượng quỹ căn hot 1N-2N-3N từ 3x tỷ đến 6x tỷ tại tòa Thiên Niên Kỷ Hà Đông,Giá thỏa thuận,62 m²,N/A,2,2,"Quang Trung, Hà Đông","20.9784491458761, 105.781543731689"
42355232,06/03/2025,Chính Chủ Bán Căn Hộ Lacasta Văn Phú Hà Đông Dt : 112 Nguyên Bản LH: 0929 656 ***,Giá thỏa thuận,112 m²,N/A,3,2,"Văn Quán, Hà Đông","20.98012872824768, 105.78825146463382"
42355221,06/03/2025,"Giá chuẩn - bán căn 92.3m2, 2 ngủ 2WC full đồ đẹp chung cư Thiên Niên Kỷ Hà Đông, giá 5,5 tỷ","5,5 tỷ","92,4 m²","59,52 tr/m²",2,2,"Quang Trung, Hà Đông","20.973186940973687, 105.7780117773962"
42355217,06/03/2025,"CỰC SỐC. Căn hộ góc full đồ chung cư Thanh Hà Mường Thanh, giá hơn 2 tỷ.",Giá thỏa thuận,67 m²,N/A,2,2,"Kiến Hưng, Hà Đông","20.939212457546105, 105.78704728457029"
42355136,06/03/2025,"Bán CH 3PN, 2WC, 80m2 tại Samsora Premier, 4,75 tỷ, Hà Đông, HN - hàng hiếm view đẹp","4,75 tỷ",80 m²,"59,38 tr/m²",3,2,"Quang Trung, Hà Đông","20.975182614222692, 105.77653860159992"
42355114,06/03/2025,"Bán CH 2PN, 2WC tại Samsora Premier, 4,2 tỷ, 70m2, Hà Đông, Hà Nội","4,2 tỷ",70 m²,60 tr/m²,2,2,"Quang Trung, Hà Đông","20.975247916715183, 105.7768950115058"
42236821,06/03/2025,"Bán CC The Sparks, 2,75 tỷ, 56,5m2, 2PN, 1WC, view đẹp, tiện ích đầy đủ tại Dương Nội, Hà Đông, HN","2,75 tỷ","56,5 m²","48,67 tr/m²",2,1,"Dương Nội, Hà Đông","20.979510167931608, 105.74393291928428"
42218296,06/03/2025,Dự án Tháp Đôi Kepler Land trung tâm Mỗ Lao full nội thất giá dự kiến từ 7x tr/m2,Giá thỏa thuận,66 m²,N/A,2,N/A,"Mỗ Lao, Hà Đông","20.985890779397405, 105.78004216603465"
42337335,06/03/2025,"Chính chủ bán căn 2 phòng ngủ 67m2 Xuân Mai Riverside Thanh Bình. Giá 4,05 tỷ","4,05 tỷ",67 m²,"60,45 tr/m²",2,2,"Mỗ Lao, Hà Đông","20.98519485127526, 105.77902501226782"
33974122,06/03/2025,"Chính chủ cần bán gấp căn 2PN - 2VS - 74m2 tòa Booyoung Mỗ Lao, Hà Đông",Giá thỏa thuận,74 m²,N/A,2,2,"Mỗ Lao, Hà Đông","20.983375549316406, 105.78353118896484"
39501949,06/03/2025,"Em cần bán căn A (60m2) 1N+1 ở Park Kiara - Park City rẻ nhất thị trường giá 5,7 tỷ. LH: 0397 588 ***","5,7 tỷ",60 m²,95 tr/m²,2,1,"La Khê, Hà Đông","20.9673748016357, 105.754013061523"
42332583,06/03/2025,"Bán CH 2PN view đẹp tại The Pride, 4,25 tỷ, 81m2, Tố Hữu, Hà Đông, Hà Nội","4,25 tỷ",81 m²,"52,47 tr/m²",2,2,"La Khê, Hà Đông","20.976142434923943, 105.76104856095297"
42015542,06/03/2025,"Hàng Hiếm! Bán Căn Hộ 75m2 Tại The Pride Giá Chỉ 3.65 tỷ Thiết Kế 2N Sang Trọng, Full Nội Thất Mới","3,65 tỷ",75 m²,"48,67 tr/m²",2,2,"La Khê, Hà Đông","20.975363783752492, 105.76162885342528"
42299934,06/03/2025,"Bán CH 3PN, 2WC, 86m2 CT8 C tại KĐTM Dương Nội, giá chỉ 3,9x tỷ",Giá thỏa thuận,86 m²,N/A,3,2,"Dương Nội, Hà Đông","20.97992407212321, 105.74382841033746"
42312395,06/03/2025,"Bán CC Xuân Mai Tower - CT2 Tô Hiệu, 3,35 tỷ, 60,5m2, 2PN, 1WC, hàng hot","3,35 tỷ","60,5 m²","55,37 tr/m²",2,1,"Hà Cầu, Hà Đông","20.963372909179068, 105.77378298767431"
42354788,06/03/2025,"Bán Chung cư FLC 418 quang trung DT 93m căn góc 3 ngủ 2 vệ sinh full nội thất chỉ 5,5 tỷ","5,5 tỷ",93 m²,"59,14 tr/m²",3,2,"Phú La, Hà Đông","20.9560870068814, 105.765930200487"
42274598,06/03/2025,"Gia đình bán căn 2 ngủ 80m2 tòa S2 Seasons Avenue full đồ, ban công Tây Nam, sổ đỏ","6,3 tỷ",80 m²,"78,75 tr/m²",2,2,"Mỗ Lao, Hà Đông","20.987535254010293, 105.78698913219404"
42282705,06/03/2025,"Gia đình bán căn 3 ngủ 94m2 tòa S3 Seasons Avenue full đồ ban công Đông Bắc, giá 7 tỷ, sổ đỏ",7 tỷ,94 m²,"74,47 tr/m²",3,2,"Mỗ Lao, Hà Đông","20.987239017863747, 105.78764280667525"
39916005,06/03/2025,"Bán CH 148m2 4PN, 3VS HPC105 - giá 7,x tỷ, tầng trung, full nội thất đẹp, 3 ban công hướng mát",Giá thỏa thuận,148 m²,N/A,4,3,"La Khê, Hà Đông","20.9736671447754, 105.758712768555"
42354549,06/03/2025,"Bán CC Góc đẹp xuất sắc tại Thanh Hà Mường Thanh, giá thỏa thuận, 66.58m2, 2PN, 2WC, giá tốt số 1",Giá thỏa thuận,"66,58 m²",N/A,2,2,"Kiến Hưng, Hà Đông","20.939608503285267, 105.78725495907464"
39743257,06/03/2025,"Bán gấp CH 75m2 (2PN - 2VS) The Pride, giá 3.x tỷ full NT mới 100%, tầng trung đẹp, BC Đông Nam",Giá thỏa thuận,75 m²,N/A,2,2,"La Khê, Hà Đông","20.9760246276855, 105.761596679688"
41931761,06/03/2025,"Hàng hiếm! Chính chủ bán căn 80m, hướng ĐN tại CT4 Yên Nghĩa - giá bán 3,55 tỷ, full nội thất","3,55 tỷ",80 m²,"44,38 tr/m²",2,2,"Yên Nghĩa, Hà Đông","20.953861377731503, 105.7415532256794"
42135860,06/03/2025,"Chính chủ bán căn CT4 Yên Nghĩa 67m2 bán giá rẻ nhất thị trường 43tr/m2, ban công Đông Nam",3 tỷ,67 m²,"44,78 tr/m²",2,1,"Yên Nghĩa, Hà Đông","20.953952536875487, 105.74057612855958"
42273063,06/03/2025,"Hàng hiếm! Chính chủ bán nhanh căn hộ 90m2 3PN 2WC chung cư CT4 Yên Nghĩa đẹp nhất khu. Giá 3,8 tỷ","3,8 tỷ",90 m²,"42,22 tr/m²",3,2,"Yên Nghĩa, Hà Đông","20.95425298882129, 105.74120386119489"
41946719,06/03/2025,"Bán 3 căn góc ngoại giao The charm An Hưng, ký hdmb luôn","7,32 tỷ","91,5 m²",80 tr/m²,3,3,"La Khê, Hà Đông","20.97429408586579, 105.75993656057402"
42354094,06/03/2025,"CẮT LỖ GIÁ NÀO CŨNG BÁN !!! CHÍNH CHỦ CẦN BÁN NHANH BÁN GẤP CĂN 3 NGỦ FULL ĐỒ , SĐCC TẠI TOÀ USILK",Giá thỏa thuận,94 m²,N/A,3,2,"La Khê, Hà Đông","20.974456982782627, 105.76164849563737"
42353696,06/03/2025,"Mở bán căn hộ chung cư tại siêu phẩm tòa tháp đôi Kepler Mỗ Lao, Hà Đông",Giá thỏa thuận,"65,5 m²",N/A,2,N/A,"Mỗ Lao, Hà Đông","20.985479956453855, 105.7799874859529"
42348353,06/03/2025,"Rẻ nhất thị trường cần thanh toán thẳng tiền mặt, bán nhanh căn 75m The Pride 2 phòng ngủ","3,68 tỷ",75 m²,"49,07 tr/m²",2,2,"La Khê, Hà Đông","20.975402313222258, 105.76164967300282"
42352506,06/03/2025,"Tháp đôi Kepler land Vũ Trọng Khánh, Mỗ Lao, Hà Đông mở bán tiêu chuẩn 5 sao",Giá thỏa thuận,74 m²,N/A,2,2,"Mỗ Lao, Hà Đông","20.9852829778101, 105.779646050221"
40478633,06/03/2025,"Chính chủ đăng bán căn rộng nhất CT6A - 70m2, 2PN, 2WC KĐT Xa La - chấp nhận trung gian","2,89 tỷ",74 m²,"39,05 tr/m²",2,2,"Phúc La, Hà Đông","20.9624671936035, 105.792366027832"
35061983,06/03/2025,"Chính chủ cần bán gấp căn 74m2 hướng Đông Nam dự án The Terra An Hưng giá 4,x tỷ full đồ, có sổ đỏ",Giá thỏa thuận,74 m²,N/A,2,2,"Dương Nội, Hà Đông","20.9743461608887, 105.754165649414"
39961437,06/03/2025,"Bán gấp, chấp nhận cắt lỗ - Căn góc 2ngủ BC Đông Nam cực hiếm CT6A KĐT Xa La: 67m2, SĐCC - TL sâu","2,75 tỷ",67 m²,"41,04 tr/m²",2,2,"Phúc La, Hà Đông","20.9624671936035, 105.792366027832"
42285228,06/03/2025,"Tôi bán gấp căn chung cư góc hiếm CT3: 63m2, 2pn, 2wc - KĐT Xa La giá chỉ 2 tỷ 990 triệu. Xem ngay","2,99 tỷ",63 m²,"47,46 tr/m²",2,2,"Phúc La, Hà Đông","20.96241657087451, 105.79222780426691"
42330039,06/03/2025,"Bán chung cư giá rẻ CT4 Khu đô thị Xa La, Hà Đông, nội thất mới, giá chỉ 2.6 tỷ, 53.4m2 2PN - Sổ đỏ","2,6 tỷ","53,4 m²","48,69 tr/m²",2,1,"Phúc La, Hà Đông","20.962366038613226, 105.79315708288667"
42353982,06/03/2025,"Chính chủ bán căn 2PN, 2WC, 79m2- tòa Hemisco - Khu Đô thị chung cư Xa La, Hà Đông. Nhà cực đẹp!","3,6 tỷ",79 m²,"45,57 tr/m²",2,2,"Phúc La, Hà Đông","20.962457170045575, 105.79567549458518"
39451710,06/03/2025,"Bán căn 3 ngủ 110 m2 tầng trung, hướng Đông Nam, ở luôn, view Panorama Hồ Văn Quán, full nội thất",6 tỷ,110 m²,"54,54 tr/m²",3,2,"Mỗ Lao, Hà Đông","20.9792900085449, 105.785461425781"
42352394,06/03/2025,"Hot! Căn hộ 2PN, 2WC, 77m2 tại Phú Lương, Hà Đông, 2,55 tỷ","2,55 tỷ",77 m²,"33,12 tr/m²",2,2,"Phú Lương, Hà Đông","20.9405882971373, 105.7686016059"
42218635,06/03/2025,"Bán chung cư Anland Premium 3PN 2VS diện tích 74m2 84m2 sẵn sổ, nhà mới đẹp giá 4,8 tỷ LH0911 460 ***","4,8 tỷ",84 m²,"57,14 tr/m²",3,2,"La Khê, Hà Đông","20.976961599644916, 105.76193063836219"
42353808,06/03/2025,"Gia đình bán căn chung cư Hà Đông - CT6 Xa la rất đẹp: 75m2, 2PN, 2WC - giá chỉ nhỉnh 2 tỷ 950 tr","29,5 tỷ",75 m²,"393,33 tr/m²",N/A,N/A,"Phúc La, Hà Đông","20.962218223236807, 105.79237834865664"
41080880,06/03/2025,"Diện tích rộng, giá siêu tốt chỉ 6xtr/m2, căn hộ Duakey tầng trung siêu đẹp tòa V1 BC Đông Nam","8,86 tỷ",140 m²,"63,29 tr/m²",4,3,"Dương Nội, Hà Đông","20.9743461608887, 105.754165649414"
42315422,06/03/2025,"Chuyển xuống thổ cư, em Giang chuyển nhượng căn hộ 90m2 Đông Nam. Tầng trung nhà full đồ cực đẹp","5,83 tỷ",90 m²,"64,78 tr/m²",3,2,"Dương Nội, Hà Đông","20.97270843046609, 105.7575956810009"
42315378,06/03/2025,"Đầu xuân năm mới, em Giang chuyển đổi lên căn 3pn cần sang nhượng căn 74m2 Đông Nam nhà cực đẹp","4,85 tỷ",74 m²,"65,54 tr/m²",2,2,"Dương Nội, Hà Đông","20.97334677795963, 105.75702293052109"
42353307,06/03/2025,"Bán căn 2 ngủ Sông Nhuệ, Hà Đông giá 2.4x tỷ",Giá thỏa thuận,50 m²,N/A,2,1,"Kiến Hưng, Hà Đông","20.9611421226539, 105.785147134165"
42352990,06/03/2025,Bán chung cư CT1 Ngô Thì Nhậm Hà Đông - 80m2 - 2 ngủ 2 vệ sinh - 4 tỷ x (x tiểu học),Giá thỏa thuận,80 m²,N/A,2,2,"Hà Cầu, Hà Đông","20.969258359308185, 105.76751486033146"
42109447,06/03/2025,"Chuyên hàng ngoại giao, giá rẻ nhất thị trường, căn hộ 2pn và 3pn The Charm An Hưng",Giá thỏa thuận,72 m²,N/A,2,2,"La Khê, Hà Đông","20.9748752209103, 105.76081677121"
42352933,06/03/2025,"Chính chủ - 2,35 tỷ sở hữu CHCC 2 ngủ Hưng Thịnh, Kiến Hưng, Hà Đông, sổ lâu dài. LH: 0846 486 ***","2,35 tỷ",56 m²,"41,96 tr/m²",2,1,"Kiến Hưng, Hà Đông","20.95230095723617, 105.7855094875968"
42352863,06/03/2025,Tiếp tục giảm sâu cc XALA 84m 3PN 2 VS ban công ĐN rộng 81M View góc. Dẫ có SĐCC nhà siêu đẹp,Giá thỏa thuận,81 m²,N/A,3,2,"Phúc La, Hà Đông","20.96223362618842, 105.79187125064692"
42352833,06/03/2025,"GIÁ THẬT : Bán CC Xuân Mai Riverside, Giá 4,1 tỷ, dt 76,6m2 ( Thông Thủy ), 2PN-2WC , LH 0363 388 ***","4,1 tỷ",76 m²,"53,95 tr/m²",2,2,"Mỗ Lao, Hà Đông","20.98536403509409, 105.77880805708716"
42342407,06/03/2025,Căn hộ cao cấp The Charm An Hưng,"6,48 tỷ",90 m²,72 tr/m²,3,N/A,"La Khê, Hà Đông","20.974868075220552, 105.76147025397172"
42318358,06/03/2025,"Bán tập thể ĐH Kiến Trúc, 85m2 (sổ 51m2), 3 ngủ, giá 2.95 tỷ","2,95 tỷ",85 m²,"34,71 tr/m²",2,N/A,"Mỗ Lao, Hà Đông","20.9729836345138, 105.779031916543"
42311818,06/03/2025,Quỹ căn độc quyền! Dự án The Charm An Hưng. Mở bán suất ngoại giao tầng đẹp lh 0983 180 *** giá tốt,"5,1 tỷ",74 m²,"68,92 tr/m²",2,2,·,"20.97528474632491, 105.76037509957708"
41860304,06/03/2025,Tải full Quỹ căn ra hàng ngày mai - Liên hệ ngay lấy căn HOT 54m2 & 71-75m2-77m2 - chiết khấu 150tr,Giá thỏa thuận,77 m²,N/A,2,2,·,"20.9745469549635, 105.761241685925"
42337413,06/03/2025,"TOP 11 CĂN HỘ CÓ GIÁ BÁN TỐT NHẤT CHUNG CƯ THE CHARM AN HƯNG, NHẬN BOOKING RA HÀNG ĐỢT 3",Giá thỏa thuận,54 m²,N/A,2,1,·,"20.974681148098902, 105.76075977051738"
42347513,06/03/2025,"Độc quyền 5 suất quỹ căn đẹp cam kết giá tốt nhất thị trường, đóng 15% kí HĐMB, LS 0% hỗ trợ 15T",Giá thỏa thuận,"72,6 m²",N/A,2,2,·,"20.974965183652394, 105.76008985709349"
42037149,05/03/2025,"10 Suất ngoại giao giá rẻ nhất tại dự án The Charm An Hưng, hỗ trợ ls 0% 15 tháng, lh 0983 119 ***","5,2 tỷ",77 m²,"67,53 tr/m²",2,2,·,"20.974747808295007, 105.76082040903465"
42301225,03/03/2025,"Căn hộ cao cấp Kepler Land-Mặt đường Tố Hữu, Hà Đông, 2pn DT 77m giá dự kiến 77tr/m2, CK tới 13.8%",Giá thỏa thuận,77 m²,N/A,2,N/A,·,"20.98534447926, 105.780819411868"
42316009,03/03/2025,"Ngoại giao căn 2 ngủ giá tốt nhất The Charm An Hưng, Miễn lãi tới khi nhận nhà","5,2 tỷ",72 m²,"72,22 tr/m²",2,2,·,"20.97494185464737, 105.76090536696871"
42092039,06/03/2025,QUỸ CĂN NGOẠI GIAO ĐẦU TIÊN ĐẸP NHẬT DỰ ÁN KEPLER LAND MỖ LAO HÀ ĐÔNG CK 16% CHO KHÁCH HÀNG ƯU TIÊN,4 tỷ,77 m²,"51,95 tr/m²",2,2,"Mỗ Lao, Hà Đông","20.9856739187377, 105.780342936538"
42353908,06/03/2025,"MỞ BÁN QUỸ CĂN HỘ VIP, GIÁ TỪ 4 TỶ TẠI THE CHARM AN HƯNG GIÁ 70tr/m2, HỖ TRỢ 70% HTLS 0% 15th SỔ ĐỎ","5,5 tỷ",76 m²,"72,37 tr/m²",2,2,"La Khê, Hà Đông","20.97462936285846, 105.76058860875447"
42106132,06/03/2025,"Căn ngoại giao trục 08 tòa B mở bán 10h sáng mai (2PN - 3PN) dự án The Charm An Hưng, ký HĐMB luôn","6,76 tỷ","91,4 m²",74 tr/m²,3,3,"La Khê, Hà Đông","20.9750614849206, 105.761011405452"
42353236,06/03/2025,"TRỤC CĂN ĐẸP NHẤT DỰ ÁN CHỈ CÒN 5 SUẤT NGOẠI GIAO, SỞ HỮU NGAY CĂN HỘ 96M2 GIÁ TỐT NHẤT THỊ TRƯỜNG","6,7 tỷ","95,7 m²","70,01 tr/m²",3,2,"La Khê, Hà Đông","20.9734683205803, 105.759186943232"
42301326,06/03/2025,"Mở bán toà tháp đôi Kepler Land-trung tâm Hà Đông, Quỹ căn F1 CĐT, đặt ngay nhận ck tới 12,8%",Giá thỏa thuận,73 m²,N/A,2,2,"Mỗ Lao, Hà Đông","20.985354061634023, 105.7796306993957"
42267607,05/03/2025,Ra hàng quỹ căn đẹp dự án chung cư The charm Tố Hữu - Hà Đông trợ vay bank 70%,Giá thỏa thuận,72 m²,N/A,2,2,"La Khê, Hà Đông","20.974552812456697, 105.76054477436087"
42338424,05/03/2025,"Bán quỹ ngoại giao The Charm - An Hưng tầng 6,12,26,27,30, giá tốt 0982 289 ***","5,2 tỷ",71 m²,"73,24 tr/m²",2,2,"La Khê, Hà Đông","20.97438462268904, 105.7605918209099"
42336058,05/03/2025,Bán suất ngoại giao căn 2pn dự án The Charm An Hưng giá chỉ từ 4 tỷ full nội thất nhập khẩu đức,4 tỷ,54 m²,"74,07 tr/m²",N/A,N/A,"La Khê, Hà Đông","20.974644226039622, 105.76057251398699"
14082007,04/03/2025,Xả hàng đầu năm quỹ căn giá tốt Mulberry Lane - LH: 0981 960 ***,Giá thỏa thuận,123 m²,N/A,3,2,"Mỗ Lao, Hà Đông","20.9868438538229, 105.786249884671"
41141828,03/03/2025,Cập nhật quỹ căn đang bán giá rẻ nhất tại chung cư Park Kiara KĐT ParkCity Hà Nội. LH 0968 450 ***,"8,6 tỷ",91 m²,"94,5 tr/m²",3,2,"La Khê, Hà Đông","20.9673748016357, 105.754013061523"
41797564,03/03/2025,Bán căn 3PN mẫu D 108m2 phòng khách rộng tại CC Park Kiara KĐT Park City Hà Nội giá tốt 0968 450 ***,"11,3 tỷ",108 m²,"104,63 tr/m²",3,2,"La Khê, Hà Đông","20.9673748016357, 105.754013061523"
42320270,03/03/2025,Quỹ căn đối ngoại đầu tiên đẹp nhất dự án Kepler Land Mỗ Lao Hà Đông CK 10% cho khách hàng ưu tiên,"2,92 tỷ",45 m²,65 tr/m²,2,1,"Mỗ Lao, Hà Đông","20.985518421254067, 105.78010686213831"
42267738,03/03/2025,Ra hàng dự án chung cư Kepler Land Mỗ Lao diện tích từ 53m2 - 72m2 -101m2 hỗ trợ vay Bank 70%,Giá thỏa thuận,72 m²,N/A,2,2,"Mỗ Lao, Hà Đông","20.985945385379512, 105.78014735383282"
42311818,06/03/2025,Quỹ căn độc quyền! Dự án The Charm An Hưng. Mở bán suất ngoại giao tầng đẹp lh 0983 180 *** giá tốt,"5,1 tỷ",74 m²,"68,92 tr/m²",2,2,·,"20.97528474632491, 105.76037509957708"
41860304,06/03/2025,Tải full Quỹ căn ra hàng ngày mai - Liên hệ ngay lấy căn HOT 54m2 & 71-75m2-77m2 - chiết khấu 150tr,Giá thỏa thuận,77 m²,N/A,2,2,·,"20.9745469549635, 105.761241685925"
42337413,06/03/2025,"TOP 11 CĂN HỘ CÓ GIÁ BÁN TỐT NHẤT CHUNG CƯ THE CHARM AN HƯNG, NHẬN BOOKING RA HÀNG ĐỢT 3",Giá thỏa thuận,54 m²,N/A,2,1,·,"20.974681148098902, 105.76075977051738"
42347513,06/03/2025,"Độc quyền 5 suất quỹ căn đẹp cam kết giá tốt nhất thị trường, đóng 15% kí HĐMB, LS 0% hỗ trợ 15T",Giá thỏa thuận,"72,6 m²",N/A,2,2,·,"20.974965183652394, 105.76008985709349"
42037149,05/03/2025,"10 Suất ngoại giao giá rẻ nhất tại dự án The Charm An Hưng, hỗ trợ ls 0% 15 tháng, lh 0983 119 ***","5,2 tỷ",77 m²,"67,53 tr/m²",2,2,·,"20.974747808295007, 105.76082040903465"
42301225,03/03/2025,"Căn hộ cao cấp Kepler Land-Mặt đường Tố Hữu, Hà Đông, 2pn DT 77m giá dự kiến 77tr/m2, CK tới 13.8%",Giá thỏa thuận,77 m²,N/A,2,N/A,·,"20.98534447926, 105.780819411868"
42316009,03/03/2025,"Ngoại giao căn 2 ngủ giá tốt nhất The Charm An Hưng, Miễn lãi tới khi nhận nhà","5,2 tỷ",72 m²,"72,22 tr/m²",2,2,·,"20.97494185464737, 105.76090536696871"
42092039,06/03/2025,QUỸ CĂN NGOẠI GIAO ĐẦU TIÊN ĐẸP NHẬT DỰ ÁN KEPLER LAND MỖ LAO HÀ ĐÔNG CK 16% CHO KHÁCH HÀNG ƯU TIÊN,4 tỷ,77 m²,"51,95 tr/m²",2,2,"Mỗ Lao, Hà Đông","20.9856739187377, 105.780342936538"
42353908,06/03/2025,"MỞ BÁN QUỸ CĂN HỘ VIP, GIÁ TỪ 4 TỶ TẠI THE CHARM AN HƯNG GIÁ 70tr/m2, HỖ TRỢ 70% HTLS 0% 15th SỔ ĐỎ","5,5 tỷ",76 m²,"72,37 tr/m²",2,2,"La Khê, Hà Đông","20.97462936285846, 105.76058860875447"
42106132,06/03/2025,"Căn ngoại giao trục 08 tòa B mở bán 10h sáng mai (2PN - 3PN) dự án The Charm An Hưng, ký HĐMB luôn","6,76 tỷ","91,4 m²",74 tr/m²,3,3,"La Khê, Hà Đông","20.9750614849206, 105.761011405452"
42353236,06/03/2025,"TRỤC CĂN ĐẸP NHẤT DỰ ÁN CHỈ CÒN 5 SUẤT NGOẠI GIAO, SỞ HỮU NGAY CĂN HỘ 96M2 GIÁ TỐT NHẤT THỊ TRƯỜNG","6,7 tỷ","95,7 m²","70,01 tr/m²",3,2,"La Khê, Hà Đông","20.9734683205803, 105.759186943232"
42301326,06/03/2025,"Mở bán toà tháp đôi Kepler Land-trung tâm Hà Đông, Quỹ căn F1 CĐT, đặt ngay nhận ck tới 12,8%",Giá thỏa thuận,73 m²,N/A,2,2,"Mỗ Lao, Hà Đông","20.985354061634023, 105.7796306993957"
42267607,05/03/2025,Ra hàng quỹ căn đẹp dự án chung cư The charm Tố Hữu - Hà Đông trợ vay bank 70%,Giá thỏa thuận,72 m²,N/A,2,2,"La Khê, Hà Đông","20.974552812456697, 105.76054477436087"
42338424,05/03/2025,"Bán quỹ ngoại giao The Charm - An Hưng tầng 6,12,26,27,30, giá tốt 0982 289 ***","5,2 tỷ",71 m²,"73,24 tr/m²",2,2,"La Khê, Hà Đông","20.97438462268904, 105.7605918209099"
42336058,05/03/2025,Bán suất ngoại giao căn 2pn dự án The Charm An Hưng giá chỉ từ 4 tỷ full nội thất nhập khẩu đức,4 tỷ,54 m²,"74,07 tr/m²",N/A,N/A,"La Khê, Hà Đông","20.974644226039622, 105.76057251398699"
14082007,04/03/2025,Xả hàng đầu năm quỹ căn giá tốt Mulberry Lane - LH: 0981 960 ***,Giá thỏa thuận,123 m²,N/A,3,2,"Mỗ Lao, Hà Đông","20.9868438538229, 105.786249884671"
41141828,03/03/2025,Cập nhật quỹ căn đang bán giá rẻ nhất tại chung cư Park Kiara KĐT ParkCity Hà Nội. LH 0968 450 ***,"8,6 tỷ",91 m²,"94,5 tr/m²",3,2,"La Khê, Hà Đông","20.9673748016357, 105.754013061523"
41797564,03/03/2025,Bán căn 3PN mẫu D 108m2 phòng khách rộng tại CC Park Kiara KĐT Park City Hà Nội giá tốt 0968 450 ***,"11,3 tỷ",108 m²,"104,63 tr/m²",3,2,"La Khê, Hà Đông","20.9673748016357, 105.754013061523"
42320270,03/03/2025,Quỹ căn đối ngoại đầu tiên đẹp nhất dự án Kepler Land Mỗ Lao Hà Đông CK 10% cho khách hàng ưu tiên,"2,92 tỷ",45 m²,65 tr/m²,2,1,"Mỗ Lao, Hà Đông","20.985518421254067, 105.78010686213831"
42267738,03/03/2025,Ra hàng dự án chung cư Kepler Land Mỗ Lao diện tích từ 53m2 - 72m2 -101m2 hỗ trợ vay Bank 70%,Giá thỏa thuận,72 m²,N/A,2,2,"Mỗ Lao, Hà Đông","20.985945385379512, 105.78014735383282"
41959810,07/03/2025,"Bán căn hộ chung cư The Pride. Diện tích 90m2 gồm 3PN, 2 VS. Giá rẻ nhất thị trường chỉ 4.65 tỷ","4,65 tỷ",90 m²,"51,67 tr/m²",3,2,"La Khê, Hà Đông","20.97631524310454, 105.76158238501112"
42094008,07/03/2025,"Bán căn hộ tại The Pride, Tố Hữu, La Khê, Hà Đông, 3,85 tỷ, 72m2","3,85 tỷ",72 m²,"53,47 tr/m²",2,2,"La Khê, Hà Đông","20.97620787096478, 105.76142462972493"
41628312,07/03/2025,"Bán căn hộ chung cư The K Park. Diện tích 68m2 gồm 2PN, 2 VS. Full đồ đẹp. Giá 4.5 tỷ","4,5 tỷ",68 m²,"66,18 tr/m²",2,2,"Phúc La, Hà Đông","20.9599056243896, 105.791801452637"
42239058,07/03/2025,"Bán căn hộ chung cư 4PN, 3WC, 5,1 tỷ, 160m2 tại Khu đô thị Văn Khê, Hà Đông, Hà Nội giá siêu hời","5,1 tỷ",160 m²,"31,88 tr/m²",4,3,"La Khê, Hà Đông","20.97217170507869, 105.76099633516486"
42336029,05/03/2025,"Bán căn hộ chung cư Mulberry Lane, giá cực rẻ 129.1m2, 4PN, 2WC, view đẹp. Sẵn sổ giao dịch",7 tỷ,"129,1 m²","54,22 tr/m²",4,2,"Mỗ Lao, Hà Đông","20.986515221842158, 105.78625639392509"
42335947,05/03/2025,"Bán gấp căn hộ chung cư (3N + 1 - 2WC), tại Booyoung, Mỗ Lao. Giá tốt, Sẵn sổ, full nội thất","5,7 tỷ","95,6 m²","59,62 tr/m²",4,2,"Mỗ Lao, Hà Đông","20.982791198134027, 105.78370594445228"
42335942,05/03/2025,"Bán CC Seasons Avenue, Mỗ Lao, Hà Đông 80.68m2 (2PN + 2VS) full nội thất","6,05 tỷ","80,68 m²",75 tr/m²,2,2,"Mỗ Lao, Hà Đông","20.987134298080147, 105.78721457286588"
42167131,05/03/2025,Tôi chính chủ bán căn hộ (3N - 2VS) DT 150m2 giá 7 tỷ. ĐC: Mulberry Mỗ Lao. Nội thất nhập khẩu,7 tỷ,150 m²,"46,67 tr/m²",3,2,"Mỗ Lao, Hà Đông","20.986616014026122, 105.78676202995005"
42237406,05/03/2025,CĂN HỘ GIÁ TỐT NHANH TAY KẺO LỠ- TOÀ CT6A,"2,79 tỷ",67 m²,"41,64 tr/m²",2,2,"Phúc La, Hà Đông","20.962952190923616, 105.79201284736769"
42335813,05/03/2025,"Bán gấp căn hộ chung cư 2PN, 2WC tại Seasons Avenue, 80,68m2 (2n/2vs). Có slot ô tô, sẵn sổ",Giá thỏa thuận,"80,68 m²",N/A,2,2,"Mỗ Lao, Hà Đông","20.98688750432788, 105.78712747644846"
36292931,05/03/2025,"Gia đình cần bán căn hộ 57m,2pn full nhà vuông giá 2ty570 tại Tháp Doanh Nhân","2,57 tỷ",57 m²,"45,09 tr/m²",2,2,"Mỗ Lao, Hà Đông","20.9753150939941, 105.78067779541"
42311079,05/03/2025,Chính chủ! Nhượng lại suất cán bộ cấp cao 2PN 77m2 giá ngoại giao rẻ hơn thị trường 3.8 triệu/m2,Giá thỏa thuận,77 m²,N/A,2,2,"La Khê, Hà Đông","20.9748302037327, 105.760823200749"
42045629,05/03/2025,"Gấp! Chuyển công tác để lại suất căn góc 3PN The Charm, view ĐôngNam tầng15, giá tôi mua sớm rất rẻ",Giá thỏa thuận,96 m²,N/A,3,2,"La Khê, Hà Đông","20.974617726924972, 105.76073221181308"
37466210,05/03/2025,"3ty550sở hữu ngay căn3n2vs có nội thất,vuông vắn,tầng trung đẹp view xa thoáng mát,HDMB","3,55 tỷ",85 m²,"41,76 tr/m²",3,2,"Mỗ Lao, Hà Đông","20.9753150939941, 105.78067779541"
42335651,05/03/2025,Chính chủ bán căn hộ La Casta Văn Phú Hà Đông Dt: 112m2 nguyên bản LH: 0929 656 ***,Giá thỏa thuận,112 m²,N/A,3,2,"Phú La, Hà Đông","20.963138132778823, 105.76274959419908"
42155156,05/03/2025,"Bán CHCC Thủy Lợi - Quang Trung, Hà Đông. 3 ngủ + Full nội thất + view thoáng tần đẹp - Chỉ 4.x tỷ",Giá thỏa thuận,"94,5 m²",N/A,3,2,"La Khê, Hà Đông","20.9631180950171, 105.76344148028"
42333147,05/03/2025,"Bán căn hộ 3PN, 2WC tại Văn Phú Victoria, giá ưu đãi chỉ với 4,75 tỷ, 86m2","4,75 tỷ",86 m²,"55,23 tr/m²",3,2,"Phú La, Hà Đông","20.95981343983303, 105.76800514813165"
41260544,05/03/2025,"Bán căn 65m2, 2 ngủ, 2 vệ sinh, full đồ, view hồ, khu 6 toà gần bể bơi. nhà như hình, ảnh thật 100%",Giá thỏa thuận,65 m²,N/A,2,2,"Kiến Hưng, Hà Đông","20.9397029876709, 105.7872543334961"
42334035,05/03/2025,"Bán căn hộ chung cư tại HUD3 Tower, 120m2, 3PN, 3WC, đầy đủ nội thất","6,2 tỷ",120 m²,"51,67 tr/m²",3,3,"Hà Cầu, Hà Đông","20.966709822933, 105.7775096622"
42334496,05/03/2025,Chỉ từ 50tr - đặt booking để nhận căn hộ ưu đãi tại dự án Kepler Land Mỗ Lao,Giá thỏa thuận,45 m²,N/A,1,1,"Mỗ Lao, Hà Đông","20.98585783767845, 105.78022884350794"
41825859,05/03/2025,"Bán căn góc chung cư Victoria Văn Phú: 116 m2, 3 phòng ngủ, nội thất cao cấp, sổ đỏ giá nhỉnh 6 tỷ",6 tỷ,116 m²,"51,72 tr/m²",3,2,"Phú La, Hà Đông","20.960584796388655, 105.76770893016484"
42157322,05/03/2025,Chính chủ bán căn 2 ngủ tòa CT4C KĐT Xa La - 53m2 sổ hồng chính chủ nhà đẹp giao dịch nhanh gọn,"2,58 tỷ",53 m²,"48,68 tr/m²",2,1,"Phúc La, Hà Đông","20.962561618233906, 105.79236563767216"
42280698,05/03/2025,"Bán căn hộ chung cư CT6A KĐT Xa La, giá chỉ 2,89 tỷ, 70m2, đầy đủ tiện nghi, hướng Đông Bắc","2,89 tỷ",70 m²,"41,29 tr/m²",N/A,N/A,"Phúc La, Hà Đông","20.962579274588908, 105.79302870062439"
42103763,05/03/2025,"Bán chung cư 89 Phùng Hưng, Hà Đông căn góc 92m2, 3 ngủ, 2 vs chỉ 4.18 tỷ","4,18 tỷ",92 m²,"45,44 tr/m²",3,2,"Phúc La, Hà Đông","20.969799780519445, 105.78453103552391"
41820264,05/03/2025,"Tôi cần bán chung cư Fodacon Bắc Hà 112m2, 3 ngủ, 2 vs chỉ 4.79 tỷ","4,79 tỷ",112 m²,"42,77 tr/m²",3,2,"Mỗ Lao, Hà Đông","20.98295643244158, 105.79028157272985"
38071187,05/03/2025,Cần bán căn 73m2 2 ngủ 2VS full nội thất tại chung cư CT12 Văn Phú. Sổ đỏ sẵn sàng giao dịch,Giá thỏa thuận,73 m²,N/A,2,2,"Phú La, Hà Đông","20.9582824707031, 105.767196655273"
42197388,05/03/2025,Bán căn hộ 3 ngủ 2 VS tòa CT8 cạnh Bệnh Viện Nhi 2 Hà Đông 0969 085 ***,"4,2 tỷ",92 m²,"45,65 tr/m²",3,2,"Dương Nội, Hà Đông","20.979383713542905, 105.74365175984067"
42335169,05/03/2025,"BÁN GẤP CĂN HỘ 3 NGỦ 76m2 TOÀ FLC 418 QUANG TRUNG, HÀ ĐÔNG GIÁ 4,5 TỶ. Lh: 0382 083 ***","4,5 tỷ",76 m²,"59,21 tr/m²",3,2,"Quang Trung, Hà Đông","20.963219913751423, 105.76468867424983"
41872309,05/03/2025,"Chung cư cao cấp Booyoung Vũ Trọng Khánh, Mỗ Lao, Hà Đông - 96m2, 3 phòng ngủ - Khu sầm uất ~ 6tỷ",6 tỷ,96 m²,"62,5 tr/m²",3,2,"Mỗ Lao, Hà Đông","20.98335565196431, 105.78347159110845"
42013815,04/03/2025,Nhận đặt chỗ căn đẹp Giá tốt - Dự án chung cư The Charm An Hưng - The Charm Luxuly Boutique Home,Giá thỏa thuận,"95,9 m²",N/A,3,2,"La Khê, Hà Đông","20.9746630634616, 105.760717711469"
42325609,04/03/2025,"Giá Rẻ Nhất Thị Trường! Bán Căn hộ 68m 2N2W Chỉ 4x tỷ Tại The Kpark , Nhà Full Nội Thất Mới, Sẵn Sổ","4,25 tỷ",68 m²,"62,5 tr/m²",2,2,"Phúc La, Hà Đông","20.960133494359816, 105.79188476436698"
41922764,04/03/2025,"Chuyển công tác Cần bán gấp căn hộ 120m2 tại GoldSilk Complex, thiết kế 3N full NT mới, Sẵn Sổ",Giá thỏa thuận,120 m²,N/A,3,2,"Vạn Phúc, Hà Đông","20.978574896976074, 105.77185837827321"
42225735,04/03/2025,"Hiếm! Căn 4PN chung cư TSQ Mỗ Lao 225m2, full NT view hồ giá 12.8 tỷ","12,8 tỷ",225 m²,"56,89 tr/m²",4,3,"Mỗ Lao, Hà Đông","20.978682652207038, 105.78385609958107"
42325828,04/03/2025,"Khẳng định rẻ nhất toà, giá có thể đầu tư CC CT7 Park View Residence, 53m2, 2PN, giá chỉ 3. X tỷ",Giá thỏa thuận,53 m²,N/A,2,2,"Dương Nội, Hà Đông","20.964147996934642, 105.74946822682837"
42325819,04/03/2025,"Chính chủ bán gấp cắt lỗ 100tr toà SDU 143 Trần Phú, 2 ngủ, 67.7m2, full nội thất giá nhỉnh 3 tỷ",Giá thỏa thuận,"67,7 m²",N/A,2,2,"Văn Quán, Hà Đông","20.97731590271, 105.784957885742"
42325789,04/03/2025,"Chủ nhà gửi bán căn 2 ngủ đẹp nhất tòa The Pride, 73m2, đầy đủ nội thất, SĐCC, có thể ở luôn",Giá thỏa thuận,73 m²,N/A,2,2,"La Khê, Hà Đông","20.9760246276855, 105.761596679688"
41308460,04/03/2025,"Cần bán gấp căn 53m2 - 1 ngủ - 1vs tại CT4 Xa La - Hà Đông, 0966 786 ***","2,55 tỷ",53 m²,"48,11 tr/m²",1,1,"Phúc La, Hà Đông","20.962467193603516, 105.79236602783203"
42325777,04/03/2025,"Hiếm có khó tìm 1 căn duy nhất toà CT3 The Pride, 75m2, 2 ngủ full nội thất cao cấp, chỉ nhỉnh 3 tỷ",Giá thỏa thuận,75 m²,N/A,2,N/A,"La Khê, Hà Đông","20.9760741333953, 105.761725733854"
42325761,04/03/2025,"Chính chủ bán gấp cắt lỗ, khẳng định rẻ nhất toà The Pride, 73m2, 2PN sẵn nội thất giá nhỉnh x tỷ",Giá thỏa thuận,73 m²,N/A,2,2,"La Khê, Hà Đông","20.976073038235015, 105.76109541835645"
42325664,04/03/2025,"Bán căn góc hướng siêu mát 76m2 tòa Icid Complex - Dương Nội Hà Đông giá rẻ nhất tòa, LH 0961 588 ***","3,95 tỷ",76 m²,"51,97 tr/m²",2,2,"Dương Nội, Hà Đông","20.981709668078313, 105.74187424550257"
42158009,04/03/2025,"Bán căn hộ chung cư Kiến Hưng Luxury, 2,5 tỷ, 56m2, 2PN, 1WC, Chính chủ Hot!","2,5 tỷ",56 m²,"44,64 tr/m²",2,1,"Kiến Hưng, Hà Đông","20.952545161567468, 105.78564200566633"
41359514,04/03/2025,"Chuyển nhượng quỹ căn 2pn Samsora từ 4, x - 5x tỷ bao thuế phí. Lh 0916 256 ***","4,2 tỷ",70 m²,60 tr/m²,2,2,"Quang Trung, Hà Đông","20.973217010498, 105.778854370117"
42316013,04/03/2025,Bán căn 2n2vs 72m tại The charm giá chỉ từ 72tr/m- hỗ trợ gốc lãi 0% 12 tháng,"5,3 tỷ",72 m²,"73,61 tr/m²",2,2,"La Khê, Hà Đông","20.97472205220538, 105.76067255938774"
39950650,04/03/2025,"Chính chủ bán căn hoa hậu 56m2 view đẹp 2 ngủ, 2vs Mipec Kiến Hưng lh 0966 786 ***","2,3 tỷ",56 m²,"41,07 tr/m²",2,2,"Kiến Hưng, Hà Đông","20.952529907226562, 105.79031372070312"
41672374,04/03/2025,(Giá thật) chính chủ bán căn góc 120m2 3PN - 3WC full nội thất mới giá 7 tỷ Goldsilk Complex,7 tỷ,120 m²,"58,33 tr/m²",3,3,"Vạn Phúc, Hà Đông","20.978439331054688, 105.77264404296875"
42158036,04/03/2025,"Bán CC đẹp, nhiều tiện ích tại Kiến Hưng, 2,85 tỷ, 70m2, 2PN, 2WC","2,85 tỷ",70 m²,"40,71 tr/m²",2,2,"Kiến Hưng, Hà Đông","20.9553937844696, 105.789741816262"
41534744,04/03/2025,"Bán căn hộ đẹp 2 ngủ, tầng trung, view thoáng tòa CC CT12 Văn Phú, KĐT Văn Phú, Hà Đông: 0335 606 ***",Giá thỏa thuận,69 m²,N/A,2,2,"Phú La, Hà Đông","20.960232518975, 105.765350023812"
42259915,04/03/2025,Chính chủ cần bán căn 60m2 2PN 1WC full nội thất toà CT1 Yên Nghĩa. LH xem nhà 0946 509 ***,3 tỷ,60 m²,50 tr/m²,2,1,"Yên Nghĩa, Hà Đông","20.954746245159935, 105.7449495510587"
42297416,04/03/2025,"Bán CC Seasons Avenue, 7 tỷ, 94 m2, 3PN, 2WC, pháp lý đầy đủ tại Mỗ Lao, Hà Đông, Hà Nội",7 tỷ,94 m²,"74,47 tr/m²",3,2,"Mỗ Lao, Hà Đông","20.987046983053038, 105.78682578011666"
40064794,04/03/2025,"Cần bán căn hộ đẹp, ban công ĐN, DT = 54m2 giá 2.x (tỷ) tòa CT4 KĐT Xa La, Hà Đông: 0335 606 ***",Giá thỏa thuận,54 m²,N/A,2,1,"Phúc La, Hà Đông","20.9624671936035, 105.792366027832"
41764736,04/03/2025,"Bán duy nhất căn hộ ban công ĐN, dt=70m2 giá chỉ hơn 4(tỷ) toà CT12 kđt Văn Phú, Hà Đông 0335 606 ***",Giá thỏa thuận,70 m²,N/A,2,2,"Phú La, Hà Đông","20.9582824707031, 105.767196655273"
41535483,04/03/2025,"Bán nhanh căn hộ đẹp DT= 60,5m2 giá chỉ 3.x(tỷ) toà chung cư Xuân Mai Tô Hiệu, Hà Đông: 0335 606 ***",Giá thỏa thuận,"60,5 m²",N/A,2,1,"Hà Cầu, Hà Đông","20.9627113342285, 105.773429870605"
42231455,04/03/2025,"(Giá thật) chính chủ bán căn góc 122m2 3PN, 2WC tầng trung + full nội thất, Mulberry Land","7,5 tỷ",122 m²,"61,48 tr/m²",3,2,"Mỗ Lao, Hà Đông","20.986110779587, 105.785600764907"
41207797,04/03/2025,"Cần bán trước tết căn góc dt=75m2 giá chỉ nhỉnh 3.x(tỷ) toà FLC 418 Quang Trung, Hà Đông 0335 606 ***",Giá thỏa thuận,75 m²,N/A,2,2,"Quang Trung, Hà Đông","20.9679715634481, 105.772347028122"
40377226,04/03/2025,"Chính chủ gửi bán căn 125m2, tòa T2 chung cư TSQ - Euroland, giá nhỉnh 6 tỷ. LH 0966 152 ***",Giá thỏa thuận,125 m²,N/A,3,2,"Mỗ Lao, Hà Đông","20.9834575653076, 105.78564453125"
41741256,04/03/2025,Chủ nhà chuyển nơi ở mới cần bán nhanh căn góc đẹp 2 ngủ giá chỉ hơn 3 tỷ tòa SDU 143 Trần Phú,Giá thỏa thuận,63 m²,N/A,2,2,"Văn Quán, Hà Đông","20.97731590270996, 105.78495788574219"
42213223,04/03/2025,"Chính chủ gửi bán căn 77m2, 2pn + 1wc, chung cư TSQ - Euroland, giá 4. X tỷ. LH 0946 165 ***",Giá thỏa thuận,77 m²,N/A,2,1,"Mỗ Lao, Hà Đông","20.983622158297333, 105.78557020226735"
42324848,04/03/2025,Bán căn 55 tòa KL chung cư Xuân Mai.,Giá thỏa thuận,55 m²,N/A,2,1,"Yên Nghĩa, Hà Đông","20.959272759503683, 105.74210519869227"
42325128,04/03/2025,"Nhà đẹp long lanh chủ nhà bán nhanh CH 74m2 - 2n 2vs tại tòa Anland, full đồ giá chỉ 4. X tỷ",Giá thỏa thuận,74 m²,N/A,2,2,"Dương Nội, Hà Đông","20.982970124775935, 105.7568228573148"
41873163,04/03/2025,"Chính chủ bán Gấp căn 69.9m2 giá 3.xtỷ Chung cư SDU 143 Trần Phú, Hà Đông. Full nội thất xịn.",Giá thỏa thuận,68 m²,N/A,2,2,"Văn Quán, Hà Đông","20.9770754761578, 105.785707640832"
42204918,04/03/2025,"Bán căn hộ chung cư 54m2 tại KĐT Xa La, 2,xxx tỷ, Hà Đông, Hà Nội, giá ưu đãi","2,65 tỷ",54 m²,"49,07 tr/m²",N/A,N/A,"Phúc La, Hà Đông","20.9624040256176, 105.792642952082"
42325038,04/03/2025,"Hot, bán gấp CHCC chỉ 3.3x tỷ 2PN 2WC 72m2 ở tòa CT5 Xa La ban công: Đông Bắc","3,33 tỷ",72 m²,"46,25 tr/m²",2,2,"Phúc La, Hà Đông","20.96226651468862, 105.79246166288038"
42231448,04/03/2025,"Bán gấp căn 55m2, 2PN, 1VS chỉ 2,8xtỷ tòa HH2L CC Xuân Mai Complex, Dương Nội, Hà Đông. Full đồ","2,86 tỷ",55 m²,52 tr/m²,2,1,"Yên Nghĩa, Hà Đông","20.959578701380018, 105.74210700489253"
42231607,04/03/2025,"Siêu phẩm! Bán gấp căn hộ 55m2 2PN, 1VS tòa CT7E The Spark Dương Nội, full nội thất ở ngay","2,89 tỷ",55 m²,"52,54 tr/m²",2,1,"Dương Nội, Hà Đông","20.979657127544243, 105.74427513003587"
42325006,04/03/2025,"Hot! Bán CC HH2G Xuân Mai Complex, Tố Hữu, 3,25 tỷ, 62m2, 2PN, 2WC HH2G","3,25 tỷ",62 m²,"52,42 tr/m²",2,2,"Yên Nghĩa, Hà Đông","20.96013909504061, 105.74238788963326"
41945983,04/03/2025,Bán căn hộ chung cư Victoria Văn Phú diên tích 65m2 có 2 ngủ 2 vệ sinh,4 tỷ,65 m²,"61,54 tr/m²",2,2,"Phú La, Hà Đông","20.9600404314477, 105.76771010119089"
42324941,04/03/2025,"Hot! Bán căn hộ 2PN 2WC tại Xuân Mai Complex, Tố Hữu, Yên Nghĩa, Hà Đông, Hà Nội, 3,15 tỷ","3,15 tỷ",57 m²,"55,26 tr/m²",2,2,"Yên Nghĩa, Hà Đông","20.959098192969204, 105.74210758216387"
41127753,04/03/2025,"CC siêu đẹp, bán căn hộ Goldsilk 78m2 tòa T 2PN, SĐCC, BC Đông Nam giá chỉ nhỉnh 5,0x tỷ","5,16 tỷ",78 m²,"66,15 tr/m²",2,2,"Vạn Phúc, Hà Đông","20.978439331054688, 105.77264404296875"
41982556,04/03/2025,"Chủ nhà bán gấp căn hộ tầng trung 56m2 tại CT7 Dương Nội 2N 1VS ban công Đông Nam, SĐCC chỉ 3. X tỷ",Giá thỏa thuận,56 m²,N/A,2,1,"Dương Nội, Hà Đông","20.979211145675134, 105.7434517836786"
42209625,04/03/2025,Bán căn hộ 52.3 m2 1 ngủ 1wc duy nhất tại CT4 Xa La Hà Đông. Giá nét chỉ 2.45 tỷ sổ đỏ chính chủ,"2,45 tỷ","52,3 m²","46,84 tr/m²",1,1,"Phúc La, Hà Đông","20.962760503696188, 105.79255199105796"
42324778,04/03/2025,Bán căn hộ HH2G Xuân Mai Complex - Giá hấp dẫn! Chỉ nhỉnh 2 tỷ có 2 ngủ,"2,67 tỷ",49 m²,"54,39 tr/m²",2,1,"Yên Nghĩa, Hà Đông","20.959058359126054, 105.74136173776836"
42125941,04/03/2025,"Siêu phẩm - siêu xinh CC 63m2, 2 ngủ, 2 vs ở tòa CT3 Xa La giá 2.9x tỷ","2,95 tỷ",63 m²,"46,82 tr/m²",2,2,"Phúc La, Hà Đông","20.96240633588508, 105.79267326300156"
42324689,04/03/2025,"Hàng hiếm tại Xuân Mai Complex tòa HH2 L, 2,85 tỷ, 55m2, 2PN, 2WC, đầy đủ nội thất","2,85 tỷ",55 m²,"51,82 tr/m²",2,2,"Yên Nghĩa, Hà Đông","20.95918177589717, 105.74135400030504"
42324632,04/03/2025,"Bán CC The Pride, Tố Hữu, La Khê, Hà Đông, 3,9 tỷ, 73m2 - sđcc","3,9 tỷ",73 m²,"53,42 tr/m²",2,2,"La Khê, Hà Đông","20.975711349252055, 105.7612151162022"
41359797,04/03/2025,"Bán căn hộ đẹp tại FLC Star Tower 100m2, 3 pn, giá tốt chỉ nhỉnh 5 tỷ","5,2 tỷ",100 m²,52 tr/m²,3,2,"Quang Trung, Hà Đông","20.962554931640625, 105.76525115966797"
42137279,04/03/2025,"Giá tốt - nhà đẹp, tòa 19T5 Kiến hưng - sđcc - 70m2 - 2pn 2wc - giá vừa xinh 3 tỷ",3 tỷ,70 m²,"42,86 tr/m²",2,2,"Kiến Hưng, Hà Đông","20.949962716334756, 105.79081088875277"
41994044,04/03/2025,"Bán CC Hemisco Xa La, 3,45 tỷ, 80m2, 2PN, 2WC, Đông Bắc, Đông Nam","3,45 tỷ",80 m²,"43,12 tr/m²",2,2,"Phúc La, Hà Đông","20.96157338430329, 105.79588207224403"
41052182,04/03/2025,"Cần bán căn hộ diện tích 100m2 3 phòng ngủ tại chung cư Nàng Hương số 583 Đường Nguyễn Trãi, HN","5,6 tỷ",100 m²,56 tr/m²,3,2,"Văn Quán, Hà Đông","20.9856719970703, 105.795204162598"
42173085,04/03/2025,"Bán căn hộ diện tích 50m2 sổ đỏ lâu dài giá bán 2 tỷ full đồ tại khu đô thị Xa La, Hà Đông",2 tỷ,50 m²,40 tr/m²,1,1,"Phúc La, Hà Đông","20.96293303477397, 105.79253256091779"
40281722,04/03/2025,"Bán căn hộ 1 ngủ 1 vệ sinh tại tòa CT4, KĐT Xa La - Sổ đỏ chính chủ - Liên hệ 0968 739 ***",Giá thỏa thuận,"53,4 m²",N/A,1,1,"Phúc La, Hà Đông","20.9624671936035, 105.792366027832"
42322764,04/03/2025,Nhỉnh 3 tỷ có ngay căn 80m 2 ngủ 2vs toà Hemisco do CĐT Sông Đà 12 xây dựng,Giá thỏa thuận,80 m²,N/A,2,2,"Phúc La, Hà Đông","20.96117409307604, 105.79543330981106"
41868943,04/03/2025,"Bán CC Tòa Tháp Thiên Niên Kỷ, 127m2, giá thỏa thuận, Yết Kiêu, Hà Đông, Hà Nội",Giá thỏa thuận,127 m²,N/A,3,2,"Quang Trung, Hà Đông","20.97386373979017, 105.77796207280689"
40643658,04/03/2025,Chính chủ gửi bán nhanh căn 120m2 3 ngủ 2 vs chung cư Victoria Văn Phú Hà Đông giá cả thỏa thuận,"6,5 tỷ",120 m²,"54,17 tr/m²",3,2,"Phú La, Hà Đông","20.959907531738281, 105.76819610595703"
42322854,04/03/2025,"Chính chủ bán căn hộ The Vesta - Phú Lãm, Hà Đông, Giá 2.6 Tỷ 68m2 (LH: 0962 991 ***)","2,6 tỷ",68 m²,"38,24 tr/m²",2,2,"Phú Lãm, Hà Đông","20.946187958815177, 105.75646553154016"
42323017,04/03/2025,Giảm sốc 150tr cho căn hộ siêu hiếm tại CT1 Xala Hà Đông giá chỉ 2. X tỷ liên hệ: 0976 572 ***,Giá thỏa thuận,63 m²,N/A,2,1,"Phúc La, Hà Đông","20.962462844024905, 105.79247548068041"
42323222,04/03/2025,"Nhà đẹp tòa CT2 Văn Khê, full đồ. Sổ đỏ, ở ngay, giá chỉ ưu đãi chỉ 5,2 tỷ","5,2 tỷ",140 m²,"37,14 tr/m²",3,2,"La Khê, Hà Đông","20.965446034097166, 105.76912845487567"
42323613,03/03/2025,Bán nhanh căn hộ 2PN diện tích 76m2 The Charm An Hưng giá gốc đợt đầu,"5,11 tỷ",76 m²,"67,26 tr/m²",2,2,"La Khê, Hà Đông","20.974758130815914, 105.7606490426923"
42323589,03/03/2025,Đóng 1.5 tỷ sở hữu ngay căn hộ The Charm An Hưng mặt đường Tố Hữu Hà Đông,"5,11 tỷ",76 m²,"67,26 tr/m²",2,2,"La Khê, Hà Đông","20.974348568397275, 105.7608412205907"
42323515,03/03/2025,CẦN BÁN CHUNG CƯ VĂN PHÚ VICTORIA,"6,5 tỷ",118 m²,"55,08 tr/m²",2,2,"Phú La, Hà Đông","20.96065684426722, 105.76822958183047"
42229562,03/03/2025,Chính chủ bán căn góc 2 ngủ 2wc full nội thất mới 100% giá chỉ 2tỷ6xx tại Thanh Hà Mường Thanh,"2,65 tỷ",76 m²,"34,87 tr/m²",2,2,"Kiến Hưng, Hà Đông","20.939662469464015, 105.78776714546045"
38868080,03/03/2025,Tổng hợp quỹ 40 căn hộ chung cư đang cần bán tại khu đô thị Thanh Hà,"2,2 tỷ",69 m²,"31,88 tr/m²",2,2,"Kiến Hưng, Hà Đông","20.94027191251556, 105.78722120456776"
42278122,03/03/2025,"Bán CC đẹp tại Tòa Tháp Thiên Niên Kỷ, 4,55 tỷ, 61m2, nhiều tiện ích hấp dẫn","4,5 tỷ",61 m²,"73,77 tr/m²",N/A,N/A,"Quang Trung, Hà Đông","20.9259009419465, 105.780039657199"
42008285,03/03/2025,"Mở bán căn 2PN 54m2 - 78m2 dự án The Charm An Hưng - Hà Đông. Vốn ban đầu nhỉnh 1,6 tỷ HTLS 12th",Giá thỏa thuận,76 m²,N/A,2,2,"La Khê, Hà Đông","20.974538572451536, 105.7607641623093"
42323101,03/03/2025,Chung cư quá đẹp mà rẻ nhất Hà Đông,"4,32 tỷ",90 m²,48 tr/m²,3,2,"Yên Nghĩa, Hà Đông","20.95421805920509, 105.74061898295123"
42323086,03/03/2025,"Bán căn hộ lô góc, 75m2 tại dự án Anland Lake View giá chỉ nhỉnh 5 tỷ LH: 0848 220 ***","5,15 tỷ",75 m²,"68,67 tr/m²",2,2,"Dương Nội, Hà Đông","20.982755502143515, 105.75709923305216"
42322949,03/03/2025,"Bán gấp CH Mulberry Lane, Mỗ Lao, Hà Đông, 7 tỷ, 121.8m2. Liên hệ 24/24h ngay với sđt 0945 566 ***",7 tỷ,"121,8 m²","57,47 tr/m²",2,2,"Mỗ Lao, Hà Đông","20.98693777740212, 105.78636626568445"
42224982,03/03/2025,Chính chủ cần bán gấp căn góc 4 phòng ngủ full nội thất tại tòa CT2 Bộ Tư Lệnh Yên Nghĩa,"4,72 tỷ",121 m²,"39,01 tr/m²",4,3,"Yên Nghĩa, Hà Đông","20.9541417036493, 105.74102212379346"
42322844,03/03/2025,Chính chủ cần bán căn 2 ngủ 2 VS 60m2 toà TTTM Đức Thành KĐT Xa La. Giá thương lượng,Giá thỏa thuận,60 m²,N/A,2,2,"Phúc La, Hà Đông","20.9627325804415, 105.792202543782"
42308431,03/03/2025,Chính chủ tôi bán 3Pn full đồ 6.8 tỷ tại Seasons Avenue - Mỗ Lao. LH: 0364 079 ***,"6,8 tỷ",100 m²,68 tr/m²,3,2,"Mỗ Lao, Hà Đông","20.987427060687267, 105.78744180403446"
42312494,03/03/2025,3/3 mở bán 52 căn The Charm An Hưng quỹ căn ngoại giao siêu vip LH Lấy căn gía tốt nhất thị trường,Giá thỏa thuận,54 m²,N/A,2,N/A,"La Khê, Hà Đông","20.9748641446811, 105.761398948885"
42243090,03/03/2025,"Chính thức ra mắt khai trương căn hộ mẫu The Charm An Hưng, nhận đặt chỗ chọn căn ưng ý giá ưu đãi","7,19 tỷ","95,9 m²",75 tr/m²,3,2,"La Khê, Hà Đông","20.97489853542613, 105.7614213944958"
40489537,03/03/2025,"Bán căn K Park 59m2 2pn2vs giá 3,9 tỉ full nội thất RẺ NHẤT THỊ TRƯỜNG","3,5 tỷ",59 m²,"59,32 tr/m²",2,2,"Phúc La, Hà Đông","20.9599056243896, 105.791801452637"
42177183,03/03/2025,Chính chủ cần bán gấp căn 78m2 vip toà A La Casta nội thất nhập khẩu,"5,5 tỷ",78 m²,"70,51 tr/m²",N/A,N/A,"Phú La, Hà Đông","20.96256153396576, 105.76282406150537"
37341356,03/03/2025,Chính chủ cần bán gấp căn 47m2 La Casta đầy đủ nội thất. LH 0338 852 ***,"3,45 tỷ",47 m²,"73,4 tr/m²",1,1,"Phú La, Hà Đông","20.963998585712677, 105.7634520742666"
42179026,03/03/2025,"Chính chủ bán căn 2PN, 1VS 55m2 toà HH2L có đồ nhà đẹp như hình cho khách có nhu cầu","2,88 tỷ",55 m²,"52,36 tr/m²",2,1,"Yên Nghĩa, Hà Đông","20.9598910669903, 105.742092473905"
42313091,03/03/2025,"Bán căn hộ chung cư 2PN, 2WC tại Xuân Mai Complex, 3,25 tỷ, 62m2","3,25 tỷ",62 m²,"52,42 tr/m²",2,2,"Yên Nghĩa, Hà Đông","20.95936878195756, 105.74270917072316"
42313114,03/03/2025,"Bán CC The Sparks, Dương Nội, Hà Đông, Hà Nội giá ưu đãi 2,85 tỷ, 56m2, 2PN, 1WC","2,85 tỷ",56 m²,"50,89 tr/m²",2,1,"Dương Nội, Hà Đông","20.980104264952658, 105.74367620207092"
42313125,03/03/2025,"Bán CC Park View Residence Dương Nội, giá cực tốt 3 tỷ 2PN 2VS, 56m2, full nội thất",3 tỷ,56 m²,"53,57 tr/m²",2,2,"Dương Nội, Hà Đông","20.9646619078472, 105.749617304296"
42319865,03/03/2025,"FLC Star Tower - Quang Trung - Hà Đông - Hà Nội - DT 113.3m2 4PN - 2WC - giá 5,6tỷ - LH 0394 260 ***","5,6 tỷ","113,3 m²","49,43 tr/m²",4,2,"Quang Trung, Hà Đông","20.9628315647066, 105.764515838111"
42318767,03/03/2025,Cần bán căn hộ 4PN - 113.3m2 - FLC Star Tower - 418 Quang Trung - Hà Đông - LH 0886 896 ***,"5,6 tỷ","113,3 m²","49,43 tr/m²",4,2,"Quang Trung, Hà Đông","20.9627405456148, 105.765786609743"
42303933,03/03/2025,"Gia đình bán căn góc 3 ngủ 2wc 120m2 tòa Season Avenue. Đủ nội thất, có slot, sổ đỏ. Giá 7,5 tỷ","7,5 tỷ",120 m²,"62,5 tr/m²",3,2,"Mỗ Lao, Hà Đông","20.986945813061926, 105.78674759669815"
42321927,03/03/2025,"Bán góc 100m, 3PN 2WC SĐCC NT full đồ tại 89 Phùng Hưng, Phúc La, Hà Đông, Hà Nội, giá 4x",Giá thỏa thuận,100 m²,N/A,3,2,"Phúc La, Hà Đông","20.969562356426557, 105.78514338451845"
42321875,03/03/2025,"Bán căn hộ Thanh Hà Cienco 5, DT 63m2, full nội thất giá rẻ nhất thị trường, chỉ nhỉnh 2 tỷ",Giá thỏa thuận,63 m²,N/A,2,2,"Kiến Hưng, Hà Đông","20.9395405094124, 105.787492777855"
39148072,03/03/2025,Chính chủ bán căn hộ 3PN DT 122m2 - Giá tốt - Full đồ - View hồ - tòa TSQ Euroland. LH: 0961 846 ***,7 tỷ,122 m²,"57,38 tr/m²",3,2,"Mỗ Lao, Hà Đông","20.9834575653076, 105.78564453125"
42321683,03/03/2025,"Bán căn hộ 2 ngủ,2 nhà về sinh diện tích 72m2 tại dự án The Charm An Hưng.","5,31 tỷ",72 m²,"73,75 tr/m²",2,2,"La Khê, Hà Đông","20.9747051549092, 105.759893327097"
42321613,03/03/2025,"Bán gấp căn hộ 2PN, 1WC tại The Charm An Hưng, 4,3 tỷ, 54m2","4,3 tỷ",54 m²,"79,63 tr/m²",2,1,"La Khê, Hà Đông","20.975133233776045, 105.76099822114533"
42314801,03/03/2025,Quỹ hàng hot nhất dự án The Charm An Hưng dt 96m2. LH,"7,2 tỷ",96 m²,75 tr/m²,3,2,"La Khê, Hà Đông","20.974504705779, 105.761418319398"
41115203,03/03/2025,Seasons Avenue - 3PN 2VS - DT 117m2 - BC Đông Bắc - tặng full nội thất - giá 7.X tỷ/ có slot ô tô,8 tỷ,117 m²,"68,38 tr/m²",3,2,"Mỗ Lao, Hà Đông","20.987026214599609, 105.78683471679688"
42150043,03/03/2025,"Giá nào cũng bán! Tôi cần bán nhanh căn 2 ngủ full đồ, sđcc tại cc Sông Nhuệ chỉ việc về ở",Giá thỏa thuận,47 m²,N/A,2,1,"Kiến Hưng, Hà Đông","20.9604407898494, 105.799007156979"
42166945,03/03/2025,Rẻ nhất khu vực! Tôi cần bán nhanh căn 2 ngủ full đồ sđcc tại toà CC The Pride chỉ việc về ở,Giá thỏa thuận,72 m²,N/A,2,2,"La Khê, Hà Đông","20.976089443815031, 105.76172259421971"
42094759,03/03/2025,"Căn hộ 2PN GIÁ RẺ NHẤT DUPLEX [2 tầng], hướng tài lộc vận may 5.4 tỷ - 78m2 tại Mulberry Lane","5,4 tỷ",78 m²,"69,23 tr/m²",2,2,"Mỗ Lao, Hà Đông","20.986440335811849, 105.78730631792088"
39268547,03/03/2025,"Quỹ căn ngoại giao giá tốt nhất dự án - 90,3 m2- 113m2, ký trực tiếp CĐT, có vay bank",Giá thỏa thuận,"90,3 m²",N/A,3,2,"Văn Quán, Hà Đông","20.979729457871958, 105.78756108115586"
42003958,03/03/2025,RẺ NHẤT KHU VỰC !!! GIA ĐÌNH TÔI CẦN BÁN NHANH CĂN 2 NGỦ FULL ĐỒ SĐCC TẠI TOÀ CT6 XALA,Giá thỏa thuận,70 m²,N/A,2,2,"Phúc La, Hà Đông","20.9624966743281, 105.792013418772"
41447847,03/03/2025,"O968127636 BÁN CĂN TOÀ HỒ GƯƠM PLAZA, HÀ ĐÔNG 76m2, 2 NGỦ - FULL NỘI THẤT CỰC ĐẸP - CÓ SỔ ĐỎ","4,7 tỷ",76 m²,"61,84 tr/m²",2,2,"Mỗ Lao, Hà Đông","20.9792900085449, 105.785461425781"
41818488,03/03/2025,"Chung cư FLC Star Tower 418 Quang Trung, Hà Đông","5,85 tỷ","113,3 m²","51,63 tr/m²",4,2,"Quang Trung, Hà Đông","20.96286803562, 105.764629962297"
36754940,03/03/2025,"Chính chủ bán căn hộ 3PN + 2VS chung cư Anland Complex rẻ nhất thị trường giá 4,8 tỷ đã có sổ đỏ","4,8 tỷ",75 m²,64 tr/m²,3,2,"La Khê, Hà Đông","20.976192474365234, 105.76083374023438"
38749743,03/03/2025,"Chính chủ bán căn hộ chung cư Anland Premium mẫu 3PN 2VS 96m2 giá 5,3 tỷ full đồ LH 0911 460 ***","5,3 tỷ",96 m²,"55,21 tr/m²",3,2,"Dương Nội, Hà Đông","20.9772338867188, 105.76195526123"
37043568,03/03/2025,"Bán gấp căn chung cư Anland LakeView 74m2, giá 4,x tỷ full đồ, vay được ngân hàng LH 0967 506 ***",Giá thỏa thuận,74 m²,N/A,2,2,"Dương Nội, Hà Đông","20.9830436706543, 105.757339477539"
42321102,03/03/2025,"Trả giá là bán! Tôi chuyển nhà cần bán nhanh căn 2 ngủ full đồ, sđcc tại toà CC The Pride","3,9 tỷ","72,9 m²","53,5 tr/m²",2,2,"La Khê, Hà Đông","20.975553228321075, 105.76188018433751"
40903374,03/03/2025,Căn 2PN2WC - 67m2 Xuân Mai Riverside Hương Mát NT cơ bản SĐCC giá 4.1 tỷ,"4,1 tỷ",67 m²,"61,19 tr/m²",2,2,"Mỗ Lao, Hà Đông","20.9851932525635, 105.779029846191"
40673944,03/03/2025,Hiếm! Căn 3 ngủ 2WC Mulberry Lane 117/121m2 full nội thất giá 7.68 tỷ,"7,68 tỷ",117 m²,"65,64 tr/m²",3,2,"Mỗ Lao, Hà Đông","20.9865188598633, 105.786399841309"
42265095,03/03/2025,Đại lý F1 chính thức ra hàng đợt 1 căn hộ The Charm Luxury Boutique KĐT An Hưng,5 tỷ,75 m²,"66,67 tr/m²",2,2,"La Khê, Hà Đông","20.974623041184756, 105.76083986157273"
40038808,03/03/2025,"Cần bán căn hộ Bình Vượng, 200 Quang Trung, Hà Đông","4,95 tỷ",93 m²,"53,23 tr/m²",3,2,"Quang Trung, Hà Đông","20.9668750762939, 105.769638061523"
41211231,03/03/2025,Tôi chính chủ cần bán gấp căn hộ 65m2 Xuân Mai Complex giá rẻ view công viên cây đàn đẹp,"3,25 tỷ",65 m²,50 tr/m²,2,2,"Yên Nghĩa, Hà Đông","20.959775924682617, 105.74188232421875"
41723264,03/03/2025,"Cần bán căn hộ 2PN, 55m2 tại tòa CT7 HJK Park View Residence, KĐTM Dương Nội, Hà Đông, Hà Nội",Giá thỏa thuận,56 m²,N/A,2,N/A,"Dương Nội, Hà Đông","20.964326858520508, 105.74954986572266"
42320366,03/03/2025,"Chính chủ TSQ Euroland Mỗ Lao HĐ cần tiền gấp bán căn 2 ngủ méo, giá 4,1tỷ 0981 674 *** sẵn sổ 70m2","4,1 tỷ",70 m²,"58,57 tr/m²",2,1,"Mỗ Lao, Hà Đông","20.9834575653076, 105.78564453125"
42320378,03/03/2025,"Bán căn hộ 98m thiết kế 3PN đầy đủ nội thất giá bán 5,3 tỷ tại chung cư Xuân Mai Riverside Mỗ Lao","5,3 tỷ",98 m²,"54,08 tr/m²",3,2,"Mỗ Lao, Hà Đông","20.9852141692054, 105.779018407347"
40476944,03/03/2025,"Chính chủ bán căn hộ siêu đẹp tầng trung tại The Pride. 2PN 2VS, SĐCC. Liên hệ: 0844 561 ***",Giá thỏa thuận,"72,9 m²",N/A,2,2,"La Khê, Hà Đông","20.9760246276855, 105.761596679688"
42320365,03/03/2025,(Thật 100%) căn hộ 116m2 x 3PN có slot ô tô tại KĐG Ngô Thì Nhậm - Nội thất cao cấp - Tầng cao đẹp,"5,9 tỷ",116 m²,"50,86 tr/m²",3,2,"Hà Cầu, Hà Đông","20.969002926870548, 105.76876213535547"
42320020,03/03/2025,"Bán quỹ 15 căn chung cư Ct4 Yên Nghĩa, Đã bàn giao nhà ở luôn giá chỉ 4X triệu /m2 ,nhà mới chưa ở",Giá thỏa thuận,"67,54 m²",N/A,2,1,"Yên Nghĩa, Hà Đông","20.954297058320133, 105.74033104767481"
42320269,03/03/2025,"Bán CH 2n 1vs CC Xuân Mai Complex, Yên Nghĩa - 55m2 2.85 tỷ","2,85 tỷ",55 m²,"51,82 tr/m²",2,2,"Yên Nghĩa, Hà Đông","20.959727945412098, 105.74192294402346"
42319980,03/03/2025,"Bán CC đẹp tại Samsora Premier, 4,3 tỷ, 70m2, 2PN, 2WC, sẵn sổ 0964 513 ***","4,3 tỷ",70 m²,"61,43 tr/m²",2,2,"Quang Trung, Hà Đông","20.975194279186617, 105.77712567595461"
41181965,03/03/2025,"Chính chủ bán căn 2PN - 67m2, 2VS, nhà đẹp, view đẹp. LH chi tiết: 0984 797 ***",Giá thỏa thuận,67 m²,N/A,2,2,"Dương Nội, Hà Đông","20.97723388671875, 105.76195526123047"
42320100,03/03/2025,Căn hộ toà C Hồ Gươm Plaza - Hà Đông - tiện ích ngập tràn ngay tại chân tòa nhà - sát ga tàu điện,"4,95 tỷ",107 m²,"46,26 tr/m²",3,2,"Mỗ Lao, Hà Đông","20.9789740791676, 105.785435058441"
41864739,03/03/2025,"Hàng hiếm tại Lucky House Kiến Hưng, 32 triệu VND/m2, 40 m2, 2PN, 1WC","1,28 tỷ",40 m²,32 tr/m²,2,1,"Kiến Hưng, Hà Đông","20.9505860224129, 105.79110726763516"
42319902,03/03/2025,"Bán CC Samsora Premier, 4,3 tỷ, 70m2, 2PN, 2WC, hàng hiếm tại Hà Đông, Hà Nội","4,3 tỷ",70 m²,"61,43 tr/m²",2,2,"Quang Trung, Hà Đông","20.975556038750437, 105.7775533692249"
41980999,03/03/2025,"Bán căn hộ đẹp 2PN 2WC tại Khu đô thị Thanh Hà Mường Thanh, 2,1 tỷ, 65m2, Hà Đông, HN","2,1 tỷ",65 m²,"32,31 tr/m²",2,2,"Kiến Hưng, Hà Đông","20.93981127306053, 105.78730378616567"
42320044,03/03/2025,Căn hộ siêu đẹp giá tốt một căn duy nhất tại trung tâm Trần Phú chưa tới 4 tỷ đồng,"3,98 tỷ",71 m²,"56,06 tr/m²",2,1,"Văn Quán, Hà Đông","20.979529736922405, 105.7882480672224"
38710085,03/03/2025,"Bảng hàng cập nhật bán chung cư Terra An Hưng T3/2025 (2PN, 3PN, 4PN, giá tốt nhất) 0917 136 ***","4,8 tỷ",74 m²,"64,86 tr/m²",2,2,"Dương Nội, Hà Đông","20.9743461608887, 105.754165649414"
42265151,03/03/2025,Bán 2N2vs 68m2 cc K-Park - Văn Phú sẵn sổ 4.35 tỷ,"4,35 tỷ",68 m²,"63,97 tr/m²",2,2,"Phúc La, Hà Đông","20.959894686904594, 105.79169568308532"
42319667,03/03/2025,Siêu hiếm! Chỉ 4. Xx tỷ căn hộ 74m2 tại Anland LakeView Dương Nội,Giá thỏa thuận,74 m²,N/A,2,2,"Dương Nội, Hà Đông","20.9827223051125, 105.757078294304"
42319665,03/03/2025,Chính chủ cần bán chung cư TSQ Euroland residence,12 tỷ,225 m²,"53,33 tr/m²",4,3,"Mỗ Lao, Hà Đông","20.977959599753813, 105.78310384088984"
42319631,03/03/2025,"Bán căn 3 ngủ 116m2 Usilk, tầng 10 cực đẹp, giá chỉ 6.1 tỷ","6,1 tỷ",116 m²,"52,59 tr/m²",3,2,"La Khê, Hà Đông","20.974128979657714, 105.76058300990695"
41321048,03/03/2025,"Cần bán nhanh căn Mulberry 118m2, giá 6,8 tỷ, 3N 2W, sẵn sổ, full nội thất. LH 0962 347 ***","6,8 tỷ",118 m²,"57,63 tr/m²",3,2,"Mỗ Lao, Hà Đông","20.9865188598633, 105.786399841309"
42303668,03/03/2025,"Bán 02 suất ngoại giao căn hộ chung cư tại The Charm An Hưng, giá thỏa thuận",Giá thỏa thuận,"95,7 m²",N/A,3,N/A,"La Khê, Hà Đông","20.973070422055805, 105.75680774981339"
42319702,03/03/2025,"Chính chủ cần bán căn 65m2, view hồ Thanh Hà, giá hơn 2,3 tỷ. 0985 020 ***",Giá thỏa thuận,65 m²,N/A,2,2,"Kiến Hưng, Hà Đông","20.9398695539012, 105.787480710067"
42319217,03/03/2025,Căn hộ 2N tại dự án The Charm An Hưng view hồ Thiên Văn Học,Giá thỏa thuận,75 m²,N/A,2,2,"La Khê, Hà Đông","20.9747203355693, 105.760807048024"
33380981,03/03/2025,Chính chủ bán 3 ngủ dt 100m2 chung cư Anland LakeView view hồ 100m2 giá 7 tỷ full nt nhập khẩu,7 tỷ,100 m²,70 tr/m²,3,2,"Dương Nội, Hà Đông","20.9830436706543, 105.757339477539"
40671868,03/03/2025,Chính chủ bán căn góc 2PN 2VS 74m2 Anland LakeView giá hợp lý thị trường LH 0911 460 ***,Giá thỏa thuận,74 m²,N/A,2,2,"Dương Nội, Hà Đông","20.9830436706543, 105.757339477539"
42175452,03/03/2025,Chính chủ bán nhanh căn 60m2 tầng trung. Full nội thất giá tốt nhất hiện tại. 2PN-1Vs. Cửa TN - ĐB,"3,92 tỷ",60 m²,"65,37 tr/m²",2,1,"Quang Trung, Hà Đông","20.973694198503214, 105.77860213407209"
42175496,03/03/2025,"Căn hộ dành cho khách đầu tư, rẻ nhất thời điểm hiện tại, 96,5m2. Tầng trung. Full đồ. Ban công ĐN","5,78 tỷ","96,5 m²","59,9 tr/m²",3,2,"Quang Trung, Hà Đông","20.973381187666217, 105.77833335700572"
42318434,03/03/2025,"Bán căn hộ CC 75,8m2 tại La Khê, Hà Đông, giá siêu hời 5,8 tỷ","5,8 tỷ","75,8 m²","76,52 tr/m²",2,1,"La Khê, Hà Đông","20.9707217779047, 105.760070829049"
42319137,03/03/2025,"Chính chủ bán căn 115m2 Văn Phú Victoria giá 55tr full nội thất xịn xò (miễn trung gian),0917 136 ***","6,3 tỷ",118 m²,"53,39 tr/m²",3,N/A,"Phú La, Hà Đông","20.959824373052857, 105.76868791134895"
42318828,03/03/2025,"Bán căn hộ chung cư Samsora Premier, giá thỏa thuận, 69.5m2, Quang Trung, Hà Đông, Hà Nội",Giá thỏa thuận,"69,5 m²",N/A,2,2,"Quang Trung, Hà Đông","20.97494475643606, 105.77694991287893"
42173999,03/03/2025,"Cần Bán CC Victoria,Văn Phú Hà Đông ,căn hộ đầy đủ tiện nghi ,diện tích 118m2 giá cực tốt chỉ 6,5tỷ","6,5 tỷ",118 m²,"55,08 tr/m²",3,2,"Phú La, Hà Đông","20.96011502264234, 105.76770441107881"
42216874,03/03/2025,"Bán CC 2PN, 2WC, 70m2 tại 89 Phùng Hưng, 3,35 tỷ, Hà Đông, Hà Nội","3,35 tỷ",70 m²,"47,86 tr/m²",2,2,"Phúc La, Hà Đông","20.970518988081608, 105.78571840718675"
42318509,03/03/2025,"Bán CC 2PN, 2WC tại KĐT Xa La, 62m2 full nội thất đẹp, giá rẻ nhất thị trường","2,7 tỷ",62 m²,"43,55 tr/m²",2,2,"Phúc La, Hà Đông","20.962823917767075, 105.79266692209917"
42318655,03/03/2025,"Gia đình cần bán căn hộ 80m2 (2n 2w) tại Usilk 103 Hà Đông. Sẵn sổ, full đồ. Giá: 4.1 tỷ","4,1 tỷ",80 m²,"51,25 tr/m²",2,2,"La Khê, Hà Đông","20.9743248918181, 105.760661236236"
42318430,03/03/2025,"Giá tốt chốt ngay! Chính chủ cần bán gấp căn tầng trung 2 ngủ 70m KĐT Thanh Hà, pháp lý chuẩn",Giá thỏa thuận,70 m²,N/A,2,2,"Kiến Hưng, Hà Đông","20.938927020188153, 105.78746878019906"
42318628,03/03/2025,"Hoàng 3333 giá thật. Bán CH chung cư Goldsilk 128m2, 4PN - 3WC, ban công Đông Nam mát mẻ sổ đỏ sẵn",7 tỷ,128 m²,"54,69 tr/m²",4,3,"Vạn Phúc, Hà Đông","20.977828228095873, 105.7732717981077"
41688198,03/03/2025,"Chỉ 3, x tỷ - Chốt ngay CH 3 ngủ đẹp nhất tòa 89 Phùng Hưng, Hà Đông. Nội thất như ảnh",Giá thỏa thuận,70 m²,N/A,3,2,"Phúc La, Hà Đông","20.970032, 105.78503"
42318542,03/03/2025,"Bán căn hộ tại chung cư Sails, Sông Nhuệ, 2pn 2wc 78m2 có sổ giá chỉ 3.25 tỷ có thương lượng","3,25 tỷ",78 m²,"41,67 tr/m²",2,2,"Kiến Hưng, Hà Đông","20.9593355959802, 105.798527776178"
42318520,03/03/2025,"Bán gấp giá rẻ CH 2 ngủ 68m2 toà CT2 Văn Quán, Hà Đông. Đầy đủ nội thất","3,9 tỷ",68 m²,"57,35 tr/m²",3,1,"Phúc La, Hà Đông","20.974314239252603, 105.78867517121611"
41658455,03/03/2025,"Chính chủ bán căn hộ CT5 Xa La, tầng trung 2n 2wc 68m2 giá thương lượng, nhà đẹp sẵn ở",Giá thỏa thuận,68 m²,N/A,2,2,"Phúc La, Hà Đông","20.962467, 105.792366"
42130459,03/03/2025,"Bán căn hộ tòa Xuân Mai Tô Hiệu, Hà Đông, căn 65m2, 2 ngủ nhà vuông vắn, sổ lâu dài, giá 3.65 tỷ","3,65 tỷ",65 m²,"56,15 tr/m²",2,1,"Hà Cầu, Hà Đông","20.9625196022535, 105.774213365281"
42184645,03/03/2025,"Chung cư Sông Nhuệ, Kiến Hưng, Hà Đông, căn 90m2 nhà đẹp sẵn ở, có thể sửa 3 ngủ giá thương lượng","3,75 tỷ",90 m²,"41,67 tr/m²",2,2,"Kiến Hưng, Hà Đông","20.95969529686178, 105.79891306308592"
42318442,03/03/2025,"Chính chủ em cần bán CH tòa 89 Phùng Hưng, Phúc La, Hà Đông, căn 3 ngủ full nội thất sẵn ở","4,5 tỷ",82 m²,"54,88 tr/m²",3,2,"Phúc La, Hà Đông","20.96955095554967, 105.78488694741517"
42210711,03/03/2025,"Cần bán căn hộ Usilk City, Vân Khê, Hà Đông, căn hộ 2n2wc dt 80m2, giá thương lượng","4,28 tỷ",79 m²,"54,18 tr/m²",2,2,"La Khê, Hà Đông","20.973901197456392, 105.761138742009"
42272081,03/03/2025,Độc quyền! Quỹ ngoại giao mở bán sớm tầng 12-15-19-21. Gói chiết khấu vip từ CĐT hỗ trợ lãi suất 0%,Giá thỏa thuận,54 m²,N/A,2,2,"La Khê, Hà Đông","20.9747082022914, 105.760752002518"
42288090,03/03/2025,Chính chủ cần bán gấp căn 2 ngủ 2 VS 65m2 - Toà CT6 KĐT Xa La. Sổ hồng - Giá 2.65 tỷ thương lượng,"2,65 tỷ",65 m²,"40,77 tr/m²",2,2,"Phúc La, Hà Đông","20.9624480899441, 105.793008724125"
42315286,03/03/2025,Nhận booking The Charm An Hưng dự án chung cư được mong chờ nhất hà đông 2025,Giá thỏa thuận,54 m²,N/A,2,2,"La Khê, Hà Đông","20.975170753557, 105.760752676154"
41816347,03/03/2025,Bán căn 2 ngủ 77m2 chung cư HPC ban công ĐN. Lh 0964 513 *** chỉ 4.65 tỷ,"4,65 tỷ",77 m²,"60,39 tr/m²",2,2,"La Khê, Hà Đông","20.974096175084917, 105.75795687095699"
42317674,03/03/2025,"Bán căn góc chung cư FLC Star Tower, Hà Đông 100m2, 3 ngủ, 2 vs, nội thất và giá đẹp","4,79 tỷ",100 m²,"47,9 tr/m²",3,2,"Quang Trung, Hà Đông","20.963375151627062, 105.76500307965189"
38570459,03/03/2025,"Bán chung cư FLC Star Tower Hà Đông 80m2, 2 ngủ, giá rẻ",Giá thỏa thuận,80 m²,N/A,2,2,"Quang Trung, Hà Đông","20.9625549316406, 105.765251159668"
42302218,03/03/2025,"Chung cư Kepler Hà Đông sắp mở bán, view đẹp ngay trục đường vip",Giá thỏa thuận,45 m²,N/A,1,1,"Mỗ Lao, Hà Đông","20.985435784222403, 105.78014348341601"
39508692,03/03/2025,"Cần bán căn Booyoung Vũ Trọng Khánh, Mỗ Lao: 3 phòng ngủ, 95m2 full nội thất giá 5.x tỷ",Giá thỏa thuận,95 m²,N/A,3,2,"Mỗ Lao, Hà Đông","20.983376, 105.78353"
38523445,03/03/2025,"0901 755 ***! Chính chủ cần bán gấp căn 2PN,68 m2 CC SDU - 143 Trần Phú, fulL NT. Giá: 3,2 tỷ (GDG)","3,2 tỷ",68 m²,"47,06 tr/m²",2,2,"Văn Quán, Hà Đông","20.97731590271, 105.784957885742"
39769156,03/03/2025,"0986 231 ***! CC bán gấp CC Nam Xa La: 55m2 và 68 m2, 81 m2, full nội thất, 36tr/m2 (giao dịch gấp)","1,98 tỷ",55 m²,36 tr/m²,2,1,"Phúc La, Hà Đông","20.960405349731445, 105.79469299316406"
42317028,03/03/2025,"Chính chủ cần bán căn hộ Xuân Mai Tô Hiệu 65m2 2 ngủ full nội thất đẹp giá 3,65 tỷ","3,65 tỷ",65 m²,"56,15 tr/m²",2,1,"Hà Cầu, Hà Đông","20.9627489658399, 105.773547496112"
41487776,03/03/2025,"Bán gấp căn hộ góc 80m2 view hồ sen tại khu đô thị Thanh Hà Mường Thanh - 2,93 tỷ vnd, 2pn, 2wc","2,93 tỷ",80 m²,"36,62 tr/m²",2,2,"Kiến Hưng, Hà Đông","20.9397029876709, 105.7872543334961"
42286158,03/03/2025,"(Giá thật) bán căn góc 3PN 2WC 99m2, nhà đẹp, view thoáng, sổ đỏ. Giá 7 tỷ Season Avenue",7 tỷ,99 m²,"70,71 tr/m²",3,2,"Mỗ Lao, Hà Đông","20.986901443454006, 105.78591481320416"
42316710,03/03/2025,Tôi bán căn hộ chung cư tầng The Pride CT3 3116. Ai cần liên hệ tôi,"5,2 tỷ",90 m²,"57,78 tr/m²",3,2,"La Khê, Hà Đông","20.976318556913025, 105.76248935096804"
42310014,03/03/2025,"Dự án chung cư Kepler Land, DT từ 45m2. Giá từ 75tr/m2. Nội thất cao cấp, sổ lâu dài",Giá thỏa thuận,45 m²,N/A,2,2,"Mỗ Lao, Hà Đông","20.9855885985748, 105.779179145039"
42124914,03/03/2025,"Suất ngoại giao căn hộ 2PN DT 54m2, 72m2, 78m2, The Charm An Hưng - Hà Đông. Booking giữ căn ngay","4,21 tỷ",54 m²,78 tr/m²,2,2,"La Khê, Hà Đông","20.974594448561426, 105.76115261342156"
41960028,03/03/2025,Tôi chính chủ bán căn hộ 90m2. Tây Bắc. Góc sẻ khe. CT3 The Pride Dương Nội,"5,2 tỷ",90 m²,"57,78 tr/m²",3,2,"La Khê, Hà Đông","20.9751495960391, 105.761786137904"
42316366,03/03/2025,"Bán căn hộ chung cư tại TTTM TSQ, 9 tỷ, 176m2, view đẹp, giá ưu đãi. Tầng Trung",9 tỷ,176 m²,"51,14 tr/m²",4,2,"Mỗ Lao, Hà Đông","20.978912365519182, 105.7835988955226"
42316572,03/03/2025,"Gia đình e bán căn hộ 122m2 (4N3W) tại Goldsilk, Hà Đông. Sẵn sổ, full đồ, 02 slot ôtô. Giá: 6.8 tỷ","6,8 tỷ",122 m²,"55,74 tr/m²",4,3,"Vạn Phúc, Hà Đông","20.9787410354365, 105.772228794788"
42316240,03/03/2025,"Chính chủ bán căn 3 ngủ 122m2 Mulberry Lane, Mỗ Lao tầng trung sẵn sổ full nội thất 0869 043 ***",7 tỷ,122 m²,"57,38 tr/m²",3,2,"Mỗ Lao, Hà Đông","20.98653993961308, 105.78647228483135"
42316086,03/03/2025,"Bán căn hộ 2 ngủ siêu đẹp tại chung cư BMM Xa La, Hà Đông 84.5m2, sổ đỏ giá 3. X tỷ",Giá thỏa thuận,"84,5 m²",N/A,2,2,"Phúc La, Hà Đông","20.9624652361594, 105.792405762381"
42315250,03/03/2025,"Bán CC La Casta Văn Phú, 5,1 tỷ, 68m2, 2PN + 2WC tại Hà Đông, giá tốt","5,1 tỷ",68 m²,75 tr/m²,2,2,"Phú La, Hà Đông","20.9637442239516, 105.763028810982"
42316030,03/03/2025,"Bán căn hộ chung cư Anland Premium, 4,9 tỷ, 74m2, 2PN, La Khê, Hà Đông, Hà Nội, chỉ với giá ưu đãi",Giá thỏa thuận,74 m²,N/A,N/A,N/A,"La Khê, Hà Đông","20.975889059193864, 105.76069579451045"
42316000,03/03/2025,"Bán gấp căn hộ chung cư 2 ngủ 2vs, 1,53 tỷ tại KĐT Xa La, Phùng Hưng, Hà Đông, Hà Nội","1,53 tỷ",36 m²,"42,5 tr/m²",2,2,"Phúc La, Hà Đông","20.96246053128654, 105.7922268388477"
42271260,03/03/2025,"Bán căn hộ 3PN, 2WC tại Hồ Gươm Plaza, Trần Phú, Mỗ Lao, Hà Đông, giá 45tr/m2 rẻ nhất thị trường","6,34 tỷ",141 m²,45 tr/m²,3,2,"Mỗ Lao, Hà Đông","20.979461162314553, 105.78508533800425"
42303230,03/03/2025,"Bán căn hộ 2n 2vs 55m2 The Charm An Hưng sống đẳng cấp, đầu tư sinh lời","4,5 tỷ",55 m²,"81,82 tr/m²",2,2,"La Khê, Hà Đông","20.9748540420365, 105.760651861136"
42316167,03/03/2025,"Chỉ cần 1,9 tỷ, sở hữu ngay căn hộ 68.5m2 chung cư Thanh Hà Mường Thanh","1,9 tỷ","68,5 m²","27,74 tr/m²",2,2,"Kiến Hưng, Hà Đông","20.939182630979737, 105.78656412372047"
41652590,03/03/2025,"Bán nhanh chung cư Xa La, Hà Đông, 70,5m2, 2 phòng ngủ, giá rẻ","2,79 tỷ","70,5 m²","39,57 tr/m²",2,2,"Phúc La, Hà Đông","20.9630764348008, 105.792340744406"
42227256,03/03/2025,"Chính chủ bán gấp CH 2 ngủ 63m2 toà CT1 Xa La, Hà Đông. Đầy đủ nội thất, giá rẻ",3 tỷ,63 m²,"47,62 tr/m²",2,2,"Phúc La, Hà Đông","20.962360759962525, 105.79163871068825"
41487758,03/03/2025,"Gấp! Bán căn hộ 77m2 tại Thanh Hà Mường Thanh, 2PN, chỉ 2,65 tỷ","2,65 tỷ",77 m²,"34,42 tr/m²",2,2,"Kiến Hưng, Hà Đông","20.9397029876709, 105.7872543334961"
42315714,03/03/2025,"Bán gấp căn 2n2wc rẻ nhất toà ICID complex Lê Trọng Tấn, Hà Đông","3,6 tỷ",66 m²,"54,54 tr/m²",2,2,"Dương Nội, Hà Đông","20.982193001969, 105.74243244815662"
42315975,03/03/2025,Chủ nhà gửi bán căn hộ tầng trung 1x hướng mát view thành phố - 90m2 giá 3.9 tỷ tại CT4 Yên Nghĩa,"3,9 tỷ",90 m²,"43,33 tr/m²",3,2,"Yên Nghĩa, Hà Đông","20.9542884771844, 105.7404985621"
42315648,03/03/2025,Gấp - có 3 suất nội bộ mua chung cư The Charm An Hưng - Hà Đông. Giá dự kiến từ 7x triệu/m2,Giá thỏa thuận,75 m²,N/A,2,2,"La Khê, Hà Đông","20.974787264826734, 105.76032247135565"
42315871,03/03/2025,"Bán CH 113m2 toà FLC Star Tower, Hà Đông - 4 ngủ. Nội thất cao cấp. giá thiện chí",Giá thỏa thuận,113 m²,N/A,4,2,"Quang Trung, Hà Đông","20.9628985031653, 105.765457847193"
40297366,03/03/2025,"Quỹ căn hộ 2 P.ngủ - 3 P.ngủ chính chủ bán rẻ nhất Mipec Kiến Hưng, Hà Đông. Liên H 0973 776 ***",Giá thỏa thuận,69 m²,N/A,2,2,"Kiến Hưng, Hà Đông","20.9525299072266, 105.790313720703"
42285498,03/03/2025,"Chuyển xuống mặt đất gia chủ cần bán căn góc 69m2, 2 ngủ 2 wc tại Mipec Kiến Hưng, Hà Đông",Giá thỏa thuận,69 m²,N/A,2,2,"Kiến Hưng, Hà Đông","20.95294614521238, 105.79002039491142"
42227813,03/03/2025,Tôi chính chủ bán căn hộ tòa B Sông Nhuệ diện tích: 47m2,"2,45 tỷ",47 m²,"52,13 tr/m²",2,1,"Kiến Hưng, Hà Đông","20.9598118112393, 105.798800546398"
42315352,03/03/2025,"Cần bán căn hộ CC tại ICID Complex, 3,65 tỷ, 65,5m2, 2PN, 2WC, view đẹp, uy tín","3,65 tỷ","65,5 m²","55,72 tr/m²",2,2,"Dương Nội, Hà Đông","20.9811365802537, 105.742563959618"
40749779,03/03/2025,Bán căn 3 ngủ chung cư The Vesta Hải Phát giá rẻ nhất khu vực Phú Lãm Hà Đông,"2,85 tỷ",69 m²,"41,3 tr/m²",3,2,"Phú Lãm, Hà Đông","20.946331024169922, 105.75578308105469"
40670545,03/03/2025,Bán căn 2 ngủ 67m2 chung cư The Vesta Phú Lãm Hà Đông 2 logia,"2,45 tỷ",67 m²,"36,57 tr/m²",2,2,"Phú Lãm, Hà Đông","20.946331024169922, 105.75578308105469"
42315526,03/03/2025,Bán căn chung cư tại Goldsilk diện tích 120m2 3n 3w giá 6.5 tỷ lh: 0985 636 ***,"6,5 tỷ",120 m²,"54,17 tr/m²",3,3,"Vạn Phúc, Hà Đông","20.97881579028523, 105.77250921402955"
42167035,03/03/2025,"Chính chủ bán 3 ngủ 130m2 TSQ Mỗ Lao, Làng Việt Kiều Châu Âu nội thất đẹp, giá 6,5 tỷ","6,5 tỷ",130 m²,50 tr/m²,3,2,"Mỗ Lao, Hà Đông","20.983458013242025, 105.78581277558753"
41558162,03/03/2025,"Chính chủ cần bán căn hộ 134m2 (4n-2w) toà HPC Landmark. Tầng trung, sẵn sổ, full nội thất xịn đẹp","6,9 tỷ",134 m²,"51,49 tr/m²",4,2,"La Khê, Hà Đông","20.973667144775391, 105.75871276855469"
41558218,03/03/2025,"Chính chủ cần bán căn hộ 130m2 (3n - 2w) toà HPC Landmark Tố Hữu. Tầng trung, sẵn sổ, full nội thất","5,5 tỷ",130 m²,"42,31 tr/m²",3,2,"La Khê, Hà Đông","20.9709366052656, 105.760021313252"
41559287,03/03/2025,"Chính chủ cần bán căn hộ 85m2 (2n - 2w) toà GoldSilk Cầu Am. Tầng trung, sẵn sổ, full nội thất","4,8 tỷ",85 m²,"56,47 tr/m²",2,2,"Vạn Phúc, Hà Đông","20.978439331054688, 105.77264404296875"
42315230,03/03/2025,Mulberry - còn lại căn 3pn giá tốt nhất thị trường,7 tỷ,124 m²,"56,45 tr/m²",3,2,"Mỗ Lao, Hà Đông","20.986369081484842, 105.78663624342092"
41273472,03/03/2025,"Chính chủ cần bán căn hộ 80m (2n - 2w) toà Anland LakeView Dương Nội Hà Đông. Sẵn sổ, full nội thất","4,9 tỷ",80 m²,"61,25 tr/m²",2,2,"Dương Nội, Hà Đông","20.9830436706543, 105.757339477539"
42275092,03/03/2025,"(HIẾM,GIÁ RẺ) Bán gấp căn hộ 54m2, Thiên Niên Kỷ Hà Đông, tầng trung, pháp lý rõ ràng, ở được ngay","3,5 tỷ",54 m²,"64,82 tr/m²",1,1,"Quang Trung, Hà Đông","20.97312199711979, 105.77807886948094"
42274765,03/03/2025,"(Chính chủ) bán gấp căn hộ 74m2 2N, Anland Lakeview Hà Đông, tầng trung, full nội thất, sẵn sổ đỏ","4,7 tỷ",74 m²,"63,51 tr/m²",2,2,"Dương Nội, Hà Đông","20.983557960427714, 105.75722348680927"
42315116,03/03/2025,Gia đình xuống nhà đất cần bán căn hộ 82m2 3 ngủ 2 vệ sinh full đồ Samsora 105 Chu Văn An,"4,5 tỷ",82 m²,"54,88 tr/m²",3,2,"Quang Trung, Hà Đông","20.9746919671739, 105.777139025115"
42315048,03/03/2025,"Bán căn hộ chung cư 75m2 tại KĐT Xa La, 3,25 tỷ, 2PN, 2WC, giá cực chất hot","3,25 tỷ",75 m²,"43,33 tr/m²",2,2,"Phúc La, Hà Đông","20.9621742003921, 105.792090847047"
42315306,03/03/2025,"Chính chủ bán căn chung cư Newsky Văn Quán, 135m2, 3 ngủ + 1, 2wc full nội thất đẹp. Lh 0973 705 ***","8,9 tỷ",135 m²,"65,93 tr/m²",3,2,"Văn Quán, Hà Đông","20.9796524483806, 105.792337714423"
42315299,03/03/2025,"Duy nhất tại CT6 Xa La, Hà Đông - Bán CH 2 ngủ 70m2 full nội thất. Giá bán 2.8x tỷ",Giá thỏa thuận,70 m²,N/A,2,2,"Kiến Hưng, Hà Đông","20.96247832811174, 105.79178617602693"
42315287,03/03/2025,Bán gấp căn chung cư tại TSQ DIện tích 174m2 4n 3w giá 8 tỷ lh: 0985 636 ***,8 tỷ,174 m²,"45,98 tr/m²",4,3,"Vạn Phúc, Hà Đông","20.984005365420057, 105.77557646548146"
42315239,03/03/2025,Bán căn hộ La Casta Văn Phú giá hợp lý,"6,9 tỷ",101 m²,"68,32 tr/m²",N/A,N/A,"Phú La, Hà Đông","20.96347967233649, 105.7626675647136"
42314663,03/03/2025,Cần bán căn 90m2 chung cư Mulberry Lane Mỗ Lao Hà Đông giá 5.2 tỷ,"5,2 tỷ",90 m²,"57,78 tr/m²",2,2,"Mỗ Lao, Hà Đông","20.98686007227077, 105.78570193450847"
42315226,03/03/2025,"Bán CC Xuân Mai Tower 3,2 tỷ, 57m2, 2PN, 2WC tại Hà Cầu, Hà Đông","3,2 tỷ",57 m²,"56,14 tr/m²",2,2,"Hà Cầu, Hà Đông","20.96206942028308, 105.773486806914"
42315219,03/03/2025,Bán căn hộ Victoria Văn Phú Hà Đông,Giá thỏa thuận,97 m²,N/A,2,2,"Phú La, Hà Đông","20.9593450186828, 105.767960468573"
42314926,03/03/2025,CĂN HỘ ĐẸP LUNH LINH TOÀ CT6A kđt Xa La- Diện tích: 83m2,"3,55 tỷ",83 m²,"42,77 tr/m²",3,2,"Phúc La, Hà Đông","20.962909845095403, 105.79219206490922"
39172768,03/03/2025,Em đang có một số quỹ căn 80 - 90 - 101 m2 căn hộ 3 ngủ CT4 Yên Nghĩa - giá tốt nhất ạ,Giá thỏa thuận,90 m²,N/A,3,2,"Yên Nghĩa, Hà Đông","20.9540576934814, 105.740982055664"
42314940,03/03/2025,"The Charm An Hưng- Mặt đường Tố Hữu, KĐT Văn Khê, Hà Đông, Hà Nội",Giá thỏa thuận,54 m²,N/A,N/A,N/A,"La Khê, Hà Đông","20.974722608871968, 105.76064285151196"
42314787,03/03/2025,"Bán căn hộ chung cư TSQ Mỗ Lao Hà Đông dt 176m2, 3 ngủ 2 vệ sinh giá 8.5 tỷ lh 0369 736 *** Mr Quân","8,5 tỷ",176 m²,"48,3 tr/m²",3,2,"Mỗ Lao, Hà Đông","20.9834575653076, 105.78564453125"
42314677,03/03/2025,"Bán nhanh căn góc 80m2, khu 6 toà ngoài kđt Thanh Hà, view hồ, giá rẻ nhất",Giá thỏa thuận,80 m²,N/A,2,2,"Kiến Hưng, Hà Đông","20.939690958442576, 105.78709965035658"
42218237,03/03/2025,Gia đình bán căn sân vườn 220m2 - 3pn 2wc ban công Đông Nam full nội thất giá 9 tỷ,9 tỷ,220 m²,"40,91 tr/m²",3,2,"Mỗ Lao, Hà Đông","20.983717058149644, 105.78599114514797"
42311800,03/03/2025,"Bán căn hộ chung cư 55m2, giá thỏa thuận tại Xuân Mai Complex, Yên Nghĩa, Hà Đông, Hà Nội",Giá thỏa thuận,55 m²,N/A,2,1,"Yên Nghĩa, Hà Đông","20.9600466357923, 105.741930202002"
42311785,03/03/2025,"Căn hộ 55m2 (2pn, 1 wc) giá đẹp nhà đẹp - chính chủ",Giá thỏa thuận,55 m²,N/A,2,1,"Yên Nghĩa, Hà Đông","20.959752746366995, 105.74176791933282"
42262163,03/03/2025,"Cần bán gấp căn 3 ngủ chung cư Seasons Avenue, nhà full nội thất, giá chỉ 7 tỷ, LH: 0971 804 ***",7 tỷ,112 m²,"62,5 tr/m²",3,2,"Mỗ Lao, Hà Đông","20.9869280833182, 105.786820563332"
42195979,03/03/2025,"Cần bán gấp căn hộ 62m2 tòa HH2KL Xuân Mai Complex, 2PN sẵn nội thất ở luôn",Giá thỏa thuận,62 m²,N/A,2,2,"Yên Nghĩa, Hà Đông","20.959585914396037, 105.74215471405012"
40400731,03/03/2025,"Chính chủ bán căn hộ 88,8m2 tại Hồ Gươm plaza, 2n2w, full nội thất, ban công mát, giá 5 tỷ",5 tỷ,"88,8 m²","56,31 tr/m²",2,2,"Mỗ Lao, Hà Đông","20.9792900085449, 105.785461425781"
42311492,03/03/2025,Cần bán căn góc 3N tầng trung K35 toà HPC land mark 105 Tố Hữu,"6,15 tỷ","107,6 m²","57,16 tr/m²",3,2,"La Khê, Hà Đông","20.97312189371536, 105.75796526006935"
42172596,03/03/2025,"Chính chủ bán CH Anland LakeView tầng trung, 73.9m2, giá ưu đãi, view TTTM Aeon. Sẵn sổ giao dịch","4,9 tỷ","73,9 m²","66,31 tr/m²",2,2,"Dương Nội, Hà Đông","20.982710140086425, 105.75753565121136"
40547033,03/03/2025,"(Giá thật) Chính chủ bán căn hộ 95m2, tầng trung,3N2W, ban công hướng mát, sẵn sổ, giá bán 5,4 tỷ","5,4 tỷ",95 m²,"56,84 tr/m²",3,2,"Mỗ Lao, Hà Đông","20.983375549316406, 105.78353118896484"
38971724,03/03/2025,"Chính chủ bán căn hộ diện tích 135m2 tại New Skyline Văn Quán, Hà Đông. LH: 0983 023 ***","8,9 tỷ",135 m²,"65,93 tr/m²",3,2,"Văn Quán, Hà Đông","20.9796447753906, 105.792343139648"
42308869,03/03/2025,Cần bán căn hộ chung cư cao cấp The Terra An Hưng - Hà Đông giá thiện chí,5 tỷ,"74,5 m²","67,11 tr/m²",2,2,"La Khê, Hà Đông","20.9727888604219, 105.756448466708"
42314195,03/03/2025,Bán căn hộ the charm an hưng tố hữu 54m 2pn giá chỉ từ 4 tỷ. Bàn giao full nội thất nhập khẩu đức.,"3,8 tỷ",54 m²,"70,37 tr/m²",N/A,N/A,"La Khê, Hà Đông","20.9753989244117, 105.76052998373358"
39029275,03/03/2025,"Chính chủ cần bán căn hộ DT 105m2 New Skyline Văn Quán, nhà đẹp, thoáng mát. LH: 0983 023 ***",Giá thỏa thuận,105 m²,N/A,3,2,"Văn Quán, Hà Đông","20.9796447753906, 105.792343139648"
42127599,03/03/2025,"Siêu hót căn hộ tòa B Xuân Mai Tô Hiệu, 65m2, 2PN - 1VS giá chỉ 3.6xỷ","3,65 tỷ",65 m²,"56,15 tr/m²",2,N/A,"Hà Cầu, Hà Đông","20.9624583631298, 105.772610369421"
41470257,03/03/2025,"Siêu phẩm tại V3 Victoria Văn Phú Hà Đông, 118m2, sổ đỏ giá 6,3 tỷ","6,3 tỷ",118 m²,"53,39 tr/m²",3,2,"Phú La, Hà Đông","20.9599075317383, 105.768196105957"
42137218,03/03/2025,"Bán căn hộ 3pn tại M1 Mipec City View giá tốt nhất chỉ 4,3 tỷ vnd","4,3 tỷ",78 m²,"55,13 tr/m²",3,2,"Kiến Hưng, Hà Đông","20.952280273575205, 105.78991194832422"
42226059,03/03/2025,Bán căn hộ đẹp 3 ngủ tại toà 197 Trần Phú 89m2 ngay ga tàu điện văn quán chỉ hơn 4 tỷ,"4,75 tỷ",89 m²,"53,37 tr/m²",3,2,"Văn Quán, Hà Đông","20.979809252524, 105.787568654215"
42305110,03/03/2025,"Bán căn hộ chung cư Anland Premium, 4,9 tỷ, 74m2, 2PN, La Khê, Hà Đông, Hà Nội, chỉ với giá ưu đãi","4,9 tỷ",74 m²,"66,22 tr/m²",2,2,"La Khê, Hà Đông","20.9778252820032, 105.762549684561"
42302799,03/03/2025,"Grand SunLake Văn Quán - Trần Phú - Hà Đông. 70m2, 2PN, 2WC. Giá 3,5 tỷ","3,5 tỷ",70 m²,50 tr/m²,2,2,"Văn Quán, Hà Đông","20.979140779358488, 105.78778123101023"
42136235,03/03/2025,"Bán căn hộ 73m2, 2PN, 2VS, chung cư The Pride, Phường La Khê, Quận Hà Đông, sổ đỏ sẵn sàng sang tên","3,7 tỷ",73 m²,"50,68 tr/m²",2,2,"La Khê, Hà Đông","20.97595321557614, 105.76147292298312"
42202888,03/03/2025,"Bán căn hộ 2PN DT 57m2 chung cư The Vesta, Phường Phú Lãm, Quận Hà Đông, giá 2,5 tỷ","2,5 tỷ",57 m²,"43,86 tr/m²",2,2,"Phú Lãm, Hà Đông","20.946463095723374, 105.75591609124099"
42313492,03/03/2025,"Cần bán gấp căn hộ chung cư ICID, 2 ngủ 2vs 66m2. Giá rẻ nhất phân khúc 3,580 tỷ","3,58 tỷ",66 m²,"54,24 tr/m²",2,2,"Dương Nội, Hà Đông","20.982006103263537, 105.74253111430663"
42313472,03/03/2025,Bán chung cư Văn khê giá siêu đẹp 90 m2 3 phòng ngủ 0929 656 ***,Giá thỏa thuận,90 m²,N/A,3,2,"La Khê, Hà Đông","20.973195933083876, 105.76317730724615"
42313471,03/03/2025,Chính chủ bán căn Hộ La Casta Văn Phú Hà Đông Dt: 112 Nguyên Bản LH: 0929 656 ***,Giá thỏa thuận,112 m²,N/A,3,2,"Phú La, Hà Đông","20.963221163654612, 105.76354766796628"
42313179,02/03/2025,"Bán căn hộ CC New Skyline, 9, x tỷ, 145m2, 3PN, căn góc view hồ đẹp, lh 0973 705 ***",Giá thỏa thuận,145 m²,N/A,3,N/A,"Văn Quán, Hà Đông","20.979671059845078, 105.79242728769276"
42313163,02/03/2025,"Bán CC CT3 Yên Nghĩa, 3,18 tỷ, 73m2, 2PN, pháp lý đầy đủ, bao đẹp","3,18 tỷ",73 m²,"43,56 tr/m²",2,1,"Yên Nghĩa, Hà Đông","20.955577254774557, 105.74393615652534"
42312713,02/03/2025,"Bán căn hộ 4PN, 3WC, 131m2 tại Xuân Mai Sparks Tower, 6,55 tỷ, Hà Đông, Hà Nội","6,55 tỷ",131 m²,50 tr/m²,4,3,"Dương Nội, Hà Đông","20.984361731944208, 105.77439322301139"
42312755,02/03/2025,"Bán chung cư Văn Khê giá siêu đẹp 90 m2, 3 phòng ngủ 0929 656 ***",Giá thỏa thuận,90 m²,N/A,3,2,"La Khê, Hà Đông","20.9724071519968, 105.761516337378"
42312745,02/03/2025,Mở bán dự án Kepler Land quỹ căn 1 PN ngoại giao siêu VIP giá tốt nhất thị trường LH 0853 479 ***,Giá thỏa thuận,54 m²,N/A,1,N/A,"Mỗ Lao, Hà Đông","20.985803899856368, 105.78011718570482"
42312735,02/03/2025,Chính chủ bán căn hộ La Casta Văn Phú Hà Đông Dt: 112m2 nguyên bản LH: 0929 656 ***,Giá thỏa thuận,112 m²,N/A,3,2,"Phú La, Hà Đông","20.96380476289039, 105.76279511296505"
42312705,02/03/2025,"Siêu rẻ, bán nhanh CH tòa CT2 Xa La, 65m2, 2 ngủ 2vs sổ đỏ full NT. Giá nhỉnh 2 tỷ 850",Giá thỏa thuận,65 m²,N/A,2,2,"Phúc La, Hà Đông","20.9623314076828, 105.792428255688"
37155645,02/03/2025,"CC cần bán căn chung cư New Skyline Văn Quán Hà Đông 145m2, lô góc view hồ, (3.5PN) 0983 669 ***",Giá thỏa thuận,145 m²,N/A,3,2,"Văn Quán, Hà Đông","20.979644775390625, 105.79234313964844"
42312465,02/03/2025,bán căn 56m 2pn1wc tòa 19T kiến hưng hà đông,"2,5 tỷ",56 m²,"44,64 tr/m²",2,1,"Kiến Hưng, Hà Đông","20.9503365198286, 105.791160868976"
42223306,02/03/2025,"Bán gấp căn chung cư Thủy Lợi ngã tư Lê Trọng Tấn - Quang Trung, 95m2, 2PN + 2WC, ban công ĐN, SĐCC","4,25 tỷ",95 m²,"44,74 tr/m²",2,2,"La Khê, Hà Đông","20.963070057222833, 105.76440927384311"
41560031,02/03/2025,"Bán nhanh căn 3 ngủ, sổ đỏ trao tay, đồ đẹp ở ngay, giá 4.8 tỷ","4,65 tỷ",86 m²,"54,07 tr/m²",3,2,"Quang Trung, Hà Đông","20.9732877224446, 105.778779665498"
42092436,02/03/2025,"Chính chủ cần bán căn 2Pn The Pride Hải phát - Dt 75m tầng trung, full nội thất - Giá hơn 3 tỷ","3,75 tỷ",75 m²,50 tr/m²,2,2,"La Khê, Hà Đông","20.9762686260677, 105.762188826875"
42311816,02/03/2025,Bán chung cư Văn Khê giá siêu đẹp 90 m 3 phòng ngủ 0929 656 ***,Giá thỏa thuận,90 m²,N/A,3,2,"La Khê, Hà Đông","20.97268212593644, 105.76309354134031"
42311807,02/03/2025,Chính chủ bán căn hộ La Casta Văn Phú Hà Đông Dt: 112 nguyên bản LH: 0929 656 ***,Giá thỏa thuận,112 m²,N/A,3,2,"Phú La, Hà Đông","20.963477880431224, 105.76278292973545"
40816885,02/03/2025,"Bán chung cư ICID Complex, mặt đường Lê Trọng Tấn, KĐT Geleximco C, Dương Nội",Giá thỏa thuận,62 m²,N/A,N/A,N/A,"Dương Nội, Hà Đông","20.9819164276123, 105.742492675781"
42212135,02/03/2025,"Đăng ký đặt mua căn góc 3PN - 103m siêu đẹp, tại Kepler Land KĐT Mỗ Lao",Giá thỏa thuận,103 m²,N/A,3,2,"Mỗ Lao, Hà Đông","20.9852663079427, 105.779229609881"
42311434,02/03/2025,"Bán căn nhà đẹp 2ngủ 2 vệ sinh toà ICID Dương Nội,Hà Đông.Lh:0967 648 ***","3,83 tỷ","68,3 m²","56,08 tr/m²",2,2,"Dương Nội, Hà Đông","20.981603240824356, 105.74242654519685"
41391693,02/03/2025,Tìm chủ mới cho căn hộ 2 ngủ full nội thất mới view hồ điều hoà Thanh Hà Mường Thanh giá 2tỷ6 thu,"2,6 tỷ",66 m²,"39,39 tr/m²",2,2,"Kiến Hưng, Hà Đông","20.9397029876709, 105.787254333496"
40860279,02/03/2025,"Bán chung cư ICID Dương Nội, Lê Trọng Tấn, Hà Đông, Hà Nội",Giá thỏa thuận,67 m²,N/A,2,1,"Dương Nội, Hà Đông","20.9819164276123, 105.742492675781"
40636810,02/03/2025,"Chính chủ cần bán nhanh căn góc 2 ngủ 2 vệ sinh đẹp nhất toà ICID Complex, Lê Trọng Tấn, Hà Đông",Giá thỏa thuận,"67,8 m²",N/A,2,2,"Dương Nội, Hà Đông","20.981916427612305, 105.74249267578125"
41560959,02/03/2025,"Bán gấp căn hộ 155m2, 3PN, 2 VS tại chung cư Sông Đà - 131 Trần Phú, Hà Đông",Giá thỏa thuận,155 m²,N/A,3,2,"Văn Quán, Hà Đông","20.9749785007955, 105.785708018525"
40054229,02/03/2025,"Bán nhanh chung cư Mipec Kiến Hưng, Hà Đông, 59m2, 2 ngủ, giá tốt",3 tỷ,59 m²,"50,85 tr/m²",2,2,"Kiến Hưng, Hà Đông","20.952329965066, 105.790451914563"
42311421,02/03/2025,"Bán căn hộ 3PN, 2WC tại The Charm An Hưng, 80 triệu / m2, 96 m2, view đẹp, giá ưu đãi","7,68 tỷ",96 m²,80 tr/m²,3,2,"La Khê, Hà Đông","20.974682445451098, 105.76070937987095"
42311401,02/03/2025,"Bán căn hộ The Charm An Hưng, 5,2 tỷ, 76m2, 2PN, 2WC, chính chủ, giá siêu hời","5,2 tỷ",76 m²,"68,42 tr/m²",2,2,"La Khê, Hà Đông","20.974620593079155, 105.76101686752585"
42311390,02/03/2025,"Bán CC 2PN, 1WC tại The Charm An Hưng, 4,6 tỷ, 54m2, view đẹp, giá cực chất","4,6 tỷ",54 m²,"85,18 tr/m²",2,1,"La Khê, Hà Đông","20.975382787755418, 105.76051190732916"
41712507,02/03/2025,"Chính chủ cần bán cc TSQ Euroland, Mỗ Lao 4N 3VS, 3 ban công 192m2 tầng trung view hồ Trung Văn",9 tỷ,191 m²,"47,12 tr/m²",4,3,"Mỗ Lao, Hà Đông","20.983457565307617, 105.78564453125"
42212683,02/03/2025,"Giá chỉ 6.5 tỷ, Căn hộ toà 197 Trần Phú, Hà Đông, 132m2, 3 ngủ, 2 ban công, mặt phố.","6,5 tỷ",132 m²,"49,24 tr/m²",3,2,"Văn Quán, Hà Đông","20.9798147322312, 105.788004653788"
42311003,02/03/2025,"Em Hiếu có hàng trăm căn hộ tại Xa La, Hà Đông. Giá hợp lý nhất khu vực. LH 0985 763 ***","2,66 tỷ",63 m²,"42,22 tr/m²",2,2,"Phúc La, Hà Đông","20.9623186892631, 105.7923813603806"
41654095,02/03/2025,"Chung cư SME Hoàng Gia, Tô Hiệu, Hà Đông (ngay ubnd quận hđ)","5,65 tỷ",132 m²,"42,8 tr/m²",3,3,"Quang Trung, Hà Đông","20.96674919128418, 105.76984405517578"
41654143,02/03/2025,"Bán căn hộ Unimax 210 Quang Trung, Hà Đông","5,5 tỷ",104 m²,"52,88 tr/m²",3,2,"Phúc La, Hà Đông","20.9672336578369, 105.768295288086"
37117005,02/03/2025,"Căn hộ tại The Charm An Hưng - dự kiến 3,5 tỷ căn 2 phòng ngủ Hà Đông",Giá thỏa thuận,54 m²,N/A,2,2,"La Khê, Hà Đông","20.9747104644775, 105.760711669922"
13866474,02/03/2025,"Bán cắt lỗ 146m2 tòa chung cư CT2 Văn Khê, có 3 phòng ngủ, giá 5.3 tỷ, có nội thất","5,3 tỷ",146 m²,"36,3 tr/m²",3,2,"La Khê, Hà Đông","20.972412109375, 105.761528015137"
42274618,02/03/2025,"Bán Căn hộ chung cư 154m2 tại Mulberry Lane, 7,5 tỷ, 4PN, 3WC, hướng Tây Bắc, Đông Nam","7,5 tỷ",154 m²,"48,7 tr/m²",4,3,"Mỗ Lao, Hà Đông","20.986286583071994, 105.7860582767559"
26903886,02/03/2025,"Tôi cần bán gấp căn góc 138m2 CT1 Văn Khê, với 3 ngủ giá 5.5 tỷ","5,5 tỷ",138 m²,"39,85 tr/m²",3,2,"La Khê, Hà Đông","20.9745693206787, 105.76432800293"
28626490,02/03/2025,"Cần bán căn góc 97m2 chung cư CT2 Văn Khê, 3 phòng ngủ nội thất rồi giá 4.3 tỷ","4,3 tỷ",97 m²,"44,33 tr/m²",3,2,"La Khê, Hà Đông","20.972412109375, 105.761528015137"
28612790,02/03/2025,"Cần bán căn hộ 70m2 chung cư The Pride, 2PN, giá 3.75 tỷ","3,75 tỷ",70 m²,"53,57 tr/m²",2,2,"La Khê, Hà Đông","20.9760246276855, 105.761596679688"
42310778,02/03/2025,"Bán chung cư mini 95m2 tại Nguyễn Văn Trỗi, Mỗ Lao, Hà Đông, giá tốt 18 tỷ",18 tỷ,95 m²,"189,47 tr/m²",20,21,"Mỗ Lao, Hà Đông","20.9816185113726, 105.785421141969"
40004003,02/03/2025,"căn hộ 86m2/2 phòng ngủ chung cư CT8 Dương Nội Hà Đông, giá 3,7tỷ, 0982 753 ***","3,7 tỷ",86 m²,"43,02 tr/m²",2,2,"Dương Nội, Hà Đông","20.9798679351807, 105.743919372559"
42276359,02/03/2025,"Chính chủ bán căn T10 tòa CT2 KDT Văn Khê, DT 97m2, 3PN full đồ",Giá thỏa thuận,97 m²,N/A,3,2,"La Khê, Hà Đông","20.972597986242835, 105.76112712382402"
42169298,02/03/2025,"Chính chủ bán gấp căn hộ 54m CT7 Dương Nội, full nội thất mới đẹp, giá 2.xy tỷ",Giá thỏa thuận,54 m²,N/A,2,1,"Dương Nội, Hà Đông","20.979733306463277, 105.74400531200735"
42310391,02/03/2025,"Gia đình em bán căn hộ tại GoldSilk Complex. Giá: 4,9 tỷ, 78m2 (2N2W). Sẵn sổ, full đồ","4,9 tỷ",78 m²,"62,82 tr/m²",2,2,"Vạn Phúc, Hà Đông","20.9778933855008, 105.772601090065"
42219382,02/03/2025,Chính chủ bán căn chung cư 1 ngủ 1 vệ sinh tại CT4 Xa La (53m2),"2,1 tỷ",53 m²,"39,62 tr/m²",1,1,"Phúc La, Hà Đông","20.9620959799512, 105.792650858105"
42268638,02/03/2025,"Chính chủ căn hộ Duplex 2 sàn 3PN 2WC tại Hemisco Xa La, 7,35 tỷ, 179m2, Hà Đông, Hà Nội","7,35 tỷ",179 m²,"41,06 tr/m²",3,2,"Phúc La, Hà Đông","20.961796331265923, 105.79593404799955"
42288147,02/03/2025,"Bán CC 3PN 82m2 tại Chung cư 89 Phùng Hưng, Phúc La, Hà Đông, giá thỏa thuận",Giá thỏa thuận,82 m²,N/A,3,2,"Phúc La, Hà Đông","20.9702151786845, 105.78569666919057"
42291528,02/03/2025,"Chính chủ bán nhà CC 90m2 tầng Phát Terra An Hưng, Hà Đông","6,1 tỷ",90 m²,"67,78 tr/m²",3,2,"La Khê, Hà Đông","20.97307613774504, 105.75655497505569"
41837403,02/03/2025,"Em bán căn 2 PN view hồ đẹp, tầng trung, đầy đủ nội thất. Giá nhỉnh 4 tỷ",Giá thỏa thuận,68 m²,N/A,2,2,"Dương Nội, Hà Đông","20.976600691791237, 105.76165792574162"
42157066,02/03/2025,"Bán căn 140m2 dual key ban công Đông Nam, Terra An Hưng",9 tỷ,140 m²,"64,29 tr/m²",4,N/A,"Dương Nội, Hà Đông","20.972047933450025, 105.75629807694568"
42309462,02/03/2025,"Bán căn 97m2 ban công Tây Bắc full đồ đẹp 6,5 tỷ",Giá thỏa thuận,97 m²,N/A,N/A,N/A,"Dương Nội, Hà Đông","20.9723071200279, 105.756785502805"
42309455,02/03/2025,Bán gấp căn góc A2 112m2 đồ cơ bản nhà siêu đẹp giá chỉ 6.1 tỷ,"6,1 tỷ",112 m²,"54,46 tr/m²",3,2,"La Khê, Hà Đông","20.973202647170936, 105.75900510600536"
42309234,02/03/2025,"Bán căn hộ tại CT2 Ngô Thì Nhậm diện tích 116. Giá 5,85 tỷ. LH 0965 501 ***","5,85 tỷ",116 m²,"50,43 tr/m²",3,2,"Hà Cầu, Hà Đông","20.969376886624303, 105.76832054097179"
42287487,02/03/2025,"Bán căn hộ 90m2 (3n 2vs) tại dự án The Terra An Hưng, Hà Đông, Hà Nội. Giá 5tỷ5","5,5 tỷ",90 m²,"61,11 tr/m²",3,2,"Dương Nội, Hà Đông","20.972661932041426, 105.75626866656734"
42298064,02/03/2025,"Chính chủ cần bán CH 3 ngủ 2 vệ Mulberry Hà Đông 154 m giá 6.5 tỷ, sẵn sổ, đầy đủ nội thất","6,5 tỷ",154 m²,"42,21 tr/m²",3,2,"Mỗ Lao, Hà Đông","20.98642411322214, 105.78681884606254"
42260403,02/03/2025,"Bán căn hộ (1 + 1)PN view đẹp, tầng trung tại Tòa Tháp Thiên Niên Kỷ, Hà Đông, Hà Nội",Giá thỏa thuận,50 m²,N/A,1,1,"Quang Trung, Hà Đông","20.9732621369763, 105.777857020637"
42309047,02/03/2025,Chính chủ bán căn hộ Victoria Văn Phú. 3 pn giá rẻ,Giá thỏa thuận,118 m²,N/A,3,2,"Phú La, Hà Đông","20.9599075317383, 105.768196105957"
42309040,02/03/2025,"Chính chủ bán căn hộ 3PN CC CT12 Văn Phú. Giá: 4,3 tỷ","4,3 tỷ",64 m²,"67,19 tr/m²",3,2,"Phú La, Hà Đông","20.9579990472101, 105.76662323076"
42309036,02/03/2025,"Bán CC Xuân Mai Tower 3,2 tỷ, 57m2, 2PN, 2WC tại Hà Cầu, Hà Đông","3,2 tỷ",57 m²,"56,14 tr/m²",2,2,"Hà Cầu, Hà Đông","20.963241529777683, 105.7734041667762"
42309033,02/03/2025,"Bán CC La Casta Văn Phú, 5,1 tỷ, 68m2, 2PN + 2WC tại Hà Đông, giá tốt","5,1 tỷ",68 m²,75 tr/m²,2,2,"Phú La, Hà Đông","20.9637442239516, 105.763028810982"
42309032,02/03/2025,Bán căn hộ Victoria Văn Phú Hà Đông,Giá thỏa thuận,97 m²,N/A,2,2,"Phú La, Hà Đông","20.9593450186828, 105.767960468573"
42206230,02/03/2025,"Bán chung cư TSQ Euroland, căn góc 225m2, 4PN, 3VS, nội thất vip chỉ 12.3 tỷ","12,3 tỷ",225 m²,"54,67 tr/m²",4,3,"Mỗ Lao, Hà Đông","20.98342998863247, 105.78495045985191"
41982362,02/03/2025,"Tôi cần bán chung cư KĐT Dương Nội 58m2, 2 ngủ chỉ 2. X tỷ","2,75 tỷ",58 m²,"47,41 tr/m²",2,N/A,"Dương Nội, Hà Đông","20.9808843171242, 105.754430627096"
42200324,02/03/2025,"Tôi bán chung cư Bình Vượng 200 Quang Trung 111m2, 3 ngủ, 2 vs chỉ 4.38 tỷ","4,38 tỷ",111 m²,"39,46 tr/m²",3,2,"Quang Trung, Hà Đông","20.966807566056733, 105.76981850446546"
42308842,02/03/2025,"Tôi cần bán chung cư The Vesta 60m2, 2 ngủ, 2 vs chỉ 2.48 tỷ","2,48 tỷ",60 m²,"41,33 tr/m²",2,2,"Phú Lãm, Hà Đông","20.946610747286755, 105.75536159341505"
42237411,02/03/2025,"Bán căn góc 2N, bc chính Nam mát lạnh, 74m2 chung cư cao cấp Kepler Land Mỗ Lao, view tuyệt đẹp",Giá thỏa thuận,73 m²,N/A,2,2,"Mỗ Lao, Hà Đông","20.985317890253892, 105.78082773299042"
42236515,02/03/2025,"Căn hộ 1PN, 45m2 ban công TN chung cư Kepler Land Mỗ Lao, giá tốt",Giá thỏa thuận,45 m²,N/A,1,1,"Mỗ Lao, Hà Đông","20.985360304430856, 105.7803394791961"
42237761,02/03/2025,"Bán căn 2N, bc ĐB 67m2 chung cư cao cấp Kepler Land Mỗ Lao, view công viên hồ Phùng Khoang",Giá thỏa thuận,67 m²,N/A,2,2,"Mỗ Lao, Hà Đông","20.985317890253892, 105.78082773299042"
41905410,02/03/2025,"Mở bán căn 92m2 sở hữu lâu dài view hồ, ký trực tiếp CĐT Grand Sunlake",Giá thỏa thuận,92 m²,N/A,3,2,"Văn Quán, Hà Đông","20.979940353755918, 105.7873357902948"
42268741,02/03/2025,"Bán gấp căn hộ - diện tích 71 m 2PN, Số 197 Trần Phú, Hà Đông SIÊU ĐẸP",Giá thỏa thuận,71 m²,N/A,2,2,"Văn Quán, Hà Đông","20.97959554110779, 105.78754463538026"
42268876,02/03/2025,"DUPLEX CHUNG CƯ CAO CẤP HEMISCO, KĐT XALA, HÀ ĐÔNG 179 M2, 3 PHÒNG NGỦ, 3 VỆ SINH. LH 0989 874 ***","7,34 tỷ",179 m²,41 tr/m²,3,2,"Phúc La, Hà Đông","20.962041698890282, 105.79557019911412"
42159158,02/03/2025,"Bán căn hộ 2PN, 2WC, giá cực RẺ chỉ với 3,15 tỷ, CÓ SỔ , 70m2 tại KĐT Xa La, Hà Đông, Hà Nội","3,15 tỷ",70 m²,45 tr/m²,2,2,"Phúc La, Hà Đông","20.961915026602156, 105.79232737515453"
42308678,02/03/2025,Bán căn góc Park Kiara - ParkCity Hanoi - DT 108m2 - Full NT cao cấp - View triệu đô - Ở được ngay,"12,9 tỷ",108 m²,"119,44 tr/m²",3,2,"La Khê, Hà Đông","20.9670455401312, 105.754894011483"
42272624,01/03/2025,Nhỉnh 4 tỷ nhận nhà ở ngay căn 141m2. Tiến độ 2 năm,Giá thỏa thuận,141 m²,N/A,3,2,"Mỗ Lao, Hà Đông","20.979515760362222, 105.78553731829687"
42214010,01/03/2025,Chính chủ gửi bán căn hộ chung cư The K Park Văn Phú Hà Đông. Lh 0353 346 ***,Giá thỏa thuận,59 m²,N/A,2,2,"Phúc La, Hà Đông","20.959426706502445, 105.79126177467454"
42308178,01/03/2025,"Bán gấp căn 12 tầng trung đẹp, TTTM Đức Thành, S: 67m2, full nội thất, giá thương lượng sâu, SĐCC",Giá thỏa thuận,67 m²,N/A,2,2,"Phúc La, Hà Đông","20.9616795655182, 105.792863603219"
42005416,01/03/2025,Mở bán quỹ căn đẹp tầng đẹp chung cư The Charm An Hưng giá dự kiến từ 7x triệu/m2,Giá thỏa thuận,72 m²,N/A,2,N/A,"La Khê, Hà Đông","20.9743999058745, 105.760006774357"
41915851,01/03/2025,"Chỉ nhỉnh 3 tỷ, chính chủ bán căn hộ full nội thất 67m2 2 PN 2WC tòa ICID Complex, nhà đẹp thoáng",Giá thỏa thuận,67 m²,N/A,2,2,"Dương Nội, Hà Đông","20.981911994804214, 105.74331046575084"
40716193,01/03/2025,Chính chủ bán căn 2 ngủ 2 vệ sinh The K Park Văn Phú. Lh xem nhà 0854 478 ***,Giá thỏa thuận,68 m²,N/A,2,2,"Phúc La, Hà Đông","20.959905624389648, 105.79180145263672"
42261967,01/03/2025,Bán căn hộ 2 ngủ 2wc 65m2 full nội thất mới giá chỉ 2tỷ2xx thu về tại Thanh Hà Mường Thanh,"2,27 tỷ",65 m²,"34,92 tr/m²",2,2,"Kiến Hưng, Hà Đông","20.9395885454034, 105.787246452703"
42182996,01/03/2025,Chính chủ bán căn hộ 2 ngủ 2wc 77m full nội thất mới 100% giá 2ty7xx,Giá thỏa thuận,77 m²,N/A,2,2,"Kiến Hưng, Hà Đông","20.939544665119406, 105.78710050768882"
42211243,01/03/2025,Sở hữu ngay căn hộ 2 ngủ 2wc 66m2 nội thất cơ bản nhận nhà ở ngay giá IB thương lượng chỉ 2tỷ2xx,"2,25 tỷ",66 m²,"34,09 tr/m²",2,2,"Kiến Hưng, Hà Đông","20.939358567411542, 105.78733794100869"
42033624,01/03/2025,"Cần tiền gấp bán nhanh căn 3PN 85m2 tầng 19 hướng ĐN thoáng mát, giá cắt lỗ sâu 378 triệu",Giá thỏa thuận,86 m²,N/A,3,2,"La Khê, Hà Đông","20.9773772177377, 105.762522659259"
42033610,01/03/2025,"Gấp! Chính chủ cắt lỗ nhanh căn hoa hậu 2PN 75m2 tầng 19 hướng mát, rẻ hơn thị trường 380tr",Giá thỏa thuận,75 m²,N/A,2,2,"La Khê, Hà Đông","20.972291341256, 105.756123645144"
42307791,01/03/2025,"Bán căn hộ toà CT2 The Pride 81m2, 2pn 2vs giá rẻ",Giá thỏa thuận,81 m²,N/A,2,2,"La Khê, Hà Đông","20.975886279943126, 105.76171307037177"
42307525,01/03/2025,"Căn hộ CC 2PN tại KĐT Xa La, 2,85 tỷ, 63m2","2,85 tỷ",63 m²,"45,24 tr/m²",2,1,"Phúc La, Hà Đông","20.961669296989815, 105.79280388888851"
42307531,01/03/2025,Chính chủ cần bán CHCC La Casta Văn Phú - 101m2 - 3PN - 2WC. Liên hệ 0854 478 ***,Giá thỏa thuận,101 m²,N/A,3,2,"Phú La, Hà Đông","20.96374664384588, 105.76198724540512"
42307512,01/03/2025,"Chính chủ gửi bán CHCC Phú Thịnh Green Park, 89m2 - 3PN - 2WC. Liên hệ 0854 478 ***",Giá thỏa thuận,89 m²,N/A,3,2,"Hà Cầu, Hà Đông","20.967641381121652, 105.77893397236974"
42275877,01/03/2025,"Bán căn hộ Seasons Avenue Mỗ Lao dt 77 m2 2 ngủ 2vs giá 5.4 tỷ full đồ có slot ô tô giá 5,4 tỷ","5,4 tỷ",77 m²,"70,13 tr/m²",2,2,"Mỗ Lao, Hà Đông","20.98703778209755, 105.78609834748487"
42270930,01/03/2025,"Bán căn hộ The Pride CT1 Tố Hữu 147 m2 3 ngủ 3 vs, 2 ban công view nội khu giá 5,6 tỷ sẵn sổ","5,6 tỷ",147 m²,"38,1 tr/m²",3,3,"La Khê, Hà Đông","20.976595896458246, 105.76171307319673"
39872775,01/03/2025,"Bán nhanh tòa CT7 căn hộ 3 ngủ, BC Đông Bắc, sổ đỏ, giá nhỉnh 6 tỷ, miễn trung gian","6,05 tỷ",96 m²,"63,02 tr/m²",3,2,"Mỗ Lao, Hà Đông","20.983375549316406, 105.78353118896484"
42307335,01/03/2025,"Bán căn 2PN, 2VS 2 ban công, 62m2, nhà có đồ, tòa CT7 HJK Dương Nội Hà Đông",Giá thỏa thuận,62 m²,N/A,2,2,"Dương Nội, Hà Đông","20.9643268585205, 105.749549865723"
42045883,01/03/2025,"Gia đình bán căn 4PN/ 97m2 Terra An Hưng, tầng đẹp, view hồ đẹp. Giá nhỉnh 6 tỷ",Giá thỏa thuận,97 m²,N/A,4,N/A,"La Khê, Hà Đông","20.972892047559306, 105.75641106070245"
41823060,01/03/2025,"Nhà đẹp tòa CT2 Văn Khê, full đồ. sổ đỏ, ở ngay, giá chỉ ưu đãi chỉ 5,2 tỷ","5,2 tỷ",140 m²,"37,14 tr/m²",3,2,"La Khê, Hà Đông","20.9725348308025, 105.761387654232"
37540632,01/03/2025,Chính chủ cần bán rẻ căn hộ chung cư Thanh Hà,"1,5 tỷ",65 m²,"23,08 tr/m²",N/A,N/A,"Kiến Hưng, Hà Đông","20.93979244744473, 105.78734560511067"
42306874,01/03/2025,Bán căn hộ góc 76m tại Thanh Hà kiến Hưng Hà đông Hà Nội,"2,5 tỷ",76 m²,"32,9 tr/m²",2,2,"Kiến Hưng, Hà Đông","20.940487841015074, 105.78717044649765"
42306872,01/03/2025,"Cần bán gấp căn 3N, 2Vs toà The Terra An Hưng","6,06 tỷ","90,7 m²","66,81 tr/m²",3,2,"La Khê, Hà Đông","20.97310635570594, 105.7571671620379"
42306937,01/03/2025,Bán nhanh chung cư 112m2 La Casta Kđt Văn Phú,"7,65 tỷ",112 m²,"68,3 tr/m²",3,2,"Phú La, Hà Đông","20.96269742666698, 105.76296327149616"
42072449,01/03/2025,"Bán gấp CH chung cư đơn nguyên A, Sổ đỏ 71 m2 2PN, Số 197 Trần Phú, Hà Đông . 3,9 tỷ","3,9 tỷ",71 m²,"54,93 tr/m²",2,2,"Văn Quán, Hà Đông","20.979873258539964, 105.78827964898697"
42304046,01/03/2025,Chung cư The Vesta 70m2 xách vali ở ngay,"3,5 tỷ",70 m²,50 tr/m²,3,1,"Phú Lãm, Hà Đông","20.946374987580832, 105.75592015690455"
42200276,01/03/2025,"Chính chủ bán căn 76m2 2PN 2VS tòa A5 Học Viện Quân Y - Hà Đông giá 3,7 tỷ","3,7 tỷ",76 m²,"48,68 tr/m²",2,2,"Phúc La, Hà Đông","20.969737396278596, 105.78716950154339"
39927561,01/03/2025,"Tôi chính chủ bán căn 3 ngủ Booyoung, giá mong muốn 5.6 tỷ, miễn trung gian làm phiền","5,6 tỷ",96 m²,"58,33 tr/m²",3,2,"Mỗ Lao, Hà Đông","20.9833755493164, 105.783531188965"
42180431,01/03/2025,"Duy nhất căn góc 2n2wc 70,5m2 giá 4,1 tỷ bao phí, full đồ","4,1 tỷ","70,5 m²","58,16 tr/m²",2,2,"Quang Trung, Hà Đông","20.97469195683724, 105.77690424635392"
42305943,01/03/2025,"Cần bán căn góc 74.2m2 dự án AnLand Lake View, full đồ giá chỉ 5.15 tỷ LH: 0848 220 ***","5,15 tỷ","74,2 m²","69,41 tr/m²",2,2,"Dương Nội, Hà Đông","20.9830607891107, 105.75674836193821"
39354786,01/03/2025,"Bán căn 75m2 2PN 2VS, BC Đông Nam, view thành phố, giá 4.8 tỷ, miễn trung gian","4,8 tỷ",75 m²,64 tr/m²,2,2,"Vạn Phúc, Hà Đông","20.978439331054688, 105.77264404296875"
41456845,01/03/2025,"Bán căn 3 ngủ CC Samsora, Cầu Am, ở ngay, giá 4,8 tỷ","4,8 tỷ",86 m²,"55,81 tr/m²",3,2,"Quang Trung, Hà Đông","20.973217010498, 105.778854370117"
42305728,01/03/2025,"Căn hộ đẹp xuất sắc tại The Charm An Hưng, giá thỏa thuận, 54m2-97m2, Hà Đông, 3/3 mở bán",Giá thỏa thuận,54 m²,N/A,N/A,N/A,"La Khê, Hà Đông","20.974417319508557, 105.76115921032188"
42155077,01/03/2025,Mở bán chung cư The Charm An Hưng Hà Đông,Giá thỏa thuận,54 m²,N/A,2,1,"La Khê, Hà Đông","20.9748991835103, 105.760773099935"
42305659,01/03/2025,Chính chủ bán nhanh căn 70m2 đầy đủ nội thất toà CT6 Xa La. Giá giảm mạnh,Giá thỏa thuận,70 m²,N/A,2,2,"Phúc La, Hà Đông","20.9621770716258, 105.791821355274"
42034659,01/03/2025,Mở bán CH 2PN 1WC 54m2 dự án The Charm An Hưng-Hà Đông. Giá dự kiến đợt 1 từ 8x tr/m2 cả VAT+KPBT,Giá thỏa thuận,54 m²,N/A,2,1,"La Khê, Hà Đông","20.9743064789503, 105.760679613844"
42305244,01/03/2025,"Cần bán gấp căn hộ 72m2 tòa CT7HJK Park View Dương Nội, 2pn 2vs full nội thất",Giá thỏa thuận,72 m²,N/A,2,2,"Dương Nội, Hà Đông","20.96434177979526, 105.74941739421173"
42305128,01/03/2025,"Bán CC Anland LakeView, 75m2, giá thỏa thuận, 2PN, 2WC, Đông Bắc, Tây Nam, Hà Đông, Hà Nội",Giá thỏa thuận,75 m²,N/A,2,2,"Dương Nội, Hà Đông","20.982865906002214, 105.75639948667121"
42302078,01/03/2025,"Giá cực sốc! Chỉ 2.xx tỷ căn 2PN - 2WC SĐCC tại SDU 143 Trần Phú, Hà Đông",Giá thỏa thuận,52 m²,N/A,2,2,"Văn Quán, Hà Đông","20.9774084517897, 105.78444540968"
42301814,01/03/2025,"Bán nhà đẹp cho người tâm huyết CC Xuân Mai Complex, 62m2, 2PN, full nội thất giá thương lượng mạnh",Giá thỏa thuận,62 m²,N/A,2,2,"La Khê, Hà Đông","20.9597835276349, 105.741498821188"
41430505,01/03/2025,"Căn hộ FLC 3PN, diện tích 100m2 phong cách sống đẳng cấp! LH em Định 0878 800 ***","5,2 tỷ",100 m²,52 tr/m²,3,2,"Quang Trung, Hà Đông","20.968495511877, 105.772409168216"
41930598,01/03/2025,"Bán căn hộ 2 ngủ siêu đẹp tại chung cư BMM Xa La, Hà Đông 84.5m2, sổ đỏ giá 3. X tỷ","3,75 tỷ","84,5 m²","44,38 tr/m²",2,2,"Phúc La, Hà Đông","20.9623541881343, 105.792355735983"
35469658,01/03/2025,Quỹ căn hộ tầng đẹp giá rẻ tại The Charm An Hưng đủ loại diện tích LH: 0904 588 ***,Giá thỏa thuận,92 m²,N/A,3,2,"La Khê, Hà Đông","20.9747104644775, 105.760711669922"
17255361,01/03/2025,"Chính chủ cần bán căn 1603 chung cư The K Park Văn Phú, LH 0904 588 ***","4,45 tỷ",68 m²,"65,44 tr/m²",2,2,"Phúc La, Hà Đông","20.9599056243896, 105.791801452637"
41869808,01/03/2025,Chính chủ bán nhanh căn 1410 K2 kpark .68 m số chủ nhà :0904 588 *** tặng nội thất 300 triệu,"4,45 tỷ",68 m²,"65,44 tr/m²",2,2,"Phúc La, Hà Đông","20.9600668923008, 105.791488656783"
42305016,01/03/2025,Chính chủ cần bán căn 2 ngủ 1VS 54m2 toà CT4 KĐT Xa La. Giá 2.6x tỷ thương lượng,Giá thỏa thuận,54 m²,N/A,2,1,"Phúc La, Hà Đông","20.962503094367804, 105.79278750656208"
42304963,01/03/2025,"Cần bán gấp căn hộ tầng trung - 3 ngủ, 2vs full nội thất đẹp tại KĐT Văn Khê giá đầu tư",5 tỷ,135 m²,"37,04 tr/m²",3,2,"La Khê, Hà Đông","20.971956294202606, 105.76121999571015"
42288065,01/03/2025,Chính chủ cần bán căn 2 ngủ 2 VS 60m2 toà TTTM Đức Thành KĐT Xa La. Giá 1.7 tỷ thương lượng,"1,7 tỷ",60 m²,"28,33 tr/m²",2,2,"Phúc La, Hà Đông","20.9618654398731, 105.792152424825"
42300911,01/03/2025,"Siêu rẻ, bán nhanh CH tòa CT5 Xa La, 72m2, 2 ngủ 2vs sổ đỏ full NT. Giá 3.1x tỷ LH 0976 572 ***","3,15 tỷ",72 m²,"43,75 tr/m²",2,2,"Phúc La, Hà Đông","20.9628621479801, 105.791990084295"
41478874,01/03/2025,"Bán căn hộ chung cư Quang Trung Lê Trọng Tấn Hà Đông, 93 m2, nhỉnh 4 tỷ","4,25 tỷ",93 m²,"45,7 tr/m²",2,2,"La Khê, Hà Đông","20.963451431092146, 105.7640882978477"
42304663,01/03/2025,Bán căn hộ La Casta Văn Phú giá hợp lý,"6,9 tỷ",101 m²,"68,32 tr/m²",N/A,N/A,"Phú La, Hà Đông","20.963636034339657, 105.7632793806128"
42304658,01/03/2025,"Bán CC La Casta Văn Phú, 5,1 tỷ, 68m2, 2PN + 2WC tại Hà Đông, giá tốt","5,1 tỷ",68 m²,75 tr/m²,2,2,"Phú La, Hà Đông","20.9637442239516, 105.763028810982"
42304654,01/03/2025,"Bán CC The K Park, Lê Trọng Tấn, 4,35 tỷ, 68m2, 2PN, 2WC, siêu hot","4,35 tỷ",68 m²,"63,97 tr/m²",2,2,"Phúc La, Hà Đông","20.960128473652, 105.792048177806"
42304585,01/03/2025,"CHUYỂN NHÀ BÁN GẤP CĂN 62M 2N 2WC TÒA HH2FGH XUÂN MAI DƯƠNG NỘI, HÀ ĐÔNG, Tầng trung gái 3xty.",Giá thỏa thuận,62 m²,N/A,2,2,"Yên Nghĩa, Hà Đông","20.96043722003994, 105.7415339105635"
42303941,01/03/2025,Đóng 15% sở hữu ngay căn hộ 3PN trung tâm quận Hà Đông,Giá thỏa thuận,96 m²,N/A,2,2,"La Khê, Hà Đông","20.9745144264863, 105.760447789376"
41815412,01/03/2025,GÓC BÁN NHÀ - 0911 483 ***. Chính chủ cần bán căn hộ tại chung cư CT1B Bộ Tư Lệnh Thủ Đô Yên Nghĩa,"3,28 tỷ","67,4 m²","48,66 tr/m²",2,2,"Yên Nghĩa, Hà Đông","20.95427613502059, 105.74457147614834"
42274774,01/03/2025,"Chuyển xuống đất , Bán căn hộ CC tại ICID Complex, 3,8 tỷ, 76m2, 2PN, pháp lý đầy đủ, Hà Đông, HN","3,8 tỷ",76 m²,50 tr/m²,2,2,"Dương Nội, Hà Đông","20.982112385047035, 105.74220159392453"
42110159,01/03/2025,"Gia đình chuyển xuống đất, cần bán căn hộ chung cư 3PN, 2WC tại The Terra An Hưng, 5,9 tỷ, 100m2","5,9 tỷ",100 m²,59 tr/m²,3,2,"La Khê, Hà Đông","20.972726790357616, 105.75608636494847"
42277567,01/03/2025,"Gia đình chuyển xuống nhà mặt đất, tôi cần bán lại căn hộ nhà tôi làm rất tâm huyết, mua bán thật","5,5 tỷ",150 m²,"36,67 tr/m²",3,2,"Quang Trung, Hà Đông","20.966835943972, 105.769742261596"
42304554,01/03/2025,Chung cư TSQ 3 ngủ ban công Đông Nam diện tích 135m2 view cực Chill. Tài chính 7.1 tỷ tầng trung,"7,1 tỷ",135 m²,"52,59 tr/m²",3,2,"Mỗ Lao, Hà Đông","20.9788149105827, 105.78333550219"
41598084,01/03/2025,(Chính chủ) bán căn hộ Mulberry Lane tòa C - 4PN - 154m2 giá 7.9 tỷ. LH: 0867 890 ***,"7,9 tỷ",154 m²,"51,3 tr/m²",4,3,"Mỗ Lao, Hà Đông","20.986957115751224, 105.78648256552506"
38373138,01/03/2025,Bán căn hộ Mulberry Lane 2PN - 90m2 - giá 5. Xx tỷ (thương lượng trực tiếp chủ nhà),Giá thỏa thuận,90 m²,N/A,2,2,"Mỗ Lao, Hà Đông","20.98651885986328, 105.7863998413086"
42100810,01/03/2025,"(Seasons Avenue) cần bán gấp căn 3 ngủ dt 110m2, tầng trung view phố, giá tốt, SHLD","6,9 tỷ",110 m²,"62,73 tr/m²",3,2,"Mỗ Lao, Hà Đông","20.98672150876779, 105.78683546713697"
42295422,01/03/2025,"Bán nhanh căn hộ 197 Trần Phú, Trần Phú, Văn Quán 2 ngủ 2 vs","3,98 tỷ",72 m²,"55,28 tr/m²",2,2,"Văn Quán, Hà Đông","20.9799408108553, 105.78727074962424"
42304044,01/03/2025,"Bán CC La Casta Văn Phú, 7 tỷ, 101m2, 3PN, 2WC, pháp lý đầy đủ, uy tín!",7 tỷ,101 m²,"69,31 tr/m²",3,2,"Phú La, Hà Đông","20.962780736264392, 105.76281080753714"
41639026,01/03/2025,"Bán chung cư Thủy Lợi Tower, Hà Đông căn góc 139,5m2, 3 ngủ, 2 vệ sinh","5,18 tỷ","139,5 m²","37,13 tr/m²",3,2,"Quang Trung, Hà Đông","20.96342953634136, 105.76395337139051"
42302813,01/03/2025,"Bán căn hộ chung cư 75m2 (2n2w) tại The Terra An Hưng, Hà Đông. Căn hộ siêu đẹp, Full đồ. Giá 4.9tỷ","4,9 tỷ",75 m²,"65,33 tr/m²",2,2,"La Khê, Hà Đông","20.9727411338018, 105.756798563397"
40896753,01/03/2025,"Chính chủ cần bán căn góc thoáng sáng toà 19T3 Kiến Hưng, Hà Đông. DT: 70m2 2PN 2VS giá bán 3.1 tỷ","3,1 tỷ",70 m²,"44,29 tr/m²",2,2,"Kiến Hưng, Hà Đông","20.9502029418945, 105.791069030762"
42304006,01/03/2025,Bán gấp CH 2 ngủ 65m2 toà Xuân Mai Tô Hiệu. Đầy đủ nội thất. Nhỉnh 3.6 tỷ,Giá thỏa thuận,65 m²,N/A,2,1,"Hà Cầu, Hà Đông","20.9628813919049, 105.773165306149"
42084470,01/03/2025,"Bán căn hộ CC 75m2 tại CT3 Yên Nghĩa, giá thỏa thuận, 2PN, 2WC, hướng Tây Bắc giá 3,1 tỷ",Giá thỏa thuận,75 m²,N/A,2,2,"Yên Nghĩa, Hà Đông","20.9547183676975, 105.74486997696958"
42283486,01/03/2025,"Chuyên căn hộ The Charm An Hưng 54m2, 72m2, 76m2, 78m2",Giá thỏa thuận,72 m²,N/A,2,2,"La Khê, Hà Đông","20.9742523829241, 105.760529842805"
42296850,01/03/2025,"Mở bán đợt 1 quỹ căn 3PN The Charm An Hưng Tố Hữu Hà Đông, giá tốt nhất thị trường",Giá thỏa thuận,92 m²,N/A,3,2,"La Khê, Hà Đông","20.974976624638987, 105.76045500645287"
42219195,01/03/2025,"Tôi chính chủ bán căn hộ 145,4m2 tại Bình Vượng Tower, 3n 2w ban công ĐN, tầng trung, giá 5,2 tỷ","5,2 tỷ","145,5 m²","35,74 tr/m²",3,2,"Quang Trung, Hà Đông","20.967145003250057, 105.76964567631987"
42303843,01/03/2025,"Bán CH Season Avenue, diện tích 95m2 thiết kế 3 ngủ, full nội thất, giá 6,5 tỷ có thương lượng","6,5 tỷ",95 m²,"68,42 tr/m²",3,2,"Mỗ Lao, Hà Đông","20.987432616659312, 105.78708971088261"
38060809,01/03/2025,"Bán căn ngoại giao Grand Sunlake 92m2 2PN + 1, ĐN lâu dài view hồ Văn Quán. Chi tiết phía dưới","5,85 tỷ",92 m²,"63,59 tr/m²",3,2,"Văn Quán, Hà Đông","20.979528427124, 105.787567138672"
42303563,01/03/2025,CT2 NGÔ THÌ NHẬM - HÀ ĐÔNG BÁN GẤP,"5,9 tỷ",116 m²,"50,86 tr/m²",3,2,"Hà Cầu, Hà Đông","20.968620723263886, 105.76864659710489"
42303524,01/03/2025,Siêu phẩm căn góc 3 ngủ duy nhất tại Tháp C Hồ Gươm plaza 102 Trần phú Hà Đông 104m giá:4.55 tỷ,"4,55 tỷ",104 m²,"43,75 tr/m²",3,2,"Mỗ Lao, Hà Đông","20.97917933875363, 105.78495156765953"
42303499,01/03/2025,"Bán GẤP căn hộ 3PN 95,3m2 SĐCC chỉ 4.xx tỷ tại The Pride Hải Phát.",Giá thỏa thuận,95 m²,N/A,3,2,"La Khê, Hà Đông","20.975546377792966, 105.76219915312086"
42303245,01/03/2025,"Bán gấp 2 ngủ 58m Fodacon Bắc Hà 3,2 tỷ nhỏ xinh giá hợp lý sẵn sổ sang tên lh 0982 764 ***","3,2 tỷ",58 m²,"55,17 tr/m²",2,1,"Mỗ Lao, Hà Đông","20.981674075291387, 105.78991192211294"
42303432,01/03/2025,"Hiếm có khó tìm căn 2 ngủ, 1VS CC Xuân Mai Spark Tower, 55m2 full nội thất có thương lượng mạnh",Giá thỏa thuận,55 m²,N/A,2,1,"Dương Nội, Hà Đông","20.9846420288086, 105.774719238281"
42303181,01/03/2025,"Chính chủ bán gấp cắt lỗ, khẳng định rẻ nhất tòa The Pride, 75m2, 2PN sẵn nội thất cao cấp",Giá thỏa thuận,75 m²,N/A,2,2,"La Khê, Hà Đông","20.9762735695951, 105.761465511443"
42303273,01/03/2025,"Giá rẻ nhất thị trường căn hộ 75m2 tại Anland LakeView, 4,5 tỷ, view đẹp hot","4,5 tỷ",75 m²,60 tr/m²,2,2,"Dương Nội, Hà Đông","20.9834563352456, 105.75774645436"
41835003,01/03/2025,"Chung cư Hồ Gươm Khu ĐTM Mỗ Lao, DT 141m2, 7.8 tỷ Hà Đông","7,8 tỷ",141 m²,"55,32 tr/m²",3,2,"Mỗ Lao, Hà Đông","20.979620615976792, 105.78479014903513"
42303064,01/03/2025,"Bán gấp bất chấp giá cả CC Xuân Mai Complex, 62m2, 2N full nội thất, giá 3tỷx có thương lượng mạnh",Giá thỏa thuận,62 m²,N/A,2,2,"Yên Nghĩa, Hà Đông","20.9605546389284, 105.741480906564"
42303264,01/03/2025,"Khẳng định rẻ nhất khu vực, 1 căn duy nhất CC The Pride, 74m2, 2PN full nội thất, thương lượng mạnh",Giá thỏa thuận,74 m²,N/A,2,2,"La Khê, Hà Đông","20.9760246276855, 105.761596679688"
42303047,01/03/2025,"CĂN HỘ 2PN, 2VS - CHUNG CƯ XUÂN MAI TÔ HIỆU  SỔ HỒNG, GIÁ TỐT lh 0878 800 ***","4,2 tỷ",72 m²,"58,33 tr/m²",N/A,N/A,"Hà Cầu, Hà Đông","20.962203032536983, 105.77314643286437"
42303029,01/03/2025,CHÍNH CHỦ BÁN CĂN HỘ TOÀ 19T6 Kiến Hưng Diện tích tim tường: 70 m2,"2,9 tỷ",70 m²,"41,43 tr/m²",2,2,"Kiến Hưng, Hà Đông","20.952458536102867, 105.78472155655966"
42303199,01/03/2025,"Chị gái em muốn bán căn chung cư CT4 KĐT Văn Khê, Tố Hữu DT 75m2 full đồ giá 3.68 tỷ:0936,071,228","3,68 tỷ",75 m²,"49,07 tr/m²",2,2,"La Khê, Hà Đông","20.9732991290594, 105.76377589411"
39798853,01/03/2025,"Chính chủ bán gấp căn góc (2PN) sẵn sổ, full nội thất tại CC Anland Lakeview giá 4.xtỷ, 0975 645 ***",Giá thỏa thuận,75 m²,N/A,2,2,"Dương Nội, Hà Đông","20.9830436706543, 105.757339477539"
42303086,01/03/2025,"Chính chủ bán căn 80m2, 3PN 2VS CT2 Yên Nghĩa, full đồ đẹp",Giá thỏa thuận,80 m²,N/A,3,2,"Yên Nghĩa, Hà Đông","20.954300979181305, 105.74108016356766"
42302865,01/03/2025,"CHÍNH CHỦ BÁN CĂN TRỤC HIẾM - XUÂN MAI RIVERSIDE, HÀ ĐÔNG: 98m | 3PN | 2WC |  5.5 TỶ - TL MẠNH",Giá thỏa thuận,98 m²,N/A,3,2,"Mỗ Lao, Hà Đông","20.98439901684362, 105.77928018420403"
40712246,01/03/2025,"Cần bán căn hộ đẹp DT 79m2 giá chỉ 4.x (tỷ) toà chung cư FLC 418 Quang Trung, Hà Đông: 0335 606 ***",Giá thỏa thuận,79 m²,N/A,2,2,"Quang Trung, Hà Đông","20.9625549316406, 105.765251159668"
42303045,01/03/2025,"Hot! Căn hộ tại chung cư cao cấp tại Tòa Tháp Thiên Niên Kỷ. Sẵn sổ, Full đồ. Hơn 4 tỷ","4,4 tỷ",60 m²,"73,33 tr/m²",2,1,"Quang Trung, Hà Đông","20.97341351907281, 105.77843948714003"
42302821,01/03/2025,"BÁN CĂN HỘ XUÂN MAI TÔ HIỆU, HÀ ĐÔNG - 73M, 2PN, 2WC, VIEW BỂ BƠI, FULL NT! Lh 0357 418 ***","4,36 tỷ",73 m²,"59,73 tr/m²",2,2,"Hà Cầu, Hà Đông","20.962718199680197, 105.7734496279436"
41619982,01/03/2025,"Chủ nhà giảm giá cần bán gấp căn 7m2 giá chỉ hơn 3.7x(tỷ) tòa The Pride, Tố Hữu Hà Đông: 0335 606 ***",Giá thỏa thuận,70 m²,N/A,2,2,"La Khê, Hà Đông","20.9760246276855, 105.761596679688"
42302791,01/03/2025,"Bán căn hộ chung cư The Pride, Tố Hữu, La Khê, Hà Đông, Hà Nội, 75m2, giá thỏa thuận",Giá thỏa thuận,75 m²,N/A,2,2,"La Khê, Hà Đông","20.976223292093977, 105.76130171963523"
32135997,01/03/2025,"Chính chủ bán căn chung cư Mulberry Lane, Quận Hà Đông, Hà Nội, 122m2, giá 6,8 tỷ","6,8 tỷ",122 m²,"55,74 tr/m²",3,2,"Mỗ Lao, Hà Đông","20.9865188598633, 105.786399841309"
42302726,01/03/2025,"BÁN GẤP CĂN HỘ 65M - 2PN, 1WC - FULL NỘI THẤT - 3.65 TỶ - XUÂN MAI TOWER, TÔ HIỆU. LH 0357 418 ***",Giá thỏa thuận,65 m²,N/A,2,2,"Hà Cầu, Hà Đông","20.962651931418538, 105.77255849274673"
42302703,01/03/2025,"Chính chủ bán CH dự án Bình Vượng Tower, 200 Quang Trung, DT 146m2, 3N2VS, ban công ĐN. Giá 5,65 tỷ","5,65 tỷ",146 m²,"38,7 tr/m²",3,2,"Quang Trung, Hà Đông","20.96663613269615, 105.76962278609747"
42193924,01/03/2025,"Bán CC Park View Residence Dương Nội, giá thỏa thuận, 55m2, 2PN, 2WC, Tây Bắc",Giá thỏa thuận,55 m²,N/A,2,2,"Dương Nội, Hà Đông","20.964451668264317, 105.74885345153429"
38960181,01/03/2025,Chính chủ bán căn 2PN - 2VS - 76m2 toà Xuân Mai Riverside Mỗ Lao Hà Đông,Giá thỏa thuận,76 m²,N/A,2,2,"Mỗ Lao, Hà Đông","20.9851932525635, 105.779029846191"
42193940,01/03/2025,"Bán CC The K Park, Phúc La, Hà Đông, Hà Nội, giá thỏa thuận, 68m2, 2PN, 2WC, uy tín chính chủ",Giá thỏa thuận,68 m²,N/A,2,2,"Phúc La, Hà Đông","20.959929265725453, 105.79178389056837"
42195160,01/03/2025,"Bán CC tại KĐT Xa La, giá thỏa thuận, 52.3m2, 1PN, 1WC, Đông Nam",Giá thỏa thuận,"52,3 m²",N/A,1,1,"Phúc La, Hà Đông","20.9620487931053, 105.791596173375"
42302735,01/03/2025,"Căn hộ siêu phẩm 2 ngủ 2vs tại Goldsilk - Cầu Am. Giá: 5 tỷ. Sẵn sổ, ban công ĐN",5 tỷ,74 m²,"67,57 tr/m²",2,2,"Vạn Phúc, Hà Đông","20.9785816266562, 105.77275166285"
42154703,01/03/2025,"Nhà Đẹp giá Rẻ, Bán Gấp căn hộ 81m2 2PN, 2VS tòa CT7B The Spark Dương Nội, Full Nội Thất Ở Ngay","3,8 tỷ",81 m²,"46,91 tr/m²",2,2,"Dương Nội, Hà Đông","20.979672002620326, 105.74376047645421"
42302439,01/03/2025,"Chính chủ cực nhiệt bán Gấp căn 75,5m2, ban công Đông Nam giá 3,7x tỷ CC The Pride, Tố Hữu, Hà Đông","3,7 tỷ","75,5 m²","49,01 tr/m²",2,2,"La Khê, Hà Đông","20.97557603602234, 105.76093945381427"
42186596,01/03/2025,"Nhỉnh 2.7 tỷ. Sở hữu CH 68m2 toà CT6 Xa La, Hà Đông. 2 ngủ, Đầy đủ nội thất. Lh 0357 418 ***",Giá thỏa thuận,68 m²,N/A,2,2,"Phúc La, Hà Đông","20.9619764784832, 105.79311882290402"
42200283,01/03/2025,Giá tốt chốt nhanh! Căn hộ tòa 19T5 Kiến Hưng - Căn hộ 70m2 full nội thất. 2 ngủ. Chỉ với 2.8x tỷ,"2,88 tỷ",70 m²,"41,14 tr/m²",2,2,"Kiến Hưng, Hà Đông","20.950580823350588, 105.79044807354944"
42200648,01/03/2025,"Nhà xinh rinh lộc! Căn hộ siêu phẩm tại tòa FLC Quang Trung, Hà Đông: 100m2 - full Nội thất - SDCC","5,2 tỷ",100 m²,52 tr/m²,3,2,"Quang Trung, Hà Đông","20.962517530456676, 105.76522391963279"
42205225,01/03/2025,"Chính chủ cần bán nhanh căn hộ 1 ngủ nhỏ xinh tại tòa Ct4 KĐT Xa La, Hà Đông: Tầng trung-sđcc-53m2","2,5 tỷ",53 m²,"47,17 tr/m²",1,1,"Phúc La, Hà Đông","20.962512226969, 105.791844261216"
42300013,01/03/2025,"Gia đình cần bán căn góc 55m thiết kế 2pn giá 2,5 tỷ full đồ tại KĐT Xa La , Hà Đông","2,5 tỷ",55 m²,"45,46 tr/m²",2,1,"Phúc La, Hà Đông","20.962697648300168, 105.79216428054349"
42200788,01/03/2025,"Bán gấp CH chung cư CT7H KĐT Park View Residence Dương Nội, Hà Đông, 60m2, 2PN. 3,285 tỷ.","3,29 tỷ",60 m²,"54,75 tr/m²",2,2,"Dương Nội, Hà Đông","20.9649546602523, 105.750848465436"
42204827,01/03/2025,"Chính chủ thiện chí bán nhanh căn 2PN, tầng Trung, 60m2 giá 2,x tỷ CC CT3 Văn Khê, Tố Hữu, Hà Đông","2,95 tỷ",59 m²,50 tr/m²,2,1,"La Khê, Hà Đông","20.97176751314554, 105.76107484024436"
42194642,01/03/2025,"Bao giá 19T - Kiến Hưng - Hà Đông. Nhà nét giá đẹp, 2 ngủ 2WC 70m2 giá chỉ 2.88 tỷ","2,88 tỷ",70 m²,"41,14 tr/m²",2,2,"Kiến Hưng, Hà Đông","20.9494587912783, 105.79157858842"
42278319,01/03/2025,The Charm An Hưng hot nhất quận Hà Đông liên hệ 0977 495 *** nhận ngay ưu đãi,Giá thỏa thuận,55 m²,N/A,2,2,"La Khê, Hà Đông","20.9751526563593, 105.760015406675"
42195055,01/03/2025,"Căn hộ 3 ngủ giá mềm nhất CT3 The Pride Tố Hữu, diện tích 95m2 tầng Trung giá 4.7 tỷ.","4,7 tỷ",95 m²,"49,47 tr/m²",3,2,"La Khê, Hà Đông","20.97588194633092, 105.76232648293332"
42276802,01/03/2025,"Có 1 0 2! Chính chủ bán căn góc cc mặt đường Nguyễn Thanh Bình, Hà Đông, DT 78m2, sổ hồng lâu dài",Giá thỏa thuận,78 m²,N/A,2,2,"La Khê, Hà Đông","20.9746743160733, 105.760724346498"
42302052,01/03/2025,"Giá cực sốc! Chỉ 3.15 tỷ căn hộ 2pn, 2wc tại HH2 Xuân Mai Complex, Dương Nội","3,15 tỷ",62 m²,"50,81 tr/m²",2,2,"Yên Nghĩa, Hà Đông","20.959607941087, 105.742060315945"
41949472,01/03/2025,"Siêu hót! Căn hộ tòa CT6 Xa La, 70m2, 2PN - 2VS giá chỉ 2.8xỷ","2,89 tỷ",70 m²,"41,29 tr/m²",2,2,"Phúc La, Hà Đông","20.9627515080995, 105.792712475496"
41001667,01/03/2025,"Siêu phẩm tại FLC 418 Quang Trung Hà Đông, 100m2, sổ đỏ giá 5,2 tỷ","5,2 tỷ",100 m²,52 tr/m²,3,2,"Quang Trung, Hà Đông","20.9625549316406, 105.765251159668"
42194100,01/03/2025,"Tôi cần bán chung cư Bộ Tư Lệnh Thủ Đô 68m2, 2 ngủ, 2 VS, nhỉnh 3 tỷ","3,05 tỷ",68 m²,"44,85 tr/m²",2,2,"Yên Nghĩa, Hà Đông","20.954397643688147, 105.74095184466329"
42196965,01/03/2025,"Bán CC Nam Xa La, 3,35 tỷ, 70m2 ở Phúc La, Hà Đông, Hà Nội chỉ với giá siêu hời","3,35 tỷ",70 m²,"47,86 tr/m²",2,2,"Phúc La, Hà Đông","20.9603832064029, 105.79487848536634"
42204632,01/03/2025,"Tôi cần bán chung cư Thủy Lợi Tower căn góc 110m2, 3 ngủ, 2 vs nhỉnh 4 tỷ",Giá thỏa thuận,110 m²,N/A,3,2,"La Khê, Hà Đông","20.963291703865906, 105.76466016886158"
41001084,01/03/2025,"Chính chủ bán căn 630 HH01C Khu đô thị Thanh Hà, căn góc 76m2/liên hệ 0846 486 ***","2,5 tỷ",76 m²,"32,9 tr/m²",2,2,"Kiến Hưng, Hà Đông","20.9397029876709, 105.787254333496"
42097048,01/03/2025,Chỉ với 2 tỷ đã mua được căn chung cư 74m2 sầm uất nhất Hà Đông,"2,15 tỷ",74 m²,"29,05 tr/m²",2,2,"Phúc La, Hà Đông","20.9603484911155, 105.794661253912"
37324809,01/03/2025,Bán CHCC CT7 Park View Dương Nội rộng 62m2 căn góc nội thất đầy đủ. LH: 0988 187 ***,"3,09 tỷ",62 m²,"49,84 tr/m²",2,2,"Dương Nội, Hà Đông","20.9643268585205, 105.749549865723"
42301682,01/03/2025,"Bán căn góc D6-01 3N, 122m2 chung cư cao cấp Kepler Land Mỗ Lao, view sông Nhuệ đường Tố Hữu",Giá thỏa thuận,122 m²,N/A,3,2,"Mỗ Lao, Hà Đông","20.984960506314156, 105.77994774235654"
42103639,01/03/2025,5 suất ngoại giao toà chung cư cao cấp KepLer Mỗ Lao - Hà Đông,Giá thỏa thuận,78 m²,N/A,2,2,"Mỗ Lao, Hà Đông","20.9860639914117, 105.77960085388"
42301252,28/02/2025,"Bán gấp CC 2PN, 2WC, 70m2 giá cực chất 4,6 tỷ tại Trần Phú, Văn Quán, Hà Đông, Hà Nội","4,6 tỷ",70 m²,"65,71 tr/m²",2,2,"Văn Quán, Hà Đông","20.97471625914, 105.785583042072"
42259523,28/02/2025,"Bán gấp Chung cư HH03A tổ 4 Cự Khê, Thanh Hà Cienco5 Hà Đông,DT:75m2 -2 ngủ. Giá 2,7 tỷ.","2,7 tỷ",75 m²,36 tr/m²,2,2,"Kiến Hưng, Hà Đông","20.9395931643119, 105.78755667651528"
39600610,28/02/2025,"Bán căn hộ CT8 Văn Quán ô góc 58m2 2pn ngay mặt đường Nguyễn Khuyến, tiện ích đầy đủ, lh 0973 705 ***",Giá thỏa thuận,58 m²,N/A,2,N/A,"Phúc La, Hà Đông","20.9739627838135, 105.789070129395"
38096109,28/02/2025,"E cần Bán căn góc 2 mặt thoáng 72m2 tòa CT1 Văn Quán, 2PN, 1VS. Nhà để lại đồ cơ bản LH 0973 705 ***",Giá thỏa thuận,72 m²,N/A,2,1,"Phúc La, Hà Đông","20.9739627838135, 105.789070129395"
42300354,28/02/2025,"Bán CC 90m2, 4,8 tỷ tại CT5B Văn Khê, Hà Đông, HN","4,8 tỷ",90 m²,"53,33 tr/m²",3,2,"La Khê, Hà Đông","20.97280904875858, 105.76383872672524"
42300176,28/02/2025,"Bán CH 1PN, 54m2, 3,7 tỷ ở Quang Trung, Hà Đông, HN","3,7 tỷ",54 m²,"68,52 tr/m²",1,1,"Quang Trung, Hà Đông","20.973299983670085, 105.77822592845853"
41946516,28/02/2025,"Bán CC Seasons Avenue, 5,8 tỷ, 85m2, 2N 2WC, siêu hot (LH: 0945 566 ***)","5,8 tỷ",85 m²,"68,24 tr/m²",2,2,"Mỗ Lao, Hà Đông","20.986746212916565, 105.78685724502085"
42100421,28/02/2025,"Chính chủ cần bán nhà ở xã hội, căn hộ The Vesta, 67m2, 2PN, 2WC tầng 11",3 tỷ,67 m²,"44,78 tr/m²",2,2,"Phú Lãm, Hà Đông","20.946219364020102, 105.75633953803074"
41819423,28/02/2025,"Chính chủ bán căn hộ chung cư A5 HVQY Phúc La Hà Đông DT 71m2 gồm 2 phòng ngủ, lô góc full nội thất","4,54 tỷ",71 m²,"63,94 tr/m²",2,2,"Phúc La, Hà Đông","20.969084051098655, 105.78660407342906"
42195524,28/02/2025,"Duy nhất căn góc 3PN siêu phẩm tại Kepler Land Mỗ Lao, giá gốc chủ đầu tư, LH 0911 056 ***",Giá thỏa thuận,122 m²,N/A,3,2,"Mỗ Lao, Hà Đông","20.985658355499798, 105.77926822828299"
42299955,28/02/2025,Căn hộ chung cư thuộc toà A nhà CT2-CC Xuân Mai Tô Hiệu - Khu TTHC mới Quận Hà Đông - 3 ngủ - 2 wc,"6,7 tỷ",120 m²,"55,83 tr/m²",3,2,"Hà Cầu, Hà Đông","20.962769014294224, 105.77262285500807"
42299939,28/02/2025,"Chính thức nhận booking căn hộ The Charm An Hưng, nhanh tay sở hữu căn 2PN DT 54m2 duy nhất/sàn",Giá thỏa thuận,54 m²,N/A,2,1,"La Khê, Hà Đông","20.97507410870401, 105.76023233663678"
42299929,28/02/2025,"Sắp mở bán căn hộ chung cư hot nhất Hà Đông, giá dự kiến từ 7xtr/m2. LH 0962 231 ***",Giá thỏa thuận,54 m²,N/A,2,1,"La Khê, Hà Đông","20.975256957235416, 105.76104674951078"
42296433,28/02/2025,"Bán gấp! CC trung tâm Hà Đông, 10p tới Cầu Giấy, 96m2, 3PN, 2WC, view đẹp, cuối 2025 nhận nhà",Giá thỏa thuận,96 m²,N/A,3,2,"La Khê, Hà Đông","20.97414878551735, 105.76028286769822"
42296390,28/02/2025,"Hot! Mở bán chung cư đẹp nhất Hà Đông, cạnh hồ điều hoà, cách Aeon Mall 1km",Giá thỏa thuận,54 m²,N/A,2,2,"La Khê, Hà Đông","20.9747865550995, 105.760598521835"
41322872,28/02/2025,Bán nhà TT Hà Đông T1 ô tô tránh KD tốt Ngô Thì Nhậm giao Nguyễn Viết Xuân,"2,25 tỷ",61 m²,"36,88 tr/m²",2,1,"Quang Trung, Hà Đông","20.9683454017735, 105.769124957037"
42267678,28/02/2025,"Bán căn hộ chung cư 100m2 tại Toà CT1 KĐT Xa La, giá thỏa thuận, 3PN, 2WC, Hà Đông, HN Giá 4,2x",Giá thỏa thuận,100 m²,N/A,3,2,"Phúc La, Hà Đông","20.962485628223416, 105.79231998066372"
42299392,28/02/2025,Bán căn Dualkey Terra An Hưng - Hà Đông: 140m2 tầng 20 bc Đông Nam full nội thất,Giá thỏa thuận,140 m²,N/A,4,3,"La Khê, Hà Đông","20.97296441398748, 105.75655231381123"
42299198,28/02/2025,"Bán căn hộ CC 84m2, 2PN tại Bắc Hà Fodacon, 4,02 tỷ, Hà Đông, Hà Nội chỉ với uy tín, LH 0945 566 ***","4,02 tỷ",84 m²,"47,86 tr/m²",2,2,"Mỗ Lao, Hà Đông","20.981915840497617, 105.78981020539852"
42045102,28/02/2025,"Chính chủ bán căn góc dt: 95m2, 3PN - 2vs - giá: 4,x tỷ. Tầng trung, full nội thất Thuỷ Lợi Tower",Giá thỏa thuận,95 m²,N/A,3,2,"La Khê, Hà Đông","20.96273887711944, 105.76409293882544"
42298489,28/02/2025,"Bán CC THE CHARM AN HƯNG đủ loại diện tích 54m2, 72m2, 76m2, 78m2, 92m2, 96m2. LH 0867 313 ***","5,7 tỷ",76 m²,75 tr/m²,N/A,N/A,"La Khê, Hà Đông","20.9741868010542, 105.760528031286"
42298506,28/02/2025,Hàng ngon giá đẹp nhất K Park bán nhanh căn hộ 68m2 - CC The K Park Văn Phú Hà Đông - 2PN 2VS,"4,3 tỷ",68 m²,"63,24 tr/m²",2,2,"Phúc La, Hà Đông","20.9593609543638, 105.79187547408"
42298452,28/02/2025,"Bán nhanh căn 70m2, 2 ngủ 2 vs khu 6 toà trong kđt Thanh Hà, Kiến Hưng, Hà Đông, giá rẻ nhất",Giá thỏa thuận,70 m²,N/A,2,2,"Kiến Hưng, Hà Đông","20.939460232648, 105.787869839788"
42277772,28/02/2025,Cần bán nhanh căn 4 ngủ tầng trung K35 HPC Land mark 105 Tố Hữu,"7,5 tỷ","133,3 m²","56,26 tr/m²",4,2,"La Khê, Hà Đông","20.9737144409902, 105.758507726531"
37060661,28/02/2025,"Bán gấp căn 74m2 tầng cao chung cư Anland LakeView giá 4,x tỷ full đồ, hỗ trợ vay ngân hàng",Giá thỏa thuận,74 m²,N/A,2,2,"Dương Nội, Hà Đông","20.9830436706543, 105.757339477539"
41565178,28/02/2025,"Bán căn hộ chung cư CT1 Yên Nghĩa, giá thỏa thuận, 60m2, 2 phòng ngủ Giá chỉ 2.xx tỷ Giá tốt","2,9 tỷ",60 m²,"48,33 tr/m²",2,1,"Yên Nghĩa, Hà Đông","20.9540590817864, 105.744008607329"
42009729,28/02/2025,"Bán căn hộ chung cư 2 phòng ngủ 2 vệ sinh tại HPC Landmark Hà Đông, view đẹp giá tốt nhất khu vực","4,9 tỷ",86 m²,57 tr/m²,2,2,"La Khê, Hà Đông","20.9736671447754, 105.758712768555"
42176059,28/02/2025,"Bán CH - 2PN tòa 19T Kiến Hưng! DT: 70m2 tầng trung, nội thất đầy đủ, SĐCC sang tên trong nốt nhạc",3 tỷ,70 m²,"42,86 tr/m²",2,2,"Kiến Hưng, Hà Đông","20.950236018367338, 105.79098305439197"
42297849,28/02/2025,"Bán căn hộ tòa chung cư cao cấp tại Văn Quán Hà đông, chỉ trên 6 tỷ","6,5 tỷ",110 m²,"59,09 tr/m²",3,3,"Văn Quán, Hà Đông","20.9749206890664, 105.785648017826"
42297574,28/02/2025,Bán căn hộ tại Chung Cư Bộ Tư Lệnh Thủ Đô . Yên Nghĩa . Hà Đông. S67.4m2/ 2 ngủ 2wc giá thỏa thuận,Giá thỏa thuận,"67,4 m²",N/A,2,2,"Yên Nghĩa, Hà Đông","20.954188038538646, 105.7413119372173"
42156037,28/02/2025,Toàn bộ thông tin về dự án The Charm An Hưng bàn giao cuối năm 2025 diện tích 54-73-78m2,Giá thỏa thuận,54 m²,N/A,2,1,"La Khê, Hà Đông","20.97431417769303, 105.76059782429297"
41732106,28/02/2025,Chính chủ cần bán căn hộ 56m2 nhà đẹp hướng mát tầng trung full đồ sẵn sổ,Giá thỏa thuận,56 m²,N/A,N/A,N/A,"Dương Nội, Hà Đông","20.979867935180664, 105.7439193725586"
41980252,28/02/2025,Chính chủ cần bán căn hộ 3 phòng ngủ tại CT8 Dương Nội nhà full nội thất sẵn sổ giao dịch luôn,"3,8 tỷ",86 m²,"44,19 tr/m²",3,2,"Dương Nội, Hà Đông","20.980697992415276, 105.74408179467108"
41987269,28/02/2025,"Bán căn 55m 2n 1wc CC HH2 Xuân Mai Dương Nội, Hà Đông. Nhà thiết kế có logia thoáng. LH: 0911 483 ***",Giá thỏa thuận,55 m²,N/A,2,1,"Yên Nghĩa, Hà Đông","20.9590530832996, 105.742192262606"
37343711,28/02/2025,"View hồ lÀng Việt Kiều Châu Âu tôi cần bán căn hộ 154m2 dự án Mulberry Lane full nội thất, slot ôtô","7,25 tỷ",154 m²,"47,08 tr/m²",3,3,"Mỗ Lao, Hà Đông","20.986476399041017, 105.78684764501224"
42297201,28/02/2025,"Bán căn hộ chung cư Booyoung, 5,75 tỷ, 95,5m2, 3PN, 2WC, pháp lý đầy đủ","5,75 tỷ","95,5 m²","60,21 tr/m²",3,2,"Mỗ Lao, Hà Đông","20.98348262745922, 105.78337966374828"
42295534,28/02/2025,Cần bán căn hộ chung cư tòa B Xuân Mai Tô Hiệu Hà Đông giá cực rẻ,Giá thỏa thuận,65 m²,N/A,2,N/A,"Yên Nghĩa, Hà Đông","20.959609042915556, 105.7420837334426"
33054308,28/02/2025,"Chính chủ bán căn góc 2PN, 74m2. Full nội thất, giá 4.x tỷ. LH 0963 225 ***",Giá thỏa thuận,74 m²,N/A,2,2,"Dương Nội, Hà Đông","20.9830436706543, 105.757339477539"
41011867,28/02/2025,"Chính chủ bán căn góc 3PN/85m2, tầng đẹp, full nội thất. Giá nhỉnh 5 tỷ. LH 0984 797 ***",Giá thỏa thuận,85 m²,N/A,3,2,"La Khê, Hà Đông","20.9772338867188, 105.76195526123"
41955494,28/02/2025,"Bán CHCC chung cư Xuân Mai Riverside, Mỗ Lao, Hà Đông 3N full nội thất",6 tỷ,100 m²,60 tr/m²,3,2,"Mỗ Lao, Hà Đông","20.985890482650174, 105.77915243170379"
42102329,28/02/2025,"Cần bán chung cư CC Anland Lake View, DT 74m2, lô góc, 2 ngủ 2wc, full nội thất xịn. Sổ đỏ đẹp",Giá thỏa thuận,74 m²,N/A,2,2,"Dương Nội, Hà Đông","20.983278097223746, 105.75788299932488"
41775423,28/02/2025,"Bán CC Mulberry Lane, 3,3 tỷ, 45m2, 1PN, 1WC, pháp lý đầy đủ, hướng ĐB","3,3 tỷ",45 m²,"73,33 tr/m²",1,1,"Mỗ Lao, Hà Đông","20.98657680810724, 105.78666037138834"
39440966,28/02/2025,"Chính chủ bán gấp CC quốc tế Booyoung, Mỗ Lao, HĐ, 99m2 - 3 ngủ - 2wc, 5.95 tỷ (có slot ô tô)","5,95 tỷ",99 m²,"60,1 tr/m²",3,2,"Mỗ Lao, Hà Đông","20.9833755493164, 105.783531188965"
41868333,28/02/2025,"Bán gấp căn hộ góc 2PN 2WC 70m2 tại tòa CT4A Xa La-Hà Đông, full nội thất, chỉ 2,55 tỷ","2,55 tỷ",70 m²,"36,43 tr/m²",2,2,"Phúc La, Hà Đông","20.9629826608011, 105.793053418539"
42261951,28/02/2025,"Chính chủ cần bán căn góc 2PN-74M2, tầng trung view thoáng giá hợp lý cc Anland lakeview,O975645309","4,5 tỷ",75 m²,60 tr/m²,N/A,N/A,"Dương Nội, Hà Đông","20.983290034782396, 105.75676904606915"
41069899,28/02/2025,Tôi chính chủ bán căn góc 3PN 2VS ban công Đông Nam chung cư Tháp Thiên Nhiên Kỷ giá 6.x tỷ,Giá thỏa thuận,88 m²,N/A,2,2,"Quang Trung, Hà Đông","20.97332000732422, 105.77828216552734"
40899490,28/02/2025,"Chính chủ cần bán căn hộ duy nhất chung cư Tháp Thiên Nhiên Kỷ giá 3x tỷ, 0975 645 ***","3,5 tỷ",50 m²,70 tr/m²,2,N/A,"Quang Trung, Hà Đông","20.97332, 105.77828"
39827116,28/02/2025,"Cần bán 55m2(2PN1VS) giá 3.x tỷ tại chung cư Anland Premium giá tốt nhất thị trường, lh 0975 645 ***",Giá thỏa thuận,55 m²,N/A,2,1,"Dương Nội, Hà Đông","20.9772338867188, 105.76195526123"
41371637,28/02/2025,"Bán căn 74m2(2 ngủ 2vs) ban công Đông Nam, full nội thất cực hiếm chung cư Terra An Hưng 0975 645 ***",Giá thỏa thuận,74 m²,N/A,2,2,"Dương Nội, Hà Đông","20.974346160888672, 105.75416564941406"
40061547,28/02/2025,"Chính chủ cần bán hộ 77m2 (2PN 2VS), BC Đông Nam CC Tháp Thiên Nhiên Kỷ, LH 0975 645 ***",Giá thỏa thuận,88 m²,N/A,2,2,"Quang Trung, Hà Đông","20.97332, 105.77828"
41780133,28/02/2025,"Chính chủ bán căn 2PN 2VS, dt 74m2, view biệt thự, tầng 1x siêu đẹp Anland 3, giá 4,x tỷ 0975 645 ***",Giá thỏa thuận,74 m²,N/A,2,2,"Dương Nội, Hà Đông","20.983066487931833, 105.75727052366105"
40060309,28/02/2025,"Quỹ căn hộ 2PN - 3PN - 4PN chung cư Terra An Hưng giá rẻ nhất từ 4. X tỷ, LH 0975 645 ***","4,8 tỷ",74 m²,"64,86 tr/m²",2,2,"Dương Nội, Hà Đông","20.97276496887207, 105.75669860839844"
41027334,28/02/2025,"Chính chủ bán căn hộ 97m2 - 3PN+1ĐN, Đông Nam, full NT tại cc Terra An Hưng giá 6tỷ, 0975 645 ***",Giá thỏa thuận,97 m²,N/A,2,2,"Dương Nội, Hà Đông","20.9743461608887, 105.754165649414"
42295153,28/02/2025,BÁN NHANH CĂN 3 NGỦ - 95M2 TÒA BOOYOUNG - ĐƯỜNG VŨ TRỌNG KHÁNH - KĐT MỖ LAO - 5.7 TỶ - 0961 068 ***,"5,7 tỷ",95 m²,60 tr/m²,3,2,"Mỗ Lao, Hà Đông","20.983423879174776, 105.78394224979361"
41576033,28/02/2025,"Bán căn 3 ngủ 123m2 tòa TSQ - Chung cư Làng Việt Kiều Châu Âu, Mỗ Lao, Hà Đông - 0961 068 ***","6,8 tỷ",123 m²,"55,28 tr/m²",3,2,"Mỗ Lao, Hà Đông","20.983457565307617, 105.78564453125"
41473730,28/02/2025,"Gần như tuyệt chủng nhà bán CC Hyundai Hillstate 134m2 giá 8,550 tỷ Hà Đông","8,55 tỷ",134 m²,"63,81 tr/m²",3,2,"Hà Cầu, Hà Đông","20.9636821746826, 105.773704528809"
42291932,28/02/2025,BÁN GẤP Căn hộ 2PN 2WC SĐCC tại HH2 Xuân Mai Complex- FULL NỘI THẤT - ĐẸP Ở NGAY - Giá chỉ 3.15 tỷ,Giá thỏa thuận,62 m²,N/A,N/A,N/A,"Hà Cầu, Hà Đông","20.96273438874327, 105.77341877514363"
42026919,28/02/2025,"Bán chung cư kđt Văn Quán 2PN 2VS - dt 85m2 Nguyễn Khuyến, Hà Đông, HN giá 3.95 tỷ","3,95 tỷ",85 m²,"46,47 tr/m²",2,2,"Văn Quán, Hà Đông","20.9759298762549, 105.788673028679"
42291468,28/02/2025,"Cần bán chung cư tầng trung CT3 The Pride Hải Phát La Khê Hà Đông DT 72m nhà thiết kế đẹp giá 4,2tỷ","4,2 tỷ",72 m²,"58,33 tr/m²",2,2,"La Khê, Hà Đông","20.97554946885564, 105.76135709833713"
42291641,28/02/2025,"Chuyển lên 3n, gd có nhu cầu chuyển nhượng lại căn hộ 78m2 ban công Đông Nam cực mát, full đồ","4,75 tỷ",78 m²,"60,9 tr/m²",2,2,"Vạn Phúc, Hà Đông","20.979263650786795, 105.77289210638999"
42291370,28/02/2025,Căn hộ rộng rãi 100.5m2 sửa được 3 ngủ cho căn An Lạc Nam La Khê giá 4.7 Tỷ,"4,7 tỷ","100,5 m²","46,77 tr/m²",2,2,"Quang Trung, Hà Đông","20.9651226526292, 105.764780485985"
42291549,28/02/2025,"Bán gấp giảm sâu căn góc 73 m2 2N 2v full đồ CT6 Xa La. Giá 2,80 tỷ LH 0943 554 *** (Miễn trung gian)","2,8 tỷ",73 m²,"38,36 tr/m²",2,2,"Phúc La, Hà Đông","20.962630551065246, 105.79329137914479"
42291360,28/02/2025,Bán căn hộ 70m2 tòa M3 Mipec Kiến Hưng - Hà Đông - nội thất full - Giá chỉ 3. X tỷ có thương lượng,Giá thỏa thuận,70 m²,N/A,2,2,"Kiến Hưng, Hà Đông","20.95300375708016, 105.79060083551461"
42291496,28/02/2025,"Giá cực tốt! Căn 75m2 tòa CT6 Hà Đông - Có sổ đỏ. Giá chỉ 2,9x tỷ. LIên hệ: 0376 685 ***","2,95 tỷ",75 m²,"39,33 tr/m²",2,2,"Phúc La, Hà Đông","20.962618227327837, 105.79209674234045"
42065916,28/02/2025,Giảm 100tr - bán gấp căn 95m2 3PN CC Thủy Lợi Tower - Ngã 4 Văn Phú - full đồ - có sổ đỏ nhỉnh 4 tỷ,Giá thỏa thuận,95 m²,N/A,3,2,"La Khê, Hà Đông","20.96304915011647, 105.76426500569409"
42291180,28/02/2025,Bán nhanh căn hộ 2pn 54m2 Dự Án The Charm An Hưng giá tốt nhất chủ đầu tư .,"4,3 tỷ",54 m²,"79,63 tr/m²",2,1,"La Khê, Hà Đông","20.9745985025843, 105.761166993224"
42291262,28/02/2025,Giá phẳng phiu mua ngay Goldsilk tòa J nhà siêu hiếm đẹp 74m2 giá 5.1x tỷ,"5,18 tỷ","73,9 m²","70,1 tr/m²",2,2,"Vạn Phúc, Hà Đông","20.978431311752, 105.772459944675"
42280668,28/02/2025,Siêu phẩm 3 ngủ 98m2 giá cực kì yêu thương và hợp lý cho các gia đình tại Xuân Mai Riverside,"5,5 tỷ",98 m²,"56,12 tr/m²",3,2,"Mỗ Lao, Hà Đông","20.9850200714224, 105.779265899558"
42281539,28/02/2025,"Căn hộ hiện đại đẳng cấp hiếm có tại Vạn Phúc Hà Đông 73,9m2 nhiều tiện ích","5,18 tỷ","73,9 m²","70,1 tr/m²",2,2,"Vạn Phúc, Hà Đông","20.978656918253698, 105.77214143390053"
42291377,28/02/2025,Nhà đẹp giá chất tại chung cư Sông Nhuệ với chỉ 2 tỷ 450 sẵn nhà ngay,"2,45 tỷ",42 m²,"58,33 tr/m²",2,1,"Kiến Hưng, Hà Đông","20.96005767563738, 105.79849769819265"
38095623,28/02/2025,"Do chuyển công tác bán gấp căn lâu dài tầng trung 114.3m2 thiết kế 3PN, căn góc view Thành Phố","7,6 tỷ","114,3 m²","66,5 tr/m²",3,2,"Văn Quán, Hà Đông","20.979528427124, 105.787567138672"
42184574,28/02/2025,"Căn hộ 1 phòng ngủ 1WC S = 40m2 - Đầy đủ nội thất. Giá nhỉnh 1,4 tỷ. LH 0376 685 ***","1,44 tỷ",40 m²,36 tr/m²,1,1,"Phúc La, Hà Đông","20.96252147871157, 105.79199033873397"
42291108,28/02/2025,Cần bán chung cư tầng trung CT3 The Pride Hải Phát La Khê Hà Đông DT: 91m nhà thiết kế đẹp giá 5 tỷ,5 tỷ,91 m²,"54,94 tr/m²",3,2,"La Khê, Hà Đông","20.976188279329502, 105.76154103146943"
42291290,28/02/2025,Tôi chính chủ nhà cần bán gấp căn hộ 2 phòng ngủ tòa Nam Xa La ( Ảnh thật 100%) - Nhận nhà ở luôn,"2,2 tỷ",54 m²,"40,74 tr/m²",2,1,"Phúc La, Hà Đông","20.960406046444085, 105.79470373242208"
39982651,28/02/2025,"Chính chủ cần bán gấp căn Duplex 250m ĐN dự án New Skyline view hồ Văn Quán, Hà Đông","17,35 tỷ",250 m²,"69,4 tr/m²",5,4,"Văn Quán, Hà Đông","20.9796447753906, 105.792343139648"
37065248,28/02/2025,"Cần bán căn hộ toà CT2 Văn Quán, 69m2, 2PN. LH Kiều Thuý 0949 170 ***",Giá thỏa thuận,69 m²,N/A,2,2,"Phúc La, Hà Đông","20.9739627838135, 105.789070129395"
40542269,28/02/2025,"Bán căn hộ toà Xuân Mai, DT 90m2, 3PN, 2VS,view thoáng. LH Kiều Thuý 0949 170 ***",Giá thỏa thuận,78 m²,N/A,2,2,"Mỗ Lao, Hà Đông","20.9851932525635, 105.779029846191"
37368255,28/02/2025,"Cần bán căn hộ ct7 Văn Quán, 79m2 căn góc. LH Kiều Thuý 0949 170 ***",Giá thỏa thuận,79 m²,N/A,2,1,"Phúc La, Hà Đông","20.9739627838135, 105.789070129395"
41036738,28/02/2025,"Cần bán căn hộ 60m2, 2 PN toà CT8 Văn Quán, Hà Đông.LH Kiều Thuý 0949 170 ***",Giá thỏa thuận,60 m²,N/A,2,N/A,"Phúc La, Hà Đông","20.973962783813477, 105.78907012939453"
41592924,28/02/2025,"Cần bán gấp căn hộ CT8 Dương Nội, dt 86m2, nhà nguyên bản giá 3.5x tỷ",Giá thỏa thuận,86 m²,N/A,2,2,"Dương Nội, Hà Đông","20.979867935180664, 105.7439193725586"
41256197,28/02/2025,"Cần bán căn góc 62m2 CT7HJK Park View Dương Nội, 2pn + 2Vs. Sẵn nội thất ở luôn",Giá thỏa thuận,62 m²,N/A,2,2,"Dương Nội, Hà Đông","20.9643268585205, 105.749549865723"
42290885,28/02/2025,"Cực phẩm căn hộ tầng đẹp full nội thất tòa J Goldsilk Complex Vạn Phúc, Hà Đông, HN","5,18 tỷ",78 m²,"66,41 tr/m²",2,2,"Vạn Phúc, Hà Đông","20.978368974243374, 105.77247399956502"
42264879,28/02/2025,Chủ nhà cần bán căn 2pn2vs 67m full nội thất tầng đẹp giá 2tỷ970 nhận nhà luôn tại Tháp Doanh Nhân,"2,97 tỷ",67 m²,"44,33 tr/m²",N/A,N/A,"Mỗ Lao, Hà Đông","20.9750600261246, 105.780384352257"
42290845,28/02/2025,"Bán CC Tháp Doanh Nhân Tower, 2,67 tỷ, 56m2, 2PN, 1WC tại Thanh Bình, Mỗ Lao, Hà Đông","2,67 tỷ",56 m²,"47,68 tr/m²",2,1,"Mỗ Lao, Hà Đông","20.975225115643, 105.78101890866"
42290827,28/02/2025,"Bán gấp 2 ngủ 58m2 Fodacon Bắc Hà 3,2 tỷ nhỏ xinh giá hợp lý sẵn sổ sang tên lh 0982 764 ***","3,2 tỷ",58 m²,"55,17 tr/m²",2,1,"Mỗ Lao, Hà Đông","20.9816740752914, 105.789911922113"
41691822,28/02/2025,Cần bán căn góc siêu thoáng đẹp DT 81m2 trục 04 ko đối diện nhà ai nhà sẵn nội thất sẵn sổ,Giá thỏa thuận,81 m²,N/A,2,2,"Dương Nội, Hà Đông","20.981019973754883, 105.75489807128906"
41668360,28/02/2025,Chính chủ bán căn góc trục 03 tại Toà CT8A Dương Nội nhà sạch đẹp kh về làm nội thất theo ý sẵn sổ,Giá thỏa thuận,86 m²,N/A,2,2,"Dương Nội, Hà Đông","20.979867935180664, 105.7439193725586"
42290768,28/02/2025,"Chỉ với 5. X tỷ sở hữu ngay căn hộ 2 phòng ngủ tòa Xuân Mai Riverside, Hà Đông","5,5 tỷ",98 m²,"56,12 tr/m²",3,2,"Mỗ Lao, Hà Đông","20.98491282893229, 105.77835249575276"
42288431,28/02/2025,"Duy nhất 1 căn 2 ngủ 2 VS 65m2 - Toà CT3 KĐT Xa La. Sổ hồng, hướng mát siêu hiếm",Giá thỏa thuận,65 m²,N/A,2,2,"Phúc La, Hà Đông","20.9624314368946, 105.792328820839"
42098355,28/02/2025,Cần nhượng lại căn 86m2 tại CT8D nhà đã sửa thành 3 ngủ sẵn full nội thất hết chỉ việc vào ở,"3,8 tỷ",86 m²,"44,19 tr/m²",3,2,"Dương Nội, Hà Đông","20.980112508519532, 105.74349176508714"
41731382,28/02/2025,"Chính chủ Bán Gấp căn 2 Ngủ, tầng Trung, ban công Đông Nam, giá 2,9 tỷ CC CT7F Dương Nội , Hà Đông.",Giá thỏa thuận,54 m²,N/A,2,1,"Dương Nội, Hà Đông","20.9643268585205, 105.749549865723"
41612860,28/02/2025,Bán căn hộ 2 ngủ 2wc 72m full nội thất khu 6 toà mặt đường KĐT Thanh Hà giá 2ty6xx,"2,65 tỷ",72 m²,"36,81 tr/m²",2,2,"Kiến Hưng, Hà Đông","20.9397029876709, 105.787254333496"
42289251,28/02/2025,"Bán căn hộ chung cư 3PN, 2WC tại Bình Vượng 200 Quang Trung, 5,6 tỷ, 146m2","5,6 tỷ",146 m²,"38,36 tr/m²",3,2,"Quang Trung, Hà Đông","20.9676214988229, 105.769246673257"
42149358,28/02/2025,"Giá tốt nhất tòa! Bán gấp 2 ngủ 68,2m2 tòa SDU 143 Trần Phú cao thoáng 3,3 tỷ bao tên LH 0982 764 ***",Giá thỏa thuận,"68,2 m²",N/A,2,2,"Văn Quán, Hà Đông","20.97731590271, 105.784957885742"
38989100,28/02/2025,"Bán gấp 2 ngủ 52m2 tòa SDU 143 Trần Phú tầng trung nhà đẹp chỉ 2,x tỷ. LH 0982 764 ***",Giá thỏa thuận,52 m²,N/A,2,2,"Văn Quán, Hà Đông","20.978102765843825, 105.78502546192843"
42290419,28/02/2025,"Căn hộ đẹp tại The Sparks, CT7 Dương Nội, Hà Đông, Hà Nội, 2,75 tỷ, 54m2","2,75 tỷ",54 m²,"50,93 tr/m²",2,1,"Dương Nội, Hà Đông","20.980351896646855, 105.74421501760308"
42290267,28/02/2025,"Bán căn hộ 3PN, 2WC, 94m2 tại Usilk City, 4,9 tỷ, Hà Đông, Hà Nội","4,9 tỷ",94 m²,"52,13 tr/m²",3,2,"La Khê, Hà Đông","20.974212054352126, 105.76060901903034"
42290261,28/02/2025,"Giá tốt - chốt ngay căn hộ 49m2 tại HH2G Xuân Mai Complex, Hà Đông",Giá thỏa thuận,49 m²,N/A,2,1,"Yên Nghĩa, Hà Đông","20.9599409493144, 105.741619092391"
41760410,28/02/2025,"Cần tiền đầu tư kinh doanh bán cắt lỗ căn 113m2 giá nhỉnh 5 tỷ CC The Pride Tố Hữu, La Khê, Hà Đông",Giá thỏa thuận,113 m²,N/A,3,2,"La Khê, Hà Đông","20.976024627685547, 105.7615966796875"
42184818,28/02/2025,"Chính chủ bán gấp căn 1PN + 1, 48m2 giá 2,6x tỷ tòa HH2G Xuân Mai Complex, Dương Nội. Full đồ đẹp","2,65 tỷ",48 m²,"55,21 tr/m²",2,1,"Yên Nghĩa, Hà Đông","20.959244288419555, 105.74255496209246"
42174568,28/02/2025,"Chỉ 3 Tỷ (Bao Tên) !!! Bán Gấp - Căn hộ Đẹp nhất tòa 19T3 Kiến Hưng, 70m2 2 PN, Đủ nội thất Ở Ngay",3 tỷ,70 m²,"42,86 tr/m²",2,2,"Kiến Hưng, Hà Đông","20.95209903730192, 105.7849557753948"
42290231,28/02/2025,"Bán CC KĐT Xa La, 4,5 tỷ, 98m2, 3PN, 2WC giá cực chất","4,5 tỷ",98 m²,"45,92 tr/m²",3,2,"Phúc La, Hà Đông","20.9624101159661, 105.792192408801"
42290178,28/02/2025,"Duy Nhất 1 căn hộ 81,4m2 SĐCC tại CT2 The Pride Hải Phát. Giá chỉ 4. Xx tỷ",Giá thỏa thuận,"81,4 m²",N/A,2,2,"La Khê, Hà Đông","20.976495653774638, 105.7617438349296"
41825550,28/02/2025,Fodacon Bắc Hà - Chính chủ bán căn hộ 126m2 - 3 ngủ - Sổ hồng giá cực tốt 5.9 tỷ thương lượng sâu,"5,9 tỷ",126 m²,"46,82 tr/m²",3,2,"Mỗ Lao, Hà Đông","20.983030571511836, 105.78942183882397"
40240589,28/02/2025,Bán nhanh căn góc 2PN 2WC diện tích 62m2 giá 3 tỷ tại tòa mới HJK chung cư ParkView Dương Nội,3 tỷ,62 m²,"48,39 tr/m²",2,2,"Dương Nội, Hà Đông","20.9643268585205, 105.749549865723"
42124395,28/02/2025,"Bán CC 2PN, 62m2 tại HH2F Xuân Mai Complex, Hà Đông, giá chỉ 3. X tỷ SDCC ở ngay",Giá thỏa thuận,62 m²,N/A,2,2,"Yên Nghĩa, Hà Đông","20.9598285461482, 105.741953661478"
42152898,28/02/2025,"Bán CH tuyệt đẹp 2PN, 72m2, giá chỉ 3. X tỷ tại Xuân Mai Complex, Hà Đông, Hà Nội",Giá thỏa thuận,72 m²,N/A,2,2,"Yên Nghĩa, Hà Đông","20.959893463753, 105.74262140172485"
41156150,28/02/2025,"Siêu phẩm căn hộ The Pride 113m2 - 3n 3vs, ban công Đông Nam siêu thoáng mát giá chỉ 5. X tỷ ở ngay",Giá thỏa thuận,113 m²,N/A,3,3,"La Khê, Hà Đông","20.9760246276855, 105.761596679688"
41156359,28/02/2025,"Chính chủ bán nhanh CH 59m2 tại CT7 Dương Nội nhà đẹp như hình 2n 2vs giá chỉ 3,x tỷ gia lộc thêm",Giá thỏa thuận,59 m²,N/A,2,2,"Dương Nội, Hà Đông","20.981019973754883, 105.75489807128906"
37632080,28/02/2025,"Cần bán căn chung cư 79m2 chung cư Usilk Văn Khê, 2 ngủ giá 4.25 tỷ","4,25 tỷ",79 m²,"53,8 tr/m²",2,2,"La Khê, Hà Đông","20.9744720458984, 105.760879516602"
39471572,28/02/2025,"Cần tiền kinh doanh bán gấp 55m2 chung cư HH2 Xuân Mai, 2PN full đồ giá 2.9 tỷ","2,9 tỷ",55 m²,"52,73 tr/m²",2,1,"Dương Nội, Hà Đông","20.9846420288086, 105.774719238281"
29783585,28/02/2025,"Cần bán gấp căn 114m2 chung cư CT4 Văn Khê, 3PN nội thất rồi giá 4.75 tỷ","4,75 tỷ",114 m²,"41,67 tr/m²",3,2,"La Khê, Hà Đông","20.972412109375, 105.761528015137"
29018394,28/02/2025,"Cần bán căn 62m2 chung cư HH2 Xuân Mai Dương Nội, 2PN, giá 3.12 tỷ","3,12 tỷ",62 m²,"50,32 tr/m²",2,2,"Dương Nội, Hà Đông","20.9810199737549, 105.754898071289"
39471606,28/02/2025,Cần bán 2 căn 2 ngủ 1WC tại chung cư HH2 Xuân Mai giá 2.85 tỷ,"2,85 tỷ",51 m²,"55,88 tr/m²",2,1,"Yên Nghĩa, Hà Đông","20.981145929955538, 105.75508884488931"
22970142,28/02/2025,"Bán gấp căn hộ chung cư CT2 Văn Khê DT 103m2, 3 phòng ngủ, nguyên bản giá 4.55 tỷ","4,55 tỷ",103 m²,"44,18 tr/m²",3,2,"La Khê, Hà Đông","20.972412109375, 105.761528015137"
42184294,28/02/2025,"Bán Penthouse chung cư Skyline Văn Quán căn góc 337m2, 4 ngủ, 4VS chỉ 18 tỷ",18 tỷ,337 m²,"53,41 tr/m²",4,4,"Văn Quán, Hà Đông","20.97956203495334, 105.79271458191312"
42184364,28/02/2025,"Tôi cần bán chung cư A5 Học Viện Quân 71m2, 2 ngủ, 2VS chỉ 3.98 tỷ","3,98 tỷ",71 m²,"56,06 tr/m²",2,2,"Phúc La, Hà Đông","20.96930931322739, 105.78564868488478"
42289747,28/02/2025,"Hàng hot căn hộ 81m2 gồm 2 ngủ, 2 vs toà Samsora, trung tâm Hà Đông giá 4,7 tỷ. Lh: 0382 083 ***","4,7 tỷ",81 m²,"58,02 tr/m²",2,2,"Quang Trung, Hà Đông","20.9749683309517, 105.777346920115"
42289699,28/02/2025,"Bán CC Xuân Mai Tower - CT2 Tô Hiệu, 4,4 tỷ, 73m2, 2PN, 2WC, giá siêu hời","4,4 tỷ",73 m²,"60,27 tr/m²",2,2,"Hà Cầu, Hà Đông","20.9628682034385, 105.773976117001"
42289674,28/02/2025,"CỰC HIẾM CĂN HỘ 4 NGỦ 153M2 KHU DƯƠNG NỘI, HÀ ĐÔNG GIÁ 6,7 TỶ. Lh :0382 083 ***","6,7 tỷ",159 m²,"42,14 tr/m²",4,3,"Dương Nội, Hà Đông","20.98082090322582, 105.75448048640835"
42289141,27/02/2025,"Bán gấp căn hộ CC KĐT Xa La, 4,55 tỷ, 105m2, 3PN, 2WC, nội thất đầy đủ","4,55 tỷ",105 m²,"43,33 tr/m²",3,2,"Phúc La, Hà Đông","20.962118308039294, 105.79186274163423"
42288974,27/02/2025,Bán căn hộ 3Pn Chung cư The Pride,Giá thỏa thuận,90 m²,N/A,3,2,"La Khê, Hà Đông","20.975910146532637, 105.76226003705646"
42288517,27/02/2025,"Bán suất ngoại giao The Charm An Hưng, 76 m2, 2PN, 2WC, 20% ký hdmb, tầng trung, view lake",Giá thỏa thuận,76 m²,N/A,2,2,"La Khê, Hà Đông","20.974651442204753, 105.7611661795615"
42288474,27/02/2025,"Chỉ 3,75 tỷ! Chính chủ bán rẻ, gấp căn hộ 73m2, 2 pn The Pride, Hà Đông. Đủ nội thất vào ở ngay","3,75 tỷ",73 m²,"51,37 tr/m²",2,2,"La Khê, Hà Đông","20.976062759037024, 105.7616844576867"
39160770,27/02/2025,Cần bán nhanh CC nhà ở cao cấp 89 Phùng Hưng. Căn 3 ngủ 2VS. Diện tích 82m2. Phùng Hưng Hà Đông,Giá thỏa thuận,82 m²,N/A,3,2,"Phúc La, Hà Đông","20.9700317382813, 105.785026550293"
39486418,27/02/2025,"Bán penthouse Rainbow Văn Quán, dt 400m2, căn góc view thoáng. LH Kiều Thuý 0949 170 ***",Giá thỏa thuận,384 m²,N/A,N/A,N/A,"Văn Quán, Hà Đông","20.974458694458008, 105.7877426147461"
41735120,27/02/2025,"Anh mình đang cần thanh khoản căn 2 ngủ Samsora, 72M, giá chào 4.1T",Giá thỏa thuận,81 m²,N/A,N/A,N/A,"Quang Trung, Hà Đông","20.973217, 105.778854"
42288196,27/02/2025,"Bán CC The Pride, Tố Hữu, Hà Đông, 4,95 tỷ, 103m2, view đẹp siêu hot","4,95 tỷ",103 m²,"48,06 tr/m²",3,2,"La Khê, Hà Đông","20.976266708713585, 105.76114340448234"
42288073,27/02/2025,"Bán căn hộ chung cư Mulberry Lane, 8 tỷ VND, 154 m2, 3PN, 2WC, giá ưu đãi Lh 24/24h ngay 0945 566 ***",8 tỷ,154 m²,"51,95 tr/m²",3,2,"Mỗ Lao, Hà Đông","20.98711778351211, 105.78654467449996"
41953991,27/02/2025,"Mở bán toà Charm An Hưng, Tố Hữu, Hà Đông","5,5 tỷ",75 m²,"73,33 tr/m²",2,2,"La Khê, Hà Đông","20.974937934145032, 105.76134225834191"
42287900,27/02/2025,"Cực hiếm căn hộ Mulberry - Mỗ Lao, Hà Đông, 129m2 7.85 tỷ, mới đẹp 4 ngủ - slot ô tô, full nội thât","7,85 tỷ",129 m²,"60,85 tr/m²",4,2,"Mỗ Lao, Hà Đông","20.985807280497305, 105.78655603043559"
42287847,27/02/2025,"Bán căn 90m2 - 3PN Anland 1, tầng đẹp, full nội thất, giá 5,5 tỷ. Lh 0963 225 ***","5,5 tỷ",90 m²,"61,11 tr/m²",3,2,"La Khê, Hà Đông","20.976149161593654, 105.76137847759733"
42287805,27/02/2025,"Chính chủ bán căn 2PN-74m2 Anland LakeView giá 4,6 tỷ, nhà đẹp, tầng trung, LH 0963 225 ***","4,6 tỷ",74 m²,"62,16 tr/m²",2,2,"Dương Nội, Hà Đông","20.983049001734717, 105.75669317195644"
38493226,27/02/2025,Chính chủ cần bán nhanh căn 3PN 2VS diện tích 90m2 CC Anland LakeView giá 6 tỷ LH 0967 506 ***,6 tỷ,100 m²,60 tr/m²,3,2,"Dương Nội, Hà Đông","20.9830436706543, 105.757339477539"
42187195,27/02/2025,"Bán chung cư Anland Lakeview 2PN 2VS diện tích 74m2 tầng 1x nhà mới đẹp giá 4,6 tỷ LH 0967 506 ***","4,6 tỷ",74 m²,"62,16 tr/m²",2,2,"Dương Nội, Hà Đông","20.98302601612238, 105.7573485023267"
42186358,27/02/2025,"Bán chung cư Anland Premium 3PN 2VS diện tích 74m2, sẵn sổ, nhà mới đẹp giá 4,8 tỷ LH 0967 506 ***","4,8 tỷ",74 m²,"64,86 tr/m²",3,2,"La Khê, Hà Đông","20.97720359934207, 105.76185517618997"
42287618,27/02/2025,"Bán CC 98m2 (3PN, 2WC) tại The Pride, Tố Hữu, La Khê, Hà Đông. Giá 5 tỷ",5 tỷ,98 m²,"51,02 tr/m²",3,2,"La Khê, Hà Đông","20.975318624985, 105.761393917556"
42287610,27/02/2025,Bán gấp căn góc 84m2 2PN 2WC BC Đông Nam Nam Xa La full nội thất đẹp hướng mát 0943 554 *** (miễn MG),"2,8 tỷ",84 m²,"33,33 tr/m²",2,2,"Phúc La, Hà Đông","20.9597047370688, 105.794445769034"
42287473,27/02/2025,"Bán gấp căn 54m 2 ngủ tòa CT7F The Spark Dương Nội 2,89 tỷ 0943 554 *** (miễn trung gian)","2,89 tỷ",54 m²,"53,52 tr/m²",2,1,"Dương Nội, Hà Đông","20.979238399224933, 105.74372402446228"
42287442,27/02/2025,GD cần bán gấp căn góc 112m2 (3N 2W) đẹp nhất dự án HPC Landmark 105. Giá 5tỷ850,"5,85 tỷ",112 m²,"52,23 tr/m²",3,3,"La Khê, Hà Đông","20.9736671447754, 105.758712768555"
42013914,27/02/2025,"Bán căn hộ TSQ, Mỗ Lao, Hà Đông, Hà Nộ 123m2(3n2vs). Tầng trung view hồ. Sẵn sổ","6,76 tỷ",123 m²,55 tr/m²,3,2,"Mỗ Lao, Hà Đông","20.9781186717867, 105.783519141664"
41361167,27/02/2025,Hiếm! Bán căn 2PN 2WC - 74m2 - CC Booyoung NT full giá 4.7 tỷ SĐCC,"4,7 tỷ",74 m²,"63,51 tr/m²",2,2,"Mỗ Lao, Hà Đông","20.983375549316406, 105.78353118896484"
41956399,27/02/2025,Căn 3PN 2WC - 107m2 - CC Booyoung tầng trung NT cơ bản giá 6.5 tỷ BP có TL,"6,5 tỷ",107 m²,"60,75 tr/m²",3,2,"Mỗ Lao, Hà Đông","20.98316379476579, 105.78323492741353"
42287232,27/02/2025,"Bán nhanh căn 54m2 1,5 ngủ 1 vs ban công Nam, full đồ 2.5 tỷ 0943 554 *** (miễn trung gian)","2,5 tỷ",54 m²,"46,3 tr/m²",2,1,"Yên Nghĩa, Hà Đông","20.959754270482, 105.741893175819"
42287048,27/02/2025,"Chính thức mở bán căn hộ The Charm An Hưng, quý 4 2025 bàn giao nhận nhà ở ngay. Lh 0924 199 ***",Giá thỏa thuận,54 m²,N/A,2,N/A,"La Khê, Hà Đông","20.97470254202517, 105.76071376434612"
42185792,27/02/2025,RẺ NHẤT TOÀ !!! NHỈNH HƠN 2 TỶ CÓ NGAY CĂN 2 NGỦ FULL ĐỒ SĐCC TẠI CC XUÂN MAI COMPLEX CHỈ VIỆC VỀ Ở,Giá thỏa thuận,50 m²,N/A,2,1,"Yên Nghĩa, Hà Đông","20.959314821715825, 105.74106353344767"
42282079,27/02/2025,"Bán gấp căn hộ 65m2 - 2pn, 1wc - full nội thất - giá 3.6x tỷ - Xuân Mai Tower, Tô Hiệu, Hà Đông","3,65 tỷ",65 m²,"56,15 tr/m²",2,1,"Hà Cầu, Hà Đông","20.9623692524535, 105.77352500941622"
42185427,27/02/2025,"CỰC RẺ GIÁ NÀO CŨNG BÁN !!! GIA ĐÌNH TÔI CẦN BÁN NHANH CĂN 2 NGỦ FULL ĐỒ ĐẸP , SĐCC TẠI CC CT7",Giá thỏa thuận,56 m²,N/A,2,1,"Dương Nội, Hà Đông","20.979809031413787, 105.74390394520948"
42286966,27/02/2025,"Mở bán đợt 1 căn hộ chung cư hot nhất quận Hà Đông, lh 0962 231 *** nhận báo giá &chính sách tốt nhất",Giá thỏa thuận,54 m²,N/A,2,1,"La Khê, Hà Đông","20.9750942990335, 105.760857094871"
42286806,27/02/2025,"Bán CC Samsora Premier, 4,5 tỷ, 71m2, 2PN, 2WC, pháp lý đầy đủ","4,5 tỷ",71 m²,"63,38 tr/m²",2,2,"Quang Trung, Hà Đông","20.9751019603908, 105.776791316129"
42286546,27/02/2025,"Bán căn hộ chung cư Samsora Premier, 4,95 tỷ, 80m2, 3PN, 2WC tại Hà Đông, Hà Nội","4,95 tỷ",80 m²,"61,88 tr/m²",3,2,"Quang Trung, Hà Đông","20.975368808118446, 105.77643734960357"
42286717,27/02/2025,"Giảm sâu CH 70 m2, 2PN full nội thất chung cư SDU 143 Trần Phú, Hà Đông giá 2.8 tỷ (miễn MG)","2,8 tỷ",57 m²,"49,12 tr/m²",2,2,"Văn Quán, Hà Đông","20.97731590271, 105.784957885742"
41755004,27/02/2025,"Cần bán gấp CH 141m2 3pn 2wc giá 4.5 tỷ nhận nhà ở ngay tại Hồ Gươm Plaza, Trần Phú, Mỗ Lao Hà Đông",Giá thỏa thuận,141 m²,N/A,3,2,"Mỗ Lao, Hà Đông","20.9792900085449, 105.785461425781"
42283764,27/02/2025,"Chuyên căn hộ The Charm An Hưng 54m2, 72m2, 76m2, 78m2",Giá thỏa thuận,72 m²,N/A,2,2,"La Khê, Hà Đông","20.97520767479195, 105.76026867416263"
40600116,27/02/2025,"Bán căn hộ Xuân Mai Tô Hiệu: 73m2, 3pn, 2wc - view bể bơi, full nội thất, chủ nhà thiện chí","4,36 tỷ",73 m²,"59,73 tr/m²",2,2,"Hà Cầu, Hà Đông","20.962711, 105.77343"
40182688,27/02/2025,"Bán gấp 72m2 2PN 2VS SĐCC tầng trung, giá 2,8x tỷ tại The Vesta Hà Đông",Giá thỏa thuận,72 m²,N/A,2,2,"Phú Lãm, Hà Đông","20.9463310241699, 105.755783081055"
39166722,27/02/2025,Mới! Chính chủ bán gấp CC S: 54m2 2N giá chỉ từ 2 tỷ tại PCC1 Complex Hà Đông,Giá thỏa thuận,54 m²,N/A,2,1,"Phú Lương, Hà Đông","20.952799499318573, 105.7575121767843"
41069098,27/02/2025,"Hot! Cần bán gấp căn duplex thông tầng 337m2, 5PN có sân vườn view hồ Văn Quán. 0987 459 ***","18,5 tỷ",337 m²,"54,9 tr/m²",5,4,"Văn Quán, Hà Đông","20.979644775390625, 105.79234313964844"
41924498,27/02/2025,"Cần bán CH 107m2 CC Booyoung - Mỗ Lao, tầng đẹp, full nội thất, slot ôtô, 3PN, view đẹp. 0987 459 ***","6,5 tỷ",107 m²,"60,75 tr/m²",3,2,"Mỗ Lao, Hà Đông","20.983148420883523, 105.78397013706692"
42275706,27/02/2025,"Bán căn hộ chung cư 57m2 tại Mipec City View, Hà Đông, 3,18 tỷ","3,18 tỷ",57 m²,"55,79 tr/m²",2,2,"Kiến Hưng, Hà Đông","20.952539552778592, 105.79032961922546"
42171955,27/02/2025,"Bán CC 2PN, 2WC, giá siêu hời chỉ với 3,x tỷ tại CT5 - KĐT Xa La, P Phúc La, Hà Đông, HN","3,39 tỷ",75 m²,"45,2 tr/m²",2,2,"Phúc La, Hà Đông","20.96299302627034, 105.79303940118542"
42285886,27/02/2025,"Bán căn hộ Tòa Tháp Thiên Niên Kỷ, 6 tỷ, 100m2, 3PN, 2WC, Quang Trung, Hà Đông, Hà Nội",6 tỷ,100 m²,60 tr/m²,3,2,"Quang Trung, Hà Đông","20.9729491506225, 105.778368430237"
42285733,27/02/2025,"Chính thức nhận booking căn hộ The Charm An Hưng, nhanh tay sở hữu căn 2PN DT 54m2 duy nhất/sàn",Giá thỏa thuận,54 m²,N/A,2,1,"La Khê, Hà Đông","20.9750942990335, 105.760857094871"
42285565,27/02/2025,"Rẻ ơi là rẻ! Chính chủ cần bán nhanh căn 2 ngủ full đồ, sđcc đẹp nhất toà CT3 Xa La Chỉ việc ở",Giá thỏa thuận,63 m²,N/A,2,2,"Phúc La, Hà Đông","20.961804066475, 105.792736296333"
42285417,27/02/2025,"Bán CC tại Mipec City View, nhỉnh 3 tỷ, căn góc 69m2, giá tốt, view đẹp",Giá thỏa thuận,69 m²,N/A,2,2,"Kiến Hưng, Hà Đông","20.953107488651586, 105.78992921143292"
42285620,27/02/2025,"Bán gấp căn 94.5m2 3 ngủ CC The Pride, Tố Hữu, La Khê, Hà Đông, 4,8 tỷ 0943 554 *** (miễn trung gian)","4,8 tỷ","94,5 m²","50,79 tr/m²",3,2,"La Khê, Hà Đông","20.975667425499203, 105.76152584297252"
42284657,27/02/2025,Hàng hiếm tại Tòa Tháp Thiên Niên Kỷ căn góc view đường trên cao DT 120m2 3 ngủ 2 VS giá 7 tỷ,7 tỷ,120 m²,"58,33 tr/m²",3,2,"Quang Trung, Hà Đông","20.973250398518, 105.777650070006"
42186545,27/02/2025,"CHÍNH CHỦ BÁN CĂN GÓC 2 NGỦ CỰC ĐẸP - KHẨU KIẾN HƯNG HÀ ĐÔNG- 2N 2VS, TẶNG NỘI THẤT",Giá thỏa thuận,64 m²,N/A,2,2,"Kiến Hưng, Hà Đông","20.939613352227251, 105.78684433954705"
42186940,27/02/2025,"Rẻ nhất CT5 Xa La, Hà Đông. Bán CH 2 ngủ 80m2. Đầy đủ nội thất. Cân tìm chủ mới hữu duyên",Giá thỏa thuận,80 m²,N/A,2,2,"Phúc La, Hà Đông","20.962643313735743, 105.79275087684734"
42285274,27/02/2025,"Chính chủ bán gấp CHCC 74,5m2 2PN CT4 Văn Khê, Hà Đông. Full Nội Thất Đẹp Ở Ngay. Giá chỉ 3,5x tỷ","3,59 tỷ",75 m²,"47,87 tr/m²",2,2,"La Khê, Hà Đông","20.97270089026234, 105.76104875125398"
42284037,27/02/2025,"Bán chung cư Xuân Mai 63m2, giá 3.x tỷ. Liên hệ: 0862 639 ***",Giá thỏa thuận,63 m²,N/A,2,2,"Yên Nghĩa, Hà Đông","20.95980572902755, 105.74178443567494"
42284674,27/02/2025,Bán căn Hộ Sông Đà mặt phố trần phú Hà Đông 95 m2 3 phòng ngủ,"5,2 tỷ",95 m²,"54,74 tr/m²",3,2,"Mỗ Lao, Hà Đông","20.9749401564714, 105.785811757431"
42271822,27/02/2025,"Tôi không có nhu cầu ở nên Cần Bán Lại Căn 69m 2N 2VS CT5 KĐT Xa La, Hà Đông:","3,1 tỷ",69 m²,"44,93 tr/m²",2,2,"Phúc La, Hà Đông","20.96212077535456, 105.79206820079773"
42284692,27/02/2025,"Cần bán căn hộ Seasons 2 ngủ 72,2m2, sổ đỏ, full đồ, slot ô tô. LH 0983 816 *** Chị Lân 0983 816 ***","5,6 tỷ","72,2 m²","77,56 tr/m²",2,N/A,"Mỗ Lao, Hà Đông","20.987079012624186, 105.78664393700298"
41454519,27/02/2025,"(Giá thật) chính chủ bán gấp căn hộ 89m2 tại Hồ Gươm Plaza, 2N 2W tầng trung, full nội thất, 4,9 tỷ","4,9 tỷ",89 m²,"55,06 tr/m²",2,2,"Mỗ Lao, Hà Đông","20.9792900085449, 105.785461425781"
42284474,27/02/2025,"Bán Nhanh CH Usilk City 4,8 tỷ 94m2 3 ngủ La Khê, Hà Đông SDCC(miễn trung gian)","4,8 tỷ",94 m²,"51,06 tr/m²",3,N/A,"La Khê, Hà Đông","20.974269342623327, 105.76115525478184"
42282262,27/02/2025,"Chính chủ Bán CC GoldSilk Complex, 6,8 tỷ, 120m2, 3PN, 2WC, p.Vạn Phúc, Q.Hà Đông, HN","6,8 tỷ",120 m²,"56,67 tr/m²",3,2,"Vạn Phúc, Hà Đông","20.97893080576681, 105.772780845598"
35138438,27/02/2025,"Gia đình bán căn hộ chung cư Xuân Mai Tower Tô Hiệu cạnh Metro, DT 57m2 gồm 2PN, giá 3.2 tỷ","3,2 tỷ",57 m²,"56,14 tr/m²",2,1,"Hà Cầu, Hà Đông","20.9627113342285, 105.773429870605"
42283226,27/02/2025,"Bán căn chung cư 197 Trần Phú Hà Đông. Dt 71m2 2n - 2wc, hướng cửa Đông Nam, bàn giao full nội thất","4,05 tỷ",72 m²,"56,25 tr/m²",2,2,"Văn Quán, Hà Đông","20.9794831904194, 105.78743756458"
42283108,27/02/2025,Bán căn 75m2 chung cư Xa La Hà Đông,"2,85 tỷ",75 m²,38 tr/m²,2,2,"Phúc La, Hà Đông","20.962682008954, 105.792236934124"
42283013,27/02/2025,Chính chủ mình bán căn hộ Xuân Mai Tower - CT2 Tô Hiệu - Hà Đông,Giá thỏa thuận,74 m²,N/A,2,2,"Hà Cầu, Hà Đông","20.962926149579, 105.773300776686"
41722072,27/02/2025,"Bán chung cư 197 Trần Phú, diện tích 72m2, 2 phòng ngủ",4 tỷ,72 m²,"55,56 tr/m²",2,2,"Văn Quán, Hà Đông","20.979809, 105.78757"
40008992,27/02/2025,"Tôi bán căn hộ 89 Phùng Hưng, Hà Đông, 82m2, 3 phòng ngủ, 2 vệ sinh, giá tốt","4,29 tỷ",82 m²,"52,32 tr/m²",3,2,"Phúc La, Hà Đông","20.97012249418629, 105.78508342434901"
42282605,27/02/2025,"Bán nhanh căn 68m2 đẹp tại CT6 KĐT Xa La, 2.65 tỷ, 2PN, 2WC, pháp lý sổ đỏ lâu dài","2,65 tỷ",68 m²,"38,97 tr/m²",2,2,"Phúc La, Hà Đông","20.962499593514497, 105.7926630747659"
42174465,27/02/2025,"Nhà ĐẸP chính chủ gửi bán gấp CH CT7 Dương Nội 53m2, 2N 2VS, full đồ. Giá chỉ 3.x tỷ vào ở luôn",Giá thỏa thuận,53 m²,N/A,2,2,"Dương Nội, Hà Đông","20.980406897415055, 105.74451597802972"
42282424,27/02/2025,"Bán CC Sails Tower, Cầu Bươu, 2,49 tỷ, 47m2, 2PN, 1WC, Sổ đỏ lâu dài","2,49 tỷ",47 m²,"52,98 tr/m²",2,1,"Kiến Hưng, Hà Đông","20.960814546582945, 105.79863343328951"
42282325,27/02/2025,"Bán căn hộ ICID Complex Lê Trọng Tấn gần Aeonmall Hà Đông Vinsmart 3,7 tỷ, 67m2, 2PN 2WC","3,7 tỷ",67 m²,"55,22 tr/m²",2,2,"Dương Nội, Hà Đông","20.98142234933767, 105.74219310702753"
42282308,27/02/2025,"Em chính chủ cần bán chung cư Hưng Thịnh, Kiến Hưng. Căn góc, 60m2, thoáng, giá rẻ nhất khu vực","2,65 tỷ",60 m²,"44,17 tr/m²",2,1,"Kiến Hưng, Hà Đông","20.953623059472566, 105.78460549367327"
42139105,27/02/2025,"Bán gấp căn hộ 86m2, 2PN, 2WC giá tốt tại KĐTM Dương Nội, Hà Đông, Hà Nội","3,7 tỷ",86 m²,"43,02 tr/m²",2,2,"Dương Nội, Hà Đông","20.980720952990463, 105.75546037211586"
39908438,27/02/2025,"Siêu phẩm căn hộ 64m2 2PN, 2VS, SĐCC, tại tòa CT3 Yên Nghĩa nội thất đẹp tầng trung, nhà đẹp",Giá thỏa thuận,64 m²,N/A,2,1,"Yên Nghĩa, Hà Đông","20.9555130004883, 105.744644165039"
41968164,27/02/2025,"Bán căn hộ chung cư CT3 Yên Nghĩa, giá thỏa thuận, 70m2, 3PN, đầy đủ nội thất tại Hà Đông, Hà Nội",Giá thỏa thuận,70 m²,N/A,3,2,"Yên Nghĩa, Hà Đông","20.955867503676487, 105.7450974890697"
41523686,27/02/2025,"Cần bán căn hộ 2PN, 56m2 tại tòa CT7 HJK Park View Residence, KĐTM Dương Nội, Hà Đông, Hà Nội",Giá thỏa thuận,56 m²,N/A,2,2,"Dương Nội, Hà Đông","20.9643268585205, 105.749549865723"
42282252,27/02/2025,"Chính chủ bán căn hộ 2PN chỉ 2,6 tỷ, 70m2 view hồ điều hòa Khu đô thị Thanh Hà, Hà Đông, Hà Nội","2,6 tỷ",70 m²,"37,14 tr/m²",2,2,"Kiến Hưng, Hà Đông","20.9396775621776, 105.786554607579"
42175177,27/02/2025,"Chủ nhà cần tiền bán gấp căn hộ DT 74m2 thiết kế 2pn, 2wc full đồ tầng trung hướng mát","4,5 tỷ",74 m²,"60,81 tr/m²",2,2,"La Khê, Hà Đông","20.973353678921885, 105.7573429980125"
42173437,27/02/2025,"Bán CC tại Khu nhà ở Hưng Thịnh căn Thương Mại, 2,95 tỷ, 70m2, 2PN + 2 WC, có giá là bán","2,95 tỷ",70 m²,"42,14 tr/m²",2,1,"Kiến Hưng, Hà Đông","20.95347325532656, 105.784808709872"
42165467,27/02/2025,"Nhà em chính chủ cần bán căn góc 66m2 CT6A Xa La, sổ đỏ chính chủ đẹp nhất tòa",Giá thỏa thuận,66 m²,N/A,2,2,"Phúc La, Hà Đông","20.962282490490523, 105.7920590245676"
42173591,27/02/2025,"Bán CC Xuân Mai Complex, Đ.Tố Hữu, Yên Nghĩa, Hà Đông, Hà Nội, giá thỏa thuận, 47m2",Giá thỏa thuận,47 m²,N/A,2,1,"Yên Nghĩa, Hà Đông","20.95922488677659, 105.74164279172477"
42180306,27/02/2025,"Bán chung cư Euro Land TSQ Làng Việt Kiều Châu Âu tầng cao 176,5m 4PN full đồ ban công ĐN",Giá thỏa thuận,"176,5 m²",N/A,4,2,"Mỗ Lao, Hà Đông","20.983038323540963, 105.7851861852304"
42281682,27/02/2025,"Bán căn hộ M1 Mipec City View, 3,19 tỷ, 57m2, 2PN, 1WC, Kiến Hưng, Hà Đông, Hà Nội","3,19 tỷ",57 m²,"55,96 tr/m²",2,1,"Kiến Hưng, Hà Đông","20.9525317749946, 105.790243096258"
40001344,27/02/2025,"Cần bán nhanh căn 95m2 (3PN, 2VS) - The Pride - Full đồ. Giá 4,x tỷ",Giá thỏa thuận,95 m²,N/A,3,2,"La Khê, Hà Đông","20.9760246276855, 105.761596679688"
38363973,27/02/2025,"Bán nhanh căn hoa hậu 103m2 CT2 - The Pride - Tầng trung - Giá 4,x tỷ full đồ đẹp",Giá thỏa thuận,103 m²,N/A,3,3,"La Khê, Hà Đông","20.9760246276855, 105.761596679688"
42281685,27/02/2025,"Chính chủ cần bán căn 3PN 2VS Trung tâm Mỗ Lao, Hà Đông, lô góc, full nội thất, chưa đến 6 tỷ","5,98 tỷ",126 m²,"47,46 tr/m²",3,2,"Mỗ Lao, Hà Đông","20.9825688974319, 105.790109896506"
42281405,27/02/2025,"Bán gấp 2 ngủ 58m2 Fodacon Bắc Hà 3,2 tỷ nhỏ xinh giá hợp lý sẵn sổ sang tên lh 0982 764 ***","3,2 tỷ",58 m²,"55,17 tr/m²",2,1,"Mỗ Lao, Hà Đông","20.9816740752914, 105.789911922113"
42281503,27/02/2025,Chính chủ gửi bán - căn hộ tại Anland Lake View Hà Đông,"4,65 tỷ",76 m²,"61,18 tr/m²",2,2,"Dương Nội, Hà Đông","20.983208840231704, 105.75673569534206"
41921812,27/02/2025,"Bán CC 72m2, 4,15 tỷ tại Trần Phú, Hà Đông, Hà Nội","4,15 tỷ",72 m²,"57,64 tr/m²",2,2,"Văn Quán, Hà Đông","20.9798058883336, 105.787913779513"
42108020,27/02/2025,Không có nhu cầu ở chính chủ cần bán căn hộ 86m2 tại CT8 nhà nguyên bản khách về tự làm nội thất,Giá thỏa thuận,86 m²,N/A,2,2,"Dương Nội, Hà Đông","20.979986279718663, 105.74382938642663"
42281298,27/02/2025,"Cần bán căn hộ chung cư Goldsilk Vạn Phúc Full nội thất, dọn vào ở ngay - dt 73.9m2, 2 ngủ, 2wc",Giá thỏa thuận,"73,9 m²",N/A,2,2,"Vạn Phúc, Hà Đông","20.978521472444694, 105.77176433653328"
42138835,27/02/2025,"Chấp nhận cắt lỗ căn hộ 70.4m2, 2PN đầy đủ nội thất chung cư Nam Xa La, Phúc La, Hà Đông","3,35 tỷ","70,4 m²","47,58 tr/m²",2,2,"Phúc La, Hà Đông","20.9612568312576, 105.79463362161373"
42102265,27/02/2025,Không có nhu cầu ở chính chủ cần bán nhanh căn hộ 62m căn góc nhiều mặt thoáng tại CT7HJK Dương Nôi,"3,05 tỷ",62 m²,"49,19 tr/m²",2,2,"Dương Nội, Hà Đông","20.9648546177804, 105.749536166831"
37201186,27/02/2025,Chính chủ bán căn 86m2 CT8 TK 3 ngủ 2 wc Dương Nội giá 3 tỷ xy 0383 677 ***,Giá thỏa thuận,86 m²,N/A,3,2,"Dương Nội, Hà Đông","20.9798679351807, 105.743919372559"
41376089,27/02/2025,"Bán căn hộ chung cư 2 PN, 2 PT, 67m2 tại SDU 143 Trần Phú, giá 3,29 tỷ vnd","3,4 tỷ",67 m²,"50,75 tr/m²",2,2,"Văn Quán, Hà Đông","20.97731590271, 105.784957885742"
42281279,27/02/2025,Nhà đẹp không khó - đã có Xuân Mai Riverside Mỗ Lao 98m2 3PN giá 5. X tỷ (có thương lượng),"5,5 tỷ",98 m²,"56,12 tr/m²",3,2,"Mỗ Lao, Hà Đông","20.985947392637318, 105.77950719264516"
41779146,27/02/2025,Chính chủ bán căn 53m2 tầng đẹp tòa CT4 KĐT Xa La - ban công Đông Nam - giá cực tốt chỉ có 2.5 tỷ,"2,5 tỷ",53 m²,"47,17 tr/m²",1,1,"Phúc La, Hà Đông","20.9623172846564, 105.791638775023"
42281398,27/02/2025,Bán căn hộ Victoria Văn Phú Hà Đông,Giá thỏa thuận,97 m²,N/A,2,2,"Phú La, Hà Đông","20.959345018682846, 105.76796046857315"
42281387,27/02/2025,"Bán CC Xuân Mai Tower 3,2 tỷ, 57m2, 2PN, 2WC tại Hà Cầu, Hà Đông","3,2 tỷ",57 m²,"56,14 tr/m²",2,2,"Hà Cầu, Hà Đông","20.9627600034688, 105.772853132023"
42281376,27/02/2025,"Bán căn hộ chung cư 4,6 tỷ, 86 m2 tại Văn Phú Victoria, Lê Trọng Tấn, Hà Đông, Hà Nội giá ưu đãi","4,6 tỷ",86 m²,"53,49 tr/m²",3,2,"Phú La, Hà Đông","20.959636771038788, 105.76860555086732"
42147689,27/02/2025,"Bán gấp 2 ngủ 58m Fodacon Bắc Hà 3,2 tỷ nhỏ xinh giá hợp lý sẵn sổ sang tên lh 0982 764 ***","3,2 tỷ",58 m²,"55,17 tr/m²",2,1,"Mỗ Lao, Hà Đông","20.981674075291387, 105.78991192211294"
41028458,27/02/2025,"Bán căn 2pn CT12 Văn Phú, căn góc 77m2 giá chỉ hơn 4 tỷ. Lh 0985 138 ***",Giá thỏa thuận,77 m²,N/A,2,2,"Phú La, Hà Đông","20.958282470703125, 105.76719665527344"
40475378,27/02/2025,"Chính chủ bán căn 121m2, 4pn, 3vs CT2 Yên Nghĩa, giá 4,x tỷ. Lh 0985 138 ***",Giá thỏa thuận,121 m²,N/A,4,3,"Yên Nghĩa, Hà Đông","20.9540576934814, 105.740982055664"
42062615,27/02/2025,"Bán CC Mipec City View, 55m2, giá thỏa thuận, view đẹp, 2PN, 1WC tại Kiến Hưng, Hà Đông",Giá thỏa thuận,55 m²,N/A,2,1,"Kiến Hưng, Hà Đông","20.9520619912528, 105.789886794832"
42281349,27/02/2025,"Bán CC The K Park, Lê Trọng Tấn, 4,35 tỷ, 68m2, 2PN, 2WC, siêu hot","4,35 tỷ",68 m²,"63,97 tr/m²",2,2,"Phúc La, Hà Đông","20.960128473652, 105.79204817780646"
42281081,27/02/2025,"Căn 2 ngủ chung cư Kepler Land Mỗ Lao, Chủ đầu tư TSQ Việt Nam",Giá thỏa thuận,70 m²,N/A,2,2,"Mỗ Lao, Hà Đông","20.985109593251888, 105.78011787683434"
42281343,27/02/2025,"Bán CC La Casta Văn Phú, 5,1 tỷ, 68m2, 2PN + 2WC tại Hà Đông, giá tốt","5,1 tỷ",68 m²,75 tr/m²,2,2,"Phú La, Hà Đông","20.9637442239516, 105.763028810982"
42148948,27/02/2025,"Bán gấp 2 ngủ 58m Fodacon Bắc Hà 3,2 tỷ nhà đẹp về ở sẵn sổ sang tên lh 0982 764 ***","3,2 tỷ",58 m²,"55,17 tr/m²",2,1,"Mỗ Lao, Hà Đông","20.981674075291387, 105.78991192211294"
42280984,27/02/2025,"Bán gấp căn hộ đẹp 3PN, 2WC tại Xuân Mai Riverside, Thanh Bình, Hà Đông, giá thỏa thuận",Giá thỏa thuận,98 m²,N/A,3,2,"Mỗ Lao, Hà Đông","20.985048007448874, 105.77827074721802"
33559269,27/02/2025,"Gia đình cần bán căn hộ 2pn 2vs 97m2 Victoria Văn Phú, nhà Đông Nam hướng mát, lh 0985 138 ***",Giá thỏa thuận,97 m²,N/A,2,2,"Phú La, Hà Đông","20.9599075317383, 105.768196105957"
42149092,27/02/2025,"Bán gấp 2 ngủ 58m Fodacon Bắc Hà 3,2 tỷ nhỏ xinh giá hợp lý sẵn sổ sang tên lh 0982 764 ***","3,2 tỷ",58 m²,"55,17 tr/m²",2,1,"Mỗ Lao, Hà Đông","20.981674075291387, 105.78991192211294"
42150153,27/02/2025,"Bán gấp 2 ngủ 52m2 tòa SDU 143 Trần Phú tầng trung nhà đẹp chỉ 2, x tỷ. LH 0982 764 ***",Giá thỏa thuận,52 m²,N/A,2,2,"Văn Quán, Hà Đông","20.97714229287731, 105.7840539715434"
42149041,27/02/2025,"Bán gấp 2 ngủ 52m2 tòa SDU 143 Trần Phú tầng trung nhà đẹp chỉ 2, x tỷ. LH 0982 764 ***",Giá thỏa thuận,52 m²,N/A,2,2,"Văn Quán, Hà Đông","20.97721188377584, 105.78538770345737"
42280920,27/02/2025,"Bán CC tại SDU - 143 Trần Phú, Hà Đông, 67m2, giá thỏa thuận, 2PN, 2WC, hot! Uy tín",Giá thỏa thuận,67 m²,N/A,2,2,"Văn Quán, Hà Đông","20.97715828686358, 105.78516291688689"
41973019,27/02/2025,"Bán căn hộ tòa SDU 143 Trần Phú Hà Đông - ngay ga Văn Quán - dt 68m2, 2 ngủ 2wc. Giá 3.1 tỷ","3,1 tỷ",68 m²,"45,59 tr/m²",2,2,"Văn Quán, Hà Đông","20.9780354755723, 105.784751636705"
42280853,27/02/2025,"Bán chung cư Nàng Hương tại 583 Nguyễn Trãi đối diện chợ phùng khoang 140 m2 3 ngủ 2vs giá 7,7 tỷ","7,7 tỷ",140 m²,55 tr/m²,3,2,"Văn Quán, Hà Đông","20.98645723378865, 105.79563527098894"
42281099,27/02/2025,Tôi chính chủ cần bán CH 2 ngủ 2WC DT 57m2 tòa M1 Mipec Kiến Hưng Hà Đông full đồ sẵn sổ giá rẻ,3 tỷ,"57,2 m²","52,45 tr/m²",2,2,"Kiến Hưng, Hà Đông","20.953042874037088, 105.78975692502812"
42281072,27/02/2025,"Hàng Độc tại CT4 Tòa Booyoung Mỗ Lao 4.7 tỷ vnd, 75m2, hướng cửa Đông Bắc, ban công Tây Nam","4,7 tỷ",75 m²,"62,67 tr/m²",2,2,"Mỗ Lao, Hà Đông","20.983016646980243, 105.7834440216907"
41785126,27/02/2025,BÁN CĂN HỘ 3 PHÒNG NGỦ - CHUNG CƯ CT1 XA LA - 100M2 - FULL NỘI THẤT- SỔ ĐỎ - GIÁ CHỈ 4.1X TỶ,Giá thỏa thuận,100 m²,N/A,3,2,"Phúc La, Hà Đông","20.9624856226271, 105.792373181137"
42280737,27/02/2025,Chính chủ bán căn hộ toà HTT 89 Phùng Hưng - Hà Đông,"4,8 tỷ",96 m²,50 tr/m²,3,2,"Phúc La, Hà Đông","20.9700062179675, 105.784912315865"
42155788,27/02/2025,"Chính chủ bán gấp căn hộ 3PN + 2WC tại chung cư CT1 KĐT Xa La, 4 tỷ, 90m2, Hà Đông, HN",4 tỷ,90 m²,"44,44 tr/m²",3,2,"Phúc La, Hà Đông","20.962526451098576, 105.79217493826863"
42157706,27/02/2025,Chính chủ bán căn 3 ngủ tòa CT6 KĐT Xa La - sổ hồng chính chủ - nội thất đầy đủ - giá 3.5 tỷ,"3,5 tỷ",83 m²,"42,17 tr/m²",3,2,"Phúc La, Hà Đông","20.962634627109896, 105.79251347498314"
42156925,27/02/2025,"Bán CC 62m2, 2PN, 2WC tại CT6 KĐT Xa La, 2,7 tỷ, Hà Đông, Hà Nội - Sổ hồng sẵn sàng giao dịch ngay","2,7 tỷ",62 m²,"43,55 tr/m²",2,2,"Phúc La, Hà Đông","20.962297428484028, 105.7921569229642"
42280656,27/02/2025,"Bán CC 2PN, 1WC tại KĐT Xa La, chỉ nhỉnh 2,7 tỷ, 58m2, Phúc La, Hà Đông, Hà Nội","2,74 tỷ",58 m²,"47,24 tr/m²",2,1,"Phúc La, Hà Đông","20.9625547334231, 105.792307023274"
42280909,27/02/2025,"Bán CC 2PN, 2WC, 73m2 tại The Pride, Tố Hữu, La Khê, Hà Đông, 3,75 tỷ","3,75 tỷ",73 m²,"51,37 tr/m²",2,2,"La Khê, Hà Đông","20.97589849807768, 105.76155555070343"
40671522,27/02/2025,"Cần bán gấp căn hộ HH2F Xuân Mai Complex, Dương Nội 62m2 - 2PN, 2WC, giá chỉ 3,1x tỷ LH: 0844 561 ***",Giá thỏa thuận,62 m²,N/A,2,2,"Yên Nghĩa, Hà Đông","20.9597759246826, 105.741882324219"
41321565,27/02/2025,"Cần bán căn hộ 2PN, 56m2 tại tòa CT7 HJK Park View Residence, KĐTM Dương Nội, Hà Đông, Hà Nội","3,13 tỷ",56 m²,"55,89 tr/m²",2,2,"Dương Nội, Hà Đông","20.964326858520508, 105.74954986572266"
38574978,27/02/2025,"Mua ngay kẻo lỡ căn hộ 62m2 SĐCC tầng đẹp tại HH2 Xuân Mai Complex Dương Nội, Hà Đông",Giá thỏa thuận,62 m²,N/A,2,2,"Yên Nghĩa, Hà Đông","20.9597759246826, 105.741882324219"
42280884,27/02/2025,Bán căn hộ chung cư CT12 KĐT Văn Phú 105m2 (3PN + 2WC). Giá 5tỷ5. Lh 0336 927 ***,"5,5 tỷ",105 m²,"52,38 tr/m²",3,2,"Phú La, Hà Đông","20.958241476848738, 105.76727444698129"
42280844,27/02/2025,"Bán CC The Sparks CT7E, Dương Nội, 56m2, 2PN, 2,89 tỷ ở Dương Nội, Hà Đông, Hà Nội","2,89 tỷ",56 m²,"51,61 tr/m²",2,1,"Dương Nội, Hà Đông","20.97970641519101, 105.74351958939036"
42280594,27/02/2025,"Bán căn hộ chung cư tại KĐT Xa La, 75m2 đã có sổ, nhỉnh 2,9 tỷ, đầy đủ tiện ích, giá tốt","2,95 tỷ",75 m²,"39,33 tr/m²",2,2,"Phúc La, Hà Đông","20.962176410868, 105.792530247041"
42280762,27/02/2025,"Bán gấp căn hộ chung cư 2PN, 2WC tại Anland LakeView, 4,9 tỷ, 74m2","4,9 tỷ",74 m²,"66,22 tr/m²",2,2,"Dương Nội, Hà Đông","20.9830940561134, 105.757335324472"
42155420,27/02/2025,"Bán CC đẹp xuất sắc 3PN, 2WC, 81,3m2 chỉ với 4,85 tỷ tại Samsora Premier, Hà Đông, HN","4,85 tỷ","81,3 m²","59,66 tr/m²",3,2,"Quang Trung, Hà Đông","20.97492404660051, 105.77741272548317"
41146041,27/02/2025,"(Chính chủ) bán 197 Trần Phú, Hà Đông: 88m2 - sđcc - 3 ngủ 2vs - 4 tỷ xxx","4,75 tỷ",88 m²,"53,98 tr/m²",3,2,"Văn Quán, Hà Đông","20.979808807373, 105.787567138672"
42280473,27/02/2025,"Chính chủ bán Gấp căn 65m2 giá 4 tỷ bao phí chung cư SDU 143 Trần Phú, Hà Đông. Full nội thất xịn",4 tỷ,67 m²,"59,7 tr/m²",2,2,"Văn Quán, Hà Đông","20.97752906086615, 105.78476109956821"
42058992,27/02/2025,"Chính chủ bán căn hộ 68m2, giá thỏa thuận tại tòa CT5 KĐT Xa La - giá tốt - sổ hồng giao dịch ngay",Giá thỏa thuận,68 m²,N/A,2,2,"Phúc La, Hà Đông","20.9629961374245, 105.792977660276"
42136234,27/02/2025,"Chính chủ Bán căn hộ CC 2PN tại KĐT ct5 Xa La, dt 68,11m2, Hà Đông, HN","3,29 tỷ","68,11 m²","48,3 tr/m²",2,2,"Phúc La, Hà Đông","20.962278698003441, 105.79203629798432"
42132573,27/02/2025,"Bán CC 2PN + 2WC tại SDU 143 Trần Phú, 2,88 tỷ, 52m2","2,88 tỷ",52 m²,"55,38 tr/m²",2,2,"Văn Quán, Hà Đông","20.976647921840335, 105.78460119649723"
42155023,27/02/2025,Chính chủ bán căn hộ tại KĐT Xala Hà Đông - 100m2 3 ngủ 2WC căn góc thoáng,"4,5 tỷ",98 m²,"45,92 tr/m²",3,2,"Phúc La, Hà Đông","20.962364734440047, 105.79175405057038"
41841072,27/02/2025,Chính chủ bán căn hộ 89m2 tại mặt đường Trần Phú - hà đông - sổ hồng - 2 tỷ nhận nhà ở ngay,Giá thỏa thuận,98 m²,N/A,3,2,"Văn Quán, Hà Đông","20.9797468337709, 105.787372196309"
42062659,27/02/2025,"Bán CC 2PN, 1VS, 53m2 tại tòa CT4 tầng 16 giá cực chất 2,15 tỷ tại KĐT Xa La, Hà Đông, HN - nét","2,15 tỷ",53 m²,"40,57 tr/m²",1,1,"Phúc La, Hà Đông","20.9622534665364, 105.792247790412"
42156589,27/02/2025,Chính chủ bán căn hộ 74m2 tầng 1x tòa CT6A Xa La - 2 ngủ sổ hồng giá chỉ có 3.2 tỷ - giao dịch ngay,"3,2 tỷ",74 m²,"43,24 tr/m²",2,2,"Phúc La, Hà Đông","20.9626208742149, 105.79296126922"
42156450,27/02/2025,"Chính chủ bán căn 67m2, 2 ngủ tòa CT6 Xa La - tầng 1x nhà đẹp mới - sổ hồng giao dịch ngay","2,75 tỷ",67 m²,"41,04 tr/m²",2,2,"Phúc La, Hà Đông","20.9624748117469, 105.792377348131"
42157142,27/02/2025,Chính chủ bán căn góc 68m tòa CT4 Xa La tầng 18 giá 2.55 tỷ - HĐMB giao dịch ngay - hỗ trợ vay bank,"2,55 tỷ",68 m²,"37,5 tr/m²",2,2,"Phúc La, Hà Đông","20.962350108969108, 105.79198718016741"
42274620,27/02/2025,"Bán căn hộ ICID Complex, Lê Trọng Tấn, Hà Đông. DT 84m2, 3PN, 2WC, full Nt giá 4,8 tỷ Lh 0961 689 ***","4,8 tỷ",84 m²,"57,14 tr/m²",3,2,"Dương Nội, Hà Đông","20.981902388570248, 105.74205885030496"
42077056,27/02/2025,Chính Chủ Cần Bán Căn Hộ The Pride Tố Hữu Hà Đông 103m Thoáng Đẹp,"4,9 tỷ",103 m²,"47,57 tr/m²",3,4,"La Khê, Hà Đông","20.97591929637108, 105.76203843446413"
42279775,27/02/2025,Chính chủ cần bán căn hộ tại toà ICID,"3,83 tỷ",66 m²,"58,03 tr/m²",2,2,"Dương Nội, Hà Đông","20.9818335863243, 105.742974565435"
42279759,27/02/2025,Chính chủ cần bán căn góc siêu đệp view biệt thự tại toà ICIC,"3,73 tỷ",68 m²,"54,85 tr/m²",2,2,"Dương Nội, Hà Đông","20.9822858280131, 105.742738461054"
42279016,27/02/2025,"Căn cc 145m2 đẹp 3 Pn, 3VS, bếp, PK","7,3 tỷ",145 m²,"50,34 tr/m²",3,3,"La Khê, Hà Đông","20.97616394890297, 105.761160673891"
42279766,27/02/2025,"KIẾN HƯNG, HÀ ĐÔNG: Bán căn hộ 2PN, 2WC giá tốt, tại Mipec City View, 3,18 tỷ, 57m2","3,18 tỷ",57 m²,"55,79 tr/m²",2,2,"Kiến Hưng, Hà Đông","20.95268935240052, 105.79033585539698"
42250945,27/02/2025,"Bán căn hộ chung cư tại Làng Việt Kiều Châu Âu Euroland 4 phòng ngủ, 11 tỷ, 202 m2, hot",11 tỷ,202 m²,"54,46 tr/m²",4,N/A,"Mỗ Lao, Hà Đông","20.983987347845627, 105.78519396211797"
42180959,27/02/2025,"Sở hữu căn 2PN 66m2 dễ thuê nhanh tăng giá tại Kepler Mỗ Lao, HTLS 0%",Giá thỏa thuận,66 m²,N/A,2,2,"Mỗ Lao, Hà Đông","20.9855424799849, 105.779939926931"
42279064,26/02/2025,Mở bán đợt 1 quỹ căn 2PN The Charm An Hưng Tố Hữu Hà Đông,Giá thỏa thuận,72 m²,N/A,2,2,"La Khê, Hà Đông","20.974252382924096, 105.76052984280464"
42279119,26/02/2025,"Chính chủ cần bán 1401 CT1, tòa ICID, 2 ngủ 2 vs, sẵn lốt ô tô, 2 thẻ gym full, không phí môi giới","3,8 tỷ","66,3 m²","57,32 tr/m²",2,2,"Dương Nội, Hà Đông","20.9819961690036, 105.741669185643"
42279131,26/02/2025,Đóng 2 tỷ sở hữu ngay căn hộ 3PN trung tâm quận Hà Đông,Giá thỏa thuận,96 m²,N/A,2,2,"La Khê, Hà Đông","20.97451442648632, 105.76044778937607"
42278924,26/02/2025,Chính thức mở bán căn hộ The Charm An Hưng Tố Hữu Hà Đông,Giá thỏa thuận,72 m²,N/A,2,2,"La Khê, Hà Đông","20.9746096184203, 105.760171585414"
42278845,26/02/2025,"Bán căn hộ CC 2PN, 1WC, 57,2m2 giá ưu đãi tại Bắc Hà Fodacon, Mỗ Lao, Hà Đông. Lh 24/24H 0945 566 ***","3,05 tỷ","57,2 m²","53,32 tr/m²",2,1,"Mỗ Lao, Hà Đông","20.982255664900496, 105.78929454616755"
42278652,26/02/2025,"Căn hộ CC 80m2 2PN 2WC tại Usilk City, giá đẹp full nt 4,3 tỷ","4,3 tỷ",80 m²,"53,75 tr/m²",2,2,"La Khê, Hà Đông","20.9744647384211, 105.760864584381"
42278584,26/02/2025,"Bán CC HPC Landmark 105, giá 4,8 tỷ, 86m2, 2PN, view đẹp, pháp lý đầy đủ","4,8 tỷ",86 m²,"55,81 tr/m²",2,2,"La Khê, Hà Đông","20.9738721425443, 105.75883072607"
42278612,26/02/2025,"Bán CH 2PN Anland LakeView, 4,8 tỷ, 74m2 ở Dương Nội, Hà Đông, Hà Nội giá cực tốt","4,8 tỷ",74 m²,"64,86 tr/m²",2,2,"Dương Nội, Hà Đông","20.9822026899737, 105.757185005757"
42278344,26/02/2025,Cần tiền bán gấp căn 3pn Anland 1/ 77m2 giá chỉ 4.9 tỷ. bán nhanh trong tuần - lh: 0989 091 ***,"4,9 tỷ",77 m²,"63,64 tr/m²",3,2,"La Khê, Hà Đông","20.976323100415513, 105.76039200319157"
40263005,26/02/2025,"Rẻ cực sốc! Chỉ nhỉnh 3 tỷ, bán gấp căn 67m2 2PN tòa SDU (143 Trần Phú), căn góc thoáng mát",Giá thỏa thuận,67 m²,N/A,2,2,"Văn Quán, Hà Đông","20.97731590271, 105.784957885742"
42152539,26/02/2025,"Rẻ nhất The Pride, bán gấp căn hộ 3,7x tỷ 73m2 2 PN CT3 The Pride, Hà Đông. Full nội thất ở ngay",Giá thỏa thuận,73 m²,N/A,2,2,"La Khê, Hà Đông","20.97614602293015, 105.76117217818047"
42147446,26/02/2025,"Chính chủ bán gấp căn hộ 75,5m2 2PN The Pride, ban công Đông Nam. Full nội thất vào ở ngay",Giá thỏa thuận,"75,5 m²",N/A,2,2,"La Khê, Hà Đông","20.9757544289859, 105.76184566178"
40599613,26/02/2025,"Tôi bán căn tầng đẹp: 79m2, 2PN, 2WC FLC Star Tower Quang Trung - giá: 4 tỷ 400 triệu - full đồ mới","4,4 tỷ",79 m²,"55,7 tr/m²",2,2,"Quang Trung, Hà Đông","20.9625549316406, 105.765251159668"
42160151,26/02/2025,"Căn hộ 75m 2n2vs 3,05 tỷ chung cư The Pride - đường Tố Hữu, tầng trung thoáng sáng:O966769078","3,05 tỷ",75 m²,"40,67 tr/m²",2,2,"La Khê, Hà Đông","20.976636322318456, 105.76155726231849"
42277740,26/02/2025,"Cần bán nhanh căn 2N 74.2m2 Toà Anland Lake View Dương Nội, Hà Đông","5,1 tỷ","74,2 m²","68,73 tr/m²",2,2,"Dương Nội, Hà Đông","20.9835841576529, 105.756727758333"
41145857,26/02/2025,"Cần bán căn hộ 2PN, 56m2 tại tòa CT7 HJK Park View Residence, KĐTM Dương Nội, Hà Đông, Hà Nội",Giá thỏa thuận,56 m²,N/A,2,2,"Dương Nội, Hà Đông","20.9643268585205, 105.749549865723"
40255014,26/02/2025,"Cần bán gấp căn hộ 3PN, 2WC tại chung cư The Pride, La Khê, Hà Đông, nhà cửa rất đẹp và thoáng mát",Giá thỏa thuận,94 m²,N/A,3,2,"La Khê, Hà Đông","20.9760246276855, 105.761596679688"
41523233,26/02/2025,"Em chính chủ cần bán căn 08 toà CT7C, The Sparks Dương Nội, Hà Đông diện tích 56.5m2 view biệt thự",Giá thỏa thuận,"56,5 m²",N/A,2,1,"Dương Nội, Hà Đông","20.979867935180664, 105.7439193725586"
41291444,26/02/2025,Bán gấp căn hộ full nội thất 55m2 2 ngủ tòa HH2 Xuân Mai Complex Dương Nội liên hệ: 0844 561 ***,Giá thỏa thuận,55 m²,N/A,2,1,"Yên Nghĩa, Hà Đông","20.959775924682617, 105.74188232421875"
40797359,26/02/2025,"Cần bán căn hộ 2PN, 56m2 tại tòa CT7 HJK Park View Residence, KĐTM Dương Nội, Hà Đông, Hà Nội",Giá thỏa thuận,56 m²,N/A,2,2,"Dương Nội, Hà Đông","20.964326858520508, 105.74954986572266"
40338673,26/02/2025,"Cần bán gấp căn hộ tầng trung siêu đẹp The Pride, SĐCC diện tích 95m2, 3PN, 2WC. Chỉ 4, x tỷ",Giá thỏa thuận,95 m²,N/A,3,2,"La Khê, Hà Đông","20.9760246276855, 105.761596679688"
42277684,26/02/2025,"Cực rẻ! Nhỉnh hơn 3 tỷ có ngay căn 2 ngủ full đồ, sđcc tầng đẹp tại toà cc Xuân Mai Tô Hiệu",Giá thỏa thuận,65 m²,N/A,2,1,"Hà Cầu, Hà Đông","20.9620584374328, 105.773578207161"
40691025,26/02/2025,"Duy nhất 2, x Tỷ. Chính chủ bán gấp căn hộ 55m2 2 PN HH2 Xuân Mai Complex, full nội thất vào ở ngay",Giá thỏa thuận,55 m²,N/A,2,1,"Yên Nghĩa, Hà Đông","20.959775924682617, 105.74188232421875"
37880920,26/02/2025,"Gia đình tôi chính chủ bán gấp căn hộ 66m2 2PN HH2G Xuân Mai Complex, SĐCC, có thể vào ở ngay",Giá thỏa thuận,66 m²,N/A,2,2,"Yên Nghĩa, Hà Đông","20.9597759246826, 105.741882324219"
38054437,26/02/2025,Nhà ở có lộc cần bán. Nhượng lại cho người có duyên căn hộ 73m2 tầng trung tại The Pride Hải Phát,Giá thỏa thuận,73 m²,N/A,2,2,"La Khê, Hà Đông","20.9760246276855, 105.761596679688"
42277623,26/02/2025,"Bán căn hộ Seasons Avenue, Mỗ Lao, Hà Đông. DT 80m2, 2PN, 2WC, full nt. Giá 6,1 tỷ Lh 0961 689 ***","6,1 tỷ",80 m²,"76,25 tr/m²",2,2,"Mỗ Lao, Hà Đông","20.9870859833841, 105.787260474141"
42277678,26/02/2025,"Bán CC The Pride, Tố Hữu, La Khê, Hà Đông, Hà Nội, giá thỏa thuận, 73m2, giá rẻ nhất.",Giá thỏa thuận,73 m²,N/A,2,2,"La Khê, Hà Đông","20.97600190314827, 105.76165525476699"
42277369,26/02/2025,"Chung cư vip nhất Hà Đông, 2N, 2VS, ngay mặt đường trục chính của Quận Hà Đông",Giá thỏa thuận,63 m²,N/A,2,2,"Mỗ Lao, Hà Đông","20.985466462426885, 105.78072399678254"
42273787,26/02/2025,Suất ngoại giao căn hộ 2PN (54m2) The Charm An Hưng - Hà Đông,Giá thỏa thuận,54 m²,N/A,2,2,"La Khê, Hà Đông","20.974958423358796, 105.7613258336207"
42106816,26/02/2025,"Bán căn hộ chung cư 2 phòng ngủ, 2 toilet CT7 - HJK Park View Residence, Dương Nội, Hà Đông, Hà Nội","3,15 tỷ",54 m²,"58,33 tr/m²",2,2,"Dương Nội, Hà Đông","20.9641880912287, 105.749579104269"
41659653,26/02/2025,"Nhà siêu đẹp - ở cực mê! Bán nhanh trong nốt nhạc CH - 68m2 - SĐCC, full nội thất tòa CT5 Xa La","3,35 tỷ",68 m²,"49,26 tr/m²",2,2,"Phúc La, Hà Đông","20.9624671936035, 105.792366027832"
42181540,26/02/2025,"Căn góc kđt Văn Quán 58m2 tổng tiền mini, gặp trực tiếp chính chủ, vừa giá tốt lại không mất cp gì",Giá thỏa thuận,58 m²,N/A,2,1,"Phúc La, Hà Đông","20.974185617309843, 105.78990124124012"
42174340,26/02/2025,"Chủ nhà BÁN GẤP căn hộ TẦNG 74m2 tại USILK 103 2n 2vs ban công Đông Nam, SĐCC chỉ 4.X tỷ",Giá thỏa thuận,74 m²,N/A,2,2,"La Khê, Hà Đông","20.973893891268148, 105.76153732911219"
42277004,26/02/2025,"Bán NHANH căn hộ 56m2 tại CT7 Dương Nội 2, 2N1WC - SĐCC full đồ ở ngay. Giá chỉ 2.x tỷ",Giá thỏa thuận,56 m²,N/A,2,1,"Dương Nội, Hà Đông","20.981570699492817, 105.7541390911966"
42276851,26/02/2025,"Nhà ĐẸP chính chủ gửi bán gấp CH The Tera An 73m2, 2N 2VS, full đồ. Giá chỉ 5.x tỷ vào ở luôn",Giá thỏa thuận,73 m²,N/A,2,2,"La Khê, Hà Đông","20.972734461244748, 105.75739897191714"
42276835,26/02/2025,"Bán CC tại KĐT Xa La, 77m2, 2PN, 2WC, sổ đỏ chính chủ ,NT Full như hình nhiều tiện ích đẹp","3,23 tỷ",77 m²,42 tr/m²,2,1,"Phúc La, Hà Đông","20.962451562673724, 105.79242614228573"
42276794,26/02/2025,Chủ nhà cần BÁN GẤP SIÊU PHẨM 2 ngủ 54m2 tại tòa HH2L Xuân Mai Complex giá chỉ 2.x tỷ FULL đồ,Giá thỏa thuận,54 m²,N/A,2,1,"Yên Nghĩa, Hà Đông","20.96001558724816, 105.74173656944184"
42275415,26/02/2025,Bán căn chung cư A5 Học viên Quân Y - HÀ ĐÔNG - HIẾM CÓ - Tầng trung hướng đông nam 71m-2 ngủ 2vs,"4,2 tỷ",71 m²,"59,16 tr/m²",2,2,"Phúc La, Hà Đông","20.96876125808729, 105.78661634215082"
42276674,26/02/2025,"BÁN NHANH CH 2 ngủ tại CT2 The Pride - 81m2 NHÀ ĐẸP full đồ ở ngay, giá chỉ 4.x tỷ SDCC",Giá thỏa thuận,81 m²,N/A,2,2,"La Khê, Hà Đông","20.97565374376094, 105.7614261583617"
42276295,26/02/2025,(Thông báo) cực hiếm. Em cần bán căn hộ Booyoung - Mỗ Lao 2N 2W. Toàn bộ nội thất. Sẵn sổ. Giá 4tỷ5,"4,5 tỷ",74 m²,"60,81 tr/m²",2,2,"Mỗ Lao, Hà Đông","20.9836813853175, 105.783926994205"
42276123,26/02/2025,"Căn hộ chung cư nằm tại Khu đô thị Thanh Hà Mường Thanh, Hà Đông, Hà Nội ĐT: 0912 123 ***","2,6 tỷ",70 m²,"37,14 tr/m²",2,2,"Kiến Hưng, Hà Đông","20.9398696121037, 105.786777774398"
42275746,26/02/2025,"Bán CC tại KĐT Xa La, 3,4 tỷ, 85m2, 3PN, 2WC, siêu hot","3,4 tỷ",85 m²,40 tr/m²,3,2,"Phúc La, Hà Đông","20.9630133103603, 105.792594640752"
42061851,26/02/2025,"Bán nhanh CC Xuân Mai Complex 70m2, 2PN, 2WC siêu đẹp giá chỉ 3. X tỷ, full đồ ở ngay",Giá thỏa thuận,70 m²,N/A,2,2,"Yên Nghĩa, Hà Đông","20.9599182281299, 105.741953506633"
42124358,26/02/2025,"Bán căn hộ đẹp tại The Sparks, Hà Đông, giá thỏa thuận, 72m2, 2PN, 2WC",Giá thỏa thuận,72 m²,N/A,2,2,"Dương Nội, Hà Đông","20.979991410660432, 105.7438469301875"
41925835,26/02/2025,Chính chủ bán căn 2x13 ngủ tòa Anland Premium hướng Đông Nam giá thương lượng tốt thiện chí bán,5 tỷ,85 m²,"58,82 tr/m²",3,2,"La Khê, Hà Đông","20.9764105143118, 105.761688261942"
42275785,26/02/2025,"Chính chủ cần bán căn CC New Skyline DT 100m2, vị trí đẹp view pháo hoa LH: 0356 824 ***",Giá thỏa thuận,100 m²,N/A,3,2,"Văn Quán, Hà Đông","20.979969707725903, 105.7926205695374"
42254026,26/02/2025,Chính chủ bán căn 2513 tòa Anland Premium full đồ hướng ĐN giá thương lượng bán gấp nhà mới giữ đồ,5 tỷ,74 m²,"67,57 tr/m²",3,2,"La Khê, Hà Đông","20.976846553376856, 105.76175692454281"
41740638,26/02/2025,"Chủ nhà cần bán nhanh căn hộ đẹp 2 ngủ, giá chỉ hơn 4(tỷ) tòa Xuân Mai Tô Hiệu, Hà Đông: 0335 606 ***",Giá thỏa thuận,73 m²,N/A,2,2,"Hà Cầu, Hà Đông","20.962711, 105.77343"
42275887,26/02/2025,CHÍNH CHỦ BÁN GẤP CC HỌC VIỆN QUÂN Y DT 71M2 - 2PN NỘI THẤT XỊN XÒ GIÁ RẺ 4 TỶ,4 tỷ,71 m²,"56,34 tr/m²",2,N/A,"Phúc La, Hà Đông","20.969819733274637, 105.78697126843278"
42170960,26/02/2025,Chỉ cần có 4.4(tỷ) khách hàng có thể sở hữu ngay căn hộ 3 ngủ+2wc toà CC BÌNH VƯỢNG 200 QUANG TRUNG,Giá thỏa thuận,92 m²,N/A,3,2,"Quang Trung, Hà Đông","20.9667460146042, 105.76990290534464"
42152914,26/02/2025,"Bán ch siêu phẩm tại CT7 The Sparks, 55m2, giá chỉ 2. X tỷ, 2PN, 1WC. SĐCC ở ngay",Giá thỏa thuận,55 m²,N/A,2,1,"Dương Nội, Hà Đông","20.980052084286456, 105.74425102380478"
42275589,26/02/2025,"Giá TỐT chốt liền tay - có ngay SỔ ĐỎ! Chính chủ bán nhanh CH - 70m, full nội thất tòa CT6 Xa La","2,89 tỷ",70 m²,"41,29 tr/m²",2,2,"Phúc La, Hà Đông","20.963103371096135, 105.79246035938806"
32928549,26/02/2025,"Bán căn 68m2 tầng đẹp The K Park, ban công ĐB nhìn Lê Trọng Tấn, full nt, giá 4,x nhỏ lh 0985 138 ***","4,45 tỷ",68 m²,"65,44 tr/m²",2,2,"Phúc La, Hà Đông","20.9599056243896, 105.791801452637"
39585173,26/02/2025,"Chính chủ bán căn 112,6m2. Tầng cao, căn góc, full nội thất, 3PN - 2VS. Cửa TB ban công ĐB","8,03 tỷ","112,6 m²","71,31 tr/m²",3,2,"Mỗ Lao, Hà Đông","20.9870262145996, 105.786834716797"
42253805,26/02/2025,"Căn 2 ngủ siêu hiếm có slot ô tô. 72.2m2. Tầng cao, full nội thất. Cửa TN ban công ĐN","5,15 tỷ","72,2 m²","71,33 tr/m²",2,2,"Mỗ Lao, Hà Đông","20.986731536937945, 105.78629378603844"
42002019,26/02/2025,"Chính chủ bán siêu phẩm 4PN - 2VS. Tầng trung, căn góc, full nội thất cực đẹp giá mềm nhất dự án","7,62 tỷ",129 m²,"59,07 tr/m²",4,2,"Mỗ Lao, Hà Đông","20.986703777778317, 105.78601215428317"
42275080,26/02/2025,Khẳng định rẻ nhất The Pride! Gia đình tôi cần bán nhanh căn 2 ngủ full đồ sđcc tại cc The Pride,"3,75 tỷ",72 m²,"52,08 tr/m²",2,2,"La Khê, Hà Đông","20.976394922736265, 105.76233228806561"
42275256,26/02/2025,"Tôi cần bán căn 2 ngủ 75m2 chung cư Booyoung, Mỗ Lao, Hà Đông giá 4 tỷ sẵn sổ full nội thất",4 tỷ,75 m²,"53,33 tr/m²",2,2,"Mỗ Lao, Hà Đông","20.98355820837856, 105.7837807250955"
41930505,26/02/2025,"Cuối năm bán gấp căn hộ siêu đẹp Bình Vượng Tower 92m2 3N, sẵn sổ full nội thất nhận nhà ở ngay","4,2 tỷ",92 m²,"45,65 tr/m²",3,2,"Quang Trung, Hà Đông","20.96632217570198, 105.7695874165925"
42274940,26/02/2025,Bán chung cư The Charm An Hưng Hà Đông Hà Nội - Giá gốc CĐT full đồ cao cấp,Giá thỏa thuận,54 m²,N/A,2,N/A,"La Khê, Hà Đông","20.97475840538546, 105.76093842939719"
42001896,26/02/2025,"Chính chủ bán căn hộ 2PN - 2VS, 91m2. Tầng trung. Cửa ĐN ban công ĐB. Giá tốt nhất dự án","5,16 tỷ",91 m²,"56,7 tr/m²",2,2,"Mỗ Lao, Hà Đông","20.986509679965685, 105.78607319300066"
39187501,26/02/2025,BQL Tera An Hưng mở bán những căn hộ mua thẳng từ chủ nhà gửi bán. Các quỹ căn từ 70m2 đến 140m2,"4,7 tỷ",75 m²,"62,67 tr/m²",2,2,"Dương Nội, Hà Đông","20.974346160888672, 105.75416564941406"
41629698,26/02/2025,"Chính chủ đang bán gấp căn, 3ngủ tại chung cư CT2 Xa La, 103m2 sổ đỏ full nội thất Lh 0878 800 ***","4,6 tỷ",101 m²,"45,54 tr/m²",3,2,"Phúc La, Hà Đông","20.961841583251953, 105.79552459716797"
42274910,26/02/2025,"Bán căn hộ 3PN, 2WC tại chung cư 89 Phùng Hưng, 4,8 tỷ, 98m2, Hà Đông, Hà Nội","4,8 tỷ",98 m²,"48,98 tr/m²",3,2,"Phúc La, Hà Đông","20.9704752633131, 105.785429414971"
42274898,26/02/2025,"Bán CH 2PN full nội thất, 87m2, 3,9 tỷ giá siêu hời ở Trần Phú, Hà Đông, HN","3,9 tỷ",87 m²,"44,83 tr/m²",2,2,"Mỗ Lao, Hà Đông","20.9781387808033, 105.785154801339"
41911480,26/02/2025,"Bán chung cư 2PN, 2WC, view đẹp tại KĐT Xa La, 2,78 tỷ, 65m2. Có sổ đỏ","2,78 tỷ",65 m²,"42,77 tr/m²",2,2,"Phúc La, Hà Đông","20.9627368312291, 105.792955075657"
41963055,26/02/2025,"Chính chủ bán căn hộ tầng 19 tòa B chung cư Sails Tower Sông Nhuệ, Hà Đông, 47m2 có sổ đỏ 2PN, 1WC",Giá thỏa thuận,47 m²,N/A,2,1,"Kiến Hưng, Hà Đông","20.9603998624881, 105.798297472122"
42274754,26/02/2025,"Bán gấp căn góc 3PN 85m2 SĐCC tầng trung tại HH2 Xuân Mai Complex, Dương Nội",Giá thỏa thuận,85 m²,N/A,3,2,"Yên Nghĩa, Hà Đông","20.959644067983547, 105.74176922788095"
42274734,26/02/2025,Bán gấp căn hộ 3PN siêu đẹp 94m2 SĐCC tại The Pride Hải Phát,Giá thỏa thuận,94 m²,N/A,3,2,"La Khê, Hà Đông","20.9760976875507, 105.761744873186"
42274716,26/02/2025,"Bán gấp căn hộ 2PN 74,5m2 SĐCC tại CT4 KĐT Văn Khê, Hà Đông. Giá chỉ 3. Xx tỷ",Giá thỏa thuận,"74,5 m²",N/A,2,2,"La Khê, Hà Đông","20.972653829433835, 105.76066576924619"
42109899,26/02/2025,Nhận booking đặt chỗ căn hộ 2PN 2WC 72m2 View thành phố cực đẹp tại The Charm An Hưng - Hà Đông.,Giá thỏa thuận,72 m²,N/A,2,2,"La Khê, Hà Đông","20.9746068064965, 105.761643614899"
42274693,26/02/2025,"Bán căn hộ 3PN,1 phòng thờ, 2WC tại Xuân Mai Tower Hà Đông, 120m2 lô góc, full nội thất. Giá 6,6 tỷ","6,6 tỷ",120 m²,55 tr/m²,3,2,"Hà Cầu, Hà Đông","20.9623260459724, 105.772975238146"
42157167,26/02/2025,"Bán căn hộ 2PN view đẹp tại KĐT Xa La, 2,89 tỷ, 80m2 - Sổ hồng chính chủ - Hỗ trợ Bank","2,89 tỷ",80 m²,"36,12 tr/m²",2,2,"Phúc La, Hà Đông","20.96267524128661, 105.7927861541281"
41740545,26/02/2025,Chỉ 3.33 tỷ để sở hữu căn hộ 71.6m2 2 ngủ 2wc tại tòa HH2D Xuân Mai Yên Nghĩa. Ban công Đông Nam,"3,33 tỷ","71,6 m²","46,51 tr/m²",2,2,"Yên Nghĩa, Hà Đông","20.959776, 105.74188"
42274534,26/02/2025,Chính Thức Mở Bán Căn Hộ The Charm An Hưng. HTLS 24 tháng . Đã Xem được Nhà Mẫu,Giá thỏa thuận,54 m²,N/A,2,1,"La Khê, Hà Đông","20.9745802910825, 105.760740835266"
42110602,26/02/2025,"Căn hộ dành riêng cho khách đầu tư 146,8m2. Tầng cao, căn góc, view hồ. 3PN - 2VS. Ban công TN","7,5 tỷ","146,8 m²","51,09 tr/m²",3,2,"Mỗ Lao, Hà Đông","20.986722298631072, 105.78597314916045"
42159655,26/02/2025,"Bán căn hộ chung cư tại The Pride, giá thỏa thuận, 73m2, 2PN, 2WC",Giá thỏa thuận,73 m²,N/A,2,2,"La Khê, Hà Đông","20.976195963455403, 105.76159528695554"
42273867,26/02/2025,Căn 2N2vs 62m2 full nội thất về ở ngay,Giá thỏa thuận,62 m²,N/A,2,2,"Yên Nghĩa, Hà Đông","20.95428868544222, 105.74514566741895"
41267311,26/02/2025,"Bán căn toà CT3 - 3 ngủ 3vs The Pride, Hà Đông, DT 113,1m2, giá 5tỷ350 tỷ, Lh 0981 339 ***","5,35 tỷ","113,1 m²","47,3 tr/m²",3,3,"La Khê, Hà Đông","20.976024627685547, 105.7615966796875"
42273686,26/02/2025,"Căn hộ chung cư VănCăn hộ chung cư Văn Phú Victoria, giá cực chất 6,4 tỷ, 116m2 tại Hà Đông, Hà Nội","6,4 tỷ",116 m²,"55,17 tr/m²",3,2,"Phú La, Hà Đông","20.96017552170886, 105.76783119239059"
42272824,26/02/2025,Bán căn penthouse Sky Villa 700m2 biệt thự trên mây ở TSQ Euroland Mỗ Lao Lh 0336 730 ***,42 tỷ,700 m²,60 tr/m²,6,3,"Mỗ Lao, Hà Đông","20.98316251985117, 105.78584298294177"
42273223,26/02/2025,Chính chủ gửi bán CH 65m2 toà Xuân Mai Tower - Tô Hiệu - Hà Đông chỉ 3.65 tỷ,"3,65 tỷ",65 m²,"56,15 tr/m²",2,2,"Hà Cầu, Hà Đông","20.9625094489608, 105.773491993051"
38208923,26/02/2025,"Chính chủ bán căn 96m2, 3PN, 2WC tòa 89 Phùng Hưng - cắt lỗ sâu: 4 tỷ 800 triệu - TL mạnh","4,8 tỷ",96 m²,50 tr/m²,3,2,"Phúc La, Hà Đông","20.9700317382813, 105.785026550293"
42273261,26/02/2025,E cần bán căn 3pn chung cư Dự án BID Residence hướng Đông-Nam giá 3xtr/m2.,Giá thỏa thuận,106 m²,N/A,3,2,"La Khê, Hà Đông","20.975447744110575, 105.7620898438717"
42272724,26/02/2025,Bán sky villa TSQ Euroland 700m2 Lh 0336 730 ***,30 tỷ,700 m²,"42,86 tr/m²",6,4,"Mỗ Lao, Hà Đông","20.98293091144661, 105.78574369386466"
42272479,26/02/2025,"Đẹp nhất thị trường - Vị trí vàng - Rẻ nhất thị trường! Chỉ có tại Kepler Land, 0961 045 ***",Giá thỏa thuận,66 m²,N/A,2,2,"Mỗ Lao, Hà Đông","20.98512418967767, 105.78073591760727"
42273054,26/02/2025,Chính chủ bán gấp căn 63m2 - 2PN 2W toà 19T1 - Kiến Hưng - Hà Đông chỉ 2. X tỷ,"2,95 tỷ",63 m²,"46,82 tr/m²",N/A,N/A,"Kiến Hưng, Hà Đông","20.9505411047108, 105.790431303946"
42272912,26/02/2025,"Sở hữu ngay căn hộ 2PN,3PN tại The charm An Hưng, chính sách ưu đãi. LH 0965 666 ***","5,47 tỷ",72 m²,76 tr/m²,2,2,"La Khê, Hà Đông","20.974475005953174, 105.76128933028025"
42272993,26/02/2025,Chính chủ bán căn 3PN 2WC - 78m2 toà M1 - Mipec - Kiến Hưng - Hà Đông chỉ nhỉnh 4 tỷ,"4,2 tỷ",78 m²,"53,85 tr/m²",3,2,"Kiến Hưng, Hà Đông","20.952745092437805, 105.79104036591902"
42272869,26/02/2025,Bán căn hộ chung cư chính chủ Hà Đông,"4,1 tỷ",67 m²,"61,19 tr/m²",2,2,"Phú La, Hà Đông","20.959827615962812, 105.76838653138753"
38398013,26/02/2025,"Căn 3 ngủ, mới nguyên 100% chưa sử dụng, HPC Landmark 105, ở ngay. Lh: 0965 627 ***","5,8 tỷ",120 m²,"48,33 tr/m²",3,2,"La Khê, Hà Đông","20.9736671447754, 105.758712768555"
42272814,26/02/2025,Suất ngoại giao. Nhận booking căn 2pn dự án The Charm An Hưng (số lượng giới hạn). LH: 0965 666 ***,Giá thỏa thuận,54 m²,N/A,2,1,"La Khê, Hà Đông","20.97465729084204, 105.76069648560106"
42271616,26/02/2025,"Cực HOT!!! Dự án Chung Cư Tháp Đôi Kepler Land TSQ, Vị trí Kim Cương Trái Tim Quận Hà Đông",Giá thỏa thuận,45 m²,N/A,N/A,N/A,"Mỗ Lao, Hà Đông","20.98568321084633, 105.78009938626721"
42272760,26/02/2025,"Bán Căn hộ sở hữu lâu dài 91.6 m2, 2 PN tại dự án GSL. View hồ hướng ĐN",Giá thỏa thuận,"91,6 m²",N/A,2,2,"Văn Quán, Hà Đông","20.979528427124, 105.787567138672"
42272662,26/02/2025,Bán The Charm- An Hưng giá dự kiến chỉ từ 60-80tr/m nhanh tay booking để nhận ưu đãi. LH 0357 359 ***,Giá thỏa thuận,76 m²,N/A,2,2,"La Khê, Hà Đông","20.97477668087199, 105.76058905147637"
41327680,26/02/2025,"Bán căn hộ chung cư 98m2 - 3 ngủ tại dự án Sails Tower, đường Cầu Bươu, Hà Đông, Hà Nội",Giá thỏa thuận,98 m²,N/A,3,2,"Kiến Hưng, Hà Đông","20.959997177124023, 105.79855346679688"
42272668,26/02/2025,Bán căn hộ tầng trung 91m2 2 ngủ tại tòa CT5 Văn Khê - Hà Đông giá siêu đẹp chỉ 3.9 tỷ,"3,9 tỷ",91 m²,"42,86 tr/m²",2,2,"La Khê, Hà Đông","20.973230895496155, 105.76331823694241"
42272879,26/02/2025,Bán CCMN gần ĐH Đại Nam~60m2x5T 13 PKK full đồ/có thang máy/thoát hiểm+PCCC (Doanh thu~600tr/năm),"9,95 tỷ",60 m²,"165,83 tr/m²",13,13,"Phú Lãm, Hà Đông","20.9431325570549, 105.756949835733"
41219186,26/02/2025,"Cần bán căn hộ 117m2 tại Văn Phú Victoria giá chỉ 6,1 tỷ VND","6,1 tỷ",120 m²,"50,83 tr/m²",3,2,"Phú La, Hà Đông","20.95990753173828, 105.76819610595703"
41658181,26/02/2025,"Bán căn hộ chung cư Xuân Mai Complex, Tố Hữu, Yên Nghĩa, Hà Đông, Hà Nội, 3,35 tỷ, 69m2 bao net","3,35 tỷ",69 m²,"48,55 tr/m²",2,2,"Yên Nghĩa, Hà Đông","20.959775924682617, 105.74188232421875"
42272559,26/02/2025,"Chính chủ bán căn hộ V3 Victoria Văn Phú sang trọng, 108m2, 2pn, 2wc, ban công hướng Đông Nam",Giá thỏa thuận,108 m²,N/A,2,2,"Phú La, Hà Đông","20.9607137512309, 105.768144566183"
42168143,26/02/2025,"Bán CC 2PN, 2WC giá thỏa thuận, 52m2 tại Trần Phú, Văn Quán, Hà Đông, HN - Hàng hot",Giá thỏa thuận,52 m²,N/A,2,2,"Văn Quán, Hà Đông","20.977927723966427, 105.78523136163513"
42272697,26/02/2025,Hàng hiếm! Tầng trung SDU 62m2 giá 4 tỷ bao tên,4 tỷ,65 m²,"61,54 tr/m²",2,2,"Văn Quán, Hà Đông","20.977069876426, 105.784098714889"
41304327,26/02/2025,"Bán căn hộ 2 ngủ 1wc 56m2 giá chỉ 2.75 tỷ tại HH2A Xuân Mai Complex, Hà Đông - Full nội thất","2,75 tỷ",56 m²,"49,11 tr/m²",2,1,"Yên Nghĩa, Hà Đông","20.959775924682617, 105.74188232421875"
42169253,26/02/2025,Nhà nét nhà đẹp. Bán Căn hộ 56m2 2 ngủ 2wc tại tòa CT7H với giá 3.23 tỷ. View đại học Phenikaa,"3,23 tỷ",56 m²,"57,68 tr/m²",2,2,"Dương Nội, Hà Đông","20.96406263782571, 105.7490993664734"
42271194,26/02/2025,"Chung cư Tháp đôi Kepler Land, giá dự kiến 3,4 tỷ, 45 m2, 1PN, 1WC tại Mỗ Lao, Hà Đông, HN - Hot",Giá thỏa thuận,45 m²,N/A,1,1,"Mỗ Lao, Hà Đông","20.9853266107574, 105.779951323251"
42149517,26/02/2025,"Bán căn hộ 2PN tại tòa B Sails Tower, 3,2 tỷ, 69 m2, đẹp, nhiều tiện ích","3,2 tỷ",69 m²,"46,38 tr/m²",2,1,"Kiến Hưng, Hà Đông","20.95925399581384, 105.79890760815353"
42149553,26/02/2025,"Bán CH 2PN, 2VS, 60m2 tại Nguyễn Khuyến, Hà Đông, 3,75 tỷ","3,75 tỷ",60 m²,"62,5 tr/m²",2,2,"Văn Quán, Hà Đông","20.97489733649644, 105.78900365407918"
41153584,26/02/2025,"Sở hữu căn hộ chung cư 67m2 CT6 khu đô thị Xa La, SĐCC, tầng trung đẹp LH: 0767 944 ***",Giá thỏa thuận,67 m²,N/A,2,2,"Phúc La, Hà Đông","20.9624671936035, 105.792366027832"
39533660,26/02/2025,Vợ chồng mình cần chuyển nhượng lại cho chủ mới căn 2PN 81.6 m2 nội thất đầy đủ tòa Nam Xa La,Giá thỏa thuận,"81,6 m²",N/A,2,2,"Phúc La, Hà Đông","20.9604053497314, 105.794692993164"
42272546,26/02/2025,Nhanh tay chốt giá chỉ 4tỷ3 cho toà A Xuân Mai Tô Hiệu tầng trung 73m2 tim tường,"4,3 tỷ",73 m²,"58,9 tr/m²",2,2,"Hà Cầu, Hà Đông","20.962842739881328, 105.7734458042844"
41740193,26/02/2025,"Bán CC 2PN, 1WC, 56m2 tại Khu nhà ở Hưng Thịnh, Hà Đông, giá thỏa thuận",Giá thỏa thuận,56 m²,N/A,2,1,"Kiến Hưng, Hà Đông","20.95280647277832, 105.78500366210938"
42272293,26/02/2025,Quá đẹp tầng trung cho căn toà B Xuân Mai Tô Hiệu 73m2 giá 4.45 tỷ,"4,45 tỷ",73 m²,"60,96 tr/m²",2,2,"Hà Cầu, Hà Đông","20.962402445442706, 105.7732303979986"
41688891,26/02/2025,"Chính chủ cần tiền gửi bán gấp căn hộ 128m2, chung cư Mulberry Lane, giá chỉ nhỉnh 7 tỷ","7,5 tỷ",128 m²,"58,59 tr/m²",3,3,"Mỗ Lao, Hà Đông","20.9865188598633, 105.786399841309"
42272498,26/02/2025,"Chủ bán nhà căn chung cư CT5 KĐT Văn Khê, lô góc 3 mặt thoáng, DT 105m giá bán 4.58 tỷ:0981,129,026","4,58 tỷ",105 m²,"43,62 tr/m²",3,2,"La Khê, Hà Đông","20.965824003764507, 105.75932909828147"
42271482,26/02/2025,Bán căn toà Westa 102 Trần Phú ngay trục đường Trần Phú Hà Đông - Diện tích: 87m2,"3,95 tỷ",87 m²,"45,4 tr/m²",2,2,"Mỗ Lao, Hà Đông","20.9786042084917, 105.784774929977"
41447281,26/02/2025,Chính chủ cần bán căn 2PN sử dụng lâu dài dự án Grand Sunlake hồ Văn Quán. 0332 226 ***,"5,65 tỷ",91 m²,"62,09 tr/m²",2,N/A,"Văn Quán, Hà Đông","20.979528427124, 105.787567138672"
41518038,26/02/2025,"Bán nhanh CH 2PN - 70m2, nhà cực chất - giá rẻ nhất tòa CT1 Nam Xa La. Nhà full nội thất tiện ích","3,26 tỷ",70 m²,"46,57 tr/m²",2,2,"Phúc La, Hà Đông","20.960405349731445, 105.79469299316406"
42271665,26/02/2025,"Sổ hồng trao tay nhận ngay nhà đẹp căn hộ 2 ngủ 68m2 tòa CT5 Xa La,Hà Đông.","3,35 tỷ",68 m²,"49,26 tr/m²",2,2,"Phúc La, Hà Đông","20.962104207033775, 105.79203643855476"
38026676,26/02/2025,"Chính chủ bán căn 2PN 2VS chung cư Anland LakeView giá 4,6tỷ, full đồ sổ đỏ chính chủ LH 0967 506 ***","4,6 tỷ",74 m²,"62,16 tr/m²",2,2,"Dương Nội, Hà Đông","20.9830436706543, 105.757339477539"
42271289,26/02/2025,"Bán Căn hộ 3PN, 2WC tại Bình Vượng 200 Quang Trung, 4,4 tỷ, 92m2","4,4 tỷ",92 m²,"47,83 tr/m²",3,2,"Quang Trung, Hà Đông","20.9669046600688, 105.770328203516"
42126157,26/02/2025,"Bán căn hộ 3 ngủ, DT 100m2, tòa FLC Quang Trung Hà Đông - full nội thất - Nhà rộng thoáng sáng","5,2 tỷ",108 m²,"48,15 tr/m²",3,2,"Quang Trung, Hà Đông","20.9626806452893, 105.765396838741"
42271207,26/02/2025,"Bán Căn hộ 4PN, 2WC tại FLC Star Tower, 5,85 tỷ, 113m2, Hà Đông, Hà Nội","5,85 tỷ",113 m²,"51,77 tr/m²",4,2,"Quang Trung, Hà Đông","20.96258780059951, 105.76523868533205"
42271500,26/02/2025,"Bán căn hộ 2 ngủ 58m2 toà TTTM Xa La, Hà Đông. Full nội thất. Chỉ với 2.7 tỷ",Giá thỏa thuận,58 m²,N/A,2,1,"Phúc La, Hà Đông","20.9737132151389, 105.793903593182"
42106544,26/02/2025,Chính chủ cần bán căn 68 m2 K Park Văn Phú - Hà Đông tầng trung hướng mát. Lh 0365 552 ***,Giá thỏa thuận,68 m²,N/A,2,2,"Phúc La, Hà Đông","20.960546887377895, 105.79233938544408"
42271446,26/02/2025,"Bán gấp Căn hộ 2PN full nội thất tại tòa B Xuân Mai Tower, 3,65 tỷ, 65m. LH:0842 796 ***","3,65 tỷ",65 m²,"56,15 tr/m²",2,N/A,"Hà Cầu, Hà Đông","20.962711835254144, 105.77343047292412"
42271056,26/02/2025,"Chính chủ bán gấp căn hộ 2 ngủ 65m2 tòa B Xuân Mai Tô Hiệu, Hà Đông","3,65 tỷ",65 m²,"56,15 tr/m²",2,1,"Hà Cầu, Hà Đông","20.9631318155266, 105.773082505377"
41979577,26/02/2025,"Chính chủ bán GẤP căn hộ full nội thất đẹp lung linh - XÁCH VALI Ở NGAY tòa CT1NamXa La, 82m2,2 ngủ","3,6 tỷ",82 m²,"43,9 tr/m²",2,2,"Phúc La, Hà Đông","20.962571488222832, 105.79215177355488"
42128719,26/02/2025,"Nhỉnh 2.4 tỷ - Sở hữu CH 2 ngủ đầy đủ nội thất. SĐCC chung cư Sông Nhuệ, Hà Đông",Giá thỏa thuận,47 m²,N/A,2,1,"Kiến Hưng, Hà Đông","20.959999254299348, 105.79854218697122"
42141435,26/02/2025,"Bán gấp CC 2PN 2WC tại tòa CT6 KĐT Xa La - Kiến Hưng Hà Đông - HN, 2,89 tỷ, 72m2","2,89 tỷ",72 m²,"40,14 tr/m²",2,2,"Phúc La, Hà Đông","20.96284262591936, 105.79188736882813"
37855603,26/02/2025,"Bán căn hộ 3 ngủ 127m2 tòa B chung cư Mulberry Lane, giá 6,x tỷ",Giá thỏa thuận,127 m²,N/A,3,2,"Mỗ Lao, Hà Đông","20.98651885986328, 105.7863998413086"
41947687,26/02/2025,Chung cư The Charm An Hưng - Hà Đông - diện tích từ 55m2 - giá từ 7xtr/m2 - ưu tiên chọn căn sớm,Giá thỏa thuận,55 m²,N/A,2,1,"La Khê, Hà Đông","20.974451265579635, 105.76108124609357"
42270772,26/02/2025,"Bán căn hộ 2PN, 2WC tại FLC Star Tower, 4,5 tỷ, 78m2, giá ưu đãi","4,5 tỷ",78 m²,"57,69 tr/m²",2,2,"Quang Trung, Hà Đông","20.9621907706969, 105.765232113206"
42120978,26/02/2025,Cần bán căn 3 ngủ 2 vs chung cư La Casta Văn Phú Hà Đông full nội thất giá cả thỏa thuận,Giá thỏa thuận,111 m²,N/A,3,2,"Phú La, Hà Đông","20.962948384019541, 105.76279395757402"
42270633,26/02/2025,"Bán căn hộ 3PN, 2WC, 105m2 tại CT5 Văn Khê, La Khê, Hà Đông, giá ưu đãi 4,65 tỷ","4,65 tỷ",105 m²,"44,29 tr/m²",3,2,"La Khê, Hà Đông","20.973728771586742, 105.76279852707788"
42270641,26/02/2025,Chính chủ bán căn hộ Xuân Mai Tower - CT2 Tô Hiệu - Hà Đông,"4,4 tỷ",74 m²,"59,46 tr/m²",2,2,"Hà Cầu, Hà Đông","20.962861062374, 105.773999544806"
41974445,26/02/2025,"Chính chủ tôi bán cắt lỗ căn TT Vạn Phúc, Hà Đông, diện tích 90m2, 3 ngủ, 2WC giá 3,95 tỷ","3,95 tỷ",90 m²,"43,89 tr/m²",3,2,"Vạn Phúc, Hà Đông","20.981418634164523, 105.76763893727963"
42135437,26/02/2025,"Bán nhà khu tập thể Len Nhuộm, Vạn Phúc, Hà Đông, Hà Nội. DT 30/90m2","2,9 tỷ",90 m²,"32,22 tr/m²",3,2,"Vạn Phúc, Hà Đông","20.9751598115794, 105.786601584813"
41380073,26/02/2025,Rẻ nhất 19T5 Kiến Hưng. Bán gấp CH 70m2 full nội thất. Nhỉnh 2.8 tỷ. LH 0357 418 ***,Giá thỏa thuận,70 m²,N/A,2,2,"Kiến Hưng, Hà Đông","20.950202941894531, 105.79106903076172"
41517068,26/02/2025,Cần bán nhanh căn hộ tại tòa CT5 KDT Xala Hà Đông: 68m2 2PN-2WC - full nội thất sđcc. Lh 0357 418 ***,"3,35 tỷ",68 m²,"49,26 tr/m²",2,2,"Phúc La, Hà Đông","20.962467193603516, 105.79236602783203"
42111904,26/02/2025,"Siêu phẩm! Bán CH 3 ngủ 108m2 đầy đủ nội thất. 3 ngủ, view thoáng. SĐCC CC FLC Star Tower, Hà Đông","5,2 tỷ",108 m²,"48,15 tr/m²",3,2,"Quang Trung, Hà Đông","20.962481844097088, 105.76521650851984"
41972293,26/02/2025,"Bán The Charm An Hưng, dt từ 54m2, sổ hồng lâu dài. Giá dự kiến 73- 85tr/m2. LH: 0936 846 *** Hạnh",Giá thỏa thuận,54 m²,N/A,2,1,"La Khê, Hà Đông","20.974501126663718, 105.76085933335192"
41979078,26/02/2025,"Bán The Charm An Hưng, dt từ 94m2, sổ hồng lâu dài. Giá dự kiến 74- 85tr/m2. LH: 0936 846 *** Hạnh",Giá thỏa thuận,94 m²,N/A,3,2,"La Khê, Hà Đông","20.9752235160868, 105.760888542903"
39445293,26/02/2025,Chính chủ gửi bán căn hộ 81.8m2 tòa Samsora - 2PN2WC - View triệu đô - tặng nội thất xịn - ở ngay,"4,7 tỷ","81,8 m²","57,46 tr/m²",2,2,"Quang Trung, Hà Đông","20.973217010498, 105.778854370117"
42146610,26/02/2025,"Bán căn 2 phòng ngủ 1vs tại chung cư FLC, 418 Quang Trung, Hà Đông 60m2, giá chỉ nhỉnh 3 tỷ","3,23 tỷ",60 m²,"53,83 tr/m²",2,1,"Quang Trung, Hà Đông","20.9623290631422, 105.765239558738"
42140831,26/02/2025,"Chính chủ bán căn hộ tầng trung tòa SDU 143 Trần Phú, 2n 2wc tặng lại toàn bộ nội thất giá 2.8x tỷ","2,88 tỷ",51 m²,"56,47 tr/m²",2,2,"Văn Quán, Hà Đông","20.977128706305674, 105.78578195710607"
41601647,26/02/2025,"Giá tốt chốt ngay! Siêu phẩm căn hộ 67m2 2N tòa SDU 143 Trần Phú, Hà Đông - 3, x tỷ - bớt sâu",Giá thỏa thuận,67 m²,N/A,2,2,"Văn Quán, Hà Đông","20.977315902709961, 105.78495788574219"
42146697,26/02/2025,"Bán căn hộ 3pn tại M1 Mipec City View giá tốt nhất chỉ 4,3 tỷ","4,3 tỷ",78 m²,"55,13 tr/m²",N/A,N/A,"Kiến Hưng, Hà Đông","20.95282618422613, 105.79035497316332"
39541742,26/02/2025,"Đẹp xuất sắc! Bán nhanh bán gấp CH - 2PN Samsora, View vườn hoa Hà Đông - sổ đỏ cầm tay","4,7 tỷ","81,8 m²","57,46 tr/m²",2,2,"Quang Trung, Hà Đông","20.973217010498, 105.778854370117"
42173134,26/02/2025,"Chính chủ mình cần bán CH tòa CT5 KĐT Xa La, căn 2n2wc sổ lâu dài, nhà sửa cẩn thận, sẵn về ở","3,3 tỷ",68 m²,"48,53 tr/m²",2,2,"Phúc La, Hà Đông","20.962220586251917, 105.79216675426593"
41537986,26/02/2025,"Cực chất tại tòa CT1 Nam Xa La, SĐCC - chỉ 3,6 tỷ (đã bst và còn thương lượng), diện tích 82m2","3,6 tỷ",82 m²,"43,9 tr/m²",2,2,"Phúc La, Hà Đông","20.9604053497314, 105.794692993164"
41741005,26/02/2025,"Hot - Bán căn hộ 73m2, 2pn + 2wc tòa Xuân Mai Reverside, Mỗ Lao, giá 4.1 tỷ LH chị Thuý 0966 152 ***","4,1 tỷ",73 m²,"56,16 tr/m²",2,2,"Mỗ Lao, Hà Đông","20.985193252563477, 105.7790298461914"
42270028,26/02/2025,Bán căn hộ 2 ngủ - view thoáng - sổ đỏ chính chủ tại CT2 Xa La,"3,15 tỷ",64 m²,"49,22 tr/m²",2,2,"Phúc La, Hà Đông","20.96174851609538, 105.79262693295658"
42141814,26/02/2025,"Chính chủ bán căn hộ 2pn, 2wc - tòa SDU 143 Trần Phú nhà đẹp, thiết kế thoáng, nội thất gỗ cao cấp","2,98 tỷ",52 m²,"57,31 tr/m²",2,2,"Văn Quán, Hà Đông","20.9775007319925, 105.78502695467"
42166276,26/02/2025,"Nhà có lộc Làm ăn phát đạt, chuyển nhà to, nhượng lại căn góc tại CT2 KĐT Xa La: 63m, 2PN, 2WC!","3,1 tỷ",63 m²,"49,21 tr/m²",2,2,"Phúc La, Hà Đông","20.962071318596532, 105.79293751626692"
42269872,26/02/2025,"Bán chung cư tòa A Xuân Mai Yên Nghĩa, dt 51m2, thiết kế 2 phòng ngủ. Hỗ trợ bank","2,75 tỷ",51 m²,"53,92 tr/m²",2,1,"Yên Nghĩa, Hà Đông","20.9596640662306, 105.741852346806"
42224377,26/02/2025,"Bán căn chung cư 93m2, 3 phòng ngủ","5,77 tỷ",93 m²,62 tr/m²,3,3,"Hà Cầu, Hà Đông","20.9673290565529, 105.77775817305785"
42269358,26/02/2025,"BÁN CĂN HỘ ĐẸP TẠI CHUNG CƯ CT1 NAM XA LA, HÀ ĐÔNG lh 0878 800 ***","3,6 tỷ","81,6 m²","44,12 tr/m²",2,2,"Phúc La, Hà Đông","20.960393244392325, 105.79467080486154"
42269354,26/02/2025,bán căn 1 ngủ tại chung cư ct4 Xa La 53m HDMB giá 2.15 tỷ Lh 0878 800 ***,"2,15 tỷ",53 m²,"40,57 tr/m²",1,1,"Phúc La, Hà Đông","20.961958318146127, 105.79589069421533"
42269316,26/02/2025,"Bán CC đẹp xuất sắc tại Thanh Hà Mường Thanh, 2,6 tỷ, 72m2, 2PN, 2WC","2,6 tỷ",72 m²,"36,11 tr/m²",2,2,"Kiến Hưng, Hà Đông","20.93977042973153, 105.78781844503443"
42179028,26/02/2025,Nhà nhà đẹp giá tốt. Chốt ngay căn hộ 2PN 1VS 60m2 tại CT1 Yên Nghĩa,"2,9 tỷ",60 m²,"48,33 tr/m²",2,1,"Yên Nghĩa, Hà Đông","20.9540260227237, 105.744321147401"
41466095,25/02/2025,"Bán căn góc siêu đẹp 84m2, 2 pn, 2vs tại kđt Nam Xa La, Hà Đông - giá tốt nhất chỉ 3,8 tỷ vnd","3,8 tỷ",84 m²,"45,24 tr/m²",2,2,"Phúc La, Hà Đông","20.960405349731445, 105.79469299316406"
42268853,25/02/2025,Chính chủ cần bán - chung cư quốc tế Booyoung - Mỗ Lao - Hà Đông - 107m2 - 3 ngủ - 2wc - 6.1 tỷ,"6,1 tỷ",107 m²,"57,01 tr/m²",3,2,"Mỗ Lao, Hà Đông","20.9834170169318, 105.783838390391"
42268441,25/02/2025,"Bán CC Thanh Hà Mường Thanh, 66m2, 2PN, 2WC, 2,55 tỷ tại Kiến Hưng, Hà Đông, HN","2,55 tỷ",66 m²,"38,64 tr/m²",2,2,"Kiến Hưng, Hà Đông","20.936247884982063, 105.78654523387095"
42268301,25/02/2025,"Bán căn hộ chung cư 2PN, 2WC tại Thanh Hà Mường Thanh, Kiến Hưng, Hà Đông, 2,5 tỷ LH: 0912 123 ***","2,5 tỷ",67 m²,"37,31 tr/m²",2,2,"Kiến Hưng, Hà Đông","20.940353273922266, 105.78736763331233"
42268271,25/02/2025,"Hàng hiếm căn hộ 4PN. Siêu Phẩm Đập Thông 130m2 ở Xuân Mai Sparks Tower, Hà Đông",Giá thỏa thuận,130 m²,N/A,4,3,"Dương Nội, Hà Đông","20.98406620611546, 105.7747003312311"
42268085,25/02/2025,"Tôi chính chủ cần bán nhanh CH 2PN - 58m2 tại CT2 Fodacon Bắc Hà, Mộ Lao Hà Đông (miễn MG). 3.1 tỷ","3,1 tỷ",58 m²,"53,45 tr/m²",2,1,"Mỗ Lao, Hà Đông","20.9825325012207, 105.789642333984"
42268072,25/02/2025,Bán gấp căn góc 84m2 2PN 2WC BC Đông Nam Nam Xa La full nội thất đẹp hướng mát 0943 554 *** (miễn MG),"2,8 tỷ",84 m²,"33,33 tr/m²",2,2,"Phúc La, Hà Đông","20.960009532724104, 105.79432208107427"
42268069,25/02/2025,"Bán gấp giảm sâu căn góc 73 m2 2N 2v full đồ CT6 Xa La. Giá 2,82 tỷ LH 0943 554 *** (Miễn trung gian)","2,82 tỷ",73 m²,"38,63 tr/m²",2,2,"Phúc La, Hà Đông","20.9624671936035, 105.792366027832"
42267425,25/02/2025,"Bán căn hộ CC 2PN, 1WC, 57,2m2 giá ưu đãi tại Bắc Hà Fodacon, Mỗ Lao, Hà Đông. Lh 24/24H 0945 566 ***","3,05 tỷ","57,2 m²","53,32 tr/m²",2,1,"Mỗ Lao, Hà Đông","20.982286344301162, 105.79026772937726"
37115216,25/02/2025,Bán căn 2PN full nội thất (từ 55 - 69m2) dự án Mipec Kiến Hưng Hà Đông,"2,85 tỷ",55 m²,"51,82 tr/m²",2,1,"Kiến Hưng, Hà Đông","20.9525299072266, 105.790313720703"
42267405,25/02/2025,"Bán CC đẹp 4PN, 3WC, 154m2 tại Mulberry Lane, Hà Đông, Tú : 0945 566 ***",9 tỷ,154 m²,"58,44 tr/m²",4,3,"Mỗ Lao, Hà Đông","20.98668348855002, 105.78585578491308"
42265345,25/02/2025,Lý do nào để Kepker Land tự tin ở giá dự kiến 8x triệu/m2 không hề rẻ,Giá thỏa thuận,83 m²,N/A,2,2,"Mỗ Lao, Hà Đông","20.9859539767677, 105.780545204056"
41653167,25/02/2025,"Căn hộ chung cư tại Tòa Tháp Thiên Niên Kỷ giá cực chất 6,2 tỷ VND, 96,7m2","6,2 tỷ","96,7 m²","64,12 tr/m²",2,2,"Quang Trung, Hà Đông","20.97332, 105.77828"
42163024,25/02/2025,"Bán CC 2PN, 2VS tại The K Park, 3,65 tỷ, 59m2, giá ưu đãi, uy tín","3,65 tỷ",59 m²,"61,86 tr/m²",2,2,"Phúc La, Hà Đông","20.9599617645007, 105.791985213463"
42266966,25/02/2025,"Giá cực sốc! Chỉ 3.15 tỷ căn hộ 2pn, 2wc tại HH2 Xuân Mai Complex, Dương Nội","3,15 tỷ",62 m²,"50,81 tr/m²",2,2,"Yên Nghĩa, Hà Đông","20.960190355506573, 105.74185011947442"
42266920,25/02/2025,"Bán nhanh căn hộ 71,6m2 SĐCC chỉ hơn 3 tỷ chút, tại HH2 Xuân Mai Dương Nội, Hà Đông",Giá thỏa thuận,"71,6 m²",N/A,2,2,"Yên Nghĩa, Hà Đông","20.9591679390297, 105.74239656831"
42266729,25/02/2025,"Siêu phẩm biệt thự chạm mây sky villa 700m2 tại TSQ Euroland, 25 Nguyễn Văn Lộc, Mỗ Lao, Hà Đông",42 tỷ,700 m²,60 tr/m²,6,7,"Mỗ Lao, Hà Đông","20.9828498758169, 105.78503171537"
42265051,25/02/2025,"Chung cư hot nhất Hà Đông hiện tại, ngay mặt đường trung tâm của Quận Hà Đông",4 tỷ,63 m²,"63,49 tr/m²",2,2,"Mỗ Lao, Hà Đông","20.9852761932101, 105.779550637118"
42266557,25/02/2025,"Hàng hot căn hộ 81m2 gồm 2 ngủ, 2 vs toà Samsora, trung tâm Hà Đông giá 4,7 tỷ. Lh: 0382 083 ***","4,7 tỷ",81 m²,"58,02 tr/m²",2,2,"Quang Trung, Hà Đông","20.9749683309517, 105.7773469201151"
42264866,25/02/2025,(Siêu rẻ).Bạn em cần bán căn Mulberry-Mỗ Lao (2PN-2W). 90m2.Có sổ.Nội thất.Không có rẻ hơn.Giá 5 tỷ,5 tỷ,89 m²,"56,18 tr/m²",2,2,"Mỗ Lao, Hà Đông","20.98638728903142, 105.78631657259388"
42265420,25/02/2025,"Căn hộ 66m2, giá dự kiến 4,5 tỷ tại Tháp đôi Kepler Land, Hà Đông, Hà Nội",Giá thỏa thuận,66 m²,N/A,2,2,"Mỗ Lao, Hà Đông","20.9853884511027, 105.780175244954"
42266401,25/02/2025,"Sốc, chủ nhà cần tiền bán nhanh CCMN Mỗ Lao, Hà Đông 80m2 7 tầng 17 phòng ngõ thông giá 13,5 tỷ","13,5 tỷ",80 m²,"168,75 tr/m²",18,18,"Mỗ Lao, Hà Đông","20.982683814129604, 105.7811783449995"
41376577,25/02/2025,"Chính chủ cần bán căn hộ tầng trung dự án 19T5 Kiến Hưng, 2 phòng ngủ 70m2 giá chỉ 2,88 tỷ","2,88 tỷ",70 m²,"41,14 tr/m²",2,2,"Kiến Hưng, Hà Đông","20.95020294189453, 105.79106903076172"
42266233,25/02/2025,"Bán CC La Casta Văn Phú, 5,1 tỷ, 68m2, 2PN + 2WC tại Hà Đông, giá tốt","5,1 tỷ",68 m²,75 tr/m²,2,2,"Phú La, Hà Đông","20.963744223951583, 105.76302881098208"
42266227,25/02/2025,"Bán CC The K Park, Lê Trọng Tấn, 4,35 tỷ, 68m2, 2PN, 2WC, siêu hot","4,35 tỷ",68 m²,"63,97 tr/m²",2,2,"Phúc La, Hà Đông","20.9595743771972, 105.792030940729"
42266222,25/02/2025,"Bán căn hộ chung cư 4,6 tỷ, 86 m2 tại Văn Phú Victoria, Lê Trọng Tấn, Hà Đông, Hà Nội giá ưu đãi","4,6 tỷ",86 m²,"53,49 tr/m²",3,2,"Phú La, Hà Đông","20.960310302007148, 105.76842315385619"
41595185,25/02/2025,CT4 Xa La - Chính chủ bán căn hộ 53m2 - 1 ngủ 1wc - có thể sửa 2 ngủ - sổ hồng giá cực tốt 2.46 tỷ,"2,45 tỷ",53 m²,"46,23 tr/m²",1,1,"Phúc La, Hà Đông","20.9624671936035, 105.792366027832"
41157980,25/02/2025,"Rẻ nhất toà CT6 Xa La, Hà Đông - Bán gấp căn hộ 2 ngủ 67m2. Full nội thất. Chỉ 2.7x tỷ","2,79 tỷ",67 m²,"41,64 tr/m²",2,2,"Phúc La, Hà Đông","20.962467193603516, 105.79236602783203"
42265663,25/02/2025,(Rất Rẻ ạ )Bác em có tuổi muốn về quê ở cần bán K-Park Văn Phú 2Ngủ(59m2).Sẵn sổ.Đủ NT.Giá 3 Tỷ86,"3,86 tỷ",59 m²,"65,42 tr/m²",2,2,"Phúc La, Hà Đông","20.959044461909286, 105.76739117503166"
42265418,25/02/2025,"Bán Gấp căn 69m2, tầng Trung, ban công Đông Nam giá 3,x tỷ tòa HTT 89 Phùng Hưng, Phúc La, Hà Đông",3 tỷ,69 m²,"43,48 tr/m²",2,2,"Phúc La, Hà Đông","20.969960604278985, 105.78579716232805"
41837046,25/02/2025,"Bán căn hộ chung cư Mulberry Lane, 5,3 tỷ, 90m2, 2PN + 2WC, đầy đủ nội thất","5,6 tỷ",90 m²,"62,22 tr/m²",2,2,"Mỗ Lao, Hà Đông","20.986182144308934, 105.7860502035589"
42265272,25/02/2025,(Tin Nóng)Em Linh người Hà Đông cần bán HPC Landmark -Tố Hữu (2PN) 86m2.Ban công hướng mát.Đủ sổ.NT,"4,9 tỷ",86 m²,"56,98 tr/m²",2,2,"La Khê, Hà Đông","20.974474998368798, 105.75890627326397"
42265482,25/02/2025,"Chính chủ cần bán gấp căn hộ có ban công phòng khách, dt 80m2 tòa Hh2ABC Xuân Mai Complex, 3PN",Giá thỏa thuận,80 m²,N/A,3,2,"Dương Nội, Hà Đông","20.98466241822236, 105.77473472288197"
36253760,25/02/2025,"Chính chủ cần bán nhanh căn A4, B4 diện tích 95m2 chung cư Anland Premium 5,x tỷ LH 0967 506 ***",Giá thỏa thuận,95 m²,N/A,3,2,"Dương Nội, Hà Đông","20.9763450622559, 105.761497497559"
42265244,25/02/2025,"Bán CC 3PN, 2WC, 111,3m2 tại Bình Vượng 200 Quang Trung, Hà Đông, 5,35 tỷ","5,35 tỷ","111,3 m²","48,07 tr/m²",3,2,"Quang Trung, Hà Đông","20.9668070076478, 105.769441139473"
42265052,25/02/2025,"Rẻ nhất khu vực XaLa! Tôi cần bán nhanh căn 2 ngủ full đồ, SĐCC tại chung cư CT6 Xala chỉ việc ở",Giá thỏa thuận,70 m²,N/A,2,2,"Phúc La, Hà Đông","20.9624193050456, 105.792443370808"
42265039,25/02/2025,"Bán CHCC 3PN, 2WC, 107,6m2 tại HPC Landmark 105, Hà Đông, 6,15 tỷ","6,15 tỷ","107,6 m²","57,16 tr/m²",3,2,"La Khê, Hà Đông","20.9737582861382, 105.758321375054"
42264675,25/02/2025,Siêu phẩm căn hộ sửa 2 ngủ cực hợp lý tại tòa CC Sông Nhuệ (Sails Tower) Hà Đông: Full NT - SDCC,Giá thỏa thuận,47 m²,N/A,2,1,"Kiến Hưng, Hà Đông","20.9598203329064, 105.79890161786"
42264947,25/02/2025,"Cắt lỗ giảm sâu giá nào cũng bán ! Tôi cần bán nhanh căn góc 2 ngủ full đồ, sđcc tại CC CT4 XaLa",Giá thỏa thuận,52 m²,N/A,2,1,"Phúc La, Hà Đông","20.96258937869278, 105.79288985280553"
42264944,25/02/2025,"Bán CC tại KĐT Xa La, 3,35 tỷ, 68m2, đẹp nhiều tiện ích giá tốt","3,35 tỷ",68 m²,"49,26 tr/m²",2,2,"Phúc La, Hà Đông","20.96106389611102, 105.79265657812357"
42264876,25/02/2025,"Chính chủ cần bán nhanh căn hộ 2PN siêu thoáng tòa Xuân Mai, Tô Hiệu, HĐ: 65m2 - NT đầy đủ - SĐCC","3,65 tỷ",65 m²,"56,15 tr/m²",2,2,"Hà Cầu, Hà Đông","20.96200496488676, 105.77369135590904"
42264817,25/02/2025,"Rẻ ơi là rẻ giá nào cũng bán ! Tôi cần bán nhanh căn 2 ngủ full đồ, sđcc tại CC Xuân Mai Complex",Giá thỏa thuận,56 m²,N/A,2,1,"Yên Nghĩa, Hà Đông","20.95942126296672, 105.74264812896398"
42150041,25/02/2025,"Vị trí đắc địa nhà đẹp giá tốt, bán căn hộ 80m2 2 ngủ 2wc giá chỉ 3.4 tỷ tại tòa CT5 Xa La hot","3,4 tỷ",80 m²,"42,5 tr/m²",2,2,"Phúc La, Hà Đông","20.9624114566562, 105.792228367213"
42122303,25/02/2025,Hiếm bán! Căn hộ 134m2 CCCC HYUNDAI HILL STATE ban công đông nam view công viên 100ha quận Hà Đông,"8,6 tỷ",134 m²,"64,18 tr/m²",3,2,"Hà Cầu, Hà Đông","20.9644103758504, 105.773987191874"
42264818,25/02/2025,"Cần bán gấp CH 2 ngủ 63m toà CT1 Xa La, Hà Đông. Nội thất đầy đủ, giá thiện chí",Giá thỏa thuận,63 m²,N/A,2,1,"Phúc La, Hà Đông","20.9736134836792, 105.793851472161"
42264794,25/02/2025,Bán căn hộ 2 phòng ngủ Thiên Niên Kỷ - Quang Trung - Giá chỉ 4.3 tỷ Sổ đỏ chính chủ,"4,3 tỷ",63 m²,"68,25 tr/m²",2,2,"Quang Trung, Hà Đông","20.972911517466468, 105.77813399132646"
42122866,25/02/2025,"Bán căn hộ 4PN 2VS diện tích 133,3m2 chung cư HPC LANDMARK 105 đường Tố Hữu.","7,5 tỷ","133,3 m²","56,26 tr/m²",4,2,"La Khê, Hà Đông","20.973421526873018, 105.75909829795968"
42159793,25/02/2025,"Nhà đẹp giá rẻ, Bán căn hộ 69.5m2 2 ngủ 2wc tại tòa CT4 Xa la giá chỉ 3.2 tỷ","3,2 tỷ","69,5 m²","46,04 tr/m²",2,2,"Phúc La, Hà Đông","20.962452277717748, 105.79240547877541"
42264413,25/02/2025,"CHÍNH CHỦ CẦN BÁN NHANH CĂN HỘ 2 NGỦ- SDCC- FULL NỘI THẤT TẠI TÒA CT6 KDT XALA, HÀ ĐÔNG,HN.",Giá thỏa thuận,70 m²,N/A,2,2,"Phúc La, Hà Đông","20.962466599033085, 105.79236391141701"
41328604,25/02/2025,"Khẳng định giá tốt nhất khu vực cần bán nhanh căn 3 ngủ full đồ, SĐCC tại CC Fodacon Bắc Hà, HĐ, HN",Giá thỏa thuận,112 m²,N/A,3,2,"Mỗ Lao, Hà Đông","20.9825325012207, 105.789642333984"
42146879,25/02/2025,"Bán căn hộ CC KĐT Văn Quán, giá thỏa thuận, 77m2, 2PN, 2WC",Giá thỏa thuận,77 m²,N/A,2,2,"Phúc La, Hà Đông","20.974320466709152, 105.78869508564276"
41083904,25/02/2025,"Hiếm có khó tìm: Dự án FLC Star Tower, 100m2, 3 ngủ 2 vs. SĐCC, full đồ về ở. LH: 0817 468 ***",Giá thỏa thuận,100 m²,N/A,3,2,"Quang Trung, Hà Đông","20.9625549316406, 105.765251159668"
42175797,25/02/2025,"Bán căn hộ chung cư giá tốt tại Khu nhà ở Bắc Hà, Nguyễn Trãi, Mỗ Lao, Hà Đông, Hà Nội, 128,5m2",Giá thỏa thuận,"128,5 m²",N/A,3,2,"Mỗ Lao, Hà Đông","20.98294195932352, 105.7890586426643"
40644253,25/02/2025,"Chính chủ bán căn hộ 70m2 ban công Đông Nam mát rượi chỉ 3,x tỷ tại chung cư Sông Nhuệ LK Kđt Xa La",Giá thỏa thuận,70 m²,N/A,2,1,"Kiến Hưng, Hà Đông","20.959997177124, 105.798553466797"
41591719,25/02/2025,Tôi cần bán căn hộ Xa La - tầng trung đẹp - giá hợp lý - nhà full nội thất 0845 994 ***,Giá thỏa thuận,67 m²,N/A,2,2,"Phúc La, Hà Đông","20.962467193603516, 105.79236602783203"
32392264,25/02/2025,"Chính chủ cần chuyển nhượng căn chung cư Anland LakeView giá 4.7 tỷ, tầng 1x đẹp LH 0967 506 ***","4,7 tỷ",74 m²,"63,51 tr/m²",2,2,"Dương Nội, Hà Đông","20.9830436706543, 105.757339477539"
32158781,25/02/2025,"Chính chủ bán cắt lỗ căn 74m2 2PN 2VS chung cư Anland LakeView giá nhỉnh 4,x tỷ LH 0911 460 ***",Giá thỏa thuận,74 m²,N/A,2,2,"Dương Nội, Hà Đông","20.9830436706543, 105.757339477539"
41455386,25/02/2025,"Bán căn hộ hàng Net tại toà HH2L Xuân Mai Tố Hữu. 55m2 2 ngủ 2wc full nội thất, sổ đỏ chính chủ","2,86 tỷ",55 m²,52 tr/m²,2,2,"Yên Nghĩa, Hà Đông","20.959775924682617, 105.74188232421875"
42264254,25/02/2025,"Bán gấp căn hộ 73m2 chỉ 3.7x tỷ SĐCC tại The Pride Hải Phát, La Khê, Hà Đông",Giá thỏa thuận,73 m²,N/A,2,2,"La Khê, Hà Đông","20.975347635022793, 105.7616835658956"
42150381,25/02/2025,Chỉ 2.8x tỷ để sở hữu căn hộ 55m2 2 ngủ tại dự án Xuân Mai Dương Nội mặt đường Tố Hữu. Nhà mới đẹp,"2,88 tỷ",55 m²,"52,36 tr/m²",2,1,"Dương Nội, Hà Đông","20.964201364453032, 105.74975813373968"
42150298,25/02/2025,Nhà siêu đẹp mà giá rẻ bất ngờ tại CT7H Xuân Mai Dương Nội căn hộ 72m2 2 ngủ 2wc giá chỉ 3.6 tỷ,"3,6 tỷ",72 m²,50 tr/m²,2,2,"Dương Nội, Hà Đông","20.96479542953706, 105.7499132912647"
42263981,25/02/2025,"Bán nhanh - căn 2PN, 2WC tòa 197 Trần Phú, Hà Đông, sổ hồng vĩnh viễn, giá 3tỷ850","3,85 tỷ",71 m²,"54,22 tr/m²",2,2,"Văn Quán, Hà Đông","20.9800553265637, 105.786703709608"
42264097,25/02/2025,"BÁN nhanh căn hộ 63m 2N2WC tòa CT6 Hà Đông, HĐMB, Giá chỉ nhỉnh 1,9 tỷ","1,95 tỷ",63 m²,"30,95 tr/m²",2,2,"Phúc La, Hà Đông","20.961969063112125, 105.79175690040671"
40156570,25/02/2025,"Căn góc Đông Nam, ban công phòng khách, 122m2, full nội thất đẹp, HPC Landmark 105","6,2 tỷ",122 m²,"50,82 tr/m²",3,2,"La Khê, Hà Đông","20.9736671447754, 105.758712768555"
42146134,25/02/2025,Chính chủ bán gấp CHCC tòa TTTM (Đức Thành) Xa La Hà Đông: 70m2 - 2PN. Giá 3.1tỷ,"3,1 tỷ",70 m²,"44,29 tr/m²",2,2,"Phúc La, Hà Đông","20.9607025102726, 105.792235977321"
42263756,25/02/2025,Chính chủ bán căn DT 225m2 - Full nội thất- Ban công DN - Giá tốt ! LH : 0961 846 ***,12 tỷ,225 m²,"53,33 tr/m²",4,2,"Vạn Phúc, Hà Đông","20.9850161869695, 105.77530354082654"
42263634,25/02/2025,"Bán căn hộ chung cư 3 tỷ, 80m2 tại Bắc Hà, Nguyễn Trãi, Mỗ Lao, Hà Đông, Hà Nội giá cực chất",3 tỷ,80 m²,"37,5 tr/m²",2,2,"Mỗ Lao, Hà Đông","20.982627532118762, 105.78994569889304"
42262993,25/02/2025,Căn 2N giá tốt nhất khu CT1 BTL Yên Nghĩa,"3,25 tỷ",68 m²,"47,79 tr/m²",2,2,"Yên Nghĩa, Hà Đông","20.954426068200327, 105.74445532787831"
41912741,25/02/2025,Lần đầu tiên xuất hiện 6pn căn hộ đập thông 225m2 Seasons Avenue chỉ từ 15 tỷ - 0981 960 ***,15 tỷ,225 m²,"66,67 tr/m²",6,4,"Mỗ Lao, Hà Đông","20.98690759362861, 105.78673343288763"
37396595,25/02/2025,Bán cắt lỗ sâu 2 căn góc đẹp nhất 95m2 dự án La Casta Văn Phú - LH 0981 960 ***,Giá thỏa thuận,95 m²,N/A,2,2,"Phú La, Hà Đông","20.9634590148926, 105.762763977051"
42061493,25/02/2025,"Bán gấp CH Mulberry Lane, Mỗ Lao, Hà Đông, 7 tỷ, 121.8m2. Liên hệ 24/24h ngay với sđt 0945 566 ***",7 tỷ,"121,8 m²","57,47 tr/m²",2,2,"Mỗ Lao, Hà Đông","20.9867931920306, 105.786105533625"
42114053,25/02/2025,"Bán gấp căn hộ CC Mulberry Lane, 7,9 tỷ bao mọi loại phí, 154m2, 3PN (LH xem ngay: 0945 566 ***)","7,9 tỷ",154 m²,"51,3 tr/m²",3,2,"Mỗ Lao, Hà Đông","20.986721293428523, 105.78638063932532"
42113915,25/02/2025,"Sắm nhà thôi, bán CC Mulberry Lane, Mỗ Lao, Hà Đông, Hà Nội, 2pn - 5 tỷ, 80m2. LH 24/24h 0945 566 ***",5 tỷ,80 m²,"62,5 tr/m²",2,2,"Mỗ Lao, Hà Đông","20.9862181969983, 105.786546293333"
42263070,25/02/2025,Tòa CT6 Xa La - 2 ngủ 2wc cần bán gấp - tầng trung - nhà đẹp - giá hợp lý - sổ hồng,"2,75 tỷ",67 m²,"41,04 tr/m²",2,2,"Phúc La, Hà Đông","20.9620318318536, 105.791952636219"
42263004,25/02/2025,"Căn hộ 2PN CT6A Xa La, Kiến Hưng, Hà Đông - Sổ đỏ chính chủ, giá tốt","2,89 tỷ",70 m²,"41,29 tr/m²",2,2,"Kiến Hưng, Hà Đông","20.9625281959332, 105.792246319714"
42262966,25/02/2025,"Bán căn hộ chung cư tại Ngô Thì Nhậm, 4,5 tỷ, 80 m2","4,5 tỷ",80 m²,"56,25 tr/m²",2,2,"Hà Cầu, Hà Đông","20.9689382407768, 105.768666349235"
42262854,25/02/2025,"Bán căn góc CT7 Văn Quán - Đông Bắc - Đông Nam. Diện tích 77m2, 2pn, 2vs. Trục đẹp, mát",Giá thỏa thuận,77 m²,N/A,2,2,"Phúc La, Hà Đông","20.973386914207772, 105.78967325425347"
42262845,25/02/2025,"Bán CC A5 Học Viện Quân Y hà đông 72m2 2PN 2WC giá 3,9 tỷ bàn giao 2021 full đồ","3,9 tỷ",72 m²,"54,17 tr/m²",2,2,"Phúc La, Hà Đông","20.9697237944265, 105.786024506087"
42262929,25/02/2025,"Bán căn hộ chung cư Mulberry Lane, 8 tỷ VND, 154 m2, 3PN, 2WC, giá ưu đãi Lh 24/24h ngay 0945 566 ***",8 tỷ,154 m²,"51,95 tr/m²",3,2,"Mỗ Lao, Hà Đông","20.986523441508645, 105.78654454129354"
41501699,25/02/2025,"Cực thiện chí bán căn hộ 2 ngủ cực thoáng mát tòa CT1 Nam Xa La, Hà Đông: 81.6m2 full nội thất sđcc",Giá thỏa thuận,"81,6 m²",N/A,2,2,"Phúc La, Hà Đông","20.9604053497314, 105.794692993164"
42262734,25/02/2025,Chủ nhà cần bán căn góc 69m 2 ngủ 2 wc tòa thương mại Mipec City View Kiến Hưng LH 0973 776 ***,Giá thỏa thuận,69 m²,N/A,2,2,"Kiến Hưng, Hà Đông","20.95211661003842, 105.79109907726865"
42061652,25/02/2025,"Bán căn Duplex tại New Skyline, Văn Quán, Hà Đông, căn góc, sân vườn rộng, view hồ","18,5 tỷ","336,7 m²","54,94 tr/m²",6,4,"Văn Quán, Hà Đông","20.979665278911654, 105.79249054027206"
42262302,25/02/2025,"Bán căn hộ 2 ngủ 47m chung cư Sông Nhuệ, Hà Đông. Full nội thất",Giá thỏa thuận,47 m²,N/A,2,1,"Kiến Hưng, Hà Đông","20.96001445613175, 105.79945374471059"
42261899,25/02/2025,(Quá HOT) Gđ cần bán căn hộ 2 ngủ (74m2) tại Andland LakeView mới. Đủ nội thất và sổ. Giá 4 tỷ 85,"4,85 tỷ",74 m²,"65,54 tr/m²",2,2,"Dương Nội, Hà Đông","20.9829487730482, 105.756805628347"
42261815,25/02/2025,"Bán gấp căn hộ 2pn SĐCC tại CT7 KĐT Dương Nội, Hà Đông. Giá chỉ 2. Xx tỷ",Giá thỏa thuận,56 m²,N/A,2,1,"Dương Nội, Hà Đông","20.9791549130932, 105.744240373947"
42261800,25/02/2025,"Giá cực sốc! Chỉ 2. Xx tỷ căn 2PN - 2WC SĐCC tại SDU 143 Trần Phú, Hà Đông",Giá thỏa thuận,52 m²,N/A,2,2,"Văn Quán, Hà Đông","20.9774084517897, 105.78444540968"
42261785,25/02/2025,"Bán gấp căn hộ 2PN, 2WC hướng Đông Nam chỉ nhỉnh 3 tỷ tại CT7HJK, KĐT Dương Nội",Giá thỏa thuận,56 m²,N/A,2,2,"Dương Nội, Hà Đông","20.9647631024608, 105.750102574205"
41585964,25/02/2025,"Bán căn hộ chung cư Sông Nhuệ, diện tích 48m 2 ngủ, sổ đỏ, full nội thất xịn, 2.4 tỷ","2,4 tỷ",48 m²,50 tr/m²,2,1,"Kiến Hưng, Hà Đông","20.959997177124023, 105.79855346679688"
42261865,25/02/2025,"Chính chủ bán căn tầng 28 tòa CT6, kđt Xa La, nhà có đồ cơ bản sẵn về ở, 2n2wc có sổ hồng",Giá thỏa thuận,70 m²,N/A,2,2,"Phúc La, Hà Đông","20.962129167879343, 105.79213685283798"
42164134,25/02/2025,"Duy nhất một căn 02 ngủ 66m2 thông thủy rẻ nhất thị trường 3.3 tỷ, chung cư ICID Complex","3,3 tỷ",66 m²,50 tr/m²,2,2,"Dương Nội, Hà Đông","20.98187570658207, 105.74262293074487"
37407011,25/02/2025,"Chính chủ bán căn góc đông Nam 02 ngủ 80m2 rẻ nhất thị trường 3.95 tỷ, chung cư ICID Complex","3,95 tỷ",80 m²,"49,38 tr/m²",2,2,"Dương Nội, Hà Đông","20.9819164276123, 105.742492675781"
41767549,25/02/2025,"Chính chủ bán căn Mipec City View 56M 2 ngủ 2 vệ sinh, sổ đỏ, giá 2.96 tỷ","2,96 tỷ",56 m²,"52,86 tr/m²",2,1,"Kiến Hưng, Hà Đông","20.952529907226562, 105.79031372070312"
42261436,25/02/2025,(VIPPRO) đổi nhà to em cần bán căn 3PN (90m2) Terra An Hưng 5tỷ9 cửa TB ban công ĐN sẵn sổ nội thất,"5,9 tỷ",90 m²,"65,56 tr/m²",3,1,"La Khê, Hà Đông","20.97219270045963, 105.75694250560095"
42261277,25/02/2025,Chủ nhà nhiệt bán giảm giá cực sốc chỉ còn 2.8x tỷ full nội thất - tòa CT6A Xa La - đẹp ở ngay,Giá thỏa thuận,70 m²,N/A,2,2,"Phúc La, Hà Đông","20.9624603451408, 105.792302955108"
41744433,25/02/2025,"Cần tiền đầu tư kinh doanh Bán Gấp căn 79m, 2PN nhỉnh 4 tỷ chung cư Usilk, Tố Hữu, Hà Đông. Full đồ","4,6 tỷ",94 m²,"48,94 tr/m²",2,2,"La Khê, Hà Đông","20.974472045898438, 105.76087951660156"
42149721,25/02/2025,Chỉ 2.8x tỷ để sở hữu ngay căn hộ 70m2 2 ngủ 2wc tại dự án CT6 Xa La Hà Đông. Full nội thất xịn xò,"2,89 tỷ",70 m²,"41,29 tr/m²",2,2,"Phúc La, Hà Đông","20.96239146658296, 105.7926065659838"
41736030,25/02/2025,"Chính chủ Bán Gấp căn 3PN, 85m2 tầng Trung giá 4,0x tỷ CC Xuân Mai Complex, Tố Hữu, Hà Đông.Full đồ",Giá thỏa thuận,85 m²,N/A,3,2,"Yên Nghĩa, Hà Đông","20.9597759246826, 105.741882324219"
42158400,25/02/2025,"Bán căn góc 3 ngủ diện tích 89m tòa 197 trần phú văn quán Hà Đông giá chỉ 4,x tỷ - LH 0986 726 ***","4,8 tỷ",89 m²,"53,93 tr/m²",3,2,"Văn Quán, Hà Đông","20.979334398938963, 105.7879662230233"
42103731,25/02/2025,"Bán CH tầng trung đẹp tại tòa BMM kđt Xa La, Hà Đông, SĐCC, 2n 2wc 74m2, giá thương lượng","3,25 tỷ",74 m²,"43,92 tr/m²",2,2,"Phúc La, Hà Đông","20.9622188989239, 105.792467166974"
42261097,25/02/2025,"Bán gấp chung cư tòa CT5A KĐTM Văn Khê, Hà Đông. DT 110m2, 3 PN. Giá 4,63 tỷ","4,63 tỷ",110 m²,"42,09 tr/m²",3,2,"La Khê, Hà Đông","20.973066593858146, 105.76410761448916"
42260693,25/02/2025,"Bán căn hộ toà 19T5 - giá chỉ 3 tỷ đã sở hữu ngay căn hộ 70m2, 2 ngủ 2 vệ sinh",3 tỷ,70 m²,"42,86 tr/m²",2,2,"Kiến Hưng, Hà Đông","20.950603202807386, 105.79083302800416"
42167043,25/02/2025,"Chính chủ mình cần bán CH tòa CT5 kđt Xa La, căn 2n 2wc sổ lâu dài, nhà sửa cẩn thận, sẵn về ở",Giá thỏa thuận,68 m²,N/A,2,2,"Phúc La, Hà Đông","20.9628516412103, 105.792673748345"
41510913,25/02/2025,Chính chủ có căn hộ tầng 10 tại toà CT7C cần bán nhà 56m2 nội thất mới tinh,Giá thỏa thuận,56 m²,N/A,2,1,"Dương Nội, Hà Đông","20.979867935180664, 105.7439193725586"
40592591,25/02/2025,Chính chủ cần bán căn hộ 81m2 tại CT7 Dương Nội nhà full nội thất mới tinh sẵn sổ giao dịch luôn,Giá thỏa thuận,81 m²,N/A,2,2,"Dương Nội, Hà Đông","20.981019973754883, 105.75489807128906"
42129424,25/02/2025,Chính chủ ko chó nhu cầu ở cần bán căn hộ 84m2 tại CT8A Dương Nội,"3,53 tỷ",84 m²,"42,02 tr/m²",2,2,"Dương Nội, Hà Đông","20.979906237835465, 105.74411547988413"
42170340,25/02/2025,Bán căn hộ chung cư CT4 Văn Khê Hà Đông full nội thất,"4,45 tỷ",114 m²,"39,03 tr/m²",3,2,"La Khê, Hà Đông","20.9721843926456, 105.761754538044"
42155689,25/02/2025,"Gia đình cần bán căn hộ 65m2 đang ở, sẵn nội thất tại tòa chung cư Xuân Mai Tô Hiệu, Hà Đông",Giá thỏa thuận,65 m²,N/A,2,1,"Hà Cầu, Hà Đông","20.962611262869871, 105.77425207799079"
38885811,25/02/2025,"Cần bán chung cư 19T Kiến Hưng, 70m2 full nội thất ở được ngay",3 tỷ,70 m²,"42,86 tr/m²",2,2,"Kiến Hưng, Hà Đông","20.9528064727783, 105.785003662109"
42172772,25/02/2025,"Gia đình cần bán căn hộ 68m2 đang ở, sẵn nội thất tại tòa chung cư SDU 143 Trần Phú",Giá thỏa thuận,68 m²,N/A,2,2,"Văn Quán, Hà Đông","20.9772782364771, 105.78489814655"
42145992,25/02/2025,"Tòa 197 Trần Phú, Hà Đông - CC 3PN 2WC - 132m2 - 6,1 tỷ - SĐCC - siêu rộng, siêu thoáng","6,1 tỷ",132 m²,"46,21 tr/m²",3,2,"Văn Quán, Hà Đông","20.9800993877419, 105.78771974743"
41558909,25/02/2025,CHCC siêu chất - giá siêu ngất chỉ 3.2x tòa SDU 143 Trần Phú 2pn 2wc - sđcc - sang tên lần 2 hết ít,"3,29 tỷ",67 m²,"49,1 tr/m²",2,2,"Văn Quán, Hà Đông","20.97731590271, 105.784957885742"
42260112,25/02/2025,"Siêu hót căn hộ tòa B Xuân Mai Tô Hiệu, 65m2, 2PN - 1VS giá chỉ 3.6xỷ","3,65 tỷ",65 m²,"56,15 tr/m²",2,1,"Hà Cầu, Hà Đông","20.9624135907654, 105.773852897105"
42147412,25/02/2025,"Nhà đẹp chốt nhanh tay căn 97m2, 2N - 2WC toà căn hộ toà V3 Victoria, giá nhỉnh 5. X tỷ","5,2 tỷ",97 m²,"53,61 tr/m²",2,2,"Phú La, Hà Đông","20.9601986330927, 105.769076992793"
42259934,25/02/2025,"Chính chủ bán căn hộ 76m2 tại TTTM TSQ, Mỗ Lao, full nội thất. Sẵn sổ giao dịch",Giá thỏa thuận,76 m²,N/A,2,1,"Mỗ Lao, Hà Đông","20.978123198960695, 105.7834183814101"
42259821,25/02/2025,"Bán chung cư An Lạc, Hà Đông căn góc 101m2, 3 ngủ, 2 vs chỉ 4.48 tỷ","4,48 tỷ",101 m²,"44,36 tr/m²",3,2,"Quang Trung, Hà Đông","20.9644884330613, 105.765085929507"
42040050,25/02/2025,"Tôi cần bán chung cư Ellipse Tower 110 Trần Phú căn góc 125m2, 3 ngủ, 2 vs nhỉnh 5 tỷ","5,08 tỷ",125 m²,"40,64 tr/m²",3,2,"Mỗ Lao, Hà Đông","20.9777267177741, 105.783544237076"
42256020,25/02/2025,"Bán CC 3PN, 2WC, 74,6m2 tại Anland Premium, 4,85 tỷ, Hà Đông, HN","4,85 tỷ","74,6 m²","65,01 tr/m²",3,2,"La Khê, Hà Đông","20.977178922379, 105.761776615445"
42259683,25/02/2025,Chính chủ bán căn 2 ngủ tầng trung TSQ 70m2 (2n - 1vs). Sẵn sổ. Lh: 0965 610 ***,Giá thỏa thuận,70 m²,N/A,2,1,"Mỗ Lao, Hà Đông","20.978786908661895, 105.78330256026555"
42255135,24/02/2025,"Chính chủ bán căn hoa hậu của dự án. 225m2. Tầng trung, căn góc, full nội thất. Cửa TB ban công ĐN","12,3 tỷ",225 m²,"54,67 tr/m²",4,3,"Mỗ Lao, Hà Đông","20.9836265680343, 105.786242703599"
42254608,24/02/2025,Chính chủ gửi bán quỹ căn hộ Thiên Niên Kỷ 60-76m2 giá thương lượng sẵn sổ,5 tỷ,76 m²,"65,79 tr/m²",2,2,"Quang Trung, Hà Đông","20.9736858670602, 105.778677491424"
42042917,24/02/2025,"Chính chủ bán căn siêu hiếm thời điểm hiện tại. 78m2. 2PN - 2Vs. Tầng trung, ban công ĐN full đồ","4,35 tỷ",78 m²,"55,77 tr/m²",2,2,"Vạn Phúc, Hà Đông","20.978255868201213, 105.77283130180604"
42221720,24/02/2025,"Chính chủ bán nhanh căn 100m2, full NT đẹp, có slot ô tô tại Mulberry Lane, Hà Đông. Giá: 5,xx tỷ",Giá thỏa thuận,100 m²,N/A,3,2,"Mỗ Lao, Hà Đông","20.9871246726693, 105.785730680769"
42254041,24/02/2025,"Cần tiền bán gấp căn chung cư chính chủ FLC Star Tower 418 Quang Trung, Hà Đông","4,05 tỷ",75 m²,54 tr/m²,2,2,"Quang Trung, Hà Đông","20.9625530047825, 105.765194276725"
41885473,24/02/2025,Chính chủ gửi bán căn góc 76m2. Tầng đẹp. Giá tốt nhất thị trường 3.9x.,"3,98 tỷ",76 m²,"52,37 tr/m²",2,2,"Dương Nội, Hà Đông","20.981896893186807, 105.74252880136609"
42230493,24/02/2025,Tôi chính chủ cần bán chung cư Xuân Mai - Tô Hiệu - Hà Đông: Căn lô góc 120m2 lh 0829 919 ***,"6,6 tỷ",120 m²,55 tr/m²,3,2,"Hà Cầu, Hà Đông","20.96282827137689, 105.77253792377878"
42250780,24/02/2025,"Bán căn hộ 2PN, 75m2, 5,14 tỷ tại The Terra An Hưng, Hà Đông, view đẹp, uy tín","5,14 tỷ",75 m²,"68,53 tr/m²",2,2,"La Khê, Hà Đông","20.9723612607824, 105.757337650345"
40987652,24/02/2025,"Chính chủ bán căn hộ chung cư ICID Lê Trọng Tấn, căn góc tầng đẹp thiết kế 3 ngủ, 2 WC","5,5 tỷ","84,5 m²","65,09 tr/m²",3,2,"Dương Nội, Hà Đông","20.9819164276123, 105.742492675781"
41631985,24/02/2025,Bán chung cư 3 phòng ngủ 2 WC phường Dương Nội gần Aeon Mall Hà Đông,"5,3 tỷ",86 m²,"61,63 tr/m²",3,2,"Dương Nội, Hà Đông","20.981916427612305, 105.74249267578125"
42122379,24/02/2025,"Bán Căn hộ CC 3PN 2WC tại ICID Complex, 5,2 tỷ, 85,2 m2, giá cực chất","5,2 tỷ","85,2 m²","61,03 tr/m²",3,2,"Dương Nội, Hà Đông","20.9819260151061, 105.742490969519"
41758199,24/02/2025,"Chính chủ tôi bán căn hộ tại Thanh Hà Cienco 5 Kiến Hưng, Hà Đông, Full nội thất","2,5 tỷ",70 m²,"35,71 tr/m²",N/A,N/A,"Kiến Hưng, Hà Đông","20.9397029876709, 105.787254333496"
42242568,24/02/2025,"Bán chung cư tại Hà Đông: Căn hộ 122m2 giá chỉ tầm 6 tỷ, full nội thất ở ngay",6 tỷ,122 m²,"49,18 tr/m²",N/A,N/A,"Hà Cầu, Hà Đông","20.9628826484952, 105.77352320329"
42247596,24/02/2025,"CC bán căn 811 CT4 Booyoung, 3 ngủ, 107m2, full nội thất","6,2 tỷ",107 m²,"57,94 tr/m²",3,2,"Mỗ Lao, Hà Đông","20.9833397812912, 105.78344164222"
42311818,08/03/2025,Quỹ căn độc quyền! Dự án The Charm An Hưng. Mở bán suất ngoại giao tầng đẹp lh 0983 180 *** giá tốt,"5,1 tỷ",74 m²,"68,92 tr/m²",2,2,·,"20.97528474632491, 105.76037509957708"
42037149,08/03/2025,"10 Suất ngoại giao giá rẻ nhất tại dự án The Charm An Hưng, hỗ trợ ls 0% 15 tháng, lh 0983 119 ***","5,2 tỷ",77 m²,"67,53 tr/m²",2,2,·,"20.974747808295007, 105.76082040903465"
42363641,07/03/2025,"20 căn tầng đẹp nhất dự án, giá gốc chủ đầu tư, miễn phí dịch vụ, chiết khấu siêu khủng","4,9 tỷ",70 m²,70 tr/m²,3,2,·,"20.9746455202052, 105.761068758615"
42337413,07/03/2025,"TOP 11 CĂN HỘ CÓ GIÁ BÁN TỐT NHẤT CHUNG CƯ THE CHARM AN HƯNG, NHẬN BOOKING RA HÀNG ĐỢT 3",Giá thỏa thuận,54 m²,N/A,2,1,·,"20.974681148098902, 105.76075977051738"
42347513,07/03/2025,"DUY NHẤT 5 SUẤT TẶNG 2 CHỈ VÀNG KHI ĐẶT MUA CĂN HỘ , đóng 15% kí HĐMB, LS 0% hỗ trợ 15T",Giá thỏa thuận,"72,6 m²",N/A,2,2,·,"20.974965183652394, 105.76008985709349"
41860304,07/03/2025,Cam kết Lấy Căn Tầng Đúng Nhu Cầu The Charm An Hưng - Tải Full Quỹ Căn Giá Tốt.,Giá thỏa thuận,77 m²,N/A,2,2,·,"20.9745469549635, 105.761241685925"
42366293,08/03/2025,"NGOẠI GIAO: CĂN 1-2-3PN đẹp nhất DỰ ÁN KEPLER TSQ, TẦNG ĐẸP+ HƯỚNG MÁT+ VIEW HỒ TRUNG VĂN","2,92 tỷ",45 m²,65 tr/m²,1,1,"Mỗ Lao, Hà Đông","20.984681101985267, 105.77999738348569"
42092039,08/03/2025,QUỸ CĂN NGOẠI GIAO ĐẦU TIÊN ĐẸP NHẬT DỰ ÁN KEPLER LAND MỖ LAO HÀ ĐÔNG CK 16% CHO KHÁCH HÀNG ƯU TIÊN,4 tỷ,77 m²,"51,95 tr/m²",2,2,"Mỗ Lao, Hà Đông","20.9856739187377, 105.780342936538"
42370598,08/03/2025,"Mở bán quỹ căn dự án Kepler Land Hà Đông: 1PN, 2PN, 3PN. Uy tín, chất lượng, giá cạnh tranh nhất!",Giá thỏa thuận,66 m²,N/A,2,N/A,"Mỗ Lao, Hà Đông","20.9845679036063, 105.784692973415"
42370178,08/03/2025,"LẤY CĂN ĐÚNG Ý - THE CHARM AN HƯNG
CHỈ TỪ 1,5 TỶ - HỖ TRỢ VAY 70% LS 0% KÝ HĐMB TRỰC TIẾP CĐT",5 tỷ,72 m²,"69,44 tr/m²",2,2,"La Khê, Hà Đông","20.974522011441646, 105.76080636051846"
42369736,08/03/2025,""" Chính Chủ "" CC Mulberry Lane, 154m2 LOẠI 4PN, Mỗ Lao, Hà Đông, HN - LH: 0981 960 ***",Giá thỏa thuận,154 m²,N/A,3,2,"Mỗ Lao, Hà Đông","20.9862187415862, 105.78629491909912"
14082007,08/03/2025,Xả hàng đầu năm quỹ căn giá tốt Mulberry Lane - LH: 0981 960 ***,Giá thỏa thuận,123 m²,N/A,3,2,"Mỗ Lao, Hà Đông","20.9868438538229, 105.786249884671"
42369634,08/03/2025,"NHẬN ĐẶT MUA CĂN GÓC 3PN 2WC 103m2 tại Tháp đôi Kepler Land, Mỗ Lao, Hà Đông - 0981 960 ***",80 triệu,103 m²,"776,7 nghìn/m²",3,2,"Mỗ Lao, Hà Đông","20.98567150629351, 105.77946668958543"
42320270,08/03/2025,Quỹ căn đối ngoại đầu tiên đẹp nhất dự án Kepler Land Mỗ Lao Hà Đông CK 10% cho khách hàng ưu tiên,"2,92 tỷ",45 m²,65 tr/m²,2,1,"Mỗ Lao, Hà Đông","20.985518421254067, 105.78010686213831"
42267738,07/03/2025,Quỹ hàng ngoại giao án chung cư Kepler Land Mỗ Lao diện tích từ 53m2 - 72m2 hỗ trợ vay Bank 70%,Giá thỏa thuận,72 m²,N/A,2,2,"Mỗ Lao, Hà Đông","20.985945385379512, 105.78014735383282"
42267607,07/03/2025,Quỹ hàng ngoại giao căn đẹp dự án chung cư The Charm -Tố Hữu triết khấu 3% cho khách hàng,Giá thỏa thuận,72 m²,N/A,2,2,"La Khê, Hà Đông","20.974552812456697, 105.76054477436087"
41588334,07/03/2025,"Thông tin chuẩn! Chính chủ bán gấp 2 căn hộ tại tòa B và tòa C Mulberry Lane, 2pn-3pn, giá giảm sâu","6,3 tỷ",116 m²,"54,31 tr/m²",3,2,"Mỗ Lao, Hà Đông","20.98651885986328, 105.7863998413086"
42001279,07/03/2025,"Chính chủ cần bán CH Goldsilk Complex Hà Đông, DT 122m2 gồm 4 ngủ 3VS full nội thất mới, giá 7tỷ",7 tỷ,122 m²,"57,38 tr/m²",4,3,"Vạn Phúc, Hà Đông","20.9785473380608, 105.772599531812"
41932151,07/03/2025,"Chính chủ trên sổ bán chung cư FLC, diện tích 113,3m2 4 ngủ 2 vệ sinh, giá 5.85 tỷ có thương lượng","5,85 tỷ","113,3 m²","51,63 tr/m²",4,2,"Quang Trung, Hà Đông","20.9627148770868, 105.765271336241"
41141828,07/03/2025,Cập nhật quỹ căn đang bán giá rẻ nhất tại chung cư Park Kiara KĐT ParkCity Hà Nội. LH 0968 450 ***,"8,55 tỷ",91 m²,"93,96 tr/m²",3,2,"La Khê, Hà Đông","20.9673748016357, 105.754013061523"
42372289,08/03/2025,"CHÍNH CHỦ NHÀ EM BÁN CĂN HỘ 86M2 3N, SAMSORA HÀ ĐÔNG, SẴN SỔ, FULL NỘI THẤT DỌN VỀ Ở NGAY, CỰC LỘC",5 tỷ,86 m²,"58,14 tr/m²",3,2,"Quang Trung, Hà Đông","20.975892811081117, 105.77692033350469"
42285313,08/03/2025,"Căn Góc view hồ điều hòa đẹp và rẻ nhất KĐT Thanh Hà, 76m2 2 ngủ 2vs, tầng trung full đồ sịn 2,x tỷ",Giá thỏa thuận,76 m²,N/A,2,2,"Kiến Hưng, Hà Đông","20.9400473250376, 105.786819865404"
42370474,08/03/2025,"Hàng hiếm tại Grand Sunlake, Văn Quán, Hà Đông 92m2, 3PN, giá chỉ từ 4.7 tỷ. Hướng ĐN view hồ","4,7 tỷ",92 m²,"51,09 tr/m²",3,2,"Văn Quán, Hà Đông","20.98017241790524, 105.78700136751286"
34943087,08/03/2025,"Chủ nhà cần gửi 2 căn 90m2 view hồ Mulberry Lane giá 5,xtỷ - Hotline: 0981 960 ***","5,9 tỷ",90 m²,"65,56 tr/m²",2,2,"Mỗ Lao, Hà Đông","20.9865188598633, 105.786399841309"
31670499,08/03/2025,"Chính chủ cần bán cắt lỗ ban công ĐN 127m2 tòa giá 6,x tỷ Mulberry Lane - LH: 0981 960 ***","6,9 tỷ",127 m²,"54,33 tr/m²",3,2,"Mỗ Lao, Hà Đông","20.9865188598633, 105.786399841309"
18498582,08/03/2025,Xả hàng đầu năm 2025 quỹ căn độc quyền rẻ Seasons Avenue 75m2 - 80m2 - 117m2 - 122m2 - 138m2,Giá thỏa thuận,105 m²,N/A,3,2,"Mỗ Lao, Hà Đông","20.9874956888947, 105.78683829603818"
42369476,08/03/2025,"DUY NHẤT CĂN 70M2 chung cư đẹp tại Tháp đôi Kepler Land CHỈ TỪ 4,5 tỷ LH 0981 960 ***","4,5 tỷ",66 m²,"68,18 tr/m²",N/A,N/A,"Mỗ Lao, Hà Đông","20.985182013069416, 105.78068090773013"
42369451,08/03/2025,"Hiếm! Chỉ từ nhỉnh 3 tỷ nhận nhà về ở hoặc cho thuê ngay, có tiến độ giãn 2 năm tại Hồ Gươm Plaza","6,45 tỷ",110 m²,"58,64 tr/m²",3,2,"Mỗ Lao, Hà Đông","20.97951041837689, 105.7860483499826"
42368287,08/03/2025,Quỹ căn mới nhất tháng 3.2025 Mulberry Lane- Hà Đông. LH: 0981 674 ***,Giá thỏa thuận,154 m²,N/A,N/A,N/A,"Mỗ Lao, Hà Đông","20.986773983024268, 105.78678858948935"
42368165,08/03/2025,"THỜI ĐIỂM VÀNG ĐỂ XUỐNG TIỀN ĐẦU TƯ VÀ Ở CHUNG CƯ THANH HÀ , KIẾN HƯNG , HÀ ĐÔNG .","2,3 tỷ",60 m²,"38,33 tr/m²",2,2,"Kiến Hưng, Hà Đông","20.940020702619062, 105.78719518721412"
42367665,08/03/2025,"Tổng hợp quỹ căn bán tại Xuân Mai 1PN + 1, 2PN, 3PN. SĐT/zalo: 0376 540 ***","3,15 tỷ",70 m²,45 tr/m²,2,2,"Yên Nghĩa, Hà Đông","20.960421085236845, 105.74136443165054"
42367627,08/03/2025,Chuyển nhượng giá siêu lợi nhuận cho các căn tại chung cư Usilk City Hà Đông,Giá thỏa thuận,114 m²,N/A,N/A,N/A,"La Khê, Hà Đông","20.97449012654789, 105.76010626511962"
42101252,07/03/2025,Chính chủ cần bán căn hộ 2 ngủ 1 wc full đồ mới đẹp ở toà Thiên Niên Kỉ đối diện bưu điện Hà Đông,"4,25 tỷ","54,5 m²","77,98 tr/m²",2,1,"Quang Trung, Hà Đông","20.9733385373564, 105.778517500969"
41588257,07/03/2025,"Hàng cực hiếm! Bán nhanh căn hộ Seasons Avenue, dt 117m2, full đồ đẹp, giá 7 tỷ, hướng mát, SHLD",7 tỷ,117 m²,"59,83 tr/m²",3,2,"Mỗ Lao, Hà Đông","20.98702621459961, 105.78683471679688"
42361576,07/03/2025,"Chính chủ bán gấp căn góc 2PN, 76m2. View đẹp thành phố. Full nội thất nóng lạnh. Giá thương lượng","3,2 tỷ",76 m²,"42,1 tr/m²",2,2,"Kiến Hưng, Hà Đông","20.9394987188397, 105.78746122360506"
42362349,07/03/2025,"Chính chủ bán chung cư Bình Vượng, diện tích 145,5 m2 3 ngủ 2 vệ sinh, giá 5,65 tỷ có thương lượng","5,65 tỷ","145,5 m²","38,83 tr/m²",3,2,"Quang Trung, Hà Đông","20.9669405714492, 105.769477453526"
42362131,07/03/2025,"Hô to lên nào, Hà Đông ơi, giá rẻ bán gấp căn chung cư đẹp chỉ 4ty 2x 82m2 the pide 2 ngủ","4,28 tỷ",82 m²,"52,2 tr/m²",2,2,"La Khê, Hà Đông","20.965871260125365, 105.75933642921422"
41786969,07/03/2025,"Giảm sâu 200 tr, căn hộ 79m2, chung cư FLC Star Tower Hà Đông","4,31 tỷ",79 m²,"54,6 tr/m²",2,2,"Quang Trung, Hà Đông","20.962882481166783, 105.76470019876199"
41797447,07/03/2025,Bán căn 3PN mẫu C 91m2 hướng Đông tại CC Park Kiara - ParkCity Hà Nội giá tốt nhất LH 0968 450 ***,"8,65 tỷ",91 m²,"95,06 tr/m²",2,2,"La Khê, Hà Đông","20.9673748016357, 105.754013061523"
42359087,07/03/2025,"Tổng hợp căn 1pn, 2pn, 3pn giá tốt tại xuân mai complex, hà đông. Lh - 0982 511 ***","3,18 tỷ",65 m²,"48,92 tr/m²",2,2,"Yên Nghĩa, Hà Đông","20.959965038775316, 105.74175724083135"
37558819,07/03/2025,Chung cư Park Kiara giá tốt - nhận nhà ở ngay - LH em 0967 368 ***,Giá thỏa thuận,60 m²,N/A,3,2,"La Khê, Hà Đông","20.9673748016357, 105.754013061523"
42357409,07/03/2025,Bán chung cư chính chủ - CT4A khu đô thị Xa La Hà Đông Hà Nội,"2,15 tỷ","54,5 m²","39,45 tr/m²",1,1,"Phúc La, Hà Đông","20.96259634835505, 105.79243917921306"
42356714,07/03/2025,Chính chủ xuống liền kề bán gấp chung cư 3 ngủ 2 ban công,"4,4 tỷ",81 m²,"54,32 tr/m²",3,2,"Phúc La, Hà Đông","20.9706045789967, 105.785109769348"
42372707,08/03/2025,"Bán Căn Hộ CC _ PC1 Nàng Hương 583 Nguyễn Trãi ,Văn Quán ,Hà Đông ,140m2 ,4Ngủ ,2vs ,Lh 0914 239 ***",Giá thỏa thuận,140 m²,N/A,4,2,"Văn Quán, Hà Đông","20.985959318200795, 105.79587421969777"
42372666,08/03/2025,"Bán gấp căn hộ tầng 15 view hồ 63,2m2 Thanh Hà Mường Thanh","2,33 tỷ",63 m²,"36,98 tr/m²",2,2,"Kiến Hưng, Hà Đông","20.939219260695033, 105.78702798876664"
42300966,08/03/2025,"Siêu rẻ, bán nhanh CH 815 - CT5 Xa La, 76m2, 2 ngủ 2vs sổ đỏ full NT. Giá chỉ 3 tỷ LH 0976 572 ***",3 tỷ,76 m²,"39,47 tr/m²",2,2,"Phúc La, Hà Đông","20.9623409329309, 105.79266024507943"
41070323,08/03/2025,"Bán căn hộ Mipec Hà Đông, sổ đỏ 60m2, 2ngủ 2vs, full nội thất và đồ điện tử, nhà đẹp vào ở ngay","2,34 tỷ",60 m²,39 tr/m²,2,2,"Kiến Hưng, Hà Đông","20.952529907226562, 105.79031372070312"
39231281,08/03/2025,"Chung cư SME HOÀNG GIA, Hà Đông",4 tỷ,84 m²,"47,62 tr/m²",2,2,"Quang Trung, Hà Đông","20.9667491912842, 105.769844055176"
42372397,08/03/2025,"Căn hộ chung cư bán tại Ngô Thì Nhậm, 3,6 tỷ, 61m2 2 ngủ view đẹp, gần tiện ích!","3,6 tỷ",61 m²,"59,02 tr/m²",2,1,"Hà Cầu, Hà Đông","20.96909007080781, 105.76857401072347"
42262845,08/03/2025,"Bán CC A5 Học Viện Quân Y hà đông 72m2 2PN 2WC giá 3,9 tỷ bàn giao 2021 full đồ","3,9 tỷ",72 m²,"54,17 tr/m²",2,2,"Phúc La, Hà Đông","20.9697237944265, 105.786024506087"
42372278,08/03/2025,"Bán CC 57m2, 2PN Kiến Hưng giá 2.4x tỷ",Giá thỏa thuận,57 m²,N/A,2,1,"Kiến Hưng, Hà Đông","20.9385344003316, 105.733350711413"
40447453,08/03/2025,"Hàng hiếm! Chính chủ bán gấp căn 75m2 CC The Terra An Hưng, 2PN, 2VS full nội thất. Giá bán 4,3 tỷ","4,3 tỷ",75 m²,"57,33 tr/m²",2,2,"Dương Nội, Hà Đông","20.9732059024869, 105.757287524864"
41780162,08/03/2025,Chung cư Tố Hữu Hà Đông khu cao cấp giá dự kiến 7xtr/m2,Giá thỏa thuận,72 m²,N/A,2,2,"Mỗ Lao, Hà Đông","20.984977109760646, 105.7796291277266"
42372297,08/03/2025,Chính Chủ Bán Căn Hộ Lacasta Văn Phú Hà Đông Dt : 112 Nguyên Bản LH: 0929 656 ***,Giá thỏa thuận,112 m²,N/A,3,2,"Văn Quán, Hà Đông","20.979964838970087, 105.78838762700245"
39501949,08/03/2025,"Em cần bán căn A (60m2) 1N+1 ở Park Kiara - Park City rẻ nhất thị trường giá 5,7 tỷ. LH: 0397 588 ***","5,7 tỷ",60 m²,95 tr/m²,2,1,"La Khê, Hà Đông","20.9673748016357, 105.754013061523"
42059663,08/03/2025,"Nhà mới tập thể Lương Ngọc Quyến, Hà Đông, giáp thanh xuân, 2thoáng, 3PN, 2vs, vị trí lộc 75m/2,3tỷ","2,3 tỷ",75 m²,"30,67 tr/m²",3,2,"Văn Quán, Hà Đông","20.9842685085182, 105.79495692044"
42372194,08/03/2025,"Chính chủ bán căn hộ tòa Xuân Mai Complex, Hà Đông 80m2 full đồ 3PN 2VS căn góc, Hà Nội",Giá thỏa thuận,80 m²,N/A,3,2,"Yên Nghĩa, Hà Đông","20.959988418022608, 105.74231674226515"
42287048,08/03/2025,"Chính thức mở bán căn hộ The Charm An Hưng, quý 4 2025 bàn giao nhận nhà ở ngay. Lh 0924 199 ***",Giá thỏa thuận,54 m²,N/A,2,N/A,"La Khê, Hà Đông","20.97470254202517, 105.76071376434612"
42249331,08/03/2025,"GĐ e bán căn hộ chung cư tại TTTM TSQ, 11 tỷ, 225m2 (4PN, 3WC). Sẵn sổ, Full đồ",11 tỷ,225 m²,"48,89 tr/m²",4,3,"Mỗ Lao, Hà Đông","20.978115421199178, 105.78304683357813"
42372139,08/03/2025,"Chính chủ bán căn hộ tòa Xuân Mai Complex, Hà Đông 80m2 full đồ 3PN 2VS","4,1 tỷ",80 m²,"51,25 tr/m²",3,2,"Yên Nghĩa, Hà Đông","20.959775924682617, 105.74188232421875"
42236821,08/03/2025,"Bán CC The Sparks, 2,75 tỷ, 56,5m2, 2PN, 1WC, view đẹp, tiện ích đầy đủ tại Dương Nội, Hà Đông, HN","2,75 tỷ","56,5 m²","48,67 tr/m²",2,1,"Dương Nội, Hà Đông","20.979510167931608, 105.74393291928428"
42337335,08/03/2025,"Chính chủ bán căn 2 phòng ngủ 61m2 Xuân Mai Riverside Thanh Bình. Giá 4,1 tỷ","4,1 tỷ",61 m²,"67,21 tr/m²",2,2,"Mỗ Lao, Hà Đông","20.9851948512753, 105.779025012268"
40149993,08/03/2025,Chính chủ bán rẻ căn 111m2 ban công Đông Nam La Casta thu tiền về rẻ 200 tr,"7,15 tỷ",111 m²,"64,41 tr/m²",3,2,"Phú La, Hà Đông","20.9634590148926, 105.762763977051"
42325265,08/03/2025,Độc quyền!Quỹ ngoại giao mở bán đợt2 tầng 12-15-19-21. Gói chiết khấu vip từ CĐT hỗ trợ lãi suất 0%,Giá thỏa thuận,54 m²,N/A,2,2,"La Khê, Hà Đông","20.974698461008757, 105.76073069945471"
42015542,08/03/2025,"Hàng Hiếm! Bán Căn Hộ 75m2 Tại The Pride Giá Chỉ 3.65 tỷ Thiết Kế 2N Sang Trọng, Full Nội Thất Mới","3,65 tỷ",75 m²,"48,67 tr/m²",2,2,"La Khê, Hà Đông","20.975363783752492, 105.76162885342528"
42371995,08/03/2025,"Căn hộ 2PN, 2VS tại The Pride, Tố Hữu, La Khê, Hà Đông, 4,2 tỷ","4,2 tỷ",81 m²,"51,85 tr/m²",2,2,"La Khê, Hà Đông","20.975584875888078, 105.7607697979522"
42332583,08/03/2025,"Bán CH 2PN view đẹp tại The Pride, 4,25 tỷ, 81m2, Tố Hữu, Hà Đông, Hà Nội","4,25 tỷ",81 m²,"52,47 tr/m²",2,2,"La Khê, Hà Đông","20.976142434923943, 105.76104856095297"
42312395,08/03/2025,"Bán CC Xuân Mai Tower - CT2 Tô Hiệu, 3,35 tỷ, 60,5m2, 2PN, 1WC, hàng hot","3,35 tỷ","60,5 m²","55,37 tr/m²",2,1,"Hà Cầu, Hà Đông","20.963372909179068, 105.77378298767431"
42043492,08/03/2025,Chính chủ bán căn 68m2 hướng Đông Bắc duy nhất K Park tầng trung,"4,29 tỷ",68 m²,"63,09 tr/m²",2,2,"Phúc La, Hà Đông","20.96021011655164, 105.79175553449535"
41587704,08/03/2025,BÁN CĂN GÓC 68.9m2 2PN - 2WC - 2BC CĂN GÓC VUÔNG VẮN CC MIPEC KIẾN HƯNG HÀ ĐÔNG - LH : 0838 551 ***,"3,6 tỷ","68,9 m²","52,25 tr/m²",2,2,"Kiến Hưng, Hà Đông","20.9525299072266, 105.790313720703"
41681034,08/03/2025,Mipec City View - Bán CH 51m2 2PN - 1WC Đồ NTCB - Tầng Trung - Liên hệ xem nhà : 0838 551 *** .,Giá thỏa thuận,51 m²,N/A,2,1,"Kiến Hưng, Hà Đông","20.952529907226562, 105.79031372070312"
42371767,08/03/2025,BÁN CĂN HỘ CHUNG CƯ PHÚ THỊNH GREEN PARK 83m2 GIÁ CHỈ 5 TỶ. LH 0854 478 ***,Giá thỏa thuận,83 m²,N/A,2,2,"Hà Cầu, Hà Đông","20.966589477704215, 105.77853467150207"
33054353,08/03/2025,"Chính chủ bán căn góc 3PN, 109m2, view hồ công viên. Giá tốt nhất thị trường. LH 0963 225 ***",Giá thỏa thuận,109 m²,N/A,3,2,"Dương Nội, Hà Đông","20.9830436706543, 105.757339477539"
41782164,08/03/2025,"Bán căn hộ 2PN + 2WC tại Anland LakeView, 4,8 tỷ, 74,5m2, Hà Đông, Hà Nội","4,8 tỷ","74,5 m²","64,43 tr/m²",2,2,"Dương Nội, Hà Đông","20.983022984796495, 105.75734461323762"
42371737,08/03/2025,CHÍNH CHỦ CẦN BÁN CĂN 118m2 CHUNG CƯ LA CASTA VĂN PHÚ HÀ ĐÔNG. LH 0854 478 ***,Giá thỏa thuận,118 m²,N/A,3,2,"Phú La, Hà Đông","20.964250992018577, 105.76234380898883"
42246735,08/03/2025,Ra hàng dự án chung cư Kepler Land Mỗ Lao diện tích từ 53m2 - 72m2 -101m2 hỗ trợ vay Bank giá tốt,Giá thỏa thuận,53 m²,N/A,2,2,"Mỗ Lao, Hà Đông","20.985534181575748, 105.7801757086701"
41663952,08/03/2025,Căn hộ tháp đôi The Kepler Land Mỗ Lao Hà Đông chiết khấu 3% cho khách hàng đăng kí sớm,Giá thỏa thuận,54 m²,N/A,1,1,"Mỗ Lao, Hà Đông","20.9854621887207, 105.780006408691"
42330850,08/03/2025,Chị gái gửi bán nhanh căn hộ 90m2 hướng cực mát tòa chung cư cao cấp Mulbery Lane - Mỗ Lao,"5,5 tỷ",90 m²,"61,11 tr/m²",2,2,"Mỗ Lao, Hà Đông","20.9872284884161, 105.786163585398"
42363158,08/03/2025,Kepler Land cái tên đang làm sôi sục thị trường bất động sản,Giá thỏa thuận,66 m²,N/A,2,2,"Mỗ Lao, Hà Đông","20.9848026947211, 105.77989417473"
42371711,08/03/2025,"SIÊU PHẨM CCMN - Nguyễn Công Trứ - HD, 88m, 6 tầng, MT5,7m, tháng máy, 17 phòng kk, Giá nhỉnh 19tỷ","19,8 tỷ",88 m²,225 tr/m²,N/A,N/A,"Vạn Phúc, Hà Đông","20.9720640661505, 105.784396607318"
39634943,08/03/2025,"Chính chủ bán căn góc 85m2/96m2 tòa Anland 2, tầng đẹp, full nội thất. Giá tốt. LH 0963 225 ***",Giá thỏa thuận,96 m²,N/A,3,2,"Dương Nội, Hà Đông","20.97723388671875, 105.76195526123047"
42241967,08/03/2025,Chính chủ bán căn 93m2 chung cư The K Park Văn Phú- 3PN -2WC giá chỉ 6.x tỷ. LH 0854 478 ***,Giá thỏa thuận,93 m²,N/A,3,2,"Phúc La, Hà Đông","20.959870909426403, 105.79188940077947"
42348390,08/03/2025,"Bán CC 3PN, 90m2 giá siêu hời tại Khu nhà ở Bộ Tư lệnh Thủ đô Hà Nội, Hà Đông, HN","4,14 tỷ",90 m²,46 tr/m²,3,2,"Yên Nghĩa, Hà Đông","20.954249156993185, 105.74149989961467"
42371487,08/03/2025,"Siêu phẩm chung cư mini tại Yên Nghĩa-Hà Đông.Dt50m 7tầng thang máy,Mt5m 15phòng giá 15.6tỷ","15,6 triệu",50 m²,312 nghìn/m²,15,15,"Yên Nghĩa, Hà Đông","20.9486145795478, 105.746389636727"
35061983,08/03/2025,"Chính chủ cần bán gấp căn 74m2 hướng Đông Nam dự án The Terra An Hưng giá 4,x tỷ full đồ, có sổ đỏ",Giá thỏa thuận,74 m²,N/A,2,2,"Dương Nội, Hà Đông","20.9743461608887, 105.754165649414"
41686509,08/03/2025,Chính chủ bán CH 80m2 3PN 2VS Full Nội Thất - Nhà Đẹp - Chỉ việc xách valy về ở - Giá tốt nhất khu,Giá thỏa thuận,80 m²,N/A,3,2,"Kiến Hưng, Hà Đông","20.952529907226562, 105.79031372070312"
42218635,08/03/2025,"Bán chung cư Anland Premium 3PN 2VS diện tích 74m2 84m2 sẵn sổ, nhà mới đẹp giá 4,8 tỷ LH0911 460 ***","4,8 tỷ",84 m²,"57,14 tr/m²",3,2,"La Khê, Hà Đông","20.976961599644916, 105.76193063836219"
42335983,08/03/2025,Tôi có căn 2PN 2VS tại Anland 2 tầng 1x bán 0389 980 ***,Giá thỏa thuận,67 m²,N/A,2,2,"La Khê, Hà Đông","20.9772338867188, 105.76195526123"
42312914,08/03/2025,"Chính chủ bán căn cc 68m2 Kpark Văn Phú Hà Đông tầng trung, view công viên",Giá thỏa thuận,68 m²,N/A,2,2,"Phúc La, Hà Đông","20.9599705922078, 105.7923321277243"
42371236,08/03/2025,Bán 3pn 2vs (2 + 1) Anland 2 tầng trung vip giá thương thảo trực tiếp chủ. LH 0389 980 ***,Giá thỏa thuận,73 m²,N/A,3,2,"La Khê, Hà Đông","20.9772338867188, 105.76195526123"
42371255,08/03/2025,"Bán Căn Hồ Gươm Plaza, giá tốt 6,3 tỷ, 129m2, 3PN, 2WC, Hà Đông. Full nội thất. Lh 0792 826 ***","6,3 tỷ",129 m²,"48,84 tr/m²",3,2,"Mỗ Lao, Hà Đông","20.979229609290055, 105.78535832050864"
41905410,08/03/2025,"Mở bán căn 92m2 sở hữu lâu dài view hồ, ký trực tiếp CĐT Grand Sunlake",Giá thỏa thuận,92 m²,N/A,3,2,"Văn Quán, Hà Đông","20.979940353755918, 105.7873357902948"
42371047,08/03/2025,Chính chủ bán căn hộ 64.5m Xuân Mai Complex,"3,15 tỷ",65 m²,"48,46 tr/m²",2,2,"Yên Nghĩa, Hà Đông","20.95913193957267, 105.74247035792969"
41767549,08/03/2025,"Chính chủ bán căn Mipec City View 56M 2 ngủ 2 vệ sinh, sổ đỏ, giá 2.96 tỷ","2,96 tỷ",56 m²,"52,86 tr/m²",2,1,"Kiến Hưng, Hà Đông","20.952529907226562, 105.79031372070312"
41917185,08/03/2025,The Charm An Hưng chuẩn bị mở bán đợt 1 dự án chung cư được mong chờ nhất Hà Đông 2025,Giá thỏa thuận,92 m²,N/A,3,2,"La Khê, Hà Đông","20.9744788588318, 105.761467685902"
41828450,08/03/2025,NHỈNH 4 TỶ BÁN CĂN HỘ THE CHARM HÀ ĐÔNG QUỸ CĂN NGOẠI GIAO BÁN NHANH TRƯỚC KHI RA HÀNG HỖ TRỢ VAY,"4,98 tỷ","72,6 m²","68,6 tr/m²",2,2,"La Khê, Hà Đông","20.9748116979003, 105.760543987969"
41850823,08/03/2025,Nhỉnh 2 tỷ bán căn hộ 73m2 2 ngủ 2 vệ sinh căn hộ bàn giao full nội thất tầng đẹp hướng Đông Nam,"2,99 tỷ",73 m²,"40,96 tr/m²",2,2,"Văn Quán, Hà Đông","20.9798041351246, 105.787699200339"
42371123,08/03/2025,"Tôi cần bán chung cư KĐT Văn Khê 114m2, 3 ngủ, 2 vs chỉ 4.35 tỷ","4,35 tỷ",114 m²,"38,16 tr/m²",3,2,"La Khê, Hà Đông","20.972051899999475, 105.76134247474086"
42371068,08/03/2025,"Cần bán gấp căn hộ 50m giá 2.7x tỷ tòa Hh2 Xuân Mai Complex, Yên Nghĩa, 2Pn","2,74 tỷ",50 m²,"54,8 tr/m²",2,1,"Yên Nghĩa, Hà Đông","20.95999257536348, 105.74190358726045"
36873154,08/03/2025,TỔNG HỢP CĂN BÁN 2 PHÒNG NGỦ. DỰ ÁN CHUNG CƯ HH2 XUÂN MAI COMPLEX DƯƠNG NỘI,"3,18 tỷ",65 m²,"48,92 tr/m²",2,2,"Yên Nghĩa, Hà Đông","20.9597759246826, 105.741882324219"
42342407,08/03/2025,Căn hộ cao cấp The Charm An Hưng,"6,48 tỷ",90 m²,72 tr/m²,3,N/A,"La Khê, Hà Đông","20.974868075220552, 105.76147025397172"
42344378,08/03/2025,"Bán chung cư Nàng Hương 583 Nguyễn Trãi, mới, full đồ, dt 110m2, 3 ngủ, 2vs, giá 5.7tỷ 0962 797 ***","5,7 tỷ",110 m²,"51,82 tr/m²",3,2,"Văn Quán, Hà Đông","20.984941663691163, 105.79562405188335"
41863703,08/03/2025,"Cần bán CC Booyoung - Mỗ Lao, tầng đẹp, full nội thất, slot ôtô, dt 98m2, 3 ngủ, 2vs, chỉ 6.1tỷ","6,1 tỷ",98 m²,"62,24 tr/m²",3,2,"Mỗ Lao, Hà Đông","20.983293109426498, 105.78365835218362"
41554940,08/03/2025,"Chính chủ bán căn hộ tòa D, tầng cao, Mulberry Lane 129.1m2 đầy đủ đồ hiện đại, có slot ô tô","7,62 tỷ","129,1 m²",59 tr/m²,4,2,"Mỗ Lao, Hà Đông","20.9854241138982, 105.785674348655"
41909428,08/03/2025,"Em có 3 suất ngoại giao căn 2PN và 3PN, DT 54m2, 72 m2 view đẹp nhất dự án",Giá thỏa thuận,72 m²,N/A,2,2,"La Khê, Hà Đông","20.9751478688453, 105.760545812816"
42011714,08/03/2025,"Bán 3 căn ngoại giao toàn tháp A căn tầng trung, căn hộ The Charm An Hưng",Giá thỏa thuận,78 m²,N/A,2,2,"La Khê, Hà Đông","20.9743997178389, 105.760530183225"
41973359,08/03/2025,"The Charm An Hưng, Quỹ căn ngoại giao, giá tốt nhất thị trường",4 tỷ,54 m²,74 tr/m²,2,2,"La Khê, Hà Đông","20.9748963737277, 105.760697242159"
42352990,08/03/2025,Bán chung cư CT1 Ngô Thì Nhậm Hà Đông - 80m2 - 2 ngủ 2 vệ sinh - 4 tỷ x (x tiểu học),Giá thỏa thuận,80 m²,N/A,2,2,"Hà Cầu, Hà Đông","20.969258359308185, 105.76751486033146"
42189232,08/03/2025,"Siêu phẩm: Cần tiền bán nhanh Samsora Premier 85m2 3PN 2VS. Full đẹp, hướng mát, 4,x tỷ: 0968 693 ***","4,5 tỷ",85 m²,"52,94 tr/m²",3,2,"Quang Trung, Hà Đông","20.974676017023846, 105.77747139315107"
39068243,08/03/2025,"Cực phẩm: Cần tiền bán nhanh The Terra 68m2 2PN 2VS. Full NT đẹp, hướng mát giá 4, x tỷ: 0968 693 ***","4,3 tỷ",68 m²,"63,24 tr/m²",2,2,"Dương Nội, Hà Đông","20.9743461608887, 105.754165649414"
42343743,08/03/2025,"Hàng hiếm tại Seasons Avenue, Mỗ Lao, Hà Đông, Hà Nội, 6,5 tỷ, 95m2","6,5 tỷ",95 m²,"68,42 tr/m²",3,2,"Mỗ Lao, Hà Đông","20.986707869644313, 105.78733811318043"
42343754,08/03/2025,"Bán CH Seasons Avenue, 80m2, 6 tỷ, view đẹp, nội thất đầy đủ",6 tỷ,80 m²,75 tr/m²,2,2,"Mỗ Lao, Hà Đông","20.987656685389453, 105.78697082518347"
42370730,08/03/2025,"Xem là mê, căn đẹp, thoáng sáng, 3 ngủ, 91m2, giá tốt nhất Samsora, nhanh không lại hụt anh chị ơi!","4,9 tỷ",85 m²,"57,65 tr/m²",3,2,"Quang Trung, Hà Đông","20.975041511571934, 105.77713632157037"
42325678,08/03/2025,Sở hữu căn hộ trong Khu đô thị Thanh Hà Cienco5,"1,5 tỷ",60 m²,25 tr/m²,2,N/A,"Kiến Hưng, Hà Đông","20.939175194244545, 105.78677792816146"
39808839,08/03/2025,Duy nhất căn duplex thông tầng 338m2 có sân vườn view hồ Văn Quán cần bán gấp. Chi tiết phía dưới,"18,8 tỷ",338 m²,"55,62 tr/m²",5,4,"Văn Quán, Hà Đông","20.979644775390625, 105.79234313964844"
42235505,08/03/2025,"Hàng Hiếm! Bán Căn Hộ 146m2 Tại The Pride Giá Chỉ 6 tỷ Thiết Kế 3N3W Sang Trọng, Full Nội Thất Mới",6 tỷ,146 m²,"41,1 tr/m²",3,3,"La Khê, Hà Đông","20.97592163319688, 105.76147628768499"
42370561,08/03/2025,"Bán căn penthouse Mulberry bàn giao thô siêu đẹp 390m2, căn thông tầng có sân vườn giá chỉ 17,x tỷ","17,3 tỷ",390 m²,"44,36 tr/m²",5,5,"Mỗ Lao, Hà Đông","20.9865188598633, 105.786399841309"
42370559,08/03/2025,"[Ảnh thật + Giá thật]-Bán căn hộ 3 ngủ, 129m2, sẵn nội thất, Giá thu nét 6.5 tỷ, siêu phẩm Hồ Gươm","6,5 tỷ",129 m²,"50,39 tr/m²",3,2,"Mỗ Lao, Hà Đông","20.979978334486617, 105.78548240596253"
40570194,08/03/2025,"Chính chủ bán căn hộ 74m2 tại Samsora, 2pn 2w, ban công ĐN, full nội thất cao cấp, giá bán 3,8 tỷ","3,8 tỷ",74 m²,"51,35 tr/m²",2,2,"Quang Trung, Hà Đông","20.973217010498, 105.778854370117"
42370540,08/03/2025,"Bán gấp Penthouse thô duy nhất tại tòa Mulberryland, Hà Đông. 390m2, giá chỉ từ 17,x tỷ.","17,35 tỷ",390 m²,"44,49 tr/m²",5,5,"Mỗ Lao, Hà Đông","20.9865188598633, 105.786399841309"
42272879,08/03/2025,Bán CCMN gần ĐH Đại Nam~60m2x5T 13 PKK full đồ/có thang máy/thoát hiểm+PCCC (Doanh thu~600tr/năm),"9,95 tỷ",60 m²,"165,83 tr/m²",13,13,"Phú Lãm, Hà Đông","20.9431325570549, 105.756949835733"
41275763,08/03/2025,"Chính chủ bán CC Seasons Avenue - Mỗ Lao - Hà Đông. DT 121m - 3PN. Đầy đủ nội thất. Giá thật 7,7 tỷ","7,7 tỷ",121 m²,"63,64 tr/m²",3,2,"Mỗ Lao, Hà Đông","20.987026214599609, 105.78683471679688"
41437026,08/03/2025,"Chính chủ bán căn 2pn - 80m tại Season Avenue - Mỗ Lao - Hà Đông. Đầy đủ nội thất. Giá thật 5,1 tỷ","5,1 tỷ",80 m²,"63,75 tr/m²",2,2,"Mỗ Lao, Hà Đông","20.987026214599609, 105.78683471679688"
41777941,08/03/2025,"Chính chủ bán căn hộ CT7HJK Dương Nội DT 57 timtg 2 ngủ, 2WC giá3 tỷ. LH: 0988 187 ***",3 tỷ,57 m²,"52,63 tr/m²",2,2,"Dương Nội, Hà Đông","20.97986524842402, 105.74391699517442"
41951852,08/03/2025,Chính chủ bán căn hộ ct7 ban công Đông Bắc view nội khu full đồ giá 2ty750tr . Lh : 0988 187 ***,"2,75 tỷ",55 m²,50 tr/m²,2,1,"Dương Nội, Hà Đông","20.9811391227586, 105.754734756229"
39807816,08/03/2025,"Bán gấp căn hộ CT7 Dương Nội DT 83.3m2 thiết kế 2PN, 2 WC giá bán 3.790tỷ, LH: 0988 187 ***","3,79 tỷ",81 m²,"46,79 tr/m²",2,2,"Dương Nội, Hà Đông","20.9798679351807, 105.743919372559"
41584939,08/03/2025,"Chính chủ bán căn 1pn dt: 54m2 ở Thiên Niên Kỷ - Hà Đông giá cực tốt sẵn sổ, nội thất giá 3.5 tỷ","3,5 tỷ",54 m²,"64,82 tr/m²",1,1,"Quang Trung, Hà Đông","20.97332, 105.77828"
42370222,08/03/2025,"Chính chủ cần bán căn hộ 78m, 2 ngủ, 2 vệ sinh, đủ nội thất, tầng 22, sổ đỏ ở Goldsilk Vạn Phúc","4,68 tỷ",78 m²,60 tr/m²,2,2,"Vạn Phúc, Hà Đông","20.978672615909264, 105.77301465375187"
41260544,08/03/2025,"Bán căn 65m2, 2 ngủ, 2 vệ sinh, full đồ, view hồ, khu 6 toà gần bể bơi. nhà như hình, ảnh thật 100%",Giá thỏa thuận,65 m²,N/A,2,2,"Kiến Hưng, Hà Đông","20.9397029876709, 105.7872543334961"
42370166,08/03/2025,Em cần bán gấp CH 58m2 2PN - 1WC Full Nội Thất - Nhà Mới - Căn Sẵn Sổ . Giá bán nhỉnh : 2.4 Tỷ,Giá thỏa thuận,58 m²,N/A,2,1,"Kiến Hưng, Hà Đông","20.951077136628943, 105.7910555898758"
37175980,08/03/2025,"BÁN CĂN 1 +1 PN, 1wc S= 48m. 2,6x tỷ. Dự án HH2 Xuân Mai complex Dương Nội",Giá thỏa thuận,48 m²,N/A,2,1,"Yên Nghĩa, Hà Đông","20.9597759246826, 105.741882324219"
42141814,08/03/2025,"Chính chủ bán căn chung cư Hà Đông: 69m, 2pn, 2wc - SDU 143 Trần Phú nhà đẹp, nội thất gỗ cao cấp","3,55 tỷ",69 m²,"51,45 tr/m²",2,2,"Văn Quán, Hà Đông","20.9775007319925, 105.78502695467"
42370042,08/03/2025,"Chị chủ nhắn bán gấp trong tháng, 3 ngủ, lô góc, tầng trung, hướng mát, giá chốt bất ngờ Goldsilk","6,8 tỷ",120 m²,"56,67 tr/m²",3,2,"Vạn Phúc, Hà Đông","20.978842791039323, 105.77181667683533"
42167131,08/03/2025,Tôi chính chủ bán căn hộ (3N - 2VS) DT 150m2 giá 7 tỷ. ĐC: Mulberry Mỗ Lao. Nội thất nhập khẩu,7 tỷ,150 m²,"46,67 tr/m²",3,2,"Mỗ Lao, Hà Đông","20.986616014026122, 105.78676202995005"
39268547,08/03/2025,"Quỹ căn ngoại giao giá tốt nhất dự án - 90,3 m2- 113m2, ký trực tiếp CĐT, có vay bank",Giá thỏa thuận,"90,3 m²",N/A,3,2,"Văn Quán, Hà Đông","20.979729457871958, 105.78756108115586"
42369978,08/03/2025,"BÁN Căn hộ Penthouses TOÀ CC CAO CẤP RAINBOW Đường 18/5 VĂN QUÁN , Hà Đông ,42Tr/m2 Lh 0914 239 ***","17,5 tỷ",415 m²,"42,17 tr/m²",6,6,"Văn Quán, Hà Đông","20.9760946700626, 105.789692837591"
40478633,08/03/2025,"Chính chủ đăng bán căn rộng nhất CT6A - 70m2, 2PN, 2WC KĐT Xa La - chấp nhận trung gian","2,89 tỷ",74 m²,"39,05 tr/m²",2,2,"Phúc La, Hà Đông","20.9624671936035, 105.792366027832"
39961437,08/03/2025,"Bán gấp, chấp nhận cắt lỗ - Căn góc 2ngủ BC Đông Nam cực hiếm CT6A KĐT Xa La: 67m2, SĐCC - TL sâu","2,75 tỷ",67 m²,"41,04 tr/m²",2,2,"Phúc La, Hà Đông","20.9624671936035, 105.792366027832"
42369840,08/03/2025,CHUNG CƯ KEPLER LAND MỖ LAO - 1PN - 2PN -3PN - NHẬN BOOKING ĐỂ NHẬN CHIẾU KHẤU KHI MUA CĂN HỘ,Giá thỏa thuận,66 m²,N/A,2,2,"Mỗ Lao, Hà Đông","20.98372194867294, 105.78620317464902"
42218340,08/03/2025,"Bán căn hộ CT3 Văn Khê, Hà Đông, dt 105 m2, 3 PN, 2 phụ, nội thất đẹp, giá 5,6 tỷ","5,6 tỷ",105 m²,"53,33 tr/m²",3,2,"La Khê, Hà Đông","20.972884480715955, 105.76123106111814"
42308431,08/03/2025,Chính chủ tôi bán 3Pn full đồ 6.8 tỷ tại Seasons Avenue - Mỗ Lao. LH: 0364 079 ***,"6,8 tỷ",100 m²,68 tr/m²,3,2,"Mỗ Lao, Hà Đông","20.987427060687267, 105.78744180403446"
42284657,08/03/2025,Hàng hiếm tại Tòa Tháp Thiên Niên Kỷ căn góc view đường trên cao DT 115m2 3 ngủ 2 VS giá 6.5 tỷ,"6,5 tỷ",115 m²,"56,52 tr/m²",3,2,"Quang Trung, Hà Đông","20.973250398518, 105.777650070006"
42146421,08/03/2025,"Bán căn hộ duy nhất tại Anland LakeView Dt 120 m2 3 ngủ 2 vs + sân vườn, view Hồ thoáng giá 7.5 tỷ","7,5 tỷ",120 m²,"62,5 tr/m²",3,2,"Dương Nội, Hà Đông","20.982489311024853, 105.75747303796155"
33231156,08/03/2025,"Hiếm siêu rẻ chỉ 7,x tỷ DT 139m2 căn to nhất Seasons Avenue S4 - 0981 960 ***",Giá thỏa thuận,139 m²,N/A,4,2,"Mỗ Lao, Hà Đông","20.9870262145996, 105.786834716797"
41320007,08/03/2025,Chỉ hơn 5 tỷ đã sở hữu 3pn chung cư Fodacon mặt đường Trần Phú Hà Đông - 0981 960 ***,"5,5 tỷ",112 m²,"49,11 tr/m²",3,N/A,"Mỗ Lao, Hà Đông","20.9729290923009, 105.778909642788"
33576389,08/03/2025,Hiếm ra slot oto căn 137m2 thiết kế vuông vắn nhất Mulberry không mua quá phí,"5,9 tỷ",137 m²,"43,07 tr/m²",3,2,"Mỗ Lao, Hà Đông","20.9865188598633, 105.786399841309"
41912741,08/03/2025,Lần đầu tiên xuất hiện 6pn căn hộ đập thông 225m2 Seasons Avenue chỉ từ 15 tỷ - 0981 960 ***,15 tỷ,225 m²,"66,67 tr/m²",6,4,"Mỗ Lao, Hà Đông","20.98690759362861, 105.78673343288763"
42045629,08/03/2025,"Gấp! Chuyển công tác để lại suất căn góc 3PN The Charm, view ĐôngNam tầng15, giá tôi mua sớm rất rẻ",Giá thỏa thuận,96 m²,N/A,3,2,"La Khê, Hà Đông","20.974617726924972, 105.76073221181308"
42311079,08/03/2025,Chính chủ! Nhượng lại suất cán bộ cấp cao 2PN 77m2 giá ngoại giao rẻ hơn thị trường 3.8 triệu/m2,Giá thỏa thuận,77 m²,N/A,2,2,"La Khê, Hà Đông","20.9748302037327, 105.760823200749"
42326487,08/03/2025,"Cần bán CC Mulberry Lane Mỗ Lao, tòa D, 129.1m2 (4PN+2WC), sẵn sổ giao dịch, tiện nghi đầy đủ","7,49 tỷ","129,1 m²",58 tr/m²,4,2,"Mỗ Lao, Hà Đông","20.987321718904184, 105.78632563746497"
42326604,08/03/2025,"Bán CC tại Mulberry Land 3N + 2VS tòa B tầng trung, full nội thất","8,16 tỷ",154 m²,53 tr/m²,3,2,"Mỗ Lao, Hà Đông","20.986525768894342, 105.78647794860959"
42335942,08/03/2025,"Bán CC Seasons Avenue, Mỗ Lao, Hà Đông 80.68m2 (2PN + 2VS) full nội thất","6,05 tỷ","80,68 m²",75 tr/m²,2,2,"Mỗ Lao, Hà Đông","20.987134298080147, 105.78721457286588"
42337047,08/03/2025,"Bán CC 3PN 90m2 tại The Terra An Hưng 90m2 (3N + 2VS) full đồ, view KĐT Dương Nội","6,12 tỷ",90 m²,68 tr/m²,3,2,"La Khê, Hà Đông","20.972759732939256, 105.7565602818292"
42336800,08/03/2025,"Bán CC The Terra An Hưng La Khê, Hà Đông 74m2 (2PN+2WC) full đồ view kđt Dương Nội Siêu thoáng mát","4,81 tỷ",74 m²,65 tr/m²,2,2,"La Khê, Hà Đông","20.97316041578184, 105.75726688435142"
42318002,08/03/2025,"Bán căn hộ chung cư Samsora Premier, 4,88 tỷ, 73m2, 3PN, 2WC, full nội thất mới tinh","4,88 tỷ",73 m²,"66,85 tr/m²",3,2,"Quang Trung, Hà Đông","20.97439426018397, 105.7774752727761"
42339631,08/03/2025,Căn 3 ngủ 90m2 The Tera An Hưng giá siêu tốt tầng đẹp hướng Đông Nam sổ sẵn giao dịch,"6,12 tỷ",90 m²,68 tr/m²,3,2,"La Khê, Hà Đông","20.97239384671745, 105.75734128415174"
42284978,08/03/2025,"Bán căn hộ CC view đẹp tại Samsora Premier, 4,3 tỷ, 71m2, Hà Đông, Hà Nội","4,3 tỷ",71 m²,"60,56 tr/m²",N/A,N/A,"Quang Trung, Hà Đông","20.975103519263826, 105.776615878047"
42358404,08/03/2025,"Bán gấp căn 56m2 CT7 Dương Nội, 2pn, sẵn nội thất. Giá 2.9 tỷ có thương lượng","2,9 tỷ",56 m²,"51,79 tr/m²",2,1,"Dương Nội, Hà Đông","20.979924023025042, 105.74339029682464"
42312261,08/03/2025,"Bán CH 73m2, 2PN, 2WC tại The Pride, full đồ, nhà đẹp, tầng trung, hướng mát, giá rẻ",Giá thỏa thuận,73 m²,N/A,2,2,"La Khê, Hà Đông","20.976084750668864, 105.7615338158008"
42369441,08/03/2025,"Tôi có 15 căn ngoại giao Toà Ct4 Yên Nghĩa từ 67m2-101m2 thiết kế 2PN-3PN giá từ 45,5tr/m2","3,35 tỷ",67 m²,50 tr/m²,2,1,"Yên Nghĩa, Hà Đông","20.954816553429, 105.74071043803713"
42355161,08/03/2025,"( Không đăng ảo) Bán CC 3PN 2WC tại Samsora Premier, 5,2 tỷ, 90m2, Q. Hà Đông","5,2 tỷ",90 m²,"57,78 tr/m²",3,2,"Quang Trung, Hà Đông","20.974937023512258, 105.77770117345446"
41229048,08/03/2025,"Bán căn hộ 1124 67m2, 2 ngủ, 2 vệ sinh, view hồ Khu B1.3. Full nội thất như hình. Ảnh thật 100%",Giá thỏa thuận,67 m²,N/A,2,2,"Kiến Hưng, Hà Đông","20.9397029876709, 105.7872543334961"
41495289,08/03/2025,"Bán căn hộ 3 pn đầy đủ nội thất gần siêu thị Aeon Mall Hà Đông, hướng Nam mát mẻ","7,47 tỷ",166 m²,45 tr/m²,3,3,"La Khê, Hà Đông","20.9710703918425, 105.760024434711"
42366127,08/03/2025,Bán nhà riêng 103m tại hà đông,20 tỷ,103 m²,"194,18 tr/m²",17,17,"Phúc La, Hà Đông","20.9669822131397, 105.790150276842"
42369274,08/03/2025,Bán căn hộ sân vườn 116m2 3 ngủ 2vs tại chung cư HPC Landmark Tố Hữu Hà Đông,"6,55 tỷ",116 m²,"56,47 tr/m²",3,2,"La Khê, Hà Đông","20.973669093778817, 105.75863304132973"
42312627,08/03/2025,"Bán CC đẹp xuất sắc tại Tòa Tháp Thiên Niên Kỷ, 54m2 1n 1vs, nhà đẹp tầng trung hướng mát, giá rẻ","3,68 tỷ",54 m²,"68,15 tr/m²",1,1,"Quang Trung, Hà Đông","20.9738181885737, 105.77806118554773"
42360683,08/03/2025,"Căn hộ sở hữu lâu dài từ 4 tỷ tại The Charm An Hưng giá 70tr/m2, ngân hàng htls 0% 15 tháng","3,78 tỷ",54 m²,70 tr/m²,2,2,"La Khê, Hà Đông","20.97477182199503, 105.76056015679302"
42350188,08/03/2025,"Cần bán 2 căn 112m2 view hồ, sổ lâu dài giá chỉ 6x tr/m2. Hàng độc trên thị trường",Giá thỏa thuận,"112,6 m²",N/A,3,2,"Văn Quán, Hà Đông","20.979504213006944, 105.78723271176484"
42334732,08/03/2025,"Hàng hiếm! Bán gấp căn 2PN 88m2 Đông Nam HPC Landmark giá rẻ chỉ 4,8 tỷ có thương lượng","4,8 tỷ",88 m²,"54,54 tr/m²",2,2,"La Khê, Hà Đông","20.973450380720415, 105.75959785628537"
40337615,08/03/2025,"Hàng hiếm! Bán nhanh 3PN giá 5,4 tỷ (full đồ, sổ sẵn, ở ngay) diện tích: 114m2 3PN 2VS","5,4 tỷ",114 m²,"47,37 tr/m²",3,2,"Mỗ Lao, Hà Đông","20.9865188598633, 105.786399841309"
40363608,08/03/2025,"Bán căn hộ Season Avenue 75m2, 2PN 2VS. Full nội thất đẹp. Giá bán 4,8 tỷ tầng trung, hướng đẹp","4,8 tỷ",75 m²,64 tr/m²,2,2,"Mỗ Lao, Hà Đông","20.9870262145996, 105.786834716797"
40796164,08/03/2025,"Hàng hiếm! Chính chủ cần bán gấp căn hộ 98m2 với 3PN 2W giá chỉ 4,2 tỷ tại The Pride Hải Phát","4,2 tỷ",98 m²,"42,86 tr/m²",3,2,"La Khê, Hà Đông","20.9760246276855, 105.761596679688"
42273063,08/03/2025,"Hàng hiếm! Chính chủ bán nhanh căn hộ 90m2 3PN 2WC chung cư CT4 Yên Nghĩa đẹp nhất khu. Giá 3,8 tỷ","3,8 tỷ",90 m²,"42,22 tr/m²",3,2,"Yên Nghĩa, Hà Đông","20.95425298882129, 105.74120386119489"
42363944,08/03/2025,"5 suất ngoại giao giá rẻ tại The Charm An Hưng, Căn đẹp 05,07,08 tháp A,B tầng trung cam kết có căn","5,2 tỷ",72 m²,"72,22 tr/m²",2,2,"La Khê, Hà Đông","20.9743505226663, 105.76097084787"
40704738,08/03/2025,"Bán căn hộ 90m2, 3pn, 2VS CC Terra An Hưng. Full nội thất đẹp. Giá bán 5 tỷ tầng trung, hướng đẹp",5 tỷ,90 m²,"55,56 tr/m²",3,2,"Dương Nội, Hà Đông","20.9743461608887, 105.754165649414"
42313139,08/03/2025,"Hàng hiếm! Bán suất ngoại giao 54m2 căn 07,08 tầng 16 dự án The Charm An Hưng giá 72tr/m2","3,89 tỷ",54 m²,72 tr/m²,2,1,"La Khê, Hà Đông","20.9745328951682, 105.76021832036"
42085892,08/03/2025,"Bán căn hộ chung cư Anland LakeView, 71 triệu/m2, 78 m2, 2PN, 2WC, đẹp, nhiều tiện ích","5,54 tỷ",78 m²,71 tr/m²,2,2,"Dương Nội, Hà Đông","20.9822336515526, 105.757448990323"
42307890,08/03/2025,"5 suất ngoại giao giá cực tốt dự án The Charm An Hưng, Ck 3% TTS, ân hạn gốc lãi 18 tháng","5,18 tỷ",72 m²,"71,94 tr/m²",2,2,"La Khê, Hà Đông","20.9743021563761, 105.760924695249"
42334973,08/03/2025,"Bán gấp chung cư 2PN, 2WC tại KĐT Xa La, 3 tỷ, 70m2, Hà Đông, HN chính chủ bao đẹp",3 tỷ,70 m²,"42,86 tr/m²",2,2,"Phúc La, Hà Đông","20.9625589979388, 105.792934728569"
42349945,08/03/2025,"Chuyển lên trung tâm, GĐ thiện chí bán căn hộ 2pn 2vs 73m2 nhà đẹp, có sổ giá 3.65 tỷ","3,65 tỷ",73 m²,50 tr/m²,2,2,"La Khê, Hà Đông","20.9755687020742, 105.760894386092"
41554025,08/03/2025,"Bán nhà rẻ 3 ngủ Xa La Hà Đông , Full NT, giá 2.9 tỷ lh 0981 780 ***","2,9 tỷ",84 m²,"34,52 tr/m²",3,2,"Phúc La, Hà Đông","20.974381884804, 105.781782253734"
41969842,08/03/2025,Chính chủ bán penthouse Park Kiara full nội thất cao cấp 5 sao,30 tỷ,200 m²,150 tr/m²,3,3,"La Khê, Hà Đông","20.9635809943809, 105.756797418108"
40406628,08/03/2025,"Siêu rẻ căn Góc 58m2 tk 2pn, tòa TTTM Xa La, Hà Đông, tầng đẹp. LH 0981 780 ***","1,6 tỷ",58 m²,"27,59 tr/m²",2,1,"Phúc La, Hà Đông","20.9624671936035, 105.792366027832"
42368781,08/03/2025,Nhỉnh 4 tỷ nhận nhà ở ngay 146m2 . Thanh toán tiến độ 2 năm,Giá thỏa thuận,146 m²,N/A,4,2,"Mỗ Lao, Hà Đông","20.979097186647, 105.785490621419"
42077056,08/03/2025,Chính Chủ Cần Bán Căn Hộ The Pride Tố Hữu Hà Đông 103m Thoáng Đẹp,"4,9 tỷ",103 m²,"47,57 tr/m²",3,4,"La Khê, Hà Đông","20.97591929637108, 105.76203843446413"
42356779,08/03/2025,"Chính chủ e cần bán gấp căn hộ 86m2, 2pn CT8 Dương Nội, ban công Đông Nam, giá 3.7 tỷ","3,7 tỷ",86 m²,"43,02 tr/m²",2,2,"Dương Nội, Hà Đông","20.979213423162257, 105.74339350719619"
42332034,08/03/2025,"Cần bán gấp căn góc 123m2 CT8 Dương Nội, 3 phòng ngủ đầy đủ nội thất. Lh 0383 256 ***",Giá thỏa thuận,123 m²,N/A,3,2,"Dương Nội, Hà Đông","20.980243571656793, 105.74376051192716"
42362140,08/03/2025,"Bán căn 86m CT8 Dương Nội, full nội thất mới làm, 2 phòng ngủ , giá 3.xx tỷ",Giá thỏa thuận,86 m²,N/A,2,2,"Dương Nội, Hà Đông","20.979690211096703, 105.74361589718008"
42335293,08/03/2025,"Cần bán gấp căn góc 55m2 tòa CT7HJk Park View Dương Nội, 2PN 2VS. LH 0383 256 ***",3 tỷ,55 m²,"54,54 tr/m²",2,2,"Dương Nội, Hà Đông","20.979590813540216, 105.7436498349048"
42204728,08/03/2025,"Cần bán gấp căn hộ 86m2, 3 phòng ngủ tòa CT8D Dương Nội, full nội thất ở luôn",Giá thỏa thuận,86 m²,N/A,3,2,"Dương Nội, Hà Đông","20.9797588353487, 105.74401199976437"
42326089,08/03/2025,"Chính chủ bán gấp căn hộ 2PN CT8 Dương Nội, sẵn nội thất, giá 3.Xx tỷ",Giá thỏa thuận,84 m²,N/A,2,2,"Dương Nội, Hà Đông","20.979611792799243, 105.743625677265"
41988211,08/03/2025,"Chính chủ e cần bán gấp căn 3 phòng ngủ tòa CT8D Dương Nội, dt 86m, full nội thất vào ở luôn",Giá thỏa thuận,86 m²,N/A,3,2,"Dương Nội, Hà Đông","20.97992594662691, 105.74446278869604"
40790376,08/03/2025,"Cần bán căn 49m2 tòa HH2 Xuân Mai Complex, TK 1.5N sẵn nội thất ở luôn",Giá thỏa thuận,49 m²,N/A,2,1,"Yên Nghĩa, Hà Đông","20.9597759246826, 105.741882324219"
42201519,08/03/2025,Cần bán gấp căn 107m2 tòa Ct7 Dương Nội. 3PN sẵn nội thất. Giá 4. Xx tỷ,Giá thỏa thuận,107 m²,N/A,3,2,"Dương Nội, Hà Đông","20.979523100836673, 105.74346110897233"
41777747,08/03/2025,"Chính chủ cần bán gấp căn hộ 86m2 CT8 Dương Nội, TK 2Pn, nhà nguyên bản, giá 3.xx tỷ",Giá thỏa thuận,86 m²,N/A,2,2,"Dương Nội, Hà Đông","20.9797279335606, 105.74429700016"
42368694,08/03/2025,Bán nhanh căn 3n 98m full đồ đẹp tại Thiên niên kỷ,"7,2 tỷ",98 m²,"73,47 tr/m²",3,2,"Quang Trung, Hà Đông","20.973302149259382, 105.7782920887133"
42360300,08/03/2025,"Cần bán gấp căn góc 83m2 CT7 Dương Nội, 2PN, nhà nguyên bản. Giá 3.xx tỷ. LH 0383 256 ***",Giá thỏa thuận,83 m²,N/A,2,2,"Dương Nội, Hà Đông","20.97976734530114, 105.74354433459493"
42356808,08/03/2025,"Chính chủ bán gấp căn hộ 123m2 căn góc đẹp CT8 Dương Nội, 3Pn, full nội thất, giá 5. X tỷ",Giá thỏa thuận,123 m²,N/A,3,2,"Dương Nội, Hà Đông","20.979466829545707, 105.74396214091591"
42169298,08/03/2025,"Chính chủ bán gấp căn hộ 54m CT7 Dương Nội, full nội thất mới đẹp, giá 2.xy tỷ",Giá thỏa thuận,54 m²,N/A,2,1,"Dương Nội, Hà Đông","20.979733306463277, 105.74400531200735"
39414186,08/03/2025,Tôi chủ nhà cần bán căn hộ chung cư HPC Landmark căn hộ được thiết kế với 3PN - 2VS giá 6tỷ,6 tỷ,107 m²,"56,08 tr/m²",3,2,"La Khê, Hà Đông","20.973667144775391, 105.75871276855469"
42368888,08/03/2025,Bán căn góc 3 ngủ khu nhà ở Bộ tư Lệnh thủ đô Yên Nghĩa Hà đông giá hơn 3 tỷ,"3,3 tỷ",77 m²,"42,86 tr/m²",3,N/A,"Yên Nghĩa, Hà Đông","20.954064748611152, 105.74094063553335"
40763635,08/03/2025,"Siêu hot. Bán căn góc 62m2 tòa CT6 Xa La, 2n 2vs, nhà đẹp giá 1,8 tỷ. LH 0981 780 ***",Giá thỏa thuận,62 m²,N/A,2,2,"Phúc La, Hà Đông","20.962467193603516, 105.79236602783203"
41183650,08/03/2025,"Nhà cần căn hộ 4 phòng ngủ tòa K35 chung cư HPC Landmark 105, Hà Đông 134m2 thiết kế 4PN, 2wc","7,5 tỷ",134 m²,"55,97 tr/m²",4,2,"La Khê, Hà Đông","20.973667144775391, 105.75871276855469"
42368850,08/03/2025,Bán căn 90m2 3 ngủ dự án Xuân Mai Riverside hà đông giá siêu tốt Chỉ 5.x tr/m2,"4,8 tỷ",90 m²,"53,33 tr/m²",3,N/A,"Mỗ Lao, Hà Đông","20.984824064592704, 105.77953738827392"
40728343,08/03/2025,"Siêu rẻ! Bán căn hộ 3 ngủ tầng đẹp xala Hà Đông , giá 3, 2 tỷ. LH 0981 780 ***","3,2 tỷ",89 m²,"35,96 tr/m²",3,2,"Phúc La, Hà Đông","20.961841583252, 105.795524597168"
42271260,08/03/2025,"Bán căn hộ 3PN, 2WC tại Hồ Gươm Plaza, Trần Phú, Mỗ Lao, Hà Đông, giá 45tr/m2 rẻ nhất thị trường","6,34 tỷ",141 m²,45 tr/m²,3,2,"Mỗ Lao, Hà Đông","20.979461162314553, 105.78508533800425"
40948633,08/03/2025,"Hàng hiếm! Giá cực tốt, bán gấp căn hộ 77m2 tòa CT10 đại thanh giá 2.8 tỷ, full NT. LH 0981 780 ***","2,5 tỷ",77 m²,"32,47 tr/m²",3,3,"Phúc La, Hà Đông","20.9624671936035, 105.792366027832"
41018478,08/03/2025,"BÁN CĂN 2 PN, 1wc. S= 55m.tòa A.B.C. Full đồ. Gía 2,x tỷ. Dự án chung cư HH2 Xuân Mai complex",Giá thỏa thuận,75 m²,N/A,2,2,"Yên Nghĩa, Hà Đông","20.959775924682617, 105.74188232421875"
42245781,08/03/2025,"Chủ nhà thiện chí bán 3PN2WC full đồ, slot xe tại Mulberry Lane. Giá: 5.69 tỷ (có TL + hỗ trợ vay)","5,69 tỷ","99,5 m²","57,19 tr/m²",3,2,"Mỗ Lao, Hà Đông","20.986252059044475, 105.78618039662615"
42330576,08/03/2025,"Chính chủ bán căn góc 86m2 CT6 Xa La, 3 ngủ, 2 vệ sinh cực thoáng giá 3 tỷ hơn tý. LH 0981 780 ***",Giá thỏa thuận,86 m²,N/A,3,2,"Phúc La, Hà Đông","20.962000783850886, 105.79203543858614"
40948806,08/03/2025,"Bán nhanh căn hộ tầng trung tại Xa La, Hà Đông. 84m2 tk 3pn, 2vs nhà đẹp. SĐCC. LH 0981 780 ***","3,5 tỷ",84 m²,"41,67 tr/m²",3,2,"Phúc La, Hà Đông","20.9624671936035, 105.792366027832"
30003946,08/03/2025,Chuyển nhượng quỹ căn hot 1N-2N-3N từ 3x tỷ đến 6x tỷ tại tòa Thiên Niên Kỷ Hà Đông,Giá thỏa thuận,62 m²,N/A,2,2,"Quang Trung, Hà Đông","20.9784491458761, 105.781543731689"
42362240,08/03/2025,"Quỹ căn ngoại giao căn 1 ngủ - 2 ngủ giá tốt, hỗ trợ vay tại Keper Land - 0916 256 ***","5,69 tỷ",72 m²,79 tr/m²,2,2,"Mỗ Lao, Hà Đông","20.98527204598475, 105.78035560542617"
41025046,08/03/2025,"Không còn căn rẻ hơn, bán căn hộ 71,6 m2 2 ngủ 2wc tại tòa HH2E Xuân Mai Dương Nội","3,25 tỷ","71,6 m²","45,39 tr/m²",2,2,"Dương Nội, Hà Đông","20.9846420288086, 105.774719238281"
41455386,08/03/2025,"Bán căn hộ hàng Net tại toà HH2L Xuân Mai Tố Hữu. 55m2 2 ngủ 2wc full nội thất, sổ đỏ chính chủ","2,86 tỷ",55 m²,52 tr/m²,2,2,"Yên Nghĩa, Hà Đông","20.959775924682617, 105.74188232421875"
42159793,08/03/2025,"Nhà đẹp giá rẻ, Bán căn hộ 69.5m2 2 ngủ 2wc tại tòa CT4 Xa la giá chỉ 3.2 tỷ","3,2 tỷ","69,5 m²","46,04 tr/m²",2,2,"Phúc La, Hà Đông","20.962452277717748, 105.79240547877541"
42150298,08/03/2025,Nhà siêu đẹp mà giá rẻ bất ngờ tại CT7H Xuân Mai Dương Nội căn hộ 72m2 2 ngủ 2wc giá chỉ 3.6 tỷ,"3,6 tỷ",72 m²,50 tr/m²,2,2,"Dương Nội, Hà Đông","20.96479542953706, 105.7499132912647"
42150381,08/03/2025,Chỉ 2.8x tỷ để sở hữu căn hộ 55m2 2 ngủ tại dự án Xuân Mai Dương Nội mặt đường Tố Hữu. Nhà mới đẹp,"2,88 tỷ",55 m²,"52,36 tr/m²",2,1,"Dương Nội, Hà Đông","20.964201364453032, 105.74975813373968"
42368162,08/03/2025,"Bán căn hộ chung cư TSQ, KĐT Mỗ Lao, Hà Đông, Hà Nội","12,8 tỷ",225 m²,"56,89 tr/m²",4,3,"Mỗ Lao, Hà Đông","20.97833444049228, 105.78338713766372"
41151039,08/03/2025,"Bán căn hộ góc 92m2, 3 ngủ, 2 vệ sinh. Khu 3 toà B1.3 HH03B. Full nội thất như hình, ảnh thật 100%",Giá thỏa thuận,92 m²,N/A,3,2,"Kiến Hưng, Hà Đông","20.955067802767, 105.790050974457"
41701799,08/03/2025,"Cần bán gấp căn hộ CT7 Dương Nội DT 62m2 căn góc 2 ngủ, 1 wc đủ đồ. Lh: 0988 187 ***","3,1 tỷ",62 m²,50 tr/m²,2,1,"Dương Nội, Hà Đông","20.98102, 105.7549"
41912288,08/03/2025,"Bán căn hộ CT8 Dương Nội dt 86m2, 3 ngủ, 2 wc đủ đồ. Lh: 0988 187 ***","3,85 tỷ",86 m²,"44,77 tr/m²",3,2,"Dương Nội, Hà Đông","20.980598528313095, 105.74337015589069"
42061822,08/03/2025,"Bán gấp căn hộ Ct7hjk dt 55m căn góc 2 ngủ , 2 wc đủ đồ giá 2ty970tr . Lh : 0988 187 ***","2,97 tỷ",55 m²,54 tr/m²,2,2,"Dương Nội, Hà Đông","20.980440555719678, 105.75468292409538"
10348628,08/03/2025,"Bán gấp CHCC Dương Nội rộng 86m2 2 ngủ, 2WC, loza, đủ đồ giá 3.7tỷ. LH: 0988 187 ***","3,7 tỷ",86 m²,"43,02 tr/m²",2,2,"Dương Nội, Hà Đông","20.9810199737549, 105.754898071289"
40204937,08/03/2025,Cần bán gấp căn hộ CT7 Dt 107m2 đủ nội thất giá 4.9 tỷ . Lh: 0988 187 ***,Giá thỏa thuận,107 m²,N/A,3,2,"Dương Nội, Hà Đông","20.9643268585205, 105.749549865723"
29550858,08/03/2025,"Bán CHCC CT7H, J, K Dương Nội rộng 57m2, 2PN, 2WC giá 3.180tỷ. LH: 0988 187 ***","3,18 tỷ",57 m²,"55,79 tr/m²",2,2,"Dương Nội, Hà Đông","20.9798679351807, 105.743919372559"
29527010,08/03/2025,Bán căn hộ CT7 KĐT mới Dương Nội DT 56.5m2 ban công Đông Nam đủ nội thất giá 2ty85. LH: 0988 187 ***,"2,85 tỷ","56,5 m²","50,44 tr/m²",2,1,"Dương Nội, Hà Đông","20.9810199737549, 105.754898071289"
42264254,08/03/2025,"Bán gấp căn hộ 73m2 chỉ 3.7x tỷ SĐCC tại The Pride Hải Phát, La Khê, Hà Đông",Giá thỏa thuận,73 m²,N/A,2,2,"La Khê, Hà Đông","20.975347635022793, 105.7616835658956"
42315952,08/03/2025,Ra hàng dự án The Charm An Hưng,Giá thỏa thuận,"90,8 m²",N/A,3,2,"La Khê, Hà Đông","20.9742258623285, 105.761283632678"
42266966,08/03/2025,"Giá cực sốc! Chỉ 3.15 tỷ căn hộ 2pn, 2wc tại HH2 Xuân Mai Complex, Dương Nội","3,15 tỷ",62 m²,"50,81 tr/m²",2,2,"Yên Nghĩa, Hà Đông","20.960190355506573, 105.74185011947442"
42368150,08/03/2025,"Bán nhà Dịch vụ 106m2, 6 tầng thang máy, 17P khép kín, ôtô tận cửa Giáp KĐT Văn Quán, Hà Đông","19,8 tỷ",106 m²,"186,79 tr/m²",17,18,"Phúc La, Hà Đông","20.9741329433667, 105.786335089272"
42368138,08/03/2025,"Bán CC Xuân Mai Riverside, 5,4 tỷ, 98m2, 3PN, 2WC đẹp xuất sắc ở Hà Đông, HN","5,4 tỷ",98 m²,"55,1 tr/m²",3,2,"Mỗ Lao, Hà Đông","20.98435586154853, 105.77890764562883"
42368135,08/03/2025,"Gia đình Em bán căn góc 95 m2 - 3pn full nội thất view thoáng ở Booyoung,Phường Mỗ Lao, giá 5,5 tỷ","5,5 tỷ",95 m²,"57,9 tr/m²",3,2,"Mỗ Lao, Hà Đông","20.982771381521367, 105.78351125654983"
39197201,08/03/2025,"Hot: GĐ mới mua bt nên bán The Terra An Hưng 90m2 3PN 2VS full NT hướng mát giá yêu thương 5,x tỷ","5,5 tỷ",90 m²,"61,11 tr/m²",4,2,"Dương Nội, Hà Đông","20.9743461608887, 105.754165649414"
40769708,08/03/2025,"Siêu phẩm: Cần tiền bán nhanh The Pride 75m2 2PN 2VS. Full NT, hướng mát giá chỉ 3,x tỷ BTP","3,75 tỷ",75 m²,50 tr/m²,2,2,"La Khê, Hà Đông","20.976024627685547, 105.7615966796875"
42367880,08/03/2025,"Chính chủ Bán Gấp căn Góc 2PN, 2WC, 57m2 giá 3,x tỷ tòa HH2K CC Xuân Mai Complex, Tố Hữu, Hà Đông.","3,15 tỷ",57 m²,"55,26 tr/m²",2,2,"Yên Nghĩa, Hà Đông","20.959761216063605, 105.74180488591655"
42160865,08/03/2025,Cần bán gấp căn 3PN 2WC (116m2) tại Seasons Avenue - Giá 6.7 tỷ (có thương lượng). Cam kết giá thật,"6,7 tỷ",111 m²,"60,36 tr/m²",3,2,"Mỗ Lao, Hà Đông","20.986631630392743, 105.78627119177149"
42310043,08/03/2025,Đã có bảng giá chính thức Cc cao cấp The Charm An Hưng- Hà Đông giá từ 70 triệu/met,"5,04 tỷ",72 m²,70 tr/m²,2,2,"La Khê, Hà Đông","20.97521108598382, 105.75998901888798"
42367642,08/03/2025,"GIÁ SIÊU TỐT!. Thiện chí bán Gấp căn 73m2 giá 3,7x tỷ Chung cư The Pride, Tố Hữu, Hà Đông. Full đồ","3,75 tỷ",73 m²,"51,37 tr/m²",2,2,"La Khê, Hà Đông","20.975956153219943, 105.76110737839112"
42338442,08/03/2025,"Bán căn hộ chung cư tại Samsora Premier, 4,5 tỷ, 78 m2, Full nội thất mới xịn, khách mua về ở ngay","4,5 tỷ",78 m²,"57,69 tr/m²",3,2,"Quang Trung, Hà Đông","20.975032231095597, 105.77703561732874"
42304996,08/03/2025,"Cần bán gấp căn hộ tầng trung - 3 ngủ, 2vs full nội thất đẹp tại KĐT Văn Khê giá đầu tư",5 tỷ,135 m²,"37,04 tr/m²",3,2,"La Khê, Hà Đông","20.972496329121523, 105.76166148644245"
42299431,08/03/2025,"Rẻ nhất thị trường, chính chủ bán gấp CHCC full nội thất 52,3m2 2 PN CT4C Xa La, Hà Đông",Giá thỏa thuận,"52,3 m²",N/A,2,1,"Phúc La, Hà Đông","20.963255510595154, 105.79280677030714"
37540632,08/03/2025,Chính chủ cần bán rẻ căn hộ chung cư Thanh Hà,"1,5 tỷ",65 m²,"23,08 tr/m²",N/A,N/A,"Kiến Hưng, Hà Đông","20.93979244744473, 105.78734560511067"
42342610,08/03/2025,"Thiện chí bán gấp căn hộ 53m2, 2PN giá 2,5x tỷ chung cư CT4 Xa La, Hà Đông. Full nội thất","2,58 tỷ",53 m²,"48,68 tr/m²",2,1,"Phúc La, Hà Đông","20.96252546347888, 105.79236535450724"
42367679,08/03/2025,"Bán căn hộ 69m đầy đủ nội thất chung cư Sông Nhuệ. 2 ngủ, SĐCC. Chỉ với 2.9 tỷ",Giá thỏa thuận,69 m²,N/A,2,1,"Kiến Hưng, Hà Đông","20.959671203723882, 105.79890232344366"
42367476,08/03/2025,"Bán gấp căn 86m2, 3PN, tầng Trung, full nội thất chỉ 3,x tỷ tòa CT8C The Spark Dương Nội, Hà Đông.","3,95 tỷ",86 m²,"45,93 tr/m²",3,2,"Dương Nội, Hà Đông","20.979518881952213, 105.74452576286541"
42315178,08/03/2025,"(Nhà đẹp) cần bán căn hộ 3N 2W 78m2 Samsora, full nội thất sẵn sổ giao dịch ngay","4,6 tỷ",78 m²,"58,97 tr/m²",3,2,"Quang Trung, Hà Đông","20.9742487444401, 105.777247307413"
42299597,08/03/2025,"[Nhà Siêu Đẹp] Cần bán căn hộ 2N2W 74m GOLDSILK, nội thất siêu đẹp sẵn sổ giao dịch ngay",5 tỷ,74 m²,"67,57 tr/m²",2,2,"Vạn Phúc, Hà Đông","20.978138689739044, 105.77295788747949"
42367586,08/03/2025,"Bán căn 67.4m2 CT1 Yên Nghĩa siêu đẹp 2PN, 2VS, mua k ở cho thuê 8 triệu/tháng, siêu hời",Giá thỏa thuận,"67,4 m²",N/A,2,2,"Yên Nghĩa, Hà Đông","20.9548617148157, 105.745150691712"
41120144,08/03/2025,"Bán căn 2 PN, 2WC S = 57m2 tim tường. Có đồ. Gía 3,03 tỷ dự án CT7 Dương Nội","3,03 tỷ",57 m²,"53,16 tr/m²",2,2,"Dương Nội, Hà Đông","20.979867935180664, 105.74391937255859"
38632005,08/03/2025,"BÁN CĂN 2 PN, S= 65 có đồ. Gía 3.1x tỷ. Dự án Chung cư Xuân Mai complex Dương Nội",Giá thỏa thuận,65 m²,N/A,2,1,"Yên Nghĩa, Hà Đông","20.9597759246826, 105.741882324219"
42367303,08/03/2025,"Bán CC Sails Tower (Sông Nhuệ), 2,9 tỷ, 69m2, view đẹp, Cầu Bươu, Hà Đông, Hà Nội","2,9 tỷ",69 m²,"42,03 tr/m²",2,2,"Kiến Hưng, Hà Đông","20.959626716347707, 105.79823689401442"
41023649,08/03/2025,"Hot - Bán căn góc 4PN + 3WC diện tích 225m2, chung cư TSQ-Euroland, giá 12 tỷ. LH 0946 165 ***",12 tỷ,225 m²,"53,33 tr/m²",4,3,"Mỗ Lao, Hà Đông","20.983457565307617, 105.78564453125"
38964674,08/03/2025,"Bán gấp căn 70m2, 2PN + 1WC, chung cư TSQ - Euroland, giá nhỉnh 4 tỷ. 0966 152 ***",Giá thỏa thuận,70 m²,N/A,2,1,"Mỗ Lao, Hà Đông","20.9834575653076, 105.78564453125"
41741005,08/03/2025,"Hot - Bán căn hộ 73m2, 2pn + 2wc tòa Xuân Mai Reverside, Mỗ Lao, giá 4.1 tỷ LH chị Thuý 0966 152 ***","4,1 tỷ",73 m²,"56,16 tr/m²",2,2,"Mỗ Lao, Hà Đông","20.985193252563477, 105.7790298461914"
39074775,08/03/2025,"Bán căn 3 PN +2WC, ban công Đông Bắc 128m2, CC Muberry Lane, Mỗ Lao chỉ nhỉnh 7 tỷ có slot ôtô",Giá thỏa thuận,128 m²,N/A,3,2,"Mỗ Lao, Hà Đông","20.98651885986328, 105.7863998413086"
42209996,08/03/2025,"Hot, bán gấp CHCC chỉ 3.75 tỷ 3PN 2WC 85m2 ở tòa BMM Xa La, ban công: Đông Nam","3,75 tỷ",85 m²,"44,12 tr/m²",2,2,"Phúc La, Hà Đông","20.96191982733804, 105.79546075040828"
42147412,08/03/2025,"Nhà đẹp chốt nhanh tay căn 97m2, 2N - 2WC toà căn hộ toà V3 Victoria, giá nhỉnh 5. X tỷ","5,2 tỷ",97 m²,"53,61 tr/m²",2,2,"Phú La, Hà Đông","20.9601986330927, 105.769076992793"
42367207,08/03/2025,"Bán CC HPC Landmark 105, La Khê, Hà Đông, giá thỏa thuận, 108m2",Giá thỏa thuận,108 m²,N/A,3,2,"La Khê, Hà Đông","20.973678876761678, 105.7588284616627"
42367186,08/03/2025,"Bán căn hộ 2PN, 69m2 tại Sails Tower, Cầu Bươu, 2,9 tỷ, view đẹp","2,9 tỷ",69 m²,"42,03 tr/m²",2,1,"Kiến Hưng, Hà Đông","20.960015120087835, 105.79860284449008"
42367185,08/03/2025,"SIÊU RẺ, Tòa CT2B XALA, Bán CC 2PN, 2WC, 64m2 tại KĐT Xa La, Phùng Hưng, Hà Đông, chỉ 2,88 tỷ","2,88 tỷ",64 m²,45 tr/m²,2,2,"Phúc La, Hà Đông","20.962656439470265, 105.79274010254862"
42186314,08/03/2025,"Bán CH dự án Samsora Premier 105 Chu Văn An, Dt 72m2, 2N2VS, full nội thất. Giá 4 tỷ. LH 0866 839 ***",4 tỷ,72 m²,"55,56 tr/m²",2,2,"Quang Trung, Hà Đông","20.9749480291961, 105.776847009338"
42367354,08/03/2025,"Bán CC 71m2 tại 197 Trần Phú, Hà Đông, giá chỉ 3,96 tỷ, đẹp xuất sắc","3,96 tỷ",71 m²,"55,78 tr/m²",2,2,"Văn Quán, Hà Đông","20.980020226046733, 105.78736053548398"
42228291,08/03/2025,"Bán căn hộ chung cư Vạn Phúc, Hà Đông, Hà Nội, 2,9 tỷ, 90m2, 3 ngủ 0981 715 ***","2,9 tỷ",90 m²,"32,22 tr/m²",3,3,"Vạn Phúc, Hà Đông","20.979816732488, 105.771798755288"
42367319,08/03/2025,"Bán CC 88m2 tại Tòa nhà 197 Trần Phú, 4,65 tỷ, view đẹp, giá cực chất","4,65 tỷ",88 m²,"52,84 tr/m²",2,2,"Văn Quán, Hà Đông","20.97951413741514, 105.78696387176218"
42345171,08/03/2025,"Chính chủ cần bán CC Usilk City diện tích 94m2, 3PN + 2WC, full nội thất","4,95 tỷ",94 m²,"52,66 tr/m²",3,2,"La Khê, Hà Đông","20.974672117106586, 105.76006412088825"
42367282,08/03/2025,Chính Chủ Bán Căn Hộ Lacasta Văn Phú Hà Đông Dt : 112 Nguyên Bản LH: 0929 656 ***,Giá thỏa thuận,112 m²,N/A,3,2,"Văn Quán, Hà Đông","20.98021305755369, 105.78813416577633"
42355136,08/03/2025,"Bán CH 3PN, 2WC, 80m2 tại Samsora Premier, 4,75 tỷ, Hà Đông, HN - hàng hiếm view đẹp","4,75 tỷ",80 m²,"59,38 tr/m²",3,2,"Quang Trung, Hà Đông","20.975182614222692, 105.77653860159992"
42355114,08/03/2025,"Bán CH 2PN, 2WC tại Samsora Premier, 4,2 tỷ, 70m2, Hà Đông, Hà Nội","4,2 tỷ",70 m²,60 tr/m²,2,2,"Quang Trung, Hà Đông","20.975247916715183, 105.7768950115058"
42113663,08/03/2025,"Gia đình em bán gấp CH 88m2 2pn 2wc full nội thất, view thoáng ở ct4 The Pride, Tố Hữu, giá 4 tỷ",4 tỷ,88 m²,"45,46 tr/m²",2,2,"La Khê, Hà Đông","20.97680719045062, 105.76124742491987"
40945400,08/03/2025,"Chính chủ bán căn góc 74m2, 2PN, 2VS, tầng trung, nhà đẹp, căn góc siêu thoáng. LH 0963 225 ***",Giá thỏa thuận,74 m²,N/A,2,2,"Dương Nội, Hà Đông","20.9830436706543, 105.757339477539"
41181965,08/03/2025,"Chính chủ bán căn 2PN - 67m2, 2VS, nhà đẹp, view đẹp. LH chi tiết: 0984 797 ***",Giá thỏa thuận,67 m²,N/A,2,2,"Dương Nội, Hà Đông","20.97723388671875, 105.76195526123047"
42062916,08/03/2025,"Bán căn hộ 70m2 2PN, 2VS tòa CT5A Xa La full đồ xịn như ảnh. Giá 3.19 tỷ. LH 0965 859 ***","3,19 tỷ",70 m²,"45,57 tr/m²",2,2,"Kiến Hưng, Hà Đông","20.962114516529166, 105.79273609394352"
42296199,08/03/2025,"3 ngủ sẵn sổ, hỗ trợ vay, đã full nội thất chỉ 4.8 tỷ","4,7 tỷ",81 m²,"58,02 tr/m²",3,2,"Quang Trung, Hà Đông","20.97424311497589, 105.77704494913895"
42252139,08/03/2025,"81m2 2pn 2wc, ban công Đông nam siêu mát, chỉ 4,5 tỷ bao phí","4,5 tỷ",81 m²,"55,56 tr/m²",2,2,"Quang Trung, Hà Đông","20.97591289695918, 105.77699532448436"
41537986,08/03/2025,"Cực chất tại tòa CT1 Nam Xa La, SĐCC - chỉ 3,6 tỷ (đã bst và còn thương lượng), diện tích 82m2","3,6 tỷ",82 m²,"43,9 tr/m²",2,2,"Phúc La, Hà Đông","20.9604053497314, 105.794692993164"
42356920,08/03/2025,"Chính chủ gửi bán căn 78m 2 ngủ 2vs chung cư La Casta Văn Phú Hà Đông full nội thất xịn đẹp, giá rẻ","5,5 tỷ",78 m²,"70,51 tr/m²",2,2,"Phú La, Hà Đông","20.9628364725873, 105.76248877346204"
39299262,08/03/2025,Chính chủ gửi bán căn 97m2 chung cư Victoria Văn Phú Hà Đông sổ đỏ cc giá thỏa thuận thương lượng,Giá thỏa thuận,97 m²,N/A,2,2,"Phú La, Hà Đông","20.9599075317383, 105.768196105957"
39427008,08/03/2025,"Chính chủ gửi bán căn K 47m2 chung cư La Casta Văn Phú Hà Đông, giá rẻ nhất thị trường, sổ đỏ CC",Giá thỏa thuận,47 m²,N/A,1,1,"Phú La, Hà Đông","20.963459014892578, 105.76276397705078"
42204605,08/03/2025,"Quỹ căn 68m2, 78m2, 88m2 chung cư La Casta Văn Phú Hà Đông giá từ 5 tỷ full nội thất, sổ đỏ CC",5 tỷ,68 m²,"73,53 tr/m²",2,2,"Phú La, Hà Đông","20.963156558795, 105.76264437705"
41212188,08/03/2025,Hiếm!! căn Duplex 4PN 3WC - 267/337m2 - New Skyline full nội thất 18 tỷ có TL,Giá thỏa thuận,"267,2 m²",N/A,4,3,"Văn Quán, Hà Đông","20.9796447753906, 105.792343139648"
41361167,08/03/2025,Hiếm! Bán căn 2PN 2WC - 74m2 - CC Booyoung NT full giá 4.7 tỷ SĐCC,"4,7 tỷ",74 m²,"63,51 tr/m²",2,2,"Mỗ Lao, Hà Đông","20.983375549316406, 105.78353118896484"
42367065,08/03/2025,Tôi có căn 2PN 2VS tại Anland 2 view thoáng mát tầng 1x cần bán 0389 980 ***,Giá thỏa thuận,68 m²,N/A,2,2,"La Khê, Hà Đông","20.9772338867188, 105.76195526123"
42261899,08/03/2025,(Quá HOT) Gđ cần bán căn hộ 2 ngủ (74m2) tại Andland LakeView mới. Đủ nội thất và sổ. Giá 4 tỷ 85,"4,85 tỷ",74 m²,"65,54 tr/m²",2,2,"Dương Nội, Hà Đông","20.9829487730482, 105.756805628347"
41315772,08/03/2025,Hiếm! Căn 3PN2WC - Samsora 78m2 hướng mát full nội thất giá 4.8 tỷ,Giá thỏa thuận,78 m²,N/A,3,2,"Quang Trung, Hà Đông","20.973217010498, 105.778854370117"
40831602,08/03/2025,Căn 3PN 2WC - 95.5m2 - CC Booyoung tầng trung full NT giá 5.9 tỷ,"5,9 tỷ","95,5 m²","61,78 tr/m²",3,2,"Mỗ Lao, Hà Đông","20.983375549316406, 105.78353118896484"
42367042,08/03/2025,"Bán căn hộ 2PN, 2WC, 72m2 2 ngủ 2 vs giá 3,9 tỷ tại Tòa nhà 197 Trần Phú gần tàu điện + hồ văn quán","3,9 tỷ",72 m²,"54,17 tr/m²",2,2,"Văn Quán, Hà Đông","20.97998172311053, 105.78707747188889"
41083904,08/03/2025,"Hiếm có khó tìm: Dự án FLC Star Tower, 100m2, 3 ngủ 2 vs. SĐCC, full đồ về ở. LH: 0817 468 ***",Giá thỏa thuận,100 m²,N/A,3,2,"Quang Trung, Hà Đông","20.9625549316406, 105.765251159668"
42220332,08/03/2025,"Bán căn hộ chung cư tại Khu đô thị mới An Hưng, giá thỏa thuận, 73 m2, 2PN, 2WC, hot",Giá thỏa thuận,73 m²,N/A,2,2,"La Khê, Hà Đông","20.9732432538564, 105.757549073389"
42158081,08/03/2025,"Bán căn hộ chung cư 58m2, 3,25 tỷ tại Kiến Hưng, Hà Đông, Chính chủ uy tín","3,25 tỷ",58 m²,"56,03 tr/m²",2,2,"Kiến Hưng, Hà Đông","20.9550908361934, 105.789999346239"
42146879,08/03/2025,"Bán căn hộ CC KĐT Văn Quán, giá thỏa thuận, 77m2, 2PN, 2WC",Giá thỏa thuận,77 m²,N/A,2,2,"Phúc La, Hà Đông","20.974320466709152, 105.78869508564276"
42158036,08/03/2025,"Bán CC đẹp, nhiều tiện ích tại Kiến Hưng, 2,85 tỷ, 70m2, 2PN, 2WC","2,85 tỷ",70 m²,"40,71 tr/m²",2,2,"Kiến Hưng, Hà Đông","20.9553937844696, 105.789741816262"
40185392,08/03/2025,"Giảm giá sâu bán nhanh 63m2 2PN, 1WC tòa CT1A - KĐT Xa La Hà Đông. Căn góc - Nhà siêu đẹp - Bán gấp",3 tỷ,63 m²,"47,62 tr/m²",2,1,"Phúc La, Hà Đông","20.9624671936035, 105.792366027832"
41308460,08/03/2025,"Cần bán gấp căn 53m2 - 1 ngủ - 1vs tại CT4 Xa La - Hà Đông, 0966 786 ***","2,55 tỷ",53 m²,"48,11 tr/m²",1,1,"Phúc La, Hà Đông","20.962467193603516, 105.79236602783203"
40251130,08/03/2025,"Chính chủ bán gấp căn 47m2, 2PN, 1WC siêu hút gió chung cư Sông Nhuệ - Sails Tower LK KĐT Xa La","2,45 tỷ",47 m²,"52,13 tr/m²",2,1,"Kiến Hưng, Hà Đông","20.959997177124, 105.798553466797"
35488000,08/03/2025,"Chính chủ bán căn trục hiếm Xuân Mai Riverside, Hà Đông: 98m, 3N, 2W - Giá 5 tỷ 460 triệu TL mạnh","5,46 tỷ",98 m²,"55,71 tr/m²",3,2,"Mỗ Lao, Hà Đông","20.9851932525635, 105.779029846191"
42235541,08/03/2025,"Giá Rẻ Nhất Thị Trường! Bán Căn hộ 63m 2N1W Chỉ 4x tỷ Tại Thiên Niên Kỷ , Nhà Full Nội Thất, Sẵn Sổ",Giá thỏa thuận,63 m²,N/A,2,1,"Quang Trung, Hà Đông","20.97346287008919, 105.77842455116367"
42366970,08/03/2025,"Bán CC La Casta Văn Phú, 7,3 tỷ, 111m2, hàng hiếm tại Hà Đông, Hà Nội","7,3 tỷ",111 m²,"65,77 tr/m²",3,2,"Phú La, Hà Đông","20.963341966021623, 105.76345432344212"
42366958,08/03/2025,"Bán gấp căn hộ La Casta Văn Phú, 5,5 tỷ, 78m2, 2PN, 2WC, đầy đủ nội thất","5,5 tỷ",78 m²,"70,51 tr/m²",2,2,"Phú La, Hà Đông","20.9632870525055, 105.762567077922"
41302307,08/03/2025,"Cực hiếm căn 2N + 1 Park Kiara - ParkCity hướng mát, view thoáng, giá 8.55 tỷ. LH: 0931 686 ***","8,55 tỷ",91 m²,"93,96 tr/m²",2,2,"La Khê, Hà Đông","20.9673748016357, 105.754013061523"
42287442,08/03/2025,GD cần bán gấp căn góc 112m2 (3N 2W) đẹp nhất dự án HPC Landmark 105. Giá 5tỷ850,"5,85 tỷ",112 m²,"52,23 tr/m²",3,3,"La Khê, Hà Đông","20.9736671447754, 105.758712768555"
41595185,08/03/2025,CT4 Xa La - Chính chủ bán căn hộ 53m2 - 1 ngủ 1wc - có thể sửa 2 ngủ - sổ hồng giá cực tốt 2.46 tỷ,"2,45 tỷ",53 m²,"46,23 tr/m²",1,1,"Phúc La, Hà Đông","20.9624671936035, 105.792366027832"
41160119,08/03/2025,"Bán căn 3 PN, 2wc. S= 80m2 full đồ. Căn góc dự án chung cư Xuân Mai Complex Dương Nội",Giá thỏa thuận,80 m²,N/A,3,2,"Dương Nội, Hà Đông","20.9798679351807, 105.743919372559"
42106157,08/03/2025,"Siêu rẻ, căn hộ tầng trung tòa CT4 Xa La 70m2, 2PN, sổ đỏ, giá 3.05 tỷ, full NT đẹp. LH 0378 884 ***","3,05 tỷ",70 m²,"43,57 tr/m²",2,2,"Phúc La, Hà Đông","20.96210229853946, 105.79256806086998"
42040905,08/03/2025,"Hàng hiếm. Căn hộ tầng trung tòa CT1 Xa La, 84m2 sổ đỏ, full NT, giá chỉ 3,5x tỷ. LH 0378 884 ***","3,58 tỷ",84 m²,"42,62 tr/m²",2,1,"Phúc La, Hà Đông","20.962921316389785, 105.79218844457031"
42247074,08/03/2025,"Siêu rẻ, căn hộ tầng trung tòa CT5 Xa La 72m2, 2PN, sổ đỏ, giá 3,15 tỷ, full NT đẹp. LH 0378 884 ***","3,15 tỷ",72 m²,"43,75 tr/m²",2,2,"Phúc La, Hà Đông","20.9631537831721, 105.792124452875"
40917270,08/03/2025,"Chính chủ gửi bán căn hộ tòa CT1 Xa La 100m2, 3PN, Sổ đỏ. LH 0378 884 *** giá chỉ 4,2x tỷ","4,29 tỷ",104 m²,"41,25 tr/m²",3,2,"Phúc La, Hà Đông","20.962467193603516, 105.79236602783203"
42352191,08/03/2025,"Chính chủ mình cần bán nhanh cc ct3 YÊN NGHĨA TẦNG 16 ban công ĐN có SỔ siêu mát giá nhỉnh 3,1 ty",Giá thỏa thuận,74 m²,N/A,2,1,"Yên Nghĩa, Hà Đông","20.955645542855795, 105.74453202833647"
41161726,08/03/2025,"Bán căn hộ góc 67m2, 2 ngủ, 2 vệ sinh, khu B1.3 HH03B, Full nội thất như hình. Ảnh thật 100%",Giá thỏa thuận,67 m²,N/A,2,2,"Kiến Hưng, Hà Đông","20.9397029876709, 105.7872543334961"
42237531,08/03/2025,"Bán căn góc 2N, bc TN 82m2 chung cư cao cấp Kepler Land Mỗ Lao, view toàn khu đô thị",Giá thỏa thuận,82 m²,N/A,2,2,"Mỗ Lao, Hà Đông","20.985317890253892, 105.78082773299042"
42237662,08/03/2025,"Bán căn 2N, bc ĐB 82m2 chung cư cao cấp Kepler Land Mỗ Lao, view công viên hồ Phùng Khoang",Giá thỏa thuận,82 m²,N/A,2,2,"Mỗ Lao, Hà Đông","20.985317890253892, 105.78082773299042"
42301682,08/03/2025,"Bán căn góc D6-01 3N, 122m2 chung cư cao cấp Kepler Land Mỗ Lao, view sông Nhuệ đường Tố Hữu",Giá thỏa thuận,122 m²,N/A,3,2,"Mỗ Lao, Hà Đông","20.984960506314156, 105.77994774235654"
42237761,08/03/2025,"Bán căn 2N, bc ĐB 67m2 chung cư cao cấp Kepler Land Mỗ Lao, view công viên hồ Phùng Khoang",Giá thỏa thuận,67 m²,N/A,2,2,"Mỗ Lao, Hà Đông","20.985317890253892, 105.78082773299042"
42236515,08/03/2025,"Căn hộ 1PN, 45m2 ban công TN chung cư Kepler Land Mỗ Lao, giá tốt",Giá thỏa thuận,45 m²,N/A,1,1,"Mỗ Lao, Hà Đông","20.985360304430856, 105.7803394791961"
42237411,08/03/2025,"Bán căn góc 2N, bc chính Nam mát lạnh, 74m2 chung cư cao cấp Kepler Land Mỗ Lao, view tuyệt đẹp",Giá thỏa thuận,73 m²,N/A,2,2,"Mỗ Lao, Hà Đông","20.985317890253892, 105.78082773299042"
42237209,08/03/2025,"Bán căn góc 3N, bc ĐN 103m2 chung cư cao cấp Kepler Land Mỗ Lao, view tuyệt đẹp",Giá thỏa thuận,103 m²,N/A,3,2,"Mỗ Lao, Hà Đông","20.985317890253892, 105.78082773299042"
35235972,08/03/2025,Bán quỹ căn hộ Văn Khê mới nhất 2 phòng ngủ từ CT1 - CT6 giá rẻ nhất thị trường,"3,8 tỷ",91 m²,"41,76 tr/m²",2,2,"La Khê, Hà Đông","20.972412109375, 105.761528015137"
42302155,08/03/2025,"Bán chung cư Samsora Cầu Am, 91m2, 3 ngủ, 2 vs chỉ 4.48 tỷ","4,48 tỷ",91 m²,"49,23 tr/m²",3,2,"Quang Trung, Hà Đông","20.975152118062038, 105.77759391944811"
41207194,08/03/2025,"Gia đình cần bán căn hộ 154m2 giá 8.4 tỷ tại Mulberry Lane Hà Đông, 3 ngủ 2 wc, bao phí sang tên","8,47 tỷ",154 m²,55 tr/m²,3,2,"Mỗ Lao, Hà Đông","20.9865188598633, 105.786399841309"
42303728,08/03/2025,Quỹ hàng đẹp The Charm An Hưng giá siêu hấp dẫn. LH 0968 771 ***,"4,2 tỷ",54 m²,"77,78 tr/m²",2,2,"La Khê, Hà Đông","20.974545991295813, 105.76047412449824"
42350411,08/03/2025,"Bán CC 3PN 2WC tại The Pride, Tố Hữu, La Khê, Hà Đông, 5,25 tỷ, 98m2 giá tốt Toà CT2 căn hiếm","5,25 tỷ",98 m²,"53,57 tr/m²",3,2,"La Khê, Hà Đông","20.975729796606572, 105.76123991504834"
42366412,08/03/2025,"Bán gấp CH chung cư cao cấp The Terra An Hưng, Dương Nội, Hà Đông . 80m2, 2PN. 5.35 tỷ.","5,35 tỷ",80 m²,"66,88 tr/m²",2,2,"La Khê, Hà Đông","20.972749405560755, 105.75702523810259"
42350097,08/03/2025,"Gia đình thiện chí bán căn góc 98m2 3pn 2vs tầng trung, view thoáng, sẵn sổ giao dịch, giá 5.2 tỷ","5,2 tỷ",98 m²,"53,06 tr/m²",3,2,"La Khê, Hà Đông","20.9757525460811, 105.760764126356"
41487758,07/03/2025,"Gấp! Bán căn hộ 77m2 tại Thanh Hà Mường Thanh, 2PN, chỉ 2,65 tỷ","2,65 tỷ",77 m²,"34,42 tr/m²",2,2,"Kiến Hưng, Hà Đông","20.9397029876709, 105.7872543334961"
42366134,07/03/2025,"BÁN CĂN 2 PN, 1wc. S= 55m. Full đồ. Gía 2,x tỷ. Dự án chung cư HH2 Xuân Mai complex Dương Nội",Giá thỏa thuận,55 m²,N/A,2,1,"Yên Nghĩa, Hà Đông","20.96014230818245, 105.74167555041251"
42366117,07/03/2025,"BÁN CĂN HỘ 3 PHÒNG NGỦ SIÊU HIẾM - VIEW PHÁO HOA TẠI CT3 VĂN QUÁN, HÀ ĐÔNG - 95M, SỔ ĐỎ, GIÁ 5.4TỶ","5,4 tỷ",95 m²,"56,84 tr/m²",3,2,"Phúc La, Hà Đông","20.974054462834825, 105.78911008038118"
42366110,07/03/2025,Căn góc 2 phòng ngủ ( 77m2) tầng đẹp ( Đông Nam ) dự án The Charm An Hưng ( mặt đường ) Tố Hữu,"5,8 tỷ",77 m²,"75,32 tr/m²",2,2,"La Khê, Hà Đông","20.97426045589982, 105.7614003098382"
42310014,07/03/2025,"Dự án chung cư Kepler Land, DT từ 45m2. Giá từ 75tr/m2. Nội thất cao cấp, sổ lâu dài",Giá thỏa thuận,45 m²,N/A,2,2,"Mỗ Lao, Hà Đông","20.9855885985748, 105.779179145039"
42182996,07/03/2025,Chính chủ bán căn hộ 2 ngủ 2wc 77m full nội thất mới 100% giá 2ty7xx,Giá thỏa thuận,77 m²,N/A,2,2,"Kiến Hưng, Hà Đông","20.939544665119406, 105.78710050768882"
42328699,07/03/2025,Bán căn góc 2 ngủ 2wc 80m2 đầy đủ nội thất giá chỉ 2ty8xx tại Thanh Hà Mường Thanh,"2,83 tỷ",80 m²,"35,38 tr/m²",2,2,"Kiến Hưng, Hà Đông","20.9397737814049, 105.788176082201"
42261967,07/03/2025,Bán căn hộ 2 ngủ 2wc 65m2 full nội thất mới giá chỉ 2tỷ2xx thu về tại Thanh Hà Mường Thanh,"2,27 tỷ",65 m²,"34,92 tr/m²",2,2,"Kiến Hưng, Hà Đông","20.9395885454034, 105.787246452703"
39457723,07/03/2025,Căn hộ đẳng cấp - thượng lưu - an sinh đỉnh cao - Huyndai Hillstate - Tô Hiệu - HĐ 135m2 - 3ng-2wc,"8,65 tỷ",135 m²,"64,07 tr/m²",3,2,"Hà Cầu, Hà Đông","20.9636821746826, 105.773704528809"
42365849,07/03/2025,"Bán 55m2 2N1vs Xuân Mai Complex , Tòa KL nhà đẹp như hình, tầng trung",Giá thỏa thuận,55 m²,N/A,2,2,"Yên Nghĩa, Hà Đông","20.959850412279234, 105.7412678446691"
42184574,07/03/2025,"Căn hộ 1 phòng ngủ 1WC S = 40m2 - Đầy đủ nội thất. Giá nhỉnh 1,4 tỷ. LH 0376 685 ***","1,44 tỷ",40 m²,36 tr/m²,1,1,"Phúc La, Hà Đông","20.96252147871157, 105.79199033873397"
42291496,07/03/2025,"Giá cực tốt! Căn 75m2 tòa CT6 Hà Đông - Có sổ đỏ. Giá chỉ 2,9x tỷ. LIên hệ: 0376 685 ***","2,95 tỷ",75 m²,"39,33 tr/m²",2,2,"Phúc La, Hà Đông","20.962618227327837, 105.79209674234045"
42344594,07/03/2025,"Bán căn hộ 2PN, 2WC, 73m2 tại KĐT Xa La, 2,09 tỷ, tòa CT6 Hà Đông, Hà Nội","2,09 tỷ",73 m²,"28,63 tr/m²",2,2,"Phúc La, Hà Đông","20.9627354112556, 105.79154163834"
42177183,07/03/2025,Chính chủ cần bán gấp căn 78m2 vip toà A La Casta nội thất nhập khẩu,"5,5 tỷ",78 m²,"70,51 tr/m²",N/A,N/A,"Phú La, Hà Đông","20.96256153396576, 105.76282406150537"
39638813,07/03/2025,Chính chủ bán căn La Casta 117m2 full nội thất duy nhất trên thị trường,"7,6 tỷ",117 m²,"64,96 tr/m²",3,2,"Phú La, Hà Đông","20.9634590148926, 105.762763977051"
39591866,07/03/2025,"Chính chủ bán gấp căn 84m2 La Casta, full nội thất liền tường xịn","6,1 tỷ",88 m²,"69,32 tr/m²",2,2,"Phú La, Hà Đông","20.9634590148926, 105.762763977051"
42142817,07/03/2025,Cần bán căn 2 ngủ - Anland Lakeview 74m2 tầng trung Full Nội thất giá 4.8x tỷ,Giá thỏa thuận,74 m²,N/A,2,2,"Dương Nội, Hà Đông","20.982812728807062, 105.75733159112256"
42365505,07/03/2025,"Chính chủ bán căn hộ chung cư Park Kiara, Lê Trọng Tấn, La Khê, Hà Đông, Hà Nội 3 phòng ngủ",12 tỷ,108 m²,"111,11 tr/m²",3,2,"La Khê, Hà Đông","20.96650644076455, 105.75393787400937"
42282325,07/03/2025,"Bán căn hộ ICID Complex Lê Trọng Tấn gần Aeonmall Hà Đông Vinsmart 3,59 tỷ, 67m2, 2PN 2WC","3,6 tỷ",67 m²,"53,73 tr/m²",2,2,"Dương Nội, Hà Đông","20.98142234933767, 105.74219310702753"
42334193,07/03/2025,"Tôi cần bán căn hộ chung cư cao cấp The Charm Diện tích 72m2, 2PN,2VS giá 5 tỷ ,full nội thất",5 tỷ,72 m²,"69,44 tr/m²",2,2,"La Khê, Hà Đông","20.974188837465952, 105.76043483760662"
42365352,07/03/2025,Chính Chủ Bán Căn Hộ Lacasta Văn Phú Hà Đông Dt : 112 Nguyên Bản LH: 0929 656 ***,Giá thỏa thuận,112 m²,N/A,3,2,"Văn Quán, Hà Đông","20.980005092139514, 105.7882677811042"
41856063,07/03/2025,Độc quyền quỹ căn đẹp nhất The Charm An Hưng. Liên hệ PKD: 0976 881 ***,Giá thỏa thuận,72 m²,N/A,2,2,"La Khê, Hà Đông","20.97420663909272, 105.76061619439963"
39642664,07/03/2025,"Cần bán căn CT3 Văn Quán 100m2, 3 ngủ, 2 vs, nhà thiết kế đẹp, xịn full đồ. LH. 0983 669 ***",Giá thỏa thuận,100 m²,N/A,3,2,"Phúc La, Hà Đông","20.973962783813477, 105.78907012939453"
42130925,07/03/2025,"Cần bán căn góc CT7 Văn Quán Hà Đông 80m2, 2 ngủ, 2vs, full đồ. 0983 669 ***",Giá thỏa thuận,80 m²,N/A,2,2,"Phúc La, Hà Đông","20.973640808527183, 105.78916228020015"
39521532,07/03/2025,"Bán Penthouse tòa Rainbow Văn Quán căn Hoàn Thiện và Thô DT 183m, 283m, 400m...17xx tỷ - 0983 669 ***",Giá thỏa thuận,383 m²,N/A,6,4,"Văn Quán, Hà Đông","20.974458694458, 105.787742614746"
38697952,07/03/2025,"Bán gấp CH CT8 Văn Quán ô góc 58m2 2pn, sổ đỏ chính chủ, vị trí đẹp nhất Hà Đông. 3xtỷ - 0983 669 ***",Giá thỏa thuận,58 m²,N/A,2,N/A,"Văn Quán, Hà Đông","20.973962783813477, 105.78907012939453"
37155645,07/03/2025,"CC cần bán căn chung cư New Skyline Văn Quán Hà Đông 145m2, lô góc view hồ, (3.5PN) 0983 669 ***",Giá thỏa thuận,145 m²,N/A,3,2,"Văn Quán, Hà Đông","20.979644775390625, 105.79234313964844"
42007056,07/03/2025,"Bán căn hộ toà 24 Nguyễn Khuyến Văn Quán, Hà Đông. Diện tích 60m2, 2pn, 2vs, căn góc. 0949 170 ***","3,65 tỷ",60 m²,"60,83 tr/m²",2,2,"Văn Quán, Hà Đông","20.9749403755367, 105.789980881258"
42365249,07/03/2025,"Bán căn hộ 3PN, 3WC tại CT5 C Văn Khê, 6,7 tỷ, 166m2, Hà Đông, Hà Nội","6,7 tỷ",166 m²,"40,36 tr/m²",3,3,"La Khê, Hà Đông","20.97303023870416, 105.76316195349797"
40542323,07/03/2025,"Cần bán căn hộ 60m, 2PN, toà CT8. LH Kiều Thuý 0949 170 ***",Giá thỏa thuận,76 m²,N/A,2,1,"Văn Quán, Hà Đông","20.973962783813477, 105.78907012939453"
42228905,07/03/2025,"Bán penthouse Rainbow Văn Quán, dt 400m2, căn góc view thoáng. LH Kiều Thuý 0949 170 ***",Giá thỏa thuận,400 m²,N/A,N/A,N/A,"Văn Quán, Hà Đông","20.973711905864143, 105.7875668963854"
42265051,07/03/2025,"Chung cư hot nhất Hà Đông hiện tại, ngay mặt đường trung tâm của Quận Hà Đông",4 tỷ,63 m²,"63,49 tr/m²",2,2,"Mỗ Lao, Hà Đông","20.9852761932101, 105.779550637118"
42365018,07/03/2025,"Hàng hiếm giá tốt căn 147m (3PN, 2WC ) tại Bình Vượng 200 Quang Trung. Giá : 5,4 tỷ. Sẵn sổ","5,4 tỷ",147 m²,"36,74 tr/m²",3,2,"Quang Trung, Hà Đông","20.9665761003012, 105.769125873983"
39246076,07/03/2025,"Bán chung cư chính chủ 67.8 m2 tại ICID Complex Dương Nội, Hà Đông","3,39 tỷ","67,8 m²",50 tr/m²,2,2,"Dương Nội, Hà Đông","20.9819164276123, 105.742492675781"
37341356,07/03/2025,Chính chủ cần bán gấp căn 47m2 La Casta đầy đủ nội thất. LH 0338 852 ***,"3,45 tỷ",47 m²,"73,4 tr/m²",1,1,"Phú La, Hà Đông","20.963998585712677, 105.7634520742666"
42363756,07/03/2025,"Rẻ nhất khu căn hộ cao cấp, thoáng đáng sạch sẽ có ban công",6 tỷ,"97,4 m²","61,6 tr/m²",2,2,"Mỗ Lao, Hà Đông","20.9744191125765, 105.785468092238"
42364675,07/03/2025,"Bán CH dự án Hồ Gươm Plaza, diện tích 146m2 thiết kế 3 ngủ, giá 5,5 tỷ bao phí sang tên","5,5 tỷ",146 m²,"37,67 tr/m²",3,2,"Mỗ Lao, Hà Đông","20.97968349907111, 105.78556997138078"
41936927,07/03/2025,"Chính chủ bán gấp trước Tết căn hộ tòa Anland 75m2 lô góc, sổ đỏ chính chủ tôi bán, giá 4,3 tỷ","4,3 tỷ",75 m²,"57,33 tr/m²",2,2,"La Khê, Hà Đông","20.9765314977291, 105.761708540128"
33373814,07/03/2025,"Chính chủ bán căn 98m2, tầng đẹp, full nội thất. LH 0963 225 ***",Giá thỏa thuận,98 m²,N/A,3,2,"Dương Nội, Hà Đông","20.976192474365234, 105.76083374023438"
42011368,07/03/2025,"Bán căn 2 ngủ, 2wc Anland Lakeview rẻ nhất thị trường chỉ 4,7 tỷ. 0984 797 ***","4,7 tỷ",74 m²,"63,51 tr/m²",2,2,"Dương Nội, Hà Đông","20.9833844335712, 105.757364294217"
42004611,07/03/2025,"Chính chủ e bán căn 1206V2 diện tích 118m2 3 ngủ 2 vs đầy đủ nội thất giá cả thỏa thuận, sổ đỏ CC","6,45 tỷ",118 m²,"54,66 tr/m²",3,N/A,"Phú La, Hà Đông","20.95964324968975, 105.76841426113911"
39145658,07/03/2025,"Cần bán nhanh căn 121met 3 ngủ 2 vs chung cư Victoria Văn Phú, Hà Đông, sổ đỏ sang tên trong ngày","6,8 tỷ",118 m²,"57,63 tr/m²",3,2,"Phú La, Hà Đông","20.9599075317383, 105.768196105957"
42364436,07/03/2025,"Mở bán chung cư The Charm An Hưng, ký HĐMB luôn. 0985 999 ***",Giá thỏa thuận,72 m²,N/A,2,N/A,"La Khê, Hà Đông","20.9747872577596, 105.761596452023"
42364387,07/03/2025,"Bán căn hộ 2PN, 88m2 tại Mulberry Lane, Mỗ Lao, Hà Đông, giá cực chất 5,8 tỷ, LH 24/24h 0945 566 ***","5,8 tỷ",88 m²,"65,91 tr/m²",2,2,"Mỗ Lao, Hà Đông","20.986984832737598, 105.78693153097174"
42298064,07/03/2025,"Chính chủ cần bán CH 3 ngủ 2 vệ Mulberry Hà Đông 154 m giá 6.5 tỷ, sẵn sổ, đầy đủ nội thất","6,5 tỷ",154 m²,"42,21 tr/m²",3,2,"Mỗ Lao, Hà Đông","20.98642411322214, 105.78681884606254"
40903374,07/03/2025,Căn 2PN2WC - 67m2 Xuân Mai Riverside Hương Mát NT cơ bản SĐCC giá 4.1 tỷ,"4,1 tỷ",67 m²,"61,19 tr/m²",2,2,"Mỗ Lao, Hà Đông","20.9851932525635, 105.779029846191"
42218237,07/03/2025,Gia đình bán căn sân vườn 220m2 - 3pn 2wc ban công Đông Nam full nội thất giá 9 tỷ,9 tỷ,220 m²,"40,91 tr/m²",3,2,"Mỗ Lao, Hà Đông","20.983717058149644, 105.78599114514797"
42348665,07/03/2025,"Đẳng cấp sống với CH 100m2 thiết kế 3PN 2WC Tháp Thiên Niên Kỷ, nhà full nội thất, giá chỉ 6,8x tỷ","6,89 tỷ",100 m²,"68,9 tr/m²",3,2,"Quang Trung, Hà Đông","20.97310529659454, 105.77850800063655"
42348538,07/03/2025,"Đẳng cấp sống với căn hộ 90m2 Terra An Hưng 3PN 2WC Bc Đông Nam nội thất thiết kế giá chỉ tỷ 5,9xtỷ","5,94 tỷ",90 m²,66 tr/m²,3,2,"Dương Nội, Hà Đông","20.9743461608887, 105.754165649414"
42349970,07/03/2025,"Đẳng cấp sống với căn hộ 75m2 thiết kế 2PN-2Wc Terra view siêu thoáng full nội thất giá chỉ 4,9x tỷ","4,95 tỷ",75 m²,66 tr/m²,3,2,"Dương Nội, Hà Đông","20.974346160888672, 105.75416564941406"
41335371,07/03/2025,"Chính chủ bán căn góc đẹp A1, A4, B1, B4 diện tích 85/96m2, Anland Premium. LH 0984 797 ***",Giá thỏa thuận,85 m²,N/A,3,2,"La Khê, Hà Đông","20.97723388671875, 105.76195526123047"
42363996,07/03/2025,"Bán CC tại HPC Landmark 105, 6,05 tỷ, 106m2, 3PN, 2WC, hàng hot toà k35","6,05 tỷ",106 m²,"57,08 tr/m²",3,2,"La Khê, Hà Đông","20.97369895974045, 105.75953718810374"
42336408,07/03/2025,"Bán CC Văn Phú Victoria giá chỉ 3,9 tỷ bao đẹp - LH em Tùng SĐT/Zalo - 0373*237557","3,9 tỷ",65 m²,60 tr/m²,2,2,"Phú La, Hà Đông","20.9600466131852, 105.768444584909"
42242401,07/03/2025,"Căn Hộ Chung Cư Nàng Hương Nguyễn Trãi Văn Quán Hà Đông 140m 7,7 Tỷ 3PN Lô Góc Full Nội Thất","7,7 tỷ",140 m²,55 tr/m²,3,3,"Văn Quán, Hà Đông","20.986122477474094, 105.79491114046108"
42363781,07/03/2025,Bán căn hộ 74m2 2 ngủ 2 vệ sinh The Terra An Hưng 5.1 tỷ thu về,"5,1 tỷ",74 m²,"68,92 tr/m²",2,2,"La Khê, Hà Đông","20.97276078045926, 105.75669872209336"
33304994,07/03/2025,"Cần bán nhanh CHCC Anland LakeView, DT 74m2,TK 2 ngủ, 2VS, full nội thất đã có sổ đỏ LH: 0987 680 ***",Giá thỏa thuận,74 m²,N/A,2,2,"Dương Nội, Hà Đông","20.9830436706543, 105.757339477539"
41380998,07/03/2025,"Chính chủ bán căn hộ chung cư HPC Landmark 105, giá 5,5 tỷ vnd, dt 112m2, 3pn, 2wc","5,5 tỷ",112 m²,"49,11 tr/m²",3,2,"La Khê, Hà Đông","20.97366714477539, 105.75871276855469"
42312459,07/03/2025,"Bán nhanh căn hộ 2pn 72m2 4,8 tỷ dự án The Charm An Hưng giá tốt nhất chủ đầu tư","4,8 tỷ",72 m²,"66,67 tr/m²",2,2,"La Khê, Hà Đông","20.974293236491, 105.759975155458"
42320262,07/03/2025,Bán căn 2PN cc La Casta Văn Phú,"6,2 tỷ",88 m²,"70,46 tr/m²",2,2,"Phú La, Hà Đông","20.964198956811607, 105.76313818683006"
42218184,07/03/2025,"Bán căn 2PN, 2WC giá 5,x tỷ tại La Casta Văn Phú, Hà Đông, Hà Nội","5,8 tỷ",84 m²,"69,05 tr/m²",2,2,"Phú La, Hà Đông","20.963672954223568, 105.76317117181296"
42229432,07/03/2025,"Chính chủ cần bán căn 3PN, 2VS, giá rẻ 4,76 tỷ. LH 0984 797 ***","4,76 tỷ",75 m²,"63,47 tr/m²",3,2,"La Khê, Hà Đông","20.9774177330629, 105.762583804329"
42363642,07/03/2025,"5.7 tỷ đã có sẵn căn 3 ngủ, về ở ngay thiết kế vuông vức đẹp","5,7 tỷ",116 m²,"49,14 tr/m²",3,2,"Phú La, Hà Đông","20.959653719297695, 105.76801734202785"
41115203,07/03/2025,Seasons Avenue - 3PN 2VS - DT 117m2 - BC Đông Bắc - tặng full nội thất - giá 7.X tỷ/ có slot ô tô,8 tỷ,117 m²,"68,38 tr/m²",3,2,"Mỗ Lao, Hà Đông","20.987026214599609, 105.78683471679688"
36436750,07/03/2025,"Bán gấp căn chung cư Anland 2 mẫu 2pn, 1 vệ sinh, có sổ đỏ chính chủ giá 3,x tỷ. LH 0911 460 ***",Giá thỏa thuận,65 m²,N/A,2,1,"La Khê, Hà Đông","20.9772338867188, 105.76195526123"
38972432,07/03/2025,"Bán căn 63m2, 2PN, 1VS tầng đẹp 1x full đồ, sổ đỏ chính chủ tại Anland Complex 0911 460 ***","3,8 tỷ",63 m²,"60,32 tr/m²",2,1,"La Khê, Hà Đông","20.976192, 105.76083"
42357486,07/03/2025,"Chính chủ bán nhà tập thể Ngô Quyền, Quang Trung, Hà Đông DT 50m2 giá 1,8 tỷ","1,8 tỷ",50 m²,36 tr/m²,2,2,"Quang Trung, Hà Đông","20.9716989319379, 105.768606036315"
38902898,07/03/2025,Cần bán lại căn góc 100m2 Anland Complex giá full nội thất view đẹp giá 5.5 tỷ LH 0967 506 ***,"5,5 tỷ",100 m²,55 tr/m²,3,2,"La Khê, Hà Đông","20.9761924743652, 105.760833740234"
38452138,07/03/2025,"Bán căn hộ chung cư Anland 2 mẫu 2 + 1 75m2 giá 4,8 tỷ, sổ đỏ chính chủ, full đồ LH 0967 506 ***","4,8 tỷ",75 m²,64 tr/m²,3,2,"Dương Nội, Hà Đông","20.9772338867188, 105.76195526123"
36253760,07/03/2025,"Chính chủ cần bán nhanh căn A4, B4 diện tích 95m2 chung cư Anland Premium 5,x tỷ LH 0967 506 ***",Giá thỏa thuận,95 m²,N/A,3,2,"Dương Nội, Hà Đông","20.9763450622559, 105.761497497559"
42363533,07/03/2025,"Chính chủ bán căn hộ 89 Phùng Hưng, Hà Đông, 96m2, 3 phòng ngủ, 2 vệ sinh giá rẻ Lh 0973 705 ***","4,8 tỷ",96 m²,50 tr/m²,3,2,"Phúc La, Hà Đông","20.96956320420177, 105.78541274357607"
36985724,07/03/2025,"Chính chủ bán gấp căn góc 74m2 2PN, 2VS Anland LakeView giá 4,x tỷ, sổ đỏ, full đồ LH 0911 460 ***",Giá thỏa thuận,74 m²,N/A,2,2,"Dương Nội, Hà Đông","20.9830436706543, 105.757339477539"
32158781,07/03/2025,"Chính chủ bán cắt lỗ căn 74m2 2PN 2VS chung cư Anland LakeView giá nhỉnh 4,x tỷ LH 0911 460 ***",Giá thỏa thuận,74 m²,N/A,2,2,"Dương Nội, Hà Đông","20.9830436706543, 105.757339477539"
42363507,07/03/2025,"Chính chủ cần bán nhanh căn góc phụ chung cư Thanh Hà Mường Thanh, giá hơn 2,3 tỷ","2,35 tỷ","66,7 m²","35,23 tr/m²",2,2,"Kiến Hưng, Hà Đông","20.939700727667827, 105.78722069018228"
42197218,07/03/2025,Bán căn hộ 3 ngủ tòa CT8 khu đô thị Dương Nội 0969 085 ***,Giá thỏa thuận,92 m²,N/A,3,N/A,"Dương Nội, Hà Đông","20.979581147424085, 105.74339731007151"
42197388,07/03/2025,Bán căn hộ 3 ngủ 2 VS tòa CT8 cạnh Bệnh Viện Nhi 2 Hà Đông 0969 085 ***,"4,2 tỷ",92 m²,"45,65 tr/m²",3,2,"Dương Nội, Hà Đông","20.979383713542905, 105.74365175984067"
42363016,07/03/2025,"Bán CC Geleximco Lê Trọng Tấn, 5,25 tỷ, 85,2m2, 3PN, 2WC, Đông Nam, Đông Bắc, Hà Đông, HN","5,25 tỷ","85,2 m²","61,62 tr/m²",3,2,"Dương Nội, Hà Đông","20.98190094777482, 105.74249826980575"
41652701,07/03/2025,"Nhanh. Cần bán nhanh căn hộ CT2 Yên Nghĩa, 112m2, 4 ngủ, giá tốt",Giá thỏa thuận,112 m²,N/A,4,2,"Yên Nghĩa, Hà Đông","20.954057693481445, 105.74098205566406"
42363289,07/03/2025,"Chính chủ căn góc 2PN 1VS tòa CT4 Xa La 53m2, hướng Đông Nam. 2.45 tỷ, LH 0943 554 *** (miễn MG)","2,45 tỷ",53 m²,"46,23 tr/m²",2,1,"Phúc La, Hà Đông","20.9624671936035, 105.792366027832"
42363195,07/03/2025,"Bán căn chung cư Hà Đông - Tòa Sông Nhuệ (Sails Tower): 69m2, 2PN - Giá thấp hơn 200tr thị trường","2,9 tỷ",69 m²,"42,03 tr/m²",2,1,"Kiến Hưng, Hà Đông","20.959592642567493, 105.79807167471213"
42305943,07/03/2025,"Cần bán căn góc 74.2m2 dự án AnLand Lake View, full đồ giá chỉ 5.15 tỷ LH: 0848 220 ***","5,15 tỷ","74,2 m²","69,41 tr/m²",2,2,"Dương Nội, Hà Đông","20.9830607891107, 105.75674836193821"
42363175,07/03/2025,"Bán CH 2PN, 2WC tại Anland LakeView, 5,15 tỷ, 74,2m2, view đẹp bao đẹp","5,15 tỷ","74,2 m²","69,41 tr/m²",2,2,"Dương Nội, Hà Đông","20.98322764758108, 105.75713457877744"
40912660,07/03/2025,Rẻ nhất Mulberry Lane bán căn góc 154m2 giá chỉ: hơn 7 tỷ,"7,08 tỷ",154 m²,46 tr/m²,4,3,"Mỗ Lao, Hà Đông","20.9865188598633, 105.786399841309"
42311421,07/03/2025,"Bán căn hộ 3PN, 2WC tại The Charm An Hưng, 80 triệu / m2, 96 m2, view đẹp, giá ưu đãi","7,68 tỷ",96 m²,80 tr/m²,3,2,"La Khê, Hà Đông","20.974682445451098, 105.76070937987095"
42342102,07/03/2025,"Bán căn hộ chung cư 2PN 2WC tại The Pride, Tố Hữu, Hà Đông giá tốt nhất thị trường","3,5 tỷ",75 m²,"46,67 tr/m²",2,2,"La Khê, Hà Đông","20.976082534286988, 105.76160631941472"
42239080,07/03/2025,Bán gấp 2PN CC The Terra An Hưng giá tốt nhất thị trường,"4,3 tỷ",74 m²,"58,11 tr/m²",2,2,"La Khê, Hà Đông","20.972415104766092, 105.75693940740278"
41935784,07/03/2025,"Siêu phẩm căn hộ 74m2 Samsora Premier giá chỉ 3,9 tỷ, full đồ thiết kế sang trọng, sẵn sổ trong két","3,9 tỷ",74 m²,"52,7 tr/m²",2,2,"Quang Trung, Hà Đông","20.97484693782638, 105.77730092017747"
40008992,07/03/2025,"Tôi bán căn hộ 89 Phùng Hưng, Hà Đông, 82m2, 3 phòng ngủ, 2 vệ sinh, giá tốt","4,29 tỷ",82 m²,"52,32 tr/m²",3,2,"Phúc La, Hà Đông","20.97012249418629, 105.78508342434901"
40616098,07/03/2025,Chính chủ chuyển nhượng căn hộ TT ngõ Ao Sen (92 Trần Phú HV Bưu Chính Viễn Thông) Q.Hà Đông Hà Nội,"2,1 tỷ",100 m²,21 tr/m²,2,2,"Mỗ Lao, Hà Đông","20.9828316208176, 105.787557627079"
42186706,07/03/2025,"Bán căn góc đẹp dự án Season Avenue, Mỗ Lao. Dt 100m2, 3N 2VS full nội thất. Giá 7,2 tỷ (Giá chuẩn)","7,2 tỷ",100 m²,72 tr/m²,3,2,"Mỗ Lao, Hà Đông","20.987142459340706, 105.78625371287688"
42185591,07/03/2025,"Chính chủ cần bán CH dự án Mulberry Mỗ Lao. Dt140m2, 3N2VS, full nội thất. Giá 7,5tỷ. LH 0866 839 ***","7,5 tỷ",140 m²,"53,57 tr/m²",3,2,"Mỗ Lao, Hà Đông","20.987321732094603, 105.78599452382021"
39451710,07/03/2025,"Bán căn 3 ngủ 110 m2 tầng trung, hướng Đông Nam, ở luôn, view Panorama Hồ Văn Quán, full nội thất",6 tỷ,110 m²,"54,54 tr/m²",3,2,"Mỗ Lao, Hà Đông","20.9792900085449, 105.785461425781"
42362658,07/03/2025,Tòa CT6 Xa La - 2 ngủ 2wc cần bán gấp - tầng trung - nhà đẹp - giá hợp lý - sổ hồng,"2,75 tỷ",67 m²,"41,04 tr/m²",2,2,"Phúc La, Hà Đông","20.9620318318536, 105.791952636219"
42362597,07/03/2025,"Căn hộ 2PN CT6A Xa La, Kiến Hưng, Hà Đông - Sổ đỏ chính chủ, giá tốt","2,89 tỷ",70 m²,"41,29 tr/m²",2,2,"Kiến Hưng, Hà Đông","20.9625281959332, 105.792246319714"
42362576,07/03/2025,"Bán CH đẹp 3PN, 2WC, 101m2 tại KĐT Xa La, Hà Đông, 4,9 tỷ","4,9 tỷ",101 m²,"48,52 tr/m²",3,2,"Phúc La, Hà Đông","20.962352486975814, 105.79266230207944"
42362521,07/03/2025,"Bán CC Hemisco Xa La, 3,6 tỷ, 79m2, 2PN, 2WC, đẹp xuất sắc","3,6 tỷ",79 m²,"45,57 tr/m²",2,2,"Phúc La, Hà Đông","20.9612711107126, 105.794956256272"
41652590,07/03/2025,"Bán nhanh chung cư Xa La, Hà Đông, 70,5m2, 2 phòng ngủ, giá rẻ","2,79 tỷ","70,5 m²","39,57 tr/m²",2,2,"Phúc La, Hà Đông","20.9630764348008, 105.792340744406"
41506632,07/03/2025,"Chính chủ bán CH 90m2, 2PN-2WC, full đồ, ban công ĐN, tòa Mulbery Lane, giá 5 tỷ, LH 0363 388 ***",5 tỷ,90 m²,"55,56 tr/m²",2,2,"Mỗ Lao, Hà Đông","20.9861919360935, 105.787253974035"
42362501,07/03/2025,Bán căn 2pn toà A chung cư La Casta - Kđt Văn Phú - Hà Đông,"5,6 tỷ",78 m²,"71,8 tr/m²",2,N/A,"Phú La, Hà Đông","20.963546759730995, 105.76251668769244"
42098142,07/03/2025,"Bán CH 75m2, 2N 2VS giá 4,6 tỷ tại Terra An Hưng. Full nội thất, view đẹp, sẵn sổ đỏ. LH 0866 839 ***","4,6 tỷ",75 m²,"61,33 tr/m²",2,2,"La Khê, Hà Đông","20.9723073144465, 105.756373770619"
42325874,07/03/2025,"Hàng hiếm! Bán căn hộ 90m2 3PN2W tại Terra An Hưng Giá Rẻ , thoáng mát, đẩy đủ nội thất ở được ngay",Giá thỏa thuận,90 m²,N/A,3,2,"La Khê, Hà Đông","20.973051089221, 105.75648627680377"
42362674,07/03/2025,"Bán chung cư 197 Trần Phú, Hà Đông, căn 2n2wc 72m2 phòng khách rộng rãi, có logia đẹp","3,96 tỷ",71 m²,"55,78 tr/m²",2,2,"Văn Quán, Hà Đông","20.9798999954327, 105.787028503947"
42362661,07/03/2025,"(Giá thật) chính chủ bán căn 118m2 3PN + 2WC full nội thất mới, đẹp cc HPC Landmark 105","6,2 tỷ",118 m²,"52,54 tr/m²",3,2,"La Khê, Hà Đông","20.973667, 105.75871"
42315934,07/03/2025,Tôi chính chủ cần bán căn chung cư tại The Pride diện tích 99m2 3n 2w giá 4.9 tỷ lh: 0985 636 ***,"4,9 tỷ",99 m²,"49,5 tr/m²",3,2,"La Khê, Hà Đông","20.97566146208271, 105.76184571186221"
42165034,07/03/2025,"Tôi chủ nhà cần bán gấp căn hộ 113m, 3 ngủ 2 vệ sinh ở Seasons Avenue,tầng đẹp ban công mát, giá 8x",8 tỷ,113 m²,"70,8 tr/m²",3,2,"Mỗ Lao, Hà Đông","20.9871542401215, 105.787484500334"
42362412,07/03/2025,"Bán căn hộ chung cư An Lạc Tower, 4,7 tỷ, 100m2, 2PN, 2WC, chính chủ, hot","4,7 tỷ",100 m²,47 tr/m²,2,2,"Quang Trung, Hà Đông","20.965374441538515, 105.76491201378781"
36871380,07/03/2025,"Bán căn góc 3PN 80m2 tầng trung toà Xuân Mai Complex Dương Nội, Hà Đông. LH 0982 511 ***",Giá thỏa thuận,80 m²,N/A,3,2,"Yên Nghĩa, Hà Đông","20.9597759246826, 105.741882324219"
42327143,07/03/2025,"Bác e xuống liên kề, cần nhượng lại căn hộ 60m 2 phòng ngủ, 2 vệ sinh, tặng lại nội thất","3,8 tỷ",60 m²,"63,33 tr/m²",2,2,"Phúc La, Hà Đông","20.959669887684424, 105.76608682572613"
41684849,07/03/2025,"Cần bán nhanh chung cư A5 Học Viện Quân 71m2, 2 ngủ, 2 VS, full nội thất","3,98 tỷ",71 m²,"56,06 tr/m²",2,2,"Phúc La, Hà Đông","20.968814134166468, 105.78611696599411"
38417150,07/03/2025,"Hiếm. Bán nhanh căn hộ 95m2, 2PN, 2 VS tại chung cư Sông Đà, 131 Trần Phú, Hà Đông, full nội thất","4,25 tỷ",95 m²,"44,74 tr/m²",2,2,"Văn Quán, Hà Đông","20.9802150726318, 105.788192749023"
41104360,07/03/2025,"Tìm chủ mới cho căn hộ 75m2 sẵn nội thất, chỉ cần xách vali về ở ngay chỉ hơn 3 tỷ","3,9 tỷ",75 m²,52 tr/m²,2,2,"Quang Trung, Hà Đông","20.973217010498, 105.778854370117"
42348353,07/03/2025,"Rẻ nhất thị trường cần thanh toán thẳng tiền mặt, bán nhanh căn 75m The Pride 2 phòng ngủ","3,68 tỷ",75 m²,"49,07 tr/m²",2,2,"La Khê, Hà Đông","20.975402313222258, 105.76164967300282"
42362119,07/03/2025,"Bán CC đẹp xuất sắc tại Văn Phú, Hà Đông, 4,5 tỷ, 70m2, 2PN, 2WC","4,5 tỷ",70 m²,"64,29 tr/m²",2,2,"Phú La, Hà Đông","20.9617703964926, 105.768584920455"
42362311,07/03/2025,"Tôi cần bán chung cư Unimax 210 Quang Trung, 105m2, 3 ngủ, 2 vs, nội thất đầy đủ",Giá thỏa thuận,105 m²,N/A,3,2,"Phúc La, Hà Đông","20.9675272708163, 105.768097510786"
42362070,07/03/2025,"Bán căn hộ chung cư 2PN, 2WC tại tòa nhà 197 Trần Phú, 3.Xx tỷ, 71m2","3,96 tỷ",71 m²,"55,78 tr/m²",2,2,"Văn Quán, Hà Đông","20.97947943316925, 105.78691846490209"
39395534,07/03/2025,"Tôi bán nhanh chung cư Bình Vượng 200 Quang Trung 112m2, 3 ngủ, 2 vs, giá tốt",Giá thỏa thuận,112 m²,N/A,3,2,"Quang Trung, Hà Đông","20.9668750762939, 105.769638061523"
38895775,07/03/2025,"Cần bán căn hộ, SDU 143 Trần Phú, Hà Đông, 66m2, 2 ngủ 2 vệ sinh, giá tốt","3,1 tỷ",66 m²,"46,97 tr/m²",2,2,"Văn Quán, Hà Đông","20.9779348021283, 105.785154763986"
39395058,07/03/2025,"Bán nhanh chung cư The K Park Văn Phú, Hà Đông, 2 phòng ngủ, 2 vệ sinh, giá tốt","4,33 tỷ",68 m²,"63,68 tr/m²",2,2,"Phúc La, Hà Đông","20.959581917600318, 105.79156370223748"
42327186,07/03/2025,"Chính chủ cần bán căn 72m2 tòa CT5 2 ngủ 2 wc tại KĐT Xa La Hà Đông, full đồ, sẵn sổ, giá rẻ nhất",Giá thỏa thuận,72 m²,N/A,2,2,"Phúc La, Hà Đông","20.962304347097678, 105.79210243526246"
41477572,07/03/2025,"Bán chung cư tại toà Samsora Premier, Hà Đông. Diện tích 82m2, 3PN, 2WC",Giá thỏa thuận,82 m²,N/A,3,2,"Quang Trung, Hà Đông","20.973217010498, 105.778854370117"
42220779,07/03/2025,"Bán chung cư tại toà Samsora Premier, Hà Đông. Diện tích 74m2, 2PN, 2WC","3,98 tỷ",74 m²,"53,78 tr/m²",2,2,"Quang Trung, Hà Đông","20.9750916399025, 105.776954535182"
38041629,07/03/2025,"Hot. Bán gấp căn hộ 110m2, 3 phòng ngủ, nội thất đẹp, Hồ Gươm Plaza, Trần Phú",Giá thỏa thuận,110 m²,N/A,3,2,"Mỗ Lao, Hà Đông","20.9792900085449, 105.785461425781"
41671730,07/03/2025,"Bán chung cư Fodacon Bắc Hà, Trần Phú, Hà Đông 112m2, 3 phòng ngủ, giá tốt","4,79 tỷ",112 m²,"42,77 tr/m²",3,2,"Mỗ Lao, Hà Đông","20.982486683379587, 105.78985262088432"
41556886,07/03/2025,Chính chủ cần bán căn 68m2 tại chung cư CT6 KĐT Xa La 2 ngủ 2 wc full nội thất nhà đẹp sẵn sổ đỏ,Giá thỏa thuận,68 m²,N/A,2,2,"Phúc La, Hà Đông","20.9624671936035, 105.792366027832"
38819363,07/03/2025,"Bán chung cư Fodacon Bắc Hà, Trần Phú, Hà Đông, 85m2, 2 phòng ngủ, giá tốt",Giá thỏa thuận,85 m²,N/A,2,2,"Mỗ Lao, Hà Đông","20.982532501220703, 105.78964233398438"
42165721,07/03/2025,"Bán căn hộ 100m2, 2 ngủ chung cư An Lạc Hà Đông giá tốt",Giá thỏa thuận,100 m²,N/A,2,2,"Quang Trung, Hà Đông","20.965327592601753, 105.76489698770102"
42362005,07/03/2025,"Bán CH 2PN view đẹp tại KĐT Xa La, 2,65 tỷ, 53m2","2,65 tỷ",53 m²,50 tr/m²,2,1,"Phúc La, Hà Đông","20.962727187044, 105.792735256353"
42088752,07/03/2025,"Chính chủ bán căn CT4B Xa La 68m2, 2tỷ3 (tầng 2, không sổ) 0944 280 ***","2,3 tỷ",68 m²,"33,82 tr/m²",2,2,"Phúc La, Hà Đông","20.9622529245719, 105.792393709708"
42361923,07/03/2025,"Bán căn hộ CC tại KĐT Xa La, giá 2,62 tỷ, 52m2, 2PN + 1WC, view đẹp","2,62 tỷ",52 m²,"50,38 tr/m²",2,1,"Phúc La, Hà Đông","20.96259400819271, 105.79245285599795"
42110252,07/03/2025,"Cần bán nhanh chung cư The K Park, Kđt Văn Phú, Hà Đông, Hà Nội",Giá thỏa thuận,68 m²,N/A,2,2,"Phúc La, Hà Đông","20.9593547044683, 105.791295074641"
42361789,07/03/2025,"Bán CC 2PN, 1WC, 64m2 tại KĐT Xa La, 2,88 tỷ, Hà Đông, HN - Giá siêu hời","2,88 tỷ",64 m²,45 tr/m²,2,1,"Phúc La, Hà Đông","20.963136152403067, 105.79250531504589"
40105645,07/03/2025,"Bán căn 2N + 1 Park Kiara - ParkCity hướng mát cực đẹp, sẵn sổ giá 8.55 tỷ. LH: 0931 686 ***","8,55 tỷ",92 m²,"92,94 tr/m²",3,2,"La Khê, Hà Đông","20.9673748016357, 105.754013061523"
42361502,07/03/2025,Chính chủ bán nhanh căn hộ tầng 11 view nhìn ra công viên 83m2 ở Phú Thịnh GreenPark,"5,2 tỷ",83 m²,"62,65 tr/m²",3,2,"Hà Cầu, Hà Đông","20.96696324149696, 105.77802981522844"
41946647,07/03/2025,"Quỹ căn ngoại giao The Charm An Hưng, La khê (Đường Tố Hữu kéo dài) 54 - 78m2 chỉ 77 tr/m2",Giá thỏa thuận,54 m²,N/A,2,2,"La Khê, Hà Đông","20.9746202132492, 105.760725597421"
42123817,07/03/2025,"3 căn suất ngoại giao The Charm An Hưng, căn góc 3pn cực đẹp, giá đầu tư, vào ký hđmb luôn",Giá thỏa thuận,"91,5 m²",N/A,3,3,"La Khê, Hà Đông","20.9747820034705, 105.760900562182"
42035419,07/03/2025,"Bán CH 3PN, 3WC, 143m2 tại SME Hoàng Gia, Tô Hiệu, Hà Đông, 4,5 tỷ","4,5 tỷ",143 m²,"31,47 tr/m²",3,3,"Quang Trung, Hà Đông","20.966073974146436, 105.76965630481627"
42361484,07/03/2025,"Bán CC Anland Complex, Tố Hữu, La Khê, Hà Đông, Hà Nội, 4,7 tỷ, 75m2, view đẹp","4,7 tỷ",75 m²,"62,67 tr/m²",2,2,"La Khê, Hà Đông","20.976062768284127, 105.76060825302021"
42125630,07/03/2025,"Bán căn hộ chung cư Xuân Mai Riverside, Làng Việt Kiều Mỗ Lao DT 76m2 2 ngủ 2VS, giá 3.9 tỷ","3,9 tỷ",76 m²,"51,32 tr/m²",2,2,"Mỗ Lao, Hà Đông","20.9854398525038, 105.779373982254"
42361312,07/03/2025,Bán căn 2 ngủ 2 vệ sinh 70m2 - 73m2 nhà đẹp giá tốt tại chung cư The Pride Hải Phát,"3,75 tỷ",70 m²,"53,57 tr/m²",2,2,"La Khê, Hà Đông","20.976013477942374, 105.76144345187215"
42281125,07/03/2025,"Bán căn hộ chung cư Tòa Tháp Thiên Niên Kỷ 6,1 tỷ 97m2 3PN 2WC bc Đông Nam view công viên+tàu điện","6,1 tỷ",97 m²,"62,89 tr/m²",3,2,"Quang Trung, Hà Đông","20.973414282197925, 105.77811567878426"
41364197,07/03/2025,Gia đình cần bán căn hộ 90m2 đầy đủ nội thất gần Học Viện An Ninh giá chỉ hơn 4 tỷ,"4,75 tỷ",90 m²,"52,78 tr/m²",2,2,"Văn Quán, Hà Đông","20.9749809388938, 105.785690230752"
42135860,07/03/2025,"Chính chủ bán căn CT4 Yên Nghĩa 67m2 bán giá rẻ nhất thị trường 43tr/m2, ban công Đông Nam",3 tỷ,67 m²,"44,78 tr/m²",2,1,"Yên Nghĩa, Hà Đông","20.953952536875487, 105.74057612855958"
41931761,07/03/2025,"Hàng hiếm! Chính chủ bán căn 80m, hướng ĐN tại CT4 Yên Nghĩa - giá bán 3,55 tỷ, full nội thất","3,55 tỷ",80 m²,"44,38 tr/m²",2,2,"Yên Nghĩa, Hà Đông","20.953861377731503, 105.7415532256794"
42219195,07/03/2025,"Tôi chính chủ bán căn hộ 145,4m2 tại Bình Vượng Tower, 3n 2w ban công ĐN, tầng trung, giá 5,2 tỷ","5,2 tỷ","145,5 m²","35,74 tr/m²",3,2,"Quang Trung, Hà Đông","20.967145003250057, 105.76964567631987"
42361113,07/03/2025,"Bán chung cư Nàng Hương - 583 Nguyễn Trãi Mới đẹp, DT 110m, 3ngủ, 2VS, SĐCC, 5.7tỷ. LH 0962 797 ***","5,7 tỷ",110 m²,"51,82 tr/m²",3,2,"Văn Quán, Hà Đông","20.98641017670906, 105.79528632076244"
42219147,07/03/2025,"Tôi chính chủ bán căn hộ sân vườn 202m2 tại TSQ Euroland, 3pn 3w, ban công ĐN, giá 10,5 tỷ","10,5 tỷ",202 m²,"51,98 tr/m²",3,3,"Mỗ Lao, Hà Đông","20.983502626447013, 105.78567389010595"
42244388,07/03/2025,"Cần bán căn hộ 84m2 CT8 Dương Nội sẵn nội thất, 2PN giá 3.6x tỷ, LH 0383 256 *** xem nhà luôn","3,6 tỷ",84 m²,"42,86 tr/m²",2,2,"Dương Nội, Hà Đông","20.980268168843374, 105.74368764470776"
42332116,07/03/2025,"Chính chủ e cần bán gấp căn góc 107m2 tòa CT7HJK Parkview Dương Nội, 3 phòng ngủ, đầy đủ nội thất","5,2 tỷ",107 m²,"48,6 tr/m²",3,2,"Dương Nội, Hà Đông","20.9649106120751, 105.749706810817"
41666590,07/03/2025,"Cần bán gấp căn hộ 2PN tòa CT7B Dương Nội, DT 56.5m2 sẵn nội thất ở luôn",Giá thỏa thuận,56 m²,N/A,2,1,"Dương Nội, Hà Đông","20.979867935180664, 105.7439193725586"
42360843,07/03/2025,"Bán 2N CC La Casta, tòa A - tầng trung đẹp, full đồ xịn sò 5.6 tỷ","5,6 tỷ",78 m²,"71,8 tr/m²",2,2,"Phú La, Hà Đông","20.96400209156021, 105.76312051178478"
42360729,07/03/2025,Căn hộ 3 ngủ 2 wc - lô góc - 2 ban công - vị trí trung tâm - 89 Phùng Hưng - Hà Đông - giá 5 tỷ,5 tỷ,96 m²,"52,08 tr/m²",3,2,"Phúc La, Hà Đông","20.969440784663, 105.78462293006"
42360794,07/03/2025,"Bán căn hộ CC La Casta Văn Phú, giá 70 triệu / m2, 84m2, 2PN, 2WC, Hà Đông, Hà Nội","5,88 tỷ",84 m²,70 tr/m²,2,2,"Phú La, Hà Đông","20.963531697260496, 105.76277361215449"
42360588,07/03/2025,"Chính chủ rao bán căn hộ New SkyLine - Sổ hồng trao tay, dọn vào ở ngay",8 tỷ,125 m²,64 tr/m²,N/A,N/A,"Văn Quán, Hà Đông","20.9797917872673, 105.792237464882"
42360632,07/03/2025,"Hot! Bỏ qua căn này thì vô cùng tiếc! Căn 91m2 trục căn mẫu, lâu dài, view hồ toà 50 tầng",Giá thỏa thuận,91 m²,N/A,2,2,"Văn Quán, Hà Đông","20.980043986820974, 105.78809234974636"
42360228,07/03/2025,"Quỹ căn ngoại giao chung cư CT4 Yên Nghĩa Hà Đông, giá cực tốt, nhận nhà ở ngay.LH: 0977 167 ***","3,35 tỷ",67 m²,50 tr/m²,2,2,"Yên Nghĩa, Hà Đông","20.95428508372389, 105.74104639262697"
42350107,07/03/2025,"Độc quyền 3 căn 91m2 view hồ, sổ lâu dài, tòa 50 tầng, tầng 1x, 2x, 3x giá 5,x tỷ",Giá thỏa thuận,"91,66 m²",N/A,3,2,"Văn Quán, Hà Đông","20.9795042130069, 105.787232711765"
40570761,07/03/2025,"Cần bán gấp CHCC CT8 Dương Nội dt 84m2, 3 ngủ 2 wc nội thất mới đẹp. Lh: 0988 187 ***","3,8 tỷ",84 m²,"45,24 tr/m²",3,2,"Dương Nội, Hà Đông","20.9798679351807, 105.743919372559"
42331086,07/03/2025,"BÁN CĂN 2PN TOÀ CT7, CT8 DƯƠNG NỘI, HÀ ĐÔNG.LH-0982 511 ***","2,85 tỷ","56,5 m²","50,44 tr/m²",2,1,"Dương Nội, Hà Đông","20.97921183321754, 105.7438993877547"
42360270,07/03/2025,Cần bán gấp chung cư Nàng Hương Nguyễn Trãi Văn Quán HĐ 98m2 2 ngủ 2vs giá tốt,"5,05 tỷ",98 m²,"51,53 tr/m²",2,2,"Văn Quán, Hà Đông","20.9853741814532, 105.795944190906"
42360188,07/03/2025,"Nhanh tay kẻo lỡ! Bán nhanh căn hộ tại tòa CT2 KDT Xala, Hà Đông: 64m2 - NT cơ bản - sđcc","2,88 tỷ",64 m²,45 tr/m²,2,1,"Phúc La, Hà Đông","20.963058959090635, 105.79236510440758"
42271168,07/03/2025,CẤP BÁO nhà mẫu The Charm An Hưng đã hoàn thiện. LH 0386 922 *** để cập nhật thông tin chọn căn,Giá thỏa thuận,54 m²,N/A,N/A,N/A,"La Khê, Hà Đông","20.97474179418187, 105.76039987966544"
42359872,07/03/2025,E có qũy căn CT4 Yên NghĩA diện tích 100m2 giá tốt 4x sổ hồng lâu dài,Giá thỏa thuận,100 m²,N/A,3,2,"Yên Nghĩa, Hà Đông","20.95459131492845, 105.74037407989462"
42360004,07/03/2025,Căn hộ 2 ngủ 70m2 giá tốt nhất The Pride tầng trung số sẵn giao dịch,"3,7 tỷ",70 m²,"52,86 tr/m²",2,2,"La Khê, Hà Đông","20.975602102231893, 105.76179483710435"
42359942,07/03/2025,"Giá tốt chốt liền tay! Căn hộ 2 ngủ tại tòa Sông Nhuệ, Xala, Hà Đông: 69m2 SĐCC - tầng 2x - tặng NT","2,9 tỷ",69 m²,"42,03 tr/m²",2,2,"Kiến Hưng, Hà Đông","20.9602205408062, 105.798376924364"
37142147,07/03/2025,"Bán căn 1,5 ngủ 49m2 tòa Xuân Mai Complex, Hà Đông. LH 0982 511 ***",Giá thỏa thuận,49 m²,N/A,1,1,"Yên Nghĩa, Hà Đông","20.9597759246826, 105.741882324219"
42283501,07/03/2025,"(Độc quyền) chủ nhà thiện chí bán căn hộ 2PN 2WC tòa S4, đủ đồ, slot xe (thương lượng chủ nhà)",5 tỷ,"82,4 m²","60,68 tr/m²",2,2,"Mỗ Lao, Hà Đông","20.98702008118381, 105.78687799703162"
42359780,07/03/2025,Bán căn 90m2 tầng trung chung cư Terra An Hưng 6.1 tỷ thu về,"6,1 tỷ",90 m²,"67,78 tr/m²",3,2,"La Khê, Hà Đông","20.972557457576865, 105.75648839869972"
42359746,07/03/2025,"Chủ nhà quyết tâm bán căn hộ chung cư 4 phòng ngủ, Mulberry Lane (154.3m2)-Giá tốt kèm slot xe ô tô","7,3 tỷ","154,3 m²","47,31 tr/m²",4,3,"Mỗ Lao, Hà Đông","20.9864727781061, 105.786261504596"
42359619,07/03/2025,Bán chung cư cao cấp Victoria Văn Phú Hà Đông - 116m2 - 3 ngủ 2 vệ sinh - nhỉnh 6 tỷ x (x bé),Giá thỏa thuận,116 m²,N/A,3,2,"Phú La, Hà Đông","20.9598386451681, 105.768169170996"
42280790,07/03/2025,"Bán chung cư tập thể Học Viện Chính Trị Ngô Quyền, Hà Cầu, Hà Đông, Hà Nội, 1,8 tỷ, 36m2 hốt ngay","1,8 tỷ",36 m²,50 tr/m²,2,2,"Hà Cầu, Hà Đông","20.971563329509, 105.768677724658"
41501699,07/03/2025,"Cực thiện chí bán căn hộ 2 ngủ cực thoáng mát tòa CT1 Nam Xa La, Hà Đông: 81.6m2 full nội thất sđcc",Giá thỏa thuận,"81,6 m²",N/A,2,2,"Phúc La, Hà Đông","20.9604053497314, 105.794692993164"
42359466,07/03/2025,Bán chung cư Unimax Quang Trung Hà Đông - 102.7m2 - 3 ngủ 2 vệ sinh - nhỉnh 5 tỷ,Giá thỏa thuận,"102,7 m²",N/A,3,2,"Phúc La, Hà Đông","20.967009701636, 105.768839466872"
37228579,07/03/2025,"Bán căn 2PN 55m2, 62m2, 65m2, 70m2 nhà đẹp tòa Xuân Mai Complex. LH 0982 511 ***","3,15 tỷ",62 m²,"50,81 tr/m²",2,2,"Yên Nghĩa, Hà Đông","20.9597759246826, 105.741882324219"
42359436,07/03/2025,"Chính Chủ Bán Căn Hộ 2PN - 2VS, Kiến Hưng - Nhà Đẹp, Sổ Đỏ Chính Chủ!","3,2 tỷ","69,3 m²","46,18 tr/m²",2,2,"Kiến Hưng, Hà Đông","20.946043922933573, 105.79207033492966"
42359397,07/03/2025,BÁN CHUNG CƯ CT2 THE PRIDE HÀ ĐÔNG - 81.4M2 - 2 NGỦ 2 VỆ SINH - CHỈ 4 TỶ,4 tỷ,82 m²,"48,78 tr/m²",2,2,"La Khê, Hà Đông","20.976898641987674, 105.76156866644901"
42061652,07/03/2025,"Bán căn Duplex tại New Skyline, Văn Quán, Hà Đông, căn góc, sân vườn rộng, view hồ","18,5 tỷ","336,7 m²","54,94 tr/m²",6,4,"Văn Quán, Hà Đông","20.979665278911654, 105.79249054027206"
42149721,07/03/2025,Chỉ 2.8x tỷ để sở hữu ngay căn hộ 70m2 2 ngủ 2wc tại dự án CT6 Xa La Hà Đông. Full nội thất xịn xò,"2,89 tỷ",70 m²,"41,29 tr/m²",2,2,"Phúc La, Hà Đông","20.96239146658296, 105.7926065659838"
42359279,07/03/2025,"Chính chủ cần bán căn góc 107.6m², 3 phòng ngủ, tầng trung toà K35 HPC Landmark 105 Tố Hữu, Hà Đông",Giá thỏa thuận,"107,6 m²",N/A,3,2,"La Khê, Hà Đông","20.97348689993835, 105.75874380272815"
41995317,07/03/2025,"Bất ngờ: Cần tiền bán nhanh căn hộ Thiên Niên Kỷ 65m2 2PN. Full NT, hướng mát giá yêu thương 4,x tỉ","4,3 tỷ",65 m²,"66,15 tr/m²",2,1,"Quang Trung, Hà Đông","20.9731931920088, 105.777992508047"
42359251,07/03/2025,"Bán căn hộ chung cư Thanh Hà, 2N2WC 67m2 nhà thoáng rộng đẹp, giá thương lượng","2,4 tỷ",67 m²,"35,82 tr/m²",2,2,"Kiến Hưng, Hà Đông","20.9393666975673, 105.78706238525"
42358943,07/03/2025,"Chính chủ bán căn 3 ngủ khu đô thị Thanh Hà, Hà Đông, Hà Nội full nội thất chỉ việc xách vali về ở",Giá thỏa thuận,"91,96 m²",N/A,3,N/A,"Kiến Hưng, Hà Đông","20.939993089537204, 105.7870567026077"
42359150,07/03/2025,"Bán căn hộ 3PN + 1 + 2WC, 95,6m2 tại chung cư Booyoung, Mỗ Lao, Hà Đông, 5,7 tỷ","5,8 tỷ","95,6 m²","60,67 tr/m²",3,2,"Mỗ Lao, Hà Đông","20.9835757941587, 105.784464620219"
42223238,07/03/2025,"Giá rẻ nhất thị trường chỉ 4x tỷ! Bán căn hộ 74m 2N 2N tại Terra An Hưng, Full Nội Thất, Có Ra Lộc",Giá thỏa thuận,74 m²,N/A,2,2,"La Khê, Hà Đông","20.972842871681397, 105.75691665791409"
42337255,07/03/2025,"The Charm An Hưng Hà Đông giá chỉ từ hơn 4 tỷ, full nội thất nhập khẩu đức","5,1 tỷ",72 m²,"70,83 tr/m²",2,2,"La Khê, Hà Đông","20.9740914906589, 105.761148988271"
12709129,07/03/2025,"Bán CC Nàng Hương PCC1, 583 Nguyễn Trãi, 100m2, 106m2, 109m2, 140m2",7 tỷ,140 m²,50 tr/m²,3,3,"Văn Quán, Hà Đông","20.9856719970703, 105.795204162598"
39008438,07/03/2025,"Bán căn 2 PN, 2wc. S= 62 có đồ. Gía 3.x tỷ. Dự án Chung cư Xuân Mai complex Dương Nội",Giá thỏa thuận,62 m²,N/A,2,1,"Yên Nghĩa, Hà Đông","20.9597759246826, 105.741882324219"
40750567,07/03/2025,"Bán căn 2 PN, 2WC S= 68m2, giá 3.x tỷ. Full đồ dự án Ct1 Bộ Tư Lệnh Thủ Đô, Yên Nghĩa, Hà Đông",Giá thỏa thuận,68 m²,N/A,2,2,"Yên Nghĩa, Hà Đông","20.954751733560812, 105.74471712018948"
41751959,07/03/2025,"Bán căn 2 PN, S= 54m2. Có đồ. Gía 2.7x tỷ tòa dự án CT7 Spark Dương Nội - Hà Đông","2,64 tỷ",55 m²,48 tr/m²,2,2,"Dương Nội, Hà Đông","20.9798679351807, 105.743919372559"
42249156,07/03/2025,"Chính chủ cần bán căn hộ Xuân Mai Tô Hiệu, Hà Cầu, Hà Đông, 65m2, nhà vuông vắn full đồ","3,65 tỷ",65 m²,"56,15 tr/m²",2,1,"Hà Cầu, Hà Đông","20.9626189075502, 105.773371201065"
42167043,07/03/2025,"Chính chủ mình cần bán CH tòa CT5 kđt Xa La, căn 2n 2wc sổ lâu dài, nhà sửa cẩn thận, sẵn về ở",Giá thỏa thuận,68 m²,N/A,2,2,"Phúc La, Hà Đông","20.9628516412103, 105.792673748345"
37856248,07/03/2025,"Bán căn 2 PN, 2wc. S = 62m2 có đồ. Gía 3,1x tỷ. Dự án chung cư Xuân Mai complex Dương Nội","3,15 tỷ",62 m²,"50,81 tr/m²",2,2,"Yên Nghĩa, Hà Đông","20.9597759246826, 105.741882324219"
37278813,07/03/2025,"BÁN CĂN 3 PN, 2wc. S= 80m. Có đồ. Gía 4,x tỷ. Dự án Chung cư Xuân Mai complex Dương Nội",Giá thỏa thuận,80 m²,N/A,3,2,"Yên Nghĩa, Hà Đông","20.9597759246826, 105.741882324219"
42358952,07/03/2025,"Mình cần bán CH 69.8m2 chung cư Sông Nhuệ giá 2.9 tỷ căn 2 ngủ, ban công hướng Đông Nam mát","2,9 tỷ","69,8 m²","41,55 tr/m²",2,1,"Kiến Hưng, Hà Đông","20.95947658728259, 105.79778096161498"
41572723,07/03/2025,Bán căn 125 - 154m2 giá yêu thương 6ty750 tại chun cư: Mullberry Lane,"6,75 tỷ",125 m²,54 tr/m²,3,2,"Mỗ Lao, Hà Đông","20.987242821065081, 105.7865452565908"
40240589,07/03/2025,"Bán nhanh căn góc 2PN 2WC diện tích 62m2 giá 3,1 tỷ tại tòa mới HJK chung cư ParkView Dương Nội","3,1 tỷ",62 m²,50 tr/m²,2,2,"Dương Nội, Hà Đông","20.9643268585205, 105.749549865723"
42173085,07/03/2025,"Bán căn hộ diện tích 50m2 sổ đỏ lâu dài giá bán 2 tỷ full đồ tại khu đô thị Xa La, Hà Đông",2 tỷ,50 m²,40 tr/m²,1,1,"Phúc La, Hà Đông","20.96293303477397, 105.79253256091779"
42319824,07/03/2025,"Gia đình cần bán căn hộ 82m2 thiết kế 3PN full nội thất giá 4,4 tỷ tại chung cư Samsora Hà Đông","4,4 tỷ",82 m²,"53,66 tr/m²",3,2,"Quang Trung, Hà Đông","20.9749175228744, 105.777086967292"
41712507,07/03/2025,"Chính chủ cần bán cc TSQ Euroland, Mỗ Lao 4N 3VS, 3 ban công 192m2 tầng trung view hồ Trung Văn",9 tỷ,191 m²,"47,12 tr/m²",4,3,"Mỗ Lao, Hà Đông","20.983457565307617, 105.78564453125"
42358507,07/03/2025,"Bán chung cư Quang Trung, Hà Đông, 108m2, 3 phòng ngủ, căn góc, đầy đủ đồ, sổ đỏ","4,4 tỷ",108 m²,"40,74 tr/m²",3,2,"Phú La, Hà Đông","20.956969531019904, 105.75574952611642"
42358613,07/03/2025,"Bán chung cư An Lạc, Hà Đông căn góc 100m2, 3 ngủ, 2 vs chỉ 4.48 tỷ","4,48 tỷ",100 m²,"44,8 tr/m²",3,2,"La Khê, Hà Đông","20.9642078589285, 105.763968432103"
42352394,07/03/2025,"Hot! Căn hộ 2PN, 2WC, 77m2 tại Phú Lương, Hà Đông, 2,55 tỷ","2,55 tỷ",77 m²,"33,12 tr/m²",2,2,"Phú Lương, Hà Đông","20.9405882971373, 105.7686016059"
42358412,07/03/2025,"Bán CC Xuân Mai Riverside, 4,1 tỷ, 67m2, 2PN, 2WC, nội thất cơ bản tại Hà Đông","4,1 tỷ",67 m²,"61,19 tr/m²",2,2,"Mỗ Lao, Hà Đông","20.98519511671115, 105.77894873195318"
38096109,07/03/2025,"E cần Bán căn góc 2 mặt thoáng 72m2 tòa CT1 Văn Quán, 2PN, 1VS. Nhà để lại đồ cơ bản LH 0973 705 ***",Giá thỏa thuận,72 m²,N/A,2,1,"Phúc La, Hà Đông","20.9739627838135, 105.789070129395"
42358411,07/03/2025,Cần bán chung cư Lacasta 112m KĐT Văn Phú,"8,2 tỷ",112 m²,"73,2 tr/m²",3,2,"Phú La, Hà Đông","20.9580362985775, 105.768094687401"
41800538,07/03/2025,Bán suất ngoại giao căn hộ 73m2 tại The Charm An Hưng. Hướng Đông Nam cực mát,Giá thỏa thuận,73 m²,N/A,2,2,"La Khê, Hà Đông","20.97510179504166, 105.7612849818779"
41303311,07/03/2025,"Chính chủ bán gấp căn hộ CT7C Khu ĐTM Dương Nội 2, giá nhỉnh 2. 8x nhỏ lh 0352 248 ***",Giá thỏa thuận,54 m²,N/A,2,1,"Dương Nội, Hà Đông","20.9810199737549, 105.754898071289"
42357988,07/03/2025,"Căn hộ chung cư Xuân Mai Tower tại Hà Cầu, 60,5m2 giá hợp lý","3,35 tỷ","60,5 m²","55,37 tr/m²",2,1,"Hà Cầu, Hà Đông","20.962711970999624, 105.77368704468716"
42357962,07/03/2025,Giá rẻ nhất toà HH2 Xuân Mai Complex. Căn 2 ngủ 55m2 full nội thất. Chỉ 2.8 tỷ,Giá thỏa thuận,55 m²,N/A,2,1,"Yên Nghĩa, Hà Đông","20.959916348292886, 105.7415574936384"
42318358,07/03/2025,"Bán tập thể ĐH Kiến Trúc, 85m2 (sổ 51m2), 3 ngủ, giá 2.95 tỷ","2,95 tỷ",85 m²,"34,71 tr/m²",2,N/A,"Mỗ Lao, Hà Đông","20.9729836345138, 105.779031916543"
42326198,07/03/2025,"Chính chủ cần bán căn 3 ngủ 115m2 tòa Seasons Avenue Mỗ Lao . Đầy đủ đồ. Giá 6,9 tỷ. Có slot ôtô","6,9 tỷ",115 m²,60 tr/m²,3,2,"Mỗ Lao, Hà Đông","20.987596769663696, 105.78663322653459"
41072782,07/03/2025,"(Giá thật) chính chủ bán căn hộ 92m2 tại Thiên Niên Kỷ, N 2W, ban công ĐN, giá 6 tỷ",6 tỷ,92 m²,"65,22 tr/m²",2,2,"Quang Trung, Hà Đông","20.9733200073242, 105.778282165527"
42240088,07/03/2025,"Chính chủ bán nhanh căn hộ chung cư Vinaconex 21, Phú La, Hà Đông: DT 138.4m2, 3PN, 2VS, hơn 4 tỷ","4,71 tỷ","138,4 m²",34 tr/m²,3,2,"Phú La, Hà Đông","20.957004733808294, 105.75660360384092"
42329866,07/03/2025,"Quỹ hàng 2PN hiếm hoi diện tích phù hợp, giá tốt, hưởng full chính sách ưu đãi CĐT khi booking sớm",Giá thỏa thuận,54 m²,N/A,2,1,"La Khê, Hà Đông","20.975447359379746, 105.76071185440787"
42288474,07/03/2025,"Chỉ 3,75 tỷ! Chính chủ bán rẻ, gấp căn hộ 73m2, 2 pn The Pride, Hà Đông. Đủ nội thất vào ở ngay","3,75 tỷ",73 m²,"51,37 tr/m²",2,2,"La Khê, Hà Đông","20.976062759037024, 105.7616844576867"
42357498,07/03/2025,"Cần tiền đầu tư kinh doanh bán gấp căn 94m, 3PN giá 4,x tỷ chung cư Usilk, Tố Hữu, Hà Đông. Full đồ","4,95 tỷ",94 m²,"52,66 tr/m²",3,2,"La Khê, Hà Đông","20.97373608678737, 105.76096890622692"
42310391,07/03/2025,"Gia đình em bán căn hộ tại GoldSilk Complex. Giá: 4,9 tỷ, 78m2 (2N2W). Sẵn sổ, full đồ","4,9 tỷ",78 m²,"62,82 tr/m²",2,2,"Vạn Phúc, Hà Đông","20.9778933855008, 105.772601090065"
41938111,07/03/2025,"Tôi cần bán nhanh căn hộ 2 ngủ đẹp, thoáng ban công Đông Nam mát rượi giá chỉ hơn 2 tỷ","2,6 tỷ",63 m²,"41,27 tr/m²",2,2,"Phúc La, Hà Đông","20.9620629882064, 105.792397241779"
37101202,07/03/2025,"Bán nhanh căn chung cư tòa CT1B1 Khu Đô Thị Xa La, Hà Đông, LH 0989 862 ***","2,65 tỷ",75 m²,"35,33 tr/m²",2,1,"Phúc La, Hà Đông","20.9624671936035, 105.792366027832"
32611429,07/03/2025,"tôi chính chủ cần bán căn hộ chung cư CT5 Xa La, 77m2, cần bán gấp LH 0989 862 ***","3,18 tỷ",77 m²,"41,3 tr/m²",2,2,"Phúc La, Hà Đông","20.9624671936035, 105.792366027832"
36300760,07/03/2025,Cần tiền nên bán nhanh căn hộ chung cư tòa CT4 - KĐT Xa La. LH 0975 912 ***,"2,9 tỷ",63 m²,"46,03 tr/m²",2,2,"Phúc La, Hà Đông","20.9624671936035, 105.792366027832"
42357484,07/03/2025,Bán căn chung cư cao cấp 166m tại Văn Khê thuộc Khu đô thị mới Văn Khê - Hà Đông,"7,47 tỷ",166 m²,45 tr/m²,N/A,N/A,"La Khê, Hà Đông","20.971671577899983, 105.7618059622173"
42357546,07/03/2025,"Bán CC Xuân Mai Riverside, Thanh Bình, Mỗ Lao, Hà Đông, 98.41m2 (3N+2VS),tầng cao view đẹp full đồ","5,9 tỷ","98,41 m²",60 tr/m²,3,2,"Mỗ Lao, Hà Đông","20.98517242067049, 105.77904426882829"
41798141,07/03/2025,"Bán căn hộ 1PN view đẹp tại Park Kiara, Lê Trọng Tấn, Hà Đông, 6,2 tỷ, 60m2","6,2 tỷ",60 m²,"103,33 tr/m²",1,1,"La Khê, Hà Đông","20.9671201957949, 105.754027406464"
41536981,07/03/2025,"The Pride, nhà đẹp lung linh - 72m2 - xem là thích, ở tiện nghi đầy đủ, 2 ngủ 2vs - giá rẻ nhất","4,89 tỷ",72 m²,"67,92 tr/m²",2,2,"La Khê, Hà Đông","20.9760246276855, 105.761596679688"
42357002,07/03/2025,"Chuyển nhượng chung cư The Pride căn 2 ngủ 81.4m, ban công Đông Nam, giá 4,1x tỷ","4,18 tỷ","81,4 m²","51,35 tr/m²",2,2,"La Khê, Hà Đông","20.975818517373973, 105.76147744838127"
40761357,07/03/2025,"Chính chủ cần bán căn Tập Thể Vạn Phúc Hà Đông 90 m2, Mt 6m, tầng 2, 3 ngủ. Giá đầu tư","2,6 tỷ",90 m²,"28,89 tr/m²",3,1,"Vạn Phúc, Hà Đông","20.9754267495102, 105.786436025636"
41510591,07/03/2025,"Bán căn hộ 90m2, 3 ngủ tại phố Vạn Phúc - Hà Đông, đẹp, giá tốt, nhiều tiện ích 0981 715 ***","2,9 tỷ",90 m²,"32,22 tr/m²",3,2,"Vạn Phúc, Hà Đông","20.9751366315273, 105.786698015065"
42289923,07/03/2025,"Tôi có căn 54m2, 2pn 1vs cần bán thuộc tầng trung lh 0389 980 ***",Giá thỏa thuận,56 m²,N/A,2,1,"La Khê, Hà Đông","20.976638607675373, 105.76177110477265"
42335813,07/03/2025,"Bán gấp căn hộ chung cư 2PN, 2WC tại Seasons Avenue, 80,68m2 (2n/2vs). Có slot ô tô, sẵn sổ",Giá thỏa thuận,"80,68 m²",N/A,2,2,"Mỗ Lao, Hà Đông","20.98688750432788, 105.78712747644846"
42336029,07/03/2025,"Bán căn hộ chung cư Mulberry Lane, giá cực rẻ 129.1m2, 4PN, 2WC, view đẹp. Sẵn sổ giao dịch",7 tỷ,"129,1 m²","54,22 tr/m²",4,2,"Mỗ Lao, Hà Đông","20.986515221842158, 105.78625639392509"
42336101,07/03/2025,"Bán căn hộ chung cư Mulberry Lane toà A, 119 m2 (3n 2vs). Full nội thất, sẵn sổ",Giá thỏa thuận,119 m²,N/A,3,2,"Mỗ Lao, Hà Đông","20.987075966527417, 105.78621885171967"
42200444,07/03/2025,"Bán căn hộ The Terra An Hưng, 6,4 tỷ, 90m2, 3PN, 2WC, nhiều tiện ích hấp dẫn","6,4 tỷ",90 m²,"71,11 tr/m²",3,2,"La Khê, Hà Đông","20.97279966581889, 105.75700445147415"
42337013,07/03/2025,"Bán CC 2PN 2WC tại The Terra An Hưng, 74m2 (2N2VS). View KDT Dương nội. Sẵn sổ. Lh 0965 610 ***",5 tỷ,74 m²,"67,57 tr/m²",2,2,"La Khê, Hà Đông","20.973147210665005, 105.75756704746004"
42357198,07/03/2025,"Bán căn hộ chung cư CT4 Yên Nghĩa, S: 90m2, 2PN, 2WC, đẹp, nhiều tiện ích. Giá cực yêu thương","4,28 tỷ",90 m²,"47,5 tr/m²",2,2,"Yên Nghĩa, Hà Đông","20.9543158118365, 105.740999759517"
42357150,07/03/2025,Bán căn hộ Victoria Văn Phú Hà Đông,Giá thỏa thuận,97 m²,N/A,2,2,"Phú La, Hà Đông","20.9593450186828, 105.767960468573"
42357140,07/03/2025,"Bán căn hộ 3PN, 119m2 tại Xuân Mai Tower - CT2 Tô Hiệu, giá 5,9 tỷ, view đẹp hot","5,9 tỷ",119 m²,"49,58 tr/m²",3,2,"Hà Cầu, Hà Đông","20.9626748478682, 105.773421133233"
42357138,07/03/2025,"Bán gấp căn hộ La Casta Văn Phú, 5,5 tỷ, 78m2, 2PN, 2WC, đầy đủ nội thất","5,5 tỷ",78 m²,"70,51 tr/m²",2,2,"Phú La, Hà Đông","20.9632870525055, 105.762567077922"
42357130,07/03/2025,"Bán CC The K Park, Lê Trọng Tấn, 4,35 tỷ, 68m2, 2PN, 2WC, siêu hot","4,35 tỷ",68 m²,"63,97 tr/m²",2,2,"Phúc La, Hà Đông","20.960128473652, 105.792048177806"
42319702,07/03/2025,"Chính chủ cần bán căn 65m2, view hồ Thanh Hà, giá hơn 2,3 tỷ. 0985 020 ***",Giá thỏa thuận,65 m²,N/A,2,2,"Kiến Hưng, Hà Đông","20.9398695539012, 105.787480710067"
42357127,07/03/2025,"Bán căn hộ 3PN, 2WC tại Văn Phú Victoria, giá ưu đãi chỉ với 4,75 tỷ, 86m2","4,75 tỷ",86 m²,"55,23 tr/m²",3,2,"Phú La, Hà Đông","20.959987567123893, 105.76824142565908"
39392328,07/03/2025,Chính chủ cần bán căn 2n + 1 tại toà TNK,Giá thỏa thuận,96 m²,N/A,2,2,"Quang Trung, Hà Đông","20.97332, 105.77828"
40157897,07/03/2025,Chính chủ bán căn 2 ngủ 1vs tầng đẹp giá 4x tỷ Lh: 0916 256 ***,Giá thỏa thuận,60 m²,N/A,2,1,"Quang Trung, Hà Đông","20.9733200073242, 105.778282165527"
42300937,07/03/2025,Chính chủ cần bán căn 2 ngủ 1 VS 60m2 toà TTTM Đức Thành KĐT Xa La. Giá 2.6x tỷ thương lượng,"2,69 tỷ",60 m²,"44,83 tr/m²",2,1,"Phúc La, Hà Đông","20.9622448739483, 105.791552288467"
42249698,07/03/2025,Chính chủ cần bán gấp căn hộ A604 141m2 Hồ Gươm Plaza 3pn 1 đa năng 2 vệ sinh. Thanh toán 4.x tỷ,Giá thỏa thuận,141 m²,N/A,3,2,"Mỗ Lao, Hà Đông","20.97917916839385, 105.78550484985827"
42356872,07/03/2025,"Chuyển nhượng dự án HPC căn hộ nằm trong danh sách, 106,7m2, 3 ngủ có ban công, giá thương lượng","6,38 tỷ","106,7 m²","59,79 tr/m²",3,2,"La Khê, Hà Đông","20.97307274934973, 105.75818222533397"
42248520,07/03/2025,"Tôi cần bán chung cư Sông Đà Tower, 131 Trần Phú, Hà Đông 154m2, 3 ngủ, 2 vs chỉ 5.95 tỷ","5,95 tỷ",154 m²,"38,64 tr/m²",3,2,"Văn Quán, Hà Đông","20.9803772655804, 105.788037023933"
42249552,07/03/2025,"Tôi cần bán chung cư FLC Star Tower căn góc 100m2, 3 ngủ, 2 VS chỉ 4.75 tỷ","4,75 tỷ",100 m²,"47,5 tr/m²",3,2,"Quang Trung, Hà Đông","20.96288053684308, 105.76526806484368"
42356788,07/03/2025,"Chung cư Usilk Tố Hữu - căn hộ cao cấp top hàng hoa hậu, 165m2 4 ngủ view hồ thiên văn, giá 7,x tỷ","7,57 tỷ",165 m²,"45,87 tr/m²",4,3,"La Khê, Hà Đông","20.9736502061535, 105.760953654596"
39359588,07/03/2025,"Cần bán gấp căn hộ 57m2 CT7HJK Park View Dương Nội, 2PN, 2VS. Giá 2.x tỷ công đông nam siêu mát",Giá thỏa thuận,57 m²,N/A,2,2,"Dương Nội, Hà Đông","20.9643268585205, 105.749549865723"
42356673,07/03/2025,"Bán CC Sails Tower, 3,25 tỷ, 75m2, 2PN, 2WC, Kiến Hưng, Hà Đông, HN, Chính chủ, giá cực chất","3,25 tỷ",75 m²,"43,33 tr/m²",2,2,"Kiến Hưng, Hà Đông","20.960009401561724, 105.79856329294043"
42181738,07/03/2025,Bán 3pn 2vs (2 + 1) Anland 2 tầng trung vip giá thương thảo trực tiếp chủ. LH 0389 980 ***,Giá thỏa thuận,73 m²,N/A,3,2,"La Khê, Hà Đông","20.9772338867188, 105.76195526123"
40191598,07/03/2025,"Cần bán CH hàng hiếm tòa Sông Nhuệ, Xa La, Hà Đông, Hà, 48m2, 2PN. Giá 2.4x tỷ có TL LH 0968 739 ***",Giá thỏa thuận,48 m²,N/A,2,1,"Kiến Hưng, Hà Đông","20.959997177124, 105.798553466797"
42246254,07/03/2025,"Bán căn hộ chung cư tại 197 Trần Phú, 3,98 tỷ, 71m2, 2PN + 1WC, lh 0968 739 ***","3,98 tỷ",71 m²,"56,06 tr/m²",2,1,"Văn Quán, Hà Đông","20.9796278203826, 105.78721538704386"
42247427,07/03/2025,"Chung cư tại hà đông sổ đỏ lâu dài, giá chỉ từ 70tr/m2, vị trí đắc địa",3 tỷ,63 m²,"47,62 tr/m²",2,2,"Mỗ Lao, Hà Đông","20.978145779871078, 105.78366064804123"
42356504,07/03/2025,"Chính chủ bán căn hộ Lacasta Văn Phú Hà Đông DT 112m2 nguyên bản, LH: 0929 656 ***",Giá thỏa thuận,112 m²,N/A,3,2,"Phú La, Hà Đông","20.963897170825373, 105.76223524208028"
42322939,04/03/2025,Chính chủ cần bán căn 2 ngủ 2 VS 68m2 toà TTTM Đức Thành KĐT Xa La. Giá 2.95 tỷ thương lượng,"2,95 tỷ",68 m²,"43,38 tr/m²",2,2,"Phúc La, Hà Đông","20.962396365482032, 105.79244720200997"
42311818,08/03/2025,Quỹ căn độc quyền! Dự án The Charm An Hưng. Mở bán suất ngoại giao tầng đẹp lh 0983 180 *** giá tốt,"5,1 tỷ",74 m²,"68,92 tr/m²",2,2,·,"20.97528474632491, 105.76037509957708"
42037149,08/03/2025,"10 Suất ngoại giao giá rẻ nhất tại dự án The Charm An Hưng, hỗ trợ ls 0% 15 tháng, lh 0983 119 ***","5,2 tỷ",77 m²,"67,53 tr/m²",2,2,·,"20.974747808295007, 105.76082040903465"
42363641,07/03/2025,"20 căn tầng đẹp nhất dự án, giá gốc chủ đầu tư, miễn phí dịch vụ, chiết khấu siêu khủng","4,9 tỷ",70 m²,70 tr/m²,3,2,·,"20.9746455202052, 105.761068758615"
42337413,07/03/2025,"TOP 11 CĂN HỘ CÓ GIÁ BÁN TỐT NHẤT CHUNG CƯ THE CHARM AN HƯNG, NHẬN BOOKING RA HÀNG ĐỢT 3",Giá thỏa thuận,54 m²,N/A,2,1,·,"20.974681148098902, 105.76075977051738"
42347513,07/03/2025,"DUY NHẤT 5 SUẤT TẶNG 2 CHỈ VÀNG KHI ĐẶT MUA CĂN HỘ , đóng 15% kí HĐMB, LS 0% hỗ trợ 15T",Giá thỏa thuận,"72,6 m²",N/A,2,2,·,"20.974965183652394, 105.76008985709349"
41860304,07/03/2025,Cam kết Lấy Căn Tầng Đúng Nhu Cầu The Charm An Hưng - Tải Full Quỹ Căn Giá Tốt.,Giá thỏa thuận,77 m²,N/A,2,2,·,"20.9745469549635, 105.761241685925"
42092039,09/03/2025,QUỸ CĂN NGOẠI GIAO ĐẦU TIÊN ĐẸP NHẬT DỰ ÁN KEPLER LAND MỖ LAO HÀ ĐÔNG CK 16% CHO KHÁCH HÀNG ƯU TIÊN,4 tỷ,77 m²,"51,95 tr/m²",2,2,"Mỗ Lao, Hà Đông","20.9856739187377, 105.780342936538"
42301326,08/03/2025,"Mở bán quỹ 50 căn VIP CĐT tháp đôi Kepler Land-Tầng trung trục đẹp, đặt ngay nhận ck lên tới 12,8%",Giá thỏa thuận,73 m²,N/A,2,2,"Mỗ Lao, Hà Đông","20.985354061634023, 105.7796306993957"
42366293,08/03/2025,"NGOẠI GIAO: CĂN 1-2-3PN đẹp nhất DỰ ÁN KEPLER TSQ, TẦNG ĐẸP+ HƯỚNG MÁT+ VIEW HỒ TRUNG VĂN","2,92 tỷ",45 m²,65 tr/m²,1,1,"Mỗ Lao, Hà Đông","20.984681101985267, 105.77999738348569"
42370598,08/03/2025,"Mở bán quỹ căn dự án Kepler Land Hà Đông: 1PN, 2PN, 3PN. Uy tín, chất lượng, giá cạnh tranh nhất!",Giá thỏa thuận,66 m²,N/A,2,N/A,"Mỗ Lao, Hà Đông","20.9845679036063, 105.784692973415"
42370178,08/03/2025,"LẤY CĂN ĐÚNG Ý - THE CHARM AN HƯNG
CHỈ TỪ 1,5 TỶ - HỖ TRỢ VAY 70% LS 0% KÝ HĐMB TRỰC TIẾP CĐT",5 tỷ,72 m²,"69,44 tr/m²",2,2,"La Khê, Hà Đông","20.974522011441646, 105.76080636051846"
42369736,08/03/2025,""" Chính Chủ "" CC Mulberry Lane, 154m2 LOẠI 4PN, Mỗ Lao, Hà Đông, HN - LH: 0981 960 ***",Giá thỏa thuận,154 m²,N/A,3,2,"Mỗ Lao, Hà Đông","20.9862187415862, 105.78629491909912"
14082007,08/03/2025,Xả hàng đầu năm quỹ căn giá tốt Mulberry Lane - LH: 0981 960 ***,Giá thỏa thuận,123 m²,N/A,3,2,"Mỗ Lao, Hà Đông","20.9868438538229, 105.786249884671"
42369634,08/03/2025,"NHẬN ĐẶT MUA CĂN GÓC 3PN 2WC 103m2 tại Tháp đôi Kepler Land, Mỗ Lao, Hà Đông - 0981 960 ***",80 triệu,103 m²,"776,7 nghìn/m²",3,2,"Mỗ Lao, Hà Đông","20.98567150629351, 105.77946668958543"
42320270,08/03/2025,Quỹ căn đối ngoại đầu tiên đẹp nhất dự án Kepler Land Mỗ Lao Hà Đông CK 10% cho khách hàng ưu tiên,"2,92 tỷ",45 m²,65 tr/m²,2,1,"Mỗ Lao, Hà Đông","20.985518421254067, 105.78010686213831"
42267738,07/03/2025,Quỹ hàng ngoại giao án chung cư Kepler Land Mỗ Lao diện tích từ 53m2 - 72m2 hỗ trợ vay Bank 70%,Giá thỏa thuận,72 m²,N/A,2,2,"Mỗ Lao, Hà Đông","20.985945385379512, 105.78014735383282"
42267607,07/03/2025,Quỹ hàng ngoại giao căn đẹp dự án chung cư The Charm -Tố Hữu triết khấu 3% cho khách hàng,Giá thỏa thuận,72 m²,N/A,2,2,"La Khê, Hà Đông","20.974552812456697, 105.76054477436087"
41588334,07/03/2025,"Thông tin chuẩn! Chính chủ bán gấp 2 căn hộ tại tòa B và tòa C Mulberry Lane, 2pn-3pn, giá giảm sâu","6,3 tỷ",116 m²,"54,31 tr/m²",3,2,"Mỗ Lao, Hà Đông","20.98651885986328, 105.7863998413086"
42001279,07/03/2025,"Chính chủ cần bán CH Goldsilk Complex Hà Đông, DT 122m2 gồm 4 ngủ 3VS full nội thất mới, giá 7tỷ",7 tỷ,122 m²,"57,38 tr/m²",4,3,"Vạn Phúc, Hà Đông","20.9785473380608, 105.772599531812"
41932151,07/03/2025,"Chính chủ trên sổ bán chung cư FLC, diện tích 113,3m2 4 ngủ 2 vệ sinh, giá 5.85 tỷ có thương lượng","5,85 tỷ","113,3 m²","51,63 tr/m²",4,2,"Quang Trung, Hà Đông","20.9627148770868, 105.765271336241"
41141828,07/03/2025,Cập nhật quỹ căn đang bán giá rẻ nhất tại chung cư Park Kiara KĐT ParkCity Hà Nội. LH 0968 450 ***,"8,55 tỷ",91 m²,"93,96 tr/m²",3,2,"La Khê, Hà Đông","20.9673748016357, 105.754013061523"
42372289,08/03/2025,"CHÍNH CHỦ NHÀ EM BÁN CĂN HỘ 86M2 3N, SAMSORA HÀ ĐÔNG, SẴN SỔ, FULL NỘI THẤT DỌN VỀ Ở NGAY, CỰC LỘC",5 tỷ,86 m²,"58,14 tr/m²",3,2,"Quang Trung, Hà Đông","20.975892811081117, 105.77692033350469"
42285313,08/03/2025,"Căn Góc view hồ điều hòa đẹp và rẻ nhất KĐT Thanh Hà, 76m2 2 ngủ 2vs, tầng trung full đồ sịn 2,x tỷ",Giá thỏa thuận,76 m²,N/A,2,2,"Kiến Hưng, Hà Đông","20.9400473250376, 105.786819865404"
42370474,08/03/2025,"Hàng hiếm tại Grand Sunlake, Văn Quán, Hà Đông 92m2, 3PN, giá chỉ từ 4.7 tỷ. Hướng ĐN view hồ","4,7 tỷ",92 m²,"51,09 tr/m²",3,2,"Văn Quán, Hà Đông","20.98017241790524, 105.78700136751286"
34943087,08/03/2025,"Chủ nhà cần gửi 2 căn 90m2 view hồ Mulberry Lane giá 5,xtỷ - Hotline: 0981 960 ***","5,9 tỷ",90 m²,"65,56 tr/m²",2,2,"Mỗ Lao, Hà Đông","20.9865188598633, 105.786399841309"
31670499,08/03/2025,"Chính chủ cần bán cắt lỗ ban công ĐN 127m2 tòa giá 6,x tỷ Mulberry Lane - LH: 0981 960 ***","6,9 tỷ",127 m²,"54,33 tr/m²",3,2,"Mỗ Lao, Hà Đông","20.9865188598633, 105.786399841309"
18498582,08/03/2025,Xả hàng đầu năm 2025 quỹ căn độc quyền rẻ Seasons Avenue 75m2 - 80m2 - 117m2 - 122m2 - 138m2,Giá thỏa thuận,105 m²,N/A,3,2,"Mỗ Lao, Hà Đông","20.9874956888947, 105.78683829603818"
42369476,08/03/2025,"DUY NHẤT CĂN 70M2 chung cư đẹp tại Tháp đôi Kepler Land CHỈ TỪ 4,5 tỷ LH 0981 960 ***","4,5 tỷ",66 m²,"68,18 tr/m²",N/A,N/A,"Mỗ Lao, Hà Đông","20.985182013069416, 105.78068090773013"
42369451,08/03/2025,"Hiếm! Chỉ từ nhỉnh 3 tỷ nhận nhà về ở hoặc cho thuê ngay, có tiến độ giãn 2 năm tại Hồ Gươm Plaza","6,45 tỷ",110 m²,"58,64 tr/m²",3,2,"Mỗ Lao, Hà Đông","20.97951041837689, 105.7860483499826"
42368287,08/03/2025,Quỹ căn mới nhất tháng 3.2025 Mulberry Lane- Hà Đông. LH: 0981 674 ***,Giá thỏa thuận,154 m²,N/A,N/A,N/A,"Mỗ Lao, Hà Đông","20.986773983024268, 105.78678858948935"
42368165,08/03/2025,"THỜI ĐIỂM VÀNG ĐỂ XUỐNG TIỀN ĐẦU TƯ VÀ Ở CHUNG CƯ THANH HÀ , KIẾN HƯNG , HÀ ĐÔNG .","2,3 tỷ",60 m²,"38,33 tr/m²",2,2,"Kiến Hưng, Hà Đông","20.940020702619062, 105.78719518721412"
42367665,08/03/2025,"Tổng hợp quỹ căn bán tại Xuân Mai 1PN + 1, 2PN, 3PN. SĐT/zalo: 0376 540 ***","3,15 tỷ",70 m²,45 tr/m²,2,2,"Yên Nghĩa, Hà Đông","20.960421085236845, 105.74136443165054"
42367627,08/03/2025,Chuyển nhượng giá siêu lợi nhuận cho các căn tại chung cư Usilk City Hà Đông,Giá thỏa thuận,114 m²,N/A,N/A,N/A,"La Khê, Hà Đông","20.97449012654789, 105.76010626511962"
42101252,07/03/2025,Chính chủ cần bán căn hộ 2 ngủ 1 wc full đồ mới đẹp ở toà Thiên Niên Kỉ đối diện bưu điện Hà Đông,"4,25 tỷ","54,5 m²","77,98 tr/m²",2,1,"Quang Trung, Hà Đông","20.9733385373564, 105.778517500969"
41588257,07/03/2025,"Hàng cực hiếm! Bán nhanh căn hộ Seasons Avenue, dt 117m2, full đồ đẹp, giá 7 tỷ, hướng mát, SHLD",7 tỷ,117 m²,"59,83 tr/m²",3,2,"Mỗ Lao, Hà Đông","20.98702621459961, 105.78683471679688"
42361576,07/03/2025,"Chính chủ bán gấp căn góc 2PN, 76m2. View đẹp thành phố. Full nội thất nóng lạnh. Giá thương lượng","3,2 tỷ",76 m²,"42,1 tr/m²",2,2,"Kiến Hưng, Hà Đông","20.9394987188397, 105.78746122360506"
42362349,07/03/2025,"Chính chủ bán chung cư Bình Vượng, diện tích 145,5 m2 3 ngủ 2 vệ sinh, giá 5,65 tỷ có thương lượng","5,65 tỷ","145,5 m²","38,83 tr/m²",3,2,"Quang Trung, Hà Đông","20.9669405714492, 105.769477453526"
42362131,07/03/2025,"Hô to lên nào, Hà Đông ơi, giá rẻ bán gấp căn chung cư đẹp chỉ 4ty 2x 82m2 the pide 2 ngủ","4,28 tỷ",82 m²,"52,2 tr/m²",2,2,"La Khê, Hà Đông","20.965871260125365, 105.75933642921422"
41786969,07/03/2025,"Giảm sâu 200 tr, căn hộ 79m2, chung cư FLC Star Tower Hà Đông","4,31 tỷ",79 m²,"54,6 tr/m²",2,2,"Quang Trung, Hà Đông","20.962882481166783, 105.76470019876199"
41797447,07/03/2025,Bán căn 3PN mẫu C 91m2 hướng Đông tại CC Park Kiara - ParkCity Hà Nội giá tốt nhất LH 0968 450 ***,"8,65 tỷ",91 m²,"95,06 tr/m²",2,2,"La Khê, Hà Đông","20.9673748016357, 105.754013061523"
42359087,07/03/2025,"Tổng hợp căn 1pn, 2pn, 3pn giá tốt tại xuân mai complex, hà đông. Lh - 0982 511 ***","3,18 tỷ",65 m²,"48,92 tr/m²",2,2,"Yên Nghĩa, Hà Đông","20.959965038775316, 105.74175724083135"
37558819,07/03/2025,Chung cư Park Kiara giá tốt - nhận nhà ở ngay - LH em 0967 368 ***,Giá thỏa thuận,60 m²,N/A,3,2,"La Khê, Hà Đông","20.9673748016357, 105.754013061523"
42357409,07/03/2025,Bán chung cư chính chủ - CT4A khu đô thị Xa La Hà Đông Hà Nội,"2,15 tỷ","54,5 m²","39,45 tr/m²",1,1,"Phúc La, Hà Đông","20.96259634835505, 105.79243917921306"
42356714,07/03/2025,Chính chủ xuống liền kề bán gấp chung cư 3 ngủ 2 ban công,"4,4 tỷ",81 m²,"54,32 tr/m²",3,2,"Phúc La, Hà Đông","20.9706045789967, 105.785109769348"
41113717,09/03/2025,Cần bán Căn 2PN+1.2WC - 92m2 Thiên Niên Kỷ hướng mát giá 6.28 tỷ,"6,28 tỷ",96 m²,"65,42 tr/m²",2,2,"Quang Trung, Hà Đông","20.9733200073242, 105.778282165527"
42330215,09/03/2025,"Chính chủ bán căn hộ tầng 19 tòa B chung cư Sails Tower Sông Nhuệ, Hà Đông, 47m2 có sổ đỏ 2PN, 1WC",Giá thỏa thuận,47 m²,N/A,2,1,"Kiến Hưng, Hà Đông","20.96008013818122, 105.79943614025866"
42265345,09/03/2025,Lý do nào để Kepker Land tự tin ở giá dự kiến 8x triệu/m2 không hề rẻ,Giá thỏa thuận,83 m²,N/A,2,2,"Mỗ Lao, Hà Đông","20.9859539767677, 105.780545204056"
41281892,09/03/2025,Hiếm ! bán Căn 3PN2WC - 91m2 Xuân Mai Riverside nội thất Full 5.555 tỷ,"5,56 tỷ",91 m²,"61,04 tr/m²",3,2,"Mỗ Lao, Hà Đông","20.9851932525635, 105.779029846191"
42372807,08/03/2025,Siêu hiếm! Nhỉnh 6 tỷ sở hữu ngay căn hộ 3PN -2WC 91m2 trung tâm quận Hà Đông,"6,34 tỷ",91 m²,"69,68 tr/m²",3,2,"La Khê, Hà Đông","20.9745144264863, 105.760447789376"
42372784,08/03/2025,"Bán CH 88m2, 2PN, 2WC bc đông nam, tầng trung tại The Pride, 4,5 tỷ, Đ.Tố Hữu, Hà Đông","4,5 tỷ",88 m²,"51,14 tr/m²",2,2,"La Khê, Hà Đông","20.9760246276855, 105.761596679688"
38739958,08/03/2025,Em Hà Phương bán nhiều căn hộ tòa CT6 Xa La. Hotline 0986 186 ***,"2,8 tỷ",66 m²,"42,42 tr/m²",2,2,"Phúc La, Hà Đông","20.9624671936035, 105.792366027832"
42372752,08/03/2025,"Bán căn hộ chung cư The Pride, 4,2 tỷ, 81m2, 2PN, 2WC, đầy đủ nội thất tại Hà Đông, Hà Nội","4,2 tỷ",81 m²,"51,85 tr/m²",2,2,"La Khê, Hà Đông","20.976062122262125, 105.7615226480842"
42372717,08/03/2025,Suất giá rẻ (đợt 1) căn góc 3 PN (96m2) - ban công Đông Nam - full NT cao cấp - The Charm Tố Hữu,"7,2 tỷ",96 m²,75 tr/m²,3,2,"La Khê, Hà Đông","20.97473793706822, 105.76029733188575"
42372707,08/03/2025,"Bán Căn Hộ CC _ PC1 Nàng Hương 583 Nguyễn Trãi ,Văn Quán ,Hà Đông ,140m2 ,4Ngủ ,2vs ,Lh 0914 239 ***",Giá thỏa thuận,140 m²,N/A,4,2,"Văn Quán, Hà Đông","20.985959318200795, 105.79587421969777"
42372666,08/03/2025,"Bán gấp căn hộ tầng 15 view hồ 63,2m2 Thanh Hà Mường Thanh","2,33 tỷ",63 m²,"36,98 tr/m²",2,2,"Kiến Hưng, Hà Đông","20.939219260695033, 105.78702798876664"
42300966,08/03/2025,"Siêu rẻ, bán nhanh CH 815 - CT5 Xa La, 76m2, 2 ngủ 2vs sổ đỏ full NT. Giá chỉ 3 tỷ LH 0976 572 ***",3 tỷ,76 m²,"39,47 tr/m²",2,2,"Phúc La, Hà Đông","20.9623409329309, 105.79266024507943"
41070323,08/03/2025,"Bán căn hộ Mipec Hà Đông, sổ đỏ 60m2, 2ngủ 2vs, full nội thất và đồ điện tử, nhà đẹp vào ở ngay","2,34 tỷ",60 m²,39 tr/m²,2,2,"Kiến Hưng, Hà Đông","20.952529907226562, 105.79031372070312"
39231281,08/03/2025,"Chung cư SME HOÀNG GIA, Hà Đông",4 tỷ,84 m²,"47,62 tr/m²",2,2,"Quang Trung, Hà Đông","20.9667491912842, 105.769844055176"
42372397,08/03/2025,"Căn hộ chung cư bán tại Ngô Thì Nhậm, 3,6 tỷ, 61m2 2 ngủ view đẹp, gần tiện ích!","3,6 tỷ",61 m²,"59,02 tr/m²",2,1,"Hà Cầu, Hà Đông","20.96909007080781, 105.76857401072347"
42262845,08/03/2025,"Bán CC A5 Học Viện Quân Y hà đông 72m2 2PN 2WC giá 3,9 tỷ bàn giao 2021 full đồ","3,9 tỷ",72 m²,"54,17 tr/m²",2,2,"Phúc La, Hà Đông","20.9697237944265, 105.786024506087"
42372278,08/03/2025,"Bán CC 57m2, 2PN Kiến Hưng giá 2.4x tỷ",Giá thỏa thuận,57 m²,N/A,2,1,"Kiến Hưng, Hà Đông","20.9385344003316, 105.733350711413"
40447453,08/03/2025,"Hàng hiếm! Chính chủ bán gấp căn 75m2 CC The Terra An Hưng, 2PN, 2VS full nội thất. Giá bán 4,3 tỷ","4,3 tỷ",75 m²,"57,33 tr/m²",2,2,"Dương Nội, Hà Đông","20.9732059024869, 105.757287524864"
41780162,08/03/2025,Chung cư Tố Hữu Hà Đông khu cao cấp giá dự kiến 7xtr/m2,Giá thỏa thuận,72 m²,N/A,2,2,"Mỗ Lao, Hà Đông","20.984977109760646, 105.7796291277266"
42372297,08/03/2025,Chính Chủ Bán Căn Hộ Lacasta Văn Phú Hà Đông Dt : 112 Nguyên Bản LH: 0929 656 ***,Giá thỏa thuận,112 m²,N/A,3,2,"Văn Quán, Hà Đông","20.979964838970087, 105.78838762700245"
39501949,08/03/2025,"Em cần bán căn A (60m2) 1N+1 ở Park Kiara - Park City rẻ nhất thị trường giá 5,7 tỷ. LH: 0397 588 ***","5,7 tỷ",60 m²,95 tr/m²,2,1,"La Khê, Hà Đông","20.9673748016357, 105.754013061523"
42059663,08/03/2025,"Nhà mới tập thể Lương Ngọc Quyến, Hà Đông, giáp thanh xuân, 2thoáng, 3PN, 2vs, vị trí lộc 75m/2,3tỷ","2,3 tỷ",75 m²,"30,67 tr/m²",3,2,"Văn Quán, Hà Đông","20.9842685085182, 105.79495692044"
42372194,08/03/2025,"Chính chủ bán căn hộ tòa Xuân Mai Complex, Hà Đông 80m2 full đồ 3PN 2VS căn góc, Hà Nội",Giá thỏa thuận,80 m²,N/A,3,2,"Yên Nghĩa, Hà Đông","20.959988418022608, 105.74231674226515"
42287048,08/03/2025,"Chính thức mở bán căn hộ The Charm An Hưng, quý 4 2025 bàn giao nhận nhà ở ngay. Lh 0924 199 ***",Giá thỏa thuận,54 m²,N/A,2,N/A,"La Khê, Hà Đông","20.97470254202517, 105.76071376434612"
42249331,08/03/2025,"GĐ e bán căn hộ chung cư tại TTTM TSQ, 11 tỷ, 225m2 (4PN, 3WC). Sẵn sổ, Full đồ",11 tỷ,225 m²,"48,89 tr/m²",4,3,"Mỗ Lao, Hà Đông","20.978115421199178, 105.78304683357813"
42372139,08/03/2025,"Chính chủ bán căn hộ tòa Xuân Mai Complex, Hà Đông 80m2 full đồ 3PN 2VS","4,1 tỷ",80 m²,"51,25 tr/m²",3,2,"Yên Nghĩa, Hà Đông","20.959775924682617, 105.74188232421875"
42236821,08/03/2025,"Bán CC The Sparks, 2,75 tỷ, 56,5m2, 2PN, 1WC, view đẹp, tiện ích đầy đủ tại Dương Nội, Hà Đông, HN","2,75 tỷ","56,5 m²","48,67 tr/m²",2,1,"Dương Nội, Hà Đông","20.979510167931608, 105.74393291928428"
42337335,08/03/2025,"Chính chủ bán căn 2 phòng ngủ 61m2 Xuân Mai Riverside Thanh Bình. Giá 4,1 tỷ","4,1 tỷ",61 m²,"67,21 tr/m²",2,2,"Mỗ Lao, Hà Đông","20.9851948512753, 105.779025012268"
40149993,08/03/2025,Chính chủ bán rẻ căn 111m2 ban công Đông Nam La Casta thu tiền về rẻ 200 tr,"7,15 tỷ",111 m²,"64,41 tr/m²",3,2,"Phú La, Hà Đông","20.9634590148926, 105.762763977051"
42325265,08/03/2025,Độc quyền!Quỹ ngoại giao mở bán đợt2 tầng 12-15-19-21. Gói chiết khấu vip từ CĐT hỗ trợ lãi suất 0%,Giá thỏa thuận,54 m²,N/A,2,2,"La Khê, Hà Đông","20.974698461008757, 105.76073069945471"
42015542,08/03/2025,"Hàng Hiếm! Bán Căn Hộ 75m2 Tại The Pride Giá Chỉ 3.65 tỷ Thiết Kế 2N Sang Trọng, Full Nội Thất Mới","3,65 tỷ",75 m²,"48,67 tr/m²",2,2,"La Khê, Hà Đông","20.975363783752492, 105.76162885342528"
42371995,08/03/2025,"Căn hộ 2PN, 2VS tại The Pride, Tố Hữu, La Khê, Hà Đông, 4,2 tỷ","4,2 tỷ",81 m²,"51,85 tr/m²",2,2,"La Khê, Hà Đông","20.975584875888078, 105.7607697979522"
42332583,08/03/2025,"Bán CH 2PN view đẹp tại The Pride, 4,25 tỷ, 81m2, Tố Hữu, Hà Đông, Hà Nội","4,25 tỷ",81 m²,"52,47 tr/m²",2,2,"La Khê, Hà Đông","20.976142434923943, 105.76104856095297"
42312395,08/03/2025,"Bán CC Xuân Mai Tower - CT2 Tô Hiệu, 3,35 tỷ, 60,5m2, 2PN, 1WC, hàng hot","3,35 tỷ","60,5 m²","55,37 tr/m²",2,1,"Hà Cầu, Hà Đông","20.963372909179068, 105.77378298767431"
42043492,08/03/2025,Chính chủ bán căn 68m2 hướng Đông Bắc duy nhất K Park tầng trung,"4,29 tỷ",68 m²,"63,09 tr/m²",2,2,"Phúc La, Hà Đông","20.96021011655164, 105.79175553449535"
41587704,08/03/2025,BÁN CĂN GÓC 68.9m2 2PN - 2WC - 2BC CĂN GÓC VUÔNG VẮN CC MIPEC KIẾN HƯNG HÀ ĐÔNG - LH : 0838 551 ***,"3,6 tỷ","68,9 m²","52,25 tr/m²",2,2,"Kiến Hưng, Hà Đông","20.9525299072266, 105.790313720703"
41681034,08/03/2025,Mipec City View - Bán CH 51m2 2PN - 1WC Đồ NTCB - Tầng Trung - Liên hệ xem nhà : 0838 551 *** .,Giá thỏa thuận,51 m²,N/A,2,1,"Kiến Hưng, Hà Đông","20.952529907226562, 105.79031372070312"
42371767,08/03/2025,BÁN CĂN HỘ CHUNG CƯ PHÚ THỊNH GREEN PARK 83m2 GIÁ CHỈ 5 TỶ. LH 0854 478 ***,Giá thỏa thuận,83 m²,N/A,2,2,"Hà Cầu, Hà Đông","20.966589477704215, 105.77853467150207"
33054353,08/03/2025,"Chính chủ bán căn góc 3PN, 109m2, view hồ công viên. Giá tốt nhất thị trường. LH 0963 225 ***",Giá thỏa thuận,109 m²,N/A,3,2,"Dương Nội, Hà Đông","20.9830436706543, 105.757339477539"
41782164,08/03/2025,"Bán căn hộ 2PN + 2WC tại Anland LakeView, 4,8 tỷ, 74,5m2, Hà Đông, Hà Nội","4,8 tỷ","74,5 m²","64,43 tr/m²",2,2,"Dương Nội, Hà Đông","20.983022984796495, 105.75734461323762"
42371737,08/03/2025,CHÍNH CHỦ CẦN BÁN CĂN 118m2 CHUNG CƯ LA CASTA VĂN PHÚ HÀ ĐÔNG. LH 0854 478 ***,Giá thỏa thuận,118 m²,N/A,3,2,"Phú La, Hà Đông","20.964250992018577, 105.76234380898883"
42246735,08/03/2025,Ra hàng dự án chung cư Kepler Land Mỗ Lao diện tích từ 53m2 - 72m2 -101m2 hỗ trợ vay Bank giá tốt,Giá thỏa thuận,53 m²,N/A,2,2,"Mỗ Lao, Hà Đông","20.985534181575748, 105.7801757086701"
41663952,08/03/2025,Căn hộ tháp đôi The Kepler Land Mỗ Lao Hà Đông chiết khấu 3% cho khách hàng đăng kí sớm,Giá thỏa thuận,54 m²,N/A,1,1,"Mỗ Lao, Hà Đông","20.9854621887207, 105.780006408691"
42330850,08/03/2025,Chị gái gửi bán nhanh căn hộ 90m2 hướng cực mát tòa chung cư cao cấp Mulbery Lane - Mỗ Lao,"5,5 tỷ",90 m²,"61,11 tr/m²",2,2,"Mỗ Lao, Hà Đông","20.9872284884161, 105.786163585398"
42363158,08/03/2025,Kepler Land cái tên đang làm sôi sục thị trường bất động sản,Giá thỏa thuận,66 m²,N/A,2,2,"Mỗ Lao, Hà Đông","20.9848026947211, 105.77989417473"
42371711,08/03/2025,"SIÊU PHẨM CCMN - Nguyễn Công Trứ - HD, 88m, 6 tầng, MT5,7m, tháng máy, 17 phòng kk, Giá nhỉnh 19tỷ","19,8 tỷ",88 m²,225 tr/m²,N/A,N/A,"Vạn Phúc, Hà Đông","20.9720640661505, 105.784396607318"
39634943,08/03/2025,"Chính chủ bán căn góc 85m2/96m2 tòa Anland 2, tầng đẹp, full nội thất. Giá tốt. LH 0963 225 ***",Giá thỏa thuận,96 m²,N/A,3,2,"Dương Nội, Hà Đông","20.97723388671875, 105.76195526123047"
42241967,08/03/2025,Chính chủ bán căn 93m2 chung cư The K Park Văn Phú- 3PN -2WC giá chỉ 6.x tỷ. LH 0854 478 ***,Giá thỏa thuận,93 m²,N/A,3,2,"Phúc La, Hà Đông","20.959870909426403, 105.79188940077947"
42348390,08/03/2025,"Bán CC 3PN, 90m2 giá siêu hời tại Khu nhà ở Bộ Tư lệnh Thủ đô Hà Nội, Hà Đông, HN","4,14 tỷ",90 m²,46 tr/m²,3,2,"Yên Nghĩa, Hà Đông","20.954249156993185, 105.74149989961467"
42371487,08/03/2025,"Siêu phẩm chung cư mini tại Yên Nghĩa-Hà Đông.Dt50m 7tầng thang máy,Mt5m 15phòng giá 15.6tỷ","15,6 triệu",50 m²,312 nghìn/m²,15,15,"Yên Nghĩa, Hà Đông","20.9486145795478, 105.746389636727"
35061983,08/03/2025,"Chính chủ cần bán gấp căn 74m2 hướng Đông Nam dự án The Terra An Hưng giá 4,x tỷ full đồ, có sổ đỏ",Giá thỏa thuận,74 m²,N/A,2,2,"Dương Nội, Hà Đông","20.9743461608887, 105.754165649414"
41686509,08/03/2025,Chính chủ bán CH 80m2 3PN 2VS Full Nội Thất - Nhà Đẹp - Chỉ việc xách valy về ở - Giá tốt nhất khu,Giá thỏa thuận,80 m²,N/A,3,2,"Kiến Hưng, Hà Đông","20.952529907226562, 105.79031372070312"
42218635,08/03/2025,"Bán chung cư Anland Premium 3PN 2VS diện tích 74m2 84m2 sẵn sổ, nhà mới đẹp giá 4,8 tỷ LH0911 460 ***","4,8 tỷ",84 m²,"57,14 tr/m²",3,2,"La Khê, Hà Đông","20.976961599644916, 105.76193063836219"
42335983,08/03/2025,Tôi có căn 2PN 2VS tại Anland 2 tầng 1x bán 0389 980 ***,Giá thỏa thuận,67 m²,N/A,2,2,"La Khê, Hà Đông","20.9772338867188, 105.76195526123"
42312914,08/03/2025,"Chính chủ bán căn cc 68m2 Kpark Văn Phú Hà Đông tầng trung, view công viên",Giá thỏa thuận,68 m²,N/A,2,2,"Phúc La, Hà Đông","20.9599705922078, 105.7923321277243"
42371236,08/03/2025,Bán 3pn 2vs (2 + 1) Anland 2 tầng trung vip giá thương thảo trực tiếp chủ. LH 0389 980 ***,Giá thỏa thuận,73 m²,N/A,3,2,"La Khê, Hà Đông","20.9772338867188, 105.76195526123"
42371255,08/03/2025,"Bán Căn Hồ Gươm Plaza, giá tốt 6,3 tỷ, 129m2, 3PN, 2WC, Hà Đông. Full nội thất. Lh 0792 826 ***","6,3 tỷ",129 m²,"48,84 tr/m²",3,2,"Mỗ Lao, Hà Đông","20.979229609290055, 105.78535832050864"
41905410,08/03/2025,"Mở bán căn 92m2 sở hữu lâu dài view hồ, ký trực tiếp CĐT Grand Sunlake",Giá thỏa thuận,92 m²,N/A,3,2,"Văn Quán, Hà Đông","20.979940353755918, 105.7873357902948"
42371047,08/03/2025,Chính chủ bán căn hộ 64.5m Xuân Mai Complex,"3,15 tỷ",65 m²,"48,46 tr/m²",2,2,"Yên Nghĩa, Hà Đông","20.95913193957267, 105.74247035792969"
41767549,08/03/2025,"Chính chủ bán căn Mipec City View 56M 2 ngủ 2 vệ sinh, sổ đỏ, giá 2.96 tỷ","2,96 tỷ",56 m²,"52,86 tr/m²",2,1,"Kiến Hưng, Hà Đông","20.952529907226562, 105.79031372070312"
41917185,08/03/2025,The Charm An Hưng chuẩn bị mở bán đợt 1 dự án chung cư được mong chờ nhất Hà Đông 2025,Giá thỏa thuận,92 m²,N/A,3,2,"La Khê, Hà Đông","20.9744788588318, 105.761467685902"
41828450,08/03/2025,NHỈNH 4 TỶ BÁN CĂN HỘ THE CHARM HÀ ĐÔNG QUỸ CĂN NGOẠI GIAO BÁN NHANH TRƯỚC KHI RA HÀNG HỖ TRỢ VAY,"4,98 tỷ","72,6 m²","68,6 tr/m²",2,2,"La Khê, Hà Đông","20.9748116979003, 105.760543987969"
41850823,08/03/2025,Nhỉnh 2 tỷ bán căn hộ 73m2 2 ngủ 2 vệ sinh căn hộ bàn giao full nội thất tầng đẹp hướng Đông Nam,"2,99 tỷ",73 m²,"40,96 tr/m²",2,2,"Văn Quán, Hà Đông","20.9798041351246, 105.787699200339"
42371123,08/03/2025,"Tôi cần bán chung cư KĐT Văn Khê 114m2, 3 ngủ, 2 vs chỉ 4.35 tỷ","4,35 tỷ",114 m²,"38,16 tr/m²",3,2,"La Khê, Hà Đông","20.972051899999475, 105.76134247474086"
42371068,08/03/2025,"Cần bán gấp căn hộ 50m giá 2.7x tỷ tòa Hh2 Xuân Mai Complex, Yên Nghĩa, 2Pn","2,74 tỷ",50 m²,"54,8 tr/m²",2,1,"Yên Nghĩa, Hà Đông","20.95999257536348, 105.74190358726045"
36873154,08/03/2025,TỔNG HỢP CĂN BÁN 2 PHÒNG NGỦ. DỰ ÁN CHUNG CƯ HH2 XUÂN MAI COMPLEX DƯƠNG NỘI,"3,18 tỷ",65 m²,"48,92 tr/m²",2,2,"Yên Nghĩa, Hà Đông","20.9597759246826, 105.741882324219"
42342407,08/03/2025,Căn hộ cao cấp The Charm An Hưng,"6,48 tỷ",90 m²,72 tr/m²,3,N/A,"La Khê, Hà Đông","20.974868075220552, 105.76147025397172"
42344378,08/03/2025,"Bán chung cư Nàng Hương 583 Nguyễn Trãi, mới, full đồ, dt 110m2, 3 ngủ, 2vs, giá 5.7tỷ 0962 797 ***","5,7 tỷ",110 m²,"51,82 tr/m²",3,2,"Văn Quán, Hà Đông","20.984941663691163, 105.79562405188335"
41863703,08/03/2025,"Cần bán CC Booyoung - Mỗ Lao, tầng đẹp, full nội thất, slot ôtô, dt 98m2, 3 ngủ, 2vs, chỉ 6.1tỷ","6,1 tỷ",98 m²,"62,24 tr/m²",3,2,"Mỗ Lao, Hà Đông","20.983293109426498, 105.78365835218362"
41554940,08/03/2025,"Chính chủ bán căn hộ tòa D, tầng cao, Mulberry Lane 129.1m2 đầy đủ đồ hiện đại, có slot ô tô","7,62 tỷ","129,1 m²",59 tr/m²,4,2,"Mỗ Lao, Hà Đông","20.9854241138982, 105.785674348655"
41909428,08/03/2025,"Em có 3 suất ngoại giao căn 2PN và 3PN, DT 54m2, 72 m2 view đẹp nhất dự án",Giá thỏa thuận,72 m²,N/A,2,2,"La Khê, Hà Đông","20.9751478688453, 105.760545812816"
42011714,08/03/2025,"Bán 3 căn ngoại giao toàn tháp A căn tầng trung, căn hộ The Charm An Hưng",Giá thỏa thuận,78 m²,N/A,2,2,"La Khê, Hà Đông","20.9743997178389, 105.760530183225"
41973359,08/03/2025,"The Charm An Hưng, Quỹ căn ngoại giao, giá tốt nhất thị trường",4 tỷ,54 m²,74 tr/m²,2,2,"La Khê, Hà Đông","20.9748963737277, 105.760697242159"
42352990,08/03/2025,Bán chung cư CT1 Ngô Thì Nhậm Hà Đông - 80m2 - 2 ngủ 2 vệ sinh - 4 tỷ x (x tiểu học),Giá thỏa thuận,80 m²,N/A,2,2,"Hà Cầu, Hà Đông","20.969258359308185, 105.76751486033146"
42189232,08/03/2025,"Siêu phẩm: Cần tiền bán nhanh Samsora Premier 85m2 3PN 2VS. Full đẹp, hướng mát, 4,x tỷ: 0968 693 ***","4,5 tỷ",85 m²,"52,94 tr/m²",3,2,"Quang Trung, Hà Đông","20.974676017023846, 105.77747139315107"
39068243,08/03/2025,"Cực phẩm: Cần tiền bán nhanh The Terra 68m2 2PN 2VS. Full NT đẹp, hướng mát giá 4, x tỷ: 0968 693 ***","4,3 tỷ",68 m²,"63,24 tr/m²",2,2,"Dương Nội, Hà Đông","20.9743461608887, 105.754165649414"
42343743,08/03/2025,"Hàng hiếm tại Seasons Avenue, Mỗ Lao, Hà Đông, Hà Nội, 6,5 tỷ, 95m2","6,5 tỷ",95 m²,"68,42 tr/m²",3,2,"Mỗ Lao, Hà Đông","20.986707869644313, 105.78733811318043"
42343754,08/03/2025,"Bán CH Seasons Avenue, 80m2, 6 tỷ, view đẹp, nội thất đầy đủ",6 tỷ,80 m²,75 tr/m²,2,2,"Mỗ Lao, Hà Đông","20.987656685389453, 105.78697082518347"
42370730,08/03/2025,"Xem là mê, căn đẹp, thoáng sáng, 3 ngủ, 91m2, giá tốt nhất Samsora, nhanh không lại hụt anh chị ơi!","4,9 tỷ",85 m²,"57,65 tr/m²",3,2,"Quang Trung, Hà Đông","20.975041511571934, 105.77713632157037"
42325678,08/03/2025,Sở hữu căn hộ trong Khu đô thị Thanh Hà Cienco5,"1,5 tỷ",60 m²,25 tr/m²,2,N/A,"Kiến Hưng, Hà Đông","20.939175194244545, 105.78677792816146"
39808839,08/03/2025,Duy nhất căn duplex thông tầng 338m2 có sân vườn view hồ Văn Quán cần bán gấp. Chi tiết phía dưới,"18,8 tỷ",338 m²,"55,62 tr/m²",5,4,"Văn Quán, Hà Đông","20.979644775390625, 105.79234313964844"
42235505,08/03/2025,"Hàng Hiếm! Bán Căn Hộ 146m2 Tại The Pride Giá Chỉ 6 tỷ Thiết Kế 3N3W Sang Trọng, Full Nội Thất Mới",6 tỷ,146 m²,"41,1 tr/m²",3,3,"La Khê, Hà Đông","20.97592163319688, 105.76147628768499"
42370561,08/03/2025,"Bán căn penthouse Mulberry bàn giao thô siêu đẹp 390m2, căn thông tầng có sân vườn giá chỉ 17,x tỷ","17,3 tỷ",390 m²,"44,36 tr/m²",5,5,"Mỗ Lao, Hà Đông","20.9865188598633, 105.786399841309"
42370559,08/03/2025,"[Ảnh thật + Giá thật]-Bán căn hộ 3 ngủ, 129m2, sẵn nội thất, Giá thu nét 6.5 tỷ, siêu phẩm Hồ Gươm","6,5 tỷ",129 m²,"50,39 tr/m²",3,2,"Mỗ Lao, Hà Đông","20.979978334486617, 105.78548240596253"
40570194,08/03/2025,"Chính chủ bán căn hộ 74m2 tại Samsora, 2pn 2w, ban công ĐN, full nội thất cao cấp, giá bán 3,8 tỷ","3,8 tỷ",74 m²,"51,35 tr/m²",2,2,"Quang Trung, Hà Đông","20.973217010498, 105.778854370117"
42370540,08/03/2025,"Bán gấp Penthouse thô duy nhất tại tòa Mulberryland, Hà Đông. 390m2, giá chỉ từ 17,x tỷ.","17,35 tỷ",390 m²,"44,49 tr/m²",5,5,"Mỗ Lao, Hà Đông","20.9865188598633, 105.786399841309"
42272879,08/03/2025,Bán CCMN gần ĐH Đại Nam~60m2x5T 13 PKK full đồ/có thang máy/thoát hiểm+PCCC (Doanh thu~600tr/năm),"9,95 tỷ",60 m²,"165,83 tr/m²",13,13,"Phú Lãm, Hà Đông","20.9431325570549, 105.756949835733"
41275763,08/03/2025,"Chính chủ bán CC Seasons Avenue - Mỗ Lao - Hà Đông. DT 121m - 3PN. Đầy đủ nội thất. Giá thật 7,7 tỷ","7,7 tỷ",121 m²,"63,64 tr/m²",3,2,"Mỗ Lao, Hà Đông","20.987026214599609, 105.78683471679688"
41437026,08/03/2025,"Chính chủ bán căn 2pn - 80m tại Season Avenue - Mỗ Lao - Hà Đông. Đầy đủ nội thất. Giá thật 5,1 tỷ","5,1 tỷ",80 m²,"63,75 tr/m²",2,2,"Mỗ Lao, Hà Đông","20.987026214599609, 105.78683471679688"
41777941,08/03/2025,"Chính chủ bán căn hộ CT7HJK Dương Nội DT 57 timtg 2 ngủ, 2WC giá3 tỷ. LH: 0988 187 ***",3 tỷ,57 m²,"52,63 tr/m²",2,2,"Dương Nội, Hà Đông","20.97986524842402, 105.74391699517442"
41951852,08/03/2025,Chính chủ bán căn hộ ct7 ban công Đông Bắc view nội khu full đồ giá 2ty750tr . Lh : 0988 187 ***,"2,75 tỷ",55 m²,50 tr/m²,2,1,"Dương Nội, Hà Đông","20.9811391227586, 105.754734756229"
39807816,08/03/2025,"Bán gấp căn hộ CT7 Dương Nội DT 83.3m2 thiết kế 2PN, 2 WC giá bán 3.790tỷ, LH: 0988 187 ***","3,79 tỷ",81 m²,"46,79 tr/m²",2,2,"Dương Nội, Hà Đông","20.9798679351807, 105.743919372559"
41584939,08/03/2025,"Chính chủ bán căn 1pn dt: 54m2 ở Thiên Niên Kỷ - Hà Đông giá cực tốt sẵn sổ, nội thất giá 3.5 tỷ","3,5 tỷ",54 m²,"64,82 tr/m²",1,1,"Quang Trung, Hà Đông","20.97332, 105.77828"
42370222,08/03/2025,"Chính chủ cần bán căn hộ 78m, 2 ngủ, 2 vệ sinh, đủ nội thất, tầng 22, sổ đỏ ở Goldsilk Vạn Phúc","4,68 tỷ",78 m²,60 tr/m²,2,2,"Vạn Phúc, Hà Đông","20.978672615909264, 105.77301465375187"
41260544,08/03/2025,"Bán căn 65m2, 2 ngủ, 2 vệ sinh, full đồ, view hồ, khu 6 toà gần bể bơi. nhà như hình, ảnh thật 100%",Giá thỏa thuận,65 m²,N/A,2,2,"Kiến Hưng, Hà Đông","20.9397029876709, 105.7872543334961"
42370166,08/03/2025,Em cần bán gấp CH 58m2 2PN - 1WC Full Nội Thất - Nhà Mới - Căn Sẵn Sổ . Giá bán nhỉnh : 2.4 Tỷ,Giá thỏa thuận,58 m²,N/A,2,1,"Kiến Hưng, Hà Đông","20.951077136628943, 105.7910555898758"
37175980,08/03/2025,"BÁN CĂN 1 +1 PN, 1wc S= 48m. 2,6x tỷ. Dự án HH2 Xuân Mai complex Dương Nội",Giá thỏa thuận,48 m²,N/A,2,1,"Yên Nghĩa, Hà Đông","20.9597759246826, 105.741882324219"
42141814,08/03/2025,"Chính chủ bán căn chung cư Hà Đông: 69m, 2pn, 2wc - SDU 143 Trần Phú nhà đẹp, nội thất gỗ cao cấp","3,55 tỷ",69 m²,"51,45 tr/m²",2,2,"Văn Quán, Hà Đông","20.9775007319925, 105.78502695467"
42370042,08/03/2025,"Chị chủ nhắn bán gấp trong tháng, 3 ngủ, lô góc, tầng trung, hướng mát, giá chốt bất ngờ Goldsilk","6,8 tỷ",120 m²,"56,67 tr/m²",3,2,"Vạn Phúc, Hà Đông","20.978842791039323, 105.77181667683533"
42167131,08/03/2025,Tôi chính chủ bán căn hộ (3N - 2VS) DT 150m2 giá 7 tỷ. ĐC: Mulberry Mỗ Lao. Nội thất nhập khẩu,7 tỷ,150 m²,"46,67 tr/m²",3,2,"Mỗ Lao, Hà Đông","20.986616014026122, 105.78676202995005"
39268547,08/03/2025,"Quỹ căn ngoại giao giá tốt nhất dự án - 90,3 m2- 113m2, ký trực tiếp CĐT, có vay bank",Giá thỏa thuận,"90,3 m²",N/A,3,2,"Văn Quán, Hà Đông","20.979729457871958, 105.78756108115586"
42369978,08/03/2025,"BÁN Căn hộ Penthouses TOÀ CC CAO CẤP RAINBOW Đường 18/5 VĂN QUÁN , Hà Đông ,42Tr/m2 Lh 0914 239 ***","17,5 tỷ",415 m²,"42,17 tr/m²",6,6,"Văn Quán, Hà Đông","20.9760946700626, 105.789692837591"
40478633,08/03/2025,"Chính chủ đăng bán căn rộng nhất CT6A - 70m2, 2PN, 2WC KĐT Xa La - chấp nhận trung gian","2,89 tỷ",74 m²,"39,05 tr/m²",2,2,"Phúc La, Hà Đông","20.9624671936035, 105.792366027832"
39961437,08/03/2025,"Bán gấp, chấp nhận cắt lỗ - Căn góc 2ngủ BC Đông Nam cực hiếm CT6A KĐT Xa La: 67m2, SĐCC - TL sâu","2,75 tỷ",67 m²,"41,04 tr/m²",2,2,"Phúc La, Hà Đông","20.9624671936035, 105.792366027832"
42369840,08/03/2025,CHUNG CƯ KEPLER LAND MỖ LAO - 1PN - 2PN -3PN - NHẬN BOOKING ĐỂ NHẬN CHIẾU KHẤU KHI MUA CĂN HỘ,Giá thỏa thuận,66 m²,N/A,2,2,"Mỗ Lao, Hà Đông","20.98372194867294, 105.78620317464902"
42218340,08/03/2025,"Bán căn hộ CT3 Văn Khê, Hà Đông, dt 105 m2, 3 PN, 2 phụ, nội thất đẹp, giá 5,6 tỷ","5,6 tỷ",105 m²,"53,33 tr/m²",3,2,"La Khê, Hà Đông","20.972884480715955, 105.76123106111814"
42308431,08/03/2025,Chính chủ tôi bán 3Pn full đồ 6.8 tỷ tại Seasons Avenue - Mỗ Lao. LH: 0364 079 ***,"6,8 tỷ",100 m²,68 tr/m²,3,2,"Mỗ Lao, Hà Đông","20.987427060687267, 105.78744180403446"
42284657,08/03/2025,Hàng hiếm tại Tòa Tháp Thiên Niên Kỷ căn góc view đường trên cao DT 115m2 3 ngủ 2 VS giá 6.5 tỷ,"6,5 tỷ",115 m²,"56,52 tr/m²",3,2,"Quang Trung, Hà Đông","20.973250398518, 105.777650070006"
42146421,08/03/2025,"Bán căn hộ duy nhất tại Anland LakeView Dt 120 m2 3 ngủ 2 vs + sân vườn, view Hồ thoáng giá 7.5 tỷ","7,5 tỷ",120 m²,"62,5 tr/m²",3,2,"Dương Nội, Hà Đông","20.982489311024853, 105.75747303796155"
33231156,08/03/2025,"Hiếm siêu rẻ chỉ 7,x tỷ DT 139m2 căn to nhất Seasons Avenue S4 - 0981 960 ***",Giá thỏa thuận,139 m²,N/A,4,2,"Mỗ Lao, Hà Đông","20.9870262145996, 105.786834716797"
41320007,08/03/2025,Chỉ hơn 5 tỷ đã sở hữu 3pn chung cư Fodacon mặt đường Trần Phú Hà Đông - 0981 960 ***,"5,5 tỷ",112 m²,"49,11 tr/m²",3,N/A,"Mỗ Lao, Hà Đông","20.9729290923009, 105.778909642788"
33576389,08/03/2025,Hiếm ra slot oto căn 137m2 thiết kế vuông vắn nhất Mulberry không mua quá phí,"5,9 tỷ",137 m²,"43,07 tr/m²",3,2,"Mỗ Lao, Hà Đông","20.9865188598633, 105.786399841309"
41912741,08/03/2025,Lần đầu tiên xuất hiện 6pn căn hộ đập thông 225m2 Seasons Avenue chỉ từ 15 tỷ - 0981 960 ***,15 tỷ,225 m²,"66,67 tr/m²",6,4,"Mỗ Lao, Hà Đông","20.98690759362861, 105.78673343288763"
42045629,08/03/2025,"Gấp! Chuyển công tác để lại suất căn góc 3PN The Charm, view ĐôngNam tầng15, giá tôi mua sớm rất rẻ",Giá thỏa thuận,96 m²,N/A,3,2,"La Khê, Hà Đông","20.974617726924972, 105.76073221181308"
42311079,08/03/2025,Chính chủ! Nhượng lại suất cán bộ cấp cao 2PN 77m2 giá ngoại giao rẻ hơn thị trường 3.8 triệu/m2,Giá thỏa thuận,77 m²,N/A,2,2,"La Khê, Hà Đông","20.9748302037327, 105.760823200749"
42326487,08/03/2025,"Cần bán CC Mulberry Lane Mỗ Lao, tòa D, 129.1m2 (4PN+2WC), sẵn sổ giao dịch, tiện nghi đầy đủ","7,49 tỷ","129,1 m²",58 tr/m²,4,2,"Mỗ Lao, Hà Đông","20.987321718904184, 105.78632563746497"
42326604,08/03/2025,"Bán CC tại Mulberry Land 3N + 2VS tòa B tầng trung, full nội thất","8,16 tỷ",154 m²,53 tr/m²,3,2,"Mỗ Lao, Hà Đông","20.986525768894342, 105.78647794860959"
42335942,08/03/2025,"Bán CC Seasons Avenue, Mỗ Lao, Hà Đông 80.68m2 (2PN + 2VS) full nội thất","6,05 tỷ","80,68 m²",75 tr/m²,2,2,"Mỗ Lao, Hà Đông","20.987134298080147, 105.78721457286588"
42337047,08/03/2025,"Bán CC 3PN 90m2 tại The Terra An Hưng 90m2 (3N + 2VS) full đồ, view KĐT Dương Nội","6,12 tỷ",90 m²,68 tr/m²,3,2,"La Khê, Hà Đông","20.972759732939256, 105.7565602818292"
42336800,08/03/2025,"Bán CC The Terra An Hưng La Khê, Hà Đông 74m2 (2PN+2WC) full đồ view kđt Dương Nội Siêu thoáng mát","4,81 tỷ",74 m²,65 tr/m²,2,2,"La Khê, Hà Đông","20.97316041578184, 105.75726688435142"
42318002,08/03/2025,"Bán căn hộ chung cư Samsora Premier, 4,88 tỷ, 73m2, 3PN, 2WC, full nội thất mới tinh","4,88 tỷ",73 m²,"66,85 tr/m²",3,2,"Quang Trung, Hà Đông","20.97439426018397, 105.7774752727761"
42339631,08/03/2025,Căn 3 ngủ 90m2 The Tera An Hưng giá siêu tốt tầng đẹp hướng Đông Nam sổ sẵn giao dịch,"6,12 tỷ",90 m²,68 tr/m²,3,2,"La Khê, Hà Đông","20.97239384671745, 105.75734128415174"
42284978,08/03/2025,"Bán căn hộ CC view đẹp tại Samsora Premier, 4,3 tỷ, 71m2, Hà Đông, Hà Nội","4,3 tỷ",71 m²,"60,56 tr/m²",N/A,N/A,"Quang Trung, Hà Đông","20.975103519263826, 105.776615878047"
42358404,08/03/2025,"Bán gấp căn 56m2 CT7 Dương Nội, 2pn, sẵn nội thất. Giá 2.9 tỷ có thương lượng","2,9 tỷ",56 m²,"51,79 tr/m²",2,1,"Dương Nội, Hà Đông","20.979924023025042, 105.74339029682464"
42312261,08/03/2025,"Bán CH 73m2, 2PN, 2WC tại The Pride, full đồ, nhà đẹp, tầng trung, hướng mát, giá rẻ",Giá thỏa thuận,73 m²,N/A,2,2,"La Khê, Hà Đông","20.976084750668864, 105.7615338158008"
42369441,08/03/2025,"Tôi có 15 căn ngoại giao Toà Ct4 Yên Nghĩa từ 67m2-101m2 thiết kế 2PN-3PN giá từ 45,5tr/m2","3,35 tỷ",67 m²,50 tr/m²,2,1,"Yên Nghĩa, Hà Đông","20.954816553429, 105.74071043803713"
42355161,08/03/2025,"( Không đăng ảo) Bán CC 3PN 2WC tại Samsora Premier, 5,2 tỷ, 90m2, Q. Hà Đông","5,2 tỷ",90 m²,"57,78 tr/m²",3,2,"Quang Trung, Hà Đông","20.974937023512258, 105.77770117345446"
41229048,08/03/2025,"Bán căn hộ 1124 67m2, 2 ngủ, 2 vệ sinh, view hồ Khu B1.3. Full nội thất như hình. Ảnh thật 100%",Giá thỏa thuận,67 m²,N/A,2,2,"Kiến Hưng, Hà Đông","20.9397029876709, 105.7872543334961"
41495289,08/03/2025,"Bán căn hộ 3 pn đầy đủ nội thất gần siêu thị Aeon Mall Hà Đông, hướng Nam mát mẻ","7,47 tỷ",166 m²,45 tr/m²,3,3,"La Khê, Hà Đông","20.9710703918425, 105.760024434711"
42366127,08/03/2025,Bán nhà riêng 103m tại hà đông,20 tỷ,103 m²,"194,18 tr/m²",17,17,"Phúc La, Hà Đông","20.9669822131397, 105.790150276842"
42369274,08/03/2025,Bán căn hộ sân vườn 116m2 3 ngủ 2vs tại chung cư HPC Landmark Tố Hữu Hà Đông,"6,55 tỷ",116 m²,"56,47 tr/m²",3,2,"La Khê, Hà Đông","20.973669093778817, 105.75863304132973"
42312627,08/03/2025,"Bán CC đẹp xuất sắc tại Tòa Tháp Thiên Niên Kỷ, 54m2 1n 1vs, nhà đẹp tầng trung hướng mát, giá rẻ","3,68 tỷ",54 m²,"68,15 tr/m²",1,1,"Quang Trung, Hà Đông","20.9738181885737, 105.77806118554773"
42360683,08/03/2025,"Căn hộ sở hữu lâu dài từ 4 tỷ tại The Charm An Hưng giá 70tr/m2, ngân hàng htls 0% 15 tháng","3,78 tỷ",54 m²,70 tr/m²,2,2,"La Khê, Hà Đông","20.97477182199503, 105.76056015679302"
42350188,08/03/2025,"Cần bán 2 căn 112m2 view hồ, sổ lâu dài giá chỉ 6x tr/m2. Hàng độc trên thị trường",Giá thỏa thuận,"112,6 m²",N/A,3,2,"Văn Quán, Hà Đông","20.979504213006944, 105.78723271176484"
42334732,08/03/2025,"Hàng hiếm! Bán gấp căn 2PN 88m2 Đông Nam HPC Landmark giá rẻ chỉ 4,8 tỷ có thương lượng","4,8 tỷ",88 m²,"54,54 tr/m²",2,2,"La Khê, Hà Đông","20.973450380720415, 105.75959785628537"
40337615,08/03/2025,"Hàng hiếm! Bán nhanh 3PN giá 5,4 tỷ (full đồ, sổ sẵn, ở ngay) diện tích: 114m2 3PN 2VS","5,4 tỷ",114 m²,"47,37 tr/m²",3,2,"Mỗ Lao, Hà Đông","20.9865188598633, 105.786399841309"
40363608,08/03/2025,"Bán căn hộ Season Avenue 75m2, 2PN 2VS. Full nội thất đẹp. Giá bán 4,8 tỷ tầng trung, hướng đẹp","4,8 tỷ",75 m²,64 tr/m²,2,2,"Mỗ Lao, Hà Đông","20.9870262145996, 105.786834716797"
40796164,08/03/2025,"Hàng hiếm! Chính chủ cần bán gấp căn hộ 98m2 với 3PN 2W giá chỉ 4,2 tỷ tại The Pride Hải Phát","4,2 tỷ",98 m²,"42,86 tr/m²",3,2,"La Khê, Hà Đông","20.9760246276855, 105.761596679688"
42273063,08/03/2025,"Hàng hiếm! Chính chủ bán nhanh căn hộ 90m2 3PN 2WC chung cư CT4 Yên Nghĩa đẹp nhất khu. Giá 3,8 tỷ","3,8 tỷ",90 m²,"42,22 tr/m²",3,2,"Yên Nghĩa, Hà Đông","20.95425298882129, 105.74120386119489"
42363944,08/03/2025,"5 suất ngoại giao giá rẻ tại The Charm An Hưng, Căn đẹp 05,07,08 tháp A,B tầng trung cam kết có căn","5,2 tỷ",72 m²,"72,22 tr/m²",2,2,"La Khê, Hà Đông","20.9743505226663, 105.76097084787"
40704738,08/03/2025,"Bán căn hộ 90m2, 3pn, 2VS CC Terra An Hưng. Full nội thất đẹp. Giá bán 5 tỷ tầng trung, hướng đẹp",5 tỷ,90 m²,"55,56 tr/m²",3,2,"Dương Nội, Hà Đông","20.9743461608887, 105.754165649414"
42313139,08/03/2025,"Hàng hiếm! Bán suất ngoại giao 54m2 căn 07,08 tầng 16 dự án The Charm An Hưng giá 72tr/m2","3,89 tỷ",54 m²,72 tr/m²,2,1,"La Khê, Hà Đông","20.9745328951682, 105.76021832036"
42085892,08/03/2025,"Bán căn hộ chung cư Anland LakeView, 71 triệu/m2, 78 m2, 2PN, 2WC, đẹp, nhiều tiện ích","5,54 tỷ",78 m²,71 tr/m²,2,2,"Dương Nội, Hà Đông","20.9822336515526, 105.757448990323"
42307890,08/03/2025,"5 suất ngoại giao giá cực tốt dự án The Charm An Hưng, Ck 3% TTS, ân hạn gốc lãi 18 tháng","5,18 tỷ",72 m²,"71,94 tr/m²",2,2,"La Khê, Hà Đông","20.9743021563761, 105.760924695249"
42334973,08/03/2025,"Bán gấp chung cư 2PN, 2WC tại KĐT Xa La, 3 tỷ, 70m2, Hà Đông, HN chính chủ bao đẹp",3 tỷ,70 m²,"42,86 tr/m²",2,2,"Phúc La, Hà Đông","20.9625589979388, 105.792934728569"
42349945,08/03/2025,"Chuyển lên trung tâm, GĐ thiện chí bán căn hộ 2pn 2vs 73m2 nhà đẹp, có sổ giá 3.65 tỷ","3,65 tỷ",73 m²,50 tr/m²,2,2,"La Khê, Hà Đông","20.9755687020742, 105.760894386092"
41554025,08/03/2025,"Bán nhà rẻ 3 ngủ Xa La Hà Đông , Full NT, giá 2.9 tỷ lh 0981 780 ***","2,9 tỷ",84 m²,"34,52 tr/m²",3,2,"Phúc La, Hà Đông","20.974381884804, 105.781782253734"
41969842,08/03/2025,Chính chủ bán penthouse Park Kiara full nội thất cao cấp 5 sao,30 tỷ,200 m²,150 tr/m²,3,3,"La Khê, Hà Đông","20.9635809943809, 105.756797418108"
40406628,08/03/2025,"Siêu rẻ căn Góc 58m2 tk 2pn, tòa TTTM Xa La, Hà Đông, tầng đẹp. LH 0981 780 ***","1,6 tỷ",58 m²,"27,59 tr/m²",2,1,"Phúc La, Hà Đông","20.9624671936035, 105.792366027832"
42368781,08/03/2025,Nhỉnh 4 tỷ nhận nhà ở ngay 146m2 . Thanh toán tiến độ 2 năm,Giá thỏa thuận,146 m²,N/A,4,2,"Mỗ Lao, Hà Đông","20.979097186647, 105.785490621419"
42077056,08/03/2025,Chính Chủ Cần Bán Căn Hộ The Pride Tố Hữu Hà Đông 103m Thoáng Đẹp,"4,9 tỷ",103 m²,"47,57 tr/m²",3,4,"La Khê, Hà Đông","20.97591929637108, 105.76203843446413"
42356779,08/03/2025,"Chính chủ e cần bán gấp căn hộ 86m2, 2pn CT8 Dương Nội, ban công Đông Nam, giá 3.7 tỷ","3,7 tỷ",86 m²,"43,02 tr/m²",2,2,"Dương Nội, Hà Đông","20.979213423162257, 105.74339350719619"
42332034,08/03/2025,"Cần bán gấp căn góc 123m2 CT8 Dương Nội, 3 phòng ngủ đầy đủ nội thất. Lh 0383 256 ***",Giá thỏa thuận,123 m²,N/A,3,2,"Dương Nội, Hà Đông","20.980243571656793, 105.74376051192716"
42362140,08/03/2025,"Bán căn 86m CT8 Dương Nội, full nội thất mới làm, 2 phòng ngủ , giá 3.xx tỷ",Giá thỏa thuận,86 m²,N/A,2,2,"Dương Nội, Hà Đông","20.979690211096703, 105.74361589718008"
42335293,08/03/2025,"Cần bán gấp căn góc 55m2 tòa CT7HJk Park View Dương Nội, 2PN 2VS. LH 0383 256 ***",3 tỷ,55 m²,"54,54 tr/m²",2,2,"Dương Nội, Hà Đông","20.979590813540216, 105.7436498349048"
42204728,08/03/2025,"Cần bán gấp căn hộ 86m2, 3 phòng ngủ tòa CT8D Dương Nội, full nội thất ở luôn",Giá thỏa thuận,86 m²,N/A,3,2,"Dương Nội, Hà Đông","20.9797588353487, 105.74401199976437"
42326089,08/03/2025,"Chính chủ bán gấp căn hộ 2PN CT8 Dương Nội, sẵn nội thất, giá 3.Xx tỷ",Giá thỏa thuận,84 m²,N/A,2,2,"Dương Nội, Hà Đông","20.979611792799243, 105.743625677265"
41988211,08/03/2025,"Chính chủ e cần bán gấp căn 3 phòng ngủ tòa CT8D Dương Nội, dt 86m, full nội thất vào ở luôn",Giá thỏa thuận,86 m²,N/A,3,2,"Dương Nội, Hà Đông","20.97992594662691, 105.74446278869604"
40790376,08/03/2025,"Cần bán căn 49m2 tòa HH2 Xuân Mai Complex, TK 1.5N sẵn nội thất ở luôn",Giá thỏa thuận,49 m²,N/A,2,1,"Yên Nghĩa, Hà Đông","20.9597759246826, 105.741882324219"
42201519,08/03/2025,Cần bán gấp căn 107m2 tòa Ct7 Dương Nội. 3PN sẵn nội thất. Giá 4. Xx tỷ,Giá thỏa thuận,107 m²,N/A,3,2,"Dương Nội, Hà Đông","20.979523100836673, 105.74346110897233"
41777747,08/03/2025,"Chính chủ cần bán gấp căn hộ 86m2 CT8 Dương Nội, TK 2Pn, nhà nguyên bản, giá 3.xx tỷ",Giá thỏa thuận,86 m²,N/A,2,2,"Dương Nội, Hà Đông","20.9797279335606, 105.74429700016"
42368694,08/03/2025,Bán nhanh căn 3n 98m full đồ đẹp tại Thiên niên kỷ,"7,2 tỷ",98 m²,"73,47 tr/m²",3,2,"Quang Trung, Hà Đông","20.973302149259382, 105.7782920887133"
42360300,08/03/2025,"Cần bán gấp căn góc 83m2 CT7 Dương Nội, 2PN, nhà nguyên bản. Giá 3.xx tỷ. LH 0383 256 ***",Giá thỏa thuận,83 m²,N/A,2,2,"Dương Nội, Hà Đông","20.97976734530114, 105.74354433459493"
42356808,08/03/2025,"Chính chủ bán gấp căn hộ 123m2 căn góc đẹp CT8 Dương Nội, 3Pn, full nội thất, giá 5. X tỷ",Giá thỏa thuận,123 m²,N/A,3,2,"Dương Nội, Hà Đông","20.979466829545707, 105.74396214091591"
42169298,08/03/2025,"Chính chủ bán gấp căn hộ 54m CT7 Dương Nội, full nội thất mới đẹp, giá 2.xy tỷ",Giá thỏa thuận,54 m²,N/A,2,1,"Dương Nội, Hà Đông","20.979733306463277, 105.74400531200735"
39414186,08/03/2025,Tôi chủ nhà cần bán căn hộ chung cư HPC Landmark căn hộ được thiết kế với 3PN - 2VS giá 6tỷ,6 tỷ,107 m²,"56,08 tr/m²",3,2,"La Khê, Hà Đông","20.973667144775391, 105.75871276855469"
42368888,08/03/2025,Bán căn góc 3 ngủ khu nhà ở Bộ tư Lệnh thủ đô Yên Nghĩa Hà đông giá hơn 3 tỷ,"3,3 tỷ",77 m²,"42,86 tr/m²",3,N/A,"Yên Nghĩa, Hà Đông","20.954064748611152, 105.74094063553335"
40763635,08/03/2025,"Siêu hot. Bán căn góc 62m2 tòa CT6 Xa La, 2n 2vs, nhà đẹp giá 1,8 tỷ. LH 0981 780 ***",Giá thỏa thuận,62 m²,N/A,2,2,"Phúc La, Hà Đông","20.962467193603516, 105.79236602783203"
41183650,08/03/2025,"Nhà cần căn hộ 4 phòng ngủ tòa K35 chung cư HPC Landmark 105, Hà Đông 134m2 thiết kế 4PN, 2wc","7,5 tỷ",134 m²,"55,97 tr/m²",4,2,"La Khê, Hà Đông","20.973667144775391, 105.75871276855469"
42368850,08/03/2025,Bán căn 90m2 3 ngủ dự án Xuân Mai Riverside hà đông giá siêu tốt Chỉ 5.x tr/m2,"4,8 tỷ",90 m²,"53,33 tr/m²",3,N/A,"Mỗ Lao, Hà Đông","20.984824064592704, 105.77953738827392"
40728343,08/03/2025,"Siêu rẻ! Bán căn hộ 3 ngủ tầng đẹp xala Hà Đông , giá 3, 2 tỷ. LH 0981 780 ***","3,2 tỷ",89 m²,"35,96 tr/m²",3,2,"Phúc La, Hà Đông","20.961841583252, 105.795524597168"
42271260,08/03/2025,"Bán căn hộ 3PN, 2WC tại Hồ Gươm Plaza, Trần Phú, Mỗ Lao, Hà Đông, giá 45tr/m2 rẻ nhất thị trường","6,34 tỷ",141 m²,45 tr/m²,3,2,"Mỗ Lao, Hà Đông","20.979461162314553, 105.78508533800425"
40948633,08/03/2025,"Hàng hiếm! Giá cực tốt, bán gấp căn hộ 77m2 tòa CT10 đại thanh giá 2.8 tỷ, full NT. LH 0981 780 ***","2,5 tỷ",77 m²,"32,47 tr/m²",3,3,"Phúc La, Hà Đông","20.9624671936035, 105.792366027832"
41018478,08/03/2025,"BÁN CĂN 2 PN, 1wc. S= 55m.tòa A.B.C. Full đồ. Gía 2,x tỷ. Dự án chung cư HH2 Xuân Mai complex",Giá thỏa thuận,75 m²,N/A,2,2,"Yên Nghĩa, Hà Đông","20.959775924682617, 105.74188232421875"
42245781,08/03/2025,"Chủ nhà thiện chí bán 3PN2WC full đồ, slot xe tại Mulberry Lane. Giá: 5.69 tỷ (có TL + hỗ trợ vay)","5,69 tỷ","99,5 m²","57,19 tr/m²",3,2,"Mỗ Lao, Hà Đông","20.986252059044475, 105.78618039662615"
42330576,08/03/2025,"Chính chủ bán căn góc 86m2 CT6 Xa La, 3 ngủ, 2 vệ sinh cực thoáng giá 3 tỷ hơn tý. LH 0981 780 ***",Giá thỏa thuận,86 m²,N/A,3,2,"Phúc La, Hà Đông","20.962000783850886, 105.79203543858614"
40948806,08/03/2025,"Bán nhanh căn hộ tầng trung tại Xa La, Hà Đông. 84m2 tk 3pn, 2vs nhà đẹp. SĐCC. LH 0981 780 ***","3,5 tỷ",84 m²,"41,67 tr/m²",3,2,"Phúc La, Hà Đông","20.9624671936035, 105.792366027832"
30003946,08/03/2025,Chuyển nhượng quỹ căn hot 1N-2N-3N từ 3x tỷ đến 6x tỷ tại tòa Thiên Niên Kỷ Hà Đông,Giá thỏa thuận,62 m²,N/A,2,2,"Quang Trung, Hà Đông","20.9784491458761, 105.781543731689"
42362240,08/03/2025,"Quỹ căn ngoại giao căn 1 ngủ - 2 ngủ giá tốt, hỗ trợ vay tại Keper Land - 0916 256 ***","5,69 tỷ",72 m²,79 tr/m²,2,2,"Mỗ Lao, Hà Đông","20.98527204598475, 105.78035560542617"
41025046,08/03/2025,"Không còn căn rẻ hơn, bán căn hộ 71,6 m2 2 ngủ 2wc tại tòa HH2E Xuân Mai Dương Nội","3,25 tỷ","71,6 m²","45,39 tr/m²",2,2,"Dương Nội, Hà Đông","20.9846420288086, 105.774719238281"
41455386,08/03/2025,"Bán căn hộ hàng Net tại toà HH2L Xuân Mai Tố Hữu. 55m2 2 ngủ 2wc full nội thất, sổ đỏ chính chủ","2,86 tỷ",55 m²,52 tr/m²,2,2,"Yên Nghĩa, Hà Đông","20.959775924682617, 105.74188232421875"
42159793,08/03/2025,"Nhà đẹp giá rẻ, Bán căn hộ 69.5m2 2 ngủ 2wc tại tòa CT4 Xa la giá chỉ 3.2 tỷ","3,2 tỷ","69,5 m²","46,04 tr/m²",2,2,"Phúc La, Hà Đông","20.962452277717748, 105.79240547877541"
42150298,08/03/2025,Nhà siêu đẹp mà giá rẻ bất ngờ tại CT7H Xuân Mai Dương Nội căn hộ 72m2 2 ngủ 2wc giá chỉ 3.6 tỷ,"3,6 tỷ",72 m²,50 tr/m²,2,2,"Dương Nội, Hà Đông","20.96479542953706, 105.7499132912647"
42150381,08/03/2025,Chỉ 2.8x tỷ để sở hữu căn hộ 55m2 2 ngủ tại dự án Xuân Mai Dương Nội mặt đường Tố Hữu. Nhà mới đẹp,"2,88 tỷ",55 m²,"52,36 tr/m²",2,1,"Dương Nội, Hà Đông","20.964201364453032, 105.74975813373968"
42368162,08/03/2025,"Bán căn hộ chung cư TSQ, KĐT Mỗ Lao, Hà Đông, Hà Nội","12,8 tỷ",225 m²,"56,89 tr/m²",4,3,"Mỗ Lao, Hà Đông","20.97833444049228, 105.78338713766372"
41151039,08/03/2025,"Bán căn hộ góc 92m2, 3 ngủ, 2 vệ sinh. Khu 3 toà B1.3 HH03B. Full nội thất như hình, ảnh thật 100%",Giá thỏa thuận,92 m²,N/A,3,2,"Kiến Hưng, Hà Đông","20.955067802767, 105.790050974457"
41701799,08/03/2025,"Cần bán gấp căn hộ CT7 Dương Nội DT 62m2 căn góc 2 ngủ, 1 wc đủ đồ. Lh: 0988 187 ***","3,1 tỷ",62 m²,50 tr/m²,2,1,"Dương Nội, Hà Đông","20.98102, 105.7549"
41912288,08/03/2025,"Bán căn hộ CT8 Dương Nội dt 86m2, 3 ngủ, 2 wc đủ đồ. Lh: 0988 187 ***","3,85 tỷ",86 m²,"44,77 tr/m²",3,2,"Dương Nội, Hà Đông","20.980598528313095, 105.74337015589069"
42061822,08/03/2025,"Bán gấp căn hộ Ct7hjk dt 55m căn góc 2 ngủ , 2 wc đủ đồ giá 2ty970tr . Lh : 0988 187 ***","2,97 tỷ",55 m²,54 tr/m²,2,2,"Dương Nội, Hà Đông","20.980440555719678, 105.75468292409538"
10348628,08/03/2025,"Bán gấp CHCC Dương Nội rộng 86m2 2 ngủ, 2WC, loza, đủ đồ giá 3.7tỷ. LH: 0988 187 ***","3,7 tỷ",86 m²,"43,02 tr/m²",2,2,"Dương Nội, Hà Đông","20.9810199737549, 105.754898071289"
40204937,08/03/2025,Cần bán gấp căn hộ CT7 Dt 107m2 đủ nội thất giá 4.9 tỷ . Lh: 0988 187 ***,Giá thỏa thuận,107 m²,N/A,3,2,"Dương Nội, Hà Đông","20.9643268585205, 105.749549865723"
29550858,08/03/2025,"Bán CHCC CT7H, J, K Dương Nội rộng 57m2, 2PN, 2WC giá 3.180tỷ. LH: 0988 187 ***","3,18 tỷ",57 m²,"55,79 tr/m²",2,2,"Dương Nội, Hà Đông","20.9798679351807, 105.743919372559"
29527010,08/03/2025,Bán căn hộ CT7 KĐT mới Dương Nội DT 56.5m2 ban công Đông Nam đủ nội thất giá 2ty85. LH: 0988 187 ***,"2,85 tỷ","56,5 m²","50,44 tr/m²",2,1,"Dương Nội, Hà Đông","20.9810199737549, 105.754898071289"
42264254,08/03/2025,"Bán gấp căn hộ 73m2 chỉ 3.7x tỷ SĐCC tại The Pride Hải Phát, La Khê, Hà Đông",Giá thỏa thuận,73 m²,N/A,2,2,"La Khê, Hà Đông","20.975347635022793, 105.7616835658956"
42315952,08/03/2025,Ra hàng dự án The Charm An Hưng,Giá thỏa thuận,"90,8 m²",N/A,3,2,"La Khê, Hà Đông","20.9742258623285, 105.761283632678"
42266966,08/03/2025,"Giá cực sốc! Chỉ 3.15 tỷ căn hộ 2pn, 2wc tại HH2 Xuân Mai Complex, Dương Nội","3,15 tỷ",62 m²,"50,81 tr/m²",2,2,"Yên Nghĩa, Hà Đông","20.960190355506573, 105.74185011947442"
42368150,08/03/2025,"Bán nhà Dịch vụ 106m2, 6 tầng thang máy, 17P khép kín, ôtô tận cửa Giáp KĐT Văn Quán, Hà Đông","19,8 tỷ",106 m²,"186,79 tr/m²",17,18,"Phúc La, Hà Đông","20.9741329433667, 105.786335089272"
42368138,08/03/2025,"Bán CC Xuân Mai Riverside, 5,4 tỷ, 98m2, 3PN, 2WC đẹp xuất sắc ở Hà Đông, HN","5,4 tỷ",98 m²,"55,1 tr/m²",3,2,"Mỗ Lao, Hà Đông","20.98435586154853, 105.77890764562883"
42368135,08/03/2025,"Gia đình Em bán căn góc 95 m2 - 3pn full nội thất view thoáng ở Booyoung,Phường Mỗ Lao, giá 5,5 tỷ","5,5 tỷ",95 m²,"57,9 tr/m²",3,2,"Mỗ Lao, Hà Đông","20.982771381521367, 105.78351125654983"
39197201,08/03/2025,"Hot: GĐ mới mua bt nên bán The Terra An Hưng 90m2 3PN 2VS full NT hướng mát giá yêu thương 5,x tỷ","5,5 tỷ",90 m²,"61,11 tr/m²",4,2,"Dương Nội, Hà Đông","20.9743461608887, 105.754165649414"
40769708,08/03/2025,"Siêu phẩm: Cần tiền bán nhanh The Pride 75m2 2PN 2VS. Full NT, hướng mát giá chỉ 3,x tỷ BTP","3,75 tỷ",75 m²,50 tr/m²,2,2,"La Khê, Hà Đông","20.976024627685547, 105.7615966796875"
42367880,08/03/2025,"Chính chủ Bán Gấp căn Góc 2PN, 2WC, 57m2 giá 3,x tỷ tòa HH2K CC Xuân Mai Complex, Tố Hữu, Hà Đông.","3,15 tỷ",57 m²,"55,26 tr/m²",2,2,"Yên Nghĩa, Hà Đông","20.959761216063605, 105.74180488591655"
42160865,08/03/2025,Cần bán gấp căn 3PN 2WC (116m2) tại Seasons Avenue - Giá 6.7 tỷ (có thương lượng). Cam kết giá thật,"6,7 tỷ",111 m²,"60,36 tr/m²",3,2,"Mỗ Lao, Hà Đông","20.986631630392743, 105.78627119177149"
42310043,08/03/2025,Đã có bảng giá chính thức Cc cao cấp The Charm An Hưng- Hà Đông giá từ 70 triệu/met,"5,04 tỷ",72 m²,70 tr/m²,2,2,"La Khê, Hà Đông","20.97521108598382, 105.75998901888798"
42367642,08/03/2025,"GIÁ SIÊU TỐT!. Thiện chí bán Gấp căn 73m2 giá 3,7x tỷ Chung cư The Pride, Tố Hữu, Hà Đông. Full đồ","3,75 tỷ",73 m²,"51,37 tr/m²",2,2,"La Khê, Hà Đông","20.975956153219943, 105.76110737839112"
42338442,08/03/2025,"Bán căn hộ chung cư tại Samsora Premier, 4,5 tỷ, 78 m2, Full nội thất mới xịn, khách mua về ở ngay","4,5 tỷ",78 m²,"57,69 tr/m²",3,2,"Quang Trung, Hà Đông","20.975032231095597, 105.77703561732874"
42304996,08/03/2025,"Cần bán gấp căn hộ tầng trung - 3 ngủ, 2vs full nội thất đẹp tại KĐT Văn Khê giá đầu tư",5 tỷ,135 m²,"37,04 tr/m²",3,2,"La Khê, Hà Đông","20.972496329121523, 105.76166148644245"
42299431,08/03/2025,"Rẻ nhất thị trường, chính chủ bán gấp CHCC full nội thất 52,3m2 2 PN CT4C Xa La, Hà Đông",Giá thỏa thuận,"52,3 m²",N/A,2,1,"Phúc La, Hà Đông","20.963255510595154, 105.79280677030714"
37540632,08/03/2025,Chính chủ cần bán rẻ căn hộ chung cư Thanh Hà,"1,5 tỷ",65 m²,"23,08 tr/m²",N/A,N/A,"Kiến Hưng, Hà Đông","20.93979244744473, 105.78734560511067"
42342610,08/03/2025,"Thiện chí bán gấp căn hộ 53m2, 2PN giá 2,5x tỷ chung cư CT4 Xa La, Hà Đông. Full nội thất","2,58 tỷ",53 m²,"48,68 tr/m²",2,1,"Phúc La, Hà Đông","20.96252546347888, 105.79236535450724"
42367679,08/03/2025,"Bán căn hộ 69m đầy đủ nội thất chung cư Sông Nhuệ. 2 ngủ, SĐCC. Chỉ với 2.9 tỷ",Giá thỏa thuận,69 m²,N/A,2,1,"Kiến Hưng, Hà Đông","20.959671203723882, 105.79890232344366"
42367476,08/03/2025,"Bán gấp căn 86m2, 3PN, tầng Trung, full nội thất chỉ 3,x tỷ tòa CT8C The Spark Dương Nội, Hà Đông.","3,95 tỷ",86 m²,"45,93 tr/m²",3,2,"Dương Nội, Hà Đông","20.979518881952213, 105.74452576286541"
42315178,08/03/2025,"(Nhà đẹp) cần bán căn hộ 3N 2W 78m2 Samsora, full nội thất sẵn sổ giao dịch ngay","4,6 tỷ",78 m²,"58,97 tr/m²",3,2,"Quang Trung, Hà Đông","20.9742487444401, 105.777247307413"
42299597,08/03/2025,"[Nhà Siêu Đẹp] Cần bán căn hộ 2N2W 74m GOLDSILK, nội thất siêu đẹp sẵn sổ giao dịch ngay",5 tỷ,74 m²,"67,57 tr/m²",2,2,"Vạn Phúc, Hà Đông","20.978138689739044, 105.77295788747949"
42367586,08/03/2025,"Bán căn 67.4m2 CT1 Yên Nghĩa siêu đẹp 2PN, 2VS, mua k ở cho thuê 8 triệu/tháng, siêu hời",Giá thỏa thuận,"67,4 m²",N/A,2,2,"Yên Nghĩa, Hà Đông","20.9548617148157, 105.745150691712"
41120144,08/03/2025,"Bán căn 2 PN, 2WC S = 57m2 tim tường. Có đồ. Gía 3,03 tỷ dự án CT7 Dương Nội","3,03 tỷ",57 m²,"53,16 tr/m²",2,2,"Dương Nội, Hà Đông","20.979867935180664, 105.74391937255859"
38632005,08/03/2025,"BÁN CĂN 2 PN, S= 65 có đồ. Gía 3.1x tỷ. Dự án Chung cư Xuân Mai complex Dương Nội",Giá thỏa thuận,65 m²,N/A,2,1,"Yên Nghĩa, Hà Đông","20.9597759246826, 105.741882324219"
42367303,08/03/2025,"Bán CC Sails Tower (Sông Nhuệ), 2,9 tỷ, 69m2, view đẹp, Cầu Bươu, Hà Đông, Hà Nội","2,9 tỷ",69 m²,"42,03 tr/m²",2,2,"Kiến Hưng, Hà Đông","20.959626716347707, 105.79823689401442"
41023649,08/03/2025,"Hot - Bán căn góc 4PN + 3WC diện tích 225m2, chung cư TSQ-Euroland, giá 12 tỷ. LH 0946 165 ***",12 tỷ,225 m²,"53,33 tr/m²",4,3,"Mỗ Lao, Hà Đông","20.983457565307617, 105.78564453125"
38964674,08/03/2025,"Bán gấp căn 70m2, 2PN + 1WC, chung cư TSQ - Euroland, giá nhỉnh 4 tỷ. 0966 152 ***",Giá thỏa thuận,70 m²,N/A,2,1,"Mỗ Lao, Hà Đông","20.9834575653076, 105.78564453125"
41741005,08/03/2025,"Hot - Bán căn hộ 73m2, 2pn + 2wc tòa Xuân Mai Reverside, Mỗ Lao, giá 4.1 tỷ LH chị Thuý 0966 152 ***","4,1 tỷ",73 m²,"56,16 tr/m²",2,2,"Mỗ Lao, Hà Đông","20.985193252563477, 105.7790298461914"
39074775,08/03/2025,"Bán căn 3 PN +2WC, ban công Đông Bắc 128m2, CC Muberry Lane, Mỗ Lao chỉ nhỉnh 7 tỷ có slot ôtô",Giá thỏa thuận,128 m²,N/A,3,2,"Mỗ Lao, Hà Đông","20.98651885986328, 105.7863998413086"
42209996,08/03/2025,"Hot, bán gấp CHCC chỉ 3.75 tỷ 3PN 2WC 85m2 ở tòa BMM Xa La, ban công: Đông Nam","3,75 tỷ",85 m²,"44,12 tr/m²",2,2,"Phúc La, Hà Đông","20.96191982733804, 105.79546075040828"
42147412,08/03/2025,"Nhà đẹp chốt nhanh tay căn 97m2, 2N - 2WC toà căn hộ toà V3 Victoria, giá nhỉnh 5. X tỷ","5,2 tỷ",97 m²,"53,61 tr/m²",2,2,"Phú La, Hà Đông","20.9601986330927, 105.769076992793"
42367207,08/03/2025,"Bán CC HPC Landmark 105, La Khê, Hà Đông, giá thỏa thuận, 108m2",Giá thỏa thuận,108 m²,N/A,3,2,"La Khê, Hà Đông","20.973678876761678, 105.7588284616627"
42367186,08/03/2025,"Bán căn hộ 2PN, 69m2 tại Sails Tower, Cầu Bươu, 2,9 tỷ, view đẹp","2,9 tỷ",69 m²,"42,03 tr/m²",2,1,"Kiến Hưng, Hà Đông","20.960015120087835, 105.79860284449008"
42367185,08/03/2025,"SIÊU RẺ, Tòa CT2B XALA, Bán CC 2PN, 2WC, 64m2 tại KĐT Xa La, Phùng Hưng, Hà Đông, chỉ 2,88 tỷ","2,88 tỷ",64 m²,45 tr/m²,2,2,"Phúc La, Hà Đông","20.962656439470265, 105.79274010254862"
42186314,08/03/2025,"Bán CH dự án Samsora Premier 105 Chu Văn An, Dt 72m2, 2N2VS, full nội thất. Giá 4 tỷ. LH 0866 839 ***",4 tỷ,72 m²,"55,56 tr/m²",2,2,"Quang Trung, Hà Đông","20.9749480291961, 105.776847009338"
42367354,08/03/2025,"Bán CC 71m2 tại 197 Trần Phú, Hà Đông, giá chỉ 3,96 tỷ, đẹp xuất sắc","3,96 tỷ",71 m²,"55,78 tr/m²",2,2,"Văn Quán, Hà Đông","20.980020226046733, 105.78736053548398"
42228291,08/03/2025,"Bán căn hộ chung cư Vạn Phúc, Hà Đông, Hà Nội, 2,9 tỷ, 90m2, 3 ngủ 0981 715 ***","2,9 tỷ",90 m²,"32,22 tr/m²",3,3,"Vạn Phúc, Hà Đông","20.979816732488, 105.771798755288"
42367319,08/03/2025,"Bán CC 88m2 tại Tòa nhà 197 Trần Phú, 4,65 tỷ, view đẹp, giá cực chất","4,65 tỷ",88 m²,"52,84 tr/m²",2,2,"Văn Quán, Hà Đông","20.97951413741514, 105.78696387176218"
42345171,08/03/2025,"Chính chủ cần bán CC Usilk City diện tích 94m2, 3PN + 2WC, full nội thất","4,95 tỷ",94 m²,"52,66 tr/m²",3,2,"La Khê, Hà Đông","20.974672117106586, 105.76006412088825"
42367282,08/03/2025,Chính Chủ Bán Căn Hộ Lacasta Văn Phú Hà Đông Dt : 112 Nguyên Bản LH: 0929 656 ***,Giá thỏa thuận,112 m²,N/A,3,2,"Văn Quán, Hà Đông","20.98021305755369, 105.78813416577633"
42355136,08/03/2025,"Bán CH 3PN, 2WC, 80m2 tại Samsora Premier, 4,75 tỷ, Hà Đông, HN - hàng hiếm view đẹp","4,75 tỷ",80 m²,"59,38 tr/m²",3,2,"Quang Trung, Hà Đông","20.975182614222692, 105.77653860159992"
42355114,08/03/2025,"Bán CH 2PN, 2WC tại Samsora Premier, 4,2 tỷ, 70m2, Hà Đông, Hà Nội","4,2 tỷ",70 m²,60 tr/m²,2,2,"Quang Trung, Hà Đông","20.975247916715183, 105.7768950115058"
42113663,08/03/2025,"Gia đình em bán gấp CH 88m2 2pn 2wc full nội thất, view thoáng ở ct4 The Pride, Tố Hữu, giá 4 tỷ",4 tỷ,88 m²,"45,46 tr/m²",2,2,"La Khê, Hà Đông","20.97680719045062, 105.76124742491987"
40945400,08/03/2025,"Chính chủ bán căn góc 74m2, 2PN, 2VS, tầng trung, nhà đẹp, căn góc siêu thoáng. LH 0963 225 ***",Giá thỏa thuận,74 m²,N/A,2,2,"Dương Nội, Hà Đông","20.9830436706543, 105.757339477539"
41181965,08/03/2025,"Chính chủ bán căn 2PN - 67m2, 2VS, nhà đẹp, view đẹp. LH chi tiết: 0984 797 ***",Giá thỏa thuận,67 m²,N/A,2,2,"Dương Nội, Hà Đông","20.97723388671875, 105.76195526123047"
42062916,08/03/2025,"Bán căn hộ 70m2 2PN, 2VS tòa CT5A Xa La full đồ xịn như ảnh. Giá 3.19 tỷ. LH 0965 859 ***","3,19 tỷ",70 m²,"45,57 tr/m²",2,2,"Kiến Hưng, Hà Đông","20.962114516529166, 105.79273609394352"
42296199,08/03/2025,"3 ngủ sẵn sổ, hỗ trợ vay, đã full nội thất chỉ 4.8 tỷ","4,7 tỷ",81 m²,"58,02 tr/m²",3,2,"Quang Trung, Hà Đông","20.97424311497589, 105.77704494913895"
42252139,08/03/2025,"81m2 2pn 2wc, ban công Đông nam siêu mát, chỉ 4,5 tỷ bao phí","4,5 tỷ",81 m²,"55,56 tr/m²",2,2,"Quang Trung, Hà Đông","20.97591289695918, 105.77699532448436"
41537986,08/03/2025,"Cực chất tại tòa CT1 Nam Xa La, SĐCC - chỉ 3,6 tỷ (đã bst và còn thương lượng), diện tích 82m2","3,6 tỷ",82 m²,"43,9 tr/m²",2,2,"Phúc La, Hà Đông","20.9604053497314, 105.794692993164"
42356920,08/03/2025,"Chính chủ gửi bán căn 78m 2 ngủ 2vs chung cư La Casta Văn Phú Hà Đông full nội thất xịn đẹp, giá rẻ","5,5 tỷ",78 m²,"70,51 tr/m²",2,2,"Phú La, Hà Đông","20.9628364725873, 105.76248877346204"
39299262,08/03/2025,Chính chủ gửi bán căn 97m2 chung cư Victoria Văn Phú Hà Đông sổ đỏ cc giá thỏa thuận thương lượng,Giá thỏa thuận,97 m²,N/A,2,2,"Phú La, Hà Đông","20.9599075317383, 105.768196105957"
39427008,08/03/2025,"Chính chủ gửi bán căn K 47m2 chung cư La Casta Văn Phú Hà Đông, giá rẻ nhất thị trường, sổ đỏ CC",Giá thỏa thuận,47 m²,N/A,1,1,"Phú La, Hà Đông","20.963459014892578, 105.76276397705078"
42204605,08/03/2025,"Quỹ căn 68m2, 78m2, 88m2 chung cư La Casta Văn Phú Hà Đông giá từ 5 tỷ full nội thất, sổ đỏ CC",5 tỷ,68 m²,"73,53 tr/m²",2,2,"Phú La, Hà Đông","20.963156558795, 105.76264437705"
41212188,08/03/2025,Hiếm!! căn Duplex 4PN 3WC - 267/337m2 - New Skyline full nội thất 18 tỷ có TL,Giá thỏa thuận,"267,2 m²",N/A,4,3,"Văn Quán, Hà Đông","20.9796447753906, 105.792343139648"
41361167,08/03/2025,Hiếm! Bán căn 2PN 2WC - 74m2 - CC Booyoung NT full giá 4.7 tỷ SĐCC,"4,7 tỷ",74 m²,"63,51 tr/m²",2,2,"Mỗ Lao, Hà Đông","20.983375549316406, 105.78353118896484"
42367065,08/03/2025,Tôi có căn 2PN 2VS tại Anland 2 view thoáng mát tầng 1x cần bán 0389 980 ***,Giá thỏa thuận,68 m²,N/A,2,2,"La Khê, Hà Đông","20.9772338867188, 105.76195526123"
42261899,08/03/2025,(Quá HOT) Gđ cần bán căn hộ 2 ngủ (74m2) tại Andland LakeView mới. Đủ nội thất và sổ. Giá 4 tỷ 85,"4,85 tỷ",74 m²,"65,54 tr/m²",2,2,"Dương Nội, Hà Đông","20.9829487730482, 105.756805628347"
41315772,08/03/2025,Hiếm! Căn 3PN2WC - Samsora 78m2 hướng mát full nội thất giá 4.8 tỷ,Giá thỏa thuận,78 m²,N/A,3,2,"Quang Trung, Hà Đông","20.973217010498, 105.778854370117"
40831602,08/03/2025,Căn 3PN 2WC - 95.5m2 - CC Booyoung tầng trung full NT giá 5.9 tỷ,"5,9 tỷ","95,5 m²","61,78 tr/m²",3,2,"Mỗ Lao, Hà Đông","20.983375549316406, 105.78353118896484"
42367042,08/03/2025,"Bán căn hộ 2PN, 2WC, 72m2 2 ngủ 2 vs giá 3,9 tỷ tại Tòa nhà 197 Trần Phú gần tàu điện + hồ văn quán","3,9 tỷ",72 m²,"54,17 tr/m²",2,2,"Văn Quán, Hà Đông","20.97998172311053, 105.78707747188889"
41083904,08/03/2025,"Hiếm có khó tìm: Dự án FLC Star Tower, 100m2, 3 ngủ 2 vs. SĐCC, full đồ về ở. LH: 0817 468 ***",Giá thỏa thuận,100 m²,N/A,3,2,"Quang Trung, Hà Đông","20.9625549316406, 105.765251159668"
42220332,08/03/2025,"Bán căn hộ chung cư tại Khu đô thị mới An Hưng, giá thỏa thuận, 73 m2, 2PN, 2WC, hot",Giá thỏa thuận,73 m²,N/A,2,2,"La Khê, Hà Đông","20.9732432538564, 105.757549073389"
42158081,08/03/2025,"Bán căn hộ chung cư 58m2, 3,25 tỷ tại Kiến Hưng, Hà Đông, Chính chủ uy tín","3,25 tỷ",58 m²,"56,03 tr/m²",2,2,"Kiến Hưng, Hà Đông","20.9550908361934, 105.789999346239"
42146879,08/03/2025,"Bán căn hộ CC KĐT Văn Quán, giá thỏa thuận, 77m2, 2PN, 2WC",Giá thỏa thuận,77 m²,N/A,2,2,"Phúc La, Hà Đông","20.974320466709152, 105.78869508564276"
42158036,08/03/2025,"Bán CC đẹp, nhiều tiện ích tại Kiến Hưng, 2,85 tỷ, 70m2, 2PN, 2WC","2,85 tỷ",70 m²,"40,71 tr/m²",2,2,"Kiến Hưng, Hà Đông","20.9553937844696, 105.789741816262"
40185392,08/03/2025,"Giảm giá sâu bán nhanh 63m2 2PN, 1WC tòa CT1A - KĐT Xa La Hà Đông. Căn góc - Nhà siêu đẹp - Bán gấp",3 tỷ,63 m²,"47,62 tr/m²",2,1,"Phúc La, Hà Đông","20.9624671936035, 105.792366027832"
41308460,08/03/2025,"Cần bán gấp căn 53m2 - 1 ngủ - 1vs tại CT4 Xa La - Hà Đông, 0966 786 ***","2,55 tỷ",53 m²,"48,11 tr/m²",1,1,"Phúc La, Hà Đông","20.962467193603516, 105.79236602783203"
40251130,08/03/2025,"Chính chủ bán gấp căn 47m2, 2PN, 1WC siêu hút gió chung cư Sông Nhuệ - Sails Tower LK KĐT Xa La","2,45 tỷ",47 m²,"52,13 tr/m²",2,1,"Kiến Hưng, Hà Đông","20.959997177124, 105.798553466797"
35488000,08/03/2025,"Chính chủ bán căn trục hiếm Xuân Mai Riverside, Hà Đông: 98m, 3N, 2W - Giá 5 tỷ 460 triệu TL mạnh","5,46 tỷ",98 m²,"55,71 tr/m²",3,2,"Mỗ Lao, Hà Đông","20.9851932525635, 105.779029846191"
42235541,08/03/2025,"Giá Rẻ Nhất Thị Trường! Bán Căn hộ 63m 2N1W Chỉ 4x tỷ Tại Thiên Niên Kỷ , Nhà Full Nội Thất, Sẵn Sổ",Giá thỏa thuận,63 m²,N/A,2,1,"Quang Trung, Hà Đông","20.97346287008919, 105.77842455116367"
42366970,08/03/2025,"Bán CC La Casta Văn Phú, 7,3 tỷ, 111m2, hàng hiếm tại Hà Đông, Hà Nội","7,3 tỷ",111 m²,"65,77 tr/m²",3,2,"Phú La, Hà Đông","20.963341966021623, 105.76345432344212"
42366958,08/03/2025,"Bán gấp căn hộ La Casta Văn Phú, 5,5 tỷ, 78m2, 2PN, 2WC, đầy đủ nội thất","5,5 tỷ",78 m²,"70,51 tr/m²",2,2,"Phú La, Hà Đông","20.9632870525055, 105.762567077922"
41302307,08/03/2025,"Cực hiếm căn 2N + 1 Park Kiara - ParkCity hướng mát, view thoáng, giá 8.55 tỷ. LH: 0931 686 ***","8,55 tỷ",91 m²,"93,96 tr/m²",2,2,"La Khê, Hà Đông","20.9673748016357, 105.754013061523"
42287442,08/03/2025,GD cần bán gấp căn góc 112m2 (3N 2W) đẹp nhất dự án HPC Landmark 105. Giá 5tỷ850,"5,85 tỷ",112 m²,"52,23 tr/m²",3,3,"La Khê, Hà Đông","20.9736671447754, 105.758712768555"
41595185,08/03/2025,CT4 Xa La - Chính chủ bán căn hộ 53m2 - 1 ngủ 1wc - có thể sửa 2 ngủ - sổ hồng giá cực tốt 2.46 tỷ,"2,45 tỷ",53 m²,"46,23 tr/m²",1,1,"Phúc La, Hà Đông","20.9624671936035, 105.792366027832"
41160119,08/03/2025,"Bán căn 3 PN, 2wc. S= 80m2 full đồ. Căn góc dự án chung cư Xuân Mai Complex Dương Nội",Giá thỏa thuận,80 m²,N/A,3,2,"Dương Nội, Hà Đông","20.9798679351807, 105.743919372559"
42106157,08/03/2025,"Siêu rẻ, căn hộ tầng trung tòa CT4 Xa La 70m2, 2PN, sổ đỏ, giá 3.05 tỷ, full NT đẹp. LH 0378 884 ***","3,05 tỷ",70 m²,"43,57 tr/m²",2,2,"Phúc La, Hà Đông","20.96210229853946, 105.79256806086998"
42040905,08/03/2025,"Hàng hiếm. Căn hộ tầng trung tòa CT1 Xa La, 84m2 sổ đỏ, full NT, giá chỉ 3,5x tỷ. LH 0378 884 ***","3,58 tỷ",84 m²,"42,62 tr/m²",2,1,"Phúc La, Hà Đông","20.962921316389785, 105.79218844457031"
42247074,08/03/2025,"Siêu rẻ, căn hộ tầng trung tòa CT5 Xa La 72m2, 2PN, sổ đỏ, giá 3,15 tỷ, full NT đẹp. LH 0378 884 ***","3,15 tỷ",72 m²,"43,75 tr/m²",2,2,"Phúc La, Hà Đông","20.9631537831721, 105.792124452875"
40917270,08/03/2025,"Chính chủ gửi bán căn hộ tòa CT1 Xa La 100m2, 3PN, Sổ đỏ. LH 0378 884 *** giá chỉ 4,2x tỷ","4,29 tỷ",104 m²,"41,25 tr/m²",3,2,"Phúc La, Hà Đông","20.962467193603516, 105.79236602783203"
42352191,08/03/2025,"Chính chủ mình cần bán nhanh cc ct3 YÊN NGHĨA TẦNG 16 ban công ĐN có SỔ siêu mát giá nhỉnh 3,1 ty",Giá thỏa thuận,74 m²,N/A,2,1,"Yên Nghĩa, Hà Đông","20.955645542855795, 105.74453202833647"
41161726,08/03/2025,"Bán căn hộ góc 67m2, 2 ngủ, 2 vệ sinh, khu B1.3 HH03B, Full nội thất như hình. Ảnh thật 100%",Giá thỏa thuận,67 m²,N/A,2,2,"Kiến Hưng, Hà Đông","20.9397029876709, 105.7872543334961"
42237531,08/03/2025,"Bán căn góc 2N, bc TN 82m2 chung cư cao cấp Kepler Land Mỗ Lao, view toàn khu đô thị",Giá thỏa thuận,82 m²,N/A,2,2,"Mỗ Lao, Hà Đông","20.985317890253892, 105.78082773299042"
42237662,08/03/2025,"Bán căn 2N, bc ĐB 82m2 chung cư cao cấp Kepler Land Mỗ Lao, view công viên hồ Phùng Khoang",Giá thỏa thuận,82 m²,N/A,2,2,"Mỗ Lao, Hà Đông","20.985317890253892, 105.78082773299042"
42301682,08/03/2025,"Bán căn góc D6-01 3N, 122m2 chung cư cao cấp Kepler Land Mỗ Lao, view sông Nhuệ đường Tố Hữu",Giá thỏa thuận,122 m²,N/A,3,2,"Mỗ Lao, Hà Đông","20.984960506314156, 105.77994774235654"
42237761,08/03/2025,"Bán căn 2N, bc ĐB 67m2 chung cư cao cấp Kepler Land Mỗ Lao, view công viên hồ Phùng Khoang",Giá thỏa thuận,67 m²,N/A,2,2,"Mỗ Lao, Hà Đông","20.985317890253892, 105.78082773299042"
42236515,08/03/2025,"Căn hộ 1PN, 45m2 ban công TN chung cư Kepler Land Mỗ Lao, giá tốt",Giá thỏa thuận,45 m²,N/A,1,1,"Mỗ Lao, Hà Đông","20.985360304430856, 105.7803394791961"
42237411,08/03/2025,"Bán căn góc 2N, bc chính Nam mát lạnh, 74m2 chung cư cao cấp Kepler Land Mỗ Lao, view tuyệt đẹp",Giá thỏa thuận,73 m²,N/A,2,2,"Mỗ Lao, Hà Đông","20.985317890253892, 105.78082773299042"
42237209,08/03/2025,"Bán căn góc 3N, bc ĐN 103m2 chung cư cao cấp Kepler Land Mỗ Lao, view tuyệt đẹp",Giá thỏa thuận,103 m²,N/A,3,2,"Mỗ Lao, Hà Đông","20.985317890253892, 105.78082773299042"
35235972,08/03/2025,Bán quỹ căn hộ Văn Khê mới nhất 2 phòng ngủ từ CT1 - CT6 giá rẻ nhất thị trường,"3,8 tỷ",91 m²,"41,76 tr/m²",2,2,"La Khê, Hà Đông","20.972412109375, 105.761528015137"
42302155,08/03/2025,"Bán chung cư Samsora Cầu Am, 91m2, 3 ngủ, 2 vs chỉ 4.48 tỷ","4,48 tỷ",91 m²,"49,23 tr/m²",3,2,"Quang Trung, Hà Đông","20.975152118062038, 105.77759391944811"
41207194,08/03/2025,"Gia đình cần bán căn hộ 154m2 giá 8.4 tỷ tại Mulberry Lane Hà Đông, 3 ngủ 2 wc, bao phí sang tên","8,47 tỷ",154 m²,55 tr/m²,3,2,"Mỗ Lao, Hà Đông","20.9865188598633, 105.786399841309"
42303728,08/03/2025,Quỹ hàng đẹp The Charm An Hưng giá siêu hấp dẫn. LH 0968 771 ***,"4,2 tỷ",54 m²,"77,78 tr/m²",2,2,"La Khê, Hà Đông","20.974545991295813, 105.76047412449824"
42350411,08/03/2025,"Bán CC 3PN 2WC tại The Pride, Tố Hữu, La Khê, Hà Đông, 5,25 tỷ, 98m2 giá tốt Toà CT2 căn hiếm","5,25 tỷ",98 m²,"53,57 tr/m²",3,2,"La Khê, Hà Đông","20.975729796606572, 105.76123991504834"
42366412,08/03/2025,"Bán gấp CH chung cư cao cấp The Terra An Hưng, Dương Nội, Hà Đông . 80m2, 2PN. 5.35 tỷ.","5,35 tỷ",80 m²,"66,88 tr/m²",2,2,"La Khê, Hà Đông","20.972749405560755, 105.75702523810259"
42350097,08/03/2025,"Gia đình thiện chí bán căn góc 98m2 3pn 2vs tầng trung, view thoáng, sẵn sổ giao dịch, giá 5.2 tỷ","5,2 tỷ",98 m²,"53,06 tr/m²",3,2,"La Khê, Hà Đông","20.9757525460811, 105.760764126356"
41487758,07/03/2025,"Gấp! Bán căn hộ 77m2 tại Thanh Hà Mường Thanh, 2PN, chỉ 2,65 tỷ","2,65 tỷ",77 m²,"34,42 tr/m²",2,2,"Kiến Hưng, Hà Đông","20.9397029876709, 105.7872543334961"
42366134,07/03/2025,"BÁN CĂN 2 PN, 1wc. S= 55m. Full đồ. Gía 2,x tỷ. Dự án chung cư HH2 Xuân Mai complex Dương Nội",Giá thỏa thuận,55 m²,N/A,2,1,"Yên Nghĩa, Hà Đông","20.96014230818245, 105.74167555041251"
42366117,07/03/2025,"BÁN CĂN HỘ 3 PHÒNG NGỦ SIÊU HIẾM - VIEW PHÁO HOA TẠI CT3 VĂN QUÁN, HÀ ĐÔNG - 95M, SỔ ĐỎ, GIÁ 5.4TỶ","5,4 tỷ",95 m²,"56,84 tr/m²",3,2,"Phúc La, Hà Đông","20.974054462834825, 105.78911008038118"
42366110,07/03/2025,Căn góc 2 phòng ngủ ( 77m2) tầng đẹp ( Đông Nam ) dự án The Charm An Hưng ( mặt đường ) Tố Hữu,"5,8 tỷ",77 m²,"75,32 tr/m²",2,2,"La Khê, Hà Đông","20.97426045589982, 105.7614003098382"
42310014,07/03/2025,"Dự án chung cư Kepler Land, DT từ 45m2. Giá từ 75tr/m2. Nội thất cao cấp, sổ lâu dài",Giá thỏa thuận,45 m²,N/A,2,2,"Mỗ Lao, Hà Đông","20.9855885985748, 105.779179145039"
42182996,07/03/2025,Chính chủ bán căn hộ 2 ngủ 2wc 77m full nội thất mới 100% giá 2ty7xx,Giá thỏa thuận,77 m²,N/A,2,2,"Kiến Hưng, Hà Đông","20.939544665119406, 105.78710050768882"
42328699,07/03/2025,Bán căn góc 2 ngủ 2wc 80m2 đầy đủ nội thất giá chỉ 2ty8xx tại Thanh Hà Mường Thanh,"2,83 tỷ",80 m²,"35,38 tr/m²",2,2,"Kiến Hưng, Hà Đông","20.9397737814049, 105.788176082201"
42261967,07/03/2025,Bán căn hộ 2 ngủ 2wc 65m2 full nội thất mới giá chỉ 2tỷ2xx thu về tại Thanh Hà Mường Thanh,"2,27 tỷ",65 m²,"34,92 tr/m²",2,2,"Kiến Hưng, Hà Đông","20.9395885454034, 105.787246452703"
39457723,07/03/2025,Căn hộ đẳng cấp - thượng lưu - an sinh đỉnh cao - Huyndai Hillstate - Tô Hiệu - HĐ 135m2 - 3ng-2wc,"8,65 tỷ",135 m²,"64,07 tr/m²",3,2,"Hà Cầu, Hà Đông","20.9636821746826, 105.773704528809"
42365849,07/03/2025,"Bán 55m2 2N1vs Xuân Mai Complex , Tòa KL nhà đẹp như hình, tầng trung",Giá thỏa thuận,55 m²,N/A,2,2,"Yên Nghĩa, Hà Đông","20.959850412279234, 105.7412678446691"
42184574,07/03/2025,"Căn hộ 1 phòng ngủ 1WC S = 40m2 - Đầy đủ nội thất. Giá nhỉnh 1,4 tỷ. LH 0376 685 ***","1,44 tỷ",40 m²,36 tr/m²,1,1,"Phúc La, Hà Đông","20.96252147871157, 105.79199033873397"
42291496,07/03/2025,"Giá cực tốt! Căn 75m2 tòa CT6 Hà Đông - Có sổ đỏ. Giá chỉ 2,9x tỷ. LIên hệ: 0376 685 ***","2,95 tỷ",75 m²,"39,33 tr/m²",2,2,"Phúc La, Hà Đông","20.962618227327837, 105.79209674234045"
42344594,07/03/2025,"Bán căn hộ 2PN, 2WC, 73m2 tại KĐT Xa La, 2,09 tỷ, tòa CT6 Hà Đông, Hà Nội","2,09 tỷ",73 m²,"28,63 tr/m²",2,2,"Phúc La, Hà Đông","20.9627354112556, 105.79154163834"
42177183,07/03/2025,Chính chủ cần bán gấp căn 78m2 vip toà A La Casta nội thất nhập khẩu,"5,5 tỷ",78 m²,"70,51 tr/m²",N/A,N/A,"Phú La, Hà Đông","20.96256153396576, 105.76282406150537"
39638813,07/03/2025,Chính chủ bán căn La Casta 117m2 full nội thất duy nhất trên thị trường,"7,6 tỷ",117 m²,"64,96 tr/m²",3,2,"Phú La, Hà Đông","20.9634590148926, 105.762763977051"
39591866,07/03/2025,"Chính chủ bán gấp căn 84m2 La Casta, full nội thất liền tường xịn","6,1 tỷ",88 m²,"69,32 tr/m²",2,2,"Phú La, Hà Đông","20.9634590148926, 105.762763977051"
42142817,07/03/2025,Cần bán căn 2 ngủ - Anland Lakeview 74m2 tầng trung Full Nội thất giá 4.8x tỷ,Giá thỏa thuận,74 m²,N/A,2,2,"Dương Nội, Hà Đông","20.982812728807062, 105.75733159112256"
42365505,07/03/2025,"Chính chủ bán căn hộ chung cư Park Kiara, Lê Trọng Tấn, La Khê, Hà Đông, Hà Nội 3 phòng ngủ",12 tỷ,108 m²,"111,11 tr/m²",3,2,"La Khê, Hà Đông","20.96650644076455, 105.75393787400937"
42282325,07/03/2025,"Bán căn hộ ICID Complex Lê Trọng Tấn gần Aeonmall Hà Đông Vinsmart 3,59 tỷ, 67m2, 2PN 2WC","3,6 tỷ",67 m²,"53,73 tr/m²",2,2,"Dương Nội, Hà Đông","20.98142234933767, 105.74219310702753"
42334193,07/03/2025,"Tôi cần bán căn hộ chung cư cao cấp The Charm Diện tích 72m2, 2PN,2VS giá 5 tỷ ,full nội thất",5 tỷ,72 m²,"69,44 tr/m²",2,2,"La Khê, Hà Đông","20.974188837465952, 105.76043483760662"
42365352,07/03/2025,Chính Chủ Bán Căn Hộ Lacasta Văn Phú Hà Đông Dt : 112 Nguyên Bản LH: 0929 656 ***,Giá thỏa thuận,112 m²,N/A,3,2,"Văn Quán, Hà Đông","20.980005092139514, 105.7882677811042"
41856063,07/03/2025,Độc quyền quỹ căn đẹp nhất The Charm An Hưng. Liên hệ PKD: 0976 881 ***,Giá thỏa thuận,72 m²,N/A,2,2,"La Khê, Hà Đông","20.97420663909272, 105.76061619439963"
39642664,07/03/2025,"Cần bán căn CT3 Văn Quán 100m2, 3 ngủ, 2 vs, nhà thiết kế đẹp, xịn full đồ. LH. 0983 669 ***",Giá thỏa thuận,100 m²,N/A,3,2,"Phúc La, Hà Đông","20.973962783813477, 105.78907012939453"
42130925,07/03/2025,"Cần bán căn góc CT7 Văn Quán Hà Đông 80m2, 2 ngủ, 2vs, full đồ. 0983 669 ***",Giá thỏa thuận,80 m²,N/A,2,2,"Phúc La, Hà Đông","20.973640808527183, 105.78916228020015"
39521532,07/03/2025,"Bán Penthouse tòa Rainbow Văn Quán căn Hoàn Thiện và Thô DT 183m, 283m, 400m...17xx tỷ - 0983 669 ***",Giá thỏa thuận,383 m²,N/A,6,4,"Văn Quán, Hà Đông","20.974458694458, 105.787742614746"
38697952,07/03/2025,"Bán gấp CH CT8 Văn Quán ô góc 58m2 2pn, sổ đỏ chính chủ, vị trí đẹp nhất Hà Đông. 3xtỷ - 0983 669 ***",Giá thỏa thuận,58 m²,N/A,2,N/A,"Văn Quán, Hà Đông","20.973962783813477, 105.78907012939453"
37155645,07/03/2025,"CC cần bán căn chung cư New Skyline Văn Quán Hà Đông 145m2, lô góc view hồ, (3.5PN) 0983 669 ***",Giá thỏa thuận,145 m²,N/A,3,2,"Văn Quán, Hà Đông","20.979644775390625, 105.79234313964844"
42007056,07/03/2025,"Bán căn hộ toà 24 Nguyễn Khuyến Văn Quán, Hà Đông. Diện tích 60m2, 2pn, 2vs, căn góc. 0949 170 ***","3,65 tỷ",60 m²,"60,83 tr/m²",2,2,"Văn Quán, Hà Đông","20.9749403755367, 105.789980881258"
42365249,07/03/2025,"Bán căn hộ 3PN, 3WC tại CT5 C Văn Khê, 6,7 tỷ, 166m2, Hà Đông, Hà Nội","6,7 tỷ",166 m²,"40,36 tr/m²",3,3,"La Khê, Hà Đông","20.97303023870416, 105.76316195349797"
40542323,07/03/2025,"Cần bán căn hộ 60m, 2PN, toà CT8. LH Kiều Thuý 0949 170 ***",Giá thỏa thuận,76 m²,N/A,2,1,"Văn Quán, Hà Đông","20.973962783813477, 105.78907012939453"
42228905,07/03/2025,"Bán penthouse Rainbow Văn Quán, dt 400m2, căn góc view thoáng. LH Kiều Thuý 0949 170 ***",Giá thỏa thuận,400 m²,N/A,N/A,N/A,"Văn Quán, Hà Đông","20.973711905864143, 105.7875668963854"
42265051,07/03/2025,"Chung cư hot nhất Hà Đông hiện tại, ngay mặt đường trung tâm của Quận Hà Đông",4 tỷ,63 m²,"63,49 tr/m²",2,2,"Mỗ Lao, Hà Đông","20.9852761932101, 105.779550637118"
42365018,07/03/2025,"Hàng hiếm giá tốt căn 147m (3PN, 2WC ) tại Bình Vượng 200 Quang Trung. Giá : 5,4 tỷ. Sẵn sổ","5,4 tỷ",147 m²,"36,74 tr/m²",3,2,"Quang Trung, Hà Đông","20.9665761003012, 105.769125873983"
39246076,07/03/2025,"Bán chung cư chính chủ 67.8 m2 tại ICID Complex Dương Nội, Hà Đông","3,39 tỷ","67,8 m²",50 tr/m²,2,2,"Dương Nội, Hà Đông","20.9819164276123, 105.742492675781"
37341356,07/03/2025,Chính chủ cần bán gấp căn 47m2 La Casta đầy đủ nội thất. LH 0338 852 ***,"3,45 tỷ",47 m²,"73,4 tr/m²",1,1,"Phú La, Hà Đông","20.963998585712677, 105.7634520742666"
42363756,07/03/2025,"Rẻ nhất khu căn hộ cao cấp, thoáng đáng sạch sẽ có ban công",6 tỷ,"97,4 m²","61,6 tr/m²",2,2,"Mỗ Lao, Hà Đông","20.9744191125765, 105.785468092238"
42364675,07/03/2025,"Bán CH dự án Hồ Gươm Plaza, diện tích 146m2 thiết kế 3 ngủ, giá 5,5 tỷ bao phí sang tên","5,5 tỷ",146 m²,"37,67 tr/m²",3,2,"Mỗ Lao, Hà Đông","20.97968349907111, 105.78556997138078"
41936927,07/03/2025,"Chính chủ bán gấp trước Tết căn hộ tòa Anland 75m2 lô góc, sổ đỏ chính chủ tôi bán, giá 4,3 tỷ","4,3 tỷ",75 m²,"57,33 tr/m²",2,2,"La Khê, Hà Đông","20.9765314977291, 105.761708540128"
33373814,07/03/2025,"Chính chủ bán căn 98m2, tầng đẹp, full nội thất. LH 0963 225 ***",Giá thỏa thuận,98 m²,N/A,3,2,"Dương Nội, Hà Đông","20.976192474365234, 105.76083374023438"
42011368,07/03/2025,"Bán căn 2 ngủ, 2wc Anland Lakeview rẻ nhất thị trường chỉ 4,7 tỷ. 0984 797 ***","4,7 tỷ",74 m²,"63,51 tr/m²",2,2,"Dương Nội, Hà Đông","20.9833844335712, 105.757364294217"
42004611,07/03/2025,"Chính chủ e bán căn 1206V2 diện tích 118m2 3 ngủ 2 vs đầy đủ nội thất giá cả thỏa thuận, sổ đỏ CC","6,45 tỷ",118 m²,"54,66 tr/m²",3,N/A,"Phú La, Hà Đông","20.95964324968975, 105.76841426113911"
39145658,07/03/2025,"Cần bán nhanh căn 121met 3 ngủ 2 vs chung cư Victoria Văn Phú, Hà Đông, sổ đỏ sang tên trong ngày","6,8 tỷ",118 m²,"57,63 tr/m²",3,2,"Phú La, Hà Đông","20.9599075317383, 105.768196105957"
42364436,07/03/2025,"Mở bán chung cư The Charm An Hưng, ký HĐMB luôn. 0985 999 ***",Giá thỏa thuận,72 m²,N/A,2,N/A,"La Khê, Hà Đông","20.9747872577596, 105.761596452023"
42364387,07/03/2025,"Bán căn hộ 2PN, 88m2 tại Mulberry Lane, Mỗ Lao, Hà Đông, giá cực chất 5,8 tỷ, LH 24/24h 0945 566 ***","5,8 tỷ",88 m²,"65,91 tr/m²",2,2,"Mỗ Lao, Hà Đông","20.986984832737598, 105.78693153097174"
42298064,07/03/2025,"Chính chủ cần bán CH 3 ngủ 2 vệ Mulberry Hà Đông 154 m giá 6.5 tỷ, sẵn sổ, đầy đủ nội thất","6,5 tỷ",154 m²,"42,21 tr/m²",3,2,"Mỗ Lao, Hà Đông","20.98642411322214, 105.78681884606254"
40903374,07/03/2025,Căn 2PN2WC - 61m2 Xuân Mai Riverside Hương Mát NT cơ bản SĐCC giá 4.05 tỷ,"4,05 tỷ",61 m²,"66,39 tr/m²",2,2,"Mỗ Lao, Hà Đông","20.9851932525635, 105.779029846191"
42218237,07/03/2025,Gia đình bán căn sân vườn 220m2 - 3pn 2wc ban công Đông Nam full nội thất giá 9 tỷ,9 tỷ,220 m²,"40,91 tr/m²",3,2,"Mỗ Lao, Hà Đông","20.983717058149644, 105.78599114514797"
42348665,07/03/2025,"Đẳng cấp sống với CH 100m2 thiết kế 3PN 2WC Tháp Thiên Niên Kỷ, nhà full nội thất, giá chỉ 6,8x tỷ","6,89 tỷ",100 m²,"68,9 tr/m²",3,2,"Quang Trung, Hà Đông","20.97310529659454, 105.77850800063655"
42348538,07/03/2025,"Đẳng cấp sống với căn hộ 90m2 Terra An Hưng 3PN 2WC Bc Đông Nam nội thất thiết kế giá chỉ tỷ 5,9xtỷ","5,94 tỷ",90 m²,66 tr/m²,3,2,"Dương Nội, Hà Đông","20.9743461608887, 105.754165649414"
42349970,07/03/2025,"Đẳng cấp sống với căn hộ 75m2 thiết kế 2PN-2Wc Terra view siêu thoáng full nội thất giá chỉ 4,9x tỷ","4,95 tỷ",75 m²,66 tr/m²,3,2,"Dương Nội, Hà Đông","20.974346160888672, 105.75416564941406"
41335371,07/03/2025,"Chính chủ bán căn góc đẹp A1, A4, B1, B4 diện tích 85/96m2, Anland Premium. LH 0984 797 ***",Giá thỏa thuận,85 m²,N/A,3,2,"La Khê, Hà Đông","20.97723388671875, 105.76195526123047"
42363996,07/03/2025,"Bán CC tại HPC Landmark 105, 6,05 tỷ, 106m2, 3PN, 2WC, hàng hot toà k35","6,05 tỷ",106 m²,"57,08 tr/m²",3,2,"La Khê, Hà Đông","20.97369895974045, 105.75953718810374"
42336408,07/03/2025,"Bán CC Văn Phú Victoria giá chỉ 3,9 tỷ bao đẹp - LH em Tùng SĐT/Zalo - 0373*237557","3,9 tỷ",65 m²,60 tr/m²,2,2,"Phú La, Hà Đông","20.9600466131852, 105.768444584909"
42242401,07/03/2025,"Căn Hộ Chung Cư Nàng Hương Nguyễn Trãi Văn Quán Hà Đông 140m 7,7 Tỷ 3PN Lô Góc Full Nội Thất","7,7 tỷ",140 m²,55 tr/m²,3,3,"Văn Quán, Hà Đông","20.986122477474094, 105.79491114046108"
42363781,07/03/2025,Bán căn hộ 74m2 2 ngủ 2 vệ sinh The Terra An Hưng 5.1 tỷ thu về,"5,1 tỷ",74 m²,"68,92 tr/m²",2,2,"La Khê, Hà Đông","20.97276078045926, 105.75669872209336"
33304994,07/03/2025,"Cần bán nhanh CHCC Anland LakeView, DT 74m2,TK 2 ngủ, 2VS, full nội thất đã có sổ đỏ LH: 0987 680 ***",Giá thỏa thuận,74 m²,N/A,2,2,"Dương Nội, Hà Đông","20.9830436706543, 105.757339477539"
41380998,07/03/2025,"Chính chủ bán căn hộ chung cư HPC Landmark 105, giá 5,5 tỷ vnd, dt 112m2, 3pn, 2wc","5,5 tỷ",112 m²,"49,11 tr/m²",3,2,"La Khê, Hà Đông","20.97366714477539, 105.75871276855469"
42312459,07/03/2025,"Bán nhanh căn hộ 2pn 72m2 4,8 tỷ dự án The Charm An Hưng giá tốt nhất chủ đầu tư","4,8 tỷ",72 m²,"66,67 tr/m²",2,2,"La Khê, Hà Đông","20.974293236491, 105.759975155458"
42320262,07/03/2025,Bán căn 2PN cc La Casta Văn Phú,"6,2 tỷ",88 m²,"70,46 tr/m²",2,2,"Phú La, Hà Đông","20.964198956811607, 105.76313818683006"
42218184,07/03/2025,"Bán căn 2PN, 2WC giá 5,x tỷ tại La Casta Văn Phú, Hà Đông, Hà Nội","5,8 tỷ",84 m²,"69,05 tr/m²",2,2,"Phú La, Hà Đông","20.963672954223568, 105.76317117181296"
42229432,07/03/2025,"Chính chủ cần bán căn 3PN, 2VS, giá rẻ 4,76 tỷ. LH 0984 797 ***","4,76 tỷ",75 m²,"63,47 tr/m²",3,2,"La Khê, Hà Đông","20.9774177330629, 105.762583804329"
42363642,07/03/2025,"5.7 tỷ đã có sẵn căn 3 ngủ, về ở ngay thiết kế vuông vức đẹp","5,7 tỷ",116 m²,"49,14 tr/m²",3,2,"Phú La, Hà Đông","20.959653719297695, 105.76801734202785"
41115203,07/03/2025,Seasons Avenue - 3PN 2VS - DT 117m2 - BC Đông Bắc - tặng full nội thất - giá 7.X tỷ/ có slot ô tô,8 tỷ,117 m²,"68,38 tr/m²",3,2,"Mỗ Lao, Hà Đông","20.987026214599609, 105.78683471679688"
36436750,07/03/2025,"Bán gấp căn chung cư Anland 2 mẫu 2pn, 1 vệ sinh, có sổ đỏ chính chủ giá 3,x tỷ. LH 0911 460 ***",Giá thỏa thuận,65 m²,N/A,2,1,"La Khê, Hà Đông","20.9772338867188, 105.76195526123"
38972432,07/03/2025,"Bán căn 63m2, 2PN, 1VS tầng đẹp 1x full đồ, sổ đỏ chính chủ tại Anland Complex 0911 460 ***","3,8 tỷ",63 m²,"60,32 tr/m²",2,1,"La Khê, Hà Đông","20.976192, 105.76083"
42357486,07/03/2025,"Chính chủ bán nhà tập thể Ngô Quyền, Quang Trung, Hà Đông DT 50m2 giá 1,8 tỷ","1,8 tỷ",50 m²,36 tr/m²,2,2,"Quang Trung, Hà Đông","20.9716989319379, 105.768606036315"
38902898,07/03/2025,Cần bán lại căn góc 100m2 Anland Complex giá full nội thất view đẹp giá 5.5 tỷ LH 0967 506 ***,"5,5 tỷ",100 m²,55 tr/m²,3,2,"La Khê, Hà Đông","20.9761924743652, 105.760833740234"
38452138,07/03/2025,"Bán căn hộ chung cư Anland 2 mẫu 2 + 1 75m2 giá 4,8 tỷ, sổ đỏ chính chủ, full đồ LH 0967 506 ***","4,8 tỷ",75 m²,64 tr/m²,3,2,"Dương Nội, Hà Đông","20.9772338867188, 105.76195526123"
36253760,07/03/2025,"Chính chủ cần bán nhanh căn A4, B4 diện tích 95m2 chung cư Anland Premium 5,x tỷ LH 0967 506 ***",Giá thỏa thuận,95 m²,N/A,3,2,"Dương Nội, Hà Đông","20.9763450622559, 105.761497497559"
42363533,07/03/2025,"Chính chủ bán căn hộ 89 Phùng Hưng, Hà Đông, 96m2, 3 phòng ngủ, 2 vệ sinh giá rẻ Lh 0973 705 ***","4,8 tỷ",96 m²,50 tr/m²,3,2,"Phúc La, Hà Đông","20.96956320420177, 105.78541274357607"
36985724,07/03/2025,"Chính chủ bán gấp căn góc 74m2 2PN, 2VS Anland LakeView giá 4,x tỷ, sổ đỏ, full đồ LH 0911 460 ***",Giá thỏa thuận,74 m²,N/A,2,2,"Dương Nội, Hà Đông","20.9830436706543, 105.757339477539"
32158781,07/03/2025,"Chính chủ bán cắt lỗ căn 74m2 2PN 2VS chung cư Anland LakeView giá nhỉnh 4,x tỷ LH 0911 460 ***",Giá thỏa thuận,74 m²,N/A,2,2,"Dương Nội, Hà Đông","20.9830436706543, 105.757339477539"
42363507,07/03/2025,"Chính chủ cần bán nhanh căn góc phụ chung cư Thanh Hà Mường Thanh, giá hơn 2,3 tỷ","2,35 tỷ","66,7 m²","35,23 tr/m²",2,2,"Kiến Hưng, Hà Đông","20.939700727667827, 105.78722069018228"
42197218,07/03/2025,Bán căn hộ 3 ngủ tòa CT8 khu đô thị Dương Nội 0969 085 ***,Giá thỏa thuận,92 m²,N/A,3,N/A,"Dương Nội, Hà Đông","20.979581147424085, 105.74339731007151"
42197388,07/03/2025,Bán căn hộ 3 ngủ 2 VS tòa CT8 cạnh Bệnh Viện Nhi 2 Hà Đông 0969 085 ***,"4,2 tỷ",92 m²,"45,65 tr/m²",3,2,"Dương Nội, Hà Đông","20.979383713542905, 105.74365175984067"
42363016,07/03/2025,"Bán CC Geleximco Lê Trọng Tấn, 5,25 tỷ, 85,2m2, 3PN, 2WC, Đông Nam, Đông Bắc, Hà Đông, HN","5,25 tỷ","85,2 m²","61,62 tr/m²",3,2,"Dương Nội, Hà Đông","20.98190094777482, 105.74249826980575"
41652701,07/03/2025,"Nhanh. Cần bán nhanh căn hộ CT2 Yên Nghĩa, 112m2, 4 ngủ, giá tốt",Giá thỏa thuận,112 m²,N/A,4,2,"Yên Nghĩa, Hà Đông","20.954057693481445, 105.74098205566406"
42363289,07/03/2025,"Chính chủ căn góc 2PN 1VS tòa CT4 Xa La 53m2, hướng Đông Nam. 2.45 tỷ, LH 0943 554 *** (miễn MG)","2,45 tỷ",53 m²,"46,23 tr/m²",2,1,"Phúc La, Hà Đông","20.9624671936035, 105.792366027832"
42363195,07/03/2025,"Bán căn chung cư Hà Đông - Tòa Sông Nhuệ (Sails Tower): 69m2, 2PN - Giá thấp hơn 200tr thị trường","2,9 tỷ",69 m²,"42,03 tr/m²",2,1,"Kiến Hưng, Hà Đông",N/A
42305943,07/03/2025,"Cần bán căn góc 74.2m2 dự án AnLand Lake View, full đồ giá chỉ 5.15 tỷ LH: 0848 220 ***","5,15 tỷ","74,2 m²","69,41 tr/m²",2,2,"Dương Nội, Hà Đông",N/A
42363175,07/03/2025,"Bán CH 2PN, 2WC tại Anland LakeView, 5,15 tỷ, 74,2m2, view đẹp bao đẹp","5,15 tỷ","74,2 m²","69,41 tr/m²",2,2,"Dương Nội, Hà Đông",N/A
40912660,07/03/2025,Rẻ nhất Mulberry Lane bán căn góc 154m2 giá chỉ: hơn 7 tỷ,"7,08 tỷ",154 m²,46 tr/m²,4,3,"Mỗ Lao, Hà Đông",N/A
42311421,07/03/2025,"Bán căn hộ 3PN, 2WC tại The Charm An Hưng, 80 triệu / m2, 96 m2, view đẹp, giá ưu đãi","7,68 tỷ",96 m²,80 tr/m²,3,2,"La Khê, Hà Đông",N/A
42342102,07/03/2025,"Bán căn hộ chung cư 2PN 2WC tại The Pride, Tố Hữu, Hà Đông giá tốt nhất thị trường","3,5 tỷ",75 m²,"46,67 tr/m²",2,2,"La Khê, Hà Đông",N/A
42239080,07/03/2025,Bán gấp 2PN CC The Terra An Hưng giá tốt nhất thị trường,"4,3 tỷ",74 m²,"58,11 tr/m²",2,2,"La Khê, Hà Đông",N/A
41935784,07/03/2025,"Siêu phẩm căn hộ 74m2 Samsora Premier giá chỉ 3,9 tỷ, full đồ thiết kế sang trọng, sẵn sổ trong két","3,9 tỷ",74 m²,"52,7 tr/m²",2,2,"Quang Trung, Hà Đông",N/A
40008992,07/03/2025,"Tôi bán căn hộ 89 Phùng Hưng, Hà Đông, 82m2, 3 phòng ngủ, 2 vệ sinh, giá tốt","4,29 tỷ",82 m²,"52,32 tr/m²",3,2,"Phúc La, Hà Đông",N/A
40616098,07/03/2025,Chính chủ chuyển nhượng căn hộ TT ngõ Ao Sen (92 Trần Phú HV Bưu Chính Viễn Thông) Q.Hà Đông Hà Nội,"2,1 tỷ",100 m²,21 tr/m²,2,2,"Mỗ Lao, Hà Đông",N/A
42186706,07/03/2025,"Bán căn góc đẹp dự án Season Avenue, Mỗ Lao. Dt 100m2, 3N 2VS full nội thất. Giá 7,2 tỷ (Giá chuẩn)","7,2 tỷ",100 m²,72 tr/m²,3,2,"Mỗ Lao, Hà Đông",N/A
42185591,07/03/2025,"Chính chủ cần bán CH dự án Mulberry Mỗ Lao. Dt140m2, 3N2VS, full nội thất. Giá 7,5tỷ. LH 0866 839 ***","7,5 tỷ",140 m²,"53,57 tr/m²",3,2,"Mỗ Lao, Hà Đông",N/A
39451710,07/03/2025,"Bán căn 3 ngủ 110 m2 tầng trung, hướng Đông Nam, ở luôn, view Panorama Hồ Văn Quán, full nội thất",6 tỷ,110 m²,"54,54 tr/m²",3,2,"Mỗ Lao, Hà Đông",N/A
42362658,07/03/2025,Tòa CT6 Xa La - 2 ngủ 2wc cần bán gấp - tầng trung - nhà đẹp - giá hợp lý - sổ hồng,"2,75 tỷ",67 m²,"41,04 tr/m²",2,2,"Phúc La, Hà Đông",N/A
42362597,07/03/2025,"Căn hộ 2PN CT6A Xa La, Kiến Hưng, Hà Đông - Sổ đỏ chính chủ, giá tốt","2,89 tỷ",70 m²,"41,29 tr/m²",2,2,"Kiến Hưng, Hà Đông",N/A
42362576,07/03/2025,"Bán CH đẹp 3PN, 2WC, 101m2 tại KĐT Xa La, Hà Đông, 4,9 tỷ","4,9 tỷ",101 m²,"48,52 tr/m²",3,2,"Phúc La, Hà Đông",N/A
42362521,07/03/2025,"Bán CC Hemisco Xa La, 3,6 tỷ, 79m2, 2PN, 2WC, đẹp xuất sắc","3,6 tỷ",79 m²,"45,57 tr/m²",2,2,"Phúc La, Hà Đông",N/A
41652590,07/03/2025,"Bán nhanh chung cư Xa La, Hà Đông, 70,5m2, 2 phòng ngủ, giá rẻ","2,79 tỷ","70,5 m²","39,57 tr/m²",2,2,"Phúc La, Hà Đông",N/A
41506632,07/03/2025,"Chính chủ bán CH 90m2, 2PN-2WC, full đồ, ban công ĐN, tòa Mulbery Lane, giá 5 tỷ, LH 0363 388 ***",5 tỷ,90 m²,"55,56 tr/m²",2,2,"Mỗ Lao, Hà Đông",N/A
42362501,07/03/2025,Bán căn 2pn toà A chung cư La Casta - Kđt Văn Phú - Hà Đông,"5,6 tỷ",78 m²,"71,8 tr/m²",2,N/A,"Phú La, Hà Đông",N/A
42366293,09/03/2025,"NGOẠI GIAO: 1PN- 2PN- 3PN đẹp nhất DỰ ÁN KEPLER TSQ, TẦNG ĐẸP+ HƯỚNG MÁT+ VIEW HỒ TRUNG VĂN","2,92 tỷ",45 m²,65 tr/m²,1,1,·,"20.984681101985267, 105.77999738348569"
42311818,08/03/2025,Quỹ căn độc quyền! Dự án The Charm An Hưng. Mở bán suất ngoại giao tầng đẹp lh 0983 180 *** giá tốt,"5,1 tỷ",74 m²,"68,92 tr/m²",2,2,·,"20.97528474632491, 105.76037509957708"
42037149,08/03/2025,"10 Suất ngoại giao giá rẻ nhất tại dự án The Charm An Hưng, hỗ trợ ls 0% 15 tháng, lh 0983 119 ***","5,2 tỷ",77 m²,"67,53 tr/m²",2,2,·,"20.974747808295007, 105.76082040903465"
42363641,07/03/2025,"20 căn tầng đẹp nhất dự án, giá gốc chủ đầu tư, miễn phí dịch vụ, chiết khấu siêu khủng","4,9 tỷ",70 m²,70 tr/m²,3,2,·,"20.9746455202052, 105.761068758615"
42337413,07/03/2025,"TOP 11 CĂN HỘ CÓ GIÁ BÁN TỐT NHẤT CHUNG CƯ THE CHARM AN HƯNG, NHẬN BOOKING RA HÀNG ĐỢT 3",Giá thỏa thuận,54 m²,N/A,2,1,·,"20.974681148098902, 105.76075977051738"
42347513,07/03/2025,"DUY NHẤT 5 SUẤT TẶNG 2 CHỈ VÀNG KHI ĐẶT MUA CĂN HỘ , đóng 15% kí HĐMB, LS 0% hỗ trợ 15T",Giá thỏa thuận,"72,6 m²",N/A,2,2,·,"20.974965183652394, 105.76008985709349"
41860304,07/03/2025,Cam kết Lấy Căn Tầng Đúng Nhu Cầu The Charm An Hưng - Tải Full Quỹ Căn Giá Tốt.,Giá thỏa thuận,77 m²,N/A,2,2,·,"20.9745469549635, 105.761241685925"
42367665,09/03/2025,"Tổng hợp quỹ căn bán tại Xuân Mai 1PN + 1, 2PN, 3PN. SĐT/zalo: 0376 540 ***","3,15 tỷ",70 m²,45 tr/m²,2,2,"Yên Nghĩa, Hà Đông","20.960421085236845, 105.74136443165054"
42375098,09/03/2025,"TỔNG HỢP CĂN BÁN 1,5 PN + 2PN + 3PN DỰ ÁN CHUNG CƯ HH2 XUÂN MAI COMPLEX DƯƠNG NỘI","3,17 tỷ",62 m²,"51,13 tr/m²",2,2,"Yên Nghĩa, Hà Đông","20.95989382177522, 105.74206734021593"
42092039,09/03/2025,QUỸ CĂN NGOẠI GIAO ĐẦU TIÊN ĐẸP NHẬT DỰ ÁN KEPLER LAND MỖ LAO HÀ ĐÔNG CK 16% CHO KHÁCH HÀNG ƯU TIÊN,4 tỷ,77 m²,"51,95 tr/m²",2,2,"Mỗ Lao, Hà Đông","20.9856739187377, 105.780342936538"
42301326,08/03/2025,"Mở bán quỹ 50 căn VIP CĐT tháp đôi Kepler Land-Tầng trung trục đẹp, đặt ngay nhận ck lên tới 12,8%",Giá thỏa thuận,73 m²,N/A,2,2,"Mỗ Lao, Hà Đông","20.985354061634023, 105.7796306993957"
42370598,08/03/2025,"Mở bán quỹ căn dự án Kepler Land Hà Đông: 1PN, 2PN, 3PN. Uy tín, chất lượng, giá cạnh tranh nhất!",Giá thỏa thuận,66 m²,N/A,2,N/A,"Mỗ Lao, Hà Đông","20.9845679036063, 105.784692973415"
42370178,08/03/2025,"LẤY CĂN ĐÚNG Ý - THE CHARM AN HƯNG
CHỈ TỪ 1,5 TỶ - HỖ TRỢ VAY 70% LS 0% KÝ HĐMB TRỰC TIẾP CĐT",5 tỷ,72 m²,"69,44 tr/m²",2,2,"La Khê, Hà Đông","20.974522011441646, 105.76080636051846"
42369736,08/03/2025,""" Chính Chủ "" CC Mulberry Lane, 154m2 LOẠI 4PN, Mỗ Lao, Hà Đông, HN - LH: 0981 960 ***",Giá thỏa thuận,154 m²,N/A,3,2,"Mỗ Lao, Hà Đông","20.9862187415862, 105.78629491909912"
14082007,08/03/2025,Xả hàng đầu năm quỹ căn giá tốt Mulberry Lane - LH: 0981 960 ***,Giá thỏa thuận,123 m²,N/A,3,2,"Mỗ Lao, Hà Đông","20.9868438538229, 105.786249884671"
42369634,08/03/2025,"NHẬN ĐẶT MUA CĂN GÓC 3PN 2WC 103m2 tại Tháp đôi Kepler Land, Mỗ Lao, Hà Đông - 0981 960 ***",80 triệu,103 m²,"776,7 nghìn/m²",3,2,"Mỗ Lao, Hà Đông","20.98567150629351, 105.77946668958543"
42320270,08/03/2025,Quỹ căn đối ngoại đầu tiên đẹp nhất dự án Kepler Land Mỗ Lao Hà Đông CK 10% cho khách hàng ưu tiên,"2,92 tỷ",45 m²,65 tr/m²,2,1,"Mỗ Lao, Hà Đông","20.985518421254067, 105.78010686213831"
42267738,07/03/2025,Quỹ hàng ngoại giao án chung cư Kepler Land Mỗ Lao diện tích từ 53m2 - 72m2 hỗ trợ vay Bank 70%,Giá thỏa thuận,72 m²,N/A,2,2,"Mỗ Lao, Hà Đông","20.985945385379512, 105.78014735383282"
42267607,07/03/2025,Quỹ hàng ngoại giao căn đẹp dự án chung cư The Charm -Tố Hữu triết khấu 3% cho khách hàng,Giá thỏa thuận,72 m²,N/A,2,2,"La Khê, Hà Đông","20.974552812456697, 105.76054477436087"
41588334,07/03/2025,"Thông tin chuẩn! Chính chủ bán gấp 2 căn hộ tại tòa B và tòa C Mulberry Lane, 2pn-3pn, giá giảm sâu","6,3 tỷ",116 m²,"54,31 tr/m²",3,2,"Mỗ Lao, Hà Đông","20.98651885986328, 105.7863998413086"
42001279,07/03/2025,"Chính chủ cần bán CH Goldsilk Complex Hà Đông, DT 122m2 gồm 4 ngủ 3VS full nội thất mới, giá 7tỷ",7 tỷ,122 m²,"57,38 tr/m²",4,3,"Vạn Phúc, Hà Đông","20.9785473380608, 105.772599531812"
41932151,07/03/2025,"Chính chủ trên sổ bán chung cư FLC, diện tích 113,3m2 4 ngủ 2 vệ sinh, giá 5.85 tỷ có thương lượng","5,85 tỷ","113,3 m²","51,63 tr/m²",4,2,"Quang Trung, Hà Đông","20.9627148770868, 105.765271336241"
41141828,07/03/2025,Cập nhật quỹ căn đang bán giá rẻ nhất tại chung cư Park Kiara KĐT ParkCity Hà Nội. LH 0968 450 ***,"8,55 tỷ",91 m²,"93,96 tr/m²",3,2,"La Khê, Hà Đông","20.9673748016357, 105.754013061523"
42373991,09/03/2025,"Chính chủ bán căn 3218 hpc landmark 105,4 ngủ, 135m, full đồ nội thất","7,1 tỷ",135 m²,"52,59 tr/m²",4,3,"La Khê, Hà Đông","20.973694358565528, 105.75862749084759"
42373674,09/03/2025,"Bán CC đẹp xuất sắc tại Nguyễn Văn Trác, 5,2 tỷ, 107m2, 3PN, 2WC","5,2 tỷ",107 m²,"48,6 tr/m²",3,2,"Dương Nội, Hà Đông","20.979653767410916, 105.74377356381493"
42373649,09/03/2025,"Bán Căn hộ chung cư view đẹp tại KĐTM Dương Nội, 2,88 tỷ, 55m2","2,88 tỷ",55 m²,"52,36 tr/m²",N/A,N/A,"Dương Nội, Hà Đông","20.964067926488912, 105.74862007051706"
42372289,08/03/2025,"CHÍNH CHỦ NHÀ EM BÁN CĂN HỘ 86M2 3N, SAMSORA HÀ ĐÔNG, SẴN SỔ, FULL NỘI THẤT DỌN VỀ Ở NGAY, CỰC LỘC",5 tỷ,86 m²,"58,14 tr/m²",3,2,"Quang Trung, Hà Đông","20.975892811081117, 105.77692033350469"
42285313,08/03/2025,"Căn Góc view hồ điều hòa đẹp và rẻ nhất KĐT Thanh Hà, 76m2 2 ngủ 2vs, tầng trung full đồ sịn 2,x tỷ",Giá thỏa thuận,76 m²,N/A,2,2,"Kiến Hưng, Hà Đông","20.9400473250376, 105.786819865404"
42370474,08/03/2025,"Hàng hiếm tại Grand Sunlake, Văn Quán, Hà Đông 92m2, 3PN, giá chỉ từ 4.7 tỷ. Hướng ĐN view hồ","4,7 tỷ",92 m²,"51,09 tr/m²",3,2,"Văn Quán, Hà Đông","20.98017241790524, 105.78700136751286"
34943087,08/03/2025,"Chủ nhà cần gửi 2 căn 90m2 view hồ Mulberry Lane giá 5,xtỷ - Hotline: 0981 960 ***","5,9 tỷ",90 m²,"65,56 tr/m²",2,2,"Mỗ Lao, Hà Đông","20.9865188598633, 105.786399841309"
31670499,08/03/2025,"Chính chủ cần bán cắt lỗ ban công ĐN 127m2 tòa giá 6,x tỷ Mulberry Lane - LH: 0981 960 ***","6,9 tỷ",127 m²,"54,33 tr/m²",3,2,"Mỗ Lao, Hà Đông","20.9865188598633, 105.786399841309"
18498582,08/03/2025,Xả hàng đầu năm 2025 quỹ căn độc quyền rẻ Seasons Avenue 75m2 - 80m2 - 117m2 - 122m2 - 138m2,Giá thỏa thuận,105 m²,N/A,3,2,"Mỗ Lao, Hà Đông","20.9874956888947, 105.78683829603818"
42369476,08/03/2025,"DUY NHẤT CĂN 70M2 chung cư đẹp tại Tháp đôi Kepler Land CHỈ TỪ 4,5 tỷ LH 0981 960 ***","4,5 tỷ",66 m²,"68,18 tr/m²",N/A,N/A,"Mỗ Lao, Hà Đông","20.985182013069416, 105.78068090773013"
42369451,08/03/2025,"Hiếm! Chỉ từ nhỉnh 3 tỷ nhận nhà về ở hoặc cho thuê ngay, có tiến độ giãn 2 năm tại Hồ Gươm Plaza","6,45 tỷ",110 m²,"58,64 tr/m²",3,2,"Mỗ Lao, Hà Đông","20.97951041837689, 105.7860483499826"
42368287,08/03/2025,Quỹ căn mới nhất tháng 3.2025 Mulberry Lane- Hà Đông. LH: 0981 674 ***,Giá thỏa thuận,154 m²,N/A,N/A,N/A,"Mỗ Lao, Hà Đông","20.986773983024268, 105.78678858948935"
42368165,08/03/2025,"THỜI ĐIỂM VÀNG ĐỂ XUỐNG TIỀN ĐẦU TƯ VÀ Ở CHUNG CƯ THANH HÀ , KIẾN HƯNG , HÀ ĐÔNG .","2,3 tỷ",60 m²,"38,33 tr/m²",2,2,"Kiến Hưng, Hà Đông","20.940020702619062, 105.78719518721412"
42367627,08/03/2025,Chuyển nhượng giá siêu lợi nhuận cho các căn tại chung cư Usilk City Hà Đông,Giá thỏa thuận,114 m²,N/A,N/A,N/A,"La Khê, Hà Đông","20.97449012654789, 105.76010626511962"
42101252,07/03/2025,Chính chủ cần bán căn hộ 2 ngủ 1 wc full đồ mới đẹp ở toà Thiên Niên Kỉ đối diện bưu điện Hà Đông,"4,25 tỷ","54,5 m²","77,98 tr/m²",2,1,"Quang Trung, Hà Đông","20.9733385373564, 105.778517500969"
41588257,07/03/2025,"Hàng cực hiếm! Bán nhanh căn hộ Seasons Avenue, dt 117m2, full đồ đẹp, giá 7 tỷ, hướng mát, SHLD",7 tỷ,117 m²,"59,83 tr/m²",3,2,"Mỗ Lao, Hà Đông","20.98702621459961, 105.78683471679688"
42361576,07/03/2025,"Chính chủ bán gấp căn góc 2PN, 76m2. View đẹp thành phố. Full nội thất nóng lạnh. Giá thương lượng","3,2 tỷ",76 m²,"42,1 tr/m²",2,2,"Kiến Hưng, Hà Đông","20.9394987188397, 105.78746122360506"
42362349,07/03/2025,"Chính chủ bán chung cư Bình Vượng, diện tích 145,5 m2 3 ngủ 2 vệ sinh, giá 5,65 tỷ có thương lượng","5,65 tỷ","145,5 m²","38,83 tr/m²",3,2,"Quang Trung, Hà Đông","20.9669405714492, 105.769477453526"
42362131,07/03/2025,"Hô to lên nào, Hà Đông ơi, giá rẻ bán gấp căn chung cư đẹp chỉ 4ty 2x 82m2 the pide 2 ngủ","4,28 tỷ",82 m²,"52,2 tr/m²",2,2,"La Khê, Hà Đông","20.965871260125365, 105.75933642921422"
41786969,07/03/2025,"Giảm sâu 200 tr, căn hộ 79m2, chung cư FLC Star Tower Hà Đông","4,31 tỷ",79 m²,"54,6 tr/m²",2,2,"Quang Trung, Hà Đông","20.962882481166783, 105.76470019876199"
41797447,07/03/2025,Bán căn 3PN mẫu C 91m2 hướng Đông tại CC Park Kiara - ParkCity Hà Nội giá tốt nhất LH 0968 450 ***,"8,65 tỷ",91 m²,"95,06 tr/m²",2,2,"La Khê, Hà Đông","20.9673748016357, 105.754013061523"
42359087,07/03/2025,"Tổng hợp căn 1pn, 2pn, 3pn giá tốt tại xuân mai complex, hà đông. Lh - 0982 511 ***","3,18 tỷ",65 m²,"48,92 tr/m²",2,2,"Yên Nghĩa, Hà Đông","20.959965038775316, 105.74175724083135"
37558819,07/03/2025,Chung cư Park Kiara giá tốt - nhận nhà ở ngay - LH em 0967 368 ***,Giá thỏa thuận,60 m²,N/A,3,2,"La Khê, Hà Đông","20.9673748016357, 105.754013061523"
42357409,07/03/2025,Bán chung cư chính chủ - CT4A khu đô thị Xa La Hà Đông Hà Nội,"2,15 tỷ","54,5 m²","39,45 tr/m²",1,1,"Phúc La, Hà Đông","20.96259634835505, 105.79243917921306"
42356714,07/03/2025,Chính chủ xuống liền kề bán gấp chung cư 3 ngủ 2 ban công,"4,4 tỷ",81 m²,"54,32 tr/m²",3,2,"Phúc La, Hà Đông","20.9706045789967, 105.785109769348"
42366293,09/03/2025,"NGOẠI GIAO: 1PN- 2PN- 3PN đẹp nhất DỰ ÁN KEPLER TSQ, TẦNG ĐẸP+ HƯỚNG MÁT+ VIEW HỒ TRUNG VĂN","2,92 tỷ",45 m²,65 tr/m²,1,1,·,"20.984681101985267, 105.77999738348569"
42311818,08/03/2025,Quỹ căn độc quyền! Dự án The Charm An Hưng. Mở bán suất ngoại giao tầng đẹp lh 0983 180 *** giá tốt,"5,1 tỷ",74 m²,"68,92 tr/m²",2,2,·,"20.97528474632491, 105.76037509957708"
42037149,08/03/2025,"10 Suất ngoại giao giá rẻ nhất tại dự án The Charm An Hưng, hỗ trợ ls 0% 15 tháng, lh 0983 119 ***","5,2 tỷ",77 m²,"67,53 tr/m²",2,2,·,"20.974747808295007, 105.76082040903465"
42363641,07/03/2025,"20 căn tầng đẹp nhất dự án, giá gốc chủ đầu tư, miễn phí dịch vụ, chiết khấu siêu khủng","4,9 tỷ",70 m²,70 tr/m²,3,2,·,"20.9746455202052, 105.761068758615"
42337413,07/03/2025,"TOP 11 CĂN HỘ CÓ GIÁ BÁN TỐT NHẤT CHUNG CƯ THE CHARM AN HƯNG, NHẬN BOOKING RA HÀNG ĐỢT 3",Giá thỏa thuận,54 m²,N/A,2,1,·,"20.974681148098902, 105.76075977051738"
42347513,07/03/2025,"DUY NHẤT 5 SUẤT TẶNG 2 CHỈ VÀNG KHI ĐẶT MUA CĂN HỘ , đóng 15% kí HĐMB, LS 0% hỗ trợ 15T",Giá thỏa thuận,"72,6 m²",N/A,2,2,·,"20.974965183652394, 105.76008985709349"
41860304,07/03/2025,Cam kết Lấy Căn Tầng Đúng Nhu Cầu The Charm An Hưng - Tải Full Quỹ Căn Giá Tốt.,Giá thỏa thuận,77 m²,N/A,2,2,·,"20.9745469549635, 105.761241685925"
42367665,09/03/2025,"Tổng hợp quỹ căn bán tại Xuân Mai 1PN + 1, 2PN, 3PN. SĐT/zalo: 0376 540 ***","3,15 tỷ",70 m²,45 tr/m²,2,2,"Yên Nghĩa, Hà Đông","20.960421085236845, 105.74136443165054"
42375098,09/03/2025,"TỔNG HỢP CĂN BÁN 1,5 PN + 2PN + 3PN DỰ ÁN CHUNG CƯ HH2 XUÂN MAI COMPLEX DƯƠNG NỘI","3,17 tỷ",62 m²,"51,13 tr/m²",2,2,"Yên Nghĩa, Hà Đông","20.95989382177522, 105.74206734021593"
42092039,09/03/2025,QUỸ CĂN NGOẠI GIAO ĐẦU TIÊN ĐẸP NHẬT DỰ ÁN KEPLER LAND MỖ LAO HÀ ĐÔNG CK 16% CHO KHÁCH HÀNG ƯU TIÊN,4 tỷ,77 m²,"51,95 tr/m²",2,2,"Mỗ Lao, Hà Đông","20.9856739187377, 105.780342936538"
42301326,08/03/2025,"Mở bán quỹ 50 căn VIP CĐT tháp đôi Kepler Land-Tầng trung trục đẹp, đặt ngay nhận ck lên tới 12,8%",Giá thỏa thuận,73 m²,N/A,2,2,"Mỗ Lao, Hà Đông","20.985354061634023, 105.7796306993957"
42370598,08/03/2025,"Mở bán quỹ căn dự án Kepler Land Hà Đông: 1PN, 2PN, 3PN. Uy tín, chất lượng, giá cạnh tranh nhất!",Giá thỏa thuận,66 m²,N/A,2,N/A,"Mỗ Lao, Hà Đông","20.9845679036063, 105.784692973415"
42370178,08/03/2025,"LẤY CĂN ĐÚNG Ý - THE CHARM AN HƯNG
CHỈ TỪ 1,5 TỶ - HỖ TRỢ VAY 70% LS 0% KÝ HĐMB TRỰC TIẾP CĐT",5 tỷ,72 m²,"69,44 tr/m²",2,2,"La Khê, Hà Đông","20.974522011441646, 105.76080636051846"
42369736,08/03/2025,""" Chính Chủ "" CC Mulberry Lane, 154m2 LOẠI 4PN, Mỗ Lao, Hà Đông, HN - LH: 0981 960 ***",Giá thỏa thuận,154 m²,N/A,3,2,"Mỗ Lao, Hà Đông","20.9862187415862, 105.78629491909912"
14082007,08/03/2025,Xả hàng đầu năm quỹ căn giá tốt Mulberry Lane - LH: 0981 960 ***,Giá thỏa thuận,123 m²,N/A,3,2,"Mỗ Lao, Hà Đông","20.9868438538229, 105.786249884671"
42369634,08/03/2025,"NHẬN ĐẶT MUA CĂN GÓC 3PN 2WC 103m2 tại Tháp đôi Kepler Land, Mỗ Lao, Hà Đông - 0981 960 ***",80 triệu,103 m²,"776,7 nghìn/m²",3,2,"Mỗ Lao, Hà Đông","20.98567150629351, 105.77946668958543"
42320270,08/03/2025,Quỹ căn đối ngoại đầu tiên đẹp nhất dự án Kepler Land Mỗ Lao Hà Đông CK 10% cho khách hàng ưu tiên,"2,92 tỷ",45 m²,65 tr/m²,2,1,"Mỗ Lao, Hà Đông","20.985518421254067, 105.78010686213831"
42267738,07/03/2025,Quỹ hàng ngoại giao án chung cư Kepler Land Mỗ Lao diện tích từ 53m2 - 72m2 hỗ trợ vay Bank 70%,Giá thỏa thuận,72 m²,N/A,2,2,"Mỗ Lao, Hà Đông","20.985945385379512, 105.78014735383282"
42267607,07/03/2025,Quỹ hàng ngoại giao căn đẹp dự án chung cư The Charm -Tố Hữu triết khấu 3% cho khách hàng,Giá thỏa thuận,72 m²,N/A,2,2,"La Khê, Hà Đông","20.974552812456697, 105.76054477436087"
41588334,07/03/2025,"Thông tin chuẩn! Chính chủ bán gấp 2 căn hộ tại tòa B và tòa C Mulberry Lane, 2pn-3pn, giá giảm sâu","6,3 tỷ",116 m²,"54,31 tr/m²",3,2,"Mỗ Lao, Hà Đông","20.98651885986328, 105.7863998413086"
42001279,07/03/2025,"Chính chủ cần bán CH Goldsilk Complex Hà Đông, DT 122m2 gồm 4 ngủ 3VS full nội thất mới, giá 7tỷ",7 tỷ,122 m²,"57,38 tr/m²",4,3,"Vạn Phúc, Hà Đông","20.9785473380608, 105.772599531812"
41932151,07/03/2025,"Chính chủ trên sổ bán chung cư FLC, diện tích 113,3m2 4 ngủ 2 vệ sinh, giá 5.85 tỷ có thương lượng","5,85 tỷ","113,3 m²","51,63 tr/m²",4,2,"Quang Trung, Hà Đông","20.9627148770868, 105.765271336241"
41141828,07/03/2025,Cập nhật quỹ căn đang bán giá rẻ nhất tại chung cư Park Kiara KĐT ParkCity Hà Nội. LH 0968 450 ***,"8,55 tỷ",91 m²,"93,96 tr/m²",3,2,"La Khê, Hà Đông","20.9673748016357, 105.754013061523"
42373991,09/03/2025,"Chính chủ bán căn 3218 hpc landmark 105,4 ngủ, 135m, full đồ nội thất","7,1 tỷ",135 m²,"52,59 tr/m²",4,3,"La Khê, Hà Đông","20.973694358565528, 105.75862749084759"
42373674,09/03/2025,"Bán CC đẹp xuất sắc tại Nguyễn Văn Trác, 5,2 tỷ, 107m2, 3PN, 2WC","5,2 tỷ",107 m²,"48,6 tr/m²",3,2,"Dương Nội, Hà Đông","20.979653767410916, 105.74377356381493"
42373649,09/03/2025,"Bán Căn hộ chung cư view đẹp tại KĐTM Dương Nội, 2,88 tỷ, 55m2","2,88 tỷ",55 m²,"52,36 tr/m²",N/A,N/A,"Dương Nội, Hà Đông","20.964067926488912, 105.74862007051706"
42372289,08/03/2025,"CHÍNH CHỦ NHÀ EM BÁN CĂN HỘ 86M2 3N, SAMSORA HÀ ĐÔNG, SẴN SỔ, FULL NỘI THẤT DỌN VỀ Ở NGAY, CỰC LỘC",5 tỷ,86 m²,"58,14 tr/m²",3,2,"Quang Trung, Hà Đông","20.975892811081117, 105.77692033350469"
42285313,08/03/2025,"Căn Góc view hồ điều hòa đẹp và rẻ nhất KĐT Thanh Hà, 76m2 2 ngủ 2vs, tầng trung full đồ sịn 2,x tỷ",Giá thỏa thuận,76 m²,N/A,2,2,"Kiến Hưng, Hà Đông","20.9400473250376, 105.786819865404"
42370474,08/03/2025,"Hàng hiếm tại Grand Sunlake, Văn Quán, Hà Đông 92m2, 3PN, giá chỉ từ 4.7 tỷ. Hướng ĐN view hồ","4,7 tỷ",92 m²,"51,09 tr/m²",3,2,"Văn Quán, Hà Đông","20.98017241790524, 105.78700136751286"
34943087,08/03/2025,"Chủ nhà cần gửi 2 căn 90m2 view hồ Mulberry Lane giá 5,xtỷ - Hotline: 0981 960 ***","5,9 tỷ",90 m²,"65,56 tr/m²",2,2,"Mỗ Lao, Hà Đông","20.9865188598633, 105.786399841309"
31670499,08/03/2025,"Chính chủ cần bán cắt lỗ ban công ĐN 127m2 tòa giá 6,x tỷ Mulberry Lane - LH: 0981 960 ***","6,9 tỷ",127 m²,"54,33 tr/m²",3,2,"Mỗ Lao, Hà Đông","20.9865188598633, 105.786399841309"
18498582,08/03/2025,Xả hàng đầu năm 2025 quỹ căn độc quyền rẻ Seasons Avenue 75m2 - 80m2 - 117m2 - 122m2 - 138m2,Giá thỏa thuận,105 m²,N/A,3,2,"Mỗ Lao, Hà Đông","20.9874956888947, 105.78683829603818"
42369476,08/03/2025,"DUY NHẤT CĂN 70M2 chung cư đẹp tại Tháp đôi Kepler Land CHỈ TỪ 4,5 tỷ LH 0981 960 ***","4,5 tỷ",66 m²,"68,18 tr/m²",N/A,N/A,"Mỗ Lao, Hà Đông","20.985182013069416, 105.78068090773013"
42369451,08/03/2025,"Hiếm! Chỉ từ nhỉnh 3 tỷ nhận nhà về ở hoặc cho thuê ngay, có tiến độ giãn 2 năm tại Hồ Gươm Plaza","6,45 tỷ",110 m²,"58,64 tr/m²",3,2,"Mỗ Lao, Hà Đông","20.97951041837689, 105.7860483499826"
42368287,08/03/2025,Quỹ căn mới nhất tháng 3.2025 Mulberry Lane- Hà Đông. LH: 0981 674 ***,Giá thỏa thuận,154 m²,N/A,N/A,N/A,"Mỗ Lao, Hà Đông","20.986773983024268, 105.78678858948935"
42368165,08/03/2025,"THỜI ĐIỂM VÀNG ĐỂ XUỐNG TIỀN ĐẦU TƯ VÀ Ở CHUNG CƯ THANH HÀ , KIẾN HƯNG , HÀ ĐÔNG .","2,3 tỷ",60 m²,"38,33 tr/m²",2,2,"Kiến Hưng, Hà Đông","20.940020702619062, 105.78719518721412"
42367627,08/03/2025,Chuyển nhượng giá siêu lợi nhuận cho các căn tại chung cư Usilk City Hà Đông,Giá thỏa thuận,114 m²,N/A,N/A,N/A,"La Khê, Hà Đông","20.97449012654789, 105.76010626511962"
42101252,07/03/2025,Chính chủ cần bán căn hộ 2 ngủ 1 wc full đồ mới đẹp ở toà Thiên Niên Kỉ đối diện bưu điện Hà Đông,"4,25 tỷ","54,5 m²","77,98 tr/m²",2,1,"Quang Trung, Hà Đông","20.9733385373564, 105.778517500969"
41588257,07/03/2025,"Hàng cực hiếm! Bán nhanh căn hộ Seasons Avenue, dt 117m2, full đồ đẹp, giá 7 tỷ, hướng mát, SHLD",7 tỷ,117 m²,"59,83 tr/m²",3,2,"Mỗ Lao, Hà Đông","20.98702621459961, 105.78683471679688"
42361576,07/03/2025,"Chính chủ bán gấp căn góc 2PN, 76m2. View đẹp thành phố. Full nội thất nóng lạnh. Giá thương lượng","3,2 tỷ",76 m²,"42,1 tr/m²",2,2,"Kiến Hưng, Hà Đông","20.9394987188397, 105.78746122360506"
42362349,07/03/2025,"Chính chủ bán chung cư Bình Vượng, diện tích 145,5 m2 3 ngủ 2 vệ sinh, giá 5,65 tỷ có thương lượng","5,65 tỷ","145,5 m²","38,83 tr/m²",3,2,"Quang Trung, Hà Đông","20.9669405714492, 105.769477453526"
42362131,07/03/2025,"Hô to lên nào, Hà Đông ơi, giá rẻ bán gấp căn chung cư đẹp chỉ 4ty 2x 82m2 the pide 2 ngủ","4,28 tỷ",82 m²,"52,2 tr/m²",2,2,"La Khê, Hà Đông","20.965871260125365, 105.75933642921422"
41786969,07/03/2025,"Giảm sâu 200 tr, căn hộ 79m2, chung cư FLC Star Tower Hà Đông","4,31 tỷ",79 m²,"54,6 tr/m²",2,2,"Quang Trung, Hà Đông","20.962882481166783, 105.76470019876199"
41797447,07/03/2025,Bán căn 3PN mẫu C 91m2 hướng Đông tại CC Park Kiara - ParkCity Hà Nội giá tốt nhất LH 0968 450 ***,"8,65 tỷ",91 m²,"95,06 tr/m²",2,2,"La Khê, Hà Đông","20.9673748016357, 105.754013061523"
42359087,07/03/2025,"Tổng hợp căn 1pn, 2pn, 3pn giá tốt tại xuân mai complex, hà đông. Lh - 0982 511 ***","3,18 tỷ",65 m²,"48,92 tr/m²",2,2,"Yên Nghĩa, Hà Đông","20.959965038775316, 105.74175724083135"
37558819,07/03/2025,Chung cư Park Kiara giá tốt - nhận nhà ở ngay - LH em 0967 368 ***,Giá thỏa thuận,60 m²,N/A,3,2,"La Khê, Hà Đông","20.9673748016357, 105.754013061523"
42357409,07/03/2025,Bán chung cư chính chủ - CT4A khu đô thị Xa La Hà Đông Hà Nội,"2,15 tỷ","54,5 m²","39,45 tr/m²",1,1,"Phúc La, Hà Đông","20.96259634835505, 105.79243917921306"
42356714,07/03/2025,Chính chủ xuống liền kề bán gấp chung cư 3 ngủ 2 ban công,"4,4 tỷ",81 m²,"54,32 tr/m²",3,2,"Phúc La, Hà Đông","20.9706045789967, 105.785109769348"
36772638,09/03/2025,"Chính chủ bán căn chung cư New Skyline Văn Quán, 98m2, lô góc 3 ngủ, view hồ Văn Quán - 0983 669 ***",Giá thỏa thuận,98 m²,N/A,3,2,"Văn Quán, Hà Đông","20.9796447753906, 105.792343139648"
42375500,09/03/2025,Em cần bán căm góc 4N diện tích 143m toà HPC Land mark 105 Tố Hữu,"7,3 tỷ","142,8 m²","51,12 tr/m²",4,2,"La Khê, Hà Đông","20.973746931850506, 105.75861809390004"
42245614,09/03/2025,Em cần bán căn 3 ngủ 90.7m2 tầng trung víp toà The Terra An Hưng,"6,25 tỷ","90,7 m²","68,91 tr/m²",3,2,"La Khê, Hà Đông","20.972561136353047, 105.75686294472766"
42306872,09/03/2025,"Cần bán gấp căn 3N, 2Vs toà The Terra An Hưng","6,06 tỷ","90,7 m²","66,81 tr/m²",3,2,"La Khê, Hà Đông","20.97310635570594, 105.7571671620379"
42254155,09/03/2025,"Bán CC HPC Landmark 105, 4,8 tỷ, 86m2, 2PN, 2WC, La Khê, Hà Đông, HN, hot","4,8 tỷ",86 m²,"55,81 tr/m²",2,2,"La Khê, Hà Đông","20.974022382352352, 105.75835690162907"
41269813,09/03/2025,"Chính chủ gửi bán căn hộ 3 ngủ chung cư The Pride Hải Phát nội thất mới đẹp, sổ đỏ lâu dài, TK đẹp","5,3 tỷ",90 m²,"58,89 tr/m²",3,2,"La Khê, Hà Đông","20.9760246276855, 105.761596679688"
42355161,09/03/2025,"( Không đăng ảo) Bán CC 3PN 2WC tại Samsora Premier, 5,2 tỷ, 90m2, Q. Hà Đông","5,2 tỷ",90 m²,"57,78 tr/m²",3,2,"Quang Trung, Hà Đông","20.974937023512258, 105.77770117345446"
37278813,09/03/2025,"BÁN CĂN 3 PN, 2wc. S= 80m. Có đồ. Gía 4,x tỷ. Dự án Chung cư Xuân Mai complex Dương Nội",Giá thỏa thuận,80 m²,N/A,3,2,"Yên Nghĩa, Hà Đông","20.9597759246826, 105.741882324219"
42336633,09/03/2025,Cần bán nhanh căn 80m2 2PN 2WC toà CT4 Yên Nghĩa gần Bệnh viện Nhi và ĐH Phenikaa. LH 0946 509 ***,"4,08 tỷ",80 m²,51 tr/m²,2,2,"Yên Nghĩa, Hà Đông","20.953586966217333, 105.74150522331186"
42369441,09/03/2025,"Tôi có 15 căn ngoại giao Toà Ct4 Yên Nghĩa từ 67m2-101m2 thiết kế 2PN-3PN giá từ 45,5tr/m2","3,35 tỷ",67 m²,50 tr/m²,2,1,"Yên Nghĩa, Hà Đông","20.954816553429, 105.74071043803713"
42291477,09/03/2025,"GĐ bán căn hộ siêu hiếm tại Seasons Avenue, 134m2, 3PN + 2WC, nội thất cao cấp",10 tỷ,134 m²,"74,63 tr/m²",3,2,"Mỗ Lao, Hà Đông","20.986784442181104, 105.78700980861788"
41959803,09/03/2025,Tôi chủ nhà bán gấp trước tết căn 3PN DT 91m2 hướng mát full nội thất có slot ô tô giá 5.6 tỷ,"5,6 tỷ",91 m²,"61,54 tr/m²",3,3,"Mỗ Lao, Hà Đông","20.987315551599632, 105.78650629529398"
42277125,09/03/2025,"Chính chủ cần bán căn hộ 2pn tòa HH2L Xuân Mai Complex, dt 55m, full toàn bộ nội thất đẹp",Giá thỏa thuận,55 m²,N/A,2,1,"Yên Nghĩa, Hà Đông","20.959874932707237, 105.74181635696476"
42185708,09/03/2025,Chính chủ bán căn 55m2 HH2L Xuân Mai Complex. 2Pn full nội thất,Giá thỏa thuận,55 m²,N/A,2,1,"Yên Nghĩa, Hà Đông","20.959319312953152, 105.74132230657334"
42185658,09/03/2025,"Chính chủ cần bán gấp căn 1.5N HH2 Xuân Mai Complex, dt 49m2 LH 0383 256 ***",Giá thỏa thuận,49 m²,N/A,1,1,"Yên Nghĩa, Hà Đông","20.959818324103978, 105.74253708346757"
42185472,09/03/2025,"Chính chủ bán căn tầng 20 HH2A Xuân Mai, dt 65m2, 2Pn 2vs. Full nội thất. Lh 0383 256 ***",Giá thỏa thuận,65 m²,N/A,2,2,"Yên Nghĩa, Hà Đông","20.959054103574882, 105.74227786496695"
42362140,09/03/2025,"Bán căn 86m CT8 Dương Nội, full nội thất mới làm, 2 phòng ngủ , giá 3.xx tỷ",Giá thỏa thuận,86 m²,N/A,2,2,"Dương Nội, Hà Đông","20.979690211096703, 105.74361589718008"
42332034,09/03/2025,"Cần bán gấp căn góc 123m2 CT8 Dương Nội, 3 phòng ngủ đầy đủ nội thất. Lh 0383 256 ***",Giá thỏa thuận,123 m²,N/A,3,2,"Dương Nội, Hà Đông","20.980243571656793, 105.74376051192716"
42356779,09/03/2025,"Chính chủ e cần bán gấp căn hộ 86m2, 2pn CT8 Dương Nội, ban công Đông Nam, giá 3.7 tỷ","3,7 tỷ",86 m²,"43,02 tr/m²",2,2,"Dương Nội, Hà Đông","20.979213423162257, 105.74339350719619"
42360300,09/03/2025,"Cần bán gấp căn góc 83m2 CT7 Dương Nội, 2PN, nhà nguyên bản. Giá 3.xx tỷ. LH 0383 256 ***",Giá thỏa thuận,83 m²,N/A,2,2,"Dương Nội, Hà Đông","20.97976734530114, 105.74354433459493"
39008438,09/03/2025,"Bán căn 2 PN, 2wc. S= 62 có đồ. Gía 3.x tỷ. Dự án Chung cư Xuân Mai complex Dương Nội",Giá thỏa thuận,62 m²,N/A,2,1,"Yên Nghĩa, Hà Đông","20.9597759246826, 105.741882324219"
40105645,09/03/2025,"Bán căn 2N + 1 Park Kiara - ParkCity hướng mát cực đẹp, sẵn sổ giá 8.55 tỷ. LH: 0931 686 ***","8,55 tỷ",92 m²,"92,94 tr/m²",3,2,"La Khê, Hà Đông","20.9673748016357, 105.754013061523"
42349945,09/03/2025,"Chuyển lên trung tâm, GĐ thiện chí bán căn hộ 2pn 2vs 73m2 nhà đẹp, có sổ giá 3.65 tỷ","3,65 tỷ",73 m²,50 tr/m²,2,2,"La Khê, Hà Đông","20.9755687020742, 105.760894386092"
41582133,09/03/2025,"Bán căn hộ chung cư CT1 Yên Nghĩa, giá siêu hời chỉ với 48 triệu/m2, diện tích 75m2","3,6 tỷ",75 m²,48 tr/m²,3,2,"Yên Nghĩa, Hà Đông","20.954389572143555, 105.74456787109375"
42375226,09/03/2025,"Bán CC tại Xuân Mai Complex, 3,1 tỷ, 65m2, 2PN, 2WC, đẹp, nhiều tiện ích","3,1 tỷ",65 m²,"47,69 tr/m²",2,2,"Yên Nghĩa, Hà Đông","20.960283562554103, 105.74189572141432"
41454085,09/03/2025,"(Giá thật) chính chủ cần bán căn hộ 174m tại TSQ EuroLand, 4N 3W ban công ĐN, full nội thất, 8,5 tỷ","8,5 tỷ",174 m²,"48,85 tr/m²",4,3,"Mỗ Lao, Hà Đông","20.9834575653076, 105.78564453125"
42330850,09/03/2025,Chị gái gửi bán nhanh căn hộ 90m2 hướng cực mát tòa chung cư cao cấp Mulbery Lane - Mỗ Lao,"5,5 tỷ",90 m²,"61,11 tr/m²",2,2,"Mỗ Lao, Hà Đông","20.9872284884161, 105.786163585398"
41181554,09/03/2025,"Chính chủ bán căn 75m2, 3PN, 2VS, tầng trung tòa Anland 2. LH 0984 797 ***",Giá thỏa thuận,75 m²,N/A,3,2,"La Khê, Hà Đông","20.97723388671875, 105.76195526123047"
42366134,09/03/2025,"BÁN CĂN 2 PN, 1wc. S= 55m. Full đồ. Gía 2,x tỷ. Dự án chung cư HH2 Xuân Mai complex Dương Nội",Giá thỏa thuận,55 m²,N/A,2,1,"Yên Nghĩa, Hà Đông","20.96014230818245, 105.74167555041251"
41160119,09/03/2025,"Bán căn 3 PN, 2wc. S= 80m2 full đồ. Căn góc dự án chung cư Xuân Mai Complex Dương Nội",Giá thỏa thuận,80 m²,N/A,3,2,"Dương Nội, Hà Đông","20.9798679351807, 105.743919372559"
41120144,09/03/2025,"Bán căn 2 PN, 2WC S = 57m2 tim tường. Có đồ. Gía 3,03 tỷ dự án CT7 Dương Nội","3,03 tỷ",57 m²,"53,16 tr/m²",2,2,"Dương Nội, Hà Đông","20.979867935180664, 105.74391937255859"
42375028,09/03/2025,"Bán căn góc 101m2 3PN Hướng Đông Nam CT4 Bộ Tư Lệnh Thủ Đô, Phường Yên Nghĩa, Quận Hà Đông","4,75 tỷ",101 m²,"47,03 tr/m²",3,2,"Yên Nghĩa, Hà Đông","20.95441504367939, 105.74138486500996"
42374990,09/03/2025,Bán căn G 84m2 Lacasta - full đồ đẹp,Giá thỏa thuận,84 m²,N/A,2,2,"Phú La, Hà Đông","20.96367964646655, 105.76277310403052"
42374870,09/03/2025,"Tôi có căn 56m2, 2pn 1vs cần bán thuộc tầng trung al2 lh 0389 980 ***",Giá thỏa thuận,56 m²,N/A,2,1,"La Khê, Hà Đông","20.976638607675373, 105.76177110477265"
41172281,09/03/2025,"Chính chủ bán căn hộ 121m2 3N, Mulberry Mỗ Lao sẵn sổ, full nội thất, tầng trung dọn về ở được ngay",7 tỷ,127 m²,"55,12 tr/m²",4,2,"Mỗ Lao, Hà Đông","20.9865188598633, 105.786399841309"
42276480,09/03/2025,Bán chung cư The K Park - Văn Phú - Hà Đông,"4,35 tỷ",68 m²,"63,97 tr/m²",N/A,N/A,"Phúc La, Hà Đông","20.959655211432974, 105.7918127323262"
42175008,09/03/2025,Bán căn 1 phòng ngủ chung cư La Casta - Kđt Văn Phú - Hà Đông,"3,45 tỷ",47 m²,"73,4 tr/m²",1,N/A,"Phú La, Hà Đông","20.963544588378742, 105.76254510349273"
42318002,09/03/2025,"Bán căn hộ chung cư Samsora Premier, 4,88 tỷ, 73m2, 3PN, 2WC, full nội thất mới tinh","4,88 tỷ",73 m²,"66,85 tr/m²",3,2,"Quang Trung, Hà Đông","20.97439426018397, 105.7774752727761"
42275092,09/03/2025,"(HIẾM,GIÁ RẺ) Bán gấp căn hộ 54m2, Thiên Niên Kỷ Hà Đông, tầng trung, pháp lý rõ ràng, ở được ngay","3,5 tỷ",54 m²,"64,82 tr/m²",1,1,"Quang Trung, Hà Đông","20.97312199711979, 105.77807886948094"
41792887,09/03/2025,"(Hiếm) chính chủ bán gấp căn hộ 115m2 4PN, FLC 418 Quang Trung, sẵn sổ, full nội thất ở được ngay","5,4 tỷ",115 m²,"46,96 tr/m²",4,2,"Quang Trung, Hà Đông","20.962912173095, 105.765434419772"
37529709,09/03/2025,Chuyển công tác chính chủ bán căn 88m2 duy nhất La Casta,"6,16 tỷ",88 m²,70 tr/m²,2,2,"Phú La, Hà Đông","20.9634590148926, 105.762763977051"
41924435,09/03/2025,"Giá rẻ nhất dự án nhà tôi cần bán gấp căn hộ 86m2 3N, Samsora Hà Đông, tầng đẹp, chỉ hơn 50tr/m2","4,4 tỷ",83 m²,"53,01 tr/m²",3,2,"Quang Trung, Hà Đông","20.973126632853877, 105.77925061465574"
42336512,09/03/2025,Chính chủ bán căn 1pn 47m2 La Casta rẻ nhất thị trường,"3,45 tỷ",47 m²,"73,4 tr/m²",1,1,"Phú La, Hà Đông","20.9636812288022, 105.763322808157"
42352429,09/03/2025,"(Hiếm) bán căn hộ 78m2 3PN Samsora Cầu Am, sẵn sổ, full nội thất dọn vào ở được luôn, tầng đẹp","4,5 tỷ",78 m²,"57,69 tr/m²",3,2,"Quang Trung, Hà Đông","20.9751858045754, 105.777001983861"
40489537,09/03/2025,"Bán căn K Park 59m2 2pn2vs giá 3,9 tỉ full nội thất RẺ NHẤT THỊ TRƯỜNG","3,5 tỷ",59 m²,"59,32 tr/m²",2,2,"Phúc La, Hà Đông","20.9599056243896, 105.791801452637"
42358404,09/03/2025,"Bán gấp căn 56m2 CT7 Dương Nội, 2pn, sẵn nội thất. Giá 2.9 tỷ có thương lượng","2,9 tỷ",56 m²,"51,79 tr/m²",2,1,"Dương Nội, Hà Đông","20.979924023025042, 105.74339029682464"
40581500,09/03/2025,"Chính chủ bán CC The Pride 75m2, 2 ngủ, 2 vệ sinh. Full nội thất, tầng trung, view đẹp, giá 3,5 tỷ","3,5 tỷ",75 m²,"46,67 tr/m²",2,2,"La Khê, Hà Đông","20.9760246276855, 105.761596679688"
42274130,09/03/2025,"Bán CC đẹp tại HPC Landmark 105, 6,15 tỷ, 106m2, 3PN, 2WC","6,15 tỷ",106 m²,"58,02 tr/m²",3,2,"La Khê, Hà Đông","20.973596989700315, 105.75853427703842"
41495289,09/03/2025,"Bán căn hộ 3 pn đầy đủ nội thất gần siêu thị Aeon Mall Hà Đông, hướng Nam mát mẻ","7,47 tỷ",166 m²,45 tr/m²,3,3,"La Khê, Hà Đông","20.9710703918425, 105.760024434711"
42180959,09/03/2025,"Sở hữu căn 2PN 66m2 dễ thuê nhanh tăng giá tại Kepler Mỗ Lao, HTLS 0%",Giá thỏa thuận,66 m²,N/A,2,2,"Mỗ Lao, Hà Đông","20.9855424799849, 105.779939926931"
32222995,09/03/2025,"Chính chủ cần bán gấp căn góc 50.9m tại chung cư Mipec Kiến Hưng, Hà Đông, LH: 0973 443 ***",Giá thỏa thuận,"50,9 m²",N/A,2,1,"Kiến Hưng, Hà Đông","20.9525299072266, 105.790313720703"
42246735,09/03/2025,Ra hàng dự án chung cư Kepler Land Mỗ Lao diện tích từ 53m2 - 72m2 -101m2 hỗ trợ vay Bank giá tốt,Giá thỏa thuận,53 m²,N/A,2,2,"Mỗ Lao, Hà Đông","20.985534181575748, 105.7801757086701"
41663952,09/03/2025,Căn hộ tháp đôi The Kepler Land Mỗ Lao Hà Đông chiết khấu 3% cho khách hàng đăng kí sớm,Giá thỏa thuận,54 m²,N/A,1,1,"Mỗ Lao, Hà Đông","20.9854621887207, 105.780006408691"
42148033,09/03/2025,"Bán căn hộ 176m2, 4 ngủ tại TTTM TSQ, Mỗ Lao, Hà Đông, 9 tỷ để lại Full Nội Thất",9 tỷ,176 m²,"51,14 tr/m²",N/A,N/A,"Mỗ Lao, Hà Đông","20.977794677074158, 105.78345829709647"
42360683,09/03/2025,"Căn hộ sở hữu lâu dài từ 4 tỷ tại The Charm An Hưng giá 70tr/m2, ngân hàng htls 0% 15 tháng","3,78 tỷ",54 m²,70 tr/m²,2,2,"La Khê, Hà Đông","20.97477182199503, 105.76056015679302"
42374542,09/03/2025,"Chính chủ e cần bán gấp căn hộ 80m 3Pn Hh2 Xuân Mai Complex, nhà đẹp như ảnh",Giá thỏa thuận,80 m²,N/A,3,2,"Yên Nghĩa, Hà Đông","20.95951108902327, 105.74196727867574"
42334973,09/03/2025,"Bán gấp chung cư 2PN, 2WC tại KĐT Xa La, 3 tỷ, 70m2, Hà Đông, HN chính chủ bao đẹp",3 tỷ,70 m²,"42,86 tr/m²",2,2,"Phúc La, Hà Đông","20.9625589979388, 105.792934728569"
42077056,09/03/2025,Chính Chủ Cần Bán Căn Hộ The Pride Tố Hữu Hà Đông 103m Thoáng Đẹp,"4,9 tỷ",103 m²,"47,57 tr/m²",3,4,"La Khê, Hà Đông","20.97591929637108, 105.76203843446413"
41018478,09/03/2025,"BÁN CĂN 2 PN, 1wc. S= 55m.tòa A.B.C. Full đồ. Gía 2,x tỷ. Dự án chung cư HH2 Xuân Mai complex",Giá thỏa thuận,75 m²,N/A,2,2,"Yên Nghĩa, Hà Đông","20.959775924682617, 105.74188232421875"
41969842,09/03/2025,Chính chủ bán penthouse Park Kiara full nội thất cao cấp 5 sao,30 tỷ,200 m²,150 tr/m²,3,3,"La Khê, Hà Đông","20.9635809943809, 105.756797418108"
42310369,09/03/2025,"Bán gấp căn hộ vuông góc tại Samsora Premier, Hà Đông. Sẵn sổ, full đồ. Giá: 4.2 tỷ","4,2 tỷ",72 m²,"58,33 tr/m²",2,2,"Quang Trung, Hà Đông","20.9749790990441, 105.776282980972"
42355114,09/03/2025,"Bán CH 2PN, 2WC tại Samsora Premier, 4,2 tỷ, 70m2, Hà Đông, Hà Nội","4,2 tỷ",70 m²,60 tr/m²,2,2,"Quang Trung, Hà Đông","20.975247916715183, 105.7768950115058"
42355136,09/03/2025,"Bán CH 3PN, 2WC, 80m2 tại Samsora Premier, 4,75 tỷ, Hà Đông, HN - hàng hiếm view đẹp","4,75 tỷ",80 m²,"59,38 tr/m²",3,2,"Quang Trung, Hà Đông","20.975182614222692, 105.77653860159992"
42311875,09/03/2025,"Bán Căn Hộ 3 Ngủ Vip Tại KĐT Thanh Hà , 80m2 , Full Nội Thất Hiện Đại , Toà Mới Hh03 , Tầng Trung","2,9 tỷ",80 m²,"36,25 tr/m²",3,2,"Kiến Hưng, Hà Đông","20.939758009010028, 105.78674145994799"
42316803,09/03/2025,"Bán gấp căn hộ 2PN, 2WC giá tốt tại Thanh Hà, 63m2, khu 5 Tòa Mới Mặt Đường","2,3 tỷ",63 m²,"36,51 tr/m²",2,2,"Kiến Hưng, Hà Đông","20.940049597430814, 105.78749660488555"
42316487,09/03/2025,"Bán Căn Hộ Chung Cư Thanh Hà Mường Thanh Sang Xịn 67m2 , Toà Mới Hh03A ,2 Ngủ , 2wc , Giá hợp Lý","2,5 tỷ",67 m²,"37,31 tr/m²",2,2,"Kiến Hưng, Hà Đông","20.939287735131405, 105.78762084079659"
42280790,09/03/2025,"Bán chung cư tập thể Học Viện Chính Trị Ngô Quyền, Hà Cầu, Hà Đông, Hà Nội, 1,8 tỷ, 36m2 hốt ngay","1,8 tỷ",36 m²,50 tr/m²,2,2,"Hà Cầu, Hà Đông","20.971563329509, 105.768677724658"
42335293,09/03/2025,"Cần bán gấp căn góc 55m2 tòa CT7HJk Park View Dương Nội, 2PN 2VS. LH 0383 256 ***",3 tỷ,55 m²,"54,54 tr/m²",2,2,"Dương Nội, Hà Đông","20.979590813540216, 105.7436498349048"
42374202,09/03/2025,"Bán CC đẹp 3PN, 2WC 121m2 tại Mulberry Lane, 7 tỷ, Hà Đông, HN",7 tỷ,121 m²,"57,85 tr/m²",3,2,"Mỗ Lao, Hà Đông","20.987051995940202, 105.78599733267109"
42347866,09/03/2025,"Căn hộ 3PN + 1 + 2WC tại Mulberry Lane, Mỗ Lao, Hà Đông, 9,5 tỷ. Diện tích 153.79m2","9,5 tỷ","153,79 m²","61,77 tr/m²",3,2,"Mỗ Lao, Hà Đông","20.986559606188024, 105.78633778065198"
42348581,09/03/2025,"Bán căn hộ 3PN, 2WC tại Samsora Premier, 4,8 tỷ, 78 m2, Hà Đông, Hà Nội","4,8 tỷ",78 m²,"61,54 tr/m²",3,2,"Quang Trung, Hà Đông","20.9754804235497, 105.776526196988"
36873154,09/03/2025,TỔNG HỢP CĂN BÁN 2 PHÒNG NGỦ. DỰ ÁN CHUNG CƯ HH2 XUÂN MAI COMPLEX DƯƠNG NỘI,"3,18 tỷ",65 m²,"48,92 tr/m²",2,2,"Yên Nghĩa, Hà Đông","20.9597759246826, 105.741882324219"
41922764,09/03/2025,"Chuyển công tác Cần bán gấp căn hộ 120m2 tại GoldSilk Complex, thiết kế 3N full NT mới, Sẵn Sổ",Giá thỏa thuận,120 m²,N/A,3,2,"Vạn Phúc, Hà Đông","20.978574896976074, 105.77185837827321"
42374033,09/03/2025,Siêu hót! Căn hộ 63m tầng đẹp tại tòa CT4 KĐT Xa La - Hà Đông- Sổ đỏ chính chủ,"2,9 tỷ",63 m²,"46,03 tr/m²",2,2,"Phúc La, Hà Đông","20.961979052328875, 105.7927106431297"
42315952,09/03/2025,Ra hàng dự án The Charm An Hưng,Giá thỏa thuận,"90,8 m²",N/A,3,2,"La Khê, Hà Đông","20.9742258623285, 105.761283632678"
42303933,09/03/2025,"Gia đình bán căn góc 3 ngủ 2wc 120m2 tòa Season Avenue. Đủ nội thất, có slot, sổ đỏ. Giá 7,5 tỷ","7,5 tỷ",120 m²,"62,5 tr/m²",3,2,"Mỗ Lao, Hà Đông","20.986945813061926, 105.78674759669815"
42373971,09/03/2025,"Siêu hiếm, Toà Vinaconex 21 Quang Trung Hà Đông 150m, 4 ngủ, Lô Góc giá 34tr/m","5,15 tỷ",150 m²,"34,33 tr/m²",4,2,"Phú La, Hà Đông","20.95693612565719, 105.75687115960565"
42323086,09/03/2025,"Bán căn hộ lô góc, 75m2 tại dự án Anland Lake View giá chỉ nhỉnh 5 tỷ LH: 0848 220 ***","5,15 tỷ",75 m²,"68,67 tr/m²",2,2,"Dương Nội, Hà Đông","20.982755502143515, 105.75709923305216"
42224678,09/03/2025,"GĐ cần bán gấp căn hộ CT8A KĐT Dương Nội, dt 86m2, 3 phòng ngủ, full nội thất mới tinh, vào ở luôn",Giá thỏa thuận,86 m²,N/A,3,2,"Dương Nội, Hà Đông","20.97966203121191, 105.74365237802466"
41666590,09/03/2025,"Cần bán gấp căn hộ 2PN tòa CT7B Dương Nội, DT 56.5m2 sẵn nội thất ở luôn",Giá thỏa thuận,56 m²,N/A,2,1,"Dương Nội, Hà Đông","20.979867935180664, 105.7439193725586"
42332116,09/03/2025,"Chính chủ e cần bán gấp căn góc 107m2 tòa CT7HJK Parkview Dương Nội, 3 phòng ngủ, đầy đủ nội thất","5,2 tỷ",107 m²,"48,6 tr/m²",3,2,"Dương Nội, Hà Đông","20.9649106120751, 105.749706810817"
42244388,09/03/2025,"Cần bán căn hộ 84m2 CT8 Dương Nội sẵn nội thất, 2PN giá 3.6x tỷ, LH 0383 256 *** xem nhà luôn","3,6 tỷ",84 m²,"42,86 tr/m²",2,2,"Dương Nội, Hà Đông","20.980268168843374, 105.74368764470776"
42169298,09/03/2025,"Chính chủ bán gấp căn hộ 54m CT7 Dương Nội, full nội thất mới đẹp, giá 2.xy tỷ",Giá thỏa thuận,54 m²,N/A,2,1,"Dương Nội, Hà Đông","20.979733306463277, 105.74400531200735"
42356808,09/03/2025,"Chính chủ bán gấp căn hộ 123m2 căn góc đẹp CT8 Dương Nội, 3Pn, full nội thất, giá 5. X tỷ",Giá thỏa thuận,123 m²,N/A,3,2,"Dương Nội, Hà Đông","20.979466829545707, 105.74396214091591"
41777747,09/03/2025,"Chính chủ cần bán gấp căn hộ 86m2 CT8 Dương Nội, TK 2Pn, nhà nguyên bản, giá 3.xx tỷ",Giá thỏa thuận,86 m²,N/A,2,2,"Dương Nội, Hà Đông","20.9797279335606, 105.74429700016"
42201519,09/03/2025,Cần bán gấp căn 107m2 tòa Ct7 Dương Nội. 3PN sẵn nội thất. Giá 4. Xx tỷ,Giá thỏa thuận,107 m²,N/A,3,2,"Dương Nội, Hà Đông","20.979523100836673, 105.74346110897233"
40790376,09/03/2025,"Cần bán căn 49m2 tòa HH2 Xuân Mai Complex, TK 1.5N sẵn nội thất ở luôn",Giá thỏa thuận,49 m²,N/A,2,1,"Yên Nghĩa, Hà Đông","20.9597759246826, 105.741882324219"
42204728,09/03/2025,"Cần bán gấp căn hộ 86m2, 3 phòng ngủ tòa CT8D Dương Nội, full nội thất ở luôn",Giá thỏa thuận,86 m²,N/A,3,2,"Dương Nội, Hà Đông","20.9797588353487, 105.74401199976437"
42255418,09/03/2025,"Bán CC đẹp xuất sắc tại The Pride, 4,45 tỷ, 81m2, 2PN, 2WC, Hà Đông, HN","4,45 tỷ",81 m²,"54,94 tr/m²",2,2,"La Khê, Hà Đông","20.976150602609824, 105.76239365199768"
42373710,09/03/2025,HIẾM CÓ KHÓ TÌM! Bán NHANH Căn GÓC 74m2 ban công Đông Nam tại CT4 The Pride.,Giá thỏa thuận,74 m²,N/A,2,2,"La Khê, Hà Đông","20.975526543294137, 105.76190311319853"
42113663,09/03/2025,"Gia đình em bán gấp CH 88m2 2pn 2wc full nội thất, view thoáng ở ct4 The Pride, Tố Hữu, giá 4 tỷ",4 tỷ,88 m²,"45,46 tr/m²",2,2,"La Khê, Hà Đông","20.97680719045062, 105.76124742491987"
42338442,09/03/2025,"Bán căn hộ chung cư tại Samsora Premier, 4,5 tỷ, 78 m2, Full nội thất mới xịn, khách mua về ở ngay","4,5 tỷ",78 m²,"57,69 tr/m²",3,2,"Quang Trung, Hà Đông","20.975032231095597, 105.77703561732874"
42252139,09/03/2025,"81m2 2pn 2wc, ban công Đông nam siêu mát, chỉ 4,5 tỷ bao phí","4,5 tỷ",81 m²,"55,56 tr/m²",2,2,"Quang Trung, Hà Đông","20.97591289695918, 105.77699532448436"
42296199,09/03/2025,"3 ngủ sẵn sổ, hỗ trợ vay, đã full nội thất chỉ 4.8 tỷ","4,7 tỷ",81 m²,"58,02 tr/m²",3,2,"Quang Trung, Hà Đông","20.97424311497589, 105.77704494913895"
41956399,09/03/2025,Căn 3PN 2WC - 107m2 - CC Booyoung tầng trung NT cơ bản giá 6.5 tỷ BP có TL,"6,5 tỷ",107 m²,"60,75 tr/m²",3,2,"Mỗ Lao, Hà Đông","20.98316379476579, 105.78323492741353"
41115265,09/03/2025,"Căn 4PN 3WC - Goldsilk Complex - 123m2 tầng trung NT đầy đủ SĐCC, giá 6.9 tỷ","6,9 tỷ",123 m²,"56,1 tr/m²",4,3,"Vạn Phúc, Hà Đông","20.9784393310547, 105.772644042969"
41764007,09/03/2025,"Bán gấp căn hộ 2PN diện tích 55m2 full đồ giá bán 2,5 tỷ sổ đỏ lâu dài tại KĐT Xa La, Hà Đông","2,5 tỷ",55 m²,"45,46 tr/m²",2,1,"Phúc La, Hà Đông","20.962467193603516, 105.79236602783203"
42373706,09/03/2025,Chính Chủ Bán Căn Hộ Lacasta Văn Phú Hà Đông Dt : 112 Nguyên Bản LH: 0929 656 ***,Giá thỏa thuận,112 m²,N/A,3,2,"Văn Quán, Hà Đông","20.98015791474474, 105.78869463282062"
42320378,09/03/2025,"Bán căn hộ 98m thiết kế 3PN đầy đủ nội thất giá bán 5,3 tỷ tại chung cư Xuân Mai Riverside Mỗ Lao","5,3 tỷ",98 m²,"54,08 tr/m²",3,2,"Mỗ Lao, Hà Đông","20.9852141692054, 105.779018407347"
42319824,09/03/2025,"Gia đình cần bán căn hộ 82m2 thiết kế 3PN full nội thất giá 4,4 tỷ tại chung cư Samsora Hà Đông","4,4 tỷ",82 m²,"53,66 tr/m²",3,2,"Quang Trung, Hà Đông","20.9749175228744, 105.777086967292"
41315772,09/03/2025,Hiếm! Căn 3PN2WC - Samsora 78m2 hướng mát full nội thất giá 4.8 tỷ,Giá thỏa thuận,78 m²,N/A,3,2,"Quang Trung, Hà Đông","20.973217010498, 105.778854370117"
38632005,09/03/2025,"BÁN CĂN 2 PN, S= 65 có đồ. Gía 3.1x tỷ. Dự án Chung cư Xuân Mai complex Dương Nội",Giá thỏa thuận,65 m²,N/A,2,1,"Yên Nghĩa, Hà Đông","20.9597759246826, 105.741882324219"
37999318,09/03/2025,"Do chuyển công tác cần bán gấp căn 2PN+1 91m2 lâu dài, hướng ĐN view hồ tầng 2x. Giá 5.x tỷ","5,75 tỷ",91 m²,"63,19 tr/m²",3,2,"Văn Quán, Hà Đông","20.979528427124, 105.787567138672"
42236821,09/03/2025,"Bán CC The Sparks, 2,75 tỷ, 56,5m2, 2PN, 1WC, view đẹp, tiện ích đầy đủ tại Dương Nội, Hà Đông, HN","2,75 tỷ","56,5 m²","48,67 tr/m²",2,1,"Dương Nội, Hà Đông","20.979510167931608, 105.74393291928428"
41303311,09/03/2025,"Chính chủ bán gấp căn hộ CT7C Khu ĐTM Dương Nội 2, giá nhỉnh 2. 8x nhỏ lh 0352 248 ***",Giá thỏa thuận,54 m²,N/A,2,1,"Dương Nội, Hà Đông","20.9810199737549, 105.754898071289"
42228291,09/03/2025,"Bán căn hộ chung cư Vạn Phúc, Hà Đông, Hà Nội, 2,9 tỷ, 90m2, 3 ngủ 0981 715 ***","2,9 tỷ",90 m²,"32,22 tr/m²",3,3,"Vạn Phúc, Hà Đông","20.979816732488, 105.771798755288"
42345171,09/03/2025,"Chính chủ cần bán CC Usilk City diện tích 94m2, 3PN + 2WC, full nội thất","4,95 tỷ",94 m²,"52,66 tr/m²",3,2,"La Khê, Hà Đông","20.974672117106586, 105.76006412088825"
41931761,09/03/2025,"Hàng hiếm! Chính chủ bán căn 80m, hướng ĐN tại CT4 Yên Nghĩa - giá bán 3,55 tỷ, full nội thất","3,55 tỷ",80 m²,"44,38 tr/m²",2,2,"Yên Nghĩa, Hà Đông","20.953861377731503, 105.7415532256794"
42135860,09/03/2025,"Chính chủ bán căn CT4 Yên Nghĩa 67m2 bán giá rẻ nhất thị trường 43tr/m2, ban công Đông Nam",3 tỷ,67 m²,"44,78 tr/m²",2,1,"Yên Nghĩa, Hà Đông","20.953952536875487, 105.74057612855958"
42273063,09/03/2025,"Hàng hiếm! Chính chủ bán nhanh căn hộ 90m2 3PN 2WC chung cư CT4 Yên Nghĩa đẹp nhất khu. Giá 3,8 tỷ","3,8 tỷ",90 m²,"42,22 tr/m²",3,2,"Yên Nghĩa, Hà Đông","20.95425298882129, 105.74120386119489"
40796164,09/03/2025,"Hàng hiếm! Chính chủ cần bán gấp căn hộ 98m2 với 3PN 2W giá chỉ 4,2 tỷ tại The Pride Hải Phát","4,2 tỷ",98 m²,"42,86 tr/m²",3,2,"La Khê, Hà Đông","20.9760246276855, 105.761596679688"
40570194,09/03/2025,"Chính chủ bán căn hộ 74m2 tại Samsora, 2pn 2w, ban công ĐN, full nội thất cao cấp, giá bán 3,8 tỷ","3,8 tỷ",74 m²,"51,35 tr/m²",2,2,"Quang Trung, Hà Đông","20.973217010498, 105.778854370117"
42062916,09/03/2025,"Bán căn hộ 70m2 2PN, 2VS tòa CT5A Xa La full đồ xịn như ảnh. Giá 3.19 tỷ. LH 0965 859 ***","3,19 tỷ",70 m²,"45,57 tr/m²",2,2,"Kiến Hưng, Hà Đông","20.962114516529166, 105.79273609394352"
40204937,09/03/2025,Cần bán gấp căn hộ CT7 Dt 107m2 đủ nội thất giá 4.9 tỷ . Lh: 0988 187 ***,Giá thỏa thuận,107 m²,N/A,3,2,"Dương Nội, Hà Đông","20.9643268585205, 105.749549865723"
10348628,09/03/2025,"Bán gấp CHCC Dương Nội rộng 86m2 2 ngủ, 2WC, loza, đủ đồ giá 3.7tỷ. LH: 0988 187 ***","3,7 tỷ",86 m²,"43,02 tr/m²",2,2,"Dương Nội, Hà Đông","20.9810199737549, 105.754898071289"
42061822,09/03/2025,"Bán gấp căn hộ Ct7hjk dt 55m căn góc 2 ngủ , 2 wc đủ đồ giá 3 tỷ . Lh : 0988 187 ***",3 tỷ,55 m²,"54,54 tr/m²",2,2,"Dương Nội, Hà Đông","20.980440555719678, 105.75468292409538"
41701799,09/03/2025,"Cần bán gấp căn hộ CT7 Dương Nội DT 62m2 căn góc 2 ngủ, 1 wc đủ đồ. Lh: 0988 187 ***","3,1 tỷ",62 m²,50 tr/m²,2,1,"Dương Nội, Hà Đông","20.98102, 105.7549"
39807816,09/03/2025,"Bán gấp căn hộ CT7 Dương Nội DT 83.3m2 thiết kế 2PN, 2 WC giá bán 3.790tỷ, LH: 0988 187 ***","3,79 tỷ",81 m²,"46,79 tr/m²",2,2,"Dương Nội, Hà Đông","20.9798679351807, 105.743919372559"
41951852,09/03/2025,Chính chủ bán căn hộ ct7 ban công Đông Bắc view nội khu full đồ giá 2ty750tr . Lh : 0988 187 ***,"2,75 tỷ",55 m²,50 tr/m²,2,1,"Dương Nội, Hà Đông","20.9811391227586, 105.754734756229"
31537422,09/03/2025,"Chính chủ bán căn hộ 3PN, DT 116m2 chung cư Season Avenue, giá 7 tỷ bao phí, LH 0932 392 ***",7 tỷ,116 m²,"60,34 tr/m²",3,2,"Mỗ Lao, Hà Đông","20.987026214599609, 105.78683471679688"
41988211,09/03/2025,"Chính chủ e cần bán gấp căn 3 phòng ngủ tòa CT8D Dương Nội, dt 86m, full nội thất vào ở luôn",Giá thỏa thuận,86 m²,N/A,3,2,"Dương Nội, Hà Đông","20.97992594662691, 105.74446278869604"
42326089,09/03/2025,"Chính chủ bán gấp căn hộ 2PN CT8 Dương Nội, sẵn nội thất, giá 3.6x tỷ",Giá thỏa thuận,84 m²,N/A,2,2,"Dương Nội, Hà Đông","20.979611792799243, 105.743625677265"
42348353,09/03/2025,"Rẻ nhất thị trường cần thanh toán thẳng tiền mặt, bán nhanh căn 75m The Pride 2 phòng ngủ","3,68 tỷ",75 m²,"49,07 tr/m²",2,2,"La Khê, Hà Đông","20.975402313222258, 105.76164967300282"
42287442,09/03/2025,GD cần bán gấp căn góc 112m2 (3N 2W) đẹp nhất dự án HPC Landmark 105. Giá 5tỷ850,"5,85 tỷ",112 m²,"52,23 tr/m²",3,3,"La Khê, Hà Đông","20.9736671447754, 105.758712768555"
42336101,09/03/2025,"Bán căn hộ chung cư Mulberry Lane toà A, 119 m2 (3n 2vs). Full nội thất, sẵn sổ",Giá thỏa thuận,119 m²,N/A,3,2,"Mỗ Lao, Hà Đông","20.987075966527417, 105.78621885171967"
42336029,09/03/2025,"Bán căn hộ chung cư Mulberry Lane, giá cực rẻ 129.1m2, 4PN, 2WC, view đẹp. Sẵn sổ giao dịch",7 tỷ,"129,1 m²","54,22 tr/m²",4,2,"Mỗ Lao, Hà Đông","20.986515221842158, 105.78625639392509"
36300760,09/03/2025,Cần tiền nên bán nhanh căn hộ chung cư tòa CT4 - KĐT Xa La. LH 0975 912 ***,"2,9 tỷ",63 m²,"46,03 tr/m²",2,2,"Phúc La, Hà Đông","20.9624671936035, 105.792366027832"
32611429,09/03/2025,"tôi chính chủ cần bán căn hộ chung cư CT5 Xa La, 77m2, cần bán gấp LH 0989 862 ***","3,18 tỷ",77 m²,"41,3 tr/m²",2,2,"Phúc La, Hà Đông","20.9624671936035, 105.792366027832"
37101202,09/03/2025,"Bán nhanh căn chung cư tòa CT1B1 Khu Đô Thị Xa La, Hà Đông, LH 0989 862 ***","2,65 tỷ",75 m²,"35,33 tr/m²",2,1,"Phúc La, Hà Đông","20.9624671936035, 105.792366027832"
41938111,09/03/2025,"Tôi cần bán nhanh căn hộ 2 ngủ đẹp, thoáng ban công Đông Nam mát rượi giá chỉ hơn 2 tỷ","2,6 tỷ",63 m²,"41,27 tr/m²",2,2,"Phúc La, Hà Đông","20.9620629882064, 105.792397241779"
42321898,09/03/2025,"Bán gấp căn góc 3PN, 2WC, 104m2 SĐCC, NT full đồ giá 2,4x KĐT Xa La, Phúc La, Hà Đông, Hà Nội",Giá thỏa thuận,104 m²,N/A,3,2,"Phúc La, Hà Đông","20.962456241008507, 105.79266191415911"
42321955,09/03/2025,"Bán gấp CC 2PN, 75m2 SĐCC tại Toà CT5 KĐT Xa La, Hà Đông, giá nhỉnh 3 tỷ",Giá thỏa thuận,75 m²,N/A,2,2,"Phúc La, Hà Đông","20.963001819219574, 105.79239075931127"
42303728,09/03/2025,Quỹ hàng đẹp The Charm An Hưng giá siêu hấp dẫn. LH 0968 771 ***,"4,2 tỷ",54 m²,"77,78 tr/m²",2,2,"La Khê, Hà Đông","20.974545991295813, 105.76047412449824"
42350097,09/03/2025,"Gia đình thiện chí bán căn góc 98m2 3pn 2vs tầng trung, view thoáng, sẵn sổ giao dịch, giá 5.2 tỷ","5,2 tỷ",98 m²,"53,06 tr/m²",3,2,"La Khê, Hà Đông","20.9757525460811, 105.760764126356"
42361113,09/03/2025,"Bán chung cư Nàng Hương - 583 Nguyễn Trãi Mới đẹp, DT 110m, 3ngủ, 2VS, SĐCC, 5.7tỷ. LH 0962 797 ***","5,7 tỷ",110 m²,"51,82 tr/m²",3,2,"Văn Quán, Hà Đông","20.98641017670906, 105.79528632076244"
42371995,09/03/2025,"Căn hộ 2PN, 2VS tại The Pride, Tố Hữu, La Khê, Hà Đông, 4,2 tỷ","4,2 tỷ",81 m²,"51,85 tr/m²",2,2,"La Khê, Hà Đông","20.975584875888078, 105.7607697979522"
42350411,09/03/2025,"Bán CC 3PN 2WC tại The Pride, Tố Hữu, La Khê, Hà Đông, 5,25 tỷ, 98m2 giá tốt Toà CT2 căn hiếm","5,25 tỷ",98 m²,"53,57 tr/m²",3,2,"La Khê, Hà Đông","20.975729796606572, 105.76123991504834"
41113717,09/03/2025,Cần bán Căn 2PN+1.2WC - 92m2 Thiên Niên Kỷ hướng mát giá 6.28 tỷ,"6,28 tỷ",96 m²,"65,42 tr/m²",2,2,"Quang Trung, Hà Đông","20.9733200073242, 105.778282165527"
42330215,09/03/2025,"Chính chủ bán căn hộ tầng 19 tòa B chung cư Sails Tower Sông Nhuệ, Hà Đông, 47m2 có sổ đỏ 2PN, 1WC",Giá thỏa thuận,47 m²,N/A,2,1,"Kiến Hưng, Hà Đông","20.96008013818122, 105.79943614025866"
42265345,09/03/2025,Lý do nào để Kepker Land tự tin ở giá dự kiến 8x triệu/m2 không hề rẻ,Giá thỏa thuận,83 m²,N/A,2,2,"Mỗ Lao, Hà Đông","20.9859539767677, 105.780545204056"
41281892,09/03/2025,Hiếm ! bán Căn 3PN2WC - 91m2 Xuân Mai Riverside nội thất Full 5.555 tỷ,"5,56 tỷ",91 m²,"61,04 tr/m²",3,2,"Mỗ Lao, Hà Đông","20.9851932525635, 105.779029846191"
42372807,08/03/2025,Siêu hiếm! Nhỉnh 6 tỷ sở hữu ngay căn hộ 3PN -2WC 91m2 trung tâm quận Hà Đông,"6,34 tỷ",91 m²,"69,68 tr/m²",3,2,"La Khê, Hà Đông","20.9745144264863, 105.760447789376"
42372784,08/03/2025,"Bán CH 88m2, 2PN, 2WC bc đông nam, tầng trung tại The Pride, 4,5 tỷ, Đ.Tố Hữu, Hà Đông","4,5 tỷ",88 m²,"51,14 tr/m²",2,2,"La Khê, Hà Đông","20.9760246276855, 105.761596679688"
38739958,08/03/2025,Em Hà Phương bán nhiều căn hộ tòa CT6 Xa La. Hotline 0986 186 ***,"2,8 tỷ",66 m²,"42,42 tr/m²",2,2,"Phúc La, Hà Đông","20.9624671936035, 105.792366027832"
42372752,08/03/2025,"Bán căn hộ chung cư The Pride, 4,2 tỷ, 81m2, 2PN, 2WC, đầy đủ nội thất tại Hà Đông, Hà Nội","4,2 tỷ",81 m²,"51,85 tr/m²",2,2,"La Khê, Hà Đông","20.976062122262125, 105.7615226480842"
42372717,08/03/2025,Suất giá rẻ (đợt 1) căn góc 3 PN (96m2) - ban công Đông Nam - full NT cao cấp - The Charm Tố Hữu,"7,2 tỷ",96 m²,75 tr/m²,3,2,"La Khê, Hà Đông","20.97473793706822, 105.76029733188575"
42372707,08/03/2025,"Bán Căn Hộ CC _ PC1 Nàng Hương 583 Nguyễn Trãi ,Văn Quán ,Hà Đông ,140m2 ,4Ngủ ,2vs ,Lh 0914 239 ***",Giá thỏa thuận,140 m²,N/A,4,2,"Văn Quán, Hà Đông","20.985959318200795, 105.79587421969777"
42372666,08/03/2025,"Bán gấp căn hộ tầng 15 view hồ 63,2m2 Thanh Hà Mường Thanh","2,33 tỷ",63 m²,"36,98 tr/m²",2,2,"Kiến Hưng, Hà Đông","20.939219260695033, 105.78702798876664"
42300966,08/03/2025,"Siêu rẻ, bán nhanh CH 815 - CT5 Xa La, 76m2, 2 ngủ 2vs sổ đỏ full NT. Giá chỉ 3 tỷ LH 0976 572 ***",3 tỷ,76 m²,"39,47 tr/m²",2,2,"Phúc La, Hà Đông","20.9623409329309, 105.79266024507943"
41070323,08/03/2025,"Bán căn hộ Mipec Hà Đông, sổ đỏ 60m2, 2ngủ 2vs, full nội thất và đồ điện tử, nhà đẹp vào ở ngay","2,34 tỷ",60 m²,39 tr/m²,2,2,"Kiến Hưng, Hà Đông","20.952529907226562, 105.79031372070312"
39231281,08/03/2025,"Chung cư SME HOÀNG GIA, Hà Đông",4 tỷ,84 m²,"47,62 tr/m²",2,2,"Quang Trung, Hà Đông","20.9667491912842, 105.769844055176"
42372397,08/03/2025,"Căn hộ chung cư bán tại Ngô Thì Nhậm, 3,6 tỷ, 61m2 2 ngủ view đẹp, gần tiện ích!","3,6 tỷ",61 m²,"59,02 tr/m²",2,1,"Hà Cầu, Hà Đông","20.96909007080781, 105.76857401072347"
42262845,08/03/2025,"Bán CC A5 Học Viện Quân Y hà đông 72m2 2PN 2WC giá 3,9 tỷ bàn giao 2021 full đồ","3,9 tỷ",72 m²,"54,17 tr/m²",2,2,"Phúc La, Hà Đông","20.9697237944265, 105.786024506087"
42372278,08/03/2025,"Bán CC 57m2, 2PN Kiến Hưng giá 2.4x tỷ",Giá thỏa thuận,57 m²,N/A,2,1,"Kiến Hưng, Hà Đông","20.9385344003316, 105.733350711413"
40447453,08/03/2025,"Hàng hiếm! Chính chủ bán gấp căn 75m2 CC The Terra An Hưng, 2PN, 2VS full nội thất. Giá bán 4,3 tỷ","4,3 tỷ",75 m²,"57,33 tr/m²",2,2,"Dương Nội, Hà Đông","20.9732059024869, 105.757287524864"
41780162,08/03/2025,Chung cư Tố Hữu Hà Đông khu cao cấp giá dự kiến 7xtr/m2,Giá thỏa thuận,72 m²,N/A,2,2,"Mỗ Lao, Hà Đông","20.984977109760646, 105.7796291277266"
42372297,08/03/2025,Chính Chủ Bán Căn Hộ Lacasta Văn Phú Hà Đông Dt : 112 Nguyên Bản LH: 0929 656 ***,Giá thỏa thuận,112 m²,N/A,3,2,"Văn Quán, Hà Đông","20.979964838970087, 105.78838762700245"
39501949,08/03/2025,"Em cần bán căn A (60m2) 1N+1 ở Park Kiara - Park City rẻ nhất thị trường giá 5,7 tỷ. LH: 0397 588 ***","5,7 tỷ",60 m²,95 tr/m²,2,1,"La Khê, Hà Đông","20.9673748016357, 105.754013061523"
42059663,08/03/2025,"Nhà mới tập thể Lương Ngọc Quyến, Hà Đông, giáp thanh xuân, 2thoáng, 3PN, 2vs, vị trí lộc 75m/2,3tỷ","2,3 tỷ",75 m²,"30,67 tr/m²",3,2,"Văn Quán, Hà Đông","20.9842685085182, 105.79495692044"
42372194,08/03/2025,"Chính chủ bán căn hộ tòa Xuân Mai Complex, Hà Đông 80m2 full đồ 3PN 2VS căn góc, Hà Nội",Giá thỏa thuận,80 m²,N/A,3,2,"Yên Nghĩa, Hà Đông","20.959988418022608, 105.74231674226515"
42287048,08/03/2025,"Chính thức mở bán căn hộ The Charm An Hưng, quý 4 2025 bàn giao nhận nhà ở ngay. Lh 0924 199 ***",Giá thỏa thuận,54 m²,N/A,2,N/A,"La Khê, Hà Đông","20.97470254202517, 105.76071376434612"
42249331,08/03/2025,"GĐ e bán căn hộ chung cư tại TTTM TSQ, 11 tỷ, 225m2 (4PN, 3WC). Sẵn sổ, Full đồ",11 tỷ,225 m²,"48,89 tr/m²",4,3,"Mỗ Lao, Hà Đông","20.978115421199178, 105.78304683357813"
42372139,08/03/2025,"Chính chủ bán căn hộ tòa Xuân Mai Complex, Hà Đông 80m2 full đồ 3PN 2VS","4,1 tỷ",80 m²,"51,25 tr/m²",3,2,"Yên Nghĩa, Hà Đông","20.959775924682617, 105.74188232421875"
42337335,08/03/2025,"Chính chủ bán căn 2 phòng ngủ 61m2 Xuân Mai Riverside Thanh Bình. Giá 4,1 tỷ","4,1 tỷ",61 m²,"67,21 tr/m²",2,2,"Mỗ Lao, Hà Đông","20.9851948512753, 105.779025012268"
40149993,08/03/2025,Chính chủ bán rẻ căn 111m2 ban công Đông Nam La Casta thu tiền về rẻ 200 tr,"7,15 tỷ",111 m²,"64,41 tr/m²",3,2,"Phú La, Hà Đông","20.9634590148926, 105.762763977051"
42325265,08/03/2025,Độc quyền!Quỹ ngoại giao mở bán đợt2 tầng 12-15-19-21. Gói chiết khấu vip từ CĐT hỗ trợ lãi suất 0%,Giá thỏa thuận,54 m²,N/A,2,2,"La Khê, Hà Đông","20.974698461008757, 105.76073069945471"
42015542,08/03/2025,"Hàng Hiếm! Bán Căn Hộ 75m2 Tại The Pride Giá Chỉ 3.8 tỷ Thiết Kế 2N Sang Trọng, Full Nội Thất Mới","3,8 tỷ",75 m²,"50,67 tr/m²",2,2,"La Khê, Hà Đông","20.975363783752492, 105.76162885342528"
42332583,08/03/2025,"Bán CH 2PN view đẹp tại The Pride, 4,25 tỷ, 81m2, Tố Hữu, Hà Đông, Hà Nội","4,25 tỷ",81 m²,"52,47 tr/m²",2,2,"La Khê, Hà Đông","20.976142434923943, 105.76104856095297"
42312395,08/03/2025,"Bán CC Xuân Mai Tower - CT2 Tô Hiệu, 3,35 tỷ, 60,5m2, 2PN, 1WC, hàng hot","3,35 tỷ","60,5 m²","55,37 tr/m²",2,1,"Hà Cầu, Hà Đông","20.963372909179068, 105.77378298767431"
42043492,08/03/2025,Chính chủ bán căn 68m2 hướng Đông Bắc duy nhất K Park tầng trung,"4,29 tỷ",68 m²,"63,09 tr/m²",2,2,"Phúc La, Hà Đông","20.96021011655164, 105.79175553449535"
41587704,08/03/2025,BÁN CĂN GÓC 68.9m2 2PN - 2WC - 2BC CĂN GÓC VUÔNG VẮN CC MIPEC KIẾN HƯNG HÀ ĐÔNG - LH : 0838 551 ***,"3,6 tỷ","68,9 m²","52,25 tr/m²",2,2,"Kiến Hưng, Hà Đông","20.9525299072266, 105.790313720703"
41681034,08/03/2025,Mipec City View - Bán CH 51m2 2PN - 1WC Đồ NTCB - Tầng Trung - Liên hệ xem nhà : 0838 551 *** .,Giá thỏa thuận,51 m²,N/A,2,1,"Kiến Hưng, Hà Đông","20.952529907226562, 105.79031372070312"
42371767,08/03/2025,BÁN CĂN HỘ CHUNG CƯ PHÚ THỊNH GREEN PARK 83m2 GIÁ CHỈ 5 TỶ. LH 0854 478 ***,Giá thỏa thuận,83 m²,N/A,2,2,"Hà Cầu, Hà Đông","20.966589477704215, 105.77853467150207"
33054353,08/03/2025,"Chính chủ bán căn góc 3PN, 109m2, view hồ công viên. Giá tốt nhất thị trường. LH 0963 225 ***",Giá thỏa thuận,109 m²,N/A,3,2,"Dương Nội, Hà Đông","20.9830436706543, 105.757339477539"
41782164,08/03/2025,"Bán căn hộ 2PN + 2WC tại Anland LakeView, 4,8 tỷ, 74,5m2, Hà Đông, Hà Nội","4,8 tỷ","74,5 m²","64,43 tr/m²",2,2,"Dương Nội, Hà Đông","20.983022984796495, 105.75734461323762"
42371737,08/03/2025,CHÍNH CHỦ CẦN BÁN CĂN 118m2 CHUNG CƯ LA CASTA VĂN PHÚ HÀ ĐÔNG. LH 0854 478 ***,Giá thỏa thuận,118 m²,N/A,3,2,"Phú La, Hà Đông","20.964250992018577, 105.76234380898883"
42363158,08/03/2025,Kepler Land cái tên đang làm sôi sục thị trường bất động sản,Giá thỏa thuận,66 m²,N/A,2,2,"Mỗ Lao, Hà Đông","20.9848026947211, 105.77989417473"
42371711,08/03/2025,"SIÊU PHẨM CCMN - Nguyễn Công Trứ - HD, 88m, 6 tầng, MT5,7m, tháng máy, 17 phòng kk, Giá nhỉnh 19tỷ","19,8 tỷ",88 m²,225 tr/m²,N/A,N/A,"Vạn Phúc, Hà Đông","20.9720640661505, 105.784396607318"
39634943,08/03/2025,"Chính chủ bán căn góc 85m2/96m2 tòa Anland 2, tầng đẹp, full nội thất. Giá tốt. LH 0963 225 ***",Giá thỏa thuận,96 m²,N/A,3,2,"Dương Nội, Hà Đông","20.97723388671875, 105.76195526123047"
42348390,08/03/2025,"Bán CC 3PN, 90m2 giá siêu hời tại Khu nhà ở Bộ Tư lệnh Thủ đô Hà Nội, Hà Đông, HN","4,14 tỷ",90 m²,46 tr/m²,3,2,"Yên Nghĩa, Hà Đông","20.954249156993185, 105.74149989961467"
42371487,08/03/2025,"Siêu phẩm chung cư mini tại Yên Nghĩa-Hà Đông.Dt50m 7tầng thang máy,Mt5m 15phòng giá 15.6tỷ","15,6 triệu",50 m²,312 nghìn/m²,15,15,"Yên Nghĩa, Hà Đông","20.9486145795478, 105.746389636727"
35061983,08/03/2025,"Chính chủ cần bán gấp căn 74m2 hướng Đông Nam dự án The Terra An Hưng giá 4,x tỷ full đồ, có sổ đỏ",Giá thỏa thuận,74 m²,N/A,2,2,"Dương Nội, Hà Đông","20.9743461608887, 105.754165649414"
41686509,08/03/2025,Chính chủ bán CH 80m2 3PN 2VS Full Nội Thất - Nhà Đẹp - Chỉ việc xách valy về ở - Giá tốt nhất khu,Giá thỏa thuận,80 m²,N/A,3,2,"Kiến Hưng, Hà Đông","20.952529907226562, 105.79031372070312"
42218635,08/03/2025,"Bán chung cư Anland Premium 3PN 2VS diện tích 74m2 84m2 sẵn sổ, nhà mới đẹp giá 4,8 tỷ LH0911 460 ***","4,8 tỷ",84 m²,"57,14 tr/m²",3,2,"La Khê, Hà Đông","20.976961599644916, 105.76193063836219"
42335983,08/03/2025,Tôi có căn 2PN 2VS tại Anland 2 tầng 1x bán 0389 980 ***,Giá thỏa thuận,67 m²,N/A,2,2,"La Khê, Hà Đông","20.9772338867188, 105.76195526123"
42312914,08/03/2025,"Chính chủ bán căn cc 68m2 Kpark Văn Phú Hà Đông tầng trung, view công viên",Giá thỏa thuận,68 m²,N/A,2,2,"Phúc La, Hà Đông","20.9599705922078, 105.7923321277243"
42371236,08/03/2025,Bán 3pn 2vs (2 + 1) Anland 2 tầng trung vip giá thương thảo trực tiếp chủ. LH 0389 980 ***,Giá thỏa thuận,73 m²,N/A,3,2,"La Khê, Hà Đông","20.9772338867188, 105.76195526123"
42371255,08/03/2025,"Bán Căn Hồ Gươm Plaza, giá tốt 6,3 tỷ, 129m2, 3PN, 2WC, Hà Đông. Full nội thất. Lh 0792 826 ***","6,3 tỷ",129 m²,"48,84 tr/m²",3,2,"Mỗ Lao, Hà Đông","20.979229609290055, 105.78535832050864"
41905410,08/03/2025,"Mở bán căn 92m2 sở hữu lâu dài view hồ, ký trực tiếp CĐT Grand Sunlake",Giá thỏa thuận,92 m²,N/A,3,2,"Văn Quán, Hà Đông","20.979940353755918, 105.7873357902948"
42371047,08/03/2025,Chính chủ bán căn hộ 64.5m Xuân Mai Complex,"3,15 tỷ",65 m²,"48,46 tr/m²",2,2,"Yên Nghĩa, Hà Đông","20.95913193957267, 105.74247035792969"
41767549,08/03/2025,"Chính chủ bán căn Mipec City View 56M 2 ngủ 2 vệ sinh, sổ đỏ, giá 2.96 tỷ","2,96 tỷ",56 m²,"52,86 tr/m²",2,1,"Kiến Hưng, Hà Đông","20.952529907226562, 105.79031372070312"
41917185,08/03/2025,The Charm An Hưng chuẩn bị mở bán đợt 1 dự án chung cư được mong chờ nhất Hà Đông 2025,Giá thỏa thuận,92 m²,N/A,3,2,"La Khê, Hà Đông","20.9744788588318, 105.761467685902"
41828450,08/03/2025,NHỈNH 4 TỶ BÁN CĂN HỘ THE CHARM HÀ ĐÔNG QUỸ CĂN NGOẠI GIAO BÁN NHANH TRƯỚC KHI RA HÀNG HỖ TRỢ VAY,"4,98 tỷ","72,6 m²","68,6 tr/m²",2,2,"La Khê, Hà Đông","20.9748116979003, 105.760543987969"
41850823,08/03/2025,Nhỉnh 2 tỷ bán căn hộ 73m2 2 ngủ 2 vệ sinh căn hộ bàn giao full nội thất tầng đẹp hướng Đông Nam,"2,99 tỷ",73 m²,"40,96 tr/m²",2,2,"Văn Quán, Hà Đông","20.9798041351246, 105.787699200339"
42371123,08/03/2025,"Tôi cần bán chung cư KĐT Văn Khê 114m2, 3 ngủ, 2 vs chỉ 4.35 tỷ","4,35 tỷ",114 m²,"38,16 tr/m²",3,2,"La Khê, Hà Đông","20.972051899999475, 105.76134247474086"
42371068,08/03/2025,"Cần bán gấp căn hộ 50m giá 2.7x tỷ tòa Hh2 Xuân Mai Complex, Yên Nghĩa, 2Pn","2,74 tỷ",50 m²,"54,8 tr/m²",2,1,"Yên Nghĩa, Hà Đông","20.95999257536348, 105.74190358726045"
42342407,08/03/2025,Căn hộ cao cấp The Charm An Hưng,"6,48 tỷ",90 m²,72 tr/m²,3,N/A,"La Khê, Hà Đông","20.974868075220552, 105.76147025397172"
42344378,08/03/2025,"Bán chung cư Nàng Hương 583 Nguyễn Trãi, mới, full đồ, dt 110m2, 3 ngủ, 2vs, giá 5.7tỷ 0962 797 ***","5,7 tỷ",110 m²,"51,82 tr/m²",3,2,"Văn Quán, Hà Đông","20.984941663691163, 105.79562405188335"
41863703,08/03/2025,"Cần bán CC Booyoung - Mỗ Lao, tầng đẹp, full nội thất, slot ôtô, dt 98m2, 3 ngủ, 2vs, chỉ 6.1tỷ","6,1 tỷ",98 m²,"62,24 tr/m²",3,2,"Mỗ Lao, Hà Đông","20.983293109426498, 105.78365835218362"
41554940,08/03/2025,"Chính chủ bán căn hộ tòa D, tầng cao, Mulberry Lane 129.1m2 đầy đủ đồ hiện đại, có slot ô tô","7,62 tỷ","129,1 m²",59 tr/m²,4,2,"Mỗ Lao, Hà Đông","20.9854241138982, 105.785674348655"
41909428,08/03/2025,"Em có 3 suất ngoại giao căn 2PN và 3PN, DT 54m2, 72 m2 view đẹp nhất dự án",Giá thỏa thuận,72 m²,N/A,2,2,"La Khê, Hà Đông","20.9751478688453, 105.760545812816"
42011714,08/03/2025,"Bán 3 căn ngoại giao toàn tháp A căn tầng trung, căn hộ The Charm An Hưng",Giá thỏa thuận,78 m²,N/A,2,2,"La Khê, Hà Đông","20.9743997178389, 105.760530183225"
41973359,08/03/2025,"The Charm An Hưng, Quỹ căn ngoại giao, giá tốt nhất thị trường",4 tỷ,54 m²,74 tr/m²,2,2,"La Khê, Hà Đông","20.9748963737277, 105.760697242159"
39068243,08/03/2025,"Cực phẩm: Cần tiền bán nhanh The Terra 68m2 2PN 2VS. Full NT đẹp, hướng mát giá 4, x tỷ: 0968 693 ***","4,3 tỷ",68 m²,"63,24 tr/m²",2,2,"Dương Nội, Hà Đông","20.9743461608887, 105.754165649414"
42343743,08/03/2025,"Hàng hiếm tại Seasons Avenue, Mỗ Lao, Hà Đông, Hà Nội, 6,5 tỷ, 95m2","6,5 tỷ",95 m²,"68,42 tr/m²",3,2,"Mỗ Lao, Hà Đông","20.986707869644313, 105.78733811318043"
42343754,08/03/2025,"Bán CH Seasons Avenue, 80m2, 6 tỷ, view đẹp, nội thất đầy đủ",6 tỷ,80 m²,75 tr/m²,2,2,"Mỗ Lao, Hà Đông","20.987656685389453, 105.78697082518347"
42370730,08/03/2025,"Xem là mê, căn đẹp, thoáng sáng, 3 ngủ, 91m2, giá tốt nhất Samsora, nhanh không lại hụt anh chị ơi!","4,9 tỷ",85 m²,"57,65 tr/m²",3,2,"Quang Trung, Hà Đông","20.975041511571934, 105.77713632157037"
42325678,08/03/2025,Sở hữu căn hộ trong Khu đô thị Thanh Hà Cienco5,"1,5 tỷ",60 m²,25 tr/m²,2,N/A,"Kiến Hưng, Hà Đông","20.939175194244545, 105.78677792816146"
39808839,08/03/2025,Duy nhất căn duplex thông tầng 338m2 có sân vườn view hồ Văn Quán cần bán gấp. Chi tiết phía dưới,"18,8 tỷ",338 m²,"55,62 tr/m²",5,4,"Văn Quán, Hà Đông","20.979644775390625, 105.79234313964844"
42235505,08/03/2025,"Hàng Hiếm! Bán Căn Hộ 146m2 Tại The Pride Giá Chỉ 6 tỷ Thiết Kế 3N3W Sang Trọng, Full Nội Thất Mới",6 tỷ,146 m²,"41,1 tr/m²",3,3,"La Khê, Hà Đông","20.97592163319688, 105.76147628768499"
42370561,08/03/2025,"Bán căn penthouse Mulberry bàn giao thô siêu đẹp 390m2, căn thông tầng có sân vườn giá chỉ 17,x tỷ","17,3 tỷ",390 m²,"44,36 tr/m²",5,5,"Mỗ Lao, Hà Đông","20.9865188598633, 105.786399841309"
42370559,08/03/2025,"[Ảnh thật + Giá thật]-Bán căn hộ 3 ngủ, 129m2, sẵn nội thất, Giá thu nét 6.5 tỷ, siêu phẩm Hồ Gươm","6,5 tỷ",129 m²,"50,39 tr/m²",3,2,"Mỗ Lao, Hà Đông","20.979978334486617, 105.78548240596253"
42370540,08/03/2025,"Bán gấp Penthouse thô duy nhất tại tòa Mulberryland, Hà Đông. 390m2, giá chỉ từ 17,x tỷ.","17,35 tỷ",390 m²,"44,49 tr/m²",5,5,"Mỗ Lao, Hà Đông","20.9865188598633, 105.786399841309"
42272879,08/03/2025,Bán CCMN gần ĐH Đại Nam~60m2x5T 13 PKK full đồ/có thang máy/thoát hiểm+PCCC (Doanh thu~600tr/năm),"9,95 tỷ",60 m²,"165,83 tr/m²",13,13,"Phú Lãm, Hà Đông","20.9431325570549, 105.756949835733"
41275763,08/03/2025,"Chính chủ bán CC Seasons Avenue - Mỗ Lao - Hà Đông. DT 121m - 3PN. Đầy đủ nội thất. Giá thật 7,7 tỷ","7,7 tỷ",121 m²,"63,64 tr/m²",3,2,"Mỗ Lao, Hà Đông","20.987026214599609, 105.78683471679688"
41437026,08/03/2025,"Chính chủ bán căn 2pn - 80m tại Season Avenue - Mỗ Lao - Hà Đông. Đầy đủ nội thất. Giá thật 5,1 tỷ","5,1 tỷ",80 m²,"63,75 tr/m²",2,2,"Mỗ Lao, Hà Đông","20.987026214599609, 105.78683471679688"
41777941,08/03/2025,"Chính chủ bán căn hộ CT7HJK Dương Nội DT 57 timtg 2 ngủ, 2WC giá3 tỷ. LH: 0988 187 ***",3 tỷ,57 m²,"52,63 tr/m²",2,2,"Dương Nội, Hà Đông","20.97986524842402, 105.74391699517442"
41584939,08/03/2025,"Chính chủ bán căn 1pn dt: 54m2 ở Thiên Niên Kỷ - Hà Đông giá cực tốt sẵn sổ, nội thất giá 3.5 tỷ","3,5 tỷ",54 m²,"64,82 tr/m²",1,1,"Quang Trung, Hà Đông","20.97332, 105.77828"
42370222,08/03/2025,"Chính chủ cần bán căn hộ 78m, 2 ngủ, 2 vệ sinh, đủ nội thất, tầng 22, sổ đỏ ở Goldsilk Vạn Phúc","4,68 tỷ",78 m²,60 tr/m²,2,2,"Vạn Phúc, Hà Đông","20.978672615909264, 105.77301465375187"
41260544,08/03/2025,"Bán căn 65m2, 2 ngủ, 2 vệ sinh, full đồ, view hồ, khu 6 toà gần bể bơi. nhà như hình, ảnh thật 100%",Giá thỏa thuận,65 m²,N/A,2,2,"Kiến Hưng, Hà Đông","20.9397029876709, 105.7872543334961"
42370166,08/03/2025,Em cần bán gấp CH 58m2 2PN - 1WC Full Nội Thất - Nhà Mới - Căn Sẵn Sổ . Giá bán nhỉnh : 2.4 Tỷ,Giá thỏa thuận,58 m²,N/A,2,1,"Kiến Hưng, Hà Đông","20.951077136628943, 105.7910555898758"
37175980,08/03/2025,"BÁN CĂN 1 +1 PN, 1wc S= 48m. 2,6x tỷ. Dự án HH2 Xuân Mai complex Dương Nội",Giá thỏa thuận,48 m²,N/A,2,1,"Yên Nghĩa, Hà Đông","20.9597759246826, 105.741882324219"
42141814,08/03/2025,"Chính chủ bán căn chung cư Hà Đông: 69m, 2pn, 2wc - SDU 143 Trần Phú nhà đẹp, nội thất gỗ cao cấp","3,55 tỷ",69 m²,"51,45 tr/m²",2,2,"Văn Quán, Hà Đông","20.9775007319925, 105.78502695467"
42370042,08/03/2025,"Chị chủ nhắn bán gấp trong tháng, 3 ngủ, lô góc, tầng trung, hướng mát, giá chốt bất ngờ Goldsilk","6,8 tỷ",120 m²,"56,67 tr/m²",3,2,"Vạn Phúc, Hà Đông","20.978842791039323, 105.77181667683533"
42167131,08/03/2025,Tôi chính chủ bán căn hộ (3N - 2VS) DT 150m2 giá 7 tỷ. ĐC: Mulberry Mỗ Lao. Nội thất nhập khẩu,7 tỷ,150 m²,"46,67 tr/m²",3,2,"Mỗ Lao, Hà Đông","20.986616014026122, 105.78676202995005"
39268547,08/03/2025,"Quỹ căn ngoại giao giá tốt nhất dự án - 90,3 m2- 113m2, ký trực tiếp CĐT, có vay bank",Giá thỏa thuận,"90,3 m²",N/A,3,2,"Văn Quán, Hà Đông","20.979729457871958, 105.78756108115586"
42369978,08/03/2025,"BÁN Căn hộ Penthouses TOÀ CC CAO CẤP RAINBOW Đường 18/5 VĂN QUÁN , Hà Đông ,42Tr/m2 Lh 0914 239 ***","17,5 tỷ",415 m²,"42,17 tr/m²",6,6,"Văn Quán, Hà Đông","20.9760946700626, 105.789692837591"
40478633,08/03/2025,"Chính chủ đăng bán căn rộng nhất CT6A - 70m2, 2PN, 2WC KĐT Xa La - chấp nhận trung gian","2,89 tỷ",74 m²,"39,05 tr/m²",2,2,"Phúc La, Hà Đông","20.9624671936035, 105.792366027832"
39961437,08/03/2025,"Bán gấp, chấp nhận cắt lỗ - Căn góc 2ngủ BC Đông Nam cực hiếm CT6A KĐT Xa La: 67m2, SĐCC - TL sâu","2,75 tỷ",67 m²,"41,04 tr/m²",2,2,"Phúc La, Hà Đông","20.9624671936035, 105.792366027832"
42369840,08/03/2025,CHUNG CƯ KEPLER LAND MỖ LAO - 1PN - 2PN -3PN - NHẬN BOOKING ĐỂ NHẬN CHIẾU KHẤU KHI MUA CĂN HỘ,Giá thỏa thuận,66 m²,N/A,2,2,"Mỗ Lao, Hà Đông","20.98372194867294, 105.78620317464902"
42218340,08/03/2025,"Bán căn hộ CT3 Văn Khê, Hà Đông, dt 105 m2, 3 PN, 2 phụ, nội thất đẹp, giá 5,6 tỷ","5,6 tỷ",105 m²,"53,33 tr/m²",3,2,"La Khê, Hà Đông","20.972884480715955, 105.76123106111814"
42308431,08/03/2025,Chính chủ tôi bán 3Pn full đồ 6.8 tỷ tại Seasons Avenue - Mỗ Lao. LH: 0364 079 ***,"6,8 tỷ",100 m²,68 tr/m²,3,2,"Mỗ Lao, Hà Đông","20.987427060687267, 105.78744180403446"
42284657,08/03/2025,Hàng hiếm tại Tòa Tháp Thiên Niên Kỷ căn góc view đường trên cao DT 115m2 3 ngủ 2 VS giá 6.5 tỷ,"6,5 tỷ",115 m²,"56,52 tr/m²",3,2,"Quang Trung, Hà Đông","20.973250398518, 105.777650070006"
42146421,08/03/2025,"Bán căn hộ duy nhất tại Anland LakeView Dt 120 m2 3 ngủ 2 vs + sân vườn, view Hồ thoáng giá 7.5 tỷ","7,5 tỷ",120 m²,"62,5 tr/m²",3,2,"Dương Nội, Hà Đông","20.982489311024853, 105.75747303796155"
33231156,08/03/2025,"Hiếm siêu rẻ chỉ 7,x tỷ DT 139m2 căn to nhất Seasons Avenue S4 - 0981 960 ***",Giá thỏa thuận,139 m²,N/A,4,2,"Mỗ Lao, Hà Đông","20.9870262145996, 105.786834716797"
41320007,08/03/2025,Chỉ hơn 5 tỷ đã sở hữu 3pn chung cư Fodacon mặt đường Trần Phú Hà Đông - 0981 960 ***,"5,5 tỷ",112 m²,"49,11 tr/m²",3,N/A,"Mỗ Lao, Hà Đông","20.9729290923009, 105.778909642788"
33576389,08/03/2025,Hiếm ra slot oto căn 137m2 thiết kế vuông vắn nhất Mulberry không mua quá phí,"5,9 tỷ",137 m²,"43,07 tr/m²",3,2,"Mỗ Lao, Hà Đông","20.9865188598633, 105.786399841309"
41912741,08/03/2025,Lần đầu tiên xuất hiện 6pn căn hộ đập thông 225m2 Seasons Avenue chỉ từ 15 tỷ - 0981 960 ***,15 tỷ,225 m²,"66,67 tr/m²",6,4,"Mỗ Lao, Hà Đông","20.98690759362861, 105.78673343288763"
42045629,08/03/2025,"Gấp! Chuyển công tác để lại suất căn góc 3PN The Charm, view ĐôngNam tầng15, giá tôi mua sớm rất rẻ",Giá thỏa thuận,96 m²,N/A,3,2,"La Khê, Hà Đông","20.974617726924972, 105.76073221181308"
42311079,08/03/2025,Chính chủ! Nhượng lại suất cán bộ cấp cao 2PN 77m2 giá ngoại giao rẻ hơn thị trường 3.8 triệu/m2,Giá thỏa thuận,77 m²,N/A,2,2,"La Khê, Hà Đông","20.9748302037327, 105.760823200749"
42326487,08/03/2025,"Cần bán CC Mulberry Lane Mỗ Lao, tòa D, 129.1m2 (4PN+2WC), sẵn sổ giao dịch, tiện nghi đầy đủ","7,49 tỷ","129,1 m²",58 tr/m²,4,2,"Mỗ Lao, Hà Đông","20.987321718904184, 105.78632563746497"
42326604,08/03/2025,"Bán CC tại Mulberry Land 3N + 2VS tòa B tầng trung, full nội thất","8,16 tỷ",154 m²,53 tr/m²,3,2,"Mỗ Lao, Hà Đông","20.986525768894342, 105.78647794860959"
42335942,08/03/2025,"Bán CC Seasons Avenue, Mỗ Lao, Hà Đông 80.68m2 (2PN + 2VS) full nội thất","6,05 tỷ","80,68 m²",75 tr/m²,2,2,"Mỗ Lao, Hà Đông","20.987134298080147, 105.78721457286588"
42337047,08/03/2025,"Bán CC 3PN 90m2 tại The Terra An Hưng 90m2 (3N + 2VS) full đồ, view KĐT Dương Nội","6,12 tỷ",90 m²,68 tr/m²,3,2,"La Khê, Hà Đông","20.972759732939256, 105.7565602818292"
42336800,08/03/2025,"Bán CC The Terra An Hưng La Khê, Hà Đông 74m2 (2PN+2WC) full đồ view kđt Dương Nội Siêu thoáng mát","4,81 tỷ",74 m²,65 tr/m²,2,2,"La Khê, Hà Đông","20.97316041578184, 105.75726688435142"
42339631,08/03/2025,Căn 3 ngủ 90m2 The Tera An Hưng giá siêu tốt tầng đẹp hướng Đông Nam sổ sẵn giao dịch,"6,12 tỷ",90 m²,68 tr/m²,3,2,"La Khê, Hà Đông","20.97239384671745, 105.75734128415174"
42312261,08/03/2025,"Bán CH 73m2, 2PN, 2WC tại The Pride, full đồ, nhà đẹp, tầng trung, hướng mát, giá rẻ",Giá thỏa thuận,73 m²,N/A,2,2,"La Khê, Hà Đông","20.976084750668864, 105.7615338158008"
41229048,08/03/2025,"Bán căn hộ 1124 67m2, 2 ngủ, 2 vệ sinh, view hồ Khu B1.3. Full nội thất như hình. Ảnh thật 100%",Giá thỏa thuận,67 m²,N/A,2,2,"Kiến Hưng, Hà Đông","20.9397029876709, 105.7872543334961"
42366127,08/03/2025,Bán nhà riêng 103m tại hà đông,20 tỷ,103 m²,"194,18 tr/m²",17,17,"Phúc La, Hà Đông","20.9669822131397, 105.790150276842"
42369274,08/03/2025,Bán căn hộ sân vườn 116m2 3 ngủ 2vs tại chung cư HPC Landmark Tố Hữu Hà Đông,"6,55 tỷ",116 m²,"56,47 tr/m²",3,2,"La Khê, Hà Đông","20.973669093778817, 105.75863304132973"
42312627,08/03/2025,"Bán CC đẹp xuất sắc tại Tòa Tháp Thiên Niên Kỷ, 54m2 1n 1vs, nhà đẹp tầng trung hướng mát, giá rẻ","3,68 tỷ",54 m²,"68,15 tr/m²",1,1,"Quang Trung, Hà Đông","20.9738181885737, 105.77806118554773"
42350188,08/03/2025,"Cần bán 2 căn 112m2 view hồ, sổ lâu dài giá chỉ 6x tr/m2. Hàng độc trên thị trường",Giá thỏa thuận,"112,6 m²",N/A,3,2,"Văn Quán, Hà Đông","20.979504213006944, 105.78723271176484"
42334732,08/03/2025,"Hàng hiếm! Bán gấp căn 2PN 88m2 Đông Nam HPC Landmark giá rẻ chỉ 4,8 tỷ có thương lượng","4,8 tỷ",88 m²,"54,54 tr/m²",2,2,"La Khê, Hà Đông","20.973450380720415, 105.75959785628537"
42363944,08/03/2025,"5 suất ngoại giao giá rẻ tại The Charm An Hưng, Căn đẹp 05,07,08 tháp A,B tầng trung cam kết có căn","5,2 tỷ",72 m²,"72,22 tr/m²",2,2,"La Khê, Hà Đông","20.9743505226663, 105.76097084787"
40704738,08/03/2025,"Bán căn hộ 90m2, 3pn, 2VS CC Terra An Hưng. Full nội thất đẹp. Giá bán 5 tỷ tầng trung, hướng đẹp",5 tỷ,90 m²,"55,56 tr/m²",3,2,"Dương Nội, Hà Đông","20.9743461608887, 105.754165649414"
42313139,08/03/2025,"Hàng hiếm! Bán suất ngoại giao 54m2 căn 07,08 tầng 16 dự án The Charm An Hưng giá 72tr/m2","3,89 tỷ",54 m²,72 tr/m²,2,1,"La Khê, Hà Đông","20.9745328951682, 105.76021832036"
42085892,08/03/2025,"Bán căn hộ chung cư Anland LakeView, 71 triệu/m2, 78 m2, 2PN, 2WC, đẹp, nhiều tiện ích","5,54 tỷ",78 m²,71 tr/m²,2,2,"Dương Nội, Hà Đông","20.9822336515526, 105.757448990323"
42307890,08/03/2025,"5 suất ngoại giao giá cực tốt dự án The Charm An Hưng, Ck 3% TTS, ân hạn gốc lãi 18 tháng","5,18 tỷ",72 m²,"71,94 tr/m²",2,2,"La Khê, Hà Đông","20.9743021563761, 105.760924695249"
41554025,08/03/2025,"Bán nhà rẻ 3 ngủ Xa La Hà Đông , Full NT, giá 2.9 tỷ lh 0981 780 ***","2,9 tỷ",84 m²,"34,52 tr/m²",3,2,"Phúc La, Hà Đông","20.974381884804, 105.781782253734"
40406628,08/03/2025,"Siêu rẻ căn Góc 58m2 tk 2pn, tòa TTTM Xa La, Hà Đông, tầng đẹp. LH 0981 780 ***","1,6 tỷ",58 m²,"27,59 tr/m²",2,1,"Phúc La, Hà Đông","20.9624671936035, 105.792366027832"
42368781,08/03/2025,Nhỉnh 4 tỷ nhận nhà ở ngay 146m2 . Thanh toán tiến độ 2 năm,Giá thỏa thuận,146 m²,N/A,4,2,"Mỗ Lao, Hà Đông","20.979097186647, 105.785490621419"
42368694,08/03/2025,Bán nhanh căn 3n 98m full đồ đẹp tại Thiên niên kỷ,"7,2 tỷ",98 m²,"73,47 tr/m²",3,2,"Quang Trung, Hà Đông","20.973302149259382, 105.7782920887133"
39414186,08/03/2025,Tôi chủ nhà cần bán căn hộ chung cư HPC Landmark căn hộ được thiết kế với 3PN - 2VS giá 6tỷ,6 tỷ,107 m²,"56,08 tr/m²",3,2,"La Khê, Hà Đông","20.973667144775391, 105.75871276855469"
42368888,08/03/2025,Bán căn góc 3 ngủ khu nhà ở Bộ tư Lệnh thủ đô Yên Nghĩa Hà đông giá hơn 3 tỷ,"3,3 tỷ",77 m²,"42,86 tr/m²",3,N/A,"Yên Nghĩa, Hà Đông","20.954064748611152, 105.74094063553335"
40763635,08/03/2025,"Siêu hot. Bán căn góc 62m2 tòa CT6 Xa La, 2n 2vs, nhà đẹp giá 1,8 tỷ. LH 0981 780 ***",Giá thỏa thuận,62 m²,N/A,2,2,"Phúc La, Hà Đông","20.962467193603516, 105.79236602783203"
41183650,08/03/2025,"Nhà cần căn hộ 4 phòng ngủ tòa K35 chung cư HPC Landmark 105, Hà Đông 134m2 thiết kế 4PN, 2wc","7,5 tỷ",134 m²,"55,97 tr/m²",4,2,"La Khê, Hà Đông","20.973667144775391, 105.75871276855469"
42368850,08/03/2025,Bán căn 90m2 3 ngủ dự án Xuân Mai Riverside hà đông giá siêu tốt Chỉ 5.x tr/m2,"4,8 tỷ",90 m²,"53,33 tr/m²",3,N/A,"Mỗ Lao, Hà Đông","20.984824064592704, 105.77953738827392"
40728343,08/03/2025,"Siêu rẻ! Bán căn hộ 3 ngủ tầng đẹp xala Hà Đông , giá 3, 2 tỷ. LH 0981 780 ***","3,2 tỷ",89 m²,"35,96 tr/m²",3,2,"Phúc La, Hà Đông","20.961841583252, 105.795524597168"
42271260,08/03/2025,"Bán căn hộ 3PN, 2WC tại Hồ Gươm Plaza, Trần Phú, Mỗ Lao, Hà Đông, giá 45tr/m2 rẻ nhất thị trường","6,34 tỷ",141 m²,45 tr/m²,3,2,"Mỗ Lao, Hà Đông","20.979461162314553, 105.78508533800425"
40948633,08/03/2025,"Hàng hiếm! Giá cực tốt, bán gấp căn hộ 77m2 tòa CT10 đại thanh giá 2.8 tỷ, full NT. LH 0981 780 ***","2,5 tỷ",77 m²,"32,47 tr/m²",3,3,"Phúc La, Hà Đông","20.9624671936035, 105.792366027832"
42245781,08/03/2025,"Chủ nhà thiện chí bán 3PN2WC full đồ, slot xe tại Mulberry Lane. Giá: 5.69 tỷ (có TL + hỗ trợ vay)","5,69 tỷ","99,5 m²","57,19 tr/m²",3,2,"Mỗ Lao, Hà Đông","20.986252059044475, 105.78618039662615"
42330576,08/03/2025,"Chính chủ bán căn góc 86m2 CT6 Xa La, 3 ngủ, 2 vệ sinh cực thoáng giá 3 tỷ hơn tý. LH 0981 780 ***",Giá thỏa thuận,86 m²,N/A,3,2,"Phúc La, Hà Đông","20.962000783850886, 105.79203543858614"
40948806,08/03/2025,"Bán nhanh căn hộ tầng trung tại Xa La, Hà Đông. 84m2 tk 3pn, 2vs nhà đẹp. SĐCC. LH 0981 780 ***","3,5 tỷ",84 m²,"41,67 tr/m²",3,2,"Phúc La, Hà Đông","20.9624671936035, 105.792366027832"
30003946,08/03/2025,Chuyển nhượng quỹ căn hot 1N-2N-3N từ 3x tỷ đến 6x tỷ tại tòa Thiên Niên Kỷ Hà Đông,Giá thỏa thuận,62 m²,N/A,2,2,"Quang Trung, Hà Đông","20.9784491458761, 105.781543731689"
42362240,08/03/2025,"Quỹ căn ngoại giao căn 1 ngủ - 2 ngủ giá tốt, hỗ trợ vay tại Keper Land - 0916 256 ***","5,69 tỷ",72 m²,79 tr/m²,2,2,"Mỗ Lao, Hà Đông","20.98527204598475, 105.78035560542617"
41025046,08/03/2025,"Không còn căn rẻ hơn, bán căn hộ 71,6 m2 2 ngủ 2wc tại tòa HH2E Xuân Mai Dương Nội","3,25 tỷ","71,6 m²","45,39 tr/m²",2,2,"Dương Nội, Hà Đông","20.9846420288086, 105.774719238281"
41455386,08/03/2025,"Bán căn hộ hàng Net tại toà HH2L Xuân Mai Tố Hữu. 55m2 2 ngủ 2wc full nội thất, sổ đỏ chính chủ","2,86 tỷ",55 m²,52 tr/m²,2,2,"Yên Nghĩa, Hà Đông","20.959775924682617, 105.74188232421875"
42159793,08/03/2025,"Nhà đẹp giá rẻ, Bán căn hộ 69.5m2 2 ngủ 2wc tại tòa CT4 Xa la giá chỉ 3.2 tỷ","3,2 tỷ","69,5 m²","46,04 tr/m²",2,2,"Phúc La, Hà Đông","20.962452277717748, 105.79240547877541"
42150298,08/03/2025,Nhà siêu đẹp mà giá rẻ bất ngờ tại CT7H Xuân Mai Dương Nội căn hộ 72m2 2 ngủ 2wc giá chỉ 3.6 tỷ,"3,6 tỷ",72 m²,50 tr/m²,2,2,"Dương Nội, Hà Đông","20.96479542953706, 105.7499132912647"
42150381,08/03/2025,Chỉ 2.8x tỷ để sở hữu căn hộ 55m2 2 ngủ tại dự án Xuân Mai Dương Nội mặt đường Tố Hữu. Nhà mới đẹp,"2,88 tỷ",55 m²,"52,36 tr/m²",2,1,"Dương Nội, Hà Đông","20.964201364453032, 105.74975813373968"
42368162,08/03/2025,"Bán căn hộ chung cư TSQ, KĐT Mỗ Lao, Hà Đông, Hà Nội","12,8 tỷ",225 m²,"56,89 tr/m²",4,3,"Mỗ Lao, Hà Đông","20.97833444049228, 105.78338713766372"
41151039,08/03/2025,"Bán căn hộ góc 92m2, 3 ngủ, 2 vệ sinh. Khu 3 toà B1.3 HH03B. Full nội thất như hình, ảnh thật 100%",Giá thỏa thuận,92 m²,N/A,3,2,"Kiến Hưng, Hà Đông","20.955067802767, 105.790050974457"
41912288,08/03/2025,"Bán căn hộ CT8 Dương Nội dt 86m2, 3 ngủ, 2 wc đủ đồ. Lh: 0988 187 ***","3,85 tỷ",86 m²,"44,77 tr/m²",3,2,"Dương Nội, Hà Đông","20.980598528313095, 105.74337015589069"
29550858,08/03/2025,"Bán CHCC CT7H, J, K Dương Nội rộng 57m2, 2PN, 2WC giá 3.180tỷ. LH: 0988 187 ***","3,18 tỷ",57 m²,"55,79 tr/m²",2,2,"Dương Nội, Hà Đông","20.9798679351807, 105.743919372559"
29527010,08/03/2025,Bán căn hộ CT7 KĐT mới Dương Nội DT 56.5m2 ban công Đông Nam đủ nội thất giá 2ty85. LH: 0988 187 ***,"2,85 tỷ","56,5 m²","50,44 tr/m²",2,1,"Dương Nội, Hà Đông","20.9810199737549, 105.754898071289"
42264254,08/03/2025,"Bán gấp căn hộ 73m2 chỉ 3.7x tỷ SĐCC tại The Pride Hải Phát, La Khê, Hà Đông",Giá thỏa thuận,73 m²,N/A,2,2,"La Khê, Hà Đông","20.975347635022793, 105.7616835658956"
42266966,08/03/2025,"Giá cực sốc! Chỉ 3.15 tỷ căn hộ 2pn, 2wc tại HH2 Xuân Mai Complex, Dương Nội","3,15 tỷ",62 m²,"50,81 tr/m²",2,2,"Yên Nghĩa, Hà Đông","20.960190355506573, 105.74185011947442"
42368150,08/03/2025,"Bán nhà Dịch vụ 106m2, 6 tầng thang máy, 17P khép kín, ôtô tận cửa Giáp KĐT Văn Quán, Hà Đông","19,8 tỷ",106 m²,"186,79 tr/m²",17,18,"Phúc La, Hà Đông","20.9741329433667, 105.786335089272"
42368138,08/03/2025,"Bán CC Xuân Mai Riverside, 5,4 tỷ, 98m2, 3PN, 2WC đẹp xuất sắc ở Hà Đông, HN","5,4 tỷ",98 m²,"55,1 tr/m²",3,2,"Mỗ Lao, Hà Đông","20.98435586154853, 105.77890764562883"
42368135,08/03/2025,"Gia đình Em bán căn góc 95 m2 - 3pn full nội thất view thoáng ở Booyoung,Phường Mỗ Lao, giá 5,5 tỷ","5,5 tỷ",95 m²,"57,9 tr/m²",3,2,"Mỗ Lao, Hà Đông","20.982771381521367, 105.78351125654983"
39197201,08/03/2025,"Hot: GĐ mới mua bt nên bán The Terra An Hưng 90m2 3PN 2VS full NT hướng mát giá yêu thương 5,x tỷ","5,5 tỷ",90 m²,"61,11 tr/m²",4,2,"Dương Nội, Hà Đông","20.9743461608887, 105.754165649414"
40769708,08/03/2025,"Siêu phẩm: Cần tiền bán nhanh The Pride 75m2 2PN 2VS. Full NT, hướng mát giá chỉ 3,x tỷ BTP","3,75 tỷ",75 m²,50 tr/m²,2,2,"La Khê, Hà Đông","20.976024627685547, 105.7615966796875"
42367880,08/03/2025,"Chính chủ Bán Gấp căn Góc 2PN, 2WC, 57m2 giá 3,x tỷ tòa HH2K CC Xuân Mai Complex, Tố Hữu, Hà Đông.","3,15 tỷ",57 m²,"55,26 tr/m²",2,2,"Yên Nghĩa, Hà Đông","20.959761216063605, 105.74180488591655"
42160865,08/03/2025,Cần bán gấp căn 3PN 2WC (116m2) tại Seasons Avenue - Giá 6.7 tỷ (có thương lượng). Cam kết giá thật,"6,7 tỷ",111 m²,"60,36 tr/m²",3,2,"Mỗ Lao, Hà Đông","20.986631630392743, 105.78627119177149"
42310043,08/03/2025,Cần bán lại căn 2Pn giá đợt 1 rẻ nhất Cc cao cấp The Charm An Hưng view công viên thiên văn học,"5,04 tỷ",72 m²,70 tr/m²,2,2,"La Khê, Hà Đông","20.97521108598382, 105.75998901888798"
42367642,08/03/2025,"GIÁ SIÊU TỐT!. Thiện chí bán Gấp căn 73m2 giá 3,7x tỷ Chung cư The Pride, Tố Hữu, Hà Đông. Full đồ","3,75 tỷ",73 m²,"51,37 tr/m²",2,2,"La Khê, Hà Đông","20.975956153219943, 105.76110737839112"
42304996,08/03/2025,"Cần bán gấp căn hộ tầng trung - 3 ngủ, 2vs full nội thất đẹp tại KĐT Văn Khê giá đầu tư",5 tỷ,135 m²,"37,04 tr/m²",3,2,"La Khê, Hà Đông","20.972496329121523, 105.76166148644245"
42299431,08/03/2025,"Rẻ nhất thị trường, chính chủ bán gấp CHCC full nội thất 52,3m2 2 PN CT4C Xa La, Hà Đông",Giá thỏa thuận,"52,3 m²",N/A,2,1,"Phúc La, Hà Đông","20.963255510595154, 105.79280677030714"
37540632,08/03/2025,Chính chủ cần bán rẻ căn hộ chung cư Thanh Hà,"1,5 tỷ",65 m²,"23,08 tr/m²",N/A,N/A,"Kiến Hưng, Hà Đông","20.93979244744473, 105.78734560511067"
42342610,08/03/2025,"Thiện chí bán gấp căn hộ 53m2, 2PN giá 2,5x tỷ chung cư CT4 Xa La, Hà Đông. Full nội thất","2,58 tỷ",53 m²,"48,68 tr/m²",2,1,"Phúc La, Hà Đông","20.96252546347888, 105.79236535450724"
42367679,08/03/2025,"Bán căn hộ 69m đầy đủ nội thất chung cư Sông Nhuệ. 2 ngủ, SĐCC. Chỉ với 2.9 tỷ",Giá thỏa thuận,69 m²,N/A,2,1,"Kiến Hưng, Hà Đông","20.959671203723882, 105.79890232344366"
42367476,08/03/2025,"Bán gấp căn 86m2, 3PN, tầng Trung, full nội thất chỉ 3,x tỷ tòa CT8C The Spark Dương Nội, Hà Đông.","3,95 tỷ",86 m²,"45,93 tr/m²",3,2,"Dương Nội, Hà Đông","20.979518881952213, 105.74452576286541"
42315178,08/03/2025,"(Nhà đẹp) cần bán căn hộ 3N 2W 78m2 Samsora, full nội thất sẵn sổ giao dịch ngay","4,6 tỷ",78 m²,"58,97 tr/m²",3,2,"Quang Trung, Hà Đông","20.9742487444401, 105.777247307413"
42299597,08/03/2025,"[Nhà Siêu Đẹp] Cần bán căn hộ 2N2W 74m GOLDSILK, nội thất siêu đẹp sẵn sổ giao dịch ngay",5 tỷ,74 m²,"67,57 tr/m²",2,2,"Vạn Phúc, Hà Đông","20.978138689739044, 105.77295788747949"
42367586,08/03/2025,"Bán căn 67.4m2 CT1 Yên Nghĩa siêu đẹp 2PN, 2VS, mua k ở cho thuê 8 triệu/tháng, siêu hời",Giá thỏa thuận,"67,4 m²",N/A,2,2,"Yên Nghĩa, Hà Đông","20.9548617148157, 105.745150691712"
42367303,08/03/2025,"Bán CC Sails Tower (Sông Nhuệ), 2,9 tỷ, 69m2, view đẹp, Cầu Bươu, Hà Đông, Hà Nội","2,9 tỷ",69 m²,"42,03 tr/m²",2,2,"Kiến Hưng, Hà Đông","20.959626716347707, 105.79823689401442"
41023649,08/03/2025,"Hot - Bán căn góc 4PN + 3WC diện tích 225m2, chung cư TSQ-Euroland, giá 12 tỷ. LH 0946 165 ***",12 tỷ,225 m²,"53,33 tr/m²",4,3,"Mỗ Lao, Hà Đông","20.983457565307617, 105.78564453125"
38964674,08/03/2025,"Bán gấp căn 70m2, 2PN + 1WC, chung cư TSQ - Euroland, giá nhỉnh 4 tỷ. 0966 152 ***",Giá thỏa thuận,70 m²,N/A,2,1,"Mỗ Lao, Hà Đông","20.9834575653076, 105.78564453125"
41741005,08/03/2025,"Hot - Bán căn hộ 73m2, 2pn + 2wc tòa Xuân Mai Reverside, Mỗ Lao, giá 4.1 tỷ LH chị Thuý 0966 152 ***","4,1 tỷ",73 m²,"56,16 tr/m²",2,2,"Mỗ Lao, Hà Đông","20.985193252563477, 105.7790298461914"
39074775,08/03/2025,"Bán căn 3 PN +2WC, ban công Đông Bắc 128m2, CC Muberry Lane, Mỗ Lao chỉ nhỉnh 7 tỷ có slot ôtô",Giá thỏa thuận,128 m²,N/A,3,2,"Mỗ Lao, Hà Đông","20.98651885986328, 105.7863998413086"
42209996,08/03/2025,"Hot, bán gấp CHCC chỉ 3.75 tỷ 3PN 2WC 85m2 ở tòa BMM Xa La, ban công: Đông Nam","3,75 tỷ",85 m²,"44,12 tr/m²",2,2,"Phúc La, Hà Đông","20.96191982733804, 105.79546075040828"
42147412,08/03/2025,"Nhà đẹp chốt nhanh tay căn 97m2, 2N - 2WC toà căn hộ toà V3 Victoria, giá nhỉnh 5. X tỷ","5,2 tỷ",97 m²,"53,61 tr/m²",2,2,"Phú La, Hà Đông","20.9601986330927, 105.769076992793"
42367207,08/03/2025,"Bán CC HPC Landmark 105, La Khê, Hà Đông, giá thỏa thuận, 108m2",Giá thỏa thuận,108 m²,N/A,3,2,"La Khê, Hà Đông","20.973678876761678, 105.7588284616627"
42367186,08/03/2025,"Bán căn hộ 2PN, 69m2 tại Sails Tower, Cầu Bươu, 2,9 tỷ, view đẹp","2,9 tỷ",69 m²,"42,03 tr/m²",2,1,"Kiến Hưng, Hà Đông","20.960015120087835, 105.79860284449008"
42367185,08/03/2025,"SIÊU RẺ, Tòa CT2B XALA, Bán CC 2PN, 2WC, 64m2 tại KĐT Xa La, Phùng Hưng, Hà Đông, chỉ 2,88 tỷ","2,88 tỷ",64 m²,45 tr/m²,2,2,"Phúc La, Hà Đông","20.962656439470265, 105.79274010254862"
42367354,08/03/2025,"Bán CC 71m2 tại 197 Trần Phú, Hà Đông, giá chỉ 3,96 tỷ, đẹp xuất sắc","3,96 tỷ",71 m²,"55,78 tr/m²",2,2,"Văn Quán, Hà Đông","20.980020226046733, 105.78736053548398"
42367319,08/03/2025,"Bán CC 88m2 tại Tòa nhà 197 Trần Phú, 4,65 tỷ, view đẹp, giá cực chất","4,65 tỷ",88 m²,"52,84 tr/m²",2,2,"Văn Quán, Hà Đông","20.97951413741514, 105.78696387176218"
42367282,08/03/2025,Chính Chủ Bán Căn Hộ Lacasta Văn Phú Hà Đông Dt : 112 Nguyên Bản LH: 0929 656 ***,Giá thỏa thuận,112 m²,N/A,3,2,"Văn Quán, Hà Đông","20.98021305755369, 105.78813416577633"
40945400,08/03/2025,"Chính chủ bán căn góc 74m2, 2PN, 2VS, tầng trung, nhà đẹp, căn góc siêu thoáng. LH 0963 225 ***",Giá thỏa thuận,74 m²,N/A,2,2,"Dương Nội, Hà Đông","20.9830436706543, 105.757339477539"
41181965,08/03/2025,"Chính chủ bán căn 2PN - 67m2, 2VS, nhà đẹp, view đẹp. LH chi tiết: 0984 797 ***",Giá thỏa thuận,67 m²,N/A,2,2,"Dương Nội, Hà Đông","20.97723388671875, 105.76195526123047"
41537986,08/03/2025,"Cực chất tại tòa CT1 Nam Xa La, SĐCC - chỉ 3,6 tỷ (đã bst và còn thương lượng), diện tích 82m2","3,6 tỷ",82 m²,"43,9 tr/m²",2,2,"Phúc La, Hà Đông","20.9604053497314, 105.794692993164"
42356920,08/03/2025,"Chính chủ gửi bán căn 78m 2 ngủ 2vs chung cư La Casta Văn Phú Hà Đông full nội thất xịn đẹp, giá rẻ","5,5 tỷ",78 m²,"70,51 tr/m²",2,2,"Phú La, Hà Đông","20.9628364725873, 105.76248877346204"
39299262,08/03/2025,Chính chủ gửi bán căn 97m2 chung cư Victoria Văn Phú Hà Đông sổ đỏ cc giá thỏa thuận thương lượng,Giá thỏa thuận,97 m²,N/A,2,2,"Phú La, Hà Đông","20.9599075317383, 105.768196105957"
39427008,08/03/2025,"Chính chủ gửi bán căn K 47m2 chung cư La Casta Văn Phú Hà Đông, giá rẻ nhất thị trường, sổ đỏ CC",Giá thỏa thuận,47 m²,N/A,1,1,"Phú La, Hà Đông","20.963459014892578, 105.76276397705078"
42204605,08/03/2025,"Quỹ căn 68m2, 78m2, 88m2 chung cư La Casta Văn Phú Hà Đông giá từ 5 tỷ full nội thất, sổ đỏ CC",5 tỷ,68 m²,"73,53 tr/m²",2,2,"Phú La, Hà Đông","20.963156558795, 105.76264437705"
41212188,08/03/2025,Hiếm!! căn Duplex 4PN 3WC - 267/337m2 - New Skyline full nội thất 18 tỷ có TL,Giá thỏa thuận,"267,2 m²",N/A,4,3,"Văn Quán, Hà Đông","20.9796447753906, 105.792343139648"
41361167,08/03/2025,Hiếm! Bán căn 2PN 2WC - 74m2 - CC Booyoung NT full giá 4.7 tỷ SĐCC,"4,7 tỷ",74 m²,"63,51 tr/m²",2,2,"Mỗ Lao, Hà Đông","20.983375549316406, 105.78353118896484"
42367065,08/03/2025,Tôi có căn 2PN 2VS tại Anland 2 view thoáng mát tầng 1x cần bán 0389 980 ***,Giá thỏa thuận,68 m²,N/A,2,2,"La Khê, Hà Đông","20.9772338867188, 105.76195526123"
42261899,08/03/2025,(Quá HOT) Gđ cần bán căn hộ 2 ngủ (74m2) tại Andland LakeView mới. Đủ nội thất và sổ. Giá 4 tỷ 85,"4,85 tỷ",74 m²,"65,54 tr/m²",2,2,"Dương Nội, Hà Đông","20.9829487730482, 105.756805628347"
42367042,08/03/2025,"Bán căn hộ 2PN, 2WC, 72m2 2 ngủ 2 vs giá 3,9 tỷ tại Tòa nhà 197 Trần Phú gần tàu điện + hồ văn quán","3,9 tỷ",72 m²,"54,17 tr/m²",2,2,"Văn Quán, Hà Đông","20.97998172311053, 105.78707747188889"
41083904,08/03/2025,"Hiếm có khó tìm: Dự án FLC Star Tower, 100m2, 3 ngủ 2 vs. SĐCC, full đồ về ở. LH: 0817 468 ***",Giá thỏa thuận,100 m²,N/A,3,2,"Quang Trung, Hà Đông","20.9625549316406, 105.765251159668"
42220332,08/03/2025,"Bán căn hộ chung cư tại Khu đô thị mới An Hưng, giá thỏa thuận, 73 m2, 2PN, 2WC, hot",Giá thỏa thuận,73 m²,N/A,2,2,"La Khê, Hà Đông","20.9732432538564, 105.757549073389"
42158081,08/03/2025,"Bán căn hộ chung cư 58m2, 3,25 tỷ tại Kiến Hưng, Hà Đông, Chính chủ uy tín","3,25 tỷ",58 m²,"56,03 tr/m²",2,2,"Kiến Hưng, Hà Đông","20.9550908361934, 105.789999346239"
42146879,08/03/2025,"Bán căn hộ CC KĐT Văn Quán, giá thỏa thuận, 77m2, 2PN, 2WC",Giá thỏa thuận,77 m²,N/A,2,2,"Phúc La, Hà Đông","20.974320466709152, 105.78869508564276"
42158036,08/03/2025,"Bán CC đẹp, nhiều tiện ích tại Kiến Hưng, 2,85 tỷ, 70m2, 2PN, 2WC","2,85 tỷ",70 m²,"40,71 tr/m²",2,2,"Kiến Hưng, Hà Đông","20.9553937844696, 105.789741816262"
40185392,08/03/2025,"Giảm giá sâu bán nhanh 63m2 2PN, 1WC tòa CT1A - KĐT Xa La Hà Đông. Căn góc - Nhà siêu đẹp - Bán gấp",3 tỷ,63 m²,"47,62 tr/m²",2,1,"Phúc La, Hà Đông","20.9624671936035, 105.792366027832"
41308460,08/03/2025,"Cần bán gấp căn 53m2 - 1 ngủ - 1vs tại CT4 Xa La - Hà Đông, 0966 786 ***","2,55 tỷ",53 m²,"48,11 tr/m²",1,1,"Phúc La, Hà Đông","20.962467193603516, 105.79236602783203"
40251130,08/03/2025,"Chính chủ bán gấp căn 47m2, 2PN, 1WC siêu hút gió chung cư Sông Nhuệ - Sails Tower LK KĐT Xa La","2,45 tỷ",47 m²,"52,13 tr/m²",2,1,"Kiến Hưng, Hà Đông","20.959997177124, 105.798553466797"
35488000,08/03/2025,"Chính chủ bán căn trục hiếm Xuân Mai Riverside, Hà Đông: 98m, 3N, 2W - Giá 5 tỷ 460 triệu TL mạnh","5,46 tỷ",98 m²,"55,71 tr/m²",3,2,"Mỗ Lao, Hà Đông","20.9851932525635, 105.779029846191"
42235541,08/03/2025,"Giá Rẻ Nhất Thị Trường! Bán Căn hộ 63m 2N1W Chỉ 4x tỷ Tại Thiên Niên Kỷ , Nhà Full Nội Thất, Sẵn Sổ",Giá thỏa thuận,63 m²,N/A,2,1,"Quang Trung, Hà Đông","20.97346287008919, 105.77842455116367"
42366970,08/03/2025,"Bán CC La Casta Văn Phú, 7,3 tỷ, 111m2, hàng hiếm tại Hà Đông, Hà Nội","7,3 tỷ",111 m²,"65,77 tr/m²",3,2,"Phú La, Hà Đông","20.963341966021623, 105.76345432344212"
42366958,08/03/2025,"Bán gấp căn hộ La Casta Văn Phú, 5,5 tỷ, 78m2, 2PN, 2WC, đầy đủ nội thất","5,5 tỷ",78 m²,"70,51 tr/m²",2,2,"Phú La, Hà Đông","20.9632870525055, 105.762567077922"
41302307,08/03/2025,"Cực hiếm căn 2N + 1 Park Kiara - ParkCity hướng mát, view thoáng, giá 8.55 tỷ. LH: 0931 686 ***","8,55 tỷ",91 m²,"93,96 tr/m²",2,2,"La Khê, Hà Đông","20.9673748016357, 105.754013061523"
41595185,08/03/2025,CT4 Xa La - Chính chủ bán căn hộ 53m2 - 1 ngủ 1wc - có thể sửa 2 ngủ - sổ hồng giá cực tốt 2.46 tỷ,"2,45 tỷ",53 m²,"46,23 tr/m²",1,1,"Phúc La, Hà Đông","20.9624671936035, 105.792366027832"
42106157,08/03/2025,"Siêu rẻ, căn hộ tầng trung tòa CT4 Xa La 70m2, 2PN, sổ đỏ, giá 3.05 tỷ, full NT đẹp. LH 0378 884 ***","3,05 tỷ",70 m²,"43,57 tr/m²",2,2,"Phúc La, Hà Đông","20.96210229853946, 105.79256806086998"
42040905,08/03/2025,"Hàng hiếm. Căn hộ tầng trung tòa CT1 Xa La, 84m2 sổ đỏ, full NT, giá chỉ 3,5x tỷ. LH 0378 884 ***","3,58 tỷ",84 m²,"42,62 tr/m²",2,1,"Phúc La, Hà Đông","20.962921316389785, 105.79218844457031"
42247074,08/03/2025,"Siêu rẻ, căn hộ tầng trung tòa CT5 Xa La 72m2, 2PN, sổ đỏ, giá 3,15 tỷ, full NT đẹp. LH 0378 884 ***","3,15 tỷ",72 m²,"43,75 tr/m²",2,2,"Phúc La, Hà Đông","20.9631537831721, 105.792124452875"
40917270,08/03/2025,"Chính chủ gửi bán căn hộ tòa CT1 Xa La 100m2, 3PN, Sổ đỏ. LH 0378 884 *** giá chỉ 4,2x tỷ","4,29 tỷ",104 m²,"41,25 tr/m²",3,2,"Phúc La, Hà Đông","20.962467193603516, 105.79236602783203"
42352191,08/03/2025,"Chính chủ mình cần bán nhanh cc ct3 YÊN NGHĨA TẦNG 16 ban công ĐN có SỔ siêu mát giá nhỉnh 3,1 ty",Giá thỏa thuận,74 m²,N/A,2,1,"Yên Nghĩa, Hà Đông","20.955645542855795, 105.74453202833647"
41161726,08/03/2025,"Bán căn hộ góc 67m2, 2 ngủ, 2 vệ sinh, khu B1.3 HH03B, Full nội thất như hình. Ảnh thật 100%",Giá thỏa thuận,67 m²,N/A,2,2,"Kiến Hưng, Hà Đông","20.9397029876709, 105.7872543334961"
42237531,08/03/2025,"Bán căn góc 2N, bc TN 82m2 chung cư cao cấp Kepler Land Mỗ Lao, view toàn khu đô thị",Giá thỏa thuận,82 m²,N/A,2,2,"Mỗ Lao, Hà Đông","20.985317890253892, 105.78082773299042"
42237662,08/03/2025,"Bán căn 2N, bc ĐB 82m2 chung cư cao cấp Kepler Land Mỗ Lao, view công viên hồ Phùng Khoang",Giá thỏa thuận,82 m²,N/A,2,2,"Mỗ Lao, Hà Đông","20.985317890253892, 105.78082773299042"
42301682,08/03/2025,"Bán căn góc D6-01 3N, 122m2 chung cư cao cấp Kepler Land Mỗ Lao, view sông Nhuệ đường Tố Hữu",Giá thỏa thuận,122 m²,N/A,3,2,"Mỗ Lao, Hà Đông","20.984960506314156, 105.77994774235654"
42237761,08/03/2025,"Bán căn 2N, bc ĐB 67m2 chung cư cao cấp Kepler Land Mỗ Lao, view công viên hồ Phùng Khoang",Giá thỏa thuận,67 m²,N/A,2,2,"Mỗ Lao, Hà Đông","20.985317890253892, 105.78082773299042"
42236515,08/03/2025,"Căn hộ 1PN, 45m2 ban công TN chung cư Kepler Land Mỗ Lao, giá tốt",Giá thỏa thuận,45 m²,N/A,1,1,"Mỗ Lao, Hà Đông","20.985360304430856, 105.7803394791961"
42237411,08/03/2025,"Bán căn góc 2N, bc chính Nam mát lạnh, 74m2 chung cư cao cấp Kepler Land Mỗ Lao, view tuyệt đẹp",Giá thỏa thuận,73 m²,N/A,2,2,"Mỗ Lao, Hà Đông","20.985317890253892, 105.78082773299042"
42237209,08/03/2025,"Bán căn góc 3N, bc ĐN 103m2 chung cư cao cấp Kepler Land Mỗ Lao, view tuyệt đẹp",Giá thỏa thuận,103 m²,N/A,3,2,"Mỗ Lao, Hà Đông","20.985317890253892, 105.78082773299042"
35235972,08/03/2025,Bán quỹ căn hộ Văn Khê mới nhất 2 phòng ngủ từ CT1 - CT6 giá rẻ nhất thị trường,"3,8 tỷ",91 m²,"41,76 tr/m²",2,2,"La Khê, Hà Đông","20.972412109375, 105.761528015137"
42302155,08/03/2025,"Bán chung cư Samsora Cầu Am, 91m2, 3 ngủ, 2 vs chỉ 4.48 tỷ","4,48 tỷ",91 m²,"49,23 tr/m²",3,2,"Quang Trung, Hà Đông","20.975152118062038, 105.77759391944811"
41207194,08/03/2025,"Gia đình cần bán căn hộ 154m2 giá 8.4 tỷ tại Mulberry Lane Hà Đông, 3 ngủ 2 wc, bao phí sang tên","8,47 tỷ",154 m²,55 tr/m²,3,2,"Mỗ Lao, Hà Đông","20.9865188598633, 105.786399841309"
42366412,08/03/2025,"Bán gấp CH chung cư cao cấp The Terra An Hưng, Dương Nội, Hà Đông . 80m2, 2PN. 5.35 tỷ.","5,35 tỷ",80 m²,"66,88 tr/m²",2,2,"La Khê, Hà Đông","20.972749405560755, 105.75702523810259"
41487758,07/03/2025,"Gấp! Bán căn hộ 77m2 tại Thanh Hà Mường Thanh, 2PN, chỉ 2,65 tỷ","2,65 tỷ",77 m²,"34,42 tr/m²",2,2,"Kiến Hưng, Hà Đông","20.9397029876709, 105.7872543334961"
42366117,07/03/2025,"BÁN CĂN HỘ 3 PHÒNG NGỦ SIÊU HIẾM - VIEW PHÁO HOA TẠI CT3 VĂN QUÁN, HÀ ĐÔNG - 95M, SỔ ĐỎ, GIÁ 5.4TỶ","5,4 tỷ",95 m²,"56,84 tr/m²",3,2,"Phúc La, Hà Đông","20.974054462834825, 105.78911008038118"
42366110,07/03/2025,Căn góc 2 phòng ngủ ( 77m2) tầng đẹp ( Đông Nam ) dự án The Charm An Hưng ( mặt đường ) Tố Hữu,"5,8 tỷ",77 m²,"75,32 tr/m²",2,2,"La Khê, Hà Đông","20.97426045589982, 105.7614003098382"
42310014,07/03/2025,"Dự án chung cư Kepler Land, DT từ 45m2. Giá từ 75tr/m2. Nội thất cao cấp, sổ lâu dài",Giá thỏa thuận,45 m²,N/A,2,2,"Mỗ Lao, Hà Đông","20.9855885985748, 105.779179145039"
42182996,07/03/2025,Chính chủ bán căn hộ 2 ngủ 2wc 77m full nội thất mới 100% giá 2ty7xx,Giá thỏa thuận,77 m²,N/A,2,2,"Kiến Hưng, Hà Đông","20.939544665119406, 105.78710050768882"
42328699,07/03/2025,Bán căn góc 2 ngủ 2wc 80m2 đầy đủ nội thất giá chỉ 2ty8xx tại Thanh Hà Mường Thanh,"2,83 tỷ",80 m²,"35,38 tr/m²",2,2,"Kiến Hưng, Hà Đông","20.9397737814049, 105.788176082201"
42261967,07/03/2025,Bán căn hộ 2 ngủ 2wc 65m2 full nội thất mới giá chỉ 2tỷ2xx thu về tại Thanh Hà Mường Thanh,"2,27 tỷ",65 m²,"34,92 tr/m²",2,2,"Kiến Hưng, Hà Đông","20.9395885454034, 105.787246452703"
39457723,07/03/2025,Căn hộ đẳng cấp - thượng lưu - an sinh đỉnh cao - Huyndai Hillstate - Tô Hiệu - HĐ 135m2 - 3ng-2wc,"8,65 tỷ",135 m²,"64,07 tr/m²",3,2,"Hà Cầu, Hà Đông","20.9636821746826, 105.773704528809"
42365849,07/03/2025,"Bán 55m2 2N1vs Xuân Mai Complex , Tòa KL nhà đẹp như hình, tầng trung",Giá thỏa thuận,55 m²,N/A,2,2,"Yên Nghĩa, Hà Đông","20.959850412279234, 105.7412678446691"
42184574,07/03/2025,"Căn hộ 1 phòng ngủ 1WC S = 40m2 - Đầy đủ nội thất. Giá nhỉnh 1,4 tỷ. LH 0376 685 ***","1,44 tỷ",40 m²,36 tr/m²,1,1,"Phúc La, Hà Đông","20.96252147871157, 105.79199033873397"
42291496,07/03/2025,"Giá cực tốt! Căn 75m2 tòa CT6 Hà Đông - Có sổ đỏ. Giá chỉ 2,9x tỷ. LIên hệ: 0376 685 ***","2,95 tỷ",75 m²,"39,33 tr/m²",2,2,"Phúc La, Hà Đông","20.962618227327837, 105.79209674234045"
42344594,07/03/2025,"Bán căn hộ 2PN, 2WC, 73m2 tại KĐT Xa La, 2,09 tỷ, tòa CT6 Hà Đông, Hà Nội","2,09 tỷ",73 m²,"28,63 tr/m²",2,2,"Phúc La, Hà Đông","20.9627354112556, 105.79154163834"
42177183,07/03/2025,Chính chủ cần bán gấp căn 78m2 vip toà A La Casta nội thất nhập khẩu,"5,5 tỷ",78 m²,"70,51 tr/m²",N/A,N/A,"Phú La, Hà Đông","20.96256153396576, 105.76282406150537"
39638813,07/03/2025,Chính chủ bán căn La Casta 117m2 full nội thất duy nhất trên thị trường,"7,6 tỷ",117 m²,"64,96 tr/m²",3,2,"Phú La, Hà Đông","20.9634590148926, 105.762763977051"
39591866,07/03/2025,"Chính chủ bán gấp căn 84m2 La Casta, full nội thất liền tường xịn","6,1 tỷ",88 m²,"69,32 tr/m²",2,2,"Phú La, Hà Đông","20.9634590148926, 105.762763977051"
42142817,07/03/2025,Cần bán căn 2 ngủ - Anland Lakeview 74m2 tầng trung Full Nội thất giá 4.8x tỷ,Giá thỏa thuận,74 m²,N/A,2,2,"Dương Nội, Hà Đông","20.982812728807062, 105.75733159112256"
42365505,07/03/2025,"Chính chủ bán căn hộ chung cư Park Kiara, Lê Trọng Tấn, La Khê, Hà Đông, Hà Nội 3 phòng ngủ",12 tỷ,108 m²,"111,11 tr/m²",3,2,"La Khê, Hà Đông","20.96650644076455, 105.75393787400937"
42282325,07/03/2025,"Bán căn hộ ICID Complex Lê Trọng Tấn gần Aeonmall Hà Đông Vinsmart 3,59 tỷ, 67m2, 2PN 2WC","3,6 tỷ",67 m²,"53,73 tr/m²",2,2,"Dương Nội, Hà Đông","20.98142234933767, 105.74219310702753"
42334193,07/03/2025,"Tôi cần bán căn hộ chung cư cao cấp The Charm Diện tích 72m2, 2PN,2VS giá 5 tỷ ,full nội thất",5 tỷ,72 m²,"69,44 tr/m²",2,2,"La Khê, Hà Đông","20.974188837465952, 105.76043483760662"
42365352,07/03/2025,Chính Chủ Bán Căn Hộ Lacasta Văn Phú Hà Đông Dt : 112 Nguyên Bản LH: 0929 656 ***,Giá thỏa thuận,112 m²,N/A,3,2,"Văn Quán, Hà Đông","20.980005092139514, 105.7882677811042"
41856063,07/03/2025,Độc quyền quỹ căn đẹp nhất The Charm An Hưng. Liên hệ PKD: 0976 881 ***,Giá thỏa thuận,72 m²,N/A,2,2,"La Khê, Hà Đông","20.97420663909272, 105.76061619439963"
39642664,07/03/2025,"Cần bán căn CT3 Văn Quán 100m2, 3 ngủ, 2 vs, nhà thiết kế đẹp, xịn full đồ. LH. 0983 669 ***",Giá thỏa thuận,100 m²,N/A,3,2,"Phúc La, Hà Đông","20.973962783813477, 105.78907012939453"
42130925,07/03/2025,"Cần bán căn góc CT7 Văn Quán Hà Đông 80m2, 2 ngủ, 2vs, full đồ. 0983 669 ***",Giá thỏa thuận,80 m²,N/A,2,2,"Phúc La, Hà Đông","20.973640808527183, 105.78916228020015"
39521532,07/03/2025,"Bán Penthouse tòa Rainbow Văn Quán căn Hoàn Thiện và Thô DT 183m, 283m, 400m...17xx tỷ - 0983 669 ***",Giá thỏa thuận,383 m²,N/A,6,4,"Văn Quán, Hà Đông","20.974458694458, 105.787742614746"
38697952,07/03/2025,"Bán gấp CH CT8 Văn Quán ô góc 58m2 2pn, sổ đỏ chính chủ, vị trí đẹp nhất Hà Đông. 3xtỷ - 0983 669 ***",Giá thỏa thuận,58 m²,N/A,2,N/A,"Văn Quán, Hà Đông","20.973962783813477, 105.78907012939453"
37155645,07/03/2025,"CC cần bán căn chung cư New Skyline Văn Quán Hà Đông 145m2, lô góc view hồ, (3.5PN) 0983 669 ***",Giá thỏa thuận,145 m²,N/A,3,2,"Văn Quán, Hà Đông","20.979644775390625, 105.79234313964844"
42007056,07/03/2025,"Bán căn hộ toà 24 Nguyễn Khuyến Văn Quán, Hà Đông. Diện tích 60m2, 2pn, 2vs, căn góc. 0949 170 ***","3,65 tỷ",60 m²,"60,83 tr/m²",2,2,"Văn Quán, Hà Đông","20.9749403755367, 105.789980881258"
42365249,07/03/2025,"Bán căn hộ 3PN, 3WC tại CT5 C Văn Khê, 6,7 tỷ, 166m2, Hà Đông, Hà Nội","6,7 tỷ",166 m²,"40,36 tr/m²",3,3,"La Khê, Hà Đông","20.97303023870416, 105.76316195349797"
40542323,07/03/2025,"Cần bán căn hộ 60m, 2PN, toà CT8. LH Kiều Thuý 0949 170 ***",Giá thỏa thuận,76 m²,N/A,2,1,"Văn Quán, Hà Đông","20.973962783813477, 105.78907012939453"
42228905,07/03/2025,"Bán penthouse Rainbow Văn Quán, dt 400m2, căn góc view thoáng. LH Kiều Thuý 0949 170 ***",Giá thỏa thuận,400 m²,N/A,N/A,N/A,"Văn Quán, Hà Đông","20.973711905864143, 105.7875668963854"
42265051,07/03/2025,"Chung cư hot nhất Hà Đông hiện tại, ngay mặt đường trung tâm của Quận Hà Đông",4 tỷ,63 m²,"63,49 tr/m²",2,2,"Mỗ Lao, Hà Đông","20.9852761932101, 105.779550637118"
42365018,07/03/2025,"Hàng hiếm giá tốt căn 147m (3PN, 2WC ) tại Bình Vượng 200 Quang Trung. Giá : 5,4 tỷ. Sẵn sổ","5,4 tỷ",147 m²,"36,74 tr/m²",3,2,"Quang Trung, Hà Đông","20.9665761003012, 105.769125873983"
39246076,07/03/2025,"Bán chung cư chính chủ 67.8 m2 tại ICID Complex Dương Nội, Hà Đông","3,39 tỷ","67,8 m²",50 tr/m²,2,2,"Dương Nội, Hà Đông","20.9819164276123, 105.742492675781"
37341356,07/03/2025,Chính chủ cần bán gấp căn 47m2 La Casta đầy đủ nội thất. LH 0338 852 ***,"3,45 tỷ",47 m²,"73,4 tr/m²",1,1,"Phú La, Hà Đông","20.963998585712677, 105.7634520742666"
42363756,07/03/2025,"Rẻ nhất khu căn hộ cao cấp, thoáng đáng sạch sẽ có ban công",6 tỷ,"97,4 m²","61,6 tr/m²",2,2,"Mỗ Lao, Hà Đông","20.9744191125765, 105.785468092238"
42364675,07/03/2025,"Bán CH dự án Hồ Gươm Plaza, diện tích 146m2 thiết kế 3 ngủ, giá 5,5 tỷ bao phí sang tên","5,5 tỷ",146 m²,"37,67 tr/m²",3,2,"Mỗ Lao, Hà Đông","20.97968349907111, 105.78556997138078"
41936927,07/03/2025,"Chính chủ bán gấp trước Tết căn hộ tòa Anland 75m2 lô góc, sổ đỏ chính chủ tôi bán, giá 4,3 tỷ","4,3 tỷ",75 m²,"57,33 tr/m²",2,2,"La Khê, Hà Đông","20.9765314977291, 105.761708540128"
33373814,07/03/2025,"Chính chủ bán căn 98m2, tầng đẹp, full nội thất. LH 0963 225 ***",Giá thỏa thuận,98 m²,N/A,3,2,"Dương Nội, Hà Đông","20.976192474365234, 105.76083374023438"
42011368,07/03/2025,"Bán căn 2 ngủ, 2wc Anland Lakeview rẻ nhất thị trường chỉ 4,7 tỷ. 0984 797 ***","4,7 tỷ",74 m²,"63,51 tr/m²",2,2,"Dương Nội, Hà Đông","20.9833844335712, 105.757364294217"
42004611,07/03/2025,"Chính chủ e bán căn 1206V2 diện tích 118m2 3 ngủ 2 vs đầy đủ nội thất giá cả thỏa thuận, sổ đỏ CC","6,45 tỷ",118 m²,"54,66 tr/m²",3,N/A,"Phú La, Hà Đông","20.95964324968975, 105.76841426113911"
39145658,07/03/2025,"Cần bán nhanh căn 121met 3 ngủ 2 vs chung cư Victoria Văn Phú, Hà Đông, sổ đỏ sang tên trong ngày","6,8 tỷ",118 m²,"57,63 tr/m²",3,2,"Phú La, Hà Đông","20.9599075317383, 105.768196105957"
42364436,07/03/2025,"Mở bán chung cư The Charm An Hưng, ký HĐMB luôn. 0985 999 ***",Giá thỏa thuận,72 m²,N/A,2,N/A,"La Khê, Hà Đông","20.9747872577596, 105.761596452023"
42364387,07/03/2025,"Bán căn hộ 2PN, 88m2 tại Mulberry Lane, Mỗ Lao, Hà Đông, giá cực chất 5,8 tỷ, LH 24/24h 0945 566 ***","5,8 tỷ",88 m²,"65,91 tr/m²",2,2,"Mỗ Lao, Hà Đông","20.986984832737598, 105.78693153097174"
42298064,07/03/2025,"Chính chủ cần bán CH 3 ngủ 2 vệ Mulberry Hà Đông 154 m giá 6.5 tỷ, sẵn sổ, đầy đủ nội thất","6,5 tỷ",154 m²,"42,21 tr/m²",3,2,"Mỗ Lao, Hà Đông","20.98642411322214, 105.78681884606254"
40903374,07/03/2025,Căn 2PN2WC - 61m2 Xuân Mai Riverside Hương Mát NT cơ bản SĐCC giá 4.05 tỷ,"4,05 tỷ",61 m²,"66,39 tr/m²",2,2,"Mỗ Lao, Hà Đông","20.9851932525635, 105.779029846191"
42218237,07/03/2025,Gia đình bán căn sân vườn 220m2 - 3pn 2wc ban công Đông Nam full nội thất giá 9 tỷ,9 tỷ,220 m²,"40,91 tr/m²",3,2,"Mỗ Lao, Hà Đông","20.983717058149644, 105.78599114514797"
42348665,07/03/2025,"Đẳng cấp sống với CH 100m2 thiết kế 3PN 2WC Tháp Thiên Niên Kỷ, nhà full nội thất, giá chỉ 6,8x tỷ","6,89 tỷ",100 m²,"68,9 tr/m²",3,2,"Quang Trung, Hà Đông","20.97310529659454, 105.77850800063655"
42348538,07/03/2025,"Đẳng cấp sống với căn hộ 90m2 Terra An Hưng 3PN 2WC Bc Đông Nam nội thất thiết kế giá chỉ tỷ 5,9xtỷ","5,94 tỷ",90 m²,66 tr/m²,3,2,"Dương Nội, Hà Đông","20.9743461608887, 105.754165649414"
42349970,07/03/2025,"Đẳng cấp sống với căn hộ 75m2 thiết kế 2PN-2Wc Terra view siêu thoáng full nội thất giá chỉ 4,9x tỷ","4,95 tỷ",75 m²,66 tr/m²,3,2,"Dương Nội, Hà Đông","20.974346160888672, 105.75416564941406"
41335371,07/03/2025,"Chính chủ bán căn góc đẹp A1, A4, B1, B4 diện tích 85/96m2, Anland Premium. LH 0984 797 ***",Giá thỏa thuận,85 m²,N/A,3,2,"La Khê, Hà Đông","20.97723388671875, 105.76195526123047"
42363996,07/03/2025,"Bán CC tại HPC Landmark 105, 6,05 tỷ, 106m2, 3PN, 2WC, hàng hot toà k35","6,05 tỷ",106 m²,"57,08 tr/m²",3,2,"La Khê, Hà Đông","20.97369895974045, 105.75953718810374"
42336408,07/03/2025,"Bán CC Văn Phú Victoria giá chỉ 3,9 tỷ bao đẹp - LH em Tùng SĐT/Zalo - 0373*237557","3,9 tỷ",65 m²,60 tr/m²,2,2,"Phú La, Hà Đông","20.9600466131852, 105.768444584909"
42242401,07/03/2025,"Căn Hộ Chung Cư Nàng Hương Nguyễn Trãi Văn Quán Hà Đông 140m 7,7 Tỷ 3PN Lô Góc Full Nội Thất","7,7 tỷ",140 m²,55 tr/m²,3,3,"Văn Quán, Hà Đông","20.986122477474094, 105.79491114046108"
42363781,07/03/2025,Bán căn hộ 74m2 2 ngủ 2 vệ sinh The Terra An Hưng 5.1 tỷ thu về,"5,1 tỷ",74 m²,"68,92 tr/m²",2,2,"La Khê, Hà Đông","20.97276078045926, 105.75669872209336"
33304994,07/03/2025,"Cần bán nhanh CHCC Anland LakeView, DT 74m2,TK 2 ngủ, 2VS, full nội thất đã có sổ đỏ LH: 0987 680 ***",Giá thỏa thuận,74 m²,N/A,2,2,"Dương Nội, Hà Đông","20.9830436706543, 105.757339477539"
41380998,07/03/2025,"Chính chủ bán căn hộ chung cư HPC Landmark 105, giá 5,5 tỷ vnd, dt 112m2, 3pn, 2wc","5,5 tỷ",112 m²,"49,11 tr/m²",3,2,"La Khê, Hà Đông","20.97366714477539, 105.75871276855469"
42312459,07/03/2025,"Bán nhanh căn hộ 2pn 72m2 4,8 tỷ dự án The Charm An Hưng giá tốt nhất chủ đầu tư","4,8 tỷ",72 m²,"66,67 tr/m²",2,2,"La Khê, Hà Đông","20.974293236491, 105.759975155458"
42320262,07/03/2025,Bán căn 2PN cc La Casta Văn Phú,"6,2 tỷ",88 m²,"70,46 tr/m²",2,2,"Phú La, Hà Đông","20.964198956811607, 105.76313818683006"
42218184,07/03/2025,"Bán căn 2PN, 2WC giá 5,x tỷ tại La Casta Văn Phú, Hà Đông, Hà Nội","5,8 tỷ",84 m²,"69,05 tr/m²",2,2,"Phú La, Hà Đông","20.963672954223568, 105.76317117181296"
42229432,07/03/2025,"Chính chủ cần bán căn 3PN, 2VS, giá rẻ 4,76 tỷ. LH 0984 797 ***","4,76 tỷ",75 m²,"63,47 tr/m²",3,2,"La Khê, Hà Đông","20.9774177330629, 105.762583804329"
42363642,07/03/2025,"5.7 tỷ đã có sẵn căn 3 ngủ, về ở ngay thiết kế vuông vức đẹp","5,7 tỷ",116 m²,"49,14 tr/m²",3,2,"Phú La, Hà Đông","20.959653719297695, 105.76801734202785"
41115203,07/03/2025,Seasons Avenue - 3PN 2VS - DT 117m2 - BC Đông Bắc - tặng full nội thất - giá 7.X tỷ/ có slot ô tô,8 tỷ,117 m²,"68,38 tr/m²",3,2,"Mỗ Lao, Hà Đông","20.987026214599609, 105.78683471679688"
36436750,07/03/2025,"Bán gấp căn chung cư Anland 2 mẫu 2pn, 1 vệ sinh, có sổ đỏ chính chủ giá 3,x tỷ. LH 0911 460 ***",Giá thỏa thuận,65 m²,N/A,2,1,"La Khê, Hà Đông","20.9772338867188, 105.76195526123"
38972432,07/03/2025,"Bán căn 63m2, 2PN, 1VS tầng đẹp 1x full đồ, sổ đỏ chính chủ tại Anland Complex 0911 460 ***","3,8 tỷ",63 m²,"60,32 tr/m²",2,1,"La Khê, Hà Đông","20.976192, 105.76083"
42357486,07/03/2025,"Chính chủ bán nhà tập thể Ngô Quyền, Quang Trung, Hà Đông DT 50m2 giá 1,8 tỷ","1,8 tỷ",50 m²,36 tr/m²,2,2,"Quang Trung, Hà Đông","20.9716989319379, 105.768606036315"
38902898,07/03/2025,Cần bán lại căn góc 100m2 Anland Complex giá full nội thất view đẹp giá 5.5 tỷ LH 0967 506 ***,"5,5 tỷ",100 m²,55 tr/m²,3,2,"La Khê, Hà Đông","20.9761924743652, 105.760833740234"
38452138,07/03/2025,"Bán căn hộ chung cư Anland 2 mẫu 2 + 1 75m2 giá 4,8 tỷ, sổ đỏ chính chủ, full đồ LH 0967 506 ***","4,8 tỷ",75 m²,64 tr/m²,3,2,"Dương Nội, Hà Đông","20.9772338867188, 105.76195526123"
36253760,07/03/2025,"Chính chủ cần bán nhanh căn A4, B4 diện tích 95m2 chung cư Anland Premium 5,x tỷ LH 0967 506 ***",Giá thỏa thuận,95 m²,N/A,3,2,"Dương Nội, Hà Đông","20.9763450622559, 105.761497497559"
42363533,07/03/2025,"Chính chủ bán căn hộ 89 Phùng Hưng, Hà Đông, 96m2, 3 phòng ngủ, 2 vệ sinh giá rẻ Lh 0973 705 ***","4,8 tỷ",96 m²,50 tr/m²,3,2,"Phúc La, Hà Đông","20.96956320420177, 105.78541274357607"
36985724,07/03/2025,"Chính chủ bán gấp căn góc 74m2 2PN, 2VS Anland LakeView giá 4,x tỷ, sổ đỏ, full đồ LH 0911 460 ***",Giá thỏa thuận,74 m²,N/A,2,2,"Dương Nội, Hà Đông","20.9830436706543, 105.757339477539"
32158781,07/03/2025,"Chính chủ bán cắt lỗ căn 74m2 2PN 2VS chung cư Anland LakeView giá nhỉnh 4,x tỷ LH 0911 460 ***",Giá thỏa thuận,74 m²,N/A,2,2,"Dương Nội, Hà Đông","20.9830436706543, 105.757339477539"
42363507,07/03/2025,"Chính chủ cần bán nhanh căn góc phụ chung cư Thanh Hà Mường Thanh, giá hơn 2,3 tỷ","2,35 tỷ","66,7 m²","35,23 tr/m²",2,2,"Kiến Hưng, Hà Đông","20.939700727667827, 105.78722069018228"
42197218,07/03/2025,Bán căn hộ 3 ngủ tòa CT8 khu đô thị Dương Nội 0969 085 ***,Giá thỏa thuận,92 m²,N/A,3,N/A,"Dương Nội, Hà Đông","20.979581147424085, 105.74339731007151"
42197388,07/03/2025,Bán căn hộ 3 ngủ 2 VS tòa CT8 cạnh Bệnh Viện Nhi 2 Hà Đông 0969 085 ***,"4,2 tỷ",92 m²,"45,65 tr/m²",3,2,"Dương Nội, Hà Đông","20.979383713542905, 105.74365175984067"
42363016,07/03/2025,"Bán CC Geleximco Lê Trọng Tấn, 5,25 tỷ, 85,2m2, 3PN, 2WC, Đông Nam, Đông Bắc, Hà Đông, HN","5,25 tỷ","85,2 m²","61,62 tr/m²",3,2,"Dương Nội, Hà Đông","20.98190094777482, 105.74249826980575"
41652701,07/03/2025,"Nhanh. Cần bán nhanh căn hộ CT2 Yên Nghĩa, 112m2, 4 ngủ, giá tốt",Giá thỏa thuận,112 m²,N/A,4,2,"Yên Nghĩa, Hà Đông","20.954057693481445, 105.74098205566406"
42363289,07/03/2025,"Chính chủ căn góc 2PN 1VS tòa CT4 Xa La 53m2, hướng Đông Nam. 2.45 tỷ, LH 0943 554 *** (miễn MG)","2,45 tỷ",53 m²,"46,23 tr/m²",2,1,"Phúc La, Hà Đông","20.9624671936035, 105.792366027832"
42363195,07/03/2025,"Bán căn chung cư Hà Đông - Tòa Sông Nhuệ (Sails Tower): 69m2, 2PN - Giá thấp hơn 200tr thị trường","2,9 tỷ",69 m²,"42,03 tr/m²",2,1,"Kiến Hưng, Hà Đông","20.959592642567493, 105.79807167471213"
42305943,07/03/2025,"Cần bán căn góc 74.2m2 dự án AnLand Lake View, full đồ giá chỉ 5.15 tỷ LH: 0848 220 ***","5,15 tỷ","74,2 m²","69,41 tr/m²",2,2,"Dương Nội, Hà Đông","20.9830607891107, 105.75674836193821"
42363175,07/03/2025,"Bán CH 2PN, 2WC tại Anland LakeView, 5,15 tỷ, 74,2m2, view đẹp bao đẹp","5,15 tỷ","74,2 m²","69,41 tr/m²",2,2,"Dương Nội, Hà Đông","20.98322764758108, 105.75713457877744"
40912660,07/03/2025,Rẻ nhất Mulberry Lane bán căn góc 154m2 giá chỉ: hơn 7 tỷ,"7,08 tỷ",154 m²,46 tr/m²,4,3,"Mỗ Lao, Hà Đông","20.9865188598633, 105.786399841309"
42311421,07/03/2025,"Bán căn hộ 3PN, 2WC tại The Charm An Hưng, 80 triệu / m2, 96 m2, view đẹp, giá ưu đãi","7,68 tỷ",96 m²,80 tr/m²,3,2,"La Khê, Hà Đông","20.974682445451098, 105.76070937987095"
42342102,07/03/2025,"Bán căn hộ chung cư 2PN 2WC tại The Pride, Tố Hữu, Hà Đông giá tốt nhất thị trường","3,5 tỷ",75 m²,"46,67 tr/m²",2,2,"La Khê, Hà Đông","20.976082534286988, 105.76160631941472"
42239080,07/03/2025,Bán gấp 2PN CC The Terra An Hưng giá tốt nhất thị trường,"4,3 tỷ",74 m²,"58,11 tr/m²",2,2,"La Khê, Hà Đông","20.972415104766092, 105.75693940740278"
41935784,07/03/2025,"Siêu phẩm căn hộ 74m2 Samsora Premier giá chỉ 3,9 tỷ, full đồ thiết kế sang trọng, sẵn sổ trong két","3,9 tỷ",74 m²,"52,7 tr/m²",2,2,"Quang Trung, Hà Đông","20.97484693782638, 105.77730092017747"
40616098,07/03/2025,Chính chủ chuyển nhượng căn hộ TT ngõ Ao Sen (92 Trần Phú HV Bưu Chính Viễn Thông) Q.Hà Đông Hà Nội,"2,1 tỷ",100 m²,21 tr/m²,2,2,"Mỗ Lao, Hà Đông","20.9828316208176, 105.787557627079"
39451710,07/03/2025,"Bán căn 3 ngủ 110 m2 tầng trung, hướng Đông Nam, ở luôn, view Panorama Hồ Văn Quán, full nội thất",6 tỷ,110 m²,"54,54 tr/m²",3,2,"Mỗ Lao, Hà Đông","20.9792900085449, 105.785461425781"
42362658,07/03/2025,Tòa CT6 Xa La - 2 ngủ 2wc cần bán gấp - tầng trung - nhà đẹp - giá hợp lý - sổ hồng,"2,75 tỷ",67 m²,"41,04 tr/m²",2,2,"Phúc La, Hà Đông","20.9620318318536, 105.791952636219"
42362597,07/03/2025,"Căn hộ 2PN CT6A Xa La, Kiến Hưng, Hà Đông - Sổ đỏ chính chủ, giá tốt","2,89 tỷ",70 m²,"41,29 tr/m²",2,2,"Kiến Hưng, Hà Đông","20.9625281959332, 105.792246319714"
42362576,07/03/2025,"Bán CH đẹp 3PN, 2WC, 101m2 tại KĐT Xa La, Hà Đông, 4,9 tỷ","4,9 tỷ",101 m²,"48,52 tr/m²",3,2,"Phúc La, Hà Đông","20.962352486975814, 105.79266230207944"
42362521,07/03/2025,"Bán CC Hemisco Xa La, 3,6 tỷ, 79m2, 2PN, 2WC, đẹp xuất sắc","3,6 tỷ",79 m²,"45,57 tr/m²",2,2,"Phúc La, Hà Đông","20.9612711107126, 105.794956256272"
41652590,07/03/2025,"Bán nhanh chung cư Xa La, Hà Đông, 70,5m2, 2 phòng ngủ, giá rẻ","2,79 tỷ","70,5 m²","39,57 tr/m²",2,2,"Phúc La, Hà Đông","20.9630764348008, 105.792340744406"
41506632,07/03/2025,"Chính chủ bán CH 90m2, 2PN-2WC, full đồ, ban công ĐN, tòa Mulbery Lane, giá 5 tỷ, LH 0363 388 ***",5 tỷ,90 m²,"55,56 tr/m²",2,2,"Mỗ Lao, Hà Đông","20.9861919360935, 105.787253974035"
42362501,07/03/2025,Bán căn 2pn toà A chung cư La Casta - Kđt Văn Phú - Hà Đông,"5,6 tỷ",78 m²,"71,8 tr/m²",2,N/A,"Phú La, Hà Đông","20.963546759730995, 105.76251668769244"
42325874,07/03/2025,"Hàng hiếm! Bán căn hộ 90m2 3PN2W tại Terra An Hưng Giá Rẻ , thoáng mát, đẩy đủ nội thất ở được ngay",Giá thỏa thuận,90 m²,N/A,3,2,"La Khê, Hà Đông","20.973051089221, 105.75648627680377"
42362674,07/03/2025,"Bán chung cư 197 Trần Phú, Hà Đông, căn 2n2wc 72m2 phòng khách rộng rãi, có logia đẹp","3,96 tỷ",71 m²,"55,78 tr/m²",2,2,"Văn Quán, Hà Đông","20.9798999954327, 105.787028503947"
42362661,07/03/2025,"(Giá thật) chính chủ bán căn 118m2 3PN + 2WC full nội thất mới, đẹp cc HPC Landmark 105","6,2 tỷ",118 m²,"52,54 tr/m²",3,2,"La Khê, Hà Đông","20.973667, 105.75871"
42315934,07/03/2025,Tôi chính chủ cần bán căn chung cư tại The Pride diện tích 99m2 3n 2w giá 4.9 tỷ lh: 0985 636 ***,"4,9 tỷ",99 m²,"49,5 tr/m²",3,2,"La Khê, Hà Đông","20.97566146208271, 105.76184571186221"
42165034,07/03/2025,"Tôi chủ nhà cần bán gấp căn hộ 113m, 3 ngủ 2 vệ sinh ở Seasons Avenue,tầng đẹp ban công mát, giá 8x",8 tỷ,113 m²,"70,8 tr/m²",3,2,"Mỗ Lao, Hà Đông","20.9871542401215, 105.787484500334"
42362412,07/03/2025,"Bán căn hộ chung cư An Lạc Tower, 4,7 tỷ, 100m2, 2PN, 2WC, chính chủ, hot","4,7 tỷ",100 m²,47 tr/m²,2,2,"Quang Trung, Hà Đông","20.965374441538515, 105.76491201378781"
36871380,07/03/2025,"Bán căn góc 3PN 80m2 tầng trung toà Xuân Mai Complex Dương Nội, Hà Đông. LH 0982 511 ***",Giá thỏa thuận,80 m²,N/A,3,2,"Yên Nghĩa, Hà Đông","20.9597759246826, 105.741882324219"
42327143,07/03/2025,"Bác e xuống liên kề, cần nhượng lại căn hộ 60m 2 phòng ngủ, 2 vệ sinh, tặng lại nội thất","3,8 tỷ",60 m²,"63,33 tr/m²",2,2,"Phúc La, Hà Đông","20.959669887684424, 105.76608682572613"
41684849,07/03/2025,"Cần bán nhanh chung cư A5 Học Viện Quân 71m2, 2 ngủ, 2 VS, full nội thất","3,98 tỷ",71 m²,"56,06 tr/m²",2,2,"Phúc La, Hà Đông","20.968814134166468, 105.78611696599411"
38417150,07/03/2025,"Hiếm. Bán nhanh căn hộ 95m2, 2PN, 2 VS tại chung cư Sông Đà, 131 Trần Phú, Hà Đông, full nội thất","4,25 tỷ",95 m²,"44,74 tr/m²",2,2,"Văn Quán, Hà Đông","20.9802150726318, 105.788192749023"
41104360,07/03/2025,"Tìm chủ mới cho căn hộ 75m2 sẵn nội thất, chỉ cần xách vali về ở ngay chỉ hơn 3 tỷ","3,9 tỷ",75 m²,52 tr/m²,2,2,"Quang Trung, Hà Đông","20.973217010498, 105.778854370117"
42362119,07/03/2025,"Bán CC đẹp xuất sắc tại Văn Phú, Hà Đông, 4,5 tỷ, 70m2, 2PN, 2WC","4,5 tỷ",70 m²,"64,29 tr/m²",2,2,"Phú La, Hà Đông","20.9617703964926, 105.768584920455"
42362311,07/03/2025,"Tôi cần bán chung cư Unimax 210 Quang Trung, 105m2, 3 ngủ, 2 vs, nội thất đầy đủ",Giá thỏa thuận,105 m²,N/A,3,2,"Phúc La, Hà Đông","20.9675272708163, 105.768097510786"
42362070,07/03/2025,"Bán căn hộ chung cư 2PN, 2WC tại tòa nhà 197 Trần Phú, 3.Xx tỷ, 71m2","3,96 tỷ",71 m²,"55,78 tr/m²",2,2,"Văn Quán, Hà Đông","20.97947943316925, 105.78691846490209"
39395534,07/03/2025,"Tôi bán nhanh chung cư Bình Vượng 200 Quang Trung 112m2, 3 ngủ, 2 vs, giá tốt",Giá thỏa thuận,112 m²,N/A,3,2,"Quang Trung, Hà Đông","20.9668750762939, 105.769638061523"
38895775,07/03/2025,"Cần bán căn hộ, SDU 143 Trần Phú, Hà Đông, 66m2, 2 ngủ 2 vệ sinh, giá tốt","3,1 tỷ",66 m²,"46,97 tr/m²",2,2,"Văn Quán, Hà Đông","20.9779348021283, 105.785154763986"
39395058,07/03/2025,"Bán nhanh chung cư The K Park Văn Phú, Hà Đông, 2 phòng ngủ, 2 vệ sinh, giá tốt","4,33 tỷ",68 m²,"63,68 tr/m²",2,2,"Phúc La, Hà Đông","20.959581917600318, 105.79156370223748"
42327186,07/03/2025,"Chính chủ cần bán căn 72m2 tòa CT5 2 ngủ 2 wc tại KĐT Xa La Hà Đông, full đồ, sẵn sổ, giá rẻ nhất",Giá thỏa thuận,72 m²,N/A,2,2,"Phúc La, Hà Đông","20.962304347097678, 105.79210243526246"
41477572,07/03/2025,"Bán chung cư tại toà Samsora Premier, Hà Đông. Diện tích 82m2, 3PN, 2WC",Giá thỏa thuận,82 m²,N/A,3,2,"Quang Trung, Hà Đông","20.973217010498, 105.778854370117"
42220779,07/03/2025,"Bán chung cư tại toà Samsora Premier, Hà Đông. Diện tích 74m2, 2PN, 2WC","3,98 tỷ",74 m²,"53,78 tr/m²",2,2,"Quang Trung, Hà Đông","20.9750916399025, 105.776954535182"
38041629,07/03/2025,"Hot. Bán gấp căn hộ 110m2, 3 phòng ngủ, nội thất đẹp, Hồ Gươm Plaza, Trần Phú",Giá thỏa thuận,110 m²,N/A,3,2,"Mỗ Lao, Hà Đông","20.9792900085449, 105.785461425781"
41671730,07/03/2025,"Bán chung cư Fodacon Bắc Hà, Trần Phú, Hà Đông 112m2, 3 phòng ngủ, giá tốt","4,79 tỷ",112 m²,"42,77 tr/m²",3,2,"Mỗ Lao, Hà Đông","20.982486683379587, 105.78985262088432"
41556886,07/03/2025,Chính chủ cần bán căn 68m2 tại chung cư CT6 KĐT Xa La 2 ngủ 2 wc full nội thất nhà đẹp sẵn sổ đỏ,Giá thỏa thuận,68 m²,N/A,2,2,"Phúc La, Hà Đông","20.9624671936035, 105.792366027832"
38819363,07/03/2025,"Bán chung cư Fodacon Bắc Hà, Trần Phú, Hà Đông, 85m2, 2 phòng ngủ, giá tốt",Giá thỏa thuận,85 m²,N/A,2,2,"Mỗ Lao, Hà Đông","20.982532501220703, 105.78964233398438"
42165721,07/03/2025,"Bán căn hộ 100m2, 2 ngủ chung cư An Lạc Hà Đông giá tốt",Giá thỏa thuận,100 m²,N/A,2,2,"Quang Trung, Hà Đông","20.965327592601753, 105.76489698770102"
42362005,07/03/2025,"Bán CH 2PN view đẹp tại KĐT Xa La, 2,65 tỷ, 53m2","2,65 tỷ",53 m²,50 tr/m²,2,1,"Phúc La, Hà Đông","20.962727187044, 105.792735256353"
42088752,07/03/2025,"Chính chủ bán căn CT4B Xa La 68m2, 2tỷ3 (tầng 2, không sổ) 0944 280 ***","2,3 tỷ",68 m²,"33,82 tr/m²",2,2,"Phúc La, Hà Đông","20.9622529245719, 105.792393709708"
42361923,07/03/2025,"Bán căn hộ CC tại KĐT Xa La, giá 2,62 tỷ, 52m2, 2PN + 1WC, view đẹp","2,62 tỷ",52 m²,"50,38 tr/m²",2,1,"Phúc La, Hà Đông","20.96259400819271, 105.79245285599795"
42110252,07/03/2025,"Cần bán nhanh chung cư The K Park, Kđt Văn Phú, Hà Đông, Hà Nội",Giá thỏa thuận,68 m²,N/A,2,2,"Phúc La, Hà Đông","20.9593547044683, 105.791295074641"
42361789,07/03/2025,"Bán CC 2PN, 1WC, 64m2 tại KĐT Xa La, 2,88 tỷ, Hà Đông, HN - Giá siêu hời","2,88 tỷ",64 m²,45 tr/m²,2,1,"Phúc La, Hà Đông","20.963136152403067, 105.79250531504589"
42361502,07/03/2025,Chính chủ bán nhanh căn hộ tầng 11 view nhìn ra công viên 83m2 ở Phú Thịnh GreenPark,"5,2 tỷ",83 m²,"62,65 tr/m²",3,2,"Hà Cầu, Hà Đông","20.96696324149696, 105.77802981522844"
41946647,07/03/2025,"Quỹ căn ngoại giao The Charm An Hưng, La khê (Đường Tố Hữu kéo dài) 54 - 78m2 chỉ 77 tr/m2",Giá thỏa thuận,54 m²,N/A,2,2,"La Khê, Hà Đông","20.9746202132492, 105.760725597421"
42123817,07/03/2025,"3 căn suất ngoại giao The Charm An Hưng, căn góc 3pn cực đẹp, giá đầu tư, vào ký hđmb luôn",Giá thỏa thuận,"91,5 m²",N/A,3,3,"La Khê, Hà Đông","20.9747820034705, 105.760900562182"
42035419,07/03/2025,"Bán CH 3PN, 3WC, 143m2 tại SME Hoàng Gia, Tô Hiệu, Hà Đông, 4,5 tỷ","4,5 tỷ",143 m²,"31,47 tr/m²",3,3,"Quang Trung, Hà Đông","20.966073974146436, 105.76965630481627"
42361484,07/03/2025,"Bán CC Anland Complex, Tố Hữu, La Khê, Hà Đông, Hà Nội, 4,7 tỷ, 75m2, view đẹp","4,7 tỷ",75 m²,"62,67 tr/m²",2,2,"La Khê, Hà Đông","20.976062768284127, 105.76060825302021"
42125630,07/03/2025,"Bán căn hộ chung cư Xuân Mai Riverside, Làng Việt Kiều Mỗ Lao DT 76m2 2 ngủ 2VS, giá 3.9 tỷ","3,9 tỷ",76 m²,"51,32 tr/m²",2,2,"Mỗ Lao, Hà Đông","20.9854398525038, 105.779373982254"
42361312,07/03/2025,Bán căn 2 ngủ 2 vệ sinh 70m2 - 73m2 nhà đẹp giá tốt tại chung cư The Pride Hải Phát,"3,75 tỷ",70 m²,"53,57 tr/m²",2,2,"La Khê, Hà Đông","20.976013477942374, 105.76144345187215"
42281125,07/03/2025,"Bán căn hộ chung cư Tòa Tháp Thiên Niên Kỷ 6,1 tỷ 97m2 3PN 2WC bc Đông Nam view công viên+tàu điện","6,1 tỷ",97 m²,"62,89 tr/m²",3,2,"Quang Trung, Hà Đông","20.973414282197925, 105.77811567878426"
41364197,07/03/2025,Gia đình cần bán căn hộ 90m2 đầy đủ nội thất gần Học Viện An Ninh giá chỉ hơn 4 tỷ,"4,75 tỷ",90 m²,"52,78 tr/m²",2,2,"Văn Quán, Hà Đông","20.9749809388938, 105.785690230752"
42219195,07/03/2025,"Tôi chính chủ bán căn hộ 145,4m2 tại Bình Vượng Tower, 3n 2w ban công ĐN, tầng trung, giá 5,2 tỷ","5,2 tỷ","145,5 m²","35,74 tr/m²",3,2,"Quang Trung, Hà Đông","20.967145003250057, 105.76964567631987"
42219147,07/03/2025,"Tôi chính chủ bán căn hộ sân vườn 202m2 tại TSQ Euroland, 3pn 3w, ban công ĐN, giá 10,5 tỷ","10,5 tỷ",202 m²,"51,98 tr/m²",3,3,"Mỗ Lao, Hà Đông","20.983502626447013, 105.78567389010595"
42360843,07/03/2025,"Bán 2N CC La Casta, tòa A - tầng trung đẹp, full đồ xịn sò 5.6 tỷ","5,6 tỷ",78 m²,"71,8 tr/m²",2,2,"Phú La, Hà Đông","20.96400209156021, 105.76312051178478"
42360729,07/03/2025,Căn hộ 3 ngủ 2 wc - lô góc - 2 ban công - vị trí trung tâm - 89 Phùng Hưng - Hà Đông - giá 5 tỷ,5 tỷ,96 m²,"52,08 tr/m²",3,2,"Phúc La, Hà Đông","20.969440784663, 105.78462293006"
42360794,07/03/2025,"Bán căn hộ CC La Casta Văn Phú, giá 70 triệu / m2, 84m2, 2PN, 2WC, Hà Đông, Hà Nội","5,88 tỷ",84 m²,70 tr/m²,2,2,"Phú La, Hà Đông","20.963531697260496, 105.76277361215449"
42360588,07/03/2025,"Chính chủ rao bán căn hộ New SkyLine - Sổ hồng trao tay, dọn vào ở ngay",8 tỷ,125 m²,64 tr/m²,N/A,N/A,"Văn Quán, Hà Đông","20.9797917872673, 105.792237464882"
42360632,07/03/2025,"Hot! Bỏ qua căn này thì vô cùng tiếc! Căn 91m2 trục căn mẫu, lâu dài, view hồ toà 50 tầng",Giá thỏa thuận,91 m²,N/A,2,2,"Văn Quán, Hà Đông","20.980043986820974, 105.78809234974636"
42360228,07/03/2025,"Quỹ căn ngoại giao chung cư CT4 Yên Nghĩa Hà Đông, giá cực tốt, nhận nhà ở ngay.LH: 0977 167 ***","3,35 tỷ",67 m²,50 tr/m²,2,2,"Yên Nghĩa, Hà Đông","20.95428508372389, 105.74104639262697"
42350107,07/03/2025,"Độc quyền 3 căn 91m2 view hồ, sổ lâu dài, tòa 50 tầng, tầng 1x, 2x, 3x giá 5,x tỷ",Giá thỏa thuận,"91,66 m²",N/A,3,2,"Văn Quán, Hà Đông","20.9795042130069, 105.787232711765"
40570761,07/03/2025,"Cần bán gấp CHCC CT8 Dương Nội dt 84m2, 3 ngủ 2 wc nội thất mới đẹp. Lh: 0988 187 ***","3,8 tỷ",84 m²,"45,24 tr/m²",3,2,"Dương Nội, Hà Đông","20.9798679351807, 105.743919372559"
42331086,07/03/2025,"BÁN CĂN 2PN TOÀ CT7, CT8 DƯƠNG NỘI, HÀ ĐÔNG.LH-0982 511 ***","2,85 tỷ","56,5 m²","50,44 tr/m²",2,1,"Dương Nội, Hà Đông","20.97921183321754, 105.7438993877547"
42360270,07/03/2025,Cần bán gấp chung cư Nàng Hương Nguyễn Trãi Văn Quán HĐ 98m2 2 ngủ 2vs giá tốt,"5,05 tỷ",98 m²,"51,53 tr/m²",2,2,"Văn Quán, Hà Đông","20.9853741814532, 105.795944190906"
42360188,07/03/2025,"Nhanh tay kẻo lỡ! Bán nhanh căn hộ tại tòa CT2 KDT Xala, Hà Đông: 64m2 - NT cơ bản - sđcc","2,88 tỷ",64 m²,45 tr/m²,2,1,"Phúc La, Hà Đông","20.963058959090635, 105.79236510440758"
42271168,07/03/2025,CẤP BÁO nhà mẫu The Charm An Hưng đã hoàn thiện. LH 0386 922 *** để cập nhật thông tin chọn căn,Giá thỏa thuận,54 m²,N/A,N/A,N/A,"La Khê, Hà Đông","20.97474179418187, 105.76039987966544"
42359872,07/03/2025,E có qũy căn CT4 Yên NghĩA diện tích 100m2 giá tốt 4x sổ hồng lâu dài,Giá thỏa thuận,100 m²,N/A,3,2,"Yên Nghĩa, Hà Đông","20.95459131492845, 105.74037407989462"
42360004,07/03/2025,Căn hộ 2 ngủ 70m2 giá tốt nhất The Pride tầng trung số sẵn giao dịch,"3,7 tỷ",70 m²,"52,86 tr/m²",2,2,"La Khê, Hà Đông","20.975602102231893, 105.76179483710435"
42359942,07/03/2025,"Giá tốt chốt liền tay! Căn hộ 2 ngủ tại tòa Sông Nhuệ, Xala, Hà Đông: 69m2 SĐCC - tầng 2x - tặng NT","2,9 tỷ",69 m²,"42,03 tr/m²",2,2,"Kiến Hưng, Hà Đông","20.9602205408062, 105.798376924364"
37142147,07/03/2025,"Bán căn 1,5 ngủ 49m2 tòa Xuân Mai Complex, Hà Đông. LH 0982 511 ***",Giá thỏa thuận,49 m²,N/A,1,1,"Yên Nghĩa, Hà Đông","20.9597759246826, 105.741882324219"
42359780,07/03/2025,Bán căn 90m2 tầng trung chung cư Terra An Hưng 6.1 tỷ thu về,"6,1 tỷ",90 m²,"67,78 tr/m²",3,2,"La Khê, Hà Đông","20.972557457576865, 105.75648839869972"
42359746,07/03/2025,"Chủ nhà quyết tâm bán căn hộ chung cư 4 phòng ngủ, Mulberry Lane (154.3m2)-Giá tốt kèm slot xe ô tô","7,3 tỷ","154,3 m²","47,31 tr/m²",4,3,"Mỗ Lao, Hà Đông","20.9864727781061, 105.786261504596"
42359619,07/03/2025,Bán chung cư cao cấp Victoria Văn Phú Hà Đông - 116m2 - 3 ngủ 2 vệ sinh - nhỉnh 6 tỷ x (x bé),Giá thỏa thuận,116 m²,N/A,3,2,"Phú La, Hà Đông","20.9598386451681, 105.768169170996"
41501699,07/03/2025,"Cực thiện chí bán căn hộ 2 ngủ cực thoáng mát tòa CT1 Nam Xa La, Hà Đông: 81.6m2 full nội thất sđcc",Giá thỏa thuận,"81,6 m²",N/A,2,2,"Phúc La, Hà Đông","20.9604053497314, 105.794692993164"
42359466,07/03/2025,Bán chung cư Unimax Quang Trung Hà Đông - 102.7m2 - 3 ngủ 2 vệ sinh - nhỉnh 5 tỷ,Giá thỏa thuận,"102,7 m²",N/A,3,2,"Phúc La, Hà Đông","20.967009701636, 105.768839466872"
37228579,07/03/2025,"Bán căn 2PN 55m2, 62m2, 65m2, 70m2 nhà đẹp tòa Xuân Mai Complex. LH 0982 511 ***","3,15 tỷ",62 m²,"50,81 tr/m²",2,2,"Yên Nghĩa, Hà Đông","20.9597759246826, 105.741882324219"
42359436,07/03/2025,"Chính Chủ Bán Căn Hộ 2PN - 2VS, Kiến Hưng - Nhà Đẹp, Sổ Đỏ Chính Chủ!","3,2 tỷ","69,3 m²","46,18 tr/m²",2,2,"Kiến Hưng, Hà Đông","20.946043922933573, 105.79207033492966"
42359397,07/03/2025,BÁN CHUNG CƯ CT2 THE PRIDE HÀ ĐÔNG - 81.4M2 - 2 NGỦ 2 VỆ SINH - CHỈ 4 TỶ,4 tỷ,82 m²,"48,78 tr/m²",2,2,"La Khê, Hà Đông","20.976898641987674, 105.76156866644901"
42061652,07/03/2025,"Bán căn Duplex tại New Skyline, Văn Quán, Hà Đông, căn góc, sân vườn rộng, view hồ","18,5 tỷ","336,7 m²","54,94 tr/m²",6,4,"Văn Quán, Hà Đông","20.979665278911654, 105.79249054027206"
42149721,07/03/2025,Chỉ 2.8x tỷ để sở hữu ngay căn hộ 70m2 2 ngủ 2wc tại dự án CT6 Xa La Hà Đông. Full nội thất xịn xò,"2,89 tỷ",70 m²,"41,29 tr/m²",2,2,"Phúc La, Hà Đông","20.96239146658296, 105.7926065659838"
42359279,07/03/2025,"Chính chủ cần bán căn góc 107.6m², 3 phòng ngủ, tầng trung toà K35 HPC Landmark 105 Tố Hữu, Hà Đông",Giá thỏa thuận,"107,6 m²",N/A,3,2,"La Khê, Hà Đông","20.97348689993835, 105.75874380272815"
42359251,07/03/2025,"Bán căn hộ chung cư Thanh Hà, 2N2WC 67m2 nhà thoáng rộng đẹp, giá thương lượng","2,4 tỷ",67 m²,"35,82 tr/m²",2,2,"Kiến Hưng, Hà Đông","20.9393666975673, 105.78706238525"
42358943,07/03/2025,"Chính chủ bán căn 3 ngủ khu đô thị Thanh Hà, Hà Đông, Hà Nội full nội thất chỉ việc xách vali về ở",Giá thỏa thuận,"91,96 m²",N/A,3,N/A,"Kiến Hưng, Hà Đông","20.939993089537204, 105.7870567026077"
42359150,07/03/2025,"Bán căn hộ 3PN + 1 + 2WC, 95,6m2 tại chung cư Booyoung, Mỗ Lao, Hà Đông, 5,7 tỷ","5,8 tỷ","95,6 m²","60,67 tr/m²",3,2,"Mỗ Lao, Hà Đông","20.9835757941587, 105.784464620219"
42223238,07/03/2025,"Giá rẻ nhất thị trường chỉ 4x tỷ! Bán căn hộ 74m 2N 2N tại Terra An Hưng, Full Nội Thất, Có Ra Lộc",Giá thỏa thuận,74 m²,N/A,2,2,"La Khê, Hà Đông","20.972842871681397, 105.75691665791409"
42337255,07/03/2025,"The Charm An Hưng Hà Đông giá chỉ từ hơn 4 tỷ, full nội thất nhập khẩu đức","5,1 tỷ",72 m²,"70,83 tr/m²",2,2,"La Khê, Hà Đông","20.9740914906589, 105.761148988271"
12709129,07/03/2025,"Bán CC Nàng Hương PCC1, 583 Nguyễn Trãi, 100m2, 106m2, 109m2, 140m2",7 tỷ,140 m²,50 tr/m²,3,3,"Văn Quán, Hà Đông","20.9856719970703, 105.795204162598"
40750567,07/03/2025,"Bán căn 2 PN, 2WC S= 68m2, giá 3.x tỷ. Full đồ dự án Ct1 Bộ Tư Lệnh Thủ Đô, Yên Nghĩa, Hà Đông",Giá thỏa thuận,68 m²,N/A,2,2,"Yên Nghĩa, Hà Đông","20.954751733560812, 105.74471712018948"
41751959,07/03/2025,"Bán căn 2 PN, S= 54m2. Có đồ. Gía 2.7x tỷ tòa dự án CT7 Spark Dương Nội - Hà Đông","2,64 tỷ",55 m²,48 tr/m²,2,2,"Dương Nội, Hà Đông","20.9798679351807, 105.743919372559"
42249156,07/03/2025,"Chính chủ cần bán căn hộ Xuân Mai Tô Hiệu, Hà Cầu, Hà Đông, 65m2, nhà vuông vắn full đồ","3,65 tỷ",65 m²,"56,15 tr/m²",2,1,"Hà Cầu, Hà Đông","20.9626189075502, 105.773371201065"
42167043,07/03/2025,"Chính chủ mình cần bán CH tòa CT5 kđt Xa La, căn 2n 2wc sổ lâu dài, nhà sửa cẩn thận, sẵn về ở",Giá thỏa thuận,68 m²,N/A,2,2,"Phúc La, Hà Đông","20.9628516412103, 105.792673748345"
37856248,07/03/2025,"Bán căn 2 PN, 2wc. S = 62m2 có đồ. Gía 3,1x tỷ. Dự án chung cư Xuân Mai complex Dương Nội","3,15 tỷ",62 m²,"50,81 tr/m²",2,2,"Yên Nghĩa, Hà Đông","20.9597759246826, 105.741882324219"
42358952,07/03/2025,"Mình cần bán CH 69.8m2 chung cư Sông Nhuệ giá 2.9 tỷ căn 2 ngủ, ban công hướng Đông Nam mát","2,9 tỷ","69,8 m²","41,55 tr/m²",2,1,"Kiến Hưng, Hà Đông","20.95947658728259, 105.79778096161498"
41572723,07/03/2025,Bán căn 125 - 154m2 giá yêu thương 6ty750 tại chun cư: Mullberry Lane,"6,75 tỷ",125 m²,54 tr/m²,3,2,"Mỗ Lao, Hà Đông","20.987242821065081, 105.7865452565908"
40240589,07/03/2025,"Bán nhanh căn góc 2PN 2WC diện tích 62m2 giá 3,1 tỷ tại tòa mới HJK chung cư ParkView Dương Nội","3,1 tỷ",62 m²,50 tr/m²,2,2,"Dương Nội, Hà Đông","20.9643268585205, 105.749549865723"
42173085,07/03/2025,"Bán căn hộ diện tích 50m2 sổ đỏ lâu dài giá bán 2 tỷ full đồ tại khu đô thị Xa La, Hà Đông",2 tỷ,50 m²,40 tr/m²,1,1,"Phúc La, Hà Đông","20.96293303477397, 105.79253256091779"
41712507,07/03/2025,"Chính chủ cần bán cc TSQ Euroland, Mỗ Lao 4N 3VS, 3 ban công 192m2 tầng trung view hồ Trung Văn",9 tỷ,191 m²,"47,12 tr/m²",4,3,"Mỗ Lao, Hà Đông","20.983457565307617, 105.78564453125"
42358507,07/03/2025,"Bán chung cư Quang Trung, Hà Đông, 108m2, 3 phòng ngủ, căn góc, đầy đủ đồ, sổ đỏ","4,4 tỷ",108 m²,"40,74 tr/m²",3,2,"Phú La, Hà Đông","20.956969531019904, 105.75574952611642"
42358613,07/03/2025,"Bán chung cư An Lạc, Hà Đông căn góc 100m2, 3 ngủ, 2 vs chỉ 4.48 tỷ","4,48 tỷ",100 m²,"44,8 tr/m²",3,2,"La Khê, Hà Đông","20.9642078589285, 105.763968432103"
42352394,07/03/2025,"Hot! Căn hộ 2PN, 2WC, 77m2 tại Phú Lương, Hà Đông, 2,55 tỷ","2,55 tỷ",77 m²,"33,12 tr/m²",2,2,"Phú Lương, Hà Đông","20.9405882971373, 105.7686016059"
42358412,07/03/2025,"Bán CC Xuân Mai Riverside, 4,1 tỷ, 67m2, 2PN, 2WC, nội thất cơ bản tại Hà Đông","4,1 tỷ",67 m²,"61,19 tr/m²",2,2,"Mỗ Lao, Hà Đông","20.98519511671115, 105.77894873195318"
38096109,07/03/2025,"E cần Bán căn góc 2 mặt thoáng 72m2 tòa CT1 Văn Quán, 2PN, 1VS. Nhà để lại đồ cơ bản LH 0973 705 ***",Giá thỏa thuận,72 m²,N/A,2,1,"Phúc La, Hà Đông","20.9739627838135, 105.789070129395"
42358411,07/03/2025,Cần bán chung cư Lacasta 112m KĐT Văn Phú,"8,2 tỷ",112 m²,"73,2 tr/m²",3,2,"Phú La, Hà Đông","20.9580362985775, 105.768094687401"
41800538,07/03/2025,Bán suất ngoại giao căn hộ 73m2 tại The Charm An Hưng. Hướng Đông Nam cực mát,Giá thỏa thuận,73 m²,N/A,2,2,"La Khê, Hà Đông","20.97510179504166, 105.7612849818779"
42357988,07/03/2025,"Căn hộ chung cư Xuân Mai Tower tại Hà Cầu, 60,5m2 giá hợp lý","3,35 tỷ","60,5 m²","55,37 tr/m²",2,1,"Hà Cầu, Hà Đông","20.962711970999624, 105.77368704468716"
42357962,07/03/2025,Giá rẻ nhất toà HH2 Xuân Mai Complex. Căn 2 ngủ 55m2 full nội thất. Chỉ 2.8 tỷ,Giá thỏa thuận,55 m²,N/A,2,1,"Yên Nghĩa, Hà Đông","20.959916348292886, 105.7415574936384"
42318358,07/03/2025,"Bán tập thể ĐH Kiến Trúc, 85m2 (sổ 51m2), 3 ngủ, giá 2.95 tỷ","2,95 tỷ",85 m²,"34,71 tr/m²",2,N/A,"Mỗ Lao, Hà Đông","20.9729836345138, 105.779031916543"
42326198,07/03/2025,"Chính chủ cần bán căn 3 ngủ 115m2 tòa Seasons Avenue Mỗ Lao . Đầy đủ đồ. Giá 6,9 tỷ. Có slot ôtô","6,9 tỷ",115 m²,60 tr/m²,3,2,"Mỗ Lao, Hà Đông","20.987596769663696, 105.78663322653459"
41072782,07/03/2025,"(Giá thật) chính chủ bán căn hộ 92m2 tại Thiên Niên Kỷ, N 2W, ban công ĐN, giá 6 tỷ",6 tỷ,92 m²,"65,22 tr/m²",2,2,"Quang Trung, Hà Đông","20.9733200073242, 105.778282165527"
42240088,07/03/2025,"Chính chủ bán nhanh căn hộ chung cư Vinaconex 21, Phú La, Hà Đông: DT 138.4m2, 3PN, 2VS, hơn 4 tỷ","4,71 tỷ","138,4 m²",34 tr/m²,3,2,"Phú La, Hà Đông","20.957004733808294, 105.75660360384092"
42329866,07/03/2025,"Quỹ hàng 2PN hiếm hoi diện tích phù hợp, giá tốt, hưởng full chính sách ưu đãi CĐT khi booking sớm",Giá thỏa thuận,54 m²,N/A,2,1,"La Khê, Hà Đông","20.975447359379746, 105.76071185440787"
42288474,07/03/2025,"Chỉ 3,75 tỷ! Chính chủ bán rẻ, gấp căn hộ 73m2, 2 pn The Pride, Hà Đông. Đủ nội thất vào ở ngay","3,75 tỷ",73 m²,"51,37 tr/m²",2,2,"La Khê, Hà Đông","20.976062759037024, 105.7616844576867"
42357498,07/03/2025,"Cần tiền đầu tư kinh doanh bán gấp căn 94m, 3PN giá 4,x tỷ chung cư Usilk, Tố Hữu, Hà Đông. Full đồ","4,95 tỷ",94 m²,"52,66 tr/m²",3,2,"La Khê, Hà Đông","20.97373608678737, 105.76096890622692"
42310391,07/03/2025,"Gia đình em bán căn hộ tại GoldSilk Complex. Giá: 4,9 tỷ, 78m2 (2N2W). Sẵn sổ, full đồ","4,9 tỷ",78 m²,"62,82 tr/m²",2,2,"Vạn Phúc, Hà Đông","20.9778933855008, 105.772601090065"
42357484,07/03/2025,Bán căn chung cư cao cấp 166m tại Văn Khê thuộc Khu đô thị mới Văn Khê - Hà Đông,"7,47 tỷ",166 m²,45 tr/m²,N/A,N/A,"La Khê, Hà Đông","20.971671577899983, 105.7618059622173"
42357546,07/03/2025,"Bán CC Xuân Mai Riverside, Thanh Bình, Mỗ Lao, Hà Đông, 98.41m2 (3N+2VS),tầng cao view đẹp full đồ","5,9 tỷ","98,41 m²",60 tr/m²,3,2,"Mỗ Lao, Hà Đông","20.98517242067049, 105.77904426882829"
41798141,07/03/2025,"Bán căn hộ 1PN view đẹp tại Park Kiara, Lê Trọng Tấn, Hà Đông, 6,2 tỷ, 60m2","6,2 tỷ",60 m²,"103,33 tr/m²",1,1,"La Khê, Hà Đông","20.9671201957949, 105.754027406464"
41536981,07/03/2025,"The Pride, nhà đẹp lung linh - 72m2 - xem là thích, ở tiện nghi đầy đủ, 2 ngủ 2vs - giá rẻ nhất","4,89 tỷ",72 m²,"67,92 tr/m²",2,2,"La Khê, Hà Đông","20.9760246276855, 105.761596679688"
42357002,07/03/2025,"Chuyển nhượng chung cư The Pride căn 2 ngủ 81.4m, ban công Đông Nam, giá 4,1x tỷ","4,18 tỷ","81,4 m²","51,35 tr/m²",2,2,"La Khê, Hà Đông","20.975818517373973, 105.76147744838127"
40761357,07/03/2025,"Chính chủ cần bán căn Tập Thể Vạn Phúc Hà Đông 90 m2, Mt 6m, tầng 2, 3 ngủ. Giá đầu tư","2,6 tỷ",90 m²,"28,89 tr/m²",3,1,"Vạn Phúc, Hà Đông","20.9754267495102, 105.786436025636"
41510591,07/03/2025,"Bán căn hộ 90m2, 3 ngủ tại phố Vạn Phúc - Hà Đông, đẹp, giá tốt, nhiều tiện ích 0981 715 ***","2,9 tỷ",90 m²,"32,22 tr/m²",3,2,"Vạn Phúc, Hà Đông","20.9751366315273, 105.786698015065"
42289923,07/03/2025,"Tôi có căn 54m2, 2pn 1vs cần bán thuộc tầng trung lh 0389 980 ***",Giá thỏa thuận,56 m²,N/A,2,1,"La Khê, Hà Đông","20.976638607675373, 105.76177110477265"
42335813,07/03/2025,"Bán gấp căn hộ chung cư 2PN, 2WC tại Seasons Avenue, 80,68m2 (2n/2vs). Có slot ô tô, sẵn sổ",Giá thỏa thuận,"80,68 m²",N/A,2,2,"Mỗ Lao, Hà Đông","20.98688750432788, 105.78712747644846"
42200444,07/03/2025,"Bán căn hộ The Terra An Hưng, 6,4 tỷ, 90m2, 3PN, 2WC, nhiều tiện ích hấp dẫn","6,4 tỷ",90 m²,"71,11 tr/m²",3,2,"La Khê, Hà Đông","20.97279966581889, 105.75700445147415"
42337013,07/03/2025,"Bán CC 2PN 2WC tại The Terra An Hưng, 74m2 (2N2VS). View KDT Dương nội. Sẵn sổ. Lh 0965 610 ***",5 tỷ,74 m²,"67,57 tr/m²",2,2,"La Khê, Hà Đông","20.973147210665005, 105.75756704746004"
42357198,07/03/2025,"Bán căn hộ chung cư CT4 Yên Nghĩa, S: 90m2, 2PN, 2WC, đẹp, nhiều tiện ích. Giá cực yêu thương","4,28 tỷ",90 m²,"47,5 tr/m²",2,2,"Yên Nghĩa, Hà Đông","20.9543158118365, 105.740999759517"
42357150,07/03/2025,Bán căn hộ Victoria Văn Phú Hà Đông,Giá thỏa thuận,97 m²,N/A,2,2,"Phú La, Hà Đông","20.9593450186828, 105.767960468573"
42357140,07/03/2025,"Bán căn hộ 3PN, 119m2 tại Xuân Mai Tower - CT2 Tô Hiệu, giá 5,9 tỷ, view đẹp hot","5,9 tỷ",119 m²,"49,58 tr/m²",3,2,"Hà Cầu, Hà Đông","20.9626748478682, 105.773421133233"
42357138,07/03/2025,"Bán gấp căn hộ La Casta Văn Phú, 5,5 tỷ, 78m2, 2PN, 2WC, đầy đủ nội thất","5,5 tỷ",78 m²,"70,51 tr/m²",2,2,"Phú La, Hà Đông","20.9632870525055, 105.762567077922"
42357130,07/03/2025,"Bán CC The K Park, Lê Trọng Tấn, 4,35 tỷ, 68m2, 2PN, 2WC, siêu hot","4,35 tỷ",68 m²,"63,97 tr/m²",2,2,"Phúc La, Hà Đông","20.960128473652, 105.792048177806"
42319702,07/03/2025,"Chính chủ cần bán căn 65m2, view hồ Thanh Hà, giá hơn 2,3 tỷ. 0985 020 ***",Giá thỏa thuận,65 m²,N/A,2,2,"Kiến Hưng, Hà Đông","20.9398695539012, 105.787480710067"
42357127,07/03/2025,"Bán căn hộ 3PN, 2WC tại Văn Phú Victoria, giá ưu đãi chỉ với 4,75 tỷ, 86m2","4,75 tỷ",86 m²,"55,23 tr/m²",3,2,"Phú La, Hà Đông","20.959987567123893, 105.76824142565908"
40157897,07/03/2025,Chính chủ bán căn 2 ngủ 1vs tầng đẹp giá 4x tỷ Lh: 0916 256 ***,Giá thỏa thuận,60 m²,N/A,2,1,"Quang Trung, Hà Đông","20.9733200073242, 105.778282165527"
42300937,07/03/2025,Chính chủ cần bán căn 2 ngủ 1 VS 60m2 toà TTTM Đức Thành KĐT Xa La. Giá 2.6x tỷ thương lượng,"2,69 tỷ",60 m²,"44,83 tr/m²",2,1,"Phúc La, Hà Đông","20.9622448739483, 105.791552288467"
42249698,07/03/2025,Chính chủ cần bán gấp căn hộ A604 141m2 Hồ Gươm Plaza 3pn 1 đa năng 2 vệ sinh. Thanh toán 4.x tỷ,Giá thỏa thuận,141 m²,N/A,3,2,"Mỗ Lao, Hà Đông","20.97917916839385, 105.78550484985827"
42356872,07/03/2025,"Chuyển nhượng dự án HPC căn hộ nằm trong danh sách, 106,7m2, 3 ngủ có ban công, giá thương lượng","6,38 tỷ","106,7 m²","59,79 tr/m²",3,2,"La Khê, Hà Đông","20.97307274934973, 105.75818222533397"
42248520,07/03/2025,"Tôi cần bán chung cư Sông Đà Tower, 131 Trần Phú, Hà Đông 154m2, 3 ngủ, 2 vs chỉ 5.95 tỷ","5,95 tỷ",154 m²,"38,64 tr/m²",3,2,"Văn Quán, Hà Đông","20.9803772655804, 105.788037023933"
42249552,07/03/2025,"Tôi cần bán chung cư FLC Star Tower căn góc 100m2, 3 ngủ, 2 VS chỉ 4.75 tỷ","4,75 tỷ",100 m²,"47,5 tr/m²",3,2,"Quang Trung, Hà Đông","20.96288053684308, 105.76526806484368"
42356788,07/03/2025,"Chung cư Usilk Tố Hữu - căn hộ cao cấp top hàng hoa hậu, 165m2 4 ngủ view hồ thiên văn, giá 7,x tỷ","7,57 tỷ",165 m²,"45,87 tr/m²",4,3,"La Khê, Hà Đông","20.9736502061535, 105.760953654596"
42356673,07/03/2025,"Bán CC Sails Tower, 3,25 tỷ, 75m2, 2PN, 2WC, Kiến Hưng, Hà Đông, HN, Chính chủ, giá cực chất","3,25 tỷ",75 m²,"43,33 tr/m²",2,2,"Kiến Hưng, Hà Đông","20.960009401561724, 105.79856329294043"
42181738,07/03/2025,Bán 3pn 2vs (2 + 1) Anland 2 tầng trung vip giá thương thảo trực tiếp chủ. LH 0389 980 ***,Giá thỏa thuận,73 m²,N/A,3,2,"La Khê, Hà Đông","20.9772338867188, 105.76195526123"
40191598,07/03/2025,"Cần bán CH hàng hiếm tòa Sông Nhuệ, Xa La, Hà Đông, Hà, 48m2, 2PN. Giá 2.4x tỷ có TL LH 0968 739 ***",Giá thỏa thuận,48 m²,N/A,2,1,"Kiến Hưng, Hà Đông","20.959997177124, 105.798553466797"
42246254,07/03/2025,"Bán căn hộ chung cư tại 197 Trần Phú, 3,98 tỷ, 71m2, 2PN + 1WC, lh 0968 739 ***","3,98 tỷ",71 m²,"56,06 tr/m²",2,1,"Văn Quán, Hà Đông","20.9796278203826, 105.78721538704386"
42247427,07/03/2025,"Chung cư tại hà đông sổ đỏ lâu dài, giá chỉ từ 70tr/m2, vị trí đắc địa",3 tỷ,63 m²,"47,62 tr/m²",2,2,"Mỗ Lao, Hà Đông","20.978145779871078, 105.78366064804123"
42356504,07/03/2025,"Chính chủ bán căn hộ Lacasta Văn Phú Hà Đông DT 112m2 nguyên bản, LH: 0929 656 ***",Giá thỏa thuận,112 m²,N/A,3,2,"Phú La, Hà Đông","20.963897170825373, 105.76223524208028"
42322939,04/03/2025,Chính chủ cần bán căn 2 ngủ 2 VS 68m2 toà TTTM Đức Thành KĐT Xa La. Giá 2.95 tỷ thương lượng,"2,95 tỷ",68 m²,"43,38 tr/m²",2,2,"Phúc La, Hà Đông","20.962396365482032, 105.79244720200997"
