Id,Date Posted,Product Title,Price,Area,Price per m²,Bedrooms,Toilets,Location,Coordinates
42198239,05/03/2025,Quỹ căn chuyển nhượng từ 1-2-3-4 phòng | Sẵn sổ đỏ cập nhật liên tục tại Green Diamond 93 Láng Hạ,"9,4 tỷ",86 m²,"109,3 tr/m²",3,N/A,·,"21.0161961065944, 105.815622463366"
40394259,02/03/2025,Quỹ chuyển nhượng phong phú nhất thị trường từ 1PN - 2PN - 3PN - 4PN - Sổ đỏ trao tay. 0899 822 ***,Giá thỏa thuận,86 m²,N/A,2,2,·,"21.016826629638672, 105.81522369384766"
42247299,06/03/2025,"Hot tư vấn chuyên sâu The Ninety Complex 90 Đường Láng, nhiều lựa chọn Quỹ căn đẹp & độc quyền","4,3 tỷ",63 m²,"68,25 tr/m²",2,2,"Thịnh Quang, Đống Đa","21.0036082646885, 105.818512533411"
42303732,06/03/2025,Bán CH khách sạn The Ninety Complex 2N2VS - full nội thất liền tường - cho thuê từ 20tr/tháng,"4,8 tỷ",64 m²,75 tr/m²,2,2,"Thịnh Quang, Đống Đa","21.0047192665842, 105.818612172788"
42275683,04/03/2025,"(Giá gốc) Studio 2,65 tỷ/ căn 45m2 - 3,65 tỷ/ căn 64m2 - 4,35 tỷ chung cư 90 Láng, Đống Đa",Giá thỏa thuận,64 m²,N/A,N/A,N/A,"Thịnh Quang, Đống Đa","21.00381847014101, 105.81858844410539"
42323230,04/03/2025,"Chính chủ bán gấp căn hộ tập thể mặt đường Giảng Võ - vị trí đắc địa, sổ đỏ, ở ngay, giá tốt","5,97 tỷ",85 m²,"70,2 tr/m²",2,1,"Cát Linh, Đống Đa","21.0261880558783, 105.823087637877"
42273958,03/03/2025,"Chỉ từ 2.8 tỷ căn 2PN ngay 90 Láng, Đống Đa, nhận nhà T6/2025, tặng full nội thất. HTLS 21 tháng","4,5 tỷ",62 m²,"72,58 tr/m²",2,2,"Thịnh Quang, Đống Đa","21.00365866409947, 105.81793677569206"
42286561,28/02/2025,"Căn hộ studio dòng tiền cam kết 16tr/1th mặt đường Láng full nội thất, 4 hầm xe - HTLS 0% tới 2027","3,3 tỷ",37 m²,"89,19 tr/m²",1,1,"Thịnh Quang, Đống Đa","21.004409821810203, 105.81870588435248"
42332365,06/03/2025,Chuyển nhượng quỹ căn 2PN - 3PN tại chung cư Sky City Tower 88 Láng Hạ - Hàng Thật - Giá Thật,"12,32 tỷ",145 m²,85 tr/m²,3,2,"Láng Hạ, Đống Đa","21.01220546792327, 105.811628636183"
42323690,06/03/2025,"Siêu phẩm căn góc 3 phòng ngủ, diện tích 144m2, tầng 23, tháp B - Sky City 88 Láng Hạ",15 tỷ,144 m²,"104,17 tr/m²",3,2,"Láng Hạ, Đống Đa","21.01271166201234, 105.81103454666612"
42340655,05/03/2025,"Cắt lỗ, chung cư mini Tôn Đức Thắng - An Trạch 45 - 50m2, 2PN - Full nội thất, LH chính chủ","1,49 tỷ",50 m²,"29,8 tr/m²",2,1,"Hàng Bột, Đống Đa","21.0267676957684, 105.833839508506"
42340108,05/03/2025,"Quỹ căn cần bán gấp Vinhomes Nguyễn Chí Thanh 1PN, 2PN, 3PN, 4PN xem nhà 24/7, giá tốt thị trường",14 tỷ,137 m²,"102,19 tr/m²",3,2,"Láng Hạ, Đống Đa","21.0229530334473, 105.809814453125"
35881418,05/03/2025,"Bán chuyển nhượng căn hộ góc đẹp nhất dự án Hateco Laroma, liên hệ xem nhà: 0934 364 ***",Giá thỏa thuận,137 m²,N/A,3,2,"Láng Thượng, Đống Đa","21.02015658357982, 105.80700817068984"
42338729,05/03/2025,"Chính chủ - bán căn hộ Đống Đa, full nội thất",Giá thỏa thuận,40 m²,N/A,1,1,"Thịnh Quang, Đống Đa","21.0176539603774, 105.823602481728"
42334524,05/03/2025,"Đẹp mộc mạc, xinh xắn đến từng chi tiết! Căn hộ Phố Đoàn Thị Điểm. Sổ 43m2 Thực tế 66m2. 2PN 1WC","4,39 tỷ",66 m²,"66,52 tr/m²",2,1,"Văn Miếu - Quốc Tử Giám, Đống Đa","21.0260952563087, 105.832102587391"
41869554,05/03/2025,"Mở bán chung cư Ngã Tư Sở - Đống Đa 70tr/m2, chiết khấu 1.3 tỷ, full nội thất 5*, vay lãi suất 0%","4,55 tỷ",65 m²,70 tr/m²,2,2,"Thịnh Quang, Đống Đa","21.0040850468794, 105.818816948547"
41292093,05/03/2025,"Chính chủ bán căn hộ 50m2 Trung Tâm phố Trần Quý Cáp - Hồ Linh Quang 1,750 tỷ, ở ngay Cách hồ 50m","1,75 tỷ",48 m²,"36,46 tr/m²",2,1,"Hàng Bột, Đống Đa","21.0164153319904, 105.832225792481"
42327237,04/03/2025,"Chính chủ cần bán nhanh căn góc 104m2 - Hateco Laroma - Huỳnh Thúc Kháng, Đống Đa, Hà Nội",Giá thỏa thuận,104 m²,N/A,3,2,"Láng Thượng, Đống Đa","21.0202551738777, 105.80633460353"
40942680,04/03/2025,"Bán căn góc hiếm tại dự án Hateco diện tích 137,5m2 - thiết kế 3PN + 1 kho. Lh 0975 034 ***",Giá thỏa thuận,"137,5 m²",N/A,3,2,"Láng Thượng, Đống Đa","21.0204162597656, 105.807243347168"
41755131,04/03/2025,Chính chủ bán CH1103 Hacisco 107 Nguyễn Chí Thanh 105m2 có 3PN - 2WC nhà đã sửa chữa toàn bộ,Giá thỏa thuận,105 m²,N/A,3,2,"Láng Hạ, Đống Đa","21.0206790205261, 105.80829168295"
42323709,04/03/2025,"Hiếm! Bán căn hộ tháp A, chung cư 88 Láng Hạ, 139m2, 3 ngủ, nội thất cơ bản, giá 14.8 tỷ","14,8 tỷ",139 m²,"106,48 tr/m²",3,2,"Láng Hạ, Đống Đa","21.01210753744107, 105.81051388702268"
42321105,03/03/2025,"Căn hộ khách sạn 90 đường Láng The Ninety Complex, Thịnh Quang, Đống Đa, Hà Nội, chỉ với hơn 3,3tỷ","3,31 tỷ",38 m²,"87,08 tr/m²",2,2,"Thịnh Quang, Đống Đa","21.0038698527488, 105.819295769137"
41969102,01/03/2025,"Bán căn hộ phố An Trạch - Cát Linh 50m2 2 ngủ full nội thất, ở ngay","1,79 tỷ",50 m²,"35,8 tr/m²",2,1,"Văn Miếu - Quốc Tử Giám, Đống Đa","21.0280818974382, 105.831633374517"
42252044,01/03/2025,"(Giá shock) cầm 2,7 tỷ mua đứt căn Studio ngay ngã tư Sở, quận Đống Đa cho thuê 15tr/ tháng","2,7 tỷ",32 m²,"84,38 tr/m²",N/A,N/A,"Thịnh Quang, Đống Đa","21.004061411106736, 105.81869928017205"
41829902,28/02/2025,"Duy nhất căn 2PN 76m2 view toàn thành phố tặng full nội thất cao cấp giá chỉ 4,8 tỷ. LH 0983 975 ***","4,8 tỷ",76 m²,"63,16 tr/m²",2,2,"Thịnh Quang, Đống Đa","21.003791471954255, 105.81878415125176"
42299914,28/02/2025,"Sốc, quỹ căn hot giá 75tr/m2 toà The Ninety Complex Tháng 6 có nhà, lh 0978 079 ***","4,8 tỷ",64 m²,75 tr/m²,N/A,N/A,"Thịnh Quang, Đống Đa","21.0034564016989, 105.819141268477"
41968618,28/02/2025,Chính chủ uỷ quyền nhượng căn góc 3 ngủ view hồ tầng cao nguyên bản dự án Green Diamond 93 Láng Hạ,"16,5 tỷ","136,33 m²","121,03 tr/m²",3,N/A,"Láng Hạ, Đống Đa","21.0161961065944, 105.815622463366"
42295029,28/02/2025,"Bán căn hộ chung cư tại Phố Phương Mai, 55m2, ô tô đỗ cửa, tầng 1 có sân để xe 4 tỷ, ra phố mấy mét",4 tỷ,55 m²,"72,73 tr/m²",2,2,"Phương Mai, Đống Đa","21.0012084540201, 105.839242521499"
42285521,27/02/2025,Căn góc chung cư Gloria Sink Path view đường Nguyên Hồng 64m2 2PN 2WC,"8,96 tỷ",64 m²,140 tr/m²,2,2,"Láng Hạ, Đống Đa","21.0159354736669, 105.809370918345"
41792399,26/02/2025,Chung cư cao cấp Nesta 83 Phố Hào Nam-Cần bán gấp căn 2 ngủ S:77m2 giá bán gấp từ 112tr/m2 trong T3,"8,69 tỷ",77 m²,"112,8 tr/m²",2,2,"Ô Chợ Dừa, Đống Đa","21.024320870929532, 105.8267963690533"
42252965,25/02/2025,Quỹ căn đẹp & độc quyền 90 Láng mua trực tiếp CĐT. Giảm 10% so với giá thị trường tư vấn chuyên sâu,"4,3 tỷ",63 m²,"68,25 tr/m²",2,2,"Thịnh Quang, Đống Đa","21.003918666010513, 105.81826493479889"
42263576,25/02/2025,NHƯỢNG LẠI SUẤT NGOẠI GIAO CĂN 2PN DỰ ÁN THE NINETY- 90 LÁNG. GIÁ RẺ HƠN THỊ TRƯỜNG 10%- KÝ TT CĐT,"3,6 tỷ",45 m²,80 tr/m²,N/A,N/A,"Thịnh Quang, Đống Đa","21.004454779897717, 105.81784067584063"
42318880,06/03/2025,"Bán căn 2 ngủ, full nội thất ở ngay, chung cư Hòa Phát 257 Giải Phóng, Đống Đa","6,28 tỷ",90 m²,"69,78 tr/m²",2,2,"Phương Mai, Đống Đa","20.998500781412474, 105.84056417970592"
42308118,06/03/2025,"Gia đình cần bán căn hộ Hòa Phát 257 Giải Phóng - 108m2, 3 ngủ 2 vệ sinh, giá 7.8 tỷ - 0968 224 ***","7,8 tỷ",108 m²,"72,22 tr/m²",3,2,"Phương Mai, Đống Đa","20.998664076537615, 105.8415683316974"
42305362,06/03/2025,"Chuyên gia số 1 Vinhomes Nguyễn Chí Thanh; Cập nhật quỹ căn HOT, hỗ trợ trọn gói; Giá tốt nhất!","5,6 tỷ",56 m²,100 tr/m²,1,1,"Láng Thượng, Đống Đa","21.023452459449583, 105.80929010875093"
41601011,06/03/2025,"Tôi bán căn hộ chung cư tòa nhà 170 Đê La Thành - 142,6m2, 3PN full nội thất","7,68 tỷ","142,6 m²","53,86 tr/m²",3,2,"Ô Chợ Dừa, Đống Đa","21.0212249755859, 105.828063964844"
42354343,06/03/2025,"Bán căn hộ chung cư Hateco Laroma - Huỳnh Thúc Kháng, 115m2, 3PN, căn góc, 13 tỷ LH: 0814 332 ***",13 tỷ,115 m²,"113,04 tr/m²",3,2,"Láng Thượng, Đống Đa","21.020303588998484, 105.80682051104755"
42354082,06/03/2025,Mở bán căn hộ chung cư tiêu chuẩn khách sạn chỉ từ 2.8 tỷ ngày giữa trung tâm Đống Đa,"2,8 tỷ",35 m²,80 tr/m²,1,N/A,"Thịnh Quang, Đống Đa","21.0044207636968, 105.819444983043"
39198062,06/03/2025,"Bán căn hộ 105m2, 3PN tại CC Hateco Laroma. Căn góc - tầng cao, nội thất cao cấp. Giá rẻ",Giá thỏa thuận,105 m²,N/A,3,2,"Láng Thượng, Đống Đa","21.0204162597656, 105.807243347168"
42234465,06/03/2025,"Chính chủ tôi bán căn hộ Vườn Xuân - 71 Nguyễn Chí Thanh - 76,1m2 có 2 phòng ngủ full đồ","5,3 tỷ","76,1 m²","69,64 tr/m²",2,1,"Láng Hạ, Đống Đa","21.016073737134917, 105.81264056258757"
42323690,07/03/2025,"Siêu phẩm căn góc 3 phòng ngủ, diện tích 144m2, tầng 23, tháp B - Sky City 88 Láng Hạ",15 tỷ,144 m²,"104,17 tr/m²",3,2,"Láng Hạ, Đống Đa","21.01271166201234, 105.81103454666612"
42356330,07/03/2025,"Bán Tòa CCMN 16p kk, 7T thang máy tại phố Xã Đàn, Đống Đa, Lô góc 2 thoáng, ngõ thông, gần phố","16,99 tỷ",60 m²,"283,17 tr/m²",16,17,"Kim Liên, Đống Đa","21.0065495285755, 105.835936539523"
39448191,06/03/2025,Chủ đầu tư bán trực tiếp chung cư N3 Ô Chợ Dừa - Xã Đàn,Giá thỏa thuận,60 m²,N/A,N/A,N/A,"Ô Chợ Dừa, Đống Đa","21.0160126007318, 105.832617843865"
41679336,06/03/2025,Chính chủ Bán căn hộ studio 28m2 phố An Trạch - Đống Đa - full đồ - ở ngay,"1,18 tỷ",28 m²,"42,14 tr/m²",1,1,"Văn Miếu - Quốc Tử Giám, Đống Đa","21.0278597034111, 105.831671409696"
41229532,06/03/2025,"Chính chủ bán nhanh căn hộ toà Sky City Towers 112m2 - Nhà ban công Đông Bắc - giá 8,5tỷ 0988 246 ***","8,5 tỷ",112 m²,"75,89 tr/m²",N/A,N/A,"Láng Hạ, Đống Đa","21.0150507429091, 105.812917770085"
41992766,06/03/2025,"Nhà tập thể 2 tầng Kim Liên 65m2, ô tô đỗ chân cầu thang, 2 ngủ 2 WC, full nội thất, chỉ 3.4 tỷ","3,4 tỷ",65 m²,"52,31 tr/m²",2,2,"Kim Liên, Đống Đa","21.0052207737874, 105.835604924485"
42355849,06/03/2025,"Xã Đàn 86/100m2 x 9 tầng, mặt tiền 5.1m, GIÁ 32 tỷ.",32 tỷ,100 m²,320 tr/m²,29,30,"Nam Đồng, Đống Đa","21.0168209834045, 105.831875127807"
42337106,06/03/2025,Chính chủ cần bán TT Nguyễn Chí Thanh - 70m2 - 2 mặt thoáng - hành lang rộng - sổ đỏ đẹp,"4,2 tỷ",70 m²,60 tr/m²,2,1,"Láng Thượng, Đống Đa","21.0211823750747, 105.808453290226"
42308302,06/03/2025,"Cần bán căn hộ tầng 4 khu tập thể Điện Lực phố Đoàn Thị Điểm, Quốc Tử Giám","4,39 tỷ",70 m²,"62,71 tr/m²",2,1,"Văn Miếu - Quốc Tử Giám, Đống Đa","21.0263995178349, 105.832265524079"
40819170,06/03/2025,"Tập thể tầng 1 ngay gần chợ ĐH Thủy Lợi Khương Thượng, gần nhiều trường đại học và bệnh viện","3,05 tỷ",50 m²,61 tr/m²,2,1,"Khương Thượng, Đống Đa","21.0041343851131, 105.82488887894"
40975798,06/03/2025,Cần bán căn hộ Tập thể Tôn Đức Thắng 50m2 x 2 ngủ ô tô cầu thang 2 tỷ hơn,"2,35 tỷ",50 m²,47 tr/m²,2,N/A,"Trung Liệt, Đống Đa","21.0125414215219, 105.820414443856"
41779097,06/03/2025,"Duy nhất căn 2PN, 45m2, view thành phố, tặng full nội thất cao cấp, giá chỉ 3,9 tỷ","3,9 tỷ",45 m²,"86,67 tr/m²",2,1,"Thịnh Quang, Đống Đa","21.00456268878875, 105.81908928862848"
41759179,06/03/2025,"Căn hộ 2PN2WC, 63m2, mới tinh, view thành phố, đống đa, HTLS 50%, giá chỉ 4,9 tỷ","4,9 tỷ",63 m²,"77,78 tr/m²",2,2,"Thịnh Quang, Đống Đa","21.00410270690918, 105.81869506835938"
41793537,06/03/2025,"Dòng tiền 300tr/năm, 2PN2WC, 63m2, mới tinh, view thành phố, đống đa, HTLS 50%, giá chỉ 5,3 tỷ","5,3 tỷ",63 m²,"84,13 tr/m²",2,2,"Thịnh Quang, Đống Đa","21.004391842744454, 105.81881998002902"
41794411,06/03/2025,"Chung cư 1PN, 37m2, Dòng tiền cho thuê 200tr/năm, giá chỉ 3,2 tỷ","3,2 tỷ",37 m²,"86,49 tr/m²",1,1,"Trung Liệt, Đống Đa","21.004584823339684, 105.82281979306674"
41425463,06/03/2025,Nhượng căn 2 ngủ 91.3m nguyên bản chưa chỉnh sửa view hồ dự án Green Diamond,Giá thỏa thuận,"91,3 m²",N/A,2,N/A,"Láng Hạ, Đống Đa","21.017064267283196, 105.81604111745276"
42327770,06/03/2025,Bán 2 ngủ full nội thất xịn đẹp giá 12 tỉ,12 tỷ,92 m²,"130,44 tr/m²",N/A,N/A,"Láng Hạ, Đống Đa","21.01755957790609, 105.81548990841758"
42098581,06/03/2025,"Cần bán gấp căn hộ CC Hateco Laroma 4A HTK, 137m2, 3PN, căn góc, tầng cao, nội thất xịn. 0963 668 ***",Giá thỏa thuận,137 m²,N/A,3,2,"Láng Thượng, Đống Đa","21.0204162597656, 105.807243347168"
40958266,06/03/2025,"Cần bán gấp căn hộ chung cư Hateco Laroma 4A HTK, 90m2, 2PN, căn góc, tầng cao, 9 tỉ. 0963 668 ***",9 tỷ,90 m²,100 tr/m²,2,2,"Láng Thượng, Đống Đa","21.0204162597656, 105.807243347168"
42318355,06/03/2025,"Mặt bằng kinh doanh căn hộ tập thể tầng 1, Phố Nam Đồng, Đống Đa, 48m2 x 1 ngủ x 1wc",3 tỷ,48 m²,"62,5 tr/m²",1,1,"Nam Đồng, Đống Đa","21.0137088038379, 105.83333281788"
37679148,06/03/2025,Chuyển nhượng căn góc 3 ngủ có 3 ban công thoáng view hồ đẹp nhất dự án 93 Láng Hạ ở tầng 21,Giá thỏa thuận,138 m²,N/A,3,2,"Láng Hạ, Đống Đa","21.015989703701084, 105.81553235237325"
37510188,06/03/2025,Bán gấp căn 2 ngủ DT 92m2 ban công Tây Bắc view hồ Thành Công tầng 18,Giá thỏa thuận,92 m²,N/A,2,2,"Láng Hạ, Đống Đa","21.0168266296387, 105.815223693848"
42283044,06/03/2025,"Tập thể tầng 1, Láng Hạ, Đống Đa ô tô đỗ cửa kinh doanh chỉ 6,2 tỷ","6,2 tỷ",40 m²,155 tr/m²,3,1,"Ô Chợ Dừa, Đống Đa","21.0181995330718, 105.816675994498"
42033267,06/03/2025,"Bán Căn Hộ Tt Tầng 4 Studio gần Plaza Hà thành. SĐCC, 58m2. Có 2Pn. Full nt mới tinh. Giá 2.75 tỷ.","2,75 tỷ",63 m²,"43,65 tr/m²",3,2,"Thịnh Quang, Đống Đa","21.008999379889843, 105.82024029057618"
41592155,06/03/2025,"Chủ đầu tư Hateco Laroma mở bán đợt cuối các sàn đẹp, căn đẹp, chọn căn, chọn tầng, giá ưu đãi",Giá thỏa thuận,"80,27 m²",N/A,2,2,"Láng Thượng, Đống Đa","21.020416259765625, 105.80724334716797"
42314633,06/03/2025,"Bán căn hộ chung cư mặt đường Nguyễn Chí Thanh, DT 113m2, 3 PN, 2 WC giá bán 7,2 tỷ","7,2 tỷ",113 m²,"63,72 tr/m²",3,2,"Láng Hạ, Đống Đa","21.0204086392065, 105.80814846607"
38935749,06/03/2025,"Chính chủ - bán chung cư N02 Hoàng Cầu - Ô Chợ Dừa - Đống Đa - nội thất đầy đủ, sổ hồng vĩnh viễn",980 triệu,58 m²,"16,9 tr/m²",2,2,"Ô Chợ Dừa, Đống Đa","21.0164891, 105.8227091"
37016774,06/03/2025,"Chính chủ - bán chung cư A5 Thái Hà - Thái Thịnh - Đống Đa, nội thất đầy đủ, sổ đỏ vĩnh viễn",753 triệu,53 m²,"14,21 tr/m²",2,2,"Thịnh Quang, Đống Đa","21.0101998, 105.8186006"
42348516,06/03/2025,"Bán CHCC Hateco Laroma 4A Huỳnh Thúc Kháng, Đống Đa, 137m2, 3PN, giá thỏa thuận, LH 0983 951 ***",Giá thỏa thuận,137 m²,N/A,3,2,"Láng Thượng, Đống Đa","21.020730785064206, 105.80799022735874"
40848277,06/03/2025,"Bán căn ngoại giao 2PN tại The Gloria-8 Nguyên Hồng, nhận nhà ở ngay, đã có sổ. Giá chỉ từ 6,x tỷ",Giá thỏa thuận,57 m²,N/A,2,2,"Láng Hạ, Đống Đa","21.0158519744873, 105.809234619141"
42353594,06/03/2025,"Bán căn góc 3PN tầng cao 16,5 tỷ. Sổ đỏ đầy đủ, full nội thất cao cấp. 0936 955 ***","16,5 tỷ","137,1 m²","120,35 tr/m²",3,2,"Láng Thượng, Đống Đa","21.019937132547895, 105.80730805452914"
42062091,06/03/2025,Bán căn góc chung cư Lancaster Luminaire 1152 đường Láng 120m2 căn đẹp nhất tòa nhà,"12,6 tỷ",120 m²,105 tr/m²,3,3,"Láng Thượng, Đống Đa","21.0230752364463, 105.805121055851"
42353295,06/03/2025,"Bán tập thể Phương Mai, Đống Đa, T1, 50m2 (24m2 sổ) 2 ngủ, sân để xe, nhỉnh 2 tỷ",2 tỷ,50 m²,40 tr/m²,2,N/A,"Phương Mai, Đống Đa","21.0009241035295, 105.839323726404"
41515500,06/03/2025,"Chính chủ bán căn hộ tòa M3 - M4 Nguyễn Chí Thanh, 3 phòng ngủ, 2 vệ sinh",8 tỷ,126 m²,"63,49 tr/m²",3,2,"Láng Hạ, Đống Đa","21.020200729370117, 105.80887603759766"
42285192,06/03/2025,"Bán tập thể Tôn Đức Thắng, T2, 60m2(34m2 sổ), 2 ngủ, 2 thoáng, 3.3 tỷ","3,3 tỷ",60 m²,55 tr/m²,2,N/A,"Hàng Bột, Đống Đa","21.0268676661607, 105.833693264349"
42283891,06/03/2025,"Bán TT Láng Hạ, mặt phố, Đống Đa, 50m2, 2 ngủ, 2.98 tỷ","2,98 tỷ",50 m²,"59,6 tr/m²",2,N/A,"Láng Hạ, Đống Đa","21.0156014623841, 105.812817821899"
42318562,06/03/2025,"Bán tập thế Chùa Láng, Đống Đa, T2, 75m2 (37m2 sổ), 3 ngủ, 3.75 tỷ","3,75 tỷ",75 m²,50 tr/m²,3,1,"Láng Thượng, Đống Đa","21.0230912031049, 105.806451403205"
42307639,06/03/2025,"Bán tập thể Văn Chương, Đống Đa, 55m2 (27m2 sổ), 2 ngủ, 2.48 tỷ","2,48 tỷ",55 m²,"45,09 tr/m²",2,1,"Văn Chương, Đống Đa","21.0219552061226, 105.833511815082"
42307727,06/03/2025,"Bán tập thể Nam Đồng, Hồ Đắc Di, Đống Đa, 65m2 (39m2 sổ), 2 ngủ, 3.65 tỷ","3,65 tỷ",65 m²,"56,15 tr/m²",2,2,"Nam Đồng, Đống Đa","21.0123339363467, 105.829042797444"
42285048,06/03/2025,"Bán tập thể Thủy Lợi, Đống Đa, T1, 60m2, 2 ngủ, gần phố, 2.8 tỷ","2,8 tỷ",60 m²,"46,67 tr/m²",2,N/A,"Khương Thượng, Đống Đa","21.0048089552329, 105.821973929364"
42298349,06/03/2025,Chỉnh chủ mình nhượng căn hộ 810 - 2PN 70m2 tòa nhà The Gloria By Silk Path,Giá thỏa thuận,70 m²,N/A,2,2,"Láng Hạ, Đống Đa","21.015137073995295, 105.80949755742405"
42353029,06/03/2025,"Bán Tập thể Giảng Võ, Đống Đa, Lo góc, T3, 75m2 (45m2 sổ), 3 ngủ, 4.6tỷ","4,6 tỷ",75 m²,"61,33 tr/m²",3,N/A,"Cát Linh, Đống Đa","21.0260418395536, 105.823270658056"
42169492,06/03/2025,"Cần bán gấp căn hộ tại Vinhomes Nguyễn Chí Thanh, 90m2, 2 PN, đủ đồ, 8.5 tỉ. LH: 0963 668 ***","8,5 tỷ",90 m²,"94,44 tr/m²",2,2,"Láng Thượng, Đống Đa","21.0234508514404, 105.809288024902"
41143389,06/03/2025,"Cần bán căn hộ 2 ngủ tại Vinhomes Nguyễn Chí Thanh, 90m2, giá 9 tỷ để lại nội thất. lh 0942 033 ***",Giá thỏa thuận,90 m²,N/A,2,2,"Láng Thượng, Đống Đa","21.0234508514404, 105.809288024902"
42275693,06/03/2025,"Bán nhanh căn hộ CC Hateco Laroma - Huỳnh Thúc Kháng,DT 137m2, 3PN, căn góc, tầng cao, view thoáng.",Giá thỏa thuận,137 m²,N/A,3,2,"Láng Thượng, Đống Đa","21.02042525303539, 105.80661176368402"
42352517,06/03/2025,"Hoa Hậu! tập thể mặt phố Đoàn Thị Điểm, Đống Đa, sổ to 2 ban công 65m2 2pn nhà đẹp chỉ 4,34 tỷ","4,34 tỷ",65 m²,"66,77 tr/m²",2,1,"Cát Linh, Đống Đa","21.0263667912435, 105.832249582388"
42334032,06/03/2025,"Bán chung cư cao cấp Green Diamond 93 Láng Hạ, 3PN căn góc tầng cao view hồ 145m2 LH: 0814 332 ***",Giá thỏa thuận,145 m²,N/A,3,2,"Láng Hạ, Đống Đa","21.016987573646674, 105.81573767616776"
40831595,06/03/2025,Nhượng căn 3 ngủ 140m full đồ hiện đại nhà mới 100% tầng cao view hồ,18 tỷ,142 m²,"126,76 tr/m²",3,N/A,"Láng Hạ, Đống Đa","21.016826629638672, 105.81522369384766"
42352455,06/03/2025,"Căn hộ TT Phương Mai 65m2, 3 ngủ, full nội thất chỉ 2.95 tỷ ( có tl )","2,95 tỷ",65 m²,"45,38 tr/m²",3,1,"Phương Liên, Đống Đa","21.004175761225383, 105.83934964612126"
42321082,06/03/2025,"Tôi cần bán căn 3pn 96m2 Tập Thể Hoàng Ngọc Phách, Đống Đa, giá 4.9 tỷ. Lh 0977 632 ***","4,9 tỷ",96 m²,"51,04 tr/m²",3,2,"Láng Hạ, Đống Đa","21.0160137105655, 105.811679882992"
42352356,06/03/2025,"Bán căn hộ 93 Láng Hạ - Green Diamond, 92m2, 2PN, căn góc đẹp, tầng cao, căn thương mai",Giá thỏa thuận,92 m²,N/A,2,2,"Láng Hạ, Đống Đa","21.016826629638672, 105.81522369384766"
42330965,06/03/2025,"Bán căn hộ tập thể 2PN, 1WC, 55m2, 2,45 tỷ tại Trần Quý Cáp, Khâm Thiên, Đống Đa, Hà Nội hot!","2,45 tỷ",55 m²,"44,54 tr/m²",2,1,"Khâm Thiên, Đống Đa","21.0259721997292, 105.840010892639"
42311044,06/03/2025,Chính chủ bán căn hộ tập thể tầng 3 Hàng Ngọc Phách Nguyên Hồng Đống Đa căn 75 m2,"4,25 tỷ",75 m²,"56,67 tr/m²",2,1,"Láng Hạ, Đống Đa","21.0158063364858, 105.812169689926"
42016829,06/03/2025,"Tập thể tầng 5 nhà B2 Vĩnh Hồ, 20m ra mặt phố, view sân chơi, ô tô gần, nhà mới thoáng, 65m2/2.8tỷ","2,8 tỷ",65 m²,"43,08 tr/m²",3,1,"Thịnh Quang, Đống Đa","21.0065171365504, 105.820289720105"
42351805,06/03/2025,"Bán nhanh căn hộ chung cư Hateco Laroma - Huỳnh Thúc Kháng, 110m2, 3PN, căn góc, 13 tỷ 0941 882 ***",13 tỷ,110 m²,"118,18 tr/m²",3,3,"Láng Thượng, Đống Đa","21.020416, 105.80724"
42319499,06/03/2025,Tập thể Nam Đồng - vị trí vip - ô tô đỗ cổng - ở cực vip - 2 tỷ 9,"2,9 tỷ",23 m²,"126,09 tr/m²",2,1,"Nam Đồng, Đống Đa","21.0134421263393, 105.833248206103"
39355634,06/03/2025,"Hot! Nhượng lại nhanh căn góc vip 3 ngủ DT 141m2 tầng cao, ban công rộng view Hồ",Giá thỏa thuận,141 m²,N/A,3,2,"Láng Hạ, Đống Đa","21.01599965861194, 105.81526626667022"
36922501,06/03/2025,"Bán căn 2 ngủ vip nhất dự án view trọn 2 hồ Thành Công, hồ Hoàng Cầu LH 0936 362 ***","10,8 tỷ","91,3 m²","118,29 tr/m²",2,2,"Láng Hạ, Đống Đa","21.0168266296387, 105.815223693848"
41586793,06/03/2025,"Căn hộ đẹp bán tại D. Le Pont Dor - Hoàng Cầu, giá thỏa thuận, diện tích 403m2",Giá thỏa thuận,403 m²,N/A,N/A,N/A,"Ô Chợ Dừa, Đống Đa","21.019493103027344, 105.82234191894531"
42328064,06/03/2025,"Bán căn hộ hoa hậu ở chung cư Lancaster Luminaire, Đống Đa, Hà Nội giá tốt 5 tỷ ký hợp đồng luôn!",5 tỷ,45 m²,"111,11 tr/m²",1,1,"Láng Thượng, Đống Đa","21.02367868521308, 105.80513015098327"
42348328,06/03/2025,"Nhà đẹp diện tích sử dụng 60m, 2 phòng ngủ đang cho thuê được 7tr/ tháng ở phố Nguyên Hồng","3,68 tỷ","33,2 m²","110,84 tr/m²",2,2,"Láng Hạ, Đống Đa","21.01589632818, 105.810182601697"
42251141,06/03/2025,Bán Duplex thông tầng B22 - 2301 toà D'Le Pont D'or 36 Hoàng Cầu - Tân Hoàng Minh view Hồ Hoàng Cầu,41 tỷ,405 m²,"101,24 tr/m²",N/A,N/A,"Ô Chợ Dừa, Đống Đa","21.019466187937006, 105.8219640293036"
42351351,06/03/2025,BÁN THE NINETY COMPLEX - 70m2 - 2N2WC - full nội thất - hàng ký CĐT,"6,23 tỷ",70 m²,89 tr/m²,2,2,"Thịnh Quang, Đống Đa","21.004168303695, 105.8185662489886"
42088917,06/03/2025,Tôi chính chủ cần bán căn hộ lô góc 151m2 tại mặt đường Nguyễn Chí Thanh giá 10 tỷ 0989 996 ***,10 tỷ,151 m²,"66,22 tr/m²",3,2,"Láng Hạ, Đống Đa","21.01935848480859, 105.8088871589094"
42157446,06/03/2025,"HOT: Bán căn hộ studio Lancaster - 50m2, full đẹp, giá 5tỷ. LH: 0899 511 ***",5 tỷ,50 m²,100 tr/m²,1,1,"Láng Thượng, Đống Đa","21.0240631173759, 105.805039437767"
41533546,06/03/2025,"Hot: Chính chủ bán Lancaster Luminaire, 96m2, 3PN, cơ bản giá 11.3 tỷ. LH: 0899';511.,866","11,14 tỷ",96 m²,116 tr/m²,3,2,"Láng Thượng, Đống Đa","21.0235824584961, 105.805229187012"
36844483,06/03/2025,"Bán căn hộ chung cư Hong Kong Tower - 243A Đê La Thành, 127m2, 3PN, căn góc, 0941 882 ***",Giá thỏa thuận,127 m²,N/A,3,2,"Láng Thượng, Đống Đa","21.0272006988525, 105.803825378418"
42351208,06/03/2025,Bán nhanh nhà tập thể ngay phố Chùa Bộc- 90m- 3 ngủ 2 wc- Full đồ ở luôn,"3,66 tỷ",90 m²,"40,67 tr/m²",3,2,"Trung Liệt, Đống Đa","21.0077927669985, 105.827834587059"
42303962,06/03/2025,"Bán căn hộ chung cư Hateco Laroma Hà Nội, diện tích 87m2 - 2PN tầng cao view thoáng, giá tốt!",Giá thỏa thuận,87 m²,N/A,2,2,"Láng Thượng, Đống Đa","21.019686294792923, 105.80768795093593"
42338352,06/03/2025,"Cần bán gấp căn hộ CC Hateco Laroma 4A HTK, 105m2, 3PN, căn góc, tầng cao, nội thất xịn. 0963 668 ***",Giá thỏa thuận,105 m²,N/A,3,2,"Láng Thượng, Đống Đa","21.02070571488637, 105.80807947081699"
42098664,06/03/2025,"Bán gấp căn hộ CC Hateco Laroma 4A Huỳnh Thúc Kháng, 120m2, 3PN, tầng cao, nội thất xịn. 0963 668 ***",Giá thỏa thuận,120 m²,N/A,3,2,"Láng Thượng, Đống Đa","21.0204162597656, 105.807243347168"
40142132,06/03/2025,Bán cắt lỗ - Chung cư H1 Thái Hà - Tây Sơn - Đống Đa - Full đồ,800 triệu,35 m²,"22,86 tr/m²",N/A,N/A,"Phương Liên - Trung Tự, Đống Đa","21.0096702111346, 105.831804286903"
42350961,06/03/2025,"BÁN NHÀ MẶT NGÕ TRƯỜNG CHINH-6 PHÒNG VỪA Ở VỪA CHO THUÊ-20M RA OTO TRÁNH, DT40M, 5TẦNG, NHỈNH 7 TỶ","7,8 tỷ",40 m²,195 tr/m²,N/A,N/A,"Phương Mai, Đống Đa","21.0032120622674, 105.838351228406"
42347420,06/03/2025,"Bán CC 3PN 2WC tại Nguyễn Chí Thanh, Đống Đa, HN, giá hơn 7 tỷ, 110m2, view đẹp","7,5 tỷ",110 m²,"68,18 tr/m²",3,2,"Láng Hạ, Đống Đa","21.020422112178, 105.808378369961"
36755701,06/03/2025,"Bán căn hộ Vinhomes Nguyễn Chí Thanh, 2 phòng ngủ giá rẻ nhất, sổ lâu dài, sẵn đồ nội thất",Giá thỏa thuận,86 m²,N/A,2,2,"Láng Hạ, Đống Đa","21.02368274064019, 105.80880891227247"
41592580,06/03/2025,"Quỹ 12 căn vip, giá ngoại giao, vị trí đẹp, lựa chọn căn, giá 7 tỷ, DT: 80m2, 137m2, Hateco Laroma",10 tỷ,94 m²,"106,38 tr/m²",3,2,"Láng Thượng, Đống Đa","21.020416259765625, 105.80724334716797"
42268977,06/03/2025,"Hiếm! Bán Tập thể Vĩnh Hồ, Thái Thịnh- Đống Đa, NHÀ ĐẸP - TIỆN ÍCH BẠT NGÀN - VỀ Ở LUÔN","2,88 tỷ",40 m²,72 tr/m²,2,1,"Thịnh Quang, Đống Đa","21.0068222404931, 105.820335410111"
42316706,06/03/2025,"Hiếm! Bán tập thể Văn Chương - Khâm Thiên, Đống Đa, vị trí rất đẹp, có sân chơi","3,55 tỷ",80 m²,"44,38 tr/m²",2,1,"Văn Chương, Đống Đa","21.0215736377699, 105.8335685512"
42263962,06/03/2025,"Bán tập thể Trung Tự, Đống Đa, 2 ngủ đẹp, thoáng, giá chỉ 3.65 tỷ, nhà rất chắc chắn đẹp, ở luôn","3,65 tỷ",70 m²,"52,14 tr/m²",2,1,"Phương Liên - Trung Tự, Đống Đa","21.0039728001698, 105.831180587413"
42280654,06/03/2025,"Hiếm! Bán tập thể Láng Hạ - Nguyên Hồng, Đống Đa, nhà đẹp ở luôn giá tốt","2,88 tỷ",50 m²,"57,6 tr/m²",1,1,"Láng Hạ, Đống Đa","21.0156251387914, 105.812911845637"
42268674,06/03/2025,"Bán Tập thể Hồ Đắc Di - Nam Đồng , Đống Đa, nhà đẹp 2 ngủ riêng biệt, Full nội thất, nhỉnh 2 tỷ","2,85 tỷ",60 m²,"47,5 tr/m²",2,2,"Nam Đồng, Đống Đa","21.0122956445221, 105.82953279704"
42338269,06/03/2025,"Bán tập thể duplex Chùa Bộc Tôn Thất Tùng, Đống Đa, siêu đẹp, 3 ngủ, 2 vệ sinh, full nội thất, 100m","3,85 tỷ",100 m²,"38,5 tr/m²",3,2,"Khương Thượng, Đống Đa","21.0080484214009, 105.825734805035"
42310878,06/03/2025,"Bán tập thể Phương Mai, Đống Đa, vị trí rất đẹp, ô tô đỗ chân toà, 2 ngủ giá tốt chỉ 2.78 tỷ","2,78 tỷ",45 m²,"61,78 tr/m²",2,1,"Phương Mai, Đống Đa","21.001354581179, 105.839303779903"
39897515,06/03/2025,"Tôi bán căn hộ toà nhà Vườn Xuân, 71 Nguyễn Chí Thanh. Diện tích 76m2 giá bán 5.2 tỷ","5,2 tỷ",76 m²,"68,42 tr/m²",2,1,"Láng Hạ, Đống Đa","21.015098263086067, 105.8121773824459"
42332864,06/03/2025,Bán gấp căn hộ tập thể cực đẹp phố Nguyễn Chí Thanh - SĐCC - tiện ích vô vàn,"4,2 tỷ",45 m²,"93,33 tr/m²",1,1,"Láng Thượng, Đống Đa","21.0210739281253, 105.8088243874"
42322206,06/03/2025,"Bán Chung cư mini tại phố Tây Sơn Đống Đa, 15,5 tỷ, 70 m2, giá siêu hời","15,5 tỷ",70 m²,"221,43 tr/m²",N/A,N/A,"Nam Đồng, Đống Đa","21.0160498182967, 105.828522630499"
42350139,06/03/2025,"Bán CC Sông Hồng Park View, 12 tỷ, 171m2, 4PN, 2WC giá tốt",12 tỷ,171 m²,"70,18 tr/m²",4,2,"Láng Hạ, Đống Đa","21.01449965439778, 105.81725288144895"
42267703,06/03/2025,"(Sổ đỏ) Chính chủ bán căn 2 ngủ 2wc 77m2, bc Đông Nam, nhà đẹp. Giá 9 tỷ Green Diamond 93 Láng Hạ",9 tỷ,77 m²,"116,88 tr/m²",2,2,"Láng Hạ, Đống Đa","21.016887942074217, 105.8144611832562"
42146289,06/03/2025,"Chính chủ Bán CH M3 M4 - 91 Nguyễn Chí Thanh 165 m2, 3 PN, H Đông Nam, nội thất đẹp, giá 12,3 tỷ","12,38 tỷ",165 m²,75 tr/m²,3,2,"Láng Hạ, Đống Đa","21.0202329802703, 105.808753024577"
21007912,06/03/2025,"Mở bán chung cư Thái Hà - Chùa Bộc 695 triệu/căn, full nội thất - vào ở luôn",695 triệu,35 m²,"19,86 tr/m²",1,1,"Quang Trung, Đống Đa","21.013565, 105.8264522"
42349993,06/03/2025,"Bán Tập Thể Tầng 2 Nguyên Hồng- Huỳnh Thúc Kháng, Láng Hạ, Đống Đa, nhà đẹp 2 ngủ, 2 vệ sinh","3,95 tỷ",65 m²,"60,77 tr/m²",2,2,"Láng Hạ, Đống Đa","21.0157805353232, 105.810045798209"
42315372,06/03/2025,"Bán chung cư Hong Kong Tower - 243A Đê La Thành, 107m2, 3 ngủ đủ căn góc chỉ 9 tỷ LH: 0814 332 ***",9 tỷ,107 m²,"84,11 tr/m²",3,3,"Láng Thượng, Đống Đa","21.027187376095434, 105.80387325838667"
35210092,06/03/2025,"Bán căn 3 ngủ góc, view hồ, 137m2, Vin Nguyễn Chí Thanh, ban công hướng mát ĐB","14,2 tỷ",137 m²,"103,65 tr/m²",3,2,"Láng Hạ, Đống Đa","21.0234508514404, 105.809288024902"
39387404,06/03/2025,"Cần bán chung cư Sky city 88 Láng Hạ, 2pn 112m2 tầng đẹp view thoáng. LH 0936 530 ***",Giá thỏa thuận,112 m²,N/A,2,2,"Láng Hạ, Đống Đa","21.0124912261963, 105.811317443848"
42349827,06/03/2025,"(Thông tin thật) Tập thể Trung Tự, Đống Đa, lô góc, ô tô, sổ to 70m2 2pn full nội thất chỉ 3,59 tỷ","3,59 tỷ",70 m²,"51,29 tr/m²",2,1,"Phương Liên, Đống Đa","21.0001383081552, 105.83066662898"
40222054,06/03/2025,"Chính chủ bán 2PN-2WC,DT 72m2, giá 7,9 tỷ, tòa Green Diamond 93 Láng Hạ, ban công ĐN ,LH 0363 388 ***","7,9 tỷ",72 m²,"109,72 tr/m²",2,2,"Láng Hạ, Đống Đa","21.0168266296387, 105.815223693848"
42347719,06/03/2025,"Bán căn hộ cao cấp Hateco Laroma 100,9m2, 2PN, ban công B, nội thất đẹp, view Thủ Lệ, giá 11 tỷ",11 tỷ,"100,9 m²","109,02 tr/m²",2,2,"Láng Thượng, Đống Đa","21.02105759714539, 105.80679702026428"
42002351,06/03/2025,"0917 748 *** cần bán nhanh căn studio 46m2 tại Lancaster Luminaire đường Láng giá 5,2 tỷ","5,2 tỷ",46 m²,"113,04 tr/m²",1,1,"Láng Thượng, Đống Đa","21.024107817064234, 105.80553669093302"
41741876,06/03/2025,"Bán gấp CHCC Hateco Laroma - 4A Huỳnh Thúc Kháng, 112m2, 3PN, căn góc, tầng cao, đồ xịn. 0963 668 ***",Giá thỏa thuận,112 m²,N/A,3,2,"Láng Thượng, Đống Đa","21.020416259765625, 105.80724334716797"
42279165,06/03/2025,"Bán nhanh căn studio 45m2 đủ đồ tại Lancaster Luminaire đường Láng giá 4,2 tỷ. 0917 748 ***","4,2 tỷ",45 m²,"93,33 tr/m²",1,1,"Láng Thượng, Đống Đa","21.024150835983203, 105.80587515652442"
41669494,06/03/2025,"Giá rẻ nhất quận Đống Đa, bán gấp căn hộ chung cư M3 - M4 Nguyễn Chí Thanh, 4 ngủ, full nội thất","8,5 tỷ",151 m²,"56,29 tr/m²",4,2,"Láng Hạ, Đống Đa","21.0202007293701, 105.808876037598"
42348001,06/03/2025,"Bán CH 3 ngủ, 2WC- DT 110m2. Giá 7,5 tỷ- chung cư Vườn Xuân-71 Nguyễn Chí Thanh (LH: 0399 343 ***)","7,5 tỷ",110 m²,"68,18 tr/m²",3,2,"Láng Hạ, Đống Đa","21.0160809006105, 105.813051924646"
41792533,06/03/2025,"Bán gấp Lô góc 135m 4PN chung cư Terra Hào Nam - Giá chỉ từ 15,x tỷ Full nội thất cao cấp 5* SỔ ĐỎ","15,12 tỷ",135 m²,112 tr/m²,4,3,"Ô Chợ Dừa, Đống Đa","21.02467321851362, 105.82701747669113"
42348495,06/03/2025,"Cần bán gấp nhà tập thể Nguyễn Ngọc Doãn - Nam Đồng, DT 65/80m2, giá chỉ 5,5 tỷ","5,5 tỷ",80 m²,"68,75 tr/m²",2,2,"Nam Đồng, Đống Đa","21.0101593675017, 105.830767202229"
20899219,06/03/2025,Cực hiếm! Bán căn góc 155m2 sổ đỏ trao tay trung tâm Quận Đống Đa. Xem nhà 24/7: 0899 822 ***,Giá thỏa thuận,155 m²,N/A,3,3,"Láng Hạ, Đống Đa","21.0144557952881, 105.813835144043"
42347409,06/03/2025,"Bán CC 71 Nguyễn Chí Thanh, diện tích 110m2, giá bán 7.5 tỷ. Tell 0934 288 ***","7,5 tỷ",110 m²,"68,18 tr/m²",2,2,"Láng Hạ, Đống Đa","21.015433573877388, 105.81298835806014"
41751540,06/03/2025,"Cần bán tập thể 3PN, 2WC, 85m2 tại Trường Chinh, Đống Đa, Hà Nội, chỉ với 3,25 tỷ","3,25 tỷ",92 m²,"35,33 tr/m²",3,2,"Phương Mai, Đống Đa","20.998857622687, 105.838067750967"
42348618,06/03/2025,"HOT: Bán căn hộ studio Lancaster - 50m2, full đẹp, giá 5 tỷ. LH: 0899,.511.,866",5 tỷ,50 m²,100 tr/m²,1,1,"Láng Thượng, Đống Đa","21.02365316938256, 105.80521387373152"
41742224,06/03/2025,Gia đình em cần bán nhanh căn hộ 2PN tại Green Diamond 93 Láng Hạ giá 7 tỷ full nội thất,7 tỷ,78 m²,"89,74 tr/m²",2,2,"Láng Hạ, Đống Đa","21.016826629638672, 105.81522369384766"
35386897,06/03/2025,"Cần bán gấp 3PN2VS, 118m2, Vinhomes Nguyễn Chí Thanh, view hồ Ngọc Khánh",Giá thỏa thuận,118 m²,N/A,3,2,"Láng Hạ, Đống Đa","21.0229530334473, 105.809814453125"
38352266,06/03/2025,"Cần bán căn góc 3 ngủ tầng cao ở chung cư Hong Kong Tower, giá thoả thuận. Lh: 0906 244 ***",Giá thỏa thuận,107 m²,N/A,3,2,"Láng Thượng, Đống Đa","21.0272006988525, 105.803825378418"
42348277,06/03/2025,"Siêu phẩm có 102! Nhà Tập Thể Hồ Đắc Di - Nam Đồng 60m, 2 ngủ, ô tô, full đồ ở ngay, chỉ 2,8 tỷ","2,8 tỷ",60 m²,"46,67 tr/m²",2,1,"Nam Đồng, Đống Đa","21.0122468680566, 105.829109094188"
42348262,06/03/2025,"Chính chủ cần bán CHCC tại CC Hateco Laroma, 142m2, 3PN, 2WC, căn góc, view hồ, nội thất xịn",Giá thỏa thuận,142 m²,N/A,3,2,"Láng Thượng, Đống Đa","21.01975423417466, 105.80714114502553"
42348229,06/03/2025,"Hoàng 3333 giá thật, bán CH 2PN, 2WC, ban công ĐN mát mẻ, tại Green Diamond 93, full đồ, ra sổ đỏ","9,3 tỷ",80 m²,"116,25 tr/m²",2,2,"Láng Hạ, Đống Đa","21.0170361510344, 105.814462193016"
41591815,06/03/2025,"Cần bán gấp căn góc 3PN - 111.4m2 toà Hateco Laroma Chùa Láng ở ngay, full nội thất, sẵn sổ lâu dài",10 tỷ,"111,4 m²","89,77 tr/m²",3,2,"Láng Thượng, Đống Đa","21.020416259765625, 105.80724334716797"
42138541,06/03/2025,"Giá rẻ nhất hiện nay, bán gấp căn hộ chung cư M5 Nguyễn chí Thanh, 3 phòng ngủ, full nội thất","9,3 tỷ",149 m²,"62,42 tr/m²",3,2,"Láng Hạ, Đống Đa","21.0209899860415, 105.80981166563215"
42306929,06/03/2025,"Bán nhà tập thể ngay phố Văn Chương - Đống Đa, 60m, 2 ngủ, full đồ ở ngay","2,45 tỷ",60 m²,"40,83 tr/m²",2,1,"Văn Chương, Đống Đa","21.0214511214976, 105.833700421648"
40587487,06/03/2025,Sang trọng - Tiện nghi! Căn hộ 45m2 studio hiện đại tầng cao tại Lancaster Láng cần bán giá tốt,5 tỷ,45 m²,"111,11 tr/m²",1,1,"Láng Thượng, Đống Đa","21.0235824584961, 105.805229187012"
42346457,06/03/2025,"Bán nhà tập thể Huỳnh Thúc Kháng, Đống Đa, 3PN, 2WC, nhà đẹp ở ngay, ô tô đỗ cửa, chủ bán gấp","3,8 tỷ",75 m²,"50,67 tr/m²",3,2,"Láng Hạ, Đống Đa","21.018061082686, 105.811120997412"
39112410,06/03/2025,"Bán gấp căn hộ 2.5PN tại Hateco Laroma, ban công thoáng mát, view đẹp. LH: 0906 961 ***","11,5 tỷ",95 m²,"121,05 tr/m²",2,2,"Láng Thượng, Đống Đa","21.0204162597656, 105.807243347168"
37484807,06/03/2025,Cực hiếm! Căn góc 137m2 view 2 hồ điều hoa lần đầu tiên ra hàng. LH 0899 822 *** xem căn hộ,Giá thỏa thuận,137 m²,N/A,4,2,"Láng Hạ, Đống Đa","21.016827, 105.81522"
42297073,06/03/2025,"Hoàng 3333 giá thật. Bán CH 72m2 2PN, 2VS tại Green Diamond 93 Láng Hạ, ban công Đông Nam mát mẻ","9,3 tỷ",72 m²,"129,17 tr/m²",2,2,"Láng Hạ, Đống Đa","21.0174854476116, 105.8148210238843"
41760173,06/03/2025,"Bán căn hoa hậu duy nhất CC 141m2, 16 tỷ ở Green Diamond 93 Láng Hạ, Đống Đa, pháp lý sổ hồng",16 tỷ,141 m²,"113,48 tr/m²",N/A,N/A,"Láng Hạ, Đống Đa","21.017196590166918, 105.816081790446"
40833893,06/03/2025,Tôi cần bán căn hộ Studio 50m2 full nội thất giá chỉ 4 tỷ tại Lancaster Luminaire - đường Láng,4 tỷ,50 m²,80 tr/m²,1,1,"Láng Thượng, Đống Đa","21.0235824584961, 105.805229187012"
42097188,06/03/2025,"Bán căn hộ chung cư toà 187 Tây Sơn , Đống Đa Hà Nội 65m2 , thiết kế 2 ngủ 1wc . Lh : 0971 405 ***","4,85 tỷ",65 m²,"74,61 tr/m²",2,1,"Quang Trung, Đống Đa","21.0131458179074, 105.826853698096"
26492862,06/03/2025,"Gấp! Cần bán căn hộ office tell chung cư Hong Kong Tower 41m2, full nội thất cao cấp","2,85 tỷ",41 m²,"69,51 tr/m²",1,1,"Láng Thượng, Đống Đa","21.0272006988525, 105.803825378418"
35329362,06/03/2025,"Bán gấp để dồn tiền mua nhà to hơn chung cư Hateco Laroma DT 80m2, 2PN tầng trung giá cực rẻ.",Giá thỏa thuận,103 m²,N/A,3,2,"Láng Thượng, Đống Đa","21.020416259765625, 105.80724334716797"
38842902,06/03/2025,"GĐ cần tiền bán gấp CH 137m2, 4PN,2wc chung cư Hateco Laroma căn góc giá rẻ nhất TT","14,5 tỷ",137 m²,"105,84 tr/m²",4,2,"Láng Thượng, Đống Đa","21.0204162597656, 105.807243347168"
42347607,06/03/2025,"Bán căn hộ chung cư tại M3 - M4 Nguyễn Chí Thanh, 10 tỷ, 170m2, 4PN, 2WC",10 tỷ,170 m²,"58,82 tr/m²",4,2,"Láng Hạ, Đống Đa","21.0196887295694, 105.808086968219"
42347191,06/03/2025,Bán Căn hộ chung cư tòa 71 nguyễn chí thanh 3 ngủ 110m2 Đống Đa Hà Nội (0869 688 ***),Giá thỏa thuận,110 m²,N/A,N/A,N/A,"Láng Hạ, Đống Đa","21.01605135469156, 105.81309021075229"
42346903,06/03/2025,Bán căn hộ toà Hoà Phát 257 Giải Phóng 115m2 thiết kế 3pn 2wc giá chỉ 7 tỷ tl,7 tỷ,115 m²,"60,87 tr/m²",3,2,"Phương Mai, Đống Đa","20.9991151934482, 105.84136513003"
42337886,06/03/2025,"Bán Tập thể Tôn Đức Thắng - Đoàn Thị Điểm, Đống Đa, sổ to 43m2, nhà đẹp ở ngay","4,39 tỷ",65 m²,"67,54 tr/m²",2,1,"Văn Miếu - Quốc Tử Giám, Đống Đa","21.0267600672729, 105.833845986535"
41316038,06/03/2025,"Bán CHCC Green Diamond - 93 Láng Hạ, Đống Đa, 2PN, 91,78m2, đồ cơ bản, giá đẹp. LH 0983 951 ***","9,5 tỷ","91,78 m²","103,51 tr/m²",2,2,"Láng Hạ, Đống Đa","21.016826629638672, 105.81522369384766"
36637892,06/03/2025,"VIP - 180m2, căn góc 4 phòng ngủ tại chung cư Lancaster đường Láng. Sổ đỏ lâu dài, xem nhà 24/7",Giá thỏa thuận,180 m²,N/A,4,N/A,"Láng Thượng, Đống Đa","21.0235824584961, 105.805229187012"
42042987,06/03/2025,"Bán căn hộ cao cấp Hateco Laroma 104 m2, 3 PN, căn góc, ban công Đ + B, nội thất đẹp, giá 12.5 tỷ","12,5 tỷ",104 m²,"120,19 tr/m²",3,N/A,"Láng Thượng, Đống Đa","21.020550166081968, 105.80723409216618"
42043109,06/03/2025,"Bán căn hộ Hateco Laroma 87 m2, 2 PN, tầng cao, ban công hướng Đông, full nội thất xịn, giá 10,8 tỷ","10,8 tỷ",87 m²,"124,14 tr/m²",2,N/A,"Láng Thượng, Đống Đa","21.020960645807598, 105.80741693452076"
42332878,06/03/2025,"Bán nhà tập thể Phương Mai, 2PN, 2 mặt thoáng, nội thất đẹp, DTSD 55m2","2,78 tỷ",55 m²,"50,54 tr/m²",2,1,"Phương Mai, Đống Đa","21.0013050945944, 105.83932124746"
41057549,06/03/2025,Chính chủ cần bán nhanh căn 72m 2N2VS giá 9.1 tỷ tại Green Diamond 93 Láng Hạ - Liên hệ: 0906 961 ***,"9,1 tỷ",92 m²,"98,91 tr/m²",2,2,"Láng Hạ, Đống Đa","21.016826629638672, 105.81522369384766"
42302656,06/03/2025,"Bán tập thể mặt phố Thái Thịnh, 2PN nội thất đẹp, 55m2, thoáng sáng","2,75 tỷ",55 m²,50 tr/m²,2,1,"Trung Liệt, Đống Đa","21.0095272003391, 105.81902363251"
37452738,06/03/2025,"Chính chủ cần bán căn 2 PN 100,1m2 nội thất cao cấp tầng cao đẹp view hồ LH 0904 859 ***",Giá thỏa thuận,"100,1 m²",N/A,2,2,"Ô Chợ Dừa, Đống Đa","21.0194931030273, 105.822341918945"
40603673,06/03/2025,"Chuyên quỹ căn chuyển nhượng 1-2-3 PN, Duplex chung cư 93 Láng Hạ - Sổ đỏ trao tay, LH 0904 859 ***",Giá thỏa thuận,71 m²,N/A,2,2,"Láng Hạ, Đống Đa","21.016827, 105.81522"
42010066,06/03/2025,Bán căn hộ 187 Nguyễn Lương Bằng 66m2 2pn 2wc giá 4.85 tỷ liên hệ 0984 847 ***,"4,85 tỷ",66 m²,"73,48 tr/m²",2,2,"Quang Trung, Đống Đa","21.01355314212444, 105.82840272135364"
39486181,06/03/2025,Sẵn quỹ căn VIP đẹp & chuyển nhượng giá tốt - Hateco Laroma 4A Huỳnh Thúc Kháng - 0931 318 ***,Giá thỏa thuận,102 m²,N/A,3,2,"Láng Thượng, Đống Đa","21.0204162597656, 105.807243347168"
36311025,06/03/2025,"Bán CC Hoàng Cầu D'. Le Pont D'or Tân Hoàng Minh, 121 m2, 3PN view 11, x tỷ. LH 0931 318 ***",Giá thỏa thuận,121 m²,N/A,3,2,"Ô Chợ Dừa, Đống Đa","21.0194931030273, 105.822341918945"
40477567,06/03/2025,PKD bán quỹ chuyển nhượng từ 3 phòng ngủ sẵn sổ đỏ tại Green Diamond 93 Láng Hạ - 0931 318 ***,Giá thỏa thuận,137 m²,N/A,3,2,"Láng Hạ, Đống Đa","21.0168266296387, 105.815223693848"
42021717,06/03/2025,"Bán quỹ suất ngoại căn VIPP đẹp, cao thoáng - căn 3 ngủ dự án Hateco Laroma, LH: 0931 318 ***",Giá thỏa thuận,115 m²,N/A,3,2,"Láng Thượng, Đống Đa","21.020478655837678, 105.80725453706403"
41763626,06/03/2025,"Bán căn hộ Thái Hà - Chùa Bộc 2PN 52m2, full nội thất, ở ngay","1,89 tỷ",52 m²,"36,35 tr/m²",2,1,"Trung Liệt, Đống Đa","21.0125225640471, 105.820023279513"
42112034,06/03/2025,"Bán CHCC 115m2 - 3PN phố Nguyễn Chí Thanh - Đống Đa, căn góc, giá hơn 7 tỷ","7,35 tỷ",115 m²,"63,91 tr/m²",3,2,"Láng Hạ, Đống Đa","21.019726066496514, 105.80955076817784"
42111950,06/03/2025,"Bán CHCH tòa 170 Đê La Thành, DT 160m - 3PN2WC. Giá Hơn 8 tỷ",8 tỷ,160 m²,50 tr/m²,3,2,"Ô Chợ Dừa, Đống Đa","21.02112083205036, 105.82847091702133"
42170868,06/03/2025,Em cần bán căn nhà tập thể siêu đẹp siêu VIP Hồ Đắc Di full nội thất đẹp ô tô đỗ cửa,"2,85 tỷ",60 m²,"47,5 tr/m²",N/A,N/A,"Phương Liên - Trung Tự, Đống Đa","21.011681985652, 105.830176444239"
42343079,06/03/2025,Cần bán gấp căn hộ khu tập thể E6 Phương Mai,"2,39 tỷ",40 m²,"59,75 tr/m²",1,1,"Phương Mai, Đống Đa","21.0011874190094, 105.83952443944"
42346137,06/03/2025,"Căn tập thể đẹp, gần hồ, thoáng sáng, ban công rộng","2,85 tỷ",60 m²,"47,5 tr/m²",2,1,"Nam Đồng, Đống Đa","21.011815577312, 105.829062262533"
42345941,06/03/2025,"Bán tập thể Phương Mai, DT 50m2, T1, MT 3m, kinh doanh, giá 2.68 tỷ","2,68 tỷ",50 m²,"53,6 tr/m²",2,1,"Phương Mai, Đống Đa","21.0012749788315, 105.839307386841"
42344853,06/03/2025,Bán nhà TT Hồ Đắc Di 60m - nhỉnh 2 tỷ - Nam Đồng - Đống Đa - HN - ô tô đỗ cửa,"2,86 tỷ",60 m²,"47,67 tr/m²",N/A,N/A,"Nam Đồng, Đống Đa","21.0123720467971, 105.829229284798"
42344195,06/03/2025,"Bán tập thể Nam Đồng, Đống Đa, oto tránh, DT 60m2, 3 Ngủ. Giá 2.8 tỷ TL","2,8 tỷ",60 m²,"46,67 tr/m²",3,N/A,"Nam Đồng, Đống Đa","21.0133681046652, 105.833404342227"
42345748,06/03/2025,Nhà nguyên bản! Giá rẻ! Chỉ 2.5 tỷ căn hộ tập thể Phương Mai 2PN 1WC khép kín. Sáng thoáng,"2,5 tỷ",50 m²,50 tr/m²,2,1,"Phương Mai, Đống Đa","21.0012595943884, 105.839053133914"
41951636,05/03/2025,"Nhượng căn 4 phòng ngủ góc hiếm hoi, nội thất cơ bản dự án Green Diamond 93 Láng Hạ",Giá thỏa thuận,180 m²,N/A,4,N/A,"Láng Hạ, Đống Đa","21.016494120267073, 105.81584188960606"
40142571,05/03/2025,Bán penthouse thông tầng 450m tòa D'. Le Pont Dor 34 Hoàng Cầu giá chỉ 90tr/m2 (0967 713 ***,42 tỷ,450 m²,"93,33 tr/m²",5,4,"Ô Chợ Dừa, Đống Đa","21.0194931030273, 105.822341918945"
41975428,05/03/2025,(Giá chuẩn) bán nhanh căn hộ 2 ngủ view hồ Hoàng Cầu DT 70.3m2 tầng trung giá tốt 7.7 tỷ,"7,7 tỷ","70,3 m²","109,53 tr/m²",2,2,"Láng Hạ, Đống Đa","21.016743949301148, 105.81523469775082"
40848986,05/03/2025,"Cần bán gấp căn hộ 2PN, 57m2 tại Gloria số 8 Nguyên Hồng, nhận nhà ở ngay, đã có sổ. Giá: 7,x tỷ",Giá thỏa thuận,57 m²,N/A,2,2,"Láng Hạ, Đống Đa","21.0158519744873, 105.809234619141"
42344325,05/03/2025,Bán nhanh căn hộ 1 phòng ngủ tầng trung đẹp Vinhomes Nguyễn Chí Thanh,"6,5 tỷ","53,3 m²","121,95 tr/m²",1,1,"Láng Thượng, Đống Đa","21.023323543151218, 105.80853169058936"
42101763,05/03/2025,"Bán căn hộ TT Chùa Bộc, tầng 2, DTSD 80m2, 3PN, 2WC, nhà đẹp, BC Đông Nam giá 4,2 tỷ","4,2 tỷ",80 m²,"52,5 tr/m²",3,2,"Trung Liệt, Đống Đa","21.0075401949799, 105.827293224697"
42343718,05/03/2025,"Tôi bán nhà tập thể Phương Mai, Đống Đa ngay bệnh viện Bạch Mai, sổ đỏ riêng 50m 2 ngủ giá 2,55 tỷ","2,55 tỷ",50 m²,51 tr/m²,2,1,"Phương Mai, Đống Đa","21.0012134158816, 105.839379189345"
42343657,05/03/2025,"Bán nhà TT Phương Mai, Đống Đa, căn hộ T3 nhà đẹp, thoáng sáng, 2 ngủ giá 2,5 tỷ sổ riêng","2,5 tỷ",50 m²,50 tr/m²,2,1,"Phương Mai, Đống Đa","21.0029888660234, 105.838753661416"
42343281,05/03/2025,"Bán CC mini ở Hào Nam, Đống Đa, Hà Nội chỉ với 1,85 tỷ, 40m2","1,85 tỷ",40 m²,"46,25 tr/m²",1,1,"Ô Chợ Dừa, Đống Đa","21.0254083786032, 105.828054049888"
42343298,05/03/2025,"Bán CC Hào Nam, 4,75 tỷ, 80m2, 3PN + 2WC, giá siêu hời tại Đống Đa, Hà Nội","4,75 tỷ",80 m²,"59,38 tr/m²",3,2,"Cát Linh, Đống Đa","21.0270346270875, 105.827884475173"
42181199,05/03/2025,"Chính chủ, CC đẹp xuất sắc tại 27 Huỳnh Thúc Kháng, 72 triệu / m2, 107m2, có slot để xe ô tô","7,7 tỷ",107 m²,72 tr/m²,2,2,"Láng Hạ, Đống Đa","21.0184676983051, 105.811957280868"
42342123,05/03/2025,"Bán nhà tập thể Hồ Đắc Di, Trung Tự, 2 ngủ, ô tô đỗ cửa, nhà đẹp, ở ngay, gần hồ","2,75 tỷ",60 m²,"45,83 tr/m²",2,N/A,"Phương Liên - Trung Tự, Đống Đa","21.0118630108248, 105.829864123337"
42342379,05/03/2025,"Bán căn hộ tập thể T3 DT75m 3PN, 2WC nhà sửa đẹp nội thất xịn đủ đồ phố Nguyễn Lương Bằng Tây Sơn","4,48 tỷ",75 m²,"59,73 tr/m²",3,3,"Quang Trung, Đống Đa","21.0097119771233, 105.82470371869"
42341982,05/03/2025,"Bán căn hộ tập thể T4 DT 70m căn góc 2P. Ngủ, TK đẹp nội thất đầy đủ, xách vali ở phố Đoàn Thị Điểm","4,48 tỷ",70 m²,64 tr/m²,2,1,"Cát Linh, Đống Đa","21.0263240037697, 105.832414757743"
42208558,05/03/2025,"Bán căn hộ chung cư Sông Hồng Park View 165 Thái Hà, 105m2, 3PN, căn góc, đủ đồ, ban công Đông Nam",Giá thỏa thuận,105 m²,N/A,3,2,"Láng Hạ, Đống Đa","21.01500137889778, 105.81698835273475"
38833940,05/03/2025,Chuyên hàng chuyển nhượng D'. Le Pont Dor Tân Hoàng Minh LH để nhận bảng hàng chi tiết 0904 859 ***,9 tỷ,93 m²,"96,77 tr/m²",2,2,"Ô Chợ Dừa, Đống Đa","21.019536800967682, 105.8221798840797"
42204513,05/03/2025,"Bán căn hộ tòa nhà M3M4 - 91 Nguyễn Chí Thanh, 170 m2, 4 PN, nhà nguyên bản, giá 10,5 tỷ","10,5 tỷ",170 m²,"61,76 tr/m²",4,N/A,"Láng Hạ, Đống Đa","21.02001749952271, 105.80834785625332"
42198369,05/03/2025,"HOT: Bán căn hộ studio Lancaster - 45m2, full đẹp, giá 5tỷ. LH: 0899.,511,.866",5 tỷ,45 m²,"111,11 tr/m²",1,1,"Láng Thượng, Đống Đa","21.023524152677695, 105.80550074567373"
41509420,05/03/2025,"Tổng hợp quỹ căn dự án Hateco Laroma 3PN, căn duplex, penthouse thô. Hotline PKD 0934 364 ***","14,2 tỷ","137,5 m²","103,27 tr/m²",3,N/A,"Láng Thượng, Đống Đa","21.020280565210513, 105.80698112226804"
42340690,05/03/2025,"Bán nhà E2 tập thể Vĩnh Hồ (mặt phố Thái Thịnh) quận đống đa tầng 2 36/80m2 3,7 tỷ","3,7 tỷ",80 m²,"46,25 tr/m²",2,1,"Thịnh Quang, Đống Đa","21.0068155114297, 105.820572097524"
42341301,05/03/2025,"Bán căn hộ tập thể Phương Mai, Đống Đa ô tô đỗ chân cầu thang, 60m 2 ngủ, sổ riêng giá 2,75 tỷ","2,75 tỷ",60 m²,"45,83 tr/m²",2,1,"Kim Liên, Đống Đa","21.0056470401868, 105.835747609764"
37949635,05/03/2025,Chính chủ - bán chung cư N1 Phạm Ngọc Thạch - Chùa Bộc - Đống Đa - sổ đỏ vĩnh viễn - full nội thất,850 triệu,38 m²,"22,37 tr/m²",2,2,"Quang Trung, Đống Đa","21.0086145, 105.834091"
42128966,05/03/2025,"Gia Đình Em Bán căn góc 137 m2 - 4PN - 2WC full nội thất ở Hateco Laroma, giá 14,5 tỷ","14,5 tỷ",137 m²,"105,84 tr/m²",4,2,"Láng Thượng, Đống Đa","21.020496973760253, 105.80694377329772"
42239939,05/03/2025,Bán căn hộ chung cư Nguyễn Chí Thanh 122m2 3 ngủ 2Wc full đồ nội thất giá 7.3 tỷ,"7,3 tỷ",122 m²,"59,84 tr/m²",3,2,"Láng Hạ, Đống Đa","21.020331314059927, 105.8085079781521"
42327076,05/03/2025,Chuyển nhượng lại căn hộ 3 ngủ 145m ở tháp B chung cư Sky City 88 Láng Hạ giá chỉ hơn 80tr/m2,Giá thỏa thuận,145 m²,N/A,3,2,"Láng Hạ, Đống Đa","21.0123896966178, 105.81218592395884"
42320086,05/03/2025,"Cần bán gấp căn hộ tại Vinhomes Nguyễn Chí Thanh, 48m2, 1 PN, đồ mới xịn, 6 tỷ. 0963 668 ***",6 tỷ,48 m²,125 tr/m²,1,1,"Láng Thượng, Đống Đa","21.023171754887546, 105.8091132870681"
41334364,05/03/2025,"Bán căn hộ TT Chùa Bộc, tầng 2, DTSD 100m2, 3PN, 2WC, nhà đẹp, BC Đông Nam, rất mát, giá 4,25 tỷ","4,25 tỷ",100 m²,"42,5 tr/m²",3,2,"Trung Liệt, Đống Đa","21.0076850663206, 105.827480666072"
40838416,05/03/2025,Giá tốt ! Bán căn hộ hoa hậu tại dự án Hateco diện tích 113m2 - thiết kế 3 PN 2 WC giá cực tốt,Giá thỏa thuận,113 m²,N/A,3,2,"Láng Thượng, Đống Đa","21.0204162597656, 105.807243347168"
42340904,05/03/2025,"Bán căn hộ 187 Tây Sơn, giá cực chất  120m2 tại Đống Đa, Hà Nội",Giá thỏa thuận,120 m²,N/A,N/A,N/A,"Quang Trung, Đống Đa","21.0130994487172, 105.827626968693"
42186594,05/03/2025,Căn góc chung cư Gloria 8 Nguyên Hồng căn đẹp nhất view đẹp 84m 3PN 2WC,"11,6 tỷ",84 m²,"138,1 tr/m²",3,2,"Láng Hạ, Đống Đa","21.015709005757998, 105.80927221796527"
41273888,05/03/2025,"Căn hộ 3 phòng ngủ siêu rẻ mặt đường Nguyễn Chí Thanh, Đống Đa, Hà Nội - Chi tiết LH: 0888 346 ***",Giá thỏa thuận,106 m²,N/A,3,2,"Láng Hạ, Đống Đa","21.0200921177878, 105.807938678968"
42340224,05/03/2025,"Bán tập thể trung Tự, 2PN + 1WC, giá tốt chỉ với 2,75 tỷ, Đống Đa, nhà full nội thất đẹp, ô tô đỗ","2,75 tỷ",60 m²,"45,83 tr/m²",2,1,"Nam Đồng, Đống Đa","21.004028540247, 105.831584650073"
42340099,05/03/2025,Bán gấp - Chung cư E1 Xã Đàn - Đống Đa. 35m2 - 55m2,800 triệu,35 m²,"22,86 tr/m²",1,1,"Phương Liên, Đống Đa","21.0118422411907, 105.837139201783"
41815647,05/03/2025,"Bán Gấp CC 3PN 2WC,Mới Tinh, 92m2, Đống Đa,Giá chỉ 7,4 Tỷ","7,4 tỷ",92 m²,"80,44 tr/m²",3,2,"Thịnh Quang, Đống Đa","21.004613486039748, 105.81811749260038"
42307677,05/03/2025,"Bán tập thể Chùa Láng, Đống Đa, T2, 45m2 (30m2 sổ), 2 ngủ, 3.25 tỷ","3,25 tỷ",45 m²,"72,22 tr/m²",2,1,"Láng Thượng, Đống Đa","21.0230715843104, 105.806078550785"
42311371,05/03/2025,"Chuyên gia số 1 Vinhomes Nguyễn Chí Thanh; Cập nhật quỹ căn HOT, hỗ trợ trọn gói; Giá tốt nhất!","5,6 tỷ",56 m²,100 tr/m²,1,1,"Láng Thượng, Đống Đa","21.023452459449583, 105.80929010875093"
40737863,05/03/2025,"Bán gấp CHCC Sông Hồng Park View - 165 Thái Hà, Đống Đa, 120m2, 3 PN, giá 8,6 tỷ. LH 0983 951 ***","8,6 tỷ",120 m²,"71,67 tr/m²",3,2,"Láng Hạ, Đống Đa","21.014897563980153, 105.81800351400555"
42339137,05/03/2025,Nhà đẹp. Tầng đẹp. Sổ To. 4.1 tỷ Tập thể phố Hào Nam. 2PN 2WC 80m2. Cực thoáng sáng,"4,1 tỷ",80 m²,"51,25 tr/m²",2,2,"Ô Chợ Dừa, Đống Đa","21.0256398207424, 105.827999119343"
42166617,05/03/2025,"0987,063.288 BÁN CĂN CHUNG CƯ 120M 3 NGỦ 2 WC 9 TỶ TẠI MIPEC TOWER 229 TÂY SƠN- ĐỐNG ĐA",9 tỷ,120 m²,75 tr/m²,3,2,"Trung Liệt, Đống Đa","21.00651453950367, 105.82397680739292"
42312471,05/03/2025,"Hiếm có! Bán Tập thể Nam Đồng - Hồ Đắc Di, Đống Đa, Tầng 2, 3 ngủ, nhà đẹp ở luôn","3,7 tỷ",75 m²,"49,33 tr/m²",3,1,"Nam Đồng, Đống Đa","21.0122705634097, 105.829242717426"
42337953,05/03/2025,Mặt phố Thái Thịnh - nhà nguyên bản - trung tâm ẩm thực - 80m2 3 ngủ - 3.x tỷ,"3,65 tỷ",80 m²,"45,62 tr/m²",3,N/A,"Trung Liệt, Đống Đa","21.0101150307653, 105.818969263948"
42337919,05/03/2025,Bán căn hộ tập thể T3 110m2 3PN 3WC nhà thiết kế đẹp full nội thất mới tinh phố Trung Liệt Đống Đa,"4,85 tỷ",110 m²,"44,09 tr/m²",3,3,"Trung Liệt, Đống Đa","21.0157530053201, 105.820302225062"
41305559,05/03/2025,Cần bán gấp căn hộ 1 ngủ có sân vườn ~80m2 tại Vinhomes Nguyễn Chí Thanh. Gía 6.4 tỷ. LH 0372 004 ***,"8,5 tỷ",86 m²,"98,84 tr/m²",2,1,"Láng Thượng, Đống Đa","21.0234508514404, 105.809288024902"
42338021,05/03/2025,"CC mini siêu hot 1PN, 1WC, 33m2, giá 1,39 tỷ tại Thái Thịnh, Đống Đa, Hà Nội","1,39 tỷ",33 m²,"42,12 tr/m²",1,1,"Thịnh Quang, Đống Đa","21.0104127575996, 105.818504615676"
42155849,05/03/2025,Quỹ căn 2 phòng ngủ siêu hiếm - The Terra 83 Hào Nam bàn giao full nội thất cao cấp LH: 0822 238 ***,"8,69 tỷ",78 m²,"111,36 tr/m²",2,2,"Ô Chợ Dừa, Đống Đa","21.0236398418317, 105.82666787477"
41716196,05/03/2025,"Chính chủ cần bán gấp căn hộ Hong Kong Tower - 243A Đê La Thành, 105m2, 03PN, căn góc Đông Nam",Giá thỏa thuận,105 m²,N/A,3,2,"Láng Thượng, Đống Đa","21.02720069885254, 105.80382537841797"
39237012,05/03/2025,"Bán nhanh chung cư Hoà Phát, 257 Giải Phóng, 3 phòng ngủ, 109m2, giá tốt",Giá thỏa thuận,109 m²,N/A,3,2,"Phương Mai, Đống Đa","20.99866, 105.841484"
42237512,05/03/2025,"Bán nhà TT tầng 1 DT 80m2 - 4,95 tỷ - Phạm Ngọc Thạch - Đống Đa","4,95 tỷ",80 m²,"61,88 tr/m²",2,1,"Phương Liên - Trung Tự, Đống Đa","21.0084372606951, 105.833869498344"
42334950,05/03/2025,Đầu tư tốt! Chỉ 2.68 tỷ. Căn hộ Tập Thể Kim Liên 2PN 1WC. DT sổ to. Cho thuê tốt. Thoáng sáng,"2,68 tỷ",65 m²,"41,23 tr/m²",2,1,"Kim Liên, Đống Đa","21.0053252914636, 105.835387467592"
42240099,05/03/2025,"Giá rẻ! Bán (M3 - M4) 91 Nguyễn Chí Thanh - 122m2 - 3PN 2VS - 7,5 tỷ. LH: 0967 401 *** Nam","7,5 tỷ",122 m²,"61,48 tr/m²",3,2,"Láng Hạ, Đống Đa","21.0210625280392, 105.80909242244"
42128667,05/03/2025,"BÁN CH 92M 2PN 2WC GIÁ 100TR/M ( 9.2 TỶ) TÒA GREEN DIAMON 93 LÁNG HẠ, ĐỐNG ĐA HN","9,2 tỷ",92 m²,100 tr/m²,2,2,"Láng Hạ, Đống Đa","21.01657498206916, 105.81584819851783"
33841826,05/03/2025,Bán căn 2 ngủ 92m2 chung cư Lancaster Luminaire đường Láng chính chủ 0944 412 ***,Giá thỏa thuận,92 m²,N/A,2,2,"Láng Thượng, Đống Đa","21.0235824584961, 105.805229187012"
42195474,05/03/2025,"Bán căn hộ chung cư hàng hiếm tại Lancaster Luminaire, Láng, Đống Đa, Hà Nội, giá thỏa thuận, 92m2",Giá thỏa thuận,92 m²,N/A,3,2,"Láng Thượng, Đống Đa","21.023599261240996, 105.80489346998878"
33654205,05/03/2025,Độc quyền bán 10 căn chung cư Lancaster Luminaire 170m2-146-120-92-45m2 sổ lâu dài! Xem nhà 24/7,10 tỷ,92 m²,"108,7 tr/m²",2,2,"Láng Thượng, Đống Đa","21.0235824584961, 105.805229187012"
41427184,05/03/2025,"Bán CCMN mới đường Thái Hà - Thái Thịnh. Căn 35m2, 1PN, mặt ngõ, ban công thoáng. Giá 1,4 tỷ","1,4 tỷ",35 m²,40 tr/m²,1,1,"Thịnh Quang, Đống Đa","21.0071669433208, 105.820998453203"
42334916,05/03/2025,Đầu tư siêu tốt! Chỉ 3.8 tỷ. CH tập thể Tầng 1 Phố Tôn Đức Thắng. Kinh doanh sầm uất. DT sổ 55m2,"3,8 tỷ",65 m²,"58,46 tr/m²",2,1,"Hàng Bột, Đống Đa","21.0268729701698, 105.833946177365"
42320873,05/03/2025,"Chính chủ gửi bán gấp căn hộ tại Vinhomes Nguyễn Chí Thanh, 50m2, 1 PN, đồ mới xịn giá chỉ 6 tỷ",6 tỷ,50 m²,120 tr/m²,1,N/A,"Láng Thượng, Đống Đa","21.02420571925417, 105.80971253856575"
41387208,05/03/2025,"Hàng hiếm tại Ngã Tư Sở, CCMN giá 1,9 tỷ vnd, 52m2, 2PN + 1 WC/PT, full nội thất. Ô tô đỗ cửa","1,9 tỷ",52 m²,"36,54 tr/m²",2,1,"Thịnh Quang, Đống Đa","21.0071200031039, 105.82065647648"
42300246,05/03/2025,"Chỉ 2,64 tỷ tập thể mặt phố Trường Chinh, Đống Đa, 2 thoáng, 70m2 2PN nhà đẹp ở ngay","2,64 tỷ",70 m²,"37,71 tr/m²",2,1,"Phương Mai, Đống Đa","20.9982722042651, 105.83764447903"
42178048,05/03/2025,"Ngon bổ rẻ! Tập thể Láng Hạ, Đống Đa, tầng 1, 2 thoáng, sổ to 60m2 2PN nhà đẹp chỉ 3,79 tỷ","3,79 tỷ",60 m²,"63,17 tr/m²",2,1,"Láng Hạ, Đống Đa","21.0150067361513, 105.812637415094"
42333136,05/03/2025,Em bán căn nhà tập thể phố Tôn Đức Thắng TT Đống Đa nhà đẹp lung linh,"2,6 tỷ",65 m²,40 tr/m²,N/A,N/A,"Hàng Bột, Đống Đa","21.0267739205374, 105.833796799773"
42335950,05/03/2025,Em bán căn nhà tập thể phố vip Thái Hà full nội thất đẹp,"2,84 tỷ",70 m²,"40,57 tr/m²",N/A,N/A,"Trung Liệt, Đống Đa","21.0124042606002, 105.820481815307"
42304993,05/03/2025,"Bán tập thể 2PN 2WC tại Trung Tự, Đống Đa, giá tốt 3,55 tỷ, khu vip phân lô cực đẹp, gần Hồ Đắc Di","3,55 tỷ",60 m²,"59,17 tr/m²",2,2,"Phương Liên - Trung Tự, Đống Đa","21.0038588435394, 105.831389728482"
42283843,05/03/2025,"Bán tập thể Nguyễn Chí Thanh - Nguyên Hồng, Đống Đa, nhà đẹp 2 ngủ, full nội thất, giá chỉ 2.95 tỷ","2,95 tỷ",55 m²,"53,64 tr/m²",2,1,"Láng Hạ, Đống Đa","21.0202877519099, 105.808504054635"
33789293,05/03/2025,"Bán gấp căn góc số 01 chung cư Hateco Laroma Huỳnh Thúc Kháng 102m2, 3PN, full nội thất, giá rẻ","10,71 tỷ",102 m²,105 tr/m²,3,2,"Láng Thượng, Đống Đa","21.0204162597656, 105.807243347168"
42336105,05/03/2025,"Cam kết giá thật - căn 2PN tại The Gloria, nhận nhà ở ngay, đã có sổ. Giá chỉ 7,8 tỷ","7,8 tỷ",57 m²,"136,84 tr/m²",2,2,"Láng Hạ, Đống Đa","21.015782290894, 105.808527217834"
42034742,05/03/2025,"Bán CCMN 2PN, 1WC ở Cầu Giấy, 1,98 tỷ, 50m2 (full đồ cao cấp)","1,98 tỷ",50 m²,"39,6 tr/m²",2,1,"Láng Thượng, Đống Đa","21.0292915360498, 105.803443064606"
41347738,05/03/2025,Chủ nhà chuyển căn to hơn nên nhượng lại căn 2PN Sky 88 Láng Hạ các phòng đều đón ánh sáng tự nhiên,Giá thỏa thuận,101 m²,N/A,2,2,"Láng Hạ, Đống Đa","21.0124912261963, 105.811317443848"
42286154,05/03/2025,Tôi cần bán gấp căn 3PN 2VS ngay mặt đường Láng. Giá 7 tỷ 28. LH: E Tâm 0936 253 *** để xem nhà,"7,28 tỷ",92 m²,"79,13 tr/m²",3,2,"Thịnh Quang, Đống Đa","21.003691603541895, 105.81938323650229"
41206937,05/03/2025,"Căn hộ chung cư Hacisco, DT 113,36m gồm 3 phòng ngủ giá 6,8 tỷ tại Đống Đa, Hà Nội","6,8 tỷ","113,36 m²","59,99 tr/m²",3,2,"Láng Hạ, Đống Đa","21.0203997738395, 105.808520414635"
42335604,05/03/2025,"Bán căn hộ chung cư view đẹp, 5,3 tỷ, 76,1m2 tại Vườn Xuân - 71 Nguyễn Chí Thanh, Đống Đa, Hà Nội","5,3 tỷ","76,1 m²","69,64 tr/m²",2,1,"Láng Hạ, Đống Đa","21.0154266159754, 105.81346383143"
42335338,05/03/2025,Bán căn hộ TT Nguyễn Chí Thanh 70m 2.9 tỷ,"2,9 tỷ",70 m²,"41,43 tr/m²",2,1,"Láng Hạ, Đống Đa","21.020310738941, 105.808329628715"
42334590,05/03/2025,Tầng 3 TT mặt phố Phương Mai - 3 ngủ - nhỉnh 2 tỷ quá ngon,"2,9 tỷ",65 m²,"44,62 tr/m²",3,2,"Phương Mai, Đống Đa","21.0012785784571, 105.839293326479"
42333880,05/03/2025,"Bán gấp tòa 27 Huỳnh Thúc Kháng - 122m giá 8, x tỷ - 2PN - 2VS - chính chủ - 0963 815 ***",Giá thỏa thuận,122 m²,N/A,2,2,"Láng Hạ, Đống Đa","21.017933221903977, 105.81156207035617"
42231351,05/03/2025,"Tôi cần bán chung cư 257 Giải Phóng căn góc 90m2, 2 ngủ, 2 vs nhỉnh 6 tỷ","6,28 tỷ",90 m²,"69,78 tr/m²",2,2,"Phương Mai, Đống Đa","20.99919055437171, 105.84190940263817"
42334901,05/03/2025,Duplex 3 tầng phố Tôn Đức thắng. Chỉ 2.65 tỷ. 2PN 1WC phòng nào cũng thoáng sáng. DT 70m2,"2,65 tỷ",70 m²,"37,86 tr/m²",2,1,"Hàng Bột, Đống Đa","21.0267238287816, 105.833799795348"
42334595,05/03/2025,Chính chủ bán căn hộ tập thể Nam Đồng. Gần Hồ Đắc Di. Ô tô đỗ cầu thang. Sân chơi rộng. 2PN 1WC,"3,8 tỷ",80 m²,"47,5 tr/m²",2,1,"Nam Đồng, Đống Đa","21.0122261710116, 105.829103142514"
42334322,04/03/2025,Anh Tân cần bán căn hộ Phương Mai 65m 2.95tỷ ô tô đỗ cửa,"2,95 tỷ",65 m²,"45,38 tr/m²",N/A,N/A,"Phương Mai, Đống Đa","21.0013783835084, 105.839427005272"
38423900,04/03/2025,"Bán căn góc 3PN 3WC siêu VIP 145m2, full nội thất Hateco Laroma. Full nội thất cao cấp, view đẹp","15,5 tỷ",145 m²,"106,9 tr/m²",3,3,"Láng Thượng, Đống Đa","21.0204162597656, 105.807243347168"
42106651,04/03/2025,"Chính chủ cần bán Sông Hồng Park View - 165 Thái Hà, Đống Đa, 108m2, 3PN, đồ cơ bản, giá thỏa thuận",Giá thỏa thuận,108 m²,N/A,3,2,"Láng Hạ, Đống Đa","21.014709506004, 105.817166292671"
40657591,04/03/2025,"Gia đình cần bán căn góc Lancaster Luminaire đường Láng. View công viên Thủ Lệ 120m2, 3PN, 3WC","11,5 tỷ",120 m²,"95,83 tr/m²",3,3,"Láng Thượng, Đống Đa","21.0235824584961, 105.805229187012"
42168746,04/03/2025,"HOT: Bán căn hộ studio Lancaster - 50m2, full đẹp, giá 5.1 tỷ. LH: 0899 511 ***","5,1 tỷ",50 m²,102 tr/m²,1,1,"Láng Thượng, Đống Đa","21.0240631173759, 105.805039437767"
41975754,04/03/2025,"Bán căn hộ 2PN cao cấp Green Diamond 93 Láng Hạ, giá siêu hời 9,6 tỷ, 91m2 căn sổ đỏ LH: 0971 864 ***","9,6 tỷ",91 m²,"105,5 tr/m²",2,2,"Láng Hạ, Đống Đa","21.0168296106163, 105.81528039776207"
41602559,04/03/2025,Bán căn hộ chung cư phố Nguyễn Chí Thanh - 113.36m2 - 3PN 2WC căn góc giá hợp lý,7 tỷ,"113,36 m²","61,75 tr/m²",3,2,"Láng Hạ, Đống Đa","21.0203743245014, 105.808230774164"
41307945,04/03/2025,"Suất ngoại giao căn 2 ngủ giá 3,65 tỷ full NT rẻ nhất The Ninety Complex, cam kết thuê 20tr/ tháng","3,65 tỷ","45,15 m²","80,84 tr/m²",N/A,N/A,"Thịnh Quang, Đống Đa","21.00410270690918, 105.81869506835938"
42332587,04/03/2025,"Căn hộ dịch vụ tiêu chuẩn 5 sao, tòa nhà The Ninety Complex 90 Láng, 2 ngủ, 1 VS","3,5 tỷ","45,15 m²","77,52 tr/m²",2,1,"Thịnh Quang, Đống Đa","21.004010236681218, 105.81863638754946"
42307006,04/03/2025,"Bán gấp CC mini 2PN, 1WC giá cực chất tại Đông Tác, Phương Mai, Đống Đa, Hà Nội, 1,79 tỷ, 50m2","1,79 tỷ",50 m²,"35,8 tr/m²",2,1,"Phương Mai, Đống Đa","21.005180784939, 105.832946062935"
42332055,04/03/2025,E cần Bán căn 53m - 1 Ngủ toà Vincom Nguyễn Chí Thanh,5 tỷ,53 m²,"94,34 tr/m²",1,1,"Láng Thượng, Đống Đa","21.0231174039123, 105.809399348294"
42262003,04/03/2025,"Nhà tt đẹp full nội thất gần trường mầm non Hoa Sữa Kim Liên, Đống Đa (65m2), nhỉnh 2 tỷ","2,68 tỷ",65 m²,"41,23 tr/m²",2,2,"Kim Liên, Đống Đa","21.0061352696111, 105.83560886196"
42331546,04/03/2025,"Siêu phẩm cực đẹp căn đẹp như chung cư cao cấp, Quan Thổ, Đống Đa","4,7 tỷ",100 m²,47 tr/m²,3,3,"Hàng Bột, Đống Đa","21.0269363697972, 105.833400851767"
41785266,04/03/2025,"Căn hộ toà 165 Thái Hà - Sông Hồng Park View dt 108,5m 3PN 2WC đầy đủ nội thất. Giá bán 7 tỷ",7 tỷ,"108,5 m²","64,52 tr/m²",3,2,"Láng Hạ, Đống Đa",N/A
42016540,04/03/2025,Bán nhanh CH studio 45m2 tại dự án Lancaster Luminaire 1152 đường Láng full nội thất giá 3.9 tỷ,"3,9 tỷ",45 m²,"86,67 tr/m²",1,1,"Láng Thượng, Đống Đa",N/A
39622552,04/03/2025,"Bán chung cư Mipec 229 Tây Sơn, 120m2, 2PN, 2WC. LH 0984 272 ***",Giá thỏa thuận,120 m²,N/A,2,2,"Trung Liệt, Đống Đa",N/A
42111872,04/03/2025,"Bán CH 133m2 * 3PN tòa M5 Nguyễn Chí Thanh, view hồ Thành Công","7,8 tỷ",133 m²,"58,65 tr/m²",3,2,"Láng Hạ, Đống Đa",N/A
42314476,04/03/2025,"RẺ NHẤT THỊ TRƯỜNG ! Bán căn hộ 110M2 Tòa 107 Nguyễn Chí Thanh, Đống Đa, LH-0944 956 ***","6,9 tỷ",110 m²,"62,73 tr/m²",3,2,"Láng Hạ, Đống Đa",N/A
42329921,04/03/2025,"Bán nhà tập thể mặt phố ô tô tránh, Thái Hà, Đống Đa, 2 ngủ, nhà đẹp, ở ngay, 2,89 tỷ","2,89 tỷ",45 m²,"64,22 tr/m²",2,N/A,"Láng Hạ, Đống Đa",N/A
35312032,04/03/2025,"Bán gấp căn đẹp nhất chung cư Hateco Laroma - Huỳnh Thúc Kháng, 138m2, 3PN, căn góc, giá thỏa thuận",Giá thỏa thuận,138 m²,N/A,3,3,"Láng Thượng, Đống Đa",N/A
42330077,04/03/2025,Bán căn hộ Tôn Đức thắng DT 100m2 T3 3 ngủ. 2 VS. Giá 4.8 tỷ,"4,8 tỷ",100 m²,48 tr/m²,3,2,"Hàng Bột, Đống Đa",N/A
41165915,04/03/2025,"Cần bán gấp căn hộ tại Vinhomes Nguyễn Chí Thanh, 86m2, để lại nội thất, giá 9 tỷ",9 tỷ,80 m²,"112,5 tr/m²",1,1,"Láng Thượng, Đống Đa",N/A
42329758,04/03/2025,"Bán Căn hộ ở Sky City Towers-88 Láng Hạ, diện tích 102,5m2 thiết kế 2 ngủ, 2 WC. Căn duy nhất!",Giá thỏa thuận,"102,5 m²",N/A,N/A,N/A,"Láng Hạ, Đống Đa",N/A
38843833,04/03/2025,"Chính chủ - bán chung cư CT1 Xã Đàn - Trung Phụng 35 - 55m2, full nội thất, CK 50tr căn, ở ngay",860 triệu,35 m²,"24,57 tr/m²",1,1,"Khâm Thiên, Đống Đa",N/A
42329355,04/03/2025,"Bán căn hộ chung cư 155 m2,3 PN, tòa 170 Đê La Thành, Đống Đa ;0904 760 ***","8,6 tỷ",155 m²,"55,48 tr/m²",3,2,"Ô Chợ Dừa, Đống Đa",N/A
42327808,04/03/2025,Siêu phẩm Huỳnh Thúc Kháng 54m2,"8,1 tỷ",54 m²,150 tr/m²,1,1,"Láng Hạ, Đống Đa",N/A
42328741,04/03/2025,Bác sĩ Tân cần bán căn tập thể Phương Mai 65m2 2.95tỷ của mình để chuyển về nhà mới,"2,95 tỷ",65 m²,"45,38 tr/m²",N/A,N/A,"Phương Mai, Đống Đa",N/A
40944772,04/03/2025,Bán căn hộ Ngã Tư Sở trung tâm Hà Nội vừa ở vừa kinh doanh rất thuận tiện tiềm năng cao. 0988 125 ***,"4,3 tỷ",45 m²,"95,56 tr/m²",2,1,"Thịnh Quang, Đống Đa","21.00410270690918, 105.81869506835938"
42098393,04/03/2025,"Bán gấp căn hộ Hong Kong Tower - 243A Đê La Thành, 126m2, 3PN, đủ đồ, tầng cao, 10.5 tỷ. 0963 668 ***","10,5 tỷ",126 m²,"83,33 tr/m²",3,2,"Láng Thượng, Đống Đa","21.02652611073175, 105.80398210703241"
37829781,04/03/2025,"Quỹ căn chuyển nhượng chung cư Hong Kong Tower chủ nhà gửi bán làm việc, thỏa thuận giá trực tiếp","4,2 tỷ",56 m²,75 tr/m²,1,N/A,"Láng Thượng, Đống Đa","21.0272006988525, 105.803825378418"
41298428,04/03/2025,Do công việc cần chuyển nhà bán căn hộ 127m2: 3 ngủ view Đại sứ quán Nga (Đông Nam) LH: 0981 274 ***,116 tỷ,127 m²,"913,39 tr/m²",3,2,"Láng Thượng, Đống Đa","21.0161630832532, 105.832424789788"
41537283,04/03/2025,Căn hộ tầng trung 103m2 3N2Wc ban công hướng ĐN nội thất full ở HongKong Tower giá 9 tỉ,9 tỷ,103 m²,"87,38 tr/m²",3,2,"Láng Thượng, Đống Đa","21.02720069885254, 105.80382537841797"
42327871,04/03/2025,"Hot! Bán Tập thể mặt phố Thái Thịnh - Yên Lãng, Đống Đa, 3 ngủ, nhà nguyên bản","3,6 tỷ",80 m²,45 tr/m²,3,1,"Ô Chợ Dừa, Đống Đa","21.0102788289682, 105.81861308628"
42327398,04/03/2025,"2.38 tỷ, DT 50m2, 2 ngủ, 2WC, căn hộ tập thể Bộ Công An, Khâm Thiên, Đống Đa","2,38 tỷ",50 m²,"47,6 tr/m²",2,2,"Khâm Thiên, Đống Đa","21.0185386961042, 105.838430245639"
42116642,04/03/2025,"Chỉ 3,9 tỷ tập thể Nguyễn Chí Thanh, Đống Đa, tầng 1, KD, ô tô, sát phố, sổ to 60m2 2PN nhà đẹp","3,9 tỷ",60 m²,65 tr/m²,2,1,"Láng Hạ, Đống Đa","21.0205613694965, 105.80838551067"
41774402,04/03/2025,"Hiếm: Bán căn góc 3 ngủ 110m2. View đẹp, tầng đẹp nhất. Full nội thất. Sổ sẵn giao dịch",Giá thỏa thuận,110 m²,N/A,3,2,"Láng Thượng, Đống Đa","21.027437597648767, 105.80389216271836"
41157074,04/03/2025,"Bán căn hộ tập thể tầng 3 E2 mặt phố Thái Thịnh, 80m2 giá 3.7tỷ","3,7 tỷ",80 m²,"46,25 tr/m²",3,1,"Trung Liệt, Đống Đa","21.0095935595515, 105.818577209601"
42314218,04/03/2025,Bán căn hộ tầng 1 Chùa Bộc DT 80m giá 4.6 tỷ,"4,6 tỷ",80 m²,"57,5 tr/m²",3,2,"Khương Thượng, Đống Đa","21.0087127743882, 105.825877402911"
42229612,04/03/2025,"Bán căn hộ duplex, DT 235m2, tại tòa nhà Petrowaco 97 Láng Hạ, 4PN, 3WC, giá tốt","17,62 tỷ",235 m²,75 tr/m²,4,3,"Láng Hạ, Đống Đa","21.0149765819366, 105.813804444677"
42285663,04/03/2025,"Bán căn hộ 3PN, 2WC tại Hateco Laroma, Đống Đa, Hà Nội, giá cực chất 15 tỷ VND, 137m2",15 tỷ,137 m²,"109,49 tr/m²",3,2,"Láng Thượng, Đống Đa","21.02029361588975, 105.80718149724372"
41979819,04/03/2025,The Terra 83 Hào Nam trung tâm quận Đống Đa chỉ 7 tỷ/căn 2PN full nội thất xịn. LH 0933 218 *** em Vi,7 tỷ,65 m²,"107,69 tr/m²",2,2,"Ô Chợ Dừa, Đống Đa","21.0237952830535, 105.825765035177"
42323509,04/03/2025,Gần hồ! Cực thoáng Sáng. 3.65 tỷ. Căn hộ tập thể Trung Tự - 2PN - 1WC khép kín,"3,65 tỷ",60 m²,"60,83 tr/m²",2,1,"Phương Liên - Trung Tự, Đống Đa","21.0098799779079, 105.83109381796"
42325925,04/03/2025,"CHCC 119.6m2, 3PN, 2WC tòa Sông Hồng Park View số 165 Thái Hà - giá: 7.5 tỷ","7,5 tỷ","119,6 m²","62,71 tr/m²",3,2,"Láng Hạ, Đống Đa","21.014567520519027, 105.81673854280987"
42073361,04/03/2025,"Bán gấp căn hộ cao cấp Vinhomes Nguyễn Chí Thanh, 2 ngủ 86m2 full nội thất giá 8 tỷ LH 0814 332 ***",8 tỷ,86 m²,"93,02 tr/m²",2,2,"Láng Hạ, Đống Đa","21.023017353539807, 105.80914961421821"
42131732,04/03/2025,"Bán gấp căn hộ chung cư Sông Hồng Park View 165 Thái Hà, 3PN căn góc 107m2 giá 8tỷ LH: 0814 332 ***",8 tỷ,107 m²,"74,77 tr/m²",3,2,"Láng Hạ, Đống Đa","21.014835357666, 105.817268371582"
42325970,04/03/2025,Bán căn hộ tập thể Nam Đồng 3.8 tỷ. Tầng 2 2PN 1WC. DT sổ 33m2. Thực tế 80m2. Ban công sáng thoáng,"3,8 tỷ",80 m²,"47,5 tr/m²",2,1,"Nam Đồng, Đống Đa","21.0121709631746, 105.829180399094"
41597810,04/03/2025,"Chính chủ cần bán gấp căn hộ 187 Nguyễn Lương Bằng. DT 66m2, 2PN full nội thất, mua về ở ngay","4,85 tỷ",66 m²,"73,48 tr/m²",2,1,"Quang Trung, Đống Đa","21.013336, 105.82765"
42164274,04/03/2025,"Hiếm! Chỉ 2 tỷ, căn studio tầng 3 phố Tôn Đức Thắng - Full nội thất. Bán gấp trong tháng 2/2025",2 tỷ,48 m²,"41,67 tr/m²",2,1,"Hàng Bột, Đống Đa","21.0269162944597, 105.8334150331"
39854732,04/03/2025,Sở hữu căn 2N tại Đống Đa chỉ từ 3.6 tỷ/căn + Chiết khấu 10% + Miễn 2 năm phí DV + Quà tặng 215tr,Giá thỏa thuận,45 m²,N/A,2,1,"Thịnh Quang, Đống Đa","21.0041027069092, 105.818695068359"
41464858,04/03/2025,"Chính CĐT bán căn hộ chung cư mini xây mới, full nội thất, Thái Thịnh - Thái Hà. Giá 1ty4/căn","1,4 tỷ",52 m²,"26,92 tr/m²",2,1,"Trung Liệt, Đống Đa","21.0100191073842, 105.818922959517"
42034521,04/03/2025,Cực rẻ! Căn hộ Hacisco 107 Nguyễn Chí Thanh 3PN - 2WC chỉ hơn 7 tỷ TL,Giá thỏa thuận,115 m²,N/A,3,2,"Láng Hạ, Đống Đa","21.0197006639243, 105.809505408493"
41806148,04/03/2025,"Bán căn hộ mini mới tại Thái Thịnh, Chính chủ","1,39 tỷ",40 m²,"34,75 tr/m²",1,1,"Thịnh Quang, Đống Đa","21.0107284031524, 105.818445396446"
41835303,04/03/2025,"Bán nhà chung cư Chùa Láng, Đống Đa 55m2, nhỉnh tỷ",Giá thỏa thuận,55 m²,N/A,2,1,"Láng Thượng, Đống Đa","21.0229666428744, 105.806096098357"
39883984,04/03/2025,"Bán căn hộ 165 Thái Hà DT 125m2 có 3PN - 2WC nhà đẹp ở ngay. Giá 7.5 tỷ, LH 0988 637 ***","7,5 tỷ",125 m²,60 tr/m²,3,2,"Láng Hạ, Đống Đa","21.014835357666, 105.817268371582"
41953565,04/03/2025,"Chính chủ bán gấp căn hộ 3 tầng TT Tôn Đức Thắng - Ô Chợ Dừa, 110m2 - 3 ngủ riêng biệt - 3.3 tỷ","3,3 tỷ",110 m²,30 tr/m²,3,2,"Hàng Bột, Đống Đa","21.0270463677354, 105.8337569049"
42323267,04/03/2025,Tập thể Hồ Đắc Di - hoa hậu Đống Đa chỉ dưới 3 tỷ,"2,85 tỷ",60 m²,"47,5 tr/m²",2,1,"Nam Đồng, Đống Đa","21.0120783295283, 105.829474977894"
42322752,04/03/2025,"Tập thể Hồ Đắc Di 24/65m2, full nội thất, 2.8 tỷ","2,8 tỷ",65 m²,"43,08 tr/m²",2,2,"Nam Đồng, Đống Đa","21.0123660358864, 105.829075208846"
40155207,04/03/2025,Tổng hợp quỹ căn dự án Hateco Laroma mua bán chuyển nhượng và ký trực tiếp CĐT: LH: 0934 364 ***,11 tỷ,"112,8 m²","97,52 tr/m²",3,N/A,"Láng Thượng, Đống Đa","21.020776191695358, 105.80676704496884"
40136827,04/03/2025,"Bán suất ngoại giao đứng tên cán bộ tập đoàn, căn 3 ngủ dự án Hateco Laroma. Liên hệ PKD 0934 364 ***",Giá thỏa thuận,120 m²,N/A,3,N/A,"Láng Thượng, Đống Đa","21.020164960938317, 105.80808266086265"
39420048,03/03/2025,Mới bán gấp 2 căn góc 102m - 139m2 tại Sky City 88 Láng Hạ giá rẻ nhất nội khu bao toàn bộ chi phí,Giá thỏa thuận,139 m²,N/A,3,2,"Láng Hạ, Đống Đa","21.0124912261963, 105.811317443848"
38701765,03/03/2025,Siêu hiếm căn hộ 4PN chung cư 93 Láng Hạ - Sổ đỏ trao tay. Em Sơn 0899 822 ***,Giá thỏa thuận,91 m²,N/A,2,N/A,"Láng Hạ, Đống Đa","21.0168266296387, 105.815223693848"
41661959,03/03/2025,Bán căn hộ phố An Trạch - Đống Đa 52m2 2 ngủ giá 1.79 tỷ ở ngay full nội thất,"1,79 tỷ",52 m²,"34,42 tr/m²",2,1,"Văn Miếu - Quốc Tử Giám, Đống Đa","21.0279262128713, 105.8317004101"
42322877,03/03/2025,Cô Nga cán bộ về Hưu cần bán căn tập thể Hồ Đắc Di 60m 2.86tỷ của mình để về với con chăm cháu,"2,86 tỷ",60 m²,"47,67 tr/m²",N/A,N/A,"Nam Đồng, Đống Đa","21.0121596884177, 105.828762173666"
41815654,03/03/2025,"Vip! Bán CC 3PN 92m2, full nội thất, Đống Đa, giá siêu hời chỉ với 7,4 tỷ","7,4 tỷ",92 m²,"80,44 tr/m²",3,2,"Thịnh Quang, Đống Đa","21.004814556394713, 105.8187426241886"
42278325,03/03/2025,"Hiếm! Bán tập thể mặt phố Láng Hạ - 55m, full đồ ở ngay, chỉ 2,98 tỷ","2,98 tỷ",55 m²,"54,18 tr/m²",2,1,"Láng Hạ, Đống Đa","21.0152229526757, 105.813321595042"
42191223,03/03/2025,(Căn góc hoa hậu) 2 ngủ 76m2 view Ngã Tư Sở đẹp nhất chung cư 90 Láng giá chỉ nhỉnh 5 tỷ,"5,6 tỷ",76 m²,"73,68 tr/m²",2,2,"Thịnh Quang, Đống Đa","21.0045754052667, 105.819249490643"
39243841,03/03/2025,"Bán căn hộ chung cư Sông Hồng Park View - 165 Thái Hà, 120m2, 3PN, căn góc, đủ đồ. LH 0972 709 ***",Giá thỏa thuận,120 m²,N/A,3,2,"Láng Hạ, Đống Đa","21.014835357666016, 105.81726837158203"
41822585,03/03/2025,"Bán gấp căn hộ Hong Kong Tower - 243A Đê La Thành, 105m2, 3PN, đủ đồ, tầng cao, 9.5 tỉ. 0963 668 ***","9,5 tỷ",105 m²,"90,48 tr/m²",3,2,"Láng Thượng, Đống Đa","21.02796163907616, 105.80370925794566"
42317957,03/03/2025,Chỉ 3.35 tỷ. Căn hộ Duplex 3PN 2WC 110m2 - Tầng 2 - Tập thể In Ngân Hàng - Phố Tôn Đức Thắng,"3,35 tỷ",110 m²,"30,46 tr/m²",3,2,"Hàng Bột, Đống Đa","21.0267647840796, 105.833821140887"
42253791,03/03/2025,"Nhà đẹp ở luôn Tôn Thất Tùng, Đống Đa 100m2, giá 3.85 tỷ","3,85 tỷ",100 m²,"38,5 tr/m²",3,2,"Khương Thượng, Đống Đa","21.0026240420407, 105.829993533252"
42075496,03/03/2025,Chính chủ bán gấp căn hộ TT cán bộ cấp cao - Nguyễn Ngọc Doãn - lô góc - 130m2 - 3PN riêng - 3.9 tỷ,"3,9 tỷ",130 m²,30 tr/m²,3,2,"Hàng Bột, Đống Đa","21.0082853084404, 105.830569831786"
42320155,03/03/2025,Cần bán gấp căn tập thể tầng 3 Kim Liên - Đống Đa - 45m2,"2,5 tỷ",45 m²,"55,56 tr/m²",2,1,"Kim Liên, Đống Đa","21.0047520130255, 105.835615141654"
42320115,03/03/2025,"Chính chủ bán căn tập thể Vĩnh Hồ, tầng 2, 2PN, vệ sinh khép kín","2,8 tỷ",25 m²,112 tr/m²,2,1,"Thịnh Quang, Đống Đa","21.0068595993564, 105.820176051318"
42321679,03/03/2025,Hot!!! Cần tiền bán rẻ hơn tt 10tr/m2 căn Studio dự án Lancaster Láng. Sở hữu lâu dài.Lh:0911 717 ***,5 tỷ,46 m²,"108,7 tr/m²",1,1,"Láng Thượng, Đống Đa","21.0231162601858, 105.805341014942"
42282913,03/03/2025,SIÊU PHẨM căn góc 3 phòng ngủ rộng 172m2 full nội thất sang trọng tháp B - Sky City 88 Láng Hạ,Giá thỏa thuận,172 m²,N/A,3,2,"Láng Hạ, Đống Đa","21.013261003305967, 105.81123327810359"
41857113,03/03/2025,Cần bán gấp căn hộ 3PN Hồng Koong Tower Kim Mã. Căn hộ rộng 126m2 BC Đông Nam,Giá thỏa thuận,126 m²,N/A,3,2,"Láng Thượng, Đống Đa","21.02726488730474, 105.80336696311942"
41410343,03/03/2025,0971 085 *** chính chủ bán CH Hong Kong Tower 3PN DT 104m2 - 8 tỷ & 126m2 - 9 tỷ full NT đẹp SĐCC,8 tỷ,104 m²,"76,92 tr/m²",3,2,"Láng Thượng, Đống Đa","21.0272006988525, 105.803825378418"
41686377,03/03/2025,"Bán tập thể Kim Liên 24/50m2, giá 2,5 tỷ ngõ rộng gần phố, trường, chợ, ở hoặc đầu tư","2,5 tỷ",24 m²,"104,17 tr/m²",1,1,"Kim Liên, Đống Đa","21.0050505376489, 105.835328905202"
42320452,03/03/2025,"Bán căn hộ chung cư view đẹp tại 170 Đê La Thành, giá hơn 8 tỷ VND, 154m2, 3PN, 3WC",Giá thỏa thuận,154 m²,N/A,3,3,"Ô Chợ Dừa, Đống Đa","21.02111613664098, 105.8281348727202"
31246336,03/03/2025,"Bán căn hộ cao cấp Hong Kong Tower, 243A Đê La Thành, 127m2, 3 ngủ đủ đồ. LH 0945 894 ***",Giá thỏa thuận,127 m²,N/A,3,3,"Láng Thượng, Đống Đa","21.0272006988525, 105.803825378418"
42320181,03/03/2025,"Siêu hiếm! Căn đập thông Hateco Laroma 190m2 3PN 3vs 28 tỷ full nội thất, view hồ Tây",28 tỷ,190 m²,"147,37 tr/m²",3,3,"Láng Thượng, Đống Đa","21.0207551094812, 105.807671548254"
42317823,03/03/2025,Đầu tư siêu tốt! Chỉ 3.3 tỷ. Tập thể học viện Ngân Hàng - Tầng 1 Phố Nguyễn Ngọc Doãn. Sổ 40m2,"3,3 tỷ",60 m²,55 tr/m²,2,1,"Phương Liên - Trung Tự, Đống Đa","21.0084301072502, 105.830817856533"
42320172,03/03/2025,"Bán gấp CH chung cư Lancaster Luminaire, 1152 đường Láng DT45m2, sổ lâu dài giá 4,95 tỷ","4,95 tỷ",45 m²,110 tr/m²,1,1,"Láng Thượng, Đống Đa","21.0237248276563, 105.80541949634244"
42320077,03/03/2025,"Bán căn hộ chung cư toà 170 Đê La Thành 153m2 ,thiết kế 3 ngủ , 2 vệ sinh.Lh Mr Trung: 0966 988 ***","8,6 tỷ",153 m²,"56,21 tr/m²",3,3,"Ô Chợ Dừa, Đống Đa","21.0211398007752, 105.827433654277"
42319854,03/03/2025,"Bán cc M5 Nguyễn Chí Thanh, diện tích 133m2, giá bán 8xtr/m2. Tell 0934 288 ***","11,3 tỷ",133 m²,85 tr/m²,3,2,"Láng Hạ, Đống Đa","21.021060603764962, 105.81008605392472"
41225465,03/03/2025,"Chính chủ bán căn TT ngõ 360 Xã Đàn, phòng 412 A, 2 phòng ngủ, nội thất hiện đại, giá chỉ 2.68 tỷ","2,68 tỷ",50 m²,"53,6 tr/m²",2,1,"Khâm Thiên, Đống Đa","21.0185232730361, 105.838214152914"
40682144,03/03/2025,"Mở bán căn hộ cho thuê chuẩn KS 90 Láng The Ninety Complex (Cam kết cho thuê luôn), 0917 136 ***",Giá thỏa thuận,60 m²,N/A,2,N/A,"Thịnh Quang, Đống Đa","21.0041027069092, 105.818695068359"
35448284,03/03/2025,"Bán CH tại Hoàng Cầu Skyline - 36 Hoàng Cầu, 2 PN - 92m2 view hồ, giá từ 9, X tỷ, LH: 0931 318 ***",Giá thỏa thuận,92 m²,N/A,2,2,"Ô Chợ Dừa, Đống Đa","21.0164928436279, 105.822814941406"
38976450,03/03/2025,"Chính chủ - bán chung cư T1 Hoàng Cầu - Yên Lãng - Đống Đa - nội thất đầy đủ, sổ hồng vĩnh viễn",1 tỷ,58 m²,"17,24 tr/m²",2,2,"Ô Chợ Dừa, Đống Đa","21.0164248526131, 105.822678153445"
39802066,03/03/2025,"Quỹ căn hộ cần bán gấp tòa HongKong Tower, 1PN,2PN,3PN - 44m2 - 126m2, LH xem nhà 24/7: 0982 040 ***","3,78 tỷ",44 m²,86 tr/m²,1,1,"Láng Thượng, Đống Đa","21.02720069885254, 105.80382537841797"
42319193,03/03/2025,"Bán căn hộ chung cư toà 170 Đê La Thành 153m2 , thiết kế 3 ngủ , 2 vệ sinh . Lh : 0971 405 ***","8,6 tỷ",153 m²,"56,21 tr/m²",3,2,"Ô Chợ Dừa, Đống Đa","21.0207243647995, 105.828275941239"
42310523,03/03/2025,"Bán nhà tập thể Kim Liên, ô tô đỗ cửa - 2 mặt thoáng - 2PN - 60m2, nội thất đẹp","2,68 tỷ",60 m²,"44,67 tr/m²",2,1,"Kim Liên, Đống Đa","21.0052136921519, 105.835530406337"
42199687,03/03/2025,"Bán căn hộ chung cư Tây Sơn Đống Đa Hà Nôi 65m2 , thiết kế 2 ngủ , 1 vệ sinh . Lh : 0971 405 ***","4,95 tỷ",65 m²,"76,15 tr/m²",2,1,"Quang Trung, Đống Đa","21.0097149177969, 105.824670998413"
42318605,03/03/2025,"Bán căn hộ 133m2, giá thỏa thuận tại M5 Nguyễn Chí Thanh, Đống Đa, Hà Nội",Giá thỏa thuận,133 m²,N/A,3,2,"Láng Hạ, Đống Đa","21.021265062434175, 105.81006468670299"
42318564,03/03/2025,"Bán căn hộ chung cư 66 m2, 2 PN, 187 Tây Sơn, Đống Đa; ban công Đông Nam, 0904 760 ***","4,85 tỷ",66 m²,"73,48 tr/m²",2,1,"Quang Trung, Đống Đa","21.012891352356935, 105.82751590220627"
42141410,03/03/2025,"Bán căn hộ 80m2 - 2PN căn góc, full nội thất, Tòa 71 Nguyễn Chí Thanh. Giá hơn 5 tỷ","5,5 tỷ",80 m²,"68,75 tr/m²",2,2,"Láng Hạ, Đống Đa","21.015422540899763, 105.81296382662303"
42265407,03/03/2025,"Hoàng 3333 Giá Thật. Bán CH 72m2 2PN, 2VS tại Green Diamond 93 Láng Hạ, Ban công Đông Nam mát mẻ, S","9,3 tỷ",72 m²,"129,17 tr/m²",2,2,"Láng Hạ, Đống Đa","21.016290730462845, 105.8149067417264"
42317693,03/03/2025,Hiếm! 2.98 tỷ. Căn hộ tập thể Phố Láng Hạ. Vị trí cực đẹp. Sáng thoáng. DT 56m2,"2,98 tỷ",56 m²,"53,21 tr/m²",2,1,"Láng Hạ, Đống Đa","21.0154876735995, 105.812763784289"
35004324,03/03/2025,Cần gấp - bán chung cư CT1 Phạm Ngọc Thạch - Xã Đàn - Đống Đa - full nội thất - Sổ hồng vĩnh viễn,852 triệu,58 m²,"14,69 tr/m²",2,1,"Quang Trung, Đống Đa","21.0086145, 105.834091"
42318135,03/03/2025,"Bán CC Vinhomes Nguyễn Chí Thanh, 55m2, 1PN, 1WC, Giá 6,x Tỷ Sổ Hồng Chính Chủ LH 0947 795 ***",Giá thỏa thuận,55 m²,N/A,1,1,"Láng Thượng, Đống Đa","21.0237297068229, 105.808616107601"
42318016,03/03/2025,Siêu phẩm tập thể - TT Đống Đa - ô tô đỗ cửa - 2 thoáng vĩnh viễn trước sau - DTSD 110m2 - 3 ngủ,"4,6 tỷ",110 m²,"41,82 tr/m²",3,2,"Khâm Thiên, Đống Đa","21.0265197158284, 105.833986928343"
41943598,03/03/2025,"(Giá shock) Chỉ 2,68 tỷ mua đứt căn Studio The Ninety Complex full nội thất. LH: 0977 535 ***","2,68 tỷ","32,5 m²","82,46 tr/m²",N/A,N/A,"Thịnh Quang, Đống Đa","21.0045087587887, 105.818889439004"
42313443,03/03/2025,"Bán nhà tầng 5 tại Thái Hà, Trung Liệt, Đống Đa, Hà Nội, 3,6 tỷ, 60m2, ô tô đỗ cửa","3,6 tỷ",60 m²,60 tr/m²,2,1,"Trung Liệt, Đống Đa","21.0129679562514, 105.819992477548"
42263665,03/03/2025,"Bán tập thể Trung Tự, Đống Đa, 60m2 (35m2 sổ), 2 ngủ, 3.65 tỷ","3,65 tỷ",60 m²,"60,83 tr/m²",2,N/A,"Phương Liên - Trung Tự, Đống Đa","21.0045012937629, 105.831059884862"
42098881,03/03/2025,"Bán căn hộ chung cư tại MIPEC Towers, 229 Tây Sơn.Giá thỏa thuận, 120m2, 2PN. Liên hệ 0777 375 ***",Giá thỏa thuận,120 m²,N/A,2,2,"Trung Liệt, Đống Đa","21.006278158270813, 105.8226532061353"
42285067,03/03/2025,"Cần bán gấp chung cư D. Le Pont D'or Tân Hoàng Minh(36 Hoàng Cầu) 94 m2, 2PN, đủ đồ xịn. 0963 668 ***",Giá thỏa thuận,94 m²,N/A,2,2,"Ô Chợ Dừa, Đống Đa","21.01968532536875, 105.82243826610184"
42210073,03/03/2025,"Căn hộ 2PN 2WC, 63m2, mới tinh, view thành phố, Đống Đa, HTLS 50%, giá chỉ 4,5 tỷ","4,5 tỷ",63 m²,"71,43 tr/m²",2,2,"Thịnh Quang, Đống Đa","21.003802275769978, 105.81849180932348"
40122761,03/03/2025,"Căn hộ đặc biệt Duplex 2 tầng, 1 tầng x 80m2, Penthouse Hateco Laroma, sổ cầm tay ban công Đông Nam",17 tỷ,160 m²,"106,25 tr/m²",4,3,"Láng Thượng, Đống Đa","21.0204162597656, 105.807243347168"
41740771,03/03/2025,"Quỹ căn hộ cần bán tòa Hong Kong Tower, 1PN - 41,8m2, LH xem nhà 24/7, em Loan - 0372 004 ***","3,55 tỷ","41,8 m²",85 tr/m²,1,1,"Láng Thượng, Đống Đa","21.02720069885254, 105.80382537841797"
36139723,03/03/2025,"Bán gấp căn hộ chung cư Hong Kong Tower - 243A Đê La Thành, 107m2, 3phòng ngủ, căn góc 0941 882 ***",Giá thỏa thuận,107 m²,N/A,3,2,"Láng Thượng, Đống Đa","21.0272006988525, 105.803825378418"
41557218,03/03/2025,"Bán căn tập thể Tầng 3 phố Phương Mai - Đống Đa, 2 ngủ, SĐCC chỉ 2,15","2,15 tỷ",45 m²,"47,78 tr/m²",2,1,"Phương Mai, Đống Đa","21.0011093238072, 105.839254389627"
42316977,03/03/2025,Vừa ở vừa đầu tư siêu tốt! Tập thể Kim Liên. 2.6 tỷ. DT 65m2. 2PN 1WC. Ban công sáng thoáng,"2,6 tỷ",65 m²,40 tr/m²,2,1,"Kim Liên, Đống Đa","21.005449866266, 105.835804419807"
42316693,03/03/2025,"Bán CC Hà Thành Plaza, Thái Thịnh, Đống Đa, Hà Nội, giá thỏa thuận, 115m2, 2PN, 2WC, Hot!",Giá thỏa thuận,115 m²,N/A,2,2,"Thịnh Quang, Đống Đa","21.00908534994688, 105.81981584799392"
41862752,03/03/2025,"Bán căn chung cư Hateco Laroma 4A Huỳnh Thúc Kháng, diện tích 137m2, 3 phòng ngủ, nhỉnh 15 tỷ","15,15 tỷ",137 m²,"110,58 tr/m²",3,3,"Láng Thượng, Đống Đa","21.020401648690569, 105.80724264476015"
42315433,03/03/2025,"Bán CC tập thể giá siêu hời tại Trung Liệt, 3,6 tỷ, 60m2","3,6 tỷ",60 m²,60 tr/m²,2,1,"Trung Liệt, Đống Đa","21.0113839665396, 105.821982481759"
42315195,03/03/2025,Bán căn hộ tầng 2 TT Bộ Công An phố Khâm Thiên 60m2 - 2.3 tỷ,"2,3 tỷ",60 m²,"38,33 tr/m²",2,1,"Ô Chợ Dừa, Đống Đa","21.0197906028479, 105.831358824066"
41692305,03/03/2025,Chính chủ cần bán gấp căn thập thể vị trí đẹp lô góc đầy đủ nội thất,"2,88 tỷ",28 m²,"102,86 tr/m²",2,1,"Thịnh Quang, Đống Đa","21.0072713882888, 105.819986492428"
42000616,03/03/2025,"Bán căn hộ Hào Nam -Cát Linh 2PN*50m, full nội thất , ở ngay","1,79 tỷ",50 m²,"35,8 tr/m²",2,1,"Hàng Bột, Đống Đa","21.0229914136178, 105.826662598795"
39182801,03/03/2025,"Bán căn hộ Penthouse Duplex 350m2 toà 97 - 99 Láng Hạ, full nội thất giá rẻ cần tiền",28 tỷ,350 m²,80 tr/m²,5,3,"Láng Hạ, Đống Đa","21.0143905746231, 105.813825985104"
42186717,03/03/2025,"Full đồ - bán chung cư C2 Nguyễn Chí Thanh - Chùa Láng ở ngay, đủ PCCC 52m2",Giá thỏa thuận,52 m²,N/A,2,1,"Láng Thượng, Đống Đa","21.0208330912102, 105.808588020117"
42228444,03/03/2025,Chính chủ bán căn hộ 1N1K tại Ngã Tư Sở - Thái Thịnh - Đống Đa full đồ 34m2 - ở ngay,"1,39 tỷ",34 m²,"40,88 tr/m²",1,1,"Thịnh Quang, Đống Đa","21.0104516678544, 105.818499214233"
42312551,03/03/2025,Bán nhà tập thể tầng 2 phố Nguyễn Chí Thanh Đống Đa,"4,2 tỷ",70 m²,60 tr/m²,1,1,"Láng Thượng, Đống Đa","21.0209431383136, 105.808703614233"
40397380,03/03/2025,"Căn hộ cao cấp 3PN Hateco Laroma full nội thất đã có sổ hồng, dự án đáng mua nhất quận Đống Đa","11,7 tỷ",94 m²,"124,47 tr/m²",3,2,"Láng Thượng, Đống Đa","21.0204162597656, 105.807243347168"
42315153,03/03/2025,"Bán gấp căn hộ chung cư 187 Tây Sơn, 60m2, 2PN, 1WC, đầy đủ nội thất, giá hơn 4 tỷ",Giá thỏa thuận,60 m²,N/A,2,1,"Quang Trung, Đống Đa","21.013397139042407, 105.82777124698563"
41926166,03/03/2025,Cực hot DỰ ÁN THE NELSON PRIVATE RESIDENCES   29 Láng Hạ nhận bàn giao Q4.2025,Giá thỏa thuận,86 m²,N/A,2,2,"Láng Hạ, Đống Đa","21.0156967598429, 105.811682081172"
42176922,03/03/2025,"Chính chủ cần bán căn hộ chung cư 2 ngủ Phố Xã Đàn - Trung Phụng full nội thất, gần mặt đường","1,65 tỷ",50 m²,33 tr/m²,2,1,"Ô Chợ Dừa, Đống Đa","21.015915326599, 105.832565566539"
42274393,03/03/2025,"Hiếm! Bán Tập thể Khâm Thiên, Thổ Quan, 3 ngủ, giá chỉ 3.05 tỷ, nhà đẹp ở luôn, sổ to","3,05 tỷ",65 m²,"46,92 tr/m²",3,1,"Hàng Bột, Đống Đa","21.021964009156, 105.829963881413"
42220510,03/03/2025,Bán căn hộ M3 M4 Nguyễn Chí Thanh diện tích 180m2 gồm có 4PN - 2WC nhà đẹp. Liên hệ 0372 004 ***,"10,3 tỷ",180 m²,"57,22 tr/m²",4,2,"Láng Hạ, Đống Đa","21.0200599323868, 105.808825904992"
42300139,03/03/2025,"Hiếm có! Bán tập thể Trường Chinh - Giải Phóng - Đống Đa, nhà đẹp 2 ngủ, giá chỉ 2.69 tỷ, 60m2","2,69 tỷ",60 m²,"44,83 tr/m²",2,1,"Phương Mai, Đống Đa","20.9985037585451, 105.837671672736"
41770929,03/03/2025,"Bán căn 2PN chỉ 5 tỷ trung tâm Đống Đa, full đồ nội thất cao cấp, cho thuê 25tr/tháng",5 tỷ,63 m²,"79,36 tr/m²",2,2,"Láng Thượng, Đống Đa","21.020602798866705, 105.80744448552791"
41512372,03/03/2025,Hotline BQLDA Penhouse 36 Hoàng Cầu. D'. Le Pont Tân Hoàng Minh: 0905 956 *** (miễn môi giới),38 tỷ,450 m²,"84,44 tr/m²",5,5,"Ô Chợ Dừa, Đống Đa","21.0197426183863, 105.82208008029008"
42308207,03/03/2025,"Căn hộ đẳng cấp mua là ở, không cần suy nghĩ! Chung cư The Gloria Số 8 Nguyên Hồng","8,96 tỷ",64 m²,140 tr/m²,2,2,"Láng Hạ, Đống Đa","21.01631219910408, 105.8097487104201"
42313311,03/03/2025,"Chỉ 2.45 tỷ, 65m2. Căn hộ 2PN 1Wc gần hồ! Đón gió lành! Vượng khí - an cư lạc nghiệp","2,45 tỷ",65 m²,"37,69 tr/m²",2,1,"Văn Miếu - Quốc Tử Giám, Đống Đa","21.0260729420542, 105.839862325848"
42009088,03/03/2025,Bán chung cư Thái Thịnh 1 tỷ 400 tr (full đồ nhà mới),"1,4 tỷ",32 m²,"43,75 tr/m²",1,1,"Thịnh Quang, Đống Đa","21.0101388465111, 105.818179978948"
42313599,03/03/2025,Tập thể Khương Thượng - Trung Tự - Phạm Ngọc Thạch - sổ to - 72m2 - nhỉnh 3 tỷ,"3,15 tỷ",72 m²,"43,75 tr/m²",2,1,"Khương Thượng, Đống Đa","21.0040593449453, 105.824645593602"
42301628,03/03/2025,"Bán nhà tập thể Trường Chinh, Đống Đa, 65m, 2 ngủ, đủ công năng, gần Bách, Kinh, Xây, ô tô đỗ cửa",Giá thỏa thuận,65 m²,N/A,2,N/A,"Quang Trung, Đống Đa","20.9997358411785, 105.831249824406"
42314064,03/03/2025,Em cần bán căn nhà tập thể phố Tôn Đức Thắng TT Đống Đa full nội thất xịn sò,"2,84 tỷ",75 m²,"37,87 tr/m²",3,1,"Hàng Bột, Đống Đa","21.0267426194359, 105.833805343226"
42312647,03/03/2025,Chính chủ bán CHCC toà 187 Nguyễn Lương Bằng ban công Đông Nam Đống Đa HN (0399 343 ***),Giá thỏa thuận,66 m²,N/A,2,1,"Quang Trung, Đống Đa","21.013615000180003, 105.82746933277433"
42311632,03/03/2025,"Bán Tập Thể Kim Liên, Đống Đa chỉ hơn 2 tỷ, 2PN + 2WC nhà mới đẹp","2,5 tỷ",45 m²,"55,56 tr/m²",2,2,"Phương Mai, Đống Đa","21.0008911493211, 105.839097570949"
41725008,03/03/2025,"Bán căn hộ GP Invest 170 Đê La Thành, DT 150m2 có 3PN - 2WC giá 8 tỷ TL",8 tỷ,150 m²,"53,33 tr/m²",3,2,"Ô Chợ Dừa, Đống Đa","21.021224975585938, 105.82806396484375"
42307152,03/03/2025,Tập thể trung tâm Đống Đa thoáng sáng giá tốt,"2,98 tỷ",50 m²,"59,6 tr/m²",2,1,"Láng Hạ, Đống Đa","21.0152453473272, 105.812933944113"
42313548,03/03/2025,Trung tâm Đống Đa - ô tô chạy vòng quanh - 2N riêng biệt - 2 thoáng - 60m2 - 2.82 tỷ,"2,82 tỷ",60 m²,47 tr/m²,2,1,"Nam Đồng, Đống Đa","21.0134272470261, 105.833275684044"
40505003,03/03/2025,"Bán căn hộ Hateco Laroma - DT - 136,8m2 căn góc đẹp nhất dự án - tell 0904 717 ***",Giá thỏa thuận,"136,8 m²",N/A,3,2,"Láng Thượng, Đống Đa","21.020416259765625, 105.80724334716797"
42308155,03/03/2025,"""2 ngủ mặt phố"" bán căn tập thể Thái Thịnh, Đống Đa giá: 2.75 tỷ TL","2,75 tỷ",45 m²,"61,11 tr/m²",2,N/A,"Thịnh Quang, Đống Đa","21.010109333918, 105.81858483179"
32681159,03/03/2025,"Bán căn góc 132m2, 3PN chung cư Mipec 229 Tây Sơn, LH 0984 272 ***",Giá thỏa thuận,132 m²,N/A,3,2,"Trung Liệt, Đống Đa","21.0063228607178, 105.823196411133"
41581939,03/03/2025,"Bán căn 63m2 căn góc tòa CT2A Hoàng cầu, giá đầu tư: 0987 144 ***",Giá thỏa thuận,64 m²,N/A,2,1,"Ô Chợ Dừa, Đống Đa","21.019447326660156, 105.8216552734375"
42310608,03/03/2025,"Bán nhà Phương Mai, Đống Đa 115m 4 ngủ 6.5 tỷ, lô góc, 3 mặt thoáng, full nội thất, ngõ ô tô thông","6,5 tỷ",115 m²,"56,52 tr/m²",4,2,"Kim Liên, Đống Đa","21.0060047035586, 105.835641060992"
42307160,03/03/2025,Tập thể trung tâm Đống Đa thoáng sáng giá tốt,"2,98 tỷ",50 m²,"59,6 tr/m²",1,1,"Láng Hạ, Đống Đa","21.0152967682943, 105.812524105787"
42204021,03/03/2025,"Chung cư Hateco Laroma 4A Huỳnh Thúc Kháng, Đống Đa, 138m2, 3PN, 2WC, 3BC, giá bán 17.8 tỷ","17,8 tỷ",138 m²,"128,99 tr/m²",3,2,"Láng Thượng, Đống Đa","21.02042430906511, 105.80726927808107"
42313284,03/03/2025,Giá rẻ! Đủ công năng sinh hoạt cho gia đình nhỏ. 2.2 tỷ căn hộ tập thể Văn Chương - 50m2 2PN 1WC,"2,2 tỷ",50 m²,44 tr/m²,2,1,"Văn Chương, Đống Đa","21.0208824775393, 105.835568107302"
42043060,03/03/2025,"Bán căn hộ cao cấp Hateco Laroma 94 m2, 2 PN + 1, ban công hướng Nam, full nội thất, giá 11.5 tỷ","11,5 tỷ",94 m²,"122,34 tr/m²",2,N/A,"Láng Thượng, Đống Đa","21.020413099568298, 105.80723414436102"
42311728,02/03/2025,"Bán gấp tập thể 3PN, 1WC, 75m2 tại Nam Đồng, Đống Đa, Hà Nội, giá siêu hời 3,8 tỷ","3,8 tỷ",75 m²,"50,67 tr/m²",3,1,"Nam Đồng, Đống Đa","21.013373297961, 105.833218959892"
42311579,02/03/2025,Siêu hiếm tập thể tầng 2 Nam Đồng. 3 phòng ngủ,"3,7 tỷ",75 m²,"49,33 tr/m²",3,1,"Nam Đồng, Đống Đa","21.0122177671978, 105.828918910622"
42311062,02/03/2025,"Căn hộ tập thể Vip Thái Hà cách mặt phố 10m, nhà tầng thấp, quân đội xây kiên cố, ngõ ô tô, dân trí","5,3 tỷ",90 m²,"58,89 tr/m²",3,1,"Trung Liệt, Đống Đa","21.0123272675546, 105.820090047021"
42219254,02/03/2025,"Hiếm Bán căn góc 3 PN 100,1m2 chung cư The Terra Hào Nam full nội thất tầng đẹp liên hệ: 0822 238 ***","12,4 tỷ","100,1 m²","123,88 tr/m²",3,2,"Ô Chợ Dừa, Đống Đa","21.024267290491974, 105.82729786534999"
42298817,02/03/2025,"Bán nhà tập thể nhà A2 T2, tập thể cty tư vấn xây dựng Thủy Lợi 1, 45 Chùa Bộc, DTSD 90m2, 4.4 tỷ","4,4 tỷ",90 m²,"48,89 tr/m²",3,3,"Trung Liệt, Đống Đa","21.0077287338798, 105.827709963249"
42303555,02/03/2025,"Chính chủ bán nhà chung cư M3 - M4 Nguyễn Chí Thanh, tầng 6 đẹp, diện tích 165m2, giá 13 tỷ",13 tỷ,165 m²,"78,79 tr/m²",3,2,"Láng Hạ, Đống Đa","21.020477320114185, 105.80873577646726"
38989934,02/03/2025,Bán gấp - bán chung cư T5 Hoàng Cầu - Thái Hà - Đống Đa - nội thất đầy đủ - sổ hồng vĩnh viễn,800 triệu,39 m²,"20,51 tr/m²",2,2,"Ô Chợ Dừa, Đống Đa","21.0164891, 105.8227091"
42309818,02/03/2025,"Bán chung cư Mini xây mới đẹp, phường Khâm Thiên,Đống Đa .DT 70m/2- 7 tầng -MT 4m.Giá 15.5 Tỷ .","15,5 tỷ",70 m²,"221,43 tr/m²",N/A,N/A,"Khâm Thiên, Đống Đa","21.019363594231052, 105.83228537812829"
42309668,02/03/2025,"6, 5tỷ 115m2, nhà lô góc 3 mặt thoáng tặng full nội thất, ô tô đỗ chân cầu thang, 4PN","6,5 tỷ",115 m²,"56,52 tr/m²",4,2,"Phương Mai, Đống Đa","21.003155517059, 105.838136230261"
42204074,02/03/2025,"Bán căn hộ chung cư tại D. Le Pont Dor - Hoàng Cầu, 10,5 tỷ, 86 m2, hàng hiếm","10,5 tỷ",86 m²,"122,09 tr/m²",2,2,"Ô Chợ Dừa, Đống Đa","21.01929419318312, 105.8220312233509"
41748352,02/03/2025,"Chính chủ bán căn hộ chung cư L3 Chùa Láng - Nguyễn Chí Thanh - full đồ, 2 phòng ngủ - ở ngay",Giá thỏa thuận,55 m²,N/A,2,1,"Láng Hạ, Đống Đa","21.0231789640417, 105.805843219876"
42309171,02/03/2025,"Chính chủ - bán chung cư E1 Xã Đàn - Phạm Ngọc Thạch - Đống Đa. DT 30m2, 65m2",800 triệu,35 m²,"22,86 tr/m²",1,1,"Phương Liên, Đống Đa","21.0117186681815, 105.836905058845"
42200793,02/03/2025,Bán chung cư Sky City 88 Láng Hạ 101m2 giá 10ty 0382 276 ***,"10,1 tỷ",101 m²,100 tr/m²,2,2,"Láng Hạ, Đống Đa","21.012381152520963, 105.81164574765214"
42308463,02/03/2025,"Chính chủ bán căn hộ Hateco Laroma 4A Huỳnh Thúc Kháng, Đống Đa, 138m2, 3PN, 2WC, 3BC, nhỉnh 17 tỷ","17,5 tỷ",138 m²,"126,81 tr/m²",3,2,"Láng Thượng, Đống Đa","21.019719740949338, 105.8068128516874"
40374523,01/03/2025,"Bán chung cư Hong Kong Tower-Đống Đa-lô góc- 2 thoáng-DT 74,5m2-2ngủ-2wc-Giá 6,5tỷ.LH 0981 585 ***",6 tỷ,"74,5 m²","80,54 tr/m²",2,2,"Láng Thượng, Đống Đa","21.0272006988525, 105.803825378418"
40480114,01/03/2025,"Bán căn hộ chung cư Xã Đàn - Ô Chợ Dừa 50m2, 65m2. Sổ đỏ chính chủ",Giá thỏa thuận,50 m²,N/A,2,1,"Nam Đồng, Đống Đa","21.0168994214867, 105.831798243379"
41968849,01/03/2025,"Bán căn hộ phố Tây Sơn - Chùa Bộc 50m2 2 ngủ full đồ, ở ngay","1,78 tỷ",50 m²,"35,6 tr/m²",2,1,"Trung Liệt, Đống Đa","21.0086902062714, 105.824093310576"
41870225,01/03/2025,"Nhà tập thể Kim Liên 2 tầng 65 m2, ô tô đỗ chân cầu thang, 2 ngủ 2 WC, full nội thất, chỉ 3.4 tỷ","3,4 tỷ",65 m²,"52,31 tr/m²",2,2,"Kim Liên, Đống Đa","21.005176896454, 105.835530955726"
42308014,01/03/2025,"Cam kết giá chuẩn - căn 2PN tại The Gloria, nhận nhà ở ngay, đã có sổ. Giá chỉ 7,8 tỷ","7,8 tỷ",57 m²,"136,84 tr/m²",2,2,"Láng Hạ, Đống Đa","21.015782290893966, 105.80852721783437"
41841711,01/03/2025,"Bán căn hộ 2N1WC tại đường Láng-Đống Đa giá 4,4 tỷ. Hỗ trợ vay NH LS 0% 21 tháng, CK 10% + quà tặng","4,4 tỷ",63 m²,"69,84 tr/m²",2,2,"Thịnh Quang, Đống Đa","21.003723042287355, 105.81895599432526"
42162163,01/03/2025,Bán nhanh tập thể Phương Mai - Khu D - 55m2 - 2PN - 1WC - 2.78 tỷ - Full nội thất,"2,78 tỷ",55 m²,"50,54 tr/m²",2,1,"Phương Mai, Đống Đa","21.0012986478932, 105.839174867528"
36701924,01/03/2025,"Bán căn hộ 1 ngủ Vinhomes Nguyễn Chí Thanh nội thất đẹp, sẵn sổ sang tên luôn",Giá thỏa thuận,53 m²,N/A,1,1,"Láng Hạ, Đống Đa","21.0229530334473, 105.809814453125"
42203094,01/03/2025,Bán gấp - bán chung cư N2 Xã Đàn - Khâm Thiên - Đống Đa - nội thất đầy đủ - sổ hồng vĩnh viễn,800 triệu,38 m²,"21,05 tr/m²",2,2,"Kim Liên, Đống Đa","21.0061557534116, 105.835957018665"
42192855,01/03/2025,Mở bán - chung cư A1 Xã Đàn - Phạm Ngọc Thạch - Đống Đa - Full nội thất,800 triệu,36 m²,"22,22 tr/m²",2,1,"Phương Liên, Đống Đa","21.0116520704093, 105.836843447445"
42113061,01/03/2025,Bán Căn hộ Mipec Tower- 299 Tây Sơn 3 phòng ngủ căn góc. LH: 0988 669 ***,Giá thỏa thuận,140 m²,N/A,3,2,"Trung Liệt, Đống Đa","21.00639074264781, 105.82309483871418"
41659959,01/03/2025,"Bán chung cư Hong Kong Tower - 243A Đê La Thành, 107m2, 3 ngủ đủ đồ giá chỉ 9,5 tỷ LH: 0814 332 ***",Giá thỏa thuận,107 m²,N/A,3,2,"Láng Thượng, Đống Đa","21.027200698852539, 105.80382537841797"
41996883,01/03/2025,"Bán tập thể Kim Liên 24/60m 2,67 tỷ 2PN riêng biệt đẹp tiện ích ngõ thông tứ tung ở luôn","2,67 tỷ",24 m²,"111,25 tr/m²",2,1,"Kim Liên, Đống Đa","21.0066786845446, 105.83547300852"
42209262,01/03/2025,"Cam kết ảnh thật giá chuẩn chính chủ, bán gấp căn hộ cao cấp tòa Hong Kong Tower, sổ đỏ sẵn",Giá thỏa thuận,107 m²,N/A,3,2,"Láng Thượng, Đống Đa","21.02707888013844, 105.80402846461311"
42303441,01/03/2025,Bán nhà tập thể Thái Thịnh 55 m 2 ngủ đẹp ở ngay,"2,98 tỷ",55 m²,"54,18 tr/m²",N/A,N/A,"Trung Liệt, Đống Đa","21.0099212858939, 105.818988542222"
42143473,01/03/2025,"Bán căn hộ tập thể tầng 4 căn 70m2, 3,82 tỷ tại Hoàng Ngọc Phách, Đống Đa, Hà Nội","3,82 tỷ",70 m²,"54,57 tr/m²",2,2,"Láng Hạ, Đống Đa","21.0157799100504, 105.81212816242"
41982303,01/03/2025,Bán 1 suất ngoại giao Penhouse Duplex 36 Hoàng Cầu: 450m2. Hotline: 0352 472 *** (Miễn trung gian),39 tỷ,450 m²,"86,67 tr/m²",5,4,"Ô Chợ Dừa, Đống Đa","21.0195687563292, 105.821739844177"
42304966,01/03/2025,"Bán nhà Hateco Laroma: căn góc, tầng cao, 190m2 chính chủ",28 tỷ,190 m²,"147,37 tr/m²",3,3,"Láng Thượng, Đống Đa","21.020423379214584, 105.80728130159346"
42038349,01/03/2025,Cực hiếm! Bán căn hộ tập thể Viện Năng Lượng - Tôn Thất Tùng - 100m2 - 3PN - 2WC giá 3.8 tỷ,"3,8 tỷ",100 m²,38 tr/m²,3,2,"Khương Thượng, Đống Đa","21.0020689407247, 105.829459836878"
42206148,01/03/2025,"Bán căn hộ Hateco Laroma 112m2, 3 PN, tầng cao, ban công hướng Đông, giá bán 12 tỷ có thiện chí",12 tỷ,115 m²,"104,35 tr/m²",3,2,"Láng Thượng, Đống Đa","21.02078885920113, 105.80665645217411"
42303939,01/03/2025,"Bán CC mini 1PN, 1VS tại Lancaster Luminaire, Đống Đa, Hà Nội, giá tốt 4,6 tỷ","4,6 tỷ",58 m²,"79,31 tr/m²",1,1,"Láng Thượng, Đống Đa","21.023797940214518, 105.80499461531818"
42287086,01/03/2025,Bán gấp CH 90 Đường Láng 2N2VS - 63m2 - full nội thất liền tường - giá chỉ 4.1-4.2 tỷ,"4,2 tỷ",63 m²,"66,67 tr/m²",2,2,"Thịnh Quang, Đống Đa","21.00402193132804, 105.81873466393651"
42261782,01/03/2025,"Bán nhanh tập thể Thái Thịnh,TT Đống Đa , tầng 2 50m x2PN, giá 2,88 tỷ","2,88 tỷ",50 m²,"57,6 tr/m²",2,1,"Thịnh Quang, Đống Đa","21.0104641873156, 105.818898295815"
39392724,01/03/2025,"Bán căn hộ chung cư cao cấp 170 Đê La Thành, căn góc diện tích 188m2, để lại toàn bộ nội thất đẹp",13 tỷ,188 m²,"69,15 tr/m²",3,3,"Ô Chợ Dừa, Đống Đa","21.021224975585938, 105.82806396484375"
42202569,01/03/2025,"Bán nhà tập thể Vĩnh Hồ, tầng 1, đã cải tạo đẹp, ở ngay","3,3 tỷ",55 m²,60 tr/m²,2,2,"Thịnh Quang, Đống Đa","21.0066095669023, 105.820604296213"
42303164,01/03/2025,"Tập thể Phương Mai Đống Đa 27m chỉ 2,75 tỷ 2PN đường ô tô nhà đẹp trường chợ siêu thị dân trí","2,75 tỷ",27 m²,"101,85 tr/m²",2,1,"Phương Mai, Đống Đa","21.0035745918423, 105.83820816911"
39095636,01/03/2025,Bán căn hộ chung cư Hong Kong Tower-Căn góc 2 thoáng-DT126m-3 ngủ-2 wc-10 tỉ-LH 0981 585 ***,10 tỷ,126 m²,"79,36 tr/m²",3,2,"Láng Thượng, Đống Đa","21.0280409768068, 105.803755607196"
42302781,01/03/2025,"Bán CC mini 1PN, 1WC tại Tây Sơn, Đống Đa, HN, 1,35 tỷ, 34m2, chính chủ, giá tốt, ở Ngay","1,35 tỷ",34 m²,"39,71 tr/m²",1,1,"Trung Liệt, Đống Đa","21.0086470326969, 105.824090110375"
40482803,01/03/2025,"Bán căn hộ Tập thể Nam Đồng 3 ngủ, SĐCC, ô tô tận nơi chỉ 2,45 tỷ","2,45 tỷ",65 m²,"37,69 tr/m²",3,N/A,"Nam Đồng, Đống Đa",N/A
42302674,01/03/2025,"Bán gấp CH Vinhomes Nguyễn Chí Thanh, căn góc, 137m2, 3PN, view hồ Ngọc Khánh giá rẻ","13,5 tỷ",137 m²,"98,54 tr/m²",3,2,"Láng Thượng, Đống Đa","21.023559780492196, 105.80873798946382"
35463057,01/03/2025,"Penthouse D'Le Pont D'or 36 Hoàng Cầu Tân Hoàng Minh view 100% hồ HC, NT tân cổ điển sang trọng",Giá thỏa thuận,420 m²,N/A,4,4,"Ô Chợ Dừa, Đống Đa","21.0194931030273, 105.822341918945"
39120873,01/03/2025,"BQL bán quỹ căn Duplex D. Le Pont Dor 380m2, 430m2 hoàn thiện và thô siêu vip - Liên hệ: 0931 318 ***",Giá thỏa thuận,430 m²,N/A,4,4,"Ô Chợ Dừa, Đống Đa","21.0194931030273, 105.822341918945"
42093776,01/03/2025,Vừa ở vừa đầu tư quá tốt! Chỉ 2.75 tỷ. Tập thể Kim Liên - Tầng 3 - 2PN - 1WC - 55m2,"2,75 tỷ",55 m²,50 tr/m²,2,1,"Kim Liên, Đống Đa","21.005317217672, 105.835327375413"
40236017,01/03/2025,"Chính chủ cần bán CHCC Green Diamond - 93 Láng Hạ, Đống Đa, 150m2, full nội thất, giá thỏa thuận",Giá thỏa thuận,150 m²,N/A,3,2,"Láng Hạ, Đống Đa","21.016826629638672, 105.81522369384766"
42094175,01/03/2025,Bán tập thể Phương Mai. Giá 2.76 tỷ. 2PN 1WC khép kín - căn góc cực kỳ thoáng sáng - full nội thất,"2,76 tỷ",55 m²,"50,18 tr/m²",2,1,"Phương Mai, Đống Đa","21.0033353268317, 105.838234765012"
42092360,01/03/2025,"Bán CCMN Thái Thịnh, Đống Đa, 1PN - 1PK, siêu thoáng, giá nhỉnh tỷ",Giá thỏa thuận,34 m²,N/A,1,1,"Thịnh Quang, Đống Đa","21.0101395985018, 105.818541433733"
42112776,01/03/2025,"Bán căn hộ chung cư Hòa Phát 257 Giải Phóng, Đống Đa căn 109m2, 3PN 2VS nhà đẹp full nội thất sẵn ở","8,15 tỷ",109 m²,"74,77 tr/m²",3,2,"Phương Mai, Đống Đa","20.999202882542853, 105.84168849732936"
39847737,01/03/2025,Bán căn hộ Vườn Xuân Building 71 Nguyễn Chí Thanh DT 110m2 có 3PN 2WC giá 7 tỷ TL,7 tỷ,110 m²,"63,64 tr/m²",3,2,"Láng Hạ, Đống Đa","21.01533094504624, 105.81289434307514"
39934830,01/03/2025,"Bán căn hộ 187 Nguyễn Lương Bằng DT 66m2 có 2PN 1Wc, nhà full đồ, sẵn slot ô tô, giá 4.5 tỷ","4,5 tỷ",66 m²,"68,18 tr/m²",2,1,"Quang Trung, Đống Đa","21.013336181640625, 105.82765197753906"
42186705,01/03/2025,Bán căn hộ 71 Nguyễn Chí Thanh dt 76m2 căn góc thiết kế 2Pn - 1Wc giá 5x tỷ tl,Giá thỏa thuận,76 m²,N/A,2,1,"Láng Hạ, Đống Đa","21.01531156953342, 105.81291223620808"
42163862,01/03/2025,Tập thể đẹp full nội thất xịn sò TT Đống Đa nằm sát Ô Chợ Dừa,"2,38 tỷ",60 m²,"39,67 tr/m²",N/A,N/A,"Hàng Bột, Đống Đa","21.0270853564105, 105.833932230397"
25705497,28/02/2025,"Mở bán chung cư T1 Phố Thái Hà - Tây Sơn - Đống Đa giá 850tr/c, tách sổ hồng, hai ô tô tránh nhau",Giá thỏa thuận,52 m²,N/A,2,1,"Thịnh Quang, Đống Đa","21.0101998, 105.8186006"
42262946,28/02/2025,"Xem nhà 24/7. Bán căn hộ 2 ngủ đủ đồ 70m2 tại Lancaster Luminaire giá chỉ 5,6 tỷ. 0917 748 ***","5,6 tỷ",70 m²,80 tr/m²,2,2,"Láng Thượng, Đống Đa","21.02335194261984, 105.80537180163567"
39912927,28/02/2025,"Chính chủ bán gấp Căn hộ mini phố Tôn Đức Thắng - Đống Đa 35 -50m2, full đồ - 0983 169 ***","1,65 tỷ",50 m²,33 tr/m²,2,1,"Hàng Bột, Đống Đa","21.0267424, 105.8338142"
42253103,28/02/2025,Nhà nguyên bản. Chỉ 3.25 tỷ. Tập thể MP Trường Chinh - 90m2 - 3PN 2WC - Sáng thoáng,"3,25 tỷ",90 m²,"36,11 tr/m²",3,2,"Phương Mai, Đống Đa","20.9988814306815, 105.837469688523"
42297700,28/02/2025,Siêu Hot! Chỉ 1 căn! Tập thể mặt phố Thái Thịnh. 2.75 tỷ - 2PN riêng - 1WC khép kín - Cực thoáng,"2,75 tỷ",62 m²,"44,36 tr/m²",2,1,"Trung Liệt, Đống Đa","21.0100410537978, 105.81866574565"
41815655,28/02/2025,"Vip! Bán CC 3PN 92m2, full nội thất, Đống Đa, giá siêu hời chỉ với 7,4 tỷ","7,4 tỷ",92 m²,"80,44 tr/m²",3,2,"Thịnh Quang, Đống Đa","21.00425867632126, 105.8182481053683"
42299228,28/02/2025,"Bán nhà tập thể Hoàng Ngọc Phách, Vũ Ngọc Phan, 80m2, 3PN, 2WC, ô tô đỗ cửa, sân để xe rộng","3,8 tỷ",80 m²,"47,5 tr/m²",3,2,"Láng Hạ, Đống Đa","21.0156110203137, 105.812213042243"
42214055,28/02/2025,"Chính chủ bán căn góc 3 phòng ngủ 151m2 xịn, sổ đỏ trung tâm Đống Đa Hateco Laroma Huỳnh Thúc Kháng","15,65 tỷ",151 m²,"103,64 tr/m²",3,2,"Láng Thượng, Đống Đa","21.02081471927827, 105.80779612188607"
42194207,28/02/2025,Tổng hợp quỹ căn dự án Hateco Laroma mua bán chuyển nhượng và ký trực tiếp CĐT: LH: 0934 364 ***,16 tỷ,"136,5 m²","117,22 tr/m²",3,N/A,"Láng Thượng, Đống Đa","21.02117881024123, 105.8073281126936"
42298828,28/02/2025,"Tư vấn chuyên sâu The Ninety ComPlex 90 Đường Láng, với nhiều lựa chọn Quỹ căn đẹp & Giá ưu đãi","2,8 tỷ",35 m²,80 tr/m²,N/A,N/A,"Thịnh Quang, Đống Đa","21.004108567988816, 105.81868949767514"
42298210,28/02/2025,Nhà nguyên bản! Giá rẻ! Cực thoáng sáng! Chỉ 2.69 tỷ - Tập thể mặt phố Trường Chinh - 55m2 - 2PN,"2,69 tỷ",55 m²,"48,91 tr/m²",2,1,"Phương Mai, Đống Đa","20.9982420516309, 105.837711286981"
42011128,28/02/2025,"Bán nhà căn hộ chung cư Đ1 - P102 tầng 1 nhà đầu hồi khu TTQĐ Nam Đồng, Đống Đa, Hà Nội 48m2",3 tỷ,15 m²,200 tr/m²,N/A,N/A,"Nam Đồng, Đống Đa","21.0124841105075, 105.829199020705"
41926344,28/02/2025,"Cần bán nhanh căn góc 103m2 - Hateco Laroma - Huỳnh Thúc Kháng, Đống Đa, Hà Nội",13 tỷ,103 m²,"126,21 tr/m²",3,2,"Láng Thượng, Đống Đa","21.020560159169086, 105.80797177717679"
42096574,28/02/2025,Cực hiếm! Chỉ 2.38 tỷ - căn hộ tập thể Phố Khâm Thiên - 50m2 - 2PN - 2WC - căn góc thoáng sáng,"2,38 tỷ",50 m²,"47,6 tr/m²",2,2,"Khâm Thiên, Đống Đa","21.018353048408, 105.837902166876"
42297237,28/02/2025,"Quỹ hơn 20 Căn hộ cao cấp The Ninety Complex, 90 đường Láng, q. Đống Đa, Hà Nội, giá từ 3.2 tỷ/căn","7,4 tỷ",92 m²,"80,44 tr/m²",3,2,"Thịnh Quang, Đống Đa","21.004120712901113, 105.81922925660237"
42297375,28/02/2025,"Bán căn hộ toà 25 Vũ Ngọc Phan, diện tích 135m2 thiết kế 3PN - 2WC giá 7.8 tỷ thương lượng","7,8 tỷ",135 m²,"57,78 tr/m²",3,2,"Láng Hạ, Đống Đa","21.013654746939693, 105.81098580675265"
41557398,28/02/2025,Bán căn hộ 71 Nguyễn Chí Thanh - 108.5m2 3PN 2 WC giá 7 tỷ có thương lượng,7 tỷ,"108,5 m²","64,52 tr/m²",3,2,"Láng Hạ, Đống Đa","21.0153713226318, 105.812881469727"
42295592,28/02/2025,"Rất yên bình! Dân trí cao, 2.78 tỷ - Khu D tập thể Phương Mai - 2PN 1WC - Cực thoáng sáng","2,78 tỷ",50 m²,"55,6 tr/m²",2,1,"Phương Mai, Đống Đa","21.001204129235, 105.839322902881"
41325915,28/02/2025,"Giá tốt cần bán nhanh trong tháng Sky City 88 Láng Hạ bảng hàng mới nhất, giá rẻ nhất thị trường",Giá thỏa thuận,146 m²,N/A,3,2,"Láng Hạ, Đống Đa","21.01249122619629, 105.81131744384766"
41787365,28/02/2025,"Cần bán căn hộ tại chung cư M3 - M4 Nguyễn Chí Thanh, 170m2, 4PN, giá chỉ 10. X tỷ. LH: 0981 497 ***",Giá thỏa thuận,170 m²,N/A,4,2,"Láng Hạ, Đống Đa","21.019844002717633, 105.80836940077037"
37235730,28/02/2025,"Chính chủ - bán chung cư C4 Thái Hà - Chùa Bộc 35m2 65m2, full nội thất, giảm 90tr căn, ở ngay",Giá thỏa thuận,35 m²,N/A,1,1,"Trung Liệt, Đống Đa","21.012597, 105.8201087"
40868603,28/02/2025,"Mới - bán chung cư B1 Xã Đàn - Ô Chợ Dừa - Khâm Thiên 35m2, 55m2, giảm 50tr /căn, ở ngay",Giá thỏa thuận,35 m²,N/A,1,1,"Ô Chợ Dừa, Đống Đa","21.0196162896831, 105.831189559065"
42071972,28/02/2025,"Cần bán gấp trước tết căn hộ tái định cư Hoàng Cầu DT 68m2 thông thủy 2 ngủ, căn góc view hồ","4,1 tỷ",68 m²,"60,29 tr/m²",2,2,"Ô Chợ Dừa, Đống Đa","21.0197612221314, 105.822399720496"
42295257,28/02/2025,Rẻ không có căn thứ 2! Chỉ 2.35 tỷ. Tập thể Bộ Công An - Đống Đa - Tầng 2 - 2PN 1 WC DT 55m2,"2,35 tỷ",55 m²,"42,73 tr/m²",2,1,"Khâm Thiên, Đống Đa","21.0184598574231, 105.838384996412"
42295147,28/02/2025,Bán căn hộ Hacisco 107 Nguyễn Chí Thanh DT 113m2 thiết kế 3PN - 2WC giá 8.5 tỷ,"8,5 tỷ",113 m²,"75,22 tr/m²",3,2,"Láng Hạ, Đống Đa","21.0202430578759, 105.808494035985"
42048275,28/02/2025,Hiếm! Chỉ 2.55 tỷ. Căn hộ tập thể Phương Mai - 50m2 - 2PN thoáng sáng - ô tô đỗ chân cầu thang,"2,55 tỷ",50 m²,51 tr/m²,2,1,"Phương Mai, Đống Đa","21.0012615613223, 105.839347067833"
42091988,28/02/2025,Cần bán gấp! Chỉ 2.3 tỷ. Căn hộ tập thể Phố Thái Thịnh - 2PN - 1WC thoáng sáng - DT 54m2 - nhà đẹp,"2,3 tỷ",54 m²,"42,59 tr/m²",2,1,"Thịnh Quang, Đống Đa","21.0106365369269, 105.818405378079"
42096417,28/02/2025,Chỉ 2.45 tỷ. Bán căn hộ 2PN 1WC sát hồ Linh Quang - Đống Đa. DT 55m2. 2 mặt thoáng,"2,45 tỷ",55 m²,"44,54 tr/m²",2,1,"Văn Chương, Đống Đa","21.0260863288125, 105.839906565899"
42042684,28/02/2025,"Bán căn CC Hòa Phát, 257 Giải Phóng, căn góc, nhà đẹp, full NT nhập khẩu, 3 ngủ, 6,65 tỷ","6,65 tỷ","90,3 m²","73,64 tr/m²",3,2,"Phương Mai, Đống Đa","20.9984826608049, 105.841799833385"
41868088,28/02/2025,"Chính chủ bán gấp nhà tập thể Phương Mai, Đống Đa, Hà Nội, 82m2, 2PN, 2WC, 2,65 tỷ","2,65 tỷ",82 m²,"32,32 tr/m²",2,2,"Phương Mai, Đống Đa","20.998292101542, 105.837550187806"
42003609,28/02/2025,"Bán căn 2PN 90m2 ban công ĐN,fulll nội thất tại 93 Láng Hạ, có chỗ để ô tô, xem nhà trực tiếp","10,6 tỷ",90 m²,"117,78 tr/m²",2,2,"Láng Hạ, Đống Đa","21.0172426065564, 105.815797638736"
42291435,28/02/2025,"Bán căn hộ Capital Garden 102 Trường Chinh, giá thỏa thuận, 112m2, 2PN, 2WC",Giá thỏa thuận,112 m²,N/A,2,2,"Phương Mai, Đống Đa","21.0012926449162, 105.83703146143"
42291481,28/02/2025,"Bán căn hộ chung cư toà B14 Kim Liên 65m2, thiết kế 2 ngủ, 1 vệ sinh. LH: 0971 405 ***","4,85 tỷ",65 m²,"74,61 tr/m²",2,1,"Kim Liên, Đống Đa","21.0098218065433, 105.836016349081"
42291436,28/02/2025,"Bán CH 2PN 67m2 tại 187 Tây Sơn, giá thỏa thuận","4,84 tỷ",67 m²,"72,24 tr/m²",2,1,"Quang Trung, Đống Đa","21.0134164859378, 105.827644884338"
41876711,28/02/2025,"Chính chủ nhà tập thể 2 tầng 65 m2, ô tô đỗ chân cầu thang, 2 ngủ 2 WC, full nội thất, chỉ 3.4 tỷ","3,4 tỷ",65 m²,"52,31 tr/m²",2,2,"Kim Liên, Đống Đa","21.0053977096749, 105.835591277099"
41352542,28/02/2025,"Chung cư mới căn studio tại Ngã Tư Sở, DT 37m2, ngân hàng hỗ trợ 50%, chỉ hơn 3 tỷ, full Nội thất","3,2 tỷ",37 m²,"86,49 tr/m²",1,1,"Thịnh Quang, Đống Đa","21.00410270690918, 105.81869506835938"
39767297,28/02/2025,"Chỉ cần 1.8 tỷ có ngay 2N tại Ngã tư sở - Full NT, CK đến 10% + Quà tặng 165 triệu/miễn 2 năm DV",Giá thỏa thuận,62 m²,N/A,2,2,"Thịnh Quang, Đống Đa","21.0041027069092, 105.818695068359"
42291222,28/02/2025,"Bán căn hộ chung cư 97-99 Láng Hạ tòa Petrowaco căn Duplex 235,6m2, LH 0914 239 ***",Giá thỏa thuận,"235,6 m²",N/A,4,4,"Láng Hạ, Đống Đa","21.01398554576809, 105.81454354752243"
42290992,28/02/2025,"Bán quỹ ngoại giao căn hộ 2PN view thành phố, có hỗ trợ vay ls 0%/21th, thu nhập dòng tiền 20tr/th",Giá thỏa thuận,"62,46 m²",N/A,2,2,"Thịnh Quang, Đống Đa","21.0040492522926, 105.818664528807"
41975993,28/02/2025,"Bán nhà tập thể C8 Kim Liên, tầng 3, 2 ngủ, 1vs, nhà mới, nhỉnh 2 tỷ","2,68 tỷ",60 m²,"44,67 tr/m²",2,1,"Kim Liên, Đống Đa","21.0046731091354, 105.83572164732"
41433276,28/02/2025,Chính chủ bán căn hộ 1103 toà Hacisco 107 Nguyễn Chí Thanh 105m2 có 3PN - 2WC giá 7.6 tỷ,"7,6 tỷ",105 m²,"72,38 tr/m²",3,2,"Láng Hạ, Đống Đa","21.0204366690635, 105.808338013111"
42289533,28/02/2025,Em bán căn nhà tập Kim Liên full nội thất đẹp,"2,28 tỷ",70 m²,"32,57 tr/m²",N/A,N/A,"Kim Liên, Đống Đa","21.0056188972821, 105.835489859345"
41794418,27/02/2025,"Căn 1PN, 37m2, dòng tiền cho thuê 200tr/năm, giá chỉ 3,2 tỷ","3,2 tỷ",37 m²,"86,49 tr/m²",1,1,"Thịnh Quang, Đống Đa","21.004282839878123, 105.8193345642538"
42262689,27/02/2025,"Hiếm! Bán Tập Thể Vĩnh Hồ - Thái Thịnh, Đống Đa, NHÀ ĐẸP Ở LUÔN - LÔ GÓC 3 MẶT THOÁNG, 3 ngủ, 2 wc","3,56 tỷ",86 m²,"41,4 tr/m²",3,2,"Thịnh Quang, Đống Đa","21.0069144197902, 105.820717881699"
42287500,27/02/2025,"Nhà tập thể Phương Mai - Ô tô đỗ cửa, ngay bệnh viện Bạch Mai, đại học Bách Khoa 60m2 chỉ 2.75 tỷ","2,75 tỷ",60 m²,"45,83 tr/m²",N/A,N/A,"Phương Mai, Đống Đa","21.0013305881098, 105.839354965012"
41815628,27/02/2025,"Vip! Chung cư 1PN, 37m2, view đẹp, dòng tiền cho thuê 200tr/năm, giá chỉ 3,2 tỷ","3,2 tỷ",37 m²,"86,49 tr/m²",1,1,"Thịnh Quang, Đống Đa","21.0037476930481, 105.81864561139439"
41793528,27/02/2025,"Chỉ từ 1,7 tỷ(50%) căn hộ trung tâm Q Đống Đa. Cho thuê 16 - 30tr/tháng. Tặng full nội thất cao cấp","3,4 tỷ",37 m²,"91,89 tr/m²",1,1,"Thịnh Quang, Đống Đa","21.004029139988088, 105.81954150874817"
41762041,27/02/2025,"Bán căn 1PN, 37m2, view thành phố, tặng full nội thất cao cấp, giá chỉ 3,2 tỷ","3,2 tỷ",37 m²,"86,49 tr/m²",1,1,"Thịnh Quang, Đống Đa","21.00410270690918, 105.81869506835938"
41793558,27/02/2025,"Căn hộ 2PN2WC, 63m2, mới tinh, view thành phố, Đống Đa, HTLS 50%, giá chỉ 4,9 tỷ","4,9 tỷ",63 m²,"77,78 tr/m²",2,2,"Ô Chợ Dừa, Đống Đa","21.01951364551945, 105.8222923878404"
41533152,27/02/2025,"Bán căn Duplex chung cư 97 - 99 Láng Hạ 235m2, view hồ Hoàng Cầu, giá rẻ nhất quận. LH 0372 004 ***",Giá thỏa thuận,235 m²,N/A,4,2,"Láng Hạ, Đống Đa","21.014455795288086, 105.81383514404297"
42286364,27/02/2025,"Chính chủ cần bán căn góc 3N - 137m2 tại Hateco Laroma - Láng Thượng, sẵn sổ. Giá 14 tỷ. 0372 004 ***",14 tỷ,137 m²,"102,19 tr/m²",3,3,"Láng Thượng, Đống Đa","21.021218868585656, 105.80750846075847"
42285543,27/02/2025,"Bán căn hộ chung cư 66 m2, 2 PN, 187 Tây Sơn, Đống Đa ;ban công Đông Nam,0904 760 ***","4,85 tỷ",66 m²,"73,48 tr/m²",2,1,"Quang Trung, Đống Đa","21.01296366076146, 105.82827206462154"
42284292,27/02/2025,"Bán nhà tập thể Phương Mai, Đống Đa, 55m2, ô tô đỗ cửa, nhà đẹp, ở ngay, gần BV Bạch Mai","2,68 tỷ",55 m²,"48,73 tr/m²",2,N/A,"Phương Mai, Đống Đa","21.0010999646915, 105.839431151151"
42285631,27/02/2025,"Bán căn hộ M3 - M4 Nguyễn Chí Thanh - 114m2, 3 phòng ngủ 2 VS. Nội thất đầy đủ","7,07 tỷ",114 m²,62 tr/m²,3,2,"Láng Hạ, Đống Đa","21.019538109396606, 105.80930080653104"
41755581,27/02/2025,Bán căn hộ chung cư 187 Nguyễn Lương Bằng 67m 2PN ban công ĐN nhà đẹp full nội thất,"4,85 tỷ",67 m²,"72,39 tr/m²",2,1,"Quang Trung, Đống Đa","21.013336181640625, 105.82765197753906"
41769128,27/02/2025,"Bán căn hộ 165 Thái Hà - Sông Hồng Park View. Diện tích 120m2 3PN 2WC, Full nội thất. Giá 8 tỷ",8 tỷ,120 m²,"66,67 tr/m²",3,2,"Láng Hạ, Đống Đa","21.014835357666, 105.817268371582"
41578829,27/02/2025,"Tập thể Trung Tự, Hồ Đắc Di, Đống Đa, Hà Nội 70m2 x 3 phòng ngủ, nội thất xịn","3,5 tỷ",70 m²,50 tr/m²,3,1,"Phương Liên - Trung Tự, Đống Đa","21.0103364175861, 105.831020729642"
42004471,27/02/2025,"Chỉ 3.4 tỷ, nhà tập thể thông 2 tầng Kim Liên, 65m2, đủ nội thất đẹp, ô tô đỗ cửa, sổ đỏ chuẩn","3,4 tỷ",65 m²,"52,31 tr/m²",2,2,"Kim Liên, Đống Đa","21.0049847690672, 105.835594144612"
42260997,27/02/2025,"SỔ ĐỎ RIÊNG - Tập Thể Bộ Công An 50m2 x 2 ngủ - Đống Đa 2,26 tỷ - Phố Xã Đàn.","2,26 tỷ",50 m²,"45,2 tr/m²",2,1,"Nam Đồng, Đống Đa","21.0116364410565, 105.831647638844"
42107296,27/02/2025,"Sổ đỏ riêng - tập thể Tầng 1 - Bộ Công An - 1.28 tỷ - tặng full đồ như ảnh, Đống Đa","1,28 tỷ",20 m²,64 tr/m²,2,1,"Thổ Quan, Đống Đa","21.0194410627208, 105.834566202722"
42253605,27/02/2025,Bán nhà tập thể Nguyễn Chí Thanh 2 mặt tiền,"7,3 tỷ",70 m²,"104,29 tr/m²",2,1,"Láng Hạ, Đống Đa","21.0201204802576, 105.808435974061"
42077709,27/02/2025,"Bán căn hộ tập thể Thành Công, 100m2, tầng 3, 3 ngủ, 2WC, 2 ban công mát mẻ, sân chơi, ở sướng","4,7 tỷ",100 m²,47 tr/m²,3,2,"Láng Hạ, Đống Đa","21.0209498171686, 105.816081005815"
42283018,27/02/2025,Tập thể Bưu Chính Viễn thông ngõ 5 Láng Hạ tầng 1 kinh doanh ôtô 7 chõ vào nhà - 3 ngủ đủ công năng,"6,2 tỷ",70 m²,"88,57 tr/m²",3,2,"Láng Hạ, Đống Đa","21.0152934411888, 105.812669579731"
41764973,27/02/2025,Chính chủ bán căn hộ 2p ngủ tại Chùa Láng - Nguyễn Chí Thanh - ĐH Ngoại Thương - Full đồ từ 990tr,"1,02 tỷ",55 m²,"18,55 tr/m²",2,1,"Láng Thượng, Đống Đa","21.0230618719148, 105.806410465305"
41435872,27/02/2025,"Bán penthouse thông tầng 403m2, tại D. Le Pont Dor - 36 Hoàng Cầu, giá sốc chỉ 40 tỷ",40 tỷ,403 m²,"99,26 tr/m²",4,4,"Ô Chợ Dừa, Đống Đa","21.019493103027344, 105.82234191894531"
42274830,27/02/2025,"Bán Lancaster Luminaire đường Láng, 45m2 giá 4,2 tỷ bao thuế phí, full nội thất. Lh: 0964 568 ***","4,2 tỷ",45 m²,"93,33 tr/m²",1,1,"Láng Thượng, Đống Đa","21.0235315293143, 105.80526716601"
41592427,27/02/2025,"Chính chủ bán căn hộ Hong Kong Tower, DT 104m2 3PN và 126m2 3PN, giá từ 75tr/m2. LH 0372 004 ***","7,8 tỷ",104 m²,75 tr/m²,3,2,"Láng Thượng, Đống Đa","21.0272006988525, 105.803825378418"
41994462,27/02/2025,"Không có nhu cầu ở bán nhanh trước tết căn tập thể C8 Kim Liên, nhà mới, giá chỉ nhỉnh 2 tỷ","2,68 tỷ",60 m²,"44,67 tr/m²",2,1,"Kim Liên, Đống Đa","21.00459372085, 105.835516472424"
42073453,27/02/2025,Bán nhà tập thể Trung Tự - Đống Đa - 72m2 - 2PN - thoáng trước sau - giá 2.5 tỷ,"2,5 tỷ",72 m²,"34,72 tr/m²",2,1,"Phương Liên - Trung Tự, Đống Đa","21.0083600383219, 105.833825541963"
41181162,27/02/2025,Chính chủ cần bán nhanh CHCC 66m2 tòa 187 Nguyễn Lương Bằng Đống Đa HN,Giá thỏa thuận,66 m²,N/A,2,1,"Quang Trung, Đống Đa","21.01379807253149, 105.82788579926523"
42280641,27/02/2025,"Trung tâm Đống Đa - Tập thể tầng 1 - ô tô ngay gần - 55m2, 2N đủ công năng - 3.82 tỷ có bớt","3,82 tỷ",55 m²,"69,46 tr/m²",2,N/A,"Láng Hạ, Đống Đa","21.0153846442488, 105.812849173541"
42074526,27/02/2025,"Bán căn hộ cao cấp Hateco Laroma 100,9m2, 2PN, ban công B, nội thất đẹp, view Thủ Lệ, giá 11 tỷ",11 tỷ,"100,9 m²","109,02 tr/m²",2,2,"Láng Thượng, Đống Đa","21.02011397520994, 105.80654244639707"
42280329,27/02/2025,"Rẻ nhất thị trường! Bán căn hộ 115m2 tòa Vườn Xuân, 71 Nguyễn chí Thanh, LH - 0944 956 ***","6,7 tỷ",115 m²,"58,26 tr/m²",3,2,"Láng Hạ, Đống Đa","21.01608042308153, 105.81299099612045"
42280017,27/02/2025,"Bán nhà tập thể mặt phố Vũ Ngọc Phan, Trúc Khê, Đống Đa, ô tô tránh trước nhà, nhà đẹp, ở ngay","2,88 tỷ",55 m²,"52,36 tr/m²",2,N/A,"Láng Hạ, Đống Đa","21.0142472939334, 105.810317722099"
42279991,27/02/2025,"Chính chủ bán nhà tập tầng 2 - Khu A - Phố Nam Đồng - Hồ Đắc Di - DT 33/80m2 sử dụng - 3,8tỷ","3,8 tỷ",33 m²,"115,15 tr/m²",3,1,"Nam Đồng, Đống Đa","21.013397759357, 105.833024924654"
39174775,27/02/2025,"Bán căn hộ penthouse duplex tòa 97 - 99 Láng Hạ, Đống Đa 235,6m2 full nội thất giá rẻ","18,8 tỷ","235,6 m²","79,8 tr/m²",3,3,"Láng Hạ, Đống Đa","21.0144557952881, 105.813835144043"
42279149,27/02/2025,"1,795 tỷ cho căn chung cư mini 2ngủ tầng trung siêu đẹp thoáng","1,8 tỷ",50 m²,"35,9 tr/m²",2,1,"Kim Liên, Đống Đa","21.0050346427674, 105.833587892117"
42104131,27/02/2025,"căn hộ toà Mipec 299 Tây Sơn. căn góc dt 144m 3pn 2wc. tầng trung full nội thất. giá bán 10,3 tỷ","10,3 tỷ",144 m²,"71,53 tr/m²",3,2,"Trung Liệt, Đống Đa","21.00637571869336, 105.82392916900852"
42279550,27/02/2025,Tập thể Đống Đa - 65m2 - 3 ngủ đủ công năng - mới ở luôn - chỉ 3 tỷ,3 tỷ,65 m²,"46,15 tr/m²",3,N/A,"Thổ Quan, Đống Đa","21.0182863883509, 105.833275755445"
42277325,27/02/2025,Bán nhanh căn hộ chung cư 2N2VS tiêu chuẩn khách sạn 5 sao vị trí trung tâm Ngã Tư Sở,"4,5 tỷ",64 m²,"70,31 tr/m²",2,2,"Thịnh Quang, Đống Đa","21.00343776891439, 105.81872461873724"
42279139,27/02/2025,Siêu hiếm trung tâm Đống Đa tập thể dược phẩm 1(ngõ Quan Thổ 1) 46m2 2 ngủ full đồ ở luôn 2.2 tỷ,"2,2 tỷ",46 m²,"47,83 tr/m²",2,1,"Thổ Quan, Đống Đa","21.0193457862827, 105.83054030169"
42279284,27/02/2025,"Bán chung cư mini, gà đẻ trứng vàng phố Tôn Thất Tùng, Trường Chinh 23 phòng cho thuê.",Giá thỏa thuận,90 m²,N/A,23,23,"Khương Thượng, Đống Đa","21.0025065414806, 105.829350319678"
41082723,26/02/2025,"Hiếm! Tập thể Nam Đồng, Đống Đa, 2 thoáng, sổ to, 70m2 2PN 2WC nhà đẹp 3,59 tỷ","3,59 tỷ",70 m²,"51,29 tr/m²",2,2,"Nam Đồng, Đống Đa","21.0131376606271, 105.833357149887"
41866233,26/02/2025,"Hot! Bán căn hộ 2PN, 3PN toà Terra 83 Hào Nam, trung tâm chỉ 8,6 tỷ full nội thất cao cấp","8,7 tỷ",78 m²,"111,54 tr/m²",2,2,"Ô Chợ Dừa, Đống Đa","21.023813525786711, 105.8264497044979"
41735878,26/02/2025,"Bán gấp căn hộ chung cư Sông Hồng Park View 165 Thái Hà, 120m2, 3PN, đủ đồ giá 8 tỷ LH: 0814 332 ***",8 tỷ,120 m²,"66,67 tr/m²",3,2,"Láng Hạ, Đống Đa","21.014835357666, 105.817268371582"
36394606,26/02/2025,"Chính chủ - bán chung cư N2 Đông Tác - Tôn Thất Tùng - Đống Đa, nội thất đầy đủ, sổ hồng vĩnh viễn",800 triệu,37 m²,"21,62 tr/m²",1,1,"Kim Liên, Đống Đa","21.0025021651613, 105.829800308064"
42277554,26/02/2025,"Chung cư quận Đống Đa Hà Nội Ninety Complex 37-92m2 đầy đủ nội thất cao cấp giá nhỉnh 3,5 tỷ","4,8 tỷ",68 m²,"70,59 tr/m²",2,2,"Thịnh Quang, Đống Đa","21.00365149413355, 105.81936284419172"
42272953,26/02/2025,"Tập thể mặt phố Kim Liên 54/108m 2PN 2 thoáng 4,4 tỷ gần Vincom, đã có chủ trương tái định cư sớm","4,4 tỷ",54 m²,"81,48 tr/m²",2,1,"Kim Liên, Đống Đa","21.0066684850658, 105.835399244532"
42277107,26/02/2025,Bán tập thể tầng 1 Hồ Đắc Di - kinh doanh nhà hàng quá phù hợp,17 tỷ,240 m²,"70,83 tr/m²",N/A,N/A,"Nam Đồng, Đống Đa","21.0123345420556, 105.829152502199"
42277076,26/02/2025,"Phương Mai, Đống Đa. DT 25m2, tầng 1, giá 2,68 tỷ. Ngõ thông, kinh doanh.","2,68 tỷ",25 m²,"107,2 tr/m²",2,1,"Phương Mai, Đống Đa","21.0016191403167, 105.83955779005"
42276433,26/02/2025,Mở bán - Chung cư L1 Xã Đàn - Ô Chợ Dừa - Đống Đa - full nội thất,800 triệu,35 m²,"22,86 tr/m²",1,1,"Phương Liên, Đống Đa","21.0118090031058, 105.836806822698"
42276412,26/02/2025,Căn hộ TT 40m2 khu phố Trung Liệt giá nhỉnh 3 tỷ - hộ khẩu Đống Đa,"3,2 tỷ",40 m²,80 tr/m²,1,N/A,"Trung Liệt, Đống Đa","21.015561700876, 105.820706449957"
42274945,26/02/2025,"Hoàng 3333 Giá Thật. Bán CH 72m2 2PN, 2VS tại Green Diamond 93 Láng Hạ, Ban công Đông Nam mát mẻ, S","9,3 tỷ",72 m²,"129,17 tr/m²",2,2,"Láng Hạ, Đống Đa","21.016290730462845, 105.8149067417264"
42274547,26/02/2025,"Bán căn hộ 187 Nguyễn Lương Bằng, giá tốt 4,5 tỷ, 66 m2, 2PN 1WC","4,5 tỷ",66 m²,"68,18 tr/m²",2,1,"Quang Trung, Đống Đa","21.01418828581207, 105.82754982802332"
42272742,26/02/2025,Bán nhà tập thể phố Phương Mai Đống Đa gần bệnh viện Bạch Mai - DTSD 50m2 2 ngủ,"2,75 tỷ",50 m²,55 tr/m²,2,1,"Phương Mai, Đống Đa","21.0012542319359, 105.839592944995"
42271248,26/02/2025,Trung tâm Đống Đa - ô tô tải đỗ cầu thang - sân chơi trước nhà - sổ to cơi nới được thêm - 2.97 tỷ,"2,97 tỷ",70 m²,"42,43 tr/m²",2,N/A,"Văn Chương, Đống Đa","21.0212686367974, 105.8337327904"
42272456,26/02/2025,"Bán nhanh nhà tập thể ngay phố Nguyễn Ngọc Doãn 150m- 3 ngủ 2 wc- Full đồ ở luôn, Giá 3,95 Tỷ.","3,95 tỷ",150 m²,"26,33 tr/m²",3,2,"Nam Đồng, Đống Đa","21.0151814345658, 105.830047384262"
41793551,26/02/2025,"Duy nhất căn 2PN, 45m2, view thành phố, tặng full nội thất cao cấp, giá chỉ 3,9 tỷ","3,9 tỷ",45 m²,"86,67 tr/m²",2,1,"Thịnh Quang, Đống Đa","21.003959320793296, 105.81807455062727"
42272045,26/02/2025,BÁN TÒA CHDV PHỐ HÀO NAM_NGÕ THÔNG_GẦN PHỐ_DÒNG TIỀN CAO_PCCC ĐẠT CHUẨN_80M2 7 TẦNG THANG MÁY_20 TỶ,20 tỷ,80 m²,250 tr/m²,N/A,N/A,"Ô Chợ Dừa, Đống Đa","21.0254591377116, 105.827437407219"
42270985,26/02/2025,"Căn hộ Studio Lancaster - Số 1152 đường Láng, 58m2 4.6 tỷ","4,6 tỷ",58 m²,"79,31 tr/m²",1,1,"Láng Thượng, Đống Đa","21.0237119331534, 105.805126810564"
42271717,26/02/2025,"Bán căn hộ chung cư toà 187 Nguyễn Lương Bằng 65m2 , thiết kế 2 ngủ , 1 wc . Lh : 0971 405 ***","4,95 tỷ",65 m²,"76,15 tr/m²",2,1,"Quang Trung, Đống Đa","21.0135713125172, 105.826809882519"
42126321,26/02/2025,"Bán căn hộ chung cư B14 Kim Liên , Đống Đa 65m2 , thiết kế 2 ngủ , 1 vệ sinh . Lh : 0971 405 ***","4,95 tỷ",65 m²,"76,15 tr/m²",2,1,"Kim Liên, Đống Đa","21.004695979375, 105.835702658094"
42021020,26/02/2025,"Bán căn góc tòa CC Hòa Phát 46 Phố Vọng, nhà đẹp, full NT xịn, 3 ngủ, 6.65 tỷ","6,65 tỷ","90,3 m²","73,64 tr/m²",3,2,"Phương Mai, Đống Đa","20.998643691447263, 105.84147075961094"
41975294,26/02/2025,"Bán CH 72m 2PN 2WC giá 9.3tỷ tòa Green Diamond - 93 Láng Hạ, Đống Đa","9,3 tỷ",72 m²,"129,17 tr/m²",2,2,"Láng Hạ, Đống Đa","21.01604898643679, 105.81516476994648"
42027924,26/02/2025,Bán chung cư Thái Thịnh 1 tỷ 400 tr (full đồ nhà mới),Giá thỏa thuận,32 m²,N/A,1,1,"Thịnh Quang, Đống Đa","21.0101388465111, 105.818179978948"
42165100,26/02/2025,Bán chung cư Thái Thịnh 1 tỷ 400 tr (full đồ nhà mới),"1,4 tỷ",32 m²,"43,75 tr/m²",1,1,"Thịnh Quang, Đống Đa","21.0101388465111, 105.818179978948"
42270338,26/02/2025,"Bán gấp nhà tập thể T1 Thái Hà, sổ to, SD 70m2, 2 ngủ, ô tô cách 15m, khu vip, dân trí cao, nhà đẹp","3,75 tỷ",70 m²,"53,57 tr/m²",2,N/A,"Láng Hạ, Đống Đa","21.0145270337563, 105.816996376541"
42270409,26/02/2025,"Chủ gửi bán C18 Tập Thể Bộ Công An, 60m2, 2pn, 2wc, 3.x tỷ- 0975 118 ***",Giá thỏa thuận,60 m²,N/A,2,2,"Láng Hạ, Đống Đa","21.0159411068222, 105.809918307424"
26432245,26/02/2025,"Bán gấp chung cư Hong Kong Tower DT 104m2, tháp B, 3PN, căn góc giá rẻ, chính chủ LH 0934 522 ***",Giá thỏa thuận,104 m²,N/A,3,2,"Láng Thượng, Đống Đa","21.0272006988525, 105.803825378418"
42267623,26/02/2025,Phố vip Xã Đàn - tòa nhà dịch vụ full nội thất - cho thuê dòng tiền 1tỷ2/năm - hệ thống PCCC đầy đủ,21 tỷ,70 m²,300 tr/m²,16,17,"Kim Liên, Đống Đa","21.0065770895318, 105.83603220113"
42154530,26/02/2025,Tập thể Phạm Ngọc thạch full nội thất đẹp ô tô đỗ cửa,"2,68 tỷ",70 m²,"38,29 tr/m²",N/A,N/A,"Kim Liên, Đống Đa","21.0089216473844, 105.834594394821"
42268835,25/02/2025,"Hoa hậu!! Tập Thể Trung Tự- Đống Đa, 75m, Thoáng Sáng, oto, full đồ ở ngay, Chỉ 3,2 tỷ","3,2 tỷ",75 m²,"42,67 tr/m²",2,1,"Phương Liên - Trung Tự, Đống Đa","21.008235557504, 105.833744670701"
42268766,25/02/2025,"TÒA CHDV 7T THANG MÁY XÂY MỚI 16 PHÒNG KHÉP KÍN, KHỔ ĐẤT ĐẸP, VÀI BƯỚC RA PHỐ - NỘI THẤT, PCCC",21 tỷ,70 m²,300 tr/m²,16,N/A,"Phương Liên, Đống Đa","21.0118688627034, 105.837009578912"
42262825,25/02/2025,"Bán Tập Thể Vĩnh Hồ - Thái Thịnh, Đống Đa, 3 ngủ 2wc, Lô Góc, ở cực sướng","3,56 tỷ",86 m²,"41,4 tr/m²",3,2,"Thịnh Quang, Đống Đa","21.0069144197902, 105.820717881699"
42267408,25/02/2025,"Bán gấp căn 3 phòng ngủ 108m2, giá 7,8 tỷ, đầy đủ nội thất ở ngay","7,8 tỷ",108 m²,"72,22 tr/m²",3,2,"Phương Mai, Đống Đa","20.999871466723807, 105.83580723055353"
42266309,25/02/2025,"Bán gấp CH 6 TỶ 76m2- 2PN2WC- FULL NỘI THẤT+ ĐỒ ĐIỆN TỬ tại 90 ĐƯỜNG LÁNG, Đống Đa, Hà Nội",6 tỷ,76 m²,"78,95 tr/m²",2,2,"Thịnh Quang, Đống Đa","21.004112952632553, 105.81872150098458"
42264216,25/02/2025,"Bán gấp! Căn tập thể Phương Mai - Diện tích 70m2 - 2 ngủ riêng - giá 3,6 tỉ","3,6 tỷ",70 m²,"51,43 tr/m²",2,1,"Phương Mai, Đống Đa","21.0013462518538, 105.839247602991"
42167339,25/02/2025,Tại trung tâm Quận Đống Đa - HN có một dự án siêu sang - giá rẻ vô địch từ 75tr/m2,"3,75 tỷ",50 m²,75 tr/m²,N/A,N/A,"Thịnh Quang, Đống Đa","21.003716281005904, 105.81790034111265"
42265780,25/02/2025,"BÁN CĂN HỘ DỊCH VỤ TẠI PHỐ TÔN ĐỨC THẮNG! 70M2, 5 TẦNG, 10 PHÒNG, DÒNG TIỀN HÀNG THÁNG 45 TRIỆU!","14,2 tỷ",70 m²,"202,86 tr/m²",10,10,"Hàng Bột, Đống Đa","21.0267254631544, 105.833659293325"
41370339,25/02/2025,"Bán gấp căn hộ chung cư 187 Nguyễn Lương Bằng 2pn 1wc DT : 65.5m2 giá 4,95 tỷ LH:0917 495 ***","4,95 tỷ","65,5 m²","75,57 tr/m²",2,1,"Quang Trung, Đống Đa","21.013336181640625, 105.82765197753906"
42264973,25/02/2025,"Bán nhà tập thể Hồ Đắc Di, Trung Tự, 125m2, 4 ngủ, 2WC, ô tô đỗ gần, chủ thiện chí bán","3,75 tỷ",125 m²,30 tr/m²,4,2,"Phương Liên - Trung Tự, Đống Đa","21.0043982281365, 105.831202049351"
41841296,25/02/2025,Cần bán căn hộ 3PN - tháp B Hong Kong Tower. Thiện chí bán phát lộc đầu năm. LH 0372 004 *** em Loan,"9,5 tỷ",107 m²,"88,78 tr/m²",3,2,"Láng Thượng, Đống Đa","21.027476955851025, 105.80437910792217"
42169255,25/02/2025,"Bán căn hộ chung cư 66 m2, 2 PN, 187 Tây Sơn, Đống Đa ;ban công Đông Nam,0904 760 ***",Giá thỏa thuận,66 m²,N/A,2,1,"Quang Trung, Đống Đa","21.0126178426417, 105.827421740063"
41489386,25/02/2025,"Sở hữu căn hộ khách sạn 37m2 tại Ngã Tư Sở, ngân hàng hỗ trợ 50%, chỉ hơn 3.2tỷ, full nội thất","3,2 tỷ",37 m²,"86,49 tr/m²",1,1,"Thịnh Quang, Đống Đa","21.0041027069092, 105.818695068359"
40462372,25/02/2025,Bán penthouse A2203 toà D'Le Pont D'or 36 Hoàng Cầu - Tân Hoàng Minh,42 tỷ,450 m²,"93,33 tr/m²",5,N/A,"Ô Chợ Dừa, Đống Đa","21.019493, 105.82234"
41713553,25/02/2025,"Bán căn hộ 3PN giá thỏa thuận, 104m2 tại Hong Kong Tower, Đống Đa, Hà Nội",Giá thỏa thuận,104 m²,N/A,3,2,"Láng Thượng, Đống Đa","21.02720069885254, 105.80382537841797"
42261243,25/02/2025,Bán căn hộ 125m2 - 3PN full nội thất. Tòa 196 Thái Thịnh. Giá 7 tỷ,"7,2 tỷ",125 m²,"57,6 tr/m²",3,2,"Láng Hạ, Đống Đa","21.0124611480154, 105.817073971754"
42260884,25/02/2025,"Bán nhà tập thể Hồ Đắc Di, Trung Tự, Đống Đa, 3 phòng ngủ, phòng khách, bếp, ô tô đỗ cửa, nhà đẹp","3,3 tỷ",68 m²,"48,53 tr/m²",3,N/A,"Phương Liên - Trung Tự, Đống Đa","21.0121680927778, 105.829802830989"
42159996,25/02/2025,Siêu VIP - căn hộ tập thể tầng 2 trung tâm Đống Đa phố Vĩnh Hồ - ô tô cách nhà chỉ vài bước chân,"2,88 tỷ",50 m²,"57,6 tr/m²",2,1,"Thịnh Quang, Đống Đa","21.0064562618832, 105.820571744646"
42261745,25/02/2025,"Tôi cần bán chung cư 257 Giải Phóng căn góc 108.7m2, 3 ngủ, 2 vs chỉ 7.68 tỷ","7,68 tỷ","108,7 m²","70,65 tr/m²",3,2,"Phương Mai, Đống Đa","20.9986397149048, 105.841963160864"
42261034,25/02/2025,Cần bán căn hộ 3PN ở 107 Nguyễn Chí Thanh giá 6.5 tỷ,"6,5 tỷ","104,43 m²","62,24 tr/m²",3,2,"Láng Hạ, Đống Đa","21.0202621656156, 105.808307022418"
42005469,25/02/2025,"Nhà tập thể Kim Liên, gồm 2 tầng 2 + 3, sổ đỏ chuẩn, 65 m2, 2 ngủ 2 WC, đủ nội thất, chỉ 3.4 tỷ","3,4 tỷ",65 m²,"52,31 tr/m²",2,2,"Kim Liên, Đống Đa","21.004857293251, 105.835621570145"
42260895,25/02/2025,"Bán căn hộ 110m2, 3PN - Hacisco Nguyễn Chí Thanh, Đống Đa 7 tỷ - 0988 579 ***",7 tỷ,110 m²,"63,64 tr/m²",3,2,"Láng Hạ, Đống Đa","21.0203298593818, 105.808943051323"
42163025,25/02/2025,"Bán nhà tập thể 100m 2 tầng, 3 phòng ngủ ở ngay hoặc cho thuê khu dân trí cao",3 tỷ,100 m²,30 tr/m²,3,2,"Văn Chương, Đống Đa","21.0153623451533, 105.827950981614"
42234234,25/02/2025,"Bán nhà tập thể Chùa Láng, Nguyễn Chí Thanh, Đống Đa, 2 ngủ, ô tô vào sân nhà, nhà đẹp, ở ngay","2,93 tỷ",60 m²,"48,83 tr/m²",2,N/A,"Láng Hạ, Đống Đa","21.0233302779004, 105.806682538784"
42237582,25/02/2025,"Bán gấp nhà tập thể Trúc Khê, Đống Đa, 3 ngủ, 2WC, 2 thoáng, ô tô đỗ cửa, nhà đẹp, ở ngay","3,75 tỷ",85 m²,"44,12 tr/m²",3,2,"Láng Hạ, Đống Đa","21.016621823465, 105.808050136124"
42241216,25/02/2025,"Bán tập thể tại Phố Phương Mai, 2,68 tỷ, 60m2, 2PN, 1WC","2,68 tỷ",60 m²,"44,67 tr/m²",2,1,"Phương Mai, Đống Đa","21.0014318203389, 105.839125042666"
42260142,25/02/2025,Em bán căn nhà tập thể Kim Liên TT Đống Đa full nội thất xịn sò,"2,68 tỷ",65 m²,"41,23 tr/m²",N/A,N/A,"Kim Liên, Đống Đa","21.0050482157071, 105.835620301447"
35922985,25/02/2025,"Chính chủ - bán chung cư N01 Xã Đàn - Đê La Thành 35, 52m2, full nội thất, giảm 50tr căn, ở ngay",860 triệu,35 m²,"24,57 tr/m²",1,1,"Thổ Quan, Đống Đa","21.016230654611, 105.832409921739"
42258962,25/02/2025,Bán nhà TT Văn Chương 50m - nhỉnh 2 tỷ - Đống Đa - siêu đẹp,"2,45 tỷ",50 m²,49 tr/m²,N/A,N/A,"Văn Chương, Đống Đa","21.0233567600179, 105.83667937927"
42255954,25/02/2025,Mở bán - chung cư N1 Lê Duẩn - Xã Đàn - Đống Đa - DT 30m2 - 55m2,800 triệu,35 m²,"22,86 tr/m²",1,1,"Phương Liên, Đống Đa","21.011653961816, 105.836963506552"
42244147,25/02/2025,Bán nhà TT Phương Mai 70m - nhỉnh 2 tỷ - Đống Đa - siêu đẹp,"2,9 tỷ",70 m²,"41,43 tr/m²",N/A,N/A,"Phương Mai, Đống Đa","21.0013404662726, 105.839349246548"
39190289,24/02/2025,"Chính chủ bán căn hộ phố Hào Nam - Cát Linh - Đống Đa, full NT, sổ hồng Vĩnh Viễn",Giá thỏa thuận,50 m²,N/A,2,1,"Cát Linh, Đống Đa","21.0288733, 105.8308437"
42208342,24/02/2025,"Chính chủ bán căn hộ 3PN Hong Kong Tower 107m2 Đống Đa tầng trung view thoáng, sẵn sổ",10 tỷ,107 m²,"93,46 tr/m²",3,2,"Láng Thượng, Đống Đa","21.026741231963832, 105.80342471791663"
41767326,23/02/2025,"Chỉ từ 1,7 tỷ(50%)căn hộ trung tâm Q. Đống Đa. Cho thuê 16-30tr/tháng. Tặng full nội thất cao cấp","3,4 tỷ",37 m²,"91,89 tr/m²",1,1,"Thịnh Quang, Đống Đa","21.004333435278156, 105.81842242478521"
42240134,22/02/2025,"Giảm 500 triệu! Mình cần bán căn 3 ngủ Hacisco 107 Ng Chí Thanh, ban công Đông Nam, tặng full đồ","6,5 tỷ",115 m²,"56,52 tr/m²",3,2,"Láng Hạ, Đống Đa","21.0241085624411, 105.811155223475"
42224108,21/02/2025,"Bán CC 3PN, 2WC, 120m2, 7,7 tỷ tại 107 Nguyễn Chí Thanh, Láng Hạ, Đống Đa, Hà Nội. LH: 0988 606 ***","7,7 tỷ",120 m²,"64,17 tr/m²",3,2,"Láng Hạ, Đống Đa","21.0201975234894, 105.808358004485"
42106685,21/02/2025,"Bán CHCC Sky City Towers - 88 Láng Hạ, Đống Đa, 150m2, 3PN, đồ cơ bản, giá thỏa thuận. 0983 951 ***",Giá thỏa thuận,150 m²,N/A,3,2,"Láng Hạ, Đống Đa","21.0118165395251, 105.8111409636064"
28004168,21/02/2025,"Cần bán chung cư An Trạch - Tôn Đức Thắng, 35m2, 55m2, full đồ, ở ngay",Giá thỏa thuận,50 m²,N/A,2,1,"Cát Linh, Đống Đa","21.0288733, 105.8308437"
42230828,21/02/2025,"Hiếm! Bán CCMN mới 50m2 Xã Đàn - Tôn Đức Thắng, full nội thất cao cấp, nhận nhà ở ngay","1,75 tỷ",50 m²,35 tr/m²,2,1,"Hàng Bột, Đống Đa","21.0160917836717, 105.831921326919"
39552080,21/02/2025,"Chủ đầu tư bán chung cư Ngã Tư Sở - Trường Chinh chỉ 790tr căn, nhận nhà về ở luôn, Full đồ",Giá thỏa thuận,50 m²,N/A,2,1,"Thịnh Quang, Đống Đa","21.0022035, 105.8231069"
42229605,21/02/2025,Tập thể Đống Đa - T2 - 2 ngủ ở a luôn. Trung tâm Đống Đa - 2 ngủ - nhà đẹp - tặng full nội thất,"4,1 tỷ",40 m²,"102,5 tr/m²",2,2,"Cát Linh, Đống Đa","21.0261731074214, 105.826688773834"
40940177,20/02/2025,"Cần bán gấp chung cư Khương Thượng 35 - 52m2, giá chỉ 990tr căn full đồ, đã có sổ hồng vĩnh viễn","1,3 tỷ",35 m²,"37,14 tr/m²",1,1,"Khương Thượng, Đống Đa","21.0041530255669, 105.824932535716"
41761953,19/02/2025,"Dòng tiền 300tr/năm, 2PN2WC, 63m2, mới tinh, view thành phố, đống đa, HTLS 50%, giá chỉ 5,3 tỷ","5,3 tỷ",63 m²,"84,13 tr/m²",2,2,"Thịnh Quang, Đống Đa","21.00419443055402, 105.81866604074068"
42153612,12/02/2025,Căn hộ 3 ngủ duy nhất toà Mipec 2/2025 bán,9 tỷ,121 m²,"74,38 tr/m²",3,3,"Cát Linh, Đống Đa","21.0084572462615, 105.823751161042"
42147623,12/02/2025,Căn hộ tầng 7 lô góc ngõ 82 Yên Lãng 43m2 - 2PN + 1PK + 1VS giá 1.53 tỷ,"1,53 tỷ",43 m²,"35,58 tr/m²",2,1,"Trung Liệt, Đống Đa","21.0119138001626, 105.817707948081"
42097689,05/02/2025,"Chính chủ cần bán căn hộ tập thể Viện Thú Y , 74 Trường Chinh , Đống Đa, HN.","2,69 tỷ",42 m²,"64,05 tr/m²",2,1,"Phương Mai, Đống Đa","20.9988353295654, 105.837468535422"
41979825,05/02/2025,"Bán gấp nhà 52m2/100m2 phố Thái Hà, 4N2WC","3,8 tỷ",52 m²,"73,08 tr/m²",4,2,"Trung Liệt, Đống Đa","21.0126963645824, 105.820175881837"
42275683,04/03/2025,"(Giá gốc) Studio 2,65 tỷ/ căn 45m2 - 3,65 tỷ/ căn 64m2 - 4,35 tỷ chung cư 90 Láng, Đống Đa",Giá thỏa thuận,64 m²,N/A,N/A,N/A,"Thịnh Quang, Đống Đa","21.00381847014101, 105.81858844410539"
39448191,06/03/2025,Chủ đầu tư bán trực tiếp chung cư N3 Ô Chợ Dừa - Xã Đàn,Giá thỏa thuận,60 m²,N/A,N/A,N/A,"Ô Chợ Dừa, Đống Đa","21.0160126007318, 105.832617843865"
41586793,06/03/2025,"Căn hộ đẹp bán tại D. Le Pont Dor - Hoàng Cầu, giá thỏa thuận, diện tích 403m2",Giá thỏa thuận,403 m²,N/A,N/A,N/A,"Ô Chợ Dừa, Đống Đa","21.019493103027344, 105.82234191894531"
42347191,06/03/2025,Bán Căn hộ chung cư tòa 71 nguyễn chí thanh 3 ngủ 110m2 Đống Đa Hà Nội (0869 688 ***),Giá thỏa thuận,110 m²,N/A,N/A,N/A,"Láng Hạ, Đống Đa","21.01605135469156, 105.81309021075229"
42340904,05/03/2025,"Bán căn hộ 187 Tây Sơn, giá cực chất  120m2 tại Đống Đa, Hà Nội",Giá thỏa thuận,120 m²,N/A,N/A,N/A,"Quang Trung, Đống Đa","21.0130994487172, 105.827626968693"
42329758,04/03/2025,"Bán Căn hộ ở Sky City Towers-88 Láng Hạ, diện tích 102,5m2 thiết kế 2 ngủ, 2 WC. Căn duy nhất!",Giá thỏa thuận,"102,5 m²",N/A,N/A,N/A,"Láng Hạ, Đống Đa","21.0117683065388, 105.81145523361"
42328741,04/03/2025,Bác sĩ Tân cần bán căn tập thể Phương Mai 65m2 2.95tỷ của mình để chuyển về nhà mới,"2,95 tỷ",65 m²,"45,38 tr/m²",N/A,N/A,"Phương Mai, Đống Đa","21.0013723234581, 105.839136375773"
42198239,05/03/2025,Quỹ căn chuyển nhượng từ 1-2-3-4 phòng | Sẵn sổ đỏ cập nhật liên tục tại Green Diamond 93 Láng Hạ,"9,4 tỷ",86 m²,"109,3 tr/m²",3,N/A,·,"21.0161961065944, 105.815622463366"
40394259,02/03/2025,Quỹ chuyển nhượng phong phú nhất thị trường từ 1PN - 2PN - 3PN - 4PN - Sổ đỏ trao tay. 0899 822 ***,Giá thỏa thuận,86 m²,N/A,2,2,·,"21.016826629638672, 105.81522369384766"
42247299,06/03/2025,"Hot tư vấn chuyên sâu The Ninety Complex 90 Đường Láng, nhiều lựa chọn Quỹ căn đẹp & độc quyền","4,3 tỷ",63 m²,"68,25 tr/m²",2,2,"Thịnh Quang, Đống Đa","21.0036082646885, 105.818512533411"
42303732,06/03/2025,Bán CH khách sạn The Ninety Complex 2N2VS - full nội thất liền tường - cho thuê từ 20tr/tháng,"4,8 tỷ",64 m²,75 tr/m²,2,2,"Thịnh Quang, Đống Đa","21.0047192665842, 105.818612172788"
42275683,04/03/2025,"(Giá gốc) Studio 2,65 tỷ/ căn 45m2 - 3,65 tỷ/ căn 64m2 - 4,35 tỷ chung cư 90 Láng, Đống Đa",Giá thỏa thuận,64 m²,N/A,N/A,N/A,"Thịnh Quang, Đống Đa","21.00381847014101, 105.81858844410539"
42323230,04/03/2025,"Chính chủ bán gấp căn hộ tập thể mặt đường Giảng Võ - vị trí đắc địa, sổ đỏ, ở ngay, giá tốt","5,97 tỷ",85 m²,"70,2 tr/m²",2,1,"Cát Linh, Đống Đa","21.0261880558783, 105.823087637877"
42273958,03/03/2025,"Chỉ từ 2.8 tỷ căn 2PN ngay 90 Láng, Đống Đa, nhận nhà T6/2025, tặng full nội thất. HTLS 21 tháng","4,5 tỷ",62 m²,"72,58 tr/m²",2,2,"Thịnh Quang, Đống Đa","21.00365866409947, 105.81793677569206"
42286561,28/02/2025,"Căn hộ studio dòng tiền cam kết 16tr/1th mặt đường Láng full nội thất, 4 hầm xe - HTLS 0% tới 2027","3,3 tỷ",37 m²,"89,19 tr/m²",1,1,"Thịnh Quang, Đống Đa","21.004409821810203, 105.81870588435248"
42323690,07/03/2025,"Siêu phẩm căn góc 3 phòng ngủ, diện tích 144m2, tầng 23, tháp B - Sky City 88 Láng Hạ",15 tỷ,144 m²,"104,17 tr/m²",3,2,"Láng Hạ, Đống Đa","21.01271166201234, 105.81103454666612"
42332365,06/03/2025,Chuyển nhượng quỹ căn 2PN - 3PN tại chung cư Sky City Tower 88 Láng Hạ - Hàng Thật - Giá Thật,"12,32 tỷ",145 m²,85 tr/m²,3,2,"Láng Hạ, Đống Đa","21.01220546792327, 105.811628636183"
42340655,05/03/2025,"Cắt lỗ, chung cư mini Tôn Đức Thắng - An Trạch 45 - 50m2, 2PN - Full nội thất, LH chính chủ","1,49 tỷ",50 m²,"29,8 tr/m²",2,1,"Hàng Bột, Đống Đa","21.0267676957684, 105.833839508506"
42340108,05/03/2025,"Quỹ căn cần bán gấp Vinhomes Nguyễn Chí Thanh 1PN, 2PN, 3PN, 4PN xem nhà 24/7, giá tốt thị trường",14 tỷ,137 m²,"102,19 tr/m²",3,2,"Láng Hạ, Đống Đa","21.0229530334473, 105.809814453125"
35881418,05/03/2025,"Bán chuyển nhượng căn hộ góc đẹp nhất dự án Hateco Laroma, liên hệ xem nhà: 0934 364 ***",Giá thỏa thuận,137 m²,N/A,3,2,"Láng Thượng, Đống Đa","21.02015658357982, 105.80700817068984"
42338729,05/03/2025,"Chính chủ - bán căn hộ Đống Đa, full nội thất",Giá thỏa thuận,40 m²,N/A,1,1,"Thịnh Quang, Đống Đa","21.0176539603774, 105.823602481728"
42334524,05/03/2025,"Đẹp mộc mạc, xinh xắn đến từng chi tiết! Căn hộ Phố Đoàn Thị Điểm. Sổ 43m2 Thực tế 66m2. 2PN 1WC","4,39 tỷ",66 m²,"66,52 tr/m²",2,1,"Văn Miếu - Quốc Tử Giám, Đống Đa","21.0260952563087, 105.832102587391"
41869554,05/03/2025,"Mở bán chung cư Ngã Tư Sở - Đống Đa 70tr/m2, chiết khấu 1.3 tỷ, full nội thất 5*, vay lãi suất 0%","4,55 tỷ",65 m²,70 tr/m²,2,2,"Thịnh Quang, Đống Đa","21.0040850468794, 105.818816948547"
41292093,05/03/2025,"Chính chủ bán căn hộ 50m2 Trung Tâm phố Trần Quý Cáp - Hồ Linh Quang 1,750 tỷ, ở ngay Cách hồ 50m","1,75 tỷ",48 m²,"36,46 tr/m²",2,1,"Hàng Bột, Đống Đa","21.0164153319904, 105.832225792481"
42327237,04/03/2025,"Chính chủ cần bán nhanh căn góc 104m2 - Hateco Laroma - Huỳnh Thúc Kháng, Đống Đa, Hà Nội",Giá thỏa thuận,104 m²,N/A,3,2,"Láng Thượng, Đống Đa","21.0202551738777, 105.80633460353"
40942680,04/03/2025,"Bán căn góc hiếm tại dự án Hateco diện tích 137,5m2 - thiết kế 3PN + 1 kho. Lh 0975 034 ***",Giá thỏa thuận,"137,5 m²",N/A,3,2,"Láng Thượng, Đống Đa","21.0204162597656, 105.807243347168"
41755131,04/03/2025,Chính chủ bán CH1103 Hacisco 107 Nguyễn Chí Thanh 105m2 có 3PN - 2WC nhà đã sửa chữa toàn bộ,Giá thỏa thuận,105 m²,N/A,3,2,"Láng Hạ, Đống Đa","21.0206790205261, 105.80829168295"
42323709,04/03/2025,"Hiếm! Bán căn hộ tháp A, chung cư 88 Láng Hạ, 139m2, 3 ngủ, nội thất cơ bản, giá 14.8 tỷ","14,8 tỷ",139 m²,"106,48 tr/m²",3,2,"Láng Hạ, Đống Đa","21.01210753744107, 105.81051388702268"
42321105,03/03/2025,"Căn hộ khách sạn 90 đường Láng The Ninety Complex, Thịnh Quang, Đống Đa, Hà Nội, chỉ với hơn 3,3tỷ","3,31 tỷ",38 m²,"87,08 tr/m²",2,2,"Thịnh Quang, Đống Đa","21.0038698527488, 105.819295769137"
41969102,01/03/2025,"Bán căn hộ phố An Trạch - Cát Linh 50m2 2 ngủ full nội thất, ở ngay","1,79 tỷ",50 m²,"35,8 tr/m²",2,1,"Văn Miếu - Quốc Tử Giám, Đống Đa","21.0280818974382, 105.831633374517"
42252044,01/03/2025,"(Giá shock) cầm 2,7 tỷ mua đứt căn Studio ngay ngã tư Sở, quận Đống Đa cho thuê 15tr/ tháng","2,7 tỷ",32 m²,"84,38 tr/m²",N/A,N/A,"Thịnh Quang, Đống Đa","21.004061411106736, 105.81869928017205"
41829902,28/02/2025,"Duy nhất căn 2PN 76m2 view toàn thành phố tặng full nội thất cao cấp giá chỉ 4,8 tỷ. LH 0983 975 ***","4,8 tỷ",76 m²,"63,16 tr/m²",2,2,"Thịnh Quang, Đống Đa","21.003791471954255, 105.81878415125176"
42299914,28/02/2025,"Sốc, quỹ căn hot giá 75tr/m2 toà The Ninety Complex Tháng 6 có nhà, lh 0978 079 ***","4,8 tỷ",64 m²,75 tr/m²,N/A,N/A,"Thịnh Quang, Đống Đa","21.0034564016989, 105.819141268477"
41968618,28/02/2025,Chính chủ uỷ quyền nhượng căn góc 3 ngủ view hồ tầng cao nguyên bản dự án Green Diamond 93 Láng Hạ,"16,5 tỷ","136,33 m²","121,03 tr/m²",3,N/A,"Láng Hạ, Đống Đa","21.0161961065944, 105.815622463366"
42295029,28/02/2025,"Bán căn hộ chung cư tại Phố Phương Mai, 55m2, ô tô đỗ cửa, tầng 1 có sân để xe 4 tỷ, ra phố mấy mét",4 tỷ,55 m²,"72,73 tr/m²",2,2,"Phương Mai, Đống Đa","21.0012084540201, 105.839242521499"
42285521,27/02/2025,Căn góc chung cư Gloria Sink Path view đường Nguyên Hồng 64m2 2PN 2WC,"8,96 tỷ",64 m²,140 tr/m²,2,2,"Láng Hạ, Đống Đa","21.0159354736669, 105.809370918345"
41792399,26/02/2025,Chung cư cao cấp Nesta 83 Phố Hào Nam-Cần bán gấp căn 2 ngủ S:77m2 giá bán gấp từ 112tr/m2 trong T3,"8,69 tỷ",77 m²,"112,8 tr/m²",2,2,"Ô Chợ Dừa, Đống Đa","21.024320870929532, 105.8267963690533"
42252965,25/02/2025,Quỹ căn đẹp & độc quyền 90 Láng mua trực tiếp CĐT. Giảm 10% so với giá thị trường tư vấn chuyên sâu,"4,3 tỷ",63 m²,"68,25 tr/m²",2,2,"Thịnh Quang, Đống Đa","21.003918666010513, 105.81826493479889"
42263576,25/02/2025,NHƯỢNG LẠI SUẤT NGOẠI GIAO CĂN 2PN DỰ ÁN THE NINETY- 90 LÁNG. GIÁ RẺ HƠN THỊ TRƯỜNG 10%- KÝ TT CĐT,"3,6 tỷ",45 m²,80 tr/m²,N/A,N/A,"Thịnh Quang, Đống Đa","21.004454779897717, 105.81784067584063"
42356330,07/03/2025,"Bán Tòa CCMN 16p kk, 7T thang máy tại phố Xã Đàn, Đống Đa, Lô góc 2 thoáng, ngõ thông, gần phố","16,99 tỷ",60 m²,"283,17 tr/m²",16,17,"Kim Liên, Đống Đa","21.0065495285755, 105.835936539523"
39448191,06/03/2025,Chủ đầu tư bán trực tiếp chung cư N3 Ô Chợ Dừa - Xã Đàn,Giá thỏa thuận,60 m²,N/A,N/A,N/A,"Ô Chợ Dừa, Đống Đa","21.0160126007318, 105.832617843865"
41679336,06/03/2025,Chính chủ Bán căn hộ studio 28m2 phố An Trạch - Đống Đa - full đồ - ở ngay,"1,18 tỷ",28 m²,"42,14 tr/m²",1,1,"Văn Miếu - Quốc Tử Giám, Đống Đa","21.0278597034111, 105.831671409696"
41229532,06/03/2025,"Chính chủ bán nhanh căn hộ toà Sky City Towers 112m2 - Nhà ban công Đông Bắc - giá 8,5tỷ 0988 246 ***","8,5 tỷ",112 m²,"75,89 tr/m²",N/A,N/A,"Láng Hạ, Đống Đa","21.0150507429091, 105.812917770085"
41992766,06/03/2025,"Nhà tập thể 2 tầng Kim Liên 65m2, ô tô đỗ chân cầu thang, 2 ngủ 2 WC, full nội thất, chỉ 3.4 tỷ","3,4 tỷ",65 m²,"52,31 tr/m²",2,2,"Kim Liên, Đống Đa","21.0052207737874, 105.835604924485"
42355849,06/03/2025,"Xã Đàn 86/100m2 x 9 tầng, mặt tiền 5.1m, GIÁ 32 tỷ.",32 tỷ,100 m²,320 tr/m²,29,30,"Nam Đồng, Đống Đa","21.0168209834045, 105.831875127807"
42337106,06/03/2025,Chính chủ cần bán TT Nguyễn Chí Thanh - 70m2 - 2 mặt thoáng - hành lang rộng - sổ đỏ đẹp,"4,2 tỷ",70 m²,60 tr/m²,2,1,"Láng Thượng, Đống Đa","21.0211823750747, 105.808453290226"
42308302,06/03/2025,"Cần bán căn hộ tầng 4 khu tập thể Điện Lực phố Đoàn Thị Điểm, Quốc Tử Giám","4,39 tỷ",70 m²,"62,71 tr/m²",2,1,"Văn Miếu - Quốc Tử Giám, Đống Đa","21.0263995178349, 105.832265524079"
40819170,06/03/2025,"Tập thể tầng 1 ngay gần chợ ĐH Thủy Lợi Khương Thượng, gần nhiều trường đại học và bệnh viện","3,05 tỷ",50 m²,61 tr/m²,2,1,"Khương Thượng, Đống Đa","21.0041343851131, 105.82488887894"
40975798,06/03/2025,Cần bán căn hộ Tập thể Tôn Đức Thắng 50m2 x 2 ngủ ô tô cầu thang 2 tỷ hơn,"2,35 tỷ",50 m²,47 tr/m²,2,N/A,"Trung Liệt, Đống Đa","21.0125414215219, 105.820414443856"
41779097,06/03/2025,"Duy nhất căn 2PN, 45m2, view thành phố, tặng full nội thất cao cấp, giá chỉ 3,9 tỷ","3,9 tỷ",45 m²,"86,67 tr/m²",2,1,"Thịnh Quang, Đống Đa","21.00456268878875, 105.81908928862848"
41759179,06/03/2025,"Căn hộ 2PN2WC, 63m2, mới tinh, view thành phố, đống đa, HTLS 50%, giá chỉ 4,9 tỷ","4,9 tỷ",63 m²,"77,78 tr/m²",2,2,"Thịnh Quang, Đống Đa","21.00410270690918, 105.81869506835938"
41793537,06/03/2025,"Dòng tiền 300tr/năm, 2PN2WC, 63m2, mới tinh, view thành phố, đống đa, HTLS 50%, giá chỉ 5,3 tỷ","5,3 tỷ",63 m²,"84,13 tr/m²",2,2,"Thịnh Quang, Đống Đa","21.004391842744454, 105.81881998002902"
41794411,06/03/2025,"Chung cư 1PN, 37m2, Dòng tiền cho thuê 200tr/năm, giá chỉ 3,2 tỷ","3,2 tỷ",37 m²,"86,49 tr/m²",1,1,"Trung Liệt, Đống Đa","21.004584823339684, 105.82281979306674"
42354343,06/03/2025,"Bán căn hộ chung cư Hateco Laroma - Huỳnh Thúc Kháng, 115m2, 3PN, căn góc, 13 tỷ LH: 0814 332 ***",13 tỷ,115 m²,"113,04 tr/m²",3,2,"Láng Thượng, Đống Đa","21.020303588998484, 105.80682051104755"
41425463,06/03/2025,Nhượng căn 2 ngủ 91.3m nguyên bản chưa chỉnh sửa view hồ dự án Green Diamond,Giá thỏa thuận,"91,3 m²",N/A,2,N/A,"Láng Hạ, Đống Đa","21.017064267283196, 105.81604111745276"
42327770,06/03/2025,Bán 2 ngủ full nội thất xịn đẹp giá 12 tỉ,12 tỷ,92 m²,"130,44 tr/m²",N/A,N/A,"Láng Hạ, Đống Đa","21.01755957790609, 105.81548990841758"
42098581,06/03/2025,"Cần bán gấp căn hộ CC Hateco Laroma 4A HTK, 137m2, 3PN, căn góc, tầng cao, nội thất xịn. 0963 668 ***",Giá thỏa thuận,137 m²,N/A,3,2,"Láng Thượng, Đống Đa","21.0204162597656, 105.807243347168"
40958266,06/03/2025,"Cần bán gấp căn hộ chung cư Hateco Laroma 4A HTK, 90m2, 2PN, căn góc, tầng cao, 9 tỉ. 0963 668 ***",9 tỷ,90 m²,100 tr/m²,2,2,"Láng Thượng, Đống Đa","21.0204162597656, 105.807243347168"
42318355,06/03/2025,"Mặt bằng kinh doanh căn hộ tập thể tầng 1, Phố Nam Đồng, Đống Đa, 48m2 x 1 ngủ x 1wc",3 tỷ,48 m²,"62,5 tr/m²",1,1,"Nam Đồng, Đống Đa","21.0137088038379, 105.83333281788"
37679148,06/03/2025,Chuyển nhượng căn góc 3 ngủ có 3 ban công thoáng view hồ đẹp nhất dự án 93 Láng Hạ ở tầng 21,Giá thỏa thuận,138 m²,N/A,3,2,"Láng Hạ, Đống Đa","21.015989703701084, 105.81553235237325"
37510188,06/03/2025,Bán gấp căn 2 ngủ DT 92m2 ban công Tây Bắc view hồ Thành Công tầng 18,Giá thỏa thuận,92 m²,N/A,2,2,"Láng Hạ, Đống Đa","21.0168266296387, 105.815223693848"
42283044,06/03/2025,"Tập thể tầng 1, Láng Hạ, Đống Đa ô tô đỗ cửa kinh doanh chỉ 6,2 tỷ","6,2 tỷ",40 m²,155 tr/m²,3,1,"Ô Chợ Dừa, Đống Đa","21.0181995330718, 105.816675994498"
42033267,06/03/2025,"Bán Căn Hộ Tt Tầng 4 Studio gần Plaza Hà thành. SĐCC, 58m2. Có 2Pn. Full nt mới tinh. Giá 2.75 tỷ.","2,75 tỷ",63 m²,"43,65 tr/m²",3,2,"Thịnh Quang, Đống Đa","21.008999379889843, 105.82024029057618"
41592155,06/03/2025,"Chủ đầu tư Hateco Laroma mở bán đợt cuối các sàn đẹp, căn đẹp, chọn căn, chọn tầng, giá ưu đãi",Giá thỏa thuận,"80,27 m²",N/A,2,2,"Láng Thượng, Đống Đa","21.020416259765625, 105.80724334716797"
42314633,06/03/2025,"Bán căn hộ chung cư mặt đường Nguyễn Chí Thanh, DT 113m2, 3 PN, 2 WC giá bán 7,2 tỷ","7,2 tỷ",113 m²,"63,72 tr/m²",3,2,"Láng Hạ, Đống Đa","21.0204086392065, 105.80814846607"
38935749,06/03/2025,"Chính chủ - bán chung cư N02 Hoàng Cầu - Ô Chợ Dừa - Đống Đa - nội thất đầy đủ, sổ hồng vĩnh viễn",980 triệu,58 m²,"16,9 tr/m²",2,2,"Ô Chợ Dừa, Đống Đa","21.0164891, 105.8227091"
37016774,06/03/2025,"Chính chủ - bán chung cư A5 Thái Hà - Thái Thịnh - Đống Đa, nội thất đầy đủ, sổ đỏ vĩnh viễn",753 triệu,53 m²,"14,21 tr/m²",2,2,"Thịnh Quang, Đống Đa","21.0101998, 105.8186006"
42348516,06/03/2025,"Bán CHCC Hateco Laroma 4A Huỳnh Thúc Kháng, Đống Đa, 137m2, 3PN, giá thỏa thuận, LH 0983 951 ***",Giá thỏa thuận,137 m²,N/A,3,2,"Láng Thượng, Đống Đa","21.020730785064206, 105.80799022735874"
42318880,06/03/2025,"Bán căn 2 ngủ, full nội thất ở ngay, chung cư Hòa Phát 257 Giải Phóng, Đống Đa","6,28 tỷ",90 m²,"69,78 tr/m²",2,2,"Phương Mai, Đống Đa","20.998500781412474, 105.84056417970592"
42308118,06/03/2025,"Gia đình cần bán căn hộ Hòa Phát 257 Giải Phóng - 108m2, 3 ngủ 2 vệ sinh, giá 7.8 tỷ - 0968 224 ***","7,8 tỷ",108 m²,"72,22 tr/m²",3,2,"Phương Mai, Đống Đa","20.998664076537615, 105.8415683316974"
42305362,06/03/2025,"Chuyên gia số 1 Vinhomes Nguyễn Chí Thanh; Cập nhật quỹ căn HOT, hỗ trợ trọn gói; Giá tốt nhất!","5,6 tỷ",56 m²,100 tr/m²,1,1,"Láng Thượng, Đống Đa","21.023452459449583, 105.80929010875093"
41601011,06/03/2025,"Tôi bán căn hộ chung cư tòa nhà 170 Đê La Thành - 142,6m2, 3PN full nội thất","7,68 tỷ","142,6 m²","53,86 tr/m²",3,2,"Ô Chợ Dừa, Đống Đa","21.0212249755859, 105.828063964844"
42354082,06/03/2025,Mở bán căn hộ chung cư tiêu chuẩn khách sạn chỉ từ 2.8 tỷ ngày giữa trung tâm Đống Đa,"2,8 tỷ",35 m²,80 tr/m²,1,N/A,"Thịnh Quang, Đống Đa","21.0044207636968, 105.819444983043"
39198062,06/03/2025,"Bán căn hộ 105m2, 3PN tại CC Hateco Laroma. Căn góc - tầng cao, nội thất cao cấp. Giá rẻ",Giá thỏa thuận,105 m²,N/A,3,2,"Láng Thượng, Đống Đa","21.0204162597656, 105.807243347168"
42234465,06/03/2025,"Chính chủ tôi bán căn hộ Vườn Xuân - 71 Nguyễn Chí Thanh - 76,1m2 có 2 phòng ngủ full đồ","5,3 tỷ","76,1 m²","69,64 tr/m²",2,1,"Láng Hạ, Đống Đa","21.016073737134917, 105.81264056258757"
40848277,06/03/2025,"Bán căn ngoại giao 2PN tại The Gloria-8 Nguyên Hồng, nhận nhà ở ngay, đã có sổ. Giá chỉ từ 6,x tỷ",Giá thỏa thuận,57 m²,N/A,2,2,"Láng Hạ, Đống Đa","21.0158519744873, 105.809234619141"
42353594,06/03/2025,"Bán căn góc 3PN tầng cao 16,5 tỷ. Sổ đỏ đầy đủ, full nội thất cao cấp. 0936 955 ***","16,5 tỷ","137,1 m²","120,35 tr/m²",3,2,"Láng Thượng, Đống Đa","21.019937132547895, 105.80730805452914"
42062091,06/03/2025,Bán căn góc chung cư Lancaster Luminaire 1152 đường Láng 120m2 căn đẹp nhất tòa nhà,"12,6 tỷ",120 m²,105 tr/m²,3,3,"Láng Thượng, Đống Đa","21.0230752364463, 105.805121055851"
42353295,06/03/2025,"Bán tập thể Phương Mai, Đống Đa, T1, 50m2 (24m2 sổ) 2 ngủ, sân để xe, nhỉnh 2 tỷ",2 tỷ,50 m²,40 tr/m²,2,N/A,"Phương Mai, Đống Đa","21.0009241035295, 105.839323726404"
41515500,06/03/2025,"Chính chủ bán căn hộ tòa M3 - M4 Nguyễn Chí Thanh, 3 phòng ngủ, 2 vệ sinh",8 tỷ,126 m²,"63,49 tr/m²",3,2,"Láng Hạ, Đống Đa","21.020200729370117, 105.80887603759766"
42285192,06/03/2025,"Bán tập thể Tôn Đức Thắng, T2, 60m2(34m2 sổ), 2 ngủ, 2 thoáng, 3.3 tỷ","3,3 tỷ",60 m²,55 tr/m²,2,N/A,"Hàng Bột, Đống Đa","21.0268676661607, 105.833693264349"
42283891,06/03/2025,"Bán TT Láng Hạ, mặt phố, Đống Đa, 50m2, 2 ngủ, 2.98 tỷ","2,98 tỷ",50 m²,"59,6 tr/m²",2,N/A,"Láng Hạ, Đống Đa","21.0156014623841, 105.812817821899"
42318562,06/03/2025,"Bán tập thế Chùa Láng, Đống Đa, T2, 75m2 (37m2 sổ), 3 ngủ, 3.75 tỷ","3,75 tỷ",75 m²,50 tr/m²,3,1,"Láng Thượng, Đống Đa","21.0230912031049, 105.806451403205"
42307639,06/03/2025,"Bán tập thể Văn Chương, Đống Đa, 55m2 (27m2 sổ), 2 ngủ, 2.48 tỷ","2,48 tỷ",55 m²,"45,09 tr/m²",2,1,"Văn Chương, Đống Đa","21.0219552061226, 105.833511815082"
42307727,06/03/2025,"Bán tập thể Nam Đồng, Hồ Đắc Di, Đống Đa, 65m2 (39m2 sổ), 2 ngủ, 3.65 tỷ","3,65 tỷ",65 m²,"56,15 tr/m²",2,2,"Nam Đồng, Đống Đa","21.0123339363467, 105.829042797444"
42285048,06/03/2025,"Bán tập thể Thủy Lợi, Đống Đa, T1, 60m2, 2 ngủ, gần phố, 2.8 tỷ","2,8 tỷ",60 m²,"46,67 tr/m²",2,N/A,"Khương Thượng, Đống Đa","21.0048089552329, 105.821973929364"
42298349,06/03/2025,Chỉnh chủ mình nhượng căn hộ 810 - 2PN 70m2 tòa nhà The Gloria By Silk Path,Giá thỏa thuận,70 m²,N/A,2,2,"Láng Hạ, Đống Đa","21.015137073995295, 105.80949755742405"
42353029,06/03/2025,"Bán Tập thể Giảng Võ, Đống Đa, Lo góc, T3, 75m2 (45m2 sổ), 3 ngủ, 4.6tỷ","4,6 tỷ",75 m²,"61,33 tr/m²",3,N/A,"Cát Linh, Đống Đa","21.0260418395536, 105.823270658056"
42169492,06/03/2025,"Cần bán gấp căn hộ tại Vinhomes Nguyễn Chí Thanh, 90m2, 2 PN, đủ đồ, 8.5 tỉ. LH: 0963 668 ***","8,5 tỷ",90 m²,"94,44 tr/m²",2,2,"Láng Thượng, Đống Đa","21.0234508514404, 105.809288024902"
41143389,06/03/2025,"Cần bán căn hộ 2 ngủ tại Vinhomes Nguyễn Chí Thanh, 90m2, giá 9 tỷ để lại nội thất. lh 0942 033 ***",Giá thỏa thuận,90 m²,N/A,2,2,"Láng Thượng, Đống Đa","21.0234508514404, 105.809288024902"
42275693,06/03/2025,"Bán nhanh căn hộ CC Hateco Laroma - Huỳnh Thúc Kháng,DT 137m2, 3PN, căn góc, tầng cao, view thoáng.",Giá thỏa thuận,137 m²,N/A,3,2,"Láng Thượng, Đống Đa","21.02042525303539, 105.80661176368402"
42352517,06/03/2025,"Hoa Hậu! tập thể mặt phố Đoàn Thị Điểm, Đống Đa, sổ to 2 ban công 65m2 2pn nhà đẹp chỉ 4,34 tỷ","4,34 tỷ",65 m²,"66,77 tr/m²",2,1,"Cát Linh, Đống Đa","21.0263667912435, 105.832249582388"
42334032,06/03/2025,"Bán chung cư cao cấp Green Diamond 93 Láng Hạ, 3PN căn góc tầng cao view hồ 145m2 LH: 0814 332 ***",Giá thỏa thuận,145 m²,N/A,3,2,"Láng Hạ, Đống Đa","21.016987573646674, 105.81573767616776"
40831595,06/03/2025,Nhượng căn 3 ngủ 140m full đồ hiện đại nhà mới 100% tầng cao view hồ,18 tỷ,142 m²,"126,76 tr/m²",3,N/A,"Láng Hạ, Đống Đa","21.016826629638672, 105.81522369384766"
42352455,06/03/2025,"Căn hộ TT Phương Mai 65m2, 3 ngủ, full nội thất chỉ 2.95 tỷ ( có tl )","2,95 tỷ",65 m²,"45,38 tr/m²",3,1,"Phương Liên, Đống Đa","21.004175761225383, 105.83934964612126"
42321082,06/03/2025,"Tôi cần bán căn 3pn 96m2 Tập Thể Hoàng Ngọc Phách, Đống Đa, giá 4.9 tỷ. Lh 0977 632 ***","4,9 tỷ",96 m²,"51,04 tr/m²",3,2,"Láng Hạ, Đống Đa","21.0160137105655, 105.811679882992"
42352356,06/03/2025,"Bán căn hộ 93 Láng Hạ - Green Diamond, 92m2, 2PN, căn góc đẹp, tầng cao, căn thương mai",Giá thỏa thuận,92 m²,N/A,2,2,"Láng Hạ, Đống Đa","21.016826629638672, 105.81522369384766"
42330965,06/03/2025,"Bán căn hộ tập thể 2PN, 1WC, 55m2, 2,45 tỷ tại Trần Quý Cáp, Khâm Thiên, Đống Đa, Hà Nội hot!","2,45 tỷ",55 m²,"44,54 tr/m²",2,1,"Khâm Thiên, Đống Đa","21.0259721997292, 105.840010892639"
42311044,06/03/2025,Chính chủ bán căn hộ tập thể tầng 3 Hàng Ngọc Phách Nguyên Hồng Đống Đa căn 75 m2,"4,25 tỷ",75 m²,"56,67 tr/m²",2,1,"Láng Hạ, Đống Đa","21.0158063364858, 105.812169689926"
42016829,06/03/2025,"Tập thể tầng 5 nhà B2 Vĩnh Hồ, 20m ra mặt phố, view sân chơi, ô tô gần, nhà mới thoáng, 65m2/2.8tỷ","2,8 tỷ",65 m²,"43,08 tr/m²",3,1,"Thịnh Quang, Đống Đa","21.0065171365504, 105.820289720105"
42351805,06/03/2025,"Bán nhanh căn hộ chung cư Hateco Laroma - Huỳnh Thúc Kháng, 110m2, 3PN, căn góc, 13 tỷ 0941 882 ***",13 tỷ,110 m²,"118,18 tr/m²",3,3,"Láng Thượng, Đống Đa","21.020416, 105.80724"
42319499,06/03/2025,Tập thể Nam Đồng - vị trí vip - ô tô đỗ cổng - ở cực vip - 2 tỷ 9,"2,9 tỷ",23 m²,"126,09 tr/m²",2,1,"Nam Đồng, Đống Đa","21.0134421263393, 105.833248206103"
39355634,06/03/2025,"Hot! Nhượng lại nhanh căn góc vip 3 ngủ DT 141m2 tầng cao, ban công rộng view Hồ",Giá thỏa thuận,141 m²,N/A,3,2,"Láng Hạ, Đống Đa","21.01599965861194, 105.81526626667022"
36922501,06/03/2025,"Bán căn 2 ngủ vip nhất dự án view trọn 2 hồ Thành Công, hồ Hoàng Cầu LH 0936 362 ***","10,8 tỷ","91,3 m²","118,29 tr/m²",2,2,"Láng Hạ, Đống Đa","21.0168266296387, 105.815223693848"
41586793,06/03/2025,"Căn hộ đẹp bán tại D. Le Pont Dor - Hoàng Cầu, giá thỏa thuận, diện tích 403m2",Giá thỏa thuận,403 m²,N/A,N/A,N/A,"Ô Chợ Dừa, Đống Đa","21.019493103027344, 105.82234191894531"
42328064,06/03/2025,"Bán căn hộ hoa hậu ở chung cư Lancaster Luminaire, Đống Đa, Hà Nội giá tốt 5 tỷ ký hợp đồng luôn!",5 tỷ,45 m²,"111,11 tr/m²",1,1,"Láng Thượng, Đống Đa","21.02367868521308, 105.80513015098327"
42348328,06/03/2025,"Nhà đẹp diện tích sử dụng 60m, 2 phòng ngủ đang cho thuê được 7tr/ tháng ở phố Nguyên Hồng","3,68 tỷ","33,2 m²","110,84 tr/m²",2,2,"Láng Hạ, Đống Đa","21.01589632818, 105.810182601697"
42251141,06/03/2025,Bán Duplex thông tầng B22 - 2301 toà D'Le Pont D'or 36 Hoàng Cầu - Tân Hoàng Minh view Hồ Hoàng Cầu,41 tỷ,405 m²,"101,24 tr/m²",N/A,N/A,"Ô Chợ Dừa, Đống Đa","21.019466187937006, 105.8219640293036"
42351351,06/03/2025,BÁN THE NINETY COMPLEX - 70m2 - 2N2WC - full nội thất - hàng ký CĐT,"6,23 tỷ",70 m²,89 tr/m²,2,2,"Thịnh Quang, Đống Đa","21.004168303695, 105.8185662489886"
42088917,06/03/2025,Tôi chính chủ cần bán căn hộ lô góc 151m2 tại mặt đường Nguyễn Chí Thanh giá 10 tỷ 0989 996 ***,10 tỷ,151 m²,"66,22 tr/m²",3,2,"Láng Hạ, Đống Đa","21.01935848480859, 105.8088871589094"
42157446,06/03/2025,"HOT: Bán căn hộ studio Lancaster - 50m2, full đẹp, giá 5tỷ. LH: 0899 511 ***",5 tỷ,50 m²,100 tr/m²,1,1,"Láng Thượng, Đống Đa","21.0240631173759, 105.805039437767"
41533546,06/03/2025,"Hot: Chính chủ bán Lancaster Luminaire, 96m2, 3PN, cơ bản giá 11.3 tỷ. LH: 0899';511.,866","11,14 tỷ",96 m²,116 tr/m²,3,2,"Láng Thượng, Đống Đa","21.0235824584961, 105.805229187012"
36844483,06/03/2025,"Bán căn hộ chung cư Hong Kong Tower - 243A Đê La Thành, 127m2, 3PN, căn góc, 0941 882 ***",Giá thỏa thuận,127 m²,N/A,3,2,"Láng Thượng, Đống Đa","21.0272006988525, 105.803825378418"
42351208,06/03/2025,Bán nhanh nhà tập thể ngay phố Chùa Bộc- 90m- 3 ngủ 2 wc- Full đồ ở luôn,"3,66 tỷ",90 m²,"40,67 tr/m²",3,2,"Trung Liệt, Đống Đa","21.0077927669985, 105.827834587059"
42303962,06/03/2025,"Bán căn hộ chung cư Hateco Laroma Hà Nội, diện tích 87m2 - 2PN tầng cao view thoáng, giá tốt!",Giá thỏa thuận,87 m²,N/A,2,2,"Láng Thượng, Đống Đa","21.019686294792923, 105.80768795093593"
42338352,06/03/2025,"Cần bán gấp căn hộ CC Hateco Laroma 4A HTK, 105m2, 3PN, căn góc, tầng cao, nội thất xịn. 0963 668 ***",Giá thỏa thuận,105 m²,N/A,3,2,"Láng Thượng, Đống Đa","21.02070571488637, 105.80807947081699"
42098664,06/03/2025,"Bán gấp căn hộ CC Hateco Laroma 4A Huỳnh Thúc Kháng, 120m2, 3PN, tầng cao, nội thất xịn. 0963 668 ***",Giá thỏa thuận,120 m²,N/A,3,2,"Láng Thượng, Đống Đa","21.0204162597656, 105.807243347168"
40142132,06/03/2025,Bán cắt lỗ - Chung cư H1 Thái Hà - Tây Sơn - Đống Đa - Full đồ,800 triệu,35 m²,"22,86 tr/m²",N/A,N/A,"Phương Liên - Trung Tự, Đống Đa","21.0096702111346, 105.831804286903"
42350961,06/03/2025,"BÁN NHÀ MẶT NGÕ TRƯỜNG CHINH-6 PHÒNG VỪA Ở VỪA CHO THUÊ-20M RA OTO TRÁNH, DT40M, 5TẦNG, NHỈNH 7 TỶ","7,8 tỷ",40 m²,195 tr/m²,N/A,N/A,"Phương Mai, Đống Đa","21.0032120622674, 105.838351228406"
42347420,06/03/2025,"Bán CC 3PN 2WC tại Nguyễn Chí Thanh, Đống Đa, HN, giá hơn 7 tỷ, 110m2, view đẹp","7,5 tỷ",110 m²,"68,18 tr/m²",3,2,"Láng Hạ, Đống Đa","21.020422112178, 105.808378369961"
36755701,06/03/2025,"Bán căn hộ Vinhomes Nguyễn Chí Thanh, 2 phòng ngủ giá rẻ nhất, sổ lâu dài, sẵn đồ nội thất",Giá thỏa thuận,86 m²,N/A,2,2,"Láng Hạ, Đống Đa","21.02368274064019, 105.80880891227247"
41592580,06/03/2025,"Quỹ 12 căn vip, giá ngoại giao, vị trí đẹp, lựa chọn căn, giá 7 tỷ, DT: 80m2, 137m2, Hateco Laroma",10 tỷ,94 m²,"106,38 tr/m²",3,2,"Láng Thượng, Đống Đa","21.020416259765625, 105.80724334716797"
42268977,06/03/2025,"Hiếm! Bán Tập thể Vĩnh Hồ, Thái Thịnh- Đống Đa, NHÀ ĐẸP - TIỆN ÍCH BẠT NGÀN - VỀ Ở LUÔN","2,88 tỷ",40 m²,72 tr/m²,2,1,"Thịnh Quang, Đống Đa","21.0068222404931, 105.820335410111"
42316706,06/03/2025,"Hiếm! Bán tập thể Văn Chương - Khâm Thiên, Đống Đa, vị trí rất đẹp, có sân chơi","3,55 tỷ",80 m²,"44,38 tr/m²",2,1,"Văn Chương, Đống Đa","21.0215736377699, 105.8335685512"
42263962,06/03/2025,"Bán tập thể Trung Tự, Đống Đa, 2 ngủ đẹp, thoáng, giá chỉ 3.65 tỷ, nhà rất chắc chắn đẹp, ở luôn","3,65 tỷ",70 m²,"52,14 tr/m²",2,1,"Phương Liên - Trung Tự, Đống Đa","21.0039728001698, 105.831180587413"
42280654,06/03/2025,"Hiếm! Bán tập thể Láng Hạ - Nguyên Hồng, Đống Đa, nhà đẹp ở luôn giá tốt","2,88 tỷ",50 m²,"57,6 tr/m²",1,1,"Láng Hạ, Đống Đa","21.0156251387914, 105.812911845637"
42268674,06/03/2025,"Bán Tập thể Hồ Đắc Di - Nam Đồng , Đống Đa, nhà đẹp 2 ngủ riêng biệt, Full nội thất, nhỉnh 2 tỷ","2,85 tỷ",60 m²,"47,5 tr/m²",2,2,"Nam Đồng, Đống Đa","21.0122956445221, 105.82953279704"
42338269,06/03/2025,"Bán tập thể duplex Chùa Bộc Tôn Thất Tùng, Đống Đa, siêu đẹp, 3 ngủ, 2 vệ sinh, full nội thất, 100m","3,85 tỷ",100 m²,"38,5 tr/m²",3,2,"Khương Thượng, Đống Đa","21.0080484214009, 105.825734805035"
42310878,06/03/2025,"Bán tập thể Phương Mai, Đống Đa, vị trí rất đẹp, ô tô đỗ chân toà, 2 ngủ giá tốt chỉ 2.78 tỷ","2,78 tỷ",45 m²,"61,78 tr/m²",2,1,"Phương Mai, Đống Đa","21.001354581179, 105.839303779903"
39897515,06/03/2025,"Tôi bán căn hộ toà nhà Vườn Xuân, 71 Nguyễn Chí Thanh. Diện tích 76m2 giá bán 5.2 tỷ","5,2 tỷ",76 m²,"68,42 tr/m²",2,1,"Láng Hạ, Đống Đa","21.015098263086067, 105.8121773824459"
42332864,06/03/2025,Bán gấp căn hộ tập thể cực đẹp phố Nguyễn Chí Thanh - SĐCC - tiện ích vô vàn,"4,2 tỷ",45 m²,"93,33 tr/m²",1,1,"Láng Thượng, Đống Đa","21.0210739281253, 105.8088243874"
42322206,06/03/2025,"Bán Chung cư mini tại phố Tây Sơn Đống Đa, 15,5 tỷ, 70 m2, giá siêu hời","15,5 tỷ",70 m²,"221,43 tr/m²",N/A,N/A,"Nam Đồng, Đống Đa","21.0160498182967, 105.828522630499"
42350139,06/03/2025,"Bán CC Sông Hồng Park View, 12 tỷ, 171m2, 4PN, 2WC giá tốt",12 tỷ,171 m²,"70,18 tr/m²",4,2,"Láng Hạ, Đống Đa","21.01449965439778, 105.81725288144895"
42267703,06/03/2025,"(Sổ đỏ) Chính chủ bán căn 2 ngủ 2wc 77m2, bc Đông Nam, nhà đẹp. Giá 9 tỷ Green Diamond 93 Láng Hạ",9 tỷ,77 m²,"116,88 tr/m²",2,2,"Láng Hạ, Đống Đa","21.016887942074217, 105.8144611832562"
42146289,06/03/2025,"Chính chủ Bán CH M3 M4 - 91 Nguyễn Chí Thanh 165 m2, 3 PN, H Đông Nam, nội thất đẹp, giá 12,3 tỷ","12,38 tỷ",165 m²,75 tr/m²,3,2,"Láng Hạ, Đống Đa","21.0202329802703, 105.808753024577"
21007912,06/03/2025,"Mở bán chung cư Thái Hà - Chùa Bộc 695 triệu/căn, full nội thất - vào ở luôn",695 triệu,35 m²,"19,86 tr/m²",1,1,"Quang Trung, Đống Đa","21.013565, 105.8264522"
42349993,06/03/2025,"Bán Tập Thể Tầng 2 Nguyên Hồng- Huỳnh Thúc Kháng, Láng Hạ, Đống Đa, nhà đẹp 2 ngủ, 2 vệ sinh","3,95 tỷ",65 m²,"60,77 tr/m²",2,2,"Láng Hạ, Đống Đa","21.0157805353232, 105.810045798209"
42315372,06/03/2025,"Bán chung cư Hong Kong Tower - 243A Đê La Thành, 107m2, 3 ngủ đủ căn góc chỉ 9 tỷ LH: 0814 332 ***",9 tỷ,107 m²,"84,11 tr/m²",3,3,"Láng Thượng, Đống Đa","21.027187376095434, 105.80387325838667"
35210092,06/03/2025,"Bán căn 3 ngủ góc, view hồ, 137m2, Vin Nguyễn Chí Thanh, ban công hướng mát ĐB","14,2 tỷ",137 m²,"103,65 tr/m²",3,2,"Láng Hạ, Đống Đa","21.0234508514404, 105.809288024902"
39387404,06/03/2025,"Cần bán chung cư Sky city 88 Láng Hạ, 2pn 112m2 tầng đẹp view thoáng. LH 0936 530 ***",Giá thỏa thuận,112 m²,N/A,2,2,"Láng Hạ, Đống Đa","21.0124912261963, 105.811317443848"
42349827,06/03/2025,"(Thông tin thật) Tập thể Trung Tự, Đống Đa, lô góc, ô tô, sổ to 70m2 2pn full nội thất chỉ 3,59 tỷ","3,59 tỷ",70 m²,"51,29 tr/m²",2,1,"Phương Liên, Đống Đa","21.0001383081552, 105.83066662898"
40222054,06/03/2025,"Chính chủ bán 2PN-2WC,DT 72m2, giá 7,9 tỷ, tòa Green Diamond 93 Láng Hạ, ban công ĐN ,LH 0363 388 ***","7,9 tỷ",72 m²,"109,72 tr/m²",2,2,"Láng Hạ, Đống Đa","21.0168266296387, 105.815223693848"
42347719,06/03/2025,"Bán căn hộ cao cấp Hateco Laroma 100,9m2, 2PN, ban công B, nội thất đẹp, view Thủ Lệ, giá 11 tỷ",11 tỷ,"100,9 m²","109,02 tr/m²",2,2,"Láng Thượng, Đống Đa","21.02105759714539, 105.80679702026428"
42002351,06/03/2025,"0917 748 *** cần bán nhanh căn studio 46m2 tại Lancaster Luminaire đường Láng giá 5,2 tỷ","5,2 tỷ",46 m²,"113,04 tr/m²",1,1,"Láng Thượng, Đống Đa","21.024107817064234, 105.80553669093302"
41741876,06/03/2025,"Bán gấp CHCC Hateco Laroma - 4A Huỳnh Thúc Kháng, 112m2, 3PN, căn góc, tầng cao, đồ xịn. 0963 668 ***",Giá thỏa thuận,112 m²,N/A,3,2,"Láng Thượng, Đống Đa","21.020416259765625, 105.80724334716797"
42279165,06/03/2025,"Bán nhanh căn studio 45m2 đủ đồ tại Lancaster Luminaire đường Láng giá 4,2 tỷ. 0917 748 ***","4,2 tỷ",45 m²,"93,33 tr/m²",1,1,"Láng Thượng, Đống Đa","21.024150835983203, 105.80587515652442"
41669494,06/03/2025,"Giá rẻ nhất quận Đống Đa, bán gấp căn hộ chung cư M3 - M4 Nguyễn Chí Thanh, 4 ngủ, full nội thất","8,5 tỷ",151 m²,"56,29 tr/m²",4,2,"Láng Hạ, Đống Đa","21.0202007293701, 105.808876037598"
42348001,06/03/2025,"Bán CH 3 ngủ, 2WC- DT 110m2. Giá 7,5 tỷ- chung cư Vườn Xuân-71 Nguyễn Chí Thanh (LH: 0399 343 ***)","7,5 tỷ",110 m²,"68,18 tr/m²",3,2,"Láng Hạ, Đống Đa","21.0160809006105, 105.813051924646"
41792533,06/03/2025,"Bán gấp Lô góc 135m 4PN chung cư Terra Hào Nam - Giá chỉ từ 15,x tỷ Full nội thất cao cấp 5* SỔ ĐỎ","15,12 tỷ",135 m²,112 tr/m²,4,3,"Ô Chợ Dừa, Đống Đa","21.02467321851362, 105.82701747669113"
42348495,06/03/2025,"Cần bán gấp nhà tập thể Nguyễn Ngọc Doãn - Nam Đồng, DT 65/80m2, giá chỉ 5,5 tỷ","5,5 tỷ",80 m²,"68,75 tr/m²",2,2,"Nam Đồng, Đống Đa","21.0101593675017, 105.830767202229"
20899219,06/03/2025,Cực hiếm! Bán căn góc 155m2 sổ đỏ trao tay trung tâm Quận Đống Đa. Xem nhà 24/7: 0899 822 ***,Giá thỏa thuận,155 m²,N/A,3,3,"Láng Hạ, Đống Đa","21.0144557952881, 105.813835144043"
42347409,06/03/2025,"Bán CC 71 Nguyễn Chí Thanh, diện tích 110m2, giá bán 7.5 tỷ. Tell 0934 288 ***","7,5 tỷ",110 m²,"68,18 tr/m²",2,2,"Láng Hạ, Đống Đa","21.015433573877388, 105.81298835806014"
41751540,06/03/2025,"Cần bán tập thể 3PN, 2WC, 85m2 tại Trường Chinh, Đống Đa, Hà Nội, chỉ với 3,25 tỷ","3,25 tỷ",92 m²,"35,33 tr/m²",3,2,"Phương Mai, Đống Đa","20.998857622687, 105.838067750967"
42348618,06/03/2025,"HOT: Bán căn hộ studio Lancaster - 50m2, full đẹp, giá 5 tỷ. LH: 0899,.511.,866",5 tỷ,50 m²,100 tr/m²,1,1,"Láng Thượng, Đống Đa","21.02365316938256, 105.80521387373152"
41742224,06/03/2025,Gia đình em cần bán nhanh căn hộ 2PN tại Green Diamond 93 Láng Hạ giá 7 tỷ full nội thất,7 tỷ,78 m²,"89,74 tr/m²",2,2,"Láng Hạ, Đống Đa","21.016826629638672, 105.81522369384766"
35386897,06/03/2025,"Cần bán gấp 3PN2VS, 118m2, Vinhomes Nguyễn Chí Thanh, view hồ Ngọc Khánh",Giá thỏa thuận,118 m²,N/A,3,2,"Láng Hạ, Đống Đa","21.0229530334473, 105.809814453125"
38352266,06/03/2025,"Cần bán căn góc 3 ngủ tầng cao ở chung cư Hong Kong Tower, giá thoả thuận. Lh: 0906 244 ***",Giá thỏa thuận,107 m²,N/A,3,2,"Láng Thượng, Đống Đa","21.0272006988525, 105.803825378418"
42348277,06/03/2025,"Siêu phẩm có 102! Nhà Tập Thể Hồ Đắc Di - Nam Đồng 60m, 2 ngủ, ô tô, full đồ ở ngay, chỉ 2,8 tỷ","2,8 tỷ",60 m²,"46,67 tr/m²",2,1,"Nam Đồng, Đống Đa","21.0122468680566, 105.829109094188"
42348262,06/03/2025,"Chính chủ cần bán CHCC tại CC Hateco Laroma, 142m2, 3PN, 2WC, căn góc, view hồ, nội thất xịn",Giá thỏa thuận,142 m²,N/A,3,2,"Láng Thượng, Đống Đa","21.01975423417466, 105.80714114502553"
42348229,06/03/2025,"Hoàng 3333 giá thật, bán CH 2PN, 2WC, ban công ĐN mát mẻ, tại Green Diamond 93, full đồ, ra sổ đỏ","9,3 tỷ",80 m²,"116,25 tr/m²",2,2,"Láng Hạ, Đống Đa","21.0170361510344, 105.814462193016"
41591815,06/03/2025,"Cần bán gấp căn góc 3PN - 111.4m2 toà Hateco Laroma Chùa Láng ở ngay, full nội thất, sẵn sổ lâu dài",10 tỷ,"111,4 m²","89,77 tr/m²",3,2,"Láng Thượng, Đống Đa","21.020416259765625, 105.80724334716797"
42138541,06/03/2025,"Giá rẻ nhất hiện nay, bán gấp căn hộ chung cư M5 Nguyễn chí Thanh, 3 phòng ngủ, full nội thất","9,3 tỷ",149 m²,"62,42 tr/m²",3,2,"Láng Hạ, Đống Đa","21.0209899860415, 105.80981166563215"
42306929,06/03/2025,"Bán nhà tập thể ngay phố Văn Chương - Đống Đa, 60m, 2 ngủ, full đồ ở ngay","2,45 tỷ",60 m²,"40,83 tr/m²",2,1,"Văn Chương, Đống Đa","21.0214511214976, 105.833700421648"
40587487,06/03/2025,Sang trọng - Tiện nghi! Căn hộ 45m2 studio hiện đại tầng cao tại Lancaster Láng cần bán giá tốt,5 tỷ,45 m²,"111,11 tr/m²",1,1,"Láng Thượng, Đống Đa","21.0235824584961, 105.805229187012"
42346457,06/03/2025,"Bán nhà tập thể Huỳnh Thúc Kháng, Đống Đa, 3PN, 2WC, nhà đẹp ở ngay, ô tô đỗ cửa, chủ bán gấp","3,8 tỷ",75 m²,"50,67 tr/m²",3,2,"Láng Hạ, Đống Đa","21.018061082686, 105.811120997412"
39112410,06/03/2025,"Bán gấp căn hộ 2.5PN tại Hateco Laroma, ban công thoáng mát, view đẹp. LH: 0906 961 ***","11,5 tỷ",95 m²,"121,05 tr/m²",2,2,"Láng Thượng, Đống Đa","21.0204162597656, 105.807243347168"
37484807,06/03/2025,Cực hiếm! Căn góc 137m2 view 2 hồ điều hoa lần đầu tiên ra hàng. LH 0899 822 *** xem căn hộ,Giá thỏa thuận,137 m²,N/A,4,2,"Láng Hạ, Đống Đa","21.016827, 105.81522"
42247299,08/03/2025,"Hot tư vấn chuyên sâu The Ninety Complex 90 Đường Láng, nhiều lựa chọn Quỹ căn đẹp & độc quyền","4,3 tỷ",63 m²,"68,25 tr/m²",2,2,"Thịnh Quang, Đống Đa","21.0036082646885, 105.818512533411"
42370131,08/03/2025,CHỦ NHÀ cần tiền cho con đi học nước ngoài muốn bán chung cư 104m2 căn góc hoa hậu 3 PN,"12,98 tỷ",104 m²,"124,81 tr/m²",3,N/A,"Láng Thượng, Đống Đa","21.020076041429746, 105.80721182943374"
42332365,07/03/2025,"Căn 2 ngủ - giá rẻ nhất tại Sky City 88 Láng Hạ, tầng cao view thoáng buổi tối ngắm trọn thành phố","9,18 tỷ",112 m²,82 tr/m²,2,2,"Láng Hạ, Đống Đa","21.0122054679233, 105.811628636183"
42352494,06/03/2025,"Chính chủ bán tập thể phố Nguyễn Chí Thanh, diện tích sổ 45 m2 - diện tích sử dụng 70 m2","4,2 tỷ",45 m²,"93,33 tr/m²",1,1,"Láng Thượng, Đống Đa","21.020678857981, 105.809057513283"
42348626,06/03/2025,"Tập thể Nguyễn Chí Thanh, 70m2 sổ đỏ 45m2 tầng 2","4,2 tỷ",70 m²,60 tr/m²,1,1,"Láng Thượng, Đống Đa","21.0208674985815, 105.808525907856"
41659959,08/03/2025,"Bán chung cư Hong Kong Tower - 243A Đê La Thành, 107m2, 3 ngủ đủ đồ giá chỉ 9,5 tỷ LH: 0814 332 ***",Giá thỏa thuận,107 m²,N/A,3,2,"Láng Thượng, Đống Đa","21.027200698852539, 105.80382537841797"
42043060,08/03/2025,"Bán căn hộ cao cấp Hateco Laroma 94 m2, 2 PN + 1, ban công hướng Nam, full nội thất, giá 11.5 tỷ","11,5 tỷ",94 m²,"122,34 tr/m²",2,N/A,"Láng Thượng, Đống Đa","21.020413099568298, 105.80723414436102"
42016829,08/03/2025,"Tập thể tầng 5 nhà B2 Vĩnh Hồ, 20m ra mặt phố, view sân chơi, ô tô gần, nhà mới thoáng, 65m2/2.8tỷ","2,8 tỷ",65 m²,"43,08 tr/m²",3,1,"Thịnh Quang, Đống Đa","21.0065171365504, 105.820289720105"
42371845,08/03/2025,Chỉ còn 1 căn duy nhất! Tập thể Kim Liên. 2.75 tỷ - View mặt phố cực thoáng sáng - 2PN 1WC,"2,75 tỷ",55 m²,50 tr/m²,2,1,"Kim Liên, Đống Đa","21.0055282033166, 105.835612314698"
42203094,08/03/2025,Bán gấp - bán chung cư N2 Xã Đàn - Khâm Thiên - Đống Đa - nội thất đầy đủ - sổ hồng vĩnh viễn,800 triệu,38 m²,"21,05 tr/m²",2,2,"Kim Liên, Đống Đa","21.0061557534116, 105.835957018665"
41410343,08/03/2025,0971 085 *** chính chủ bán CH Hong Kong Tower 3PN DT 104m2 - 8 tỷ & 126m2 - 9 tỷ full NT đẹp SĐCC,8 tỷ,104 m²,"76,92 tr/m²",3,2,"Láng Thượng, Đống Đa","21.0272006988525, 105.803825378418"
42098664,08/03/2025,"Bán gấp căn hộ CC Hateco Laroma 4A Huỳnh Thúc Kháng, 120m2, 3PN, tầng cao, nội thất xịn. 0963 668 ***",Giá thỏa thuận,120 m²,N/A,3,2,"Láng Thượng, Đống Đa","21.0204162597656, 105.807243347168"
42098581,08/03/2025,"Cần bán gấp căn hộ CC Hateco Laroma 4A HTK, 137m2, 3PN, căn góc, tầng cao, nội thất xịn. 0963 668 ***",Giá thỏa thuận,137 m²,N/A,3,2,"Láng Thượng, Đống Đa","21.0204162597656, 105.807243347168"
41822585,08/03/2025,"Bán gấp căn hộ Hong Kong Tower - 243A Đê La Thành, 105m2, 3PN, đủ đồ, tầng cao, 9.5 tỉ. 0963 668 ***","9,5 tỷ",105 m²,"90,48 tr/m²",3,2,"Láng Thượng, Đống Đa","21.02796163907616, 105.80370925794566"
41592155,08/03/2025,"Chủ đầu tư Hateco Laroma mở bán đợt cuối các sàn đẹp, căn đẹp, chọn căn, chọn tầng, giá ưu đãi",Giá thỏa thuận,"80,27 m²",N/A,2,2,"Láng Thượng, Đống Đa","21.020416259765625, 105.80724334716797"
42371921,08/03/2025,"Bán căn penthouse 404m2 tại dự án D.Le Pont Dor Hoàng Cầu - 41,8 tỷ","31,8 tỷ",404 m²,"78,71 tr/m²",N/A,N/A,"Ô Chợ Dừa, Đống Đa","21.019530677284, 105.822040704161"
42314633,08/03/2025,"Bán căn hộ chung cư mặt đường Nguyễn Chí Thanh, DT 113m2, 3 PN, 2 WC giá bán 7,2 tỷ","7,2 tỷ",113 m²,"63,72 tr/m²",3,2,"Láng Hạ, Đống Đa","21.0204086392065, 105.80814846607"
42305362,08/03/2025,"Chuyên gia số 1 Vinhomes Nguyễn Chí Thanh; Cập nhật quỹ căn HOT, hỗ trợ trọn gói; Giá tốt nhất!","5,6 tỷ",56 m²,100 tr/m²,1,1,"Láng Thượng, Đống Đa","21.023452459449583, 105.80929010875093"
41115652,08/03/2025,"(HOT) Căn 2 ngủ giá 3,9 tỷ ful NT rẻ nhất The Ninety Complex. Lh: 0977 535 ***","3,9 tỷ","45,15 m²","86,38 tr/m²",2,N/A,"Thịnh Quang, Đống Đa","21.0041027069092, 105.818695068359"
41425463,08/03/2025,Nhượng căn 2 ngủ 91.3m nguyên bản chưa chỉnh sửa view hồ dự án Green Diamond,Giá thỏa thuận,"91,3 m²",N/A,2,N/A,"Láng Hạ, Đống Đa","21.017064267283196, 105.81604111745276"
40831595,08/03/2025,Nhượng căn 3 ngủ 140m full đồ hiện đại nhà mới 100% tầng cao view hồ,18 tỷ,142 m²,"126,76 tr/m²",3,N/A,"Láng Hạ, Đống Đa","21.016826629638672, 105.81522369384766"
42348516,08/03/2025,"Bán CHCC Hateco Laroma 4A Huỳnh Thúc Kháng, Đống Đa, 137m2, 3PN, giá thỏa thuận, LH 0983 951 ***",Giá thỏa thuận,137 m²,N/A,3,2,"Láng Thượng, Đống Đa","21.020730785064206, 105.80799022735874"
35151729,08/03/2025,Chung cư mini Vincom Phạm Ngọc Thạch - Đông Tác full nội thất ở ngay ôtô đỗ cửa,950 triệu,45 m²,"21,11 tr/m²",2,1,"Kim Liên, Đống Đa","21.0063307505256, 105.833225939673"
38843833,08/03/2025,"Chính chủ - bán chung cư CT1 Xã Đàn - Trung Phụng 35 - 55m2, full nội thất, CK 50tr căn, ở ngay",860 triệu,35 m²,"24,57 tr/m²",1,1,"Khâm Thiên, Đống Đa","21.0159532804345, 105.835727175641"
41601011,08/03/2025,"Tôi bán căn hộ chung cư tòa nhà 170 Đê La Thành - 142,6m2, 3PN full nội thất","7,68 tỷ","142,6 m²","53,86 tr/m²",3,2,"Ô Chợ Dừa, Đống Đa","21.0212249755859, 105.828063964844"
41057549,08/03/2025,Chính chủ cần bán nhanh căn 72m 2N2VS giá 9.1 tỷ tại Green Diamond 93 Láng Hạ - Liên hệ: 0906 961 ***,"9,1 tỷ",92 m²,"98,91 tr/m²",2,2,"Láng Hạ, Đống Đa","21.016826629638672, 105.81522369384766"
39198062,08/03/2025,"Bán căn hộ 105m2, 3PN tại CC Hateco Laroma. Căn góc - tầng cao, nội thất cao cấp. Giá rẻ",Giá thỏa thuận,105 m²,N/A,3,2,"Láng Thượng, Đống Đa","21.0204162597656, 105.807243347168"
40848277,08/03/2025,"Bán căn ngoại giao 2PN tại The Gloria-8 Nguyên Hồng, nhận nhà ở ngay, đã có sổ. Giá chỉ từ 6,x tỷ",Giá thỏa thuận,57 m²,N/A,2,2,"Láng Hạ, Đống Đa","21.0158519744873, 105.809234619141"
42277107,08/03/2025,Bán tập thể tầng 1 Hồ Đắc Di - kinh doanh nhà hàng quá phù hợp,17 tỷ,240 m²,"70,83 tr/m²",N/A,N/A,"Nam Đồng, Đống Đa","21.0123345420556, 105.829152502199"
42360708,08/03/2025,Bán căn Penthouse 361m2 thô chung cư Hong Kong Tower 0974 681 ***,"37,9 tỷ",361 m²,105 tr/m²,4,4,"Láng Thượng, Đống Đa","21.026872845844185, 105.80338231712203"
42234465,08/03/2025,"Chính chủ tôi bán căn hộ Vườn Xuân - 71 Nguyễn Chí Thanh - 76,1m2 có 2 phòng ngủ full đồ","5,3 tỷ","76,1 m²","69,64 tr/m²",2,1,"Láng Hạ, Đống Đa","21.016073737134917, 105.81264056258757"
42370808,08/03/2025,"Tầng 1 CĂN HỘ nhỏ XINH tập thể bộ CA ngõ phố Khâm Thiên - ĐỐNG ĐA. Giao ngay, ở luôn 1,3 tỷ.","1,3 tỷ",30 m²,"43,33 tr/m²",1,1,"Thổ Quan, Đống Đa","21.0197350304997, 105.834130724817"
42337886,08/03/2025,"Bán Tập thể Tôn Đức Thắng - Đoàn Thị Điểm, Đống Đa, sổ to 43m2, nhà đẹp ở ngay","4,39 tỷ",65 m²,"67,54 tr/m²",2,1,"Văn Miếu - Quốc Tử Giám, Đống Đa","21.0267600672729, 105.833845986535"
42268674,08/03/2025,"Bán tập thể Hồ Đắc Di - Nam Đồng, Đống Đa, nhà đẹp 2 ngủ riêng biệt, full nội thất, nhỉnh 2 tỷ","2,88 tỷ",60 m²,48 tr/m²,2,2,"Nam Đồng, Đống Đa","21.0126000808252, 105.829084426961"
42316706,08/03/2025,"Hiếm! Bán tập thể Văn Chương - Khâm Thiên, Đống Đa, vị trí rất đẹp, có sân chơi","3,55 tỷ",80 m²,"44,38 tr/m²",2,1,"Văn Chương, Đống Đa","21.0215736377699, 105.8335685512"
42338269,08/03/2025,"Bán tập thể duplex Chùa Bộc Tôn Thất Tùng, Đống Đa, siêu đẹp, 3 ngủ, 2 vệ sinh, full nội thất, 100m","3,85 tỷ",100 m²,"38,5 tr/m²",3,2,"Khương Thượng, Đống Đa","21.0080484214009, 105.825734805035"
42370996,08/03/2025,TOÀ CĂN HỘ DÒNG TIỀN PHỐ TÔN ĐỨC THẮNG -HÀNG BỘT 85 m x 8 TẦNG THANG MÁY 13 PHÒNG CHO TÂY THUÊ XỊN,"31,8 tỷ",85 m²,"374,12 tr/m²",13,14,"Hàng Bột, Đống Đa","21.0270899932374, 105.833797319899"
42298349,08/03/2025,Chỉnh chủ mình nhượng căn hộ 810 - 2PN 70m2 tòa nhà The Gloria By Silk Path,Giá thỏa thuận,70 m²,N/A,2,2,"Láng Hạ, Đống Đa","21.015137073995295, 105.80949755742405"
42319499,08/03/2025,Tập thể Nam Đồng - vị trí vip - ô tô đỗ cổng - ở cực vip - 2 tỷ 9,"2,9 tỷ",23 m²,"126,09 tr/m²",2,1,"Nam Đồng, Đống Đa","21.0134421263393, 105.833248206103"
42362758,08/03/2025,"Bán căn hộ đẳng cấp 2PN, 3PN full đồ cao cấp, sổ đỏ chính chủ, sách vali về ở ngay, Hateco Laroma",13 tỷ,112 m²,"116,07 tr/m²",3,2,"Láng Thượng, Đống Đa","21.02111559026692, 105.80742265483723"
41741876,08/03/2025,"Bán gấp CHCC Hateco Laroma - 4A Huỳnh Thúc Kháng, 112m2, 3PN, căn góc, tầng cao, đồ xịn. 0963 668 ***",Giá thỏa thuận,112 m²,N/A,3,2,"Láng Thượng, Đống Đa","21.020416259765625, 105.80724334716797"
40958266,08/03/2025,"Cần bán gấp căn hộ chung cư Hateco Laroma 4A HTK, 90m2, 2PN, căn góc, tầng cao, 9 tỉ. 0963 668 ***",9 tỷ,90 m²,100 tr/m²,2,2,"Láng Thượng, Đống Đa","21.0204162597656, 105.807243347168"
36139723,08/03/2025,"Bán gấp căn hộ chung cư Hong Kong Tower - 243A Đê La Thành, 107m2, 3phòng ngủ, căn góc 0941 882 ***",Giá thỏa thuận,107 m²,N/A,3,2,"Láng Thượng, Đống Đa","21.0272006988525, 105.803825378418"
42348328,08/03/2025,"Nhà đẹp diện tích sử dụng 60m, 2 phòng ngủ đang cho thuê được 7tr/ tháng ở phố Nguyên Hồng","3,68 tỷ","33,2 m²","110,84 tr/m²",2,2,"Láng Hạ, Đống Đa","21.01589632818, 105.810182601697"
42146289,08/03/2025,"Chính chủ Bán CH M3 M4 - 91 Nguyễn Chí Thanh 165 m2, 3 PN, H Đông Nam, nội thất đẹp, giá 12,3 tỷ","12,38 tỷ",165 m²,75 tr/m²,3,2,"Láng Hạ, Đống Đa","21.0202329802703, 105.808753024577"
42204513,08/03/2025,"Bán căn hộ tòa nhà M3M4 - 91 Nguyễn Chí Thanh, 170 m2, 4 PN, nhà nguyên bản, giá 10,5 tỷ","10,5 tỷ",170 m²,"61,76 tr/m²",4,N/A,"Láng Hạ, Đống Đa","21.02001749952271, 105.80834785625332"
41334364,08/03/2025,"Bán căn hộ TT Chùa Bộc, tầng 2, DTSD 100m2, 3PN, 2WC, nhà đẹp, BC Đông Nam, rất mát, giá 4,25 tỷ","4,25 tỷ",100 m²,"42,5 tr/m²",3,2,"Trung Liệt, Đống Đa","21.0076850663206, 105.827480666072"
41592580,08/03/2025,"Quỹ 12 căn vip, giá ngoại giao, vị trí đẹp, lựa chọn căn, giá 7 tỷ, DT: 80m2, 137m2, Hateco Laroma",10 tỷ,94 m²,"106,38 tr/m²",3,2,"Láng Thượng, Đống Đa","21.020416259765625, 105.80724334716797"
41196295,08/03/2025,"Siêu phẩm! Chỉ 2,65 tỷ tập thể Thổ Quan, Đống Đa, lô góc, 50m2 2PN nhà đẹp","2,65 tỷ",50 m²,53 tr/m²,2,1,"Thổ Quan, Đống Đa","21.0196188568587, 105.834351048938"
41982303,08/03/2025,Bán 1 suất ngoại giao Penhouse Duplex 36 Hoàng Cầu: 450m2. Hotline: 0352 472 *** (Miễn trung gian),39 tỷ,450 m²,"86,67 tr/m²",5,4,"Ô Chợ Dừa, Đống Đa","21.0195687563292, 105.821739844177"
39897515,08/03/2025,"Tôi bán căn hộ toà nhà Vườn Xuân, 71 Nguyễn Chí Thanh. Diện tích 76m2 giá bán 5.2 tỷ","5,2 tỷ",76 m²,"68,42 tr/m²",2,1,"Láng Hạ, Đống Đa","21.015098263086067, 105.8121773824459"
42214055,08/03/2025,"Chính chủ bán căn góc 3 phòng ngủ 151m2 xịn, sổ đỏ trung tâm Đống Đa Hateco Laroma Huỳnh Thúc Kháng","15,65 tỷ",151 m²,"103,64 tr/m²",3,2,"Láng Thượng, Đống Đa","21.02081471927827, 105.80779612188607"
42322206,08/03/2025,"Bán Chung cư mini tại phố Tây Sơn Đống Đa, 15,5 tỷ, 70 m2, giá siêu hời","15,5 tỷ",70 m²,"221,43 tr/m²",N/A,N/A,"Nam Đồng, Đống Đa","21.0160498182967, 105.828522630499"
42178048,08/03/2025,"Ngon bổ rẻ! Tập thể Láng Hạ, Đống Đa, tầng 1, 2 thoáng, sổ to 60m2 2PN nhà đẹp chỉ 3,79 tỷ","3,79 tỷ",60 m²,"63,17 tr/m²",2,1,"Láng Hạ, Đống Đa","21.0150067361513, 105.812637415094"
42349827,08/03/2025,"(Thông tin thật) tập thể Trung Tự, Đống Đa, lô góc, ô tô, sổ to 70m2 2PN full nội thất chỉ 3,59 tỷ","3,59 tỷ",70 m²,"51,29 tr/m²",2,1,"Phương Liên, Đống Đa","21.0001383081552, 105.83066662898"
42357171,08/03/2025,"Hiếm nhà bán! Tập thể thảm may, Đặng Tiến Đông, Đống Đa, sổ to 50m2 2PN chỉ 3,09 tỷ","3,09 tỷ",50 m²,"61,8 tr/m²",2,1,"Trung Liệt, Đống Đa","21.0140713274276, 105.822219316094"
42357365,08/03/2025,"Siêu phẩm! Hồ Đắc Di, Đống Đa, 2 thoáng, gần hồ, 60m2 2PN riêng biệt chỉ 2,79 tỷ","2,79 tỷ",60 m²,"46,5 tr/m²",2,1,"Nam Đồng, Đống Đa","21.0134960962017, 105.833328096213"
42369314,08/03/2025,"Bán Gấp Nhà Tập Thể Phương Mai, 60m, 2 ngủ, full đồ ở luôn, chỉ 2,76 tỷ","2,76 tỷ",60 m²,46 tr/m²,2,1,"Phương Mai, Đống Đa","21.0016644115006, 105.839522446788"
42366079,08/03/2025,Cô Nga cán bộ về Hưu cần bán căn tập thể Hồ Đắc Di 60m 2.86tỷ của mình để về với con chăm cháu,"2,86 tỷ",60 m²,"47,67 tr/m²",N/A,N/A,"Nam Đồng, Đống Đa","21.0121596884177, 105.828762173666"
42338352,08/03/2025,"Cần bán gấp căn hộ CC Hateco Laroma 4A HTK, 105m2, 3PN, căn góc, tầng cao, nội thất xịn. 0963 668 ***",Giá thỏa thuận,105 m²,N/A,3,2,"Láng Thượng, Đống Đa","21.02070571488637, 105.80807947081699"
39912927,08/03/2025,"Chính chủ bán gấp Căn hộ mini phố Tôn Đức Thắng - Đống Đa 35 -50m2, full đồ - 0983 169 ***","1,65 tỷ",50 m²,33 tr/m²,2,1,"Hàng Bột, Đống Đa","21.0267424, 105.8338142"
42348618,08/03/2025,"HOT: Bán căn hộ studio Lancaster - 50m2, full đẹp, giá 5 tỷ. LH: 0899,.511.,866",5 tỷ,50 m²,100 tr/m²,1,1,"Láng Thượng, Đống Đa","21.02365316938256, 105.80521387373152"
35312032,08/03/2025,"Bán gấp căn đẹp nhất chung cư Hateco Laroma - Huỳnh Thúc Kháng, 138m2, 3PN, căn góc, giá thỏa thuận",Giá thỏa thuận,138 m²,N/A,3,3,"Láng Thượng, Đống Đa","21.020416, 105.80724"
41669494,08/03/2025,"Giá rẻ nhất quận Đống Đa, bán gấp căn hộ chung cư M3 - M4 Nguyễn Chí Thanh, 4 ngủ, full nội thất","8,5 tỷ",151 m²,"56,29 tr/m²",4,2,"Láng Hạ, Đống Đa","21.0202007293701, 105.808876037598"
42327770,08/03/2025,Bán 2 ngủ full nội thất xịn đẹp giá 12 tỉ,12 tỷ,92 m²,"130,44 tr/m²",N/A,N/A,"Láng Hạ, Đống Đa","21.01755957790609, 105.81548990841758"
39387404,08/03/2025,"Cần bán chung cư Sky city 88 Láng Hạ, 2pn 112m2 tầng đẹp view thoáng. LH 0936 530 ***",Giá thỏa thuận,112 m²,N/A,2,2,"Láng Hạ, Đống Đa","21.0124912261963, 105.811317443848"
42163025,08/03/2025,"Bán nhà tập thể 100m 2 tầng, 3 phòng ngủ ở ngay hoặc cho thuê khu dân trí cao",3 tỷ,100 m²,30 tr/m²,3,2,"Văn Chương, Đống Đa","21.0153623451533, 105.827950981614"
42362536,08/03/2025,"Bán căn hộ cao cấp 3pn, 112m2 full đồ, sổ đỏ chính chủ. Hateco Laroma Mặt đường Huỳnh Thúc Kháng","12,54 tỷ",112 m²,112 tr/m²,3,2,"Láng Thượng, Đống Đa","21.0206983366321, 105.806878353378"
42347719,08/03/2025,"Bán căn hộ cao cấp Hateco Laroma 100,9m2, 2PN, ban công B, nội thất đẹp, view Thủ Lệ, giá 11 tỷ",11 tỷ,"100,9 m²","109,02 tr/m²",2,2,"Láng Thượng, Đống Đa","21.02105759714539, 105.80679702026428"
42315372,08/03/2025,"Bán chung cư Hong Kong Tower - 243A Đê La Thành, 107m2, 3 ngủ đủ căn góc chỉ 9 tỷ LH: 0814 332 ***",9 tỷ,107 m²,"84,11 tr/m²",3,3,"Láng Thượng, Đống Đa","21.027187376095434, 105.80387325838667"
42354343,08/03/2025,"Bán căn hộ chung cư Hateco Laroma - Huỳnh Thúc Kháng, 115m2, 3PN, căn góc, 13 tỷ LH: 0814 332 ***",13 tỷ,115 m²,"113,04 tr/m²",3,2,"Láng Thượng, Đống Đa","21.02035270397389, 105.80716189670703"
42334032,08/03/2025,"Bán chung cư cao cấp Green Diamond 93 Láng Hạ, 3PN căn góc tầng cao view hồ 145m2 LH: 0814 332 ***",Giá thỏa thuận,145 m²,N/A,3,2,"Láng Hạ, Đống Đa","21.016987573646674, 105.81573767616776"
40136827,08/03/2025,"Bán suất ngoại giao đứng tên cán bộ tập đoàn, căn 3 ngủ dự án Hateco Laroma. Liên hệ PKD 0934 364 ***",Giá thỏa thuận,120 m²,N/A,3,N/A,"Láng Thượng, Đống Đa","21.020164960938317, 105.80808266086265"
42368580,08/03/2025,"Hoàng 3333 giá thật. Bán CH 92m2, 2N - 2WC, tại Green Diamond 93 Láng Hạ, tầng trung mát mẻ, NT CĐT","10,1 tỷ",92 m²,"109,78 tr/m²",2,2,"Láng Hạ, Đống Đa","21.016683235998507, 105.81571468204476"
42368529,08/03/2025,"Bán căn 2 ngủ, full nội thất ở ngay, 6,28 tỷ, chung cư Hòa Phát 257 Giải Phóng, Đống Đa","6,28 tỷ",90 m²,"69,78 tr/m²",2,2,"Phương Mai, Đống Đa","20.998801601894236, 105.84069096759384"
42368504,08/03/2025,"Bán căn 3 Phòng Ngủ toà Hòa Phát 257 Giải Phóng, 108m2, giá 7.68 tỷ, 0982 281 ***","7,68 tỷ",108 m²,"71,11 tr/m²",3,2,"Phương Mai, Đống Đa","20.99804182874331, 105.84094538386901"
41591815,08/03/2025,"Cần bán gấp căn góc 3PN - 111.4m2 toà Hateco Laroma Chùa Láng ở ngay, full nội thất, sẵn sổ lâu dài",10 tỷ,"111,4 m²","89,77 tr/m²",3,2,"Láng Thượng, Đống Đa","21.020416259765625, 105.80724334716797"
39854732,08/03/2025,Sở hữu căn 2N tại Đống Đa chỉ từ 3.6 tỷ/căn + Chiết khấu 10% + Miễn 2 năm phí DV + Quà tặng 215tr,Giá thỏa thuận,45 m²,N/A,2,1,"Thịnh Quang, Đống Đa","21.0041027069092, 105.818695068359"
42365656,08/03/2025,"BÁN GẤP CHUNG CƯ MINI NGÕ THỔ QUAN TÔN ĐỨC THẮNG TRUNG TÂM ĐỐNG ĐA Diện tích: 69m | Mặt tiền 8, 5 M","12,6 tỷ",69 m²,"182,61 tr/m²",8,6,"Hàng Bột, Đống Đa","21.0227321218047, 105.832534662879"
41751540,08/03/2025,"Cần bán tập thể 3PN, 2WC, 85m2 tại Trường Chinh, Đống Đa, Hà Nội, chỉ với 3,25 tỷ","3,25 tỷ",92 m²,"35,33 tr/m²",3,2,"Phương Mai, Đống Đa","20.998857622687, 105.838067750967"
39243841,08/03/2025,"Bán căn hộ chung cư Sông Hồng Park View - 165 Thái Hà, 120m2, 3PN, căn góc, đủ đồ. LH 0972 709 ***",Giá thỏa thuận,120 m²,N/A,3,2,"Láng Hạ, Đống Đa","21.014835357666016, 105.81726837158203"
41716196,08/03/2025,"Chính chủ cần bán gấp căn hộ Hong Kong Tower - 243A Đê La Thành, 105m2, 03PN, căn góc Đông Nam",Giá thỏa thuận,105 m²,N/A,3,2,"Láng Thượng, Đống Đa","21.02720069885254, 105.80382537841797"
42280654,08/03/2025,"Hiếm! Bán tập thể Láng Hạ - Nguyên Hồng, Đống Đa, nhà đẹp ở luôn giá tốt","2,88 tỷ",50 m²,"57,6 tr/m²",1,1,"Láng Hạ, Đống Đa","21.0156251387914, 105.812911845637"
42310878,08/03/2025,"Bán tập thể Phương Mai, Đống Đa, vị trí rất đẹp, ô tô đỗ chân toà, 2 ngủ giá tốt chỉ 2.78 tỷ","2,78 tỷ",45 m²,"61,78 tr/m²",2,1,"Phương Mai, Đống Đa","21.001354581179, 105.839303779903"
42312471,08/03/2025,"Hiếm có! Bán Tập thể Nam Đồng - Hồ Đắc Di, Đống Đa, Tầng 2, 3 ngủ, nhà đẹp ở luôn","3,7 tỷ",75 m²,"49,33 tr/m²",3,1,"Nam Đồng, Đống Đa","21.0122705634097, 105.829242717426"
42321679,08/03/2025,"Hot!!! Bán Gấp, giá tốt Căn Góc Studio dự án Lancaster Láng. Sở hữu lâu dài.Lh:0911 717 ***","4,97 tỷ",50 m²,"99,4 tr/m²",1,1,"Láng Thượng, Đống Đa","21.0231162601858, 105.805341014942"
38352266,08/03/2025,"Cần bán căn góc 3 ngủ tầng cao ở chung cư Hong Kong Tower, giá thoả thuận. Lh: 0906 244 ***",Giá thỏa thuận,107 m²,N/A,3,2,"Láng Thượng, Đống Đa","21.0272006988525, 105.803825378418"
42260142,08/03/2025,Em bán căn nhà tập thể Kim Liên TT Đống Đa full nội thất xịn sò,"2,68 tỷ",65 m²,"41,23 tr/m²",N/A,N/A,"Kim Liên, Đống Đa","21.0050482157071, 105.835620301447"
42352455,08/03/2025,"Căn hộ TT Phương Mai 65m2, 3 ngủ, full nội thất chỉ 2.95 tỷ (có TL)","2,95 tỷ",65 m²,"45,38 tr/m²",3,1,"Phương Liên, Đống Đa","21.0022271042941, 105.83562368598"
42295029,08/03/2025,CẦN BÁN NHANH nhà gần phố phương mai - Ô Tô Đỗ cửa - Giá Tốt nhất Khu,Giá thỏa thuận,55 m²,N/A,2,2,"Phương Mai, Đống Đa","21.0012084540201, 105.839242521499"
42220510,08/03/2025,Bán căn hộ M3 M4 Nguyễn Chí Thanh diện tích 180m2 gồm có 4PN - 2WC nhà đẹp. Liên hệ 0372 004 ***,"10,3 tỷ",180 m²,"57,22 tr/m²",4,2,"Láng Hạ, Đống Đa","21.0200599323868, 105.808825904992"
42004471,08/03/2025,"Chỉ 3.4 tỷ, nhà tập thể thông 2 tầng Kim Liên, 65m2, đủ nội thất đẹp, ô tô đỗ cửa, sổ đỏ chuẩn","3,4 tỷ",65 m²,"52,31 tr/m²",2,2,"Kim Liên, Đống Đa","21.0049847690672, 105.835594144612"
42302656,08/03/2025,"Bán tập thể mặt phố Thái Thịnh, 2PN nội thất đẹp, 55m2, thoáng sáng","2,75 tỷ",55 m²,50 tr/m²,2,1,"Trung Liệt, Đống Đa","21.0095272003391, 105.81902363251"
42261034,08/03/2025,Cần bán căn hộ 3PN ở 107 Nguyễn Chí Thanh giá 6.5 tỷ,"6,5 tỷ","104,43 m²","62,24 tr/m²",3,2,"Láng Hạ, Đống Đa","21.0202621656156, 105.808307022418"
42318355,08/03/2025,"Mặt bằng kinh doanh căn hộ tập thể tầng 1, Phố Nam Đồng, Đống Đa, 48m2 x 1 ngủ x 1wc",3 tỷ,48 m²,"62,5 tr/m²",1,1,"Nam Đồng, Đống Đa","21.0137088038379, 105.83333281788"
41515500,08/03/2025,"Chính chủ bán căn hộ tòa M3 - M4 Nguyễn Chí Thanh, 3 phòng ngủ, 2 vệ sinh",8 tỷ,126 m²,"63,49 tr/m²",3,2,"Láng Hạ, Đống Đa","21.020200729370117, 105.80887603759766"
39112410,08/03/2025,"Bán gấp căn hộ 2.5PN tại Hateco Laroma, ban công thoáng mát, view đẹp. LH: 0906 961 ***","11,5 tỷ",95 m²,"121,05 tr/m²",2,2,"Láng Thượng, Đống Đa","21.0204162597656, 105.807243347168"
42332878,08/03/2025,"Bán nhà tập thể Phương Mai, 2PN, 2 mặt thoáng, nội thất đẹp, DTSD 55m2","2,78 tỷ",55 m²,"50,54 tr/m²",2,1,"Phương Mai, Đống Đa","21.0013050945944, 105.83932124746"
40833893,08/03/2025,Tôi cần bán căn hộ Studio 50m2 full nội thất giá chỉ 4 tỷ tại Lancaster Luminaire - đường Láng,4 tỷ,50 m²,80 tr/m²,1,1,"Láng Thượng, Đống Đa","21.0235824584961, 105.805229187012"
42062091,08/03/2025,Bán căn góc chung cư Lancaster Luminaire 1152 đường Láng 120m2 căn đẹp nhất tòa nhà,"12,6 tỷ",120 m²,105 tr/m²,3,3,"Láng Thượng, Đống Đa","21.0230752364463, 105.805121055851"
42303962,08/03/2025,"Bán căn hộ chung cư Hateco Laroma Hà Nội, diện tích 87m2 - 2PN tầng cao view thoáng, giá tốt!",Giá thỏa thuận,87 m²,N/A,2,2,"Láng Thượng, Đống Đa","21.019686294792923, 105.80768795093593"
42328064,08/03/2025,"Bán căn hộ hoa hậu ở chung cư Lancaster Luminaire, Đống Đa, Hà Nội giá tốt 5 tỷ ký hợp đồng luôn!",5 tỷ,45 m²,"111,11 tr/m²",1,1,"Láng Thượng, Đống Đa","21.02367868521308, 105.80513015098327"
42239976,08/03/2025,"Căn hộ 115m - 3PN2WC, đường Nguyễn Chí Thanh. Giá rẻ",7 tỷ,115 m²,"60,87 tr/m²",3,2,"Láng Hạ, Đống Đa","21.02054085964102, 105.80800279189874"
42366555,08/03/2025,Bán Tập thể Trung Tự! 2PN riêng 1WC khép kín - Thoáng trước sau - Gần TH Trung Tự - Giá 3.6,"3,6 tỷ",68 m²,"52,94 tr/m²",2,1,"Phương Liên - Trung Tự, Đống Đa","21.0098510065456, 105.831185700303"
41725008,08/03/2025,"Bán căn hộ GP Invest 170 Đê La Thành, DT 150m2 có 3PN - 2WC giá 8 tỷ TL",8 tỷ,150 m²,"53,33 tr/m²",3,2,"Ô Chợ Dừa, Đống Đa","21.021224975585938, 105.82806396484375"
42261745,08/03/2025,"Tôi cần bán chung cư 257 Giải Phóng căn góc 108.7m2, 3 ngủ, 2 vs chỉ 7.68 tỷ","7,68 tỷ","108,7 m²","70,65 tr/m²",3,2,"Phương Mai, Đống Đa","20.9986397149048, 105.841963160864"
42366106,08/03/2025,Anh Tân cần bán căn hộ Phương Mai 65m 2.95tỷ ô tô đỗ cửa,"2,95 tỷ",65 m²,"45,38 tr/m²",N/A,N/A,"Phương Mai, Đống Đa","21.0013783835084, 105.839427005272"
35507024,08/03/2025,Chính chủ bán căn 3 ngủ diện tích 137m2 để lại nội thất. Liên hệ xem nhà: 0934 364 ***,Giá thỏa thuận,137 m²,N/A,3,N/A,"Láng Thượng, Đống Đa","21.0204162597656, 105.807243347168"
41943598,08/03/2025,"(Giá shock) Chỉ 2,8 tỷ mua đứt căn Studio The Ninety Complex full nội thất. LH: 0977 535 ***","2,8 tỷ","32,5 m²","86,15 tr/m²",N/A,N/A,"Thịnh Quang, Đống Đa","21.0045087587887, 105.818889439004"
42240099,08/03/2025,"Giá rẻ! Bán (M3 - M4) 91 Nguyễn Chí Thanh - 122m2 - 3PN 2VS - 7,5 tỷ. LH: 0967 401 *** Nam","7,5 tỷ",122 m²,"61,48 tr/m²",3,2,"Láng Hạ, Đống Đa","21.0210625280392, 105.80909242244"
40819170,08/03/2025,"Tập thể tầng 1 ngay gần chợ ĐH Thủy Lợi Khương Thượng, gần nhiều trường đại học và bệnh viện","3,05 tỷ",50 m²,61 tr/m²,2,1,"Khương Thượng, Đống Đa","21.0041209106123, 105.824993378515"
42308302,08/03/2025,"Cần bán căn hộ tầng 4 khu tập thể Điện Lực phố Đoàn Thị Điểm, Quốc Tử Giám","4,39 tỷ",70 m²,"62,71 tr/m²",2,1,"Văn Miếu - Quốc Tử Giám, Đống Đa","21.0263995178349, 105.832265524079"
37510188,07/03/2025,Bán gấp căn 2 ngủ DT 92m2 ban công Tây Bắc view hồ Thành Công tầng 18,Giá thỏa thuận,92 m²,N/A,2,2,"Láng Hạ, Đống Đa","21.0168266296387, 105.815223693848"
37679148,07/03/2025,Chuyển nhượng căn góc 3 ngủ có 3 ban công thoáng view hồ đẹp nhất dự án 93 Láng Hạ ở tầng 21,Giá thỏa thuận,138 m²,N/A,3,2,"Láng Hạ, Đống Đa","21.015989703701084, 105.81553235237325"
41975428,07/03/2025,(Giá chuẩn) bán nhanh căn hộ 2 ngủ view hồ Hoàng Cầu DT 70.3m2 tầng trung giá tốt 7.7 tỷ,"7,7 tỷ","70,3 m²","109,53 tr/m²",2,2,"Láng Hạ, Đống Đa","21.016743949301148, 105.81523469775082"
42297700,07/03/2025,Siêu Hot! Chỉ 1 căn! Tập thể mặt phố Thái Thịnh. 2.75 tỷ - 2PN riêng - 1WC khép kín - Cực thoáng,"2,75 tỷ",62 m²,"44,36 tr/m²",2,1,"Trung Liệt, Đống Đa","21.0100410537978, 105.81866574565"
42318880,07/03/2025,"Bán căn 2 ngủ, full nội thất ở ngay, chung cư Hòa Phát 257 Giải Phóng, Đống Đa","6,28 tỷ",90 m²,"69,78 tr/m²",2,2,"Phương Mai, Đống Đa","20.998500781412474, 105.84056417970592"
42308118,07/03/2025,"Gia đình cần bán căn hộ Hòa Phát 257 Giải Phóng - 108m2, 3 ngủ 2 vệ sinh, giá 7.68 tỷ - 0968 224 ***","7,68 tỷ",108 m²,"71,11 tr/m²",3,2,"Phương Mai, Đống Đa","20.998664076537615, 105.8415683316974"
42073361,07/03/2025,"Bán gấp căn hộ cao cấp Vinhomes Nguyễn Chí Thanh, 2 ngủ 86m2 full nội thất giá 8 tỷ LH 0814 332 ***",8 tỷ,86 m²,"93,02 tr/m²",2,2,"Láng Hạ, Đống Đa","21.023017353539807, 105.80914961421821"
42298210,07/03/2025,Nhà nguyên bản! Giá rẻ! Cực thoáng sáng! Chỉ 2.69 tỷ - Tập thể mặt phố Trường Chinh - 55m2 - 2PN,"2,69 tỷ",55 m²,"48,91 tr/m²",2,1,"Phương Mai, Đống Đa","20.9982420516309, 105.837711286981"
42365161,07/03/2025,"Căn hộ góc tầng 3 khép kín, tập thể Bộ NN, mặt đường Lương Định Của, Kim Liên, Đống Đa","4,95 tỷ",35 m²,"141,43 tr/m²",2,N/A,"Phương Mai, Đống Đa","21.0034106375108, 105.838091036163"
42096574,07/03/2025,Cực hiếm! Chỉ 2.38 tỷ - căn hộ tập thể Phố Khâm Thiên - 50m2 - 2PN - 2WC - căn góc thoáng sáng,"2,38 tỷ",50 m²,"47,6 tr/m²",2,2,"Khâm Thiên, Đống Đa","21.018353048408, 105.837902166876"
41787365,07/03/2025,"Cần bán căn hộ tại chung cư M3 - M4 Nguyễn Chí Thanh, 170m2, 4PN, giá chỉ 10. X tỷ. LH: 0981 497 ***",Giá thỏa thuận,170 m²,N/A,4,2,"Láng Hạ, Đống Đa","21.019844002717633, 105.80836940077037"
42364301,07/03/2025,"(Giá chuẩn) bán căn 2PN 77m2 Green Diamond 93 Láng Hạ, BC Đông Nam, nội thất xịn, sổ đỏ. Giá 9 tỷ",9 tỷ,77 m²,"116,88 tr/m²",2,2,"Láng Hạ, Đống Đa","21.01683238268429, 105.8152064807714"
42363854,07/03/2025,Chính chủ cần bán căn tập thể tầng 3 - Phương Mai - Đống Đa 60m2,"2,75 tỷ",60 m²,"45,83 tr/m²",2,1,"Kim Liên, Đống Đa","21.0057849528016, 105.835866765581"
42348262,07/03/2025,"Chính chủ cần bán CHCC tại CC Hateco Laroma, 142m2, 3PN, 2WC, căn góc, view hồ, nội thất xịn",Giá thỏa thuận,142 m²,N/A,3,2,"Láng Thượng, Đống Đa","21.01975423417466, 105.80714114502553"
41742224,07/03/2025,Gia đình em cần bán nhanh căn hộ 2PN tại Green Diamond 93 Láng Hạ giá 7 tỷ full nội thất,7 tỷ,78 m²,"89,74 tr/m²",2,2,"Láng Hạ, Đống Đa","21.016826629638672, 105.81522369384766"
41857113,07/03/2025,Cần bán gấp căn hộ 3PN Hồng Koong Tower Kim Mã. Căn hộ rộng 126m2 BC Đông Nam,Giá thỏa thuận,126 m²,N/A,3,2,"Láng Thượng, Đống Đa","21.02726488730474, 105.80336696311942"
42363043,07/03/2025,Tập thể phố VIP Đặng Tiến Đông - Hành lang rộng - thoáng sáng - 45m2 - 3. X tỷ (x mẫu giáo),"3,1 tỷ",45 m²,"68,89 tr/m²",1,N/A,"Trung Liệt, Đống Đa","21.0142386393825, 105.821793450338"
39237012,07/03/2025,"Bán nhanh chung cư Hoà Phát, 257 Giải Phóng, 3 phòng ngủ, 109m2, giá tốt",Giá thỏa thuận,109 m²,N/A,3,2,"Phương Mai, Đống Đa","20.99866, 105.841484"
42262003,07/03/2025,"Nhà tt đẹp full nội thất gần trường mầm non Hoa Sữa Kim Liên, Đống Đa (65m2), nhỉnh 2 tỷ","2,68 tỷ",65 m²,"41,23 tr/m²",2,2,"Kim Liên, Đống Đa","21.0061352696111, 105.83560886196"
42361888,07/03/2025,"Bán CC tòa 187 Nguyễn Lương Bằng. DT: 65m2, 2PN - 1WC. Chính chủ. LH: 0963 815 ***",Giá thỏa thuận,65 m²,N/A,2,1,"Quang Trung, Đống Đa","21.01335359187219, 105.82757097286336"
42361743,07/03/2025,"Bán CC 1PN, 1WC, 32m2 tại Láng Hạ, Đống Đa, Hà Nội, chỉ với 2,25 tỷ, 50m ra phố","2,25 tỷ",32 m²,"70,31 tr/m²",1,1,"Láng Hạ, Đống Đa","21.0155350675585, 105.813036462403"
42361529,07/03/2025,"Bán nhà tập thể tầng 1, Khương Thượng, Đống Đa, 45m2, có sân để xe riêng, nhà đẹp, ở ngay","1,95 tỷ",45 m²,"43,33 tr/m²",2,N/A,"Khương Thượng, Đống Đa","21.004504439361, 105.824810956868"
42153689,07/03/2025,"Bán căn hộ 101 Láng Hạ,163 m2, 3 PN, ban công Đông Nam, thoáng căn góc, rất mát, giá 11,5 tỷ (mới)","11,5 tỷ",163 m²,"70,55 tr/m²",3,N/A,"Láng Hạ, Đống Đa","21.01365355480279, 105.81336554510915"
42159367,07/03/2025,"Bán gấp CC 1PN 1WC, 40m2, giá thỏa thuận, ở Thái Thịnh, Đống Đa, Hà Nội",Giá thỏa thuận,40 m²,N/A,1,1,"Thịnh Quang, Đống Đa","21.0104284903319, 105.818391661074"
41533546,07/03/2025,"Hot: Chính chủ bán Lancaster Luminaire, 96m2, 3PN, cơ bản giá 11.3 tỷ. LH: 0899';511.,866","11,14 tỷ",96 m²,116 tr/m²,3,2,"Láng Thượng, Đống Đa","21.0235824584961, 105.805229187012"
42016540,07/03/2025,Bán nhanh CH studio 45m2 tại dự án Lancaster Luminaire 1152 đường Láng full nội thất giá 3.9 tỷ,"3,9 tỷ",45 m²,"86,67 tr/m²",1,1,"Láng Thượng, Đống Đa","21.0234174663207, 105.80535122697"
42361812,07/03/2025,"Hoàng 3333 giá thật. Bán CH 92m2, 2N - 2WC, tại Green Diamond 93 Láng Hạ, tầng trung mát mẻ, NT CĐT","10,1 tỷ",92 m²,"109,78 tr/m²",2,2,"Láng Hạ, Đống Đa","21.016683235998507, 105.81571468204476"
42295592,07/03/2025,"Rất yên bình! Dân trí cao, 2.78 tỷ - Khu D tập thể Phương Mai - 2PN 1WC - Cực thoáng sáng","2,78 tỷ",50 m²,"55,6 tr/m²",2,1,"Phương Mai, Đống Đa","21.001204129235, 105.839322902881"
41509420,07/03/2025,"Tổng hợp quỹ căn dự án Hateco Laroma 3PN, căn duplex, penthouse thô. Hotline PKD 0934 364 ***","14,2 tỷ","137,5 m²","103,27 tr/m²",3,N/A,"Láng Thượng, Đống Đa","21.020280565210513, 105.80698112226804"
40905691,07/03/2025,"Mua 1 được 2 căn hộ tập thể Kim Liên 15m/60m 2,3 tỷ 2 PN gần phố đẹp ở luôn tiện ích","2,3 tỷ",15 m²,"153,33 tr/m²",2,N/A,"Kim Liên, Đống Đa","21.0049009439077, 105.835833635354"
42171225,07/03/2025,"Bán toà CHDV 92m2x7T Thang Máy, Trường Chinh, Đống Đa. 24P khép kín Full NT. Dòng tiền 160tr/ tháng",22 tỷ,92 m²,"239,13 tr/m²",N/A,N/A,"Khương Thượng, Đống Đa","21.0025953992678, 105.828581178715"
41788447,07/03/2025,"Tập thể Vĩnh Hồ - Thái Thịnh - Đống Đa, Hà Nội. Lô góc 3 thoáng 3 ngủ chỉ 3,6 tỷ có TL","3,6 tỷ",85 m²,"42,35 tr/m²",3,2,"Láng Hạ, Đống Đa","21.0120994459886, 105.816659213922"
35386897,07/03/2025,"Cần bán gấp 3PN2VS, 118m2, Vinhomes Nguyễn Chí Thanh, view hồ Ngọc Khánh",Giá thỏa thuận,118 m²,N/A,3,2,"Láng Hạ, Đống Đa","21.0229530334473, 105.809814453125"
42230199,07/03/2025,Tập thể Trung Liệt - Tầng 3 - nhà đẹp full nội thất - 3PN - 3WC - ô tô đỗ,"4,75 tỷ",39 m²,"121,8 tr/m²",3,3,"Trung Liệt, Đống Đa","21.0110547900189, 105.822035623855"
42048275,07/03/2025,Hiếm! Chỉ 2.55 tỷ. Căn hộ tập thể Phương Mai - 50m2 - 2PN thoáng sáng - ô tô đỗ chân cầu thang,"2,55 tỷ",50 m²,51 tr/m²,2,1,"Phương Mai, Đống Đa","21.0012615613223, 105.839347067833"
42360663,07/03/2025,"Bán căn hộ tập thể Nam Đồng, Hồ Đắc Di, Đống Đa, 60m2 sử dụng, 2PN, ở ngay, 2.88 tỷ, sổ đỏ CC","2,88 tỷ",60 m²,48 tr/m²,2,1,"Khâm Thiên, Đống Đa","21.0194968711706, 105.838821980003"
39941532,07/03/2025,"Bán nhà tập thể mặt phố Phương Mai 28/60m2 2 phòng ngủ đẹp 2,65 tỷ","2,65 tỷ",28 m²,"94,64 tr/m²",2,N/A,"Phương Mai, Đống Đa","21.0012748, 105.8393044"
41996883,07/03/2025,"Bán tập thể Kim Liên 24/60m 2,67 tỷ 2PN riêng biệt đẹp tiện ích ngõ thông tứ tung ở luôn","2,67 tỷ",24 m²,"111,25 tr/m²",2,1,"Kim Liên, Đống Đa","21.0066786845446, 105.83547300852"
41686377,07/03/2025,"Bán tập thể Kim Liên 24/50m2, giá 2,5 tỷ ngõ rộng gần phố, trường, chợ, ở hoặc đầu tư","2,5 tỷ",24 m²,"104,17 tr/m²",1,1,"Kim Liên, Đống Đa","21.0050505376489, 105.835328905202"
42303555,07/03/2025,"Chính chủ bán nhà chung cư M3 - M4 Nguyễn Chí Thanh, tầng 6 đẹp, diện tích 165m2, giá 13 tỷ",13 tỷ,165 m²,"78,79 tr/m²",3,2,"Láng Hạ, Đống Đa","21.020477320114185, 105.80873577646726"
42298817,07/03/2025,"Bán nhà tập thể nhà A2 T2, tập thể cty tư vấn xây dựng Thủy Lợi 1, 45 Chùa Bộc, DTSD 90m2, 4.4 tỷ","4,4 tỷ",90 m²,"48,89 tr/m²",3,3,"Trung Liệt, Đống Đa","21.0077287338798, 105.827709963249"
27424809,07/03/2025,"Bán CHCC 27 Huỳnh Thúc Kháng, 123m2, 3 phòng ngủ, sổ đỏ lâu dài CC, có gia lộc, ở ngay, vị trí TT","8,5 tỷ",123 m²,"69,11 tr/m²",3,N/A,"Láng Hạ, Đống Đa","21.0181846618652, 105.811264038086"
42341301,07/03/2025,"Bán căn hộ tập thể Phương Mai, Đống Đa ô tô đỗ chân cầu thang, 60m 2 ngủ, sổ riêng giá 2,75 tỷ","2,75 tỷ",60 m²,"45,83 tr/m²",2,1,"Kim Liên, Đống Đa","21.0056470401868, 105.835747609764"
42343657,07/03/2025,"Bán nhà TT Phương Mai, Đống Đa, căn hộ T3 nhà đẹp, thoáng sáng, 2 ngủ giá 2,5 tỷ sổ riêng","2,5 tỷ",50 m²,50 tr/m²,2,1,"Phương Mai, Đống Đa","21.0029888660234, 105.838753661416"
42343718,07/03/2025,"Tôi bán nhà tập thể Phương Mai, Đống Đa ngay bệnh viện Bạch Mai, sổ đỏ riêng 50m 2 ngủ giá 2,55 tỷ","2,55 tỷ",50 m²,51 tr/m²,2,1,"Phương Mai, Đống Đa","21.0012134158816, 105.839379189345"
42091988,07/03/2025,Cần bán gấp! Chỉ 2.3 tỷ. Căn hộ tập thể Phố Thái Thịnh - 2PN - 1WC thoáng sáng - DT 54m2 - nhà đẹp,"2,3 tỷ",54 m²,"42,59 tr/m²",2,1,"Thịnh Quang, Đống Đa","21.0106365369269, 105.818405378079"
42360071,07/03/2025,"Cam kết giá thật - căn 2PN tại The Gloria, nhận nhà ở ngay, đã có sổ. Giá chỉ 7,8 tỷ","7,8 tỷ",57 m²,"136,84 tr/m²",2,2,"Láng Hạ, Đống Đa","21.015102128149994, 105.80886467865014"
41427184,07/03/2025,"Bán CCMN mới đường Thái Hà - Thái Thịnh. Căn 35m2, 1PN, mặt ngõ, ban công thoáng. Giá 1,4 tỷ","1,4 tỷ",35 m²,40 tr/m²,1,1,"Thịnh Quang, Đống Đa","21.0071669433208, 105.820998453203"
41739993,07/03/2025,"Hiếm! CCMN mới ngõ 1194 Đường Láng, full nội thất, nhận nhà ở ngay. DT 52m2, giá nhỉnh 1tỷ9","1,95 tỷ",52 m²,"37,5 tr/m²",2,1,"Láng Thượng, Đống Đa","21.0216533065223, 105.801001940633"
41776032,07/03/2025,"Bán CCMN phố Chùa Láng - Nguyễn Chí Thanh, full nội thất (như ảnh). DT 52m2, 2PN. Giá 1,98 tỷ","1,98 tỷ",55 m²,36 tr/m²,2,1,"Láng Thượng, Đống Đa","21.0230915405287, 105.805937611858"
40784874,07/03/2025,"Cần bán gấp căn hộ CCMN 2PN mới phố Nguyễn Trãi - Tây Sơn, full nội thất, DT 52m2, giá 1tỷ980","1,98 tỷ",52 m²,"38,08 tr/m²",2,1,"Thịnh Quang, Đống Đa","21.0046066276897, 105.821836980007"
39622552,07/03/2025,"Bán chung cư Mipec 229 Tây Sơn, 120m2, 2PN, 2WC. LH 0984 272 ***",Giá thỏa thuận,120 m²,N/A,2,2,"Trung Liệt, Đống Đa","21.006322860717773, 105.82319641113281"
42358701,07/03/2025,"Dòng tiền thu nhập ổn định 300tr/năm, căn 2PN2WC chỉ từ 5,5 tỷ, HTLS 50%, tăng giá 15 - 20%/ năm","5,6 tỷ",70 m²,80 tr/m²,2,2,"Thịnh Quang, Đống Đa","21.004713658247567, 105.81929424872831"
42359219,07/03/2025,"Bán gấp TT Đặng Tiến Đống - Thái Hà - TT Đống Đa - 50m x 2PN/WC, bếp, khách, giá 3,1 tỷ","3,1 tỷ",50 m²,62 tr/m²,2,1,"Quang Trung, Đống Đa","21.0124465413058, 105.823674632686"
42358728,07/03/2025,"Bán căn hộ chung cư tại - 71 Nguyễn Chí Thanh 110m2 có 3PN - 2WC nhà đẹp full nội thất, giá 7.5 tỷ","7,5 tỷ",110 m²,"68,18 tr/m²",3,2,"Láng Hạ, Đống Đa","21.015420287943623, 105.81261014686022"
42096417,07/03/2025,Chỉ 2.45 tỷ. Bán căn hộ 2PN 1WC sát hồ Linh Quang - Đống Đa. DT 55m2. 2 mặt thoáng,"2,45 tỷ",55 m²,"44,54 tr/m²",2,1,"Văn Chương, Đống Đa","21.0260863288125, 105.839906565899"
42138541,07/03/2025,"Giá rẻ nhất hiện nay, bán gấp căn hộ chung cư M5 Nguyễn chí Thanh, 3 phòng ngủ, full nội thất","9,3 tỷ",149 m²,"62,42 tr/m²",3,2,"Láng Hạ, Đống Đa","21.0209899860415, 105.80981166563215"
42349993,07/03/2025,"Bán tập thể tầng 2 Nguyên Hồng - Huỳnh Thúc Kháng, Láng Hạ, Đống Đa, nhà đẹp 2 ngủ, 2 vệ sinh","3,95 tỷ",65 m²,"60,77 tr/m²",2,2,"Láng Hạ, Đống Đa","21.016121801032, 105.810211274615"
37172840,07/03/2025,Chính chủ tôi cần bán căn Penthouse tại dự án Lancaster đường Láng 500m2,Giá thỏa thuận,500 m²,N/A,N/A,N/A,"Láng Thượng, Đống Đa","21.0235824584961, 105.805229187012"
33841826,07/03/2025,Bán căn 2 ngủ 92m2 chung cư Lancaster Luminaire đường Láng chính chủ 0944 412 ***,Giá thỏa thuận,92 m²,N/A,2,2,"Láng Thượng, Đống Đa","21.0235824584961, 105.805229187012"
40587487,07/03/2025,Sang trọng - Tiện nghi! Căn hộ 45m2 studio hiện đại tầng cao tại Lancaster Láng cần bán giá tốt,5 tỷ,45 m²,"111,11 tr/m²",1,1,"Láng Thượng, Đống Đa","21.0235824584961, 105.805229187012"
42358722,07/03/2025,"Hiếm! Bán tập thể tầng 1 Tây Sơn - Đại Học Thuỷ Lợi - Khương Thượng, Đống Đa, 2 ngủ nhà đẹp ở luôn","3,05 tỷ",50 m²,61 tr/m²,2,1,"Khương Thượng, Đống Đa","21.0047479084093, 105.821933738493"
42358708,07/03/2025,Bán căn hộ chung cư Phố Hà Nam 40m2 2PN 1WC giá 1.85 tỷ liên hệ 0984 847 ***,"1,85 tỷ",40 m²,"46,25 tr/m²",2,1,"Ô Chợ Dừa, Đống Đa","21.0256666149746, 105.827145356096"
42099558,07/03/2025,"Chính chủ gửi bán căn hộ 104.43m2, 3 phòng ngủ tòa Hacisco đường Nguyễn Chí Thanh giá hơn 6 tỷ","6,8 tỷ","104,43 m²","65,11 tr/m²",3,2,"Láng Hạ, Đống Đa","21.0201398925231, 105.808601450771"
41342574,07/03/2025,"Chính chủ cần bán căn góc 3N DT 137m2 tại Hateco Laroma - Láng Thượng, sẵn sổ. Giá 14 tỷ",14 tỷ,137 m²,"102,19 tr/m²",3,2,"Láng Thượng, Đống Đa","21.020416259765625, 105.80724334716797"
42357111,07/03/2025,"Em bán căn nhà tập phố Tôn Thất Tùng, full nội thất xịn sò","4,95 tỷ",90 m²,55 tr/m²,N/A,N/A,"Khương Thượng, Đống Đa","21.0020144416394, 105.829920970052"
42357838,07/03/2025,"Bán CCMN 2PN 46m2 giá 1tỷ470 cực đẹp 426 Thịnh Quang, Ngã Tư Sở","1,47 tỷ",46 m²,"31,96 tr/m²",2,1,"Thịnh Quang, Đống Đa","21.0041002725898, 105.821531222959"
42358321,07/03/2025,"Bán tập thể Khương Thượng, Trung Tự, Đống Đa, 72m2 (sổ 38m2), 2 ngủ, 3.2 tỷ","3,2 tỷ",72 m²,"44,44 tr/m²",2,N/A,"Phương Liên - Trung Tự, Đống Đa","21.0041487639002, 105.824943777153"
42358178,07/03/2025,"Bán tập thể Trung Tự, Đống Đa, T3, 3 ngủ, 3.5 tỷ","3,5 tỷ",65 m²,"53,85 tr/m²",3,N/A,"Phương Liên - Trung Tự, Đống Đa","21.0043264583173, 105.831080094443"
42358089,07/03/2025,An sinh rất tốt! Tập thể phố Đặng Tiến Đông - 3.15 tỷ - 52m2 - phòng nào cũng thoáng sáng,"3,15 tỷ",52 m²,"60,58 tr/m²",1,1,"Trung Liệt, Đống Đa","21.0143931659545, 105.822034958954"
41760173,07/03/2025,"Bán căn hoa hậu duy nhất CC 141m2, 16 tỷ ở Green Diamond 93 Láng Hạ, Đống Đa, pháp lý sổ hồng",16 tỷ,141 m²,"113,48 tr/m²",N/A,N/A,"Láng Hạ, Đống Đa","21.017196590166918, 105.816081790446"
42249165,07/03/2025,"Bán căn hộ 3PN + 2WC tại chung cư M3 - M4 Nguyễn Chí Thanh, hơn 7 tỷ, 110m2, chính chủ HOT",Giá thỏa thuận,110 m²,N/A,3,2,"Láng Hạ, Đống Đa","21.020392251184, 105.809177392279"
36755701,07/03/2025,"Bán căn hộ Vinhomes Nguyễn Chí Thanh, 2 phòng ngủ giá rẻ nhất, sổ lâu dài, sẵn đồ nội thất",Giá thỏa thuận,86 m²,N/A,2,2,"Láng Hạ, Đống Đa","21.02368274064019, 105.80880891227247"
42327076,07/03/2025,Chuyển nhượng lại căn hộ 3 ngủ 145m ở tháp B chung cư Sky City 88 Láng Hạ giá chỉ hơn 80tr/m2,Giá thỏa thuận,145 m²,N/A,3,2,"Láng Hạ, Đống Đa","21.0123896966178, 105.81218592395884"
42021717,07/03/2025,"Bán quỹ suất ngoại căn VIPP đẹp, cao thoáng - căn 3 ngủ dự án Hateco Laroma, LH: 0931 318 ***",Giá thỏa thuận,115 m²,N/A,3,2,"Láng Thượng, Đống Đa","21.020478655837678, 105.80725453706403"
42198369,07/03/2025,"HOT: Bán căn hộ studio Lancaster - 45m2, full đẹp, giá 5tỷ. LH: 0899.,511,.866",5 tỷ,45 m²,"111,11 tr/m²",1,1,"Láng Thượng, Đống Đa","21.023524152677695, 105.80550074567373"
41380920,07/03/2025,Chính chủ bán căn penthouse đẹp Đông tứ mệnh giá 3X tỷ. LH: 0987 975 ***,Giá thỏa thuận,434 m²,N/A,N/A,N/A,"Láng Thượng, Đống Đa","21.020416259765625, 105.80724334716797"
40477567,07/03/2025,PKD bán quỹ chuyển nhượng từ 3 phòng ngủ sẵn sổ đỏ tại Green Diamond 93 Láng Hạ - 0931 318 ***,Giá thỏa thuận,137 m²,N/A,3,2,"Láng Hạ, Đống Đa","21.0168266296387, 105.815223693848"
39486181,07/03/2025,Sẵn quỹ căn VIP đẹp & chuyển nhượng giá tốt - Hateco Laroma 4A Huỳnh Thúc Kháng - 0931 318 ***,Giá thỏa thuận,102 m²,N/A,3,2,"Láng Thượng, Đống Đa","21.0204162597656, 105.807243347168"
41975754,07/03/2025,"Bán căn hộ 2PN cao cấp Green Diamond 93 Láng Hạ, giá siêu hời 9,6 tỷ, 91m2 căn sổ đỏ LH: 0971 864 ***","9,6 tỷ",91 m²,"105,5 tr/m²",2,2,"Láng Hạ, Đống Đa","21.0168296106163, 105.81528039776207"
35329362,07/03/2025,"Bán gấp để dồn tiền mua nhà to hơn chung cư Hateco Laroma DT 80m2, 2PN tầng trung giá cực rẻ.",Giá thỏa thuận,103 m²,N/A,3,2,"Láng Thượng, Đống Đa","21.020416259765625, 105.80724334716797"
42357257,07/03/2025,"Cần bán CH Hong Kong Tower, căn góc 127m2, BC Đông Nam, nội thất đẹp, phong thủy vượng khí",11 tỷ,127 m²,"86,61 tr/m²",3,2,"Láng Thượng, Đống Đa","21.026947420156137, 105.80355022451147"
17714910,07/03/2025,"Cần bán! Chung cư mini Hào Nam, Quận Đống Đa giá từ 700 triệu/căn, full đồ, vào ở luôn",Giá thỏa thuận,33 m²,N/A,1,1,"Cát Linh, Đống Đa","21.028820658364, 105.830626706337"
42337106,07/03/2025,Chính chủ cần bán TT Nguyễn Chí Thanh - 70m2 - 2 mặt thoáng - hành lang rộng - sổ đỏ đẹp,"4,2 tỷ",70 m²,60 tr/m²,2,1,"Láng Thượng, Đống Đa","21.0211823750747, 105.808453290226"
42354225,07/03/2025,"Bán căn tập thể DT 60m2, 2PN, 1WC tại phường Nam Đồng, Đống Đa, HN, giá 2,55 tỷ","2,55 tỷ",60 m²,"42,5 tr/m²",2,1,"Nam Đồng, Đống Đa","21.0150940142053, 105.829390193684"
42354007,07/03/2025,Bán căn góc chung cư 71 Nguyễn Chí Thanh 2PN,"5,95 tỷ",75 m²,"79,33 tr/m²",2,1,"Láng Hạ, Đống Đa","21.01542223609167, 105.8126595303555"
42356115,07/03/2025,"Bán nhà tập thể Thái Hà, Trung Liệt, 55m, nhà đẹp, ở ngay, ô tô vào sân nhà, cho thuê 8tr","3,05 tỷ",55 m²,"55,46 tr/m²",2,N/A,"Láng Hạ, Đống Đa","21.0149111056232, 105.817654850199"
42354759,07/03/2025,Sổ đỏ chính chủ - về ở ngay - bán gấp nhà TT Ban Cơ Yếu Chính Phủ - TT Đống Đa - chỉ 2.95 tỷ,"2,95 tỷ",55 m²,"53,64 tr/m²",2,1,"Láng Hạ, Đống Đa","21.0160117185785, 105.809910326459"
42123038,07/03/2025,Bán tập thể Bưu Điện Thổ Quan - Chỉ 2.69 tỷ - Nhà cực đep - Full nội thất - 2PN - 1WC khép kín,"2,69 tỷ",50 m²,"53,8 tr/m²",2,1,"Khâm Thiên, Đống Đa","21.01898709847, 105.839010731583"
42247299,08/03/2025,"Hot tư vấn chuyên sâu The Ninety Complex 90 Đường Láng, nhiều lựa chọn Quỹ căn đẹp & độc quyền","4,3 tỷ",63 m²,"68,25 tr/m²",2,2,"Thịnh Quang, Đống Đa","21.0036082646885, 105.818512533411"
42370131,08/03/2025,CHỦ NHÀ cần tiền cho con đi học nước ngoài muốn bán chung cư 104m2 căn góc hoa hậu 3 PN,"12,98 tỷ",104 m²,"124,81 tr/m²",3,N/A,"Láng Thượng, Đống Đa","21.020076041429746, 105.80721182943374"
42332365,07/03/2025,"Căn 2 ngủ - giá rẻ nhất tại Sky City 88 Láng Hạ, tầng cao view thoáng buổi tối ngắm trọn thành phố","9,18 tỷ",112 m²,82 tr/m²,2,2,"Láng Hạ, Đống Đa","21.0122054679233, 105.811628636183"
42352494,06/03/2025,"Chính chủ bán tập thể phố Nguyễn Chí Thanh, diện tích sổ 45 m2 - diện tích sử dụng 70 m2","4,2 tỷ",45 m²,"93,33 tr/m²",1,1,"Láng Thượng, Đống Đa","21.020678857981, 105.809057513283"
42348626,06/03/2025,"Tập thể Nguyễn Chí Thanh, 70m2 sổ đỏ 45m2 tầng 2","4,2 tỷ",70 m²,60 tr/m²,1,1,"Láng Thượng, Đống Đa","21.0208674985815, 105.808525907856"
41659959,08/03/2025,"Bán chung cư Hong Kong Tower - 243A Đê La Thành, 107m2, 3 ngủ đủ đồ giá chỉ 9,5 tỷ LH: 0814 332 ***",Giá thỏa thuận,107 m²,N/A,3,2,"Láng Thượng, Đống Đa","21.027200698852539, 105.80382537841797"
42043060,08/03/2025,"Bán căn hộ cao cấp Hateco Laroma 94 m2, 2 PN + 1, ban công hướng Nam, full nội thất, giá 11.5 tỷ","11,5 tỷ",94 m²,"122,34 tr/m²",2,N/A,"Láng Thượng, Đống Đa","21.020413099568298, 105.80723414436102"
42016829,08/03/2025,"Tập thể tầng 5 nhà B2 Vĩnh Hồ, 20m ra mặt phố, view sân chơi, ô tô gần, nhà mới thoáng, 65m2/2.8tỷ","2,8 tỷ",65 m²,"43,08 tr/m²",3,1,"Thịnh Quang, Đống Đa","21.0065171365504, 105.820289720105"
42371845,08/03/2025,Chỉ còn 1 căn duy nhất! Tập thể Kim Liên. 2.75 tỷ - View mặt phố cực thoáng sáng - 2PN 1WC,"2,75 tỷ",55 m²,50 tr/m²,2,1,"Kim Liên, Đống Đa","21.0055282033166, 105.835612314698"
42203094,08/03/2025,Bán gấp - bán chung cư N2 Xã Đàn - Khâm Thiên - Đống Đa - nội thất đầy đủ - sổ hồng vĩnh viễn,800 triệu,38 m²,"21,05 tr/m²",2,2,"Kim Liên, Đống Đa","21.0061557534116, 105.835957018665"
41410343,08/03/2025,0971 085 *** chính chủ bán CH Hong Kong Tower 3PN DT 104m2 - 8 tỷ & 126m2 - 9 tỷ full NT đẹp SĐCC,8 tỷ,104 m²,"76,92 tr/m²",3,2,"Láng Thượng, Đống Đa","21.0272006988525, 105.803825378418"
42098664,08/03/2025,"Bán gấp căn hộ CC Hateco Laroma 4A Huỳnh Thúc Kháng, 120m2, 3PN, tầng cao, nội thất xịn. 0963 668 ***",Giá thỏa thuận,120 m²,N/A,3,2,"Láng Thượng, Đống Đa","21.0204162597656, 105.807243347168"
42098581,08/03/2025,"Cần bán gấp căn hộ CC Hateco Laroma 4A HTK, 137m2, 3PN, căn góc, tầng cao, nội thất xịn. 0963 668 ***",Giá thỏa thuận,137 m²,N/A,3,2,"Láng Thượng, Đống Đa","21.0204162597656, 105.807243347168"
41822585,08/03/2025,"Bán gấp căn hộ Hong Kong Tower - 243A Đê La Thành, 105m2, 3PN, đủ đồ, tầng cao, 9.5 tỉ. 0963 668 ***","9,5 tỷ",105 m²,"90,48 tr/m²",3,2,"Láng Thượng, Đống Đa","21.02796163907616, 105.80370925794566"
41592155,08/03/2025,"Chủ đầu tư Hateco Laroma mở bán đợt cuối các sàn đẹp, căn đẹp, chọn căn, chọn tầng, giá ưu đãi",Giá thỏa thuận,"80,27 m²",N/A,2,2,"Láng Thượng, Đống Đa","21.020416259765625, 105.80724334716797"
42371921,08/03/2025,"Bán căn penthouse 404m2 tại dự án D.Le Pont Dor Hoàng Cầu - 41,8 tỷ","31,8 tỷ",404 m²,"78,71 tr/m²",N/A,N/A,"Ô Chợ Dừa, Đống Đa","21.019530677284, 105.822040704161"
42314633,08/03/2025,"Bán căn hộ chung cư mặt đường Nguyễn Chí Thanh, DT 113m2, 3 PN, 2 WC giá bán 7,2 tỷ","7,2 tỷ",113 m²,"63,72 tr/m²",3,2,"Láng Hạ, Đống Đa","21.0204086392065, 105.80814846607"
42305362,08/03/2025,"Chuyên gia số 1 Vinhomes Nguyễn Chí Thanh; Cập nhật quỹ căn HOT, hỗ trợ trọn gói; Giá tốt nhất!","5,6 tỷ",56 m²,100 tr/m²,1,1,"Láng Thượng, Đống Đa","21.023452459449583, 105.80929010875093"
41115652,08/03/2025,"(HOT) Căn 2 ngủ giá 3,9 tỷ ful NT rẻ nhất The Ninety Complex. Lh: 0977 535 ***","3,9 tỷ","45,15 m²","86,38 tr/m²",2,N/A,"Thịnh Quang, Đống Đa","21.0041027069092, 105.818695068359"
41425463,08/03/2025,Nhượng căn 2 ngủ 91.3m nguyên bản chưa chỉnh sửa view hồ dự án Green Diamond,Giá thỏa thuận,"91,3 m²",N/A,2,N/A,"Láng Hạ, Đống Đa","21.017064267283196, 105.81604111745276"
40831595,08/03/2025,Nhượng căn 3 ngủ 140m full đồ hiện đại nhà mới 100% tầng cao view hồ,18 tỷ,142 m²,"126,76 tr/m²",3,N/A,"Láng Hạ, Đống Đa","21.016826629638672, 105.81522369384766"
42348516,08/03/2025,"Bán CHCC Hateco Laroma 4A Huỳnh Thúc Kháng, Đống Đa, 137m2, 3PN, giá thỏa thuận, LH 0983 951 ***",Giá thỏa thuận,137 m²,N/A,3,2,"Láng Thượng, Đống Đa","21.020730785064206, 105.80799022735874"
35151729,08/03/2025,Chung cư mini Vincom Phạm Ngọc Thạch - Đông Tác full nội thất ở ngay ôtô đỗ cửa,950 triệu,45 m²,"21,11 tr/m²",2,1,"Kim Liên, Đống Đa","21.0063307505256, 105.833225939673"
38843833,08/03/2025,"Chính chủ - bán chung cư CT1 Xã Đàn - Trung Phụng 35 - 55m2, full nội thất, CK 50tr căn, ở ngay",860 triệu,35 m²,"24,57 tr/m²",1,1,"Khâm Thiên, Đống Đa","21.0159532804345, 105.835727175641"
41601011,08/03/2025,"Tôi bán căn hộ chung cư tòa nhà 170 Đê La Thành - 142,6m2, 3PN full nội thất","7,68 tỷ","142,6 m²","53,86 tr/m²",3,2,"Ô Chợ Dừa, Đống Đa","21.0212249755859, 105.828063964844"
41057549,08/03/2025,Chính chủ cần bán nhanh căn 72m 2N2VS giá 9.1 tỷ tại Green Diamond 93 Láng Hạ - Liên hệ: 0906 961 ***,"9,1 tỷ",92 m²,"98,91 tr/m²",2,2,"Láng Hạ, Đống Đa","21.016826629638672, 105.81522369384766"
39198062,08/03/2025,"Bán căn hộ 105m2, 3PN tại CC Hateco Laroma. Căn góc - tầng cao, nội thất cao cấp. Giá rẻ",Giá thỏa thuận,105 m²,N/A,3,2,"Láng Thượng, Đống Đa","21.0204162597656, 105.807243347168"
40848277,08/03/2025,"Bán căn ngoại giao 2PN tại The Gloria-8 Nguyên Hồng, nhận nhà ở ngay, đã có sổ. Giá chỉ từ 6,x tỷ",Giá thỏa thuận,57 m²,N/A,2,2,"Láng Hạ, Đống Đa","21.0158519744873, 105.809234619141"
42277107,08/03/2025,Bán tập thể tầng 1 Hồ Đắc Di - kinh doanh nhà hàng quá phù hợp,17 tỷ,240 m²,"70,83 tr/m²",N/A,N/A,"Nam Đồng, Đống Đa","21.0123345420556, 105.829152502199"
42360708,08/03/2025,Bán căn Penthouse 361m2 thô chung cư Hong Kong Tower 0974 681 ***,"37,9 tỷ",361 m²,105 tr/m²,4,4,"Láng Thượng, Đống Đa","21.026872845844185, 105.80338231712203"
42234465,08/03/2025,"Chính chủ tôi bán căn hộ Vườn Xuân - 71 Nguyễn Chí Thanh - 76,1m2 có 2 phòng ngủ full đồ","5,3 tỷ","76,1 m²","69,64 tr/m²",2,1,"Láng Hạ, Đống Đa","21.016073737134917, 105.81264056258757"
42370808,08/03/2025,"Tầng 1 CĂN HỘ nhỏ XINH tập thể bộ CA ngõ phố Khâm Thiên - ĐỐNG ĐA. Giao ngay, ở luôn 1,3 tỷ.","1,3 tỷ",30 m²,"43,33 tr/m²",1,1,"Thổ Quan, Đống Đa","21.0197350304997, 105.834130724817"
42337886,08/03/2025,"Bán Tập thể Tôn Đức Thắng - Đoàn Thị Điểm, Đống Đa, sổ to 43m2, nhà đẹp ở ngay","4,39 tỷ",65 m²,"67,54 tr/m²",2,1,"Văn Miếu - Quốc Tử Giám, Đống Đa","21.0267600672729, 105.833845986535"
42268674,08/03/2025,"Bán tập thể Hồ Đắc Di - Nam Đồng, Đống Đa, nhà đẹp 2 ngủ riêng biệt, full nội thất, nhỉnh 2 tỷ","2,88 tỷ",60 m²,48 tr/m²,2,2,"Nam Đồng, Đống Đa","21.0126000808252, 105.829084426961"
42316706,08/03/2025,"Hiếm! Bán tập thể Văn Chương - Khâm Thiên, Đống Đa, vị trí rất đẹp, có sân chơi","3,55 tỷ",80 m²,"44,38 tr/m²",2,1,"Văn Chương, Đống Đa","21.0215736377699, 105.8335685512"
42338269,08/03/2025,"Bán tập thể duplex Chùa Bộc Tôn Thất Tùng, Đống Đa, siêu đẹp, 3 ngủ, 2 vệ sinh, full nội thất, 100m","3,85 tỷ",100 m²,"38,5 tr/m²",3,2,"Khương Thượng, Đống Đa","21.0080484214009, 105.825734805035"
42370996,08/03/2025,TOÀ CĂN HỘ DÒNG TIỀN PHỐ TÔN ĐỨC THẮNG -HÀNG BỘT 85 m x 8 TẦNG THANG MÁY 13 PHÒNG CHO TÂY THUÊ XỊN,"31,8 tỷ",85 m²,"374,12 tr/m²",13,14,"Hàng Bột, Đống Đa","21.0270899932374, 105.833797319899"
42298349,08/03/2025,Chỉnh chủ mình nhượng căn hộ 810 - 2PN 70m2 tòa nhà The Gloria By Silk Path,Giá thỏa thuận,70 m²,N/A,2,2,"Láng Hạ, Đống Đa","21.015137073995295, 105.80949755742405"
42319499,08/03/2025,Tập thể Nam Đồng - vị trí vip - ô tô đỗ cổng - ở cực vip - 2 tỷ 9,"2,9 tỷ",23 m²,"126,09 tr/m²",2,1,"Nam Đồng, Đống Đa","21.0134421263393, 105.833248206103"
42362758,08/03/2025,"Bán căn hộ đẳng cấp 2PN, 3PN full đồ cao cấp, sổ đỏ chính chủ, sách vali về ở ngay, Hateco Laroma",13 tỷ,112 m²,"116,07 tr/m²",3,2,"Láng Thượng, Đống Đa","21.02111559026692, 105.80742265483723"
41741876,08/03/2025,"Bán gấp CHCC Hateco Laroma - 4A Huỳnh Thúc Kháng, 112m2, 3PN, căn góc, tầng cao, đồ xịn. 0963 668 ***",Giá thỏa thuận,112 m²,N/A,3,2,"Láng Thượng, Đống Đa","21.020416259765625, 105.80724334716797"
40958266,08/03/2025,"Cần bán gấp căn hộ chung cư Hateco Laroma 4A HTK, 90m2, 2PN, căn góc, tầng cao, 9 tỉ. 0963 668 ***",9 tỷ,90 m²,100 tr/m²,2,2,"Láng Thượng, Đống Đa","21.0204162597656, 105.807243347168"
36139723,08/03/2025,"Bán gấp căn hộ chung cư Hong Kong Tower - 243A Đê La Thành, 107m2, 3phòng ngủ, căn góc 0941 882 ***",Giá thỏa thuận,107 m²,N/A,3,2,"Láng Thượng, Đống Đa","21.0272006988525, 105.803825378418"
42348328,08/03/2025,"Nhà đẹp diện tích sử dụng 60m, 2 phòng ngủ đang cho thuê được 7tr/ tháng ở phố Nguyên Hồng","3,68 tỷ","33,2 m²","110,84 tr/m²",2,2,"Láng Hạ, Đống Đa","21.01589632818, 105.810182601697"
42146289,08/03/2025,"Chính chủ Bán CH M3 M4 - 91 Nguyễn Chí Thanh 165 m2, 3 PN, H Đông Nam, nội thất đẹp, giá 12,3 tỷ","12,38 tỷ",165 m²,75 tr/m²,3,2,"Láng Hạ, Đống Đa","21.0202329802703, 105.808753024577"
42204513,08/03/2025,"Bán căn hộ tòa nhà M3M4 - 91 Nguyễn Chí Thanh, 170 m2, 4 PN, nhà nguyên bản, giá 10,5 tỷ","10,5 tỷ",170 m²,"61,76 tr/m²",4,N/A,"Láng Hạ, Đống Đa","21.02001749952271, 105.80834785625332"
41334364,08/03/2025,"Bán căn hộ TT Chùa Bộc, tầng 2, DTSD 100m2, 3PN, 2WC, nhà đẹp, BC Đông Nam, rất mát, giá 4,25 tỷ","4,25 tỷ",100 m²,"42,5 tr/m²",3,2,"Trung Liệt, Đống Đa","21.0076850663206, 105.827480666072"
41592580,08/03/2025,"Quỹ 12 căn vip, giá ngoại giao, vị trí đẹp, lựa chọn căn, giá 7 tỷ, DT: 80m2, 137m2, Hateco Laroma",10 tỷ,94 m²,"106,38 tr/m²",3,2,"Láng Thượng, Đống Đa","21.020416259765625, 105.80724334716797"
41196295,08/03/2025,"Siêu phẩm! Chỉ 2,65 tỷ tập thể Thổ Quan, Đống Đa, lô góc, 50m2 2PN nhà đẹp","2,65 tỷ",50 m²,53 tr/m²,2,1,"Thổ Quan, Đống Đa","21.0196188568587, 105.834351048938"
41982303,08/03/2025,Bán 1 suất ngoại giao Penhouse Duplex 36 Hoàng Cầu: 450m2. Hotline: 0352 472 *** (Miễn trung gian),39 tỷ,450 m²,"86,67 tr/m²",5,4,"Ô Chợ Dừa, Đống Đa","21.0195687563292, 105.821739844177"
39897515,08/03/2025,"Tôi bán căn hộ toà nhà Vườn Xuân, 71 Nguyễn Chí Thanh. Diện tích 76m2 giá bán 5.2 tỷ","5,2 tỷ",76 m²,"68,42 tr/m²",2,1,"Láng Hạ, Đống Đa","21.015098263086067, 105.8121773824459"
42214055,08/03/2025,"Chính chủ bán căn góc 3 phòng ngủ 151m2 xịn, sổ đỏ trung tâm Đống Đa Hateco Laroma Huỳnh Thúc Kháng","15,65 tỷ",151 m²,"103,64 tr/m²",3,2,"Láng Thượng, Đống Đa","21.02081471927827, 105.80779612188607"
42322206,08/03/2025,"Bán Chung cư mini tại phố Tây Sơn Đống Đa, 15,5 tỷ, 70 m2, giá siêu hời","15,5 tỷ",70 m²,"221,43 tr/m²",N/A,N/A,"Nam Đồng, Đống Đa","21.0160498182967, 105.828522630499"
42178048,08/03/2025,"Ngon bổ rẻ! Tập thể Láng Hạ, Đống Đa, tầng 1, 2 thoáng, sổ to 60m2 2PN nhà đẹp chỉ 3,79 tỷ","3,79 tỷ",60 m²,"63,17 tr/m²",2,1,"Láng Hạ, Đống Đa","21.0150067361513, 105.812637415094"
42349827,08/03/2025,"(Thông tin thật) tập thể Trung Tự, Đống Đa, lô góc, ô tô, sổ to 70m2 2PN full nội thất chỉ 3,59 tỷ","3,59 tỷ",70 m²,"51,29 tr/m²",2,1,"Phương Liên, Đống Đa","21.0001383081552, 105.83066662898"
42357171,08/03/2025,"Hiếm nhà bán! Tập thể thảm may, Đặng Tiến Đông, Đống Đa, sổ to 50m2 2PN chỉ 3,09 tỷ","3,09 tỷ",50 m²,"61,8 tr/m²",2,1,"Trung Liệt, Đống Đa","21.0140713274276, 105.822219316094"
42357365,08/03/2025,"Siêu phẩm! Hồ Đắc Di, Đống Đa, 2 thoáng, gần hồ, 60m2 2PN riêng biệt chỉ 2,79 tỷ","2,79 tỷ",60 m²,"46,5 tr/m²",2,1,"Nam Đồng, Đống Đa","21.0134960962017, 105.833328096213"
42369314,08/03/2025,"Bán Gấp Nhà Tập Thể Phương Mai, 60m, 2 ngủ, full đồ ở luôn, chỉ 2,76 tỷ","2,76 tỷ",60 m²,46 tr/m²,2,1,"Phương Mai, Đống Đa","21.0016644115006, 105.839522446788"
42366079,08/03/2025,Cô Nga cán bộ về Hưu cần bán căn tập thể Hồ Đắc Di 60m 2.86tỷ của mình để về với con chăm cháu,"2,86 tỷ",60 m²,"47,67 tr/m²",N/A,N/A,"Nam Đồng, Đống Đa","21.0121596884177, 105.828762173666"
42338352,08/03/2025,"Cần bán gấp căn hộ CC Hateco Laroma 4A HTK, 105m2, 3PN, căn góc, tầng cao, nội thất xịn. 0963 668 ***",Giá thỏa thuận,105 m²,N/A,3,2,"Láng Thượng, Đống Đa","21.02070571488637, 105.80807947081699"
39912927,08/03/2025,"Chính chủ bán gấp Căn hộ mini phố Tôn Đức Thắng - Đống Đa 35 -50m2, full đồ - 0983 169 ***","1,65 tỷ",50 m²,33 tr/m²,2,1,"Hàng Bột, Đống Đa","21.0267424, 105.8338142"
42348618,08/03/2025,"HOT: Bán căn hộ studio Lancaster - 50m2, full đẹp, giá 5 tỷ. LH: 0899,.511.,866",5 tỷ,50 m²,100 tr/m²,1,1,"Láng Thượng, Đống Đa","21.02365316938256, 105.80521387373152"
35312032,08/03/2025,"Bán gấp căn đẹp nhất chung cư Hateco Laroma - Huỳnh Thúc Kháng, 138m2, 3PN, căn góc, giá thỏa thuận",Giá thỏa thuận,138 m²,N/A,3,3,"Láng Thượng, Đống Đa","21.020416, 105.80724"
41669494,08/03/2025,"Giá rẻ nhất quận Đống Đa, bán gấp căn hộ chung cư M3 - M4 Nguyễn Chí Thanh, 4 ngủ, full nội thất","8,5 tỷ",151 m²,"56,29 tr/m²",4,2,"Láng Hạ, Đống Đa","21.0202007293701, 105.808876037598"
42327770,08/03/2025,Bán 2 ngủ full nội thất xịn đẹp giá 12 tỉ,12 tỷ,92 m²,"130,44 tr/m²",N/A,N/A,"Láng Hạ, Đống Đa","21.01755957790609, 105.81548990841758"
39387404,08/03/2025,"Cần bán chung cư Sky city 88 Láng Hạ, 2pn 112m2 tầng đẹp view thoáng. LH 0936 530 ***",Giá thỏa thuận,112 m²,N/A,2,2,"Láng Hạ, Đống Đa","21.0124912261963, 105.811317443848"
42163025,08/03/2025,"Bán nhà tập thể 100m 2 tầng, 3 phòng ngủ ở ngay hoặc cho thuê khu dân trí cao",3 tỷ,100 m²,30 tr/m²,3,2,"Văn Chương, Đống Đa","21.0153623451533, 105.827950981614"
42362536,08/03/2025,"Bán căn hộ cao cấp 3pn, 112m2 full đồ, sổ đỏ chính chủ. Hateco Laroma Mặt đường Huỳnh Thúc Kháng","12,54 tỷ",112 m²,112 tr/m²,3,2,"Láng Thượng, Đống Đa","21.0206983366321, 105.806878353378"
42347719,08/03/2025,"Bán căn hộ cao cấp Hateco Laroma 100,9m2, 2PN, ban công B, nội thất đẹp, view Thủ Lệ, giá 11 tỷ",11 tỷ,"100,9 m²","109,02 tr/m²",2,2,"Láng Thượng, Đống Đa","21.02105759714539, 105.80679702026428"
42315372,08/03/2025,"Bán chung cư Hong Kong Tower - 243A Đê La Thành, 107m2, 3 ngủ đủ căn góc chỉ 9 tỷ LH: 0814 332 ***",9 tỷ,107 m²,"84,11 tr/m²",3,3,"Láng Thượng, Đống Đa","21.027187376095434, 105.80387325838667"
42354343,08/03/2025,"Bán căn hộ chung cư Hateco Laroma - Huỳnh Thúc Kháng, 115m2, 3PN, căn góc, 13 tỷ LH: 0814 332 ***",13 tỷ,115 m²,"113,04 tr/m²",3,2,"Láng Thượng, Đống Đa","21.02035270397389, 105.80716189670703"
42334032,08/03/2025,"Bán chung cư cao cấp Green Diamond 93 Láng Hạ, 3PN căn góc tầng cao view hồ 145m2 LH: 0814 332 ***",Giá thỏa thuận,145 m²,N/A,3,2,"Láng Hạ, Đống Đa","21.016987573646674, 105.81573767616776"
40136827,08/03/2025,"Bán suất ngoại giao đứng tên cán bộ tập đoàn, căn 3 ngủ dự án Hateco Laroma. Liên hệ PKD 0934 364 ***",Giá thỏa thuận,120 m²,N/A,3,N/A,"Láng Thượng, Đống Đa","21.020164960938317, 105.80808266086265"
42368580,08/03/2025,"Hoàng 3333 giá thật. Bán CH 92m2, 2N - 2WC, tại Green Diamond 93 Láng Hạ, tầng trung mát mẻ, NT CĐT","10,1 tỷ",92 m²,"109,78 tr/m²",2,2,"Láng Hạ, Đống Đa","21.016683235998507, 105.81571468204476"
42368529,08/03/2025,"Bán căn 2 ngủ, full nội thất ở ngay, 6,28 tỷ, chung cư Hòa Phát 257 Giải Phóng, Đống Đa","6,28 tỷ",90 m²,"69,78 tr/m²",2,2,"Phương Mai, Đống Đa","20.998801601894236, 105.84069096759384"
42368504,08/03/2025,"Bán căn 3 Phòng Ngủ toà Hòa Phát 257 Giải Phóng, 108m2, giá 7.68 tỷ, 0982 281 ***","7,68 tỷ",108 m²,"71,11 tr/m²",3,2,"Phương Mai, Đống Đa","20.99804182874331, 105.84094538386901"
41591815,08/03/2025,"Cần bán gấp căn góc 3PN - 111.4m2 toà Hateco Laroma Chùa Láng ở ngay, full nội thất, sẵn sổ lâu dài",10 tỷ,"111,4 m²","89,77 tr/m²",3,2,"Láng Thượng, Đống Đa","21.020416259765625, 105.80724334716797"
39854732,08/03/2025,Sở hữu căn 2N tại Đống Đa chỉ từ 3.6 tỷ/căn + Chiết khấu 10% + Miễn 2 năm phí DV + Quà tặng 215tr,Giá thỏa thuận,45 m²,N/A,2,1,"Thịnh Quang, Đống Đa","21.0041027069092, 105.818695068359"
42365656,08/03/2025,"BÁN GẤP CHUNG CƯ MINI NGÕ THỔ QUAN TÔN ĐỨC THẮNG TRUNG TÂM ĐỐNG ĐA Diện tích: 69m | Mặt tiền 8, 5 M","12,6 tỷ",69 m²,"182,61 tr/m²",8,6,"Hàng Bột, Đống Đa","21.0227321218047, 105.832534662879"
41751540,08/03/2025,"Cần bán tập thể 3PN, 2WC, 85m2 tại Trường Chinh, Đống Đa, Hà Nội, chỉ với 3,25 tỷ","3,25 tỷ",92 m²,"35,33 tr/m²",3,2,"Phương Mai, Đống Đa","20.998857622687, 105.838067750967"
39243841,08/03/2025,"Bán căn hộ chung cư Sông Hồng Park View - 165 Thái Hà, 120m2, 3PN, căn góc, đủ đồ. LH 0972 709 ***",Giá thỏa thuận,120 m²,N/A,3,2,"Láng Hạ, Đống Đa","21.014835357666016, 105.81726837158203"
41716196,08/03/2025,"Chính chủ cần bán gấp căn hộ Hong Kong Tower - 243A Đê La Thành, 105m2, 03PN, căn góc Đông Nam",Giá thỏa thuận,105 m²,N/A,3,2,"Láng Thượng, Đống Đa","21.02720069885254, 105.80382537841797"
42280654,08/03/2025,"Hiếm! Bán tập thể Láng Hạ - Nguyên Hồng, Đống Đa, nhà đẹp ở luôn giá tốt","2,88 tỷ",50 m²,"57,6 tr/m²",1,1,"Láng Hạ, Đống Đa","21.0156251387914, 105.812911845637"
42310878,08/03/2025,"Bán tập thể Phương Mai, Đống Đa, vị trí rất đẹp, ô tô đỗ chân toà, 2 ngủ giá tốt chỉ 2.78 tỷ","2,78 tỷ",45 m²,"61,78 tr/m²",2,1,"Phương Mai, Đống Đa","21.001354581179, 105.839303779903"
42312471,08/03/2025,"Hiếm có! Bán Tập thể Nam Đồng - Hồ Đắc Di, Đống Đa, Tầng 2, 3 ngủ, nhà đẹp ở luôn","3,7 tỷ",75 m²,"49,33 tr/m²",3,1,"Nam Đồng, Đống Đa","21.0122705634097, 105.829242717426"
42321679,08/03/2025,"Hot!!! Bán Gấp, giá tốt Căn Góc Studio dự án Lancaster Láng. Sở hữu lâu dài.Lh:0911 717 ***","4,97 tỷ",50 m²,"99,4 tr/m²",1,1,"Láng Thượng, Đống Đa","21.0231162601858, 105.805341014942"
38352266,08/03/2025,"Cần bán căn góc 3 ngủ tầng cao ở chung cư Hong Kong Tower, giá thoả thuận. Lh: 0906 244 ***",Giá thỏa thuận,107 m²,N/A,3,2,"Láng Thượng, Đống Đa","21.0272006988525, 105.803825378418"
42260142,08/03/2025,Em bán căn nhà tập thể Kim Liên TT Đống Đa full nội thất xịn sò,"2,68 tỷ",65 m²,"41,23 tr/m²",N/A,N/A,"Kim Liên, Đống Đa","21.0050482157071, 105.835620301447"
42352455,08/03/2025,"Căn hộ TT Phương Mai 65m2, 3 ngủ, full nội thất chỉ 2.95 tỷ (có TL)","2,95 tỷ",65 m²,"45,38 tr/m²",3,1,"Phương Liên, Đống Đa","21.0022271042941, 105.83562368598"
42295029,08/03/2025,CẦN BÁN NHANH nhà gần phố phương mai - Ô Tô Đỗ cửa - Giá Tốt nhất Khu,Giá thỏa thuận,55 m²,N/A,2,2,"Phương Mai, Đống Đa","21.0012084540201, 105.839242521499"
42220510,08/03/2025,Bán căn hộ M3 M4 Nguyễn Chí Thanh diện tích 180m2 gồm có 4PN - 2WC nhà đẹp. Liên hệ 0372 004 ***,"10,3 tỷ",180 m²,"57,22 tr/m²",4,2,"Láng Hạ, Đống Đa","21.0200599323868, 105.808825904992"
42004471,08/03/2025,"Chỉ 3.4 tỷ, nhà tập thể thông 2 tầng Kim Liên, 65m2, đủ nội thất đẹp, ô tô đỗ cửa, sổ đỏ chuẩn","3,4 tỷ",65 m²,"52,31 tr/m²",2,2,"Kim Liên, Đống Đa","21.0049847690672, 105.835594144612"
42302656,08/03/2025,"Bán tập thể mặt phố Thái Thịnh, 2PN nội thất đẹp, 55m2, thoáng sáng","2,75 tỷ",55 m²,50 tr/m²,2,1,"Trung Liệt, Đống Đa","21.0095272003391, 105.81902363251"
42261034,08/03/2025,Cần bán căn hộ 3PN ở 107 Nguyễn Chí Thanh giá 6.5 tỷ,"6,5 tỷ","104,43 m²","62,24 tr/m²",3,2,"Láng Hạ, Đống Đa","21.0202621656156, 105.808307022418"
42318355,08/03/2025,"Mặt bằng kinh doanh căn hộ tập thể tầng 1, Phố Nam Đồng, Đống Đa, 48m2 x 1 ngủ x 1wc",3 tỷ,48 m²,"62,5 tr/m²",1,1,"Nam Đồng, Đống Đa","21.0137088038379, 105.83333281788"
41515500,08/03/2025,"Chính chủ bán căn hộ tòa M3 - M4 Nguyễn Chí Thanh, 3 phòng ngủ, 2 vệ sinh",8 tỷ,126 m²,"63,49 tr/m²",3,2,"Láng Hạ, Đống Đa","21.020200729370117, 105.80887603759766"
39112410,08/03/2025,"Bán gấp căn hộ 2.5PN tại Hateco Laroma, ban công thoáng mát, view đẹp. LH: 0906 961 ***","11,5 tỷ",95 m²,"121,05 tr/m²",2,2,"Láng Thượng, Đống Đa","21.0204162597656, 105.807243347168"
42332878,08/03/2025,"Bán nhà tập thể Phương Mai, 2PN, 2 mặt thoáng, nội thất đẹp, DTSD 55m2","2,78 tỷ",55 m²,"50,54 tr/m²",2,1,"Phương Mai, Đống Đa","21.0013050945944, 105.83932124746"
40833893,08/03/2025,Tôi cần bán căn hộ Studio 50m2 full nội thất giá chỉ 4 tỷ tại Lancaster Luminaire - đường Láng,4 tỷ,50 m²,80 tr/m²,1,1,"Láng Thượng, Đống Đa","21.0235824584961, 105.805229187012"
42062091,08/03/2025,Bán căn góc chung cư Lancaster Luminaire 1152 đường Láng 120m2 căn đẹp nhất tòa nhà,"12,6 tỷ",120 m²,105 tr/m²,3,3,"Láng Thượng, Đống Đa","21.0230752364463, 105.805121055851"
42303962,08/03/2025,"Bán căn hộ chung cư Hateco Laroma Hà Nội, diện tích 87m2 - 2PN tầng cao view thoáng, giá tốt!",Giá thỏa thuận,87 m²,N/A,2,2,"Láng Thượng, Đống Đa","21.019686294792923, 105.80768795093593"
42328064,08/03/2025,"Bán căn hộ hoa hậu ở chung cư Lancaster Luminaire, Đống Đa, Hà Nội giá tốt 5 tỷ ký hợp đồng luôn!",5 tỷ,45 m²,"111,11 tr/m²",1,1,"Láng Thượng, Đống Đa","21.02367868521308, 105.80513015098327"
42239976,08/03/2025,"Căn hộ 115m - 3PN2WC, đường Nguyễn Chí Thanh. Giá rẻ",7 tỷ,115 m²,"60,87 tr/m²",3,2,"Láng Hạ, Đống Đa","21.02054085964102, 105.80800279189874"
42366555,08/03/2025,Bán Tập thể Trung Tự! 2PN riêng 1WC khép kín - Thoáng trước sau - Gần TH Trung Tự - Giá 3.6,"3,6 tỷ",68 m²,"52,94 tr/m²",2,1,"Phương Liên - Trung Tự, Đống Đa","21.0098510065456, 105.831185700303"
41725008,08/03/2025,"Bán căn hộ GP Invest 170 Đê La Thành, DT 150m2 có 3PN - 2WC giá 8 tỷ TL",8 tỷ,150 m²,"53,33 tr/m²",3,2,"Ô Chợ Dừa, Đống Đa","21.021224975585938, 105.82806396484375"
42261745,08/03/2025,"Tôi cần bán chung cư 257 Giải Phóng căn góc 108.7m2, 3 ngủ, 2 vs chỉ 7.68 tỷ","7,68 tỷ","108,7 m²","70,65 tr/m²",3,2,"Phương Mai, Đống Đa","20.9986397149048, 105.841963160864"
42366106,08/03/2025,Anh Tân cần bán căn hộ Phương Mai 65m 2.95tỷ ô tô đỗ cửa,"2,95 tỷ",65 m²,"45,38 tr/m²",N/A,N/A,"Phương Mai, Đống Đa","21.0013783835084, 105.839427005272"
35507024,08/03/2025,Chính chủ bán căn 3 ngủ diện tích 137m2 để lại nội thất. Liên hệ xem nhà: 0934 364 ***,Giá thỏa thuận,137 m²,N/A,3,N/A,"Láng Thượng, Đống Đa","21.0204162597656, 105.807243347168"
41943598,08/03/2025,"(Giá shock) Chỉ 2,8 tỷ mua đứt căn Studio The Ninety Complex full nội thất. LH: 0977 535 ***","2,8 tỷ","32,5 m²","86,15 tr/m²",N/A,N/A,"Thịnh Quang, Đống Đa","21.0045087587887, 105.818889439004"
42240099,08/03/2025,"Giá rẻ! Bán (M3 - M4) 91 Nguyễn Chí Thanh - 122m2 - 3PN 2VS - 7,5 tỷ. LH: 0967 401 *** Nam","7,5 tỷ",122 m²,"61,48 tr/m²",3,2,"Láng Hạ, Đống Đa","21.0210625280392, 105.80909242244"
40819170,08/03/2025,"Tập thể tầng 1 ngay gần chợ ĐH Thủy Lợi Khương Thượng, gần nhiều trường đại học và bệnh viện","3,05 tỷ",50 m²,61 tr/m²,2,1,"Khương Thượng, Đống Đa","21.0041209106123, 105.824993378515"
42308302,08/03/2025,"Cần bán căn hộ tầng 4 khu tập thể Điện Lực phố Đoàn Thị Điểm, Quốc Tử Giám","4,39 tỷ",70 m²,"62,71 tr/m²",2,1,"Văn Miếu - Quốc Tử Giám, Đống Đa","21.0263995178349, 105.832265524079"
37510188,07/03/2025,Bán gấp căn 2 ngủ DT 92m2 ban công Tây Bắc view hồ Thành Công tầng 18,Giá thỏa thuận,92 m²,N/A,2,2,"Láng Hạ, Đống Đa","21.0168266296387, 105.815223693848"
37679148,07/03/2025,Chuyển nhượng căn góc 3 ngủ có 3 ban công thoáng view hồ đẹp nhất dự án 93 Láng Hạ ở tầng 21,Giá thỏa thuận,138 m²,N/A,3,2,"Láng Hạ, Đống Đa","21.015989703701084, 105.81553235237325"
41975428,07/03/2025,(Giá chuẩn) bán nhanh căn hộ 2 ngủ view hồ Hoàng Cầu DT 70.3m2 tầng trung giá tốt 7.7 tỷ,"7,7 tỷ","70,3 m²","109,53 tr/m²",2,2,"Láng Hạ, Đống Đa","21.016743949301148, 105.81523469775082"
42297700,07/03/2025,Siêu Hot! Chỉ 1 căn! Tập thể mặt phố Thái Thịnh. 2.75 tỷ - 2PN riêng - 1WC khép kín - Cực thoáng,"2,75 tỷ",62 m²,"44,36 tr/m²",2,1,"Trung Liệt, Đống Đa","21.0100410537978, 105.81866574565"
42318880,07/03/2025,"Bán căn 2 ngủ, full nội thất ở ngay, chung cư Hòa Phát 257 Giải Phóng, Đống Đa","6,28 tỷ",90 m²,"69,78 tr/m²",2,2,"Phương Mai, Đống Đa","20.998500781412474, 105.84056417970592"
42308118,07/03/2025,"Gia đình cần bán căn hộ Hòa Phát 257 Giải Phóng - 108m2, 3 ngủ 2 vệ sinh, giá 7.68 tỷ - 0968 224 ***","7,68 tỷ",108 m²,"71,11 tr/m²",3,2,"Phương Mai, Đống Đa","20.998664076537615, 105.8415683316974"
42073361,07/03/2025,"Bán gấp căn hộ cao cấp Vinhomes Nguyễn Chí Thanh, 2 ngủ 86m2 full nội thất giá 8 tỷ LH 0814 332 ***",8 tỷ,86 m²,"93,02 tr/m²",2,2,"Láng Hạ, Đống Đa","21.023017353539807, 105.80914961421821"
42298210,07/03/2025,Nhà nguyên bản! Giá rẻ! Cực thoáng sáng! Chỉ 2.69 tỷ - Tập thể mặt phố Trường Chinh - 55m2 - 2PN,"2,69 tỷ",55 m²,"48,91 tr/m²",2,1,"Phương Mai, Đống Đa","20.9982420516309, 105.837711286981"
42365161,07/03/2025,"Căn hộ góc tầng 3 khép kín, tập thể Bộ NN, mặt đường Lương Định Của, Kim Liên, Đống Đa","4,95 tỷ",35 m²,"141,43 tr/m²",2,N/A,"Phương Mai, Đống Đa","21.0034106375108, 105.838091036163"
42096574,07/03/2025,Cực hiếm! Chỉ 2.38 tỷ - căn hộ tập thể Phố Khâm Thiên - 50m2 - 2PN - 2WC - căn góc thoáng sáng,"2,38 tỷ",50 m²,"47,6 tr/m²",2,2,"Khâm Thiên, Đống Đa","21.018353048408, 105.837902166876"
41787365,07/03/2025,"Cần bán căn hộ tại chung cư M3 - M4 Nguyễn Chí Thanh, 170m2, 4PN, giá chỉ 10. X tỷ. LH: 0981 497 ***",Giá thỏa thuận,170 m²,N/A,4,2,"Láng Hạ, Đống Đa","21.019844002717633, 105.80836940077037"
42364301,07/03/2025,"(Giá chuẩn) bán căn 2PN 77m2 Green Diamond 93 Láng Hạ, BC Đông Nam, nội thất xịn, sổ đỏ. Giá 9 tỷ",9 tỷ,77 m²,"116,88 tr/m²",2,2,"Láng Hạ, Đống Đa","21.01683238268429, 105.8152064807714"
42363854,07/03/2025,Chính chủ cần bán căn tập thể tầng 3 - Phương Mai - Đống Đa 60m2,"2,75 tỷ",60 m²,"45,83 tr/m²",2,1,"Kim Liên, Đống Đa","21.0057849528016, 105.835866765581"
42348262,07/03/2025,"Chính chủ cần bán CHCC tại CC Hateco Laroma, 142m2, 3PN, 2WC, căn góc, view hồ, nội thất xịn",Giá thỏa thuận,142 m²,N/A,3,2,"Láng Thượng, Đống Đa","21.01975423417466, 105.80714114502553"
41742224,07/03/2025,Gia đình em cần bán nhanh căn hộ 2PN tại Green Diamond 93 Láng Hạ giá 7 tỷ full nội thất,7 tỷ,78 m²,"89,74 tr/m²",2,2,"Láng Hạ, Đống Đa","21.016826629638672, 105.81522369384766"
41857113,07/03/2025,Cần bán gấp căn hộ 3PN Hồng Koong Tower Kim Mã. Căn hộ rộng 126m2 BC Đông Nam,Giá thỏa thuận,126 m²,N/A,3,2,"Láng Thượng, Đống Đa","21.02726488730474, 105.80336696311942"
42363043,07/03/2025,Tập thể phố VIP Đặng Tiến Đông - Hành lang rộng - thoáng sáng - 45m2 - 3. X tỷ (x mẫu giáo),"3,1 tỷ",45 m²,"68,89 tr/m²",1,N/A,"Trung Liệt, Đống Đa","21.0142386393825, 105.821793450338"
39237012,07/03/2025,"Bán nhanh chung cư Hoà Phát, 257 Giải Phóng, 3 phòng ngủ, 109m2, giá tốt",Giá thỏa thuận,109 m²,N/A,3,2,"Phương Mai, Đống Đa","20.99866, 105.841484"
42262003,07/03/2025,"Nhà tt đẹp full nội thất gần trường mầm non Hoa Sữa Kim Liên, Đống Đa (65m2), nhỉnh 2 tỷ","2,68 tỷ",65 m²,"41,23 tr/m²",2,2,"Kim Liên, Đống Đa","21.0061352696111, 105.83560886196"
42361888,07/03/2025,"Bán CC tòa 187 Nguyễn Lương Bằng. DT: 65m2, 2PN - 1WC. Chính chủ. LH: 0963 815 ***",Giá thỏa thuận,65 m²,N/A,2,1,"Quang Trung, Đống Đa","21.01335359187219, 105.82757097286336"
42361743,07/03/2025,"Bán CC 1PN, 1WC, 32m2 tại Láng Hạ, Đống Đa, Hà Nội, chỉ với 2,25 tỷ, 50m ra phố","2,25 tỷ",32 m²,"70,31 tr/m²",1,1,"Láng Hạ, Đống Đa","21.0155350675585, 105.813036462403"
42361529,07/03/2025,"Bán nhà tập thể tầng 1, Khương Thượng, Đống Đa, 45m2, có sân để xe riêng, nhà đẹp, ở ngay","1,95 tỷ",45 m²,"43,33 tr/m²",2,N/A,"Khương Thượng, Đống Đa","21.004504439361, 105.824810956868"
42153689,07/03/2025,"Bán căn hộ 101 Láng Hạ,163 m2, 3 PN, ban công Đông Nam, thoáng căn góc, rất mát, giá 11,5 tỷ (mới)","11,5 tỷ",163 m²,"70,55 tr/m²",3,N/A,"Láng Hạ, Đống Đa","21.01365355480279, 105.81336554510915"
42159367,07/03/2025,"Bán gấp CC 1PN 1WC, 40m2, giá thỏa thuận, ở Thái Thịnh, Đống Đa, Hà Nội",Giá thỏa thuận,40 m²,N/A,1,1,"Thịnh Quang, Đống Đa","21.0104284903319, 105.818391661074"
41533546,07/03/2025,"Hot: Chính chủ bán Lancaster Luminaire, 96m2, 3PN, cơ bản giá 11.3 tỷ. LH: 0899';511.,866","11,14 tỷ",96 m²,116 tr/m²,3,2,"Láng Thượng, Đống Đa","21.0235824584961, 105.805229187012"
42016540,07/03/2025,Bán nhanh CH studio 45m2 tại dự án Lancaster Luminaire 1152 đường Láng full nội thất giá 3.9 tỷ,"3,9 tỷ",45 m²,"86,67 tr/m²",1,1,"Láng Thượng, Đống Đa","21.0234174663207, 105.80535122697"
42361812,07/03/2025,"Hoàng 3333 giá thật. Bán CH 92m2, 2N - 2WC, tại Green Diamond 93 Láng Hạ, tầng trung mát mẻ, NT CĐT","10,1 tỷ",92 m²,"109,78 tr/m²",2,2,"Láng Hạ, Đống Đa","21.016683235998507, 105.81571468204476"
42295592,07/03/2025,"Rất yên bình! Dân trí cao, 2.78 tỷ - Khu D tập thể Phương Mai - 2PN 1WC - Cực thoáng sáng","2,78 tỷ",50 m²,"55,6 tr/m²",2,1,"Phương Mai, Đống Đa","21.001204129235, 105.839322902881"
41509420,07/03/2025,"Tổng hợp quỹ căn dự án Hateco Laroma 3PN, căn duplex, penthouse thô. Hotline PKD 0934 364 ***","14,2 tỷ","137,5 m²","103,27 tr/m²",3,N/A,"Láng Thượng, Đống Đa","21.020280565210513, 105.80698112226804"
40905691,07/03/2025,"Mua 1 được 2 căn hộ tập thể Kim Liên 15m/60m 2,3 tỷ 2 PN gần phố đẹp ở luôn tiện ích","2,3 tỷ",15 m²,"153,33 tr/m²",2,N/A,"Kim Liên, Đống Đa","21.0049009439077, 105.835833635354"
42171225,07/03/2025,"Bán toà CHDV 92m2x7T Thang Máy, Trường Chinh, Đống Đa. 24P khép kín Full NT. Dòng tiền 160tr/ tháng",22 tỷ,92 m²,"239,13 tr/m²",N/A,N/A,"Khương Thượng, Đống Đa","21.0025953992678, 105.828581178715"
41788447,07/03/2025,"Tập thể Vĩnh Hồ - Thái Thịnh - Đống Đa, Hà Nội. Lô góc 3 thoáng 3 ngủ chỉ 3,6 tỷ có TL","3,6 tỷ",85 m²,"42,35 tr/m²",3,2,"Láng Hạ, Đống Đa","21.0120994459886, 105.816659213922"
35386897,07/03/2025,"Cần bán gấp 3PN2VS, 118m2, Vinhomes Nguyễn Chí Thanh, view hồ Ngọc Khánh",Giá thỏa thuận,118 m²,N/A,3,2,"Láng Hạ, Đống Đa","21.0229530334473, 105.809814453125"
42230199,07/03/2025,Tập thể Trung Liệt - Tầng 3 - nhà đẹp full nội thất - 3PN - 3WC - ô tô đỗ,"4,75 tỷ",39 m²,"121,8 tr/m²",3,3,"Trung Liệt, Đống Đa","21.0110547900189, 105.822035623855"
42048275,07/03/2025,Hiếm! Chỉ 2.55 tỷ. Căn hộ tập thể Phương Mai - 50m2 - 2PN thoáng sáng - ô tô đỗ chân cầu thang,"2,55 tỷ",50 m²,51 tr/m²,2,1,"Phương Mai, Đống Đa","21.0012615613223, 105.839347067833"
42360663,07/03/2025,"Bán căn hộ tập thể Nam Đồng, Hồ Đắc Di, Đống Đa, 60m2 sử dụng, 2PN, ở ngay, 2.88 tỷ, sổ đỏ CC","2,88 tỷ",60 m²,48 tr/m²,2,1,"Khâm Thiên, Đống Đa","21.0194968711706, 105.838821980003"
39941532,07/03/2025,"Bán nhà tập thể mặt phố Phương Mai 28/60m2 2 phòng ngủ đẹp 2,65 tỷ","2,65 tỷ",28 m²,"94,64 tr/m²",2,N/A,"Phương Mai, Đống Đa","21.0012748, 105.8393044"
41996883,07/03/2025,"Bán tập thể Kim Liên 24/60m 2,67 tỷ 2PN riêng biệt đẹp tiện ích ngõ thông tứ tung ở luôn","2,67 tỷ",24 m²,"111,25 tr/m²",2,1,"Kim Liên, Đống Đa","21.0066786845446, 105.83547300852"
41686377,07/03/2025,"Bán tập thể Kim Liên 24/50m2, giá 2,5 tỷ ngõ rộng gần phố, trường, chợ, ở hoặc đầu tư","2,5 tỷ",24 m²,"104,17 tr/m²",1,1,"Kim Liên, Đống Đa","21.0050505376489, 105.835328905202"
42303555,07/03/2025,"Chính chủ bán nhà chung cư M3 - M4 Nguyễn Chí Thanh, tầng 6 đẹp, diện tích 165m2, giá 13 tỷ",13 tỷ,165 m²,"78,79 tr/m²",3,2,"Láng Hạ, Đống Đa","21.020477320114185, 105.80873577646726"
42298817,07/03/2025,"Bán nhà tập thể nhà A2 T2, tập thể cty tư vấn xây dựng Thủy Lợi 1, 45 Chùa Bộc, DTSD 90m2, 4.4 tỷ","4,4 tỷ",90 m²,"48,89 tr/m²",3,3,"Trung Liệt, Đống Đa","21.0077287338798, 105.827709963249"
27424809,07/03/2025,"Bán CHCC 27 Huỳnh Thúc Kháng, 123m2, 3 phòng ngủ, sổ đỏ lâu dài CC, có gia lộc, ở ngay, vị trí TT","8,5 tỷ",123 m²,"69,11 tr/m²",3,N/A,"Láng Hạ, Đống Đa","21.0181846618652, 105.811264038086"
42341301,07/03/2025,"Bán căn hộ tập thể Phương Mai, Đống Đa ô tô đỗ chân cầu thang, 60m 2 ngủ, sổ riêng giá 2,75 tỷ","2,75 tỷ",60 m²,"45,83 tr/m²",2,1,"Kim Liên, Đống Đa","21.0056470401868, 105.835747609764"
42343657,07/03/2025,"Bán nhà TT Phương Mai, Đống Đa, căn hộ T3 nhà đẹp, thoáng sáng, 2 ngủ giá 2,5 tỷ sổ riêng","2,5 tỷ",50 m²,50 tr/m²,2,1,"Phương Mai, Đống Đa","21.0029888660234, 105.838753661416"
42343718,07/03/2025,"Tôi bán nhà tập thể Phương Mai, Đống Đa ngay bệnh viện Bạch Mai, sổ đỏ riêng 50m 2 ngủ giá 2,55 tỷ","2,55 tỷ",50 m²,51 tr/m²,2,1,"Phương Mai, Đống Đa","21.0012134158816, 105.839379189345"
42091988,07/03/2025,Cần bán gấp! Chỉ 2.3 tỷ. Căn hộ tập thể Phố Thái Thịnh - 2PN - 1WC thoáng sáng - DT 54m2 - nhà đẹp,"2,3 tỷ",54 m²,"42,59 tr/m²",2,1,"Thịnh Quang, Đống Đa","21.0106365369269, 105.818405378079"
42360071,07/03/2025,"Cam kết giá thật - căn 2PN tại The Gloria, nhận nhà ở ngay, đã có sổ. Giá chỉ 7,8 tỷ","7,8 tỷ",57 m²,"136,84 tr/m²",2,2,"Láng Hạ, Đống Đa","21.015102128149994, 105.80886467865014"
41427184,07/03/2025,"Bán CCMN mới đường Thái Hà - Thái Thịnh. Căn 35m2, 1PN, mặt ngõ, ban công thoáng. Giá 1,4 tỷ","1,4 tỷ",35 m²,40 tr/m²,1,1,"Thịnh Quang, Đống Đa","21.0071669433208, 105.820998453203"
41739993,07/03/2025,"Hiếm! CCMN mới ngõ 1194 Đường Láng, full nội thất, nhận nhà ở ngay. DT 52m2, giá nhỉnh 1tỷ9","1,95 tỷ",52 m²,"37,5 tr/m²",2,1,"Láng Thượng, Đống Đa","21.0216533065223, 105.801001940633"
41776032,07/03/2025,"Bán CCMN phố Chùa Láng - Nguyễn Chí Thanh, full nội thất (như ảnh). DT 52m2, 2PN. Giá 1,98 tỷ","1,98 tỷ",55 m²,36 tr/m²,2,1,"Láng Thượng, Đống Đa","21.0230915405287, 105.805937611858"
40784874,07/03/2025,"Cần bán gấp căn hộ CCMN 2PN mới phố Nguyễn Trãi - Tây Sơn, full nội thất, DT 52m2, giá 1tỷ980","1,98 tỷ",52 m²,"38,08 tr/m²",2,1,"Thịnh Quang, Đống Đa","21.0046066276897, 105.821836980007"
39622552,07/03/2025,"Bán chung cư Mipec 229 Tây Sơn, 120m2, 2PN, 2WC. LH 0984 272 ***",Giá thỏa thuận,120 m²,N/A,2,2,"Trung Liệt, Đống Đa","21.006322860717773, 105.82319641113281"
42358701,07/03/2025,"Dòng tiền thu nhập ổn định 300tr/năm, căn 2PN2WC chỉ từ 5,5 tỷ, HTLS 50%, tăng giá 15 - 20%/ năm","5,6 tỷ",70 m²,80 tr/m²,2,2,"Thịnh Quang, Đống Đa","21.004713658247567, 105.81929424872831"
42359219,07/03/2025,"Bán gấp TT Đặng Tiến Đống - Thái Hà - TT Đống Đa - 50m x 2PN/WC, bếp, khách, giá 3,1 tỷ","3,1 tỷ",50 m²,62 tr/m²,2,1,"Quang Trung, Đống Đa","21.0124465413058, 105.823674632686"
42358728,07/03/2025,"Bán căn hộ chung cư tại - 71 Nguyễn Chí Thanh 110m2 có 3PN - 2WC nhà đẹp full nội thất, giá 7.5 tỷ","7,5 tỷ",110 m²,"68,18 tr/m²",3,2,"Láng Hạ, Đống Đa","21.015420287943623, 105.81261014686022"
42096417,07/03/2025,Chỉ 2.45 tỷ. Bán căn hộ 2PN 1WC sát hồ Linh Quang - Đống Đa. DT 55m2. 2 mặt thoáng,"2,45 tỷ",55 m²,"44,54 tr/m²",2,1,"Văn Chương, Đống Đa","21.0260863288125, 105.839906565899"
42138541,07/03/2025,"Giá rẻ nhất hiện nay, bán gấp căn hộ chung cư M5 Nguyễn chí Thanh, 3 phòng ngủ, full nội thất","9,3 tỷ",149 m²,"62,42 tr/m²",3,2,"Láng Hạ, Đống Đa","21.0209899860415, 105.80981166563215"
42349993,07/03/2025,"Bán tập thể tầng 2 Nguyên Hồng - Huỳnh Thúc Kháng, Láng Hạ, Đống Đa, nhà đẹp 2 ngủ, 2 vệ sinh","3,95 tỷ",65 m²,"60,77 tr/m²",2,2,"Láng Hạ, Đống Đa","21.016121801032, 105.810211274615"
37172840,07/03/2025,Chính chủ tôi cần bán căn Penthouse tại dự án Lancaster đường Láng 500m2,Giá thỏa thuận,500 m²,N/A,N/A,N/A,"Láng Thượng, Đống Đa","21.0235824584961, 105.805229187012"
33841826,07/03/2025,Bán căn 2 ngủ 92m2 chung cư Lancaster Luminaire đường Láng chính chủ 0944 412 ***,Giá thỏa thuận,92 m²,N/A,2,2,"Láng Thượng, Đống Đa","21.0235824584961, 105.805229187012"
40587487,07/03/2025,Sang trọng - Tiện nghi! Căn hộ 45m2 studio hiện đại tầng cao tại Lancaster Láng cần bán giá tốt,5 tỷ,45 m²,"111,11 tr/m²",1,1,"Láng Thượng, Đống Đa","21.0235824584961, 105.805229187012"
42358722,07/03/2025,"Hiếm! Bán tập thể tầng 1 Tây Sơn - Đại Học Thuỷ Lợi - Khương Thượng, Đống Đa, 2 ngủ nhà đẹp ở luôn","3,05 tỷ",50 m²,61 tr/m²,2,1,"Khương Thượng, Đống Đa","21.0047479084093, 105.821933738493"
42358708,07/03/2025,Bán căn hộ chung cư Phố Hà Nam 40m2 2PN 1WC giá 1.85 tỷ liên hệ 0984 847 ***,"1,85 tỷ",40 m²,"46,25 tr/m²",2,1,"Ô Chợ Dừa, Đống Đa","21.0256666149746, 105.827145356096"
42099558,07/03/2025,"Chính chủ gửi bán căn hộ 104.43m2, 3 phòng ngủ tòa Hacisco đường Nguyễn Chí Thanh giá hơn 6 tỷ","6,8 tỷ","104,43 m²","65,11 tr/m²",3,2,"Láng Hạ, Đống Đa","21.0201398925231, 105.808601450771"
41342574,07/03/2025,"Chính chủ cần bán căn góc 3N DT 137m2 tại Hateco Laroma - Láng Thượng, sẵn sổ. Giá 14 tỷ",14 tỷ,137 m²,"102,19 tr/m²",3,2,"Láng Thượng, Đống Đa","21.020416259765625, 105.80724334716797"
42357111,07/03/2025,"Em bán căn nhà tập phố Tôn Thất Tùng, full nội thất xịn sò","4,95 tỷ",90 m²,55 tr/m²,N/A,N/A,"Khương Thượng, Đống Đa","21.0020144416394, 105.829920970052"
42357838,07/03/2025,"Bán CCMN 2PN 46m2 giá 1tỷ470 cực đẹp 426 Thịnh Quang, Ngã Tư Sở","1,47 tỷ",46 m²,"31,96 tr/m²",2,1,"Thịnh Quang, Đống Đa","21.0041002725898, 105.821531222959"
42358321,07/03/2025,"Bán tập thể Khương Thượng, Trung Tự, Đống Đa, 72m2 (sổ 38m2), 2 ngủ, 3.2 tỷ","3,2 tỷ",72 m²,"44,44 tr/m²",2,N/A,"Phương Liên - Trung Tự, Đống Đa","21.0041487639002, 105.824943777153"
42358178,07/03/2025,"Bán tập thể Trung Tự, Đống Đa, T3, 3 ngủ, 3.5 tỷ","3,5 tỷ",65 m²,"53,85 tr/m²",3,N/A,"Phương Liên - Trung Tự, Đống Đa","21.0043264583173, 105.831080094443"
42358089,07/03/2025,An sinh rất tốt! Tập thể phố Đặng Tiến Đông - 3.15 tỷ - 52m2 - phòng nào cũng thoáng sáng,"3,15 tỷ",52 m²,"60,58 tr/m²",1,1,"Trung Liệt, Đống Đa","21.0143931659545, 105.822034958954"
41760173,07/03/2025,"Bán căn hoa hậu duy nhất CC 141m2, 16 tỷ ở Green Diamond 93 Láng Hạ, Đống Đa, pháp lý sổ hồng",16 tỷ,141 m²,"113,48 tr/m²",N/A,N/A,"Láng Hạ, Đống Đa","21.017196590166918, 105.816081790446"
42249165,07/03/2025,"Bán căn hộ 3PN + 2WC tại chung cư M3 - M4 Nguyễn Chí Thanh, hơn 7 tỷ, 110m2, chính chủ HOT",Giá thỏa thuận,110 m²,N/A,3,2,"Láng Hạ, Đống Đa","21.020392251184, 105.809177392279"
36755701,07/03/2025,"Bán căn hộ Vinhomes Nguyễn Chí Thanh, 2 phòng ngủ giá rẻ nhất, sổ lâu dài, sẵn đồ nội thất",Giá thỏa thuận,86 m²,N/A,2,2,"Láng Hạ, Đống Đa","21.02368274064019, 105.80880891227247"
42327076,07/03/2025,Chuyển nhượng lại căn hộ 3 ngủ 145m ở tháp B chung cư Sky City 88 Láng Hạ giá chỉ hơn 80tr/m2,Giá thỏa thuận,145 m²,N/A,3,2,"Láng Hạ, Đống Đa","21.0123896966178, 105.81218592395884"
42021717,07/03/2025,"Bán quỹ suất ngoại căn VIPP đẹp, cao thoáng - căn 3 ngủ dự án Hateco Laroma, LH: 0931 318 ***",Giá thỏa thuận,115 m²,N/A,3,2,"Láng Thượng, Đống Đa","21.020478655837678, 105.80725453706403"
42198369,07/03/2025,"HOT: Bán căn hộ studio Lancaster - 45m2, full đẹp, giá 5tỷ. LH: 0899.,511,.866",5 tỷ,45 m²,"111,11 tr/m²",1,1,"Láng Thượng, Đống Đa","21.023524152677695, 105.80550074567373"
41380920,07/03/2025,Chính chủ bán căn penthouse đẹp Đông tứ mệnh giá 3X tỷ. LH: 0987 975 ***,Giá thỏa thuận,434 m²,N/A,N/A,N/A,"Láng Thượng, Đống Đa","21.020416259765625, 105.80724334716797"
40477567,07/03/2025,PKD bán quỹ chuyển nhượng từ 3 phòng ngủ sẵn sổ đỏ tại Green Diamond 93 Láng Hạ - 0931 318 ***,Giá thỏa thuận,137 m²,N/A,3,2,"Láng Hạ, Đống Đa","21.0168266296387, 105.815223693848"
39486181,07/03/2025,Sẵn quỹ căn VIP đẹp & chuyển nhượng giá tốt - Hateco Laroma 4A Huỳnh Thúc Kháng - 0931 318 ***,Giá thỏa thuận,102 m²,N/A,3,2,"Láng Thượng, Đống Đa","21.0204162597656, 105.807243347168"
41975754,07/03/2025,"Bán căn hộ 2PN cao cấp Green Diamond 93 Láng Hạ, giá siêu hời 9,6 tỷ, 91m2 căn sổ đỏ LH: 0971 864 ***","9,6 tỷ",91 m²,"105,5 tr/m²",2,2,"Láng Hạ, Đống Đa","21.0168296106163, 105.81528039776207"
35329362,07/03/2025,"Bán gấp để dồn tiền mua nhà to hơn chung cư Hateco Laroma DT 80m2, 2PN tầng trung giá cực rẻ.",Giá thỏa thuận,103 m²,N/A,3,2,"Láng Thượng, Đống Đa","21.020416259765625, 105.80724334716797"
42357257,07/03/2025,"Cần bán CH Hong Kong Tower, căn góc 127m2, BC Đông Nam, nội thất đẹp, phong thủy vượng khí",11 tỷ,127 m²,"86,61 tr/m²",3,2,"Láng Thượng, Đống Đa","21.026947420156137, 105.80355022451147"
17714910,07/03/2025,"Cần bán! Chung cư mini Hào Nam, Quận Đống Đa giá từ 700 triệu/căn, full đồ, vào ở luôn",Giá thỏa thuận,33 m²,N/A,1,1,"Cát Linh, Đống Đa","21.028820658364, 105.830626706337"
42337106,07/03/2025,Chính chủ cần bán TT Nguyễn Chí Thanh - 70m2 - 2 mặt thoáng - hành lang rộng - sổ đỏ đẹp,"4,2 tỷ",70 m²,60 tr/m²,2,1,"Láng Thượng, Đống Đa","21.0211823750747, 105.808453290226"
42354225,07/03/2025,"Bán căn tập thể DT 60m2, 2PN, 1WC tại phường Nam Đồng, Đống Đa, HN, giá 2,55 tỷ","2,55 tỷ",60 m²,"42,5 tr/m²",2,1,"Nam Đồng, Đống Đa","21.0150940142053, 105.829390193684"
42354007,07/03/2025,Bán căn góc chung cư 71 Nguyễn Chí Thanh 2PN,"5,95 tỷ",75 m²,"79,33 tr/m²",2,1,"Láng Hạ, Đống Đa","21.01542223609167, 105.8126595303555"
42356115,07/03/2025,"Bán nhà tập thể Thái Hà, Trung Liệt, 55m, nhà đẹp, ở ngay, ô tô vào sân nhà, cho thuê 8tr","3,05 tỷ",55 m²,"55,46 tr/m²",2,N/A,"Láng Hạ, Đống Đa","21.0149111056232, 105.817654850199"
42354759,07/03/2025,Sổ đỏ chính chủ - về ở ngay - bán gấp nhà TT Ban Cơ Yếu Chính Phủ - TT Đống Đa - chỉ 2.95 tỷ,"2,95 tỷ",55 m²,"53,64 tr/m²",2,1,"Láng Hạ, Đống Đa","21.0160117185785, 105.809910326459"
42123038,07/03/2025,Bán tập thể Bưu Điện Thổ Quan - Chỉ 2.69 tỷ - Nhà cực đep - Full nội thất - 2PN - 1WC khép kín,"2,69 tỷ",50 m²,"53,8 tr/m²",2,1,"Khâm Thiên, Đống Đa","21.01898709847, 105.839010731583"
42247299,08/03/2025,"Hot tư vấn chuyên sâu The Ninety Complex 90 Đường Láng, nhiều lựa chọn Quỹ căn đẹp & độc quyền","4,3 tỷ",63 m²,"68,25 tr/m²",2,2,"Thịnh Quang, Đống Đa","21.0036082646885, 105.818512533411"
42370131,08/03/2025,CHỦ NHÀ cần tiền cho con đi học nước ngoài muốn bán chung cư 104m2 căn góc hoa hậu 3 PN,"12,98 tỷ",104 m²,"124,81 tr/m²",3,N/A,"Láng Thượng, Đống Đa","21.020076041429746, 105.80721182943374"
42332365,07/03/2025,"Căn 2 ngủ - giá rẻ nhất tại Sky City 88 Láng Hạ, tầng cao view thoáng buổi tối ngắm trọn thành phố","9,18 tỷ",112 m²,82 tr/m²,2,2,"Láng Hạ, Đống Đa","21.0122054679233, 105.811628636183"
42352494,06/03/2025,"Chính chủ bán tập thể phố Nguyễn Chí Thanh, diện tích sổ 45 m2 - diện tích sử dụng 70 m2","4,2 tỷ",45 m²,"93,33 tr/m²",1,1,"Láng Thượng, Đống Đa","21.020678857981, 105.809057513283"
42348626,06/03/2025,"Tập thể Nguyễn Chí Thanh, 70m2 sổ đỏ 45m2 tầng 2","4,2 tỷ",70 m²,60 tr/m²,1,1,"Láng Thượng, Đống Đa","21.0208674985815, 105.808525907856"
42247299,08/03/2025,"Hot tư vấn chuyên sâu The Ninety Complex 90 Đường Láng, nhiều lựa chọn Quỹ căn đẹp & độc quyền","4,3 tỷ",63 m²,"68,25 tr/m²",2,2,"Thịnh Quang, Đống Đa","21.0036082646885, 105.818512533411"
42370131,08/03/2025,CHỦ NHÀ cần tiền cho con đi học nước ngoài muốn bán chung cư 104m2 căn góc hoa hậu 3 PN,"12,98 tỷ",104 m²,"124,81 tr/m²",3,N/A,"Láng Thượng, Đống Đa","21.020076041429746, 105.80721182943374"
42332365,07/03/2025,"Căn 2 ngủ - giá rẻ nhất tại Sky City 88 Láng Hạ, tầng cao view thoáng buổi tối ngắm trọn thành phố","9,18 tỷ",112 m²,82 tr/m²,2,2,"Láng Hạ, Đống Đa","21.0122054679233, 105.811628636183"
42352494,06/03/2025,"Chính chủ bán tập thể phố Nguyễn Chí Thanh, diện tích sổ 45 m2 - diện tích sử dụng 70 m2","4,2 tỷ",45 m²,"93,33 tr/m²",1,1,"Láng Thượng, Đống Đa","21.020678857981, 105.809057513283"
42348626,06/03/2025,"Tập thể Nguyễn Chí Thanh, 70m2 sổ đỏ 45m2 tầng 2","4,2 tỷ",70 m²,60 tr/m²,1,1,"Láng Thượng, Đống Đa","21.0208674985815, 105.808525907856"
42247299,09/03/2025,"Hot tư vấn chuyên sâu The Ninety Complex 90 Đường Láng, nhiều lựa chọn Quỹ căn đẹp & độc quyền","4,3 tỷ",63 m²,"68,25 tr/m²",2,2,"Thịnh Quang, Đống Đa","21.0036082646885, 105.818512533411"
42275683,09/03/2025,"(Giá thật) Studio 2,9 tỷ/ căn 45m - 3,9 tỷ/ căn 64m - 4,65 tỷ chung cư 90 Láng, Đống Đa. Hỗ trợ vay",Giá thỏa thuận,64 m²,N/A,N/A,N/A,"Thịnh Quang, Đống Đa","21.00381847014101, 105.81858844410539"
42370131,08/03/2025,CHỦ NHÀ cần tiền cho con đi học nước ngoài muốn bán chung cư 104m2 căn góc hoa hậu 3 PN,"12,98 tỷ",104 m²,"124,81 tr/m²",3,N/A,"Láng Thượng, Đống Đa","21.020076041429746, 105.80721182943374"
42332365,07/03/2025,"Căn 2 ngủ - giá rẻ nhất tại Sky City 88 Láng Hạ, tầng cao view thoáng buổi tối ngắm trọn thành phố","9,18 tỷ",112 m²,82 tr/m²,2,2,"Láng Hạ, Đống Đa","21.0122054679233, 105.811628636183"
42352494,06/03/2025,"Chính chủ bán tập thể phố Nguyễn Chí Thanh, diện tích sổ 45 m2 - diện tích sử dụng 70 m2","4,2 tỷ",45 m²,"93,33 tr/m²",1,1,"Láng Thượng, Đống Đa","21.020678857981, 105.809057513283"
42348626,06/03/2025,"Tập thể Nguyễn Chí Thanh, 70m2 sổ đỏ 45m2 tầng 2","4,2 tỷ",70 m²,60 tr/m²,1,1,"Láng Thượng, Đống Đa","21.0208674985815, 105.808525907856"
42229612,09/03/2025,"Bán căn hộ duplex, DT 235m2, tại tòa nhà Petrowaco 97 Láng Hạ, 4PN, 3WC, giá tốt","17,62 tỷ",235 m²,75 tr/m²,4,3,"Láng Hạ, Đống Đa","21.0149765819366, 105.813804444677"
42319499,09/03/2025,Tập thể Nam Đồng - vị trí vip - ô tô đỗ cổng - ở cực vip - 2 tỷ 9,"2,9 tỷ",23 m²,"126,09 tr/m²",2,1,"Nam Đồng, Đống Đa","21.0134421263393, 105.833248206103"
42362758,09/03/2025,"Bán căn hộ đẳng cấp 2PN, 3PN full đồ cao cấp, sổ đỏ chính chủ, sách vali về ở ngay, Hateco Laroma",13 tỷ,112 m²,"116,07 tr/m²",3,2,"Láng Thượng, Đống Đa","21.02111559026692, 105.80742265483723"
36139723,09/03/2025,"Bán gấp căn hộ chung cư Hong Kong Tower - 243A Đê La Thành, 107m2, 3phòng ngủ, căn góc 0941 882 ***",Giá thỏa thuận,107 m²,N/A,3,2,"Láng Thượng, Đống Đa","21.0272006988525, 105.803825378418"
42234465,09/03/2025,"Chính chủ tôi bán căn hộ Vườn Xuân - 71 Nguyễn Chí Thanh - 76,1m2 có 2 phòng ngủ full đồ","5,3 tỷ","76,1 m²","69,64 tr/m²",2,1,"Láng Hạ, Đống Đa","21.016073737134917, 105.81264056258757"
41592580,09/03/2025,"Quỹ 12 căn vip, giá ngoại giao, vị trí đẹp, lựa chọn căn, giá 7 tỷ, DT: 80m2, 137m2, Hateco Laroma",10 tỷ,94 m²,"106,38 tr/m²",3,2,"Láng Thượng, Đống Đa","21.020416259765625, 105.80724334716797"
42214055,09/03/2025,"Chính chủ bán căn góc 3 phòng ngủ 151m2 xịn, sổ đỏ trung tâm Đống Đa Hateco Laroma Huỳnh Thúc Kháng","15,65 tỷ",151 m²,"103,64 tr/m²",3,2,"Láng Thượng, Đống Đa","21.02081471927827, 105.80779612188607"
42322206,09/03/2025,"Bán Chung cư mini tại phố Tây Sơn Đống Đa, 15,5 tỷ, 70 m2, giá siêu hời","15,5 tỷ",70 m²,"221,43 tr/m²",N/A,N/A,"Nam Đồng, Đống Đa","21.0160498182967, 105.828522630499"
39897515,09/03/2025,"Tôi bán căn hộ toà nhà Vườn Xuân, 71 Nguyễn Chí Thanh. Diện tích 76m2 giá bán 5.2 tỷ","5,2 tỷ",76 m²,"68,42 tr/m²",2,1,"Láng Hạ, Đống Đa","21.015098263086067, 105.8121773824459"
41425463,09/03/2025,Nhượng căn 2 ngủ 91.3m nguyên bản chưa chỉnh sửa view hồ dự án Green Diamond,Giá thỏa thuận,"91,3 m²",N/A,2,N/A,"Láng Hạ, Đống Đa","21.017064267283196, 105.81604111745276"
40831595,09/03/2025,Nhượng căn 3 ngủ 140m full đồ hiện đại nhà mới 100% tầng cao view hồ,18 tỷ,142 m²,"126,76 tr/m²",3,N/A,"Láng Hạ, Đống Đa","21.016826629638672, 105.81522369384766"
41760173,09/03/2025,"Bán căn hoa hậu duy nhất CC 141m2, 16 tỷ ở Green Diamond 93 Láng Hạ, Đống Đa, pháp lý sổ hồng",16 tỷ,141 m²,"113,48 tr/m²",N/A,N/A,"Láng Hạ, Đống Đa","21.017196590166918, 105.816081790446"
42372514,09/03/2025,Tập Thể Tầng 3 Phố Trung Liệt- 3 Ngủ- 3vs - Full Nội Thất- Nhỉnh 4 Tỷ.,"4,7 tỷ",120 m²,"39,17 tr/m²",3,2,"Trung Liệt, Đống Đa","21.0155644782405, 105.820374798244"
42368905,09/03/2025,BÁN CĂN HỘ TẬP THỂ ĐỐNG ĐA - Ô TÔ ĐỖ CHÂN CẦU THANG-70m2- 3PN - 2VS - FULL NỘI THẤT - VÀO Ở LUÔN,"4,5 tỷ",70 m²,"64,29 tr/m²",3,2,"Trung Liệt, Đống Đa","21.0154022249973, 105.828249685497"
42362536,09/03/2025,"Bán căn hộ cao cấp 3pn, 112m2 full đồ, sổ đỏ chính chủ. Hateco Laroma Mặt đường Huỳnh Thúc Kháng","12,54 tỷ",112 m²,112 tr/m²,3,2,"Láng Thượng, Đống Đa","21.0206983366321, 105.806878353378"
35312032,09/03/2025,"Bán gấp căn đẹp nhất chung cư Hateco Laroma - Huỳnh Thúc Kháng, 138m2, 3PN, căn góc, giá thỏa thuận",Giá thỏa thuận,138 m²,N/A,3,3,"Láng Thượng, Đống Đa","21.020416, 105.80724"
42327770,09/03/2025,Bán 2 ngủ full nội thất xịn đẹp giá 12 tỉ,12 tỷ,92 m²,"130,44 tr/m²",N/A,N/A,"Láng Hạ, Đống Đa","21.01755957790609, 105.81548990841758"
42347719,09/03/2025,"Bán căn hộ cao cấp Hateco Laroma 100,9m2, 2PN, ban công B, nội thất đẹp, view Thủ Lệ, giá 11 tỷ",11 tỷ,"100,9 m²","109,02 tr/m²",2,2,"Láng Thượng, Đống Đa","21.02105759714539, 105.80679702026428"
42101763,09/03/2025,"Bán căn hộ TT Chùa Bộc, tầng 2, DTSD 80m2, 3PN, 2WC, nhà đẹp, BC Đông Nam giá 4,2 tỷ","4,2 tỷ",80 m²,"52,5 tr/m²",3,2,"Trung Liệt, Đống Đa","21.0075401949799, 105.827293224697"
42146289,09/03/2025,"Chính chủ Bán CH M3 M4 - 91 Nguyễn Chí Thanh 165 m2, 3 PN, H Đông Nam, nội thất đẹp, giá 12,3 tỷ","12,38 tỷ",165 m²,75 tr/m²,3,2,"Láng Hạ, Đống Đa","21.0202329802703, 105.808753024577"
42311371,09/03/2025,"Chuyên gia số 1 Vinhomes Nguyễn Chí Thanh; Cập nhật quỹ căn HOT, hỗ trợ trọn gói; Giá tốt nhất!","5,6 tỷ",56 m²,100 tr/m²,1,1,"Láng Thượng, Đống Đa","21.023452459449583, 105.80929010875093"
41669494,09/03/2025,"Giá rẻ nhất quận Đống Đa, bán gấp căn hộ chung cư M3 - M4 Nguyễn Chí Thanh, 4 ngủ, full nội thất","8,5 tỷ",151 m²,"56,29 tr/m²",4,2,"Láng Hạ, Đống Đa","21.0202007293701, 105.808876037598"
42374226,09/03/2025,"Bán gấp căn 2 phòng ngủ 82m2, giá 6,3 tỷ, đầy đủ nội thất ở ngay, có sổ đỏ","6,3 tỷ",91 m²,"69,23 tr/m²",2,2,"Phương Mai, Đống Đa","21.00044258094295, 105.83631160128975"
42374216,09/03/2025,"Bán gấp căn hộ 3 phòng ngủ 112m2, giá 7.3 tỷ, full nội thất đẹp chỉ việc ở, Capital Garden","7,3 tỷ",112 m²,"65,18 tr/m²",3,2,"Phương Mai, Đống Đa","21.00124905159043, 105.8375143825757"
42374195,09/03/2025,"Bán gấp căn 3 phòng ngủ 108m2, giá 7,8 tỷ, đầy đủ nội thất ở ngay","7,8 tỷ",108 m²,"72,22 tr/m²",3,2,"Phương Mai, Đống Đa","21.000394217634806, 105.83566375306371"
42374185,09/03/2025,"Bán gấp căn 2 phòng ngủ 82m2, giá 6,3 tỷ, đầy đủ nội thất ở ngay","6,3 tỷ",82 m²,"76,83 tr/m²",2,2,"Phương Mai, Đống Đa","21.00057919991923, 105.83594887144031"
41751540,09/03/2025,"Cần bán tập thể 3PN, 2WC, 85m2 tại Trường Chinh, Đống Đa, Hà Nội, chỉ với 3,25 tỷ","3,25 tỷ",92 m²,"35,33 tr/m²",3,2,"Phương Mai, Đống Đa","20.998857622687, 105.838067750967"
41591815,09/03/2025,"Cần bán gấp căn góc 3PN - 111.4m2 toà Hateco Laroma Chùa Láng ở ngay, full nội thất, sẵn sổ lâu dài",10 tỷ,"111,4 m²","89,77 tr/m²",3,2,"Láng Thượng, Đống Đa","21.020416259765625, 105.80724334716797"
42349827,09/03/2025,"(Thông tin thật) tập thể Trung Tự, Đống Đa, lô góc, ô tô, sổ to 70m2 2PN full nội thất chỉ 3,59 tỷ","3,59 tỷ",70 m²,"51,29 tr/m²",2,1,"Phương Liên, Đống Đa","21.0001383081552, 105.83066662898"
41982303,09/03/2025,Bán 1 suất ngoại giao Penhouse Duplex 36 Hoàng Cầu: 450m2. Hotline: 0352 472 *** (Miễn trung gian),39 tỷ,450 m²,"86,67 tr/m²",5,4,"Ô Chợ Dừa, Đống Đa","21.0195687563292, 105.821739844177"
37679148,09/03/2025,Chuyển nhượng căn góc 3 ngủ có 3 ban công thoáng view hồ đẹp nhất dự án 93 Láng Hạ ở tầng 21,Giá thỏa thuận,138 m²,N/A,3,2,"Láng Hạ, Đống Đa","21.015989703701084, 105.81553235237325"
36922501,09/03/2025,"Bán căn 2 ngủ vip nhất dự án view trọn 2 hồ Thành Công, hồ Hoàng Cầu LH 0936 362 ***","10,8 tỷ","91,3 m²","118,29 tr/m²",2,2,"Láng Hạ, Đống Đa","21.0168266296387, 105.815223693848"
42373047,09/03/2025,Nhà Đẹp! Giá Tốt cho gia đình 4 người! Chỉ 2.55 tỷ Tập thể Phương Mai 2PN 1WC sáng thoáng,"2,55 tỷ",50 m²,51 tr/m²,2,1,"Phương Mai, Đống Đa","21.0014863684932, 105.839353948651"
42340224,09/03/2025,"Bán tập thể trung Tự, 2PN + 1WC, giá tốt chỉ với 2,75 tỷ, Đống Đa, nhà full nội thất đẹp, ô tô đỗ","2,75 tỷ",60 m²,"45,83 tr/m²",2,1,"Nam Đồng, Đống Đa","21.004028540247, 105.831584650073"
42358722,09/03/2025,"Hiếm! Bán tập thể tầng 1 Tây Sơn - Đại Học Thuỷ Lợi - Khương Thượng, Đống Đa, 2 ngủ nhà đẹp ở luôn","3,05 tỷ",50 m²,61 tr/m²,2,1,"Khương Thượng, Đống Đa","21.0047479084093, 105.821933738493"
42349993,09/03/2025,"Bán tập thể tầng 2 Nguyên Hồng - Huỳnh Thúc Kháng, Láng Hạ, Đống Đa, nhà đẹp 2 ngủ, 2 vệ sinh","3,95 tỷ",65 m²,"60,77 tr/m²",2,2,"Láng Hạ, Đống Đa","21.016121801032, 105.810211274615"
42338269,09/03/2025,"Bán tập thể duplex Chùa Bộc Tôn Thất Tùng, Đống Đa, siêu đẹp, 3 ngủ, 2 vệ sinh, full nội thất, 100m","3,85 tỷ",100 m²,"38,5 tr/m²",3,2,"Khương Thượng, Đống Đa","21.0080484214009, 105.825734805035"
42348328,09/03/2025,"Nhà đẹp diện tích sử dụng 60m, 2 phòng ngủ đang cho thuê được 7tr/ tháng ở phố Nguyên Hồng","3,68 tỷ","33,2 m²","110,84 tr/m²",2,2,"Láng Hạ, Đống Đa","21.01589632818, 105.810182601697"
42016829,09/03/2025,"Tập thể tầng 5 nhà B2 Vĩnh Hồ, 20m ra mặt phố, view sân chơi, ô tô gần, nhà mới thoáng, 65m2/2.8tỷ","2,8 tỷ",65 m²,"43,08 tr/m²",3,1,"Thịnh Quang, Đống Đa","21.0065171365504, 105.820289720105"
42312471,09/03/2025,"Hiếm có! Bán Tập thể Nam Đồng - Hồ Đắc Di, Đống Đa, Tầng 2, 3 ngủ, nhà đẹp ở luôn","3,7 tỷ",75 m²,"49,33 tr/m²",3,1,"Nam Đồng, Đống Đa","21.0122705634097, 105.829242717426"
42310878,09/03/2025,"Bán tập thể Phương Mai, Đống Đa, vị trí rất đẹp, ô tô đỗ chân toà, 2 ngủ giá tốt chỉ 2.78 tỷ","2,78 tỷ",45 m²,"61,78 tr/m²",2,1,"Phương Mai, Đống Đa","21.001354581179, 105.839303779903"
42310523,09/03/2025,"Bán nhà tập thể Kim Liên, ô tô đỗ cửa - 2 mặt thoáng - 2PN - 60m2, nội thất đẹp","2,68 tỷ",60 m²,"44,67 tr/m²",2,1,"Kim Liên, Đống Đa","21.0052136921519, 105.835530406337"
36637892,09/03/2025,"VIP - 180m2, căn góc 4 phòng ngủ tại chung cư Lancaster đường Láng. Sổ đỏ lâu dài, xem nhà 24/7",Giá thỏa thuận,180 m²,N/A,4,N/A,"Láng Thượng, Đống Đa","21.0235824584961, 105.805229187012"
33841826,09/03/2025,Bán căn 2 ngủ 92m2 chung cư Lancaster Luminaire đường Láng chính chủ 0944 412 ***,Giá thỏa thuận,92 m²,N/A,2,2,"Láng Thượng, Đống Đa","21.0235824584961, 105.805229187012"
42318355,09/03/2025,"Mặt bằng kinh doanh căn hộ tập thể tầng 1, Phố Nam Đồng, Đống Đa, 48m2 x 1 ngủ x 1wc",3 tỷ,48 m²,"62,5 tr/m²",1,1,"Nam Đồng, Đống Đa","21.0137088038379, 105.83333281788"
42154530,09/03/2025,Tập thể Phạm Ngọc thạch full nội thất đẹp ô tô đỗ cửa,"2,68 tỷ",70 m²,"38,29 tr/m²",N/A,N/A,"Kim Liên, Đống Đa","21.0089216473844, 105.834594394821"
42240099,09/03/2025,"Giá rẻ! Bán (M3 - M4) 91 Nguyễn Chí Thanh - 122m2 - 3PN 2VS - 7,5 tỷ. LH: 0967 401 *** Nam","7,5 tỷ",122 m²,"61,48 tr/m²",3,2,"Láng Hạ, Đống Đa","21.0210625280392, 105.80909242244"
41659959,08/03/2025,"Bán chung cư Hong Kong Tower - 243A Đê La Thành, 107m2, 3 ngủ đủ đồ giá chỉ 9,5 tỷ LH: 0814 332 ***",Giá thỏa thuận,107 m²,N/A,3,2,"Láng Thượng, Đống Đa","21.027200698852539, 105.80382537841797"
42371845,08/03/2025,Chỉ còn 1 căn duy nhất! Tập thể Kim Liên. 2.75 tỷ - View mặt phố cực thoáng sáng - 2PN 1WC,"2,75 tỷ",55 m²,50 tr/m²,2,1,"Kim Liên, Đống Đa","21.0055282033166, 105.835612314698"
42203094,08/03/2025,Bán gấp - bán chung cư N2 Xã Đàn - Khâm Thiên - Đống Đa - nội thất đầy đủ - sổ hồng vĩnh viễn,800 triệu,38 m²,"21,05 tr/m²",2,2,"Kim Liên, Đống Đa","21.0061557534116, 105.835957018665"
41410343,08/03/2025,0971 085 *** chính chủ bán CH Hong Kong Tower 3PN DT 104m2 - 8 tỷ & 126m2 - 9 tỷ full NT đẹp SĐCC,8 tỷ,104 m²,"76,92 tr/m²",3,2,"Láng Thượng, Đống Đa","21.0272006988525, 105.803825378418"
42098664,08/03/2025,"Bán gấp căn hộ CC Hateco Laroma 4A Huỳnh Thúc Kháng, 120m2, 3PN, tầng cao, nội thất xịn. 0963 668 ***",Giá thỏa thuận,120 m²,N/A,3,2,"Láng Thượng, Đống Đa","21.0204162597656, 105.807243347168"
42098581,08/03/2025,"Cần bán gấp căn hộ CC Hateco Laroma 4A HTK, 137m2, 3PN, căn góc, tầng cao, nội thất xịn. 0963 668 ***",Giá thỏa thuận,137 m²,N/A,3,2,"Láng Thượng, Đống Đa","21.0204162597656, 105.807243347168"
42247299,09/03/2025,"Hot tư vấn chuyên sâu The Ninety Complex 90 Đường Láng, nhiều lựa chọn Quỹ căn đẹp & độc quyền","4,3 tỷ",63 m²,"68,25 tr/m²",2,2,"Thịnh Quang, Đống Đa","21.0036082646885, 105.818512533411"
42275683,09/03/2025,"(Giá thật) Studio 2,9 tỷ/ căn 45m - 3,9 tỷ/ căn 64m - 4,65 tỷ chung cư 90 Láng, Đống Đa. Hỗ trợ vay",Giá thỏa thuận,64 m²,N/A,N/A,N/A,"Thịnh Quang, Đống Đa","21.00381847014101, 105.81858844410539"
42370131,08/03/2025,CHỦ NHÀ cần tiền cho con đi học nước ngoài muốn bán chung cư 104m2 căn góc hoa hậu 3 PN,"12,98 tỷ",104 m²,"124,81 tr/m²",3,N/A,"Láng Thượng, Đống Đa","21.020076041429746, 105.80721182943374"
42332365,07/03/2025,"Căn 2 ngủ - giá rẻ nhất tại Sky City 88 Láng Hạ, tầng cao view thoáng buổi tối ngắm trọn thành phố","9,18 tỷ",112 m²,82 tr/m²,2,2,"Láng Hạ, Đống Đa","21.0122054679233, 105.811628636183"
42352494,06/03/2025,"Chính chủ bán tập thể phố Nguyễn Chí Thanh, diện tích sổ 45 m2 - diện tích sử dụng 70 m2","4,2 tỷ",45 m²,"93,33 tr/m²",1,1,"Láng Thượng, Đống Đa","21.020678857981, 105.809057513283"
42348626,06/03/2025,"Tập thể Nguyễn Chí Thanh, 70m2 sổ đỏ 45m2 tầng 2","4,2 tỷ",70 m²,60 tr/m²,1,1,"Láng Thượng, Đống Đa","21.0208674985815, 105.808525907856"
42229612,09/03/2025,"Bán căn hộ duplex, DT 235m2, tại tòa nhà Petrowaco 97 Láng Hạ, 4PN, 3WC, giá tốt","17,62 tỷ",235 m²,75 tr/m²,4,3,"Láng Hạ, Đống Đa","21.0149765819366, 105.813804444677"
42319499,09/03/2025,Tập thể Nam Đồng - vị trí vip - ô tô đỗ cổng - ở cực vip - 2 tỷ 9,"2,9 tỷ",23 m²,"126,09 tr/m²",2,1,"Nam Đồng, Đống Đa","21.0134421263393, 105.833248206103"
42362758,09/03/2025,"Bán căn hộ đẳng cấp 2PN, 3PN full đồ cao cấp, sổ đỏ chính chủ, sách vali về ở ngay, Hateco Laroma",13 tỷ,112 m²,"116,07 tr/m²",3,2,"Láng Thượng, Đống Đa","21.02111559026692, 105.80742265483723"
36139723,09/03/2025,"Bán gấp căn hộ chung cư Hong Kong Tower - 243A Đê La Thành, 107m2, 3phòng ngủ, căn góc 0941 882 ***",Giá thỏa thuận,107 m²,N/A,3,2,"Láng Thượng, Đống Đa","21.0272006988525, 105.803825378418"
42234465,09/03/2025,"Chính chủ tôi bán căn hộ Vườn Xuân - 71 Nguyễn Chí Thanh - 76,1m2 có 2 phòng ngủ full đồ","5,3 tỷ","76,1 m²","69,64 tr/m²",2,1,"Láng Hạ, Đống Đa","21.016073737134917, 105.81264056258757"
41592580,09/03/2025,"Quỹ 12 căn vip, giá ngoại giao, vị trí đẹp, lựa chọn căn, giá 7 tỷ, DT: 80m2, 137m2, Hateco Laroma",10 tỷ,94 m²,"106,38 tr/m²",3,2,"Láng Thượng, Đống Đa","21.020416259765625, 105.80724334716797"
42214055,09/03/2025,"Chính chủ bán căn góc 3 phòng ngủ 151m2 xịn, sổ đỏ trung tâm Đống Đa Hateco Laroma Huỳnh Thúc Kháng","15,65 tỷ",151 m²,"103,64 tr/m²",3,2,"Láng Thượng, Đống Đa","21.02081471927827, 105.80779612188607"
42322206,09/03/2025,"Bán Chung cư mini tại phố Tây Sơn Đống Đa, 15,5 tỷ, 70 m2, giá siêu hời","15,5 tỷ",70 m²,"221,43 tr/m²",N/A,N/A,"Nam Đồng, Đống Đa","21.0160498182967, 105.828522630499"
39897515,09/03/2025,"Tôi bán căn hộ toà nhà Vườn Xuân, 71 Nguyễn Chí Thanh. Diện tích 76m2 giá bán 5.2 tỷ","5,2 tỷ",76 m²,"68,42 tr/m²",2,1,"Láng Hạ, Đống Đa","21.015098263086067, 105.8121773824459"
41425463,09/03/2025,Nhượng căn 2 ngủ 91.3m nguyên bản chưa chỉnh sửa view hồ dự án Green Diamond,Giá thỏa thuận,"91,3 m²",N/A,2,N/A,"Láng Hạ, Đống Đa","21.017064267283196, 105.81604111745276"
40831595,09/03/2025,Nhượng căn 3 ngủ 140m full đồ hiện đại nhà mới 100% tầng cao view hồ,18 tỷ,142 m²,"126,76 tr/m²",3,N/A,"Láng Hạ, Đống Đa","21.016826629638672, 105.81522369384766"
41760173,09/03/2025,"Bán căn hoa hậu duy nhất CC 141m2, 16 tỷ ở Green Diamond 93 Láng Hạ, Đống Đa, pháp lý sổ hồng",16 tỷ,141 m²,"113,48 tr/m²",N/A,N/A,"Láng Hạ, Đống Đa","21.017196590166918, 105.816081790446"
42372514,09/03/2025,Tập Thể Tầng 3 Phố Trung Liệt- 3 Ngủ- 3vs - Full Nội Thất- Nhỉnh 4 Tỷ.,"4,7 tỷ",120 m²,"39,17 tr/m²",3,2,"Trung Liệt, Đống Đa","21.0155644782405, 105.820374798244"
42368905,09/03/2025,BÁN CĂN HỘ TẬP THỂ ĐỐNG ĐA - Ô TÔ ĐỖ CHÂN CẦU THANG-70m2- 3PN - 2VS - FULL NỘI THẤT - VÀO Ở LUÔN,"4,5 tỷ",70 m²,"64,29 tr/m²",3,2,"Trung Liệt, Đống Đa","21.0154022249973, 105.828249685497"
42362536,09/03/2025,"Bán căn hộ cao cấp 3pn, 112m2 full đồ, sổ đỏ chính chủ. Hateco Laroma Mặt đường Huỳnh Thúc Kháng","12,54 tỷ",112 m²,112 tr/m²,3,2,"Láng Thượng, Đống Đa","21.0206983366321, 105.806878353378"
35312032,09/03/2025,"Bán gấp căn đẹp nhất chung cư Hateco Laroma - Huỳnh Thúc Kháng, 138m2, 3PN, căn góc, giá thỏa thuận",Giá thỏa thuận,138 m²,N/A,3,3,"Láng Thượng, Đống Đa","21.020416, 105.80724"
42327770,09/03/2025,Bán 2 ngủ full nội thất xịn đẹp giá 12 tỉ,12 tỷ,92 m²,"130,44 tr/m²",N/A,N/A,"Láng Hạ, Đống Đa","21.01755957790609, 105.81548990841758"
42347719,09/03/2025,"Bán căn hộ cao cấp Hateco Laroma 100,9m2, 2PN, ban công B, nội thất đẹp, view Thủ Lệ, giá 11 tỷ",11 tỷ,"100,9 m²","109,02 tr/m²",2,2,"Láng Thượng, Đống Đa","21.02105759714539, 105.80679702026428"
42101763,09/03/2025,"Bán căn hộ TT Chùa Bộc, tầng 2, DTSD 80m2, 3PN, 2WC, nhà đẹp, BC Đông Nam giá 4,2 tỷ","4,2 tỷ",80 m²,"52,5 tr/m²",3,2,"Trung Liệt, Đống Đa","21.0075401949799, 105.827293224697"
42146289,09/03/2025,"Chính chủ Bán CH M3 M4 - 91 Nguyễn Chí Thanh 165 m2, 3 PN, H Đông Nam, nội thất đẹp, giá 12,3 tỷ","12,38 tỷ",165 m²,75 tr/m²,3,2,"Láng Hạ, Đống Đa","21.0202329802703, 105.808753024577"
42311371,09/03/2025,"Chuyên gia số 1 Vinhomes Nguyễn Chí Thanh; Cập nhật quỹ căn HOT, hỗ trợ trọn gói; Giá tốt nhất!","5,6 tỷ",56 m²,100 tr/m²,1,1,"Láng Thượng, Đống Đa","21.023452459449583, 105.80929010875093"
41669494,09/03/2025,"Giá rẻ nhất quận Đống Đa, bán gấp căn hộ chung cư M3 - M4 Nguyễn Chí Thanh, 4 ngủ, full nội thất","8,5 tỷ",151 m²,"56,29 tr/m²",4,2,"Láng Hạ, Đống Đa","21.0202007293701, 105.808876037598"
42374226,09/03/2025,"Bán gấp căn 2 phòng ngủ 82m2, giá 6,3 tỷ, đầy đủ nội thất ở ngay, có sổ đỏ","6,3 tỷ",91 m²,"69,23 tr/m²",2,2,"Phương Mai, Đống Đa","21.00044258094295, 105.83631160128975"
42374216,09/03/2025,"Bán gấp căn hộ 3 phòng ngủ 112m2, giá 7.3 tỷ, full nội thất đẹp chỉ việc ở, Capital Garden","7,3 tỷ",112 m²,"65,18 tr/m²",3,2,"Phương Mai, Đống Đa","21.00124905159043, 105.8375143825757"
42374195,09/03/2025,"Bán gấp căn 3 phòng ngủ 108m2, giá 7,8 tỷ, đầy đủ nội thất ở ngay","7,8 tỷ",108 m²,"72,22 tr/m²",3,2,"Phương Mai, Đống Đa","21.000394217634806, 105.83566375306371"
42374185,09/03/2025,"Bán gấp căn 2 phòng ngủ 82m2, giá 6,3 tỷ, đầy đủ nội thất ở ngay","6,3 tỷ",82 m²,"76,83 tr/m²",2,2,"Phương Mai, Đống Đa","21.00057919991923, 105.83594887144031"
41751540,09/03/2025,"Cần bán tập thể 3PN, 2WC, 85m2 tại Trường Chinh, Đống Đa, Hà Nội, chỉ với 3,25 tỷ","3,25 tỷ",92 m²,"35,33 tr/m²",3,2,"Phương Mai, Đống Đa","20.998857622687, 105.838067750967"
41591815,09/03/2025,"Cần bán gấp căn góc 3PN - 111.4m2 toà Hateco Laroma Chùa Láng ở ngay, full nội thất, sẵn sổ lâu dài",10 tỷ,"111,4 m²","89,77 tr/m²",3,2,"Láng Thượng, Đống Đa","21.020416259765625, 105.80724334716797"
42349827,09/03/2025,"(Thông tin thật) tập thể Trung Tự, Đống Đa, lô góc, ô tô, sổ to 70m2 2PN full nội thất chỉ 3,59 tỷ","3,59 tỷ",70 m²,"51,29 tr/m²",2,1,"Phương Liên, Đống Đa","21.0001383081552, 105.83066662898"
41982303,09/03/2025,Bán 1 suất ngoại giao Penhouse Duplex 36 Hoàng Cầu: 450m2. Hotline: 0352 472 *** (Miễn trung gian),39 tỷ,450 m²,"86,67 tr/m²",5,4,"Ô Chợ Dừa, Đống Đa","21.0195687563292, 105.821739844177"
37679148,09/03/2025,Chuyển nhượng căn góc 3 ngủ có 3 ban công thoáng view hồ đẹp nhất dự án 93 Láng Hạ ở tầng 21,Giá thỏa thuận,138 m²,N/A,3,2,"Láng Hạ, Đống Đa","21.015989703701084, 105.81553235237325"
36922501,09/03/2025,"Bán căn 2 ngủ vip nhất dự án view trọn 2 hồ Thành Công, hồ Hoàng Cầu LH 0936 362 ***","10,8 tỷ","91,3 m²","118,29 tr/m²",2,2,"Láng Hạ, Đống Đa","21.0168266296387, 105.815223693848"
42373047,09/03/2025,Nhà Đẹp! Giá Tốt cho gia đình 4 người! Chỉ 2.55 tỷ Tập thể Phương Mai 2PN 1WC sáng thoáng,"2,55 tỷ",50 m²,51 tr/m²,2,1,"Phương Mai, Đống Đa","21.0014863684932, 105.839353948651"
42340224,09/03/2025,"Bán tập thể trung Tự, 2PN + 1WC, giá tốt chỉ với 2,75 tỷ, Đống Đa, nhà full nội thất đẹp, ô tô đỗ","2,75 tỷ",60 m²,"45,83 tr/m²",2,1,"Nam Đồng, Đống Đa","21.004028540247, 105.831584650073"
42358722,09/03/2025,"Hiếm! Bán tập thể tầng 1 Tây Sơn - Đại Học Thuỷ Lợi - Khương Thượng, Đống Đa, 2 ngủ nhà đẹp ở luôn","3,05 tỷ",50 m²,61 tr/m²,2,1,"Khương Thượng, Đống Đa","21.0047479084093, 105.821933738493"
42349993,09/03/2025,"Bán tập thể tầng 2 Nguyên Hồng - Huỳnh Thúc Kháng, Láng Hạ, Đống Đa, nhà đẹp 2 ngủ, 2 vệ sinh","3,95 tỷ",65 m²,"60,77 tr/m²",2,2,"Láng Hạ, Đống Đa","21.016121801032, 105.810211274615"
42338269,09/03/2025,"Bán tập thể duplex Chùa Bộc Tôn Thất Tùng, Đống Đa, siêu đẹp, 3 ngủ, 2 vệ sinh, full nội thất, 100m","3,85 tỷ",100 m²,"38,5 tr/m²",3,2,"Khương Thượng, Đống Đa","21.0080484214009, 105.825734805035"
42348328,09/03/2025,"Nhà đẹp diện tích sử dụng 60m, 2 phòng ngủ đang cho thuê được 7tr/ tháng ở phố Nguyên Hồng","3,68 tỷ","33,2 m²","110,84 tr/m²",2,2,"Láng Hạ, Đống Đa","21.01589632818, 105.810182601697"
42016829,09/03/2025,"Tập thể tầng 5 nhà B2 Vĩnh Hồ, 20m ra mặt phố, view sân chơi, ô tô gần, nhà mới thoáng, 65m2/2.8tỷ","2,8 tỷ",65 m²,"43,08 tr/m²",3,1,"Thịnh Quang, Đống Đa","21.0065171365504, 105.820289720105"
42312471,09/03/2025,"Hiếm có! Bán Tập thể Nam Đồng - Hồ Đắc Di, Đống Đa, Tầng 2, 3 ngủ, nhà đẹp ở luôn","3,7 tỷ",75 m²,"49,33 tr/m²",3,1,"Nam Đồng, Đống Đa","21.0122705634097, 105.829242717426"
42310878,09/03/2025,"Bán tập thể Phương Mai, Đống Đa, vị trí rất đẹp, ô tô đỗ chân toà, 2 ngủ giá tốt chỉ 2.78 tỷ","2,78 tỷ",45 m²,"61,78 tr/m²",2,1,"Phương Mai, Đống Đa","21.001354581179, 105.839303779903"
42310523,09/03/2025,"Bán nhà tập thể Kim Liên, ô tô đỗ cửa - 2 mặt thoáng - 2PN - 60m2, nội thất đẹp","2,68 tỷ",60 m²,"44,67 tr/m²",2,1,"Kim Liên, Đống Đa","21.0052136921519, 105.835530406337"
36637892,09/03/2025,"VIP - 180m2, căn góc 4 phòng ngủ tại chung cư Lancaster đường Láng. Sổ đỏ lâu dài, xem nhà 24/7",Giá thỏa thuận,180 m²,N/A,4,N/A,"Láng Thượng, Đống Đa","21.0235824584961, 105.805229187012"
33841826,09/03/2025,Bán căn 2 ngủ 92m2 chung cư Lancaster Luminaire đường Láng chính chủ 0944 412 ***,Giá thỏa thuận,92 m²,N/A,2,2,"Láng Thượng, Đống Đa","21.0235824584961, 105.805229187012"
42318355,09/03/2025,"Mặt bằng kinh doanh căn hộ tập thể tầng 1, Phố Nam Đồng, Đống Đa, 48m2 x 1 ngủ x 1wc",3 tỷ,48 m²,"62,5 tr/m²",1,1,"Nam Đồng, Đống Đa","21.0137088038379, 105.83333281788"
42154530,09/03/2025,Tập thể Phạm Ngọc thạch full nội thất đẹp ô tô đỗ cửa,"2,68 tỷ",70 m²,"38,29 tr/m²",N/A,N/A,"Kim Liên, Đống Đa","21.0089216473844, 105.834594394821"
42240099,09/03/2025,"Giá rẻ! Bán (M3 - M4) 91 Nguyễn Chí Thanh - 122m2 - 3PN 2VS - 7,5 tỷ. LH: 0967 401 *** Nam","7,5 tỷ",122 m²,"61,48 tr/m²",3,2,"Láng Hạ, Đống Đa","21.0210625280392, 105.80909242244"
41659959,08/03/2025,"Bán chung cư Hong Kong Tower - 243A Đê La Thành, 107m2, 3 ngủ đủ đồ giá chỉ 9,5 tỷ LH: 0814 332 ***",Giá thỏa thuận,107 m²,N/A,3,2,"Láng Thượng, Đống Đa","21.027200698852539, 105.80382537841797"
42371845,08/03/2025,Chỉ còn 1 căn duy nhất! Tập thể Kim Liên. 2.75 tỷ - View mặt phố cực thoáng sáng - 2PN 1WC,"2,75 tỷ",55 m²,50 tr/m²,2,1,"Kim Liên, Đống Đa","21.0055282033166, 105.835612314698"
42203094,08/03/2025,Bán gấp - bán chung cư N2 Xã Đàn - Khâm Thiên - Đống Đa - nội thất đầy đủ - sổ hồng vĩnh viễn,800 triệu,38 m²,"21,05 tr/m²",2,2,"Kim Liên, Đống Đa","21.0061557534116, 105.835957018665"
41410343,08/03/2025,0971 085 *** chính chủ bán CH Hong Kong Tower 3PN DT 104m2 - 8 tỷ & 126m2 - 9 tỷ full NT đẹp SĐCC,8 tỷ,104 m²,"76,92 tr/m²",3,2,"Láng Thượng, Đống Đa","21.0272006988525, 105.803825378418"
42098664,08/03/2025,"Bán gấp căn hộ CC Hateco Laroma 4A Huỳnh Thúc Kháng, 120m2, 3PN, tầng cao, nội thất xịn. 0963 668 ***",Giá thỏa thuận,120 m²,N/A,3,2,"Láng Thượng, Đống Đa","21.0204162597656, 105.807243347168"
42098581,08/03/2025,"Cần bán gấp căn hộ CC Hateco Laroma 4A HTK, 137m2, 3PN, căn góc, tầng cao, nội thất xịn. 0963 668 ***",Giá thỏa thuận,137 m²,N/A,3,2,"Láng Thượng, Đống Đa","21.0204162597656, 105.807243347168"
41822585,08/03/2025,"Bán gấp căn hộ Hong Kong Tower - 243A Đê La Thành, 105m2, 3PN, đủ đồ, tầng cao, 9.5 tỉ. 0963 668 ***","9,5 tỷ",105 m²,"90,48 tr/m²",3,2,"Láng Thượng, Đống Đa","21.02796163907616, 105.80370925794566"
41592155,08/03/2025,"Chủ đầu tư Hateco Laroma mở bán đợt cuối các sàn đẹp, căn đẹp, chọn căn, chọn tầng, giá ưu đãi",Giá thỏa thuận,"80,27 m²",N/A,2,2,"Láng Thượng, Đống Đa","21.020416259765625, 105.80724334716797"
42371921,08/03/2025,"Bán căn penthouse 404m2 tại dự án D.Le Pont Dor Hoàng Cầu - 41,8 tỷ","31,8 tỷ",404 m²,"78,71 tr/m²",N/A,N/A,"Ô Chợ Dừa, Đống Đa","21.019530677284, 105.822040704161"
42314633,08/03/2025,"Bán căn hộ chung cư mặt đường Nguyễn Chí Thanh, DT 113m2, 3 PN, 2 WC giá bán 7,2 tỷ","7,2 tỷ",113 m²,"63,72 tr/m²",3,2,"Láng Hạ, Đống Đa","21.0204086392065, 105.80814846607"
42305362,08/03/2025,CC bán căn hộ 2PN 86M Vinhomes Nguyễn Chí Thanh. Nhà hướng ĐN giá bán nhanh chỉ 8tỷ. LH: 0936 031 ***,8 tỷ,86 m²,"93,02 tr/m²",1,1,"Láng Thượng, Đống Đa","21.023452459449583, 105.80929010875093"
41115652,08/03/2025,"(HOT) Căn 2 ngủ giá 3,9 tỷ ful NT rẻ nhất The Ninety Complex. Lh: 0977 535 ***","3,9 tỷ","45,15 m²","86,38 tr/m²",2,N/A,"Thịnh Quang, Đống Đa","21.0041027069092, 105.818695068359"
42348516,08/03/2025,"Bán CHCC Hateco Laroma 4A Huỳnh Thúc Kháng, Đống Đa, 137m2, 3PN, giá thỏa thuận, LH 0983 951 ***",Giá thỏa thuận,137 m²,N/A,3,2,"Láng Thượng, Đống Đa","21.020730785064206, 105.80799022735874"
35151729,08/03/2025,Chung cư mini Vincom Phạm Ngọc Thạch - Đông Tác full nội thất ở ngay ôtô đỗ cửa,950 triệu,45 m²,"21,11 tr/m²",2,1,"Kim Liên, Đống Đa","21.0063307505256, 105.833225939673"
38843833,08/03/2025,"Chính chủ - bán chung cư CT1 Xã Đàn - Trung Phụng 35 - 55m2, full nội thất, CK 50tr căn, ở ngay",860 triệu,35 m²,"24,57 tr/m²",1,1,"Khâm Thiên, Đống Đa","21.0159532804345, 105.835727175641"
41601011,08/03/2025,"Tôi bán căn hộ chung cư tòa nhà 170 Đê La Thành - 142,6m2, 3PN full nội thất","7,68 tỷ","142,6 m²","53,86 tr/m²",3,2,"Ô Chợ Dừa, Đống Đa","21.0212249755859, 105.828063964844"
41057549,08/03/2025,Chính chủ cần bán nhanh căn 72m 2N2VS giá 9.1 tỷ tại Green Diamond 93 Láng Hạ - Liên hệ: 0906 961 ***,"9,1 tỷ",92 m²,"98,91 tr/m²",2,2,"Láng Hạ, Đống Đa","21.016826629638672, 105.81522369384766"
40848277,08/03/2025,"Bán căn ngoại giao 2PN tại The Gloria-8 Nguyên Hồng, nhận nhà ở ngay, đã có sổ. Giá chỉ từ 6,x tỷ",Giá thỏa thuận,57 m²,N/A,2,2,"Láng Hạ, Đống Đa","21.0158519744873, 105.809234619141"
42277107,08/03/2025,Bán tập thể tầng 1 Hồ Đắc Di - kinh doanh nhà hàng quá phù hợp,17 tỷ,240 m²,"70,83 tr/m²",N/A,N/A,"Nam Đồng, Đống Đa","21.0123345420556, 105.829152502199"
42360708,08/03/2025,Bán căn Penthouse 361m2 thô chung cư Hong Kong Tower 0974 681 ***,"37,9 tỷ",361 m²,105 tr/m²,4,4,"Láng Thượng, Đống Đa","21.026872845844185, 105.80338231712203"
42370808,08/03/2025,"Tầng 1 CĂN HỘ nhỏ XINH tập thể bộ CA ngõ phố Khâm Thiên - ĐỐNG ĐA. Giao ngay, ở luôn 1,3 tỷ.","1,3 tỷ",30 m²,"43,33 tr/m²",1,1,"Thổ Quan, Đống Đa","21.0197350304997, 105.834130724817"
42337886,08/03/2025,"Bán Tập thể Tôn Đức Thắng - Đoàn Thị Điểm, Đống Đa, sổ to 43m2, nhà đẹp ở ngay","4,39 tỷ",65 m²,"67,54 tr/m²",2,1,"Văn Miếu - Quốc Tử Giám, Đống Đa","21.0267600672729, 105.833845986535"
42268674,08/03/2025,"Bán tập thể Hồ Đắc Di - Nam Đồng, Đống Đa, nhà đẹp 2 ngủ riêng biệt, full nội thất, nhỉnh 2 tỷ","2,88 tỷ",60 m²,48 tr/m²,2,2,"Nam Đồng, Đống Đa","21.0126000808252, 105.829084426961"
42316706,08/03/2025,"Hiếm! Bán tập thể Văn Chương - Khâm Thiên, Đống Đa, vị trí rất đẹp, có sân chơi","3,55 tỷ",80 m²,"44,38 tr/m²",2,1,"Văn Chương, Đống Đa","21.0215736377699, 105.8335685512"
42370996,08/03/2025,TOÀ CĂN HỘ DÒNG TIỀN PHỐ TÔN ĐỨC THẮNG -HÀNG BỘT 85 m x 8 TẦNG THANG MÁY 13 PHÒNG CHO TÂY THUÊ XỊN,"31,8 tỷ",85 m²,"374,12 tr/m²",13,14,"Hàng Bột, Đống Đa","21.0270899932374, 105.833797319899"
41741876,08/03/2025,"Bán gấp CHCC Hateco Laroma - 4A Huỳnh Thúc Kháng, 112m2, 3PN, căn góc, tầng cao, đồ xịn. 0963 668 ***",Giá thỏa thuận,112 m²,N/A,3,2,"Láng Thượng, Đống Đa","21.020416259765625, 105.80724334716797"
40958266,08/03/2025,"Cần bán gấp căn hộ chung cư Hateco Laroma 4A HTK, 90m2, 2PN, căn góc, tầng cao, 9 tỉ. 0963 668 ***",9 tỷ,90 m²,100 tr/m²,2,2,"Láng Thượng, Đống Đa","21.0204162597656, 105.807243347168"
42204513,08/03/2025,"Bán căn hộ tòa nhà M3M4 - 91 Nguyễn Chí Thanh, 170 m2, 4 PN, nhà nguyên bản, giá 10,5 tỷ","10,5 tỷ",170 m²,"61,76 tr/m²",4,N/A,"Láng Hạ, Đống Đa","21.02001749952271, 105.80834785625332"
41334364,08/03/2025,"Bán căn hộ TT Chùa Bộc, tầng 2, DTSD 100m2, 3PN, 2WC, nhà đẹp, BC Đông Nam, rất mát, giá 4,25 tỷ","4,25 tỷ",100 m²,"42,5 tr/m²",3,2,"Trung Liệt, Đống Đa","21.0076850663206, 105.827480666072"
41196295,08/03/2025,"Siêu phẩm! Chỉ 2,65 tỷ tập thể Thổ Quan, Đống Đa, lô góc, 50m2 2PN nhà đẹp","2,65 tỷ",50 m²,53 tr/m²,2,1,"Thổ Quan, Đống Đa","21.0196188568587, 105.834351048938"
42178048,08/03/2025,"Ngon bổ rẻ! Tập thể Láng Hạ, Đống Đa, tầng 1, 2 thoáng, sổ to 60m2 2PN nhà đẹp chỉ 3,79 tỷ","3,79 tỷ",60 m²,"63,17 tr/m²",2,1,"Láng Hạ, Đống Đa","21.0150067361513, 105.812637415094"
42357171,08/03/2025,"Hiếm nhà bán! Tập thể thảm may, Đặng Tiến Đông, Đống Đa, sổ to 50m2 2PN chỉ 3,09 tỷ","3,09 tỷ",50 m²,"61,8 tr/m²",2,1,"Trung Liệt, Đống Đa","21.0140713274276, 105.822219316094"
42357365,08/03/2025,"Siêu phẩm! Hồ Đắc Di, Đống Đa, 2 thoáng, gần hồ, 60m2 2PN riêng biệt chỉ 2,79 tỷ","2,79 tỷ",60 m²,"46,5 tr/m²",2,1,"Nam Đồng, Đống Đa","21.0134960962017, 105.833328096213"
42369314,08/03/2025,"Bán Gấp Nhà Tập Thể Phương Mai, 60m, 2 ngủ, full đồ ở luôn, chỉ 2,76 tỷ","2,76 tỷ",60 m²,46 tr/m²,2,1,"Phương Mai, Đống Đa","21.0016644115006, 105.839522446788"
42366079,08/03/2025,Cô Nga cán bộ về Hưu cần bán căn tập thể Hồ Đắc Di 60m 2.86tỷ của mình để về với con chăm cháu,"2,86 tỷ",60 m²,"47,67 tr/m²",N/A,N/A,"Nam Đồng, Đống Đa","21.0121596884177, 105.828762173666"
42338352,08/03/2025,"Cần bán gấp căn hộ CC Hateco Laroma 4A HTK, 105m2, 3PN, căn góc, tầng cao, nội thất xịn. 0963 668 ***",Giá thỏa thuận,105 m²,N/A,3,2,"Láng Thượng, Đống Đa","21.02070571488637, 105.80807947081699"
39912927,08/03/2025,"Chính chủ bán gấp Căn hộ mini phố Tôn Đức Thắng - Đống Đa 35 -50m2, full đồ - 0983 169 ***","1,65 tỷ",50 m²,33 tr/m²,2,1,"Hàng Bột, Đống Đa","21.0267424, 105.8338142"
42348618,08/03/2025,"HOT: Bán căn hộ studio Lancaster - 50m2, full đẹp, giá 5 tỷ. LH: 0899,.511.,866",5 tỷ,50 m²,100 tr/m²,1,1,"Láng Thượng, Đống Đa","21.02365316938256, 105.80521387373152"
39387404,08/03/2025,"Cần bán chung cư Sky city 88 Láng Hạ, 2pn 112m2 tầng đẹp view thoáng. LH 0936 530 ***",Giá thỏa thuận,112 m²,N/A,2,2,"Láng Hạ, Đống Đa","21.0124912261963, 105.811317443848"
42163025,08/03/2025,"Bán nhà tập thể 100m 2 tầng, 3 phòng ngủ ở ngay hoặc cho thuê khu dân trí cao",3 tỷ,100 m²,30 tr/m²,3,2,"Văn Chương, Đống Đa","21.0153623451533, 105.827950981614"
42315372,08/03/2025,"Bán chung cư Hong Kong Tower - 243A Đê La Thành, 107m2, 3 ngủ đủ căn góc chỉ 9 tỷ LH: 0814 332 ***",9 tỷ,107 m²,"84,11 tr/m²",3,3,"Láng Thượng, Đống Đa","21.027187376095434, 105.80387325838667"
42354343,08/03/2025,"Bán căn hộ chung cư Hateco Laroma - Huỳnh Thúc Kháng, 115m2, 3PN, căn góc, 13 tỷ LH: 0814 332 ***",13 tỷ,115 m²,"113,04 tr/m²",3,2,"Láng Thượng, Đống Đa","21.02035270397389, 105.80716189670703"
42334032,08/03/2025,"Bán chung cư cao cấp Green Diamond 93 Láng Hạ, 3PN căn góc tầng cao view hồ 145m2 LH: 0814 332 ***",Giá thỏa thuận,145 m²,N/A,3,2,"Láng Hạ, Đống Đa","21.016987573646674, 105.81573767616776"
40136827,08/03/2025,"Bán suất ngoại giao đứng tên cán bộ tập đoàn, căn 3 ngủ dự án Hateco Laroma. Liên hệ PKD 0934 364 ***",Giá thỏa thuận,120 m²,N/A,3,N/A,"Láng Thượng, Đống Đa","21.020164960938317, 105.80808266086265"
42368580,08/03/2025,"Hoàng 3333 giá thật. Bán CH 92m2, 2N - 2WC, tại Green Diamond 93 Láng Hạ, tầng trung mát mẻ, NT CĐT","10,1 tỷ",92 m²,"109,78 tr/m²",2,2,"Láng Hạ, Đống Đa","21.016683235998507, 105.81571468204476"
42368529,08/03/2025,"Bán căn 2 ngủ, full nội thất ở ngay, 6,28 tỷ, chung cư Hòa Phát 257 Giải Phóng, Đống Đa","6,28 tỷ",90 m²,"69,78 tr/m²",2,2,"Phương Mai, Đống Đa","20.998801601894236, 105.84069096759384"
42368504,08/03/2025,"Bán căn 3 Phòng Ngủ toà Hòa Phát 257 Giải Phóng, 108m2, giá 7.68 tỷ, 0982 281 ***","7,68 tỷ",108 m²,"71,11 tr/m²",3,2,"Phương Mai, Đống Đa","20.99804182874331, 105.84094538386901"
39854732,08/03/2025,Sở hữu căn 2N tại Đống Đa chỉ từ 3.6 tỷ/căn + Chiết khấu 10% + Miễn 2 năm phí DV + Quà tặng 215tr,Giá thỏa thuận,45 m²,N/A,2,1,"Thịnh Quang, Đống Đa","21.0041027069092, 105.818695068359"
42365656,08/03/2025,"BÁN GẤP CHUNG CƯ MINI NGÕ THỔ QUAN TÔN ĐỨC THẮNG TRUNG TÂM ĐỐNG ĐA Diện tích: 69m | Mặt tiền 8, 5 M","12,6 tỷ",69 m²,"182,61 tr/m²",8,6,"Hàng Bột, Đống Đa","21.0227321218047, 105.832534662879"
39243841,08/03/2025,"Bán căn hộ chung cư Sông Hồng Park View - 165 Thái Hà, 120m2, 3PN, căn góc, đủ đồ. LH 0972 709 ***",Giá thỏa thuận,120 m²,N/A,3,2,"Láng Hạ, Đống Đa","21.014835357666016, 105.81726837158203"
41716196,08/03/2025,"Chính chủ cần bán gấp căn hộ Hong Kong Tower - 243A Đê La Thành, 105m2, 03PN, căn góc Đông Nam",Giá thỏa thuận,105 m²,N/A,3,2,"Láng Thượng, Đống Đa","21.02720069885254, 105.80382537841797"
42321679,08/03/2025,"Hot!!! Bán Gấp, giá tốt Căn Góc Studio dự án Lancaster Láng. Sở hữu lâu dài.Lh:0911 717 ***","4,97 tỷ",50 m²,"99,4 tr/m²",1,1,"Láng Thượng, Đống Đa","21.0231162601858, 105.805341014942"
42260142,08/03/2025,Em bán căn nhà tập thể Kim Liên TT Đống Đa full nội thất xịn sò,"2,68 tỷ",65 m²,"41,23 tr/m²",N/A,N/A,"Kim Liên, Đống Đa","21.0050482157071, 105.835620301447"
42352455,08/03/2025,"Căn hộ TT Phương Mai 65m2, 3 ngủ, full nội thất chỉ 2.95 tỷ (có TL)","2,95 tỷ",65 m²,"45,38 tr/m²",3,1,"Phương Liên, Đống Đa","21.0022271042941, 105.83562368598"
42295029,08/03/2025,CẦN BÁN NHANH nhà gần phố phương mai - Ô Tô Đỗ cửa - Giá Tốt nhất Khu,Giá thỏa thuận,55 m²,N/A,2,2,"Phương Mai, Đống Đa","21.0012084540201, 105.839242521499"
42220510,08/03/2025,Bán căn hộ M3 M4 Nguyễn Chí Thanh diện tích 180m2 gồm có 4PN - 2WC nhà đẹp. Liên hệ 0372 004 ***,"10,3 tỷ",180 m²,"57,22 tr/m²",4,2,"Láng Hạ, Đống Đa","21.0200599323868, 105.808825904992"
42302656,08/03/2025,"Bán tập thể mặt phố Thái Thịnh, 2PN nội thất đẹp, 55m2, thoáng sáng","2,75 tỷ",55 m²,50 tr/m²,2,1,"Trung Liệt, Đống Đa","21.0095272003391, 105.81902363251"
42261034,08/03/2025,Cần bán căn hộ 3PN ở 107 Nguyễn Chí Thanh giá 6.5 tỷ,"6,5 tỷ","104,43 m²","62,24 tr/m²",3,2,"Láng Hạ, Đống Đa","21.0202621656156, 105.808307022418"
41515500,08/03/2025,"Chính chủ bán căn hộ tòa M3 - M4 Nguyễn Chí Thanh, 3 phòng ngủ, 2 vệ sinh",8 tỷ,126 m²,"63,49 tr/m²",3,2,"Láng Hạ, Đống Đa","21.020200729370117, 105.80887603759766"
39112410,08/03/2025,"Bán gấp căn hộ 2.5PN tại Hateco Laroma, ban công thoáng mát, view đẹp. LH: 0906 961 ***","11,5 tỷ",95 m²,"121,05 tr/m²",2,2,"Láng Thượng, Đống Đa","21.0204162597656, 105.807243347168"
42332878,08/03/2025,"Bán nhà tập thể Phương Mai, 2PN, 2 mặt thoáng, nội thất đẹp, DTSD 55m2","2,78 tỷ",55 m²,"50,54 tr/m²",2,1,"Phương Mai, Đống Đa","21.0013050945944, 105.83932124746"
40833893,08/03/2025,Tôi cần bán căn hộ Studio 50m2 full nội thất giá chỉ 4 tỷ tại Lancaster Luminaire - đường Láng,4 tỷ,50 m²,80 tr/m²,1,1,"Láng Thượng, Đống Đa","21.0235824584961, 105.805229187012"
42062091,08/03/2025,Bán căn góc chung cư Lancaster Luminaire 1152 đường Láng 120m2 căn đẹp nhất tòa nhà,"12,6 tỷ",120 m²,105 tr/m²,3,3,"Láng Thượng, Đống Đa","21.0230752364463, 105.805121055851"
42303962,08/03/2025,"Bán căn hộ chung cư Hateco Laroma Hà Nội, diện tích 87m2 - 2PN tầng cao view thoáng, giá tốt!",Giá thỏa thuận,87 m²,N/A,2,2,"Láng Thượng, Đống Đa","21.019686294792923, 105.80768795093593"
42328064,08/03/2025,"Bán căn hộ hoa hậu ở chung cư Lancaster Luminaire, Đống Đa, Hà Nội giá tốt 5 tỷ ký hợp đồng luôn!",5 tỷ,45 m²,"111,11 tr/m²",1,1,"Láng Thượng, Đống Đa","21.02367868521308, 105.80513015098327"
42239976,08/03/2025,"Căn hộ 115m - 3PN2WC, đường Nguyễn Chí Thanh. Giá rẻ",7 tỷ,115 m²,"60,87 tr/m²",3,2,"Láng Hạ, Đống Đa","21.02054085964102, 105.80800279189874"
42366555,08/03/2025,Bán Tập thể Trung Tự! 2PN riêng 1WC khép kín - Thoáng trước sau - Gần TH Trung Tự - Giá 3.6,"3,6 tỷ",68 m²,"52,94 tr/m²",2,1,"Phương Liên - Trung Tự, Đống Đa","21.0098510065456, 105.831185700303"
41725008,08/03/2025,"Bán căn hộ GP Invest 170 Đê La Thành, DT 150m2 có 3PN - 2WC giá 8 tỷ TL",8 tỷ,150 m²,"53,33 tr/m²",3,2,"Ô Chợ Dừa, Đống Đa","21.021224975585938, 105.82806396484375"
42261745,08/03/2025,"Tôi cần bán chung cư 257 Giải Phóng căn góc 108.7m2, 3 ngủ, 2 vs chỉ 7.68 tỷ","7,68 tỷ","108,7 m²","70,65 tr/m²",3,2,"Phương Mai, Đống Đa","20.9986397149048, 105.841963160864"
42366106,08/03/2025,Anh Tân cần bán căn hộ Phương Mai 65m 2.95tỷ ô tô đỗ cửa,"2,95 tỷ",65 m²,"45,38 tr/m²",N/A,N/A,"Phương Mai, Đống Đa","21.0013783835084, 105.839427005272"
35507024,08/03/2025,Chính chủ bán căn 3 ngủ diện tích 137m2 để lại nội thất. Liên hệ xem nhà: 0934 364 ***,Giá thỏa thuận,137 m²,N/A,3,N/A,"Láng Thượng, Đống Đa","21.0204162597656, 105.807243347168"
41943598,08/03/2025,"(Giá shock) Chỉ 2,8 tỷ mua đứt căn Studio The Ninety Complex full nội thất. LH: 0977 535 ***","2,8 tỷ","32,5 m²","86,15 tr/m²",N/A,N/A,"Thịnh Quang, Đống Đa","21.0045087587887, 105.818889439004"
40819170,08/03/2025,"Tập thể tầng 1 ngay gần chợ ĐH Thủy Lợi Khương Thượng, gần nhiều trường đại học và bệnh viện","3,05 tỷ",50 m²,61 tr/m²,2,1,"Khương Thượng, Đống Đa","21.0041209106123, 105.824993378515"
42308302,08/03/2025,"Cần bán căn hộ tầng 4 khu tập thể Điện Lực phố Đoàn Thị Điểm, Quốc Tử Giám","4,39 tỷ",70 m²,"62,71 tr/m²",2,1,"Văn Miếu - Quốc Tử Giám, Đống Đa","21.0263995178349, 105.832265524079"
37510188,07/03/2025,Bán gấp căn 2 ngủ DT 92m2 ban công Tây Bắc view hồ Thành Công tầng 18,Giá thỏa thuận,92 m²,N/A,2,2,"Láng Hạ, Đống Đa","21.0168266296387, 105.815223693848"
41975428,07/03/2025,(Giá chuẩn) bán nhanh căn hộ 2 ngủ view hồ Hoàng Cầu DT 70.3m2 tầng trung giá tốt 7.7 tỷ,"7,7 tỷ","70,3 m²","109,53 tr/m²",2,2,"Láng Hạ, Đống Đa","21.016743949301148, 105.81523469775082"
42297700,07/03/2025,Siêu Hot! Chỉ 1 căn! Tập thể mặt phố Thái Thịnh. 2.75 tỷ - 2PN riêng - 1WC khép kín - Cực thoáng,"2,75 tỷ",62 m²,"44,36 tr/m²",2,1,"Trung Liệt, Đống Đa","21.0100410537978, 105.81866574565"
42318880,07/03/2025,"Bán căn 2 ngủ, full nội thất ở ngay, chung cư Hòa Phát 257 Giải Phóng, Đống Đa","6,28 tỷ",90 m²,"69,78 tr/m²",2,2,"Phương Mai, Đống Đa","20.998500781412474, 105.84056417970592"
42308118,07/03/2025,"Gia đình cần bán căn hộ Hòa Phát 257 Giải Phóng - 108m2, 3 ngủ 2 vệ sinh, giá 7.68 tỷ - 0968 224 ***","7,68 tỷ",108 m²,"71,11 tr/m²",3,2,"Phương Mai, Đống Đa","20.998664076537615, 105.8415683316974"
42073361,07/03/2025,"Bán gấp căn hộ cao cấp Vinhomes Nguyễn Chí Thanh, 2 ngủ 86m2 full nội thất giá 8 tỷ LH 0814 332 ***",8 tỷ,86 m²,"93,02 tr/m²",2,2,"Láng Hạ, Đống Đa","21.023017353539807, 105.80914961421821"
42298210,07/03/2025,Nhà nguyên bản! Giá rẻ! Cực thoáng sáng! Chỉ 2.69 tỷ - Tập thể mặt phố Trường Chinh - 55m2 - 2PN,"2,69 tỷ",55 m²,"48,91 tr/m²",2,1,"Phương Mai, Đống Đa","20.9982420516309, 105.837711286981"
42365161,07/03/2025,"Căn hộ góc tầng 3 khép kín, tập thể Bộ NN, mặt đường Lương Định Của, Kim Liên, Đống Đa","4,95 tỷ",35 m²,"141,43 tr/m²",2,N/A,"Phương Mai, Đống Đa","21.0034106375108, 105.838091036163"
42096574,07/03/2025,Cực hiếm! Chỉ 2.38 tỷ - căn hộ tập thể Phố Khâm Thiên - 50m2 - 2PN - 2WC - căn góc thoáng sáng,"2,38 tỷ",50 m²,"47,6 tr/m²",2,2,"Khâm Thiên, Đống Đa","21.018353048408, 105.837902166876"
42364301,07/03/2025,"(Giá chuẩn) bán căn 2PN 77m2 Green Diamond 93 Láng Hạ, BC Đông Nam, nội thất xịn, sổ đỏ. Giá 9 tỷ",9 tỷ,77 m²,"116,88 tr/m²",2,2,"Láng Hạ, Đống Đa","21.01683238268429, 105.8152064807714"
42363854,07/03/2025,Chính chủ cần bán căn tập thể tầng 3 - Phương Mai - Đống Đa 60m2,"2,75 tỷ",60 m²,"45,83 tr/m²",2,1,"Kim Liên, Đống Đa","21.0057849528016, 105.835866765581"
42348262,07/03/2025,"Chính chủ cần bán CHCC tại CC Hateco Laroma, 142m2, 3PN, 2WC, căn góc, view hồ, nội thất xịn",Giá thỏa thuận,142 m²,N/A,3,2,"Láng Thượng, Đống Đa","21.01975423417466, 105.80714114502553"
41742224,07/03/2025,Gia đình em cần bán nhanh căn hộ 2PN tại Green Diamond 93 Láng Hạ giá 7 tỷ full nội thất,7 tỷ,78 m²,"89,74 tr/m²",2,2,"Láng Hạ, Đống Đa","21.016826629638672, 105.81522369384766"
41857113,07/03/2025,Cần bán gấp căn hộ 3PN Hồng Koong Tower Kim Mã. Căn hộ rộng 126m2 BC Đông Nam,Giá thỏa thuận,126 m²,N/A,3,2,"Láng Thượng, Đống Đa","21.02726488730474, 105.80336696311942"
42363043,07/03/2025,Tập thể phố VIP Đặng Tiến Đông - Hành lang rộng - thoáng sáng - 45m2 - 3. X tỷ (x mẫu giáo),"3,1 tỷ",45 m²,"68,89 tr/m²",1,N/A,"Trung Liệt, Đống Đa","21.0142386393825, 105.821793450338"
39237012,07/03/2025,"Bán nhanh chung cư Hoà Phát, 257 Giải Phóng, 3 phòng ngủ, 109m2, giá tốt",Giá thỏa thuận,109 m²,N/A,3,2,"Phương Mai, Đống Đa","20.99866, 105.841484"
42262003,07/03/2025,"Nhà tt đẹp full nội thất gần trường mầm non Hoa Sữa Kim Liên, Đống Đa (65m2), nhỉnh 2 tỷ","2,68 tỷ",65 m²,"41,23 tr/m²",2,2,"Kim Liên, Đống Đa","21.0061352696111, 105.83560886196"
42361888,07/03/2025,"Bán CC tòa 187 Nguyễn Lương Bằng. DT: 65m2, 2PN - 1WC. Chính chủ. LH: 0963 815 ***",Giá thỏa thuận,65 m²,N/A,2,1,"Quang Trung, Đống Đa","21.01335359187219, 105.82757097286336"
42361743,07/03/2025,"Bán CC 1PN, 1WC, 32m2 tại Láng Hạ, Đống Đa, Hà Nội, chỉ với 2,25 tỷ, 50m ra phố","2,25 tỷ",32 m²,"70,31 tr/m²",1,1,"Láng Hạ, Đống Đa","21.0155350675585, 105.813036462403"
42361529,07/03/2025,"Bán nhà tập thể tầng 1, Khương Thượng, Đống Đa, 45m2, có sân để xe riêng, nhà đẹp, ở ngay","1,95 tỷ",45 m²,"43,33 tr/m²",2,N/A,"Khương Thượng, Đống Đa","21.004504439361, 105.824810956868"
42153689,07/03/2025,"Bán căn hộ 101 Láng Hạ,163 m2, 3 PN, ban công Đông Nam, thoáng căn góc, rất mát, giá 11,5 tỷ (mới)","11,5 tỷ",163 m²,"70,55 tr/m²",3,N/A,"Láng Hạ, Đống Đa","21.01365355480279, 105.81336554510915"
42159367,07/03/2025,"Bán gấp CC 1PN 1WC, 40m2, giá thỏa thuận, ở Thái Thịnh, Đống Đa, Hà Nội",Giá thỏa thuận,40 m²,N/A,1,1,"Thịnh Quang, Đống Đa","21.0104284903319, 105.818391661074"
41533546,07/03/2025,"Hot: Chính chủ bán Lancaster Luminaire, 96m2, 3PN, cơ bản giá 11.3 tỷ. LH: 0899';511.,866","11,14 tỷ",96 m²,116 tr/m²,3,2,"Láng Thượng, Đống Đa","21.0235824584961, 105.805229187012"
42016540,07/03/2025,Bán nhanh CH studio 45m2 tại dự án Lancaster Luminaire 1152 đường Láng full nội thất giá 3.9 tỷ,"3,9 tỷ",45 m²,"86,67 tr/m²",1,1,"Láng Thượng, Đống Đa","21.0234174663207, 105.80535122697"
42361812,07/03/2025,"Hoàng 3333 giá thật. Bán CH 92m2, 2N - 2WC, tại Green Diamond 93 Láng Hạ, tầng trung mát mẻ, NT CĐT","10,1 tỷ",92 m²,"109,78 tr/m²",2,2,"Láng Hạ, Đống Đa","21.016683235998507, 105.81571468204476"
42295592,07/03/2025,"Rất yên bình! Dân trí cao, 2.78 tỷ - Khu D tập thể Phương Mai - 2PN 1WC - Cực thoáng sáng","2,78 tỷ",50 m²,"55,6 tr/m²",2,1,"Phương Mai, Đống Đa","21.001204129235, 105.839322902881"
41509420,07/03/2025,"Tổng hợp quỹ căn dự án Hateco Laroma 3PN, căn duplex, penthouse thô. Hotline PKD 0934 364 ***","14,2 tỷ","137,5 m²","103,27 tr/m²",3,N/A,"Láng Thượng, Đống Đa","21.020280565210513, 105.80698112226804"
40905691,07/03/2025,"Mua 1 được 2 căn hộ tập thể Kim Liên 15m/60m 2,3 tỷ 2 PN gần phố đẹp ở luôn tiện ích","2,3 tỷ",15 m²,"153,33 tr/m²",2,N/A,"Kim Liên, Đống Đa","21.0049009439077, 105.835833635354"
42171225,07/03/2025,"Bán toà CHDV 92m2x7T Thang Máy, Trường Chinh, Đống Đa. 24P khép kín Full NT. Dòng tiền 160tr/ tháng",22 tỷ,92 m²,"239,13 tr/m²",N/A,N/A,"Khương Thượng, Đống Đa","21.0025953992678, 105.828581178715"
41788447,07/03/2025,"Tập thể Vĩnh Hồ - Thái Thịnh - Đống Đa, Hà Nội. Lô góc 3 thoáng 3 ngủ chỉ 3,6 tỷ có TL","3,6 tỷ",85 m²,"42,35 tr/m²",3,2,"Láng Hạ, Đống Đa","21.0120994459886, 105.816659213922"
35386897,07/03/2025,"Cần bán gấp 3PN2VS, 118m2, Vinhomes Nguyễn Chí Thanh, view hồ Ngọc Khánh",Giá thỏa thuận,118 m²,N/A,3,2,"Láng Hạ, Đống Đa","21.0229530334473, 105.809814453125"
42230199,07/03/2025,Tập thể Trung Liệt - Tầng 3 - nhà đẹp full nội thất - 3PN - 3WC - ô tô đỗ,"4,75 tỷ",39 m²,"121,8 tr/m²",3,3,"Trung Liệt, Đống Đa","21.0110547900189, 105.822035623855"
42048275,07/03/2025,Hiếm! Chỉ 2.55 tỷ. Căn hộ tập thể Phương Mai - 50m2 - 2PN thoáng sáng - ô tô đỗ chân cầu thang,"2,55 tỷ",50 m²,51 tr/m²,2,1,"Phương Mai, Đống Đa","21.0012615613223, 105.839347067833"
42360663,07/03/2025,"Bán căn hộ tập thể Nam Đồng, Hồ Đắc Di, Đống Đa, 60m2 sử dụng, 2PN, ở ngay, 2.88 tỷ, sổ đỏ CC","2,88 tỷ",60 m²,48 tr/m²,2,1,"Khâm Thiên, Đống Đa","21.0194968711706, 105.838821980003"
39941532,07/03/2025,"Bán nhà tập thể mặt phố Phương Mai 28/60m2 2 phòng ngủ đẹp 2,65 tỷ","2,65 tỷ",28 m²,"94,64 tr/m²",2,N/A,"Phương Mai, Đống Đa","21.0012748, 105.8393044"
41996883,07/03/2025,"Bán tập thể Kim Liên 24/60m 2,67 tỷ 2PN riêng biệt đẹp tiện ích ngõ thông tứ tung ở luôn","2,67 tỷ",24 m²,"111,25 tr/m²",2,1,"Kim Liên, Đống Đa","21.0066786845446, 105.83547300852"
41686377,07/03/2025,"Bán tập thể Kim Liên 24/50m2, giá 2,5 tỷ ngõ rộng gần phố, trường, chợ, ở hoặc đầu tư","2,5 tỷ",24 m²,"104,17 tr/m²",1,1,"Kim Liên, Đống Đa","21.0050505376489, 105.835328905202"
42303555,07/03/2025,"Chính chủ bán nhà chung cư M3 - M4 Nguyễn Chí Thanh, tầng 6 đẹp, diện tích 165m2, giá 13 tỷ",13 tỷ,165 m²,"78,79 tr/m²",3,2,"Láng Hạ, Đống Đa","21.020477320114185, 105.80873577646726"
42298817,07/03/2025,"Bán nhà tập thể nhà A2 T2, tập thể cty tư vấn xây dựng Thủy Lợi 1, 45 Chùa Bộc, DTSD 90m2, 4.4 tỷ","4,4 tỷ",90 m²,"48,89 tr/m²",3,3,"Trung Liệt, Đống Đa","21.0077287338798, 105.827709963249"
27424809,07/03/2025,"Bán CHCC 27 Huỳnh Thúc Kháng, 123m2, 3 phòng ngủ, sổ đỏ lâu dài CC, có gia lộc, ở ngay, vị trí TT","8,5 tỷ",123 m²,"69,11 tr/m²",3,N/A,"Láng Hạ, Đống Đa","21.0181846618652, 105.811264038086"
42341301,07/03/2025,"Bán căn hộ tập thể Phương Mai, Đống Đa ô tô đỗ chân cầu thang, 60m 2 ngủ, sổ riêng giá 2,75 tỷ","2,75 tỷ",60 m²,"45,83 tr/m²",2,1,"Kim Liên, Đống Đa","21.0056470401868, 105.835747609764"
42343657,07/03/2025,"Bán nhà TT Phương Mai, Đống Đa, căn hộ T3 nhà đẹp, thoáng sáng, 2 ngủ giá 2,5 tỷ sổ riêng","2,5 tỷ",50 m²,50 tr/m²,2,1,"Phương Mai, Đống Đa","21.0029888660234, 105.838753661416"
42343718,07/03/2025,"Tôi bán nhà tập thể Phương Mai, Đống Đa ngay bệnh viện Bạch Mai, sổ đỏ riêng 50m 2 ngủ giá 2,55 tỷ","2,55 tỷ",50 m²,51 tr/m²,2,1,"Phương Mai, Đống Đa","21.0012134158816, 105.839379189345"
42091988,07/03/2025,Cần bán gấp! Chỉ 2.3 tỷ. Căn hộ tập thể Phố Thái Thịnh - 2PN - 1WC thoáng sáng - DT 54m2 - nhà đẹp,"2,3 tỷ",54 m²,"42,59 tr/m²",2,1,"Thịnh Quang, Đống Đa","21.0106365369269, 105.818405378079"
42360071,07/03/2025,"Cam kết giá thật - căn 2PN tại The Gloria, nhận nhà ở ngay, đã có sổ. Giá chỉ 7,8 tỷ","7,8 tỷ",57 m²,"136,84 tr/m²",2,2,"Láng Hạ, Đống Đa","21.015102128149994, 105.80886467865014"
41427184,07/03/2025,"Bán CCMN mới đường Thái Hà - Thái Thịnh. Căn 35m2, 1PN, mặt ngõ, ban công thoáng. Giá 1,4 tỷ","1,4 tỷ",35 m²,40 tr/m²,1,1,"Thịnh Quang, Đống Đa","21.0071669433208, 105.820998453203"
41739993,07/03/2025,"Hiếm! CCMN mới ngõ 1194 Đường Láng, full nội thất, nhận nhà ở ngay. DT 52m2, giá nhỉnh 1tỷ9","1,95 tỷ",52 m²,"37,5 tr/m²",2,1,"Láng Thượng, Đống Đa","21.0216533065223, 105.801001940633"
41776032,07/03/2025,"Bán CCMN phố Chùa Láng - Nguyễn Chí Thanh, full nội thất (như ảnh). DT 52m2, 2PN. Giá 1,98 tỷ","1,98 tỷ",55 m²,36 tr/m²,2,1,"Láng Thượng, Đống Đa","21.0230915405287, 105.805937611858"
40784874,07/03/2025,"Cần bán gấp căn hộ CCMN 2PN mới phố Nguyễn Trãi - Tây Sơn, full nội thất, DT 52m2, giá 1tỷ980","1,98 tỷ",52 m²,"38,08 tr/m²",2,1,"Thịnh Quang, Đống Đa","21.0046066276897, 105.821836980007"
39622552,07/03/2025,"Bán chung cư Mipec 229 Tây Sơn, 120m2, 2PN, 2WC. LH 0984 272 ***",Giá thỏa thuận,120 m²,N/A,2,2,"Trung Liệt, Đống Đa","21.006322860717773, 105.82319641113281"
42358701,07/03/2025,"Dòng tiền thu nhập ổn định 300tr/năm, căn 2PN2WC chỉ từ 5,5 tỷ, HTLS 50%, tăng giá 15 - 20%/ năm","5,6 tỷ",70 m²,80 tr/m²,2,2,"Thịnh Quang, Đống Đa","21.004713658247567, 105.81929424872831"
42359219,07/03/2025,"Bán gấp TT Đặng Tiến Đống - Thái Hà - TT Đống Đa - 50m x 2PN/WC, bếp, khách, giá 3,1 tỷ","3,1 tỷ",50 m²,62 tr/m²,2,1,"Quang Trung, Đống Đa","21.0124465413058, 105.823674632686"
42358728,07/03/2025,"Bán căn hộ chung cư tại - 71 Nguyễn Chí Thanh 110m2 có 3PN - 2WC nhà đẹp full nội thất, giá 7.5 tỷ","7,5 tỷ",110 m²,"68,18 tr/m²",3,2,"Láng Hạ, Đống Đa","21.015420287943623, 105.81261014686022"
42096417,07/03/2025,Chỉ 2.45 tỷ. Bán căn hộ 2PN 1WC sát hồ Linh Quang - Đống Đa. DT 55m2. 2 mặt thoáng,"2,45 tỷ",55 m²,"44,54 tr/m²",2,1,"Văn Chương, Đống Đa","21.0260863288125, 105.839906565899"
42138541,07/03/2025,"Giá rẻ nhất hiện nay, bán gấp căn hộ chung cư M5 Nguyễn chí Thanh, 3 phòng ngủ, full nội thất","9,3 tỷ",149 m²,"62,42 tr/m²",3,2,"Láng Hạ, Đống Đa","21.0209899860415, 105.80981166563215"
37172840,07/03/2025,Chính chủ tôi cần bán căn Penthouse tại dự án Lancaster đường Láng 500m2,Giá thỏa thuận,500 m²,N/A,N/A,N/A,"Láng Thượng, Đống Đa","21.0235824584961, 105.805229187012"
40587487,07/03/2025,Sang trọng - Tiện nghi! Căn hộ 45m2 studio hiện đại tầng cao tại Lancaster Láng cần bán giá tốt,5 tỷ,45 m²,"111,11 tr/m²",1,1,"Láng Thượng, Đống Đa","21.0235824584961, 105.805229187012"
42358708,07/03/2025,Bán căn hộ chung cư Phố Hà Nam 40m2 2PN 1WC giá 1.85 tỷ liên hệ 0984 847 ***,"1,85 tỷ",40 m²,"46,25 tr/m²",2,1,"Ô Chợ Dừa, Đống Đa","21.0256666149746, 105.827145356096"
42099558,07/03/2025,"Chính chủ gửi bán căn hộ 104.43m2, 3 phòng ngủ tòa Hacisco đường Nguyễn Chí Thanh giá hơn 6 tỷ","6,8 tỷ","104,43 m²","65,11 tr/m²",3,2,"Láng Hạ, Đống Đa","21.0201398925231, 105.808601450771"
41342574,07/03/2025,"Chính chủ cần bán căn góc 3N DT 137m2 tại Hateco Laroma - Láng Thượng, sẵn sổ. Giá 14 tỷ",14 tỷ,137 m²,"102,19 tr/m²",3,2,"Láng Thượng, Đống Đa","21.020416259765625, 105.80724334716797"
42357111,07/03/2025,"Em bán căn nhà tập phố Tôn Thất Tùng, full nội thất xịn sò","4,95 tỷ",90 m²,55 tr/m²,N/A,N/A,"Khương Thượng, Đống Đa","21.0020144416394, 105.829920970052"
42357838,07/03/2025,"Bán CCMN 2PN 46m2 giá 1tỷ470 cực đẹp 426 Thịnh Quang, Ngã Tư Sở","1,47 tỷ",46 m²,"31,96 tr/m²",2,1,"Thịnh Quang, Đống Đa","21.0041002725898, 105.821531222959"
42358321,07/03/2025,"Bán tập thể Khương Thượng, Trung Tự, Đống Đa, 72m2 (sổ 38m2), 2 ngủ, 3.2 tỷ","3,2 tỷ",72 m²,"44,44 tr/m²",2,N/A,"Phương Liên - Trung Tự, Đống Đa","21.0041487639002, 105.824943777153"
42358178,07/03/2025,"Bán tập thể Trung Tự, Đống Đa, T3, 3 ngủ, 3.5 tỷ","3,5 tỷ",65 m²,"53,85 tr/m²",3,N/A,"Phương Liên - Trung Tự, Đống Đa","21.0043264583173, 105.831080094443"
42358089,07/03/2025,An sinh rất tốt! Tập thể phố Đặng Tiến Đông - 3.15 tỷ - 52m2 - phòng nào cũng thoáng sáng,"3,15 tỷ",52 m²,"60,58 tr/m²",1,1,"Trung Liệt, Đống Đa","21.0143931659545, 105.822034958954"
42249165,07/03/2025,"Bán căn hộ 3PN + 2WC tại chung cư M3 - M4 Nguyễn Chí Thanh, hơn 7 tỷ, 110m2, chính chủ HOT",Giá thỏa thuận,110 m²,N/A,3,2,"Láng Hạ, Đống Đa","21.020392251184, 105.809177392279"
42327076,07/03/2025,Chuyển nhượng lại căn hộ 3 ngủ 145m ở tháp B chung cư Sky City 88 Láng Hạ giá chỉ hơn 80tr/m2,Giá thỏa thuận,145 m²,N/A,3,2,"Láng Hạ, Đống Đa","21.0123896966178, 105.81218592395884"
42021717,07/03/2025,"Bán quỹ suất ngoại căn VIPP đẹp, cao thoáng - căn 3 ngủ dự án Hateco Laroma, LH: 0931 318 ***",Giá thỏa thuận,115 m²,N/A,3,2,"Láng Thượng, Đống Đa","21.020478655837678, 105.80725453706403"
42198369,07/03/2025,"HOT: Bán căn hộ studio Lancaster - 45m2, full đẹp, giá 5tỷ. LH: 0899.,511,.866",5 tỷ,45 m²,"111,11 tr/m²",1,1,"Láng Thượng, Đống Đa","21.023524152677695, 105.80550074567373"
41380920,07/03/2025,Chính chủ bán căn penthouse đẹp Đông tứ mệnh giá 3X tỷ. LH: 0987 975 ***,Giá thỏa thuận,434 m²,N/A,N/A,N/A,"Láng Thượng, Đống Đa","21.020416259765625, 105.80724334716797"
40477567,07/03/2025,PKD bán quỹ chuyển nhượng từ 3 phòng ngủ sẵn sổ đỏ tại Green Diamond 93 Láng Hạ - 0931 318 ***,Giá thỏa thuận,137 m²,N/A,3,2,"Láng Hạ, Đống Đa","21.0168266296387, 105.815223693848"
39486181,07/03/2025,Sẵn quỹ căn VIP đẹp & chuyển nhượng giá tốt - Hateco Laroma 4A Huỳnh Thúc Kháng - 0931 318 ***,Giá thỏa thuận,102 m²,N/A,3,2,"Láng Thượng, Đống Đa","21.0204162597656, 105.807243347168"
41975754,07/03/2025,"Bán căn hộ 2PN cao cấp Green Diamond 93 Láng Hạ, giá siêu hời 9,6 tỷ, 91m2 căn sổ đỏ LH: 0971 864 ***","9,6 tỷ",91 m²,"105,5 tr/m²",2,2,"Láng Hạ, Đống Đa","21.0168296106163, 105.81528039776207"
35329362,07/03/2025,"Bán gấp để dồn tiền mua nhà to hơn chung cư Hateco Laroma DT 80m2, 2PN tầng trung giá cực rẻ.",Giá thỏa thuận,103 m²,N/A,3,2,"Láng Thượng, Đống Đa","21.020416259765625, 105.80724334716797"
42357257,07/03/2025,"Cần bán CH Hong Kong Tower, căn góc 127m2, BC Đông Nam, nội thất đẹp, phong thủy vượng khí",11 tỷ,127 m²,"86,61 tr/m²",3,2,"Láng Thượng, Đống Đa","21.026947420156137, 105.80355022451147"
17714910,07/03/2025,"Cần bán! Chung cư mini Hào Nam, Quận Đống Đa giá từ 700 triệu/căn, full đồ, vào ở luôn",Giá thỏa thuận,33 m²,N/A,1,1,"Cát Linh, Đống Đa","21.028820658364, 105.830626706337"
42337106,07/03/2025,Chính chủ cần bán TT Nguyễn Chí Thanh - 70m2 - 2 mặt thoáng - hành lang rộng - sổ đỏ đẹp,"4,2 tỷ",70 m²,60 tr/m²,2,1,"Láng Thượng, Đống Đa","21.0211823750747, 105.808453290226"
42354225,07/03/2025,"Bán căn tập thể DT 60m2, 2PN, 1WC tại phường Nam Đồng, Đống Đa, HN, giá 2,55 tỷ","2,55 tỷ",60 m²,"42,5 tr/m²",2,1,"Nam Đồng, Đống Đa","21.0150940142053, 105.829390193684"
42354007,07/03/2025,Bán căn góc chung cư 71 Nguyễn Chí Thanh 2PN,"5,95 tỷ",75 m²,"79,33 tr/m²",2,1,"Láng Hạ, Đống Đa","21.01542223609167, 105.8126595303555"
42356115,07/03/2025,"Bán nhà tập thể Thái Hà, Trung Liệt, 55m, nhà đẹp, ở ngay, ô tô vào sân nhà, cho thuê 8tr","3,05 tỷ",55 m²,"55,46 tr/m²",2,N/A,"Láng Hạ, Đống Đa","21.0149111056232, 105.817654850199"
42354759,07/03/2025,Sổ đỏ chính chủ - về ở ngay - bán gấp nhà TT Ban Cơ Yếu Chính Phủ - TT Đống Đa - chỉ 2.95 tỷ,"2,95 tỷ",55 m²,"53,64 tr/m²",2,1,"Láng Hạ, Đống Đa","21.0160117185785, 105.809910326459"
42123038,07/03/2025,Bán tập thể Bưu Điện Thổ Quan - Chỉ 2.69 tỷ - Nhà cực đep - Full nội thất - 2PN - 1WC khép kín,"2,69 tỷ",50 m²,"53,8 tr/m²",2,1,"Khâm Thiên, Đống Đa","21.01898709847, 105.839010731583"
