Id,Date Posted,Product Title,Price,Area,Price per m²,Bedrooms,Toilets,Location,Coordinates
42337182,05/03/2025,Tôi cần chuyển nhượng căn 3PN giá giá tốt nhất thị trường view công viên,"6,72 tỷ",80 m²,84 tr/m²,3,2,·,"21.00338331005746, 105.80239851856278"
42143864,04/03/2025,Chính thức: Mở bán quỹ căn 33 Lê Văn Lương - Handico Complex| Tầng đẹp - Giá tốt nhất,6 tỷ,70 m²,"85,71 tr/m²",2,2,·,"21.0034129714648, 105.801576323038"
42272069,26/02/2025,HANDICO 33 LÊ VĂN LƯƠNG  QUỸ CĂN ĐỘC QUYỀN 36 CĂN  CƠ HỘI ĐẦU TƯ VÀ AN CƯ HOÀN HẢO,"6,02 tỷ",70 m²,86 tr/m²,2,2,·,"21.003248045257493, 105.80197163710375"
42353994,06/03/2025,Bán CCMN Kim Giang - Thang Xuân. Xây Mới 6T Thang Máy - Ngõ Ô Tô - 2 MT-3 Bước Ra Phố-Full Nội Thất,"15,5 tỷ",50 m²,310 tr/m²,9,10,"Phương Liệt, Thanh Xuân","20.9834224264887, 105.815116746636"
42353469,06/03/2025,Quỹ căn cần bán gấp 03/2025 tại Royal City. Cam kết có slot oto. Full tiện ích 5sao. LH 0375 122 ***,"10,2 tỷ",130 m²,"78,46 tr/m²",3,2,"Thượng Đình, Thanh Xuân","21.00264838570286, 105.81559045343649"
42343462,06/03/2025,"Quỹ căn ngoại giao (118m2, duplex 145m2) giá tốt nhất siêu hời, quỹ ẩn trực tiếp CĐT, LH 0966 088 ***","9,68 tỷ",118 m²,82 tr/m²,4,4,"Thanh Xuân Trung, Thanh Xuân","20.999149478828, 105.802589487131"
42346535,06/03/2025,"Bán căn góc siêu hiếm chỉ 8xtr/m2 tại Viha Nguyễn Tuân, chiết khấu ngay 6%, HTLS 0% đến 31/12/2025",Giá thỏa thuận,118 m²,N/A,4,3,"Thanh Xuân Trung, Thanh Xuân","20.99681527818862, 105.80357393352186"
41969696,05/03/2025,"Căn hộ Handico Complex và giá bán DT 70m2, 74m2, 83m2. Chính sách mới áp dụng ngay","6,97 tỷ",83 m²,84 tr/m²,2,3,"Nhân Chính, Thanh Xuân","21.0032857836416, 105.80297882625"
42138924,05/03/2025,"Bán xuất mua ngoại giao căn hộ tại 33 Lê Văn Lương Handico Complex, 85 triệu/m, 2PN, 3PN,0817 936 ***","6,8 tỷ",80 m²,85 tr/m²,2,2,"Nhân Chính, Thanh Xuân","21.0033833313517, 105.801993859643"
39414883,04/03/2025,"Tổng hợp quỹ căn hộ 2PN + 3PN diện tích 72m2, 93m2, 104m2 CC Rivera Park - Em Quyết BĐS giá thật","6,1 tỷ",72 m²,"84,72 tr/m²",2,2,"Thanh Xuân Trung, Thanh Xuân","20.9991188049316, 105.808441162109"
41606535,03/03/2025,Chính thức bàn giao sổ hồng cho cư dân em sẵn quỹ căn 3 - 4 phòng ngủ chủ nhà gửi bản sẵn sổ giá rẻ,14 tỷ,161 m²,"86,96 tr/m²",4,3,"Nhân Chính, Thanh Xuân","21.0050184808367, 105.805223224806"
42127647,03/03/2025,Quỹ căn hộ trực tiếp CĐT và chính chủ giá sát tốt nhất dự án BRG Diamond Residence Lê Văn Lương,Giá thỏa thuận,161 m²,N/A,4,3,"Nhân Chính, Thanh Xuân","21.00507508766829, 105.80488660652036"
42032007,28/02/2025,"Tổng hợp quỹ căn hộ 1PN, 2PN, 3PN, 4PN, duplex, đập thông đang bán tại Royal City, LH: 0365 691 ***",Giá thỏa thuận,131 m²,N/A,N/A,N/A,"Thượng Đình, Thanh Xuân","21.002278429230017, 105.81525568516578"
42141094,28/02/2025,"Cập nhật quỹ căn 2 - 3PN giá tốt nhất tại 33 Lê Văn Lương, xem nhà LH 0328 905 *** (Ms Trà Mi)",6 tỷ,70 m²,"85,71 tr/m²",2,2,"Nhân Chính, Thanh Xuân","21.002489031851, 105.802464307376"
41933841,25/02/2025,"(Hiếm) nhượng lại suất ngoại giao tại Handico Complex, 74,5m2, 2PN, 2VS ký HĐ trực tiếp HĐ 4,8 tỷ","4,8 tỷ","74,5 m²","64,43 tr/m²",2,2,"Nhân Chính, Thanh Xuân","21.0033561555523, 105.802377751391"
41132630,06/03/2025,"6/03 Imperia Garden 2 PN 66m2 - 5,5 tỷ, 75m2 - 5,8 tỷ - 3PN, 97m2 giá 7,5 tỷ, 120m2 9.5 tỷ","7,5 tỷ",97 m²,"77,32 tr/m²",3,2,"Thanh Xuân Trung, Thanh Xuân","20.9972763061523, 105.80298614502"
41132590,06/03/2025,"6/03 The Golden Palm 21 Lê Văn Lương 66m2 5.5 tỷ - 105m2 7,5 tỷ - 117m2 8,5tỷ - 130m2 9 tỷ","7,5 tỷ",105 m²,"71,43 tr/m²",3,2,"Nhân Chính, Thanh Xuân","21.006311, 105.80748"
39314876,06/03/2025,"Quỹ căn giá tốt 05/03 The Legend 64m2 5,5 tỷ - 73m2 6,4 tỷ - 85m2 giá 6,4 106m2 giá 8,5 tỷ","8,5 tỷ",106 m²,"80,19 tr/m²",3,2,"Thanh Xuân Trung, Thanh Xuân","21.0046138763428, 105.804077148438"
42337361,06/03/2025,Quỹ căn giá ngoại giao tốt nhất tại Viha Complex 107 Nguyễn Tuân Thanh Xuân,Giá thỏa thuận,118 m²,N/A,3,2,"Thanh Xuân Trung, Thanh Xuân","20.9972094457251, 105.80391334402"
42269343,06/03/2025,"Cập nhật quỹ 10 căn 3PN, 4 PN đẹp tháng 3/2025 tại Diamond Resident Lê Văn Lương",14 tỷ,144 m²,"97,22 tr/m²",3,3,"Nhân Chính, Thanh Xuân","21.0057294226402, 105.805287519104"
42269356,06/03/2025,"Quỹ căn hộ 25 Lê Văn Lương Diamond Resident T2/2025:  62, 105,107, 120, 144, 146, 151, 161, 202m2","19,2 tỷ",202 m²,"95,05 tr/m²",4,4,"Nhân Chính, Thanh Xuân","21.005405723748, 105.805049647259"
42349160,06/03/2025,Bán căn góc Vip 3pn trung tâm Thanh Xuân 118m2 tts 10.5 tỷ nội thất cơ bản gần CV bể bơi 0966 849 ***,"10,5 tỷ",118 m²,"88,98 tr/m²",3,N/A,"Thanh Xuân Trung, Thanh Xuân","20.99754033805944, 105.80292897651705"
31032113,06/03/2025,"Bán căn hộ 2PN, 3PN trung tâm quận Thanh Xuân sổ đỏ trao tay. LH xem nhà: 0899 822 ***",Giá thỏa thuận,127 m²,N/A,2,2,"Thanh Xuân Trung, Thanh Xuân","20.9974040985107, 105.804061889648"
42347032,06/03/2025,"Tổng Hợp Căn Cần BÁN tại Hapulico Complex 2PN-3PN,DT 88m2-102m2-108m2-118m2-140m2 MỚI NHẤT-GIÁ TỐT",7 tỷ,102 m²,"68,63 tr/m²",3,2,"Thanh Xuân Trung, Thanh Xuân","21.0007905829405, 105.807296522647"
41710435,06/03/2025,"Bán căn hộ Nguyễn Trãi, gần TTTM Royal, 1PN, 2PN (34m2, 50m2), full đồ","1,28 tỷ",34 m²,"37,65 tr/m²",1,N/A,"Khương Đình, Thanh Xuân","20.9878014817163, 105.800908229536"
42087124,05/03/2025,"PKD CĐT bán căn hộ The Diamond Residence, giá thỏa thuận, 144m2, view đẹp, chính chủ",14 tỷ,144 m²,"97,22 tr/m²",3,3,"Nhân Chính, Thanh Xuân","21.005367947368274, 105.80534474240412"
42341623,05/03/2025,Chuyên căn hộ 25 Lê Văn Lương 62-105-107-120-144-146-151-161-202m2. Liên hệ Ms. Thảo: 0962 317 ***,15 tỷ,144 m²,"104,17 tr/m²",4,3,"Nhân Chính, Thanh Xuân","21.0052261352539, 105.805061340332"
42341119,05/03/2025,Chuyên căn hộ Viha 107 Nguyễn Tuân liên hệ Ms. Thảo: 0962 317 ***,10 tỷ,118 m²,"84,75 tr/m²",4,3,"Thanh Xuân Trung, Thanh Xuân","20.997587, 105.80383"
42339487,05/03/2025,"Cần bán căn góc 3PN tòa Thanh Xuân Complex. Tầng đẹp view biệt thự thoáng giá 10,8 tỷ 0967 175 ***","10,8 tỷ","122,6 m²","88,09 tr/m²",3,2,"Thanh Xuân Trung, Thanh Xuân","20.9990401929515, 105.804344591434"
42339333,05/03/2025,"Thiện chí - giá thật gia đình cần bán căn 2 ngủ giá 6 tỷ, căn 3 ngủ giá 8,x tỷ trong tháng này",6 tỷ,72 m²,"83,33 tr/m²",2,2,"Thanh Xuân Trung, Thanh Xuân","20.99865116142359, 105.80799509619837"
42338124,05/03/2025,Trực tiếp CĐT bán căn hộ 118m2 góc đẹp nhất dự án giá ~ 90tr/m2 LH 0965 826 ***,"10,62 tỷ",118 m²,90 tr/m²,3,3,"Thanh Xuân Trung, Thanh Xuân","20.997551783029895, 105.80294376968463"
42333768,04/03/2025,(The Legend -109 NT) cập nhập quỹ căn 2pn và 3pn gửi bán giá tốt em đã lọc trước căn cho khách hàng,"8,7 tỷ",106 m²,"82,08 tr/m²",2,2,"Nhân Chính, Thanh Xuân","21.0045058216802, 105.803678469124"
42326542,04/03/2025,"Chính chủ bán gấp chung cư Star Tower 283 Khương Trung, 5,2 tỷ, 90m2","5,2 tỷ",90 m²,"57,78 tr/m²",3,2,"Khương Trung, Thanh Xuân","20.996811166833204, 105.8179566971723"
42331361,04/03/2025,"Bán căn hộ CC The legend 64m2 giá 5.5 tỷ - 73m, giá 6.2 tỷ - 86m, 3PN, Giá 7.8 tỷ - 105m giá 8.5 tỷ","5,5 tỷ",64 m²,"85,94 tr/m²",2,2,"Nhân Chính, Thanh Xuân","21.0045994491785, 105.803557959238"
42331307,04/03/2025,"Duy nhất - Bán căn hộ trục đẹp nhất, diện tích lớn nhất, có ban công tại King Palace, 3N2WC 125m2",10 tỷ,125 m²,80 tr/m²,3,2,"Thượng Đình, Thanh Xuân","20.9997210450342, 105.815992029361"
40874699,04/03/2025,"Quỹ căn tháng 03/2025 The Legend giá tốt, diện tích: 64m2-5.5tỷ, 73m2-6tỷ2, 86m2-7.5tỷ, 105m2-8.8tỷ","8,8 tỷ",105 m²,"83,81 tr/m²",3,2,"Nhân Chính, Thanh Xuân","21.0046138763428, 105.804077148438"
42328844,04/03/2025,"Bán nhanh nhà tập thể Thanh Xuân Bắc DT sử dụng 65m2, 2PN, 2VS, full nội thất mới, ở luôn, dv nhiều","3,08 tỷ",65 m²,"47,38 tr/m²",2,2,"Thanh Xuân Bắc, Thanh Xuân","20.9935852918776, 105.797987545557"
41738689,04/03/2025,Hàng hiếm! Quỹ căn ngoại giao độc nhất tại dự án Viha Complex 107 Nguyễn Tuân giá rẻ. LH 0988 160 ***,"6,48 tỷ",72 m²,90 tr/m²,2,2,"Thanh Xuân Trung, Thanh Xuân","20.997587, 105.80383"
42235483,04/03/2025,"Chính chủ bán căn hộ chung cư N3B khu Trung Hòa Nhân Chính, Thanh Xuân, Hà Nội. DT: 50m2, 2pn","3,1 tỷ",50 m²,62 tr/m²,2,1,"Nhân Chính, Thanh Xuân","21.0043104626625, 105.803273127331"
42327629,04/03/2025,Mở bán quỹ căn ngoại giao chung cư cao cấp Handico Complex 33 Lê Văn Lương,6 tỷ,70 m²,"85,71 tr/m²",2,2,"Nhân Chính, Thanh Xuân","21.003331775294, 105.802465472045"
42325358,04/03/2025,"Chính chủ bán gấp căn hộ Quận Thanh Xuân Goldseason DT 90 m2 3pn 2vệ sinh giá 7,4 tỷ","7,4 tỷ",90 m²,"82,22 tr/m²",3,2,"Thanh Xuân Trung, Thanh Xuân","20.994543258799474, 105.80551717295948"
42324948,04/03/2025,"Bán căn hộ full nội thất giá cực chất tại Rivera Park thanh xuân Hà Nội, 6,6 tỷ, 72m2 2pn 2vs","6,6 tỷ",72 m²,"91,67 tr/m²",2,2,"Thanh Xuân Trung, Thanh Xuân","20.998975397281935, 105.80849751664853"
42324824,04/03/2025,Bán quỹ căn hộ Imperia Garden nhà DT 66m2 - 75m2 - 80m2 (2n) 79m2 - 97m2 - 110m2 (3n) - 0988 246 ***,"8,5 tỷ",90 m²,"94,44 tr/m²",3,N/A,"Thanh Xuân Trung, Thanh Xuân","20.997606422753336, 105.8032636907833"
39264338,03/03/2025,"BQL tổng hợp quỹ căn mới nhất: 2PN và 3PN giá tốt, căn hộ đã sẵn sổ để giao dịch. LH: 0961 846 ***",5 tỷ,66 m²,"75,76 tr/m²",2,2,"Nhân Chính, Thanh Xuân","21.006311, 105.80748"
42321097,03/03/2025,"Căn Penhouse phong cách đương đại, sang trọng, hứa hẹn là một không gian sống ấn tượng. Xem thêm",26 tỷ,269 m²,"96,65 tr/m²",4,3,"Thanh Xuân Trung, Thanh Xuân","20.994141401725543, 105.80742237556328"
41718578,03/03/2025,"Quỹ căn Golden Palm 2PN,3PN tháng 12 giá tốt nhất dự án, 66m2-5.5tỷ, 81m2, 83m2,105m2, 118m2, 125m2",8 tỷ,104 m²,"76,92 tr/m²",3,2,"Nhân Chính, Thanh Xuân","21.006311, 105.80748"
42221724,03/03/2025,Quỹ căn giá tốt 2 - 3 PN toà The Legend Nguyễn Tuân. Đơn giá chỉ 85 triệu/m2. LH 0978 965 *** Thành,8 tỷ,90 m²,"88,89 tr/m²",3,2,"Nhân Chính, Thanh Xuân","21.00409964595712, 105.80376613590138"
42317990,03/03/2025,"Chính chủ cần bán căn hộ R5 Royal City tại dự án Royal City, Hà Nội.","9,5 tỷ",105 m²,"90,48 tr/m²",3,N/A,"Thượng Đình, Thanh Xuân","21.0026664733887, 105.8154296875"
42022832,03/03/2025,"0986 231 ***! Quỹ căn ngoại giao ký trực tiếp CĐT.TẦNG 16 VÀ 20,GIÁ:73tr/m2","5,14 tỷ","70,4 m²",73 tr/m²,N/A,N/A,"Nhân Chính, Thanh Xuân","21.0028824033272, 105.802216375911"
42316988,03/03/2025,"Bán CC đẹp xuất sắc tại The Legend Tower 109 Nguyễn Tuân, 6,6 tỷ, 73m2 2ngủ 2 vệ sinh lh 0369 736 ***","6,6 tỷ",73 m²,"90,41 tr/m²",2,2,"Nhân Chính, Thanh Xuân","21.005289591521876, 105.80349089553557"
42238762,03/03/2025,"Tôi chính chủ bán căn 08 ĐN 2, ban công ĐN, 3PN 2WC tại Hà Nội Center Point, 7,6 tỷ, 80m2, view đẹp","7,6 tỷ",80 m²,95 tr/m²,3,2,"Nhân Chính, Thanh Xuân","21.0043801964191, 105.804357235152"
38879162,02/03/2025,"BQL tổng hợp quỹ căn mới nhất: 2PN và 3PN giá tốt, căn hộ đã sẵn sổ để giao dịch. LH: 0961 846 ***","8,8 tỷ",101 m²,"87,13 tr/m²",N/A,N/A,"Thanh Xuân Trung, Thanh Xuân","20.9972763061523, 105.80298614502"
42312508,02/03/2025,"Tôi cần bán gấp căn 78m2 tầng trung tòa Cenco1 số 1 Hoàng Đạo Thúy giá 5,2 tỷ full nội thất mới đẹp","5,2 tỷ",78 m²,"66,67 tr/m²",2,2,"Nhân Chính, Thanh Xuân","21.0043847402331, 105.806337697929"
42308360,01/03/2025,"Chính chủ bán căn 96m2, căn góc P3, tầng 20 thoáng mát, cam kết không ảo, sắp có sổ","6,3 tỷ",96 m²,"65,62 tr/m²",3,2,"Phương Liệt, Thanh Xuân","20.985552833327482, 105.83947816062928"
42307588,01/03/2025,Cần bán căn hộ siêu đẹp tại Royal City 165m2 siêu rộng,15 tỷ,165 m²,"90,91 tr/m²",3,2,"Thượng Đình, Thanh Xuân","21.002439119625777, 105.81587034698306"
42301107,28/02/2025,"Chung cư cao cấp 90m2 Hạ Đình - phân khu riêng biệt yên tĩnh giữa lòng Thanh Xuân chỉ với 4,75 tỷ","4,75 tỷ",90 m²,"52,78 tr/m²",2,2,"Hạ Đình, Thanh Xuân","20.989533487669, 105.8087320657"
42296772,28/02/2025,"Chỉ duy nhất một căn ngoại giao Duplex 4PN - 3WC view đẹp, giá tốt nhất thị trường",Giá thỏa thuận,145 m²,N/A,4,3,"Thanh Xuân Trung, Thanh Xuân","20.9977058871644, 105.803796333313"
42296475,28/02/2025,Cơ hội sở hữu căn hộ 3PN cuối cùng thiết kế đẳng cấp tại Vihacomplex Nguyễn Tuân,"8,8 tỷ",97 m²,"90,67 tr/m²",3,2,"Thanh Xuân Trung, Thanh Xuân","20.9977058871644, 105.803796333313"
42297860,28/02/2025,Siêu hot - bán căn hộ Royal City giá tốt nhất thị trường - đa dạng diện tích - chính chủ,Giá thỏa thuận,105 m²,N/A,2,2,"Thượng Đình, Thanh Xuân","21.0028890360351, 105.815622882207"
42298145,28/02/2025,Bán tập thể tầng 5 - sổ đỏ 36m2 - ngõ 328 Nguyễn Trãi - Thanh Xuân Trung - Thanh Xuân - Hà Nội,"2,98 tỷ",36 m²,"82,78 tr/m²",2,1,"Thanh Xuân Trung, Thanh Xuân","20.9875158363389, 105.800422043736"
42274548,28/02/2025,"Quỹ căn Ngoại Giao dự án Viha Complex - Viha Leciva, cam kết rẻ nhất, cập nhật 24/24: 0977 917 ***","6,42 tỷ","72,11 m²",89 tr/m²,2,N/A,"Thanh Xuân Trung, Thanh Xuân","20.997587, 105.80383"
42295477,28/02/2025,"Gia đình cần bán gấp 2N Imperia ko đâu giá tốt bằng chỉ 6,3 tỷ 75m2. Để lại toàn bộ đồ","6,3 tỷ",75 m²,84 tr/m²,2,2,"Thanh Xuân Trung, Thanh Xuân","20.9972813505859, 105.80319159206"
42291995,28/02/2025,"Bán CC 2PN, 2WC tại Golden West, Lê Văn Thiêm, Nhân Chính, Thanh Xuân, 4,98 tỷ, 82,5m2","4,98 tỷ","82,5 m²","60,36 tr/m²",2,2,"Nhân Chính, Thanh Xuân","20.9936058854151, 105.798059956897"
42291170,28/02/2025,Bán căn hộ chung cư Five Star giá rẻ nhất quận Thanh Xuân,Giá thỏa thuận,84 m²,N/A,2,N/A,"Hạ Đình, Thanh Xuân","20.98631360988657, 105.81284637866415"
42281152,27/02/2025,"Bán căn hộ 2103 tại Tháp 2, toà nhà Times Tower 35 Lê Văn Lương, Thanh Xuân, Hà Nội","9,5 tỷ",128 m²,"74,22 tr/m²",3,2,"Nhân Chính, Thanh Xuân","21.0023124012467, 105.801889786781"
42181089,26/02/2025,Handico Complex 33 Lê Văn Lương - ký hđmb trực tiếp cđt - giá tốt nhất,7 tỷ,85 m²,"82,35 tr/m²",2,2,"Nhân Chính, Thanh Xuân","21.0042127481564, 105.802793613059"
42167258,26/02/2025,Nhận cọc thưởng phạt quỹ căn 2PN - 3PN và suất ngoại giao ký HĐMB trực tiếp dự án Handico Complex,Giá thỏa thuận,70 m²,N/A,2,N/A,"Nhân Chính, Thanh Xuân","21.0038225432011, 105.802021059336"
42265823,25/02/2025,Cập nhật quỹ căn Chuyển Nhượng; Ngoại giao; Quỹ Ẩn tại Viha Complex 107 Nguyễn Tuân giá tốt nhất,"6,89 tỷ",79 m²,"87,22 tr/m²",N/A,N/A,"Thanh Xuân Trung, Thanh Xuân","20.997469385281395, 105.80349436112489"
41874612,25/02/2025,"Bán CH The Legend diện tích 85,5m2 thiết kế 3N - 2W, full nội thất, giá 7,8 tỷ có thương lượng","7,8 tỷ","85,5 m²","91,23 tr/m²",3,2,"Nhân Chính, Thanh Xuân","21.004697255091, 105.804778482882"
42045989,25/02/2025,"Bán tập thể tầng 1 nhà A ngõ 133 Nguyễn Trãi, P Thượng Đình, Quận Thanh Xuân 2.9 tỷ","2,9 tỷ",60 m²,"48,33 tr/m²",2,2,"Thượng Đình, Thanh Xuân","20.9876965960381, 105.800305450052"
42262959,25/02/2025,5 SUẤT NGOẠI GIAO CHỈ 80TR/M2 HANDICO 33 LÊ VĂN LƯƠNG - 0915 122 ***,"5,6 tỷ",70 m²,80 tr/m²,2,2,"Nhân Chính, Thanh Xuân","21.00339704494966, 105.80245024909557"
42258561,24/02/2025,Sở hữu căn hộ cao cấp trung tâm Thanh Xuân chỉ từ 8x triệu/m2,Giá thỏa thuận,94 m²,N/A,3,2,"Nhân Chính, Thanh Xuân","21.002753705095927, 105.80224695432263"
42230508,21/02/2025,"0936 461 *** chính thức độc quyền bán CHCC Handico 33 Lê Văn Lương, Thanh Xuân, HN",Giá thỏa thuận,70 m²,N/A,2,N/A,"Nhân Chính, Thanh Xuân","21.003582715285035, 105.80207830479829"
42068844,20/02/2025,"Bán gấp, chung cư mini A1 phố Thượng Đình - Ngã Tư Sở - Royal City full đồ, nhận nhà ở luôn","1,79 tỷ",55 m²,"32,54 tr/m²",2,2,"Thượng Đình, Thanh Xuân","20.9977192547531, 105.81595969422"
42122872,06/03/2025,"Bán gấp căn hộ 3PN tại Royal City, căn góc, 181m2, 17.5 tỷ, LH: 0365 691 ***","17,5 tỷ",181 m²,"96,68 tr/m²",3,3,"Thượng Đình, Thanh Xuân","21.002733713797, 105.815749909994"
42297864,06/03/2025,"Bán nhanh căn hộ 2PN tại BRG Lê Văn Lương, 62m2, giá: 6.8 tỷ, LH: 0365 691 ***","6,8 tỷ",62 m²,"109,68 tr/m²",2,1,"Nhân Chính, Thanh Xuân","21.004800170695336, 105.80562540749527"
42123018,06/03/2025,"Bán gấp căn hộ tại Royal City, 2PN, 132m2, 11.3 tỷ, Liên hệ: 0365 691 ***","11,3 tỷ",132 m²,"85,61 tr/m²",2,2,"Thượng Đình, Thanh Xuân","21.002512585856316, 105.81536223665695"
42122649,06/03/2025,"Bán nhanh căn hộ tại Royal City, căn góc, 131m2, giá: 13.3 tỷ, LH: 0365 691 ***","13,2 tỷ",131 m²,"100,76 tr/m²",3,2,"Thượng Đình, Thanh Xuân","21.0026046872995, 105.815397810741"
42122942,06/03/2025,"Bán nhanh căn hộ tại Royal City, 2PN, 112m2, 8.9 tỷ, full nội thất, liên hệ: 0365 691 ***","8,9 tỷ",112 m²,"79,46 tr/m²",2,2,"Thượng Đình, Thanh Xuân","21.00221819149424, 105.81598131609806"
37664630,06/03/2025,Chuyển xuống biệt thự nên tôi bán căn Duplex thông tầng diện tích 220m2 toà Star City,"9,75 tỷ",220 m²,"44,32 tr/m²",4,4,"Nhân Chính, Thanh Xuân","21.0061817169189, 105.806427001953"
41077617,06/03/2025,"Giá thật! 3PN 128,3m tầng trung BC Đông Nam, full NT cao cấp chỉ 8,5tỷ xem nhà ưng ngay. 0343 202 ***","8,5 tỷ","128,3 m²","66,25 tr/m²",3,2,"Nhân Chính, Thanh Xuân","21.002634, 105.80156"
41669773,06/03/2025,"Bán căn penhouse duplex, 202m2, toà Star city 23 Lê Văn Lương giá 8,7triệu/m2","8,7 tỷ",202 m²,"43,07 tr/m²",4,3,"Nhân Chính, Thanh Xuân","21.006182, 105.80643"
42267628,06/03/2025,"(Chính chủ) Bán căn góc 3 ngủ 2wc 130m2, bc Đông Nam, nhà đẹp, sổ đỏ cc. Giá 8 tỷ Golden Land",8 tỷ,130 m²,"61,54 tr/m²",3,2,"Thanh Xuân Trung, Thanh Xuân","20.993486404418945, 105.8069076538086"
42277606,06/03/2025,"(Giá chuẩn) Bán căn 2 ngủ 2wc 65m2, ban công Nam, có slot, sẵn sổ đỏ. Giá 4,5 tỷ Riverside Garden","4,5 tỷ",65 m²,"69,23 tr/m²",2,2,"Khương Đình, Thanh Xuân","20.990699768066406, 105.81427764892578"
42299502,06/03/2025,"Bán căn 2 ngủ 2 vệ sinh 75m2, đủ đồ, tầng đẹp, sẵn sổ đỏ. Giá 5,95 tỷ Imperia Garden","5,95 tỷ",75 m²,"79,33 tr/m²",2,2,"Thanh Xuân Trung, Thanh Xuân","20.9978821355896, 105.802637308733"
42286589,06/03/2025,"(Căn góc) chính chủ bán căn 3PN 2WC 130m2, bc Đông Nam, sổ đỏ cc. Giá 9 tỷ Times Tower",9 tỷ,130 m²,"69,23 tr/m²",3,2,"Nhân Chính, Thanh Xuân","21.0028004990216, 105.802415450241"
42277499,06/03/2025,"(Giá chuẩn) Bán căn 2 ngủ 2wc 67m2, đầy đủ nội thất, sẵn sổ đỏ. Giá 4,7 tỷ Five Star","4,7 tỷ",67 m²,"70,15 tr/m²",2,2,"Hạ Đình, Thanh Xuân","20.9860000610352, 105.812187194824"
42286894,06/03/2025,"Bán căn góc 3PN 2WC 110m2, ban công Đông Nam. Đủ nội thất, sẵn sổ đỏ. Giá 8,5 tỷ 47 Nguyễn Tuân","8,5 tỷ",110 m²,"77,27 tr/m²",3,2,"Thanh Xuân Trung, Thanh Xuân","20.9945794840325, 105.80569561187"
42332440,06/03/2025,"(Giá chuẩn) Bán căn góc 3 phòng ngủ 2WC 110m2, nhà mới, nội thất đẹp, sổ đỏ CC. Giá 9 tỷ The Legend",9 tỷ,110 m²,"81,82 tr/m²",3,2,"Nhân Chính, Thanh Xuân","21.004670735386, 105.803941669028"
42184544,06/03/2025,"Chính chủ gửi bán CH The Legend diện tích 105m2 thiết kế 3N - 2W, full nt có slot ô tô, giá 8,8 tỷ","8,8 tỷ",105 m²,"83,81 tr/m²",3,2,"Nhân Chính, Thanh Xuân","21.004945333769967, 105.80398620307876"
42353682,06/03/2025,Cần bán căn hộ 2PN - VNT Fafilm - 19 nguyễn trãi - thanh xuân - LH 0886 896 ***,7 tỷ,97 m²,"72,17 tr/m²",2,2,"Khương Trung, Thanh Xuân","21.00270197821261, 105.82011638242729"
41828273,06/03/2025,"Chính chủ gửi bán GoldSeason, 5,8 tỷ, 90m2, 3PN + 2WC + full nội thất, đẹp, Lh 0352 790 ***","5,8 tỷ",90 m²,"64,44 tr/m²",3,2,"Thanh Xuân Trung, Thanh Xuân","20.9951759045648, 105.80624330321"
42354820,06/03/2025,"(GIÁ THẬT) CHÍNH CHỦ BÁN CĂN HỘ 121m2, 3PN 2VS, Full đồ đẹp, chung cư Imperia Garden. Giá 11.3 tỷ","11,3 tỷ",121 m²,"93,39 tr/m²",3,2,"Thanh Xuân Trung, Thanh Xuân","20.996801998095105, 105.80234535472896"
40424371,06/03/2025,"GoldSeason 2pn, 2wc 68m2. Giá 5,2 tỷ. Tầng cao, view đẹp. Thoáng mát. Lh: 0343 202 ***","5,2 tỷ",68 m²,"76,47 tr/m²",2,2,"Thanh Xuân Trung, Thanh Xuân","20.9947719573975, 105.806129455566"
41995261,06/03/2025,"Bán CH The Legaend 109 Nguỵ Như Kontum, diện tích 106m2, 3N - 2W, full nội thất, giá 8,8 tỷ","8,8 tỷ",106 m²,"83,02 tr/m²",3,2,"Nhân Chính, Thanh Xuân","21.0048137438705, 105.803848160507"
41737354,06/03/2025,"Hiếm! Suất ngoại giao căn 06 trục 3 phòng ngủ 97m2, Đông Nam Viha Nguyễn Tuân. LH 0988 160 ***","8,73 tỷ",97 m²,90 tr/m²,3,3,"Thanh Xuân Trung, Thanh Xuân","20.997587203979492, 105.8038330078125"
41521306,06/03/2025,"Quỹ căn dự án Viha Complex Viha Leciva đặc biệt nhất, Cam kết rẻ nhất, Tầng đẹp. LH 0988 160 ***","6,48 tỷ",72 m²,90 tr/m²,2,2,"Thanh Xuân Trung, Thanh Xuân","20.9981782359452, 105.803425095753"
41564261,06/03/2025,"Quỹ căn ngoại giao Viha Leciva 107 Nguyễn Tuân, giá tốt nhất thị trường - ở và đầu tư sinh lời","8,37 tỷ",93 m²,90 tr/m²,3,3,"Thanh Xuân Trung, Thanh Xuân","20.9980019359533, 105.803473358439"
33240853,06/03/2025,(Mới nhất) mở bán quỹ căn 3PN chung cư Việt Đức Complex - 39 Lê Văn Lương T3/2025,Giá thỏa thuận,126 m²,N/A,3,2,"Nhân Chính, Thanh Xuân","20.9996452331543, 105.799385070801"
42260475,06/03/2025,"Chính chủ bán căn 3 ngủ 95m2 tại Golden Land tòa B, ban công Tây Bắc, full đồ, sổ đỏ","7,4 tỷ",95 m²,"77,9 tr/m²",3,2,"Thanh Xuân Trung, Thanh Xuân","20.9934864044189, 105.806907653809"
42285104,06/03/2025,"Gia đình bán căn 3 ngủ 128m2 tại tháp 2 Times Tower, thiết kế 3 ngủ, full đồ, ban công ĐN, sổ đỏ","8,5 tỷ",128 m²,"66,41 tr/m²",3,2,"Nhân Chính, Thanh Xuân","21.0026340484619, 105.801559448242"
42321950,06/03/2025,"DUY NHẤT CĂN 70,4M2(2PN+2VS) TẠI DỰ ÁN 33 LÊ VĂN LƯƠNG, BAN CÔNG ĐÔNG NAM","6,1 tỷ",70 m²,"87,14 tr/m²",2,2,"Nhân Chính, Thanh Xuân","21.003784663872125, 105.80279476166021"
42347633,06/03/2025,"Giá thật! Chỉ 4,8 tỷ. 2PN, 2WC tầng trung, BC Đông Nam. LH: 0343,202.831","4,8 tỷ",68 m²,"70,59 tr/m²",2,2,"Hạ Đình, Thanh Xuân","20.985939675398818, 105.81222485238098"
42354391,06/03/2025,"Bán CH quận Thanh Xuân, diện tích 97m2, thiết kế 2 ngủ, giá 6,8 tỷ có thương lượng","6,8 tỷ",97 m²,"70,1 tr/m²",2,2,"Khương Trung, Thanh Xuân","21.002565913092734, 105.82072518889544"
42140235,06/03/2025,Cần bán căn 02 góc hoa hậu đẹp nhất chung cư King Palace giá nhỉnh 10 tỷ,10 tỷ,125 m²,80 tr/m²,3,2,"Thượng Đình, Thanh Xuân","21.000640954870118, 105.81633180483217"
42328751,06/03/2025,Bán căn hộ 2PN 62m2 hiếm tại BRG 25 Lê Văn Lương,"6,9 tỷ",62 m²,"111,29 tr/m²",2,2,"Nhân Chính, Thanh Xuân","21.00504573935904, 105.80453517818322"
42354298,06/03/2025,"(Không ảo) Chính chủ gửi bán Handiresco 66m2 2N2VS 5.2 tỷ, LH 0936 218 ***","5,2 tỷ",66 m²,"78,79 tr/m²",2,2,"Nhân Chính, Thanh Xuân","21.0036392211914, 105.802978515625"
42354131,06/03/2025,Bán căn hộ 3 phòng ngủ ban công Đông _ Nam view quảng trường ở Royal City,"9,5 tỷ",110 m²,"86,36 tr/m²",3,2,"Thượng Đình, Thanh Xuân","21.00269556407643, 105.81488431726395"
42190948,06/03/2025,"Tôi chính chủ cần bán căn 120m2, chung cư Fafilm 19 Nguyễn Trãi, giá 7.5 tỷ full nội thất đẹp","7,5 tỷ",120 m²,"62,5 tr/m²",4,2,"Khương Trung, Thanh Xuân","21.002264541524873, 105.82025061377784"
32164198,06/03/2025,"Tôi chính chủ cần bán gấp căn góc 3 phòng ngủ , 81m CC Hà Nội Center Point full nội thất đẹp",Giá thỏa thuận,"80,86 m²",N/A,3,2,"Nhân Chính, Thanh Xuân","21.0048179626465, 105.804672241211"
42253894,06/03/2025,Tập thể Thanh Xuân Bắc cao thoáng 2 mặt ô tô đỗ cửa - sổ riêng,"2,75 tỷ","36,6 m²","75,14 tr/m²",3,N/A,"Thanh Xuân Bắc, Thanh Xuân","20.9933307001484, 105.798028439079"
39383507,06/03/2025,"Chuyên bán dự án Golden Land với quỹ căn hộ 3 phòng ngủ, duplex nhà đẹp giá cực kì ưu đãi","6,5 tỷ",110 m²,"59,09 tr/m²",3,2,"Thanh Xuân Trung, Thanh Xuân","20.9934864044189, 105.806907653809"
42353986,06/03/2025,"Bán căn 73m 2PN2vs tòa The Legend Nguyễn Tuân giá 6,6ty","6,6 tỷ",73 m²,"90,41 tr/m²",2,2,"Nhân Chính, Thanh Xuân","21.00470443036243, 105.80391056691694"
40212279,06/03/2025,Chính chủ bán căn hộ Imperia 3 pn 2 wc căn góc 100 m2 giá chỉ 8 tỷ (giá thật) LH 0977 858 ***,8 tỷ,100 m²,80 tr/m²,3,2,"Thanh Xuân Trung, Thanh Xuân","20.9972763061523, 105.80298614502"
41143902,06/03/2025,"Bán căn hộ Rivera Park 2 - 3 phòng ngủ tặng full nội thất cao cấp giá chỉ từ 6 tỷ , 0977 858 ***",6 tỷ,72 m²,"83,33 tr/m²",2,2,"Thanh Xuân Trung, Thanh Xuân","20.999119, 105.80844"
42351791,06/03/2025,Cần bán gấp căn hộ Golden Land - Nguyễn Trãi - Thanh Xuân DT166m2-3PN-3WC-giá 9tỷ - LH 0394 260 ***,9 tỷ,166 m²,"54,22 tr/m²",3,3,"Thanh Xuân Trung, Thanh Xuân","20.993320515425438, 105.80635242877332"
40263146,06/03/2025,"Bán căn hộ Stellar 3PN ngủ 92m2 (hiếm) giá chỉ 6,2 tỷ giá tốt nhất thị trường, LH: 0977 858 ***","6,2 tỷ",92 m²,"67,39 tr/m²",3,2,"Thanh Xuân Trung, Thanh Xuân","20.9989471435547, 105.804176330566"
42249338,06/03/2025,Cần bán 90.4m2 căn 3PN2WC tòa Goldseason 47 nguyễn Tuân đồ cơ bản giá 7.8 tỷ,"7,8 tỷ","90,4 m²","86,28 tr/m²",3,2,"Thanh Xuân Trung, Thanh Xuân","20.9940861680414, 105.806568159991"
42302211,06/03/2025,"Quỹ căn duy nhất ở Pandora 53 Triều Khúc, Thanh Xuân, Hà Nội","5,7 tỷ",80 m²,"71,25 tr/m²",2,2,"Thanh Xuân Bắc, Thanh Xuân","20.985936257607325, 105.79755684140511"
42264577,06/03/2025,"Quỹ căn duy nhất ở Pandora 53 Triều Khúc, Thanh Xuân, Hà Nội","5,9 tỷ",80 m²,"73,75 tr/m²",2,2,"Thanh Xuân Bắc, Thanh Xuân","20.9856765056714, 105.797863184719"
41811782,06/03/2025,"Bán CC Golden West, 5,1 tỷ, 96m2, 3PN, 2WC, giá cực tốt, có sẵn slot ô tô, LH 0977 858 ***","5,1 tỷ",96 m²,"53,12 tr/m²",3,2,"Nhân Chính, Thanh Xuân","20.9934602289505, 105.798190262903"
42250440,06/03/2025,"Bán căn hộ 3PN view đẹp tại BRG LVL, giá chỉ 9,6 tỷ, 106m2 tặng full nội thất, LH: 0977 858 ***","9,6 tỷ",106 m²,"90,57 tr/m²",3,2,"Nhân Chính, Thanh Xuân","21.0056532005057, 105.80458686464"
41858802,06/03/2025,"Chuyên bán GoldSeason các căn hộ 3 PN giá chỉ từ 7x tr/m2, tặng toàn bộ nội thất, giá thật","7,8 tỷ",100 m²,78 tr/m²,3,2,"Thanh Xuân Trung, Thanh Xuân","20.9952534931683, 105.805472628908"
41811740,06/03/2025,"Bán CC Legend Tower 109 Nguyễn Tuân, 6 tỷ, 73m2, 2PN, 2WC đồ đẹp chỉ với giá 6tỷ, Lh 0977 858 ***",6 tỷ,73 m²,"82,19 tr/m²",2,2,"Nhân Chính, Thanh Xuân","21.0045503056651, 105.804859775561"
41791701,06/03/2025,Chính chủ bán căn hộ tập thể Thanh Xuân Nam căn 75 m2 số đỏ 36 mét,"3,58 tỷ",75 m²,"47,73 tr/m²",3,2,"Thanh Xuân Bắc, Thanh Xuân","20.9875888590011, 105.800841503748"
42332355,06/03/2025,"Cần bán gấp căn hộ tòa R5 Vinhomes Royal City Nguyễn Trãi giá siêu ưu đãi, liên hệ: 0946 559 ***","7,5 tỷ","101,8 m²","73,67 tr/m²",2,2,"Thượng Đình, Thanh Xuân","21.002697065659028, 105.81535091084139"
42325419,06/03/2025,"(Giá thật). Chính chủ thiện chí bán căn hộ 106m2 3PN + 2WC giá 9 tỷ The Legend, LH 0983 979 ***",9 tỷ,106 m²,"84,91 tr/m²",3,2,"Nhân Chính, Thanh Xuân","21.00534133300909, 105.80372474699774"
38049667,06/03/2025,"(Giá thật) chính chủ bán căn 128m2, 3 phòng ngủ + 2 vệ sinh full nội thất giá 9.5 tỷ Times Tower","9,5 tỷ",128 m²,"74,22 tr/m²",3,2,"Nhân Chính, Thanh Xuân","21.0024528503418, 105.801193237305"
42285592,06/03/2025,"(Giá thật) chính chủ bán căn 66m2 3PN + tầng trung giá 5,4 tỷ chung cư Handi Resco","5,4 tỷ",66 m²,"81,82 tr/m²",2,2,"Nhân Chính, Thanh Xuân","21.0034401936569, 105.803138560196"
42296679,06/03/2025,"(Giá thật) chính chủ bán căn 107m2, 3 phòng ngủ + 2 vệ sinh full nội thất giá 7.9 tỷ Times Tower","7,9 tỷ",107 m²,"73,83 tr/m²",3,2,"Nhân Chính, Thanh Xuân","21.0024528503418, 105.801193237305"
42296671,06/03/2025,"(Giá thật). Chính chủ thiện chí bán căn hộ 106m2 3PN + 2WC giá 9 tỷ The Legend, LH 0983 979 ***",9 tỷ,106 m²,"84,91 tr/m²",3,2,"Nhân Chính, Thanh Xuân","21.0046138763428, 105.804077148438"
42353597,06/03/2025,"Bán CH 3PN, 106m2 giá siêu hời tại Fafilm - VNT Tower, Khương Trung, Thanh Xuân, HN","6,5 tỷ",106 m²,"61,32 tr/m²",3,2,"Khương Trung, Thanh Xuân","21.002562150124252, 105.82112618748081"
40660873,06/03/2025,"Bán căn Imperia Nguyễn Huy Tưởng, 3PN, 80m2, giá 7,2tỷ","7,2 tỷ",80 m²,90 tr/m²,3,2,"Thanh Xuân Trung, Thanh Xuân","20.9972763061523, 105.80298614502"
41884608,06/03/2025,"Chính chủ cần bán căn Handiresco - 31 Lê Văn Lương 66m2, 2PN, giá 5.1 tỷ","5,1 tỷ",66 m²,"77,27 tr/m²",2,2,"Nhân Chính, Thanh Xuân","21.0037941426692, 105.802069624754"
33433804,06/03/2025,"Tôi chính chủ cần bán gấp căn 128m2 chung cư Times Tower full nội thất, giá bán thương lượng",Giá thỏa thuận,128 m²,N/A,3,2,"Nhân Chính, Thanh Xuân","21.0026340484619, 105.801559448242"
42353702,06/03/2025,"Bán CC Star Tower 283 Khương Trung, giá 5 tỷ, 3PN-2WC, dt 87m2, nội thất đầy đủ, LH 0363 388 ***",5 tỷ,87 m²,"57,47 tr/m²",3,2,"Khương Trung, Thanh Xuân","20.996065700454523, 105.81798085535998"
42353876,06/03/2025,Chính chủ bán căn hộ chung cư Centerpoint 27 Lê Văn Lương 81m 3 ngủ full nội thất 7 tỷ,7 tỷ,81 m²,"86,42 tr/m²",3,2,"Nhân Chính, Thanh Xuân","21.004297851829648, 105.80487407050695"
42296623,06/03/2025,"Bán CH Imperia Garden diện tích 81,4m2 thiết kế 2 ngủ diện giá 6,5 tỷ full nội thất, có slot để ôtô","6,5 tỷ","81,4 m²","79,85 tr/m²",2,2,"Thanh Xuân Trung, Thanh Xuân","20.99733282726773, 105.80304091872475"
42321015,06/03/2025,"Bán CH dự án 349 Vũ Tông Phan, diện tích 85,5m2 thiết kế 3 ngủ, giá 5,5 tỷ có thương lượng","5,5 tỷ","85,5 m²","64,33 tr/m²",3,2,"Khương Đình, Thanh Xuân","20.989980195755255, 105.81390770528681"
42353635,06/03/2025,"Bán gấp: CC bán căn hộ 3pn full nội thất đẹp, rẻ đẹp nhất dự án BRG 25 Lê Văn Lương",11 tỷ,102 m²,"107,84 tr/m²",3,2,"Nhân Chính, Thanh Xuân","21.0053649148287, 105.805381698302"
42321413,06/03/2025,"Bán CH dự án FiveStar - Kim Giang, diện tích 73m2 thiết kế 2 ngủ, giá 4,65 tỷ có thương lượng","4,65 tỷ","72,72 m²","63,94 tr/m²",3,2,"Hạ Đình, Thanh Xuân","20.986796666880036, 105.8118286193641"
42202582,06/03/2025,"Chính chủ bán gấp căn hộ 130m, 3pn 2wc Royal City. Cam kết có slot ô tô. LH: 0375 122 ***","10,2 tỷ",130 m²,"78,46 tr/m²",3,2,"Thượng Đình, Thanh Xuân","21.0027737176333, 105.814476624224"
42202652,06/03/2025,"Chính chủ bán gấp căn góc 180m, 3 ngủ 3wc toà R2 Royal City. LH: 0375 122 ***",18 tỷ,180 m²,100 tr/m²,3,4,"Thượng Đình, Thanh Xuân","21.002438594379488, 105.81538330104466"
42202626,06/03/2025,"Sếp tôi đi Hàn cần bán gấp căn hộ toà R2 124m, 2 ngủ 2wc Royal City. LH sếp tôi: 0375 122 ***","10,5 tỷ",124 m²,"84,68 tr/m²",2,3,"Thượng Đình, Thanh Xuân","21.002836764567533, 105.81540837431503"
42330812,06/03/2025,"Duy nhất căn ngoại giao 80m2(3PN-2W),giá chỉ 84 triệu/1m2 rẻ nhất tại Handico 33 lvl. Lh:0933 328 ***","6,7 tỷ",80 m²,"83,75 tr/m²",3,2,"Nhân Chính, Thanh Xuân","21.003372565209062, 105.80235736574048"
42353558,06/03/2025,"Bán CC 71m2, 2PN, 2WC tại 90 Nguyễn Tuân, giá ưu đãi 5,5 tỷ","5,5 tỷ",71 m²,"77,46 tr/m²",2,2,"Thanh Xuân Trung, Thanh Xuân","20.996282854651902, 105.80594398882997"
42353535,06/03/2025,"Chính chủ bán CHCC Hapulico. DT 102m, 03 ngủ, 2 vệ sinh. Giá 7,6 tỷ. LH: 0964 769 ***","7,6 tỷ",102 m²,"74,51 tr/m²",3,N/A,"Thanh Xuân Trung, Thanh Xuân","21.000809106345397, 105.80690800916398"
42260419,06/03/2025,"Bán căn hộ chung cư tại King Palace, 82m2, 2PN, 2WC - duy nhất - đầy đủ nội thất - bao phí sang tên","7,05 tỷ",82 m²,86 tr/m²,2,2,"Thượng Đình, Thanh Xuân","21.0002622658081, 105.816310550637"
41834456,06/03/2025,"Bán căn hộ 75m2 tại Imperia, giá chỉ 5 tỷ 7 , 2PN, 2WC, tặng lại toàn bộ nội thất, LH: 0977 858 ***","5,7 tỷ",75 m²,76 tr/m²,2,2,"Thanh Xuân Trung, Thanh Xuân","20.9981150870276, 105.802887237892"
42232430,06/03/2025,"Không ảo, CC Bohemia: 135.9m2 3N 8.68 tỷ; 127m 3N 8.36 tỷ; 86m 2N 6.1 tỷ; LH 0936 218 ***","8,68 tỷ","135,9 m²","63,87 tr/m²",3,2,"Thanh Xuân Trung, Thanh Xuân","20.997486168580682, 105.80397319013878"
42329592,06/03/2025,"Golden Land: 145m2 4N2VS 8.86 tỷ, penthouse 269m2 LH 0936 218 ***","8,65 tỷ",145 m²,"59,66 tr/m²",4,3,"Thanh Xuân Trung, Thanh Xuân","20.9938179622588, 105.806123670719"
42308401,06/03/2025,"Không ảo, CC Goldseason, 66m 2N2VS 5.75 tỷ, 73m 2N2VS 6 tỷ, 100m2 3N giá 7.86 tỷ, LH 0936 218 ***","7,86 tỷ",100 m²,"78,6 tr/m²",3,2,"Thanh Xuân Trung, Thanh Xuân","20.9941791570932, 105.80642768627"
42224017,06/03/2025,"Bán chung cư đường Nguyễn Trãi diện tích rộng , nội thất sang trọng - 120m2X3 ngủ.8.75 tỷ","8,75 tỷ",120 m²,"72,92 tr/m²",3,1,"Khương Trung, Thanh Xuân","20.9876268875181, 105.800321863876"
42336343,06/03/2025,"Không ảo, CC Việt Đức Complex, 127m2 3N 7.65 tỷ, 101m2 3N 6.65 tỷ, 79m2 2N2VS 4.8 tỷ, LH 0936 218 ***","7,65 tỷ",127 m²,"60,24 tr/m²",3,2,"Nhân Chính, Thanh Xuân","20.9989137699635, 105.79918666281"
42329144,06/03/2025,"(Ko ảo) CC Legend: 105m2 3N2VS 8.66 tỷ, 88m2 3N2VS 7.96 tỷ, LH 0936 218 ***","8,66 tỷ",105 m²,"82,48 tr/m²",3,2,"Nhân Chính, Thanh Xuân","21.004583542186626, 105.80401502147582"
42298046,06/03/2025,"Bán gấp căn hộ tại BRG Lê Văn Lương, 3PN, 106m2, 10.7 tỷ, LH: 0365 691 ***","10,7 tỷ",106 m²,"100,94 tr/m²",3,2,"Nhân Chính, Thanh Xuân","21.005594545881, 105.80420765732235"
42298772,06/03/2025,"Bán nhanh căn góc tại BRG Lê Văn Lương, 3PN, 144m2, 15.2 tỷ, LH: 0365 691 ***","15,2 tỷ",144 m²,"105,56 tr/m²",3,3,"Nhân Chính, Thanh Xuân","21.005274891815887, 105.80506617796298"
42341329,06/03/2025,"Chính chủ bán gấp CH 2PN, 2WC tầng trung thoáng , full đồ, giá chỉ 6,1 tỷ bao phí CC The legend","6,1 tỷ",64 m²,"95,31 tr/m²",2,2,"Nhân Chính, Thanh Xuân","21.004891335973213, 105.80319044114205"
42298486,06/03/2025,"Cần bán căn hộ tại BRG Lê Văn Lương, 3PN, 120m2, 11.7 tỷ, LH: 0365 691 ***","11,7 tỷ",120 m²,"97,5 tr/m²",3,2,"Nhân Chính, Thanh Xuân","21.00538694630996, 105.80562858676382"
42312616,06/03/2025,"Bán nhanh căn góc tại BRG Lê Văn Lương, 4PN, 202m2, 23 tỷ, LH: 0365 691 ***",23 tỷ,202 m²,"113,86 tr/m²",4,4,"Nhân Chính, Thanh Xuân","21.0054309993975, 105.804433534862"
42122919,06/03/2025,"Bán nhanh căn hộ 1PN tại Royal City, 55m2, giá: 5.5 tỷ, Liên hệ: 0365 691 ***","5,5 tỷ",55 m²,100 tr/m²,1,1,"Thượng Đình, Thanh Xuân","21.00261185779315, 105.81559801584427"
39874948,06/03/2025,"Chính chủ bán căn hộ tại Thống Nhất Complex, DT: 95m2 3PN 2WC, giá 7,4 tỷ LH 0965 066 ***","7,4 tỷ",95 m²,"77,9 tr/m²",3,2,"Thanh Xuân Trung, Thanh Xuân","20.998046875, 105.80354309082"
42232719,06/03/2025,"Bán gấp căn 2 ngủ! Chung cư Rivera Park - 69 Vũ Trọng Phụng, sẵn nội thất, sẵn sổ đỏ","6,1 tỷ",70 m²,"87,14 tr/m²",2,2,"Thanh Xuân Trung, Thanh Xuân","20.999137738262185, 105.80920130137163"
42195373,06/03/2025,"Bán căn hộ 3PN, 2WC tại Việt Đức Complex, 7 tỷ VND, 138 m2, đẹp, nhiều tiện ích. Lh 0792 826 ***",7 tỷ,138 m²,"50,72 tr/m²",3,2,"Nhân Chính, Thanh Xuân","20.999360801051232, 105.79984136372123"
42327923,06/03/2025,"Bán căn hộ CC 3PN, 2WC tại Fafilm - VNT Tower, 7,2 tỷ, 106m2, Q. Thanh Xuân, HN - LH 0792 826 ***","7,2 tỷ",106 m²,"67,92 tr/m²",3,2,"Khương Trung, Thanh Xuân","21.0022022487483, 105.81970443969"
41700888,06/03/2025,"Bán CC Imperia Garden, 6,2 tỷ, 75m2, 2PN, 2WC, nhiều tiện ích tại Thanh Xuân. LH 0792 826 ***","6,2 tỷ",75 m²,"82,67 tr/m²",2,2,"Thanh Xuân Trung, Thanh Xuân","20.997276, 105.802986"
42206216,06/03/2025,"Chính chủ bán gấp căn hộ R1 Royal City 133m2 2ngủ, 2WC. Cam kết ảnh thật có slot oto LH: 0375 122 ***","12,8 tỷ",133 m²,"96,24 tr/m²",2,2,"Thượng Đình, Thanh Xuân","21.0026331425138, 105.8152511783"
39769150,06/03/2025,"Bán gấp căn duy nhất có sân vườn 4PN 168m2 chung cư Golden Land Nguyễn Trãi, Nhà đẹp, sổ đỏ lâu dài","8,8 tỷ",168 m²,"52,38 tr/m²",4,3,"Thanh Xuân Trung, Thanh Xuân","20.9934864044189, 105.806907653809"
41575236,06/03/2025,Chính chủ bán căn góc 3 ngủ 136m2 rộng vip nhất tòa Bohemia 25 Lê Văn Thiêm - có bể bơi trong nhà,"8,6 tỷ",136 m²,"63,24 tr/m²",3,2,"Thanh Xuân Trung, Thanh Xuân","20.9975053048872, 105.804153245876"
42352461,06/03/2025,"Hiếm chỉ 4,2 tỷ - Chung cư Lê Trọng Tấn, Thanh Xuân, 65m2, 2 ngủ, đẹp long lanh","4,2 tỷ",65 m²,"64,61 tr/m²",2,2,"Khương Mai, Thanh Xuân","21.0002576600733, 105.828127639832"
42140959,06/03/2025,"Bán CH tại Việt Đức Complex Lê Văn Lương 135m2 3PN BC Đông Nam, ko view nghĩa trang. LH: 0987 362 ***",7 tỷ,135 m²,"51,85 tr/m²",3,2,"Nhân Chính, Thanh Xuân","21.0003477333545, 105.799852676311"
37426456,06/03/2025,(Giá thật) chính chủ bán căn 81m2 2PN BC Đông Nam full nội thất giá 6.7 tỷ CC The Golden Palm,"6,7 tỷ",81 m²,"82,72 tr/m²",2,2,"Nhân Chính, Thanh Xuân","21.006311416626, 105.807479858398"
34966118,06/03/2025,"Giá chuẩn CĐT quỹ căn ngoại giao, chuyển nhượng giá cắt lỗ căn tại Việt Đức Complex Thanh Xuân",Giá thỏa thuận,93 m²,N/A,3,2,"Nhân Chính, Thanh Xuân","20.9996452331543, 105.799385070801"
30469916,06/03/2025,"Bán gấp rẻ 2PN giá rẻ tỷ, CC 360 Giải Phóng 2PN, LH: 0902 030 ***","4,5 tỷ","63,8 m²","70,53 tr/m²",2,2,"Phương Liệt, Thanh Xuân","20.9854316711426, 105.839340209961"
28599481,06/03/2025,"Nhận nhà ở ngay căn 3PN 111m2 - Tòa IP1 Imperial Plaza số 360 Giải Phóng, giá 6 tỷ",6 tỷ,111 m²,"54,05 tr/m²",3,2,"Phương Liệt, Thanh Xuân","20.9854316711426, 105.839340209961"
42284600,06/03/2025,"Bán CH The Legend - 109 Nguyễn Tuân, diện tích 107m2, 3 ngủ giá 8,5 tỷ có slot để ô tô","8,5 tỷ",106 m²,"80,19 tr/m²",3,2,"Nhân Chính, Thanh Xuân","21.0043348601553, 105.804089204005"
42269216,06/03/2025,"Bán căn 2 ngủ (sổ đỏ sẵn) Imperial 360 Giải Phóng, Đồ siêu đẹp, giá 4.9 tỷ, tầng đẹp thoáng, đẹp",5 tỷ,83 m²,"60,24 tr/m²",2,2,"Phương Liệt, Thanh Xuân","20.98479761562047, 105.83911022267411"
42249436,06/03/2025,"Bán CC Times Tower Lê Văn Lương, 9 tỷ, 128m2, 3PN, 2WC, pháp lý đầy đủ",9 tỷ,128 m²,"70,31 tr/m²",3,2,"Nhân Chính, Thanh Xuân","21.00268439092893, 105.80159309548334"
42337835,06/03/2025,"Chính chủ bán căn hộ Imperia Garden Nguyễn Huy Tưởng, 74m2, 2 pn 2 vệ sinh, view nội khu cực đẹp","6,5 tỷ",74 m²,"87,84 tr/m²",2,2,"Thanh Xuân Trung, Thanh Xuân","20.9971666207718, 105.802792482773"
42329957,06/03/2025,"Chuyển công tác cần bán căn hộ Imperia Garden Nguyễn Huy Tưởng, 68,5m2, 2 ngủ 2 vệ sinh, nhà đẹp","5,96 tỷ","68,5 m²","87,01 tr/m²",2,2,"Thanh Xuân Trung, Thanh Xuân","20.9973639231769, 105.803194854995"
42343613,06/03/2025,"Bán CC 3PN, 2WC, giá cực chất 7,5 tỷ, 96,6m2 tại 90 Nguyễn Tuân, Thanh Xuân, Hà Nội","7,5 tỷ","96,6 m²","77,64 tr/m²",3,2,"Thanh Xuân Trung, Thanh Xuân","20.99705430330791, 105.80548806871015"
42327327,06/03/2025,"Duy nhất căn 2N2vs 70m2 tại Handico 33 Lê Văn Lương, giá chỉ từ 6.x tỷ. Liên hệ em Trường 090628769","6,16 tỷ",70 m²,88 tr/m²,2,2,"Nhân Chính, Thanh Xuân","21.0025682549005, 105.802158449904"
42312583,06/03/2025,"Bán CC 2PN tại The Diamond Residence, 6,5 tỷ, 63m2","6,5 tỷ",63 m²,"103,18 tr/m²",2,2,"Nhân Chính, Thanh Xuân","21.0052750652643, 105.805700204898"
42199692,06/03/2025,"Mình bán căn Việt Đức Complex, 80m2 thiết kế 2ngủ, full nội thất mới, k view nghĩa trang giá 4.5tỷ","4,5 tỷ",80 m²,"56,25 tr/m²",2,2,"Nhân Chính, Thanh Xuân","20.9992034482676, 105.800165616861"
42349215,06/03/2025,"Bán CC Bohemia Residence đẹp xuất sắc 127m2, 8,5 tỷ ở Nguyễn Huy Tưởng, Thanh Xuân, HN","8,5 tỷ",127 m²,"66,93 tr/m²",3,2,"Thanh Xuân Trung, Thanh Xuân","20.99717222794687, 105.80428346533812"
38087756,06/03/2025,"Cần bán căn Riverside Garden 349 Vũ Tông Phan, 85m2 thiết kế 3PN, full nội thất đẹp giá 5.5tỷ","5,5 tỷ",85 m²,"64,71 tr/m²",3,2,"Khương Đình, Thanh Xuân","20.9907, 105.81428"
39822811,06/03/2025,"Tôi bán căn Hei Tower, 110m2 thiết kế 3ngủ, tầng trung nội thất cực đẹp view thoáng mát giá 7tỷ",7 tỷ,110 m²,"63,64 tr/m²",3,2,"Nhân Chính, Thanh Xuân","21.003246, 105.80506"
37404576,06/03/2025,"Bán gấp căn góc Thống Nhất Complex, 122.4m2, thiết kế 3 ngủ tầng trung full nội thất giá 8tỷ",8 tỷ,"122,4 m²","65,36 tr/m²",3,2,"Thanh Xuân Trung, Thanh Xuân","20.998047, 105.80354"
40984120,06/03/2025,"Tôi bán căn hộ tại Five Star Kim Giang, 73m2 thiết kế 2ngủ tầng trung ban công thoáng giá 4tỷ6","4,6 tỷ",73 m²,"63,01 tr/m²",2,2,"Hạ Đình, Thanh Xuân","20.9860000610352, 105.812187194824"
39839483,06/03/2025,"Chính chủ bán căn Gold Tower, 91.5m2 thiết kế 3 ngủ, tầng cao full nội thất đẹp giá 7.3tỷ","6,8 tỷ","91,5 m²","74,32 tr/m²",3,2,"Thanh Xuân Trung, Thanh Xuân","20.993824, 105.80698"
40964183,06/03/2025,"Tôi chủ nhà bán căn hộ tại Handiresco, 100m2 thiết kế 3ngủ tầng trung full nội thất cao cấp giá 7tỷ",7 tỷ,100 m²,70 tr/m²,3,2,"Nhân Chính, Thanh Xuân","21.003639221191406, 105.802978515625"
42339227,06/03/2025,"Bán căn 4pn siêu rộng 220m2 tòa BRG, giá 20 tỷ. LH 0936 203 ***",20 tỷ,20 m²,1 tỷ/m²,4,3,"Nhân Chính, Thanh Xuân","21.005136927731186, 105.80429863661928"
41680451,06/03/2025,"Bán CC Sakura Tower, 2,8 tỷ, 52m2, 1PN, 1PK tại Vũ Trọng Phụng, Thanh Xuân, HN","2,8 tỷ",52 m²,"53,85 tr/m²",1,1,"Thanh Xuân Trung, Thanh Xuân","20.997861637099124, 105.80981152345275"
41981249,06/03/2025,Bán căn 3PN Time Tower Lê Văn Lương diện tích 128m2 giá 9 tỷ,9 tỷ,128 m²,"70,31 tr/m²",3,2,"Nhân Chính, Thanh Xuân","21.002472879256, 105.801801560705"
42329348,06/03/2025,"Bán căn hộ 3 ngủ 90m2 full đồ, hướng Đông Nam, sổ đỏ vĩnh viễn chung cư GoldSeason 47 Nguyễn Tuân","6,75 tỷ",90 m²,75 tr/m²,3,2,"Thanh Xuân Trung, Thanh Xuân","20.995143949871, 105.80604121101"
42330887,06/03/2025,Chính chủ bán căn ban công Đông Nam 3PN 2WC tại Times Tower 35 Lê Văn Lương DT: 128m2 giá tốt nhất,"8,5 tỷ",128 m²,"66,41 tr/m²",3,2,"Nhân Chính, Thanh Xuân","21.002528241644, 105.801527697136"
39530977,06/03/2025,"Cần bán căn hộ Tại dự án Five Star Kim Giang 2pn 71m2 4,9 tỷ ,3Pn 104m2 6,8 tỷ.LH:0987 362 ***","4,7 tỷ",68 m²,"69,12 tr/m²",2,2,"Hạ Đình, Thanh Xuân","20.9860000610352, 105.812187194824"
39186906,06/03/2025,"Bán CH 128m2, 3PN, 2WC, căn góc , tầng đẹp , full đồ, CC Times Tower 35 Lê Văn Lương giá 9,5 tỷ","9,5 tỷ",128 m²,"74,22 tr/m²",3,2,"Nhân Chính, Thanh Xuân","21.0026340484619, 105.801559448242"
41149667,06/03/2025,"Bán căn 2PN 84m2 tòa Golden Palm Lê Văn Lương giá 6,5 tỷ","6,5 tỷ",84 m²,"77,38 tr/m²",2,2,"Nhân Chính, Thanh Xuân","21.006311416626, 105.807479858398"
39394242,06/03/2025,"HOT ! bán nhanh CH 2pn . 2wc tòa lâu dài GoldSeason 47 Nguyễn Tuân , full đồ , tầng trung đẹp","6,15 tỷ",66 m²,"93,18 tr/m²",2,2,"Thanh Xuân Trung, Thanh Xuân","20.9947719573975, 105.806129455566"
39704316,06/03/2025,"Chỉ 7.07 tỷ có ngay CH 2PN, 80,5m2 tầng trung đẹp, view thoáng chung cư Imperia - Nguyễn Huy Tưởng","7,07 tỷ","80,5 m²","87,83 tr/m²",2,2,"Thanh Xuân Trung, Thanh Xuân","20.997276, 105.802986"
40954789,06/03/2025,"Hot! Bán gấp CH 3pn ( 106m) full đồ, nội thất đẹp, tầng trung,The Legend Nguyễn Tuân giá 9,1 tỷ","9,1 tỷ",106 m²,"85,85 tr/m²",3,2,"Nhân Chính, Thanh Xuân","21.0046138763428, 105.804077148438"
39177775,06/03/2025,"chủ cần bán gấp CH 128m2, 3PN, 2WC, tầng cao thoáng , chung cư Hei Tower Ngụy Như Kon Tum - TX",Giá thỏa thuận,128 m²,N/A,3,2,"Nhân Chính, Thanh Xuân","21.003246, 105.80506"
42351927,06/03/2025,"Bán nhanh căn hộ 3PN, tại tòa N4 mặt đường Lê Văn Lương, Trung Hoà Nhân Chính",Giá thỏa thuận,120 m²,N/A,3,2,"Nhân Chính, Thanh Xuân","21.0041769271201, 105.803275298547"
41778103,06/03/2025,Chính chủ bán căn hộ tập thể Thanh Xuân Nguyễn Trãi căn 75m2 sổ đỏ 36m2,"3,48 tỷ",75 m²,"46,4 tr/m²",3,2,"Thanh Xuân Bắc, Thanh Xuân","20.9877943523981, 105.80061871046"
42281640,06/03/2025,"Bán căn hộ tập thể căn 2PN, 1WC tại Nguyễn Quý Đức, Thanh Xuân, Hà Nội, 2,55 tỷ","2,55 tỷ",60 m²,"42,5 tr/m²",2,1,"Thanh Xuân Bắc, Thanh Xuân","20.9921744855584, 105.799441625344"
42348569,06/03/2025,"Bán căn hộ 3PN, 2WC, 102m2 tại GoldSeason, Nguyễn Tuân, Thanh Xuân, HN, giá 6,97 tỷ","6,97 tỷ",102 m²,"68,33 tr/m²",3,2,"Thanh Xuân Trung, Thanh Xuân","20.9955177401289, 105.806325965208"
35707724,06/03/2025,"Chính chủ bán căn góc full đồ 128m, ban công Đông Nam tháp 1 Time Tower 35 Lê Văn Lương","8,2 tỷ",128 m²,"64,06 tr/m²",3,2,"Nhân Chính, Thanh Xuân","21.0024528503418, 105.801193237305"
38671337,06/03/2025,"Chính chủ căn hộ 2PN đẹp nhất chung cư Five Star Kim Giang, tầng 21 view hồ cực, đã mua slot ô tô","5,6 tỷ",85 m²,"65,88 tr/m²",2,2,"Hạ Đình, Thanh Xuân","20.9860000610352, 105.812187194824"
39911337,06/03/2025,"Ít khi có căn DT to 4 ngủ bán tại chung cư GoldenLand 275 Nguyễn Trãi, sổ đỏ lâu dài, có 2slot ôtô","9,13 tỷ",166 m²,55 tr/m²,4,2,"Thanh Xuân Trung, Thanh Xuân","20.9934864044189, 105.806907653809"
39742239,06/03/2025,"Cần bán chung cư Thống Nhất Complex 82 Nguyễn Tuân 95m2, tầng 17, có slot ô tô, NT mới ở được ngay","6,9 tỷ",95 m²,"72,63 tr/m²",3,2,"Thanh Xuân Trung, Thanh Xuân","20.998046875, 105.80354309082"
42340691,06/03/2025,Chuyên Căn Hộ CC Tại Dự Án Viha 107 Nguyễn Tuân: 72m2 - 79m2 - 93m2 - 96m2 -118m2,"7,5 tỷ",72 m²,"104,17 tr/m²",2,2,"Thanh Xuân Trung, Thanh Xuân","20.997283537270338, 105.80396466091618"
42267082,06/03/2025,"Hoàng 3333 Giá Thật. Bán Căn hộ 117m2, 4PN, 2WC, tại Hapulico Complex. Tầng trung, Full đồ đẹp, SĐ","8,9 tỷ",117 m²,"76,07 tr/m²",4,2,"Thanh Xuân Trung, Thanh Xuân","21.000525866111285, 105.80724155427573"
41825566,06/03/2025,"Quỹ ngoại giao 3PN - duplex cao cấp nhất Thanh Xuân, HTLS vay 15 tháng, trả thẳng chiết khấu 6%","9,2 tỷ",97 m²,"94,84 tr/m²",3,3,"Thanh Xuân Trung, Thanh Xuân","20.9975177172086, 105.804383780412"
42083327,06/03/2025,"Full quỹ diện tích từ CĐT, quỹ chuyển nhượng các diện tích tại BRG 25 Lê Văn Lương, HTLS vay 0%",15 tỷ,150 m²,100 tr/m²,4,3,"Nhân Chính, Thanh Xuân","21.004867187194, 105.804981431614"
41123825,06/03/2025,Chuyên căn hộ Viha 107 Nguyễn Tuân 72 - 73 - 79 - 93 - 97 - 118 m2 liên hệ Ms. Thảo: 0962 317 ***,"10,5 tỷ",118 m²,"88,98 tr/m²",4,3,"Thanh Xuân Trung, Thanh Xuân","20.997587, 105.80383"
36968813,06/03/2025,Gia đình cần bán căn hộ góc 2PN 86m2 giá 6 tỷ dự án Bohemia Residence. LH 0907 871 ***,6 tỷ,86 m²,"69,77 tr/m²",2,2,"Thanh Xuân Trung, Thanh Xuân","20.9974040985107, 105.804061889648"
39254143,06/03/2025,"Cần bán 66m -2 PN 5,5 tỷ------ 102m2 - 3PN GoldSeason 47 Nguyễn Tuân, căn góc BC Đông Nam 7,8 tỷ","7,8 tỷ",102 m²,"76,47 tr/m²",3,2,"Thanh Xuân Trung, Thanh Xuân","20.9947719573975, 105.806129455566"
42202809,06/03/2025,Chuyên căn hộ 25 Lê Văn Lương 62-105-107-120-144-146-151-161-202m2. Liên hệ Ms. Thảo: 0962 317 ***,15 tỷ,144 m²,"104,17 tr/m²",4,3,"Nhân Chính, Thanh Xuân","21.0052261352539, 105.805061340332"
39261666,06/03/2025,"Handi Resco 31 Lê Văn Lương 66m 2 ngủ 5,1 tỷ-- căn góc 105m2 - 3PN - giá 7,2 tỷ","7,3 tỷ",105 m²,"69,52 tr/m²",3,2,"Nhân Chính, Thanh Xuân","21.00364, 105.80298"
42001918,06/03/2025,Bán 130m2 tầng 22 - 4PN - 2WC giá 8tỷ - 163m 4 phòng ngủ giá 10 tỷ tỷ tòa nhà Hei,8 tỷ,130 m²,"61,54 tr/m²",4,2,"Nhân Chính, Thanh Xuân","21.003192966664503, 105.80417971984114"
42351546,06/03/2025,(Chuẩn Giá Bán Gấp) Chung cư Times Tower Lê Văn Lương 128m2(3N+2WC) Sẵn Sổ 9.5 tỷ-LH:0399 888 ***,"9,5 tỷ",128 m²,"74,22 tr/m²",3,2,"Nhân Chính, Thanh Xuân","21.0030513865015, 105.80151893820425"
42351499,06/03/2025,"CHỦ NHÀ giảm chào 8 tỷ căn hộ 126m2 3Pn 2VS, full nội thất dự án, Hei Tower, Trung Hòa Nhân Chính.",8 tỷ,126 m²,"63,49 tr/m²",3,2,"Nhân Chính, Thanh Xuân","21.003845381225073, 105.8056364612785"
42351470,06/03/2025,"Bán toà căn hộ dịch vụ Quan Nhân - Thanh Xuân. 7 tầng thang máy, 24 phòng full nội thất. Giá 19tỷ","19,6 tỷ",65 m²,"301,54 tr/m²",24,24,"Nhân Chính, Thanh Xuân","21.0032771630334, 105.811396857542"
40646236,06/03/2025,Bán căn hộ góc vip nhất dự án diện tích 201m2 tại BRG Diamond Residence Lê Văn Lương Thanh Xuân,Giá thỏa thuận,201 m²,N/A,4,4,"Nhân Chính, Thanh Xuân","21.0052261352539, 105.805061340332"
42325683,06/03/2025,Hiếm căn góc 3pn 2vs duy nhất tầng trung 1x tại 33 Lê Văn Lương,"8,3 tỷ",96 m²,"86,46 tr/m²",3,2,"Nhân Chính, Thanh Xuân","21.0031336664522, 105.802267064117"
42303759,06/03/2025,Chính chủ bán căn hộ 105m2 toà D01 tầng đẹp full sẵn đồ cao cấp BRG Diamond Lê Văn Lương giá tốt,Giá thỏa thuận,105 m²,N/A,3,2,"Nhân Chính, Thanh Xuân","21.005077883500643, 105.8052796182865"
38985639,06/03/2025,Cần bán căn hộ góc 144m2 view Lê Văn Lương dự án BRG Diamond Lê Văn Lương giá tốt,Giá thỏa thuận,144 m²,N/A,3,3,"Nhân Chính, Thanh Xuân","21.0052261352539, 105.805061340332"
42351394,06/03/2025,"Bán căn 3PN - 102m2 tầng trung ban công Đông Nam - 47 Nguyễn Tuân, 6.5 tỷ bao phí. Lh: 0986 787 ***","6,5 tỷ",102 m²,"63,72 tr/m²",3,2,"Thanh Xuân Trung, Thanh Xuân","20.994560505657965, 105.80543377033969"
42322088,06/03/2025,"Duy nhất căn 70m2 (2PN, 2WC) rẻ nhất tại Handico Complex - 33 Lê Văn Lương. Lh: 0933 328 *** - E Yến",6 tỷ,70 m²,"85,71 tr/m²",2,2,"Nhân Chính, Thanh Xuân","21.003377144641, 105.802618365609"
42148408,06/03/2025,"Hiếm: Bán nhanh căn hộ 110m2, 3PN, đồ cơ bản chủ đầu tư tại Gold Tower, giá 8,2tỷ. 0899.'511.'866","8,2 tỷ",110 m²,"74,54 tr/m²",3,2,"Thanh Xuân Trung, Thanh Xuân","20.993824, 105.80698"
42194193,06/03/2025,"7,2tỷ chính chủ gia đình tôi bán căn 2 pn 72m2 tòa Viha 107 Nguyễn Tuân. Sổ lâu dài. Rẻ hơn CĐT","7,2 tỷ",72 m²,100 tr/m²,2,2,"Thanh Xuân Trung, Thanh Xuân","20.9968267882922, 105.803653728262"
42351230,06/03/2025,"Bán căn hộ chung cư 3PN, 2WC, 93m2 tại 90 Nguyễn Tuân, Thanh Xuân, Hà Nội, giá 7 tỷ",7 tỷ,93 m²,"75,27 tr/m²",3,2,"Thanh Xuân Trung, Thanh Xuân","20.996219603184347, 105.80546523933361"
42351218,06/03/2025,(Giá thật) chính chủ bán 102m2 3PN + 2WC full kính + tầng trung giá 8.4 tỷ CC GoldSeason,"8,4 tỷ",102 m²,"82,35 tr/m²",3,2,"Thanh Xuân Trung, Thanh Xuân","20.994772, 105.80613"
40135739,06/03/2025,"Từ 84 tr/m2 bán ngoại giao căn góc và 3 ngủ 96m2, tòa 33 Lê Văn Lương. Sổ đỏ vv, slot ô tô","6,43 tỷ",96 m²,67 tr/m²,3,N/A,"Nhân Chính, Thanh Xuân","21.0033874511719, 105.802452087402"
42111100,06/03/2025,Tôi chính chủ cần bán gấp căn 2 ngủ chung cư Royal City full nội thất đẹp,"8,4 tỷ",105 m²,80 tr/m²,2,2,"Thượng Đình, Thanh Xuân","21.0023937343408, 105.814727147181"
42351197,06/03/2025,"Chính chủ mình cần bán căn chung cư ở 282 Nguyễn Huy Tưởng, full nội thất, cực đẹp ở có lộc lắm","4,52 tỷ",70 m²,"64,57 tr/m²",2,2,"Thanh Xuân Bắc, Thanh Xuân","20.995664844943494, 105.80247676615404"
39009197,06/03/2025,Tôi chính chủ cần bán căn hộ 3 Ngủ chung cư The Legend 109 Nguyễn Tuân full nội thất đẹp,Giá thỏa thuận,86 m²,N/A,3,2,"Nhân Chính, Thanh Xuân","21.0046138763428, 105.804077148438"
42351181,06/03/2025,(Chuẩn giá thật) Chính chủ bán căn 85m2 3PN tầng trung full nội thất 8.2 tỷ CC The Legend,"8,2 tỷ",88 m²,"93,18 tr/m²",3,2,"Nhân Chính, Thanh Xuân","21.0046138763428, 105.804077148438"
42351178,06/03/2025,"(Giá thật) chính chủ bán căn 103,6m2 3 phòng ngủ 2 vệ sinh full nội thất mới đẹp CC Hei Tower","7,69 tỷ","103,6 m²","74,23 tr/m²",3,2,"Nhân Chính, Thanh Xuân","21.003482228585277, 105.80487952737775"
41775217,06/03/2025,"BÁN CHUNG CƯ NGUYỄN HUY TƯỞNG 138M 3 NGỦ 2 WC GIÁ NHÌNH 52 TR/M Ở LUÔN 0987,063.288","8,5 tỷ",138 m²,"61,59 tr/m²",3,2,"Thanh Xuân Bắc, Thanh Xuân","20.9957865387105, 105.80337721961"
33895701,06/03/2025,"BQL: Bán căn 2 phòng ngủ 60m2 tòa FS - toà 50 năm chung cư 47 Nguyễn Tuân, 4.05 tỷ. Lh: 0974 538 ***","4,05 tỷ",60 m²,"67,5 tr/m²",2,1,"Thanh Xuân Trung, Thanh Xuân","20.9947719573975, 105.806129455566"
42042470,06/03/2025,"Bán gấp căn hộ hoa hậu 106m2 tầng trung The Legend Nguyễn Tuân, giá 8.5 tỷ bao phí. 0974 538 ***","8,5 tỷ",106 m²,"80,19 tr/m²",3,2,"Nhân Chính, Thanh Xuân","21.004613644423394, 105.80412280327731"
40866454,06/03/2025,"Siêu hot! Cần bán gấp căn hộ 3n2wc full đồ cực đẹp ở King Palace 108 Nguyễn Trãi, Thanh Xuân",8 tỷ,100 m²,80 tr/m²,3,2,"Thượng Đình, Thanh Xuân","21.0002918243408, 105.816009521484"
38166195,06/03/2025,"Tôi chính chủ cần bán gấp căn 163m2, 4 phòng ngủ chung cư Hei Tower, giá 55tr/m2 full nội thất","8,96 tỷ",163 m²,55 tr/m²,4,2,"Nhân Chính, Thanh Xuân","21.003246307373, 105.805061340332"
40775798,06/03/2025,Tôi chính chủ bán gấp căn góc 3 phòng ngủ hướng Đông Nam Imperia Garden full nội thất đẹp,Giá thỏa thuận,98 m²,N/A,3,2,"Thanh Xuân Trung, Thanh Xuân","20.997276306152344, 105.80298614501953"
42350364,06/03/2025,Bán căn hộ tập thể đường Vũ Trọng Phụng,"3,4 tỷ",55 m²,"61,82 tr/m²",2,1,"Nhân Chính, Thanh Xuân","20.9994942833995, 105.80818939365"
39735213,06/03/2025,"Chính chủ bán CH 2PN - 2WC, DT 75m2, tòa Imperia Garden 203 Nguyễn Huy Tưởng, giá 6 tỷ, 0363 388 ***",6 tỷ,75 m²,80 tr/m²,2,2,"Thanh Xuân Trung, Thanh Xuân","20.997310031517, 105.803096749396"
42112617,06/03/2025,Cần bán căn hộ 2pn siêu đẹp chung cư King Palace,"7,05 tỷ",82 m²,86 tr/m²,2,2,"Thượng Đình, Thanh Xuân","21.000444369911705, 105.81614858750049"
40466867,06/03/2025,"Duy nhất căn góc Đông Nam Đông Bắc 118m2 tại Viha Leciva 107 Nguyễn Tuân, căn hộ 1812 cần bán gấp","10,97 tỷ",118 m²,93 tr/m²,3,3,"Thanh Xuân Trung, Thanh Xuân","20.997587, 105.80383"
34819000,06/03/2025,"Chính chủ cần bán căn 3PN 126m2 và 138m2 tại Việt Đức Complex, mua ngoại giao không ở giá rẻ lỗ",Giá thỏa thuận,126 m²,N/A,3,2,"Nhân Chính, Thanh Xuân","20.9996452331543, 105.799385070801"
42098586,06/03/2025,Bán căn 72.11m2 ngoại giao 2 phòng ngủ 1914 tại dự án Viha Leciva 107 Nguyễn Tuân 0977 917 ***,"6,85 tỷ","72,11 m²",95 tr/m²,2,2,"Thanh Xuân Trung, Thanh Xuân","20.997587, 105.80383"
42343681,06/03/2025,Bán căn hộ 2 pn Royal City ban công Đông Nam tòa R4 tầng vip - 0973 049 ***,Giá thỏa thuận,104 m²,N/A,2,N/A,"Thượng Đình, Thanh Xuân","21.00218968689613, 105.8155607149122"
41365918,06/03/2025,"Chính chủ bán căn hộ tại Riverside Garden giá tốt chỉ 5 tỷ, 70m2, 2pn, 2PT",5 tỷ,70 m²,"71,43 tr/m²",2,2,"Khương Đình, Thanh Xuân","20.9906997680664, 105.814277648926"
41365968,06/03/2025,Bán căn hộ giá tốt chỉ 5x tỷ tại Five Star Kim Giang 88m2 3PN 2WC,5 tỷ,88 m²,"56,82 tr/m²",3,2,"Hạ Đình, Thanh Xuân","20.9860000610352, 105.812187194824"
40939617,06/03/2025,Bán suất ngoại giao căn 2 ngủ 73m2 Đông Nam đẹp tại Viha Nguyễn Tuân nhỉnh 7 tỷ,"7,48 tỷ","73,3 m²",102 tr/m²,2,2,"Thanh Xuân Trung, Thanh Xuân","20.9975872039795, 105.803833007813"
42350590,06/03/2025,BÁN CHUNG CƯ CAO CẤP IMPERIA NGUYỄN HUY TƯỞNG THANH XUÂN FULL NỘI THẤT ĐẸP XỊN Ở NGAY !!!,"11,8 tỷ","121,5 m²","97,12 tr/m²",3,2,"Nhân Chính, Thanh Xuân","20.9970707113667, 105.803911546715"
40336456,06/03/2025,Chính chủ bán cắt lỗ gấp căn hộ 3PN DT 136m2 hai ban công cực mát chung cư Việt Đức Complex,"5,5 tỷ",136 m²,"40,44 tr/m²",3,2,"Nhân Chính, Thanh Xuân","20.9996452331543, 105.799385070801"
42340309,06/03/2025,Bán căn hộ 122m2 3PN 2VS ban công Đông Nam sẵn sổ có lốt ô tô tại Thống Nhất Complex 82 Nguyễn Tuân,9 tỷ,122 m²,"73,77 tr/m²",3,2,"Thanh Xuân Trung, Thanh Xuân","20.997966368471523, 105.80326215333176"
40558378,06/03/2025,"Chính chủ bán CC 90 Nguyễn Tuân căn 2 PN giá chỉ hơn 5 tỷ, nhà mới đẹp, có slot ôtô, full nội thất","5,5 tỷ",72 m²,"76,39 tr/m²",2,2,"Thanh Xuân Trung, Thanh Xuân","20.9962978363037, 105.805633544922"
40696494,06/03/2025,"Bán căn hộ 3 ngủ 86m2 tòa B chung cư The Legend Nguyễn Tuân, đã có sổ đỏ, có slot ô tô, Nhà Đẹp Xịn",7 tỷ,75 m²,"93,33 tr/m²",3,2,"Nhân Chính, Thanh Xuân","21.004613876342773, 105.8040771484375"
39768668,06/03/2025,Vợ chồng em bán nhanh căn hộ chung cư 3pn toà nhà Handi Resco DT 98m2 - giá 7 tỷ lh 0988 246 ***,7 tỷ,98 m²,"71,43 tr/m²",3,2,"Nhân Chính, Thanh Xuân","21.0036392211914, 105.802978515625"
39417416,06/03/2025,"Chủ nhà cần tiền bán gấp căn hộ chung cư Royal City, DT 103m 116m2 164m 235m 300m2 giá tốt",8 tỷ,103 m²,"77,67 tr/m²",2,2,"Thượng Đình, Thanh Xuân","21.0026664733887, 105.8154296875"
40187272,06/03/2025,"Chính chủ bán CH Sakura 47 Vũ Trọng Phụng 97m2 3Pn, full đồ đẹp, tầng đẹp thoáng. LH: 098362225",6 tỷ,97 m²,"61,86 tr/m²",3,2,"Thanh Xuân Trung, Thanh Xuân","20.997612, 105.809326"
41732438,06/03/2025,"Bán CC Legend Tower 109 Nguyễn Tuân 105m2 3PN full đồ, tầng trung, sẵn sổ, giá rẻ. LH: 0987 362 ***",9 tỷ,105 m²,"85,71 tr/m²",3,2,"Nhân Chính, Thanh Xuân","21.004614, 105.80408"
39507032,06/03/2025,Chính chủ cần bán nhanh căn hộ Star Tower 283 Khương Trung 87m2 3 pn giá tốt. LH: 0987 362 ***,"5,4 tỷ",87 m²,"62,07 tr/m²",3,2,"Khương Trung, Thanh Xuân","20.9968814849854, 105.817970275879"
42112869,06/03/2025,"Bán căn hộ chung cư tại The Golden Palm Lê Văn Lương 81m2 2 ngủ bc đông nam, giá rẻ.LH:0987 362 ***","6,6 tỷ",81 m²,"81,48 tr/m²",2,2,"Nhân Chính, Thanh Xuân","21.006045796606063, 105.80758922978333"
42237545,06/03/2025,"(Giá thật) chính chủ bán căn 128m2, 3 phòng ngủ + 2 vệ sinh full nội thất giá 9 tỷ có thương lượng","9,4 tỷ",128 m²,"73,44 tr/m²",3,2,"Nhân Chính, Thanh Xuân","21.00311981048803, 105.80147523151614"
41502409,06/03/2025,(Tại sao) phải mua căn hộ Viha Leciva 107 Nguyễn Tuân giá đắt trong khi tôi có quỹ căn giá rẻ,Giá thỏa thuận,72 m²,N/A,2,2,"Thanh Xuân Trung, Thanh Xuân","20.9979413127988, 105.803126162073"
41627857,06/03/2025,"Quỹ căn dự án Viha Complex Viha Leciva đặc biệt nhất, cam kết rẻ nhất, tầng đẹp. LH 0988 160 ***","6,48 tỷ",72 m²,90 tr/m²,2,2,"Thanh Xuân Trung, Thanh Xuân","20.997587, 105.80383"
42350204,06/03/2025,"Bán Căn hộ chung cư GoldSeason, 6 tỷ 66m2, full nội thất, 2N2VS giá siêu hời",6 tỷ,66 m²,"90,91 tr/m²",2,2,"Thanh Xuân Trung, Thanh Xuân","20.9953395292084, 105.806336369597"
42350110,06/03/2025,CHÍNH CHỦ BÁN CĂN 3 PHÒNG NGỦ R4 ROYAL CITY.DIỆN TÍCH 132M2. GIÁ 12.5 TY BAO PHÍ LH 0889 662 ***,"12,5 tỷ",132 m²,"94,7 tr/m²",3,2,"Thượng Đình, Thanh Xuân","21.001865133580154, 105.81569728665154"
42332066,06/03/2025,Gia đình cần bán gấp căn 3 ngủ-full NT Hapulico 135m2-sẵn sổ-có slot ô tô-giá 10 tỷ. LH:0399 888 ***,10 tỷ,135 m²,"74,07 tr/m²",3,2,"Thanh Xuân Trung, Thanh Xuân","21.0006544179309, 105.807359802703"
42340081,06/03/2025,"(Chuẩn giá)Chung cư Five Star Kim Giang, 103m2(3PN +2WC) sẵn sổ-full NT giá 7,2 tỷ.LH: 0399 888 ***","7,2 tỷ",103 m²,"69,9 tr/m²",3,2,"Hạ Đình, Thanh Xuân","20.985811736568067, 105.81210016189809"
42342604,06/03/2025,"(Giá chuẩn) CC Hei Tower, Ngụy Như Kon Tum 170,3m2 3PN+3WC sẵn sổ 11,4tỷ (NT full) LH: 0399 888 ***","11,4 tỷ","170,3 m²","66,94 tr/m²",3,3,"Nhân Chính, Thanh Xuân","21.004099974973574, 105.80493931761853"
42217507,06/03/2025,"Bán chung cư Fafilm 19 Nguyễn Trãi 106m2, 3 phòng ngủ, 2 vs chỉ 6.98 tỷ","6,98 tỷ",106 m²,"65,85 tr/m²",3,2,"Khương Trung, Thanh Xuân","21.0019064742002, 105.820683192145"
41744753,06/03/2025,"Chỉ 3.9 tỷ! Bán gấp căn 2 ngủ 2WC tại Golden West, full đồ đẹp, DT: 83m2, hỗ trợ vay bank 70%","3,9 tỷ",83 m²,"46,99 tr/m²",2,2,"Nhân Chính, Thanh Xuân","20.993279992728, 105.7980364949555"
41727995,06/03/2025,"Chỉ 4.9 tỷ! Cần bán gấp căn 3 pn tại Golden West, full đồ, view thành phố đẹp, hỗ trợ vay bank 70%","4,9 tỷ",96 m²,"51,04 tr/m²",3,2,"Nhân Chính, Thanh Xuân","20.99386601669443, 105.79855339527708"
42349756,06/03/2025,"Chính chủ bán CH Hei Tower 164m2 căn góc bc Đông Nam, có lốt ô tô full đồ giá rẻ. LH: 0987 362 ***",9 tỷ,164 m²,"54,88 tr/m²",3,2,"Nhân Chính, Thanh Xuân","21.002968014730733, 105.80555321829902"
42264662,06/03/2025,Hà Nội Land bán dự án Bohemia căn góc 127m2 3n2w tầng cao.Giá hợp lý nhỉnh 10 tỷ. Call 0963 699 ***,10 tỷ,127 m²,"78,74 tr/m²",3,2,"Thanh Xuân Trung, Thanh Xuân","20.9978685731489, 105.803461921003"
42104838,06/03/2025,"Bán dự án Golden Land với quỹ căn hộ đa dạng 93m2 157m2, Duplex, siêu đẹp giá tốt nhất","6,5 tỷ",111 m²,"58,56 tr/m²",3,2,"Thanh Xuân Trung, Thanh Xuân","20.9931932578784, 105.807543346882"
42346304,06/03/2025,Quỹ căn chung cư Handico Complex mới nhất,"6,79 tỷ",79 m²,86 tr/m²,2,2,"Nhân Chính, Thanh Xuân","21.003660972591682, 105.80277004591176"
42349844,06/03/2025,"Cần bán căn hộ chung cư tại 54 Hạ Đình, Thanh Xuân DT 100 m2, tầng trung, 3 ngủ, 2 wc, 4,8 tỷ.","4,8 tỷ",100 m²,48 tr/m²,3,2,"Thanh Xuân Trung, Thanh Xuân","20.994335334985486, 105.79809722684514"
40275150,06/03/2025,Mở bán quỹ căn đẹp đầu tiên DAHandico Complex 33 Lê Văn Lương. Ký hợp đồng trực tiếp CĐT,Giá thỏa thuận,70 m²,N/A,N/A,N/A,"Nhân Chính, Thanh Xuân","21.0033874511719, 105.802452087402"
42349735,06/03/2025,Bán căn hiếm hoi 127m2 chung cư Bohemia 3 ngủ giá Chỉ 7.xtr/m2,9 tỷ,127 m²,"70,87 tr/m²",3,N/A,"Thanh Xuân Trung, Thanh Xuân","20.99706144835585, 105.80447503436744"
39513158,06/03/2025,Chính chủ Bán CH Tại Hei Tower - Ngụy Như Kontum 104m2 3 ngủ full đồ luxury . LH: 0987 362 ***,7 tỷ,104 m²,"67,31 tr/m²",3,2,"Nhân Chính, Thanh Xuân","21.003246307373, 105.805061340332"
42016411,06/03/2025,"Chuyển nhượng quỹ căn ngoại giao đợt 2 CHCC: 2PN, 3PN - Handico Complex 33 Lê Văn Lương. 0985 354 ***","5,33 tỷ",74 m²,72 tr/m²,2,2,"Nhân Chính, Thanh Xuân","21.0036145214823, 105.802707346567"
42211782,06/03/2025,"Tôi cần bán căn 3pn 110m tòa BRG 25 Lê Văn Lương giá 10 tỷ, bao phí sang tên",10 tỷ,110 m²,"90,91 tr/m²",3,2,"Nhân Chính, Thanh Xuân","21.0054635862007, 105.805117618348"
42182882,06/03/2025,"Chính chủ cần bán căn góc 160m 4pn tòa BRG, giá 15 tỷ. Lh 0977 632 ***",15 tỷ,160 m²,"93,75 tr/m²",4,3,"Nhân Chính, Thanh Xuân","21.005212865398, 105.80568609837"
39431413,06/03/2025,"Chính chủ bán CH 2PN - 2WC, dt 73m2, tòa Five Start 2 Kim Giang, giá 4,6 tỷ. LH 0363 388 ***","4,6 tỷ",73 m²,"63,01 tr/m²",2,2,"Hạ Đình, Thanh Xuân","20.98590479402518, 105.81242688747021"
40092001,06/03/2025,"Chính chủ bán CH 3PN 2WC, DT 85m2, tòa Riverside Graden 349 Vũ Tông Phan, giá 5,4 tỷ, LH 0363 388 ***","5,4 tỷ",85 m²,"63,53 tr/m²",3,2,"Khương Đình, Thanh Xuân","20.9906997680664, 105.814277648926"
40046261,06/03/2025,"Bán căn CH 3PN-2WC, DT 95m2, tòa Thống Nhất Complex, giá 7 tỷ, LH 0363 388 ***",7 tỷ,95 m²,"73,68 tr/m²",3,2,"Thanh Xuân Trung, Thanh Xuân","20.998046875, 105.80354309082"
39956378,06/03/2025,"Chính chủ bán CH 3PN, dt 120m2, toà GoldTower 275 Nguyễn Trãi, căn góc, giá 7,6 tỷ, LH 0363 388 ***","7,6 tỷ",120 m²,"63,33 tr/m²",3,2,"Thanh Xuân Trung, Thanh Xuân","20.993824005127, 105.806976318359"
42291440,06/03/2025,Hạ giá- VC em cần bán căn DT- 89m2- căn góc- 3PN- full đồ nhà vừa sửa- giá 5.6 tỷ có thương lượng,"5,6 tỷ",89 m²,"62,92 tr/m²",3,2,"Khương Trung, Thanh Xuân","20.9975598725399, 105.818395784483"
40115935,06/03/2025,"Chính chủ bán CH 3PN 2WC, DT 105m2, giá 8,2 tỷ, tòa The Legend, full đồ, căn góc, LH 0363 388 ***","8,2 tỷ",105 m²,"78,1 tr/m²",3,2,"Nhân Chính, Thanh Xuân","21.0046138763428, 105.804077148438"
40225898,06/03/2025,"Chính chủ bán CH 2PN, DT 66m2, Handi Resco 31 Lê Văn Lương, giá 4,8 tỷ, ban công ĐN, LH 0363 388 ***","4,8 tỷ",66 m²,"72,73 tr/m²",2,2,"Nhân Chính, Thanh Xuân","21.0036392211914, 105.802978515625"
42349228,06/03/2025,"4.35 tỷ, DT 61.5m2, 2 ngủ, Tòa CT1 chung cư Hà Đô,183 Hoàng Văn Thái, Thanh Xuân","4,35 tỷ","61,5 m²","70,73 tr/m²",2,1,"Khương Trung, Thanh Xuân","20.9968444034889, 105.824115996144"
42333938,06/03/2025,Bán gấp căn hộ 3 phòng ngủ 105m2 đồ cơ bản BRG 25 Lê Văn Lương giá 11 tỷ. Liên hệ: 0917 748 ***,11 tỷ,105 m²,"104,76 tr/m²",3,2,"Nhân Chính, Thanh Xuân","21.0055627452732, 105.804752155598"
42275087,06/03/2025,Xem nhà ngay. Bán căn 3 ngủ cơ bản 110m2 tại Gold Tower 275 Nguyễn Trãi 8.250 tỷ. 0917 748 ***,"8,25 tỷ","110,2 m²","74,86 tr/m²",3,2,"Thanh Xuân Trung, Thanh Xuân","20.9936548812882, 105.80699334397"
38850384,06/03/2025,Chính chủ bán căn 3PN - Full NT xịn xò - toà Hei Tower số 1 Nguy Như - Giá tốt! LH: 0961 846 ***,7 tỷ,110 m²,"63,64 tr/m²",3,2,"Nhân Chính, Thanh Xuân","21.003246, 105.80506"
39425072,06/03/2025,Chính chủ bán căn 3PN - có slot ô tô - Full NT. Giá tốt - tòa Handi Resco Lê Văn Lương - 0961 846 ***,"7,7 tỷ",97 m²,"79,38 tr/m²",3,2,"Nhân Chính, Thanh Xuân","21.0036392211914, 105.802978515625"
42349380,06/03/2025,"Bán chung cư 282 Nguyễn Huy Tưởng 100m2, 3 ngủ, 2 vs chỉ 5.X tỷ","5,68 tỷ",100 m²,"56,8 tr/m²",3,2,"Thanh Xuân Bắc, Thanh Xuân","20.996242979892926, 105.80240574253757"
41230231,06/03/2025,"Royal City còn những căn bán: DT 65m, 96m2, 100m, 109m, 112m, 118m, 125m, 131m, 159m giá 6.5 -10 tỷ","7,8 tỷ",96 m²,"81,25 tr/m²",3,2,"Thượng Đình, Thanh Xuân","21.00273951946802, 105.81490645496667"
42349024,06/03/2025,KHÔNG CÓ NHU CẦU Ở GIA ĐÌNH CẦN BÁN LẠI CĂN 2 PHÒNG NGỦ R5 DIỆN TÍCH 132M2.GIÁ 13 TY BAO PHÍ,13 tỷ,132 m²,"98,48 tr/m²",N/A,N/A,"Thượng Đình, Thanh Xuân","21.002090832494755, 105.81532314903647"
42231853,06/03/2025,"Bán gấp căn 3 pn, chung cư Times Tower - 35 Lê Văn Lương, 107m, sẵn sổ, sẵn nội thất, có slot ô tô","7,8 tỷ",107 m²,"72,9 tr/m²",3,2,"Nhân Chính, Thanh Xuân","21.0025011030979, 105.801890629169"
42200545,06/03/2025,"Bán gấp! Căn góc 165m2 chung cư Hei Tower - số 1 Ngụy Như Kon Tum (cạnh cấp 3 Nhân Chính), 4 ngủ","10,5 tỷ",165 m²,"63,64 tr/m²",4,2,"Nhân Chính, Thanh Xuân","21.00313519851149, 105.80583298602147"
42347905,06/03/2025,"Nhà đẹp! Cần bán căn 110m2, 4pn, chung cư Fafilm Nguyễn Trãi. 0975 118 ***",7 tỷ,110 m²,"63,64 tr/m²",4,2,"Khương Trung, Thanh Xuân","21.00227500760124, 105.81986257582318"
41946335,06/03/2025,"Bán căn góc, chung cư Time Tower - 35 Lê Văn Lương, 128m2, sẵn sổ đỏ, có slot ô tô","9,09 tỷ",128 m²,71 tr/m²,3,3,"Nhân Chính, Thanh Xuân","21.0029166992604, 105.801412488994"
42348874,06/03/2025,"Chủ đầu tư bán căn hộ 118m2 giá gốc từ cđt, 3PN, 3 vệ sinh. giá 11 tỷ. Liên Hệ: 0963 805 ***",Giá thỏa thuận,118 m²,N/A,N/A,N/A,"Thanh Xuân Trung, Thanh Xuân","20.997574735589225, 105.8037616219127"
42265916,06/03/2025,"Bán căn hộ Việt Đức Complex 75m2, 2 ngủ, 2 wc full đồ giá 64tr/m2 - 0915 351 ***","4,8 tỷ",75 m²,64 tr/m²,2,2,"Nhân Chính, Thanh Xuân","20.999958226866777, 105.79945035895084"
42303719,06/03/2025,"Bán gấp chung cư Golden Land 275 Nguyễn Trãi 115m2, 2 ngủ, 2 wc 7.5 tỷ - 0915 351 ***","7,5 tỷ",115 m²,"65,22 tr/m²",2,2,"Thanh Xuân Trung, Thanh Xuân","20.993592966959408, 105.8069321858865"
42336986,06/03/2025,"Bán chung cư Rivera Park 69 Vũ Trọng Phụng 72m2, 2 ngủ, 2 wc 6.6 tỷ - 0915 351 ***","6,6 tỷ",72 m²,"91,67 tr/m²",2,2,"Thanh Xuân Trung, Thanh Xuân","20.999163751484904, 105.8083202433554"
42336330,06/03/2025,"Siêu hời! Bán căn hộ 107m2, 3PN + 2WC tại Times Tower Lê Văn Lương, giá 8.5 tỷ full nội thất mới","8,5 tỷ",107 m²,"79,44 tr/m²",3,2,"Nhân Chính, Thanh Xuân","21.001980245362244, 105.80182814945698"
39058704,06/03/2025,Tôi bán CH 128m2 3PN - Giá tốt - Full NT dự án Times Tower - HACC1 Complex Building! LH: 0961 846 ***,"8,5 tỷ",128 m²,"66,41 tr/m²",3,2,"Nhân Chính, Thanh Xuân","21.0026340484619, 105.801559448242"
39185237,06/03/2025,Chính chủ bán căn hộ 3PN 2WC dự án Times Tower HACC1 ban công ĐN diện tích 107m2 giá nhỉnh 8 tỷ,Giá thỏa thuận,107 m²,N/A,3,2,"Nhân Chính, Thanh Xuân","21.0026340484619, 105.801559448242"
42333534,06/03/2025,"Cần bán chung cư toà 349 Vũ Tông Phan,tiện ích đỉnh,giao thông thuận lợi,tiện ích cao cấp","5,6 tỷ",70 m²,80 tr/m²,2,2,"Khương Đình, Thanh Xuân","20.9980535827897, 105.81714528408"
42280338,06/03/2025,Đẹp - độc - la - hiếm - sổ đỏ trao tay căn góc 2 ban công view siêu đẹp - slot để oto,9 tỷ,130 m²,"69,23 tr/m²",4,3,"Nhân Chính, Thanh Xuân","21.0036695884475, 105.803130076912"
42336677,06/03/2025,"[Bán Gấp] Căn hộ Imperia Garden 3N2W 93m, full nội thất sẵn sổ giao dịch,bao toàn bộ thuế phí","9,2 tỷ",93 m²,"98,92 tr/m²",3,2,"Thanh Xuân Trung, Thanh Xuân","20.99713680757702, 105.80311633264431"
37969226,06/03/2025,Chuyển chỗ ở bán gấp căn 2PN 81m2 full đồ tại Việt Đức Thanh Xuân,Giá thỏa thuận,81 m²,N/A,2,2,"Nhân Chính, Thanh Xuân","20.9996452331543, 105.799385070801"
42321834,06/03/2025,"Bán căn hộ chung cư Handico complex - 33 Lê Văn Lương, 80 triệu/m2, 70m2, 2PN, 2WC, giá tốt","5,6 tỷ",70 m²,80 tr/m²,2,2,"Nhân Chính, Thanh Xuân","21.003618073863148, 105.80223840750904"
42348198,06/03/2025,Tập thể Thuốc Lá Thăng Long - Tầng 1 - 2 PN - Full nội thất - 2.9 tỷ,"2,9 tỷ",70 m²,"41,43 tr/m²",2,1,"Thượng Đình, Thanh Xuân","20.9998152842166, 105.813658021442"
41672373,06/03/2025,"Chính thức bàn giao sổ hồng cho cư dân em sẵn quỹ căn 3 ngủ, 4 ngủ chủ nhà gửi bản sẵn sổ giá rẻ",14 tỷ,"151,5 m²","92,41 tr/m²",4,3,"Nhân Chính, Thanh Xuân","21.005226, 105.80506"
42348763,06/03/2025,BÁN CĂN HỘ 3 NGỦ FULL NỘI THẤT SIÊU HIẾM FIVE STAR QUẬN THANH XUÂN GIÁ 6 TỶ,6 tỷ,90 m²,"66,67 tr/m²",3,2,"Hạ Đình, Thanh Xuân","20.9860000610352, 105.812187194824"
42338341,06/03/2025,"Chính chủ cần tiền bán gấp CC Imperial 360 Giải Phóng giá sốc 6,25 tỷ DT 115m2, 3PN full NT","6,25 tỷ",115 m²,"54,35 tr/m²",3,2,"Phương Liệt, Thanh Xuân","20.985225569825, 105.838760387109"
42348813,06/03/2025,Hiếm! Bán căn góc Times Tower - view công viên hồ Thanh Xuân - DT 128m2 - full nội thất - SĐCC!,"9,7 tỷ",128 m²,"75,78 tr/m²",3,2,"Nhân Chính, Thanh Xuân","21.0027088824019, 105.801479312291"
42348458,06/03/2025,"Gia đình cần bán căn góc Bohemia Residence, 127m2, 3 ngủ 2 vệ sinh, full nội thất đẹp, hướng mát","9,14 tỷ",127 m²,72 tr/m²,N/A,N/A,"Thanh Xuân Trung, Thanh Xuân","20.99738335537167, 105.80417673337891"
41582112,06/03/2025,"Chính chủ bán gấp căn 3N2VS 107m2 tại Việt Đức Complex nội thất siêu đẹp, giá 6.5 tỷ","6,5 tỷ",107 m²,"60,75 tr/m²",3,2,"Nhân Chính, Thanh Xuân","20.999645233154297, 105.79938507080078"
42297846,06/03/2025,"Chính chủ cần bán gấp căn 3 ngủ tại Golden West, giá cả thương lượng liên hệ: 0924 750 ***","5,2 tỷ",96 m²,"54,17 tr/m²",3,2,"Nhân Chính, Thanh Xuân","20.9936459678355, 105.798573732209"
42326736,06/03/2025,"Bán gấp căn hộ 80m2 tại Handico Complex, Nhân Chính, Thanh Xuân, 80 triệu / m2 Hot!","6,4 tỷ",80 m²,80 tr/m²,2,2,"Nhân Chính, Thanh Xuân","21.0033735895986, 105.802257656034"
42308220,06/03/2025,"Căn hộ 3PN 2VS tại Riverside Garden, Vũ Tông Phan, Thanh Xuân. Giá 5,8 tỷ DT 83m LH 0978,965831","5,8 tỷ",83 m²,"69,88 tr/m²",3,2,"Khương Đình, Thanh Xuân","20.990697212556025, 105.81427869562923"
41675702,06/03/2025,Siêu phẩm 2 ngủ Rivera Park Vũ Trọng Phụng. BC Đông Nam Full nội thất nhập khẩu. DT 75m2 giá 6 tỷ,6 tỷ,75 m²,80 tr/m²,2,2,"Thanh Xuân Trung, Thanh Xuân","20.999118804931641, 105.80844116210938"
41780625,06/03/2025,"Bán ch 106m 4PN 2Wc giá 7.9tỷ đầy đủ nội thất, tòa Fafilm - VNT Tower phố Nguyễn Trãi, Q Thanh Xuân","7,9 tỷ",106 m²,"74,53 tr/m²",4,2,"Khương Trung, Thanh Xuân","21.0020564420647, 105.820296212236"
40833729,06/03/2025,Bán CH 94m2 2pn 2wc giá 5.5tỷ tòa Sakura Tower - Vũ Trọng Phụng Q. Thanh Xuân,"5,5 tỷ",94 m²,"58,51 tr/m²",2,2,"Thanh Xuân Trung, Thanh Xuân","20.997611999511719, 105.809326171875"
42348635,06/03/2025,Bán Harmony Square Nguyễn Tuân Thanh Xuân 2 ngủ 2wc 77.8m2 Tầng cao trục 09 6.2 tỷ bp 0966 849 ***,"6,2 tỷ","77,8 m²","79,69 tr/m²",2,N/A,"Nhân Chính, Thanh Xuân","21.000097631001577, 105.80178418381705"
42343129,06/03/2025,Suất ngoại giao duy nhất tại Viha Leciva 107 Nguyễn Tuân giá tốt nhất. LH: 0367 855 ***,"7,2 tỷ",72 m²,100 tr/m²,2,2,"Thanh Xuân Trung, Thanh Xuân","20.99732888212979, 105.80374829423698"
37033549,06/03/2025,"Vợ chồng tôi chuyển công tác cần bán căn 3PN 2WC tại Time Tower DT: 107m2 giá 7.5 tỷ, 0965 066 ***","7,5 tỷ",107 m²,"70,09 tr/m²",3,2,"Nhân Chính, Thanh Xuân","21.0024528503418, 105.801193237305"
39386255,06/03/2025,Bán chung cư Golden Palm 2PN hướng Đông Nam - sổ đỏ lâu dài - full NT - tòa nhà mới bàn giao 5 năm,"6,3 tỷ",85 m²,"74,12 tr/m²",2,2,"Nhân Chính, Thanh Xuân","21.006311, 105.80748"
42348387,06/03/2025,BÁN CĂN HỘ 3 NGỦ FULL NỘI THẤT SIÊU HIẾM FIVE STAR QUẬN THANH XUÂN GIÁ 6 TỶ,6 tỷ,90 m²,"66,67 tr/m²",3,2,"Hạ Đình, Thanh Xuân","20.9860000610352, 105.812187194824"
41462005,06/03/2025,"Chính chủ bán CH 2PN, DT 91m2, giá 7,1 tỷ, khu Royal City Thanh Xuân, tầng trung, LH 0944 641 ***","7,1 tỷ",91 m²,"78,02 tr/m²",2,2,"Thượng Đình, Thanh Xuân","21.002666473388672, 105.8154296875"
41688016,06/03/2025,Tôi chính chủ bán căn hộ 3PN ở chung cư BRG 25 Lê Văn Lương có slot ô tô LH tôi 0944 641 ***,8 tỷ,113 m²,"70,8 tr/m²",3,2,"Nhân Chính, Thanh Xuân","21.005226, 105.80506"
42348161,06/03/2025,"Bán gấp Rivera Park 3PN 2VS, DT 93m2, full nội thất cao cấp, thiết kế đẹp, tiện ích đầy đủ, giá tốt","9,1 tỷ",93 m²,"97,85 tr/m²",3,2,"Thanh Xuân Trung, Thanh Xuân","20.9992808706731, 105.808749570778"
37704010,06/03/2025,"Ban Cơ Yếu Chính Phủ 124m2 - 3PN giá 7,5 tỷ - BC: Đông Nam (k view nghĩa trang)","7,5 tỷ",124 m²,"60,48 tr/m²",3,2,"Nhân Chính, Thanh Xuân","20.9932934051641, 105.798474581853"
42348421,06/03/2025,Chính chủ bán căn chung cư Hapulico 85 Vũ Trọng Phụng 110m giá đầu tư,6 tỷ,110 m²,"54,54 tr/m²",3,2,"Thanh Xuân Trung, Thanh Xuân","20.999923455685057, 105.80716069437422"
41287594,06/03/2025,"CH dự án 90 Nguyễn Tuân 71,2m2 2PN 2WC BC: Đông Nam - 5,5 tỷ - 96m2 BC Đông Nam 7,5 tỷ","5,5 tỷ","71,2 m²","77,25 tr/m²",2,2,"Thanh Xuân Trung, Thanh Xuân","20.9962978363037, 105.805633544922"
37461801,06/03/2025,"Tôi chính chủ cần bán căn 3pn DT 94m full đồ 5,3 tỷ dự án Sakura 47 Vũ Trọng Phụng","5,3 tỷ",94 m²,"56,38 tr/m²",3,2,"Thanh Xuân Trung, Thanh Xuân","20.997612, 105.809326"
42173609,06/03/2025,"Bán căn hộ tập thể 2,28 tỷ, 45m2 tại ngõ 129 Nguyễn Trãi, Khương Đình, Thanh Xuân, Hà Nội","2,28 tỷ",45 m²,"50,67 tr/m²",2,1,"Khương Đình, Thanh Xuân","20.987828898077, 105.800592514853"
39945100,06/03/2025,"Vợ chồng em bán nhanh căn hộ chung cư 2 phòng ngủ - Golden Palm - DT 83m2 - giá 5,9 tỷ - 0988 246 ***","5,9 tỷ",83 m²,"71,08 tr/m²",2,2,"Nhân Chính, Thanh Xuân","21.006311, 105.80748"
42321148,06/03/2025,"Bán nhà 3 ngủ 2 WC, 141m2, 4 Ban Công Gold Tower, 275 Nguyễn Trãi, Thanh Xuân, view đẹp, căn góc",Giá thỏa thuận,141 m²,N/A,3,2,"Thanh Xuân Trung, Thanh Xuân","20.993824, 105.80698"
40246486,06/03/2025,"Vợ chồng tôi cần bán căn hộ view hồ công viên Thanh Xuân 128m 3n2wc, giá bán: 8.5 tỉ LH: 0965 066 ***","8,5 tỷ",128 m²,"66,41 tr/m²",3,2,"Nhân Chính, Thanh Xuân","21.0026340484619, 105.801559448242"
42348300,06/03/2025,"CHÍNH CHỦ: Bán căn hộ 110m2, 3PN, đồ cơ bản chủ đầu tư tại Gold Tower, giá 8,2 tỷ. 0899.,511.,866","8,1 tỷ",110 m²,"73,64 tr/m²",3,2,"Thanh Xuân Trung, Thanh Xuân","20.993824, 105.80698"
35289103,06/03/2025,"Chính chủ bán căn hộ chung cư căn góc toà Bohemia 3N2WC DT: 127 m2. Giá: 8.6 tỷ, LH: 0965 066 ***","8,6 tỷ",127 m²,"67,72 tr/m²",3,2,"Thanh Xuân Trung, Thanh Xuân","20.9974040985107, 105.804061889648"
41962520,06/03/2025,"Chính chủ bán căn hộ King Palace. 2 ngủ, 2 VS 82 m2 view đẹp tầng trung. 0868 617 ***",Giá thỏa thuận,82 m²,N/A,3,2,"Thượng Đình, Thanh Xuân","21.0007204275716, 105.815195834912"
41976441,06/03/2025,"Bán ch 107m2, 3pn 2wc giá 8tỷ tòa Time Tower - Lê Văn Lương, Thanh Xuân",8 tỷ,107 m²,"74,77 tr/m²",3,2,"Nhân Chính, Thanh Xuân","21.001844400919989, 105.80116518007689"
40362616,06/03/2025,"Quỹ căn 2pn và 3pn cần bán tại King Palace 108 Nguyễn Trãi, Thanh Xuân full cao cấp xem nhà 24/7","6,9 tỷ",82 m²,"84,15 tr/m²",2,2,"Thượng Đình, Thanh Xuân","21.000292, 105.81601"
41680416,06/03/2025,"Bán CC Hei Tower, Ngụy Như Kon Tum, Nhân Chính, Thanh Xuân, Hà Nội, 9,7 tỷ, 148m2 - Hot!","9,7 tỷ",148 m²,"65,54 tr/m²",4,3,"Nhân Chính, Thanh Xuân","21.003246307373047, 105.80506134033203"
41348224,06/03/2025,Hàng hiếm bán căn hộ 3 phòng ngủ tại dự án Gold Tower địa chỉ 275 Nguyễn Trãi liên hệ e Thành,"8,3 tỷ",110 m²,"75,46 tr/m²",3,2,"Thanh Xuân Trung, Thanh Xuân","20.993450317788326, 105.80686856495785"
41780349,06/03/2025,"Bán gấp căn hộ 3PN, 2WC, 8,2 tỷ, 104m2 tại Handi Resco Lê Văn Lương, Thanh Xuân, Hà Nội","8,2 tỷ",104 m²,"78,85 tr/m²",3,2,"Nhân Chính, Thanh Xuân","21.004118531775, 105.802724033612"
42186610,06/03/2025,"Bán căn góc 3 PN The Legend, 109 Nguyễn Tuân, Thanh Xuân, DT 106m2, giá 8,5 tỷ, đầy đủ nội thất","8,5 tỷ",106 m²,"80,19 tr/m²",3,2,"Nhân Chính, Thanh Xuân","21.0050172068981, 105.80469243001619"
42347962,06/03/2025,"Hiếm: bán căn góc 3 ngủ tòa The Legend, view thoáng rộng,tầng trung đẹp nhất.giá cực tốt",Giá thỏa thuận,106 m²,N/A,N/A,N/A,"Nhân Chính, Thanh Xuân","21.00469608280374, 105.80392121303022"
39420743,06/03/2025,"(Căn mới)chính chủ cần bán 67m2, 78m2 giá từ 4,5tỷ và 90m2, 95m2, 117m2 giá từ 6tỷ tại Imperial 360","4,5 tỷ",78 m²,"57,69 tr/m²",2,2,"Phương Liệt, Thanh Xuân","20.9854316711426, 105.839340209961"
41559779,06/03/2025,"CC Rivera Park dt 71m2 nội thất full gắn tường, có slot ô tô giá nhỉnh 6 tỷ","6,45 tỷ",71 m²,"90,84 tr/m²",2,2,"Thanh Xuân Trung, Thanh Xuân","20.9996059358524, 105.808299175155"
40680223,06/03/2025,"Bán CH 162m2 3N 2W giá 9.6 tỷ Hei Tower - Ngụy Như Kon Tum, Q Thanh Xuân. LH 0971 565 ***",96 tỷ,160 m²,600 tr/m²,3,2,"Nhân Chính, Thanh Xuân","21.003246307373, 105.805061340332"
35705939,06/03/2025,"Chính chủ bán cán hộ 128m2 TK: 3PN 2WC, full đồ nội thất, 8,5 tỷ dự án Times Tower - Lê Văn Lương","8,5 tỷ",128 m²,"66,41 tr/m²",3,2,"Nhân Chính, Thanh Xuân","21.0024528503418, 105.801193237305"
38735949,06/03/2025,"Dự án Diamond Flower Tower 120m 3 ngủ -- 9 tỷ ---- 171m2, 4PN - 2WC, BC: Đông Nam, 11 tỷ",11 tỷ,171 m²,"64,33 tr/m²",4,2,"Nhân Chính, Thanh Xuân","21.005667439275445, 105.80417367549887"
42337228,06/03/2025,Bán CC 141m2 3PN 2 vệ sinh 4 ban công đầy đủ nội thất Gold Tower 275 Nguyễn Trãi giá tốt nhất TT,Giá thỏa thuận,141 m²,N/A,3,2,"Thanh Xuân Trung, Thanh Xuân","20.9946392365391, 105.807305592472"
39839293,06/03/2025,Căn 3PN 2VS giá cực tốt - Chung cư Handico Complex 33 Lê Văn Lương - Hỗ trợ vay 70% - T6 nhận nhà,"6,79 tỷ",80 m²,"84,85 tr/m²",3,2,"Nhân Chính, Thanh Xuân","21.0033874511719, 105.802452087402"
41133597,06/03/2025,"Chính chủ bán căn 3 ngủ GoldSeason, 47 Nguyễn Tuân, Thanh Xuân, 100m2, giá 6,5 tỷ, đầy đủ nội thất","6,5 tỷ",100 m²,65 tr/m²,3,2,"Thanh Xuân Trung, Thanh Xuân","20.994771957397461, 105.80612945556641"
41517978,06/03/2025,"(Giá thật) chính chủ bán căn 135m2, 3 phòng ngủ + tầng trung 9,5 tỷ, chung cư Bohemia","9,5 tỷ",135 m²,"70,37 tr/m²",3,2,"Thanh Xuân Trung, Thanh Xuân","20.997404098510742, 105.80406188964844"
42337159,06/03/2025,Chủ nhà thiện chí cần bán 2N2WC 66m2 5tỷx tại Handiresco 31 Lê Văn Lương ban công ĐN. LH 0327 005 ***,Giá thỏa thuận,66 m²,N/A,2,2,"Nhân Chính, Thanh Xuân","21.0036691742722, 105.803708610304"
42099831,06/03/2025,Chính chủ! Tôi bán căn 3 ngủ 110m2 full đồ Đông Nam sổ đỏ giá 8 tỷ chung cư Imperia Garden,8 tỷ,110 m²,"72,73 tr/m²",3,2,"Thanh Xuân Trung, Thanh Xuân","20.99716378549473, 105.80311100454746"
42277969,06/03/2025,"Hoàng 3333 giá thật. Bán CH 110m2, 3N - 2WC, tại Hei Tower, ban công Đông Bắc mát lạnh, full đồ, SĐ","7,5 tỷ",110 m²,"68,18 tr/m²",3,2,"Nhân Chính, Thanh Xuân","21.003397764443267, 105.80575370616344"
42265777,06/03/2025,"Hoàng 3333 Giá Thật. Bán CC Royal City, 133m2, 2PN, 2WC, pháp lý đầy đủ, Nội thất cơ bản, view đẹp","13,3 tỷ",133 m²,100 tr/m²,2,2,"Thượng Đình, Thanh Xuân","21.002740862900602, 105.81471532839325"
42297010,06/03/2025,"Hoàng 3333 giá thật. Bán CH 126m2, 3N - 2WC, tại Hei Tower, ban công Đông Bắc mát lạnh, full đồ, SĐ","8,6 tỷ",126 m²,"68,25 tr/m²",3,2,"Nhân Chính, Thanh Xuân","21.002410455834255, 105.80504083188026"
42278162,06/03/2025,"Hoàng 3333 giá thật. Bán CC Thống Nhất Complex 95m2, 3PN, 2WC, full đồ, tầng trung mát mẻ, sổ đỏ","8,1 tỷ",95 m²,"85,26 tr/m²",3,2,"Thanh Xuân Trung, Thanh Xuân","20.997465014175845, 105.8037498493148"
42304343,06/03/2025,Bán căn hộ Royal City 3 phòng ngủ nội thất đẹp long lanh vị trí trung tâm Ngã Tư Sở quân Thanh Xuân,"15,5 tỷ",164 m²,"94,51 tr/m²",3,2,"Thượng Đình, Thanh Xuân","21.001909351259332, 105.81520377841716"
39893422,06/03/2025,"Duy nhất căn góc đẹp nhất 167m, 3 ngủ hướng ĐN view hồ tại Diamond Flower giá 11 tỷ có thương lượng",11 tỷ,167 m²,"65,87 tr/m²",3,N/A,"Nhân Chính, Thanh Xuân","21.005578994750977, 105.80374908447266"
42100147,06/03/2025,Cắt lỗ 200tr căn 3 ngủ 100m2 Đông Nam giá nhỉnh 6 tỷ. 0968 849 ***,"6,5 tỷ",100 m²,65 tr/m²,3,2,"Thanh Xuân Trung, Thanh Xuân","20.99911552836834, 105.81260692894986"
42343794,06/03/2025,"Hoàng 3333 giá thật. Bán căn hộ 126m2, 3PN, 2WC, chung cư Hei Tower, ban công Đông Bắc mát mẻ, SĐ","8,3 tỷ",126 m²,"65,87 tr/m²",3,2,"Nhân Chính, Thanh Xuân","21.003216182335375, 105.80551187684931"
40798336,06/03/2025,Chính chủ bán căn hộ 3PN căn góc 86m2 tầng trung full nội thất có sổ đỏ lâu dài sẵn sàng mua bán,7 tỷ,86 m²,"81,4 tr/m²",3,2,"Nhân Chính, Thanh Xuân","21.004614, 105.80408"
42028154,06/03/2025,Bán gấp căn 2 ngủ 82m2 full đồ 6 tỷ chung cư Imperia Garden 0968 849 ***,"5,5 tỷ",82 m²,"67,07 tr/m²",2,2,"Thanh Xuân Trung, Thanh Xuân","20.9972847869091, 105.802985026991"
41001966,06/03/2025,"Chính chủ bán căn góc 2 ngủ 83m2, ban công ĐN, tại Golden Plam giá 6.3 tỷ có thương lượng","6,3 tỷ",83 m²,"75,9 tr/m²",2,N/A,"Nhân Chính, Thanh Xuân","21.006311416625977, 105.80747985839844"
42300906,06/03/2025,"Bán căn hộ Royal City 3 phòng ngủ siêu đẹp, giá rẻ, vị trí trung tâm Ngã Tư Sở, quận Thanh Xuân","11,7 tỷ",130 m²,90 tr/m²,3,2,"Thượng Đình, Thanh Xuân","21.002423406357448, 105.81624548943932"
42342874,06/03/2025,"Bán căn hộ Royal City 3 phòng ngủ siêu đẹp, giá rẻ, vị trí trung tâm Ngã Tư Sở, quận Thanh Xuân","11,5 tỷ",130 m²,"88,46 tr/m²",3,2,"Thượng Đình, Thanh Xuân","21.002553346880823, 105.81545800555375"
41777060,06/03/2025,"Chính chủ bán 2PN, 2WC, tầng trung, view thoáng, chỉ 4,5 tỷ. Nhà đẹp. LH: 0343,202.831","4,5 tỷ",72 m²,"62,5 tr/m²",2,2,"Khương Trung, Thanh Xuân","20.996413674445819, 105.81769175625084"
42194793,06/03/2025,"Chính chủ bán CH dự án FiveStar Kim Giang. DT 100m2, 3N2VS, sổ đỏ lâu dài. Giá 6,7tỷ. LH 0866 839 ***","6,7 tỷ",100 m²,67 tr/m²,3,2,"Hạ Đình, Thanh Xuân","20.986008162845817, 105.81218929908479"
42169546,06/03/2025,"Bán CH dự án Golden Land, 275 Nguyễn Trãi. DT 130m2, 3N2VS, căn góc thoáng full nội thất. Giá 7,6tỷ","7,6 tỷ",130 m²,"58,46 tr/m²",3,2,"Thanh Xuân Trung, Thanh Xuân","20.993212267036434, 105.80705408555126"
42298750,06/03/2025,"Bán căn hộ Royal City 3 phòng ngủ, giá rẻ đẹp, vị trí đắc địa trung tâm Ngã Tư Sở, quận Thanh Xuân",10 tỷ,110 m²,"90,91 tr/m²",3,2,"Thượng Đình, Thanh Xuân","21.0023867673037, 105.815804667393"
25598956,06/03/2025,"Chính chủ bán gấp căn 121m2 tòa B chung cư Thống Nhất Complex, giá 9 tỷ LH: 0988 598 ***",9 tỷ,121 m²,"74,38 tr/m²",3,N/A,"Thanh Xuân Trung, Thanh Xuân","20.998046875, 105.80354309082"
42201005,06/03/2025,"Bán căn hộ chung cư Legend Tower 109 Nguyễn Tuân, 6 tỷ VND, 64 m2, giá ưu đãi uy tín",6 tỷ,64 m²,"93,75 tr/m²",2,2,"Nhân Chính, Thanh Xuân","21.0054320655326, 105.804366219212"
42205917,06/03/2025,"Chính chủ bán căn hộ Gold Tower, 8 tỷ, 120 m2, 3 ngủ view đẹp, Q. Thanh Xuân, Hà Nội",8 tỷ,120 m²,"66,67 tr/m²",3,2,"Thanh Xuân Trung, Thanh Xuân","20.9942127608502, 105.807095028234"
42300799,06/03/2025,"Bán căn hộ Royal City 3 phòng ngủ siêu đẹp, giá rẻ, vị trí trung tâm Ngã Tư Sở, quận Thanh Xuân","15,6 tỷ",148 m²,"105,4 tr/m²",3,2,"Thượng Đình, Thanh Xuân","21.00288253259473, 105.81528918331635"
42308376,06/03/2025,"Không ảo chính chủ gửi bán CC 90 Nguyễn Tuân, 71m2 2N2VS 5.75 tỷ, 92m 3N2VS 7.5 tỷ, LH 0936 218 ***","5,75 tỷ",71 m²,"80,99 tr/m²",2,2,"Thanh Xuân Trung, Thanh Xuân","20.9967633686175, 105.805116553624"
42217634,06/03/2025,"Bán nhanh CH dự án Golden Palm, 21 Lê Văn Lương. DT 82m2, 2N2VS, ban công ĐN, full đồ. Giá 6,1 tỷ","6,1 tỷ",82 m²,"74,39 tr/m²",2,2,"Nhân Chính, Thanh Xuân","21.00644389672395, 105.80753967217765"
42320881,06/03/2025,"Chính chủ bán căn 105m2 tại chung cư BRG Lê Văn lương, full nội thất tầng trung đẹp",11 tỷ,105 m²,"104,76 tr/m²",3,2,"Nhân Chính, Thanh Xuân","21.005626811629238, 105.80536262706366"
42217406,06/03/2025,"Bán căn hoa hậu dự án Golden Palm. 105m2, 3N2VS,ban công ĐN,full nội thất. Giá 8,1tỷ. LH 0866 839 ***","8,1 tỷ",105 m²,"77,14 tr/m²",3,2,"Nhân Chính, Thanh Xuân","21.005573570220495, 105.80773820996937"
40336112,06/03/2025,"Rivera Park bán gấp căn 2Pn2vs hướng ĐN - TB, Nội thất full gắn tường, có slot ôtô giá 6.5 tỷ","6,5 tỷ",72 m²,"90,28 tr/m²",2,2,"Thanh Xuân Trung, Thanh Xuân","20.999119, 105.80844"
41705280,06/03/2025,"Bán căn hộ CC 2PN, 2WC tại Five Star Kim Giang, giá 5,6tỷ, 84m2, rẻ nhất Thanh Xuân, Hà Nội","5,6 tỷ",84 m²,"66,67 tr/m²",2,2,"Hạ Đình, Thanh Xuân","20.986, 105.81219"
42220074,06/03/2025,"Bán CH dự án Imperia Garden, Nguyễn Huy Tưởng. DT 82m2, 2N2VS, full nội thất. Giá 6,6tỷ. 0866 839 ***","6,6 tỷ",82 m²,"80,49 tr/m²",2,2,"Thanh Xuân Trung, Thanh Xuân","20.997527246857576, 105.80306527733505"
42347696,06/03/2025,"Duy nhất! 2PN chỉ 4,75 tầng thấp, view đẹp, sổ đỏ, NT đẹp. LH: 0343 202 ***","4,75 tỷ",68 m²,"69,85 tr/m²",2,2,"Hạ Đình, Thanh Xuân","20.985499258083973, 105.8123976559582"
35640196,06/03/2025,"Chính chủ bán gấp căn 128m2 căn góc, tháp 2 chung cư Times Tower, giá 9 tỷ sổ đỏ cầm tay",9 tỷ,128 m²,"70,31 tr/m²",3,2,"Nhân Chính, Thanh Xuân","21.0024528503418, 105.801193237305"
42217852,06/03/2025,"Bán căn góc - ban công Đông Nam, Dt 105m2, 3N2VS dự án The Legend Tower 109 Nguyễn Tuân giá 8,5 tỷ","8,5 tỷ",105 m²,"80,95 tr/m²",3,2,"Nhân Chính, Thanh Xuân","21.0051871669198, 105.804348499671"
41347751,06/03/2025,"Bán căn hộ chung cư 3 Ngủ, 163m2, căn góc siêu vip tại Hei Tower, giá tốt chỉ 62 triệu/m2.","10,11 tỷ",163 m²,62 tr/m²,N/A,N/A,"Nhân Chính, Thanh Xuân","21.003246307373047, 105.80506134033203"
42347387,06/03/2025,"Chỉ 1,705 tỷ cho Căn Hộ Chung Cư Mini 2 Ngủ 2wc có sổ Hồng Đồng Sở Hữu","1,71 tỷ",48 m²,"35,52 tr/m²",2,2,"Khương Trung, Thanh Xuân","20.9956892966097, 105.817713242274"
41560112,06/03/2025,"Hapulico Complex bán gấp căn hộ 3Pn diện tích 140m2 nội thất cơ bản chủ đầu tư, sổ lâu dài",8 tỷ,139 m²,"57,55 tr/m²",3,2,"Thanh Xuân Trung, Thanh Xuân","20.9975631143516, 105.804093037501"
42223222,06/03/2025,"Bán CH dự án BRG 25 Lê Văn Lương, Dt 105m2, 3N2VS, full nội thất - Sổ đỏ. Giá 12 tỷ. LH 0866 839 ***",12 tỷ,105 m²,"114,29 tr/m²",3,2,"Nhân Chính, Thanh Xuân","21.005083269676458, 105.80498532797448"
42129985,06/03/2025,"Bán gấp CC 3PN 120m2 full nội thất tại chung cư Hei Tower, Ngụy Như Kon Tum, Thanh Xuân, giá 7,5 tỷ","7,5 tỷ",120 m²,"62,5 tr/m²",3,2,"Nhân Chính, Thanh Xuân","21.003345114415264, 105.8047688275913"
42329458,06/03/2025,"Ko ảo, CC Gold Tower: 130m2 3N2VS 9.6 tỷ, 115m2 3N2VS, 8.6 tỷ, 91m2 3N 2VS 7.x tỷ, LH 0936 218 ***","9,6 tỷ",130 m²,"73,85 tr/m²",3,2,"Thanh Xuân Trung, Thanh Xuân","20.99394919098557, 105.80663095551368"
41490643,06/03/2025,"Bán gấp căn hộ 2PN full nội thất tại Rivera Park 69 Vũ Trọng Phụng giá 6 tỷ, LH 0333 995 ***",6 tỷ,70 m²,"85,71 tr/m²",2,2,"Thanh Xuân Trung, Thanh Xuân","20.9995152289822, 105.808200473731"
42308387,06/03/2025,"Không ảo, bán căn 3N, Thống Nhất Complex 122m2 8.75 tỷ, 95m2 giá 7.15 tỷ, 87m2 6.95 tỷ, 0936 218 ***","8,75 tỷ",122 m²,"71,72 tr/m²",3,2,"Thanh Xuân Trung, Thanh Xuân","20.998305824852, 105.803358693357"
42308417,06/03/2025,"Không ảo CC Imperia: 73m 2N 5.9 tỷ, 97m 3N 8.96 tỷ 108m2 3N 9.1 tỷ, 138m2 giá 12.x tỷ, 0936 218 ***","8,96 tỷ",97 m²,"92,37 tr/m²",3,2,"Thanh Xuân Trung, Thanh Xuân","20.997279752098173, 105.80304676047548"
42347658,06/03/2025,"Bán CC 2PN, 2WC 4,x tỷ tại PVV - Vinapharm 60B Nguyễn Huy Tưởng - Thanh Xuân","4,7 tỷ",70 m²,"67,14 tr/m²",2,2,"Thanh Xuân Trung, Thanh Xuân","20.998999467068, 105.806327751306"
41030488,06/03/2025,"Bảng hàng trực tiếp CĐT! Căn 2PN (72m2, 73m2, 74m2) full nội thất cao cấp, lãi suất 0%",Giá thỏa thuận,72 m²,N/A,2,2,"Thanh Xuân Trung, Thanh Xuân","20.997587, 105.80383"
41738723,06/03/2025,"Duy nhất! Suất NG cán bộ 3PN 97m2 Đông Nam, giá rẻ hơn thị trường 1 tỷ vào tên HĐMB. LH 0988 160 ***","8,73 tỷ",97 m²,90 tr/m²,3,3,"Thanh Xuân Trung, Thanh Xuân","20.997587203979492, 105.8038330078125"
41603526,06/03/2025,"Mở bán quỹ căn tầng đẹp, giá siêu hot nhất chung cư Viha Complex, 107 Nguyễn Tuân. LH 0988 160 ***","6,48 tỷ",72 m²,90 tr/m²,2,N/A,"Thanh Xuân Trung, Thanh Xuân","20.997587, 105.80383"
42325436,06/03/2025,Căn hộ 2N2VS 70m2 tầng trung tại Handico 33 Lê Văn Lương,Giá thỏa thuận,"70,4 m²",N/A,2,2,"Nhân Chính, Thanh Xuân","21.00324020093947, 105.80266063103775"
42297540,06/03/2025,"Bán căn hộ đẹp tại Times Tower Lê Văn Lương, giá 9 tỷ VND, 128m2, 3PN, 2WC, nhiều tiện ích",9 tỷ,128 m²,"70,31 tr/m²",3,2,"Nhân Chính, Thanh Xuân","21.002836255092912, 105.80064351972074"
41646100,06/03/2025,"Bán căn hộ chung cư đẹp xuất sắc tại Golden Land, 60 triệu/m2, 115 m2","6,9 tỷ",115 m²,60 tr/m²,3,2,"Thanh Xuân Trung, Thanh Xuân","20.9934864044189, 105.806907653809"
42098321,06/03/2025,"Bán CC đẹp giá siêu hời tại Imperia Garden, 5, x tỷ, 69m2, 2PN, 2WC","5,8 tỷ",69 m²,"84,06 tr/m²",2,2,"Thanh Xuân Trung, Thanh Xuân","20.997497587250212, 105.80277060038436"
42195627,06/03/2025,"Bán gấp căn hộ 2PN, 2WC tại Legend Tower 109 Nguyễn Tuân, 6,7 tỷ, 73m2","6,7 tỷ",73 m²,"91,78 tr/m²",2,2,"Nhân Chính, Thanh Xuân","21.004585965124054, 105.80414295195801"
42128861,06/03/2025,"Bán CC The Golden Palm Lê Văn Lương, 5,9 tỷ, 67m2, 2PN, 2WC, chính chủ","5,9 tỷ",67 m²,"88,06 tr/m²",2,2,"Nhân Chính, Thanh Xuân","21.0063095059078, 105.807484948072"
42184552,06/03/2025,"Bán nhà chung cư 283 Khương Trung, Thanh Xuân: 90m2 3 ngủ chỉ nhỉnh 5 tỷ còn mới, slot ô tô","5,65 tỷ",90 m²,"62,78 tr/m²",3,2,"Khương Trung, Thanh Xuân","20.996498386567303, 105.81828872139307"
42275288,06/03/2025,Chính chủ cần bán căn CC Việt Đức Complex diện tích 80m2 giá 4 tỷ,4 tỷ,80 m²,50 tr/m²,2,2,"Nhân Chính, Thanh Xuân","20.999590782593415, 105.79941922479149"
42338393,06/03/2025,"Chính chủ bán căn hộ Imperia Garden 110m2, 3 phòng ngủ 2 vệ sinh, nhà đẹp lung linh, full nội thất","9,5 tỷ",110 m²,"86,36 tr/m²",3,2,"Thanh Xuân Trung, Thanh Xuân","20.9972086126809, 105.803832081231"
41934170,06/03/2025,"Bán căn góc hoa hậu 3 pn ban công ĐN rộng nhất, sổ đỏ + slot ô tô tại Times Tower 31 Lê Văn Lương","9,1 tỷ",130 m²,70 tr/m²,3,2,"Nhân Chính, Thanh Xuân","21.0024037641644, 105.801596673072"
39930648,06/03/2025,"Vợ chồng em bán nhanh căn hộ chung cư 2 phòng ngủ - 76 m2 toà nhà Gold Season giá 5,5 tỷ 0988 246 ***","5,5 tỷ",66 m²,"83,33 tr/m²",2,2,"Thanh Xuân Trung, Thanh Xuân","20.9947719573975, 105.806129455566"
42318837,06/03/2025,"Bán căn 96m2 tại dự án Viha Nguyễn Tuân tầng đẹp, ban công Đông Nam giá 7tỷ",5 tỷ,96 m²,"52,08 tr/m²",3,3,"Thanh Xuân Trung, Thanh Xuân","20.9971303418102, 105.804381284808"
42330497,06/03/2025,"Bán CH đẹp tại Chung cư 51 Quan Nhân, 4,5 tỷ, 75m2, 2PN, 2WC","4,5 tỷ",75 m²,60 tr/m²,2,2,"Nhân Chính, Thanh Xuân","21.00682731898037, 105.81200509692414"
37805625,06/03/2025,"Chính chủ bán căn 3PN 2WC, 165m2 tại Hei Tower - Thanh Xuân, 11 tỷ. Căn góc view đẹp",11 tỷ,165 m²,"66,67 tr/m²",3,2,"Nhân Chính, Thanh Xuân","21.003246307373, 105.805061340332"
42021718,06/03/2025,"""Giá thật"". Gia đình cần bán căn 2 PN 2 vs cc Imperia Graden 203 Nguyễn Huy Tưởng 80m2 0987 907 ***","5,5 tỷ",80 m²,"68,75 tr/m²",2,2,"Thanh Xuân Trung, Thanh Xuân","20.998030953267, 105.802787827854"
42291854,06/03/2025,"Bán CC Imperia Garden, 7 tỷ, 84m2, 2PN, 2WC, Tây Bắc, Đông Bắc, Q.Thanh Xuân, HN",7 tỷ,84 m²,"83,33 tr/m²",2,2,"Thanh Xuân Trung, Thanh Xuân","20.996936719964424, 105.80251976893554"
41641675,06/03/2025,Chủ nhà cần tiền giảm sốc 300tr căn 3PN 2VS (căn góc) tầng 15 đẹp nhất CC Imperia Garden,"8,15 tỷ","97,5 m²","83,59 tr/m²",3,2,"Thanh Xuân Trung, Thanh Xuân","20.997276, 105.802986"
41980097,06/03/2025,Siêu hot! Chủ nhà cần tiền giảm sốc 300tr 2PN 2VS đẹp nhất dự án 90 Nguyễn Tuân có slot đỗ ô tô,"5,5 tỷ","71,2 m²","77,25 tr/m²",2,2,"Thanh Xuân Trung, Thanh Xuân","20.9969952794032, 105.805534490259"
41693980,06/03/2025,"Siêu hot! Chủ nhà cần tiền giảm sốc 500tr, căn 3 ngủ 2VS (căn góc) đẹp nhất dự án The Legend","7,8 tỷ","105,5 m²","73,93 tr/m²",3,2,"Nhân Chính, Thanh Xuân","21.004613876342773, 105.8040771484375"
42291623,06/03/2025,"Bán CC tại Hà Nội Center Point, 7 tỷ, 80m2, 3PN, 2WC",7 tỷ,80 m²,"87,5 tr/m²",3,2,"Nhân Chính, Thanh Xuân","21.004824211662367, 105.80447183269303"
31104652,06/03/2025,"Ban công ĐN, căn hộ 2 PN 2 WC, đường Lê Văn Lương, Handi Resco, 65m2, full đồ, giá 5.1 tỷ","5,1 tỷ",65 m²,"78,46 tr/m²",2,2,"Nhân Chính, Thanh Xuân","21.0034675598145, 105.802444458008"
42264471,06/03/2025,"Bán căn hộ chung cư 3 ngủ mặt phố Lê Văn Lương, Thanh Xuân, Siêu đẹp, 135m2, 7.3 tỷ","7,3 tỷ",135 m²,"54,07 tr/m²",3,2,"Nhân Chính, Thanh Xuân","20.999611812905222, 105.79941602023987"
42343679,06/03/2025,"Bán CC 3PN 2WC tại Imperia Garden, 9 tỷ, 97m2, Thanh Xuân, HN",9 tỷ,97 m²,"92,78 tr/m²",3,2,"Thanh Xuân Trung, Thanh Xuân","20.996951080658395, 105.80342699627867"
42272786,06/03/2025,"Bán căn hộ 2 ngủ 65m2 Lê Trọng Tấn, 2 mặt thoáng, có slot ô tô, full nội thất, 4.25 tỷ","4,25 tỷ",65 m²,"65,39 tr/m²",N/A,N/A,"Khương Mai, Thanh Xuân","21.0002391784339, 105.828103549016"
42341043,06/03/2025,"Căn 3PN 105m2 đẹp lung linh. Full nội thất nhập khẩu Đức tặng lại. Giá 10,x tỷ Lh: 0911 717 ***",Giá thỏa thuận,105 m²,N/A,3,2,"Nhân Chính, Thanh Xuân","21.0047307034814, 105.8056475625672"
42346625,06/03/2025,"Bán căn hộ chung cư Royal City, Nguyễn Trãi, Thượng Đình, Thanh Xuân, Hà Nội, giá 9.5 tỷ, 106m2","9,5 tỷ",106 m²,"89,62 tr/m²",2,2,"Thượng Đình, Thanh Xuân","21.0021389560163, 105.815201693243"
42321492,06/03/2025,"Chỉ 75tr/m2 Sở hữu ngay CHCC- 3PN 110m2 View Đẹp, Toà Golden Tower 275 Nguyễn Trãi. Lh: 0911 717 ***","8,25 tỷ",110 m²,75 tr/m²,3,2,"Thanh Xuân Trung, Thanh Xuân","20.99406519554457, 105.80686747423606"
41637896,06/03/2025,"Cần bán nhanh căn GoldSeason 47 Nguyễn Tuân 3N 2W 6,6 tỷ full nội thất. LH 0962 347 ***","6,6 tỷ",102 m²,"64,71 tr/m²",3,2,"Thanh Xuân Trung, Thanh Xuân","20.994772, 105.80613"
41978975,06/03/2025,"Full quỹ chuyển nhượng đủ diện tích tại tòa BRG 25 Lê Văn Lương, thông tin chi tiết liên hệ ngay",Giá thỏa thuận,105 m²,N/A,3,2,"Nhân Chính, Thanh Xuân","21.0051134181147, 105.805201494438"
41839705,06/03/2025,"Quỹ Duplex, đập thông diện tích lớn giá ngoại giao ưu đãi tại Viha 107 Nguyễn Tuân, Chính sách tốt",Giá thỏa thuận,158 m²,N/A,3,2,"Thanh Xuân Trung, Thanh Xuân","20.9977900078938, 105.804247600133"
41949734,06/03/2025,"(Chính chủ) Bán căn hộ 3 ngủ (sáng) 151m2, tòa R1 Royal City",16 tỷ,151 m²,"105,96 tr/m²",3,2,"Thượng Đình, Thanh Xuân","21.002505037144086, 105.8151049723528"
42101635,06/03/2025,(Chính chủ) bán căn hộ 2 phòng ngủ tòa R5 Royal City: Ban công hướng chính Nam,"9,5 tỷ","106,8 m²","88,95 tr/m²",2,2,"Thượng Đình, Thanh Xuân","21.0028772890074, 105.815481008383"
42291147,06/03/2025,"Chính chủ gửi bán căn hộ Times Tower Lê Văn Lương, DT 128m2, TK: 3PN2VS, giá: 9 tỷ LH - 0862 411 ***",9 tỷ,128 m²,"70,31 tr/m²",3,2,"Nhân Chính, Thanh Xuân","21.0025588655433, 105.801731468294"
42344666,06/03/2025,"Bán tập thể Thanh Xuân Bắc, diện tích 120m 3PN + 2WC + bếp, hàng hiếm tại chỉ hơn 2 tỷ",275 nghìn,120 m²,"2,29 nghìn/m²",3,2,"Thanh Xuân Bắc, Thanh Xuân","20.9936395881344, 105.797957275586"
42106322,06/03/2025,Bán căn hộ 3 ngủ 94m2 mới tinh tại Nguyễn Tuân cách công viên Thanh Xuân chỉ 300m,9 tỷ,94 m²,"95,74 tr/m²",3,3,"Thanh Xuân Trung, Thanh Xuân","20.997582854444534, 105.8038031598203"
42343676,06/03/2025,"Bán CC Imperia Garden, Nguyễn Huy Tưởng, 6 tỷ, 74m2, giá siêu hời hàng hot",6 tỷ,74 m²,"81,08 tr/m²",2,N/A,"Thanh Xuân Trung, Thanh Xuân","20.997300945820843, 105.80293925730683"
42345989,06/03/2025,"Căn góc Time Tower - 35 Lê Văn Lương Thanh Xuân, diện tích 128m Giá hợp lý nhất khu vực","9,7 tỷ",128 m²,"75,78 tr/m²",3,2,"Nhân Chính, Thanh Xuân","21.002894511693942, 105.80198387726001"
39184900,06/03/2025,Chính chủ cần bán nhanh trong tháng căn 3PN dự án Diamond Flower 48 Lê Văn Lương,Giá thỏa thuận,"120,1 m²",N/A,3,2,"Nhân Chính, Thanh Xuân","21.005578994751, 105.803749084473"
42264598,06/03/2025,Tôi cần bán gấp 55tr/m2 căn 3PN tầng đẹp chung cư Việt Đức Complex,55 triệu,135 m²,"407,41 nghìn/m²",3,2,"Nhân Chính, Thanh Xuân","20.999569973242743, 105.80020458430376"
39464490,06/03/2025,"Bán gấp căn hộ 3PN, 90m2 dự án Hei Tower tầng trung giá 6 tỷ",Giá thỏa thuận,90 m²,N/A,3,2,"Nhân Chính, Thanh Xuân","21.003246307373, 105.805061340332"
39654705,06/03/2025,"Chính chủ bán căn 3 ngủ tầng 18 dự án 283 Khương Trung nhà mới, giá 5 tỷ",5 tỷ,90 m²,"55,56 tr/m²",3,2,"Khương Trung, Thanh Xuân","20.9968814849854, 105.817970275879"
39180651,06/03/2025,"Chính chủ bán căn hộ Hà Nội Center Point 3 phòng ngủ 2vs tầng trung, giá nhỉnh 7Tỷ",Giá thỏa thuận,69 m²,N/A,3,2,"Nhân Chính, Thanh Xuân","21.0048179626465, 105.804672241211"
42334521,06/03/2025,"Gia đình cần bán căn hộ 2PN, 82m2, sổ hồng, nhà mới tại Imperial 360 Giải Phóng, giá: 5.3 tỷ","5,3 tỷ",82 m²,"64,63 tr/m²",2,2,"Phương Liệt, Thanh Xuân","20.9846176136265, 105.83957213355"
42321893,06/03/2025,Trung tâm quận Thanh Xuân - nhà ở cấp cho cán bộ - tập thể Xây Dựng chắc chắn khung cột,"3,1 tỷ",90 m²,"34,44 tr/m²",3,1,"Thanh Xuân Trung, Thanh Xuân","20.9874260493261, 105.800817938528"
41730049,05/03/2025,Chính chủ bán 3PN Hà Nội Center Point Lê Văn Lương ban công Đông Nam giá 7.5 tỷ full đồ - tầng cao,"7,2 tỷ",90 m²,80 tr/m²,3,2,"Nhân Chính, Thanh Xuân","21.0048179626465, 105.804672241211"
41364214,05/03/2025,"Chính chủ bán căn hộ chung cư tại Hei Tower, giá ưu đãi 6.5 tỷ VND, 95m2, 3PN, 2VS","6,5 tỷ",95 m²,"68,42 tr/m²",3,2,"Nhân Chính, Thanh Xuân","21.003246307373, 105.805061340332"
25909919,05/03/2025,"Chính chủ bán căn 3PN DT 122m2 chung cư Thống Nhất Complex giá 8.9 tỷ, LH: 0932 392 ***","8,9 tỷ",122 m²,"72,95 tr/m²",3,2,"Thanh Xuân Trung, Thanh Xuân","20.998046875, 105.80354309082"
41978209,05/03/2025,"Bán căn hộ Sakura Tower, 6 tỷ, 97 m2, 3PN, 2WC, view đẹp tại Vũ Trọng Phụng, Thanh Xuân, HN",6 tỷ,97 m²,"61,86 tr/m²",3,2,"Thanh Xuân Trung, Thanh Xuân","20.997856860989156, 105.80899629029608"
38381613,05/03/2025,"Tôi chính chủ bán căn hộ 3PN DT 89m2 chung cư Hei Tower số 1 Ngụy Như Kon Tum, giá 5.5 tỷ bao phí","5,5 tỷ",89 m²,"61,8 tr/m²",3,2,"Nhân Chính, Thanh Xuân","21.003246307373, 105.805061340332"
41185434,05/03/2025,"Chính chủ bán căn 4 phòng ngủ BRG Lê Văn Lương 161m2, tầng đẹp, giá 14.5 tỷ, nhận nhà ở ngay","14,5 tỷ",161 m²,"90,06 tr/m²",4,3,"Nhân Chính, Thanh Xuân","21.0052261352539, 105.805061340332"
42321069,05/03/2025,Cập nhật quỹ căn bán tháng 3/2025 Gold Tower có sổ đỏ 275 Nguyễn Trãi. 0868 617 ***,"8,8 tỷ",141 m²,"62,41 tr/m²",3,2,"Thanh Xuân Trung, Thanh Xuân","20.993824, 105.80698"
41665098,05/03/2025,"Duy nhất một căn góc 3pn - 103m2 cần bán tại Pandora 53 Triều Khúc, giá thỏa thuận, nhà hướng mát",Giá thỏa thuận,104 m²,N/A,3,2,"Thanh Xuân Bắc, Thanh Xuân","20.985971450805664, 105.79833984375"
42312799,05/03/2025,Bán căn hộ 68m2 - 2PN và WC. Tòa G1 - nhà đẹp đầy đủ nội thất. LH 0989 996 ***,"4,8 tỷ",68 m²,"70,59 tr/m²",2,2,"Hạ Đình, Thanh Xuân","20.986355091664194, 105.81204304942497"
41427994,05/03/2025,"Tôi chính chủ bán gấp nhà tập thể tầng 2 số 204A ngõ 267 Khương Trung, gần phố, 3 thg 70m 2,56 tỷ","2,56 tỷ",70 m²,"36,57 tr/m²",3,2,"Khương Mai, Thanh Xuân","20.9955434463859, 105.817548447976"
39187138,05/03/2025,Suất nội bộ giá tốt căn đẹp của dự án Viha 107 Nguyễn Tuân. Liên hệ ngay 0988 160 ***,"4,54 tỷ","73,3 m²",62 tr/m²,2,2,"Thanh Xuân Trung, Thanh Xuân","20.997587, 105.80383"
40783791,05/03/2025,Sốc! Suất ngoại giao căn duplex dự án Viha Leciva 107 Nguyễn Tuân Sở hữu lâu dài. LH: 0988 160 ***,"11,6 tỷ",145 m²,80 tr/m²,3,3,"Thanh Xuân Trung, Thanh Xuân","20.997587203979492, 105.8038330078125"
41564176,05/03/2025,Chính chủ bán rẻ căn hộ 3 pn DT 97.3m2 căn số 2212A - Viha Leciva 107 Nguyễn Tuân. LH 0988 160 ***,"8,63 tỷ",97 m²,89 tr/m²,3,3,"Thanh Xuân Trung, Thanh Xuân","20.9979891729216, 105.803507490676"
40814229,05/03/2025,"Bán gấp căn hộ 141m2 toà Gold Tower sổ đỏ lâu dài, căn góc 3 ngủ giá 9 tỷ 5, Nhà mới tinh giao 2021","9,5 tỷ",141 m²,"67,38 tr/m²",3,2,"Thanh Xuân Trung, Thanh Xuân","20.993824, 105.80698"
39385946,05/03/2025,Bán nhanh trong tháng căn góc 2PN 83m2 Golden Palm 21 Lê Văn Lương để lại full nội thất. giá 6 tỷ 6,"6,6 tỷ",83 m²,"79,52 tr/m²",2,2,"Nhân Chính, Thanh Xuân","21.006311, 105.80748"
40869340,05/03/2025,Chính chủ cần bán căn góc 06 diện tích 75m2 thông thuỷ tầng đẹp,"5,77 tỷ",75 m²,"76,93 tr/m²",2,2,"Nhân Chính, Thanh Xuân","20.9998512268066, 105.801368713379"
42344396,05/03/2025,"Bán căn góc 3PN, 2WC tại Handico Complex, 7,4 tỷ, 85,1m2, giá ưu đãi, view đẹp","7,4 tỷ","85,1 m²","86,96 tr/m²",3,2,"Nhân Chính, Thanh Xuân","21.003280594600106, 105.80240622687754"
42336805,05/03/2025,"Bán gấp căn hộ 3PN, 2WC, 91m2 view đẹp tại Imperia Garden, 8,5 tỷ, Thanh Xuân, Hà Nội","8,5 tỷ",91 m²,"93,41 tr/m²",3,2,"Thanh Xuân Trung, Thanh Xuân","20.9967501122486, 105.803587420933"
42344448,05/03/2025,Cần bán căn hộ 4PN - toà Gold Tower - Golden Land 275 Nguyễn Trãi - Thanh Xuân - LH 0886 896 ***,26 tỷ,269 m²,"96,65 tr/m²",4,3,"Thanh Xuân Trung, Thanh Xuân","20.9934556387673, 105.805981270471"
42042556,05/03/2025,"Bán Nhanh CH 2PN , 2WC ,78,8 m , full đồ đẹp, giá tốt nhỉnh 5 tỷ CC Việt Đức Complex - Thanh Xuân","5,1 tỷ","78,8 m²","64,72 tr/m²",2,2,"Nhân Chính, Thanh Xuân","20.99944219259192, 105.79965560017177"
41659867,05/03/2025,"Bán gấp căn 3 phòng ngủ chuyển nhượng tại Harmony Square, giá tốt nhất thị trường, full nội thất","7,15 tỷ",92 m²,"77,72 tr/m²",3,2,"Nhân Chính, Thanh Xuân","20.9998512268066, 105.801368713379"
42330443,05/03/2025,"Bán một số căn hộ 60m2, 65m2 02pn khu Trung Hòa Nhân Chính, Nhân Chính, Thanh Xuân, Hà Nội","3,8 tỷ",60 m²,"63,33 tr/m²",2,1,"Nhân Chính, Thanh Xuân","21.0044656395319, 105.802905336847"
39849884,05/03/2025,"Chủ nhà cần tiền bán gấp CH 2pn, 2wc, tầng trung 6,25 tỷ CC Imperia - Nguyễn Huy Tưởng","6,25 tỷ","75,5 m²","82,78 tr/m²",2,2,"Thanh Xuân Trung, Thanh Xuân","20.9972763061523, 105.80298614502"
41688538,05/03/2025,"Giá rẻ nhất thị trường BRG! Căn 4PN 161m2 tầng đẹp, sẵn sổ, mới tinh tại BRG 25 Lê Văn Lương",Giá thỏa thuận,161 m²,N/A,4,3,"Nhân Chính, Thanh Xuân","21.005226, 105.80506"
41170268,05/03/2025,"Giá thật, 2pn, 2wc, 80m2, chỉ 6.4 tỷ. BC Đông Nam, tầng trung mát mẻ. LH: 0343 202 ***","6,9 tỷ",80 m²,"86,25 tr/m²",2,2,"Nhân Chính, Thanh Xuân","21.004817962646484, 105.80467224121094"
41294389,05/03/2025,"Căn hộ chung cư giá 5,3 tỷ VND tại The Golden Palm Lê Văn Lương","5,3 tỷ",66 m²,"80,3 tr/m²",2,2,"Nhân Chính, Thanh Xuân","21.0039541914816, 105.803072645035"
42344129,05/03/2025,(Siêu TàiChính)Em Linh cần bán gấp căn hộ Imperia Nguyễn Huy Tưởng 2Ngủ(80m2).Sẵn sổ.NTCB.Giá 6 tỷ8,"6,8 tỷ",80 m²,85 tr/m²,2,2,"Thanh Xuân Trung, Thanh Xuân","20.996561534949596, 105.80316805798257"
40559170,05/03/2025,"Hiếm! 3PN 80m2, tầng cao, đẹp chỉ 6,9 tỷ, full NT cao cấp. Nhà đẹp, sạch sẽ. LH: 0343 202 ***","6,9 tỷ",80 m²,"86,25 tr/m²",3,2,"Nhân Chính, Thanh Xuân","21.0048179626465, 105.804672241211"
42286795,05/03/2025,"Bán căn 2PN 2WC 66m2, ban công Đông Nam. Đủ nội thất, sẵn sổ đỏ. Giá 5,25 tỷ Handiresco","5,25 tỷ",66 m²,"79,54 tr/m²",2,2,"Nhân Chính, Thanh Xuân","21.0036392211914, 105.802978515625"
42286048,05/03/2025,"(Giá thật) bán căn góc 3PN 2WC 125m2, bc Đông Nam, nhà đẹp, sổ đỏ. Giá 9 tỷ Thống Nhất Complex",9 tỷ,125 m²,72 tr/m²,3,2,"Thanh Xuân Trung, Thanh Xuân","20.998046875, 105.80354309082"
42286317,05/03/2025,"(Chính chủ) bán căn 3PN 2WC 120m2, bc Đông Nam, đủ nội thất, sổ đỏ. Giá 9,2 tỷ Golden Palm","9,2 tỷ",120 m²,"76,67 tr/m²",3,2,"Nhân Chính, Thanh Xuân","21.006311416626, 105.807479858398"
40103767,05/03/2025,"Giá thật! Imperia 2PN, 2WC, 81m2 Cực rộng rãi, lầu cao mát mẻ, giá 7 tỷ. LH: 0343 202 ***",7 tỷ,81 m²,"86,42 tr/m²",2,2,"Thanh Xuân Trung, Thanh Xuân","20.9972763061523, 105.80298614502"
42344118,05/03/2025,"Tôi cần bán, tập thể tầng 2 chợ Thanh Xuân Bắc, 50m2, giá 2.95 tỷ. Lh: 0968 669 ***","2,95 tỷ",50 m²,59 tr/m²,N/A,N/A,"Thanh Xuân Bắc, Thanh Xuân","20.9901598340254, 105.796470335578"
40710516,05/03/2025,"Hot! Thống Nhất Complex, 122m2, full NT, giá 9,1 tỷ. Tầng trung, BC Đông Nam. LH: 0343 202 ***","9,1 tỷ",122 m²,"74,59 tr/m²",3,2,"Thanh Xuân Trung, Thanh Xuân","20.998047, 105.80354"
42344024,05/03/2025,Độc quyền căn hộ 116m2 trục đẹp King Palace 3PN full nội thất giá 9.x tỷ,"9,1 tỷ",116 m²,"78,45 tr/m²",3,2,"Thượng Đình, Thanh Xuân","20.999924261308028, 105.8162807970037"
39249097,05/03/2025,Chính chủ - bán chung cư N1 Quan Nhân - Cự Lộc - Vũ Trọng Phụng - Thanh Xuân - ô tô đỗ cửa - giá rẻ,900 triệu,58 m²,"15,52 tr/m²",2,2,"Nhân Chính, Thanh Xuân","21.0034688, 105.8110286"
41786607,05/03/2025,"Duy nhất, 3PN, 110m2, căn góc, tầng cao view đẹp, chỉ 7 tỷ. Nhà sạch sẽ. LH: 0343 202 ***","7,5 tỷ",110 m²,"68,18 tr/m²",3,2,"Khương Trung, Thanh Xuân","21.0016319428312, 105.820789572854"
42343832,05/03/2025,CHÍNH CHỦ BÁN CĂN 2 PHÒNG NGỦ R4 ROYAL CITY DIỆN TÍCH 97M2. GIÁ 8.5TY BAO PHÍ LH 0889 662 ***,"8,6 tỷ",97 m²,"88,66 tr/m²",2,2,"Thượng Đình, Thanh Xuân","21.003396476229494, 105.81520405145204"
42025405,05/03/2025,"Chính chủ bán căn GoldSeason 47 Nguyễn Tuân diện tích 91m2 3PN giá 7,3 tỷ","7,3 tỷ",91 m²,"80,22 tr/m²",3,2,"Thanh Xuân Trung, Thanh Xuân","20.9945482248856, 105.805488801732"
42214166,05/03/2025,"Bán căn 3PN 96m full đồ hướng Đông Nam Golden West, Nhân Chính, Thanh Xuân, Hà Nội, giá chỉ 5,35 tỷ","5,35 tỷ",96 m²,"55,73 tr/m²",3,2,"Nhân Chính, Thanh Xuân","20.9936661919412, 105.798262394121"
41874058,05/03/2025,"Chủ cần chuyển căn to hơn bán gấp căn 3 phòng ngủ góc 262 Nguyễn Huy Tưởng, Thanh Xuân","8,5 tỷ",139 m²,"61,15 tr/m²",3,2,"Thanh Xuân Trung, Thanh Xuân","20.997365112907, 105.804065413386"
42060664,05/03/2025,"Chính chủ bán căn hộ 3 ngủ Nguyễn Huy Tưởng, Thanh Xuân","6,2 tỷ",86 m²,"72,09 tr/m²",3,2,"Thanh Xuân Bắc, Thanh Xuân","20.9964295554096, 105.801920778595"
41574916,05/03/2025,"Chính chủ bán căn 3 ngủ, tầng đẹp tại Hanoi Center Poin 27 Lê Văn Lương, BC Đông Nam. Full nội thất",7 tỷ,83 m²,"84,34 tr/m²",3,2,"Nhân Chính, Thanh Xuân","21.0040563275155, 105.803451306818"
42343710,05/03/2025,"Cần bán căn hộ Thống Nhất Complex, Nguyễn Tuân Thanh Xuân DT 95m2 3PN 2WC giá 7,8 tỷ LH 0394 260 ***","7,8 tỷ",95 m²,"82,1 tr/m²",3,2,"Thanh Xuân Trung, Thanh Xuân","20.99795900881464, 105.80266497946343"
32993614,05/03/2025,"Chính chủ bán gấp căn 2PN CC Rivera Park, view nội khu bể bơi cực đẹp, đầy đủ nội thất, tầng đẹp",Giá thỏa thuận,71 m²,N/A,2,2,"Thanh Xuân Trung, Thanh Xuân","20.9991188049316, 105.808441162109"
35377861,05/03/2025,"Chính chủ cần bán gấp căn hộ 3PN, 83m2 Center Point - 27 Lê Văn Lương, ban công ĐN, full nội thất",Giá thỏa thuận,82 m²,N/A,3,2,"Nhân Chính, Thanh Xuân","21.0048179626465, 105.804672241211"
38982230,05/03/2025,"(Times Tower - 35 LVL) Chủ nhà bán căn góc DT: 128m2, 3PN, 2WC ban công ĐN. Giá 8tỷ6. Có slot oto","8,6 tỷ",128 m²,"67,19 tr/m²",3,2,"Nhân Chính, Thanh Xuân","21.0026340484619, 105.801559448242"
41718065,05/03/2025,"Giá thật: 7.5 tỷ. Căn hộ 3PN - 2VS. DT: 115m. ĐC: GoldSeason, Thanh Xuân. Sẵn sổ, full nội thất","7,5 tỷ",115 m²,"65,22 tr/m²",3,2,"Thanh Xuân Trung, Thanh Xuân","20.99477195739746, 105.8061294555664"
42321436,05/03/2025,"Chính chủ cần bán CH The Legend diện tích 85,5m2 2PN giá thương lượng",Giá thỏa thuận,"85,5 m²",N/A,2,2,"Nhân Chính, Thanh Xuân","21.004634668522197, 105.80364312007178"
42272710,05/03/2025,"Chính chủ bán căn hộ siêu hot 110m2, 3 PN, 2 WC, giá 6,8 tỷ Ngụy Như Kom Tum, 0867 226 ***","6,8 tỷ",110 m²,"61,82 tr/m²",3,2,"Nhân Chính, Thanh Xuân","21.0028459266411, 105.804727757394"
41768982,05/03/2025,"Giá chuẩn căn 3N GoldSeason 47 Nguyễn Tuân. Giá 7,5tỷ DT 90m2 và 2VS. LH 0978,965831","7,5 tỷ",90 m²,"83,33 tr/m²",3,2,"Thanh Xuân Trung, Thanh Xuân","20.994859103515243, 105.80620848826004"
40405001,05/03/2025,Em Huy PKD chủ đầu tư cần bán gấp căn hộ 3PN 3VS đẹp nhất dự án Viha Leciva giá tốt nhất thị trường,"8,9 tỷ",97 m²,"91,75 tr/m²",3,3,"Thanh Xuân Trung, Thanh Xuân","20.9975872039795, 105.803833007813"
40166953,05/03/2025,"Gia chủ tôi rất cần bán căn hộ 122m2 tại Thống Nhất Complex Bc ĐN giá 6,8 tỷ có TL","6,8 tỷ",122 m²,"55,74 tr/m²",3,2,"Thanh Xuân Trung, Thanh Xuân","20.998047, 105.80354"
41738706,05/03/2025,"Chính chủ sang nhượng 2 suất ngoại giao, ký HĐ trực tiếp CĐT, giá cực kỳ hữu nghị, LH: 0988 160 ***","7,15 tỷ",73 m²,"97,94 tr/m²",2,2,"Thanh Xuân Trung, Thanh Xuân","20.997587, 105.80383"
42343103,05/03/2025,"Bán căn hộ chung cư cao cấp Times Tower - 35 Lê Văn Lương, 128m2, 3 pn, 2vs đủ đồ Lh 0914 239 ***","9,7 tỷ",128 m²,"75,78 tr/m²",3,2,"Nhân Chính, Thanh Xuân","21.002219353722673, 105.80168391042723"
42342903,05/03/2025,"Bán căn hộ tại Thanh Xuân Complex 3 ngủ, 122m2 căn góc, ban công Tây Bắc, nhận nhà ngay.",10 tỷ,122 m²,"81,97 tr/m²",3,2,"Thanh Xuân Trung, Thanh Xuân","20.999543641112258, 105.8042474890663"
38748196,05/03/2025,(Suất ngoại giao) duplex Viha Leciva 107 Nguyễn Tuân giá tốt nhất. Trực tiếp chủ đầu tư,"12,47 tỷ",145 m²,86 tr/m²,3,2,"Thanh Xuân Trung, Thanh Xuân","20.9975872039795, 105.803833007813"
41865269,05/03/2025,"Căn 3PN siêu vip giá siêu hời quà tặng 3xxtr, miễn lãi suất 12 tháng. Liên hệ ngay quà tặng có hạn","8,2 tỷ","97,3 m²","84,28 tr/m²",3,3,"Thanh Xuân Trung, Thanh Xuân","20.9991286128977, 105.802531744943"
42107325,05/03/2025,Bán căn hộ cao cấp giá tốt tại Riverside Garden 349 Vũ Tông Phan 82m2 3PN - 2VS full nội thất,"5,8 tỷ",82 m²,"70,73 tr/m²",3,2,"Khương Đình, Thanh Xuân","20.990691266250415, 105.81431412846214"
41755878,05/03/2025,Bán căn hộ cao cấp giá tốt tại Riverside Garden 70m2 2PN - 2VS full nội thất,"4,9 tỷ",70 m²,70 tr/m²,2,2,"Khương Đình, Thanh Xuân","20.9907, 105.81428"
40518796,05/03/2025,"CC bán căn hộ TT212 68 m2 2PN 1PK bếp rộng có ban công thoáng sáng, võ chí công 2,68 tỷ. Full đồ","2,68 tỷ",68 m²,"39,41 tr/m²",2,1,"Nhân Chính, Thanh Xuân","21.0069622721145, 105.815221602675"
39219305,05/03/2025,"Căn hộ sẵn sổ đỏ IP1, view Giải phóng, full nội thất, cam kết ảnh thật không ảo. LH chính chủ","5,6 tỷ",78 m²,"71,8 tr/m²",2,2,"Phương Liệt, Thanh Xuân","20.985432, 105.83934"
42016268,05/03/2025,Chuyển Nhượng Căn 2N-2WC Rẻ Nhất Thị Trường Tại - VIHA COMPLEX TT Quận Thanh Xuân,"7,8 tỷ",73 m²,"106,85 tr/m²",2,2,"Thanh Xuân Trung, Thanh Xuân","20.998122369193897, 105.80347156291904"
41562284,05/03/2025,"Chủ nhà gửi bán căn hộ cao cấp Lê Văn Lương tại Diamond Flower 9,2 tỷ vnd 126m2 3 PN 0971 864 ***","9,2 tỷ",126 m²,"73,02 tr/m²",3,2,"Nhân Chính, Thanh Xuân","21.005578994751, 105.803749084473"
42342654,05/03/2025,"(Giá chuẩn) bán căn góc 3 phòng ngủ Gold Tower, diện tích 130m2, nhà đẹp, sẵn sổ đỏ. Giá 8,6 tỷ","8,6 tỷ",130 m²,"66,15 tr/m²",3,2,"Thanh Xuân Trung, Thanh Xuân","20.99307819983224, 105.80690914990086"
42341664,05/03/2025,Chính chủ gửi bán cắt lỗ CH 3PN - 95m2 - 283 Khương Trung - chỉ 4.89 tỷ lh: 0969 029 ***,"4,89 tỷ",95 m²,"51,47 tr/m²",3,2,"Khương Trung, Thanh Xuân","20.997063130054585, 105.81871452039725"
42228133,05/03/2025,Chốt Ngay  Nhận Ngay Ưu Đãi Cực Khủng Từ CHCC: 2PN - Handico Complex 33 Lê Văn Lương. 0985 354 ***,"5,88 tỷ",70 m²,84 tr/m²,2,2,"Nhân Chính, Thanh Xuân","21.0034181732142, 105.801956035763"
42342341,05/03/2025,"Chính chủ bán căn 2 ngủ 111m2 tại Golden Land tòa B, ban công Đông Nam, full đồ , sổ đỏ","7,8 tỷ",111 m²,"70,27 tr/m²",2,2,"Thanh Xuân Trung, Thanh Xuân","20.9934864044189, 105.806907653809"
41976403,05/03/2025,"Chính chủ bán CH dự án Thống Nhất Complex, 125m2, 3N2VS, full nội thất đẹp. 8,8tỷ. LH 0866 839 ***","8,8 tỷ",125 m²,"70,4 tr/m²",3,2,"Thanh Xuân Trung, Thanh Xuân","20.998049670377636, 105.8033947750287"
39300605,05/03/2025,"Chính chủ bán căn hộ Five Star, diện tích 73m2, 2PN 2WC, full nội thất, giá nhỉnh 5 tỷ",Giá thỏa thuận,71 m²,N/A,2,2,"Hạ Đình, Thanh Xuân","20.9860000610352, 105.812187194824"
39189715,05/03/2025,"Chính chủ tôi bán căn 2PN 72m2 CC Rivera Park Vũ Trọng Phụng, view bể bơi thoáng mát nhỉnh 6 tỷ",Giá thỏa thuận,72 m²,N/A,2,2,"Thanh Xuân Trung, Thanh Xuân","20.9991188049316, 105.808441162109"
39192626,05/03/2025,Chính chủ bán nhanh căn hộ 2 pn 2 wc toà Handi Resco 31 Lê Văn Lương giá 5.xtỷ,Giá thỏa thuận,65 m²,N/A,2,2,"Nhân Chính, Thanh Xuân","21.0036392211914, 105.802978515625"
42139002,05/03/2025,Giá rẻ! Căn hộ tòa 18T mặt đường Lê Văn Lương 4 phòng ngủ giá hơn 6 tỷ,"6,5 tỷ",120 m²,"54,17 tr/m²",4,2,"Nhân Chính, Thanh Xuân","21.004073907119, 105.803133310879"
42297067,05/03/2025,"Hoàng 3333 giá thật. Bán CH 133 m2, tòa Golden Land, 3N-2WC, ban công Đông Nam mát mẻ, full đồ đẹp","8,6 tỷ",133 m²,"64,66 tr/m²",3,2,"Thanh Xuân Trung, Thanh Xuân","20.9938815809137, 105.806350861227"
42286034,05/03/2025,"Hoàng 3333 giá thật. Bán CH 2PN, 2WC, 89,9m2 tại Royal City, Tầng trung mát mẻ, ban công Đông Bắc","9,1 tỷ","89,9 m²","101,22 tr/m²",2,2,"Thượng Đình, Thanh Xuân","21.0031697552009, 105.81531221227"
41737413,05/03/2025,Chính chủ bán căn ngoại giao 1506 DT 97.23m2 dự án Viha Leciva hướng Đông Nam. LH 0988 160 ***,"9,51 tỷ",97 m²,98 tr/m²,3,3,"Thanh Xuân Trung, Thanh Xuân","20.997587, 105.80383"
42310313,05/03/2025,Bán căn hộ tầng 10 chung cư 283 Khương Trung 87m2 3pn 5.7 tỷ,"5,7 tỷ",87 m²,"65,52 tr/m²",3,2,"Khương Trung, Thanh Xuân","20.9966888038452, 105.817376661761"
42341761,05/03/2025,Cần bán chung cư 2PN diện tích 73m2 tại Chung cư The Legend 109 Nguyễn Tuân,"6,8 tỷ",73 m²,"93,15 tr/m²",2,2,"Nhân Chính, Thanh Xuân","21.00529336949934, 105.80433543265484"
41925072,05/03/2025,"Bán nhanh căn hộ Imperia Plaza 360 Giải Phóng, dự án gần các bệnh viện, trường đại học lớn nhất HN","4,9 tỷ","77,2 m²","63,47 tr/m²",2,2,"Phương Liệt, Thanh Xuân","20.9854148037486, 105.83898002501"
39733616,05/03/2025,Bán căn 3 phòng ngủ giá hơn 5 tỷ. Tầng trung. Ban công Đông Nam,Giá thỏa thuận,96 m²,N/A,3,2,"Nhân Chính, Thanh Xuân","20.993579864501953, 105.79821014404297"
41350078,05/03/2025,"Handi Resco - 21 LVL. Chính chủ bán căn góc. 3PN, 2VC, D: 97m2 Tầng trung. Giá 7tỷ. Có slot oto",7 tỷ,97 m²,"72,17 tr/m²",3,2,"Nhân Chính, Thanh Xuân","21.0040517208076, 105.803119937255"
42341342,05/03/2025,Bán căn hộ Gold Season diện tích 80m,7 tỷ,80 m²,"87,5 tr/m²",3,2,"Thanh Xuân Trung, Thanh Xuân","20.99526884021424, 105.80546484836576"
40772221,05/03/2025,Bán căn góc nội thất mới đẹp tầng trung đẹp 98m2. Sổ đỏ,Giá thỏa thuận,98 m²,N/A,3,2,"Thanh Xuân Trung, Thanh Xuân","20.9976119995117, 105.809326171875"
42135837,05/03/2025,"Chính chủ bán căn Imperia Garden Nguyễn Huy Tưởng, tầng trung 2 pn, 70m2, ban công ĐN, nhỉnh 5tỷ","5,1 tỷ",70 m²,"72,86 tr/m²",2,2,"Thanh Xuân Trung, Thanh Xuân","20.9977882938091, 105.802868899317"
42341535,05/03/2025,Quỹ căn hộ đẳng cấp tại Vinhomes Royal City không gian sống hoàng gia,"10,5 tỷ",114 m²,"92,1 tr/m²",N/A,N/A,"Thượng Đình, Thanh Xuân","21.00299472113168, 105.81459875727636"
42341187,05/03/2025,Chính chủ gửi bán gấp CH Pandora Triều Khúc 105m2; 3PN; rẻ nhất; Full NT; nhỉnh 7 tỷ: 0969 029 ***,"7,13 tỷ",105 m²,"67,9 tr/m²",3,2,"Thanh Xuân Bắc, Thanh Xuân","20.98599361938152, 105.79842487509356"
38038636,05/03/2025,"Tôi chính chủ bán căn hộ 2PN DT 77m2 tòa G1 Five Star Kim Giang, giá 4.6 tỷ bao phí","4,6 tỷ",77 m²,"59,74 tr/m²",2,2,"Hạ Đình, Thanh Xuân","20.9860000610352, 105.812187194824"
31187727,05/03/2025,Chính chủ bán căn 3PN DT 128m2 chung cư Times Tower. Giá 8 tỷ LH 0932 392 ***,8 tỷ,128 m²,"62,5 tr/m²",3,2,"Nhân Chính, Thanh Xuân","21.0024528503418, 105.801193237305"
41808315,05/03/2025,"Hiếm: Bán nhanh căn hộ 110m2, 3PN, đồ cơ bản chủ đầu tư tại Gold Tower, giá 8,2 tỷ. 0899.,511.866","8,4 tỷ",110 m²,"76,36 tr/m²",3,2,"Thanh Xuân Trung, Thanh Xuân","20.993824, 105.80698"
41653052,05/03/2025,"(Giá thật) chính chủ bán căn 120m2, 3 phòng ngủ + full nội thất 11,5 tỷ CC Imperia Garden","11,5 tỷ",120 m²,"95,83 tr/m²",3,2,"Thanh Xuân Trung, Thanh Xuân","20.9972763061523, 105.80298614502"
42291040,05/03/2025,"(Giá thật) chính chủ bán căn 103,6m2 3 phòng ngủ 2 vệ sinh full nội thất mới đẹp CC Hei Tower","7,49 tỷ","103,6 m²","72,3 tr/m²",3,2,"Nhân Chính, Thanh Xuân","21.003246307373, 105.805061340332"
42211015,05/03/2025,"(Giá thật) chính chủ bán căn góc 80m2 3PN + 2 WC full nội thất đẹp giá 8,5 tỷ cc Imperia Garden","8,5 tỷ",80 m²,"106,25 tr/m²",3,2,"Thanh Xuân Trung, Thanh Xuân","20.997381574366067, 105.80239071728927"
42325448,05/03/2025,"(Giá thật) chính chủ bán căn 66m2 3PN + tầng trung giá 5,4 tỷ chung cư Handi Resco","5,4 tỷ",66 m²,"81,82 tr/m²",2,2,"Nhân Chính, Thanh Xuân","21.0034401936569, 105.803138560196"
42340989,05/03/2025,"Chính chủ bán căn hộ B1402, chung cư Imperia Garden 203 Nguyễn Huy Tưởng, Thanh Xuân, Hà Nội","8,8 tỷ",91 m²,"96,7 tr/m²",3,2,"Thanh Xuân Trung, Thanh Xuân","20.997438724146846, 105.8033376272191"
42316802,05/03/2025,"Bán căn hộ chung cư Riverside Garden, 5,8 tỷ, 82 m2, giá cực chất, đẹp hướng mát LH: 0971 864 ***","5,8 tỷ",82 m²,"70,73 tr/m²",3,2,"Khương Đình, Thanh Xuân","20.990220173949762, 105.81452556269464"
42231633,05/03/2025,"Chính chủ bán căn hiếm Legend Tower, 8,5 tỷ, 105m2, 3PN, 2WC, Thanh Xuân, Hà Nội. LH: 0971 864 ***","8,5 tỷ",105 m²,"80,95 tr/m²",3,2,"Nhân Chính, Thanh Xuân","21.0051927113706, 105.804032384152"
42316728,05/03/2025,"Bán căn hộ 2PN, 2WC, 63m2 tại The Diamond Residence, 6,9 tỷ xem nhà LH: 0971 864 ***","6,9 tỷ",63 m²,"109,52 tr/m²",2,2,"Nhân Chính, Thanh Xuân","21.005868719588694, 105.805622022406"
42228982,05/03/2025,"Bán căn hộ chung cư đẹp tại The Diamond Residence giá 10,9 tỷ, 120m2, 3PN hướng đẹp LH: 0971 864 ***","10,9 tỷ",120 m²,"90,83 tr/m²",3,2,"Nhân Chính, Thanh Xuân","21.0053790316335, 105.805072998006"
42271007,05/03/2025,"Chủ nhà bán căn hiếm tại Imperia Garden 110m2, 3PN, 2WC, Thanh Xuân giá 10 tỷ LH: 0971 864 ***",10 tỷ,110 m²,"90,91 tr/m²",3,2,"Thanh Xuân Trung, Thanh Xuân","20.997217786440725, 105.80328511216008"
42242165,05/03/2025,"Cần bán gấp căn hộ hiếm tại Royal City, Nguyễn Trãi, Thượng Đình, Thanh Xuân, Hà Nội, 9,6 tỷ, 115m2","9,6 tỷ",115 m²,"83,48 tr/m²",2,2,"Thượng Đình, Thanh Xuân","21.00282034984455, 105.81546368872614"
41933428,05/03/2025,"Bán căn hộ N6 Hoàng Đạo Thúy, DT sổ 100 m2, có 3 PN, 2 phụ, nội thất đẹp, giá 4,5 tỷ","4,5 tỷ",100 m²,45 tr/m²,3,2,"Nhân Chính, Thanh Xuân","21.0045972291179, 105.806443609204"
38903698,05/03/2025,"Chính chủ bán CC Thống Nhất Complex Nguyễn Tuân, 122m2, 3PN, 2WC, căn góc, tầng trung đẹp nhất tòa",Giá thỏa thuận,122 m²,N/A,3,2,"Thanh Xuân Trung, Thanh Xuân","20.998047, 105.80354"
42329386,05/03/2025,"Bán CH dự án The Golden Palm, diện tích 81,1m2 thiết kế 2 ngủ, full nội thất, giá 6,3 tỷ","6,3 tỷ","81,1 m²","77,68 tr/m²",2,2,"Nhân Chính, Thanh Xuân","21.006442194848752, 105.80760760316353"
42340555,05/03/2025,"Bán căn hộ CC The Diamond Residence 104 triệu/m2, 144,11m2, 3PN, 3WC Chiết khấu cao nhất thị trường","14,99 tỷ","144,11 m²",104 tr/m²,3,3,"Nhân Chính, Thanh Xuân","21.004910138933305, 105.80595799289576"
41107060,05/03/2025,"Chính chủ bán căn 1205 65m2, Handi Resco Lê Văn Lương","5,38 tỷ",65 m²,"82,77 tr/m²",2,2,"Nhân Chính, Thanh Xuân","21.0036392211914, 105.802978515625"
42276404,05/03/2025,"Gia đình bán căn 3 ngủ 87m2 tại Star Tower 283 Khương Trung tòa A ban công Tây Nam, full đồ, sổ đỏ","5,5 tỷ",87 m²,"63,22 tr/m²",3,2,"Khương Trung, Thanh Xuân","20.9968814849854, 105.817970275879"
42315966,05/03/2025,"Gia đình bán căn 3 ngủ 82m2 tại Riverside Garden full đồ cơ bản ban công Bắc, sổ đỏ nhận nhà ngay.",6 tỷ,82 m²,"73,17 tr/m²",3,2,"Khương Đình, Thanh Xuân","20.990699768066406, 105.81427764892578"
42231658,05/03/2025,"Chính chủ bán căn hộ tại The Golden Palm tòa A 81m2 2 phòng ngủ, ban công Đông Nam, sổ đỏ","6,6 tỷ",81 m²,"81,48 tr/m²",2,2,"Nhân Chính, Thanh Xuân","21.006116647834638, 105.80740320257037"
42231618,05/03/2025,"Gia đình bán căn 3 ngủ 124m2 tại The Golden Palm tòa A full đồ ban công Tây Bắc, sổ đỏ","10,2 tỷ",124 m²,"82,26 tr/m²",3,2,"Nhân Chính, Thanh Xuân","21.006044236869677, 105.80733000618052"
39768373,05/03/2025,"Bán ngay CH 3PN, 2WC tầng trung , sổ lâu dài , giá tốt Nhỉnh 7 tỷ .CC Gold Season - 47 Nguyễn Tuân","7,2 tỷ",80 m²,90 tr/m²,2,2,"Thanh Xuân Trung, Thanh Xuân","20.9947719573975, 105.806129455566"
39186778,05/03/2025,"Bán gấp căn 2PN 2WC, nhỏ xinh chung cư Rivera Park 69 Vũ Trọng Phụng - Thanh Xuân","6,3 tỷ",70 m²,90 tr/m²,3,2,"Thanh Xuân Trung, Thanh Xuân","20.9991188049316, 105.808441162109"
34397385,05/03/2025,"Cần bán nhanh trong tháng căn 3 phòng ngủ 105m2 CC Legend Tower full đồ, giá 8,8 tỷ","8,8 tỷ",105 m²,"83,81 tr/m²",3,2,"Thanh Xuân Trung, Thanh Xuân","21.004613876342773, 105.8040771484375"
42320431,05/03/2025,"Bán nhanh căn hộ 3PN, 2WC đường Lê văn Lương, sẵn sổ tầng cao, full đồ về ở luôn giá chỉ 5,5 tỷ","5,5 tỷ",90 m²,"61,11 tr/m²",3,2,"Nhân Chính, Thanh Xuân","21.0001302024097, 105.796601395542"
34341284,05/03/2025,"Chính chủ tôi bán căn 2PN, 2PN tại Imperia Garden view đẹp. 81m2, giá 6.5 tỷ","6,4 tỷ",75 m²,"85,33 tr/m²",2,2,"Thanh Xuân Trung, Thanh Xuân","20.9972763061523, 105.80298614502"
42340612,05/03/2025,Độc quyền căn hộ 116m2 trục đẹp King Palace 3PN full nội thất giá 9.x tỷ,"9,1 tỷ",116 m²,"78,45 tr/m²",3,2,"Thượng Đình, Thanh Xuân","20.9996475293778, 105.815549831465"
41754766,05/03/2025,(Gía chuẩn) tôi cần bán DT 70m2 2PN - BC Đông nhà full cơ bản sổ đỏ cầm tay giá 4.8 tỷ cc Five Star,"4,8 tỷ",70 m²,"68,57 tr/m²",2,2,"Hạ Đình, Thanh Xuân","20.986000061035156, 105.81218719482422"
42340571,05/03/2025,"Cần bán căn hộ Handiresco - Lê Văn Lương 2PN, nhà đẹp, view thoáng - LH 0904 696 ***","5,4 tỷ",70 m²,"77,14 tr/m²",2,2,"Nhân Chính, Thanh Xuân","21.003118849680792, 105.80330682419537"
42340277,05/03/2025,"Bán căn hộ Hei Tower Nhân Chính, Thanh Xuân, HN: TK 3N/2Wc, DT 110m2. ( LH: 0399 343 *** em Minh)","7,4 tỷ",110 m²,"67,27 tr/m²",3,2,"Nhân Chính, Thanh Xuân","21.002934367678044, 105.8050304722534"
42301952,05/03/2025,"GIẢM GIÁ BÁN GẤP!!! CHCC 60M2, 3,9 tỷ, 2pn , 2 wc, full nội thất, N5D HOÀNG ĐẠO THUÝ - Thanh Xuân.","3,9 tỷ",60 m²,65 tr/m²,2,2,"Nhân Chính, Thanh Xuân","21.009160384721802, 105.80012238627467"
42339991,05/03/2025,Bán căn hộ duplex cao cấp Golden Palace Lê Văn Lương,18 tỷ,"228,9 m²","78,64 tr/m²",3,3,"Nhân Chính, Thanh Xuân","21.00490580511182, 105.80279364212203"
41972498,05/03/2025,Bán căn ngoại giao duplex dự án ViHa Leciva chung cư cao cấp quận Thanh Xuân,"12,5 tỷ",143 m²,"87,41 tr/m²",4,4,"Thanh Xuân Trung, Thanh Xuân","20.9979943428279, 105.804078528343"
41873140,05/03/2025,Bán căn 3 PN hướng ĐN chung cư 283 Khương Trung - Nhà có sổ đỏ,"4,8 tỷ",90 m²,"53,33 tr/m²",3,2,"Khương Trung, Thanh Xuân","20.9970526982346, 105.817986539265"
42218293,05/03/2025,"0906 247 *** bán tập thể 3 ngủ 2 WC 2,9 tỷ đẹp - ở luôn 129 Nguyễn Trãi - Thanh Xuân","2,95 tỷ",65 m²,"45,38 tr/m²",3,2,"Thượng Đình, Thanh Xuân","20.9877877560336, 105.800606653741"
42339976,05/03/2025,"Bán căn hộ 2PN, 2WC, giá ưu đãi 6,8 tỷ tại Imperia Garden, Thanh Xuân, Hà Nội","6,8 tỷ",80 m²,85 tr/m²,2,2,"Thanh Xuân Trung, Thanh Xuân","20.997674562293536, 105.80221615202684"
41741394,05/03/2025,"Bán CC Fafilm - VNT Tower, 106m2 4Pn tầng đẹp full đồ đẹp chủ tự tay làm, giá rẻ. LH 0987 362 ***","7,5 tỷ",106 m²,"70,76 tr/m²",4,2,"Khương Trung, Thanh Xuân","21.002075575722827, 105.82106632619957"
42339939,05/03/2025,BÁN CĂN HỘ THỐNG NHẤT COMPLEX  82 NGUYỄN TUÂN,9 tỷ,122 m²,"73,77 tr/m²",3,2,"Thanh Xuân Trung, Thanh Xuân","20.996394090937866, 105.80500446158827"
42340019,05/03/2025,"Bán gấp chung cư Five Star Garden 2 Kim Giang, 103m2 (3 PN + 2 WC) sẵn sổ - full NT giá 7,5 tỷ","7,5 tỷ",103 m²,"72,82 tr/m²",3,2,"Hạ Đình, Thanh Xuân","20.98602302792423, 105.81233987984304"
41526756,05/03/2025,"Chính chủ bán căn 3PN, full NT cao cấp, 123m2, chỉ 8,9 tỷ, coi nhà ưng ngay. LH: 0343 202 ***","8,9 tỷ",123 m²,"72,36 tr/m²",3,2,"Nhân Chính, Thanh Xuân","20.993579864501953, 105.79821014404297"
41737229,05/03/2025,"Chính chủ bán căn góc hoa hậu Viha Leciva 107 Nguyễn Tuân căn 2512, đẹp nhất dự án. LH 0988 160 ***","11,81 tỷ","118,1 m²",100 tr/m²,3,3,"Thanh Xuân Trung, Thanh Xuân","20.997587, 105.80383"
41738717,05/03/2025,"Quỹ căn ẩn - ngoại giao Viha Leciva 107 Nguyễn Tuân, giá tốt nhất thị trường. LH 0988 160 ***","7,23 tỷ",73 m²,99 tr/m²,2,2,"Thanh Xuân Trung, Thanh Xuân","20.997587, 105.80383"
40939796,05/03/2025,"Chính chủ bán Căn 2 ngủ Duy nhất còn lại 72 m2 Viha Complex Nguyễn Tuân, giá 6.x tỷ. LH 0988 160 ***",Giá thỏa thuận,72 m²,N/A,2,2,"Thanh Xuân Trung, Thanh Xuân","20.997587, 105.80383"
41821088,05/03/2025,"Nhà tập thể Ngã Tư Vọng. Ô tô đỗ cửa, 110m2, 3 phòng ngủ, chỉ nhỉnh 3 tỷ","3,65 tỷ",110 m²,"33,18 tr/m²",3,3,"Khương Mai, Thanh Xuân","20.9948052903877, 105.829971543496"
42339763,05/03/2025,"Imperia Garden chủ cần bán căn 3PN, rộng 91m2, nội thất hoàn thiện đẹp chỉn chu, giá nhỉnh 8 tỷ",Giá thỏa thuận,91 m²,N/A,3,2,"Thanh Xuân Trung, Thanh Xuân","20.996964751697, 105.803101112334"
42185897,05/03/2025,"Giá thật, 2pn 2wc, 75m2 full nt cực đẹp, chỉ 5,1 tỷ. Tầng trung. Lh: 0343,202.831","5,1 tỷ",75 m²,68 tr/m²,2,2,"Nhân Chính, Thanh Xuân","21.0067065093154, 105.812662691317"
41811841,05/03/2025,"Bán căn hộ 3PN, 2WC, 125m2, giá chỉ 8,9 tỷ tại Golden Palm, tốt nhất thị trường, LH 0977 858 ***","8,9 tỷ",125 m²,"71,2 tr/m²",3,2,"Nhân Chính, Thanh Xuân","21.0065524384182, 105.807595671867"
42339629,05/03/2025,"(Gía thật)bán gấp căn hộ chung cư 110 m2,3 PN tòa Hei Tower số 1 Ngụy Như Kon Tum, 0904 760 ***","7,4 tỷ",110 m²,"67,27 tr/m²",3,2,"Nhân Chính, Thanh Xuân","21.0032142842521, 105.805611143708"
42339295,05/03/2025,Căn Hộ tại Vinhomes Royal City- tòa R4- 96m2- 2N- full nội thất- 8.6 tỷ.LH: 0987 485 ***.,"8,6 tỷ",93 m²,"92,47 tr/m²",2,N/A,"Thượng Đình, Thanh Xuân","21.00265040756654, 105.81562200065001"
41180615,05/03/2025,"Chính Chủ bán CH Imperia 360 Giải Phóng 78,5m2 - 2PN và 119,7m - 3PN, giá 60tr/m2 SĐCC: 0971 085 ***",5 tỷ,"78,5 m²","63,69 tr/m²",2,2,"Phương Liệt, Thanh Xuân","20.9854316711426, 105.839340209961"
42211905,05/03/2025,"Bán TT Thanh Xuân Bắc, DT 70m2 sử dụng, 2 phòng ngủ, full nội thất mới đẹp, giá 2,85 tỷ","2,85 tỷ",70 m²,"40,71 tr/m²",2,1,"Thanh Xuân Bắc, Thanh Xuân","20.9934247987696, 105.797669565665"
42338804,05/03/2025,Bán căn góc 3PN 3WC hiếm có khó tìm giá chỉ 82 triệu/m2,"9,84 tỷ",120 m²,82 tr/m²,3,3,"Thanh Xuân Trung, Thanh Xuân","20.99769061941662, 105.80333183891138"
41377727,05/03/2025,"Bán căn 3 ngủ Gold Tower Nguyễn Trãi 110m đông nam tầng đẹp giá 8,2 tỷ LH: 0971 864 ***","8,2 tỷ",110 m²,"74,54 tr/m²",3,2,"Thanh Xuân Trung, Thanh Xuân","20.993797001062834, 105.80701381756252"
42338692,05/03/2025,"Bán CC 2PN 2WC tại Toà A Golden Land, 6,8 tỷ, 95,1m2 giá ưu đãi Hot!","6,8 tỷ","95,1 m²","71,5 tr/m²",2,2,"Thanh Xuân Trung, Thanh Xuân","20.99417585671257, 105.80703476799805"
42336999,05/03/2025,"Chính chủ bán căn hộ Phố Chính Kinh- Ngã Tư Sở full nội thất, ở ngay giá từ 1,250 tỷ/căn 30m2","1,25 tỷ",30 m²,"41,67 tr/m²",1,1,"Nhân Chính, Thanh Xuân","20.9991934996885, 105.811516655689"
41297608,05/03/2025,"Cần bán gấp căn góc 3PN full nội thất có lốt xe ôtô ban công Đông Nam giá bán 7,9 tỷ sổ đỏ cất két","7,9 tỷ","107,4 m²","73,56 tr/m²",3,2,"Thanh Xuân Trung, Thanh Xuân","21.00048828125, 105.807159423828"
41672033,05/03/2025,Chính chủ cần bán căn hộ 3PN tầng trung + ban công Đông Nam full đồ có lốt xe ô tô call 0967 175 ***,"7,95 tỷ","107,4 m²","74,02 tr/m²",3,2,"Thanh Xuân Trung, Thanh Xuân","21.000488, 105.80716"
42237539,05/03/2025,"Chính chủ bán căn đập thông 02 căn, diện tích 250m2, Full nội thất nhập khẩu tại Royal City.",26 tỷ,250 m²,104 tr/m²,N/A,N/A,"Thượng Đình, Thanh Xuân","21.002799072849847, 105.81528552552061"
42237669,05/03/2025,"Royal City, chính chủ thiện chí bán căn 3PN, 101m2, giá chỉ 9 tỷ có thương thảo. Lh: 0966 765 ***",9 tỷ,102 m²,"88,24 tr/m²",3,2,"Thượng Đình, Thanh Xuân","21.00198855499212, 105.81560222205025"
42237310,05/03/2025,"Chính chủ gửi bán căn 3PN, 2WC, Full nội thất nhập khẩu tại Royal City. lh 0966 765 ***",Giá thỏa thuận,112 m²,N/A,3,2,"Thượng Đình, Thanh Xuân","21.002716916704127, 105.8154865013208"
42281571,05/03/2025,"Chính chủ bán căn 4PN, 130m2, nhà đã sửa đẹp long lanh, giá chỉ 12 tỷ. LH 0966 765 ***",12 tỷ,130 m²,"92,31 tr/m²",4,2,"Thượng Đình, Thanh Xuân","21.002534554643493, 105.81529081869392"
42303806,05/03/2025,"Chính chủ cần bán nhanh căn 4PN tại Royal city, 164m2, sửa đẹp long lanh. Lh 0966 765 ***","15,5 tỷ",164 m²,"94,51 tr/m²",4,2,"Thượng Đình, Thanh Xuân","21.001890259598536, 105.81526202098563"
42337512,05/03/2025,"Bán chung cư Five Star Garden 2 Kim Giang, 71m2, 2 phòng ngủ, giá 5,3 tỷ","5,3 tỷ",71 m²,"74,65 tr/m²",2,2,"Hạ Đình, Thanh Xuân","20.985974482731763, 105.81219401171772"
41733713,05/03/2025,"Chính chủ bán căn hộ cực hiếm The Diamond Residence ( BRG) 13,5 tỷ, 151m2, 4PN, 3WC LH: 0971 864 ***","13,5 tỷ",151 m²,"89,4 tr/m²",4,3,"Nhân Chính, Thanh Xuân","21.005226135253906, 105.80506134033203"
41436562,05/03/2025,Chính chủ bán căn hộ cao cấp 4 phòng ngủ mặt đường Lê Văn Lương 169m2 giá 13 tỷ LH: 0971 864 ***,13 tỷ,169 m²,"76,92 tr/m²",4,2,"Nhân Chính, Thanh Xuân","21.0046493586883, 105.806176197561"
42227222,05/03/2025,"Siêu hiếm! Chủ Việt cần chuyển nhà, bán căn 3 ngủ 103m2 - sồ đỏ cất két - đầy đủ nội thất",Giá thỏa thuận,103 m²,N/A,3,2,"Thanh Xuân Bắc, Thanh Xuân","20.9863146581139, 105.798852055781"
42206614,05/03/2025,"Chính chủ bán gấp CC Golden Land, 98m2, 3PN, 2WC full nội thất, Giá bán 7 tỷ có thương lượng",7 tỷ,98 m²,"71,43 tr/m²",3,2,"Thanh Xuân Trung, Thanh Xuân","20.994047202282406, 105.80702626924337"
42297812,05/03/2025,"Bán căn hướng Nam siêu mát tại Riverside Garden, 349 Vũ Tông Phan. 85m2, 3N 2VS full đồ. Giá 5,8 tỷ","5,8 tỷ",85 m²,"68,24 tr/m²",3,2,"Khương Đình, Thanh Xuân","20.9903251718791, 105.814979012319"
41544322,05/03/2025,"Bán căn hộ chung cư tại The Golden Palm Lê Văn Lương, giá siêu hời 75 triệu/m2, 124m2","9,3 tỷ",124 m²,75 tr/m²,3,N/A,"Nhân Chính, Thanh Xuân","21.0039344787471, 105.803075360424"
42098314,05/03/2025,"Siêu phẩm dự án Hà Nội Centerpoint, căn góc 90m2, 3N2VS, full nội thất đẹp. Giá 6,8tỷ LH 0866 839 ***","6,8 tỷ",90 m²,"75,56 tr/m²",3,2,"Nhân Chính, Thanh Xuân","21.005257458405595, 105.80415571384154"
42185990,05/03/2025,"Bán CH dự án Thống Nhất - 82 Nguyễn Tuân, Dt 95m2, 3N2VS, Full nội thất. Giá 7,1 tỷ. LH 0866 839 ***","7,1 tỷ",95 m²,"74,74 tr/m²",3,2,"Thanh Xuân Trung, Thanh Xuân","20.998437750887163, 105.80316238703178"
41381194,05/03/2025,"Chính chủ bán căn hiếm tầng đẹp Golden Palm 125m2 căn Vip 3PN hướng mát giá 8,4 tỷ. LH: 0971 864 ***","8,4 tỷ",125 m²,"67,2 tr/m²",3,2,"Nhân Chính, Thanh Xuân","21.006311416626, 105.807479858398"
42216850,05/03/2025,"Chính chủ bán CH dự án Gold Tower, 275 Nguyễn Trãi. Dt 110m2, 3N2VS, full nội thất đẹp. Giá 7,6 tỷ","7,6 tỷ",110 m²,"69,09 tr/m²",3,2,"Thanh Xuân Trung, Thanh Xuân","20.99384493176724, 105.80615420493599"
42338309,05/03/2025,"Bán CH 2PN, 71,5m2, 5,9 tỷ tại Khu nhà ở 90 Nguyễn Tuân, Thanh Xuân, Hà Nội","5,9 tỷ","71,5 m²","82,52 tr/m²",2,2,"Thanh Xuân Trung, Thanh Xuân","20.99664467368445, 105.80510272579842"
41379842,05/03/2025,"Bán căn hộ cao cấp Hei Tower 163.5m2 4 ngủ giá 9,5 tỷ hướng Đông Nam có slot ô tô, LH: 0971 864 ***","9,5 tỷ","163,5 m²","58,1 tr/m²",4,3,"Nhân Chính, Thanh Xuân","20.9991484315401, 105.800823015886"
42338613,05/03/2025,"Bán căn Sapphire Chính Kinh 82,7m2 sẵn sổ - full NT - 2 phòng ngủ - giá hơn 5 tỷ","5,8 tỷ","82,7 m²","70,13 tr/m²",2,2,"Thanh Xuân Trung, Thanh Xuân","20.9982118357327, 105.812766204443"
42338606,05/03/2025,0987 063 *** bán chung cư 123m2 3pn 9.x tỷ tại Thống Nhất Complex - Nguyễn Tuân - Thanh Xuân,"9,5 tỷ",123 m²,"77,24 tr/m²",3,2,"Thanh Xuân Trung, Thanh Xuân","20.9980074163159, 105.80359945441651"
42200488,05/03/2025,"Bán gấp CH 76m2 tại Imperia Garden, 5,9 tỷ, 2PN, 2WC, view đẹp. LH 0962 347 ***","5,9 tỷ",76 m²,"77,63 tr/m²",2,2,"Thanh Xuân Trung, Thanh Xuân","20.997322426786347, 105.80327766870754"
41790582,05/03/2025,"Cần bán nhanh căn The Legend 75m2 2PN2WC giá 6,6 tỷ. Full NT. LH 0962 347 ***","6,6 tỷ",75 m²,88 tr/m²,2,2,"Nhân Chính, Thanh Xuân","21.003902622402276, 105.8040310501442"
39925150,05/03/2025,"Bán nhanh căn hộ tòa Handi Resco Lê Văn Lương căn góc nội thất đẹp, có slot ôtô, sổ đỏ, giá 5 tỷ 3","5,3 tỷ",68 m²,"77,94 tr/m²",2,2,"Nhân Chính, Thanh Xuân","21.00364, 105.80298"
41852471,05/03/2025,"Cần bán trước tết ! căn góc, 98m2 Handi Resco - 31 Lê Văn Lương, có slot ô tô, có sổ đỏ, giá TL","7,95 tỷ",98 m²,"81,12 tr/m²",3,2,"Nhân Chính, Thanh Xuân","21.00363771987, 105.802975921008"
42338160,05/03/2025,Chính chủ cần bán căn hộ Royal City siêu đẹp 130m2 3 phòng ngủ đầy đủ nội thất giá chỉ nhỉnh 11 tỷ,"11,5 tỷ",130 m²,"88,46 tr/m²",3,N/A,"Thượng Đình, Thanh Xuân","21.0021182090625, 105.81528344705858"
41949450,05/03/2025,"Chính chủ bán CH siêu hot 85m2, 3PN - 2WC, giá 6,5 tỷ, căn góc, view Lê Văn Lương, LH 0363 388 ***","6,5 tỷ",85 m²,"76,47 tr/m²",3,2,"Nhân Chính, Thanh Xuân","21.0048146697937, 105.804670088306"
42338163,05/03/2025,BÁN GẤP CĂN 2 NGỦ IMPERIA GARDEN NGUYỄN TUÂN - SẴN SỔ - 0876 246 ***,"7,5 tỷ",80 m²,"93,75 tr/m²",2,2,"Thanh Xuân Trung, Thanh Xuân","20.9978448643436, 105.802716711063"
41570542,05/03/2025,"Bán căn hộ chung cư tại Sakura Tower 6.3 tỷ vnd, 100m2, mua bán trực tiếp, làm việc chính chủ","6,3 tỷ",100 m²,63 tr/m²,3,2,"Thanh Xuân Trung, Thanh Xuân","20.9994528818926, 105.808414508155"
42207020,05/03/2025,"Chính chủ bán căn 3PN, 117m2 giá chuẩn 6,35 tỷ CC Imperial Plaza 360 Giải Phóng (Tòa MB)","6,35 tỷ",117 m²,"54,27 tr/m²",3,2,"Phương Liệt, Thanh Xuân","20.9854960720027, 105.839312847436"
42166991,05/03/2025,"Bán CC 2PN 80M2 giá chuẩn 4,9x tỷ tại Imperial Plaza 360 Giải Phóng, Thanh Xuân, HN","4,95 tỷ",80 m²,"61,88 tr/m²",2,2,"Phương Liệt, Thanh Xuân","20.98513169944892, 105.8397591461901"
40786906,05/03/2025,"Tôi cần bán căn hộ cao cấp 2PN chung cư The Artemis Lê Trọng Tấn, giá 7,5 tỷ, mua bán với tôi","7,5 tỷ",86 m²,"87,21 tr/m²",2,2,"Khương Mai, Thanh Xuân","20.999722, 105.82833"
41917446,05/03/2025,"Bán căn 2 phòng ngủ, Handi Resco - 31 Lê Văn Lương, có slot ô tô, sẵn sổ đỏ, giá thương lượng","5,4 tỷ",65 m²,"83,08 tr/m²",2,2,"Nhân Chính, Thanh Xuân","21.0035638327093, 105.803019484867"
41734850,05/03/2025,Trực tiếp cđt mở bán quỹ căn 3 ngủ giới hạn tầng đẹp CS tốt nhất LH 0965 826 ***,Giá thỏa thuận,97 m²,N/A,3,3,"Thanh Xuân Trung, Thanh Xuân","20.9975872039795, 105.803833007813"
39960215,05/03/2025,"Bán ngay chung cư 54 Hạ Đình, Thanh Xuân 110m2, 3 ngủ, 2 vs giá tốt",Giá thỏa thuận,110 m²,N/A,3,2,"Thanh Xuân Trung, Thanh Xuân","20.993579864502, 105.798210144043"
39485823,05/03/2025,Cần bán căn hộ 201m2 dự án BRG Diamond Residence 25 Lê Văn lương tầng trung thiết kế view đẹp,Giá thỏa thuận,201 m²,N/A,4,4,"Nhân Chính, Thanh Xuân","21.005226, 105.80506"
42336895,05/03/2025,"Tôi cần bán căn ngoại giao dự án 33 Lê Văn Lương, tầng trung, đẹp. Giá cạnh tranh với bên ngoài","5,84 tỷ","70,4 m²",83 tr/m²,2,2,"Nhân Chính, Thanh Xuân","21.0035630678658, 105.802674926163"
42336428,05/03/2025,"Chính chủ gửi bán nhanh CC Stellar: Căn góc 112m 3N2VS giá 7.15 tỷ, 94m 3N2VS 6.2 tỷ, LH 0936 218 ***","7,15 tỷ",112 m²,"63,84 tr/m²",3,2,"Thanh Xuân Trung, Thanh Xuân","20.9989911435158, 105.804099776157"
40898048,05/03/2025,Chính chủ cần Bán căn BRG Diamond 3pn cao cấp 105m2 nhỉnh 11tỷ sổ đỏ chính chủ. Không tiếp MG/Sale!,"11,2 tỷ",105 m²,"106,67 tr/m²",N/A,N/A,"Nhân Chính, Thanh Xuân","21.0052261352539, 105.805061340332"
42338039,05/03/2025,"Bán căn Sapphire Chính Kinh 92,7m2 3 phòng ngủ giá hơn 5 tỷ","5,5 tỷ","92,7 m²","59,33 tr/m²",3,2,"Thanh Xuân Trung, Thanh Xuân","20.9979446632361, 105.812282941899"
41564082,05/03/2025,Siêu hot - Quỹ căn 2 ngủ 6.x tỷ còn xót lại tại Viha Leciva 107 Nguyễn Tuân. LH 0988 160 ***,"7,06 tỷ",72 m²,98 tr/m²,2,2,"Thanh Xuân Trung, Thanh Xuân","20.9981408335488, 105.803974726344"
39075529,05/03/2025,(Căn mới) chính chủ cần bán nhanh căn 2PN 67m2-71m2-73m2-76m2 và 84m2 giá từ 4.5tỷ tại FiveStar,"4,5 tỷ",76 m²,"59,21 tr/m²",2,2,"Hạ Đình, Thanh Xuân","20.9860000610352, 105.812187194824"
42337980,05/03/2025,"Giá chuẩn Imperia Garden 80m2 (2PN + 2WC) 7,1 tỷ sẵn sổ, full NT. LH: 0399 888 ***","7,1 tỷ",80 m²,"88,75 tr/m²",2,2,"Thanh Xuân Trung, Thanh Xuân","20.9979429974012, 105.802590083135"
41574087,05/03/2025,"Quỹ ngoại giao 3 ngủ giá tốt Viha Complex 107 Nguyễn Tuân, chiết khấu 6%, LS 0% 12 tháng","9,11 tỷ",93 m²,98 tr/m²,3,2,"Thanh Xuân Trung, Thanh Xuân","20.9981377439704, 105.803548195948"
42318795,05/03/2025,"Tôi bán căn Rivera Park 69 Vũ Trọng Phụng, 72m2, 2 ngủ 2 vệ sinh, đầy đủ nội thất đẹp, có slot oto",6 tỷ,72 m²,"83,33 tr/m²",2,2,"Thanh Xuân Trung, Thanh Xuân","20.9991188049316, 105.808441162109"
42319151,05/03/2025,"Chính chủ cần bán căn hộ 104,4m2 Golden Palm Lê Văn Lương, 3 PN 2 vệ sinh, full đồ, bc Đông Nam","8,5 tỷ","104,4 m²","81,42 tr/m²",3,2,"Nhân Chính, Thanh Xuân","21.006311416626, 105.807479858398"
42326126,05/03/2025,"Không có nhu cầu ở nên tôi bán căn hộ The Legend 109 Nguyễn Tuân, 64m, 2n2vs, đầy đủ đồ, về ở ngay","5,8 tỷ",64 m²,"90,62 tr/m²",2,2,"Nhân Chính, Thanh Xuân","21.00462458759516, 105.80405278439629"
40406004,05/03/2025,"BQL tổng hợp quỹ căn mới nhất: 2PN và 3PN, 4PN giá tốt - Full NT và đủ slot ô tô! LH: 0961 846 ***","6,6 tỷ",103 m²,"64,08 tr/m²",3,2,"Thanh Xuân Trung, Thanh Xuân","21.00048828125, 105.807159423828"
38991748,05/03/2025,Chính chủ bán căn 2PN ban công ĐN tại HN Center Point - full NT - giá tốt - LH: 0961 846 ***,"5,6 tỷ",66 m²,"84,85 tr/m²",2,2,"Nhân Chính, Thanh Xuân","21.0048179626465, 105.804672241211"
39530728,05/03/2025,"Chính chủ bán căn 70m2 2 pn 2 wc chung cư Số 2 Kim Giang Five Star, mua bán trực tiếp, sổ đỏ","4,5 tỷ",70 m²,"64,29 tr/m²",2,2,"Hạ Đình, Thanh Xuân","20.986, 105.81219"
32217107,05/03/2025,"Chuyển về với ông bà tôi bán căn hộ 3 PN, 135m2 Bohemia 25 Lê Văn Thiêm, sổ đỏ chính chủ tên tôi","10,12 tỷ",135 m²,75 tr/m²,3,2,"Thanh Xuân Trung, Thanh Xuân","20.9974040985107, 105.804061889648"
37902189,05/03/2025,"(Giá thật) tôi cần bán CH tòa The Legend 109 Nguyễn Tuân 72m2, 2PN 2WC giá: 6.2 tỷ LH: 0965 066 ***","6,2 tỷ",73 m²,"84,93 tr/m²",2,2,"Nhân Chính, Thanh Xuân","21.0046138763428, 105.804077148438"
42206473,05/03/2025,"Bán căn hộ chung cư 3PN, 2WC tại Golden Land, 8,3 tỷ, 133m2, Thanh Xuân, Hà Nội","8,3 tỷ",133 m²,"62,41 tr/m²",3,2,"Thanh Xuân Trung, Thanh Xuân","20.993423769195598, 105.80673494053924"
42337035,05/03/2025,"Tôi chính chủ cần bán gấp căn 122m2, 3 ngủ CC Thống nhất Complex, giá 8,4 tỷ full nội thất đẹp","8,4 tỷ",122 m²,"68,85 tr/m²",3,2,"Thanh Xuân Trung, Thanh Xuân","20.99857124128445, 105.80316523739658"
42337536,05/03/2025,"CC 2PN, 2WC, 75m2 tại Quan Nhân, 4,88 tỷ, mua bán trực tiếp làm việc chính chủ, sổ đỏ cầm tay","4,88 tỷ",75 m²,"65,07 tr/m²",2,2,"Nhân Chính, Thanh Xuân","21.007440990551622, 105.81283374212914"
42337508,05/03/2025,"Giá chuẩn Imperia Garden 93m2 (3PN + 2 WC) full đồ giá 9,2 tỷ có thương lượng. 0399 888 ***","9,2 tỷ",93 m²,"98,92 tr/m²",3,2,"Thanh Xuân Trung, Thanh Xuân","20.996833134731062, 105.80368182889856"
40269118,05/03/2025,"Quỹ hàng lớn nhất, căn hộ 04 09 11 12 2PN giá tốt 72tr/m2 Handico Complex 33 Lê Văn Lương","6,12 tỷ",85 m²,72 tr/m²,3,2,"Nhân Chính, Thanh Xuân","21.003740390366815, 105.80203191190532"
40269026,05/03/2025,10 suất ưu đãi chiết khấu đặc biệt Handico 33 Lê Văn Lương vào trực tiếp CĐT giá ưu đãi 68tr/m2,"5,78 tỷ",85 m²,68 tr/m²,3,2,"Nhân Chính, Thanh Xuân","21.003387, 105.80245"
41838152,05/03/2025,"Chính chủ bán căn 2pn, 2wc 85.5m2, 4,2 tỷ. Full NT. Nhà đẹp. Lh: 0343 202 ***","4,2 tỷ","85,5 m²","49,12 tr/m²",2,2,"Hạ Đình, Thanh Xuân","20.9885309290965, 105.805941563616"
42335952,05/03/2025,"Chuyển liền kề cần bán căn hộ đẹp nhất chung cư Thống Nhất, lô góc hai ban công, hướng Đông Nam",10 tỷ,"122,7 m²","81,5 tr/m²",3,2,"Thanh Xuân Trung, Thanh Xuân","20.997738052450135, 105.80357433320486"
41986952,05/03/2025,"O937085668 CỰC HIẾM - CỰC VÍP: CĂN 3 NGỦ TOÀ BAN CƠ YẾU CHÍNH PHỦ, LÊ VĂN LƯƠNG : 124m2, CĂN GÓC","8,9 tỷ",124 m²,"71,77 tr/m²",3,2,"Nhân Chính, Thanh Xuân","20.9931916007088, 105.797704140624"
41219042,05/03/2025,"Tôi cần bán gấp căn 2 ngủ tòa The Legend 109 Nguyễn Tuân, Thanh Xuân giá 6,8 tỷ, 78m2, full đồ","6,8 tỷ",78 m²,"87,18 tr/m²",2,2,"Nhân Chính, Thanh Xuân","20.9988516938634, 105.803118427224"
41103738,05/03/2025,Chuyển nhượng căn hộ 151m2 giá tốt nhất dự án BRG Diamond 25 Lê Văn Lương tầng trung,Giá thỏa thuận,151 m²,N/A,3,3,"Nhân Chính, Thanh Xuân","21.0052261352539, 105.805061340332"
42336857,05/03/2025,Bán căn hộ tại Vinhomes Royal City 102m2-3 ngủ- full nội thất - Tòa R4- LH: 0987 485 ***.,9 tỷ,102 m²,"88,24 tr/m²",3,2,"Thượng Đình, Thanh Xuân","21.002678075148122, 105.81529915497845"
42286574,05/03/2025,"Tôi chính chủ cần bán căn CC Heitower diện tích 165m2, 4PN, giá 55tr/m2, Full nội thất đẹp","9,07 tỷ",165 m²,55 tr/m²,4,2,"Nhân Chính, Thanh Xuân","21.0031616582377, 105.805535322781"
36212592,05/03/2025,"Vợ chồng tôi chuyển công tác bán CH tại Golden Palm DT: 129m2 3PN 2WC, giá: 9.7 tỷ, LH 0965 066 ***","9,4 tỷ",129 m²,"72,87 tr/m²",3,2,"Nhân Chính, Thanh Xuân","21.006311416626, 105.807479858398"
41973866,05/03/2025,"Cần bán ch 83 m2 3PN 2WC giá 6.35 tỷ Riverside Garden 349 Vũ Tông Phan, Thanh Xuân","6,35 tỷ",83 m²,"76,51 tr/m²",3,2,"Khương Đình, Thanh Xuân","20.9910229969179, 105.815114466564"
42336956,05/03/2025,Siêu phẩm duplex Thanh Xuân Complex - 217m2 (4N - 3 WC) - sân vườn 40m2. Sẵn sổ LH: 0399 888 ***,"16,6 tỷ",217 m²,"76,5 tr/m²",4,3,"Thanh Xuân Trung, Thanh Xuân","20.99928327188317, 105.80507285854925"
41778737,05/03/2025,(Ảnh thật - Giá thật) chính chủ cần bán CH 106m2 (3N2W) tại Fafilm Tower - 19 Nguyễn Trãi. Sẵn sổ,"7,6 tỷ",106 m²,"71,7 tr/m²",3,2,"Khương Trung, Thanh Xuân","21.0014030221347, 105.820558325625"
42302783,05/03/2025,"Chính chủ bán chung cư Handiresco 31 Lê Văn Lương 65m2, 2 ngủ, 2 wc giá 5.2 tỷ - 0915 351 ***","5,2 tỷ",66 m²,"78,79 tr/m²",2,2,"Nhân Chính, Thanh Xuân","21.0035244342952, 105.802497067284"
41540164,05/03/2025,Bán căn góc 76 m2 Golden West Lê Văn Thiêm,"4,7 tỷ",76 m²,"61,84 tr/m²",2,2,"Nhân Chính, Thanh Xuân","20.993579864502, 105.798210144043"
39109840,05/03/2025,The Legend Nguyễn Tuân 3 phòng ngủ 106m2 sổ đỏ chính chủ giá 85tr/m2,"9,1 tỷ",106 m²,"85,85 tr/m²",3,2,"Thanh Xuân Trung, Thanh Xuân","21.0046138763428, 105.804077148438"
39668787,05/03/2025,Bán căn 3 ngủ Imperia Garden tầng trung view đẹp full nội thất có slot xe,"10,5 tỷ",111 m²,"94,6 tr/m²",3,2,"Thanh Xuân Trung, Thanh Xuân","20.9972763061523, 105.80298614502"
41628675,05/03/2025,Duy nhất 1 căn hộ GÓC 144m2 gía tốt nhất thị trường BRG Diamond Lê Văn Lương,Giá thỏa thuận,144 m²,N/A,3,3,"Nhân Chính, Thanh Xuân","21.005226, 105.80506"
42104017,05/03/2025,Chính chủ cần bán căn hộ 107m2 dự án BRG Diamond Lê Văn Lương đã làm full nội thất tầng đẹp,Giá thỏa thuận,107 m²,N/A,3,2,"Nhân Chính, Thanh Xuân","21.0049701355928, 105.805670400291"
42104365,05/03/2025,Cần bán căn hộ góc duy nhất tầng đẹp diện tích 146m2 dự án BRG Diamond Lê Văn Lương - Thanh Xuân,Giá thỏa thuận,146 m²,N/A,4,3,"Nhân Chính, Thanh Xuân","21.004487979902507, 105.80519970814689"
42111371,05/03/2025,"Bán gấp quỹ căn hộ NOXH tại Hoành Sơn Complex 2PN 2WC, giá 3 tỷ 700tr, 70m2, Thanh Xuân, Hà Nội",4 tỷ,70 m²,"57,14 tr/m²",2,2,"Thanh Xuân Trung, Thanh Xuân","20.9958397211165, 105.801891646689"
41621388,05/03/2025,"Hiếm: Bán nhanh căn hộ 110m2, 3PN, đồ cơ bản chủ đầu tư tại Gold Tower, giá 8,2tỷ. 0899.'511'.866","8,2 tỷ",110 m²,"74,54 tr/m²",3,2,"Thanh Xuân Trung, Thanh Xuân","20.993824, 105.80698"
42238772,05/03/2025,Bán suất ngoại giao tầng 9 đẹp Viha Nguyễn Tuân căn 2 pn cửa Đông Nam ban công Tây Bắc nhỉnh 7 tỷ,"7,15 tỷ",72 m²,"99,31 tr/m²",2,2,"Thanh Xuân Trung, Thanh Xuân","20.9978324486982, 105.80361937180132"
41737685,05/03/2025,"Quỹ căn chuyển nhượng 2 phòng ngủ, giá tốt, cập nhật liên tục tại Viha Leciva. 0988 160 ***","7,06 tỷ",72 m²,98 tr/m²,2,2,"Thanh Xuân Trung, Thanh Xuân","20.997587203979492, 105.8038330078125"
41564008,05/03/2025,(Suất ngoại giao) Viha Leciva 107 Nguyễn Tuân giá tốt nhất. Trực tiếp chủ nhà. LH 0988 160 ***,"7,06 tỷ",72 m²,98 tr/m²,2,2,"Thanh Xuân Trung, Thanh Xuân","20.9979186776236, 105.803145560264"
41737374,05/03/2025,Bán suất ngoại giao căn 2 pn 73.3m2 Đông Nam đẹp tại Viha Nguyễn Tuân nhỉnh 7 tỷ. LH 0988 160 ***,"7,06 tỷ",72 m²,98 tr/m²,2,2,"Thanh Xuân Trung, Thanh Xuân","20.997587203979492, 105.8038330078125"
41504643,05/03/2025,"Quỹ căn mới nhất: 2PN và 3PN, 4PN giá tốt nhất thị trường - Full NT và đủ slot ô tô!",7 tỷ,75 m²,"93,33 tr/m²",2,2,"Nhân Chính, Thanh Xuân","20.9990260046572, 105.802901330801"
41370383,05/03/2025,Bán gấp căn hộ 2N2VS chung cư Rivera Park 69 Vũ Trọng Phụng giá siêu rẻ,Giá thỏa thuận,70 m²,N/A,2,2,"Thanh Xuân Trung, Thanh Xuân","20.999118804931641, 105.80844116210938"
42334819,05/03/2025,"Chính chủ bán gấp CH chung cư, KĐT 54 Hạ Đình, Thanh Xuân, DT 90 m2 2P. 4,78 tỷ","4,78 tỷ",90 m²,"53,11 tr/m²",3,2,"Thanh Xuân Trung, Thanh Xuân","20.993505107894684, 105.79805955560987"
40683441,05/03/2025,"Bán gấp căn hộ 2PN 2WC, 3PN 2WC chung cư The Legend 109 Nguyễn Tuân",Giá thỏa thuận,105 m²,N/A,2,2,"Nhân Chính, Thanh Xuân","21.004614, 105.80408"
42334535,05/03/2025,"(Giá chuẩn) chung cư Fafilm VNT Tower, 19 Nguyễn Trãi - 3PN","7,65 tỷ",106 m²,"72,17 tr/m²",4,2,"Khương Trung, Thanh Xuân","21.0023246576809, 105.820892620314"
42333637,05/03/2025,"Bán căn 1pn 40m2 thoáng cực đẹp 1,3 tỷ ngõ 376 Khương Đình, Thanh Xuân","1,3 tỷ",40 m²,"32,5 tr/m²",1,1,"Khương Đình, Thanh Xuân","20.991238835117, 105.813287883405"
42095022,05/03/2025,"Bán căn 3 phòng ngủ 94m2 tầng 30 Viha Nguyễn Tuân giá tốt nhất bảng hàng, quý 3/2025 nhận nhà",9 tỷ,94 m²,"95,74 tr/m²",3,3,"Thanh Xuân Trung, Thanh Xuân","20.996878214738864, 105.80435735750316"
42334570,05/03/2025,Chủ nhà bán gấp căn chung cư 54 Hạ Đình - 90m2 - tầng trung - giá siêu tốt chỉ từ 5xtr/m2,"4,77 tỷ",90 m²,53 tr/m²,2,2,"Thanh Xuân Trung, Thanh Xuân","20.994039958841064, 105.79862507176745"
42335209,05/03/2025,Căn góc 3 ngủ sáng rộng 187 m2 Royal City bán với mức giá chỉ loanh quanh 16 đồng,16 tỷ,187 m²,"85,56 tr/m²",3,3,"Thượng Đình, Thanh Xuân","21.00288778148955, 105.81542747997496"
42323795,05/03/2025,"Chính chủ bán gấp CH Chung cư Sapphire Place Số 4 Chính Kinh, Thanh Xuân: DT 85m2 2PN . 5,985 tỷ.","5,99 tỷ",85 m²,"70,41 tr/m²",2,2,"Nhân Chính, Thanh Xuân","20.9994753749508, 105.811557953951"
41273125,05/03/2025,"Bán CHCC tòa Thanh Xuân Building, 35 Lê Văn Thiêm căn góc tầng trung, 98m2 3PN 2VS, full NT cao cấp","8,9 tỷ",98 m²,"90,82 tr/m²",3,2,"Thanh Xuân Trung, Thanh Xuân","21.0001584223301, 105.804440251056"
42203394,04/03/2025,Chung cư A2 54 Hạ Đình Thanh Xuân 3PN,"5,68 tỷ",105 m²,"54,1 tr/m²",3,2,"Thanh Xuân Trung, Thanh Xuân","20.992957273860345, 105.79816357100238"
40063402,04/03/2025,Cắt lỗ! Chính chủ cần bán gấp căn hộ 3 ngủ full đồ đẹp ở chung cư King Palace 108 Nguyễn Trãi,Giá thỏa thuận,100 m²,N/A,3,2,"Thượng Đình, Thanh Xuân","21.00029182434082, 105.81600952148438"
42230911,04/03/2025,Chính chủ gửi bán căn hộ chung cư Licogi 13. DT 100m tk 3pn 2wc. Nội thất full đẹp giá bán 6 tỷ BP,6 tỷ,100 m²,60 tr/m²,3,2,"Nhân Chính, Thanh Xuân","20.998879850189777, 105.79774884061521"
42315735,04/03/2025,Bán căn hộ R3 - Chung cư Royal City - tầng 15 - thiết kế vuông - sửa được thành 3PN - 0973 049 ***,Giá thỏa thuận,"109,2 m²",N/A,N/A,N/A,"Thượng Đình, Thanh Xuân","21.002661444449828, 105.8154347503762"
42322946,04/03/2025,Căn hộ chung cư 70m2 2PN sáng đẹp khu N6C Trung Hòa Nhân Chính,"3,5 tỷ",70 m²,50 tr/m²,2,1,"Nhân Chính, Thanh Xuân","21.0060434470841, 105.801617084514"
39458297,04/03/2025,Chính chủ bán căn 75m2 chung cư Harmony Square Nguyễn Tuân,"4,8 tỷ",75 m²,64 tr/m²,2,2,"Nhân Chính, Thanh Xuân","20.999851, 105.80137"
28132391,04/03/2025,Bán gấp căn hộ 2PN chung cư Harmony Square Nguyễn Tuân,"3,9 tỷ",75 m²,52 tr/m²,2,2,"Nhân Chính, Thanh Xuân","20.9998512268066, 105.801368713379"
38241154,04/03/2025,Chính chủ bán căn số 12 chung cư Harmony Square Nguyễn Tuân,"5,5 tỷ","88,97 m²","61,82 tr/m²",3,2,"Nhân Chính, Thanh Xuân","20.9998512268066, 105.801368713379"
42323268,04/03/2025,"Bán gấp nhà tập thể Thanh Xuân Bắc - 60m - 2 phòng ngủ - full đồ ở ngay - chỉ 2,55 tỷ","2,55 tỷ",60 m²,"42,5 tr/m²",2,1,"Thanh Xuân Bắc, Thanh Xuân","20.9952434601379, 105.800139165792"
40119351,04/03/2025,"(Diamond Flower). Chủ nhà gửi bán căn góc 3PN, 2WC. DT: 172m2 full đồ. Ban công ĐN. Giá: 12tỷ",12 tỷ,172 m²,"69,77 tr/m²",3,3,"Nhân Chính, Thanh Xuân","21.005578994751, 105.803749084473"
41973395,04/03/2025,"bán căn hộ tại Star Tower 283 Khương Trung, giá chỉ 5tỷ, 85m2, 3 ngủ",5 tỷ,85 m²,"58,82 tr/m²",3,1,"Khương Trung, Thanh Xuân","20.9973673612948, 105.818066470331"
42109752,04/03/2025,Chủ gửi bán căn góc siêu đẹp View quảng trường tại R4 Royal City,"13,5 tỷ",133 m²,"101,5 tr/m²",3,2,"Thượng Đình, Thanh Xuân","21.002691411915777, 105.81512768137408"
42333657,04/03/2025,Bán gấp Chung Cư Riverside Garden 349 Vũ Tông Phan. Mới Đẹp. Giá 5.6 Tỷ.,"5,6 tỷ",73 m²,"76,71 tr/m²",2,2,"Khương Đình, Thanh Xuân","20.990208245217612, 105.81453899492655"
42333242,04/03/2025,"1,83 tỷ có ngay căn chung cư mini 2 ngủ siêu mới đẹp gần mặt phố Giải Phóng","1,83 tỷ",50 m²,"36,6 tr/m²",2,1,"Phương Liệt, Thanh Xuân","20.9916336822779, 105.841226076914"
42186389,04/03/2025,"Bán Căn hộ 76m2, 6,1 tỷ tại Imperia Garden, Thanh Xuân, 2PN - 2WC. NT full. Lh 0792 826 ***","6,1 tỷ",76 m²,"80,26 tr/m²",2,2,"Thanh Xuân Trung, Thanh Xuân","20.997346207100232, 105.80323272034678"
42193184,04/03/2025,Ký HĐMB trực tiếp CĐT 65tr/m2 bảng hàng sẵn Handico Complex 33 Lê Văn Lương. Liên hệ: 0911 779 ***,Giá thỏa thuận,83 m²,N/A,3,2,"Nhân Chính, Thanh Xuân","21.0035645174233, 105.802886076179"
39481973,04/03/2025,Chính chủ bán căn 3PN DT 89m2 - Full NT - Giá tốt - Toà 283 Khương Trung ! LH: 0961 846 ***,"5,5 tỷ",89 m²,"61,8 tr/m²",3,2,"Khương Trung, Thanh Xuân","20.9968814849854, 105.817970275879"
42286420,04/03/2025,"(Căn đẹp) bán căn 2PN 2WC 72m2, bc Đông Nam, đủ nội thất, sổ đỏ cc. Giá 6 tỷ Rivera Park",6 tỷ,72 m²,"83,33 tr/m²",2,2,"Thanh Xuân Trung, Thanh Xuân","20.9995950548691, 105.807965899447"
42332409,04/03/2025,"Chính chủ bán căn góc 3 pn 130m2 Thanh Xuân Complex, tầng đẹp, view thoáng, sổ đỏ. Giá 10 tỷ",10 tỷ,130 m²,"76,92 tr/m²",3,2,"Thanh Xuân Trung, Thanh Xuân","20.99947539048506, 105.80470617114644"
42320370,04/03/2025,Căn duy nhất Gold Tower 4 ban công - 2 mặt thoáng - 1 logia - diện tích 141m2 - slot ôtô - full đồ,11 tỷ,141 m²,"78,01 tr/m²",3,2,"Thanh Xuân Trung, Thanh Xuân","20.99411027971624, 105.80746190736701"
42138805,04/03/2025,Chính chủ bán căn hộ King Palace - 124m2 thông thuỷ - 3 PN đầy đủ nội thất - ban công Đông Bắc,"10,5 tỷ",124 m²,"84,68 tr/m²",3,N/A,"Thượng Đình, Thanh Xuân","21.0004458940386, 105.815562817343"
41269631,04/03/2025,"Chính chủ bán chung cư 54 Hạ Đình, nội thất đẹp, căn góc 2 mặt thoáng, sổ đỏ lâudài, giá chỉ 4,5 tỷ","4,5 tỷ",96 m²,"46,88 tr/m²",2,2,"Thanh Xuân Trung, Thanh Xuân","20.993931183219445, 105.79902650428855"
42330193,04/03/2025,Bán căn hộ tập thể tầng 1 nhà A11 Thanh Xuân Bắc,"5,8 tỷ",120 m²,"48,33 tr/m²",1,1,"Thanh Xuân Bắc, Thanh Xuân","20.99231218203, 105.798990789771"
42331720,04/03/2025,"Duy nhất căn 2PN1VS, DT 63m2 tòa The Diamond - ngã tư Lê Văn Lương, Hoàng Đạo Thúy. LH: 0911 717 ***","7,15 tỷ",63 m²,"113,49 tr/m²",2,1,"Nhân Chính, Thanh Xuân","21.0051560008074, 105.804731163618"
42151694,04/03/2025,"Bán căn hộ cc Hạ Đình Tower, Thanh Xuân, trung tâm quận, ô tô tại sảnh, 97m2, 5.5 tỷ(ctl)","5,5 tỷ",97 m²,"56,7 tr/m²",2,2,"Thanh Xuân Trung, Thanh Xuân","20.99134438649574, 105.80910201134421"
42331856,04/03/2025,"Chính chủ bán căn 3PN 2WC 125m2, view thoáng, đủ nội thất, sổ đỏ. Giá 9 tỷ Diamond Flower",9 tỷ,125 m²,72 tr/m²,3,2,"Nhân Chính, Thanh Xuân","21.0054924716021, 105.803705894254"
42331520,04/03/2025,"Bán gấp căn hộ 2PN view đẹp Royal City, Nguyễn Trãi, 82 triệu/m2, 100m2, sổ đỏ cất két.","8,2 tỷ",100 m²,82 tr/m²,2,2,"Thượng Đình, Thanh Xuân","21.002865923595767, 105.81541134723135"
42331674,04/03/2025,"Gia đình chuyển khẩu cần bán nhanh căn hộ cao cấp 3 phòng ngủ Gold Tower, để lại đầy đủ nội thất",10 tỷ,130 m²,"76,92 tr/m²",3,2,"Thanh Xuân Trung, Thanh Xuân","20.9939510107569, 105.806676064152"
42331596,04/03/2025,"Cần bán gấp Imperia Garden sẵn sổ - 2 ngủ - 2 Wc. Giá 7,5 tỷ 81m2. NT cơ bản","7,5 tỷ",81 m²,"92,59 tr/m²",2,2,"Thanh Xuân Trung, Thanh Xuân","20.9966965710102, 105.803165067325"
40680318,04/03/2025,Cần bán trước tết ! Căn góc 122m2 - Thống Nhất Complex (82 Nguyễn Tuân),"9,2 tỷ",122 m²,"75,41 tr/m²",3,2,"Thanh Xuân Trung, Thanh Xuân","20.998047, 105.80354"
42004142,04/03/2025,"Cần bán gấp! Căn 2 ngủ chung cư 54 Hạ Đình,sẵn sổ","4,4 tỷ",90 m²,"48,89 tr/m²",2,2,"Thanh Xuân Trung, Thanh Xuân","20.9939635650305, 105.798222227271"
42233999,04/03/2025,"Bán căn góc 3 ngủ! 109m2 - Fafilm số 19 Nguyễn Trãi, đầy đủ nội thất, sẵn sổ đỏ","7,5 tỷ",109 m²,"68,81 tr/m²",3,2,"Khương Trung, Thanh Xuân","21.001647710172502, 105.8195221432856"
41944975,04/03/2025,"Bán căn góc chung cư Ha Noi Center Point - 27 Lê Văn Lương, căn góc 3 ngủ, có slot ô tô, giá TL",7 tỷ,80 m²,"87,5 tr/m²",3,2,"Nhân Chính, Thanh Xuân","21.004530791121105, 105.80491178993819"
42234047,04/03/2025,"Bán căn góc 2 ngủ ! chung cư Golden Palm - 21 Lê Văn Lương, ban công ĐN, sẵn sổ, có slot ô tô","6,5 tỷ",81 m²,"80,25 tr/m²",2,2,"Nhân Chính, Thanh Xuân","21.005811893449927, 105.80814040135782"
42206329,04/03/2025,"Cần bán gấp! Căn 3 phòng ngủ Gold Tower (275 Nguyễn Trãi), sẵn sổ đỏ nội thất mới làm, có slot ô tô","7,3 tỷ","91,2 m²","80,04 tr/m²",3,2,"Thanh Xuân Trung, Thanh Xuân","20.9942789386563, 105.807238755809"
42331023,04/03/2025,"Bán căn hộ 3 ngủ 103m2 full đồ, hướng Đông Nam, sổ đỏ vĩnh viễn chung cư GoldSeason 47 Nguyễn Tuân",7 tỷ,103 m²,"67,96 tr/m²",3,2,"Thanh Xuân Trung, Thanh Xuân","20.9947301952389, 105.805297628799"
39274728,04/03/2025,Cam đoan giá thật - Việt Đức 3PN góc hoa hậu 109m không đồ không view các cụ 6.x tỷ 0979 998 ***,Giá thỏa thuận,109 m²,N/A,3,2,"Nhân Chính, Thanh Xuân","20.9996452331543, 105.799385070801"
28519494,04/03/2025,"Căn hộ A4 full nội thất, 3PN 2WC diện tích: 99,63m2 giá: 6.xx tỷ LH: 0979 998 *** Mr. Hưng (chủ nhà)",Giá thỏa thuận,"99,63 m²",N/A,3,2,"Nhân Chính, Thanh Xuân","20.9996452331543, 105.799385070801"
37361256,04/03/2025,"Quỹ căn CĐT, chuyển nhượng toàn bộ suất ngoại giao giá cắt lỗ Việt Đức Complex quận Thanh Xuân","3,2 tỷ",86 m²,"37,21 tr/m²",3,2,"Nhân Chính, Thanh Xuân","20.9996452331543, 105.799385070801"
42331341,04/03/2025,"Bán căn 75,4m2 tại Imperia Garden giá 6.8 tỷ - 2 ngủ - 2 wc - sẵn sổ. LH: 0399 888 ***","6,8 tỷ","75,4 m²","90,19 tr/m²",2,2,"Thanh Xuân Trung, Thanh Xuân","20.99732376518, 105.803540197659"
42265979,04/03/2025,"CỰC HIẾM, GIÁ TỐT, BÁN GẤP CĂN HỘ CAO CẤP TẠI DỰ ÁN RIVERSIDE GARDEN VŨ TÔNG PHAN, SỔ ĐỎ LÂU DÀI",Giá thỏa thuận,82 m²,N/A,3,2,"Khương Đình, Thanh Xuân","20.991132053799056, 105.81429384401126"
42220292,04/03/2025,BÁN CĂN HỘ PHỐ HẠ ĐÌNH THANH XUÂN 3N 2WC FULL NỘI THẤT ĐẸP XỊN !!!,"5,95 tỷ",105 m²,"56,67 tr/m²",3,2,"Hạ Đình, Thanh Xuân","20.9888416275697, 105.810878162086"
42040535,04/03/2025,"Bán Căn Hộ Chung Cư đẹp 3PN, 2WC tại Việt Đức Complex, 5,8 tỷ, 100m2, Q. Thanh Xuân, HN","6,2 tỷ",100 m²,62 tr/m²,3,2,"Nhân Chính, Thanh Xuân","20.999863552116388, 105.79926900232101"
42307829,04/03/2025,"Siêu phẩm chung cư nơi chữa lành tâm hồn! 120m lô góc mặt đường Nguyễn Trãi, chỉ hơn 8 tỷ","8,75 tỷ",120 m²,"72,92 tr/m²",3,2,"Khương Đình, Thanh Xuân","20.9873940634818, 105.800446102427"
42320413,04/03/2025,HÀNG HIẾM GIÁ ĐẸP ! CHUNG CƯ CAO CẤP HEITOWER PHỐ NGUỴ NHƯ TẦNG ĐẸP LÔ GÓC FULL NỘI THẤT Ở NGAY !!!,"10,5 tỷ",162 m²,"64,82 tr/m²",3,2,"Nhân Chính, Thanh Xuân","20.9990194894167, 105.800992090148"
42330876,04/03/2025,"Bán chung cư Shapphire, số 4 Chính Kinh, 90m2, 2pn. giá 5,8 tỷ- 0975 118 ***","5,8 tỷ",90 m²,"64,44 tr/m²",2,2,"Thanh Xuân Trung, Thanh Xuân","20.99898823061338, 105.81163332693244"
42042365,04/03/2025,"Chính chủ cần bán căn hộ 85m2 tầng trung - 3 ngủ tòa The Legend Nguyễn Tuân, nhà đẹp full nội thất","8,15 tỷ",85 m²,"95,88 tr/m²",3,2,"Nhân Chính, Thanh Xuân","21.0045905813344, 105.80441650176"
41526825,04/03/2025,"Tôi chủ nhà bán căn hộ C3 Golden Palace, 98m2 thiết kế 3 ngủ căn 1107 full nội thất đẹp giá 7tỷ4","7,4 tỷ",98 m²,"75,51 tr/m²",3,2,"Nhân Chính, Thanh Xuân","21.00445556640625, 105.80252838134766"
38911927,04/03/2025,"Cần bán căn 3PN 122m2 CC Thống Nhất, BC Đông Nam, tầng 18, có slot ô tô, giá bán gấp trong tháng","8,8 tỷ",122 m²,"72,13 tr/m²",3,2,"Thanh Xuân Trung, Thanh Xuân","20.998047, 105.80354"
42330610,04/03/2025,Chính chủ bán gấp 3Pn -106m2 tại The Legend 109 Nguyễn Tuân chỉ 8.88 tỷ. LH: 0364 079 ***,"8,88 tỷ",106 m²,"83,77 tr/m²",3,2,"Nhân Chính, Thanh Xuân","21.003956272342446, 105.80432385005737"
42330606,04/03/2025,"Căn Hộ Sang Trọng 270m Tại Vinhomes Royal City, Tòa R1 - 4 Phòng Ngủ, Giá 27 Tỷ!","27,5 tỷ",270 m²,"101,85 tr/m²",4,N/A,"Thượng Đình, Thanh Xuân","21.002861201185414, 105.81608428527905"
42148094,04/03/2025,"Bán CC 2PN + 2WC tại Chung cư 51 Quan Nhân, 5 tỷ, 75m2, Q.Thanh Xuân, HN giá tốt uy tín",5 tỷ,75 m²,"66,67 tr/m²",2,2,"Nhân Chính, Thanh Xuân","21.00653437117371, 105.81209981648173"
39660699,04/03/2025,"Tôi bán căn Hanoi CenterPoint, 70m2 thiết kế 2 ngủ, tầng trung, BC: Đông Nam thoáng mát giá 5tỷ8","5,8 tỷ",70 m²,"82,86 tr/m²",2,2,"Nhân Chính, Thanh Xuân","21.0048179626465, 105.804672241211"
42330514,04/03/2025,"Bán xuất mua ngoại giao giá rẻ tại căn hộ tại 33 Lê Văn Lương Handico Complex, 84 triệu/m, 2PN, 3PN","7,34 tỷ","86,3 m²",85 tr/m²,3,2,"Nhân Chính, Thanh Xuân","21.003288379950593, 105.80184432980992"
40796024,04/03/2025,"Tôi chính chủ cần bán gấp căn 133,6m2 tòa R2 - Royal City - full nội thất - Lh Em Hà - 0984 766 ***",10 tỷ,"133,6 m²","74,85 tr/m²",4,2,"Thượng Đình, Thanh Xuân","21.002666473388672, 105.8154296875"
42291744,04/03/2025,"Bán CH 3PN, 2WC, 104m2 tại The Golden Palm Lê Văn Lương, 8 tỷ VND, giá cực chất Hot!",8 tỷ,104 m²,"76,92 tr/m²",3,2,"Nhân Chính, Thanh Xuân","21.006464498011614, 105.80689358607329"
39382032,04/03/2025,"Chủ nhà gửi bán căn Rivera Park, 72m2 thiết kế 2PN tầng trung bc Đông Bắc view đẹp, giá 5tỷ8","5,8 tỷ",72 m²,"80,56 tr/m²",2,2,"Thanh Xuân Trung, Thanh Xuân","20.9991188049316, 105.808441162109"
41575992,04/03/2025,"Quỹ căn đặc biệt dự án Viha Complex - Viha Leciva, cam kết rẻ nhất, cập nhật 24/24: 0988 160 ***","6,48 tỷ",72 m²,90 tr/m²,2,2,"Thanh Xuân Trung, Thanh Xuân","20.9980874822062, 105.803693587835"
41737265,04/03/2025,Chuyên quỹ căn đẹp tại dự án Viha Complex chính sách tốt nhất lh: 0988 160 ***,"7,06 tỷ",72 m²,98 tr/m²,2,2,"Thanh Xuân Trung, Thanh Xuân","20.997587203979492, 105.8038330078125"
42192604,04/03/2025,Chính chủ bán căn 3PN - DT 120m2 - Full NT đẹp - Giá tốt tại toà Fafilm - VNT 19 Nguyễn Trãi,8 tỷ,120 m²,"66,67 tr/m²",3,2,"Khương Trung, Thanh Xuân","21.0013704870994, 105.82008157362"
41736725,04/03/2025,"Vợ chồng em bán CHCC Diamond Flower Tower 125m2 3pn full đồ,tầng đẹp thoáng, giá rẻ. Lh: 0987 362 ***",9 tỷ,125 m²,72 tr/m²,3,2,"Nhân Chính, Thanh Xuân","21.005578994751, 105.803749084473"
42330083,04/03/2025,Tập thể Khương Trung - 4 ngủ 2wc - mặt ngõ ô tô tránh - hàng xóm Royal City,"3,45 tỷ",33 m²,"104,54 tr/m²",4,2,"Khương Trung, Thanh Xuân","20.996014320683, 105.822093242057"
42239253,04/03/2025,"BÁN CĂN HỘ 3PN 115M TẠI ROYAL CITY TẦNG CAO, VIEW THOÁNG, FULL NỘI THẤT SANG XỊN!",25 tỷ,250 m²,100 tr/m²,4,3,"Thượng Đình, Thanh Xuân","21.001992253943417, 105.81526089068142"
42330073,04/03/2025,"Bán gấp căn hộ chung cư Royal City, Nguyễn Trãi, Thanh Xuân, Hà Nội, 16 tỷ, 187m2",16 tỷ,187 m²,"85,56 tr/m²",3,3,"Thượng Đình, Thanh Xuân","21.0023546337987, 105.815389835437"
41181039,04/03/2025,"Bán căn góc 100m2, 3 pn, 2VS, 2BC đẹp vip nhất tòa Sakura 47 Vũ Trọng Phụng - sổ đỏ chính chủ","6,2 tỷ",100 m²,62 tr/m²,3,2,"Thanh Xuân Trung, Thanh Xuân","20.9976119995117, 105.809326171875"
41472986,04/03/2025,"Bán căn hộ 81m2 căn hộ đẹp. giá 7 tỷ, chung cư Imperia Garden nguyễn huy tưởng",Giá thỏa thuận,81 m²,N/A,2,2,"Thanh Xuân Trung, Thanh Xuân",N/A
39993921,04/03/2025,Duy nhất căn 2 phòng ngủ 75m2 không có căn thứ 2. ban công Đông Nam,Giá thỏa thuận,75 m²,N/A,2,2,"Nhân Chính, Thanh Xuân",N/A
41738689,06/03/2025,Hàng hiếm! Quỹ căn ngoại giao độc nhất tại dự án Viha Complex 107 Nguyễn Tuân giá rẻ. LH 0988 160 ***,"6,48 tỷ",72 m²,90 tr/m²,2,2,"Thanh Xuân Trung, Thanh Xuân","20.997587, 105.80383"
40844598,06/03/2025,Vợ chồng e bán nhanh căn hộ chung cư 3 phòng ngủ - Toà Golden Palm DT 124m2 giá 8 tỷ LH 0988 246 ***,8 tỷ,130 m²,"61,54 tr/m²",3,2,"Nhân Chính, Thanh Xuân","21.006311, 105.80748"
39392768,06/03/2025,Chính chủ bán nhanh căn hộ chung cư Gold Season 3 phòng ngủ - DT 102m2 giá 9.5 tỷ LH 0988 246 ***,"9,5 tỷ",102 m²,"93,14 tr/m²",3,2,"Thanh Xuân Trung, Thanh Xuân","20.9947719573975, 105.806129455566"
41472686,06/03/2025,Chính chủ cần bán nhanh căn hộ 2 pn toà nhà Royal City - DT 87m2 - Giá 7 tỷ - Lh 0988 246 ***,7 tỷ,87 m²,"80,46 tr/m²",2,2,"Thượng Đình, Thanh Xuân","21.002666473388672, 105.8154296875"
40844507,06/03/2025,Gia đình e bán cực gấp căn hộ chung cư Imperia Garden - 2 phòng ngủ 80m2 giá 6 tỷ LH 0988 246 ***,6 tỷ,80 m²,75 tr/m²,2,2,"Thanh Xuân Trung, Thanh Xuân","20.997276306152344, 105.80298614501953"
39637661,06/03/2025,"Vợ chồng em bán nhanh căn 128m2 Time Tower - 3PN - ban công Đông Nam - Giá 8,3 tỷ - LH 0988 246 ***","8,3 tỷ",128 m²,"64,84 tr/m²",3,N/A,"Nhân Chính, Thanh Xuân","21.0026340484619, 105.801559448242"
39187138,06/03/2025,Suất nội bộ giá tốt căn đẹp của dự án Viha 107 Nguyễn Tuân. Liên hệ ngay 0988 160 ***,"4,54 tỷ","73,3 m²",62 tr/m²,2,2,"Thanh Xuân Trung, Thanh Xuân","20.997587, 105.80383"
42355904,06/03/2025,"Nhà Phố Nguyễn Trãi, DÒNG TIỀN ỔN ĐỊNH gần 500tr/N. Nhà mới đẹp, ô tô đỗ cửa 15.6 Tỷ, 2 mặt thoáng.","15,6 tỷ",50 m²,312 tr/m²,N/A,N/A,"Thượng Đình, Thanh Xuân","20.987806661369, 105.80060285222"
42342442,06/03/2025,"Bán căn 3PN 2WC tầng cao view công viên hồ Nhân Chính 13ha. Ký HĐMB CĐT. Giá 6,74tỷ đã có nội thất","6,74 tỷ",80 m²,"84,25 tr/m²",3,2,"Nhân Chính, Thanh Xuân","21.0036277293497, 105.801763500235"
41220195,06/03/2025,"Giá thật k đăng ảo: Bán CH 3PN-2WC, DT 135m2, ban công ĐN, giá 7,5 tỷ,LH 0363 388 ***","7,5 tỷ",135 m²,"55,56 tr/m²",3,2,"Nhân Chính, Thanh Xuân","20.9996452331543, 105.799385070801"
42355553,06/03/2025,Hiếm! IMPERIA GARDEN căn 2 NGủ diện tích 80m NT cơ bản giá 7.1 tỷ có TL,Giá thỏa thuận,80 m²,N/A,3,2,"Thanh Xuân Trung, Thanh Xuân","20.99732913939342, 105.80291988790265"
41933254,06/03/2025,"Cần bán tập thể Thanh Xuân - Nguyễn Quý Đức - Khuất Duy Tiến 65m2x2 ngủ, ở luôn","2,85 tỷ",65 m²,"43,85 tr/m²",2,N/A,"Thanh Xuân Bắc, Thanh Xuân","20.9954196481225, 105.800187172954"
42355535,06/03/2025,Hiếm! IMPERIA GARDEN căn 3 NGủ diện tích 121m NT cơ bản giá 11.3 tỷ có TL,Giá thỏa thuận,121 m²,N/A,3,2,"Thanh Xuân Trung, Thanh Xuân","20.99732913939342, 105.80291988790265"
41878217,06/03/2025,"Chủ cần bán tập thể 2PN, 63m2 tại Nguyễn Trãi, Thanh Xuân Bắc, Thanh Xuân, Hà Nội, chỉ với 2,7 tỷ","2,7 tỷ",63 m²,"42,86 tr/m²",2,N/A,"Thanh Xuân Bắc, Thanh Xuân","20.9880780277962, 105.800827581897"
41970271,06/03/2025,"Tập thể tầng 3 ô tô phố Khuất Duy Tiến - Thanh Xuân Bắc, 65m2x2 ngủ ở luôn 2 tỷ hơn","2,95 tỷ",65 m²,"45,38 tr/m²",2,1,"Thanh Xuân Bắc, Thanh Xuân","20.9951945990582, 105.800177731462"
42079460,06/03/2025,"Bán căn hộ tập thể 2PN, 1WC, 65m2 tại Khuất Duy Tiến, giá tốt",2 tỷ,65 m²,"30,77 tr/m²",2,1,"Thanh Xuân Bắc, Thanh Xuân","20.9951585958702, 105.800263908752"
42159015,06/03/2025,"Căn hộ 2n2vs 67m chỉ 5 tỷ chung cư The Golden Palm- Lê Văn Lương, tầng đẹp, nhà mát:O966769078",5 tỷ,67 m²,"74,63 tr/m²",2,2,"Nhân Chính, Thanh Xuân","21.005755547309924, 105.80753835174372"
42328628,06/03/2025,Hiếm! Bán căn góc DT 118m2 - Viha Leciva 107 Nguyễn Tuân - full nội thất liền tường - Giá 88tr/m2,"10,5 tỷ",118 m²,"88,98 tr/m²",3,3,"Thanh Xuân Trung, Thanh Xuân","20.9976172888285, 105.803878130461"
40707434,06/03/2025,"Bán nhanh rẻ trong tháng để đi nước ngoài căn hộ 2pn Handi Resco, căn góc, sổ đỏ cc, nội thất đẹp",5 tỷ,66 m²,"75,76 tr/m²",2,2,"Nhân Chính, Thanh Xuân","21.00364, 105.80298"
39313841,06/03/2025,"Cần bán chung cư Five Star Kim Giang, có slot ô tô, tầng 22, căn 2 ngủ, nhà sạch đẹp, 4 tỷ 3","4,3 tỷ",72 m²,"59,72 tr/m²",2,2,"Hạ Đình, Thanh Xuân","20.9860000610352, 105.812187194824"
41226758,06/03/2025,Chủ nhà bán căn 3 ngủ tòa Hei Tower Số 1 Ngụy Như Kon Tum giá rẻ nhất Thanh Xuân chỉ hơn 6 tỷ,"6,8 tỷ",110 m²,"61,82 tr/m²",3,2,"Nhân Chính, Thanh Xuân","21.003246307373, 105.805061340332"
42348687,06/03/2025,Chính chủ bán gấp cc Hei Tower Ngụy Như Kon Tum 162m - 3PN - Giá 8.9 tỷ,"8,9 tỷ",162 m²,"54,94 tr/m²",3,2,"Nhân Chính, Thanh Xuân","21.003323502382468, 105.80600978863083"
42122678,06/03/2025,"Bán nhanh căn hộ 2PN sáng tại Royal City, 96m2, 9 tỷ, full đồ, LH: 0365 691 ***","9,1 tỷ",96 m²,"94,79 tr/m²",2,2,"Thượng Đình, Thanh Xuân","21.0029533081062, 105.814965121243"
42118102,06/03/2025,Chính chủ bán căn hộ Lê Văn Lương - BRG Diamond Residence - 120m2 3 phòng ngủ 1 kho - Giá cắt lỗ,Giá thỏa thuận,120 m²,N/A,3,N/A,"Nhân Chính, Thanh Xuân","21.005006188299305, 105.80521452724086"
40585505,04/03/2025,"Chính chủ bán CH Timetower 107m2 3 ngủ full đồ luxury mới 100%,tầng đep view thoáng.LH:0987 362 ***","7,6 tỷ",107 m²,"71,03 tr/m²",3,2,"Nhân Chính, Thanh Xuân","21.00266442463353, 105.80156666764597"
41393031,04/03/2025,Bán căn 138m2 tầng đẹp thoáng nhà đẹp ở ngay. 55tr/m2,Giá thỏa thuận,138 m²,N/A,3,2,"Nhân Chính, Thanh Xuân","21.0000346561444, 105.79569935928"
42200243,04/03/2025,"Chính chủ bán căn 130m2 Gold Tower Nguyễn Trãi giá 8,6 tỷ. Full NT. LH 0962 347 ***","8,6 tỷ",130 m²,"66,15 tr/m²",3,2,"Thanh Xuân Trung, Thanh Xuân","20.993763861414216, 105.80666081828824"
41607807,04/03/2025,"Cần bán nhanh căn Hei Tower 127m2 3N2W giá 7,3 tỷ. Full NT. LH 0962 347 ***","7,3 tỷ",127 m²,"57,48 tr/m²",3,2,"Nhân Chính, Thanh Xuân","21.003617501948362, 105.80495978372981"
41662752,04/03/2025,Hiếm! Suất ngoại giao căn 06 trục 3 phòng ngủ 97m2 ban công Đông Nam tại Viha Nguyễn Tuân,"9,7 tỷ",97 m²,100 tr/m²,3,3,"Thanh Xuân Trung, Thanh Xuân","20.997587, 105.80383"
42290339,04/03/2025,"Bán chung cư 18T - Trung Hòa Nhân Chính, 116m2, 3 phòng ngủ, giá: 7.3 tỷ. LH: 0379 455 ***","7,3 tỷ",116 m²,"62,93 tr/m²",3,2,"Nhân Chính, Thanh Xuân","21.0047155994341, 105.806255314248"
42329767,04/03/2025,Bán CHCC Golden Palm- 21 Lê Văn Lương 100m2 giá 7 tỷ,"7,2 tỷ",100 m²,72 tr/m²,2,2,"Nhân Chính, Thanh Xuân","21.00658786287257, 105.80683301132629"
41003193,04/03/2025,"Chính chủ bán căn 82,5m2 Golden West - Lê Văn Thiêm, full nội thất có slot ô tô","4,95 tỷ",82 m²,"60,37 tr/m²",2,2,"Nhân Chính, Thanh Xuân","20.993579864501953, 105.79821014404297"
42329553,04/03/2025,Cực hiếm! Bán căn Hộ N3 Trung Hòa Nhân Chính - Lê Văn Lương,"3,1 tỷ",50 m²,62 tr/m²,2,1,"Nhân Chính, Thanh Xuân","21.0041473847592, 105.80305076872"
40567894,04/03/2025,"Bán gấp căn góc 133m2 chung cư Golden Land giá rẻ nhất tại tòa này chủ cần bán gấp 8 tỷ, có sổ đỏ",8 tỷ,133 m²,"60,15 tr/m²",3,2,"Thanh Xuân Trung, Thanh Xuân","20.9934864044189, 105.806907653809"
42329419,04/03/2025,Tòa CCMN ngõ 72 Nguyễn Trãi - Royal City 1 ngủ - giá 950tr (tặng full đồ) về ở luôn nhà ở tầng 6,950 triệu,30 m²,"31,67 tr/m²",1,1,"Nhân Chính, Thanh Xuân","20.9876926935069, 105.800390447306"
41972955,04/03/2025,"Căn hoa hậu 90 NT. bán căn hộ 72.22m2, 2PN. 2WC. Giá 5,6tỷ nét để lại đồ, chuẩn ảnh, có slot oto","5,6 tỷ","71,22 m²","78,63 tr/m²",2,2,"Thanh Xuân Trung, Thanh Xuân","20.9962990283451, 105.805632272854"
42099745,04/03/2025,"(Hà Nội Center Point. LVL) chủ nhà gửi bán căn góc 3PN, 2VC, 80m2. Ban công ĐN tầng 16. Giá: 6,8 tỷ","6,8 tỷ",80 m²,85 tr/m²,3,2,"Nhân Chính, Thanh Xuân","21.0048214270844, 105.804649061158"
42329347,04/03/2025,"CCMN Khương Đình - Thanh Xuân 40m2 x 1,195 tỷ (tặng fun đồ như ảnh) khách mua về ở luôn","1,2 tỷ",40 m²,"29,88 tr/m²",1,1,"Khương Đình, Thanh Xuân","20.9909648987728, 105.813358122232"
42274957,04/03/2025,"Hoàng 3333 giá thật. Bán CH 133 m2, tòa Golden Land, 3N - 2WC, ban công Đông Nam mát mẻ, Full Đồ đẹ","8,6 tỷ",133 m²,"64,66 tr/m²",3,2,"Thanh Xuân Trung, Thanh Xuân","20.9938815809137, 105.806350861227"
42275057,04/03/2025,"Hoàng 3333 giá thật. Bán CH 169m2, 4N - 3WC tại Handi Resco Lê Văn Lương, full nội thất đẹp, sổ đỏ",15 tỷ,169 m²,"88,76 tr/m²",4,3,"Nhân Chính, Thanh Xuân","21.0036431805147, 105.80297464454"
42328892,04/03/2025,Giá tốt CC Fafilm - VNT Tower tọa lạc 19 Nguyễn Trãi 96m 2PN,"7,3 tỷ",96 m²,"76,04 tr/m²",2,2,"Khương Trung, Thanh Xuân","21.0021322001538, 105.821056412724"
42329196,04/03/2025,"Gấp hiếm! Bán căn hộ chung cư Trung Hoà Nhân Chính - Thanh Xuân, 67m2, ô tô chỉ 3,6 tỷ","3,6 tỷ",67 m²,"53,73 tr/m²",2,1,"Nhân Chính, Thanh Xuân","21.0039958359573, 105.802757240768"
40280461,04/03/2025,"Bán 3 suất đầu tư căn 11,12 trực tiếp CĐT, chung cư 33 Lê Văn Lương suất nội bộ chuẩn 68 tr/m2","4,76 tỷ",70 m²,68 tr/m²,3,2,"Nhân Chính, Thanh Xuân","21.003184135752505, 105.80324208716156"
42184347,04/03/2025,"Chính chủ bán CH Rivera Park, diện tích 105m2 thiết kế 3N 2W, full nội thất, giá 9,2 tỷ có slot oto","9,2 tỷ",105 m²,"87,62 tr/m²",3,2,"Thanh Xuân Trung, Thanh Xuân","20.9983377073349, 105.808270120479"
42264496,04/03/2025,Bán CH imperia garden diện tích 110m2 thiết kế 3 ngủ giá 10 tỷ có slot ô tô.,10 tỷ,110 m²,"90,91 tr/m²",3,2,"Thanh Xuân Trung, Thanh Xuân","20.99727629112688, 105.80298624652512"
42328780,04/03/2025,Hiếm! Bán căn áp góc DT 97m2 - Viha Leciva 107 Nguyễn Tuân - full nội thất liền tường - Giá 89tr/m2,"8,68 tỷ",97 m²,"89,48 tr/m²",3,3,"Thanh Xuân Trung, Thanh Xuân","20.9977592599722, 105.803192918413"
41958315,04/03/2025,"Suất ngoại giao căn góc 85m2 tòa Handico Complex 33 Lê Văn Lương, ký trực tiếp CĐT",7 tỷ,85 m²,"82,35 tr/m²",3,2,"Nhân Chính, Thanh Xuân","21.0038141370784, 105.803126435114"
42328502,04/03/2025,"Chung Cư Hoàng Đạo Thúy 73m2 - 3,9 tỷ. Chung cư N5D - 2 Phòng Ngủ, 1vs - Sổ đẹp","3,9 tỷ",73 m²,"53,42 tr/m²",2,1,"Nhân Chính, Thanh Xuân","21.00475166753559, 105.80611039356153"
42138180,04/03/2025,"Bán căn hộ 3PN, 2WC, 128m2 tại Times Tower Lê Văn Lương, 8,8 tỷ, Thanh Xuân, Hà Nội LH 0336 730 ***","8,8 tỷ",128 m²,"68,75 tr/m²",3,2,"Nhân Chính, Thanh Xuân","21.0024307602836, 105.801603840661"
42238115,04/03/2025,Gia đình cần bán gấp căn hộ chung cư toà Times Tower - nhà DT 107m2 - 3pn - giá 7 tỷ - 0988 246 ***,7 tỷ,107 m²,"65,42 tr/m²",3,2,"Nhân Chính, Thanh Xuân","21.0024249303647, 105.800695030502"
40362773,04/03/2025,Bán gấp căn hộ toà nhà The Legend Nguyễn Tuân Dt 66m - 75m - 85m2 - 105 m2 và 168m2 LH 0988 246 ***,"7,3 tỷ",105 m²,"69,52 tr/m²",3,2,"Nhân Chính, Thanh Xuân","21.0046138763428, 105.804077148438"
42313450,04/03/2025,(Tin thật 100%) căn hộ 94m2 x 3PN có slot ô tô tại Rivera Park - Ban công Đông Bắc - Lô góc thoáng,"8,99 tỷ",94 m²,"95,64 tr/m²",3,2,"Thanh Xuân Trung, Thanh Xuân","20.9993071826864, 105.807666249446"
42035784,04/03/2025,Chung cư 283 Khương Trung 69m2 2 ngủ 2wc - cực hiếm - nhà mới từ 2018 - ở giữ gìn - 4.5 tỷ,"4,5 tỷ",69 m²,"65,22 tr/m²",2,2,"Khương Trung, Thanh Xuân","20.9966818141041, 105.818052191142"
42328382,04/03/2025,"Duy nhất suất ngoại giao 70,4m 2PN 2VS Handico Comlex 33 Lê Văn Lương","6,2 tỷ","70,4 m²",88 tr/m²,2,2,"Nhân Chính, Thanh Xuân","21.003093458599327, 105.80283679615141"
42328311,04/03/2025,"Duy nhất bán căn góc chung cư Gold Tower giá 8,25 tỷ, 110,2m2, 3PN, Nguyễn Trãi, Thanh Xuân, Hà Nội","8,25 tỷ","110,2 m²","74,86 tr/m²",3,2,"Thanh Xuân Trung, Thanh Xuân","20.993463500004694, 105.80783150892033"
41353137,04/03/2025,Chính chủ bán căn hộ tập thể Thanh Xuân Bắc - 120m2 sử dụng. Sổ đỏ sẵn sàng giao dịch,Giá thỏa thuận,120 m²,N/A,4,2,"Thanh Xuân Bắc, Thanh Xuân","20.9954172280979, 105.800281052123"
42328109,04/03/2025,"Căn Hộ 2 Phòng Ngủ 109m Tại Vinhomes Royal City, Tòa R3, Giá 10 Tỷ  Liên Hệ Ngay 0987 485 ***!",10 tỷ,109 m²,"91,74 tr/m²",2,2,"Thượng Đình, Thanh Xuân","21.00203703556541, 105.81484479258181"
41167645,04/03/2025,"O971350620 Chính chủ bán CC Artemis số 3 Lê Trọng Tấn DT 79,5m2 và 85m, 2PN NT đẹp SĐCC, giá 75tr/m","5,96 tỷ","79,5 m²",75 tr/m²,2,2,"Khương Mai, Thanh Xuân","21.0003543729791, 105.828090924187"
42325232,04/03/2025,"Bán tập thể chưa qua sửa chữa Nguyễn Trãi, Thanh Xuân 16m/40m2, giá 2,3 tỷ","2,3 tỷ",40 m²,"57,5 tr/m²",N/A,N/A,"Thanh Xuân Bắc, Thanh Xuân","20.9934452688768, 105.797866153726"
41706958,04/03/2025,"Chính chủ bán căn góc 3PN full nội thất diện tích 134,6m2 tầng đẹp view biệt thự giá 9.150 tỷ HĐMB","9,15 tỷ","134,6 m²","67,98 tr/m²",3,3,"Thanh Xuân Trung, Thanh Xuân","21.000560760498047, 105.80291748046875"
40597196,04/03/2025,"Chính chủ bán căn góc 3pn và có lốt xe ô tô tầng trung Hapulico Thanh Xuân giá 8,7 tỷ 0967 175 ***","8,7 tỷ",135 m²,"64,44 tr/m²",3,2,"Thanh Xuân Trung, Thanh Xuân","21.00048828125, 105.80715942382812"
41247600,04/03/2025,"Căn hộ 1PN, 2PN, 3PN, 4PN, 5PN, duplex bán tại Vinhomes Royal City, LH: 0987 485 ***","10,2 tỷ",133 m²,"76,69 tr/m²",2,N/A,"Thượng Đình, Thanh Xuân","21.002666473388672, 105.8154296875"
41154720,04/03/2025,"Bán căn King Place 98m2(3n - 2w) tầng trung view thành phố, full Nt đẹp, Bc ĐN. Lh 0792 826 ***","7,5 tỷ",98 m²,"76,53 tr/m²",3,2,"Thượng Đình, Thanh Xuân","20.9877624946928, 105.800639290516"
42325954,04/03/2025,"Căn hộ tập thể vip duplex 2 tầng quận Thanh Xuân thiết kế 3pn + 2wc full nội thất có bãi để xe, sổ","3,55 tỷ",34 m²,"104,41 tr/m²",3,2,"Khương Trung, Thanh Xuân","20.9964317473418, 105.822277603654"
39218791,04/03/2025,(Căn mới) Chính chủ bán trong tháng căn 70m2 - 83m2 - 85m2 và 126m2 giá từ 5 tỷ Riverside Garden,"5,5 tỷ",85 m²,"64,71 tr/m²",3,2,"Khương Đình, Thanh Xuân","20.9837278740446, 105.814792633057"
42327339,04/03/2025,"Bán CHCC toà VNT 19 Nguyễn Trãi, Thanh Xuân.
96m2, 3pn 2vs Tầng trung, căn góc. Giá: 7,2 tỷ","7,2 tỷ",96 m²,75 tr/m²,3,2,"Khương Trung, Thanh Xuân","21.002244035585893, 105.81950711105686"
42326087,04/03/2025,"Bán gấp căn chung cư Fafilm VNT Tower 19 Nguyễn Trãi, Thanh Xuân 96 m2, 2 phòng ngủ, 2 VS","7,33 tỷ",96 m²,"76,35 tr/m²",2,2,"Khương Trung, Thanh Xuân","21.0018713431461, 105.820454241324"
41532970,04/03/2025,GIÁ THẬT cần bán chung cư Rivera Park 77.83m2 2N2W giá 6tỷ. Sẵn sổ full nội thất,"6,3 tỷ","77,83 m²","80,95 tr/m²",2,2,"Thanh Xuân Trung, Thanh Xuân","20.99911880493164, 105.80844116210938"
42276874,04/03/2025,"Bán căn hộ chung cư King Palace, Nguyễn Trãi, Thanh Xuân. DT 116m2, 3PN, 2WC. Full NT giá 9 tỷ",9 tỷ,116 m²,"77,59 tr/m²",3,2,"Thượng Đình, Thanh Xuân","21.000225870378177, 105.81536622792663"
40981004,04/03/2025,"Cần bán căn chung cư tiện ích bậc nhất, an sinh đỉnh khu vực Hoàng Văn Thái - Thanh Xuân","4,15 tỷ",65 m²,"63,85 tr/m²",2,2,"Khương Mai, Thanh Xuân","20.9960994582587, 105.825967297717"
40250037,04/03/2025,Gia đình e cần bán căn hộ King Palace - đã làm nội thất 1tỷ - diện tích: 116m2 - số phòng 3pn - 2vs,9 tỷ,116 m²,"77,59 tr/m²",3,2,"Thượng Đình, Thanh Xuân","21.0002918243408, 105.816009521484"
40610188,04/03/2025,"Gấp! 3pn, căn góc, 80m2. Chỉ 7,2 tỷ, full NT, BC Đông Nam. Xem nhà ưng ngay. Lh: 0343 202 ***","7,2 tỷ",80 m²,90 tr/m²,3,2,"Nhân Chính, Thanh Xuân","21.0048179626465, 105.804672241211"
41483437,04/03/2025,Chính chủ giá tốt căn hộ góc chung cư Golden Land view đẹp 3pn 1p giúp việc 2wc 146m2 (Thanh Xuân),"8,9 tỷ",146 m²,"60,96 tr/m²",4,2,"Thanh Xuân Trung, Thanh Xuân","20.9934864044189, 105.806907653809"
42327089,04/03/2025,"Tôi muốn bán căn hộ Thống Nhất Complex, 93.2m2, 2 PN 2 VS, ban công hướng mát, đầy đủ nội thất","7,3 tỷ","93,2 m²","78,33 tr/m²",3,2,"Thanh Xuân Trung, Thanh Xuân","20.998172489558076, 105.80273413266495"
42266859,04/03/2025,"Bán suất ngoại giao căn góc VIP 3PN 95m2 BC hướng ĐN, Handico Complex 33 Lê Văn Lương",8 tỷ,96 m²,"83,33 tr/m²",3,2,"Nhân Chính, Thanh Xuân","21.003361252741, 105.80243541204402"
40838497,04/03/2025,Quỹ căn hộ đẳng cấp cực chất - Royal City (liên lạc 1 lần có hết các quỹ căn ở đây),"10,4 tỷ",125 m²,"83,2 tr/m²",3,2,"Thượng Đình, Thanh Xuân","21.0026664733887, 105.8154296875"
41937794,04/03/2025,"Handico Complex 33 Lê Văn Lương - Căn 70.4m2 chỉ cần có từ 2.8 tỷ, LH 0911 779 ***.",6 tỷ,70 m²,"85,71 tr/m²",2,2,"Nhân Chính, Thanh Xuân","21.0028545096804, 105.802139700474"
42326934,04/03/2025,"Gia đình em cần bán căn chung cư Hei Tower Số 1 Ngụy Như Kon Tun, 108m2 giá 7.2 tỷ: 0936,071,228","7,2 tỷ",108 m²,"66,67 tr/m²",3,2,"Nhân Chính, Thanh Xuân","21.0030954793686, 105.805570648753"
41320394,04/03/2025,"E Việt Quản lý quỹ căn ngoại giao, giá gốc tốt nhất Pandora Triều Khúc, bao sang sổ sang tên","5,55 tỷ",83 m²,"66,87 tr/m²",2,2,"Thanh Xuân Bắc, Thanh Xuân","20.9859714508057, 105.79833984375"
42272727,04/03/2025,Chính chủ bán căn 3PN DT 85m2 - Full NT - Giá tốt tại toà Riverside Garden 349 Vũ Tông Phan,"5,5 tỷ",85 m²,"64,71 tr/m²",3,2,"Khương Đình, Thanh Xuân","20.991220297326198, 105.81474976703456"
41141804,04/03/2025,"O968127,636 BÁN CHUNG CƯ TOÀ HEI TOWER- 108m2* 3 NGỦ - NỘI THẤT XỊN - CÓ SLOT Ô TÔ- SẴN SỔ ĐỎ","7,3 tỷ",108 m²,"67,59 tr/m²",3,2,"Nhân Chính, Thanh Xuân","21.003375304989028, 105.80538250083754"
42319184,04/03/2025,"Bán căn hộ Golden Palm Lê Văn Lương, 82m2, thiết kế 2 phòng ngủ 2 vệ sinh, nhà mới đẹp, đầy đủ đồ","6,7 tỷ",82 m²,"81,71 tr/m²",2,2,"Nhân Chính, Thanh Xuân","21.0039583088724, 105.802998966117"42248052,06/03/2025,"Gia đình thiện chí bán căn hộ 123m, 3 ngủ ở toà Thống Nhất Complex 82 Nguyễn Tuân, căn góc, căn góc",9 tỷ,123 m²,"73,17 tr/m²",3,2,"Thanh Xuân Trung, Thanh Xuân","20.997931474669347, 105.80350285286502"
42135837,06/03/2025,"Chính chủ bán căn Imperia Garden Nguyễn Huy Tưởng, tầng trung 2 pn, 70m2, ban công ĐN, nhỉnh 5tỷ","5,1 tỷ",70 m²,"72,86 tr/m²",2,2,"Thanh Xuân Trung, Thanh Xuân","20.9977882938091, 105.802868899317"
42356237,06/03/2025,"Bán chung cư Khương Trung 3 ngủ , nhà đẹp , nội thất đắng cấp - 5.85 tỷ","5,85 tỷ",87 m²,"67,24 tr/m²",3,2,"Khương Trung, Thanh Xuân","20.996604474085345, 105.81830021098574"
41282960,06/03/2025,Chính chủ bán 120m2 Times Tower Lê Văn Lương 8 tỷ. Alo ngay: 0364 079 ***,8 tỷ,120 m²,"66,67 tr/m²",3,2,"Nhân Chính, Thanh Xuân","21.002634, 105.80156"
42330610,06/03/2025,Chính chủ bán gấp 3Pn -106m2 tại The Legend 109 Nguyễn Tuân chỉ 8.88 tỷ. LH: 0364 079 ***,"8,88 tỷ",106 m²,"83,77 tr/m²",3,2,"Nhân Chính, Thanh Xuân","21.003956272342446, 105.80432385005737"
42356217,06/03/2025,"CĂN TỐT! Bán Căn 2 ngủ, 70m2 tại Mỹ Sơn Tower, 2.9 tỷ, Full Nội Thất, view thành phố đẹp","2,9 tỷ",70 m²,"41,43 tr/m²",2,2,"Thanh Xuân Trung, Thanh Xuân","20.999410568064672, 105.80702358696695"
41968869,06/03/2025,"Chính chủ bán căn hộ phố Khương Trung - Thanh Xuân 50m2, 2 phòng ngủ 1.65 tỷ ở ngay, sổ đỏ","1,65 tỷ",50 m²,33 tr/m²,2,1,"Khương Trung, Thanh Xuân","20.9955301746024, 105.817996711182"
41719220,06/03/2025,"Bán gấp căn 4 pn 2wc tại Mỹ Sơn Tower, Full đồ đẹp, view thoáng mát, giá rẻ nhất tòa chỉ 7.5 tỷ",4 tỷ,180 m²,"22,22 tr/m²",4,2,"Thanh Xuân Trung, Thanh Xuân","20.999387741088867, 105.80726623535156"
17182646,06/03/2025,"Chủ đầu tư bán chung cư cao cấp phố Ngã Tư Sở, Khương Đình 2PN. Full nội thất",Giá thỏa thuận,52 m²,N/A,2,2,"Khương Đình, Thanh Xuân","20.9911336, 105.8132797"
39545061,06/03/2025,Vợ chồng em bán CHCC 90 Nguyễn Tuân 2pn full đồ tầng đẹp view thoáng giá rẻ. LH: 0987 362 ***,"5,5 tỷ","71,2 m²","77,25 tr/m²",2,2,"Thanh Xuân Trung, Thanh Xuân","20.9962978363037, 105.805633544922"
41840197,06/03/2025,Chính chủ bán CH tại Handi Resco Lê Văn Lương 66m2 2PN tầng trung view thoáng LH: 0987 362 ***,5 tỷ,66 m²,"75,76 tr/m²",2,2,"Nhân Chính, Thanh Xuân","21.0036389473477, 105.802956889873"
40898342,06/03/2025,"CH tại Hanoi Center Point 27 Lê Văn Lương 80m2 3pn căn góc full đồ luxury mới đẹp, bc Đông Nam",7 tỷ,80 m²,"87,5 tr/m²",3,2,"Nhân Chính, Thanh Xuân","21.0048179626465, 105.804672241211"
42248052,06/03/2025,"Gia đình thiện chí bán căn hộ 123m, 3 ngủ ở toà Thống Nhất Complex 82 Nguyễn Tuân, căn góc, căn góc",9 tỷ,123 m²,"73,17 tr/m²",3,2,"Thanh Xuân Trung, Thanh Xuân","20.997931474669347, 105.80350285286502"
36659917,07/03/2025,"Chính chủ bán căn hộ 90 Nguyễn Tuân 71m2, 2N2WC, giá 5.4 tỷ LH: 0965 066 ***","5,4 tỷ",71 m²,"76,06 tr/m²",2,2,"Thanh Xuân Trung, Thanh Xuân","20.9962978363037, 105.805633544922"
32969748,07/03/2025,"Vợ chồng tôi chuyển công tác cần bán căn hộ hướng Đông Nam 2PN2WC Rivera Park, 71m2, giá 5.4 tỷ","5,4 tỷ",71 m²,"76,06 tr/m²",2,2,"Thanh Xuân Trung, Thanh Xuân","20.9991188049316, 105.808441162109"
37902189,07/03/2025,"(Giá thật) tôi cần bán CH tòa The Legend 109 Nguyễn Tuân 72m2, 2PN 2WC giá: 6.2 tỷ LH: 0965 066 ***","6,2 tỷ",73 m²,"84,93 tr/m²",2,2,"Nhân Chính, Thanh Xuân","21.0046138763428, 105.804077148438"
42326306,04/03/2025,"Em đang cần bán gấp căn hộ 68m2 thiết kế 2pn,2wc nhà full nội thất chung cư five star kim giang","4,6 tỷ",68 m²,"67,65 tr/m²",2,2,"Hạ Đình, Thanh Xuân","20.98596455161134, 105.81137514136236"
42308057,04/03/2025,"Chính chủ bán căn hộ Gold Tower, 8 tỷ, 110 m2, 3 ngủ căn góc view đẹp, LH: 0911,400,844",8 tỷ,110 m²,"72,73 tr/m²",3,2,"Thanh Xuân Trung, Thanh Xuân","20.9937609760852, 105.806594265707"
42135158,04/03/2025,"Bán Căn hộ chung cư đẹp tại Times Tower Lê Văn Lương, 8,5 tỷ, 128m2, nhiều tiện ích","8,5 tỷ",128 m²,"66,41 tr/m²",3,2,"Nhân Chính, Thanh Xuân","21.002551062899126, 105.80172854234422"
41997559,04/03/2025,"Bán CC King Palace, 127m2 căn góc tầng trung view đẹp, giá thỏa thuận",Giá thỏa thuận,127 m²,N/A,3,2,"Thượng Đình, Thanh Xuân","20.9997444418917, 105.816394961815"
42308943,04/03/2025,"Bán chung cư 54 Hạ Đình - Thanh Xuân 105m2, 3 ngủ, 2 vs chỉ 4.95 tỷ","4,95 tỷ",105 m²,"47,14 tr/m²",3,2,"Thanh Xuân Trung, Thanh Xuân","20.994238154382227, 105.7982063756214"
40505719,04/03/2025,Chính chủ bán nhanh căn hộ chung cư 2PN - DT 86m2 toà nhà Bohemia - Giá 6 tỷ - LH 0988 246 ***,6 tỷ,86 m²,"69,77 tr/m²",2,2,"Thanh Xuân Trung, Thanh Xuân","20.997404098510742, 105.80406188964844"
42260286,04/03/2025,"Nhà em cần bán gấp căn hộ 3 phòng ngủ toà nhà Riverside Garden giá 5,5tỷ nhà full đồ 0988 246 ***","5,5 tỷ",85 m²,"64,71 tr/m²",3,2,"Khương Đình, Thanh Xuân","20.990287587974, 105.814620317541"
42008412,04/03/2025,Vợ chồng em cần bán nhanh căn hộ Five Star Kim Giang - 3 phòng ngủ - full nội thất - LH 0988 246 ***,"6,5 tỷ",105 m²,"61,9 tr/m²",3,2,"Hạ Đình, Thanh Xuân","20.98561075952027, 105.81137195642418"
40844641,04/03/2025,Vợ chồng em cần bán gấp căn chung cư 3N toà Hà Nội centerpoint nhà DT 87m2 giá 7tỷ LH 0988 246 ***,7 tỷ,87 m²,"80,46 tr/m²",3,2,"Nhân Chính, Thanh Xuân","21.004818, 105.80467"
41717440,04/03/2025,"Chính chủ bán nhanh căn hộ chung cư 3 phòng ngủ Imperia Garden DT 100m2 giá 8,5 tỷ lh 0988 246 ***","8,5 tỷ",100 m²,85 tr/m²,3,2,"Thanh Xuân Trung, Thanh Xuân","20.997276306152344, 105.80298614501953"
41366459,04/03/2025,"Vợ chồng em bán căn hộ chung cư 3 phòng ngủ toà nhà Hapulico - DT 140m2 - Giá 7,9 tỷ - 0988 246 ***","7,9 tỷ",140 m²,"56,43 tr/m²",3,N/A,"Thanh Xuân Trung, Thanh Xuân","21.00048828125, 105.80715942382812"
41366081,04/03/2025,Chính chủ bán gấp căn hộ chung cư Gold Tower - DT 142m2 - nhà căn góc - giá 8 tỷ - LH 0988 246 ***,8 tỷ,142 m²,"56,34 tr/m²",N/A,N/A,"Thanh Xuân Trung, Thanh Xuân","20.993824005127, 105.806976318359"
42211488,04/03/2025,"Chính chủ cần bán căn hộ chung cư 90 Nguyễn Tuân 71,2m2, 2 phòng ngủ 2 vệ sinh, full đồ giá 5.8 tỷ","5,8 tỷ","71,2 m²","81,46 tr/m²",2,2,"Thanh Xuân Trung, Thanh Xuân","20.9961852353676, 105.805820970697"
42290888,04/03/2025,"Chính chủ bán CH dự án Riverside Garden, 349 Vũ Tông Phan, Dt 85m2, 3N2VS, sổ đỏ lâu dài. Giá 5,8tỷ","5,8 tỷ",85 m²,"68,24 tr/m²",3,2,"Khương Đình, Thanh Xuân","20.990741587781134, 105.81437960871446"
42199893,04/03/2025,"Bán gấp Căn hộ chung cư tại The Artemis,7,5 tỷ, 90m2, 2PN, 2WC sẵn đồ cơ bản","7,5 tỷ",90 m²,"83,33 tr/m²",2,2,"Khương Mai, Thanh Xuân","20.999557416256597, 105.82741198197363"
42110478,04/03/2025,Bán Gấp Căn Hộ Chung Cư 183 Hoàng Văn Thái 2pn 2wc DT : 65m2 giá 4 tỷ LH : E Hoà 0917 495 ***,4 tỷ,65 m²,"61,54 tr/m²",2,2,"Khương Trung, Thanh Xuân","20.996067109330063, 105.82344945220589"
42113191,04/03/2025,"Duy nhất căn hộ 2N2VS 70m2 tầng trung, hướng mát tại Handico Complex - 33 Lê Văn Lương","6,1 tỷ","70,4 m²","86,65 tr/m²",2,2,"Nhân Chính, Thanh Xuân","21.003478475815321, 105.80244855875439"
39296441,04/03/2025,"O947105567, CHÍNH CHỦ BÁN CHUNG CƯ HẠ ĐÌNH, THANH XUÂN: DT 91m2, - CĂN GÓC - SỔ ĐỎ - NHÀ ĐẸP","4,37 tỷ",91 m²,"48,02 tr/m²",3,2,"Thanh Xuân Trung, Thanh Xuân","20.993579864502, 105.798210144043"
42326036,04/03/2025,"Duy nhất căn hộ Hà Nội Center Point, thiết kế 80m2, 3PN, ban công ĐN cực hiếm, full nội thất","7,2 tỷ",80 m²,90 tr/m²,3,2,"Nhân Chính, Thanh Xuân","21.004818, 105.80467"
42326013,04/03/2025,"Tôi chính chủ muốn bán căn hộ chung cư Hà Nội Center Point, 69m2, 2 pn 2 vệ sinh, nội thất cơ bản","5,8 tỷ",69 m²,"84,06 tr/m²",2,2,"Nhân Chính, Thanh Xuân","21.0045363578538, 105.804348091836"
34699690,04/03/2025,"Bán nhanh căn Golden West 3 phòng ngủ 96m2, full nội thất, giá bán nhỉnh 5 tỷ. LH 0961 995 ***",Giá thỏa thuận,96 m²,N/A,3,2,"Nhân Chính, Thanh Xuân","20.993579864502, 105.798210144043"
41976513,04/03/2025,"Bán căn Mỹ Sơn 2PN diện tích 90m2, view đẹp giá chỉ 3,5 tỷ. LH: 0961 995 ***","3,5 tỷ",90 m²,"38,89 tr/m²",2,2,"Thanh Xuân Trung, Thanh Xuân","20.9995698888281, 105.807294081556"
42009330,04/03/2025,CC 65m2 Lê Trọng Tấn Thanh Xuân-2 ngủ-thang máy-tặng nội thất-có slot ô tô-về ở ngay nhỉnh 4 tỷ,Giá thỏa thuận,65 m²,N/A,2,N/A,"Khương Mai, Thanh Xuân","21.0003743644705, 105.828024121941"
42142258,04/03/2025,"Bán căn Golden Palm 2PN diện tích 80m2 hướng đẹp, view cực thoáng, giá 6,3 tỷ. LH: 0961 995 ***","6,3 tỷ",80 m²,"78,75 tr/m²",2,2,"Nhân Chính, Thanh Xuân","21.00573754295859, 105.80754266841122"
42210484,04/03/2025,"Chính chủ cần bán căn 3PN 117m2 giá chuẩn 6,38 tỷ chung cư Imperial Plaza 360 Giải Phóng(Tòa MB)","6,35 tỷ",117 m²,"54,27 tr/m²",3,2,"Phương Liệt, Thanh Xuân","20.9860337072992, 105.839318278317"
42325209,04/03/2025,Tôi chính chủ cần bán căn hộ 3 ngủ chung cư 90 Nguễn Tuân full nội thất đẹp,Giá thỏa thuận,71 m²,N/A,N/A,N/A,"Thanh Xuân Trung, Thanh Xuân","20.99631268900091, 105.80612681937129"
42320811,04/03/2025,"Bán CC cực đẹp căn góc tại 282 Nguyễn Huy Tưởng, diện tích 95m2 - 3PN nhà đẹp full nội thất","5,9 tỷ",95 m²,"62,1 tr/m²",3,2,"Thanh Xuân Bắc, Thanh Xuân","20.9964594010635, 105.801756503573"
42325083,04/03/2025,"Bán căn hộ Bohemia Residence, Nguyễn Huy Tưởng, Thanh Xuân, 6,6 tỷ, DT 86m2 2 phòng ngủ 2vệ sinh","6,6 tỷ",86 m²,"76,74 tr/m²",2,2,"Thanh Xuân Trung, Thanh Xuân","20.997404098510742, 105.80406188964844"
42231306,04/03/2025,(Giá thật) chính chủ bán 102m2 3PN + 2WC full kính + tầng trung giá 8.4 tỷ CC GoldSeason,"8,4 tỷ",102 m²,"82,35 tr/m²",3,2,"Thanh Xuân Trung, Thanh Xuân","20.994772, 105.80613"
42231385,04/03/2025,"(Giá thật) chính chủ bán căn 88m2, 3PN 2WC + tầng trung full nội thất 7.5 tỷ CC Thống Nhất Complex","7,5 tỷ",88 m²,"85,23 tr/m²",3,2,"Thanh Xuân Trung, Thanh Xuân","20.998047, 105.80354"
42297601,04/03/2025,"Bán căn hộ 2PN, 2WC tại Rivera Park Hà Nội, 6 tỷ VND, 70m2, view đẹp",6 tỷ,70 m²,"85,71 tr/m²",2,2,"Thanh Xuân Trung, Thanh Xuân","20.998973867559865, 105.80825408487736"
42231418,04/03/2025,"(Giá thật) chính chủ bán căn 176m2, 4 phòng ngủ ở tầng trung full nội thất đẹp CC Hei Tower",11 tỷ,176 m²,"62,5 tr/m²",4,2,"Nhân Chính, Thanh Xuân","21.00327243369843, 105.80432174278492"
41765221,04/03/2025,"Bán gấp CH Hei Tower, Ngụy Như Kon Tum, 7,x tỷ, 104m2 hàng Hot 3PN 2 WC",7 tỷ,104 m²,"67,31 tr/m²",3,2,"Nhân Chính, Thanh Xuân","21.003175726544, 105.80519034318969"
42325242,04/03/2025,Chính chủ bán căn hộ tập thể tầng 1 ngõ 133 Nguyễn Trãi đối diện Royal City,3 tỷ,60 m²,50 tr/m²,N/A,N/A,"Khương Đình, Thanh Xuân","20.9897597631443, 105.820090666613"
42325175,04/03/2025,Tôi Chính chủ cần bán căn hộ tầng 3 ngõ 129 Nguyễn Trãi đối diện Royal City,"3,6 tỷ",79 m²,"45,57 tr/m²",N/A,N/A,"Khương Đình, Thanh Xuân","20.9897915972865, 105.820652186645"
42255739,04/03/2025,"Bán gấp căn hộ tại ip3 Imperial Plaza 360 Giải Phóng, Thanh Xuân, Hà Nội",Giá thỏa thuận,96 m²,N/A,3,2,"Phương Liệt, Thanh Xuân","20.984788101251, 105.839693413741"
42095040,04/03/2025,Bán căn hộ Viha Nguyễn Tuân cách đại học Khoa học Tự nhiên 900m tháng 9/2025 nhận nhà,9 tỷ,94 m²,"95,74 tr/m²",3,3,"Thanh Xuân Trung, Thanh Xuân","20.996804706883, 105.803504385678"
41412661,04/03/2025,"Gia đình cần bán căn hộ 2PN, 78m2 tại Impe 360 Giải Phóng, giá: 5.0 tỷ",5 tỷ,78 m²,"64,1 tr/m²",2,2,"Phương Liệt, Thanh Xuân","20.985432, 105.83934"
42324723,04/03/2025,"Bán căn hộ chung cư Cienco số 1 Hoàng Đạo Thuý, 80m2, 2 PN giá 5,05 tỷ bao phí","5,05 tỷ",80 m²,"63,12 tr/m²",2,2,"Nhân Chính, Thanh Xuân","21.00424843999787, 105.80629658955664"
42322930,04/03/2025,"Bán nhà Thanh Xuân, vị trí trung tâm, 80m2, sổ đỏ lâu dài. Chỉ 3 tỷ",3 tỷ,80 m²,"37,5 tr/m²",3,N/A,"Thanh Xuân Trung, Thanh Xuân","20.9950190178365, 105.790816999125"
34256016,04/03/2025,"Bán gấp căn hộ 2N tầng 15 S66m2 tại Handi Resco Lê Văn Lương, full nội thất giá 5.38 tỷ bao phí","5,38 tỷ",66 m²,"81,52 tr/m²",2,2,"Nhân Chính, Thanh Xuân","21.0034675598145, 105.802444458008"
31750691,04/03/2025,"Tôi chính chủ cần bán căn hộ 3 phòng ngủ, 100m2, tòa Times Tower 35 Lê Văn Lương, giá 7.5 tỷ","7,5 tỷ",100 m²,75 tr/m²,3,2,"Nhân Chính, Thanh Xuân","21.0024528503418, 105.801193237305"
32001195,04/03/2025,"Tôi bán chung cư cao cấp The Legend, 85.5m2, 2 ngủ, tầng đẹp, căn đẹp, bán 7.7 tỷ","7,7 tỷ","85,5 m²","90,06 tr/m²",3,2,"Nhân Chính, Thanh Xuân","20.9985160827637, 105.803161621094"
42037894,04/03/2025,"Bán nhanh căn 12 chung cư harmony giá bán 6,8 tỷ bao phí : 0971 288 ***","6,8 tỷ","88,3 m²",77 tr/m²,3,2,"Nhân Chính, Thanh Xuân","20.999124458400491, 105.80109806400654"
42322821,04/03/2025,"Bán căn hộ 3PN, 2WC giá tốt tại Handico Complex, Lê Văn Lương, Nhân Chính, Thanh Xuân, Hà Nội","6,7 tỷ",80 m²,"83,75 tr/m²",3,2,"Nhân Chính, Thanh Xuân","21.0041278179086, 105.80258077949397"
37305123,04/03/2025,"Bán căn 2PN DT 102m2 tòa 17T1 Hapulico, giá 6.5 tỷ, LH 0932 392 ***","6,5 tỷ",102 m²,"63,72 tr/m²",2,2,"Thanh Xuân Trung, Thanh Xuân","21.00048828125, 105.807159423828"
40992318,04/03/2025,"Chính chủ bán căn 3PN DT 90m2 chung cư 54 Hạ Đình, giá 4 tỷ bao phí, LH: 0932 392 ***",4 tỷ,90 m²,"44,44 tr/m²",3,2,"Thanh Xuân Trung, Thanh Xuân","20.993579864501953, 105.79821014404297"
30108615,04/03/2025,Chính chủ bán căn 3PN DT 85.5m2 chung cư Riverside Garden - giá 5.6 tỷ - LH 0932 392 ***,"5,6 tỷ","85,5 m²","65,5 tr/m²",3,2,"Khương Đình, Thanh Xuân","20.9906997680664, 105.814277648926"
39576990,04/03/2025,"Tôi bán nhanh căn hộ 2PN DT 84m2 chung cư Fivestar Kim Giang, giá 5.5 tỷ bao phí, LH: 0932 392 ***","5,5 tỷ",84 m²,"65,48 tr/m²",2,2,"Hạ Đình, Thanh Xuân","20.9860000610352, 105.812187194824"
42323608,03/03/2025,BÁN CĂN 2 PHÒNG NGỦ BRG 25 LÊ VĂN LƯƠNG - 103m2 - 0876 246 ***,11 tỷ,105 m²,"104,76 tr/m²",2,1,"Nhân Chính, Thanh Xuân","21.005375328212292, 105.8046617635704"
40370277,03/03/2025,"Duy nhất căn hoa hậu góc, 3 ngủ, 145m2 The Diamond Residence,BRG 25 Lê Văn Lương, ban công Đông Nam","16,5 tỷ",145 m²,"113,79 tr/m²",3,2,"Nhân Chính, Thanh Xuân","21.005226135253906, 105.80506134033203"
42323319,03/03/2025,Bán gấp căn hộ chung cư 3 pn 98m2 PVV - Vinapharm 60B Nguyễn Huy Tưởng giá tốt 6.85tỷ thương lượng,"6,85 tỷ",98 m²,"69,9 tr/m²",3,2,"Thanh Xuân Trung, Thanh Xuân","20.998710775951434, 105.80637387923431"
42066713,03/03/2025,"Bán suất ngoại giao căn 2PN 72m2 Viha Leciva giá tốt nhất thị trường, quà tặng 500tr, pháp lý chuẩn","6,9 tỷ",72 m²,"95,83 tr/m²",2,2,"Thanh Xuân Trung, Thanh Xuân","20.997480005869885, 105.80461830717235"
42323082,03/03/2025,CCMINI 2 NGỦ 2 WC NHÀ ĐẸP LONG LANH GẦN PHỐ TIỆN ÍCH ĐỦ THỨ 50 M CHỈ 1.65 TỶ,"1,65 tỷ",50 m²,33 tr/m²,2,2,"Thanh Xuân Trung, Thanh Xuân","20.9975570599157, 105.817238850752"
41548300,03/03/2025,Chung cư cao cấp - Toàn bộ quỹ căn hộ chung cư Việt Đức Complex mới nhất chỉ từ 7.x tỷ,"7,5 tỷ",138 m²,"54,35 tr/m²",3,2,"Nhân Chính, Thanh Xuân","20.9996452331543, 105.799385070801"
42303159,03/03/2025,"Cực hiếm! Chỉ 2,16 tỷ có ngay nhà tập thể phố Nguyễn Trãi, 50m2, 2 ngủ 2 wc, full đồ ở ngay","2,16 tỷ",50 m²,"43,2 tr/m²",2,2,"Thượng Đình, Thanh Xuân","20.9997164725168, 105.813501109178"
40480831,03/03/2025,"Chính chủ bán căn hộ chung cư Quan Nhân - Vũ Trọng Phụng 35 - 50 - 65m2 sổ đỏ, ở ngay, ô tô đỗ cửa",Giá thỏa thuận,55 m²,N/A,2,N/A,"Nhân Chính, Thanh Xuân","21.0034688, 105.8110286"
41969867,03/03/2025,"Cần bán căn hộ CCMN 42m2 giá 1.450 tỷ phố Hoàng Ngân, Nhân Chính, Thanh Xuân","1,45 tỷ",42 m²,"34,52 tr/m²",2,1,"Nhân Chính, Thanh Xuân","21.0070138471907, 105.809853423837"
42322921,03/03/2025,Bán căn hộ 2 phòng ngủ toà R3 - 109 m2 - tầng 15 - chung cư Royal City - 0973 049 ***,Giá thỏa thuận,109 m²,N/A,2,N/A,"Thượng Đình, Thanh Xuân","21.0034538261728, 105.815407234354"
41738416,03/03/2025,Chủ nhà gửi bán căn hộ Riverside Garden Vũ Tông Phan 70m2 2 phòng ngủ 2 wc đủ đồ xem nhà 24/7,"5,1 tỷ",70 m²,"72,86 tr/m²",2,2,"Khương Đình, Thanh Xuân","20.990699768066406, 105.81427764892578"
39925687,03/03/2025,"Bán gấp căn CC Gold Tower Hoàng Huy, 275 Nguyễn Trãi, giá hơn 8 tỷ tỷ 3PN, 2VS",Giá thỏa thuận,103 m²,N/A,3,2,"Thanh Xuân Trung, Thanh Xuân","20.9934864044189, 105.806907653809"
38233861,03/03/2025,"Chính Chủ Cần Bán Gấp Chỉ hơn 5 tỷ Full nội thất, khu đô thị 54 Hạ Đình, Nguyễn Trãi, Thanh Xuân.",Giá thỏa thuận,105 m²,N/A,3,2,"Thanh Xuân Trung, Thanh Xuân","20.993486, 105.80691"
42067358,03/03/2025,"Chung cư 262 Nguyễn Huy Tưởng 140m2, 3 phòng ngủ... Giá chào 8.5tỷ","8,5 tỷ",140 m²,"60,71 tr/m²",3,2,"Khương Trung, Thanh Xuân","20.9970284899295, 105.804036163487"
41624949,03/03/2025,"Chính chủ bán CH Golden Palm DT 100m2 3PN Full NT đẹp, SĐCC giá 70tr/m2: O971085383",7 tỷ,100 m²,70 tr/m²,3,2,"Nhân Chính, Thanh Xuân","21.006311416626, 105.807479858398"
42322362,03/03/2025,"Bán căn cc Hạ Đình, nhà đẹp, full NT, 90m2, 2 phòng ngủ, 2wc, SĐCC, 4.75 tỷ","4,75 tỷ",90 m²,"52,78 tr/m²",2,2,"Thanh Xuân Trung, Thanh Xuân","20.994165078776632, 105.79861135840878"
42261474,03/03/2025,"Căn hộ chung cư 3PN, 2WC tại Licogi 13 Tower, 5,8 tỷ, 102m2, hot","5,8 tỷ",102 m²,"56,86 tr/m²",3,2,"Nhân Chính, Thanh Xuân","20.99933968474152, 105.79763797479627"
42319629,03/03/2025,Cần bán căn hộ 2PN - 120m2 - VNT Fafilm - 19 Nguyễn Trãi - Thanh Xuân - LH 0886 896 ***,"8,2 tỷ",120 m²,"68,33 tr/m²",2,2,"Khương Trung, Thanh Xuân","21.0024199498312, 105.819917277499"
42322059,03/03/2025,Siêu phẩm ở Five Star dành cho các bác đây ạ NHÀ ĐẸP - 2 MẶT THOÁNG - 2 NGỦ - TẶNG FULL,"5,3 tỷ",71 m²,"74,65 tr/m²",2,2,"Hạ Đình, Thanh Xuân","20.985341698323236, 105.81258322965138"
42315833,03/03/2025,Cần bán căn hộ Five Star Kim Giang- Hạ Đình- Thanh Xuân-DT 68m2-2PN-2WC-giá 4.7tỷ-LH 0394 260 ***,"4,7 tỷ",68 m²,"69,12 tr/m²",2,2,"Hạ Đình, Thanh Xuân","20.986075731017998, 105.81237896840823"
42315690,03/03/2025,"Cần bán căn hộ Rivea Park 69 Vũ Trọng Phụng - Thanh Xuân - DT 70m2-2PN-2WC-giá 6,5tỷ Lh 0394 260 ***","6,5 tỷ",70 m²,"92,86 tr/m²",2,2,"Thanh Xuân Trung, Thanh Xuân","20.9990262455495, 105.807653230178"
42177268,03/03/2025,"Bán CH tập thể tầng 5 DT 35m căn góc 1P. N, 1P. K sửa đẹp đủ đồ ngõ ô tô quận Thanh Xuân 1,4 tỷTL","1,4 tỷ",35 m²,40 tr/m²,2,1,"Thanh Xuân Bắc, Thanh Xuân","20.9933064542088, 105.797945735449"
42271533,03/03/2025,"Chính chủ Bán CC Pandora 53 Triều Khúc, 80m2, tầng trung 2PN + 2WC giá 5.9 tỷ có thương lượng.","5,9 tỷ",80 m²,"73,75 tr/m²",2,2,"Thanh Xuân Bắc, Thanh Xuân","20.985848419883435, 105.79858014490122"
42299264,03/03/2025,"Bán căn hộ chung cư tại Legend Tower 109 Nguyễn Tuân, 8 tỷ VND, 100 m2, 3PN, 2WC",8 tỷ,100 m²,80 tr/m²,3,2,"Nhân Chính, Thanh Xuân","21.0052746467895, 105.803770521569"
42321649,03/03/2025,Nhà mới đẹp tặng full nội thất sang xịn - khách chỉ việc xách vali về ở,"3,68 tỷ",85 m²,"43,29 tr/m²",3,1,"Thanh Xuân Trung, Thanh Xuân","20.9879702698559, 105.800610564346"
42201727,03/03/2025,"Bán căn hộ 2PN đầy đủ nội thất tại Rivera Park Hà Nội, 6 tỷ VND, 72 m2",6 tỷ,72 m²,"83,33 tr/m²",2,2,"Thanh Xuân Trung, Thanh Xuân","20.9985739062028, 105.808476217231"
42306550,03/03/2025,"Bán CC mini 2PN + 1WC 52m2 tại Chính Kinh, 1,81 tỷ giá tốt, chính chủ","1,81 tỷ",52 m²,"34,81 tr/m²",2,1,"Nhân Chính, Thanh Xuân","20.9993997981913, 105.811408042177"
42321568,03/03/2025,Chủ nhà bán gấp chung cư Bohemia Thanh Xuân 2pn giá tốt hướng mát,7 tỷ,"85,5 m²","81,87 tr/m²",2,2,"Thanh Xuân Trung, Thanh Xuân","20.997870156513315, 105.80407456733961"
41934740,03/03/2025,"Dự án Handico Complex xuất ngoại giao tầng trung, quỹ căn độc quyền, chính sách tốt","6,1 tỷ",74 m²,"82,43 tr/m²",N/A,N/A,"Nhân Chính, Thanh Xuân","21.0030283051816, 105.803075761071"
42095700,03/03/2025,"Gấp! Bán căn hộ tòa 17T Hapulico Complex, dt 88m2, SHLD, giá bán 6.2 tỷ","6,2 tỷ",88 m²,"70,46 tr/m²",2,2,"Thanh Xuân Trung, Thanh Xuân","20.999895107395606, 105.80681996851911"
41869853,03/03/2025,"Quỹ căn hộ Golden Land, lô góc, ban công rộng, nội thất cao cấp, sẵn sàng đón Tết, giá siêu tốt",9 tỷ,166 m²,"54,22 tr/m²",3,2,"Thanh Xuân Trung, Thanh Xuân","20.9934557420258, 105.806473437332"
42291957,03/03/2025,Cần bán CH tại Riverside Garden 85m2 3PN 2WC BC: Nam - full nội thất - sổ đỏ có slot xe 6 tỷ có TL,6 tỷ,85 m²,"70,59 tr/m²",3,2,"Khương Đình, Thanh Xuân","20.99120294857979, 105.814065431493"
42255058,03/03/2025,Bán gấp căn hộ 3PN dt: 82m2 BC: Nam tại Riverside Garden full nội thất Giá 6 tỷ có thương lượng,6 tỷ,82 m²,"73,17 tr/m²",3,2,"Khương Đình, Thanh Xuân","20.990541454564905, 105.81385047875492"
42220324,03/03/2025,Chính chủ gửi bán căn góc 3PN - DT: 103m2 - BC: ĐN full nội thất tại FiveStar Garden - 7tỷ350 có TL,"7,35 tỷ",103 m²,"71,36 tr/m²",3,2,"Hạ Đình, Thanh Xuân","20.986249849362782, 105.81237485765402"
41045834,03/03/2025,"Chính chủ bán gấp dự án cao cấp Five Star, DT 71m2, thiết kế 2 phòng ngủ, 2WC, giá tốt: 4.5 tỷ","4,5 tỷ",71 m²,"63,38 tr/m²",2,2,"Hạ Đình, Thanh Xuân","20.986000061035156, 105.81218719482422"
41053177,03/03/2025,Bán căn 2 phòng ngủ 73m2 - Rivera Park NT cơ bản giá 6.x tỷ hướng mát,Giá thỏa thuận,73 m²,N/A,2,2,"Thanh Xuân Trung, Thanh Xuân","20.9993040157701, 105.808344474928"
42281892,03/03/2025,"Tôi cần bán tập thể Thanh Xuân Bắc - view đẹp - gần ga tàu điện trên cao, 3pn, 2wc, chỉ 3 tỷ","3,2 tỷ",75 m²,"42,67 tr/m²",3,2,"Thanh Xuân Bắc, Thanh Xuân","20.9919414328467, 105.79981282973"
42320622,03/03/2025,Chính chủ bán căn hộ Imperia Garden 143 Nguyễn Tuân 81m-2PN chỉ từ 7 tỷ. LH zalo: 0364 079 ***,7 tỷ,81 m²,"86,42 tr/m²",2,2,"Thanh Xuân Trung, Thanh Xuân","20.997298107628424, 105.80297918668906"
40612968,03/03/2025,"0987.063,288 GIA ĐÌNH BÁN CĂN 73M 2 NGỦ 2 WC 4.X TỶ TAI FIVE STAR GADEN SỐ 2 KIM GIANG- THANH XUÂN","4,9 tỷ",74 m²,"66,22 tr/m²",2,2,"Hạ Đình, Thanh Xuân","20.9860000610352, 105.812187194824"
42320557,03/03/2025,Chuyển nhượng quỹ căn đẹp giá tốt nhất CC Golden West 2N-3N giá chỉ từ hơn 4 tỷ. LH: 0949 650 ***,Giá thỏa thuận,96 m²,N/A,3,2,"Nhân Chính, Thanh Xuân","20.993293039578983, 105.79853684034788"
42137586,03/03/2025,"Bán CH King Palace, Nguyễn Trãi, 80 triệu/m2, 125m2, 3PN, 2WC, giá cực chất",10 tỷ,125 m²,80 tr/m²,3,2,"Thượng Đình, Thanh Xuân","21.00068356471038, 105.81669890209648"
41538157,03/03/2025,"Hot - Bán căn hộ lô góc tại Hà Nội Center Point 2PN 2 WC, 6,5 tỷ VND, 69 m2 hàng hiếm","6,5 tỷ",69 m²,"94,2 tr/m²",2,2,"Nhân Chính, Thanh Xuân","21.0048179626465, 105.804672241211"
42211892,03/03/2025,Bán căn hộ 3pn tại Rivera Park 69 Vũ Trọng Phụng giá 8.x tỷ 101m2,"8,9 tỷ",101 m²,"88,12 tr/m²",3,2,"Thanh Xuân Trung, Thanh Xuân","20.9991495508327, 105.808958960939"
42211677,03/03/2025,"Tôi cần bán nhanh căn hộ 2pn tại Rivera Park 69 Vũ Trọng Phụng giá 6,3 tỷ","6,3 tỷ",70 m²,90 tr/m²,2,2,"Thanh Xuân Trung, Thanh Xuân","20.99922069175321, 105.80781752492008"
42195731,03/03/2025,"Bán căn hộ 3PN, 2WC tại Sakura Tower, 6,7 tỷ, 100m2, giá ưu đãi hot!","6,7 tỷ",100 m²,67 tr/m²,3,2,"Thanh Xuân Trung, Thanh Xuân","20.997371035196753, 105.8085809212027"
42320305,03/03/2025,"Bán gấp ! Căn 3 ngủ - Riverside Garden - 349 Vũ Tông Phan, đầy đủ nội thất, có slot ô tô",6 tỷ,85 m²,"70,59 tr/m²",3,2,"Khương Đình, Thanh Xuân","20.99102971925498, 105.814794998933"
42320275,03/03/2025,"Bán nhanh CH 85,5m tầng trung , thoáng , full đồ đẹp , có slot chung cư Bohemia - Lê Văn Thiêm",7 tỷ,"85,5 m²","81,87 tr/m²",2,2,"Thanh Xuân Trung, Thanh Xuân","20.997079391288718, 105.80407492393225"
42200627,03/03/2025,Bán căn 3pn 90m2 chung cư Riverside Garden 349 Vũ Tông Phan Thanh Xuân LH: 0904 250 ***,"6,3 tỷ",90 m²,70 tr/m²,3,2,"Khương Đình, Thanh Xuân","20.9907, 105.81428"
41780533,03/03/2025,"Gia đình cần bán gấp căn 3PN/2WC, DT 117m2, NT đầy đủ, hướng mát, giá hơn 7 tỷ LH 0904 250 ***",7 tỷ,117 m²,"59,83 tr/m²",3,2,"Phương Liệt, Thanh Xuân","20.985432, 105.83934"
40516267,03/03/2025,Tổng hợp quỹ căn chuyển nhượng chung cư Star Tower 283 Khương Trung giá tốt nhất tháng 1/2024,"5,1 tỷ",86 m²,"59,3 tr/m²",3,2,"Khương Trung, Thanh Xuân","20.9968814849854, 105.817970275879"
42098861,03/03/2025,"Bán căn 2PN, 2VS chung cư Rivera Park 69 Vũ Trọng Phụng, tỷ LH: 0904 250 ***",Giá thỏa thuận,101 m²,N/A,2,2,"Thanh Xuân Trung, Thanh Xuân","20.9991188049316, 105.808441162109"
42320239,03/03/2025,HÀNG HIẾM !!! CHUNG CƯ CAO CẤP THƯỢNG LƯU ROYAL CITY NGUYỄN TRÃI 3 NGỦ 2 WC SIÊU VIP Ở NGAY !!,"12,5 tỷ",125 m²,100 tr/m²,3,2,"Thượng Đình, Thanh Xuân","21.003108866338586, 105.81557769647685"
42320489,03/03/2025,"Bán CH dự án Fafilm VNT Tower, diện tích 106m2 thiết kế 3 ngủ giá 7 tỷ có thương lượng",7 tỷ,106 m²,"66,04 tr/m²",3,3,"Khương Trung, Thanh Xuân","21.00168666161489, 105.82059892981856"
42275367,03/03/2025,"Bán CH góc 144,5 m2 4 ngủ tầng cao view đẹp thoáng dự án BRG Diamond Residence","13,6 tỷ",144 m²,"94,44 tr/m²",N/A,N/A,"Nhân Chính, Thanh Xuân","21.005427576736448, 105.80476639207374"
42281957,03/03/2025,"Chính chủ muốn chuyển sang căn 3 ngủ cần bán CC Phú gia Residence 100m2 giá 5,8 tỷ 2PN 2WC","5,8 tỷ",100 m²,58 tr/m²,N/A,N/A,"Thanh Xuân Trung, Thanh Xuân","20.999030347088734, 105.80811568857904"
42320014,03/03/2025,"Tôi chính chủ cần bán căn CC Rivera 72m2 2 phòng ngủ, giá 5,9 tỷ full nội thất.","5,9 tỷ",72 m²,"81,94 tr/m²",N/A,N/A,"Thanh Xuân Trung, Thanh Xuân","20.998792012985394, 105.808181839373"
42319331,03/03/2025,"Gia đình bán căn 3 ngủ 173m2 tại Diamond Flower Tower, full đồ ban công Tây Bắc, sổ đỏ",13 tỷ,173 m²,"75,14 tr/m²",3,2,"Nhân Chính, Thanh Xuân","21.0057840245418, 105.803692132495"
42232454,03/03/2025,Độc bản siêu hiếm bán căn hộ sân vườn 400m2 giá 39 tỷ tại Royal City LH: 0387 866 *** Đậu Trang,39 tỷ,400 m²,"97,5 tr/m²",3,3,"Thượng Đình, Thanh Xuân","21.002586522621165, 105.81545579326712"
36350299,03/03/2025,"Anh chị cần căn nào e sẽ lấy giá tốt nhất cho a chị tại dự án Việt Đức Complex, giá giảm sâu nhất!","3,4 tỷ",126 m²,"26,98 tr/m²",3,2,"Nhân Chính, Thanh Xuân","20.9996452331543, 105.799385070801"
28279909,03/03/2025,Chính chủ chuyển nhượng căn hộ 2 và 3 ngủ giá tốt tại dự án Việt Đức Complex Thanh Xuân,Giá thỏa thuận,93 m²,N/A,3,2,"Nhân Chính, Thanh Xuân","20.9996452331543, 105.799385070801"
42265139,03/03/2025,"Chính chủ bán căn Imperia Garden, 110m2, 3 pn 3 vs, full nội thất xịn đẹp, ban công rộng thoáng","9,5 tỷ",110 m²,"86,36 tr/m²",3,2,"Thanh Xuân Trung, Thanh Xuân","20.997544546045, 105.803360852952"
42319253,03/03/2025,"Chính chủ bán gấp căn 01 PN R6 Royal City, đầy đủ nội thất, có slot oto, giá 5, x tỷ LH: 0947 795 ***",Giá thỏa thuận,55 m²,N/A,1,1,"Thượng Đình, Thanh Xuân","21.00328590858581, 105.81529915709348"
42231578,03/03/2025,"Bán căn hộ tòa Licogi 13 Tower, 6,45 tỷ có bớt, 110m2, hàng hiếm tại Nhân Chính, Thanh Xuân, Hà Nội","6,45 tỷ",110 m²,"58,64 tr/m²",3,2,"Nhân Chính, Thanh Xuân","20.99879320853935, 105.79752674005523"
42265189,03/03/2025,"Chính chủ bán căn góc Time Tower Lê Văn Lương, 128m2, 3PN, full nội thất, view cực thoáng đẹp",Giá thỏa thuận,128 m²,N/A,3,2,"Nhân Chính, Thanh Xuân","21.0024528503418, 105.801193237305"
42231143,03/03/2025,Em Huy PKD chủ đầu tư bán gấp căn 144m2 giá tốt nhất BRG 25 LVL vị trí vàng gần trường Amsterdam,"15,1 tỷ",144 m²,"104,86 tr/m²",3,2,"Nhân Chính, Thanh Xuân","21.0052261352539, 105.805061340332"
41636272,03/03/2025,"(Golden Palm 21 Lê Văn Lương) chính chủ bán căn 2PN, 2WC, DT: 66m2. Có slot. Gía: 5tỷ4. Tầng 19","5,4 tỷ",66 m²,"81,82 tr/m²",2,2,"Nhân Chính, Thanh Xuân","21.006311, 105.80748"
42318771,03/03/2025,"BÁN GẤP CĂN 170M2 3PN ĐẦY ĐỦ NỘI THẤT ĐẸP, SỔ HỒNG SẴN, CÓ SLOT OTO LH 0947 795 ***",Giá thỏa thuận,170 m²,N/A,3,2,"Thượng Đình, Thanh Xuân","21.002529401648538, 105.81497123804755"
41344083,03/03/2025,"Cần bán căn 86,8m2 toà Five Star Kim Giang","5,68 tỷ","86,8 m²","65,44 tr/m²",3,2,"Hạ Đình, Thanh Xuân","20.986000061035156, 105.81218719482422"
42318669,03/03/2025,(Giá Thực)Gia đình em cần bán căn hộ ở Hà Nội Centerpoint 3 Ngủ(82m2).Sẵn sổ.Đủ nội thất.Giá 7 tỷ7,"7,7 tỷ",82 m²,"93,9 tr/m²",3,2,"Nhân Chính, Thanh Xuân","21.004816887177636, 105.80467575917159"
42117340,03/03/2025,Chính chủ Bán Căn 113m Royal full nội thất Nguyễn Trãi - Thanh Xuân,"8,9 tỷ",113 m²,"78,76 tr/m²",2,2,"Thượng Đình, Thanh Xuân","21.002798962372694, 105.81544386324934"
40958564,03/03/2025,"Chính chủ bán gấp căn góc 128m2, 3N, 2VS - dự án Times Tower - Lê Văn Lương","8,7 tỷ",128 m²,"67,97 tr/m²",3,2,"Nhân Chính, Thanh Xuân","21.002634, 105.80156"
42318622,03/03/2025,"Bán gấp căn 2PN Royal City đầy đủ nội thất, 2 ban công, có slot oto giá 12, x tỷ, LH 0947 795 ***",Giá thỏa thuận,133 m²,N/A,2,2,"Thượng Đình, Thanh Xuân","21.00288849841403, 105.8151328687807"
42318821,03/03/2025,"Bán CC 17T10 2PN, 1WC giá siêu hời tại Nguyễn Thị Định, Nhân Chính, Thanh Xuân, Hà Nội, 4.x tỷ VND",4 tỷ,64 m²,"62,5 tr/m²",2,1,"Nhân Chính, Thanh Xuân","21.0078552733574, 105.805486744299"
40813898,03/03/2025,Hot! Bán căn hộ chung cư cao cấp 3PN The Diamond Residence BRG - 25 Lê Văn Lương chỉ 10 tỷ,10 tỷ,105 m²,"95,24 tr/m²",3,2,"Nhân Chính, Thanh Xuân","21.005226, 105.80506"
41083547,03/03/2025,"Tôi bán căn chung cư Hei Tower, số 1 Ngụy Như Kon Tum DT108 m2, full đồ giá 7 tỷ: 0981,129,026",7 tỷ,108 m²,"64,82 tr/m²",3,2,"Nhân Chính, Thanh Xuân","21.003246307373, 105.805061340332"
42318276,03/03/2025,"Hoàng 3333 giá Thật. Bán CH Riverside 349 VTP 82,2m2, 3N - 2WC, ban công mát mẻ, Sổ đỏ sẵn","6,2 tỷ","82,2 m²","75,43 tr/m²",3,2,"Khương Đình, Thanh Xuân","20.9901406886832, 105.813807863288"
42296352,03/03/2025,"Bán chung cư mini Thượng Đình, 1,26 tỷ, 36m2, giá tốt chỉ với 1PN, 1WC, đầy đủ tiện nghi","1,26 tỷ",36 m²,35 tr/m²,1,1,"Khương Đình, Thanh Xuân","21.0004725421542, 105.815800262024"
40268996,03/03/2025,"Bán 10 suất ngoại giao giá tốt, số lượng có hạn tại dự án Handico 33 Lê Văn Lương chỉ 62tr/m2",Giá thỏa thuận,74 m²,N/A,2,2,"Nhân Chính, Thanh Xuân","21.0033874511719, 105.802452087402"
42292163,03/03/2025,"Bán căn hộ chung cư tại Bohemia Residence, 75 triệu/m2, 130m2, 3PN + 2WC. Call 0936 269 *** Em Hiếu","9,75 tỷ",130 m²,75 tr/m²,3,2,"Thanh Xuân Trung, Thanh Xuân","20.997355775222164, 105.8040770926075"
41419084,03/03/2025,"Bán chung cư 159m, tòa 25T1 là căn góc đẹp nhất của tòa, hướng Đông Nam và Đông Bắc LH: 0982 695 ***","11,92 tỷ",159 m²,75 tr/m²,3,2,"Nhân Chính, Thanh Xuân","21.005578994751, 105.803749084473"
42095388,03/03/2025,Bán căn hộ 1017 căn 93.6m2 giá rẻ nhất dự án Viha Leciva 107 Nguyễn Tuân cần bán gấp 0977 917 ***,"8,05 tỷ","93,6 m²",86 tr/m²,3,3,"Thanh Xuân Trung, Thanh Xuân","20.9975872039795, 105.803833007813"
40688943,03/03/2025,"Bohemia Lê Văn Thiêm 2 phòng ngủ 86m2, sổ đỏ chính chủ","6,88 tỷ",86 m²,80 tr/m²,2,2,"Thanh Xuân Trung, Thanh Xuân","20.997903532709635, 105.80445375565024"
42063402,03/03/2025,"Bán 3 ngủ Nguyễn Huy Tưởng có sổ căn góc thoáng sáng, full nội thất",Giá thỏa thuận,90 m²,N/A,3,2,"Thanh Xuân Bắc, Thanh Xuân","20.9961524832926, 105.802459528253"
42317316,03/03/2025,Cần bán gấp căn hộ 2 phòng ngủ Five Star giá tốt nhất quận Thanh Xuân,Giá thỏa thuận,71 m²,N/A,2,2,"Hạ Đình, Thanh Xuân","20.9829974031765, 105.815421988113"
42317308,03/03/2025,CẦN BÁN GẤP CĂN HỘ 70M2 CC FIVE STAR GIÁ THỎA THUẬN,Giá thỏa thuận,70 m²,N/A,2,2,"Hạ Đình, Thanh Xuân","20.9857001791801, 105.812087608997"
41436096,03/03/2025,"Bán gấp căn hộ 4PN, 206m2 tại Hạ Đình Tower, giá hơn 8 tỷ, đầy đủ nội thất, sổ đỏ lâu dài","8,65 tỷ",206 m²,42 tr/m²,4,2,"Thanh Xuân Trung, Thanh Xuân","20.9911599862864, 105.806746851225"
42316570,03/03/2025,"Chung cư 3 ngủ 90m2 giá 6 tỷ đổi diện Imperia, có sổ đỏ, bàn giao 5 năm, hàng hiếm tại Thanh Xuân",6 tỷ,90 m²,"66,67 tr/m²",3,2,"Thanh Xuân Bắc, Thanh Xuân","20.996025992689976, 105.8025422236499"
41544791,03/03/2025,Bán nhanh căn hộ 3 phòng ngủ chung cư Sakura mặt đường số 47 Vũ Trọng Phụng hàng xóm Rivera Park,6 tỷ,100 m²,60 tr/m²,3,2,"Thanh Xuân Trung, Thanh Xuân","20.9995385853485, 105.808316637471"
39834022,03/03/2025,"Bán căn 3 ngủ rẻ nhất Quận Thanh Xuân - dự án ch/cư 60B Nguyễn Huy Tưởng sổ đỏ lâu dài, NT mới tinh","6,5 tỷ",100 m²,65 tr/m²,3,2,"Thanh Xuân Trung, Thanh Xuân","20.9983501434326, 105.806365966797"
38703443,03/03/2025,Chính chủ cần bán gấp căn 3PN 95m2 giá 6 tỷ Full NT Chung cư Imperial Plaza 360 Giải Phóng,6 tỷ,95 m²,"63,16 tr/m²",3,2,"Phương Liệt, Thanh Xuân","20.985432, 105.83934"
42316845,03/03/2025,"Bán căn hộ 02PN Sapphire Palace - Số 4 Chính Kinh, Thanh Xuân, Hà Nội vị trí đẹp, giá hấp dẫn",Giá thỏa thuận,93 m²,N/A,2,2,"Thanh Xuân Trung, Thanh Xuân","20.9993414059118, 105.811428578093"
42310829,03/03/2025,"CC cần bán gấp căn 2N đẹp nhất dự án BRC Lê Văn Lương, nội thất vừa hoàn thiện, DT 105m2, đã có sổ",12 tỷ,105 m²,"114,29 tr/m²",2,2,"Nhân Chính, Thanh Xuân","21.005155159409014, 105.80518816191803"
42085093,03/03/2025,"Bán gấp căn góc 3PN, 3WC, 166m2 tại Golden Land, 9,9 tỷ VND","9,9 tỷ",166 m²,"59,64 tr/m²",3,3,"Thanh Xuân Trung, Thanh Xuân","20.9931181942093, 105.806786881456"
41858366,03/03/2025,Chính chủ bán căn góc 161m2 tầng trung đẹp nguyên bản thô mới BRG Lê Văn Lương,Giá thỏa thuận,161 m²,N/A,4,3,"Nhân Chính, Thanh Xuân","21.0053810817461, 105.804556479861"
42124278,03/03/2025,"Căn hộ Handico Complex 33 Lê Văn Lương 2PN, DT 70m2, 74m2, 83m2. Nhận nhà tháng 4/2025","5,92 tỷ",74 m²,80 tr/m²,2,2,"Nhân Chính, Thanh Xuân","21.003467285780374, 105.80253985116425"
42316417,03/03/2025,"Bán gấp căn 3 ngủ Royal City, Nguyễn Trãi, Thượng Đình, Thanh Xuân, giá chỉ hơn 80tr/m2","10,8 tỷ",130 m²,"83,08 tr/m²",3,2,"Thượng Đình, Thanh Xuân","21.00250124951123, 105.8153599864498"
42315687,03/03/2025,"Bán căn tập thể siêu đẹp Nguyễn Trãi Thanh Xuân, 44/85m2, giá cực tốt","3,68 tỷ",85 m²,"43,29 tr/m²",3,1,"Thanh Xuân Bắc, Thanh Xuân","20.9878824159436, 105.801085035113"
42098631,03/03/2025,Chính chủ bán căn ngoại giao 1506 DT 97.23m2 dự án Viha Leciva hướng Đông Nam 0977 917 ***,"8,85 tỷ","97,23 m²",91 tr/m²,N/A,N/A,"Thanh Xuân Trung, Thanh Xuân","20.9975872039795, 105.803833007813"
42189086,03/03/2025,"Bán căn hộ chung cư Vinaconex 12 - 57 Vũ Trọng Phụng 85m2 có 2PN - 2WC tầng trung , nhà vuông",Giá thỏa thuận,85 m²,N/A,2,2,"Thanh Xuân Trung, Thanh Xuân","20.9981791072411, 105.807994079564"
42316331,03/03/2025,Bán căn chung cư tại Bohemia diện tích 127m2 3N2W giá 9 tỷ LH: 0985 636 ***,9 tỷ,127 m²,"70,87 tr/m²",3,2,"Thanh Xuân Trung, Thanh Xuân","20.997383668377868, 105.8041038893235"
41299517,03/03/2025,"Tôi chính chủ cần bán gấp căn góc 3 phòng ngủ chung cư Five Star Kim Giang, giá 5.5tỷ full nội thất","5,5 tỷ",95 m²,"57,9 tr/m²",3,N/A,"Hạ Đình, Thanh Xuân","20.986000061035156, 105.81218719482422"
42247005,03/03/2025,"Bán CH Gold Tower - 275 Nguyễn Trãi, diện tích 120m2 3 phòng ngủ giá 8 tỷ. Lh: 0328 822 ***",8 tỷ,120 m²,"66,67 tr/m²",3,2,"Thanh Xuân Trung, Thanh Xuân","20.9937107141595, 105.806220283536"
42158320,03/03/2025,"Căn hộ 2 phòng ngủ tầng Đẹp, Hướng mát, đồ cơ bản Cần Bán Gấp tại Rivera Park Giá Tốt vào việc","6,3 tỷ",70 m²,90 tr/m²,2,2,"Thanh Xuân Trung, Thanh Xuân","20.999260503299514, 105.80806485241031"
42170621,03/03/2025,(Căn hiếm) chính chủ bán căn hộ trục 01 hướng mát đẹp nhất tòa Pandora cho khách thiện chí,"8,15 tỷ",103 m²,"79,13 tr/m²",3,2,"Thanh Xuân Bắc, Thanh Xuân","20.985368334713, 105.797792458307"
42315918,03/03/2025,"Chính chủ bán 3PN2VS DT 94m2 hướng Đông Tứ Trạch, nội thất full có slot ô tô giá 8.8 tỷ","8,8 tỷ",94 m²,"93,62 tr/m²",3,2,"Thanh Xuân Trung, Thanh Xuân","20.999102553829, 105.807780229495"
42304187,03/03/2025,"Bán CH dự án Five Star diện tích 72,72m2 thiết kế 2 ngủ, full nội thất, giá 4,5 tỷ có slot ô tô","4,5 tỷ","72,72 m²","61,88 tr/m²",2,2,"Hạ Đình, Thanh Xuân","20.985123924932378, 105.8120754614163"
42302963,03/03/2025,"Bán căn 60B Nguyễn Huy Tưởng 2N2VS full đồ, nhỉnh 4 tỷ","4,28 tỷ",68 m²,63 tr/m²,2,2,"Thanh Xuân Trung, Thanh Xuân","20.9983024756289, 105.806474020168"
42315485,03/03/2025,"Bán căn 180m2 chung cư Artemis, nội thất làm tâm huyết, dành cho người quyết đoán","17,5 tỷ",180 m²,"97,22 tr/m²",3,3,"Khương Mai, Thanh Xuân","20.9997426875606, 105.827875834049"
42262079,03/03/2025,"Bán chung cư mini tại Cự Lộc - Thanh Xuân diện tích 51m2, giá ưu đãi, Full Đồ về ở ngay","1,93 tỷ",51 m²,"37,84 tr/m²",2,1,"Nhân Chính, Thanh Xuân","20.9999713627295, 105.814020722384"
42222117,03/03/2025,"Bán căn hộ chung cư giá ưu đãi tại 33 Lê Văn Lương, 6 tỷ, 70m2, 2PN + 2WC",6 tỷ,70 m²,"85,71 tr/m²",2,2,"Nhân Chính, Thanh Xuân","21.0025092242995, 105.802531232728"
35415956,03/03/2025,Bán căn Mỹ Sơn 2PN giá 3 tỷ (giá chuẩn 100%). LH: 0961 995 ***,3 tỷ,65 m²,"46,15 tr/m²",2,2,"Thanh Xuân Trung, Thanh Xuân","20.9993877410889, 105.807266235352"
42301004,03/03/2025,(Giá chuần) chung cư Fafilm - VNT 19 Nguyễn Trãi,"7,35 tỷ",96 m²,"76,56 tr/m²",2,2,"Khương Trung, Thanh Xuân","21.0021780954351, 105.819848810166"
42026838,03/03/2025,"Bán gấp căn góc 603 và 604 tòa Times Tower mặt Lê Văn Lương, nhà nguyên bản, giá 69tr/m2","8,83 tỷ",128 m²,69 tr/m²,3,2,"Nhân Chính, Thanh Xuân","21.0029102195452, 105.802042607574"
42260310,03/03/2025,Cần bán căn hộ Five Star - Kim Giang - Hạ Đình - TX - DT 100m2 - 3PN - 2WC - giá 7tỷ LH 0394 260 ***,7 tỷ,100 m²,70 tr/m²,3,2,"Hạ Đình, Thanh Xuân","20.9864003924231, 105.81292791718"
37942991,03/03/2025,"Căn 3 phòng ngủ 98m2 C3 - Golden Palace 54 Lê Văn Lương. Giá 7,5 tỷ","7,5 tỷ",98 m²,"76,53 tr/m²",3,2,"Nhân Chính, Thanh Xuân","21.004456, 105.80253"
42313712,03/03/2025,"Bán Căn Hộ CC Trung Hòa, Nhân Chính, trung tâm, ngay phố, full nội thất, 3 ngủ, 100m2, 4.46tỷ có TL","4,46 tỷ",100 m²,"44,6 tr/m²",3,2,"Nhân Chính, Thanh Xuân","21.0059574835544, 105.801828566039"
42313628,03/03/2025,"Bán Căn hộ chung cư 54 Hạ Đình, Chỉ Hơn 5 tỷ , Diện tích 110m2, 3 Phòng Ngủ, 2WC, Nội Thất Cao Cấp",5 tỷ,100 m²,50 tr/m²,3,2,"Thanh Xuân Trung, Thanh Xuân","20.9942573560764, 105.798749531689"
42310624,03/03/2025,"Bán căn hộ ở Khương Đình, Kim Giang, Thanh Xuân, 71m, 5.3 tỷ, 2 mặt thoáng, full nội thất","5,3 tỷ",71 m²,"74,65 tr/m²",2,2,"Khương Đình, Thanh Xuân","20.9829950251026, 105.815030844374"
42311952,03/03/2025,"Bán nhà tập thể Nguyễn Trãi, Thanh Xuân, sổ 51m2, SD 85m2, nhà đẹp, ở ngay, giao thông thuận tiện","2,94 tỷ",85 m²,"34,59 tr/m²",3,2,"Khương Đình, Thanh Xuân","20.987477042187, 105.800318651234"
41972692,03/03/2025,"Căn hộ 3PN đẹp nhất Imperia Plaza 360 Giải Phóng có rạp phim Beta, siêu thị MM 1000 m2, bể bơi","6,3 tỷ",111 m²,"56,76 tr/m²",3,2,"Phương Liệt, Thanh Xuân","20.9854501972437, 105.83949567669"
42195476,03/03/2025,"Bán căn hộ chung cư Quận Thanh Xuân, Hà Nội - Five Star Kim Giang","4,8 tỷ","68,92 m²","69,65 tr/m²",2,2,"Hạ Đình, Thanh Xuân","20.9865956733468, 105.812789501034"
41834464,03/03/2025,"Bán gấp căn hộ Fafilm VNT Tower 19 Nguyễn Trãi 109m2 tầng 16 full nội thất đẹp chỉ 7,9 tỷ","7,9 tỷ",109 m²,"72,48 tr/m²",3,3,"Khương Trung, Thanh Xuân","21.002809707179, 105.820290424494"
40803760,03/03/2025,"Chính chủ bán căn hộ CC 90 Nguyễn Tuân, diện tích 70,45m2, 2PN 2VS, full nội thất giá 5,3 tỷ","5,3 tỷ","70,45 m²","75,23 tr/m²",2,2,"Thanh Xuân Trung, Thanh Xuân","20.99629783630371, 105.80563354492188"
40717769,03/03/2025,"Chính chủ bán căn 2PN2VS dự án Five Star 460 Khương Đình, DT 70m2, giá 4,5 tỷ, Full nội thất","4,5 tỷ",68 m²,"66,18 tr/m²",2,2,"Hạ Đình, Thanh Xuân","20.986, 105.81219"
42312728,03/03/2025,Sang xịn mịn! Chung cư Thống Nhất Complex - Nguyễn Tuân - 3 ngủ 2 wc - Full đồ - 123m2 - 9.3 tỷ,"9,3 tỷ",123 m²,"75,61 tr/m²",3,2,"Thanh Xuân Trung, Thanh Xuân","20.9978710848223, 105.802784509169"
42185812,03/03/2025,"Chính chủ bán CH dự án 90 Nguyễn Tuân, Dt 72m2, 2N2VS, full nội thất. Giá 5,6 tỷ. LH 0866 839 ***","5,6 tỷ",72 m²,"77,78 tr/m²",2,2,"Thanh Xuân Trung, Thanh Xuân","20.995943349483113, 105.80518126292517"
42314452,03/03/2025,BÁN CHUNG CƯ CAO CẤP LÊ VĂN LƯƠNG THANH XUÂN 3 NGỦ 2 WC FULL NỘI THẤT HIỆN ĐẠI Ở NGAY,"11,2 tỷ",105 m²,"106,67 tr/m²",3,2,"Nhân Chính, Thanh Xuân","21.005284973896845, 105.80485758583846"
42314337,03/03/2025,CHUNG CƯ THE GOLDEN PALM LÊ VĂN LƯƠNG 3 NGỦ FULL NỘI THẤT XỊN GIÁ CỰC TỐT SANG TÊN NGAY !,"10,9 tỷ",120 m²,"90,83 tr/m²",3,2,"Nhân Chính, Thanh Xuân","21.004077691007, 105.802792256655"
42024015,03/03/2025,Bán căn hộ mini nguyễn trãi- cự lộc 2pn,Giá thỏa thuận,52 m²,N/A,2,1,"Thượng Đình, Thanh Xuân","20.9875968216243, 105.80039636329"
42218647,03/03/2025,Gửi bán CH 120m2 - 3PN tại Fafilm Nguyễn Trãi - nhà sửa đẹp - giá chỉ 8.1 tỷ BP - 0835 950 ***,"8,1 tỷ",120 m²,"67,5 tr/m²",2,2,"Khương Trung, Thanh Xuân","21.0021667200915, 105.820135947122"
42218721,03/03/2025,"Chính chủ gửi bán CH tại Fafilm - Nguyễn Trãi, 109m2, 3PN, full nội thất, giá 7.4 tỷ, 0835 950 ***","7,4 tỷ",109 m²,"67,89 tr/m²",3,2,"Khương Trung, Thanh Xuân","21.0020351655007, 105.820238306109"
42217826,03/03/2025,Chuyên quỹ căn 2 ngủ đẹp tại tòa nhà Viha Leciva giá & chính sách tốt nhất LH: 0347 209 ***,"7,08 tỷ",73 m²,97 tr/m²,2,2,"Thanh Xuân Trung, Thanh Xuân","20.9970812751382, 105.803190910518"
42300992,03/03/2025,"10, x tỷ chính chủ bán nhanh căn 105 m2 BRG trục D01 view ngã tư, full đồ xịn như ảnh","10,6 tỷ",105 m²,"100,95 tr/m²",3,2,"Nhân Chính, Thanh Xuân","21.0053860379186, 105.804932157012"
41091178,03/03/2025,Mở bán căn hộ 2PN-3PN dự án Handico Complex 33 Lê Văn Lương - ký hợp đồng luôn trong tháng 04/2025,"5,42 tỷ","70,4 m²",77 tr/m²,2,2,"Nhân Chính, Thanh Xuân","21.003387, 105.80245"
41249656,03/03/2025,Bán căn hộ Handico Complex 33 Lê Văn Lương giá từ 77 triệu/m2 - ký HĐ 4/2025 - qúy II/2025 nhận nhà,"5,42 tỷ","70,4 m²",77 tr/m²,2,2,"Nhân Chính, Thanh Xuân","21.003387451171875, 105.80245208740234"
42311716,03/03/2025,"Tôi chính chủ căn CCMN tại phố Quan Nhân, vị trí đắc địa sáng thoáng full nội thất","1,25 tỷ",42 m²,"29,76 tr/m²",N/A,N/A,"Nhân Chính, Thanh Xuân","21.0036764782203, 105.811020801117"
42313735,03/03/2025,Bán gấp căn hộ chung cư toà PVV - Vinapharm 60B Nguyễn Huy Tưởng 3 ngủ 100m2 full nội thất 7.4tỷ TL,"7,45 tỷ",100 m²,"74,5 tr/m²",3,2,"Thanh Xuân Trung, Thanh Xuân","20.997575603866, 105.806640966453"
42313549,03/03/2025,"Bán căn hộ chung cư khu ĐT 54Hạ Đình - Thanh Xuân, tầng đẹp, dt 108m2, 3 ngủ, 2vs, hơn 5tỷ",Giá thỏa thuận,108 m²,N/A,3,2,"Thanh Xuân Trung, Thanh Xuân","20.993655838667, 105.797413084107"
42313420,03/03/2025,Bán gấp căn hộ chung cư PVV - Vinapharm 60B Nguyễn Huy Tưởng 3 ngủ 100m2 full nội thất giá 7.5tỷ TL,"7,5 tỷ",100 m²,75 tr/m²,3,2,"Thanh Xuân Trung, Thanh Xuân","20.998260911909373, 105.80639595688804"
42142481,02/03/2025,"Bán căn hộ 2PN, 2WC tại Five Star Kim Giang, 4,9 tỷ, 70m2, view đẹp chỉ với","4,9 tỷ",70 m²,70 tr/m²,2,2,"Hạ Đình, Thanh Xuân","20.986039384115237, 105.81218713145745"
41082367,02/03/2025,"Bán căn hộ chung cư mini phố Chính Kinh, Thanh Xuân, DT 50m, 2 phòng ngủ, giá 1,45 tỷ, 0948 552 ***","1,45 tỷ",50 m²,29 tr/m²,2,1,"Nhân Chính, Thanh Xuân","20.9993978782024, 105.811819826114"
30312372,02/03/2025,Bán gấp căn 3PN DT 87.4m2 ban công Đông Nam chung cư 283 Khương Trung - giá 5 tỷ - LH 0932 392 ***,5 tỷ,"87,4 m²","57,21 tr/m²",3,2,"Khương Trung, Thanh Xuân","20.9968814849854, 105.817970275879"
42270825,02/03/2025,BÁN CHDV VƯƠNG THỪA VŨ - 16 PHÒNG KK- Ô TÔ ĐỖ CỬA - DÒNG TIỀN 110TR/THÁNG - CHỈ HƠN 25 TỶ,"25,8 tỷ",100 m²,258 tr/m²,16,16,"Khương Mai, Thanh Xuân","20.9984150590963, 105.821821658101"
42277829,02/03/2025,CHỦ NHÀ GỬI BÁN CĂN HỘ GOLD LAND 275 NGUYỄN TRÃI - LÔ GÓC 166M2 - 3NGỦ - 2 WC - 9.89 TỶ,"9,89 tỷ",166 m²,"59,58 tr/m²",3,3,"Thanh Xuân Trung, Thanh Xuân","20.993383770659523, 105.80625362714446"
42312823,02/03/2025,Bán căn 3 ngủ full nội thất xịn sò tòa G1 Diện tích 103m2 LH 0989 996 ***,7 tỷ,103 m²,"67,96 tr/m²",3,2,"Hạ Đình, Thanh Xuân","20.986726194938655, 105.81253626822577"
41828994,02/03/2025,"Nhà đẹp ở ngay, TT Thanh Xuân Bắc, tầng thấp, ôtô vào tận cửa nhà. 70 m2, 2ngủ. Hơn 2tỷ. 0978 996 ***",Giá thỏa thuận,70 m²,N/A,2,1,"Thanh Xuân Bắc, Thanh Xuân","20.9936093877843, 105.798083948769"
42312592,02/03/2025,"Bán căn cc 283 Khương Trung, nhà đẹp, sdcc, 3 ngủ, 5.7 tỷ","5,7 tỷ",87 m²,"65,52 tr/m²",N/A,N/A,"Khương Trung, Thanh Xuân","20.997087156784723, 105.8178509789724"
42093206,02/03/2025,"Bán căn hộ 3PN, 2WC diện tích 105m2 tầng trung - căn góc - sổ đỏ sẵn 0989 996 ***",Giá thỏa thuận,105 m²,N/A,3,2,"Nhân Chính, Thanh Xuân","21.0051362291775, 105.803494844947"
38823376,02/03/2025,Cần bán duy nhất căn 2 phòng ngủ 84 m2 rẻ nhất dự án cơ bản CĐT tại King Palace - LH 0356 179 ***,5 tỷ,84 m²,"59,52 tr/m²",2,2,"Thượng Đình, Thanh Xuân","21.0002918243408, 105.816009521484"
42155770,02/03/2025,"Bán CH Hà Nội Center Point 80m2 3PN 2WC giá 7.5 tỷ đầy đủ nội thất - Lê Văn Lương, Q. Thanh Xuân","7,5 tỷ",80 m²,"93,75 tr/m²",3,2,"Nhân Chính, Thanh Xuân","21.0050313270602, 105.80473242313434"
40990395,02/03/2025,"Từ 8x tr/m2 bán ngoại giao căn góc và 3 ngủ 96m2, tòa 33 Lê Văn Lương. Sổ đỏ vv, slot ô tô","7,97 tỷ",96 m²,83 tr/m²,3,N/A,"Nhân Chính, Thanh Xuân","21.0033874511719, 105.802452087402"
40386956,02/03/2025,"Chỉ 1,9 tỷ sở hữu ngay căn hộ vip 2pn 79,2m2 mặt phố Nguyễn Tuân. Full đồ Bc Đông Nam. Có slot ô tô","6,8 tỷ","79,2 m²","85,86 tr/m²",2,2,"Thanh Xuân Trung, Thanh Xuân","20.9975872039795, 105.803833007813"
41687385,02/03/2025,"11,9 tỷ chính chủ bán căn 107m2 tầng đẹp tại The Diamond Residence, 107m2, 3PN, 2WC. Sổ đỏ","11,8 tỷ",107 m²,"110,28 tr/m²",3,2,"Nhân Chính, Thanh Xuân","21.0052261352539, 105.805061340332"
42311187,02/03/2025,"Bán căn hộ chung cư Star Tower 283 Khương Trung, 5,85 tỷ, 87m2, 3PN, 2WC","5,85 tỷ",87 m²,"67,24 tr/m²",3,2,"Khương Trung, Thanh Xuân","20.9965899710329, 105.817542052287"
42311055,02/03/2025,"Bán Chung cư Mini,Vương Thừa Vũ,Thanh Xuân, 24 phòng Siêu dòng tiền ,DT 70m- 8T -MT 6m.giá 25 tỷ",25 tỷ,70 m²,"357,14 tr/m²",N/A,N/A,"Khương Trung, Thanh Xuân","20.9975825643732, 105.821993548062"
42197584,02/03/2025,"Bán CC 2PN, 2WC, 100m2 tại Khương Trung, Thanh Xuân, HN, giá 3,52 tỷ","3,52 tỷ",100 m²,"35,2 tr/m²",2,2,"Khương Trung, Thanh Xuân","20.9954818140177, 105.81756557746"
42007571,02/03/2025,"Quá VIP! Bán suất NG duplex 145m2, vị trí mặt phố Nguyễn Tuân nhỉnh 12tỷ, tháng 6 nhận nhà","12,3 tỷ",145 m²,"84,83 tr/m²",4,3,"Thanh Xuân Trung, Thanh Xuân","20.99764117337005, 105.8039677503207"
42238295,02/03/2025,"Bán CC đẹp xuất sắc tại Handico Lê Văn Lương, 82tr/m2, 83 m2, 3PN, 2WC","5,6 tỷ",70 m²,80 tr/m²,2,2,"Nhân Chính, Thanh Xuân","21.003959009387728, 105.8026109790721"
38380225,02/03/2025,"Bán nhanh căn hộ 4 phòng ngủ, 161m2, 3 phụ, giá bán 14 tỷ, căn duy nhất",14 tỷ,161 m²,"86,96 tr/m²",4,3,"Nhân Chính, Thanh Xuân","21.0052261352539, 105.805061340332"
42196964,02/03/2025,"Vợ chồng e bán CH tại Starcity 23Lê Văn lương 84,4m2 2pn căn góc,full đồ, tầng trung. LH 0987 362 ***","5,5 tỷ","84,4 m²","65,17 tr/m²",2,2,"Nhân Chính, Thanh Xuân","21.0058617139518, 105.806571532236"
28729157,02/03/2025,"Bán căn hộ 3PN tầng đẹp, view đẹp, full đồ, 360 Giải Phóng - 0902 030 ***",6 tỷ,91 m²,"65,93 tr/m²",3,2,"Phương Liệt, Thanh Xuân","20.9854316711426, 105.839340209961"
41786793,02/03/2025,"(Giá tốt căn mới) bán gấp căn 2PN/2WC, DT 80m2, full NT, giá 5 tỷ, view thoáng, hướng mát",5 tỷ,80 m²,"62,5 tr/m²",2,2,"Phương Liệt, Thanh Xuân","20.98501519673939, 105.83886618736526"
41786964,02/03/2025,"(Căn mới) bán rẻ nhanh căn hộ 3pn/2wc, giá 6.3 tỷ, DT 115m2, tầng trung, full NT, LH: 0967 465 ***","6,3 tỷ",115 m²,"54,78 tr/m²",3,2,"Phương Liệt, Thanh Xuân","20.984862363582238, 105.83880769934002"
41786697,02/03/2025,"(Sổ hồng) duy nhất căn góc hoa hậu 4N/3WC dự án, DT 130m2, giá 8 tỷ, full NT, hướng mát, view đẹp",8 tỷ,130 m²,"61,54 tr/m²",4,3,"Phương Liệt, Thanh Xuân","20.9854106800825, 105.839540403931"
42267605,02/03/2025,BÁN CĂN HỘ ĐẲNG CẤP TẠI VINHOMES ROYAL CITY  KHÔNG GIAN SỐNG HOÀNG GIA,"10,5 tỷ",114 m²,"92,1 tr/m²",N/A,N/A,"Thượng Đình, Thanh Xuân","21.00249706040722, 105.8152329848705"
33846712,02/03/2025,"Cần bán gấp căn 2PN chung cư cao cấp Harmony Square 4,5 tỷ","4,5 tỷ",75 m²,60 tr/m²,2,2,"Nhân Chính, Thanh Xuân","20.9998512268066, 105.801368713379"
42309053,02/03/2025,"Bán CC mini đẹp, nhiều tiện ích tại Khương Đình, Thanh Xuân, Hà Nội, 38,8 tỷ, 120m2","38,8 tỷ",120 m²,"323,33 tr/m²",31,31,"Khương Đình, Thanh Xuân","20.9911062614728, 105.813298612781"
42308675,02/03/2025,Bán căn góc DT 118m2 - Viha Leciva 107 Nguyễn Tuân - full nội thất liền tường - sổ đỏ lâu dài,"11,95 tỷ",118 m²,"101,27 tr/m²",3,2,"Thanh Xuân Trung, Thanh Xuân","20.9975872039795, 105.803833007813"
41944087,01/03/2025,1tỷ290tr chung cư mini có sổ chung thoáng đẹp đón tết,"1,29 tỷ",32 m²,"40,31 tr/m²",1,1,"Khương Đình, Thanh Xuân","20.9910769173939, 105.813101026988"
42193336,01/03/2025,"1,810 tỷ Cho Căn Chung Cư Mini 2 Ngủ Mới Tinh Full Đồ","1,81 tỷ",50 m²,"36,2 tr/m²",2,1,"Nhân Chính, Thanh Xuân",N/A
40459746,01/03/2025,"Mới!!! Chung cư mini Ngã Tư Sở - Thượng Đình 30 - 55m,Ở ngay, oto đỗ cửa",1 tỷ,42 m²,"23,81 tr/m²",N/A,N/A,"Thượng Đình, Thanh Xuân",N/A
41968830,01/03/2025,"Bán căn hộ phố Thượng Đình 35m2 1 phòng ngủ mặt phố ô tô chạy, ở ngay","1,33 tỷ",35 m²,38 tr/m²,1,1,"Thượng Đình, Thanh Xuân",N/A
42307757,01/03/2025,Đẹp Long Lanh Không Mua Qúa Tiếc - CC Hoàng Đạo Thúy 110m2 - Căn Góc 3PN - Full NT Xịn Mịn,"8,7 tỷ",110 m²,"79,09 tr/m²",3,3,"Nhân Chính, Thanh Xuân",N/A
42307718,01/03/2025,Bán căn hộ R3 - Royal City - tầng 15 - 109.2 m2 - full nội thất - 0973 049 ***,Giá thỏa thuận,"109,2 m²",N/A,N/A,N/A,"Thượng Đình, Thanh Xuân",N/A
42213175,01/03/2025,"Chính chủ bán căn hộ chung cư 54 Hạ Đình, Thanh Xuân full nội thất đẹp",Giá thỏa thuận,105 m²,N/A,3,2,"Thanh Xuân Trung, Thanh Xuân",N/A
38999458,01/03/2025,O968127636 CHÍNH CHỦ BÁN CĂN 54 HẠ ĐÌNH Thanh Xuân: 3ngủ(105m2) - căn góc đẹp - có slot ô tô,"5,1 tỷ",105 m²,"48,57 tr/m²",3,2,"Thanh Xuân Trung, Thanh Xuân",N/A
42307444,01/03/2025,Bán gấp căn hộ 3 ngủ 3wc - Viha Complex Nguyễn Tuân - full nội thất - nhận nhà 2025 - LH 0844 866 ***,"9,3 tỷ","93,44 m²","99,53 tr/m²",3,3,"Thanh Xuân Trung, Thanh Xuân","20.997587, 105.80383"
39208975,01/03/2025,"O937085668! CẦN BÁN CHUNG CƯ FIVE STAR KIM GIANG: DT 72m2 (2 NGỦ) NHÀ ĐẸP-HƯỚNG MÁT, SẴN SỔ ĐỔ","4,87 tỷ",70 m²,"69,57 tr/m²",2,2,"Hạ Đình, Thanh Xuân","20.986, 105.81219"
42305238,01/03/2025,"Cần bán căn hộ 2PN - 70m2 - giá 6,5 tỷ - Rivera Park - 69 Vũ Trọng Phụng - Thanh Xuân - 0886 896 ***","6,5 tỷ",70 m²,"92,86 tr/m²",2,2,"Thanh Xuân Trung, Thanh Xuân","20.99968732869598, 105.80902648641167"
41665475,01/03/2025,Ra hàng chung cư Handico Complex - 33 Lê Văn Lương giá ưu đãi - bank hỗ trợ vay ưu đãi,Giá thỏa thuận,70 m²,N/A,2,2,"Nhân Chính, Thanh Xuân","21.003387, 105.80245"
40155415,01/03/2025,"Chính chủ căn góc 3PN tòa Licogi 13, sổ đỏ, giá chỉ 6.5 tỷ, miễn trung gian","6,5 tỷ",138 m²,"47,1 tr/m²",3,2,"Nhân Chính, Thanh Xuân","20.9988327026367, 105.797798156738"
42306230,01/03/2025,CHÍNH CHỦ BÁN CĂN GÓC 3P NGỦ SÁNG R1 DIỆN TÍCH 181m2. GIÁ 20ty BAO PHÍ LH 0889 662 ***,20 tỷ,181 m²,"110,5 tr/m²",N/A,N/A,"Thượng Đình, Thanh Xuân","21.00240353929469, 105.81572960129434"
39727710,01/03/2025,O968127636 Chính chủ bán căn Licogi 13 Khuất Duy Tiến. 3 phòng ngủ(90m2) full nội thất hướng mát,"5,57 tỷ",90 m²,"61,89 tr/m²",3,2,"Nhân Chính, Thanh Xuân","20.9988327026367, 105.797798156738"
42273854,01/03/2025,"Chính chủ cần bán căn hộ tập thể Thanh Xuân Bắc, thoáng sáng vô cùng 70m, 2 pn, giá 2 tỷ 95","2,95 tỷ",70 m²,"42,14 tr/m²",2,2,"Thanh Xuân Bắc, Thanh Xuân","20.9934246604503, 105.797822972113"
40462951,01/03/2025,"Chính chủ bán căn hộ 3 pn 106m2 The Legend, ban công hướng mát, hầm đỗ ô tô nổi 8.3 tỷ","8,3 tỷ",106 m²,"78,3 tr/m²",3,2,"Nhân Chính, Thanh Xuân","21.0046138763428, 105.804077148438"
40670337,01/03/2025,"Bán căn 2 phòng ngủ 66m2 tầng trung, ban công ĐN, sổ đỏ lâu dài tại GoldSeason 47 Nguyễn Tuân","5,25 tỷ",66 m²,"79,54 tr/m²",2,1,"Thanh Xuân Trung, Thanh Xuân","20.9947719573975, 105.806129455566"
42199966,01/03/2025,Bán CHCC 91m2 tòa Licogi 13 tháp A khuất duy tiến thanh xuân hà nội ( 0869 688 ***),"5,69 tỷ",91 m²,"62,53 tr/m²",3,2,"Nhân Chính, Thanh Xuân","20.999530290711583, 105.79822337083492"
42304902,01/03/2025,"Bán căn hộ CC tại Royal City, 34 tỷ, 310m2, view đẹp, giá tốt",34 tỷ,310 m²,"109,68 tr/m²",3,3,"Thượng Đình, Thanh Xuân","21.002268387102205, 105.81536346415069"
38031052,01/03/2025,"Chính chủ - bán chung cư K1 Nguyễn Trãi - Cự Lộc - Ngã Tư Sở - Thanh Xuân, sổ đỏ vĩnh viễn",975 triệu,52 m²,"18,75 tr/m²",2,2,"Nhân Chính, Thanh Xuân","21.0001715, 105.8141863"
42304601,01/03/2025,"Vương Thừa Vũ/ Thanh Xuân bán Chung cư mini 84m2,7 tầng,MT8,4m,21phòng,120tr tháng,ô tô vào nhà.",32 tỷ,84 m²,"380,95 tr/m²",21,N/A,"Khương Trung, Thanh Xuân","20.9978416796999, 105.821882117935"
40683006,01/03/2025,"Căn góc cc cao cấp dt 137m, tiện ích 5 sao full đồ, 3N, 2VS, Legacy, Thanh Xuân, gia 7,xty","7,6 tỷ","126,7 m²","59,98 tr/m²",3,2,"Thanh Xuân Trung, Thanh Xuân","21.000560760498, 105.802917480469"
36565372,01/03/2025,"Chính chủ bán căn hộ Five Star Kim Giang, 2 phòng ngủ 2 wc 85m2, giá 5.5 tỷ, LH: 0396 116 ***","5,5 tỷ",85 m²,"64,71 tr/m²",2,2,"Hạ Đình, Thanh Xuân","20.9860000610352, 105.812187194824"
37213700,01/03/2025,"(Chuẩn giá) tôi bán căn hộ 2PN, 2WC tầng trung CC Rivera Park mua bán trực tiếp","5,6 tỷ",71 m²,"78,87 tr/m²",2,2,"Thanh Xuân Trung, Thanh Xuân","20.9991188049316, 105.808441162109"
30051643,01/03/2025,"Con gái đi lấy chồng gia đình bán căn 71,22m2 thiết kế 2PN 2 WC, giá 5.8 tỷ, mua bán trực tiếp","5,8 tỷ","71,22 m²","81,44 tr/m²",2,2,"Thanh Xuân Trung, Thanh Xuân","20.9962978363037, 105.805633544922"
39037657,01/03/2025,Cắt lỗ: Bán nhanh căn hộ 3PN - 120m2 - 12 tỷ - Dự án BRG 25 Lê Văn Lương,12 tỷ,120 m²,100 tr/m²,3,2,"Nhân Chính, Thanh Xuân","21.0052261352539, 105.805061340332"
40543741,01/03/2025,Chính chủ bán căn hộ 2PN 86m2 ban công đông nam tầng trung,Giá thỏa thuận,86 m²,N/A,2,2,"Thanh Xuân Trung, Thanh Xuân","20.997404098510742, 105.80406188964844"
42304466,01/03/2025,Chính chủ bán căn chung cư Cienco 1 Hoàng Đạo thúy 78m2 2 ngủ full nội thất giá 5 tỷ,5 tỷ,78 m²,"64,1 tr/m²",2,2,"Nhân Chính, Thanh Xuân","21.00505593410556, 105.80555102274462"
42298863,01/03/2025,Căn hộ Việt Đức Complex - lô góc 3 thoáng - full nội thất - view hồ - giá tốt nhất Thanh Xuân,"7,5 tỷ",107 m²,"70,09 tr/m²",3,2,"Nhân Chính, Thanh Xuân","20.9989534376864, 105.799071256481"
42304241,01/03/2025,"Bán CH dự án The Legend diện tích 105,2m2 thiết kế 3N - 2W, full nội thất, gúa 8,8 tỷ có slot ô tô","8,8 tỷ","105,2 m²","83,65 tr/m²",3,2,"Nhân Chính, Thanh Xuân","21.004900795926947, 105.80409531937703"
42304049,01/03/2025,"Bán căn hộ Golden Land, Nguyễn Trãi, Thanh Xuân 146m2, 3 ngủ , giá cực tốt",Giá thỏa thuận,"146,5 m²",N/A,3,2,"Thanh Xuân Trung, Thanh Xuân","20.993475471454644, 105.80695675743938"
42304035,01/03/2025,"Chuyển công tác cần bán CHCC 138m2 TK 3n2vs tòa 262 Nguyễn Huy Tuởng full nội thất nhà đẹp, sổ đỏ",6 tỷ,138 m²,"43,48 tr/m²",3,2,"Thanh Xuân Bắc, Thanh Xuân","20.996952617316104, 105.80276437056091"
42304142,01/03/2025,"Gia đình cần bán căn hộ 124m(3n2w) tại Ban Cơ Yếu Chính Phủ - Lê Văn Lương. Sẵn sổ, full nội thất","8,1 tỷ",124 m²,"65,32 tr/m²",3,2,"Nhân Chính, Thanh Xuân","20.99372185559673, 105.7979923375401"
34705992,01/03/2025,"Chính chủ bán gấp 3PN CC Việt Đức Complex 102m2, giá 6.2 tỷ LH: 0979 998 ***","6,2 tỷ",102 m²,"60,78 tr/m²",3,2,"Nhân Chính, Thanh Xuân","20.9996452331543, 105.799385070801"
42273533,01/03/2025,Bán căn 4 ngủ 180m2 R2 royal city,18 tỷ,180 m²,100 tr/m²,4,3,"Thượng Đình, Thanh Xuân","21.0028961793002, 105.8158104648656"
42058812,01/03/2025,"Chính chủ bán căn hộ 2 phòng ngủ, 64m2 tại Legend Tower 109 Nguyễn Tuân, 6 tỷ, full nội thất mới",6 tỷ,64 m²,"93,75 tr/m²",2,2,"Nhân Chính, Thanh Xuân","21.00461947608786, 105.80382806679047"
41964951,01/03/2025,"Quỹ căn có sẵn, ký HĐMB trực tiếp chủ đầu tư dự án Handico Complex 33 Lê Văn Lương","5,5 tỷ","70,4 m²","78,12 tr/m²",2,2,"Nhân Chính, Thanh Xuân","21.0041078095473, 105.802158229414"
42262148,01/03/2025,Bán CH giá tốt nhất thị trường The Legend 109 Ng Tuân: 3 ngủ - 86m2 - 106m2 giá 8xtỷ. Lh 0327 005 ***,8 tỷ,86 m²,"93,02 tr/m²",3,2,"Nhân Chính, Thanh Xuân","21.0044037718513, 105.80464097184229"
42111954,01/03/2025,Cần bán căn góc đẹp nhất chung cư BRG Lê Văn Lương,15 tỷ,145 m²,"103,45 tr/m²",3,2,"Nhân Chính, Thanh Xuân","21.00506974851116, 105.80513613499575"
42296114,01/03/2025,Cần tiền nhượng lại gấp căn hộ 2PN diện tích 74m2 ban công ĐN giá gốc đợt đầu không chênh,"7,3 tỷ",74 m²,"98,65 tr/m²",2,2,"Thanh Xuân Trung, Thanh Xuân","20.9978681792556, 105.80414908687"
42275932,01/03/2025,"Chính chủ cần bán CC Gold Season, 65m2 thiết kế 2PN, 2WC giá 5tỷ",5 tỷ,65 m²,"76,92 tr/m²",2,2,"Thanh Xuân Trung, Thanh Xuân","20.9982426547931, 105.803369918163"
42276843,01/03/2025,"Duy nhất bán căn hộ hiếm tại Hei Tower: 2PN, 2WC -75m2 -89m2.Rẻ nhất T.T, chỉ hơn 5tỷ.lh 0327 005 ***","5,4 tỷ",90 m²,60 tr/m²,2,2,"Nhân Chính, Thanh Xuân","21.003171445105, 105.80593661595029"
42303822,01/03/2025,Em cần bán căn hộ cao cấp Gold Tower: 3 ngủ 120m2 chỉ 8tỷ. Giá tốt nhất thị trường. LH 0327 005 ***,8 tỷ,120 m²,"66,67 tr/m²",3,2,"Thanh Xuân Trung, Thanh Xuân","20.9941861522785, 105.806962905576"
42303558,01/03/2025,Hiếm! Bán gấp căn hộ 2PN 2WC - Viha Complex - 107 Nguyễn Tuân - Full nội thất - LH 0844 866 ***,"7,9 tỷ","73,4 m²","107,63 tr/m²",2,2,"Thanh Xuân Trung, Thanh Xuân","20.997587, 105.80383"
42201210,01/03/2025,Bán căn 3 ngủ toà Gold Tower 275 Nguyễn Trãi Đông Nam full đồ mới hơn 7 tỷ,Giá thỏa thuận,"91,2 m²",N/A,3,2,"Thanh Xuân Trung, Thanh Xuân","20.993216315707, 105.807009869285"
42303404,01/03/2025,Chính chủ bán căn hộ chung cư Thống Nhất 82 Nguyễn Tuân 122m2 3 ngủ giá rẻ,9 tỷ,122 m²,"73,77 tr/m²",3,2,"Thanh Xuân Trung, Thanh Xuân","20.9980155805615, 105.803806801781"
42303018,01/03/2025,"Bán căn hộ Golden Land, Nguyễn Trãi, Thanh Xuân 115m2, 2 ngủ , giá cực tốt",Giá thỏa thuận,115 m²,N/A,2,2,"Thanh Xuân Trung, Thanh Xuân","20.993475471454644, 105.80695675743938"
32740926,01/03/2025,"Tôi chính chủ bán căn 100m2, 3 ngủ chung cư Ban cơ yếu Chính phủ - giá 7,3 tỷ full nội thất","7,3 tỷ",100 m²,73 tr/m²,3,2,"Nhân Chính, Thanh Xuân","20.993579864502, 105.798210144043"
42101696,01/03/2025,"Bán gấp căn hộ 130m2 với 4PN tại Imperial Plaza Giải Phóng, giá 8 tỷ",8 tỷ,130 m²,"61,54 tr/m²",4,3,"Phương Liệt, Thanh Xuân","20.9848105445838, 105.838721994266"
42264263,01/03/2025,"Bán căn hộ 3PN, 2WC tại Star Tower 283 Khương Trung, 5,6 tỷ, 90m2","5,6 tỷ",90 m²,"62,22 tr/m²",3,2,"Khương Trung, Thanh Xuân","20.996909253974536, 105.81851940837156"
33095534,01/03/2025,"Chủ nhà gửi bán căn 2PN - 66m2 - tầng trung Golden Palm, 5,5 tỷ có thương lượng","5,5 tỷ",66 m²,"83,33 tr/m²",2,2,"Nhân Chính, Thanh Xuân","21.006311416626, 105.807479858398"
37347548,01/03/2025,"Chính chủ bán căn hộ tại Hà Nội Center Point 70m2, 2PN nội thất đẹp, giá 5,8 tỷ","5,8 tỷ",70 m²,"82,86 tr/m²",2,2,"Nhân Chính, Thanh Xuân","21.0048179626465, 105.804672241211"
42039847,01/03/2025,Lê Văn Lương Việt Đức 3 ngủ 138m2 vay đc BIDV giá hơn 55tr/m2,"7,6 tỷ",138 m²,"55,07 tr/m²",3,2,"Nhân Chính, Thanh Xuân","20.999843090235384, 105.79869319719499"
42290987,01/03/2025,(Giá thật) chính chủ bán căn 176m2 4 phòng ngủ ở tầng trung full nội thất đẹp CC Hei Tower,11 tỷ,176 m²,"62,5 tr/m²",4,2,"Nhân Chính, Thanh Xuân","21.003246307373, 105.805061340332"
42076347,01/03/2025,Căn mới ra ! Chỉ 5.85 tỷ cho căn hộ 83m2 tại Pandora đầy đủ đồ sinh hoạt! Số lượng có 1,"5,85 tỷ",83 m²,"70,48 tr/m²",2,2,"Thanh Xuân Bắc, Thanh Xuân","20.9857049241472, 105.799253229017"
42263117,01/03/2025,SUẤT NGOẠI GIAO! Chỉ một căn duy nhất chưa đến 70tr/m2 tại Pandora Thanh xuân bắc 2PN-2WC- 83m2,"5,8 tỷ",83 m²,"69,88 tr/m²",2,2,"Thanh Xuân Bắc, Thanh Xuân","20.985585828670708, 105.79790885654327"
42061611,01/03/2025,Cần bán căn hộ chung cư 3 phòng ngủ BRG Diamond Residences - 25 Lê Văn Lương - LH 0986 972 ***,"12,2 tỷ",120 m²,"101,67 tr/m²",3,N/A,"Nhân Chính, Thanh Xuân","21.0051744645525, 105.805009833364"
42158353,01/03/2025,"Bán căn hộ 3PN khu đô thị Royal City, diện tích 130m2, 2WC, view 2 ban công cực thoáng, vào ở ngay","12,5 tỷ",130 m²,"96,15 tr/m²",3,2,"Thượng Đình, Thanh Xuân","21.0026177830489, 105.815857389048"
42196963,01/03/2025,"Duy nhất căn hộ góc giao Nguyễn Quý Đức - Nguyễn Trãi sổ chính chủ sang tên ngay giá chỉ 3,x tỷ",Giá thỏa thuận,75 m²,N/A,3,2,"Thanh Xuân Bắc, Thanh Xuân","20.9925469255941, 105.799267185816"
42302430,01/03/2025,Bán căn hộ chung cư 109m2 tầng 20 - Royal City - xem nhà trực tiếp 0973 049 ***,"8,8 tỷ",109 m²,"80,73 tr/m²",N/A,N/A,"Thượng Đình, Thanh Xuân","21.003345015418834, 105.81530781056607"
42169200,01/03/2025,Cần bán chung cư 70m2 tầng 16 tòa Handico chuẩn bị nhận nhà bàn giao nội thất cao cấp vay ngân hàng,6 tỷ,70 m²,"85,71 tr/m²",2,2,"Nhân Chính, Thanh Xuân","21.003472893150146, 105.80284216773428"
41696724,01/03/2025,Bán căn hộ chung cư mini Vương Thừa Vũ - Quận Thanh Xuân - 1.3 tỷ,"1,3 tỷ",31 m²,"41,94 tr/m²",1,1,"Khương Trung, Thanh Xuân","20.997820003883, 105.821851154377"
42302006,01/03/2025,"Gia đình tôi cần bán lại căn chung cư 85 Hạ Đình, Thanh Xuân, DT 90m2 giá bán 4.68 tỷ: 0981 129 ***","4,68 tỷ",90 m²,52 tr/m²,2,2,"Hạ Đình, Thanh Xuân","20.9890680158026, 105.805575115344"
41963747,01/03/2025,"Bán căn hộ đường Hoàng Minh Giám, 79m2, 3PN, 2WC, căn góc, full đồ, hơn 4 tỷ","4,7 tỷ",79 m²,"59,49 tr/m²",3,2,"Nhân Chính, Thanh Xuân","21.0055993098915, 105.797222754208"
41125693,01/03/2025,"Bán căn hộ Trung Hòa Nhân Chính, 100m2, 3PN, 2WC, 2 BC, full nội thất, chỉ 4,8 tỷ","4,8 tỷ",100 m²,48 tr/m²,3,2,"Nhân Chính, Thanh Xuân","21.0038186630365, 105.803362774708"
42199977,01/03/2025,"Bán căn hộ 3 ngủ Góc chung cư Rivera Park Hà Nội, 8,5 tỷ, 105m: 0947 945 ***","8,5 tỷ",105 m²,"80,95 tr/m²",3,2,"Thanh Xuân Trung, Thanh Xuân","20.9996816535996, 105.80806922247"
42142119,01/03/2025,"Bán căn ngoại giao tầng 12 và 15 dự án Handico Complex 33 Lê Văn Lương, Nhân Chính, Thanh Xuân",5 tỷ,"70,4 m²","71,02 tr/m²",2,2,"Nhân Chính, Thanh Xuân","21.0039421199678, 105.802080525494"
42259285,01/03/2025,Chính chủ bán căn hộ 3PN Gold Tower - 275 Nguyễn Trãi giá từ 7.6 tỷ. LH: 0364 079 ***,"7,6 tỷ",120 m²,"63,33 tr/m²",3,2,"Thanh Xuân Trung, Thanh Xuân","20.994018787700035, 105.80755627141822"
42030889,01/03/2025,CHÍNH CHỦ bán 3PN full 95m2 tại Thống Nhất Complex - 82 Nguyễn tuân chỉ 7.2 tỷ. LH: 0364 079 ***,"7,2 tỷ",95 m²,"75,79 tr/m²",3,2,"Thanh Xuân Trung, Thanh Xuân","20.9980742488404, 105.80354323762505"
41962064,01/03/2025,Chính chủ Bán 3PN 125m2 tại Ban cơ yếu Chính phủ- 43 Lê Văn Lương chỉ 8 tỷ. LH: 0364 079 ***,8 tỷ,125 m²,64 tr/m²,3,2,"Nhân Chính, Thanh Xuân","20.994297821235318, 105.79802539694943"
41860926,28/02/2025,Do chuyển nơi ở nên tôi cần bán nhanh căn hộ tại Hapulico 2 phòng ngủ giá 68tr/m2,"6,06 tỷ",88 m²,"68,86 tr/m²",3,N/A,"Thanh Xuân Trung, Thanh Xuân","21.0009665238235, 105.806785760309"
39030389,28/02/2025,"Chính chủ bán chung cư C1 Nguyễn Trãi - Cự Lộc - Ngã Tư Sở - Quận Thanh Xuân, sổ đỏ - 50 - 65m2",Giá thỏa thuận,46 m²,N/A,2,1,"Nhân Chính, Thanh Xuân","21.0019500571017, 105.806621817645"
41573135,28/02/2025,Rẻ nhất thị trường quỹ căn hộ giá tốt nhất thị trường BRG 25 Lê Văn Lương từ Thổ Địa BRG 0906 223 ***,18 tỷ,161 m²,"111,8 tr/m²",4,3,"Nhân Chính, Thanh Xuân","21.005226, 105.80506"
40814106,28/02/2025,"Cần tiền bán gấp căn hộ Imperia Garden 3PN, 2WC, full NT, giá 5.3 tỷ 0985 800 ***","5,3 tỷ",75 m²,"70,67 tr/m²",3,2,"Thanh Xuân Trung, Thanh Xuân","20.997276306152344, 105.80298614501953"
40256452,28/02/2025,Chính chủ bán căn 3 phòng ngủ 126m2 giá 5 tỷ. Chung cư Việt Đức Complex 0985 800 ***,5 tỷ,126 m²,"39,68 tr/m²",3,2,"Nhân Chính, Thanh Xuân","20.999645233154297, 105.79938507080078"
42298458,28/02/2025,Diamond Residence - tổ ấm hoàn hảo cho gia đình bạn!,"11,2 tỷ",105 m²,"106,67 tr/m²",3,2,"Nhân Chính, Thanh Xuân","21.005969658603338, 105.80480628743506"
42277946,28/02/2025,"Hoàng 3333 giá thật. Bán căn hộ 3PN, 2WC, 110m2 tại Imperia Garden, ban công Đông Bắc, full đồ đẹp",11 tỷ,110 m²,100 tr/m²,3,2,"Thanh Xuân Trung, Thanh Xuân","20.996941088329088, 105.80367322963832"
41505770,28/02/2025,"Cần bán căn hộ chung cư toà 86 Lê Trọng Tấn, giao thông tiện lợi tiện ích cực đỉnh an sinh cực nét","6,85 tỷ",92 m²,"74,46 tr/m²",3,2,"Khương Mai, Thanh Xuân","21.000234678122, 105.827777312282"
42299703,28/02/2025,Bán chung cư cao cấp phố hạ đình phân khu riêng biệt nội thất đầy đủ,"4,75 tỷ",90 m²,"52,78 tr/m²",2,2,"Thanh Xuân Trung, Thanh Xuân","20.9937004801935, 105.79869225196482"
42292002,28/02/2025,"Cần bán căn hộ Fafilm - VNT Tower - Nguyễn Trãi - Thanh Xuân 120m2 - 2PN - 2WC - 8,4tỷ 0394 260 ***","8,4 tỷ",120 m²,70 tr/m²,2,2,"Khương Trung, Thanh Xuân","21.002194185940454, 105.82084977012349"
41045967,28/02/2025,Chính chủ bán căn DT: 98m2 - 2PN - BC ĐN - Full NT - giá tốt toà Phú Gia số 3 Nguyễn Huy Tưởng,"6,3 tỷ",98 m²,"64,29 tr/m²",2,2,"Thanh Xuân Trung, Thanh Xuân","20.999739, 105.807556"
39139854,28/02/2025,Chính chủ bán căn 3PN - full NT xịn xò - giá tốt toà Diamond Flower - Lê Văn Lương! LH: 0961 846 ***,"12,5 tỷ",172 m²,"72,67 tr/m²",3,3,"Nhân Chính, Thanh Xuân","21.005578994751, 105.803749084473"
28885546,28/02/2025,"Gia đình cần chuyển nhượng CH 2PN đầy đủ đồ Việt Đức Complex View đẹp hướng mát, LH 0979 998 ***","3,3 tỷ",81 m²,"40,74 tr/m²",2,2,"Nhân Chính, Thanh Xuân","20.9996452331543, 105.799385070801"
42291354,28/02/2025,"Chính chủ cần bán căn hộ 3PN - 107m2 - giá 7,5 tỷ - Times Tower - 35 Lê Văn Lương - Thanh Xuân","7,5 tỷ",107 m²,"70,09 tr/m²",3,2,"Nhân Chính, Thanh Xuân","21.00286180601594, 105.80150556245032"
42299537,28/02/2025,"Gia đình bán căn 2 ngủ 2 vệ sinh 100m2 tòa Phú Gia. Ban công Đông Nam, tầng đẹp, sổ đỏ. Giá 6,3 tỷ","6,3 tỷ",100 m²,63 tr/m²,2,2,"Thanh Xuân Trung, Thanh Xuân","20.9997386932373, 105.807556152344"
42299452,28/02/2025,"Gia đình bán căn 2 ngủ 2 vệ sinh 72m2 chung cư 90 Nguyễn Tuân. Ban công Đông Nam, sổ đỏ, giá 5.7 tỷ","5,7 tỷ",72 m²,"79,17 tr/m²",2,2,"Thanh Xuân Trung, Thanh Xuân","20.9962978363037, 105.805633544922"
42299318,28/02/2025,Bán gấp cho khách thiện chí căn 2 ngủ 80m2 full đồ NT luxury - Imperia Garden/ LH: 0366 976 ***,"6,6 tỷ",80 m²,"82,5 tr/m²",2,2,"Thanh Xuân Trung, Thanh Xuân","20.9969011098203, 105.802939868109"
42298000,28/02/2025,Căn hộ cao cấp The Golden Palm - Lê Văn Lương - 3PN - cực thoáng - full nội thất - giá 10.9 tỷ,"10,9 tỷ","118,5 m²","91,98 tr/m²",3,2,"Nhân Chính, Thanh Xuân","21.006562886770222, 105.807036201386"
42298511,28/02/2025,Bán căn hộ 2PN tại Rivera park 69 Vũ Trọng Phụng giá hơn 6 tỷ. 0918 999 ***,"6,3 tỷ",78 m²,"80,77 tr/m²",2,2,"Thanh Xuân Trung, Thanh Xuân","20.99881821350701, 105.80765916803108"
42298699,28/02/2025,"Bán căn hộ chung cư Times Tower Lê Văn Lương, 9,5 tỷ, 128m2, 3PN, 2WC","9,5 tỷ",128 m²,"74,22 tr/m²",3,2,"Nhân Chính, Thanh Xuân","21.0027499360365, 105.801382930256"
42132201,28/02/2025,"BÁN CHUNG CƯ ĐẸP 3 NGỦ 6.X TỶ - Ở LUÔN- CÓ SỔ TẠI SAKURA 47 VŨ TRỌNG PHỤNG 0987.063,288","6,2 tỷ",94 m²,"65,96 tr/m²",3,2,"Thanh Xuân Trung, Thanh Xuân","20.9976786503485, 105.810220777104"
41861203,28/02/2025,"Bán căn hộ Rivera Park 69 Vũ Trọng Phụng diện tích 77m2, giá 6,35 tỷ. 0918 999 ***","6,35 tỷ",77 m²,"82,47 tr/m²",2,2,"Thanh Xuân Trung, Thanh Xuân","20.9987372563558, 105.808198800642"
39328087,28/02/2025,Gia đình cần bán gấp căn góc 2 ngủ 72m2 tại Rivera Park. Giá hơn 6 tỷ. 0918 999 ***,"6,3 tỷ",70 m²,90 tr/m²,2,2,"Thanh Xuân Trung, Thanh Xuân","20.998606715893075, 105.80915227092"
41754261,28/02/2025,"Bán gấp chung cư 100m2 3PN tòa Sakura Tower, 47 Vũ Trọng Phụng, Thanh Xuân, 6.5 tỷ","6,5 tỷ",100 m²,65 tr/m²,3,2,"Thanh Xuân Trung, Thanh Xuân","20.9976119995117, 105.809326171875"
42147566,28/02/2025,"Bán CC 3PN, 2WC 122m2 tại Lê Văn Thiêm, Q.Thanh Xuân, HN - Giá thỏa thuận Hot!",Giá thỏa thuận,122 m²,N/A,3,2,"Thanh Xuân Trung, Thanh Xuân","21.00013876097969, 105.80471810311866"
42195915,28/02/2025,"Chính chủ bán căn hộ tập thể dụng cụ 1 tầng 5 ngõ 328 Nguyễn Trãi, Thanh Xuân, Hà Nội","2,75 tỷ",65 m²,"42,31 tr/m²",3,1,"Thanh Xuân Trung, Thanh Xuân","20.987454573965, 105.800491953926"
42287049,28/02/2025,"CAM KẾT GIÁ TỐT NHẤT THỊ TRƯỜNG, CHỈ HƠN 7 TỶ SỞ HỮU CĂN HỘ CAO CẤP THE LEGEND TOWER NGUYỄN TUÂN",Giá thỏa thuận,75 m²,N/A,2,2,"Nhân Chính, Thanh Xuân","21.0063062284139, 105.80487754603698"
42297711,28/02/2025,"Chính chủ cần bán căn hộ 51 Quan Nhân DT 75m2, full nội thất; chỉ nhỉnh 5 tỷ LH 0969 029 ***",Giá thỏa thuận,75 m²,N/A,2,2,"Nhân Chính, Thanh Xuân","21.0062501799326, 105.812441637488"
41457287,28/02/2025,"Bán nhanh CHCC 282 Nguyễn Huy Tưởng, Thanh Xuân, 80m2 - 2PN - 2VS. Giá 3,98 tỷ, sổ đỏ","3,98 tỷ",80 m²,"49,75 tr/m²",2,2,"Thanh Xuân Bắc, Thanh Xuân","20.9963245391846, 105.802665710449"
39327649,28/02/2025,"Gia đình tôi bán gấp căn hộ tại Rivera Park 69 Vũ Trọng Phụng diện tích 102m2 giá 8, x tỷ",Giá thỏa thuận,102 m²,N/A,3,2,"Thanh Xuân Trung, Thanh Xuân","20.9991188049316, 105.808441162109"
41287534,28/02/2025,"Bán nhanh trong tháng 2 căn hộ 2PN tại Rivera Park 69 Vũ Trọng Phụng, giá chuẩn 6,3 tỉ","6,4 tỷ",71 m²,"90,14 tr/m²",2,2,"Thanh Xuân Trung, Thanh Xuân","21.00048828125, 105.80715942382812"
42273892,28/02/2025,"Tôi cần bán nhanh căn hộ tại Rivera park, giá chuẩn 6,3 tỉ . 0918 999 ***","6,3 tỷ",77 m²,"81,82 tr/m²",2,2,"Thanh Xuân Trung, Thanh Xuân","20.999935906116523, 105.80877470994317"
42297804,28/02/2025,Bán căn hộ 2 PN 109m2 tầng 15 toà R3 chung cư Royal City - 0973 049 ***,Giá thỏa thuận,109 m²,N/A,2,N/A,"Thượng Đình, Thanh Xuân","21.00322445830269, 105.81606255549688"
42297761,28/02/2025,Bán gấp căn hộ 3 ngủ 3WC - Viha Complex Nguyễn Tuân - full nội thất - nhận nhà 2025 - LH 0844 866 ***,"9,3 tỷ","93,44 m²","99,53 tr/m²",3,3,"Thanh Xuân Trung, Thanh Xuân","20.997370111605353, 105.80418097802789"
41719137,28/02/2025,"Bán căn 2 pn Mỹ Sơn Tower, 62A Nguyễn Huy Tưởng, DT: 90m2 full đồ view thành phố, giá 3.5 tỷ","3,5 tỷ",90 m²,"38,89 tr/m²",2,2,"Thanh Xuân Trung, Thanh Xuân","20.999314936729, 105.807274371201"
42297613,28/02/2025,Bán gấp căn hộ 2PN 2WC - Viha Complex - 107 Nguyễn Tuân - Full nội thất - LH 0844 866 ***,"7,9 tỷ","73,4 m²","107,63 tr/m²",2,2,"Thanh Xuân Trung, Thanh Xuân","20.997587, 105.80383"
42283568,28/02/2025,Nhượng căn 2 ngủ full nội thất rất đẹp tầng thấp toà BRG,11 tỷ,104 m²,"105,77 tr/m²",N/A,N/A,"Nhân Chính, Thanh Xuân","21.004975396222704, 105.8056538259813"
35416020,28/02/2025,"Bán căn 3PN góc Mỹ Sơn 117 m2, giá bán nhanh 6 tỷ. LH: 0961 995 ***",Giá thỏa thuận,114 m²,N/A,3,2,"Thanh Xuân Trung, Thanh Xuân","20.9993877410889, 105.807266235352"
41981077,28/02/2025,"Căn tầng đẹp 70m2 Handico Complex 33 Lê Văn Lương, kí hợp đồng mua bán trực tiếp chủ đầu tư",6 tỷ,70 m²,"85,71 tr/m²",2,2,"Nhân Chính, Thanh Xuân","21.0037604586157, 105.80332419066"
41607538,28/02/2025,"Chính chủ bán nhanh căn Sapphire 100m2 3N2W giá 5,8 tỷ. Full NT. Lh 0962 347 ***","5,8 tỷ",100 m²,58 tr/m²,3,2,"Thanh Xuân Trung, Thanh Xuân","20.9987087249756, 105.811981201172"
42186059,28/02/2025,Cần bán căn 3 pn 97m2 full nội thất giá hơn 6 tỷ dự án Sakura Tower 47 Vũ Trọng Phụng Thanh Xuân,Giá thỏa thuận,97 m²,N/A,3,2,"Thanh Xuân Trung, Thanh Xuân","20.9972948039513, 105.810101074169"
42295843,28/02/2025,Trung tâm Thanh Xuân - đối diện Royal City Ngã Tư Sở 3 ngủ vị trí vàng tiện ích bạt ngàn trường chợ,"3,68 tỷ",41 m²,"89,76 tr/m²",3,N/A,"Thượng Đình, Thanh Xuân","20.987759767253, 105.800453501812"
42295682,28/02/2025,"Bán CCMN 2PN 2VS 50m2 cực đẹp chỉ 1tỷ63 ngõ 619 Vũ Tông Phan, Ngã Tư Sở","1,63 tỷ",50 m²,"32,6 tr/m²",2,2,"Khương Trung, Thanh Xuân","20.9981513314849, 105.817007909968"
41604644,28/02/2025,Gia đình tôi cần bán lại 2 căn hộ 104m2 và 130m2 tòa Hei Tower giá từ 7 tỷ. LH: 0965 551 ***,7 tỷ,104 m²,"67,31 tr/m²",3,2,"Nhân Chính, Thanh Xuân","21.003246, 105.80506"
42296105,28/02/2025,"Bán Căn hộ Chung cư Nguyễn Huy Tưởng 138m2, 3 ngủ, 2WC, 2 ban công, full nội thất, Sổ hồng, ở luôn","8,6 tỷ",138 m²,"62,32 tr/m²",3,2,"Nhân Chính, Thanh Xuân","20.9973242206829, 105.804109286925"
42118075,28/02/2025,Chính chủ bán căn hộ Lê Văn Lương - BRG Diamond Residence - 160m2 4 ngủ 1 kho - Giá chỉ 14 tỷ,14 tỷ,160 m²,"87,5 tr/m²",4,N/A,"Nhân Chính, Thanh Xuân","21.004832537112954, 105.80497926351825"
42295968,28/02/2025,"Bán Căn hộ Chung cư Khương Trung,87m2, 3 ngủ, 2 WC, 2 Ban công,Full nội thất, Sổ hồng, Về ở luôn@","5,8 tỷ",88 m²,"65,91 tr/m²",3,2,"Khương Trung, Thanh Xuân","20.9958682382319, 105.817658175711"
42295842,28/02/2025,"CHUNG CƯ HẠNG 5 SAO - BOHEMIA - ĐẲNG CẤP VƯỢT TRỘI,FULL NỘI THẤT,CĂN GÓC, 3 PHÒNG NGỦ,2 WC","10,2 tỷ",138 m²,"73,91 tr/m²",3,N/A,"Thanh Xuân Bắc, Thanh Xuân","20.9937282177123, 105.797743985763"
42196746,28/02/2025,Chính chủ chuyển nhượng căn hộ Time Tower 35 Lê văn Lương full nội thất giá tốt nhất thị trường,"8,76 tỷ",103 m²,85 tr/m²,N/A,N/A,"Nhân Chính, Thanh Xuân","21.00240810455587, 105.80132983317819"
37194626,28/02/2025,"Do thay đổi công việc cần chuyển nhượng gấp lại căn góc 3N tầng 22 ban công ĐN, giá thỏa thuận",14 tỷ,163 m²,"85,89 tr/m²",3,2,"Nhân Chính, Thanh Xuân","21.0052261352539, 105.805061340332"
42291822,28/02/2025,Chính chủ bán căn hộ cao cấp giá tốt tại Star Tower 283 Khương Trung 75m2 2PN - 2VS full nội thất,"5,1 tỷ",75 m²,68 tr/m²,2,2,"Khương Trung, Thanh Xuân","20.9967430710254, 105.818334767761"
42291192,28/02/2025,Chính chủ cần bán gấp căn 3PN(MS 12A) tầng trung - dự án Viha 107 Nguyễn Tuân,"9,4 tỷ","97,3 m²","96,61 tr/m²",3,2,"Thanh Xuân Trung, Thanh Xuân","20.9976622850714, 105.804757991906"
38103824,28/02/2025,"Chính chủ cần bán gấp trong tết căn full đồ đẹp tại Diamond Flower DT: 125m2, 3N2WC giá: 8 tỷ",8 tỷ,125 m²,64 tr/m²,3,2,"Nhân Chính, Thanh Xuân","21.005578994751, 105.803749084473"
42291363,28/02/2025,"Bán CC 55m2, 2PN, 1WC tại Lê Văn Lương, giá thỏa thuận",Giá thỏa thuận,55 m²,N/A,2,1,"Nhân Chính, Thanh Xuân","21.0041479602018, 105.803035378553"
41925810,28/02/2025,"Bán CC tòa 17T2 Hapulico Complex, tầng trung, 102m2, 2PN, 2WC, có slot ô tô, giá đầu tư 66tr/m2","6,73 tỷ",102 m²,66 tr/m²,2,2,"Thanh Xuân Trung, Thanh Xuân","21.00022344400069, 105.80662311744975"
36573807,28/02/2025,"Bán căn 2 PN 83m2 view Bảo tàng PKKQ Tòa Artemis số 3 Lê Trọng Tấn, Thanh Xuân, HN LH 0989 259 ***",Giá thỏa thuận,83 m²,N/A,2,2,"Khương Mai, Thanh Xuân","20.999722, 105.82833"
42291309,28/02/2025,"Cần bán căn hộ Imperia Garden- Nguyễn Huy Tưởng-Thanh Xuân-DT81.4m2-2PN-2WC-giá 7,5tỷ LH 0394 260 ***","7,5 tỷ","81,4 m²","92,14 tr/m²",2,2,"Thanh Xuân Trung, Thanh Xuân","20.99666169393367, 105.8036799976899"
35463058,28/02/2025,"Tôi chính chủ cần bán gấp căn hộ 99m2, 3 ngủ chung cư Saphire Palace, giá thương lượng",Giá thỏa thuận,99 m²,N/A,2,2,"Thanh Xuân Trung, Thanh Xuân","20.9987087249756, 105.811981201172"
40260145,28/02/2025,Tôi chính chủ muốn bán căn hộ 125m2 chung cư King Palace 108 Nguyễn Trãi full nội thất,Giá thỏa thuận,125 m²,N/A,3,2,"Thượng Đình, Thanh Xuân","21.0002918243408, 105.816009521484"
41440389,28/02/2025,"Tôi chính chủ cần bán gấp căn 3 phòng ngủ full nội thất đẹp, giá cả thương lượng trực tiếp",Giá thỏa thuận,130 m²,N/A,3,2,"Thượng Đình, Thanh Xuân","21.002666473388672, 105.8154296875"
41819280,28/02/2025,"Tập thể Thanh Xuân Bắc 62m2 x 2 ngủ, sáng thoáng full đồ 2 tỷ 7","2,7 tỷ",62 m²,"43,55 tr/m²",2,1,"Thanh Xuân Bắc, Thanh Xuân","20.9950860366522, 105.799968037719"
42186176,28/02/2025,Chính chủ bán căn hộ cao cấp giá tốt tại Five Star Kim Giang 103m2 3PN - 2VS full nội thất,7 tỷ,103 m²,"67,96 tr/m²",3,2,"Hạ Đình, Thanh Xuân","20.985848054592555, 105.8125200666216"
38883296,28/02/2025,"Tôi chính chủ cần bán gấp căn hộ tòa The Legend 3PN 2WC, 85m2, full nội thất đẹp. LH 0858 601 ***","6,5 tỷ",85 m²,"76,47 tr/m²",3,2,"Nhân Chính, Thanh Xuân","21.004098220632095, 105.80395689269193"
37856234,28/02/2025,Chính chủ bán căn 3PN chung cư Harmony Square Nguyễn Tuân,"6,5 tỷ","91,4 m²","71,12 tr/m²",3,2,"Nhân Chính, Thanh Xuân","20.9998512268066, 105.801368713379"
42262067,28/02/2025,"Chỉ với 12 tỷ sở hữu ngay Căn hộ 2 PN 134m2 view đẹp tại toà R5 Royal, City giá rẻ nhất thị trường",12 tỷ,132 m²,"90,91 tr/m²",N/A,N/A,"Thượng Đình, Thanh Xuân","21.002021300170135, 105.81534248916668"
30618150,28/02/2025,"Vợ chồng tôi chính chủ bán căn hộ cao cấp Rivera Park, 2 PN, DT 71m2 giá 6 tỷ có thương lượng",6 tỷ,71 m²,"84,51 tr/m²",2,2,"Thanh Xuân Trung, Thanh Xuân","20.9991188049316, 105.808441162109"
42288022,28/02/2025,"Siêu phẩm chung cư Fivestar Thanh Xuân - full nội thất nhập khẩu. 2 ngủ 2wc lô góc, sổ đỏ chính chủ","5,3 tỷ",72 m²,"73,61 tr/m²",2,2,"Hạ Đình, Thanh Xuân","20.98577875169337, 105.81280179691336"
42288789,28/02/2025,"Chính chủ nhờ bán căn hộ CCMN ngõ 275 Quan Nhân, Thanh Xuân 45m2, giá 1.28 tỷ. LH 0357 784 ***","1,28 tỷ",45 m²,"28,44 tr/m²",1,1,"Nhân Chính, Thanh Xuân","21.0032558312913, 105.81119764296"
42287568,28/02/2025,"Siêu phẩm tại Vinhomes Royal City R1, 145m2, 3PN, chỉ 80tr/1m2, sẵn ở ngay. LH: 0987 485 ***","11,5 tỷ",145 m²,"79,31 tr/m²",3,N/A,"Thượng Đình, Thanh Xuân","21.0028449293436, 105.815146524809"
41867034,28/02/2025,"Căn hộ cao cấp, lô góc, tầng trung, 3 PN thoáng sáng, nội thất xịn, vị trí vàng Hapulico - 75tr/m2","9,7 tỷ",135 m²,"71,85 tr/m²",3,2,"Thanh Xuân Trung, Thanh Xuân","21.0006215388315, 105.807200749157"
42289047,28/02/2025,"Cần bán gấp căn hộ 105m2 toà nhà BRG 25 Lê Văn Lương, tầng đẹp, giá tốt",Giá thỏa thuận,105 m²,N/A,3,2,"Nhân Chính, Thanh Xuân","21.0049341190649, 105.804623848503"
42289035,28/02/2025,Cần tiền nhượng lại gấp căn hộ 2PN diện tích 74m2 ban công ĐN giá gốc đợt đầu không chênh,"7,3 tỷ",74 m²,"98,65 tr/m²",2,2,"Thanh Xuân Trung, Thanh Xuân","20.9978681792556, 105.80414908687"
41839303,28/02/2025,(Giá thật) chính chủ tôi bán căn tầng 16 Handiresco - 2Pn 2vs cơ bản 5.2 tỷ. Bán gấp! 0364 079 ***,"5,2 tỷ",71 m²,"73,24 tr/m²",2,2,"Nhân Chính, Thanh Xuân","21.0031330193772, 105.802295061627"
42289015,27/02/2025,Quỹ căn 2PN chung cư cao cấp Viha Complex Nguyễn Tuân,"7,66 tỷ",73 m²,"104,92 tr/m²",2,2,"Thanh Xuân Trung, Thanh Xuân","20.9977058871644, 105.803796333313"
42289095,27/02/2025,Chính chủ gửi bán cc Golden Land - 275 Nguyễn Trãi - 95m2 - chỉ 6.75 tỷ (TL nhẹ),"6,75 tỷ",95 m²,"71,05 tr/m²",3,2,"Thanh Xuân Trung, Thanh Xuân","20.9933825808297, 105.806897111724"
42288876,27/02/2025,"Bán căn hộ chung cư GoldSeason, giá tốt, 9,4 tỷ, 98,5 m2 tại Nguyễn Tuân, Thanh Xuân, Hà Nội","9,4 tỷ","98,5 m²","95,43 tr/m²",3,2,"Thanh Xuân Trung, Thanh Xuân","20.994536940408505, 105.80596218942016"
31132946,27/02/2025,Vợ chồng tôi cần bán nhanh căn góc 3PN 96.56m2 tầng 16 công ĐN tại CC 90 Nguyễn Tuân giá TL,"6,5 tỷ","96,56 m²","67,32 tr/m²",3,2,"Thanh Xuân Trung, Thanh Xuân","20.9962978363037, 105.805633544922"
31172427,27/02/2025,Chính chủ bán căn 2PN ban công ĐN tầng 15 chung cư 90 Nguyễn Tuân giá 5.5 tỷ. Liên hệ 0911 981 ***,"5,5 tỷ",77 m²,"71,43 tr/m²",2,2,"Thanh Xuân Trung, Thanh Xuân","20.9962978363037, 105.805633544922"
42288610,27/02/2025,VVIP! Bán căn góc DT 118m2 - Viha Leciva 107 Nguyễn Tuân - full nội thất - nhận nhà quý 3/2025,"12,82 tỷ",118 m²,"108,68 tr/m²",3,3,"Thanh Xuân Trung, Thanh Xuân","20.9975872039795, 105.803833007813"
41806891,27/02/2025,"Chính chủ bán CC Ban Cơ Yếu, chỉ 6,9 tỷ, 105m2. Full NT cao cấp. LH: 0343 202 ***","6,9 tỷ",105 m²,"65,71 tr/m²",3,2,"Nhân Chính, Thanh Xuân","21.00645654259492, 105.81230536704994"
42288292,27/02/2025,(Giúp Em)Vợ chồng em bán căn hộ 3Ngủ(117m2) Sakura- 47 Vũ Trọng Phụng.Sẵn sổ.Bao Thuế.Giá 7 tỷ 1,"7,1 tỷ",117 m²,"60,68 tr/m²",3,2,"Thanh Xuân Trung, Thanh Xuân","20.997968657351525, 105.80948599310555"
42283914,27/02/2025,"Vợ chồng cùng chuyển công tác, muốn nhượng lại căn hộ 3 ngủ ở Star Tower 83 Khương Trung","5,54 tỷ",87 m²,"63,68 tr/m²",3,2,"Khương Trung, Thanh Xuân","20.99666342982349, 105.81760077968354"
40658056,27/02/2025,Cập nhật quỹ căn bán tháng 3/2025 Gold Tower có sổ đỏ 275 Nguyễn Trãi. 0868 617 ***,"8,8 tỷ",141 m²,"62,41 tr/m²",3,2,"Thanh Xuân Trung, Thanh Xuân","20.993824, 105.80698"
42094819,27/02/2025,"Chính chủ bán căn góc 3PN, 2VC. DT: 134m2. Cửa TB ban công ĐN mát mẻ view tránh các cụ",Giá thỏa thuận,134 m²,N/A,3,2,"Nhân Chính, Thanh Xuân","20.9936204104677, 105.798305052907"
42287369,27/02/2025,Bán căn hộ 2pn tầng trung five star Kim Giang diện tích 70m2. Giá 5 tỷ,"4,9 tỷ",70 m²,70 tr/m²,2,2,"Hạ Đình, Thanh Xuân","20.986112574334605, 105.81225102018156"
42287030,27/02/2025,"Bán căn 2PN 2WC 86m2, tầng đẹp, view thoáng. Đủ nội thất, sổ đỏ chính chủ. Giá 6,5 tỷ Bohemia","6,5 tỷ",86 m²,"75,58 tr/m²",2,2,"Thanh Xuân Trung, Thanh Xuân","20.9971387879237, 105.803702002224"
42286841,27/02/2025,"Bán căn góc 3PN 2WC, ban công Đông Nam, tầng đẹp. Đủ nội thất, sẵn sổ đỏ. Giá 8,2 tỷ Ban Cơ Yếu","8,2 tỷ",125 m²,"65,6 tr/m²",3,2,"Nhân Chính, Thanh Xuân","20.9927497183888, 105.798084982148"
41966699,27/02/2025,"Bán sàn văn phòng chung cư Five Star số 2 Kim Giang sổ lâu dài, giá tốt, gửi xe rẻ 0941 729 ***","21,07 tỷ",439 m²,48 tr/m²,N/A,N/A,"Hạ Đình, Thanh Xuân","20.986746121864574, 105.81183875099597"
42287394,27/02/2025,"Nhà tập thể DT rộng, ô tô đỗ chân cầu thang - KV gần nhiều trường - chợ, ở sướng","3,15 tỷ",65 m²,"48,46 tr/m²",2,N/A,"Thanh Xuân Trung, Thanh Xuân","20.9881055979635, 105.800812471838"
42286710,27/02/2025,Chính chủ bán căn 3 ngủ 110m2 chung cư Gold Tower. Giá 8 tỷ - LH 0946 566 ***,8 tỷ,110 m²,"72,73 tr/m²",3,2,"Thanh Xuân Trung, Thanh Xuân","20.993571302458, 105.807491291144"
42286230,27/02/2025,"Độc nhất vô nhị, vài năm mới có 1 hộ sân vườn 400m2 tại Royal City bán với giá 39 tỷ",39 tỷ,400 m²,"97,5 tr/m²",N/A,N/A,"Thượng Đình, Thanh Xuân","21.003074383959152, 105.81585752750726"
40908317,27/02/2025,"VC em cần bán căn DT 70,8m, 2PN 2VS - full đồ nhà vừa sửa được 5th - giá từ 4.8 tỷ CC Five Star KG","4,8 tỷ","70,8 m²","67,8 tr/m²",2,2,"Hạ Đình, Thanh Xuân","20.9860000610352, 105.812187194824"
42285844,27/02/2025,"CCMN Cự Lộc - Royal City 60m2 x 2 ngủ x 1,98 tỷ - ban công rộng thoáng - PCCC đạt chuẩn - nhà mới","1,98 tỷ",60 m²,33 tr/m²,2,1,"Nhân Chính, Thanh Xuân","21.0000778524411, 105.814192120781"
42285584,27/02/2025,Bán căn hộ R4 hướng ban công Đông Nam - Tầng đẹp. View quảng trường - 0973 049 ***,Giá thỏa thuận,112 m²,N/A,2,N/A,"Thượng Đình, Thanh Xuân","21.0025241910445, 105.814841462015"
40837630,27/02/2025,Ngoại giao duy nhất căn hộ 2pn CC Viha Complex 107 Nguyễn Tuân,Giá thỏa thuận,79 m²,N/A,2,2,"Thanh Xuân Trung, Thanh Xuân","20.9976587304075, 105.803475961377"
41580092,27/02/2025,"Chính chủ bán căn hộ Gold Tower, 275 Nguyễn Tãi, DT 141m2, 3Pn 2VS, nội thất cơ bản, giá 9 tỷ.",9 tỷ,141 m²,"63,83 tr/m²",3,2,"Thanh Xuân Trung, Thanh Xuân","20.993824005126953, 105.80697631835938"
42285014,27/02/2025,"Nhà em bán căn hộ chung cư 2 pn toà nhà 51 Quan Nhân - DT 75m2 - 4,8 tỷ - LH 0988 246 *** xem nhà","4,8 tỷ",75 m²,64 tr/m²,2,2,"Nhân Chính, Thanh Xuân","21.006808846365, 105.812591309308"
42284962,27/02/2025,"Chính chủ bán căn hộ Rivera Park, Vũ Trọng Phụng, Thanh Xuân, DT 70m2, thiết kế 2PN 2VS, giá 6,4 tỷ","6,4 tỷ",70 m²,"91,43 tr/m²",2,2,"Thanh Xuân Trung, Thanh Xuân","20.9984203228535, 105.8087295646"
42284933,27/02/2025,"Chung cư mặt phố - Chính Kinh - Ô tô đỗ vô tư 55m2 x 2 ngủ x 1,65 tỷ (nhà đẹp như ảnh)","1,65 tỷ",55 m²,30 tr/m²,2,1,"Thanh Xuân Trung, Thanh Xuân","20.999094307934, 105.811382274084"
42284641,27/02/2025,"Bán CC tại Hoàng Đạo Thành, 5,6 tỷ, 74m2, 2PN, 1WC, pháp lý đầy đủ","5,6 tỷ",74 m²,"75,68 tr/m²",2,1,"Nhân Chính, Thanh Xuân","20.9828112905207, 105.812514154198"
42071209,27/02/2025,"Bán căn hộ chung cư tại Royal City, 12 tỷ, 135 m2, 3PN, 3WC, đầy đủ nội thất cao cap",12 tỷ,135 m²,"88,89 tr/m²",3,3,"Thượng Đình, Thanh Xuân","21.0015924034644, 105.815714735345"
41607999,27/02/2025,"Bán gấp căn 2 pn - 65m2 - Handi Resco - 31 Lê Văn Lương - có slot ô tô, giá thương lượng","5,2 tỷ",65 m²,80 tr/m²,2,2,"Nhân Chính, Thanh Xuân","21.00364, 105.80298"
41760962,27/02/2025,"Bán căn góc 128,3m2 chung cư Times Tower - 35 Lê Văn Lương, có slot ô tô, giá thương lượng","8,98 tỷ","128,3 m²",70 tr/m²,3,2,"Nhân Chính, Thanh Xuân","21.002634, 105.80156"
42284433,27/02/2025,"Chung cư mini Phố Vương Thừa Vũ - Thanh Xuân 39m2 x 1,28 tỷ (nhà mới đẹp về ở luôn) bảo vệ 24/24h","1,28 tỷ",39 m²,"32,82 tr/m²",1,1,"Khương Trung, Thanh Xuân","20.9976010790289, 105.822042239382"
42284422,27/02/2025,Bán căn hộ cao cấp The Diamond Lê Văn Lương - 105m - 2ngủ - 2VS - 11tỷ - full nội thất xịn sò,11 tỷ,105 m²,"104,76 tr/m²",2,2,"Nhân Chính, Thanh Xuân","21.005391801243608, 105.80581042146756"
42275394,27/02/2025,"CCMN Khương Đình - Thanh Xuân 55m2 x 2 ngủ x 1,63 tỷ ( nói không tin ảo ) tặng fun đồ như ảnh.","1,63 tỷ",55 m²,"29,64 tr/m²",2,1,"Khương Đình, Thanh Xuân","20.9913794518967, 105.813023958245"
42284271,27/02/2025,"CCMN Quan Nhân - Thanh Xuân 38m2 x 1,15 tỷ (nhà đẹp như ảnh) ở Tầng 6 tòa nhà 8 tầng","1,15 tỷ",38 m²,"30,26 tr/m²",1,1,"Nhân Chính, Thanh Xuân","21.0035629385074, 105.810677098304"
42283342,27/02/2025,"Căn hộ đẹp nhất 33 Lê Văn Lương tầng 9, 10, 16 giá tốt nhất!",Giá thỏa thuận,70 m²,N/A,2,N/A,"Nhân Chính, Thanh Xuân","21.003261599133126, 105.80194093631123"
42283774,27/02/2025,"Bán CC Royal City, Nguyễn Trãi, Thanh Xuân, giá thỏa thuận, 180m2, sổ đỏ, LH 0934 538 ***",Giá thỏa thuận,180 m²,N/A,4,3,"Thượng Đình, Thanh Xuân","21.00320175910096, 105.8152215397317"
42283001,27/02/2025,"Bán CC Hapulico Complex, 7,4 tỷ, 110m2, 3PN, 2WC nhà đẹp LH 0977 506 ***","7,4 tỷ",110 m²,"67,27 tr/m²",3,2,"Thanh Xuân Trung, Thanh Xuân","21.0002727069804, 105.80717273756852"
42283062,27/02/2025,Bán căn hộ 2 phòng ngủ - 112m2 view thoáng toà R4 tầng 10 - 0973 049 ***,Giá thỏa thuận,112 m²,N/A,2,N/A,"Thượng Đình, Thanh Xuân","21.003350156689166, 105.81506883454057"
42016888,27/02/2025,"Bán căn studio view hồ chung cư TNT Tower, DT 28m2 giá 1,9 tỷ bao phí","1,9 tỷ",28 m²,"67,86 tr/m²",N/A,N/A,"Nhân Chính, Thanh Xuân","21.0005710965968, 105.79345749361"
42282613,27/02/2025,"Dinh thự trên cao 202m2 4PN 4VS + 1 đa năng siêu VIP duy nhất 1 căn căn góc 3 mặt thoáng, view đẹp","21,5 tỷ",202 m²,"106,44 tr/m²",4,4,"Nhân Chính, Thanh Xuân","21.005184820484722, 105.80492252526491"
42094826,27/02/2025,"Chính chủ cần bán căn hộ chung cư 90 Nguyễn Tuân 72m2, 2 ngủ, full giá 5.6 tỷ","5,6 tỷ",72 m²,"77,78 tr/m²",2,2,"Thanh Xuân Trung, Thanh Xuân","20.99667545627256, 105.80625325651658"
42282290,27/02/2025,"Bán nhanh căn 4PN 152m2 quỹ ngoại giao, tầng trung đẹp, giá tốt, vào tên trực tiếp","15,8 tỷ",152 m²,"103,95 tr/m²",4,3,"Nhân Chính, Thanh Xuân","21.004952615054467, 105.8043569055465"
41715759,27/02/2025,Bán căn 94m2 dự án Pandora Triều Khúc giá 6tỷ nhỏ xinh,6 tỷ,94 m²,"63,83 tr/m²",2,2,"Thanh Xuân Bắc, Thanh Xuân","20.985971, 105.79834"
42281766,27/02/2025,"Bán gấp căn hộ 3PN, 145m2 đơn giá chỉ 80tr/m2, Full nội thất, nhận nhà ngay. Lh: 0966 765 ***","11,5 tỷ",145 m²,"79,31 tr/m²",3,2,"Thượng Đình, Thanh Xuân","21.002652791832773, 105.81530395276722"
42281706,27/02/2025,Chung cư 206m2 143 Hạ Đình sau chung cư Hoàng huy,"8,3 tỷ",206 m²,"40,29 tr/m²",N/A,N/A,"Thanh Xuân Trung, Thanh Xuân","20.9915640050645, 105.809369786558"
31207544,27/02/2025,"Chính chủ bán căn 2 ngủ, 2 VS, 94m2 và 112m2 tòa Golden Land 275 Nguyễn Trãi, Thanh Xuân, HN",Giá thỏa thuận,94 m²,N/A,2,2,"Thanh Xuân Trung, Thanh Xuân","20.993486, 105.80691"
41759974,27/02/2025,Bán nhanh căn 70m2 toà B dự án Rivera Park giá hơn 6 tỷ bé thiện chí thương lượng,6 tỷ,70 m²,"85,71 tr/m²",2,2,"Thanh Xuân Trung, Thanh Xuân","20.999119, 105.80844"
42281638,27/02/2025,"Bán CC Royal City, Nguyễn Trãi, Thượng Đình, Thanh Xuân, Hà Nội, 16 tỷ, 152m2 chỉ với giá tốt",16 tỷ,152 m²,"105,26 tr/m²",3,2,"Thượng Đình, Thanh Xuân","21.002589138105133, 105.81535258514018"
42281294,27/02/2025,BÁN CĂN HỘ CHUNG CƯ HANDICO 33 LÊ VĂN LƯƠNG,"5,95 tỷ",70 m²,85 tr/m²,2,1,"Nhân Chính, Thanh Xuân","21.0034000960229, 105.80247585084128"
42281288,27/02/2025,Chính chủ bán căn hộ chung cư Ban Cơ Yếu Chính Phủ Lê Lương 68m 2 phòng ngủ full 5 tỷ,5 tỷ,68 m²,"73,53 tr/m²",2,2,"Nhân Chính, Thanh Xuân","20.993965082446422, 105.79768533602113"
42281161,27/02/2025,VIP! Bán căn góc DT 118m2 - Viha Leciva 107 Nguyễn Tuân - full nội thất - nhận nhà ngay năm 2025!,"12,82 tỷ",118 m²,"108,68 tr/m²",3,3,"Thanh Xuân Trung, Thanh Xuân","20.9975872039795, 105.803833007813"
42281091,27/02/2025,"Cần bán căn Five Star Kim Giang Hạ Đình Thanh Xuân DT 72,72m2 2PN 2WC giá 4,9 tỷ LH 0394 260 ***","4,9 tỷ","72,72 m²","67,38 tr/m²",2,2,"Hạ Đình, Thanh Xuân","20.986448910332562, 105.81193116464078"
42280561,27/02/2025,"RẺ VÀ ĐẸP ! Bán căn hộ 62m2 tòa N4 Lê Văn Lương , KDDT trung Hòa Nhân Chính , LH-0944 956 ***",4 tỷ,62 m²,"64,52 tr/m²",2,2,"Nhân Chính, Thanh Xuân","21.0040870742881, 105.802902480119"
42280526,27/02/2025,"Bán căn hộ Riverside Garden, 349 Vũ Tông Phan, Thanh Xuân. DT 83m, 3PN, 2WC, Full nt giá 6,05 tỷ","6,05 tỷ",83 m²,"72,89 tr/m²",3,2,"Khương Đình, Thanh Xuân","20.99034859066971, 105.81405062093215"
42280528,27/02/2025,"Cần bán căn Star Tower 283 Khương Trung Thanh Xuân DT 87m2 3PN 2WC giá 5,5tỷ LH 0394 260 ***","5,5 tỷ",87 m²,"63,22 tr/m²",3,2,"Khương Trung, Thanh Xuân","20.996323298143302, 105.81750752873822"
41736229,27/02/2025,"Vợ chồng em bán căn hộ 2 phòng ngủ Rivera Park - DT 72m2 - full đồ đẹp giá 5,9 tỷ - LH 0988 246 ***","5,9 tỷ",72 m²,"81,94 tr/m²",2,2,"Thanh Xuân Trung, Thanh Xuân","20.99911880493164, 105.80844116210938"
42280327,27/02/2025,"Cần bán căn hộ 349 Vũ Tông Phan - Thanh Xuân - DT 83m2 - 3PN - 2WC - giá 6,1 tỷ - LH 0394 260 ***","6,1 tỷ",83 m²,"73,49 tr/m²",3,2,"Khương Đình, Thanh Xuân","20.991369728222, 105.81438962295134"
42157923,27/02/2025,"Bán CHCC đẹp, 3PN, 2WC tại Licogi 13 Tower, 5,65 tỷ, 91m2, Thanh Xuân, Hà Nội","5,65 tỷ",91 m²,"62,09 tr/m²",3,2,"Nhân Chính, Thanh Xuân","20.9991851529688, 105.798167262714"
42274550,27/02/2025,"Hàng hiếm tại Golden Land, Nguyễn Trãi, Thanh Xuân, Penthouse 269m2, 4 phòng ngủ full NT giá 26 tỷ",26 tỷ,269 m²,"96,65 tr/m²",4,3,"Thanh Xuân Trung, Thanh Xuân","20.99348716632125, 105.80683691538064"
42045317,27/02/2025,"Tôi cần bán chung cư 96 Định Công căn góc 131m2, 3 phòng ngủ, 2 vs nhỉnh 5 tỷ","5,3 tỷ",131 m²,"40,46 tr/m²",3,2,"Phương Liệt, Thanh Xuân","20.9847316382632, 105.838697994607"
42278837,27/02/2025,"Bán căn hộ chung Cienco1 Hoàng Đạo Thúy, Thanh Xuân, siêu đẹp, 155m2, 9,4 tỷ","9,4 tỷ",155 m²,"60,64 tr/m²",5,5,"Nhân Chính, Thanh Xuân","21.0048501561421, 105.80671868432"
41718097,27/02/2025,"Căn hộ dành riêng cho khách đầu tư giá tốt nhất thời điểm hiện tại. 130m2. Tầng trung, căn góc. 3Pn","9,1 tỷ",130 m²,70 tr/m²,3,2,"Thanh Xuân Trung, Thanh Xuân","20.993824005126953, 105.80697631835938"
42279156,26/02/2025,"1,65 tỷ cho Căn Chung cư Mini 2ngủ có Sổ Hồng Đồng Sở Hữu","1,65 tỷ",50 m²,33 tr/m²,2,1,"Khương Trung, Thanh Xuân","20.9955173863117, 105.817343575066"
42096310,26/02/2025,Bán cc mini 2 phòng ngủ nội thất đẹp long lanh chỉ 1.7 tỷ TT Thanh Xuân,"1,7 tỷ",50 m²,34 tr/m²,2,1,"Hạ Đình, Thanh Xuân","20.9871743038261, 105.806589603414"
42278711,26/02/2025,Bán căn hộ 2pn vuông vắn toà R3 - tầng 15 - 0973 049 ***,Giá thỏa thuận,112 m²,N/A,2,N/A,"Thượng Đình, Thanh Xuân","21.002910464274578, 105.81592376779894"
42276410,26/02/2025,Cần bán căn hộ star tower - 283 khương trung - thanh xuân - liên hệ: 0886 896 ***,"5,5 tỷ",87 m²,"63,22 tr/m²",3,2,"Khương Trung, Thanh Xuân","20.996378651432718, 105.81854595388472"
40344138,26/02/2025,Em Huy PKD chủ đầu tư bán gấp căn 120m2 giá tốt nhất BRG 25 LVL vị trí vàng gần trường Amsterdam,"11,8 tỷ",120 m²,"98,33 tr/m²",3,2,"Nhân Chính, Thanh Xuân","21.0052261352539, 105.805061340332"
42277763,26/02/2025,"CHỈ VỚI HƠN 10 TỶ SỞ HỮU NGAY CĂN HỘ 3PN RỘNG 120M2 VIEW ĐẸP TẠI GOLDEN PALM, GIÁ TỐT NHẤT TT BĐS",10 tỷ,120 m²,"83,33 tr/m²",N/A,N/A,"Nhân Chính, Thanh Xuân","21.005474261442238, 105.80754532752154"
42265510,26/02/2025,"Bán gấp căn hộ 3PN, 2WC, 100m2 tại Five Star Kim Giang, giá 7 tỷ VND",7 tỷ,100 m²,70 tr/m²,3,2,"Hạ Đình, Thanh Xuân","20.986364039582096, 105.81165090981239"
42276897,26/02/2025,Bán chung cư Videc riverside 349 vũ tông phan,"6,1 tỷ","85,7 m²","71,18 tr/m²",3,2,"Khương Đình, Thanh Xuân","20.99128170284568, 105.81456168520582"
42276842,26/02/2025,"Bán căn hộ cao cấp giá tốt tại Riverside Garden 349 Vũ Tông Phan 82,2m2 3PN - 2VS full nội thất","5,9 tỷ","82,2 m²","71,78 tr/m²",2,2,"Khương Đình, Thanh Xuân","20.9910362372689, 105.814234620703"
41733196,26/02/2025,Chính chủ bán căn góc phòng 908 toà Hà Nội Center Point 3 pn nội thất mới đẹp giá hơn 7tỷ,Giá thỏa thuận,80 m²,N/A,3,2,"Nhân Chính, Thanh Xuân","21.004818, 105.80467"
41613996,26/02/2025,Chính bán căn 2311 toà Hei Tower 104m2 3 phòng ngủ nội thất đẹp giá hơn 7 tỷ,Giá thỏa thuận,104 m²,N/A,3,2,"Nhân Chính, Thanh Xuân","21.003246, 105.80506"
41957636,26/02/2025,"Bán gấp căn hộ chung cư Royal City, 72 Nguyễn Trãi, Thanh Xuân Hà Nội, DT 133m 4 phòng ngủ. Full đồ","12,5 tỷ",133 m²,"93,98 tr/m²",4,N/A,"Thượng Đình, Thanh Xuân","21.002578257231825, 105.81554869653748"
41930872,26/02/2025,Cần bán căn ngoại giao 74.5m2 dự án Handico Complex 33 Lê Văn Lương,6 tỷ,"74,5 m²","80,54 tr/m²",2,2,"Nhân Chính, Thanh Xuân","21.0034620050724, 105.802424078673"
42276232,26/02/2025,"bán nhanh CH 2Pn, tầng trung đủ đồ , thoáng , giá 4.7x tỷ CC Golden West - lê Văn Thiêm -Thanh Xuân","4,8 tỷ","75,5 m²","63,58 tr/m²",2,2,"Nhân Chính, Thanh Xuân","20.99424038193262, 105.797943204382"
13063549,26/02/2025,"Bán căn hộ tầng 3 khu D ngõ 7 Khuất Duy Tiến, Thanh Xuân Bắc, 80 m2, SĐCC, giá: 3,3 tỷ","3,3 tỷ",80 m²,"41,25 tr/m²",3,2,"Thanh Xuân Bắc, Thanh Xuân","20.9942076, 105.8007807"
41931553,26/02/2025,"Chính chủ bán gấp căn hộ CC 3PN, 2WC, 98m2 tại Star Tower 283 Khương Trung, chỉ với 5.8tỷ","5,7 tỷ",98 m²,"58,16 tr/m²",3,2,"Khương Trung, Thanh Xuân","20.996830211508, 105.818147011827"
41972818,26/02/2025,Chính chủ cần bán căn 2 ngủ 90m2 tại Mỹ Sơn Tower,"3,5 tỷ",90 m²,"38,89 tr/m²",2,N/A,"Thanh Xuân Trung, Thanh Xuân","20.9995023618353, 105.807422058484"
37842578,26/02/2025,"Tôi cần bán căn 120m2, 3 PN, 2 vệ sinh, tòa 24T Hapulico Complex giá 6,5 tỷ LH 0977 506 ***","6,5 tỷ",120 m²,"54,17 tr/m²",3,2,"Thanh Xuân Trung, Thanh Xuân","21.00048828125, 105.807159423828"
42177651,26/02/2025,"Chỉ một căn duy nhất Pandora 53 Triều Khúc, 83m2, 2PN, 2WC, giá siêu hời! Trục ĐẸP master rộng!",6 tỷ,83 m²,"72,29 tr/m²",2,2,"Thanh Xuân Bắc, Thanh Xuân","20.985910137333388, 105.79814836622249"
42275594,26/02/2025,Nhượng suất ngoại giao CH Duplex 145m2 chung cư cao cấp trung tâm quận Thanh Xuân,Giá thỏa thuận,145 m²,N/A,4,3,"Thanh Xuân Trung, Thanh Xuân","20.9978681792556, 105.80414908687"
41490654,26/02/2025,(Tin mới) tôi cần bán DT 74m2 2PN 2VS BC Đông nhà full cơ bản sổ đỏ cầm tay giá 4.7 tỷ cc Five Star,"4,7 tỷ",72 m²,"65,28 tr/m²",2,2,"Hạ Đình, Thanh Xuân","20.986000061035156, 105.81218719482422"
42275193,26/02/2025,Do gia đình chuyển công tác nên có nhu cầu bán nhà tập thể phố Ngụy Như Kon Tum,"2,3 tỷ",45 m²,"51,11 tr/m²",1,1,"Nhân Chính, Thanh Xuân","20.9990382997448, 105.800731355936"
42275151,26/02/2025,BÁN CĂN HỘ CHUNG CƯ 70M HANDICO 33 LÊ VĂN LƯƠNG,"6,02 tỷ",70 m²,86 tr/m²,2,2,"Nhân Chính, Thanh Xuân","21.003567160184268, 105.80265302086191"
41762641,26/02/2025,"Chính chủ bán căn hoa hậu của dự án, 122m2 tầng trung, căn góc, full nội thất. 3PN+1 đa năng- 2VS","8,72 tỷ",122 m²,"71,51 tr/m²",3,2,"Nhân Chính, Thanh Xuân","21.006311416625977, 105.80747985839844"
41712970,26/02/2025,"Chính chủ bán nhanh căn 2 pn 75,4m2. Tầng cao, full nội thất. Sổ đỏ. Có slot ô tô. Cửa TN - ĐB","6,1 tỷ","75,4 m²","80,9 tr/m²",2,2,"Thanh Xuân Trung, Thanh Xuân","20.997276306152344, 105.80298614501953"
41762634,26/02/2025,"Chính chủ bán siêu phẩm 160m2 (2 căn đập thông). 4PN - 3VS. Tầng trung, căn góc, full nội thất",15 tỷ,160 m²,"93,75 tr/m²",4,3,"Thanh Xuân Trung, Thanh Xuân","20.99911880493164, 105.80844116210938"
41762632,26/02/2025,"Chính chủ bán căn góc hoa hậu 93m2, tầng thấp, ban công ĐN, full nội thất. 3Pn-2Vs. Sẵn sổ",8 tỷ,93 m²,"86,02 tr/m²",3,2,"Thanh Xuân Trung, Thanh Xuân","20.99911880493164, 105.80844116210938"
41872137,26/02/2025,"Chính chủ bán siêu biệt thự trên cao 186,5m2. Tầng trung, căn góc, ban công ĐN. 4Pn - 3vs",20 tỷ,"186,5 m²","107,24 tr/m²",4,3,"Nhân Chính, Thanh Xuân","21.0045643176012, 105.804029032616"
41872156,26/02/2025,"Siêu phẩm 3 pn 85,5m2 tầng trung, căn góc, full nội thất. Sẵn sổ. Đỉnh nóc kịch trần bay phấp phơi","7,8 tỷ","85,5 m²","91,23 tr/m²",3,2,"Nhân Chính, Thanh Xuân","21.0046101827942, 105.804404616665"
41872148,26/02/2025,"Chính chủ bán căn 73m2 rẻ nhất dự án, 2Pn - 2Vs tầng trung, full nội thất","6,5 tỷ",73 m²,"89,04 tr/m²",2,2,"Nhân Chính, Thanh Xuân","21.0045098857224, 105.804943247542"
41762636,26/02/2025,"Chính chủ bán căn 84m2 rẻ nhất thời điểm hiện tại. Tầng trung, ban công ĐN full nội thất. 2Pn-2Vs","6,6 tỷ",84 m²,"78,57 tr/m²",2,2,"Nhân Chính, Thanh Xuân","21.006311416625977, 105.80747985839844"
41717503,26/02/2025,"Chính chủ bán hộ 4Pn 166m2 giá tốt nhất thị trường. Tầng thấp, căn góc, đồ cơ bản, full nội thất","8,5 tỷ",166 m²,"51,2 tr/m²",3,2,"Thanh Xuân Trung, Thanh Xuân","20.993486404418945, 105.8069076538086"
40115885,26/02/2025,"Chính chủ gửi bán căn hộ 2 ngủ - 83m2 CC Sapphire Palace. Full nội thất. Giá 5,5 tỷ.LH 0961 270 ***","5,5 tỷ",83 m²,"66,26 tr/m²",2,2,"Thanh Xuân Trung, Thanh Xuân","20.998709, 105.81198"
42274962,26/02/2025,"Hoàng 3333 giá thật. Bán căn hộ 3PN, 2WC, 110m2 tại Imperia Garden, ban công Đông Bắc, full đồ đẹp",11 tỷ,110 m²,100 tr/m²,3,2,"Thanh Xuân Trung, Thanh Xuân","20.99665175183645, 105.80334474803718"
34094422,26/02/2025,"Chính chủ cần bán căn 10 tòa A tầng 18, The Legend, tôi làm rất đẹp, diện tích 110m2, 3PN, 2WC","8,5 tỷ",110 m²,"77,27 tr/m²",3,2,"Nhân Chính, Thanh Xuân","20.9985160827637, 105.803161621094"
42274903,26/02/2025,"Bán căn hộ tầng đẹp toà R3 - view nội khu, khuôn viên. - 0973 049 ***",Giá thỏa thuận,112 m²,N/A,N/A,N/A,"Thượng Đình, Thanh Xuân","21.00287667384881, 105.81511345718978"
42274668,26/02/2025,"Gia đình bán căn hộ tại Pandora Triều Khúc 80m2 2 phòng ngủ, đồ cơ bản, ban công Tây Nam, sổ đỏ",6 tỷ,80 m²,75 tr/m²,2,2,"Thanh Xuân Bắc, Thanh Xuân","20.986059396184555, 105.79829425014316"
42274859,26/02/2025,"Bán căn hộ chung cư 2PN 2WC giá cực chất tại Handi Resco Lê Văn Lương, 5,45 tỷ, 71m2","5,45 tỷ",71 m²,"76,76 tr/m²",2,2,"Nhân Chính, Thanh Xuân","21.00378156001431, 105.80261970637555"
41755874,26/02/2025,"Chính chủ bán căn 93,2m2. Tầng thấp, căn góc, full nội thất, 3PN - 2VS. Cửa TN ban công ĐB","7,35 tỷ","93,2 m²","78,86 tr/m²",3,2,"Thanh Xuân Trung, Thanh Xuân","20.998046875, 105.80354309082031"
41717725,26/02/2025,"Chính chủ bán căn 3pn + 1 - 2wc, 146,5m2. Tầng thấp, đồ cơ bản giá tốt nhất thị trường, cửa ĐN","8,29 tỷ","146,5 m²","56,59 tr/m²",4,3,"Thanh Xuân Trung, Thanh Xuân","20.993486, 105.80691"
42274603,26/02/2025,"Hoàng 3333 Giá Thật. Bán CH 115m2, 2N - 2WC, Royal City, Full đồ, Ban công Đông Bắc,uy tín giá tốt","10,6 tỷ",115 m²,"92,17 tr/m²",2,2,"Thượng Đình, Thanh Xuân","21.00271049980556, 105.8153467254248"
37774953,26/02/2025,"Quỹ căn chuyển nhượng dự án Harmony Square. Căn 2PN 75m2 từ 4,7 - 5,2 tỷ, 3PN 91m2 từ 6 - 6,9 tỷ",5 tỷ,75 m²,"66,67 tr/m²",2,N/A,"Nhân Chính, Thanh Xuân","20.9998512268066, 105.801368713379"
42274488,26/02/2025,"Hoàng 3333 Giá Thật. Bán CH 90m2, 2PN - 2WC, pháp lý đầy đủ, tại 54 Hạ Đình, Full đồ, ban công rộng","4,6 tỷ",90 m²,"51,11 tr/m²",2,2,"Thanh Xuân Trung, Thanh Xuân","20.993197823632965, 105.79829739025686"
42274332,26/02/2025,Chính chủ cần bán nhà Thanh Xuân Bắc 2 phòng ngủ 2vs giá nhỉnh 2 tỷ đồng,Giá thỏa thuận,60 m²,N/A,2,1,"Thanh Xuân Bắc, Thanh Xuân","20.9934918437901, 105.797895241276"
42274391,26/02/2025,Bán căn góc DT 118m2 - Viha Leciva 107 Nguyễn Tuân - full nội thất - nhận nhà ngay năm 2025!,"12,82 tỷ",118 m²,"108,68 tr/m²",3,3,"Thanh Xuân Trung, Thanh Xuân","20.9975872039795, 105.803833007813"
42273944,26/02/2025,Bán căn hộ tại Thanh Xuân Trung 71m2 giá 4.x tỷ. Liên hệ 0918 999 ***,"4,97 tỷ",71 m²,70 tr/m²,2,2,"Thanh Xuân Bắc, Thanh Xuân","20.996496106663, 105.802768002897"
42174136,26/02/2025,"Bán CC mini 43m2 tại Nguyễn Trãi, 9,15 tỷ, giá tốt. Cách phố 50m đường trước nhà ô tô nhà lô góc","9,15 tỷ",43 m²,"212,79 tr/m²",N/A,N/A,"Thượng Đình, Thanh Xuân","20.9877171163482, 105.800639164662"
40840623,26/02/2025,Chính chủ cần bán căn hộ vip 201m2 tầng cao view đẹp không che chắn tại dự án BRG Diamond Residence,"22,5 tỷ",201 m²,"111,94 tr/m²",4,3,"Nhân Chính, Thanh Xuân","21.005226, 105.80506"
40768990,26/02/2025,Chính chủ nhượng lại CH góc 161m2 tầng cao view đẹp thoáng dự án BRG Diamond Residence,15 tỷ,161 m²,"93,17 tr/m²",4,3,"Nhân Chính, Thanh Xuân","21.0052261352539, 105.805061340332"
41974209,26/02/2025,Chính chủ bán căn hộ 3PN 105m2 full đồ dự án BRG Diamond Lê Văn Lương - Thanh Xuân tầng trung đẹp,Giá thỏa thuận,105 m²,N/A,3,2,"Nhân Chính, Thanh Xuân","21.00529170196, 105.804897902077"
42274024,26/02/2025,BÁN CĂN HỘ CAO CẤP LÊ VĂN LƯƠNG - 105M - NỘI THẤT ĐỈNH - 3 NGỦ RỘNG - Ở NGAY!,"11,2 tỷ",105 m²,"106,67 tr/m²",3,2,"Nhân Chính, Thanh Xuân","21.004916439464388, 105.80245177958095"
42273357,26/02/2025,CHỦ NHÀ GỬI BÁN CĂN HỘ GOLD LAND 275 NGUYỄN TRÃI - LÔ GÓC 166M2 - 3NGỦ - 2 WC - 9.89 TỶ,"9,89 tỷ",166 m²,"59,58 tr/m²",3,3,"Thanh Xuân Trung, Thanh Xuân","20.993383770659523, 105.80625362714446"
42272408,26/02/2025,"Bán Gấp căn hộ Việt Đức Complex Lê Văn Lương, Nhân Chính 137m2, 3 ngủ 2wc giá chỉ hơn 8 tỉ",Giá thỏa thuận,137 m²,N/A,3,2,"Nhân Chính, Thanh Xuân","20.99906969701298, 105.79940698492688"
42271682,26/02/2025,"Tôi chính chủ cần bán căn 92m2,3 ngủ chung cư Stellar Garden, giá 5,5 tỷ full nội thất","5,5 tỷ",92 m²,"59,78 tr/m²",3,2,"Thanh Xuân Trung, Thanh Xuân","20.999151971688104, 105.8037403200102"
40463102,26/02/2025,Bán căn hộ Khuất Duy Tiến full nội thất 3 phòng ngủ giá nhỉnh 5 tỷ,"5,5 tỷ",90 m²,"61,11 tr/m²",3,2,"Thanh Xuân Trung, Thanh Xuân","20.9937318, 105.8012822"
42271938,26/02/2025,"Bán căn hộ chung cư Licogi 13 Tower, 6 tỷ VND, 105 m2, chính chủ giá siêu hời",6 tỷ,105 m²,"57,14 tr/m²",N/A,N/A,"Nhân Chính, Thanh Xuân","20.999355955890607, 105.79811184164215"
41652964,26/02/2025,"Bán căn 2pn tầng đẹp chung cư Harmony giá bán 5,3 tỷ bao phí sang tên LH: 0971 288 ***","5,3 tỷ",75 m²,"70,67 tr/m²",2,2,"Nhân Chính, Thanh Xuân","20.9998512268066, 105.801368713379"
39939749,26/02/2025,Bán căn 2 ngủ Rivera Park Vũ Trọng Phụng có sổ nhỉnh 6 tỷ,Giá thỏa thuận,71 m²,N/A,2,2,"Thanh Xuân Trung, Thanh Xuân","20.9991188049316, 105.808441162109"
42271924,26/02/2025,Rẻ nhất KV rồi bán căn hộ Licogi 13 Khuất Duy Tiến 102m2 3PN 2 Wc liên hệ 0914 997 *** để đc tư vấn,"5,5 tỷ",102 m²,"53,92 tr/m²",3,2,"Nhân Chính, Thanh Xuân","20.9990300755444, 105.797856110909"
42271124,26/02/2025,Bán căn sân vườn 400m2 tại Royal City Nguyễn Trãi,39 tỷ,400 m²,"97,5 tr/m²",3,2,"Thượng Đình, Thanh Xuân","21.002005670919768, 105.81571371389433"
38919687,26/02/2025,Nguyễn Huy Tưởng Thanh Xuân full nội thất 3 phòng ngủ căn góc giá hơn 6 tỷ,"6,2 tỷ",90 m²,"68,89 tr/m²",3,2,"Thanh Xuân Bắc, Thanh Xuân","20.9963245391846, 105.802665710449"
39762428,26/02/2025,Bán căn hộ BC Đông Nam Gold Season 47 Nguyễn Tuân 76 m2 hơn 5 tỷ toà FS,"5,2 tỷ",76 m²,"68,42 tr/m²",3,2,"Thanh Xuân Trung, Thanh Xuân","20.994772, 105.80613"
38712456,26/02/2025,Bán căn góc Vũ Trọng Phụng 100 m2 có sổ nhà mới 100%,"6,9 tỷ",100 m²,69 tr/m²,3,2,"Thanh Xuân Trung, Thanh Xuân","20.9976119995117, 105.809326171875"
42259989,26/02/2025,"Chung cư Lê Văn Lương, 75m2, 2 ngủ, 2 vs, sổ hồng lâu dài","6,33 tỷ",75 m²,"84,43 tr/m²",2,2,"Nhân Chính, Thanh Xuân","21.003313729648358, 105.80241201990218"
41563794,26/02/2025,Cần bán gấp căn hộ Artemis 94.2m2 3 ngủ 2 wc căn góc xem nhà 24/7,9 tỷ,"94,2 m²","95,54 tr/m²",3,3,"Khương Mai, Thanh Xuân","20.9997215270996, 105.828330993652"
42271181,26/02/2025,"Cần bán căn hộ Golden Land - Nguyễn Trãi - Thanh Xuân -DT133m2 - 3PN - 2WC - giá 8,4 LH: 0394 260 ***","8,4 tỷ",133 m²,"63,16 tr/m²",3,2,"Thanh Xuân Trung, Thanh Xuân","20.993078566571594, 105.80622503584159"
41154155,26/02/2025,"Căn hộ chung cư giá 4.5 tỷ VND tại Định Công, Thanh Xuân","4,5 tỷ",90 m²,50 tr/m²,3,2,"Phương Liệt, Thanh Xuân","20.9848670959473, 105.838645935059"
42165124,26/02/2025,Bán căn hộ mini nguyễn trãi- cự lộc 2pn,Giá thỏa thuận,52 m²,N/A,2,1,"Thượng Đình, Thanh Xuân","20.9875968216243, 105.80039636329"
42261233,26/02/2025,"Bán Căn hộ Times Tower 35 Lê Văn Lương, 107m2, 3 ngủ 2wc giá chỉ hơn 7 tỉ",Giá thỏa thuận,107 m²,N/A,3,2,"Nhân Chính, Thanh Xuân","21.002690193646977, 105.80081265497756"
42261703,26/02/2025,"Bán Gấp căn hộ Việt Đức Complex Lê Văn Lương, Nhân Chính 79m2, 2 ngủ 2wc giá chỉ hơn 4 tỉ",Giá thỏa thuận,79 m²,N/A,2,2,"Nhân Chính, Thanh Xuân","20.99906969701298, 105.79940698492688"
42270298,26/02/2025,"Bán căn hộ 2PN, 2WC,70m2 tại Five Star Kim Giang, giá 4.9 tỷ VND","4,9 tỷ",70 m²,70 tr/m²,2,2,"Hạ Đình, Thanh Xuân","20.9859506206553, 105.812132300844"
42270344,26/02/2025,"Cần bán căn hộ Imperia Garden - Thanh Xuân - DT110m2 - 3PN - 2WC - giá 10,8 tỷ LH : 0394 260 ***","10,8 tỷ",110 m²,"98,18 tr/m²",3,2,"Thanh Xuân Trung, Thanh Xuân","20.9971518096639, 105.80261996155221"
42238594,26/02/2025,"Chủ nhà giảm giá shock căn hộ Licogi 13. DT 102m2 3 ngủ 2wc, full nội thất, giá 6 tỷ",6 tỷ,102 m²,"58,82 tr/m²",3,2,"Nhân Chính, Thanh Xuân","20.998772788422343, 105.79780494085985"
42270095,26/02/2025,"Cần nhượng lại căn hộ DA Handico 33 Lê Văn Lương, DT 96,1m, tầng trung, lô góc, giá 7,88 tỷ có TL","7,88 tỷ","96,1 m²",82 tr/m²,3,2,"Nhân Chính, Thanh Xuân","21.003302999600674, 105.80260498797999"
42267959,26/02/2025,"Bán căn 2pn toà R4 Royal City - 72 Nguyễn Trãi, Thanh Xuân","9,6 tỷ",115 m²,"83,48 tr/m²",2,2,"Thượng Đình, Thanh Xuân","21.0026692099092, 105.815467420519"
42214785,26/02/2025,Chính chủ bán căn hộ 3 phòng ngủ tòa Hei Tower Ngụy Như Kon Tum,"11,5 tỷ",176 m²,"65,34 tr/m²",3,2,"Nhân Chính, Thanh Xuân","21.0031834225119, 105.804921145743"
42269454,26/02/2025,"94 TR/M2 CẦN TIỀN BÁN GẤP CĂN 3 NGỦ 3WC 97M2 TÒA VIP 107 NGUYỄN TUÂN .SLOT OTO, SỔ ĐỎ VV","9,02 tỷ",97 m²,93 tr/m²,3,2,"Thanh Xuân Trung, Thanh Xuân","20.997647695689874, 105.80344039612923"
40741971,25/02/2025,"Giá thật, 75m2, BC mát mẻ, full NT, chỉ 5,1 tỷ. Tầng trung. LH: 0343 202 ***","5,1 tỷ",75 m²,68 tr/m²,2,2,"Nhân Chính, Thanh Xuân","20.993579864501953, 105.79821014404297"
41980449,25/02/2025,"Cần bán gấp chuyển lên 3PN, bán 2PN, 2WC chỉ 4 tỷ. Nhà đẹp, sạch sẽ. LH: 0343 202 ***","3,9 tỷ",62 m²,"62,9 tr/m²",2,2,"Khương Trung, Thanh Xuân","20.996205581485796, 105.82314700388505"
41065293,25/02/2025,"Chính chủ bán 3pn 124.5m2, view CV Thanh Xuân cực đẹp, full nt cao cấp, chỉ 8,9tỷ tầng cao view đẹp","8,9 tỷ",125 m²,"71,2 tr/m²",3,2,"Nhân Chính, Thanh Xuân","20.993579864501953, 105.79821014404297"
42269031,25/02/2025,"Bán căn hộ chung cư Lê Văn Lương Việt Đức Complex, Thoáng sáng, 93m2, 6.5 tỷ","6,5 tỷ",93 m²,"69,89 tr/m²",3,2,"Nhân Chính, Thanh Xuân","20.999333449409782, 105.79927331132308"
42171940,25/02/2025,Chính chủ cần bán gấp căn 3PN Đông Nam số 06 tầng trung giá 8.8ty LH : 0934 515 ***,Giá thỏa thuận,97 m²,N/A,3,3,"Thanh Xuân Trung, Thanh Xuân","20.997589068572534, 105.80385526477325"
42178302,25/02/2025,Cần bán gấp 3 phòng ngủ The Legend 106 m2 full nội thất 9.1 tỷ,"9,1 tỷ",106 m²,"85,85 tr/m²",3,2,"Nhân Chính, Thanh Xuân","21.004722789197963, 105.80403191924157"
42268334,25/02/2025,"Cần bán Chung cư Lê Trọng Tấn đẳng cấp,đầy đủ tiện ích,an sinh cao cấp","4,25 tỷ",55 m²,"77,27 tr/m²",2,2,"Khương Trung, Thanh Xuân","20.9985371655401, 105.82890667554"
42267430,25/02/2025,CHÍNH CHỦ BÁN CH IMPERIA GARDEN 2PN 81m2- tòa D - tầng trung mát - full đồ nội thất giá bán 7.2 tỷ,"7,2 tỷ",81 m²,"88,89 tr/m²",2,2,"Thanh Xuân Trung, Thanh Xuân","20.997619679702012, 105.80235930749804"
41693657,25/02/2025,"Bán căn Duplex VIP Chung cư Royal City 185m2, Full nội thất hiện đại, thiết kế sang trọng đẳng cấp","16,2 tỷ",185 m²,"87,57 tr/m²",4,3,"Thượng Đình, Thanh Xuân","21.0024835081697, 105.81471102984227"
37790058,25/02/2025,"Bán rất gấp căn hộ Hapulico, DT 88m2, tòa 17T1, 2PN nhà full đồ nội thất mới tinh. LH 0936 196 ***",Giá thỏa thuận,88 m²,N/A,2,2,"Thanh Xuân Trung, Thanh Xuân","21.000488, 105.80716"
39741296,25/02/2025,"O947105567 BÁN CĂN CHUNG CƯ Ở 282 NGUYỄN HUY TƯỞNG, THANH XUÂN: 2 NGỦ 72m2. NHÀ THIÊT KẾ CỰC ĐẸP","4,15 tỷ",71 m²,"58,45 tr/m²",2,2,"Thanh Xuân Bắc, Thanh Xuân","20.996325, 105.802666"
42267108,25/02/2025,Chính chủ bán căn chung cư Riverside Garden 85m 3 ngủ full nội thất giá 5.5 tỷ,"5,5 tỷ",85 m²,"64,71 tr/m²",3,2,"Khương Đình, Thanh Xuân","20.990173551178227, 105.81468829124107"
41727985,25/02/2025,[9 tỷ] Bán CH 4 ngủ 120m2 tầng trung full đồ - 17T2 thiết kế tone hiện đại - Hapulico Complex,9 tỷ,117 m²,"76,92 tr/m²",4,2,"Thanh Xuân Trung, Thanh Xuân","21.00048828125, 105.80715942382812"
42266697,25/02/2025,Bán căn 3 phòng ngủ 145m2 R1 Royal City,"14,5 tỷ",145 m²,100 tr/m²,3,2,"Thượng Đình, Thanh Xuân","21.002733849238382, 105.81541891118563"
42266630,25/02/2025,Bán căn 3 ngủ sáng R6 Royal City,13 tỷ,115 m²,"113,04 tr/m²",3,2,"Thượng Đình, Thanh Xuân","21.0031653448275, 105.814688980324"
42266562,25/02/2025,"Bán CC Star Tower 283 Khương Trung, 3,5 tỷ, 49m2, đẹp, nhiều tiện ích","3,5 tỷ",49 m²,"71,43 tr/m²",2,1,"Khương Trung, Thanh Xuân","20.9964865123263, 105.818478575805"
42266513,25/02/2025,"Duy nhất bán 3PN góc Imperia Garden 143 Nguyễn Tuân chỉ 6,69 tỷ. LH: 0364 079 *** (chuẩn giá)","6,69 tỷ",80 m²,"83,62 tr/m²",3,2,"Thanh Xuân Trung, Thanh Xuân","20.9971790359969, 105.80281664928"
39635622,25/02/2025,Bán nhanh căn hộ chung cư 3PN Thống Nhất DT 93m2 - Ban công Đông Nam - Giá 6.6 tỷ - LH 0988 246 ***,"6,6 tỷ",93 m²,"70,97 tr/m²",3,2,"Thanh Xuân Trung, Thanh Xuân","20.998046875, 105.80354309082"
42266312,25/02/2025,"Bán Căn 3 ngủ royal city , 72A Nguyễn Trãi , Thượng Đình","15,5 tỷ",150 m²,"103,33 tr/m²",3,2,"Thượng Đình, Thanh Xuân","21.002665100067365, 105.8154205308013"
42266187,25/02/2025,Bán Căn 4 Ngủ royal city diện tích 180m2 Nguyễn Trãi,19 tỷ,180 m²,"105,56 tr/m²",4,4,"Thượng Đình, Thanh Xuân","21.002665100067365, 105.8154205308013"
42266254,25/02/2025,"Bán căn hộ CC hàng hiếm tại Royal City, Nguyễn Trãi, Thanh Xuân, Hà Nội. 250m2 (5PN3WC). GIá 30 tỷ.",30 tỷ,250 m²,120 tr/m²,5,3,"Thượng Đình, Thanh Xuân","21.00264635570207, 105.81541530167871"
42265977,25/02/2025,bán căn 3 ngủ full đồ royal city 72A Nguyễn Trãi,12 tỷ,132 m²,"90,91 tr/m²",3,2,"Thượng Đình, Thanh Xuân","21.002665100067365, 105.8154205308013"
42265968,25/02/2025,CHÍNH CHỦ CẦN TIỀN BÁN GẤP CĂN 3PN  2 WC TẦNG TRUNG Thống Nhất Complex,9 tỷ,122 m²,"73,77 tr/m²",3,2,"Thanh Xuân Trung, Thanh Xuân","20.996445955849413, 105.80618087333734"
39391738,25/02/2025,"Chủ cần bán gấp CH 2PN, 2WC, tầng trung , thoáng , BC Đông Nam , chung cư mặt đường Lê Văn Thiêm",5 tỷ,"82,5 m²","60,61 tr/m²",2,2,"Nhân Chính, Thanh Xuân","20.99383097078845, 105.79798409409752"
40041930,25/02/2025,"Hàng hot! Bán gấp CH 3PN, 2WC, tầng cao thoáng, các phòng tràn ngập ánh sáng","7,4 tỷ","113,8 m²","65,03 tr/m²",3,2,"Thanh Xuân Trung, Thanh Xuân","20.9989471435547, 105.804176330566"
40954748,25/02/2025,"Bán gấp CH 3PN, 2 WC giá 6,1 tỷ, sẵn sổ, giá tốt nhất TT, chung cư Nguyễn Huy Tưởng - TX","6,1 tỷ",86 m²,"70,93 tr/m²",3,2,"Thanh Xuân Bắc, Thanh Xuân","20.9963344084279, 105.80266591769"
41423316,25/02/2025,"Bán căn hộ 3PN rẻ nhất Imperia Garden, giá 6.7 tỷ LH 0904 696 ***","6,7 tỷ",79 m²,"84,81 tr/m²",3,2,"Thanh Xuân Trung, Thanh Xuân","20.997276306152344, 105.80298614501953"
33933884,25/02/2025,"Chính chủ bán căn hộ 100m2, 3 PN, 2 vệ sinh chung cư Diamond Flower 48 Lê Văn Lương giá 7.5 tỷ","7,5 tỷ",100 m²,75 tr/m²,3,2,"Nhân Chính, Thanh Xuân","21.005579, 105.80375"
42162434,25/02/2025,"Bán căn hộ chung cư mini phố Khương Trung - Quận Thanh Xuân - 35m2, 1.33 tỷ","1,33 tỷ",35 m²,38 tr/m²,1,1,"Khương Trung, Thanh Xuân","20.9956111201837, 105.817280423028"
42025538,25/02/2025,"Căn ngoại giao 4PN 152m2 duy nhất tại toà BRG 25LVL, tầng trung view đẹp, giá tốt, nhận nhà ngay",Giá thỏa thuận,152 m²,N/A,4,3,"Nhân Chính, Thanh Xuân","21.0052270569446, 105.804930292342"
41779539,25/02/2025,"Bán căn góc 3PN - 3VS DT 144m2 t.kế tối ưu, bàn giao thô, trực tiếp CĐT, DA đã có sổ, nhận nhà ngay","14,98 tỷ",144 m²,"104,04 tr/m²",3,3,"Nhân Chính, Thanh Xuân","21.005952821788274, 105.80531117633544"
42265133,25/02/2025,"Bán CH 3PN, 2WC, 110m2 tại Hei Tower, Ngụy Như Kon Tum, 7,4 tỷ","7,4 tỷ",110 m²,"67,27 tr/m²",3,2,"Nhân Chính, Thanh Xuân","21.0031945313783, 105.805358878409"
41447736,25/02/2025,"Gấp! Bán căn hộ 2pn2wc tại The Artemis, 7,3 tỷ, 87m2, Lê Trọng Tấn, Hà Nội","7,3 tỷ",87 m²,"83,91 tr/m²",2,2,"Khương Mai, Thanh Xuân","20.999721527099609, 105.82833099365234"
42265115,25/02/2025,"CÓ 1 0 2! Bán chung cư Trung Hòa, Nhân Chính, lô góc, view vườn hoa, 100m2, 3pn, giá 4. X tỷ","4,68 tỷ",100 m²,"46,8 tr/m²",3,2,"Nhân Chính, Thanh Xuân","21.0041105711911, 105.803095369625"
42265073,25/02/2025,"Bán gấp ! Căn góc 93m - 3 ngủ- Thống Nhất Complex - 82 Nguyễn Tuân, sẵn nội thất","8,9 tỷ",122 m²,"72,95 tr/m²",3,2,"Thanh Xuân Trung, Thanh Xuân","20.998090224017, 105.80343884111186"
42168696,25/02/2025,"Bán căn hộ Fafilm 19 Nguyễn Trãi, Khương Trung, Thanh Xuân DT 109m2 3PN 2WC giá 7,7tỷ LH 0961 689 ***","7,7 tỷ",109 m²,"70,64 tr/m²",3,2,"Khương Trung, Thanh Xuân","21.002089551559298, 105.81957932840427"
41526932,25/02/2025,Quỹ căn Handico 33 Lê Văn Lương giá tốt chỉ 8x triệu/m2 LH 0923 985 ***,Giá thỏa thuận,70 m²,N/A,2,2,"Nhân Chính, Thanh Xuân","21.003387451171875, 105.80245208740234"
39156165,25/02/2025,Quỹ căn ngoại giao độc quyền Handico Complex. Giá chỉ 60tr/m2. Diện tích 70 - 96m2,"4,9 tỷ",70 m²,70 tr/m²,2,2,"Nhân Chính, Thanh Xuân","21.0033874511719, 105.802452087402"
39229144,25/02/2025,"Chính chủ cần bán căn 94m Star City Lê Văn Lương, 3 phòng ngủ, full nội thất, gias 5.X tỷ",Giá thỏa thuận,94 m²,N/A,3,2,"Nhân Chính, Thanh Xuân","21.0061817169189, 105.806427001953"
34819019,25/02/2025,"Tôi chính chủ cần chuyển nhượng căn hộ 2 phòng ngủ full đồ Việt Đức Complex Thanh Xuân giá 4,xtỷ",Giá thỏa thuận,79 m²,N/A,2,2,"Nhân Chính, Thanh Xuân","20.9996452331543, 105.799385070801"
42262856,25/02/2025,"Hot! Bán suất ngoại giao Handico Complex 33 Lê Văn Lương, giá tốt, số lượng có hạn. LH: 0939 555 ***",Giá thỏa thuận,85 m²,N/A,3,2,"Nhân Chính, Thanh Xuân","21.003051643791288, 105.80219545744035"
42263796,25/02/2025,Hiếm! Bán căn hộ cao cấp Royal City - DT 96m2 - View bể bơi - SĐCC - có Slot ô tô - LH 0844 866 ***!,Giá thỏa thuận,96 m²,N/A,2,2,"Thượng Đình, Thanh Xuân","21.002584963393534, 105.81550571962671"
42142427,25/02/2025,"Bán CC 2PN tại Five Star Kim Giang, 5,25 tỷ, 75m2","5,25 tỷ",75 m²,70 tr/m²,2,2,"Hạ Đình, Thanh Xuân","20.986070003256785, 105.81220981755973"
42262725,25/02/2025,"Cần bán gấp căn 3N, 2VS, chung cư JSC 164 Khuất Duy Tiến, Thanh Xuân, Hà Nội, Giá Hơn 4 tỷ","4,8 tỷ",90 m²,"53,33 tr/m²",3,2,"Thanh Xuân Bắc, Thanh Xuân","20.9954176627965, 105.800279656752"
42262763,25/02/2025,"Bán căn hộ PVV Vinapharm Nguyễn Huy Tưởng Thanh Xuân 60 m2 2 ngủ 2 vs căn góc có slot ô tô 4,25 tỷ","4,25 tỷ",60 m²,"70,83 tr/m²",2,2,"Thanh Xuân Trung, Thanh Xuân","20.9979754799535, 105.807043433095"
41760855,25/02/2025,"Bán căn góc chung cư Hà Nội Center Point - 27 Lê Văn Lương, 3 pn, ban công ĐN + ĐB, sẵn sổ, có slot","7,25 tỷ",80 m²,"90,62 tr/m²",3,2,"Nhân Chính, Thanh Xuân","21.004818, 105.80467"
42262574,25/02/2025,"Bán CC Riverside Garden, 82,2 triệu/m2, 126,1m2, 3PN, 2WC, đầy đủ nội thất","10,36 tỷ","126,1 m²","82,2 tr/m²",3,2,"Khương Đình, Thanh Xuân","20.9902163108411, 105.814314198972"
42262518,25/02/2025,"BÁN CHUNG CƯ HEI TOWER - 108 M22 - 3PN - 2WC - 7,X TỶ. 0963 15 489",Giá thỏa thuận,108 m²,N/A,3,2,"Nhân Chính, Thanh Xuân","21.003347904044148, 105.80454718025395"
41299687,25/02/2025,Chính chủ cần bán căn hộ chung cư - 3 Nguyễn Huy Tưởng. Lô góc 121m.3PN.2VS.,"8,2 tỷ",121 m²,"67,77 tr/m²",3,2,"Thanh Xuân Trung, Thanh Xuân","20.9997386932373, 105.807556152344"
42262236,25/02/2025,Bán CHCC 110m2 3 phòng ngủ tòa Heitower full đồ Thanh Xuân HN,Giá thỏa thuận,110 m²,N/A,3,2,"Nhân Chính, Thanh Xuân","21.00362291004493, 105.80542248153496"
41154272,25/02/2025,"Chính chủ cần bán Gấp Căn hộ 96 Định Công giá hơn 5 tỷ, Canh 360 Giải Phóng","5,5 tỷ",120 m²,"45,83 tr/m²",3,2,"Phương Liệt, Thanh Xuân","20.984867095947266, 105.83864593505859"
42261855,25/02/2025,"Bán căn hộ cao cấp The Legend Tower 109 Nguyễn Tuân 85,5m, 3 ngủ giá chỉ nhỉnh 8 tỉ",Giá thỏa thuận,"85,5 m²",N/A,3,2,"Nhân Chính, Thanh Xuân","21.0042647149553, 105.804873875739"
42261843,25/02/2025,"Duy nhất 1 căn tại 90 Nguyễn Tuân 2 ngủ, 71m, giá 5.XTY HIẾM CÓ KHÓ TÌM","5,4 tỷ",71 m²,76 tr/m²,2,2,"Thanh Xuân Trung, Thanh Xuân","20.99619736913471, 105.80558514527"
39846234,25/02/2025,Chính chủ cần bán căn góc 4PN sổ chính chủ tại chung cư Imperial Plaza 360 Giải Phóng,"7,55 tỷ",130 m²,"58,08 tr/m²",4,2,"Phương Liệt, Thanh Xuân","20.985432, 105.83934"
42261578,25/02/2025,"Dự án Imperia Garden, Nguyễn Huy Tưởng, Thanh Xuân, căn góc 3PN 2VS, diện tích 110m2, giá 10,2 tỷ","10,2 tỷ",110 m²,"92,73 tr/m²",3,2,"Thanh Xuân Trung, Thanh Xuân","20.99727017399095, 105.80255510450733"
41606869,25/02/2025,"Hiếm: Bán nhanh căn hộ 110m2, 3PN, đồ cơ bản chủ đầu tư tại Gold Tower, giá 8,2tỷ. 0899 511 ***","8,2 tỷ",110 m²,"74,54 tr/m²",3,2,"Thanh Xuân Trung, Thanh Xuân","20.993824, 105.80698"
42261775,25/02/2025,Bán căn hộ chung cư royal city 112m2- tâng đẹp (10-15) toà R4 - 0973 049 ***,Giá thỏa thuận,112 m²,N/A,N/A,N/A,"Thượng Đình, Thanh Xuân","21.00265472027648, 105.8153369293"
42261186,25/02/2025,Cần bán căn hộ ngoại giao Handico 33 Lê Văn Lương,"5,81 tỷ",70 m²,83 tr/m²,2,2,"Nhân Chính, Thanh Xuân","21.002985616016627, 105.80245723738486"
42261415,25/02/2025,Bán gấp căn hộ chung cư Licogi 13. DT: 91m2 Thiết kế 3pn - 2wc. Giá 5.x tỷ. Lh: 0966 988 ***.,Giá thỏa thuận,91 m²,N/A,3,2,"Nhân Chính, Thanh Xuân","20.9988020059699, 105.797949601108"
41760431,25/02/2025,Chính chủ bán căn hộ cao cấp giá tốt tại Five Star Kim Giang 72m2 2PN - 2VS full nội thất,"4,9 tỷ",72 m²,"68,06 tr/m²",2,2,"Hạ Đình, Thanh Xuân","20.985327583629065, 105.81279525471663"
42260971,25/02/2025,Bán Căn Hộ CCCC - Phố Vũ Trọng Phụng - Lô góc -Vị Trí Đẹp -Vew triệu đô- Full nội thất sịn,9 tỷ,94 m²,"95,74 tr/m²",3,3,"Nhân Chính, Thanh Xuân","20.9995030289554, 105.808082135542"
42260966,25/02/2025,"Bán CC 3PN, 2WC tại Licogi 13, Nhân Chính, Thanh Xuân, 6,3 tỷ, 90m2, giá siêu hời, uy tín","6,3 tỷ",90 m²,70 tr/m²,3,2,"Nhân Chính, Thanh Xuân","20.998092723191924, 105.79803730075776"
42261218,25/02/2025,"Bán CC toà N2F.. 2PN, 1WC đẹp xuất sắc tại Lê Văn Lương, Thanh Xuân, 3,8 tỷ VND, 64m2","3,8 tỷ",64 m²,"59,38 tr/m²",2,1,"Nhân Chính, Thanh Xuân","21.0039974189966, 105.802854802905"
42260789,25/02/2025,"Cần bán căn hộ Five Star - Kim Giang - Hạ Đình - TX - DT84m2 -2PN - 2WC - giá 5,8tỷ - LH 0394 260 ***","5,8 tỷ",84 m²,"69,05 tr/m²",2,2,"Hạ Đình, Thanh Xuân","20.98590732452919, 105.81302578882692"
40376501,25/02/2025,Cần bán suất ngoại giao căn 2 phòng ngủ Chung cư Handico Complex 33 Lê Văn Lương tầng trung đẹp,Giá thỏa thuận,70 m²,N/A,2,2,"Nhân Chính, Thanh Xuân","21.0033874511719, 105.802452087402"
42260353,25/02/2025,"Chính chủ bán chung cư mini giá siêu hời 1,39 tỷ tại Quan Nhân, Nhân Chính, Thanh Xuân, Hà Nội 42m2","1,39 tỷ",42 m²,"33,1 tr/m²",1,1,"Nhân Chính, Thanh Xuân","21.0035173907409, 105.811246897339"
42260568,25/02/2025,"Cần bán căn hộ Five Star - Kim Giang - Hạ Đình - TX - DT 84m2 2PN - 2WC - giá 5,8tỷ - LH 0394 260 ***","5,8 tỷ",84 m²,"69,05 tr/m²",2,2,"Hạ Đình, Thanh Xuân","20.9859073245292, 105.813025788827"
42146961,25/02/2025,Chính chủ cần bán căn hộ Licogi 13 Khuất Duy Tiến 3PN full nội thất,"5,9 tỷ",95 m²,"62,1 tr/m²",3,2,"Nhân Chính, Thanh Xuân","20.9990582546709, 105.798056937963"
41959337,25/02/2025,"Chính chủ bán căn hộ 3 ngủ Licogi 13 Lê Văn Lương.LH:O949,O35,1O2","5,5 tỷ",100 m²,55 tr/m²,3,2,"Nhân Chính, Thanh Xuân","20.9990966367383, 105.797776393261"
42256254,25/02/2025,"Bán gấp CC 2PN ở Cowaelmic, 5,3 tỷ, 90m2, Nhân Chính, Thanh Xuân, Hà Nội","5,3 tỷ",90 m²,"58,89 tr/m²",2,1,"Nhân Chính, Thanh Xuân","21.000791565359698, 105.80199711331308"
36429918,25/02/2025,"Chính chủ cần bán CH 2PN 2 WC - 75m2, full nội thất ở dự án khu nhà ở 90 Nguyễn Tuân. LH 0858 601 ***","5,1 tỷ",75 m²,68 tr/m²,2,2,"Thanh Xuân Trung, Thanh Xuân","20.9962978363037, 105.805633544922"
42259695,25/02/2025,"Bán CH 3PN view đẹp Royal City, Nguyễn Trãi, Thượng Đình, Thanh Xuân, 11,8 tỷ, 131m2","11,8 tỷ",131 m²,"90,08 tr/m²",3,2,"Thượng Đình, Thanh Xuân","21.002897630334772, 105.81489218305084"
39528579,24/02/2025,"Giảm giá bán chung cư Ngã Tư Sở Khương Trung Quận Thanh Xuân 32m2 - 52m2 full đồ, sổ hồng vĩnh viễn","1,79 tỷ",48 m²,"37,29 tr/m²",2,1,"Khương Trung, Thanh Xuân","20.9963998982109, 105.82227445786"
42079609,24/02/2025,"Bán lẻ hoặc cả sàn 12 căn hộ chung cư Handico complex 33 Lê Văn Lương, giá yêu thương","7,39 tỷ",96 m²,77 tr/m²,3,3,"Nhân Chính, Thanh Xuân","21.0033699335453, 105.802546490769"
41736222,24/02/2025,"Chính chủ bán căn hoa hậu 3Pn, tầng trung, căn góc, ban công ĐN full nội thất, có slot ô tô 88m2","6,35 tỷ",88 m²,"72,16 tr/m²",3,2,"Thanh Xuân Trung, Thanh Xuân","20.998709, 105.81198"
41756043,24/02/2025,"Chính chủ bán căn sân vườn siêu hiếm 170m2. Tầng trung, căn góc, full nội thất. 3PN - 3VS. Cửa ĐN","9,5 tỷ",170 m²,"55,88 tr/m²",3,3,"Thanh Xuân Trung, Thanh Xuân","20.998708724975586, 105.81198120117188"
41762645,24/02/2025,Chính chủ bán căn 86m2 tầng cao. 2PN - 2VS. Cửa ĐB ban công TN. Sẵn sổ,"6,57 tỷ",86 m²,"76,4 tr/m²",2,2,"Thanh Xuân Trung, Thanh Xuân","20.997404098510742, 105.80406188964844"
41762623,24/02/2025,Bán nhanh siêu phẩm Penhouse Dupplex 229m2. Phong cách Indochine. 3PN-3VS. Sẵn 2 Slot oto. Sổ đỏ,20 tỷ,229 m²,"87,34 tr/m²",3,3,"Nhân Chính, Thanh Xuân","21.00445556640625, 105.80252838134766"
41717989,24/02/2025,"Chính chủ bán căn hộ 130m2. Tầng trung căn góc, full nội thất đẹp. 3Pn - 2vs. Cửa ĐN","12,06 tỷ",130 m²,"92,77 tr/m²",3,2,"Thanh Xuân Trung, Thanh Xuân","20.993824, 105.80698"
41872232,24/02/2025,"Bao cả Thanh Xuân. Chính chủ bán căn hoa hậu 124m2, tầng trung, căn góc, ban công ĐN full nội thất","7,93 tỷ",124 m²,"63,95 tr/m²",3,2,"Nhân Chính, Thanh Xuân","20.9930055134114, 105.798086640793"
42001221,24/02/2025,"Chính chủ bán căn hoa hậu của dự án, tầng trung, căn góc, ban công ĐN full nội thất","7,43 tỷ",124 m²,"59,92 tr/m²",3,2,"Nhân Chính, Thanh Xuân","20.9936263147714, 105.798294696769"
42252013,24/02/2025,"Bán căn hộ chung cư giá siêu hời tại Harmony Square, 6 tỷ, 75m2, 2PN, 2WC","5,7 tỷ",75 m²,76 tr/m²,2,2,"Nhân Chính, Thanh Xuân","20.999942388364424, 105.80147163428326"
41832892,24/02/2025,"Chủ nhà gửi bán căn 4 phòng ngủ 153,33m2 tại BRG The Diamond Residence - 25 Lê Văn Lương","14,55 tỷ","153,33 m²","94,89 tr/m²",4,3,"Nhân Chính, Thanh Xuân","21.0052883580624, 105.805094886368"
42163581,24/02/2025,Duy nhất căn ẩn 2 phòng ngủ tại Viha Complex,"6,6 tỷ","80,22 m²","82,27 tr/m²",2,2,"Thanh Xuân Trung, Thanh Xuân","20.9975576437337, 105.804130148062"
42249605,24/02/2025,"Chính chủ cần bán căn hộ 198 Nguyễn Tuân, Thanh Xuân, 89,97m2, 2 ngủ 1 vệ sinh, 5,5 tỷ","5,5 tỷ","89,97 m²","61,13 tr/m²",2,1,"Nhân Chính, Thanh Xuân","21.0013860136391, 105.800775441765"
42237276,24/02/2025,TT Thanh Xuân Bắc 120m2 tầng 4 - lô góc: 3PN + 2VS + 1PK + bếp - giá 3.8 tỷ,"3,8 tỷ",120 m²,"31,67 tr/m²",3,2,"Thanh Xuân Bắc, Thanh Xuân","20.995127106285, 105.800199486375"
42207976,23/02/2025,Chủ nhà thiện chí bán gấp căn hộ 3 phòng ngủ chung cư Gold Tower - 275 Nguyễn Trãi,Giá thỏa thuận,141 m²,N/A,3,3,"Thanh Xuân Trung, Thanh Xuân","20.9940383456963, 105.807606488297"
42242367,22/02/2025,"Chính chủ cần bán CHCC Cao cấp The Legend - 109 Nguyễn Tuân, 106m2, 3 phòng ngủ, 2WC","9,4 tỷ",106 m²,"88,68 tr/m²",3,2,"Nhân Chính, Thanh Xuân","21.00418755045994, 105.80403122709663"
42239983,22/02/2025,"Bán Suất mua ngoại giao căn hộ tại 33 Lê Văn Lương Handico Complex, 83 triệu/m, 2PN, 3PN 0911 779 ***",7 tỷ,85 m²,"82,35 tr/m²",3,2,"Nhân Chính, Thanh Xuân","21.00322318503209, 105.80215474385862"
42239690,22/02/2025,"Bán căn hộ chung cư Royal City, giá thỏa thuận, 136m2, 3PN, 2WC tại Nguyễn Trãi, Thanh Xuân, Hà Nội",Giá thỏa thuận,136 m²,N/A,3,2,"Thượng Đình, Thanh Xuân","21.00258181584599, 105.8153447399443"
41930534,22/02/2025,"(Suất ngoại giao) Handico Complex 33 Lê Văn Lương, trực tiếp chủ đầu tư, giá tốt nhất",6 tỷ,70 m²,"85,71 tr/m²",2,2,"Nhân Chính, Thanh Xuân","21.0030012256242, 105.802229279989"
41387982,22/02/2025,Cần bán căn hộ 72m2 Viha Leciva 107 Nguyễn Tuân. LH ngay 0911 779 ***,6 tỷ,79 m²,"75,95 tr/m²",2,2,"Thanh Xuân Trung, Thanh Xuân","20.9982792601326, 105.803885083647"
42236244,22/02/2025,"Bán Căn hộ CC tại Riverside Garden, 4,65 tỷ, 65m2, 2PN, 2WC, giá ưu đãi, uy tín","4,65 tỷ",65 m²,"71,54 tr/m²",2,2,"Khương Đình, Thanh Xuân","20.99111662956327, 105.81418166935453"
42101742,21/02/2025,"Bán căn hộ 3PN, 2WC, 126m2 tại Riverside Garden, 8 tỷ VND, Thanh Xuân, Hà Nội",8 tỷ,126 m²,"63,49 tr/m²",3,2,"Khương Đình, Thanh Xuân","20.9904799961243, 105.81354592243"
42116435,21/02/2025,"Bán CC view đẹp tại Licogi 13 Tower, 6,3 tỷ, 90m2, 3PN, 2WC","5,7 tỷ",95 m²,60 tr/m²,3,2,"Nhân Chính, Thanh Xuân","20.9986572523527, 105.798223453633"
42229632,21/02/2025,MỞ BÁN CĂN HỘ CHUNG CƯ 33 LÊ VĂN LƯƠNG,"5,81 tỷ",70 m²,83 tr/m²,N/A,N/A,"Nhân Chính, Thanh Xuân","21.004082153186864, 105.80243098989779"
39705340,21/02/2025,"Bán nhanh 4,2 tỷ căn hộ bc Đông Nam, 96m2, tầng 16, 3PN2WC, full nội thất, 0395 319 ***","4,2 tỷ",96 m²,"43,75 tr/m²",3,2,"Nhân Chính, Thanh Xuân","20.993579864501953, 105.79821014404297"
42228557,21/02/2025,"Chính chủ bán gấp căn 2 ngủ The Golden Palm Lê Văn Lương, Thanh Xuân, DT 85m2 giá 6,2tỷ, sẵn sổ đỏ","6,2 tỷ",85 m²,"72,94 tr/m²",2,2,"Nhân Chính, Thanh Xuân","21.0063035552718, 105.807492534973"
42228460,21/02/2025,"Chính chủ bán gấp căn 3 ngủ The Golden Palm Lê Văn Lương, Thanh Xuân, DT 125m2 giá 8,1 tỷ sẵn sổ đỏ","8,1 tỷ",125 m²,"64,8 tr/m²",3,2,"Nhân Chính, Thanh Xuân","21.0064688966394, 105.807737061438"
42228016,21/02/2025,"Chính chủ bán gấp căn 3 ngủ CC Ban cơ yếu Chính phủ, Thanh Xuân, DT 125m, giá 7,8 tỷ sẵn sổ full đồ","7,8 tỷ",125 m²,"62,4 tr/m²",3,2,"Nhân Chính, Thanh Xuân","20.9936941069137, 105.79790892336"
42151337,20/02/2025,"Quỹ căn có sẵn Viha Complex tầng đẹp, chọn căn tầng, cập nhật liên tục!",7 tỷ,73 m²,"95,89 tr/m²",2,2,"Thanh Xuân Trung, Thanh Xuân","20.99763885677654, 105.80378698060862"
42222135,20/02/2025,"Cần bán căn hộ giá rẻ 3PN/2WC Hạ Đình full nội thất tầng trung 5,8 tỷ hỗ trợ vay. LH 0976 122 ***","5,8 tỷ",105 m²,"55,24 tr/m²",3,2,"Thanh Xuân Trung, Thanh Xuân","20.993380389104424, 105.79763652708543"
42191281,20/02/2025,Cần bán căn 79m2 dự án Handico Complex 33 Lê Văn Lương. Liên hệ: 0911 779 ***,6 tỷ,79 m²,"75,95 tr/m²",2,2,"Nhân Chính, Thanh Xuân","21.0033544861951, 105.802746994685"
42101748,20/02/2025,"Bán CC Riverside Garden, 5,8 tỷ VND, 85m2, view đẹp, hàng hiếm tại QThanh Xuân, HN","5,8 tỷ",85 m²,"68,24 tr/m²",2,2,"Khương Đình, Thanh Xuân","20.990845291340104, 105.81401805780253"
42218075,20/02/2025,Chuyển nhượng căn hộ rất đẹp trục căn 12A tại tòa nhà Viha Leciva - 107 Nguyễn Tuân,10 tỷ,97 m²,"103,09 tr/m²",3,3,"Thanh Xuân Trung, Thanh Xuân","20.9974248171472, 105.804041553464"
42217470,20/02/2025,"Bán căn hộ 3PN, 2WC tại Handi Resco Lê Văn Lương, 8,25 tỷ, 110m2, Chính chủ","8,25 tỷ",110 m²,75 tr/m²,3,2,"Nhân Chính, Thanh Xuân","21.00385674548735, 105.80295020936539"
41526653,19/02/2025,"Cần ra gấp căn hộ 105m2, 3 ngủ 2 WC 129 Ban Cơ Yếu Số 51 Quan Nhân, đủ đồ, xem nhà 24/7",6 tỷ,105 m²,"57,14 tr/m²",3,2,"Nhân Chính, Thanh Xuân","21.006685256958008, 105.81262969970703"
42149470,19/02/2025,"Nhà đẹp phố Triều Khúc 1,85 tỷ sổ đỏ chính chủ T3, khu vực cho thuê cực kỳ sinh lời, KV sinh viên","1,85 tỷ",40 m²,"46,25 tr/m²",2,1,"Thanh Xuân Bắc, Thanh Xuân","20.9840140459649, 105.799811845303"
41434180,18/02/2025,"Chính chủ gửi bán căn 130m2, 3N, 2VS, full đồ đẹp, 11.5 tỷ. LH xem nhà 24/7: 0987 485 ***","11,5 tỷ",130 m²,"88,46 tr/m²",3,N/A,"Thượng Đình, Thanh Xuân","21.0026664733887, 105.8154296875"
41497290,18/02/2025,"Giảm sâu! Căn đập thông Royal City 270m2, 4 phòng ngủ, nhà đẹp ở sướng như tiên. Lh: 0987 485 ***",27 tỷ,270 m²,100 tr/m²,4,N/A,"Thượng Đình, Thanh Xuân","21.002303338382145, 105.81472884160618"
41739204,18/02/2025,"Bán CC 75m2 tại Nhân Hòa, Thanh Xuân 4,5 tỷ, 2PN, 2WC giá cực chất",4 tỷ,75 m²,"53,33 tr/m²",2,2,"Nhân Chính, Thanh Xuân","21.0020012266518, 105.808157506235"
42115006,18/02/2025,"Bán CH tầng 1, hai mặt ngõ 3PN, 01 khách rộng, bếp, để xe, 2WC, 90m2 Thanh Xuân Bắc, 3,95 tỷ VND","3,95 tỷ",90 m²,"43,89 tr/m²",3,2,"Thanh Xuân Bắc, Thanh Xuân","20.993590385025, 105.798177921439"
42163440,17/02/2025,"Chính chủ bán căn 70m2 chung cư HANDICO Complex 33 Lê Văn Lương giá 5,8 tỷ","5,8 tỷ","70,4 m²","82,39 tr/m²",2,2,"Nhân Chính, Thanh Xuân","21.003332157914947, 105.80226248787969"
42101675,17/02/2025,Gia đình bán gấp căn góc 2PN DT 76m2 PCC1 Triều Khúc 5 tỷ,5 tỷ,76 m²,"65,79 tr/m²",2,2,"Thanh Xuân Bắc, Thanh Xuân","20.9862544154019, 105.798993427987"
41294694,15/02/2025,"(Suất ngoại giao) Viha Leciva 107 Nguyễn Tuân Trực tiếp chủ đầu tư, giá tốt nhất","6,5 tỷ",72 m²,"90,28 tr/m²",2,2,"Thanh Xuân Trung, Thanh Xuân","20.9979867918045, 105.803557489892"
40688016,15/02/2025,Chính chủ cần bán căn hộ 180m2 chung cư Artemis,"17,5 tỷ",180 m²,"97,22 tr/m²",3,3,"Khương Mai, Thanh Xuân","21.0002924, 105.8280106"
41556301,15/02/2025,"Cần bán căn tập thể Lô góc 40m2, tầng 1, Quan Thổ 1, Đống Đa - HN","2,35 tỷ",40 m²,"58,75 tr/m²",2,1,"Thanh Xuân Bắc, Thanh Xuân","20.9939246164418, 105.797911919823"
39508938,13/02/2025,Bán nhanh căn hộ Artemis 85.9m2 2 phòng ngủ 2 WC tầng đẹp view đẹp 6.5 tỷ full đồ xem nhà 24/7,"6,5 tỷ","85,9 m²","75,67 tr/m²",2,2,"Khương Mai, Thanh Xuân","20.9997215270996, 105.828330993652"
42155385,13/02/2025,"Sở hữu ngay căn hộ R4, 3 ngủ full đồ rẻ nhất Royalcity chỉ nhỉnh 9tỷ.LH 24/7: 0987 485 ***.",9 tỷ,113 m²,"79,65 tr/m²",3,2,"Thượng Đình, Thanh Xuân","21.002763005357988, 105.81524071461487"
42137639,12/02/2025,"Bán CC 2PN, 2WC tại Lê Trọng Tấn, Khương Mai, Thanh Xuân, Hà Nội, giá siêu hời 4,25 tỷ","4,25 tỷ",70 m²,"60,71 tr/m²",2,2,"Khương Mai, Thanh Xuân","21.0003115031228, 105.828237781165"
40066129,12/02/2025,"Tôi cần bán gấp căn hoa hậu 125m2 chung cư King Palace gồm 3 phòng ngủ, 2 vệ sinh.",Giá thỏa thuận,125 m²,N/A,3,2,"Thượng Đình, Thanh Xuân","21.0002918243408, 105.816009521484"
42108365,11/02/2025,Chính chủ bán căn hộ chung cư Handico Complex Lê Văn Lương giá siêu rẻ,"5,8 tỷ",71 m²,"81,69 tr/m²",2,2,"Nhân Chính, Thanh Xuân","21.0034234633479, 105.80258267997"
41360029,11/02/2025,(Căn ngoại giao) Viha Leciva 107 Nguyễn Tuân rẻ hơn thị trường 500 triệu. Liên hệ 0912 861 ***,8 tỷ,"96,7 m²","82,73 tr/m²",3,3,"Thanh Xuân Trung, Thanh Xuân","20.9980873142018, 105.803599927258"
41062312,10/02/2025,Cần bán nhanh căn TT 110m2 đường Nguyễn Trãi Thanh Xuân,"4,8 tỷ",110 m²,"43,64 tr/m²",3,2,"Thanh Xuân Trung, Thanh Xuân","20.9969274351945, 105.806163276591"
42118965,09/02/2025,"CẶP Đ.ẬP TH.ÔNG SIÊU ĐẸP TẠI VINHOMES ROYAL CITY, 250M2, 4 NGỦ, 2X TỶ.LH 24/7: 0987 485 ***.",26 tỷ,250 m²,104 tr/m²,4,3,"Thượng Đình, Thanh Xuân","21.00298022775976, 105.8154475795255"
41461873,07/02/2025,"Tôi chính chủ cần bán căn 1510 Mỹ Sơn 90m2 3,9 tỷ. LH 0395 319 ***","3,9 tỷ",90 m²,"43,33 tr/m²",3,2,"Thanh Xuân Trung, Thanh Xuân","20.99733943381, 105.804035869426"
42110307,07/02/2025,Chính chủ gửi bán căn hộ đập thông siêu vip tại chung cư King Palace,Giá thỏa thuận,270 m²,N/A,6,4,"Thượng Đình, Thanh Xuân","21.000626714159, 105.815949979403"
42100873,06/02/2025,"Chung cư cao cấp 2 phòng ngủ + 2 vệ sinh + 2 logia, có slot ô tô, free bể bơi 4 mùa và gym 2 năm","6,9 tỷ",79 m²,"87,34 tr/m²",2,2,"Thanh Xuân Bắc, Thanh Xuân","20.9862431445061, 105.798030200444"
42100670,06/02/2025,"Gia đình chuyển chỗ ở cần bán CHCC vị trí tầng và căn hộ đẹp, có vị trí đỗ ô tô",Giá thỏa thuận,111 m²,N/A,3,2,"Thanh Xuân Trung, Thanh Xuân","20.9971749161803, 105.803141195006"
42101348,05/02/2025,"Bán nhanh căn hộ chung cư Tháp A Tòa nhà The Golden Palm, Dự án Công trình Tổ hợp dịch vụ TM nhà ở","6,95 tỷ","81,1 m²","85,7 tr/m²",2,2,"Nhân Chính, Thanh Xuân","21.0064094797795, 105.80773642232"
38235956,05/02/2025,Mình cần bán căn góc 94 m2 3 pn 2 vệ sinh không view nghĩa trang tại Việt Đức Complex - 0356 179 ***,6 tỷ,94 m²,"63,83 tr/m²",3,2,"Nhân Chính, Thanh Xuân","20.9996452331543, 105.799385070801"
41922016,05/02/2025,"Căn hộ đập thông 3 căn hộ độc bản tại Royal City, Nguyễn Trãi đẹp không tì vết",33 tỷ,310 m²,"106,45 tr/m²",4,3,"Thượng Đình, Thanh Xuân","21.0022785894937, 105.816077168899"
41952443,05/02/2025,Bán căn ngoại giao 3 PN(97m2) nội thất cao cấp viha complex - 107 Nguyễn Tuân LH: 0356 179 ***,"9,31 tỷ",97 m²,96 tr/m²,3,3,"Thanh Xuân Trung, Thanh Xuân","20.998150652578, 105.803987530556"
41952548,05/02/2025,CĐT ra hàng 3 căn ngoại giao cuối cùng tại Việt Đức Complex - 39 Lê Văn Lương LH: 0356 179 ***,"6,5 tỷ",138 m²,"47,1 tr/m²",3,2,"Nhân Chính, Thanh Xuân","20.9996422376974, 105.799385870683"
41605708,05/02/2025,Bán gấp chung cư mặt đường Hoàng Đạo Thúy 3x tỷ,"3,45 tỷ",80 m²,"43,12 tr/m²",3,2,"Nhân Chính, Thanh Xuân","21.004721421036, 105.80584283125"
42337182,05/03/2025,Tôi cần chuyển nhượng căn 3PN giá giá tốt nhất thị trường view công viên,"6,72 tỷ",80 m²,84 tr/m²,3,2,·,"21.00338331005746, 105.80239851856278"
42143864,04/03/2025,Chính thức: Mở bán quỹ căn 33 Lê Văn Lương - Handico Complex| Tầng đẹp - Giá tốt nhất,6 tỷ,70 m²,"85,71 tr/m²",2,2,·,"21.0034129714648, 105.801576323038"
42272069,26/02/2025,HANDICO 33 LÊ VĂN LƯƠNG  QUỸ CĂN ĐỘC QUYỀN 36 CĂN  CƠ HỘI ĐẦU TƯ VÀ AN CƯ HOÀN HẢO,"6,02 tỷ",70 m²,86 tr/m²,2,2,·,"21.003248045257493, 105.80197163710375"
42353994,06/03/2025,Bán CCMN Kim Giang - Thang Xuân. Xây Mới 6T Thang Máy - Ngõ Ô Tô - 2 MT-3 Bước Ra Phố-Full Nội Thất,"15,5 tỷ",50 m²,310 tr/m²,9,10,"Phương Liệt, Thanh Xuân","20.9834224264887, 105.815116746636"
42353469,06/03/2025,Quỹ căn cần bán gấp 03/2025 tại Royal City. Cam kết có slot oto. Full tiện ích 5sao. LH 0375 122 ***,"10,2 tỷ",130 m²,"78,46 tr/m²",3,2,"Thượng Đình, Thanh Xuân","21.00264838570286, 105.81559045343649"
42343462,06/03/2025,"Quỹ căn ngoại giao (118m2, duplex 145m2) giá tốt nhất siêu hời, quỹ ẩn trực tiếp CĐT, LH 0966 088 ***","9,68 tỷ",118 m²,82 tr/m²,4,4,"Thanh Xuân Trung, Thanh Xuân","20.999149478828, 105.802589487131"
42346535,06/03/2025,"Bán căn góc siêu hiếm chỉ 8xtr/m2 tại Viha Nguyễn Tuân, chiết khấu ngay 6%, HTLS 0% đến 31/12/2025",Giá thỏa thuận,118 m²,N/A,4,3,"Thanh Xuân Trung, Thanh Xuân","20.99681527818862, 105.80357393352186"
41969696,05/03/2025,"Căn hộ Handico Complex và giá bán DT 70m2, 74m2, 83m2. Chính sách mới áp dụng ngay","6,97 tỷ",83 m²,84 tr/m²,2,3,"Nhân Chính, Thanh Xuân","21.0032857836416, 105.80297882625"
42138924,05/03/2025,"Bán xuất mua ngoại giao căn hộ tại 33 Lê Văn Lương Handico Complex, 85 triệu/m, 2PN, 3PN,0817 936 ***","6,8 tỷ",80 m²,85 tr/m²,2,2,"Nhân Chính, Thanh Xuân","21.0033833313517, 105.801993859643"
39414883,04/03/2025,"Tổng hợp quỹ căn hộ 2PN + 3PN diện tích 72m2, 93m2, 104m2 CC Rivera Park - Em Quyết BĐS giá thật","6,1 tỷ",72 m²,"84,72 tr/m²",2,2,"Thanh Xuân Trung, Thanh Xuân","20.9991188049316, 105.808441162109"
41606535,03/03/2025,Chính thức bàn giao sổ hồng cho cư dân em sẵn quỹ căn 3 - 4 phòng ngủ chủ nhà gửi bản sẵn sổ giá rẻ,14 tỷ,161 m²,"86,96 tr/m²",4,3,"Nhân Chính, Thanh Xuân","21.0050184808367, 105.805223224806"
42127647,03/03/2025,Quỹ căn hộ trực tiếp CĐT và chính chủ giá sát tốt nhất dự án BRG Diamond Residence Lê Văn Lương,Giá thỏa thuận,161 m²,N/A,4,3,"Nhân Chính, Thanh Xuân","21.00507508766829, 105.80488660652036"
42032007,28/02/2025,"Tổng hợp quỹ căn hộ 1PN, 2PN, 3PN, 4PN, duplex, đập thông đang bán tại Royal City, LH: 0365 691 ***",Giá thỏa thuận,131 m²,N/A,N/A,N/A,"Thượng Đình, Thanh Xuân","21.002278429230017, 105.81525568516578"
42141094,28/02/2025,"Cập nhật quỹ căn 2 - 3PN giá tốt nhất tại 33 Lê Văn Lương, xem nhà LH 0328 905 *** (Ms Trà Mi)",6 tỷ,70 m²,"85,71 tr/m²",2,2,"Nhân Chính, Thanh Xuân","21.002489031851, 105.802464307376"
41933841,25/02/2025,"(Hiếm) nhượng lại suất ngoại giao tại Handico Complex, 74,5m2, 2PN, 2VS ký HĐ trực tiếp HĐ 4,8 tỷ","4,8 tỷ","74,5 m²","64,43 tr/m²",2,2,"Nhân Chính, Thanh Xuân","21.0033561555523, 105.802377751391"
41738689,06/03/2025,Hàng hiếm! Quỹ căn ngoại giao độc nhất tại dự án Viha Complex 107 Nguyễn Tuân giá rẻ. LH 0988 160 ***,"6,48 tỷ",72 m²,90 tr/m²,2,2,"Thanh Xuân Trung, Thanh Xuân","20.997587, 105.80383"
41132630,06/03/2025,"6/03 Imperia Garden 2 PN 66m2 - 5,5 tỷ, 75m2 - 5,8 tỷ - 3PN, 97m2 giá 7,5 tỷ, 120m2 9.5 tỷ","7,5 tỷ",97 m²,"77,32 tr/m²",3,2,"Thanh Xuân Trung, Thanh Xuân","20.9972763061523, 105.80298614502"
41132590,06/03/2025,"6/03 The Golden Palm 21 Lê Văn Lương 66m2 5.5 tỷ - 105m2 7,5 tỷ - 117m2 8,5tỷ - 130m2 9 tỷ","7,5 tỷ",105 m²,"71,43 tr/m²",3,2,"Nhân Chính, Thanh Xuân","21.006311, 105.80748"
39314876,06/03/2025,"Quỹ căn giá tốt 05/03 The Legend 64m2 5,5 tỷ - 73m2 6,4 tỷ - 85m2 giá 6,4 106m2 giá 8,5 tỷ","8,5 tỷ",106 m²,"80,19 tr/m²",3,2,"Thanh Xuân Trung, Thanh Xuân","21.0046138763428, 105.804077148438"
42337361,06/03/2025,Quỹ căn giá ngoại giao tốt nhất tại Viha Complex 107 Nguyễn Tuân Thanh Xuân,Giá thỏa thuận,118 m²,N/A,3,2,"Thanh Xuân Trung, Thanh Xuân","20.9972094457251, 105.80391334402"
42269343,06/03/2025,"Cập nhật quỹ 10 căn 3PN, 4 PN đẹp tháng 3/2025 tại Diamond Resident Lê Văn Lương",14 tỷ,144 m²,"97,22 tr/m²",3,3,"Nhân Chính, Thanh Xuân","21.0057294226402, 105.805287519104"
42269356,06/03/2025,"Quỹ căn hộ 25 Lê Văn Lương Diamond Resident T2/2025:  62, 105,107, 120, 144, 146, 151, 161, 202m2","19,2 tỷ",202 m²,"95,05 tr/m²",4,4,"Nhân Chính, Thanh Xuân","21.005405723748, 105.805049647259"
42349160,06/03/2025,Bán căn góc Vip 3pn trung tâm Thanh Xuân 118m2 tts 10.5 tỷ nội thất cơ bản gần CV bể bơi 0966 849 ***,"10,5 tỷ",118 m²,"88,98 tr/m²",3,N/A,"Thanh Xuân Trung, Thanh Xuân","20.99754033805944, 105.80292897651705"
31032113,06/03/2025,"Bán căn hộ 2PN, 3PN trung tâm quận Thanh Xuân sổ đỏ trao tay. LH xem nhà: 0899 822 ***",Giá thỏa thuận,127 m²,N/A,2,2,"Thanh Xuân Trung, Thanh Xuân","20.9974040985107, 105.804061889648"
42347032,06/03/2025,"Tổng Hợp Căn Cần BÁN tại Hapulico Complex 2PN-3PN,DT 88m2-102m2-108m2-118m2-140m2 MỚI NHẤT-GIÁ TỐT",7 tỷ,102 m²,"68,63 tr/m²",3,2,"Thanh Xuân Trung, Thanh Xuân","21.0007905829405, 105.807296522647"
41710435,06/03/2025,"Bán căn hộ Nguyễn Trãi, gần TTTM Royal, 1PN, 2PN (34m2, 50m2), full đồ","1,28 tỷ",34 m²,"37,65 tr/m²",1,N/A,"Khương Đình, Thanh Xuân","20.9878014817163, 105.800908229536"
42087124,05/03/2025,"PKD CĐT bán căn hộ The Diamond Residence, giá thỏa thuận, 144m2, view đẹp, chính chủ",14 tỷ,144 m²,"97,22 tr/m²",3,3,"Nhân Chính, Thanh Xuân","21.005367947368274, 105.80534474240412"
42341623,05/03/2025,Chuyên căn hộ 25 Lê Văn Lương 62-105-107-120-144-146-151-161-202m2. Liên hệ Ms. Thảo: 0962 317 ***,15 tỷ,144 m²,"104,17 tr/m²",4,3,"Nhân Chính, Thanh Xuân","21.0052261352539, 105.805061340332"
42341119,05/03/2025,Chuyên căn hộ Viha 107 Nguyễn Tuân liên hệ Ms. Thảo: 0962 317 ***,10 tỷ,118 m²,"84,75 tr/m²",4,3,"Thanh Xuân Trung, Thanh Xuân","20.997587, 105.80383"
42339487,05/03/2025,"Cần bán căn góc 3PN tòa Thanh Xuân Complex. Tầng đẹp view biệt thự thoáng giá 10,8 tỷ 0967 175 ***","10,8 tỷ","122,6 m²","88,09 tr/m²",3,2,"Thanh Xuân Trung, Thanh Xuân","20.9990401929515, 105.804344591434"
42339333,05/03/2025,"Thiện chí - giá thật gia đình cần bán căn 2 ngủ giá 6 tỷ, căn 3 ngủ giá 8,x tỷ trong tháng này",6 tỷ,72 m²,"83,33 tr/m²",2,2,"Thanh Xuân Trung, Thanh Xuân","20.99865116142359, 105.80799509619837"
42338124,05/03/2025,Trực tiếp CĐT bán căn hộ 118m2 góc đẹp nhất dự án giá ~ 90tr/m2 LH 0965 826 ***,"10,62 tỷ",118 m²,90 tr/m²,3,3,"Thanh Xuân Trung, Thanh Xuân","20.997551783029895, 105.80294376968463"
42333768,04/03/2025,(The Legend -109 NT) cập nhập quỹ căn 2pn và 3pn gửi bán giá tốt em đã lọc trước căn cho khách hàng,"8,7 tỷ",106 m²,"82,08 tr/m²",2,2,"Nhân Chính, Thanh Xuân","21.0045058216802, 105.803678469124"
42326542,04/03/2025,"Chính chủ bán gấp chung cư Star Tower 283 Khương Trung, 5,2 tỷ, 90m2","5,2 tỷ",90 m²,"57,78 tr/m²",3,2,"Khương Trung, Thanh Xuân","20.996811166833204, 105.8179566971723"
42331361,04/03/2025,"Bán căn hộ CC The legend 64m2 giá 5.5 tỷ - 73m, giá 6.2 tỷ - 86m, 3PN, Giá 7.8 tỷ - 105m giá 8.5 tỷ","5,5 tỷ",64 m²,"85,94 tr/m²",2,2,"Nhân Chính, Thanh Xuân","21.0045994491785, 105.803557959238"
42331307,04/03/2025,"Duy nhất - Bán căn hộ trục đẹp nhất, diện tích lớn nhất, có ban công tại King Palace, 3N2WC 125m2",10 tỷ,125 m²,80 tr/m²,3,2,"Thượng Đình, Thanh Xuân","20.9997210450342, 105.815992029361"
40874699,04/03/2025,"Quỹ căn tháng 03/2025 The Legend giá tốt, diện tích: 64m2-5.5tỷ, 73m2-6tỷ2, 86m2-7.5tỷ, 105m2-8.8tỷ","8,8 tỷ",105 m²,"83,81 tr/m²",3,2,"Nhân Chính, Thanh Xuân","21.0046138763428, 105.804077148438"
42328844,04/03/2025,"Bán nhanh nhà tập thể Thanh Xuân Bắc DT sử dụng 65m2, 2PN, 2VS, full nội thất mới, ở luôn, dv nhiều","3,08 tỷ",65 m²,"47,38 tr/m²",2,2,"Thanh Xuân Bắc, Thanh Xuân","20.9935852918776, 105.797987545557"
42235483,04/03/2025,"Chính chủ bán căn hộ chung cư N3B khu Trung Hòa Nhân Chính, Thanh Xuân, Hà Nội. DT: 50m2, 2pn","3,1 tỷ",50 m²,62 tr/m²,2,1,"Nhân Chính, Thanh Xuân","21.0043104626625, 105.803273127331"
42327629,04/03/2025,Mở bán quỹ căn ngoại giao chung cư cao cấp Handico Complex 33 Lê Văn Lương,6 tỷ,70 m²,"85,71 tr/m²",2,2,"Nhân Chính, Thanh Xuân","21.003331775294, 105.802465472045"
42325358,04/03/2025,"Chính chủ bán gấp căn hộ Quận Thanh Xuân Goldseason DT 90 m2 3pn 2vệ sinh giá 7,4 tỷ","7,4 tỷ",90 m²,"82,22 tr/m²",3,2,"Thanh Xuân Trung, Thanh Xuân","20.994543258799474, 105.80551717295948"
42324948,04/03/2025,"Bán căn hộ full nội thất giá cực chất tại Rivera Park thanh xuân Hà Nội, 6,6 tỷ, 72m2 2pn 2vs","6,6 tỷ",72 m²,"91,67 tr/m²",2,2,"Thanh Xuân Trung, Thanh Xuân","20.998975397281935, 105.80849751664853"
42324824,04/03/2025,Bán quỹ căn hộ Imperia Garden nhà DT 66m2 - 75m2 - 80m2 (2n) 79m2 - 97m2 - 110m2 (3n) - 0988 246 ***,"8,5 tỷ",90 m²,"94,44 tr/m²",3,N/A,"Thanh Xuân Trung, Thanh Xuân","20.997606422753336, 105.8032636907833"
39264338,03/03/2025,"BQL tổng hợp quỹ căn mới nhất: 2PN và 3PN giá tốt, căn hộ đã sẵn sổ để giao dịch. LH: 0961 846 ***",5 tỷ,66 m²,"75,76 tr/m²",2,2,"Nhân Chính, Thanh Xuân","21.006311, 105.80748"
42321097,03/03/2025,"Căn Penhouse phong cách đương đại, sang trọng, hứa hẹn là một không gian sống ấn tượng. Xem thêm",26 tỷ,269 m²,"96,65 tr/m²",4,3,"Thanh Xuân Trung, Thanh Xuân","20.994141401725543, 105.80742237556328"
41718578,03/03/2025,"Quỹ căn Golden Palm 2PN,3PN tháng 12 giá tốt nhất dự án, 66m2-5.5tỷ, 81m2, 83m2,105m2, 118m2, 125m2",8 tỷ,104 m²,"76,92 tr/m²",3,2,"Nhân Chính, Thanh Xuân","21.006311, 105.80748"
42221724,03/03/2025,Quỹ căn giá tốt 2 - 3 PN toà The Legend Nguyễn Tuân. Đơn giá chỉ 85 triệu/m2. LH 0978 965 *** Thành,8 tỷ,90 m²,"88,89 tr/m²",3,2,"Nhân Chính, Thanh Xuân","21.00409964595712, 105.80376613590138"
42317990,03/03/2025,"Chính chủ cần bán căn hộ R5 Royal City tại dự án Royal City, Hà Nội.","9,5 tỷ",105 m²,"90,48 tr/m²",3,N/A,"Thượng Đình, Thanh Xuân","21.0026664733887, 105.8154296875"
42022832,03/03/2025,"0986 231 ***! Quỹ căn ngoại giao ký trực tiếp CĐT.TẦNG 16 VÀ 20,GIÁ:73tr/m2","5,14 tỷ","70,4 m²",73 tr/m²,N/A,N/A,"Nhân Chính, Thanh Xuân","21.0028824033272, 105.802216375911"
42316988,03/03/2025,"Bán CC đẹp xuất sắc tại The Legend Tower 109 Nguyễn Tuân, 6,6 tỷ, 73m2 2ngủ 2 vệ sinh lh 0369 736 ***","6,6 tỷ",73 m²,"90,41 tr/m²",2,2,"Nhân Chính, Thanh Xuân","21.005289591521876, 105.80349089553557"
42238762,03/03/2025,"Tôi chính chủ bán căn 08 ĐN 2, ban công ĐN, 3PN 2WC tại Hà Nội Center Point, 7,6 tỷ, 80m2, view đẹp","7,6 tỷ",80 m²,95 tr/m²,3,2,"Nhân Chính, Thanh Xuân","21.0043801964191, 105.804357235152"
38879162,02/03/2025,"BQL tổng hợp quỹ căn mới nhất: 2PN và 3PN giá tốt, căn hộ đã sẵn sổ để giao dịch. LH: 0961 846 ***","8,8 tỷ",101 m²,"87,13 tr/m²",N/A,N/A,"Thanh Xuân Trung, Thanh Xuân","20.9972763061523, 105.80298614502"
42312508,02/03/2025,"Tôi cần bán gấp căn 78m2 tầng trung tòa Cenco1 số 1 Hoàng Đạo Thúy giá 5,2 tỷ full nội thất mới đẹp","5,2 tỷ",78 m²,"66,67 tr/m²",2,2,"Nhân Chính, Thanh Xuân","21.0043847402331, 105.806337697929"
42308360,01/03/2025,"Chính chủ bán căn 96m2, căn góc P3, tầng 20 thoáng mát, cam kết không ảo, sắp có sổ","6,3 tỷ",96 m²,"65,62 tr/m²",3,2,"Phương Liệt, Thanh Xuân","20.985552833327482, 105.83947816062928"
42307588,01/03/2025,Cần bán căn hộ siêu đẹp tại Royal City 165m2 siêu rộng,15 tỷ,165 m²,"90,91 tr/m²",3,2,"Thượng Đình, Thanh Xuân","21.002439119625777, 105.81587034698306"
42301107,28/02/2025,"Chung cư cao cấp 90m2 Hạ Đình - phân khu riêng biệt yên tĩnh giữa lòng Thanh Xuân chỉ với 4,75 tỷ","4,75 tỷ",90 m²,"52,78 tr/m²",2,2,"Hạ Đình, Thanh Xuân","20.989533487669, 105.8087320657"
42296772,28/02/2025,"Chỉ duy nhất một căn ngoại giao Duplex 4PN - 3WC view đẹp, giá tốt nhất thị trường",Giá thỏa thuận,145 m²,N/A,4,3,"Thanh Xuân Trung, Thanh Xuân","20.9977058871644, 105.803796333313"
42296475,28/02/2025,Cơ hội sở hữu căn hộ 3PN cuối cùng thiết kế đẳng cấp tại Vihacomplex Nguyễn Tuân,"8,8 tỷ",97 m²,"90,67 tr/m²",3,2,"Thanh Xuân Trung, Thanh Xuân","20.9977058871644, 105.803796333313"
42297860,28/02/2025,Siêu hot - bán căn hộ Royal City giá tốt nhất thị trường - đa dạng diện tích - chính chủ,Giá thỏa thuận,105 m²,N/A,2,2,"Thượng Đình, Thanh Xuân","21.0028890360351, 105.815622882207"
42298145,28/02/2025,Bán tập thể tầng 5 - sổ đỏ 36m2 - ngõ 328 Nguyễn Trãi - Thanh Xuân Trung - Thanh Xuân - Hà Nội,"2,98 tỷ",36 m²,"82,78 tr/m²",2,1,"Thanh Xuân Trung, Thanh Xuân","20.9875158363389, 105.800422043736"
42337182,05/03/2025,Tôi cần chuyển nhượng căn 3PN giá giá tốt nhất thị trường view công viên,"6,72 tỷ",80 m²,84 tr/m²,3,2,·,"21.00338331005746, 105.80239851856278"
42143864,04/03/2025,Chính thức: Mở bán quỹ căn 33 Lê Văn Lương - Handico Complex| Tầng đẹp - Giá tốt nhất,6 tỷ,70 m²,"85,71 tr/m²",2,2,·,"21.0034129714648, 105.801576323038"
42272069,26/02/2025,HANDICO 33 LÊ VĂN LƯƠNG  QUỸ CĂN ĐỘC QUYỀN 36 CĂN  CƠ HỘI ĐẦU TƯ VÀ AN CƯ HOÀN HẢO,"6,02 tỷ",70 m²,86 tr/m²,2,2,·,"21.003248045257493, 105.80197163710375"
42353994,06/03/2025,Bán CCMN Kim Giang - Thang Xuân. Xây Mới 6T Thang Máy - Ngõ Ô Tô - 2 MT-3 Bước Ra Phố-Full Nội Thất,"15,5 tỷ",50 m²,310 tr/m²,9,10,"Phương Liệt, Thanh Xuân","20.9834224264887, 105.815116746636"
42353469,06/03/2025,Quỹ căn cần bán gấp 03/2025 tại Royal City. Cam kết có slot oto. Full tiện ích 5sao. LH 0375 122 ***,"10,2 tỷ",130 m²,"78,46 tr/m²",3,2,"Thượng Đình, Thanh Xuân","21.00264838570286, 105.81559045343649"
42343462,06/03/2025,"Quỹ căn ngoại giao (118m2, duplex 145m2) giá tốt nhất siêu hời, quỹ ẩn trực tiếp CĐT, LH 0966 088 ***","9,68 tỷ",118 m²,82 tr/m²,4,4,"Thanh Xuân Trung, Thanh Xuân","20.999149478828, 105.802589487131"
42346535,06/03/2025,"Bán căn góc siêu hiếm chỉ 8xtr/m2 tại Viha Nguyễn Tuân, chiết khấu ngay 6%, HTLS 0% đến 31/12/2025",Giá thỏa thuận,118 m²,N/A,4,3,"Thanh Xuân Trung, Thanh Xuân","20.99681527818862, 105.80357393352186"
41969696,05/03/2025,"Căn hộ Handico Complex và giá bán DT 70m2, 74m2, 83m2. Chính sách mới áp dụng ngay","6,97 tỷ",83 m²,84 tr/m²,2,3,"Nhân Chính, Thanh Xuân","21.0032857836416, 105.80297882625"
42138924,05/03/2025,"Bán xuất mua ngoại giao căn hộ tại 33 Lê Văn Lương Handico Complex, 85 triệu/m, 2PN, 3PN,0817 936 ***","6,8 tỷ",80 m²,85 tr/m²,2,2,"Nhân Chính, Thanh Xuân","21.0033833313517, 105.801993859643"
39414883,04/03/2025,"Tổng hợp quỹ căn hộ 2PN + 3PN diện tích 72m2, 93m2, 104m2 CC Rivera Park - Em Quyết BĐS giá thật","6,1 tỷ",72 m²,"84,72 tr/m²",2,2,"Thanh Xuân Trung, Thanh Xuân","20.9991188049316, 105.808441162109"
41606535,03/03/2025,Chính thức bàn giao sổ hồng cho cư dân em sẵn quỹ căn 3 - 4 phòng ngủ chủ nhà gửi bản sẵn sổ giá rẻ,14 tỷ,161 m²,"86,96 tr/m²",4,3,"Nhân Chính, Thanh Xuân","21.0050184808367, 105.805223224806"
42127647,03/03/2025,Quỹ căn hộ trực tiếp CĐT và chính chủ giá sát tốt nhất dự án BRG Diamond Residence Lê Văn Lương,Giá thỏa thuận,161 m²,N/A,4,3,"Nhân Chính, Thanh Xuân","21.00507508766829, 105.80488660652036"
42032007,28/02/2025,"Tổng hợp quỹ căn hộ 1PN, 2PN, 3PN, 4PN, duplex, đập thông đang bán tại Royal City, LH: 0365 691 ***",Giá thỏa thuận,131 m²,N/A,N/A,N/A,"Thượng Đình, Thanh Xuân","21.002278429230017, 105.81525568516578"
42141094,28/02/2025,"Cập nhật quỹ căn 2 - 3PN giá tốt nhất tại 33 Lê Văn Lương, xem nhà LH 0328 905 *** (Ms Trà Mi)",6 tỷ,70 m²,"85,71 tr/m²",2,2,"Nhân Chính, Thanh Xuân","21.002489031851, 105.802464307376"
41933841,25/02/2025,"(Hiếm) nhượng lại suất ngoại giao tại Handico Complex, 74,5m2, 2PN, 2VS ký HĐ trực tiếp HĐ 4,8 tỷ","4,8 tỷ","74,5 m²","64,43 tr/m²",2,2,"Nhân Chính, Thanh Xuân","21.0033561555523, 105.802377751391"
41738689,06/03/2025,Hàng hiếm! Quỹ căn ngoại giao độc nhất tại dự án Viha Complex 107 Nguyễn Tuân giá rẻ. LH 0988 160 ***,"6,48 tỷ",72 m²,90 tr/m²,2,2,"Thanh Xuân Trung, Thanh Xuân","20.997587, 105.80383"
41132630,06/03/2025,"6/03 Imperia Garden 2 PN 66m2 - 5,5 tỷ, 75m2 - 5,8 tỷ - 3PN, 97m2 giá 7,5 tỷ, 120m2 9.5 tỷ","7,5 tỷ",97 m²,"77,32 tr/m²",3,2,"Thanh Xuân Trung, Thanh Xuân","20.9972763061523, 105.80298614502"
41132590,06/03/2025,"6/03 The Golden Palm 21 Lê Văn Lương 66m2 5.5 tỷ - 105m2 7,5 tỷ - 117m2 8,5tỷ - 130m2 9 tỷ","7,5 tỷ",105 m²,"71,43 tr/m²",3,2,"Nhân Chính, Thanh Xuân","21.006311, 105.80748"
39314876,06/03/2025,"Quỹ căn giá tốt 05/03 The Legend 64m2 5,5 tỷ - 73m2 6,4 tỷ - 85m2 giá 6,4 106m2 giá 8,5 tỷ","8,5 tỷ",106 m²,"80,19 tr/m²",3,2,"Thanh Xuân Trung, Thanh Xuân","21.0046138763428, 105.804077148438"
42337361,06/03/2025,Quỹ căn giá ngoại giao tốt nhất tại Viha Complex 107 Nguyễn Tuân Thanh Xuân,Giá thỏa thuận,118 m²,N/A,3,2,"Thanh Xuân Trung, Thanh Xuân","20.9972094457251, 105.80391334402"
42269343,06/03/2025,"Cập nhật quỹ 10 căn 3PN, 4 PN đẹp tháng 3/2025 tại Diamond Resident Lê Văn Lương",14 tỷ,144 m²,"97,22 tr/m²",3,3,"Nhân Chính, Thanh Xuân","21.0057294226402, 105.805287519104"
42269356,06/03/2025,"Quỹ căn hộ 25 Lê Văn Lương Diamond Resident T2/2025:  62, 105,107, 120, 144, 146, 151, 161, 202m2","19,2 tỷ",202 m²,"95,05 tr/m²",4,4,"Nhân Chính, Thanh Xuân","21.005405723748, 105.805049647259"
42349160,06/03/2025,Bán căn góc Vip 3pn trung tâm Thanh Xuân 118m2 tts 10.5 tỷ nội thất cơ bản gần CV bể bơi 0966 849 ***,"10,5 tỷ",118 m²,"88,98 tr/m²",3,N/A,"Thanh Xuân Trung, Thanh Xuân","20.99754033805944, 105.80292897651705"
31032113,06/03/2025,"Bán căn hộ 2PN, 3PN trung tâm quận Thanh Xuân sổ đỏ trao tay. LH xem nhà: 0899 822 ***",Giá thỏa thuận,127 m²,N/A,2,2,"Thanh Xuân Trung, Thanh Xuân","20.9974040985107, 105.804061889648"
42347032,06/03/2025,"Tổng Hợp Căn Cần BÁN tại Hapulico Complex 2PN-3PN,DT 88m2-102m2-108m2-118m2-140m2 MỚI NHẤT-GIÁ TỐT",7 tỷ,102 m²,"68,63 tr/m²",3,2,"Thanh Xuân Trung, Thanh Xuân","21.0007905829405, 105.807296522647"
41710435,06/03/2025,"Bán căn hộ Nguyễn Trãi, gần TTTM Royal, 1PN, 2PN (34m2, 50m2), full đồ","1,28 tỷ",34 m²,"37,65 tr/m²",1,N/A,"Khương Đình, Thanh Xuân","20.9878014817163, 105.800908229536"
42087124,05/03/2025,"PKD CĐT bán căn hộ The Diamond Residence, giá thỏa thuận, 144m2, view đẹp, chính chủ",14 tỷ,144 m²,"97,22 tr/m²",3,3,"Nhân Chính, Thanh Xuân","21.005367947368274, 105.80534474240412"
42341623,05/03/2025,Chuyên căn hộ 25 Lê Văn Lương 62-105-107-120-144-146-151-161-202m2. Liên hệ Ms. Thảo: 0962 317 ***,15 tỷ,144 m²,"104,17 tr/m²",4,3,"Nhân Chính, Thanh Xuân","21.0052261352539, 105.805061340332"
42341119,05/03/2025,Chuyên căn hộ Viha 107 Nguyễn Tuân liên hệ Ms. Thảo: 0962 317 ***,10 tỷ,118 m²,"84,75 tr/m²",4,3,"Thanh Xuân Trung, Thanh Xuân","20.997587, 105.80383"
42339487,05/03/2025,"Cần bán căn góc 3PN tòa Thanh Xuân Complex. Tầng đẹp view biệt thự thoáng giá 10,8 tỷ 0967 175 ***","10,8 tỷ","122,6 m²","88,09 tr/m²",3,2,"Thanh Xuân Trung, Thanh Xuân","20.9990401929515, 105.804344591434"
42339333,05/03/2025,"Thiện chí - giá thật gia đình cần bán căn 2 ngủ giá 6 tỷ, căn 3 ngủ giá 8,x tỷ trong tháng này",6 tỷ,72 m²,"83,33 tr/m²",2,2,"Thanh Xuân Trung, Thanh Xuân","20.99865116142359, 105.80799509619837"
42338124,05/03/2025,Trực tiếp CĐT bán căn hộ 118m2 góc đẹp nhất dự án giá ~ 90tr/m2 LH 0965 826 ***,"10,62 tỷ",118 m²,90 tr/m²,3,3,"Thanh Xuân Trung, Thanh Xuân","20.997551783029895, 105.80294376968463"
42333768,04/03/2025,(The Legend -109 NT) cập nhập quỹ căn 2pn và 3pn gửi bán giá tốt em đã lọc trước căn cho khách hàng,"8,7 tỷ",106 m²,"82,08 tr/m²",2,2,"Nhân Chính, Thanh Xuân","21.0045058216802, 105.803678469124"
42326542,04/03/2025,"Chính chủ bán gấp chung cư Star Tower 283 Khương Trung, 5,2 tỷ, 90m2","5,2 tỷ",90 m²,"57,78 tr/m²",3,2,"Khương Trung, Thanh Xuân","20.996811166833204, 105.8179566971723"
42331361,04/03/2025,"Bán căn hộ CC The legend 64m2 giá 5.5 tỷ - 73m, giá 6.2 tỷ - 86m, 3PN, Giá 7.8 tỷ - 105m giá 8.5 tỷ","5,5 tỷ",64 m²,"85,94 tr/m²",2,2,"Nhân Chính, Thanh Xuân","21.0045994491785, 105.803557959238"
42331307,04/03/2025,"Duy nhất - Bán căn hộ trục đẹp nhất, diện tích lớn nhất, có ban công tại King Palace, 3N2WC 125m2",10 tỷ,125 m²,80 tr/m²,3,2,"Thượng Đình, Thanh Xuân","20.9997210450342, 105.815992029361"
40874699,04/03/2025,"Quỹ căn tháng 03/2025 The Legend giá tốt, diện tích: 64m2-5.5tỷ, 73m2-6tỷ2, 86m2-7.5tỷ, 105m2-8.8tỷ","8,8 tỷ",105 m²,"83,81 tr/m²",3,2,"Nhân Chính, Thanh Xuân","21.0046138763428, 105.804077148438"
42328844,04/03/2025,"Bán nhanh nhà tập thể Thanh Xuân Bắc DT sử dụng 65m2, 2PN, 2VS, full nội thất mới, ở luôn, dv nhiều","3,08 tỷ",65 m²,"47,38 tr/m²",2,2,"Thanh Xuân Bắc, Thanh Xuân","20.9935852918776, 105.797987545557"
42235483,04/03/2025,"Chính chủ bán căn hộ chung cư N3B khu Trung Hòa Nhân Chính, Thanh Xuân, Hà Nội. DT: 50m2, 2pn","3,1 tỷ",50 m²,62 tr/m²,2,1,"Nhân Chính, Thanh Xuân","21.0043104626625, 105.803273127331"
42327629,04/03/2025,Mở bán quỹ căn ngoại giao chung cư cao cấp Handico Complex 33 Lê Văn Lương,6 tỷ,70 m²,"85,71 tr/m²",2,2,"Nhân Chính, Thanh Xuân","21.003331775294, 105.802465472045"
42325358,04/03/2025,"Chính chủ bán gấp căn hộ Quận Thanh Xuân Goldseason DT 90 m2 3pn 2vệ sinh giá 7,4 tỷ","7,4 tỷ",90 m²,"82,22 tr/m²",3,2,"Thanh Xuân Trung, Thanh Xuân","20.994543258799474, 105.80551717295948"
42324948,04/03/2025,"Bán căn hộ full nội thất giá cực chất tại Rivera Park thanh xuân Hà Nội, 6,6 tỷ, 72m2 2pn 2vs","6,6 tỷ",72 m²,"91,67 tr/m²",2,2,"Thanh Xuân Trung, Thanh Xuân","20.998975397281935, 105.80849751664853"
42324824,04/03/2025,Bán quỹ căn hộ Imperia Garden nhà DT 66m2 - 75m2 - 80m2 (2n) 79m2 - 97m2 - 110m2 (3n) - 0988 246 ***,"8,5 tỷ",90 m²,"94,44 tr/m²",3,N/A,"Thanh Xuân Trung, Thanh Xuân","20.997606422753336, 105.8032636907833"
39264338,03/03/2025,"BQL tổng hợp quỹ căn mới nhất: 2PN và 3PN giá tốt, căn hộ đã sẵn sổ để giao dịch. LH: 0961 846 ***",5 tỷ,66 m²,"75,76 tr/m²",2,2,"Nhân Chính, Thanh Xuân","21.006311, 105.80748"
42321097,03/03/2025,"Căn Penhouse phong cách đương đại, sang trọng, hứa hẹn là một không gian sống ấn tượng. Xem thêm",26 tỷ,269 m²,"96,65 tr/m²",4,3,"Thanh Xuân Trung, Thanh Xuân","20.994141401725543, 105.80742237556328"
41718578,03/03/2025,"Quỹ căn Golden Palm 2PN,3PN tháng 12 giá tốt nhất dự án, 66m2-5.5tỷ, 81m2, 83m2,105m2, 118m2, 125m2",8 tỷ,104 m²,"76,92 tr/m²",3,2,"Nhân Chính, Thanh Xuân","21.006311, 105.80748"
42221724,03/03/2025,Quỹ căn giá tốt 2 - 3 PN toà The Legend Nguyễn Tuân. Đơn giá chỉ 85 triệu/m2. LH 0978 965 *** Thành,8 tỷ,90 m²,"88,89 tr/m²",3,2,"Nhân Chính, Thanh Xuân","21.00409964595712, 105.80376613590138"
42317990,03/03/2025,"Chính chủ cần bán căn hộ R5 Royal City tại dự án Royal City, Hà Nội.","9,5 tỷ",105 m²,"90,48 tr/m²",3,N/A,"Thượng Đình, Thanh Xuân","21.0026664733887, 105.8154296875"
42022832,03/03/2025,"0986 231 ***! Quỹ căn ngoại giao ký trực tiếp CĐT.TẦNG 16 VÀ 20,GIÁ:73tr/m2","5,14 tỷ","70,4 m²",73 tr/m²,N/A,N/A,"Nhân Chính, Thanh Xuân","21.0028824033272, 105.802216375911"
42316988,03/03/2025,"Bán CC đẹp xuất sắc tại The Legend Tower 109 Nguyễn Tuân, 6,6 tỷ, 73m2 2ngủ 2 vệ sinh lh 0369 736 ***","6,6 tỷ",73 m²,"90,41 tr/m²",2,2,"Nhân Chính, Thanh Xuân","21.005289591521876, 105.80349089553557"
42238762,03/03/2025,"Tôi chính chủ bán căn 08 ĐN 2, ban công ĐN, 3PN 2WC tại Hà Nội Center Point, 7,6 tỷ, 80m2, view đẹp","7,6 tỷ",80 m²,95 tr/m²,3,2,"Nhân Chính, Thanh Xuân","21.0043801964191, 105.804357235152"
38879162,02/03/2025,"BQL tổng hợp quỹ căn mới nhất: 2PN và 3PN giá tốt, căn hộ đã sẵn sổ để giao dịch. LH: 0961 846 ***","8,8 tỷ",101 m²,"87,13 tr/m²",N/A,N/A,"Thanh Xuân Trung, Thanh Xuân","20.9972763061523, 105.80298614502"
42312508,02/03/2025,"Tôi cần bán gấp căn 78m2 tầng trung tòa Cenco1 số 1 Hoàng Đạo Thúy giá 5,2 tỷ full nội thất mới đẹp","5,2 tỷ",78 m²,"66,67 tr/m²",2,2,"Nhân Chính, Thanh Xuân","21.0043847402331, 105.806337697929"
42308360,01/03/2025,"Chính chủ bán căn 96m2, căn góc P3, tầng 20 thoáng mát, cam kết không ảo, sắp có sổ","6,3 tỷ",96 m²,"65,62 tr/m²",3,2,"Phương Liệt, Thanh Xuân","20.985552833327482, 105.83947816062928"
42307588,01/03/2025,Cần bán căn hộ siêu đẹp tại Royal City 165m2 siêu rộng,15 tỷ,165 m²,"90,91 tr/m²",3,2,"Thượng Đình, Thanh Xuân","21.002439119625777, 105.81587034698306"
42301107,28/02/2025,"Chung cư cao cấp 90m2 Hạ Đình - phân khu riêng biệt yên tĩnh giữa lòng Thanh Xuân chỉ với 4,75 tỷ","4,75 tỷ",90 m²,"52,78 tr/m²",2,2,"Hạ Đình, Thanh Xuân","20.989533487669, 105.8087320657"
42296772,28/02/2025,"Chỉ duy nhất một căn ngoại giao Duplex 4PN - 3WC view đẹp, giá tốt nhất thị trường",Giá thỏa thuận,145 m²,N/A,4,3,"Thanh Xuân Trung, Thanh Xuân","20.9977058871644, 105.803796333313"
42296475,28/02/2025,Cơ hội sở hữu căn hộ 3PN cuối cùng thiết kế đẳng cấp tại Vihacomplex Nguyễn Tuân,"8,8 tỷ",97 m²,"90,67 tr/m²",3,2,"Thanh Xuân Trung, Thanh Xuân","20.9977058871644, 105.803796333313"
42297860,28/02/2025,Siêu hot - bán căn hộ Royal City giá tốt nhất thị trường - đa dạng diện tích - chính chủ,Giá thỏa thuận,105 m²,N/A,2,2,"Thượng Đình, Thanh Xuân","21.0028890360351, 105.815622882207"
42298145,28/02/2025,Bán tập thể tầng 5 - sổ đỏ 36m2 - ngõ 328 Nguyễn Trãi - Thanh Xuân Trung - Thanh Xuân - Hà Nội,"2,98 tỷ",36 m²,"82,78 tr/m²",2,1,"Thanh Xuân Trung, Thanh Xuân","20.9875158363389, 105.800422043736"
42274548,28/02/2025,"Quỹ căn Ngoại Giao dự án Viha Complex - Viha Leciva, cam kết rẻ nhất, cập nhật 24/24: 0977 917 ***","6,42 tỷ","72,11 m²",89 tr/m²,2,N/A,"Thanh Xuân Trung, Thanh Xuân","20.997587, 105.80383"
42295477,28/02/2025,"Gia đình cần bán gấp 2N Imperia ko đâu giá tốt bằng chỉ 6,3 tỷ 75m2. Để lại toàn bộ đồ","6,3 tỷ",75 m²,84 tr/m²,2,2,"Thanh Xuân Trung, Thanh Xuân","20.9972813505859, 105.80319159206"
42291995,28/02/2025,"Bán CC 2PN, 2WC tại Golden West, Lê Văn Thiêm, Nhân Chính, Thanh Xuân, 4,98 tỷ, 82,5m2","4,98 tỷ","82,5 m²","60,36 tr/m²",2,2,"Nhân Chính, Thanh Xuân","20.9936058854151, 105.798059956897"
42291170,28/02/2025,Bán căn hộ chung cư Five Star giá rẻ nhất quận Thanh Xuân,Giá thỏa thuận,84 m²,N/A,2,N/A,"Hạ Đình, Thanh Xuân","20.98631360988657, 105.81284637866415"
42281152,27/02/2025,"Bán căn hộ 2103 tại Tháp 2, toà nhà Times Tower 35 Lê Văn Lương, Thanh Xuân, Hà Nội","9,5 tỷ",128 m²,"74,22 tr/m²",3,2,"Nhân Chính, Thanh Xuân","21.0023124012467, 105.801889786781"
42181089,26/02/2025,Handico Complex 33 Lê Văn Lương - ký hđmb trực tiếp cđt - giá tốt nhất,7 tỷ,85 m²,"82,35 tr/m²",2,2,"Nhân Chính, Thanh Xuân","21.0042127481564, 105.802793613059"
42167258,26/02/2025,Nhận cọc thưởng phạt quỹ căn 2PN - 3PN và suất ngoại giao ký HĐMB trực tiếp dự án Handico Complex,Giá thỏa thuận,70 m²,N/A,2,N/A,"Nhân Chính, Thanh Xuân","21.0038225432011, 105.802021059336"
42265823,25/02/2025,Cập nhật quỹ căn Chuyển Nhượng; Ngoại giao; Quỹ Ẩn tại Viha Complex 107 Nguyễn Tuân giá tốt nhất,"6,89 tỷ",79 m²,"87,22 tr/m²",N/A,N/A,"Thanh Xuân Trung, Thanh Xuân","20.997469385281395, 105.80349436112489"
41874612,25/02/2025,"Bán CH The Legend diện tích 85,5m2 thiết kế 3N - 2W, full nội thất, giá 7,8 tỷ có thương lượng","7,8 tỷ","85,5 m²","91,23 tr/m²",3,2,"Nhân Chính, Thanh Xuân","21.004697255091, 105.804778482882"
42045989,25/02/2025,"Bán tập thể tầng 1 nhà A ngõ 133 Nguyễn Trãi, P Thượng Đình, Quận Thanh Xuân 2.9 tỷ","2,9 tỷ",60 m²,"48,33 tr/m²",2,2,"Thượng Đình, Thanh Xuân","20.9876965960381, 105.800305450052"
42262959,25/02/2025,5 SUẤT NGOẠI GIAO CHỈ 80TR/M2 HANDICO 33 LÊ VĂN LƯƠNG - 0915 122 ***,"5,6 tỷ",70 m²,80 tr/m²,2,2,"Nhân Chính, Thanh Xuân","21.00339704494966, 105.80245024909557"
42230508,21/02/2025,"0936 461 *** chính thức độc quyền bán CHCC Handico 33 Lê Văn Lương, Thanh Xuân, HN",Giá thỏa thuận,70 m²,N/A,2,N/A,"Nhân Chính, Thanh Xuân","21.003582715285035, 105.80207830479829"
42068844,20/02/2025,"Bán gấp, chung cư mini A1 phố Thượng Đình - Ngã Tư Sở - Royal City full đồ, nhận nhà ở luôn","1,79 tỷ",55 m²,"32,54 tr/m²",2,2,"Thượng Đình, Thanh Xuân","20.9977192547531, 105.81595969422"
36659917,07/03/2025,"Chính chủ bán căn hộ 90 Nguyễn Tuân 71m2, 2N2WC, giá 5.4 tỷ LH: 0965 066 ***","5,4 tỷ",71 m²,"76,06 tr/m²",2,2,"Thanh Xuân Trung, Thanh Xuân","20.9962978363037, 105.805633544922"
32969748,07/03/2025,"Vợ chồng tôi chuyển công tác cần bán căn hộ hướng Đông Nam 2PN2WC Rivera Park, 71m2, giá 5.4 tỷ","5,4 tỷ",71 m²,"76,06 tr/m²",2,2,"Thanh Xuân Trung, Thanh Xuân","20.9991188049316, 105.808441162109"
37902189,07/03/2025,"(Giá thật) tôi cần bán CH tòa The Legend 109 Nguyễn Tuân 72m2, 2PN 2WC giá: 6.2 tỷ LH: 0965 066 ***","6,2 tỷ",73 m²,"84,93 tr/m²",2,2,"Nhân Chính, Thanh Xuân","21.0046138763428, 105.804077148438"
42248052,06/03/2025,"Gia đình thiện chí bán căn hộ 123m, 3 ngủ ở toà Thống Nhất Complex 82 Nguyễn Tuân, căn góc, căn góc",9 tỷ,123 m²,"73,17 tr/m²",3,2,"Thanh Xuân Trung, Thanh Xuân","20.997931474669347, 105.80350285286502"
42135837,06/03/2025,"Chính chủ bán căn Imperia Garden Nguyễn Huy Tưởng, tầng trung 2 pn, 70m2, ban công ĐN, nhỉnh 5tỷ","5,1 tỷ",70 m²,"72,86 tr/m²",2,2,"Thanh Xuân Trung, Thanh Xuân","20.9977882938091, 105.802868899317"
42356237,06/03/2025,"Bán chung cư Khương Trung 3 ngủ , nhà đẹp , nội thất đắng cấp - 5.85 tỷ","5,85 tỷ",87 m²,"67,24 tr/m²",3,2,"Khương Trung, Thanh Xuân","20.996604474085345, 105.81830021098574"
41282960,06/03/2025,Chính chủ bán 120m2 Times Tower Lê Văn Lương 8 tỷ. Alo ngay: 0364 079 ***,8 tỷ,120 m²,"66,67 tr/m²",3,2,"Nhân Chính, Thanh Xuân","21.002634, 105.80156"
42330610,06/03/2025,Chính chủ bán gấp 3Pn -106m2 tại The Legend 109 Nguyễn Tuân chỉ 8.88 tỷ. LH: 0364 079 ***,"8,88 tỷ",106 m²,"83,77 tr/m²",3,2,"Nhân Chính, Thanh Xuân","21.003956272342446, 105.80432385005737"
42356217,06/03/2025,"CĂN TỐT! Bán Căn 2 ngủ, 70m2 tại Mỹ Sơn Tower, 2.9 tỷ, Full Nội Thất, view thành phố đẹp","2,9 tỷ",70 m²,"41,43 tr/m²",2,2,"Thanh Xuân Trung, Thanh Xuân","20.999410568064672, 105.80702358696695"
41968869,06/03/2025,"Chính chủ bán căn hộ phố Khương Trung - Thanh Xuân 50m2, 2 phòng ngủ 1.65 tỷ ở ngay, sổ đỏ","1,65 tỷ",50 m²,33 tr/m²,2,1,"Khương Trung, Thanh Xuân","20.9955301746024, 105.817996711182"
41719220,06/03/2025,"Bán gấp căn 4 pn 2wc tại Mỹ Sơn Tower, Full đồ đẹp, view thoáng mát, giá rẻ nhất tòa chỉ 7.5 tỷ",4 tỷ,180 m²,"22,22 tr/m²",4,2,"Thanh Xuân Trung, Thanh Xuân","20.999387741088867, 105.80726623535156"
17182646,06/03/2025,"Chủ đầu tư bán chung cư cao cấp phố Ngã Tư Sở, Khương Đình 2PN. Full nội thất",Giá thỏa thuận,52 m²,N/A,2,2,"Khương Đình, Thanh Xuân","20.9911336, 105.8132797"
39545061,06/03/2025,Vợ chồng em bán CHCC 90 Nguyễn Tuân 2pn full đồ tầng đẹp view thoáng giá rẻ. LH: 0987 362 ***,"5,5 tỷ","71,2 m²","77,25 tr/m²",2,2,"Thanh Xuân Trung, Thanh Xuân","20.9962978363037, 105.805633544922"
41840197,06/03/2025,Chính chủ bán CH tại Handi Resco Lê Văn Lương 66m2 2PN tầng trung view thoáng LH: 0987 362 ***,5 tỷ,66 m²,"75,76 tr/m²",2,2,"Nhân Chính, Thanh Xuân","21.0036389473477, 105.802956889873"
40898342,06/03/2025,"CH tại Hanoi Center Point 27 Lê Văn Lương 80m2 3pn căn góc full đồ luxury mới đẹp, bc Đông Nam",7 tỷ,80 m²,"87,5 tr/m²",3,2,"Nhân Chính, Thanh Xuân","21.0048179626465, 105.804672241211"
42349756,06/03/2025,"Chính chủ bán CH Hei Tower 164m2 căn góc bc Đông Nam, có lốt ô tô full đồ giá rẻ. LH: 0987 362 ***",9 tỷ,164 m²,"54,88 tr/m²",3,2,"Nhân Chính, Thanh Xuân","21.002968014730733, 105.80555321829902"
41732438,06/03/2025,"Bán CC Legend Tower 109 Nguyễn Tuân 105m2 3PN full đồ, tầng trung, sẵn sổ, giá rẻ. LH: 0987 362 ***",9 tỷ,105 m²,"85,71 tr/m²",3,2,"Nhân Chính, Thanh Xuân","21.004614, 105.80408"
40844598,06/03/2025,Vợ chồng e bán nhanh căn hộ chung cư 3 phòng ngủ - Toà Golden Palm DT 124m2 giá 8 tỷ LH 0988 246 ***,8 tỷ,130 m²,"61,54 tr/m²",3,2,"Nhân Chính, Thanh Xuân","21.006311, 105.80748"
39392768,06/03/2025,Chính chủ bán nhanh căn hộ chung cư Gold Season 3 phòng ngủ - DT 102m2 giá 9.5 tỷ LH 0988 246 ***,"9,5 tỷ",102 m²,"93,14 tr/m²",3,2,"Thanh Xuân Trung, Thanh Xuân","20.9947719573975, 105.806129455566"
41472686,06/03/2025,Chính chủ cần bán nhanh căn hộ 2 pn toà nhà Royal City - DT 87m2 - Giá 7 tỷ - Lh 0988 246 ***,7 tỷ,87 m²,"80,46 tr/m²",2,2,"Thượng Đình, Thanh Xuân","21.002666473388672, 105.8154296875"
40844507,06/03/2025,Gia đình e bán cực gấp căn hộ chung cư Imperia Garden - 2 phòng ngủ 80m2 giá 6 tỷ LH 0988 246 ***,6 tỷ,80 m²,75 tr/m²,2,2,"Thanh Xuân Trung, Thanh Xuân","20.997276306152344, 105.80298614501953"
39637661,06/03/2025,"Vợ chồng em bán nhanh căn 128m2 Time Tower - 3PN - ban công Đông Nam - Giá 8,3 tỷ - LH 0988 246 ***","8,3 tỷ",128 m²,"64,84 tr/m²",3,N/A,"Nhân Chính, Thanh Xuân","21.0026340484619, 105.801559448242"
39187138,06/03/2025,Suất nội bộ giá tốt căn đẹp của dự án Viha 107 Nguyễn Tuân. Liên hệ ngay 0988 160 ***,"4,54 tỷ","73,3 m²",62 tr/m²,2,2,"Thanh Xuân Trung, Thanh Xuân","20.997587, 105.80383"
41627857,06/03/2025,"Quỹ căn dự án Viha Complex Viha Leciva đặc biệt nhất, cam kết rẻ nhất, tầng đẹp. LH 0988 160 ***","6,48 tỷ",72 m²,90 tr/m²,2,2,"Thanh Xuân Trung, Thanh Xuân","20.997587, 105.80383"
41502409,06/03/2025,(Tại sao) phải mua căn hộ Viha Leciva 107 Nguyễn Tuân giá đắt trong khi tôi có quỹ căn giá rẻ,Giá thỏa thuận,72 m²,N/A,2,2,"Thanh Xuân Trung, Thanh Xuân","20.9979413127988, 105.803126162073"
42355904,06/03/2025,"Nhà Phố Nguyễn Trãi, DÒNG TIỀN ỔN ĐỊNH gần 500tr/N. Nhà mới đẹp, ô tô đỗ cửa 15.6 Tỷ, 2 mặt thoáng.","15,6 tỷ",50 m²,312 tr/m²,N/A,N/A,"Thượng Đình, Thanh Xuân","20.987806661369, 105.80060285222"
42342442,06/03/2025,"Bán căn 3PN 2WC tầng cao view công viên hồ Nhân Chính 13ha. Ký HĐMB CĐT. Giá 6,74tỷ đã có nội thất","6,74 tỷ",80 m²,"84,25 tr/m²",3,2,"Nhân Chính, Thanh Xuân","21.0036277293497, 105.801763500235"
41220195,06/03/2025,"Giá thật k đăng ảo: Bán CH 3PN-2WC, DT 135m2, ban công ĐN, giá 7,5 tỷ,LH 0363 388 ***","7,5 tỷ",135 m²,"55,56 tr/m²",3,2,"Nhân Chính, Thanh Xuân","20.9996452331543, 105.799385070801"
40115935,06/03/2025,"Chính chủ bán CH 3PN 2WC, DT 105m2, giá 8,2 tỷ, tòa The Legend, full đồ, căn góc, LH 0363 388 ***","8,2 tỷ",105 m²,"78,1 tr/m²",3,2,"Nhân Chính, Thanh Xuân","21.0046138763428, 105.804077148438"
39735213,06/03/2025,"Chính chủ bán CH 2PN - 2WC, DT 75m2, tòa Imperia Garden 203 Nguyễn Huy Tưởng, giá 6 tỷ, 0363 388 ***",6 tỷ,75 m²,80 tr/m²,2,2,"Thanh Xuân Trung, Thanh Xuân","20.997310031517, 105.803096749396"
42355553,06/03/2025,Hiếm! IMPERIA GARDEN căn 2 NGủ diện tích 80m NT cơ bản giá 7.1 tỷ có TL,Giá thỏa thuận,80 m²,N/A,3,2,"Thanh Xuân Trung, Thanh Xuân","20.99732913939342, 105.80291988790265"
41933254,06/03/2025,"Cần bán tập thể Thanh Xuân - Nguyễn Quý Đức - Khuất Duy Tiến 65m2x2 ngủ, ở luôn","2,85 tỷ",65 m²,"43,85 tr/m²",2,N/A,"Thanh Xuân Bắc, Thanh Xuân","20.9954196481225, 105.800187172954"
42355535,06/03/2025,Hiếm! IMPERIA GARDEN căn 3 NGủ diện tích 121m NT cơ bản giá 11.3 tỷ có TL,Giá thỏa thuận,121 m²,N/A,3,2,"Thanh Xuân Trung, Thanh Xuân","20.99732913939342, 105.80291988790265"
41878217,06/03/2025,"Chủ cần bán tập thể 2PN, 63m2 tại Nguyễn Trãi, Thanh Xuân Bắc, Thanh Xuân, Hà Nội, chỉ với 2,7 tỷ","2,7 tỷ",63 m²,"42,86 tr/m²",2,N/A,"Thanh Xuân Bắc, Thanh Xuân","20.9880780277962, 105.800827581897"
41970271,06/03/2025,"Tập thể tầng 3 ô tô phố Khuất Duy Tiến - Thanh Xuân Bắc, 65m2x2 ngủ ở luôn 2 tỷ hơn","2,95 tỷ",65 m²,"45,38 tr/m²",2,1,"Thanh Xuân Bắc, Thanh Xuân","20.9951945990582, 105.800177731462"
42079460,06/03/2025,"Bán căn hộ tập thể 2PN, 1WC, 65m2 tại Khuất Duy Tiến, giá tốt",2 tỷ,65 m²,"30,77 tr/m²",2,1,"Thanh Xuân Bắc, Thanh Xuân","20.9951585958702, 105.800263908752"
42159015,06/03/2025,"Căn hộ 2n2vs 67m chỉ 5 tỷ chung cư The Golden Palm- Lê Văn Lương, tầng đẹp, nhà mát:O966769078",5 tỷ,67 m²,"74,63 tr/m²",2,2,"Nhân Chính, Thanh Xuân","21.005755547309924, 105.80753835174372"
42328628,06/03/2025,Hiếm! Bán căn góc DT 118m2 - Viha Leciva 107 Nguyễn Tuân - full nội thất liền tường - Giá 88tr/m2,"10,5 tỷ",118 m²,"88,98 tr/m²",3,3,"Thanh Xuân Trung, Thanh Xuân","20.9976172888285, 105.803878130461"
40707434,06/03/2025,"Bán nhanh rẻ trong tháng để đi nước ngoài căn hộ 2pn Handi Resco, căn góc, sổ đỏ cc, nội thất đẹp",5 tỷ,66 m²,"75,76 tr/m²",2,2,"Nhân Chính, Thanh Xuân","21.00364, 105.80298"
39313841,06/03/2025,"Cần bán chung cư Five Star Kim Giang, có slot ô tô, tầng 22, căn 2 ngủ, nhà sạch đẹp, 4 tỷ 3","4,3 tỷ",72 m²,"59,72 tr/m²",2,2,"Hạ Đình, Thanh Xuân","20.9860000610352, 105.812187194824"
41226758,06/03/2025,Chủ nhà bán căn 3 ngủ tòa Hei Tower Số 1 Ngụy Như Kon Tum giá rẻ nhất Thanh Xuân chỉ hơn 6 tỷ,"6,8 tỷ",110 m²,"61,82 tr/m²",3,2,"Nhân Chính, Thanh Xuân","21.003246307373, 105.805061340332"
41727995,06/03/2025,"Chỉ 4.9 tỷ! Cần bán gấp căn 3 pn tại Golden West, full đồ, view thành phố đẹp, hỗ trợ vay bank 70%","4,9 tỷ",96 m²,"51,04 tr/m²",3,2,"Nhân Chính, Thanh Xuân","20.99386601669443, 105.79855339527708"
40696494,06/03/2025,"Bán căn hộ 3 ngủ 86m2 tòa B chung cư The Legend Nguyễn Tuân, đã có sổ đỏ, có slot ô tô, Nhà Đẹp Xịn",7 tỷ,75 m²,"93,33 tr/m²",3,2,"Nhân Chính, Thanh Xuân","21.004613876342773, 105.8040771484375"
42348687,06/03/2025,Chính chủ bán gấp cc Hei Tower Ngụy Như Kon Tum 162m - 3PN - Giá 8.9 tỷ,"8,9 tỷ",162 m²,"54,94 tr/m²",3,2,"Nhân Chính, Thanh Xuân","21.003323502382468, 105.80600978863083"
42122678,06/03/2025,"Bán nhanh căn hộ 2PN sáng tại Royal City, 96m2, 9 tỷ, full đồ, LH: 0365 691 ***","9,1 tỷ",96 m²,"94,79 tr/m²",2,2,"Thượng Đình, Thanh Xuân","21.0029533081062, 105.814965121243"
42118102,06/03/2025,Chính chủ bán căn hộ Lê Văn Lương - BRG Diamond Residence - 120m2 3 phòng ngủ 1 kho - Giá cắt lỗ,Giá thỏa thuận,120 m²,N/A,3,N/A,"Nhân Chính, Thanh Xuân","21.005006188299305, 105.80521452724086"
42298046,06/03/2025,"Bán gấp căn hộ tại BRG Lê Văn Lương, 3PN, 106m2, 10.7 tỷ, LH: 0365 691 ***","10,7 tỷ",106 m²,"100,94 tr/m²",3,2,"Nhân Chính, Thanh Xuân","21.005594545881, 105.80420765732235"
42298772,06/03/2025,"Bán nhanh căn góc tại BRG Lê Văn Lương, 3PN, 144m2, 15.2 tỷ, LH: 0365 691 ***","15,2 tỷ",144 m²,"105,56 tr/m²",3,3,"Nhân Chính, Thanh Xuân","21.005274891815887, 105.80506617796298"
42341329,06/03/2025,"Chính chủ bán gấp CH 2PN, 2WC tầng trung thoáng , full đồ, giá chỉ 6,1 tỷ bao phí CC The legend","6,1 tỷ",64 m²,"95,31 tr/m²",2,2,"Nhân Chính, Thanh Xuân","21.004891335973213, 105.80319044114205"
42298486,06/03/2025,"Cần bán căn hộ tại BRG Lê Văn Lương, 3PN, 120m2, 11.7 tỷ, LH: 0365 691 ***","11,7 tỷ",120 m²,"97,5 tr/m²",3,2,"Nhân Chính, Thanh Xuân","21.00538694630996, 105.80562858676382"
42312616,06/03/2025,"Bán nhanh căn góc tại BRG Lê Văn Lương, 4PN, 202m2, 23 tỷ, LH: 0365 691 ***",23 tỷ,202 m²,"113,86 tr/m²",4,4,"Nhân Chính, Thanh Xuân","21.0054309993975, 105.804433534862"
42122919,06/03/2025,"Bán nhanh căn hộ 1PN tại Royal City, 55m2, giá: 5.5 tỷ, Liên hệ: 0365 691 ***","5,5 tỷ",55 m²,100 tr/m²,1,1,"Thượng Đình, Thanh Xuân","21.00261185779315, 105.81559801584427"
39874948,06/03/2025,"Chính chủ bán căn hộ tại Thống Nhất Complex, DT: 95m2 3PN 2WC, giá 7,4 tỷ LH 0965 066 ***","7,4 tỷ",95 m²,"77,9 tr/m²",3,2,"Thanh Xuân Trung, Thanh Xuân","20.998046875, 105.80354309082"
42122872,06/03/2025,"Bán gấp căn hộ 3PN tại Royal City, căn góc, 181m2, 17.5 tỷ, LH: 0365 691 ***","17,5 tỷ",181 m²,"96,68 tr/m²",3,3,"Thượng Đình, Thanh Xuân","21.002733713797, 105.815749909994"
42297864,06/03/2025,"Bán nhanh căn hộ 2PN tại BRG Lê Văn Lương, 62m2, giá: 6.8 tỷ, LH: 0365 691 ***","6,8 tỷ",62 m²,"109,68 tr/m²",2,1,"Nhân Chính, Thanh Xuân","21.004800170695336, 105.80562540749527"
42123018,06/03/2025,"Bán gấp căn hộ tại Royal City, 2PN, 132m2, 11.3 tỷ, Liên hệ: 0365 691 ***","11,3 tỷ",132 m²,"85,61 tr/m²",2,2,"Thượng Đình, Thanh Xuân","21.002512585856316, 105.81536223665695"
42122649,06/03/2025,"Bán nhanh căn hộ tại Royal City, căn góc, 131m2, giá: 13.3 tỷ, LH: 0365 691 ***","13,2 tỷ",131 m²,"100,76 tr/m²",3,2,"Thượng Đình, Thanh Xuân","21.0026046872995, 105.815397810741"
42122942,06/03/2025,"Bán nhanh căn hộ tại Royal City, 2PN, 112m2, 8.9 tỷ, full nội thất, liên hệ: 0365 691 ***","8,9 tỷ",112 m²,"79,46 tr/m²",2,2,"Thượng Đình, Thanh Xuân","21.00221819149424, 105.81598131609806"
37664630,06/03/2025,Chuyển xuống biệt thự nên tôi bán căn Duplex thông tầng diện tích 220m2 toà Star City,"9,75 tỷ",220 m²,"44,32 tr/m²",4,4,"Nhân Chính, Thanh Xuân","21.0061817169189, 105.806427001953"
41077617,06/03/2025,"Giá thật! 3PN 128,3m tầng trung BC Đông Nam, full NT cao cấp chỉ 8,5tỷ xem nhà ưng ngay. 0343 202 ***","8,5 tỷ","128,3 m²","66,25 tr/m²",3,2,"Nhân Chính, Thanh Xuân","21.002634, 105.80156"
41669773,06/03/2025,"Bán căn penhouse duplex, 202m2, toà Star city 23 Lê Văn Lương giá 8,7triệu/m2","8,7 tỷ",202 m²,"43,07 tr/m²",4,3,"Nhân Chính, Thanh Xuân","21.006182, 105.80643"
42267628,06/03/2025,"(Chính chủ) Bán căn góc 3 ngủ 2wc 130m2, bc Đông Nam, nhà đẹp, sổ đỏ cc. Giá 8 tỷ Golden Land",8 tỷ,130 m²,"61,54 tr/m²",3,2,"Thanh Xuân Trung, Thanh Xuân","20.993486404418945, 105.8069076538086"
42277606,06/03/2025,"(Giá chuẩn) Bán căn 2 ngủ 2wc 65m2, ban công Nam, có slot, sẵn sổ đỏ. Giá 4,5 tỷ Riverside Garden","4,5 tỷ",65 m²,"69,23 tr/m²",2,2,"Khương Đình, Thanh Xuân","20.990699768066406, 105.81427764892578"
42299502,06/03/2025,"Bán căn 2 ngủ 2 vệ sinh 75m2, đủ đồ, tầng đẹp, sẵn sổ đỏ. Giá 5,95 tỷ Imperia Garden","5,95 tỷ",75 m²,"79,33 tr/m²",2,2,"Thanh Xuân Trung, Thanh Xuân","20.9978821355896, 105.802637308733"
42286589,06/03/2025,"(Căn góc) chính chủ bán căn 3PN 2WC 130m2, bc Đông Nam, sổ đỏ cc. Giá 9 tỷ Times Tower",9 tỷ,130 m²,"69,23 tr/m²",3,2,"Nhân Chính, Thanh Xuân","21.0028004990216, 105.802415450241"
42277499,06/03/2025,"(Giá chuẩn) Bán căn 2 ngủ 2wc 67m2, đầy đủ nội thất, sẵn sổ đỏ. Giá 4,7 tỷ Five Star","4,7 tỷ",67 m²,"70,15 tr/m²",2,2,"Hạ Đình, Thanh Xuân","20.9860000610352, 105.812187194824"
42286894,06/03/2025,"Bán căn góc 3PN 2WC 110m2, ban công Đông Nam. Đủ nội thất, sẵn sổ đỏ. Giá 8,5 tỷ 47 Nguyễn Tuân","8,5 tỷ",110 m²,"77,27 tr/m²",3,2,"Thanh Xuân Trung, Thanh Xuân","20.9945794840325, 105.80569561187"
42332440,06/03/2025,"(Giá chuẩn) Bán căn góc 3 phòng ngủ 2WC 110m2, nhà mới, nội thất đẹp, sổ đỏ CC. Giá 9 tỷ The Legend",9 tỷ,110 m²,"81,82 tr/m²",3,2,"Nhân Chính, Thanh Xuân","21.004670735386, 105.803941669028"
42184544,06/03/2025,"Chính chủ gửi bán CH The Legend diện tích 105m2 thiết kế 3N - 2W, full nt có slot ô tô, giá 8,8 tỷ","8,8 tỷ",105 m²,"83,81 tr/m²",3,2,"Nhân Chính, Thanh Xuân","21.004945333769967, 105.80398620307876"
42353682,06/03/2025,Cần bán căn hộ 2PN - VNT Fafilm - 19 nguyễn trãi - thanh xuân - LH 0886 896 ***,7 tỷ,97 m²,"72,17 tr/m²",2,2,"Khương Trung, Thanh Xuân","21.00270197821261, 105.82011638242729"
41828273,06/03/2025,"Chính chủ gửi bán GoldSeason, 5,8 tỷ, 90m2, 3PN + 2WC + full nội thất, đẹp, Lh 0352 790 ***","5,8 tỷ",90 m²,"64,44 tr/m²",3,2,"Thanh Xuân Trung, Thanh Xuân","20.9951759045648, 105.80624330321"
42354820,06/03/2025,"(GIÁ THẬT) CHÍNH CHỦ BÁN CĂN HỘ 121m2, 3PN 2VS, Full đồ đẹp, chung cư Imperia Garden. Giá 11.3 tỷ","11,3 tỷ",121 m²,"93,39 tr/m²",3,2,"Thanh Xuân Trung, Thanh Xuân","20.996801998095105, 105.80234535472896"
40424371,06/03/2025,"GoldSeason 2pn, 2wc 68m2. Giá 5,2 tỷ. Tầng cao, view đẹp. Thoáng mát. Lh: 0343 202 ***","5,2 tỷ",68 m²,"76,47 tr/m²",2,2,"Thanh Xuân Trung, Thanh Xuân","20.9947719573975, 105.806129455566"
41995261,06/03/2025,"Bán CH The Legaend 109 Nguỵ Như Kontum, diện tích 106m2, 3N - 2W, full nội thất, giá 8,8 tỷ","8,8 tỷ",106 m²,"83,02 tr/m²",3,2,"Nhân Chính, Thanh Xuân","21.0048137438705, 105.803848160507"
41737354,06/03/2025,"Hiếm! Suất ngoại giao căn 06 trục 3 phòng ngủ 97m2, Đông Nam Viha Nguyễn Tuân. LH 0988 160 ***","8,73 tỷ",97 m²,90 tr/m²,3,3,"Thanh Xuân Trung, Thanh Xuân","20.997587203979492, 105.8038330078125"
41521306,06/03/2025,"Quỹ căn dự án Viha Complex Viha Leciva đặc biệt nhất, Cam kết rẻ nhất, Tầng đẹp. LH 0988 160 ***","6,48 tỷ",72 m²,90 tr/m²,2,2,"Thanh Xuân Trung, Thanh Xuân","20.9981782359452, 105.803425095753"
41564261,06/03/2025,"Quỹ căn ngoại giao Viha Leciva 107 Nguyễn Tuân, giá tốt nhất thị trường - ở và đầu tư sinh lời","8,37 tỷ",93 m²,90 tr/m²,3,3,"Thanh Xuân Trung, Thanh Xuân","20.9980019359533, 105.803473358439"
33240853,06/03/2025,(Mới nhất) mở bán quỹ căn 3PN chung cư Việt Đức Complex - 39 Lê Văn Lương T3/2025,Giá thỏa thuận,126 m²,N/A,3,2,"Nhân Chính, Thanh Xuân","20.9996452331543, 105.799385070801"
42260475,06/03/2025,"Chính chủ bán căn 3 ngủ 95m2 tại Golden Land tòa B, ban công Tây Bắc, full đồ, sổ đỏ","7,4 tỷ",95 m²,"77,9 tr/m²",3,2,"Thanh Xuân Trung, Thanh Xuân","20.9934864044189, 105.806907653809"
42285104,06/03/2025,"Gia đình bán căn 3 ngủ 128m2 tại tháp 2 Times Tower, thiết kế 3 ngủ, full đồ, ban công ĐN, sổ đỏ","8,5 tỷ",128 m²,"66,41 tr/m²",3,2,"Nhân Chính, Thanh Xuân","21.0026340484619, 105.801559448242"
42321950,06/03/2025,"DUY NHẤT CĂN 70,4M2(2PN+2VS) TẠI DỰ ÁN 33 LÊ VĂN LƯƠNG, BAN CÔNG ĐÔNG NAM","6,1 tỷ",70 m²,"87,14 tr/m²",2,2,"Nhân Chính, Thanh Xuân","21.003784663872125, 105.80279476166021"
42347633,06/03/2025,"Giá thật! Chỉ 4,8 tỷ. 2PN, 2WC tầng trung, BC Đông Nam. LH: 0343,202.831","4,8 tỷ",68 m²,"70,59 tr/m²",2,2,"Hạ Đình, Thanh Xuân","20.985939675398818, 105.81222485238098"
42354391,06/03/2025,"Bán CH quận Thanh Xuân, diện tích 97m2, thiết kế 2 ngủ, giá 6,8 tỷ có thương lượng","6,8 tỷ",97 m²,"70,1 tr/m²",2,2,"Khương Trung, Thanh Xuân","21.002565913092734, 105.82072518889544"
42140235,06/03/2025,Cần bán căn 02 góc hoa hậu đẹp nhất chung cư King Palace giá nhỉnh 10 tỷ,10 tỷ,125 m²,80 tr/m²,3,2,"Thượng Đình, Thanh Xuân","21.000640954870118, 105.81633180483217"
42328751,06/03/2025,Bán căn hộ 2PN 62m2 hiếm tại BRG 25 Lê Văn Lương,"6,9 tỷ",62 m²,"111,29 tr/m²",2,2,"Nhân Chính, Thanh Xuân","21.00504573935904, 105.80453517818322"
42354298,06/03/2025,"(Không ảo) Chính chủ gửi bán Handiresco 66m2 2N2VS 5.2 tỷ, LH 0936 218 ***","5,2 tỷ",66 m²,"78,79 tr/m²",2,2,"Nhân Chính, Thanh Xuân","21.0036392211914, 105.802978515625"
42354131,06/03/2025,Bán căn hộ 3 phòng ngủ ban công Đông _ Nam view quảng trường ở Royal City,"9,5 tỷ",110 m²,"86,36 tr/m²",3,2,"Thượng Đình, Thanh Xuân","21.00269556407643, 105.81488431726395"
42190948,06/03/2025,"Tôi chính chủ cần bán căn 120m2, chung cư Fafilm 19 Nguyễn Trãi, giá 7.5 tỷ full nội thất đẹp","7,5 tỷ",120 m²,"62,5 tr/m²",4,2,"Khương Trung, Thanh Xuân","21.002264541524873, 105.82025061377784"
32164198,06/03/2025,"Tôi chính chủ cần bán gấp căn góc 3 phòng ngủ , 81m CC Hà Nội Center Point full nội thất đẹp",Giá thỏa thuận,"80,86 m²",N/A,3,2,"Nhân Chính, Thanh Xuân","21.0048179626465, 105.804672241211"
42253894,06/03/2025,Tập thể Thanh Xuân Bắc cao thoáng 2 mặt ô tô đỗ cửa - sổ riêng,"2,75 tỷ","36,6 m²","75,14 tr/m²",3,N/A,"Thanh Xuân Bắc, Thanh Xuân","20.9933307001484, 105.798028439079"
39383507,06/03/2025,"Chuyên bán dự án Golden Land với quỹ căn hộ 3 phòng ngủ, duplex nhà đẹp giá cực kì ưu đãi","6,5 tỷ",110 m²,"59,09 tr/m²",3,2,"Thanh Xuân Trung, Thanh Xuân","20.9934864044189, 105.806907653809"
42353986,06/03/2025,"Bán căn 73m 2PN2vs tòa The Legend Nguyễn Tuân giá 6,6ty","6,6 tỷ",73 m²,"90,41 tr/m²",2,2,"Nhân Chính, Thanh Xuân","21.00470443036243, 105.80391056691694"
40212279,06/03/2025,Chính chủ bán căn hộ Imperia 3 pn 2 wc căn góc 100 m2 giá chỉ 8 tỷ (giá thật) LH 0977 858 ***,8 tỷ,100 m²,80 tr/m²,3,2,"Thanh Xuân Trung, Thanh Xuân","20.9972763061523, 105.80298614502"
41143902,06/03/2025,"Bán căn hộ Rivera Park 2 - 3 phòng ngủ tặng full nội thất cao cấp giá chỉ từ 6 tỷ , 0977 858 ***",6 tỷ,72 m²,"83,33 tr/m²",2,2,"Thanh Xuân Trung, Thanh Xuân","20.999119, 105.80844"
42351791,06/03/2025,Cần bán gấp căn hộ Golden Land - Nguyễn Trãi - Thanh Xuân DT166m2-3PN-3WC-giá 9tỷ - LH 0394 260 ***,9 tỷ,166 m²,"54,22 tr/m²",3,3,"Thanh Xuân Trung, Thanh Xuân","20.993320515425438, 105.80635242877332"
40263146,06/03/2025,"Bán căn hộ Stellar 3PN ngủ 92m2 (hiếm) giá chỉ 6,2 tỷ giá tốt nhất thị trường, LH: 0977 858 ***","6,2 tỷ",92 m²,"67,39 tr/m²",3,2,"Thanh Xuân Trung, Thanh Xuân","20.9989471435547, 105.804176330566"
42249338,06/03/2025,Cần bán 90.4m2 căn 3PN2WC tòa Goldseason 47 nguyễn Tuân đồ cơ bản giá 7.8 tỷ,"7,8 tỷ","90,4 m²","86,28 tr/m²",3,2,"Thanh Xuân Trung, Thanh Xuân","20.9940861680414, 105.806568159991"
42302211,06/03/2025,"Quỹ căn duy nhất ở Pandora 53 Triều Khúc, Thanh Xuân, Hà Nội","5,7 tỷ",80 m²,"71,25 tr/m²",2,2,"Thanh Xuân Bắc, Thanh Xuân","20.985936257607325, 105.79755684140511"
42264577,06/03/2025,"Quỹ căn duy nhất ở Pandora 53 Triều Khúc, Thanh Xuân, Hà Nội","5,9 tỷ",80 m²,"73,75 tr/m²",2,2,"Thanh Xuân Bắc, Thanh Xuân","20.9856765056714, 105.797863184719"
41811782,06/03/2025,"Bán CC Golden West, 5,1 tỷ, 96m2, 3PN, 2WC, giá cực tốt, có sẵn slot ô tô, LH 0977 858 ***","5,1 tỷ",96 m²,"53,12 tr/m²",3,2,"Nhân Chính, Thanh Xuân","20.9934602289505, 105.798190262903"
42250440,06/03/2025,"Bán căn hộ 3PN view đẹp tại BRG LVL, giá chỉ 9,6 tỷ, 106m2 tặng full nội thất, LH: 0977 858 ***","9,6 tỷ",106 m²,"90,57 tr/m²",3,2,"Nhân Chính, Thanh Xuân","21.0056532005057, 105.80458686464"
41858802,06/03/2025,"Chuyên bán GoldSeason các căn hộ 3 PN giá chỉ từ 7x tr/m2, tặng toàn bộ nội thất, giá thật","7,8 tỷ",100 m²,78 tr/m²,3,2,"Thanh Xuân Trung, Thanh Xuân","20.9952534931683, 105.805472628908"
41811740,06/03/2025,"Bán CC Legend Tower 109 Nguyễn Tuân, 6 tỷ, 73m2, 2PN, 2WC đồ đẹp chỉ với giá 6tỷ, Lh 0977 858 ***",6 tỷ,73 m²,"82,19 tr/m²",2,2,"Nhân Chính, Thanh Xuân","21.0045503056651, 105.804859775561"
41791701,06/03/2025,Chính chủ bán căn hộ tập thể Thanh Xuân Nam căn 75 m2 số đỏ 36 mét,"3,58 tỷ",75 m²,"47,73 tr/m²",3,2,"Thanh Xuân Bắc, Thanh Xuân","20.9875888590011, 105.800841503748"
42332355,06/03/2025,"Cần bán gấp căn hộ tòa R5 Vinhomes Royal City Nguyễn Trãi giá siêu ưu đãi, liên hệ: 0946 559 ***","7,5 tỷ","101,8 m²","73,67 tr/m²",2,2,"Thượng Đình, Thanh Xuân","21.002697065659028, 105.81535091084139"
42325419,06/03/2025,"(Giá thật). Chính chủ thiện chí bán căn hộ 106m2 3PN + 2WC giá 9 tỷ The Legend, LH 0983 979 ***",9 tỷ,106 m²,"84,91 tr/m²",3,2,"Nhân Chính, Thanh Xuân","21.00534133300909, 105.80372474699774"
38049667,06/03/2025,"(Giá thật) chính chủ bán căn 128m2, 3 phòng ngủ + 2 vệ sinh full nội thất giá 9.5 tỷ Times Tower","9,5 tỷ",128 m²,"74,22 tr/m²",3,2,"Nhân Chính, Thanh Xuân","21.0024528503418, 105.801193237305"
42337182,05/03/2025,Tôi cần chuyển nhượng căn 3PN giá giá tốt nhất thị trường view công viên,"6,72 tỷ",80 m²,84 tr/m²,3,2,·,"21.00338331005746, 105.80239851856278"
42143864,04/03/2025,Chính thức: Mở bán quỹ căn 33 Lê Văn Lương - Handico Complex| Tầng đẹp - Giá tốt nhất,6 tỷ,70 m²,"85,71 tr/m²",2,2,·,"21.0034129714648, 105.801576323038"
42272069,26/02/2025,HANDICO 33 LÊ VĂN LƯƠNG  QUỸ CĂN ĐỘC QUYỀN 36 CĂN  CƠ HỘI ĐẦU TƯ VÀ AN CƯ HOÀN HẢO,"6,02 tỷ",70 m²,86 tr/m²,2,2,·,"21.003248045257493, 105.80197163710375"
42353994,06/03/2025,Bán CCMN Kim Giang - Thang Xuân. Xây Mới 6T Thang Máy - Ngõ Ô Tô - 2 MT-3 Bước Ra Phố-Full Nội Thất,"15,5 tỷ",50 m²,310 tr/m²,9,10,"Phương Liệt, Thanh Xuân","20.9834224264887, 105.815116746636"
42353469,06/03/2025,Quỹ căn cần bán gấp 03/2025 tại Royal City. Cam kết có slot oto. Full tiện ích 5sao. LH 0375 122 ***,"10,2 tỷ",130 m²,"78,46 tr/m²",3,2,"Thượng Đình, Thanh Xuân","21.00264838570286, 105.81559045343649"
42343462,06/03/2025,"Quỹ căn ngoại giao (118m2, duplex 145m2) giá tốt nhất siêu hời, quỹ ẩn trực tiếp CĐT, LH 0966 088 ***","9,68 tỷ",118 m²,82 tr/m²,4,4,"Thanh Xuân Trung, Thanh Xuân","20.999149478828, 105.802589487131"
42346535,06/03/2025,"Bán căn góc siêu hiếm chỉ 8xtr/m2 tại Viha Nguyễn Tuân, chiết khấu ngay 6%, HTLS 0% đến 31/12/2025",Giá thỏa thuận,118 m²,N/A,4,3,"Thanh Xuân Trung, Thanh Xuân","20.99681527818862, 105.80357393352186"
41969696,05/03/2025,"Căn hộ Handico Complex và giá bán DT 70m2, 74m2, 83m2. Chính sách mới áp dụng ngay","6,97 tỷ",83 m²,84 tr/m²,2,3,"Nhân Chính, Thanh Xuân","21.0032857836416, 105.80297882625"
42138924,05/03/2025,"Bán xuất mua ngoại giao căn hộ tại 33 Lê Văn Lương Handico Complex, 85 triệu/m, 2PN, 3PN,0817 936 ***","6,8 tỷ",80 m²,85 tr/m²,2,2,"Nhân Chính, Thanh Xuân","21.0033833313517, 105.801993859643"
39414883,04/03/2025,"Tổng hợp quỹ căn hộ 2PN + 3PN diện tích 72m2, 93m2, 104m2 CC Rivera Park - Em Quyết BĐS giá thật","6,1 tỷ",72 m²,"84,72 tr/m²",2,2,"Thanh Xuân Trung, Thanh Xuân","20.9991188049316, 105.808441162109"
41606535,03/03/2025,Chính thức bàn giao sổ hồng cho cư dân em sẵn quỹ căn 3 - 4 phòng ngủ chủ nhà gửi bản sẵn sổ giá rẻ,14 tỷ,161 m²,"86,96 tr/m²",4,3,"Nhân Chính, Thanh Xuân","21.0050184808367, 105.805223224806"
42127647,03/03/2025,Quỹ căn hộ trực tiếp CĐT và chính chủ giá sát tốt nhất dự án BRG Diamond Residence Lê Văn Lương,Giá thỏa thuận,161 m²,N/A,4,3,"Nhân Chính, Thanh Xuân","21.00507508766829, 105.80488660652036"
42032007,28/02/2025,"Tổng hợp quỹ căn hộ 1PN, 2PN, 3PN, 4PN, duplex, đập thông đang bán tại Royal City, LH: 0365 691 ***",Giá thỏa thuận,131 m²,N/A,N/A,N/A,"Thượng Đình, Thanh Xuân","21.002278429230017, 105.81525568516578"
42141094,28/02/2025,"Cập nhật quỹ căn 2 - 3PN giá tốt nhất tại 33 Lê Văn Lương, xem nhà LH 0328 905 *** (Ms Trà Mi)",6 tỷ,70 m²,"85,71 tr/m²",2,2,"Nhân Chính, Thanh Xuân","21.002489031851, 105.802464307376"
41933841,25/02/2025,"(Hiếm) nhượng lại suất ngoại giao tại Handico Complex, 74,5m2, 2PN, 2VS ký HĐ trực tiếp HĐ 4,8 tỷ","4,8 tỷ","74,5 m²","64,43 tr/m²",2,2,"Nhân Chính, Thanh Xuân","21.0033561555523, 105.802377751391"
41738689,06/03/2025,Hàng hiếm! Quỹ căn ngoại giao độc nhất tại dự án Viha Complex 107 Nguyễn Tuân giá rẻ. LH 0988 160 ***,"6,48 tỷ",72 m²,90 tr/m²,2,2,"Thanh Xuân Trung, Thanh Xuân","20.997587, 105.80383"
41132630,06/03/2025,"6/03 Imperia Garden 2 PN 66m2 - 5,5 tỷ, 75m2 - 5,8 tỷ - 3PN, 97m2 giá 7,5 tỷ, 120m2 9.5 tỷ","7,5 tỷ",97 m²,"77,32 tr/m²",3,2,"Thanh Xuân Trung, Thanh Xuân","20.9972763061523, 105.80298614502"
41132590,06/03/2025,"6/03 The Golden Palm 21 Lê Văn Lương 66m2 5.5 tỷ - 105m2 7,5 tỷ - 117m2 8,5tỷ - 130m2 9 tỷ","7,5 tỷ",105 m²,"71,43 tr/m²",3,2,"Nhân Chính, Thanh Xuân","21.006311, 105.80748"
39314876,06/03/2025,"Quỹ căn giá tốt 05/03 The Legend 64m2 5,5 tỷ - 73m2 6,4 tỷ - 85m2 giá 6,4 106m2 giá 8,5 tỷ","8,5 tỷ",106 m²,"80,19 tr/m²",3,2,"Thanh Xuân Trung, Thanh Xuân","21.0046138763428, 105.804077148438"
42337361,06/03/2025,Quỹ căn giá ngoại giao tốt nhất tại Viha Complex 107 Nguyễn Tuân Thanh Xuân,Giá thỏa thuận,118 m²,N/A,3,2,"Thanh Xuân Trung, Thanh Xuân","20.9972094457251, 105.80391334402"
