Id,Date Posted,Product Title,Price,Area,Price per m²,Bedrooms,Toilets,Location,Coordinates
39668261,06/03/2025,Phan Hằng Group độc quyền danh sách căn hộ chuyển nhượng Goldmark City loại 2-3 & 4 PN giá cực tốt,"5,2 tỷ",93 m²,"55,91 tr/m²",2,2,·,"21.0442333221436, 105.767318725586"
42277511,02/03/2025,"Bán căn góc Sunshine City đẹp nhất dự án view sông Hồng & Sân golf Ciputra, sổ hồng giao dịch ngay","9,3 tỷ","104,5 m²",89 tr/m²,3,2,·,"21.08409525374058, 105.79156155241616"
40151117,01/03/2025,Quỹ căn hộ chuyển nhượng 1PN + 2PN + 3PN + duplex giá tốt nhất tháng 03/2025 Sunshine City Ciputra,7 tỷ,99 m²,"70,71 tr/m²",3,2,·,"21.084782101466125, 105.79155619505363"
42301266,01/03/2025,Quỹ căn mua bán chuyển nhượng tại Sunshine City Ciputra giá tốt nhất (T3/2025)-Mr. Hoàng 0812 395 ***,"5,8 tỷ",83 m²,"69,88 tr/m²",3,2,·,"21.0835000398378, 105.791444431507"
42300475,28/02/2025,Quỹ căn hộ giá rẻ độc quyền Sunshine City Ciputra - em Cường 0976 044 ***,"5,75 tỷ","80,5 m²","71,43 tr/m²",2,N/A,·,"21.084281637901434, 105.79186925971452"
42287329,27/02/2025,Kim Land Group cư dân Diamond GM độc quyền quỹ 2-3-4 ngủ. Cắt lỗ 300 - 500 triệu. Hỗ trợ vay 80%,6 tỷ,114 m²,"52,63 tr/m²",3,2,·,"21.0450596683942, 105.767237541326"
40907957,06/03/2025,E Chính cư dân GMC bán full quỹ căn chuyển nhượng 2 3 và 4PN tại đây Giá từ 48 tr/m2 hỗ trợ vay 80%,"6,3 tỷ",130 m²,"48,46 tr/m²",3,4,"Phú Diễn, Bắc Từ Liêm","21.04485535970542, 105.7677264064039"
42349176,06/03/2025,Gia đình chuyển công tác cần bán đi căn hộ 4pn 147m2 ban công đông nam tòa DIAMOND Goldmark City,"8,4 tỷ",147 m²,"57,14 tr/m²",4,2,"Phú Diễn, Bắc Từ Liêm","21.044362058505968, 105.76758768611091"
40404982,06/03/2025,"Bán gấp luôn chung cư Goldmark từ 83m2, 99m2, 115m2, 160m2 giá rẻ cần bán gấp LH 0839 185 ***","5,6 tỷ",115 m²,"48,7 tr/m²",3,2,"Phú Diễn, Bắc Từ Liêm","21.0442333221436, 105.767318725586"
41106931,06/03/2025,"Em Tiến chuyên hỗ trợ chuyển nhượng tại Goldmark City quỹ căn 2,3 và 4PN cập nhật liên tục","6,5 tỷ",104 m²,"62,5 tr/m²",3,2,"Phú Diễn, Bắc Từ Liêm","21.0442333221436, 105.767318725586"
42245542,06/03/2025,Em Oanh cư dân Goldmark tập hợp full quỹ căn 2 ngủ - 3 ngủ - 4 ngủ giá từ 50 tr/m2. LH 0937 941 ***,"5,6 tỷ",110 m²,"50,91 tr/m²",3,2,"Phú Diễn, Bắc Từ Liêm","21.04389865714601, 105.76724276653887"
39667628,05/03/2025,Phan Hằng Group tổng hợp danh sách 30 căn hộ An Bình City Loại 2 & 3 PN chuyển nhượng giá cực tốt,"5,7 tỷ",90 m²,"63,33 tr/m²",3,2,"Cổ Nhuế 1, Bắc Từ Liêm","21.0495662689209, 105.778594970703"
39223048,05/03/2025,"Cần bán CH DT từ 74m2, 83m2, 92m2, 115m2 tại chung cư An Bình căn 2PN và 3PN giá rẻ, view hồ đẹp","5,6 tỷ",92 m²,"60,87 tr/m²",3,2,"Cổ Nhuế 1, Bắc Từ Liêm","21.0497327000898, 105.77791042203"
38770890,05/03/2025,"Độc quyền quỹ căn hộ 2-3PN An Bình City cần bán gấp, cắt lỗ sâu, cập nhật hàng ngày LH: 0399 028 ***","5,9 tỷ",90 m²,"65,56 tr/m²",3,2,"Cổ Nhuế 1, Bắc Từ Liêm","21.049566, 105.778595"
40057625,04/03/2025,Chuyên bán căn hộ cao cấp tháp đôi Hanjadinn(NO1-T6 & T7) Ngoại Giao Đoàn - Giá tốt nhất thị trường,Giá thỏa thuận,"101,2 m²",N/A,3,N/A,"Xuân Tảo, Bắc Từ Liêm","21.0630493164063, 105.797309875488"
41979496,03/03/2025,"Tôi cần bán 2 căn hộ Goldmark City, căn góc 2PN 4 tỷ 800tr và căn góc 3PN 5 tỷ 700tr, có sổ Đỏ","4,8 tỷ",83 m²,"57,83 tr/m²",2,2,"Phú Diễn, Bắc Từ Liêm","21.04444250166772, 105.7666460245031"
41393239,03/03/2025,Cập nhật đầy đủ quỹ căn chuyển nhượng 2 - 3 - 4 PN tháng 3.2025 Ngoại Giao Đoàn giá tốt nhất,"7,5 tỷ",105 m²,"71,43 tr/m²",3,2,"Xuân Đỉnh, Bắc Từ Liêm","21.0656559500524, 105.798566366722"
42130533,03/03/2025,Quỹ căn chuyển nhượng Sunshine City Ciputra giá tốt tháng 2/2025. LH 0985 525 ***,"6,5 tỷ",98 m²,"66,33 tr/m²",3,2,"Đông Ngạc, Bắc Từ Liêm","21.08447301473665, 105.79180147570536"
42177928,02/03/2025,Phan Hằng Group tổng hợp 35 căn hộ Green Stars loại 2 & 3 ngủ giá chuyển nhượng tốt nhất thị trường,"6,3 tỷ",102 m²,"61,76 tr/m²",3,N/A,"Cổ Nhuế 1, Bắc Từ Liêm","21.0522223649615, 105.780492637455"
42302480,01/03/2025,"Bán quỹ căn bán 2PN 3PN tòa An Bình City, Cổ Nhuế sẵn sổ đỏ, full đồ bao giá cực tốt LH 0906 241 ***","7,9 tỷ",112 m²,"70,54 tr/m²",3,2,"Cổ Nhuế 1, Bắc Từ Liêm","21.0495499295189, 105.778688688363"
42174279,27/02/2025,Kim Land Group cư dân Diamond GM độc quyền quỹ 2-3-4 ngủ. Cắt lỗ 300 - 500 triệu. Hỗ trợ vay 80%,"5,2 tỷ",94 m²,"55,32 tr/m²",2,2,"Phú Diễn, Bắc Từ Liêm","21.044232516447554, 105.76732166457175"
42168692,27/02/2025,Anh Trai cần tiền để đầu tư. Nên muốn bán lại căn hộ toà Green Stars 234 - Phạm Văn Đồng,"4,65 tỷ",61 m²,"76,23 tr/m²",2,2,"Cổ Nhuế 1, Bắc Từ Liêm","21.052134864668155, 105.77943007909901"
42135791,27/02/2025,"Ban quản lý Han Jardin N01T6 T7 - Ngoại Giao Đoàn cập nhật quỹ căn bán T3/2025, mới 100%, xem 24/7","16,33 tỷ",142 m²,115 tr/m²,4,3,"Xuân Tảo, Bắc Từ Liêm","21.0632811412262, 105.797285950559"
42353104,06/03/2025,Cập Nhập quỹ căn 3PN hót nhất cc An Bình City 232 Phạm Văn đồng,"6,45 tỷ",90 m²,"71,67 tr/m²",3,2,"Cổ Nhuế 1, Bắc Từ Liêm","21.04932515013717, 105.7787523827833"
41765599,06/03/2025,Chính chủ cần bán 3PN An Bình City 0355 161 ***,"6,5 tỷ",83 m²,"78,31 tr/m²",3,2,"Cổ Nhuế 1, Bắc Từ Liêm","21.049426232569203, 105.77847794513897"
42330698,06/03/2025,Bán căn 2 ngủ CC Bộ Công an 43 Phạm Văn đồng siêu đẹp,"4,6 tỷ",70 m²,"65,71 tr/m²",2,2,"Cổ Nhuế 2, Bắc Từ Liêm","21.055827579591, 105.777225400678"
42345623,06/03/2025,CHDV DÒNG TIỀN CAO - PHỐ TRẦN CUNG - FULL NỘI THẤT - NGÕ THOÁNG - 9 PHÒNG KK - DÒNG TIỀN 50TR/TH,"8,6 tỷ",45 m²,"191,11 tr/m²",9,9,"Cổ Nhuế 2, Bắc Từ Liêm","21.0569972197108, 105.783910423444"
42342271,05/03/2025,"Bán suất ngoại giao 98,98m2 lô góc tầng trung A2 giá nhinh 6tỷ, 0382 276 ***",6 tỷ,"98,98 m²","60,62 tr/m²",3,2,"Đông Ngạc, Bắc Từ Liêm","21.091844790966494, 105.78449458235924"
42261317,05/03/2025,"Chính chủ cần bán căn hoa hậu 3PN, 2WC, 108m, có sổ, N01T5 Ngoại Giao Đoàn, giá tốt, 0393 755 ***",Giá thỏa thuận,108 m²,N/A,3,2,"Xuân Đỉnh, Bắc Từ Liêm","21.066498998029164, 105.79758258871652"
42013911,05/03/2025,"Chính chủ bán căn hộ Xuân Đỉnh - Cạnh Chợ Đầu Mối, Oto đỗ cửa, 30m2 giá 1,090 tỷ full nội thất","1,09 tỷ",30 m²,"36,33 tr/m²",N/A,N/A,"Xuân Đỉnh, Bắc Từ Liêm","21.0713003633915, 105.794442182401"
41859754,04/03/2025,"Bán CHCC Han Jardin N01 T7 3 PN - nội thất cơ bản, căn góc, sát cạnh công viên - LH 0934 339 ***",Giá thỏa thuận,"125,7 m²",N/A,3,2,"Xuân Tảo, Bắc Từ Liêm","21.063467855462797, 105.79522749329773"
34434515,04/03/2025,"Chính chủ cần bán gấp căn hộ DT 90m2, 3PN full đồ đẹp ở CC An Bình City số 232 PVĐ. Giá bán 6,1 tỷ","6,1 tỷ",90 m²,"67,78 tr/m²",3,2,"Cổ Nhuế 1, Bắc Từ Liêm","21.0495662689209, 105.778594970703"
42200123,03/03/2025,Cập nhật quỹ căn chuyển nhượng 2-3-4PN mới nhất 2025 khu Ngoại Giao Đoàn giá siêu rẻ chỉ từ 70tr/m2,"7,65 tỷ",105 m²,"72,86 tr/m²",3,2,"Xuân Đỉnh, Bắc Từ Liêm","21.06665663315017, 105.79804929496395"
41406669,03/03/2025,"Bán căn hộ CC Kosmo 2PN - 3PN, DT từ 76m2; 87m2; 100; 102; 118; 186m2 view đẹp. LH: 0839 185 ***","7,6 tỷ",96 m²,"79,17 tr/m²",2,2,"Xuân Tảo, Bắc Từ Liêm","21.0682993138482, 105.803118476922"
42319434,03/03/2025,Bán nhanh căn hộ 3 ngủ tại An Bình city - 232 Phạm Văn Đồng,"6,6 tỷ",86 m²,"76,74 tr/m²",3,2,"Cổ Nhuế 1, Bắc Từ Liêm","21.05017955911574, 105.77826999953983"
35221148,03/03/2025,CC cần bán gấp căn hộ 4PN view hồ điều hòa tòa N01T1 - NGĐ Bắc Từ Liêm HN - LH 0924 691 ***,"10,8 tỷ",133 m²,"81,2 tr/m²",4,3,"Xuân Đỉnh, Bắc Từ Liêm","21.065956808459934, 105.79792908233605"
42311616,02/03/2025,"Bán nhanh căn hộ chung cư An Bình City 43 Phạm Văn Đồng, giá đầu tư","5,15 tỷ",72 m²,"71,53 tr/m²",2,2,"Cổ Nhuế 1, Bắc Từ Liêm","21.049485072513473, 105.77924623668005"
12107414,02/03/2025,"Chung cư IA20 Ciputra suất ngoại giao 92m2, 100m2, 110m2 giá 4,5tỷ 0382 276 ***","4,5 tỷ",92 m²,"48,91 tr/m²",3,2,"Đông Ngạc, Bắc Từ Liêm","21.091939565983512, 105.78491658691567"
42305713,01/03/2025,"Tổng hợp quỹ căn hộ 2PN + 3PN diện tích 72m2, 90m2 và 112m2 CC An Bình City - Em Thủy BĐS giá thật","5,4 tỷ",73 m²,"73,97 tr/m²",2,2,"Cổ Nhuế 1, Bắc Từ Liêm","21.049464708129545, 105.77874911817999"
42302979,01/03/2025,"Tổng hợp 99 căn hộ cần chuyển nhượng gấp tại Goldmark City, từ 2N-4N, giá 4-8 tỷ. Sẵn, sổ, giá tốt","5,4 tỷ",93 m²,"58,06 tr/m²",3,2,"Phú Diễn, Bắc Từ Liêm","21.04392300978654, 105.76667175412236"
42300135,28/02/2025,"Bán siêu căn hộ vip 5 sao Kosmo Tây Hồ -181m2, view Hồ Tây đẳng cấp, full nội thất hiện đại, sẵn sổ","22,89 tỷ",181 m²,"126,46 tr/m²",3,3,"Xuân Tảo, Bắc Từ Liêm","21.069041110370772, 105.80303254533516"
42267307,28/02/2025,"(Update mới) quỹ căn hộ GoldMark City chuyển nhượng 2PN - 3PN - 4PN, nguồn chính chủ giá tốt nhất","5,8 tỷ",94 m²,"61,7 tr/m²",3,2,"Phú Diễn, Bắc Từ Liêm","21.0440355386091, 105.767239083532"
41983881,27/02/2025,"Quỹ căn 2-3-4PN chính chủ nội thất đẹp, pháp lí đầy đủ rõ ràng, giá rẻ nhất, cắt lỗ tại Goldmark",7 tỷ,130 m²,"53,85 tr/m²",3,2,"Phú Diễn, Bắc Từ Liêm","21.0442333221436, 105.767318725586"
42025961,26/02/2025,"Bán căn hộ 2PN - 88m2 chung cư CT1 Đỗ Nhuận, Xuân Đỉnh. Đồ cơ bản, tầng đẹp. Giá: 3,95 tỷ","3,95 tỷ",69 m²,"57,25 tr/m²",2,1,"Xuân Đỉnh, Bắc Từ Liêm","21.0654498608981, 105.791749412083"
42276034,26/02/2025,Em bán quỹ căn hộ CC 2-3PN 81m2 -87m2 -96m2 -102m2 -118m2 tại Kosmo Tây Hồ giá tốt LH em 0923 363 ***,"7,8 tỷ",96 m²,"81,25 tr/m²",3,2,"Xuân Tảo, Bắc Từ Liêm","21.0688602456654, 105.803094986573"
40426893,26/02/2025,"(Độc quyền) quỹ căn tòa N01T6T7 T2/2025, cam kết giá tốt nhất thị trường, xem 24/7 LH 0888 989 ***","12,5 tỷ","101,4 m²","123,27 tr/m²",3,2,"Xuân Tảo, Bắc Từ Liêm","21.0630493164063, 105.797309875488"
42217583,20/02/2025,"PKD có giỏ hàng đầy đủ các căn hộ Kosmo Tây Hồ, giao dịch trực tiếp chính chủ mua bán giá tốt nhất",Giá thỏa thuận,118 m²,N/A,3,2,"Xuân Tảo, Bắc Từ Liêm","21.069029112086866, 105.80290491994674"
42217353,20/02/2025,"Bảng hàng chung cư Starlake Tây Hồ Tây cần bán tháng 2/2025, sẵn sổ, nhận ký gửi mua bán cho thuê","15,5 tỷ",129 m²,"120,16 tr/m²",3,2,"Cổ Nhuế 1, Bắc Từ Liêm","21.0522132003278, 105.79190390014"
33776715,06/03/2025,"Cần bán gấp căn hộ DT 101m2, 3PN ở CC Handi Resco Cổ Nhuế full đồ đẹp. Giá bán 4,8 tỷ LH 0979 062 ***","4,8 tỷ",101 m²,"47,52 tr/m²",3,2,"Cổ Nhuế 2, Bắc Từ Liêm","21.0590057373047, 105.783226013184"
33776909,06/03/2025,"Cần bán gấp căn hộ 2PN ở CC Thái Hà số 43 Phạm Văn Đồng, full đồ đẹp. Giá bán 4,2 tỷ LH: 0979 062 ***","4,2 tỷ",70 m²,60 tr/m²,2,2,"Cổ Nhuế 2, Bắc Từ Liêm","21.0557422637939, 105.777221679688"
39280267,06/03/2025,"Chính chủ Bán căn 131m2 3PN 2 VS full nội thất thuộc tòa cao cấp Khu Ngoại Giao Đoàn giá 11,4 tỷ","11,4 tỷ",131 m²,"87,02 tr/m²",3,2,"Xuân Đỉnh, Bắc Từ Liêm","21.0658397674561, 105.798149108887"
42309581,06/03/2025,"Căn hộ CC H212 2PN full nội thất, giá cực chất 2,68 tỷ, 68m2 tại Tân Xuân 2, Xuân Đỉnh, 0328 016 ***","2,68 tỷ",68 m²,"39,41 tr/m²",2,1,"Xuân Đỉnh, Bắc Từ Liêm","21.082034382105, 105.786502394105"
41944468,06/03/2025,"Hot CC gửi bán căn 3N 2WC 135m tầng 20 tại tòa D Goldmark, nhà mới tinh, giá 8,7 tỷ. LH Vân Hà","8,7 tỷ",135 m²,"64,44 tr/m²",3,2,"Phú Diễn, Bắc Từ Liêm","21.043932600918186, 105.76751813562524"
41287323,06/03/2025,"[Hot] Bán căn Goldmark tòa R4 giá 7 tỷ, 110m2, 3N 2WC, có sổ, có slot nhà full đồ xịn. LH MS Ngân",7 tỷ,110 m²,"63,64 tr/m²",3,2,"Phú Diễn, Bắc Từ Liêm","21.044233, 105.76732"
42217246,06/03/2025,"Bán căn hộ 72m2 - 2PN/2WC tại KĐT Nam Cường Cổ Nhuế, full đồ sẵn ở giá 4,65 tỷ. LH: 0948 589 ***","4,65 tỷ",72 m²,"64,58 tr/m²",2,2,"Cổ Nhuế 1, Bắc Từ Liêm","21.0502700360463, 105.7851159571114"
37336926,06/03/2025,"Chính chủ bán căn góc 70m2 2PN, 2WC full nội thất cao cấp 789 khu Ngoại Giao Đoàn, giá 5.1 tỷ","5,1 tỷ",70 m²,"72,86 tr/m²",2,2,"Xuân Đỉnh, Bắc Từ Liêm","21.0680141448975, 105.797080993652"
42338058,06/03/2025,"Bán căn hộ tại N01-T1 Ngoại Giao Đoàn, 10,6 tỷ, 133m2 giá siêu hời","10,6 tỷ",133 m²,"79,7 tr/m²",3,2,"Xuân Đỉnh, Bắc Từ Liêm","21.06536633171943, 105.79834591873181"
38415238,06/03/2025,Bán chung cư H1 Phạm Văn Đồng - Xuân Đỉnh - công viên Hoà Bình - Bắc Từ Liêm - sổ hồng vĩnh viễn,880 triệu,58 m²,"15,17 tr/m²",2,2,"Xuân Đỉnh, Bắc Từ Liêm","21.0730776, 105.7857525"
39912059,06/03/2025,"Bán chung cư tháp đôi Han Jadin NO1. T6 & T7 Đoàn Ngoại Giao - Tây Hồ Tây - căn đẹp, giá tốt",Giá thỏa thuận,106 m²,N/A,3,N/A,"Xuân Tảo, Bắc Từ Liêm","21.0630493164063, 105.797309875488"
40057750,06/03/2025,"Chính chủ bán căn hộ 3 phòng ngủ tầng đẹp, view trọn Hồ Tây tòa N01.T7, giá tốt nhất thị trường",Giá thỏa thuận,104 m²,N/A,3,N/A,"Xuân Tảo, Bắc Từ Liêm","21.063575744628906, 105.7953109741211"
42353831,06/03/2025,"BÁN GẤP CĂN HỘ - 3PN -114M2 TẠI THE LINK CIPUTRA - GIÁ 9,8 TỶ ( BAO PHÍ SANG TÊN )","9,8 tỷ",114 m²,"85,96 tr/m²",3,2,"Xuân Đỉnh, Bắc Từ Liêm","21.0651700276421, 105.798586427839"
40514420,06/03/2025,"Chủ nhà gửi bán căn 3 Phòng Ngủ, hướng mát - 102m2, giá mềm nhất trong các căn đang bán tại Green","6,7 tỷ",102 m²,"65,69 tr/m²",3,2,"Cổ Nhuế 1, Bắc Từ Liêm","21.052399, 105.78018"
41161757,06/03/2025,"Bố mẹ mình cần bán căn hộ 2 Phòng Ngủ, diện tích 66,8m2, nội thất không thiếu thứ gì tại Green star","4,5 tỷ","66,8 m²","67,36 tr/m²",2,2,"Cổ Nhuế 1, Bắc Từ Liêm","21.0523986816406, 105.780181884766"
38742171,06/03/2025,"Bác gái mình cần bán căn 2 Ngủ 70m2 - 4,450 tỷ. Vì bác cần bán nên để giá mềm nhất tại Thái Hà","4,45 tỷ",70 m²,"63,57 tr/m²",2,2,"Cổ Nhuế 2, Bắc Từ Liêm","21.055742, 105.77722"
37887124,06/03/2025,"03 Căn hộ 3 Phòng ngủ đẹp, tầng trung mới ra tại cc An Bình city: Căn 83m2, 90m2 và căn rộng 112m2","6,3 tỷ",83 m²,"75,9 tr/m²",3,2,"Cổ Nhuế 1, Bắc Từ Liêm","21.0495662689209, 105.778594970703"
42132572,06/03/2025,"Các cụ nhà mình cần bán căn 2 Phòng ngủ Rộng, Đẹp, 74m2, có ban công, các cụ cần nên giá bán sớm",5 tỷ,74 m²,"67,57 tr/m²",2,2,"Cổ Nhuế 1, Bắc Từ Liêm","21.0529796274179, 105.780003662922"
41161802,06/03/2025,"Vợ chồng mình cần bán căn hộ 2 phòng ngủ, 75m2, tầng trung, view khá đẹp tại chung cư An Bình City","5,4 tỷ",75 m²,72 tr/m²,2,2,"Cổ Nhuế 1, Bắc Từ Liêm","21.0495662689209, 105.778594970703"
41827697,06/03/2025,"Nhà mình cần bán căn 2 phòng ngủ Rộng, đẹp, diện tích 75m2 toà HH tại Chung cư Epics Home Thái Hà","5,15 tỷ",75 m²,"68,67 tr/m²",2,2,"Cổ Nhuế 2, Bắc Từ Liêm","21.0559951144284, 105.777323773576"
42209002,06/03/2025,"Tôi cần bán 2 căn hộ Goldmark City, căn 2 ngủ 79m2 giá 4 tỷ 850tr và căn góc 3 ngủ 5 tỷ 900tr","4,9 tỷ",79 m²,"62,02 tr/m²",2,2,"Phú Diễn, Bắc Từ Liêm","21.0436104698159, 105.766696906054"
42321373,06/03/2025,"Bán căn hộ IA20 - Ciputra, P. Đông Ngạc, Q. Bắc Từ Liêm",Giá thỏa thuận,109 m²,N/A,3,N/A,"Đông Ngạc, Bắc Từ Liêm","21.092049250899613, 105.78418505283535"
42143132,06/03/2025,Chính chủ gửi bán căn hộ 3PN 118m2 tòa Novo tầng cao view Hồ Tây. Nội thất cơ bản. Sẵn sổ hồng,Giá thỏa thuận,119 m²,N/A,3,2,"Xuân Tảo, Bắc Từ Liêm","21.068641164709778, 105.80279495807709"
42353633,06/03/2025,"Bán Căn hộ đẹp xuất sắc tại N03-T7 Ngoại Giao Đoàn, diện tích 100m2 căn góc giá hơn 8 tỷ",Giá thỏa thuận,100 m²,N/A,N/A,N/A,"Xuân Tảo, Bắc Từ Liêm","21.06401629565788, 105.7957685679672"
42211071,06/03/2025,"Bán CH Goldmark City, 4,7 tỷ, 78m2, 2PN, view đẹp, pháp lý đầy đủ","4,7 tỷ",78 m²,"60,26 tr/m²",2,2,"Phú Diễn, Bắc Từ Liêm","21.044082839212596, 105.76742627101358"
42303189,06/03/2025,"Bán căn hộ chung cư tại KĐT Cổ Nhuế toà CT1 Nam Cường, 5,7 tỷ, 100m2, 3PN + 2WC + bếp, nhà sửa đẹp","5,7 tỷ",100 m²,57 tr/m²,3,2,"Cổ Nhuế 1, Bắc Từ Liêm","21.050981769586013, 105.78493697797218"
41809664,06/03/2025,"Bán nhanh căn 2 PN, 2WC, 81m2 Sunshine City, tầng cao view sông Hồng, có sổ hơn 6 tỷ. 0966 286 ***",6 tỷ,81 m²,"74,07 tr/m²",2,2,"Đông Ngạc, Bắc Từ Liêm","21.085123129169794, 105.79203306996065"
41282288,06/03/2025,Bán căn góc 3PN 96.6m2 thông thủy ban công Đông Nam Tòa S56 giá tốt nhất Sunshine City Ciputra,"7,7 tỷ","96,6 m²","79,71 tr/m²",3,2,"Đông Ngạc, Bắc Từ Liêm","21.084354214496994, 105.79163462044492"
42283254,06/03/2025,Chính chủ bán căn hộ 2 ngủ CC Thái Hà - Bộ Công An 43 Phạm Văn Đồng để lại full nội thất,"4,1 tỷ",70 m²,"58,57 tr/m²",2,2,"Cổ Nhuế 2, Bắc Từ Liêm","21.0560621810854, 105.776714004479"
41934608,06/03/2025,"Cần bán căn 2PN 2WC 77,1 m2 Goldmark, nhà full đồ mới 100% y hình, sẵn sổ. LH Ms Ngân","5,5 tỷ","77,1 m²","71,34 tr/m²",2,2,"Phú Diễn, Bắc Từ Liêm","21.044369794361057, 105.76781472017277"
42331944,06/03/2025,"Bán căn hộ 2 ngủ tầng đẹp dự án Thái Hà Bộ Công An, sổ đỏ lâu dài, nội thất đầy đủ về ở ngay",4 tỷ,70 m²,"57,14 tr/m²",2,2,"Cổ Nhuế 2, Bắc Từ Liêm","21.05513554791552, 105.77709752010988"
42332070,06/03/2025,"Cần tiền bán gấp căn hộ đẹp giá tốt nhất thị trường, sổ đỏ sẵn giao dịch, có sẵn slot ô tô dưới hầm","4,5 tỷ",78 m²,"57,69 tr/m²",2,2,"Phú Diễn, Bắc Từ Liêm","21.04466173907713, 105.7665291715008"
42331878,06/03/2025,"Sở hữu căn hộ 3PN đẹp dự án An Bình City với mức giá cực kỳ hấp dẫn, nội thất đầy đủ, sổ đỏ sẵn",6 tỷ,90 m²,"66,67 tr/m²",3,2,"Cổ Nhuế 1, Bắc Từ Liêm","21.049541666938225, 105.77873735482669"
42201099,06/03/2025,"CẦN TIỀN BÁN GẤP CĂN 3N VIEW NỘI KHU GOLDMARK CITY, NỘI THẤT ĐẦY ĐỦ SẴN VỀ Ở, PHÁP LÝ SỔ ĐỎ LÂU DÀI","5,5 tỷ",94 m²,"58,51 tr/m²",3,2,"Phú Diễn, Bắc Từ Liêm","21.0442853439904, 105.767361341703"
42287032,06/03/2025,"Nhỉnh 5 tỷ sở hữu căn hộ tầng trung ban công view đẹp An Bình City, nội thất đầy đủ, sổ đỏ sẵn","5,05 tỷ",75 m²,"67,33 tr/m²",2,2,"Cổ Nhuế 1, Bắc Từ Liêm","21.04960134001196, 105.7786636808596"
42291200,06/03/2025,"Hàng hiếp Duplex hướng Đông Nam view Hồ Tây 5PN, 4WC, 194.6m2 tại Sunshine City Ciputra, Hà Nội",17 tỷ,"194,6 m²","87,36 tr/m²",5,4,"Đông Ngạc, Bắc Từ Liêm","21.0847319408725, 105.792527483829"
42290131,06/03/2025,"Bán căn chung cư Khu TT đường sắt Hà Thái, 90m2, 3,65 tỷ","3,65 tỷ",90 m²,"40,56 tr/m²",2,N/A,"Cổ Nhuế 1, Bắc Từ Liêm","21.0535795094699, 105.781867697583"
42276081,06/03/2025,"Chính chủ bán căn 170m2, 4PN 3VS, full đồ, căn góc, sổ sẵn, chung cư Goldmark City. Giá 7.99 tỷ","7,99 tỷ",170 m²,47 tr/m²,4,3,"Phú Diễn, Bắc Từ Liêm","21.04465714619593, 105.7670974928866"
42336964,06/03/2025,Hàng hiếm! Duy nhất căn hộ 4 phòng ngủ tầng cao view thoáng cần bán full nội thất,Giá thỏa thuận,115 m²,N/A,4,2,"Cổ Nhuế 1, Bắc Từ Liêm","21.0499638553177, 105.778717635135"
42171144,06/03/2025,"BÁN CHCC KOSMO TÂY HỒ TOÀ NOVO - 81m2, TẦNG CAO VIEW THOÁNG, FULL NỘI THẤT - LH 0934 339 ***",Giá thỏa thuận,81 m²,N/A,2,2,"Xuân Tảo, Bắc Từ Liêm","21.068444662943506, 105.8030417583315"
41850876,06/03/2025,"Bán căn góc T6T7 Han Jardin 3 phòng ngủ, view công viên, nội thất mới có thể ở ngay - LH 0934 339 ***","16,34 tỷ","125,7 m²",130 tr/m²,3,2,"Xuân Tảo, Bắc Từ Liêm","21.06344353893195, 105.79785254386601"
37133579,06/03/2025,"Hiếm! Bán căn 3PN chung cư Green Stars đường Phạm Văn Đồng, Bắc Từ Liêm, HN LH: 0396 823 ***","6,5 tỷ",102 m²,"63,72 tr/m²",3,2,"Cổ Nhuế 1, Bắc Từ Liêm","21.0523986816406, 105.780181884766"
36457696,06/03/2025,"Bán căn hộ chung cư An Bình City DT: 89m2, 3PN Full đồ, view hồ, quảng trường, bể bơi, giá 6,6 tỷ","6,6 tỷ",89 m²,"74,16 tr/m²",3,2,"Cổ Nhuế 1, Bắc Từ Liêm","21.049566, 105.778595"
42317291,06/03/2025,"Cần bán căn 03PN tại tòa HH Thái Hà, tòa thương mại. DT: 90m2 3PN. Giá cực tốt. LH: 0906 241 ***","6,2 tỷ",90 m²,"68,89 tr/m²",3,2,"Cổ Nhuế 2, Bắc Từ Liêm","21.05560910379867, 105.7775679988612"
42199998,06/03/2025,Bán căn hộ 2 ngủ CC Thái Hà - Bộ Công An 43 Phạm Văn Đồng để lại full nội thất LH: 0906 241 ***,"4,4 tỷ",70 m²,"62,86 tr/m²",2,2,"Cổ Nhuế 2, Bắc Từ Liêm","21.055583670491615, 105.7773577097773"
38199846,06/03/2025,"Bán ""Căn góc"" Chung cư Thái Hà DT: 70m2, 2PN Full nội thất đẹp, tầng trung, giá 4,7 tỷ bao phí thuế","4,7 tỷ",70 m²,"67,14 tr/m²",2,2,"Cổ Nhuế 2, Bắc Từ Liêm","21.0557422637939, 105.777221679688"
41636800,06/03/2025,Chính chủ bán căn hộ tòa N01 - T4 Phú Mỹ Complex view hồ NGĐ 3 PN full nội thất LH 0843 197 ***,9 tỷ,"101,5 m²","88,67 tr/m²",3,2,"Xuân Tảo, Bắc Từ Liêm","21.06303596496582, 105.79541778564453"
42346828,06/03/2025,Bán căn góc 3PN 104m2 view sông + Nội khu S4 - 7.7 tỷ rẻ nhất trục + Sunshine City Ciputra,"7,7 tỷ",104 m²,"74,04 tr/m²",3,2,"Đông Ngạc, Bắc Từ Liêm","21.084819867557957, 105.79153466653234"
42323184,06/03/2025,"Bán căn hộ 2PN tại Sunshine City, 6,3 tỷ, 72,4m2, pháp lý đầy đủ","6,3 tỷ","72,4 m²","87,02 tr/m²",2,2,"Đông Ngạc, Bắc Từ Liêm","21.08443479935968, 105.79173884943998"
40872452,06/03/2025,Bán căn 2PN 81m2 thông thủy 6.3 tỷ giá chuẩn Sunshine City Ciputra + View Sông,"6,3 tỷ",81 m²,"77,78 tr/m²",2,2,"Đông Ngạc, Bắc Từ Liêm","21.0914440155029, 105.784721374512"
28220375,06/03/2025,"Mở bán chung cư mini Xuân Tảo - Xuân La 530 triệu/căn. Vào ở ngay, tặng 1 cây vàng 9999",530 triệu,26 m²,"20,39 tr/m²",1,1,"Xuân Tảo, Bắc Từ Liêm","21.0675127, 105.8037093"
42347021,06/03/2025,Bán căn góc 3PN 104m2 view sân golf + S4 - Đồ nội thất cao cấp như hình + Sunshine City Ciputra,Giá thỏa thuận,104 m²,N/A,3,2,"Đông Ngạc, Bắc Từ Liêm","21.08433102363056, 105.79177535967543"
38151290,06/03/2025,"Mình chính chủ cần bán căn hộ N01T4, view hồ, 87 m2, nội thất đẹp, 7 tỷ bao phí LH 0843 197 ***",8 tỷ,87 m²,"91,95 tr/m²",2,2,"Xuân Tảo, Bắc Từ Liêm","21.0630359649658, 105.795417785645"
41979386,06/03/2025,Chính chủ cần bán căn 87m2 tầng đẹp full nội thất cao cấp giá thiện chí bán. LH 0843 197 ***,6 tỷ,87 m²,"68,97 tr/m²",2,2,"Xuân Tảo, Bắc Từ Liêm","21.06367980821674, 105.7959212390557"
42341600,06/03/2025,"Hàng hiếm - Căn R4 DT, 152m2, 4PN, 3WC - Giá nhỉnh 8 tỷ","8,51 tỷ",152 m²,56 tr/m²,4,3,"Phú Diễn, Bắc Từ Liêm","21.044404473738116, 105.76651970022303"
40431524,06/03/2025,"Cần bán căn 3 ngủ đẹp/104m2 full đồ hoàn thiện đẹp như ảnh, sẵn sổ sang tên ngay. LH 0966 286 ***",Giá thỏa thuận,104 m²,N/A,3,2,"Đông Ngạc, Bắc Từ Liêm","21.09144401550293, 105.78472137451172"
40944022,06/03/2025,DUY NHẤT 1 CĂN HỘ 86m2 mới ĐẸP và có mức giá TỐT NHẤT đang được chào bán tại An Bình City,"6,3 tỷ",86 m²,"73,26 tr/m²",3,2,"Cổ Nhuế 1, Bắc Từ Liêm","21.0495662689209, 105.778594970703"
40911661,06/03/2025,(CỰC HIẾM) Cập nhật căn hộ đang có MỨC GIÁ TỐT NHẤT trong số các căn đang bán tại Chung cư Thái Hà,"4,3 tỷ",70 m²,"61,43 tr/m²",2,2,"Cổ Nhuế 2, Bắc Từ Liêm","21.0557422637939, 105.777221679688"
41848818,06/03/2025,"Bán chung cư mini 2PN, 1WC tại 60A 91/8 ngõ 177 Cầu Diễn, 1,x tỷ, 42,5 m2 chỉ với giá tốt","1,6 tỷ","42,5 m²","37,65 tr/m²",2,1,"Phúc Diễn, Bắc Từ Liêm","21.0450946680885, 105.752013835337"
41868986,06/03/2025,"Bán siêu phẩm duplex 5 ngủ/207m2 Sunshine City hướng Đông Nam view Hồ Tây, sân Golf Ciputra",17 tỷ,207 m²,"82,13 tr/m²",5,4,"Đông Ngạc, Bắc Từ Liêm","21.08383753520827, 105.79103044080047"
39621573,06/03/2025,"Gia đình cần bán căn hộ C1 - C2 Xuân Đỉnh 61,7m2, 2PN 2VS full đồ giá 4,2tỷ bao phí LH 0978 258 ***","4,2 tỷ","61,7 m²","68,07 tr/m²",2,2,"Xuân Đỉnh, Bắc Từ Liêm","21.0702457427979, 105.791473388672"
40262777,06/03/2025,"Gia đình bán căn hộ tòa N03T1 Ngoại Giao Đoàn cơ bản 95,5m2, 3PN, 2VS giá 7,3 tỷ căn góc","7,3 tỷ","95,5 m²","76,44 tr/m²",3,2,"Xuân Đỉnh, Bắc Từ Liêm","21.0657653808594, 105.798080444336"
42330860,06/03/2025,"Vợ chồng tôi cần bán căn 2PN DT 70m2 tòa Thái Hà, giá 4,3 tỷ. LH 0389 558 ***","4,3 tỷ",70 m²,"61,43 tr/m²",2,2,"Cổ Nhuế 2, Bắc Từ Liêm","21.055260200588744, 105.77792221998055"
42275509,06/03/2025,"Chung cư An Bình city 4 phòng ngủ, căn góc, 113m2, nhà đẹp full nội thất, đường Phạm Văn Đồng","8,6 tỷ",113 m²,"76,11 tr/m²",4,2,"Cổ Nhuế 1, Bắc Từ Liêm","21.049743623301676, 105.7791573024573"
42298459,06/03/2025,Hàng hiếm - Giá rẻ nhất dự án!!! Bán căn 2 ngủ 96m2 chính chủ toà Kosmo Tây Hồ chỉ 8 tỷ,8 tỷ,96 m²,"83,33 tr/m²",2,2,"Xuân Tảo, Bắc Từ Liêm","21.0690475840349, 105.802560236338"
42350766,06/03/2025,Bán gấp căn hộ chung cư cao cấp 3PN full đồ bên ngoại giao đoàn toà NO3T7,"8,3 tỷ",102 m²,"81,37 tr/m²",3,2,"Xuân Tảo, Bắc Từ Liêm","21.0638557471718, 105.795431337171"
40654205,06/03/2025,"Còn lâu mới đến 7 tỷ có ngay căn 3 PN tầng trung view Hồ Tây, sẵn sổ, sẵn slot ô tô, sẵn ở ngay",Giá thỏa thuận,104 m²,N/A,3,2,"Xuân Đỉnh, Bắc Từ Liêm","21.064430236816406, 105.79842376708984"
42058824,06/03/2025,"Hơn 1 tỷ bán nhà Bắc Từ Liêm 70m2 sổ đỏ, gần học viện tài chính","1,55 tỷ",70 m²,"22,14 tr/m²",3,N/A,"Đông Ngạc, Bắc Từ Liêm","21.0922680607507, 105.784864004991"
36043379,06/03/2025,Cắt lỗ - bán chung cư CT1 Phạm Văn Đồng - Trần Cung - Bắc Từ Liêm - nội thất đầy đủ,850 triệu,58 m²,"14,66 tr/m²",2,1,"Cổ Nhuế 1, Bắc Từ Liêm","21.053854, 105.7818873"
41497152,06/03/2025,"Bán 2 phòng ngủ 2 WC 80m2 view ngoại khu,nội thất đẹp - Sunshine City","6,2 tỷ",80 m²,"77,5 tr/m²",2,2,"Đông Ngạc, Bắc Từ Liêm","21.09144401550293, 105.78472137451172"
40648954,06/03/2025,"Bán 2 PN 2 WC 73m2 giá 6,2 tỷ chung cư Sunshine City - LH 0984 567 ***","6,2 tỷ",74 m²,"83,78 tr/m²",2,2,"Đông Ngạc, Bắc Từ Liêm","21.0914440155029, 105.784721374512"
41759819,06/03/2025,"Chính chủ cần bán một vài căn góc 2 ngủ L345 The Link Ciputra, hàng hiếm giá tốt",Giá thỏa thuận,72 m²,N/A,2,2,"Đông Ngạc, Bắc Từ Liêm","21.08186912536621, 105.79158020019531"
42188367,06/03/2025,"Bán căn hộ 267m2 The Link Ciputra , 4 Phòng Ngủ Nội Thất VIP đẳng cấp nhất Tây Hồ. LH 0916 252 ***",26 tỷ,267 m²,"97,38 tr/m²",N/A,N/A,"Đông Ngạc, Bắc Từ Liêm","21.081791065900873, 105.79156683488657"
42199822,06/03/2025,"Quỹ căn hộ 3 phòng ngủ The Link Ciputra Tây Hồ, tháng 2 2025 giá tốt. Liên hệ 0916 252 ***","7,8 tỷ",114 m²,"68,42 tr/m²",3,N/A,"Đông Ngạc, Bắc Từ Liêm","21.082118455597879, 105.79190964371898"
42350781,06/03/2025,"Bán gấp Chung Cư Xuân Đỉnh 75M 2 Ngủ, Nội thất full như ảnh, Giá 4.85 Tỷ","4,85 tỷ",75 m²,"64,67 tr/m²",2,2,"Xuân Đỉnh, Bắc Từ Liêm","21.069911348805878, 105.79195670737651"
42316700,06/03/2025,Bán gấp căn hộ chung cư cao cấp 3PN full đồ bên Ngoại Giao Đoàn tòa N01T1,10 tỷ,133 m²,"75,19 tr/m²",3,2,"Xuân Đỉnh, Bắc Từ Liêm","21.06602620032774, 105.79814451717758"
42319118,06/03/2025,"Chính chủ Bán Goldmark City, Hồ Tùng Mậu, 7,3 tỷ, 121m2 đã thiết kế lại rất đẹp","7,3 tỷ",121 m²,"60,33 tr/m²",4,2,"Phú Diễn, Bắc Từ Liêm","21.04464929434834, 105.76744862979636"
42159789,06/03/2025,"Bán CC Goldmark City, 8,36 tỷ, 172m2, 4PN, 2WC, Phú Diễn, Bắc Từ Liêm, Hà Nội","8,36 tỷ",172 m²,"48,6 tr/m²",4,2,"Phú Diễn, Bắc Từ Liêm","21.0446070211506, 105.767496920669"
42160145,06/03/2025,"Bán căn hộ chung cư Goldmark City, 4,9 tỷ, 78m2, 2PN, 2WC, giá cực chất","4,9 tỷ",78 m²,"62,82 tr/m²",2,2,"Phú Diễn, Bắc Từ Liêm","21.044617476185117, 105.76816855350438"
42350728,06/03/2025,Bán căn hộ S2-08 Diện tích 81m2 Tầng cao view Sông Hồng. 0975 640 ***,Giá thỏa thuận,81 m²,N/A,2,2,"Đông Ngạc, Bắc Từ Liêm","21.08412948084204, 105.79166795211553"
41282190,06/03/2025,Bán căn 2 phòng ngủ N04A Ngoại Giao Đoàn,"5,44 tỷ",68 m²,80 tr/m²,2,2,"Xuân Tảo, Bắc Từ Liêm","21.066186904907227, 105.80116271972656"
37542134,06/03/2025,"Bán căn siêu hiếm 87m view hồ, tòa cao cấp full nội thất 2PN khu Ngoại Giao Đoàn giá 7.4 tỷ",7 tỷ,87 m²,"80,46 tr/m²",2,2,"Xuân Đỉnh, Bắc Từ Liêm","21.0658397674561, 105.798149108887"
42317880,06/03/2025,"Bán căn 02 PN CC Green Stars, full nội thất đẹp, giá nhỉnh 4 tỷ, đường Phạm Văn Đồng",Giá thỏa thuận,"66,8 m²",N/A,2,2,"Cổ Nhuế 1, Bắc Từ Liêm","21.05277143589973, 105.77983468791446"
42350599,06/03/2025,"Bán căn CC Tòa N01T4 Ngoại Giao Đoàn, DT 87m2, 2 PN, giá 9 tỷ có thương lượng",9 tỷ,87 m²,"103,45 tr/m²",2,2,"Xuân Tảo, Bắc Từ Liêm","21.06317613792871, 105.79466824247814"
42266479,06/03/2025,"Bán nhanh căn góc 117m2 - Hoa hậu tòa S3, view Sông Hồng, tầng đẹp view thoáng",Giá thỏa thuận,117 m²,N/A,3,2,"Đông Ngạc, Bắc Từ Liêm","21.08440340048815, 105.7914780612668"
42210727,06/03/2025,"Bán căn góc trục 05 tòa S1 dự án Sunshine City, 3 phòng ngủ nội thất cực kì đẹp","7,7 tỷ","97,2 m²","79,22 tr/m²",3,2,"Đông Ngạc, Bắc Từ Liêm","21.08425497129157, 105.79116666972693"
41934635,06/03/2025,"Bán căn góc trục 12 Sunshine City Ciputra. Diện tích 105m2 giá 7,2 tỷ. 0975 640 ***","7,2 tỷ",105 m²,"68,57 tr/m²",3,2,"Đông Ngạc, Bắc Từ Liêm","21.084368851387303, 105.79168200339622"
41913960,06/03/2025,"Bán căn 86m2 tòa S6 Sunshine City Ciputra, View ngoại khu sân Golf",7 tỷ,86 m²,"81,4 tr/m²",2,2,"Đông Ngạc, Bắc Từ Liêm","21.0842823736636, 105.791310574627"
38081273,06/03/2025,"Chỉ 1 căn góc duy nhất 3PN 121m2 full nội thất, view hồ, tòa cao cấp khu Ngoại Giao Đoàn giá 10.5tỷ","10,5 tỷ",121 m²,"86,78 tr/m²",3,2,"Xuân Đỉnh, Bắc Từ Liêm","21.0658397674561, 105.798149108887"
36186055,06/03/2025,CC cần bán nhanh CH 2PN tầng 16 tòa N01T5 Khu NGĐ - Bắc Từ Liêm - HN - LH 0924 691 ***,"8,26 tỷ",87 m²,95 tr/m²,2,2,"Xuân Đỉnh, Bắc Từ Liêm","21.0630359649658, 105.795974731445"
41332003,06/03/2025,"Hot: Cần bán gấp căn 3 phòng ngủ Taseco Ngoại giao đoàn, view hồ","10,5 tỷ","113,5 m²","92,51 tr/m²",3,2,"Xuân Đỉnh, Bắc Từ Liêm","21.065017700195312, 105.79893493652344"
37344828,06/03/2025,Bán căn góc chung cư chính chủ 136m 3PN 2WC thuộc Khu Ngoại Giao Đoàn full nội thất xịn giá 10.6 tỷ,"10,6 tỷ",136 m²,"77,94 tr/m²",3,2,"Xuân Đỉnh, Bắc Từ Liêm","21.0658397674561, 105.798149108887"
38249071,06/03/2025,Cần bán nhanh căn hộ 02PN tại tòa N03T2 - Taseco - Khu Ngoại Giao Đoàn - Bắc Từ Liêm Hà Nội,Giá thỏa thuận,85 m²,N/A,2,2,"Xuân Đỉnh, Bắc Từ Liêm","21.0650177001953, 105.798934936523"
37504198,06/03/2025,"Căn hộ view hồ Tây, 104m2, 3 phòng ngủ, tòa tháp N01T7 Ngoại Giao Đoàn",Giá thỏa thuận,104 m²,N/A,3,2,"Xuân Tảo, Bắc Từ Liêm","21.06400939319793, 105.7955934257031"
42152249,06/03/2025,"Bán gấp căn hộ siêu sang, ôm trọn hồ và công viên x 3 phòng ngủ",Giá thỏa thuận,132 m²,N/A,3,2,"Xuân Đỉnh, Bắc Từ Liêm","21.06565991589994, 105.7981284685877"
42336880,06/03/2025,"Chính chủ bán 2 PN đủ đồ CC Chiến Sĩ Bộ Công An Thái Hà, 70m2 đường Phạm Văn Đồng",Giá thỏa thuận,70 m²,N/A,2,2,"Cổ Nhuế 2, Bắc Từ Liêm","21.056342409241967, 105.7765801734308"
41934124,06/03/2025,"Cắt lỗ bán gấp căn hộ 2PN - 85,6m2 giá 3,5 tỷ, view thành phố tại CC Goldmark City nội thất cao cấp","3,5 tỷ","85,6 m²","40,89 tr/m²",2,2,"Phú Diễn, Bắc Từ Liêm","21.0438507755008, 105.767431568719"
38942994,06/03/2025,"Chủ nhà bán gấp căn hộ 3PN - 115m2 giá 4,9 tỷ, view hồ bơi tại CC Goldmark City nội thất cao cấp","4,9 tỷ",115 m²,"42,61 tr/m²",3,2,"Phú Diễn, Bắc Từ Liêm","21.044233, 105.76732"
37328884,06/03/2025,Quỹ căn chung cư chuyển nhượng bán cắt lỗ khu Ngoại Giao Đoàn DT 122m2 full nội thất giá chỉ từ 9tỷ,"8,54 tỷ",122 m²,70 tr/m²,3,2,"Xuân Tảo, Bắc Từ Liêm","21.065839767456055, 105.79814910888672"
42350483,06/03/2025,CĂN 2PN GREEN STARS -234 Phạm Văn Đồng gấp giá 4tỷ4,"4,4 tỷ",65 m²,"67,69 tr/m²",2,2,"Cổ Nhuế 1, Bắc Từ Liêm","21.0498629942915, 105.787037931842"
42344299,06/03/2025,"Căn hộ tập thể 2 tầng, nhà máy in quân đội, Cầu Diễn, ôtô đỗ cửa, ngõ thông, nhà hai mặt ngõ","2,85 tỷ",50 m²,57 tr/m²,1,2,"Phú Diễn, Bắc Từ Liêm","21.0420785276437, 105.760908777888"
42312142,06/03/2025,"Bán CC Kosmo Tây Hồ, 9 tỷ, 97m2, 2PN, 2WC, Bắc Từ Liêm, HN - Hot!",9 tỷ,97 m²,"92,78 tr/m²",2,2,"Xuân Tảo, Bắc Từ Liêm","21.068001355618478, 105.80284958973061"
41309962,06/03/2025,Bán căn góc hoa hậu chung cư Thái Hà - Bộ Công An 43 Phạm Văn Đồng,"4,3 tỷ",70 m²,"61,43 tr/m²",2,2,"Cổ Nhuế 2, Bắc Từ Liêm","21.055742263793945, 105.7772216796875"
42350490,06/03/2025,"BÁN 2PN 70M2 ĐẦY ĐỦ NT CC THÁI HÀ CONSTREXIM BCA, THÀNH PHỐ GIAO LƯU, ĐƯƠNG PHẠM VĂN ĐỒNG","4,3 tỷ",70 m²,"61,43 tr/m²",2,2,"Cổ Nhuế 2, Bắc Từ Liêm","21.05574801826119, 105.77627305381998"
37223793,06/03/2025,"Mở bán căn góc 61m2, căn 70m2, căn 74m2 chung cư 789 Xuân Đỉnh, Ngoại Giao Đoàn. LH: 0961 329 ***","5,1 tỷ",70 m²,"72,86 tr/m²",2,2,"Xuân Đỉnh, Bắc Từ Liêm","21.0680141448975, 105.797080993652"
37234279,06/03/2025,"Chỉ 4,7 - 5,1 tỷ sở hữu căn 2pn,2vs chung cư 789 Xuân Đỉnh, Ngoại Giao Đoàn. LH: 0966 539 ***","4,7 tỷ",61 m²,"77,05 tr/m²",2,2,"Xuân Đỉnh, Bắc Từ Liêm","21.0680141448975, 105.797080993652"
42350330,06/03/2025,"Hàng hiếm tại Ecohome 3, 3,25 tỷ, 60m2, 2PN, 2WC, Bắc Từ Liêm, Hà Nội","3,25 tỷ",60 m²,"54,17 tr/m²",2,2,"Đông Ngạc, Bắc Từ Liêm","21.086034488496637, 105.78582610924063"
41918268,06/03/2025,Em Tâm cư dân có quỹ căn giá tốt nhất Goldmark City. Làm việc chính chủ. Không thu chênh,"4,6 tỷ",78 m²,"58,97 tr/m²",2,2,"Phú Diễn, Bắc Từ Liêm","21.044310629689342, 105.7675570003305"
40245510,06/03/2025,"Chính chủ gửi bán căn hộ chung cư DT 103m2, 132m2 KĐT Ngoại Giao Đoàn",9 tỷ,132 m²,"68,18 tr/m²",3,3,"Xuân Đỉnh, Bắc Từ Liêm","21.065663800357097, 105.79860741345588"
37554072,06/03/2025,Hàng hiếm!!! 109m2 full nội thất xịn 3 ngủ view Hồ Tây tầng đẹp Khu Ngoại Giao Đoàn chỉ 8.8 tỷ,"8,8 tỷ",109 m²,"80,73 tr/m²",3,2,"Xuân Đỉnh, Bắc Từ Liêm","21.0658798217773, 105.801383972168"
42345549,06/03/2025,CẦN BÁN CĂN HỘ IA20 KĐT CIPUTRA,"5,8 tỷ",92 m²,"63,04 tr/m²",3,2,"Đông Ngạc, Bắc Từ Liêm","21.092520778155322, 105.78543677548925"
40318765,06/03/2025,"Bán căn hộ 2PN/3PN An Bình City diện tích 75m2, 83m2, 86m2, 90m2, 114m2 giá từ 5tỷ1 bao phí",Giá thỏa thuận,75 m²,N/A,2,2,"Cổ Nhuế 1, Bắc Từ Liêm","21.049566, 105.778595"
41055677,06/03/2025,Bán căn hộ 3PN - 2WC nội thất cao cấp diện tích 132m2 tòa N01T1 Lạc Hồng Ngoại Giao Đoàn,Giá thỏa thuận,132 m²,N/A,3,2,"Xuân Đỉnh, Bắc Từ Liêm","21.0752045330936, 105.789543664859"
40318260,06/03/2025,Bán căn hộ 2PN-2WC chung cư Green Stars 234 Phạm Văn Đồng diện tích 60m2-68m2 giá từ hơn 4tỷ,Giá thỏa thuận,66 m²,N/A,2,2,"Cổ Nhuế 1, Bắc Từ Liêm","21.0523986816406, 105.780181884766"
39247072,06/03/2025,"Bán căn hộ 2PN/3PN 84m2/102m2/118m2 Full nội thất tại chung cư Kosmo , view hồ tây","6,9 tỷ",77 m²,"89,61 tr/m²",2,2,"Xuân Tảo, Bắc Từ Liêm","21.0685367584229, 105.802764892578"
42349128,06/03/2025,Tôi cần bán gấp căn hộ KĐT Resco Cổ Nhuế - 88m2 (3PN) và 123m2 (3PN) - sổ lâu dài - giá rẻ,"5,2 tỷ",88 m²,"59,09 tr/m²",3,2,"Cổ Nhuế 2, Bắc Từ Liêm","21.0584760024407, 105.783065017176"
42302221,06/03/2025,"Chính chủ gửi bán CC Ecohome 3, 68m2( 2pn 2vs) , 3,7x tỷ, Tân Xuân, Bắc Từ Liêm, Hà Nội bao đẹp .","3,77 tỷ",68 m²,"55,44 tr/m²",2,2,"Đông Ngạc, Bắc Từ Liêm","21.085905907586568, 105.78655208251821"
42004234,06/03/2025,"Hot! Bán CC Ecohome 3, DT 47m2 (2PN 1WC) (thông thuỷ), đầy đủ nội thất Giá chỉ có 2,8x tỷ","2,8 tỷ",47 m²,"59,57 tr/m²",2,1,"Đông Ngạc, Bắc Từ Liêm","21.086959341222997, 105.78568569843694"
41981090,06/03/2025,Tổng hợp quỹ căn mới nhất tại Starlake Tháng 1/2025 căn góc 2PN đẹp giá 12 tỷ/căn full đồ,"12,8 tỷ",101 m²,"126,73 tr/m²",2,2,"Cổ Nhuế 1, Bắc Từ Liêm","21.052964138004043, 105.79140511774675"
42349842,06/03/2025,"0937 085 *** tôi cần bán chung cư TP Giao Lưu Phạm Văn Đồng DT 76m2, 2PN, nhà thoáng đẹp, sẵn sổ đỏ","4,26 tỷ",76 m²,"56,05 tr/m²",2,2,"Cổ Nhuế 1, Bắc Từ Liêm","21.062707909840043, 105.78430666360049"
42022059,06/03/2025,"An Bình City 114m2, 3PN 2WC,nội thất đầy đủ tầng trung 20 view thoáng giá 7,9 tỉ LH 0961 899 ***","7,9 tỷ",114 m²,"69,3 tr/m²",3,2,"Cổ Nhuế 1, Bắc Từ Liêm","21.049315986409436, 105.77861776554808"
40412358,06/03/2025,"Chính chủ chuyển công tác cần bán căn hộ cao cấp 102m2, 3PN toà Han Jadin N01T6-7 Ngoại Giao Đoàn",Giá thỏa thuận,102 m²,N/A,3,2,"Xuân Tảo, Bắc Từ Liêm","21.06304931640625, 105.79730987548828"
41266383,06/03/2025,"Bán căn hộ đẹp nhất dự án Green Stars 2 phòng ngủ, liên hệ: 0358 589 ***",4 tỷ,"66,8 m²","59,88 tr/m²",2,2,"Cổ Nhuế 1, Bắc Từ Liêm","21.0523986816406, 105.780181884766"
42349574,06/03/2025,Bán 4 ngủ GIÁ THẤP NHẤT TÒA DIAMOND GOLDMARK CITY,"8,6 tỷ",147 m²,"58,5 tr/m²",4,2,"Phú Diễn, Bắc Từ Liêm","21.04433165354392, 105.7670833739678"
41866845,06/03/2025,"Hàng hiếm! Giá cực rẻ! Chính chủ cần bán nhanh căn 70m2, 2PN tòa Ecohome giá 3,3 tỷ. LH 0968 989 ***","3,3 tỷ",63 m²,"52,38 tr/m²",2,2,"Đông Ngạc, Bắc Từ Liêm","21.085867671846103, 105.78577364478966"
42305251,06/03/2025,"Cần bán căn hộ 70m2 02PN, 02VS đầy đủ NT CC CSBCA Thái Hà Constrexim giá rẻ nhất thị trường","4,2 tỷ",70 m²,60 tr/m²,2,2,"Cổ Nhuế 2, Bắc Từ Liêm","21.05636422121328, 105.77697766320902"
41507441,06/03/2025,"Bán gấp căn 2 ngủ 70m2 tầng đẹp, ban công Nam-giá tốt nhất dự án chung cư Thái Hà-43 Phạm Văn Đồng","4,3 tỷ",70 m²,"61,43 tr/m²",2,2,"Cổ Nhuế 2, Bắc Từ Liêm","21.0597222680865, 105.782961407619"
40739562,06/03/2025,Giá thật không ảo ! Bán căn 2PN giá nhỉnh 4 tỷ chung cư Thái Hà - 43 Phạm Văn Đồng. LH: 0396 823 ***,"4,35 tỷ",70 m²,"62,14 tr/m²",2,2,"Cổ Nhuế 2, Bắc Từ Liêm","21.0557422637939, 105.777221679688"
37454292,06/03/2025,Bán gấp CH 02PN tòa N04A khu Ngoại Giao Đoàn - LH 0924 691 ***,"5,78 tỷ",68 m²,85 tr/m²,2,2,"Xuân Tảo, Bắc Từ Liêm","21.0661869049072, 105.801162719727"
41027318,06/03/2025,CHÍNH CHỦ GỬI BÁN CĂN GÓC 3PN TÒA N01T4 (TASECO ) TẦNG ĐẸP VEW HỒ FULL NỘI THẤT GIÁ NHỈNH 9 TỶ,10 tỷ,"101,5 m²","98,51 tr/m²",3,2,"Xuân Tảo, Bắc Từ Liêm","21.0630359649658, 105.795417785645"
42105454,06/03/2025,Em bán căn Góc 3 ngủ 129m2 tầng trung Full nội thất giá tốt tại Goldmark City,Giá thỏa thuận,129 m²,N/A,3,2,"Phú Diễn, Bắc Từ Liêm","21.043904819470605, 105.76763502195017"
37756195,06/03/2025,"Bán gấp căn góc 96m2, 3PN thuộc chung cư Khu Ngoại Giao Đoàn full nội thất xịn giá 7.1 tỷ","7,1 tỷ",96 m²,"73,96 tr/m²",3,2,"Xuân Đỉnh, Bắc Từ Liêm","21.065839767456055, 105.79814910888672"
42333614,06/03/2025,"Bán gấp căn hộ 134m2, 3PN, căn góc đẹp nhất tòa N03T6 Ngoại Giao Đoàn","12,73 tỷ",134 m²,95 tr/m²,3,3,"Xuân Tảo, Bắc Từ Liêm","21.065384847704134, 105.79703107120014"
42282271,06/03/2025,"Bán căn góc 3 ngủ tầng cao phòng khách view sông Sunshine City Ciputra, sẵn sổ sang tên","7,7 tỷ","97,3 m²","79,14 tr/m²",3,2,"Đông Ngạc, Bắc Từ Liêm","21.0851653730804, 105.79163526437"
41061853,06/03/2025,"Cần bán căn ""SIÊU HÓT"" chung cư Thái Hà tòa HH, DT: 74m2, 2PN nội thất cơ bản, BC Bắc, giá 5,290 tỷ","5,29 tỷ",74 m²,"71,49 tr/m²",2,2,"Cổ Nhuế 2, Bắc Từ Liêm","21.0557422637939, 105.777221679688"
42348617,06/03/2025,Vợ chồng mình bán gấp căn hộ chung cư Green Stars - KĐT Thành Phố Giao Lưu - giá 4 tỷ 5 - Sổ đỏ.,"4,5 tỷ",60 m²,75 tr/m²,2,2,"Cổ Nhuế 1, Bắc Từ Liêm","21.052400665944013, 105.77968900589235"
42241110,06/03/2025,"Bán căn chung cư của Bộ Tổng Tham Mưu Tây Tựu. Sau đại học Công Nghiệp 2PN 1PK 2WC, giá 2,45 tỷ","2,45 tỷ",65 m²,"37,69 tr/m²",2,2,"Tây Tựu, Bắc Từ Liêm","21.045116645698066, 105.75224648181285"
37351285,06/03/2025,"Bán gấp căn CC 70m2,2PN full nội thất tòa 789 CT1 ngay Khu Ngoại Giao Đoàn giá 4.8 tỷ sang tên luôn","4,8 tỷ",70 m²,"68,57 tr/m²",2,2,"Xuân Đỉnh, Bắc Từ Liêm","21.0680141448975, 105.797080993652"
42306085,06/03/2025,Bán chung cư (Bộ Tổng Tham Mưu) Tây Tựu gần đường 70m. T7/9T. Gồm 2PN 1PK 2WC,"2,45 tỷ",65 m²,"37,69 tr/m²",2,2,"Tây Tựu, Bắc Từ Liêm","21.045477109198103, 105.751494641363"
42342497,06/03/2025,Bán căn 2 ngủ full nội thất đẹp - 73m2 thông thủy sẵn sổ sang tên,"6,3 tỷ",73 m²,"86,3 tr/m²",2,N/A,"Đông Ngạc, Bắc Từ Liêm","21.083873739717315, 105.79164570122721"
42104485,06/03/2025,"Bán căn 3 ngủ full đồ Sunshine City giá 7,8 tỷ sẵn sổ sang tên","7,8 tỷ",98 m²,"79,59 tr/m²",3,2,"Đông Ngạc, Bắc Từ Liêm","21.08427096633907, 105.79189418816534"
42128802,06/03/2025,Bán căn 3 phòng ngủ 104m2 thông thủy Sunshine City các phòng view sông Hồng đẹp,"8,3 tỷ",104 m²,"79,81 tr/m²",3,2,"Đông Ngạc, Bắc Từ Liêm","21.0843755455487, 105.791524333422"
42348818,06/03/2025,"Bán căn góc 3 ngủ 105m2 Sunshine City nội thất đẹp, liên hệ: 0965 784 ***","8,5 tỷ",105 m²,"80,95 tr/m²",3,2,"Đông Ngạc, Bắc Từ Liêm","21.084719557502126, 105.7913044161035"
41833029,06/03/2025,"Tôi cần bán 2 căn hộ Goldmark City, căn 2 ngủ 79m2 giá 4 tỷ 850tr và căn góc 3 ngủ 5 tỷ 700tr","4,85 tỷ",79 m²,"61,39 tr/m²",2,2,"Phú Diễn, Bắc Từ Liêm","21.0439942153595, 105.767216591809"
36623288,06/03/2025,"""Siêu Hót"" Cần bán căn hộ chung cư KĐT Nghĩa Đô DT: 45m2, 1PN, 1WC, nội thất cơ bản, giá 3,050 tỷ","3,05 tỷ",45 m²,"67,78 tr/m²",1,1,"Cổ Nhuế 1, Bắc Từ Liêm","21.0505809783936, 105.79224395752"
42348217,06/03/2025,Bán căn 2 ngủ cc Bộ công an 43 Phạm Văn đồng,"4,5 tỷ",70 m²,"64,29 tr/m²",2,2,"Cổ Nhuế 2, Bắc Từ Liêm","21.056280483472374, 105.77750335743787"
42348398,06/03/2025,"Bán căn góc chung cư Ngoại Giao Đoàn N01T1 - DT: 132m2, 3PN full nội thất cực đẹp, giá 10,7 tỷ","10,7 tỷ",132 m²,"81,06 tr/m²",3,3,"Xuân Đỉnh, Bắc Từ Liêm","21.066015630109124, 105.79808916222245"
42348073,06/03/2025,Cần bán nhanh căn 2 ngủ 2 vệ sinh Chung cư Green Star- Phạm Văn Đồng,"4,4 tỷ",60 m²,"73,33 tr/m²",2,2,"Cổ Nhuế 1, Bắc Từ Liêm","21.05248643479829, 105.780295658281"
42347957,06/03/2025,"Bán căn góc Sunshine City đẹp nhất dự án view sông Hồng & Sân golf Ciputra, sổ hồng giao dịch ngay","7,8 tỷ",86 m²,"90,7 tr/m²",N/A,N/A,"Đông Ngạc, Bắc Từ Liêm","21.08381867737084, 105.79163743881738"
42348258,06/03/2025,"Chính chủ bán căn chung cư Thành Phố Giao Lưu, DT 80m2, 3PN, full giá bán 4.4 tỷ: 0936 071 ***","4,4 tỷ",80 m²,55 tr/m²,3,2,"Cổ Nhuế 1, Bắc Từ Liêm","21.0624328770657, 105.78372872674154"
42315598,06/03/2025,"Bán gấp CC An Bình City giá 5,4 tỷ, 74m2 - 2PN 2WC, Bắc Từ Liêm, Hà Nội","5,4 tỷ",74 m²,"72,97 tr/m²",2,2,"Cổ Nhuế 1, Bắc Từ Liêm","21.04965140108792, 105.77877255760798"
42315596,06/03/2025,Chính chủ gửi bán căn hộ An Bình City 3PN + 2WC 114m2 giá 8 tỷ,8 tỷ,114 m²,"70,18 tr/m²",3,2,"Cổ Nhuế 1, Bắc Từ Liêm","21.050297948528577, 105.7788684804946"
42315595,06/03/2025,Bán CC An Bình 3PN + 2WC 90m2 giá 6.4 tỷ hướng mát,"6,4 tỷ",90 m²,"71,11 tr/m²",3,2,"Cổ Nhuế 1, Bắc Từ Liêm","21.04982555586952, 105.77808459264863"
42312936,06/03/2025,Chính chủ bán căn 02 toà S1 GoldMark City,"11,5 tỷ",160 m²,"71,88 tr/m²",4,3,"Phú Diễn, Bắc Từ Liêm","21.04487513793201, 105.76735491933279"
42320961,06/03/2025,Em bán căn hộ 3 ngủ full nội thất như ảnh tầng trung đẹp tại Goldmark City,Giá thỏa thuận,123 m²,N/A,3,2,"Phú Diễn, Bắc Từ Liêm","21.0441656558373, 105.767202535193"
42315547,06/03/2025,"Bán CC N01 Ngoại Giao Đoàn, 11 tỷ VND, 132 m2, 4PN, 3WC, Bắc Từ Liêm, Hà Nội",11 tỷ,132 m²,"83,33 tr/m²",4,3,"Xuân Đỉnh, Bắc Từ Liêm","21.06587280956424, 105.79733113131289"
42341390,06/03/2025,Giảm giá cần bán căn 100m2 2PN 2WC đầy đủ nội thất tại Starlake view Hồ Tây giá nhỉnh 12 tỷ,Giá thỏa thuận,100 m²,N/A,2,2,"Cổ Nhuế 1, Bắc Từ Liêm","21.0527463186021, 105.791575888787"
42273207,06/03/2025,Bán căn 2 phòng ngủ tòa CT chung cư Thái Hà Bộ Công An 43 Phạm Văn Đồng,"4,5 tỷ",70 m²,"64,29 tr/m²",2,2,"Cổ Nhuế 2, Bắc Từ Liêm","21.054962999010627, 105.77686928307034"
42336773,06/03/2025,"Bán căn hộ chung cư An Bình City, 6,3 tỷ, 90m2, 3PN, 2WC, Bắc Từ Liêm, Hà Nội","6,3 tỷ",90 m²,70 tr/m²,3,2,"Cổ Nhuế 1, Bắc Từ Liêm","21.04976415168779, 105.77915700070342"
42315395,06/03/2025,"Bán nhanh căn hộ 102m2 3PN - 2WC giá 6.6 tỷ view thoáng mát, có slot ô tô tại Green Stars","6,6 tỷ",102 m²,"64,71 tr/m²",3,2,"Cổ Nhuế 1, Bắc Từ Liêm","21.0524518709271, 105.779928937745"
22502450,06/03/2025,"Chính chủ bán căn hộ mini Xuân Đỉnh _ Bắc Từ Liêm cạnh chợ, 50m full đồ , ô tô đỗ","1,68 tỷ",50 m²,"33,6 tr/m²",2,1,"Xuân Đỉnh, Bắc Từ Liêm","21.075233464490562, 105.78955377904842"
42315392,06/03/2025,"Bán gấp căn hộ 2PN - 2WC giá 4.5 tỷ, ban công ĐN view thoáng mát tại Green Stars","4,5 tỷ",66 m²,"68,18 tr/m²",2,2,"Cổ Nhuế 1, Bắc Từ Liêm","21.05243535792259, 105.7799630808908"
42045707,06/03/2025,"CHỦ NHÀ BÁN GẤP CĂN HOA HẬU 3PN 2VS, 93M2, CHUNG CƯ OCT5A CÁN BỘ THÀNH ỦY THÀNH PHỐ HÀ NỘI, CỔ NHUẾ",5 tỷ,93 m²,"53,76 tr/m²",3,2,"Cổ Nhuế 2, Bắc Từ Liêm","21.059296069862931, 105.78335144927222"
37067144,06/03/2025,"""Siêu Hiếm"" Cần bán căn hộ chung cư Green Stars DT: 63m2, 3PN full nội thất đẹp, giá 4,5 tỷ bao phí","4,5 tỷ",63 m²,"71,43 tr/m²",3,2,"Cổ Nhuế 1, Bắc Từ Liêm","21.0523986816406, 105.780181884766"
42347548,06/03/2025,"Chủ cần tiền bán gấp căn 2PN toà CT Thái Hà - Phạm Văn Đồng, tầng đẹp, full NT ở ngay, chỉ 4.X tỷ","4,65 tỷ",70 m²,"66,43 tr/m²",2,2,"Cổ Nhuế 2, Bắc Từ Liêm","21.05545792140399, 105.77630942525975"
42327594,06/03/2025,Bán căn 2 ngủ - Sunshine City - Full nội thất đẹp như ảnh - View Quảng trường - Sổ đỏ - 0966 470 ***,"6,4 tỷ","72,7 m²","88,03 tr/m²",2,2,"Đông Ngạc, Bắc Từ Liêm","21.0845435116818, 105.791383844812"
42347389,06/03/2025,Bán căn hộ 2 phòng ngủ 79m2 ban công hướng Nam. Liên hệ 0941 508 ***,Giá thỏa thuận,79 m²,N/A,2,2,"Xuân Tảo, Bắc Từ Liêm","21.06590134592536, 105.80136435745355"
42326060,06/03/2025,Gia đình cần bán căn hộ 3 ngủ Tòa OTC5 chung cư Retco Cổ Nhuế 2. DT 92m Gía 5 tỷ LH 0948 104 ***,5 tỷ,92 m²,"54,35 tr/m²",3,2,"Cổ Nhuế 2, Bắc Từ Liêm","21.05940273408276, 105.78332405309196"
40537290,06/03/2025,"Cần bán căn hộ 3 ngủ tòa OTC5 chung cư Resco, DT: 92 m2 căn góc, 3PN full nội thất, giá 5 tỷ",5 tỷ,92 m²,"54,35 tr/m²",3,2,"Cổ Nhuế 2, Bắc Từ Liêm","21.0590057373047, 105.783226013184"
42346986,06/03/2025,Chính chủ cần bán gấp căn hộ 1914 toà a2 chung cư ia20! Liên hệ 0943 261 ***,5 tỷ,92 m²,"54,35 tr/m²",N/A,N/A,"Đông Ngạc, Bắc Từ Liêm","21.085540406162167, 105.78929476439953"
42347280,06/03/2025,"Tôi chính chủ cần bán căn hộ 3PN 2VS 110m2 tòa R4 Goldmark City, tầng 18 ban công ĐB full đồ sẵn sổ",7 tỷ,110 m²,"63,64 tr/m²",3,2,"Phú Diễn, Bắc Từ Liêm","21.043415562144258, 105.76696266105424"
41251988,06/03/2025,Tin chính chủ gia đình cần bán gấp căn hộ chung cư bên Green Stars LH: 0936 410 ***,"3,94 tỷ",68 m²,58 tr/m²,2,2,"Cổ Nhuế 1, Bắc Từ Liêm","21.052398681640625, 105.78018188476562"
42325127,06/03/2025,Em đang cần tiền gấp chính chủ bán căn CT1 Thái Hà 43 Phạm Văn Đồng,Giá thỏa thuận,70 m²,N/A,2,2,"Cổ Nhuế 2, Bắc Từ Liêm","21.055952315311938, 105.77714144238794"
39375716,06/03/2025,Bán căn góc 3PN + 2WC + 2 logia - 104m2 - 8 tỷ tầng cao + cam kết còn hàng + Sunshine City,8 tỷ,104 m²,"76,92 tr/m²",3,2,"Đông Ngạc, Bắc Từ Liêm","21.0914440155029, 105.784721374512"
42344175,06/03/2025,"Bán căn hộ 2PN, 2WC tại N03 - T5 Ngoại Giao Đoàn, 7,055 tỷ, 83,2m2, hàng hiếm","7,06 tỷ","83,2 m²","84,8 tr/m²",2,2,"Xuân Đỉnh, Bắc Từ Liêm","21.064277729957396, 105.79846605656581"
42345923,06/03/2025,Căn góc 2PN view công viên Hòa Bình - Chung cư C4 Đỗ nhuận - full đồ - DT 93m2 - Giá 5.X tỷ,"5,9 tỷ",93 m²,"63,44 tr/m²",2,2,"Xuân Đỉnh, Bắc Từ Liêm","21.0654760727975, 105.791848709899"
42345933,06/03/2025,"Bán căn hộ chung cư khu đô thị TP Giao Lưu - căn góc 76m2 2 PN, 2VS full nội thất nhỉnh 4 tỷ","4,5 tỷ",76 m²,"59,21 tr/m²",2,2,"Cổ Nhuế 1, Bắc Từ Liêm","21.062495797390824, 105.78385917203502"
41266280,06/03/2025,"Chính chủ bán căn hộ 02 phòng ngủ tại chung cư Green Stars PVĐ, căn hộ đầy đủ nội thất, giá 3tỷx",Giá thỏa thuận,63 m²,N/A,2,2,"Cổ Nhuế 1, Bắc Từ Liêm","21.0523986816406, 105.780181884766"
42346400,06/03/2025,"Bán CC tòa L5 Ciputra, Hà Nội DT 114m2, 03PN giá bán 9.2 tỷ. LH em Hường 0936 670 ***","9,2 tỷ",114 m²,"80,7 tr/m²",3,N/A,"Đông Ngạc, Bắc Từ Liêm","21.08198563841428, 105.7915650689901"
41301354,06/03/2025,"Gia đình cần bán nhanh căn hộ chung cư cao cấp 2PN giá 6,x tỷ VND tại Kosmo Tây Hồ, Hà Nội",Giá thỏa thuận,"96,2 m²",N/A,2,2,"Xuân Tảo, Bắc Từ Liêm","21.0685367584229, 105.802764892578"
42164732,06/03/2025,"Chính chủ bán gấp 3PN - 111,7m2 - Full đồ - Tòa B IA20 Ciputra - Giá chỉ nhỉnh 6 tỷ Lh: 0974 104 ***",Giá thỏa thuận,"111,7 m²",N/A,3,2,"Đông Ngạc, Bắc Từ Liêm","21.09185873902688, 105.78446656598749"
41579991,06/03/2025,Chọn lọc những căn hộ An Bình City loại 2PN giá chuyển nhượng tốt nhất thị trường hiện tại,Giá thỏa thuận,74 m²,N/A,2,2,"Cổ Nhuế 1, Bắc Từ Liêm","21.0499519227245, 105.786721713989"
37536124,06/03/2025,Tổng hợp quỹ CH view cực phẩm tòa Han Jardin N01T6T7 khu Ngoại Giao Đoàn giá tốt nhất thị trường,10 tỷ,100 m²,100 tr/m²,4,3,"Xuân Tảo, Bắc Từ Liêm","21.0630493164063, 105.797309875488"
32331314,06/03/2025,Chính chủ (không qua trung gian) bán gấp trong tháng căn hộ 78m2 giá 4 tỷ bao phí LH 0981 614 ***,4 tỷ,78 m²,"51,28 tr/m²",2,2,"Phú Diễn, Bắc Từ Liêm","21.0442333221436, 105.767318725586"
42154343,06/03/2025,"Bán căn chung cư Tổng Cục 5, sát KĐT Nam Cường - Hoàng Quốc Việt 100 m2, 3 phòng ngủ, 2 vệ sinh","5,85 tỷ",100 m²,"58,5 tr/m²",3,2,"Cổ Nhuế 1, Bắc Từ Liêm","21.050722482735942, 105.78283709839052"
42272517,06/03/2025,Chỉ hơn 4 tỷ nhận ngay căn 78m 2ng full nội thất tại chung cư Goldmark City sổ đỏ trao tay,"4,95 tỷ",78 m²,"63,46 tr/m²",2,2,"Phú Diễn, Bắc Từ Liêm","21.043694839304116, 105.76775717409693"
33245724,06/03/2025,Chính chủ cần bán gấp căn căn 01 - 4PN 132m2 view hồ điều hòa tại N01T1 NGĐ 0924 691 ***,Giá thỏa thuận,133 m²,N/A,4,3,"Xuân Đỉnh, Bắc Từ Liêm","21.0657501220703, 105.798210144043"
40188847,06/03/2025,CC bán căn 4PN tòa N01T6-TASECO - NGĐ Bắc Từ Liêm - Hà Nội. LH 0924 691 ***,"16,92 tỷ",141 m²,120 tr/m²,4,3,"Xuân Tảo, Bắc Từ Liêm","21.0630493164063, 105.797309875488"
42335019,06/03/2025,"Hiếm! Duy Nhất 1 Căn 3N2VS Giá 6,3 Tỷ Dự Án Gold Mark City Hồ Tùng Mậu DT: 114m2, Tầng Trung Đẹp",Giá thỏa thuận,114 m²,N/A,3,2,"Phú Diễn, Bắc Từ Liêm","21.04424044967311, 105.76730040691187"
41761039,06/03/2025,Chính chủ cần bán 2PN Kosmo Tây Hồ 0355 161 ***,"6,7 tỷ",84 m²,"79,76 tr/m²",2,2,"Xuân Tảo, Bắc Từ Liêm","21.0685367584229, 105.802764892578"
42153581,06/03/2025,"Bán căn góc N03T3 N03T4 Ngoại Giao Đoàn ban công Đông view thoáng, sẵn sổ, xem nhà 24/7 miễn phí",Giá thỏa thuận,130 m²,N/A,3,2,"Xuân Đỉnh, Bắc Từ Liêm","21.064046947249754, 105.79845827537487"
42158583,06/03/2025,Bán căn hộ chung cư cao cấp tòa N03-T8 khu Ngoại Giao Đoàn 93m2 giá 7.7 tỷ,"7,7 tỷ",93 m²,"82,8 tr/m²",3,2,"Xuân Đỉnh, Bắc Từ Liêm","21.065174396627732, 105.79780588854817"
23920155,06/03/2025,"Bán chung cư IA20 Ciputra 93m2, 3PN + 2WC giá từ 4.5tỷ/căn 0382 276 ***",Giá thỏa thuận,93 m²,N/A,3,2,"Đông Ngạc, Bắc Từ Liêm","21.0919170379639, 105.785003662109"
42323689,06/03/2025,Gấp em cần bán căn 02 PN Green Stars 234 Phạm Văn Đồng rẻ nhất thị trường,"4,5 tỷ",70 m²,"64,29 tr/m²",2,2,"Cổ Nhuế 1, Bắc Từ Liêm","21.051964705694125, 105.7797956546715"
42345493,05/03/2025,"Cần bán CH 2PN, 78m2, tâng trung ở chung cư Goldmark City. Giá bán 5.3 tỷ, có thương lượng","5,3 tỷ",78 m²,"67,95 tr/m²",2,2,"Phú Diễn, Bắc Từ Liêm","21.0403366088867, 105.767585754395"
42200071,05/03/2025,"Quỹ căn hộ Goldmark City chuyển nhượng 4PN, nguồn chính chủ giá tốt nhất","6,5 tỷ",135 m²,"48,15 tr/m²",4,3,"Phú Diễn, Bắc Từ Liêm","21.0437413330142, 105.768037797561"
41592217,05/03/2025,"""Phải Thật Nhanh""Bán Căn 3PN Căn G Tầng Cao View Đẹp Tại Chung Cư Starlake Giá Bán 13.8 Tỷ Bao Phí",15 tỷ,"113,2 m²","132,51 tr/m²",3,2,"Cổ Nhuế 1, Bắc Từ Liêm","21.0527400970459, 105.79177093505859"
42098529,05/03/2025,Bán nhanh căn hộ 2PN 101m2 chung cư Starlake Tây Hồ giá 10 tỷ full đồ view đẹp liên hệ trực tiếp,10 tỷ,101 m²,"99,01 tr/m²",2,2,"Cổ Nhuế 1, Bắc Từ Liêm","21.05264366520508, 105.7911639863497"
42209100,05/03/2025,"Chủ nhà cần bán căn góc 121m2 N03T2 Taseco Complex cao cấp nhất Ngoại Giao Đoàn, view hồ, tầng cao","10,89 tỷ",121 m²,90 tr/m²,3,2,"Xuân Đỉnh, Bắc Từ Liêm","21.0653688639376, 105.799079477865"
42039619,05/03/2025,"Bán 5 căn góc N01T7 Han Jardin 126m2 tầng cao view hồ điều hoà phong thủy vượng khí, 3 ban công mát",Giá thỏa thuận,126 m²,N/A,3,2,"Xuân Tảo, Bắc Từ Liêm","21.0637116734287, 105.795114757657"
42344884,05/03/2025,Bán 4 Ngủ 160M2 giá thấp nhất Goldmark city,"8,4 tỷ",160 m²,"52,5 tr/m²",4,3,"Phú Diễn, Bắc Từ Liêm","21.04430583554805, 105.76721458204385"
42344874,05/03/2025,"Bán căn hộ 3PN An Bình City - Phạm Văn Đồng, full NT, DT 90m2 view đẹp - Giá chỉ 6.5 tỷ","6,5 tỷ",90 m²,"72,22 tr/m²",3,2,"Cổ Nhuế 1, Bắc Từ Liêm","21.04966627061357, 105.77894669981153"
42344776,05/03/2025,Bán gấp căn hộ 2N - 2Wc - 77m2 full nội thất tầng trung - thành phố giao lưu,"4,4 tỷ",77 m²,"57,14 tr/m²",2,2,"Cổ Nhuế 1, Bắc Từ Liêm","21.062375255328305, 105.7848788563375"
42344821,05/03/2025,"Cần bán gấp CHCC, nhỉnh 4 tỷ, tặng full nội thất, Phí dịch vụ siêu rẻ","4,5 tỷ",80 m²,"56,25 tr/m²",3,2,"Cổ Nhuế 1, Bắc Từ Liêm","21.0626779728456, 105.78509858920478"
42303819,05/03/2025,Mình cần bán căn hộ chung cư HH Thái Hà - Giá rẻ - 73m2 và 122m2 - Sổ đỏ - Tòa thương mại cao cấp.,"5,1 tỷ",73 m²,"69,86 tr/m²",2,2,"Cổ Nhuế 2, Bắc Từ Liêm","21.05626338950068, 105.77795214911053"
32624117,05/03/2025,"Tôi cần bán gấp căn hộ ở CC Green Stars, DT 66,8m2, 2PN full đồ đẹp. Giá bán 4,2 tỷ LH: 0979 062 ***","4,2 tỷ","66,8 m²","62,87 tr/m²",2,2,"Cổ Nhuế 1, Bắc Từ Liêm","21.0574407099784, 105.785139181972"
42318122,05/03/2025,"Chỉ hơn 1 tỷ căn hộ 40m2 1PK - 1PN - 1WC, sổ sách đầy đủ. Đông Ngạc - Bắc Từ Liêm - Hà Nội","1,58 tỷ",40 m²,"39,5 tr/m²",1,1,"Đông Ngạc, Bắc Từ Liêm","21.0921940516708, 105.781556335375"
41484880,05/03/2025,"Chính chủ cần bán căn 3PN 2WC, 115m2 full đồ mới, tòa Víp N03T2 Ngoại Giao Đoàn, 9.5 tỷ, 0393 755 ***","9,5 tỷ",115 m²,"82,61 tr/m²",3,2,"Xuân Tảo, Bắc Từ Liêm","21.065017700195312, 105.79893493652344"
42344415,05/03/2025,(Thật 100%) căn hộ 93m2 x 3PN tại N03-T8 - Lô góc hướng Đông và Bắc - Nội thất đẹp - Giá cực mềm,"7,7 tỷ",93 m²,"82,8 tr/m²",3,2,"Xuân Đỉnh, Bắc Từ Liêm","21.065052781011566, 105.8006508554261"
42310240,05/03/2025,BÁN GẤP CĂN HỘ 2PN GREEN STARS 234 PHAM VĂN ĐỒNG GIÁ RẺ,"4,4 tỷ",63 m²,"69,84 tr/m²",2,2,"Cổ Nhuế 1, Bắc Từ Liêm","21.052345445616496, 105.78027412067821"
40962230,05/03/2025,"Bán gấp căn hộ 60m2 tầng trung chung cư Ecohome 3, full nội thất, đã có sổ hồng","3,25 tỷ",60 m²,"54,17 tr/m²",2,2,"Đông Ngạc, Bắc Từ Liêm","21.0861358642578, 105.785682678223"
41820846,05/03/2025,"Cần bán gấp căn 2 phòng ngủ tại Goldmark City - DT 78m2 - Giá 5,1 tỷ","5,1 tỷ",78 m²,"65,39 tr/m²",2,2,"Phú Diễn, Bắc Từ Liêm","21.044278519447445, 105.76729392890066"
42342437,05/03/2025,"Cập nhật những căn hộ đang rao bán khu Ngoại Giao Doàn. DT 103m, 108m, 132m, giá chỉ từ 90-105tr/m2","9,72 tỷ",108 m²,90 tr/m²,3,2,"Xuân Tảo, Bắc Từ Liêm","21.063688005324476, 105.79728028480896"
42343612,05/03/2025,Nhà mới full nội thất về ở ngay căn 2PN - 74m2 - khu ĐT TP Giao Lưu - Phạm Văn Đồng. Giá nhỉnh 5 tỷ,"5,3 tỷ",74 m²,"71,62 tr/m²",2,2,"Cổ Nhuế 1, Bắc Từ Liêm","21.06232204204853, 105.78396822636945"
42343496,05/03/2025,"Tôi là chính chủ cần bán căn 84m2, 3PN, sẵn sổ đỏ. Ban công hướng Đông Nam","8,2 tỷ",84 m²,"97,62 tr/m²",3,N/A,"Xuân Tảo, Bắc Từ Liêm","21.068612133892255, 105.80302554166558"
40525958,05/03/2025,"Bán CHCC 68m2 Xuân Đỉnh, 2PN, 1VS, BC và Pk bếp rộng. Tầng thấp. Căn góc, tặng toàn bộ đồ. 2,x tỷ","2,54 tỷ",68 m²,"37,35 tr/m²",2,1,"Xuân Đỉnh, Bắc Từ Liêm","21.0657853, 105.7917504"
42342661,05/03/2025,"Cần bán căn hộ chung cư Jade Square, căn góc số 06, tòa HH3, DT 67m2 (2 PN + 2WC), giá gốc 40tr/m2","2,68 tỷ",67 m²,40 tr/m²,2,2,"Xuân Đỉnh, Bắc Từ Liêm","21.073955536700822, 105.79106649141436"
42232777,05/03/2025,"Bán căn góc 3 ngủ - Sunshine City - view nội khu (không tâm linh) - 7,6 tỷ (Sổ đỏ + bao phí)","7,6 tỷ","96,7 m²","78,59 tr/m²",3,2,"Đông Ngạc, Bắc Từ Liêm","21.0846967981863, 105.791280975628"
42295997,05/03/2025,"Bán 3 ngủ - Sunshine City - View nội khu - 96,8m2 (thông thủy) - Full đồ rời - Giá: 7,8 tỷ (Sổ đỏ)","7,8 tỷ","96,8 m²","80,58 tr/m²",3,2,"Đông Ngạc, Bắc Từ Liêm","21.0289486097874, 105.852447225903"
42068912,05/03/2025,"Bán căn góc Sunshine City 3PN 97,1m2 full đồ view sông Hồng tầng trung - 7,7 tỷ (sẵn sổ)","7,7 tỷ","97,1 m²","79,3 tr/m²",3,2,"Đông Ngạc, Bắc Từ Liêm","21.0843909091377, 105.792028655074"
42143240,05/03/2025,Cần bán nhanh căn hộ Duplex (2 tầng) H9 Starlake chỉ hơn 30 tỷ (rẻ hơn thị trường 5 tỷ),Giá thỏa thuận,232 m²,N/A,4,3,"Cổ Nhuế 1, Bắc Từ Liêm","21.053369652362726, 105.7917183417224"
40268037,05/03/2025,Chính chủ gửi bán quỹ căn hộ 2 phòng ngủ tại 3 tòa dự án Kosmo. Liên hệ: 0358 589 ***,Giá thỏa thuận,"86,7 m²",N/A,2,2,"Xuân Tảo, Bắc Từ Liêm","21.0685367584229, 105.802764892578"
42282475,05/03/2025,Bán căn 3PN + 2WC + 2 logia + full đồ - 98m2 - 8 tỷ tầng cao + cam kết còn hàng + Sunshine City,8 tỷ,98 m²,"81,63 tr/m²",3,2,"Đông Ngạc, Bắc Từ Liêm","21.084394786671808, 105.79148584483666"
42281826,05/03/2025,"Bán căn hộ Sunshine City, Đông Ngạc, Bắc Từ Liêm, Hà Nội, 7.7 tỷ, 98m2","7,7 tỷ",98 m²,"78,57 tr/m²",3,2,"Đông Ngạc, Bắc Từ Liêm","21.0843799386994, 105.79164798463259"
42341938,05/03/2025,Bán gấp căn 3 ngủ 96m2 tại NO3 T1 Ngoại Giao Đoàn. Giá chào 7 tỷ có thương lượng. 0826 465 ***,7 tỷ,96 m²,"72,92 tr/m²",3,2,"Xuân Đỉnh, Bắc Từ Liêm","21.065807472670343, 105.7986842401641"
42342487,05/03/2025,"Bán căn 3 ngủ rẻ nhất có slot oto CC An Bình City, Cổ Nhuế 1, Bắc Từ Liêm, Hà Nội, 6,2 tỷ, 86,5m2","6,2 tỷ","86,5 m²","71,68 tr/m²",2,2,"Cổ Nhuế 1, Bắc Từ Liêm","21.049671330563406, 105.77854916001891"
42185724,05/03/2025,Bán căn 3 ngủ full đồ 100m2 view ngoại khu giá tốt nhất dự án,7 tỷ,100 m²,70 tr/m²,3,2,"Đông Ngạc, Bắc Từ Liêm","21.084634646476193, 105.79167676530025"
42306393,05/03/2025,Bán căn 3 ngủ full đồ ban công Nam Sunshine City + sẵn sổ sang tên,8 tỷ,98 m²,"81,63 tr/m²",3,2,"Đông Ngạc, Bắc Từ Liêm","21.083722555721284, 105.79102823842045"
41870293,05/03/2025,"Chính chủ bán CHCC Han Jardin 3 phòng ngủ, 125.7 m2, căn góc, nhà mới ở ngay - LH 0904 011 ***","16,34 tỷ","125,7 m²",130 tr/m²,3,2,"Xuân Tảo, Bắc Từ Liêm","21.063482086132968, 105.79660580071881"
41850692,05/03/2025,"Bán CHCC Han Jardin 125.7m2 3 PN - căn góc 2 mặt thoáng, view công viên - nhà mới - LH 0904 011 ***",Giá thỏa thuận,"125,7 m²",N/A,3,2,"Xuân Tảo, Bắc Từ Liêm","21.062969242709322, 105.79816459755712"
37203743,05/03/2025,"Tôi cần bán căn hộ An Bình City, giá rất tốt cho hàng xóm. Chìa khóa sẵn sàng. Xem nhà ngay, sổ đỏ",6 tỷ,90 m²,"66,67 tr/m²",3,2,"Cổ Nhuế 1, Bắc Từ Liêm","21.0495662689209, 105.778594970703"
42228539,05/03/2025,"Chỉ 6 tỷ em có 2 căn hộ 3PN tại KĐT Nam cường 108m2 tầng 16 rất đẹp, cần bán ạ",6 tỷ,108 m²,"55,56 tr/m²",3,2,"Cổ Nhuế 1, Bắc Từ Liêm","21.050287167147204, 105.78465816094396"
42341660,05/03/2025,"Tổng hợp quỹ căn Goldmark City 136 Hồ Tùng Mậu 3PN- Full nội thất- Chỉ từ 60tr/m2, LH 0948 507 ***",6 tỷ,94 m²,"63,83 tr/m²",3,2,"Phú Diễn, Bắc Từ Liêm","21.0441988308983, 105.767012828056"
42341707,05/03/2025,Quỹ căn Goldmark City 136 Hồ Tùng Mậu 4PN - Hỗ trợ vay 70%- LH 0948 507 ***,8 tỷ,154 m²,"51,95 tr/m²",4,3,"Phú Diễn, Bắc Từ Liêm","21.0441988308983, 105.767012828056"
42184836,05/03/2025,"Thiện chí bán sớm căn 95m2 - 3PN tòa N03T8, sẵn sổ, full nội thất. Giá: 7,x tỷ. LH: 0366 261 ***","7,5 tỷ",95 m²,"78,95 tr/m²",3,2,"Xuân Đỉnh, Bắc Từ Liêm","21.06502946973379, 105.8008746998669"
42341552,05/03/2025,"Quỹ căn Goldmark City 136 Hồ Tùng Mậu 2PN đẹp nhất, thanh khoản nhanh, giá ưu đãi LH 0948 507 ***","4,8 tỷ",78 m²,"61,54 tr/m²",2,2,"Phú Diễn, Bắc Từ Liêm","21.0441988308983, 105.767012828056"
41799561,05/03/2025,"Quỹ căn hộ chuyển nhượng SunShine City Ciputra (1 - 2 - 3 ngủ, căn góc, Duplex). LH 0916 252 ***",Giá thỏa thuận,100 m²,N/A,3,2,"Đông Ngạc, Bắc Từ Liêm","21.083912357788492, 105.79162356698995"
41699711,05/03/2025,Bán căn góc 2 ngủ 73m2 Sunshine City Ciputra. Giá chỉ hơn 6 tỷ. Sổ đỏ LH 0916 252 ***,"6,2 tỷ",73 m²,"84,93 tr/m²",2,2,"Đông Ngạc, Bắc Từ Liêm","21.084365844726562, 105.79166412353516"
42200449,05/03/2025,Chính chủ cần bán căn hoa hậu G 113m2 tại toà 903 đã sắm đầy đủ nội thất sổ hồng giao dịch luôn,"15,9 tỷ",113 m²,"140,71 tr/m²",3,2,"Cổ Nhuế 1, Bắc Từ Liêm","21.05276948205349, 105.79085744044013"
42340257,05/03/2025,Bán gấp chung cư mini ở Thụy Phương - Diện tích 32m2,"1,39 tỷ",32 m²,"43,44 tr/m²",2,2,"Đức Thắng, Bắc Từ Liêm","21.0794818431489, 105.774868674437"
42327592,05/03/2025,"Bán căn hộ 2PN, 2WC, 60m2, 4,55 tỷ tại Green Stars, Cổ Nhuế 1, Bắc Từ Liêm, Hà Nội","4,55 tỷ",60 m²,"75,83 tr/m²",2,2,"Cổ Nhuế 1, Bắc Từ Liêm","21.05251343074324, 105.78034539776215"
42340342,05/03/2025,"CHÍNH CHỦ BÁN GẤP CĂN HỘ 3PN CAO CẤP HAN JARDIN - N01-T6, T7 NGOẠI GIAO ĐOÀN","15,62 tỷ",142 m²,110 tr/m²,3,3,"Xuân Tảo, Bắc Từ Liêm","21.063247254682324, 105.79766577123574"
41816825,05/03/2025,"(GIÁ ĐẦU TƯ) Bán CC Goldmark City, 7,9 tỷ, 130m2, 3PN, 2WC, pháp lý đầy đủ","7,9 tỷ",130 m²,"60,77 tr/m²",3,2,"Phú Diễn, Bắc Từ Liêm","21.044029745105547, 105.76777447495687"
42242989,05/03/2025,Chúng tôi chuyển nhượng 1 số quỹ căn IA20 Ciuptra dt 92m -112m đã có nội thất giá cạnh tranh tốt.,Giá thỏa thuận,92 m²,N/A,3,2,"Đông Ngạc, Bắc Từ Liêm","21.09183924394918, 105.78468410779004"
39745394,05/03/2025,"Bán nhanh 4PN tòa Diamond Goldmark City căn góc DT 147m2 giá 8,3tỷ bao hết thuế phí sang tên","8,3 tỷ",147 m²,"56,46 tr/m²",4,2,"Phú Diễn, Bắc Từ Liêm","21.0442333221436, 105.767318725586"
42043166,05/03/2025,"Hàng hot bán CC tại Goldmark City, giá 5.6tỷ, 83m2, 2PN, 2WC","5,6 tỷ",83 m²,"67,47 tr/m²",2,2,"Phú Diễn, Bắc Từ Liêm","21.0442235738656, 105.767397126544"
42243142,05/03/2025,Bán căn IA20 ciputra tầng 25 view đẹp full nội thất giá thương lượng trực tiếp chủ nhà. 0914 772 ***,Giá thỏa thuận,92 m²,N/A,3,2,"Đông Ngạc, Bắc Từ Liêm","21.092658827104245, 105.78489247757203"
42336065,05/03/2025,"New!, Bán căn hộ 4 PN 2 WC, chung cư Scitech Tower hàng xóm Goldmark, giá thỏa thuận",Giá thỏa thuận,128 m²,N/A,4,2,"Phú Diễn, Bắc Từ Liêm","21.040835580527233, 105.76492421604479"
42199016,05/03/2025,"Chính chủ bán căn 3 ngủ 110m2 tòa N03-T3 Ngoại Giao Đoàn, 11 tỷ bao phí, đủ đồ đẹp",11 tỷ,110 m²,100 tr/m²,3,2,"Xuân Đỉnh, Bắc Từ Liêm","21.0643980328622, 105.798192870586"
42200113,05/03/2025,"Gia đình chuyển lên căn to nên cần bán căn 3n Goldmark City, Dt 100m2, sẵn sổ đỏ, để full NT, 5ty4","5,4 tỷ",100 m²,54 tr/m²,3,2,"Phú Diễn, Bắc Từ Liêm","21.04456621893073, 105.76646914176318"
40113824,05/03/2025,"Cần bán căn 3PN 130m2 góc dự án Goldmark City, tầng trung, view cực thoáng, Bc Nam, giá sốc: 6,8 tỷ","6,8 tỷ",130 m²,"52,31 tr/m²",3,2,"Phú Diễn, Bắc Từ Liêm","21.0442333221436, 105.767318725586"
41960665,05/03/2025,Bán chung cư Nam Cường Cổ Nhuế Hà Nội,"4,62 tỷ",70 m²,66 tr/m²,2,2,"Cổ Nhuế 1, Bắc Từ Liêm","21.0502708450321, 105.78415003000741"
42337879,05/03/2025,Chính chủ cần bán căn 2PN chung cư 304 Hồ Tùng Mậu ngay cạnh Goldmark giá nhỉnh 3 tỷ. 0979 343 ***,"3,1 tỷ","60,8 m²","50,99 tr/m²",2,2,"Phú Diễn, Bắc Từ Liêm","21.040582996216152, 105.76572290524238"
41850602,05/03/2025,"Bán căn hộ 3PN, 2WC tại Goldmark City, 6 tỷ VND, 100m2",6 tỷ,100 m²,60 tr/m²,3,2,"Phú Diễn, Bắc Từ Liêm","21.04430554701464, 105.76733099189254"
40055672,05/03/2025,"Giá tốt nhất dự án, KO ẢO, Chính chủ cần bán căn Góc Trồi 3 ngủ tại An Bình City -232 Phạm Văn Đồng","6,4 tỷ",83 m²,"77,11 tr/m²",3,2,"Cổ Nhuế 1, Bắc Từ Liêm","21.0495662689209, 105.77859497070313"
42319943,05/03/2025,"Chính chủ Cần bán gấp căn hộ 2PN ở CC Thái Hà - Phạm Văn Đồng, full đồ đẹp, giá 4.x tỷ, Rẻ nhất","4,2 tỷ",70 m²,60 tr/m²,2,2,"Cổ Nhuế 2, Bắc Từ Liêm","21.05577439758623, 105.77717878486152"
37548987,05/03/2025,"Chính chủ bán căn hộ 66,8m2 Green Stars - full nội thất đẹp Giá bán Nhỉnh 4 tỷ LH 0988 072 ***",Giá thỏa thuận,"66,8 m²",N/A,2,2,"Cổ Nhuế 1, Bắc Từ Liêm","21.0523986816406, 105.780181884766"
41002492,05/03/2025,Gia đình cần bán căn hộ 2 PN An Bình City - View nội khu đẹp - Hướng Nam - giá 5 tỷ nhỉnh,"5,1 tỷ",73 m²,"69,86 tr/m²",2,2,"Cổ Nhuế 1, Bắc Từ Liêm","21.0495662689209, 105.778594970703"
36397993,05/03/2025,"Chính chủ bán căn hộ 114m2 view hồ chung cư An Bình City - có lot ô tô, 0988 072 ***",Giá thỏa thuận,114 m²,N/A,3,2,"Cổ Nhuế 1, Bắc Từ Liêm","21.0495662689209, 105.778594970703"
42236843,05/03/2025,"4,x tỷ- Chung cư 2N+1W -Bán Căn hộ chung cư tại 120 Hoàng Quốc Việt",Giá thỏa thuận,70 m²,N/A,N/A,N/A,"Cổ Nhuế 1, Bắc Từ Liêm","21.046230971734893, 105.7916715307247"
42121129,05/03/2025,"Chính chủ cần bán nhanh căn 97m2, 2PN tòa CT1 KĐT Nam Cường Cổ Nhuế giá 5 tỷ, sẵn sổ. LH 0968 989 ***",5 tỷ,97 m²,"51,55 tr/m²",2,2,"Cổ Nhuế 1, Bắc Từ Liêm","21.05033168119455, 105.78500918509665"
41775379,05/03/2025,Tôi chính chủ suất đền bù căn 1605 tòa CT3 cần chuyển nhượng căn view trực diện Hồ Tây nhà mới tinh,Giá thỏa thuận,65 m²,N/A,N/A,N/A,"Cổ Nhuế 2, Bắc Từ Liêm","21.046612503201008, 105.79256660571053"
42190929,05/03/2025,"Bán căn hộ CC tại N04A Ngoại Giao Đoàn, giá thỏa thuận, 79m2, view đẹp, uy tín",Giá thỏa thuận,79 m²,N/A,N/A,N/A,"Xuân Tảo, Bắc Từ Liêm","21.066614934627243, 105.8006083922122"
42235705,05/03/2025,Cần bán căn hộ full nội thất chỉ mang vali về ở tại S4 Goldmark City 3PN - 104m2 giá nhỉnh 7 tỷ.,Giá thỏa thuận,104 m²,N/A,3,2,"Phú Diễn, Bắc Từ Liêm","21.044233322143555, 105.76731872558594"
42059097,05/03/2025,"Bán căn hộ CCMN 2PN mới, lô góc, full nội thất (như Ảnh) đường Phạm Văn Đồng. Ô tô đỗ gần nhà",Giá thỏa thuận,55 m²,N/A,2,1,"Xuân Đỉnh, Bắc Từ Liêm","21.0730938701562, 105.785519377001"
40546837,05/03/2025,"Cần bán nhanh căn hộ CCMN Xuân Đỉnh - Xuân La mới. 2PN, full nội thất. DT 50m2. Giá 1,8 tỷ","1,8 tỷ",50 m²,36 tr/m²,2,1,"Xuân Đỉnh, Bắc Từ Liêm","21.0713761, 105.7943322"
42290904,05/03/2025,"Cực đẹp cần bán căn hộ 2N 2W 78m2 Goldmark City, full nội thất đẹp sẵn sổ giao dịch ngay","5,45 tỷ",78 m²,"69,87 tr/m²",2,2,"Phú Diễn, Bắc Từ Liêm","21.044044590641207, 105.7674640181179"
42101214,05/03/2025,"Bán 2 căn hộ 3 ngủ Goldmark City, căn góc 95m2 giá 5 tỷ 700tr và căn góc 130m2 giá 7.9 tỷ","5,9 tỷ",95 m²,"62,1 tr/m²",3,2,"Phú Diễn, Bắc Từ Liêm","21.043472401202294, 105.76763410301753"
42332104,05/03/2025,C.H.U.N.G C.Ư.... IA20 Ciputra- KDT Nam Thăng Long,"5,3 tỷ",92 m²,"57,61 tr/m²",3,2,"Đông Ngạc, Bắc Từ Liêm","21.0923817347177, 105.784574106231"
42039879,05/03/2025,Bán chung cư mini phạm văn đồng ( 2pn-full đồ),"1,98 tỷ",50 m²,"39,6 tr/m²",2,2,"Cổ Nhuế 1, Bắc Từ Liêm","21.0523303107144, 105.789160787651"
42031351,05/03/2025,"Bán CC mini 2PN, 1WC tại Xuân Đỉnh, 1,98 tỷ, 52m2 ở Bắc Từ Liêm, HN hàng hot","1,98 tỷ",52 m²,"38,08 tr/m²",2,1,"Xuân Đỉnh, Bắc Từ Liêm","21.071322549278, 105.794165416053"
40383880,05/03/2025,"Chủ thiện trí bán 3 ngủ 110.7m2 - 3 ngủ ban công Bắc thoáng mát, view sông Hồng, sẵn sổ, slot ô tô",Giá thỏa thuận,"110,7 m²",N/A,3,2,"Xuân Đỉnh, Bắc Từ Liêm","21.064430236816406, 105.79842376708984"
42335896,05/03/2025,"Chính chủ bán gấp căn hộ 3PN cao cấp Han Jardin - N01 - T6, T7 Ngoại Giao Đoàn","15,62 tỷ",142 m²,110 tr/m²,3,2,"Xuân Tảo, Bắc Từ Liêm","21.063120395435156, 105.79769749381398"
32191300,05/03/2025,Chính chủ cần bán gấp căn căn 4PN 132m2 tại N01T1 NGĐ giá rẻ 0924 691 ***,"10,77 tỷ",133 m²,81 tr/m²,4,3,"Xuân Tảo, Bắc Từ Liêm","21.0657501220703, 105.798210144043"
42138894,05/03/2025,Chính chủ bán căn hộ 2PN 75m2 tòa Centro dự án Kosmo Xuân La Tây Hồ sẵn sổ đỏ giá tốt,Giá thỏa thuận,75 m²,N/A,2,2,"Xuân Tảo, Bắc Từ Liêm","21.068220628220317, 105.80298726517383"
42335545,05/03/2025,"Bán căn hộ tập thể Đường Sắt ngã tư Hoàng Quốc Việt, Phạm Văn Đồng 47m2, sử dụng 90m2 - 2PN full đồ","3,7 tỷ",90 m²,"41,11 tr/m²",2,1,"Cổ Nhuế 1, Bắc Từ Liêm","21.0462537356407, 105.788269492541"
42333966,05/03/2025,Chung cư CC N04B - Ngoại Giao Đoàn DT 129m2 giá 9.7 tỷ thiết kế: 3PN - 2 WC - 2 lô gia,"9,7 tỷ",129 m²,"75,19 tr/m²",3,2,"Xuân Đỉnh, Bắc Từ Liêm","21.066178132402538, 105.80070219130272"
42334658,05/03/2025,Bán chung cư An Bình City 2PN 2VS full nội thất. Bác nào có nhu cầu liên hệ chính chủ,6 tỷ,74 m²,"81,08 tr/m²",2,2,"Cổ Nhuế 1, Bắc Từ Liêm","21.0497774880479, 105.778662544707"
38998450,05/03/2025,CC bán căn hộ 3PN tòa N03T6 - Taseco NGĐ - Bắc Từ Liêm - LH 0924 691 ***,"9,6 tỷ",121 m²,"79,34 tr/m²",3,2,"Xuân Đỉnh, Bắc Từ Liêm","21.064977645874, 105.797737121582"
41456039,05/03/2025,"Bán gấp căn hộ chung cư 76m2, 2PN, 2VS tại Thành Phố Giao Lưu, 4 tỷ VND. Liên hệ 0985 222 ***",4 tỷ,76 m²,"52,63 tr/m²",2,2,"Cổ Nhuế 1, Bắc Từ Liêm","21.062650680542, 105.784194946289"
41981044,05/03/2025,"Căn hộ CCMN Hồ Tùng Mậu, hiếm, 64m2, 2 sàn 2PN, 2WC, oto 10m, 1.85 tỷ","1,85 tỷ",63 m²,"29,36 tr/m²",2,2,"Phú Diễn, Bắc Từ Liêm","21.0399695343318, 105.766217744107"
42314126,05/03/2025,"Chính chủ bán căn hộ chung cư IA20 Ciputra - Lô góc, tặng full nội thất xịn - 94m2 giá 5.75 tỷ","5,75 tỷ",94 m²,"61,17 tr/m²",3,2,"Đông Ngạc, Bắc Từ Liêm","21.09216811506264, 105.7853452635104"
38358463,05/03/2025,Chính chủ bán căn hộ chung cư IA20 Ciputra 110m2 lô góc 0382 276 ***,5 tỷ,110 m²,"45,46 tr/m²",4,2,"Đông Ngạc, Bắc Từ Liêm","21.0919170379639, 105.785003662109"
41472593,05/03/2025,"Siêu phẩm duy nhất tại IA20 Ciputra, giá ưu đãi 4,5 tỷ, 92m2, 3PN","4,5 tỷ",92 m²,"48,91 tr/m²",3,2,"Đông Ngạc, Bắc Từ Liêm","21.0919170379639, 105.785003662109"
42334475,04/03/2025,"Siêu phẩm căn hộ 2 ngủ 70m2 chung cư Ecohome 3, Đông Ngạc, Bắc Từ Liêm giá 3.85 tỷ","3,85 tỷ",70 m²,55 tr/m²,2,2,"Đông Ngạc, Bắc Từ Liêm","21.0861211721445, 105.78569112590397"
42153673,04/03/2025,"Bán căn góc 132m2 N01T1 Lạc Hồng Lotus, view hồ điều hoà, tầng trung, 2 slot xe, full cao cấp","11,62 tỷ",132 m²,88 tr/m²,3,2,"Xuân Đỉnh, Bắc Từ Liêm","21.0658212045643, 105.798255218276"
42330449,04/03/2025,"Bán căn hộ IA20 Ciputra, 6,3 tỷ, 157m2, Đông Ngạc, Bắc Từ Liêm, Hà Nội","6,3 tỷ",157 m²,"40,13 tr/m²",N/A,N/A,"Đông Ngạc, Bắc Từ Liêm","21.091540575428063, 105.78519714880635"
42333846,04/03/2025,"BÁN CĂN HỘ IA20 CIPUTRA - FULL NỘI THẤT CAO CẤP   Vị trí: Tòa IA20 Ciputra,",6 tỷ,92 m²,"65,22 tr/m²",3,2,"Đông Ngạc, Bắc Từ Liêm","21.09149144846912, 105.78502249137395"
42162952,04/03/2025,"Bán căn hộ tập thể 212 Tân Xuân, Xuân Đỉnh Bắc Từ Liêm","2,7 tỷ",68 m²,"39,71 tr/m²",2,1,"Xuân Đỉnh, Bắc Từ Liêm","21.0812442580532, 105.788561064914"
42316213,04/03/2025,"Chính chủ cần bán gấp căn hộ 74m2 thiết kế 2PN, 2WC tầng trung nhà đẹp chung cư An Bình City","4,8 tỷ",74 m²,"64,86 tr/m²",2,2,"Cổ Nhuế 1, Bắc Từ Liêm","21.0501901876345, 105.778118694067"
42316394,04/03/2025,"Bán gấp căn hộ 91m2 thiết kế 3PN, 2WC nội thất cao cấp chủ mới chỉ việc sách vali về ở giá cực tốt",6 tỷ,90 m²,"66,67 tr/m²",3,2,"Cổ Nhuế 1, Bắc Từ Liêm","21.04967805581584, 105.77912040631175"
40577239,04/03/2025,Hiếm! Bán căn Goldmark City 93.5m căn 3PN2WC full nội thất giá 5.9 tỷ,"5,9 tỷ",93 m²,"63,44 tr/m²",4,3,"Phú Diễn, Bắc Từ Liêm","21.044233322143555, 105.76731872558594"
42277438,04/03/2025,"Mình cần bán căn ia20 ciputra nhà đẹp, hướng mát, full nội thất","6,45 tỷ",108 m²,"59,72 tr/m²",3,2,"Đông Ngạc, Bắc Từ Liêm","21.086173803282566, 105.78569178963758"
42330582,04/03/2025,Bán căn chung cư Intracom Cầu Diễn - 94m2 mặt đường Cầu Diễn,"5,9 tỷ",94 m²,"62,77 tr/m²",3,2,"Phú Diễn, Bắc Từ Liêm","21.041716003075017, 105.75918566084572"
42332042,04/03/2025,Chủ nhà giảm giá 400tr cần thanh khoản căn 2PN view thoáng tại Starlake giá thiện chí,Giá thỏa thuận,98 m²,N/A,2,2,"Cổ Nhuế 1, Bắc Từ Liêm","21.053085558332004, 105.79143736388137"
41809832,04/03/2025,"Gia đình cần bán gấp căn 3PN dt 104m2 giá công khai 6,95 tỉ view thoáng mát","6,8 tỷ",104 m²,"65,39 tr/m²",3,2,"Phú Diễn, Bắc Từ Liêm","21.04410825532081, 105.76664436468849"
38004098,04/03/2025,Căn 105m2 full nội thất 3PN khu Ngoại Giao Đoàn Bắc Từ Liêm giá tốt nhất khu 7.6 tỷ bao thuế phí,"7,6 tỷ",105 m²,"72,38 tr/m²",3,2,"Xuân Đỉnh, Bắc Từ Liêm","21.0658397674561, 105.798149108887"
42331637,04/03/2025,Chính chủ gửi bán căn hộ Nam Cường - KĐT mới Cổ Nhuế căn 100m2 giá tốt chỉ ~5 tỷ,5 tỷ,100 m²,50 tr/m²,3,2,"Cổ Nhuế 1, Bắc Từ Liêm","21.05034591929329, 105.78486058839647"
42002260,04/03/2025,"Cần bán căn hộ chung cư Học Viện Kỹ Thuật Quân Sự, 90m2, giá nhỉnh 3 tỷ, chưa sổ đỏ, đủ đồ đẹp","3,25 tỷ",90 m²,"36,11 tr/m²",3,2,"Xuân Đỉnh, Bắc Từ Liêm","21.0812337522868, 105.78880800185"
42331423,04/03/2025,"Bán nhanh căn hộ 3 ngủ Lạc Hồng Lotus, ban công Đông Nam siêu thoáng mát, 2 slot ô tô dưới hầm","10,65 tỷ",133 m²,"80,08 tr/m²",3,3,"Xuân Đỉnh, Bắc Từ Liêm","21.06603370906097, 105.79733179494228"
42330769,04/03/2025,"Bán nhà tập Thể Cầu Diễn. DT 70m2, 2 ngủ 2 vệ sinh. Giá 2.85 tỷ","2,85 tỷ",38 m²,75 tr/m²,2,2,"Phú Diễn, Bắc Từ Liêm","21.0415467142454, 105.760770170643"
40054546,04/03/2025,"Cần bán căn hộ tòa Lạc Hồng N01-T5 Ngoại Giao Đoàn (101m2, 108m2 & 122m2) 3PN2WC, căn góc. Giá tốt","8,5 tỷ",108 m²,"78,7 tr/m²",3,2,"Xuân Tảo, Bắc Từ Liêm","21.0630359649658, 105.795974731445"
39415858,04/03/2025,"Chính chủ căn hộ cư dân Kosmo Tây Hồ, cần bán căn 2PN, 2WC (77m2 & 84m2) view Hồ Tây, giá hơn 6 tỷ",Giá thỏa thuận,84 m²,N/A,2,2,"Xuân Tảo, Bắc Từ Liêm","21.0685367584229, 105.802764892578"
42007920,04/03/2025,"Bán căn hộ 3PN, 2WC, 104m2 tại Khu đô thị mới Resco - Phạm Văn Đồng, 4,65 tỷ, Bắc Từ Liêm, Hà Nội","4,65 tỷ",104 m²,"44,71 tr/m²",3,2,"Cổ Nhuế 2, Bắc Từ Liêm","21.058994210557294, 105.78395804533773"
40287789,04/03/2025,"Em cần Bán Gấp căn hộ tòa Kosmo Tây Hồ. căn 3PN ( 96m & 102m & 118m2), Có Slot oto ( Giá hơn 8 tỷ )","8,5 tỷ",102 m²,"83,33 tr/m²",3,2,"Xuân Tảo, Bắc Từ Liêm","21.0685367584229, 105.802764892578"
39312167,04/03/2025,"Chị gái em gửi bán, 2 căn hộ 2PN(66,8m & 74m2) và 3PN(102m2), có slot Ôtô, ở Green Star, 0961 925 ***","4,5 tỷ","74,2 m²","60,65 tr/m²",2,2,"Cổ Nhuế 1, Bắc Từ Liêm","21.0523986816406, 105.780181884766"
41006104,04/03/2025,Bán cắt lỗ giá tốt tại GMC từ 35 tr/m2. 147m2 giá 5.3tỷ. Hỗ trợ vay 80%,"5,3 tỷ",147 m²,"36,05 tr/m²",3,4,"Phú Diễn, Bắc Từ Liêm","21.0442333221436, 105.767318725586"
40006097,04/03/2025,Bán căn 3PN view Sân Golf + sổ đỏ + 100m2 7.8 tỷ + hướng Đông Nam + S56 Sunshine City Ciputra,"7,8 tỷ",100 m²,78 tr/m²,3,2,"Đông Ngạc, Bắc Từ Liêm","21.0914440155029, 105.784721374512"
42329938,04/03/2025,Chính chủ cần bán căn 3PN rộng 93.4m2 dự án Intracom 2 Cầu Diễn 0332 226 ***,"5,9 tỷ","93,4 m²","63,17 tr/m²",3,2,"Phú Diễn, Bắc Từ Liêm","21.041915976377325, 105.75898060746111"
42174288,04/03/2025,Quỹ căn Green Stars - 2PN giá rẻ nhất thị trường sau tết,4 tỷ,70 m²,"57,14 tr/m²",2,2,"Cổ Nhuế 1, Bắc Từ Liêm","21.05207796662318, 105.77986509039661"
42174484,04/03/2025,Chính chủ cần bán căn 3 phòng ngủ 135m2 dự án Intracom 2 Cầu Diễn 0332 226 ***,"6,7 tỷ",135 m²,"49,63 tr/m²",3,2,"Phú Diễn, Bắc Từ Liêm","21.041855866967317, 105.75923706718143"
42327608,04/03/2025,"Bán căn hộ IA20 - Ciputra mặt đường Phạm Văn Đồng, Bắc Từ Liêm, Hà Nội",Giá thỏa thuận,92 m²,N/A,3,2,"Đông Ngạc, Bắc Từ Liêm","21.0916975521661, 105.785157774258"
42210644,04/03/2025,Bán 3 ngủ Ciputra 107m2 The Link 345 view vườn hoa - 0974 606 ***,"9,3 tỷ",107 m²,"86,92 tr/m²",3,2,"Đông Ngạc, Bắc Từ Liêm","21.082656420690032, 105.7915059323933"
42095117,04/03/2025,"Bán căn hộ đẹp, tầng cao, hướng mát tòa L2 Ciputra Hanoi","9,8 tỷ",114 m²,"85,96 tr/m²",3,2,"Đông Ngạc, Bắc Từ Liêm","21.081258171893076, 105.79205562872046"
41658796,04/03/2025,Bán căn hộ tầng cao tòa The Link Ciputra 2 ngủ 53m2,"5,2 tỷ",53 m²,"98,11 tr/m²",2,1,"Đông Ngạc, Bắc Từ Liêm","21.0675527162339, 105.761957974275"
42329160,04/03/2025,(Tin thật 100%) Căn hộ 129m2 x 3PN có slot ô tô tại N04B - T2 - Ban công hướng Bắc - Lô góc thoáng,"9,7 tỷ",129 m²,"75,19 tr/m²",3,2,"Xuân Đỉnh, Bắc Từ Liêm","21.0654134917689, 105.800670640017"
41647968,04/03/2025,Bán căn hộ Vinaconex 7 Goldmark Hồ Tùng Mậu căn 3PN giá 5 tỷ loại 128m2 căn góc đẹp của tòa nhà,5 tỷ,128 m²,"39,06 tr/m²",3,2,"Phú Diễn, Bắc Từ Liêm","21.0451335906982, 105.767791748047"
40104476,04/03/2025,Chính chủ gửi bán căn 2PN N04B ban công hướng Nam view Hồ Tây có sổ đỏ slot đỗ oto,Giá thỏa thuận,95 m²,N/A,2,2,"Xuân Đỉnh, Bắc Từ Liêm","21.065879821777344, 105.80138397216797"
40383711,04/03/2025,"Chính chủ gửi bán căn 2 ngủ ban công Nam thoáng mát N01T5, full nội thất, sẵn sổ, slot ô tô",Giá thỏa thuận,87 m²,N/A,2,2,"Xuân Tảo, Bắc Từ Liêm","21.06303596496582, 105.79597473144531"
41966620,04/03/2025,Hàng đẹp nhất 789 Ngoại Giao Đoàn nội thất đẹp như tranh tầng cao thoáng đẹp sổ đỏ đầy đủ,Giá thỏa thuận,75 m²,N/A,2,2,"Xuân Đỉnh, Bắc Từ Liêm","21.06803634163749, 105.79690633922547"
42206532,04/03/2025,Chính chủ bán căn full nội thất đẹp long lanh giá cực tốt 8xtr/m2 hỗ trợ vay bank giá thương lượng,Giá thỏa thuận,135 m²,N/A,3,3,"Xuân Tảo, Bắc Từ Liêm","21.063786426895927, 105.79694602874434"
42327496,04/03/2025,Căn góc Đông Nam 3PN Lạc Hồng N01T1,"10,65 tỷ",133 m²,"80,08 tr/m²",3,3,"Xuân Đỉnh, Bắc Từ Liêm","21.06576754565656, 105.79750123932594"
42328574,04/03/2025,Bán căn hộ Sunshine City 1N 1WC giá tốt. LH: 0349 647 ***,"4,9 tỷ",58 m²,"84,48 tr/m²",1,1,"Đông Ngạc, Bắc Từ Liêm","21.084203214760997, 105.79210975868116"
42117273,04/03/2025,Bán căn hộ 3PN - 114m2 tại The Link 2 - Ciputra/ Full đồ/ Giá: 9.8 tỷ Bao phí/ LH: 0986 558 ***,"9,8 tỷ",114 m²,"85,96 tr/m²",3,2,"Đông Ngạc, Bắc Từ Liêm","21.081720378998735, 105.7916068930516"
42328069,04/03/2025,Bán Gấp căn 2 Ngủ 80m2 view sông giá tốt nhất Sunshine City,"6,3 tỷ",80 m²,"78,75 tr/m²",2,2,"Đông Ngạc, Bắc Từ Liêm","21.08391247531976, 105.79239188169612"
42327892,04/03/2025,"Bán CC Kosmo Tây Hồ 81m2, giá thỏa thuận, 2PN, 2WC, Xuân La, Bắc Từ Liêm, HN, giá tốt! Hot",Giá thỏa thuận,81 m²,N/A,2,2,"Xuân Tảo, Bắc Từ Liêm","21.068535431225367, 105.80187898358186"
41214431,04/03/2025,"Bán căn 2 ngủ/80m2 Sunshine City, view ngoại khu hoàn thiện đẹp nhỉnh 6.3 tỷ, có sổ. LH 0966 286 ***",6 tỷ,80 m²,75 tr/m²,2,2,"Đông Ngạc, Bắc Từ Liêm","21.0914440155029, 105.784721374512"
39136707,04/03/2025,"Bán Căn đẹp 3 ngủ/99m2 - 2logia Sunshine City tầng cao thoáng, có sổ, 7.9 tỷ. LH 0966 286 ***","7,9 tỷ",99 m²,"79,8 tr/m²",3,2,"Đông Ngạc, Bắc Từ Liêm","21.09144401550293, 105.78472137451172"
40486332,04/03/2025,Bán căn góc hoa hậu 117m2/3 ngủ dự án Sunshine City view sông đẹp nhỉnh 9 tỷ. LH 0966 286 ***,9 tỷ,117 m²,"76,92 tr/m²",3,2,"Đông Ngạc, Bắc Từ Liêm","21.0914440155029, 105.784721374512"
39502969,04/03/2025,"Bán căn góc 3PN/104m2 - 2 ban công Sunshine City hướng mát view cầu Nhật Tân, có sổ. LH 0966 286 ***",9 tỷ,104 m²,"86,54 tr/m²",3,2,"Đông Ngạc, Bắc Từ Liêm","21.0914440155029, 105.784721374512"
42327438,04/03/2025,"Cần bán CHCC 80m2 KĐT ngoại giao đoàn: 2PN, 2VS, full nội thất, tầng cao thoáng mát. Giá 6.5 tỷ.","6,5 tỷ",80 m²,"81,25 tr/m²",2,2,"Xuân Đỉnh, Bắc Từ Liêm","21.065781457263803, 105.7981987144654"
40157785,04/03/2025,Chính chủ tôi cần bán căn 3PN tòa Centro căn góc Đông Nam view Hồ Tây - Tầng trung có slot oto,Giá thỏa thuận,102 m²,N/A,3,N/A,"Xuân Tảo, Bắc Từ Liêm","21.06853675842285, 105.80276489257812"
40110507,04/03/2025,Bán căn 3PN Sunshine City view thành phố nội khu - 2 ban công rộng - full đồ đẹp hướng Nam + có sổ,"7,5 tỷ","97,2 m²","77,16 tr/m²",3,2,"Đông Ngạc, Bắc Từ Liêm","21.0914440155029, 105.784721374512"
42327401,04/03/2025,"Sunshine city căn 80m2/2PN tầng cao view trọn Sông Hồng, sổ đỏ chính chủ giá 6.5 tỷ","6,5 tỷ",80 m²,"81,25 tr/m²",2,2,"Đông Ngạc, Bắc Từ Liêm","21.084395760106364, 105.79212297142418"
42138361,04/03/2025,"Bán căn hộ 63,3m2 Ecohome 2 căn thương mại, ban công hướng Nam, giá 3,x tỷ, LH: 0962 378 ***","3,38 tỷ","63,3 m²","53,4 tr/m²",2,2,"Đông Ngạc, Bắc Từ Liêm","21.086548199253315, 105.78631330799058"
42164594,04/03/2025,"Bán căn hộ 65,8m2 ecohome 3 full nội thất, ban công hướng mát, giá bán 3,xxxty, LH: 0962 378 ***","3,45 tỷ","65,8 m²","52,43 tr/m²",2,2,"Đông Ngạc, Bắc Từ Liêm","21.086306734763316, 105.78588240647953"
42327176,04/03/2025,"Danh sách các căn hộ chuyển nhượng mới nhất tại Sunshine City 6,3 tỷ/2PN và 7,2 tỷ/3PN","7,5 tỷ",97 m²,"77,32 tr/m²",3,2,"Đông Ngạc, Bắc Từ Liêm","21.084700859106736, 105.79227505911122"
42327134,04/03/2025,"Bán căn 2 ngủ siêu đẹp CC Green Stars, Phạm Văn Đồng, 4,4 tỷ, 60m2, đẹp, nhiều tiện ích","4,4 tỷ",60 m²,"73,33 tr/m²",2,2,"Cổ Nhuế 1, Bắc Từ Liêm","21.051967412772946, 105.78055109081171"
39209185,04/03/2025,"Cần bán CH DT 74m2 tại chung cư An Bình căn 2PN giá rẻ, view hồ đẹp","5,5 tỷ",90 m²,"61,11 tr/m²",3,2,"Cổ Nhuế 1, Bắc Từ Liêm","21.0495662689209, 105.778594970703"
42326726,04/03/2025,CHÍNH CHỦ BÁN CĂN HỘ 2PN CHUNG CƯ GREEN STARS - GIÁ HƠN 4 TỶ,4 tỷ,60 m²,"66,67 tr/m²",2,2,"Cổ Nhuế 1, Bắc Từ Liêm","21.05240202023228, 105.78010615228322"
42212509,04/03/2025,"Bán căn hộ 4 phòng ngủ 267m2 tại The Link Ciputra cho đại gia đình ở, view trực diện sân golf",26 tỷ,267 m²,"97,38 tr/m²",4,3,"Đông Ngạc, Bắc Từ Liêm","21.08181673553159, 105.79197782083568"
42042888,04/03/2025,"Bán căn hộ 267m2 tòa The Link Ciputra, 4PN - 3VS, trục view trực diện sân golf đẹp nhất dự án.",26 tỷ,267 m²,"97,38 tr/m²",4,3,"Đông Ngạc, Bắc Từ Liêm","21.08187445728538, 105.7917088953531"
41787687,04/03/2025,"Bán căn hộ chung cư Goldmark City, 6 tỷ, 95m2, hàng hiếm tại Bắc Từ Liêm, Hà Nội. 0984 677 ***",6 tỷ,95 m²,"63,16 tr/m²",3,2,"Phú Diễn, Bắc Từ Liêm","21.044220785597389, 105.76732970693706"
42325782,04/03/2025,"Bán CC Ecohome 2, DT 63,3m2 - FULL NT - thương mại . Giá 3,x tỉ","3,3 tỷ","63,3 m²","52,13 tr/m²",2,2,"Đông Ngạc, Bắc Từ Liêm","21.086382174245916, 105.78551326238455"
41477387,04/03/2025,Em bán căn hộ Kosmo Tây Hồ căn 2PN DT từ 77m2 - 84m2 - 87m2 - 96m2 nội thất đẹp LH 0923 363 ***,8 tỷ,87 m²,"91,95 tr/m²",2,2,"Xuân Tảo, Bắc Từ Liêm","21.0685367584229, 105.802764892578"
42230164,04/03/2025,Bán căn hộ Gold Mark City - 3 ngủ - 2 vệ sinh - DT thực tế 99m2 - chỉ 6 tỷ,6 tỷ,99 m²,"60,61 tr/m²",3,2,"Phú Diễn, Bắc Từ Liêm","21.044236366687205, 105.76733967312198"
42325570,04/03/2025,Cần bán gấp căn hộ Green Stars - Phạm Văn Đồng - full nội thất - TK 2PN - 2VS - giá chỉ 4.X tỷ,"4,7 tỷ",67 m²,"70,15 tr/m²",2,2,"Cổ Nhuế 1, Bắc Từ Liêm","21.052037276302485, 105.78037584414628"
42324802,04/03/2025,"Cần bán gấp căn hộ 3 phòng ngủ tại Kosmo Tây Hồ , full nội thất , ban công rộng giá 8.2 tỷ","8,2 tỷ",85 m²,"96,47 tr/m²",3,2,"Xuân Tảo, Bắc Từ Liêm","21.069005616422917, 105.80307022181006"
41596369,04/03/2025,"Căn hộ chính chủ cần bán ở N01-T8 Ngoại Giao Đoàn, 136m2 (3PN + 1 2wc) rộng nhất dự án, có slot ôtô",Giá thỏa thuận,136 m²,N/A,3,2,"Xuân Tảo, Bắc Từ Liêm","21.063655853271484, 105.79613494873047"
42201960,04/03/2025,"BÁN GẤP! Căn 2PN (66,8m & 74m2) Có ban công, ở Green Star, Phạm Văn Đồng. Có Slot Oto, Giá hơn 4.tỷ",Giá thỏa thuận,74 m²,N/A,2,2,"Cổ Nhuế 1, Bắc Từ Liêm","21.05326868368451, 105.7800526710617"
42024452,04/03/2025,"Bán! Chính chủ Căn hộ N01-T5 Ngoại Giao Đoàn (101m, 108m2) 3PN, 2WC. nội thất đẹp, có slot oto",Giá thỏa thuận,108 m²,N/A,3,2,"Xuân Tảo, Bắc Từ Liêm","21.063760301248475, 105.79581052315166"
42002204,04/03/2025,"Bán căn góc 143 m2, 3PN vip nhất tòa N01 T1 Ngoại Giao Đoàn. Full nội thất Luxury. Nhận nhà ở ngay",13 tỷ,143 m²,"90,91 tr/m²",3,2,"Xuân Đỉnh, Bắc Từ Liêm","21.066021218559733, 105.79853398709558"
40513900,04/03/2025,Chính chủ bán CH - 03PN tòa N01T7 Tầng trung hướng Bắc view trọn hồ điều hòa. LH 0924 691 ***,Giá thỏa thuận,"125,6 m²",N/A,3,2,"Xuân Tảo, Bắc Từ Liêm","21.063576, 105.79531"
37757391,04/03/2025,Bán gấp CH 135m2 tòa N03T6 - 3 ngủ 3WC ban công hướng Nam. LH: 0924 691 ***,"11,48 tỷ",135 m²,85 tr/m²,3,3,"Xuân Đỉnh, Bắc Từ Liêm","21.064977645874, 105.797737121582"
40469284,04/03/2025,"Tôi chính chủ giao Bán căn hộ toà N01-Ngoại Giao Đoàn, 132m2, 3PN, giá chỉ 80tr/m2, có slot ôtô",Giá thỏa thuận,132 m²,N/A,4,2,"Xuân Đỉnh, Bắc Từ Liêm","21.065750122070312, 105.79821014404297"
42195329,04/03/2025,"Tôi thiện chí bán sớm căn 4Ngủ- 133m2-N01 T1, Full nội thất như ảnh. Giá trao đổi. LH:0366 261 ***",Giá thỏa thuận,133 m²,N/A,4,3,"Xuân Đỉnh, Bắc Từ Liêm","21.0664902855424, 105.79828511882643"
41287796,04/03/2025,Bán nhanh CH 2PN + 1 phòng đa năng tòa B chung cư IA20 Ciputra. LH 0924 691 ***,"5,4 tỷ","92,6 m²","58,32 tr/m²",2,2,"Đông Ngạc, Bắc Từ Liêm","21.0919170379639, 105.785003662109"
37006581,04/03/2025,CC bán gấp căn hộ 03PN tòa N03T1 - NGĐ - LH: 0924 691 ***,"7,3 tỷ",105 m²,"69,52 tr/m²",3,2,"Xuân Đỉnh, Bắc Từ Liêm","21.0657653808594, 105.798080444336"
35375795,04/03/2025,Bán gấp căn 3PN full đồ tòa A6 An Bình City 232 Phạm Văn Đồng LH 0924 691 ***,"6,5 tỷ",83 m²,"78,31 tr/m²",2,2,"Cổ Nhuế 1, Bắc Từ Liêm","21.0495662689209, 105.778594970703"
42316928,04/03/2025,"4.X tỷ bán nhanh căn 1 ngủ Sunshine City, diện tích 58m2 view nội khu. LH ngay: 0382 050 ***",Giá thỏa thuận,58 m²,N/A,1,N/A,"Đông Ngạc, Bắc Từ Liêm","21.084349540784725, 105.79152180601064"
34591373,04/03/2025,"Cần bán gấp căn hộ 1PN, DT 45m ở tòa CT3- KĐT Mới Nghĩa Đô-106 HQV. Giá bán 3tỷ050tr LH: 0979 062 ***","3,05 tỷ",45 m²,"67,78 tr/m²",1,1,"Cổ Nhuế 1, Bắc Từ Liêm","21.0622733619552, 105.799865263224"
42323948,04/03/2025,Bán CHCC tòa N04B khu Ngoại Giao Đoàn 129m2 giá9.7 tỷ.,"9,7 tỷ",129 m²,"75,19 tr/m²",3,2,"Xuân Đỉnh, Bắc Từ Liêm","21.06526108474574, 105.80158186212887"
40447278,04/03/2025,Bán gấp căn hộ Ecohome 3 diện tích 66m2 gồm 2 phòng ngủ 2 vệ sinh. Full nội thất về ở ngay,"2,8 tỷ",66 m²,"42,42 tr/m²",2,2,"Đông Ngạc, Bắc Từ Liêm","21.0971264807258, 105.792152403418"
38893202,04/03/2025,"Chính chủ cần bán gấp căn hộ tòa N05 chung cư Golden Time, 70m2 gồm 2PN, 2WC","3,85 tỷ",70 m²,55 tr/m²,2,2,"Đông Ngạc, Bắc Từ Liêm","21.151238144115, 105.811980308761"
14810207,04/03/2025,"Bán chung cư IA20 Ciputra Nam Thăng Long, 92m2 giá 4.5 tỷ, 0382 276 ***","4,5 tỷ",92 m²,"48,91 tr/m²",3,N/A,"Đông Ngạc, Bắc Từ Liêm","21.0919170379639, 105.785003662109"
39507051,03/03/2025,"Em cần bán căn 02 và 04 giá tốt nhất thị trường, bao view hồ Tây","9,78 tỷ",104 m²,94 tr/m²,3,2,"Xuân Tảo, Bắc Từ Liêm","21.063575744628906, 105.7953109741211"
38520757,03/03/2025,Em bán căn góc 127 m2 view hồ Ngoại Giao Đoàn,"8,89 tỷ",127 m²,70 tr/m²,3,2,"Xuân Tảo, Bắc Từ Liêm","21.063575744628906, 105.7953109741211"
42280290,03/03/2025,Gấp! Bán căn hộ CC Thái Hà - Bộ Công An 43 Phạm Văn Đồng loanh quanh 4tỷ,"4,2 tỷ",70 m²,60 tr/m²,2,2,"Cổ Nhuế 2, Bắc Từ Liêm","21.056354668579324, 105.77729560094465"
42322740,03/03/2025,"Bán gấp căn hộ Ecohome 1, 3,45 tỷ, 69m2, 2PN, 2WC, Đông Ngạc, Bắc Từ Liêm, Hà Nội","3,45 tỷ",69 m²,50 tr/m²,2,2,"Đông Ngạc, Bắc Từ Liêm","21.086667957762565, 105.78301916268786"
40731483,03/03/2025,"Hiếm! Bán CH 43 Phạm Văn Đồng Thái Hà Constrexim DT 75m2 2PN full NT 4,X tỷ SĐCC: 0971 085 ***","4,2 tỷ",75 m²,56 tr/m²,2,2,"Cổ Nhuế 2, Bắc Từ Liêm","21.055742263793945, 105.7772216796875"
42277826,03/03/2025,"Bán CC N03 - T5 Ngoại Giao Đoàn, 7,55 tỷ, 102m2, giá cực chất","7,55 tỷ",102 m²,"74,02 tr/m²",3,2,"Xuân Đỉnh, Bắc Từ Liêm","21.0639700952381, 105.79922020374"
42322698,03/03/2025,"Cần bán căn hộ 77m2 - 2PN - khu thành phố Giao Lưu - phạm văn đồng - giá nhỉnh 4 tỷ, full nội thất","4,35 tỷ",77 m²,"56,49 tr/m²",2,2,"Cổ Nhuế 1, Bắc Từ Liêm","21.063305073838645, 105.7836267255768"
42195310,03/03/2025,"Bán căn hộ chung cư N04A Ngoại Giao Đoàn, 79m2 giá tốt","6,6 tỷ",79 m²,"83,54 tr/m²",2,2,"Xuân Tảo, Bắc Từ Liêm","21.0663423184746, 105.801557869225"
42059596,03/03/2025,"Bán căn hộ đẹp Ngoại Giao Đoàn, 6,5 tỷ, 75,4m2, nhiều tiện ích","6,5 tỷ","75,4 m²","86,21 tr/m²",2,2,"Xuân Đỉnh, Bắc Từ Liêm","21.065018430246, 105.80076097053"
42322335,03/03/2025,"BÁN CĂN 3 NGỦ 114M FULL NỘI THẤT SIÊU ĐẸP SIÊU MỚI CHUNG CƯ AN BÌNH CITY , LH E : 0986 499 ***","8,2 tỷ",114 m²,"71,93 tr/m²",3,2,"Cổ Nhuế 1, Bắc Từ Liêm","21.04899339623291, 105.7785481724906"
42230372,03/03/2025,"Bán gấp căn hộ An Bình City, 8,3 tỷ, 114 m2, view đẹp","8,3 tỷ",114 m²,"72,81 tr/m²",3,2,"Cổ Nhuế 1, Bắc Từ Liêm","21.0493528116235, 105.778611330107"
41805923,03/03/2025,"Bán CC Kosmo Tây Hồ, 7,2 tỷ, 96,2m2, hàng hiếm tại Xuân La, Bắc Từ Liêm","7,2 tỷ","96,2 m²","74,84 tr/m²",2,2,"Xuân Tảo, Bắc Từ Liêm","21.068732186126613, 105.80284218542664"
42230319,03/03/2025,"Bán căn hộ 3PN, 2WC, 5,4 tỷ, 92m2 tại IA20 Ciputra, Bắc Từ Liêm, Hà Nội","5,4 tỷ",92 m²,"58,7 tr/m²",3,2,"Đông Ngạc, Bắc Từ Liêm","21.09208423568838, 105.78465180073272"
42230335,03/03/2025,"Bán gấp CC Sunshine City, 6,4 tỷ, 88,87m2, 2PN, 2WC, đầy đủ nội thất tại Bắc Từ Liêm","6,4 tỷ","88,87 m²","72,02 tr/m²",2,2,"Đông Ngạc, Bắc Từ Liêm","21.084422810175287, 105.79147652751932"
37739135,03/03/2025,Đón sóng! CT3 Nghĩa Đô tiếp giáp khu Tây Hồ Tây - sổ vĩnh viễn - Nguồn hàng SL tha hồ chọn căn,Giá thỏa thuận,47 m²,N/A,2,1,"Cổ Nhuế 2, Bắc Từ Liêm","21.0469932556152, 105.792785644531"
42321709,03/03/2025,Bán căn 3 ngủ 90m2 giá tốt nhất Sunshine City,"7,2 tỷ",90 m²,80 tr/m²,3,2,"Đông Ngạc, Bắc Từ Liêm","21.084716741104508, 105.79146633310404"
39102248,03/03/2025,"Chính chủ cần bán căn hộ 2PN, full nội thất tại Chung cư An Bình City - Phạm Văn Đồng. 0983 335 ***",Giá thỏa thuận,74 m²,N/A,2,2,"Cổ Nhuế 1, Bắc Từ Liêm","21.0495662689209, 105.778594970703"
38380721,03/03/2025,"Tổng hợp quỹ căn cần bán tại chung cư Thái Hà - 43 Phạm Văn Đồng. DT: 70m2, 2 PN. 0983 335 ***",Giá thỏa thuận,70 m²,N/A,2,2,"Cổ Nhuế 2, Bắc Từ Liêm","21.0557422637939, 105.777221679688"
42321369,03/03/2025,Chính chủ cần bán căn hộ KĐT Thành Phố Giao Lưu Phạm Văn Đồng - 65m2 - 2PN - 2VS - Giá 4.550 tỷ,"4,55 tỷ",65 m²,70 tr/m²,2,2,"Cổ Nhuế 1, Bắc Từ Liêm","21.062730312640674, 105.78392977611833"
42228026,03/03/2025,"Chính chủ bán gấp CC CT3 Nghĩa Đô 47m2 - 2PN, 1WC thiết kế hợp lý, ở ngay, 0988 890 ***",3 tỷ,47 m²,"63,83 tr/m²",2,1,"Cổ Nhuế 2, Bắc Từ Liêm","21.046950997266464, 105.79221516014749"
41714204,03/03/2025,"Bán gấp CC tại Phạm Văn Đồng, giá chỉ từ 4,3 tỷ, 70m2, 2PN full đồ đẹp LH 0923 363 ***/zalo","4,3 tỷ",70 m²,"61,43 tr/m²",2,2,"Cổ Nhuế 2, Bắc Từ Liêm","21.055742263793945, 105.7772216796875"
42321116,03/03/2025,"Chính chủ bán căn hộ 63m2 bên Ecohome 3, Đông Ngạc, Bắc Từ Liêm. Full nội thất. Đã có sổ hồng",Giá thỏa thuận,63 m²,N/A,2,2,"Đông Ngạc, Bắc Từ Liêm","21.085747595594153, 105.78575000686045"
42321000,03/03/2025,Em bán căn hộ 4 ngủ giá tốt nhất thị trường căn góc full nội thất tại tòa D Goldmark City,"8,5 tỷ",139 m²,"61,15 tr/m²",4,2,"Phú Diễn, Bắc Từ Liêm","21.044247439576957, 105.76664344962133"
42298687,03/03/2025,Bán nhanh căn hộ 2 ngủ có ban công Tòa R - tại Goldmark City 136 Hồ Tùng Mậu,"5,05 tỷ",68 m²,"74,26 tr/m²",2,2,"Phú Diễn, Bắc Từ Liêm","21.0442333460455, 105.767324396399"
42282538,03/03/2025,Em bán căn hộ 3 ngủ 123m2 căn góc full nội thất giá tốt tại Goldmark City,"7,5 tỷ",123 m²,"60,98 tr/m²",3,2,"Phú Diễn, Bắc Từ Liêm","21.044535563752344, 105.7677529456384"
42320644,03/03/2025,"QUỸ HÀNG NGOẠI GIAO CUỐI CÙNG  CĂN HỘ 3PN SIÊU HIẾM TẠI HAN JARDIN - N01-T6, T7",16 tỷ,142 m²,"112,68 tr/m²",3,3,"Xuân Tảo, Bắc Từ Liêm","21.06285116710753, 105.79764728578755"
42320784,03/03/2025,"Bán CC Green Stars, Phạm Văn Đồng, 4,5 tỷ, 60m2, giá tốt uy tín. LH: 0988 121 ***(Hằng)","4,5 tỷ",60 m²,75 tr/m²,2,2,"Cổ Nhuế 1, Bắc Từ Liêm","21.05233009385668, 105.78021671802858"
42320459,03/03/2025,"Bán 2 ngủ nhà đẹp, giá thấp nhất tòa S3 Goldmark City 136 Hồ Tùng Mậu","5,4 tỷ",83 m²,"65,06 tr/m²",2,2,"Phú Diễn, Bắc Từ Liêm","21.0446099674739, 105.767287136425"
42320425,03/03/2025,"BÁN CĂN 2PN - 3PN ĐẸP GIÁ TỐT NHẤT DỰ ÁN , SỔ ĐỎ CẦM TAY CÓ VAY BANK","8,5 tỷ",139 m²,"61,15 tr/m²",3,2,"Phú Diễn, Bắc Từ Liêm","21.044016545311102, 105.7674705876862"
39974287,03/03/2025,"Tôi cần bán căn hộ 3PN DT: 114m2 View đẹp thoáng mát, chung cư An Bình City, Phạm Văn Đồng",Giá thỏa thuận,114 m²,N/A,3,2,"Cổ Nhuế 1, Bắc Từ Liêm","21.049566, 105.778595"
41377963,03/03/2025,"Bán căn hộ 3pn Goldmark City 136 Hồ Tùng Mậu, Bắc Từ Liêm full NT giá rẻ","6,3 tỷ",100 m²,63 tr/m²,3,2,"Phú Diễn, Bắc Từ Liêm","21.044233322143555, 105.76731872558594"
42320342,03/03/2025,Em có căn chung cư 114m2/3PN đủ đồ tại tòa The Link 345 Ciputra Hà Nội bán,"9,5 tỷ",114 m²,"83,33 tr/m²",3,2,"Đông Ngạc, Bắc Từ Liêm","21.08149237821727, 105.79102153990738"
42041278,03/03/2025,"3 ngủ goldmark city, dtich99m, full nội thất mới đẹp, giá 5ty94, lh 0393 796 ***","5,94 tỷ",99 m²,60 tr/m²,3,2,"Phú Diễn, Bắc Từ Liêm","21.044057372898983, 105.76714971051439"
42041111,03/03/2025,"4 phòng ngủ 172m2 Goldmark City giá 9,8 tỷ LH 0393 796 ***","9,8 tỷ",172 m²,"56,98 tr/m²",4,N/A,"Phú Diễn, Bắc Từ Liêm","21.044238405001202, 105.76731384957843"
42070798,03/03/2025,"siêu phẩm căn hộ 3 ngủ VIP 114m an bình city, tầng trung ,view cực thoáng, đẹp nhất an bình.gia 8ty",8 tỷ,114 m²,"70,18 tr/m²",3,2,"Cổ Nhuế 1, Bắc Từ Liêm","21.048783296819202, 105.77883251471184"
42319786,03/03/2025,"Do chuyển công tác nên GĐ cần bán căn hộ A0605, tòa N01T1 khu Ngoại Giao Đoàn, 132m2","11,11 tỷ",132 m²,"84,17 tr/m²",4,3,"Xuân Đỉnh, Bắc Từ Liêm","21.065788597401703, 105.79801265649692"
42319031,03/03/2025,CẦN BÁN GẤP CĂN 02 PN FULL ĐỒ THÁI HÀ 43 PHẠM VĂN ĐỒNG GIÁ RẺ NHẤT THỊ TRƯỜNG,Giá thỏa thuận,70 m²,N/A,2,2,"Cổ Nhuế 2, Bắc Từ Liêm","21.056532565896145, 105.777385729513"
40752822,03/03/2025,"Chung cư OCT5A - KĐT Resco Cổ Nhuế, Phạm Văn Đồng, diện tích lớn, tiện ích ngập tràn","5,8 tỷ",97 m²,"59,79 tr/m²",4,2,"Cổ Nhuế 2, Bắc Từ Liêm","21.0590057373047, 105.783226013184"
41431354,03/03/2025,Cần bán gấp căn hộ 2PN. DT 68m2 có ban công. View thoáng hướng mát tại CC Goldmark City giá 4.3 tỷ,"4,3 tỷ",68 m²,"63,24 tr/m²",2,2,"Phú Diễn, Bắc Từ Liêm","21.043910975582726, 105.76655945103848"
42318262,03/03/2025,"Bán căn hộ cao cấp 2 phòng ngủ Kosmo Tây Hồ, đầy đủ nội thất, sổ đỏ giá bán 7,6 tỷ (bao phí)","7,6 tỷ",81 m²,"93,83 tr/m²",2,2,"Xuân Tảo, Bắc Từ Liêm","21.0681659263493, 105.80194111277997"
42316001,03/03/2025,"Chính chủ gửi bán căn hộ tầng trung view thoáng Intracom 2 Cầu Diễn - 135m2 giá chỉ 6,5 tỷ","6,5 tỷ",135 m²,"48,15 tr/m²",3,2,"Phú Diễn, Bắc Từ Liêm","21.0422652008843, 105.75859546341"
42196400,03/03/2025,"Hàng hiếm tại Sunshine City, 4,9 tỷ, 58m2, căn hộ 1PN đầy đủ nội thất","4,9 tỷ",58 m²,"84,48 tr/m²",1,N/A,"Đông Ngạc, Bắc Từ Liêm","21.08456694236787, 105.79080248719264"
42315768,03/03/2025,"Bán nhà tập thể Cổ Nhuế 1, Phạm Văn Đồng, DT sổ 47m2, sử dụng 90m2 - 2PN pháp lý sổ đỏ vĩnh viễn","3,7 tỷ",90 m²,"41,11 tr/m²",2,1,"Cổ Nhuế 1, Bắc Từ Liêm","21.053834494807, 105.781977655537"
42091147,03/03/2025,Bán gấp căn hộ chung cư cao cấp 2pn full đồ bên kosmo,"7,5 tỷ",81 m²,"92,59 tr/m²",2,2,"Xuân Tảo, Bắc Từ Liêm","21.068469138427936, 105.80276913799968"
41023001,03/03/2025,Bán gấp căn hộ chung cư 3PN gần full đồ bên Kosmo 161 Xuân La Tây Hồ,"10,5 tỷ",118 m²,"88,98 tr/m²",3,2,"Xuân Tảo, Bắc Từ Liêm","21.068536758422852, 105.80276489257813"
42218139,03/03/2025,"Tôi thiện chí bán căn góc 3N 3WC 130m2 N03 - T4 Ngoại Giao Đoàn, full đồ. Giá 11 tỷ. LH: 0366 261 ***",11 tỷ,130 m²,"84,62 tr/m²",3,3,"Xuân Đỉnh, Bắc Từ Liêm","21.064311785626522, 105.79857409932387"
42273260,03/03/2025,Nhanh tay sở hữu căn 3 ngủ góc 97m2 giá tốt nhất Sunshine City,"7,7 tỷ",97 m²,"79,38 tr/m²",3,2,"Đông Ngạc, Bắc Từ Liêm","21.084820936476508, 105.79247398545672"
42317205,03/03/2025,"Bán căn hộ chung cư tại Nhà ở cho cán bộ chiến sỹ Bộ Công an, 4,35 tỷ, 70m2, giá ưu đãi","4,35 tỷ",70 m²,"62,14 tr/m²",2,2,"Cổ Nhuế 2, Bắc Từ Liêm","21.05559774970137, 105.77791806854366"
42317048,03/03/2025,Bán 03 phòng ngủ 121m2 nhà đẹp giá tốt nhất Goldmark City,"6,9 tỷ",121 m²,"57,02 tr/m²",3,2,"Phú Diễn, Bắc Từ Liêm","21.044686167969726, 105.76705348676023"
42316809,03/03/2025,"Bán CC Diamond Goldmark City tại Hồ Tùng Mậu, 7,5 tỷ, 140m2, 3PN, 2WC","7,5 tỷ",140 m²,"53,57 tr/m²",3,2,"Phú Diễn, Bắc Từ Liêm","21.044722786869137, 105.76738717248486"
42316466,03/03/2025,"Bán căn hộ giá tốt, suất nước ngoài chung cư H9 - CT1 Starlake, 18,6 tỷ, 125,4 m2","18,6 tỷ","125,4 m²","148,32 tr/m²",3,2,"Cổ Nhuế 1, Bắc Từ Liêm","21.052896913933363, 105.79175606564073"
41500970,03/03/2025,"Chung cư N03-T5 Ngoại Giao Đoàn, full nội thất đẹp, tiện ích ngập tràn, an sinh đỉnh","7,55 tỷ",102 m²,"74,02 tr/m²",3,2,"Xuân Đỉnh, Bắc Từ Liêm","21.064184188842773, 105.79916381835938"
42217945,03/03/2025,Chung cư Bộ Công An Tôn Quang Phiệt - lô góc - tầng trung - 2 mặt thoáng - 93m2 nhỉnh 5 tỷ,"5,9 tỷ",93 m²,"63,44 tr/m²",3,2,"Cổ Nhuế 1, Bắc Từ Liêm","21.05077844440941, 105.78225817853325"
42316209,03/03/2025,"Bán căn 3 ngủ - Sunshine City - 103,9 m2 thông thủy - Giá: 9 tỷ (Đông Nam) - LH: 0966 470 ***",9 tỷ,"103,9 m²","86,62 tr/m²",3,2,"Đông Ngạc, Bắc Từ Liêm","21.0848769620458, 105.79155576503315"
42035603,03/03/2025,"Chính chủ Giao Bán gấp căn hộ Kosmo Tây Hồ, 161 Xuân La, 2PN,2VS ( S: 74m & 84m2 ) Giá hơn 6.tỷ",Giá thỏa thuận,84 m²,N/A,2,2,"Xuân Tảo, Bắc Từ Liêm","21.06811906979426, 105.80226640622013"
42110381,03/03/2025,"Hot! Bán căn hộ chung cư 3PN, 2WC tại Kosmo Tây Hồ, giá hơn 8 tỷ có slot oto, nội thất full đẹp",Giá thỏa thuận,102 m²,N/A,3,2,"Xuân Tảo, Bắc Từ Liêm","21.068948237512515, 105.80263587896144"
41790466,03/03/2025,Tôi chính chủ cần bán gấp căn chung cư 3PN 2VS OCT5 Resco Cổ Nhuế 94m2 nhỉnh 4 tỷ có thương lượng,"4,8 tỷ",94 m²,"51,06 tr/m²",3,2,"Cổ Nhuế 2, Bắc Từ Liêm","21.058843701573828, 105.78265279515003"
42316021,03/03/2025,"Bán CC Scitech Tower, 4.7 tỷ, 122m2, 4PN, 2WC, Bắc Từ Liêm, Hà Nội, giá cực chất uy tín","4,7 tỷ",122 m²,"38,52 tr/m²",4,2,"Phú Diễn, Bắc Từ Liêm","21.04153171161906, 105.76520191331186"
42315986,03/03/2025,"Bán căn hộ CC Intracom 2, Cầu Diễn, 6,5 tỷ, 135m2, căn hộ lô góc tầng trung - view đẹp hot","6,5 tỷ",135 m²,"48,15 tr/m²",3,2,"Phú Diễn, Bắc Từ Liêm","21.042284453479056, 105.75840297864404"
42315674,03/03/2025,Bán Gấp căn 3 Ngủ 98m2 giá tốt nhất tòa S6 Sunshine City,"7,8 tỷ",98 m²,"79,59 tr/m²",3,2,"Đông Ngạc, Bắc Từ Liêm","21.0844092819001, 105.79096448177"
42131316,03/03/2025,"Quỹ 15 căn hộ KĐT Ngoại Giao Đoàn 2PN - 3PN - 4PN view đẹp,Giá tốt nhất thị trường",7 tỷ,84 m²,"83,33 tr/m²",N/A,N/A,"Xuân Đỉnh, Bắc Từ Liêm","21.065878994799114, 105.79829182757213"
37727877,03/03/2025,"Bán căn ""GÓC 3PN HOA HẬU"" Chung cư OCT5A Resco Cổ Nhuế - DT: 86m2, BC Đông Nam, giá 5,070 tỷ","5,07 tỷ",86 m²,"58,95 tr/m²",3,2,"Cổ Nhuế 2, Bắc Từ Liêm","21.059005737304688, 105.7832260131836"
42140947,03/03/2025,Hàng hiếm - Căn 1 Ngủ 58m2 giá tốt nhất Sunshine City,Giá thỏa thuận,58 m²,N/A,1,1,"Đông Ngạc, Bắc Từ Liêm","21.084775442493846, 105.79230946632487"
41403254,03/03/2025,"Bán căn 2 ngủ, 81.3m2 Sunshine City view sông Hồng + cầu Nhật Tân - sẵn sổ sang tên","6,5 tỷ","81,3 m²","79,95 tr/m²",2,2,"Đông Ngạc, Bắc Từ Liêm","21.0914440155029, 105.784721374512"
42092852,03/03/2025,Bán căn 2 phòng ngủ full đồ 81.3m2 Sunshine City Ciputra nội thất đẹp,"6,43 tỷ","81,3 m²","79,09 tr/m²",2,2,"Đông Ngạc, Bắc Từ Liêm","21.084363224379967, 105.79201942906516"
36888054,03/03/2025,"Bán ""CĂN GÓC"" căn hộ chung cư C1 C2 Xuân Đỉnh mới DT: 62m2, 2PN Full nội thất đẹp, giá 4,2 tỷ","4,2 tỷ",62 m²,"67,74 tr/m²",2,2,"Xuân Đỉnh, Bắc Từ Liêm","21.0702457427979, 105.791473388672"
42185214,03/03/2025,Chính chủ bán căn hộ 65m2 Tòa B Chung cư Green Stars - full nội thất đẹp Giá 4.4 tỷ LH 0948 104 ***,"4,4 tỷ",65 m²,"67,69 tr/m²",2,2,"Cổ Nhuế 1, Bắc Từ Liêm","21.05210720108893, 105.780726013754"
42160262,03/03/2025,"Bán CC Diamond Goldmark City, 7,8 tỷ, 143m2, 3PN, 2WC, P Phú Diễn, Q. Bắc Từ Liêm, HN","7,8 tỷ",143 m²,"54,54 tr/m²",3,2,"Phú Diễn, Bắc Từ Liêm","21.044382645062075, 105.76707166401505"
42128925,03/03/2025,"Cần chuyển nhượng căn hộ 132m2 - N01T8 view trực diện hồ khu Ngoại Giao Đoàn, Bắc Từ Liêm, Hà Nội",Giá thỏa thuận,133 m²,N/A,N/A,N/A,"Xuân Tảo, Bắc Từ Liêm","21.063692168589267, 105.79570014275124"
42089206,03/03/2025,"Bán căn 92m2 chung cư IA20 Ciputra, tầng trung, view đẹp, nhà nguyên bản. Giá 5,25 tỷ","5,25 tỷ",92 m²,"57,06 tr/m²",N/A,N/A,"Đông Ngạc, Bắc Từ Liêm","21.091917261627273, 105.78500381943537"
41916700,03/03/2025,"Bán căn hộ chung cư IA20 Ciputra. DT 92m2, 2PN, 2 WC full nội thất cao cấp. Giá 5,5 tỷ","5,5 tỷ",92 m²,"59,78 tr/m²",2,2,"Đông Ngạc, Bắc Từ Liêm","21.092038664186113, 105.7849458196824"
42217198,03/03/2025,"Chính chủ cần bán căn hộ IA20 Ciputra KĐT Nam Thăng Long. DT 109m2, 3PN, 2WC. Full nội thất cao cấp","6,55 tỷ",109 m²,"60,09 tr/m²",3,2,"Đông Ngạc, Bắc Từ Liêm","21.092723208259198, 105.78542009911821"
42217381,03/03/2025,"Bán căn góc chung cư IA20 Ciputra. DT 99m2, 3PN, 2WC. Nội thất cơ bản. Giá 6,1 tỷ","6,1 tỷ",99 m²,"61,62 tr/m²",3,2,"Đông Ngạc, Bắc Từ Liêm","21.091927513746732, 105.78503449222177"
42217282,03/03/2025,"Bán căn IA20 Ciputra DT 92m2, 2PN + 1, 2WC. Full đồ. Giá 5,35 tỷ","5,35 tỷ",92 m²,"58,15 tr/m²",3,2,"Đông Ngạc, Bắc Từ Liêm","21.092634334047403, 105.78452951080534"
42305170,03/03/2025,Bán CHCC khu Ngoại Giao Đoàn tòa N03 - T5 102m2 giá 7.55 tỷ,"7,55 tỷ",102 m²,"74,02 tr/m²",3,2,"Xuân Đỉnh, Bắc Từ Liêm","21.063827972737275, 105.79951291733714"
42306318,03/03/2025,"Căn chung cư Ecohome 3 tòa NO5 - nhà mới - full nội thất - mặt phố Tân Xuân, Đông Ngạc, Bắc Từ Liêm","3,58 tỷ",63 m²,"56,82 tr/m²",2,2,"Đông Ngạc, Bắc Từ Liêm","21.085953306180453, 105.78619115960096"
42306505,03/03/2025,"Bán căn hộ CC 3PN, 2WC, 100m2 tại tòa CT1A KĐT Cổ Nhuế, giá nhỉnh 5 tỷ",Giá thỏa thuận,100 m²,N/A,3,2,"Cổ Nhuế 1, Bắc Từ Liêm","21.050913843820418, 105.7850671094287"
42308553,03/03/2025,Cần bán căn 2PN 2WC Thái Hà 43 Phạm Văn Đồng rẻ nhất thị trường,"4,5 tỷ",70 m²,"64,29 tr/m²",2,2,"Cổ Nhuế 2, Bắc Từ Liêm","21.05648045505889, 105.77674049484997"
41622601,03/03/2025,"Bán căn hộ Goldmark City - 136 Hồ Tùng Mậu, căn góc view thoáng giá rẻ 5.9x tỷ","6,45 tỷ",100 m²,"64,5 tr/m²",3,2,"Phú Diễn, Bắc Từ Liêm","21.044233322143555, 105.76731872558594"
42313350,03/03/2025,Cần tìm chủ nhân mới 03 căn hộ tầng 15 hướng Nam / view hồ - 132m2 - căn góc N01T1 Lạc Hồng Lotus 2,Giá thỏa thuận,132 m²,N/A,4,3,"Xuân Đỉnh, Bắc Từ Liêm","21.0650594627141, 105.7981893810612"
42217398,03/03/2025,"Chính chủ thiện chí bán căn CC tại N01-T1 Ngoại Giao Đoàn, 11 tỷ, 133m2, full đồ đẹp. LH 0702 266 ***",11 tỷ,133 m²,"82,71 tr/m²",4,3,"Xuân Đỉnh, Bắc Từ Liêm","21.06624046478207, 105.79757216134549"
39843482,03/03/2025,"Suất ngoại giao chung cư IA20 Ciputra từ 92m2 - 98.98m2, 0382 276 ***",Giá thỏa thuận,"98,98 m²",N/A,3,2,"Đông Ngạc, Bắc Từ Liêm","21.0919170379639, 105.785003662109"
42206202,02/03/2025,"Bán căn hộ Ecohome 2, 36m2, thiết kế 1 phòng ngủ, 1 vệ sinh, hướng mát, tầng đẹp, sổ hồng cất két","2,09 tỷ",36 m²,"58,06 tr/m²",1,1,"Đông Ngạc, Bắc Từ Liêm","21.0863125651633, 105.78598229445"
40432567,02/03/2025,"Hàng xóm gửi bán căn 56m2 Ecohome 1, 2 ngủ, full nội thất,sẵn sổ hồng, giá tốt nhất thị trường","2,78 tỷ",56 m²,"49,64 tr/m²",2,1,"Đông Ngạc, Bắc Từ Liêm","21.0863246917725, 105.782318115234"
42014574,02/03/2025,"Hot - Chính chủ cần bán căn hộ Ecohome 3, DT 63m2 (2pn 2vs), view đẹp, giá nhỉnh 3tỷ","3,45 tỷ",63 m²,"54,76 tr/m²",2,2,"Đông Ngạc, Bắc Từ Liêm","21.086609169057283, 105.78605980656987"
40303828,02/03/2025,"Cc bán căn duplex Sunshine - tầng cao 200m2, 3 ban công, full nội thất limeted, ở ngay. Giá tốt","16,5 tỷ",200 m²,"82,5 tr/m²",2,3,"Đông Ngạc, Bắc Từ Liêm","21.0914440155029, 105.784721374512"
42312258,02/03/2025,"Chuyển công tác, cần bán CC Vinaconex 7 Hồ Tùng Mậu, 105m2, 3 ngủ. 5.75 tỷ","5,75 tỷ",105 m²,"54,76 tr/m²",3,2,"Phú Diễn, Bắc Từ Liêm","21.04521742410661, 105.76730851049375"
42312091,02/03/2025,"Chung cư mini 2 ngủ đầy đủ nội thất, vị trí tốt, ô tô đỗ cửa, phù hợp cho nhu cầu sử dụng để ở.","2,1 tỷ",55 m²,"38,18 tr/m²",2,2,"Xuân Đỉnh, Bắc Từ Liêm","21.068140230512558, 105.78911341303088"
38471136,02/03/2025,Bán nhanh CH 03PN 102m2 tòa N01T5 NGĐ. LH 0924 691 ***,"10,26 tỷ",108 m²,95 tr/m²,3,2,"Xuân Tảo, Bắc Từ Liêm","21.0630359649658, 105.795974731445"
41312018,02/03/2025,Chính chủ bán CH 3PN- tòa B chung cư IA20-Ciputra -LH 0924 691 ***,"6,45 tỷ","107,5 m²",60 tr/m²,3,2,"Đông Ngạc, Bắc Từ Liêm","21.0919170379639, 105.785003662109"
42108451,02/03/2025,"Bán căn hộ chung cư 97m2, căn góc thoáng mát, view đẹp từng phòng giá tốt nhất thị trường","4,3 tỷ",97 m²,"44,33 tr/m²",3,3,"Cổ Nhuế 2, Bắc Từ Liêm","21.059274531489635, 105.7831593423504"
42303508,02/03/2025,Chính chủ cần bán căn 3PN chung cư Kosmo tầng cao view Hồ Tây giá tốt nhất thị trường. 0979 343 ***,"11,5 tỷ",118 m²,"97,46 tr/m²",3,2,"Xuân Tảo, Bắc Từ Liêm","21.068138979259004, 105.80320729940026"
41823058,02/03/2025,"Bán căn 3 ngủ - Sunshine City - Giá 7 tỷ (full đồ) - 96,8m2 thông thủy",7 tỷ,"96,8 m²","72,31 tr/m²",3,2,"Đông Ngạc, Bắc Từ Liêm","21.08425923955286, 105.7914558447466"
41668759,02/03/2025,Cần bán căn hộ 3PN - 104m2 full nội thất chỉ mang vali về ở tại S4 Goldmark City giá nhỉnh 7 tỷ,Giá thỏa thuận,104 m²,N/A,3,2,"Phú Diễn, Bắc Từ Liêm","21.044233322143555, 105.76731872558594"
42067729,02/03/2025,BÁN CĂN HỘ 2PN - 80M2 - SUNSHINE CITY - BẮC TỪ LIÊM - GIÁ HƠN 6 TỶ,"6,5 tỷ",80 m²,"81,25 tr/m²",2,2,"Đông Ngạc, Bắc Từ Liêm","21.084011090271765, 105.79230674508598"
42309205,02/03/2025,Bán căn hộ penthouse - Ngoại Giao Đoàn - lô góc - 227m2 19 tỷ nhỉnh. View công viên và hồ điều hoà,"19,8 tỷ",227 m²,"87,22 tr/m²",4,3,"Xuân Đỉnh, Bắc Từ Liêm","21.06590099987774, 105.79849464267703"
30617265,02/03/2025,Tôi BQL đang có 10 căn ở tòa C1 - C2 mới ngõ 323 Xuân Đỉnh cần bán gấp với giá rẻ nhất thị trường,Giá thỏa thuận,75 m²,N/A,2,2,"Xuân Đỉnh, Bắc Từ Liêm","21.0702457427979, 105.791473388672"
36763655,02/03/2025,Chung cư IA20 Ciputra 92m2 giá 4.5tỷ 0382 276 ***,"4,5 tỷ",92 m²,"48,91 tr/m²",3,2,"Đông Ngạc, Bắc Từ Liêm","21.0919170379639, 105.785003662109"
39717855,01/03/2025,Xem nhà được cả Tết a chị nhé: căn 3PN 118m2 119m2 view Hồ Tây tầng cao,Giá thỏa thuận,118 m²,N/A,3,N/A,"Xuân Tảo, Bắc Từ Liêm","21.0685367584229, 105.802764892578"
42301036,01/03/2025,SOS!!TRẦN CUNG -BẮC TỪ LIÊM: CHỦ CẦN TIỀN BÁN TÒA CHUNG CƯ MINI 5 TẦNG 9 PHÒNG NGỦ GIÁ CHỈ 7.5 TỶ,"7,5 tỷ",60 m²,125 tr/m²,9,10,"Cổ Nhuế 1, Bắc Từ Liêm","21.0524279116376, 105.78918349311"
42308186,01/03/2025,"Bán căn 3pn chung cư nhà ở tổng cục 5 Bộ Công An - Tôn Quang Phiệt , KĐT Nam Cường lh: 0396 823 ***","5,65 tỷ",95 m²,"59,47 tr/m²",3,2,"Cổ Nhuế 1, Bắc Từ Liêm","21.05021596530785, 105.78266357360017"
42152501,01/03/2025,Cần bán gấp căn 2 phòng ngủ view trọn thành phố,"7,53 tỷ",81 m²,93 tr/m²,2,2,"Xuân Tảo, Bắc Từ Liêm","21.068733444537887, 105.8025755775078"
38447682,01/03/2025,Cần bán căn góc view hồ và công viên tòa N01T7 x 126m2,Giá thỏa thuận,126 m²,N/A,N/A,N/A,"Xuân Tảo, Bắc Từ Liêm","21.063575744628906, 105.79531097412109"
42308100,01/03/2025,Hàng Hiếm Bán căn 2pn diện tích 80m2 KĐT Nam cường - Cổ Nhuế lh: 0396 823 ***,Giá thỏa thuận,80 m²,N/A,2,2,"Cổ Nhuế 1, Bắc Từ Liêm","21.050132049108477, 105.7852877982424"
41573174,01/03/2025,"Đổi nhà mặt đất nên cần bán căn hộ Ecohome 3, 70m2, hướng mát, tặng nội thất, sổ hồng cất két","3,85 tỷ",70 m²,55 tr/m²,2,2,"Đông Ngạc, Bắc Từ Liêm","21.086135864257812, 105.78568267822266"
42307552,01/03/2025,"CC Intracom 2 Cầu Diễn, 95m2, 3PN 2VS view Cầu Diễn. Có 2 slot ôtô, phí DV rẻ, HX toàn công an","6,05 tỷ",95 m²,"63,68 tr/m²",3,2,"Phú Diễn, Bắc Từ Liêm","21.042156640078737, 105.7593163885168"
41404643,01/03/2025,Bán căn góc 3 ngủ full đồ Sunshine City Ciputra - nội thất hiện đại,"7,3 tỷ",97 m²,"75,26 tr/m²",3,2,"Đông Ngạc, Bắc Từ Liêm","21.0914440155029, 105.784721374512"
42282377,01/03/2025,"Bán căn góc 3 ngủ 103m2 Sunshine City giá tốt nhất thị trường, liên hệ xem nhà: 0965 784 ***","7,2 tỷ",103 m²,"69,9 tr/m²",3,2,"Đông Ngạc, Bắc Từ Liêm","21.08447902313103, 105.79084024863545"
41526791,01/03/2025,"Bán căn duplex Sunshine City - 157.4m2 thông thủy tầng cao view thành phố, mới tinh chưa sử dụng",12 tỷ,"157,4 m²","76,24 tr/m²",3,4,"Đông Ngạc, Bắc Từ Liêm","21.09144401550293, 105.78472137451172"
42196932,01/03/2025,Chủ hàn về nước cần bán căn hộ tòa R3 chung cư Goldmark City - Bao giá rẻ nhất thị trường,"4,9 tỷ",78 m²,"62,82 tr/m²",2,2,"Phú Diễn, Bắc Từ Liêm","21.04385751989427, 105.76710948910011"
42166988,01/03/2025,"Bán gấp căn N01-T1 để lại full đồ cho khách giá bán thiện chí 10.xtỷ 132m2, 4PN 3WC LH 0923 363 ***","10,6 tỷ",133 m²,"79,7 tr/m²",3,3,"Xuân Đỉnh, Bắc Từ Liêm","21.066039601123588, 105.7987660716495"
42304677,01/03/2025,"CAM KẾT ẢNH THẬT, BÁO CHUẨN GIÁ, TÔI BÁN CĂN HỘ 4 NGỦ TÂM HUYẾT, TẦNG TRUNG ĐẸP KĐT NGOẠI GIAO ĐOÀN",Giá thỏa thuận,132 m²,N/A,4,3,"Xuân Tảo, Bắc Từ Liêm","21.063901496793527, 105.79469717176228"
42304645,01/03/2025,"CẦN BÁN GẤP CĂN 3 NGỦ ĐẸP TẦNG TRUNG KĐT NGOẠI GIAO ĐOÀN, SỔ ĐỎ LÂU DÀI, TẶNG KÈM NỘI THẤT ĐẦY ĐỦ","6,9 tỷ",103 m²,"66,99 tr/m²",3,2,"Xuân Đỉnh, Bắc Từ Liêm","21.063389913665564, 105.7993945840057"
42183581,01/03/2025,"Cần chuyển nhượng căn hộ 05 diện tích 132m2 - N01T8 view trực diện hồ khu Ngoại Giao Đoàn, Hà Nội",Giá thỏa thuận,133 m²,N/A,N/A,N/A,"Xuân Tảo, Bắc Từ Liêm","21.06343030302193, 105.7955544783245"
42113262,01/03/2025,"Cần chuyển nhượng căn hộ 132m2 tòa N01T8 khu Ngoại Giao Đoàn, Bắc Từ Liêm, Hà Nội",Giá thỏa thuận,132 m²,N/A,3,2,"Xuân Tảo, Bắc Từ Liêm","21.063834351386507, 105.79607470544575"
40633058,01/03/2025,Bán căn hộ 3 phòng ngủ 129m2 tòa N04B Ngoại Giao Đoàn LH 0905 618 ***,"8,77 tỷ",129 m²,68 tr/m²,3,N/A,"Xuân Đỉnh, Bắc Từ Liêm","21.0658798217773, 105.801383972168"
20740732,01/03/2025,Bán chung cư Xuân Đỉnh - Công viên Hoà Bình 1PN - 2PN - gần Ngoại Giao Đoàn,Giá thỏa thuận,60 m²,N/A,2,2,"Xuân Đỉnh, Bắc Từ Liêm","21.0713761, 105.7943322"
41659822,01/03/2025,"Danh sách chuyển nhượng 2 ngủ 57m2, Ciputra Link 345 mới nhất 2025 - 0974 606 ***","5,05 tỷ",53 m²,"95,28 tr/m²",2,1,"Đông Ngạc, Bắc Từ Liêm","21.0818691253662, 105.791580200195"
42303449,01/03/2025,CHÍNH CHỦ BÁN GẤP CĂN HỘ 3PN CAO CẤP HAN JARDIN - 142m2,"16,33 tỷ",142 m²,115 tr/m²,3,3,"Xuân Tảo, Bắc Từ Liêm","21.062996206076242, 105.79732277186953"
20807834,01/03/2025,"Bán căn hộ chung cư Kosmo Tây Hồ, từ 52 triệu/m2 view hồ đẹp",Giá thỏa thuận,84 m²,N/A,2,N/A,"Xuân Tảo, Bắc Từ Liêm","21.0685367584229, 105.802764892578"
35428268,01/03/2025,"Bán căn N03 Ngoại Giao Đoàn, view hồ và nội khu giá 48 tr - 56 triệu/m2","5,98 tỷ",130 m²,46 tr/m²,3,2,"Xuân Đỉnh, Bắc Từ Liêm","21.0644302368164, 105.79842376709"
35429235,01/03/2025,Bán căn hộ chung cư N01T1 Ngoại Giao Đoàn view hồ điều hòa. 50 - 62 triệu/m2,"4,48 tỷ",80 m²,56 tr/m²,2,2,"Xuân Đỉnh, Bắc Từ Liêm","21.0657501220703, 105.798210144043"
28061984,01/03/2025,"Bán căn hộ chung cư N01 - T8 Ngoại Giao Đoàn, giá bán từ: 66 triệu/m2","8,98 tỷ",136 m²,66 tr/m²,4,3,"Xuân Tảo, Bắc Từ Liêm","21.0638899372422, 105.795830238729"
38190708,01/03/2025,Bán chung cư N01T6 Ngoại Giao Đoàn vào tên trực tiếp CĐT. Giá siêu rẻ 10 xx tỉ,Giá thỏa thuận,"107,5 m²",N/A,3,2,"Xuân Tảo, Bắc Từ Liêm","21.0637378692627, 105.79704284668"
18308015,01/03/2025,"Bán chung cư 789 ngay Ngoại Giao Đoàn giá chỉ 4,1 tỷ, bao phí","4,1 tỷ",70 m²,"58,57 tr/m²",2,2,"Xuân Đỉnh, Bắc Từ Liêm","21.0680141448975, 105.797080993652"
23853919,01/03/2025,"Bán gấp căn hộ chung cư IA20 Ciputra, giá 4 tỷ rẻ nhất thị trường, chính chủ","4,05 tỷ",92 m²,44 tr/m²,3,2,"Đông Ngạc, Bắc Từ Liêm","21.09211112062688, 105.78516601422002"
35240313,01/03/2025,"Bán chung cư N01T7 Ngoại Giao Đoàn, giá từ 58 - 66 triệu/m2 suất ngoại giao","5,86 tỷ",101 m²,58 tr/m²,3,2,"Xuân Tảo, Bắc Từ Liêm","21.0635757446289, 105.795310974121"
42169954,01/03/2025,gia đình cần bán gấp căn hộ DT 74m2 chung cư An Bình cty. 232 Phạm Văn Đồng,"5,5 tỷ",74 m²,"74,32 tr/m²",2,2,"Cổ Nhuế 1, Bắc Từ Liêm","21.04956156373121, 105.77794332043193"
39448454,01/03/2025,"Bán gấp căn góc cực thoáng chung cư Thái Hà 70m2 2PN,2WC ban công nam 4ty3 bao phí LH 0978 258 ***","4,3 tỷ",70 m²,"61,43 tr/m²",2,2,"Cổ Nhuế 2, Bắc Từ Liêm","21.0557422637939, 105.777221679688"
41859958,01/03/2025,"Căn hộ 52m giá tốt nhất khu vực! Hàng xóm Goldmark City, mua là ở ngay!","2,7 tỷ",52 m²,"51,92 tr/m²",N/A,N/A,"Phú Diễn, Bắc Từ Liêm","21.044805396531, 105.766853117765"
42291430,01/03/2025,"Chính chí bán CH 78m2 - 2PN - 2WC, full nội thất hướng Đông Nam toà S4 Goldmark City, giá 4,6 tỷ","4,6 tỷ",78 m²,"58,97 tr/m²",2,2,"Phú Diễn, Bắc Từ Liêm","21.04381471792914, 105.76716492279007"
42231431,01/03/2025,"Bán căn hộ chung cư Green Stars, giá thỏa thuận, 74m2, 2PN, 2WC tại Phạm Văn Đồng, Bắc Từ Liêm",Giá thỏa thuận,74 m²,N/A,2,2,"Cổ Nhuế 1, Bắc Từ Liêm","21.0521447204007, 105.780321119144"
41492820,01/03/2025,Chính chủ bán căn góc 3 mặt thoáng diện tích 79m2 toà N04A Ngoại Giao Đoàn LH 094150818,Giá thỏa thuận,79 m²,N/A,2,2,"Xuân Tảo, Bắc Từ Liêm","21.0661869049072, 105.801162719727"
41477972,28/02/2025,"(SIÊU HIẾM)BÁN CĂN HỘ 2PN-75m2 TẠI KOSMO TÂY HỒ, SẴN SỔ ĐỎ VIEW ĐẸP LH 0946 827 ***",7 tỷ,75 m²,"93,33 tr/m²",2,2,"Xuân Tảo, Bắc Từ Liêm","21.068671324548102, 105.80272099990809"
42200635,28/02/2025,Cần bán căn hộ 3PN - 2WC DT 111m tòa N03T3 sổ đỏ CC đã full đồ sẵn,"9,9 tỷ","110,6 m²","89,51 tr/m²",3,2,"Xuân Đỉnh, Bắc Từ Liêm","21.064569749005813, 105.79822392123158"
41919836,28/02/2025,"Xuống biệt thự ở, chủ nhà cần bán lại căn góc tầng cao view hồ tòa N01T5 chung cư Ngoại Giao Đoàn",Giá thỏa thuận,102 m²,N/A,3,2,"Xuân Tảo, Bắc Từ Liêm","21.062571749181767, 105.79625228577498"
42196329,28/02/2025,"Hot, bán chung cư CT1 A Thành Phố Giao Lưu, 78 m2, 3 ngủ, 2 wc","4,38 tỷ",78 m²,"56,15 tr/m²",3,2,"Cổ Nhuế 1, Bắc Từ Liêm","21.062659741500408, 105.78437202627518"
42170605,28/02/2025,"Bán Căn hộ đẹp tại dự án N01-T1 Ngoại Giao Đoàn, 133m2, giá thỏa thuận, 4PN, 2WC.0333 259 ***/ZALO.",Giá thỏa thuận,133 m²,N/A,4,3,"Xuân Đỉnh, Bắc Từ Liêm","21.064920853520178, 105.7982066098673"
42297813,28/02/2025,Bán nhanh 2 phòng ngủ 2 vệ sinh toà N01T4,"9,4 tỷ",87 m²,"108,05 tr/m²",2,2,"Xuân Tảo, Bắc Từ Liêm","21.06327989896867, 105.79569766213609"
41768502,28/02/2025,Bán căn hộ 2PN giá rẻ hơn 1 tỷ,"1,98 tỷ",52 m²,"38,08 tr/m²",2,2,"Cổ Nhuế 1, Bắc Từ Liêm","21.0525876402181, 105.78880835649"
42296909,28/02/2025,"Bán CC Ecohome 3, 3,58 tỷ, 63m2, 2PN, 2WC tại Tân Xuân, Đông Ngạc, Bắc Từ Liêm, Hà Nội","3,58 tỷ",63 m²,"56,82 tr/m²",2,2,"Đông Ngạc, Bắc Từ Liêm","21.085968628174786, 105.78562842248652"
42296050,28/02/2025,Bán căn 3PN - 105m2 - Sunshine City - view Sân Golf - full đồ - Giá: 8 tỷ - Tầng cao,8 tỷ,105 m²,"76,19 tr/m²",3,2,"Đông Ngạc, Bắc Từ Liêm","21.084163348070387, 105.79127766363864"
41881527,28/02/2025,"Bán căn góc 2 phòng ngủ 2 vệ sinh 93m2 Goldmark City có 2 ban công Full đồ nội thất, có chỗ để oto","5,5 tỷ",93 m²,"59,14 tr/m²",2,2,"Phú Diễn, Bắc Từ Liêm","21.04457468748911, 105.76746968036593"
42296527,28/02/2025,"Bán CC 2PN ở The Link 345-CT1, 9,5 tỷ, 114m2, Đông Ngạc, Bắc Từ Liêm, HN","9,5 tỷ",114 m²,"83,33 tr/m²",2,2,"Đông Ngạc, Bắc Từ Liêm","21.081902051812733, 105.79111217965178"
42295578,28/02/2025,Bán căn hộ 3 ngủ - Sunshine City - Tầng trung đẹp - 96.8 m2 (thông thủy) - Full đồ đẹp - 8 tỷ (Sổ),8 tỷ,"96,8 m²","82,64 tr/m²",3,2,"Đông Ngạc, Bắc Từ Liêm","21.084011633861387, 105.79164585591155"
42296203,28/02/2025,"Bán Căn hộ Chung cư Phạm Văn Đồng, 55m2, 2 ngủ, 2WC, Ban công thoáng, Full nội thất, về ở luôn!","4,05 tỷ",55 m²,"73,64 tr/m²",2,2,"Cổ Nhuế 1, Bắc Từ Liêm","21.0535807425419, 105.781729809642"
39524613,28/02/2025,"Chính chủ cần bán căn hộ An Bình City (căn góc) 3PN, 2WC, 2BC, giá siêu mềm. LH: 0989 386 ***",Giá thỏa thuận,83 m²,N/A,3,2,"Cổ Nhuế 1, Bắc Từ Liêm","21.0495662689209, 105.778594970703"
39528974,28/02/2025,"CC bán căn hộ An Bình City (căn góc) 3PN, 2WC, 2BC giá siêu rẻ. LH: 0989 386 ***",Giá thỏa thuận,83 m²,N/A,3,2,"Cổ Nhuế 1, Bắc Từ Liêm","21.0495662689209, 105.778594970703"
41115537,28/02/2025,Chính chủ cần bán căn hộ L5 The Link Ciputra,"11,5 tỷ",114 m²,"100,88 tr/m²",3,2,"Đông Ngạc, Bắc Từ Liêm","21.0822925567627, 105.79182434082"
42273400,28/02/2025,Cơ hội sở hữu căn 3 ngủ 105m2 view sông đẹp nhất Sunshine City cực hiếm,Giá thỏa thuận,105 m²,N/A,3,2,"Đông Ngạc, Bắc Từ Liêm","21.08384287654658, 105.79105854900699"
42295314,28/02/2025,"Bán CC đẹp xuất sắc tại Thành Phố Giao Lưu, Phạm Văn Đồng, cực sốc chỉ 4,25 tỷ cho 76m2, 2PN, 2WC","4,25 tỷ",76 m²,"55,92 tr/m²",2,2,"Cổ Nhuế 1, Bắc Từ Liêm","21.062839215569902, 105.78344001350135"
28817367,28/02/2025,Chính chủ bán - chung cư H2 Xuân Đỉnh - Phạm Văn Đồng - Đỗ Nhuận - ở ngay full nội thất ô tô đỗ cửa,Giá thỏa thuận,33 m²,N/A,1,1,"Xuân Đỉnh, Bắc Từ Liêm","21.066079131404, 105.791698927102"
42194291,28/02/2025,"Chính chủ thiện chí bán căn chung cư cao cấp Ngoại Giao Đoàn, DT 80m2 giá 6.3 tỷ: 0981 129 ***","6,3 tỷ",80 m²,"78,75 tr/m²",2,2,"Xuân Tảo, Bắc Từ Liêm","21.0661865418835, 105.801297815179"
42295180,28/02/2025,"Bán CC S4 Goldmark City, Hồ Tùng Mậu, Bắc Từ Liêm, Hà Nội, 5,65 tỷ, 68m2 cực hiếm","5,65 tỷ",68 m²,"83,09 tr/m²",2,2,"Phú Diễn, Bắc Từ Liêm","21.044330220964053, 105.76765130098717"
42294998,28/02/2025,"Cực phẩm CH Douplex tầng 30 view toàn Thành phố, lô góc, 244m2, Full đồ sang, xịn, mịn","16,3 tỷ",244 m²,"66,8 tr/m²",4,4,"Cổ Nhuế 1, Bắc Từ Liêm","21.062425312817368, 105.78367793257975"
42292152,28/02/2025,"Bán gấp CC 75m2 tại Thành phố Giao Lưu, Phạm Văn Đồng, Cổ Nhuế 1, Bắc Từ Liêm, 5,5 tỷ","5,5 tỷ",75 m²,"73,33 tr/m²",2,2,"Cổ Nhuế 1, Bắc Từ Liêm","21.062490263833, 105.7843380579237"
42186663,28/02/2025,Chính chủ bán chung cư Trần Cung 1 - Hoàng Quốc Việt 55m2 2N2WC - full đồ - ở ngay,Giá thỏa thuận,55 m²,N/A,2,2,"Cổ Nhuế 1, Bắc Từ Liêm","21.0526236563605, 105.789551958716"
42291925,28/02/2025,"Bán CC tại Thành Phố Giao Lưu, 4,9 tỷ, 70m2, 2PN, 2WC, giá cực chất hàng hiếm","4,9 tỷ",70 m²,70 tr/m²,2,2,"Cổ Nhuế 1, Bắc Từ Liêm","21.0623153556038, 105.784254593781"
42291433,28/02/2025,"Bán căn hộ 2PN 1WC tại An Bình Tower, 2,3 tỷ, 49m2, Bắc Từ Liêm, Hà Nội","2,3 tỷ",49 m²,"46,94 tr/m²",2,1,"Cổ Nhuế 1, Bắc Từ Liêm","21.070180431139157, 105.77673580073754"
42290181,28/02/2025,Chính chủ cần bán chung cư Tây Tựu BQP,"3,02 tỷ",55 m²,55 tr/m²,2,2,"Tây Tựu, Bắc Từ Liêm","21.04491997230956, 105.75250681049742"
42041088,28/02/2025,"Bán căn hộ N01-T5 Ngoại Giao Đoàn, 191m2, giá thỏa thuận, đẹp, nhiều tiện ích, chính chủ",Giá thỏa thuận,191 m²,N/A,3,2,"Xuân Tảo, Bắc Từ Liêm","21.063123626370064, 105.79623755857229"
42290897,28/02/2025,"Bán CC tại Thành Phố Giao Lưu, 5,1 tỷ, 70m2, giá siêu hời uy tín","5,1 tỷ",70 m²,"72,86 tr/m²",N/A,N/A,"Cổ Nhuế 1, Bắc Từ Liêm","21.062300113057592, 105.78483720255493"
41763282,28/02/2025,"Chính chủ cần bán căn 3PN, 2WC, 105m2, toà N03T5 Ngoại Giao Đoàn, full đồ, có sổ, 7 tỷ, 0393 755 ***",7 tỷ,105 m²,"66,67 tr/m²",3,2,"Xuân Đỉnh, Bắc Từ Liêm","21.064184188842773, 105.79916381835938"
42194506,28/02/2025,Chính chủ gửi bán căn hộ 182m2 toà Kosmos Tây Hồ 3 mặt thoáng view Hồ Tây,Giá thỏa thuận,182 m²,N/A,3,3,"Xuân Tảo, Bắc Từ Liêm","21.06908849356842, 105.80243740459083"
41115862,28/02/2025,"Chính chủ gửi bán căn hộ 3PN, 2WC, 104m2, trục hoa hậu, toà N01T6 Ngoại Giao Đoàn, 11tỷ, 0393 755 ***",11 tỷ,104 m²,"105,77 tr/m²",3,2,"Xuân Tảo, Bắc Từ Liêm","21.063737869262695, 105.79704284667969"
41989418,28/02/2025,"Bán gấp CC 3PN 2WC tại VC7 Housing 136 Hồ Tùng Mậu, tòa 2A Vinaconex 7, giá 5,3 tỷ, 90m2","5,3 tỷ",90 m²,"58,89 tr/m²",3,2,"Phú Diễn, Bắc Từ Liêm","21.04559921520402, 105.76700316668595"
42178806,28/02/2025,Bán căn N01-T6 Han Jardin thiết kế 4PN DT 144m2 vị trí hoa hậu giá nhỉnh 19 tỷ. LH: 0961 995 ***,Giá thỏa thuận,144 m²,N/A,4,3,"Xuân Tảo, Bắc Từ Liêm","21.063228068663683, 105.79780205410644"
42185728,28/02/2025,Em bán căn hộ 2PN full nội thất như ảnh hướng mát tại Goldmark City,Giá thỏa thuận,78 m²,N/A,2,2,"Phú Diễn, Bắc Từ Liêm","21.04417481917214, 105.7670466964308"
42287636,28/02/2025,"Giảm 500tr bán gấp CH An Bình City 2PN 75m2, tầng trung hướng ban công ĐN full đồ giá chỉ 4,9 tỷ","4,9 tỷ",75 m²,"65,33 tr/m²",2,2,"Cổ Nhuế 1, Bắc Từ Liêm","21.048984886307135, 105.77915374671947"
42289757,28/02/2025,"Bán căn hộ tầng cao tòa L5 DT 58m2, 02PN đủ đồ, giá 5 tỷ. LH em Hường 0936 670 ***",5 tỷ,58 m²,"86,21 tr/m²",2,1,"Đông Ngạc, Bắc Từ Liêm","21.081985992687923, 105.79226973664865"
42289237,28/02/2025,"Cập nhật tiến độ Starlake giai đoạn 2, liên hệ nhận quy hoạch, mặt bằng, giá dự kiến miễn phí ngay",Giá thỏa thuận,112 m²,N/A,3,2,"Cổ Nhuế 1, Bắc Từ Liêm","21.05248726394363, 105.79243431240351"
42289186,28/02/2025,"Bán căn hộ chung cư CT3 Nghĩa Đô, giá thỏa thuận, 44.45m2, Cổ Nhuế 2, Bắc Từ Liêm, Hà Nội",Giá thỏa thuận,"44,45 m²",N/A,2,1,"Cổ Nhuế 2, Bắc Từ Liêm","21.04702711069943, 105.79287560150335"
42193337,27/02/2025,"Bán 3 căn 01 N01T6T7 Han Jardin 4PN ban công Đông view Hồ Tây Hồ điều hoà, tầng trung - cao, cơ bản","17,04 tỷ",142 m²,120 tr/m²,4,2,"Xuân Tảo, Bắc Từ Liêm","21.06272901263679, 105.79692490991323"
42193313,27/02/2025,"Hiếm! Bán nhanh căn góc H - 3PN 2WC 143m2 Đông Nam đẹp nhất Starlake ban công Đông Nam, view hồ",Giá thỏa thuận,143 m²,N/A,3,2,"Cổ Nhuế 1, Bắc Từ Liêm","21.053036787135632, 105.79158502140812"
42271909,27/02/2025,Em bán căn 2 ngủ Green Star 63m2 và 75m2 để lại nội thất giá 4 tỷ cực rẻ LH em 0923 363 ***/Zalo,"4,8 tỷ",75 m²,64 tr/m²,2,2,"Cổ Nhuế 1, Bắc Từ Liêm","21.0520388455379, 105.779334043498"
42288411,27/02/2025,"Bán căn hộ 2PN 2WC N01T4 Taseco Phú Mỹ Complex view hồ điều hoà, sông Hồng, tầng 2x, full như hình",Giá thỏa thuận,87 m²,N/A,2,2,"Xuân Tảo, Bắc Từ Liêm","21.06262905824454, 105.79560573861947"
42076311,27/02/2025,"Chung cư GoldMark City, lô góc, 3 ngủ, rẻ nhất khu vực.","5,94 tỷ","93,4 m²","63,6 tr/m²",3,2,"Phú Diễn, Bắc Từ Liêm","21.04420669707815, 105.76741443871485"
40564120,27/02/2025,"Chính chủ cần bán căn hộ 2PN tại dự án chung cư Goldmark City. Giá 4,8 tỷ - 0904 969 ***","4,2 tỷ",86 m²,"48,84 tr/m²",2,2,"Phú Diễn, Bắc Từ Liêm","21.0442333221436, 105.767318725586"
41377258,27/02/2025,Bán penthouse sang trọng tại tòa N01 T1 - Ngoại Giao Đoàn liên hệ 0905 618 ***,"18,16 tỷ",227 m²,80 tr/m²,4,3,"Xuân Đỉnh, Bắc Từ Liêm","21.0657501220703, 105.798210144043"
42191820,27/02/2025,"Bán căn hộ 3PN 2WC N01T6 Han Jardin 2 ban công hướng Nam view Hồ Tây, KS Shilla 6 sao, full cao cấp","14,5 tỷ",104 m²,"139,42 tr/m²",3,2,"Xuân Tảo, Bắc Từ Liêm","21.063765763319882, 105.79679569921322"
41554127,27/02/2025,"Cần bán gấp căn hộ ở tòa C2 Megastar Xuân Đỉnh DT 86m, 2PN đồ cơ bản gắn tường. Giá bán 40 triệu/m2","3,44 tỷ",86 m²,40 tr/m²,2,2,"Xuân Đỉnh, Bắc Từ Liêm","21.0739707946777, 105.790870666504"
42287289,27/02/2025,Chính chủ uỷ quyền bán nhanh căn hộ 4PN trục đẹp nhất toà Diamond Goldmark City. LH: 0343 191 ***,8 tỷ,139 m²,"57,55 tr/m²",4,3,"Phú Diễn, Bắc Từ Liêm","21.04449623828771, 105.76701393712882"
41001446,27/02/2025,Căn 3PN 2WC - 104m2 - tòa 3D Resco Cổ Nhuế hướng mát NTCB giá 4.57 tỷ,"4,57 tỷ",104 m²,"43,94 tr/m²",3,2,"Cổ Nhuế 2, Bắc Từ Liêm","21.059005737304688, 105.7832260131836"
42287116,27/02/2025,"Chỉ hơn 4 tỷ Sở hữu ngay căn hộ 3 ngủ đẹp View công viên hồ điều hòa, full nội thất đẹp, sổ đỏ sẵn","4,3 tỷ",80 m²,"53,75 tr/m²",3,2,"Cổ Nhuế 1, Bắc Từ Liêm","21.06294620196792, 105.78435874525651"
42287187,27/02/2025,"Chính Chủ Bán căn hộ chung cư tại An Bình City, 5,4 tỷ, 74m2, 2PN, 2WC ban công Đông Nam","5,4 tỷ",74 m²,"72,97 tr/m²",2,2,"Cổ Nhuế 1, Bắc Từ Liêm","21.049455806263804, 105.77854002532358"
42100005,27/02/2025,"Rẻ, bán căn 4N 2WC 160m tại Goldmark, tầng trung, có sổ, ban công Đông giá chỉ 8,65 tỷ. LH Ms Ngân","8,65 tỷ",160 m²,"54,06 tr/m²",4,2,"Phú Diễn, Bắc Từ Liêm","21.044624078403864, 105.76755215795308"
42265150,27/02/2025,"Bán căn hộ chung cư An Bình City 90m2, view đẹp ban công Đông Nam 3PN, 2WC giá tốt.",6 tỷ,90 m²,"66,67 tr/m²",3,2,"Cổ Nhuế 1, Bắc Từ Liêm","21.049591841561913, 105.77837314383619"
42286716,27/02/2025,"0971 085 *** chính chủ bán CH Vinaconex 7 Hồ Tùng Mậu DT 84m2-4,8 tỷ & 128m2-6,5 tỷ 3PN full NT SĐCC","4,8 tỷ",84 m²,"57,14 tr/m²",3,2,"Phú Diễn, Bắc Từ Liêm","21.045049481995378, 105.76771635840478"
42286557,27/02/2025,"Bán căn hộ chung cư Ngoại Giao Đoàn 102m,3 ngủ tặng Full nội thất giá thương lượng","7,55 tỷ",102 m²,"74,02 tr/m²",3,2,"Xuân Đỉnh, Bắc Từ Liêm","21.0655646364414, 105.799028390373"
42046706,27/02/2025,"Căn hộ 95m2 tại KĐT Nam Cường cần chuyển nhượng lại ngay chỉ 5.x tỷ, nội thất có đầy đủ",Giá thỏa thuận,95 m²,N/A,3,2,"Cổ Nhuế 1, Bắc Từ Liêm","21.05060930016225, 105.78494167374068"
41711145,27/02/2025,"Bán căn hộ The Link Ciputra 53m2, 2 ngủ loại nhỏ, sẵn nội thất - 0974 606 ***","5,2 tỷ",53 m²,"98,11 tr/m²",2,2,"Đông Ngạc, Bắc Từ Liêm","21.08186912536621, 105.79158020019531"
41934507,27/02/2025,"CC bán căn hộ 3N 2WC 100m tòa S tầng trung đẹp, full đồ dự án GoldMark giá chỉ 6,3 tỷ.Lh Ms Vân Hà","6,3 tỷ","93,4 m²","67,45 tr/m²",3,2,"Phú Diễn, Bắc Từ Liêm","21.044918895437625, 105.76743111177444"
41861638,27/02/2025,"Bán 2 ngủ 68m2 The Link Ciputra căn góc, đã có nội thất, giá tốt - 0974 606 *** Mai","6,5 tỷ",68 m²,"95,59 tr/m²",2,2,"Đông Ngạc, Bắc Từ Liêm","21.081822317181555, 105.79183844114374"
41370077,27/02/2025,"Bán căn 3N 2WC giá 6,9x tỷ diện tích 110m2, tòa R4 GMC sẵn sổ, sẵn slot view đẹp. LH Ms Ngân","6,9 tỷ",110 m²,"62,73 tr/m²",3,2,"Phú Diễn, Bắc Từ Liêm","21.0442333221436, 105.767318725586"
41481859,27/02/2025,Bán căn hộ 4PN 3WC 172m2 view Hồ Tây hướng Đông tòa N03T2 Taseco cao cấp nhất Ngoại Giao Đoàn,Giá thỏa thuận,172 m²,N/A,4,3,"Xuân Đỉnh, Bắc Từ Liêm","21.0650177001953, 105.798934936523"
41552978,27/02/2025,"Chính chủ gửi bán căn góc 3PN 2WC, 95.5m2 toà N03T1 Ngoại Giao Đoàn, view hồ, tầng 15 đẹp nhất toà",7 tỷ,"95,5 m²","73,3 tr/m²",3,2,"Xuân Đỉnh, Bắc Từ Liêm","21.065765, 105.79808"
42285446,27/02/2025,"Bán căn hộ Ciputra 154m2 3 ngủ The Link view sông Hồng, sân golf - 0974 606 ***","14,5 tỷ",154 m²,"94,16 tr/m²",3,2,"Đông Ngạc, Bắc Từ Liêm","21.081743145453068, 105.79197117724905"
42012242,27/02/2025,"Bán căn góc 3PN3WC 132m2 N01T1 Lạc Hồng Lotus, view hồ, 2 slot ô tô, có thể thiết kế 3 ngủ, sẵn sổ",Giá thỏa thuận,132 m²,N/A,3,3,"Xuân Đỉnh, Bắc Từ Liêm","21.0657501220703, 105.798210144043"
41298482,27/02/2025,"Chính chủ cần bán gấp trong tuần căn 2PN - 2VS Goldmark City, DT 86m2 giá 3.79 tỉ. LH 0869 181 ***!","3,79 tỷ",86 m²,"44,07 tr/m²",2,2,"Phú Diễn, Bắc Từ Liêm","21.044233322143555, 105.76731872558594"
41772175,27/02/2025,"Bán CC Goldmark City, 6 tỷ, 95m2, view đẹp, pháp lý đầy đủ. 0984 677 ***",6 tỷ,95 m²,"63,16 tr/m²",3,2,"Phú Diễn, Bắc Từ Liêm","21.044500584992488, 105.76749275478787"
42180423,27/02/2025,"Duy nhất 1 căn 2PN 2WC N01T5 Lạc Hồng Lotus có slot ô tô, view hồ, tầng 10-20 rất đẹp, sở hữu ngay","7,9 tỷ",87 m²,"90,8 tr/m²",2,2,"Xuân Tảo, Bắc Từ Liêm","21.063459456803216, 105.79591982823126"
42284909,27/02/2025,"Hiếm, bán căn hộ sân vườn cực hiếm tại Starlake Tây Hồ Tây, căn góc thiết kế G, view biệt thự",Giá thỏa thuận,129 m²,N/A,3,2,"Cổ Nhuế 1, Bắc Từ Liêm","21.05276983844013, 105.79255218850251"
42284804,27/02/2025,"Bán căn góc G - 3PN 2WC Starlake Tây Hồ Tây, Full nội thất, tầng thấp view biệt thự + hồ cực đẹp","18,5 tỷ",129 m²,"143,41 tr/m²",3,2,"Cổ Nhuế 1, Bắc Từ Liêm","21.053265347776374, 105.79229297338576"
40949496,27/02/2025,Quỹ căn 3 PN cuối cùng ký HĐMB trực tiếp chủ đầu tư Ngoại Giao Đoàn giá chỉ 6xtr/m2 0983 191 ***,Giá thỏa thuận,135 m²,N/A,3,2,"Xuân Tảo, Bắc Từ Liêm","21.064977645874023, 105.79773712158203"
42284289,27/02/2025,"Bán căn góc 3 ngủ 130m2 tòa Vinaconex 7, Hồ Tùng Mậu. Hàng xóm với Gold Mark. Giá cực tốt",Giá thỏa thuận,130 m²,N/A,3,N/A,"Phú Diễn, Bắc Từ Liêm","21.04521673675236, 105.7685092384208"
41710894,27/02/2025,72 triệu/m2 căn 3PN (tôi cần bán 1 trong 2 căn 102m2 và 90m2) tại N03 Ngoại giao đoàn,"6,48 tỷ",90 m²,72 tr/m²,3,2,"Xuân Đỉnh, Bắc Từ Liêm","21.0652026087804, 105.798466803781"
41594136,27/02/2025,"Bán gấp căn góc S56 Sunshine City Ciputra, giá rẻ nhất khu",Giá thỏa thuận,97 m²,N/A,3,2,"Đông Ngạc, Bắc Từ Liêm","21.084365844726562, 105.79166412353516"
42282885,27/02/2025,Chính chủ nhà em cần bán gấp căn 47m2 tầng 9 giá hơn 3 tỷ đã làm nội thất,Giá thỏa thuận,47 m²,N/A,2,1,"Cổ Nhuế 1, Bắc Từ Liêm","21.050401813093774, 105.7922880758445"
42282556,27/02/2025,"Bán gấp căn hộ thương mại 3 ngủ chung cư Ecohome 3, Đông Ngạc, Bắc Từ Liêm 80m2 giá 4.85 tỷ","4,85 tỷ",80 m²,"60,62 tr/m²",3,2,"Đông Ngạc, Bắc Từ Liêm","21.086002403852035, 105.78571804179647"
42282535,27/02/2025,"Bán CH rẻ nhất khu vực Goldmark Hồ Tùng Mậu 135m2 3PN giá 8,15 tỷ. Sổ đỏ, bao phí. LH 0964 874 ***","8,15 tỷ",135 m²,"60,37 tr/m²",3,2,"Phú Diễn, Bắc Từ Liêm","21.044324580148455, 105.76734807673664"
42282132,27/02/2025,"Bán căn 3 ngủ 112m2 tầng trung nhà siêu mới, siêu đẹp sẵn sổ tại An Bình City. LH 0986 499 ***","8,2 tỷ",114 m²,"71,93 tr/m²",3,2,"Cổ Nhuế 1, Bắc Từ Liêm","21.049598094632934, 105.77907965067068"
42281843,27/02/2025,Bán căn hộ N01-T6 Ngoại Giao Đoàn diện tích 125 m2 thiết kế 3 phòng ngủ ban công view hồ điều hòa,"13,75 tỷ",125 m²,110 tr/m²,N/A,N/A,"Xuân Tảo, Bắc Từ Liêm","21.063287522682884, 105.79749939508764"
41743263,27/02/2025,"Bán căn góc S5 Sunshine City 3PN 98,9m2 full đồ view sân vườn view nội khu biệt thự - Có sổ","7,5 tỷ","98,9 m²","75,83 tr/m²",3,2,"Đông Ngạc, Bắc Từ Liêm","21.0843658447266, 105.791664123535"
37859062,27/02/2025,"Gia đình cần bán gấp CC Green Stars căn hộ DT: 74 m2, 2PN, 2WC, full nội thất, giá 5.3 tỷ","5,3 tỷ",74 m²,"71,62 tr/m²",2,2,"Cổ Nhuế 1, Bắc Từ Liêm","21.0523986816406, 105.780181884766"
40152197,27/02/2025,"Bán duplex N01T6 Ngoại Giao Đoàn - Han Jardin, 252m2, 4PN căn góc, view thành phố, giá 45,5 tỷ","45,5 tỷ",252 m²,"180,56 tr/m²",4,N/A,"Xuân Tảo, Bắc Từ Liêm","21.0637378692627, 105.79704284668"
42267325,27/02/2025,"Sở hữu căn hộ 2n2vs 78m2 ban công ĐN,full đồ tại Goldmark chỉ nhỉnh 4 tỷ.LH 0961 614 ***",Giá thỏa thuận,78 m²,N/A,2,2,"Phú Diễn, Bắc Từ Liêm","21.043344102967737, 105.76732162139761"
42280691,27/02/2025,Căn hộ đẹp 70m2 2PN 2WC căn góc Ecohome Cổ Nhuế Phạm Văn Đồng,"3,45 tỷ",70 m²,"49,29 tr/m²",2,2,"Đông Ngạc, Bắc Từ Liêm","21.08569028048496, 105.78593222456945"
41132800,27/02/2025,"Chính chủ bán căn góc 114m2 - 3 ngủ S3, view thoáng| giá mềm như bún - chỉ 6.x tỉ (x mầm non)","6,4 tỷ",114 m²,"56,14 tr/m²",3,2,"Phú Diễn, Bắc Từ Liêm","21.0442333221436, 105.767318725586"
42280481,27/02/2025,Bán căn hộ góc 99m2 - 3PN - nội thất cao cấp - Sunshine City - Tây Hồ - giá hơn 7 tỷ,"7,9 tỷ",99 m²,"79,8 tr/m²",3,2,"Đông Ngạc, Bắc Từ Liêm","21.084728696019155, 105.79209805692511"
42280219,27/02/2025,Bán gấp căn hộ tòa HH Thái Hà - chung cư Bộ Công An 43 Phạm Văn Đồng,Giá thỏa thuận,75 m²,N/A,2,2,"Cổ Nhuế 2, Bắc Từ Liêm","21.055411813817507, 105.77726138873557"
42072128,27/02/2025,Bán căn góc 3 ngủ full đổ 97m2 Sunshine City sẵn sổ giá tốt nhất dự án,"7,48 tỷ",97 m²,"77,11 tr/m²",3,2,"Đông Ngạc, Bắc Từ Liêm","21.08436473555656, 105.79116193308438"
42261366,27/02/2025,"Bán căn 3 phòng ngủ Sunshine City full đồ sẵn sổ sang tên, liên hệ: 0965 784 ***","7,85 tỷ",98 m²,"80,1 tr/m²",3,2,"Đông Ngạc, Bắc Từ Liêm","21.083873084850907, 105.79181518212033"
40426042,27/02/2025,"Chính chủ bán chung cư Hồ Tùng Mậu, 65m2, hàng xóm Goldmark","3,4 tỷ",65 m²,"52,31 tr/m²",2,2,"Phú Diễn, Bắc Từ Liêm","21.0410137176514, 105.765113830566"
38464536,27/02/2025,Bán căn 2PN nguyên bản 85m2 hướng Đông Nam view Hồ Tây rất đẹp (người nước ngoài mua được),Giá thỏa thuận,"84,5 m²",N/A,2,2,"Xuân Tảo, Bắc Từ Liêm","21.0685367584229, 105.802764892578"
38814593,27/02/2025,Sky Collection - Căn 3PN + 1 subpenhouse 169m2 ban công dài view hồ (xem nhà được ngay),Giá thỏa thuận,169 m²,N/A,4,N/A,"Xuân Tảo, Bắc Từ Liêm","21.0685367584229, 105.802764892578"
39914356,26/02/2025,"Chính chủ gửi bán căn hộ 2PN tòa N01T4 (Taseco) tầng đẹp view hồ full nội thất, giá 8x tỷ","8,7 tỷ",87 m²,100 tr/m²,2,2,"Xuân Tảo, Bắc Từ Liêm","21.0630359649658, 105.795417785645"
42278669,26/02/2025,Chính chủ bán CHCC Ngoại Giao Đoàn 3PN 105m2 full nội thất cao cấp giá 9.5 tỷ. LH 0388 428 ***,"9,5 tỷ",105 m²,"90,48 tr/m²",3,2,"Xuân Đỉnh, Bắc Từ Liêm","21.066363073627468, 105.79888418366029"
42278472,26/02/2025,"Chính chủ gửi bán căn góc 4PN diện tích 162m2 Goldmark City. Giá 9,1 tỷ. Liên hệ: 0966 761 ***","9,1 tỷ",162 m²,"56,17 tr/m²",4,3,"Phú Diễn, Bắc Từ Liêm","21.044060950027628, 105.76747930971356"
41930445,26/02/2025,"0966 769 ***: Cần bán CH An Bình City 5tỷ - 84m2, full nội thất chuyển biệt thự cho con lấy vợ",5 tỷ,84 m²,"59,52 tr/m²",3,2,"Cổ Nhuế 1, Bắc Từ Liêm","21.0495741227942, 105.778331900928"
42277200,26/02/2025,Bán chung cư 02 phòng ngủ đẹp khu Thái Hà - Contrexim (Epic Home) 43 Phạm Văn Đồng Hà Nội,5 tỷ,70 m²,"71,43 tr/m²",2,2,"Cổ Nhuế 2, Bắc Từ Liêm","21.05587475156714, 105.777443981278"
42276427,26/02/2025,Bán căn góc Ciputra 154m2 3 ngủ full nội thất cao cấp - 0974 606 ***,"14,5 tỷ",153 m²,"94,77 tr/m²",3,2,"Đông Ngạc, Bắc Từ Liêm","21.081765346515844, 105.79197466642037"
42276406,26/02/2025,"Chính chủ thiện chí bán căn chung cư cao cấp Ngoại Giao Đoàn, DT 80m2 giá 6.4 tỷ:0936,071,228","6,4 tỷ",80 m²,80 tr/m²,2,2,"Xuân Tảo, Bắc Từ Liêm","21.066150991030106, 105.80174809183468"
38317063,26/02/2025,"Rẻ vô địch hơn 80tr/m2 full nội thất tòa mới bàn giao căn góc thoáng, full nội thất siêu đẹp",Giá thỏa thuận,134 m²,N/A,3,3,"Xuân Tảo, Bắc Từ Liêm","21.064977645874, 105.797737121582"
40529813,26/02/2025,"Bán gấp căn hộ đủ đồ 135m2, 3PN, đẹp nhất tòa N03T6 Ngoại Giao Đoàn",Giá thỏa thuận,133 m²,N/A,3,2,"Xuân Tảo, Bắc Từ Liêm","21.064977645874, 105.797737121582"
40840355,26/02/2025,"Bán căn hộ 3PN tòa N04B khu Ngoại Giao Đoàn, 129m2, giá tốt nhất. LH: 0971 610 ***",Giá thỏa thuận,129 m²,N/A,3,2,"Xuân Đỉnh, Bắc Từ Liêm","21.0658798217773, 105.801383972168"
42149691,26/02/2025,"Chủ nước ngoài cần tiền bán gấp căn hộ 3 phòng ngủ, tầng cao view Hồ Tây tại Kosmo giá 94tr/m2","11,15 tỷ","118,6 m²",94 tr/m²,3,2,"Xuân Tảo, Bắc Từ Liêm","21.069211545968095, 105.80265228378596"
42274669,26/02/2025,80 triệu/m2 căn Góc 3PN 3 WC CDT TASECO mới bàn giao,"10,8 tỷ",135 m²,80 tr/m²,3,3,"Xuân Đỉnh, Bắc Từ Liêm","21.065822709135112, 105.79899308592958"
42274610,26/02/2025,80 triệu/m2 căn Góc 3PN 3 WC CDT TASECO mới bàn giao,Giá thỏa thuận,135 m²,N/A,3,3,"Xuân Tảo, Bắc Từ Liêm","21.063412797191877, 105.79746112926642"
42274289,26/02/2025,"Chính chủ bán căn hộ 3 phòng ngủ Ecohome 3 tòa N05, 81m2 lô góc - tầng trung-view sông Hồng","4,95 tỷ",81 m²,"61,11 tr/m²",3,2,"Đông Ngạc, Bắc Từ Liêm","21.086300345084208, 105.7860106557688"
41938130,26/02/2025,"Cần việc bán gấp căn góc 93m2 Goldmark City view công viên BC ĐN, ĐB","4,56 tỷ",93 m²,49 tr/m²,2,2,"Phú Diễn, Bắc Từ Liêm","21.044503969621157, 105.76753637463182"
42274381,26/02/2025,80 triệu/m2 căn Góc 3PN 3 WC CDT TASECO mới bàn giao,"10,72 tỷ",134 m²,80 tr/m²,N/A,N/A,"Xuân Đỉnh, Bắc Từ Liêm","21.06504644709838, 105.79899049983449"
42155277,26/02/2025,"Bán gấp căn hộ chung cư view đẹp tại Intracom 2 Cầu Diễn, 5,5 tỷ, 96m2","5,5 tỷ",96 m²,"57,29 tr/m²",N/A,N/A,"Phú Diễn, Bắc Từ Liêm","21.04205656783242, 105.75906278041148"
42273951,26/02/2025,BÁN CĂN GÓC - 98M2 - 3PN - SUNSHINE CITY - GIÁ HƠN 7 TỶ,"7,9 tỷ",98 m²,"80,61 tr/m²",3,2,"Đông Ngạc, Bắc Từ Liêm","21.08433191617198, 105.79125425512699"
42273140,26/02/2025,"Bán căn hộ CC An Bình City, 6,5 tỷ, 90m2, 3PN, Bắc Từ Liêm, Hà Nội, giá tốt, uy tín","6,5 tỷ",90 m²,"72,22 tr/m²",3,2,"Cổ Nhuế 1, Bắc Từ Liêm","21.0499041878708, 105.77930704667854"
42272945,26/02/2025,"Bán căn hộ chung cư tại N03-T2 Ngoại Giao Đoàn, giá thỏa thuận, 84m2, hàng hiếm, LH 0905 618 ***",Giá thỏa thuận,84 m²,N/A,N/A,N/A,"Xuân Đỉnh, Bắc Từ Liêm","21.065038840169564, 105.79895569259023"
42269759,26/02/2025,"Bán căn hộ 3PN, 2WC tại Chung cư 199 Hồ Tùng Mậu, 4,9 tỷ, 99m2, hot! Uy tín","4,9 tỷ",99 m²,"49,5 tr/m²",3,2,"Phú Diễn, Bắc Từ Liêm","21.04022544839425, 105.7644760562531"
42272834,26/02/2025,"Bán CC Ecohome 1, Kẻ Vẽ, Bắc Từ Liêm, Hà Nội, 3,35 tỷ, 70m2","3,35 tỷ",70 m²,"47,86 tr/m²",2,2,"Đông Ngạc, Bắc Từ Liêm","21.08637002256018, 105.78227957136998"
42272656,26/02/2025,"Bán căn hộ 3 phòng ngủ 104m2 view hồ tây tầng cao tòa N01 T7 Ngoại giao đoàn, liên hệ 0905 618 ***",Giá thỏa thuận,104 m²,N/A,N/A,N/A,"Xuân Tảo, Bắc Từ Liêm","21.06344715634702, 105.7953832419802"
42177485,26/02/2025,"Hot - Chính chủ cần bán căn hộ Ecohome 1 , DT 56m2 , 2PN , sổ hồng sang tên ngay , giá 2,7x tỉ.","2,78 tỷ",56 m²,"49,64 tr/m²",2,1,"Đông Ngạc, Bắc Từ Liêm","21.086697169461168, 105.78244630396918"
42271769,26/02/2025,"CẦN TIỀN BÁN GẤP CĂN 3 NGỦ CC GOLDMARK FULL NỘI THẤT GIÁ 5,8 TỶ","5,8 tỷ",94 m²,"61,7 tr/m²",3,2,"Phú Diễn, Bắc Từ Liêm","21.043337716498662, 105.76736755401211"
40653108,26/02/2025,"Cần bán nhanh căn hộ tại IA20 Ciputra CH 3PN DT 104m2 108m2, 110m2 LH 0923 363 ***/zalo","5,5 tỷ",92 m²,"59,78 tr/m²",2,2,"Đông Ngạc, Bắc Từ Liêm","21.0919170379639, 105.785003662109"
42142948,26/02/2025,"Siêu hiếm, căn hộ 2 ngủ 1 vệ sinh chung cư Ecohome 3, Tân Xuân, Bắc Từ Liêm giá chỉ 2.85 tỷ","2,85 tỷ",50 m²,57 tr/m²,2,1,"Đông Ngạc, Bắc Từ Liêm","21.086313993466355, 105.78547759251077"
42047957,26/02/2025,Bán chung cư Xuân Đỉnh - ô tô đỗ cửa,"1,69 tỷ",55 m²,"30,73 tr/m²",3,2,"Xuân Đỉnh, Bắc Từ Liêm","21.0713761, 105.7943322"
41955578,26/02/2025,Nhận nhà Ở Ngay! Bán chung cư C2 full đồ 42 - 52 - 55m2 - 58m2 tại Trần Cung - Phạm Văn Đồng 2N 2VS,Giá thỏa thuận,58 m²,N/A,2,2,"Cổ Nhuế 1, Bắc Từ Liêm","21.0522099309768, 105.788893198304"
42034586,26/02/2025,"Bán CC mini 2PN, 2WC Trần Cung, 1,98 tỷ, 50m2 (full đồ cao cấp)","1,98 tỷ",50 m²,"39,6 tr/m²",2,2,"Cổ Nhuế 1, Bắc Từ Liêm","21.0523777861163, 105.789150900827"
42165053,26/02/2025,Bán chung xuân đỉnh 2pn full nội thất,"1,98 tỷ",52 m²,"38,08 tr/m²",2,1,"Xuân Đỉnh, Bắc Từ Liêm","21.071322549278, 105.794165416053"
42165067,26/02/2025,"Bán CC mini 2PN, 2WC Trần Cung, 1tỷ 980tr, 50m2 (full đồ cao cấp)","1,98 tỷ",50 m²,"39,6 tr/m²",2,2,"Xuân Đỉnh, Bắc Từ Liêm","21.0523154811795, 105.789206368498"
42165112,26/02/2025,"Bán CCMN 2PN, 1WC tại phố trần cung , 1,98 tỷ, 52m2 ở Bắc Từ Liêm, HN hàng hot","1,98 tỷ",52 m²,"38,08 tr/m²",2,1,"Xuân Đỉnh, Bắc Từ Liêm","21.0712047390122, 105.794288204354"
41629462,26/02/2025,"Bán căn hộ duplex tại Sunshine City, giá thỏa thuận, 170m2, 4PN - hàng hot",Giá thỏa thuận,170 m²,N/A,4,4,"Đông Ngạc, Bắc Từ Liêm","21.084365844726562, 105.79166412353516"
41629135,26/02/2025,"Bán căn hộ chung cư tại Sunshine City, 3 phòng ngủ, 118 m2, giá siêu tốt","8,85 tỷ",118 m²,75 tr/m²,3,2,"Đông Ngạc, Bắc Từ Liêm","21.0843658447266, 105.791664123535"
42270822,26/02/2025,CHUNG CƯ CAO CẤP GOLDMARK CITY - HỒ TÙNG MẬU - HÀ NỘI. THANG MÁY RIÊNG. 95m2 3 NGỦ. FULL NỘI THẤT,6 tỷ,95 m²,"63,16 tr/m²",3,2,"Phú Diễn, Bắc Từ Liêm","21.043795410624558, 105.76675495855937"
40966912,26/02/2025,"Gia đình cần bán căn hộ DT 70m2, 2PN 2 vệ sinh chung cư Thái Hà 43 Phạm Văn Đồng giá 4.4 tỷ","4,5 tỷ",70 m²,"64,29 tr/m²",2,2,"Cổ Nhuế 2, Bắc Từ Liêm","21.0557422637939, 105.777221679688"
42174528,26/02/2025,"Bán căn góc 2 ngủ, tầng thấp, chung cư B4 Cầu Diễn (cách golmark 400m)",Giá thỏa thuận,52 m²,N/A,2,N/A,"Phú Diễn, Bắc Từ Liêm","21.0466174581755, 105.770547989996"
42179435,26/02/2025,"Chung cư tòa N04A - Ngoại Giao Đoàn, lô góc, 3 phòng ngủ, tòa VIP","6,5 tỷ",79 m²,"82,28 tr/m²",3,2,"Xuân Tảo, Bắc Từ Liêm","21.0663727778721, 105.80133734843105"
42168812,26/02/2025,Bán duplex Sunshine City Ciputra thông tầng siêu víp 195m2,"16,7 tỷ",195 m²,"85,64 tr/m²",3,2,"Đông Ngạc, Bắc Từ Liêm","21.083725930890918, 105.79174593091393"
41515936,26/02/2025,"Bán căn hộ chung cư Goldmark City 4,8 tỷ VND 78m2 - giá ưu đãi","4,8 tỷ",78 m²,"61,54 tr/m²",2,2,"Phú Diễn, Bắc Từ Liêm","21.044233322143555, 105.76731872558594"
23627679,26/02/2025,Bán suất ngoại giao chung cư IA20 Ciputra 92m2 - 98m2 0382 276 ***,Giá thỏa thuận,92 m²,N/A,N/A,N/A,"Đông Ngạc, Bắc Từ Liêm","21.0919170379639, 105.785003662109"
42178741,25/02/2025,Bán căn N03 -T4 Horizon Tower 3PN diện tích 130m giá 11 tỷ. LH: 0961 995 ***,Giá thỏa thuận,130 m²,N/A,3,2,"Xuân Đỉnh, Bắc Từ Liêm","21.06483586734825, 105.79811205625808"
42092340,25/02/2025,"4,x tỷ - Bán CC 2PN, 1WC 70m2 tại 120 Hoàng Quốc Việt, Bắc Từ Liêm, Hà Nội",Giá thỏa thuận,70 m²,N/A,2,1,"Cổ Nhuế 1, Bắc Từ Liêm","21.046027859964948, 105.79219516572036"
42268141,25/02/2025,Bán gấp căn hộ đường Phạm Văn Đồng giá rất rẻ,"3,8 tỷ",68 m²,"55,88 tr/m²",2,2,"Cổ Nhuế 1, Bắc Từ Liêm","21.062798404574377, 105.78411335550078"
42267734,25/02/2025,"Bán căn hộ chung cư 4PN trục 08, 3WC tại N01-T6 Ngoại Giao Đoàn tầng trung nhà mới 100%","17,75 tỷ",142 m²,125 tr/m²,4,3,"Xuân Tảo, Bắc Từ Liêm","21.063548511256194, 105.79704554389508"
42267097,25/02/2025,Bán căn hộ 3 ngủ chung cư An Bình City - đầy đủ nội thất - sẵn sổ - giá nhỉnh 6 tỷ,6 tỷ,83 m²,"72,29 tr/m²",3,2,"Cổ Nhuế 1, Bắc Từ Liêm","21.04925460542801, 105.77934786749677"
39409792,25/02/2025,Em là lễ tân được chủ nhà gửi quỹ bên căn Kosmo Tây Hồ cần chuyển nhượng gấp (0333 259 *** Zalo),Giá thỏa thuận,81 m²,N/A,2,2,"Xuân Tảo, Bắc Từ Liêm","21.0685367584229, 105.802764892578"
41987334,25/02/2025,"Chính chủ bán căn hộ CC An Bình City, 75m2, 2PN, 2WC, view đẹp, tầng đẹp, Bắc Từ Liêm, Hà Nội","5,3 tỷ",75 m²,"70,67 tr/m²",2,2,"Cổ Nhuế 1, Bắc Từ Liêm","21.049542923870455, 105.77847270232618"
42265318,25/02/2025,Chính Chủ Bán Căn hộ Chung Cư Green Stars đường Phạm Văn Đồng 63m2 2 ngủ 2 vệ sinh,"4,9 tỷ",63 m²,"77,78 tr/m²",2,2,"Cổ Nhuế 1, Bắc Từ Liêm","21.05190850678478, 105.7801655128792"
42264779,25/02/2025,"Bán căn hộ 3PN, 2WC tại Kosmo Tây Hồ, giá 11 tỷ, 118m2, đầy đủ nội thất",11 tỷ,118 m²,"93,22 tr/m²",3,2,"Xuân Tảo, Bắc Từ Liêm","21.068476833711756, 105.80302822080672"
42264668,25/02/2025,"Bán gấp CC 3PN, 103m2, 75 triệu/m2 tại Sunshine City, Đông Ngạc, Bắc Từ Liêm, Hà Nội","7,72 tỷ",103 m²,75 tr/m²,3,2,"Đông Ngạc, Bắc Từ Liêm","21.083975328856774, 105.79213329006734"
42247097,25/02/2025,"Căn hộ chung cư góc 117m2, 3 phòng ngủ, chung cư T608, Khu đô thị Nam Cường Cổ Nhuế",8 tỷ,117 m²,"68,38 tr/m²",3,2,"Cổ Nhuế 1, Bắc Từ Liêm","21.050814803740845, 105.78261014214381"
42157837,25/02/2025,"Duy nhất 1 căn 3 phòng ngủ view Hồ Tây, 118.6 m2 tại Kosmo Tây Hồ giá 10.X tỷ (bao phí)",Giá thỏa thuận,"118,6 m²",N/A,3,2,"Xuân Tảo, Bắc Từ Liêm","21.068633548639397, 105.80231391588983"
42263228,25/02/2025,"Bán căn hộ duplex 252m2 N01 - T6 Ngoại Giao Đoàn, 40 tỷ VND, view đẹp, chính chủ",40 tỷ,252 m²,"158,73 tr/m²",5,4,"Xuân Tảo, Bắc Từ Liêm","21.0631208164233, 105.797474526496"
42260866,25/02/2025,Siêu phẩm Ngoại Giao Đoàn chủ đầu tư Taseco uy tín nhất khu tòa N03T6,"11,5 tỷ",125 m²,92 tr/m²,3,3,"Xuân Tảo, Bắc Từ Liêm","21.064649050725848, 105.79771586214362"
42262999,25/02/2025,"Cần tiền bán gấp căn hộ 3N Goldmark City, 6 tỷ, DT 94m2, 3PN, 2WC, nhà hướng Đông Nam, sẵn sổ",6 tỷ,99 m²,"60,61 tr/m²",3,2,"Phú Diễn, Bắc Từ Liêm","21.044589041761814, 105.76675468656744"
42262456,25/02/2025,Em bán căn góc 3PN 95m2 tòa Vinaconex 7 giá chỉ bằng căn 2PN Goldmark City - Full nội thất cao cấp,"4,99 tỷ",95 m²,"52,53 tr/m²",3,2,"Phú Diễn, Bắc Từ Liêm","21.04500826881401, 105.76766574499234"
41870233,25/02/2025,"Chính chủ bán căn hộ Han Jardin 3 phòng ngủ, 125.7m2, căn góc view thoáng, nhà mới ở ngay",Giá thỏa thuận,"125,7 m²",N/A,3,2,"Xuân Tảo, Bắc Từ Liêm","21.0623119278588, 105.79771077587242"
39008086,25/02/2025,"Cần bán căn 03PN tại toà HH Thái Hà, toà thương mại. DT: 121m2. Giá cực tốt. 0983 335 ***","7,5 tỷ",121 m²,"61,98 tr/m²",3,2,"Cổ Nhuế 2, Bắc Từ Liêm","21.0557422637939, 105.777221679688"
42262177,25/02/2025,"Bán chung cư CT2A, Khu đô thị mới Cổ Nhuế 1","7,7 tỷ",108 m²,"71,3 tr/m²",N/A,N/A,"Cổ Nhuế 1, Bắc Từ Liêm","21.051190523209957, 105.79356095747299"
42106239,25/02/2025,"Cần bán căn hộ tòa CT3 chung cư Nam Cường, Cổ Nhuế. Ngõ 234 Hoàng Quốc Việt. 0983 335 ***","5,35 tỷ","84,5 m²","63,31 tr/m²",2,2,"Cổ Nhuế 1, Bắc Từ Liêm","21.0507634027973, 105.786583240705"
42262323,25/02/2025,Bán căn góc 3PN 2VS 95m2 tòa Vinaconex 7 giá chỉ bằng căn 2PN Goldmark City - Full nội thất cao cấp,"4,99 tỷ",95 m²,"52,53 tr/m²",3,2,"Phú Diễn, Bắc Từ Liêm","21.04450755150323, 105.76839334340293"
40022319,25/02/2025,"Cần bán căn hộ chung cư Nam Cường - CT3 Cổ Nhuế. DT: 94,7m2, 3 ngủ, Đồ CB. Giá cực tốt. 0983 335 ***",Giá thỏa thuận,"94,7 m²",N/A,3,2,"Cổ Nhuế 1, Bắc Từ Liêm","21.0508708953857, 105.786125183105"
42261909,25/02/2025,"Chính chủ bán CC mini 2PN, 2WC, 53m2 tại Phạm Văn Đồng, Bắc Từ Liêm, full đồ, vào ở ngay","1,93 tỷ",53 m²,"36,42 tr/m²",2,2,"Cổ Nhuế 2, Bắc Từ Liêm","21.0596331107123, 105.78353645317"
41989841,25/02/2025,"Hàng hiếm! Bán chung cư An Bình Tower 521 Cổ Nhuế, 50m, 2PN, full nội thất giá nhỉnh 2 tỷ","2,28 tỷ",50 m²,"45,6 tr/m²",2,1,"Cổ Nhuế 1, Bắc Từ Liêm","21.069708373703087, 105.77705017697767"
39525339,25/02/2025,Quỹ 5 căn tòa N03T3 - N03T4 đầy đủ 110m2 130m2 153m2 full nội thất giá làm việc trực tiếp chủ nhà,Giá thỏa thuận,130 m²,N/A,3,3,"Xuân Đỉnh, Bắc Từ Liêm","21.064430236816406, 105.79842376708984"
40002768,25/02/2025,"Quỹ 20 căn tòa CT3 Nghĩa Đô, Nhà mới tinh, đủ diện tích 44,47,65,69m2; Giá trao đổi trực tiếp chủ",Giá thỏa thuận,68 m²,N/A,2,2,"Cổ Nhuế 2, Bắc Từ Liêm","21.046993255615234, 105.79278564453125"
40310628,25/02/2025,"Chính chủ bán căn 3PN 95m2 tầng trung, ban công Bắc, view trọn hồ Ngoại Giao Đoàn sẵn sổ slot ô tô",Giá thỏa thuận,95 m²,N/A,3,2,"Xuân Đỉnh, Bắc Từ Liêm","21.065750122070312, 105.79821014404297"
40313969,25/02/2025,"Chủ nhà bán căn 55m2 mới tinh, nguyên bản chủ đầu tư, nhận nhà ngay, đầy đủ thủ tục mua bán","3,08 tỷ",55 m²,56 tr/m²,2,1,"Cổ Nhuế 2, Bắc Từ Liêm","21.0469932556152, 105.792785644531"
41997435,25/02/2025,"Cần bán gấp căn hộ chung cư Thành Phố Giao Lưu - Phạm Văn Đồng 2 ngủ giá chỉ 2,3 tỷ","2,3 tỷ",58 m²,"39,66 tr/m²",2,1,"Cổ Nhuế 1, Bắc Từ Liêm","21.0628488026029, 105.784089396296"
42260783,25/02/2025,"Cần tìm chủ mới cho căn hộ vô cùng tâm huyết N02T3 Quang Minh Tower view hồ tầng trung, giá hợp lý",9 tỷ,"101,5 m²","88,67 tr/m²",3,2,"Xuân Đỉnh, Bắc Từ Liêm","21.066600313785063, 105.79853116613454"
23281715,25/02/2025,"Chính chủ bán chung cư IA20 Ciputra giá từ 4.5tỷ/ căn, 92m2, 3PN, 2 WC - 0382 276 ***","4,5 tỷ",92 m²,"48,91 tr/m²",3,2,"Đông Ngạc, Bắc Từ Liêm","21.091917037963867, 105.78500366210938"
42259178,24/02/2025,"Bán căn hộ Sunshine City, 7,6 tỷ, 98m2, 3PN, 2WC, căn góc view đẹp, giá tốt","7,6 tỷ",98 m²,"77,55 tr/m²",3,2,"Đông Ngạc, Bắc Từ Liêm","21.084992339418186, 105.7919730098731"
42259191,24/02/2025,"Cần bán căn hộ 104m2 3PN, tầng trung, view thoáng mát tại tòa Saphire Goldmark City. LH 0343 191 ***",6 tỷ,104 m²,"57,69 tr/m²",3,2,"Phú Diễn, Bắc Từ Liêm","21.04415903099921, 105.76719349357779"
42259050,24/02/2025,"Chính chủ cần bán căn hộ 86m2 - 2PN có ban công, tầng trung, giá tốt nhất thị trường Goldmark City","5,4 tỷ",86 m²,"62,79 tr/m²",2,2,"Phú Diễn, Bắc Từ Liêm","21.044348420851946, 105.76816666452781"
42253854,24/02/2025,"Chính chủ cần bán căn 2PN Goldmark City tòa R - full đồ sẵn sổ giá 4,950 tỷ","4,95 tỷ",83 m²,"59,64 tr/m²",2,2,"Phú Diễn, Bắc Từ Liêm","21.043361267829443, 105.7674381541863"
42253794,24/02/2025,Bán nhà chung cư 2 phòng ngủ 2 vệ sinh tại chung cư Thái Hà - Bộ Công An,"4,45 tỷ",70 m²,"63,57 tr/m²",2,2,"Cổ Nhuế 2, Bắc Từ Liêm","21.05563272252116, 105.7777913276662"
42253450,24/02/2025,"Rẻ nhất - Căn hộ sát Goldmark City 122m2 4PN 2VS, nội thất mới. Giá 5 tỷ (hơn 40tr/m) - 0961 598 ***",Giá thỏa thuận,122 m²,N/A,4,2,"Phú Diễn, Bắc Từ Liêm","21.040279466300518, 105.76515689578504"
42244519,23/02/2025,Chính chủ cần bán gấp căn 2PN chung cư Greenstars,"4,6 tỷ","63,2 m²","72,78 tr/m²",2,2,"Cổ Nhuế 1, Bắc Từ Liêm","21.052026585487262, 105.7809788618083"
42231446,21/02/2025,"(Độc quyền) quỹ căn bán 2PN toà An Bình City, Cổ Nhuế sẵn sổ đỏ, full đồ bao giá cực tốt 0888 989 ***","6,5 tỷ",83 m²,"78,31 tr/m²",2,2,"Cổ Nhuế 1, Bắc Từ Liêm","21.04951278302002, 105.77845841195933"
42105837,21/02/2025,"Bán căn hộ 3PN 2WC tại Khu đô thị mới Resco, 6,3 tỷ, 155m2","6,3 tỷ",155 m²,"40,65 tr/m²",3,2,"Xuân Đỉnh, Bắc Từ Liêm","21.059001722895218, 105.78349187497098"
42035725,20/02/2025,Bán căn góc 153m2 rộng nhất The Link Ciputra Tây Hồ Full nội thất sang trọng. LH 0916 252 ***,14 tỷ,153 m²,"91,5 tr/m²",3,2,"Đông Ngạc, Bắc Từ Liêm","21.081798581658283, 105.79142031404729"
42217212,20/02/2025,"Chính Chủ bán gấp toà S2. 135m giá 7,5 Tỷ (bao phí, có TL) Cam kết giá thật, Không Ảo","7,5 tỷ",135 m²,"55,56 tr/m²",3,2,"Phú Diễn, Bắc Từ Liêm","21.0442987478089, 105.766752428265"
41760161,19/02/2025,"Chính chủ bán căn G 3PN & căn K 4PN duy nhất StarLake sẵn sổ đỏ & slot ôtô đỗ hầm, LH 0352073;105",Giá thỏa thuận,154 m²,N/A,4,3,"Cổ Nhuế 1, Bắc Từ Liêm","21.0528088195049, 105.791671029675"
41786593,16/02/2025,"Bán căn 88.8m2 - 3 PN tại An Bình city, nhà sửa thiết kế nên rộng thênh thang, giá chỉ 6.77 tỷ","6,77 tỷ","88,8 m²","76,24 tr/m²",3,2,"Cổ Nhuế 1, Bắc Từ Liêm","21.0498180053002, 105.778356714284"
40759533,15/02/2025,"(Độc quyền)quỹ căn 2 - 3pn toà căn hộ Starlake Tây Hồ Tây, sẵn sổ full đồ giá cực tốt LH 0888 989 ***","13,5 tỷ",110 m²,"122,73 tr/m²",3,2,"Cổ Nhuế 1, Bắc Từ Liêm","21.0527400970459, 105.791770935059"
39405823,13/02/2025,(Độc quyền) bán quỹ căn 3PN cực vip toà N01-T6 Ngoại Giao Đoàn nhận nhà ngay full LH 0888 989 ***,"9,43 tỷ","125,7 m²",75 tr/m²,3,2,"Xuân Tảo, Bắc Từ Liêm","21.0637378692627, 105.79704284668"
40638470,12/02/2025,Hot: Bán gấp căn góc 2 mặt thoáng view trọn hồ và công viên,Giá thỏa thuận,132 m²,N/A,3,2,"Xuân Tảo, Bắc Từ Liêm","21.06303596496582, 105.79541778564453"
38485759,12/02/2025,Bán gấp căn góc 141.5m2 tòa N01T6 Taseco Han Jardin Ngoại Giao Đoàn,"16,98 tỷ","141,5 m²",120 tr/m²,3,2,"Xuân Tảo, Bắc Từ Liêm","21.0637378692627, 105.79704284668"
41381028,06/02/2025,Cần bán gấp căn hộ 2 ngủ 70m2 tại chung cư Thái Hà - Thành Phố Giao Lưu,"4,2 tỷ",70 m²,60 tr/m²,2,2,"Cổ Nhuế 2, Bắc Từ Liêm","21.055742263793945, 105.7772216796875"
40924675,05/02/2025,Chính chủ cần bán căn 3 phòng ngủ tại CT3B khu đô thị Nam Cường,"4,96 tỷ","90,8 m²","54,63 tr/m²",3,2,"Cổ Nhuế 1, Bắc Từ Liêm","21.0508708953857, 105.786125183105"
42076311,07/03/2025,"Chung cư GoldMark City, lô góc, 3 ngủ, rẻ nhất khu vực.","5,94 tỷ","93,4 m²","63,6 tr/m²",3,2,"Phú Diễn, Bắc Từ Liêm","21.04420669707815, 105.76741443871485"
42242527,06/03/2025,"Tôi chính chủ cần bán CH đẹp, vì chuyển công việc, nhà hai mặt thoáng, 2PN, sổ đỏ riêng, giá 1.x tỷ","1,68 tỷ",40 m²,42 tr/m²,2,1,"Thụy Phương, Bắc Từ Liêm","21.0918204111955, 105.785199244584"
42200071,06/03/2025,"Quỹ căn hộ Goldmark City chuyển nhượng 4PN, nguồn chính chủ giá tốt nhất","6,5 tỷ",135 m²,"48,15 tr/m²",4,3,"Phú Diễn, Bắc Từ Liêm","21.0437413330142, 105.768037797561"
37209106,06/03/2025,"Chính chủ bán 2PN 66,8m2 Green Stars tầng trung view nội khu sổ đỏ có sẵn giá bán thương lượng",Giá thỏa thuận,"66,8 m²",N/A,2,2,"Cổ Nhuế 1, Bắc Từ Liêm","21.0523986816406, 105.780181884766"
36628247,06/03/2025,"4,5 tỷ căn hộ 2 phòng ngủ 70m2 dự án CBCS Bộ Công An Thái Hà Constrexim 43 Phạm Văn Đồng","4,5 tỷ",70 m²,"64,29 tr/m²",2,2,"Cổ Nhuế 2, Bắc Từ Liêm","21.0557422637939, 105.777221679688"
37739135,06/03/2025,Đón sóng! CT3 Nghĩa Đô tiếp giáp khu Tây Hồ Tây - sổ vĩnh viễn - Nguồn hàng SL tha hồ chọn căn,Giá thỏa thuận,47 m²,N/A,2,1,"Cổ Nhuế 2, Bắc Từ Liêm","21.0469932556152, 105.792785644531"
42009616,06/03/2025,Bán căn góc ở chung cư Goldmark 136 Hồ Tùng Mậu 86m2 2PN sang trọng ở ngay,"5,85 tỷ",86 m²,"68,02 tr/m²",2,2,"Phú Diễn, Bắc Từ Liêm","21.044624326566172, 105.76733303879139"
41578424,06/03/2025,"Chính chủ bán căn 2 PN 78m2 R2, view nội khu, giá 5 tỷ, full đồ. Liên hệ: 0948 247 ***",5 tỷ,78 m²,"64,1 tr/m²",2,2,"Phú Diễn, Bắc Từ Liêm","21.0442333221436, 105.767318725586"
42355948,06/03/2025,"Chính chủ bán căn 70m, 2PN tòa Thái Hà- Bộ Công An- 43 Phạm Văn Đồng cực rẻ giá 4,5tỷ.LH 0968 989 ***","4,5 tỷ",70 m²,"64,29 tr/m²",2,2,"Cổ Nhuế 2, Bắc Từ Liêm","21.0660792906983, 105.76772736968"
42355845,06/03/2025,"Bán căn hộ CC tại Kosmo Tây Hồ, dt181m, 3 mặt thoáng 3PN+3WC, nội thất cực xịn sò, sẵn slot ô tô.",Giá thỏa thuận,181 m²,N/A,3,3,"Xuân Tảo, Bắc Từ Liêm","21.069164633252257, 105.80242137234478"
42030818,06/03/2025,"Chung cư Thành Phố Giao Lưu 3PN, 4,5 tỷ tại Cổ Nhuế 1, Bắc Từ Liêm, Hà Nội - Hàng hiếm view đẹp","4,5 tỷ",72 m²,"62,5 tr/m²",3,2,"Cổ Nhuế 1, Bắc Từ Liêm","21.049254252251988, 105.77884192332462"
42355429,06/03/2025,"Bán Căn hộ chung cư tại CT2A Nghĩa Đô, dt170m, 3PN3WC, nhiều tiện ích",13 tỷ,170 m²,"76,47 tr/m²",3,3,"Cổ Nhuế 1, Bắc Từ Liêm","21.05116985078988, 105.79287863291128"
42273114,04/03/2025,"Bán CC mini, 9PN, 9WC, giá cực chất 7,45 tỷ, 37 m2 tại Cổ Nhuế 2, Bắc Từ Liêm, Hà Nội","7,45 tỷ",37 m²,"201,35 tr/m²",9,9,"Cổ Nhuế 2, Bắc Từ Liêm","21.0642218746322, 105.779611478574"
42212563,03/03/2025,Bán căn 3 ngủ S1 giá tốt nhất thị trường Goldmark City,7 tỷ,121 m²,"57,85 tr/m²",3,2,"Phú Diễn, Bắc Từ Liêm","21.044258890272964, 105.76730597134399"
40942379,05/02/2025,"Chính chủ cần bán gấp căn hộ 2PN 2VS, Goldmark City giá 3,6 tỷ. DT 86m2, sổ đỏ, full nội thất","3,6 tỷ",86 m²,"41,86 tr/m²",2,2,"Phú Diễn, Bắc Từ Liêm","21.0442333221436, 105.767318725586"
41545246,05/02/2025,Bán căn hộ chung cư N01 - T1 04PN đồ CB - full đồ giá siêu tốt LH em 0923 363 ***/Zalo,Giá thỏa thuận,132 m²,N/A,4,3,"Xuân Đỉnh, Bắc Từ Liêm","21.0657501220703, 105.798210144043"
39668261,06/03/2025,Phan Hằng Group độc quyền danh sách căn hộ chuyển nhượng Goldmark City loại 2-3 & 4 PN giá cực tốt,"5,2 tỷ",93 m²,"55,91 tr/m²",2,2,·,"21.0442333221436, 105.767318725586"
42277511,02/03/2025,"Bán căn góc Sunshine City đẹp nhất dự án view sông Hồng & Sân golf Ciputra, sổ hồng giao dịch ngay","9,3 tỷ","104,5 m²",89 tr/m²,3,2,·,"21.08409525374058, 105.79156155241616"
40151117,01/03/2025,Quỹ căn hộ chuyển nhượng 1PN + 2PN + 3PN + duplex giá tốt nhất tháng 03/2025 Sunshine City Ciputra,7 tỷ,99 m²,"70,71 tr/m²",3,2,·,"21.084782101466125, 105.79155619505363"
42301266,01/03/2025,Quỹ căn mua bán chuyển nhượng tại Sunshine City Ciputra giá tốt nhất (T3/2025)-Mr. Hoàng 0812 395 ***,"5,8 tỷ",83 m²,"69,88 tr/m²",3,2,·,"21.0835000398378, 105.791444431507"
42300475,28/02/2025,Quỹ căn hộ giá rẻ độc quyền Sunshine City Ciputra - em Cường 0976 044 ***,"5,75 tỷ","80,5 m²","71,43 tr/m²",2,N/A,·,"21.084281637901434, 105.79186925971452"
42287329,27/02/2025,Kim Land Group cư dân Diamond GM độc quyền quỹ 2-3-4 ngủ. Cắt lỗ 300 - 500 triệu. Hỗ trợ vay 80%,6 tỷ,114 m²,"52,63 tr/m²",3,2,·,"21.0450596683942, 105.767237541326"
40907957,06/03/2025,E Chính cư dân GMC bán full quỹ căn chuyển nhượng 2 3 và 4PN tại đây Giá từ 48 tr/m2 hỗ trợ vay 80%,"6,3 tỷ",130 m²,"48,46 tr/m²",3,4,"Phú Diễn, Bắc Từ Liêm","21.04485535970542, 105.7677264064039"
42349176,06/03/2025,Gia đình chuyển công tác cần bán đi căn hộ 4pn 147m2 ban công đông nam tòa DIAMOND Goldmark City,"8,4 tỷ",147 m²,"57,14 tr/m²",4,2,"Phú Diễn, Bắc Từ Liêm","21.044362058505968, 105.76758768611091"
40404982,06/03/2025,"Bán gấp luôn chung cư Goldmark từ 83m2, 99m2, 115m2, 160m2 giá rẻ cần bán gấp LH 0839 185 ***","5,6 tỷ",115 m²,"48,7 tr/m²",3,2,"Phú Diễn, Bắc Từ Liêm","21.0442333221436, 105.767318725586"
41106931,06/03/2025,"Em Tiến chuyên hỗ trợ chuyển nhượng tại Goldmark City quỹ căn 2,3 và 4PN cập nhật liên tục","6,5 tỷ",104 m²,"62,5 tr/m²",3,2,"Phú Diễn, Bắc Từ Liêm","21.0442333221436, 105.767318725586"
42245542,06/03/2025,Em Oanh cư dân Goldmark tập hợp full quỹ căn 2 ngủ - 3 ngủ - 4 ngủ giá từ 50 tr/m2. LH 0937 941 ***,"5,6 tỷ",110 m²,"50,91 tr/m²",3,2,"Phú Diễn, Bắc Từ Liêm","21.04389865714601, 105.76724276653887"
39667628,05/03/2025,Phan Hằng Group tổng hợp danh sách 30 căn hộ An Bình City Loại 2 & 3 PN chuyển nhượng giá cực tốt,"5,7 tỷ",90 m²,"63,33 tr/m²",3,2,"Cổ Nhuế 1, Bắc Từ Liêm","21.0495662689209, 105.778594970703"
39223048,05/03/2025,"Cần bán CH DT từ 74m2, 83m2, 92m2, 115m2 tại chung cư An Bình căn 2PN và 3PN giá rẻ, view hồ đẹp","5,6 tỷ",92 m²,"60,87 tr/m²",3,2,"Cổ Nhuế 1, Bắc Từ Liêm","21.0497327000898, 105.77791042203"
38770890,05/03/2025,"Độc quyền quỹ căn hộ 2-3PN An Bình City cần bán gấp, cắt lỗ sâu, cập nhật hàng ngày LH: 0399 028 ***","5,9 tỷ",90 m²,"65,56 tr/m²",3,2,"Cổ Nhuế 1, Bắc Từ Liêm","21.049566, 105.778595"
40057625,04/03/2025,Chuyên bán căn hộ cao cấp tháp đôi Hanjadinn(NO1-T6 & T7) Ngoại Giao Đoàn - Giá tốt nhất thị trường,Giá thỏa thuận,"101,2 m²",N/A,3,N/A,"Xuân Tảo, Bắc Từ Liêm","21.0630493164063, 105.797309875488"
41979496,03/03/2025,"Tôi cần bán 2 căn hộ Goldmark City, căn góc 2PN 4 tỷ 800tr và căn góc 3PN 5 tỷ 700tr, có sổ Đỏ","4,8 tỷ",83 m²,"57,83 tr/m²",2,2,"Phú Diễn, Bắc Từ Liêm","21.04444250166772, 105.7666460245031"
41393239,03/03/2025,Cập nhật đầy đủ quỹ căn chuyển nhượng 2 - 3 - 4 PN tháng 3.2025 Ngoại Giao Đoàn giá tốt nhất,"7,5 tỷ",105 m²,"71,43 tr/m²",3,2,"Xuân Đỉnh, Bắc Từ Liêm","21.0656559500524, 105.798566366722"
42130533,03/03/2025,Quỹ căn chuyển nhượng Sunshine City Ciputra giá tốt tháng 2/2025. LH 0985 525 ***,"6,5 tỷ",98 m²,"66,33 tr/m²",3,2,"Đông Ngạc, Bắc Từ Liêm","21.08447301473665, 105.79180147570536"
42177928,02/03/2025,Phan Hằng Group tổng hợp 35 căn hộ Green Stars loại 2 & 3 ngủ giá chuyển nhượng tốt nhất thị trường,"6,3 tỷ",102 m²,"61,76 tr/m²",3,N/A,"Cổ Nhuế 1, Bắc Từ Liêm","21.0522223649615, 105.780492637455"
42302480,01/03/2025,"Bán quỹ căn bán 2PN 3PN tòa An Bình City, Cổ Nhuế sẵn sổ đỏ, full đồ bao giá cực tốt LH 0906 241 ***","7,9 tỷ",112 m²,"70,54 tr/m²",3,2,"Cổ Nhuế 1, Bắc Từ Liêm","21.0495499295189, 105.778688688363"
42174279,27/02/2025,Kim Land Group cư dân Diamond GM độc quyền quỹ 2-3-4 ngủ. Cắt lỗ 300 - 500 triệu. Hỗ trợ vay 80%,"5,2 tỷ",94 m²,"55,32 tr/m²",2,2,"Phú Diễn, Bắc Từ Liêm","21.044232516447554, 105.76732166457175"
42168692,27/02/2025,Anh Trai cần tiền để đầu tư. Nên muốn bán lại căn hộ toà Green Stars 234 - Phạm Văn Đồng,"4,65 tỷ",61 m²,"76,23 tr/m²",2,2,"Cổ Nhuế 1, Bắc Từ Liêm","21.052134864668155, 105.77943007909901"
42135791,27/02/2025,"Ban quản lý Han Jardin N01T6 T7 - Ngoại Giao Đoàn cập nhật quỹ căn bán T3/2025, mới 100%, xem 24/7","16,33 tỷ",142 m²,115 tr/m²,4,3,"Xuân Tảo, Bắc Từ Liêm","21.0632811412262, 105.797285950559"
42353104,06/03/2025,Cập Nhập quỹ căn 3PN hót nhất cc An Bình City 232 Phạm Văn đồng,"6,45 tỷ",90 m²,"71,67 tr/m²",3,2,"Cổ Nhuế 1, Bắc Từ Liêm","21.04932515013717, 105.7787523827833"
41765599,06/03/2025,Chính chủ cần bán 3PN An Bình City 0355 161 ***,"6,5 tỷ",83 m²,"78,31 tr/m²",3,2,"Cổ Nhuế 1, Bắc Từ Liêm","21.049426232569203, 105.77847794513897"
42330698,06/03/2025,Bán căn 2 ngủ CC Bộ Công an 43 Phạm Văn đồng siêu đẹp,"4,6 tỷ",70 m²,"65,71 tr/m²",2,2,"Cổ Nhuế 2, Bắc Từ Liêm","21.055827579591, 105.777225400678"
42345623,06/03/2025,CHDV DÒNG TIỀN CAO - PHỐ TRẦN CUNG - FULL NỘI THẤT - NGÕ THOÁNG - 9 PHÒNG KK - DÒNG TIỀN 50TR/TH,"8,6 tỷ",45 m²,"191,11 tr/m²",9,9,"Cổ Nhuế 2, Bắc Từ Liêm","21.0569972197108, 105.783910423444"
42342271,05/03/2025,"Bán suất ngoại giao 98,98m2 lô góc tầng trung A2 giá nhinh 6tỷ, 0382 276 ***",6 tỷ,"98,98 m²","60,62 tr/m²",3,2,"Đông Ngạc, Bắc Từ Liêm","21.091844790966494, 105.78449458235924"
42261317,05/03/2025,"Chính chủ cần bán căn hoa hậu 3PN, 2WC, 108m, có sổ, N01T5 Ngoại Giao Đoàn, giá tốt, 0393 755 ***",Giá thỏa thuận,108 m²,N/A,3,2,"Xuân Đỉnh, Bắc Từ Liêm","21.066498998029164, 105.79758258871652"
42013911,05/03/2025,"Chính chủ bán căn hộ Xuân Đỉnh - Cạnh Chợ Đầu Mối, Oto đỗ cửa, 30m2 giá 1,090 tỷ full nội thất","1,09 tỷ",30 m²,"36,33 tr/m²",N/A,N/A,"Xuân Đỉnh, Bắc Từ Liêm","21.0713003633915, 105.794442182401"
41859754,04/03/2025,"Bán CHCC Han Jardin N01 T7 3 PN - nội thất cơ bản, căn góc, sát cạnh công viên - LH 0934 339 ***",Giá thỏa thuận,"125,7 m²",N/A,3,2,"Xuân Tảo, Bắc Từ Liêm","21.063467855462797, 105.79522749329773"
34434515,04/03/2025,"Chính chủ cần bán gấp căn hộ DT 90m2, 3PN full đồ đẹp ở CC An Bình City số 232 PVĐ. Giá bán 6,1 tỷ","6,1 tỷ",90 m²,"67,78 tr/m²",3,2,"Cổ Nhuế 1, Bắc Từ Liêm","21.0495662689209, 105.778594970703"
42200123,03/03/2025,"Chính chủ bán căn hộ 131m2 tòa N03T5 Full đồ sẵn ở như ảnh, sổ đỏ chính chủ. Lh: 0948 589 ***","11,8 tỷ",131 m²,"90,08 tr/m²",3,2,"Xuân Đỉnh, Bắc Từ Liêm","21.06665663315017, 105.79804929496395"
41406669,03/03/2025,"Bán căn hộ CC Kosmo 2PN - 3PN, DT từ 76m2; 87m2; 100; 102; 118; 186m2 view đẹp. LH: 0839 185 ***","7,6 tỷ",96 m²,"79,17 tr/m²",2,2,"Xuân Tảo, Bắc Từ Liêm","21.0682993138482, 105.803118476922"
42319434,03/03/2025,Bán nhanh căn hộ 3 ngủ tại An Bình city - 232 Phạm Văn Đồng,"6,6 tỷ",86 m²,"76,74 tr/m²",3,2,"Cổ Nhuế 1, Bắc Từ Liêm","21.05017955911574, 105.77826999953983"
35221148,03/03/2025,CC cần bán gấp căn hộ 4PN view hồ điều hòa tòa N01T1 - NGĐ Bắc Từ Liêm HN - LH 0924 691 ***,"10,8 tỷ",133 m²,"81,2 tr/m²",4,3,"Xuân Đỉnh, Bắc Từ Liêm","21.065956808459934, 105.79792908233605"
42311616,02/03/2025,"Bán nhanh căn hộ chung cư An Bình City 43 Phạm Văn Đồng, giá đầu tư","5,15 tỷ",72 m²,"71,53 tr/m²",2,2,"Cổ Nhuế 1, Bắc Từ Liêm","21.049485072513473, 105.77924623668005"
12107414,02/03/2025,"Chung cư IA20 Ciputra suất ngoại giao 92m2, 100m2, 110m2 giá 4,5tỷ 0382 276 ***","4,5 tỷ",92 m²,"48,91 tr/m²",3,2,"Đông Ngạc, Bắc Từ Liêm","21.091939565983512, 105.78491658691567"
42305713,01/03/2025,"Tổng hợp quỹ căn hộ 2PN + 3PN diện tích 72m2, 90m2 và 112m2 CC An Bình City - Em Thủy BĐS giá thật","5,4 tỷ",73 m²,"73,97 tr/m²",2,2,"Cổ Nhuế 1, Bắc Từ Liêm","21.049464708129545, 105.77874911817999"
42302979,01/03/2025,"Tổng hợp 99 căn hộ cần chuyển nhượng gấp tại Goldmark City, từ 2N-4N, giá 4-8 tỷ. Sẵn, sổ, giá tốt","5,4 tỷ",93 m²,"58,06 tr/m²",3,2,"Phú Diễn, Bắc Từ Liêm","21.04392300978654, 105.76667175412236"
42300135,28/02/2025,"Bán siêu căn hộ vip 5 sao Kosmo Tây Hồ -181m2, view Hồ Tây đẳng cấp, full nội thất hiện đại, sẵn sổ","22,89 tỷ",181 m²,"126,46 tr/m²",3,3,"Xuân Tảo, Bắc Từ Liêm","21.069041110370772, 105.80303254533516"
42267307,28/02/2025,"(Update mới) quỹ căn hộ GoldMark City chuyển nhượng 2PN - 3PN - 4PN, nguồn chính chủ giá tốt nhất","5,8 tỷ",94 m²,"61,7 tr/m²",3,2,"Phú Diễn, Bắc Từ Liêm","21.0440355386091, 105.767239083532"
41983881,27/02/2025,"Quỹ căn 2-3-4PN chính chủ nội thất đẹp, pháp lí đầy đủ rõ ràng, giá rẻ nhất, cắt lỗ tại Goldmark",7 tỷ,130 m²,"53,85 tr/m²",3,2,"Phú Diễn, Bắc Từ Liêm","21.0442333221436, 105.767318725586"
42025961,26/02/2025,"Bán căn hộ 2PN - 88m2 chung cư CT1 Đỗ Nhuận, Xuân Đỉnh. Đồ cơ bản, tầng đẹp. Giá: 3,95 tỷ","3,95 tỷ",69 m²,"57,25 tr/m²",2,1,"Xuân Đỉnh, Bắc Từ Liêm","21.0654498608981, 105.791749412083"
42276034,26/02/2025,Em bán quỹ căn hộ CC 2-3PN 81m2 -87m2 -96m2 -102m2 -118m2 tại Kosmo Tây Hồ giá tốt LH em 0923 363 ***,"7,8 tỷ",96 m²,"81,25 tr/m²",3,2,"Xuân Tảo, Bắc Từ Liêm","21.0688602456654, 105.803094986573"
40426893,26/02/2025,"(Độc quyền) quỹ căn tòa N01T6T7 T2/2025, cam kết giá tốt nhất thị trường, xem 24/7 LH 0888 989 ***","12,5 tỷ","101,4 m²","123,27 tr/m²",3,2,"Xuân Tảo, Bắc Từ Liêm","21.0630493164063, 105.797309875488"
42217583,20/02/2025,"PKD có giỏ hàng đầy đủ các căn hộ Kosmo Tây Hồ, giao dịch trực tiếp chính chủ mua bán giá tốt nhất",Giá thỏa thuận,118 m²,N/A,3,2,"Xuân Tảo, Bắc Từ Liêm","21.069029112086866, 105.80290491994674"
42217353,20/02/2025,"Bảng hàng chung cư Starlake Tây Hồ Tây cần bán tháng 2/2025, sẵn sổ, nhận ký gửi mua bán cho thuê","15,5 tỷ",129 m²,"120,16 tr/m²",3,2,"Cổ Nhuế 1, Bắc Từ Liêm","21.0522132003278, 105.79190390014"
42076311,07/03/2025,"Chung cư GoldMark City, lô góc, 3 ngủ, rẻ nhất khu vực.","5,94 tỷ","93,4 m²","63,6 tr/m²",3,2,"Phú Diễn, Bắc Từ Liêm","21.04420669707815, 105.76741443871485"
42242527,06/03/2025,"Tôi chính chủ cần bán CH đẹp, vì chuyển công việc, nhà hai mặt thoáng, 2PN, sổ đỏ riêng, giá 1.x tỷ","1,68 tỷ",40 m²,42 tr/m²,2,1,"Thụy Phương, Bắc Từ Liêm","21.0918204111955, 105.785199244584"
42200071,06/03/2025,"Quỹ căn hộ Goldmark City chuyển nhượng 4PN, nguồn chính chủ giá tốt nhất","6,5 tỷ",135 m²,"48,15 tr/m²",4,3,"Phú Diễn, Bắc Từ Liêm","21.0437413330142, 105.768037797561"
37209106,06/03/2025,"Chính chủ bán 2PN 66,8m2 Green Stars tầng trung view nội khu sổ đỏ có sẵn giá bán thương lượng",Giá thỏa thuận,"66,8 m²",N/A,2,2,"Cổ Nhuế 1, Bắc Từ Liêm","21.0523986816406, 105.780181884766"
36628247,06/03/2025,"4,5 tỷ căn hộ 2 phòng ngủ 70m2 dự án CBCS Bộ Công An Thái Hà Constrexim 43 Phạm Văn Đồng","4,5 tỷ",70 m²,"64,29 tr/m²",2,2,"Cổ Nhuế 2, Bắc Từ Liêm","21.0557422637939, 105.777221679688"
37739135,06/03/2025,Đón sóng! CT3 Nghĩa Đô tiếp giáp khu Tây Hồ Tây - sổ vĩnh viễn - Nguồn hàng SL tha hồ chọn căn,Giá thỏa thuận,47 m²,N/A,2,1,"Cổ Nhuế 2, Bắc Từ Liêm","21.0469932556152, 105.792785644531"
42009616,06/03/2025,Bán căn góc ở chung cư Goldmark 136 Hồ Tùng Mậu 86m2 2PN sang trọng ở ngay,"5,85 tỷ",86 m²,"68,02 tr/m²",2,2,"Phú Diễn, Bắc Từ Liêm","21.044624326566172, 105.76733303879139"
41578424,06/03/2025,"Chính chủ bán căn 2 PN 78m2 R2, view nội khu, giá 5 tỷ, full đồ. Liên hệ: 0948 247 ***",5 tỷ,78 m²,"64,1 tr/m²",2,2,"Phú Diễn, Bắc Từ Liêm","21.0442333221436, 105.767318725586"
42355948,06/03/2025,"Chính chủ bán căn 70m, 2PN tòa Thái Hà- Bộ Công An- 43 Phạm Văn Đồng cực rẻ giá 4,5tỷ.LH 0968 989 ***","4,5 tỷ",70 m²,"64,29 tr/m²",2,2,"Cổ Nhuế 2, Bắc Từ Liêm","21.0660792906983, 105.76772736968"
42355845,06/03/2025,"Bán căn hộ CC tại Kosmo Tây Hồ, dt181m, 3 mặt thoáng 3PN+3WC, nội thất cực xịn sò, sẵn slot ô tô.",Giá thỏa thuận,181 m²,N/A,3,3,"Xuân Tảo, Bắc Từ Liêm","21.069164633252257, 105.80242137234478"
42030818,06/03/2025,"Chung cư Thành Phố Giao Lưu 3PN, 4,5 tỷ tại Cổ Nhuế 1, Bắc Từ Liêm, Hà Nội - Hàng hiếm view đẹp","4,5 tỷ",72 m²,"62,5 tr/m²",3,2,"Cổ Nhuế 1, Bắc Từ Liêm","21.049254252251988, 105.77884192332462"
42355429,06/03/2025,"Bán Căn hộ chung cư tại CT2A Nghĩa Đô, dt170m, 3PN3WC, nhiều tiện ích",13 tỷ,170 m²,"76,47 tr/m²",3,3,"Cổ Nhuế 1, Bắc Từ Liêm","21.05116985078988, 105.79287863291128"
42312142,06/03/2025,"Bán CC Kosmo Tây Hồ, 9 tỷ, 97m2, 2PN, 2WC, Bắc Từ Liêm, HN - Hot!",9 tỷ,97 m²,"92,78 tr/m²",2,2,"Xuân Tảo, Bắc Từ Liêm","21.068001355618478, 105.80284958973061"
38081273,06/03/2025,"Chỉ 1 căn góc duy nhất 3PN 121m2 full nội thất, view hồ, tòa cao cấp khu Ngoại Giao Đoàn giá 10.5tỷ","10,5 tỷ",121 m²,"86,78 tr/m²",3,2,"Xuân Đỉnh, Bắc Từ Liêm","21.0658397674561, 105.798149108887"
36186055,06/03/2025,CC cần bán nhanh CH 2PN tầng 16 tòa N01T5 Khu NGĐ - Bắc Từ Liêm - HN - LH 0924 691 ***,"8,26 tỷ",87 m²,95 tr/m²,2,2,"Xuân Đỉnh, Bắc Từ Liêm","21.0630359649658, 105.795974731445"
41332003,06/03/2025,"Hot: Cần bán gấp căn 3 phòng ngủ Taseco Ngoại giao đoàn, view hồ","10,5 tỷ","113,5 m²","92,51 tr/m²",3,2,"Xuân Đỉnh, Bắc Từ Liêm","21.065017700195312, 105.79893493652344"
37344828,06/03/2025,Bán căn góc chung cư chính chủ 136m 3PN 2WC thuộc Khu Ngoại Giao Đoàn full nội thất xịn giá 10.6 tỷ,"10,6 tỷ",136 m²,"77,94 tr/m²",3,2,"Xuân Đỉnh, Bắc Từ Liêm","21.0658397674561, 105.798149108887"
38249071,06/03/2025,Cần bán nhanh căn hộ 02PN tại tòa N03T2 - Taseco - Khu Ngoại Giao Đoàn - Bắc Từ Liêm Hà Nội,Giá thỏa thuận,85 m²,N/A,2,2,"Xuân Đỉnh, Bắc Từ Liêm","21.0650177001953, 105.798934936523"
37504198,06/03/2025,"Căn hộ view hồ Tây, 104m2, 3 phòng ngủ, tòa tháp N01T7 Ngoại Giao Đoàn",Giá thỏa thuận,104 m²,N/A,3,2,"Xuân Tảo, Bắc Từ Liêm","21.06400939319793, 105.7955934257031"
42152249,06/03/2025,"Bán gấp căn hộ siêu sang, ôm trọn hồ và công viên x 3 phòng ngủ",Giá thỏa thuận,132 m²,N/A,3,2,"Xuân Đỉnh, Bắc Từ Liêm","21.06565991589994, 105.7981284685877"
42199998,06/03/2025,Bán căn hộ 2 ngủ CC Thái Hà - Bộ Công An 43 Phạm Văn Đồng để lại full nội thất LH: 0906 241 ***,"4,4 tỷ",70 m²,"62,86 tr/m²",2,2,"Cổ Nhuế 2, Bắc Từ Liêm","21.055583670491615, 105.7773577097773"
42317291,06/03/2025,"Cần bán căn 03PN tại tòa HH Thái Hà, tòa thương mại. DT: 90m2 3PN. Giá cực tốt. LH: 0906 241 ***","6,2 tỷ",90 m²,"68,89 tr/m²",3,2,"Cổ Nhuế 2, Bắc Từ Liêm","21.05560910379867, 105.7775679988612"
42336880,06/03/2025,"Chính chủ bán 2 PN đủ đồ CC Chiến Sĩ Bộ Công An Thái Hà, 70m2 đường Phạm Văn Đồng",Giá thỏa thuận,70 m²,N/A,2,2,"Cổ Nhuế 2, Bắc Từ Liêm","21.056342409241967, 105.7765801734308"
41934124,06/03/2025,"Cắt lỗ bán gấp căn hộ 2PN - 85,6m2 giá 3,5 tỷ, view thành phố tại CC Goldmark City nội thất cao cấp","3,5 tỷ","85,6 m²","40,89 tr/m²",2,2,"Phú Diễn, Bắc Từ Liêm","21.0438507755008, 105.767431568719"
38942994,06/03/2025,"Chủ nhà bán gấp căn hộ 3PN - 115m2 giá 4,9 tỷ, view hồ bơi tại CC Goldmark City nội thất cao cấp","4,9 tỷ",115 m²,"42,61 tr/m²",3,2,"Phú Diễn, Bắc Từ Liêm","21.044233, 105.76732"
33776715,06/03/2025,"Cần bán gấp căn hộ DT 101m2, 3PN ở CC Handi Resco Cổ Nhuế full đồ đẹp. Giá bán 4,8 tỷ LH 0979 062 ***","4,8 tỷ",101 m²,"47,52 tr/m²",3,2,"Cổ Nhuế 2, Bắc Từ Liêm","21.0590057373047, 105.783226013184"
33776909,06/03/2025,"Cần bán gấp căn hộ 2PN ở CC Thái Hà số 43 Phạm Văn Đồng, full đồ đẹp. Giá bán 4,2 tỷ LH: 0979 062 ***","4,2 tỷ",70 m²,60 tr/m²,2,2,"Cổ Nhuế 2, Bắc Từ Liêm","21.0557422637939, 105.777221679688"
39280267,06/03/2025,"Chính chủ Bán căn 131m2 3PN 2 VS full nội thất thuộc tòa cao cấp Khu Ngoại Giao Đoàn giá 11,4 tỷ","11,4 tỷ",131 m²,"87,02 tr/m²",3,2,"Xuân Đỉnh, Bắc Từ Liêm","21.0658397674561, 105.798149108887"
42309581,06/03/2025,"Căn hộ CC H212 2PN full nội thất, giá cực chất 2,68 tỷ, 68m2 tại Tân Xuân 2, Xuân Đỉnh, 0328 016 ***","2,68 tỷ",68 m²,"39,41 tr/m²",2,1,"Xuân Đỉnh, Bắc Từ Liêm","21.082034382105, 105.786502394105"
41944468,06/03/2025,"Hot CC gửi bán căn 3N 2WC 135m tầng 20 tại tòa D Goldmark, nhà mới tinh, giá 8,7 tỷ. LH Vân Hà","8,7 tỷ",135 m²,"64,44 tr/m²",3,2,"Phú Diễn, Bắc Từ Liêm","21.043932600918186, 105.76751813562524"
41287323,06/03/2025,"[Hot] Bán căn Goldmark tòa R4 giá 7 tỷ, 110m2, 3N 2WC, có sổ, có slot nhà full đồ xịn. LH MS Ngân",7 tỷ,110 m²,"63,64 tr/m²",3,2,"Phú Diễn, Bắc Từ Liêm","21.044233, 105.76732"
42217246,06/03/2025,"Bán căn hộ 72m2 - 2PN/2WC tại KĐT Nam Cường Cổ Nhuế, full đồ sẵn ở giá 4,65 tỷ. LH: 0948 589 ***","4,65 tỷ",72 m²,"64,58 tr/m²",2,2,"Cổ Nhuế 1, Bắc Từ Liêm","21.0502700360463, 105.7851159571114"
37336926,06/03/2025,"Chính chủ bán căn góc 70m2 2PN, 2WC full nội thất cao cấp 789 khu Ngoại Giao Đoàn, giá 5.1 tỷ","5,1 tỷ",70 m²,"72,86 tr/m²",2,2,"Xuân Đỉnh, Bắc Từ Liêm","21.0680141448975, 105.797080993652"
42338058,06/03/2025,"Bán căn hộ tại N01-T1 Ngoại Giao Đoàn, 10,6 tỷ, 133m2 giá siêu hời","10,6 tỷ",133 m²,"79,7 tr/m²",3,2,"Xuân Đỉnh, Bắc Từ Liêm","21.06536633171943, 105.79834591873181"
38415238,06/03/2025,Bán chung cư H1 Phạm Văn Đồng - Xuân Đỉnh - công viên Hoà Bình - Bắc Từ Liêm - sổ hồng vĩnh viễn,880 triệu,58 m²,"15,17 tr/m²",2,2,"Xuân Đỉnh, Bắc Từ Liêm","21.0730776, 105.7857525"
39912059,06/03/2025,"Bán chung cư tháp đôi Han Jadin NO1. T6 & T7 Đoàn Ngoại Giao - Tây Hồ Tây - căn đẹp, giá tốt",Giá thỏa thuận,106 m²,N/A,3,N/A,"Xuân Tảo, Bắc Từ Liêm","21.0630493164063, 105.797309875488"
40057750,06/03/2025,"Chính chủ bán căn hộ 3 phòng ngủ tầng đẹp, view trọn Hồ Tây tòa N01.T7, giá tốt nhất thị trường",Giá thỏa thuận,104 m²,N/A,3,N/A,"Xuân Tảo, Bắc Từ Liêm","21.063575744628906, 105.7953109741211"
42353831,06/03/2025,"BÁN GẤP CĂN HỘ - 3PN -114M2 TẠI THE LINK CIPUTRA - GIÁ 9,8 TỶ ( BAO PHÍ SANG TÊN )","9,8 tỷ",114 m²,"85,96 tr/m²",3,2,"Xuân Đỉnh, Bắc Từ Liêm","21.0651700276421, 105.798586427839"
40514420,06/03/2025,"Chủ nhà gửi bán căn 3 Phòng Ngủ, hướng mát - 102m2, giá mềm nhất trong các căn đang bán tại Green","6,7 tỷ",102 m²,"65,69 tr/m²",3,2,"Cổ Nhuế 1, Bắc Từ Liêm","21.052399, 105.78018"
41161757,06/03/2025,"Bố mẹ mình cần bán căn hộ 2 Phòng Ngủ, diện tích 66,8m2, nội thất không thiếu thứ gì tại Green star","4,5 tỷ","66,8 m²","67,36 tr/m²",2,2,"Cổ Nhuế 1, Bắc Từ Liêm","21.0523986816406, 105.780181884766"
38742171,06/03/2025,"Bác gái mình cần bán căn 2 Ngủ 70m2 - 4,450 tỷ. Vì bác cần bán nên để giá mềm nhất tại Thái Hà","4,45 tỷ",70 m²,"63,57 tr/m²",2,2,"Cổ Nhuế 2, Bắc Từ Liêm","21.055742, 105.77722"
37887124,06/03/2025,"03 Căn hộ 3 Phòng ngủ đẹp, tầng trung mới ra tại cc An Bình city: Căn 83m2, 90m2 và căn rộng 112m2","6,3 tỷ",83 m²,"75,9 tr/m²",3,2,"Cổ Nhuế 1, Bắc Từ Liêm","21.0495662689209, 105.778594970703"
42132572,06/03/2025,"Các cụ nhà mình cần bán căn 2 Phòng ngủ Rộng, Đẹp, 74m2, có ban công, các cụ cần nên giá bán sớm",5 tỷ,74 m²,"67,57 tr/m²",2,2,"Cổ Nhuế 1, Bắc Từ Liêm","21.0529796274179, 105.780003662922"
41161802,06/03/2025,"Vợ chồng mình cần bán căn hộ 2 phòng ngủ, 75m2, tầng trung, view khá đẹp tại chung cư An Bình City","5,4 tỷ",75 m²,72 tr/m²,2,2,"Cổ Nhuế 1, Bắc Từ Liêm","21.0495662689209, 105.778594970703"
41827697,06/03/2025,"Nhà mình cần bán căn 2 phòng ngủ Rộng, đẹp, diện tích 75m2 toà HH tại Chung cư Epics Home Thái Hà","5,15 tỷ",75 m²,"68,67 tr/m²",2,2,"Cổ Nhuế 2, Bắc Từ Liêm","21.0559951144284, 105.777323773576"
42209002,06/03/2025,"Tôi cần bán 2 căn hộ Goldmark City, căn 2 ngủ 79m2 giá 4 tỷ 850tr và căn góc 3 ngủ 5 tỷ 900tr","4,9 tỷ",79 m²,"62,02 tr/m²",2,2,"Phú Diễn, Bắc Từ Liêm","21.0436104698159, 105.766696906054"
42321373,06/03/2025,"Bán căn hộ IA20 - Ciputra, P. Đông Ngạc, Q. Bắc Từ Liêm",Giá thỏa thuận,109 m²,N/A,3,N/A,"Đông Ngạc, Bắc Từ Liêm","21.092049250899613, 105.78418505283535"
42143132,06/03/2025,Chính chủ gửi bán căn hộ 3PN 118m2 tòa Novo tầng cao view Hồ Tây. Nội thất cơ bản. Sẵn sổ hồng,Giá thỏa thuận,119 m²,N/A,3,2,"Xuân Tảo, Bắc Từ Liêm","21.068641164709778, 105.80279495807709"
42353633,06/03/2025,"Bán Căn hộ đẹp xuất sắc tại N03-T7 Ngoại Giao Đoàn, diện tích 100m2 căn góc giá hơn 8 tỷ",Giá thỏa thuận,100 m²,N/A,N/A,N/A,"Xuân Tảo, Bắc Từ Liêm","21.06401629565788, 105.7957685679672"
42211071,06/03/2025,"Bán CH Goldmark City, 4,7 tỷ, 78m2, 2PN, view đẹp, pháp lý đầy đủ","4,7 tỷ",78 m²,"60,26 tr/m²",2,2,"Phú Diễn, Bắc Từ Liêm","21.044082839212596, 105.76742627101358"
42303189,06/03/2025,"Bán căn hộ chung cư tại KĐT Cổ Nhuế toà CT1 Nam Cường, 5,7 tỷ, 100m2, 3PN + 2WC + bếp, nhà sửa đẹp","5,7 tỷ",100 m²,57 tr/m²,3,2,"Cổ Nhuế 1, Bắc Từ Liêm","21.050981769586013, 105.78493697797218"
41809664,06/03/2025,"Bán nhanh căn 2 PN, 2WC, 81m2 Sunshine City, tầng cao view sông Hồng, có sổ hơn 6 tỷ. 0966 286 ***",6 tỷ,81 m²,"74,07 tr/m²",2,2,"Đông Ngạc, Bắc Từ Liêm","21.085123129169794, 105.79203306996065"
41282288,06/03/2025,Bán căn góc 3PN 96.6m2 thông thủy ban công Đông Nam Tòa S56 giá tốt nhất Sunshine City Ciputra,"7,7 tỷ","96,6 m²","79,71 tr/m²",3,2,"Đông Ngạc, Bắc Từ Liêm","21.084354214496994, 105.79163462044492"
42283254,06/03/2025,Chính chủ bán căn hộ 2 ngủ CC Thái Hà - Bộ Công An 43 Phạm Văn Đồng để lại full nội thất,"4,1 tỷ",70 m²,"58,57 tr/m²",2,2,"Cổ Nhuế 2, Bắc Từ Liêm","21.0560621810854, 105.776714004479"
41934608,06/03/2025,"Cần bán căn 2PN 2WC 77,1 m2 Goldmark, nhà full đồ mới 100% y hình, sẵn sổ. LH Ms Ngân","5,5 tỷ","77,1 m²","71,34 tr/m²",2,2,"Phú Diễn, Bắc Từ Liêm","21.044369794361057, 105.76781472017277"
42331944,06/03/2025,"Bán căn hộ 2 ngủ tầng đẹp dự án Thái Hà Bộ Công An, sổ đỏ lâu dài, nội thất đầy đủ về ở ngay",4 tỷ,70 m²,"57,14 tr/m²",2,2,"Cổ Nhuế 2, Bắc Từ Liêm","21.05513554791552, 105.77709752010988"
42332070,06/03/2025,"Cần tiền bán gấp căn hộ đẹp giá tốt nhất thị trường, sổ đỏ sẵn giao dịch, có sẵn slot ô tô dưới hầm","4,5 tỷ",78 m²,"57,69 tr/m²",2,2,"Phú Diễn, Bắc Từ Liêm","21.04466173907713, 105.7665291715008"
42331878,06/03/2025,"Sở hữu căn hộ 3PN đẹp dự án An Bình City với mức giá cực kỳ hấp dẫn, nội thất đầy đủ, sổ đỏ sẵn",6 tỷ,90 m²,"66,67 tr/m²",3,2,"Cổ Nhuế 1, Bắc Từ Liêm","21.049541666938225, 105.77873735482669"
42201099,06/03/2025,"CẦN TIỀN BÁN GẤP CĂN 3N VIEW NỘI KHU GOLDMARK CITY, NỘI THẤT ĐẦY ĐỦ SẴN VỀ Ở, PHÁP LÝ SỔ ĐỎ LÂU DÀI","5,5 tỷ",94 m²,"58,51 tr/m²",3,2,"Phú Diễn, Bắc Từ Liêm","21.0442853439904, 105.767361341703"
42287032,06/03/2025,"Nhỉnh 5 tỷ sở hữu căn hộ tầng trung ban công view đẹp An Bình City, nội thất đầy đủ, sổ đỏ sẵn","5,05 tỷ",75 m²,"67,33 tr/m²",2,2,"Cổ Nhuế 1, Bắc Từ Liêm","21.04960134001196, 105.7786636808596"
42291200,06/03/2025,"Hàng hiếp Duplex hướng Đông Nam view Hồ Tây 5PN, 4WC, 194.6m2 tại Sunshine City Ciputra, Hà Nội",17 tỷ,"194,6 m²","87,36 tr/m²",5,4,"Đông Ngạc, Bắc Từ Liêm","21.0847319408725, 105.792527483829"
42290131,06/03/2025,"Bán căn chung cư Khu TT đường sắt Hà Thái, 90m2, 3,65 tỷ","3,65 tỷ",90 m²,"40,56 tr/m²",2,N/A,"Cổ Nhuế 1, Bắc Từ Liêm","21.0535795094699, 105.781867697583"
42276081,06/03/2025,"Chính chủ bán căn 170m2, 4PN 3VS, full đồ, căn góc, sổ sẵn, chung cư Goldmark City. Giá 7.99 tỷ","7,99 tỷ",170 m²,47 tr/m²,4,3,"Phú Diễn, Bắc Từ Liêm","21.04465714619593, 105.7670974928866"
42336964,06/03/2025,Hàng hiếm! Duy nhất căn hộ 4 phòng ngủ tầng cao view thoáng cần bán full nội thất,Giá thỏa thuận,115 m²,N/A,4,2,"Cổ Nhuế 1, Bắc Từ Liêm","21.0499638553177, 105.778717635135"
42171144,06/03/2025,"BÁN CHCC KOSMO TÂY HỒ TOÀ NOVO - 81m2, TẦNG CAO VIEW THOÁNG, FULL NỘI THẤT - LH 0934 339 ***",Giá thỏa thuận,81 m²,N/A,2,2,"Xuân Tảo, Bắc Từ Liêm","21.068444662943506, 105.8030417583315"
41850876,06/03/2025,"Bán căn góc T6T7 Han Jardin 3 phòng ngủ, view công viên, nội thất mới có thể ở ngay - LH 0934 339 ***","16,34 tỷ","125,7 m²",130 tr/m²,3,2,"Xuân Tảo, Bắc Từ Liêm","21.06344353893195, 105.79785254386601"
37133579,06/03/2025,"Hiếm! Bán căn 3PN chung cư Green Stars đường Phạm Văn Đồng, Bắc Từ Liêm, HN LH: 0396 823 ***","6,5 tỷ",102 m²,"63,72 tr/m²",3,2,"Cổ Nhuế 1, Bắc Từ Liêm","21.0523986816406, 105.780181884766"
36457696,06/03/2025,"Bán căn hộ chung cư An Bình City DT: 89m2, 3PN Full đồ, view hồ, quảng trường, bể bơi, giá 6,6 tỷ","6,6 tỷ",89 m²,"74,16 tr/m²",3,2,"Cổ Nhuế 1, Bắc Từ Liêm","21.049566, 105.778595"
38199846,06/03/2025,"Bán ""Căn góc"" Chung cư Thái Hà DT: 70m2, 2PN Full nội thất đẹp, tầng trung, giá 4,7 tỷ bao phí thuế","4,7 tỷ",70 m²,"67,14 tr/m²",2,2,"Cổ Nhuế 2, Bắc Từ Liêm","21.0557422637939, 105.777221679688"
41636800,06/03/2025,Chính chủ bán căn hộ tòa N01 - T4 Phú Mỹ Complex view hồ NGĐ 3 PN full nội thất LH 0843 197 ***,9 tỷ,"101,5 m²","88,67 tr/m²",3,2,"Xuân Tảo, Bắc Từ Liêm","21.06303596496582, 105.79541778564453"
42346828,06/03/2025,Bán căn góc 3PN 104m2 view sông + Nội khu S4 - 7.7 tỷ rẻ nhất trục + Sunshine City Ciputra,"7,7 tỷ",104 m²,"74,04 tr/m²",3,2,"Đông Ngạc, Bắc Từ Liêm","21.084819867557957, 105.79153466653234"
42323184,06/03/2025,"Bán căn hộ 2PN tại Sunshine City, 6,3 tỷ, 72,4m2, pháp lý đầy đủ","6,3 tỷ","72,4 m²","87,02 tr/m²",2,2,"Đông Ngạc, Bắc Từ Liêm","21.08443479935968, 105.79173884943998"
40872452,06/03/2025,Bán căn 2PN 81m2 thông thủy 6.3 tỷ giá chuẩn Sunshine City Ciputra + View Sông,"6,3 tỷ",81 m²,"77,78 tr/m²",2,2,"Đông Ngạc, Bắc Từ Liêm","21.0914440155029, 105.784721374512"
28220375,06/03/2025,"Mở bán chung cư mini Xuân Tảo - Xuân La 530 triệu/căn. Vào ở ngay, tặng 1 cây vàng 9999",530 triệu,26 m²,"20,39 tr/m²",1,1,"Xuân Tảo, Bắc Từ Liêm","21.0675127, 105.8037093"
42347021,06/03/2025,Bán căn góc 3PN 104m2 view sân golf + S4 - Đồ nội thất cao cấp như hình + Sunshine City Ciputra,Giá thỏa thuận,104 m²,N/A,3,2,"Đông Ngạc, Bắc Từ Liêm","21.08433102363056, 105.79177535967543"
38151290,06/03/2025,"Mình chính chủ cần bán căn hộ N01T4, view hồ, 87 m2, nội thất đẹp, 7 tỷ bao phí LH 0843 197 ***",8 tỷ,87 m²,"91,95 tr/m²",2,2,"Xuân Tảo, Bắc Từ Liêm","21.0630359649658, 105.795417785645"
41979386,06/03/2025,Chính chủ cần bán căn 87m2 tầng đẹp full nội thất cao cấp giá thiện chí bán. LH 0843 197 ***,6 tỷ,87 m²,"68,97 tr/m²",2,2,"Xuân Tảo, Bắc Từ Liêm","21.06367980821674, 105.7959212390557"
42341600,06/03/2025,"Hàng hiếm - Căn R4 DT, 152m2, 4PN, 3WC - Giá nhỉnh 8 tỷ","8,51 tỷ",152 m²,56 tr/m²,4,3,"Phú Diễn, Bắc Từ Liêm","21.044404473738116, 105.76651970022303"
40431524,06/03/2025,"Cần bán căn 3 ngủ đẹp/104m2 full đồ hoàn thiện đẹp như ảnh, sẵn sổ sang tên ngay. LH 0966 286 ***",Giá thỏa thuận,104 m²,N/A,3,2,"Đông Ngạc, Bắc Từ Liêm","21.09144401550293, 105.78472137451172"
40944022,06/03/2025,DUY NHẤT 1 CĂN HỘ 86m2 mới ĐẸP và có mức giá TỐT NHẤT đang được chào bán tại An Bình City,"6,3 tỷ",86 m²,"73,26 tr/m²",3,2,"Cổ Nhuế 1, Bắc Từ Liêm","21.0495662689209, 105.778594970703"
40911661,06/03/2025,(CỰC HIẾM) Cập nhật căn hộ đang có MỨC GIÁ TỐT NHẤT trong số các căn đang bán tại Chung cư Thái Hà,"4,3 tỷ",70 m²,"61,43 tr/m²",2,2,"Cổ Nhuế 2, Bắc Từ Liêm","21.0557422637939, 105.777221679688"
41848818,06/03/2025,"Bán chung cư mini 2PN, 1WC tại 60A 91/8 ngõ 177 Cầu Diễn, 1,x tỷ, 42,5 m2 chỉ với giá tốt","1,6 tỷ","42,5 m²","37,65 tr/m²",2,1,"Phúc Diễn, Bắc Từ Liêm","21.0450946680885, 105.752013835337"
41868986,06/03/2025,"Bán siêu phẩm duplex 5 ngủ/207m2 Sunshine City hướng Đông Nam view Hồ Tây, sân Golf Ciputra",17 tỷ,207 m²,"82,13 tr/m²",5,4,"Đông Ngạc, Bắc Từ Liêm","21.08383753520827, 105.79103044080047"
39621573,06/03/2025,"Gia đình cần bán căn hộ C1 - C2 Xuân Đỉnh 61,7m2, 2PN 2VS full đồ giá 4,2tỷ bao phí LH 0978 258 ***","4,2 tỷ","61,7 m²","68,07 tr/m²",2,2,"Xuân Đỉnh, Bắc Từ Liêm","21.0702457427979, 105.791473388672"
40262777,06/03/2025,"Gia đình bán căn hộ tòa N03T1 Ngoại Giao Đoàn cơ bản 95,5m2, 3PN, 2VS giá 7,3 tỷ căn góc","7,3 tỷ","95,5 m²","76,44 tr/m²",3,2,"Xuân Đỉnh, Bắc Từ Liêm","21.0657653808594, 105.798080444336"
42330860,06/03/2025,"Vợ chồng tôi cần bán căn 2PN DT 70m2 tòa Thái Hà, giá 4,3 tỷ. LH 0389 558 ***","4,3 tỷ",70 m²,"61,43 tr/m²",2,2,"Cổ Nhuế 2, Bắc Từ Liêm","21.055260200588744, 105.77792221998055"
42275509,06/03/2025,"Chung cư An Bình city 4 phòng ngủ, căn góc, 113m2, nhà đẹp full nội thất, đường Phạm Văn Đồng","8,6 tỷ",113 m²,"76,11 tr/m²",4,2,"Cổ Nhuế 1, Bắc Từ Liêm","21.049743623301676, 105.7791573024573"
42298459,06/03/2025,Hàng hiếm - Giá rẻ nhất dự án!!! Bán căn 2 ngủ 96m2 chính chủ toà Kosmo Tây Hồ chỉ 8 tỷ,8 tỷ,96 m²,"83,33 tr/m²",2,2,"Xuân Tảo, Bắc Từ Liêm","21.0690475840349, 105.802560236338"
42350766,06/03/2025,Bán gấp căn hộ chung cư cao cấp 3PN full đồ bên ngoại giao đoàn toà NO3T7,"8,3 tỷ",102 m²,"81,37 tr/m²",3,2,"Xuân Tảo, Bắc Từ Liêm","21.0638557471718, 105.795431337171"
40654205,06/03/2025,"Còn lâu mới đến 7 tỷ có ngay căn 3 PN tầng trung view Hồ Tây, sẵn sổ, sẵn slot ô tô, sẵn ở ngay",Giá thỏa thuận,104 m²,N/A,3,2,"Xuân Đỉnh, Bắc Từ Liêm","21.064430236816406, 105.79842376708984"
42058824,06/03/2025,"Hơn 1 tỷ bán nhà Bắc Từ Liêm 70m2 sổ đỏ, gần học viện tài chính","1,55 tỷ",70 m²,"22,14 tr/m²",3,N/A,"Đông Ngạc, Bắc Từ Liêm","21.0922680607507, 105.784864004991"
36043379,06/03/2025,Cắt lỗ - bán chung cư CT1 Phạm Văn Đồng - Trần Cung - Bắc Từ Liêm - nội thất đầy đủ,850 triệu,58 m²,"14,66 tr/m²",2,1,"Cổ Nhuế 1, Bắc Từ Liêm","21.053854, 105.7818873"
41497152,06/03/2025,"Bán 2 phòng ngủ 2 WC 80m2 view ngoại khu,nội thất đẹp - Sunshine City","6,2 tỷ",80 m²,"77,5 tr/m²",2,2,"Đông Ngạc, Bắc Từ Liêm","21.09144401550293, 105.78472137451172"
40648954,06/03/2025,"Bán 2 PN 2 WC 73m2 giá 6,2 tỷ chung cư Sunshine City - LH 0984 567 ***","6,2 tỷ",74 m²,"83,78 tr/m²",2,2,"Đông Ngạc, Bắc Từ Liêm","21.0914440155029, 105.784721374512"
41759819,06/03/2025,"Chính chủ cần bán một vài căn góc 2 ngủ L345 The Link Ciputra, hàng hiếm giá tốt",Giá thỏa thuận,72 m²,N/A,2,2,"Đông Ngạc, Bắc Từ Liêm","21.08186912536621, 105.79158020019531"
42188367,06/03/2025,"Bán căn hộ 267m2 The Link Ciputra , 4 Phòng Ngủ Nội Thất VIP đẳng cấp nhất Tây Hồ. LH 0916 252 ***",26 tỷ,267 m²,"97,38 tr/m²",N/A,N/A,"Đông Ngạc, Bắc Từ Liêm","21.081791065900873, 105.79156683488657"
42199822,06/03/2025,"Quỹ căn hộ 3 phòng ngủ The Link Ciputra Tây Hồ, tháng 2 2025 giá tốt. Liên hệ 0916 252 ***","7,8 tỷ",114 m²,"68,42 tr/m²",3,N/A,"Đông Ngạc, Bắc Từ Liêm","21.082118455597879, 105.79190964371898"
42350781,06/03/2025,"Bán gấp Chung Cư Xuân Đỉnh 75M 2 Ngủ, Nội thất full như ảnh, Giá 4.85 Tỷ","4,85 tỷ",75 m²,"64,67 tr/m²",2,2,"Xuân Đỉnh, Bắc Từ Liêm","21.069911348805878, 105.79195670737651"
42316700,06/03/2025,Bán gấp căn hộ chung cư cao cấp 3PN full đồ bên Ngoại Giao Đoàn tòa N01T1,10 tỷ,133 m²,"75,19 tr/m²",3,2,"Xuân Đỉnh, Bắc Từ Liêm","21.06602620032774, 105.79814451717758"
42319118,06/03/2025,"Chính chủ Bán Goldmark City, Hồ Tùng Mậu, 7,3 tỷ, 121m2 đã thiết kế lại rất đẹp","7,3 tỷ",121 m²,"60,33 tr/m²",4,2,"Phú Diễn, Bắc Từ Liêm","21.04464929434834, 105.76744862979636"
42159789,06/03/2025,"Bán CC Goldmark City, 8,36 tỷ, 172m2, 4PN, 2WC, Phú Diễn, Bắc Từ Liêm, Hà Nội","8,36 tỷ",172 m²,"48,6 tr/m²",4,2,"Phú Diễn, Bắc Từ Liêm","21.0446070211506, 105.767496920669"
42160145,06/03/2025,"Bán căn hộ chung cư Goldmark City, 4,9 tỷ, 78m2, 2PN, 2WC, giá cực chất","4,9 tỷ",78 m²,"62,82 tr/m²",2,2,"Phú Diễn, Bắc Từ Liêm","21.044617476185117, 105.76816855350438"
42350728,06/03/2025,Bán căn hộ S2-08 Diện tích 81m2 Tầng cao view Sông Hồng. 0975 640 ***,Giá thỏa thuận,81 m²,N/A,2,2,"Đông Ngạc, Bắc Từ Liêm","21.08412948084204, 105.79166795211553"
41282190,06/03/2025,Bán căn 2 phòng ngủ N04A Ngoại Giao Đoàn,"5,44 tỷ",68 m²,80 tr/m²,2,2,"Xuân Tảo, Bắc Từ Liêm","21.066186904907227, 105.80116271972656"
37542134,06/03/2025,"Bán căn siêu hiếm 87m view hồ, tòa cao cấp full nội thất 2PN khu Ngoại Giao Đoàn giá 7.4 tỷ",7 tỷ,87 m²,"80,46 tr/m²",2,2,"Xuân Đỉnh, Bắc Từ Liêm","21.0658397674561, 105.798149108887"
42317880,06/03/2025,"Bán căn 02 PN CC Green Stars, full nội thất đẹp, giá nhỉnh 4 tỷ, đường Phạm Văn Đồng",Giá thỏa thuận,"66,8 m²",N/A,2,2,"Cổ Nhuế 1, Bắc Từ Liêm","21.05277143589973, 105.77983468791446"
42350599,06/03/2025,"Bán căn CC Tòa N01T4 Ngoại Giao Đoàn, DT 87m2, 2 PN, giá 9 tỷ có thương lượng",9 tỷ,87 m²,"103,45 tr/m²",2,2,"Xuân Tảo, Bắc Từ Liêm","21.06317613792871, 105.79466824247814"
42266479,06/03/2025,"Bán nhanh căn góc 117m2 - Hoa hậu tòa S3, view Sông Hồng, tầng đẹp view thoáng",Giá thỏa thuận,117 m²,N/A,3,2,"Đông Ngạc, Bắc Từ Liêm","21.08440340048815, 105.7914780612668"
42210727,06/03/2025,"Bán căn góc trục 05 tòa S1 dự án Sunshine City, 3 phòng ngủ nội thất cực kì đẹp","7,7 tỷ","97,2 m²","79,22 tr/m²",3,2,"Đông Ngạc, Bắc Từ Liêm","21.08425497129157, 105.79116666972693"
41934635,06/03/2025,"Bán căn góc trục 12 Sunshine City Ciputra. Diện tích 105m2 giá 7,2 tỷ. 0975 640 ***","7,2 tỷ",105 m²,"68,57 tr/m²",3,2,"Đông Ngạc, Bắc Từ Liêm","21.084368851387303, 105.79168200339622"
41913960,06/03/2025,"Bán căn 86m2 tòa S6 Sunshine City Ciputra, View ngoại khu sân Golf",7 tỷ,86 m²,"81,4 tr/m²",2,2,"Đông Ngạc, Bắc Từ Liêm","21.0842823736636, 105.791310574627"
37328884,06/03/2025,Quỹ căn chung cư chuyển nhượng bán cắt lỗ khu Ngoại Giao Đoàn DT 122m2 full nội thất giá chỉ từ 9tỷ,"8,54 tỷ",122 m²,70 tr/m²,3,2,"Xuân Tảo, Bắc Từ Liêm","21.065839767456055, 105.79814910888672"
42350483,06/03/2025,CĂN 2PN GREEN STARS -234 Phạm Văn Đồng gấp giá 4tỷ4,"4,4 tỷ",65 m²,"67,69 tr/m²",2,2,"Cổ Nhuế 1, Bắc Từ Liêm","21.0498629942915, 105.787037931842"
42344299,06/03/2025,"Căn hộ tập thể 2 tầng, nhà máy in quân đội, Cầu Diễn, ôtô đỗ cửa, ngõ thông, nhà hai mặt ngõ","2,85 tỷ",50 m²,57 tr/m²,1,2,"Phú Diễn, Bắc Từ Liêm","21.0420785276437, 105.760908777888"
41309962,06/03/2025,Bán căn góc hoa hậu chung cư Thái Hà - Bộ Công An 43 Phạm Văn Đồng,"4,3 tỷ",70 m²,"61,43 tr/m²",2,2,"Cổ Nhuế 2, Bắc Từ Liêm","21.055742263793945, 105.7772216796875"
42350490,06/03/2025,"BÁN 2PN 70M2 ĐẦY ĐỦ NT CC THÁI HÀ CONSTREXIM BCA, THÀNH PHỐ GIAO LƯU, ĐƯƠNG PHẠM VĂN ĐỒNG","4,3 tỷ",70 m²,"61,43 tr/m²",2,2,"Cổ Nhuế 2, Bắc Từ Liêm","21.05574801826119, 105.77627305381998"
37223793,06/03/2025,"Mở bán căn góc 61m2, căn 70m2, căn 74m2 chung cư 789 Xuân Đỉnh, Ngoại Giao Đoàn. LH: 0961 329 ***","5,1 tỷ",70 m²,"72,86 tr/m²",2,2,"Xuân Đỉnh, Bắc Từ Liêm","21.0680141448975, 105.797080993652"
37234279,06/03/2025,"Chỉ 4,7 - 5,1 tỷ sở hữu căn 2pn,2vs chung cư 789 Xuân Đỉnh, Ngoại Giao Đoàn. LH: 0966 539 ***","4,7 tỷ",61 m²,"77,05 tr/m²",2,2,"Xuân Đỉnh, Bắc Từ Liêm","21.0680141448975, 105.797080993652"
42350330,06/03/2025,"Hàng hiếm tại Ecohome 3, 3,25 tỷ, 60m2, 2PN, 2WC, Bắc Từ Liêm, Hà Nội","3,25 tỷ",60 m²,"54,17 tr/m²",2,2,"Đông Ngạc, Bắc Từ Liêm","21.086034488496637, 105.78582610924063"
41918268,06/03/2025,Em Tâm cư dân có quỹ căn giá tốt nhất Goldmark City. Làm việc chính chủ. Không thu chênh,"4,6 tỷ",78 m²,"58,97 tr/m²",2,2,"Phú Diễn, Bắc Từ Liêm","21.044310629689342, 105.7675570003305"
40245510,06/03/2025,"Chính chủ gửi bán căn hộ chung cư DT 103m2, 132m2 KĐT Ngoại Giao Đoàn",9 tỷ,132 m²,"68,18 tr/m²",3,3,"Xuân Đỉnh, Bắc Từ Liêm","21.065663800357097, 105.79860741345588"
37554072,06/03/2025,Hàng hiếm!!! 109m2 full nội thất xịn 3 ngủ view Hồ Tây tầng đẹp Khu Ngoại Giao Đoàn chỉ 8.8 tỷ,"8,8 tỷ",109 m²,"80,73 tr/m²",3,2,"Xuân Đỉnh, Bắc Từ Liêm","21.0658798217773, 105.801383972168"
42345549,06/03/2025,CẦN BÁN CĂN HỘ IA20 KĐT CIPUTRA,"5,8 tỷ",92 m²,"63,04 tr/m²",3,2,"Đông Ngạc, Bắc Từ Liêm","21.092520778155322, 105.78543677548925"
40318765,06/03/2025,"Bán căn hộ 2PN/3PN An Bình City diện tích 75m2, 83m2, 86m2, 90m2, 114m2 giá từ 5tỷ1 bao phí",Giá thỏa thuận,75 m²,N/A,2,2,"Cổ Nhuế 1, Bắc Từ Liêm","21.049566, 105.778595"
41055677,06/03/2025,Bán căn hộ 3PN - 2WC nội thất cao cấp diện tích 132m2 tòa N01T1 Lạc Hồng Ngoại Giao Đoàn,Giá thỏa thuận,132 m²,N/A,3,2,"Xuân Đỉnh, Bắc Từ Liêm","21.0752045330936, 105.789543664859"
40318260,06/03/2025,Bán căn hộ 2PN-2WC chung cư Green Stars 234 Phạm Văn Đồng diện tích 60m2-68m2 giá từ hơn 4tỷ,Giá thỏa thuận,66 m²,N/A,2,2,"Cổ Nhuế 1, Bắc Từ Liêm","21.0523986816406, 105.780181884766"
39247072,06/03/2025,"Bán căn hộ 2PN/3PN 84m2/102m2/118m2 Full nội thất tại chung cư Kosmo , view hồ tây","6,9 tỷ",77 m²,"89,61 tr/m²",2,2,"Xuân Tảo, Bắc Từ Liêm","21.0685367584229, 105.802764892578"
42349128,06/03/2025,Tôi cần bán gấp căn hộ KĐT Resco Cổ Nhuế - 88m2 (3PN) và 123m2 (3PN) - sổ lâu dài - giá rẻ,"5,2 tỷ",88 m²,"59,09 tr/m²",3,2,"Cổ Nhuế 2, Bắc Từ Liêm","21.0584760024407, 105.783065017176"
42302221,06/03/2025,"Chính chủ gửi bán CC Ecohome 3, 68m2( 2pn 2vs) , 3,7x tỷ, Tân Xuân, Bắc Từ Liêm, Hà Nội bao đẹp .","3,77 tỷ",68 m²,"55,44 tr/m²",2,2,"Đông Ngạc, Bắc Từ Liêm","21.085905907586568, 105.78655208251821"
42004234,06/03/2025,"Hot! Bán CC Ecohome 3, DT 47m2 (2PN 1WC) (thông thuỷ), đầy đủ nội thất Giá chỉ có 2,8x tỷ","2,8 tỷ",47 m²,"59,57 tr/m²",2,1,"Đông Ngạc, Bắc Từ Liêm","21.086959341222997, 105.78568569843694"
41981090,06/03/2025,Tổng hợp quỹ căn mới nhất tại Starlake Tháng 1/2025 căn góc 2PN đẹp giá 12 tỷ/căn full đồ,"12,8 tỷ",101 m²,"126,73 tr/m²",2,2,"Cổ Nhuế 1, Bắc Từ Liêm","21.052964138004043, 105.79140511774675"
42349842,06/03/2025,"0937 085 *** tôi cần bán chung cư TP Giao Lưu Phạm Văn Đồng DT 76m2, 2PN, nhà thoáng đẹp, sẵn sổ đỏ","4,26 tỷ",76 m²,"56,05 tr/m²",2,2,"Cổ Nhuế 1, Bắc Từ Liêm","21.062707909840043, 105.78430666360049"
42022059,06/03/2025,"An Bình City 114m2, 3PN 2WC,nội thất đầy đủ tầng trung 20 view thoáng giá 7,9 tỉ LH 0961 899 ***","7,9 tỷ",114 m²,"69,3 tr/m²",3,2,"Cổ Nhuế 1, Bắc Từ Liêm","21.049315986409436, 105.77861776554808"
40412358,06/03/2025,"Chính chủ chuyển công tác cần bán căn hộ cao cấp 102m2, 3PN toà Han Jadin N01T6-7 Ngoại Giao Đoàn",Giá thỏa thuận,102 m²,N/A,3,2,"Xuân Tảo, Bắc Từ Liêm","21.06304931640625, 105.79730987548828"
41266383,06/03/2025,"Bán căn hộ đẹp nhất dự án Green Stars 2 phòng ngủ, liên hệ: 0358 589 ***",4 tỷ,"66,8 m²","59,88 tr/m²",2,2,"Cổ Nhuế 1, Bắc Từ Liêm","21.0523986816406, 105.780181884766"
42349574,06/03/2025,Bán 4 ngủ GIÁ THẤP NHẤT TÒA DIAMOND GOLDMARK CITY,"8,6 tỷ",147 m²,"58,5 tr/m²",4,2,"Phú Diễn, Bắc Từ Liêm","21.04433165354392, 105.7670833739678"
41866845,06/03/2025,"Hàng hiếm! Giá cực rẻ! Chính chủ cần bán nhanh căn 70m2, 2PN tòa Ecohome giá 3,3 tỷ. LH 0968 989 ***","3,3 tỷ",63 m²,"52,38 tr/m²",2,2,"Đông Ngạc, Bắc Từ Liêm","21.085867671846103, 105.78577364478966"
42305251,06/03/2025,"Cần bán căn hộ 70m2 02PN, 02VS đầy đủ NT CC CSBCA Thái Hà Constrexim giá rẻ nhất thị trường","4,2 tỷ",70 m²,60 tr/m²,2,2,"Cổ Nhuế 2, Bắc Từ Liêm","21.05636422121328, 105.77697766320902"
41507441,06/03/2025,"Bán gấp căn 2 ngủ 70m2 tầng đẹp, ban công Nam-giá tốt nhất dự án chung cư Thái Hà-43 Phạm Văn Đồng","4,3 tỷ",70 m²,"61,43 tr/m²",2,2,"Cổ Nhuế 2, Bắc Từ Liêm","21.0597222680865, 105.782961407619"
40739562,06/03/2025,Giá thật không ảo ! Bán căn 2PN giá nhỉnh 4 tỷ chung cư Thái Hà - 43 Phạm Văn Đồng. LH: 0396 823 ***,"4,35 tỷ",70 m²,"62,14 tr/m²",2,2,"Cổ Nhuế 2, Bắc Từ Liêm","21.0557422637939, 105.777221679688"
37454292,06/03/2025,Bán gấp CH 02PN tòa N04A khu Ngoại Giao Đoàn - LH 0924 691 ***,"5,78 tỷ",68 m²,85 tr/m²,2,2,"Xuân Tảo, Bắc Từ Liêm","21.0661869049072, 105.801162719727"
41027318,06/03/2025,CHÍNH CHỦ GỬI BÁN CĂN GÓC 3PN TÒA N01T4 (TASECO ) TẦNG ĐẸP VEW HỒ FULL NỘI THẤT GIÁ NHỈNH 9 TỶ,10 tỷ,"101,5 m²","98,51 tr/m²",3,2,"Xuân Tảo, Bắc Từ Liêm","21.0630359649658, 105.795417785645"
42105454,06/03/2025,Em bán căn Góc 3 ngủ 129m2 tầng trung Full nội thất giá tốt tại Goldmark City,Giá thỏa thuận,129 m²,N/A,3,2,"Phú Diễn, Bắc Từ Liêm","21.043904819470605, 105.76763502195017"
37756195,06/03/2025,"Bán gấp căn góc 96m2, 3PN thuộc chung cư Khu Ngoại Giao Đoàn full nội thất xịn giá 7.1 tỷ","7,1 tỷ",96 m²,"73,96 tr/m²",3,2,"Xuân Đỉnh, Bắc Từ Liêm","21.065839767456055, 105.79814910888672"
42333614,06/03/2025,"Bán gấp căn hộ 134m2, 3PN, căn góc đẹp nhất tòa N03T6 Ngoại Giao Đoàn","12,73 tỷ",134 m²,95 tr/m²,3,3,"Xuân Tảo, Bắc Từ Liêm","21.065384847704134, 105.79703107120014"
42282271,06/03/2025,"Bán căn góc 3 ngủ tầng cao phòng khách view sông Sunshine City Ciputra, sẵn sổ sang tên","7,7 tỷ","97,3 m²","79,14 tr/m²",3,2,"Đông Ngạc, Bắc Từ Liêm","21.0851653730804, 105.79163526437"
41061853,06/03/2025,"Cần bán căn ""SIÊU HÓT"" chung cư Thái Hà tòa HH, DT: 74m2, 2PN nội thất cơ bản, BC Bắc, giá 5,290 tỷ","5,29 tỷ",74 m²,"71,49 tr/m²",2,2,"Cổ Nhuế 2, Bắc Từ Liêm","21.0557422637939, 105.777221679688"
42348617,06/03/2025,Vợ chồng mình bán gấp căn hộ chung cư Green Stars - KĐT Thành Phố Giao Lưu - giá 4 tỷ 5 - Sổ đỏ.,"4,5 tỷ",60 m²,75 tr/m²,2,2,"Cổ Nhuế 1, Bắc Từ Liêm","21.052400665944013, 105.77968900589235"
42241110,06/03/2025,"Bán căn chung cư của Bộ Tổng Tham Mưu Tây Tựu. Sau đại học Công Nghiệp 2PN 1PK 2WC, giá 2,45 tỷ","2,45 tỷ",65 m²,"37,69 tr/m²",2,2,"Tây Tựu, Bắc Từ Liêm","21.045116645698066, 105.75224648181285"
37351285,06/03/2025,"Bán gấp căn CC 70m2,2PN full nội thất tòa 789 CT1 ngay Khu Ngoại Giao Đoàn giá 4.8 tỷ sang tên luôn","4,8 tỷ",70 m²,"68,57 tr/m²",2,2,"Xuân Đỉnh, Bắc Từ Liêm","21.0680141448975, 105.797080993652"
42306085,06/03/2025,Bán chung cư (Bộ Tổng Tham Mưu) Tây Tựu gần đường 70m. T7/9T. Gồm 2PN 1PK 2WC,"2,45 tỷ",65 m²,"37,69 tr/m²",2,2,"Tây Tựu, Bắc Từ Liêm","21.045477109198103, 105.751494641363"
39668261,06/03/2025,Phan Hằng Group độc quyền danh sách căn hộ chuyển nhượng Goldmark City loại 2-3 & 4 PN giá cực tốt,"5,2 tỷ",93 m²,"55,91 tr/m²",2,2,·,"21.0442333221436, 105.767318725586"
42277511,02/03/2025,"Bán căn góc Sunshine City đẹp nhất dự án view sông Hồng & Sân golf Ciputra, sổ hồng giao dịch ngay","9,3 tỷ","104,5 m²",89 tr/m²,3,2,·,"21.08409525374058, 105.79156155241616"
40151117,01/03/2025,Quỹ căn hộ chuyển nhượng 1PN + 2PN + 3PN + duplex giá tốt nhất tháng 03/2025 Sunshine City Ciputra,7 tỷ,99 m²,"70,71 tr/m²",3,2,·,"21.084782101466125, 105.79155619505363"
42301266,01/03/2025,Quỹ căn mua bán chuyển nhượng tại Sunshine City Ciputra giá tốt nhất (T3/2025)-Mr. Hoàng 0812 395 ***,"5,8 tỷ",83 m²,"69,88 tr/m²",3,2,·,"21.0835000398378, 105.791444431507"
42300475,28/02/2025,Quỹ căn hộ giá rẻ độc quyền Sunshine City Ciputra - em Cường 0976 044 ***,"5,75 tỷ","80,5 m²","71,43 tr/m²",2,N/A,·,"21.084281637901434, 105.79186925971452"
42287329,27/02/2025,Kim Land Group cư dân Diamond GM độc quyền quỹ 2-3-4 ngủ. Cắt lỗ 300 - 500 triệu. Hỗ trợ vay 80%,6 tỷ,114 m²,"52,63 tr/m²",3,2,·,"21.0450596683942, 105.767237541326"
40907957,06/03/2025,E Chính cư dân GMC bán full quỹ căn chuyển nhượng 2 3 và 4PN tại đây Giá từ 48 tr/m2 hỗ trợ vay 80%,"6,3 tỷ",130 m²,"48,46 tr/m²",3,4,"Phú Diễn, Bắc Từ Liêm","21.04485535970542, 105.7677264064039"
42349176,06/03/2025,Gia đình chuyển công tác cần bán đi căn hộ 4pn 147m2 ban công đông nam tòa DIAMOND Goldmark City,"8,4 tỷ",147 m²,"57,14 tr/m²",4,2,"Phú Diễn, Bắc Từ Liêm","21.044362058505968, 105.76758768611091"
40404982,06/03/2025,"Bán gấp luôn chung cư Goldmark từ 83m2, 99m2, 115m2, 160m2 giá rẻ cần bán gấp LH 0839 185 ***","5,6 tỷ",115 m²,"48,7 tr/m²",3,2,"Phú Diễn, Bắc Từ Liêm","21.0442333221436, 105.767318725586"
41106931,06/03/2025,"Em Tiến chuyên hỗ trợ chuyển nhượng tại Goldmark City quỹ căn 2,3 và 4PN cập nhật liên tục","6,5 tỷ",104 m²,"62,5 tr/m²",3,2,"Phú Diễn, Bắc Từ Liêm","21.0442333221436, 105.767318725586"
42245542,06/03/2025,Em Oanh cư dân Goldmark tập hợp full quỹ căn 2 ngủ - 3 ngủ - 4 ngủ giá từ 50 tr/m2. LH 0937 941 ***,"5,6 tỷ",110 m²,"50,91 tr/m²",3,2,"Phú Diễn, Bắc Từ Liêm","21.04389865714601, 105.76724276653887"
39667628,05/03/2025,Phan Hằng Group tổng hợp danh sách 30 căn hộ An Bình City Loại 2 & 3 PN chuyển nhượng giá cực tốt,"5,7 tỷ",90 m²,"63,33 tr/m²",3,2,"Cổ Nhuế 1, Bắc Từ Liêm","21.0495662689209, 105.778594970703"
39223048,05/03/2025,"Cần bán CH DT từ 74m2, 83m2, 92m2, 115m2 tại chung cư An Bình căn 2PN và 3PN giá rẻ, view hồ đẹp","5,6 tỷ",92 m²,"60,87 tr/m²",3,2,"Cổ Nhuế 1, Bắc Từ Liêm","21.0497327000898, 105.77791042203"
38770890,05/03/2025,"Độc quyền quỹ căn hộ 2-3PN An Bình City cần bán gấp, cắt lỗ sâu, cập nhật hàng ngày LH: 0399 028 ***","5,9 tỷ",90 m²,"65,56 tr/m²",3,2,"Cổ Nhuế 1, Bắc Từ Liêm","21.049566, 105.778595"
40057625,04/03/2025,Chuyên bán căn hộ cao cấp tháp đôi Hanjadinn(NO1-T6 & T7) Ngoại Giao Đoàn - Giá tốt nhất thị trường,Giá thỏa thuận,"101,2 m²",N/A,3,N/A,"Xuân Tảo, Bắc Từ Liêm","21.0630493164063, 105.797309875488"
41979496,03/03/2025,"Tôi cần bán 2 căn hộ Goldmark City, căn góc 2PN 4 tỷ 800tr và căn góc 3PN 5 tỷ 700tr, có sổ Đỏ","4,8 tỷ",83 m²,"57,83 tr/m²",2,2,"Phú Diễn, Bắc Từ Liêm","21.04444250166772, 105.7666460245031"
41393239,03/03/2025,Cập nhật đầy đủ quỹ căn chuyển nhượng 2 - 3 - 4 PN tháng 3.2025 Ngoại Giao Đoàn giá tốt nhất,"7,5 tỷ",105 m²,"71,43 tr/m²",3,2,"Xuân Đỉnh, Bắc Từ Liêm","21.0656559500524, 105.798566366722"
42130533,03/03/2025,Quỹ căn chuyển nhượng Sunshine City Ciputra giá tốt tháng 2/2025. LH 0985 525 ***,"6,5 tỷ",98 m²,"66,33 tr/m²",3,2,"Đông Ngạc, Bắc Từ Liêm","21.08447301473665, 105.79180147570536"
42177928,02/03/2025,Phan Hằng Group tổng hợp 35 căn hộ Green Stars loại 2 & 3 ngủ giá chuyển nhượng tốt nhất thị trường,"6,3 tỷ",102 m²,"61,76 tr/m²",3,N/A,"Cổ Nhuế 1, Bắc Từ Liêm","21.0522223649615, 105.780492637455"
42302480,01/03/2025,"Bán quỹ căn bán 2PN 3PN tòa An Bình City, Cổ Nhuế sẵn sổ đỏ, full đồ bao giá cực tốt LH 0906 241 ***","7,9 tỷ",112 m²,"70,54 tr/m²",3,2,"Cổ Nhuế 1, Bắc Từ Liêm","21.0495499295189, 105.778688688363"
41491138,07/03/2025,Bán căn penthouse duy nhất tại CT2A Nghĩa Đô. 5 ngủ 245m2 giá 15.8tỷ. LH 0388 428 ***,"15,8 tỷ",245 m²,"64,49 tr/m²",5,4,"Cổ Nhuế 1, Bắc Từ Liêm","21.051164627075195, 105.79280090332031"
42243520,07/03/2025,Chính chủ bán CHCC Ngoại Giao Đoàn 3 ngủ 2VS 105m2 giá 9.5 tỷ LH 0388 428 ***,"9,5 tỷ",105 m²,"90,48 tr/m²",3,2,"Xuân Đỉnh, Bắc Từ Liêm","21.066348632313534, 105.79792268786517"
42278669,07/03/2025,Chính chủ bán CHCC Ngoại Giao Đoàn 3PN 105m2 full nội thất cao cấp giá 9.5 tỷ. LH 0388 428 ***,"9,5 tỷ",105 m²,"90,48 tr/m²",3,2,"Xuân Đỉnh, Bắc Từ Liêm","21.066363073627468, 105.79888418366029"
