Id,Date Posted,Product Title,Price,Area,Price per m²,Bedrooms,Toilets,Location,Coordinates
42338132,05/03/2025,"Iconic LB đã có sổ 2PN 74m2 80m2 từ 5.850 & 80m2 từ 6. X tỷ, duplex 169m2 từ 13.5tỷ nhận nhà ở ngay","13,5 tỷ",169 m²,"79,88 tr/m²",3,4,·,"21.0406817765538, 105.89605482277388"
42262144,27/02/2025,"Cư dân Sunshine Green Iconic bán CH (1ngủ: 4tỷ, 2 ngủ: 6tỷ, 3ngủ: 8 tỷ, duplex: 13tỷ) 0981 757 ***","5,5 tỷ",74 m²,"74,32 tr/m²",2,2,·,"21.040900588957857, 105.8968350782629"
42274606,04/03/2025,"Bán căn hộ chung cư học viện Hậu Cần, Ngọc Thụy, Long Biên, Hà Nội","3,25 tỷ",72 m²,"45,14 tr/m²",2,2,"Ngọc Thụy, Long Biên","21.0500192907022, 105.866762134029"
42329918,04/03/2025,"Chính chủ cần bán căn hộ 73m2 toà C tầng 6 CC Eco City Việt Hưng, full nội thất cách Hồ Gươm 6,5km",4 tỷ,73 m²,"54,8 tr/m²",2,2,"Giang Biên, Long Biên","21.0578153177369, 105.913609985707"
42250332,03/03/2025,Cực rẻ - căn sân vườn 120m2(3PN + 3vs) - đẹp nhất Khai Sơn City - giá chỉ 54.9 triệu/m2,"6,59 tỷ",120 m²,"54,9 tr/m²",3,3,"Ngọc Thụy, Long Biên","21.05230381582268, 105.88457737563667"
42318571,03/03/2025,"Quỹ căn hộ, duplex, sky villa giá rẻ độc quyền sunshine green iconic long biên - E Cường 0976 044 ***","5,5 tỷ",74 m²,"74,32 tr/m²",2,N/A,"Phúc Đồng, Long Biên","21.0405763048813, 105.896531293145"
42164654,02/03/2025,Quỹ căn chuyển nhượng cắt lỗ giá rẻ nhất thị trường tại Sunshine Green Iconic - Em Long 0355 863 ***,"5,4 tỷ",80 m²,"67,5 tr/m²",2,N/A,"Phúc Đồng, Long Biên","21.0403630930654, 105.895956964573"
42308391,02/03/2025,Cần tiền bán gấp trong tuần căn 2PN 74m2 tòa GH3 KĐT Việt Hưng - Long Biên ĐN tầng trung thoáng đẹp,"3,35 tỷ",74 m²,"45,27 tr/m²",2,2,"Đức Giang, Long Biên","21.070209256839224, 105.90681211932284"
42121125,01/03/2025,"Bán căn hộ Valencia Garden, 4,03 tỷ, 80m2, 3PN, 2WC giá cực chất tại Đức Giang, Long Biên, Hà Nội","4,03 tỷ",80 m²,"50,38 tr/m²",3,2,"Đức Giang, Long Biên","21.0552396678737, 105.911193535567"
42170779,01/03/2025,Quỹ căn giá tốt nhất Khai Sơn City - chiết khấu 10.5% - lãi suất 0% trong 18 tháng - quà tặng 80tr,"6,5 tỷ",120 m²,"54,17 tr/m²",3,3,"Ngọc Thụy, Long Biên","21.052315282879, 105.88523049881"
42123493,25/02/2025,Bán căn hộ Dulex 170m2 Sunshine Green Iconic,"12,8 tỷ",170 m²,"75,29 tr/m²",3,4,"Phúc Đồng, Long Biên","21.0407019400688, 105.896838176626"
41905713,21/02/2025,Mua bán chuyển nhượng Sunshine Green Iconic - Mr. Anh Linh 0825 326 ***,"5,56 tỷ",80 m²,"69,5 tr/m²",2,2,"Phúc Đồng, Long Biên","21.040641091280563, 105.89690305561972"
42355886,06/03/2025,QUỸ CĂN BÁN GIÁ TỐT THÁNG 3/ 2025 TẠI LE GRAND JARDIN LONG BIÊN. LH: 0948 247 ***,"4,8 tỷ",85 m²,"56,47 tr/m²",3,2,"Sài Đồng, Long Biên","21.035370521103705, 105.90643955702481"
42349476,06/03/2025,"HÓt hót! Căn góc hoa hậu 65m2 2PN tòa B Valencia tầng trung, view thoáng giá bán nhanh chỉ 3.05 tỷ","3,05 tỷ",65 m²,"46,92 tr/m²",2,N/A,"Đức Giang, Long Biên","21.05610633426813, 105.91184382010809"
42348950,06/03/2025,"Bán căn góc 78m2 - 2PN - 2WC khu đô thị Việt Hưng, BC Đông Nam, view vườn hoa, SĐCC giá 2.8 tỷ","2,8 tỷ",78 m²,"35,9 tr/m²",2,1,"Đức Giang, Long Biên","21.062355689571334, 105.90840690171534"
40193314,05/03/2025,"Bán gấp 5 căn 2PN Vinhomes Symphony, sổ đỏ, view đẹp, giá tốt - cơ hội đầu tư sinh lời cao","5,2 tỷ","66,6 m²","78,08 tr/m²",2,2,"Việt Hưng, Long Biên","21.0461521148682, 105.915649414063"
42345487,05/03/2025,"Căn hộ 113m2 Berriver 3pn 2vs 1kho bán full đồ gỗ, đã có sổ","8,1 tỷ",113 m²,"71,68 tr/m²",3,2,"Bồ Đề, Long Biên","21.0439585972312, 105.877403060799"
41979909,05/03/2025,"Chủ nhà thiện chí cần bán căn 3PN góc, trục đẹp nhất Khai Sơn City: 97m, hg ĐN, view hồ, 6.7x","6,75 tỷ",97 m²,"69,59 tr/m²",3,2,"Ngọc Thụy, Long Biên","21.0523929199502, 105.884099872993"
39959331,05/03/2025,Duplex 169m2 3n4wc nhận nhà ở ngay đủ khoảng tầng giá từ 13.5-16tỷ full nội thất cao cấp + tiện ích,"13,5 tỷ",169 m²,"79,88 tr/m²",3,4,"Phúc Đồng, Long Biên","21.0407333374023, 105.896560668945"
42105114,05/03/2025,Rẻ nhất Khai Sơn - căn 77.5m2(2PN + 2vs) - giá 4.9x tỷ bao phí - bc đông nam,"4,9 tỷ","77,5 m²","63,23 tr/m²",2,2,"Ngọc Thụy, Long Biên","21.0526728033856, 105.885422960173"
42145796,04/03/2025,"Giá siêu hời chỉ với 2,99 tỷ bán CC Valencia Garden, Đức Giang, Long Biên, 62,2m2, nội thất cơ bản",3 tỷ,"62,2 m²","48,22 tr/m²",2,2,"Đức Giang, Long Biên","21.056211409014075, 105.91158061690925"
42330612,04/03/2025,Chính chủ bán căn hộ 77m2 tại Le Grand Jardin Long Biên 4.7 tỷ (Bao thuế phí),"4,7 tỷ",77 m²,"61,04 tr/m²",2,2,"Sài Đồng, Long Biên","21.0359903303785, 105.906255647103"
42272022,04/03/2025,"Bán CC hàng hiếm tại Nguyễn Lam, 4,8 tỷ, 80m2, 2PN, Long Biên, Hà Nội","4,8 tỷ",80 m²,60 tr/m²,2,2,"Phúc Đồng, Long Biên","21.04456540181521, 105.9004077933056"
42326287,04/03/2025,"Hiếm! Bán căn 100m2 Bình Minh Garden 5,8 tỷ (Bao full phí). Hướng mát, view cực đẹp và tầng trung","5,8 tỷ",100 m²,58 tr/m²,3,2,"Đức Giang, Long Biên","21.0691454686014, 105.888566726164"
41455512,04/03/2025,Quỹ căn chuyển nhượng ban quản lý tòa nhà cập nhật tháng 3/2025 tại Le Grand Jardin,"4,5 tỷ",77 m²,"58,44 tr/m²",3,2,"Phúc Đồng, Long Biên","21.0359783172607, 105.906295776367"
42103312,04/03/2025,Căn 3PN góc 80m2 Valencia Việt Hưng - Mua trực tiếp CĐT sẵn sổ sang tên ko qua trung gian,"4,1 tỷ",80 m²,"51,25 tr/m²",3,2,"Đức Giang, Long Biên","21.056328330395488, 105.91224793868201"
42265984,03/03/2025,"Sở hữu căn góc 3 ngủ full nội thất, tầng cao, đã có sổ, trung tâm KĐT Việt Hưng, LB chỉ nhỉnh 4 tỷ",4 tỷ,80 m²,50 tr/m²,3,2,"Đức Giang, Long Biên","21.056198231399637, 105.91116839611146"
41972675,03/03/2025,Tổng hợp các căn hộ 2PN-3PN Jardin - Sài Đồng. Nội thất đầy đủ sổ hồng sẵn tay. Liên hệ: 0947 065 ***,"5,8 tỷ",97 m²,"59,79 tr/m²",3,2,"Sài Đồng, Long Biên","21.0362874067739, 105.906578081942"
42190366,02/03/2025,"Quỹ căn 2PN - 3PN giá tốt nhất dự án Bình Minh Garden - sẵn về ở, có hỗ trợ vay nh - sổ đỏ lâu dài","5,5 tỷ",100 m²,55 tr/m²,3,2,"Đức Giang, Long Biên","21.0690373277328, 105.88816530627"
40174467,02/03/2025,"Chính chủ cần tiền bán nhanh căn 77,5m2 tại Khai Sơn 4.9xx tỷ BP LH nhanh 0342 712 ***","4,97 tỷ","77,5 m²","64,13 tr/m²",2,2,"Ngọc Thụy, Long Biên","21.0521902141787, 105.884963331007"
42310217,02/03/2025,"Bán căn 3PN full đồ giá rẻ, rất đẹp","5,15 tỷ",92 m²,"55,98 tr/m²",3,2,"Đức Giang, Long Biên","21.06886396828781, 105.88879450716482"
42296750,28/02/2025,Căn hộ chung cư đẹp xinh 2 ngủ view công viên 2 ban công ở sướng,"2,92 tỷ",78 m²,"37,44 tr/m²",2,1,"Đức Giang, Long Biên","21.0621070345356, 105.909041133997"
42295533,28/02/2025,"Bán gấp căn hộ 3PN, tầng trung, căn góc tại chung cư Valencia Garden, KĐT Việt Hưng, Long Biên",5 tỷ,"79,1 m²","63,21 tr/m²",3,2,"Đức Giang, Long Biên","21.055901923613824, 105.91171680314633"
42294989,28/02/2025,Chính chủ bán nhanh căn góc 3PN 79m2 tầng trung chung cư Valencia Garden của Vinhome. LH 0962 035 ***,Giá thỏa thuận,79 m²,N/A,3,2,"Đức Giang, Long Biên","21.055688394979263, 105.91130679428277"
42291654,28/02/2025,Chính chủ bán căn 2 ngủ - Tòa K5 - Khai Sơn Long Biên - Tháng 8/2025 nhận bàn giao nhà,"5,45 tỷ","77,7 m²","70,14 tr/m²",2,2,"Ngọc Thụy, Long Biên","21.052742582224155, 105.88405462802143"
42275833,26/02/2025,Cập nhật quỹ căn hộ giá tốt nhất tại Le Grand Jardin Sài Đồng,"5,5 tỷ",85 m²,"64,71 tr/m²",3,2,"Sài Đồng, Long Biên","21.03624966803046, 105.9069434130915"
42171550,25/02/2025,"Bán chung cư Long Biên 3N 79m2, giá chỉ nhỉnh 50tr/m2; sổ hồng lâu dài; nhận nhà ngay 0906 061 ***","4,15 tỷ",79 m²,"52,53 tr/m²",3,N/A,"Đức Giang, Long Biên","21.055940319043756, 105.91165835060772"
42096432,06/03/2025,"Bán căn hộ 2PN BC ĐN view trọn Vinhomes Riverside dự án Valencia Garden, KĐT Việt Hưng 0948 247 ***","3,07 tỷ","60,95 m²","50,37 tr/m²",2,2,"Đức Giang, Long Biên","21.05540107409083, 105.9119679957339"
42355651,06/03/2025,"Mình chính chủ bán căn hộ tầng 14 tòa K6A, giá chỉ 5.5 tỷ LH: 0848 220 ***","5,5 tỷ","77,51 m²","70,96 tr/m²",2,2,"Ngọc Thụy, Long Biên","21.05241533321696, 105.88396979492317"
42096441,06/03/2025,"CĐT bán 2PN BC ĐN view Vinhomes Riverside dự án Valencia Garden, KĐT Việt Hưng 0948 247 ***","3,07 tỷ","60,95 m²","50,37 tr/m²",2,1,"Đức Giang, Long Biên","21.056289007304365, 105.91107021459639"
42042907,06/03/2025,"Bán căn hộ chung cư CT20B, 2ngủ. 2Wc Việt Hưng, đường Nguyễn Văn Linh, Long Biên, Hà Nội, 3,54 tỷ","3,54 tỷ",76 m²,"46,58 tr/m²",2,2,"Đức Giang, Long Biên","21.0626697789099, 105.908416958181"
42178134,06/03/2025,"Bán căn hộ chung cư 2PN, 2WC tại Eco City Việt Hưng, 4,99 tỷ, 78m2","4,99 tỷ",78 m²,"63,97 tr/m²",2,2,"Giang Biên, Long Biên","21.0571490431357, 105.913508758565"
42355272,06/03/2025,"Bán Căn Hộ Chung Cư Homeland DT:92,5m2 .Căn Góc , Vị trí Đẹp . Giá 5.5 Tỷ","5,5 tỷ","92,5 m²","59,46 tr/m²",3,2,"Thượng Thanh, Long Biên","21.0661911415367, 105.888384573577"
42355316,06/03/2025,"Chung cư có thang máy, KĐT Sài Đồng Long Biên- DT 67m2- Giá 3 tỷ.",3 tỷ,67 m²,"44,78 tr/m²",2,N/A,"Sài Đồng, Long Biên","21.035369319282704, 105.91298605310803"
42355169,06/03/2025,Bán gấp CC Homland 65m2 2PN giá 3.8 tỷ,"3,8 tỷ",66 m²,"57,58 tr/m²",2,2,"Thượng Thanh, Long Biên","21.056903024872756, 105.88437998904573"
38816270,06/03/2025,"Suất ngoại giao penhouse thông tầng 181m2, gần ngay Phố Cổ, view sông Hồng cực chill. LH 0988 020 ***",13 tỷ,"181,26 m²","71,72 tr/m²",4,4,"Ngọc Thụy, Long Biên","21.0522689819336, 105.884811401367"
42355119,06/03/2025,"Chung cư Sài Đồng, diện tích 85m2, 3 ngủ, 2 vệ sinh. Nội thất như hình. Chỉ hơn 4tỷ.","4,58 tỷ",85 m²,"53,88 tr/m²",N/A,N/A,"Sài Đồng, Long Biên","21.035263628375326, 105.91251683673045"
41721799,06/03/2025,"Chính chủ cần bán căn chung cư Grand Jardin Sài Đồng, Long Biên, 3PN, căn góc",6 tỷ,97 m²,"61,86 tr/m²",3,2,"Sài Đồng, Long Biên","21.035978317260742, 105.90629577636719"
42235620,06/03/2025,Bán căn 2PN 74m2 Sunshine Green Iconic - trung tâm quận Long Biên giá chỉ 5 ty 6 - LH e 0812 395 ***,"5,6 tỷ",74 m²,"75,68 tr/m²",2,2,"Phúc Đồng, Long Biên","21.0407449243445, 105.896603239856"
41922514,06/03/2025,"Bán nhanh căn hộ chung cư 2tầng 140m2 Ngọc Lâm Long Biên - giá 5,2tỷ","5,2 tỷ",140 m²,"37,14 tr/m²",3,2,"Ngọc Lâm, Long Biên","21.0468252815339, 105.871597271174"
42234412,06/03/2025,Bán studio 28m2 có ban công dài thoáng tại Sunshine Green Iconic trung tâm Long Biên giá chỉ 2ty58,"2,58 tỷ",28 m²,"92,14 tr/m²",1,1,"Phúc Đồng, Long Biên","21.0410418402625, 105.896582522921"
41543496,06/03/2025,"Cực hiếm chung cư Việt Hưng 76m2 2PN, 2WC tầng cao thoáng mát giá 3,29 tỷ","3,3 tỷ",76 m²,"43,41 tr/m²",2,2,"Đức Giang, Long Biên","21.0626907348633, 105.908332824707"
40990361,06/03/2025,"CHCC Valencia Việt Hưng 87m2, 3PN/2WC nhà đẹp thoáng mát full nội thất giá 4,286 tỷ","4,29 tỷ",87 m²,"49,26 tr/m²",3,2,"Đức Giang, Long Biên","21.055845260620117, 105.91175079345703"
42096233,06/03/2025,"Bán căn hộ chung cư Ruby City 3 Phúc Lợi, Long Biên","2,37 tỷ",51 m²,"46,47 tr/m²",2,2,"Giang Biên, Long Biên","21.0363127815224, 105.933825307331"
42107237,06/03/2025,"Bán CC 2PN, 2WC, 54,6m2 tại Ruby City CT3, Phúc Lợi, Long Biên, 2,4 tỷ VND","2,4 tỷ",54 m²,"44,44 tr/m²",N/A,N/A,"Giang Biên, Long Biên","21.036093357076428, 105.93278929406414"
42035704,06/03/2025,"Eco City 2PN 78m2 siêu đẹp, tầng cao, view thoáng, full đồ mới cứng, giá 4,1 tỷ bao phí sang sổ","4,1 tỷ",78 m²,"52,56 tr/m²",2,2,"Giang Biên, Long Biên","21.057773071530757, 105.91301085731348"
41661215,06/03/2025,"Bán căn 3PN góc tầng 8, Hà Nội Homeland, hướng BC Tây Bắc, view Khai Sơn, full đồ, giá 5 tỷ bao phí",5 tỷ,92 m²,"54,35 tr/m²",3,2,"Thượng Thanh, Long Biên","21.0576000213623, 105.88459777832"
42196398,06/03/2025,Cần bán gấp căn 89.53m2 chung cư Khai Sơn City trong tháng2 giá tốt nhất thị trường6.1tỷ 0377 281 ***,"6,1 tỷ","89,53 m²","68,13 tr/m²",3,2,"Thượng Thanh, Long Biên","21.0520558274793, 105.885000393643"
39493046,06/03/2025,"Bán căn 2PN 77m2 toa L2 tầng đẹp, full đồ, hướng đô ng nam view bể bơi. Giá 4.7 tỷ","4,7 tỷ",77 m²,"61,04 tr/m²",2,2,"Sài Đồng, Long Biên","21.0359783172607, 105.906295776367"
42321676,06/03/2025,"Bán căn hộ 3 phòng ngủ góc 113m2 toà Berriver N04 giá nhỉnh 8 tỷ, full đồ cả điện tử mới tinh","8,1 tỷ",113 m²,"71,68 tr/m²",3,2,"Bồ Đề, Long Biên","21.0446324209336, 105.877509594062"
42321589,06/03/2025,Tổng hợp Quỹ căn chuyển nhượng giá Tốt Berriver  Căn 1-2-3-4 Phòng ngủ,"8,1 tỷ",113 m²,"71,68 tr/m²",3,2,"Bồ Đề, Long Biên","21.044868442210245, 105.87742566489781"
41922573,06/03/2025,"Chính chủ bán nhanh căn hộ chung cư 2 tầng 140m2 sàn + 70m2 mái Ngọc Lâm Long Biên - giá 5,2tỷ","5,2 tỷ",140 m²,"37,14 tr/m²",3,2,"Ngọc Lâm, Long Biên","21.0465407163466, 105.871851064495"
42321554,06/03/2025,Bán căn hộ 4 phòng ngủ toà Berriver Jardin full nội thất gồm cả đồ điện tử,11 tỷ,180 m²,"61,11 tr/m²",4,3,"Bồ Đề, Long Biên","21.0450236154856, 105.878281428174"
42321523,06/03/2025,"Bán căn hộ 3 phòng ngủ toà Berriver Jardin giá 5, x tỷ","5,8 tỷ",80 m²,"72,5 tr/m²",3,2,"Bồ Đề, Long Biên","21.0445671319485, 105.87824661282"
42321468,06/03/2025,"Bán căn hộ 1 phòng ngủ toà Berriver N05 full nội thất giá 3, x tỷ","3,95 tỷ","48,5 m²","81,44 tr/m²",1,1,"Bồ Đề, Long Biên","21.0444360379925, 105.877818521417"
42353800,06/03/2025,Giáo viên chuyển trường cần bán hướng Đông Nam Hope residence lh 0972 109 ***,"3,55 tỷ",70 m²,"50,71 tr/m²",2,2,"Phúc Đồng, Long Biên","21.040171601499903, 105.90433523548192"
42353459,06/03/2025,Chính chủ cần bán căn 2 ngủ 65m2 chung cư Hà Nội Homeland Thượng Thanh giá 3.7 tỷ: LH 0916 393 ***,"3,7 tỷ",65 m²,"56,92 tr/m²",2,2,"Thượng Thanh, Long Biên","21.0569277120644, 105.884804322876"
42320970,06/03/2025,"Quỹ căn chuyển nhượng tại dự án Berriver Jardin, 390 nguyễn văn cừ. Lh: 0919 493 ***","5,75 tỷ",80 m²,"71,88 tr/m²",N/A,N/A,"Bồ Đề, Long Biên","21.044588275289033, 105.87779245126364"
42259766,06/03/2025,"Bán căn hộ chung cư City Sông Hồng, gần Ngọc Lâm, 70m2, 2ngủ, nội thất sang xịn, 3xtỷ","3,55 tỷ",70 m²,"50,71 tr/m²",2,2,"Thượng Thanh, Long Biên","21.0543284900093, 105.877808956237"
42336502,06/03/2025,"Cần bán căn hộ 180m2 full đồ, view thoáng, 5PN - 3VS phù hợp với đại gia đình. Đã có sổ hồng",11 tỷ,180 m²,"61,11 tr/m²",5,3,"Bồ Đề, Long Biên","21.044237412221, 105.878709146836"
42336690,06/03/2025,"Căn Hộ ""hiếm"" 111m2, thiết kế theo phòng cách Indochine, 3PN+2VS, 7,8tỷ bao hết thuế phí view đẹp","7,8 tỷ",111 m²,"70,27 tr/m²",3,2,"Bồ Đề, Long Biên","21.044296464073437, 105.87760852292874"
42353264,06/03/2025,Chính chủ bán căn Duplex Khai Sơn City,18 tỷ,212 m²,"84,91 tr/m²",4,3,"Ngọc Thụy, Long Biên","21.05306056082994, 105.88480818618545"
42353222,06/03/2025,Chính chủ bán căn 120m2 tại Khai Sơn,"7,5 tỷ",120 m²,"62,5 tr/m²",3,2,"Ngọc Thụy, Long Biên","21.05212441730126, 105.88515330116347"
41816912,06/03/2025,Bán căn góc 2 ngủ 2 vệ sinh đủ nội thất mới view đẹp và mát nhất dự án Vinhomes Symphony,Giá thỏa thuận,73 m²,N/A,2,2,"Việt Hưng, Long Biên","21.0466019808655, 105.916091868308"
42352410,06/03/2025,0903 103 *** Chính chủ gửi bán chung cư 2N2VS Vinhomes Symphony Long Biên HN,Giá thỏa thuận,61 m²,N/A,2,2,"Việt Hưng, Long Biên","21.04600421712781, 105.91556136703713"
42352612,06/03/2025,"Bán gấp căn hộ 3PN 2WC giá siêu hời tại Berriver Jardin, Long Biên, Hà Nội, 7,8 tỷ, 111m2","7,8 tỷ",111 m²,"70,27 tr/m²",3,2,"Bồ Đề, Long Biên","21.0448049204066, 105.877878060103"
42207203,06/03/2025,Quỹ căn chuyển nhượng Berriver Jardin 390 Nguyễn Văn Cừ,"4,65 tỷ",65 m²,"71,54 tr/m²",2,2,"Bồ Đề, Long Biên","21.0439435016933, 105.87823631136"
42352333,06/03/2025,"Toà No10 Sài Đồng tầng cao, DT 67m2, 2,95 tỷ","2,95 tỷ",67 m²,"44,03 tr/m²",2,1,"Sài Đồng, Long Biên","21.0344352624736, 105.913563855673"
42352818,06/03/2025,"Bán căn 2PN, cạnh Aeon Long Biên, có slot để xem, full nội thất xịn, đẹp long lanh",Giá thỏa thuận,"99,4 m²",N/A,N/A,N/A,"Long Biên, Long Biên","21.031083941563804, 105.900770424193"
41339068,06/03/2025,Bán căn hộ 3PN chung cư Sunshine Green Iconic,"8,28 tỷ",108 m²,"76,67 tr/m²",3,2,"Phúc Đồng, Long Biên","21.0407333374023, 105.896560668945"
42352759,06/03/2025,"Anh trai em có nhu cầu chuyển nhà xuống mặt đất bán lại căn HC Golden-2N2W-72m- nhà đẹp,tầng cao",Giá thỏa thuận,72 m²,N/A,2,2,"Bồ Đề, Long Biên","21.037437314979176, 105.87310596216382"
42190108,06/03/2025,"Tôi bán gấp căn 100m2 Le Grand Jardin giá 5.8 tỷ bao phí, đã có sổ đỏ chính chủ","5,8 tỷ",100 m²,58 tr/m²,3,2,"Sài Đồng, Long Biên","21.036331420814342, 105.90607859249029"
41998162,06/03/2025,"Chính chủ bán căn 93m2 3n2vs view hồ siêu đẹp giá 5,1 tỷ","5,1 tỷ",93 m²,"54,84 tr/m²",3,2,"Sài Đồng, Long Biên","21.0354933924416, 105.906880586524"
42352656,06/03/2025,Bán căn hộ 2PN đủ đồ như hình. Liên hệ: 035205199,"5,3 tỷ",72 m²,"73,61 tr/m²",N/A,N/A,"Bồ Đề, Long Biên","21.036880842375922, 105.87299228175745"
42352544,06/03/2025,"Bán căn 2 PN chung cư Northern Diamond, cạnh Aeon Long Biên, có slot để xe",Giá thỏa thuận,"94,4 m²",N/A,2,2,"Long Biên, Long Biên","21.031665657676054, 105.9013303853225"
41010794,06/03/2025,"Bán căn hộ 3 PN chung cư Northern Diamond, có slot để xe, gần Aeon Long Biên, Hà Nội",Giá thỏa thuận,100 m²,N/A,3,2,"Long Biên, Long Biên","21.03144645690918, 105.90082550048828"
42315543,06/03/2025,"Chính chủ bán căn góc KĐT Việt Hưng, Long Biên: 89.7m2, 3PN, 2WC",Giá thỏa thuận,"89,7 m²",N/A,3,2,"Đức Giang, Long Biên","21.063504545353982, 105.90859640071477"
42320096,06/03/2025,"Bán căn hộ chung cư 3PN, 2WC tại Berriver Jardin Long Biên, 7,8 tỷ, 111m2","7,8 tỷ",111 m²,"70,27 tr/m²",3,2,"Bồ Đề, Long Biên","21.04387300454682, 105.87764040647147"
42278920,06/03/2025,"Hiếm! Bán căn 96m2 Bình Minh Garden 5,1 tỷ (Bao full phí). Hướng mát, full đồ xách vali về ở","5,1 tỷ",96 m²,"53,12 tr/m²",3,2,"Đức Giang, Long Biên","21.068847065266752, 105.88759637203955"
40073649,06/03/2025,Trực tiếp CĐT duplex penthouse Khai Sơn City 12.7 tỷ view Vin Cổ Loa CK 15% vay 0% 18th 0964 364 ***,Giá thỏa thuận,167 m²,N/A,3,4,"Ngọc Thụy, Long Biên","21.0522689819336, 105.884811401367"
41057908,06/03/2025,"Căn hộ penthouse, view hồ điều hoà 22ha, DT 167m2, giá chỉ 69tr/m2, sát phố Cổ - Khai Sơn City","11,6 tỷ",167 m²,"69,46 tr/m²",3,2,"Ngọc Thụy, Long Biên","21.052268981933594, 105.88481140136719"
42265671,06/03/2025,Bán căn góc 3PN 80m2 full đồ giá 4.51 tỷ Valencia Garden view trọn Vinhomes Riverside 0964 364 ***,"4,14 tỷ",80 m²,"51,75 tr/m²",3,2,"Đức Giang, Long Biên","21.055914000569583, 105.9120924622433"
21876967,06/03/2025,"Chính chủ cần bán gấp chung cư Ecohome Phúc Lợi 70m2 có 2 ngủ 2VS, full nội thất, giá 3,2 tỷ","3,2 tỷ",70 m²,"45,71 tr/m²",2,2,"Phúc Lợi, Long Biên","21.0423583984375, 105.927299499512"
31251099,06/03/2025,Cần bán chung cư Ecohome Phúc Lợi 58m2 2 ngủ 2 vệ sinh full nội thất giá 2 tỷ 780 triệu,"2,78 tỷ",58 m²,"47,93 tr/m²",2,2,"Phúc Lợi, Long Biên","21.0423583984375, 105.927299499512"
42307379,06/03/2025,"Chính chủ bán căn 92m2, 3 phòng ngủ, Bình Minh Garden. Full đồ. (Bao phí sang tên)","4,99 tỷ",92 m²,"54,24 tr/m²",3,2,"Đức Giang, Long Biên","21.0686551163562, 105.887382055163"
40801426,06/03/2025,"Eco city Việt Hưng. Duy nhất căn 72m2 full đồ hướng đông bắc view siêu thoáng, giá 4 tỷ bao phí",4 tỷ,72 m²,"55,56 tr/m²",2,2,"Giang Biên, Long Biên","21.0577354431152, 105.913352966309"
40801525,06/03/2025,"Bán CH 3PN, 95m2, tầng 12A toà K5 siêu đẹp, BC Đông Nam, view trực diện công viên hồ, giá 6 tỷ",6 tỷ,95 m²,"63,16 tr/m²",3,2,"Thượng Thanh, Long Biên","21.052269, 105.88481"
40826956,06/03/2025,CẦN BÁN NHANH CĂN CHUNG CƯ CAO CẤP 72m2 TÒA HC Golden City 319 Hồng Tiến - GIÁ TỐT,"5,5 tỷ",72 m²,"76,39 tr/m²",2,2,"Bồ Đề, Long Biên","21.0371780395508, 105.873069763184"
41678243,06/03/2025,"Bán CC 2PN, 2WC tại Việt Hưng, Long Biên, 2,9 tỷ, 65m2 giá tốt hàng hiếm tại","2,9 tỷ",65 m²,"44,62 tr/m²",2,2,"Đức Giang, Long Biên","21.06269, 105.90833"
42351301,06/03/2025,"Bán CC Hà Nội Homeland, 3,87 tỷ, 65m2, 2PN, 2WC, pháp lý đầy đủ","3,87 tỷ",65 m²,"59,54 tr/m²",2,2,"Thượng Thanh, Long Biên","21.057344329789252, 105.8849485531035"
41921293,06/03/2025,"Chính chủ bán căn 77m2 Le Grand Jardin, full nội thất, giá 4,2 tỷ","4,2 tỷ",77 m²,"54,54 tr/m²",2,2,"Sài Đồng, Long Biên","21.036342570735997, 105.90583734487987"
40748773,06/03/2025,"Bán căn hộ 2PN Vinhomes Symphony Riverside Long Biên, view bể bơi, biệt thự đẳng cấp, giá tốt",Giá thỏa thuận,64 m²,N/A,2,2,"Việt Hưng, Long Biên","21.046152114868164, 105.9156494140625"
40967243,06/03/2025,"Chính chủ cần bán căn 3N góc 125m2 tầng cao bc Đông Nam tòa N01 đủ đồ giá: 7,4 tỷ Premier Berriver","7,4 tỷ",125 m²,"59,2 tr/m²",3,2,"Bồ Đề, Long Biên","21.044317, 105.87786"
42351100,06/03/2025,"Căn hộ 3Pn giá Tốt Nhất Quận Long Biên Tại Valencia Garden - Chỉ 4,1 tỷ LH Xem Nhà: 0986 326 ***","4,1 tỷ",80 m²,"51,25 tr/m²",3,2,"Đức Giang, Long Biên","21.0557709251651, 105.91173901318687"
42145819,06/03/2025,"Bán CC Valencia Garden, Đức Giang, Long Biên, 62,2m2, chỉ với 2,99 tỷ có 2PN, 2WC, nội thất cơ bản",3 tỷ,"62,2 m²","48,22 tr/m²",2,1,"Đức Giang, Long Biên","21.0558015891255, 105.912213639417"
36455854,06/03/2025,Bán căn hộ DT 78m2 thiết kế 2pn tại Ecocity vài bước tới trường quốc tế Marie Curie LH: 0855 236 ***,Giá thỏa thuận,78 m²,N/A,2,2,"Giang Biên, Long Biên","21.0577354431152, 105.913352966309"
42251752,06/03/2025,Khu nhà ở xã hội Thượng Thanh Long Biên,Giá thỏa thuận,63 m²,N/A,2,2,"Thượng Thanh, Long Biên","21.065455205652228, 105.88819139667888"
42251377,06/03/2025,"Em bán căn hộ 3PN chung cư Bình Minh Garden, nhà mới tinh chưa ở. Giá 5 tỷ bao thuế phí",5 tỷ,96 m²,"52,08 tr/m²",3,2,"Đức Giang, Long Biên","21.0690975189209, 105.888038635254"
42337364,06/03/2025,Bán căn hộ 84m2 (2PN - 2VS) giá 5tỷ. Full nội thất - Ban công Đông Nam. Liên hệ xem nhà: 0947 065 ***,5 tỷ,84 m²,"59,52 tr/m²",2,2,"Sài Đồng, Long Biên","21.0364928969346, 105.90635372929"
42316982,06/03/2025,"Bán căn hộ 64m2 (2PN - 2VS) giá 4,2 tỷ. Tầng đẹp + view đẹp + full đồ + sổ đỏ. Liên hệ: 0947 065 ***","4,2 tỷ",64 m²,"65,62 tr/m²",2,2,"Sài Đồng, Long Biên","21.0355558716901, 105.905557549809"
42350475,06/03/2025,"Bán căn chung cư 68m2, sổ đỏ, khu đô thị Sài Đồng, long biên , giá 2.9","2,9 tỷ",68 m²,"42,65 tr/m²",2,2,"Sài Đồng, Long Biên","21.0352670014571, 105.912593020582"
41768374,06/03/2025,"Bán nhanh căn 3pn2WC 95m2 đồ cơ bản, tầng 24, giá bán 5,1 tỷ bao phí sang tên",5 tỷ,95 m²,"52,63 tr/m²",3,2,"Đức Giang, Long Biên","21.0690975189209, 105.8880386352539"
42265307,06/03/2025,"Chính chủ cần bán căn góc 3pn2wc, 97m2, toà G3, tầng trung view vinhomes siêu đẹp. Giá 6,2 sẵn sổ.","6,2 tỷ",97 m²,"63,92 tr/m²",3,2,"Sài Đồng, Long Biên","21.03655406895129, 105.905856367701"
42239357,06/03/2025,"Hiếm! 3PN2WC valencia garden KĐT Việt Hưng full đồ, giá 4,140tr bao phí.","41,4 triệu",80 m²,"517,5 nghìn/m²",3,2,"Đức Giang, Long Biên","21.0551718154448, 105.912006358959"
42319170,06/03/2025,"Căn hộ Hanoi Homeland 58m2 đã có sổ, full nội thất, giá tốt, 0986 168 ***","3,48 tỷ",58 m²,60 tr/m²,2,2,"Thượng Thanh, Long Biên","21.057909777165747, 105.88527311955302"
42350407,06/03/2025,"Bán căn góc chung cư KĐT Sài Đồng, Long Biên 70m2  3 ngủ -2vs giá 3ty5 bao phí","3,5 tỷ",70 m²,50 tr/m²,3,2,"Sài Đồng, Long Biên","21.03514281833395, 105.912691121358"
42259477,06/03/2025,"Căn hộ đẹp, nhiều tiện ích tại KĐT Việt Hưng, giá thỏa thuận, 79m2 - 2PN",Giá thỏa thuận,79 m²,N/A,2,1,"Đức Giang, Long Biên","21.0629280877052, 105.908341521035"
42349987,06/03/2025,"Bán căn hộ chung cư KĐT Sài đồng. 67m . Giá: 2,92 tỷ Lh: 0984 373 ***","2,92 tỷ",67 m²,"43,58 tr/m²",2,1,"Sài Đồng, Long Biên","21.034958050369557, 105.91226939823223"
42350192,06/03/2025,"Bán căn hộ tâm huyết 120m2 3PN 2WC tòa Green Park CT15 tầng cao, view thoáng, sẵn sổ CC giá 7,2 tỷ","7,2 tỷ",120 m²,60 tr/m²,3,2,"Giang Biên, Long Biên","21.064593007780974, 105.91108997802154"
42349937,06/03/2025,Bán chung cư CT15 Greenpark Việt Hưng-Long Biên-72m 2n2wc tầng trung-full nội thất-giá 4.38 tỷ,"4,38 tỷ",72 m²,"60,83 tr/m²",2,2,"Giang Biên, Long Biên","21.064765963161918, 105.91028313055297"
38971203,06/03/2025,"Chính chủ bán gấp căn K3 Khai Sơn City thiết kế 101m2, căn hoa hậu tầng đẹp. LH 0988 020 ***","5,5 tỷ",101 m²,"54,46 tr/m²",3,2,"Ngọc Thụy, Long Biên","21.0520788777175, 105.884652438504"
42245729,06/03/2025,Bán căn hộ studio 28m2 Sunshine Green Iconic Long Biên nhà mới giá chỉ 2ty6 - em cường 0976 044 ***,"2,6 tỷ",28 m²,"92,86 tr/m²",N/A,N/A,"Phúc Đồng, Long Biên","21.0413167336662, 105.895853638232"
42131977,06/03/2025,"Chính chủ cần bán căn hộ tầng 18 hướng mát, 55m2/2PN/2WC. Giá 2.750 tỷ bao thuế phí, sẵn sổ đỏ GD.","2,75 tỷ",55 m²,50 tr/m²,2,2,"Phúc Lợi, Long Biên","21.042416135973234, 105.92725538432636"
42349744,06/03/2025,"Bán CC Hà Nội Homeland, 3,8 tỷ, 65m2, 2PN, tiện ích đầy đủ, đẹp mê ly","3,8 tỷ",65 m²,"58,46 tr/m²",2,2,"Thượng Thanh, Long Biên","21.0574019988934, 105.885237808434"
42219289,06/03/2025,Độc quyền Quỹ Valencia Long Biên căn 3N-Tây Bắc-View trường Marie Curie-TT CĐT_ 0979 209 ***,"4,14 tỷ",80 m²,"51,75 tr/m²",3,2,"Đức Giang, Long Biên","21.055462755199137, 105.91145720860342"
42104387,06/03/2025,"Chủ nhà cần tiền bán gấp căn Khai Sơn 3ngủ góc 2 mặt thoáng view hồ hướng Đông Nam 96m2 giá 6,5x tỷ","6,55 tỷ",97 m²,"67,53 tr/m²",3,2,"Ngọc Thụy, Long Biên","21.051891660793334, 105.88557374548489"
42349673,06/03/2025,"Chung cư sát Việt Hưng 70m2 2PN, 2WC tầng đẹp thoáng mát giá 3,25 tỷ","3,25 tỷ",70 m²,"46,43 tr/m²",2,2,"Giang Biên, Long Biên","21.0675829337041, 105.914103335313"
42349406,06/03/2025,"Em cần bán căn hộ tại P3 Việt Hưng. S:79m2. 2 ngủ 2wc
Full nội thất","3,35 tỷ",79 m²,"42,4 tr/m²",2,2,"Đức Giang, Long Biên","21.062139348465465, 105.90886981405075"
39475832,06/03/2025,Bán căn 3 ngủ tầng trung ban công Đông Nam tại Mipec Long Biên.,"8,9 tỷ",120 m²,"74,17 tr/m²",3,2,"Ngọc Lâm, Long Biên","21.045909289173892, 105.86669816154125"
42349591,06/03/2025,"Hàng hiếm tại Ruby City, Giang Biên, Long Biên, Hà Nội: Căn 65m2 2PN 2WC chỉ 2.9 tỷ sẵn sổ hồng","2,9 tỷ",65 m²,"44,62 tr/m²",2,2,"Giang Biên, Long Biên","21.05892877003937, 105.9146147634734"
42349578,06/03/2025,"Căn góc chung cư Ecocity Việt Hưng 78m2 2PN/2WC ban công thoáng mát giá 3,99 tỷ","3,99 tỷ",73 m²,"54,66 tr/m²",2,2,"Giang Biên, Long Biên","21.057558013198562, 105.9129639046331"
40242186,06/03/2025,Bán căn 3PN giá rẻ nhất Sunshine Green Iconic Long Biên - nội thất cao cấp liền tường nhập khẩu Đức,"8,6 tỷ","105,5 m²","81,52 tr/m²",3,2,"Phúc Đồng, Long Biên","21.0407333374023, 105.896560668945"
41708850,06/03/2025,CHCC Long Biên 2PN 74m2 80m2 từ 5.9 tỷ & duplex 169m2 từ 14 tỷ nhận nhà ở ngay,"6,1 tỷ",80 m²,"76,25 tr/m²",2,2,"Phúc Đồng, Long Biên","21.0407333374023, 105.896560668945"
41682656,06/03/2025,CHCC Long Biên 2PN 74m2 80m2 từ 5.9 tỷ & duplex 3PN 154m2 169m2 từ 14 tỷ nhận nhà ở ngay,6 tỷ,80 m²,75 tr/m²,2,2,"Phúc Đồng, Long Biên","21.040733337402344, 105.89656066894531"
42348909,06/03/2025,"Chính chủ bán căn 66m2(2pn2vs) Hà Nội Homeland. Đầy đủ nội thất. Hướng ĐN. Sổ hồng trao tay 3,8 tỷ","3,8 tỷ",66 m²,"57,58 tr/m²",2,2,"Thượng Thanh, Long Biên","21.057504677914867, 105.883765875627"
42348859,06/03/2025,"Hàng hiếm tại Bình Minh Garden, 5,65 tỷ, 95m2, 3PN, 2WC, full nội thất","5,65 tỷ",95 m²,"59,47 tr/m²",3,2,"Đức Giang, Long Biên","21.068992388870576, 105.88808254447126"
42118412,06/03/2025,Bán hàng hiếm căn hộ 2 ngủ 2wc nhà thương mại LH 0972 109 *** xem nhà 24/24,"3,55 tỷ",77 m²,"46,1 tr/m²",2,2,"Phúc Đồng, Long Biên","21.040493130494, 105.905001328618"
42349073,06/03/2025,"Bán căn góc 90m2 3PN - 2wc tại KĐT Việt Hưng, tầng đẹp view thoáng, SĐCC giao dịch luôn giá 3.6 tỷ","3,6 tỷ",90 m²,40 tr/m²,3,2,"Đức Giang, Long Biên","21.0633203672773, 105.90771781551842"
41750616,06/03/2025,Chính chủ bán căn H4 - 0909 full nội thất. ĐT: 0964 888 ***,"3,6 tỷ",70 m²,"51,43 tr/m²",2,2,"Phúc Đồng, Long Biên","21.040499, 105.90479"
42348669,06/03/2025,"Chính chủ cần chuyển nhượng căn hộ 3 phòng ngủ tại Bình Minh Garden - Long Biên, Hà Nội","5,7 tỷ","100,25 m²","56,86 tr/m²",3,2,"Đức Giang, Long Biên","21.069118209434126, 105.88806742316696"
42352818,06/03/2025,"Bán căn 2PN, cạnh Aeon Long Biên, có slot để xem, full nội thất xịn, đẹp long lanh",Giá thỏa thuận,"99,4 m²",N/A,N/A,N/A,"Long Biên, Long Biên","21.031083941563804, 105.900770424193"
42239357,06/03/2025,"Hiếm! 3PN2WC valencia garden KĐT Việt Hưng full đồ, giá 4,140tr bao phí.","41,4 triệu",80 m²,"517,5 nghìn/m²",3,2,"Đức Giang, Long Biên","21.0551718154448, 105.912006358959"
42347629,06/03/2025,Em cần bán căn hộ full nội thất đẹp tại Ecohome Phúc Lợi. S: 48m2 3 ngủ 2wc,"3,8 tỷ",48 m²,"79,17 tr/m²",3,2,"Phúc Lợi, Long Biên","21.041689126024902, 105.9275197004238"
42106398,06/03/2025,Chính chủ bán căn góc 106m2 - 3N 2VS Le Grand Jardin. Nhà mới ở ngay full nội thất nhập khẩu,"6,7 tỷ",106 m²,"63,21 tr/m²",3,2,"Sài Đồng, Long Biên","21.0363050963431, 105.906728404727"
41355752,06/03/2025,"Hà Nội Homeland chính chủ bán căn 70m2 (2pn2vs). Nội thất đầy đủ, gần cầu Chương Dương. Giá 3,85tỷ","3,85 tỷ",70 m²,55 tr/m²,2,2,"Thượng Thanh, Long Biên","21.057600021362305, 105.88459777832031"
40145627,06/03/2025,"Chính chủ bán căn 70m(2PN) chung cư Homeland. Ban công view hồ 15ha. Nội thất gắn tường. Bán 3,8tỷ","3,85 tỷ",70 m²,55 tr/m²,2,2,"Thượng Thanh, Long Biên","21.0576000213623, 105.88459777832"
42271095,06/03/2025,"Quỹ căn đẹp, giá hợp lý mua bán chung cư cao cấp Sunshine Green Iconic. 0347 299 ***","5,75 tỷ",74 m²,"77,7 tr/m²",2,2,"Phúc Đồng, Long Biên","21.0408273328834, 105.896576631237"
42227313,06/03/2025,"Trực tiếp CĐT, căn hộ 2PN 78m2 sẵn sổ, mới nguyên, ở ngay, giá chỉ 56tr/m2","4,43 tỷ",78 m²,"56,74 tr/m²",2,2,"Giang Biên, Long Biên","21.057326934015865, 105.91368199247513"
41669924,06/03/2025,"Bán căn 2 ngủ chung cư Khai Sơn City, S= 77,51 m2, tầng cao, view hồ 16ha","5,85 tỷ","77,51 m²","75,47 tr/m²",2,2,"Ngọc Thụy, Long Biên","21.0522689819336, 105.884811401367"
42348126,06/03/2025,Chủ nhà cần bán nhanh căn CT17 2n1w-73.5m2. Giá thoả thuận. Liên hệ: 0962 330 ***,"3,28 tỷ","73,5 m²","44,63 tr/m²",2,1,"Đức Giang, Long Biên","21.070283828320807, 105.90701145964607"
40356861,06/03/2025,"chính chủ Bán căn 76m2 giá 4,6tỷ tầng trung hướng Đông Nam, đã có sổ chính chủ","4,6 tỷ",76 m²,"60,53 tr/m²",2,2,"Sài Đồng, Long Biên","21.0359783172607, 105.906295776367"
42348036,06/03/2025,"Bán căn hộ 98m2 B17 Sài Đồng full nội thất 3PN 2WC, trung tâm quận, giá 42tr/m2 LH: 0902 132 ***","4,12 tỷ",98 m²,42 tr/m²,3,2,"Sài Đồng, Long Biên","21.034107913720852, 105.91239144089808"
42249336,06/03/2025,"Chính chủ bán căn hộ H3 70m2 Hope Residence, view đẹp, căn thương mại sang tên ngay",Giá thỏa thuận,70 m²,N/A,2,2,"Phúc Đồng, Long Biên","21.0404987335205, 105.904792785645"
41315971,06/03/2025,"Chính chủ bán căn hộ Ecohome Phúc Lợi - Long Biên - 107m2, 3PN, 2WC","5,29 tỷ",107 m²,"49,44 tr/m²",3,2,"Phúc Lợi, Long Biên","21.0423583984375, 105.927299499512"
42347970,06/03/2025,"Bán căn hộ chung cư TSG Lotus Sài Đồng, 4,8 tỷ, 83 m2 2PN+1","4,8 tỷ",83 m²,"57,83 tr/m²",2,2,"Việt Hưng, Long Biên","21.0594643100902, 105.899285736373"
42217693,06/03/2025,"Bán căn hộ 2 ngủ chung cư Rubycity3 Phúc Lợi, 50m. LH: 0949 849 ***","2,3 tỷ",50 m²,46 tr/m²,2,2,"Giang Biên, Long Biên","21.03568896002374, 105.93337490558402"
41055461,06/03/2025,Chính chủ bán căn 3 phòng ngủ full đồ cao cấp diện tích 100m2,"5,1 tỷ",100 m²,51 tr/m²,3,2,"Đức Giang, Long Biên","21.069098707788747, 105.88803926892733"
42224040,06/03/2025,Siêu phẩm 3PN góc tại Hà Nội Homeland,"5,5 tỷ","92,5 m²","59,46 tr/m²",3,2,"Thượng Thanh, Long Biên","21.0561202620952, 105.884473454207"
42009461,06/03/2025,"Cần bán 2 suất ngoại giao Pen Duplex 2 tầng View sân bay Gia Lâm, Sông Hồng Nguyễn Văn Cừ Long Biên","17,99 tỷ","321,2 m²",56 tr/m²,N/A,N/A,"Bồ Đề, Long Biên","21.044404162032123, 105.87791740098696"
42315601,06/03/2025,"Bán CC 3PN, 90m2, giá thỏa thuận tại Việt Hưng, Long Biên, Hà Nội - Chính chủ bao đẹp",Giá thỏa thuận,90 m²,N/A,3,2,"Đức Giang, Long Biên","21.06305997667406, 105.90747301891898"
42347676,06/03/2025,"Chủ nhà cần bán 95m2, 3PN2VS,View Cầu, Bình Minh Garden. Full đồ. (Bao phí sang tên)","5,6 tỷ",95 m²,"58,95 tr/m²",3,2,"Đức Giang, Long Biên","21.068953036420094, 105.88797213435743"
42347233,06/03/2025,Em cần bán căn hộ tại RuBy CT3 Phúc Lợi. Diện tích: 48m2 với thiết kế 2 ngủ và 2 wc,"2,35 tỷ",48 m²,"48,96 tr/m²",2,2,"Giang Biên, Long Biên","21.0364659218401, 105.933887039434"
42347166,06/03/2025,"Em bán căn hộ 3PN chung cư Bình Minh Garden, nhà mới tinh chưa ở. Giá 4,8 tỷ. Cam kết rẻ nhất toà","4,8 tỷ",92 m²,"52,17 tr/m²",3,2,"Đức Giang, Long Biên","21.0690975189209, 105.888038635254"
42347015,06/03/2025,"Bán CC Bình Minh Garden, 5,05 tỷ, 92m2, 3PN, 2WC, full nội thất","5,05 tỷ",92 m²,"54,89 tr/m²",3,2,"Đức Giang, Long Biên","21.0696359125588, 105.888286769913"
42067167,06/03/2025,"Bán chung cư 2PN, 2WC, 70m2 tại Sài Đồng, 3 tỷ, Long Biên, Hà Nội siêu hot. Đẹp như khách sạn",3 tỷ,70 m²,"42,86 tr/m²",2,2,"Sài Đồng, Long Biên","21.0352773984071, 105.912548479026"
42314524,06/03/2025,"Sở hữu căn góc 3 ngủ , sẵn sổ, tầng cao, trung tâm Việt Hưng, Long Biên chỉ 4,1 tỷ.","4,14 tỷ",79 m²,"52,4 tr/m²",3,2,"Đức Giang, Long Biên","21.06224244114483, 105.90795504179466"
42315066,06/03/2025,"Eccocity, chỉ 3,85 tỷ sở hữu căn 2N 73m2, full nội thất cao cấp, nhận nhà ở ngay, sẵn sổ trao tay.","3,85 tỷ",73 m²,"52,74 tr/m²",2,2,"Giang Biên, Long Biên","21.057770761631705, 105.91316311179699"
36237935,06/03/2025,"Hiếm! Chỉ 4,5 tỷ sở hữu căn hộ 3 ngủ view hồ Quận Uỷ, nhận nhà ở ngay, sổ đỏ trao tay, Long Biên","4,5 tỷ","75,5 m²","59,6 tr/m²",3,2,"Đức Giang, Long Biên","21.0668716430664, 105.903625488281"
42238888,06/03/2025,Ảnh thật căn đập thông 125m2 sửa 3PN siêu rộng tòa S6 view cực thoáng tầng trung full NT cao cấp,16 tỷ,133 m²,"120,3 tr/m²",3,3,"Việt Hưng, Long Biên","21.046812244069788, 105.91622598372703"
39317077,06/03/2025,"Nhỉnh 6,6 tỷ sở hữu siêu phẩm căn hộ 105m2 ban công Đông Nam, view hồ, tầng cao, nhận nhà ở ngay","6,62 tỷ",105 m²,"63,05 tr/m²",3,2,"Đức Giang, Long Biên","21.0668716430664, 105.903625488281"
41967501,06/03/2025,"Căn góc - tầng cao - 3 ban công - 89m2 - giá tốt tại chung cư Gia Thụy, Long Biên, Hà Nội","4,32 tỷ",89 m²,"48,5 tr/m²",2,2,"Gia Thụy, Long Biên","21.047874764945657, 105.88472012206589"
42015661,06/03/2025,"Bán căn penthouse duplex Mipec Long Biên, tặng thiết kế 250 triệu","18,5 tỷ",350 m²,"52,86 tr/m²",4,N/A,"Ngọc Lâm, Long Biên","21.0457704414123, 105.866591072195"
41341329,06/03/2025,"Chính chủ cần bán CC Khai Sơn Hill, tầng 10, DT 77m2 - 2PN, view công Viên. Giá 5 tỷ 5, 0908 764 ***","5,5 tỷ",77 m²,"71,43 tr/m²",2,2,"Ngọc Thụy, Long Biên","21.0522689819336, 105.884811401367"
42070371,06/03/2025,"Chính chủ bán căn góc 96,8m2 - nhìn trực tiếp vườn hoa trung tâm và hồ điều hòa",Giá thỏa thuận,"96,8 m²",N/A,N/A,N/A,"Thượng Thanh, Long Biên","21.0520546946979, 105.883985462808"
41072780,06/03/2025,"Chỉ 4,5tỷ sở hữu căn hộ 3PN BC thoáng mát nt CĐT nhận nhà ở ngay Phương Đông Green Home","4,5 tỷ",76 m²,"59,21 tr/m²",3,2,"Đức Giang, Long Biên","21.0668716430664, 105.903625488281"
40933459,06/03/2025,"Cần bán cc Ruby 78m2, 3PN, chung cư Việt Hưng, căn góc view thoáng, sổ đỏ, giá 3,350 tỷ","3,35 tỷ",78 m²,"42,95 tr/m²",3,2,"Giang Biên, Long Biên","21.0588474273682, 105.914703369141"
42009227,06/03/2025,"Bán gấp CH 76m2 Le Grand Jardin Sài Đồng giá 4,6 tỷ bao thuế phí ban công ĐN tầng cao hướng mát","4,6 tỷ",76 m²,"60,53 tr/m²",2,2,"Sài Đồng, Long Biên","21.0361053476633, 105.906819046936"
40899589,06/03/2025,"Chính chủ bán gấp căn góc DT 145m2, tầng cao, 3 mặt thoáng, Eco City Việt Hưng, 9,5tỷ full NT CC","9,5 tỷ",145 m²,"65,52 tr/m²",3,2,"Giang Biên, Long Biên","21.0577354431152, 105.913352966309"
42212630,06/03/2025,"Cần bán căn CC Valencia đô thị Việt Hưng 66m2, 2N 2VS, giá chỉ 3,040 tỷ BC ĐN view BT Vinhomes","3,04 tỷ",66 m²,"46,06 tr/m²",2,2,"Đức Giang, Long Biên","21.056137657554466, 105.91155957066977"
41761739,06/03/2025,Chính chủ bán căn góc 106m2 -3N 2VS Le Grand Jardin. Nhà mới ở ngay full nội thất nhập khẩu,"6,7 tỷ",106 m²,"63,21 tr/m²",3,2,"Sài Đồng, Long Biên","21.0359783172607, 105.906295776367"
35805470,06/03/2025,"Bán chung cư trung tâm quận Long Biên, liền kề phố cổ, view hồ, view sông Khai Sơn City, 0944 111 ***","5,25 tỷ","77,51 m²","67,73 tr/m²",2,2,"Ngọc Thụy, Long Biên","21.0522689819336, 105.884811401367"
42213906,06/03/2025,"Bán căn hộ Homeland,diện tích 69,21m2,2PN, 2VS, tầng 16, view đẹp, thoáng mát, full nội thất","3,9 tỷ","69,21 m²","56,35 tr/m²",2,2,"Thượng Thanh, Long Biên","21.057507495325456, 105.88421275802943"
42162062,06/03/2025,Quỹ căn hộ tại Sunshine Iconic Long Biên,"3,6 tỷ",46 m²,"78,26 tr/m²",1,1,"Phúc Đồng, Long Biên","21.0404966458333, 105.896557344192"
42116922,06/03/2025,"SUẤT NGOẠI GIAO CĂN GÓC 3PN, CC VALENCIA GARDEN TẦNG CAO VIEW ĐẸP 4,14 TỶ; SẴN SỔ ĐỎ","4,14 tỷ",79 m²,"52,4 tr/m²",3,2,"Đức Giang, Long Biên","21.055959396229234, 105.91189626070998"
42133621,06/03/2025,Bán căn chung cư chính chủ tại phố Sài Đồng. Có thương lượng. Bao phí sang tên cho khách thiện chí,"2,85 tỷ","68,6 m²","41,54 tr/m²",2,1,"Sài Đồng, Long Biên","21.0348149293454, 105.91299138844"
42137662,06/03/2025,"Chung cư dự án mới Green Home Phương Đông 80m2 3PN/2WC full nội thất đẹp giá 4,950 tỷ","4,95 tỷ",80 m²,"61,88 tr/m²",3,2,"Đức Giang, Long Biên","21.067194503728707, 105.90372838699518"
42187174,06/03/2025,"Chung cư Việt Hưng 73m2 2PN/1WC tầng đẹp thoáng mát giá 3,25 tỷ","3,25 tỷ",73 m²,"44,52 tr/m²",2,1,"Giang Biên, Long Biên","21.063145186125762, 105.90890094183227"
42022549,06/03/2025,"Cực hiếm chung cư Việt Hưng 63m2 2 phòng ngủ, thang máy chỉ 2,7x tỷ","2,8 tỷ",63 m²,"44,43 tr/m²",2,1,"Đức Giang, Long Biên","21.062557583519233, 105.9084119845825"
42147865,06/03/2025,"Chung cư Việt Hưng 90m2 3PN 2WC căn góc, tầng cao thoáng mát giá 3,75 tỷ","3,75 tỷ",90 m²,"41,67 tr/m²",3,2,"Giang Biên, Long Biên","21.06200544636617, 105.90818493837261"
42166604,06/03/2025,"Cực hiếm căn hộ kế bên KĐT Việt Hưng căn góc 74m2 2PN, 1WC giá 3,499 tỷ","3,5 tỷ",74 m²,"47,28 tr/m²",2,1,"Giang Biên, Long Biên","21.062870638596685, 105.90825716125971"
39105046,06/03/2025,"Cực hiếm căn góc chung cư Việt Hưng 87m2 3PN/2WC ban công Đông Nam giá 3,99 tỷ","3,99 tỷ",87 m²,"45,86 tr/m²",3,2,"Đức Giang, Long Biên","21.062690734863281, 105.90833282470703"
42116991,06/03/2025,"Bán căn hộ chung cư sát Việt Hưng 58m2 2PN, 2WC tầng cao hướng mát giá 2,99 tỷ","2,99 tỷ",58 m²,"51,55 tr/m²",2,2,"Giang Biên, Long Biên","21.058664437337633, 105.91518701026752"
41712380,06/03/2025,"Chung cư Việt Hưng 79m2 2PN/2WC thang máy tầng trung view đẹp giá 3,39 tỷ","3,39 tỷ",79 m²,"42,91 tr/m²",2,2,"Đức Giang, Long Biên","21.062690734863281, 105.90833282470703"
42287038,06/03/2025,"Bán căn hộ 2PN, 2WC, 86m2 tại Canal Park, Thạch Bàn, Long Biên, Hà Nội","4,1 tỷ",86 m²,"47,67 tr/m²",2,2,"Thạch Bàn, Long Biên","21.018126993812686, 105.9225052652116"
42264833,06/03/2025,"TRỰC TIẾP CĐT: NHẬN BOOKING KHÔNG THƯỞNG PHẠT CĂN HỘ TẠI CHUNG CƯ CAO CẤP NOBLE CRYSTAL, LONG BIÊN","7,1 tỷ",48 m²,148 tr/m²,1,1,"Việt Hưng, Long Biên","21.050628869038675, 105.89741636181292"
41756364,06/03/2025,"Full quỹ căn chuyển nhượng chung cư Eco City: Căn 2PN: DT 73m2, 3PN: DT: 80m2",4 tỷ,73 m²,"54,8 tr/m²",2,2,"Giang Biên, Long Biên","21.05722458848944, 105.9132361396006"
42246850,06/03/2025,Bán căn hộ chung cư Green park CT 15 Việt Hưng Long Biên Hà Nội 102m.,"6,2 tỷ",102 m²,"60,78 tr/m²",2,2,"Giang Biên, Long Biên","21.06423342293702, 105.91106646822617"
41767678,06/03/2025,"Cần bán căn hộ DT: 73m2, 2pn, 2vs, tòa Eco City, KĐT Việt Hưng, Long Biên, chỉ 3,850tỷ","3,85 tỷ",73 m²,"52,74 tr/m²",2,2,"Giang Biên, Long Biên","21.057735443115234, 105.9133529663086"
42345434,05/03/2025,"Bán CH Khai Sơn City, 6,2 tỷ, 95m2, 3PN, 2WC, Ban công Đông Nam View Hồ. LH 0368 706 ***","6,2 tỷ",95 m²,"65,26 tr/m²",3,2,"Ngọc Thụy, Long Biên","21.052112147554844, 105.88495739542257"
42345387,05/03/2025,"Cần bán căn 3PN full đồ ban công Đông Nam giá 5,9 tỷ LH 0368 706 ***","5,9 tỷ",94 m²,"62,77 tr/m²",3,2,"Đức Giang, Long Biên","21.0690797666892, 105.88735362955"
42345295,05/03/2025,"Bán CC 3PN, 2WC tại Khai Sơn City, 6,65 tỷ, 101m2, Nhận nhà ở ngay, tầng đẹp LH 0368 706 ***","6,65 tỷ",101 m²,"65,84 tr/m²",3,2,"Ngọc Thụy, Long Biên","21.0522512297031, 105.884126473135"
42345254,05/03/2025,"Bán Căn hộ chung cư tại Hà Nội Homeland, 3,9 tỷ, 69m2, 2PN, 2WC, giá cực chất","3,9 tỷ",69 m²,"56,52 tr/m²",2,2,"Thượng Thanh, Long Biên","21.0575822691314, 105.883912825554"
42338132,05/03/2025,"Iconic LB đã có sổ 2PN 74m2 80m2 từ 5.850 & 80m2 từ 6. X tỷ, duplex 169m2 từ 13.5tỷ nhận nhà ở ngay","13,5 tỷ",169 m²,"79,88 tr/m²",3,4,·,"21.0406817765538, 105.89605482277388"
42262144,27/02/2025,"Cư dân Sunshine Green Iconic bán CH (1ngủ: 4tỷ, 2 ngủ: 6tỷ, 3ngủ: 8 tỷ, duplex: 13tỷ) 0981 757 ***","5,5 tỷ",74 m²,"74,32 tr/m²",2,2,·,"21.040900588957857, 105.8968350782629"
42274606,04/03/2025,"Bán căn hộ chung cư học viện Hậu Cần, Ngọc Thụy, Long Biên, Hà Nội","3,25 tỷ",72 m²,"45,14 tr/m²",2,2,"Ngọc Thụy, Long Biên","21.0500192907022, 105.866762134029"
42329918,04/03/2025,"Chính chủ cần bán căn hộ 73m2 toà C tầng 6 CC Eco City Việt Hưng, full nội thất cách Hồ Gươm 6,5km",4 tỷ,73 m²,"54,8 tr/m²",2,2,"Giang Biên, Long Biên","21.0578153177369, 105.913609985707"
42250332,03/03/2025,Cực rẻ - căn sân vườn 120m2(3PN + 3vs) - đẹp nhất Khai Sơn City - giá chỉ 54.9 triệu/m2,"6,59 tỷ",120 m²,"54,9 tr/m²",3,3,"Ngọc Thụy, Long Biên","21.05230381582268, 105.88457737563667"
42318571,03/03/2025,"Quỹ căn hộ, duplex, sky villa giá rẻ độc quyền sunshine green iconic long biên - E Cường 0976 044 ***","5,5 tỷ",74 m²,"74,32 tr/m²",2,N/A,"Phúc Đồng, Long Biên","21.0405763048813, 105.896531293145"
42164654,02/03/2025,Quỹ căn chuyển nhượng cắt lỗ giá rẻ nhất thị trường tại Sunshine Green Iconic - Em Long 0355 863 ***,"5,4 tỷ",80 m²,"67,5 tr/m²",2,N/A,"Phúc Đồng, Long Biên","21.0403630930654, 105.895956964573"
42308391,02/03/2025,Cần tiền bán gấp trong tuần căn 2PN 74m2 tòa GH3 KĐT Việt Hưng - Long Biên ĐN tầng trung thoáng đẹp,"3,35 tỷ",74 m²,"45,27 tr/m²",2,2,"Đức Giang, Long Biên","21.070209256839224, 105.90681211932284"
42121125,01/03/2025,"Bán căn hộ Valencia Garden, 4,03 tỷ, 80m2, 3PN, 2WC giá cực chất tại Đức Giang, Long Biên, Hà Nội","4,03 tỷ",80 m²,"50,38 tr/m²",3,2,"Đức Giang, Long Biên","21.0552396678737, 105.911193535567"
42170779,01/03/2025,Quỹ căn giá tốt nhất Khai Sơn City - chiết khấu 10.5% - lãi suất 0% trong 18 tháng - quà tặng 80tr,"6,5 tỷ",120 m²,"54,17 tr/m²",3,3,"Ngọc Thụy, Long Biên","21.052315282879, 105.88523049881"
42123493,25/02/2025,Bán căn hộ Dulex 170m2 Sunshine Green Iconic,"12,8 tỷ",170 m²,"75,29 tr/m²",3,4,"Phúc Đồng, Long Biên","21.0407019400688, 105.896838176626"
41905713,21/02/2025,Mua bán chuyển nhượng Sunshine Green Iconic - Mr. Anh Linh 0825 326 ***,"5,56 tỷ",80 m²,"69,5 tr/m²",2,2,"Phúc Đồng, Long Biên","21.040641091280563, 105.89690305561972"
42355886,06/03/2025,QUỸ CĂN BÁN GIÁ TỐT THÁNG 3/ 2025 TẠI LE GRAND JARDIN LONG BIÊN. LH: 0948 247 ***,"4,8 tỷ",85 m²,"56,47 tr/m²",3,2,"Sài Đồng, Long Biên","21.035370521103705, 105.90643955702481"
42349476,06/03/2025,"HÓt hót! Căn góc hoa hậu 65m2 2PN tòa B Valencia tầng trung, view thoáng giá bán nhanh chỉ 3.05 tỷ","3,05 tỷ",65 m²,"46,92 tr/m²",2,N/A,"Đức Giang, Long Biên","21.05610633426813, 105.91184382010809"
42348950,06/03/2025,"Bán căn góc 78m2 - 2PN - 2WC khu đô thị Việt Hưng, BC Đông Nam, view vườn hoa, SĐCC giá 2.8 tỷ","2,8 tỷ",78 m²,"35,9 tr/m²",2,1,"Đức Giang, Long Biên","21.062355689571334, 105.90840690171534"
40193314,05/03/2025,"Bán gấp 5 căn 2PN Vinhomes Symphony, sổ đỏ, view đẹp, giá tốt - cơ hội đầu tư sinh lời cao","5,2 tỷ","66,6 m²","78,08 tr/m²",2,2,"Việt Hưng, Long Biên","21.0461521148682, 105.915649414063"
42345487,05/03/2025,"Căn hộ 113m2 Berriver 3pn 2vs 1kho bán full đồ gỗ, đã có sổ","8,1 tỷ",113 m²,"71,68 tr/m²",3,2,"Bồ Đề, Long Biên","21.0439585972312, 105.877403060799"
41979909,05/03/2025,"Chủ nhà thiện chí cần bán căn 3PN góc, trục đẹp nhất Khai Sơn City: 97m, hg ĐN, view hồ, 6.7x","6,75 tỷ",97 m²,"69,59 tr/m²",3,2,"Ngọc Thụy, Long Biên","21.0523929199502, 105.884099872993"
39959331,05/03/2025,Duplex 169m2 3n4wc nhận nhà ở ngay đủ khoảng tầng giá từ 13.5-16tỷ full nội thất cao cấp + tiện ích,"13,5 tỷ",169 m²,"79,88 tr/m²",3,4,"Phúc Đồng, Long Biên","21.0407333374023, 105.896560668945"
42105114,05/03/2025,Rẻ nhất Khai Sơn - căn 77.5m2(2PN + 2vs) - giá 4.9x tỷ bao phí - bc đông nam,"4,9 tỷ","77,5 m²","63,23 tr/m²",2,2,"Ngọc Thụy, Long Biên","21.0526728033856, 105.885422960173"
42145796,04/03/2025,"Giá siêu hời chỉ với 2,99 tỷ bán CC Valencia Garden, Đức Giang, Long Biên, 62,2m2, nội thất cơ bản",3 tỷ,"62,2 m²","48,22 tr/m²",2,2,"Đức Giang, Long Biên","21.056211409014075, 105.91158061690925"
42330612,04/03/2025,Chính chủ bán căn hộ 77m2 tại Le Grand Jardin Long Biên 4.7 tỷ (Bao thuế phí),"4,7 tỷ",77 m²,"61,04 tr/m²",2,2,"Sài Đồng, Long Biên","21.0359903303785, 105.906255647103"
42272022,04/03/2025,"Bán CC hàng hiếm tại Nguyễn Lam, 4,8 tỷ, 80m2, 2PN, Long Biên, Hà Nội","4,8 tỷ",80 m²,60 tr/m²,2,2,"Phúc Đồng, Long Biên","21.04456540181521, 105.9004077933056"
42326287,04/03/2025,"Hiếm! Bán căn 100m2 Bình Minh Garden 5,8 tỷ (Bao full phí). Hướng mát, view cực đẹp và tầng trung","5,8 tỷ",100 m²,58 tr/m²,3,2,"Đức Giang, Long Biên","21.0691454686014, 105.888566726164"
41455512,04/03/2025,Quỹ căn chuyển nhượng ban quản lý tòa nhà cập nhật tháng 3/2025 tại Le Grand Jardin,"4,5 tỷ",77 m²,"58,44 tr/m²",3,2,"Phúc Đồng, Long Biên","21.0359783172607, 105.906295776367"
42103312,04/03/2025,Căn 3PN góc 80m2 Valencia Việt Hưng - Mua trực tiếp CĐT sẵn sổ sang tên ko qua trung gian,"4,1 tỷ",80 m²,"51,25 tr/m²",3,2,"Đức Giang, Long Biên","21.056328330395488, 105.91224793868201"
42265984,03/03/2025,"Sở hữu căn góc 3 ngủ full nội thất, tầng cao, đã có sổ, trung tâm KĐT Việt Hưng, LB chỉ nhỉnh 4 tỷ",4 tỷ,80 m²,50 tr/m²,3,2,"Đức Giang, Long Biên","21.056198231399637, 105.91116839611146"
41972675,03/03/2025,Tổng hợp các căn hộ 2PN-3PN Jardin - Sài Đồng. Nội thất đầy đủ sổ hồng sẵn tay. Liên hệ: 0947 065 ***,"5,8 tỷ",97 m²,"59,79 tr/m²",3,2,"Sài Đồng, Long Biên","21.0362874067739, 105.906578081942"
42190366,02/03/2025,"Quỹ căn 2PN - 3PN giá tốt nhất dự án Bình Minh Garden - sẵn về ở, có hỗ trợ vay nh - sổ đỏ lâu dài","5,5 tỷ",100 m²,55 tr/m²,3,2,"Đức Giang, Long Biên","21.0690373277328, 105.88816530627"
40174467,02/03/2025,"Chính chủ cần tiền bán nhanh căn 77,5m2 tại Khai Sơn 4.9xx tỷ BP LH nhanh 0342 712 ***","4,97 tỷ","77,5 m²","64,13 tr/m²",2,2,"Ngọc Thụy, Long Biên","21.0521902141787, 105.884963331007"
42310217,02/03/2025,"Bán căn 3PN full đồ giá rẻ, rất đẹp","5,15 tỷ",92 m²,"55,98 tr/m²",3,2,"Đức Giang, Long Biên","21.06886396828781, 105.88879450716482"
42296750,28/02/2025,Căn hộ chung cư đẹp xinh 2 ngủ view công viên 2 ban công ở sướng,"2,92 tỷ",78 m²,"37,44 tr/m²",2,1,"Đức Giang, Long Biên","21.0621070345356, 105.909041133997"
42295533,28/02/2025,"Bán gấp căn hộ 3PN, tầng trung, căn góc tại chung cư Valencia Garden, KĐT Việt Hưng, Long Biên",5 tỷ,"79,1 m²","63,21 tr/m²",3,2,"Đức Giang, Long Biên","21.055901923613824, 105.91171680314633"
42294989,28/02/2025,Chính chủ bán nhanh căn góc 3PN 79m2 tầng trung chung cư Valencia Garden của Vinhome. LH 0962 035 ***,Giá thỏa thuận,79 m²,N/A,3,2,"Đức Giang, Long Biên","21.055688394979263, 105.91130679428277"
42291654,28/02/2025,Chính chủ bán căn 2 ngủ - Tòa K5 - Khai Sơn Long Biên - Tháng 8/2025 nhận bàn giao nhà,"5,45 tỷ","77,7 m²","70,14 tr/m²",2,2,"Ngọc Thụy, Long Biên","21.052742582224155, 105.88405462802143"
42275833,26/02/2025,Cập nhật quỹ căn hộ giá tốt nhất tại Le Grand Jardin Sài Đồng,"5,5 tỷ",85 m²,"64,71 tr/m²",3,2,"Sài Đồng, Long Biên","21.03624966803046, 105.9069434130915"
42171550,25/02/2025,"Bán chung cư Long Biên 3N 79m2, giá chỉ nhỉnh 50tr/m2; sổ hồng lâu dài; nhận nhà ngay 0906 061 ***","4,15 tỷ",79 m²,"52,53 tr/m²",3,N/A,"Đức Giang, Long Biên","21.055940319043756, 105.91165835060772"
42096432,06/03/2025,"Bán căn hộ 2PN BC ĐN view trọn Vinhomes Riverside dự án Valencia Garden, KĐT Việt Hưng 0948 247 ***","3,07 tỷ","60,95 m²","50,37 tr/m²",2,2,"Đức Giang, Long Biên","21.05540107409083, 105.9119679957339"
42355651,06/03/2025,"Mình chính chủ bán căn hộ tầng 14 tòa K6A, giá chỉ 5.5 tỷ LH: 0848 220 ***","5,5 tỷ","77,51 m²","70,96 tr/m²",2,2,"Ngọc Thụy, Long Biên","21.05241533321696, 105.88396979492317"
42096441,06/03/2025,"CĐT bán 2PN BC ĐN view Vinhomes Riverside dự án Valencia Garden, KĐT Việt Hưng 0948 247 ***","3,07 tỷ","60,95 m²","50,37 tr/m²",2,1,"Đức Giang, Long Biên","21.056289007304365, 105.91107021459639"
42042907,06/03/2025,"Bán căn hộ chung cư CT20B, 2ngủ. 2Wc Việt Hưng, đường Nguyễn Văn Linh, Long Biên, Hà Nội, 3,54 tỷ","3,54 tỷ",76 m²,"46,58 tr/m²",2,2,"Đức Giang, Long Biên","21.0626697789099, 105.908416958181"
42178134,06/03/2025,"Bán căn hộ chung cư 2PN, 2WC tại Eco City Việt Hưng, 4,99 tỷ, 78m2","4,99 tỷ",78 m²,"63,97 tr/m²",2,2,"Giang Biên, Long Biên","21.0571490431357, 105.913508758565"
42355272,06/03/2025,"Bán Căn Hộ Chung Cư Homeland DT:92,5m2 .Căn Góc , Vị trí Đẹp . Giá 5.5 Tỷ","5,5 tỷ","92,5 m²","59,46 tr/m²",3,2,"Thượng Thanh, Long Biên","21.0661911415367, 105.888384573577"
42355316,06/03/2025,"Chung cư có thang máy, KĐT Sài Đồng Long Biên- DT 67m2- Giá 3 tỷ.",3 tỷ,67 m²,"44,78 tr/m²",2,N/A,"Sài Đồng, Long Biên","21.035369319282704, 105.91298605310803"
42355169,06/03/2025,Bán gấp CC Homland 65m2 2PN giá 3.8 tỷ,"3,8 tỷ",66 m²,"57,58 tr/m²",2,2,"Thượng Thanh, Long Biên","21.056903024872756, 105.88437998904573"
38816270,06/03/2025,"Suất ngoại giao penhouse thông tầng 181m2, gần ngay Phố Cổ, view sông Hồng cực chill. LH 0988 020 ***",13 tỷ,"181,26 m²","71,72 tr/m²",4,4,"Ngọc Thụy, Long Biên","21.0522689819336, 105.884811401367"
42355119,06/03/2025,"Chung cư Sài Đồng, diện tích 85m2, 3 ngủ, 2 vệ sinh. Nội thất như hình. Chỉ hơn 4tỷ.","4,58 tỷ",85 m²,"53,88 tr/m²",N/A,N/A,"Sài Đồng, Long Biên","21.035263628375326, 105.91251683673045"
41721799,06/03/2025,"Chính chủ cần bán căn chung cư Grand Jardin Sài Đồng, Long Biên, 3PN, căn góc",6 tỷ,97 m²,"61,86 tr/m²",3,2,"Sài Đồng, Long Biên","21.035978317260742, 105.90629577636719"
42235620,06/03/2025,Bán căn 2PN 74m2 Sunshine Green Iconic - trung tâm quận Long Biên giá chỉ 5 ty 6 - LH e 0812 395 ***,"5,6 tỷ",74 m²,"75,68 tr/m²",2,2,"Phúc Đồng, Long Biên","21.0407449243445, 105.896603239856"
41922514,06/03/2025,"Bán nhanh căn hộ chung cư 2tầng 140m2 Ngọc Lâm Long Biên - giá 5,2tỷ","5,2 tỷ",140 m²,"37,14 tr/m²",3,2,"Ngọc Lâm, Long Biên","21.0468252815339, 105.871597271174"
42234412,06/03/2025,Bán studio 28m2 có ban công dài thoáng tại Sunshine Green Iconic trung tâm Long Biên giá chỉ 2ty58,"2,58 tỷ",28 m²,"92,14 tr/m²",1,1,"Phúc Đồng, Long Biên","21.0410418402625, 105.896582522921"
41543496,06/03/2025,"Cực hiếm chung cư Việt Hưng 76m2 2PN, 2WC tầng cao thoáng mát giá 3,29 tỷ","3,3 tỷ",76 m²,"43,41 tr/m²",2,2,"Đức Giang, Long Biên","21.0626907348633, 105.908332824707"
40990361,06/03/2025,"CHCC Valencia Việt Hưng 87m2, 3PN/2WC nhà đẹp thoáng mát full nội thất giá 4,286 tỷ","4,29 tỷ",87 m²,"49,26 tr/m²",3,2,"Đức Giang, Long Biên","21.055845260620117, 105.91175079345703"
42096233,06/03/2025,"Bán căn hộ chung cư Ruby City 3 Phúc Lợi, Long Biên","2,37 tỷ",51 m²,"46,47 tr/m²",2,2,"Giang Biên, Long Biên","21.0363127815224, 105.933825307331"
42107237,06/03/2025,"Bán CC 2PN, 2WC, 54,6m2 tại Ruby City CT3, Phúc Lợi, Long Biên, 2,4 tỷ VND","2,4 tỷ",54 m²,"44,44 tr/m²",N/A,N/A,"Giang Biên, Long Biên","21.036093357076428, 105.93278929406414"
42035704,06/03/2025,"Eco City 2PN 78m2 siêu đẹp, tầng cao, view thoáng, full đồ mới cứng, giá 4,1 tỷ bao phí sang sổ","4,1 tỷ",78 m²,"52,56 tr/m²",2,2,"Giang Biên, Long Biên","21.057773071530757, 105.91301085731348"
41661215,06/03/2025,"Bán căn 3PN góc tầng 8, Hà Nội Homeland, hướng BC Tây Bắc, view Khai Sơn, full đồ, giá 5 tỷ bao phí",5 tỷ,92 m²,"54,35 tr/m²",3,2,"Thượng Thanh, Long Biên","21.0576000213623, 105.88459777832"
42196398,06/03/2025,Cần bán gấp căn 89.53m2 chung cư Khai Sơn City trong tháng2 giá tốt nhất thị trường6.1tỷ 0377 281 ***,"6,1 tỷ","89,53 m²","68,13 tr/m²",3,2,"Thượng Thanh, Long Biên","21.0520558274793, 105.885000393643"
39493046,06/03/2025,"Bán căn 2PN 77m2 toa L2 tầng đẹp, full đồ, hướng đô ng nam view bể bơi. Giá 4.7 tỷ","4,7 tỷ",77 m²,"61,04 tr/m²",2,2,"Sài Đồng, Long Biên","21.0359783172607, 105.906295776367"
42321676,06/03/2025,"Bán căn hộ 3 phòng ngủ góc 113m2 toà Berriver N04 giá nhỉnh 8 tỷ, full đồ cả điện tử mới tinh","8,1 tỷ",113 m²,"71,68 tr/m²",3,2,"Bồ Đề, Long Biên","21.0446324209336, 105.877509594062"
42321589,06/03/2025,Tổng hợp Quỹ căn chuyển nhượng giá Tốt Berriver  Căn 1-2-3-4 Phòng ngủ,"8,1 tỷ",113 m²,"71,68 tr/m²",3,2,"Bồ Đề, Long Biên","21.044868442210245, 105.87742566489781"
41922573,06/03/2025,"Chính chủ bán nhanh căn hộ chung cư 2 tầng 140m2 sàn + 70m2 mái Ngọc Lâm Long Biên - giá 5,2tỷ","5,2 tỷ",140 m²,"37,14 tr/m²",3,2,"Ngọc Lâm, Long Biên","21.0465407163466, 105.871851064495"
42321554,06/03/2025,Bán căn hộ 4 phòng ngủ toà Berriver Jardin full nội thất gồm cả đồ điện tử,11 tỷ,180 m²,"61,11 tr/m²",4,3,"Bồ Đề, Long Biên","21.0450236154856, 105.878281428174"
42321523,06/03/2025,"Bán căn hộ 3 phòng ngủ toà Berriver Jardin giá 5, x tỷ","5,8 tỷ",80 m²,"72,5 tr/m²",3,2,"Bồ Đề, Long Biên","21.0445671319485, 105.87824661282"
42321468,06/03/2025,"Bán căn hộ 1 phòng ngủ toà Berriver N05 full nội thất giá 3, x tỷ","3,95 tỷ","48,5 m²","81,44 tr/m²",1,1,"Bồ Đề, Long Biên","21.0444360379925, 105.877818521417"
42353800,06/03/2025,Giáo viên chuyển trường cần bán hướng Đông Nam Hope residence lh 0972 109 ***,"3,55 tỷ",70 m²,"50,71 tr/m²",2,2,"Phúc Đồng, Long Biên","21.040171601499903, 105.90433523548192"
42353459,06/03/2025,Chính chủ cần bán căn 2 ngủ 65m2 chung cư Hà Nội Homeland Thượng Thanh giá 3.7 tỷ: LH 0916 393 ***,"3,7 tỷ",65 m²,"56,92 tr/m²",2,2,"Thượng Thanh, Long Biên","21.0569277120644, 105.884804322876"
42320970,06/03/2025,"Quỹ căn chuyển nhượng tại dự án Berriver Jardin, 390 nguyễn văn cừ. Lh: 0919 493 ***","5,75 tỷ",80 m²,"71,88 tr/m²",N/A,N/A,"Bồ Đề, Long Biên","21.044588275289033, 105.87779245126364"
42259766,06/03/2025,"Bán căn hộ chung cư City Sông Hồng, gần Ngọc Lâm, 70m2, 2ngủ, nội thất sang xịn, 3xtỷ","3,55 tỷ",70 m²,"50,71 tr/m²",2,2,"Thượng Thanh, Long Biên","21.0543284900093, 105.877808956237"
42336502,06/03/2025,"Cần bán căn hộ 180m2 full đồ, view thoáng, 5PN - 3VS phù hợp với đại gia đình. Đã có sổ hồng",11 tỷ,180 m²,"61,11 tr/m²",5,3,"Bồ Đề, Long Biên","21.044237412221, 105.878709146836"
42336690,06/03/2025,"Căn Hộ ""hiếm"" 111m2, thiết kế theo phòng cách Indochine, 3PN+2VS, 7,8tỷ bao hết thuế phí view đẹp","7,8 tỷ",111 m²,"70,27 tr/m²",3,2,"Bồ Đề, Long Biên","21.044296464073437, 105.87760852292874"
42353264,06/03/2025,Chính chủ bán căn Duplex Khai Sơn City,18 tỷ,212 m²,"84,91 tr/m²",4,3,"Ngọc Thụy, Long Biên","21.05306056082994, 105.88480818618545"
42353222,06/03/2025,Chính chủ bán căn 120m2 tại Khai Sơn,"7,5 tỷ",120 m²,"62,5 tr/m²",3,2,"Ngọc Thụy, Long Biên","21.05212441730126, 105.88515330116347"
41816912,06/03/2025,Bán căn góc 2 ngủ 2 vệ sinh đủ nội thất mới view đẹp và mát nhất dự án Vinhomes Symphony,Giá thỏa thuận,73 m²,N/A,2,2,"Việt Hưng, Long Biên","21.0466019808655, 105.916091868308"
42352410,06/03/2025,0903 103 *** Chính chủ gửi bán chung cư 2N2VS Vinhomes Symphony Long Biên HN,Giá thỏa thuận,61 m²,N/A,2,2,"Việt Hưng, Long Biên","21.04600421712781, 105.91556136703713"
42352612,06/03/2025,"Bán gấp căn hộ 3PN 2WC giá siêu hời tại Berriver Jardin, Long Biên, Hà Nội, 7,8 tỷ, 111m2","7,8 tỷ",111 m²,"70,27 tr/m²",3,2,"Bồ Đề, Long Biên","21.0448049204066, 105.877878060103"
42207203,06/03/2025,Quỹ căn chuyển nhượng Berriver Jardin 390 Nguyễn Văn Cừ,"4,65 tỷ",65 m²,"71,54 tr/m²",2,2,"Bồ Đề, Long Biên","21.0439435016933, 105.87823631136"
42352333,06/03/2025,"Toà No10 Sài Đồng tầng cao, DT 67m2, 2,95 tỷ","2,95 tỷ",67 m²,"44,03 tr/m²",2,1,"Sài Đồng, Long Biên","21.0344352624736, 105.913563855673"
42352818,06/03/2025,"Bán căn 2PN, cạnh Aeon Long Biên, có slot để xem, full nội thất xịn, đẹp long lanh",Giá thỏa thuận,"99,4 m²",N/A,N/A,N/A,"Long Biên, Long Biên","21.031083941563804, 105.900770424193"
41339068,06/03/2025,Bán căn hộ 3PN chung cư Sunshine Green Iconic,"8,28 tỷ",108 m²,"76,67 tr/m²",3,2,"Phúc Đồng, Long Biên","21.0407333374023, 105.896560668945"
42352759,06/03/2025,"Anh trai em có nhu cầu chuyển nhà xuống mặt đất bán lại căn HC Golden-2N2W-72m- nhà đẹp,tầng cao",Giá thỏa thuận,72 m²,N/A,2,2,"Bồ Đề, Long Biên","21.037437314979176, 105.87310596216382"
42190108,06/03/2025,"Tôi bán gấp căn 100m2 Le Grand Jardin giá 5.8 tỷ bao phí, đã có sổ đỏ chính chủ","5,8 tỷ",100 m²,58 tr/m²,3,2,"Sài Đồng, Long Biên","21.036331420814342, 105.90607859249029"
41998162,06/03/2025,"Chính chủ bán căn 93m2 3n2vs view hồ siêu đẹp giá 5,1 tỷ","5,1 tỷ",93 m²,"54,84 tr/m²",3,2,"Sài Đồng, Long Biên","21.0354933924416, 105.906880586524"
42352656,06/03/2025,Bán căn hộ 2PN đủ đồ như hình. Liên hệ: 035205199,"5,3 tỷ",72 m²,"73,61 tr/m²",N/A,N/A,"Bồ Đề, Long Biên","21.036880842375922, 105.87299228175745"
42352544,06/03/2025,"Bán căn 2 PN chung cư Northern Diamond, cạnh Aeon Long Biên, có slot để xe",Giá thỏa thuận,"94,4 m²",N/A,2,2,"Long Biên, Long Biên","21.031665657676054, 105.9013303853225"
41010794,06/03/2025,"Bán căn hộ 3 PN chung cư Northern Diamond, có slot để xe, gần Aeon Long Biên, Hà Nội",Giá thỏa thuận,100 m²,N/A,3,2,"Long Biên, Long Biên","21.03144645690918, 105.90082550048828"
42315543,06/03/2025,"Chính chủ bán căn góc KĐT Việt Hưng, Long Biên: 89.7m2, 3PN, 2WC",Giá thỏa thuận,"89,7 m²",N/A,3,2,"Đức Giang, Long Biên","21.063504545353982, 105.90859640071477"
42320096,06/03/2025,"Bán căn hộ chung cư 3PN, 2WC tại Berriver Jardin Long Biên, 7,8 tỷ, 111m2","7,8 tỷ",111 m²,"70,27 tr/m²",3,2,"Bồ Đề, Long Biên","21.04387300454682, 105.87764040647147"
42278920,06/03/2025,"Hiếm! Bán căn 96m2 Bình Minh Garden 5,1 tỷ (Bao full phí). Hướng mát, full đồ xách vali về ở","5,1 tỷ",96 m²,"53,12 tr/m²",3,2,"Đức Giang, Long Biên","21.068847065266752, 105.88759637203955"
40073649,06/03/2025,Trực tiếp CĐT duplex penthouse Khai Sơn City 12.7 tỷ view Vin Cổ Loa CK 15% vay 0% 18th 0964 364 ***,Giá thỏa thuận,167 m²,N/A,3,4,"Ngọc Thụy, Long Biên","21.0522689819336, 105.884811401367"
41057908,06/03/2025,"Căn hộ penthouse, view hồ điều hoà 22ha, DT 167m2, giá chỉ 69tr/m2, sát phố Cổ - Khai Sơn City","11,6 tỷ",167 m²,"69,46 tr/m²",3,2,"Ngọc Thụy, Long Biên","21.052268981933594, 105.88481140136719"
42265671,06/03/2025,Bán căn góc 3PN 80m2 full đồ giá 4.51 tỷ Valencia Garden view trọn Vinhomes Riverside 0964 364 ***,"4,14 tỷ",80 m²,"51,75 tr/m²",3,2,"Đức Giang, Long Biên","21.055914000569583, 105.9120924622433"
21876967,06/03/2025,"Chính chủ cần bán gấp chung cư Ecohome Phúc Lợi 70m2 có 2 ngủ 2VS, full nội thất, giá 3,2 tỷ","3,2 tỷ",70 m²,"45,71 tr/m²",2,2,"Phúc Lợi, Long Biên","21.0423583984375, 105.927299499512"
31251099,06/03/2025,Cần bán chung cư Ecohome Phúc Lợi 58m2 2 ngủ 2 vệ sinh full nội thất giá 2 tỷ 780 triệu,"2,78 tỷ",58 m²,"47,93 tr/m²",2,2,"Phúc Lợi, Long Biên","21.0423583984375, 105.927299499512"
42307379,06/03/2025,"Chính chủ bán căn 92m2, 3 phòng ngủ, Bình Minh Garden. Full đồ. (Bao phí sang tên)","4,99 tỷ",92 m²,"54,24 tr/m²",3,2,"Đức Giang, Long Biên","21.0686551163562, 105.887382055163"
40801426,06/03/2025,"Eco city Việt Hưng. Duy nhất căn 72m2 full đồ hướng đông bắc view siêu thoáng, giá 4 tỷ bao phí",4 tỷ,72 m²,"55,56 tr/m²",2,2,"Giang Biên, Long Biên","21.0577354431152, 105.913352966309"
40801525,06/03/2025,"Bán CH 3PN, 95m2, tầng 12A toà K5 siêu đẹp, BC Đông Nam, view trực diện công viên hồ, giá 6 tỷ",6 tỷ,95 m²,"63,16 tr/m²",3,2,"Thượng Thanh, Long Biên","21.052269, 105.88481"
40826956,06/03/2025,CẦN BÁN NHANH CĂN CHUNG CƯ CAO CẤP 72m2 TÒA HC Golden City 319 Hồng Tiến - GIÁ TỐT,"5,5 tỷ",72 m²,"76,39 tr/m²",2,2,"Bồ Đề, Long Biên","21.0371780395508, 105.873069763184"
41678243,06/03/2025,"Bán CC 2PN, 2WC tại Việt Hưng, Long Biên, 2,9 tỷ, 65m2 giá tốt hàng hiếm tại","2,9 tỷ",65 m²,"44,62 tr/m²",2,2,"Đức Giang, Long Biên","21.06269, 105.90833"
42351301,06/03/2025,"Bán CC Hà Nội Homeland, 3,87 tỷ, 65m2, 2PN, 2WC, pháp lý đầy đủ","3,87 tỷ",65 m²,"59,54 tr/m²",2,2,"Thượng Thanh, Long Biên","21.057344329789252, 105.8849485531035"
41921293,06/03/2025,"Chính chủ bán căn 77m2 Le Grand Jardin, full nội thất, giá 4,2 tỷ","4,2 tỷ",77 m²,"54,54 tr/m²",2,2,"Sài Đồng, Long Biên","21.036342570735997, 105.90583734487987"
40748773,06/03/2025,"Bán căn hộ 2PN Vinhomes Symphony Riverside Long Biên, view bể bơi, biệt thự đẳng cấp, giá tốt",Giá thỏa thuận,64 m²,N/A,2,2,"Việt Hưng, Long Biên","21.046152114868164, 105.9156494140625"
40967243,06/03/2025,"Chính chủ cần bán căn 3N góc 125m2 tầng cao bc Đông Nam tòa N01 đủ đồ giá: 7,4 tỷ Premier Berriver","7,4 tỷ",125 m²,"59,2 tr/m²",3,2,"Bồ Đề, Long Biên","21.044317, 105.87786"
42351100,06/03/2025,"Căn hộ 3Pn giá Tốt Nhất Quận Long Biên Tại Valencia Garden - Chỉ 4,1 tỷ LH Xem Nhà: 0986 326 ***","4,1 tỷ",80 m²,"51,25 tr/m²",3,2,"Đức Giang, Long Biên","21.0557709251651, 105.91173901318687"
42145819,06/03/2025,"Bán CC Valencia Garden, Đức Giang, Long Biên, 62,2m2, chỉ với 2,99 tỷ có 2PN, 2WC, nội thất cơ bản",3 tỷ,"62,2 m²","48,22 tr/m²",2,1,"Đức Giang, Long Biên","21.0558015891255, 105.912213639417"
36455854,06/03/2025,Bán căn hộ DT 78m2 thiết kế 2pn tại Ecocity vài bước tới trường quốc tế Marie Curie LH: 0855 236 ***,Giá thỏa thuận,78 m²,N/A,2,2,"Giang Biên, Long Biên","21.0577354431152, 105.913352966309"
42251752,06/03/2025,Khu nhà ở xã hội Thượng Thanh Long Biên,Giá thỏa thuận,63 m²,N/A,2,2,"Thượng Thanh, Long Biên","21.065455205652228, 105.88819139667888"
42251377,06/03/2025,"Em bán căn hộ 3PN chung cư Bình Minh Garden, nhà mới tinh chưa ở. Giá 5 tỷ bao thuế phí",5 tỷ,96 m²,"52,08 tr/m²",3,2,"Đức Giang, Long Biên","21.0690975189209, 105.888038635254"
42337364,06/03/2025,Bán căn hộ 84m2 (2PN - 2VS) giá 5tỷ. Full nội thất - Ban công Đông Nam. Liên hệ xem nhà: 0947 065 ***,5 tỷ,84 m²,"59,52 tr/m²",2,2,"Sài Đồng, Long Biên","21.0364928969346, 105.90635372929"
42316982,06/03/2025,"Bán căn hộ 64m2 (2PN - 2VS) giá 4,2 tỷ. Tầng đẹp + view đẹp + full đồ + sổ đỏ. Liên hệ: 0947 065 ***","4,2 tỷ",64 m²,"65,62 tr/m²",2,2,"Sài Đồng, Long Biên","21.0355558716901, 105.905557549809"
42350475,06/03/2025,"Bán căn chung cư 68m2, sổ đỏ, khu đô thị Sài Đồng, long biên , giá 2.9","2,9 tỷ",68 m²,"42,65 tr/m²",2,2,"Sài Đồng, Long Biên","21.0352670014571, 105.912593020582"
41768374,06/03/2025,"Bán nhanh căn 3pn2WC 95m2 đồ cơ bản, tầng 24, giá bán 5,1 tỷ bao phí sang tên",5 tỷ,95 m²,"52,63 tr/m²",3,2,"Đức Giang, Long Biên","21.0690975189209, 105.8880386352539"
42265307,06/03/2025,"Chính chủ cần bán căn góc 3pn2wc, 97m2, toà G3, tầng trung view vinhomes siêu đẹp. Giá 6,2 sẵn sổ.","6,2 tỷ",97 m²,"63,92 tr/m²",3,2,"Sài Đồng, Long Biên","21.03655406895129, 105.905856367701"
42239357,06/03/2025,"Hiếm! 3PN2WC valencia garden KĐT Việt Hưng full đồ, giá 4,140tr bao phí.","41,4 triệu",80 m²,"517,5 nghìn/m²",3,2,"Đức Giang, Long Biên","21.0551718154448, 105.912006358959"
42319170,06/03/2025,"Căn hộ Hanoi Homeland 58m2 đã có sổ, full nội thất, giá tốt, 0986 168 ***","3,48 tỷ",58 m²,60 tr/m²,2,2,"Thượng Thanh, Long Biên","21.057909777165747, 105.88527311955302"
42350407,06/03/2025,"Bán căn góc chung cư KĐT Sài Đồng, Long Biên 70m2  3 ngủ -2vs giá 3ty5 bao phí","3,5 tỷ",70 m²,50 tr/m²,3,2,"Sài Đồng, Long Biên","21.03514281833395, 105.912691121358"
42259477,06/03/2025,"Căn hộ đẹp, nhiều tiện ích tại KĐT Việt Hưng, giá thỏa thuận, 79m2 - 2PN",Giá thỏa thuận,79 m²,N/A,2,1,"Đức Giang, Long Biên","21.0629280877052, 105.908341521035"
42349987,06/03/2025,"Bán căn hộ chung cư KĐT Sài đồng. 67m . Giá: 2,92 tỷ Lh: 0984 373 ***","2,92 tỷ",67 m²,"43,58 tr/m²",2,1,"Sài Đồng, Long Biên","21.034958050369557, 105.91226939823223"
42350192,06/03/2025,"Bán căn hộ tâm huyết 120m2 3PN 2WC tòa Green Park CT15 tầng cao, view thoáng, sẵn sổ CC giá 7,2 tỷ","7,2 tỷ",120 m²,60 tr/m²,3,2,"Giang Biên, Long Biên","21.064593007780974, 105.91108997802154"
42349937,06/03/2025,Bán chung cư CT15 Greenpark Việt Hưng-Long Biên-72m 2n2wc tầng trung-full nội thất-giá 4.38 tỷ,"4,38 tỷ",72 m²,"60,83 tr/m²",2,2,"Giang Biên, Long Biên","21.064765963161918, 105.91028313055297"
38971203,06/03/2025,"Chính chủ bán gấp căn K3 Khai Sơn City thiết kế 101m2, căn hoa hậu tầng đẹp. LH 0988 020 ***","5,5 tỷ",101 m²,"54,46 tr/m²",3,2,"Ngọc Thụy, Long Biên","21.0520788777175, 105.884652438504"
42245729,06/03/2025,Bán căn hộ studio 28m2 Sunshine Green Iconic Long Biên nhà mới giá chỉ 2ty6 - em cường 0976 044 ***,"2,6 tỷ",28 m²,"92,86 tr/m²",N/A,N/A,"Phúc Đồng, Long Biên","21.0413167336662, 105.895853638232"
42131977,06/03/2025,"Chính chủ cần bán căn hộ tầng 18 hướng mát, 55m2/2PN/2WC. Giá 2.750 tỷ bao thuế phí, sẵn sổ đỏ GD.","2,75 tỷ",55 m²,50 tr/m²,2,2,"Phúc Lợi, Long Biên","21.042416135973234, 105.92725538432636"
42349744,06/03/2025,"Bán CC Hà Nội Homeland, 3,8 tỷ, 65m2, 2PN, tiện ích đầy đủ, đẹp mê ly","3,8 tỷ",65 m²,"58,46 tr/m²",2,2,"Thượng Thanh, Long Biên","21.0574019988934, 105.885237808434"
42219289,06/03/2025,Độc quyền Quỹ Valencia Long Biên căn 3N-Tây Bắc-View trường Marie Curie-TT CĐT_ 0979 209 ***,"4,14 tỷ",80 m²,"51,75 tr/m²",3,2,"Đức Giang, Long Biên","21.055462755199137, 105.91145720860342"
42104387,06/03/2025,"Chủ nhà cần tiền bán gấp căn Khai Sơn 3ngủ góc 2 mặt thoáng view hồ hướng Đông Nam 96m2 giá 6,5x tỷ","6,55 tỷ",97 m²,"67,53 tr/m²",3,2,"Ngọc Thụy, Long Biên","21.051891660793334, 105.88557374548489"
42349673,06/03/2025,"Chung cư sát Việt Hưng 70m2 2PN, 2WC tầng đẹp thoáng mát giá 3,25 tỷ","3,25 tỷ",70 m²,"46,43 tr/m²",2,2,"Giang Biên, Long Biên","21.0675829337041, 105.914103335313"
42349406,06/03/2025,"Em cần bán căn hộ tại P3 Việt Hưng. S:79m2. 2 ngủ 2wc
Full nội thất","3,35 tỷ",79 m²,"42,4 tr/m²",2,2,"Đức Giang, Long Biên","21.062139348465465, 105.90886981405075"
39475832,06/03/2025,Bán căn 3 ngủ tầng trung ban công Đông Nam tại Mipec Long Biên.,"8,9 tỷ",120 m²,"74,17 tr/m²",3,2,"Ngọc Lâm, Long Biên","21.045909289173892, 105.86669816154125"
42349591,06/03/2025,"Hàng hiếm tại Ruby City, Giang Biên, Long Biên, Hà Nội: Căn 65m2 2PN 2WC chỉ 2.9 tỷ sẵn sổ hồng","2,9 tỷ",65 m²,"44,62 tr/m²",2,2,"Giang Biên, Long Biên","21.05892877003937, 105.9146147634734"
42349578,06/03/2025,"Căn góc chung cư Ecocity Việt Hưng 78m2 2PN/2WC ban công thoáng mát giá 3,99 tỷ","3,99 tỷ",73 m²,"54,66 tr/m²",2,2,"Giang Biên, Long Biên","21.057558013198562, 105.9129639046331"
40242186,06/03/2025,Bán căn 3PN giá rẻ nhất Sunshine Green Iconic Long Biên - nội thất cao cấp liền tường nhập khẩu Đức,"8,6 tỷ","105,5 m²","81,52 tr/m²",3,2,"Phúc Đồng, Long Biên","21.0407333374023, 105.896560668945"
41708850,06/03/2025,CHCC Long Biên 2PN 74m2 80m2 từ 5.9 tỷ & duplex 169m2 từ 14 tỷ nhận nhà ở ngay,"6,1 tỷ",80 m²,"76,25 tr/m²",2,2,"Phúc Đồng, Long Biên","21.0407333374023, 105.896560668945"
41682656,06/03/2025,CHCC Long Biên 2PN 74m2 80m2 từ 5.9 tỷ & duplex 3PN 154m2 169m2 từ 14 tỷ nhận nhà ở ngay,6 tỷ,80 m²,75 tr/m²,2,2,"Phúc Đồng, Long Biên","21.040733337402344, 105.89656066894531"
42348909,06/03/2025,"Chính chủ bán căn 66m2(2pn2vs) Hà Nội Homeland. Đầy đủ nội thất. Hướng ĐN. Sổ hồng trao tay 3,8 tỷ","3,8 tỷ",66 m²,"57,58 tr/m²",2,2,"Thượng Thanh, Long Biên","21.057504677914867, 105.883765875627"
42348859,06/03/2025,"Hàng hiếm tại Bình Minh Garden, 5,65 tỷ, 95m2, 3PN, 2WC, full nội thất","5,65 tỷ",95 m²,"59,47 tr/m²",3,2,"Đức Giang, Long Biên","21.068992388870576, 105.88808254447126"
42118412,06/03/2025,Bán hàng hiếm căn hộ 2 ngủ 2wc nhà thương mại LH 0972 109 *** xem nhà 24/24,"3,55 tỷ",77 m²,"46,1 tr/m²",2,2,"Phúc Đồng, Long Biên","21.040493130494, 105.905001328618"
42349073,06/03/2025,"Bán căn góc 90m2 3PN - 2wc tại KĐT Việt Hưng, tầng đẹp view thoáng, SĐCC giao dịch luôn giá 3.6 tỷ","3,6 tỷ",90 m²,40 tr/m²,3,2,"Đức Giang, Long Biên","21.0633203672773, 105.90771781551842"
41750616,06/03/2025,Chính chủ bán căn H4 - 0909 full nội thất. ĐT: 0964 888 ***,"3,6 tỷ",70 m²,"51,43 tr/m²",2,2,"Phúc Đồng, Long Biên","21.040499, 105.90479"
42348669,06/03/2025,"Chính chủ cần chuyển nhượng căn hộ 3 phòng ngủ tại Bình Minh Garden - Long Biên, Hà Nội","5,7 tỷ","100,25 m²","56,86 tr/m²",3,2,"Đức Giang, Long Biên","21.069118209434126, 105.88806742316696"
42347629,06/03/2025,Em cần bán căn hộ full nội thất đẹp tại Ecohome Phúc Lợi. S: 48m2 3 ngủ 2wc,"3,8 tỷ",48 m²,"79,17 tr/m²",3,2,"Phúc Lợi, Long Biên","21.041689126024902, 105.9275197004238"
42106398,06/03/2025,Chính chủ bán căn góc 106m2 - 3N 2VS Le Grand Jardin. Nhà mới ở ngay full nội thất nhập khẩu,"6,7 tỷ",106 m²,"63,21 tr/m²",3,2,"Sài Đồng, Long Biên","21.0363050963431, 105.906728404727"
41355752,06/03/2025,"Hà Nội Homeland chính chủ bán căn 70m2 (2pn2vs). Nội thất đầy đủ, gần cầu Chương Dương. Giá 3,85tỷ","3,85 tỷ",70 m²,55 tr/m²,2,2,"Thượng Thanh, Long Biên","21.057600021362305, 105.88459777832031"
40145627,06/03/2025,"Chính chủ bán căn 70m(2PN) chung cư Homeland. Ban công view hồ 15ha. Nội thất gắn tường. Bán 3,8tỷ","3,85 tỷ",70 m²,55 tr/m²,2,2,"Thượng Thanh, Long Biên","21.0576000213623, 105.88459777832"
42271095,06/03/2025,"Quỹ căn đẹp, giá hợp lý mua bán chung cư cao cấp Sunshine Green Iconic. 0347 299 ***","5,75 tỷ",74 m²,"77,7 tr/m²",2,2,"Phúc Đồng, Long Biên","21.0408273328834, 105.896576631237"
42227313,06/03/2025,"Trực tiếp CĐT, căn hộ 2PN 78m2 sẵn sổ, mới nguyên, ở ngay, giá chỉ 56tr/m2","4,43 tỷ",78 m²,"56,74 tr/m²",2,2,"Giang Biên, Long Biên","21.057326934015865, 105.91368199247513"
41669924,06/03/2025,"Bán căn 2 ngủ chung cư Khai Sơn City, S= 77,51 m2, tầng cao, view hồ 16ha","5,85 tỷ","77,51 m²","75,47 tr/m²",2,2,"Ngọc Thụy, Long Biên","21.0522689819336, 105.884811401367"
42348126,06/03/2025,Chủ nhà cần bán nhanh căn CT17 2n1w-73.5m2. Giá thoả thuận. Liên hệ: 0962 330 ***,"3,28 tỷ","73,5 m²","44,63 tr/m²",2,1,"Đức Giang, Long Biên","21.070283828320807, 105.90701145964607"
40356861,06/03/2025,"chính chủ Bán căn 76m2 giá 4,6tỷ tầng trung hướng Đông Nam, đã có sổ chính chủ","4,6 tỷ",76 m²,"60,53 tr/m²",2,2,"Sài Đồng, Long Biên","21.0359783172607, 105.906295776367"
42348036,06/03/2025,"Bán căn hộ 98m2 B17 Sài Đồng full nội thất 3PN 2WC, trung tâm quận, giá 42tr/m2 LH: 0902 132 ***","4,12 tỷ",98 m²,42 tr/m²,3,2,"Sài Đồng, Long Biên","21.034107913720852, 105.91239144089808"
42249336,06/03/2025,"Chính chủ bán căn hộ H3 70m2 Hope Residence, view đẹp, căn thương mại sang tên ngay",Giá thỏa thuận,70 m²,N/A,2,2,"Phúc Đồng, Long Biên","21.0404987335205, 105.904792785645"
41315971,06/03/2025,"Chính chủ bán căn hộ Ecohome Phúc Lợi - Long Biên - 107m2, 3PN, 2WC","5,29 tỷ",107 m²,"49,44 tr/m²",3,2,"Phúc Lợi, Long Biên","21.0423583984375, 105.927299499512"
42347970,06/03/2025,"Bán căn hộ chung cư TSG Lotus Sài Đồng, 4,8 tỷ, 83 m2 2PN+1","4,8 tỷ",83 m²,"57,83 tr/m²",2,2,"Việt Hưng, Long Biên","21.0594643100902, 105.899285736373"
42217693,06/03/2025,"Bán căn hộ 2 ngủ chung cư Rubycity3 Phúc Lợi, 50m. LH: 0949 849 ***","2,3 tỷ",50 m²,46 tr/m²,2,2,"Giang Biên, Long Biên","21.03568896002374, 105.93337490558402"
41055461,06/03/2025,Chính chủ bán căn 3 phòng ngủ full đồ cao cấp diện tích 100m2,"5,1 tỷ",100 m²,51 tr/m²,3,2,"Đức Giang, Long Biên","21.069098707788747, 105.88803926892733"
42224040,06/03/2025,Siêu phẩm 3PN góc tại Hà Nội Homeland,"5,5 tỷ","92,5 m²","59,46 tr/m²",3,2,"Thượng Thanh, Long Biên","21.0561202620952, 105.884473454207"
42009461,06/03/2025,"Cần bán 2 suất ngoại giao Pen Duplex 2 tầng View sân bay Gia Lâm, Sông Hồng Nguyễn Văn Cừ Long Biên","17,99 tỷ","321,2 m²",56 tr/m²,N/A,N/A,"Bồ Đề, Long Biên","21.044404162032123, 105.87791740098696"
42315601,06/03/2025,"Bán CC 3PN, 90m2, giá thỏa thuận tại Việt Hưng, Long Biên, Hà Nội - Chính chủ bao đẹp",Giá thỏa thuận,90 m²,N/A,3,2,"Đức Giang, Long Biên","21.06305997667406, 105.90747301891898"
42347676,06/03/2025,"Chủ nhà cần bán 95m2, 3PN2VS,View Cầu, Bình Minh Garden. Full đồ. (Bao phí sang tên)","5,6 tỷ",95 m²,"58,95 tr/m²",3,2,"Đức Giang, Long Biên","21.068953036420094, 105.88797213435743"
42347233,06/03/2025,Em cần bán căn hộ tại RuBy CT3 Phúc Lợi. Diện tích: 48m2 với thiết kế 2 ngủ và 2 wc,"2,35 tỷ",48 m²,"48,96 tr/m²",2,2,"Giang Biên, Long Biên","21.0364659218401, 105.933887039434"
42338132,05/03/2025,"Iconic LB đã có sổ 2PN 74m2 80m2 từ 5.850 & 80m2 từ 6. X tỷ, duplex 169m2 từ 13.5tỷ nhận nhà ở ngay","13,5 tỷ",169 m²,"79,88 tr/m²",3,4,·,"21.0406817765538, 105.89605482277388"
42262144,27/02/2025,"Cư dân Sunshine Green Iconic bán CH (1ngủ: 4tỷ, 2 ngủ: 6tỷ, 3ngủ: 8 tỷ, duplex: 13tỷ) 0981 757 ***","5,5 tỷ",74 m²,"74,32 tr/m²",2,2,·,"21.040900588957857, 105.8968350782629"
42274606,04/03/2025,"Bán căn hộ chung cư học viện Hậu Cần, Ngọc Thụy, Long Biên, Hà Nội","3,25 tỷ",72 m²,"45,14 tr/m²",2,2,"Ngọc Thụy, Long Biên","21.0500192907022, 105.866762134029"
42329918,04/03/2025,"Chính chủ cần bán căn hộ 73m2 toà C tầng 6 CC Eco City Việt Hưng, full nội thất cách Hồ Gươm 6,5km",4 tỷ,73 m²,"54,8 tr/m²",2,2,"Giang Biên, Long Biên","21.0578153177369, 105.913609985707"
42250332,03/03/2025,Cực rẻ - căn sân vườn 120m2(3PN + 3vs) - đẹp nhất Khai Sơn City - giá chỉ 54.9 triệu/m2,"6,59 tỷ",120 m²,"54,9 tr/m²",3,3,"Ngọc Thụy, Long Biên","21.05230381582268, 105.88457737563667"
42318571,03/03/2025,"Quỹ căn hộ, duplex, sky villa giá rẻ độc quyền sunshine green iconic long biên - E Cường 0976 044 ***","5,5 tỷ",74 m²,"74,32 tr/m²",2,N/A,"Phúc Đồng, Long Biên","21.0405763048813, 105.896531293145"
42164654,02/03/2025,Quỹ căn chuyển nhượng cắt lỗ giá rẻ nhất thị trường tại Sunshine Green Iconic - Em Long 0355 863 ***,"5,4 tỷ",80 m²,"67,5 tr/m²",2,N/A,"Phúc Đồng, Long Biên","21.0403630930654, 105.895956964573"
42308391,02/03/2025,Cần tiền bán gấp trong tuần căn 2PN 74m2 tòa GH3 KĐT Việt Hưng - Long Biên ĐN tầng trung thoáng đẹp,"3,35 tỷ",74 m²,"45,27 tr/m²",2,2,"Đức Giang, Long Biên","21.070209256839224, 105.90681211932284"
42121125,01/03/2025,"Bán căn hộ Valencia Garden, 4,03 tỷ, 80m2, 3PN, 2WC giá cực chất tại Đức Giang, Long Biên, Hà Nội","4,03 tỷ",80 m²,"50,38 tr/m²",3,2,"Đức Giang, Long Biên","21.0552396678737, 105.911193535567"
42170779,01/03/2025,Quỹ căn giá tốt nhất Khai Sơn City - chiết khấu 10.5% - lãi suất 0% trong 18 tháng - quà tặng 80tr,"6,5 tỷ",120 m²,"54,17 tr/m²",3,3,"Ngọc Thụy, Long Biên","21.052315282879, 105.88523049881"
42123493,25/02/2025,Bán căn hộ Dulex 170m2 Sunshine Green Iconic,"12,8 tỷ",170 m²,"75,29 tr/m²",3,4,"Phúc Đồng, Long Biên","21.0407019400688, 105.896838176626"
41905713,21/02/2025,Mua bán chuyển nhượng Sunshine Green Iconic - Mr. Anh Linh 0825 326 ***,"5,56 tỷ",80 m²,"69,5 tr/m²",2,2,"Phúc Đồng, Long Biên","21.040641091280563, 105.89690305561972"
42355886,06/03/2025,QUỸ CĂN BÁN GIÁ TỐT THÁNG 3/ 2025 TẠI LE GRAND JARDIN LONG BIÊN. LH: 0948 247 ***,"4,8 tỷ",85 m²,"56,47 tr/m²",3,2,"Sài Đồng, Long Biên","21.035370521103705, 105.90643955702481"
42349476,06/03/2025,"HÓt hót! Căn góc hoa hậu 65m2 2PN tòa B Valencia tầng trung, view thoáng giá bán nhanh chỉ 3.05 tỷ","3,05 tỷ",65 m²,"46,92 tr/m²",2,N/A,"Đức Giang, Long Biên","21.05610633426813, 105.91184382010809"
42348950,06/03/2025,"Bán căn góc 78m2 - 2PN - 2WC khu đô thị Việt Hưng, BC Đông Nam, view vườn hoa, SĐCC giá 2.8 tỷ","2,8 tỷ",78 m²,"35,9 tr/m²",2,1,"Đức Giang, Long Biên","21.062355689571334, 105.90840690171534"
40193314,05/03/2025,"Bán gấp 5 căn 2PN Vinhomes Symphony, sổ đỏ, view đẹp, giá tốt - cơ hội đầu tư sinh lời cao","5,2 tỷ","66,6 m²","78,08 tr/m²",2,2,"Việt Hưng, Long Biên","21.0461521148682, 105.915649414063"
42345487,05/03/2025,"Căn hộ 113m2 Berriver 3pn 2vs 1kho bán full đồ gỗ, đã có sổ","8,1 tỷ",113 m²,"71,68 tr/m²",3,2,"Bồ Đề, Long Biên","21.0439585972312, 105.877403060799"
41979909,05/03/2025,"Chủ nhà thiện chí cần bán căn 3PN góc, trục đẹp nhất Khai Sơn City: 97m, hg ĐN, view hồ, 6.7x","6,75 tỷ",97 m²,"69,59 tr/m²",3,2,"Ngọc Thụy, Long Biên","21.0523929199502, 105.884099872993"
39959331,05/03/2025,Duplex 169m2 3n4wc nhận nhà ở ngay đủ khoảng tầng giá từ 13.5-16tỷ full nội thất cao cấp + tiện ích,"13,5 tỷ",169 m²,"79,88 tr/m²",3,4,"Phúc Đồng, Long Biên","21.0407333374023, 105.896560668945"
42105114,05/03/2025,Rẻ nhất Khai Sơn - căn 77.5m2(2PN + 2vs) - giá 4.9x tỷ bao phí - bc đông nam,"4,9 tỷ","77,5 m²","63,23 tr/m²",2,2,"Ngọc Thụy, Long Biên","21.0526728033856, 105.885422960173"
42345229,05/03/2025,"Bán căn hộ 2PN, 2WC, 65m2 tại Hà Nội Homeland, 3,8 tỷ VND, view đẹp","3,8 tỷ",65 m²,"58,46 tr/m²",2,2,"Thượng Thanh, Long Biên","21.0575822691314, 105.883912825554"
40687134,05/03/2025,"Cần chuyển nhượng căn hộ chung cư 2PN 69,2m2 Hanoi Homeland","3,85 tỷ","69,2 m²","55,64 tr/m²",2,2,"Thượng Thanh, Long Biên","21.0659586967881, 105.888252167919"
34372514,05/03/2025,"Bán căn hộ 02 phòng ngủ diện tích 48,5m2 ở Ruby City 3 Phúc Lợi","2,3 tỷ","48,5 m²","47,42 tr/m²",2,2,"Giang Biên, Long Biên","21.0363063812256, 105.933120727539"
42317729,05/03/2025,"Chính chủ bán Valencia Garden Việt Hưng Long Biên, HN: 60m2,2PN, 2wc","3,37 tỷ",60 m²,"56,13 tr/m²",2,2,"Đức Giang, Long Biên","21.0561839676543, 105.9114177124"
42315279,05/03/2025,"Hót hóT, chính chủ bán căn hộ siêu đẹp Ruby City Giang Biên: 70m2, 2PN, 2WC",Giá thỏa thuận,70 m²,N/A,2,2,"Giang Biên, Long Biên","21.0590371887301, 105.914511243253"
42185167,05/03/2025,Chính chủ bán căn 3 ngủ 101m2 tòa K2 Khai Sơn Long Biên ban công Đông nam nhìn thẳng ra công viên,"6,8 tỷ",101 m²,"67,33 tr/m²",3,2,"Ngọc Thụy, Long Biên","21.0518912752956, 105.884556634689"
39764338,05/03/2025,"Chủ nhà cần bán gấp trong tháng 1 giá tốt - căn 2PN 89m2 tầng đẹp nhận nhà ở ngay giá 5,2tỷ","5,8 tỷ","89,53 m²","64,78 tr/m²",2,2,"Thượng Thanh, Long Biên","21.0519986320595, 105.884513571979"
42001611,05/03/2025,Chính chủ chuyển công tác cần bán gấp trong tháng 01 căn hộ 3PN - 2Vs diện tích 80m2 full nội thất,"5,7 tỷ",80 m²,"71,25 tr/m²",3,2,"Bồ Đề, Long Biên","21.02894860978742, 105.85244722590335"
42001745,05/03/2025,"Chính chủ, bán căn 101m2, 3 phòng ngủ, tầng trung, nhà đẹp, chung cư Berriver, giá chỉ 6.9 tỷ","6,9 tỷ",101 m²,"68,32 tr/m²",3,2,"Bồ Đề, Long Biên","21.02894860978742, 105.85244722590335"
42014467,05/03/2025,"Chính chủ cần bán gấp căn 101m2 tầng 12 3PN rẻ nhất Khai Sơn City chỉ 6,1 tỷ có hỗ trợ vay bank","6,1 tỷ",101 m²,"60,4 tr/m²",3,2,"Ngọc Thụy, Long Biên","21.05208362022645, 105.88517232578691"
42018950,05/03/2025,"Chính chủ chuyển nhượng căn góc 3PN 96.87m2, tầng đẹp, view hồ dự án Khai Sơn City LH: 0377 281 ***","6,9 tỷ","96,87 m²","71,23 tr/m²",3,N/A,"Ngọc Thụy, Long Biên","21.02894860978742, 105.85244722590335"
42343583,05/03/2025,"Bán căn 2Pn 77m2 hướng Đông Nam view công viên giá chỉ 4,7 tỷ tại Khai Sơn City, Long Biên, Hà Nội","4,7 tỷ",77 m²,"61,04 tr/m²",2,2,"Ngọc Thụy, Long Biên","21.05156203197125, 105.88475352165368"
42260809,05/03/2025,"Duy nhất 1 căn Valencia 3PN Đông Nam nhận nhà ở ngay sổ đỏ trao tay tầng cao, căn góc 2 mặt thoáng",Giá thỏa thuận,80 m²,N/A,3,2,"Đức Giang, Long Biên","21.05557849094269, 105.9119758805572"
42343407,05/03/2025,Chính chủ gđ cần bán căn chung cư vị trí đẹp tại KĐT Sài Đồng,"2,85 tỷ","68,6 m²","41,54 tr/m²",2,1,"Sài Đồng, Long Biên","21.034816963644012, 105.91276295227173"
42343361,05/03/2025,"Căn hộ Duplex (Penhouse) Canal Park, Thạch Bàn, Long Biên, Hà Nội, 10 tỷ, 230m2, hàng hot, view đẹp",10 tỷ,230 m²,"43,48 tr/m²",5,4,"Thạch Bàn, Long Biên","21.017931559849412, 105.92250249102115"
42218453,05/03/2025,"CHÍNH CHỦ GỬI BÁN CĂN HỘ 3PN CHUNG CƯ BERRIVER , TẰNG ĐẸP VIEW THOÁNG, CÓ SỔ ĐỎ GIÁ 7 TỶ",7 tỷ,106 m²,"66,04 tr/m²",3,2,"Bồ Đề, Long Biên","21.044396193605664, 105.8770890032776"
42286763,05/03/2025,"CHÍNH CHỦ GỬI BÁN CĂN HỘ 2PN DỰ ÁN KHAI SƠN CITY, TẦNG TRUNG NHÀ MỚI BAN CÔNG ĐÔNG NAM GIÁ 4,850 TỶ","4,85 tỷ",78 m²,"62,18 tr/m²",2,2,"Ngọc Thụy, Long Biên","21.052292118189396, 105.8847890617232"
42245743,05/03/2025,"Bán duplex 170m2 Sunshine Green Iconic Long Biên, giá chỉ 13ty5 - em Cường 0976 044 ***","13,5 tỷ",170 m²,"79,41 tr/m²",N/A,N/A,"Phúc Đồng, Long Biên","21.0407235126251, 105.89692168312"
40873163,05/03/2025,"Nhanh tay! Còn duy nhất căn góc Eco City 77.7m2 giá 4,14 tỷ nhà mới full nội thất","4,14 tỷ","77,7 m²","53,28 tr/m²",2,2,"Giang Biên, Long Biên","21.058370457408092, 105.91360094812293"
40103611,05/03/2025,"Hàng vip cực hiếm, căn góc 3 Phòng Ngủ, 2VS tầng cao, View đẹp chỉ 4,1 tỷ, sẵn sổ đỏ","4,1 tỷ",79 m²,"51,9 tr/m²",3,2,"Đức Giang, Long Biên","21.0558452606201, 105.911750793457"
42342284,05/03/2025,"Bán CH 180m2, 11 tỷ, 5PN, 3WC tại Berriver Jardin, Long Biên, Hà Nội",11 tỷ,180 m²,"61,11 tr/m²",5,3,"Bồ Đề, Long Biên","21.0435108285954, 105.87813595416"
42342147,05/03/2025,"Bán CC Bình Minh Garden, Đức Giang, Long Biên, Hà Nội, 6,2 tỷ, 100m2 siêu hot","6,2 tỷ",100 m²,62 tr/m²,3,2,"Đức Giang, Long Biên","21.0692804141056, 105.888174787298"
38294269,05/03/2025,"Sổ đỏ trao tay nhận ngay nhà đẹp Eco City căn 2PN, tầng đẹp, hướng mát. Giá tốt nhất dự án",Giá thỏa thuận,73 m²,N/A,2,2,"Giang Biên, Long Biên","21.0577354431152, 105.913352966309"
38978524,05/03/2025,"Chào đón xuân với vô vàn quà tặng chỉ có ở Eco City Việt Hưng 2PN 78m2, Vay LS 0% 12tháng, CK 6,5%","3,9 tỷ",78 m²,50 tr/m²,2,2,"Giang Biên, Long Biên","21.0577354431152, 105.913352966309"
39071913,05/03/2025,Bán lô góc 3PN toà S1 view công viên khủng long tại Vinhomes Symphony Long Biên,Giá thỏa thuận,"97,5 m²",N/A,3,2,"Việt Hưng, Long Biên","21.0461521148682, 105.915649414063"
41041793,05/03/2025,Bán căn hộ 2PN 2VS toà S1 vip nhất tại Vinhomes Symphony,Giá thỏa thuận,65 m²,N/A,2,2,"Việt Hưng, Long Biên","21.0461521148682, 105.915649414063"
42269483,05/03/2025,BÁN CĂN HỘ BÀN GIAO THÔ VALENCIA GARDEN VIỆT HƯNG LONG BIÊN.,"3,09 tỷ",60 m²,"51,5 tr/m²",2,1,"Đức Giang, Long Biên","21.0560738079326, 105.9112779113288"
42315406,05/03/2025,"Chính chủ bán căn hộ tòa Ruby City Giang Biên: 69.5m2, 2PN, 2WC",Giá thỏa thuận,"69,5 m²",N/A,2,2,"Giang Biên, Long Biên","21.058511233853, 105.91493305416755"
42339960,05/03/2025,Bán căn hộ chung cư tầng 1 mặt phố KĐT Việt Hưng Long Biên phù hợp kinh doanh. LH: 0949 849 ***,"8,5 tỷ",86 m²,"98,84 tr/m²",2,1,"Đức Giang, Long Biên","21.061974493978216, 105.90875226088919"
42339446,05/03/2025,"Bán căn 3 ngủ, Green Home - Toà hiếm nhà bán!","4,95 tỷ",84 m²,"58,93 tr/m²",3,2,"Đức Giang, Long Biên","21.066447269137615, 105.90375090460063"
42339099,05/03/2025,"Bán căn hộ 2PN 85m2 chung cư Z133 Ngọc Thụy (K33 BQP), Long Biên cạnh Khai Sơn City","3,95 tỷ",85 m²,"46,47 tr/m²",2,2,"Ngọc Thụy, Long Biên","21.0589924142531, 105.883474228221"
42339007,05/03/2025,Bán căn 2 ngủ An Quý Hưng tầng cao 57m2,"3,85 tỷ",57 m²,"67,54 tr/m²",2,2,"Thượng Thanh, Long Biên","21.064689700206692, 105.88819187918006"
42338992,05/03/2025,"4.4 Tỷ có căn hộ 75m2, hướng Bắc, tầng trung, chủ thiện chí bán Bình Minh Garden, 0919 185 ***","4,4 tỷ",75 m²,"58,67 tr/m²",2,2,"Đức Giang, Long Biên","21.0690975189209, 105.888038635254"
42338971,05/03/2025,"Bán căn 2 ngủ Ecocity Việt Hưng - lô góc, hiếm view triệu đô Vinhomes Riverside","4,99 tỷ",78 m²,"63,97 tr/m²",2,2,"Giang Biên, Long Biên","21.0576424258237, 105.913197211725"
41490412,05/03/2025,"Chính chủ cần bán gấp căn 3PN, 2VS, DT 100m2, giá 5tỷ Bình Minh Garden",5 tỷ,100 m²,50 tr/m²,3,2,"Đức Giang, Long Biên","21.0666045225214, 105.891905552196"
42338530,05/03/2025,4.5 Tỷ căn hộ 75m2 full nội thất,"4,5 tỷ",75 m²,60 tr/m²,2,2,"Đức Giang, Long Biên","21.069103388607353, 105.88820548366692"
41218874,05/03/2025,"Cần bán gấp căn 2 phòng ngủ diện tích 60m2, Le Grand Jardin Sài Đồng","3,8 tỷ",60 m²,"63,33 tr/m²",2,N/A,"Sài Đồng, Long Biên","21.0390406344243, 105.907828863367"
41682705,05/03/2025,Noble Crystal Long Biên sky 304m2 + duplex 221m2 + Duplex nhỏ 2 tầng 98m2 thang máy riêng từng căn,Giá thỏa thuận,221 m²,N/A,3,4,"Việt Hưng, Long Biên","21.050085067749, 105.898048400879"
42338089,05/03/2025,"Chính chủ bán căn hộ H3 70m2 Hope Residence, view đẹp, căn thương mại sang tên ngay",Giá thỏa thuận,70 m²,N/A,2,2,"Phúc Đồng, Long Biên","21.0404987335205, 105.904792785645"
42179317,05/03/2025,Chính chủ cần bán căn chung cư Việt Hưng - Long Biên - Hà Nội diện tích 83m2 + 3ngủ 2 wc. Nhỉnh 3tỷ,"3,45 tỷ",83 m²,"41,57 tr/m²",3,2,"Việt Hưng, Long Biên","21.0634202003066, 105.908851076709"
42338100,05/03/2025,BÁN CĂN HỘ CHUNG CƯ LE JARDIN SÀI ĐỒNG DT 90M2 3PN FULL NỘI THẤT VIEW HỒ ĐÃ CÓ SỔ,"6,6 tỷ",100 m²,66 tr/m²,3,2,"Sài Đồng, Long Biên","21.0360121476717, 105.906196005761"
38578192,05/03/2025,"Chuyển công tác bán gấp căn hộ 2N2WC 54,6m2 đã có sổ tại Ruby City3 Phúc Lợi. LH 0965 494 ***","2,5 tỷ","54,6 m²","45,79 tr/m²",2,2,"Giang Biên, Long Biên","21.0363063812256, 105.933120727539"
41454340,05/03/2025,"Bán căn hộ Sài Đồng, căn góc 2PN 2 ban công giá 3 tỷ",3 tỷ,"73,3 m²","40,93 tr/m²",2,1,"Sài Đồng, Long Biên","21.0348453521729, 105.912712097168"
42190213,05/03/2025,Cần bán căn 3 ngủ 85m2 ban công Đông Nam giá nhỉnh 5 tỷ,Giá thỏa thuận,85 m²,N/A,3,2,"Sài Đồng, Long Biên","21.0359698790196, 105.90628196269"
41972459,05/03/2025,"Bán gấp căn 93m2 view bể bơi đã có sổ, full nội thất",5 tỷ,93 m²,"53,76 tr/m²",N/A,N/A,"Sài Đồng, Long Biên","21.03619270888, 105.906787777424"
38564628,05/03/2025,"Bán căn hộ 3PN2WC 63,5m2 tại Ruby City 3 Phúc Lợi nhà ở ít còn mới. LH 0965 494 ***","2,65 tỷ","63,5 m²","41,73 tr/m²",3,2,"Giang Biên, Long Biên","21.0363063812256, 105.933120727539"
35286914,05/03/2025,Chính chủ cần bán căn 2PN 2WC 51m2 tòa Ruby City 3 Phúc Lợi - Long Biên. LH 0965 494 ***,"2,37 tỷ",51 m²,"46,47 tr/m²",2,2,"Giang Biên, Long Biên","21.0363063812256, 105.933120727539"
36177519,05/03/2025,Chuyển công tác gia đình cần bán căn hộ 2PN 2WC 68m2 full đồ tại Ecohome Phúc Lợi. LH 0965 494 ***,"3,25 tỷ",68 m²,"47,79 tr/m²",2,2,"Phúc Lợi, Long Biên","21.042744742356849, 105.92737125644997"
40719846,05/03/2025,"Bán chung cư 2PN 69m2 tại No12 Sài Đồng, Long Biên nội thất liên tường. LH 0965 494 ***","2,9 tỷ",69 m²,"42,03 tr/m²",2,1,"Sài Đồng, Long Biên","21.0348453521729, 105.912712097168"
42337906,05/03/2025,"Chung cư Bình Minh Garden 92,3m2 3 phòng ngủ ban công Đông Nam cực hiếm giá 5,39 tỷ","5,39 tỷ","92,3 m²","58,4 tr/m²",3,2,"Đức Giang, Long Biên","21.069482551280593, 105.88802043600977"
42337481,05/03/2025,"Chính chủ bán căn hộ chung cư tại Green House Long Biên giá 3,8 tỷ 83m2 2PN full nội thất, có sổ đỏ","3,8 tỷ",83 m²,"45,78 tr/m²",2,2,"Đức Giang, Long Biên","21.070168827586436, 105.90695912852172"
40804579,05/03/2025,Chỉ 11 tỷ sở hữu căn hộ cao cấp 180m2 5PN full nội thất điện tử tại N02 Berriver 390 Nguyễn Văn Cừ,11 tỷ,180 m²,"61,11 tr/m²",5,3,"Bồ Đề, Long Biên","21.0443172454834, 105.877861022949"
42337643,05/03/2025,Chính chủ cần bán căn hộ chung cư Le Jardin Sài Đồng DT 90m2 3PN full nội thất view hồ đã có sổ,"6,6 tỷ",90 m²,"73,33 tr/m²",3,2,"Sài Đồng, Long Biên","21.0366997698961, 105.906585452387"
42337506,05/03/2025,"Chung cư Việt Hưng 85m2, 3PN, 2WC nhà mới, thoáng mát giá 4,29 tỷ","4,29 tỷ",85 m²,"50,47 tr/m²",3,2,"Giang Biên, Long Biên","21.062009404713717, 105.90812701455091"
40738915,05/03/2025,Chính chủ bán nhanh căn 2PN full đồ chung cư AQH Riverside,"3,55 tỷ",57 m²,"62,28 tr/m²",2,1,"Thượng Thanh, Long Biên","21.0651016235352, 105.888656616211"
42337265,05/03/2025,"Chung cư Việt Hưng 84m2 3PN/2WC nhà đẹp về ở ngay giá 3,9 tỷ","3,9 tỷ",84 m²,"46,43 tr/m²",4,2,"Giang Biên, Long Biên","21.06288077563441, 105.90782670523943"
42336921,05/03/2025,"Bán CH 3PN, 2WC, 69m2 giá cực chất 3,5 tỷ tại Sài Đồng, Long Biên, Hà Nội hot","3,5 tỷ",69 m²,"50,72 tr/m²",3,2,"Sài Đồng, Long Biên","21.035397274829016, 105.91242704917921"
42336776,05/03/2025,"Bán gấp căn góc 3PN, 80m2 full nội thất & điện tử giá 4,75 tỷ tại Phương Đông Green Home, Long Biên","4,75 tỷ",80 m²,"59,38 tr/m²",3,2,"Đức Giang, Long Biên","21.06756700543307, 105.90375518134432"
42328617,05/03/2025,"Chính chủ bán căn 64m2 (2PN-2VS) giá 4,2 tỷ.Tầng đẹp +Full nội thất + Đã có sổ. Liên hệ: 0947 065 ***","4,2 tỷ",64 m²,"65,62 tr/m²",2,2,"Sài Đồng, Long Biên","21.035762573698364, 105.90655920976177"
41536816,05/03/2025,"Bán gấp căn hộ 68m2, đầy đủ nội thất ở tòa chung cư NO10A Sài Đồng - Long biên","3,15 tỷ",68 m²,"46,32 tr/m²",2,2,"Sài Đồng, Long Biên","21.03484535217285, 105.91271209716797"
42336637,05/03/2025,"Chính chủ cần bán CH đẹp xuất sắc tại HC Golden City, Bồ Đề, Long Biên, Hà Nội, 5,5 tỷ, 72 m2","5,5 tỷ",72 m²,"76,39 tr/m²",2,2,"Bồ Đề, Long Biên","21.037656000808827, 105.87350438891663"
42336913,05/03/2025,"Bán CC 3PN, 120m2 tại Khai Sơn City, 7,4 tỷ VND","7,4 tỷ",120 m²,"61,67 tr/m²",3,3,"Ngọc Thụy, Long Biên","21.0521286539414, 105.88563538460905"
39856142,05/03/2025,Chính chủ cần bán căn 85m2 - Le Grand Jardin Sài Đồng,Giá thỏa thuận,85 m²,N/A,3,2,"Sài Đồng, Long Biên","21.035978317260742, 105.90629577636719"
42266152,05/03/2025,"Bán các căn hộ chung cư Sunshine Green Iconic Phúc Đồng, Long Biên mới tinh","5,75 tỷ",75 m²,"76,67 tr/m²",2,2,"Phúc Đồng, Long Biên","21.040539144848296, 105.89749821209013"
41264014,05/03/2025,Chính chủ cần bán căn hộ toà L2 - 3PN - 85m2 nguyên bản CĐT,"4,8 tỷ",85 m²,"56,47 tr/m²",3,2,"Sài Đồng, Long Biên","21.035978317260742, 105.90629577636719"
42336476,05/03/2025,"Bán CC Valencia Garden, Đức Giang, Long Biên, Hà Nội, 4,14 tỷ, 80m2, 3PN, 2WC, hot","4,14 tỷ",80 m²,"51,75 tr/m²",3,2,"Đức Giang, Long Biên","21.056602191377234, 105.91183341779778"
41920106,05/03/2025,"Không đăng ảo, bán căn Khai Sơn 2 PN 77,51m2 toà K1 tầng 15 giá 5,7 tỷ xem nhà LH: 0822 238 ***","5,7 tỷ","77,51 m²","73,54 tr/m²",2,2,"Ngọc Thụy, Long Biên","21.05188902157926, 105.8852474577014"
42118109,05/03/2025,"Cần bán căn hộ 85m2 view hồ Sài Đồng giá 5,1 tỷ bao thuế phí hàng xóm Vinhomes Riverside 0947 437 ***","5,1 tỷ",85 m²,60 tr/m²,3,2,"Sài Đồng, Long Biên","21.0357967165109, 105.906363659761"
41730943,05/03/2025,"Bán gấp CH 76m2 Le Grand Jardin Sài Đồng giá 4,7 tỷ ban công ĐN tầng cao hướng mát, 0947 437 ***","4,7 tỷ",76 m²,"61,84 tr/m²",2,2,"Phúc Đồng, Long Biên","21.035978, 105.906296"
42336433,05/03/2025,"Bán CC Hà Nội Homeland, 3,45 tỷ, 58m2, 2PN, 2VS, uy tín, bao đẹp","3,45 tỷ",58 m²,"59,48 tr/m²",2,2,"Thượng Thanh, Long Biên","21.057858189424973, 105.88453737975419"
42072250,05/03/2025,Bán gấp căn studio tại Sunshine Green Iconic giá cực tốt,"2,7 tỷ",28 m²,"96,43 tr/m²",1,N/A,"Phúc Đồng, Long Biên","21.04059723928481, 105.8972324054731"
41613362,05/03/2025,Duy nhất 1 căn 2PN 74m2 giá cực tốt tại chung cư cao cấp Sunshine Green Iconic,"5,75 tỷ",74 m²,"77,7 tr/m²",2,2,"Phúc Đồng, Long Biên","21.0407333374023, 105.896560668945"
36545978,05/03/2025,"Chính chủ bán căn 3PN + 2WC Berriver Jardin, tầng cao hướng ĐN View sông full nội thất Giá: 5,92tỷ","5,92 tỷ","80,5 m²","73,54 tr/m²",3,2,"Bồ Đề, Long Biên","21.0443172454834, 105.877861022949"
42116166,05/03/2025,Gía nào cũng bán-cần ra hàng gấp căn 77.51m2-tốt nhất thị trường,Giá thỏa thuận,78 m²,N/A,2,2,"Ngọc Thụy, Long Biên","21.05225514755872, 105.88497293971571"
42272554,05/03/2025,"Bán căn hộ 2PN, 2WC tại Le Grand Jardin Sài Đồng, 55 triệu, 66m2, đã có sổ hồng",55 triệu,66 m²,"833,33 nghìn/m²",2,2,"Sài Đồng, Long Biên","21.035987387309426, 105.90616110173745"
42275328,05/03/2025,"Bán căn hộ 85m tòa L View hồ .công viên , bể bơi thiết kế 3 pn 2vs 5.1 tỷ chung cư LE GRAND JarDin","5,1 tỷ",85 m²,60 tr/m²,3,2,"Sài Đồng, Long Biên","21.035777421813673, 105.90565989543279"
42281286,05/03/2025,"Chuyển công tác bán nhanh căn 2PN full nội thất 73m2 chung cư Eco City Việt Hưng 3,95 tỷ","3,95 tỷ",73 m²,"54,11 tr/m²",2,2,"Giang Biên, Long Biên","21.058450881871504, 105.91291674039773"
42210298,05/03/2025,"Chính chủ bán căn góc 78m2 thiết kế 2PN, 2V, full nội thất mới chung cư Eco City Việt Hưng","4,1 tỷ",78 m²,"52,56 tr/m²",2,2,"Giang Biên, Long Biên","21.05763492363788, 105.91298450547356"
42210667,05/03/2025,"Chính chủ bán căn hộ 2PN, 2VS, tầng cao, hướng mát 71.6m2 full nội thất làm để ở đẹp lung linh","4,55 tỷ","71,6 m²","63,55 tr/m²",2,2,"Đức Giang, Long Biên","21.066213354088063, 105.90314582616735"
42297994,05/03/2025,"Gia đình cần bán căn góc 3PN hướng ban công Đông Nam view biệt thự Vinhomes 4,14 tỷ","4,14 tỷ",79 m²,"52,4 tr/m²",3,2,"Đức Giang, Long Biên","21.055815830815778, 105.91175571266098"
42046012,05/03/2025,"0936 338 *** Hỗ trợ tư vấn mua NOXH Him Lam Thượng Thanh. Giá dự kiến 20,5triệu/m2. Vay NH 70%",Giá thỏa thuận,60 m²,N/A,N/A,N/A,"Thượng Thanh, Long Biên","21.06476844183329, 105.88837996481706"
42224759,05/03/2025,"Chung cư Green Park tầng 15 lô góc 120m2 full nội thất cho thuê dòng tiền 16 tr/tháng giá 7,2 tỷ","7,2 tỷ",120 m²,60 tr/m²,N/A,N/A,"Giang Biên, Long Biên","21.0644886742319, 105.910512761189"
39360951,05/03/2025,"Nhà ở xã hội KĐT Việt Hưng căn góc 52m2 2PN, 1WC tầng đẹp thoáng mát 1,89 tỷ","1,89 tỷ",52 m²,"36,35 tr/m²",2,1,"Đức Giang, Long Biên","21.0626907348633, 105.908332824707"
42335512,05/03/2025,"Bán căn chung cư 76m2, sổ đỏ, khu đô thị việt hưng, long biên, giá 2.97 tỷ","2,97 tỷ",76 m²,"39,08 tr/m²",2,1,"Giang Biên, Long Biên","21.061801856641285, 105.90825983112816"
42334577,05/03/2025,0969 371 *** Bán gấp căn hộ Le Grand Jardin Long Biên 76m2 2PN 2 vs,Giá thỏa thuận,77 m²,N/A,2,2,"Sài Đồng, Long Biên","21.0366539601904, 105.906462481115"
42334190,05/03/2025,"Bán căn hộ chung cư CT17 Việt Hưng 80m2 giá 4 tỷ, chính chủ",4 tỷ,80 m²,50 tr/m²,3,2,"Đức Giang, Long Biên","21.07050904965933, 105.90744632147377"
42228211,05/03/2025,VP CĐT - Chuyên tư vấn thủ tục mua bán chung cư NOXH Him Lam Thượng Thanh - Long Biên.0985 354 ***,Giá thỏa thuận,60 m²,N/A,2,2,"Thượng Thanh, Long Biên","21.06584838445314, 105.88776324396396"
42279249,05/03/2025,"Chỉ 3.25 tỷ, có căn chung cư Ban Đảng 110m2, liền kề và thừa hưởng không gian Vinhome Long Biên","3,25 tỷ",110 m²,"29,54 tr/m²",3,2,"Phúc Đồng, Long Biên","21.0409282061652, 105.896512016178"
41910633,05/03/2025,"Hàng hiếm chung cư HN giá siêu rẻ căn 2PN Giá chỉ từ 17tr/m2, dự án Him Lam Thượng Thanh Long Biên","1,1 tỷ",65 m²,17 tr/m²,2,2,"Thượng Thanh, Long Biên","21.0652691943383, 105.88809699114505"
42334671,04/03/2025,"Bán gấp căn chung cư Hope - trả trước 2ty3 nợ lại 440tr, DT: 56m2, 2 ngủ, 1vs - full nội thất","2,3 tỷ",56 m²,"41,07 tr/m²",2,1,"Phúc Đồng, Long Biên","21.0403525606829, 105.905313616988"
41789670,04/03/2025,"Bán CC 2PN, 2WC tại Giang Biên, Long Biên, Hà Nội, giá cực chất 3,05 tỷ","3,05 tỷ",65 m²,"46,92 tr/m²",2,2,"Giang Biên, Long Biên","21.06260541383654, 105.90880396173111"
41530556,04/03/2025,"Bán gấp căn chung cư Sài Đồng full nội thất DT: 70m2,2 ngủ, 2 bc. Bc Đông Nam siêu mát 3,1 tỷ (TL)","3,1 tỷ",75 m²,"41,33 tr/m²",2,2,"Sài Đồng, Long Biên","21.034845, 105.91271"
42334058,04/03/2025,"Hàng hiếm tại Khai Sơn City, 6,5 tỷ, 101m2, 3PN, 2WC, full nội thất","6,5 tỷ",101 m²,"64,36 tr/m²",3,2,"Ngọc Thụy, Long Biên","21.05208840069205, 105.88401449974049"
33276887,04/03/2025,"Bán căn hộ 3PN, 2VS full đồ Ruby 3 Phúc Lợi giá cực tốt","2,83 tỷ",60 m²,"47,17 tr/m²",2,2,"Giang Biên, Long Biên","21.0363063812256, 105.933120727539"
34508290,04/03/2025,"Bán căn hộ chung cư Ruby City 3 Phúc Lợi, S: 54,5m2 2PN 2WC, giá 2,470 tỷ, LH: 0989 810 ***","2,47 tỷ","54,5 m²","45,32 tr/m²",2,2,"Giang Biên, Long Biên","21.0363063812256, 105.933120727539"
42206213,04/03/2025,"Cực hiếm căn góc chung cư Việt Hưng 76m2, 2PN/1WC thoáng sáng giá 3,2 tỷ","3,2 tỷ",76 m²,"42,1 tr/m²",2,1,"Giang Biên, Long Biên","21.06251129803312, 105.90812210822533"
42014197,04/03/2025,"Chuyển công tác cần bán căn hộ siêu VIP 148.5m2 4 phòng ngủ full nội thất HC Golden City, 10,5tỷ","10,5 tỷ","148,5 m²","70,71 tr/m²",4,2,"Bồ Đề, Long Biên","21.037187295443978, 105.87306190985025"
41281966,04/03/2025,Chính chủ chuyển công tác cần bán gấp trong tháng 1 căn hộ 2PN diện tích 74m2 sổ đỏ sẵn sang tên,"4,6 tỷ",74 m²,"62,16 tr/m²",2,2,"Đức Giang, Long Biên","21.0690975189209, 105.88803863525391"
39989487,04/03/2025,"Bán căn 3 PN, chung cư Northern Diamond, gần Aeon Long Biên, có slot oto",Giá thỏa thuận,104 m²,N/A,3,2,"Long Biên, Long Biên","21.031446, 105.900826"
37618794,04/03/2025,"Bán căn 2 PN chung cư Northern Diamond, cạnh Aeon Long Biên, view sông Hồng, giá tốt",Giá thỏa thuận,"94,4 m²",N/A,2,2,"Long Biên, Long Biên","21.0314464569092, 105.900825500488"
42044261,04/03/2025,"Bán căn 3 PN full đồ, chung cư Northern Diamond, cạnh Aeon Long Biên, có slot để oto",Giá thỏa thuận,"107,6 m²",N/A,3,2,"Long Biên, Long Biên","21.03068610451241, 105.90093581801213"
42303798,04/03/2025,"Bán CH HC Golden City, 11 tỷ, 148m2, 4PN, 3WC, Bồ Đề, Long Biên, Hà Nội",11 tỷ,148 m²,"74,32 tr/m²",4,3,"Bồ Đề, Long Biên","21.03677323016864, 105.87269290482507"
39487055,04/03/2025,"Bán căn 2 PN, chung cư Northern Diamond, đối diện Aeon Long Biên, có slot để oto",Giá thỏa thuận,95 m²,N/A,2,2,"Long Biên, Long Biên","21.03144645690918, 105.90082550048828"
40900671,04/03/2025,"Cho thuê căn 2 PN 2 WC, cạnh Aeon Long Biên, 94.5m2, có slot để xe oto",Giá thỏa thuận,"94,5 m²",N/A,2,2,"Long Biên, Long Biên","21.0314464569092, 105.900825500488"
41710076,04/03/2025,"Bán căn 3PN chung cư Northern Diamond, cạnh Aeon Long Biên","5,3 tỷ","99,4 m²","53,32 tr/m²",3,2,"Long Biên, Long Biên","21.0314464569092, 105.900825500488"
42228541,04/03/2025,"Bán căn hộ chung cư tại Northern Diamond, 100m2, Long Biên, có slot oto",Giá thỏa thuận,100 m²,N/A,N/A,N/A,"Long Biên, Long Biên","21.0308218822245, 105.901147255869"
41848743,04/03/2025,Chủ nhà hạ giá sâu căn 2N tại chung cư cao cấp Sunshine Green Iconic - Long Biên. 0347 299 ***,"6,2 tỷ",80 m²,"77,5 tr/m²",2,2,"Phúc Đồng, Long Biên","21.0408929008048, 105.89666505612"
42332607,04/03/2025,"Chính chủ bán căn hộ Homeland - 70m2 - 2pn, 2wc - full đồ - tầng cao view thoáng",Giá thỏa thuận,70 m²,N/A,2,2,"Thượng Thanh, Long Biên","21.0576305960987, 105.88509174108621"
42331940,04/03/2025,Chủ nhà cần bán hộ 1PN tại Iconic giá tốt nhất,4 tỷ,52 m²,"76,92 tr/m²",1,1,"Phúc Đồng, Long Biên","21.040394282560616, 105.89603515793286"
42331815,04/03/2025,"Chính chủ bán căn 65m2, 2pn, 2vs Hà Nội Homeland Long Biên","3,85 tỷ",65 m²,"59,23 tr/m²",2,2,"Thượng Thanh, Long Biên","21.05719351851664, 105.88398463662573"
41972367,04/03/2025,Chính chủ bán căn 94m2 3N 2vs view hồ Sài Đồng giá 5 tỷ,5 tỷ,94 m²,"53,19 tr/m²",3,2,"Sài Đồng, Long Biên","21.0357863980138, 105.907016725473"
42220147,04/03/2025,"Bán căn hộ CT2, khu đô thị mới quân đội - tầng trung 3pn đủ đồ đẹp nhỉnh 4 tỷ","4,3 tỷ",86 m²,50 tr/m²,3,2,"Thạch Bàn, Long Biên","21.018369186937164, 105.90621153947079"
42330848,04/03/2025,Bán căn hộ Việt Hưng HH04 - 89m2 - 3 phòng ngủ - full nội thất - giá thương lượng. LH: 0981 716 ***,"3,85 tỷ",89 m²,"43,26 tr/m²",3,2,"Giang Biên, Long Biên","21.06265618968874, 105.9085413143775"
41671394,04/03/2025,"Chính chủ cắt lỗ căn hộ 2PN An Quý Hưng giá 3,35 tỷ. Full đồ, sẵn sổ","3,35 tỷ",60 m²,"55,83 tr/m²",2,N/A,"Thượng Thanh, Long Biên","21.0651016235352, 105.888656616211"
41384816,04/03/2025,Chính chủ cần tiền bán gấp căn CC CT15 Green Park 3PN Rộng 120m2 Hoa Hậu Full NộI Thất Sẵn Sổ,"7,3 tỷ",120 m²,"60,83 tr/m²",3,2,"Giang Biên, Long Biên","21.064611434936523, 105.91111755371094"
41781766,04/03/2025,Cư dân gửi bán quỹ 5 căn trong tháng 12/24 chung cư HC Golden City Long Biên liên hệ: 0377 281 ***,"6,55 tỷ",102 m²,"64,22 tr/m²",3,2,"Bồ Đề, Long Biên","21.037033241831814, 105.87317591266182"
41781457,04/03/2025,Cư dân gửi bán quỹ 5 căn trong tháng 12/24. 2PN1VS - 3.4tỷ; 2N2VS - 4.2tỷ; LH: 0377 281 ***,"4,2 tỷ",74 m²,"56,76 tr/m²",2,2,"Đức Giang, Long Biên","21.0686309162587, 105.888246716085"
41994796,04/03/2025,"Bán căn hộ chung cư 165m2, 14 tỷ tại Sunshine Green Iconic, view đẹp, hàng hiếm tại Long Biên",14 tỷ,165 m²,"84,85 tr/m²",3,4,"Phúc Đồng, Long Biên","21.040801454501, 105.895884952814"
39303904,04/03/2025,"Ban căn 2PN 72m tầng cao hướng đông nam tại HC Golden City, Long Biên, Hà Nội LH: 0973 087 ***",Giá thỏa thuận,72 m²,N/A,2,2,"Bồ Đề, Long Biên","21.037178039550781, 105.87306976318359"
42113212,04/03/2025,"Bán gấp căn góc 3 phòng ngủ, 95m2 đầy đủ nội thất ở chung cư CT1 quân đội Thạch Bàn - Long Biên","4,5 tỷ",95 m²,"47,37 tr/m²",3,2,"Thạch Bàn, Long Biên","21.019645765891692, 105.90760675304838"
41951602,04/03/2025,Siêu thị căn hộ Sunshine Green Iconic giá đầu tư - Cao Tuấn Anh 0889 108 ***,"5,58 tỷ",82 m²,"68,05 tr/m²",2,2,"Phúc Đồng, Long Biên","21.041228811829058, 105.8962802571473"
42197985,04/03/2025,"Chính chủ bán nhanh căn hộ 97m2 tòa G3 view Vinhomes đã có sổ, bao phí ra sổ giá 6,2 tỷ","6,2 tỷ",97 m²,"63,92 tr/m²",3,2,"Sài Đồng, Long Biên","21.036529343579897, 105.90640092842106"
42210459,04/03/2025,"Bán căn hộ 70m2 tầng siêu đẹp chung cư Hope - Giá chỉ 3,690 triệu mua trực tiếp CĐT","3,69 tỷ",70 m²,"52,71 tr/m²",2,2,"Phúc Đồng, Long Biên","21.0405081389467, 105.904760011639"
42329033,04/03/2025,"Căn này cực lạ rất hay 2PN, 2WC , sân siêu rộng chỉ 2,6 tỷ","2,6 tỷ",54 m²,"48,15 tr/m²",2,2,"Phúc Lợi, Long Biên","21.036832243648, 105.922526402543"
42328148,04/03/2025,"Sao đây? Căn góc 3 thoáng khu ĐT Việt Hưng, 3 PN, 83m2 chỉ 3.6 tỷ","3,6 tỷ",83 m²,"43,37 tr/m²",3,2,"Việt Hưng, Long Biên","21.062657377004346, 105.90825181366301"
42328736,04/03/2025,Bán chung cư Ecocity Việt Hưng - Long Biên - 73m2 2n2wc tầng trung - full nội thất - giá 4 tỷ (TL),4 tỷ,73 m²,"54,8 tr/m²",2,2,"Giang Biên, Long Biên","21.057064179700845, 105.91362857185321"
42328674,04/03/2025,Bán chung cư Sunrise Building Sài Đồng-Long Biên-117m 3n2wc tầng trung-Đông Nam-giá 5.6 tỷ (TL),"5,6 tỷ",117 m²,"47,86 tr/m²",3,2,"Phúc Đồng, Long Biên","21.039259783232215, 105.90545684497668"
41977793,04/03/2025,"Bán gấp CC 3PN, 2WC, 60m2 tại Ruby City CT3, Phúc Lợi, Long Biên, Hà Nội, 2,75 tỷ","2,75 tỷ",60 m²,"45,83 tr/m²",3,2,"Giang Biên, Long Biên","21.0361629638686, 105.933481734448"
42287130,04/03/2025,Chuyển nhượng căn 1PN Sunshine Iconic Long Biên giá tốt nhất thị trường,"4,15 tỷ",52 m²,"79,81 tr/m²",1,1,"Phúc Đồng, Long Biên","21.04058447874962, 105.89737792764637"
38823621,04/03/2025,"Chính chủ cần bán gấp căn góc 97m2, giá 6 tỉ sổ cất két full nội thất",6 tỷ,97 m²,"61,86 tr/m²",3,2,"Phúc Đồng, Long Biên","21.035978317260742, 105.90629577636719"
40912413,04/03/2025,"Chính chủ Bán gấp căn 77m2 Le Grand Jardin giá hơn 4 tỷ, ban công đông nam","4,6 tỷ",77 m²,"59,74 tr/m²",2,2,"Sài Đồng, Long Biên","21.035978317260742, 105.90629577636719"
42227058,04/03/2025,"Bán chung cư Việt Hưng 73m2 , căn góc , view thoáng .Giá 3.25 Tỷ","3,25 tỷ",73 m²,"44,52 tr/m²",2,1,"Đức Giang, Long Biên","21.063081230733285, 105.90907774175916"
42327895,04/03/2025,"Bán căn hộ Hà Nội Homeland 58 m2, giá 3,420 tỷ, full đồ","3,42 tỷ",58 m²,"58,97 tr/m²",2,2,"Thượng Thanh, Long Biên","21.058006475165524, 105.88488757193511"
40296868,04/03/2025,"Căn Duplex rẻ nhất Sunshine Green Iconic, view trường học, 165m2 - 13.5 tỷ - Hỗ trợ mọi thủ tục","13,5 tỷ",165 m²,"81,82 tr/m²",3,3,"Phúc Đồng, Long Biên","21.0407333374023, 105.896560668945"
42327825,04/03/2025,Bán căn hộ 180 m2 full đồ Berriver Jardin giá 11 tỷ,11 tỷ,180 m²,"61,11 tr/m²",4,3,"Bồ Đề, Long Biên","21.043801291176067, 105.87789099596436"
40678026,04/03/2025,"Bán căn hộ 2PN, 2VS - Vinhomes Symphony Riverside Long Biên, hướng Đông Nam, full nội thất hiện đại",Giá thỏa thuận,71 m²,N/A,2,2,"Việt Hưng, Long Biên","21.046152114868164, 105.9156494140625"
41662231,04/03/2025,"Bán căn hộ 91,8m2 Vinhomes Symphony Long Biên view hồ sen và bể bơi",Giá thỏa thuận,"91,8 m²",N/A,2,2,"Việt Hưng, Long Biên","21.046152, 105.91565"
41734314,04/03/2025,"Bán chung cư Homeland, 69m2 2PN full đồ view đẹp giá 3.8 tỷ. LH 0967 341 ***","3,8 tỷ",69 m²,"55,07 tr/m²",2,2,"Thượng Thanh, Long Biên","21.057600021362305, 105.88459777832031"
41212582,04/03/2025,"Bán gấp căn hộ 3PN2WC tòa S5 Vinhomes Symphony, DT 138m2 tầng cao View Vincom và bể bơi ngoài trời","11,5 tỷ",138 m²,"83,33 tr/m²",4,4,"Việt Hưng, Long Biên","21.0563747102679, 105.902004129124"
41912494,04/03/2025,"Bán CC 2PN ở Vinhomes Symphony, 5,x tỷ DT 66m2, Bếp chữ L, full nội thất, view Hồ Sen, giá cực chất",Giá thỏa thuận,66 m²,N/A,2,2,"Việt Hưng, Long Biên","21.046244733730351, 105.91548659422678"
42303617,04/03/2025,"Chuyển nhượng gấp căn hộ 2PN, 2vs, ban công Đông Nam tầng cao view thoáng đồ đẹp giá chỉ hơn 5 tỷ",Giá thỏa thuận,65 m²,N/A,2,2,"Việt Hưng, Long Biên","21.046580138895337, 105.91494899857433"
40060392,04/03/2025,"Chính chủ cần bán căn hộ chung cư cao cấp Eco City 73m2, 2PN - KĐT Việt Hưng, Long Biên. 3.550 tỷ","3,55 tỷ",73 m²,"48,63 tr/m²",2,2,"Giang Biên, Long Biên","21.0577354431152, 105.913352966309"
42326450,04/03/2025,"Bán căn hộ chung cư tại Khu đô thị Việt Hưng, 3,2 tỷ, 75m2, 2PN, 1WC, pháp lý đầy đủ","3,2 tỷ",75 m²,"42,67 tr/m²",2,1,"Đức Giang, Long Biên","21.0624473710949, 105.90820115868688"
37552861,04/03/2025,"Bán căn hộ 78m2 - 2 phòng ngủ - 2WC - Eco City Việt Hưng, Long Biên. Giá 3.750 tỷ. LH: 0917 507 ***","3,75 tỷ",78 m²,"48,08 tr/m²",2,2,"Giang Biên, Long Biên","21.0577354431152, 105.913352966309"
42002476,04/03/2025,"Căn hộ chung cư cao cấp Eco City Việt Hưng, Long Biên 78m 2PN, 2WC, view Vinhomes Riverside",Giá thỏa thuận,78 m²,N/A,2,2,"Giang Biên, Long Biên","21.057688152494972, 105.91335051945526"
42326375,04/03/2025,"Chính chủ cần bán căn góc 2PN - 2WC, Đông Nam, view hồ, Happy House CT18, giá nhỉnh 3 tỷ",Giá thỏa thuận,77 m²,N/A,2,2,"Đức Giang, Long Biên","21.06268481717707, 105.908329164365"
41949475,04/03/2025,"SIêu phẩm Duplex Green Iconic 168m2 Phúc Đồng - Long Biên giá từ 14,5 tỷ - 15.5 tỷ LH 0987 106 ***",Giá thỏa thuận,168 m²,N/A,3,4,"Phúc Đồng, Long Biên","21.0410629214116, 105.896406061675"
38614477,04/03/2025,"Hot! Cần bán gấp căn góc tòa K KĐT Việt Hưng, DT 77m2, 2PN, full nội thất, SĐCC, giá 3.05 tỷ","3,05 tỷ",77 m²,"39,61 tr/m²",2,2,"Đức Giang, Long Biên","21.062818683993324, 105.90807671928576"
38614981,04/03/2025,"Bán căn hộ thương mại KĐT Việt Hưng - DT 95m2, 3PN - 2WC, full NT, View thoáng ĐN, giá 3, x tỷ",Giá thỏa thuận,95 m²,N/A,3,2,"Đức Giang, Long Biên","21.0626907348633, 105.908332824707"
38620418,04/03/2025,"Tôi cần bán nhanh căn 77m2 2PN tại KĐT Việt Hưng, căn góc, view mát, có sổ đỏ, giá 2.95 tỷ","2,95 tỷ",77 m²,"38,31 tr/m²",2,1,"Đức Giang, Long Biên","21.0626907348633, 105.908332824707"
38585870,04/03/2025,"Bán nhà đẹp cho người tâm huyết CC KĐT Việt Hưng, 75m2 2PN, full nội thất, giá chỉ 2.98 tỷ","2,98 tỷ",75 m²,"39,73 tr/m²",2,1,"Đức Giang, Long Biên","21.062671270021728, 105.90854687432673"
42324548,04/03/2025,"Bán căn chung cư 70m2 khu đô thị Sài Đồng - lô góc - view triệu đô - vị trí đẹp - hiếm, giá chào","3,1 tỷ",70 m²,"44,29 tr/m²",2,2,"Sài Đồng, Long Biên","21.034260426886625, 105.91301164807598"
42325964,04/03/2025,"Bán căn hộ 98m2 B17 Sài Đồng full nội thất 3PN 2WC, trung tâm quận, giá 42tr/m2 LH: 0902 132 ***","4,12 tỷ",98 m²,42 tr/m²,3,2,"Sài Đồng, Long Biên","21.034107913720852, 105.91239144089808"
42325920,04/03/2025,"Bán chung cư Phương Đông Green home 80m 3 ngủ 2 wc. Giá 4,7 tỷ. Lh: 0984 373 ***","4,7 tỷ",80 m²,"58,75 tr/m²",3,2,"Đức Giang, Long Biên","21.06733498099419, 105.90350272915677"
42325893,04/03/2025,"Bán Căn hộ chung cư tại Hà Nội Homeland, giá ưu đãi 3,43 tỷ, 58m2","3,43 tỷ",58 m²,"59,14 tr/m²",N/A,N/A,"Thượng Thanh, Long Biên","21.05727410310327, 105.88513080670207"
31862032,04/03/2025,"Bán chung cư Ruby CT3 Phúc Lợi Long Biên 50m2 2 phòng ngủ full đồ, giá 2,2 tỷ","2,2 tỷ",50 m²,44 tr/m²,2,2,"Giang Biên, Long Biên","21.0363063812256, 105.933120727539"
28923355,04/03/2025,"Bán căn hộ Chung cư Ruby CT3 Phúc Lợi 56m2 2 ngủ 2vs full nội thất xịn giá 2,45 tỷ","2,45 tỷ",54 m²,"45,37 tr/m²",2,2,"Phúc Lợi, Long Biên","21.0363063812256, 105.933120727539"
41261251,04/03/2025,"Căn hộ Berriver Jardin Long Biên giá 5,75 tỷ VND, 85m2, 3 phòng ngủ","5,75 tỷ",85 m²,"67,65 tr/m²",3,2,"Bồ Đề, Long Biên","21.044317, 105.87786"
42325322,04/03/2025,"Bán căn hộ chung cư Ruby City CT3 Phúc Lợi, Long Biên, có sổ giá 2,23 tỷ. LH: 0949 849 ***","2,23 tỷ","48,6 m²","45,88 tr/m²",2,2,"Giang Biên, Long Biên","21.036220964425265, 105.93257007573952"
42104667,04/03/2025,"Bán CH chung cư Le Grand Jardin giá 5,45 tỷ 83m2 view Hồ Sài Đồng, tầng đẹp, sẵn sổ giao dịch ngay","5,45 tỷ",83 m²,"65,66 tr/m²",3,2,"Sài Đồng, Long Biên","21.0365680957663, 105.906453072446"
42014943,04/03/2025,"Chính chủ bán căn hộ 97m chung cư Le Grand Jardin Sài Đồng giá 6,150 tỷ sẵn sổ, giao dịch ngay","6,15 tỷ",97 m²,"63,4 tr/m²",3,2,"Phúc Đồng, Long Biên","21.03570968014397, 105.90600525944463"
42159240,04/03/2025,Mua trực tiếp CĐT dự án Valencia Garden - Quỹ ngoại giao ký với cđt đóng tiến độ 80 ngày,"3,08 tỷ",61 m²,"50,49 tr/m²",2,1,"Đức Giang, Long Biên","21.054994374972487, 105.91197435682763"
41559637,04/03/2025,BÁN CĂN HỘ GÓC 3 NGỦ 2 VỆ SINH 126M2 ĐÔNG NAM VIỆT HƯNG - NỘI THẤT ĐẸP ĐỘC NHẤT VÔ NHỊ,"5,5 tỷ",126 m²,"43,65 tr/m²",3,2,"Việt Hưng, Long Biên","21.062690734863281, 105.90833282470703"
41674740,04/03/2025,Chính chủ bán căn góc 122m tầng đẹp thiết kế 3 ngủ 2 vệ sinh chung cư Sunrine Sài Đồng,"5,9 tỷ",122 m²,"48,36 tr/m²",3,2,"Phúc Đồng, Long Biên","21.039476, 105.90586"
42093363,04/03/2025,Bán căn hộ góc tầng trung dự án Valencia Garden - Diện tích 80m2 thiết kế 3 phòng ngủ 2 vệ sinh,"4,14 tỷ",80 m²,"51,75 tr/m²",3,2,"Đức Giang, Long Biên","21.055935604713035, 105.91149827932064"
42130639,04/03/2025,Tôi cần bán nhanh căn hộ 3 phòng ngủ tòa Le Grand Jardin đồng giá chỉ 5 tỷ cho khách thiện chí,Giá thỏa thuận,85 m²,N/A,3,2,"Sài Đồng, Long Biên","21.0359724299665, 105.906291134313"
42235241,04/03/2025,Bán căn hộ 66m2 toà no12-3 Sài Đồng - Full nội thất sẵn sàng giao dịch,"3,03 tỷ",66 m²,"45,91 tr/m²",2,2,"Sài Đồng, Long Biên","21.035494422159, 105.912443956178"
42235344,04/03/2025,"Bán căn hộ 75m2 toà no11 Sài Đồng thiết kế 2 ngủ 2 vệ sinh tầng đẹp - Giá 3,3 tỷ bao thuế phí","3,33 tỷ",75 m²,"44,4 tr/m²",2,2,"Sài Đồng, Long Biên","21.0353452217316, 105.912239806619"
42235389,04/03/2025,"Bán căn hộ 66m2 toà no10 Sài Đồng - 2 ngủ 2 vệ sinh giá 2,98 tỷ có thương lượng","2,98 tỷ",66 m²,"45,15 tr/m²",2,2,"Sài Đồng, Long Biên","21.0344257728545, 105.913235006318"
42315044,04/03/2025,"Chính chủ bán nhanh căn studio, giá chỉ 2,750 tỷ. Nhận nhà ở ngay nội thất liền tường","2,75 tỷ",28 m²,"98,21 tr/m²",1,1,"Phúc Đồng, Long Biên","21.0404622891014, 105.896018776409"
42315593,04/03/2025,"Cần bán gấp căn 2PN S 80m2, chủ nhà vào Sài Gòn ở, tầng trung view thoáng, full nội thất y hình","6,35 tỷ",80 m²,"79,38 tr/m²",2,2,"Phúc Đồng, Long Biên","21.0409255588625, 105.897079054942"
41875954,04/03/2025,"Chính chủ gửi bán căn 1PN ban công Đông Bắc, tầng trung view hồ Harmony. Dự án Iconic Long Biên","4,1 tỷ",52 m²,"78,8 tr/m²",1,1,"Phúc Đồng, Long Biên","21.0400870474596, 105.896357903529"
42098112,04/03/2025,"Cần bán căn 2PN Rẻ nhất, đẹp nhất. Diện tích 80m2 ban công Đông Bắc dự án Sunshine Green Iconic","6,32 tỷ",80 m²,79 tr/m²,2,2,"Phúc Đồng, Long Biên","21.0407840173284, 105.895788083589"
42323483,04/03/2025,Cần thanh khoản gấp căn hộ 3PN view sông cực thoáng siêu hiếm tại Berriver N01,"7,5 tỷ","105,4 m²","71,16 tr/m²",3,2,"Bồ Đề, Long Biên","21.04407730950352, 105.87844150981299"
42322690,04/03/2025,Bán căn hộ 2PN toà No08 Giang Biên,"3,96 tỷ",72 m²,55 tr/m²,2,2,"Giang Biên, Long Biên","21.067410476138544, 105.92005867656508"
42321978,04/03/2025,Hướng dẫn hồ sơ mua nhà ở xã hội Long Biên,Giá thỏa thuận,70 m²,N/A,N/A,N/A,"Thượng Thanh, Long Biên","21.06538441267965, 105.88767766130648"
40667688,04/03/2025,"Chỉ 4.3 tỷ sở hữu căn góc 3 ngủ 85.8 m2 full nội thất & điện tử, có sổ đẹp nhất Eco City Việt Hưng","4,3 tỷ","85,8 m²","50,12 tr/m²",3,2,"Giang Biên, Long Biên","21.0577354431152, 105.913352966309"
30804713,04/03/2025,"Sở hữu căn 148.5m2 4 phòng ngủ đẳng cấp nhất HC Golden City giá chỉ 11 tỷ, full nội thất cao cấp",11 tỷ,"148,5 m²","74,07 tr/m²",4,2,"Bồ Đề, Long Biên","21.0371780395508, 105.873069763184"
42324010,04/03/2025,"Cực hiếm - bán nhà - Thượng Thanh - Long Biên - CC cao cấp - mới - 84.5m2, 4.95 tỷ","4,95 tỷ","84,5 m²","58,58 tr/m²",3,3,"Thượng Thanh, Long Biên","21.0661121553448, 105.888653910602"
41787453,03/03/2025,Cần bán căn góc 3 ngủ Phương Đông Green Homes Việt Hưng giá tốt full đồ ở ngay,Giá thỏa thuận,80 m²,N/A,3,2,"Đức Giang, Long Biên","21.06682080847062, 105.90324094023578"
42106313,03/03/2025,"Bán CC Bình Minh Garden, 5,4 tỷ, 97m2, 3PN, 2WC, nhiều tiện ích ở Long Biên, Hà Nội","5,4 tỷ",97 m²,"55,67 tr/m²",3,2,"Đức Giang, Long Biên","21.06849292837576, 105.8879847607764"
42323172,03/03/2025,Chính chủ cần bán căn chung cư Việt Hưng - Long Biên 75m2 2PN + wc + PK + bếp + ban công Đông Nam,"3,15 tỷ",75 m²,42 tr/m²,2,1,"Đức Giang, Long Biên","21.062593819533824, 105.908187879023"
42290714,03/03/2025,"Cắt lỗ căn hộ 2 ngủ tại dự án chung cư Khai Sơn, giá chỉ 5 tỷ",5 tỷ,"77,51 m²","64,51 tr/m²",2,2,"Ngọc Thụy, Long Biên","21.0518995807136, 105.884504152992"
42323048,03/03/2025,"Chính chủ bán căn hộ 3 ngủ tòa K1, tầng trung, view hồ không đối rác giá 6.6 tỷ LH: 0848 220 ***","6,6 tỷ",101 m²,"65,35 tr/m²",3,2,"Ngọc Thụy, Long Biên","21.052227029844435, 105.88475232134293"
42322833,03/03/2025,Cần bán căn hộ Eco city-KĐT Việt hưng-2N2w- full nội thất- Sổ đỏ CC- nhận nhà ở ngay 0979 209 ***,Giá thỏa thuận,73 m²,N/A,2,2,"Giang Biên, Long Biên","21.057750698669196, 105.91333295787885"
42158324,03/03/2025,"Bán CC Him Lam Thạch Bàn 2, 3,15 tỷ, 53m2, 2PN, pháp lý đầy đủ, giá tốt","3,15 tỷ",53 m²,"59,43 tr/m²",2,1,"Thạch Bàn, Long Biên","21.024011541705708, 105.910361007093"
42099185,03/03/2025,"Chung cư Berriver Jardin 390 Nguyễn Văn Cừ, diện tích 85 m2, tổng 3pn, 2vs. Chính chủ",7 tỷ,85 m²,"82,35 tr/m²",3,2,"Bồ Đề, Long Biên","21.0437904980919, 105.878038717187"
34476649,03/03/2025,"Chính chủ cần bán căn hộ 68m2, 2 phòng ngủ, 2VS","3,25 tỷ",68 m²,"47,79 tr/m²",2,2,"Phúc Lợi, Long Biên","21.042308693376132, 105.92755751408835"
42322617,03/03/2025,Chính Chủ Bán Chung Cư căn hộ Rice City Toà Nam Linh Đàm LH; 0929 656 ***,Giá thỏa thuận,70 m²,N/A,3,2,"Thượng Thanh, Long Biên","21.054325133323644, 105.87780780165765"
41683292,03/03/2025,"Cực hiếm chung cư Green House Việt Hưng 75m2 2PN/1WC ban công Đông Nam thoáng mát giá 3,7 tỷ","3,7 tỷ",75 m²,"49,33 tr/m²",2,1,"Đức Giang, Long Biên","21.07016944885254, 105.9068374633789"
42170697,03/03/2025,"Bán căn hộ tòa Valencia Khu đô thị Việt Hưng: Căn góc 80m2, 3 ngủ, 2wc","4,14 tỷ",80 m²,"51,75 tr/m²",3,2,"Đức Giang, Long Biên","21.05538319420399, 105.91178023574743"
42322136,03/03/2025,"Chinh chu cần bán căn hộ 69,2m2 cửa hướng bắc , ban công đông nam liên hệ 0944 644 ***","3,75 tỷ","69,2 m²","54,19 tr/m²",2,2,"Thượng Thanh, Long Biên","21.05698261822531, 105.88440005753054"
37524583,03/03/2025,"Chính chủ cần bán căn hộ 70m2, 2PN - 2VS tại Happy Star Tower, Giang Biên, Long Biên, HN","3,6 tỷ",70 m²,"51,43 tr/m²",2,2,"Giang Biên, Long Biên","21.0600395202637, 105.913650512695"
42278070,03/03/2025,Cần bán nhanh căn hộ 52m2 2PN1WC Ruby Ct2 Giang Biên,"2,65 tỷ",52 m²,"50,96 tr/m²",2,1,"Giang Biên, Long Biên","21.058752984375392, 105.91495059264017"
33320077,03/03/2025,"Bán chung cư 2PN 1VS đô thị Việt Hưng, Long Biên","3,05 tỷ","72,5 m²","42,07 tr/m²",2,1,"Đức Giang, Long Biên","21.0626907348633, 105.908332824707"
41759741,03/03/2025,"Cần bán gấp chung cư Ecohome Phúc Lợi, Long Biên","2,4 tỷ",46 m²,"52,17 tr/m²",2,1,"Phúc Lợi, Long Biên","21.0423583984375, 105.92729949951172"
42201302,03/03/2025,"Bán căn hộ Greenhouse, 74m2 2PN 1WC giá 3.2 tỷ. LH 0967 341 ***","3,2 tỷ",74 m²,"43,24 tr/m²",2,1,"Đức Giang, Long Biên","21.069593369113996, 105.90640554816493"
42320937,03/03/2025,Chính chủ cần tiền bán gấp căn 77m2 view hồ Khai Sơn giá 5.45tỷ bao phí FULL ĐỒ LH: 0964 538 ***,"5,45 tỷ","77,51 m²","70,31 tr/m²",2,2,"Ngọc Thụy, Long Biên","21.052560636869472, 105.88498572920497"
42320762,03/03/2025,"Bán căn hô 80 m2 ban công Đông Nam Berriver Jardin. Giá 5,75 tỷ","5,75 tỷ",80 m²,"71,88 tr/m²",3,2,"Bồ Đề, Long Biên","21.044243488044934, 105.87752096870088"
42318954,03/03/2025,"Chính chủ bán căn hộ tại Bình Minh Garden, 5,1 tỷ, 91m2, 3PN, nội thất đầy đủ - LH: 0982 998 ***","5,1 tỷ",91 m²,"56,04 tr/m²",3,N/A,"Đức Giang, Long Biên","21.069383717135775, 105.88804300688444"
37443565,03/03/2025,Cắt lỗ cần bán căn 2PN full đồ tầng trung Chung cư AQH Riverside. Ảnh thật 100%,"3,55 tỷ",58 m²,"61,21 tr/m²",2,N/A,"Thượng Thanh, Long Biên","21.065101623535156, 105.88865661621094"
42318745,03/03/2025,"Cần bán chung cư Z133 Bộ Quốc Phòng (K33). Ngọc Thụy, Long Biên, DT: 80m2 2 ngủ - 2vs giá 3,95 tỷ","3,95 tỷ",80 m²,"49,38 tr/m²",2,2,"Ngọc Thụy, Long Biên","21.061821716941, 105.882422916131"
42094790,03/03/2025,"Bán căn Chung  Khai Sơn Long Biên DT 77,5m 2PN, NT cơ bản, bao sang tên ngay, giá 5,2 tỷ","5,2 tỷ","77,5 m²","67,1 tr/m²",2,2,"Ngọc Thụy, Long Biên","21.0524843238022, 105.88538683848"
41714305,03/03/2025,"Bán gấp CH 83m2 đầy đủ nội thất Le Grand Jardin Sài Đồng, giá 5 tỷ view bể bơi, sẵn sổ",5 tỷ,83 m²,"60,24 tr/m²",2,2,"Phúc Đồng, Long Biên","21.035978317260742, 105.90629577636719"
41661718,03/03/2025,"Cần bán căn hộ 83m2 chung cư Le Grand Jardin đầy đủ nội thất giá 5,2 tỷ rẻ nhất dự án hướng mát ĐN","5,2 tỷ",83 m²,"62,65 tr/m²",2,2,"Sài Đồng, Long Biên","21.035978317260742, 105.90629577636719"
42317281,03/03/2025,"Chính chủ bán căn 3 ngủ 115m2 chung cư One 18 phố Ngọc Lâm view sông giá 7,2 tỷ: LH 0916 393 ***","7,2 tỷ",115 m²,"62,61 tr/m²",3,2,"Ngọc Lâm, Long Biên","21.0479636747727, 105.873770370025"
42316806,03/03/2025,"Hà Nội Homeland: Bán căn 2PN, 2vs 1 logia 58m2","3,4 tỷ",58 m²,"58,62 tr/m²",2,2,"Thượng Thanh, Long Biên","21.0560595615412, 105.884240772575"
42316663,03/03/2025,Chính chủ bán căn 3 ngủ đồ cơ bản 104m2 chung cư cao cấp One 18 phố Ngọc Lâm giá 6.55tỷ: 0916 393 ***,"6,55 tỷ","103,9 m²","63,04 tr/m²",3,2,"Ngọc Lâm, Long Biên","21.0479636747727, 105.873770370025"
41121369,03/03/2025,"Bán nhanh căn Hope Phúc Đồng. DT: 70m2, 2 ngủ, 2vs. Giá: Thương lượng chính chủ ko đăng ảo","3,25 tỷ",73 m²,"44,52 tr/m²",2,2,"Phúc Đồng, Long Biên","21.040499, 105.90479"
39267979,03/03/2025,"Bán gấp căn hộ tòa TSG Lotus Sài Đồng. DT: 83m2, 3 ngủ, 2vs, giá: 4,5 tỷ","4,4 tỷ",83 m²,"53,01 tr/m²",3,2,"Việt Hưng, Long Biên","21.0598011016846, 105.898727416992"
39616560,03/03/2025,"Bán gấp căn chung cư Lotus Sài Đồng, full nội thất đẹp. DT: 83m2, 3PN, 2VS. Giá: 4tỷ600tr còn TL","4,6 tỷ",83 m²,"55,42 tr/m²",3,2,"Việt Hưng, Long Biên","21.0598011016846, 105.898727416992"
42124093,03/03/2025,"Tư vấn hồ sơ mua NOXH CT1 Him Lam Thượng Thanh, dự kiến 20tr/m2, thủ tục cần những gì, liên hệ ngay",Giá thỏa thuận,70 m²,N/A,2,2,"Thượng Thanh, Long Biên","21.065433180798024, 105.88814449967687"
42279399,03/03/2025,Bán căn hộ 65m2 rẻ nhất Homeland,"3,45 tỷ",65 m²,"53,08 tr/m²",2,2,"Thượng Thanh, Long Biên","21.0570988679314, 105.884878421397"
42130512,03/03/2025,"Duy nhất căn góc 3PN, ĐN view trọn biệt thự Vinhomes Riverside, 80m2, nhỉnh 4 tỷ, Valencia Garden","4,03 tỷ",80 m²,"50,38 tr/m²",N/A,N/A,"Đức Giang, Long Biên","21.055734588008768, 105.911860809467"
41989413,03/03/2025,"Bán căn 1 phòng ngủ 40m2, tầng đẹp, nhà mới Vinhomes Symphony Riverside",Giá thỏa thuận,"40,6 m²",N/A,1,1,"Việt Hưng, Long Biên","21.0461521148682, 105.915649414063"
42112331,03/03/2025,"Rẻ nhất dự án - CC 3PN 2WC Vinhomes Symphony, DT 86m2, ban công ĐN, view vườn hoa, giá thỏa thuận",Giá thỏa thuận,86 m²,N/A,3,2,"Việt Hưng, Long Biên","21.04624255545572, 105.91564558699785"
42316047,03/03/2025,Bán căn hộ 2 PN 2vs đẹp nhất chung cư Sunshine Green Iconic giá 5.8 tỷ toàn bộ chi phí,"5,8 tỷ",74 m²,"78,38 tr/m²",2,2,"Phúc Đồng, Long Biên","21.040779515749083, 105.89656507794857"
39100968,03/03/2025,Căn Góc 70m2 Hope Residence full nội thất nhà siêu đẹp giá chỉ 3.4 tỉ đã có sổ đỏ Lh: 0976 983 ***,Giá thỏa thuận,70 m²,N/A,2,2,"Phúc Đồng, Long Biên","21.040638363514294, 105.90491202335129"
42067016,03/03/2025,Trực tiếp CĐT: Căn cuối cùng Eco City - chính sách ưu đãi lớn nhất,"4,05 tỷ",78 m²,"51,92 tr/m²",3,2,"Giang Biên, Long Biên","21.05793160792307, 105.91363309491862"
42315810,03/03/2025,"CHCC Việt Hưng 89m2 3PN, 2WC có thang máy, tầng trung thoáng mát giá 3,950 tỷ","3,95 tỷ",89 m²,"44,38 tr/m²",3,2,"Giang Biên, Long Biên","21.062988087756953, 105.90817427613538"
42274685,03/03/2025,Bán căn hộ 3PN 80m2 nội thất như hình. Liên hệ 0352 051 ***,"5,85 tỷ",80 m²,"73,12 tr/m²",3,N/A,"Bồ Đề, Long Biên","21.0440543007863, 105.878076762746"
42262979,03/03/2025,Bán căn hộ 3PN 104m2 N01 full nội thất cao cấp tầng đẹp,"7,5 tỷ",104 m²,"72,11 tr/m²",N/A,N/A,"Bồ Đề, Long Biên","21.044508596784592, 105.87835710659671"
42265547,03/03/2025,Duy nhất căn hộ 4PN 3WC 180m2 full nội thất. Sẵn sổ giao dịch,11 tỷ,180 m²,"61,11 tr/m²",4,3,"Bồ Đề, Long Biên","21.0440099072841, 105.877745097285"
41745762,03/03/2025,"Cần bán gấp căn 3 ngủ, 2 vệ sinh diện tích 109m2 toà BCD. Ban công Đông Bắc liên hệ: 0967 935 ***","8,2 tỷ",109 m²,"75,23 tr/m²",3,2,"Phúc Đồng, Long Biên","21.040733337402344, 105.89656066894531"
42315614,03/03/2025,Chính chủ cần bán căn 3PN full đồ tầng trung ban công thoáng mát. Nhà sổ hồng sẵn sàng giao dịch,"5,46 tỷ",84 m²,65 tr/m²,3,N/A,"Sài Đồng, Long Biên","21.0367404371451, 105.906644854083"
41706225,03/03/2025,"Sunshine Green Iconic - cần bán cắt lỗ căn 2PN diện tích 80m2 ban công Đông Bắc, tầng trung","6,05 tỷ",80 m²,"75,62 tr/m²",2,2,"Phúc Đồng, Long Biên","21.040733337402344, 105.89656066894531"
42261611,03/03/2025,"Bán Quỹ Căn Ngoại Giao Tại Valencia Garden- 3PN chỉ với 4,1 tỷ nhận nhà ở Ngay. Liên Hệ 0986 326 ***","4,1 tỷ",80 m²,"51,25 tr/m²",3,2,"Đức Giang, Long Biên","21.055921042619293, 105.91212083669195"
40671853,03/03/2025,Chính chủ cần bán cắt lỗ căn 2 ngủ diện tích 80m2 dự án Sunshine Green Iconic Phúc Đồng - Long Biên,"5,5 tỷ",80 m²,"68,75 tr/m²",2,2,"Phúc Đồng, Long Biên","21.0407333374023, 105.896560668945"
42315233,03/03/2025,"Bán căn 3 PN chung cư Lotus Sài Đồng, giá hơn 4 tỷ",Giá thỏa thuận,86 m²,N/A,N/A,N/A,"Việt Hưng, Long Biên","21.059566738088463, 105.89882086824993"
42274542,03/03/2025,"Chính chủ tôi cần bán căn hộ 3PN 2WC mới tinh chưa ở, giá 5 tỷ dt 95m2 đã có sổ hồng",5 tỷ,95 m²,"52,63 tr/m²",3,2,"Đức Giang, Long Biên","21.06917619932797, 105.88804390782572"
42016913,03/03/2025,"Chính Chủ Bán căn hộ cc Sunrise Building NO3A Sài Đồng, Long Biên, 76m2, 2 ngủ - 1vs,","3,85 tỷ",76 m²,"50,66 tr/m²",2,1,"Sài Đồng, Long Biên","21.034833414824689, 105.91226620394022"
42100581,03/03/2025,"Bán căn hộ 3PN, 2WC, 79m2 tại Valencia Garden ban công Đông Nam view Vinhomes LH: 0377 281 ***","4,1 tỷ",79 m²,"51,9 tr/m²",3,2,"Đức Giang, Long Biên","21.055988520189917, 105.91079967554207"
42019975,03/03/2025,"Giá tốt căn hộ 3N2WC DT 101m2 Bình Mình Garden Full Đồ Đẹp giá chỉ 5,7 tỷ - Sẵn Sổ Nhận Nhà Ở Ngay","5,7 tỷ",101 m²,"56,44 tr/m²",3,2,"Đức Giang, Long Biên","21.0693649727573, 105.88870991992836"
38620336,03/03/2025,"Tôi cần bán căn Happy House, 2PN - 2WC, 77m2, 2 mặt thoáng, nhà vuông vắn, SĐCC, giá 3,x tỷ",Giá thỏa thuận,77 m²,N/A,2,2,"Đức Giang, Long Biên","21.0626907348633, 105.908332824707"
42314973,03/03/2025,"Chính chủ bán căn hộ 2 ngủ, tầng trung K2, Khai Sơn, đã có đồ LH: 0848 220 ***","5,35 tỷ","77,51 m²","69,02 tr/m²",2,2,"Ngọc Thụy, Long Biên","21.0519942972397, 105.885476541042"
42302943,03/03/2025,"Bán căn hộ chung cư tại Khai Sơn City, 7,4 tỷ, 120m2, 3PN, 3WC, chính chủ hàng hiếm","7,4 tỷ",120 m²,"61,67 tr/m²",3,3,"Ngọc Thụy, Long Biên","21.052447519743, 105.884925230247"
42314614,03/03/2025,"Bán căn hộ chung cư giá tốt tại Việt Hưng, 3,2 tỷ, 75m2","3,2 tỷ",75 m²,"42,67 tr/m²",2,1,"Đức Giang, Long Biên","21.062012624110974, 105.90834101818561"
42309207,03/03/2025,"Quỹ căn chuyển nhượng DT 92m2 100m2 104m2 chung cư Bình Minh Garden - Long Biên. Giá chỉ từ 4,8 tỷ","4,85 tỷ",92 m²,"52,72 tr/m²",3,2,"Đức Giang, Long Biên","21.0691683635656, 105.888023403618"
42205810,03/03/2025,"Chủ nhà thiện chí cần bán nhanh căn 2PN 2VS tại tòa S6 Symphony Long Biên giá 5,3 tỷ","5,3 tỷ",67 m²,"79,1 tr/m²",2,2,"Việt Hưng, Long Biên","21.045951074342383, 105.91655066518125"
41030642,03/03/2025,"Bán penthouses Mipec Riverside Long Biên 230m2, view Sông Hồng full nội thất sang trọng",19 tỷ,230 m²,"82,61 tr/m²",4,4,"Ngọc Lâm, Long Biên","21.0457458496094, 105.86637878418"
42104887,03/03/2025,"Chính chủ gửi bán CH 97m2 view Vin Homes giá 6,150 tỷ tầng trung chung cư Le Grand Jardin Sài Đồng","6,15 tỷ",97 m²,"63,4 tr/m²",3,2,"Sài Đồng, Long Biên","21.0365393295728, 105.905578080881"
42310780,03/03/2025,Chị mình cần bán căn hộ chung cư Bộ Quốc Phòng (K33) Ngọc Thuỵ Long Biên,"3,95 tỷ",85 m²,"46,47 tr/m²",2,2,"Ngọc Thụy, Long Biên","21.0496904598175, 105.867062154305"
38984877,03/03/2025,Trực tiếp CĐT: Chung cư Eco City căn cuối cùng bảng hàng và chính sách ưu đãi lớn nhất,"4,05 tỷ",78 m²,"51,92 tr/m²",3,2,"Giang Biên, Long Biên","21.0577354431152, 105.913352966309"
42310605,03/03/2025,"Bán chung cư Bộ Quốc Phòng Z133 Ngọc Thụy, Long Biên 3,95 tỷ, 82m2 2 ngủ 2vs","3,95 tỷ",82 m²,"48,17 tr/m²",2,2,"Ngọc Thụy, Long Biên","21.0617257816764, 105.882387057514"
42310574,03/03/2025,"Bán căn hộ chung cư CT10 3PN, 2WC, 126m2 tại Nguyễn Cao Luyện, Long Biên, 5,15 tỷ","5,15 tỷ",126 m²,"40,87 tr/m²",3,2,"Giang Biên, Long Biên","21.06268106913431, 105.90833374007364"
42086555,03/03/2025,"Bán căn thương mại 70m H2.1812 trực tiếp chủ đầu tư, đã có sổ, giá 3,69 tỷ","3,69 tỷ",70 m²,"52,71 tr/m²",2,2,"Phúc Đồng, Long Biên","21.0408225470498, 105.904185223312"
42308437,03/03/2025,"Cần thanh khoản em bán gấp căn hộ 2PN 65m2, tầng cao siêu thoáng. Sẵn sổ hồng giao dịch","4,7 tỷ",65 m²,"72,31 tr/m²",2,1,"Bồ Đề, Long Biên","21.0443581323695, 105.877410699097"
42305813,03/03/2025,"Bán căn góc chung cư Bình Minh Garden 93 Đức Giang, Dt 104m2  3 ngủ -2vs",Giá thỏa thuận,104 m²,N/A,3,2,"Đức Giang, Long Biên","21.0689985381158, 105.887901010629"
42304161,03/03/2025,"Bán căn CC Việt Hưng - Long Biên 3ngủ, tầng cao, view đẹp. Diện tích 98m2 giá 4X tỷ","4,5 tỷ",98 m²,"45,92 tr/m²",3,2,"Việt Hưng, Long Biên","21.062359353943197, 105.9082390926692"
42302074,03/03/2025,"Bán căn chung cư 100 m2, sổ đỏ, Giang Biên, Long Biên, Hà Nội, giá 3,75 tỷ","3,75 tỷ",100 m²,"37,5 tr/m²",3,2,"Giang Biên, Long Biên","21.0626977003684, 105.908454659406"
41606422,03/03/2025,Cần bán chung cư 2PN Green House đô thị Việt Hưng view công viên Long Biên 1 bước tới Marie Curie,"3,5 tỷ",80 m²,"43,75 tr/m²",2,2,"Đức Giang, Long Biên","21.0701694488525, 105.906837463379"
40988308,02/03/2025,"Cần tiền bán gấp căn 2pn 2vs CC AQH bàn giao full NT đồ rời, tầng đẹp, view sông LH 0978 509 ***","3,64 tỷ",61 m²,"59,67 tr/m²",2,2,"Thượng Thanh, Long Biên","21.0651016235352, 105.888656616211"
41174805,02/03/2025,"Bán căn hộ 58m2 tại Hà Nội Homeland chỉ 3,4tỷ VND","3,4 tỷ",58 m²,"58,62 tr/m²",2,2,"Thượng Thanh, Long Biên","21.0576, 105.8846"
40097591,02/03/2025,Bán căn 4PN - 180m2 căn hộ penhouse tại Berriver Jardin,"11,3 tỷ",180 m²,"62,78 tr/m²",4,2,"Bồ Đề, Long Biên","21.0443172454834, 105.877861022949"
41686858,02/03/2025,"Chính chủ bán căn lotus Sài Đồng view VINHOMES BC Đông Nam.83m2,3ngủ, 2vs. Giá: 4tỷ6. Full nội thất","4,65 tỷ",83 m²,"56,02 tr/m²",2,2,"Việt Hưng, Long Biên","21.059801, 105.89873"
40794057,02/03/2025,"Bán gấp căn Lotus Sài Đồng, view Vin Homes, Bc Đông Nam. DT 83m2 3 PN, 2VS full nội thất, tầng đẹp","4,4 tỷ",83 m²,"53,01 tr/m²",3,2,"Việt Hưng, Long Biên","21.0598011016846, 105.898727416992"
42311961,02/03/2025,"Bán căn hộ 66m(2pn2vs) Homeland Long Biên. Nội thất đầy đủ, vào ở luôn. Sổ hồng giao dịch ngay","3,88 tỷ",66 m²,"58,79 tr/m²",2,2,"Thượng Thanh, Long Biên","21.057678380640045, 105.88482488325336"
41365449,02/03/2025,"Căn góc 92m2(3pn2vs) chung cư Homeland, bán 4,9tỷ. View hồ 15ha. Có NT đầy đủ phí 6nd/m2 sổ lâu dài","4,95 tỷ",92 m²,"53,8 tr/m²",3,2,"Thượng Thanh, Long Biên","21.057600021362305, 105.88459777832031"
42265728,02/03/2025,Căn penthouse 239m2 view trực diện hồ điều hoà 15ha tại chung cư Khai Sơn City Long Biên giá bán,20 tỷ,239 m²,"83,68 tr/m²",4,5,"Ngọc Thụy, Long Biên","21.0527177543647, 105.885214677203"
40235000,02/03/2025,"Mình cần bán chung cư Ecohome Phúc Lợi - Long Biên. 102m2, 3PN giá bán 4.7tỷ","4,7 tỷ",102 m²,"46,08 tr/m²",3,2,"Phúc Lợi, Long Biên","21.0423583984375, 105.927299499512"
40883551,02/03/2025,"Cần bán chung cư Ruby City 3 Phúc Lợi, Long Biên 70m2, 3PN giá 3.2tỷ(lô góc)","3,2 tỷ",70 m²,"45,71 tr/m²",3,2,"Giang Biên, Long Biên","21.0363063812256, 105.933120727539"
40883661,02/03/2025,"Bán chung cư thương mại Ecohome Phúc Lợi, Long Biên 70m2, 2PN, 2 wc giá 3,25 tỷ","3,25 tỷ",70 m²,"46,43 tr/m²",2,2,"Phúc Lợi, Long Biên","21.0423583984375, 105.927299499512"
42259493,02/03/2025,"Chính chủ bán căn góc KĐT Việt Hưng, 3,758 tỷ, 89,7m2, 3PN, 2WC","3,76 tỷ","89,7 m²","41,9 tr/m²",3,2,"Giang Biên, Long Biên","21.06276946814773, 105.90860295054037"
42019995,02/03/2025,"Chính chủ bán căn 3PN, 2WC, 120m2 giá chỉ: 7,3 tỷ tại Green Park CT15 Việt Hưng, Long Biên, Hà Nội","7,3 tỷ",120 m²,"60,83 tr/m²",3,2,"Giang Biên, Long Biên","21.0645265473231, 105.911205813481"
41327564,02/03/2025,"Cần bán gấp căn 3PN 2 vệ sinh diện tích 102m2 full nội thất ban công Đông Nam đã có sổ, 0377 281 ***","5,95 tỷ",102 m²,"58,33 tr/m²",3,2,"Giang Biên, Long Biên","21.064611434936523, 105.91111755371094"
42002170,02/03/2025,"Chính chủ, bán căn 102m2 3 phòng ngủ, tầng trung, nhà đẹp, chung cư HC Golden City giá chỉ 7,95 tỷ","7,95 tỷ",102 m²,"77,94 tr/m²",3,N/A,"Bồ Đề, Long Biên","21.03689413916117, 105.8729383912963"
37945477,02/03/2025,"Bán căn chung cư Hope, nội thất như hình, view Trường nội khu. 70m2, 2 phòng ngủ, 2VS. Giá TL","3,2 tỷ",70 m²,"45,71 tr/m²",2,2,"Phúc Đồng, Long Biên","21.0404987335205, 105.904792785645"
41956885,02/03/2025,"Chính chủ bán căn hộ tầng 6 toà H2 - View nội khu - Giá thương lượng trực tiếp. DT: 70m2,2 ngủ, 2vs",Giá thỏa thuận,70 m²,N/A,2,2,"Phúc Đồng, Long Biên","21.0409034933293, 105.905623301289"
42089528,02/03/2025,"Bán căn hộ 51m2, 2PN, 2WC, giá siêu hời tại Phúc Lợi, Long Biên, Hà Nội","2,37 tỷ",51 m²,"46,47 tr/m²",2,2,"Giang Biên, Long Biên","21.037028847606, 105.933531285869"
40330001,02/03/2025,Chính chủ chuyển nhượng căn hộ 2PN 77.51m2 dự án Khai Sơn City giá 5 tỷ LH: 0981 649 ***,"5,2 tỷ","77,51 m²","67,09 tr/m²",2,2,"Ngọc Thụy, Long Biên","21.0522689819336, 105.884811401367"
42106403,02/03/2025,"Bán gấp căn hộ 2PN, 53.2m2, 2WC tại Ruby City CT3, 2,5 tỷ Đã có sổ đỏ lâu dài","2,5 tỷ","53,2 m²","46,99 tr/m²",2,2,"Giang Biên, Long Biên","21.036416051470834, 105.93300233466174"
42215792,02/03/2025,"Bán căn hộ chung cư 73,3m2, giá tốt tại CT17 GREEN HOUSE, Việt Hưng, Long Biên, Hà Nội","3,22 tỷ","73,3 m²","43,93 tr/m²",2,1,"Việt Hưng, Long Biên","21.062702451749921, 105.90832949497431"
42215863,02/03/2025,"Bán căn hộ chung cư hot tại Green Park CT15 Việt Hưng, 6,16 tỷ, 101,5 m2","6,16 tỷ","101,5 m²","60,69 tr/m²",3,2,"Giang Biên, Long Biên","21.064628617175686, 105.91092210046598"
36879803,02/03/2025,"Chính chủ chuyển nhượng căn góc 3pn 96.87m2 tầng đẹp, view hồ dự án Khai Sơn City LH: 0981 649 ***","7,3 tỷ","96,87 m²","75,36 tr/m²",3,2,"Ngọc Thụy, Long Biên","21.0522689819336, 105.884811401367"
39322500,02/03/2025,"Chính chủ nhượng căn góc 3PN 96.87m2 toà K3 view hồ & cv dự Khai Sơn City, giá tốt LH: 0981 649 ***","6,8 tỷ","96,87 m²","70,2 tr/m²",3,2,"Ngọc Thụy, Long Biên","21.052442347532, 105.885009266997"
42218329,02/03/2025,"Bán căn hộ đập thông 85m2 và 99m2 tầng 12 CC Le Grand Jardin - đã có sổ, tầng trung view siêu đẹp",Giá thỏa thuận,184 m²,N/A,5,4,"Sài Đồng, Long Biên","21.0359783172607, 105.906295776367"
42310186,02/03/2025,"Gia đình cần bán gấp căn hộ 100,25m2 tại Bình Minh Garden giá rẻ nhất thị trường.","5,8 tỷ","100,25 m²","57,86 tr/m²",3,2,"Đức Giang, Long Biên","21.0696911400007, 105.88832290567962"
42064525,02/03/2025,Chính chủ bán nhanh căn 3PN 82m2 chung cư Valencia Garden KĐT Việt Hưng full đồ. LH 0962 035 ***,Giá thỏa thuận,82 m²,N/A,3,2,"Đức Giang, Long Biên","21.056046653274674, 105.91229290109939"
42310157,02/03/2025,"Chung cư Việt Hưng 97m2 3PN 2WC tầng cao thoáng mát giá 4,45 tỷ","4,45 tỷ",97 m²,"45,88 tr/m²",3,2,"Giang Biên, Long Biên","21.062831846155866, 105.90836749275674"
41362123,02/03/2025,"Bán căn 70m2 chung cư Homeland. Có NT gắn tường, cách cầu Chương Dương 3km. Vào ở ngay. Giá 3,9 tỷ","3,9 tỷ",70 m²,"55,71 tr/m²",2,2,"Thượng Thanh, Long Biên","21.057600021362305, 105.88459777832031"
41362469,02/03/2025,Hà Nội Homeland_Nhượng lại căn 92m2(3pn2vs) đã có NT gắn tường. Vào ở ngay được. Sổ hồng không vay,"4,9 tỷ",92 m²,"53,26 tr/m²",3,2,"Thượng Thanh, Long Biên","21.057600021362305, 105.88459777832031"
41929380,02/03/2025,"Bán nhà như ảnh 3,280tỷ, 74m2, FULL nội thất view đẹp chỉ với 2PN, 2WC LH 0972 109 ***","3,28 tỷ",74 m²,"44,32 tr/m²",2,2,"Phúc Đồng, Long Biên","21.0402103433707, 105.904594631595"
42309466,02/03/2025,"Quỹ căn chuyển nhượng chung cư Le Grand Jardin - Sài Đồng, DT 77m2, 83m2, 97m, 106m2","4,3 tỷ",77 m²,"55,84 tr/m²",2,2,"Sài Đồng, Long Biên","21.0359783172607, 105.906295776367"
42259453,02/03/2025,"Bán căn hoa hậu trung tâm KĐT Việt Hưng Long Biên: 89,7m2, 3PN, 2WC","3,75 tỷ","89,7 m²","41,81 tr/m²",3,2,"Đức Giang, Long Biên","21.06205882128221, 105.90853168873048"
42000076,02/03/2025,Bán căn hộ chung cư khu đô thị Việt Hưng Long Biên chỉ hơn ba tỷ,"3,5 tỷ",74 m²,"47,3 tr/m²",2,2,"Đức Giang, Long Biên","21.071037196053375, 105.90669194499766"
42308488,02/03/2025,Cần bán gấp căn hộ 81m2 full nội thất giá hợp lý tại Vinhome Symphony,"7,7 tỷ",81 m²,"95,06 tr/m²",3,2,"Việt Hưng, Long Biên","21.045571646039622, 105.91557898670338"
42308477,02/03/2025,Gia đình cần bán gấp căn hộ 80m2 giá hợp lý tại dự án Berriver Jardin,"5,8 tỷ",80 m²,"72,5 tr/m²",3,2,"Bồ Đề, Long Biên","21.04391366187711, 105.8782393918636"
42308471,02/03/2025,Em cần thanh khoản gấp căn hộ 85m2(2N+1) toà L1 Le Grand Jardin,"5,1 tỷ",85 m²,60 tr/m²,3,2,"Sài Đồng, Long Biên","21.036047709268505, 105.90678203191995"
41236991,01/03/2025,"Duy nhất, bán nhanh căn hộ 105m2 Premier Berriver full nội thất đẹp như hình, giá 7,x tỷ","7,5 tỷ",105 m²,"71,43 tr/m²",3,2,"Bồ Đề, Long Biên","21.0443172454834, 105.87786102294922"
42308397,01/03/2025,"Cần thanh khoản nhanh căn Duplex ban công Đông Nam, giá 13,5 tỷ bao thuế phí","13,5 tỷ",169 m²,"79,88 tr/m²",3,4,"Phúc Đồng, Long Biên","21.040670510894397, 105.89637499506927"
40743129,01/03/2025,Penthouse thông tầng đẳng cấp tại KĐT ven sông Hồng - Long Biên. 10 phút sang Phố Cổ chỉ 19 tỷ,19 tỷ,"238,33 m²","79,72 tr/m²",3,3,"Ngọc Thụy, Long Biên","21.0522689819336, 105.884811401367"
42308190,01/03/2025,"Chủ cần tiền, hạ giá 300tr, bán gấp căn hộ tầng 18 dự án Khai Sơn, 101m2 giá chỉ 6.5 tỷ","6,5 tỷ",101 m²,"64,36 tr/m²",3,2,"Ngọc Thụy, Long Biên","21.05238065735, 105.884193018156"
41370502,01/03/2025,"Chính chủ cần nhượng lại căn 2PN 89.53m2 tầng đẹp, giá tốt dự án Khai Sơn City giá 5,25 tỷ tầng 16","5,25 tỷ","89,53 m²","58,64 tr/m²",2,2,"Ngọc Thụy, Long Biên","21.0590840715879, 105.86821211147"
40733178,01/03/2025,"Sổ đỏ chính chủ bán gấp lô góc 70m2 Hope 2PN, 2wc giá bán 3,7 tỷ","3,7 tỷ",70 m²,"52,86 tr/m²",2,2,"Phúc Đồng, Long Biên","21.0404987335205, 105.904792785645"
29202399,01/03/2025,"Bán căn góc chung cư Hope Phúc Đồng, 2PN, 2VS hoàn thiện full nội thất, giá 3,7 tỷ LH 0975 862 ***","3,7 tỷ",70 m²,"52,86 tr/m²",2,2,"Phúc Đồng, Long Biên","21.0404987335205, 105.904792785645"
37998355,01/03/2025,"Sổ đỏ chính chủ bán lại lô góc 70m2 Hope Phúc Đồng 2PN, 2WC, full nội thất, giá 3,7 tỷ","3,7 tỷ",70 m²,"52,86 tr/m²",2,2,"Phúc Đồng, Long Biên","21.0404987335205, 105.904792785645"
40289864,01/03/2025,"Chính chủ ban căn góc giá 3,7 tỷ 70m2 2PN 2wc full nội thất LH 0975 862 ***","3,7 tỷ",70 m²,"52,86 tr/m²",2,2,"Phúc Đồng, Long Biên","21.0404987335205, 105.904792785645"
42268095,01/03/2025,"Bán CC Berriver Jardin Long Biên giá siêu hời 8,1 tỷ, 113m2, 3PN, 2WC","8,1 tỷ",113 m²,"71,68 tr/m²",3,2,"Bồ Đề, Long Biên","21.044155515689592, 105.87865570881985"
38352403,01/03/2025,"Chỉ 5 tỷ sở hữu căn 3 ngủ 92.26m2, tầng đẹp, full nội thất cao cấp, nhận nhà ở ngay, sổ đỏ trao tay",5 tỷ,"92,26 m²","54,2 tr/m²",3,2,"Đức Giang, Long Biên","21.0690975189209, 105.888038635254"
42306868,01/03/2025,Bán căn hộ 2pn full nội thất mới toanh chưa bóc tem chung cư Le Grand Jardin hướng thoáng,"5,1 tỷ",82 m²,"62,2 tr/m²",N/A,N/A,"Sài Đồng, Long Biên","21.036548149616426, 105.90666090231437"
41341815,01/03/2025,"Bán căn 2 ngủ 2 vệ sinh full nội thất mới, tầng cao view đẹp và thoáng nhất dự án Vinhomes Symphony",Giá thỏa thuận,"67,5 m²",N/A,2,2,"Việt Hưng, Long Biên","21.0461521148682, 105.915649414063"
42306173,01/03/2025,"Bán căn hộ 3PN, 2WC chỉ với 5,1 tỷ, 85m2 tại chung cư Le Grand Jardin Sài Đồng, Long Biên","5,1 tỷ",85 m²,60 tr/m²,3,2,"Sài Đồng, Long Biên","21.03573861642049, 105.90623778633207"
42305494,01/03/2025,"Bán CC TSG Lotus Sài Đồng, Long Biên , DT 84m2, 3PN, 2WC tầng trung siêu đẹp",Giá thỏa thuận,84 m²,N/A,3,2,"Việt Hưng, Long Biên","21.059028315278848, 105.89869802246544"
42287252,01/03/2025,Chuyển nhượng căn hộ 3PN Sunshine Iconic với giá tốt nhất thị trường,"8,2 tỷ",108 m²,"75,93 tr/m²",3,2,"Phúc Đồng, Long Biên","21.040408568227, 105.897454048687"
42287197,01/03/2025,Chuyển nhượng căn 2PN tại Sunshine Iconic giá tốt nhất thị trường!,"5,7 tỷ",80 m²,"71,25 tr/m²",2,1,"Phúc Đồng, Long Biên","21.0399041252005, 105.896923316313"
42305107,01/03/2025,"Chính chủ bán căn 3 ngủ 115m2 chung cư Mipec Riverside Long Biên tầng cao, view sông:LH 0916 393 ***","9,78 tỷ",115 m²,85 tr/m²,3,2,"Ngọc Lâm, Long Biên","21.04576206813686, 105.86721010696968"
42303027,01/03/2025,"Hot! Bán CH 3PN tại Khai Sơn City, 6,5 tỷ, 101m2, Long Biên, Hà Nội","6,5 tỷ",101 m²,"64,36 tr/m²",3,2,"Ngọc Thụy, Long Biên","21.0522809289062, 105.884812028426"
39254412,01/03/2025,Bán căn hộ Ecohome Phúc Lợi Long Biên-46m 2n1wc tầng trung-sổ đỏ lâu dài-giá 2.4 tỷ (thương lượng),"2,4 tỷ",46 m²,"52,17 tr/m²",2,2,"Phúc Lợi, Long Biên","21.0423583984375, 105.92729949951172"
39548323,01/03/2025,Bán căn hộ Hanoi Homeland Thượng Thanh-Long Biên-69m2 2n2wc tầng trung giá 3.85 tỷ (bao sang tên),"3,85 tỷ",69 m²,"55,8 tr/m²",2,2,"Thượng Thanh, Long Biên","21.057600021362305, 105.88459777832031"
41366686,01/03/2025,"Bán căn hộ Rice City Sông Hồng - Thượng Thanh - Long Biên 69m2 2N 2WC Đông Nam, giá 3.35 tỷ (TL)","3,35 tỷ",69 m²,"48,55 tr/m²",2,2,"Thượng Thanh, Long Biên","21.0527107522955, 105.875824788608"
41294236,01/03/2025,Bán căn hộ Sunrise Building Sài Đồng Long Biên - 76m2 2n1wc view Vinhomes giá 3.5 tỷ (thương lượng),"3,5 tỷ",76 m²,"46,05 tr/m²",2,1,"Phúc Đồng, Long Biên","21.0394763946533, 105.905860900879"
41089248,01/03/2025,"Bán chung cư đô thị Việt Hưng khu K lô góc, DT 78m2, thang máy, toà 9 tầng. Giá 3.35 tỷ","3,35 tỷ",78 m²,"42,95 tr/m²",2,1,"Đức Giang, Long Biên","21.06269073486328, 105.90833282470703"
42030378,01/03/2025,"Siêu Phẩm 4 Phòng Ngủ, Bán Chung Cư Việt Hưng, DT 156m2, tầng cao, Giá 6,3tỷ","6,3 tỷ",156 m²,"40,38 tr/m²",4,3,"Đức Giang, Long Biên","21.06303224750878, 105.90895439683241"
42303721,01/03/2025,Bán căn 2 ngủ DT 82m2 siêu đẹp tại Mipec Long Biên,"6,2 tỷ",82 m²,"75,61 tr/m²",2,2,"Ngọc Lâm, Long Biên","21.045698836614903, 105.8672937176716"
42303538,01/03/2025,Chính chủ bán căn DT 120m2 tại Mipec Long Biên,"8,9 tỷ",120 m²,"74,17 tr/m²",3,2,"Ngọc Lâm, Long Biên","21.045547590564198, 105.8662536725706"
33377435,01/03/2025,"Giá sốc! Căn hộ 70m2, 2N2VS đã có sổ đỏ tại Hope Residences chỉ 3.25 tỷ, LH: 0976 983 ***","3,25 tỷ",70 m²,"46,43 tr/m²",2,2,"Phúc Đồng, Long Biên","21.0404987335205, 105.904792785645"
42302494,01/03/2025,"Bán căn hộ 68m toà NO 12-3 khu đô thị sài đồng .2pn 1vs ,lh 0369 305 ***","2,95 tỷ",68 m²,"43,38 tr/m²",2,1,"Sài Đồng, Long Biên","21.0348496576123, 105.912707250441"
42303255,01/03/2025,"Nằm ngay tại trung tâm Sài Đồng- căn69m-2 ngủ Đông Nam-nhà đẹp, chủ xởi lởi, làm ăn tốt- giá 2,9 tỷ","2,95 tỷ",70 m²,"42,14 tr/m²",2,1,"Sài Đồng, Long Biên","21.035401282112836, 105.9122235721071"
42086940,01/03/2025,"Em còn căn 70m2 Hope thương mại vào tên sổ đỏ nhập khẩu, LH em Tùng 0972 109 ***","3,4 tỷ",70 m²,"48,57 tr/m²",2,2,"Phúc Đồng, Long Biên","21.0403909415083, 105.904833374954"
42303253,01/03/2025,Chung cư cao cấp Le Grand Jardin KDT mới Sài Đồng 3pn view hồ giá cực hấp dẫn.,"6,25 tỷ",99 m²,"63,13 tr/m²",3,2,"Sài Đồng, Long Biên","21.03658105269382, 105.90585759667952"
42194461,01/03/2025,"Chuyển chỗ ở mới, cần nhượng lại căn 76,5m2 hàng hiếm tại Eco Việt Hưng. 2N2VS chỉ với 3,85 tỷ","3,85 tỷ","76,5 m²","50,33 tr/m²",2,2,"Giang Biên, Long Biên","21.0650612727982, 105.911222427875"
42142350,01/03/2025,Gia đình cần bán căn hộ 3N dự án Green home Quận Uỷ Long Biên. Hoàn thiện full nội thất,"4,8 tỷ",80 m²,60 tr/m²,3,2,"Đức Giang, Long Biên","21.0668876461463, 105.903558563331"
41564084,01/03/2025,Cần bán căn 2 ngủ 2 wc DT 82m2 tại Mipec Long Biên,"6,2 tỷ",82 m²,"75,61 tr/m²",2,2,"Ngọc Lâm, Long Biên","21.045746, 105.86638"
42302628,01/03/2025,"Bán căn hộ 86m toà tsg lotus 3pn 2 vs giá 4,7 ty liên gệ e XOA 0369 305 ***","4,7 tỷ",86 m²,"54,65 tr/m²",3,2,"Việt Hưng, Long Biên","21.05936507389911, 105.89879298479563"
42039247,01/03/2025,"BÁN CĂN HỘ CHUNG CƯ TẦNG ĐẸP GREEN HOME PHƯƠNG ĐÔNG VIỆT HƯNG DT: 72 M2, 2PN, 2WC
GIÁ: NHỈNH 4 T","4,65 tỷ",72 m²,"64,58 tr/m²",N/A,N/A,"Đức Giang, Long Biên","21.0641544779379, 105.895861428933"
42118050,01/03/2025,"Chính chủ gửi bán CH 97m2 ban công ĐN tầng trung, view thoáng, sẵn sổ giao dịch ngay giá 6,1 tỷ","6,1 tỷ",97 m²,"62,89 tr/m²",3,2,"Sài Đồng, Long Biên","21.0364937125262, 105.905754692951"
42302174,01/03/2025,"Bán căn hộ 98m2 B17 Sài Đồng full nội thất 3PN 2WC, trung tâm quận, giá 42tr/m2 LH: 0902 132 ***","4,12 tỷ",98 m²,42 tr/m²,3,2,"Sài Đồng, Long Biên","21.034107913720852, 105.91239144089808"
42291428,01/03/2025,"Cực hiếm căn hộ chung cư sát Việt Hưng 52m2 2PN, 1WC thoáng mát giá 2,65 tỷ","2,65 tỷ",52 m²,"50,96 tr/m²",2,1,"Giang Biên, Long Biên","21.062652349330886, 105.90852807684598"
38093385,01/03/2025,"Chung cư Việt Hưng siêu đẹp 80m2, 2 phòng ngủ full đồ giá 2,5 tỷ","2,5 tỷ",80 m²,"31,25 tr/m²",2,1,"Đức Giang, Long Biên","21.062407073634176, 105.90923601963726"
39344304,01/03/2025,"CHÍNH CHỦ CẦN BÁN CĂN HỘ 65M2-80M2-90M2 BERRIVER GIÁ 4,7 TỶ","4,7 tỷ",80 m²,"58,75 tr/m²",4,2,"Bồ Đề, Long Biên","21.0443172454834, 105.877861022949"
42118240,01/03/2025,"Chính chủ cần bán căn hộ 82m2-87m2-148m2 HC Golden City giá 6,15 tỷ BP","6,15 tỷ",82 m²,75 tr/m²,3,2,"Bồ Đề, Long Biên","21.037516749262043, 105.87266809546297"
41951746,01/03/2025,Bán căn hộ cao cấp 3PN 106m2 tại CC Sunshine Green Iconic giá tốt nhất thị trường. LH 0976 881 ***,"8,75 tỷ",106 m²,"82,55 tr/m²",3,2,"Phúc Đồng, Long Biên","21.0405304568733, 105.897128531486"
42232284,01/03/2025,"Giá cực tốt! Bán gấp căn duplex tại dự án Sunshine Green Iconic, bàn giao nội thật xịn","14,5 tỷ",164 m²,"88,42 tr/m²",3,4,"Phúc Đồng, Long Biên","21.0401564596547, 105.897114803487"
42073793,01/03/2025,"Chuyển nhượng căn 2PN 80m2 thông thuỷ ban công Đông Bắc, giá tốt nhất thị trường","6,6 tỷ",80 m²,"82,5 tr/m²",2,2,"Phúc Đồng, Long Biên","21.040387086543316, 105.89742653888996"
41742763,01/03/2025,"Bán gấp căn 3PN 108m2 thông thuỷ, view đẹp, giá cực tốt tại chung cư cao cấp Sunshine Green Iconic","9,18 tỷ",108 m²,85 tr/m²,3,2,"Phúc Đồng, Long Biên","21.040438610750485, 105.896854803989"
41288330,01/03/2025,Cực hiếm! Bán căn duplex ban công Đông Nam tại Sunshine Green Iconic giá chỉ 13tỷ860 bao phí,"13,86 tỷ",154 m²,90 tr/m²,3,3,"Phúc Đồng, Long Biên","21.0407333374023, 105.896560668945"
42154309,28/02/2025,"Bán căn hộ chung cư đẹp tại Phường Long Biên, Long Biên, Hà Nội, 3,99 tỷ, 76,7 m2","3,99 tỷ","76,7 m²","52,02 tr/m²",N/A,N/A,"Long Biên, Long Biên","21.0236960048259, 105.891128978005"
42041691,28/02/2025,"Chính chủ chuyển nhượng căn góc 3PN 96.87m2, tầng đẹp, view hồ dự án Khai Sơn City LH: 0964 364 ***","6,78 tỷ",97 m²,"69,9 tr/m²",3,2,"Ngọc Thụy, Long Biên","21.052572939544817, 105.88470780749076"
39000511,28/02/2025,"Bán chung cư tòa NO17, KĐT mới Sài Đồng đối diện Jadin. DT: 100m2, 3ngủ, 2VS. Giá: 3,95 tỷ","3,95 tỷ",100 m²,"39,5 tr/m²",2,2,"Sài Đồng, Long Biên","21.0348453521729, 105.912712097168"
38816426,28/02/2025,"Kẹt tiền mình cần bán căn hộ 2PN 2VS, 90m2, giá chỉ nhỉnh 5 tỷ. Tầng đẹp. LH 0988 020 ***",5 tỷ,90 m²,"55,56 tr/m²",2,2,"Ngọc Thụy, Long Biên","21.0522689819336, 105.884811401367"
42191047,28/02/2025,"Bán căn hộ 119m2, 3PN, 2WC tại Đường Thép Mới, KĐT Việt Hưng Long Biên, 5,335 tỷ","5,34 tỷ",119 m²,"44,83 tr/m²",3,2,"Giang Biên, Long Biên","21.063094576073315, 105.90807552865905"
38422895,28/02/2025,"Bán nhanh chung cư Việt Hưng 75m 2PN/1WC ban công Đông Nam giá 3,15 tỷ","3,15 tỷ",75 m²,42 tr/m²,2,1,"Đức Giang, Long Biên","21.062690246208074, 105.9082031711003"
42300243,28/02/2025,"Chính chủ cần bán căn hộ tại toà B1, tầng 2, căn 210, Ruby3, P. Phúc Lợi, quận Long Biên, Hà Nội","2,55 tỷ",54 m²,"47,22 tr/m²",2,2,"Giang Biên, Long Biên","21.036519258936828, 105.93289775227014"
36849176,28/02/2025,Cần bán căn 2 phòng ngủ 1 vệ sinh chung cư Ecohome Phúc Lợi. 46m2. Nội thất cơ bản. Lh: 0981 716 ***,"2,3 tỷ",46 m²,50 tr/m²,2,2,"Phúc Lợi, Long Biên","21.0423583984375, 105.927299499512"
35255332,28/02/2025,Chính chủ bán căn 51m2 nội thất cơ bản Ruby City CT3 Phúc Lợi. Giá 2.3xx tỷ bao phí. LH: 0981 716 ***,"2,3 tỷ",51 m²,"45,1 tr/m²",2,2,"Giang Biên, Long Biên","21.0363063812256, 105.933120727539"
37687788,28/02/2025,Bán căn hộ chung cư CT10 KĐT Việt Hưng. DT: 126m2. Giá 5 tỷ1,"5,1 tỷ",126 m²,"40,48 tr/m²",3,2,"Đức Giang, Long Biên","21.0626907348633, 105.908332824707"
42268084,28/02/2025,"Cắt Lỗ, Bán căn hộ 2 ngủ rẻ nhất Khai Sơn, giá chỉ chưa đến 5 tỷ LH: 0848 220 ***",5 tỷ,"77,51 m²","64,51 tr/m²",2,2,"Thượng Thanh, Long Biên","21.059219050392482, 105.8768095050641"
42299772,28/02/2025,Bán căn góc 3pn(98m2) ban công Đông Nam tầng cao chung cư Khai Sơn city Long Biên nhận nhà ngay,"6,8 tỷ",98 m²,"69,39 tr/m²",N/A,N/A,"Ngọc Thụy, Long Biên","21.05165061234003, 105.88483480359497"
41682759,28/02/2025,"Bán gấp căn hộ 75m2, 2pn, 2wc đầy đủ nội thất chung cư Quân đội Thạch Bàn giá 3.150tỷ","3,15 tỷ",75 m²,42 tr/m²,2,2,"Thạch Bàn, Long Biên","21.019556045532227, 105.90727233886719"
42093050,28/02/2025,"Duy nhất căn góc 3PN tầng đẹp cuối cùng của dự án Valencia Garden - Việt Hưng, Long Biên",4 tỷ,80 m²,50 tr/m²,2,2,"Đức Giang, Long Biên","21.05639738704323, 105.91111731488064"
41914266,28/02/2025,"Anh Dũng gửi bán căn góc chung cư Ecohome Phúc Lợi, Long Biên, 78m2 - 3 ngủ - 2VS giá 3tỷ790","3,79 tỷ",78 m²,"48,59 tr/m²",3,2,"Phúc Lợi, Long Biên","21.042286268898568, 105.92720263745366"
42297827,28/02/2025,Bán căn chung cư Ruby 3 Phúc Lợi Long Biên. 2 ngủ 2 vs. Không gian thoáng mát 48 m2 x 2.25 tỷ,"2,25 tỷ",48 m²,"46,88 tr/m²",2,2,"Giang Biên, Long Biên","21.036042756465026, 105.93288056076169"
41695325,28/02/2025,"Bán căn chung cư Hope toà H2 - view trường Vin. Giá rẻ nhất Hope. DT: 72m2, 2PN, 2vs 3,1 tỷ còn TL","3,1 tỷ",72 m²,"43,06 tr/m²",2,2,"Phúc Đồng, Long Biên","21.040499, 105.90479"
40586104,28/02/2025,"CC bán căn 2PN ban công ĐN view hồ điều hòa Khai Sơn City, giá thanh toán tiến độ tháng 10 nhận nhà","5,2 tỷ",77 m²,"67,53 tr/m²",2,2,"Ngọc Thụy, Long Biên","21.052268981933594, 105.88481140136719"
42110913,28/02/2025,Mua trực tiếp CĐT: Chỉ từ 778 tr ký ngay HĐMB - sở hữu ngay căn 120m2 tầng cao view sông,"7,32 tỷ",120 m²,61 tr/m²,3,3,"Ngọc Thụy, Long Biên","21.05243357153345, 105.8851981143654"
40970781,28/02/2025,Nhận nhà ở ngay - sổ đỏ trao tay duy nhất 1 căn 73m2 giá rẻ nhất chỉ 3 tỷ8 - full NT,"3,85 tỷ",73 m²,"52,74 tr/m²",2,2,"Giang Biên, Long Biên","21.0577354431152, 105.913352966309"
41653403,28/02/2025,Bán căn hộ 92m2 (3PN + 2WC) giá bán 4.9xtỷ bao full thuế phí nhà mới - tầng cao đẹp,"4,95 tỷ",92 m²,"53,8 tr/m²",3,2,"Đức Giang, Long Biên","21.0690975189209, 105.888038635254"
42265564,28/02/2025,"Bán căn penthouse tại chung cư Khai Sơn City Long Biên 168m2 giá 13,5 tỷ - nhận nhà ngay","13,5 tỷ","167,34 m²","80,67 tr/m²",3,4,"Ngọc Thụy, Long Biên","21.0523250752426, 105.884959196119"
41434533,28/02/2025,"Chính chủ bán căn 2PN giá 3,45 tỷ thu về. Nhà tôi đã full nội thất, tặng lại toàn bộ cho kháchmua","3,45 tỷ",58 m²,"59,48 tr/m²",2,2,"Thượng Thanh, Long Biên","21.0576000213623, 105.88459777832"
41721786,28/02/2025,"Chính chủ bán căn 2PN giá 3,45 tỷ thu về. Nhà tôi đã full nội thất, tặng lại toàn bộ cho khách mua","3,45 tỷ",61 m²,"56,56 tr/m²",2,2,"Đức Giang, Long Biên","21.069098, 105.88804"
41878188,28/02/2025,"Chung cư Việt Hưng 96m2, 3 ngủ, lô góc, 3.8 tỷ 0976 285 *** có thương lượng","3,8 tỷ",96 m²,"39,58 tr/m²",3,N/A,"Việt Hưng, Long Biên","21.062652817983377, 105.90841554750592"
42296922,28/02/2025,Chung cư cao cấp Việt Hưng tầng cao trung tâm 02 ngủ diện tích rộng tâm tiền bay nhanh,"3,5 tỷ",90 m²,"38,89 tr/m²",2,2,"Đức Giang, Long Biên","21.063230030505622, 105.90794901991866"
42295980,28/02/2025,"Chính chủ. Bán căn 92m2 , 3 phòng ngủ, Bình Minh Garden nhỉnh 5 tỷ. full đồ. (Bao phí sang tên)",Giá thỏa thuận,92 m²,N/A,N/A,N/A,"Đức Giang, Long Biên","21.069260151917202, 105.88867655093489"
42295184,28/02/2025,Chính chủ bán căn 3 ngủ 84m2 chung cư Berriver NO5 Nguyễn Văn Cừ full đồ giá 6.5 tỷ.LH 0916 393 ***,"6,5 tỷ",84 m²,"77,38 tr/m²",3,2,"Bồ Đề, Long Biên","21.044691520185722, 105.87749615195271"
42291837,28/02/2025,"CẦN BÁN CĂN HỘ CAO CẤP N05-01 BERRIVER LONG BIÊN  FULL NỘI THẤT, VIEW TOÀN CẢNH!","6,5 tỷ",85 m²,"76,47 tr/m²",3,2,"Ngọc Lâm, Long Biên","21.0432338169991, 105.875894492888"
42291982,28/02/2025,"Chung cư Việt Hưng căn góc 74m2 2PN, 1WC giá 2,9 tỷ","2,9 tỷ",74 m²,"39,19 tr/m²",2,1,"Đức Giang, Long Biên","21.062847556945435, 105.90875693806409"
42291898,28/02/2025,"Chung cư Việt Hưng 90m2 3PN 2WC ban công thoáng mát giá 3,9 tỷ","3,9 tỷ",90 m²,"43,33 tr/m²",3,2,"Đức Giang, Long Biên","21.06313446649899, 105.90866135539851"
41834880,28/02/2025,"Bán căn hộ 3PN, 3WC, 94m2 tại Sunrise Building, Phúc Đồng, Long Biên giá ưu đãi 4,2 tỷ VND","4,2 tỷ",94 m²,"44,68 tr/m²",3,3,"Phúc Đồng, Long Biên","21.03966944504493, 105.90493928305254"
42291413,28/02/2025,Chính chủ bán căn 2 ngủ full đồ 69m2 chung cư Hà Nội Homeland Thượng Thanh giá 4.05 tỷ: 0916 393 ***,"4,05 tỷ",69 m²,"58,7 tr/m²",2,2,"Thượng Thanh, Long Biên","21.056767074435, 105.884344229422"
41462362,28/02/2025,"Bán căn hộ 2PN nội thất chu đầu tư tại Mipec Riverside, giá 6.2 ti, 81m2","6,2 tỷ",81 m²,"76,54 tr/m²",2,2,"Ngọc Lâm, Long Biên","21.045746, 105.86638"
42291293,28/02/2025,"Tư vấn thủ tục chung cư Rice City Long Biên, (nhà ở xã hội Thượng Thanh), Liên hệ: 0364 691 ***",Giá thỏa thuận,68 m²,N/A,2,2,"Thượng Thanh, Long Biên","21.06520864425854, 105.8881379851098"
42275825,28/02/2025,"Bán căn hộ 3PN nội thất đầy đủ như ảnh. Giá 5,3 tỷ. Liên hệ: 0352 051 ***","5,3 tỷ",94 m²,"56,38 tr/m²",3,N/A,"Thượng Thanh, Long Biên","21.0578189987028, 105.884425042412"
42143124,28/02/2025,"Bán căn hộ 2PN2WC Tòa S3 Vinhomes Symphony, 70.8m2 Ban công ĐN, giá thỏa thuận",Giá thỏa thuận,"70,8 m²",N/A,2,2,"Việt Hưng, Long Biên","21.046103343286465, 105.91533372496231"
42290299,28/02/2025,Chính chủ nhờ em bán căn chung cư khu K Việt Hưng Long Biên HN diện tích 74m2 nhà 2 ban công,"3,1 tỷ",74 m²,"41,89 tr/m²",2,2,"Đức Giang, Long Biên","21.0627027190561, 105.907788678682"
42017860,28/02/2025,"4,3 Tỷ căn 77m2, Chủ nhà cần tiền gấp nên bán giá thấp, có fix nhẹ cho khách thiện chí","4,3 tỷ",77 m²,"55,84 tr/m²",2,2,"Giang Biên, Long Biên","21.0574334559279, 105.913441100134"
41303806,28/02/2025,"Em cần bán gấp căn 3PN2VS tại Vinhomes Symphony. Giá 7,6 tỷ. LH: 0972 092 ***","7,6 tỷ",86 m²,"88,37 tr/m²",3,2,"Việt Hưng, Long Biên","21.0461521148682, 105.915649414063"
42281127,28/02/2025,Gia đình cần bán căn góc 3PN diện tích 80m2 để lại toàn bộ nội thất chung cư Eco City Việt Hưng.,"4,3 tỷ",80 m²,"53,75 tr/m²",3,2,"Giang Biên, Long Biên","21.058221499413662, 105.91287755030167"
42289214,28/02/2025,"Bán CC 2PN, 2WC tại AQH Riverside, 3.8 tỷ, 57m2, Căn Nhà View Sông đuống, Thượng Thanh, HN","3,8 tỷ",57 m²,"66,67 tr/m²",2,2,"Thượng Thanh, Long Biên","21.0655855523093, 105.888788331466"
42085799,28/02/2025,"Bán căn hộ chung cư Hanoi Homeland: Căn góc diện tích 92.4m2 gồm 3 ngủ, 2 vệ sinh. 4,9 tỷ","4,9 tỷ",94 m²,"52,13 tr/m²",3,2,"Thượng Thanh, Long Biên","21.0572724592287, 105.884444845449"
41737728,28/02/2025,"Bán căn hộ đẹp, nhiều tiện ích, 95m2, 3PN, nội thất đẹp, tại Bình Minh Garden, Đức Giang, Long Biên",Giá thỏa thuận,95 m²,N/A,3,2,"Đức Giang, Long Biên","21.0690975189209, 105.888038635254"
41910645,28/02/2025,"Bán gấp CC chung cư đẹp 3PN, DT 80m2 tại Khu đô thị Việt Hưng, Long Biên, ở sướng, giá nhỉnh 4,5 tỷ","4,5 tỷ",76 m²,"59,21 tr/m²",3,2,"Đức Giang, Long Biên","21.0623983124364, 105.90816224468"
42289160,27/02/2025,"Bán căn hộ Chung Cư 93m2 Siêu ĐẸP, Xịn xò, tại Thượng Thanh, Long Biên, Hà Nội, hàng hiếm GIÁ TỐT",Giá thỏa thuận,93 m²,N/A,3,2,"Thượng Thanh, Long Biên","21.0658216671348, 105.888057125766"
42289077,27/02/2025,"Bán CC 4PN, 3WC, 132m2 tại Nguyễn Văn Cừ, Gia Thụy, Long Biên, Hà Nội, giá thỏa thuận",Giá thỏa thuận,132 m²,N/A,4,3,"Gia Thụy, Long Biên","21.04986816096, 105.883358382805"
42288847,27/02/2025,"Bán gấp căn hộ 2PN, 2WC, 67m2 tại Sài Đồng, Long Biên, Hà Nội, giá thỏa thuận",Giá thỏa thuận,67 m²,N/A,2,2,"Sài Đồng, Long Biên","21.034646363010676, 105.91313619161316"
42288746,27/02/2025,"Căn hộ chung cư 3PN, 2WC, 97m2 tại Giang Biên, Long Biên, Hà Nội, giá thỏa thuận, chính chủ",Giá thỏa thuận,97 m²,N/A,3,2,"Giang Biên, Long Biên","21.0677537414159, 105.914010631271"
42288654,27/02/2025,"Bán CC 3PN, 2WC, 78m2 tại Eco City Việt Hưng, giá thỏa thuận",Giá thỏa thuận,78 m²,N/A,3,2,"Giang Biên, Long Biên","21.056973781958, 105.91322448114511"
41905275,27/02/2025,Bán chung cư CT17 Greenhouse Việt Hưng - Long Biên - 73.6m2 2N1WC-sổ hồng lâu dài-giá 3.25 tỷ (TL),"3,25 tỷ","73,6 m²","44,16 tr/m²",2,1,"Đức Giang, Long Biên","21.069938897989, 105.906695988124"
40685190,27/02/2025,"Bán chung cư Hanoi Homeland Thượng Thanh, Long Biên - 93m2 3N2WC tầng trung giá 4.8 tỷ (bao thuế)","4,8 tỷ",93 m²,"51,61 tr/m²",3,2,"Thượng Thanh, Long Biên","21.0576000213623, 105.88459777832"
42190499,27/02/2025,Bán căn hộ chung cư Việt Hưng - Long Biên 80m2 2N2wc - tầng trung - full nội thất - giá 3.33 tỷ,"3,33 tỷ",80 m²,"41,62 tr/m²",2,2,"Đức Giang, Long Biên","21.0628362445229, 105.907555318218"
39276763,27/02/2025,"Bán căn 80m2 3PN full đồ giá 5.8tỷ full đồ chung cư Berriver Long Biên, Hà Nội","5,8 tỷ",80 m²,"72,5 tr/m²",3,2,"Bồ Đề, Long Biên","21.0443172454834, 105.877861022949"
39160464,27/02/2025,"Mở bán căn hộ 3 ngủ 85m2 giá chỉ 5. X tỷ chung cư Le Grand Jardin Sài Đồng, Long Biên, Hà Nội","5,3 tỷ",85 m²,"62,35 tr/m²",3,2,"Sài Đồng, Long Biên","21.0359783172607, 105.906295776367"
41199997,27/02/2025,"Bán gấp căn chung cư tòa Lotus Sài Đồng. DT: 83m2, 3 ngủ, 2VS. Tầng 11. Giá: 4,4 tỷ (có TL)","4,4 tỷ",83 m²,"53,01 tr/m²",3,2,"Việt Hưng, Long Biên","21.0598011016846, 105.898727416992"
42192268,27/02/2025,Cơ hội hiếm căn góc 3 thoáng view cực đẹp chốt ngay không bỏ lỡ,"5,3 tỷ",95 m²,"55,79 tr/m²",3,2,"Thượng Thanh, Long Biên","21.057441396151635, 105.88508269087401"
42287777,27/02/2025,"Bán căn hộ chung cư 85m2, giá thỏa thuận tại Khu đô thị Việt Hưng, Đức Giang, Long Biên, Hà Nội",Giá thỏa thuận,85 m²,N/A,3,2,"Đức Giang, Long Biên","21.062948350644778, 105.9084763470831"
41407979,27/02/2025,"Bán căn hộ hàng hiếm tại Le Grand Jardin Sài Đồng, 4,65 tỷ, 75m2 full đồ đẹp","4,65 tỷ",75 m²,62 tr/m²,2,2,"Sài Đồng, Long Biên","21.0390435702315, 105.907865022912"
41540119,27/02/2025,"Căn hộ 85m2 tại Le Grand Jardin Sài Đồng, giá siêu hời chỉ với 5,3 tỷ VND","5,3 tỷ",85 m²,"62,35 tr/m²",3,2,"Sài Đồng, Long Biên","21.035978317260742, 105.90629577636719"
29824678,27/02/2025,"Bán căn penthouse 246m2 giá 14 tỷ tại chung cư cao cấp Berriver Long Biên, Hà Nội",15 tỷ,246 m²,"60,98 tr/m²",4,4,"Bồ Đề, Long Biên","21.0443172454834, 105.877861022949"
42287101,27/02/2025,"Bán căn hộ chung cư 3PN, 2WC, 84m2 tại Khu đô thị Việt Hưng, Long Biên, Hà Nội, giá tốt",Giá thỏa thuận,84 m²,N/A,3,2,"Đức Giang, Long Biên","21.066909103095497, 105.90401265567118"
42285769,27/02/2025,"Bán nhanh căn chung cư, ở sướng, mới tinh 3PN, 3WC tại Việt Hưng, 4,85 tỷ, 80m2 giá cực tốt","4,85 tỷ",80 m²,"60,62 tr/m²",3,3,"Đức Giang, Long Biên","21.063301765622086, 105.90892181482762"
40191996,27/02/2025,"Bán căn hộ chung cư Rice City Sông Hồng Long Biên 69m2, 2 ngủ, giá 3tỷ450, LH: 0989 810 ***","3,45 tỷ",69 m²,50 tr/m²,2,2,"Thượng Thanh, Long Biên","21.0543251037598, 105.877807617188"
42190017,27/02/2025,"Chính chủ bán căn 66m2 thông thủy 2 ngủ 2 vs giá 4,2 tỷ, sổ đỏ chính chủ","4,2 tỷ",66 m²,"63,64 tr/m²",2,2,"Sài Đồng, Long Biên","21.0355305403677, 105.906757275231"
42285348,27/02/2025,"Bán nhanh căn hộ 3PN tại Việt Hưng, nhà mới, view thoáng. LH chi tiết: 0932 279 ***","4,14 tỷ",80 m²,"51,75 tr/m²",3,2,"Giang Biên, Long Biên","21.057299854555144, 105.91368953887905"
42285327,27/02/2025,"Bán căn hộ HN HomeLand, diện tích 69,2m2, 2PN, 2WC ban công ĐN mát mẻ. LH: 0383 955 ***","3,9 tỷ","69,2 m²","56,36 tr/m²",2,2,"Thượng Thanh, Long Biên","21.058250853140525, 105.88442718878186"
42285234,27/02/2025,"Bán gấp Căn hộ 3PN tại Việt Hưng, giá chỉ 4,14 tỷ full nội thất. Chuyển nhượng sổ hồng lâu dài","4,14 tỷ",80 m²,"51,75 tr/m²",N/A,N/A,"Đức Giang, Long Biên","21.05540967206006, 105.91208736175277"
39146272,27/02/2025,"Hot căn hộ cao cấp DT: 150m2, 2PN tại tòa Eco City, Long Biên, Hà Nội",Giá thỏa thuận,150 m²,N/A,3,2,"Giang Biên, Long Biên","21.0577354431152, 105.913352966309"
42284276,27/02/2025,"Bán căn hộ 2PN, 2WC, 70.1m2 giá siêu hời tại Phúc Lợi, Long Biên, Hà Nội","3,45 tỷ","70,1 m²","49,22 tr/m²",2,2,"Giang Biên, Long Biên","21.0360151790422, 105.933814261133"
36309859,27/02/2025,"Căn hộ chung cư cao cấp 3PN Eco City trung tâm KĐT Việt Hưng Long Biên, giá 4.2 tỷ, LH: 0917 507 ***","4,2 tỷ",80 m²,"52,5 tr/m²",3,2,"Giang Biên, Long Biên","21.0577354431152, 105.913352966309"
40834412,27/02/2025,Chính chủ cần bán căn hộ chung cư cao cấp 97m2 Le Grand Jardin Sài Đồng,Giá thỏa thuận,97 m²,N/A,3,2,"Sài Đồng, Long Biên","21.0359783172607, 105.906295776367"
39364457,27/02/2025,"Bán duplex Sunshine Green Iconic - Phúc Đồng - Long Biên, view hồ BT Hamony, LH 0987 106 ***",Giá thỏa thuận,167 m²,N/A,3,3,"Phúc Đồng, Long Biên","21.0407333374023, 105.896560668945"
41800373,27/02/2025,Booking siêu phẩm căn hộ căn cao cấp Noble Crystal Long Biên - cạnh Vinhome Hamony LH 0987 106 ***,Giá thỏa thuận,200 m²,N/A,3,3,"Việt Hưng, Long Biên","21.05015746081, 105.898254362156"
42249975,27/02/2025,"Rẻ nhất thị trường! Căn góc 2PN - 5,3 tỷ bao toàn bộ phí full nội thất tầng trung còn thương lượng","5,3 tỷ",66 m²,"80,3 tr/m²",2,2,"Việt Hưng, Long Biên","21.04621063031258, 105.9160918593446"
42283331,27/02/2025,"Cực hiếm! Bán chung Cư tại Việt Hưng DT: 62m2, căn góc, gần trung tâm hành chính. Giá: 3,1 Tỷ","3,1 tỷ",62 m²,50 tr/m²,2,2,"Việt Hưng, Long Biên","21.062847361446785, 105.90880962802767"
42143704,27/02/2025,"Bán căn hộ chung cư 2 phòng ngủ Ruby3 Phúc Lợi, Long Biên. LH: 0949 849 ***","2,3 tỷ",50 m²,46 tr/m²,2,2,"Giang Biên, Long Biên","21.0359667799459, 105.933061950221"
41965695,27/02/2025,Bán căn 2PN VS 2WC căn góc tại chung cư Ecocity LH0855 236 ***,Giá thỏa thuận,77 m²,N/A,2,2,"Giang Biên, Long Biên","21.05810131370392, 105.914131730673"
39403273,27/02/2025,"Bán gấp căn 2 phòng ngủ 71.6 m2 full nội thất cao cấp bc Đông Nam tại HC Golden City giá chỉ 5,3 tỷ","5,3 tỷ","71,6 m²","74,02 tr/m²",2,2,"Bồ Đề, Long Biên","21.0371780395508, 105.873069763184"
42282841,27/02/2025,"Siêu phẩm căn hộ 3 PN CC Valencia Garden; giá chỉ từ 4,14 tỷ; Sổ đỏ trao tay; nhận nhà ngay.","4,14 tỷ",79 m²,"52,4 tr/m²",3,2,"Đức Giang, Long Biên","21.05584663297072, 105.91085560789496"
41108192,27/02/2025,"Bán gấp căn chung cư tòa NO10A, KĐT mới Sài Đồng. DT: 70m2, 2 ngủ, 1VS","2,88 tỷ",70 m²,"41,14 tr/m²",2,1,"Sài Đồng, Long Biên","21.0348453521729, 105.912712097168"
41121315,27/02/2025,"Bán nhanh căn Hope Phúc Đồng, view nội khu. Full nội thất. Tòa H3. DT: 72m2, 2 ngủ, 2vs. Giá: TL","3,3 tỷ",72 m²,"45,83 tr/m²",2,2,"Phúc Đồng, Long Biên","21.0404987335205, 105.904792785645"
42282754,27/02/2025,"Bán CC Ecohome Phúc Lợi, 68m2, 2PN, 2WC, giá 3ty250 thương lượng mạnh","3,25 tỷ",68 m²,"47,79 tr/m²",2,2,"Phúc Lợi, Long Biên","21.042884218270974, 105.92804763946269"
42282501,27/02/2025,Chính chủ bán căn góc 3 phòng ngủ 80m2 full nội thất chung cư Eco City Việt Hưng,"4,3 tỷ",80 m²,"53,75 tr/m²",3,2,"Giang Biên, Long Biên","21.057033937888754, 105.913905566399"
42181732,27/02/2025,"Rẻ nhất quận - chung cư đô thị Việt Hưng, Long Biên DT 70m2 chỉ 3 tỷ 0962 944 ***",3 tỷ,70 m²,"42,86 tr/m²",2,N/A,"Việt Hưng, Long Biên","21.0622837168466, 105.907627972633"
42281678,27/02/2025,Bán căn hộ chung cư Việt Hưng 75 m2 2PN giá chỉ 3 tỷ 15 nhà đẹp full nội thất,"3,15 tỷ",75 m²,42 tr/m²,2,N/A,"Việt Hưng, Long Biên","21.062129260187376, 105.90787034906367"
42235755,27/02/2025,Bán căn 1PN 52m2 Sunshine Green Iconic giá chỉ 4.2 tỷ bao thuế phí vị trí trung tâm quận Long Biên,"4,2 tỷ",52 m²,"80,77 tr/m²",1,1,"Phúc Đồng, Long Biên","21.0408264723633, 105.896517899121"
42070596,27/02/2025,"Bán CH 3PN, 3WC tại Vinhomes Symphony Riverside, Tòa S5 tầng cao, giá thỏa thuận, 135m2",Giá thỏa thuận,135 m²,N/A,3,3,"Việt Hưng, Long Biên","21.04680228629596, 105.91561101147227"
42116235,27/02/2025,"Bán căn 76m2 (2PN - 2VS) giá 4,8tỷ bao thuế phí. Tầng đẹp - view đẹp full nội thất. LH: 0947 065 ***","4,6 tỷ",76 m²,"60,53 tr/m²",2,2,"Sài Đồng, Long Biên","21.0360177129936, 105.906812618444"
42280907,27/02/2025,Chính chủ cần bán căn 77.51m2 ban công ĐN view hồ giá 5.5 tỷ bp full đồ. 0964 364 ***,"5,5 tỷ","77,51 m²","70,96 tr/m²",2,2,"Ngọc Thụy, Long Biên","21.052641581114525, 105.88475623402262"
42280871,27/02/2025,BÁN CĂN CHUNG CƯ VIỆT HƯNG LONG BIÊN - DT 85M TẦNG CAO - CHÍNH CHỦ - TRUNG TÂM - 02 NGỦ- GIÁ CHÀ,"3,6 tỷ",85 m²,"42,35 tr/m²",2,2,"Đức Giang, Long Biên","21.06220061496699, 105.90897883106044"
42133721,27/02/2025,"Bán CC Ecohome Phúc Lợi, 2tỷ390, 46 m2, 2PN, 1WC hiếm có căn bán","2,39 tỷ",46 m²,"51,96 tr/m²",2,1,"Phúc Lợi, Long Biên","21.042149944286802, 105.92704489754945"
42281023,27/02/2025,"Bán căn hộ đẹp Rice City Sông Hồng, 68m2, 2PN 2WC giá 3.4 tỷ. LH 0967 341 ***","3,4 tỷ",68 m²,50 tr/m²,2,2,"Thượng Thanh, Long Biên","21.0550899064252, 105.877401136731"
40405057,27/02/2025,"Chính chủ cần bán căn hộ Ecohome Phúc Lợi - Long Biên - 78m2 3PN, 2WC gia 3ty800tr","3,8 tỷ",78 m²,"48,72 tr/m²",3,2,"Phúc Lợi, Long Biên","21.0423583984375, 105.927299499512"
42280640,27/02/2025,"Bán căn hộ 86m2 toà TSG Lotus Sài Đồng 3PN chỉ 4,7 tỷ rẻ nhất thị trường, LH 0369 305 ***","4,7 tỷ",86 m²,"54,65 tr/m²",3,2,"Việt Hưng, Long Biên","21.0597743710549, 105.89898496723"
41133001,27/02/2025,"Bán chung cư Ruby CT3 Phúc Lợi - Long Biên - HN. 48m2 2PN, 2WC giá 2.2tỷ","2,15 tỷ",48 m²,"44,79 tr/m²",2,2,"Giang Biên, Long Biên","21.0363063812256, 105.933120727539"
42133593,27/02/2025,"Bán CC Ecohome Phúc Lợi, 2,39 tỷ, 46m2, 2PN, 1WC, pháp lý đầy đủ tại Long Biên, Hà Nội","2,39 tỷ",46 m²,"51,96 tr/m²",2,1,"Phúc Lợi, Long Biên","21.042550925257668, 105.927402063103"
42145068,27/02/2025,"Bán CC 3PN 2WC tại chung cư Ruby City CT3, Phúc Lợi, 2,7 tỷ, 59m2 (đã có sổ đỏ)","2,7 tỷ",59 m²,"45,76 tr/m²",3,2,"Giang Biên, Long Biên","21.03647546732941, 105.9331277266459"
42145115,27/02/2025,"Bán chung cư thương mại Ecohome Phúc Lợi, Long Biên 78m2. 3PN. 2WC giá 3 tỷ880tr","3,88 tỷ",78 m²,"49,74 tr/m²",3,2,"Phúc Lợi, Long Biên","21.042606190591055, 105.92759011772985"
42279581,27/02/2025,"Bán căn chung cư 88 m2, sổ đỏ, 3 ngủ, khu đô thị Việt Hưng, Long Biên, giá: 4,15 tỷ","4,15 tỷ",88 m²,"47,16 tr/m²",3,2,"Đức Giang, Long Biên","21.063292117995047, 105.90850306299018"
42278750,27/02/2025,"Chính chủ cần bán căn hộ 2N2W 68m2 Rice City Sông Hồng nhận nhà ở ngay SĐCC giá 3, x tỷ 0979 209 ***","3,45 tỷ",68 m²,"50,74 tr/m²",2,2,"Thượng Thanh, Long Biên","21.0548534178208, 105.877943955935"
42278890,27/02/2025,"Tư vấn, hỗ trợ làm hồ sơ dự án Noxh Hà Nội, Him Lam Thượng Thanh",Giá thỏa thuận,63 m²,N/A,2,2,"Thượng Thanh, Long Biên","21.0546393532521, 105.87799651725"
42178340,27/02/2025,Bán căn hộ 3PN 108m2 chỉ 8tỷ280 chung cư Sunshine Green Iconic - Em Long 0355 863 ***,"8,28 tỷ",108 m²,"76,67 tr/m²",3,N/A,"Phúc Đồng, Long Biên","21.040862679490935, 105.89651219402525"
42279312,27/02/2025,"Cần bán căn hộ ở Ruby 2 Giang Biên 52m2 2pn full nội thất đẹp view Vinhomes giá 2,65 tỷ.","2,65 tỷ",52 m²,"50,96 tr/m²",2,1,"Giang Biên, Long Biên","21.059421116981184, 105.91536744845179"
42279161,26/02/2025,"Cắt Lỗ căn hộ dự án Khai Sơn, 80m2 giá chỉ 5 tỷ LH: 0848 220 ***",5 tỷ,80 m²,"62,5 tr/m²",2,2,"Ngọc Thụy, Long Biên","21.0522803289958, 105.88467422453428"
41811000,26/02/2025,"Cần bán gấp chung cư Ecohome Phúc Lợi, Long Biên","2,4 tỷ",46 m²,"52,17 tr/m²",2,1,"Phúc Lợi, Long Biên","21.042394656839583, 105.92724538453366"
42178400,26/02/2025,"Căn 2PN giá rẻ nhất Sunshine Green Iconic Long Biên - Tầng trung, 80m2 5.7tỷ - Em Long 0355 863 ***","5,7 tỷ",80 m²,"71,25 tr/m²",2,N/A,"Phúc Đồng, Long Biên","21.0407920188135, 105.896582244444"
42178501,26/02/2025,Bán căn hộ studio 28m2 giá chỉ 2 tỷ 480 rẻ nhất Sunshine Green Iconic - Em Long 0355 863 ***,"2,48 tỷ","28,2 m²","87,94 tr/m²",N/A,N/A,"Phúc Đồng, Long Biên","21.040695173935056, 105.89649423340387"
42277304,26/02/2025,"Bán căn hộ chung cư Gia Thụy 102m2 6 tỷ full nội thất, gần trường học, ở ngay",6 tỷ,102 m²,"58,82 tr/m²",N/A,N/A,"Gia Thụy, Long Biên","21.0478281096414, 105.884788582894"
42277044,26/02/2025,"Bán căn hộ chung cư Ngọc Lâm, Long Biên 140m2 3 phòng ngủ 5 tỷ 4 an ninh tốt, ở sướng","5,4 tỷ",140 m²,"38,57 tr/m²",3,2,"Ngọc Lâm, Long Biên","21.0468892940493, 105.87130059465"
42276692,26/02/2025,"Cần bán căn gấp căn chung cư đẹp tại Ruby3 Phúc Lợi, Long Biên, 2 ngủ và 2wc","2,3 tỷ",50 m²,46 tr/m²,2,2,"Giang Biên, Long Biên","21.0356930947073, 105.932870945019"
40496617,26/02/2025,"Bán căn hộ 68m2 Ecohome Phúc Lợi, 2 ngủ 2WC, nội thất liền tường, 3,35 tỷ bao phí","3,35 tỷ",68 m²,"49,26 tr/m²",2,2,"Phúc Lợi, Long Biên","21.0423583984375, 105.927299499512"
40934619,26/02/2025,"Bán căn hộ TSG Lotus Sài Đồng, S: 86m2, 2 ngủ 2wc, nội thất liền tường. Giá: 4,5 tỷ bao thuế phí","4,5 tỷ",86 m²,"52,33 tr/m²",2,2,"Việt Hưng, Long Biên","21.0598011016846, 105.898727416992"
42275578,26/02/2025,"Bán chung cư Green House Việt Hưng tầng cao, 74m2, gần công viên, trường quốc tế, 3.5 tỷ","3,5 tỷ",74 m²,"47,3 tr/m²",2,2,"Đức Giang, Long Biên","21.070087255061907, 105.90634631249645"
42178378,26/02/2025,Bán gấp căn chung cư cao cấp 1PN 52m2 giá rẻ nhất tại Sunshine Green Iconic - Em Long 0355 863 ***,4 tỷ,52 m²,"76,92 tr/m²",N/A,N/A,"Phúc Đồng, Long Biên","21.04115481156469, 105.89628736607119"
42165725,26/02/2025,"Căn hộ chung cư tại Việt Hưng, giá tốt 3,45 tỷ, 83m2, 3PN, 2WC","3,45 tỷ",83 m²,"41,57 tr/m²",3,2,"Việt Hưng, Long Biên","21.063161480244773, 105.90875569076142"
40962897,26/02/2025,Chính chủ nhượng căn hộ 2PN 77.51m2 dự án Khai Sơn City giá 5tỷ LH: 0981 649 ***,5 tỷ,"77,51 m²","64,51 tr/m²",2,2,"Ngọc Thụy, Long Biên","21.052269, 105.88481"
42273984,26/02/2025,"Bán căn chung cư 3 ngủ Northen Diamond diện tích 99m giá bán 5,5 tỷ","5,5 tỷ",99 m²,"55,56 tr/m²",N/A,N/A,"Long Biên, Long Biên","21.031142151430657, 105.90011773911522"
42273674,26/02/2025,Bán căn hộ 2pn chung cư An Quý Hưng mặt đê Nam đuống chỉ 3.55 tỷ.,"3,55 tỷ",61 m²,"58,2 tr/m²",N/A,N/A,"Thượng Thanh, Long Biên","21.06523509124318, 105.88865633905031"
39141705,26/02/2025,"Bán căn hộ cao cấp 73m2 cuối cùng Giá tốt nhất Long Biên chỉ từ 3,85 Tỷ full nội thất liền tường","3,85 tỷ",73 m²,"52,74 tr/m²",2,2,"Giang Biên, Long Biên","21.0577354431152, 105.913352966309"
40054778,26/02/2025,"Bán căn góc 2N2WC 78m2 cuối cùng của CDT hướng mát giá 4, x tỷ full nội thất liền tường","4,05 tỷ",78 m²,"51,92 tr/m²",2,2,"Giang Biên, Long Biên","21.0577354431152, 105.913352966309"
42272936,26/02/2025,"Chính chủ gửi bán CT15 Green Park 120m2 3PN, full đồ sang trọng giá 7,2 tỷ","7,2 tỷ",120 m²,60 tr/m²,3,2,"Giang Biên, Long Biên","21.0646184527791, 105.91200030007288"
42273008,26/02/2025,Chính chủ nhờ em bán căn hộ tầng thấp No12-3 nhà đẹp đủ đồ 2n2wc giá 2.9 tỷ.,"2,9 tỷ","67,6 m²","42,9 tr/m²",2,2,"Sài Đồng, Long Biên","21.035499788459898, 105.91275047256063"
42272958,26/02/2025,Bán căn hộ chung cư ruby ct2-giang biên-long biên,"2,65 tỷ","51,8 m²","51,16 tr/m²",2,1,"Giang Biên, Long Biên","21.067573905754, 105.913987718422"
42272928,26/02/2025,"Bán căn hộ 2PN 70m2 chung cư Hope Residence Long Biên full đồ, có sổ","3,3 tỷ",70 m²,"47,14 tr/m²",2,2,"Phúc Đồng, Long Biên","21.040735173929455, 105.90467644649996"
42272901,26/02/2025,"Chính chủ gửi bán căn tầng đẹp No12-3 Sài Đồng 68m2 đủ đồ xịn 2n1wc giá 2,9X tỷ","2,99 tỷ",68 m²,"43,97 tr/m²",2,2,"Sài Đồng, Long Biên","21.034577032811317, 105.91235104587584"
41733942,26/02/2025,"Gia đình chú em bán căn hộ chung cư Canal Park, Khu đô thị Hà Nội Garden City, Thạch Bàn, Long Biên","4,4 tỷ",93 m²,"47,31 tr/m²",2,2,"Thạch Bàn, Long Biên","21.0188485952548, 105.922583280512"
42272575,26/02/2025,"Bán căn hộ tại Hope Risedence 70m2 2PN 2wc full nội thất đẹp giá 3,25 tỷ","3,25 tỷ",70 m²,"46,43 tr/m²",2,2,"Phúc Đồng, Long Biên","21.0408440105516, 105.904174517747"
38387105,26/02/2025,"Bán căn hộ chung cư toà CT10 2PN 85m2 Việt Hưng, Long Biên, Hà Nội","3,62 tỷ",85 m²,"42,59 tr/m²",3,2,"Đức Giang, Long Biên","21.062690734863281, 105.90833282470703"
36672800,26/02/2025,"Chính chủ bán căn hộ Green House - CT17 - Khu đô thị Việt Hưng, Việt Hưng, Long Biên","3,25 tỷ","73,6 m²","44,16 tr/m²",2,2,"Đức Giang, Long Biên","21.06974397459099, 105.90677983960325"
39401615,26/02/2025,"Quỹ căn 2 phòng ngủ 72.8m2 77.7m2 full nội thất & điện tử giá chỉ từ 3,7 tỷ tại Eco City Việt Hưng","3,7 tỷ","72,8 m²","50,82 tr/m²",2,2,"Giang Biên, Long Biên","21.0577354431152, 105.913352966309"
42078747,26/02/2025,Mở bán chung cư Platinum Long Biên siêu phẩm đất vàng trên đường Cổ Linh LH CĐT 0926 321 ***,"2,87 tỷ",41 m²,70 tr/m²,2,1,"Long Biên, Long Biên","21.0272651315817, 105.895235256475"
42270646,26/02/2025,"5,3 Tỷ căn góc 2ngủ 2wc đủ nội thất, LH: 0934 655 ***","5,3 tỷ",68 m²,"77,94 tr/m²",2,2,"Phúc Lợi, Long Biên","21.045870239491173, 105.91526853702251"
42271709,26/02/2025,Chính chủ chuyển nhượng căn hộ 100m2 tại Bình Minh Garden,"6,3 tỷ",100 m²,63 tr/m²,3,2,"Đức Giang, Long Biên","21.0693097083844, 105.88824550147184"
42271612,26/02/2025,"Bán căn hộ chung cư 2 phòng ngủ Ruby3 Phúc Lợi, Long Biên. LH: 0983 957 ***","2,15 tỷ",45 m²,"47,78 tr/m²",2,1,"Giang Biên, Long Biên","21.03603982222325, 105.93326158758359"
42271626,26/02/2025,"Căn hộ 174m2 thiết kế 3PN 3WC 1 phòng làm việc, đẩy đủ nội thất cao nhất. Liên hệ: 0352 051 ***","11,5 tỷ",174 m²,"66,09 tr/m²",N/A,N/A,"Bồ Đề, Long Biên","21.0459603449396, 105.880460374919"
41942365,26/02/2025,"Bán căn hộ 2PN 77m2 tại trung tâm KĐT Việt Hưng có sổ - nội thất đầy đủ, chỉ việc xách vali về ở","4,4 tỷ",77 m²,"57,14 tr/m²",2,2,"Giang Biên, Long Biên","21.05766034585122, 105.91309706212971"
41795779,26/02/2025,"CHCC Việt Hưng 91m2 3PN/2WC tầng đẹp thoáng mát giá 3,85 tỷ","3,85 tỷ",91 m²,"42,31 tr/m²",3,2,"Đức Giang, Long Biên","21.06278024636447, 105.90785955958869"
42263074,26/02/2025,Bán căn Duplex tầng đẹp rẻ nhất thị trường,"13,8 tỷ",165 m²,"83,64 tr/m²",N/A,N/A,"Phúc Đồng, Long Biên","21.04124045709236, 105.8965508338825"
42267638,26/02/2025,"Bán căn penhouse đẳng cấp nhất Long Biên 5PN 382.5m2 view Vinhome tại TSG Lotus Sài Đồng giá 26,9tỷ","26,9 tỷ","382,5 m²","70,33 tr/m²",5,4,"Việt Hưng, Long Biên","21.0600540902284, 105.899409090531"
42062460,26/02/2025,"Bán căn hộ 85m2, 3PN, 2VS tại Phường Bồ Đề, Long Biên, Hà Nội, giá cực chất 7 tỷ",7 tỷ,85 m²,"82,35 tr/m²",3,2,"Bồ Đề, Long Biên","21.0379990647544, 105.873227170557"
42269300,26/02/2025,CẦN BÁN CHUNG CƯ 2 NGỦ TẠI CHUNG CƯ CT 10 VIỆT HƯNG - ĐỨC GIANG - LONG BIÊN - HÀ NỘI. ĐT 0825 741 ***,"3,7 tỷ",85 m²,"43,53 tr/m²",2,2,"Đức Giang, Long Biên","21.0554249152093, 105.901437896435"
42268310,25/02/2025,"Bán gấp CC đẹp tại Berriver Jardin Long Biên, 5,8 tỷ, 78m2, 3PN, 2WC, pháp lý đầy đủ","5,8 tỷ",78 m²,"74,36 tr/m²",3,2,"Bồ Đề, Long Biên","21.0442368203756, 105.877793375296"
41214265,25/02/2025,Bán căn góc hoa hậu 3 PN tầng cao full nội thất cao cấp tại Phương Đông Green Home LH 0909 860 ***,Giá thỏa thuận,80 m²,N/A,3,2,"Đức Giang, Long Biên","21.066871643066406, 105.90362548828125"
42123350,25/02/2025,Bán căn góc 120m2 3PN 3WC đã có liền tường tầng đẹp nhận nhà ở ngay chỉ 7x tỷ LH 0909 860 ***,"7,5 tỷ",120 m²,"62,5 tr/m²",3,3,"Ngọc Thụy, Long Biên","21.052296324740134, 105.88487860848348"
40807535,25/02/2025,"Chỉ 4,1 tỷ sở hữu căn góc 3PN 79m2 view Vinhomes, full nội thất & điện tử tại Valencia Việt Hưng","4,1 tỷ",79 m²,"51,9 tr/m²",3,2,"Đức Giang, Long Biên","21.05571620142909, 105.91148936262834"
42262225,25/02/2025,Siêu Hiếm Chung Cư Phường Gia Thuỵ HH2A Tầng Đẹp Full Nội Thất,"6,2 tỷ",107 m²,"57,94 tr/m²",2,2,"Gia Thụy, Long Biên","21.0488569622649, 105.8865924194"
41109075,25/02/2025,"Bán căn chung cư KĐT Sài Đồng. DT: 70m2, 2 ngủ, 2 ban công. Giá: 2 tỷ 850tr có TL)","2,85 tỷ",70 m²,"40,71 tr/m²",2,2,"Sài Đồng, Long Biên","21.034845, 105.91271"
42162317,25/02/2025,"Bán gấp căn chung cư KĐT mới Sài Đồng. DT: 65m2, 2 ngủ, 1vs. Gia: 2,75 tỷ bao thuế phí (Có TL)","2,75 tỷ",65 m²,"42,31 tr/m²",2,1,"Sài Đồng, Long Biên","21.0349639402377, 105.912759647876"
42264485,25/02/2025,Bán chung cư Gia Thụy - hàng đẹp hiếm nhà bán - ful toàn bộ nội thật xịn - giao thông thuận lợi,"6,2 tỷ",106 m²,"58,49 tr/m²",2,2,"Gia Thụy, Long Biên","21.047931219722557, 105.88433809567313"
30902252,25/02/2025,"Chính chủ cần bán căn hộ Eco City KĐT Việt Hưng - DT: 65m2 tầng 6 tòa D, full nội thất, đã có sổ đỏ","3,5 tỷ",65 m²,"53,85 tr/m²",2,2,"Giang Biên, Long Biên","21.0577354431152, 105.913352966309"
41309399,25/02/2025,"Căn hộ chung cư cao cấp Eco City Việt Hưng 78m2 thiết kế 2 phòng ngủ, 2WC full nội thất. Giá 4 tỷ",4 tỷ,78 m²,"51,28 tr/m²",2,2,"Giang Biên, Long Biên","21.0577354431152, 105.913352966309"
36331451,25/02/2025,"Bán căn hộ chung cư cao cấp 2PN Eco City, KĐT Việt Hưng, Long Biên. Giá 3.650 tỷ. LH: 0917 507 ***","3,65 tỷ",70 m²,"52,14 tr/m²",2,2,"Giang Biên, Long Biên","21.0577354431152, 105.913352966309"
42265030,25/02/2025,Độc quyền bán căn hộ 2PN 2WC DT 64m2,Giá thỏa thuận,64 m²,N/A,2,2,"Việt Hưng, Long Biên","21.046856013541277, 105.91528428548837"
42265581,25/02/2025,"Cần bán căn 3 phòng ngủ giá 6,7 tỷ nhận nhà ở ngay. LH 0368 706 ***","6,7 tỷ",101 m²,"66,34 tr/m²",3,2,"Ngọc Thụy, Long Biên","21.05234807610751, 105.8839571626168"
42265548,25/02/2025,"KHách nét cần tìm căn 2N2W- Tài chính 3 tỷ, hợp lý vào việc luôn-sổ đỏ sẵn sàng",Giá thỏa thuận,77 m²,N/A,2,2,"Giang Biên, Long Biên","21.05747316735146, 105.91369237720069"
42265504,25/02/2025,"Bán CC Khai Sơn City, 5,15 tỷ, 77 m2, 2PN + 2WC, p Ngọc Thụy, Q.Long Biên, HN","5,15 tỷ",77 m²,"66,88 tr/m²",2,2,"Ngọc Thụy, Long Biên","21.051578362426536, 105.88490735227175"
42063282,25/02/2025,"Chính chủ cần bán gấp căn 101m2 giá rẻ 6,6 tỷ. Tầng trung 10, nhận nhà về ở luôn.","6,5 tỷ",101 m²,"64,36 tr/m²",3,2,"Ngọc Thụy, Long Biên","21.052327520225827, 105.88493752297921"
42264838,25/02/2025,Giá siêu tốt- Đỉnh Nóc Dự án Vinhomes Symphony Căn hộ 3PN 2 WC - Hướng ĐÔNG NAM- View công viên,Giá thỏa thuận,86 m²,N/A,N/A,N/A,"Việt Hưng, Long Biên","21.04556281727, 105.915577193206"
42188907,25/02/2025,"Em cần bán gấp nhà CC: P1015 - No10A - KĐT Sài Đồng - lô góc (đang cho thuê dòng tiền). S: 68,6m2","2,9 tỷ","68,6 m²","42,27 tr/m²",2,1,"Sài Đồng, Long Biên","21.034029531911937, 105.91237707148657"
41571444,25/02/2025,"Chính chủ bán căn hộ 3 ngủ chung cư Bình Minh Garden, tầng đẹp, view thoáng nhà mới tinh","5,5 tỷ",100 m²,55 tr/m²,3,2,"Đức Giang, Long Biên","21.0668279509334, 105.891837429607"
42264218,25/02/2025,Chính chủ mình cần bán nhanh căn 89.51m2 Khai Sơn toà K6 để lo chuyện gia đình.,"5,2 tỷ","89,51 m²","58,09 tr/m²",N/A,N/A,"Ngọc Thụy, Long Biên","21.0521455716344, 105.88456040464747"
26415947,25/02/2025,Mở bán căn hộ Penthouse siêu VIP tại Premier Berriver Long Biên View Sông Hồng,"14,5 tỷ",246 m²,"58,94 tr/m²",5,5,"Bồ Đề, Long Biên","21.0443172454834, 105.877861022949"
42263526,25/02/2025,"Bán gấp căn góc 3 ngủ 100,25m2 có sổ đỏ ban công Đông Nam tại Bình Minh Garden, giá tốt chỉ 5,75 tỷ","5,75 tỷ","100,25 m²","57,36 tr/m²",3,2,"Đức Giang, Long Biên","21.0692403768353, 105.888569475057"
41965803,25/02/2025,Bán căn hộ 2PN Le Grand Jardin Sài Đồng toà G2 Full nội thất cao cấp (sẵn sổ hồng) LH 0987 106 ***,"5,8 tỷ",85 m²,"68,24 tr/m²",2,2,"Sài Đồng, Long Biên","21.035983125397, 105.906669219673"
39637416,25/02/2025,Bán gấp suất ngoại giao căn góc 3PN 105m2 đẹp nhất Phương Đông Green Home Việt Hưng giá chỉ 6.6 tỷ,"6,6 tỷ",105 m²,"62,86 tr/m²",3,2,"Đức Giang, Long Biên","21.0668716430664, 105.903625488281"
40723137,25/02/2025,Chỉ từ 4.4 tỷ sở hữu căn 3PN 75.5m2 view công viên Long Biên tại Phương Đông Green Home Việt Hưng,"4,4 tỷ","75,5 m²","58,28 tr/m²",3,2,"Đức Giang, Long Biên","21.0668716430664, 105.903625488281"
41143613,25/02/2025,"Sở hữu căn góc 3 ngủ 87.3m2 view công viên, full nội thất cao cấp giá chỉ 7.8 tỷ tại HC Golden City","7,8 tỷ","87,3 m²","89,35 tr/m²",3,2,"Bồ Đề, Long Biên","21.0372378470475, 105.872805323787"
41585937,25/02/2025,"Căn hộ chính chủ hàng hiếm tại Le Grand Jardin Sài Đồng, 5,25 tỷ vnd, 85 m2","5,25 tỷ",85 m²,"61,76 tr/m²",2,2,"Sài Đồng, Long Biên","21.0394124501222, 105.907963563785"
41970789,25/02/2025,"Chính chủ bán căn 3PN, 2WC, 120m2 giá chỉ: 7,3 tỷ tại Green Park CT15 Việt Hưng, Long Biên, Hà Nội","7,25 tỷ",120 m²,"60,42 tr/m²",3,2,"Giang Biên, Long Biên","21.0648476516713, 105.911017723731"
41565965,25/02/2025,"Căn hộ đẹp, nhiều tiện ích tại Ruby City 1, diện tích: 77m2, 3PN, 2 vs, giá: 3.5tỷ","3,5 tỷ",77 m²,"45,46 tr/m²",3,2,"Giang Biên, Long Biên","21.0588474273682, 105.914703369141"
41717488,25/02/2025,"Cực hiếm CHCC Việt Hưng tầng 1 ở như mặt đất 100m2 full nội thất giá 5, x tỷ","5,8 tỷ",100 m²,58 tr/m²,3,2,"Đức Giang, Long Biên","21.062690734863281, 105.90833282470703"
42155528,25/02/2025,"Độc quyền quỹ căn đẹp giá tốt nhất CC Khai Sơn City, chỉ 10% ký HDMB, CK 9,5%, HTLS65%, 0%, 15th","6,2 tỷ",101 m²,"61,39 tr/m²",3,2,"Ngọc Thụy, Long Biên","21.0522689819336, 105.884811401367"
42148191,25/02/2025,"Chung cư dự án mới Green Home Phương Đông 76m2 2PN + 1 full nội thất đẹp giá 5,199 tỷ","5,2 tỷ",76 m²,"68,41 tr/m²",2,2,"Đức Giang, Long Biên","21.0667258370185, 105.9037565052"
42155792,25/02/2025,"Siêu hiếm CHCC Việt Hưng 150m 4 phòng ngủ ban công Đông Nam giá 6,5 tỷ","6,5 tỷ",150 m²,"43,33 tr/m²",4,2,"Giang Biên, Long Biên","21.062887660252144, 105.90839432991744"
41931454,25/02/2025,"Chung cư Việt Hưng 78m2 căn góc ban công Đông Nam cực mát giá 3,4 tỷ","3,4 tỷ",78 m²,"43,59 tr/m²",2,2,"Đức Giang, Long Biên","21.062731751848297, 105.90909006397324"
42100823,25/02/2025,"Mình có 1 số slot xử lý hồ sơ nhanh NOXH Him Lam Thượng Thanh, giá 20 tr/m2, liên hệ ngay",Giá thỏa thuận,70 m²,N/A,2,2,"Thượng Thanh, Long Biên","21.065313725339095, 105.8882333260398"
41441543,25/02/2025,"Bán CH 2PN2WC Vị trí căn góc Vinhomes Symphony, DT 75m2 tầng 8 view công viên, hồ bơi, ban công ĐN",Giá thỏa thuận,75 m²,N/A,2,2,"Việt Hưng, Long Biên","21.046152114868164, 105.9156494140625"
41653261,25/02/2025,"Bán căn hộ 2pn2vs chung cư cao cấp tại Vinhomes Symphony 65m2, giá thỏa thuận, view vườn hoa",Giá thỏa thuận,65 m²,N/A,2,2,"Việt Hưng, Long Biên","21.0461521148682, 105.915649414063"
42260994,25/02/2025,"Bán gấp căn 2 ngủ Hanoi Homeland diện tích 65 m2 giá 3,45 tỷ LH: 0986 168 ***","3,45 tỷ",65 m²,"53,08 tr/m²",2,2,"Thượng Thanh, Long Biên","21.0576202401423, 105.884272797182"
41717187,25/02/2025,"Chính chủ bán căn 85m2 rộng rãi full nội thất thiết kế đẹp, view thoáng giá 5,7 tỷ bao thuế phí","5,7 tỷ",85 m²,"67,06 tr/m²",2,2,"Bồ Đề, Long Biên","21.045692, 105.8806"
42260761,25/02/2025,"Căn hộ CC tại Le Grand Jardin Sài Đồng, Huỳnh Văn Nghệ, Sài Đồng, Long Biên, Hà Nội","4,2 tỷ",75 m²,56 tr/m²,2,2,"Sài Đồng, Long Biên","21.03598396543966, 105.90610860165889"
41030059,25/02/2025,Chính chủ cần bán gấp căn 3 PN 100 m2 chung cư Bình Minh Garden giá 5 tỷ sẵn sổ giao dịch,5 tỷ,100 m²,50 tr/m²,3,2,"Đức Giang, Long Biên","21.0690975189209, 105.8880386352539"
41269765,25/02/2025,"Bán căn hộ Sài Đồng, 68,4m2 2PN2WC full đồ giá 2.8 tỷ","2,8 tỷ",68 m²,"41,18 tr/m²",2,2,"Sài Đồng, Long Biên","21.03484535217285, 105.91271209716797"
42260305,25/02/2025,"Độc quyền căn siêu phẩm view Vinhomes toà TSG Lotus 84m2 thiết kế 2PN 2 vs giá 4,76 tỷ bao phí","4,7 tỷ",84 m²,"55,95 tr/m²",2,2,"Việt Hưng, Long Biên","21.0599085132768, 105.899268942781"
42259024,24/02/2025,"Chinh chu cần bán căn hộ 69,2m2 nôi thất mới hiện đại sẵn ở","3,9 tỷ","69,2 m²","56,36 tr/m²",2,2,"Thượng Thanh, Long Biên","21.0575880863299, 105.884379917057"
42235246,24/02/2025,"Bán căn góc , tầng cao tại tổ hợp chung cư CT15 Green Park , kđt Việt Hưng, Long Biên","7,25 tỷ",120 m²,"60,42 tr/m²",3,2,"Giang Biên, Long Biên","21.0647370344007, 105.9110957193926"
42249272,24/02/2025,"Hàng hiếm tại Hà Nội Garden Villa, 4,8 tỷ, 100m2, 2PN, 2WC, Long Biên, Hà Nội","4,8 tỷ",100 m²,48 tr/m²,2,2,"Thạch Bàn, Long Biên","21.0201370028223, 105.920575785918"
