Id,Date Posted,Product Title,Price,Area,Price per m²,Bedrooms,Toilets,Location,Coordinates
42263840,06/03/2025,CC bán chuyển nhượng: Stu-1tỷ56; 1PN+2tỷ350; 2PN-2.9tỷ; 2PN+3.66tỷ; 3PN-4.2tỷ Vinhomes Smart City,"4,2 tỷ",81 m²,"51,85 tr/m²",3,2,·,"21.006672474017645, 105.73667484931228"
42341054,05/03/2025,Qũy 299 căn độc quyền giá tốt nhất DA Vinhomes Smart City của Thành Phát Land - Mr.Đạt 0975 233 ***,"3,9 tỷ",64 m²,"60,94 tr/m²",2,N/A,·,"21.006196487006093, 105.73683771089314"
42336541,05/03/2025,Quỹ căn hộ chung cư Smart City bán giá tốt cập nhật tháng 3 năm 2025 Lh xem nhà 0911 447 ***,"3,49 tỷ",59 m²,"59,15 tr/m²",2,2,·,"21.008579815610283, 105.74449839062483"
42333189,04/03/2025,"Mở bán chung cư The Matrix One GĐ2 Lê Quang Đạo Mỹ Đình - Quỹ căn đẹp, chiết khấu cao. HTLS 0%",Giá thỏa thuận,80 m²,N/A,N/A,N/A,·,"21.009221957676402, 105.77394807909312"
42289256,04/03/2025,"Chính chủ cần bán CC căn góc, 3 PN tại CC cao cấp Capital Elite - 18 Phạm Hùng, Hà Nội","12,54 tỷ",114 m²,110 tr/m²,3,2,·,"21.018605109826964, 105.78109750088184"
42227142,28/02/2025,"Căn góc 3PN 80m2 full nội thất như hình, vị trí kế cận Parking Zone + gần công viên trung tâm","5,35 tỷ",80 m²,"66,88 tr/m²",3,2,·,"21.008931443308448, 105.74397238823244"
42298690,28/02/2025,"Tổng hợp quỹ căn hộ bán studio, 1PN - 4PN Giá Siêu Rẻ - HOT Smart City cập nhật mới nhất 28/02/2025","5,95 tỷ",94 m²,"63,3 tr/m²",3,2,·,"21.009065548393455, 105.74404771271202"
41770155,28/02/2025,Bán căn 3PN 3VS BC Đông Nam view bể bơi GS53809 The Miami Vinhomes Smart City 5.23 tỷ 0982 782 ***,"5,24 tỷ","84,5 m²",62 tr/m²,3,3,·,"21.006448242328226, 105.74567104687983"
39990450,20/02/2025,"Cập nhật - Quỹ chuyển nhượng 1PN-2PN-3PN giá 2,650 tỷ bao phí - Full Đồ - Về ở ngay - Có hỗ trợ vay","2,65 tỷ",43 m²,"61,63 tr/m²",1,1,·,"21.008968590148015, 105.74386285896819"
42249907,06/03/2025,Độc quyền quỹ căn hộ Skylake loại 1-2-3-4 ngủ & Sky Villa giá chuyển nhượng tốt nhất thị trường,9 tỷ,102 m²,"88,24 tr/m²",3,2,"Mỹ Đình 1, Nam Từ Liêm","21.02035229403847, 105.7807712928192"
42352601,06/03/2025,"Quỹ căn Vinhomes Skylake Phạm Hùng, Mỹ Đình, Nam Từ Liêm 3PN giá tốt nhất T3/2025",8 tỷ,90 m²,"88,89 tr/m²",3,2,"Mỹ Đình 1, Nam Từ Liêm","21.0201683044434, 105.780754089355"
42354092,06/03/2025,Bán căn hộ chung cư 125m2 vew hồ điều hoà,7 tỷ,125 m²,56 tr/m²,3,2,"Trung Văn, Nam Từ Liêm","20.99652076076155, 105.79308443200304"
42353866,06/03/2025,"BỐ MẸ TÔI CẦN BÁN CĂN HỘ CAO CẤP THE ZEI LÊ ĐỨC THỌ, SỔ ĐỎ CHÍNH CHỦ, CĂN HỘ TẦNG RẤT ĐẸP VIEW ĐẸP",Giá thỏa thuận,92 m²,N/A,2,2,"Mỹ Đình 2, Nam Từ Liêm","21.03456821534531, 105.76972411520549"
42353745,06/03/2025,"Em Thơm cập nhật quỹ căn 2,3,4PN Iris Garden T3/2025 DT 61,104,135m giá tốt, sẵn sổ. LH 0968 748 ***",Giá thỏa thuận,135 m²,N/A,3,2,"Cầu Diễn, Nam Từ Liêm","21.031296230958937, 105.76011129560898"
42286412,06/03/2025,Phan Hằng Group độc quyền danh sách căn hộ chuyển nhượng Gardenia loại 1-2-3-4 PN & Duplex giá tốt,9 tỷ,105 m²,"85,71 tr/m²",3,2,"Cầu Diễn, Nam Từ Liêm","21.036189811476795, 105.76063250260428"
42353214,06/03/2025,"Bán nhanh CH 2n2wc 67m2 đông nam view bể bơi, sắp bàn giao, phân khu cao cấp2 hầm đỗ xe","4,7 tỷ",67 m²,"70,15 tr/m²",2,2,"Tây Mỗ, Nam Từ Liêm","21.0012061457344, 105.738420344348"
42353201,06/03/2025,"Bán căn 4PN, 154m2 Tháp A Sunshine Center, 16 Phạm Hùng, nhà đẹp VIEW THÀNH PHỐ. LH 0968 748 ***","10,7 tỷ",154 m²,"69,48 tr/m²",4,3,"Mỹ Đình 2, Nam Từ Liêm","21.018439110098342, 105.78170252416922"
41777596,06/03/2025,"Tổng hợp 99 căn hộ giá rẻ nhất dự án Imperia Smart City, Phường Tây Mỗ, Nam Từ Liêm, Hà Nội",3 tỷ,43 m²,"69,77 tr/m²",1,1,"Tây Mỗ, Nam Từ Liêm","20.999611121117169, 105.73783906118112"
33093016,06/03/2025,Bán Vinhomes Skylake từ 1pn 4.9 tỷ - 2pn 6.3 tỷ - 3pn 9.2 tỷ - 4pn 15 tỷ - Penthouse LH 0976 069 ***,"9,2 tỷ",100 m²,92 tr/m²,3,2,"Mỹ Đình 1, Nam Từ Liêm","21.0201683044434, 105.780754089355"
42160516,06/03/2025,"Bán căn hộ Iris Garden 30 Trần Hữu Dực, DT 60,7 đến 135m2 2 và 3 ngủ 4,4 tỷ đến 8,3 tỷ xem nhà 24/7","4,4 tỷ","60,7 m²","72,49 tr/m²",2,2,"Cầu Diễn, Nam Từ Liêm","21.030556488691975, 105.76003744793786"
39993461,06/03/2025,"Tổng hợp 99 căn hộ chuyển nhượng I1, I2, I3, I4, I5 giá rẻ từ 1.9tỷ-3.7tỷ hỗ trợ vay vốn ngân hàng","3,6 tỷ",55 m²,"65,46 tr/m²",2,1,"Tây Mỗ, Nam Từ Liêm","20.99933031642184, 105.73806364771225"
42351753,06/03/2025,"Em Thanh 0916 820 *** cập đầy đủ quỹ căn 2PN, 3PN Iris Garden DT 61m-104m-135m giá tốt, sẵn sổ","7,2 tỷ",104 m²,"69,23 tr/m²",3,2,"Cầu Diễn, Nam Từ Liêm","21.03138464175845, 105.76066530889392"
42105531,06/03/2025,Mình là Thắng bán 09 căn: Stu - 1tỷ780; 1PN + 2tỷ55; 2PN - 3.7 tỷ; 3PN - 5.3tỷ Masteri West Heights,"2,55 tỷ","46,5 m²","54,84 tr/m²",1,1,"Tây Mỗ, Nam Từ Liêm","21.0064303561987, 105.736212138223"
42140367,06/03/2025,Chính chủ bán mấy căn: Studio - 1tỷ66 và 2PN - 69m2 - 3tỷ8/ 1PN - 2.5tỷ và 2PN 2.8tỷ Imperia Smart,"2,5 tỷ",46 m²,"54,35 tr/m²",1,N/A,"Tây Mỗ, Nam Từ Liêm","20.9995084461966, 105.737896856457"
41539651,06/03/2025,"Tôi chính chủ cần bán cả 2 căn: 2PN + 1, 69m2 - 3 tỷ450 và 2PN, 59m2 - 2 tỷ 650 Vinhomes Smart City","2,65 tỷ",59 m²,"44,92 tr/m²",2,1,"Tây Mỗ, Nam Từ Liêm","21.006288978449994, 105.73647380208189"
36108819,06/03/2025,"Full quỹ căn chuyển nhượng căn hộ 2PN giá 7 tỷ, 3PN giá 10 tỷ, tư vấn giai đoạn 2 tháng 3 mở bán!",Giá thỏa thuận,"111,67 m²",N/A,3,2,"Mễ Trì, Nam Từ Liêm","21.0093860626221, 105.773872375488"
42349595,06/03/2025,"Độc quyền bán căn hộ 73m2 chung cư Mỹ Đình Pearl giá cực rẻ, view hồ đẹp","5,95 tỷ",73 m²,"81,51 tr/m²",2,2,"Phú Đô, Nam Từ Liêm","21.01247240171826, 105.76746957855175"
42348609,06/03/2025,"3,05 tỷ CH 1N 43m2 view bể bơi 4 mùa sang xịn ban công đông nam, nhà mới tinh vừa bàn giao","3,05 triệu",43 m²,"70,93 nghìn/m²",1,1,"Tây Mỗ, Nam Từ Liêm","21.0051705312869, 105.738859422965"
41809743,06/03/2025,"Iris Garden quỹ căn 2 - 3 ngủ cần bán, giá tốt nhất thị trường, chỉ từ 4,3-7,7tỷ, sẵn sổ, 096300283","4,3 tỷ",65 m²,"66,15 tr/m²",2,2,"Cầu Diễn, Nam Từ Liêm","21.03064569478025, 105.76022366366425"
42347880,06/03/2025,"Iris Garden - cập nhật quỹ căn 2PN, 3PN diện tích 61,7m2, 104m2, 135m2 cam kết giá tốt nhất","7,3 tỷ",104 m²,"70,19 tr/m²",3,2,"Cầu Diễn, Nam Từ Liêm","21.03175457337846, 105.75988780411228"
42342711,05/03/2025,Dự án bất động sản Vinhomes Green Bay. Căn hộ hạng VIP bậc nhất dự án thiết kế 115m2,Giá thỏa thuận,115 m²,N/A,4,3,"Mễ Trì, Nam Từ Liêm","20.99903874194506, 105.78824715803697"
39195725,05/03/2025,200 Căn chuyển nhượng giá từ 7 tỷ - 8tỷ tại The Matrix One . Tư vấn giai đoạn 2 tháng 3 mở bán !,Giá thỏa thuận,"111,98 m²",N/A,3,2,"Mễ Trì, Nam Từ Liêm","21.0093860626221, 105.773872375488"
41905908,05/03/2025,CDT bán quỹ 80 căn hộ mini tại Mễ Trì và Đình Thôn thiết kế 1 - 2 phòng ngủ chỉ từ 1 tỷ/căn đủ PCCC,"1,25 tỷ",45 m²,"27,78 tr/m²",2,1,"Mễ Trì, Nam Từ Liêm","21.0136775374037, 105.781573005067"
41769699,05/03/2025,Cập nhật liên tục quỹ căn studio - 1PN - 3PN bán giá tốt nhất thị trường chung cư Lumiere evergreen,"3,5 tỷ",43 m²,"81,4 tr/m²",1,1,"Tây Mỗ, Nam Từ Liêm","21.005625732386545, 105.73673518905939"
42138057,04/03/2025,Tôi chính chủ cần bán căn hộ 2 ngủ 1 WC toà GS3 giá 3.2 tỷ diện tích 59.1m2 Vinhomes Smart City,"3,2 tỷ","59,1 m²","54,15 tr/m²",2,1,"Tây Mỗ, Nam Từ Liêm","21.006223991304953, 105.7449282995138"
40570286,04/03/2025,"Quỹ 66 căn chuyển nhượng 2PN - 7tỉ, 3PN, Dual Key - 11 tỉ The Matrix One-GD1, GD2-Cam kết giá tốt","8,67 tỷ",115 m²,"75,36 tr/m²",3,2,"Mễ Trì, Nam Từ Liêm","21.00872972510633, 105.77446701143523"
42221571,04/03/2025,"Quỹ 1000 căn chuyển nhượng cắt lỗ giá rẻ nhất, Căn 1PN + từ 2.7 tỷ, căn 2PN - 3.4 tỷ, 3PN - 4.5 tỷ","3,8 tỷ",64 m²,"59,38 tr/m²",2,2,"Tây Mỗ, Nam Từ Liêm","21.0090178491477, 105.7437424432202"
42329043,04/03/2025,Em Toàn chuyên chuyển nhượng căn hộ tại CC Florence - 28 Trần Hữu Dực. Cập nhật quỹ căn,"6,75 tỷ","91,5 m²","73,77 tr/m²",3,2,"Cầu Diễn, Nam Từ Liêm","21.031366082781336, 105.76173167568116"
42328980,04/03/2025,Em Toàn cập nhật quỹ căn 2PN 3PN Duplex giá tốt tại CCCC The Zei - Số 8 Lê Đức Thọ,Giá thỏa thuận,108 m²,N/A,3,2,"Mỹ Đình 2, Nam Từ Liêm","21.0346233871829, 105.769108051663"
42223598,04/03/2025,"Bán CHCC Vinhomes Skylake. Căn hộ 2PN 73m2 tòa S2, BC Đông Nam view Keangnam. Giá chỉ 6.5 tỷ","6,5 tỷ",73 m²,"89,04 tr/m²",2,2,"Mỹ Đình 1, Nam Từ Liêm","21.0201683044434, 105.780754089355"
42327580,04/03/2025,Bán căn hộ 2PN - 59m2 - 3.15 tỷ (giá thật k ảo) toà GS1(The Miami) KĐT Vinhomes Smart City,"3,15 tỷ",59 m²,"53,39 tr/m²",2,2,"Tây Mỗ, Nam Từ Liêm","21.0072003490793, 105.745089749264"
42315069,03/03/2025,"Cập nhật quỹ căn 2PN-3N-Duplex chung cư The Zei đa dạng diện tích , cam kết giá tốt nhất thị trường","9,4 tỷ",108 m²,"87,04 tr/m²",3,4,"Mỹ Đình 2, Nam Từ Liêm","21.033736617777866, 105.76914364617026"
41861023,03/03/2025,Cư dân gửi BQL Vinhomes Green Bay Mễ Trì 10 căn: Studio; 2N1VS; 2N2VS; 3N - giá cực rẻ!,Giá thỏa thuận,"28,5 m²",N/A,1,N/A,"Mễ Trì, Nam Từ Liêm","20.999146502182, 105.78846913308"
42319084,03/03/2025,Em Minh Ngọc chuyên dự án CT8 The Emerald xin cập nhật quỹ căn chuyển nhượng T3/2025. Cam kết ko ảo,"8,95 tỷ",124 m²,"72,18 tr/m²",4,3,"Mỹ Đình 1, Nam Từ Liêm","21.0214208876908, 105.772223325796"
42228699,03/03/2025,"Bán quỹ căn hộ chung cư Sunshine Center DT 113m2,130m2, 159m2 giá rẻ nhất thị trường LH: 0906 241 ***","7,3 tỷ",114 m²,"64,04 tr/m²",3,2,"Mỹ Đình 2, Nam Từ Liêm","21.018014968987568, 105.78246323675572"
42316980,03/03/2025,"Bán căn 2PN, 2VS ban công ĐN, có slot ô tô 67m2 chung cư HD Mon City, Hàm Nghi. LH 0916 820 ***","4,9 tỷ",67 m²,"73,13 tr/m²",2,2,"Mỹ Đình 2, Nam Từ Liêm","21.03562037162848, 105.7675801189657"
42316751,03/03/2025,"Bán quỹ căn giá tốt nhất T3/2025 diện tích từ 133-186-198m toà DolphinPlaza, pháp lý sổ đỏ, full đồ","7,8 tỷ",133 m²,"58,65 tr/m²",2,2,"Mỹ Đình 2, Nam Từ Liêm","21.029387751189013, 105.77723926904606"
42316691,03/03/2025,"Giá rẻ nhất Cập nhật quỹ CH 2PN, 3PN diện tích 61,7m2, 03m2,135m2 Dự án Iris Garden, LH: 0906 241 ***","4,3 tỷ",61 m²,"70,49 tr/m²",2,2,"Cầu Diễn, Nam Từ Liêm","21.0314048846523, 105.75964700695924"
42314474,03/03/2025,"Bán quỹ căn 2,3PN, Duplex toà The Zei, pháp lý sổ đỏ, đủ nội thất, giá tốt nhất thị trường T3/2025","9,6 tỷ","107,7 m²","89,14 tr/m²",3,2,"Mỹ Đình 2, Nam Từ Liêm","21.034752181652873, 105.76956377912583"
42312414,02/03/2025,"Sốc! Duplex 193,2 m2 - View cầu ánh sáng - BC Đông Nam tại tòa S - Tiến độ giãn - Chủ nhà tk gấp","16,5 tỷ","193,2 m²","85,4 tr/m²",4,3,"Tây Mỗ, Nam Từ Liêm","21.01175062161147, 105.73517282010626"
42311833,02/03/2025,"Bán quỹ căn hộ Sunshine Center diện tích 103m2, 130m2, 159m2, bàn giao full nội thất-LH 0389 018 ***","7,5 tỷ",103 m²,"72,82 tr/m²",3,2,"Mỹ Đình 2, Nam Từ Liêm","21.018457312776732, 105.78103706229791"
42309603,02/03/2025,CĐT Mở bán Ccmn Phạm Hùng - Mỹ Đình - Cầu Giấy 35 - 45 - 50 - 52m giá từ 1.12tỷ/căn sổ đỏ chính chủ,"1,25 tỷ",35 m²,"35,71 tr/m²",2,1,"Mễ Trì, Nam Từ Liêm","21.0177770951243, 105.780982894997"
42200216,01/03/2025,Cập nhật: Quỹ căn Vinhomes Skylake 1PN- 2PN- 3PN- 4PN- penthouse- SkyVilla View Hồ chỉ từ 92.5tr/m2,"9,2 tỷ",86 m²,"106,98 tr/m²",3,2,"Mỹ Đình 1, Nam Từ Liêm","21.0199176629261, 105.781384832202"
42303740,01/03/2025,"Tổng hợp hàng ngày quỹ căn giá tốt 1PN-2PN-3PN-4PN, Penthouse Chung cư Dolphin Plaza. Lh 0937 466 ***",Giá thỏa thuận,152 m²,N/A,3,3,"Mỹ Đình 2, Nam Từ Liêm","21.0300445556641, 105.776626586914"
42303623,01/03/2025,"Quỹ 999 CH: Studo=1PN +,2PN +,3PN ở Masteri WH, Tonkin, Imperia... Tại Smart City, giá chỉ từ 1.5ty","1,55 tỷ",30 m²,"51,67 tr/m²",1,1,"Tây Mỗ, Nam Từ Liêm","21.0090081598915, 105.74428532782217"
42303094,01/03/2025,"Tổng hợp đầy đủ quỹ căn 2PN-3PN-4PN, Duplex/Penthouse chung cư The Zei Plaza. Nơi trái tim Mỹ Đình",Giá thỏa thuận,106 m²,N/A,3,2,"Mỹ Đình 2, Nam Từ Liêm","21.0343785904851, 105.769518631561"
42079717,28/02/2025,"Rất hót! Bán căn 1 ngủ + full đồ sang chảnh, giá 2.795 tỷ như hình, Vinhomes Smart","2,8 tỷ",43 m²,65 tr/m²,1,1,"Tây Mỗ, Nam Từ Liêm","21.008180471590737, 105.74407998681056"
41248900,28/02/2025,"Bán căn hộ Vinhomes Smart City giá hiếm có 3,8 tỷ, 2 ngủ 2VS+, căn góc, to","3,8 tỷ",65 m²,"58,46 tr/m²",3,2,"Tây Mỗ, Nam Từ Liêm","21.0089626312256, 105.743911743164"
42291059,28/02/2025,"Duy nhất căn Duplex Lumi Hà Nội. 17,45 tỷ/193m2, tầng trung ban công Đông Nam. CK 12%. HTLS 0%","17,45 tỷ",193 m²,"90,42 tr/m²",4,3,"Tây Mỗ, Nam Từ Liêm","21.0116212514908, 105.735275254822"
39354137,27/02/2025,(Hot). Quỹ căn hộ 1PN - 2PN - 3PN - 4PN dự án Vinhomes Sky Lake. Giá tốt nhất hiện tại chỉ từ 4 tỷ,4 tỷ,50 m²,80 tr/m²,2,2,"Mỹ Đình 1, Nam Từ Liêm","21.0201683044434, 105.780754089355"
42274038,26/02/2025,"Quỹ căn chuyển nhượng Vinhomes Smart City giá tốt nhất-chỉ từ 1,7tỷ đến 4.1tỷ. đa dạng từ 1pn -3pn","3,5 tỷ",55 m²,"63,64 tr/m²",2,2,"Tây Mỗ, Nam Từ Liêm","21.00936591863911, 105.74386156953605"
42256480,24/02/2025,"Chính chủ bán chung cư mini Mễ Trì- Phạm Hùng- Đối Diện Keangnam, ngõ to 35m2, 50m2 gần chợ Mỹ Đình","1,09 tỷ",35 m²,"31,14 tr/m²",1,1,"Mễ Trì, Nam Từ Liêm","21.0121831934558, 105.775653972342"
42255661,24/02/2025,"Chính chủ cần bán căn penthouse đẹp nhất Hà Nội, thiết kế độc quyền",Giá thỏa thuận,500 m²,N/A,N/A,5,"Mễ Trì, Nam Từ Liêm","21.01198477420148, 105.77499514200902"
41377709,24/02/2025,Chính thức booking sớm GĐ2 chiết khấu khủng tại The Matrix One + Cung cấp quỹ căn chuyển nhượng GĐ1,Giá thỏa thuận,114 m²,N/A,3,N/A,"Mễ Trì, Nam Từ Liêm","21.009392090903056, 105.77343938115894"
42354333,06/03/2025,"Cập nhật quỹ CH bán mới nhất tháng 3/2025 tại Vinhomes Gardenia |CH1,2,3,4PN, duplex. LH 0968 748 ***",Giá thỏa thuận,106 m²,N/A,3,2,"Cầu Diễn, Nam Từ Liêm","21.037173983684024, 105.76017958068373"
42354275,06/03/2025,Bán căn hộ chung cư toà Ct1 toà 22 tầng,7 tỷ,115 m²,"60,87 tr/m²",3,2,"Mỹ Đình 1, Nam Từ Liêm","21.016904374081413, 105.78018732809021"
42283867,06/03/2025,"Chính chủ bán cắt lỗ căn: 3PN - 74,8m2 - 4.2tỷ tòa cao cấp nhất Vinhomes Smart City","4,2 tỷ","74,8 m²","56,15 tr/m²",3,2,"Tây Mỗ, Nam Từ Liêm","21.006079125576413, 105.73663816397772"
41834644,06/03/2025,Tôi chính chủ bán 2 căn căn 1PN + 46.8m2 - 3.1 tỷ và studio 33m2 - 2.3 tỷ Masteri Smart City,"3,1 tỷ","46,8 m²","66,24 tr/m²",1,1,"Tây Mỗ, Nam Từ Liêm","21.00647012372199, 105.7372597697996"
40912331,06/03/2025,"bán gấp giá 4 tỷ 50tr căn 2PN + tại phân khu Imperia, 63.9m2, full đồ (mình bán nhanh)","4,05 tỷ","63,9 m²","63,38 tr/m²",2,2,"Tây Mỗ, Nam Từ Liêm","20.999346402235265, 105.73806037246418"
42353773,06/03/2025,"em thu hồi gốc: 5.2 tỷ căn 3PN - DT 80.1m2, view hồ, toà B Masteri West Heights Tây Mỗ","5,2 tỷ","80,1 m²","64,92 tr/m²",3,2,"Tây Mỗ, Nam Từ Liêm","21.00613947060251, 105.73682885903104"
41135393,06/03/2025,"Bán CHCC 1PN, 2PN, 3PN, 4PN Vinhomes Gardenia - không báo ảo, hỗ trợ A - Z. LH 0989 324 *** Em Châu","8,2 tỷ",106 m²,"77,36 tr/m²",3,2,"Cầu Diễn, Nam Từ Liêm","21.036313155435383, 105.76035727113063"
41174446,06/03/2025,"Bán căn hộ chính chủ 2PN, 3PN chung cư Hoàng Thành Pearl - giá tốt, hỗ trợ A - Z, LH 0989 324 ***","5,9 tỷ",80 m²,"73,75 tr/m²",2,2,"Cầu Diễn, Nam Từ Liêm","21.030918133991, 105.759112158257"
41537600,06/03/2025,"Cần bán rất gấp căn: 1PN +, DT 47.8m2, 2 tỷ 760tr tại phân khu Sakura, nguyên bản, có thương lượng!","2,76 tỷ","47,8 m²","57,74 tr/m²",1,1,"Tây Mỗ, Nam Từ Liêm","21.005226135253906, 105.7389144897461"
41627789,06/03/2025,"Cần tiền bán gấp căn 1N + 42.8m2 tòa GS, giá 2,8 tỷ bao phí (giá chuẩn)","2,8 tỷ","42,8 m²","65,42 tr/m²",1,1,"Tây Mỗ, Nam Từ Liêm","21.0065746307373, 105.745048522949"
42326503,06/03/2025,"Chính chủ muốn bán gấp căn 2N2WC + tòa GS 2 - DT TT 63m2, giá 3,870 tỷ bao phí (giá chuẩn)","3,87 tỷ",63 m²,"61,43 tr/m²",2,2,"Tây Mỗ, Nam Từ Liêm","21.006574630737305, 105.74504852294922"
40262193,06/03/2025,"Chính chủ chuyển đi nước ngoài bán gấp căn hộ 2 + 62,29m2 tại Masteri giá tốt 4,8 tỷ full đồ xịn","4,8 tỷ","62,29 m²","77,06 tr/m²",2,2,"Tây Mỗ, Nam Từ Liêm","21.0062065124512, 105.737075805664"
42283639,06/03/2025,Giá bán nhanh! 2 tỷ 350tr - Căn 1PN+1 sổ cầm tay tại Vin Smart City - full nội thất,"2,35 tỷ","42,9 m²","54,78 tr/m²",1,1,"Tây Mỗ, Nam Từ Liêm","21.00643811207577, 105.73661824261592"
42331503,06/03/2025,Gấp gấp gấp! Tìm chủ mới cho quỹ căn hộ độc quyền tại Vinhomes Skylake Phạm Hùng,6 tỷ,67 m²,"89,55 tr/m²",2,2,"Mỹ Đình 1, Nam Từ Liêm","21.020225199955703, 105.77983516763169"
42283644,06/03/2025,"Siêu lỗ: 2.9 tỷ căn hộ 2PN, toà I4, tầng trung, căn góc 2 mặt thoáng, full NT","2,9 tỷ","55,1 m²","52,63 tr/m²",2,1,"Tây Mỗ, Nam Từ Liêm","20.9992806334091, 105.738118188181"
40586017,06/03/2025,"Tôi chính chủ cần bán gấp trong tuần căn 2N 1VS, 55,16 m2, giá 3,2 tỷ Tòa G3 Green Bay mễ trì","3,2 tỷ","55,16 m²","58,01 tr/m²",2,1,"Mễ Trì, Nam Từ Liêm","20.9989585876465, 105.788032531738"
42352932,06/03/2025,Em Quân chuyên chuyển nhượng HD Mon quỹ căn hơn 100 căn hộ 2PN-3PN từ cơ bản đến đầy đủ nội thất.,"4,6 tỷ","61,5 m²","74,8 tr/m²",2,2,"Mỹ Đình 2, Nam Từ Liêm","21.03523151815924, 105.76727097937628"
42352852,06/03/2025,"Giá rẻ nhất thị trường cần Bán gấp CH 2PN,3PN và 4PN dự án Vin Gardenia - Hàm Nghi .LH: 0906 241 ***",6 tỷ,80 m²,75 tr/m²,2,2,"Cầu Diễn, Nam Từ Liêm","21.035906521245685, 105.76089301138484"
42352634,06/03/2025,Em Quân cập nhật quỹ CH độc quyền (T3-2025) 2PN-3PN từ cơ bản đến full đồ dự án Hoàng Thành Pearl.,"5,9 tỷ",80 m²,"73,75 tr/m²",2,2,"Cầu Diễn, Nam Từ Liêm","21.039610053552554, 105.76197634593866"
40834861,06/03/2025,"Cần bán căn hộ 61m2, 104m2, 135m2 chung cư Iris Garden giá từ 4,5 tỷ 0973 563 ***","4,5 tỷ",61 m²,"73,77 tr/m²",2,2,"Cầu Diễn, Nam Từ Liêm","21.030875008144914, 105.76128510954882"
42252767,06/03/2025,Chính chủ cần tiền bán gấp studio Tòa A 28.6m2 Masteri West Heights giá: 2.050 tỷ bao phí,"2,05 tỷ","28,6 m²","71,68 tr/m²",N/A,N/A,"Tây Mỗ, Nam Từ Liêm","21.006420925156384, 105.73734671620396"
42160169,06/03/2025,Em có quỹ căn của tòa 'The Sola Park' giá rẻ chỉ từ 62tr/m của chủ đầu tư MIK tại Vinhome Smart,"3,8 tỷ",62 m²,"61,29 tr/m²",2,2,"Tây Mỗ, Nam Từ Liêm","21.008614210999095, 105.74382377502761"
40697192,06/03/2025,"Tổng hợp 69 căn chuyển nhượng giá rẻ tại The Canopy TC1, TC2, TC3 giá từ 1,8 tỷ - 4,2 tỷ","4,53 tỷ",73 m²,62 tr/m²,3,2,"Tây Mỗ, Nam Từ Liêm","21.0006259152627, 105.73997705352664"
40386522,06/03/2025,"GẤP GẤP SIÊU RẺ: 3.6 TỶ VỚI CĂN 2N - 2WC toà G1, 69M2, Vinhomes Green Bay!","3,6 tỷ","69,23 m²",52 tr/m²,2,2,"Mễ Trì, Nam Từ Liêm","20.9989585876465, 105.788032531738"
42351741,06/03/2025,"Bán CC view đẹp tại An Bình Plaza, 6,3 tỷ, 83m2, 3PN, 2WC","6,3 tỷ",83 m²,"75,9 tr/m²",3,2,"Mỹ Đình 2, Nam Từ Liêm","21.031614494442252, 105.77701116043123"
42167203,06/03/2025,"RẤT GẤP: Chính chủ bán 3PN - 2VS, 4 TỶ 650, view hồ tòa I2 Imperia, (CHỈ BÁN TRONG TUẦN)","4,65 tỷ","85,4 m²","54,45 tr/m²",3,2,"Tây Mỗ, Nam Từ Liêm","20.999133967351263, 105.73765213341798"
41594654,06/03/2025,"Siêu hot: 1PN + 46m2, 2 tỷ 480tr bao phí, tầng đẹp, full đồ hơn 250tr sẵn sổ (rẻ hơn tt 500tr)","2,48 tỷ",46 m²,"53,91 tr/m²",1,N/A,"Tây Mỗ, Nam Từ Liêm","21.0062160491943, 105.736473083496"
42349887,06/03/2025,Chỉ 2.7 tỷ căn 1PN +1 rẻ nhất thị trường Vinhomes Smart City. Liên hệ 0989 684 ***,"2,7 tỷ",43 m²,"62,79 tr/m²",1,1,"Tây Mỗ, Nam Từ Liêm","21.00523264670104, 105.738910673736"
42349806,06/03/2025,Chính chủ cần bán căn 76.1 m2 tòa i4 tầng 19 căn đẹp chính chủ cho thương lượng không qua môi giới,"5,3 tỷ",76 m²,"69,74 tr/m²",3,2,"Tây Mỗ, Nam Từ Liêm","21.00895407122798, 105.74482076623089"
40901016,06/03/2025,Danh sách căn hộ giá tốt trong tháng cần bán tại toà W1 W2 W3 Vinhomes West Point. LH 0352 939 ***,Giá thỏa thuận,137 m²,N/A,4,3,"Mễ Trì, Nam Từ Liêm","21.0118655413935, 105.786280573976"
42290825,06/03/2025,"Bán căn hộ chung cư Mỹ Đình I - Nam Từ Liêm, DT 120m2, 03PN, hướng mát, sẵn sổ, nhiều tiện ích","6,4 tỷ",120 m²,"53,33 tr/m²",3,2,"Cầu Diễn, Nam Từ Liêm","21.035439009379072, 105.76468491512632"
42349428,06/03/2025,"QUỸ CH bán gấp rẻ nhất dự án IMPERIA smart city : stu_ 1,66 tỷ, 1N_2,6 tỷ, 2N+_3,8 tỷ, 3N_4,7 tỷ.","3,5 tỷ",67 m²,"52,24 tr/m²",2,2,"Tây Mỗ, Nam Từ Liêm","20.99998012101907, 105.73820168778269"
42139885,06/03/2025,"Bán Quỹ 99 căn Masteri West Height Studio 2.2 tỷ, 1N + 3.1tỷ, 2N, 2N + 3.6tỷ, căn 3 ngủ chỉ 5tỷ","3,1 tỷ",48 m²,"64,58 tr/m²",1,1,"Tây Mỗ, Nam Từ Liêm","21.005834477516558, 105.73754383350482"
41778240,06/03/2025,"Bán 2 căn penthouse Keangnam Vina 408 m2 & 430,4m2 trần cao 5m 0974 681 ***",Giá thỏa thuận,"430,4 m²",N/A,4,4,"Mễ Trì, Nam Từ Liêm","21.016936307330898, 105.7834673169064"
42348441,06/03/2025,"Bán căn hộ chung cư hiếm tại Vinhomes Gardenia, 13 tỷ, 147m2, 4PN, 3WC, Cầu Diễn, Nam Từ Liêm",13 tỷ,147 m²,"88,44 tr/m²",4,3,"Cầu Diễn, Nam Từ Liêm","21.036541184071872, 105.76102264944838"
42275610,06/03/2025,BQL Iris Garden sẵn quỹ căn bán từ 2-3PN pháp lý rõ ràng giá đẹp chỉ từ 4tỷ5 ace quan tâm LH ngay,"4,5 tỷ",63 m²,"71,43 tr/m²",2,2,"Cầu Diễn, Nam Từ Liêm","21.03093727637077, 105.7609021173303"
37546705,06/03/2025,Bán căn hộ CC Vinhomes Skylake Phạm Hùng(căn góc 4N sáng ĐẲNG CẤP view trọn vẹn hồ) slot ô tô,17 tỷ,136 m²,125 tr/m²,N/A,N/A,"Mỹ Đình 1, Nam Từ Liêm","21.0201683044434, 105.780754089355"
42287502,06/03/2025,"Chính chủ cần bán gấp CH 1N1VS + 1, DT 46.5m2, full nội thất, sẵn sổ giá 2,6 tỷ. LH 0969 402 ***","2,6 tỷ","46,5 m²","55,91 tr/m²",1,1,"Tây Mỗ, Nam Từ Liêm","21.005471706689256, 105.73667583283012"
42347242,06/03/2025,Chính chủ bán căn 2811 tòa W3 chung cư West Point Phạm Hùng giá 9.7 tỷ,"9,7 tỷ",102 m²,"95,1 tr/m²",3,2,"Mễ Trì, Nam Từ Liêm","21.011873214009345, 105.78661157651206"
41294833,06/03/2025,"Tổng hợp quỹ căn Vinhomes West Point 1PN giá 3,4 tỷ, 2PN giá 5 tỷ, 3PN giá 6,9 tỷ, 4PN giá 8,8 tỷ",5 tỷ,70 m²,"71,43 tr/m²",2,2,"Mễ Trì, Nam Từ Liêm","21.0118827819824, 105.786445617676"
26370506,06/03/2025,"Chuyển nhượng căn hộ giá tốt còn lại tại Sudico DT: 57m2, 65m2, 85m2, 100m2, 105m2, 132m2, 207m2",Giá thỏa thuận,132 m²,N/A,4,3,"Mỹ Đình 1, Nam Từ Liêm","21.0174350738525, 105.780395507813"
41756242,06/03/2025,"Tổng hợp các căn hộ giá tốt, ko chào ảo tại CT8 The Emerald 76m2, 81m2, 89,5m2, 95m2, 104m2, 124m2","5,7 tỷ",81 m²,"70,37 tr/m²",2,2,"Mỹ Đình 1, Nam Từ Liêm","21.02195347092766, 105.77183712988096"
42342725,05/03/2025,"Chính chủ cần bán gấp căn góc 2PN tại Garden Hill, tầng trung, view đẹp","5,35 tỷ","78,4 m²","68,24 tr/m²",2,2,"Mỹ Đình 2, Nam Từ Liêm","21.031170285445, 105.777248865839"
42344094,05/03/2025,Cắt lỗ bán gấp căn: Studio - 1tỷ6 và 2PN - 3tỷ2/ 1PN - 2.5tỷ và 3PN - 4.8tỷ tại Imperia Smart,"3,8 tỷ",69 m²,"55,07 tr/m²",2,2,"Tây Mỗ, Nam Từ Liêm","20.99867126046484, 105.7385529278009"
42343893,05/03/2025,"Em Trường cư dân cập nhật Quỹ 80 căn hộ 2PN, 3PN, 4PN, tại CC The Emerald CT8. Giá từ 65tr/m2","5,26 tỷ",81 m²,65 tr/m²,2,2,"Mỹ Đình 1, Nam Từ Liêm","21.02245791954776, 105.77142615235974"
42343453,05/03/2025,"Bán CC FLC Complex Phạm Hùng, 7,4 tỷ, 98m2, 3PN, 2WC, pháp lý đầy đủ","7,4 tỷ",98 m²,"75,51 tr/m²",3,2,"Mỹ Đình 2, Nam Từ Liêm","21.0281552412227, 105.779260856911"
41573053,05/03/2025,"Duy nhất 01 căn studio, 1 tỷ 650 !!! DT: 33,9m2 đẹp nhất dự án, tầng trung tòa S4 khu Sapphire.","1,65 tỷ","33,9 m²","48,67 tr/m²",1,1,"Tây Mỗ, Nam Từ Liêm","21.0063386949769, 105.7358775612004"
42342932,05/03/2025,"Giá thật! Bán quỹ căn chung cư Hoàng Thành Pearl Nguyễn Văn Giáp, căn 2PN - 3PN LH: 0399 388 ***","5,8 tỷ",80 m²,"72,5 tr/m²",2,2,"Cầu Diễn, Nam Từ Liêm","21.040640378668932, 105.7609434071036"
41017112,05/03/2025,"Bán nhanh 2N 55m quốc dân Sola view công viên trung tâm siêu đẹp, full đồ, Vinhomes Smart City","4,08 tỷ",55 m²,"74,18 tr/m²",2,2,"Tây Mỗ, Nam Từ Liêm","21.008852005004883, 105.7439193725586"
41133324,05/03/2025,Chính chủ bán căn 1 + 43m2 tầng 26 S302 Vinhomes Smart City Tây Mỗ full đồ sẵn sổ. 2.5 tỷ bao phí,"2,5 tỷ",43 m²,"58,14 tr/m²",N/A,N/A,"Tây Mỗ, Nam Từ Liêm","21.006216049194336, 105.7364730834961"
41855973,05/03/2025,"Bán nhanh căn hộ 2 - 3 - 4PN CT8 The Emerald giá cực tốt, sổ đỏ có sẵn, cập nhật tháng 3/2025","5,8 tỷ",81 m²,"71,6 tr/m²",2,2,"Mỹ Đình 1, Nam Từ Liêm","21.0220817823593, 105.772489066021"
40313708,05/03/2025,Tổng hợp 150 căn hộ cần bán tại Mỹ Đình Pearl - 1PN 2PN 3PN 4PN xem nhà 24/7 Giá rẻ nhất thị trường,Giá thỏa thuận,79 m²,N/A,2,N/A,"Phú Đô, Nam Từ Liêm","21.0124320983887, 105.767395019531"
35940160,05/03/2025,"Em Đức môi giới chuyên Florence đang có quỹ 10 căn bán 2PN, 3Pn giá từ 5,5 tỷ-tốt nhất thị trường ạ",Giá thỏa thuận,75 m²,N/A,2,2,"Cầu Diễn, Nam Từ Liêm","21.0307312011719, 105.761329650879"
42340969,05/03/2025,Chính chủ bán căn 2PN + 64m2 tầng 2210 tòa S303 Vinhomes Smart City Tây Mỗ full. Giá: 3.6 tỷ,"3,6 tỷ",64 m²,"56,25 tr/m²",3,1,"Tây Mỗ, Nam Từ Liêm","21.005660641664242, 105.73716608107493"
42340771,05/03/2025,"Bán căn hộ chung cư cao cấp tại Lumiere EverGreen Smart City, 7,6 tỷ, 75,6 m2","7,6 tỷ","75,6 m²","100,53 tr/m²",2,2,"Tây Mỗ, Nam Từ Liêm","21.0060815827357, 105.736532828955"
42340386,05/03/2025,Quỹ chuyển nhượng cắt lỗ Masteri West Heights giá cập nhật tháng 03/2025 xem nhà 24/7 LH 0779 622 ***,"2,4 tỷ",30 m²,80 tr/m²,1,1,"Tây Mỗ, Nam Từ Liêm","21.0055859308613, 105.737538202023"
41572788,05/03/2025,Tôi chính chủ cần bán gấp trong tuần 2 căn: Studio sổ lâu dài và căn góc 2PN - 2VS tòa G3 Green Bay,Giá thỏa thuận,28 m²,N/A,1,1,"Mễ Trì, Nam Từ Liêm","20.9989585876465, 105.788032531738"
39635567,05/03/2025,"Tôi chính chủ cần bán gấp trong tuần 5 căn: Studio view hồ và căn ban công Tây Nam, Tây Bắc","1,6 tỷ",28 m²,"57,14 tr/m²",2,2,"Mễ Trì, Nam Từ Liêm","20.9989585876465, 105.788032531738"
42340194,05/03/2025,Chính chủ bán 16 căn: Studio - 1.25 tỷ; 2PN - 2.8 tỷ; 70m2 - 3.8 tỷ; 3PN - 5.85 tỷ. VH Green Bay,"4,2 tỷ",69 m²,"60,87 tr/m²",2,2,"Mễ Trì, Nam Từ Liêm","20.9989585876465, 105.788032531738"
42295278,05/03/2025,"Em Mỹ xin cập nhật quỹ CH Chuyển nhượng tại The Zei, 2PN - 3PN - Duplex. Cam kết báo chuẩn giá bán",9 tỷ,103 m²,"87,38 tr/m²",3,2,"Mỹ Đình 2, Nam Từ Liêm","21.035289399531933, 105.7699353207284"
42239992,05/03/2025,"Bán căn hộ Iris Gaden 30 Trần Hữu Dực, 2N2VS 60m2 và 3N2VS 135m2 giá 4,6 đến 8,2 tỷ xem nhà 24/24","4,6 tỷ",60 m²,"76,67 tr/m²",2,2,"Cầu Diễn, Nam Từ Liêm","21.03189155328761, 105.7608870307763"
42045144,05/03/2025,Trực tiếp ban quản lý toà nhà cập nhật quỹ căn mua bán chuyển nhượng chung cư Iris Gaden giá tốt,Giá thỏa thuận,135 m²,N/A,3,3,"Cầu Diễn, Nam Từ Liêm","21.0307661386171, 105.760101052347"
40723067,05/03/2025,"Duplex 4PN 3WC (186m2) quỹ căn 84m2, 89m2, 94m2, 104m2, 107m2, quỹ căn giá tốt nhất TT từ 7 tỷ",7 tỷ,94 m²,"74,47 tr/m²",3,2,"Mỹ Đình 2, Nam Từ Liêm","21.0344581604004, 105.769653320313"
42316423,05/03/2025,"Bán quỹ căn 2 - 3 phòng ngủ chung cư Florence Mỹ Đình, 28 Trần Hữu Dực, Mỹ Đình. LH: 0906 241 ***","6,7 tỷ","91,5 m²","73,22 tr/m²",3,2,"Cầu Diễn, Nam Từ Liêm","21.030830989046652, 105.76101761654594"
41971211,05/03/2025,"Quỹ căn hộ đầu tư hiếm có tại Vinhomes Smart City, giá chỉ từ 59 triệu/m2!","3,8 tỷ",61 m²,"62,3 tr/m²",2,2,"Tây Mỗ, Nam Từ Liêm","21.00877095229999, 105.74398276738444"
42246584,05/03/2025,"Bán Quỹ 99 căn The Canopy. Studio 2.100tỷ, 1N + 3.00tỷ, 2N, 2N + 3.600tỷ, căn 3 ngủ chỉ từ 5 tỷ",4 tỷ,66 m²,"60,61 tr/m²",2,2,"Tây Mỗ, Nam Từ Liêm","21.001072527263197, 105.73918186775322"
42333981,04/03/2025,Căn hộ 105m2 khu đô thị Mỹ Đình 1 Bộ Quốc Phòng giá 5.65 tỷ,"5,65 tỷ",105 m²,"53,81 tr/m²",3,2,"Cầu Diễn, Nam Từ Liêm","21.0344211406834, 105.76369005469222"
42312222,04/03/2025,"Bán CC 2PN, 67m2, 5 tỷ ở Mon City - Hải Đăng City, Hà Nội, vị trí trung tâm giá siêu hời",5 tỷ,67 m²,"74,63 tr/m²",2,2,"Mỹ Đình 2, Nam Từ Liêm","21.0356896210557, 105.767369121283"
42277266,04/03/2025,"Chính chủ cần bán gấp căn hộ 2PN + , diện tích 62,3m2 tòa Masteri West Heights giá 4,5 tỷ","4,5 tỷ","62,3 m²","72,23 tr/m²",2,2,"Tây Mỗ, Nam Từ Liêm","21.00663036001132, 105.73634553499178"
42332666,04/03/2025,"Chính chủ cần bán căn studio tòa I2, DT 31,9m2 hướng TN, NT full đẹp. Giá 1,8 tỷ nét","1,8 tỷ","31,9 m²","56,43 tr/m²",N/A,N/A,"Tây Mỗ, Nam Từ Liêm","20.999356974606542, 105.7379685287287"
42332642,04/03/2025,"Chính chủ cần tiền gấp bán nhanh căn 3PN 74,9m2 giá 4,25 tỷ Vinhome Smart City. L/H: 0975 982 ***","4,25 tỷ","74,9 m²","56,74 tr/m²",3,2,"Tây Mỗ, Nam Từ Liêm","21.00664997656732, 105.73654511916"
41628169,04/03/2025,"Chuyên mua bán căn hộ cc Golden Palace 87m2, 94m2, 105m2, 118m2, 128m2, 141m2, 162m2 giá từ 60tr/m2","6,7 tỷ",118 m²,"56,78 tr/m²",3,2,"Mễ Trì, Nam Từ Liêm","21.01193618774414, 105.77499389648438"
42332549,04/03/2025,"Bán gấp căn hộ 3N 2VS tòa Tonkin 1, diện tích 82m2, Vinhomes Smart City","5,55 tỷ",82 m²,"67,68 tr/m²",3,2,"Tây Mỗ, Nam Từ Liêm","21.005429440627136, 105.73858722266229"
40185099,04/03/2025,"2N2WC TK2 59,5m2 TT 66.1m2, giá 4.2 tỷ full nội thất tầng trung view bể bơi, có slot ô tô","4,2 tỷ","59,5 m²","70,59 tr/m²",3,N/A,"Tây Mỗ, Nam Từ Liêm","21.004996365795634, 105.73874632416562"
42332271,04/03/2025,"Bán CC FLC Green Apartment, Phạm Hùng, 3,599 tỷ, 60m2, 2PN, 2WC tại Nam Từ Liêm, HN","3,6 tỷ",60 m²,"59,98 tr/m²",2,2,"Mỹ Đình 2, Nam Từ Liêm","21.030219478935454, 105.77900094475633"
41442114,04/03/2025,"Chính chủ bán gấp: 2PN + 1 Vinhomes Smart City diện tích 63,2m2 giá 3,950 tỷ","3,95 tỷ","63,2 m²","62,5 tr/m²",2,2,"Tây Mỗ, Nam Từ Liêm","21.00643256818, 105.74501485115809"
42332159,04/03/2025,Bán căn hộ 3Pn2WC 82m2 giá 6. X tỷ view hồ Masteri West Heights. LH 0984 576 ***,"6,35 tỷ",82 m²,"77,44 tr/m²",3,2,"Tây Mỗ, Nam Từ Liêm","21.00571213234498, 105.73737187135937"
40400712,04/03/2025,"Em bán quỹ căn đầy đủ nhất chung cư Florence - 2PN - 3PN, với giá tốt nhất thị trường T2/2025",Giá thỏa thuận,"124,3 m²",N/A,3,2,"Cầu Diễn, Nam Từ Liêm","21.0303357042771, 105.761271127293"
39316884,04/03/2025,"Độc quyền bán căn 2pn Ecolife hàng hiếm giá 5, x tỷ nhỏ - 0981 960 ***",Giá thỏa thuận,78 m²,N/A,2,2,"Trung Văn, Nam Từ Liêm","20.9945335388184, 105.789390563965"
30285459,04/03/2025,"Chuyên bán chuyển nhượng các căn hộ 2PN, 3PN, 4PN tại Golden Palace Mễ Trì, giá bán từ 53.5tr/m2","6,5 tỷ",118 m²,"55,08 tr/m²",3,2,"Mễ Trì, Nam Từ Liêm","21.0125938524669, 105.774935049775"
42330822,04/03/2025,BQL Vinhomes Green Bay Mễ Trì cập nhật quỹ căn: Studio; 2N1VS; 2N2VS; 3N2VS; 4N3VS,"3,5 tỷ",63 m²,"55,56 tr/m²",2,2,"Mễ Trì, Nam Từ Liêm","20.99939074116867, 105.78799645567211"
42330818,04/03/2025,Tổng hợp quỹ căn 2 - 3PN giá chỉ từ 5 tỷ 9 tại dự án Hoàng Thành Pearl. LH : 0977 986 ***,"5,9 tỷ",80 m²,"73,75 tr/m²",2,2,"Cầu Diễn, Nam Từ Liêm","21.04009157531231, 105.76125549198188"
42330643,04/03/2025,Em Đức. Cập nhật quỹ căn hộ (T12 - 2025) 2PN - 3PN từ cơ bản đến full đồ dự án Hoàng Thành Pearl,"6,05 tỷ",80 m²,"75,62 tr/m²",2,2,"Cầu Diễn, Nam Từ Liêm","21.039974031999403, 105.76183697988512"
42009563,04/03/2025,Bán căn hộ 3 ngủ CC Mỹ Đình Pearl diện tích 100m2 tầng trung view hồ giá 8 tỷ. Liên hệ: 0333 980 ***,8 tỷ,94 m²,"85,11 tr/m²",3,2,"Phú Đô, Nam Từ Liêm","21.01234963072097, 105.76736505728242"
42330458,04/03/2025,"Tổng hợp quỹ căn đa dạng. Giá cả hợp lý, pháp lý rõ ràng",4 tỷ,64 m²,"62,5 tr/m²",2,2,"Tây Mỗ, Nam Từ Liêm","21.00058065251576, 105.73951729186142"
41516026,04/03/2025,"Chính chủ bán gấp: Căn 2PN, 56m2, 2.55 tỷ và Studio 1 tỷ 350tr, 28m2 Vinhomes Green Bay, 0963 081 ***",Giá thỏa thuận,56 m²,N/A,2,1,"Mễ Trì, Nam Từ Liêm","20.998894962372344, 105.78757336593776"
41723806,04/03/2025,"Chính chủ cần bán gấp giá cắt lỗ căn 2PN2VS diện tích 63m2 tại Vinhomes Green Bay giá 3,6 tỷ","3,6 tỷ",63 m²,"57,14 tr/m²",2,2,"Mễ Trì, Nam Từ Liêm","20.99893185284047, 105.78801621539036"
42176192,04/03/2025,Tổng hợp quỹ căn 2PN và 3PN chính chủ giá cắt lỗ tốt nhất tại Vinhomes Green Bay,"5,8 tỷ",86 m²,"67,44 tr/m²",3,2,"Mễ Trì, Nam Từ Liêm","20.9992589796583, 105.787641157502"
42329496,04/03/2025,"Bán căn 2 ngủ 86,5m2 tòa TW Đảng thuộc KĐT Xuân Phương Residence giá 4,3 tỷ rẻ nhất khu","4,3 tỷ","86,5 m²","49,71 tr/m²",2,2,"Phương Canh, Nam Từ Liêm","21.0320578669161, 105.754268336631"
42329203,04/03/2025,"Bán căn 2 ngủ 86,5m2 tòa trung ương Đàng",Giá thỏa thuận,"86,5 m²",N/A,2,2,"Phương Canh, Nam Từ Liêm","21.032743387218368, 105.75370505106822"
25657776,04/03/2025,Tổng hợp full quỹ căn 2 phòng ngủ Vinhomes Skylake cần bán giá tốt nhất. LH 0976 069 ***,Giá thỏa thuận,70 m²,N/A,2,2,"Mỹ Đình 1, Nam Từ Liêm","21.0201683044434, 105.780754089355"
42327218,04/03/2025,Căn hộ 80m2 khu đô thị Mỹ Đình 1 bộ quốc phòng,"4,9 tỷ",80 m²,"61,25 tr/m²",3,2,"Cầu Diễn, Nam Từ Liêm","21.0353202272785, 105.76470171099"
40891390,04/03/2025,"Vinhomes Skylake chính chủ chuyển công tác gửi bán 3PN 2VS 100m2 giá 8,9tỷ.Giá tốt nhất thị trường","8,9 tỷ",100 m²,89 tr/m²,3,2,"Mỹ Đình 1, Nam Từ Liêm","21.019529387059453, 105.78111613846266"
42326455,04/03/2025,"Cung cấp quỹ căn giá rẻ nhất Hoàng Thành Pearl, Nguyễn Văn Giáp, từ 2PN-3PN. Giao dịch chính chủ","5,8 tỷ",81 m²,"71,6 tr/m²",2,2,"Cầu Diễn, Nam Từ Liêm","21.040472201971838, 105.76138148236022"
42326158,04/03/2025,"Tổng hợp 60 căn chuyển nhượng giá rẻ tại The Canopy TC1, TC2, TC3 giá từ 1,8 tỷ - 4,5 tỷ","4,5 tỷ",65 m²,"69,23 tr/m²",2,2,"Tây Mỗ, Nam Từ Liêm","21.000107597854207, 105.7387094723954"
38526412,04/03/2025,BQL dự án gửi bán quỹ căn Roman Plaza tháng 03/2025 từ 2-3-4PN (không báo giá ảo) mất TG quý khách,"7,2 tỷ",104 m²,"69,23 tr/m²",3,3,"Đại Mỗ, Nam Từ Liêm","20.984112986089855, 105.77677059326795"
42232949,04/03/2025,"Cần bán chung cư Vinhomes Gardenia HÀM NGHI, 9,7 tỷ, 106m2, 3PN, 2WC, Full nội thất. LH 0966 965 ***","9,7 tỷ",106 m²,"91,51 tr/m²",3,2,"Cầu Diễn, Nam Từ Liêm","21.036388899877558, 105.76018351093828"
42232814,04/03/2025,"Bán CC 89m2, 2PN, 2WC giá cực chất 8,15 tỷ tại THE ZEI MỸ ĐÌNH, Nam Từ Liêm, Hà Nội.LH 0966 965 ***","8,15 tỷ",89 m²,"91,57 tr/m²",2,2,"Mỹ Đình 2, Nam Từ Liêm","21.034264239673846, 105.77040885261415"
41711796,04/03/2025,"Bán quỹ CH rẻ nhất thị trường DT 133-152-164-191_198m2 Dolphin Plaza, Phố Trần Bình LH: 0906 241 ***",10 tỷ,191 m²,"52,36 tr/m²",3,2,"Mỹ Đình 2, Nam Từ Liêm","21.0300445556641, 105.776626586914"
41141036,04/03/2025,Tổng hợp quỹ căn chuyển nhượng Lumi HaNoi GD1 - 2 giá chỉ từ 3 tỷ,3 tỷ,"42,2 m²","71,09 tr/m²",1,1,"Tây Mỗ, Nam Từ Liêm","21.0115852355957, 105.73583984375"
39487933,04/03/2025,"Chính chủ bán căn hộ tại Florence CH 2PN sẵn sổ sẵn slot ô tô giá 5,7tỷ xem nhà 24/7 LH ngay e Hiếu","5,7 tỷ",77 m²,"74,03 tr/m²",2,2,"Cầu Diễn, Nam Từ Liêm","21.030241690725227, 105.76102881119242"
41867125,03/03/2025,"Chính chủ bán căn góc hoa hậu Lumiere Ever Green 178m2 đập thông, view bể bơi siêu vip",16 tỷ,179 m²,"89,38 tr/m²",5,5,"Tây Mỗ, Nam Từ Liêm","21.00618181172671, 105.73643431690076"
42322152,03/03/2025,Bán chung cư Intracom Trung Văn - 100m2 3N 2VS - nhà dân ở - nội thất đẹp chất - giá 5.65 tỷ,"5,65 tỷ",100 m²,"56,5 tr/m²",3,2,"Trung Văn, Nam Từ Liêm","20.991125370803772, 105.7873128632648"
42322117,03/03/2025,"Tổng hợp 15 căn hộ Mon City chính chủ gửi bán, từ 02PN đến 03PN, 54m2 đến 86m2. Giá cực tốt","5,1 tỷ",67 m²,"76,12 tr/m²",2,2,"Mỹ Đình 2, Nam Từ Liêm","21.0358649653127, 105.767193995651"
42321475,03/03/2025,"Bán căn 2 ngủ 76m2 tòa Roman Plaza, nội thất mới đẹp có slot, sổ đỏ CC - 4,8 tỷ bao phí. 0986 787 ***","4,8 tỷ",76 m²,"63,16 tr/m²",2,2,"Đại Mỗ, Nam Từ Liêm","20.98426974211681, 105.77587826611303"
41526146,03/03/2025,Chính chủ gửi bán căn hộ 3N tòa G2 - Tại Vinhomes Green Bay Mễ Trì 0974 046 ***,"6,5 tỷ","92,81 m²","70,04 tr/m²",3,2,"Mễ Trì, Nam Từ Liêm","20.998958587646484, 105.78803253173828"
42321456,03/03/2025,"Bán căn hộ The Victoria (69,6m2) 3PN, 2WC tại Vinhome Smart City","4,82 tỷ","69,6 m²","69,24 tr/m²",3,2,"Tây Mỗ, Nam Từ Liêm","21.008421838430692, 105.74450649336531"
40679596,03/03/2025,"Bán căn Dolphin Plaza 198m2 4PN tầng 20 giá 10,5tỷ","10,5 tỷ",198 m²,"53,03 tr/m²",4,2,"Mỹ Đình 2, Nam Từ Liêm","21.029611488815323, 105.7766772453495"
42182067,03/03/2025,"Chính chủ cần bán gấp 2 căn hộ Studio và 2PN+1 tại toà B Masteri West Heights, Smart City",Giá thỏa thuận,"28,6 m²",N/A,1,1,"Tây Mỗ, Nam Từ Liêm","21.0059440729929, 105.737375549149"
42024024,03/03/2025,"Tổng hợp quỹ căn hộ chính chủ tin tưởng gửi bán tại Vinhomes WestPoint, Cam kết giá tốt nhất","4,6 tỷ",60 m²,"76,67 tr/m²",2,2,"Mễ Trì, Nam Từ Liêm","21.011225295019784, 105.78587076825062"
42319057,03/03/2025,"Bán căn 2 ngủ trục 05 toà S2 Vinhomes Skylake, view toàn bộ hồ. DT 81m giá bán 8,2 tỷ bao hết phí","8,2 tỷ",81 m²,"101,24 tr/m²",2,2,"Mỹ Đình 1, Nam Từ Liêm","21.02008794595044, 105.77999236887632"
42298168,03/03/2025,"Quỹ căn giá tốt 2,3,4N, sẵn sổ tại CCCC Iris Garden, 30 Trần Hữu Dực Mỹ Đình T3/2025. LH 0968 748 ***","7,8 tỷ",135 m²,"57,78 tr/m²",3,2,"Cầu Diễn, Nam Từ Liêm","21.0319174803671, 105.760658365637"
41817657,03/03/2025,The Matrix One chính chủ chuyển công tác bán gấp 3PN2VS 120m2 giá 11 tỷ. Giá tốt nhất thị trường,11 tỷ,120 m²,"91,67 tr/m²",3,2,"Mễ Trì, Nam Từ Liêm","21.009931343926766, 105.77424557931616"
42317196,03/03/2025,Bán căn hộ chung cư 2PN 2WC 66m2 giá 4. X tỷ The Tonkin Smart City. Lh 0984 576 ***,"4,9 tỷ",66 m²,"74,24 tr/m²",2,2,"Tây Mỗ, Nam Từ Liêm","21.004944609761736, 105.73857357603748"
42317005,03/03/2025,"Chính chủ cần tiền bán gấp quỹ căn I1, I2, I3, I4, I5 có giảm nếu khách thiện chí, Có hỗ trợ vay","2,9 tỷ",43 m²,"67,44 tr/m²",2,1,"Tây Mỗ, Nam Từ Liêm","20.99960587183953, 105.73830030270216"
42315937,03/03/2025,Độc quyền danh sách căn hộ chuyển nhượng Vinhomes Gardenia loại 1-2-3-4 PN & Duplex giá tốt,4 tỷ,80 m²,50 tr/m²,2,2,"Cầu Diễn, Nam Từ Liêm","21.0366159222182, 105.760670445983"
42316910,03/03/2025,Em Thủy có căn 67m2 căn góc ban công Đông Nam cần bán giá 5 tỷ LH 0911 120 *** - E Thủy BĐS giá thật,5 tỷ,67 m²,"74,63 tr/m²",2,2,"Mỹ Đình 2, Nam Từ Liêm","21.035109430861812, 105.7673800401365"
42316608,03/03/2025,"Em Tuấn cư dân Matrix One quỹ căn: Bán, cho thuê 2PN, 3PN, Dual Key. Cam kết giá tốt nhất",Giá thỏa thuận,88 m²,N/A,2,N/A,"Mễ Trì, Nam Từ Liêm","21.00894078187426, 105.77404095560645"
42312202,03/03/2025,"Chính chủ mình cần bán căn 2PN+1, tầng trung, view đẹp hướng Đông, 103m2 nhỉnh 7 tỷ có thương lượng","7,3 tỷ","103,4 m²","70,6 tr/m²",3,2,"Mỹ Đình 2, Nam Từ Liêm","21.018916761238, 105.781122355669"
42312147,03/03/2025,"Bán CC Florence Mỹ Đình, giá siêu hời 5,8 tỷ, 80,3m2, 2PN, 2WC, view đẹp","5,8 tỷ","80,3 m²","72,23 tr/m²",2,2,"Cầu Diễn, Nam Từ Liêm","21.03017716009173, 105.76107872450471"
42316223,03/03/2025,"Chính chủ cần bán CH FLC 36 Phạm Hùng, Mỹ Đình - Diện tích: 60m2, 2PN, 1VS giá 4.2 tỷ","4,2 tỷ",60 m²,70 tr/m²,2,1,"Mỹ Đình 2, Nam Từ Liêm","21.027514327091424, 105.77939195240373"
42285877,03/03/2025,"Chủ nhà rất nhiệt tình bán 2 căn hộ 82m2 và 96m2 tòa CT8 The Emerald, giá tốt. Lh: 0986 787 ***",7 tỷ,96 m²,"72,92 tr/m²",3,2,"Mỹ Đình 1, Nam Từ Liêm","21.022153588847978, 105.77182945730706"
42315608,03/03/2025,"Bán CHCC 2PN, 3PN Chung cư iris Garden - 30 Trần Hữu Dực, liên hệ chính chủ 0989 324 *** Em Châu","4,5 tỷ","61,7 m²","72,93 tr/m²",2,2,"Cầu Diễn, Nam Từ Liêm","21.03115431650709, 105.7598586486244"
42314712,03/03/2025,"Chúng cư mini tầm tiền hiếm. Chỉ 1tỷ có ngày căn cc gần phố, tháng máy",1 tỷ,35 m²,"28,57 tr/m²",1,1,"Trung Văn, Nam Từ Liêm","20.9965089302792, 105.770670570057"
42314564,03/03/2025,Độc quyền quỹ căn The Matrix One 2 - chiết khấu khủng. Booking sớm nhận ngay chiết khấu hấp dẫn,Giá thỏa thuận,86 m²,N/A,2,2,"Mễ Trì, Nam Từ Liêm","21.00938538498152, 105.77382713940042"
40594441,03/03/2025,Tổng hợp quỹ căn đầy đủ nhất chung cư The Zei - 2PN - 3PN - Duplex (186m2) giá tốt nhất T3/2025,Giá thỏa thuận,106 m²,N/A,3,2,"Mỹ Đình 2, Nam Từ Liêm","21.0344581604004, 105.769653320313"
36326943,03/03/2025,"Danh sách căn hộ 2N, 3N, 4N Golden Palace Mễ Trì chính chủ từ ban quản lý chung cư. LH 0985 814 ***",Giá thỏa thuận,85 m²,N/A,2,2,"Mễ Trì, Nam Từ Liêm","21.01236700645596, 105.77496400547335"
30821374,03/03/2025,"Cập nhật hàng ngày các căn hộ được gửi bán tại khu Sudico Sông Đà, làm việc chính chủ","5,5 tỷ",105 m²,"52,38 tr/m²",3,2,"Mỹ Đình 1, Nam Từ Liêm","21.017962727024674, 105.78005988594856"
42312200,02/03/2025,"Chính chủ bán cắt lỗ lấy tiền trả ngân hàng 4 tỷ, 2 ngủ 2 wc LH 0977 146 ***",4 tỷ,65 m²,"61,54 tr/m²",2,2,"Cầu Diễn, Nam Từ Liêm","21.03137014574158, 105.76006070774861"
40933629,02/03/2025,"Gấp - GĐ tôi cần bán căn hộ 3 ngủ 75.5m2 SA3 hướng mát, full nội thất cao cấp, về ở luôn","5,4 tỷ","75,5 m²","71,52 tr/m²",3,2,"Tây Mỗ, Nam Từ Liêm","21.0052261352539, 105.738914489746"
42192146,02/03/2025,"Gia đình cần bán căn hộ chung cư Iris Garden Mỹ Đình, 3n, 2vs, full nội thất cao cấp mới đẹp","8,15 tỷ",135 m²,"60,37 tr/m²",3,2,"Cầu Diễn, Nam Từ Liêm","21.0311622619629, 105.760414123535"
42311171,02/03/2025,Chính chủ bán căn chung cư B6 Nguyễn Cơ Thạch,"7,2 tỷ",120 m²,60 tr/m²,3,3,"Cầu Diễn, Nam Từ Liêm","21.034969183208773, 105.76481214277948"
42309920,02/03/2025,"Cập nhật quỹ căn 2PN - 3PN chung cư Florence đa dạng diện tích, cam kết giá tốt nhất","6,75 tỷ","91,5 m²","73,77 tr/m²",3,2,"Cầu Diễn, Nam Từ Liêm","21.030909093281263, 105.76103033336409"
40494559,01/03/2025,"Bán căn hộ chung cư Mỹ Đình 35m2, 55m2 giá từ 950tr/căn, ô tô đỗ cửa, sổ đỏ chính chủ","1,1 tỷ",52 m²,"21,15 tr/m²",2,1,"Mỹ Đình 1, Nam Từ Liêm","21.023768847153, 105.773964796368"
40480014,01/03/2025,Bán gấp căn hộ chung cư Mễ Trì Hạ - đối diện Keangnam 37m2 1 ngủ giá 1.080tỷ. Sổ đỏ trao tay,"1,08 tỷ",37 m²,"29,19 tr/m²",1,1,"Mễ Trì, Nam Từ Liêm","21.0136915, 105.7815476"
39943885,01/03/2025,Em Hà cư dân dự án 0963 477 *** - Tổng hợp quỹ căn chuyển nhượng tại The Matrix One,Giá thỏa thuận,88 m²,N/A,2,2,"Mễ Trì, Nam Từ Liêm","21.00993295166011, 105.77383016826317"
42258959,01/03/2025,"Độc quyền quỹ căn giá tốt chung cư Hoàng Thành Pearl, 2PN-80m2, 3PN-108m2, 114m2. LH 0937 466 ***","5,6 tỷ",80 m²,70 tr/m²,2,2,"Cầu Diễn, Nam Từ Liêm","21.04073522979091, 105.76133463514734"
42301394,01/03/2025,"Bán gấp căn 2PN, 2WC The Canopy Residence, diện tích sử dụng 65.2m2 (tòa duy nhất có 2 hầm để xe)","4,7 tỷ","65,2 m²","72,09 tr/m²",2,2,"Tây Mỗ, Nam Từ Liêm","21.00130212638465, 105.73983540775612"
41345084,01/03/2025,Cần bán CC phân khu Canopy Vinhomes Smart City TC2 tầng 2914 loại căn hộ 2 + 1 PN. 2 hầm để xe,"5,25 tỷ",73 m²,"71,92 tr/m²",2,2,"Tây Mỗ, Nam Từ Liêm","21.001610661813856, 105.7387749480309"
42305981,01/03/2025,"Tổng hợp quỹ căn hộ 2PN + 3PN diện tích 61m2, 104m2, 135m2 và duplex 185m2 Em Thủy BĐS giá thật!","4,65 tỷ",61 m²,"76,23 tr/m²",2,2,"Cầu Diễn, Nam Từ Liêm","21.030891712845634, 105.76109605821414"
42305555,01/03/2025,Em Quân cập nhật quỹ căn hộ (T3-2025) 2PN- 3PN- Duplex từ cơ bản đến full đồ dự án The Zei Mỹ Đình.,"8,9 tỷ",108 m²,"82,41 tr/m²",3,2,"Mỹ Đình 2, Nam Từ Liêm","21.0338870681087, 105.770216285456"
42305399,01/03/2025,"Quỹ 39 căn hộ 2PN, 3PN, 4PN, penthouse, được chủ nhà gửi bán tại CC Mỹ Đình Pearl. Giá từ 60tr/m2",Giá thỏa thuận,73 m²,N/A,2,2,"Phú Đô, Nam Từ Liêm","21.0122006477442, 105.767433276637"
42303755,01/03/2025,"Bán Quỹ căn hộ DT từ 61,5m2 - 67m2 - 83m2 dự án Mon City - Hải Đăng City Giá rẻ LH: 0906 241 ***",Giá thỏa thuận,67 m²,N/A,2,2,"Mỹ Đình 2, Nam Từ Liêm","21.035189908538662, 105.76733000756354"
42303745,01/03/2025,"Chính chủ gửi bán gấp CH 3PN - 2WC tại CC Imperia Smart City, DT 85m2, giá 5 tỷ. LH 0971 034 ***",5 tỷ,85 m²,"58,82 tr/m²",3,2,"Tây Mỗ, Nam Từ Liêm","20.999548627461134, 105.73776432655453"
42303616,01/03/2025,Tổng hợp các quỹ căn 2PN-3PN-Duplex/Penthouse tại Dự án The Zei Plaza. LH 0397 942 *** ( em Hiếu ),"7,4 tỷ",89 m²,"83,15 tr/m²",2,2,"Mỹ Đình 2, Nam Từ Liêm","21.034392524549, 105.769672708709"
42038345,01/03/2025,Tôi cần bán Chung cư Mỹ Đình Plaza DT 73.5m2 nhỉnh 4 tỷ - gần BXe Mỹ Đình.sẵn Sổ Đỏ Full đồ.,Giá thỏa thuận,"73,5 m²",N/A,2,2,"Cầu Diễn, Nam Từ Liêm","21.02954797552279, 105.77714710371225"
38771126,01/03/2025,"Chủ nhà gửi bán quỹ căn tại HD Mon căn 2PN 54, 61, 67m2. 3PN 86m2 giá từ 4,3 tỷ/căn. LH 0981 045 ***","4,3 tỷ",61 m²,"70,49 tr/m²",2,2,"Mỹ Đình 2, Nam Từ Liêm","21.035120010376, 105.767433166504"
42302958,01/03/2025,Tổng hợp quỹ căn 2 - 3PN giá chỉ từ 4 tỷ 2 tại dự án Iris Garden. LH 0397 942 ***,"4,2 tỷ",62 m²,"67,74 tr/m²",2,2,"Cầu Diễn, Nam Từ Liêm","21.03148595301183, 105.7610019177856"
42302562,01/03/2025,Tổng hợp quỹ căn 2 - 3PN giá chỉ từ 5 tỷ 9 tại dự án Hoàng Thành Pearl. LH 0397 942 *** (e Hiếu),"5,9 tỷ",80 m²,"73,75 tr/m²",2,2,"Cầu Diễn, Nam Từ Liêm","21.04037636308786, 105.76153110948336"
42301669,01/03/2025,"Bán căn hộ 3PN, 133.3m2 tại Vinhomes Skylake, giá cực chất 17,2 tỷ VND","17,2 tỷ","133,3 m²","129,03 tr/m²",3,2,"Mỹ Đình 1, Nam Từ Liêm","21.0201396823614, 105.780979130848"
42301195,28/02/2025,SOS bán căn 3N hot nhất toà TC3 The Canopy tháng 7/2025 nhận nhà. Giá rẻ nhất,"6,2 tỷ",84 m²,"73,81 tr/m²",3,2,"Tây Mỗ, Nam Từ Liêm","21.0010219902689, 105.738975505339"
42300649,28/02/2025,Bán căn hộ cao cấp 3N 2WC tầng trung phân khu TK giá siêu tốt,6 tỷ,87 m²,69 tr/m²,3,2,"Tây Mỗ, Nam Từ Liêm","21.00486022796111, 105.7389562056347"
39244311,28/02/2025,Em Ánh cư dân Dolphin Plaza chính chủ gửi bán quỹ căn hộ độc quyền giá tốt từ cơ bản đến đủ đồ,"7,8 tỷ",138 m²,"56,52 tr/m²",3,2,"Mỹ Đình 2, Nam Từ Liêm","21.0300445556641, 105.776626586914"
42299662,28/02/2025,"Chính chủ bán CH 2509, tầng 25. DT 45,41m2, tòa FLC Green Apartment, 18A Phạm Hùng, B. Xe Mỹ Đình","2,64 tỷ","45,41 m²","58,14 tr/m²",2,2,"Mỹ Đình 2, Nam Từ Liêm","21.0294595352026, 105.77830873336"
42299114,28/02/2025,"Định cư nước ngoài bán gấp căn góc 2N + 63,7m2 giá siêu rẻ Vinhomes Smartcity","3,7 tỷ","63,7 m²","58,08 tr/m²",2,2,"Tây Mỗ, Nam Từ Liêm","21.008536892506505, 105.74367984362537"
42195604,28/02/2025,"Em Huê cư dân cập nhật quỹ căn giá tốt tháng 2, giá 2PN - 5.8tỷ; 3PN giá từ 6.8tỷ; 4PN giá từ 9,1tỷ","5,8 tỷ",81 m²,"71,6 tr/m²",2,N/A,"Mỹ Đình 1, Nam Từ Liêm","21.02253600398396, 105.77211655676535"
42297346,28/02/2025,Cập nhật quỹ căn 2 ngủ - 3 ngủ Roman Plaza các căn chủ nhà bán giá rẻ nhất,"6,8 tỷ",103 m²,"66,02 tr/m²",2,2,"Đại Mỗ, Nam Từ Liêm","20.984771593166368, 105.7770039533925"
42290500,28/02/2025,"Bán quỹ căn Hoàng Thành Pearl 2, 3PN DT từ 80m2, 108, 114m2 giá rẻ nhất thị trường. LH: 0968 748 ***",Giá thỏa thuận,80 m²,N/A,2,2,"Cầu Diễn, Nam Từ Liêm","21.040249277181417, 105.76059568014117"
41598459,28/02/2025,"Cần giao dịch nhanh căn studio tòa GS3 - DT 30,6m2, giá 1 tỷ 800tr bao phí(giá chuẩn)","1,8 tỷ","30,6 m²","58,82 tr/m²",1,1,"Tây Mỗ, Nam Từ Liêm","21.006574630737305, 105.74504852294922"
42263709,28/02/2025,Chính chủ bán căn hộ chung cư Tây Hà Tower,"6,9 tỷ",132 m²,"52,27 tr/m²",3,2,"Trung Văn, Nam Từ Liêm","20.9962211508999, 105.793470283303"
42295743,28/02/2025,"Bán căn hộ chung cư tại Florence Mỹ Đình, 91.5m2, 3PN, 2WC, đầy đủ nội thất. LH 0357 536 ***",Giá thỏa thuận,"91,5 m²",N/A,3,2,"Cầu Diễn, Nam Từ Liêm","21.030793689264872, 105.76058951608029"
42295594,28/02/2025,"Chính chủ muốn bán 2N Roman Plaza Tố Hữu, Đại Mỗ, Nam Từ Liêm 5,1 tỷ, 78m2, view đẹp, giá tốt nhất","5,1 tỷ",78 m²,"65,39 tr/m²",2,2,"Đại Mỗ, Nam Từ Liêm","20.984341698249448, 105.77664284357232"
42295213,28/02/2025,"Nhà em bán CC 135m2,3PN, 2WC 8 tỷ tại Iris Garden, Cầu Diễn, Nam Từ Liêm, HN - 058332222 em Thảo",8 tỷ,135 m²,"59,26 tr/m²",3,2,"Cầu Diễn, Nam Từ Liêm","21.031245588168883, 105.76073103124936"
42291824,28/02/2025,"Bán căn 2N2 + TC1 - The Canopy Residences, DT 75m2, T7/2025 nhận nhà, giá 4.7 tỷ. LH 0843 769 ***","4,7 tỷ",75 m²,"62,67 tr/m²",2,2,"Tây Mỗ, Nam Từ Liêm","21.000939162591944, 105.73917596404473"
42291508,28/02/2025,Chủ nhà gửi bán căn hộ hoa hậu 137m2 4 ngủ 3WC Vinhomes Gardenia căn góc hướng mát xem nhà 24/7,"11,9 tỷ",137 m²,"86,86 tr/m²",4,3,"Cầu Diễn, Nam Từ Liêm","21.0362925827159, 105.76065086393793"
42082492,28/02/2025,Em mạnh cập nhật quỹ thông tin quỹ căn hộ độc quyền tại Dolphin Plaza - 28 Trần Bình LH 0946 827 ***,Giá thỏa thuận,191 m²,N/A,3,3,"Mỹ Đình 2, Nam Từ Liêm","21.0297578773244, 105.777434531776"
39148650,28/02/2025,Chính chủ cần bán căn 2N + 2VS chung cư Mỹ Đình Pearl giá tốt LH em 0976 647 ***,"6,1 tỷ",74 m²,"82,43 tr/m²",2,2,"Phú Đô, Nam Từ Liêm","21.0124320983887, 105.767395019531"
40674803,27/02/2025,Quỹ căn chuyển nhượng 1PN-2PN-3PN-4PN Mỹ Đình Pearl - Cam kết đăng chuẩn giá - LH: 0966 874 ***,"6,2 tỷ",73 m²,"84,93 tr/m²",2,2,"Phú Đô, Nam Từ Liêm","21.013034985425353, 105.76738585141236"
42280808,27/02/2025,Chính chủ bán Căn 1N+ toà S202 nội thất đẹp tầng trung giá tốt tại Vinhomes Smart City,"3,06 tỷ",43 m²,"71,16 tr/m²",1,1,"Tây Mỗ, Nam Từ Liêm","21.006534445386777, 105.7361999175025"
42281945,27/02/2025,Chính chủ bán bán căn 3N 2N 76m2 thông thủy nội thất đẹp giá tốt tại tòa S2,"4,59 tỷ",76 m²,"60,33 tr/m²",3,2,"Tây Mỗ, Nam Từ Liêm","21.0060170907255, 105.73619158096642"
42276630,26/02/2025,"Mình chính chủ cần bán cắt lỗ căn 3PN-2W 82m2 Imperia,Đã Full NT Giá nhỉnh 5 tỷ LH:0984 280 *** MrNam",5 tỷ,82 m²,"60,98 tr/m²",3,2,"Tây Mỗ, Nam Từ Liêm","20.99947513716561, 105.73828951432358"
42273156,26/02/2025,"Chính chủ cần bán gấp CH 3PN - 2WC tại CC Vinhomes Smart City, DT 76m2, giá 5,3 tỷ. LH 0925 128 ***","5,3 tỷ",76 m²,"69,74 tr/m²",3,2,"Tây Mỗ, Nam Từ Liêm","20.999407398780534, 105.73862957265118"
41778415,26/02/2025,Em Mạnh cập nhâp quỹ căn (2PN/3PN tại Florence Mỹ Đình) sẵn sổ đỏ full đồ view đẹp LH 0946 827 ***,"5,8 tỷ","80,8 m²","71,78 tr/m²",3,2,"Cầu Diễn, Nam Từ Liêm","21.0304912548425, 105.761335137116"
42270096,26/02/2025,"(Quỹ căn)Bán độc quyền 2-3 phòng ngủ toà Sunshine Center 18 Phạm Hùng,Mỹ Đình,bàn giao full cao cấp","7,3 tỷ","103,4 m²","70,6 tr/m²",3,2,"Mỹ Đình 2, Nam Từ Liêm","21.018957979510628, 105.78179625608514"
42269073,25/02/2025,Tổng hợp các căn hộ bán tại Dolphin Plaza 133m2 144m2 156m2 164m2 171m2 181m2 186m2 198m2,"7,32 tỷ",133 m²,55 tr/m²,2,3,"Mỹ Đình 2, Nam Từ Liêm","21.029992295405787, 105.77632043511039"
40563624,25/02/2025,Cam kết giá thật thị trường * Quỹ căn 1N-2N-3N-4N đang chào bán ra tại Vin Green Bay - 0904 969 ***,"3,8 tỷ","38,9 m²","97,69 tr/m²",1,1,"Mễ Trì, Nam Từ Liêm","20.9989585876465, 105.788032531738"
41392748,25/02/2025,"Hoa hậu 1pn + 43m2 GS5 ban công ĐN, view nội khu siêu đẹp giá 3,4x tỷ Vinhomes Smart City","3,48 tỷ",43 m²,"81,02 tr/m²",1,1,"Tây Mỗ, Nam Từ Liêm","21.0088520050049, 105.743919372559"
42265467,25/02/2025,Cần bán căn góc 3PN - DT 114m2 - Tầng đẹp - Capital Elite 18 Phạm Hùng - 11.3 tỷ - LH 0986 972 ***.,"11,35 tỷ",114 m²,"99,56 tr/m²",3,2,"Mỹ Đình 2, Nam Từ Liêm","21.01890357526651, 105.78116304429992"
42262882,25/02/2025,"Bán căn hộ Trịnh Văn Bô giáp Mỹ Đình tầng đẹp hướng mát 2N 1VS 63m Full nội thất. Giá 3,5 tỷ. Sổ đỏ","3,5 tỷ",63 m²,"55,56 tr/m²",2,1,"Xuân Phương, Nam Từ Liêm","21.025461532843106, 105.74170356342992"
42145138,25/02/2025,"Chính chủ bán căn hộ Sunshine Center - 16 Phạm Hùng. 130m2, 3 ngủ, full đồ đẹp. 0983 335 ***",Giá thỏa thuận,130 m²,N/A,3,2,"Mỹ Đình 2, Nam Từ Liêm","21.0186107461537, 105.781601961654"
41103534,23/02/2025,"Quỹ căn giá rẻ 2 PN, 3PN giá chỉ 3 tỷ, sổ sẵn, hỗ trợ bank nếu cần, liên hệ em Vinh cư dân",Giá thỏa thuận,65 m²,N/A,2,2,"Phương Canh, Nam Từ Liêm","21.034815476542, 105.749962567398"
42241880,22/02/2025,Chính chủ bán gấp trong tháng CH 3PN tại CC Vinhomes Gardenia giá 8.2 tỷ. LH 0964 507 ***,"8,2 tỷ",104 m²,"78,85 tr/m²",3,2,"Cầu Diễn, Nam Từ Liêm","21.036619953351938, 105.76050556511865"
42241229,22/02/2025,"Bán căn hộ 55m2 - 2pn - tầng 24 -căn áp góc, có slot ôtô- Masteri West Heights tòa D, VH Smart City","4,3 tỷ",55 m²,"78,18 tr/m²",2,2,"Tây Mỗ, Nam Từ Liêm","21.00607253438045, 105.73693690929659"
42010076,22/02/2025,"Siêu phẩm The Matrix One giai đoạn 2, 2 ngủ, view hồ, tâm điểm kết nối, vị trí đắc địa","7,8 tỷ","87,45 m²","89,19 tr/m²",2,2,"Mễ Trì, Nam Từ Liêm","21.0109950695932, 105.771801875478"
42218380,20/02/2025,Thành Công Land tổng hợp 50 căn hộ Skylake loại 1 -2-3-4 ngủ & Sky Villa giá chuyển nhượng cực tốt,"6,4 tỷ",72 m²,"88,89 tr/m²",2,2,"Mỹ Đình 1, Nam Từ Liêm","21.02017998717228, 105.78077663574658"
39803935,20/02/2025,Chính chủ bán gấp trong tháng CH 2PN tại CC Vinhomes Gardenia giá 6 tỷ. LH 0964 507 ***,6 tỷ,79 m²,"75,95 tr/m²",2,2,"Cầu Diễn, Nam Từ Liêm","21.0366529856233, 105.76072423303908"
42332617,06/03/2025,"Bán căn hộ chung cư C14 - Bộ Công An, 5,5 tỷ, 100m2, chủ nhà thiện chí, sổ cất két","5,5 tỷ",100 m²,55 tr/m²,3,2,"Trung Văn, Nam Từ Liêm","20.990728384815338, 105.78394302124914"
42350485,06/03/2025,"SIÊU PHẨM CHDV NGUYỄN HOÀNG - 65m2* 6T, ngõ Ô tô, KD đỉnh, xây mới, thang máy, PCCC, 15PKK, DT cao",14 tỷ,65 m²,"215,38 tr/m²",15,15,"Mỹ Đình 1, Nam Từ Liêm","21.0311938932297, 105.774664152762"
42254398,06/03/2025,"Cần bán gấp căn góc 3ngủ 2vs 98m2, tầng trung hướng mát, full đồ giá 4,85 tỷ tại Dream Town",4 tỷ,98 m²,"40,82 tr/m²",3,2,"Tây Mỗ, Nam Từ Liêm","21.017099825063656, 105.74588170569763"
42252283,06/03/2025,"Chủ nhà gửi bán căn hộ 4PN 3VS 143m2 nhà đẹp hướng mát, có slot ô tô giá cực rẻ tại CT5 Sudico","7,15 tỷ",143 m²,50 tr/m²,4,3,"Mỹ Đình 1, Nam Từ Liêm","21.01754471204403, 105.78020364511583"
40944051,06/03/2025,"Chính chủ bán căn góc 08-A1 giá tiến độ 5,7tỷ hàng hiếm - kính cong-bàn giao full nội thất cao cấp","5,7 tỷ",65 m²,"87,69 tr/m²",2,2,"Tây Mỗ, Nam Từ Liêm","21.0062160491943, 105.736473083496"
42070454,06/03/2025,(Mới) Duy nhất căn hộ 2PN 2VS diện tích 74m2 tầng cao view hồ giá tốt nhất tại Mỹ Đình Pearl,"5,7 tỷ",74 m²,"77,03 tr/m²",2,2,"Phú Đô, Nam Từ Liêm","21.012325343131494, 105.76743134533463"
42062699,06/03/2025,Cần bán gấp căn hộ 2PN 73m2 giá 5tỷ8 tại Mỹ Đình Pearl. Căn hộ tầng cao view hồ điều hòa cực đẹp,"5,8 tỷ",73 m²,"79,45 tr/m²",2,2,"Phú Đô, Nam Từ Liêm","21.01223629852525, 105.76671113409986"
41205049,06/03/2025,"Tôi chính chủ bán 1ngủ + 1 view bể bơi, DT 43m2 tòa G3 The Sola Park, Vinhomes Smart City, 3.1 tỉ","3,1 tỷ",43 m²,"72,09 tr/m²",2,1,"Tây Mỗ, Nam Từ Liêm","21.00953127157909, 105.74341360209834"
42260343,06/03/2025,Duy nhất căn hộ 1ngủ+ 1vs diện tích 50m2 tại P1 Mỹ Đình Pearl giá cực tốt,"3,85 tỷ",50 m²,77 tr/m²,1,1,"Phú Đô, Nam Từ Liêm","21.012440109351914, 105.76737433378413"
42297168,06/03/2025,Chuyển nhượng căn hộ 2PN1WC phân khu Sapphire Vinhome Smart City giá chỉ 3.4 tỷ,"3,4 tỷ","53,8 m²","63,2 tr/m²",2,1,"Tây Mỗ, Nam Từ Liêm","21.009471001778554, 105.74383894075736"
41989116,06/03/2025,"Em chính chủ bán 1N + 46.2m2, 2,6 tỷ, tầng trung, sẵn sổ, hỗ trợ khách mua vay ngân hàng","2,6 tỷ","46,2 m²","56,28 tr/m²",1,N/A,"Tây Mỗ, Nam Từ Liêm","21.006049788420473, 105.73621188361727"
42247901,06/03/2025,"Cực rẻ! Chính chủ bán gấp căn 67m2, 2PN, CC Golden Field Mỹ Đình giá 4,5 tỷ full NT. LH 0968 989 ***","4,5 tỷ",67 m²,"67,16 tr/m²",2,2,"Cầu Diễn, Nam Từ Liêm","21.035247448159176, 105.76555919154468"
42213015,06/03/2025,Chính chủ cần bán căn 1N+ tầng trung tòa C Masteri West Heights Vinhomes Smart City,"3,4 tỷ",43 m²,"79,07 tr/m²",1,1,"Tây Mỗ, Nam Từ Liêm","21.0062900353652, 105.73730526341"
41507967,06/03/2025,"Chính chủ bán 2PN 54.7m2 cao cấp Imperia - Vinhomes Smart City - 3.6 tỷ, rẻ hơn TT 300tr","3,6 tỷ","54,7 m²","65,81 tr/m²",2,1,"Tây Mỗ, Nam Từ Liêm","20.9992771148682, 105.73811340332"
41514501,06/03/2025,"Không đăng ảo! Studio Sakura 31,7 m2 giá 2,050 tỷ, full nội thất","2,05 tỷ","31,7 m²","64,67 tr/m²",N/A,N/A,"Tây Mỗ, Nam Từ Liêm","21.0052261352539, 105.738914489746"
41647166,06/03/2025,"Bán quỹ căn hộ 107m2, 133m2 tại chung cư C5 Mỹ Đình giá chuẩn từ 4,2 tỷ. LH: 0906 241 ***","5,5 tỷ",107 m²,"51,4 tr/m²",3,2,"Cầu Diễn, Nam Từ Liêm","21.034912109375, 105.764404296875"
39306711,06/03/2025,Cần bán gấp căn 115m2 3PN 2WC và căn 133m2 3n2wc nội thất đẹp ban công mát lạnh giá 45tr/m2,"5,18 tỷ",115 m²,45 tr/m²,3,2,"Mỹ Đình 1, Nam Từ Liêm","21.0174350738525, 105.780395507813"
39651021,06/03/2025,Bán nhanh căn góc 73m2 2PN tầng trung view hồ ở MĐ Pearl giá 6 tỷ LH 0961 899 ***,6 tỷ,73 m²,"82,19 tr/m²",2,2,"Phú Đô, Nam Từ Liêm","21.0124320983887, 105.767395019531"
39879202,06/03/2025,"Gia đình e cần bán gấp 109m2 3N2WC hướng mát, nội thất full ở Hoàng Thành Pearl giá 7,2 tỷ","7,2 tỷ",109 m²,"66,06 tr/m²",3,2,"Cầu Diễn, Nam Từ Liêm","21.0401592254639, 105.76131439209"
37858701,06/03/2025,"Cần bán gấp căn 103m2 3PN 2WC tầng cao full đồ đẹp ở Gardenia giá 7,9 tỷ LH 0961 899 ***","7,9 tỷ",103 m²,"76,7 tr/m²",3,2,"Cầu Diễn, Nam Từ Liêm","21.036567687988281, 105.76048278808594"
39444370,06/03/2025,"Bán gấp căn 73,5m2 2N2WC full nội thất đẹp ở Vinhomes Gardenia giá 5,7 tỷ LH 0961 899 ***","5,7 tỷ","73,5 m²","77,55 tr/m²",2,2,"Cầu Diễn, Nam Từ Liêm","21.0365676879883, 105.760482788086"
42328222,06/03/2025,"Chính chủ bán căn 103m2 3N 2WC full nội thất tầng trung đẹp ban công mát giá 7,2 tỉ - LH 0961 899 ***","7,2 tỷ",103 m²,"69,9 tr/m²",3,2,"Mỹ Đình 2, Nam Từ Liêm","21.0345093521254, 105.770434069556"
41728027,06/03/2025,Bán gấp CC đẹp xuất sắc ở Vinhomes Skylake giá 5 tỷ 2n 2vs view triệu đô. Lh: 0963 432 ***,5 tỷ,70 m²,"71,43 tr/m²",2,2,"Mỹ Đình 1, Nam Từ Liêm","21.02016830444336, 105.78075408935547"
42324175,06/03/2025,Bán căn 2 ngủ tại chung cư The Zei Giá 7 tỷ 3,"7,3 tỷ","91,5 m²","79,78 tr/m²",2,2,"Mỹ Đình 2, Nam Từ Liêm","21.03429719851635, 105.77005095779533"
38571120,06/03/2025,"Chính chủ bán gấp căn hộ 2PN, 60m2, giá 3,6 tỷ view hồ điều hoà. Liên hệ: 0963 432 ***","3,6 tỷ",60 m²,60 tr/m²,2,2,"Mễ Trì, Nam Từ Liêm","20.9989585876465, 105.788032531738"
41238393,06/03/2025,"Chính Chủ Bán CH Hoàng Thành Pearl DT 110m 3PN 2VS, Full NT đẹp, giá 6,2 tỷ: O971085383","6,5 tỷ",110 m²,"59,09 tr/m²",3,2,"Cầu Diễn, Nam Từ Liêm","21.0311454199621, 105.758983214918"
42328224,06/03/2025,"Chính chủ bán CH Golden Palace Mễ Trì 3PN DT 118,4m & 128,5m 58tr/m full NT SĐCC ở luôn: 0971 350 ***","6,87 tỷ","118,4 m²",58 tr/m²,3,2,"Mễ Trì, Nam Từ Liêm","21.011912437784957, 105.77477906581342"
41262088,06/03/2025,"Chính chủ CC Dreamland Bonanza 23 Duy Tân. DT 76m - 2 ngủ. Sẵn sổ. Đầy đủ nội thất.Giá thật 5,79 tỷ","5,79 tỷ",76 m²,"76,18 tr/m²",2,2,"Mỹ Đình 2, Nam Từ Liêm","21.031093327300159, 105.78089873131466"
40728611,06/03/2025,"Chính chủ cần bán nhanh căn hộ 2N + 1 2WC, phân khu Imperia, Vinhomes Smart City","3,75 tỷ","63,9 m²","58,68 tr/m²",2,2,"Tây Mỗ, Nam Từ Liêm","20.9992771148682, 105.73811340332"
37883544,06/03/2025,Chính chủ bán căn 2 ngủ 74m2 Ecolife Capitol số 58 Tố Hữu. Giá 5.3 tỷ,"5,3 tỷ",74 m²,"71,62 tr/m²",2,2,"Trung Văn, Nam Từ Liêm","20.9945335388184, 105.789390563965"
40580597,06/03/2025,"Chính chủ bán căn 2 phòng ngủ 70m2 C14 Bắc Hà - Tố Hữu. Giá 4,75 tỷ","4,75 tỷ",70 m²,"67,86 tr/m²",2,2,"Trung Văn, Nam Từ Liêm","20.9908123016357, 105.783912658691"
39926144,06/03/2025,"Chính chủ bán gấp FLC 36 Phạm Hùng - Mỹ Đình. DT 75m2 - 2 ngủ. Đầy đủ nội thất đẹp. Giá thật 4,4 tỷ","4,4 tỷ",75 m²,"58,67 tr/m²",2,2,"Mỹ Đình 2, Nam Từ Liêm","21.028190612793, 105.779197692871"
41684244,06/03/2025,"Bán căn hộ tòa CT1A Hàm Nghi - Mỹ Đình - 142m2, 3 ngủ, 2WC, ban công - ở luôn - giá 8.2 tỷ","8,2 tỷ",142 m²,"57,75 tr/m²",3,2,"Mỹ Đình 2, Nam Từ Liêm","21.0315856933594, 105.768203735352"
42289821,06/03/2025,Cần bán gấp căn 2 ngủ tại Mỹ Đình Pearl Giá chỉ 6.060 tỷ,"6,06 tỷ",73 m²,"83,01 tr/m²",2,2,"Phú Đô, Nam Từ Liêm","21.012360179452628, 105.7671227839319"
42276910,06/03/2025,Chính chủ cần bán căn 2N+ rộng nhất tòa A1 Lumiere evergreen Vinhomes Smart city Tây Mỗ,"6,3 tỷ",72 m²,"87,5 tr/m²",2,2,"Tây Mỗ, Nam Từ Liêm","21.0067320564128, 105.73588853299793"
40876854,06/03/2025,"CC bán Masteri: 1PN + 46.5m2, 2.85 tỷ bao phí, full đồ đầu tư 250tr, sẵn sổ (DTTT 41.94m2)","2,85 tỷ","41,94 m²","67,95 tr/m²",1,1,"Tây Mỗ, Nam Từ Liêm","21.0062065124512, 105.737075805664"
42313039,06/03/2025,Bán Căn góc GS5 - Vinhomes Smart City,"4,15 tỷ",63 m²,"65,87 tr/m²",2,2,"Tây Mỗ, Nam Từ Liêm","21.0089469613944, 105.742969261399"
41537851,06/03/2025,"Tôi cần bán căn 2 ngủ - 83m2 CC Roman Plaza Tố Hữu - Nam Từ Liêm. Đầy đủ nội thất. Giá thật 4,8 tỷ","4,8 tỷ",83 m²,"57,83 tr/m²",2,2,"Đại Mỗ, Nam Từ Liêm","20.9843406677246, 105.776809692383"
40851713,06/03/2025,"CC bán gấp GS2: 1PN + 46.5m2, 2.4 tỷ bao phí, tầng đẹp, full đồ đầu tư 250tr, sẵn sổ (DTTT 42.8m2)","2,4 tỷ","46,5 m²","51,61 tr/m²",1,1,"Tây Mỗ, Nam Từ Liêm","21.0065746307373, 105.745048522949"
41607291,06/03/2025,"giá chỉ 3.8 tỷ: 2PN +, DT 64.6m2, tại phân khu Sapphỉe Vinhome Smart City giá chỉ 3.8 tỷ","3,8 tỷ","64,6 m²","58,82 tr/m²",2,N/A,"Tây Mỗ, Nam Từ Liêm","21.0062160491943, 105.736473083496"
40094160,06/03/2025,"Chính chủ bán Roman Plaza Tố Hữu - Nam Từ Liêm. DT 74m - 2 ngủ. Đầy đủ nội thất đẹp. Giá thật 4,5tỷ","4,5 tỷ",74 m²,"60,81 tr/m²",2,2,"Đại Mỗ, Nam Từ Liêm","20.9843406677246, 105.776809692383"
38176080,06/03/2025,"Chính chủ bán nhanh căn 3PN - 114m2rẻ nhất thị trường tại The Matrix One, view công viên, giá 11 tỷ",11 tỷ,114 m²,"96,49 tr/m²",3,2,"Mễ Trì, Nam Từ Liêm","21.0093860626221, 105.773872375488"
41674059,06/03/2025,"Chính chủ bán CC Dolphin Plaza - 28 Trần Bình. DT 143m 3 ngủ. Đầy đủ nội thất đẹp. Giá thật 7,45 tỷ","7,45 tỷ",143 m²,"52,1 tr/m²",3,2,"Mỹ Đình 2, Nam Từ Liêm","21.030045, 105.77663"
40751267,06/03/2025,"Chính chủ bán gấp căn 3 ngủ, DT 115m2 tại C14 Bộ Công An - Tố Hữu. Đầy đủ nội thất. Giá thật 5,3 tỷ","5,3 tỷ",115 m²,"46,09 tr/m²",3,2,"Trung Văn, Nam Từ Liêm","20.990812301635742, 105.7839126586914"
42177559,06/03/2025,"(Giá 1 tỷ 580 (cắt lỗ 500tr) chính chủ cần bán căn Studio tòa S2, DT 36,4 m2 hướng ĐN, full đồ đẹp","1,58 tỷ","36,4 m²","43,41 tr/m²",1,1,"Tây Mỗ, Nam Từ Liêm","21.005918681794878, 105.73643569035642"
39671966,06/03/2025,"Chính chủ cần bán gấp căn 2 PN +, DT 62.29m2, toà D Masteri West Heights Tây Mỗ, 4.9 tỷ","4,9 tỷ","62,29 m²","78,66 tr/m²",2,2,"Tây Mỗ, Nam Từ Liêm","21.0062065124512, 105.737075805664"
42314694,06/03/2025,"Bán CH dự án Ecolife diện tích 103m2 thiết kế 3 ngủ, full nội thất, giá 6,3 tỷ có thương lượng","6,3 tỷ",103 m²,"61,16 tr/m²",3,2,"Trung Văn, Nam Từ Liêm","20.99520751782038, 105.78985156200908"
40623298,06/03/2025,"Chính chủ cần bán căn hộ 2PN tại dự án chung cư cao cấp Vinhomes Green Bay. Giá 4,8 tỷ - 0904 969 ***","4,8 tỷ",67 m²,"71,64 tr/m²",2,2,"Mễ Trì, Nam Từ Liêm","20.9989585876465, 105.788032531738"
41274787,06/03/2025,"Chính chủ bán căn 2PN - 80m2. CC Ecolife 58 Tố Hữu - Nam Từ Liêm. Đầy đủ nội thất. Giá thật 4,8 tỷ","4,8 tỷ",80 m²,60 tr/m²,2,2,"Trung Văn, Nam Từ Liêm","20.9922513692468, 105.784985542187"
42354888,06/03/2025,"Bán căn hộ 104m2, 3PN, cửa ĐB, ban công ĐN, chung cư The Zei Mỹ Đình. Giá 7.8 tỷ","7,8 tỷ",104 m²,75 tr/m²,3,2,"Mỹ Đình 2, Nam Từ Liêm","21.0344581604004, 105.769653320313"
38175432,06/03/2025,"Cần bán căn 3PN (112m2) tại The Matrix One, VIEW CÔNG VIÊN, giá 11.8 tỷ","11,8 tỷ",113 m²,"104,42 tr/m²",3,2,"Mễ Trì, Nam Từ Liêm","21.0093860626221, 105.773872375488"
42277783,06/03/2025,"(Giá thật) Bán căn góc 4 ngủ 3wc 200m2, nhà đẹp, nội thất xịn, sổ đỏ. Giá 12 tỷ Dolphin Plaza",12 tỷ,200 m²,60 tr/m²,4,3,"Mỹ Đình 2, Nam Từ Liêm","21.0299967815617, 105.77680664775245"
42267616,06/03/2025,"(Chính chủ) Bán căn góc 3PN 2WC 115m2, tầng đẹp, view thoáng, sổ đỏ cc. Giá 7 tỷ Ecolife Tố Hữu",7 tỷ,115 m²,"60,87 tr/m²",N/A,N/A,"Trung Văn, Nam Từ Liêm","20.9945341139723, 105.78938832062566"
42325713,06/03/2025,"Bán căn 1n1vs+, 43m2, Sapphire, Vinhomes Smart City, sẵn sổ, BC ĐN, full nội thất, giá chỉ 2.69 tỷ","2,69 tỷ",43 m²,"62,56 tr/m²",1,1,"Tây Mỗ, Nam Từ Liêm","21.0057443783483, 105.736811561053"
40263985,06/03/2025,"Chính chủ cần bán gấp căn 2 PN+, DT 62.29m2, Masteri West Heights Tây Mỗ, 4.6 tỷ","4,6 tỷ","62,29 m²","73,85 tr/m²",2,2,"Tây Mỗ, Nam Từ Liêm","21.0062065124512, 105.737075805664"
42317842,06/03/2025,(Tin thật 100%) Căn hộ 89m2 x 2PN có lốt ô tô tại The Matrix One - Ban công Đông Bắc - Tầng cao đẹp,"8,8 tỷ",89 m²,"98,88 tr/m²",2,2,"Mễ Trì, Nam Từ Liêm","21.01013570465887, 105.77344398364896"
40661015,06/03/2025,"Chính chủ bán Golden Palace Mễ Trì - Nam Từ Liêm. 128m2-3PN. Đầy đủ nội thất đẹp. Giá thật 6,85 tỷ","6,85 tỷ",128 m²,"53,52 tr/m²",3,2,"Mễ Trì, Nam Từ Liêm","21.0119361877441, 105.774993896484"
42354825,06/03/2025,"Nhà mình bán căn hộ 191m2, full đồ đẹp, 4 phòng ngủ + 1, chung cư Dolphin Plaza. Giá chỉ 10 tỷ",10 tỷ,191 m²,"52,36 tr/m²",4,4,"Mỹ Đình 2, Nam Từ Liêm","21.02975982314555, 105.77616993374876"
42321827,06/03/2025,"Bán CH dự án Roman Plaza diện tích 102,3m2 thiết kế 3 ngủ full nội thất, giá 6,8 tỷ thương lượng","6,8 tỷ","102,3 m²","66,47 tr/m²",3,2,"Đại Mỗ, Nam Từ Liêm","20.98482139674803, 105.77738684341983"
39530612,06/03/2025,Chính chủ gửi bán căn hộ tại Golden Palace - Dt 116m2 - 3pn2wc giá 5.8 tỷ,"5,8 tỷ",116 m²,50 tr/m²,3,2,"Mễ Trì, Nam Từ Liêm","21.01193618774414, 105.77499389648438"
42063095,06/03/2025,"Chính chủ bán căn 2N, 62.29m2 giá 3.9 tỷ, có slot ôtô và MPDV 36 tháng, tầng trung, có thương lượng","3,9 tỷ","62,29 m²","62,61 tr/m²",2,2,"Tây Mỗ, Nam Từ Liêm","21.006167204583, 105.736866749621"
41615503,06/03/2025,"Chuyển nhà bán gấp Căn 3PN 2VS - tòa G2, giá 4,8 tỷ view hồ siêu đẹp! - 0974 121 ***","4,8 tỷ","83,82 m²","57,27 tr/m²",3,2,"Mễ Trì, Nam Từ Liêm","20.998959, 105.78803"
42178229,06/03/2025,Em được gửi bán căn 3pn Iris Garden chuyển nhượng chỉ từ nhỉnh 8 tỷ - 135m2,Giá thỏa thuận,135 m²,N/A,3,2,"Cầu Diễn, Nam Từ Liêm","21.03109161160646, 105.76045736471613"
41274987,06/03/2025,"CHÍNH CHỦ BÁN CC ECOLIFE 58 TỐ HỮU, NAM TỪ LIÊM. DT 111M - 3 NGỦ. ĐẦY ĐỦ NỘI THẤT. GIÁ THẬT 6,4 TỶ","6,4 tỷ",111 m²,"57,66 tr/m²",3,2,"Trung Văn, Nam Từ Liêm","20.9919599769369, 105.785002507735"
40593619,06/03/2025,"Chính chủ cần bán căn hộ 2PN tại dự án chung cư cao cấp Vinhomes West Point. Giá 4,8 tỷ- 0904 969 ***","4,8 tỷ",69 m²,"69,56 tr/m²",2,2,"Mễ Trì, Nam Từ Liêm","21.0118827819824, 105.786445617676"
40428081,06/03/2025,Chính chủ bán căn view hồ 35m2 full nội thất tại toà A Masterise,"3,25 tỷ",35 m²,"92,86 tr/m²",1,1,"Tây Mỗ, Nam Từ Liêm","21.00558053610509, 105.73688168633437"
42002026,06/03/2025,"Bán căn hộ 3PN, 2WC giá tốt tại Khu đô thị Mỹ Đình Sông Đà tòa Sudico CT1, 6.9 tỷ, 122m2, căn góc","6,9 tỷ",122 m²,"56,56 tr/m²",3,2,"Mỹ Đình 1, Nam Từ Liêm","21.017519652040658, 105.78025672102146"
42283273,06/03/2025,"Bán chung cư C14 Bắc Hà DT 70m2, 2 ngủ 2 vs full nội thất xịn xò chỉ 4,99 tỷ","4,99 tỷ",70 m²,"71,29 tr/m²",2,2,"Trung Văn, Nam Từ Liêm","20.990869185678932, 105.78394948188063"
30019040,06/03/2025,"Chính chủ cần bán 2 căn hộ 105m2 và 125m2 chung cư Golden Palace Mễ Trì, giá tốt. LH: 0974 538 ***","6,09 tỷ",105 m²,58 tr/m²,3,2,"Mễ Trì, Nam Từ Liêm","21.01193618774414, 105.77499389648438"
42354661,06/03/2025,"Gia đình bán căn hộ tại C37 Bộ Công An T02, 84m2, 2 phòng ngủ ban công TB, nội thất cơ bản, sổ đỏ","5,2 tỷ",84 m²,"61,9 tr/m²",2,2,"Trung Văn, Nam Từ Liêm","20.99667899749678, 105.79314832613444"
42286750,06/03/2025,"Bán căn góc 3PN 2WC 134m2, ban công Đông Nam, đủ đồ, sổ đỏ chính chủ. Giá 7 tỷ tòa C14",7 tỷ,134 m²,"52,24 tr/m²",3,2,"Trung Văn, Nam Từ Liêm","20.990528817907403, 105.78420544137776"
42342535,06/03/2025,"(Giá chuẩn) bán căn 2 ngủ C14 85m2, tầng đẹp, view thoáng, sẵn sổ đỏ. Giá 4,5 tỷ","4,5 tỷ",85 m²,"52,94 tr/m²",2,2,"Trung Văn, Nam Từ Liêm","20.9910693650619, 105.784695066481"
41508345,06/03/2025,"Bán căn Duplex 2 tầng 4PN Lumi Hà Nội- Nam Từ Liêm- 194,4m2- giá 16 tỷ- LH: 0936 041 ***",16 tỷ,"194,4 m²","82,3 tr/m²",4,N/A,"Tây Mỗ, Nam Từ Liêm","21.011585, 105.73584"
41515814,06/03/2025,"Mình chính chủ cần bán căn: 2PN + 1, 69m2 - 3tỷ 980, Vinhomes Smart City","3,98 tỷ","63,1 m²","63,07 tr/m²",2,2,"Tây Mỗ, Nam Từ Liêm","21.0062160491943, 105.736473083496"
42223432,06/03/2025,"Siêu phẩm căn hộ góc duplex dự án Lumi Hà Nội- Tây Mỗ- Nam Từ Liêm- 134m2- 10,6 tỷ. LH: 0936 041 ***","10,6 tỷ","134,2 m²","78,99 tr/m²",3,3,"Tây Mỗ, Nam Từ Liêm","21.0109651092234, 105.736128344376"
41496537,06/03/2025,"Chính chủ bán gấp trong tuần CH 3PN - 2WC, DT 87,87m2, tòa G2 CC Vinhomes Green Bay, giá 6 tỷ 8","6,8 tỷ","87,87 m²","77,39 tr/m²",3,2,"Mễ Trì, Nam Từ Liêm","20.998958587646484, 105.78803253173828"
41812281,06/03/2025,Căn hộ 4PN tòa P2 đẹp nhất dự án Lumi Hà Nội-Nam Từ Liêm-138m2 - Gía 10tỷ bao phí - LH: 0936 041 ***,10 tỷ,138 m²,"72,46 tr/m²",4,3,"Tây Mỗ, Nam Từ Liêm","21.01136290940842, 105.7360743466648"
40876929,06/03/2025,"Chính chủ bán 2PN 54m2 - tòa B - Masteri - Vinhomes Smart City - 3.4 tỷ, rẻ hơn TT 300tr!","3,4 tỷ",54 m²,"62,96 tr/m²",2,1,"Tây Mỗ, Nam Từ Liêm","21.0062065124512, 105.737075805664"
42177460,06/03/2025,"Chính chủ cần chuyển nhượng gấp căn Studio tại phân khu Sakura 31.6m2, full đồ, giá chỉ 1.9 tỷ","1,9 tỷ","31,6 m²","60,13 tr/m²",1,1,"Tây Mỗ, Nam Từ Liêm","21.005477343066445, 105.73839769359893"
41513986,06/03/2025,"Siêu phẩm studio duy nhất tại Vinhomes Smart City, 1,99 tỷ bao phí, full nội thất","1,99 tỷ","28,1 m²","70,82 tr/m²",1,1,"Tây Mỗ, Nam Từ Liêm","21.0062160491943, 105.736473083496"
24295216,06/03/2025,Tổng hợp Vinhomes Skylake: Căn hộ 4PN 170m2 - Penhouse 200m2; Skyvilla - 400m2; Shophouse 300m2,Giá thỏa thuận,200 m²,N/A,4,N/A,"Mỹ Đình 1, Nam Từ Liêm","21.0190830230713, 105.781730651855"
27674873,06/03/2025,"Bán tổng hợp toàn bộ 3PN 90m2 - 100m2 - 110m2, Vinhomes West Point, LH 0934 998 ***","6,1 tỷ",100 m²,61 tr/m²,3,N/A,"Mễ Trì, Nam Từ Liêm","21.0118827819824, 105.786445617676"
36469176,06/03/2025,"Bán penthouse Vinhomes Skylake 170m2, 200m2, view thành phố cực đẹp, LH: 0976 069 ***",Giá thỏa thuận,200 m²,N/A,3,N/A,"Mỹ Đình 1, Nam Từ Liêm","21.0201683044434, 105.780754089355"
32094932,06/03/2025,Tổng hợp Vinhomes Skylake: Căn hộ 4PN 170m2 - Penthouse 200m2 - Skyvilla - 400m2,Giá thỏa thuận,350 m²,N/A,4,N/A,"Mỹ Đình 1, Nam Từ Liêm","21.02016830444336, 105.78075408935547"
31849397,06/03/2025,Bán gấp hai căn Vinhomes Skylake 4PN DT 146m2 giá cực tốt 16.5tỷ lh: 0934 998 ***,"16,5 tỷ",140 m²,"117,86 tr/m²",4,2,"Mỹ Đình 1, Nam Từ Liêm","21.0201683044434, 105.780754089355"
42261544,06/03/2025,"Gia đình bán căn hộ tại C37 Bộ Công An T01, 115m2, 3 phòng ngủ ban công TB, nội thất cơ bản, sổ đỏ","6,8 tỷ",115 m²,"59,13 tr/m²",3,2,"Trung Văn, Nam Từ Liêm","20.99667899749678, 105.79314832613444"
39602882,06/03/2025,"Giá tốt nhất thị trường căn 2N +, 64m2, full đồ xịn, Imperia Smart City view thoáng chỉ 3,5 tỷ","3,5 tỷ",64 m²,"54,69 tr/m²",2,2,"Tây Mỗ, Nam Từ Liêm","20.999277114868164, 105.73811340332031"
42315862,06/03/2025,"Chính chủ bán căn 2 ngủ, 75m2 tại Ecolife Capitol tòa A2, nội thất cơ bản, ban công Đông Bắc, sổ đỏ",5 tỷ,75 m²,"66,67 tr/m²",2,2,"Trung Văn, Nam Từ Liêm","20.994304169408704, 105.78921470999218"
42354639,06/03/2025,"Bán căn hộ chung cư The Garden Hills 99 Trần Bình, 4,45 tỷ, 65m2, 2PN, 2WC, giá tốt","4,45 tỷ",65 m²,"68,46 tr/m²",2,2,"Mỹ Đình 2, Nam Từ Liêm","21.031039759972067, 105.77738286966054"
41577034,06/03/2025,"Chính chủ bán căn Stu 34,9m2 (DTTT 30.7m2), giá 1,55 tỷ full đồ xịn, Đông Nam, Vinhomes Smart City","1,55 tỷ","30,7 m²","50,49 tr/m²",1,1,"Tây Mỗ, Nam Từ Liêm","21.0056490795888, 105.736850884953"
39809548,06/03/2025,"Giá tốt nhất thị trường căn 3N, 82,2m2, full đồ xịn, The Tonkin view thoáng chỉ 6.2 tỷ","6,2 tỷ","82,2 m²","75,43 tr/m²",3,2,"Tây Mỗ, Nam Từ Liêm","21.0052261352539, 105.738914489746"
41526397,06/03/2025,"Cần bán gấp căn 2PN - 2VS, 69,47 m2, giá 4 tỷ 8, view hồ, Vinhomes Green Bay Mễ Trì","4,8 tỷ","69,47 m²","69,1 tr/m²",2,2,"Mễ Trì, Nam Từ Liêm","20.9989585876465, 105.788032531738"
39372829,06/03/2025,"Đẹp như tranh vẽ: Siêu phẩm chủ nhà gửi bán cắt lỗ căn 1PN + tòa A Masteri Smart City giá 2,95 tỷ","2,95 tỷ",42 m²,"70,24 tr/m²",1,1,"Tây Mỗ, Nam Từ Liêm","21.006366772171813, 105.73665927220298"
42341512,06/03/2025,"Chính chủ bán căn hộ tại C14 - Bộ Công An CT1 105m2 3 ngủ ban công Tây Bắc full đồ, sổ đỏ","5,8 tỷ",105 m²,"55,24 tr/m²",3,2,"Trung Văn, Nam Từ Liêm","20.9908123016357, 105.783912658691"
41445474,06/03/2025,"Cần tiền bán nhanh căn hộ cao cấp 2 + 1 tòa TK1, diện tích 72.1m2, Vinhomes Smart City","4,65 tỷ","72,1 m²","64,49 tr/m²",2,2,"Tây Mỗ, Nam Từ Liêm","21.005226135253906, 105.7389144897461"
41632218,06/03/2025,"Chính chủ muốn bán gấp căn 2N2WC + tòa GS 2 - DT TT 63m2, giá 3,75 tỷ bao phí (giá chuẩn)","3,75 tỷ",63 m²,"59,52 tr/m²",2,2,"Tây Mỗ, Nam Từ Liêm","21.006574630737305, 105.74504852294922"
40851599,06/03/2025,Studio tòa GS2 - 33.9m2 - The Miami - Vin Smart City (DT TT 30.6m2) - chính chủ bán cắt lỗ,"1,96 tỷ","33,9 m²","57,82 tr/m²",1,1,"Tây Mỗ, Nam Từ Liêm","21.0065746307373, 105.745048522949"
40893622,06/03/2025,"Xuất ngoại tôi bán cấp thiết căn 1N + DT 42,8m2 giá chỉ 2,5 tỷ, full nội thất tòa GS1, Smart City","2,5 tỷ","42,8 m²","58,41 tr/m²",1,N/A,"Tây Mỗ, Nam Từ Liêm","21.0065746307373, 105.745048522949"
41472539,06/03/2025,"Chính chủ cần bán gấp căn góc 3PN diện tích 80,7 m2 phân khu cao cấp Sakura giá 4,9 tỷ","4,9 tỷ","80,7 m²","60,72 tr/m²",3,2,"Tây Mỗ, Nam Từ Liêm","21.0052261352539, 105.738914489746"
40710113,06/03/2025,"Chính chủ bán 2PN 59.1m2 cao cấp Vinhomes Smart City - 3.2 tỷ, chỉ bán trong tuần này","3,2 tỷ","59,1 m²","54,15 tr/m²",2,1,"Tây Mỗ, Nam Từ Liêm","21.0062160491943, 105.736473083496"
41983963,06/03/2025,"Bán CC tại The Sakura - Vinhomes Smart City, 2,45 tỷ, 34,4 m2, Nam Từ Liêm, Hà Nội","2,45 tỷ","34,4 m²","71,22 tr/m²",N/A,N/A,"Tây Mỗ, Nam Từ Liêm","21.0057733274361, 105.739515979067"
41613554,06/03/2025,"Chính chủ bán gấp căn hộ 3 ngủ tòa GS3 - DT 75.6m2 giá 4,1 tỷ bao phí( có thương lượng )","4,1 tỷ","75,6 m²","54,23 tr/m²",3,2,"Tây Mỗ, Nam Từ Liêm","21.006574630737305, 105.74504852294922"
42170796,06/03/2025,"Bán căn hộ 1PN, 1WC tại The Tonkin - Vinhomes Smart City, 3,6 tỷ, 45m2","3,6 tỷ",45 m²,80 tr/m²,1,1,"Tây Mỗ, Nam Từ Liêm","21.005208812835395, 105.73891076949441"
42100118,06/03/2025,"Chị gái em chính chủ, bán cắt lỗ căn 3N TT 74,1m2, tim tường 80.9m2, giá 4tỷ4, hỗ trợ vay bank","4,4 tỷ","80,9 m²","54,39 tr/m²",3,N/A,"Tây Mỗ, Nam Từ Liêm","21.006639585687907, 105.73685405951241"
41526605,06/03/2025,"Chính chủ cần bán gấp 2 căn studio 30,03m2, giá 1 tỷ 2 tòa G3 Green Bay, view hồ và biệt thự","1,2 tỷ","30,03 m²","39,96 tr/m²",N/A,N/A,"Mễ Trì, Nam Từ Liêm","20.9989585876465, 105.788032531738"
39804517,06/03/2025,"Tin độc quyền: Chị khách gửi bán studio 25m2 tòa TK1 dự án Smart City rẻ nhất thị trường 1,980 tỷ","1,98 tỷ",25 m²,"79,2 tr/m²",N/A,N/A,"Tây Mỗ, Nam Từ Liêm","21.0052261352539, 105.738914489746"
37737042,06/03/2025,"(Mới) bán gấp căn hộ 2 ngủ 73m2 tại chung cư Dreamland Bonanza, giá: 5.8 tỷ gọi: 0942 281 *** em Huy","5,8 tỷ",73 m²,"79,45 tr/m²",2,2,"Mỹ Đình 2, Nam Từ Liêm","21.0306091308594, 105.781028747559"
41539197,06/03/2025,"Cần bán gấp căn 2PN - 2VS, 63,4m2, giá 5 tỷ 2, view hồ, Vinhomes Green Bay Mễ Trì","5,2 tỷ","63,4 m²","82,02 tr/m²",2,2,"Mễ Trì, Nam Từ Liêm","20.9989585876465, 105.788032531738"
40840041,06/03/2025,"Chính chủ cần chuyển nhượng gấp căn 2PN 1WC tại phân khu Imperia, 55.1m2, full đồ, giá chỉ 3.4 tỷ","3,4 tỷ","55,1 m²","61,71 tr/m²",2,1,"Tây Mỗ, Nam Từ Liêm","20.999277114868164, 105.73811340332031"
39715146,06/03/2025,"BQL gửi bán quỹ căn hộ 2 ngủ chung cư HD Mon số 8 Lê Đức Thọ, Nam Từ Liêm, LH 0818 340 ***","4,7 tỷ",67 m²,"70,15 tr/m²",2,2,"Mỹ Đình 2, Nam Từ Liêm","21.035120010376, 105.767433166504"
42321672,06/03/2025,"Bán CH studio - 32m2 giá 2,1tỉ. 1N + 43m2 giá 3tỉ. Sẵn sổ đỏ sang tên phân khu Imperia Smartcity",Giá thỏa thuận,32 m²,N/A,1,1,"Tây Mỗ, Nam Từ Liêm","20.998475183366025, 105.73810838443278"
42352775,06/03/2025,CHUNG CƯ THE SUN MỄ TRÌ - 80M - 3 NGỦ - 100M PHẠM HÙNG - VIEW KEANGNAM - GIÁ TỐT(HHTL36256),"4,82 tỷ",80 m²,"60,25 tr/m²",3,2,"Mễ Trì, Nam Từ Liêm","21.01570893411632, 105.77975396119248"
40835067,06/03/2025,"Chính chủ gửi bán căn hộ 2 ngủ CC Garden Hill, 99 Trần Bình. Giá chuẩn 4,2 tỷ. LH: 0961 270 ***","4,2 tỷ",66 m²,"63,64 tr/m²",2,2,"Mỹ Đình 2, Nam Từ Liêm","21.0304050445557, 105.777030944824"
41672929,06/03/2025,"Chính chủ cần bán căn studio tòa S105, DT 28,0m2 hướng ĐN, NT full đẹp. Giá 1,8 tỷ nét","1,8 tỷ",28 m²,"64,29 tr/m²",N/A,1,"Tây Mỗ, Nam Từ Liêm","21.0062160491943, 105.736473083496"
40851751,06/03/2025,"Chính chủ bán căn 3PN - 81.8m2, 4.4 tỷ, nhà đủ nội thất (chính chủ) cc cao cấp Vinhomes Smart City","4,4 tỷ","81,8 m²","53,79 tr/m²",3,2,"Tây Mỗ, Nam Từ Liêm","21.0065746307373, 105.745048522949"
41910231,06/03/2025,"Hàng hiếm! Chính chủ cần bán căn 83m2, 3PN toà An Bình Plaza full nội thất, 5,1 tỷ. LH 0968 989 ***",5 tỷ,83 m²,"60,24 tr/m²",3,2,"Mỹ Đình 2, Nam Từ Liêm","21.030503580474797, 105.77770415030768"
42354048,06/03/2025,"Bán Căn Hộ Chung Cư FLC, Sổ Hồng Sẵn Giao Dịch, ~145m2, 9,X Tỷ. Giảm Chào","9,9 tỷ",145 m²,"68,28 tr/m²",4,2,"Mỹ Đình 2, Nam Từ Liêm","21.028345270767435, 105.77899226852324"
41184869,06/03/2025,"Bán căn hộ Vinaconex 7 Nguyễn Văn Giáp 5,4 tỷ loại 130m2 căn 3PN 2WC full nội thất căn siêu đẹp","5,4 tỷ",130 m²,"41,54 tr/m²",3,2,"Cầu Diễn, Nam Từ Liêm","21.03388786315918, 105.75962829589844"
42342013,06/03/2025,"Bán CH 3PN 2WC tại C14 - Bộ Công An, 5,7 tỷ, 133m2, Q.Nam Từ Liêm, HN đẹp xuất sắc","5,7 tỷ",133 m²,"42,86 tr/m²",3,2,"Trung Văn, Nam Từ Liêm","20.991112518988306, 105.78473658670934"
42318808,06/03/2025,Bán căn hộ The Zei Lê Đưc Thọ căn 108m2 3PN 2WC giá 8 tỉ căn full nội thất hướng Lê Đức Thọ,8 tỷ,108 m²,"74,07 tr/m²",3,2,"Mỹ Đình 2, Nam Từ Liêm","21.0341803378729, 105.769693897031"
40216474,06/03/2025,"Căn chung cư 110m2 Vin Gardenia Hàm Nghi căn 3PN 2WC giá 7,2 tỷ nội thất đầy đủ sang trọng","7,2 tỷ",110 m²,"65,46 tr/m²",3,2,"Cầu Diễn, Nam Từ Liêm","21.036567687988281, 105.76048278808594"
40243879,06/03/2025,"Bán căn hộ The Emerald CT8 Đình Thôn loại 2PN, gía 5 tỉ chung cư mới được bàn giao, chất lượng","4,8 tỷ",78 m²,"61,54 tr/m²",2,2,"Mỹ Đình 1, Nam Từ Liêm","21.0221614837646, 105.771797180176"
41125863,06/03/2025,"Bán căn hộ CT8 Emerald Đình Thôn căn 3PN 2WC full nội thất, căn View không nghĩa trang, trục đẹp","6,1 tỷ",103 m²,"59,22 tr/m²",3,2,"Mỹ Đình 1, Nam Từ Liêm","21.02216148376465, 105.77179718017578"
40235672,06/03/2025,"Cần bán căn hộ Vinhomes Westpoint Phạm Hùng căn 2PN 2WC giá 4,5 tỷ nội thất đầy đủ","4,5 tỷ",67 m²,"67,16 tr/m²",2,2,"Mễ Trì, Nam Từ Liêm","21.011882781982422, 105.78644561767578"
35310318,06/03/2025,"Tôi chính chủ bán căn góc 108m2, 3 phòng ngủ chung cư C14 Bắc Hà full nội thất đẹp",Giá thỏa thuận,108 m²,N/A,3,2,"Trung Văn, Nam Từ Liêm","20.9908123016357, 105.783912658691"
40255844,06/03/2025,"Bán căn hộ Vinhomes Gardenia Hàm Nghi căn 78m2 loại 2pn 2wc giá 5,2 tỷ căn nội thất đầy đủ","5,2 tỷ",78 m²,"66,67 tr/m²",2,2,"Cầu Diễn, Nam Từ Liêm","21.0365676879883, 105.760482788086"
38525308,06/03/2025,"Chính chủ bán gấp căn hộ Mỹ Đình Pearl thiết kế 3PN giá 5,9 tỷ đầy đủ nội thất, có slot ô tô tô","5,9 tỷ",93 m²,"63,44 tr/m²",3,2,"Phú Đô, Nam Từ Liêm","21.0124320983887, 105.767395019531"
36943268,06/03/2025,"(Mới) bán căn hộ Iris Garden Trần Hữu Dực căn 3PN- 105m2 giá 5,1 tỷ. 135m2-6,2 tỷ full nội thất","6,2 tỷ",135 m²,"45,93 tr/m²",3,2,"Cầu Diễn, Nam Từ Liêm","21.0311622619629, 105.760414123535"
40195542,06/03/2025,"(Mới) căn hộ Mỹ Đình Pearl căn 78m2 thiết kế 2PN 2WC giá 5,3 tỷ căn view hồ, hướng mát","5,3 tỷ",78 m²,"67,95 tr/m²",2,2,"Phú Đô, Nam Từ Liêm","21.0124320983887, 105.767395019531"
36120105,06/03/2025,"(Căn mới) cần bán gấp căn hộ Golden Place căn 3PN giá 6,3 tỷ căn đầy đủ nội thất, tầng trung","6,3 tỷ",125 m²,"50,4 tr/m²",3,2,"Mễ Trì, Nam Từ Liêm","21.0119361877441, 105.774993896484"
40288071,06/03/2025,"Em đang có nhiều căn nhiều diện tích Sudico Mỹ Đình Sông Đà bán loại 135m2 căn 3PN giá từ 5,3 tỷ","5,3 tỷ",135 m²,"39,26 tr/m²",3,2,"Mỹ Đình 1, Nam Từ Liêm","21.0174350738525, 105.780395507813"
42332462,06/03/2025,RẺ CHƯA TỪNG CÓ MUA NGAY CĂN HỘ 2PN VINHOMES GREENBAY MỄ TRÌ GIÁ CỰC SỐC. LIÊN HỆ: 0946 559 ***,"4,5 tỷ",54 m²,"83,33 tr/m²",2,2,"Mễ Trì, Nam Từ Liêm","20.999151315907596, 105.78814178962627"
42354107,06/03/2025,"Bán chung cư Hateco Apollo, 3,6 tỷ, 62,2 m2, 2PN, 1WC, ban công hướng Đông LH 0944 974 ***","3,6 tỷ","62,2 m²","57,88 tr/m²",2,1,"Phương Canh, Nam Từ Liêm","21.03495339838586, 105.74962718646916"
39910815,06/03/2025,"Thu hồi vốn! Bán căn Studio giá 1,95 tỷ full nội thất. Cần bán gấp giá thấp hơn thị trường","1,95 tỷ","28,4 m²","68,66 tr/m²",1,1,"Tây Mỗ, Nam Từ Liêm","20.9992771148682, 105.73811340332"
39208507,06/03/2025,"Cắt lỗ 300tr - Bán căn góc 2PN+1 thiết kế được 3PN tại Vin Smart giá 3,65 tỷ bao phí -Full nội thất","3,65 tỷ",69 m²,"52,9 tr/m²",3,2,"Tây Mỗ, Nam Từ Liêm","21.0088520050049, 105.743919372559"
40673572,06/03/2025,Cần bán căn 3PN 95m The Emerald CT8 Mỹ Đình SDCC đồ cơ bản giá 7.5 tỷ có TL,"7,5 tỷ",95 m²,"78,95 tr/m²",3,2,"Mỹ Đình 1, Nam Từ Liêm","21.0221614837646, 105.771797180176"
42158875,06/03/2025,"Bán CH dự án Dolphin Plaza diện tích 83m2 thiết kế 3N-2W, full nội thất giá 6,5 tỷ bao phí","6,5 tỷ",83 m²,"78,31 tr/m²",3,2,"Mỹ Đình 2, Nam Từ Liêm","21.030216510346968, 105.77700390974682"
32366714,06/03/2025,"Em Tùng chuyên chuyển nhượng HD Mon quỹ căn hơn 100 CH từ 52m2, giá từ 3 tỷ LH 0981 614 ***",3 tỷ,54 m²,"55,56 tr/m²",2,1,"Mỹ Đình 2, Nam Từ Liêm","21.035120010376, 105.767433166504"
34785213,06/03/2025,Chính chủ không báo ảo bán căn 3 ngủ tại florence trong tháng giá 55tr/m2 liên hệ 0981 614 ***,"4,51 tỷ",82 m²,55 tr/m²,3,2,"Cầu Diễn, Nam Từ Liêm","21.0307312011719, 105.761329650879"
34912897,06/03/2025,Duy nhất căn hộ 3 ngủ ban công Đông Nam giá chỉ 45tr/m2 tại Iris Garden LH 0981 614 ***(k qua MG),"5,98 tỷ",133 m²,45 tr/m²,3,2,"Cầu Diễn, Nam Từ Liêm","21.0311622619629, 105.760414123535"
42302869,06/03/2025,(Giá thật) chính chủ cần bán căn hộ 88m2 2PN + 2WC tầng cao view thoáng giá 9 tỷ CC The Matrix One,9 tỷ,88 m²,"102,27 tr/m²",2,2,"Mễ Trì, Nam Từ Liêm","21.0094546584814, 105.77386895123031"
42231553,06/03/2025,(Giá thật) chính chủ bán căn 133m2 3PN + 2WC tầng trung giá 7.9 tỷ CC Dolphin Plaza,"7,9 tỷ",133 m²,"59,4 tr/m²",3,2,"Mỹ Đình 2, Nam Từ Liêm","21.029639727164444, 105.77681036025096"
41518775,06/03/2025,"Bán căn studio 30,3m2, tòa Masteri Smart City Tây Mỗ, giá 2,060 tỷ view bể bơi, để full nội thất","2,06 tỷ","30,3 m²","67,99 tr/m²",N/A,N/A,"Tây Mỗ, Nam Từ Liêm","21.0062065124512, 105.737075805664"
42353968,06/03/2025,"CHÍNH CHỦ BÁN NHANH CĂN 2 NGỦ TẦNG ĐẸP, VIEW THOÁNG, SẴN SỔ ĐỎ GIAO DỊCH NGAY, NỘI THẤT ĐẦY ĐỦ","7,1 tỷ",95 m²,"74,74 tr/m²",2,2,"Mỹ Đình 2, Nam Từ Liêm","21.034033855330932, 105.7693442246418"
41252192,06/03/2025,"Bán căn hộ 2N2VS, diện tích 65m2 Vinhomes Greenbay giá 5,8tỷ","5,8 tỷ",65 m²,"89,23 tr/m²",2,2,"Mễ Trì, Nam Từ Liêm","20.99896520663159, 105.78806780708689"
42265436,06/03/2025,"The Sapphire - Bán gấp CH 1N1VS + 1, DT 46.5m2, tầng trung đẹp tại Vinhomes Smartcity giá chỉ 2,6tỷ","2,6 tỷ","46,5 m²","55,91 tr/m²",1,1,"Tây Mỗ, Nam Từ Liêm","21.006220509794893, 105.73647530806772"
42353498,06/03/2025,Vị trí trung tâm giá tốt nhất khu vực 85tr - 87tr/m2. Nhận nhà ngay 0974 995 ***,"10,35 tỷ",119 m²,"86,99 tr/m²",3,2,"Mỹ Đình 2, Nam Từ Liêm","21.018732195432516, 105.78120548048929"
42353671,06/03/2025,"Bán Căn Hộ Chung Cư FLC Complex, Sổ Hồng Sẵn Giao Dịch, 5.X tỷ","5,2 tỷ",80 m²,65 tr/m²,2,2,"Mỹ Đình 2, Nam Từ Liêm","21.02841688130734, 105.77855258715574"
42353116,06/03/2025,"Bán căn Vinhomes Skylake Phạm Hùng, Mỹ Đình, Nam Từ Liêm 2PN, 2WC, 68m2 nhỉnh 6 tỷ","6,5 tỷ",68 m²,"95,59 tr/m²",2,2,"Mỹ Đình 1, Nam Từ Liêm","21.0194024100313, 105.78092396271713"
41980742,06/03/2025,"Bán CH Dolphin Plaza, diện tích 164m2 thiết kế 4N - 3W, full nội thất, giá 8,8 tỷ có giảm","8,8 tỷ",164 m²,"53,66 tr/m²",4,3,"Mỹ Đình 2, Nam Từ Liêm","21.030439562703332, 105.77664436285019"
42353612,06/03/2025,"Bán gấp căn 100m, chung cư HH2 Bắc Hà- 19 Tố Hữu, ban công ĐN, sẵn sổ, giá 5,x tỷ có thương lượng","5,75 tỷ",100 m²,"57,5 tr/m²",2,2,"Trung Văn, Nam Từ Liêm","20.997120872165702, 105.79556701557898"
42352710,06/03/2025,CĂN HỘ MỄ TRÌ - 63M - TIỆN ÍCH ĐẲNG CẤP - 2 THOÁNG - FULL NỘI THẤT - GIÁ 5.62 TỶ(HHTL36255),"5,62 tỷ",63 m²,"89,21 tr/m²",2,2,"Mễ Trì, Nam Từ Liêm","21.011360104321355, 105.77572309789144"
42352537,06/03/2025,"Bán CC đẹp tại Khu đô thị Mỹ Đình I, 4,95 tỷ, 90m2, 3PN, 2WC, hướng Tây Bắc","4,95 tỷ",90 m²,55 tr/m²,3,2,"Cầu Diễn, Nam Từ Liêm","21.034434303214407, 105.76447980284325"
42351078,06/03/2025,"Bán CH 3PN + 2WC tại Khu đô thị Mỹ Đình I, 90m2, giá cực chất 4,95 tỷ","4,95 tỷ",90 m²,55 tr/m²,3,2,"Cầu Diễn, Nam Từ Liêm","21.034960264199626, 105.7643191740031"
41519155,06/03/2025,"Bán căn studio 28m2 giá 1,860 tỷ, tòa SA2 Sakura, tặng luôn full nội thất vào ở được ngay","1,86 tỷ",28 m²,"66,43 tr/m²",N/A,N/A,"Tây Mỗ, Nam Từ Liêm","21.005002941633574, 105.73868312443005"
41571809,06/03/2025,"Chính chủ gửi bán căn hộ 3 ngủ HD Mon City Full nội thất cao cấp, nhà sạch & ấm áp",5 tỷ,86 m²,"58,14 tr/m²",3,2,"Mỹ Đình 2, Nam Từ Liêm","21.035120010376, 105.767433166504"
41517443,06/03/2025,"Nhà mình còn căn 1PN DT 47,8m2 cần bán tòa SA2, Sakura giá hữu nghị chỉ 2,75 tỷ, tặng full nội thất","2,89 tỷ","47,8 m²","60,46 tr/m²",1,N/A,"Tây Mỗ, Nam Từ Liêm","21.00525530936079, 105.73875562404174"
42353686,06/03/2025,"Chính chủ bán căn hộ chung cư mới hoàn thiện 88m2, đầy đủ nội thất sang trọng, có thể vào ở ngay.",8 tỷ,88 m²,"90,91 tr/m²",2,2,"Mễ Trì, Nam Từ Liêm","21.009418970297677, 105.77462274900189"
41591708,06/03/2025,"Mỹ Đình Pearl chính chủ chuyển công tác bán gấp 2PN 79m2 giá 5,9tỷ. Giá tốt nhất thị trường","5,9 tỷ",79 m²,"74,68 tr/m²",2,2,"Phú Đô, Nam Từ Liêm","21.012432098388672, 105.76739501953125"
41236530,06/03/2025,Vinhomes Skylake chính chủ chuyển công tác gửi bán gấp 2N2VS 75m2 giá 6 tỷ giá tốt nhất thị trường,6 tỷ,75 m²,80 tr/m²,2,2,"Mỹ Đình 1, Nam Từ Liêm","21.020229705155284, 105.78071245054386"
41998956,06/03/2025,"The Matrix One chính chủ chuyển công tác bán gấp 2PN2VS - 90m2 giá 7,8 tỷ. Giá tốt nhất thị trường","7,8 tỷ",90 m²,"86,67 tr/m²",2,2,"Mễ Trì, Nam Từ Liêm","21.00939219622929, 105.77432495882672"
40894252,06/03/2025,"Chính chủ bán cắt lỗ căn góc 2N + 63,9 m2 - 3,85 tỷ phân khu cao cấp Imperia","3,85 tỷ","63,9 m²","60,25 tr/m²",2,2,"Tây Mỗ, Nam Từ Liêm","20.999277114868164, 105.73811340332031"
42221293,06/03/2025,Bán căn hộ 3 ngủ tại FLorence Mỹ Đình Giá 5ty9,"5,95 tỷ",82 m²,"72,56 tr/m²",3,2,"Cầu Diễn, Nam Từ Liêm","21.03128423133138, 105.76137035830934"
39672912,06/03/2025,"Chính chủ cần bán gấp căn hộ 3PN tại Imperia Smart City - giá tốt 4,5 tỷ full đồ xịn","4,5 tỷ","74,5 m²","60,4 tr/m²",3,2,"Tây Mỗ, Nam Từ Liêm","20.9992771148682, 105.73811340332"
38972854,06/03/2025,"Bán căn hộ Penthouse ~200m2 chung cư The Zei 8 Lê Đức Thọ, hướng Nam view triệu đô SVĐ Mỹ Đình",Giá thỏa thuận,192 m²,N/A,4,3,"Mỹ Đình 2, Nam Từ Liêm","21.0344581604004, 105.769653320313"
42184973,06/03/2025,"Em Trang cần bán căn 3PN, 2WC tại The Matrix One, 12 tỷ, 112m2. Full NT hướng ĐN. Lh 0792 826 ***",12 tỷ,112 m²,"107,14 tr/m²",3,2,"Mễ Trì, Nam Từ Liêm","21.009391956066686, 105.77366589083427"
41934879,06/03/2025,"Gấp! Bán nhanh căn 1PN+1 43m đủ nội thất tại Smart City - tầng trung, view đẹp - giá 2,55tỷ bao phí","2,55 tỷ",43 m²,"59,3 tr/m²",1,1,"Tây Mỗ, Nam Từ Liêm","21.00882308195263, 105.74381480882933"
42190140,06/03/2025,"Bán CH đẹp tại The Emerald CT8 Mỹ Đình, 7,2 tỷ, 95m2, nhiều tiện ích. LH 0792 826 ***","7,2 tỷ",95 m²,"75,79 tr/m²",3,2,"Mỹ Đình 1, Nam Từ Liêm","21.021993851219722, 105.77211815529748"
41841390,06/03/2025,"Bán gấp căn hộ 2PN, 76m2, 5tỷ VND tại Roman Plaza, Tố Hữu, full NT, sổ sẵn giao dịch. Lh 0792 826 ***",5 tỷ,76 m²,"65,79 tr/m²",2,2,"Đại Mỗ, Nam Từ Liêm","20.984163762081817, 105.77690815577874"
42348191,06/03/2025,"Bán Căn hộ chung cư tại Dolphin Plaza, 12,5 tỷ, 186m2 (3n+1-2vs). Full nt. Lh 0792 826 ***","12,5 tỷ",186 m²,"67,2 tr/m²",N/A,N/A,"Mỹ Đình 2, Nam Từ Liêm","21.02920194852033, 105.77645135655379"
42353348,06/03/2025,"Chính chủ chuyển nhượng căn hộ đã có HĐMB 62.2 m2, của CĐT Singapore","5,4 tỷ","62,2 m²","86,82 tr/m²",2,2,"Tây Mỗ, Nam Từ Liêm","21.01161155994218, 105.73575947005678"
41091810,06/03/2025,"Bán gấp căn hộ 3N 2VS tòa Tonkin 1, diện tích 82m2, Vinhomes Smart City","5,55 tỷ",82 m²,"67,68 tr/m²",3,2,"Tây Mỗ, Nam Từ Liêm","21.005370548496447, 105.73867691885064"
42353339,06/03/2025,"Bán Căn Hộ Chung Cư Flc Complex ~110m2. Sổ Hồng Sẵn Giao Dịch, Giá 7.X tỷ. Giao Dịch Ngay","7,5 tỷ",110 m²,"68,18 tr/m²",3,2,"Mỹ Đình 2, Nam Từ Liêm","21.027541598996905, 105.77926540725949"
42353538,06/03/2025,"Chính chủ cần bán căn hộ 2N2W FLC 36 Phạm Hùng, Giá 5,2ty, Đầy đủ nội thất, Sẵn sổ giao dịch","5,23 tỷ",78 m²,67 tr/m²,2,2,"Mỹ Đình 2, Nam Từ Liêm","21.02817717765752, 105.77944615549777"
39425233,06/03/2025,"Thủ tục nhanh gọn chính chủ bán gấp căn hộ 2N2WC tại The Tonkin giá tốt 3,9 tỷ full đồ","3,9 tỷ","64,5 m²","60,46 tr/m²",2,2,"Tây Mỗ, Nam Từ Liêm","21.0052261352539, 105.738914489746"
42353327,06/03/2025,"Ngay trung tâm Mỹ Đình có căn 2 ngủ 2 wc giá chỉ nhỉnh 4 tỷ - Mon City, LH:0915 867 ***",Giá thỏa thuận,52 m²,N/A,N/A,N/A,"Mỹ Đình 2, Nam Từ Liêm","21.035067338590046, 105.76745035264824"
40485547,06/03/2025,"Bán gấp 3 căn góc 138m2 giá 7,5 tỷ- 198m2 giá 10,9 tỷ- đập thông 267m2 giá 14 tỷ tại Dolphin Plaza","10,9 tỷ",200 m²,"54,5 tr/m²",4,3,"Mỹ Đình 2, Nam Từ Liêm","21.0300445556641, 105.776626586914"
41082966,06/03/2025,"Chính chủ bán căn 2N, 2VS 3,35 tỉ tòa SA3, Vinhomes Smart City","3,35 tỷ",54 m²,"62,04 tr/m²",2,2,"Tây Mỗ, Nam Từ Liêm","21.005226135253906, 105.7389144897461"
41083071,06/03/2025,"Em cần bán gấp căn 2N2VS tòa TK2 tầng trung, Vinhomes Smart City","4,6 tỷ","64,5 m²","71,32 tr/m²",2,2,"Tây Mỗ, Nam Từ Liêm","21.005226135253906, 105.7389144897461"
41924795,06/03/2025,"Bán căn 3N 2WC là căn góc 108m2 tòa A, View Mỹ Đình Lê Đức Thọ, căn hiếm bán . Liên hệ Ms Vân Hà","9,7 tỷ",108 m²,"89,82 tr/m²",3,2,"Mỹ Đình 2, Nam Từ Liêm","21.0343854744287, 105.769042770261"
42326407,06/03/2025,"Cần bán lại gấp căn 3N tòa S202 để đầu tư - DT 74m2, giá 4,150 tỷ","4,15 tỷ",74 m²,"56,08 tr/m²",3,2,"Tây Mỗ, Nam Từ Liêm","21.0062160491943, 105.736473083496"
42353467,06/03/2025,"BÁN CĂN HỘ ĐẲNG CẤP THE MATRIX ONE - 114M2, 3 NGỦ VIEW HỒ CỰC ĐẸP ĐẲNG CẤP. CHỈ 12.X TỶ",13 tỷ,114 m²,"114,03 tr/m²",N/A,N/A,"Mễ Trì, Nam Từ Liêm","21.0109995663502, 105.771885079998"
42353439,06/03/2025,"Chính chủ bán căn hộ 77.8m2, 2PN, full đồ đẹp, chung cư Florence, giá cực tốt 4.9 tỷ","4,9 tỷ","77,8 m²","62,98 tr/m²",2,2,"Cầu Diễn, Nam Từ Liêm","21.030731201171875, 105.7613296508789"
42240239,06/03/2025,"Chính chủ bán căn góc 3 ngủ diện tích 99m2,nhà đẹp full đồ ban công Đông Nam giá 4,85 tỷ tại Coma 6","4,85 tỷ",99 m²,"48,99 tr/m²",3,2,"Tây Mỗ, Nam Từ Liêm","21.016429597175826, 105.74643874200457"
41853428,06/03/2025,"Chính chủ bán căn 2PN Mỹ Đình Plaza 2 Nguyễn Hoàng, DT 78m, sẵn sổ, full nội thất, giá thật 4,6 tỷ","4,6 tỷ",78 m²,"58,97 tr/m²",2,2,"Mỹ Đình 2, Nam Từ Liêm","21.031093250462987, 105.77458664489816"
42342593,06/03/2025,"Chủ nhà cần bán gấp giá theo HDMB CH 2N2WC 3,4 tỷ view đẹp, đứng tên trực tiếp với CDT 2 hầm để xe","3,4 tỷ","54,3 m²","62,62 tr/m²",2,2,"Tây Mỗ, Nam Từ Liêm","21.009093317704284, 105.74398228971783"
39445622,06/03/2025,"Em cần bán căn 85m 3 ngủ 2vs chung cư Florence Mỹ Đình, Đ/C: 28 Trần Hữu Dực. LH: 0818 340 ***",Giá thỏa thuận,85 m²,N/A,3,2,"Cầu Diễn, Nam Từ Liêm","21.0307312011719, 105.761329650879"
40739766,06/03/2025,"Chính chủ bán căn KeangNam 158.4m2 4 ngủ view sân vận động, nội thất mới cao cấp xem nhà 24/7",12 tỷ,"158,4 m²","75,76 tr/m²",4,3,"Mễ Trì, Nam Từ Liêm","21.016849517822266, 105.78397369384766"
40216255,06/03/2025,"Chủ thiện chí giao bán căn hộ 79m2 2 ngủ 2 wc Vinhome Gardenia, full nội thất xem nhà 24/7","5,5 tỷ",79 m²,"69,62 tr/m²",2,2,"Cầu Diễn, Nam Từ Liêm","21.036524944206803, 105.76090365096593"
40775547,06/03/2025,"(Mới) Chính chủ bán gấp 3pn 108m2 giá 7,9 tỷ và 4pn 132m2 giá 10,9 tỷ toà VinGardenia, nhà sửa đẹp","10,9 tỷ",132 m²,"82,58 tr/m²",4,3,"Cầu Diễn, Nam Từ Liêm","21.036642314839746, 105.76055729561527"
40729135,06/03/2025,"Cập nhật căn hộ The Emerald bán tháng 3/2025 mình là cư dân sống ở đây căn E3.20.8, không chào ảo",Giá thỏa thuận,81 m²,N/A,2,2,"Mỹ Đình 1, Nam Từ Liêm","21.0221614837646, 105.771797180176"
42327063,06/03/2025,"Bán cắt lỗ căn hộ 2N2WC + Tòa S301 - DT TT 63,4m2, giá 3,75 tỷ bao phí (giá chuẩn)","3,75 tỷ","63,4 m²","59,15 tr/m²",2,2,"Tây Mỗ, Nam Từ Liêm","21.00615625302476, 105.73646202605897"
34922703,06/03/2025,"Keangnam 118m2, 107m2, 126m2, 156m2, 206m2, Penhouse 430m2. LH: 0974 681 ***",Giá thỏa thuận,"107,8 m²",N/A,3,2,"Mễ Trì, Nam Từ Liêm","21.0168495178223, 105.783973693848"
40728615,06/03/2025,"Chính chủ bán gấp căn 2 + 1, 63.4m2 - 3,65 tỷ, ban công Đông Nam, Vinhomes Smart City","3,65 tỷ","63,4 m²","57,57 tr/m²",2,2,"Tây Mỗ, Nam Từ Liêm","21.0062160491943, 105.736473083496"
40881809,06/03/2025,"Quỹ căn West Point 3PN+ , diện tích 115m2, full đồ giá chỉ từ 60tr/m2. LH 0832 201 ***",7 tỷ,110 m²,"63,64 tr/m²",3,3,"Mễ Trì, Nam Từ Liêm","21.0118827819824, 105.786445617676"
39383317,06/03/2025,"Gia đình cần bán căn 2 ngủ Mỹ Đình Plaza 2, Nguyễn Hoàng, DT: 72m2 4,2 tỷ sẵn sổ full nội thất","4,2 tỷ",72 m²,"58,33 tr/m²",2,2,"Mỹ Đình 2, Nam Từ Liêm","21.031084060668945, 105.77456665039062"
42353161,06/03/2025,"Bán căn 3N CC Vinhomes Smart City, Tây Mỗ, 5,7 tỷ, 76m2, hàng hot view đẹp","5,7 tỷ",76 m²,75 tr/m²,N/A,N/A,"Tây Mỗ, Nam Từ Liêm","21.009293147736, 105.744255366206"
42353288,06/03/2025,"Chính chủ gửi bán căn hộ 3PN 105m2 tại CT4 Sudico Sông Đà ,tầng trung nhà đẹp hướng mát giá tốt","5,25 tỷ",105 m²,50 tr/m²,3,2,"Mỹ Đình 1, Nam Từ Liêm","21.016993809514776, 105.78040298541697"
39557877,06/03/2025,Bán căn hộ rẻ nhất tòa Sudico CT5 Mỹ Đình SÔng Đà 145m2 4PN căn góc full đồ nhỉnh 7 tỷ 0824 825 ***,7 tỷ,145 m²,"48,28 tr/m²",4,3,"Mỹ Đình 1, Nam Từ Liêm","21.0174350738525, 105.780395507813"
37924766,06/03/2025,Bán gấp CHCC căn góc 110m2 3PN full đồ đẹp tại Mỹ Đình Plaza 2 nhỉnh 7 tỷ có slot ottô 0969 286 ***,7 tỷ,110 m²,"63,64 tr/m²",3,2,"Mỹ Đình 2, Nam Từ Liêm","21.031084060668945, 105.77456665039063"
41603386,06/03/2025,Chính chủ bán căn 1PN + 43m2 tòa S303 Vinhomes Smart City Tây Mỗ full đồ sẵn sổ. Giá: 2.7tỷ bao phí,"2,7 tỷ",43 m²,"62,79 tr/m²",2,1,"Tây Mỗ, Nam Từ Liêm","21.006216049194336, 105.7364730834961"
42253114,06/03/2025,Chính chủ cần tiền bán gấp 2PN + 64m2 tòa SA5 The Sakura Vinhomes Smart City. Giá 4.1 tỷ bao phí,"4,1 tỷ",64 m²,"64,06 tr/m²",2,N/A,"Tây Mỗ, Nam Từ Liêm","21.0055106545401, 105.739589714358"
38739580,06/03/2025,"Cần bán căn góc 3PN giá 8,3 tỷ bao phí đã gồm KPBT, full NT liền tường cao cấp, nhận nhà ở ngay","8,3 tỷ","108,64 m²","76,4 tr/m²",3,2,"Cầu Diễn, Nam Từ Liêm","21.0401592254639, 105.76131439209"
42351751,06/03/2025,"Bán căn hộ NT Home Phương Canh 59m2 full nội thất, giá 3.35 tỷ","3,35 tỷ",59 m²,"56,78 tr/m²",2,2,"Phương Canh, Nam Từ Liêm","21.053128411542538, 105.73399428238889"
40889553,06/03/2025,"7,69 tỷ căn 3PN mới tinh, diện tích 104m2, hướng mát, view siêu đẹp có 2 slot oto - Mỹ Đình Pearl","7,69 tỷ",104 m²,"73,94 tr/m²",3,2,"Phú Đô, Nam Từ Liêm","21.0124320983887, 105.767395019531"
42260507,06/03/2025,"Sở hữu ngay căn hộ 3ngủ 2vs 94m2,nhà đẹp căn góc thoáng mát sẵn sổ giá cực rẻ tại P1 Mỹ Đình Pearl","7,75 tỷ",94 m²,"82,45 tr/m²",3,2,"Phú Đô, Nam Từ Liêm","21.01212440141987, 105.76785428609884"
42352843,06/03/2025,"Bán căn 3n The Matrixone, Mỹ đình","12,6 tỷ",114 m²,"110,53 tr/m²",3,2,"Mễ Trì, Nam Từ Liêm","21.009402465457455, 105.77379832409642"
42236819,06/03/2025,"Chính chủ bán căn CC 2ngủ 2VS 74m2, tầng trung nhà đẹp full đồ giá 4,5 tỷ tại Mỹ Đình Plaza 1","4,35 tỷ",74 m²,"58,78 tr/m²",2,2,"Mỹ Đình 2, Nam Từ Liêm","21.030901178052233, 105.77583127646683"
42286977,06/03/2025,"BÁN NHANH CĂN HỘ ĐẸP THE MANOR, GIÁ TỐT NHẤT THỊ TRƯỜNG, SỔ ĐỎ SẴN GIAO DỊCH, NỘI THẤT CAO CẤP",Giá thỏa thuận,"100,6 m²",N/A,2,2,"Mỹ Đình 1, Nam Từ Liêm","21.014174044475517, 105.77587070035972"
41934467,06/03/2025,"Chuyển nhượng căn góc 2PN+1 64m2 thiết kế được thành 3PN- nội thất đẹp đã có sổ- giá 3,86tỷ bao phí","3,86 tỷ",64 m²,"60,31 tr/m²",3,2,"Tây Mỗ, Nam Từ Liêm","21.008838847530274, 105.74428949316886"
41528726,06/03/2025,"Cắt lỗ bán gấp căn 2PN 2VS tòa G3 - Giá 3,6 tỷ - View đẹp - 0974 121 ***","3,6 tỷ","53,3 m²","67,54 tr/m²",2,2,"Mễ Trì, Nam Từ Liêm","20.9989585876465, 105.788032531738"
42048468,06/03/2025,"Do chuyển đổi công việc, cần bán CH C5 mặt đường nguyễn cơ thạch, mỹ đình 1, nam từ liêm, Hà Nội",Giá thỏa thuận,80 m²,N/A,3,2,"Mỹ Đình 1, Nam Từ Liêm","21.0203891255972, 105.761958940666"
42304487,06/03/2025,"GIÁ CỰC TỐT- BÁN NHANH CĂN HỘ CAO CẤP TÒA KEANGNAM, BAN CÔNG VIEW RẤT ĐẸP, SỔ ĐỎ SẴN GIAO DỊCH",9 tỷ,118 m²,"76,27 tr/m²",3,2,"Mễ Trì, Nam Từ Liêm","21.0168495178223, 105.783973693848"
42115361,06/03/2025,"Do không có nhu cầu ở cần bán lại căn hộ chung cư C5 mặt đường Nguyễn Cơ Thạch, Mỹ Đình 1, NTL",Giá thỏa thuận,80 m²,N/A,3,2,"Cầu Diễn, Nam Từ Liêm","21.03526951795008, 105.76457284047432"
42200835,06/03/2025,"Bán gấp căn hộ 2 ngủ tầng đẹp view thoáng mát, nội thất đầy đủ sẵn về ở luôn tại dự án HDMon City",Giá thỏa thuận,54 m²,N/A,2,2,"Mỹ Đình 2, Nam Từ Liêm","21.03517723056842, 105.76723859721244"
42115366,06/03/2025,"Mua nhà nhận vàng cần bán nhanh căn hộ chung cư HH2 Bắc Hà, Tố Hữu, Lê Văn Lương, Hà Nội",Giá thỏa thuận,135 m²,N/A,3,2,"Trung Văn, Nam Từ Liêm","20.997211298734495, 105.79499891179529"
42353078,06/03/2025,"Cực hiếm! Căn hộ 1 phòng ngủ 34m tại ngõ 394 đường Mỹ Đình giá 1 tỷ 180 triệu, nhận nhà ngay","1,18 tỷ",34 m²,"34,71 tr/m²",1,1,"Mỹ Đình 1, Nam Từ Liêm","21.0207150692294, 105.775079740991"
41492588,06/03/2025,"Cần bán gấp căn 2PN + 1VS tòa G3 Vinhomes GreenBay Mễ trì, giá :3,2 tỷ- 0974 121 ***","3,2 tỷ","55,16 m²","58,01 tr/m²",2,1,"Mễ Trì, Nam Từ Liêm","20.99921377186691, 105.78812896531437"
42304406,06/03/2025,"Vợ chông tôi cần bán căn hộ cao cấp The Zei Lê Đức Thọ, để lại đầy đủ nội thất, sổ đỏ sẵn giao dịch","7,5 tỷ",108 m²,"69,44 tr/m²",3,2,"Mỹ Đình 2, Nam Từ Liêm","21.0344581604004, 105.769653320313"
42285252,06/03/2025,"Tôi cần bán căn hộ cao cấp tại dự án Roman Plaza, để lại đầy đủ đồ nội thất, sổ đỏ sẵn giao dịch",Giá thỏa thuận,76 m²,N/A,2,2,"Đại Mỗ, Nam Từ Liêm","20.984163390794475, 105.77601182426582"
42298773,06/03/2025,"Chính chủ cần bán căn hộ cao cấp Vinhomes Gardenia, Nội thất để lại đầy đủ sẵn về ở, sổ đỏ lâu dài",6 tỷ,76 m²,"78,95 tr/m²",2,2,"Cầu Diễn, Nam Từ Liêm","21.036424920028352, 105.76055233914836"
42302935,06/03/2025,"Bán quỹ căn giá rẻ 2PN - 3PN Golden Field Mỹ Đình DT 90m2, 110m2,120m2 LH: 0906 241 ***","6,5 tỷ",110 m²,"59,09 tr/m²",3,2,"Cầu Diễn, Nam Từ Liêm","21.035139297324864, 105.76528569926934"
42304952,06/03/2025,"CẮT LỖ BÁN NHANH CĂN GÓC 2 NGỦ HOÀNG THÀNH PEARL, GIÁ CỰC SỐC, ĐÃ CÓ NỘI THẤT ĐẦY ĐỦ SẴN Ở NGAY","5,5 tỷ",80 m²,"68,75 tr/m²",2,2,"Cầu Diễn, Nam Từ Liêm","21.039474894147133, 105.76169209454764"
37617271,06/03/2025,"Capital Elite 18 Phạm Hùng, CK 7%, HTLS 18 tháng, cam kết chỗ ô tô, tặng thêm quà 50tr. 0973 038 ***","9,12 tỷ",114 m²,80 tr/m²,3,2,"Mỹ Đình 2, Nam Từ Liêm","21.0185661315918, 105.781684875488"
42210056,06/03/2025,Bán căn hộ 2pn2wc 65m2 giá 4.X tỷ phân khu The TONKIN. LH 0984 576 ***,"4,9 tỷ",65 m²,"75,39 tr/m²",2,2,"Tây Mỗ, Nam Từ Liêm","21.00513039601529, 105.73898853925881"
42203719,06/03/2025,"Căn hộ Keangnam - Phạm Hùng 120m2 3N 2VS 9,7 tỷ full nội thất ở ngay, sổ đỏ người Việt: 0966 769 ***","9,7 tỷ",120 m²,"80,83 tr/m²",3,2,"Mễ Trì, Nam Từ Liêm","21.01698564575863, 105.78418660407355"
42333186,06/03/2025,"Chính chủ bán căn hộ 156m2, 4PN, nhà vuông vắn, chung cư Keangnam. Giá 10.9 tỷ có thương lượng","10,9 tỷ",156 m²,"69,87 tr/m²",4,2,"Mễ Trì, Nam Từ Liêm","21.017330029617682, 105.78389240257967"
42320566,06/03/2025,"Chính chủ bán căn hộ 85m2, 3PN, full đồ đẹp, căn góc, chung cư Florence. Giá cực tốt 5 tỷ",5 tỷ,85 m²,"58,82 tr/m²",3,2,"Cầu Diễn, Nam Từ Liêm","21.030837503319773, 105.7615839430423"
42278156,06/03/2025,"Chính chủ bán căn hộ 80m2, 2PN, view đẹp, chung cư Hoàng Thành Pearl. Giá 5 tỷ",5 tỷ,80 m²,"62,5 tr/m²",2,2,"Cầu Diễn, Nam Từ Liêm","21.039823413022432, 105.76126646326274"
42277628,06/03/2025,"BÁN CĂN HỘ GIÁ CỰC TỐT 90m2, 2PN + 1, Full nội thất, chung cư The Zei Mỹ Đình. Giá chỉ 5.9 tỷ","5,9 tỷ",90 m²,"65,56 tr/m²",2,2,"Mỹ Đình 2, Nam Từ Liêm","21.0344581604004, 105.769653320313"
42275891,06/03/2025,"Chính chủ bán căn hộ 155m2, 4 phòng ngủ, view hồ đẹp, chung cư Vinhomes Skylake. Giá 14.5 tỷ","14,5 tỷ",155 m²,"93,55 tr/m²",4,3,"Mỹ Đình 1, Nam Từ Liêm","21.02016830444336, 105.78075408935547"
42278151,06/03/2025,"Nhà mình bán căn hộ 145m2, 4PN 3VS, full đồ, ban công ĐN, chung cư Mỹ Đình Pearl. Giá 10.8 tỷ","10,8 tỷ",145 m²,"74,48 tr/m²",4,3,"Phú Đô, Nam Từ Liêm","21.012693886832974, 105.76762276333626"
42282944,06/03/2025,"Bán căn hộ 101m2, 3PN 2VS, căn góc, full đồ, nhà có slot ô tô, CC Vinhomes Gardenia. Giá 6.9 tỷ","6,9 tỷ",101 m²,"68,32 tr/m²",3,2,"Cầu Diễn, Nam Từ Liêm","21.036200268289818, 105.76050697584974"
42317106,06/03/2025,"Bán căn hộ 87m2, 2PN view thành phố, cửa TN, ban công ĐB, chung cư The Matrix One. Giá 6.8 tỷ","6,8 tỷ",87 m²,"78,16 tr/m²",2,2,"Mễ Trì, Nam Từ Liêm","21.009796643154775, 105.77380815464731"
42320579,06/03/2025,"Nhà mình bán Penthouse 190m2, 4PN, ban công ĐN, View bắn pháo hoa, chung cư The Zei. Giá 16.5 tỷ","16,5 tỷ",190 m²,"86,84 tr/m²",4,3,"Mỹ Đình 2, Nam Từ Liêm","21.034236415974174, 105.7701312123635"
42332842,06/03/2025,"Hàng hiếm! Căn hộ 113m2, cửa ĐB, ban công TN, view công viên, CC The Matrix One, giá 9.3 tỷ","9,3 tỷ",113 m²,"82,3 tr/m²",3,2,"Mễ Trì, Nam Từ Liêm","21.009369831707097, 105.77376933518678"
42321761,06/03/2025,"(Giá thật) bán căn hộ 68m2, 2PN 2VS, full đồ, chung cư Vinhomes West Point. Giá 4.9 tỷ bao phí","4,9 tỷ",68 m²,"72,06 tr/m²",2,2,"Mễ Trì, Nam Từ Liêm","21.01147302988234, 105.78652530947838"
42278147,06/03/2025,"Chính chủ bán Penhouse 190m2, 4PN 4VS, full đồ đẹp, chung cư Iris Garden. Giá chỉ 10 tỷ","13,6 tỷ",190 m²,"71,58 tr/m²",4,4,"Cầu Diễn, Nam Từ Liêm","21.031785002617543, 105.75980294302973"
41533043,06/03/2025,"Chính chủ bán căn hộ 2 ngủ Garden Hill 99 Trần Bình, DT: 81m2 4tỷ5 sẵn sổ full nội thất","4,5 tỷ",81 m²,"55,56 tr/m²",2,2,"Mỹ Đình 2, Nam Từ Liêm","21.030405044555664, 105.77703094482422"
42352770,06/03/2025,"Cần bán gấp căn góc 3ngủ 120m2 tại Golden Filed,căn hộ tầng trung ban công Đông Nam,full đồ giá tốt","6,8 tỷ",120 m²,"56,67 tr/m²",3,2,"Cầu Diễn, Nam Từ Liêm","21.03481842225266, 105.76562650042294"
30633974,06/03/2025,Danh sách căn hộ Golden Palace Mễ Trì chính chủ từ ban quản lý chung cư Golden Palace LH 0931 429 ***,"5,4 tỷ",85 m²,"63,53 tr/m²",2,2,"Mễ Trì, Nam Từ Liêm","21.0119361877441, 105.774993896484"
41981701,06/03/2025,"Chính chủ bán căn 2Ngủ 2WC Ecolife Capitol 58 Tố Hữu DT 76m2, sẵn sổ, nội thất đẹp, giá thật 4,8 tỷ","4,8 tỷ",76 m²,"63,16 tr/m²",2,2,"Trung Văn, Nam Từ Liêm","20.9945278427987, 105.789001595075"
40391679,06/03/2025,"Chính chủ bán căn 2PN Garden Hill 99 Trần Bình, DT 80m, giá thật 4,7 tỷ, sẵn sổ, đủ nội thất,","4,7 tỷ",80 m²,"58,75 tr/m²",2,2,"Mỹ Đình 2, Nam Từ Liêm","21.0304050445557, 105.777030944824"
41469763,06/03/2025,"Cần bán căn 2 ngủ Roman Plaza Tố Hữu, DT 76m2, giá thật 4,7 tỷ, sẵn sổ, đủ nội thất, có slot ô tô","4,7 tỷ",76 m²,"61,84 tr/m²",2,2,"Đại Mỗ, Nam Từ Liêm","20.9844528598975, 105.776750582817"
42352661,06/03/2025,"Cần bán gấp căn hộ 2ngủ 84m2 tại Golden Filed ,tầng trung full đồ có slot ô tô giá nhỉnh 5tỷ",5 tỷ,84 m²,"59,52 tr/m²",2,2,"Cầu Diễn, Nam Từ Liêm","21.034964870313082, 105.76617672414126"
42109908,06/03/2025,"Chính chủ bán gấp ch 83m2 - 3pn - 2wc full nội thất, hướng mát ở An Bình Plaza giá 5 tỷ",5 tỷ,83 m²,"60,24 tr/m²",3,2,"Mỹ Đình 2, Nam Từ Liêm","21.030516469554165, 105.77784777046338"
42337054,06/03/2025,"Chính chủ gửi bán nhanh căn hộ cao cấp 3PN tầng trung, căn góc, 2 mặt thoáng tại The Zei Mỹ Đình","9,3 tỷ","107,8 m²","86,27 tr/m²",3,2,"Mỹ Đình 2, Nam Từ Liêm","21.034670309013457, 105.76992694201063"
41296554,06/03/2025,"Bán căn hộ 2 ngủ FLC 36 Phạm Hùng view Hồ Điều Hoà. Giá 4,5 tỷ DT 70m2 và 2VS. LH 0978 965 ***","4,5 tỷ",70 m²,"64,29 tr/m²",2,2,"Mỹ Đình 2, Nam Từ Liêm","21.028190612793, 105.779197692871"
42352482,06/03/2025,"Bán căn hộ 3 phòng ngủ, CT5-CT6 Lê Đức Thọ, 7,07 tỷ, 98m2, 3PN, 2WC, đầy đủ nội thất, Tây Nam","7,07 tỷ",98 m²,"72,14 tr/m²",3,2,"Mỹ Đình 2, Nam Từ Liêm","21.0292384659014, 105.769043545039"
41842606,06/03/2025,"Bán căn hộ Mỹ Đình Plaza 2, 78m2, 2 ngủ full đồ, tầng trung, giá rẻ. LH: 0906 241 ***",5 tỷ,78 m²,"64,1 tr/m²",2,2,"Mỹ Đình 2, Nam Từ Liêm","21.031468863840683, 105.77464999508196"
42260745,06/03/2025,"Bán căn góc 2 mặt thoáng 105 m2 -3pn-2wc full nội thất ở Golden Field Mỹ Đình, giá 5,9 tỷ","5,9 tỷ",105 m²,"56,19 tr/m²",3,2,"Cầu Diễn, Nam Từ Liêm","21.034916856451833, 105.76486112863483"
42236595,06/03/2025,Bán căn 3 ngủ view sân Mỹ Đình tại FLorence - giá chỉ 5 ty 9,"5,95 tỷ",85 m²,70 tr/m²,3,2,"Cầu Diễn, Nam Từ Liêm","21.030936594143846, 105.76103796386589"
42337488,06/03/2025,"Cần bán gấp CH 2PN ngủ CC Bonanza 23, Đường Duy Tân giá rẻ nhất thị trường LH: 0906 241 ***","6,1 tỷ",73 m²,"83,56 tr/m²",2,2,"Mỹ Đình 2, Nam Từ Liêm","21.0311419713309, 105.780704201802"
38769102,06/03/2025,Chính chủ cần bán gấp căn hộ CCCC 2PN+1 103m2 tại Sunshine Center 16 Phạm Hùng,Giá thỏa thuận,103 m²,N/A,2,2,"Mỹ Đình 2, Nam Từ Liêm","21.018648147583, 105.781791687012"
40171953,06/03/2025,"Bán căn hộ chung cư A4 Hàm Nghi, khu đô thị Mỹ Đình 1, Nam Từ Liêm. DT: 126m2, 3 ngủ. LH 0906 241 ***","6,1 tỷ",126 m²,"48,41 tr/m²",3,2,"Cầu Diễn, Nam Từ Liêm","21.034912109375, 105.764404296875"
42352570,06/03/2025,CHUNG CƯ ĐẠI MỖ- 65M  2 NGỦ - TIỆN ÍCH ĐẦY ĐỦ - SỔ CHÍNH CHỦ - GIÁ 4.3 TỶ(HHTL36254),"4,3 tỷ",65 m²,"66,15 tr/m²",2,2,"Đại Mỗ, Nam Từ Liêm","20.993080121533723, 105.76220426318856"
42352551,06/03/2025,"Chính chủ bán căn hộ 138m2, 4PN đẹp nhất chung cư Vinhomes Gardenia có slot ô tô. Gía 10.9 tỷ","10,9 tỷ",138 m²,"78,99 tr/m²",4,3,"Cầu Diễn, Nam Từ Liêm","21.03656768798828, 105.76048278808594"
42245037,06/03/2025,"Chính chủ nhờ bán căn hộ chung cư 789 Mỹ Đình, Nam Từ Liêm 91m2, 3 ngủ, 4.65 tỷ. Ở Luôn. 0357 784 ***","4,65 tỷ",95 m²,"48,95 tr/m²",3,2,"Mỹ Đình 1, Nam Từ Liêm","21.0249726037088, 105.771238472505"
40911799,06/03/2025,"Chính chủ cần chuyển nhượng gấp căn 1PN + tại phân khu Imperia, 42.9m2, nguyên bản, giá chỉ 2.9 tỷ","2,9 tỷ","42,9 m²","67,6 tr/m²",2,1,"Tây Mỗ, Nam Từ Liêm","20.999277114868164, 105.73811340332031"
42352260,06/03/2025,"[Siêu Hiếm] Bán căn hộ 2N2W 78,4m Garden Hill, Full nội thất đẹp sẵn sổ bao toàn bộ thuế phí","5,25 tỷ","78,4 m²","66,96 tr/m²",2,2,"Mỹ Đình 2, Nam Từ Liêm","21.031196503758817, 105.7767395629919"
42352256,06/03/2025,"Bán căn hộ Vinhomes Smart City 2 ngủ giá hiếm có 3,46 tỷ","3,46 tỷ",54 m²,"64,07 tr/m²",2,1,"Tây Mỗ, Nam Từ Liêm","21.00962915273709, 105.74381238428825"
40366304,06/03/2025,"Siêu hót chính chủ: 2PN 54,8m2 - 2.8 tỷ, Đông Nam, phân khu cao cấp Vin Smart City","2,8 tỷ","54,8 m²","51,1 tr/m²",2,1,"Tây Mỗ, Nam Từ Liêm","21.0065746307373, 105.745048522949"
41525217,06/03/2025,Chính chủ gửi bán CH 2N - 2WC toà G1 Vinhomes Green Bay 0967 913 ***,"5,5 tỷ","69,23 m²","79,44 tr/m²",2,2,"Mễ Trì, Nam Từ Liêm","20.9989585876465, 105.788032531738"
40534564,06/03/2025,(Mới) Chính chủ cần bán 2 căn hộ 132m2 và 141m2 tòa CT4 Sudico Mỹ Đình. Thiết kế 4 ngủ 3 vệ sinh,9 tỷ,132 m²,"68,18 tr/m²",4,3,"Mỹ Đình 1, Nam Từ Liêm","21.0174350738525, 105.780395507813"
42285287,06/03/2025,"Bán CC tại The Garden Hills, 4 tỷ, 58m2, 2PN, 2WC, pháp lý đầy đủ",4 tỷ,58 m²,"68,97 tr/m²",2,2,"Mỹ Đình 2, Nam Từ Liêm","21.030225363797197, 105.77714101622172"
42329229,06/03/2025,"Bán CC Ecolife Capitol, Tố Hữu, Nam Từ Liêm, 3,5 tỷ, 49m2, view đẹp","3,5 tỷ",49 m²,"71,43 tr/m²",1,1,"Trung Văn, Nam Từ Liêm","20.9943289280462, 105.78968586001642"
40400056,06/03/2025,"Chính chủ cần bán căn hộ 90m2, 2PN 2VS toà CT4 khu ĐT Sudico Mỹ Đình Sông Đà",Giá thỏa thuận,90 m²,N/A,2,2,"Mỹ Đình 1, Nam Từ Liêm","21.01743507385254, 105.7803955078125"
41641641,06/03/2025,"Chính chủ cần bán gấp căn studio toà Imperia Tây Mỗ, giá chỉ 2 tỷ Vinhomes Smartcity",2 tỷ,"28,4 m²","70,42 tr/m²",1,1,"Tây Mỗ, Nam Từ Liêm","20.999172468290354, 105.73771671418577"
42314988,06/03/2025,"Bán CC Ecolife Capitol, Tố Hữu, 4,8 tỷ, 75m2, 2PN, 2WC","4,8 tỷ",75 m²,64 tr/m²,2,2,"Trung Văn, Nam Từ Liêm","20.994532766327985, 105.78936384958652"
41690592,06/03/2025,Bán gấp căn hộ 108m2 3PN Căn góc Sun Square để lại full nội thất có slot ôtô giá rẻ nhất thị trường,"6,9 tỷ",108 m²,"63,89 tr/m²",3,2,"Mỹ Đình 2, Nam Từ Liêm","21.033766, 105.7703"
42331615,06/03/2025,"Bán gấp CC An Bình Plaza, Trần Bình, Mỹ Đình 2, Nam Từ Liêm, Hà Nội 5,8 tỷ, 83m2","5,8 tỷ",83 m²,"69,88 tr/m²",3,2,"Mỹ Đình 2, Nam Từ Liêm","21.031635939757173, 105.77685067585462"
41526862,06/03/2025,Chính chủ cần bán cắt lỗ căn 2PN 1VS căn hộ Tòa G3 tại Vinhomes Green Bay - 0974 046 ***,"3,1 tỷ","55,25 m²","56,11 tr/m²",2,1,"Mễ Trì, Nam Từ Liêm","20.998958587646484, 105.78803253173828"
42299115,06/03/2025,"Chính chủ bán căn hộ Ecolife Tố Hữu, 38m2 1 phòng ngủ 1 khách full nội thất giá 2tỷ",2 tỷ,38 m²,"52,63 tr/m²",1,1,"Trung Văn, Nam Từ Liêm","20.9945305981808, 105.789392546896"
39195033,06/03/2025,"Chính chủ bán căn hộ Tây Hà Tower Tố Hữu, 122m2 thiết kế 3ngủ tầng trung nội thất đẹp giá 6.5tỷ","6,5 tỷ",122 m²,"53,28 tr/m²",3,2,"Trung Văn, Nam Từ Liêm","20.996280670166, 105.793251037598"
40573274,06/03/2025,"Bán căn 1PN +: Tòa I2 - 43.2m2, 2.6 tỷ - Imperia Smart City, chính chủ cần bán gấp tuần này","2,6 tỷ","43,2 m²","60,18 tr/m²",1,1,"Tây Mỗ, Nam Từ Liêm","20.9992771148682, 105.73811340332"
41983750,06/03/2025,"Bán căn hộ 2PN, 1WC tại The Sapphire - Vinhomes Smart City, 3,2 tỷ, 54,8m2, Nam Từ Liêm, Hà Nội","3,2 tỷ","54,8 m²","58,39 tr/m²",2,1,"Tây Mỗ, Nam Từ Liêm","21.0055767169411, 105.736392776611"
42157334,06/03/2025,Chính chủ bán căn hộ 2 ngủ 61m2 chung cư Iris Gaden 30 Trần Hữu Dực giá tốt,Giá thỏa thuận,61 m²,N/A,2,2,"Cầu Diễn, Nam Từ Liêm","21.031186539573312, 105.76009270072701"
39888717,06/03/2025,"Chính chủ bán 2PN +: Tòa I4 - 63.9m2 Imperia Smart City, mua nhanh gia lộc thêm 50tr","4,3 tỷ","63,9 m²","67,29 tr/m²",2,2,"Tây Mỗ, Nam Từ Liêm","20.9992771148682, 105.73811340332"
42163289,06/03/2025,"Bán căn hộ chung cư Iris Garden, Trần Hữu Dực 135m2 thiết kế 3 ngủ rộng thoáng full LH 0911 120 ***",8 tỷ,135 m²,"59,26 tr/m²",3,3,"Cầu Diễn, Nam Từ Liêm","21.0308628663049, 105.76050340186"
39443540,06/03/2025,Bán cắt lỗ căn hộ 1PN + 1 42.9m2 giá 2.6tỷ hỗ trợ phí sang tên tại Vinhomes Smart City,"2,6 tỷ","42,9 m²","60,61 tr/m²",1,1,"Tây Mỗ, Nam Từ Liêm","21.006216049194336, 105.7364730834961"
42352355,06/03/2025,"Cần bán gấp chung cư tòa X2 đường Nguyễn Cơ Thạch,dt 62m,2pn,.2 vs,full nội thất ,lh 0981 245 ***",Giá thỏa thuận,62 m²,N/A,2,2,"Cầu Diễn, Nam Từ Liêm","21.0303756967769, 105.764740946859"
42352265,06/03/2025,"Bán Căn Hộ 3 phòng ngủ tại dự án 789 Mỹ Đình, 90m2, giá 4,5 tỷ giá siêu rẻ","4,5 tỷ",90 m²,50 tr/m²,3,2,"Mỹ Đình 1, Nam Từ Liêm","21.025705406569, 105.77125635032"
40822048,06/03/2025,"Chính chủ cần bán gấp căn hộ 1PN + 1, DT: 42,8m2, tầng cao view đẹp tại Vinsmart City - chỉ 2,55 tỷ","2,55 tỷ","42,8 m²","59,58 tr/m²",1,1,"Tây Mỗ, Nam Từ Liêm","21.005633484857515, 105.73600160401423"
40109297,06/03/2025,"Cập nhật quỹ căn hộ cao cấp The Manor đang giao bán. Căn 189m2, 193m2 3PN 67tr/m2",14 tỷ,189 m²,"74,07 tr/m²",3,2,"Mỹ Đình 1, Nam Từ Liêm","21.0141735076904, 105.775871276855"
42336335,06/03/2025,"Tổng hợp những căn hộ đang giao bán tại Mỹ đình pearl.DT 73m2, 79m2","5,8 tỷ",73 m²,"79,45 tr/m²",2,2,"Phú Đô, Nam Từ Liêm","21.012813646155546, 105.76677684228656"
40962704,06/03/2025,"Cập nhật quỹ căn đang giao bán tại Golden Palace. DT 88m 105m2, 118m2,120m2, 128m2. Giá 5 - 8 tỷ",7 tỷ,118 m²,"59,32 tr/m²",3,2,"Mễ Trì, Nam Từ Liêm","21.0119361877441, 105.774993896484"
42346951,06/03/2025,Cần bán gấp căn hộ 114m tòa nhà Hoàng thành pearl.TK 3n 2wc bán gấp nên bán rẻ hơn thị trường 1 tỷ,8 tỷ,114 m²,"70,18 tr/m²",3,2,"Cầu Diễn, Nam Từ Liêm","21.0403006343635, 105.76142138018042"
39637246,06/03/2025,Chính chủ bán căn 3PN 121m2 tầng trung nội thất như hình CC An Sinh KĐT Mỹ Đình 1. LH 0981 045 ***,Giá thỏa thuận,121 m²,N/A,3,2,"Cầu Diễn, Nam Từ Liêm","21.0345859527588, 105.762992858887"
38872978,06/03/2025,"Chủ nhà gửi bán quỹ căn 3PN tại Mỹ Đình 1 Nguyễn Cơ Thạch giá 4,5 tỷ DT từ 80 - 110m2 LH 0981 045 ***","4,7 tỷ",105 m²,"44,76 tr/m²",3,2,"Cầu Diễn, Nam Từ Liêm","21.034912109375, 105.764404296875"
39094593,06/03/2025,"Chính chủ cần bán căn 70m2, 2PN - 2WC, tòa G2, Vinhomes Green Bay (DTTT: 63.4m2)",5 tỷ,70 m²,"71,43 tr/m²",2,2,"Mễ Trì, Nam Từ Liêm","20.9987451381076, 105.787199644488"
40942712,06/03/2025,"Cần bán căn hộ 135m2 Iris Garden, full đồ, giá 8 tỷ 0973 563 ***",Giá thỏa thuận,135 m²,N/A,3,2,"Cầu Diễn, Nam Từ Liêm","21.0311622619629, 105.760414123535"
38832524,06/03/2025,Tôi chính chủ cần bán căn hộ 2 ngủ 2WC + 1 toà S205 giá 3.3 tỷ diện tích 69.2m2 Vinhomes Smart City,"3,3 tỷ","69,2 m²","47,69 tr/m²",2,2,"Tây Mỗ, Nam Từ Liêm","21.006722671353188, 105.73637008467763"
42351892,06/03/2025,Chính chủ cần bán 2 căn hộ 1+ Masteri west Height vinsmartcity view nội khu và view hồ,"3,7 tỷ",47 m²,"78,72 tr/m²",1,1,"Tây Mỗ, Nam Từ Liêm","21.006244096833868, 105.73679517780147"
29955332,06/03/2025,"Bán căn hộ S3 căn 02 với 3 phòng ngủ view hồ Vinhomes Skylake, tầng đẹp, view đẹp",Giá thỏa thuận,99 m²,N/A,3,2,"Mỹ Đình 1, Nam Từ Liêm","21.0201683044434, 105.780754089355"
42170214,06/03/2025,"Bán gấp căn hộ 1PN, 1WC, 43m2 tại The Sapphire, Tây Mỗ, Nam Từ Liêm, Hà Nội, 2,7 tỷ","2,75 tỷ",43 m²,"63,95 tr/m²",1,1,"Tây Mỗ, Nam Từ Liêm","21.005995553924706, 105.73576831796109"
35547443,06/03/2025,"Bán gấp căn 3 ngủ chung cư Bonanza 97m2 đầy đủ đồ, cửa Tây, nhà view Duy Tân. LH: 0846 692 ***","8,4 tỷ",97 m²,"86,6 tr/m²",3,2,"Mỹ Đình 2, Nam Từ Liêm","21.0306091308594, 105.781028747559"
42134442,06/03/2025,"Chính chủ cần bán căn hộ 103m2 chung cư The Zei, đầy đủ đồ, nhỉnh 9 tỷ 0973 563 ***",Giá thỏa thuận,103 m²,N/A,3,2,"Mỹ Đình 2, Nam Từ Liêm","21.0342068604382, 105.769929180829"
34430897,06/03/2025,"Bán Mỹ Đình Plaza 2 cơ bản giá 5 tỷ 72,6m2 2 phòng ngủ, 2 WC, LH: 0846 692 *** em Hòa",5 tỷ,"72,6 m²","68,87 tr/m²",2,2,"Mỹ Đình 2, Nam Từ Liêm","21.0310840606689, 105.774566650391"
41524690,06/03/2025,Chính chủ gửi bán CH Studio - toà G3 - Vinhomes Greenbay Mễ Trì 0974 046 ***,"1,8 tỷ","25,9 m²","69,5 tr/m²",1,1,"Mễ Trì, Nam Từ Liêm","20.9989585876465, 105.788032531738"
40851040,06/03/2025,"Chính chủ gửi bán căn hộ Hoàng Thành Pearl 3 ngủ 108m2 căn góc cơ bản giá 7,4 tỷ LH: 0846 692 ***","7,4 tỷ",108 m²,"68,52 tr/m²",3,2,"Cầu Diễn, Nam Từ Liêm","21.0401592254639, 105.76131439209"
42351856,06/03/2025,"Bán CH 2PN, 2WC, 71m2 giá cực chất tại dự án 5A Lê Đức Thọ, Mỹ Đình 2, Nam Từ Liêm, Hà Nội.","4,05 tỷ",71 m²,"57,04 tr/m²",2,2,"Mỹ Đình 2, Nam Từ Liêm","21.030571784456, 105.769192851632"
41704557,06/03/2025,"Chính chủ Bán căn 95m2 3PN tòa CT8 The Emerald, Mỹ Đình giá 6,8 tỷ","6,8 tỷ",95 m²,"71,58 tr/m²",3,2,"Mỹ Đình 1, Nam Từ Liêm","21.022161483764648, 105.77179718017578"
42130922,06/03/2025,"Tôi chính chủ bán nhanh căn hộ Golden Field: 2PN 2VS 65m2, đầy đủ nội thất, sẵn sổ đỏ giao dịch","4,4 tỷ",65 m²,"67,69 tr/m²",2,2,"Cầu Diễn, Nam Từ Liêm","21.034858933512957, 105.76617564225704"
42312045,06/03/2025,"Cần tiền bán cắt lỗ 100tr căn hộ 1PN DT 42.2m2 Lumi Hà Nội Capitaland giá chỉ 3,3 tỷ. View đẹp","3,3 tỷ","42,2 m²","78,2 tr/m²",1,1,"Tây Mỗ, Nam Từ Liêm","21.012413766718822, 105.73561984623151"
39148486,06/03/2025,"Bán căn 133m2 3PN tòa HH2 Bắc Hà - Tố Hữu - Giá 6,5tỷ","6,5 tỷ",133 m²,"48,87 tr/m²",3,2,"Trung Văn, Nam Từ Liêm","20.997516632080078, 105.795166015625"
41799691,06/03/2025,"HƠN 4 TỶ SỞ HỮU CĂN HỘ ĐẸP FLC COMPLEX, TẦNG ĐẸ VIEW THOÁNG, NỘI THẤT ĐẦY ĐỦ, SẴN SỔ ĐỎ GIAO DỊCH",Giá thỏa thuận,60 m²,N/A,2,2,"Mỹ Đình 2, Nam Từ Liêm","21.02863623073031, 105.77905302048985"
42352090,06/03/2025,"Hoàng 3333 Giá Thật. Bán CH2PN, 2WC tại Roman Plaza, 70m2, Ban công Đông Bắc mát mẻ, Full Đồ, Sổ đỏ","5,4 tỷ","69,5 m²","77,7 tr/m²",2,2,"Đại Mỗ, Nam Từ Liêm","20.98498315807506, 105.7768868707608"
42187514,06/03/2025,Bán gấp quỹ căn hộ FLC 36 Phạm Hùng 2PN full nội thất mới sẵn sổ giá rẻ nhất LH: 0906 241 ***,5 tỷ,70 m²,"71,43 tr/m²",2,2,"Mỹ Đình 2, Nam Từ Liêm","21.027896512348516, 105.77919013097059"
40991420,06/03/2025,Bán gấp căn hộ 3PN 2VS diện tích 76m2 tòa I3 Vinhomes Smart City,"4,75 tỷ",76 m²,"62,5 tr/m²",3,2,"Tây Mỗ, Nam Từ Liêm","20.9992771148682, 105.73811340332"
42164780,06/03/2025,Cần bán căn 2N1VS dt 59m2 giá 3.3 tỷ tòa S - Vinhomes Smart City,"3,3 tỷ",59 m²,"55,93 tr/m²",2,1,"Tây Mỗ, Nam Từ Liêm","21.006173274418067, 105.73642688233907"
38383896,06/03/2025,Hot - Bán căn 3PN view hồ chung cư FLC Complex (FLC 36) Phạm Hùng LH: 0396 823 ***,7 tỷ,98 m²,"71,43 tr/m²",3,2,"Mỹ Đình 2, Nam Từ Liêm","21.028190612793, 105.779197692871"
42328117,06/03/2025,Cần bán căn hộ 2N DT 59m2 giá 3.3 tỷ khu S - Vinhomes Smart City,"3,3 tỷ",59 m²,"55,93 tr/m²",2,1,"Tây Mỗ, Nam Từ Liêm","21.005907848369958, 105.73590720567758"
41658311,06/03/2025,Chính chủ bán căn hộ Garden Hill Trần Bình DT 64.5m2 2PN Full nội thất Giá 5.2 tỷ LH 0964 460 ***,"4,45 tỷ",78 m²,"57,05 tr/m²",2,2,"Mỹ Đình 2, Nam Từ Liêm","21.0304050445557, 105.777030944824"
40503385,06/03/2025,Chính chủ cần bán căn hộ 3 ngủ - 100m2 CC Intracom 1 Trung Văn. Giá 5 tỷ. LH 0961 270 ***,5 tỷ,100 m²,50 tr/m²,3,2,"Trung Văn, Nam Từ Liêm","20.9906978607178, 105.787773132324"
42229000,06/03/2025,"Tôi chính chủ bán căn 3PN, 2VC. DT: 118.3m2. Giá: 6.9tỷ. Full đồ nhà đẹp long lan, tầng trung","6,9 tỷ","118,3 m²","58,33 tr/m²",3,2,"Mễ Trì, Nam Từ Liêm","21.012052046864014, 105.77486161324944"
41513043,06/03/2025,"Chính chủ cần bán gấp căn 186m2 Dolphin Plaza 3N+1 full nội thất. Giá tôi bán 12,8 tỷ có ra lộc","12,7 tỷ",186 m²,"68,28 tr/m²",3,3,"Mỹ Đình 2, Nam Từ Liêm","21.0306840314024, 105.776549215454"
42148215,06/03/2025,"Chính chủ cần bán căn 3 ngủ 2 wc tầng trung đẹp nhất 
dự án",Giá thỏa thuận,120 m²,N/A,3,2,"Cầu Diễn, Nam Từ Liêm","21.028857223134604, 105.76174941896568"
42333724,06/03/2025,Cần bán căn 1N + DT 48m2 giá 2.9 tỷ tòa S3 - Vinhomes Smart City,"2,9 tỷ",48 m²,"60,42 tr/m²",1,1,"Tây Mỗ, Nam Từ Liêm","21.005899402188206, 105.73702919749358"
42320971,06/03/2025,Chính chủ cần bán căn 3N - 79m2 giá 4.5 tỷ tòa S - Vinhomes Smart City,"4,5 tỷ",79 m²,"56,96 tr/m²",3,2,"Tây Mỗ, Nam Từ Liêm","21.00617077022291, 105.73653233802389"
42336007,06/03/2025,Chính chủ cần tiền bán gấp căn tầng 10 giá rẻ nhất TT LH 0977 146 ***,"3,9 tỷ",70 m²,"55,71 tr/m²",2,2,"Mỹ Đình 1, Nam Từ Liêm","21.0250555460766, 105.77074366452547"
42337231,06/03/2025,Chủ cần tiền bán gấp căn 2 ngủ 2WC giá rẻ nhất TT LH 0977 146 ***,"3,9 tỷ",53 m²,"73,58 tr/m²",2,N/A,"Mỹ Đình 2, Nam Từ Liêm","21.03504207109301, 105.7676208288792"
41740355,06/03/2025,"Chính chủ bán 2 căn hộ 2PN - 60m2 - 3.2 tỷ, 2PN + 69m2 3.5 tỷ full đồ Vinhomes Smart City","3,5 tỷ",69 m²,"50,72 tr/m²",2,2,"Tây Mỗ, Nam Từ Liêm","21.008962631225586, 105.74391174316406"
42331559,06/03/2025,Chủ cần tiền bán gấp giá rẻ nhất thị trường LH 0977 146 ***,4 tỷ,60 m²,"66,67 tr/m²",2,2,"Mỹ Đình 2, Nam Từ Liêm","21.0305337555592, 105.776082888404"
42099925,06/03/2025,Tôi chính chủ cần bán căn hộ 2PN - 62.6m2 - 3.3 tỷ KĐT Vinhomes Smart City,"3,3 tỷ","62,6 m²","52,72 tr/m²",2,2,"Tây Mỗ, Nam Từ Liêm","21.009073705965193, 105.74364490126688"
42099911,06/03/2025,CC bán nhanh căn 2PN - 64m2 - 3.9 tỷ - full nội thất Vinhomes Smart City Tây Mỗ,"3,9 tỷ",64 m²,"60,94 tr/m²",2,2,"Tây Mỗ, Nam Từ Liêm","21.0089084947464, 105.743249114709"
42331696,06/03/2025,Chủ nhà cần tiền bán gấp giá cực rẻ rẻ nhất thị trường LH 0977 146 ***,"4,4 tỷ","60,7 m²","72,49 tr/m²",2,2,"Cầu Diễn, Nam Từ Liêm","21.0313768669616, 105.760094435679"
42331500,06/03/2025,"Chủ cần tiền bán gấp căn 2 ngủ 2 WC rẻ nhất thị trường, LH 0977 146 ***",5 tỷ,"73,6 m²","67,94 tr/m²",2,2,"Mỹ Đình 2, Nam Từ Liêm","21.031023746309454, 105.77499103732268"
41526345,06/03/2025,Hàng hiếm chỉ hơn 5 tỷ có ngay CH 67m2 - 2PN dự án HD Mon - Hàm Nghi - Nam Từ Liêm.LH 0336 426 ***,5 tỷ,67 m²,"74,63 tr/m²",2,2,"Mỹ Đình 2, Nam Từ Liêm","21.035120010375977, 105.76743316650391"
41581947,06/03/2025,Căn hộ giá hợp lý 83m2-2PN dự án Florence Mỹ Đình - 28 Trần Hữu Dực. Lh 0336 426 ***,Giá thỏa thuận,83 m²,N/A,2,2,"Cầu Diễn, Nam Từ Liêm","21.0307312011719, 105.761329650879"
41537666,06/03/2025,Bán nhanh căn hộ 77m2 dự án Vin Gardenia - Hàm Nghi - Nam Từ Liêm,6 tỷ,77 m²,"77,92 tr/m²",2,2,"Cầu Diễn, Nam Từ Liêm","21.03656768798828, 105.76048278808594"
39158564,06/03/2025,Bán căn 2 ngủ 75m2 FLC Complex 36 Phạm Hùng giá 4.9 tỷ full nội thất cao cấp. LH: 0846 692 ***,"4,9 tỷ",75 m²,"65,33 tr/m²",2,2,"Mỹ Đình 2, Nam Từ Liêm","21.02819, 105.7792"
40877818,06/03/2025,Bán gấp Căn cao cấp 106m2 toà A1 dự án Vin Gardenia - Hàm Nghi - Nam Từ Liêm. LH 0336 426 ***,Giá thỏa thuận,106 m²,N/A,3,2,"Cầu Diễn, Nam Từ Liêm","21.03656768798828, 105.76048278808594"
40749710,06/03/2025,Chính chủ bán căn I2 1PN + 43.2m2 tầng 29 Imperia Vinhomes Smart City. Giá 2.7 tỷ view hồ điều hòa,"2,7 tỷ","43,2 m²","62,5 tr/m²",1,N/A,"Tây Mỗ, Nam Từ Liêm","20.9992771148682, 105.73811340332"
39498051,06/03/2025,"Chính chủ cần tiền bán gấp căn 2PN 2WC Masteri West Heights, giá sốc 4 tỷ bao phí",4 tỷ,"54,5 m²","73,39 tr/m²",2,2,"Tây Mỗ, Nam Từ Liêm","21.0061183997945, 105.737447952539"
41528819,06/03/2025,"Bán gấp căn 1N 1VS tòa G1 - DT: 38,1m2 giá 3,1 tỷ nhà đẹp như mới - 0974 121 ***","3,1 tỷ","38,1 m²","81,36 tr/m²",1,1,"Mễ Trì, Nam Từ Liêm","20.9989585876465, 105.788032531738"
39544832,06/03/2025,"Chính chủ bán căn studio 36m2 S201 Vinhomes Smart City Tây Mỗ full đồ sẵn sổ. Giá: 1,95 tỷ","1,95 tỷ",36 m²,"54,17 tr/m²",1,N/A,"Tây Mỗ, Nam Từ Liêm","21.006144330171235, 105.73631334825555"
42351544,06/03/2025,"Bán gấp căn 2PN diện tích 61m, nhà mới đầy đủ nội thất, sẵn sổ giá 4,45 tỷ bao thuế phí","4,45 tỷ",61 m²,"72,95 tr/m²",2,2,"Tây Mỗ, Nam Từ Liêm","21.005262666027043, 105.73896766896902"
40837325,06/03/2025,"Vợ chồng tôi cần bán căn hộ VIP Tháp 1 Dolphin Plaza 198m2, 4N 3WC, 10 tỷ LH: 0965 066 ***",10 tỷ,198 m²,"50,5 tr/m²",4,3,"Mỹ Đình 2, Nam Từ Liêm","21.0300445556641, 105.776626586914"
38573298,06/03/2025,Cực HOT: cần tiền bán nhanh Roman Plaza 78m2 2PN 2VS. Full NT đẹp giá cực tốt 5 tỷ BTP 0968 693 ***,5 tỷ,78 m²,"64,1 tr/m²",2,2,"Đại Mỗ, Nam Từ Liêm","20.9843406677246, 105.776809692383"
38551193,06/03/2025,"Siêu HOT: Bán nhanh 75m2 Ecolife Capitol 2PN 2VS. Full đồ, hướng mát giá 4,x tỉ BTP: 0968 693 ***","4,99 tỷ",75 m²,"66,53 tr/m²",2,2,"Trung Văn, Nam Từ Liêm","20.9945335388184, 105.789390563965"
41358159,06/03/2025,"Em bán gấp căn 3 ngủ rộng tại Roman Plaza, 7 tỷ, 113m2 Full nội thất, có slot ô tô, sổ đỏ cất két",7 tỷ,112 m²,"62,5 tr/m²",3,2,"Đại Mỗ, Nam Từ Liêm","20.984340667724609, 105.77680969238281"
41528594,06/03/2025,Chính chủ gửi bán căn hộ 3N 2VS - Tại Vinhomes Green Bay Mễ Trì 0967 913 ***,"6,5 tỷ","92,81 m²","70,04 tr/m²",3,2,"Mễ Trì, Nam Từ Liêm","20.9989585876465, 105.788032531738"
36640132,06/03/2025,"Bán căn hộ 1 ngủ, ban công ĐN, căn S3.11 chung cư Vinhomes Skylake, kèm nội thất",Giá thỏa thuận,48 m²,N/A,1,1,"Mỹ Đình 1, Nam Từ Liêm","21.020168304443359, 105.78075408935547"
42351723,06/03/2025,"Bán căn hộ 76m2 tại Nguyễn Cơ Thạch, 3 ngủ, nội thất đẹp. 4.7 tỷ","4,7 tỷ",76 m²,"61,84 tr/m²",3,2,"Mỹ Đình 1, Nam Từ Liêm","21.0204962548106, 105.762520420482"
38105882,06/03/2025,"Chính chủ bán: 3PN - 82m2, 4.2 tỷ, Vinhomes Smart City (DT TT 75.7m2)","4,2 tỷ",82 m²,"51,22 tr/m²",3,2,"Tây Mỗ, Nam Từ Liêm","21.00723237144615, 105.7447054563115"
41774543,06/03/2025,Cần tiền gấp thanh khoản nhanh căn đầu tư DT 63.7m2 tại Masteri Vinhomes Smart City,"3,99 tỷ","63,7 m²","62,64 tr/m²",2,2,"Tây Mỗ, Nam Từ Liêm","21.0056191973742, 105.736722048057"
40991614,06/03/2025,"Chính chủ bán gấp căn 2 + 1 tòa GS3 diện tích 63m2, Vinhomes Smart City","3,75 tỷ",63 m²,"59,52 tr/m²",2,2,"Tây Mỗ, Nam Từ Liêm","21.006574630737305, 105.74504852294922"
39118162,06/03/2025,"Chính chủ gửi bán căn 3 ngủ - 100m2 Chung cư C14 Bộ Công An - Tố Hữu. Giá 5,5 tỷ. LH 0961 270 ***","5,5 tỷ",100 m²,55 tr/m²,3,2,"Trung Văn, Nam Từ Liêm","20.990890656842524, 105.78387707096213"
39960343,06/03/2025,"Chính chủ bán nhanh căn hộ 2 ngủ - 73m2 CC Roman Plaza - Tố Hữu. Giá 4,8 tỷ. LH 0961 270 ***","4,8 tỷ",76 m²,"63,16 tr/m²",2,2,"Đại Mỗ, Nam Từ Liêm","20.9843406677246, 105.776809692383"
42351597,06/03/2025,"CĂN HỘ ĐẸP - GIÁ TỐT - HIẾM - Ccmn 2 PHÒNG NGỦ (P. MỸ ĐÌNH 1/ĐÌNH THÔN), Quận Nam Từ Liêm, Hà Nội","1,45 tỷ",42 m²,"34,52 tr/m²",2,1,"Mỹ Đình 1, Nam Từ Liêm","21.0210560858161, 105.768453995241"
40777140,06/03/2025,"Bán nhanh căn hộ 83,3m2 2pn2 vs cửa Tây Nam ban công Đông Nam + giá 4,7 tỷ tầng trung view thoáng","5,7 tỷ","83,3 m²","68,43 tr/m²",2,2,"Cầu Diễn, Nam Từ Liêm","21.0307312011719, 105.761329650879"
34156236,06/03/2025,Chính chủ cần gấp 86m2 ban công Đông Nam tòa CT1A giá thỏa thuận. LH 0988 288 *** tầng trung view đẹp,"5,8 tỷ",86 m²,"67,44 tr/m²",3,2,"Mỹ Đình 2, Nam Từ Liêm","21.035120010376, 105.767433166504"
40054452,06/03/2025,Chính chủ bán căn hộ 89m2 giá 6.4 tỷ 2PN 2VS tầng trung view thoáng full nội thất có slot để oto,"6,4 tỷ",89 m²,"71,91 tr/m²",2,2,"Mỹ Đình 2, Nam Từ Liêm","21.0344581604004, 105.769653320313"
40292865,06/03/2025,"Bán căn hộ 73m2 2p 2vs view hồ nội thất đẹp tầng trung dự án Mỹ Đình Pearl giá 5,6 tỷ sổ đỏ sẵn","5,6 tỷ",73 m²,"76,71 tr/m²",2,2,"Phú Đô, Nam Từ Liêm","21.0124320983887, 105.767395019531"
41998384,06/03/2025,"Bán CC The Zei Mỹ Đình 8.1tỷ, 108m2 3PN 2VS tầng trung view thoáng căn góc có slot ô tô full đồ đẹp","8,1 tỷ",108 m²,75 tr/m²,3,2,"Mỹ Đình 2, Nam Từ Liêm","21.0338690081176, 105.769332786709"
41653617,06/03/2025,"Chính chủ bán nhanh căn hộ 94m2 3PN2VS tầng trung tòa P2 giá 8,1 tỷ không đăng ảo chào ảo full đồ","8,1 tỷ",94 m²,"86,17 tr/m²",3,2,"Phú Đô, Nam Từ Liêm","21.012432098388672, 105.76739501953125"
39342095,06/03/2025,"Chính chủ bán căn hộ 61,5 m2 tòa CT4 view thoáng có sổ đỏ sẵn slot oto giá 4.2 tỷ LH 0988 288 ***","4,2 tỷ","61,5 m²","68,29 tr/m²",2,2,"Cầu Diễn, Nam Từ Liêm","21.0311622619629, 105.760414123535"
36849657,06/03/2025,"Tôi chính chủ cần bán 103m2, 3PN 3WC giá 7 tỷ dự án Roman Plaza, Quận Nam Từ Liêm",7 tỷ,103 m²,"67,96 tr/m²",3,3,"Đại Mỗ, Nam Từ Liêm","20.9843406677246, 105.776809692383"
34433445,06/03/2025,"Bán căn hộ 71m2 2pn2vs view hồ tòa S3 Nội Thất full đang cho thuê 22tr tháng tầng trung giá 6,5 tỷ",6 tỷ,67 m²,"89,55 tr/m²",2,2,"Mỹ Đình 1, Nam Từ Liêm","21.020168304443359, 105.78075408935547"
35032173,06/03/2025,"Chủ nhà gửi bán căn hộ ở Dolphin Plaza, DT 133m2 144m2 162m2 - 171m2 với giá tốt nhất thị trường","5,72 tỷ",133 m²,43 tr/m²,3,2,"Mỹ Đình 2, Nam Từ Liêm","21.0300445556641, 105.776626586914"
38160950,06/03/2025,"Chính chủ bán căn hộ view hồ 2pn2vs 89m2 tầng trung view hồ đẹp sổ đỏ sẵn 7,3 tỷ - The Matrix One","8,9 tỷ",112 m²,"79,46 tr/m²",3,2,"Mễ Trì, Nam Từ Liêm","21.0093860626221, 105.773872375488"
37042551,06/03/2025,"27/02 /2025 bán gấp căn Ecolife Capitol, căn góc 3 mặt thoáng rất đẹp, 3PN DT 111m2, giá 6,6 tỷ","6,6 tỷ",111 m²,"59,46 tr/m²",3,2,"Trung Văn, Nam Từ Liêm","20.994534, 105.78939"
40056402,06/03/2025,(Mới) quỹ 29 căn hộ lọc chọn 1-2-3-4PN chính chủ gửi bán với giá tốt nhất thị trường LH 0988 288 ***,"5,3 tỷ",74 m²,"71,62 tr/m²",2,2,"Phú Đô, Nam Từ Liêm","21.0124320983887, 105.767395019531"
39904056,06/03/2025,Chính chủ bán 2 căn hộ DT 80m2 5 tỷ- 107m2 6.6 tỷ ban công đông nam full đồ không báo ảo chào ảo,5 tỷ,80 m²,"62,5 tr/m²",2,2,"Cầu Diễn, Nam Từ Liêm","21.0401592254639, 105.76131439209"
38577315,06/03/2025,"Bán căn hộ tầng trung tòa A2 ban công ĐÔNG NAM 105M2 GIÁ 8,3 tỷ 3pn2vs full đồ đẹp LH 0988 288 ***","10,5 tỷ",137 m²,"76,64 tr/m²",4,3,"Cầu Diễn, Nam Từ Liêm","21.036567687988281, 105.76048278808594"
42351509,06/03/2025,"Chính chủ thiện chí bán căn duplex 190m2 toà Roman Plaza, full đồ, nhà đẹp, giá bán 13.2 tỷ.","13,2 tỷ",190 m²,"69,47 tr/m²",3,3,"Đại Mỗ, Nam Từ Liêm","20.98441457220251, 105.77679266104214"
30859330,06/03/2025,"Chuyển công tác xa tôi bán căn hộ 2 PN, 2 WC, tầng trung CC Roman Plaza mua bán trực tiếp","4,8 tỷ",75 m²,64 tr/m²,2,2,"Đại Mỗ, Nam Từ Liêm","20.9843406677246, 105.776809692383"
42351263,06/03/2025,"Chính chủ bán căn 1PN diện tích 45m tòa TK1, tầng trung đầy đủ nội thất giá 3,3 tỷ có thương lượng","3,3 tỷ",45 m²,"73,33 tr/m²",N/A,N/A,"Tây Mỗ, Nam Từ Liêm","21.005123524292433, 105.73870450927504"
40851842,06/03/2025,Studio tòa TK2 29.1m2 - Tonkin - Vinhomes Smart City (DT TT 25m2) - chính chủ bán cắt lỗ,"2,01 tỷ","29,1 m²","69,07 tr/m²",1,1,"Tây Mỗ, Nam Từ Liêm","21.0052261352539, 105.738914489746"
40720568,06/03/2025,"Chính chủ cần bán căn studio tòa S401, DT 25,0m2 hướng ĐN, NT full đẹp. Giá 1,8 tỷ nét","1,8 tỷ",25 m²,72 tr/m²,N/A,1,"Tây Mỗ, Nam Từ Liêm","21.0062160491943, 105.736473083496"
41169205,06/03/2025,Bán Căn hộ góc giá rẻ rộng thoáng 153m2- 3Pn tại chung cư FLC Landmark Lê Đức Thọ. LH 0336 426 ***,"7,2 tỷ",153 m²,"47,06 tr/m²",3,2,"Mỹ Đình 2, Nam Từ Liêm","21.0340766906738, 105.770355224609"
42341225,06/03/2025,Chính chủ bán căn 3PN 75m2 tầng 25 tòa S302 Vinhomes Smart City Tây Mỗ full nội thất. Giá: 4.3 tỷ,"4,3 tỷ",75 m²,"57,33 tr/m²",3,2,"Tây Mỗ, Nam Từ Liêm","21.005701190949, 105.73616339491412"
42340646,06/03/2025,Chính chủ bán căn Studio 31.7m2 tầng 31 tòa S303 Vinhomes Smart City Tây Mỗ full. Giá: 1.850 tỷ,"1,85 tỷ","31,7 m²","58,36 tr/m²",N/A,N/A,"Tây Mỗ, Nam Từ Liêm","21.00653430028169, 105.73607322461633"
42275762,06/03/2025,Hàng hiếm - giá rẻ .Bán Căn hộ 141m2 - 4PN -2vs dự án Sudico Mỹ Đình- Nam Từ Liêm.,8 tỷ,141 m²,"56,74 tr/m²",4,2,"Mỹ Đình 1, Nam Từ Liêm","21.017477903401684, 105.78039424950094"
41959137,06/03/2025,Bán CHCC 114m2 - 12tỷ dự án The Matrix One 1 - 3 phòng ngủ - 2 vệ sinh. LH 0336 426 ***,12 tỷ,114 m²,"105,26 tr/m²",3,2,"Mễ Trì, Nam Từ Liêm","21.0087826932618, 105.7742520231779"
41352576,06/03/2025,Bán CHCC 73m2 - 2PN chung cư Mỹ Đình Pearl - Số 1 Châu Văn Liêm - Nam Từ Liêm. LH 0336 426 ***,"6,27 tỷ",73 m²,"85,89 tr/m²",2,2,"Phú Đô, Nam Từ Liêm","21.012432098388672, 105.76739501953125"
42233049,06/03/2025,"Bán gấp CH 3PN, 2WC, 83m2 tại The Victoria, Tây Mỗ, Nam Từ Liêm, Hà Nội",Giá thỏa thuận,83 m²,N/A,3,2,"Tây Mỗ, Nam Từ Liêm","21.009364646439426, 105.74443842910486"
42291769,06/03/2025,Bán nhanh Căn Góc 4PN - 137m2 dự án Vinhomes Gardenia - Hàm Nghi.LH 0336 426 ***.,13 tỷ,137 m²,"94,89 tr/m²",4,3,"Cầu Diễn, Nam Từ Liêm","21.036661915130676, 105.76039232125594"
41075214,06/03/2025,Bán căn hộ 110m2 dự án The Matrix One - Lê Quang Đạo. Lh 0336 426 ***,"10,4 tỷ","110,57 m²","94,06 tr/m²",3,2,"Mễ Trì, Nam Từ Liêm","21.00938606262207, 105.77387237548828"
41948310,06/03/2025,"Giá đầu tư, bán nhanh Căn hộ 93m2 hơn 7 tỷ Dự án The Zei - Lê Đức Thọ. LH 0336 426 ***","7,5 tỷ",93 m²,"80,64 tr/m²",2,2,"Mỹ Đình 2, Nam Từ Liêm","21.034862303420145, 105.76997320369041"
42336418,06/03/2025,Siêu phẩm view hồ - 3PN chung cư Mỹ Đình Pearl Châu Văn Liêm. LH 0336 426 ***,"8,8 tỷ",94 m²,"93,62 tr/m²",3,2,"Phú Đô, Nam Từ Liêm","21.01243250828626, 105.76738640454343"
41476776,06/03/2025,"Em chính chủ bán căn 3N SA2, 81,7m2 tầng 8, 60tr/m2, có slot ôtô hỗ trợ khách mua vay NH","4,9 tỷ","81,7 m²",60 tr/m²,3,N/A,"Tây Mỗ, Nam Từ Liêm","21.005879461665863, 105.73927765135045"
42189446,06/03/2025,Chủ nhà Cần tiền bán gấp căn hộ 133m CT5 Mỹ ĐÌnh SÔng Đà 4PN,8 tỷ,133 m²,"60,15 tr/m²",4,2,"Mỹ Đình 1, Nam Từ Liêm","21.017311256289066, 105.78036214137214"
42351094,06/03/2025,"6 tỷ chính chủ cần tiền bán gấp căn 2 ngủ, 2 WC, 85m2 full đồ tầng trung Golden Palace",6 tỷ,85 m²,"70,59 tr/m²",2,2,"Mễ Trì, Nam Từ Liêm","21.012295333153883, 105.77503745920914"
42329564,06/03/2025,Cần bán gấp căn 2 ngủ 92m2 tại The Zei giá 7 tỷ 2,"7,2 tỷ",92 m²,"78,26 tr/m²",2,2,"Mỹ Đình 2, Nam Từ Liêm","21.0350899271128, 105.769017603647"
42211766,06/03/2025,"Nhượng gấp căn 2PN 2VS - tòa G1, sổ lâu dài - GreenBay Mễ Trì, giá: 4,8 tỷ - View đẹp - 0974 121 ***","4,8 tỷ","62,1 m²","77,3 tr/m²",2,2,"Mễ Trì, Nam Từ Liêm","20.9990222428208, 105.787988202623"
41528370,06/03/2025,Chính chủ gửi bán CH 2N 2WC - Tòa G3 HDMB 50 năm - Vinhomes Green Bay Mễ Trì - 0974 046 ***,"3,5 tỷ","53,3 m²","65,67 tr/m²",2,2,"Mễ Trì, Nam Từ Liêm","20.998940173295527, 105.78794246227353"
42315055,06/03/2025,Bán gấp căn 2PN - 59m2 - 3 tỷ tầng 17 nhà ngộp Bank rẻ hơn thị trường 300tr KĐT Vinhomes Smart City,3 tỷ,59 m²,"50,85 tr/m²",2,1,"Tây Mỗ, Nam Từ Liêm","21.006137447589314, 105.73655111029773"
42328251,06/03/2025,"SIÊU HIẾM,Chủ nhà gửi bán căn hộ 57m2 full đồ đẹp tòa CT4 Sudico Mỹ đình giá tốt liên hệ 0983 051 ***","3,7 tỷ",57 m²,"64,91 tr/m²",2,1,"Mỹ Đình 1, Nam Từ Liêm","21.017065523024463, 105.78050234984337"
41642081,06/03/2025,Chính chủ cần tiền bán gấp căn 2PN - 2WC 64.5m2 tầng đẹp The Tonkin giá chỉ 4.7 tỷ,"4,7 tỷ","64,5 m²","72,87 tr/m²",2,2,"Tây Mỗ, Nam Từ Liêm","21.004870063330518, 105.73912077644165"
42351282,06/03/2025,Cần bán căn hộ 2PN góc 64m2 full nội thất 3.5 tỷ KDT Vinhomes Smart City,"3,5 tỷ",64 m²,"54,69 tr/m²",2,2,"Tây Mỗ, Nam Từ Liêm","21.00583482601464, 105.73683203247919"
42351265,06/03/2025,Cần bán căn hộ giá gốc 2PN - 55m2 - 2.96 tỷ không chênh KĐT Vinhomes Smart City,"2,96 tỷ",55 m²,"53,82 tr/m²",2,1,"Tây Mỗ, Nam Từ Liêm","21.006588418962277, 105.73574336789117"
42351246,06/03/2025,Chính chủ bán căn 2PN 55m2 tầng 2205 tòa Sa3 Vinhomes Smart City Tây Mỗ full. Giá: 3.3 tỷ,"3,3 tỷ",55 m²,60 tr/m²,2,2,"Tây Mỗ, Nam Từ Liêm","21.005259528391235, 105.73888221585501"
40733125,06/03/2025,"Bán gấp cắt lỗ căn 2N + 1, DT: 63,4m2 full nội thất, tầng view cực đẹp - tại Smart City chỉ 3,55 tỷ","3,55 tỷ","63,4 m²","55,99 tr/m²",2,2,"Tây Mỗ, Nam Từ Liêm","21.005748588120888, 105.73686068930265"
42198926,06/03/2025,"Chính chủ bán căn studio tòa G3 Vinhomes Green Bay Mễ Trì - Giá 1,75 tỷ view siêu đẹp - 0974 121 ***","1,75 tỷ","28,2 m²","62,06 tr/m²",1,1,"Mễ Trì, Nam Từ Liêm","20.9989930536553, 105.787935828446"
42348007,06/03/2025,Cần bán căn hộ VIP tại The Manor - Mễ trì 200m2 3PN 2WC giá 12 tỷ LH: 0965 066 ***,12 tỷ,200 m²,60 tr/m²,3,2,"Mỹ Đình 1, Nam Từ Liêm","21.014411019419285, 105.77495863714421"
42147430,06/03/2025,"Chính chủ cần bán CH: 110m2 (3N - 2VS) tại C14 - Bắc Hà, Tố Hữu. Giá bán 5.5 tỷ. Full nội thất","5,5 tỷ",110 m²,50 tr/m²,3,2,"Trung Văn, Nam Từ Liêm","20.991471834145, 105.783625584985"
42148423,06/03/2025,"Chính chủ cần bán Căn Hộ 2 ngủ. DT 83m2 tại C14 - Bắc Hà, Tố Hữu. Giá bán 4,3 tỷ, Đầy đủ đồ","4,3 tỷ",80 m²,"53,75 tr/m²",2,2,"Trung Văn, Nam Từ Liêm","20.991046342926815, 105.78386875598804"
42220236,06/03/2025,"Hiếm - CH Vinhomes Skylake 112m2, view hồ trực diện. LH 0978 012 ***",Giá thỏa thuận,112 m²,N/A,3,2,"Mỹ Đình 1, Nam Từ Liêm","21.0199047946967, 105.78035828394725"
41766749,06/03/2025,"Chính chủ cần bán căn 2PN, Florence, 0355 161 ***","5,5 tỷ",83 m²,"66,26 tr/m²",2,2,"Cầu Diễn, Nam Từ Liêm","21.030731201171875, 105.7613296508789"
41766868,06/03/2025,Chính chủ cần bán 2PN Dreamland Bonanza 23 Duy Tân 0355 161 ***,6 tỷ,74 m²,"81,08 tr/m²",2,2,"Mỹ Đình 2, Nam Từ Liêm","21.031171798706055, 105.78099822998047"
42278263,06/03/2025,"Căn vòm sân vườn toà C - The Manor. 260m2 thiết kế 4 ngủ, 3 vệ sinh, full nội thất, giá rẻ 25,9tỷ","25,9 tỷ",260 m²,"99,62 tr/m²",4,3,"Mỹ Đình 1, Nam Từ Liêm","21.013639512941896, 105.77588814963396"
42326463,06/03/2025,"Matrix One GĐ 2, Booking 2PN. Ký trực tiếp với chủ đầu tư. LH 0962 636 ***",Giá thỏa thuận,87 m²,N/A,2,2,"Mễ Trì, Nam Từ Liêm","21.009027882029248, 105.77368948022477"
42259936,06/03/2025,"Bán căn hộ penthouse Duplex 200m2, view Hồ Tùng Mậu tại dự án The Zei - Mỹ Đình, LH 0962 636 ***","17,59 tỷ",200 m²,"87,95 tr/m²",4,3,"Mỹ Đình 2, Nam Từ Liêm","21.034931810266176, 105.76956178840064"
42260261,06/03/2025,"(BQL) Bán quỹ 20 căn hộ, giá từ 5,x tỷ, tại chung cư cao cấp Hoàng Thành Pearl. Liên hệ 0962 636 ***","5,79 tỷ",80 m²,"72,38 tr/m²",2,2,"Cầu Diễn, Nam Từ Liêm","21.0410410542123, 105.761400511506"
42259910,06/03/2025,"Căn hộ 93m2, 2PN, cửa ĐB, ban công TN, tại The Zei - Lê Đức Thọ, giá rẻ 6,99 tỷ. Lh 0962 636 ***","6,99 tỷ",93 m²,"75,16 tr/m²",2,2,"Mỹ Đình 2, Nam Từ Liêm","21.034466266246273, 105.7696547385849"
42275368,06/03/2025,"HD Mon căn 2N tầng đẹp - giá tốt. Liên hệ em Châu 0978 012 ***. Chỉ 4,x tỷ","4,8 tỷ",67 m²,"71,64 tr/m²",2,2,"Mỹ Đình 2, Nam Từ Liêm","21.0358067380034, 105.766991355155"
42326740,06/03/2025,"Bán căn hộ tại Vinhomes Gardenia, 79m2. 2PN cửa TN, ban công ĐB, full đồ, giá rẻ 5,99 tỷ","5,99 tỷ",79 m²,"75,82 tr/m²",2,2,"Cầu Diễn, Nam Từ Liêm","21.0359809690087, 105.760602775142"
42326709,06/03/2025,"Chính chủ bán căn S2, 140m2, 4PN view hồ điều hòa tại Vinhomes Skylake Phạm Hùng, giá thỏa thuận","16,5 tỷ",140 m²,"117,86 tr/m²",4,3,"Mỹ Đình 1, Nam Từ Liêm","21.0199239508324, 105.781508478919"
42236977,06/03/2025,"Chính chủ bán 4 ngủ Vinhomes Gardenia, Hàm Nghi. LH em Châu 0978 012 ***",12 tỷ,132 m²,"90,91 tr/m²",4,3,"Cầu Diễn, Nam Từ Liêm","21.03656768798828, 105.76048278808594"
42280486,06/03/2025,"HD Mon căn 2N tầng đẹp - giá tốt. Liên hệ em Châu 0978 012 ***. Chỉ 4, x tỷ","4,8 tỷ",67 m²,"71,64 tr/m²",2,2,"Mỹ Đình 2, Nam Từ Liêm","21.0358067380034, 105.766991355155"
42261664,06/03/2025,"HOÀNG THÀNH PEARL - Quỹ căn 2N, 3N chính chủ gửi bán. Giá chuẩn liên hệ 0978 012 ***","8,06 tỷ",112 m²,72 tr/m²,3,2,"Cầu Diễn, Nam Từ Liêm","21.04031436993866, 105.76137011653834"
42275758,06/03/2025,Chính chủ cần bán nhanh căn 3N - Vinhomes Gardenia Hàm Nghi. LH em Châu 0978 012 ***,9 tỷ,120 m²,75 tr/m²,3,2,"Cầu Diễn, Nam Từ Liêm","21.036494049142952, 105.76086671518982"
41734315,06/03/2025,"Khách cũ em gửi bán căn 2N 60m2 Vinhomes Smart City, view tháng giá 3,4x tỷ. LH 0974 951 ***","3,4 tỷ",60 m²,"56,67 tr/m²",2,N/A,"Tây Mỗ, Nam Từ Liêm","21.008962631225586, 105.74391174316406"
42326695,06/03/2025,"Chính chủ bán căn hộ 67m2, 2PN, tại Vinhomes Skylake - Phạm Hùng, giá thỏa thuận","6,39 tỷ",67 m²,"95,37 tr/m²",2,2,"Mỹ Đình 1, Nam Từ Liêm","21.0201683044434, 105.780754089355"
42141028,06/03/2025,"Chính chủ bán căn 2 ngủ Ecolife Capitol, Tố Hữu. 4,5 tỷ - 76m2. 2PN - 2VS. Đã sẵn sổ, full nội thất","4,5 tỷ",76 m²,"59,21 tr/m²",2,2,"Trung Văn, Nam Từ Liêm","20.9946583843277, 105.789960989753"
42326628,06/03/2025,"(Duy nhất) Căn hộ 145m2, cửa TB ban công ĐN - TN, 4PN, tại Mỹ Đình Pearl Phú Đô, giá bán thỏa thuận","11,9 tỷ",145 m²,"82,07 tr/m²",4,3,"Phú Đô, Nam Từ Liêm","21.012355776031583, 105.76743244543515"
32343302,06/03/2025,Cắt lỗ căn hộ 2PN giá (5.5tỷ) view hồ. Hỗ trợ lãi 0% - 36 tháng,Giá thỏa thuận,96 m²,N/A,2,2,"Mễ Trì, Nam Từ Liêm","21.0093860626221, 105.773872375488"
42326592,06/03/2025,"Bán căn hộ 95m2, cửa TN, hướng ĐB - TN, 3PN, tại Mỹ Đình Pearl 2 - Phú Đô, giá rẻ 7,69 tỷ","7,69 tỷ",95 m²,"80,95 tr/m²",3,2,"Phú Đô, Nam Từ Liêm","21.012500727603996, 105.76717963415497"
42278020,06/03/2025,"Hoàng 3333 giá thật. Bán CH 69.3m2, 2PN, 2WC, tại Roman Plaza, ban công Đông Bắc mát mẻ, full đồ","5,1 tỷ","69,3 m²","73,59 tr/m²",2,2,"Đại Mỗ, Nam Từ Liêm","20.98437227014771, 105.7766331023711"
42274103,06/03/2025,"Sky villa 286m2, sân vườn 50m2, cửa TN, ban công ĐB, 4PN, tại Mỹ Đình Pearl - Phú Đô, LH 0962 636 ***",33 tỷ,286 m²,"115,38 tr/m²",4,3,"Phú Đô, Nam Từ Liêm","21.0122780028101, 105.767319721855"
42326447,06/03/2025,"Bán căn hộ view hồ, 112m2, 3PN tại The Matrix One, cửa ĐB, ban công TN, full đồ, giá 10,9 tỷ","10,9 tỷ",112 m²,"97,32 tr/m²",3,2,"Mễ Trì, Nam Từ Liêm","21.0093860626221, 105.773872375488"
41779511,06/03/2025,"3,4 tỷ chính chủ gửi bán căn 2N Vinhomes Smart City Tây Mỗ, Đại Mỗ Nam Từ Liêm 0974 951 ***","3,55 tỷ",55 m²,"64,54 tr/m²",2,N/A,"Tây Mỗ, Nam Từ Liêm","21.008423148226537, 105.74376466586024"
39134570,06/03/2025,Quỹ ngoại giao rẻ hơn CĐT khoảng 500 - 800tr. Căn 2PN 84m2,Giá thỏa thuận,84 m²,N/A,2,N/A,"Mỹ Đình 2, Nam Từ Liêm","21.029411315918, 105.768753051758"
40876817,06/03/2025,"Quỹ 50 căn chuyển nhượng 3PN, Dual Key - 11 tỷ The Matrix One - Giá tốt, chính chủ gửi bán",Giá thỏa thuận,"111,98 m²",N/A,3,2,"Mễ Trì, Nam Từ Liêm","21.0093860626221, 105.773872375488"
42351098,06/03/2025,"Chính chủ cần bán căn Studio 28m2, toà I3 giá chỉ 1,7 tỷ bao phí, Imperia Smart City","1,7 tỷ",28 m²,"60,71 tr/m²",N/A,N/A,"Tây Mỗ, Nam Từ Liêm","20.999821518629933, 105.73828972920298"
42208438,06/03/2025,Chính chủ cần bán gấp căn hộ 116M-3pn2vs giá 7.x tỷ chung cư Hoàng Thành pear tầng 15,Giá thỏa thuận,116 m²,N/A,3,2,"Cầu Diễn, Nam Từ Liêm","21.040208549168156, 105.76127632156052"
41920188,06/03/2025,"Bán căn 3pn, 108,4m2 tại chung cư C14 Bắc Hà, P. Trung Văn, sổ đỏ, full nội thất","6,2 tỷ","108,4 m²","57,2 tr/m²",3,2,"Trung Văn, Nam Từ Liêm","20.990710524171888, 105.78392809537398"
42309494,06/03/2025,Siêu phẩm căn góc 85m2 view hồ tại chung cư Hateco Xuân Phương giá chỉ 4.9 tỷ sổ đỏ trao tay,"4,9 tỷ",85 m²,"57,65 tr/m²",3,2,"Phương Canh, Nam Từ Liêm","21.034724034783498, 105.749583547341"
42336125,06/03/2025,Chính chủ bán căn 69m 2ng 2vs full nội thất tại trung tâm quận Nam Từ Liêm giá Liên hệ: 0973 351 ***,Giá thỏa thuận,69 m²,N/A,2,2,"Phương Canh, Nam Từ Liêm","21.041100969734646, 105.73469596326007"
42025012,06/03/2025,"Chính chủ bán căn hộ CT2 khu ĐTM Tây Mỗ, 272 Hữu Hưng, DT 65m2, 2PN, 2WC, đồ cơ bản đẹp, căn góc","3,3 tỷ",65 m²,"50,77 tr/m²",2,2,"Tây Mỗ, Nam Từ Liêm","20.996047708435412, 105.74548252416622"
41757144,06/03/2025,"Cần bán gấp 3 căn hộ 107m2 126m, 160m2 view cực đẹp cho thuê rất được giá tại Keang Nam giá 60tr/m2","6,42 tỷ",107 m²,60 tr/m²,3,2,"Mễ Trì, Nam Từ Liêm","21.01733861198779, 105.78428986055752"
40017601,06/03/2025,"Chính chủ bán cắt lỗ căn 1N 45.7m2, 73tr/m2 phân khu The Tonkin, giá bán nhanh, có thương lượng","3,34 tỷ","45,7 m²",73 tr/m²,1,1,"Tây Mỗ, Nam Từ Liêm","21.0052261352539, 105.738914489746"
40417329,06/03/2025,"Hàng hiếm! Chính chủ bán căn hộ Roman Plaza, Tố Hữu 2pn, 75m2 tầng trung, bc Đông Nam giá 4,6 tỷ","4,6 tỷ",75 m²,"61,33 tr/m²",2,2,"Đại Mỗ, Nam Từ Liêm","20.98434066772461, 105.77680969238281"
41702239,06/03/2025,"Chính chủ cần bán 2PN 3,22 tỷ Vinhomes Smart City full nội thất tầng 18 phân khu The Sapphire","3,22 tỷ","58,9 m²","54,67 tr/m²",2,1,"Tây Mỗ, Nam Từ Liêm","21.006216049194336, 105.7364730834961"
41716555,06/03/2025,Chính chủ cần bán trước Tết căn góc 3N toà S202 ban công Đông Nam full nội thất,"4,15 tỷ","81,8 m²","50,73 tr/m²",3,2,"Tây Mỗ, Nam Từ Liêm","21.006216049194336, 105.7364730834961"
41715577,06/03/2025,"Chuyển đổi đầu tư cần bán căn 59,5m2 3,1 tỷ, căn 43m2 giá 2,6 tỷ, căn studio 1,7 tỷ","3,1 tỷ","59,5 m²","52,1 tr/m²",2,1,"Tây Mỗ, Nam Từ Liêm","21.006216049194336, 105.7364730834961"
41596128,06/03/2025,"Chính chủ bán căn góc 2PN + full nội thất giá 3,6 tỷ tại Vinhomes Smart City","3,78 tỷ","69,2 m²","54,62 tr/m²",3,2,"Tây Mỗ, Nam Từ Liêm","21.0062160491943, 105.736473083496"
42137928,06/03/2025,"Em chính chủ bán 1N + 42.8m2 GS, giá 60tr/m2, full nội thất, thiện chí có thương lượng","2,57 tỷ","42,8 m²",60 tr/m²,1,N/A,"Tây Mỗ, Nam Từ Liêm","21.006590769278084, 105.74491383211958"
42350877,06/03/2025,"Hoàng 3333 Giá Thật. Bán CH 75m2, 2N - 2WC, tòa Ecolife Capitol, Ban công Đông Bắc mát mẻ, Sổ đỏ","5,6 tỷ",75 m²,"74,67 tr/m²",2,2,"Trung Văn, Nam Từ Liêm","20.994845456762217, 105.78940715933952"
40995891,06/03/2025,"Bán căn 2 phòng ngủ 73m2 view công viên Matrix One, full NT, sổ đỏ + slot oto tại Mỹ Đình Pearl","6,45 tỷ",73 m²,"88,36 tr/m²",2,2,"Phú Đô, Nam Từ Liêm","21.0124320983887, 105.767395019531"
39631709,06/03/2025,Tôi cần vốn đầu tư bán gấp cắt lỗ căn hộ 2N 54.3m2 giá 3 tỷ bao phí tòa S2.02 Vinhomes Smart City,3 tỷ,"54,3 m²","55,25 tr/m²",2,1,"Tây Mỗ, Nam Từ Liêm","21.0062160491943, 105.736473083496"
34798014,06/03/2025,"(Mới) bán các căn hộ 2PN, 3PN, diện tích 84m2, 89m2, 91m2, 93m2, 103m2, 106m2. Liên hệ 0981 343 ***","4,4 tỷ",93 m²,"47,31 tr/m²",3,2,"Mỹ Đình 2, Nam Từ Liêm","21.0344581604004, 105.769653320313"
34683117,06/03/2025,"Quỹ căn hộ 3PN giá siêu hót CC Keang Nam, liên hệ 0981 343 ***",Giá thỏa thuận,107 m²,N/A,3,2,"Mễ Trì, Nam Từ Liêm","21.0168495178223, 105.783973693848"
34730064,06/03/2025,"Chính chủ gửi bán căn hộ 193m2 The Manor, giá siêu rẻ. Liên hệ 0981 343 ***","12,5 tỷ",193 m²,"64,77 tr/m²",3,N/A,"Mỹ Đình 1, Nam Từ Liêm","21.0141735076904, 105.775871276855"
34916853,06/03/2025,(Mới) tổng hợp quỹ căn hộ 3PN bán cắt lỗ mới nhất tại Mỹ Đình Pearl - LH 0981 343 ***,Giá thỏa thuận,83 m²,N/A,3,2,"Phú Đô, Nam Từ Liêm","21.0124320983887, 105.767395019531"
42137967,06/03/2025,"Căn hộ 3N 2VS DT to hiếm hoi của phân khu TC1, view thành phố tầng trung giá chỉ 6 tỷ thu về",6 tỷ,80 m²,75 tr/m²,3,2,"Tây Mỗ, Nam Từ Liêm","21.000788945858382, 105.73918782183168"
40215581,06/03/2025,"(Mới) cần bán sớm 3 căn hộ 107, 118, 126m2 chung cư Keangnam. Nhà siêu đẹp","7,8 tỷ",107 m²,"72,9 tr/m²",3,2,"Mễ Trì, Nam Từ Liêm","21.016849517822266, 105.78397369384766"
42260079,06/03/2025,"Chính chủ bán căn hộ 96m2 tòa A3 Vin Gardenia. Full đồ. Giá 7,49 tỷ. Liên hệ 0985 222 ***","7,49 tỷ",96 m²,"78,02 tr/m²",3,2,"Cầu Diễn, Nam Từ Liêm","21.0368616361069, 105.76082968036063"
40072311,06/03/2025,"Quỹ căn 2PN (78m2, 80m2) tòa C5 KĐT Mỹ Đình I. Giá 4,3 tỷ. Nhà sửa đẹp. Full đồ. Liên hệ 0985 222 ***","4,3 tỷ",78 m²,"55,13 tr/m²",2,1,"Cầu Diễn, Nam Từ Liêm","21.034912109375, 105.764404296875"
36542249,06/03/2025,Tổng hợp 65 căn hộ các căn hộ tại sudico mới nhất LH 0981 343 ***,Giá thỏa thuận,133 m²,N/A,3,2,"Mỹ Đình 1, Nam Từ Liêm","21.0174350738525, 105.780395507813"
34669122,06/03/2025,(Mới) bán nhiều căn hộ từ 2PN 3PN 4PN chung cư West Point. Liên hệ 0981 343 ***,Giá thỏa thuận,72 m²,N/A,2,2,"Mễ Trì, Nam Từ Liêm","21.0118827819824, 105.786445617676"
41931680,06/03/2025,"Tôi chính chủ cần bán 2 căn hộ 2PN - 7,5 tỷ BC TN view hồ 16ha - The Matrix One","7,5 tỷ","87,6 m²","85,62 tr/m²",2,2,"Mễ Trì, Nam Từ Liêm","21.009116025745925, 105.77438002711844"
37007211,06/03/2025,(Mới) chính chủ bán căn hộ 216m2 khu cao tầng giá tốt. Liên hệ 0981 343 ***,10 tỷ,216 m²,"46,3 tr/m²",4,3,"Mỹ Đình 1, Nam Từ Liêm","21.0141735076904, 105.775871276855"
41917236,06/03/2025,(Keangnam) Chính chủ gửi bán nhiều CH 3PN (107 - 118 - 126 - 156m2) giá cực tốt,8 tỷ,107 m²,"74,77 tr/m²",3,2,"Mễ Trì, Nam Từ Liêm","21.01700622739062, 105.78360559478789"
42184226,06/03/2025,"Tôi cần bán CH 3PN - 108m2, tòa C7 đường Nguyễn Cơ Thạch. Cam kết nhà như hình. Giá 5,4 tỷ","5,4 tỷ",108 m²,50 tr/m²,3,2,"Cầu Diễn, Nam Từ Liêm","21.034958514316227, 105.7643614240565"
42099040,06/03/2025,"Chính chủ bán gấp: Căn studio view hồ Vinhomes Green Bay Mễ Trì, giá gốc 1.1 tỷ",Giá thỏa thuận,29 m²,N/A,1,1,"Mễ Trì, Nam Từ Liêm","20.9989585876465, 105.788032531738"
42178172,06/03/2025,Chính chủ gửi bán căn 2N 2VS Iris Garden giá chỉ nhỉnh 70tr/m2,"4,5 tỷ","61,5 m²","73,17 tr/m²",2,2,"Cầu Diễn, Nam Từ Liêm","21.030712248798526, 105.76102720146628"
40907660,06/03/2025,"Chính chủ cần tiền gấp bán nhanh căn 3PN 74,9m2 giá 4,25 tỷ Vinhome Smart City. L/H: 0975 982 ***","4,25 tỷ","74,9 m²","56,74 tr/m²",3,2,"Tây Mỗ, Nam Từ Liêm","21.006216049194336, 105.7364730834961"
40437676,06/03/2025,"Bán duplex 680m2 tòa nhà Golden Palace, Mễ Trì, có thang máy và bể bơi riêng đẳng cấp thượng lưu",46 tỷ,680 m²,"67,65 tr/m²",6,6,"Mễ Trì, Nam Từ Liêm","21.0119361877441, 105.774993896484"
39332136,06/03/2025,"Giá chỉ 9.3 tỷ - căn góc, 3PN, view cố định, Vinhomes Skylake, sổ sẵn, giao nhà luôn","9,3 tỷ",90 m²,"103,33 tr/m²",3,2,"Mỹ Đình 1, Nam Từ Liêm","21.02096044994282, 105.7806356710867"
42017218,06/03/2025,"Bán căn góc 200m2 Dolphin Plaza đẳng cấp sống giới thượng lưu, full nội thất Luxury nhận nhà ở ngay",Giá thỏa thuận,200 m²,N/A,5,3,"Mỹ Đình 2, Nam Từ Liêm","21.03049917298209, 105.77673340367345"
40533023,06/03/2025,"(Giá thật) tôi cần bán căn hộ 49,1m2 tại Ecolife, 1n1w, sẵn sổ, full nội thất, giá 3,5 tỷ","3,5 tỷ","49,1 m²","71,28 tr/m²",1,1,"Trung Văn, Nam Từ Liêm","20.9945335388184, 105.789390563965"
42270826,06/03/2025,"Gia đình có việc cần bán gấp căn 2n, ban công kép, trục 08, giá 4.260 giá rẻ ngang phân khu S","4,26 tỷ",63 m²,"67,62 tr/m²",2,2,"Tây Mỗ, Nam Từ Liêm","21.00687753372228, 105.74586128959223"
42180477,06/03/2025,"E gái em cần bán nhanh căn hộ 1n hơn 43m2 giá 3025 thu về ,thanh toán tiến độ , view bể bơi TC1","3,03 tỷ","43,4 m²","69,7 tr/m²",1,1,"Tây Mỗ, Nam Từ Liêm","21.000777407131675, 105.73907701284537"
42176279,06/03/2025,"Bán căn 1 studio diện tích 30m2 giá chỉ từ 2.1 tỷ, 1 căn 1PN từ 3 tỷ giá rẻ nhất thị trường","2,15 tỷ",30 m²,"71,67 tr/m²",1,1,"Tây Mỗ, Nam Từ Liêm","21.0005858481366, 105.738667642465"
42225501,06/03/2025,"4.5 tỷ. Tôi bán căn hộ 2PN 2VS, 62m2, có lốt ô tô, nhà sẵn sổ tại HD Mon city, tầng trung view đẹp","4,5 tỷ",62 m²,"72,58 tr/m²",2,2,"Mỹ Đình 2, Nam Từ Liêm","21.034702780660524, 105.76779244818113"
42188033,06/03/2025,"Tôi chính chủ bán nhanh căn hộ Golden Field: 3PN 2VS 112m2, đầy đủ nội thất, sẵn sổ đỏ giao dịch","6,3 tỷ",112 m²,"56,25 tr/m²",3,3,"Cầu Diễn, Nam Từ Liêm","21.034858933513, 105.766175642257"
42224963,06/03/2025,"5.3 tỷ. Tôi có nhu cầu bán căn hộ 85m2 (2PN 2VS), có lốt ô tô tại chung cư Sun Square 21 Lê Đức Thọ","5,3 tỷ","85,7 m²","61,84 tr/m²",2,2,"Mỹ Đình 2, Nam Từ Liêm","21.03328014949714, 105.77037412069832"
42111311,06/03/2025,Cần bán căn hộ 2 phòng ngủ tòa Báo nhân dân Xuân Phương,Giá thỏa thuận,86 m²,N/A,2,2,"Phương Canh, Nam Từ Liêm","21.032636955669997, 105.75299400730916"
42228262,06/03/2025,"Mình bán căn 2 ngủ 86,5m2 tòa trung ương đảng hơn 4 tỷ","4,3 tỷ","86,5 m²","49,71 tr/m²",2,2,"Phương Canh, Nam Từ Liêm","21.03258663638731, 105.75336520562342"
42317950,06/03/2025,"Chính chủ cần bán gấp CH Studio khu Sakura Vinhomes Smart City, full đồ, sổ đỏ, DT: 36m2 giá 1,9 tỷ","1,9 tỷ",36 m²,"52,78 tr/m²",1,1,"Tây Mỗ, Nam Từ Liêm","21.00509266635657, 105.73913526476696"
39330216,06/03/2025,Chính chủ bán căn 2 ngủ 77m2 tòa Roman Plaza - nội thất mới đẹp nhà đang ở - có slot - sổ đỏ CC,"4,8 tỷ",77 m²,"62,34 tr/m²",2,2,"Đại Mỗ, Nam Từ Liêm","20.9843406677246, 105.776809692383"
42346671,06/03/2025,"Bán căn hộ 2PN Masteri West Heights hoàn thiện nội thất siêu đẹp, chỉ cần xách vali đến ở","4,7 tỷ",55 m²,"85,46 tr/m²",2,2,"Tây Mỗ, Nam Từ Liêm","21.005642443317456, 105.73677704746568"
42112422,06/03/2025,[THÔNG TIN THẬT - ĐỪNG BỎ LỠ] Bán căn hộ 2 ngủ thông thủy 75m view công viên giá chỉ 5 tỷ trong thg,5 tỷ,75 m²,"66,67 tr/m²",2,2,"Trung Văn, Nam Từ Liêm","20.994527779916897, 105.78939691996574"
41008936,06/03/2025,"Chính chủ bán cắt lỗ căn 1PN + 1, DT: 47,6m2, Full NT mới 100%, CV trung tâm Imperia, chỉ 2.79 tỷ","2,79 tỷ","47,6 m²","58,61 tr/m²",1,1,"Tây Mỗ, Nam Từ Liêm","20.999761957931835, 105.73885483923902"
41098408,06/03/2025,"Bán căn 2PN góc, diện tích 64m, bàn giao nội thất cơ bản cao cấp, giá 4.3 tỷ, TT giãn","4,3 tỷ",64 m²,"67,19 tr/m²",2,2,"Tây Mỗ, Nam Từ Liêm","21.008852005004883, 105.7439193725586"
40713085,06/03/2025,"Chính chủ cần bán căn 1PN + 1, Dt: 43m2 tầng trung, view Panorama tòa SA3 - giá để rẻ chỉ 2,69 tỷ","2,69 tỷ",43 m²,"62,56 tr/m²",1,1,"Tây Mỗ, Nam Từ Liêm","21.00469769241692, 105.73879813093156"
40711454,06/03/2025,"Chính chủ bán cắt lỗ 2PN + 1, DT: 70,7m2, full đồ, sẵn sổ - tòa Tokin 1, giá cực tốt chỉ 4,79 tỷ","4,79 tỷ","70,7 m²","67,75 tr/m²",2,2,"Tây Mỗ, Nam Từ Liêm","21.004501880576594, 105.73948291810161"
38872998,06/03/2025,"Quỹ 5 căn chuyển nhượng 2PN 54m2-64m2 - Giá từ 3,35 tỷ bao phí - Đủ nội thất, có hỗ trợ vay, ở ngay","3,35 tỷ",54 m²,"62,04 tr/m²",2,1,"Tây Mỗ, Nam Từ Liêm","21.008962631225586, 105.74391174316406"
40123528,06/03/2025,"Chính chủ cần tiền bán gấp căn hộ chung cư Vin Gardenia DT 77m2, 105m2, 137m2 220m2 LH E. Hải","7,5 tỷ",105 m²,"71,43 tr/m²",3,2,"Cầu Diễn, Nam Từ Liêm","21.0365676879883, 105.760482788086"
40375356,06/03/2025,Mình chính chủ bán căn hộ chung cư cao cấp The Zei DT 96m2 108m 186m 250m giá tốt LH 0386 678 *** Hải,7 tỷ,108 m²,"64,82 tr/m²",3,2,"Mỹ Đình 2, Nam Từ Liêm","21.0344581604004, 105.769653320313"
38730962,06/03/2025,Chủ nhà cần tiền bán gấp căn hộ CT8 The Emerald DT 82m2 96m2 105m2 127m 140m2 giá tốt LH 0386 678 ***,6 tỷ,105 m²,"57,14 tr/m²",3,2,"Mỹ Đình 1, Nam Từ Liêm","21.0221614837646, 105.771797180176"
40347559,06/03/2025,Mình chính chủ bán chung cư The Manor Mễ Trì DT 106m 189m2 192m giá tốt. LH 0386 678 *** E Hải,10 tỷ,189 m²,"52,91 tr/m²",3,2,"Mỹ Đình 1, Nam Từ Liêm","21.01417350769043, 105.77587127685547"
29984098,06/03/2025,"Bán căn hộ 118m2 - 3PN Golden Palace hướng Nam thoáng mát, full đồ. LH: 0974 538 ***",Giá thỏa thuận,118 m²,N/A,3,2,"Mễ Trì, Nam Từ Liêm","21.0119361877441, 105.774993896484"
41443387,06/03/2025,"Nhà thật - giá thật bán căn hộ 3 ngủ gần 100m2 chỉ 5,x TỶ - giá tốt nhất tại C37 Bắc Hà Tố Hữu","5,9 tỷ",100 m²,59 tr/m²,3,2,"Trung Văn, Nam Từ Liêm","20.9968299865723, 105.793838500977"
42350362,06/03/2025,"Tôi bán căn góc 80m2 2PN 2VS, Nội thất đẹp, nhà sẵn sổ, có lốt ô tô tại chung cư Hoàng Thành Pearl","5,7 tỷ","80,6 m²","70,72 tr/m²",2,2,"Cầu Diễn, Nam Từ Liêm","21.04003078440499, 105.76081533605975"
41871715,06/03/2025,"Chính chủ bán căn 3 ngủ 2WC Ecolife 58 Tố Hữu, DT 111m2, sẵn sổ, giá thật 6,4 tỷ, đủ nội thất","6,4 tỷ",111 m²,"57,66 tr/m²",3,2,"Trung Văn, Nam Từ Liêm","20.9941513457464, 105.78995597657"
41820955,06/03/2025,Bán gấp căn hộ FLC 36 Phạm Hùng 66m2 2PN Full nội thất mới sẵn sổ giá thật 4.3 tỷ. LH 0964 460 ***,"4,3 tỷ",66 m²,"65,15 tr/m²",2,2,"Mỹ Đình 2, Nam Từ Liêm","21.0279239094297, 105.779615930841"
41604267,06/03/2025,"Chính chủ bán căn 3PN Bonanza 23 Duy Tân, DT 98m2, giá thật 7,1 tỷ, sẵn sổ, đủ nội thất, có slot","7,1 tỷ",98 m²,"72,45 tr/m²",3,2,"Mỹ Đình 2, Nam Từ Liêm","21.0306091308594, 105.781028747559"
40851641,06/03/2025,"Chính chủ bán 2PN + : Tòa GS1 61.7m2 - The Miami - Smart City, mua nhanh gia lộc thêm 50tr","3,9 tỷ","61,7 m²","63,21 tr/m²",2,2,"Tây Mỗ, Nam Từ Liêm","21.0065746307373, 105.745048522949"
41545858,06/03/2025,"Chính chủ bán căn góc 3 ngủ hiếm Roman Plaza, DT 124m2, giá 7,4tỷ, sẵn sổ, đủ nội thất, có slot ôtô","7,4 tỷ",124 m²,"59,68 tr/m²",3,2,"Đại Mỗ, Nam Từ Liêm","20.9843406677246, 105.776809692383"
42350102,06/03/2025,Bán căn 3PN 3VS Giá: 5 tỷ. GS5xx04 The Miami Vinhomes Smart City. LH 0936 082 ***,"5,04 tỷ",82 m²,"61,5 tr/m²",N/A,N/A,"Tây Mỗ, Nam Từ Liêm","21.000086365472146, 105.73937841613986"
42350057,06/03/2025,"MUA LÀ LÃI, BÁN 2 CĂN 1PN ĐÔNG NAM HOA HẬU VIN SMART 45M2 3,1 TỶ. 0961 522 ***","2,9 tỷ",43 m²,"67,44 tr/m²",1,1,"Tây Mỗ, Nam Từ Liêm","21.008207500597063, 105.74419962171334"
42277717,06/03/2025,"Chính chủ bán căn góc 3 ngủ 3wc 110m2, tầng đẹp, đủ nội thất, sổ đỏ. Giá 7 tỷ Roman Plaza",7 tỷ,110 m²,"63,64 tr/m²",3,3,"Đại Mỗ, Nam Từ Liêm","20.98434066772461, 105.77680969238281"
40521751,06/03/2025,Quỹ căn hộ 2 - 3PN- Duplex bán giá tốt nhất tại Roman Plaza Tố Hữu - xem nhà 0986 126 ***,"14,5 tỷ",190 m²,"76,32 tr/m²",2,N/A,"Đại Mỗ, Nam Từ Liêm","20.9843406677246, 105.776809692383"
42350183,06/03/2025,BÁN GẤP CĂN HỘ 1PN+1 TẠI VINHOMES SMART CITY  FULL NỘI THẤT  GIÁ CHỈ 2.850 TỶ,"2,8 tỷ",43 m²,"65,12 tr/m²",1,1,"Tây Mỗ, Nam Từ Liêm","21.009183042170367, 105.74359244333996"
42349405,06/03/2025,"Bán căn hộ tại toà Mỹ Đình Pearl, thiết kế đầy đủ nội thất 1PN, 1 WC giá 3,5 tỷ. LH: 0333 980 ***","3,5 tỷ",50 m²,70 tr/m²,1,1,"Phú Đô, Nam Từ Liêm","21.012403244440442, 105.76793388075004"
42342051,06/03/2025,Chính chủ bán căn hộ 76m tk 2pn 2wc.tòa A2 Ecolife tố hữu.Giá bán 4.96 tỷ bao phí Có thương lượng,"4,96 tỷ",76 m²,"65,26 tr/m²",2,2,"Trung Văn, Nam Từ Liêm","20.994650314620863, 105.78970751755921"
42298718,06/03/2025,"Bán căn hộ 3PN tòa CT8 The Emerald Mỹ Đình, không view nghĩa trang giá 6 tỷ bao phí. Lh: 0986 787 ***",6 tỷ,95 m²,"63,16 tr/m²",3,2,"Mỹ Đình 1, Nam Từ Liêm","21.022069654620008, 105.77104120772067"
42349920,06/03/2025,"Giá rẻ ! Bán chung cư CT2B Mỹ Đình II Lê Đức Thọ, Nam Từ Liêm, diện tích 120m2 lh: 0396 823 ***",6 tỷ,120 m²,50 tr/m²,3,2,"Mỹ Đình 2, Nam Từ Liêm","21.03139407525762, 105.76911981390738"
42350059,06/03/2025,"Bán CCMN Gần SVĐ Mỹ Đình 10m ra Ô tô tránh, 60m2*7T*12pkk full NT, Thang máy, PCCC, SĐCC, Giá tốt",11 tỷ,60 m²,"183,33 tr/m²",12,12,"Phú Đô, Nam Từ Liêm","21.0122486234317, 105.771194913229"
40072137,06/03/2025,"Quỹ độc quyền Dreamland Bonanza Duy Tân CH 09(72m2), 16(92m2), 10(97m2), 15(174m2) & S28(300m2)",Giá thỏa thuận,92 m²,N/A,N/A,N/A,"Mỹ Đình 2, Nam Từ Liêm","21.0306091308594, 105.781028747559"
42349781,06/03/2025,"Em phong cập nhật những căn hộ đầu tư có dòng tiền tại Keangnam.DT 107m, 118m,160m, 206m giá 75tr/m","9,44 tỷ",118 m²,80 tr/m²,3,2,"Mễ Trì, Nam Từ Liêm","21.017676081749276, 105.78406349616782"
41601235,06/03/2025,Cần bán căn hộ tòa B 118m2 3PN 2WC view Bitexco tầng trung đẹp ở Golden Palace giá 6tỷ: 0961 899 ***,6 tỷ,118 m²,"50,85 tr/m²",3,2,"Mễ Trì, Nam Từ Liêm","21.01120940519669, 105.77498454061194"
39477697,06/03/2025,"Tôi bán căn chung cư VOV Mễ Trì, Lương Thế Vinh Hà Nội DT 82m2, full đồ giá 3.8 tỷ: 0981,129,026","3,8 tỷ",82 m²,"46,34 tr/m²",2,1,"Mễ Trì, Nam Từ Liêm","20.994866708171884, 105.78445906237582"
41779859,06/03/2025,"Bán căn hộ làm mới 100% căn 3PN, 3WC, B. I. G Tower, diện tích 127m2, Phạm Hùng Mỹ Đình 2","5,8 tỷ",127 m²,"45,67 tr/m²",3,3,"Mỹ Đình 2, Nam Từ Liêm","21.0307030937346, 105.779224840718"
42148053,06/03/2025,"Bán căn hộ 2PN, 2WC tầng trung ban công Đông Bắc tại Vinhomes Green Bay Mễ Trì, 6.5 tỉ, 72m2","6,5 tỷ",72 m²,"90,28 tr/m²",2,2,"Mễ Trì, Nam Từ Liêm","20.998683497646695, 105.78893227794055"
42205671,06/03/2025,"Qũy căn bán chuyển nhượng Vinhomes West Point 1PN, 2PN,3PN,4PN giá tốt căn đẹp(cập nhật 2025)",Giá thỏa thuận,70 m²,N/A,2,2,"Mễ Trì, Nam Từ Liêm","21.012600229250985, 105.78633632132293"
42109639,06/03/2025,"Chủ nhà cần bán nhanh 02 căn chung cư, 43m2 giá 3,15 tỷ căn 61,3m2 giá 4,25 tỷ","3,15 tỷ",43 m²,"73,26 tr/m²",N/A,N/A,"Tây Mỗ, Nam Từ Liêm","21.004985472408514, 105.73846760900949"
42295451,06/03/2025,"Chính chủ bán gấp giá rẻ căn 2 PHÒNG NGỦ rộng -71,5 m2 - trục 09 toà P2 view nội khu","5,5 tỷ","71,5 m²","76,92 tr/m²",2,2,"Tây Mỗ, Nam Từ Liêm","21.00571061138795, 105.73664219715373"
34057315,06/03/2025,"(Giá chuẩn) cần bán căn hộ W1 Vinhomes West Point 3PN 112m2 giá 7,2 tỷ view đẹp nhất dự án nhà mới","7,2 tỷ",112 m²,"64,29 tr/m²",3,3,"Mễ Trì, Nam Từ Liêm","21.0118827819824, 105.786445617676"
39647037,06/03/2025,"Cần nhượng gấp CT1 Mỹ Đình Sông Đà gần Keangnam 115m2 3N tầng cao,đủ đồ đẹp nhỉnh 6 tỷ 0971 759 ***",6 tỷ,115 m²,"52,17 tr/m²",3,2,"Mỹ Đình 1, Nam Từ Liêm","21.0174350738525, 105.780395507813"
42166992,06/03/2025,"Cần bán gấp căn hộ 2PN - Imperia Vinhomes Smartcity, gần nhà để xe, giá 3,9 tỷ bao phí","3,9 tỷ","55,1 m²","70,78 tr/m²",2,1,"Tây Mỗ, Nam Từ Liêm","20.999345951871415, 105.73851611498743"
41585232,06/03/2025,"Gia đình cần chuyển nhượng gấp căn hộ 2N + phân khu GS Vinhome Smart City, giá chỉ 4,35 tỷ","4,35 tỷ","62,7 m²","69,38 tr/m²",2,2,"Tây Mỗ, Nam Từ Liêm","21.006173891114965, 105.74464384852159"
42345437,06/03/2025,"GĐ cần tiền bán căn 2 ngủ 55m2 Vinhomes Smartcity, full đồ view bể bơi giá 3.5 tỷ. LH 0949 891 ***","3,5 tỷ",55 m²,"63,64 tr/m²",2,1,"Tây Mỗ, Nam Từ Liêm","21.006460033467555, 105.74440447654067"
40017718,06/03/2025,Hàng cực hót căn hộ 2N2VS 77m2 CC Florence 28 Trần Hữu Dực giá 5.750 tỷ bao phí LH 0853 368 ***,"5,75 tỷ",77 m²,"74,68 tr/m²",2,2,"Cầu Diễn, Nam Từ Liêm","21.0307312011719, 105.761329650879"
37737923,06/03/2025,Penthouse 430m2 còn thô chung cư Keangnam Vina 0974 681 ***,Giá thỏa thuận,"430,4 m²",N/A,4,5,"Mễ Trì, Nam Từ Liêm","21.016849517822266, 105.78397369384766"
39021448,06/03/2025,Em có quỹ căn hộ chung cư Golden Field 2PN 65m2 giá từ 4.5 tỷ full đồ. Liên hệ 0853 368 ***,"4,5 tỷ",65 m²,"69,23 tr/m²",2,2,"Cầu Diễn, Nam Từ Liêm","21.035104751586914, 105.76554107666016"
36930053,06/03/2025,Bán gấp 2 căn hộ 141m2 và 162m2 thiết kế 4 ngủ và 3 vs tại Golden Palace. Giá thoả thuận trực tiếp,Giá thỏa thuận,141 m²,N/A,4,3,"Mễ Trì, Nam Từ Liêm","21.0119361877441, 105.774993896484"
42102595,06/03/2025,"Bán căn hộ 73m2 2P 2VS view hồ nội thất đẹp tầng trung dự án Mỹ Đình Pearl, giá 5,5 tỷ sổ đỏ sẵn","5,5 tỷ",73 m²,"75,34 tr/m²",2,2,"Phú Đô, Nam Từ Liêm","21.011803189937993, 105.76715835997818"
36930987,06/03/2025,(Mới) Chính chủ bán 2 căn hộ 105m2 toà A và căn 128m2 tòa B giá thoả thuận CC Golden Palace Mễ Trì,Giá thỏa thuận,128 m²,N/A,3,2,"Mễ Trì, Nam Từ Liêm","21.0119361877441, 105.774993896484"
39808125,06/03/2025,"(Mới) giá thật. chính chủ cần bán 88m2 TK 2PN 2VS tại CC Golden Palace, giá 5.5 tỷ. có lốt ô tô","5,5 tỷ",88 m²,"62,5 tr/m²",2,2,"Mễ Trì, Nam Từ Liêm","21.0119361877441, 105.774993896484"
40322732,06/03/2025,"Bán căn hộ 118m2, 3PN 2VS tháp B chung cư Golden Palace, view bộ ngoại giao. Giá thỏa thuận",Giá thỏa thuận,118 m²,N/A,3,2,"Mễ Trì, Nam Từ Liêm","21.0119361877441, 105.774993896484"
39791120,06/03/2025,(Mới) Chính chủ cần bán gấp căn hộ 54m2 thiết kế 1PN 1VS full nội thất CC Mỹ Đình Pearl. Giá 3.X tỷ,Giá thỏa thuận,54 m²,N/A,1,1,"Phú Đô, Nam Từ Liêm","21.0124320983887, 105.767395019531"
37249000,06/03/2025,"(Mới) Chính chủ cần bán căn hộ 72.9m2 Mỹ Đình Pearl. 2PN + 2 vệ sinh, view hồ, giá thoả thuận",Giá thỏa thuận,"72,9 m²",N/A,2,2,"Phú Đô, Nam Từ Liêm","21.0124320983887, 105.767395019531"
40216137,06/03/2025,"Chính chủ bán căn 3PN mới tinh, diện tích 96m2, BC Đông Bắc, view hồ siêu đẹp - Mỹ Đình Pearl",Giá thỏa thuận,96 m²,N/A,3,3,"Phú Đô, Nam Từ Liêm","21.0124320983887, 105.767395019531"
42014354,06/03/2025,"Siêu phẩm căn hộ 120m2 chung cư Lê Đức Thọ - Mỹ Đình giá nhỉnh hơn 5 tỷ, Full nội thất","5,88 tỷ","120,1 m²",49 tr/m²,3,2,"Mỹ Đình 2, Nam Từ Liêm","21.0308717374709, 105.76950333269"
42347700,06/03/2025,"Căn hộ chung cư Mỹ Đình Plaza - 138 Trần Bình, 2PN, khách, bếp, WC, DT: 74m2, giá: 4,98 tỷ","4,98 tỷ",74 m²,"67,3 tr/m²",2,1,"Mỹ Đình 2, Nam Từ Liêm","21.03083984026988, 105.77663069606089"
42349747,06/03/2025,Chủ gửi bán tòa I3 Imperia Smart city căn 2N1VS,"3,95 tỷ",55 m²,"71,82 tr/m²",2,1,"Tây Mỗ, Nam Từ Liêm","21.0091019580948, 105.743848746382"
40876918,06/03/2025,"Chính chủ bán 2PN +: Tòa D 62.29m2, 3.9 tỷ - Masteri - Vin Smart City, mua bán nhanh gia lộc 50tr","3,9 tỷ","62,29 m²","62,61 tr/m²",2,2,"Tây Mỗ, Nam Từ Liêm","21.0062065124512, 105.737075805664"
42295264,06/03/2025,Gia đình mình cần bán nhanh 2N Ecolife Tố Hữu giá tốt nhất thị trường. Chỉ 5 tỷ 75m2 full nội thất,5 tỷ,75 m²,"66,67 tr/m²",2,2,"Trung Văn, Nam Từ Liêm","20.99412900713038, 105.78949471674304"
42250598,06/03/2025,"Tôi chính chủ chuyển chỗ làm nên cần bán gấp căn 2PN + 64m2 tòa Imperia giá 4,2 tỷ. LH 0975 982 ***","4,2 tỷ",64 m²,"65,62 tr/m²",2,2,"Tây Mỗ, Nam Từ Liêm","20.9996622389962, 105.738018543636"
41863758,06/03/2025,"Chủ nhà cần bán CC HH2 Bắc Hà 3 ngủ 133 m2, 3PN, 2WC, BC Đông Nam, giá chỉ hơn 6 tỷ","6,65 tỷ",133 m²,50 tr/m²,3,2,"Trung Văn, Nam Từ Liêm","20.9968991193271, 105.795209387089"
42349443,06/03/2025,"Chuyển nhà bán nhanh căn 2 ngủ Florence Mỹ Đình, đường Trần Hữu Dực, 78m2, giá bán 5,6 tỷ","5,6 tỷ",78 m²,"71,8 tr/m²",2,2,"Cầu Diễn, Nam Từ Liêm","21.03098429664861, 105.76157093654317"
42189370,06/03/2025,Chính chủ tin tưởng gửi bán gấp 8 căn 2PN(78m2 -80m2) CC Hoàng Thành Pearl.Giá tốt nhất từ 5.8-6 tỷ,6 tỷ,"78,9 m²","76,05 tr/m²",2,2,"Cầu Diễn, Nam Từ Liêm","21.040941149464174, 105.7613762660845"
42207730,06/03/2025,Bán căn 2pn chung cư Vinaconex 7 Nguyễn Văn Giáp(cạnh Vinhomes Gardenia) LH; 0396 823 ***,"4,8 tỷ","86,5 m²","55,49 tr/m²",2,2,"Cầu Diễn, Nam Từ Liêm","21.034038021927387, 105.76031114648788"
39688527,06/03/2025,"Siêu phẩm HH2 Bắc Hà 133m2, 3 ngủ full nội thất xịn xò, giá tốt, sổ đỏ sẵn GD. LH: 0987 362 ***",6 tỷ,133 m²,"45,11 tr/m²",3,2,"Trung Văn, Nam Từ Liêm","20.9975166320801, 105.795166015625"
37956910,06/03/2025,"Cần bán gấp căn 2PN - 2VS, 57.8m2, giá 3.8 tỷ, ban công ĐN, view hồ, Vinhomes Green Bay Mễ Trì","3,8 tỷ","57,8 m²","65,74 tr/m²",2,2,"Mễ Trì, Nam Từ Liêm","20.9989585876465, 105.788032531738"
42335866,06/03/2025,Bán chuyển nhượng Vinhomes Smart City giá tốt căn đẹp LH 0916 471 *** zalo,"4,1 tỷ",64 m²,"64,06 tr/m²",2,2,"Tây Mỗ, Nam Từ Liêm","21.006539931396393, 105.74499933949775"
42094093,06/03/2025,"CC bán 4 căn studio-1.7tỷ, 1PN-2.6tỷ, 2PN - 55m - 3.15tỷ, 2PN-69m-căn góc-3.5tỷ KĐT VH SmartCity","3,5 tỷ",69 m²,"50,72 tr/m²",2,2,·,"21.00896554583784, 105.74391527504923"
42356103,06/03/2025,"Bán gấp Căn chung cư Roman Plaza Dt:70m2, Đường Tố Hữu, sổ đỏ trao tay nhà full nội thất giá 4.8 tỷ","4,8 tỷ",70 m²,"68,57 tr/m²",2,2,"Đại Mỗ, Nam Từ Liêm","20.984805852314825, 105.77654980331313"
42256480,06/03/2025,"Chính chủ bán chung cư mini Mễ Trì- Phạm Hùng- Đối Diện Keangnam, ngõ to 35m2, 50m2 gần chợ Mỹ Đình","1,09 tỷ",35 m²,"31,14 tr/m²",1,1,"Mễ Trì, Nam Từ Liêm","21.0121831934558, 105.775653972342"
42355871,06/03/2025,"Anh Trai Em Cần Bán CH-79m2 -2Pn-2wc ,view thoáng,full nội thất The Garden Hills 4,5 tỷ","4,5 tỷ",79 m²,"56,96 tr/m²",2,2,"Mỹ Đình 2, Nam Từ Liêm","21.03126337548793, 105.77692205286506"
42355561,06/03/2025,"Bán Căn hộ 186m2 tại Dolphin Plaza, View pháo hoa, nội thất đẳng cấp, giá chỉ 12.9tỷ","12,9 tỷ",186 m²,"69,36 tr/m²",3,2,"Mỹ Đình 2, Nam Từ Liêm","21.030154452237582, 105.7761580325867"
42355556,06/03/2025,"Gia đình Em Bán CH 78m2 -2PN ban công Đông Nam ,view thoáng full nội thất ở Roman Plaza giá 5 tỷ",5 tỷ,78 m²,"64,1 tr/m²",2,2,"Đại Mỗ, Nam Từ Liêm","20.984646252451324, 105.77760147244922"
42297399,28/02/2025,"Chính chủ bán căn hộ Intracom 1, khu đô thị Trung Văn diện tích 67m2 thiết kế 2 ngủ đồ nội thất đẹp","4,5 tỷ",67 m²,"67,16 tr/m²",2,1,"Trung Văn, Nam Từ Liêm","20.990803922810613, 105.78819107320432"
42168343,06/03/2025,"Bán căn hộ đẹp Vinhomes Gardenia, 8 tỷ, 110m2, 3PN, 2WC, Cầu Diễn, Nam Từ Liêm, Hà Nội",8 tỷ,110 m²,"72,73 tr/m²",3,2,"Cầu Diễn, Nam Từ Liêm","21.036081684129552, 105.76073055110513"
40676603,06/03/2025,Chính chủ bán nhanh căn hộ chung cư Ecolife Capital căn 3pn - DT 111m2 - giá 5.8 tỷ - LH 0988 246 ***,"5,88 tỷ",111 m²,"52,97 tr/m²",3,2,"Trung Văn, Nam Từ Liêm","20.9945335388184, 105.789390563965"
42250044,06/03/2025,Chính chủ bán căn hộ cao cấp Sudico Mỹ Đình Sông Đà,"8,5 tỷ",132 m²,"64,39 tr/m²",3,2,"Mỹ Đình 1, Nam Từ Liêm","21.01787967910159, 105.78004870906958"
38154060,06/03/2025,Quỹ căn 2 phòng ngủ giá tốt An Bình Plaza 97 Trần Bình Mỹ Đình sổ đỏ lâu dài có sẵn để mua bán,Giá thỏa thuận,55 m²,N/A,2,1,"Mỹ Đình 2, Nam Từ Liêm","21.030909, 105.77718"
42345321,06/03/2025,"GIẢM 50 TRIỆU CHO KHÁCH MUA CĂN TK1 2N2W FULL NỘI THẤT, CẠCH NHÀ ĐỂ XE NỔI TẠI VINHOME SMART","4,65 tỷ",61 m²,"76,23 tr/m²",2,2,"Tây Mỗ, Nam Từ Liêm","21.0079893093483, 105.743014674155"
42355833,06/03/2025,"Bán căn 1 ngủ 42,5m chung cư Lumiere Smart City Tây mỗ giá 4 tỷ - 0982 656 ***",4 tỷ,"42,5 m²","94,12 tr/m²",1,1,"Tây Mỗ, Nam Từ Liêm","21.00638184982942, 105.73591173092744"
42355830,06/03/2025,"Bán CH chung cư vinaconex 7 dt 87m2,2pn,2vs giá 5,4 tỷ nhà đẹp chỉ việc xách va li vào ở","5,4 tỷ",87 m²,"62,07 tr/m²",2,2,"Cầu Diễn, Nam Từ Liêm","21.03417870383594, 105.75967488370905"
39077483,06/03/2025,"BQL tòa nhà bán căn hộ 2PN2WC vào ngay, nhà đẹp, mới, view thoáng, đầy đủ nội thất dự án Mon City","4,6 tỷ",67 m²,"68,66 tr/m²",2,2,"Mỹ Đình 2, Nam Từ Liêm","21.035120010376, 105.767433166504"
42355746,06/03/2025,"The zei Mỹ Đình, tầng cao trục 09, dt 103.4m2, 3N2VS giá 9.1 tỷ","9,1 tỷ","103,4 m²","88,01 tr/m²",3,2,"Mỹ Đình 2, Nam Từ Liêm","21.034392197305994, 105.77008657014994"
42195192,06/03/2025,(HIẾM) 4 ngủ Vinhomes Gardenia - Chỉ từ 10 tỷ. LH em Châu 0978 012 ***,Giá thỏa thuận,132 m²,N/A,4,3,"Cầu Diễn, Nam Từ Liêm","21.03656768798828, 105.76048278808594"
42350060,06/03/2025,"Chuyển xuống mặt đất, gia đình thiện chí bán căn hộ 2pn 2vs 69m2, nhà mới, có sổ. Giá 4.95 tỷ.","4,95 tỷ",69 m²,"71,74 tr/m²",2,2,"Đại Mỗ, Nam Từ Liêm","20.984511178774493, 105.77647241687812"
42350146,06/03/2025,"Chuyển xuống mặt đất, gia đình cần bán căn góc 103m 3pn 3vs tầng trung, full đồ, giá bán 7.27 tỷ.","7,27 tỷ",103 m²,"70,58 tr/m²",3,3,"Đại Mỗ, Nam Từ Liêm","20.983948248493977, 105.7769536233368"
42175668,06/03/2025,"Bán gấp căn 43m2( 1pn+ )toà I5 ban công đông bắc , full đồ giá rẻ 3.035 tỷ - LH 0916 166 ***","3,04 tỷ",43 m²,"70,58 tr/m²",2,1,"Tây Mỗ, Nam Từ Liêm","20.9993260709027, 105.738029187809"
42221033,06/03/2025,Bán căn 3 ngủ dự án Hoàng Thành Pearl giá 7 tỷ 2,"7,28 tỷ",108 m²,"67,41 tr/m²",3,2,"Cầu Diễn, Nam Từ Liêm","21.03983109416055, 105.76197097626847"
42326775,06/03/2025,"Bán căn hộ hoa hậu căn tòa A1 Gardenia, 110m2 3PN cửa TB ban công ĐN, full đồ, giá 8,89 tỷ","8,89 tỷ",110 m²,"80,82 tr/m²",3,2,"Cầu Diễn, Nam Từ Liêm","21.0366521248131, 105.760162611385"
42326802,06/03/2025,"Bán căn hộ căn góc 05 tòa A3 Gardenia, 140m2, 4PN cửa TB, ban công ĐN ĐB, có slot ô tô, giá 11,9tỷ","11,9 tỷ",140 m²,85 tr/m²,4,3,"Cầu Diễn, Nam Từ Liêm","21.036874743889587, 105.76044602980556"
42355637,06/03/2025,"Căn hộ Garden Hills 99 Trần Bình DT 78m2, 2PN, 2WC, pháp lý đầy đủ. Giá 4,7 tỷ LH 0978,965831","4,7 tỷ",78 m²,"60,26 tr/m²",2,2,"Mỹ Đình 2, Nam Từ Liêm","21.030826820715937, 105.77719660208136"
42259908,06/03/2025,"(Hot) căn hộ 104m2, 3PN cửa ĐB, ban công TN, view pháo hoa tại The Zei - Lê Đức Thọ, giá rẻ 8,59tỷ","8,59 tỷ",104 m²,"82,6 tr/m²",3,2,"Mỹ Đình 2, Nam Từ Liêm","21.0350030722232, 105.769708195893"
42326413,06/03/2025,"Bán căn hộ đập thông 226m2, nhà nguyên bản CĐT, view hồ 14ha tại The Matrix One. LH 0962 636 ***","26,9 tỷ",226 m²,"119,03 tr/m²",5,4,"Mễ Trì, Nam Từ Liêm","21.009298828893506, 105.77368663798093"
41435049,06/03/2025,"Bán penhouse 178m2 hướng Đông Nam Vinhomes Skylake Phạm Hùng, Mỹ Đình 1 Nam Từ Liêm. LH 0983 786 ***",22 tỷ,178 m²,"123,6 tr/m²",4,4,"Mỹ Đình 1, Nam Từ Liêm","21.0201683044434, 105.780754089355"
42355600,06/03/2025,"/-li Siêu vip /-li Căn hộ CT8-The Emerald Mỹ Đình, 86,4m2, full đồ giá chỉ 5,5 tỷ","5,5 tỷ","86,4 m²","63,66 tr/m²",2,2,"Mỹ Đình 1, Nam Từ Liêm","21.022095520670607, 105.77223039426927"
41003200,06/03/2025,"Cần bán gấp căn hộ chính chủ 3PN 160m2 tại FLC Landmark Tower giá 5,7 tỉ","5,7 tỷ",160 m²,"35,62 tr/m²",3,3,"Mỹ Đình 2, Nam Từ Liêm","21.0340766906738, 105.770355224609"
39314249,06/03/2025,"Bán Gấp căn góc 3PN ban công Đông Nam CC Roman Plaza nội thất, tầng 17, giá bán 6 tỷ 9","6,9 tỷ",110 m²,"62,73 tr/m²",3,2,"Đại Mỗ, Nam Từ Liêm","20.984340667724609, 105.77680969238281"
40676304,06/03/2025,"Chính chủ cần bán căn 2 ngủ chung cư Ecolife Tố Hữu sổ đỏ lâu dài, nội thất đẹp, có slot ô tô","5,2 tỷ",75 m²,"69,33 tr/m²",2,2,"Trung Văn, Nam Từ Liêm","20.994161563987962, 105.78951602203685"
42355455,06/03/2025,"Bán CC FLC Complex Phạm Hùng, dt56m2, 2PN, nội thất đầy đủ, view cung thiếu nhi,giá 4,5tỷ bao phí","4,5 tỷ",56 m²,"80,36 tr/m²",2,N/A,"Mỹ Đình 2, Nam Từ Liêm","21.028018558467767, 105.77907077532389"
42296884,06/03/2025,"Đừng vội bỏ qua ! Bán căn hộ 2PN 4 tỉ Iris garden 60,7m2 giá tốt nhất !",4 tỷ,"60,7 m²","65,9 tr/m²",2,2,"Cầu Diễn, Nam Từ Liêm","21.03110838471942, 105.76024104159708"
41905558,06/03/2025,"Cần tiền bán gấp căn hộ 3PN 2VS view cực thoáng nhìn sang đại lộ chung cư Mỹ Đình Pearl giá 6,75tỷ","6,75 tỷ",82 m²,"82,32 tr/m²",3,2,"Phú Đô, Nam Từ Liêm","21.01167489531845, 105.76705381009765"
42167473,06/03/2025,"Tôi cần bán gấp căn hộ 80m2 thiết kế 2PN view thoáng đẹp tại Vingardenia nhà rất lộc giá 5,8 tỷ","5,8 tỷ",80 m²,"72,5 tr/m²",2,2,"Cầu Diễn, Nam Từ Liêm","21.0371024513242, 105.76022706891"
42327955,06/03/2025,"(Căn mới)Bán gấp căn 118m2 căn góc tại Golden Palace view xem pháo hoa, cực đẹp thoáng, giá 6,8 tỷ","6,8 tỷ",118 m²,"57,63 tr/m²",3,2,"Mễ Trì, Nam Từ Liêm","21.01202139493702, 105.77527858673577"
42355300,06/03/2025,CẦN BÁN GẤP CĂN 2N2WC THE GARDEN HILL MỸ ĐÌNH - SẴN SỔ - 0876 246 ***,"5,35 tỷ",78 m²,"68,59 tr/m²",2,2,"Mỹ Đình 2, Nam Từ Liêm","21.02962978811129, 105.77740377808136"
41721318,06/03/2025,Chủ nhà cần bán gấp căn hộ 3 ngủ tại Dolphin Plaza - DT 133m2 - Giá 7.15 tỷ,"7,15 tỷ",133 m²,"53,76 tr/m²",3,2,"Mỹ Đình 2, Nam Từ Liêm","21.030044555664062, 105.77662658691406"
42301378,06/03/2025,"Bán penthouse Iris Garden Mỹ Đình, DT 185m2, 4PN + 4WC, full đồ đẹp, giá 15tỷ bao phí",15 tỷ,185 m²,"81,08 tr/m²",4,4,"Cầu Diễn, Nam Từ Liêm","21.031025695333916, 105.76067289464248"
40934797,06/03/2025,Chính chủ bán Studio - 30.06m2 - 1.2 tỷ - Vinhomes Green Bay Mễ Trì,"1,2 tỷ","30,06 m²","39,92 tr/m²",1,1,"Mễ Trì, Nam Từ Liêm","20.9989339731345, 105.78769166642701"
42262235,06/03/2025,Bán căn hộ chung cư 3 ngủ căn góc 99m khu đô thị mới Mỹ Đình 2 tặng full nội thất chỉ nhỉnh 5tỷ,"5,5 tỷ",99 m²,"55,56 tr/m²",3,2,"Mỹ Đình 2, Nam Từ Liêm","21.031750063258794, 105.7681141911665"
41989075,06/03/2025,"Chính chủ cần bán căn 2PN 53.9m2-giá cắt lỗ chỉ 3,42 tỷ, full nội thất, tầng trung tòa SA3 Vinsmart","3,42 tỷ","53,9 m²","63,45 tr/m²",2,2,"Tây Mỗ, Nam Từ Liêm","21.0055779771169, 105.738788576945"
42239643,06/03/2025,"Siêu Hot!Em Thủy bán căn hộ 2PN có SLOToto, view hồ điều hòa Skylake Chung cư FLC 36 LH0977,839,302","4,4 tỷ","55,6 m²","79,14 tr/m²",2,2,"Mỹ Đình 2, Nam Từ Liêm","21.028250706146775, 105.77910720805615"
38717511,06/03/2025,Dolphin - gia lộc Vàng 9999 may mắn cho quý khách mua Quỹ Căn tháng 03/2025 giá tốt không báo ảo,Giá thỏa thuận,133 m²,N/A,3,2,"Mỹ Đình 2, Nam Từ Liêm","21.0300445556641, 105.776626586914"
39820894,06/03/2025,"Chính chủ bán gấp 3PN - 2WC, DT 83.82m2, tòa G2, 6.5 tỷ - Vinhomes Green Bay (TT 77.1m2)","6,5 tỷ","83,82 m²","77,55 tr/m²",3,2,"Mễ Trì, Nam Từ Liêm","20.9989585876465, 105.788032531738"
42260705,06/03/2025,FLC 36 phạm hùng: Chính chủ cần bán gấp căn hộ 131m 4pn 3wc view hồ.skylake . giá tốt.LH 0962 991 ***,Giá thỏa thuận,131 m²,N/A,4,3,"Mỹ Đình 2, Nam Từ Liêm","21.028141911441946, 105.77882874681364"
42335764,06/03/2025,"Tổng hợp những căn hộ đang cần bán gấp tại CT8 đình thôn: DT 78m, 82m, 99m, 110m, 141m :giá 5.6 ty","5,6 tỷ",81 m²,"69,14 tr/m²",2,2,"Mỹ Đình 1, Nam Từ Liêm","21.022125979066804, 105.77136430281297"
42323808,06/03/2025,Cần bán gấp căn 3 ngủ 2 vs chung cư iris garden ..Giá siêu phẩm,7 tỷ,104 m²,"67,31 tr/m²",3,2,"Cầu Diễn, Nam Từ Liêm","21.03091519059342, 105.76071123236873"
41629366,06/03/2025,cập nhật quỹ căn hộ kh đô thị Sudico;DT 57m-105m -125m-132m-141mm-151m-207m ;Giá chỉ từ 3.5ty -8 tỷ,6 tỷ,132 m²,"45,46 tr/m²",4,3,"Mỹ Đình 1, Nam Từ Liêm","21.017435073852539, 105.7803955078125"
39585678,06/03/2025,"Bán cắt lỗ căn hộ 2 ngủ 1 vs 54,8m thông thủy giá 3,1 tỷ full nội thất","3,35 tỷ","54,8 m²","61,13 tr/m²",2,1,"Tây Mỗ, Nam Từ Liêm","21.0062160491943, 105.736473083496"
42040410,06/03/2025,"Chính chủ bán căn 1N + 41.9m2 toà B, giá 2.9 tỷ, tầng đẹp, có slot ô tô dưới hầm, hỗ trợ vay NH","2,9 tỷ","41,9 m²","69,21 tr/m²",1,N/A,"Tây Mỗ, Nam Từ Liêm","21.0061761319695, 105.737072509951"
42342908,06/03/2025,"Tổng hợp 100 căn hộ đang giao bán tại Green bay.mễ trì.DT 26m, 56m, 65m, 80m, giá bán chỉ từ 2 tỷ",5 tỷ,63 m²,"79,36 tr/m²",2,2,"Mễ Trì, Nam Từ Liêm","20.998958532304087, 105.78778711412536"
41022694,06/03/2025,Hiếm! Căn 2PN2WC The Garden Hills 66m2 full nội thất - 4.5 tỷ,"4,5 tỷ",66 m²,"68,18 tr/m²",2,2,"Mỹ Đình 2, Nam Từ Liêm","21.0304050445557, 105.777030944824"
42136275,06/03/2025,"Gia đình bán căn hộ 73m2 2 phòng ngủ, chung cư Vinhomes Gardenia, có slot ô tô. Giá 5.5 tỷ","5,5 tỷ",73 m²,"75,34 tr/m²",2,2,"Cầu Diễn, Nam Từ Liêm","21.0366799277174, 105.76090151458112"
42349072,06/03/2025,"Bán căn hộ 1N+, 43m2, tầng trung, giá chỉ 3,07 tỷ tại Vinhomes Smart City","3,07 tỷ",43 m²,"71,4 tr/m²",2,1,"Tây Mỗ, Nam Từ Liêm","21.008938066754645, 105.74364911674462"
40552296,06/03/2025,"Chính Chủ Cần Bán Căn Hộ Chung Cư Florence - 28 Trần Hữu Dực, DT 77.5m2, 02PN, Sẵn Sổ, Có Slot",Giá thỏa thuận,"77,5 m²",N/A,3,2,"Cầu Diễn, Nam Từ Liêm","21.030731, 105.76133"
39843689,06/03/2025,"Bán căn 2PN, 78m2 chung cư Mỹ Đình Plaza 2, full nội thất, sẵn sổ, có slot, tầng trung hướng mát","4,8 tỷ",78 m²,"61,54 tr/m²",2,2,"Mỹ Đình 2, Nam Từ Liêm","21.0310840606689, 105.774566650391"
42320829,06/03/2025,"Chính chủ bán gấp CH - 78m2 - 2PN - 2WC full nội thất, view thoáng ở Roman Plaza. Giá 5 tỷ",5 tỷ,78 m²,"64,1 tr/m²",2,2,"Đại Mỗ, Nam Từ Liêm","20.984030212441443, 105.7775619263689"
39584087,06/03/2025,"Chủ nhà gửi bán Quỹ căn tại Iris Garden giá từ 4 tỷ 2PN 63m2-6,5 tỷ 104m2 full đẹp. LH 0981 045 ***",4 tỷ,63 m²,"63,49 tr/m²",2,2,"Cầu Diễn, Nam Từ Liêm","21.03203135592534, 105.76024502401589"
42349204,06/03/2025,(Giá chuẩn) Bán căn 115m2(3ngủ + 2Wc) NT đầy đủ-Sẵn sổ-giá 6.8 tỷ. 37 Bắc Hà-Tố Hữu.LH: 0399 888 ***,"6,8 tỷ",115 m²,"59,13 tr/m²",3,2,"Trung Văn, Nam Từ Liêm","20.99653329028415, 105.79440161967598"
42075794,06/03/2025,"Bán gấp căn hộ 182m2 Dolphin plaza - Trần Bình full nội thất gỗ thịt, sẵn sổ hồng LH 0987 106 ***",Giá thỏa thuận,186 m²,N/A,4,2,"Mỹ Đình 2, Nam Từ Liêm","21.0303107839483, 105.77684809619"
39194385,06/03/2025,Siêu phẩm Duplex The Zei (bàn giao full) Thiết kế đẳng cấp - sang trọng đáng sống LH: 0987 106 ***,Giá thỏa thuận,186 m²,N/A,3,4,"Mỹ Đình 2, Nam Từ Liêm","21.0344581604004, 105.769653320313"
42326893,06/03/2025,"Siêu phẩm Penthouse Iris garden đẹp nhất dự án, Ban công Đông Nam, view thành phố Lh 0987 106 ***",Giá thỏa thuận,185 m²,N/A,4,4,"Cầu Diễn, Nam Từ Liêm","21.03138918103651, 105.76073827587463"
42347894,06/03/2025,"Chính chủ bán căn 3PN diện tích 82m tầng trung, full nội thất, sổ hồng, giá 5,9 tỷ thương lượng","5,9 tỷ",82 m²,"71,95 tr/m²",3,2,"Tây Mỗ, Nam Từ Liêm","21.005231312947494, 105.73954631086134"
42348887,06/03/2025,"Bán căn hộ chung cư toà 5A Lê Đức Thọ, tầng đẹp, view thoáng, 2 ngủ 2 vs. Sổ sẵn
Giá 4,1 tỉ.","4,1 tỷ",71 m²,"57,75 tr/m²",2,1,"Mỹ Đình 2, Nam Từ Liêm","21.0306720015013, 105.769228507529"
39251188,06/03/2025,"Chính chủ cần bán căn 3 ngủ C14 Bắc Hà,Tố Hữu, DT 110m2,giá nhỉnh 6tỷ đầy đủ nội thất, có slot ôtô",Giá thỏa thuận,110 m²,N/A,3,2,"Trung Văn, Nam Từ Liêm","20.990812301635742, 105.78391265869141"
39642456,06/03/2025,Chính chủ cần bán căn hộ 78m2 2N2WC dự án Roman Plaza ban công Đông Nam thoáng mát giá 5 tỷ,5 tỷ,78 m²,"64,1 tr/m²",2,2,"Đại Mỗ, Nam Từ Liêm","20.9843406677246, 105.776809692383"
40711637,06/03/2025,"Chính chủ bán căn , 3PN 2WC, tầng trung, đẹp nhất, giá 7 tỷ chung cư FLC 36 Phạm Hùng",7 triệu,131 m²,"53,44 nghìn/m²",3,2,"Mỹ Đình 2, Nam Từ Liêm","21.028190612793, 105.779197692871"
42260934,06/03/2025,"[Bán Gấp] Căn hộ Gonden palace 3N 118,2m, tầng trung sẵn sổ full nội thất nhà mới cực đẹp","7,3 tỷ","118,2 m²","61,76 tr/m²",3,2,"Mễ Trì, Nam Từ Liêm","21.01194166235589, 105.77499676809481"
42348278,06/03/2025,"[Siêu hiếm] Cần bán căn hộ 66m 2N2W Garden hill,sẵn sổ giao dịch","4,4 tỷ",66 m²,"66,67 tr/m²",2,2,"Mỹ Đình 2, Nam Từ Liêm","21.030490885268485, 105.77677274768975"
41470353,06/03/2025,"Giá thật căn 3 ngủ Roman Plaza Tố Hữu giá 6,8 tỷ, DT 103m2, ban công Đông Nam, đầy đủ nội thất","6,8 tỷ",103 m²,"66,02 tr/m²",3,2,"Đại Mỗ, Nam Từ Liêm","20.984340667724609, 105.77680969238281"
42265198,06/03/2025,"Chính chủ bán căn hộ 4 ngủ 165m2 tại Dolphin Plaza Trần Bình giá chỉ 8 tỷ. Sẵn sổ, full nội thất",8 tỷ,165 m²,"48,48 tr/m²",4,2,"Mỹ Đình 2, Nam Từ Liêm","21.02969534924, 105.776498927209"
42227068,06/03/2025,"Chính chủ cần bán căn hộ chung cư FLC Landmark Tower, DT 124m2, 3PN, tầng trung, hướng mát","6,4 tỷ",124 m²,"51,61 tr/m²",3,2,"Mỹ Đình 2, Nam Từ Liêm","21.0348912472261, 105.769983982381"
42157583,06/03/2025,"Cập nhật bảng giá mới nhất tháng 3 dự án Chung cư Canopy Vinhome Tây Mỗ, giá tốt nhất. 0906 025 ***",Giá thỏa thuận,"72,2 m²",N/A,3,2,"Tây Mỗ, Nam Từ Liêm","21.000928760299963, 105.73880358239964"
41429861,06/03/2025,"Bán Căn Hộ Chung Cư Mỹ Đình - Nguyễn Cơ Thạch , DT 77m2, 03PN, Giá 4.5Tỷ","4,5 tỷ",77 m²,"58,44 tr/m²",3,2,"Cầu Diễn, Nam Từ Liêm","21.034912109375, 105.764404296875"
42349045,06/03/2025,"Cơ hội đầu tư CCMN Đình Thôn gần Keangnam, 72m2*8T*18pkk, TM, PCCC chuẩn, SĐCC&GPXD, lợi nhuận cao","14,7 tỷ",72 m²,"204,17 tr/m²",18,18,"Mỹ Đình 1, Nam Từ Liêm","21.0204371945097, 105.775175856357"
41582214,06/03/2025,"Chính chủ bán căn chung cư The Canopy TC3.3x. 02 DT 50.3m, 1ngủ+, thanh toán 30% cửa ĐN ban công TB","3,65 tỷ","50,3 m²","72,56 tr/m²",2,1,"Tây Mỗ, Nam Từ Liêm","21.00084686279297, 105.73912048339844"
40593575,06/03/2025,"Em cần bán căn 03PN, DT 100m2, tòa chung cư B2 Hàm Nghi - Mỹ Đình. Hướng mát, sổ đỏ sẵn","4,9 tỷ",100 m²,49 tr/m²,3,2,"Cầu Diễn, Nam Từ Liêm","21.034912109375, 105.764404296875"
42137668,06/03/2025,Chính chủ bán căn hộ chung cư 83m2 thiết kế 3 ngủ chung cư Florence 28 Trần Hữu Dực,Giá thỏa thuận,83 m²,N/A,2,2,"Cầu Diễn, Nam Từ Liêm","21.030550663087254, 105.7620232662231"
41987335,06/03/2025,"Bán căn 2PN view bể bơi Tonkin, căn góc TC3.2x. 01 The Canopy Vinsmart Tây Mỗ, DT 62.3m2",Giá thỏa thuận,"62,3 m²",N/A,2,2,"Tây Mỗ, Nam Từ Liêm","21.001141115776463, 105.73921746814285"
42129033,06/03/2025,NHỈNH 4 TỶ BÁN NHANH CĂN HỘ CĂN 75M2 3 NGỦ TÒA G5 SOLA SMART CITY HƯỚNG ĐÔNG NAM VIEW BỂ BƠI .,"4,91 tỷ",75 m²,"65,47 tr/m²",3,2,"Tây Mỗ, Nam Từ Liêm","21.008725463814304, 105.74325701851019"
42206640,06/03/2025,Chính chủ bán căn hộ chung cư Florence 91m2 3 phòng ngủ căn góc ban công Đông Nam,Giá thỏa thuận,91 m²,N/A,3,2,"Cầu Diễn, Nam Từ Liêm","21.030376152710016, 105.76155197885276"
39010463,06/03/2025,"Bán căn 2 ngủ đẹp CC Vinhomes Skylake 6.x tỷ đông nam và căn view hồ, đồ nhập khẩu (lot ô tô)","5,8 tỷ",64 m²,"90,62 tr/m²",2,2,"Mỹ Đình 1, Nam Từ Liêm","21.0201683044434, 105.780754089355"
42204875,06/03/2025,BÁN NHANH CĂN HỘ 3 PHÒNG NGỦ VIEW NỘI KHU HƯỚNG ĐÔNG NAM KÝ HD TRỰC TIẾP VỚI CHỦ ĐẦU TƯ CÓ HTLS,"4,9 tỷ",75 m²,"65,33 tr/m²",3,2,"Tây Mỗ, Nam Từ Liêm","21.0088637647628, 105.743933749096"
42199778,06/03/2025,"Bán gấp căn 2PN 1VS - Tòa G1 Vinhomes GreenBay Mễ Trì, giá 4,2 tỷ nhà đẹp - 0974 121 ***","4,2 tỷ","55,4 m²","75,81 tr/m²",2,1,"Mễ Trì, Nam Từ Liêm","20.9995472213067, 105.78815812699"
42106993,06/03/2025,"Penthouse 700m2, có bể bơi, ban công tiểu cảnh, căn pen duy nhất mở bán tại Golden Palace Mễ Trì","39,9 tỷ",700 m²,57 tr/m²,5,5,"Mễ Trì, Nam Từ Liêm","21.0119361877441, 105.774993896484"
41975865,06/03/2025,"Chính chủ gửi bán căn hộ 2 phòng ngủ TC3.06 DT 65.3m, 2 ngủ 2 vệ sinh cửa Tây Bắc ban công Đông Nam",Giá thỏa thuận,"65,3 m²",N/A,2,2,"Tây Mỗ, Nam Từ Liêm","21.001179648355134, 105.73894126485463"
34422996,06/03/2025,Chính chủ bán nhanh căn hộ tòa S1 view trực diện hồ nhà đồ như ảnh giá 11 tỷ không báo chào ảo,11 tỷ,112 m²,"98,21 tr/m²",3,2,"Mỹ Đình 1, Nam Từ Liêm","21.0201683044434, 105.780754089355"
42348563,06/03/2025,"Bán căn chug cư tòa X2 đường Nguyễn Cơ Thạch -Mỹ Đình 1 , dt 62m2, 2 ngủ , giá bán TT.",Giá thỏa thuận,62 m²,N/A,2,2,"Mỹ Đình 1, Nam Từ Liêm","21.0205947668325, 105.762147192746"
42338001,06/03/2025,Chính chủ cần tiền bán rẻ căn 3PN full nội thất view công viên hồ 14ha The Matrix One Lê Quang Đạo,"11,28 tỷ","112,8 m²",100 tr/m²,3,2,"Mễ Trì, Nam Từ Liêm","21.009446781397127, 105.77378048693616"
42348866,06/03/2025,"Mình cần bán căn hộ 2N+ diện tích 69m2, ban công ĐN giá 3.1 tỷ",3.160 tỷ,65 m²,"48,62 tỷ/m²",2,2,"Tây Mỗ, Nam Từ Liêm","21.00861008022935, 105.74393840489311"
42348543,06/03/2025,"Tôi cần bán căn 3pn chung cư CT3 Mễ Trì Hạ,dt 142m2 ,không đồ giá 7.5 tỷ.lh 0977 632 ***","7,3 tỷ",142 m²,"51,41 tr/m²",3,2,"Mễ Trì, Nam Từ Liêm","21.015600365494276, 105.78269760358232"
41859707,06/03/2025,"Qũy hơn 100 CH dự án The Canopy, từ CĐT bàn giao với các loại hình 2N giá ưu đãi triết khấu cao","3,9 tỷ",70 m²,"55,71 tr/m²",2,2,"Tây Mỗ, Nam Từ Liêm","21.0010251914809, 105.739487687106"
26826417,06/03/2025,"(Giá chuẩn) bán gấp căn hộ Vinhomes West Point 3PN góc 93m tòa W2 giá 8,15 tỷ tầng 2x view Keangnam","8,4 tỷ",93 m²,"90,32 tr/m²",3,2,"Mễ Trì, Nam Từ Liêm","21.011882781982422, 105.78644561767578"42356345,07/03/2025,BÁN CĂN 1PN+1 GS6 VINHOMES SMART CITY TẦNG TRUNG VIEW THOÁNG CHỈ #3180TR,"3,18 tỷ",48 m²,"66,25 tr/m²",1,1,"Tây Mỗ, Nam Từ Liêm","21.00875451527954, 105.74361573141059"
42085155,07/03/2025,"Bán cặp căn hộ đập thông The Matrix One Lê Quang Đạo, tổng diện tích 226m2, view công viên",Giá thỏa thuận,226 m²,N/A,5,4,"Mễ Trì, Nam Từ Liêm","21.00983034329836, 105.77307680403021"
42356320,07/03/2025,"[GIÁ TỐT] CĂN 1PN 45,5M GS6 VIEW BỂ BƠI CHỈ #3200TR","3,2 tỷ","45,5 m²","70,33 tr/m²",1,1,"Tây Mỗ, Nam Từ Liêm","21.009024661078538, 105.74449634665903"
42356285,07/03/2025,"Chính chủ chốt bán 2PN tại Green Bay giá 5.1 tỷ full đồ, sổ đỏ sẵn sàng. LH: 0364 079 ***","5,1 tỷ",57 m²,"89,47 tr/m²",2,2,"Mễ Trì, Nam Từ Liêm","20.99837153884031, 105.78843800249513"
42356253,06/03/2025,FLC 36 Phạm Hùng bán 2Pn-4.3 tỷ / 3PN từ 7.4 đến 9.5 tỷ. LH ngay: 0364 079 *** nhắn zalo em,"4,3 tỷ",60 m²,"71,67 tr/m²",2,1,"Mỹ Đình 2, Nam Từ Liêm","21.028553569502, 105.77972468124479"
42125032,06/03/2025,chị chính chủ bán căn 2 ngủ tòa GS1 2124 nhà rất đẹp,"4,25 tỷ","61,5 m²","69,11 tr/m²",2,2,"Tây Mỗ, Nam Từ Liêm","20.999675222628753, 105.73774391209108"
42326519,06/03/2025,"Chính chủ bán căn 2 ngủ dt 70m2 tại FLC 36 Phạm Hùng, sẵn sổ full nội thất giá 4.9 tỷ thương lượng","4,9 tỷ",70 m²,70 tr/m²,2,2,"Mỹ Đình 2, Nam Từ Liêm","21.0281961706653, 105.77922155776936"
42356241,06/03/2025,"Bán căn hộ 4PN 3VS tại Mỹ Đình Pearl S:145m2. Nhà đã đầy đủ nội thất chỉ việc ở, sẵn sổ giá 12.5 tỷ","12,5 tỷ",145 m²,"86,21 tr/m²",4,3,"Phú Đô, Nam Từ Liêm","21.012227651563787, 105.76699459455821"
42356153,06/03/2025,"Chính chủ cần bán gấp căn 70m2, giá cực rẻ tòa FLC Complex 36 Phạm Hùng, giá 4,3 tỷ.LH: 0968 989 ***","4,3 tỷ",57 m²,"75,44 tr/m²",2,2,"Mỹ Đình 2, Nam Từ Liêm","21.028168267121107, 105.77896591710692"
42117538,06/03/2025,Bán căn hộ chung cư tầng 2 tòa CT2A khu ĐTM Mỹ Đình 98m2 giá 5.6 tỷ,"5,6 tỷ",98 m²,"57,14 tr/m²",3,2,"Mỹ Đình 2, Nam Từ Liêm","21.0269481981628, 105.77437827557"
39859295,06/03/2025,"Chính chủ cần bán gấp căn 3N2VS 105m2 tại Vin Gardenia giá 7,5 tỷ","7,5 tỷ",105 m²,"71,43 tr/m²",3,2,"Cầu Diễn, Nam Từ Liêm","21.03656768798828, 105.76048278808594"
41470005,06/03/2025,"Chính chủ thiện chí bán gấp căn 3PN 108m2 tại The Zei full nội thất mới, giá 8.5 tỷ có thương lượng","8,5 tỷ",108 m²,"78,7 tr/m²",3,2,"Mỹ Đình 2, Nam Từ Liêm","21.0302867490365, 105.769189967718"
41427975,06/03/2025,"Do nhu cầu không sử dụng, cần sang nhượng căn hộ 3PN 118m2 tại Golden Palace, full đồ, giá 6,8 tỷ","6,8 tỷ",118 m²,"57,63 tr/m²",3,2,"Mễ Trì, Nam Từ Liêm","21.0119361877441, 105.774993896484"
42312723,06/03/2025,"Em bán nhà tập thể mặt đường Nguyễn Trãi Sổ đỏ: 51 m2, SD: 75 m2 giá 2,95 tỷ","2,95 tỷ",75 m²,"39,33 tr/m²",3,1,"Trung Văn, Nam Từ Liêm","20.9877304757065, 105.80049648296"
42355485,06/03/2025,"CH CT8-The Emerald Mỹ Đình, tòa E1, 81,4m2 tầng trung, view siêu đẹp, giá chỉ 5.8 tỷ","5,8 tỷ","82,4 m²","70,39 tr/m²",2,2,"Mỹ Đình 1, Nam Từ Liêm","21.022095520670607, 105.77223039426927"
42245157,06/03/2025,"Tôi cần BÁN GẤP căn 2pn Mỹ Đình Plaza full nội thất sẵn Sổ Đỏ giá 4,x tỷ,KH thiện chí LH 0963 180 ***",Giá thỏa thuận,"73,5 m²",N/A,N/A,N/A,"Mỹ Đình 2, Nam Từ Liêm","21.03088616388082, 105.77581291829097"
40932282,06/03/2025,"Gia đình bán 2PN - 2VS, DT 70m2, tòa Roman Plaza, giá 4,5 tỷ,view nội khu ,LH 0363 388 ***","4,5 tỷ",70 m²,"64,29 tr/m²",2,2,"Đại Mỗ, Nam Từ Liêm","20.98384140349749, 105.77648208093522"
40610023,06/03/2025,"BÁN CH 4PN-3WC, dt 198m2 , tòa Dolphin Plaza 28 Trần Bình , căn GÓC, LH 0363 388 ***",10 tỷ,198 m²,"50,5 tr/m²",4,3,"Mỹ Đình 2, Nam Từ Liêm","21.0300445556641, 105.776626586914"
42134838,06/03/2025,"Bán căn hộ studio tại dự án Lumiere Evergreen Vinhomes Smart City, 2,6 tỷ, 32,2m2","2,6 tỷ","32,2 m²","80,74 tr/m²",N/A,N/A,"Tây Mỗ, Nam Từ Liêm","21.006862879975763, 105.73664369360858"
42190841,06/03/2025,"CH 133m2 4N3VS - 12tỷ tại chung cư Mỹ Đình Pearl, Full nội thất nhập khẩu, sổ chính chủ: 0966 769 ***",10 tỷ,133 m²,"75,19 tr/m²",4,3,"Phú Đô, Nam Từ Liêm","21.012703497046783, 105.76728053893756"
42203593,06/03/2025,"The Emerald - Mỹ Đình Căn hộ 77m - 2n2vs - 4.86 tỷ, full nội thất, hướng Đông Nam mát mẻ: 096676907","4,86 tỷ",77 m²,"63,12 tr/m²",2,2,"Mỹ Đình 1, Nam Từ Liêm","21.02191325186884, 105.77168193483621"
42302613,06/03/2025,"CH 4N2VS hướng Đông Nam chỉ 9 tỷ tầng đẹp chung cư FLC 36 Phạm Hùng, phong cách Indochi: 0966 769 ***",9 tỷ,131 m²,"68,7 tr/m²",4,2,"Mỹ Đình 2, Nam Từ Liêm","21.0280243845191, 105.779281104393"
42217475,06/03/2025,CH The Emerald CT8 - Mỹ Đình 86m2 thiết kế 2N2VS Chủ chào 6.9 tỷ full nội thất ở luôn: 0966 769 ***,"6,9 tỷ",86 m²,"80,23 tr/m²",2,2,"Mỹ Đình 1, Nam Từ Liêm","21.022441519991, 105.772247448821"
42190701,06/03/2025,"Vin Gardenia căn hộ 73m2 - 2N2VS - 4.7 tỷ, full nội thất, sổ chính chủ, có slot ô tô: 0966 769 ***","4,7 tỷ",73 m²,"64,38 tr/m²",2,2,"Cầu Diễn, Nam Từ Liêm","21.036259619357008, 105.76080866823446"
42321139,06/03/2025,"Căn hộ 2N2VS 70m2 chỉ 6.58 tỷ chung cư Vinhomes Skylake full nội thất, sổ chính chủ: 0966 769 ***","6,58 tỷ",70 m²,94 tr/m²,2,2,"Mỹ Đình 1, Nam Từ Liêm","21.020048372103, 105.78074347329091"
40803399,06/03/2025,"Tôi muốn bán 115m Căn góc view siêu đẹp C37 Bắc Hà, 17 Tố Hữu, Nam Từ Liêm, HN",Giá thỏa thuận,115 m²,N/A,3,2,"Trung Văn, Nam Từ Liêm","20.996625892227378, 105.79423722633659"
41515262,06/03/2025,"Chính chủ chuyển nhà bán gấp tòa G2 - 3PN 2VS, giá 6,8 tỷ view siêu đẹp!","6,8 tỷ","83,82 m²","81,13 tr/m²",3,2,"Mễ Trì, Nam Từ Liêm","20.9989585876465, 105.788032531738"
40553630,06/03/2025,"Bán gấp căn góc 3 ngủ C14 Bắc Hà - Tố Hữu giá rẻ 5 tỷ 5 sổ đỏ chính chủ, nội thất đầy đủ","5,5 tỷ",115 m²,"47,83 tr/m²",3,2,"Trung Văn, Nam Từ Liêm","20.990095861564118, 105.7839120251402"
40799764,06/03/2025,Bán gấp chung cư 3 phòng ngủ tòa C14 Tố Hữu - Full nội thất đẹp - Sổ đỏ lâu dài - Giá 5 tỷ 2,"5,2 tỷ",100 m²,52 tr/m²,3,2,"Trung Văn, Nam Từ Liêm","20.990868828128519, 105.78384679150561"
42249703,06/03/2025,"Tổng hợp quỹ căn hộ Bán Studio, Studio-1PN-2pn - 3PN Giá Siêu Rẻ Lh:0903 671 ***",Giá thỏa thuận,75 m²,N/A,N/A,N/A,"Tây Mỗ, Nam Từ Liêm","21.006266390203034, 105.73657906110412"
42283410,06/03/2025,"Căn hộ CC Vinhomes Gardenia 3PN, 2WC, 96,88m2 tại Hàm Nghi, 7 tỷ VND, hàng hiếm giá cực chất",7 tỷ,"96,88 m²","72,25 tr/m²",3,2,"Cầu Diễn, Nam Từ Liêm","21.036234580088667, 105.76050125754658"
39820939,06/03/2025,Mình chính chủ bán gấp: Căn Studio view hồ Vinhomes Green Bay Mễ Trì - giá 1 tỷ 420,"1,42 tỷ","25,62 m²","55,42 tr/m²",1,1,"Mễ Trì, Nam Từ Liêm","20.9989585876465, 105.788032531738"
38523487,06/03/2025,"(Cực hiếm) GĐ mua biệt thự nên bán nhanh 103m2 Roman 3PN 3VS. Full NT, hướng mát 7,xtỷ: 0968 693 ***",7 tỷ,103 m²,"67,96 tr/m²",3,3,"Đại Mỗ, Nam Từ Liêm","20.9843406677246, 105.776809692383"
42252533,06/03/2025,"Chính chủ cần bán gấp căn hộ Studio khu S Vinhomes Smart City, full đồ, sổ đỏ, DT: 36m2 giá cực sốc","1,9 tỷ",36 m²,"52,78 tr/m²",1,N/A,"Tây Mỗ, Nam Từ Liêm","21.0063772077946, 105.736817933449"
42348337,06/03/2025,Bán nhanh căn 2N2VS The Manor Mỹ Đình giá rất tốt. LH:0986 270 ***,Giá thỏa thuận,"100,6 m²",N/A,2,2,"Mỹ Đình 1, Nam Từ Liêm","21.014532650033072, 105.77516039260107"
42295495,06/03/2025,"Bán CC Vinhomes Gardenia, 6,5tỷ, 75m2, 2PN + 2WC, view đẹp. Lh: 0365 454 ***","6,5 tỷ",75 m²,"86,67 tr/m²",2,2,"Cầu Diễn, Nam Từ Liêm","21.037123538070254, 105.76079477072483"
42323674,07/03/2025,"Chung cư tòa CT2 The Emerald Đình Thôn, Nam Từ Liêm, 82m2, 2PN, 2WC, ở cực đẹp, giá bán 6.95 tỷ","6,95 tỷ",82 m²,"84,76 tr/m²",2,2,"Mỹ Đình 1, Nam Từ Liêm","21.0205583288342, 105.774864364355"
36768264,07/03/2025,"Vợ chồng tôi chuyển công tác cần bán CH Mỹ Đình Plaza 1, DT: 74m2, 3N2WC giá 4.2 tỷ LH 0965 066 ***","4,2 tỷ",74 m²,"56,76 tr/m²",2,2,"Mỹ Đình 2, Nam Từ Liêm","21.0308399200439, 105.77579498291"
39135510,07/03/2025,"Vợ chồng tôi bán căn sổ lâu dài tại An Bình Plaza DT: 83m2, 3N2WC giá: 6 tỉ LH : 0965 066 ***",6 tỷ,83 m²,"72,29 tr/m²",3,2,"Mỹ Đình 2, Nam Từ Liêm","21.0309085845947, 105.777183532715"
42356345,07/03/2025,BÁN CĂN 1PN+1 GS6 VINHOMES SMART CITY TẦNG TRUNG VIEW THOÁNG CHỈ #3180TR,"3,18 tỷ",48 m²,"66,25 tr/m²",1,1,"Tây Mỗ, Nam Từ Liêm","21.00875451527954, 105.74361573141059"
42310047,06/03/2025,"Bán căn hộ chung cư FLC Complex Phạm Hùng, 5,2 tỷ, 75m2, view đẹp, giá cực chất. LH: 0365 454 ***","5,2 tỷ",75 m²,"69,33 tr/m²",2,2,"Mỹ Đình 2, Nam Từ Liêm","21.0281994968895, 105.779199210366"
42061809,06/03/2025,"Bán gấp căn hộ 1PN, 52m 4.3 tỷ tại Vinhomes Gardenia Hàm Nghi. Lh 0365 454 ***","4,3 tỷ",52 m²,"82,69 tr/m²",2,2,"Cầu Diễn, Nam Từ Liêm","21.0368115906803, 105.760773914365"
40605060,06/03/2025,"Vợ chồng tôi chuyển công tác cần bán căn Vip tại FLC Complex - 4PN2WC, 131m giá 8 tỷ LH 0965 066 ***",8 tỷ,131 m²,"61,07 tr/m²",4,2,"Mỹ Đình 2, Nam Từ Liêm","21.028190612793, 105.779197692871"
35744444,06/03/2025,"Giá thật bán căn hộ tại Mỹ Đình Plaza 2 DT: 104m2, giá: 6.8 tỷ LH: 0965 066 ***","6,8 tỷ",104 m²,"65,39 tr/m²",3,2,"Mỹ Đình 2, Nam Từ Liêm","21.0310840606689, 105.774566650391"
42330355,06/03/2025,"Căn hộ đẹp tòa Florence Mỹ Đình. 2 ngủ 77.5m2, 5.9 tỷ. LH: 0365 454 ***","5,9 tỷ","77,5 m²","76,13 tr/m²",2,2,"Cầu Diễn, Nam Từ Liêm","21.031142210162294, 105.76154110242081"
42331305,06/03/2025,"Bán căn hộ đẹp 126m2, 3PN giá 6.83 tỷ. Tòa A4 Hàm Nghi. LH 0365 454 ***","6,83 tỷ",126 m²,"54,21 tr/m²",3,2,"Cầu Diễn, Nam Từ Liêm","21.035216816433667, 105.76424746599756"
42348590,06/03/2025,"Tòa CHDV Nam Từ Liêm, lô góc thoáng, 70m*7T TM, PCCC chuẩn, SĐCC & GPXD, 16PKK, DT hơn 1 tỷ/năm","14,68 tỷ",70 m²,"209,71 tr/m²",16,16,"Mỹ Đình 1, Nam Từ Liêm","21.0208915126582, 105.774570800101"
42246979,06/03/2025,"Bán gấp cặp căn hộ 2PN, 61m2 tại Vinhomes Green Bay Mễ Trì, 5,3 tỷ/căn. Giá Rẻ nhất thị trường","5,3 tỷ",61 m²,"86,88 tr/m²",2,1,"Mễ Trì, Nam Từ Liêm","20.9986857724548, 105.788399012044"
41966921,06/03/2025,Tôi cần bán căn 2PN DT 75m2 tầng trung full nội thất có slot ô tô có sổ đỏ CC Ecolife Tố Hữu,"3,6 tỷ",78 m²,"46,15 tr/m²",2,2,"Trung Văn, Nam Từ Liêm","20.994560791172777, 105.7893465800733"
42320782,06/03/2025,"Sổ đỏ chính chủ - CH chung cư tại khu đô thị Đại Mỗ, - full nội thất - 3,3 tỷ, 60 m2, hàng hiếm","3,3 tỷ",60 m²,55 tr/m²,2,1,"Đại Mỗ, Nam Từ Liêm","20.991924982381473, 105.76217862412356"
42348212,06/03/2025,"NHÀ XINH GIÁ ĐẸP, DỊCH VỤ TIỆN ÍCH NGAY TẠI VINHOME SMART CITY _LH: 0889 875 ***","4,5 tỷ",62 m²,"72,58 tr/m²",2,2,"Tây Mỗ, Nam Từ Liêm","21.0083321766272, 105.743174252292"
42165247,06/03/2025,"Chính chủ cần bán gấp căn 3PN - DT 80,1m2, tòa B Vinhomes Marteri West Heights Tây Mỗ, 5,8 tỷ","5,8 tỷ","80,1 m²","72,41 tr/m²",3,2,"Tây Mỗ, Nam Từ Liêm","21.00627990357378, 105.73705077054792"
41079271,06/03/2025,Chính chủ bán căn hộ Duplex Penthouse Roman diện tích 190m2 full nội thất giá 10 tỷ LH 0336 730 ***,10 tỷ,190 m²,"52,63 tr/m²",3,3,"Đại Mỗ, Nam Từ Liêm","20.98434066772461, 105.77680969238281"
42209850,06/03/2025,"Chính chủ bán gấp chung cư cao cấp MHD Trung Văn, 136m","10,68 tỷ",136 m²,"78,53 tr/m²",4,2,"Trung Văn, Nam Từ Liêm","20.9925174987849, 105.785226794726"
42321131,06/03/2025,"Gia đình chuyển lên căn 86m2 cần nhượng lại căn 61,5m2 diện tích siêu hiếm bán tại HD Mon City","4,75 tỷ","61,5 m²","77,24 tr/m²",2,2,"Mỹ Đình 2, Nam Từ Liêm","21.034956878773155, 105.76737169518672"
42321043,06/03/2025,"Hot! Căn hộ duy nhất 3PN cần bán gấp, tầng trung, căn góc 2 mặt thoáng tại HD Mon City","6,5 tỷ",86 m²,"75,58 tr/m²",3,2,"Mỹ Đình 2, Nam Từ Liêm","21.035376043457646, 105.7670801478865"
42277100,06/03/2025,"CHỊ GÁI EM CẦN BÁN CĂN HỘ 67M2 THIẾT KẾ 2PN, TẦNG TRUNG, NỘI THẤT CƠ BẢN THỎA SỨC DECOR TẠI HD MON.","4,8 tỷ",67 m²,"71,64 tr/m²",2,2,"Mỹ Đình 2, Nam Từ Liêm","21.035139250923365, 105.76743932349044"
42348078,06/03/2025,"Tôi cần bán trong tuần căn studio 30,1m2 tòa GS3 Smart City giá 2,180 tỷ, tặng nội thất mới 100%","2,18 tỷ","30,1 m²","72,42 tr/m²",1,N/A,"Tây Mỗ, Nam Từ Liêm","21.0059893268305, 105.745612292334"
42348049,06/03/2025,Chính chủ gửi bán gấp căn góc rất đẹp toà W3 Vinhomes West Point giá rất hợp lý.LH:0986 270 ***,Giá thỏa thuận,102 m²,N/A,3,2,"Mễ Trì, Nam Từ Liêm","21.0118445916715, 105.78614264277734"
39021784,06/03/2025,Chính chủ bán căn FLC 36 Phạm Hùng 97m 3 ngủ 2wc bao phí sang tên tầng đẹp hướng mát view hồ,"6,3 tỷ",97 m²,"64,95 tr/m²",3,2,"Mỹ Đình 2, Nam Từ Liêm","21.028190612792969, 105.77919769287109"
42276885,06/03/2025,"GIA ĐÌNH CHUYỂN CÔNG TÁC VÀO SÀI GÒN CẦN BÁN GẤP CĂN HỘ 2PN, TẦNG TRUNG TẠI HD MON CITY.","4,1 tỷ",54 m²,"75,93 tr/m²",2,1,"Mỹ Đình 2, Nam Từ Liêm","21.03523519582691, 105.76752301083883"
41964329,06/03/2025,"Chính chủ cần bán căn 50m2 2N2WC toà khách sạn MHD Trung Văn hiện chỉ cần vào 1,2 tỷ LH: 0866 457 ***","1,55 tỷ",50 m²,31 tr/m²,2,2,"Trung Văn, Nam Từ Liêm","20.9925699111178, 105.784938719291"
42347493,06/03/2025,"Bán gấp căn hộ 2PN giá cực chất tại Lumi Hanoi, 5,5 tỷ, 74m2","5,5 tỷ",74 m²,"74,32 tr/m²",2,1,"Tây Mỗ, Nam Từ Liêm","21.0114601297917, 105.73590314025022"
40016043,06/03/2025,"Chính chủ bán gấp căn hộ 2N2VS 93m2 sổ đỏ, full nội thất đẹp 7.6 tỷ CC The Zei Số 2 Lê Đức Thọ","7,6 tỷ",93 m²,"81,72 tr/m²",2,2,"Mỹ Đình 2, Nam Từ Liêm","21.0344581604004, 105.769653320313"
42347034,06/03/2025,"Bán căn hộ 1PN, 1WC, 50m2 tại Mỹ Đình Pearl, giá ưu đãi 3,5 tỷ, Nam Từ Liêm, Hà Nội","3,5 tỷ",50 m²,70 tr/m²,1,1,"Phú Đô, Nam Từ Liêm","21.012498882786698, 105.76736510957663"
41560005,06/03/2025,chính chủ gửi bán căn hộ cao cấp The Manor 3PN LH 0989 146 ***,Giá thỏa thuận,193 m²,N/A,3,2,"Mỹ Đình 1, Nam Từ Liêm","21.01417350769043, 105.77587127685547"
41711185,06/03/2025,"Hiếm! Căn hộ An Bình Plaza 55.2m2 2PN giá 3.45 tỷ bao phí 0964 460 ***. Cam kết giá thật, ảnh thật","3,45 tỷ","55,2 m²","62,5 tr/m²",2,1,"Mỹ Đình 2, Nam Từ Liêm","21.0309085845947, 105.777183532715"
41491498,06/03/2025,"Bán căn 3N2WC dự án Vinhomes Smart Cirty, giá tốt 4,650 tỷ. Lh 0389 691 ***","4,65 tỷ",75 m²,62 tr/m²,3,2,"Tây Mỗ, Nam Từ Liêm","21.006216049194336, 105.73647308349609"
37971480,06/03/2025,"Chính chủ cần bán gấp căn hộ 131m2 FLC 36 Phạm Hùng 4PN2WC view hồ, bao toàn bộ phí sang tên",9 tỷ,131 m²,"68,7 tr/m²",4,2,"Mỹ Đình 2, Nam Từ Liêm","21.028190612792969, 105.77919769287109"
37491901,06/03/2025,"Duplex, penthouse, liền kề, biệt thự dự án The Zei Plaza - Cam kết giá tốt nhất thị trường",Giá thỏa thuận,186 m²,N/A,4,3,"Mỹ Đình 2, Nam Từ Liêm","21.0344581604004, 105.769653320313"
41994472,06/03/2025,Bán CH Dolphin Plaza - Mỹ Đình 133m2 3PN 2WC giá 9.1 tỷ đầy đủ nội thất,"9,1 tỷ",133 m²,"68,42 tr/m²",3,2,"Mỹ Đình 2, Nam Từ Liêm","21.030233919928502, 105.77661531991748"
40552374,06/03/2025,"Bán CH 74m2 2PN 2WC giá 5.25 tỷ tòa Dolphin Plaza phố Nguyễn Hoàng, LH 0971 565 ***","5,25 tỷ",74 m²,"70,95 tr/m²",2,2,"Mỹ Đình 2, Nam Từ Liêm","21.0300445556641, 105.776626586914"
40828943,06/03/2025,Chuyển nhà sang gần trường con học cần bán gấp căn The Sun 105m(3 ngủ-2vs)đủ đồ cao cấp(0962 132 ***),6 tỷ,105 m²,"57,14 tr/m²",3,2,"Mễ Trì, Nam Từ Liêm","21.015907287597656, 105.78018188476562"
42212470,06/03/2025,"Chính chủ bán CH 3PN nguyên bản, căn góc tòa An Bình Plaza 97 Trần Bình giá nhỉnh 5tỷ 0971 759 ***",Giá thỏa thuận,85 m²,N/A,3,2,"Mỹ Đình 2, Nam Từ Liêm","21.03088491285222, 105.7772446255957"
36451022,06/03/2025,"GĐ tôi cần bán căn hộ 120m2 4PN tầng 18 C37 Bắc Hà giá 6,5 tỷ","6,5 tỷ",120 m²,"54,17 tr/m²",4,2,"Trung Văn, Nam Từ Liêm","20.996829986572266, 105.79383850097656"
42347402,06/03/2025,Chính chủ cần bán gấp căn hộ 85m2. 3pn 2vs giá chênh cực nhẹ,"6,6 tỷ",85 m²,"77,65 tr/m²",3,2,"Tây Mỗ, Nam Từ Liêm","21.011817113148066, 105.73673867201894"
38212994,06/03/2025,"Tôi chính chủ cần bán căn hộ góc 133m2 3PN 2WC giá 6,5 tỷ dự án HH2 Bắc Hà","6,5 tỷ",133 m²,"48,87 tr/m²",3,2,"Trung Văn, Nam Từ Liêm","20.9975166320801, 105.795166015625"
42137137,06/03/2025,"Bán căn hộ chung cư toà Ct5B Mễ Trì Thượng 110m2 , thiết kế 3 ngủ , 2 wc . Lh L 0971 405 ***","5,2 tỷ",110 m²,"47,27 tr/m²",3,2,"Mễ Trì, Nam Từ Liêm","21.0053090218993, 105.779143657165"
42347807,06/03/2025,"Bán căn 3 ngủ Dolphin Plaza Mỹ Đình, đầy đủ nội thất, DT 147m2, giá 7,5 tỷ, sẵn sổ giao dịch ngay","7,5 tỷ",147 m²,"51,02 tr/m²",3,2,"Mỹ Đình 2, Nam Từ Liêm","21.0300445556641, 105.776626586914"
42346798,06/03/2025,Chính chủ bán căn tầng 2x trục 11 tòa TC3 dự án The Canopy - Vinhomes Smart City,"4,68 tỷ","61,5 m²","76,1 tr/m²",2,2,"Tây Mỗ, Nam Từ Liêm","21.00151225017478, 105.7394717986175"
42286718,06/03/2025,Bán căn hộ 2PN. 45m2 - 60m2 chung cư FLC Green Apartment. Giá tốt nhất thị trường. LH 0866 052 ***,"2,7 tỷ",45 m²,60 tr/m²,2,2,"Mỹ Đình 2, Nam Từ Liêm","21.030010926785, 105.779344793029"
38988691,06/03/2025,Do chuyển xuống nhà mặt đất tôi cần bán căn Góc 3PN bc Đông Nam 105m2 như hình dự án Vin Hàm Nghi,Giá thỏa thuận,105 m²,N/A,3,2,"Cầu Diễn, Nam Từ Liêm","21.0365676879883, 105.760482788086"
40448568,06/03/2025,"Tôi chủ nhà báo đúng giá căn 2PN 90m2 tầng cao, mát Dự án The Zei giá 7,4 tỷ Full NT. LH 0981 045 ***","7,4 tỷ",90 m²,"82,22 tr/m²",2,2,"Mỹ Đình 2, Nam Từ Liêm","21.0344581604004, 105.769653320313"
42188654,06/03/2025,"Chính chủ mở bán chung cư mini Mỹ Đình mới 100% ở ngay, ngõ to 35 - 50m2 cạnh chợ Mỹ Đình",Giá thỏa thuận,35 m²,N/A,1,1,"Mỹ Đình 1, Nam Từ Liêm","21.0295287105827, 105.774916941939"
42015810,06/03/2025,"Mở bán - dự án K5 - chung cư mini Mỹ Đình 36m, 50m2, ở ngay gần trường mầm non Mỹ Đình - 0983 169 ***","1,1 tỷ",36 m²,"30,56 tr/m²",1,1,"Mỹ Đình 1, Nam Từ Liêm","21.0238026116664, 105.774181822103"
42347936,06/03/2025,"Siêu hot căn hộ 103.1m2 (3N+2VS) tại Roman Plaza, Tố Hữu, Đại Mỗ, Nam Từ Liêm căn góc cực đẹp","7,22 tỷ","103,1 m²",70 tr/m²,3,2,"Đại Mỗ, Nam Từ Liêm","20.9840615427311, 105.776758438603"
42321634,06/03/2025,Chính chủ gửi bán gấp căn hộ 118m2 toà A KeangNam giá hợp lý. LH: 0986 270 ***,Giá thỏa thuận,118 m²,N/A,3,2,"Mễ Trì, Nam Từ Liêm","21.016155900426682, 105.78398436135916"
42347875,06/03/2025,"Hàng hiếm tại Vinhomes Smart City, căn hộ studio giá tốt cuối cùng","2,15 tỷ",32 m²,"67,19 tr/m²",N/A,1,"Tây Mỗ, Nam Từ Liêm","21.009256475078036, 105.74357782251045"
42347852,06/03/2025,"Bán CC C14 Bộ Công An, Tố Hữu, Nam Từ Liêm 105m2 (3N + 2VS) tầng cao căn góc siêu đẹp full nội thất","5,88 tỷ",105 m²,56 tr/m²,3,2,"Trung Văn, Nam Từ Liêm","20.990968466153753, 105.7838760756173"
40504991,06/03/2025,Siêu phẩm: Căn hộ VIP nhất khu vực Mỹ Đình,"8,7 tỷ",87 m²,100 tr/m²,N/A,N/A,"Mễ Trì, Nam Từ Liêm","21.00938606262207, 105.77387237548828"
42277896,06/03/2025,"Hoàng 3333 Giá Thật. Bán CH 198m2, 4PN - 3WC, tại Dolphin Plaza, Tầng trung mát mẻ, Full đồ, Sổ đỏ","12,3 tỷ",198 m²,"62,12 tr/m²",4,3,"Mỹ Đình 2, Nam Từ Liêm","21.03023306672816, 105.77666516689405"
42322299,06/03/2025,"Hoàng 3333 giá thật bán CH 75m2, 2N - 2WC, ban công Đông Nam mát mẻ, nội thất cơ bản tại EcoLilfe","5,25 tỷ",75 m²,70 tr/m²,2,2,"Trung Văn, Nam Từ Liêm","20.994167394483462, 105.7897117341245"
42347761,06/03/2025,"Bán CC C14 - Bộ Công An, Tố Hữu, Trung Văn, Nam Từ Liêm 91m2 (3N + 2VS) tầng cao ful nội thất","5,28 tỷ",91 m²,58 tr/m²,3,2,"Trung Văn, Nam Từ Liêm","20.990630273676217, 105.7833283006324"
41789488,06/03/2025,Chính chủ bán căn 1112 tòa S205 Vinhomes Smart City Tây Mỗ full. Giá: 2.52 tỷ,"2,52 tỷ","46,5 m²","54,19 tr/m²",2,1,"Tây Mỗ, Nam Từ Liêm","21.00541252913533, 105.73690379617844"
41597765,06/03/2025,"Chuyển đổi lên căn 3PN cần bán căn 1N+ full nội thất giá 2,6 tỷ tại Vinsmart City","2,6 tỷ","46,5 m²","55,91 tr/m²",2,1,"Tây Mỗ, Nam Từ Liêm","21.006216049194336, 105.7364730834961"
41603788,06/03/2025,"Chính chủ bán căn 2N full nội thất tầng 12 giá 3,32 tỷ phân khu The Sapphire Vinhomes Smart City","3,32 tỷ","54,7 m²","60,7 tr/m²",2,1,"Tây Mỗ, Nam Từ Liêm","21.00573963800242, 105.73691495070395"
41722619,06/03/2025,"Chính chủ cắt lỗ căn 2PN tầng cao toà S4 full nội thất giá 2.86 tỷ, sẵn sổ đỏ giao dịch","2,86 tỷ",51 m²,"56,08 tr/m²",2,1,"Tây Mỗ, Nam Từ Liêm","21.006216049194336, 105.7364730834961"
41701258,06/03/2025,Bán nhanh căn góc 2N + full nội thất tầng 24 view bể bơi phân khu The Sapphire,"3,5 tỷ","64,7 m²","54,1 tr/m²",3,2,"Tây Mỗ, Nam Từ Liêm","21.006216049194336, 105.7364730834961"
41779144,06/03/2025,"Chính chủ bán gấp căn góc 2N + full nội thất giá 3,48 tỷ tại Vinhomes Smart City","3,48 tỷ","69,4 m²","50,14 tr/m²",3,2,"Tây Mỗ, Nam Từ Liêm","21.005984064308443, 105.73691544680783"
42347437,06/03/2025,"Chính chủ cần bán căn 1PN diện tích 42m tầng trung ban công Đông Nam giá 3,2 tỷ có thương lượng","3,2 tỷ",42 m²,"76,19 tr/m²",N/A,N/A,"Tây Mỗ, Nam Từ Liêm","21.0059180301113, 105.73628066323643"
42098714,06/03/2025,"Chính chủ cần bán CH dự án Bonanza, 23 Duy Tân. Dt75m2, 2PN2VS, tầng trung view thoáng. Giá 5,8 tỷ","5,8 tỷ",75 m²,"77,33 tr/m²",2,2,"Mỹ Đình 2, Nam Từ Liêm","21.0311698856465, 105.781012306631"
41186996,06/03/2025,Bán căn 2 PN tòa khách sạn 5 sao giá chỉ 1tỷ550 hiện mua chỉ cần vào 1ty2 tại MHD Trung Văn,"1,55 tỷ",50 m²,31 tr/m²,2,2,"Trung Văn, Nam Từ Liêm","20.9919548034668, 105.785102844238"
42185310,06/03/2025,"Chính chủ bán căn hộ Dt 100m2, 3N2VS, full nội thất tại dự án C14 Tố Hữu. Giá 5,7 tỷ. Lh 0866 839 ***","5,7 tỷ",100 m²,57 tr/m²,3,2,"Trung Văn, Nam Từ Liêm","20.990782945557974, 105.78368710819932"
42186540,06/03/2025,"Bán CH dự án Roman Plaza, Tố Hữu. DT 78m2, 2N2VS, tầng trung full nội thất. Giá 5,3tỷ. Lh0866 839 ***","5,3 tỷ",78 m²,"67,95 tr/m²",2,2,"Đại Mỗ, Nam Từ Liêm","20.984356735888685, 105.77746959353237"
42130058,06/03/2025,"Bán gấp CH 72m2 tại Dreamland Bonanza, Giá 6 tỷ, 2PN, 2WC, Nam Từ Liêm, Hà Nội",6 tỷ,72 m²,"83,33 tr/m²",2,2,"Mỹ Đình 2, Nam Từ Liêm","21.03149216572255, 105.78014791922637"
32816950,06/03/2025,"Cần bán gấp căn hộ 2 ngủ CC Bonanza 73m2 tầng trung ban công Bắc, liên hệ: 0846 692 *** em Hòa","6,1 tỷ",73 m²,"83,56 tr/m²",2,2,"Mỹ Đình 2, Nam Từ Liêm","21.0306091308594, 105.781028747559"
42098624,06/03/2025,"Chính chủ bán CH dự án Roman Plaza,Tố Hữu. 105m2, 3N2W, căn góc view thoáng.Giá 6,8tỷ.LH 0866 839 ***","6,8 tỷ",105 m²,"64,76 tr/m²",3,2,"Đại Mỗ, Nam Từ Liêm","20.984360591617726, 105.77673116696397"
38979066,06/03/2025,"Bán căn 2PN 85m2 chung cư Sun Square Lê Đức Thọ, hướng mát, căn góc view siêu thoáng",Giá thỏa thuận,85 m²,N/A,2,2,"Mỹ Đình 2, Nam Từ Liêm","21.0337657928467, 105.770301818848"
41343301,06/03/2025,"Bán căn hộ An Bình Plaza 97 Trần Bình căn góc hoa hậu 92m2 Full đồ, Giá 6,5 Tỷ Đồng LH: 0846 692 ***","6,5 tỷ",92 m²,"70,65 tr/m²",3,2,"Mỹ Đình 2, Nam Từ Liêm","21.030908584594727, 105.77718353271484"
37064025,06/03/2025,"Bán căn 83m2 Florence 28 Trần Hữu Dực 2 ngủ 2 vệ sinh cơ bản CĐT giá 6,1 tỷ bao phí. LH: 0846 692 ***","6,1 tỷ",83 m²,"73,49 tr/m²",2,2,"Cầu Diễn, Nam Từ Liêm","21.030731, 105.76133"
40039833,06/03/2025,Chính chủ bán cần căn 912 tòa I4 Imperia Smart City Tây Mỗ full. Giá: 65tr/m2. LH: 0947 868 ***,"3,56 tỷ","54,7 m²",65 tr/m²,2,2,"Tây Mỗ, Nam Từ Liêm","20.9992771148682, 105.73811340332"
39573857,06/03/2025,"Chính chủ cần bán căn Studio 28m2, toà I4 giá chỉ 1,6 tỷ bao phí, Imperia Smart City","1,6 tỷ",28 m²,"57,14 tr/m²",N/A,N/A,"Tây Mỗ, Nam Từ Liêm","20.999277114868164, 105.73811340332031"
42347652,06/03/2025,"Bán CC tại C14 Bộ Công An, Tố Hữu, Nam Từ Liêm, 107,3m2 (3N + 2VS) căn góc siêu đẹp full nội thất","5,69 tỷ","107,3 m²",53 tr/m²,3,2,"Trung Văn, Nam Từ Liêm","20.991622784227303, 105.78369960444988"
35650714,06/03/2025,"Cần bán gấp căn 3 phòng ngủ 83m2 An Bình Plaza 97 Trần Bình giá 6 tỷ, LH: 0846 692 *** em Hòa",6 tỷ,83 m²,"72,29 tr/m²",3,2,"Mỹ Đình 2, Nam Từ Liêm","21.0309085845947, 105.777183532715"
42347632,06/03/2025,"Rẻ nhất thị trường căn 2 ngủ 55m2 The Sakura Vinhomes Smartcity, 3.45 tỷ. LH 0949 891 ***","3,45 tỷ",55 m²,"62,73 tr/m²",2,1,"Tây Mỗ, Nam Từ Liêm","21.00521815173191, 105.73893926111515"
42347284,06/03/2025,BÁN NHANH CĂN 1N+ GIÁ HỢP LÝ CHO GIA ĐÌNH ANH CHỊ CÓ THIỆN CHÍ lH E 0389 645 ***,"3,07 tỷ",43 m²,"71,4 tr/m²",1,1,"Tây Mỗ, Nam Từ Liêm","21.0079564642455, 105.743110330135"
40330558,06/03/2025,"Quỹ căn The Manor, 2 - 3 - 4PN + , diện tích 106m2, 153m2, 216m2, 300m2, full đồ giá từ 60tr/m2",13 tỷ,189 m²,"68,78 tr/m²",4,3,"Mỹ Đình 1, Nam Từ Liêm","21.0141735076904, 105.775871276855"
41298419,06/03/2025,"Chính chủ bán CH The Emerald 81m - 5tỷ &95m - 6,5 tỷ & 104m - 6,8tỷ & 124m - 8,6tỷ & 141m -9tỷ SĐCC",5 tỷ,81 m²,"61,73 tr/m²",2,2,"Mỹ Đình 1, Nam Từ Liêm","21.02216148376465, 105.77179718017578"
42347504,06/03/2025,"Bán CC giá ưu đãi tại C14 - Bộ Công An, Tố Hữu 70m2 (2PN+2VS) full nội thất cực hot","4,4 tỷ",70 m²,"62,86 tr/m²",2,2,"Trung Văn, Nam Từ Liêm","20.990467642750584, 105.78358484106778"
42338214,06/03/2025,"Bán căn hộ chung cư 2 phòng ngủ, 2 vệ sinh - thiết kế hiện đại, vị trí đắc địa tại Quận Nam Từ Liêm","3,1 tỷ","57,3 m²","54,1 tr/m²",2,2,"Phương Canh, Nam Từ Liêm","21.0489540232205, 105.742741845351"
41305891,06/03/2025,"Cần bán căn hộ 2 Phòng ngủ, 2 VS. Giá 3.1 tỷ tại chung cư NT Home Phố Nhổn, Q. Nam Từ Liêm, Hà nội","3,1 tỷ","57,2 m²","54,2 tr/m²",2,2,"Phương Canh, Nam Từ Liêm","21.0528793334961, 105.733505249023"
42331574,06/03/2025,"Tôi chính chủ cần bán gấp căn 70m2, 2 ngủ chung cư C14 Bắc Hà, Tố Hữu, giá 3,8tỷ full nội thất đẹp","3,8 tỷ",70 m²,"54,29 tr/m²",2,N/A,"Trung Văn, Nam Từ Liêm","20.990307911874304, 105.78358783199982"
42347060,06/03/2025,"Bán căn hộ 186m2, 4PN, 3WC tại Dolphin Plaza, 12 tỷ, Nam Từ Liêm, Hà Nội, Chính chủ",12 tỷ,186 m²,"64,52 tr/m²",4,3,"Mỹ Đình 2, Nam Từ Liêm","21.030148767106176, 105.77675320516872"
42347056,06/03/2025,"Chính chủ cần bán căn 1 ngủ toà Gs1. Giá 3,2 tỷ bao phí sang tên- Sẵn sổ- Nội thất đẹp","3,2 tỷ",43 m²,"74,42 tr/m²",1,1,"Tây Mỗ, Nam Từ Liêm","21.008997675080195, 105.74340788662388"
42230849,06/03/2025,Cần bán gấp căn 3PN nội thất cơ bản gắn tường tầng đẹp tại CC The Zei Plaza giá 9 tỷ. LH 0937 941 ***,9 tỷ,105 m²,"85,71 tr/m²",3,2,"Mỹ Đình 2, Nam Từ Liêm","21.0341808571185, 105.770409053728"
42145406,06/03/2025,"Chính chủ cần bán căn 2N Vinhomes Smart City Tây Mỗ, Nội thất y hình, tầng đẹp, giá 3.7 tỷ","3,7 tỷ",54 m²,"68,52 tr/m²",2,1,"Tây Mỗ, Nam Từ Liêm","21.005716556281723, 105.73610663510257"
39233061,06/03/2025,(Mới) tổng hợp căn 3PN cập nhật mới nhất chung cư CT8 The Emerald. Lh 0981 343 ***,"5,1 tỷ",96 m²,"53,12 tr/m²",3,2,"Mỹ Đình 1, Nam Từ Liêm","21.02216148376465, 105.77179718017578"
42209435,06/03/2025,"Bán Căn hộ CC Masteri West Heights, 3,4 tỷ, 43 m2, 1PN, 1WC, Tây Mỗ, Nam Từ Liêm, Hà Nội Hot!","3,4 tỷ",43 m²,"79,07 tr/m²",1,1,"Tây Mỗ, Nam Từ Liêm","21.0061442413529, 105.736158446138"
42346935,06/03/2025,Chung cư 789 Mỹ Đình căn siêu đẹp 93m 3 ngủ 2 vs. Nhỉnh 4 tỉ,"4,6 tỷ",93 m²,"49,46 tr/m²",3,2,"Mỹ Đình 1, Nam Từ Liêm","21.024953922048454, 105.7709295279318"
41573387,06/03/2025,Chủ cần tiền bán gấp căn hộ CT8 Emerald Mỹ Đình 95m 3PN. Giá tốt 7.2 tỷ. LH 0964 460 ***,"7,2 tỷ",95 m²,"75,79 tr/m²",3,2,"Mỹ Đình 1, Nam Từ Liêm","21.022161483764648, 105.77179718017578"
41571793,06/03/2025,Chính chủ bán gấp căn hộ An Bình Plaza. DT 83m2 3PN Full nội thất. Giá tốt 6.3 tỷ. LH 0964 460 ***,"5,9 tỷ",83 m²,"71,08 tr/m²",3,2,"Mỹ Đình 2, Nam Từ Liêm","21.0309085845947, 105.777183532715"
39479849,06/03/2025,"Chủ nhà nhờ gửi bán căn chung cư 3 ngủ, 3VS + 1 kho - tòa Sunshine Center, 130m2. LH: 0818 340 ***",9 tỷ,130 m²,"69,23 tr/m²",4,3,"Mỹ Đình 2, Nam Từ Liêm","21.018648147583, 105.781791687012"
42343748,06/03/2025,"Chính chủ cần bán gấp căn hộ 3PN2WC, NT full có slot ôtô tòa Báo Nhân Dân, liên hệ 0983 051 *** 24/24","5,68 tỷ",98 m²,58 tr/m²,3,2,"Phương Canh, Nam Từ Liêm","21.0332114588325, 105.753756361919"
41193200,06/03/2025,"Căn góc 4 PN 145m2 tầng đẹp hướng ĐN, NT xịn, sổ đỏ + slot ô tô Mỹ Đình Pearl cạnh công viên Phú Đô","11,85 tỷ",145 m²,"81,72 tr/m²",4,3,"Phú Đô, Nam Từ Liêm","21.0124320983887, 105.767395019531"
40564066,06/03/2025,"Bán căn 3 phòng ngủ 118m2 tầng trung, full NT đẹp, sổ đỏ + slot ô tô tại Golden Palace Mễ Trì","7,25 tỷ",122 m²,"59,43 tr/m²",3,2,"Mễ Trì, Nam Từ Liêm","21.0119361877441, 105.774993896484"
39141312,06/03/2025,"Chính chủ bán CH 3PN - 2WC, DT 85m2, full nội thất, sổ đỏ cc, chung cư An Bình Plaza giá 6 tỷ",6 tỷ,85 m²,"70,59 tr/m²",3,2,"Mỹ Đình 2, Nam Từ Liêm","21.0309085845947, 105.777183532715"
42311803,06/03/2025,"Bán gấp CH 2PN, 73.2m2 tại Mỹ Đình Plaza, 4,3 tỷ, Nam Từ Liêm, Hà Nội","4,3 tỷ","73,2 m²","58,74 tr/m²",2,2,"Mỹ Đình 2, Nam Từ Liêm","21.030541350270298, 105.77599536569942"
38833972,06/03/2025,"Cần tiền bán gấp căn 1 + tại phân khu Tonkin, Vinhomes Smart City Hà Nội","3,2 tỷ","41,2 m²","77,67 tr/m²",1,1,"Tây Mỗ, Nam Từ Liêm","21.005226135253906, 105.7389144897461"
40839696,06/03/2025,"Chính chủ bán căn hộ 3 ngủ C14 - Bộ Công An, Tố Hữu, DT 110m2, giá 5.1 tỷ, đầy đủ đồ đạc","5,1 tỷ",110 m²,"46,36 tr/m²",3,3,"Trung Văn, Nam Từ Liêm","20.990812301635742, 105.7839126586914"
39778416,06/03/2025,"Bán chung cư C14 Bắc Hà - BCA, Tố Hữu, căn góc, 108.4m2, 3 ngủ, 2 vệ sinh, giá tốt","5,45 tỷ","108,4 m²","50,28 tr/m²",3,2,"Trung Văn, Nam Từ Liêm","20.991441783988996, 105.78328043431392"
31008966,06/03/2025,Tôi chính chủ bán căn hộ 3PN 2WC 100m2 tòa Roman Plaza. Giá 7 tỷ có TL,7 tỷ,100 m²,70 tr/m²,3,2,"Đại Mỗ, Nam Từ Liêm","20.9843406677246, 105.776809692383"
41538424,06/03/2025,"Cần tiền tôi muốn bán gấp căn hộ 1 +, diện tích 47.6m2, Imperia Vinhomes Smart City","3,15 tỷ","47,6 m²","66,18 tr/m²",1,1,"Tây Mỗ, Nam Từ Liêm","20.999576363856786, 105.73803409085801"
42346966,06/03/2025,Chủ cần tiền bán gấp trong tháng này giá cực rẻ nhất thị trường LH 0977 146 ***,"5,8 tỷ",130 m²,"44,62 tr/m²",3,3,"Mỹ Đình 2, Nam Từ Liêm","21.03132358005029, 105.77866185815276"
41532816,06/03/2025,"Chính chủ bán căn hộ 2 ngủ Roman Plaza, Tố Hữu, giá 70m2, giá 4 tỷ, sẵn sổ đủ đồ",4 tỷ,70 m²,"57,14 tr/m²",2,2,"Đại Mỗ, Nam Từ Liêm","20.98434066772461, 105.77680969238281"
41532954,06/03/2025,Chính chủ cần bán Dolphin Plaza 140m2 3N2W sẵn sổ có slot ô tô,"6,86 tỷ",140 m²,49 tr/m²,3,2,"Mỹ Đình 2, Nam Từ Liêm","21.0300445556641, 105.776626586914"
41538707,06/03/2025,Siêu hiếm chính chủ gửi bán căn hộ 3 ngủ CT1 Sudico thấp tầng,"5,9 tỷ",105 m²,"56,19 tr/m²",3,2,"Mỹ Đình 1, Nam Từ Liêm","21.01743507385254, 105.7803955078125"
42146884,06/03/2025,"Qũy hơn 120 CH dự án The Victoria, từ CĐT với các loại hình studio,1N,2N,3N giá ưu đãi % cao nhất",4 tỷ,65 m²,"61,54 tr/m²",2,2,"Tây Mỗ, Nam Từ Liêm","21.0091655107917, 105.743192533443"
42157117,06/03/2025,"Bán CC 3PN, 2Vs, 2 ban công Golden Palace giá rẻ nhất dự án, đang cho thuê 22 triệu/tháng","8,2 tỷ",128 m²,"64,06 tr/m²",3,2,"Mễ Trì, Nam Từ Liêm","21.01216005800175, 105.77413578355879"
39965561,06/03/2025,"Chủ nhà gửi bán căn chung cư 108m2 3ngủ, 2VS, tòa Sun Square - số 21 Lê Đức Thọ. LH: 0818 340 ***","5,3 tỷ",108 m²,"49,07 tr/m²",3,2,"Mỹ Đình 2, Nam Từ Liêm","21.0337657928467, 105.770301818848"
39352883,06/03/2025,"Chính chủ gửi bán căn chung cư 2 ngủ, 95m2, nội thất đẹp tòa MD Complex Mỹ Đình, LH: 0818 340 ***","5,6 tỷ",95 m²,"58,95 tr/m²",2,2,"Cầu Diễn, Nam Từ Liêm","21.0291328430176, 105.761299133301"
39468744,06/03/2025,"Chính chủ gửi bán căn hộ chung cư 3 ngủ tòa Golden Field, 24 Nguyễn Cơ Thạch, LH: 0818 340 ***","6,35 tỷ",106 m²,"59,91 tr/m²",3,2,"Cầu Diễn, Nam Từ Liêm","21.0351047515869, 105.76554107666"
42346733,06/03/2025,Tổng hợp quỹ căn Chuyển nhượng và Bán mới độc nhất tại THE MATRIX ONE - Nhận booking giai đoạn 2,"8,8 tỷ",88 m²,100 tr/m²,2,2,"Mễ Trì, Nam Từ Liêm","21.009536370906936, 105.77432423781795"
42312139,06/03/2025,"Giá tốt nhất thị trường, căn 3 ngủ Vinhomes Smartcity 75m2 giá 4,7 tỷ full đồ, LH 0949 891 ***","4,7 tỷ",75 m²,"62,67 tr/m²",3,2,"Tây Mỗ, Nam Từ Liêm","21.005315143771075, 105.73940246852177"
42346502,06/03/2025,"Bán CH 3PN, 2WC tại Vinhomes Smart City, Tây Mỗ, Nam Từ Liêm, 5,2 tỷ, 76m2","5,2 tỷ",76 m²,"68,42 tr/m²",3,2,"Tây Mỗ, Nam Từ Liêm","21.00898756048267, 105.74388535178389"
42286970,06/03/2025,Căn 3 ngủ 83.6 m2 The Canopy Vinhomes Smartcity giá hời nhất thị trường. 5.8 tỷ,"5,8 tỷ","83,6 m²","69,38 tr/m²",3,2,"Tây Mỗ, Nam Từ Liêm","21.00091665556363, 105.73922982991778"
41742199,06/03/2025,"Chính thức nhận Booking The Matrix One GĐ 2 - Lê Quang Đạo gần sân vận Động Mỹ Đình, Keangnam",Giá thỏa thuận,80 m²,N/A,N/A,N/A,"Mễ Trì, Nam Từ Liêm","21.00893026304591, 105.77378663997287"
42033443,06/03/2025,"Bán nhanh căn 03 ngủ góc full đồ | Sapphire Vinhomes Smart City | 75m2 | 4,9 tỷ","4,9 tỷ",75 m²,"65,33 tr/m²",3,2,"Tây Mỗ, Nam Từ Liêm","21.006420281876196, 105.73634727655771"
41801658,06/03/2025,(Chính chủ) chào bán penthouse sân vườn 310m2 Mỹ Đình Pearl full nội thất Châu Âu sang chảnh,46 tỷ,310 m²,"148,39 tr/m²",4,4,"Phú Đô, Nam Từ Liêm","21.0126593569403, 105.767697287274"
42334474,06/03/2025,"Cập nhật những căn view hồ.giao bán tại skylake.DT 65m, 72m, 85m, 90m, 98m, 112m, 125mm, 133m, 159m","6,8 tỷ",71 m²,"95,78 tr/m²",2,2,"Mỹ Đình 1, Nam Từ Liêm","21.020171339992576, 105.78075503037408"
42346652,06/03/2025,"Bán gấp CC 1PN, 1WC, 43m2 tại Vinhomes Smart City, Nam Từ Liêm, Hà Nội","2,8 tỷ",43 m²,"65,12 tr/m²",1,1,"Tây Mỗ, Nam Từ Liêm","21.009448551123725, 105.7432290844731"
42340930,06/03/2025,"Chính chủ cần bán gấp CHCC Sunshine Center. 4PN, 62tr/m2, 129m2. LH 0916 023 *** (e Huy) xem nhà 24/7",8 tỷ,129 m²,"62,02 tr/m²",4,2,"Mỹ Đình 2, Nam Từ Liêm","21.01932465535893, 105.78135827462921"
42338931,06/03/2025,Gia đình cần bán gấp CHCC Sunshine Center 3PN - 104m2 giá 7.x tỷ. LH: 0916 023 *** (e Huy),Giá thỏa thuận,104 m²,N/A,3,2,"Mỹ Đình 2, Nam Từ Liêm","21.018355196873728, 105.78194106904266"
41552056,06/03/2025,"Chính chủ bán căn G3.1615 thiết kế 1N + 1, 43m2, view bể bơi, Imperia Sola Park, chỉ 3,15tỷ bao phí","3,15 tỷ",43 m²,"73,26 tr/m²",2,1,"Tây Mỗ, Nam Từ Liêm","21.008852005004883, 105.7439193725586"
42311667,06/03/2025,Chính chủ gửi bán căn hộ cao cấp 2PN Toà A - THE MATRIX ONE MỄ TRÌ - HN nhỉnh 8 tỷ bao phí sang tên,"8,5 tỷ",89 m²,"95,51 tr/m²",2,2,"Mễ Trì, Nam Từ Liêm","21.008722695206302, 105.7741002557688"
41630081,06/03/2025,"Cần bán nhanh căn Roman 2N 2WC giá 4,6 tỷ, 2N 2WC, hướng mát, tòa đẹp. LH 0962 347 ***","4,6 tỷ",78 m²,"58,97 tr/m²",2,2,"Đại Mỗ, Nam Từ Liêm","20.9843406677246, 105.776809692383"
41648516,06/03/2025,"Chính chủ bán nhanh căn C14 Bắc Hà 3N2W giá 5,6 tỷ. Sẵn sổ, full nội thất. LH 0962 347 ***","5,6 tỷ",109 m²,"51,38 tr/m²",3,2,"Trung Văn, Nam Từ Liêm","20.9908123016357, 105.783912658691"
39830291,06/03/2025,"Em bán căn góc 2 ngủ 2vs, chung cư cao cấp Hoàng Thành Pearl - Nam Từ Liêm. Lh: 0818 340 ***","6,15 tỷ",81 m²,"75,93 tr/m²",2,2,"Cầu Diễn, Nam Từ Liêm","21.0401592254639, 105.76131439209"
40537493,06/03/2025,"Căn hộ 126m2, 3 PN Keangnam giá tốt nhất năm 2025, có slot ô tô chủ thiện chí xem nhà 24/7",Giá thỏa thuận,126 m²,N/A,3,2,"Mễ Trì, Nam Từ Liêm","21.016849517822266, 105.78397369384766"
42269837,06/03/2025,"Bán căn hộ 2 ngủ 88m2 đẹp The Matrix One Giai đoạn 2, chiết khấu lên tới 13%",8 tỷ,88 m²,"90,91 tr/m²",2,2,"Mễ Trì, Nam Từ Liêm","21.0094018527869, 105.773792228849"
42290837,06/03/2025,Chính chủ cần bán gấp căn hộ chung cư VOV Mễ Trì - full nội thất - nhận nhà ở ngay,"3,9 tỷ",62 m²,"62,9 tr/m²",2,1,"Mễ Trì, Nam Từ Liêm","20.995094594634597, 105.78434180196423"
42102399,06/03/2025,Hot! Bảng hàng dự án Golden Palace mới nhất từ BQL chung cư. Full đồ. Liên hệ 0985 222 ***,"6,96 tỷ",116 m²,60 tr/m²,3,2,"Mễ Trì, Nam Từ Liêm","21.01118190543584, 105.77483866123117"
42309302,06/03/2025,"Bán căn góc 91m 3ng full nội thất tại trung tâm Mỹ Đình giá chỉ 4,7 tỷ sổ đỏ trao tay 0973 351 ***","4,7 tỷ",91 m²,"51,65 tr/m²",3,2,"Mỹ Đình 1, Nam Từ Liêm","21.024956473283268, 105.77129168461586"
42221276,06/03/2025,Bán căn 57m2 2PN 2VS full nội thất tại chung cư NHS Phương Canh giá chỉ 3.15 tỷ bao trọn thuế phí,"3,15 tỷ",57 m²,"55,26 tr/m²",2,2,"Phương Canh, Nam Từ Liêm","21.0532110204768, 105.733123854441"
39299173,06/03/2025,"Quỹ căn 1PN - 2PN - 3PN - 4PN West Point chính chủ. Giá 4,28 tỷ. Sổ đỏ lâu dài. Liên hệ 0985 222 ***","4,5 tỷ",70 m²,"64,29 tr/m²",2,2,"Mễ Trì, Nam Từ Liêm","21.0118827819824, 105.786445617676"
34990012,06/03/2025,Chính chủ bán căn hộ 73m2 - 2PN2VS Mỹ Đình Pearl. View hồ. Full đồ. Liên hệ 0985 222 ***,"6,4 tỷ",73 m²,"87,67 tr/m²",2,2,"Phú Đô, Nam Từ Liêm","21.0124320983887, 105.767395019531"
36319385,06/03/2025,(Mới nhất) Quỹ căn hộ 3PN Sudico Mỹ Đình chính chủ từ BQL dự án. Giá từ 48tr/m2. LH 0985 222 ***,"10,56 tỷ",220 m²,48 tr/m²,4,3,"Mỹ Đình 1, Nam Từ Liêm","21.017435073852539, 105.7803955078125"
41113469,06/03/2025,"Cần bán gấp căn hộ 124m2 3PN, 2WC hướng mát, tại FLC Lê Đức Thọ, giá chuẩn 5,2 tỷ. LH: 0975 226 ***","5,2 tỷ",124 m²,"41,94 tr/m²",3,2,"Mỹ Đình 2, Nam Từ Liêm","21.034076690673828, 105.77035522460938"
41256768,06/03/2025,"BQL Keangnam: Cập nhật các căn hộ 107m2, 118m2, 126m2, 156m2, 160m2 cần bán gấp. Lh: 0975 226 ***",11 tỷ,160 m²,"68,75 tr/m²",4,3,"Mễ Trì, Nam Từ Liêm","21.016849517822266, 105.78397369384766"
34575685,06/03/2025,"BQL Golden Palace. Tổng hợp các căn hộ 87m2, 105m2, 118m2, 141m2, 162m2 còn lại rẻ nhất. 0975 226 ***","5,1 tỷ",87 m²,"58,62 tr/m²",2,2,"Mễ Trì, Nam Từ Liêm","21.012616674581803, 105.77516038504766"
42302629,06/03/2025,Bán căn góc 156m 4 ngủ full nội thất cuối cùng tại chung cư CT2 Xuân Phương giá chỉ 6850 triệu,"6,85 tỷ",156 m²,"43,91 tr/m²",4,3,"Xuân Phương, Nam Từ Liêm","21.03131687977745, 105.75467376473952"
40774919,06/03/2025,"Cần bán gấp căn hộ 115m2 3pn, 2wc nhà full đồ đẹp tại toà Báo Nhân Dân. Giá 42tr/m2. Lh: 0975 226 ***","4,83 tỷ",115 m²,42 tr/m²,3,2,"Phương Canh, Nam Từ Liêm","21.032726287841797, 105.75374603271484"
35991313,06/03/2025,"Cần bán gấp 2 căn hộ 106m2 và 189m2 tại khu B The Manor Mễ Trì. Giá từ 7,6 tỷ. LH: 0975 226 ***","7,6 tỷ",106 m²,"71,7 tr/m²",2,2,"Mỹ Đình 1, Nam Từ Liêm","21.0141735076904, 105.775871276855"
41102778,06/03/2025,"Cần bán gấp 2 căn hộ view hồ 73m2 và 94m2 tại Mỹ Đình Pearl. Giá chuẩn từ 6,1 tỷ LH: 0975 226 ***","6,1 tỷ",73 m²,"83,56 tr/m²",2,2,"Phú Đô, Nam Từ Liêm","21.012432098388672, 105.76739501953125"
42302769,06/03/2025,"Bán căn 2PN, 1VS full nội thất tại chung cư NHS Phương Canh giá chỉ 2,6 tỷ quá rẻ cho nhà đầu tư","2,6 tỷ",44 m²,"59,09 tr/m²",2,1,"Phương Canh, Nam Từ Liêm","21.0528299548113, 105.733003693765"
42321756,06/03/2025,"Chính chủ cần bán gấp căn hộ 112m2, 3 ngủ 2WC, full nội thất đẹp, LH: 0975 226 *** miễn môi giới",Giá thỏa thuận,112 m²,N/A,3,2,"Mỹ Đình 1, Nam Từ Liêm","21.01789744084231, 105.77975245991088"
35084078,06/03/2025,"Bán gấp 2 căn hộ 54m2, 67m2, tại HD Mon Hàm Nghi giá. Full đồ đẹp. LH: 0975 226 *** xem nhà","3,7 tỷ",67 m²,"55,22 tr/m²",2,1,"Mỹ Đình 2, Nam Từ Liêm","21.035120010376, 105.767433166504"
42278347,06/03/2025,"Chính chủ bán gấp căn hộ 63m2 toà CT1 - 1 Mễ Trì Hạ, nhà như hình. LH: 0975 226 ***",Giá thỏa thuận,"63,1 m²",N/A,2,1,"Mễ Trì, Nam Từ Liêm","21.015518531629137, 105.78285304510439"
42231129,06/03/2025,"Cần bán gấp căn góc 3 ngủ diện tích 93m2 tầng trung full đồ giá tốt 4,25 tỷ tại 789 Mỹ Đình","4,25 tỷ",93 m²,"45,7 tr/m²",3,2,"Mỹ Đình 1, Nam Từ Liêm","21.02461552988884, 105.77128608973415"
41840600,06/03/2025,"Bán gấp căn hộ 2PN + 1, DT 63m2 Vinhomes Smart City, Tây Mỗ, Nam Từ Liêm, Hà Nội, 4,3 tỷ 0896 688 ***","4,3 tỷ",63 m²,"68,25 tr/m²",3,2,"Tây Mỗ, Nam Từ Liêm","21.006188056056654, 105.74457207992182"
41858736,06/03/2025,"Hàng hiếm! Chính chủ cần bán căn 60m2, 2PN tòa FLC 18 Phạm Hùng cực rẻ giá 3,4 tỷ . LH 0968 989 ***","3,4 tỷ",60 m²,"56,67 tr/m²",2,2,"Mỹ Đình 2, Nam Từ Liêm","21.0295269781564, 105.779616980663"
41859415,06/03/2025,"Chính chủ cần bán gấp căn 70m2, giá cực rẻ tòa FLC Complex 36 Phạm Hùng, giá 5,2 tỷ.LH: 0968 989 ***","5,2 tỷ",70 m²,"74,29 tr/m²",2,1,"Mỹ Đình 2, Nam Từ Liêm","21.0282606810268, 105.779542133685"
33924158,06/03/2025,Bán gấp các căn hộ 100m2 - 110m2 - 132m2 - 142m2 - 208m2 tại KĐT Mỹ Đình Sông Đà giá từ 45tr/m2,Giá thỏa thuận,132 m²,N/A,3,2,"Mỹ Đình 1, Nam Từ Liêm","21.0174350738525, 105.780395507813"
42114912,06/03/2025,"Chính chủ bán căn 2PN toà Trung Ương Đảng Báo Nhân Dân Xuân Phương,85m2 giá 4,8 tỷ. LH 0968 989 ***","4,8 tỷ",85 m²,"56,47 tr/m²",2,2,"Phương Canh, Nam Từ Liêm","21.033481034229403, 105.75398706278419"
40671126,06/03/2025,Chính chủ cần bán gấp căn 104m2 khu thấp tầng CT1 Sudico giá 50tr/m2 LH Em 0976 647 ***,"4,95 tỷ",105 m²,"47,14 tr/m²",3,2,"Mỹ Đình 1, Nam Từ Liêm","21.01743507385254, 105.7803955078125"
37839178,06/03/2025,"Chính chủ bán căn 2 phòng ngủ 69m2 VOV Mễ Trì - Lương Thế Vinh. Giá 3,8 tỷ","3,8 tỷ",69 m²,"55,07 tr/m²",2,1,"Mễ Trì, Nam Từ Liêm","20.9952507019043, 105.784408569336"
42344119,06/03/2025,Cần bán CC 48m2 - 2 ngủ - Mỹ Đình - Đình Thôn - 1.59 tỷ - Cực rẻ,"1,59 tỷ",48 m²,"33,12 tr/m²",2,N/A,"Mễ Trì, Nam Từ Liêm","21.0166364082313, 105.773795504131"
42345230,06/03/2025,Nhận booking - thông tin 60 căn shop TMDV Lumi Hanoi diện tích từ 61m2. LH 0333 669 ***,Giá thỏa thuận,61 m²,N/A,N/A,N/A,"Tây Mỗ, Nam Từ Liêm","21.011779888357804, 105.7360437395409"
42255468,06/03/2025,"Hiếm! Cần bán gấp căn 3PN 2VS DT: 94 tỷ BC: ĐN, tầng trung dự án Mỹ Đình Pearl giá 7,5 tỷ (view hồ)","7,5 tỷ",94 m²,"79,79 tr/m²",3,2,"Phú Đô, Nam Từ Liêm","21.01269575261722, 105.76654224973892"
42267429,06/03/2025,"Hiếm! Chủ Cần Bán Duy Nhất 1 Căn 3PN 2VS DT: 96m2 BC: ĐN, Tầng Trung CC Vinhomes Skylake Giá 8,6 Tỷ",Giá thỏa thuận,94 m²,N/A,3,2,"Mỹ Đình 1, Nam Từ Liêm","21.02016962352462, 105.78075410052459"
42321715,06/03/2025,"Hiếm! Bán Duy Nhất 1 Căn Hộ 3PN2VS, DT: 102m2 Tầng Trung Đẹp Vinhomes Gardenia Hàm Nghi, Giá 8,3 Tỷ","8,6 tỷ",102 m²,"84,31 tr/m²",3,2,"Cầu Diễn, Nam Từ Liêm","21.035768003002683, 105.76022031402759"
42321621,06/03/2025,"Hiếm ! Bán Căn 3n2vs Dự Án Cao Cấp The Zei Mỹ Đình DT: 108m2, View Công Viên Hồ Điều Hòa, Giá 8 Tỷ",Giá thỏa thuận,108 m²,N/A,3,2,"Mỹ Đình 2, Nam Từ Liêm","21.034390558239288, 105.77030271237608"
42345991,06/03/2025,CHÍNH CHỦ BÁN CHUNG CƯ AN SINH MỸ ĐÌNH 130M2 - 3 NGỦ - 2 VỆ SINH,"5,9 tỷ",130 m²,"45,38 tr/m²",3,2,"Mỹ Đình 1, Nam Từ Liêm","21.0319970761961, 105.76613683124997"
41951205,06/03/2025,"Giá thấp 20%! Bán căn hộ Sudico - Mỹ Đình Sông Đà - 120m2 - 3pn 2vs. 6,5 tỷ. LH: 0967 401 *** Nam","6,5 tỷ",120 m²,"54,17 tr/m²",3,2,"Mỹ Đình 1, Nam Từ Liêm","21.0174858867811, 105.781006970236"
42304488,06/03/2025,"Căn Hộ 2 Ngủ Chung Cư 789 Mỹ Đình Siêu Đẹp -DT 75m.Tâng Cao Thoáng.Ban Công Đẹp.4,2 Tỷ","4,2 tỷ",75 m²,56 tr/m²,2,2,"Mỹ Đình 1, Nam Từ Liêm","21.024836114998617, 105.77177285177623"
42261148,06/03/2025,"Gia đình bán căn góc 100m2 -3pn view thoáng , full nội thất ở FLC 36 Phạm Hùng giá 6,5 tỷ","6,5 tỷ",100 m²,65 tr/m²,3,2,"Mỹ Đình 2, Nam Từ Liêm","21.028064371022488, 105.77912860992295"
42295563,06/03/2025,"Chính chủ bán CH 70m2 - 2PN - 2WC full nội thất view thoáng ở Roman Plaza, giá 4,6 tỷ","4,6 tỷ",70 m²,"65,71 tr/m²",2,2,"Đại Mỗ, Nam Từ Liêm","20.98468285363844, 105.7764178406029"
41943253,06/03/2025,"Vào trước 1.4 tỷ sở hữu ngay căn hỗ 3ngủ 86m2 Lumiere Smart City, 0% Lãi suất + Ân hạn đến T8/2026","6,9 tỷ",86 m²,"80,23 tr/m²",3,2,"Tây Mỗ, Nam Từ Liêm","21.00604649644153, 105.73648261173312"
42345847,06/03/2025,"CHCC Hateco Apollo - Tầng trung - căn đẹp diện tích 58,3m2 - 2 ngủ 1WC - 3,95 tỷ","3,95 tỷ","58,3 m²","67,75 tr/m²",2,1,"Phương Canh, Nam Từ Liêm","21.03506700912009, 105.74999246913731"
42345803,06/03/2025,CHCC Athena - nhà đẹp ở ngay - tiện ích đồng bộ - chủ tặng 90% nội thất - diện tích 69/72m2,"3,35 tỷ",69 m²,"48,55 tr/m²",2,2,"Phương Canh, Nam Từ Liêm","21.041293804367115, 105.7346189706944"
37754626,06/03/2025,"Cần bán căn 2PN (89m2) tại The Matrix One, tầng cao đẹp, full nội thất, giá 7.8 tỷ","7,8 tỷ",89 m²,"87,64 tr/m²",2,2,"Mễ Trì, Nam Từ Liêm","21.0093860626221, 105.773872375488"
41360473,06/03/2025,"Bán căn hộ 3N2VS tầng trung Vinhomes Green Bay view hồ, nội thất nhập khẩu. Giá kỳ vọng 6,9 tỷ","6,99 tỷ","86,7 m²","80,62 tr/m²",3,2,"Mễ Trì, Nam Từ Liêm","21.0032217121146, 105.778384449912"
42342701,06/03/2025,Gấp! Chính chủ cần bán nhanh căn hộ 3PN2VS tòa The Zei Lê Đức Thọ giá ra lộc cho KH chốt sớm,"7,5 tỷ",108 m²,"69,44 tr/m²",3,2,"Mỹ Đình 2, Nam Từ Liêm","21.03424925829501, 105.76949711300529"
42345771,06/03/2025,"CC Xuân Phương Residence Trịnh Văn Bô diện tích 68,3m2 - 2 ngủ - lô góc - tầng trung - thoáng sáng","3,95 tỷ","68,3 m²","57,83 tr/m²",2,N/A,"Phương Canh, Nam Từ Liêm","21.032837059244372, 105.75336690202147"
41878290,06/03/2025,"Bán căn hộ cao cấp 330m2, 4 ngủ, siêu view đẹp, đường Phạm Hùng, Nam Từ Liêm, Hà Nội, chỉ 33 tỷ",33 tỷ,330 m²,100 tr/m²,4,4,"Mễ Trì, Nam Từ Liêm","21.01681224469678, 105.78410281769375"
42311878,06/03/2025,"Bán căn hộ cao cấp Toà A - The Matrix One Mễ Trì, tầng 35, 2PN, 90m2, view cực đẹp, nhỉnh 8 tỷ","8,5 tỷ",90 m²,"94,44 tr/m²",2,2,"Mễ Trì, Nam Từ Liêm","21.0094486255158, 105.7742114028208"
42301283,06/03/2025,"Bán CH chung cư cao cấp The Zei, 3PN, 108m2, tòa B, căn góc, full đồ. Không báo giá chênh, giá ảo",9 tỷ,108 m²,"83,33 tr/m²",3,2,"Mỹ Đình 2, Nam Từ Liêm","21.0349339313572, 105.769695400559"
42345536,06/03/2025,"Chính chủ bán căn hộ tầng trung đẹp, diện tích 65m2, 2 PN, 2 WC tại chung cư Hateco Xuân Phương","4,2 tỷ",65 m²,"64,61 tr/m²",2,2,"Phương Canh, Nam Từ Liêm","21.034970686502177, 105.75035141640389"
39334520,05/03/2025,"(Hot) Bán căn hộ 3PN 170m2 toà Sunshine Center Phạm Hùng Mỹ Đình, nội thất đủ cực đẹp LH 0888 989 ***","10,5 tỷ",170 m²,"61,76 tr/m²",3,2,"Mỹ Đình 2, Nam Từ Liêm","21.018648147583, 105.781791687012"
42345287,05/03/2025,"Bán căn hộ Sun Square, Đường Lê Đức Thọ, Phường Mỹ Đình 2, Quận Nam Từ Liêm, Hà Nội. 4pn. 2vs.","7,93 tỷ",122 m²,65 tr/m²,4,2,"Mỹ Đình 2, Nam Từ Liêm","21.034393258257776, 105.77039215111604"
41783509,05/03/2025,"(chính chủ)bán nhanh căn 5PN/190 toà B The Manor Mễ Trì, sẵn sổ,full đồ, hàng hiếm có LH 0888 989 ***",14 tỷ,190 m²,"73,68 tr/m²",4,3,"Mỹ Đình 1, Nam Từ Liêm","21.014156648808061, 105.77592435566739"
42345243,05/03/2025,"Chủ nhà gửi bán căn hoa hậu 3PN tòa FLC Complex 36 Phạm Hùng, Mỹ Đình 2, Nam Từ Liêm, Hà Nội.","7,4 tỷ",98 m²,"75,51 tr/m²",3,2,"Mỹ Đình 2, Nam Từ Liêm","21.027590389265704, 105.77952044928824"
42345168,05/03/2025,"Bán nhanh căn 2PN, 80m2 Hoàng Thành Pearl. Giá 5,9 tỷ. Full nội thất y hình. View biệt thự Vinhomes","5,9 tỷ",80 m²,"73,75 tr/m²",2,2,"Cầu Diễn, Nam Từ Liêm","21.040467964239248, 105.76186550189409"
38068444,05/03/2025,"Chính chủ bán căn 3PN DT 133m2 chung cư HH2 Bắc Hà Tố Hữu. Giá 6.2 tỷ bao phí, LH 0932 392 ***","6,2 tỷ",133 m²,"46,62 tr/m²",3,2,"Trung Văn, Nam Từ Liêm","20.9975166320801, 105.795166015625"
40826957,05/03/2025,"Còn duy nhất! Căn hộ VOV Mễ Trì - vị trí tiện lợi - TT Nam Từ Liêm - 61 m2, 2 PN + 1VS","3,9 tỷ","61,2 m²","63,72 tr/m²",2,1,"Mễ Trì, Nam Từ Liêm","20.9952507019043, 105.784408569336"
42331147,05/03/2025,Chủ nhà cắt lỗ cần tiền bán gấp căn hộ tầng 15 giá rẻ nhất thị trường LH 097746928,"4,3 tỷ","73,2 m²","58,74 tr/m²",2,2,"Mỹ Đình 2, Nam Từ Liêm","21.030758576467004, 105.77552294496827"
42330535,05/03/2025,Chính chủ bán căn 2 phòng ngủ DT 76m2 tại Roman Plaza Tố Hữu - NTL nhà sẵn sổ đỏ full nội thất,5 tỷ,76 m²,"65,79 tr/m²",2,2,"Đại Mỗ, Nam Từ Liêm","20.98472830701945, 105.77688642549474"
42344966,05/03/2025,"Bán gấp CH cao cấp chung cư Mỹ Đình Plaza Trần Bình, Nam Từ Liêm, DT 74 m2  2 PN. 4,98 tỷ","4,98 tỷ",74 m²,"67,3 tr/m²",2,1,"Mỹ Đình 2, Nam Từ Liêm","21.0306243203318, 105.776620791784"
41254134,05/03/2025,"Sốc giảm 100tr bán 1ngủ+1căn G3.1615 view bể bơi, DT 43m tòa G3 The Sola Park,Vinhomes Smart City","3,1 tỷ",43 m²,"72,09 tr/m²",2,1,"Tây Mỗ, Nam Từ Liêm","21.008852005004883, 105.7439193725586"
42328830,05/03/2025,"(Rẻ nhất) Căn FLC Complex 36 Phạm Hùng, 5 tỷ, 70m2. Sẵn sổ đỏ. Nội thất full y hình.",5 tỷ,70 m²,"71,43 tr/m²",2,2,"Mỹ Đình 2, Nam Từ Liêm","21.028764314458552, 105.77991049393083"
42277058,05/03/2025,"Bán căn 2PN tòa E CC Quốc Hội , Trần Hữu Dực nhà đẹp, NT full 64,4m2, 3,6 tỷ. LH 0359 724 ***",13 triệu,"62,4 m²","208,33 nghìn/m²",2,1,"Xuân Phương, Nam Từ Liêm","21.029034347610327, 105.76310621222449"
41480369,05/03/2025,Chung cư QMS - Tố Hữu 67m2 giá chỉ nhỉnh 4 tỷ bàn giao quý 1 năm 2025 - Ngân hàng hỗ trợ vay 70%,"4,3 tỷ",67 m²,"64,18 tr/m²",2,2,"Đại Mỗ, Nam Từ Liêm","20.9871800494516, 105.77846089585277"
42343604,05/03/2025,"Sở hữu ngay căn hộ 2N2WC chỉ với 3,57 tỷ tại dự án Vinhomes Smart City","3,57 tỷ",55 m²,"64,91 tr/m²",2,2,"Tây Mỗ, Nam Từ Liêm","21.009355174105625, 105.74372970712142"
42118821,05/03/2025,"Bán căn hộ 135m2 Vinhomes West Point Phạm Hùng, view sân bảo tàng Hà Nội, làm văn phòng hoặc để ở","8,6 tỷ",135 m²,"63,7 tr/m²",2,2,"Mễ Trì, Nam Từ Liêm","21.01184137854224, 105.7863162088744"
41912209,05/03/2025,"Bán CH 56m2, 2PN, 1WC, 5,5 tỷ ở Vinhomes Green Bay Mễ Trì, Nam Từ Liêm, Hà Nội 0989 996 ***",Giá thỏa thuận,56 m²,N/A,2,1,"Mễ Trì, Nam Từ Liêm","20.999542255488979, 105.78840234090234"
42183001,05/03/2025,"Em bán căn Duplex 185m THE ZEI tầng cao, gồm 4PN3wc ,có sổ đỏ, có Slot oto, làm việc chính, giá tốt","17,9 tỷ",185 m²,"96,76 tr/m²",4,3,"Mỹ Đình 2, Nam Từ Liêm","21.034477139815372, 105.76964487915835"
42038498,05/03/2025,"Vinhomes West Point chính chủ chuyển công tác gửi bán 3PN 2VS 96m2, 8 tỷ. Giá tốt nhất thị trường",8 tỷ,96 m²,"83,33 tr/m²",3,2,"Mễ Trì, Nam Từ Liêm","21.012138485587855, 105.7863651689145"
41294019,05/03/2025,"Bán gấp căn hộ 2N2VS tại Vinhomes Skylake, tầng trung. Chủ nhà chào bán 5,5 tỷ","5,5 tỷ",67 m²,"82,09 tr/m²",2,2,"Mỹ Đình 1, Nam Từ Liêm","21.0201683044434, 105.780754089355"
42334391,05/03/2025,"Em cập nhật quỹ căn hộ đang giao bán tại WB.DT 65m, 85m, 90m, 110m, 129m : giá chỉ từ 5.6 tỷ-11 tỷ","5,6 tỷ",68 m²,"82,35 tr/m²",2,2,"Mễ Trì, Nam Từ Liêm","21.012306616723066, 105.78689367199802"
41463129,05/03/2025,"Bán rẻ căn hộ studio tại Lumiere-Vinhomes Smart City, giá TTS 2,55 tỷ, HTLS 2,89 tỷ. LH 0333 669 ***","2,55 tỷ","32,2 m²","79,19 tr/m²",1,1,"Tây Mỗ, Nam Từ Liêm","21.0062160491943, 105.736473083496"
41432266,05/03/2025,"Bán nhanh căn hộ chung cư hàng hot tại Lumi Hanoi siêu rẻ 5,585 tỷ, 84 m2, 3 PN, 2WC. LH 0333 669 ***","5,59 tỷ",84 m²,"66,49 tr/m²",3,2,"Tây Mỗ, Nam Từ Liêm","21.011585235595703, 105.73583984375"
41471521,05/03/2025,"Bán căn hoa hậu Lumi Hanoi 4PN view bể bơi P2.0X 05 - 127m2 giá bao phí 9,96 tỷ. Lh 0333 669 ***","9,96 tỷ",127 m²,"78,42 tr/m²",4,3,"Tây Mỗ, Nam Từ Liêm","21.0115852355957, 105.73583984375"
42320706,05/03/2025,Chính chủ cần tiền bán gấp căn 3 ngủ 2 WC giá rẻ nhất TT LH 0977 146 ***,6 tỷ,90 m²,"66,67 tr/m²",3,2,"Cầu Diễn, Nam Từ Liêm","21.03062289562764, 105.76149338627897"
42275986,05/03/2025,Chính Chủ Gửi Bán Căn Hộ 1 Ngủ 1 Khách Giá Rẻ Nhất Thị Trường,4 tỷ,53 m²,"75,47 tr/m²",1,1,"Cầu Diễn, Nam Từ Liêm","21.037322739045823, 105.760754241406"
42157423,05/03/2025,"Bán căn hộ chung cư tại Mỹ Đình Pearl, 94 m2, giá siêu hời, Lh 0977 146 ***",Giá thỏa thuận,94 m²,N/A,3,2,"Phú Đô, Nam Từ Liêm","21.01229480343657, 105.76748637395798"
42337189,05/03/2025,"Bán gấp căn hộ FLC 36 Phạm Hùng 70m2, 2N 2W full nội thất, sẵn sổ bao toàn bộ thuế phí","5,2 tỷ",70 m²,"74,29 tr/m²",2,2,"Mỹ Đình 2, Nam Từ Liêm","21.0271990882642, 105.7781971246"
42344193,05/03/2025,(Siêu Hiếm)Em Linh xin mời khách Vinhomes Skylake Phạm Hùng(2N-2W).Sẵn sổ.Ban công mát.Giá 7 Tỷ 4,"7,4 tỷ",64 m²,"115,62 tr/m²",2,2,"Mỹ Đình 1, Nam Từ Liêm","21.020522980473984, 105.78135054885135"
42344246,05/03/2025,"Có 102! Bán chung cư khu Mỹ Đình giá rẻ, 50m2, 2PN giá 1.x tỷ","1,58 tỷ",50 m²,"31,6 tr/m²",2,1,"Mỹ Đình 1, Nam Từ Liêm","21.0294180819738, 105.775071887305"
42344088,05/03/2025,"Bán Căn hộ CC đẹp tại VOV Mễ Trì, 59m2, 2PN, 1WC","4,1 tỷ",59 m²,"69,49 tr/m²",2,1,"Mễ Trì, Nam Từ Liêm","20.99525547805026, 105.78347296874374"
40568605,05/03/2025,"Chính chủ cần bán căn hộ 2PN tại dự án chung cư Mỹ Đình Pearl. Giá 4,2 tỷ - 0904 969 ***","4,2 tỷ",79 m²,"53,16 tr/m²",2,2,"Phú Đô, Nam Từ Liêm","21.01205124113537, 105.76776769908204"
42280536,05/03/2025,"Hàng hiếm tại Roman Plaza, 5,1 tỷ, 76m2, 2PN, 2WC, Nam Từ Liêm, Hà Nội","5,1 tỷ",76 m²,"67,1 tr/m²",2,2,"Đại Mỗ, Nam Từ Liêm","20.98506465126016, 105.77631769241034"
42286974,05/03/2025,"(Giá thật) Chính chủ bán căn góc 3PN 2WC 115m2, tầng trung, view hồ, nhà đẹp. Giá 6,5 tỷ tòa C37","6,5 tỷ",115 m²,"56,52 tr/m²",3,2,"Trung Văn, Nam Từ Liêm","20.99687887764946, 105.79387083209465"
42157295,05/03/2025,"Danh sách căn hộ 2N, Golden Palace Mễ Trì chính chủ từ ban quản lý chung cư. LH 0977 146 ***",Giá thỏa thuận,85 m²,N/A,2,2,"Mễ Trì, Nam Từ Liêm","21.011597508619683, 105.77541169617349"
40563084,05/03/2025,"Chính chủ gửi bán căn hộ 2PN tại dự án chung cư cao cấp The Matrix One. Giá 6,8 tỷ - 0904 969 ***","6,8 tỷ",86 m²,"79,07 tr/m²",2,2,"Mễ Trì, Nam Từ Liêm","21.0093860626221, 105.773872375488"
42343699,05/03/2025,"Cần bán gấp căn hộ VOV Mễ Trì, đẹp như mới, 61,2m2 nhỉnh 3 tỷ","3,85 tỷ","61,2 m²","62,91 tr/m²",2,1,"Mễ Trì, Nam Từ Liêm","20.995152313280308, 105.78456918222773"
42343540,05/03/2025,Gấp - Cắt lỗ căn 2N2WC + 1 siêu đẹp view thoáng ở cực chill tại dự án Vinhomes Smart City,"3,9 tỷ",64 m²,"60,94 tr/m²",2,2,"Tây Mỗ, Nam Từ Liêm","21.008864074766755, 105.74486255037141"
40618669,05/03/2025,"Chính chủ cần bán căn hộ 3PN tại dự án chung cư cao cấp The Matrix One. Giá 9,8 tỷ - 0904 969 ***","9,8 tỷ",112 m²,"87,5 tr/m²",3,2,"Mễ Trì, Nam Từ Liêm","21.0093860626221, 105.773872375488"
42343503,05/03/2025,Chính chủ cần nhượng lại căn hộ 3PN tại Vinhome Smart City - Full nội thất chỉ việc vào ở,"4,9 tỷ","75,6 m²","64,82 tr/m²",3,2,"Tây Mỗ, Nam Từ Liêm","21.00668529301016, 105.73621307015492"
40854233,05/03/2025,Chính chủ cần bán căn hộ 2PN tại dự án chung cư cao cấp Vinhomes SkyLake. Giá 5.8 tỷ - 0904 969 ***,"5,8 tỷ",67 m²,"86,57 tr/m²",2,2,"Mỹ Đình 1, Nam Từ Liêm",N/A
42170900,05/03/2025,Tổng hợp quỹ căn bán 2 - 3 - 4PN chung cư Xuân Phương Residence giá cam kết giá tốt nhất 2025,"4,1 tỷ",86 m²,"47,67 tr/m²",2,2,"Phương Canh, Nam Từ Liêm",N/A
42103776,05/03/2025,Bán gấp căn hộ 87m2 thiết kế 2 phòng ngủ và 2 vs tại Golden Palace. Giá thoả thuận trực tiếp,"5,22 tỷ",87 m²,60 tr/m²,2,2,"Mễ Trì, Nam Từ Liêm",N/A
42343812,05/03/2025,Bán chung cư An Bình Plaza 97 Trần Bình căn góc 83m2 3PN 2ban công ĐB - ĐN hướng đẹp sổ vĩnh viễn,Giá thỏa thuận,83 m²,N/A,3,2,"Mỹ Đình 2, Nam Từ Liêm",N/A
42341618,05/03/2025,2 phòng ngủ + 63m2 tòa A Masteri full nội thất xịn 5.6 tỷ (có thương lượng),"5,6 tỷ",63 m²,"88,89 tr/m²",2,2,"Tây Mỗ, Nam Từ Liêm",N/A
39346504,05/03/2025,"Chính chủ bán CC Dreamland Bonanza - 23 Duy Tân. DT 76m2 2N 2WC. Đầy đủ nội thất. Giá thật 4,8 tỷ","4,8 tỷ",76 m²,"63,16 tr/m²",2,2,"Mỹ Đình 2, Nam Từ Liêm",N/A
40749821,05/03/2025,"Chính chủ bán CC An Bình Plaza - 97 Trần Bình. DT 100m2 - 3 ngủ. Đầy đủ nội thất. Giá thật 5,9 tỷ","5,9 tỷ",100 m²,59 tr/m²,3,2,"Mỹ Đình 2, Nam Từ Liêm",N/A
38239985,05/03/2025,"Bán căn 2PN Dreamland Bonanza Duy Tân Cầu Giấy 75m2 giá 5,9 tỷ","5,9 tỷ",75 m²,"78,67 tr/m²",2,2,"Mỹ Đình 2, Nam Từ Liêm",N/A
38052232,05/03/2025,"Bán căn 2PN 78m2 Roman Plaza Tố Hữu giá 5,1 tỷ","5,1 tỷ",78 m²,"65,39 tr/m²",2,2,"Đại Mỗ, Nam Từ Liêm",N/A
40528976,05/03/2025,"Chính chủ bán Emerald CT8 Đình Thôn - Mỹ Đình. DT 102m2 3PN. Đầy đủ nội thất đẹp. Giá thật 6,7 tỷ","6,7 tỷ",102 m²,"65,69 tr/m²",3,2,"Mỹ Đình 1, Nam Từ Liêm",N/A
42341066,05/03/2025,"Chính chủ bán căn GS6 63m2 tầng cao 3x không áp mái, 3,950 tỷ. 0961 522 ***","4,05 tỷ",64 m²,"63,28 tr/m²",N/A,N/A,"Tây Mỗ, Nam Từ Liêm",N/A
42307855,05/03/2025,"Bán căn chung cư Mỹ Đình Plaza 1 - Nam Từ Liêm, DT 74m2, 80m2 full đồ giá rẻ nhất LH: 0906 241 ***","4,5 tỷ",74 m²,"60,81 tr/m²",2,2,"Mỹ Đình 2, Nam Từ Liêm",N/A
42200179,05/03/2025,"Bán nhanh căn hộ CC tại The Matrix One, diện tích 88,5 m2, 2PN, 2WC LH: 0968 845 ***",8 tỷ,"88,5 m²","90,4 tr/m²",2,2,"Mễ Trì, Nam Từ Liêm",N/A
39197014,05/03/2025,"Cần bán nhanh căn 2N2VS Masteri West Height, DT 55m2 view cực thoáng, giá tốt. LH 0968 845 ***","4,1 tỷ",55 m²,"74,54 tr/m²",2,2,"Tây Mỗ, Nam Từ Liêm",N/A
42199455,05/03/2025,Bán quỹ căn Hoàng Thành Pearl 3PN DT 114m2 giá rẻ nhất thị trường LH 0968 276 ***,"7,6 tỷ",114 m²,"66,67 tr/m²",3,2,"Cầu Diễn, Nam Từ Liêm",N/A
42095258,05/03/2025,"Chính chủ gửi bán căn hộ 193m2 The Manor, giá siêu rẻ. Liên hệ 0968 276 ***","12,54 tỷ",193 m²,65 tr/m²,3,2,"Mỹ Đình 1, Nam Từ Liêm",N/A
42277300,05/03/2025,"Bán căn hộ 87m2, 2PN view thành phố, cửa TN, ban công ĐB, chung cư The Matrix One. Giá 6.9 tỷ","6,9 tỷ",87 m²,"79,31 tr/m²",2,2,"Mễ Trì, Nam Từ Liêm",N/A
42134689,05/03/2025,"Tôi có nhu cầu chuyển đổi cần bán gấp CH 75m2, 2PN nhà full đồ, view thoáng, CC Vinhomes Gardenia",5 tỷ,75 m²,"66,67 tr/m²",2,2,"Cầu Diễn, Nam Từ Liêm",N/A
39846945,05/03/2025,"Tôi chính chủ bán gấp căn hộ 2 ngủ 60m2 sổ đỏ, full nội thất đẹp, cc The Garden Hill 99 Trần Bình","3,8 tỷ",60 m²,"63,33 tr/m²",2,2,"Mỹ Đình 2, Nam Từ Liêm",N/A
42206527,05/03/2025,"Tôi chính chủ bán gấp căn hộ chính chủ 2PN chung cư Hoàng Thành Pearl, giá cực tốt","5,8 tỷ",80 m²,"72,5 tr/m²",2,2,"Cầu Diễn, Nam Từ Liêm",N/A
42276740,05/03/2025,"Chủ nhà cần căn hộ 104m2, 3PN, cửa ĐB, ban công ĐN, chung cư The Zei Mỹ Đình. Giá 7.8 tỷ",8 tỷ,104 m²,"76,92 tr/m²",3,2,"Mỹ Đình 2, Nam Từ Liêm","21.03451362330909, 105.76930624486468"
42199727,05/03/2025,"Bán quỹ CHCC giá rẻ nhất 3PN, Vinhomes Gardenia giá tốt nhất thị trường năm 2025","7,9 tỷ",110 m²,"71,82 tr/m²",3,2,"Cầu Diễn, Nam Từ Liêm","21.03654288492275, 105.7608914376068"
34245570,05/03/2025,"Cần bán căn hộ 89m2 3pn2vs tòa W2 full đồ đẹp sổ đỏ sẵn tầng trung giá 7,7 tỷ có thương lượng","4,3 tỷ",68 m²,"63,24 tr/m²",2,2,"Mễ Trì, Nam Từ Liêm","21.0118827819824, 105.786445617676"
39156454,05/03/2025,"Chính chủ bán căn hộ tòa W3 Vinhomes West Point, 129m2 4PN3VS giá 11 tỷ nội thất full sổ đỏ sẵn","10,5 tỷ",123 m²,"85,37 tr/m²",4,3,"Mễ Trì, Nam Từ Liêm","21.0118827819824, 105.786445617676"
41946631,05/03/2025,"Bán căn 240m2, 4PN siêu vip chung cư Sudico Mỹ Đình Sông Đà. Full nội thất, nhà mới đón Tết 2025",13 tỷ,240 m²,"54,17 tr/m²",4,4,"Mỹ Đình 1, Nam Từ Liêm","21.017414361602505, 105.78044280022408"
42336620,05/03/2025,"Bán căn hộ 137m2 tầng trung ban công Đông Nam 4PN3VS view cực thoáng nhà full đồ đẹp giá 11,5 tỷ","11,5 tỷ",137 m²,"83,94 tr/m²",4,3,"Cầu Diễn, Nam Từ Liêm","21.036341538954183, 105.7601322720654"
39977446,05/03/2025,"Chính chủ bán căn 3PN DT 108m2 chung cư C14 Bắc Hà, giá 5 tỷ bao phí, LH: 0932 392 ***",5 tỷ,108 m²,"46,3 tr/m²",3,2,"Trung Văn, Nam Từ Liêm","20.9908123016357, 105.783912658691"
42343570,05/03/2025,"Nhà mình bán căn 2PN2WC để chuyển lên 3PN, giá 6.1tỷ, đầy đủ nội thất, Sẵn sổ giao dịch, tầng 15","6,16 tỷ","72,5 m²",85 tr/m²,2,2,"Mỹ Đình 2, Nam Từ Liêm","21.03113522586811, 105.78175479563569"
42343382,05/03/2025,"Cơ hội vàng cho các nhà đầu tư - 2N1WC chỉ 3,43 tỷ tại dự án Vinhomes Smart City","3,43 tỷ",54 m²,"63,52 tr/m²",2,1,"Tây Mỗ, Nam Từ Liêm","21.009599723902337, 105.74369452363729"
42343333,05/03/2025,"Mua nhanh kẻo hết ! Đúng 1 căn 49m- Ecolife Tố Hữu -sửa được 2 ngủ- sẵn sổ- có slot ô tô- 3,x tỷ","3,78 tỷ",49 m²,"77,14 tr/m²",1,1,"Trung Văn, Nam Từ Liêm","20.994383235343218, 105.79006032438151"
42343331,05/03/2025,"Bán gấp căn Penthouse Duplex CC Bonaza, 333m ban công hướng mát, full nội thất cao cấp giá 27 tỷ",27 tỷ,333 m²,"81,08 tr/m²",4,3,"Mỹ Đình 2, Nam Từ Liêm","21.031541585514844, 105.7808004000809"
42148910,05/03/2025,"Cần bán căn hộ Iris Garden: 2 ngủ 2 vệ sinh, 62m2, nhà sẵn sổ, đầy đủ nội thất view thoáng","4,5 tỷ",62 m²,"72,58 tr/m²",2,2,"Cầu Diễn, Nam Từ Liêm","21.030580727985686, 105.76003646930116"
37199824,05/03/2025,"Bán căn hộ 3PN, có diện tích 114.3m2 đẹp nhất dự án The Matrix One. LH: 0333 980 ***",Giá thỏa thuận,"114,3 m²",N/A,3,2,"Mễ Trì, Nam Từ Liêm","21.0093860626221, 105.773872375488"
40539048,05/03/2025,Duy nhất căn hộ 2 ngủ 2 vệ sinh tại chung cư Vinhomes West Point giá 5.5 tỷ LH: 0333 980 ***,"5,5 tỷ",62 m²,"88,71 tr/m²",2,2,"Mễ Trì, Nam Từ Liêm","21.0118827819824, 105.786445617676"
38618026,05/03/2025,Sun Square Penth. Ngã tư Lê Đức Thọ-Nguyễn Hoàng. 2 tỷ ở ngay. Căn Góc. Tự động 95%. Không đồ thừa.,"5,45 tỷ",102 m²,"53,43 tr/m²",3,2,"Mỹ Đình 2, Nam Từ Liêm","21.0329814210449, 105.770458537419"
42219607,05/03/2025,"Bán căn hộ Vinhomes Gardenia, 108m2, 3PN, 2WC, giá cực tốt liên hệ em Hải: 0333 980 ***","6,8 tỷ",108 m²,"62,96 tr/m²",3,2,"Cầu Diễn, Nam Từ Liêm","21.0365528483366, 105.759646646839"
42141835,05/03/2025,"Bán 3 ngủ CC The Zei, Lê Đức Thọ, Mỹ Đình 2, Nam Từ Liêm, Hà Nội, giá hơn 8 tỷ. LH: 0333 980 ***",Giá thỏa thuận,108 m²,N/A,3,2,"Mỹ Đình 2, Nam Từ Liêm","21.0345441856131, 105.769700386697"
39482026,05/03/2025,"Cắt lỗ 200tr căn studio Masteri - 31m2 giá 2 tỷ, view bể bơi tầng đẹp, Vin Smart City",2 tỷ,31 m²,"64,52 tr/m²",1,N/A,"Tây Mỗ, Nam Từ Liêm","21.0062065124512, 105.737075805664"
39981140,05/03/2025,Chính chủ bán căn 3PN Masteri mới bàn giao giá 5.2 tỷ view đẹp nhà mới,"5,2 tỷ","73,7 m²","70,56 tr/m²",3,N/A,"Tây Mỗ, Nam Từ Liêm","21.0069651709007, 105.73659501448"
42343300,05/03/2025,"Mình cần bán căn 2PN 3,8tỷ Toà VOV Mễ Trì, Lương Thế Vinh, full nội thất, sẵn sổ giao dịch ngay","3,77 tỷ",58 m²,65 tr/m²,2,1,"Mễ Trì, Nam Từ Liêm","20.995205831719346, 105.78445055910267"
42138838,05/03/2025,"Bán căn hộ chung cư The Emerald, Mỹ Đình 1, Nam Từ Liêm, Hà Nội, 6,6 tỷ, 97m2 LH 0336 730 ***","6,6 tỷ",97 m²,"68,04 tr/m²",3,2,"Mỹ Đình 1, Nam Từ Liêm","21.02152545519236, 105.7714754897181"
41653691,05/03/2025,"Chính chủ bán CH: (3N-2VS). DT: 110m. Giá: 6tỷ. Đc: Ecolife Capitol, Tố Hữu. Sẵn sổ, full nội thất",6 tỷ,110 m²,"54,54 tr/m²",3,2,"Trung Văn, Nam Từ Liêm","20.99453353881836, 105.78939056396484"
39573948,05/03/2025,"Chính chủ bán CH: 3N - 2VS. DT: 96m2. Giá 5.5 tỷ. ĐC: An Bình Plaza, Nam Từ Liêm. Đầy đủ nội thất","5,5 tỷ",100 m²,55 tr/m²,3,2,"Mỹ Đình 2, Nam Từ Liêm","21.0309085845947, 105.777183532715"
42233472,05/03/2025,"Chính chủ bán CH 3 ngủ. Giá: 5.9 tỷ. ĐC: Mỹ Đình Plaza 1, 138 Trần Bình, Nam Từ Liêm. Full nội thất","5,9 tỷ",110 m²,"53,64 tr/m²",3,2,"Mỹ Đình 2, Nam Từ Liêm","21.031438805851078, 105.77606803681897"
42343040,05/03/2025,"Căn ngoại giao Vin Smart 47m2 vào thẳng tên HĐMB, chiết khấu cao. 0961 522 ***","3,1 tỷ",47 m²,"65,96 tr/m²",1,1,"Tây Mỗ, Nam Từ Liêm","21.00729047949184, 105.7455360115639"
41526341,05/03/2025,"Nhượng gấp căn 2PN 2VS - tòa G1, Sổ lâu dài -GreenBay Mễ Trì ,Giá :4,8 tỷ- View đẹp- 0974 121 ***","4,8 tỷ","62,1 m²","77,3 tr/m²",2,2,"Mễ Trì, Nam Từ Liêm","20.9989585876465, 105.788032531738"
42343006,05/03/2025,"Chính chủ bán căn hộ chung cư An Sinh full nội thất An Sinh toà B, Lưu Hữu Phước, Mỹ Đình",6 tỷ,"129,9 m²","46,19 tr/m²",3,2,"Cầu Diễn, Nam Từ Liêm","21.034076079879746, 105.76291073951003"
39553770,05/03/2025,"Chính chủ bán CH 2 ngủ DT: 78m2. Giá 4.3 tỷ. ĐC: Mỹ Đình Plaza 1, Nam Từ Liêm. Nội thất đầy đủ","4,3 tỷ",78 m²,"55,13 tr/m²",2,2,"Mỹ Đình 2, Nam Từ Liêm","21.0308399200439, 105.77579498291"
42342966,05/03/2025,"Chủ nhà gửi bán căn 2PN diện tích 54,6m2 ban công hướng mát, full nội thất giá 3,4 tỷ thương lượng","3,4 tỷ","54,6 m²","62,27 tr/m²",2,2,"Tây Mỗ, Nam Từ Liêm","21.00625753769691, 105.73641334926425"
39554948,05/03/2025,"Chính chủ bán CH: 110m2 (3N 2VS) 6,5 tỷ. ĐC: Mỹ Đình Plaza 2, số 2 Nguyễn Hoàng. Nội thất đầy đủ","6,5 tỷ",110 m²,"59,09 tr/m²",3,2,"Mỹ Đình 2, Nam Từ Liêm","21.0317597142197, 105.774832263359"
42343086,05/03/2025,Chính chủ bán CH 75m2 (2N 2VS) Giá 4.5 tỷ. ĐC: Mỹ Đình Plaza 2 số 2 Nguyễn Hoàng. Nội thất đầy đủ,"4,5 tỷ",75 m²,60 tr/m²,2,2,"Mỹ Đình 2, Nam Từ Liêm","21.031094130450235, 105.77463590265238"
39980223,05/03/2025,Chính chủ bán căn I1 2pn 55m2 Imperia Vinhomes Smart City mới bàn giao giá 3. X tỷ view hồ điều hòa,"3,5 tỷ",55 m²,"63,64 tr/m²",2,N/A,"Tây Mỗ, Nam Từ Liêm","20.999277114868164, 105.73811340332031"
41800926,05/03/2025,Chính chủ bán căn tầng 2109 tòa S301 Vinhomes Smart City Tây Mỗ full. Giá: 2.450 tỷ. LH: 0947 868 ***,"2,45 tỷ",43 m²,"56,98 tr/m²",2,1,"Tây Mỗ, Nam Từ Liêm","21.006483002591267, 105.73663777716447"
39544717,05/03/2025,Chính chủ cần bán căn 2 + ngủ 64m2 tầng trung S2 Vinhomes Smart City full đồ sẵn sổ - giá 3.5 tỷ,"3,6 tỷ",64 m²,"56,25 tr/m²",2,1,"Tây Mỗ, Nam Từ Liêm","21.0062160491943, 105.736473083496"
40654364,05/03/2025,Chính chủ cần bán căn 3PN ngủ 75m2 tầng 25 S101 Vinhomes Smart City full đồ sẵn sổ - giá 4 tỷ,4 tỷ,75 m²,"53,33 tr/m²",3,2,"Tây Mỗ, Nam Từ Liêm","21.0062160491943, 105.736473083496"
39563466,05/03/2025,Chính chủ bán CH (3N - 2VS). DT: 135m2 giá: 7.5 tỷ. ĐC: FLC Complex 36 Phạm Hùng. Full nội thất,"7,5 tỷ",135 m²,"55,56 tr/m²",3,2,"Mỹ Đình 2, Nam Từ Liêm","21.028190612793, 105.779197692871"
40833662,05/03/2025,"CHỈ HƠN 4 TỶ SỞ HỮU CĂN HỘ ĐẸP TẠI TRUNG TÂM MỸ ĐÌNH, SỔ ĐỎ SẴN GIAO DỊCH, NỘI THẤT ĐẦY ĐỦ",Giá thỏa thuận,80 m²,N/A,2,2,"Cầu Diễn, Nam Từ Liêm","21.034912109375, 105.764404296875"
42342980,05/03/2025,"Chính chủ bán căn hộ (2N - 2VS) DT: 75m2 Giá: 4,8 tỷ. FLC 36 Phạm Hùng, Nam Từ Liêm. Full nội thất","4,8 tỷ",75 m²,64 tr/m²,2,2,"Mỹ Đình 2, Nam Từ Liêm","21.028473490215596, 105.77993512223198"
42298657,05/03/2025,"Chỉ hơn 4 tỷ Sở hữu căn hộ nhỏ xinh tại dự án Vin Gardenia, đầy đủ nội thất, sổ đỏ có sẵn giao dịch",Giá thỏa thuận,"52,4 m²",N/A,1,1,"Cầu Diễn, Nam Từ Liêm","21.0365676879883, 105.760482788086"
42342975,05/03/2025,Cần bán căn 1N + DT 48m2 giá 2.9 tỷ khu S - Vinhomes Smart City,"2,9 tỷ",48 m²,"60,42 tr/m²",1,1,"Tây Mỗ, Nam Từ Liêm","21.00617660116938, 105.7362725359403"
42287020,05/03/2025,"CĂN GÓC TẦNG TRUNG 3 NGỦ ĐẸP, NHÀ 3 BAN CÔNG SIÊU RỘNG RÃI THOÁNG MÁT, FULL NỘI THẤT SẴN VỀ Ở NGAY","5,5 tỷ",83 m²,"66,26 tr/m²",3,2,"Mỹ Đình 2, Nam Từ Liêm","21.030909, 105.77718"
42342935,05/03/2025,Căn 2PN + 1 DT 75m2 tòa TC3 Phân khu The Canopy giá rẻ nhất chỉ 64tr/m2,"4,8 tỷ",75 m²,64 tr/m²,2,2,"Tây Mỗ, Nam Từ Liêm","21.00124134173502, 105.73943450344669"
38832674,05/03/2025,Chính chủ cần bán gấp căn hộ studio diện tích TT 35m2 giá 1.9 tỷ Vinhomes Smart City,"1,9 tỷ","31,7 m²","59,94 tr/m²",1,1,"Tây Mỗ, Nam Từ Liêm","21.006404048733568, 105.73630150236147"
42137548,05/03/2025,"Tôi chính chủ cần bán căn hộ 2 ngủ 2WC + 1 toà S202 giá 3.9 tỷ diện tích 70,5m2 Vinhomes Smart City","3,9 tỷ","70,5 m²","55,32 tr/m²",2,2,"Tây Mỗ, Nam Từ Liêm","21.006762073430497, 105.73651123546291"
42342868,05/03/2025,"Chủ gửi bán căn 1PN + thiết kế được 2PN 1WC 43m2 Sola Park giá chỉ 2tỷ5 theo HDMB, view bể bơi đẹp","2,5 tỷ",43 m²,"58,14 tr/m²",1,1,"Tây Mỗ, Nam Từ Liêm","21.009135252858883, 105.7446125459473"
42342864,05/03/2025,Cần bán căn studio DT 32m2 giá 2.1 tỷ khu Sakura - Vinhomes Smart City,"2,1 tỷ",32 m²,"65,62 tr/m²",1,1,"Tây Mỗ, Nam Từ Liêm","21.00522481832676, 105.73891794251975"
42342626,05/03/2025,Chính chủ bán CH 3PN 2WC DT 97m2 tòa Vinaconex7. Giá bán 4.8 tỷ có thương lượng. Để lại nội thất,"4,8 tỷ",97 m²,"49,48 tr/m²",3,2,"Cầu Diễn, Nam Từ Liêm","21.033756912415907, 105.7595495370001"
41581031,05/03/2025,"Chính chủ cần bán căn hộ 3PN 108m tại dự án The Zei Lê Đức Thọ, giá nhỉnh 9 tỷ. LH 0775 190 ***",Giá thỏa thuận,108 m²,N/A,3,2,"Mỹ Đình 2, Nam Từ Liêm","21.0309206186473, 105.769276527711"
42093150,05/03/2025,Chính chủ em cần bán căn góc 182m2 - 4PN nội thất full đồ tại dự á Dolphin Plaza LH 0775 190 ***,12 tỷ,182 m²,"65,93 tr/m²",4,3,"Mỹ Đình 2, Nam Từ Liêm","21.0302396669976, 105.776783685787"
42342746,05/03/2025,"Em cư dân có căn 2PN 2WC, 64m2 giá 3,9 tỷ tại Hateco Xuân Phương, full đồ, sẵn sổ, có slot ô tô","3,9 tỷ",64 m²,"60,94 tr/m²",2,2,"Phương Canh, Nam Từ Liêm","21.034220014957064, 105.74986204988296"
42342501,05/03/2025,"Duy nhất 1 căn hộ 3N2 view đẹp nhất Vinhome smart city, tầng đẹp, hướng mát mẻ đầy đủ nội thất đẹp","5,65 tỷ",81 m²,"69,75 tr/m²",3,2,"Tây Mỗ, Nam Từ Liêm","21.008524302722243, 105.74439972774799"
42341298,05/03/2025,Căn hộ Xuân Phương 65m2 - tầng trung - view đẹp - 2PN chỉ 4.45 tỷ! (HHTL36234),"4,45 tỷ",65 m²,"68,46 tr/m²",2,2,"Xuân Phương, Nam Từ Liêm","21.02863607764379, 105.76417906995687"
42342653,05/03/2025,Duy nhất! Căn 2PN rẻ nhất dự án CT8 full nội thất chỉ việc ở ngay! Click ngay,"5,8 tỷ","81,7 m²","70,99 tr/m²",2,2,"Mỹ Đình 1, Nam Từ Liêm","21.021749997460503, 105.77245385125612"
42341111,05/03/2025,"Chính chủ bán chung cư Vip, A2 Ecolife Capitol, 58 Tố Hữu, Nam Từ Liêm. DT: 75m2 2PN. 5,85 tỷ","5,85 tỷ",75 m²,78 tr/m²,2,2,"Trung Văn, Nam Từ Liêm","20.995096125723762, 105.7897758705403"
42342351,05/03/2025,"Bán CH 2PN tại Hoàng Thành full NT mới tầng đẹp, view thoáng, đẹp giá siêu tốt, lhe Danh 0889 053 ***",Giá thỏa thuận,80 m²,N/A,2,2,"Cầu Diễn, Nam Từ Liêm","21.04061306041054, 105.7612068635492"
42196033,05/03/2025,"Bán CH dự án HH2 Bắc Hà, Dt 100m2, 2N2VS, ban công ĐN mát mẻ, sổ lâu dài. Giá 5,3 tỷ. LH 0866 839 ***","5,8 tỷ",100 m²,58 tr/m²,2,2,"Trung Văn, Nam Từ Liêm","20.99794407175564, 105.79505091404323"
40194420,05/03/2025,"Chính chủ cần tiền bán gấp căn 2PN 2WC Masteri West Heights giá sốc 3,4 tỷ bao toàn bộ thuế phí","3,4 tỷ",54 m²,"62,96 tr/m²",2,2,"Tây Mỗ, Nam Từ Liêm","21.0062065124512, 105.737075805664"
40194685,05/03/2025,"Chính chủ bán căn 2PN + 1 Masteri mới bàn giao giá 3,8 tỷ view đẹp full nội thất","3,8 tỷ",64 m²,"59,38 tr/m²",2,N/A,"Tây Mỗ, Nam Từ Liêm","21.0062065124512, 105.737075805664"
42342273,05/03/2025,"Chính chủ bán nhanh căn 789 Mỹ Đình, 94m2 - 3PN2VS, full nội thất, sẵn sổ, hướng mát. Giá 4.7 tỷ","4,7 tỷ",94 m²,50 tr/m²,3,2,"Mỹ Đình 1, Nam Từ Liêm","21.025406719719868, 105.77134324478595"
42342084,05/03/2025,Chỉ còn duy nhất 1 căn 3N 2VS chủ bán cắt lỗ tại Vinhomes Smart City,"4,7 tỷ",80 m²,"58,75 tr/m²",3,2,"Tây Mỗ, Nam Từ Liêm","21.00912717873055, 105.74392898611751"
41533005,05/03/2025,"Chính chủ bán 3 ngủ An Bình Plaza, Trần Bình, DT 95m2, giá 6,1 tỷ, sẵn sổ full nội thất có slot","6,1 tỷ",95 m²,"64,21 tr/m²",3,2,"Mỹ Đình 2, Nam Từ Liêm","21.0309085845947, 105.777183532715"
39251387,05/03/2025,"Chính chủ bán căn 3ngủ C37 HH2 Bắc Hà, ban công Đông Nam, DT 112m2, giá 6 tỷ đầy đủ nội thất",6 tỷ,112 m²,"53,57 tr/m²",3,2,"Trung Văn, Nam Từ Liêm","20.996829986572266, 105.79383850097656"
42342236,05/03/2025,Chính chủ gửi bán căn 3PN diện tích 80m2 full nội thất đẹp giá 5 tỷ bao thuế phí,5 tỷ,80 m²,"62,5 tr/m²",3,2,"Tây Mỗ, Nam Từ Liêm","21.006425109611783, 105.73582444265733"
42342380,05/03/2025,Chính chủ cần tiền bán gấp căn 2 ngủ 2 wc tốt nhất TT. LH 0977 146 ***,4 tỷ,70 m²,"57,14 tr/m²",2,2,"Mỹ Đình 1, Nam Từ Liêm","21.0222780625996, 105.77180268294"
41753803,05/03/2025,"Em D.Anh cư dân tại An Bình bán nhanh căn hộ 2PN tại dự án giá chỉ nhỉnh 3 tỷ, xem nhà 24/7","3,3 tỷ",55 m²,60 tr/m²,2,1,"Mỹ Đình 2, Nam Từ Liêm","21.030908584594727, 105.77718353271484"
42342117,05/03/2025,"Tôi cần nhượng lại căn hộ studio, rẻ nhất thị trường 2,150 tỷ khu Imperia, tầng trung, DT 30,6m2","2,15 tỷ","30,6 m²","70,26 tr/m²",N/A,N/A,"Tây Mỗ, Nam Từ Liêm","20.999996904372452, 105.73863256674035"
42342272,05/03/2025,Căn 2PN DT 68m2 rẻ nhất phân khu The Canopy - Vinhomes Smart City,"4,42 tỷ",68 m²,65 tr/m²,2,2,"Tây Mỗ, Nam Từ Liêm","21.0009203309092, 105.739056300338"
41271751,05/03/2025,Chính chủ cần tiền bán gấp căn hộ 2PN 1WC 55m2 giá 2.95 tỷ Vinhomes Smart City. LH: 0963 877 ***,"2,95 tỷ",55 m²,"53,64 tr/m²",2,1,"Tây Mỗ, Nam Từ Liêm","21.006146171257438, 105.73623637696059"
42341902,05/03/2025,Tôi chính chủ chuyển chỗ làm nên cần bán gấp căn 2PN + view hồ tòa A. LH 0975 982 ***,"4,65 tỷ","63,72 m²","72,98 tr/m²",2,2,"Tây Mỗ, Nam Từ Liêm","21.00564858743022, 105.73661286935113"
42225800,05/03/2025,Bán căn góc 114.3m2 The Matrix One Mỹ Đình view hồ công viên 14ha chỉ 14.5 tỷ chưa bp 0966 849 ***,"14,5 tỷ","114,3 m²","126,86 tr/m²",3,N/A,"Mễ Trì, Nam Từ Liêm","21.009220575718825, 105.7739840700218"
42342105,05/03/2025,Bán chung cư 2pn The Garden Hills Mỹ Đình tháp A tầng cao 78.4m2 5.35 tỷ sổ chính chủ 0966 849 ***,"5,35 tỷ","78,4 m²","68,24 tr/m²",2,N/A,"Mỹ Đình 2, Nam Từ Liêm","21.030469399340273, 105.77654024701654"
42341820,05/03/2025,"Chính chủ gửi bán căn 3PN diện tích 75m, nhà mới full nội thất, giá 4,2 tỷ có thương lượng","4,2 tỷ",75 m²,56 tr/m²,N/A,N/A,"Tây Mỗ, Nam Từ Liêm","21.006432834975904, 105.73720117685157"
42286350,05/03/2025,"Cam kết giá tốt nhất tại Golden Palace Mễ Trì. 118m2 - 3PN, full đồ, tầng đẹp - Giá 7,3tỷ kết ko ảo","7,3 tỷ",118 m²,"61,86 tr/m²",3,2,"Mễ Trì, Nam Từ Liêm","21.012780395173614, 105.77520189024791"
42143309,05/03/2025,"Chuyển nhượng căn hộ 161.4m2 với giá 10.6 tỷ đồng đầy đủ nội thất đang cho thuê 75,78 triệu/ tháng","10,6 tỷ","161,4 m²","65,68 tr/m²",3,3,"Mỹ Đình 1, Nam Từ Liêm","21.025015717469, 105.771285263357"
42341722,05/03/2025,"Tổng hợp Chung cư C14 Tố Hữu chủ nhà cần bán gấp tháng 3/2025. 2 ngủ 4 tỷ 3, 3 ngủ 5 tỷ5 bp sang sổ","5,5 tỷ",100 m²,55 tr/m²,3,2,"Trung Văn, Nam Từ Liêm","20.991468984370982, 105.78453961039817"
42266313,05/03/2025,"Chính chủ bán gấp CH 2N 88m2 tầng cao, full đồ, tại The Matrix One, chỉ 7tỷ9 ko ảo. LH 094668959","7,9 tỷ",88 m²,"89,77 tr/m²",2,2,"Mễ Trì, Nam Từ Liêm","21.0289486097874, 105.852447225903"
42329548,05/03/2025,"Cần bán căn góc, tầng trung, view hồ 104m2 3PN full đồ tại Mỹ Đình Pearl. Giá 8tỷx bao phí - ko ảo",Giá thỏa thuận,104 m²,N/A,3,2,"Phú Đô, Nam Từ Liêm","21.0122030179885, 105.767202294255"
42274119,05/03/2025,"bán căn hộ 50m2, 2PN,1WC cửa ĐB, ban công TN, tại Mỹ Đình Pearl 2 - Phú Đô, giá 3,x tỷ","3,99 tỷ",50 m²,"79,8 tr/m²",2,1,"Phú Đô, Nam Từ Liêm","21.0124320983887, 105.767395019531"
42303760,05/03/2025,"Hot - Bán gấp An Bình Plaza Trần Bình 87m2 3PN 2VS nguyên bản CĐT, hướng mát nhỉnh 5tỷ 0969 286 ***",5 tỷ,87 m²,"57,47 tr/m²",3,2,"Mỹ Đình 2, Nam Từ Liêm","21.0307631954561, 105.778134320671"
41826154,05/03/2025,Chính chủ bán căn 3PN 80m2 view hồ Masteri mới bàn giao giá 6.5 tỷ view đẹp nhà mới,"6,5 tỷ",80 m²,"81,25 tr/m²",3,2,"Tây Mỗ, Nam Từ Liêm","21.00582045641, 105.736730304118"
42341341,05/03/2025,"Cần bán gấp căn hộ 2PN + 1 căn góc ban công Đông Nam, full nội thất, giá 4,7 tỷ. Lh 0976 912 ***","4,7 tỷ",63 m²,"74,6 tr/m²",2,2,"Tây Mỗ, Nam Từ Liêm","21.006239365006238, 105.73687400875079"
39525266,05/03/2025,"Chính chủ bán căn 2PN + 1 Masteri mới bàn giao giá 4,2 tỷ view đẹp nhà mới","4,2 tỷ",64 m²,"65,62 tr/m²",2,N/A,"Tây Mỗ, Nam Từ Liêm","21.0062065124512, 105.737075805664"
39424248,05/03/2025,Chính chủ cần tiền bán gấp studio Masteri West Heights giá sốc 2.1 tỷ bao toàn bộ thuế phí,"2,1 tỷ",30 m²,70 tr/m²,N/A,N/A,"Tây Mỗ, Nam Từ Liêm","21.0062065124512, 105.737075805664"
42341617,05/03/2025,"Chính chủ cần bán gấp CH 1N1VS + 1, full nội thất, sẵn sổ giá 3,38 tỷ. LH 0975 982 ***","3,38 tỷ","41,9 m²","80,67 tr/m²",1,1,"Tây Mỗ, Nam Từ Liêm","21.006526170842104, 105.73722274884311"
42010547,05/03/2025,Chính chủ bán căn 3PN 80m2 view hồ Masteri mới bàn giao giá 6.5 tỷ view đẹp nhà mới,"6,5 tỷ",80 m²,"81,25 tr/m²",3,2,"Tây Mỗ, Nam Từ Liêm","21.006348370574358, 105.73706282505077"
40114931,05/03/2025,Chính chủ bán căn 1PN + 1 Masteri mới bàn giao giá 3 tỷ view đẹp nhà mới,3 tỷ,"42,2 m²","71,09 tr/m²",1,N/A,"Tây Mỗ, Nam Từ Liêm","21.0062065124512, 105.737075805664"
40114875,05/03/2025,Chính chủ bán căn 2PN + 1 Masteri mới bàn giao giá 4.3 tỷ view đẹp nhà mới,"4,3 tỷ",64 m²,"67,19 tr/m²",2,N/A,"Tây Mỗ, Nam Từ Liêm","21.0062065124512, 105.737075805664"
42341557,05/03/2025,Căn Hộ 2 Ngủ 2wc Chung Cư Cao Cấp Mỹ Đình Plaza Trần Bình -DT 75m.Giá Hơn 5 Tỷ,5 tỷ,75 m²,"66,67 tr/m²",2,2,"Mỹ Đình 2, Nam Từ Liêm","21.031030746430964, 105.77515845796862"
40194458,05/03/2025,"Chính chủ bán căn 3PN Masteri mới bàn giao giá 5,2 tỷ view đẹp nhà mới","5,2 tỷ","74,9 m²","69,43 tr/m²",3,N/A,"Tây Mỗ, Nam Từ Liêm","21.0062065124512, 105.737075805664"
40114810,05/03/2025,Chính chủ cần tiền bán gấp studio 28m2 Masteri West Heights giá sốc 2 tỷ bao phí,2 tỷ,28 m²,"71,43 tr/m²",N/A,N/A,"Tây Mỗ, Nam Từ Liêm","21.0062065124512, 105.737075805664"
36432913,05/03/2025,"E Đức chuyên bán CC Golden Field đang có 8 căn chính chủ 2PN giá rẻ nhất thị trường từ 4,4 tỷ ạ","4,2 tỷ",65 m²,"64,61 tr/m²",2,2,"Cầu Diễn, Nam Từ Liêm","21.0351047515869, 105.76554107666"
41217832,05/03/2025,"Cần bán gấp căn hộ 92m2 chung cư The Zei Mỹ Đình. Giá 7,3 tỷ ( ko báo ảo)","7,3 tỷ",92 m²,"79,35 tr/m²",3,2,"Mỹ Đình 2, Nam Từ Liêm","21.03445816040039, 105.7696533203125"
42340711,05/03/2025,"Bán CH 135m2, căn góc, có slot oto, giá cực 64 triệu/m2 ở CT3 CLand Lê Đức Thọ, Nam Từ Liêm, Hà Nội","8,64 tỷ",135 m²,64 tr/m²,3,2,"Mỹ Đình 2, Nam Từ Liêm","21.030342158463295, 105.76894150971056"
42341384,05/03/2025,"Rẻ nhất trung tâm Mỹ Đình - chỉ 4,35 tỷ ac sở hữu ngay căn hộ vuông vắn 2pn2vs 86,5m2 ĐCT 10tr/thág","4,35 tỷ","86,5 m²","50,29 tr/m²",2,2,"Cầu Diễn, Nam Từ Liêm","21.03422144598742, 105.75893399779959"
40431355,05/03/2025,Chính thức nhận booking The Matrix One giai đoạn 2 (Matrix Premium),Giá thỏa thuận,85 m²,N/A,2,2,"Mễ Trì, Nam Từ Liêm","21.0093860626221, 105.773872375488"
42341369,05/03/2025,"Chính chủ gửi bán căn hộ 3 phòng ngủ tại HH2 Bắc Hà 133m2 full đồ, ban công Đông Nam, sổ đỏ","6,6 tỷ",133 m²,"49,62 tr/m²",3,2,"Trung Văn, Nam Từ Liêm","20.997313605522972, 105.79540457853909"
42341328,05/03/2025,Cần tiền bán gấp căn 2PN 60.3m2 Masteri West Heights giá sốc 4.4 tỷ,"4,4 tỷ","60,3 m²","72,97 tr/m²",2,2,"Tây Mỗ, Nam Từ Liêm","21.006414927465336, 105.73654865386455"
42341524,05/03/2025,"Hoàng 3333 giá thật. Bán CC Roman Plaza, Tố Hữu 69,3m2. 2N - 2WC, ban công Đông Bắc mát mẻ, SĐ sẵn","5,1 tỷ","69,3 m²","73,59 tr/m²",2,2,"Đại Mỗ, Nam Từ Liêm","20.98407252991574, 105.77698549696657"
42341212,05/03/2025,"Chính chủ cần bán căn 3PN 2WC khu cao cấp Masteri tầng trung hướng mát giá 5,9 tỷ thương lượng","5,9 tỷ",73 m²,"80,82 tr/m²",N/A,N/A,"Tây Mỗ, Nam Từ Liêm","21.00630498784907, 105.73676807329618"
41183908,05/03/2025,"Bán căn 4 p.ngủ 200m hướng mát, full NT cao cấp, 2 slot ôtô tại Dolphin Plaza Nguyễn Hoàng 12 tỷ",15 tỷ,267 m²,"56,18 tr/m²",4,3,"Mỹ Đình 2, Nam Từ Liêm","21.0309626590896, 105.776547939145"
41130414,05/03/2025,"Hàng hiếm The Garden Hill 89m2 3PN2WC giá cực tốt: 5,9 tỷ, hàng thật, giá thật, không báo ảo ạ","5,9 tỷ",89 m²,"66,29 tr/m²",3,2,"Mỹ Đình 2, Nam Từ Liêm","21.0304050445557, 105.777030944824"
38798528,05/03/2025,"Cần bán căn hộ An Bình Plaza 3N 2VS 83m2, 4.8 tỷ full nội thất đẹp về chỉ việc ở. LH: 0853 368 ***","5,6 tỷ",83 m²,"67,47 tr/m²",3,2,"Mỹ Đình 2, Nam Từ Liêm","21.0309085845947, 105.777183532715"
42179666,05/03/2025,"Do chuyển đổi công việc, em cần bán lại căn 1103 chung cư C5 mặt đường Nguyễn Cơ Thạch, Mỹ Đình 1",Giá thỏa thuận,80 m²,N/A,3,2,"Cầu Diễn, Nam Từ Liêm","21.034921235576945, 105.76425465857976"
42179700,05/03/2025,"Chính chủ cần bán gấp căn 1405 toà T01 chung cư C37 Bắc Hà, mặt đường Tố Hữu, Nam Từ Liêm, Hà Nội",Giá thỏa thuận,120 m²,N/A,4,2,"Trung Văn, Nam Từ Liêm","20.99680203724097, 105.79383971493948"
42104810,05/03/2025,"Chính chủ gửi bán nhanh căn 2003 toà HH2 Bắc Hà, Tố Hữu, Lê Văn Lương, Hà Nội",Giá thỏa thuận,135 m²,N/A,3,2,"Trung Văn, Nam Từ Liêm","20.997852704511835, 105.79563066993954"
42341112,05/03/2025,"Chỉ 3,280 tỷ sở hữu ngay căn hộ 48m2 thiết kế 1PN + 1, đầy đủ nội thất tại tòa SA3 Smart City","3,28 tỷ",47 m²,"69,79 tr/m²",2,N/A,"Tây Mỗ, Nam Từ Liêm","21.005227548454894, 105.73908855405959"
41641941,05/03/2025,"Chính chủ bán A1.2209 Lumiere Evergreen, 1PN, 43m2, thanh toán tiến độ, giá 4,050 tỷ bao phí","4,05 tỷ",43 m²,"94,19 tr/m²",1,1,"Tây Mỗ, Nam Từ Liêm","21.0062160491943, 105.736473083496"
41282710,05/03/2025,Hàng hiếm - Bán căn 2PN tại chung cư Mỹ Đình Plaza 2 Nguyễn Hoàng,"4,8 tỷ",70 m²,"68,57 tr/m²",2,2,"Mỹ Đình 2, Nam Từ Liêm","21.0310840606689, 105.774566650391"
26780748,05/03/2025,"Chính chủ bán căn 4PN DT 198m2 chung cư Dolphin Plaza 28 Trần Bình, 10.5 tỷ - LH 0932 392 ***","10,5 tỷ",198 m²,"53,03 tr/m²",4,3,"Mỹ Đình 2, Nam Từ Liêm","21.030044555664063, 105.77662658691406"
41232503,05/03/2025,"Chính chủ bán CH (2N-2VS). Dt: 75m2 giá 5.5 tỷ.Đc: Dreamland Bonanza - 23 Duy Tân, Cầu Giấy. Sẵn sổ","5,5 tỷ",75 m²,"73,33 tr/m²",2,2,"Mỹ Đình 2, Nam Từ Liêm","21.03061, 105.78103"
39768583,05/03/2025,"Chính chủ bán CH 100m2 (3N 2VS) Giá 7 tỷ. ĐC: Dreamland Bonanza - 23 Duy Tân, Cầu Giấy. Sẵn sổ đỏ",7 tỷ,100 m²,70 tr/m²,3,2,"Mỹ Đình 2, Nam Từ Liêm","21.0306091308594, 105.781028747559"
42341039,05/03/2025,"Cần bán 3PN Keangnam, 160m2 đang cho thuê 60tr, full nội thất, đã có sổ, view thành phố nhỉnh 12 tỷ",Giá thỏa thuận,160 m²,N/A,3,2,"Mễ Trì, Nam Từ Liêm","21.0168495178223, 105.783973693848"
42210888,05/03/2025,(Giá thật) chính chủ cần bán căn hộ 88m2 2PN + 2WC tầng cao view thoáng giá 9 tỷ CC The Matrix One,9 tỷ,88 m²,"102,27 tr/m²",2,2,"Mễ Trì, Nam Từ Liêm","21.00951528332484, 105.77453513838958"
42341267,05/03/2025,Chung cư Trần Bình - 60m2 2 ngủ - tiện ích siêu rẻ - full nội thất giá 3.7 tỷ (HHTL36233),"3,7 tỷ",60 m²,"61,67 tr/m²",2,2,"Mỹ Đình 2, Nam Từ Liêm","21.03074700617745, 105.77749910019575"
41637185,05/03/2025,Bán gấp căn hộ Florence Trần Hữu Dực DT 77.6m 3PN 2 WC sẵn sổ giá thật bao phí 5.6 tỷ. LH0964 460 ***,"5,65 tỷ","77,6 m²","72,81 tr/m²",3,2,"Cầu Diễn, Nam Từ Liêm","21.0307312011719, 105.761329650879"
42169194,05/03/2025,"Gia Đình Bán CH-78m2 -2pn-2wc full nội thất Ban công Đông Nam,Florence Mỹ Đình, giá 5,3 tỷ","5,3 tỷ",78 m²,"67,95 tr/m²",2,2,"Cầu Diễn, Nam Từ Liêm","21.030700999363106, 105.76078044932345"
42220347,05/03/2025,"Ngân hàng cần bán căn hộ 2PN 92m2 tầng 25, hướng ĐN, Vinhomes West Point, tòa W1",Giá thỏa thuận,92 m²,N/A,2,2,"Mễ Trì, Nam Từ Liêm","21.0115421783771, 105.786098490211"
33123932,05/03/2025,"Chính chủ - bán chung cư T1 Thiên Hiền - gần Đình Thôn - Phạm Hùng, sổ hồng vĩnh viễn - ở ngay",800 triệu,36 m²,"22,22 tr/m²",1,1,"Mỹ Đình 1, Nam Từ Liêm","21.0224020569685, 105.776341562856"
42152118,05/03/2025,"Chính chủ bán gấp CH - 80m2 - 2PN - 2WC full nội thất, view thoáng. Mỹ Đình Plaza 2, giá 4,8 tỷ","4,8 tỷ",80 m²,60 tr/m²,2,2,"Mỹ Đình 2, Nam Từ Liêm","21.030551783360504, 105.77429332165312"
42224211,05/03/2025,"Bán CH Hateco Apollo, 3,8 tỷ, 66m2 ở Nam Từ Liêm, Hà Nội giá ưu đã ở Nam Từ Liêm, Hà Nội giá ưu đãi","3,8 tỷ",66 m²,"57,58 tr/m²",2,1,"Phương Canh, Nam Từ Liêm","21.035016205726855, 105.7493885321764"
42341113,05/03/2025,"Giá rẻ nhất cần bán gấp CHCC góc Tòa CT2B Mỹ Đình II Lê Đức Thọ, Mỹ Đình 120m2 3PN LH: 0906 241 ***",6 tỷ,120 m²,50 tr/m²,3,2,"Mỹ Đình 2, Nam Từ Liêm","21.03102663413489, 105.76775644373444"
42233794,05/03/2025,"Bán gấp - chung cư A1 Phạm Hùng - Hồ Tùng Mậu - bến xe Mỹ Đình - Nam Từ Liêm, sổ hồng vĩnh viễn",1 tỷ,50 m²,20 tr/m²,2,2,"Mỹ Đình 1, Nam Từ Liêm","21.02079030802, 105.779977119366"
42316967,05/03/2025,"Bán căn hộ chung cư FLC Complex 36 Phạm Hùng, 8,9 tỷ, 131m2 hướng mát. LH: 0971 864 ***","8,9 tỷ",131 m²,"67,94 tr/m²",3,2,"Mỹ Đình 2, Nam Từ Liêm","21.028184993759538, 105.77919003948136"
42317168,05/03/2025,"Chính chủ gửi bán căn hộ VIP nhất dự án Dolphin Plaza 11,8 tỷ, 198m2, 4PN, 3WC, full nội thất","11,8 tỷ",198 m²,"59,6 tr/m²",4,3,"Mỹ Đình 2, Nam Từ Liêm","21.030253814965143, 105.77678393530094"
42340958,05/03/2025,"Chính chủ cần chuyển đổi căn rộng hơn nên bán gấp căn 2PN1VS giá 3,62 tỷ full nội thất mơi cao cấp","3,62 tỷ","55,2 m²","65,58 tr/m²",2,1,"Tây Mỗ, Nam Từ Liêm","20.99942610262468, 105.73775770654456"
42340734,05/03/2025,"Chính chủ bán 2 căn hộ 3PN view đẹp, 84m2, tại Lumi Hanoi, Tây Mỗ, Nam Từ Liêm, HN","6,1 tỷ",84 m²,"72,62 tr/m²",3,N/A,"Tây Mỗ, Nam Từ Liêm","21.011045370246297, 105.73549399682294"
41712159,05/03/2025,"Bán căn hộ 86m2 CC Xuân Phương Quốc Hội có thể sửa thành 3PN full NT giá 4,35 tỷ. LH 0916 820 ***","4,35 tỷ","86,3 m²","50,41 tr/m²",2,2,"Xuân Phương, Nam Từ Liêm","21.031505584716797, 105.75537872314453"
42185502,05/03/2025,"Tôi chính chủ bán căn hộ 3 ngủ 140m2 FLC 36 Phạm Hùng, full nội thất nhà mới đẹp, BC ĐN, giá 8 tỷ",8 tỷ,140 m²,"57,14 tr/m²",3,2,"Mỹ Đình 2, Nam Từ Liêm","21.0281849180204, 105.779133332107"
40206927,05/03/2025,"Chính chủ cần bán căn 2PN tại C14 Bắc Hà, Tố Hữu, quận Nam Từ Liêm giá 4.5 tỷ, sẵn sổ, có nội thất","4,5 tỷ",70 m²,"64,29 tr/m²",2,2,"Trung Văn, Nam Từ Liêm","20.9908123016357, 105.783912658691"
42340802,05/03/2025,"Chung cư cao cấp The Matrix One 2, 85.2m2, Mễ Trì, Nam Từ Liêm, Hà Nội",Giá thỏa thuận,"85,2 m²",N/A,2,1,"Mễ Trì, Nam Từ Liêm","21.00925546428941, 105.77389193412205"
42111258,05/03/2025,"Cần bán gấp CC studio view thành phố, ban công Đông Nam Canopy DT 26 m2, giá 2.020 tỷ 0945 468 ***","2,02 tỷ",29 m²,"69,66 tr/m²",1,1,"Tây Mỗ, Nam Từ Liêm","21.0005105078898, 105.739356826917"
42207085,05/03/2025,"Cần bán gấp căn hộ ~55m2 tòa I5 2PN, 1WC full nội thất 0945 468 ***","3,75 tỷ","54,7 m²","68,56 tr/m²",2,1,"Tây Mỗ, Nam Từ Liêm","20.9993391220842, 105.738025029894"
40908967,05/03/2025,"Cần bán nhanh căn 2N 2VS Masteri WH, DT 62m, tòa B view nội khu, giá 4.6 tỷ. (thiết kế bếp chữ U","4,6 tỷ",62 m²,"74,19 tr/m²",2,2,"Tây Mỗ, Nam Từ Liêm","21.006206512451172, 105.73707580566406"
42276538,05/03/2025,"Gia đình bán căn 3 ngủ tại Ecolife Capitol tòa A1 111m2, full nội thất, ban công Tây Nam, sổ đỏ","6,9 tỷ",111 m²,"62,16 tr/m²",3,2,"Trung Văn, Nam Từ Liêm","20.9945335388184, 105.789390563965"
42173166,05/03/2025,"Gia đình bán căn 3 ngủ 152m2 tại tháp 4 Dolphin Plaza, full đồ ban công Tây Bắc, sổ đỏ","8,4 tỷ",152 m²,"55,26 tr/m²",3,2,"Mỹ Đình 2, Nam Từ Liêm","21.0300445556641, 105.776626586914"
37068457,05/03/2025,"Thọ Dream. Bán chung cư Dream Town Coma6 đang là chung cư có giá rẻ nhất, 2PN,3PN giá 4,2 tỉ","4,2 tỷ",98 m²,"42,86 tr/m²",3,2,"Tây Mỗ, Nam Từ Liêm","21.0165538787842, 105.746284484863"
40633884,05/03/2025,Chính chủ bán gấp căn studio 2 tỷ 05 chung cư Masteri West Height Vin Smart City,"2,05 tỷ","30,3 m²","67,66 tr/m²",1,1,"Tây Mỗ, Nam Từ Liêm","21.0059071276347, 105.73634761970457"
42340649,05/03/2025,Căn hộ hiện đại cực mới khu vực Nam Từ Liêm giá chưa tới 5 tỷ đồng,"4,75 tỷ",70 m²,"67,86 tr/m²",2,2,"Trung Văn, Nam Từ Liêm","20.990457226949, 105.783079228562"
41550549,05/03/2025,"Quỹ bán 2PN CC CT8 The Emerald liên hệ 0936 833 *** (call, zalo)","6,26 tỷ",76 m²,"82,37 tr/m²",2,2,"Mỹ Đình 1, Nam Từ Liêm","21.02216148376465, 105.77179718017578"
39024356,05/03/2025,"(Siêu phẩm) GĐ tôi bán nhanh 789 Mỹ Đình 94m2 3pn 2vs. Full nt đẹp, hướng mát giá cực tốt 5 tỷ BTP",5 tỷ,94 m²,"53,19 tr/m²",N/A,N/A,"Mỹ Đình 1, Nam Từ Liêm","21.0249671936035, 105.77131652832"
42285661,05/03/2025,"Bán 2N góc Canopy Đông Nam -2 tầng hầm để xe giá tốt nhất thị trường 4,550tỷ","4,55 tỷ","61,5 m²","73,98 tr/m²",2,2,"Tây Mỗ, Nam Từ Liêm","21.00101529521484, 105.73922535695709"
42274847,05/03/2025,"Chính chủ bán gấp căn hộ Vinhomes West Point 3PN góc 93m tòa W2 giá 8,15 tỷ tầng 2x view Keangnam","8,2 tỷ",95 m²,"86,32 tr/m²",3,2,"Mễ Trì, Nam Từ Liêm","21.012022082930876, 105.78646162994204"
42161541,05/03/2025,"Bán căn hộ chính chủ 2PN, 3PN chung cư Hoàng Thành Pearl - giá tốt, hỗ trợ A - Z, LH 0968 276 ***","7,1 tỷ",107 m²,"66,36 tr/m²",3,2,"Cầu Diễn, Nam Từ Liêm","21.039409342955466, 105.76140433740743"
42098496,05/03/2025,Tôi chính chủ cần bán gấp CHCC Golden Palace Mễ Trì 2PN và 3PN gía ưu đãi cực tốt,"7,08 tỷ",118 m²,60 tr/m²,3,2,"Mễ Trì, Nam Từ Liêm","21.011757074313905, 105.77477707182562"
42340464,05/03/2025,Chính chủ bán căn studio 30.3m2 tầng 23 tòa A Masteri Vinhomes Smart City Tây Mỗ full. Giá: 1.950tỷ,"1,95 tỷ","30,3 m²","64,36 tr/m²",N/A,N/A,"Tây Mỗ, Nam Từ Liêm","21.0061871841282, 105.736173010853"
41733911,05/03/2025,Mở bán chung cư mini Mễ Trì Hạ 1 - 2 phòng ngủ chiết khấu cao khách mua sớm chỉ từ 1 tỷ/căn miễn TG,"1,45 tỷ",48 m²,"30,21 tr/m²",2,1,"Mễ Trì, Nam Từ Liêm","21.013724623259, 105.78108376596"
41253525,05/03/2025,Tôi chính chủ cần bán cắt lỗ căn 1pn + 1 43m2 giá chỉ 2.7 tỷ tại Vinhomes Smart City Tây Mỗ,"2,7 tỷ",43 m²,"62,79 tr/m²",2,1,"Tây Mỗ, Nam Từ Liêm","21.0062160491943, 105.736473083496"
41998474,05/03/2025,Bán gấp - chung cư E1 Hồ Tùng Mậu - gần Phạm Hùng - Bến xe Mỹ Đình - full nội thất,800 triệu,35 m²,"22,86 tr/m²",N/A,N/A,"Mễ Trì, Nam Từ Liêm","21.0385843295301, 105.770972816977"
41820240,05/03/2025,Bán gấp - Chung cư A1 Phạm Hùng - Bến xe Mỹ Đình - Nam Từ Liêm - full nội thất,1 tỷ,48 m²,"20,83 tr/m²",N/A,N/A,"Mễ Trì, Nam Từ Liêm","21.0177754095986, 105.7807387927"
37419619,05/03/2025,"(Mới) bán gấp căn hộ 3 ngủ 83m2 tại chung cư An Bình Plaza, giá: 5 tỷ liên hệ: 0942 281 *** em Huy",5 tỷ,83 m²,"60,24 tr/m²",3,2,"Mỹ Đình 2, Nam Từ Liêm","21.0309085845947, 105.777183532715"
41839557,05/03/2025,(Hiếm) Chính chủ bán gấp căn hộ 2 ngủ 54m2 tại chung cư Mon City: 4.tỉ liên hệ 0942 281 *** e Huy,4 tỷ,54 m²,"74,07 tr/m²",2,1,"Mỹ Đình 2, Nam Từ Liêm","21.035289693631057, 105.7678209504831"
37740299,05/03/2025,"Cần bán nhanh CH 156m2 2+1PN đồ cơ bản,có slot otô tại Dolphin Plaza Mỹ Đình nhỉnh 8tỷ 0932 526 ***",8 tỷ,156 m²,"51,28 tr/m²",3,2,"Mỹ Đình 2, Nam Từ Liêm","21.030044555664062, 105.77662658691406"
38107912,05/03/2025,"(MỚI NHẤT) Bán gấp căn hộ 124m2 tại The Emerald CT8 Mỹ Đình, giá: 8.5 tỷ liên hệ: 0942 281 *** em Huy","8,5 tỷ",132 m²,"64,39 tr/m²",4,3,"Mỹ Đình 1, Nam Từ Liêm","21.0221614837646, 105.771797180176"
36457496,05/03/2025,"Chính chủ cần bán gấp chung cư Golden Palace, 3PN, 118m2, giá: 60tr/m2, LH: 0976 647 ***","7,08 tỷ",118 m²,60 tr/m²,3,2,"Mễ Trì, Nam Từ Liêm","21.0119361877441, 105.774993896484"
34122280,05/03/2025,The Matrix One - quỹ căn hộ 2 phòng ngủ 2 WC - giá tốt nhất dự án - nhận nhà ở ngay,"7,5 tỷ",87 m²,"86,21 tr/m²",2,2,"Mễ Trì, Nam Từ Liêm","21.0093860626221, 105.773872375488"
42340267,05/03/2025,Chính chủ bán căn 1 + 43m2 tầng 3621 tòa SA3 Vinhomes Smart City Tây Mỗ full. Giá: 2.7 tỷ,"2,7 tỷ","42,8 m²","63,08 tr/m²",N/A,N/A,"Tây Mỗ, Nam Từ Liêm","21.0047419486807, 105.738689513995"
42339980,05/03/2025,Bán căn 3PN - 85m2 - Nhà C1 tập thể trường ĐH Kiến Trúc - full nội thất long lanh - nhỉnh 2 tỷ,"2,9 tỷ",85 m²,"34,12 tr/m²",3,2,"Trung Văn, Nam Từ Liêm","20.9877743890902, 105.800552301095"
42252881,05/03/2025,"Cắt lỗ sâu! Bán gấp căn 2 ngủ Vinaconex 7 Nhà đẹp, full nội thất, chỉ cần xách vali vào ở!","4,8 tỷ",88 m²,"54,54 tr/m²",2,2,"Cầu Diễn, Nam Từ Liêm","21.033925297744116, 105.75932308932846"
41625064,05/03/2025,"G3.1615 căn 1N + 1 Sola Park sở hữu nhà Vin Smart City đóng tiến độ tới 2027, giá thu nét 3,100 tỉ","3,1 tỷ",43 m²,"72,09 tr/m²",2,1,"Tây Mỗ, Nam Từ Liêm","21.0088520050049, 105.743919372559"
42321034,05/03/2025,(Tin thật 100%) căn hộ 119m2 x 3PN có slot ô tô tại Golden Palace - Ban công Đông Nam - Giá cực mềm,"8,05 tỷ",119 m²,"67,65 tr/m²",3,2,"Mễ Trì, Nam Từ Liêm","21.01203221481487, 105.77584835433662"
40997572,05/03/2025,"Chính chủ cần bán căn số 03 tòa G1, 69m2, 2PN - 2WC, (62.4m2 TT), giá cắt lỗ 300tr Green Bay","4,8 tỷ",69 m²,"69,56 tr/m²",2,2,"Mễ Trì, Nam Từ Liêm","20.9989585876465, 105.788032531738"
42339241,05/03/2025,Tổng hợp quỹ căn studio Canopy giá siêu tốt tại Vin Smart. 0961 522 ***,"2,25 tỷ",32 m²,"70,31 tr/m²",1,1,"Tây Mỗ, Nam Từ Liêm","21.000835025363866, 105.73930455630799"
36384896,05/03/2025,Bán Penthouse Iris Garden - Mỹ Đình 185m2 thiết kế Duplex (24-25) Sổ hồng lâu dài Call 0987 106 ***,Giá thỏa thuận,185 m²,N/A,4,3,"Cầu Diễn, Nam Từ Liêm","21.0311622619629, 105.760414123535"
42339757,05/03/2025,"Bán CH chung cư An Bình Plaza 97 Trần Bình DT 57m2,2PN,1vs,giá 3,7 tỷ","3,7 tỷ",57 m²,"64,91 tr/m²",2,1,"Mỹ Đình 2, Nam Từ Liêm","21.031241937647494, 105.77728721077776"
41944684,05/03/2025,Chính chủ cần bán căn hộ 2PN - 59m2 - 3.2 tỷ toà S KĐT Vinhomes Smart City,"3,2 tỷ",59 m²,"54,24 tr/m²",2,1,"Tây Mỗ, Nam Từ Liêm","21.0055310741901, 105.7367430692485"
42113140,05/03/2025,Chính chủ bán cắt lỗ căn hộ 2PN - 64m2 - 3.65 tỷ toà S Vinhomes Smart City,"3,65 tỷ",64 m²,"57,03 tr/m²",2,2,"Tây Mỗ, Nam Từ Liêm","21.006965693756015, 105.73611106438594"
41836620,05/03/2025,"Chuyển nhượng gấp căn góc 2N + 1 - 60m2 - 3,65 tỷ phân khu cao cấp Imperia","3,65 tỷ",60 m²,"60,83 tr/m²",3,2,"Tây Mỗ, Nam Từ Liêm","20.999505204867642, 105.73843666152285"
41908451,05/03/2025,"Bán cắt lỗ căn studio - 28m2 - Imperia Smart City chỉ 1,89 tỷ. LH: 0981 516 ***","1,89 tỷ",28 m²,"67,5 tr/m²",1,1,"Tây Mỗ, Nam Từ Liêm","20.999474189752032, 105.73831676792706"
42322182,05/03/2025,"Bán căn hộ Hoàng Thành Pearl 03PN,114m2, NT cơ bản. Giao dịch chính chủ. Cam kết giá chuẩn.","7,9 tỷ",114 m²,"69,3 tr/m²",3,2,"Cầu Diễn, Nam Từ Liêm","21.04083266933088, 105.76130906639291"
42285881,05/03/2025,"Cần bán căn hộ Hoàng Thành Pearl. 80m2,02PN, NT cơ bản, 6.25 tỷ. Không báo giá chênh, giá ảo","6,25 tỷ",80 m²,"78,12 tr/m²",2,2,"Cầu Diễn, Nam Từ Liêm","21.039355529979094, 105.76104589252634"
42312300,05/03/2025,"Bán căn hộ chung cư cao cấp The Zei - 2PN - 92m2 - tòa B - NT cơ bản - không báo giá chênh, giá ảo","7,6 tỷ",92 m²,"82,61 tr/m²",2,2,"Mỹ Đình 2, Nam Từ Liêm","21.0339456864639, 105.770170897586"
42274884,05/03/2025,"(Chính chủ,giá rẻ) bán gấp căn hộ 120m2 3N, Golden Palace Mễ Trì,full nội thất, sẵn sổ, có slot oto","7,4 tỷ",120 m²,"61,67 tr/m²",3,2,"Mễ Trì, Nam Từ Liêm","21.01188155554006, 105.77548797441774"
42312776,05/03/2025,Em cần bán căn hộ Iris Garden 2PN - 67m2 - tầng trung - BC Nam - View SVĐ - full - Sổ sẵn - 4.6 tỷ,"4,6 tỷ",67 m²,"68,66 tr/m²",2,2,"Cầu Diễn, Nam Từ Liêm","21.0313399268186, 105.760091226855"
42301305,05/03/2025,"Bán căn hộ CC Iris Garden, 3PN 135m2 tòa CT1B, căn góc full đồ cam kết: Không báo giá chênh, giá ảo",8 tỷ,135 m²,"59,26 tr/m²",3,2,"Cầu Diễn, Nam Từ Liêm","21.03068431934827, 105.76010037817097"
42279346,05/03/2025,"Bán chung cư Mỹ Đình giá rẻ, B6 Nguyễn Cơ Thạch,120m2,3PN,Full đồ đẹp xịn. Giao dịch chính chủ","6,7 tỷ",120 m²,"55,83 tr/m²",3,2,"Cầu Diễn, Nam Từ Liêm","21.03490252900033, 105.76441496240487"
40262811,05/03/2025,"Chính chủ cần bán căn 1PN + 47m2 toà B, full nội thất. Giá 2,7 tỷ bao toàn bộ thuế phí","2,7 tỷ",47 m²,"57,45 tr/m²",1,1,"Tây Mỗ, Nam Từ Liêm","21.0062065124512, 105.737075805664"
38496646,05/03/2025,"Bố mẹ tôi cần bán căn hộ FLC 36 Phạm Hùng 70m2 2N, tầng trung, full nội thất, sẵn sổ, ban công ĐB","4,9 tỷ",70 m²,70 tr/m²,2,2,"Mỹ Đình 2, Nam Từ Liêm","21.028190612793, 105.779197692871"
26567622,05/03/2025,"Bán căn hộ chung cư Vinhomes West Point căn Duplex thông 2 tầng, 224m2 full nội thất giá 19,5 tỷ BP","19,5 tỷ",224 m²,"87,05 tr/m²",4,N/A,"Mễ Trì, Nam Từ Liêm","21.0118827819824, 105.786445617676"
42111409,05/03/2025,Bán căn 3 phòng ngủ tòa Báo nhân dân 96m2 giá 5 tỷ,5 tỷ,96 m²,"52,08 tr/m²",3,2,"Phương Canh, Nam Từ Liêm","21.032618311968768, 105.75470004488926"
41981096,05/03/2025,Chính chủ cần bán căn hộ 2 ngủ 59m2 chung cư NTHome Phố Nhổn LH: 0904 250 ***,"3,5 tỷ",59 m²,"59,32 tr/m²",2,2,"Phương Canh, Nam Từ Liêm","21.052902684205776, 105.73348995912461"
41971203,05/03/2025,"Hàng hiếm! Chính chủ cần bán căn 90m2, 3PN toà 789 Bộ Quốc Phòng Mỹ Đình giá 5 tỷ. LH 0968 989 ***",5 tỷ,90 m²,"55,56 tr/m²",3,2,"Mỹ Đình 1, Nam Từ Liêm","21.02542343719186, 105.77111348081152"
41796086,05/03/2025,"Bán căn hộ B2 Hàm Nghi Mỹ Đình, căn 3PN full đồ mới đẹp, giá nhỉnh 4 tỷ lh: 0396 823 ***","4,65 tỷ",80 m²,"58,12 tr/m²",3,2,"Cầu Diễn, Nam Từ Liêm","21.034996955913382, 105.76514399126064"
40225745,05/03/2025,Chính chủ cần tiền bán gấp căn 3PN 73m2 Masteri West Heights giá sốc 4.9 tỷ bao toàn bộ thuế phí,"4,9 tỷ",73 m²,"67,12 tr/m²",3,N/A,"Tây Mỗ, Nam Từ Liêm","21.006206512451172, 105.73707580566406"
40217367,05/03/2025,"Chính chủ cần bán căn 1PN + DT 47m2 tòa D, full nội thất. Giá 2.7 tỷ tốt nhất thị trường","2,7 tỷ",47 m²,"57,45 tr/m²",1,N/A,"Tây Mỗ, Nam Từ Liêm","21.0062065124512, 105.737075805664"
40224237,05/03/2025,Chính chủ cần tiền bán gấp căn 2PN+64m2 Masteri West Heights giá sốc 3.850tỷ bao toàn bộ thuế phí,"3,85 tỷ",64 m²,"60,16 tr/m²",2,N/A,"Tây Mỗ, Nam Từ Liêm","21.0062065124512, 105.737075805664"
39417344,05/03/2025,"Quỹ căn 160m2 126m2 118m2 107m2 3n2wc full hướng mát tầng đẹp ở Keangnam giá 8,3 tỉ LH 0961 899 ***","8,3 tỷ",107 m²,"77,57 tr/m²",3,2,"Mễ Trì, Nam Từ Liêm","21.0168495178223, 105.783973693848"
42004046,05/03/2025,CC bán CHCC Vinhomes SkyLake: 50.97m2 BC ĐN view hướng về Keangnam. Giá 4.8 tỷ. LHTT: 0936 031 ***,"4,8 tỷ","44,9 m²","106,9 tr/m²",1,1,"Mỹ Đình 1, Nam Từ Liêm","21.019465114194457, 105.78053455473993"
40194506,05/03/2025,Chính chủ bán căn I1 2PN 54.7m2 Imperia Vinhomes Smart City. Giá 3.2 tỷ view hồ điều hòa,"3,2 tỷ","54,7 m²","58,5 tr/m²",2,N/A,"Tây Mỗ, Nam Từ Liêm","20.9992771148682, 105.73811340332"
41271879,05/03/2025,"Chính chủ bán CH CT1 Vinaconex 3 Trung Văn, DT 79m2 - 2PN - 3,9 tỷ full NT: 0971 350 ***","3,9 tỷ",79 m²,"49,37 tr/m²",2,2,"Trung Văn, Nam Từ Liêm","20.994504856586552, 105.7784216576588"
42279479,05/03/2025,"Bán CC 3PN giá siêu hời, 5 tỷ, 106m2 tại Đường 70, Xuân Phương, Nam Từ Liêm, Hà Nội",5 tỷ,106 m²,"47,17 tr/m²",3,2,"Xuân Phương, Nam Từ Liêm","21.025421345596843, 105.7401600706018"
42339038,05/03/2025,Bán chung cư rộng 145m2 - có khoảng sân vườn rộng gần 40m2,5 tỷ,145 m²,"34,48 tr/m²",3,2,"Đại Mỗ, Nam Từ Liêm","20.985568536610607, 105.76839424924046"
41387781,05/03/2025,Chính chủ bán căn 2N2VS view bể bơi tòa GS.05 giá đầu tư siêu mềm - Vinhomes Smart City,"4,25 tỷ",63 m²,"67,46 tr/m²",2,2,"Tây Mỗ, Nam Từ Liêm","21.0065746307373, 105.745048522949"
42337605,05/03/2025,"Bán căn hộ chung cư Xuân Phương Residence, giá siêu hời 3,6 tỷ, 62m2, 2PN, 1WC","3,6 tỷ",62 m²,"58,06 tr/m²",2,1,"Phương Canh, Nam Từ Liêm","21.032730016776252, 105.75355783926001"
41523979,05/03/2025,"Giá rẻ bất ngờ 3,55 tỉ , căn hộ 2n2wc dự án Vinhomes Smart City. LH 0389 691 ***","3,55 tỷ",54 m²,"65,74 tr/m²",2,2,"Tây Mỗ, Nam Từ Liêm","21.0065746307373, 105.745048522949"
39482064,05/03/2025,Chính chủ bán căn 1PN + 1 Masteri mới bàn giao giá 3 tỷ view đẹp nhà mới,3 tỷ,"42,8 m²","70,09 tr/m²",2,N/A,"Tây Mỗ, Nam Từ Liêm","21.006741460231, 105.736587303713"
42338978,05/03/2025,"Bán CH 2PN+1 133m2 tại Tháp 2 Dolphin, sẵn slot ô tô, giá chỉ 60tr/m2 , lhe 0889 053 *** để xem nhà","7,5 tỷ",133 m²,"56,39 tr/m²",2,2,"Mỹ Đình 2, Nam Từ Liêm","21.030074013180016, 105.77612164524871"
42332068,05/03/2025,"Bán căn 2N1VS, Vinhomes Green Bay, sổ lâu dài, full nội thất, tầng trung, hướng mát, giá 4.9tỷ","4,9 tỷ","52,6 m²","93,16 tr/m²",2,1,"Mễ Trì, Nam Từ Liêm","20.9984852149856, 105.787820811698"
41722752,05/03/2025,Chính chủ cần tiền bán gấp căn 1PN + 43m2 Masteri West Heights giá sốc 3 tỷ bao toàn bộ thuế phí,3 tỷ,43 m²,"69,77 tr/m²",2,1,"Tây Mỗ, Nam Từ Liêm","21.006206512451172, 105.73707580566406"
41703127,05/03/2025,Bán căn 2PN toà I3 Imperia Smart City tầng trung nhà mới nguyên bản CĐT,"3,3 tỷ","55,2 m²","59,78 tr/m²",2,1,"Tây Mỗ, Nam Từ Liêm","20.999277114868164, 105.73811340332031"
41722613,05/03/2025,Chính chủ cần tiền bán gấp căn 2PN + 64m2 Masteri West Heights giá sốc 4.2tỷ bao toàn bộ thuế phí,"4,2 tỷ",64 m²,"65,62 tr/m²",3,2,"Tây Mỗ, Nam Từ Liêm","21.006206512451172, 105.73707580566406"
41716055,05/03/2025,"Tôi chính chủ cần bán căn 1N+ 46.5m2 full nội thất giá 2,68 tỷ phân khu Imperia Smart City","2,68 tỷ","43,2 m²","62,04 tr/m²",2,1,"Tây Mỗ, Nam Từ Liêm","20.999277, 105.73811"
42320132,05/03/2025,"Chính chủ bán căn 3 ngủ đẹp xuất sắc tại Vinhomes Smart City, Dt: 84m2 nhà đẹp full nội thất sẵn sổ","4,8 tỷ",84 m²,"57,14 tr/m²",3,2,"Tây Mỗ, Nam Từ Liêm","21.00841213577448, 105.74427855459473"
40604003,05/03/2025,"Giá bán nhanh! Bán căn 2PN 59m2 - khu Imperia - 3,520 tỷ bao phí để lại full nội thất - Sổ cầm tay","3,52 tỷ",59 m²,"59,66 tr/m²",2,1,"Tây Mỗ, Nam Từ Liêm","20.9992771148682, 105.73811340332"
42263471,05/03/2025,"Chính chủ cần bán căn 97m2 toà FLC 36 Phạm Hùng, Giá 6,2ty, Đầy đủ nội thất mới đẹp, Tầng trung","6,21 tỷ",97 m²,64 tr/m²,3,2,"Mỹ Đình 2, Nam Từ Liêm","21.028041271761797, 105.77939515089427"
42270495,05/03/2025,"Cần bán căn 3PN2W An Bình Plaza Trần Bình- Giá 5,5ty- Đầy đủ nội thất- Tầng đẹp- Có gia lộc sâu","5,56 tỷ",83 m²,67 tr/m²,3,2,"Mỹ Đình 2, Nam Từ Liêm","21.030873552596205, 105.7771790386617"
42322608,05/03/2025,"Bán căn hộ chung cư 2 ngủ tại Nguyễn Hoàng, Trần Bình, diện tích 60m2 - 2 ngủ, 1 khách giá hơn 2 tỷ","2,25 tỷ",60 m²,"37,5 tr/m²",2,2,"Mỹ Đình 2, Nam Từ Liêm","21.031499181145, 105.774293397457"
42338862,05/03/2025,"E D. Anh cư dân bán CH 3PN 83m2 tại dự án, full NT sang trọng, cao cấp, LH để xem nhà 0889 053 ***","4,8 tỷ",83 m²,"57,83 tr/m²",3,2,"Mỹ Đình 2, Nam Từ Liêm","21.0308844327674, 105.77719431548476"
41982536,05/03/2025,"Bán gấp CH Vinhomes Smart City, 3,06 tỷ, 47,8m2, 1PN, 1WC, tại Tây Mỗ, Nam Từ Liêm, Hà Nội","3,06 tỷ","47,8 m²","64,02 tr/m²",1,1,"Tây Mỗ, Nam Từ Liêm","21.005451725352, 105.739037123598"
42338548,05/03/2025,Độc quyền quỹ ngoại giao The Matrix One GĐ2-chung cư cao cấp hot nhất Mỹ đình chuẩn bị mở bán3/2025,Giá thỏa thuận,120 m²,N/A,3,2,"Mễ Trì, Nam Từ Liêm","21.008858336669693, 105.77454250613174"
42236909,05/03/2025,"Bán căn hộ rẻ nhất dự án The Garden Hills - 99 Trần Bình, Mỹ Đình 2, 67m giá 4,2 tỷ, Full nội thất","4,2 tỷ",67 m²,"62,69 tr/m²",2,2,"Mỹ Đình 2, Nam Từ Liêm","21.030200179439724, 105.77728038598384"
42338758,05/03/2025,"Chuyển xuống mặt đất bán căn C14 Tố Hữu, 110m2, 3 phòng ngủ, đầy đủ nội thất, BC Đông Nam rất mát","5,8 tỷ",110 m²,"52,73 tr/m²",3,2,"Trung Văn, Nam Từ Liêm","20.991446053039212, 105.78363200016052"
42283306,05/03/2025,"Cần bán nhanh căn hộ 106m2, 2PN + 1, cửa TB, ban công ĐN, chung cư The Manor. Giá 6.9 tỷ","6,9 tỷ",106 m²,"65,09 tr/m²",2,2,"Mỹ Đình 1, Nam Từ Liêm","21.0140694042074, 105.775578875551"
42338731,05/03/2025,"Bán CC The Sapphire - Vinhomes Smart City, Tây Mỗ, 3,3 tỷ, 54m2, 2PN, 1WC, đẹp, nhiều tiện ích","3,3 tỷ",54 m²,"61,11 tr/m²",2,1,"Tây Mỗ, Nam Từ Liêm","21.006070709826158, 105.73662962963019"
40104854,05/03/2025,"Gia đình chuyển xuống liền kề cần bán 3N 105m2 Iris Garden, full NT, sẵn sổ, sẵn slot xe, giá 6tỷ3","6,3 tỷ",105 m²,60 tr/m²,3,2,"Cầu Diễn, Nam Từ Liêm","21.0311622619629, 105.760414123535"
40940064,05/03/2025,"Chính chủ chuyển xuống liền kề cần bán căn 3n 135m2 Iris Garden, full nội thất, sẵn sổ, giá: 7,5 tỷ","7,5 tỷ",135 m²,"55,56 tr/m²",3,2,"Cầu Diễn, Nam Từ Liêm","21.0311622619629, 105.760414123535"
41269314,05/03/2025,Cần tiền bán cắt lỗ căn hộ 43m2 1pn + 1 tại Vinhomes Smart City. LH 0963 877 ***,"2,7 tỷ",43 m²,"62,79 tr/m²",2,1,"Tây Mỗ, Nam Từ Liêm","21.00664573447415, 105.73562976128953"
41253275,05/03/2025,Chính chủ bán gấp studio 32m2 giá chỉ 1.65 tỷ Vinhomes Smart City Tây Mỗ. LH 0963 877 ***,"1,65 tỷ",32 m²,"51,56 tr/m²",N/A,N/A,"Tây Mỗ, Nam Từ Liêm","21.006674540525903, 105.73683805232525"
42268541,05/03/2025,"Căn 3PN phân khu Sakura _Vinhomes Smart City. Nhà mới 100%, view trực diện vườn Nhật.","5,35 tỷ",80 m²,"66,88 tr/m²",3,2,"Tây Mỗ, Nam Từ Liêm","21.00521268284122, 105.73924514660288"
42338655,05/03/2025,"Bán căn hộ 66m2(2PN 2VS), full NT đẹp, đã có sổ đẹp nhất chung cư FLC Đại Mỗ giá tốt, 0975 645 ***",Giá thỏa thuận,66 m²,N/A,2,2,"Đại Mỗ, Nam Từ Liêm","20.9914360046387, 105.756065368652"
42218726,05/03/2025,Bán căn hộ hoa hậu Vinhomes West Point 4PN ban công ĐN view trung tâm Hội Nghị Quốc Gia,"12,5 tỷ",140 m²,"89,29 tr/m²",4,3,"Mễ Trì, Nam Từ Liêm","21.011291424211766, 105.78666849454562"
42338060,05/03/2025,"Bán chung cư chính chủ ở Mỹ Đình Pearl. Căn 94m2 3 ngủ, siêu vip, vỉew công viên hồ điều hoà.",9 tỷ,94 m²,"95,74 tr/m²",3,2,"Phú Đô, Nam Từ Liêm","21.01263850711118, 105.76760829722149"
42099809,05/03/2025,Bán siêu phẩm đẹp nhất căn 3PN căn góc toà W3 sổ đỏ lâu dài 111.4m2 nội thất cơ bản view thoáng,10 tỷ,"111,4 m²","89,77 tr/m²",3,2,"Mễ Trì, Nam Từ Liêm","21.01165753422, 105.786024073516"
42200360,05/03/2025,"Bán nhanh căn 75m2 Ecolife Tố Hữu giá 4,8 tỷ. Full NT. LH 0962 347 ***","4,8 tỷ",75 m²,64 tr/m²,2,2,"Trung Văn, Nam Từ Liêm","20.994559873514486, 105.78932974633256"
42338558,05/03/2025,"Tôi chính chủ cần bán gấp căn 50m2(2PN 2VS) CC FLC Garden City, 2N2W tầng trung. Giá bán hơn 2 tỷ",Giá thỏa thuận,50 m²,N/A,2,1,"Đại Mỗ, Nam Từ Liêm","20.9914360046387, 105.756065368652"
42338367,05/03/2025,"Căn hộ CCMN - Mỹ Đình, Quận Nam Từ Liêm - căn 2 ngủ - full NT chỉ cần xách vali về ở - giá sốc","1,8 tỷ",48 m²,"37,5 tr/m²",2,N/A,"Mỹ Đình 1, Nam Từ Liêm","21.0297472497463, 105.774988635292"
41704883,05/03/2025,Chính chủ gửi bán căn hộ 193m2 khu B thấp tầng nhà mới sơn sửa đẹp giá 12 tỷ không báo ảo chào ảo,12 tỷ,193 m²,"62,18 tr/m²",3,2,"Mỹ Đình 1, Nam Từ Liêm","21.01417350769043, 105.77587127685547"
42338211,05/03/2025,"Bán CC 2PN, 2WC tại C14 - Bộ Công An, Tố Hữu, Trung Văn, Nam Từ Liêm, 4.75 tỷ VND, 70m2","4,75 tỷ",70 m²,"67,86 tr/m²",2,2,"Trung Văn, Nam Từ Liêm","20.9908634611339, 105.78351828835"
40665282,05/03/2025,"Bán gấp căn hộ 1 phòng ngủ Vinhomes Skylake Phạm Hùng, ban công Đông Nam 4,5 tỷ đang cho thuê 16tr",4 tỷ,49 m²,"81,63 tr/m²",1,1,"Mỹ Đình 1, Nam Từ Liêm","21.020168304443359, 105.78075408935547"
41585075,05/03/2025,"Không đăng ảo chào ảo bán nhanh căn hộ ban công Đông Nam HD Mon 67m2 giá 4,6 tỷ LH 0973 946 ***","4,6 tỷ",67 m²,"68,66 tr/m²",2,2,"Mỹ Đình 2, Nam Từ Liêm","21.035120010376, 105.767433166504"
41070274,05/03/2025,"Bán gấp căn hộ 3 phòng ngủ 2 vệ sinh view bể bơi giá 7,5 tỷ duy nhất dự án Vinhomes Gardenia","7,45 tỷ",102 m²,73 tr/m²,3,2,"Cầu Diễn, Nam Từ Liêm","21.0365676879883, 105.760482788086"
41063575,05/03/2025,CĂN HỘ HẠNG A CHẤT THƯỢNG LƯU NỘI THẤT CAO CẤP NHẬP KHẨU GIÁ CHỈ 1Xxtr/m2,Giá thỏa thuận,85 m²,N/A,3,2,"Mễ Trì, Nam Từ Liêm","21.0093860626221, 105.773872375488"
41982896,05/03/2025,"Bán CC Imperia Smart City, 3,32 tỷ, 55,2m2, Tây Mỗ, Nam Từ Liêm, Hà Nội","3,32 tỷ","55,2 m²","60,14 tr/m²",N/A,N/A,"Tây Mỗ, Nam Từ Liêm","20.9987614990797, 105.738002856253"
42303468,05/03/2025,"Hàng hiếm! Bán căn hộ view công viên căn góc thoáng ban công Đông Nam, vuông vức 3 phòng ngủ",7 tỷ,100 m²,70 tr/m²,3,2,"Mỹ Đình 2, Nam Từ Liêm","21.0278791728588, 105.7788966456"
42338326,05/03/2025,Cần bán căn 1N + DT 48m2 giá 3 tỷ khu Sakura - Vinhomes Smart City,3 tỷ,48 m²,"62,5 tr/m²",1,1,"Tây Mỗ, Nam Từ Liêm","21.005251804257078, 105.73893441008013"
42335921,05/03/2025,List căn Masteri giá siêu tốt mà em Nhi đang giữ,Giá thỏa thuận,30 m²,N/A,1,1,"Tây Mỗ, Nam Từ Liêm","21.005501506492642, 105.73661461413543"
40421749,05/03/2025,"Em cần bán căn hộ 77m2 dự án chung cư Florence - 28 Trần Hữu Dực, sẵn sổ đỏ, view đẹp, hướng mát","5,5 tỷ",77 m²,"71,43 tr/m²",2,2,"Cầu Diễn, Nam Từ Liêm","21.0307312011719, 105.761329650879"
39747345,05/03/2025,"Em Thủy cần bán Nhanh căn 3 ngủ, ban công Đông Nam, trục siêu hiếm bán, giá tốt nhất Dự án Florence","6,6 tỷ","91,5 m²","72,13 tr/m²",3,2,"Cầu Diễn, Nam Từ Liêm","21.030731201171875, 105.76132965087891"
41429703,05/03/2025,"Bán căn hộ chung cư Nguyễn Cơ Thạch, DT 80m2, 3PN, nội thất đầy đủ, hướng mát, giá 4.5 tỷ","4,5 tỷ",80 m²,"56,25 tr/m²",3,2,"Cầu Diễn, Nam Từ Liêm","21.034912109375, 105.764404296875"
40584053,05/03/2025,"Cần bán căn hộ chung cư Đường Hàm Nghi - KĐT Mỹ Đình 1, Nam Từ Liêm.DT 126m2, 03PN, 02 WC .Giá 6 Tỷ",6 tỷ,126 m²,"47,62 tr/m²",3,2,"Cầu Diễn, Nam Từ Liêm","21.034912109375, 105.764404296875"
41486358,05/03/2025,"Chính chủ bán nhanh căn GÓC 3PN, 2 ban công có SLOT OTO hầm nội thất đẹp tại Chung Cư THE ZEI","9,4 tỷ",108 m²,"87,04 tr/m²",3,2,"Mỹ Đình 2, Nam Từ Liêm","21.0304740476543, 105.769216275056"
41483068,05/03/2025,Chính chủ cần bán gấp căn hộ 1 PN+1 tại dự án Lumi Hà Nội giá cực rẻ chỉ 3.15 tỷ diện tích 42.2 m2,"3,15 tỷ","42,2 m²","74,64 tr/m²",1,1,"Tây Mỗ, Nam Từ Liêm","21.0115852355957, 105.73583984375"
41496388,05/03/2025,"(Mới nhất)Em Thủy CT1A Iris bán căn 2N giá 4.5 tỷ bao sang tên, giá tốt nhất dự án tại Iris Garden","4,5 tỷ","61,7 m²","72,93 tr/m²",2,2,"Cầu Diễn, Nam Từ Liêm","21.0311622619629, 105.760414123535"
42338232,05/03/2025,Cần bán căn 1N + DT 48m2 giá 3 tỷ khu GS - Vinhomes Smart City,3 tỷ,48 m²,"62,5 tr/m²",1,1,"Tây Mỗ, Nam Từ Liêm","21.006424519462165, 105.7453470598133"
42283316,05/03/2025,Cần bán chung cư Xuân Phương Residence 70m2 2pn 2wc ở được ngay giá 3.9 tỷ 0915 074 ***,"3,9 tỷ",70 m²,"55,71 tr/m²",2,2,"Phương Canh, Nam Từ Liêm","21.032578163019043, 105.75371647147858"
38183555,05/03/2025,Cần bán căn hộ chung cư Athena Complex 69m2 2PN 2WC giá bán nhanh LH: 0915 074 ***,Giá thỏa thuận,69 m²,N/A,2,2,"Phương Canh, Nam Từ Liêm","21.0411815643311, 105.735359191895"
41701879,05/03/2025,"Bán CC The Garden Hills 4,2 tỷ, 2PN, 2WC tại Trần Bình, Nam Từ Liêm, Hà Nội, chính chủ hot","4,2 tỷ",66 m²,"63,64 tr/m²",2,2,"Mỹ Đình 2, Nam Từ Liêm","21.030405, 105.77703"
42337740,05/03/2025,"Bán CC 3PN, 2WC tại An Bình Plaza giá tốt nhất dự án, lhe D.Anh để xem nhà 0889 053 ***","4,9 tỷ","83,6 m²","58,61 tr/m²",3,2,"Mỹ Đình 2, Nam Từ Liêm","21.03083045140494, 105.77701101999962"
42151192,05/03/2025,"Bán căn hộ chung cư Vinhomes Gardenia,106 m2, 3PN, 2WC, hướng Đông Nam, view bể bơi, LH 0966 965 ***","9,6 tỷ",106 m²,"90,57 tr/m²",3,2,"Cầu Diễn, Nam Từ Liêm","21.03646142350605, 105.76044404603793"
41943761,05/03/2025,"Bán căn góc 2PN 68m2 gia 3.xtỷ Đông Nam sẵn sổ đỏ,full NT,chung cư Báo Nhân Dân TW ĐẢNG,Nam Từ Liêm",Giá thỏa thuận,68 m²,N/A,2,2,"Phương Canh, Nam Từ Liêm","21.03295657842407, 105.75347720219536"
42217361,05/03/2025,Bán căn góc 3 phòng ngủ 108m2 đẹp nhất toà The Zei số 8 Lê Đức Thọ Mỹ Đình,9 tỷ,108 m²,"83,33 tr/m²",3,2,"Mỹ Đình 2, Nam Từ Liêm","21.0349192154827, 105.770460260982"
42116645,05/03/2025,"Cần bán căn góc 3PN 96,2m2 thông thuỷ full nội thất ở ngay tầng 2x siêu đẹp Vinhomes West Point","8,5 tỷ","96,2 m²","88,36 tr/m²",3,2,"Mễ Trì, Nam Từ Liêm","21.011294933962205, 105.78681472126539"
42260287,05/03/2025,"Bán căn hộ 79m2, view hồ cửa TN ban công ĐB, 2PN tại Mỹ Đình Pearl - Phú Đô, giá 5,89 tỷ","5,89 tỷ",79 m²,"74,56 tr/m²",2,2,"Phú Đô, Nam Từ Liêm","21.0124320983887, 105.767395019531"
39844257,05/03/2025,"Quỹ 9 căn chính chủ Mỹ Đình Plaza 2 giá tốt nhất, 2PN giá từ: 4,7 tỷ, nhà thật, giá thật","4,8 tỷ",70 m²,"68,57 tr/m²",2,2,"Mỹ Đình 2, Nam Từ Liêm","21.0310840606689, 105.774566650391"
42315664,05/03/2025,"Tôi cần bán gấp căn hộ Roman Plaza, 103.4m2 3n2vs, đầy đủ nội thất, căn góc rất đẹp và mát, giá 7tỷ",7 tỷ,"103,4 m²","67,7 tr/m²",3,2,"Đại Mỗ, Nam Từ Liêm","20.983463130678302, 105.7766902715188"
40621241,05/03/2025,Chủ nhà tin tưởng nhiệt tình gửi bán quỹ căn hộ 1N2N3N4N tai dự án được cập nhật liên tục trong 2,"6,5 tỷ",90 m²,"72,22 tr/m²",3,2,"Mễ Trì, Nam Từ Liêm","21.0117504562249, 105.786221140052"
42337485,05/03/2025,"Bán căn hộ Mỹ Đình Plaza, 4,6 tỷ, 73m2, 2PN, 2WC, chính chủ uy tín, Nam Từ Liêm, Hà Nội","4,6 tỷ",73 m²,"63,01 tr/m²",2,2,"Mỹ Đình 2, Nam Từ Liêm","21.030630461296806, 105.77593861632909"
42189994,05/03/2025,"Chính chủ nhượng căn TC3 cao cấp 2 tầng hầm The Canopy Residences, Tây Mỗ, nhỉnh 4 tỷ, 65,8m2","4,65 tỷ","65,8 m²","70,67 tr/m²",N/A,N/A,"Tây Mỗ, Nam Từ Liêm","21.001138845692, 105.738399177075"
42337786,05/03/2025,"Bán căn 3PN - 107m2 CC C5 Nguyễn Cơ Thạch, Mỹ Đình gần full đồ mới đẹp 5,x tỷ. LH 0916 820 ***","5,8 tỷ",107 m²,"54,21 tr/m²",3,2,"Cầu Diễn, Nam Từ Liêm","21.03566302578961, 105.76443603312774"
42290586,05/03/2025,"Bán căn hộ 83m2 tòa chung cư An Bình Plaza - 97 Trần Bình, full nội thất, tầng đẹp, hướng mát","4,6 tỷ",83 m²,"55,42 tr/m²",3,2,"Mỹ Đình 2, Nam Từ Liêm","21.0308401889022, 105.777179772717"
42148060,05/03/2025,"Chính chủ cần bán CH: 2 ngủ - 2 vệ sinh 80m2 tại C37 - Bắc Hà Tố Hữu. Giá 4,2 tỷ. Đầy đủ nội thất","4,2 tỷ",80 m²,"52,5 tr/m²",2,2,"Trung Văn, Nam Từ Liêm","20.997310525499753, 105.79392643681405"
42277454,05/03/2025,"Cần bán căn 4PN 3WC Dolphin Plaza, diện tích 198m2, giá 11.2 tỷ, làm việc trực tiếp, LH: 0396 116 ***","11,29 tỷ",198 m²,57 tr/m²,4,3,"Mỹ Đình 2, Nam Từ Liêm","21.0300445556641, 105.776626586914"
42150272,05/03/2025,"Chính chủ cần bán CH 2 ngủ - 2vs 77m2 giá 4,6 tỷ tại Roman Tố Hữu. Đã đầy đủ nội thất","4,6 tỷ",77 m²,"59,74 tr/m²",2,2,"Đại Mỗ, Nam Từ Liêm","20.9843720764211, 105.776816097121"
36887189,05/03/2025,"Vợ chồng tôi cần bán gấp CH 2 ngủ 2 WC Garden Hill 99 Trần Bình 65m2. Giá: 4.2 tỷ, LH 0965 066 ***","4,2 tỷ",65 m²,"64,61 tr/m²",3,2,"Mỹ Đình 2, Nam Từ Liêm","21.0304050445557, 105.777030944824"
42337280,05/03/2025,"Bán căn hộ Sudico Mỹ Đình Sông Đà 132m2, 3PN, full nội thất, giá chỉ 6.9 tỷ chính chủ","6,9 tỷ",132 m²,"52,27 tr/m²",3,2,"Mỹ Đình 1, Nam Từ Liêm","21.0166080752022, 105.780287816694"
32594239,05/03/2025,"Chính chủ cần bán gấp căn 01, tòa G1, DT 61m2, Vinhomes Green Bay Mễ Trì. Giá 3.9 tỷ (55,4m2 TT)","3,5 tỷ",61 m²,"57,38 tr/m²",2,1,"Mễ Trì, Nam Từ Liêm","20.999322737104364, 105.78731442363978"
42336652,05/03/2025,"3,29 tỷ em cắt lỗ bán gấp căn chung cư Athena hơn 69m, full nội thất, vị trí hiếm 2 ngủ 2wc, sẵn sổ","3,29 tỷ",69 m²,"47,68 tr/m²",2,2,"Phương Canh, Nam Từ Liêm","21.04106424422335, 105.73587307536164"
41758753,05/03/2025,"Do không có nhu cầu ở cần bán nhanh căn hộ chung cư HH2 Bắc Hà, Tố Hữu, Lê Văn Lương, Hà Nội",Giá thỏa thuận,133 m²,N/A,3,2,"Trung Văn, Nam Từ Liêm","20.997516632080078, 105.795166015625"
41984779,05/03/2025,"Cần bán gấp căn hộ 401 toà chung cư B6 mặt đường Nguyễn Cơ Thạch, Mỹ Đình 1, Nam Từ Liêm, Hà Nội",Giá thỏa thuận,125 m²,N/A,3,3,"Cầu Diễn, Nam Từ Liêm","21.03455924438773, 105.76476113726703"
42337504,05/03/2025,"Bán CC Mỹ Đình Pearl, 7,8 tỷ, 96m2 TK 3N2VS tầng trung view công viên đẹp nhất dự án","7,8 tỷ",96 m²,"81,25 tr/m²",3,2,"Phú Đô, Nam Từ Liêm","21.013016527798687, 105.767677727721"
42220895,05/03/2025,"Tôi cần bán căn hộ chung cư KĐT Mỹ Đình 1, DT 130m2 3PN 2VS căn góc Đông Nam, giá TT, LH 0981 245 ***",Giá thỏa thuận,130 m²,N/A,3,2,"Cầu Diễn, Nam Từ Liêm","21.034910372620907, 105.764401822285"
42337478,05/03/2025,"Cần bán căn hộ 67m2 thiết kế 2PN, hướng thoáng mát tại HD Mon. Anh chị có nhu cầu LH: 0343 191 ***",5 tỷ,67 m²,"74,63 tr/m²",2,2,"Mỹ Đình 2, Nam Từ Liêm","21.035348424633078, 105.76651471073923"
41915140,05/03/2025,"Cần bán gấp chung cư Mỹ Đình 2 đường Lê Đức Thọ, DT 120m2, căn góc Đông Nam, giá TT, LH 0981 245 ***",Giá thỏa thuận,120 m²,N/A,3,2,"Mỹ Đình 2, Nam Từ Liêm","21.031817998384582, 105.76798774343779"
42337190,05/03/2025,"Cơ hội sở hữu căn hộ 3pn đẳng cấp tại 789 Mỹ Đình full nội thất, có sổ đỏ, lhe: 0889 053 ***",5 tỷ,87 m²,"57,47 tr/m²",3,2,"Mỹ Đình 1, Nam Từ Liêm","21.024705804557, 105.772081594694"
42282011,05/03/2025,Chính chủ gửi bán căn hộ cao cấp The Manor 2PN-3PN liên hệ 0989 146 ***,Giá thỏa thuận,106 m²,N/A,N/A,N/A,"Mỹ Đình 1, Nam Từ Liêm","21.014001589541245, 105.77621482834986"
39147827,05/03/2025,"Bán căn 2 ngủ C14 Bắc Hà, Tố Hữu, DT 83m2, giá 4,2 tỷ đầy đủ nội thất, có slot ô tô, ban công ĐN","4,2 tỷ",83 m²,"50,6 tr/m²",2,2,"Trung Văn, Nam Từ Liêm","20.9908123016357, 105.783912658691"
41470224,05/03/2025,"Cần bán nhanh căn góc 2 phòng ngủ Ecolife Capital Tố Hữu, DT 76m2, giá 5 tỷ, đầy đủ nội thất",5 tỷ,76 m²,"65,79 tr/m²",2,2,"Trung Văn, Nam Từ Liêm","20.994533538818359, 105.78939056396484"
42325584,05/03/2025,"BÁN CĂN HỘ CHUNG CƯ CAO CẤP THE MATRIX ONE, 113m2, 3PN + 2WC, TẦNG TRUNG VIEW ĐẸP, NT CAO CẤP, 12TỶ",12 tỷ,115 m²,"104,35 tr/m²",3,2,"Mễ Trì, Nam Từ Liêm","21.00922494443759, 105.77414111311191"
42333244,05/03/2025,"Hàng hiếm. Bán CC 2PN giá 3,2 tỷ, 57,3m2 tại Đường 32, Phương Canh, Nam Từ Liêm, Hà Nội","3,2 tỷ","57,3 m²","55,85 tr/m²",2,2,"Phương Canh, Nam Từ Liêm","21.0528787204659, 105.733506404649"
40039052,05/03/2025,"Chính chủ bán căn hộ góc 4 ngủ The Garden Hill, 99 Trần Bình, DT: 115m2, giá 6,5 tỷ đầy đủ nội thất","6,5 tỷ",115 m²,"56,52 tr/m²",4,2,"Mỹ Đình 2, Nam Từ Liêm","21.030405044555664, 105.77703094482422"
37889863,05/03/2025,"Chính chủ bán căn hộ 3PN Dolphin Plaza, Trần Bình, DT 198m2, giá 11 tỷ, đầy đủ nội thất sang trọng",11 tỷ,198 m²,"55,56 tr/m²",3,3,"Mỹ Đình 2, Nam Từ Liêm","21.0300445556641, 105.776626586914"
38038903,05/03/2025,"Chính chủ bán căn hộ 3 ngủ Roman Plaza, Tố Hữu, diện tích 101m2, giá 6 tỷ, Đầy đủ nội thất",6 tỷ,101 m²,"59,41 tr/m²",3,2,"Đại Mỗ, Nam Từ Liêm","20.9843406677246, 105.776809692383"
38124298,05/03/2025,"Chuyển nhà muốn bán nhanh căn hộ 4 ngủ Dolphin Plaza, Trần Bình, DT: 171m2, giá 8 tỷ",8 tỷ,171 m²,"46,78 tr/m²",4,3,"Mỹ Đình 2, Nam Từ Liêm","21.0300445556641, 105.776626586914"
37705098,05/03/2025,"Chính chủ bán căn hộ Roman Plaza - Tố Hữu, 2 ngủ, 77m2, giá 4,5 tỷ, đầy đủ nội thất","4,5 tỷ",77 m²,"58,44 tr/m²",2,2,"Đại Mỗ, Nam Từ Liêm","20.98434066772461, 105.77680969238281"
41205035,05/03/2025,"Chính chủ bán căn hộ 2 ngủ Ecolife Capitol, Tố Hữu giá 4,5 tỷ, DT 76m2, đầy đủ đồ","4,5 tỷ",76 m²,"59,21 tr/m²",2,2,"Trung Văn, Nam Từ Liêm","20.99453353881836, 105.78939056396484"
42337239,05/03/2025,"GĐ chuyển xuống nhà đất cần nhượng lại căn hộ 3PN tầng trung, căn góc 2 mặt thoáng tại FLC Complex","7,2 tỷ",98 m²,"73,47 tr/m²",3,2,"Mỹ Đình 2, Nam Từ Liêm","21.028514712253294, 105.7791650983314"
41459401,05/03/2025,"Chính chủ bán căn 2 ngủ Roman Plaza Tố Hữu, DT 78m2, giá 4,5 tỷ đầy đủ nội thất, ban công Đông Nam","4,5 tỷ",78 m²,"57,69 tr/m²",2,2,"Đại Mỗ, Nam Từ Liêm","20.98434066772461, 105.77680969238281"
42286698,05/03/2025,CẮT LỖ SÂU 200 TRIỆU căn 2 phòng ngủ Victoria tầng 17 bc Đông Nam -Vinhomes Smart city,"4,61 tỷ","63,1 m²",73 tr/m²,2,2,"Tây Mỗ, Nam Từ Liêm","21.008944303136865, 105.74392749964721"
42288212,05/03/2025,"Em bán căn góc Đông Nam 107m2 gồm 3PN2WC The Zei siêu đẹp, giá tốt nhất thị trường, LH em chính chủ","9,4 tỷ","107,6 m²","87,36 tr/m²",3,2,"Mỹ Đình 2, Nam Từ Liêm","21.0353122159059, 105.769714608068"
42103686,05/03/2025,"Em bán căn 182m gồm 4PN3wc full nội thất nhập khẩu,tầng cao view thoáng,có sổ đỏ,có slot oto Vip",12 tỷ,182 m²,"65,93 tr/m²",4,3,"Mỹ Đình 2, Nam Từ Liêm","21.030264899227507, 105.77666212108379"
42336788,05/03/2025,"Cư dân gửi bán căn hộ 2PN tại dự án giá tốt, ac quan tâm lh e 0889 053 ***","4,2 tỷ",55 m²,"76,36 tr/m²",N/A,N/A,"Mỹ Đình 2, Nam Từ Liêm","21.031110735639576, 105.77666388336439"
42232453,05/03/2025,"Bán căn hộ 3PN Ecolife Capitol, 58 Tố Hữu, Nam Từ Liêm. Giá 6,66 tỷ, DT 110m2 và 2VS LH 0978,965831","6,66 tỷ",110 m²,"60,54 tr/m²",3,2,"Trung Văn, Nam Từ Liêm","20.994791649692, 105.789328640123"
42324573,05/03/2025,"Bán căn 03PN, DT 100m2, tòa chung cư B2 Hàm Nghi - Mỹ Đình. Hướng mát, sổ đỏ sẵn LH: 0906 241 ***","4,6 tỷ",100 m²,46 tr/m²,3,2,"Cầu Diễn, Nam Từ Liêm","21.034889004541235, 105.76427915289227"
40362671,05/03/2025,"Chính chủ bán CH I1 63m2 gồm 2N + 2WC (căn góc) full đồ NT. Giá 4.1 tỷ, có slot ô tô. LH 0947 868 ***","4,1 tỷ",63 m²,"65,08 tr/m²",2,2,"Tây Mỗ, Nam Từ Liêm","20.999677809930795, 105.7381446225343"
39532522,05/03/2025,Chính chủ cần tiền bán gấp studio 28.6m2 Masteri West Heights giá sốc 1.830 tỷ,"1,83 tỷ","28,6 m²","63,99 tr/m²",N/A,N/A,"Tây Mỗ, Nam Từ Liêm","21.0055842621104, 105.736539626061"
41225617,05/03/2025,"BÁN 1N, 2N, 3N PHÂN KHU SA5, VÀ RẤT NHIỀU QUỸ HÀNG SA2, SA3, SA1.","3,8 tỷ",55 m²,"69,09 tr/m²",2,2,"Tây Mỗ, Nam Từ Liêm","21.005226135253906, 105.73891448974609"
42336703,05/03/2025,"Hàng cực độc: căn Penhouse duplex siêu siêu đẹp tòa Bonaza Duy Tân,thang máy riêng,phòng xông hơi",Giá thỏa thuận,303 m²,N/A,N/A,N/A,"Mỹ Đình 2, Nam Từ Liêm","21.031442070966843, 105.78159530268168"
42325980,05/03/2025,"Chính chủ bán CH - 133m2 2PN + 1, ban công hướng Nam full nội thất. Ở Dolphin Plaza, giá 7.2 tỷ","7,2 tỷ",133 m²,"54,14 tr/m²",3,2,"Mỹ Đình 2, Nam Từ Liêm","21.0303835955702, 105.776498542759"
40079446,05/03/2025,(Mới) bán căn hộ 2PN 2VS siêu đẹp dự án West Point Phạm Hùng 65m2 giá 6 tỷ. Sổ đỏ chính chủ,6 tỷ,65 m²,"92,31 tr/m²",2,2,"Mễ Trì, Nam Từ Liêm","21.0118827819824, 105.786445617676"
39881054,05/03/2025,"Chính chủ cần tiền bán gấp căn 2pn view hồ Masteri West Heights giá sốc 3,9 tỷ bao toàn bộ thuế phí","3,9 tỷ",54 m²,"72,22 tr/m²",2,N/A,"Tây Mỗ, Nam Từ Liêm","21.006206512451172, 105.73707580566406"
41661713,05/03/2025,Cần bán gấp căn hộ 2 phòng ngủ 2 vs 73m2 - giá 6 tỉ tại chung cư Dreamland Bonanza,6 tỷ,73 m²,"82,19 tr/m²",2,2,"Mỹ Đình 2, Nam Từ Liêm","21.031171798706055, 105.78099822998047"
40694624,05/03/2025,Gia đình cần bán căn 112m2 view hồ 3PN 2VS chung cư The Matrix One. Giá: thoả thuận,Giá thỏa thuận,112 m²,N/A,3,2,"Mễ Trì, Nam Từ Liêm","21.0093860626221, 105.773872375488"
42185751,05/03/2025,"(Căn hiếm) gia đình bán gấp CH 49m2 2PN 1WC full nội thất, sổ lâu dài ở Ecolife Capitol, giá 3,4 tỷ","3,4 tỷ",49 m²,"69,39 tr/m²",2,1,"Trung Văn, Nam Từ Liêm","20.994726813803258, 105.78938689639686"
41646937,05/03/2025,Chính chủ bán căn hộ 109m2 - 2PN2VS chung cư The Garden Mễ Trì. Giá 7.8 tỷ. Sẵn sổ đỏ,"7,8 tỷ",109 m²,"71,56 tr/m²",2,2,"Mỹ Đình 1, Nam Từ Liêm","21.0151195526123, 105.77783203125"
37223281,05/03/2025,"(Mới) cần bán căn 2PN (88m2) tại The Matrix One, ban công Đông Bắc, giá thoả thuận",Giá thỏa thuận,88 m²,N/A,2,2,"Mễ Trì, Nam Từ Liêm","21.0093860626221, 105.773872375488"
40054381,05/03/2025,Chính chủ cần bán căn hộ tầng 8 dt 132m2 tòa CT5 Sudico Mỹ Đình. Thiết kế 4 ngủ 3 VS giá 9 tỷ,9 tỷ,132 m²,"68,18 tr/m²",4,3,"Mỹ Đình 1, Nam Từ Liêm","21.0174350738525, 105.780395507813"
40385667,05/03/2025,"Bán CH 70 m2, 2PN 2WC 5.4 tỷ tòa Roman Phố Tố Hữu, Nam Từ Liêm HN","5,4 tỷ",70 m²,"77,14 tr/m²",2,2,"Đại Mỗ, Nam Từ Liêm","20.9843406677246, 105.776809692383"
42284495,05/03/2025,Chính CĐT bán quỹ căn hộ CCMN 2PN mới đường Đình Thôn - Mỹ Đình. Giá chỉ từ 1tỷ2/căn,Giá thỏa thuận,50 m²,N/A,2,1,"Mỹ Đình 1, Nam Từ Liêm","21.0204111854431, 105.774539891703"
41820862,05/03/2025,"Bán căn hộ chung cư Golden Palace - Mễ Trì, 60 triệu/m2, 117.6m2 (3N - 2VS). Sổ cất két giao dịch","7,06 tỷ","117,6 m²",60 tr/m²,3,2,"Mễ Trì, Nam Từ Liêm","21.011697436131612, 105.77456271685747"
42283338,05/03/2025,"Quỹ căn hộ bán lại chung cư The Zei -số 8 Lê Đức Thọ.2PN,3PN.Giá cực tốt đã có sổ.Giá Từ 7 tỷ","7,3 tỷ",94 m²,"77,66 tr/m²",3,2,"Mỹ Đình 2, Nam Từ Liêm","21.034562460241617, 105.77013888257073"
42260697,05/03/2025,"[Bán gấp]Căn hộ Golden Palace Mễ Trì 3N 128m,tầng trung Full nội thất sẵn sổ","8,76 tỷ",128 m²,"68,44 tr/m²",3,2,"Mễ Trì, Nam Từ Liêm","21.011199520329892, 105.77475715121281"
42315570,05/03/2025,"Bán gấp căn hộ chung cư 82,5m2 2N 2W VOV Mễ Trì full nội thất, sẵn sổ giao dịch ngay","4,6 tỷ","82,5 m²","55,76 tr/m²",2,2,"Mễ Trì, Nam Từ Liêm","20.995424426276124, 105.78416491567582"
41560118,05/03/2025,"Chính chủ gửi bán căn hộ 266m2- 3N DolPhin Plaza, Full nội thất. Giá chuẩn 15 tỷ. LH 0961 270 ***",15 tỷ,266 m²,"56,39 tr/m²",3,3,"Mỹ Đình 2, Nam Từ Liêm","21.0300445556641, 105.776626586914"
41109821,05/03/2025,Chính chủ gửi bán căn hộ tại B.I.G Tower Phạm Hùng. Nhà mới làm NT full đẹp: Giá 5.4 tỷ: 127m2,"5,4 tỷ",127 m²,"42,52 tr/m²",3,2,"Mỹ Đình 2, Nam Từ Liêm","21.0311794281006, 105.77904510498"
40929038,05/03/2025,"Chính chủ cần bán căn hộ 3PN/110m2, giá cực tốt chỉ 8 tỉ. View đẹp nhà thoáng giá cực tốt",8 tỷ,110 m²,"72,73 tr/m²",3,2,"Cầu Diễn, Nam Từ Liêm","21.0401592254639, 105.76131439209"
41559783,05/03/2025,"Chính chủ gửi bán căn hộ 120m - 3N2W CC Tây Hà, 19 Tố Hữu. Giá 6,8 tỷ. LH 0961 270 ***","6,8 tỷ",120 m²,"56,67 tr/m²",3,2,"Trung Văn, Nam Từ Liêm","20.996280670166, 105.793251037598"
42008070,05/03/2025,"Bán căn hộ 3 ngủ CC An Bình Plaza - 97 Trần Bình, hướng mát, view thoáng. Giá 5,5 tỷ. LH","5,5 tỷ",83 m²,"66,26 tr/m²",3,2,"Mỹ Đình 2, Nam Từ Liêm","21.031022170367795, 105.77754795368946"
41027716,05/03/2025,"Chủ nhà cần bán gấp căn hộ 2PN 2WC, tầng trung nhà đẹp nội thất chủ đầu tư. Giá cực tốt chỉ 6 tỷ",6 tỷ,81 m²,"74,07 tr/m²",2,2,"Cầu Diễn, Nam Từ Liêm","21.0401592254639, 105.76131439209"
42334357,05/03/2025,"Bán chung cư vip mặt phố Lê Đức Thọ 135m2, 3 ngủ, 2WC, 2 ban công, nội thất đẹp, giá cực ngon",9 tỷ,135 m²,"66,67 tr/m²",3,2,"Mỹ Đình 2, Nam Từ Liêm","21.030354365896233, 105.76995511823738"
41602447,05/03/2025,Em Sinh cập nhật hàng ngày quỹ căn 3PN từ 104m2 - 135m2 tại dự án Iris Garden. Cam kết giá cực tốt,"7,6 tỷ",135 m²,"56,3 tr/m²",3,2,"Cầu Diễn, Nam Từ Liêm","21.0311622619629, 105.760414123535"
41158587,05/03/2025,"Chính chủ gửi bán căn hộ 103m -3 ngủ chung cư Ecolife, 58 Tố Hữu. Giá 6,8 tỷ. LH 0961 270 ***","6,8 tỷ",103 m²,"66,02 tr/m²",3,2,"Trung Văn, Nam Từ Liêm","20.994533538818359, 105.78939056396484"
40970503,05/03/2025,"Chính chủ bán căn góc 3 ngủ Tây Hà Tower, Tố Hữu, DT 125m2, giá 6,2 tỷ, Đủ đồ, sẵn slot ô tô","6,2 tỷ",125 m²,"49,6 tr/m²",3,2,"Trung Văn, Nam Từ Liêm","20.996280670166016, 105.79325103759766"
42314839,05/03/2025,"Bán CC đẹp xuất sắc ecolife 49m2,1ngủ 1vs 3,5 tỷ 58Tố Hữu,Trung Văn, Nam Từ Liêm lh 0369 736 ***","3,5 tỷ",49 m²,"71,43 tr/m²",2,1,"Trung Văn, Nam Từ Liêm","20.994624602866626, 105.78932062439517"
42335980,05/03/2025,Bán căn hộ FLC complex 36 phạm hùng.54.3m.2pn.1vs. Full nội thất mới.giá bán 4tỷ 350.,"4,35 tỷ","54,3 m²","80,11 tr/m²",N/A,N/A,"Mỹ Đình 2, Nam Từ Liêm","21.02872434338537, 105.7796917598644"
41268085,05/03/2025,"Chính Chủ bán CH Mỹ Đình Plaza 2, DT 68,2m2, 2PN, Full NT, giá 60tr/m2, ở luôn: 0971 085 ***","4,09 tỷ","68,2 m²",60 tr/m²,2,2,"Mỹ Đình 2, Nam Từ Liêm","21.031084060668945, 105.77456665039062"
42322926,05/03/2025,"Chung Cư Hàm Nghi Mỹ Đình vị trí trung tâm Hàm Nghi, lô góc, 2 ban công rộng, cực thoáng giá tốt","6,93 tỷ",126 m²,55 tr/m²,3,2,"Cầu Diễn, Nam Từ Liêm","21.035379005579, 105.764659929115"
41667306,05/03/2025,"Em Tùng cư dân E2. Bán 2 CH 2PN và 3PN tại The Emerald chỉ từ 5,4 tỷ LH 0981 614 *** (không qua MG)","5,4 tỷ",77 m²,"70,13 tr/m²",2,2,"Mỹ Đình 1, Nam Từ Liêm","21.02216148376465, 105.77179718017578"
42336050,05/03/2025,"Bán căn hộ Ecolife Capitol 75m2 (2PN, 2WC) căn góc siêu hot, sẵn sổ gd, full nội thất, có slot ô tô","4,88 tỷ",75 m²,65 tr/m²,2,2,"Trung Văn, Nam Từ Liêm","20.994238574637535, 105.78971638654882"
42335781,05/03/2025,"Bán căn hộ toà FLC 36 Phạm Hùng, DT 70m2, 2n2wc, có sổ, full nội thất, ban công ĐB, giá 4,85 tỷ bp","4,85 tỷ",70 m²,"69,29 tr/m²",2,2,"Mỹ Đình 2, Nam Từ Liêm","21.02897510290561, 105.77960474307027"
42325472,05/03/2025,"Bán căn hộ chung cư Mỹ Đình Plaza 75m2 2PN, 2WC Giá bán 4.5 tỷ","4,5 tỷ",75 m²,60 tr/m²,2,2,"Mỹ Đình 2, Nam Từ Liêm","21.03085639609154, 105.77578513979874"
42164955,05/03/2025,"Tôi là chính chủ cần bán căn 3 ngủ HH2 Bắc Hà Tố Hữu, 133m2, đủ nội thất, có slot ôtô, giá 5.3 tỷ","5,3 tỷ",133 m²,"39,85 tr/m²",3,2,"Trung Văn, Nam Từ Liêm","20.997376733874177, 105.79455690016849"
41553611,05/03/2025,"Tôi chính chủ bán căn 3 ngủ 110m2 Ecolife Capitol Tố Hữu, sẵn sổ đủ đồ đẹp, giá thiện chí 6 tỷ",6 tỷ,110 m²,"54,54 tr/m²",3,2,"Trung Văn, Nam Từ Liêm","20.9945335388184, 105.789390563965"
41592958,05/03/2025,"CHÍNH CHỦ gửi bán trục 1PN, 2PN, 3PN giá tốt tại dự án Lumiere Evergreen T2/2025. LH 0976 786 ***","5,3 tỷ",60 m²,"88,33 tr/m²",2,2,"Tây Mỗ, Nam Từ Liêm","21.006216049194336, 105.73647308349609"
42265153,05/03/2025,"Chính chủ bán căn hộ 3 ngủ 120m2 tại C37 Bắc Hà Tố Hữu đầy đủ nội thất, sẵn sổ, giá 6 tỷ",6 tỷ,120 m²,50 tr/m²,3,2,"Trung Văn, Nam Từ Liêm","20.9968299865723, 105.793838500977"
42265176,05/03/2025,"Chính chủ bán CH: 3N - 2VS 110m2. Giá bán 4,8 tỷ tại C14 - Bắc Hà, Tố Hữu, đủ đồ, 1 slot ô tô","4,8 tỷ",110 m²,"43,64 tr/m²",3,2,"Trung Văn, Nam Từ Liêm","20.990914608823, 105.784359335157"
40285861,05/03/2025,Gia đình em chính chủ cần bán căn 135m2 tầng 18 3PN dự án HH2 Bắc Hà. LH: 0348 373 ***,"6,86 tỷ",135 m²,"50,82 tr/m²",3,2,"Trung Văn, Nam Từ Liêm","20.997517, 105.795166"
42151743,05/03/2025,"Tôi chính chủ cần bán trong tháng HD Mon 53m2, 2n2wc, có sổ, hướng ĐN nội thất đủ giá 4,2 tỷ","4,2 tỷ",53 m²,"79,24 tr/m²",2,2,"Mỹ Đình 2, Nam Từ Liêm","21.034527391022625, 105.76709294097283"
42271118,05/03/2025,"(RẺ NHẤT TÒA) BÁN CĂN 104m/3PN TẠI SUNSHINE CENTER 16 PHẠM HÙNG, VIEW ĐẸP, ĐỒ XỊN LH 0946 827 ***","7,8 tỷ",104 m²,75 tr/m²,3,3,"Mỹ Đình 2, Nam Từ Liêm","21.018962038218717, 105.78237821022877"
42193325,05/03/2025,Hot CĐT thu hồi hồ sơ làm sổ. Bán căn hộ siêu đẹp Sunshine Center 2PN/113m2 full đồ LH 0946 827 ***,"8,8 tỷ",113 m²,"77,88 tr/m²",2,2,"Mỹ Đình 2, Nam Từ Liêm","21.0184298078144, 105.781875966709"
41905979,05/03/2025,Siêu rẻ bán căn hộ 3 PN/135m2 view sân vận động Mỹ Đình tại Iris Garden sẵn sổ đỏ LH 0946 827 ***,"8,2 tỷ",135 m²,"60,74 tr/m²",3,3,"Cầu Diễn, Nam Từ Liêm","21.03129691003659, 105.76131027670769"
41559305,05/03/2025,ĐỘC QUYỀN) BÁN CĂN HỘ The Zei Mỹ Đình tòa A 107m2/3PN SỔ ĐỎ CẤT KÉT FULL ĐỒ XỊN LH 0946 827 ***,10 tỷ,"107,7 m²","92,85 tr/m²",3,2,"Mỹ Đình 2, Nam Từ Liêm","21.0306521923998, 105.769256724265"
41883779,05/03/2025,"Bán căn hộ tại An Bình Plaza, 83m2, 3PN, 3WC, sẵn sổ đỏ full đồ giá siêu hời đẹp, LH 0946 827 ***","6,2 tỷ",83 m²,"74,7 tr/m²",3,2,"Mỹ Đình 2, Nam Từ Liêm","21.030286598439154, 105.77731204185838"
41746194,05/03/2025,(SIÊU VIP)CĂN HỘ DUPLEX The Zei Mỹ Đình 185m2/3PN SẴN SỔ ĐỎ VIEW PHÁO HOA FULL ĐỒ LH 0946 827 ***,18 tỷ,185 m²,"97,3 tr/m²",3,3,"Mỹ Đình 2, Nam Từ Liêm","21.034458160400391, 105.7696533203125"
41525011,05/03/2025,"Bán căn chung cư siêu ưu đãi An Bình Plaza, 83m2, 3PN view đẹp full đồ LH 0946 827 ***","5,2 tỷ",83 m²,"62,65 tr/m²",3,2,"Mỹ Đình 2, Nam Từ Liêm","21.0309085845947, 105.777183532715"
42300242,05/03/2025,Hàng hiếm bán căn hộ view pháo hoa tại The Zei Mỹ Đình. 89m2/2PN full đồ sẵn sổ LH 0946 827 ***,"7,78 tỷ",89 m²,"87,42 tr/m²",2,2,"Mỹ Đình 2, Nam Từ Liêm","21.0347861939838, 105.770251300508"
41549672,05/03/2025,"(Độc nhất)bán căn hộ view pháo hoa tại Florence 83,3m2/2PN sẵn sổ đỏ full đồ view đẹp LH 0946 827 ***","6,2 tỷ","83,3 m²","74,43 tr/m²",2,2,"Cầu Diễn, Nam Từ Liêm","21.030227746498404, 105.76075040055089"
42097943,05/03/2025,Chủ đầu tư thu hồi hồ sơ làm sổ - cập nhật quỹ căn hộ tại Hoàng Thành Pearl LH 0946 827 ***,6 tỷ,80 m²,75 tr/m²,2,2,"Cầu Diễn, Nam Từ Liêm","21.040089054678, 105.762109993596"
41476252,05/03/2025,Gia đình bán căn hộ khách sạn 5 sao bàn giao thô chỉ từ 1tỷ599 hợp đồng 40 năm MHD,Giá thỏa thuận,50 m²,N/A,2,2,"Trung Văn, Nam Từ Liêm","20.9919548034668, 105.785102844238"
42335772,05/03/2025,"Chính chủ bán căn hộ Ecolife Capitol, 75m2(2PN - 2WC), căn góc. BC Đông Nam. Sẵn sổ","4,75 tỷ",75 m²,"63,33 tr/m²",2,2,"Trung Văn, Nam Từ Liêm","20.994745979638846, 105.78922576269602"
42335757,05/03/2025,"Rẻ nhất Vinhomes Smart City, 1 ngủ + 1, 43m2, full đồ, tầng trung, 3.050 tỉ có giá lộc 0896 688 ***","3,05 tỷ",43 m²,"70,93 tr/m²",1,1,"Tây Mỗ, Nam Từ Liêm","21.00652278487359, 105.7371916068018"
40992335,05/03/2025,"Căn hoa hậu trục 06, 206m2, 4 ngủ siêu hiếm Keangnam 3 mặt thoáng view hồ Xem nhà 24/7",20 tỷ,206 m²,"97,09 tr/m²",4,4,"Mễ Trì, Nam Từ Liêm","21.016849517822266, 105.78397369384766"
42321169,05/03/2025,"Chính chủ bán gấp căn 1N + The Canopy - 50m2 - giá 3,450 tỷ bao phí - có thương lượng","3,45 tỷ",50 m²,69 tr/m²,2,1,"Tây Mỗ, Nam Từ Liêm","21.000923632672478, 105.7393842080727"
42276218,05/03/2025,"RẺ NHẤT TRUNG TÂM MỸ ĐÌNH - 74m2 2N2VS GIÁ CHỈ 4,2 TỶ DỰ ÁN MỸ ĐÌNH PLAZA TRẦN BÌNH. FULL NỘI THẤT","4,2 tỷ",74 m²,"56,76 tr/m²",2,2,"Mỹ Đình 2, Nam Từ Liêm","21.0309848155792, 105.775868374732"
42335667,05/03/2025,(Mới) tháng 3 Quỹ căn Chuyển nhượng giá tốt nhất Smart City đầu tư hay ở đều lãi ngay 0896 688 ***,"4,25 tỷ",63 m²,"67,46 tr/m²",2,2,"Tây Mỗ, Nam Từ Liêm","21.006353709149213, 105.74533623547184"
42206924,05/03/2025,"Bán căn hộ giá siêu mượt tại Sudico Mỹ Đình, CH 3PN, 2WC 114m2, 6,5 tỷ, Nam Từ Liêm, Hà Nội","6,5 tỷ",114 m²,"57,02 tr/m²",3,2,"Mỹ Đình 1, Nam Từ Liêm","21.0168026797363, 105.781043303086"
41723458,05/03/2025,Bán chung cư cao cấp The Canopy - Vinhomes Smartcity - Tây Mỗ Đại Mỗ,5 tỷ,72 m²,"69,44 tr/m²",2,2,"Tây Mỗ, Nam Từ Liêm","21.001699334674758, 105.73935722902526"
42036875,05/03/2025,Cần bán căn 43m2 full đồ S1.05 Vinhomes Smart City,3 tỷ,43 m²,"69,77 tr/m²",1,1,"Tây Mỗ, Nam Từ Liêm","21.006263408404571, 105.73655444978178"
41423695,05/03/2025,Chính chủ bán căn hộ view hồ 3pn2vs 112m2 tầng trung view hồ đẹp sổ đỏ sẵn - The Matrix One,"10,5 tỷ",112 m²,"93,75 tr/m²",3,2,"Mễ Trì, Nam Từ Liêm","21.0093860626221, 105.773872375488"
40954040,05/03/2025,Em bán căn hộ chung cư cao cấp dự án Vinhomes Gardenia Hàm Nghi. LH: 0818 340 ***,6 tỷ,"79,5 m²","75,47 tr/m²",2,2,"Cầu Diễn, Nam Từ Liêm","21.0365676879883, 105.760482788086"
41761560,05/03/2025,"Em cần bán căn 114m2 3 ngủ 2VS chung cư cao cấp Hoàng Thành Pearl - Nam Từ Liêm, LH 0818 340 ***","7,4 tỷ",114 m²,"64,91 tr/m²",3,2,"Cầu Diễn, Nam Từ Liêm","21.040159225463867, 105.76131439208984"
42335445,05/03/2025,"Bán CC siêu hot tại Keangnam Hanoi Landmark Tower, 11 tỷ, 160m2, pháp lý đầy đủ LH: 0942 609 ***",11 tỷ,160 m²,"68,75 tr/m²",N/A,N/A,"Mễ Trì, Nam Từ Liêm","21.017123176057705, 105.7836503869729"
42335048,05/03/2025,"Bán gấp căn hộ chung cư 88m2 tại NHS Trung Văn, giá siêu hời 62 triệu/m2","5,46 tỷ",88 m²,62 tr/m²,3,2,"Trung Văn, Nam Từ Liêm","20.992287679511847, 105.78936874274997"
41944533,05/03/2025,"Mới! Chính chủ mở bán CC mini tại Mễ Trì Hạ full đồ 30m2, 50m2, ở ngay, ngõ o tô - 0983 169 ***",Giá thỏa thuận,50 m²,N/A,2,1,"Mễ Trì, Nam Từ Liêm","21.0137411893689, 105.781581481994"
42335128,05/03/2025,"Hàng Vip! Chỉ 27 Tỷ Sở Hữu Ngay Căn Duplex CC Cao Cấp Keangnam 5PN4VS, DT: 330m2,(view hồ điều hòa)",Giá thỏa thuận,330 m²,N/A,5,4,"Mễ Trì, Nam Từ Liêm","21.017172760417715, 105.78307715449107"
42178888,05/03/2025,"Mở bán chung cư Phạm Hùng - Mỹ Đình, vị trí vàng","1,25 tỷ",36 m²,"34,72 tr/m²",2,1,"Mỹ Đình 2, Nam Từ Liêm","21.0316086121458, 105.779735675073"
42311866,05/03/2025,Căn hộ hoa hậu 3 ngủ The Manor Mễ Trì - Mỹ Đình,"11,5 tỷ",120 m²,"95,83 tr/m²",3,2,"Mỹ Đình 1, Nam Từ Liêm","21.014300270134818, 105.7766801283801"
42139771,05/03/2025,"Vip! Bán Penthouse dự án cao cấp Mỹ Đình Pearl DT: 286m2, 3PN +1 + 4VS, BC: ĐN, Giá 30 Tỷ (view hồ)",30 tỷ,286 m²,"104,9 tr/m²",4,4,"Phú Đô, Nam Từ Liêm","21.01210815677567, 105.7676380839249"
38540206,04/03/2025,"Chính chủ bán căn hộ tầng trung 3PN- 114m tòa Hoàng Thành Pearl, giá bán 8 tỷ bao phí.",8 tỷ,114 m²,"70,18 tr/m²",3,2,"Cầu Diễn, Nam Từ Liêm","21.0401592254639, 105.76131439209"
39883122,04/03/2025,Cần bán căn 3PN2WC - MD Complex 157m2 nội thất cơ bản giá 8.635 tỷ,"8,64 tỷ",157 m²,55 tr/m²,3,2,"Cầu Diễn, Nam Từ Liêm","21.0291328430176, 105.761299133301"
42322766,04/03/2025,"Bán hoặc cho thuê căn duplex vinhomes Gardenia tầng đẹp , view thoáng đẹp , để lại toàn bộ nội thất","9,3 tỷ",100 m²,93 tr/m²,3,2,"Cầu Diễn, Nam Từ Liêm","21.03703142275698, 105.76008983489888"
42278039,04/03/2025,"Bán căn hộ, căn góc 225m2, 3 + 1PN, tại dự án CT5 Sudico Mỹ Đình Sông Đà, giá thoả thuận","10,9 tỷ",225 m²,"48,44 tr/m²",4,3,"Mỹ Đình 1, Nam Từ Liêm","21.0174350738525, 105.780395507813"
42326664,04/03/2025,"Chính chủ bán căn hộ toà S2, 100m2, 3PN, view hồ tại Vinhomes Skylake - Phạm Hùng, giá thỏa thuận","10,9 tỷ",100 m²,109 tr/m²,3,2,"Mỹ Đình 1, Nam Từ Liêm","21.0203548713798, 105.780890919635"
42190956,04/03/2025,"Bán cắt lỗ căn 2 ngủ 2 vệ sinh tòa Sakura 3,6 tỷ - KĐT Vinhomes Smart City","3,6 tỷ",55 m²,"65,46 tr/m²",2,2,"Tây Mỗ, Nam Từ Liêm","21.005244606766045, 105.73905152131361"
42112588,04/03/2025,Tôi chính chủ cần bán căn Studio 28m2 - 1.95 tỷ - đang cho thuê 8.5tr/tháng toà Imperia Smart City,"1,95 tỷ",28 m²,"69,64 tr/m²",1,1,"Tây Mỗ, Nam Từ Liêm","21.000028538102466, 105.73777017450968"
41143035,04/03/2025,"Chính chủ bán căn Canopy 62m2, giá 4,5 tỷ rẻ nhất thị trường tầng 12","4,5 tỷ",62 m²,"72,58 tr/m²",2,2,"Tây Mỗ, Nam Từ Liêm","21.000846862793, 105.739120483398"
42276154,04/03/2025,Chủ làm ăn phát đạt bán căn hộ Roman Plaza 78 m2 2 ngủ 2vs bc phòng khách full đồ giá 5.1 tỷ,"5,1 tỷ",76 m²,"67,1 tr/m²",2,2,"Đại Mỗ, Nam Từ Liêm","20.98437762184142, 105.77658964268582"
42324916,04/03/2025,"Bán Căn hộ CC view đẹp tại Ecolife Capitol, 3,7 tỷ, 50m2, 1PN có thể sửa thành 2 ngủ","3,7 tỷ",50 m²,74 tr/m²,1,1,"Trung Văn, Nam Từ Liêm","20.994132341298585, 105.78854888524668"
42334102,04/03/2025,Giá rẻ. Bán căn 2 ngủ 74m2 đủ đồ tại The Sun Mễ Trì giá 5 tỷ bao phí. Liên hệ: 0917 748 ***,5 tỷ,74 m²,"67,57 tr/m²",2,2,"Mễ Trì, Nam Từ Liêm","21.015582535948454, 105.78012242388455"
41429850,04/03/2025,Cần bán nhanh 40 căn hộ dự án KEANGNAM DT : 107m2-118m2-126m2-158m2-220m2 DUPLEX PENHOUSE giá tốt,"7,6 tỷ",107 m²,"71,03 tr/m²",3,2,"Mễ Trì, Nam Từ Liêm","21.0168495178223, 105.783973693848"
40706703,04/03/2025,Chính chủ bán căn hộ 133m2 CT5 ban công Đông Nam nhà mới sửa đẹp tâm huyết cần bán gấp giá 7 tỷ,7 tỷ,133 m²,"52,63 tr/m²",3,2,"Mỹ Đình 1, Nam Từ Liêm","21.01743507385254, 105.7803955078125"
42330266,04/03/2025,"The Matrix One Chính chủ bán gấp căn 2N 2VS 88m2, sẵn sổ hồng, giá chuẩn 7.8 tỷ","7,5 tỷ",88 m²,"85,23 tr/m²",2,2,"Mễ Trì, Nam Từ Liêm","21.00940757473137, 105.7737754383727"
41564385,04/03/2025,Duy nhất 01 căn studio - 32 m2 - toàn S giá rẻ nhất thị trường 2.0 tỷ!. 0934 641 ***,2 tỷ,32 m²,"62,5 tr/m²",1,N/A,"Tây Mỗ, Nam Từ Liêm","21.006216049194336, 105.7364730834961"
32094987,04/03/2025,"Chính chủ cần bán nhanh căn 2PN rộng, view Mariott giá 6.5 tỷ. Vinhomes West Point đã có sổ","6,5 tỷ",63 m²,"103,18 tr/m²",2,2,"Mễ Trì, Nam Từ Liêm","21.0118827819824, 105.786445617676"
42109712,04/03/2025,"Bán CC Florence Mỹ Đình,Nhỉnh 5 tỷ, 78m2, 2PN+1 , 2WC, sẵn sổ đỏ giao dịch ,giá cả có thương lượng.",5 tỷ,78 m²,"64,1 tr/m²",2,2,"Cầu Diễn, Nam Từ Liêm","21.030373379710085, 105.76174698643268"
42312160,04/03/2025,"Căn hộ CC FLC Complex Phạm Hùng, 5 tỷ, 70m2, giá ưu đãi siêu hot",5 tỷ,70 m²,"71,43 tr/m²",2,2,"Mỹ Đình 2, Nam Từ Liêm","21.027639883565115, 105.77931428783428"
41839581,04/03/2025,Chính chủ bán căn hộ 2PN 64m2 - 4tỷ toà The Sakura KĐT Vinhomes Smart City,4 tỷ,64 m²,"62,5 tr/m²",2,2,"Tây Mỗ, Nam Từ Liêm","21.005033609320996, 105.73858907683879"
42111233,04/03/2025,Chính chủ cần bán căn hộ 2PN - 55m2 - 3.3 tỷ toà Imperia KĐT Vinhomes Smart City,"3,3 tỷ",55 m²,60 tr/m²,2,1,"Tây Mỗ, Nam Từ Liêm","20.9990720764666, 105.73892978105751"
42259858,04/03/2025,Cắt lỗ 200 triệu bán gấp căn 2PN - 2WC 55m2 toà GS The Miami Vinhomes Smart City,"3,5 tỷ",55 m²,"63,64 tr/m²",2,2,"Tây Mỗ, Nam Từ Liêm","21.00631170651313, 105.74476850126915"
41867193,04/03/2025,"Cần bán căn 2N2VS DT 69m2 giá 3,7 tỷ tòa S - Vinhomes Smart City","3,7 tỷ",69 m²,"53,62 tr/m²",2,2,"Tây Mỗ, Nam Từ Liêm","21.006077507366676, 105.73621802617113"
42136900,04/03/2025,Cần bán căn hộ 2PN góc 64m2 full nội thất 3.5 tỷ KDT Vinhomes Smart City,"3,5 tỷ",64 m²,"54,69 tr/m²",2,2,"Tây Mỗ, Nam Từ Liêm","21.00583482601464, 105.73683203247919"
42333264,04/03/2025,"Bán Căn hộ 2PN, 57m2 tại Vinhomes Green Bay Mễ Trì, giá ưu đãi 5,6 tỷ VND","5,6 tỷ",57 m²,"98,25 tr/m²",2,1,"Mễ Trì, Nam Từ Liêm","20.999671271880775, 105.78777539127745"
38818145,04/03/2025,"Em cần bán gấp căn hộ 80m2, 2pn nhà full đồ, view thoáng, chung cư Vinhomes Gardenia giá 6 tỷ",6 tỷ,80 m²,75 tr/m²,2,2,"Cầu Diễn, Nam Từ Liêm","21.036567687988281, 105.76048278808594"
42271407,04/03/2025,(Mới) Cần bán gấp căn hộ 79m2 TK 2PN 2WC. Toà 17T2. Vinaconex 3 đường Trung Văn. Giá bán 4 tỷ,4 tỷ,79 m²,"50,63 tr/m²",2,2,"Trung Văn, Nam Từ Liêm","20.993005727822, 105.778417887991"
42260968,04/03/2025,Gia đình đang cần bán gấp căn hộ chung cư tòa FLC 36 phạm hùng.DT 100m tk 3pn 2vs.giá bán 6 tỷ BP,6 tỷ,100 m²,60 tr/m²,3,2,"Mỹ Đình 2, Nam Từ Liêm","21.02799306245335, 105.77947686435986"
38309518,04/03/2025,Cập nhật quỹ 60 căn hộ 2PN duplex chuyển nhượng The Zei giá tốt nhất thị trường tháng 3/2025,"6,8 tỷ",84 m²,"80,95 tr/m²",2,2,"Mỹ Đình 2, Nam Từ Liêm","21.0344581604004, 105.769653320313"
40077740,04/03/2025,"Chính chủ chuyển đổi đầu tư cần bán chuyển nhượng căn hộ 3PN 108m giá 7,2tỷ chi tiết LH: 0332 951 ***","7,2 tỷ",108 m²,"66,67 tr/m²",2,2,"Cầu Diễn, Nam Từ Liêm","21.0401592254639, 105.76131439209"
41247433,04/03/2025,"Chính chủ cần bán căn 2PN tòa I2 phân khu Imperia - Vinhomes Smart City. Giá 3,6 tỷ - 0904 969 ***","3,6 tỷ",70 m²,"51,43 tr/m²",2,2,"Tây Mỗ, Nam Từ Liêm","20.999277114868164, 105.73811340332031"
36510497,04/03/2025,"Chính chủ cần bán căn hộ 61m2 2PN, 2WC tại dự án cc Iris Garden giá 4tỷ xem nhà LH: 0332 951 ***",4 tỷ,61 m²,"65,57 tr/m²",2,2,"Cầu Diễn, Nam Từ Liêm","21.0311622619629, 105.760414123535"
36574602,04/03/2025,"Quá rẻ! Bán nhanh căn 1PN+ 1, 43m2 2,65 tỷ bao phí và Studio 1,9 tỷ bao phí - Ở hay đầu tư đều lãi","2,65 tỷ",43 m²,"61,63 tr/m²",1,1,"Tây Mỗ, Nam Từ Liêm","21.0088520050049, 105.743919372559"
41586728,04/03/2025,"Chính chủ bán căn 3PN 2WC HH2 Bắc Hà Tố Hữu, DT 133m2, giá thật 6,2 tỷ, sẵn sổ, đầy đủ nội thất","6,2 tỷ",133 m²,"46,62 tr/m²",3,2,"Trung Văn, Nam Từ Liêm","20.997516632080078, 105.795166015625"
38519090,04/03/2025,"Chính chủ bán căn hộ 73m2 - 2PN, 2WC chung cư Mỹ Đình Pearl view hồ chi tiết LH: 0332 951 ***.",Giá thỏa thuận,73 m²,N/A,2,2,"Phú Đô, Nam Từ Liêm","21.012432098388672, 105.76739501953125"
42170508,04/03/2025,"Chính chủ cần bán gấp căn hộ 80m-2pn2vs giá 5,7tỷ chung cư Hoàng Thành pear chi tiết lh:0332 951 ***.","5,7 tỷ",80 m²,"71,25 tr/m²",N/A,N/A,"Cầu Diễn, Nam Từ Liêm","21.040101237312054, 105.76134759523951"
41720448,04/03/2025,Chính chủ bán căn 3PN full NT - giá tốt - toà C37 Bắc Hà! LH: 0961 846 ***,6 tỷ,115 m²,"52,17 tr/m²",3,2,"Trung Văn, Nam Từ Liêm","20.996829986572266, 105.79383850097656"
42329446,04/03/2025,"Cần bán căn hộ Ecolife Capitol Tố Hữu Trung Văn Nam Từ Liêm DT 49m2 1PN 1WC giá 3,6tỷ LH 0394 260 ***","3,6 tỷ",49 m²,"73,47 tr/m²",1,1,"Trung Văn, Nam Từ Liêm","20.99451322555216, 105.78934432791353"
41569628,04/03/2025,"Mở bán The MatrixOne giai đoạn 2, quỹ căn 2 pn ký HĐMB trực tiếp với chủ đầu tư",Giá thỏa thuận,82 m²,N/A,2,2,"Mễ Trì, Nam Từ Liêm","21.009265995012008, 105.77384699138226"
42333000,04/03/2025,"Chính chủ ủy quyền bán gấp căn hộ 115m2 thiết kế 3PN, tầng trung, hướng thoáng mát. LH: 0343 191 ***","7,8 tỷ",115 m²,"67,83 tr/m²",3,2,"Cầu Diễn, Nam Từ Liêm","21.04015865371041, 105.76095173418241"
42318707,04/03/2025,"Bán gấp căn hộ 79m2 thiết kế 2pn,2wc, tầng trung,nhà full nội thất chung cư hoàng thành pearl","5,8 tỷ",79 m²,"73,42 tr/m²",2,2,"Cầu Diễn, Nam Từ Liêm","21.04038776794439, 105.76060188850916"
41607576,04/03/2025,"Chính chủ cần bán gấp căn hộ 3PN - 2WC, tại The Matrix One, DT 115 m2, giá 10 tỷ. LH: 0837 779 ***",10 tỷ,115 m²,"86,96 tr/m²",3,2,"Mễ Trì, Nam Từ Liêm","21.009386, 105.77387"
38515734,04/03/2025,"Chủ nhà cần bán căn 75m2 2PN Ecolife Tố Hữu, giá 4.5 tỷ","4,5 tỷ",75 m²,60 tr/m²,2,2,"Trung Văn, Nam Từ Liêm","20.9945335388184, 105.789390563965"
39543948,04/03/2025,"Bán căn 3PN 115m2 C37 Bắc Hà -- Tố Hữu giá 5,5 tỷ","5,5 tỷ",115 m²,"47,83 tr/m²",3,2,"Trung Văn, Nam Từ Liêm","20.99683, 105.79384"
40138440,04/03/2025,Chính chủ cần chuyển nhượng căn 3 ngủ view bể bơi dự án Lumi Hà Nội dưới 6 tỷ,"5,95 tỷ","81,3 m²","73,19 tr/m²",3,2,"Tây Mỗ, Nam Từ Liêm","21.011585235595703, 105.73583984375"
42332856,04/03/2025,"Siêu hời bán căn hộ duplex thông tầng 4pn tại Lumi Hanoi, giá chỉ 15,850 tỷ, 194m2. LH 0981 599 ***","15,85 tỷ",194 m²,"81,7 tr/m²",4,3,"Tây Mỗ, Nam Từ Liêm","21.0115852355957, 105.73583984375"
40063231,04/03/2025,Bán gấp căn 4 ngủ 136 m2 dự án của Capitaland Singapore,"9,38 tỷ",136 m²,69 tr/m²,4,3,"Tây Mỗ, Nam Từ Liêm","21.011585235595703, 105.73583984375"
42332827,04/03/2025,"Cắt lỗ sâu căn hộ tại Lumi Hà Nội , DT 53.8 M2,  giá chỉ 4,6 tỷ VNĐ rẻ nhất dự án, căn  2 PN","4,6 tỷ","53,8 m²","85,5 tr/m²",2,2,"Tây Mỗ, Nam Từ Liêm","21.012165706660138, 105.7359652940144"
41912165,04/03/2025,"E Sinh chuyên bán CC Xuân Phương Quốc Hội đang có quỹ căn 2PN-93.63m2,giá cực tốt, Giá từ 4,7 tỷ","6,8 tỷ","156,1 m²","43,56 tr/m²",2,2,"Xuân Phương, Nam Từ Liêm","21.03073618978729, 105.75571568056405"
40874448,04/03/2025,"Chuyên bán căn hộ CC The Canopy Harmony - Vinhomes Smart City giá tốt nhất thị trường, tư vấn 24/7","3,3 tỷ",50 m²,66 tr/m²,2,1,"Tây Mỗ, Nam Từ Liêm","21.001033081778754, 105.7393334326125"
42332637,04/03/2025,"Chính chủ bán cắt lỗ căn 2N 2VS 54 m2 - 3,95 tỷ phân khu cao cấp Masteri Homes","3,95 tỷ",54 m²,"73,15 tr/m²",2,2,"Tây Mỗ, Nam Từ Liêm","21.005978696001666, 105.73779159948752"
42332535,04/03/2025,"Chính chủ bán cắt lỗ căn góc 2N+ 63,72m2 - 5,05 tỷ phân khu cao cấp Masteri Homes","5,05 tỷ","63,72 m²","79,25 tr/m²",2,2,"Tây Mỗ, Nam Từ Liêm","21.00696491053778, 105.73673231083944"
42298997,04/03/2025,(Duy nhất) gia đình cần bán nhanh căn 3 ngủ 110m2 tại Golden Field Mỹ Đình giá rẻ nhất TT chỉ 6.5tỷ,"6,5 tỷ",110 m²,"59,09 tr/m²",3,2,"Cầu Diễn, Nam Từ Liêm","21.03502742750029, 105.76624196795615"
42332424,04/03/2025,"Hiếm, bán căn 1N+ tầng 23 tòa GS2 Vinsmart, nội thất nhà mình tự thiết kế để ở, Nhà còn rất mới","2,5 tỷ",43 m²,"58,14 tr/m²",1,1,"Tây Mỗ, Nam Từ Liêm","21.00649227019892, 105.74473720587186"
42332449,04/03/2025,"Bán CH 70m2, 2PN, 1WC, 3,7 tỷ tại Trần Bình, Mỹ Đình 2, Nam Từ Liêm, Hà Nội","3,7 tỷ",70 m²,"52,86 tr/m²",2,1,"Mỹ Đình 2, Nam Từ Liêm","21.0303173046443, 105.776367432387"
42152060,04/03/2025,Bán căn hô 3PN 80m2 view hồ tòa Imperia Smart City. Lh 0984 576 ***,"5,5 tỷ",80 m²,"68,75 tr/m²",3,2,"Tây Mỗ, Nam Từ Liêm","21.000048319177584, 105.73808466978475"
37540752,04/03/2025,"Chính chủ bán cắt lỗ căn góc 3 ngủ 112m2, tầng trung, view siêu đẹp tại The Matrix One chỉ 11 tỷ",Giá thỏa thuận,112 m²,N/A,3,2,"Mễ Trì, Nam Từ Liêm","21.0093860626221, 105.773872375488"
42095480,04/03/2025,"Chính chủ cần bán căn hộ 73m2 Mỹ Đình Pearl. 2PN + 2 vệ sinh, view Công viên tầng trung","5,4 tỷ",73 m²,"73,97 tr/m²",2,2,"Phú Đô, Nam Từ Liêm","21.012847139755262, 105.76743773877574"
42332364,04/03/2025,"Chính chủ bán căn góc 3 ngủ 125m2 tòa Tây Hà. Nhà vuông đẹp, view hồ, sẵn sổ đỏ. Giá 6,5 tỷ","6,5 tỷ",125 m²,52 tr/m²,3,2,"Trung Văn, Nam Từ Liêm","20.996089436889196, 105.79379881533846"
41981186,04/03/2025,"Căn hộ 2 ngủ 76m2 tại Ecolife Capitol, 58 Tố Hữu cần bán gấp, SHLD, giá cực mềm","5,4 tỷ",76 m²,"71,05 tr/m²",2,2,"Trung Văn, Nam Từ Liêm","20.994076864107, 105.789264718215"
42332156,04/03/2025,"Cần Bán cc 1N+ 49m2, Tầng 36, View thoáng sáng, Nội thất thiết kế để ở, Đã có sổ","3,2 tỷ",49 m²,"65,31 tr/m²",1,1,"Tây Mỗ, Nam Từ Liêm","21.005265442957487, 105.73898423232482"
39498714,04/03/2025,Chính chủ bán CH CT3 C'land 81 Lê Đức Thọ DT 128m - 3PN - Full NT đẹp - SĐCC - hơn 6 tỷ: 0906 217 ***,Giá thỏa thuận,128 m²,N/A,3,2,"Mỹ Đình 2, Nam Từ Liêm","21.030433654785156, 105.76927947998047"
42331886,04/03/2025,"Tôi bán studio tầng 22, view cực thoáng, nội thất tự thiết kế hợp với cho thuê ở hoặc homestay","1,6 tỷ",28 m²,"57,14 tr/m²",1,1,"Tây Mỗ, Nam Từ Liêm","21.00615214647529, 105.73646530715882"
42332199,04/03/2025,"Bán chung cư Hateco Apollo, 3,6 tỷ, 62,2m2, 2PN, 1WC, ban công hướng Đông LH 0944 974 ***","3,6 tỷ","62,2 m²","57,88 tr/m²",2,1,"Phương Canh, Nam Từ Liêm","21.035079453322908, 105.74972863513852"
42229178,04/03/2025,"Gia đình tôi cần bán gấp căn hộ căn 2 PN, ban công hướng Nam tầng 15 tòa TC1, bằng giá hợp đồng","4,2 tỷ",65 m²,"64,61 tr/m²",2,N/A,"Tây Mỗ, Nam Từ Liêm","21.001433463939957, 105.73922939920571"
40828068,04/03/2025,"Bán gấp căn hộ 90m2, 2PN, 2WC chung cư Dream Town Tây Mỗ LH: 0394 321 *** để xem nhà","3,8 tỷ",94 m²,"40,43 tr/m²",2,2,"Tây Mỗ, Nam Từ Liêm","21.01655387878418, 105.74628448486328"
42200346,04/03/2025,"Chính chủ gửi bán căn 1PN+1 43m full đồ, sẵn sổ, giá 2.9 tỷ bao sổ. Vinhomes Smart city","2,9 tỷ",43 m²,"67,44 tr/m²",1,1,"Tây Mỗ, Nam Từ Liêm","21.00888164399858, 105.74448972422225"
38358866,04/03/2025,Chủ nhà bán cắt lỗ căn 3 ngủ 8x tỷ thiết kế 3 phòng ngủ - Liên hệ 0906 289 ***,Giá thỏa thuận,109 m²,N/A,3,2,"Cầu Diễn, Nam Từ Liêm","21.04016, 105.761314"
42309217,04/03/2025,"GIÁ HIẾM CĂN GÓC 2N+ 74,3m2 TC2 THE CANOPY- NHỈNH 5TỶ - BAO PHÍ- CÓ THƯƠNG LƯỢNG",5 tỷ,"74,3 m²","67,3 tr/m²",2,2,"Tây Mỗ, Nam Từ Liêm","21.00133734565199, 105.7396905845605"
42331022,04/03/2025,"Bán căn chung cư Mỹ Đình Plaza - 139 Trần Bình, DT 74m2, 2PN, 2WC, Giá: 5,65 tỷ","5,65 tỷ",74 m²,"76,35 tr/m²",2,2,"Mỹ Đình 1, Nam Từ Liêm","21.030434018851, 105.77644601015"
42229074,04/03/2025,Vợ chồng tôi cần bán gấp căn hộ 46m2 chung cư TC3 ban công Đông Nam tầng 10 giá 2.850 tỷ,"2,85 tỷ",46 m²,"61,96 tr/m²",N/A,N/A,"Tây Mỗ, Nam Từ Liêm","21.000840245958525, 105.73916188292502"
42331987,04/03/2025,"Chính chủ bán căn 3 ngủ HH2 Bắc Hà, tầng đẹp, ban công Đông Nam. Có sổ đỏ, giá 6 tỷ 4","6,4 tỷ",133 m²,"48,12 tr/m²",3,2,"Trung Văn, Nam Từ Liêm","20.9974302985357, 105.794771909233"
42331961,04/03/2025,"Vợ chồng tôi cần bán căn hộ 2 ngủ đẹp Hateco Xuân Phương, giá chỉ nhỉnh 3 tỷ, để lại đủ đồ nội thất",Giá thỏa thuận,55 m²,N/A,2,2,"Phương Canh, Nam Từ Liêm","21.035945610875704, 105.74983900484219"
42331959,04/03/2025,"Cần bán gấp căn hộ cao cấp 108m2 thiết kế 3PN, 2WC tại The Zei bậc nhất Mỹ Đình. LH: 0343 191 ***","8,8 tỷ",108 m²,"81,48 tr/m²",3,2,"Mỹ Đình 2, Nam Từ Liêm","21.034085240827135, 105.77030198325387"
42331718,04/03/2025,Bán căn hộ 3PN2WC 82m2 giá chỉ 6.X Tỷ View hồ Masteri West Heights. Lh 0984 576 ***,"6,4 tỷ",82 m²,"78,05 tr/m²",3,2,"Tây Mỗ, Nam Từ Liêm","21.00624600522994, 105.73659904673269"
42331677,04/03/2025,"Chính chủ cần bán căn hộ CCCC 3 ngủ 99,6m2 tại Roman Plaza Tố Hữu",Giá thỏa thuận,"99,6 m²",N/A,3,2,"Đại Mỗ, Nam Từ Liêm","20.985151866439953, 105.77660069577989"
42331420,04/03/2025,Bán căn hộ 2pn2wc 66m2 giá chỉ 4.X tỷ Masteri West Heights. LH 0984 576 ***,"4,6 tỷ",66 m²,"69,7 tr/m²",2,2,"Tây Mỗ, Nam Từ Liêm","21.005414163853764, 105.73726869012019"
42331799,04/03/2025,"Bán căn hộ chung cư Hoàng Thành Pearl, giá cực chất 6 tỷ, 80m2, 2PN, 2WC, Cầu Diễn, Nam Từ Liêm, HN",6 tỷ,80 m²,75 tr/m²,2,2,"Cầu Diễn, Nam Từ Liêm","21.0400214494791, 105.760386960927"
36107997,04/03/2025,The Matrix One - quỹ căn hộ 2 ngủ 2 wc - giá tốt nhất dự án - nhận nhà ở ngay,"7,95 tỷ",87 m²,"91,38 tr/m²",2,3,"Mễ Trì, Nam Từ Liêm","21.00938606262207, 105.77387237548828"
37890035,04/03/2025,"Chính chủ bán căn hộ 2 ngủ FLC Complex, 36 Phạm Hùng, DT: 72m2, giá 4,3 tỷ đầy đủ nội thất","4,3 tỷ",72 m²,"59,72 tr/m²",2,2,"Mỹ Đình 2, Nam Từ Liêm","21.028190612793, 105.779197692871"
38791030,04/03/2025,Mới! Chủ nhà tin tưởng gửi bán nhiều căn hộ 2N3N tốt nhất thị trường năm 2025 LH: 0942 609 ***,"7,8 tỷ",107 m²,"72,9 tr/m²",3,2,"Mỹ Đình 2, Nam Từ Liêm","21.0344581604004, 105.769653320313"
41407329,04/03/2025,"Chính chủ gửi bán căn hộ tòa Vinaconex 7 Hàm Nghi, DT 110m2,3PN,2VS, giá thỏa thuận, LH 0981 245 ***",Giá thỏa thuận,110 m²,N/A,3,2,"Cầu Diễn, Nam Từ Liêm","21.03388786315918, 105.75962829589844"
42309417,04/03/2025,"Chính chủ cần tiền bán nhanh căn 2003 DT 133m2 HH2 Bắc Hà, full đồ đẹp xịn xò",Giá thỏa thuận,133 m²,N/A,3,2,"Trung Văn, Nam Từ Liêm","20.997401215054282, 105.79506184790792"
42331475,04/03/2025,Bán căn hộ chung cư 1PN+1 giá 3.X Tỷ dự án Masteri West Heights. Lh 0984 576 ***,"3,4 tỷ",48 m²,"70,83 tr/m²",1,1,"Tây Mỗ, Nam Từ Liêm","21.00677403214615, 105.7374828654991"
42330602,04/03/2025,"The Matrix One căn 3N2VS view công viên tầng trung giá rẻ nhất 11.2 tỷ sẵn sổ đỏ, lot để ô tô","11,2 tỷ",114 m²,"98,25 tr/m²",3,2,"Mễ Trì, Nam Từ Liêm","21.0094314301309, 105.773785122357"
42305808,04/03/2025,"Bán căn 2PN - 94m2, tầng trung, view đẹp tại The Zei giá chỉ 7,5 tỷ, có slot ô tô. LH: 0343 191 ***","7,5 tỷ",94 m²,"79,79 tr/m²",2,2,"Mỹ Đình 2, Nam Từ Liêm","21.0350742726732, 105.769455968293"
40613730,04/03/2025,"Bán căn hộ 3PN chung cư An Bình Plaza - 97 Trần Bình, hướng mát, view thoáng giá 5.3 tỷ","5,3 tỷ",83 m²,"63,86 tr/m²",2,2,"Mỹ Đình 2, Nam Từ Liêm","21.0309085845947, 105.777183532715"
42308219,04/03/2025,"Chủ nhà cần tiền thiện chí bán căn hộ The Zei 108m2 3PN, nội thất cơ bản thoải mái decor theo ý","8,8 tỷ",108 m²,"81,48 tr/m²",3,2,"Mỹ Đình 2, Nam Từ Liêm","21.0350075871003, 105.769975734322"
41304077,04/03/2025,"Bán căn hộ chung cư Mỹ Đình I - Nam Từ Liêm, DT 120m2, 03PN, hướng mát, sẵn sổ, nhiều tiện ích",Giá thỏa thuận,120 m²,N/A,3,3,"Cầu Diễn, Nam Từ Liêm","21.034912109375, 105.764404296875"
42309457,04/03/2025,Bán gấp căn 2PN 76.1m2 Roman giá rẻ nhất thị trường hiện nay,Giá thỏa thuận,"76,1 m²",N/A,2,2,"Đại Mỗ, Nam Từ Liêm","20.9840647941747, 105.777098889887"
42240499,04/03/2025,"Bán căn hộ 90m2 chung cư CT3B Khu Mễ Trì Thượng - Nam Từ Liêm, sẵn sổ, đầy đủ nội thất, giá 4.5 tỷ","4,5 tỷ",90 m²,50 tr/m²,3,2,"Mễ Trì, Nam Từ Liêm","21.00555295625269, 105.77918966106435"
42331622,04/03/2025,"Mới! Duy nhất 1 căn Penhouse Duplex tại Iris Garden, 4 PN, 4 WC, 190 m2, giá thỏa thuận",15 tỷ,190 m²,"78,95 tr/m²",4,4,"Cầu Diễn, Nam Từ Liêm","21.030504454822, 105.760078975686"
42094093,06/03/2025,"CC bán 4 căn studio-1.7tỷ, 1PN-2.6tỷ, 2PN - 55m - 3.15tỷ, 2PN-69m-căn góc-3.5tỷ KĐT VH SmartCity","3,5 tỷ",69 m²,"50,72 tr/m²",2,2,·,"21.00896554583784, 105.74391527504923"
42263840,06/03/2025,CC bán chuyển nhượng: Stu-1tỷ56; 1PN+2tỷ350; 2PN-2.9tỷ; 2PN+3.66tỷ; 3PN-4.2tỷ Vinhomes Smart City,"4,2 tỷ",81 m²,"51,85 tr/m²",3,2,·,"21.006672474017645, 105.73667484931228"
42341054,05/03/2025,Qũy 299 căn độc quyền giá tốt nhất DA Vinhomes Smart City của Thành Phát Land - Mr.Đạt 0975 233 ***,"3,9 tỷ",64 m²,"60,94 tr/m²",2,N/A,·,"21.006196487006093, 105.73683771089314"
42336541,05/03/2025,Quỹ căn hộ chung cư Smart City bán giá tốt cập nhật tháng 3 năm 2025 Lh xem nhà 0911 447 ***,"3,49 tỷ",59 m²,"59,15 tr/m²",2,2,·,"21.008579815610283, 105.74449839062483"
42333189,04/03/2025,"Nhận Đặt Chỗ The Matrix One GĐ2 Lê Quang Đạo Mỹ Đình - Quỹ căn đẹp, chiết khấu cao. HTLS 0%",Giá thỏa thuận,80 m²,N/A,N/A,N/A,·,"21.009221957676402, 105.77394807909312"
42289256,04/03/2025,"Chính chủ cần bán CC căn góc, 3 PN tại CC cao cấp Capital Elite - 18 Phạm Hùng, Hà Nội","12,54 tỷ",114 m²,110 tr/m²,3,2,·,"21.018605109826964, 105.78109750088184"
42227142,28/02/2025,"Căn góc 3PN 80m2 full nội thất như hình, vị trí kế cận Parking Zone + gần công viên trung tâm","5,35 tỷ",80 m²,"66,88 tr/m²",3,2,·,"21.008931443308448, 105.74397238823244"
42298690,28/02/2025,"Tổng hợp quỹ căn hộ bán studio, 1PN - 4PN Giá Siêu Rẻ - HOT Smart City cập nhật mới nhất 28/02/2025","5,95 tỷ",94 m²,"63,3 tr/m²",3,2,·,"21.009065548393455, 105.74404771271202"
41770155,28/02/2025,Bán căn 3PN 3VS BC Đông Nam view bể bơi GS53809 The Miami Vinhomes Smart City 5.23 tỷ 0982 782 ***,"5,24 tỷ","84,5 m²",62 tr/m²,3,3,·,"21.006448242328226, 105.74567104687983"
42249907,06/03/2025,Độc quyền quỹ căn hộ Skylake loại 1-2-3-4 ngủ & Sky Villa giá chuyển nhượng tốt nhất thị trường,9 tỷ,102 m²,"88,24 tr/m²",3,2,"Mỹ Đình 1, Nam Từ Liêm","21.02035229403847, 105.7807712928192"
33093016,06/03/2025,Bán Vinhomes Skylake từ 1pn 4.9 tỷ - 2pn 6.3 tỷ - 3pn 9.2 tỷ - 4pn 15 tỷ - Penthouse LH 0976 069 ***,"9,2 tỷ",100 m²,92 tr/m²,3,2,"Mỹ Đình 1, Nam Từ Liêm","21.0201683044434, 105.780754089355"
42352601,06/03/2025,"Quỹ căn Vinhomes Skylake Phạm Hùng, Mỹ Đình, Nam Từ Liêm 3PN giá tốt nhất T3/2025",8 tỷ,90 m²,"88,89 tr/m²",3,2,"Mỹ Đình 1, Nam Từ Liêm","21.0201683044434, 105.780754089355"
42354092,06/03/2025,Bán căn hộ chung cư 130m2 vew hồ điều hoà,7 tỷ,130 m²,"53,85 tr/m²",3,2,"Trung Văn, Nam Từ Liêm","20.99652076076155, 105.79308443200304"
42353866,06/03/2025,"BỐ MẸ TÔI CẦN BÁN CĂN HỘ CAO CẤP THE ZEI LÊ ĐỨC THỌ, SỔ ĐỎ CHÍNH CHỦ, CĂN HỘ TẦNG RẤT ĐẸP VIEW ĐẸP",Giá thỏa thuận,92 m²,N/A,2,2,"Mỹ Đình 2, Nam Từ Liêm","21.03456821534531, 105.76972411520549"
42353745,06/03/2025,"Em Thơm cập nhật quỹ căn 2,3,4PN Iris Garden T3/2025 DT 61,104,135m giá tốt, sẵn sổ. LH 0968 748 ***",Giá thỏa thuận,135 m²,N/A,3,2,"Cầu Diễn, Nam Từ Liêm","21.031296230958937, 105.76011129560898"
42286412,06/03/2025,Phan Hằng Group độc quyền danh sách căn hộ chuyển nhượng Gardenia loại 1-2-3-4 PN & Duplex giá tốt,9 tỷ,105 m²,"85,71 tr/m²",3,2,"Cầu Diễn, Nam Từ Liêm","21.036189811476795, 105.76063250260428"
42353214,06/03/2025,"Bán nhanh CH 2n2wc 67m2 đông nam view bể bơi, sắp bàn giao, phân khu cao cấp2 hầm đỗ xe","4,7 tỷ",67 m²,"70,15 tr/m²",2,2,"Tây Mỗ, Nam Từ Liêm","21.0012061457344, 105.738420344348"
42353201,06/03/2025,"Bán căn 4PN, 154m2 Tháp A Sunshine Center, 16 Phạm Hùng, nhà đẹp VIEW THÀNH PHỐ. LH 0968 748 ***","10,7 tỷ",154 m²,"69,48 tr/m²",4,3,"Mỹ Đình 2, Nam Từ Liêm","21.018439110098342, 105.78170252416922"
41777596,06/03/2025,"Tổng hợp 99 căn hộ giá rẻ nhất dự án Imperia Smart City, Phường Tây Mỗ, Nam Từ Liêm, Hà Nội",3 tỷ,43 m²,"69,77 tr/m²",1,1,"Tây Mỗ, Nam Từ Liêm","20.999611121117169, 105.73783906118112"
42160516,06/03/2025,"Bán căn hộ Iris Garden 30 Trần Hữu Dực, DT 60,7 đến 135m2 2 và 3 ngủ 4,4 tỷ đến 8,3 tỷ xem nhà 24/7","4,4 tỷ","60,7 m²","72,49 tr/m²",2,2,"Cầu Diễn, Nam Từ Liêm","21.030556488691975, 105.76003744793786"
39993461,06/03/2025,"Tổng hợp 99 căn hộ chuyển nhượng I1, I2, I3, I4, I5 giá rẻ từ 1.9tỷ-3.7tỷ hỗ trợ vay vốn ngân hàng","3,6 tỷ",55 m²,"65,46 tr/m²",2,1,"Tây Mỗ, Nam Từ Liêm","20.99933031642184, 105.73806364771225"
42351753,06/03/2025,"Em Thanh 0916 820 *** cập đầy đủ quỹ căn 2PN, 3PN Iris Garden DT 61m-104m-135m giá tốt, sẵn sổ","7,2 tỷ",104 m²,"69,23 tr/m²",3,2,"Cầu Diễn, Nam Từ Liêm","21.03138464175845, 105.76066530889392"
42105531,06/03/2025,Mình là Thắng bán 09 căn: Stu - 1tỷ780; 1PN + 2tỷ55; 2PN - 3.7 tỷ; 3PN - 5.3tỷ Masteri West Heights,"2,55 tỷ","46,5 m²","54,84 tr/m²",1,1,"Tây Mỗ, Nam Từ Liêm","21.0064303561987, 105.736212138223"
42140367,06/03/2025,Chính chủ bán mấy căn: Studio - 1tỷ66 và 2PN - 69m2 - 3tỷ8/ 1PN - 2.5tỷ và 2PN 2.8tỷ Imperia Smart,"2,5 tỷ",46 m²,"54,35 tr/m²",1,N/A,"Tây Mỗ, Nam Từ Liêm","20.9995084461966, 105.737896856457"
41539651,06/03/2025,"Tôi chính chủ cần bán cả 2 căn: 2PN + 1, 69m2 - 3 tỷ450 và 2PN, 59m2 - 2 tỷ 650 Vinhomes Smart City","2,65 tỷ",59 m²,"44,92 tr/m²",2,1,"Tây Mỗ, Nam Từ Liêm","21.006288978449994, 105.73647380208189"
36108819,06/03/2025,"Full quỹ căn chuyển nhượng căn hộ 2PN giá 7 tỷ, 3PN giá 10 tỷ, tư vấn giai đoạn 2 tháng 3 mở bán!",Giá thỏa thuận,"111,67 m²",N/A,3,2,"Mễ Trì, Nam Từ Liêm","21.0093860626221, 105.773872375488"
42349595,06/03/2025,"Độc quyền bán căn hộ 73m2 chung cư Mỹ Đình Pearl giá cực rẻ, view hồ đẹp","5,95 tỷ",73 m²,"81,51 tr/m²",2,2,"Phú Đô, Nam Từ Liêm","21.01247240171826, 105.76746957855175"
42348609,06/03/2025,"3,05 tỷ CH 1N 43m2 view bể bơi 4 mùa sang xịn ban công đông nam, nhà mới tinh vừa bàn giao","3,05 triệu",43 m²,"70,93 nghìn/m²",1,1,"Tây Mỗ, Nam Từ Liêm","21.0051705312869, 105.738859422965"
41809743,06/03/2025,"Iris Garden quỹ căn 2 - 3 ngủ cần bán, giá tốt nhất thị trường, chỉ từ 4,3-7,7tỷ, sẵn sổ, 096300283","4,3 tỷ",65 m²,"66,15 tr/m²",2,2,"Cầu Diễn, Nam Từ Liêm","21.03064569478025, 105.76022366366425"
42347880,06/03/2025,"Iris Garden - cập nhật quỹ căn 2PN, 3PN diện tích 61,7m2, 104m2, 135m2 cam kết giá tốt nhất","7,3 tỷ",104 m²,"70,19 tr/m²",3,2,"Cầu Diễn, Nam Từ Liêm","21.03175457337846, 105.75988780411228"
42342711,05/03/2025,Dự án bất động sản Vinhomes Green Bay. Căn hộ hạng VIP bậc nhất dự án thiết kế 115m2,Giá thỏa thuận,115 m²,N/A,4,3,"Mễ Trì, Nam Từ Liêm","20.99903874194506, 105.78824715803697"
39195725,05/03/2025,200 Căn chuyển nhượng giá từ 7 tỷ - 8tỷ tại The Matrix One . Tư vấn giai đoạn 2 tháng 3 mở bán !,Giá thỏa thuận,"111,98 m²",N/A,3,2,"Mễ Trì, Nam Từ Liêm","21.0093860626221, 105.773872375488"
41905908,05/03/2025,CDT bán quỹ 80 căn hộ mini tại Mễ Trì và Đình Thôn thiết kế 1 - 2 phòng ngủ chỉ từ 1 tỷ/căn đủ PCCC,"1,25 tỷ",45 m²,"27,78 tr/m²",2,1,"Mễ Trì, Nam Từ Liêm","21.0136775374037, 105.781573005067"
41769699,05/03/2025,Cập nhật liên tục quỹ căn studio - 1PN - 3PN bán giá tốt nhất thị trường chung cư Lumiere evergreen,"3,5 tỷ",43 m²,"81,4 tr/m²",1,1,"Tây Mỗ, Nam Từ Liêm","21.005625732386545, 105.73673518905939"
42138057,04/03/2025,Tôi chính chủ cần bán căn hộ 2 ngủ 1 WC toà GS3 giá 3.2 tỷ diện tích 59.1m2 Vinhomes Smart City,"3,2 tỷ","59,1 m²","54,15 tr/m²",2,1,"Tây Mỗ, Nam Từ Liêm","21.006223991304953, 105.7449282995138"
40570286,04/03/2025,"Quỹ 66 căn chuyển nhượng 2PN - 7tỉ, 3PN, Dual Key - 11 tỉ The Matrix One-GD1, GD2-Cam kết giá tốt","8,67 tỷ",115 m²,"75,36 tr/m²",3,2,"Mễ Trì, Nam Từ Liêm","21.00872972510633, 105.77446701143523"
42221571,04/03/2025,"Quỹ 1000 căn chuyển nhượng cắt lỗ giá rẻ nhất, Căn 1PN + từ 2.7 tỷ, căn 2PN - 3.4 tỷ, 3PN - 4.5 tỷ","3,8 tỷ",64 m²,"59,38 tr/m²",2,2,"Tây Mỗ, Nam Từ Liêm","21.0090178491477, 105.7437424432202"
42329043,04/03/2025,Em Toàn chuyên chuyển nhượng căn hộ tại CC Florence - 28 Trần Hữu Dực. Cập nhật quỹ căn,"6,75 tỷ","91,5 m²","73,77 tr/m²",3,2,"Cầu Diễn, Nam Từ Liêm","21.031366082781336, 105.76173167568116"
42328980,04/03/2025,Em Toàn cập nhật quỹ căn 2PN 3PN Duplex giá tốt tại CCCC The Zei - Số 8 Lê Đức Thọ,Giá thỏa thuận,108 m²,N/A,3,2,"Mỹ Đình 2, Nam Từ Liêm","21.0346233871829, 105.769108051663"
42223598,04/03/2025,"Bán CHCC Vinhomes Skylake. Căn hộ 2PN 73m2 tòa S2, BC Đông Nam view Keangnam. Giá chỉ 6.5 tỷ","6,5 tỷ",73 m²,"89,04 tr/m²",2,2,"Mỹ Đình 1, Nam Từ Liêm","21.0201683044434, 105.780754089355"
42327580,04/03/2025,Bán căn hộ 2PN - 59m2 - 3.15 tỷ (giá thật k ảo) toà GS1(The Miami) KĐT Vinhomes Smart City,"3,15 tỷ",59 m²,"53,39 tr/m²",2,2,"Tây Mỗ, Nam Từ Liêm","21.0072003490793, 105.745089749264"
42315069,03/03/2025,"Cập nhật quỹ căn 2PN-3N-Duplex chung cư The Zei đa dạng diện tích , cam kết giá tốt nhất thị trường","9,4 tỷ",108 m²,"87,04 tr/m²",3,4,"Mỹ Đình 2, Nam Từ Liêm","21.033736617777866, 105.76914364617026"
41861023,03/03/2025,Cư dân gửi BQL Vinhomes Green Bay Mễ Trì 10 căn: Studio; 2N1VS; 2N2VS; 3N - giá cực rẻ!,Giá thỏa thuận,"28,5 m²",N/A,1,N/A,"Mễ Trì, Nam Từ Liêm","20.999146502182, 105.78846913308"
42319084,03/03/2025,Em Minh Ngọc chuyên dự án CT8 The Emerald xin cập nhật quỹ căn chuyển nhượng T3/2025. Cam kết ko ảo,"8,95 tỷ",124 m²,"72,18 tr/m²",4,3,"Mỹ Đình 1, Nam Từ Liêm","21.0214208876908, 105.772223325796"
42228699,03/03/2025,"Bán quỹ căn hộ chung cư Sunshine Center DT 113m2,130m2, 159m2 giá rẻ nhất thị trường LH: 0906 241 ***","7,3 tỷ",114 m²,"64,04 tr/m²",3,2,"Mỹ Đình 2, Nam Từ Liêm","21.018014968987568, 105.78246323675572"
42316980,03/03/2025,"Bán căn 2PN, 2VS ban công ĐN, có slot ô tô 67m2 chung cư HD Mon City, Hàm Nghi. LH 0916 820 ***","4,9 tỷ",67 m²,"73,13 tr/m²",2,2,"Mỹ Đình 2, Nam Từ Liêm","21.03562037162848, 105.7675801189657"
42316751,03/03/2025,"Bán quỹ căn giá tốt nhất T3/2025 diện tích từ 133-186-198m toà DolphinPlaza, pháp lý sổ đỏ, full đồ","7,8 tỷ",133 m²,"58,65 tr/m²",2,2,"Mỹ Đình 2, Nam Từ Liêm","21.029387751189013, 105.77723926904606"
42316691,03/03/2025,"Giá rẻ nhất Cập nhật quỹ CH 2PN, 3PN diện tích 61,7m2, 03m2,135m2 Dự án Iris Garden, LH: 0906 241 ***","4,3 tỷ",61 m²,"70,49 tr/m²",2,2,"Cầu Diễn, Nam Từ Liêm","21.0314048846523, 105.75964700695924"
42314474,03/03/2025,"Bán quỹ căn 2,3PN, Duplex toà The Zei, pháp lý sổ đỏ, đủ nội thất, giá tốt nhất thị trường T3/2025","9,6 tỷ","107,7 m²","89,14 tr/m²",3,2,"Mỹ Đình 2, Nam Từ Liêm","21.034752181652873, 105.76956377912583"
42312414,02/03/2025,"Sốc! Duplex 193,2 m2 - View cầu ánh sáng - BC Đông Nam tại tòa S - Tiến độ giãn - Chủ nhà tk gấp","16,5 tỷ","193,2 m²","85,4 tr/m²",4,3,"Tây Mỗ, Nam Từ Liêm","21.01175062161147, 105.73517282010626"
42311833,02/03/2025,"Bán quỹ căn hộ Sunshine Center diện tích 103m2, 130m2, 159m2, bàn giao full nội thất-LH 0389 018 ***","7,5 tỷ",103 m²,"72,82 tr/m²",3,2,"Mỹ Đình 2, Nam Từ Liêm","21.018457312776732, 105.78103706229791"
42309603,02/03/2025,CĐT Mở bán Ccmn Phạm Hùng - Mỹ Đình - Cầu Giấy 35 - 45 - 50 - 52m giá từ 1.12tỷ/căn sổ đỏ chính chủ,"1,25 tỷ",35 m²,"35,71 tr/m²",2,1,"Mễ Trì, Nam Từ Liêm","21.0177770951243, 105.780982894997"
42200216,01/03/2025,Cập nhật: Quỹ căn Vinhomes Skylake 1PN- 2PN- 3PN- 4PN- penthouse- SkyVilla View Hồ chỉ từ 92.5tr/m2,"9,2 tỷ",86 m²,"106,98 tr/m²",3,2,"Mỹ Đình 1, Nam Từ Liêm","21.0199176629261, 105.781384832202"
42303740,01/03/2025,"Tổng hợp hàng ngày quỹ căn giá tốt 1PN-2PN-3PN-4PN, Penthouse Chung cư Dolphin Plaza. Lh 0937 466 ***",Giá thỏa thuận,152 m²,N/A,3,3,"Mỹ Đình 2, Nam Từ Liêm","21.0300445556641, 105.776626586914"
42303623,01/03/2025,"Quỹ 999 CH: Studo=1PN +,2PN +,3PN ở Masteri WH, Tonkin, Imperia... Tại Smart City, giá chỉ từ 1.5ty","1,55 tỷ",30 m²,"51,67 tr/m²",1,1,"Tây Mỗ, Nam Từ Liêm","21.0090081598915, 105.74428532782217"
42303094,01/03/2025,"Tổng hợp đầy đủ quỹ căn 2PN-3PN-4PN, Duplex/Penthouse chung cư The Zei Plaza. Nơi trái tim Mỹ Đình",Giá thỏa thuận,106 m²,N/A,3,2,"Mỹ Đình 2, Nam Từ Liêm","21.0343785904851, 105.769518631561"
42079717,28/02/2025,"Rất hót! Bán căn 1 ngủ + full đồ sang chảnh, giá 2.795 tỷ như hình, Vinhomes Smart","2,8 tỷ",43 m²,65 tr/m²,1,1,"Tây Mỗ, Nam Từ Liêm","21.008180471590737, 105.74407998681056"
41248900,28/02/2025,"Bán căn hộ Vinhomes Smart City giá hiếm có 3,8 tỷ, 2 ngủ 2VS+, căn góc, to","3,8 tỷ",65 m²,"58,46 tr/m²",3,2,"Tây Mỗ, Nam Từ Liêm","21.0089626312256, 105.743911743164"
42291059,28/02/2025,"Duy nhất căn Duplex Lumi Hà Nội. 17,45 tỷ/193m2, tầng trung ban công Đông Nam. CK 12%. HTLS 0%","17,45 tỷ",193 m²,"90,42 tr/m²",4,3,"Tây Mỗ, Nam Từ Liêm","21.0116212514908, 105.735275254822"
42094093,06/03/2025,"CC bán 4 căn studio-1.7tỷ, 1PN-2.6tỷ, 2PN - 55m - 3.15tỷ, 2PN-69m-căn góc-3.5tỷ KĐT VH SmartCity","3,5 tỷ",69 m²,"50,72 tr/m²",2,2,·,"21.00896554583784, 105.74391527504923"
42263840,06/03/2025,CC bán chuyển nhượng: Stu-1tỷ56; 1PN+2tỷ350; 2PN-2.9tỷ; 2PN+3.66tỷ; 3PN-4.2tỷ Vinhomes Smart City,"4,2 tỷ",81 m²,"51,85 tr/m²",3,2,·,"21.006672474017645, 105.73667484931228"
42341054,05/03/2025,Qũy 299 căn độc quyền giá tốt nhất DA Vinhomes Smart City của Thành Phát Land - Mr.Đạt 0975 233 ***,"3,9 tỷ",64 m²,"60,94 tr/m²",2,N/A,·,"21.006196487006093, 105.73683771089314"
42336541,05/03/2025,Quỹ căn hộ chung cư Smart City bán giá tốt cập nhật tháng 3 năm 2025 Lh xem nhà 0911 447 ***,"3,49 tỷ",59 m²,"59,15 tr/m²",2,2,·,"21.008579815610283, 105.74449839062483"
42333189,04/03/2025,"Nhận Đặt Chỗ The Matrix One GĐ2 Lê Quang Đạo Mỹ Đình - Quỹ căn đẹp, chiết khấu cao. HTLS 0%",Giá thỏa thuận,80 m²,N/A,N/A,N/A,·,"21.009221957676402, 105.77394807909312"
42289256,04/03/2025,"Chính chủ cần bán CC căn góc, 3 PN tại CC cao cấp Capital Elite - 18 Phạm Hùng, Hà Nội","12,54 tỷ",114 m²,110 tr/m²,3,2,·,"21.018605109826964, 105.78109750088184"
42227142,28/02/2025,"Căn góc 3PN 80m2 full nội thất như hình, vị trí kế cận Parking Zone + gần công viên trung tâm","5,35 tỷ",80 m²,"66,88 tr/m²",3,2,·,"21.008931443308448, 105.74397238823244"
42298690,28/02/2025,"Tổng hợp quỹ căn hộ bán studio, 1PN - 4PN Giá Siêu Rẻ - HOT Smart City cập nhật mới nhất 28/02/2025","5,95 tỷ",94 m²,"63,3 tr/m²",3,2,·,"21.009065548393455, 105.74404771271202"
41770155,28/02/2025,Bán căn 3PN 3VS BC Đông Nam view bể bơi GS53809 The Miami Vinhomes Smart City 5.23 tỷ 0982 782 ***,"5,24 tỷ","84,5 m²",62 tr/m²,3,3,·,"21.006448242328226, 105.74567104687983"
39990450,20/02/2025,"Cập nhật - Quỹ chuyển nhượng 1PN-2PN-3PN giá 2,650 tỷ bao phí - Full Đồ - Về ở ngay - Có hỗ trợ vay","2,65 tỷ",43 m²,"61,63 tr/m²",1,1,·,"21.008968590148015, 105.74386285896819"
42249907,06/03/2025,Độc quyền quỹ căn hộ Skylake loại 1-2-3-4 ngủ & Sky Villa giá chuyển nhượng tốt nhất thị trường,9 tỷ,102 m²,"88,24 tr/m²",3,2,"Mỹ Đình 1, Nam Từ Liêm","21.02035229403847, 105.7807712928192"
33093016,06/03/2025,Bán Vinhomes Skylake từ 1pn 4.9 tỷ - 2pn 6.3 tỷ - 3pn 9.2 tỷ - 4pn 15 tỷ - Penthouse LH 0976 069 ***,"9,2 tỷ",100 m²,92 tr/m²,3,2,"Mỹ Đình 1, Nam Từ Liêm","21.0201683044434, 105.780754089355"
42352601,06/03/2025,"Quỹ căn Vinhomes Skylake Phạm Hùng, Mỹ Đình, Nam Từ Liêm 3PN giá tốt nhất T3/2025",8 tỷ,90 m²,"88,89 tr/m²",3,2,"Mỹ Đình 1, Nam Từ Liêm","21.0201683044434, 105.780754089355"
42354092,06/03/2025,Bán căn hộ chung cư 130m2 vew hồ điều hoà,7 tỷ,130 m²,"53,85 tr/m²",3,2,"Trung Văn, Nam Từ Liêm","20.99652076076155, 105.79308443200304"
42353866,06/03/2025,"BỐ MẸ TÔI CẦN BÁN CĂN HỘ CAO CẤP THE ZEI LÊ ĐỨC THỌ, SỔ ĐỎ CHÍNH CHỦ, CĂN HỘ TẦNG RẤT ĐẸP VIEW ĐẸP",Giá thỏa thuận,92 m²,N/A,2,2,"Mỹ Đình 2, Nam Từ Liêm","21.03456821534531, 105.76972411520549"
42353745,06/03/2025,"Em Thơm cập nhật quỹ căn 2,3,4PN Iris Garden T3/2025 DT 61,104,135m giá tốt, sẵn sổ. LH 0968 748 ***",Giá thỏa thuận,135 m²,N/A,3,2,"Cầu Diễn, Nam Từ Liêm","21.031296230958937, 105.76011129560898"
42286412,06/03/2025,Phan Hằng Group độc quyền danh sách căn hộ chuyển nhượng Gardenia loại 1-2-3-4 PN & Duplex giá tốt,9 tỷ,105 m²,"85,71 tr/m²",3,2,"Cầu Diễn, Nam Từ Liêm","21.036189811476795, 105.76063250260428"
42353214,06/03/2025,"Bán nhanh CH 2n2wc 67m2 đông nam view bể bơi, sắp bàn giao, phân khu cao cấp2 hầm đỗ xe","4,7 tỷ",67 m²,"70,15 tr/m²",2,2,"Tây Mỗ, Nam Từ Liêm","21.0012061457344, 105.738420344348"
42353201,06/03/2025,"Bán căn 4PN, 154m2 Tháp A Sunshine Center, 16 Phạm Hùng, nhà đẹp VIEW THÀNH PHỐ. LH 0968 748 ***","10,7 tỷ",154 m²,"69,48 tr/m²",4,3,"Mỹ Đình 2, Nam Từ Liêm","21.018439110098342, 105.78170252416922"
41777596,06/03/2025,"Tổng hợp 99 căn hộ giá rẻ nhất dự án Imperia Smart City, Phường Tây Mỗ, Nam Từ Liêm, Hà Nội",3 tỷ,43 m²,"69,77 tr/m²",1,1,"Tây Mỗ, Nam Từ Liêm","20.999611121117169, 105.73783906118112"
42160516,06/03/2025,"Bán căn hộ Iris Garden 30 Trần Hữu Dực, DT 60,7 đến 135m2 2 và 3 ngủ 4,4 tỷ đến 8,3 tỷ xem nhà 24/7","4,4 tỷ","60,7 m²","72,49 tr/m²",2,2,"Cầu Diễn, Nam Từ Liêm","21.030556488691975, 105.76003744793786"
39993461,06/03/2025,"Tổng hợp 99 căn hộ chuyển nhượng I1, I2, I3, I4, I5 giá rẻ từ 1.9tỷ-3.7tỷ hỗ trợ vay vốn ngân hàng","3,6 tỷ",55 m²,"65,46 tr/m²",2,1,"Tây Mỗ, Nam Từ Liêm","20.99933031642184, 105.73806364771225"
42351753,06/03/2025,"Em Thanh 0916 820 *** cập đầy đủ quỹ căn 2PN, 3PN Iris Garden DT 61m-104m-135m giá tốt, sẵn sổ","7,2 tỷ",104 m²,"69,23 tr/m²",3,2,"Cầu Diễn, Nam Từ Liêm","21.03138464175845, 105.76066530889392"
42105531,06/03/2025,Mình là Thắng bán 09 căn: Stu - 1tỷ780; 1PN + 2tỷ55; 2PN - 3.7 tỷ; 3PN - 5.3tỷ Masteri West Heights,"2,55 tỷ","46,5 m²","54,84 tr/m²",1,1,"Tây Mỗ, Nam Từ Liêm","21.0064303561987, 105.736212138223"
42140367,06/03/2025,Chính chủ bán mấy căn: Studio - 1tỷ66 và 2PN - 69m2 - 3tỷ8/ 1PN - 2.5tỷ và 2PN 2.8tỷ Imperia Smart,"2,5 tỷ",46 m²,"54,35 tr/m²",1,N/A,"Tây Mỗ, Nam Từ Liêm","20.9995084461966, 105.737896856457"
41539651,06/03/2025,"Tôi chính chủ cần bán cả 2 căn: 2PN + 1, 69m2 - 3 tỷ450 và 2PN, 59m2 - 2 tỷ 650 Vinhomes Smart City","2,65 tỷ",59 m²,"44,92 tr/m²",2,1,"Tây Mỗ, Nam Từ Liêm","21.006288978449994, 105.73647380208189"
36108819,06/03/2025,"Full quỹ căn chuyển nhượng căn hộ 2PN giá 7 tỷ, 3PN giá 10 tỷ, tư vấn giai đoạn 2 tháng 3 mở bán!",Giá thỏa thuận,"111,67 m²",N/A,3,2,"Mễ Trì, Nam Từ Liêm","21.0093860626221, 105.773872375488"
42349595,06/03/2025,"Độc quyền bán căn hộ 73m2 chung cư Mỹ Đình Pearl giá cực rẻ, view hồ đẹp","5,95 tỷ",73 m²,"81,51 tr/m²",2,2,"Phú Đô, Nam Từ Liêm","21.01247240171826, 105.76746957855175"
42348609,06/03/2025,"3,05 tỷ CH 1N 43m2 view bể bơi 4 mùa sang xịn ban công đông nam, nhà mới tinh vừa bàn giao","3,05 triệu",43 m²,"70,93 nghìn/m²",1,1,"Tây Mỗ, Nam Từ Liêm","21.0051705312869, 105.738859422965"
41809743,06/03/2025,"Iris Garden quỹ căn 2 - 3 ngủ cần bán, giá tốt nhất thị trường, chỉ từ 4,3-7,7tỷ, sẵn sổ, 096300283","4,3 tỷ",65 m²,"66,15 tr/m²",2,2,"Cầu Diễn, Nam Từ Liêm","21.03064569478025, 105.76022366366425"
42347880,06/03/2025,"Iris Garden - cập nhật quỹ căn 2PN, 3PN diện tích 61,7m2, 104m2, 135m2 cam kết giá tốt nhất","7,3 tỷ",104 m²,"70,19 tr/m²",3,2,"Cầu Diễn, Nam Từ Liêm","21.03175457337846, 105.75988780411228"
42342711,05/03/2025,Dự án bất động sản Vinhomes Green Bay. Căn hộ hạng VIP bậc nhất dự án thiết kế 115m2,Giá thỏa thuận,115 m²,N/A,4,3,"Mễ Trì, Nam Từ Liêm","20.99903874194506, 105.78824715803697"
39195725,05/03/2025,200 Căn chuyển nhượng giá từ 7 tỷ - 8tỷ tại The Matrix One . Tư vấn giai đoạn 2 tháng 3 mở bán !,Giá thỏa thuận,"111,98 m²",N/A,3,2,"Mễ Trì, Nam Từ Liêm","21.0093860626221, 105.773872375488"
41905908,05/03/2025,CDT bán quỹ 80 căn hộ mini tại Mễ Trì và Đình Thôn thiết kế 1 - 2 phòng ngủ chỉ từ 1 tỷ/căn đủ PCCC,"1,25 tỷ",45 m²,"27,78 tr/m²",2,1,"Mễ Trì, Nam Từ Liêm","21.0136775374037, 105.781573005067"
41769699,05/03/2025,Cập nhật liên tục quỹ căn studio - 1PN - 3PN bán giá tốt nhất thị trường chung cư Lumiere evergreen,"3,5 tỷ",43 m²,"81,4 tr/m²",1,1,"Tây Mỗ, Nam Từ Liêm","21.005625732386545, 105.73673518905939"
42138057,04/03/2025,Tôi chính chủ cần bán căn hộ 2 ngủ 1 WC toà GS3 giá 3.2 tỷ diện tích 59.1m2 Vinhomes Smart City,"3,2 tỷ","59,1 m²","54,15 tr/m²",2,1,"Tây Mỗ, Nam Từ Liêm","21.006223991304953, 105.7449282995138"
40570286,04/03/2025,"Quỹ 66 căn chuyển nhượng 2PN - 7tỉ, 3PN, Dual Key - 11 tỉ The Matrix One-GD1, GD2-Cam kết giá tốt","8,67 tỷ",115 m²,"75,36 tr/m²",3,2,"Mễ Trì, Nam Từ Liêm","21.00872972510633, 105.77446701143523"
42221571,04/03/2025,"Quỹ 1000 căn chuyển nhượng cắt lỗ giá rẻ nhất, Căn 1PN + từ 2.7 tỷ, căn 2PN - 3.4 tỷ, 3PN - 4.5 tỷ","3,8 tỷ",64 m²,"59,38 tr/m²",2,2,"Tây Mỗ, Nam Từ Liêm","21.0090178491477, 105.7437424432202"
42329043,04/03/2025,Em Toàn chuyên chuyển nhượng căn hộ tại CC Florence - 28 Trần Hữu Dực. Cập nhật quỹ căn,"6,75 tỷ","91,5 m²","73,77 tr/m²",3,2,"Cầu Diễn, Nam Từ Liêm","21.031366082781336, 105.76173167568116"
42328980,04/03/2025,Em Toàn cập nhật quỹ căn 2PN 3PN Duplex giá tốt tại CCCC The Zei - Số 8 Lê Đức Thọ,Giá thỏa thuận,108 m²,N/A,3,2,"Mỹ Đình 2, Nam Từ Liêm","21.0346233871829, 105.769108051663"
42223598,04/03/2025,"Bán CHCC Vinhomes Skylake. Căn hộ 2PN 73m2 tòa S2, BC Đông Nam view Keangnam. Giá chỉ 6.5 tỷ","6,5 tỷ",73 m²,"89,04 tr/m²",2,2,"Mỹ Đình 1, Nam Từ Liêm","21.0201683044434, 105.780754089355"
42327580,04/03/2025,Bán căn hộ 2PN - 59m2 - 3.15 tỷ (giá thật k ảo) toà GS1(The Miami) KĐT Vinhomes Smart City,"3,15 tỷ",59 m²,"53,39 tr/m²",2,2,"Tây Mỗ, Nam Từ Liêm","21.0072003490793, 105.745089749264"
42315069,03/03/2025,"Cập nhật quỹ căn 2PN-3N-Duplex chung cư The Zei đa dạng diện tích , cam kết giá tốt nhất thị trường","9,4 tỷ",108 m²,"87,04 tr/m²",3,4,"Mỹ Đình 2, Nam Từ Liêm","21.033736617777866, 105.76914364617026"
41861023,03/03/2025,Cư dân gửi BQL Vinhomes Green Bay Mễ Trì 10 căn: Studio; 2N1VS; 2N2VS; 3N - giá cực rẻ!,Giá thỏa thuận,"28,5 m²",N/A,1,N/A,"Mễ Trì, Nam Từ Liêm","20.999146502182, 105.78846913308"
42319084,03/03/2025,Em Minh Ngọc chuyên dự án CT8 The Emerald xin cập nhật quỹ căn chuyển nhượng T3/2025. Cam kết ko ảo,"8,95 tỷ",124 m²,"72,18 tr/m²",4,3,"Mỹ Đình 1, Nam Từ Liêm","21.0214208876908, 105.772223325796"
42228699,03/03/2025,"Bán quỹ căn hộ chung cư Sunshine Center DT 113m2,130m2, 159m2 giá rẻ nhất thị trường LH: 0906 241 ***","7,3 tỷ",114 m²,"64,04 tr/m²",3,2,"Mỹ Đình 2, Nam Từ Liêm","21.018014968987568, 105.78246323675572"
42316980,03/03/2025,"Bán căn 2PN, 2VS ban công ĐN, có slot ô tô 67m2 chung cư HD Mon City, Hàm Nghi. LH 0916 820 ***","4,9 tỷ",67 m²,"73,13 tr/m²",2,2,"Mỹ Đình 2, Nam Từ Liêm","21.03562037162848, 105.7675801189657"
42316751,03/03/2025,"Bán quỹ căn giá tốt nhất T3/2025 diện tích từ 133-186-198m toà DolphinPlaza, pháp lý sổ đỏ, full đồ","7,8 tỷ",133 m²,"58,65 tr/m²",2,2,"Mỹ Đình 2, Nam Từ Liêm","21.029387751189013, 105.77723926904606"
42316691,03/03/2025,"Giá rẻ nhất Cập nhật quỹ CH 2PN, 3PN diện tích 61,7m2, 03m2,135m2 Dự án Iris Garden, LH: 0906 241 ***","4,3 tỷ",61 m²,"70,49 tr/m²",2,2,"Cầu Diễn, Nam Từ Liêm","21.0314048846523, 105.75964700695924"
42314474,03/03/2025,"Bán quỹ căn 2,3PN, Duplex toà The Zei, pháp lý sổ đỏ, đủ nội thất, giá tốt nhất thị trường T3/2025","9,6 tỷ","107,7 m²","89,14 tr/m²",3,2,"Mỹ Đình 2, Nam Từ Liêm","21.034752181652873, 105.76956377912583"
42312414,02/03/2025,"Sốc! Duplex 193,2 m2 - View cầu ánh sáng - BC Đông Nam tại tòa S - Tiến độ giãn - Chủ nhà tk gấp","16,5 tỷ","193,2 m²","85,4 tr/m²",4,3,"Tây Mỗ, Nam Từ Liêm","21.01175062161147, 105.73517282010626"
42311833,02/03/2025,"Bán quỹ căn hộ Sunshine Center diện tích 103m2, 130m2, 159m2, bàn giao full nội thất-LH 0389 018 ***","7,5 tỷ",103 m²,"72,82 tr/m²",3,2,"Mỹ Đình 2, Nam Từ Liêm","21.018457312776732, 105.78103706229791"
42309603,02/03/2025,CĐT Mở bán Ccmn Phạm Hùng - Mỹ Đình - Cầu Giấy 35 - 45 - 50 - 52m giá từ 1.12tỷ/căn sổ đỏ chính chủ,"1,25 tỷ",35 m²,"35,71 tr/m²",2,1,"Mễ Trì, Nam Từ Liêm","21.0177770951243, 105.780982894997"
42200216,01/03/2025,Cập nhật: Quỹ căn Vinhomes Skylake 1PN- 2PN- 3PN- 4PN- penthouse- SkyVilla View Hồ chỉ từ 92.5tr/m2,"9,2 tỷ",86 m²,"106,98 tr/m²",3,2,"Mỹ Đình 1, Nam Từ Liêm","21.0199176629261, 105.781384832202"
42303740,01/03/2025,"Tổng hợp hàng ngày quỹ căn giá tốt 1PN-2PN-3PN-4PN, Penthouse Chung cư Dolphin Plaza. Lh 0937 466 ***",Giá thỏa thuận,152 m²,N/A,3,3,"Mỹ Đình 2, Nam Từ Liêm","21.0300445556641, 105.776626586914"
42303623,01/03/2025,"Quỹ 999 CH: Studo=1PN +,2PN +,3PN ở Masteri WH, Tonkin, Imperia... Tại Smart City, giá chỉ từ 1.5ty","1,55 tỷ",30 m²,"51,67 tr/m²",1,1,"Tây Mỗ, Nam Từ Liêm","21.0090081598915, 105.74428532782217"
42303094,01/03/2025,"Tổng hợp đầy đủ quỹ căn 2PN-3PN-4PN, Duplex/Penthouse chung cư The Zei Plaza. Nơi trái tim Mỹ Đình",Giá thỏa thuận,106 m²,N/A,3,2,"Mỹ Đình 2, Nam Từ Liêm","21.0343785904851, 105.769518631561"
42079717,28/02/2025,"Rất hót! Bán căn 1 ngủ + full đồ sang chảnh, giá 2.795 tỷ như hình, Vinhomes Smart","2,8 tỷ",43 m²,65 tr/m²,1,1,"Tây Mỗ, Nam Từ Liêm","21.008180471590737, 105.74407998681056"
41248900,28/02/2025,"Bán căn hộ Vinhomes Smart City giá hiếm có 3,8 tỷ, 2 ngủ 2VS+, căn góc, to","3,8 tỷ",65 m²,"58,46 tr/m²",3,2,"Tây Mỗ, Nam Từ Liêm","21.0089626312256, 105.743911743164"
42291059,28/02/2025,"Duy nhất căn Duplex Lumi Hà Nội. 17,45 tỷ/193m2, tầng trung ban công Đông Nam. CK 12%. HTLS 0%","17,45 tỷ",193 m²,"90,42 tr/m²",4,3,"Tây Mỗ, Nam Từ Liêm","21.0116212514908, 105.735275254822"
39354137,27/02/2025,(Hot). Quỹ căn hộ 1PN - 2PN - 3PN - 4PN dự án Vinhomes Sky Lake. Giá tốt nhất hiện tại chỉ từ 4 tỷ,4 tỷ,50 m²,80 tr/m²,2,2,"Mỹ Đình 1, Nam Từ Liêm","21.0201683044434, 105.780754089355"
42274038,26/02/2025,"Quỹ căn chuyển nhượng Vinhomes Smart City giá tốt nhất-chỉ từ 1,7tỷ đến 4.1tỷ. đa dạng từ 1pn -3pn","3,5 tỷ",55 m²,"63,64 tr/m²",2,2,"Tây Mỗ, Nam Từ Liêm","21.00936591863911, 105.74386156953605"
42255661,24/02/2025,"Chính chủ cần bán căn penthouse đẹp nhất Hà Nội, thiết kế độc quyền",Giá thỏa thuận,500 m²,N/A,N/A,5,"Mễ Trì, Nam Từ Liêm","21.01198477420148, 105.77499514200902"
41377709,24/02/2025,Chính thức booking sớm GĐ2 chiết khấu khủng tại The Matrix One + Cung cấp quỹ căn chuyển nhượng GĐ1,Giá thỏa thuận,114 m²,N/A,3,N/A,"Mễ Trì, Nam Từ Liêm","21.009392090903056, 105.77343938115894"
42356103,06/03/2025,"Bán gấp Căn chung cư Roman Plaza Dt:70m2, Đường Tố Hữu, sổ đỏ trao tay nhà full nội thất giá 4.8 tỷ","4,8 tỷ",70 m²,"68,57 tr/m²",2,2,"Đại Mỗ, Nam Từ Liêm","20.984805852314825, 105.77654980331313"
42256480,06/03/2025,"Chính chủ bán chung cư mini Mễ Trì- Phạm Hùng- Đối Diện Keangnam, ngõ to 35m2, 50m2 gần chợ Mỹ Đình","1,09 tỷ",35 m²,"31,14 tr/m²",1,1,"Mễ Trì, Nam Từ Liêm","21.0121831934558, 105.775653972342"
42355871,06/03/2025,"Anh Trai Em Cần Bán CH-79m2 -2Pn-2wc ,view thoáng,full nội thất The Garden Hills 4,5 tỷ","4,5 tỷ",79 m²,"56,96 tr/m²",2,2,"Mỹ Đình 2, Nam Từ Liêm","21.03126337548793, 105.77692205286506"
42355561,06/03/2025,"Bán Căn hộ 186m2 tại Dolphin Plaza, View pháo hoa, nội thất đẳng cấp, giá chỉ 12.9tỷ","12,9 tỷ",186 m²,"69,36 tr/m²",3,2,"Mỹ Đình 2, Nam Từ Liêm","21.030154452237582, 105.7761580325867"
42355556,06/03/2025,"Gia đình Em Bán CH 78m2 -2PN ban công Đông Nam ,view thoáng full nội thất ở Roman Plaza giá 5 tỷ",5 tỷ,78 m²,"64,1 tr/m²",2,2,"Đại Mỗ, Nam Từ Liêm","20.984646252451324, 105.77760147244922"
42354333,06/03/2025,"Cập nhật quỹ CH bán mới nhất tháng 3/2025 tại Vinhomes Gardenia |CH1,2,3,4PN, duplex. LH 0968 748 ***",Giá thỏa thuận,106 m²,N/A,3,2,"Cầu Diễn, Nam Từ Liêm","21.037173983684024, 105.76017958068373"
42354275,06/03/2025,Bán căn hộ chung cư toà Ct1 toà 22 tầng,7 tỷ,115 m²,"60,87 tr/m²",3,2,"Mỹ Đình 1, Nam Từ Liêm","21.016904374081413, 105.78018732809021"
42283867,06/03/2025,"Chính chủ bán cắt lỗ căn: 3PN - 74,8m2 - 4.2tỷ tòa cao cấp nhất Vinhomes Smart City","4,2 tỷ","74,8 m²","56,15 tr/m²",3,2,"Tây Mỗ, Nam Từ Liêm","21.006079125576413, 105.73663816397772"
41834644,06/03/2025,Tôi chính chủ bán 2 căn căn 1PN + 46.8m2 - 3.1 tỷ và studio 33m2 - 2.3 tỷ Masteri Smart City,"3,1 tỷ","46,8 m²","66,24 tr/m²",1,1,"Tây Mỗ, Nam Từ Liêm","21.00647012372199, 105.7372597697996"
40912331,06/03/2025,"bán gấp giá 4 tỷ 50tr căn 2PN + tại phân khu Imperia, 63.9m2, full đồ (mình bán nhanh)","4,05 tỷ","63,9 m²","63,38 tr/m²",2,2,"Tây Mỗ, Nam Từ Liêm","20.999346402235265, 105.73806037246418"
42353773,06/03/2025,"em thu hồi gốc: 5.2 tỷ căn 3PN - DT 80.1m2, view hồ, toà B Masteri West Heights Tây Mỗ","5,2 tỷ","80,1 m²","64,92 tr/m²",3,2,"Tây Mỗ, Nam Từ Liêm","21.00613947060251, 105.73682885903104"
41135393,06/03/2025,"Bán CHCC 1PN, 2PN, 3PN, 4PN Vinhomes Gardenia - không báo ảo, hỗ trợ A - Z. LH 0989 324 *** Em Châu","8,2 tỷ",106 m²,"77,36 tr/m²",3,2,"Cầu Diễn, Nam Từ Liêm","21.036313155435383, 105.76035727113063"
41174446,06/03/2025,"Bán căn hộ chính chủ 2PN, 3PN chung cư Hoàng Thành Pearl - giá tốt, hỗ trợ A - Z, LH 0989 324 ***","5,9 tỷ",80 m²,"73,75 tr/m²",2,2,"Cầu Diễn, Nam Từ Liêm","21.030918133991, 105.759112158257"
41537600,06/03/2025,"Cần bán rất gấp căn: 1PN +, DT 47.8m2, 2 tỷ 760tr tại phân khu Sakura, nguyên bản, có thương lượng!","2,76 tỷ","47,8 m²","57,74 tr/m²",1,1,"Tây Mỗ, Nam Từ Liêm","21.005226135253906, 105.7389144897461"
41627789,06/03/2025,"Cần tiền bán gấp căn 1N + 42.8m2 tòa GS, giá 2,8 tỷ bao phí (giá chuẩn)","2,8 tỷ","42,8 m²","65,42 tr/m²",1,1,"Tây Mỗ, Nam Từ Liêm","21.0065746307373, 105.745048522949"
42326503,06/03/2025,"Chính chủ muốn bán gấp căn 2N2WC + tòa GS 2 - DT TT 63m2, giá 3,870 tỷ bao phí (giá chuẩn)","3,87 tỷ",63 m²,"61,43 tr/m²",2,2,"Tây Mỗ, Nam Từ Liêm","21.006574630737305, 105.74504852294922"
40262193,06/03/2025,"Chính chủ chuyển đi nước ngoài bán gấp căn hộ 2 + 62,29m2 tại Masteri giá tốt 4,8 tỷ full đồ xịn","4,8 tỷ","62,29 m²","77,06 tr/m²",2,2,"Tây Mỗ, Nam Từ Liêm","21.0062065124512, 105.737075805664"
42283639,06/03/2025,Giá bán nhanh! 2 tỷ 350tr - Căn 1PN+1 sổ cầm tay tại Vin Smart City - full nội thất,"2,35 tỷ","42,9 m²","54,78 tr/m²",1,1,"Tây Mỗ, Nam Từ Liêm","21.00643811207577, 105.73661824261592"
42331503,06/03/2025,Gấp gấp gấp! Tìm chủ mới cho quỹ căn hộ độc quyền tại Vinhomes Skylake Phạm Hùng,6 tỷ,67 m²,"89,55 tr/m²",2,2,"Mỹ Đình 1, Nam Từ Liêm","21.020225199955703, 105.77983516763169"
42283644,06/03/2025,"Siêu lỗ: 2.9 tỷ căn hộ 2PN, toà I4, tầng trung, căn góc 2 mặt thoáng, full NT","2,9 tỷ","55,1 m²","52,63 tr/m²",2,1,"Tây Mỗ, Nam Từ Liêm","20.9992806334091, 105.738118188181"
40586017,06/03/2025,"Tôi chính chủ cần bán gấp trong tuần căn 2N 1VS, 55,16 m2, giá 3,2 tỷ Tòa G3 Green Bay mễ trì","3,2 tỷ","55,16 m²","58,01 tr/m²",2,1,"Mễ Trì, Nam Từ Liêm","20.9989585876465, 105.788032531738"
42352932,06/03/2025,Em Quân chuyên chuyển nhượng HD Mon quỹ căn hơn 100 căn hộ 2PN-3PN từ cơ bản đến đầy đủ nội thất.,"4,6 tỷ","61,5 m²","74,8 tr/m²",2,2,"Mỹ Đình 2, Nam Từ Liêm","21.03523151815924, 105.76727097937628"
42352852,06/03/2025,"Giá rẻ nhất thị trường cần Bán gấp CH 2PN,3PN và 4PN dự án Vin Gardenia - Hàm Nghi .LH: 0906 241 ***",6 tỷ,80 m²,75 tr/m²,2,2,"Cầu Diễn, Nam Từ Liêm","21.035906521245685, 105.76089301138484"
42352634,06/03/2025,Em Quân cập nhật quỹ CH độc quyền (T3-2025) 2PN-3PN từ cơ bản đến full đồ dự án Hoàng Thành Pearl.,"5,9 tỷ",80 m²,"73,75 tr/m²",2,2,"Cầu Diễn, Nam Từ Liêm","21.039610053552554, 105.76197634593866"
40834861,06/03/2025,"Cần bán căn hộ 61m2, 104m2, 135m2 chung cư Iris Garden giá từ 4,5 tỷ 0973 563 ***","4,5 tỷ",61 m²,"73,77 tr/m²",2,2,"Cầu Diễn, Nam Từ Liêm","21.030875008144914, 105.76128510954882"
42252767,06/03/2025,Chính chủ cần tiền bán gấp studio Tòa A 28.6m2 Masteri West Heights giá: 2.050 tỷ bao phí,"2,05 tỷ","28,6 m²","71,68 tr/m²",N/A,N/A,"Tây Mỗ, Nam Từ Liêm","21.006420925156384, 105.73734671620396"
42160169,06/03/2025,Em có quỹ căn của tòa 'The Sola Park' giá rẻ chỉ từ 62tr/m của chủ đầu tư MIK tại Vinhome Smart,"3,8 tỷ",62 m²,"61,29 tr/m²",2,2,"Tây Mỗ, Nam Từ Liêm","21.008614210999095, 105.74382377502761"
40697192,06/03/2025,"Tổng hợp 69 căn chuyển nhượng giá rẻ tại The Canopy TC1, TC2, TC3 giá từ 1,8 tỷ - 4,2 tỷ","4,53 tỷ",73 m²,62 tr/m²,3,2,"Tây Mỗ, Nam Từ Liêm","21.0006259152627, 105.73997705352664"
40386522,06/03/2025,"GẤP GẤP SIÊU RẺ: 3.6 TỶ VỚI CĂN 2N - 2WC toà G1, 69M2, Vinhomes Green Bay!","3,6 tỷ","69,23 m²",52 tr/m²,2,2,"Mễ Trì, Nam Từ Liêm","20.9989585876465, 105.788032531738"
42351741,06/03/2025,"Bán CC view đẹp tại An Bình Plaza, 6,3 tỷ, 83m2, 3PN, 2WC","6,3 tỷ",83 m²,"75,9 tr/m²",3,2,"Mỹ Đình 2, Nam Từ Liêm","21.031614494442252, 105.77701116043123"
42167203,06/03/2025,"RẤT GẤP: Chính chủ bán 3PN - 2VS, 4 TỶ 650, view hồ tòa I2 Imperia, (CHỈ BÁN TRONG TUẦN)","4,65 tỷ","85,4 m²","54,45 tr/m²",3,2,"Tây Mỗ, Nam Từ Liêm","20.999133967351263, 105.73765213341798"
41594654,06/03/2025,"Siêu hot: 1PN + 46m2, 2 tỷ 480tr bao phí, tầng đẹp, full đồ hơn 250tr sẵn sổ (rẻ hơn tt 500tr)","2,48 tỷ",46 m²,"53,91 tr/m²",1,N/A,"Tây Mỗ, Nam Từ Liêm","21.0062160491943, 105.736473083496"
42349887,06/03/2025,Chỉ 2.7 tỷ căn 1PN +1 rẻ nhất thị trường Vinhomes Smart City. Liên hệ 0989 684 ***,"2,7 tỷ",43 m²,"62,79 tr/m²",1,1,"Tây Mỗ, Nam Từ Liêm","21.00523264670104, 105.738910673736"
42349806,06/03/2025,Chính chủ cần bán căn 76.1 m2 tòa i4 tầng 19 căn đẹp chính chủ cho thương lượng không qua môi giới,"5,3 tỷ",76 m²,"69,74 tr/m²",3,2,"Tây Mỗ, Nam Từ Liêm","21.00895407122798, 105.74482076623089"
40901016,06/03/2025,Danh sách căn hộ giá tốt trong tháng cần bán tại toà W1 W2 W3 Vinhomes West Point. LH 0352 939 ***,Giá thỏa thuận,137 m²,N/A,4,3,"Mễ Trì, Nam Từ Liêm","21.0118655413935, 105.786280573976"
42290825,06/03/2025,"Bán căn hộ chung cư Mỹ Đình I - Nam Từ Liêm, DT 120m2, 03PN, hướng mát, sẵn sổ, nhiều tiện ích","6,4 tỷ",120 m²,"53,33 tr/m²",3,2,"Cầu Diễn, Nam Từ Liêm","21.035439009379072, 105.76468491512632"
42349428,06/03/2025,"QUỸ CH bán gấp rẻ nhất dự án IMPERIA smart city : stu_ 1,66 tỷ, 1N_2,6 tỷ, 2N+_3,8 tỷ, 3N_4,7 tỷ.","3,5 tỷ",67 m²,"52,24 tr/m²",2,2,"Tây Mỗ, Nam Từ Liêm","20.99998012101907, 105.73820168778269"
42139885,06/03/2025,"Bán Quỹ 99 căn Masteri West Height Studio 2.2 tỷ, 1N + 3.1tỷ, 2N, 2N + 3.6tỷ, căn 3 ngủ chỉ 5tỷ","3,1 tỷ",48 m²,"64,58 tr/m²",1,1,"Tây Mỗ, Nam Từ Liêm","21.005834477516558, 105.73754383350482"
41778240,06/03/2025,"Bán 2 căn penthouse Keangnam Vina 408 m2 & 430,4m2 trần cao 5m 0974 681 ***",Giá thỏa thuận,"430,4 m²",N/A,4,4,"Mễ Trì, Nam Từ Liêm","21.016936307330898, 105.7834673169064"
42348441,06/03/2025,"Bán căn hộ chung cư hiếm tại Vinhomes Gardenia, 13 tỷ, 147m2, 4PN, 3WC, Cầu Diễn, Nam Từ Liêm",13 tỷ,147 m²,"88,44 tr/m²",4,3,"Cầu Diễn, Nam Từ Liêm","21.036541184071872, 105.76102264944838"
42275610,06/03/2025,BQL Iris Garden sẵn quỹ căn bán từ 2-3PN pháp lý rõ ràng giá đẹp chỉ từ 4tỷ5 ace quan tâm LH ngay,"4,5 tỷ",63 m²,"71,43 tr/m²",2,2,"Cầu Diễn, Nam Từ Liêm","21.03093727637077, 105.7609021173303"
37546705,06/03/2025,Bán căn hộ CC Vinhomes Skylake Phạm Hùng(căn góc 4N sáng ĐẲNG CẤP view trọn vẹn hồ) slot ô tô,17 tỷ,136 m²,125 tr/m²,N/A,N/A,"Mỹ Đình 1, Nam Từ Liêm","21.0201683044434, 105.780754089355"
42287502,06/03/2025,"Chính chủ cần bán gấp CH 1N1VS + 1, DT 46.5m2, full nội thất, sẵn sổ giá 2,6 tỷ. LH 0969 402 ***","2,6 tỷ","46,5 m²","55,91 tr/m²",1,1,"Tây Mỗ, Nam Từ Liêm","21.005471706689256, 105.73667583283012"
42347242,06/03/2025,Chính chủ bán căn 2811 tòa W3 chung cư West Point Phạm Hùng giá 9.7 tỷ,"9,7 tỷ",102 m²,"95,1 tr/m²",3,2,"Mễ Trì, Nam Từ Liêm","21.011873214009345, 105.78661157651206"
41294833,06/03/2025,"Tổng hợp quỹ căn Vinhomes West Point 1PN giá 3,4 tỷ, 2PN giá 5 tỷ, 3PN giá 6,9 tỷ, 4PN giá 8,8 tỷ",5 tỷ,70 m²,"71,43 tr/m²",2,2,"Mễ Trì, Nam Từ Liêm","21.0118827819824, 105.786445617676"
26370506,06/03/2025,"Chuyển nhượng căn hộ giá tốt còn lại tại Sudico DT: 57m2, 65m2, 85m2, 100m2, 105m2, 132m2, 207m2",Giá thỏa thuận,132 m²,N/A,4,3,"Mỹ Đình 1, Nam Từ Liêm","21.0174350738525, 105.780395507813"
41756242,06/03/2025,"Tổng hợp các căn hộ giá tốt, ko chào ảo tại CT8 The Emerald 76m2, 81m2, 89,5m2, 95m2, 104m2, 124m2","5,7 tỷ",81 m²,"70,37 tr/m²",2,2,"Mỹ Đình 1, Nam Từ Liêm","21.02195347092766, 105.77183712988096"
42342725,05/03/2025,"Chính chủ cần bán gấp căn góc 2PN tại Garden Hill, tầng trung, view đẹp","5,35 tỷ","78,4 m²","68,24 tr/m²",2,2,"Mỹ Đình 2, Nam Từ Liêm","21.031170285445, 105.777248865839"
42344094,05/03/2025,Cắt lỗ bán gấp căn: Studio - 1tỷ6 và 2PN - 3tỷ2/ 1PN - 2.5tỷ và 3PN - 4.8tỷ tại Imperia Smart,"3,8 tỷ",69 m²,"55,07 tr/m²",2,2,"Tây Mỗ, Nam Từ Liêm","20.99867126046484, 105.7385529278009"
42343893,05/03/2025,"Em Trường cư dân cập nhật Quỹ 80 căn hộ 2PN, 3PN, 4PN, tại CC The Emerald CT8. Giá từ 65tr/m2","5,26 tỷ",81 m²,65 tr/m²,2,2,"Mỹ Đình 1, Nam Từ Liêm","21.02245791954776, 105.77142615235974"
42343453,05/03/2025,"Bán CC FLC Complex Phạm Hùng, 7,4 tỷ, 98m2, 3PN, 2WC, pháp lý đầy đủ","7,4 tỷ",98 m²,"75,51 tr/m²",3,2,"Mỹ Đình 2, Nam Từ Liêm","21.0281552412227, 105.779260856911"
41573053,05/03/2025,"Duy nhất 01 căn studio, 1 tỷ 650 !!! DT: 33,9m2 đẹp nhất dự án, tầng trung tòa S4 khu Sapphire.","1,65 tỷ","33,9 m²","48,67 tr/m²",1,1,"Tây Mỗ, Nam Từ Liêm","21.0063386949769, 105.7358775612004"
42342932,05/03/2025,"Giá thật! Bán quỹ căn chung cư Hoàng Thành Pearl Nguyễn Văn Giáp, căn 2PN - 3PN LH: 0399 388 ***","5,8 tỷ",80 m²,"72,5 tr/m²",2,2,"Cầu Diễn, Nam Từ Liêm","21.040640378668932, 105.7609434071036"
41017112,05/03/2025,"Bán nhanh 2N 55m quốc dân Sola view công viên trung tâm siêu đẹp, full đồ, Vinhomes Smart City","4,08 tỷ",55 m²,"74,18 tr/m²",2,2,"Tây Mỗ, Nam Từ Liêm","21.008852005004883, 105.7439193725586"
41133324,05/03/2025,Chính chủ bán căn 1 + 43m2 tầng 26 S302 Vinhomes Smart City Tây Mỗ full đồ sẵn sổ. 2.5 tỷ bao phí,"2,5 tỷ",43 m²,"58,14 tr/m²",N/A,N/A,"Tây Mỗ, Nam Từ Liêm","21.006216049194336, 105.7364730834961"
41855973,05/03/2025,"Bán nhanh căn hộ 2 - 3 - 4PN CT8 The Emerald giá cực tốt, sổ đỏ có sẵn, cập nhật tháng 3/2025","5,8 tỷ",81 m²,"71,6 tr/m²",2,2,"Mỹ Đình 1, Nam Từ Liêm","21.0220817823593, 105.772489066021"
40313708,05/03/2025,Tổng hợp 150 căn hộ cần bán tại Mỹ Đình Pearl - 1PN 2PN 3PN 4PN xem nhà 24/7 Giá rẻ nhất thị trường,Giá thỏa thuận,79 m²,N/A,2,N/A,"Phú Đô, Nam Từ Liêm","21.0124320983887, 105.767395019531"
35940160,05/03/2025,"Em Đức môi giới chuyên Florence đang có quỹ 10 căn bán 2PN, 3Pn giá từ 5,5 tỷ-tốt nhất thị trường ạ",Giá thỏa thuận,75 m²,N/A,2,2,"Cầu Diễn, Nam Từ Liêm","21.0307312011719, 105.761329650879"
42340969,05/03/2025,Chính chủ bán căn 2PN + 64m2 tầng 2210 tòa S303 Vinhomes Smart City Tây Mỗ full. Giá: 3.6 tỷ,"3,6 tỷ",64 m²,"56,25 tr/m²",3,1,"Tây Mỗ, Nam Từ Liêm","21.005660641664242, 105.73716608107493"
42340771,05/03/2025,"Bán căn hộ chung cư cao cấp tại Lumiere EverGreen Smart City, 7,6 tỷ, 75,6 m2","7,6 tỷ","75,6 m²","100,53 tr/m²",2,2,"Tây Mỗ, Nam Từ Liêm","21.0060815827357, 105.736532828955"
42340386,05/03/2025,Quỹ chuyển nhượng cắt lỗ Masteri West Heights giá cập nhật tháng 03/2025 xem nhà 24/7 LH 0779 622 ***,"2,4 tỷ",30 m²,80 tr/m²,1,1,"Tây Mỗ, Nam Từ Liêm","21.0055859308613, 105.737538202023"
41572788,05/03/2025,Tôi chính chủ cần bán gấp trong tuần 2 căn: Studio sổ lâu dài và căn góc 2PN - 2VS tòa G3 Green Bay,Giá thỏa thuận,28 m²,N/A,1,1,"Mễ Trì, Nam Từ Liêm","20.9989585876465, 105.788032531738"
39635567,05/03/2025,"Tôi chính chủ cần bán gấp trong tuần 5 căn: Studio view hồ và căn ban công Tây Nam, Tây Bắc","1,6 tỷ",28 m²,"57,14 tr/m²",2,2,"Mễ Trì, Nam Từ Liêm","20.9989585876465, 105.788032531738"
42340194,05/03/2025,Chính chủ bán 16 căn: Studio - 1.25 tỷ; 2PN - 2.8 tỷ; 70m2 - 3.8 tỷ; 3PN - 5.85 tỷ. VH Green Bay,"4,2 tỷ",69 m²,"60,87 tr/m²",2,2,"Mễ Trì, Nam Từ Liêm","20.9989585876465, 105.788032531738"
42295278,05/03/2025,"Em Mỹ xin cập nhật quỹ CH Chuyển nhượng tại The Zei, 2PN - 3PN - Duplex. Cam kết báo chuẩn giá bán",9 tỷ,103 m²,"87,38 tr/m²",3,2,"Mỹ Đình 2, Nam Từ Liêm","21.035289399531933, 105.7699353207284"
42239992,05/03/2025,"Bán căn hộ Iris Gaden 30 Trần Hữu Dực, 2N2VS 60m2 và 3N2VS 135m2 giá 4,6 đến 8,2 tỷ xem nhà 24/24","4,6 tỷ",60 m²,"76,67 tr/m²",2,2,"Cầu Diễn, Nam Từ Liêm","21.03189155328761, 105.7608870307763"
42045144,05/03/2025,Trực tiếp ban quản lý toà nhà cập nhật quỹ căn mua bán chuyển nhượng chung cư Iris Gaden giá tốt,Giá thỏa thuận,135 m²,N/A,3,3,"Cầu Diễn, Nam Từ Liêm","21.0307661386171, 105.760101052347"
40723067,05/03/2025,"Duplex 4PN 3WC (186m2) quỹ căn 84m2, 89m2, 94m2, 104m2, 107m2, quỹ căn giá tốt nhất TT từ 7 tỷ",7 tỷ,94 m²,"74,47 tr/m²",3,2,"Mỹ Đình 2, Nam Từ Liêm","21.0344581604004, 105.769653320313"
42316423,05/03/2025,"Bán quỹ căn 2 - 3 phòng ngủ chung cư Florence Mỹ Đình, 28 Trần Hữu Dực, Mỹ Đình. LH: 0906 241 ***","6,7 tỷ","91,5 m²","73,22 tr/m²",3,2,"Cầu Diễn, Nam Từ Liêm","21.030830989046652, 105.76101761654594"
41971211,05/03/2025,"Quỹ căn hộ đầu tư hiếm có tại Vinhomes Smart City, giá chỉ từ 59 triệu/m2!","3,8 tỷ",61 m²,"62,3 tr/m²",2,2,"Tây Mỗ, Nam Từ Liêm","21.00877095229999, 105.74398276738444"
42246584,05/03/2025,"Bán Quỹ 99 căn The Canopy. Studio 2.100tỷ, 1N + 3.00tỷ, 2N, 2N + 3.600tỷ, căn 3 ngủ chỉ từ 5 tỷ",4 tỷ,66 m²,"60,61 tr/m²",2,2,"Tây Mỗ, Nam Từ Liêm","21.001072527263197, 105.73918186775322"
42333981,04/03/2025,Căn hộ 105m2 khu đô thị Mỹ Đình 1 Bộ Quốc Phòng giá 5.65 tỷ,"5,65 tỷ",105 m²,"53,81 tr/m²",3,2,"Cầu Diễn, Nam Từ Liêm","21.0344211406834, 105.76369005469222"
42312222,04/03/2025,"Bán CC 2PN, 67m2, 5 tỷ ở Mon City - Hải Đăng City, Hà Nội, vị trí trung tâm giá siêu hời",5 tỷ,67 m²,"74,63 tr/m²",2,2,"Mỹ Đình 2, Nam Từ Liêm","21.0356896210557, 105.767369121283"
42277266,04/03/2025,"Chính chủ cần bán gấp căn hộ 2PN + , diện tích 62,3m2 tòa Masteri West Heights giá 4,5 tỷ","4,5 tỷ","62,3 m²","72,23 tr/m²",2,2,"Tây Mỗ, Nam Từ Liêm","21.00663036001132, 105.73634553499178"
42332666,04/03/2025,"Chính chủ cần bán căn studio tòa I2, DT 31,9m2 hướng TN, NT full đẹp. Giá 1,8 tỷ nét","1,8 tỷ","31,9 m²","56,43 tr/m²",N/A,N/A,"Tây Mỗ, Nam Từ Liêm","20.999356974606542, 105.7379685287287"
42332642,04/03/2025,"Chính chủ cần tiền gấp bán nhanh căn 3PN 74,9m2 giá 4,25 tỷ Vinhome Smart City. L/H: 0975 982 ***","4,25 tỷ","74,9 m²","56,74 tr/m²",3,2,"Tây Mỗ, Nam Từ Liêm","21.00664997656732, 105.73654511916"
41628169,04/03/2025,"Chuyên mua bán căn hộ cc Golden Palace 87m2, 94m2, 105m2, 118m2, 128m2, 141m2, 162m2 giá từ 60tr/m2","6,7 tỷ",118 m²,"56,78 tr/m²",3,2,"Mễ Trì, Nam Từ Liêm","21.01193618774414, 105.77499389648438"
42332549,04/03/2025,"Bán gấp căn hộ 3N 2VS tòa Tonkin 1, diện tích 82m2, Vinhomes Smart City","5,55 tỷ",82 m²,"67,68 tr/m²",3,2,"Tây Mỗ, Nam Từ Liêm","21.005429440627136, 105.73858722266229"
40185099,04/03/2025,"2N2WC TK2 59,5m2 TT 66.1m2, giá 4.2 tỷ full nội thất tầng trung view bể bơi, có slot ô tô","4,2 tỷ","59,5 m²","70,59 tr/m²",3,N/A,"Tây Mỗ, Nam Từ Liêm","21.004996365795634, 105.73874632416562"
42332271,04/03/2025,"Bán CC FLC Green Apartment, Phạm Hùng, 3,599 tỷ, 60m2, 2PN, 2WC tại Nam Từ Liêm, HN","3,6 tỷ",60 m²,"59,98 tr/m²",2,2,"Mỹ Đình 2, Nam Từ Liêm","21.030219478935454, 105.77900094475633"
41442114,04/03/2025,"Chính chủ bán gấp: 2PN + 1 Vinhomes Smart City diện tích 63,2m2 giá 3,950 tỷ","3,95 tỷ","63,2 m²","62,5 tr/m²",2,2,"Tây Mỗ, Nam Từ Liêm","21.00643256818, 105.74501485115809"
42332159,04/03/2025,Bán căn hộ 3Pn2WC 82m2 giá 6. X tỷ view hồ Masteri West Heights. LH 0984 576 ***,"6,35 tỷ",82 m²,"77,44 tr/m²",3,2,"Tây Mỗ, Nam Từ Liêm","21.00571213234498, 105.73737187135937"
40400712,04/03/2025,"Em bán quỹ căn đầy đủ nhất chung cư Florence - 2PN - 3PN, với giá tốt nhất thị trường T2/2025",Giá thỏa thuận,"124,3 m²",N/A,3,2,"Cầu Diễn, Nam Từ Liêm","21.0303357042771, 105.761271127293"
39316884,04/03/2025,"Độc quyền bán căn 2pn Ecolife hàng hiếm giá 5, x tỷ nhỏ - 0981 960 ***",Giá thỏa thuận,78 m²,N/A,2,2,"Trung Văn, Nam Từ Liêm","20.9945335388184, 105.789390563965"
30285459,04/03/2025,"Chuyên bán chuyển nhượng các căn hộ 2PN, 3PN, 4PN tại Golden Palace Mễ Trì, giá bán từ 53.5tr/m2","6,5 tỷ",118 m²,"55,08 tr/m²",3,2,"Mễ Trì, Nam Từ Liêm","21.0125938524669, 105.774935049775"
42330822,04/03/2025,BQL Vinhomes Green Bay Mễ Trì cập nhật quỹ căn: Studio; 2N1VS; 2N2VS; 3N2VS; 4N3VS,"3,5 tỷ",63 m²,"55,56 tr/m²",2,2,"Mễ Trì, Nam Từ Liêm","20.99939074116867, 105.78799645567211"
42330818,04/03/2025,Tổng hợp quỹ căn 2 - 3PN giá chỉ từ 5 tỷ 9 tại dự án Hoàng Thành Pearl. LH : 0977 986 ***,"5,9 tỷ",80 m²,"73,75 tr/m²",2,2,"Cầu Diễn, Nam Từ Liêm","21.04009157531231, 105.76125549198188"
42330643,04/03/2025,Em Đức. Cập nhật quỹ căn hộ (T12 - 2025) 2PN - 3PN từ cơ bản đến full đồ dự án Hoàng Thành Pearl,"6,05 tỷ",80 m²,"75,62 tr/m²",2,2,"Cầu Diễn, Nam Từ Liêm","21.039974031999403, 105.76183697988512"
42009563,04/03/2025,Bán căn hộ 3 ngủ CC Mỹ Đình Pearl diện tích 100m2 tầng trung view hồ giá 8 tỷ. Liên hệ: 0333 980 ***,8 tỷ,94 m²,"85,11 tr/m²",3,2,"Phú Đô, Nam Từ Liêm","21.01234963072097, 105.76736505728242"
42330458,04/03/2025,"Tổng hợp quỹ căn đa dạng. Giá cả hợp lý, pháp lý rõ ràng",4 tỷ,64 m²,"62,5 tr/m²",2,2,"Tây Mỗ, Nam Từ Liêm","21.00058065251576, 105.73951729186142"
41516026,04/03/2025,"Chính chủ bán gấp: Căn 2PN, 56m2, 2.55 tỷ và Studio 1 tỷ 350tr, 28m2 Vinhomes Green Bay, 0963 081 ***",Giá thỏa thuận,56 m²,N/A,2,1,"Mễ Trì, Nam Từ Liêm","20.998894962372344, 105.78757336593776"
41723806,04/03/2025,"Chính chủ cần bán gấp giá cắt lỗ căn 2PN2VS diện tích 63m2 tại Vinhomes Green Bay giá 3,6 tỷ","3,6 tỷ",63 m²,"57,14 tr/m²",2,2,"Mễ Trì, Nam Từ Liêm","20.99893185284047, 105.78801621539036"
42176192,04/03/2025,Tổng hợp quỹ căn 2PN và 3PN chính chủ giá cắt lỗ tốt nhất tại Vinhomes Green Bay,"5,8 tỷ",86 m²,"67,44 tr/m²",3,2,"Mễ Trì, Nam Từ Liêm","20.9992589796583, 105.787641157502"
42329496,04/03/2025,"Bán căn 2 ngủ 86,5m2 tòa TW Đảng thuộc KĐT Xuân Phương Residence giá 4,3 tỷ rẻ nhất khu","4,3 tỷ","86,5 m²","49,71 tr/m²",2,2,"Phương Canh, Nam Từ Liêm","21.0320578669161, 105.754268336631"
42329203,04/03/2025,"Bán căn 2 ngủ 86,5m2 tòa trung ương Đàng",Giá thỏa thuận,"86,5 m²",N/A,2,2,"Phương Canh, Nam Từ Liêm","21.032743387218368, 105.75370505106822"
25657776,04/03/2025,Tổng hợp full quỹ căn 2 phòng ngủ Vinhomes Skylake cần bán giá tốt nhất. LH 0976 069 ***,Giá thỏa thuận,70 m²,N/A,2,2,"Mỹ Đình 1, Nam Từ Liêm","21.0201683044434, 105.780754089355"
42094093,06/03/2025,"CC bán 4 căn studio-1.7tỷ, 1PN-2.6tỷ, 2PN - 55m - 3.15tỷ, 2PN-69m-căn góc-3.5tỷ KĐT VH SmartCity","3,5 tỷ",69 m²,"50,72 tr/m²",2,2,·,"21.00896554583784, 105.74391527504923"
42263840,06/03/2025,CC bán chuyển nhượng: Stu-1tỷ56; 1PN+2tỷ350; 2PN-2.9tỷ; 2PN+3.66tỷ; 3PN-4.2tỷ Vinhomes Smart City,"4,2 tỷ",81 m²,"51,85 tr/m²",3,2,·,"21.006672474017645, 105.73667484931228"
42341054,05/03/2025,Qũy 299 căn độc quyền giá tốt nhất DA Vinhomes Smart City của Thành Phát Land - Mr.Đạt 0975 233 ***,"3,9 tỷ",64 m²,"60,94 tr/m²",2,N/A,·,"21.006196487006093, 105.73683771089314"
42336541,05/03/2025,Quỹ căn hộ chung cư Smart City bán giá tốt cập nhật tháng 3 năm 2025 Lh xem nhà 0911 447 ***,"3,49 tỷ",59 m²,"59,15 tr/m²",2,2,·,"21.008579815610283, 105.74449839062483"
42333189,04/03/2025,"Nhận Đặt Chỗ The Matrix One GĐ2 Lê Quang Đạo Mỹ Đình - Quỹ căn đẹp, chiết khấu cao. HTLS 0%",Giá thỏa thuận,80 m²,N/A,N/A,N/A,·,"21.009221957676402, 105.77394807909312"
42289256,04/03/2025,"Chính chủ cần bán CC căn góc, 3 PN tại CC cao cấp Capital Elite - 18 Phạm Hùng, Hà Nội","12,54 tỷ",114 m²,110 tr/m²,3,2,·,"21.018605109826964, 105.78109750088184"
42227142,28/02/2025,"Căn góc 3PN 80m2 full nội thất như hình, vị trí kế cận Parking Zone + gần công viên trung tâm","5,35 tỷ",80 m²,"66,88 tr/m²",3,2,·,"21.008931443308448, 105.74397238823244"
42298690,28/02/2025,"Tổng hợp quỹ căn hộ bán studio, 1PN - 4PN Giá Siêu Rẻ - HOT Smart City cập nhật mới nhất 28/02/2025","5,95 tỷ",94 m²,"63,3 tr/m²",3,2,·,"21.009065548393455, 105.74404771271202"
41770155,28/02/2025,Bán căn 3PN 3VS BC Đông Nam view bể bơi GS53809 The Miami Vinhomes Smart City 5.23 tỷ 0982 782 ***,"5,24 tỷ","84,5 m²",62 tr/m²,3,3,·,"21.006448242328226, 105.74567104687983"
39990450,20/02/2025,"Cập nhật - Quỹ chuyển nhượng 1PN-2PN-3PN giá 2,650 tỷ bao phí - Full Đồ - Về ở ngay - Có hỗ trợ vay","2,65 tỷ",43 m²,"61,63 tr/m²",1,1,·,"21.008968590148015, 105.74386285896819"
42249907,06/03/2025,Độc quyền quỹ căn hộ Skylake loại 1-2-3-4 ngủ & Sky Villa giá chuyển nhượng tốt nhất thị trường,9 tỷ,102 m²,"88,24 tr/m²",3,2,"Mỹ Đình 1, Nam Từ Liêm","21.02035229403847, 105.7807712928192"
33093016,06/03/2025,Bán Vinhomes Skylake từ 1pn 4.9 tỷ - 2pn 6.3 tỷ - 3pn 9.2 tỷ - 4pn 15 tỷ - Penthouse LH 0976 069 ***,"9,2 tỷ",100 m²,92 tr/m²,3,2,"Mỹ Đình 1, Nam Từ Liêm","21.0201683044434, 105.780754089355"
42352601,06/03/2025,"Quỹ căn Vinhomes Skylake Phạm Hùng, Mỹ Đình, Nam Từ Liêm 3PN giá tốt nhất T3/2025",8 tỷ,90 m²,"88,89 tr/m²",3,2,"Mỹ Đình 1, Nam Từ Liêm","21.0201683044434, 105.780754089355"
42354092,06/03/2025,Bán căn hộ chung cư 130m2 vew hồ điều hoà,7 tỷ,130 m²,"53,85 tr/m²",3,2,"Trung Văn, Nam Từ Liêm","20.99652076076155, 105.79308443200304"
42353866,06/03/2025,"BỐ MẸ TÔI CẦN BÁN CĂN HỘ CAO CẤP THE ZEI LÊ ĐỨC THỌ, SỔ ĐỎ CHÍNH CHỦ, CĂN HỘ TẦNG RẤT ĐẸP VIEW ĐẸP",Giá thỏa thuận,92 m²,N/A,2,2,"Mỹ Đình 2, Nam Từ Liêm","21.03456821534531, 105.76972411520549"
42353745,06/03/2025,"Em Thơm cập nhật quỹ căn 2,3,4PN Iris Garden T3/2025 DT 61,104,135m giá tốt, sẵn sổ. LH 0968 748 ***",Giá thỏa thuận,135 m²,N/A,3,2,"Cầu Diễn, Nam Từ Liêm","21.031296230958937, 105.76011129560898"
42286412,06/03/2025,Phan Hằng Group độc quyền danh sách căn hộ chuyển nhượng Gardenia loại 1-2-3-4 PN & Duplex giá tốt,9 tỷ,105 m²,"85,71 tr/m²",3,2,"Cầu Diễn, Nam Từ Liêm","21.036189811476795, 105.76063250260428"
42353214,06/03/2025,"Bán nhanh CH 2n2wc 67m2 đông nam view bể bơi, sắp bàn giao, phân khu cao cấp2 hầm đỗ xe","4,7 tỷ",67 m²,"70,15 tr/m²",2,2,"Tây Mỗ, Nam Từ Liêm","21.0012061457344, 105.738420344348"
42353201,06/03/2025,"Bán căn 4PN, 154m2 Tháp A Sunshine Center, 16 Phạm Hùng, nhà đẹp VIEW THÀNH PHỐ. LH 0968 748 ***","10,7 tỷ",154 m²,"69,48 tr/m²",4,3,"Mỹ Đình 2, Nam Từ Liêm","21.018439110098342, 105.78170252416922"
41777596,06/03/2025,"Tổng hợp 99 căn hộ giá rẻ nhất dự án Imperia Smart City, Phường Tây Mỗ, Nam Từ Liêm, Hà Nội",3 tỷ,43 m²,"69,77 tr/m²",1,1,"Tây Mỗ, Nam Từ Liêm","20.999611121117169, 105.73783906118112"
41236530,07/03/2025,Vinhomes Skylake chính chủ chuyển công tác gửi bán gấp 2N2VS 75m2 giá 6 tỷ giá tốt nhất thị trường,6 tỷ,75 m²,80 tr/m²,2,2,"Mỹ Đình 1, Nam Từ Liêm","21.020229705155284, 105.78071245054386"
41998956,07/03/2025,"The Matrix One chính chủ chuyển công tác bán gấp 2PN2VS - 90m2 giá 7,8 tỷ. Giá tốt nhất thị trường","7,8 tỷ",90 m²,"86,67 tr/m²",2,2,"Mễ Trì, Nam Từ Liêm","21.00939219622929, 105.77432495882672"
41528370,07/03/2025,Chính chủ gửi bán CH 2N 2WC - Tòa G3 HDMB 50 năm - Vinhomes Green Bay Mễ Trì - 0974 046 ***,"3,5 tỷ","53,3 m²","65,67 tr/m²",2,2,"Mễ Trì, Nam Từ Liêm","20.998940173295527, 105.78794246227353"
41524690,07/03/2025,Chính chủ gửi bán CH Studio - toà G3 - Vinhomes Greenbay Mễ Trì 0974 046 ***,"1,8 tỷ","25,9 m²","69,5 tr/m²",1,1,"Mễ Trì, Nam Từ Liêm","20.9989585876465, 105.788032531738"
40344173,04/03/2025,Bán chung cư Matrix One 1 phòng ngủ 37m2,Giá thỏa thuận,37 m²,N/A,1,N/A,"Mễ Trì, Nam Từ Liêm","21.00938606262207, 105.77387237548828"
42329862,04/03/2025,Bán CHCC tòa A1 ecolife Tố Hữu sổ lâu dài Nam từ Liêm HN ( 0869 688 *** ),"5,59 tỷ",75 m²,"74,53 tr/m²",2,2,"Trung Văn, Nam Từ Liêm","20.99483565332725, 105.78890440631517"
42270798,04/03/2025,"Chính chủ bán CCMN 42m2 ngõ 1 phố Đại Linh, Trung Văn, Nam Từ Liêm, sổ đỏ trao tay","1,24 tỷ",42 m²,"29,52 tr/m²",2,1,"Tây Mỗ, Nam Từ Liêm","21.0057897069734, 105.748472764127"
39678719,04/03/2025,"Tôi chính chủ cần bán gấp căn 2PN tại tòa A Masteri West Heights Tây Mỗ, dt 60.3 m2, giá chỉ 4.8 tỷ","4,8 tỷ","60,3 m²","79,6 tr/m²",2,2,"Tây Mỗ, Nam Từ Liêm","21.0062065124512, 105.737075805664"
42326228,04/03/2025,Căn hộ 130m2 lô góc - 3 ngủ - nội thất xịn - ở ngay giá 7.7 tỷ (HHTL69207),"7,7 tỷ",130 m²,"59,23 tr/m²",3,2,"Mỹ Đình 2, Nam Từ Liêm","21.029243061401974, 105.76923009715304"
41286597,04/03/2025,"Chính chủ cần bán gấp căn 2N2VS - 65m2 Vinhomes Green Bay Mễ Trì, 5.5tỷ full đồ đẹp","5,5 tỷ",65 m²,"84,62 tr/m²",2,2,"Mễ Trì, Nam Từ Liêm","20.9989585876465, 105.788032531738"
38137471,04/03/2025,Bán căn hộ 2PN Vinhomes Skylake gần 80m2 view thành phố cực đẹp lh: 0945 468 ***,"7,6 tỷ",80 m²,95 tr/m²,2,2,"Mỹ Đình 1, Nam Từ Liêm","21.0201683044434, 105.780754089355"
40272283,04/03/2025,"Chính chủ bán căn hộ CC C14 Tố Hữu 70m2 2N2VS, giá 4,15 tỷ sẵn sổ, full nội thất LH - 0862 411 ***","4,15 tỷ",70 m²,"59,29 tr/m²",2,2,"Trung Văn, Nam Từ Liêm","20.990812301635742, 105.7839126586914"
41724855,04/03/2025,"Cần bán gấp giá cắt lỗ căn hộ 2PN2VS DT 63m2 tại Vinhomes Green Bay giá cắt lỗ 3,9 tỷ","3,9 tỷ",63 m²,"61,9 tr/m²",2,2,"Mễ Trì, Nam Từ Liêm","20.998958587646484, 105.78803253173828"
41725182,04/03/2025,Chính chủ cần bán gấp căn 3PN2VS DT 86m2 giá cắt lỗ tại Vinhomes Green Bay giá 6 tỷ,6 tỷ,86 m²,"69,77 tr/m²",3,2,"Mễ Trì, Nam Từ Liêm","20.998958587646484, 105.78803253173828"
41724946,04/03/2025,"Bán chung cư Vinhomes Green Bay Nam Từ Liêm 2PN2VS giá tốt nhất thị trường 3,9 tỷ DT 63m2","3,9 tỷ",63 m²,"61,9 tr/m²",2,2,"Mễ Trì, Nam Từ Liêm","20.9989585876465, 105.788032531738"
42275362,04/03/2025,"Chính chủ cần bán căn 69m2, 2 ngủ, 2 vệ sinh, view rất thoáng, full đồ, dự án Roman Plaza, Tố Hữu","4,9 tỷ",69 m²,"71,01 tr/m²",2,2,"Đại Mỗ, Nam Từ Liêm","20.984586161594077, 105.77661605382018"
42329742,04/03/2025,"Bán gấp CH 106m2, 3PN full đồ, view hồ tầng cao giá rẻ 11tỷx BP tại VH Skylake. Cam kết ko ảo","11,7 tỷ",106 m²,"110,38 tr/m²",3,2,"Mỹ Đình 1, Nam Từ Liêm","21.02045180037159, 105.78070403597526"
42329651,04/03/2025,"Bán gấp Giá tốt CH 4N3VS, 124m2 tại The Emerald, CT8, tầng 2x, view đẹp. Chỉ 8tỷ9, cam kết ko ảo","8,9 tỷ",124 m²,"71,77 tr/m²",4,3,"Mỹ Đình 1, Nam Từ Liêm","21.0214208876908, 105.772223325796"
42101934,04/03/2025,"Chính chủ bán căn 3 ngủ tại VOV Mễ Trì, Lương Thế Vinh - NTL, Hà Nội, DT: 81m2, giá 4.7 tỷ sẵn sổ","4,7 tỷ",81 m²,"58,02 tr/m²",3,2,"Mễ Trì, Nam Từ Liêm","20.995790391911033, 105.78488400412853"
42015426,04/03/2025,"Cập nhật bảng hàng mới nhất, giá tốt nhất Canopy VinSmart City Tây Mỗ tháng 3/2025",Giá thỏa thuận,"72,2 m²",N/A,3,2,"Tây Mỗ, Nam Từ Liêm","21.001289758401313, 105.73901569826295"
42315723,04/03/2025,Bán căn chung cư tại Ecolife diện tích 111m2 3N 2W giá 6.9 tỷ LH: 0985 636 ***,"6,9 tỷ",111 m²,"62,16 tr/m²",3,2,"Trung Văn, Nam Từ Liêm","20.99472809539458, 105.78856202810177"
41581807,04/03/2025,"Chính chủ bán căn chung cư The Canopy TC3.3x.08 DT 73.7m2, 2ngủ +,thanh toán 30%,cửa TB,ban công ĐN","5,1 tỷ","73,7 m²","69,2 tr/m²",3,2,"Tây Mỗ, Nam Từ Liêm","21.00039397092472, 105.73887465199208"
41274908,04/03/2025,"Chính chủ cần bán căn 1PN cộng 43m2 tại toà The Sapphire - Vinhomes Smart City full nội thất 2,4 tỷ","2,4 tỷ",43 m²,"55,81 tr/m²",1,1,"Tây Mỗ, Nam Từ Liêm","21.006216049194336, 105.7364730834961"
41287537,04/03/2025,"Chính chủ cần bán căn Studio 31,6m2 tại Vinhomes Smart City full nội thất 1,65 tỷ","1,65 tỷ","31,6 m²","52,22 tr/m²",1,1,"Tây Mỗ, Nam Từ Liêm","21.006216049194336, 105.7364730834961"
40770035,04/03/2025,"Bán căn hộ Xuân Phương Quốc Hội 160m2 4PN 3WC giá 4,8tỷ đến 6,3tỷ căn đầy đủ nội thất siêu đẹp","6,3 tỷ",160 m²,"39,38 tr/m²",4,3,"Xuân Phương, Nam Từ Liêm","21.031505584716797, 105.75537872314453"
41792996,04/03/2025,Bán căn 2 ngủ - Mỹ Đình Plaza 76m2 full nội thất tầng đẹp - 4.7 tỷ SĐCC,"4,7 tỷ",76 m²,"61,84 tr/m²",2,2,"Mỹ Đình 2, Nam Từ Liêm","21.0308399200439, 105.77579498291"
42266257,04/03/2025,"Em cần bán Căn hộ 4PN cực hiếm tại Mỹ Đình Pearl.Mỗi toà chỉ có 2 căn DT: 145m2, Giá 12tỷx, KO ẢO",Giá thỏa thuận,145 m²,N/A,4,3,"Phú Đô, Nam Từ Liêm","21.012728592075195, 105.76692720222795"
40007605,04/03/2025,"Bán căn hộ chung cư Báo Nhân Dân căn 115m2 4pn 2wc gía 4,9 tỷ căn sửa sang trang bị đầy đủ nội thất","4,9 tỷ",115 m²,"42,61 tr/m²",3,2,"Phương Canh, Nam Từ Liêm","21.032726287841797, 105.75374603271484"
42272889,04/03/2025,"Căn hộ chung cư 92m2, 7,39 tỷ tại The Zei Mỹ Đình, 2PN, 2WC, đầy đủ nội thất","7,39 tỷ",92 m²,"80,33 tr/m²",2,2,"Mỹ Đình 2, Nam Từ Liêm","21.034411548795017, 105.76972633861278"
33967298,04/03/2025,"Bán cắt lỗ căn hộ 57m2 - 110m2 - 132m2 - 142m2 - 225m2, Sudico Mỹ Đình",Giá thỏa thuận,57 m²,N/A,2,1,"Mỹ Đình 1, Nam Từ Liêm","21.0174350738525, 105.780395507813"
35448863,04/03/2025,"Chính chủ bán gấp căn góc 3PN - 113m2 view hồ tầng trung tại The Matrix One, giá 11 tỷ bao phí",11 tỷ,113 m²,"97,34 tr/m²",3,2,"Mễ Trì, Nam Từ Liêm","21.00938606262207, 105.77387237548828"
42228013,04/03/2025,"Bán nhanh CH 3 ngủ, 75m2 CC Vinhomes smart city giá 4.6 tỷ, thanh toán chỉ 5% mỗi đợt","4,6 tỷ",75 m²,"61,33 tr/m²",3,2,"Tây Mỗ, Nam Từ Liêm","21.0079391289016, 105.743512766573"
42239011,04/03/2025,"Bán căn hộ CC 143m2, 50 triệu/m2 tại Sudico Mỹ Đình, Nam Từ Liêm, Hà Nội","7,15 tỷ",143 m²,50 tr/m²,4,3,"Mỹ Đình 1, Nam Từ Liêm","21.0167936847359, 105.779997104132"
42316017,04/03/2025,NHỈNH 5 TỶ BÁN NHANH CĂN HỘ 75M2 3 NGỦ TẦNG TRUNG TÒA G5 SOLA SMARTCITY HƯỚNG ĐÔNG NAM VIEW BỂ BƠI,Giá thỏa thuận,75 m²,N/A,3,2,"Tây Mỗ, Nam Từ Liêm","21.00814738450945, 105.74108561264917"
39351192,04/03/2025,"Cần bán gấp căn FLC Landmark Lê Đức Thọ căn 4PN 3WC giá 6 tỉ căn 159m2 căn tầng đẹp, đông nam",6 tỷ,159 m²,"37,74 tr/m²",4,3,"Mỹ Đình 2, Nam Từ Liêm","21.0340766906738, 105.770355224609"
42238903,04/03/2025,Chính chủ bán gấp căn studio phân khu Sakura Vinhomes Smartcity giá chỉ 1.85 tỷ. LH: 0963 877 ***,"1,85 tỷ","30,8 m²","60,06 tr/m²",1,1,"Tây Mỗ, Nam Từ Liêm","21.005712136839424, 105.7395817337412"
40309520,04/03/2025,"Sắp Ra Mắt chung cư Matrix One Mễ Trì Giai Đoạn 2, giá cực tốt từ CĐT - 0909 647 ***","6,72 tỷ",79 m²,85 tr/m²,2,2,"Mễ Trì, Nam Từ Liêm","21.0093860626221, 105.773872375488"
41608416,04/03/2025,"Chính chủ bán 2PN +: 69.2m2, 3.8 tỷ - Vinhomes Smart City, mua nhanh gia lộc thêm 50tr","3,8 tỷ",63 m²,"60,32 tr/m²",2,2,"Tây Mỗ, Nam Từ Liêm","21.0062160491943, 105.736473083496"
39154261,04/03/2025,"(Giá tốt) bán gấp căn hộ 3 ngủ 99m2 tại Mỹ Đình Pearl, giá: 7.7 tỷ liên hệ: 0942 281 *** em Huy","7,7 tỷ",99 m²,"77,78 tr/m²",3,2,"Phú Đô, Nam Từ Liêm","21.0124320983887, 105.767395019531"
42328316,04/03/2025,"Giá rẻ nhất Hà Nội! Cần bán gấp căn hộ chung cư 75 m2,2 PN tòa V0v Mễ Trì, 4,05 tỉ; 0904 760 ***","4,05 tỷ",75 m²,54 tr/m²,2,1,"Mễ Trì, Nam Từ Liêm","20.995170026148774, 105.78482418355479"
42328236,04/03/2025,"Chính chủ cần bán gấp căn 1112A  A1 
2PN, 75m2","5,6 tỷ",75 m²,"74,67 tr/m²",N/A,N/A,"Trung Văn, Nam Từ Liêm","20.9943542507067, 105.789400567385"
42328288,04/03/2025,"Bán gấp căn góc 3 ngủ 98m giá chỉ 6,x tỷ tại FLC 36 Phạm Hùng, ban công Đông Nam, LH:0915 867 ***","6,9 tỷ",98 m²,"70,41 tr/m²",3,2,"Mỹ Đình 2, Nam Từ Liêm","21.02798894428842, 105.77888327194518"
42327114,04/03/2025,"Bán CC tòa I2 Vinhomes Smart City, Tây Mỗ, Nam Từ Liêm, Hà Nội, 5,3 tỷ, 73 m2, view đẹp","5,3 tỷ",73 m²,"72,6 tr/m²",3,2,"Tây Mỗ, Nam Từ Liêm","20.99998211615917, 105.73770181882121"
42300279,04/03/2025,Độc nhất bán căn hộ 1 PN/52m2 tại Vinhomes Gardenia - sẵn sổ đỏ - full đồ view đẹp LH 0946 827 ***,"4,55 tỷ",52 m²,"87,5 tr/m²",1,1,"Mỹ Đình 1, Nam Từ Liêm","21.036317108546847, 105.75979934508564"
42328208,04/03/2025,"Bán căn 67m giá chỉ 5 tỷ tại Hd Mon - Mỹ Đình, ban công Đông Nam LH: 0915 867 ***",Giá thỏa thuận,67 m²,N/A,2,2,"Mỹ Đình 2, Nam Từ Liêm","21.034378668081498, 105.76797456876213"
42328107,04/03/2025,"Bán căn hộ chung cư Hateco Apollo, 3,2 tỷ, 52m2, 2PN, 1WC, tại Phương Canh, Nam Từ Liêm, Hà Nội","3,2 tỷ",52 m²,"61,54 tr/m²",2,1,"Phương Canh, Nam Từ Liêm","21.03567883794127, 105.75009454799701"
42328074,04/03/2025,"Chính chủ cần bán gấp giá cắt lỗ căn 2PN2VS, diện tích 75m2 tại Vinhomes Green Bay giá 5,5 tỷ.","5,5 tỷ",75 m²,"73,33 tr/m²",2,2,"Mễ Trì, Nam Từ Liêm","20.998684666183465, 105.78883810574635"
42328217,04/03/2025,Bán quỹ căn giá tốt tòa nhà Ecolife Tố Hữu - DT 75m2 căn 2PN giá 5 tỷ - 0988 246 ***,5 tỷ,75 m²,"66,67 tr/m²",2,2,"Trung Văn, Nam Từ Liêm","20.9937193603539, 105.789265499023"
42328125,04/03/2025,"Bán quỹ căn chung cư 2 PN DT 70m2, 77m2 toà Roman Plaza 0988 246 ***","5,15 tỷ",77 m²,"66,88 tr/m²",2,2,"Đại Mỗ, Nam Từ Liêm","20.984055606304455, 105.77714324472794"
38359811,04/03/2025,Chủ cần bán căn hộ 193m2 4N3WC full nội thất ở The Manor giá 60tr/m2 0961 899 ***,"11,4 tỷ",190 m²,60 tr/m²,4,3,"Mỹ Đình 1, Nam Từ Liêm","21.0141735076904, 105.775871276855"
39892246,04/03/2025,Hiếm! Bán gấp 2PN 2WC diện tích 82m2 - VOV Mễ Trì NT full giá 4.6 tỷ bao phí,"4,6 tỷ",82 m²,"56,1 tr/m²",2,2,"Mễ Trì, Nam Từ Liêm","20.9960602606847, 105.784711700061"
42328021,04/03/2025,"Chính chủ cần bán 2N 2VS DT 59m2, giá 3.55 tỷ khu GS - Vinhomes Smart City","3,55 tỷ",59 m²,"60,17 tr/m²",2,2,"Tây Mỗ, Nam Từ Liêm","21.006552762551127, 105.7457918285925"
42327746,04/03/2025,"BÁN CHUNG CƯ CT2C2 VOV MỄ TRÌ - 74 M2 , 4,X TỶ -2PN - 1 VS - CHÍNH CHỦ 0963 815 ***",Giá thỏa thuận,74 m²,N/A,2,1,"Mễ Trì, Nam Từ Liêm","21.0149655852115, 105.783283655167"
41832035,04/03/2025,"Bán căn hộ CC 3PN, 2WC tại An Bình Plaza, 5 tỷ, 83m2, Nam Từ Liêm, Hà Nội, full NT. Lh 0792 826 ***",5 tỷ,83 m²,"60,24 tr/m²",3,2,"Mỹ Đình 2, Nam Từ Liêm","21.030547775195686, 105.77697123547188"
42263437,04/03/2025,"(Hot) Bán căn hộ cao cấp Golden Field Mỹ Đình, 102m2,3PN, NT đầy đủ, căn góc, có slot ô tô. Giá rẻ","6,3 tỷ",102 m²,"61,76 tr/m²",3,2,"Cầu Diễn, Nam Từ Liêm","21.0350095323776, 105.766064687995"
42315548,04/03/2025,"Em cần bán chung cư Mỹ Đình, tòa A3 Hàm Nghi - 130m2 - 3PN - NT cơ bản - 6.3 tỷ","6,3 tỷ",130 m²,"48,46 tr/m²",3,2,"Cầu Diễn, Nam Từ Liêm","21.035079914547367, 105.76442934442422"
42302435,04/03/2025,"Bán căn hộ chung cư Florence Mỹ Đình, giá ưu đãi 6,2 tỷ, 90m2, 3 phòng ngủ 2wc","6,2 tỷ",90 m²,"68,89 tr/m²",3,2,"Cầu Diễn, Nam Từ Liêm","21.03121673366504, 105.76142744457428"
42262094,04/03/2025,"Chính chủ cần bán CH 2 ngủ 72m 5 tỷ tại Dreamland Bonanza, Duy Tân. Sẵn sổ, đầy đủ nội thất.",5 tỷ,72 m²,"69,44 tr/m²",2,2,"Mỹ Đình 2, Nam Từ Liêm","21.031723280650187, 105.78036358939231"
42261921,04/03/2025,"Giá thật 4,5 tỷ cần bán gấp CH FLC 36 Phạm Hùng 73m 2N-2W. Sẵn sổ, full nội","4,5 tỷ",73 m²,"61,64 tr/m²",2,2,"Mỹ Đình 2, Nam Từ Liêm","21.027686240034043, 105.7789374830499"
41497284,04/03/2025,"Bán căn hộ đẹp tại Dreamland Bonanza, giá chỉ 7,2 tỷ, 92m2, 3PN, 2PT","7,2 tỷ",92 m²,"78,26 tr/m²",3,2,"Mỹ Đình 2, Nam Từ Liêm","21.030609130859375, 105.7810287475586"
41532899,04/03/2025,"Chính chủ bán căn hộ 3 ngủ C37 Bộ Công An - Bắc Hà Tower, Tố Hữu, DT 120m2, giá 5,4 tỷ","5,4 tỷ",120 m²,45 tr/m²,3,2,"Trung Văn, Nam Từ Liêm","20.996829986572266, 105.79383850097656"
42220168,04/03/2025,Chỉ 6.3 tỷ mua được căn 2PN view công viên siêu đẹp - chủ nhà cần bán gấp - LH: 0966 874 ***,"6,3 tỷ",73 m²,"86,3 tr/m²",2,2,"Phú Đô, Nam Từ Liêm","21.011745080060752, 105.76740011091333"
39373658,04/03/2025,"Giá SỐC - Chỉ 5,9 tỷ Sở hữu ngay 2PN/79m2 tại Mỹ Đình Pearl . LH xem nhà 24/24 - 0966 874 ***","6,19 tỷ",73 m²,"84,8 tr/m²",2,2,"Phú Đô, Nam Từ Liêm","21.0124320983887, 105.767395019531"
42295640,04/03/2025,"Bán căn hộ Iris Garden Giá tốt 4,5 tỷ, 60,7m2, 2PN. LH: 0365 454 ***","4,5 tỷ","60,7 m²","74,14 tr/m²",2,1,"Cầu Diễn, Nam Từ Liêm","21.031764528583924, 105.76058530460783"
42327518,04/03/2025,"Chính chủ Canopy 62m2, 4,5 tỷ rẻ nhất thị trường tầng 12 căn góc view siêu thoáng, bể bơi Tokin","4,5 tỷ",62 m²,"72,58 tr/m²",2,2,"Tây Mỗ, Nam Từ Liêm","21.00171110771674, 105.7390318580605"
40746255,04/03/2025,"Gia đình cần chuyển nhượng gấp căn hộ 2PN + tại toà Tonkin, DT 70.7m2, full đồ, giá 5.05 tỷ","5,05 tỷ","70,7 m²","71,43 tr/m²",2,2,"Tây Mỗ, Nam Từ Liêm","21.005226135253906, 105.7389144897461"
42325749,04/03/2025,"Bán CHCC C4 Nguyễn Cơ Thạch 106m2, 3N2VS, giá 5.8 tỷ","5,8 tỷ",106 m²,"54,72 tr/m²",3,2,"Mỹ Đình 1, Nam Từ Liêm","21.0208569512223, 105.762288877944"
42327414,04/03/2025,Cập nhật quỹ căn rẻ nhất phân khu The Canopy Vinhomes Smart City,"4,5 tỷ",63 m²,"71,43 tr/m²",2,2,"Tây Mỗ, Nam Từ Liêm","21.0005480462477, 105.739202545553"
42327392,04/03/2025,"Bán căn 2PN view bể bơi Tonkin, căn góc TC3.2x. 01 The Canopy Vinsmart Tây Mỗ DT 62,7m2, 0914 333 ***","4,45 tỷ","62,7 m²","70,97 tr/m²",2,2,"Tây Mỗ, Nam Từ Liêm","21.001071080218843, 105.7392811895351"
42326788,04/03/2025,"Bán căn hộ HH2 Bắc Hà, Tố Hữu, 47 triệu VND, 133m2, view đẹp xuất sắc","6,25 tỷ",133 m²,47 tr/m²,3,2,"Trung Văn, Nam Từ Liêm","20.997393335016465, 105.79544477054571"
42327366,04/03/2025,"Chính chủ gửi bán căn góc 4PN3WC, Diện Tích 174m2, trục 15, ban công Đông Nam tại Dreamland Bonanza","16,4 tỷ",174 m²,"94,25 tr/m²",4,3,"Mỹ Đình 2, Nam Từ Liêm","21.031408882238104, 105.78101968869775"
42321708,04/03/2025,Bán gấp - lô góc - 3 ngủ - full nội thất cao cấp - Smart City - giá 5tỷ,5 tỷ,84 m²,"59,52 tr/m²",3,2,"Tây Mỗ, Nam Từ Liêm","21.008550715677035, 105.74344497519597"
42326997,04/03/2025,"Cần vốn đầu tư bán gấp căn 2 ngủ 54.8m2 tòa S202 giá 3,1 tỷ bao phí(giá chuẩn)","3,1 tỷ","54,8 m²","56,57 tr/m²",2,1,"Tây Mỗ, Nam Từ Liêm","21.006043980555823, 105.7361600847962"
42220047,04/03/2025,"Chính chủ cần bán CH 152m2 3 ngủ tại Dolphin Trần Bình. Giá 7 tỷ sẵn sổ, full nội thất",7 tỷ,152 m²,"46,05 tr/m²",3,2,"Mỹ Đình 2, Nam Từ Liêm","21.0299554328648, 105.776575010158"
42325687,04/03/2025,Căn hộ toà CT5B 110m2 Mễ Trì Thượng Nam Từ Liêm HN,"5,75 tỷ",110 m²,"52,27 tr/m²",3,2,"Mễ Trì, Nam Từ Liêm","21.005819828732236, 105.77921782238278"
42316268,04/03/2025,"Bán căn chung cư Vinhomes Smartcity, Tây Mỗ, Nam Từ Liêm, Hà Nội","2,8 tỷ",43 m²,"65,12 tr/m²",2,1,"Tây Mỗ, Nam Từ Liêm","21.008978348264282, 105.74362467690224"
42220296,04/03/2025,"Chính chủ cần bán gấp CH 3 ngủ Mỹ Đình Plaza 1 Trần Bình 110m2. Giá 5.9 tỷ, sẵn sổ đầy đủ nội thất","5,9 tỷ",110 m²,"53,64 tr/m²",3,2,"Mỹ Đình 2, Nam Từ Liêm","21.0313005674351, 105.775738043267"
38790257,04/03/2025,Bán gấp căn góc 3 ngủ chung cư Startup Tower ngõ 91 Đại Mỗ giá rẻ. LH 0362 125 ***,"4,25 tỷ",91 m²,"46,7 tr/m²",3,2,"Đại Mỗ, Nam Từ Liêm","20.9939, 105.76019"
42118953,04/03/2025,"Cần bán nhanh căn hộ toà CT2 Vietel - Thelight Tố Hữu, DT 131m2, 3pn, giá tốt","6,96 tỷ","126,5 m²",55 tr/m²,3,2,"Trung Văn, Nam Từ Liêm","20.993731923202706, 105.78881571287093"
42326941,04/03/2025,"Chính chủ cần bán căn hộ C14 Tố Hữu, 70m2, 3 ngủ, nhà mới đẹp, full nội thất đẹp, chỉ việc về ở","4,5 tỷ",70 m²,"64,29 tr/m²",2,2,"Trung Văn, Nam Từ Liêm","20.9908123016357, 105.783912658691"
42133464,04/03/2025,"Chính chủ bán CH 3N 2VS. DT: 120m2. Giá: 5.3 tỷ. ĐC: C37 - Bắc Hà, Tố Hữu. Nội thất đầy đủ, sẵn sổ","5,3 tỷ",120 m²,"44,17 tr/m²",3,2,"Trung Văn, Nam Từ Liêm","20.997451442896594, 105.79355440075933"
42230248,04/03/2025,"Bán CC Ecolife Capitol, Tố Hữu, Trung Văn, Nam Từ Liêm, Hà Nội, 62 triệu / m2, 110m2","6,82 tỷ",110 m²,62 tr/m²,3,2,"Trung Văn, Nam Từ Liêm","20.994419200885964, 105.79033396485649"
42326517,04/03/2025,* 0385 696 *** Tôi muốn chuyển nhượng CĂN GÓC 115m 3PN tòa nhà C37 Bắc Hà,Giá thỏa thuận,115 m²,N/A,3,2,"Trung Văn, Nam Từ Liêm","20.996996523875644, 105.79364194695998"
28000767,04/03/2025,(Giá chuẩn) bán gấp căn hộ Vinhomes West Point 111m2 hoa hậu góc 3PN tòa W3 tầng 28 view rất đẹp,"10,5 tỷ",111 m²,"94,6 tr/m²",3,2,"Mễ Trì, Nam Từ Liêm","21.0118827819824, 105.786445617676"
42326435,04/03/2025,Tôi cần bán nhanh CĂN GÓC 115m 3PN thiết kế đẹp nhất tòa nhà C37 Bắc Hà 17 Tố Hữu.,Giá thỏa thuận,115 m²,N/A,3,2,"Trung Văn, Nam Từ Liêm","20.996545923763147, 105.79386804287704"
42326251,04/03/2025,"Bán CC 2PN, 1WC giá ưu đãi tại FLC Garden City, 47m2, 2,8 tỷ, Nam Từ Liêm, Hà Nội","2,8 tỷ",47 m²,"59,57 tr/m²",2,1,"Đại Mỗ, Nam Từ Liêm","20.991471496055045, 105.75617303226105"
42326236,04/03/2025,"Duy Nhất căn 2PN chung cư The Sun bán giá mềm. căn 75m2 giá 5 tỷ bao phí, full LH: 0911 717 ***","5,03 tỷ",75 m²,67 tr/m²,2,2,"Mễ Trì, Nam Từ Liêm","21.01644669648473, 105.78033665507172"
42197119,04/03/2025,"C37 Bộ Công An - Bắc Hà Tower, giá cực chất 5,555tỷ, 120m2, 4PN, 2WC LH 0336 730 ***","5,56 tỷ",120 m²,"46,29 tr/m²",4,2,"Trung Văn, Nam Từ Liêm","20.9973880975292, 105.79398313871"
40980367,04/03/2025,Penthouse Iris Garden - Mỹ Đình (Duplex) full đồ (sổ lâu dài) LH 0987 106 *** (Ngày: 4/3/2024),15 tỷ,185 m²,"81,08 tr/m²",4,4,"Cầu Diễn, Nam Từ Liêm","21.031162, 105.760414"
41885460,04/03/2025,"Chính chủ cần bán căn hộ FLC Garden City, Đại Mỗ. Nằm sát Aeon Mall Hà Đông 66m2 2N 2WC giá 3. x tỷ",Giá thỏa thuận,66 m²,N/A,2,2,"Đại Mỗ, Nam Từ Liêm","20.991340851329458, 105.75630999380802"
42112000,04/03/2025,"Bán CC Vinhomes West Point, 7,5 tỷ, 96m2, 3PN + 2WC, view đẹp, giá ưu đãi tại Hà Nội","7,5 tỷ",96 m²,"78,12 tr/m²",3,2,"Mễ Trì, Nam Từ Liêm","21.011366910878312, 105.7865112289517"
38380905,04/03/2025,"Chủ nhà bán gấp căn 2PN 54m2 full nội thất 3,38tỷ bao phí- Đông Nam- Sẵn sổ tại Vinhomes Smart City","3,38 tỷ",54 m²,"62,59 tr/m²",2,1,"Tây Mỗ, Nam Từ Liêm","21.0089626312256, 105.743911743164"
42326084,04/03/2025,"Cần giao dịch nhanh căn studio tòa S401 - DT 31,7m2, giá 1 tỷ 850tr bao phí(giá chuẩn)","1,85 tỷ","31,7 m²","58,36 tr/m²",1,1,"Tây Mỗ, Nam Từ Liêm","21.0062160491943, 105.736473083496"
42319693,04/03/2025,"Bán căn hộ chung cư tại FLC Phạm Hùng, Mễ Trì, Nam Từ Liêm, Hà Nội, giá tốt chỉ với 10 tỷ, 131m2",10 tỷ,131 m²,"76,34 tr/m²",4,2,"Mễ Trì, Nam Từ Liêm","21.0177338412235, 105.780994049219"
41271776,04/03/2025,"Chính chủ cần bán căn 2 ngủ 54m2 tại toà Imperia Smart City full nội thất 2,9 tỷ","2,9 tỷ",54 m²,"53,7 tr/m²",2,1,"Tây Mỗ, Nam Từ Liêm","20.999277114868164, 105.73811340332031"
37875741,04/03/2025,"Chính chủ bán căn hộ 2 ngủ C14 Bắc Hà, Tố Hữu, DT: 83m2, giá 3,3 tỷ, đầy đủ nội thất","4,2 tỷ",83 m²,"50,6 tr/m²",2,2,"Trung Văn, Nam Từ Liêm","20.9908123016357, 105.783912658691"
37846088,04/03/2025,"Chính chủ bán căn hộ 3 ngủ C14 Bắc Hà, Tố Hữu, diện tích 110m2, giá 5 tỷ, đủ đồ, sẵn sổ",5 tỷ,110 m²,"45,46 tr/m²",3,3,"Trung Văn, Nam Từ Liêm","20.9908123016357, 105.783912658691"
41835090,04/03/2025,"Vợ chồng tôi chuyển công tác cần bán gấp căn hộ tại The Light Tố Hữu 131m2 3N2WC 1 kho, giá: 6.7 tỉ","6,7 tỷ",131 m²,"51,14 tr/m²",3,2,"Trung Văn, Nam Từ Liêm","20.992764691570983, 105.78755358076195"
41204675,04/03/2025,"Chính chủ bán căn hộ góc 3 ngủ Ecolife Capitol, Tố Hữu, giá 6 tỷ, DT 111m2, đầy đủ nội thất",6 tỷ,111 m²,"54,05 tr/m²",3,2,"Trung Văn, Nam Từ Liêm","20.99453353881836, 105.78939056396484"
38154041,04/03/2025,"Chính chủ bán căn hộ 2 ngủ, Dream Land Bonanza, Duy Tân, DT 73m2, giá 5,2 tỷ đầy đủ nội thất","5,2 tỷ",73 m²,"71,23 tr/m²",2,2,"Mỹ Đình 2, Nam Từ Liêm","21.0306091308594, 105.781028747559"
42201455,04/03/2025,"Bán căn hộ Imperia Smart City, 4,35 tỷ giá tốt căn góc, 2N + 64 m2, Tây Mỗ, Nam Từ Liêm, Hà Nội","4,35 tỷ",64 m²,"67,97 tr/m²",2,N/A,"Tây Mỗ, Nam Từ Liêm","20.99988952630298, 105.7380656450182"
38744207,04/03/2025,"Chính chủ bán căn hộ 3 ngủ HH2 Bắc Hà, Bộ Công An, Tố Hữu, giá 5,3 tỷ DT: 133m2 đầy đủ nội thất","5,3 tỷ",133 m²,"39,85 tr/m²",3,3,"Trung Văn, Nam Từ Liêm","20.9975166320801, 105.795166015625"
42325867,04/03/2025,Bán căn hộ Masteri West Heights,"4,2 tỷ",48 m²,"87,5 tr/m²",1,1,"Tây Mỗ, Nam Từ Liêm","21.008915733985198, 105.74390814375391"
38762463,04/03/2025,"Giá thật căn 2 ngủ Ecolife Capitol, 58 Tố Hữu. Giá 4,9 tỷ DT 76m2 và 2 VS. LH 0978 965 ***","4,9 tỷ",76 m²,"64,47 tr/m²",2,2,"Trung Văn, Nam Từ Liêm","20.994534, 105.78939"
40595519,04/03/2025,"Quỹ 50 căn chuyển nhượng 1PN, 2PN, 3PN, dự án Vinhomes WestPoint - Giá tốt, chính chủ gửi bán",6 tỷ,100 m²,60 tr/m²,3,2,"Mễ Trì, Nam Từ Liêm","21.0116472287261, 105.786369069393"
41275502,04/03/2025,"Bán chung cư 3 ngủ 130m2 toà CT2 The Light Trung Văn, đầy đủ đồ giá 6,8 tỷ","6,8 tỷ",131 m²,"51,91 tr/m²",3,2,"Trung Văn, Nam Từ Liêm","20.993038177490234, 105.7883529663086"
41301023,04/03/2025,Bán Căn 3PN2WC - 108m2 - C14 Tố Hữu Full nội thất BC Đông Nam giá 6 tỷ,6 tỷ,108 m²,"55,56 tr/m²",3,2,"Trung Văn, Nam Từ Liêm","20.990812, 105.78391"
41409517,04/03/2025,Hiếm! CT1 Sudico Mỹ Đình Sông Đà 3PN2WC căn 110m2 giá 7 tỷ. NT full có TL,7 tỷ,110 m²,"63,64 tr/m²",3,2,"Mỹ Đình 1, Nam Từ Liêm","21.017435073852539, 105.7803955078125"
42116231,04/03/2025,Hiếm! CT5 Sudico Mỹ Đình Sông Đà 3PN2WC căn 125m2 giá 7.6 tỷ. NT như ảnh,"7,6 tỷ",125 m²,"60,8 tr/m²",3,2,"Mỹ Đình 1, Nam Từ Liêm","21.017023657315757, 105.7795809906941"
40732775,04/03/2025,Bán 3PN3WC - 103m2 - Roman Plaza full nội thất giá 7.6 tỷ BP (chuẩn giá),"7,6 tỷ",103 m²,"73,79 tr/m²",3,3,"Đại Mỗ, Nam Từ Liêm","20.9843406677246, 105.776809692383"
42207215,04/03/2025,"Mở bán chung cư MT2 Mễ Trì Hạ - Trần Hữu Dực - ô tô đỗ gần, full đồ 1p ngủ (32 - 35 - 48 - 50m2)",Giá thỏa thuận,50 m²,N/A,1,1,"Mễ Trì, Nam Từ Liêm","21.0136090792654, 105.781711735683"
42325966,04/03/2025,"Chỉ 3.57tỷ sở hữu căn 2N2VS giá rẻ nhất đô thị Vinhomes Smart City, Tây Mỗ, Nam Từ Liêm, Hà Nội","3,57 tỷ",55 m²,"64,91 tr/m²",2,2,"Tây Mỗ, Nam Từ Liêm","21.00918331259601, 105.74374135744087"
39502373,04/03/2025,"Chính chủ bán căn hộ góc tại Golden Palace Mễ Trì DT: 118m2, 3PN 2WC giá: 7.7tỷ. LH: 0965 066 ***","7,7 tỷ",118 m²,"65,25 tr/m²",3,2,"Mễ Trì, Nam Từ Liêm","21.011936187744141, 105.77499389648438"
42314824,04/03/2025,"Chính chủ! Bán chung cư Sudico, Mỹ Đình Sông Đà, 115m2, căn góc 3PN, nhà đẹp - ở ngay! 0975 118 ***",6 tỷ,115 m²,"52,17 tr/m²",3,2,"Mỹ Đình 1, Nam Từ Liêm","21.0169693858589, 105.780240355018"
42325882,04/03/2025,"Chính chủ bán gấp căn hộ toà Ecolife 58 Tố Hữu, 75m2, 2 ngủ 2 vệ sinh, full nội thất, nhà mới đẹp","5,1 tỷ",75 m²,68 tr/m²,1,1,"Trung Văn, Nam Từ Liêm","20.9945335388184, 105.789390563965"
42325849,04/03/2025,"Cần bán căn hộ Intracom1 - Trung Văn - Nam Từ Liêm - HN - DT96m2 3PN 2WC giá 5,5tỷ - LH 0394 260 ***","5,5 tỷ",96 m²,"57,29 tr/m²",3,2,"Trung Văn, Nam Từ Liêm","20.990056699476764, 105.78803000273953"
42277955,04/03/2025,Cần tiền bán cắt lỗ sâu căn hộ cao cấp Lumi Hanoi tòa E1 căn 1PN; giá chỉ còn 3.6tỷ,"3,6 tỷ",42 m²,"85,71 tr/m²",1,1,"Tây Mỗ, Nam Từ Liêm","21.0118297765033, 105.7357711833754"
42325835,04/03/2025,"Bán gấp căn hộ 1PN + 1 /43m2 tòa G3 vị trí đắc địa, giá chỉ 2.760 tỷ bao phí; LH 0978 985 ***","2,76 tỷ",43 m²,"64,19 tr/m²",1,1,"Tây Mỗ, Nam Từ Liêm","21.008509223027616, 105.74379567629762"
42265290,04/03/2025,"Bán gấp căn hộ 2PN 2WC tại Vinhomes Smart City, 4,15 tỷ, 64m2 Lh:0903 671 ***","4,15 tỷ",64 m²,"64,84 tr/m²",2,2,"Tây Mỗ, Nam Từ Liêm","21.008827231643, 105.743858294938"
42325822,04/03/2025,"Chính chủ bán cắt lỗ căn hộ 2PN/2WC tòa G6 giá 3,450 tỷ; ký HĐMB trực tiếp CĐT; có hỗ trợ vay bank","3,45 tỷ","54,3 m²","63,54 tr/m²",2,2,"Tây Mỗ, Nam Từ Liêm","21.00848130171633, 105.7441089645683"
42219565,04/03/2025,Bán căn hộ chung cư cao cấp Ecolife Tố Hữu DT 75 m2 2ngủ 2 vệ sinh giá 5tỷ Lh 0369 736 *** Mr Quân,5 tỷ,75 m²,"66,67 tr/m²",2,2,"Trung Văn, Nam Từ Liêm","20.99453353881836, 105.78939056396484"
41964680,04/03/2025,"Chính chủ bán gấp căn 4PN - 154m2 Tháp A Sunshine Center, 16 Phạm Hùng, nhà đẹp sẵn ở Lh 0937 466 ***",Giá thỏa thuận,154 m²,N/A,4,2,"Mỹ Đình 2, Nam Từ Liêm","21.018786435227387, 105.78110583344855"
42318931,04/03/2025,"Bán gấp 2 căn penthouse/duplex Iris Garden Mỹ Đình 4PN-185m2 nhà thô và full cao cấp, LH 0937 466 ***",Giá thỏa thuận,185 m²,N/A,4,4,"Cầu Diễn, Nam Từ Liêm","21.03117158447578, 105.76041201838429"
41853901,04/03/2025,Gia đình có nhu cầu bán gấp căn hộ 67m2 ban công Đông Nam 2PN 2VS giá tốt LH 0911 120 ***,Giá thỏa thuận,67 m²,N/A,2,2,"Mỹ Đình 2, Nam Từ Liêm","21.035576383218526, 105.76818448698718"
38882092,04/03/2025,"Chính chủ bán căn hộ chung cư An Bình Plaza, Phố Trần Bình căn hộ 3 ngủ LH 0911 120 ***",Giá thỏa thuận,92 m²,N/A,3,2,"Mỹ Đình 2, Nam Từ Liêm","21.030908584594727, 105.77718353271484"
42241151,04/03/2025,"Bán cắt lỗ căn 2 phòng ngủ 80m2 chung cư Hoàng Thành Pearl, nhà mới chưa ở. Lh 0937 466 ***","5,8 tỷ",80 m²,"72,5 tr/m²",2,2,"Cầu Diễn, Nam Từ Liêm","21.040162966796636, 105.76223600131269"
42135103,04/03/2025,"Bán căn studio rẻ nhất thị trường toà I3 - 28m2 tầng trung, miễn phí DV, giá 2.03 tỷ","2,03 tỷ",28 m²,"72,5 tr/m²",1,1,"Tây Mỗ, Nam Từ Liêm","20.999261239500697, 105.7382418520679"
42314371,04/03/2025,"Bán gấp Duplex The Zei Mỹ Đình 4PN - 185m2 Hoàn thiện Nội thất cao cấp mới, sẵn sổ. LH 0937 466 ***",Giá thỏa thuận,185 m²,N/A,4,3,"Mỹ Đình 2, Nam Từ Liêm","21.0353010635348, 105.769404912464"
42088506,04/03/2025,"Bán căn hộ chung cư cực chất đẹp tại The Zei Mỹ Đình, 2 ngủ, 2WC, full nội thất. 0966 965 ***",7 tỷ,89 m²,"78,65 tr/m²",2,2,"Mỹ Đình 2, Nam Từ Liêm","21.034241355836745, 105.7698776830111"
42297577,04/03/2025,"Bán CC C37 Bộ Công An - Bắc Hà Tower, 6,5 tỷ, 115m2, Hot! Uy tín, Q. Nam Từ Liêm, HN","6,5 tỷ",115 m²,"56,52 tr/m²",3,2,"Trung Văn, Nam Từ Liêm","20.996217352827216, 105.79322711777009"
41206160,04/03/2025,"Chính chủ bán CH Dreamland Bonanza 23 Duy Tân, DT 72,4m2 2PN full NT đẹp, giá 5,8 tỷ: 0971 085 ***","5,8 tỷ","72,4 m²","80,11 tr/m²",2,2,"Mỹ Đình 2, Nam Từ Liêm","21.030609130859375, 105.7810287475586"
42295044,04/03/2025,"Chính chủ cần bán gấp căn T9 ĐN cực mát, LH 0977 146 ***","5,2 tỷ",74 m²,"70,27 tr/m²",2,2,"Cầu Diễn, Nam Từ Liêm","21.0346975642089, 105.76506558484152"
42312071,04/03/2025,"Bán cắt lỗ lấy tiền trả ngân hàng 85m2, 3 ngủ, 2 WC. LH 0977 146 ***","5,4 tỷ",85 m²,"63,53 tr/m²",3,2,"Mỹ Đình 2, Nam Từ Liêm","21.0309411555966, 105.777143526107"
42325182,04/03/2025,"Chính chủ bán căn hộ tầng trung tòa nhà Intracom1 - Trung Văn, DT 96m2, TK 3PN 2VS, giá 5,5 tỷ","5,5 tỷ",96 m²,"57,29 tr/m²",3,2,"Trung Văn, Nam Từ Liêm","20.9905108770305, 105.7870742788664"
41837127,04/03/2025,"Bán căn hộ chung cư tại Roman Plaza, 5 tỷ, 78 m2, 2PN, 2WC, Tây Bắc, Đông Nam",5 tỷ,78 m²,"64,1 tr/m²",2,2,"Đại Mỗ, Nam Từ Liêm","20.98393673398568, 105.7767786390118"
42290601,04/03/2025,"Bán căn 86,5m2 chung cư Vinaconex 7 - Nguyễn Văn Giáp full NT mới cao cấp xịn đét giá tốt nhất",Giá thỏa thuận,"86,5 m²",N/A,2,2,"Cầu Diễn, Nam Từ Liêm","21.03385509517195, 105.75951266208766"
42324845,04/03/2025,"Bán căn hộ chung cư 75 m2, 2 PN, tòa CT2C2 VOV Mễ Trì Nam Từ Liêm HN","4,05 tỷ",75 m²,54 tr/m²,2,1,"Mễ Trì, Nam Từ Liêm","20.9951453085518, 105.78517663816368"
41842537,04/03/2025,"Tôi cần bán căn SA3 1PN DT 43m2 giá 2,7 tỷ. Liên hệ: 0981 516 ***","2,7 tỷ",43 m²,"62,79 tr/m²",2,1,"Tây Mỗ, Nam Từ Liêm","21.00535678491396, 105.73933614127041"
41997210,04/03/2025,"Bán cắt lỗ căn hộ Sakura 46m2 - 2,7 tỷ - KĐT Vinhomes Smart City","2,7 tỷ",46 m²,"58,7 tr/m²",1,1,"Tây Mỗ, Nam Từ Liêm","21.00543742125415, 105.73862847550313"
42018065,04/03/2025,"Bán căn góc 200m2 Dolphin Plaza đẳng cấp sống giới thượng lưu, full nội thất luxury nhận nhà ở ngay",Giá thỏa thuận,200 m²,N/A,5,3,"Mỹ Đình 2, Nam Từ Liêm","21.0299757841792, 105.776179143583"
42214466,04/03/2025,"Tôi cần bán 96,5m CHCC Housinco Phùng Khoang, đường Lương Thế Vinh,","5,75 tỷ",97 m²,"59,28 tr/m²",3,2,"Trung Văn, Nam Từ Liêm","20.99639057533472, 105.79211727373776"
42158197,04/03/2025,"Bán căn hộ 2PN nội thất full cực đẹp cạnh vin Gardenia, giá tốt","5,3 tỷ",86 m²,"61,63 tr/m²",2,2,"Cầu Diễn, Nam Từ Liêm","21.034075736405004, 105.76011334096688"
42018329,04/03/2025,"CHÍNH CHỦ BÁN căn hộ chung cư Roman Plaza, 5,3 tỷ, 76m2 giá rẻ nhất thị trường tầng 22","5,3 tỷ",76 m²,"69,74 tr/m²",2,2,"Đại Mỗ, Nam Từ Liêm","20.984308219218455, 105.77609481812637"
34232966,04/03/2025,"Chính chủ chuyển nhượng căn hộ 2PN 69,1m2 ban công Đông Bắc tầng 16 tòa B2 chung cư Roman Plaza","4,88 tỷ","69,1 m²","70,62 tr/m²",2,2,"Đại Mỗ, Nam Từ Liêm","20.983952123977982, 105.77695711962508"
39671919,04/03/2025,"Tôi cần bán gấp căn tầng 10 chung cư Ecolife - 58 Tố Hữu, 2PN 75m2, nhà mới đẹp, đầy đủ nội thất","5,18 tỷ",75 m²,"69,07 tr/m²",2,2,"Trung Văn, Nam Từ Liêm","20.9945335388184, 105.789390563965"
42323733,04/03/2025,Vị trí đắc địa - mặt phố Lê Đức Thọ - lô góc - 3N 2WC 2BC - tầng trung - view đẹp,"7,9 tỷ",128 m²,"61,72 tr/m²",3,2,"Mỹ Đình 2, Nam Từ Liêm","21.0308690084049, 105.769009176276"
42225920,04/03/2025,Bán căn góc The Matrix One - DT 114.3m2 - full nội thất - view hồ - SĐCC - ở ngay - LH 0844 866 ***,"14,45 tỷ","114,3 m²","126,42 tr/m²",3,2,"Mễ Trì, Nam Từ Liêm","21.0091032970267, 105.774202232192"
42319729,04/03/2025,Gấp! Chủ nhà cần sang nhượng căn hộ Florence 82.3m2 - 3N 2VS NTCB - 5.820 tỷ,"5,82 tỷ","82,3 m²","70,72 tr/m²",3,2,"Cầu Diễn, Nam Từ Liêm","21.030828158231113, 105.76120898180818"
42260837,04/03/2025,"Bán gấp căn hộ 3PN tại FLC Complex 36 Phạm Hùng, 6,5 tỷ, 97m2","6,5 tỷ",97 m²,"67,01 tr/m²",3,2,"Mỹ Đình 2, Nam Từ Liêm","21.028543334496245, 105.77934938158943"
42324372,04/03/2025,"Chung cư Xuân Phương Residence, Trịnh Văn Bô, Nam Từ Liêm 68m2, 2 ngủ, 2VS, 3.92 tỷ. LH 0357 784 ***","3,92 tỷ",68 m²,"57,65 tr/m²",2,2,"Phương Canh, Nam Từ Liêm","21.033171803669383, 105.75347733037829"
42316037,04/03/2025,Quỹ căn hộ 3N 2VS dự án Hoàng Thành Pearl - giá chỉ từ 69tr/m2,8 tỷ,115 m²,"69,56 tr/m²",3,2,"Cầu Diễn, Nam Từ Liêm","21.03989269120117, 105.7606818008211"
41407728,04/03/2025,"Chính chủ bán căn 2N1VS tòa S2 đẹp, NT full đồ, BC hướng ĐN, DT 54,8m2. Giá 2,9 tỷ nét","2,9 tỷ","54,8 m²","52,92 tr/m²",2,1,"Tây Mỗ, Nam Từ Liêm","21.0062160491943, 105.736473083496"
42324126,04/03/2025,"Chính chủ nhờ bán căn hộ chung cư tòa VOV Mễ Trì, Nam Từ Liêm 61m2, 2 ngủ, 4,02 tỷ. LH 0357 784 ***","4,02 tỷ",61 m²,"65,9 tr/m²",2,1,"Mễ Trì, Nam Từ Liêm","20.995140919186895, 105.78413635269628"
42232564,04/03/2025,"Tôi bán chung cư C14 Bắc Hà 108m2, 3 ngủ, 2 vs chỉ 5.45 tỷ","5,45 tỷ","108,4 m²","50,28 tr/m²",3,2,"Trung Văn, Nam Từ Liêm","20.991096176272727, 105.78376114067746"
42305534,04/03/2025,"Cần bán CHCC 2PN, cơ bản tại dự án Florence giá chỉ từ 5 tỷ 9. Lh 0397 942 *** (em Hiếu)","5,9 tỷ","77,5 m²","76,13 tr/m²",2,2,"Cầu Diễn, Nam Từ Liêm","21.030852253387117, 105.76123726779265"
42316596,04/03/2025,"Bán CHCC Vinhomes Gardenia, 2PN, diện tích 74m2, giá chỉ từ 6 tỷ, full đồ. LH 0397 942 ***",6 tỷ,74 m²,"81,08 tr/m²",2,2,"Cầu Diễn, Nam Từ Liêm","21.036885175307155, 105.75977703620028"
42316618,04/03/2025,"Bán CHCC Hoàng Thành Pearl, 2PN, 80m2, đồ cơ bản giá chỉ từ 6 tỷ. Lh 0397 942 *** (em Hiếu)",6 tỷ,80 m²,75 tr/m²,2,2,"Cầu Diễn, Nam Từ Liêm","21.04071279631937, 105.7616623127226"
42316641,04/03/2025,"Bán CHCC, 3PN, diện tích 135m2 tại dự án Iris Garden, full đồ, giá chỉ từ 7tỷ8. Lh 0397 942 ***","7,8 tỷ",135 m²,"57,78 tr/m²",3,2,"Cầu Diễn, Nam Từ Liêm","21.031643518452512, 105.76118539940944"
41822127,04/03/2025,"Bán CC Ecolife Capitol, Tố Hữu, 75m2, 2PN full đồ, tầng trung view thoáng, giá rẻ. LH: 0987 362 ***",5 tỷ,75 m²,"66,67 tr/m²",2,2,"Trung Văn, Nam Từ Liêm","20.994788574031503, 105.78923973792993"
42018277,04/03/2025,"Cần bán căn hộ CT3-1MỄ TRÌ HẠDt 98m (2N2W)2 ban công mát mẻ Giá 5,95 tỷ Sẵn sổ, NT LH 0948 886 ***","5,95 tỷ",98 m²,"60,71 tr/m²",2,2,"Mễ Trì, Nam Từ Liêm","21.01524114321358, 105.78281272276476"
41746389,04/03/2025,"Chính chủ bán căn hộ chung cư cao cấp, tầng thấp view đẹp Vinhomes Smart City, 55m2 chỉ 3 tỷ nhỉnh","3,8 tỷ",55 m²,"69,09 tr/m²",2,1,"Tây Mỗ, Nam Từ Liêm","20.9992771148682, 105.73811340332"
34377374,04/03/2025,"Chính chủ bán căn hộ 3PN DT 133m2 chung cư HH2 Bắc Hà, giá 6.5 tỷ, LH: 0932 392 ***","6,5 tỷ",133 m²,"48,87 tr/m²",3,2,"Trung Văn, Nam Từ Liêm","20.9975166320801, 105.795166015625"
42285650,03/03/2025,"Chính chủ gửi bán căn hộ tại chung cư B6 Nguyễn Cơ Thạch giá rẻ, full đồ. LH: 0968 748 ***",Giá thỏa thuận,120 m²,N/A,3,3,"Cầu Diễn, Nam Từ Liêm","21.034802044585795, 105.76477399593928"
42301066,03/03/2025,"Bán căn hộ siêu đẹp 3N 2VS tại Imperia Smart City, 5,7 tỷ bao phí, 76m2 full đồ","5,7 tỷ",76 m²,75 tr/m²,3,2,"Tây Mỗ, Nam Từ Liêm","20.99930778534922, 105.73840275745263"
42303249,03/03/2025,"Bán căn hộ 2N2VS Tonkin Smart City, 4,7 tỷ bao phí, 60,5m2 Tây Mỗ, Nam Từ Liêm","4,7 tỷ","60,5 m²","77,69 tr/m²",2,2,"Tây Mỗ, Nam Từ Liêm","21.005032971757576, 105.73836208454519"
42308385,03/03/2025,"Bán căn hộ 1N + 1 đồ đẹp tại Imperia Smart City, 3,17 tỷ, 43m2, Nam Từ Liêm","3,17 tỷ",43 m²,"73,72 tr/m²",1,1,"Tây Mỗ, Nam Từ Liêm","20.999653075985393, 105.73788068529882"
42308398,03/03/2025,"Bán căn hộ 3N 2VS 75m2, giá cực kỳ 5,65 tỷ tại The Sakura - Vinhomes Smart City, Hà Nội","5,65 tỷ",75 m²,"75,33 tr/m²",3,2,"Tây Mỗ, Nam Từ Liêm","21.00473460827612, 105.73835997006381"
42312631,03/03/2025,"Bán căn hộ 2N 1VS Vinhomes Smart City, 3,5 tỷ bao phí, 54m2","3,5 tỷ",54 m²,"64,82 tr/m²",2,1,"Tây Mỗ, Nam Từ Liêm","21.00902206848811, 105.74385217102453"
41820762,03/03/2025,"Bán nhanh căn hộ 3 phòng ngủ tại B2 - Hàm Nghi - Mỹ Đình - Giá 4,5 tỷ","4,5 tỷ",78 m²,"57,69 tr/m²",3,2,"Cầu Diễn, Nam Từ Liêm","21.035099329085476, 105.76349873916077"
42141676,03/03/2025,"Bán CH 2PN-2WC, DT 60m2, giá 3,05tỷ, căn góc, view đẹp, tại khu đô thị Tây Mỗ, Nam Từ Liêm, Hà Nội","3,05 tỷ",60 m²,"50,83 tr/m²",2,2,"Tây Mỗ, Nam Từ Liêm","20.99668365606812, 105.74538366214462"
42188374,03/03/2025,"Cần mua căn to hơn bán gấp căn 43m2 - 1PN + toà S4 - Vin Smart - full nội thất đẹp long lanh 3,15tỷ","3,15 tỷ",43 m²,"73,26 tr/m²",1,N/A,"Tây Mỗ, Nam Từ Liêm","21.006470477690613, 105.73608155233146"
42208202,03/03/2025,Bán căn góc 112m2 3 phòng ngủ Vinhomes West Point nội thất cơ bản view thoáng,"7,2 tỷ",112 m²,"64,29 tr/m²",3,3,"Mễ Trì, Nam Từ Liêm","21.01170517934564, 105.78675000401854"
40424162,03/03/2025,"Bán căn hộ 18 Phạm Hùng B.I.G Tower DT 125,7m2 3PN full NT đẹp ở luôn hơn 5tỷ SĐCC: 0971 085 ***","5,15 tỷ","125,7 m²","40,97 tr/m²",3,2,"Mỹ Đình 2, Nam Từ Liêm","21.031179428100586, 105.77904510498047"
42322643,03/03/2025,Chính chủ cần bán gấp 103m toà Ecolife - Tố Hữu,"5,89 tỷ",103 m²,"57,18 tr/m²",3,2,"Trung Văn, Nam Từ Liêm","20.994127973582895, 105.78965207918449"
40681747,03/03/2025,Bán nhanh căn hộ Penthouse The Manor Mễ Trì sang xịn,"18,14 tỷ",189 m²,96 tr/m²,3,2,"Mỹ Đình 1, Nam Từ Liêm","21.01417350769043, 105.77587127685547"
41523644,03/03/2025,"Thu cần bán gấp căn Ecolife Tố Hữu 2Pn 75m2 giá 5 tỷ cho ai nhanh tay ạ, giá tốt nhất thị trường ạ",5 tỷ,75 m²,"66,67 tr/m²",2,2,"Trung Văn, Nam Từ Liêm","20.99453353881836, 105.78939056396484"
41226482,03/03/2025,"Chính Chủ Bán CH Dolphin Plaza Trần Bình, DT 138m2, 3PN NT đẹp, giá 6,8 tỷ SĐCC: O971085383","6,8 tỷ",138 m²,"49,28 tr/m²",3,2,"Mỹ Đình 2, Nam Từ Liêm","21.0305862877521, 105.776315852785"
41631505,03/03/2025,"Chính chủ bán CH Keangnam Phạm Hùng DT 118m2- 8,4 tỷ & 107m2 -7,5tỷ 3PN full NT, SĐCC: 0971 350 ***","8,4 tỷ",118 m²,"71,19 tr/m²",3,2,"Mễ Trì, Nam Từ Liêm","21.016849517822266, 105.78397369384766"
41915370,03/03/2025,"0971 085 *** Chính Chủ Bán CH Sudico Mỹ Đình Sông Đà DT 104m & 110m 3PN căn góc SĐCC giá 5,8 tỷ","5,8 tỷ",110 m²,"52,73 tr/m²",3,2,"Mỹ Đình 1, Nam Từ Liêm","21.01797775601082, 105.78037205395317"
41668354,03/03/2025,Chủ bán căn hộ Penhouse Golden Palace View đẹp nhất Mỹ Đình 670m. Giá 47 tỷ LH 0964 460 ***,47 tỷ,670 m²,"70,15 tr/m²",6,4,"Mễ Trì, Nam Từ Liêm","21.011936, 105.774994"
41975957,03/03/2025,"Bán CC Golden Palace, 63 triệu / m2, 117 m2, 3PN, 2WC, Mễ Trì, Nam Từ Liêm, Hà Nội","7,37 tỷ",117 m²,63 tr/m²,3,2,"Mễ Trì, Nam Từ Liêm","21.011878447321223, 105.77499311517201"
42322287,03/03/2025,"Có 102! Bán chung cư Mỹ Đình, lô góc, giá rẻ, 70m2, 2PN giá 3.x tỷ","3,65 tỷ",70 m²,"52,14 tr/m²",2,1,"Mỹ Đình 2, Nam Từ Liêm","21.0344192873778, 105.766251544558"
41243425,03/03/2025,"Chính chủ cần bán căn hộ 2PN tòa A phân khu Masteri West Heights, giá 3,8 tỷ - 0904 969 ***","3,8 tỷ",67 m²,"56,72 tr/m²",2,2,"Tây Mỗ, Nam Từ Liêm","21.006206512451172, 105.73707580566406"
41975087,03/03/2025,"Chính chủ bán căn 3 ngủ MHDI CT5-CT6 Lê Đức Thọ, DT 133m, nội thất nhập khẩu, giá 7,9 tỷ","7,9 tỷ",133 m²,"59,4 tr/m²",3,2,"Mỹ Đình 2, Nam Từ Liêm","21.029288778673, 105.768558816852"
42312173,03/03/2025,"Bán CC An Bình Plaza, Trần Bình, 5 tỷ, 83.6m2, 3PN, 2WC, đầy đủ nội thất",5 tỷ,"83,6 m²","59,81 tr/m²",3,2,"Mỹ Đình 2, Nam Từ Liêm","21.031531589216875, 105.77654914399645"
41240879,03/03/2025,"Chính chủ cần bán căn hộ 2PN tại phân khu Tokin - Vinhomes Smart City. Giá 3,6 tỷ - 0904 969 ***","3,6 tỷ",66 m²,"54,54 tr/m²",2,2,"Tây Mỗ, Nam Từ Liêm","21.005226135253906, 105.7389144897461"
42319812,03/03/2025,Căn 2N 2VS duy nhất - Florence - giá chỉ nhỉnh 5.8tỷ,"5,86 tỷ",83 m²,"70,55 tr/m²",2,2,"Cầu Diễn, Nam Từ Liêm","21.03043630017934, 105.76120051560798"
42320649,03/03/2025,"Sản phẩm hữu hạn, Duplex 3PN3WC diện tích 185m2, trục 05, BC Đông Bắc setup full nội thất Luxury",18 tỷ,185 m²,"97,3 tr/m²",3,3,"Mỹ Đình 2, Nam Từ Liêm","21.0343483790648, 105.769967580594"
42272518,03/03/2025,Chính chủ bán căn 3PN - Full NT - Giá tốt - ban công DN toà The Manor ! LH : 0961 846 ***,17 tỷ,200 m²,85 tr/m²,3,2,"Mỹ Đình 1, Nam Từ Liêm","21.014587549544046, 105.77636353344363"
42282977,03/03/2025,"Chính chủ bán căn hộ tại The Garden Hill 99 Trần Bình, 58m2, 2 ngủ, full đồ ban công Tây Bắc, sổ đỏ",4 tỷ,58 m²,"68,97 tr/m²",2,2,"Mỹ Đình 2, Nam Từ Liêm","21.030757926140776, 105.77735435873633"
42321671,03/03/2025,"Bán căn 2PN+ 69m phân khu The Canopy(TC) chỉ 4,7 tỷ","4,7 tỷ",69 m²,"68,12 tr/m²",2,2,"Tây Mỗ, Nam Từ Liêm","21.00129926286761, 105.73945066726452"
42317832,03/03/2025,Siêu hot! Căn hộ Đại Mỗ - 53m2 - 2 ngủ - full nội thất - ở ngay - giá chỉ 3.3 tỷ (HHTL36186),"3,3 tỷ",53 m²,"62,26 tr/m²",2,2,"Đại Mỗ, Nam Từ Liêm","20.99432935041977, 105.76118770347401"
41836947,03/03/2025,"Chính chủ bán 2 căn hộ 2PN 55m2 3.6 tỷ, 2PN + 64m2 4.25 tỷ Imperia Smart City","4,15 tỷ","64,5 m²","64,34 tr/m²",2,2,"Tây Mỗ, Nam Từ Liêm","20.9992979821947, 105.73822746460596"
42321704,03/03/2025,"Chính chủ bán gấp căn 4PN - 129m2 CCCC Sunshine Center, 16 Phạm Hùng, nhà đẹp sẵn ở LH 0937 466 ***",9 tỷ,129 m²,"69,77 tr/m²",4,2,"Mỹ Đình 2, Nam Từ Liêm","21.018425347934755, 105.78087387484223"
41194428,03/03/2025,Rẻ nhất The Canopy Vinhomes Smartcity căn góc 3 pòng ngủ 83m2 giá 5.8 tỷ chỉ vào 40%. LH 0949 891 ***,"5,8 tỷ","83,1 m²","69,8 tr/m²",3,2,"Tây Mỗ, Nam Từ Liêm","21.000846862793, 105.739120483398"
42113051,03/03/2025,"Bán gấp căn góc Đông Nam, trục hoa hậu 3PN 135,8m2 Iris Garden, view sân Mỹ Đình. Lh 0937 466 ***",Giá thỏa thuận,"135,8 m²",N/A,3,2,"Cầu Diễn, Nam Từ Liêm","21.0311622619629, 105.760414123535"
41935439,03/03/2025,Căn hộ cao cấp chuẩn bị bàn giao tại 18 Phạm Hùng full đồ cao cấp quỹ hàng cực hiếm Nội Đô TT CĐT,Giá thỏa thuận,119 m²,N/A,3,2,"Mỹ Đình 2, Nam Từ Liêm","21.0182710064657, 105.781826827469"
42321421,03/03/2025,"Chính chủ bán 1PN+ toà SA1 t5/2025 nhận nhà, đóng tiến độ giá 3 tỷ tầng đẹp view xinh LH 0987 770 ***",3 tỷ,43 m²,"69,77 tr/m²",1,1,"Tây Mỗ, Nam Từ Liêm","21.005339662182006, 105.73886105991622"
42320759,03/03/2025,"Chính chủ bán căn hộ chung cư full nội thất 69.5m2, 2 ngủ, 2 wc tại Athena Complex Xuân Phương","3,2 tỷ","69,5 m²","46,04 tr/m²",2,2,"Phương Canh, Nam Từ Liêm","21.041207726155072, 105.73506437798245"
42151395,03/03/2025,"Bán gấp CHCC góc Tòa CT2B Mỹ Đình II Lê Đức Thọ, Nam Từ Liêm 120m2 3PN, 6.2 tỷ","6,2 tỷ",120 m²,"51,67 tr/m²",3,2,"Mỹ Đình 2, Nam Từ Liêm","21.032033219400159, 105.76796207698884"
42321375,03/03/2025,"Bán căn hộ 79m2, 5 tỷ tại tòa B4 Hàm Nghi, Cầu Diễn. LH 0365 454 ***",5 tỷ,79 m²,"63,29 tr/m²",2,1,"Cầu Diễn, Nam Từ Liêm","21.03491001471254, 105.76446049633098"
42267183,03/03/2025,"Chính chủ bán căn hộ studio 28,7m2 tầng 8 tòa A Masteri West Heights! Giá chỉ 2 tỷ",2 tỷ,"28,7 m²","69,69 tr/m²",1,1,"Tây Mỗ, Nam Từ Liêm","21.0069514728077, 105.73686958175354"
41495187,03/03/2025,"Chuyển công tác gia đình cần bán căn hộ 2 ngủ 54,8m2 S2 hướng mát, full nội thất cao cấp, về ở luôn","3,2 tỷ","54,8 m²","58,39 tr/m²",2,1,"Tây Mỗ, Nam Từ Liêm","21.0062160491943, 105.736473083496"
42167292,03/03/2025,"Em cần bán căn studio - 30,9m2 toà Imperia 4 Vinsmart chỉ 2 tỷ",2 tỷ,"30,9 m²","64,72 tr/m²",1,1,"Tây Mỗ, Nam Từ Liêm","20.9991370811207, 105.737430378282"
42321327,03/03/2025,"Chính chủ cần bán căn hộ 67m2, ban công Đông Nam, đông ấm hè mát, có slot oto. LH: 0343 191 ***","4,9 tỷ",67 m²,"73,13 tr/m²",2,2,"Mỹ Đình 2, Nam Từ Liêm","21.03479650080153, 105.76771687294331"
42318879,03/03/2025,"Bán gấp, chung cư thang máy, Đại Linh - Trung Văn (Nam Từ Liêm giáp Hà Đông), 1tỷ450 về ở ngay","1,45 tỷ",35 m²,"41,43 tr/m²",1,1,"Trung Văn, Nam Từ Liêm","20.9964732455073, 105.770874324592"
42152494,03/03/2025,"Bán căn hộ 3 phòng ngủ tại chung cư An Lạc, đường Lưu Hữu Phước căn góc đẹp đầy đủ nội thất y hình","5,65 tỷ",90 m²,"62,78 tr/m²",3,2,"Cầu Diễn, Nam Từ Liêm","21.03302372049634, 105.76530716138748"
41131506,03/03/2025,CHCC Vinhomes Skylake 3PN view hồ,12 tỷ,96 m²,125 tr/m²,3,2,"Mỹ Đình 1, Nam Từ Liêm","21.020378828260956, 105.78053390174547"
41541353,03/03/2025,"Gia đình cần bán căn hộ 3 ngủ 102m2 PCC1 - Mỹ Đình Plaza, đẹp, thu về 6.2 tỷ","6,1 tỷ",102 m²,"59,8 tr/m²",3,2,"Mỹ Đình 2, Nam Từ Liêm","21.030839920043945, 105.77579498291016"
40620325,03/03/2025,Bán CHKS MHD Trung Văn - Tố Hữu - gần Hà Đông,Giá thỏa thuận,"72,4 m²",N/A,2,N/A,"Trung Văn, Nam Từ Liêm","20.991955, 105.7851"
42317810,03/03/2025,Chung cư Xuân Phương - 65m2 - 2 phòng ngủ - nội thất xịn - tiện ích rẻ - giá 4.45 tỷ (HHTL36185),"4,45 tỷ",65 m²,"68,46 tr/m²",2,2,"Xuân Phương, Nam Từ Liêm","21.029105704464982, 105.7645576415744"
42317683,03/03/2025,Bán căn hộ Tây Mỗ - 45m2 - 2 ngủ - an sinh đỉnh - full nội thất - giá 3.87 tỷ (HHTL36183),"3,87 tỷ",45 m²,86 tr/m²,2,2,"Tây Mỗ, Nam Từ Liêm","21.016480461561855, 105.74610297143488"
42276979,03/03/2025,"Tôi cần bán nhanh căn hộ cao cấp 2pn tầng đẹp, view đẹp. Anh, chị có nhu cầu liên hệ: 0343 191 ***","7,9 tỷ",94 m²,"84,04 tr/m²",2,2,"Mỹ Đình 2, Nam Từ Liêm","21.0343480361897, 105.76928324508765"
42265228,03/03/2025,"BÁN CĂN HỘ CAO CẤP 108M2 THIẾT KẾ 3PN, CĂN GÓC 2 MẶT THOÁNG, TẦNG CAO VIEW TRIỆU ĐÔ TẠI THE ZEI",9 tỷ,"107,7 m²","83,56 tr/m²",3,2,"Mỹ Đình 2, Nam Từ Liêm","21.034842987204744, 105.7697994131996"
42267049,03/03/2025,"CẦN BÁN CĂN DUPLEX, HƯỚNG ĐÔNG BẮC VIEW HỒ, GIÁ CỰC TỐT. A/CHỊ CÓ NHU CẦU LIÊN HỆ EM: 0343 191 ***",Giá thỏa thuận,185 m²,N/A,3,3,"Mỹ Đình 2, Nam Từ Liêm","21.03446862739278, 105.76898977382525"
37754809,03/03/2025,"Cần bán gấp căn hộ 133 tòa CT1 view hồ Sudico 3N 2VS full nội thất nhập khẩu đẹp, LH 0985 814 ***",5 tỷ,133 m²,"37,59 tr/m²",3,2,"Mỹ Đình 1, Nam Từ Liêm","21.0174350738525, 105.780395507813"
42305822,03/03/2025,"Cần bán CHCC 2PN, full đồ tại dự án HD Mon City, giá chỉ từ 4 tỷ 8. LH 0397 942 *** (em Hiếu)","4,9 tỷ",67 m²,"73,13 tr/m²",2,2,"Mỹ Đình 2, Nam Từ Liêm","21.03504758114389, 105.7673430845022"
41975264,03/03/2025,"Bán căn hộ 135m2 Iris Garden full nội thất, cam kết giá tốt nhất thị trường","6,9 tỷ",135 m²,"51,11 tr/m²",3,3,"Cầu Diễn, Nam Từ Liêm","21.03033019797333, 105.76072446729825"
42320931,03/03/2025,Bán nhanh căn hộ The Emerald -CT8 khu đô thị Mỹ Đình Sông Đà giá rẻ nhất hiện tại,Giá thỏa thuận,"81,4 m²",N/A,2,2,"Mỹ Đình 1, Nam Từ Liêm","21.02208517187269, 105.77184396809297"
34904550,03/03/2025,Bán gấp căn hộ 162m2 4N3VS full đồ tại chung cư Golden Palace liên hệ: 0985 814 *** em Huynh,Giá thỏa thuận,162 m²,N/A,4,3,"Mễ Trì, Nam Từ Liêm","21.0119361877441, 105.774993896484"
37984261,03/03/2025,"Sẵn sổ! Bán nhanh căn 2PN 54m2 Vin Tây Mỗ-full nội thất 3,38tỷ bao phí - về ở ngay - có hỗ trợ vay","3,38 tỷ",54 m²,"62,59 tr/m²",2,1,"Tây Mỗ, Nam Từ Liêm","21.0088520050049, 105.743919372559"
42298755,03/03/2025,"Bán căn chung cư Imperia Sola Park tòa G6.2320 BC Đông Nam 54m2, giá 3.83 tỷ","3,83 tỷ","54,7 m²","70,02 tr/m²",2,2,"Tây Mỗ, Nam Từ Liêm","21.009039328548408, 105.74422525844606"
40968140,03/03/2025,Bán Căn 4PN3WC - 137m2 - Roman Plaza hướng mát SĐCC 9.56 tỷ -70tr/m2,"9,56 tỷ",137 m²,"69,78 tr/m²",4,3,"Đại Mỗ, Nam Từ Liêm","20.9843406677246, 105.776809692383"
42223367,03/03/2025,"Chính chủ gửi bán căn hộ 2ngủ 2vs 90m2 full đồ ban công Đông Nam giá tốt 3,8tỷ tại CT2 Coma6","3,8 tỷ",90 m²,"42,22 tr/m²",2,2,"Tây Mỗ, Nam Từ Liêm","21.01662037999421, 105.74626059216185"
41994332,03/03/2025,"Chính chủ bán căn hộ 94m2 chung cư MD Complex - Mỹ Đình 6.07tỷ sẵn sổ, full nội thất: 0966 769 ***","6,07 tỷ",94 m²,"64,57 tr/m²",2,2,"Cầu Diễn, Nam Từ Liêm","21.02919677159869, 105.76141742105767"
42266760,03/03/2025,2PN2WC Mỹ Đình Plaza 1 full nội thất 73m2 tầng trung - 4.7 tỷ (chuẩn giá),"4,7 tỷ",73 m²,"64,38 tr/m²",2,2,"Mỹ Đình 2, Nam Từ Liêm","21.0308399200439, 105.77579498291"
40989712,03/03/2025,3PN2WC Mỹ Đình Plaza 1 full nội thất 100m2 tầng trung - 6.36 tỷ (chuẩn giá),"6,36 tỷ",100 m²,"63,6 tr/m²",3,2,"Mỹ Đình 2, Nam Từ Liêm","21.0308399200439, 105.77579498291"
39558959,03/03/2025,Hiếm !!! bán căn 3PN2WC - 81 m2 - VOV Mễ Trì Full NT Hướng mát giá 5tỷ,5 tỷ,81 m²,"61,73 tr/m²",3,2,"Mễ Trì, Nam Từ Liêm","20.9952507019043, 105.784408569336"
40338557,03/03/2025,Độc quyền Capital Elite căn 3PN 119m2 full giá 10.5 tỷ - căn góc Đông Nam tầng trung 119m2,"10,5 tỷ",119 m²,"88,24 tr/m²",3,2,"Mỹ Đình 2, Nam Từ Liêm","21.0185661315918, 105.781684875488"
41431391,03/03/2025,Dolphin Plaza 4PN3WC - 186m2 NT Full căn góc tầng trung giá 12.12 tỷ,"12,12 tỷ",186 m²,"65,16 tr/m²",4,3,"Mỹ Đình 2, Nam Từ Liêm","21.03004386800116, 105.77684328980432"
42320720,03/03/2025,Căn góc 3pn 2wc 102m2 view toàn cảnh hồ điều hòa full nội thất cần bán nhanh tại Vinhomes Skylake,Giá thỏa thuận,102 m²,N/A,3,2,"Mỹ Đình 1, Nam Từ Liêm","21.01962714659652, 105.7814104774859"
39136595,03/03/2025,Chủ nhà cần bán nhanh các căn 2N 3N 4N Vinhomes West Point giá rẻ nhất thị trường. LH: 0986 270 ***,Giá thỏa thuận,66 m²,N/A,2,2,"Mễ Trì, Nam Từ Liêm","21.0118827819824, 105.786445617676"
42319944,03/03/2025,"Rẻ chưa từng có căn 3 ngủ view công viên The Matrix One full đồ giá 11.8 tỷ, tầng trung","11,8 tỷ",113 m²,"104,42 tr/m²",3,2,"Mễ Trì, Nam Từ Liêm","21.008811135056252, 105.77354863058773"
42320806,03/03/2025,"Cần bán CH 83m2 chung cư An Lạc - Lưu Hữu Phước, nhà mới đồ cơ bản đẹp 4ty8xx. LH 0916 820 ***",Giá thỏa thuận,83 m²,N/A,2,2,"Cầu Diễn, Nam Từ Liêm","21.03297999317084, 105.76166346675127"
40641228,03/03/2025,Chính chủ bán căn hộ 3 phòng ngủ chung cư Sunshine Center - 18 Phạm Hùng giá 7.4 tỷ LH: 0977 986 ***,"7,4 tỷ",108 m²,"68,52 tr/m²",3,2,"Mỹ Đình 2, Nam Từ Liêm","21.018648147583, 105.781791687012"
42123327,03/03/2025,"Bán căn hộ Dolphin Plaza Trần Bình căn dt 138m2, 166m2, giá từ 8,3 tỷ căn 3PN đầy đủ nội thất","8,3 tỷ",166 m²,50 tr/m²,4,3,"Mỹ Đình 2, Nam Từ Liêm","21.029646241549138, 105.77709325374207"
39781550,03/03/2025,Cần vốn đầu tư bán gấp căn 2 ngủ 54.8m2 tòa GS1 giá 3 tỷ 2 bao phí(giá chuẩn),"3,2 tỷ","54,8 m²","58,39 tr/m²",2,1,"Tây Mỗ, Nam Từ Liêm","21.006574630737305, 105.74504852294922"
42320757,03/03/2025,Quỹ căn chuyển nhượng dự án Sunshine Center - 16 Phạm Hùng nhà ở ngay,"10,5 tỷ",158 m²,"66,46 tr/m²",4,3,"Mỹ Đình 2, Nam Từ Liêm","21.0187397342038, 105.782291422042"
42320518,03/03/2025,"Không cho số đông, duplex 4PN 3WC DT 185m2, trục 06 tòa CT3 dự án Iris Garden, 30 Trần Hữu Dực",13 tỷ,185 m²,"70,27 tr/m²",4,3,"Cầu Diễn, Nam Từ Liêm","21.0310908866011, 105.760386351025"
41646072,03/03/2025,Mới chủ nhà tin tưởng gửi bán căn 3N2VS sổ lâu dài tầng trung full nội thất LH; 0942 609 ***,"7,8 tỷ",95 m²,"82,1 tr/m²",3,2,"Mễ Trì, Nam Từ Liêm","21.0118827819824, 105.786445617676"
34436980,03/03/2025,mới cần bán nhanh căn hộ 45m2 1n1vs giá tốt hất thị trường lh 0942 609 ***,Giá thỏa thuận,62 m²,N/A,2,N/A,"Mỹ Đình 1, Nam Từ Liêm","21.0201683044434, 105.780754089355"
42320341,03/03/2025,"Chủ Thiện Chí, Cần Bán Penthouse, 5pn4wc Diện Tích 300m2, Trục 5+6 Full Nội Thất Luxury( Hữu Hạn)",25 tỷ,300 m²,"83,33 tr/m²",5,3,"Mỹ Đình 2, Nam Từ Liêm","21.031227467790977, 105.78100957989409"
42165274,03/03/2025,"Bán CC The Garden Hills, 4,8 tỷ, 69m2, 2PN, 2WC ở Trần Bình, Nam Từ Liêm, Hà Nội","4,8 tỷ",69 m²,"69,56 tr/m²",2,2,"Mỹ Đình 2, Nam Từ Liêm","21.030566939700165, 105.77784250104473"
38063172,03/03/2025,Mới! Chủ nhà tin tưởng gửi bán nhiều căn hộ 2N DT 106m2 giá chỉ từ 6 tỷ,"7,8 tỷ",106 m²,"73,58 tr/m²",2,2,"Mỹ Đình 1, Nam Từ Liêm","21.0141735076904, 105.775871276855"
34846147,03/03/2025,Chủ nhà tin tưởng gửi bán nhiều căn hộ 2PN - 3PN - 4PN giá tốt nhất thị trường năm 2025,"6,2 tỷ",96 m²,"64,58 tr/m²",3,2,"Mỹ Đình 1, Nam Từ Liêm","21.022013597871098, 105.77141202739942"
41918010,03/03/2025,"Bán căn hộ chung cư Mỹ Đình II, 5.2 tỷ, 93m2, 3PN, 2WC, pháp lý đầy đủ","5,2 tỷ",93 m²,"55,91 tr/m²",3,2,"Mỹ Đình 2, Nam Từ Liêm","21.031991850984209, 105.7675846395075"
42166120,03/03/2025,"Chính chủ cần bán gấp căn 2 ngủ nhỏ 53,4m2 tầng cao tại S6 Lumi Signature Hanoi",Giá thỏa thuận,"53,4 m²",N/A,2,2,"Tây Mỗ, Nam Từ Liêm","21.0113579003012, 105.736007216504"
38205287,03/03/2025,Mới! Chủ nhà tin tưởng gửi bán căn hộ 3PN giá tốt nhất thị trường T2 năm 2025,"5,1 tỷ",85 m²,60 tr/m²,2,2,"Cầu Diễn, Nam Từ Liêm","21.0307312011719, 105.761329650879"
36258514,03/03/2025,(Mới) chủ nhà tin tưởng gửi bán nhiều căn hộ 1N 2N 3N 4N giá tốt nhất thị trường cập nhật năm 2025,"5,8 tỷ",73 m²,"79,45 tr/m²",2,2,"Phú Đô, Nam Từ Liêm","21.012432098388672, 105.76739501953125"
42320215,03/03/2025,"Cần bán căn hộ duplex tại Roman Plaza, diện tích: 190m2 (3 phòng ngủ), full nội thất, giá cực tốt.","14,7 tỷ",190 m²,"77,37 tr/m²",3,3,"Đại Mỗ, Nam Từ Liêm","20.9844842031268, 105.77695353990057"
42320057,03/03/2025,"Bán chung cư Mễ Trì Hạ, DT 66m2, 2 ngủ 2 vs. Giá 4.15 tỷ","4,15 tỷ",66 m²,"62,88 tr/m²",2,2,"Mễ Trì, Nam Từ Liêm","21.01532218677239, 105.78215078236282"
41944813,03/03/2025,Cần bán gấp căn Studio giá 2 tỷ phân khu S3 - Vinhomes Smart City,2 tỷ,30 m²,"66,67 tr/m²",1,1,"Tây Mỗ, Nam Từ Liêm","21.0059072800299, 105.735699809444"
42320184,03/03/2025,"Chính chủ bán gấp CH 3PN2WC The Sun Mễ Trì - Giá 5,8 tỷ - Full đồ gia lộc 100tr cho khách mua nhanh","5,8 tỷ",98 m²,"59,18 tr/m²",3,2,"Mễ Trì, Nam Từ Liêm","21.01519563121823, 105.7803507066113"
42320098,03/03/2025,"Bán gấp căn 1N diện tích 45m2, tòa Tonkin 2 phân khu cao cấp ĐT Vinhomes Smart City. Giá 3.5 tỷ","3,5 tỷ",45 m²,"77,78 tr/m²",1,1,"Tây Mỗ, Nam Từ Liêm","21.005143671678823, 105.7383424286603"
41852322,03/03/2025,"Chuyên bán chuyển nhượng GS5 thuộc Miami Vinsmart (2PN,3PN) (Cam kết giá tốt), 0917 136 ***","3,5 tỷ",55 m²,"63,64 tr/m²",2,N/A,"Tây Mỗ, Nam Từ Liêm","21.007363909802415, 105.74494094351054"
42123179,03/03/2025,Bán căn hộ chung cư Westpoint Phạm Hùng căn 8 tỉ loại 4PN 3WC diện tích 122m2 đẩy đủ nội thất,8 tỷ,122 m²,"65,57 tr/m²",4,3,"Mễ Trì, Nam Từ Liêm","21.011885261564423, 105.78659277385867"
41743164,03/03/2025,"Bán CC 3PN, 2WC, B.I.G Tower, 5,5 tỷ, 96m2, Mỹ Đình 2, Nam Từ Liêm, Hà Nội","5,5 tỷ",96 m²,"57,29 tr/m²",3,2,"Mỹ Đình 2, Nam Từ Liêm","21.03118, 105.779045"
42297674,03/03/2025,"Cần bán nhanh căn C37 Bắc Hà 115m2 giá 6,3 tỷ. 3N2W, full NT. Lh 0962 347 ***","6,3 tỷ",115 m²,"54,78 tr/m²",3,2,"Trung Văn, Nam Từ Liêm","20.996521102803296, 105.79412111183814"
42319752,03/03/2025,"Bán gấp căn 1PN + 1 full nội thất, tòa S2.05 đô thị Vinhomes Smart City. Giá chỉ hơn 60 triệu/m2","2,9 tỷ",43 m²,"67,44 tr/m²",1,1,"Tây Mỗ, Nam Từ Liêm","21.00685884195679, 105.73600770003819"
41837006,03/03/2025,"Chính chủ bán 2 căn hộ 2PN 55m2 3.6 tỷ, 2PN + 64m2 4.25 tỷ Imperia Smart City","4,15 tỷ","64,5 m²","64,34 tr/m²",2,2,"Tây Mỗ, Nam Từ Liêm","20.999276927795282, 105.73807952036297"
42319503,03/03/2025,"Cần bán căn hộ 2 phòng ngủ(1 WC) tòa S2 Vinhomes Smart City, ban công Đông Nam, tầng trung giá tốt","3,6 tỷ",55 m²,"65,46 tr/m²",2,1,"Tây Mỗ, Nam Từ Liêm","21.00625131229005, 105.7364750552248"
41430584,03/03/2025,"Bán căn hộ MD Complex - Nguyễn Cơ Thạch, DT 146,8m2, 3PN 2VS có sổ, Có lot xe L/H: 0906 241 ***","8,22 tỷ","146,8 m²",56 tr/m²,3,2,"Cầu Diễn, Nam Từ Liêm","21.029132843017578, 105.76129913330078"
40567620,03/03/2025,"Chính chủ cần bán CCCC Dolphin căn 186m2 full đồ view đẹp, giá có thương lượng. LH 0938 888 ***","11,5 tỷ",186 m²,"61,83 tr/m²",4,3,"Mỹ Đình 2, Nam Từ Liêm","21.0300445556641, 105.776626586914"
42319408,03/03/2025,Bán gấp căn 2PN - 74m2 chung cư Dolphin Plaza số 6 Nguyễn Hoàng. Nhà đẹp nội thất mới sẵn ở,Giá thỏa thuận,74 m²,N/A,2,2,"Mỹ Đình 2, Nam Từ Liêm","21.029833266299416, 105.77604562549293"
42319106,03/03/2025,Cần bán căn hộ tầng 12 chung cư Vinaconex 7 DT 86m 2pn 2wc full đồ vào ở ngay 5.4 tỷ 0915 074 ***,"5,4 tỷ",86 m²,"62,79 tr/m²",2,2,"Cầu Diễn, Nam Từ Liêm","21.03402324035168, 105.75907820136024"
42232851,03/03/2025,"Chính chủ bán căn 78.7m2. Tầng trung, ban công ĐN full nội thất siêu đẹp. 2PN - 2VS","5,2 tỷ","78,7 m²","66,07 tr/m²",2,2,"Đại Mỗ, Nam Từ Liêm","20.98455128250036, 105.77737700003692"
42232923,03/03/2025,"Chính chủ bán căn rộng nhất và hiếm nhất. 136,6m2, 4PN - 3VS. Tầng trung, căn góc, full nội thất","9,06 tỷ","136,6 m²","66,32 tr/m²",4,3,"Đại Mỗ, Nam Từ Liêm","20.984260983967793, 105.7761849072165"
42233028,03/03/2025,"Chính chủ bán căn hoa hậu 198m2. Có Slot oto, 4PN - 3VS tầng thấp. Cửa ĐN ban công TN + ĐB","11,5 tỷ",198 m²,"58,08 tr/m²",4,3,"Mỹ Đình 2, Nam Từ Liêm","21.029264693254003, 105.77644230937005"
38373767,03/03/2025,"Chính chủ bán căn 3PN - 2VS 133,4m2 tầng trung. Căn góc. Cửa ĐN ban công TB giá tốt nhất thị trường","6,4 tỷ","133,4 m²","47,98 tr/m²",3,2,"Trung Văn, Nam Từ Liêm","20.997516632080078, 105.795166015625"
42319036,03/03/2025,"Bán CC Hateco Apollo, Đ70, p Phương Canh, Nam Từ Liêm, 3,95 tỷ, 63m2","3,95 tỷ",63 m²,"62,7 tr/m²",2,N/A,"Phương Canh, Nam Từ Liêm","21.03520452469422, 105.74905690206046"
42319012,03/03/2025,"Bán chung cư an sinh Mỹ Đình, Nam Từ Liêm","5,6 tỷ",122 m²,"45,9 tr/m²",3,2,"Cầu Diễn, Nam Từ Liêm","21.034369962352184, 105.76287475275461"
41495030,03/03/2025,"Bán gấp căn góc 2PN+1 Vinhomes Smart City  giá tốt, không chênh, thanh toán tiến độ.",Giá thỏa thuận,"64,4 m²",N/A,3,2,"Tây Mỗ, Nam Từ Liêm","21.0088520050049, 105.743919372559"
42319003,03/03/2025,"Bán gấp Chung cư cao cấp Hàn Quốc, CT2 The Emerald Đình Thôn, Nam Từ Liêm. DT 85m2 -2 PN. 7,03 tỷ.","7,03 tỷ",85 m²,"82,71 tr/m²",2,2,"Mỹ Đình 1, Nam Từ Liêm","21.0204961299459, 105.774688632213"
39615588,03/03/2025,"Chính chủ bán nhanh căn 70m2 full nội thất siêu đẹp, tầng trung ban công ĐN. 2Pn-2Vs","4,45 tỷ",70 m²,"63,57 tr/m²",2,2,"Mỹ Đình 2, Nam Từ Liêm","21.028190612793, 105.779197692871"
42175539,03/03/2025,"Chính chủ bán căn 144m2 rẻ nhất thời điểm hiện tại. Tầng trung, full đồ, hướng mát","8,2 tỷ",144 m²,"56,94 tr/m²",3,3,"Mỹ Đình 2, Nam Từ Liêm","21.0299398478921, 105.77688513666"
42319225,03/03/2025,"Chính chủ bán gấp căn hộ 4 ngủ, 182m2 Dolphin Plaza Số 6 Nguyễn Hoàng. Sẵn sổ Slot xe LH 0937 466 ***",Giá thỏa thuận,182 m²,N/A,4,3,"Mỹ Đình 2, Nam Từ Liêm","21.029466479001698, 105.7764398834797"
41632403,03/03/2025,"Chuyên bán chuyển nhượng G1, G2, G3 tới G5, G6 Vinsmart, Victory (Hàng bank rẻ hơn 4-5%) 0917 136 ***",Giá thỏa thuận,61 m²,N/A,2,2,"Tây Mỗ, Nam Từ Liêm","21.008852005004883, 105.74391937255859"
42319186,03/03/2025,"Bán căn chung cư The Sun diện tích 98m2 3N 2W giá 6.3 tỷ, LH: 0985 636 ***","6,3 tỷ",98 m²,"64,29 tr/m²",3,2,"Mễ Trì, Nam Từ Liêm","21.01525041346586, 105.77972249449832"
41459108,03/03/2025,"Cần bán căn 3 ngủ C37 Bắc Hà Bộ Công An, DT 115m, giá thật 6,1 tỷ, sẵn sổ, đủ nội thất, slot ô tô","6,1 tỷ",115 m²,"53,04 tr/m²",3,2,"Trung Văn, Nam Từ Liêm","20.9968299865723, 105.793838500977"
42318921,03/03/2025,"Bán căn hộ rẻ nhất dự án Mỹ Đình Pearl 73m2, ban công ĐB, view hồ công viên. Giá 5,5 tỷ","5,5 tỷ",73 m²,"75,34 tr/m²",2,2,"Phú Đô, Nam Từ Liêm","21.0124320983887, 105.767395019531"
42319154,03/03/2025,"Mình thiện chí bán căn chung cư mini Trung Văn, đường ô tô tránh, DT 50m2 giá 1.65 tỷ: 0936 071 ***","1,65 tỷ",50 m²,33 tr/m²,2,1,"Trung Văn, Nam Từ Liêm","20.9919020895272, 105.785972913906"
41218333,03/03/2025,"Chính chủ bán CH FLC 36 Phạm Hùng DT 70m2, 2 ngủ full NT đẹp, SĐCC, giá 4 tỷ: 0971 350 ***",4 tỷ,70 m²,"57,14 tr/m²",2,1,"Mỹ Đình 2, Nam Từ Liêm","21.028190612793, 105.779197692871"
42319068,03/03/2025,"Chuyển công tác nên tôi bán căn hộ Mỹ Đình Plaza 1, 73m2, 2 ngủ 2VS, full nội thất, chỉ việc về ở","4,5 tỷ",73 m²,"61,64 tr/m²",2,2,"Mỹ Đình 2, Nam Từ Liêm","21.030739277058206, 105.7756565973079"
40405965,03/03/2025,"Bán nhanh! Căn 2PN1WC 54m2 full nội thất xịn để ở -tầng trung- giá 3,35 tỷ bao phí rẻ nhất hiện tại","3,35 tỷ",54 m²,"62,04 tr/m²",2,1,"Tây Mỗ, Nam Từ Liêm","21.0089626312256, 105.743911743164"
42318999,03/03/2025,"Bán gấp căn góc 102m2 sử dụng, 3N2VS, tầng cao. Giá đầu tư tại Vinhomes West Point. Cam kết ko ảo",10 tỷ,102 m²,"98,04 tr/m²",3,2,"Mễ Trì, Nam Từ Liêm","21.01229284820072, 105.78710973279279"
42275268,03/03/2025,"Bán gấp căn Góc 133m2, 3PN view hồ tầng cao. Chỉ 14tỷx. Rẻ nhất VH Skylake. Cam kết ko ảo","14,7 tỷ",133 m²,"110,53 tr/m²",3,2,"Mỹ Đình 1, Nam Từ Liêm","21.020005326860282, 105.7806027829911"
42286251,03/03/2025,"Căn góc, tầng đẹp, 94m2 sử dụng 3PN tại Mỹ Đình Pearl. Giá thiện chí, cam kết rẻ nhất TT. Ko ảo",Giá thỏa thuận,104 m²,N/A,3,2,"Phú Đô, Nam Từ Liêm","21.011730509030752, 105.76728310223407"
42099988,03/03/2025,Tôi bán nhanh căn hộ 2PN - 59m2 - 3.15 tỷ cắt lỗ 200tr nội thất full toà S KĐT Vinhomes Smart City,"3,15 tỷ",59 m²,"53,39 tr/m²",2,2,"Tây Mỗ, Nam Từ Liêm","21.00638358313646, 105.7360897510744"
42318719,03/03/2025,Chính chủ cần bán căn 09 giá rẻ chuyển về quê 09 2 ngủ 2WC LH 0977 146 ***,4 tỷ,70 m²,"57,14 tr/m²",2,2,"Mỹ Đình 1, Nam Từ Liêm","21.022003984617495, 105.7723093171658"
42318704,03/03/2025,CCMN Mỹ Đình - Nam Từ Liêm 50m2 x 2 ngủ x 1.47 tỷ (nhà mới đẹp như ảnh) thang máy - tặng fun đồ,"1,47 tỷ",50 m²,"29,4 tr/m²",2,1,"Phú Đô, Nam Từ Liêm","21.0082936542752, 105.763522405661"
40413152,03/03/2025,"Hot! Bán gấp căn 3N 112m2 tầng trung, full đồ, view đẹp tại Westpoint chỉ từ 7,x tỷ. LH 0392 418 ***!","7,8 tỷ",112 m²,"69,64 tr/m²",2,2,"Mễ Trì, Nam Từ Liêm","21.01121377285968, 105.78622239278707"
42280616,03/03/2025,"Siêu rẻ! Bán gấp căn hộ 2PN 86m2, tầng trung, full đồ, view đẹp tại CT8 The Emerald chỉ 5,x tỉ",Giá thỏa thuận,86 m²,N/A,2,2,"Mỹ Đình 1, Nam Từ Liêm","21.02221752393944, 105.77178428363628"
42113336,03/03/2025,"QUỸ CĂN CHUYỂN NHƯỢNG 105M2 ĐẾN 126M2, VỊ TRÍ ĐẸP RẺ HƠN THỊ TRƯỜNG TẠI CAPITAL ELITE, NHẬN NHÀ Q1","8,4 tỷ",105 m²,80 tr/m²,3,N/A,"Mỹ Đình 2, Nam Từ Liêm","21.018026510103063, 105.78141634385204"
42318258,03/03/2025,Bán căn hộ 3N Masteri West Heights,"6,5 tỷ",73 m²,"89,04 tr/m²",3,2,"Tây Mỗ, Nam Từ Liêm","21.006220995938325, 105.73723994208848"
42306646,03/03/2025,"Bán Quỹ 200 căn The Canopy 2N, 2N + 3,6 tỷ, hỗ trợ vay",4 tỷ,66 m²,"60,61 tr/m²",2,2,"Tây Mỗ, Nam Từ Liêm","21.000924834891133, 105.73928843874901"
42190034,03/03/2025,CC bán 2PN - 59m2 - 3.6 tỷ toà The Sakura Vinhomes Smart City,"3,6 tỷ",54 m²,"66,67 tr/m²",2,1,"Tây Mỗ, Nam Từ Liêm","21.0047208474046, 105.738799437669"
42170002,03/03/2025,"Vị Trí Kim Cương căn hộ The Sun Mễ Trì DT 81m2, 3PN, 2WC, Nam Từ Liêm, HN. Giá 5 tỷ LH 0978 965 ***",5 tỷ,81 m²,"61,73 tr/m²",3,2,"Mễ Trì, Nam Từ Liêm","21.016360441434365, 105.7796010299405"
42317866,03/03/2025,"Bán chung cư Vinhomes Smart City, studio 31m2, tòa Victoria, view thoáng, 2.88 tỷ","2,88 tỷ",31 m²,"92,9 tr/m²",1,1,"Tây Mỗ, Nam Từ Liêm","21.009446700746025, 105.74452715151452"
42270299,03/03/2025,"Gia đình tôi đang cần bán gấp căn 1n+1, tòa SA1, tháng 7/25 nhận bàn giao giá ngang khu S 2.9 tỷ tv","2,9 tỷ",43 m²,"67,44 tr/m²",1,1,"Tây Mỗ, Nam Từ Liêm","21.005218158765295, 105.73889878046818"
42086191,03/03/2025,Mở bán căn 1N-2N-3N-4N Quỹ nội bộ chung cư The Matrix One - Lê Quang Đạo GĐ2 - giá từ 110tr/m2,"12,1 tỷ",110 m²,110 tr/m²,3,3,"Mễ Trì, Nam Từ Liêm","21.0089523652383, 105.77403310024"
42315947,03/03/2025,"Bán căn hộ CT3 C'Land Lê Đức Thọ, 8 tỷ, 135 m2, 3PN, 2WC, chính chủ, giá ưu đãi",8 tỷ,135 m²,"59,26 tr/m²",3,2,"Mỹ Đình 2, Nam Từ Liêm","21.030469912695953, 105.76934281714857"
41514366,03/03/2025,"Chính chủ cần bán nhanh căn hộ 2PN CT8 Emerald Đình Thôn DT 84m2, có sổ, full NT giá 3,6 tỷ","3,6 tỷ",84 m²,"42,86 tr/m²",2,2,"Mỹ Đình 1, Nam Từ Liêm","21.0221614837646, 105.771797180176"
42301984,03/03/2025,"Chính thức mở bán The Matrix One 2 vip nhất phía tây Hà Nội, bàn giao full nội thất cao cấp",Giá thỏa thuận,82 m²,N/A,2,2,"Mễ Trì, Nam Từ Liêm","21.009580518773777, 105.77345807985988"
42315064,03/03/2025,"Cần bán 2 căn hộ giá gốc 1PN+ - 43m2-2.6tỷ, 2PN - 55m2 - 2.96tỷ không chênh KĐT Vinhomes Smart City","2,96 tỷ",55 m²,"53,82 tr/m²",2,2,"Tây Mỗ, Nam Từ Liêm","21.00606140574324, 105.73653423582378"
42317613,03/03/2025,"Tôi bán CC 80.5m2 3N2W, căn góc sáng thoáng, nhà full nội thất thuê thiết kế 500tr, sổ sẵn","5,84 tỷ","80,5 m²","72,55 tr/m²",3,2,"Tây Mỗ, Nam Từ Liêm","21.006987332424927, 105.73649663179928"
42305968,03/03/2025,"Bán CC tại Masteri West Heights, 60m2, 2PN, 2WC bao đẹp, giá cực chất",7 tỷ,60 m²,"116,67 tr/m²",2,2,"Tây Mỗ, Nam Từ Liêm","21.00534857137105, 105.73723227684293"
42220800,03/03/2025,Cần bán căn 3 phòng ngủ CT5 - ĐN4 Nguyễn Cơ Thạch,Giá thỏa thuận,100 m²,N/A,3,2,"Mỹ Đình 2, Nam Từ Liêm","21.0313443431704, 105.765596379412"
42317458,03/03/2025,"Bán căn hộ 1PN + 48m2 giá 3.2 tỷ tòa Imperia Smart City Tây Mỗ, NTL, HN. LH 0984 576 ***","3,2 tỷ",48 m²,"66,67 tr/m²",1,1,"Tây Mỗ, Nam Từ Liêm","20.999259664390088, 105.73800429354637"
42264145,03/03/2025,"Chính chủ chuyển chỗ ở cần bán căn VIEW CÔNG VIÊN đẹp nhất P1 giá 6,x tỷ full nội thất bao sang tên",6 tỷ,"72,7 m²","82,53 tr/m²",N/A,N/A,"Phú Đô, Nam Từ Liêm","21.01185686380985, 105.7680471010934"
40911486,03/03/2025,"Cần bán nhanh căn 3PN Masteri West Height, DT 74m2, tòa view thoáng, giá 5.7 tỷ. 0945 468 ***","5,7 tỷ",74 m²,"77,03 tr/m²",3,2,"Tây Mỗ, Nam Từ Liêm","21.006206512451172, 105.73707580566406"
42317354,03/03/2025,Bán căn hộ chung cư 3PN 2WC 88m2 giá 6. X tỷ The Tonkin Smart City. LH 0984 576 ***,"6,1 tỷ",88 m²,"69,32 tr/m²",3,2,"Tây Mỗ, Nam Từ Liêm","21.005574621611466, 105.73834658645148"
42317322,03/03/2025,"Hiếm! Chuyển nhượng CC studio, tầng 15, view thoáng sáng, full nội thất","1,8 tỷ",31 m²,"58,06 tr/m²",1,1,"Tây Mỗ, Nam Từ Liêm","20.9992213950615, 105.73745033919"
42317260,03/03/2025,"Bán căn hộ CC C14 - Bộ Công An, 4,1 tỷ, 70 m2, Trung Văn, Nam Từ Liêm, Hà Nội","4,1 tỷ",70 m²,"58,57 tr/m²",N/A,N/A,"Trung Văn, Nam Từ Liêm","20.990889470729698, 105.78409192758039"
42317474,03/03/2025,"Cần bán căn hộ (2PN 98.5m2) chung cư Golden Field. Sổ đỏ, bao phí. LH 0964 874 ***","4,25 tỷ",65 m²,"65,39 tr/m²",2,2,"Cầu Diễn, Nam Từ Liêm","21.03564269737002, 105.76532181120463"
42317218,03/03/2025,"Bán căn hộ CC Mon City, 5,1 tỷ, 67m2, Nam Từ Liêm, Hà Nội","5,1 tỷ",67 m²,"76,12 tr/m²",N/A,N/A,"Mỹ Đình 2, Nam Từ Liêm","21.035446307657388, 105.76721697666356"
42317125,03/03/2025,"Bán CC giá cực chất tại The Garden Hills 3.9 tỷ, 58m2, Nam Từ Liêm, Hà Nội","3,9 tỷ",58 m²,"67,24 tr/m²",2,N/A,"Mỹ Đình 2, Nam Từ Liêm","21.030882112991883, 105.77738860323583"
42092923,03/03/2025,Bán căn hộ chung cư 64m2 2PN 2VS giá cực chất tại chung cư Golden Field Mỹ Đình LH: 0775 190 ***,Giá thỏa thuận,64 m²,N/A,2,2,"Cầu Diễn, Nam Từ Liêm","21.03505444505466, 105.76572624084142"
42295508,03/03/2025,"Bán gấp căn hộ Imperia Sola Park, 5,6 tỷ, 75m2, Tây Mỗ, Nam Từ Liêm, Hà Nội","5,6 tỷ",75 m²,"74,67 tr/m²",N/A,N/A,"Tây Mỗ, Nam Từ Liêm","21.009333542401837, 105.7434981323621"
42317241,03/03/2025,Sở hữu CCMN Mỹ Đình - 50m2 - 2 phòng ngủ - ngõ thông - giá 1.8 tỷ(HHTLN3184),"1,8 tỷ",50 m²,36 tr/m²,2,2,"Mỹ Đình 2, Nam Từ Liêm","21.0311055756714, 105.774170246868"
42291908,03/03/2025,(Đừng Bỏ Lỡ) Bán CH 106.5m2/3PN 9.7tỉ Vinhoms Gardenia Mỹ Đình - Giá tốt nhất hiện tại !,"9,7 tỷ","106,5 m²","91,08 tr/m²",3,2,"Cầu Diễn, Nam Từ Liêm","21.037350724880735, 105.76017987818605"
42220793,03/03/2025,"Bán căn hộ rộng rãi tại tòa C6 Trần Hữu Dực, DT 133m2, 3PN, căn góc, giá TT, LH 0981 245 ***",Giá thỏa thuận,133 m²,N/A,3,2,"Cầu Diễn, Nam Từ Liêm","21.035304548959665, 105.76464792528571"
42316859,03/03/2025,"Bán Căn Studio Masteri West Heights, Tầng 8 Toà C, Gần nhà để xe, Full nội nhất thiết kế",2 tỷ,30 m²,"66,67 tr/m²",1,1,"Tây Mỗ, Nam Từ Liêm","21.006185517907, 105.73706216660443"
40496878,03/03/2025,"Chính chủ cần bán gấp căn hộ 3PN tòa S2, DT 96m2, view hồ, full nội thất, tại Vinhomes Skylake",Giá thỏa thuận,96 m²,N/A,3,2,"Mỹ Đình 1, Nam Từ Liêm","21.0201683044434, 105.780754089355"
42101336,03/03/2025,Bán căn hộ HD Mon Hàm Nghi - lô góc - nội thất đẹp - tiện ích 5 sao,"5,4 tỷ",67 m²,"80,6 tr/m²",2,2,"Mỹ Đình 2, Nam Từ Liêm","21.0354168314685, 105.767526845098"
42316715,03/03/2025,"Căn hộ chung cư bán gấp tại Imperia Sola Park, 5,6 tỷ, 75,9 m2, 3PN, 2WC","5,6 tỷ","75,9 m²","73,78 tr/m²",3,2,"Tây Mỗ, Nam Từ Liêm","21.008574675805296, 105.744236103099"
42107042,03/03/2025,"Tôi cần Bán CHUNG CƯ CT2 XUÂN PHƯƠNG QUỐC HỘI, NAM TỪ LIÊM, DT 156m2, gồm 4 ngủ 3 wc, đủ đồ,","6,5 tỷ",156 m²,"41,67 tr/m²",4,3,"Xuân Phương, Nam Từ Liêm","21.031241215532052, 105.75497875441313"
42316960,03/03/2025,"Bán căn hộ chung cư An Bình Plaza, 4,15 tỷ, 55m2, 2PN, 2WC, hướng cửa Đông Bắc","4,15 tỷ",55 m²,"75,46 tr/m²",2,2,"Mỹ Đình 2, Nam Từ Liêm","21.030740391741983, 105.77636899364354"
42316443,03/03/2025,"Bán căn hộ chung cư 75 m2, 2 PN, tòa CT2C2 VOV Mễ Trì Nam Từ Liêm HN (0869 688 ***)","3,99 tỷ",75 m²,"53,2 tr/m²",2,1,"Mễ Trì, Nam Từ Liêm","20.99485693672262, 105.7848284102242"
42316507,03/03/2025,"Tôi chính chủ muốn bán CC Studio GS3, 28m2, giá 1,67 tỷ, full nội thất thiết kế, sẵn sổ, Căn 2503","1,67 tỷ",28 m²,"59,64 tr/m²",1,1,"Tây Mỗ, Nam Từ Liêm","21.00620288987086, 105.7444671150648"
42316130,03/03/2025,Chính chủ bán căn hộ chung cư 3PN 3VS full nội thất xịn tại W1 Vinhomes West Point Đỗ Đức Dục,7 tỷ,100 m²,70 tr/m²,3,3,"Mễ Trì, Nam Từ Liêm","21.011677361132918, 105.78605191456039"
42316676,03/03/2025,"Cần bán căn hộ góc 83m2 chung cư An Bình Plaza Mỹ Đình. Giá 6,05 tỷ sổ đỏ, thuế phí thương lượng","6,05 tỷ",83 m²,"72,89 tr/m²",3,2,"Mỹ Đình 2, Nam Từ Liêm","21.030742345270923, 105.77734682536185"
42316376,03/03/2025,"Bán căn hộ 2PN, 2WC, 65m2 tại Lumiere EverGreen, Tây Mỗ, Nam Từ Liêm, Hà Nội, giá 6,8 tỷ","6,8 tỷ",65 m²,"104,62 tr/m²",2,2,"Tây Mỗ, Nam Từ Liêm","21.006372198438562, 105.73661263761797"
41906881,03/03/2025,"Bán gấp Căn hộ tại Iris Garden 61m2, 2PN, 2WC, tiện ích đầy đủ, Nam Từ Liêm, HN",4 tỷ,61 m²,"65,57 tr/m²",2,2,"Cầu Diễn, Nam Từ Liêm","21.031105450410951, 105.76122287914161"
42316350,03/03/2025,"Bán CC Mỹ Đình Plaza, 4,7 tỷ, 74m2, 2PN view đẹp, nhiều tiện ích","4,7 tỷ",74 m²,"63,51 tr/m²",2,2,"Mỹ Đình 2, Nam Từ Liêm","21.031632073479752, 105.77619334475645"
42316582,03/03/2025,Bán gấp căn 3PN - 129m2 toà A3 Hàm Nghi khu đô thị Mỹ Đình. Sẵn sổ nhận nhà ngay. Lh 0937 466 ***,Giá thỏa thuận,129 m²,N/A,3,2,"Cầu Diễn, Nam Từ Liêm","21.035027944356553, 105.76473779559475"
41787678,03/03/2025,"Em Thủy CT1A Bán căn 135m2,3PN trục Hoa Hậu,bancon Đông Nam,giá tốt tại Iris Garden,LH 0977,839,302",8 tỷ,135 m²,"59,26 tr/m²",3,2,"Cầu Diễn, Nam Từ Liêm","21.0313827362358, 105.760587953862"
42314806,03/03/2025,"Bán căn hộ 2PN, 3,1 tỷ, 57,3m2 ở NHS Phương Canh, Nam Từ Liêm, Hà Nội","3,1 tỷ","57,3 m²","54,1 tr/m²",2,2,"Phương Canh, Nam Từ Liêm","21.0527322875452, 105.734264789914"
42314691,03/03/2025,"Bán căn hộ chung cư MHDI Đình Thôn DT 70 m2, 3 ngủ, 2 VS. Giá 4,6 tỷ LH 0369 736 *** Mr Quân","4,6 tỷ",70 m²,"65,71 tr/m²",3,2,"Mỹ Đình 1, Nam Từ Liêm","21.0221614837646, 105.771797180176"
41671693,03/03/2025,"CC bán chuyển nhượng căn 2PN GĐ 2 Lumi Hà Nội. Căn đẹp, tầng trung, hướng Đông Nam, giá tốt","4,8 tỷ","54,5 m²","88,07 tr/m²",2,2,"Tây Mỗ, Nam Từ Liêm","21.011585235595703, 105.73583984375"
42315108,03/03/2025,Bán căn góc 2N+ tầng cao toà D,"5,1 tỷ",62 m²,"82,26 tr/m²",2,2,"Tây Mỗ, Nam Từ Liêm","21.006454008678805, 105.73710504962023"
42316014,03/03/2025,BÁN CĂN STUDIO GS6 SMART CITY GIÁ TỐT NHẬN NHÀ 2026,"2,1 tỷ",27 m²,"77,78 tr/m²",N/A,1,"Tây Mỗ, Nam Từ Liêm","21.00909551372432, 105.7435688639302"
42185191,03/03/2025,Tôi cần tiền cần bán gấp căn studio phân khu cao cấp Masteri giá 2.2 tỷ. LH 0963 877 ***,"2,2 tỷ",30 m²,"73,33 tr/m²",1,1,"Tây Mỗ, Nam Từ Liêm","21.006725641388915, 105.73700568827803"
41861533,03/03/2025,"Cần tài chính bán gấp căn 2N 2VS 62m2 Mas B, tầng đẹp thoáng, full đồ mới tinh chưa ở, k vay","5,1 tỷ",62 m²,"82,26 tr/m²",2,2,"Tây Mỗ, Nam Từ Liêm","21.006227240898461, 105.73698791843447"
41564425,03/03/2025,"Tổng hợp quỹ căn 2PN 52m2, 57m2 tại Hateco Xuân Phương chủ cần bán giá tốt nhất thị trường","3,29 tỷ",57 m²,"57,72 tr/m²",2,1,"Phương Canh, Nam Từ Liêm","21.035062789917, 105.749664306641"
41413053,03/03/2025,"Không qua trung gian cần bán căn 3 ngủ, 86m2 Hateco, nội thất full, tầng trung, view hồ, mới keng",Giá thỏa thuận,86 m²,N/A,3,2,"Phương Canh, Nam Từ Liêm","21.035062789916992, 105.74966430664063"
42314582,03/03/2025,"Chính chủ cần bán căn hộ 147 m2 toà Dolphin.
Plaza 28 Trần Bình, đối diện bến xe Mỹ Đình","8,7 tỷ",147 m²,"59,18 tr/m²",N/A,N/A,"Mỹ Đình 2, Nam Từ Liêm","21.0300128882768, 105.776687308243"
42286361,03/03/2025,"Chỉ cần 3,9 tỷ sở hữu ngay căn 2PN toà An Bình Plaza, Trần Bình - Full đồ - Tầng trung - Có gia lộc","3,96 tỷ",55 m²,72 tr/m²,2,1,"Mỹ Đình 2, Nam Từ Liêm","21.030454034898497, 105.77685252396729"
41203604,03/03/2025,"Chính chủ bán căn hộ 4 ngủ, BC Đông Nam 146m2 giá chỉ 6,3 tỷ tại HH2 Bắc Hà, Tố Hữu","6,3 tỷ",146 m²,"43,15 tr/m²",4,3,"Trung Văn, Nam Từ Liêm","20.997516632080078, 105.795166015625"
41204125,03/03/2025,"Chính chủ bán căn hộ 120m2 giá 5,5 tỷ tại C37 Bắc Hà Tower, Tố Hữu, thiết kế 3 ngủ, đủ đồ","5,5 tỷ",120 m²,"45,83 tr/m²",3,2,"Trung Văn, Nam Từ Liêm","20.996829986572266, 105.79383850097656"
42261856,03/03/2025,"Bán CC mini từ 30m2, 55m2, giá từ 982 triệu tại Mỹ Đình 1, Nam Từ Liêm, FULL ĐỒ",Giá thỏa thuận,55 m²,N/A,2,1,"Mỹ Đình 1, Nam Từ Liêm","21.0235439408032, 105.774154293002"
42302966,03/03/2025,"Bán gấp căn hộ 3PN Mỹ Đình Plaza Trần Bình, 80m2 tầng trung ban công ĐN, full nội thất giá 3,95 tỷ","3,95 tỷ",80 m²,"49,38 tr/m²",2,2,"Mỹ Đình 2, Nam Từ Liêm","21.0303229927976, 105.775937566289"
42302520,03/03/2025,"Chính chủ bán căn hộ 132m2, nhà đẹp 3PN, tại dự án CT4 Sudico Mỹ Đình Sông Đà, giá 7 tỷ",7 tỷ,132 m²,"53,03 tr/m²",3,2,"Mỹ Đình 1, Nam Từ Liêm","21.0174350738525, 105.780395507813"
42315802,03/03/2025,"Bán CC Studio SA 3 phân khu Sakura, giá 1,65 tỷ, 28m2, tầng trung - View đẹp, sẵn sổ không vay","1,65 tỷ",28 m²,"58,93 tr/m²",1,1,"Tây Mỗ, Nam Từ Liêm","21.00497574257486, 105.73926330248604"
42216067,03/03/2025,Chủ người nước ngoài cần bán căn hộ chung cư Sunshine Center 16 Phạm Hùng 103m2 3 ngủ giá tốt,7 tỷ,103 m²,"67,96 tr/m²",3,2,"Mỹ Đình 2, Nam Từ Liêm","21.019345129996708, 105.78137993144742"
42202064,03/03/2025,Bán gấp căn chung cư The Zei Mỹ Đình 186m2 3 phòng ngủ 3WC nội thất mới sang xịn LH 0911 120 ***,Giá thỏa thuận,186 m²,N/A,3,3,"Mỹ Đình 2, Nam Từ Liêm","21.03408189323527, 105.76886135017688"
42125842,03/03/2025,"(HIẾM) Căn vòm cao cấp The Manor, Mễ Trì 260m2, 4PN, nội thất cao cấp, 2 thoáng, bể bơi 4 mùa, 2xtỷ",Giá thỏa thuận,266 m²,N/A,4,3,"Mỹ Đình 1, Nam Từ Liêm","21.014633108742796, 105.77537355991784"
42315751,03/03/2025,Tổng hợp quỹ căn chính chủ gửi bán 2-3-4PN dự án COMA6 giá cam kết tốt nhất thị trường không báo ảo,4 tỷ,99 m²,"40,4 tr/m²",N/A,N/A,"Tây Mỗ, Nam Từ Liêm","21.017135349880036, 105.74584425435484"
42315748,03/03/2025,"BÁN CĂN HỘ CAO CẤP TẠI THE MANOR THIẾT KẾ KIỂU PHÁP, TIỆN ÍCH NGẬP TRÀN","11,5 tỷ",120 m²,"95,83 tr/m²",3,N/A,"Mỹ Đình 1, Nam Từ Liêm","21.01344242654373, 105.77561829604336"
40491655,03/03/2025,"Quỹ 15 căn hộ cần bán tại Golden Palace. 2N,3N,4N duplex penhouse giá từ 45 tr/m2",5 tỷ,85 m²,"58,82 tr/m²",2,2,"Mễ Trì, Nam Từ Liêm","21.0119361877441, 105.774993896484"
42125600,03/03/2025,Cập nhật quỹ căn bán 3PN 4PN CC Dolphin Plaza tháng cam kết giá tốt nhất thị trường,7 tỷ,133 m²,"52,63 tr/m²",N/A,N/A,"Mỹ Đình 2, Nam Từ Liêm","21.029759318268443, 105.7764023169442"
41822727,03/03/2025,"Chủ cần bán gấp CH toà HH1 FLC P Tây Mỗ, Nam Từ Liêm, Hà Nội","2,95 tỷ",62 m²,"47,58 tr/m²",2,1,"Đại Mỗ, Nam Từ Liêm","20.9912066874222, 105.756224999125"
42315961,03/03/2025,"Bán căn hộ MHDI CT5 - CT6 Lê Đức Thọ, giá 6,5 tỷ, 96m2, 3PN, 2WC, lô góc tầng trung giá cực chất","6,5 tỷ",96 m²,"67,71 tr/m²",3,2,"Mỹ Đình 2, Nam Từ Liêm","21.028930326151993, 105.76971996119042"
42260000,03/03/2025,Chủ nhà thiện chí gửi bán căn 127m2 giá thấp nhất dự án Capital Elite - 83tr vnđ,"10,5 tỷ",127 m²,"82,68 tr/m²",3,2,"Mỹ Đình 2, Nam Từ Liêm","21.01902154976003, 105.78194402947562"
42315579,03/03/2025,"Bán căn hộ chung cư MHD Trung Văn, 2,5 tỷ, 72,4m2, 3PN, 2WC, giá siêu hời!","2,5 tỷ","72,4 m²","34,53 tr/m²",3,2,"Trung Văn, Nam Từ Liêm","20.99195637164931, 105.78499951870775"
42262426,03/03/2025,"Bán căn hộ chung cư FLC Complex 36 Phạm Hùng, 4,6 tỷ, 70m2, giá ưu đãi, chính chủ !!!HOT HOT HOT!!!","4,6 tỷ",70 m²,"65,71 tr/m²",2,2,"Mỹ Đình 2, Nam Từ Liêm","21.028547545533417, 105.7790870460857"
42266577,03/03/2025,"Bán căn hộ chung cư tại FLC Complex 36 Phạm Hùng, 8.5 tỷ - 131m2 - GIÁ ƯU ĐÃI TỐT NHẤT THỊ TRƯỜNG","8,5 tỷ",131 m²,"64,89 tr/m²",4,3,"Mỹ Đình 2, Nam Từ Liêm","21.028110295893217, 105.77924919285202"
42266825,03/03/2025,"Bán gấp CH 115m2, 6,3 tỷ, 3PN, 2WC tầng trung view đẹp tại Golden Field - GIÁ SIÊU VIP ___ HOT ___","6,3 tỷ",115 m²,"54,78 tr/m²",3,2,"Cầu Diễn, Nam Từ Liêm","21.03543808000504, 105.7648973910289"
41380703,03/03/2025,Gia đình cần bán gấp căn 1PN + tòa SA1 tầng trung siêu đẹp ạ,"3,15 tỷ",43 m²,"73,26 tr/m²",2,1,"Tây Mỗ, Nam Từ Liêm","21.009118358123089, 105.74407199988008"
41279406,03/03/2025,"Cần bán gấp căn hộ cao cấp Keangnam 158,39m2 giá tốt nhất thị trường",Giá thỏa thuận,"158,39 m²",N/A,3,2,"Mễ Trì, Nam Từ Liêm","21.016849517822266, 105.78397369384766"
42113351,03/03/2025,Bán 2PN - 70m2 - 5tỷ full đồ toà Tonkin cao cấp nhất KĐT Vinhomes Smart City,5 tỷ,70 m²,"71,43 tr/m²",2,2,"Tây Mỗ, Nam Từ Liêm","21.00523615238082, 105.73892928476299"
42217768,03/03/2025,Bán gấp căn hộ 3PN Vinhomes West Point sổ lâu dài tòa W3 ban công đông bắc view bể bơi,"9,2 tỷ",96 m²,"95,83 tr/m²",3,2,"Mễ Trì, Nam Từ Liêm","21.011668584404497, 105.7863418577804"
41933239,03/03/2025,Bán nhanh căn B1512 DT 85m2 chung cư Golden Palace Mễ Trì giá chỉ nhỉnh 5 tỷ - 0903 279 ***,"5,5 tỷ",86 m²,"63,95 tr/m²",2,2,"Mễ Trì, Nam Từ Liêm","21.012175069351095, 105.77503967072833"
42295585,03/03/2025,Hiếm: Chính chủ gửi bán gấp căn góc 3pn chung cư VOV Mễ Trì giá chỉ 4.9 tỷ - 0903 279 ***,"4,9 tỷ",90 m²,"54,44 tr/m²",3,2,"Mễ Trì, Nam Từ Liêm","20.99534518294216, 105.78454488983304"
41912830,03/03/2025,"Bán gấp căn hộ 2N Vinhomes Skylake - Phạm Hùng, view trực diện hồ giá tốt nhất. LH 0968 845 ***","7,4 tỷ",77 m²,"96,1 tr/m²",2,2,"Mỹ Đình 1, Nam Từ Liêm","21.019395227241034, 105.78116038364446"
42024551,03/03/2025,"Chuyển công tác tôi bán căn 2n2vs tại FLC Complex Phạm Hùng, dt 70m, đồ mới nguyên, chỉ 4 tỷ 8","4,8 tỷ",70 m²,"68,57 tr/m²",2,2,"Mỹ Đình 2, Nam Từ Liêm","21.0283556768627, 105.7796176027"
42229326,03/03/2025,"(Hiếm) Chủ thiện chí bán căn 2N2VS tại Mon City, DT 62m2 tầng trung view hồ cực đẹp. LH 0384 028 ***",4 tỷ,62 m²,"64,52 tr/m²",2,2,"Mỹ Đình 2, Nam Từ Liêm","21.035251222718845, 105.76729902187698"
34087169,03/03/2025,"Chính chủ bán gấp căn hộ Golden Palace DT 85m2, 2PN đầy đủ đồ giá hơn 5 tỷ, LH: 0333 980 ***","6,5 tỷ",118 m²,"55,08 tr/m²",3,2,"Mễ Trì, Nam Từ Liêm","21.0119361877441, 105.774993896484"
42314981,03/03/2025,"Bán căn hộ 3PN, 94m2, 6,8 tỷ giá ưu đãi tại FLC Complex 36 phạm hùng lh 0369 736 *** em Quân","6,8 tỷ",94 m²,"72,34 tr/m²",3,2,"Mỹ Đình 2, Nam Từ Liêm","21.028158217367892, 105.77911760572638"
42177106,03/03/2025,"Trực tiếp chủ đầu tư mở bán chung cư khu đô thị Mễ Trì Hạ đối diện Keangnam, full nội thất",830 triệu,32 m²,"25,94 tr/m²",1,1,"Mễ Trì, Nam Từ Liêm","21.01458724501062, 105.78271383781568"
42315085,03/03/2025,"Tôi chính chủ bán 2 căn hộ 2PN 59m2 - 3.15 tỷ, 69m2 - 3.5 tỷ tại KĐT Vinhomes Smart City","3,5 tỷ",69 m²,"50,72 tr/m²",2,2,"Tây Mỗ, Nam Từ Liêm","21.008779606693988, 105.7443387811017"
42200548,03/03/2025,"Bán nhanh căn hộ The Garden Hills - 99 Trần Bình, DT 60m, 2PN2VS, Full nội thất giá 4 tỷ",4 tỷ,60 m²,"66,67 tr/m²",2,2,"Mỹ Đình 2, Nam Từ Liêm","21.03119419289912, 105.77665356480883"
42287586,03/03/2025,"Bán duplex Roman Plaza - Nam Từ Liêm | 180m2 4PN 3VS full nội thất, giá 14tỷ. LH 0336 927 ***",14 tỷ,180 m²,"77,78 tr/m²",4,3,"Đại Mỗ, Nam Từ Liêm","20.984012088576257, 105.77682013272896"
42315006,03/03/2025,Bán căn hộ 2PN - WC căn góc 64m2 full đồ giá 3.9 tỷ tòa GS1 KĐT Vinhomes Smart City,"3,9 tỷ",64 m²,"60,94 tr/m²",2,2,"Tây Mỗ, Nam Từ Liêm","21.006398328434134, 105.74488803229451"
42126534,03/03/2025,"Gia đình cần bán CH - 70m2 - 3pn - 2wc nội thất cơ bản view thoáng giá 3,3 tỷ","3,3 tỷ",70 m²,"47,14 tr/m²",3,2,"Mỹ Đình 2, Nam Từ Liêm","21.029508213531766, 105.77930720062754"
42189795,03/03/2025,Chính chủ bán căn hộ 2PN - 55m2 - full nội thất - 3.4 tỷ tòa S3 Vinhomes Smart City,"3,4 tỷ",59 m²,"57,63 tr/m²",2,1,"Tây Mỗ, Nam Từ Liêm","21.006954205604874, 105.73601166456812"
42108999,03/03/2025,CC bán căn hộ 1PN + 1 43m2 - 2.8 tỷ full đồ KĐT Vinhomes Smart City,"2,8 tỷ",43 m²,"65,12 tr/m²",1,1,"Tây Mỗ, Nam Từ Liêm","21.0087243389741, 105.743722983162"
41334242,03/03/2025,"Bán CC 789 tòa C, tầng cao, lô góc, view đẹp, 96m2, 3N 2WC, 2 ban công, full NT tặng hết, 5 tỷ 59","5,59 tỷ",96 m²,"58,23 tr/m²",3,2,"Mỹ Đình 1, Nam Từ Liêm","21.0249671936035, 105.77131652832"
42260016,03/03/2025,Bán gấp 2PN - 2WC - 55m2 - toà GS The Miami rẻ nhất thị trường 3.55 tỷ k ảo KDT Vinhomes Smart City,"3,55 tỷ",55 m²,"64,54 tr/m²",2,2,"Tây Mỗ, Nam Từ Liêm","21.006461075978383, 105.7450301908367"
42302695,03/03/2025,"Quỹ căn STU giá rẻ, tầng trung view thoáng, chênh nhẹ. LH tư vấn: 0345 759 ***","2,24 tỷ",32 m²,70 tr/m²,N/A,N/A,"Tây Mỗ, Nam Từ Liêm","21.008303230203307, 105.74447287156883"
42216774,03/03/2025,"Cần bán căn hộ 2PN, 2WC tại Vinhomes West Point, 6,3 tỷ, 65m2, hàng hiếm, tầng đẹp.","6,3 tỷ",65 m²,"96,92 tr/m²",2,2,"Mễ Trì, Nam Từ Liêm","21.012126219858157, 105.78607424029883"
42185031,03/03/2025,"Bán căn hộ chung cư C37 Bộ Công An - Bắc Hà Tower, 6,8 tỷ, 120m2, giá ưu đãi chỉ với","6,8 tỷ",120 m²,"56,67 tr/m²",3,2,"Trung Văn, Nam Từ Liêm","20.9970335329207, 105.794021875198"
42314551,03/03/2025,"Bán CH dự án Mỹ Đình Plaza, diện tích 73,2m2 thiết kế 3 ngủ, giá 4,3 tỷ có thương lượng","4,3 tỷ","73,2 m²","58,74 tr/m²",3,2,"Mỹ Đình 2, Nam Từ Liêm","21.03127137711634, 105.77653584672618"
40376139,03/03/2025,"(Giá thật) Chính chủ bán căn hộ 70m2 tại Roman Plaza, 2N2W, tầng trung, full nội thất giá 4,5 tỷ","4,5 tỷ",70 m²,"64,29 tr/m²",2,2,"Đại Mỗ, Nam Từ Liêm","20.9843406677246, 105.776809692383"
42166150,03/03/2025,"Bán căn 2n1wc(55m), dự án Vinhomes Smart City. Giá rẻ 3,4 tỉ, full nội thất. Lh 0389 691 ***","3,4 tỷ",55 m²,"61,82 tr/m²",2,1,"Tây Mỗ, Nam Từ Liêm","21.006933587274432, 105.73696914347978"
36755047,03/03/2025,"Hot! Bán căn hộ Golden Field diện tích 74m2 2PN 2 vệ sinh, giá 4,750 tỷ đủ đồ. LH: 0846 692 *** E Hòa","4,75 tỷ",74 m²,"64,19 tr/m²",2,2,"Cầu Diễn, Nam Từ Liêm","21.0351047515869, 105.76554107666"
42290921,03/03/2025,"Cần bán gấp căn hộ (2PN 60m2) chung cư Iris Garden Mỹ Đình. Sổ đỏ, bao phí. LH 0964 874 ***","4,35 tỷ",60 m²,"72,5 tr/m²",2,2,"Cầu Diễn, Nam Từ Liêm","21.031901079597365, 105.76032193663575"
42313085,03/03/2025,"1,495 tỷ có ngay căn chung cư mini 2 ngủ tại Mỹ Đình rất thoáng","1,5 tỷ",50 m²,"29,9 tr/m²",2,1,"Mỹ Đình 1, Nam Từ Liêm","21.0237672116668, 105.774087785601"
42008252,03/03/2025,"Bán gấp căn 2 ngủ 95m2 chung cư MD Complex đường Hàm Nghi, KĐT Mỹ Đình, Nam Từ Liêm, Lh 0937 466 ***",Giá thỏa thuận,95 m²,N/A,2,2,"Cầu Diễn, Nam Từ Liêm","21.0295424594981, 105.760787061253"
36325892,03/03/2025,"Chính chủ cần bán căn góc 115m2 3PN 2VS ở KĐT Sudico Sông Đà giá thỏa thuận, LH 0985 814 ***",Giá thỏa thuận,115 m²,N/A,3,2,"Mỹ Đình 1, Nam Từ Liêm","21.0174350738525, 105.780395507813"
42284406,03/03/2025,Siêu phẩm sắp lộ diện The Marix One Giai đoạn 2,Giá thỏa thuận,"87,45 m²",N/A,2,2,"Mễ Trì, Nam Từ Liêm","21.0094013735193, 105.773891300512"
42274796,03/03/2025,Bán gấp căn hộ toà P1 3PN tại MỸ ĐÌNH PEARL view hồ nhà đẹp sẵn sổ LH 0976 403 ***,8 tỷ,94 m²,"85,11 tr/m²",3,2,"Phú Đô, Nam Từ Liêm","21.012226940173264, 105.76737391588895"
42210157,03/03/2025,Chính chủ gửi bán căn hộ tại chung cư An Lạc 75m2 3 ngủ - 2VS giá 3.9 tỷ,"3,9 tỷ",75 m²,52 tr/m²,3,2,"Trung Văn, Nam Từ Liêm","20.986888297434177, 105.78942029985244"
40488789,03/03/2025,"Gia đình cần bán căn hộ chung cư FLC Landmark-Lê Đức Thọ, DT 159m2, 3PN, sẵn sổ, hướng mát, 6.5 tỷ","6,5 tỷ",159 m²,"40,88 tr/m²",3,3,"Mỹ Đình 2, Nam Từ Liêm","21.0340766906738, 105.770355224609"
40357036,03/03/2025,"Bán gấp căn góc chung cư CT2A Lê Đức Thọ - Nam Từ Liêm, DT 93m2, 3PN, view sân Mỹ Đình, 4.7 tỷ","4,7 tỷ",93 m²,"50,54 tr/m²",3,2,"Mỹ Đình 2, Nam Từ Liêm","21.031934325799931, 105.76878926775981"
41406141,03/03/2025,"Cơ hội sở hữu studio siêu hiếm tầng trung,hướng Đông Nam dự án The Victoria.LH:0812 818 ***-Mr.Khánh","2,67 tỷ","30,7 m²","86,91 tr/m²",1,1,"Tây Mỗ, Nam Từ Liêm","21.008852005004883, 105.7439193725586"
42281860,03/03/2025,"Bán Căn Hộ 03PN Mặt Đường Hàm Nghi - Nam Từ Liêm, DT 100m2, Full Nội Thất, Giá 4.8 Tỷ","4,8 tỷ",100 m²,48 tr/m²,3,2,"Cầu Diễn, Nam Từ Liêm","21.035599031434366, 105.76394239988144"
42290513,03/03/2025,"Chính Chủ Cần Bán Căn Hộ FLC Landmark Tower - Lê Đức Thọ , DT 159m2, Tầng Trung, Full Nội Thất Xịn","7,1 tỷ",159 m²,"44,65 tr/m²",4,3,"Mỹ Đình 2, Nam Từ Liêm","21.033958922253646, 105.77054494417747"
42264793,03/03/2025,"Chính chủ bán căn góc 52m2 2PN full nội thất tại trung tâm quận Nam Từ Liêm giá chỉ 3,2 tỷ","3,2 tỷ",52 m²,"61,54 tr/m²",2,1,"Phương Canh, Nam Từ Liêm","21.03489801172995, 105.74940019831342"
41856112,03/03/2025,"Giá bán cực rẻ sau tết còn hàng, thời điểm vàng để mua ở, đầu tư tại Vinhomes Smart City 0896 688 ***","3,1 tỷ",43 m²,"72,09 tr/m²",2,1,"Tây Mỗ, Nam Từ Liêm","21.009122367224112, 105.74438852009229"
42307170,03/03/2025,"Bán CC VOV Mễ Trì, 4,5 tỷ, 83m2, 2PN, 2WC, pháp lý đầy đủ","4,5 tỷ",83 m²,"54,22 tr/m²",2,2,"Mễ Trì, Nam Từ Liêm","20.99548893756154, 105.78363663944712"
42305965,03/03/2025,Nhà riêng 76m2. Nội thất cao cấp,"5,4 tỷ",76 m²,"71,05 tr/m²",3,2,"Tây Mỗ, Nam Từ Liêm","20.998396451158705, 105.73802290682822"
42302983,03/03/2025,"Cần bán gấp căn hộ 2PN Golden Palace 87m2 tầng trung ban công ĐN view thoáng, nhà full đồ giá 4,2tỷ","4,2 tỷ",87 m²,"48,28 tr/m²",2,2,"Mễ Trì, Nam Từ Liêm","21.01171010969422, 105.77498208505426"
42303073,03/03/2025,"Chủ nhà bán gấp căn hộ 3PN Iris Garden 63m2 view thành phố, có sổ, có slot oto giá chỉ 7,2 tỷ","7,2 tỷ",140 m²,"51,43 tr/m²",3,2,"Cầu Diễn, Nam Từ Liêm","21.031597073950106, 105.76008024713802"
42161622,03/03/2025,"Bán chung cư B1 khu đô thị Mỹ Đình 1, số 19 Hàm Nghi, căn góc diện tích 76,75 m2 giá 4.5 tỷ","4,5 tỷ","76,75 m²","58,63 tr/m²",2,2,"Cầu Diễn, Nam Từ Liêm","21.03526770521763, 105.76361811636865"
36115517,03/03/2025,"Vợ chồng tôi chuyển công tác cần bán căn hộ Garden Hill - 3PN 2WC, 110m2, 6.5 tỷ, LH 0965 066 ***","6,5 tỷ",110 m²,"59,09 tr/m²",3,2,"Mỹ Đình 2, Nam Từ Liêm","21.0304050445557, 105.777030944824"
41820454,03/03/2025,"Cần bán gấp căn hộ chung cư VOV Mễ Trì, Nam Từ Liêm, Hà Nội. 61m2","6,8 tỷ",61 m²,"111,48 tr/m²",2,1,"Mễ Trì, Nam Từ Liêm","20.9950200363608, 105.784304954873"
42313491,03/03/2025,Bán nhanh căn hộ 3 ngủ tại Hoàng Thành Pearl Giá 7 tỷ 8,"7,85 tỷ",114 m²,"68,86 tr/m²",3,2,"Cầu Diễn, Nam Từ Liêm","21.040122969527577, 105.76093247172439"
41415461,03/03/2025,Chủ nhà cần bán căn hộ 3pn tại FLorence Mỹ Đình - giá 6.15.000,"6,15 tỷ",85 m²,"72,35 tr/m²",3,2,"Cầu Diễn, Nam Từ Liêm","21.030731201171875, 105.7613296508789"
37966992,03/03/2025,"Có 1 0 2! Căn 2PN 59m2 full nội thất 3,42 tỷ bao phí - Nội thất đẹp - Sổ cầm tay - Có hỗ trợ vay NH","3,42 tỷ",59 m²,"57,97 tr/m²",2,2,"Tây Mỗ, Nam Từ Liêm","21.009416954521903, 105.74331573199127"
42313169,02/03/2025,"Bán CC Vinhomes West Point, Phạm Hùng, Mễ Trì, Nam Từ Liêm, Hà Nội, 6,2 tỷ, chính chủ, view đẹp","6,2 tỷ",61 m²,"101,64 tr/m²",2,1,"Mễ Trì, Nam Từ Liêm","21.011844027636748, 105.78710935115895"
35682115,02/03/2025,"Chính chủ bán căn 3PN DT112.8m2 chung cư C37 Tố Hữu. Giá 6 tỷ bao phí, LH 0932 392 ***",6 tỷ,"112,8 m²","53,19 tr/m²",3,2,"Trung Văn, Nam Từ Liêm","20.9968299865723, 105.793838500977"
42213229,02/03/2025,"GIẢM 20triệu BÁN GẤP 3N2VS 76m2 tại Imperia Smart City, 5,380 tỷ bao phí full đồ, Nam Từ Liêm","5,38 tỷ",76 m²,"70,79 tr/m²",3,2,"Tây Mỗ, Nam Từ Liêm","20.9994934380638, 105.73833102832911"
42312807,02/03/2025,Chính chủ bán chung cư căn hộ Rice City toà Nam Linh Đàm LH; 0929 656 ***,Giá thỏa thuận,70 m²,N/A,3,2,"Trung Văn, Nam Từ Liêm","20.99172843932594, 105.78494031921456"
42312770,02/03/2025,"Siêu hời giá căn hộ 3N 2VS tại The Sakura - Vinhomes Smart City, 5,625tỷ bao phí, 78m2","5,63 tỷ",78 m²,"72,11 tr/m²",3,2,"Tây Mỗ, Nam Từ Liêm","21.00518327945836, 105.73936748479308"
41432827,02/03/2025,(Chính chủ)bán căn 2pn/88m toà The Matrixone Mễ Trì Mỹ Đình sẵn sổ đỏ view hồ full đồ LH 0888 989 ***,"8,3 tỷ",88 m²,"94,32 tr/m²",2,2,"Mễ Trì, Nam Từ Liêm","21.0093860626221, 105.773872375488"
42312673,02/03/2025,"Bán căn hộ 2N 2VS tại Vinhomes Smart City, 4 tỷ thu về, 62 m2",4 tỷ,62 m²,"64,52 tr/m²",2,2,"Tây Mỗ, Nam Từ Liêm","21.006405017108182, 105.73633694392987"
42312654,02/03/2025,"Bán căn 2PN + 1WC 54m2 tại Vinhomes Smart City, 3,64 tỷ, Tây Mỗ, Nam Từ Liêm, Hà Nội","3,64 tỷ",54 m²,"67,41 tr/m²",2,1,"Tây Mỗ, Nam Từ Liêm","21.009058045059604, 105.74355288190023"
42290805,02/03/2025,Chính chủ bán căn chung cư C37 bộ công an Tố Hữu Lê Văn Lương 115m2 3 ngủ giá 6.6 tỷ,"6,6 tỷ",115 m²,"57,39 tr/m²",3,2,"Trung Văn, Nam Từ Liêm","20.997005388376802, 105.79383835740433"
42271527,02/03/2025,Bán căn hộ chung cư C14 BẮc Hà Bộ Công An - Tố Hữu Lê Văn Lương 110m 3 ngủ giá 5.6 tỷ,"5,6 tỷ",110 m²,"50,91 tr/m²",3,2,"Trung Văn, Nam Từ Liêm","20.990206464784354, 105.78364852885335"
41456653,02/03/2025,"Siêu hời bán căn hộ Duplex 4PN- 3WC tại Lumi Hanoi, giá bán 15,850 tỷ bao phí, 194m2. LH 0333 669 ***","15,85 tỷ",194 m²,"81,7 tr/m²",4,3,"Tây Mỗ, Nam Từ Liêm","21.011585235595703, 105.73583984375"
41905789,02/03/2025,"Bán CC 4PN, 3WC tại Lumi Hanoi, 10,546 tỷ, 136m2, Tây Mỗ, Nam Từ Liêm. Bao thuế phí. LH 0333 669 ***","10,55 tỷ",136 m²,"77,54 tr/m²",4,3,"Tây Mỗ, Nam Từ Liêm","21.011794813474125, 105.73563276676487"
41432047,02/03/2025,"Chuyển nhượng quỹ căn Lumi Hanoi GĐ1,2,3 giá tốt. Từ căn 1PN. Giá từ 3,1 tỷ. LH 0333 669 ***","3,1 tỷ","42,2 m²","73,46 tr/m²",1,1,"Tây Mỗ, Nam Từ Liêm","21.011585235595703, 105.73583984375"
42118010,02/03/2025,"Quỹ 36 căn chung cư view đẹp tại Lumiere EverGreen, Stu từ 2,55 tỷ, 1PN từ 3,75 tỷ","2,72 tỷ","32,2 m²","84,47 tr/m²",1,1,"Tây Mỗ, Nam Từ Liêm","21.005993167770875, 105.73578562864705"
42210820,02/03/2025,"Chính chủ bán nhanh 54m2 tòa S6 Lumi HN giá + 100tr tầng trung đẹp BC Đông Nam, đã TT tiến độ đợt 3","3,73 tỷ",54 m²,69 tr/m²,2,2,"Tây Mỗ, Nam Từ Liêm","21.011422699728808, 105.73507188518887"
42143920,02/03/2025,"Vợ chồng tôi cần bán căn hộ 2 ngủ đẹp view hồ Hateco Xuân Phương, để lại đủ đồ nội thất, hỗ trợ vay","3,55 tỷ","58,6 m²","60,58 tr/m²",2,1,"Phương Canh, Nam Từ Liêm","21.0350125702471, 105.749224006753"
42312111,02/03/2025,"Bán căn 73.2m2 2 ngủ dự án Mỹ Đình Plaza 1 Mỹ Đình 2, giá hơn 4 tỷ",Giá thỏa thuận,"73,2 m²",N/A,2,N/A,"Mỹ Đình 2, Nam Từ Liêm","21.0314558522052, 105.775889189749"
42224019,02/03/2025,Hiếm! Căn 2 phòng ngủ diện tích 61m2 - VOV Mễ Trì NT cơ bản giá 3.85 tỷ,"3,85 tỷ",61 m²,"63,12 tr/m²",2,1,"Mễ Trì, Nam Từ Liêm","20.994672746269632, 105.78498534531948"
41796055,02/03/2025,(Mới) Chính chủ căn bán căn hộ 2n2vs diện tích 81m2 cửa vào Tây Bắc ban công Đông Nam full nội thất,"5,6 tỷ",81 m²,"69,14 tr/m²",2,2,"Mỹ Đình 1, Nam Từ Liêm","21.02175871176043, 105.77147079524786"
41375304,02/03/2025,"Chính chủ bán gấp CH chung cư Dolphin Plaza, TK 4N3VS DT: 186m2, giá: 55tr/m2, LH: 0978 606 ***","10,23 tỷ",186 m²,55 tr/m²,4,3,"Mỹ Đình 2, Nam Từ Liêm","21.0300445556641, 105.776626586914"
40782375,02/03/2025,"Chính chủ cần bán gấp căn hộ diện tích 73m2 TK 2N2VS giá 6,5 tỷ tại CC Mỹ Đình Pearl. LH:0978 606 ***","6,5 tỷ",73 m²,"89,04 tr/m²",2,2,"Phú Đô, Nam Từ Liêm","21.0124320983887, 105.767395019531"
40180532,02/03/2025,"Chính chủ cần bán căn hộ 118m2 TK 3N2VS Golden Palace Mễ Trì, full nội thất, giá 55tr/m2,0978 606 ***","7,08 tỷ",118 m²,60 tr/m²,3,2,"Mễ Trì, Nam Từ Liêm","21.0119361877441, 105.774993896484"
41515537,02/03/2025,"Bán căn hộ Lumi Hanoi, giá ưu đãi 4,5 tỷ VNĐ, 62,2m2, 2 PN, đầy đủ nội thất","4,5 tỷ","62,2 m²","72,35 tr/m²",2,2,"Tây Mỗ, Nam Từ Liêm","21.0115852355957, 105.73583984375"
42004252,02/03/2025,Duy Nhất 3PN 116m2 BC Đông Nam GIÁ rẻ hơn 5tr/m2 tại CC Báo Nhân Dân Mỹ Đình Sẵn SỔ ĐỎ.Có Slot ô tô,Giá thỏa thuận,116 m²,N/A,4,2,"Phương Canh, Nam Từ Liêm","21.0303382561661, 105.759394851164"
42004669,02/03/2025,Chính chủ 0963 180 *** bán căn 85m2 3PN giá 4.99tỷ sẵn sổ Hateco Xuân Phương hướng Đông Nam view hồ,Giá thỏa thuận,85 m²,N/A,2,2,"Phương Canh, Nam Từ Liêm","21.0470645096238, 105.735737974967"
42311778,02/03/2025,"Bán căn 3PN , diện tích 129m2 giá nhỉnh 6 tỷ chung cư A3 Mỹ Đình - Nguyễn Cơ Thạch Lh: 0396 823 ***","6,2 tỷ",129 m²,"48,06 tr/m²",3,2,"Cầu Diễn, Nam Từ Liêm","21.03475298792135, 105.76444891717807"
42311815,02/03/2025,"Hiếm! Bán căn hộ Mỹ Đình Pearl, view công viên hồ điều hòa, DT 73m2, Full NT, SĐCC, LH 0844 866 ***","6,6 tỷ",73 m²,"90,41 tr/m²",2,2,"Phú Đô, Nam Từ Liêm","21.0120179263102, 105.766639344643"
42104139,02/03/2025,"Bán gấp căn 2PN - 77m2 chung cư Florence, 28 Trần Hữu Dực, Mỹ Đình. Lh 0937 466 ***",Giá thỏa thuận,77 m²,N/A,2,2,"Cầu Diễn, Nam Từ Liêm","21.030289728025124, 105.7617359060814"
41956339,02/03/2025,Chính chủ cần bán căn hộ 2PN FLC 36 Phạm Hùng,"3,5 tỷ",55 m²,"63,64 tr/m²",2,1,"Mỹ Đình 2, Nam Từ Liêm","21.028324272687332, 105.77938549182059"
42267246,02/03/2025,"Bán căn hộ 90m2, 2N2VS, nhà đẹp, giá tốt, ban công ĐN mát rượi. Click nhận tt !!","3,8 tỷ",90 m²,"42,22 tr/m²",2,2,"Tây Mỗ, Nam Từ Liêm","21.016771512484752, 105.74676666069784"
42286312,02/03/2025,Bán căn hộ chung cư 2PN2WC 68m2 tòa Masteri West Heights. Lh 0984 576 ***,"4,6 tỷ",68 m²,"67,65 tr/m²",2,2,"Tây Mỗ, Nam Từ Liêm","21.006138239882482, 105.73697703663669"
42204068,02/03/2025,"Bán CH 3PN giá siêu hời 10,8 tỷ, 136m2 tại MHD Trung Văn, Nam Từ Liêm, HN","10,8 tỷ",136 m²,"79,41 tr/m²",3,2,"Trung Văn, Nam Từ Liêm","20.991648780028754, 105.78549701673138"
42221402,02/03/2025,"Giảm sâu giá bán căn hộ 3PN, 125m2 tại Golden Palace, 7,8 tỷ hàng hot","7,8 tỷ",125 m²,"62,4 tr/m²",3,2,"Mễ Trì, Nam Từ Liêm","21.012142398577264, 105.77444397570608"
41240239,02/03/2025,"Bán chung cư Dream Town giá tốt tại Tây Mỗ, Hà Nội",Giá thỏa thuận,"92,7 m²",N/A,3,2,"Tây Mỗ, Nam Từ Liêm","21.012802438676, 105.746798712506"
41762978,02/03/2025,"Cần bán CC cao cao cấp Dream Town (Coma 6) Phường Tây Mỗ, Nam Từ Liêm, Hà Nội, giá 4, x tỷ",Giá thỏa thuận,93 m²,N/A,2,2,"Tây Mỗ, Nam Từ Liêm","21.01655387878418, 105.74628448486328"
41717608,02/03/2025,"Ko còn căn rẻ hơn! Chung cư Vin Smart City 2PN 54m2 - 64m2 -Giá 3,35 tỷ bao phí hỗ trợ vay - Ở ngay","3,35 tỷ",59 m²,"56,78 tr/m²",2,1,"Tây Mỗ, Nam Từ Liêm","21.0089626312256, 105.743911743164"
42311272,02/03/2025,Chính Chủ gửi bán căn Góc 3 ngủ Ban Công Đông Nam Capital Elite view Công viên Cung Thiếu Nhi,"11,3 tỷ",114 m²,"99,12 tr/m²",3,2,"Mỹ Đình 2, Nam Từ Liêm","21.01878352792951, 105.781443094563"
42267196,02/03/2025,"Ngon + Bổ + Rẻ = Căn hộ 3n2vs, ban công ĐN siêu thoáng tại dự án Dream Town. Click ngay !",5 tỷ,124 m²,"40,32 tr/m²",3,2,"Tây Mỗ, Nam Từ Liêm","21.016364335242816, 105.74587653161741"
42267424,02/03/2025,"Bán CC Ecolife Capitol tại Tố Hữu, 7 tỷ, 111m2, 3PN, 2WC",7 tỷ,111 m²,"63,06 tr/m²",3,2,"Trung Văn, Nam Từ Liêm","20.99451490704839, 105.78942137851479"
41837409,02/03/2025,"Bán căn hộ 3 phòng ngủ, 2WC diện tích 91m2 nhà có đầy đủ nội thất mua về sẵn ở luôn","4,9 tỷ",91 m²,"53,85 tr/m²",3,2,"Mễ Trì, Nam Từ Liêm","21.00524546876249, 105.77886181732957"
39790203,02/03/2025,"Bán căn 3PN số 08 đẹp nhất dự án chung cư Hoàng Thành Pearl. Nhận nhà ngay, giá thoả thuận",Giá thỏa thuận,113 m²,N/A,3,2,"Cầu Diễn, Nam Từ Liêm","21.040159225463867, 105.76131439208984"
42310703,02/03/2025,Căn hộ CC Phương Canh - 45m2 - lô góc - 2 phòng ngủ - siêu thoáng - giá 2.6 tỷ (HHTL69182),"2,6 tỷ",45 m²,"57,78 tr/m²",2,N/A,"Phương Canh, Nam Từ Liêm","21.0328663485211, 105.754214496952"
42310691,02/03/2025,Bán nhà Tây Mỗ - 74m2 - 3 phòng ngủ - full nội thất - giá 5.82 tỷ (HHTL36181),"5,82 tỷ",74 m²,"78,65 tr/m²",3,2,"Tây Mỗ, Nam Từ Liêm","21.0060771194306, 105.75000951096372"
40912093,02/03/2025,Chính chủ bán nhanh căn hộ 2N2VS view hồ - Mỹ Đình Pearl có sổ full nội thất giá rẻ nhất thị trường,Giá thỏa thuận,84 m²,N/A,2,2,"Phú Đô, Nam Từ Liêm","21.0124320983887, 105.767395019531"
41732928,02/03/2025,"Chính chủ bán nhanh trước tết căn 1PN + 1 dự án Mỹ Đình Pearl giá 3,1 tỷ, sổ đỏ, full đồ","3,1 tỷ",54 m²,"57,41 tr/m²",1,1,"Phú Đô, Nam Từ Liêm","21.012432098388672, 105.76739501953125"
41552765,02/03/2025,"Chính chủ sang nước ngoài bán nhanh căn hộ 3PN 186m2 tòa Dolphin Plaza Mỹ Đình giá 8 tỷ, full NT",8 tỷ,186 m²,"43,01 tr/m²",3,2,"Mỹ Đình 2, Nam Từ Liêm","21.030044555664062, 105.77662658691406"
42141739,02/03/2025,"Bán căn 2N2W 55m2 Vinhomes Smart City, có hỗ trợ vay ân hạn gốc lãi đến 10/2027",Giá thỏa thuận,55 m²,N/A,2,2,"Tây Mỗ, Nam Từ Liêm","21.0086235402342, 105.743176094578"
42310020,02/03/2025,"Giá hiếm, chung cư Trần Bình, Mỹ Đình, Nam Từ Liêm, Hà Nội, 3 ngủ, 5.5 tỷ","5,5 tỷ",102 m²,"53,92 tr/m²",3,2,"Mỹ Đình 2, Nam Từ Liêm","21.030376030373, 105.776540353359"
39208000,02/03/2025,"Giá bán nhanh! Căn 1PN+1, 43m2 khu impe - Giá 2,630tỷ bao phí. Để lại full nội thất -Sẵn sổ -ở ngay","2,63 tỷ",43 m²,"61,16 tr/m²",2,1,"Tây Mỗ, Nam Từ Liêm","20.9992771148682, 105.73811340332"
41562083,02/03/2025,"Vốn 1.6 tỷ có ngay căn 1 ngủ + 1, 43m2, view bể bơi, tại Imperia Sola Park 3,15 tỷ đóng tiến độ","3,15 tỷ",43 m²,"73,26 tr/m²",2,1,"Tây Mỗ, Nam Từ Liêm","21.008852005004883, 105.7439193725586"
42213205,02/03/2025,"Chủ nhà cần bán gấp Căn góc 2PN cắt lỗ dự án The Victoria, KH đứng tên và ký HĐMB trực tiếp với CĐT","4,3 tỷ",63 m²,"68,25 tr/m²",2,2,"Tây Mỗ, Nam Từ Liêm","21.008704020887, 105.743710672182"
41734551,02/03/2025,"Bán gấp căn hộ 1PN + 1, 43m2 tại Imperia Sola Park, 3,05 tỷ, Nam Từ Liêm, Hà Nội","3,05 tỷ",43 m²,"70,93 tr/m²",2,1,"Tây Mỗ, Nam Từ Liêm","21.008852005004883, 105.7439193725586"
42310676,02/03/2025,"Bán căn hộ Mễ Trì - 63m2, 2 phòng ngủ, ban công & logia, full nội thất, giá 5.62 tỷ(HHTL69180)!","5,62 tỷ",63 m²,"89,21 tr/m²",2,2,"Mễ Trì, Nam Từ Liêm","21.015833838567115, 105.7805207685899"
42022841,02/03/2025,Chính chủ bán căn 3PN 80m2 The Tonkin Vinhomes Smart City giá 5.4 tỷ view đẹp nhà mới,"5,35 tỷ",80 m²,"66,88 tr/m²",3,2,"Tây Mỗ, Nam Từ Liêm","21.005118727092704, 105.73896538547037"
41595319,02/03/2025,Chính chủ bán căn 2PN + 64m2 tòa GS3 Vinhomes Smart City Tây Mỗ full đồ sẵn sổ. Giá: 3.7tỷ bao phí,"3,7 tỷ",64 m²,"57,81 tr/m²",2,2,"Tây Mỗ, Nam Từ Liêm","21.006574630737305, 105.74504852294922"
42218257,02/03/2025,Em Toàn cập nhật Quỹ căn chuyển nhượng CCCC Sunshine Center - 16 Phạm Hùng - Mỹ Đình. LH 0357 536 ***,7 tỷ,102 m²,"68,63 tr/m²",2,2,"Mỹ Đình 2, Nam Từ Liêm","21.018682667926, 105.780914161852"
41992136,02/03/2025,"Bán căn 2PN ban công ĐN view hồ 86m cc Báo Nhân Dân, Trần Hữu Hực full NT 4,5 tỷ. LH 0916 820 ***",Giá thỏa thuận,"86,4 m²",N/A,2,2,"Phương Canh, Nam Từ Liêm","21.032916784929004, 105.75311864199782"
42131930,02/03/2025,Bán căn 2 ngủ Hateco Apollo Xuân Phương 3.3tỷ. LH 0365 454 ***,"3,3 tỷ",58 m²,"56,9 tr/m²",2,1,"Phương Canh, Nam Từ Liêm","21.0350678763982, 105.749653921747"
40794371,02/03/2025,"Chính chủ cần bán gấp căn Penthouse Vinhome Skylake Phạm Hùng DT 200m2,4PN, full nội thất giá 26 tỷ",26 tỷ,200 m²,130 tr/m²,4,3,"Mỹ Đình 1, Nam Từ Liêm","21.0201683044434, 105.780754089355"
41523836,02/03/2025,Chính chủ chuyển nhượng | căn 2N: 59.5m2 | Lumiere Evergreen,"5,39 tỷ","59,5 m²","90,54 tr/m²",2,2,"Tây Mỗ, Nam Từ Liêm","21.006216049194336, 105.7364730834961"
40014771,02/03/2025,Căn 3 ngủ: 101m2 - dự án Lumi Hà Nội - trực tiếp chủ đầu tư - sổ đỏ lâu dài,Giá thỏa thuận,106 m²,N/A,3,2,"Tây Mỗ, Nam Từ Liêm","21.011585235595703, 105.73583984375"
41534609,02/03/2025,Chính chủ bán | căn 2N: 60.8m2 | Lumiere Evergreen | giá tốt nhất,"5,42 tỷ","60,8 m²","89,11 tr/m²",2,2,"Tây Mỗ, Nam Từ Liêm","21.006216049194336, 105.7364730834961"
42309769,02/03/2025,"Bán Căn hộ chung cư 80m2, Toà SA3 5,28 tỷ tại Vinhomes Smart City, Tây Mỗ Lh:0903 671 ***","5,28 tỷ",80 m²,66 tr/m²,3,2,"Tây Mỗ, Nam Từ Liêm","21.00875481249639, 105.74378511155287"
42309734,02/03/2025,"Bán CC Vinhomes Smart City, 5,03 tỷ, 75m2, 3PN, 2WC, Tây Mỗ, Nam Từ Liêm, Hà Nội Lh:0903 671 ***","5,03 tỷ",75 m²,"67,07 tr/m²",3,2,"Tây Mỗ, Nam Từ Liêm","21.00851116431867, 105.74418453465618"
40796437,02/03/2025,"QMS, căn hộ 67m2 - 2PN, siêu ưu đãi chỉ từ 1,1 tỷ + bank 70% (Sổ đỏ - 2025 nhận nhà)",Giá thỏa thuận,67 m²,N/A,2,2,"Đại Mỗ, Nam Từ Liêm","20.987064361572266, 105.77870178222656"
42210577,02/03/2025,"Chính chủ bán căn tập thể tầng 2, phố Lương Thế Vinh. 50m2, 2.95 tỷ TL. LH: 0968 669 ***","2,95 tỷ",50 m²,59 tr/m²,N/A,N/A,"Trung Văn, Nam Từ Liêm","20.9942994236459, 105.790379649352"
42275287,02/03/2025,"Bán CC Sunshine Center, Phạm Hùng, Mỹ Đình 2, Nam Từ Liêm, Hà Nội, 7,7 tỷ, 103,4m2","7,7 tỷ","103,4 m²","74,47 tr/m²",3,2,"Mỹ Đình 2, Nam Từ Liêm","21.018857216252172, 105.78194828723674"
42142490,02/03/2025,"Bán gấp CHCC Housinco Phùng Khoang, Lương Thế Vinh, Nam Từ Liêm. 96m2 3 ngủ. Giá 5,75 tỷ. Nhà đẹp","5,75 tỷ",96 m²,"59,9 tr/m²",3,2,"Trung Văn, Nam Từ Liêm","20.995763020622977, 105.79166118222089"
42204048,02/03/2025,"Bán CC lô góc 3PN, 2WC, 136m2 tại MHD Trung Văn, 10,8 tỷ, Nam Từ Liêm, Hà Nội","10,8 tỷ",136 m²,"79,41 tr/m²",3,2,"Trung Văn, Nam Từ Liêm","20.992022420187375, 105.7850881511108"
40401165,02/03/2025,"Ko còn căn rẻ hơn - Bán 2PN 59m2 Vin Smart City - nội thất như mới sổ cầm tay - giá 3,45 tỷ bao phí","3,45 tỷ",59 m²,"58,48 tr/m²",2,1,"Tây Mỗ, Nam Từ Liêm","21.009601496451246, 105.74325268700454"
42309194,02/03/2025,(Siêu Hiếm)Nhà em cần bán căn 2N-2W (74m2) Mỹ Đình Plaza 1.Ban công ĐB.Sẵn sổ.Slot ô tô. Giá 4 Tỷ5,"4,5 tỷ",74 m²,"60,81 tr/m²",2,2,"Mỹ Đình 2, Nam Từ Liêm","21.03044250614501, 105.7761300014727"
42261110,02/03/2025,"3N RẺ nhất thị trường - Bán căn hộ 3PN tại Vinaconex 7 , Không gian lý tưởng cho gia đình !!","5,4 tỷ",98 m²,"55,1 tr/m²",3,2,"Cầu Diễn, Nam Từ Liêm","21.03441153259606, 105.75945231979874"
42206749,02/03/2025,"Chủ đầu tư mở bán chung cư D2 Mỹ Đình - Mễ Trì - Phạm Hùng 2P ngủ 52m2), ở ngay","1,5 tỷ",52 m²,"28,85 tr/m²",2,1,"Mễ Trì, Nam Từ Liêm","21.0271531395125, 105.773947333704"
42309247,02/03/2025,"Hiếm bán gấp căn 85m2 3N 2WC View hồ chung cư Hateco XP chỉ 4,85 tỷ, sẵn Sổ sang tên ngay","4,85 tỷ",85 m²,"57,06 tr/m²",3,2,"Phương Canh, Nam Từ Liêm","21.035326838613493, 105.74927351429986"
42035092,02/03/2025,"Nhà em bán lại căn hộ 200m2, 4PN view SVĐ Mỹ Đình giá 11,6tỷ tòa Dolphin Plaza. LH 0888 486 ***","11,6 tỷ",200 m²,58 tr/m²,4,3,"Mỹ Đình 2, Nam Từ Liêm","21.03074584591141, 105.77653002708824"
41992173,02/03/2025,Tòa Báo Nhân Dân Xuân Phương bán căn 2 ngủ 83m2 giá 4.8 tỷ. LH 0365 454 ***,"4,8 tỷ",83 m²,"57,83 tr/m²",2,2,"Phương Canh, Nam Từ Liêm","21.032782663866971, 105.75411992634918"
42189318,02/03/2025,Chính chủ bán căn hộ 2PN - 55m2 - full nội thất - 3.5 tỷ tòa S3 Vinhomes Smart City,"3,5 tỷ",55 m²,"63,64 tr/m²",2,1,"Tây Mỗ, Nam Từ Liêm","21.006850360520321, 105.73666095915884"
42278330,02/03/2025,"Đáng mua nhất Mỹ Đình, hoa hậu An Bình Plaza, 93m2, 3 ngủ, sẵn sổ, thoáng sáng, sang trọng = 6.5 tỷ","6,5 tỷ",93 m²,"69,89 tr/m²",3,2,"Mỹ Đình 2, Nam Từ Liêm","21.03066202178792, 105.77687576805005"
42308683,02/03/2025,"Mở bán đợt 1 The Matrix One Premium, booking 100tr, full NT, view công viên, LH 0844 866 ***",Giá thỏa thuận,86 m²,N/A,2,2,"Mễ Trì, Nam Từ Liêm","21.00954900873977, 105.77381785072028"
42308681,02/03/2025,"Nhận booking The Matrix One 2, booking 100tr, DT từ 82m2, full NT, view công viên, LH 0844 866 ***",Giá thỏa thuận,82 m²,N/A,2,2,"Mễ Trì, Nam Từ Liêm","21.009352265374, 105.77392689373"
42308667,02/03/2025,Bán CC Hateco Apollo đẹp nhất NTL - tầng trung diện tích 64.3/69 m2 - 2 ngủ - 1 vệ sinh,"4,45 tỷ","64,3 m²","69,21 tr/m²",2,1,"Phương Canh, Nam Từ Liêm","21.0350638897942, 105.749657252697"
42308664,02/03/2025,"Mở bán đợt 1 The Matrix One Premium, booking 100tr, full NT, view công viên, LH 0844 866 ***",Giá thỏa thuận,76 m²,N/A,2,2,"Mễ Trì, Nam Từ Liêm","21.00935423691296, 105.77317488944936"
42208279,02/03/2025,Bán căn studio Vinhome Greenbay Mễ Trì,"2,75 tỷ",28 m²,"98,21 tr/m²",N/A,1,"Mễ Trì, Nam Từ Liêm","20.9981037302434, 105.788306671201"
38873433,02/03/2025,Tặng ngay vàng 9999 khi mua FLC Complex 36 Phạm Hùng - quỹ căn 2PN - 3PN (95m-131),"4,6 tỷ","66,5 m²","69,17 tr/m²",2,2,"Mỹ Đình 2, Nam Từ Liêm","21.028190612793, 105.779197692871"
35321527,02/03/2025,"Golden Field 2 phòng ngủ 2WC DT 80m2, sau tết cần thanh khoản giá tốt, thương lượng thoải mái",Giá thỏa thuận,80 m²,N/A,2,2,"Cầu Diễn, Nam Từ Liêm","21.03442064170283, 105.76514068695025"
41842747,02/03/2025,"Bán CH 3pn2wc tại Sunshine Center, Giá chỉ từ 65 triệu Nam Từ Liêm, Hà Nội",Giá thỏa thuận,103 m²,N/A,3,2,"Mỹ Đình 2, Nam Từ Liêm","21.01887347623042, 105.78208886198209"
42263871,02/03/2025,Cập nhật đầy đủ - quỹ căn hộ rao bán tháng 03/2025 (9 căn) - Florence - Hỗ trợ AC deal giá tốt nhất,"6,4 tỷ",85 m²,"75,29 tr/m²",3,2,"Cầu Diễn, Nam Từ Liêm","21.03120804409519, 105.7609513164552"
42100616,02/03/2025,"An Bình Plaza 97 Trần Bình - quỹ căn bán 3PN, nội thất đẹp, giá cả hợp lý, pháp lý minh bạch",Giá thỏa thuận,83 m²,N/A,3,2,"Mỹ Đình 2, Nam Từ Liêm","21.030544434353562, 105.77723643285745"
34009793,02/03/2025,"MỸ ĐÌNH PLAZA 2 - Nội thất thuê thiết kế, 2PN chủ BÁN GẤP mua nhà riêng. Ngoài ra em còn căn 3PN ạ.",Giá thỏa thuận,73 m²,N/A,2,2,"Mỹ Đình 2, Nam Từ Liêm","21.0310840606689, 105.774566650391"
41949169,01/03/2025,Chính chủ bán căn hộ 67m2 ban công Đông Nam chung cư Mon City 2 ngủ 2 vệ sinh có slot oto,5 tỷ,67 m²,"74,63 tr/m²",2,2,"Mỹ Đình 2, Nam Từ Liêm","21.03521943243223, 105.76731136814449"
42021491,01/03/2025,"Bán CC Dreamland Bonanza, giá thỏa thuận, 75m2, 2PN, 2WC, tại Duy Tân, MĐ2, Nam Từ Liêm, HN",Giá thỏa thuận,75 m²,N/A,2,2,"Mỹ Đình 2, Nam Từ Liêm","21.030530831318778, 105.78119592214395"
42308422,01/03/2025,"Quá sốc với giá căn hộ 43m2 1N + 1 chỉ 2,92 tỷ bao phí, 43m2 tại Smart City Tây Mỗ, Nam Từ Liêm","2,92 tỷ",43 m²,"67,91 tr/m²",1,1,"Tây Mỗ, Nam Từ Liêm","21.006157082982437, 105.73655926043052"
42308408,01/03/2025,"Cắt lỗ cần bán căn 1N + 1, 48m2 tại Sola Park Smart City, 3,375 tỷ BP, Nam Từ Liêm, Hà Nội","3,38 tỷ",48 m²,"70,31 tr/m²",1,1,"Tây Mỗ, Nam Từ Liêm","21.00831964747355, 105.74347704027343"
41509004,01/03/2025,"Chính chủ bán nhanh căn 64,3m2, thiết kế 2PN + 1 2WC tòa G2 full nội thất cao cấp, cạnh nhà để xe","4,2 tỷ","64,3 m²","65,32 tr/m²",2,2,"Tây Mỗ, Nam Từ Liêm","21.0088520050049, 105.743919372559"
40282035,01/03/2025,Thật 100%! Chủ căn 76m2 3PN Căn góc - view bể bơi - Nhà đẹp miễn chê - Đầy đủ NT chỉ xách vali về ở,"4,9 tỷ",76 m²,"64,47 tr/m²",3,2,"Tây Mỗ, Nam Từ Liêm","20.9992771148682, 105.73811340332"
41961293,01/03/2025,"Độc nhất vô nhị! Bán nhanh căn 43m2 1PN + giá chỉ 2.88 tỷ The Sola Park view nội khu, đóng tiến độ","2,88 tỷ","43,1 m²","66,82 tr/m²",1,N/A,"Tây Mỗ, Nam Từ Liêm","21.00894073040224, 105.74460472833198"
40077184,01/03/2025,Sốc! Giá rẻ giật mình! GĐ cần trả bank gấp trong tháng nên bán cắt lỗ 3PN Tonkin căn góc hoa hậu,"5,6 tỷ","90,2 m²","62,08 tr/m²",3,2,"Tây Mỗ, Nam Từ Liêm","21.0052261352539, 105.738914489746"
42196044,01/03/2025,"Bán căn hộ 2PN, 2WC tại Lumi Hanoi, Đường Đại Lộ Thăng Long, 4,15 tỷ, 53,8m2","4,15 tỷ","53,8 m²","77,14 tr/m²",2,2,"Tây Mỗ, Nam Từ Liêm","21.0113258179213, 105.735870645188"
42308281,01/03/2025,"Chỉ 1,09 tỷ cho căn Chung Cư Mini Thang Bộ Có Sổ. 2 ngủ","1,09 tỷ",38 m²,"28,68 tr/m²",2,1,"Trung Văn, Nam Từ Liêm","20.9961243650849, 105.770973382085"
42308074,01/03/2025,"Giá thật - Bán căn hộ The Sun Mễ Trì. 74m2, 2,5PN, 2WC full đồ - giá 5 tỷ",5 tỷ,74 m²,"67,57 tr/m²",2,2,"Mễ Trì, Nam Từ Liêm","21.016412059152206, 105.7801053784867"
42196420,01/03/2025,"Bán căn hộ chung cư tại Cầu Diễn, giá thỏa thuận, 106m2, 2PN, 2WC",Giá thỏa thuận,106 m²,N/A,2,2,"Cầu Diễn, Nam Từ Liêm","21.034340941912358, 105.76439652131039"
42205361,01/03/2025,"Bán gấp căn 3PN-107m2 chung cư C5, khu đô thị Mỹ Đình. Đầy đủ nội thất Giá hơn 5 tỷ. Lh 0937 466 ***",5 tỷ,107 m²,"46,73 tr/m²",3,2,"Cầu Diễn, Nam Từ Liêm","21.034798102449066, 105.76438130567627"
42200459,01/03/2025,Bán gấp căn 3PN - 80m2 toà C5 trung tâm Mỹ Đình. Nội thất mới sẵn ở giá hơn 4 tỷ. Lh 0937 466 ***,Giá thỏa thuận,80 m²,N/A,3,2,"Cầu Diễn, Nam Từ Liêm","21.0347981024491, 105.764381305676"
41927351,01/03/2025,"Bán gấp căn 3PN-120m2 chung cư B6, khu đô thị Mỹ Đình. Đầy đủ nội thất sẵn ở đón Tết. Lh 0937 466 ***",Giá thỏa thuận,120 m²,N/A,3,3,"Cầu Diễn, Nam Từ Liêm","21.034798102449066, 105.76438130567627"
41717364,01/03/2025,"Bán căn góc 4 ngủ rộng, tầng đẹp, ban công thông mát, để lại đầy đủ đồ nội thất, LH: 0906 241 ***","7,2 tỷ",159 m²,"45,28 tr/m²",4,2,"Mỹ Đình 2, Nam Từ Liêm","21.034076690673828, 105.77035522460938"
40980445,01/03/2025,"Siêu phẩm 3 ngủ Mỹ Đình Plaza 2 Nguyễn Hoàng. Giá 6,8 tỷ DT 103m2 và 2VS. LH 0978 965 *** Mr Thành","6,8 tỷ",103 m²,"66,02 tr/m²",3,2,"Mỹ Đình 2, Nam Từ Liêm","21.0310840606689, 105.774566650391"
41733445,01/03/2025,Bán căn hộ diện tích 153m2 căn 3PN nội thất mới cc FLC Landmark Lê Đức Thọ LH: 0396 823 ***,7 tỷ,153 m²,"45,75 tr/m²",4,3,"Mỹ Đình 2, Nam Từ Liêm","21.034076690673828, 105.77035522460938"
41996665,01/03/2025,Bán căn hộ cao cấp The Matrix One - DT 88.9m2 - full nội thất - SĐCC - ở ngay - LH 0844 866 ***,"9,1 tỷ","88,9 m²","102,36 tr/m²",2,2,"Mễ Trì, Nam Từ Liêm","21.0090408081494, 105.773602453517"
41992064,01/03/2025,Bán căn hộ Dualkey The Matrix One - DT 113m2 - full NT - view công viên hồ điều hòa - có slot ô tô,"12,5 tỷ",113 m²,"110,62 tr/m²",3,2,"Mễ Trì, Nam Từ Liêm","21.0100285866716, 105.77363169592"
41367531,01/03/2025,"Bán căn chung cư 2 PN, 95m2, nội thất Có thể sửa thành 3PN tòa MD Complex Mỹ Đình, LH: 0906 241 ***",Giá thỏa thuận,95 m²,N/A,2,2,"Cầu Diễn, Nam Từ Liêm","21.0304326001934, 105.764250771944"
41155481,01/03/2025,Bán căn hộ chung cư An Bình Plaza 97 Trần Bình căn góc 83m2 3PN 2VS full nội thất LH: 0906 241 ***,"5,8 tỷ",83 m²,"69,88 tr/m²",3,2,"Mỹ Đình 2, Nam Từ Liêm","21.0304255167315, 105.776026687564"
41809319,01/03/2025,Bán căn hộ The Matrix One - DT 112.4m2 - full NT - View công viên hồ điều hòa - SĐCC - Có Slot ô tô,12 tỷ,"112,4 m²","106,76 tr/m²",3,2,"Mễ Trì, Nam Từ Liêm","21.009214717407456, 105.77408782807909"
41955784,01/03/2025,Bán căn hộ cao cấp The Matrix One - DT 88.9m2 - Full nội thất - SĐCC - Ở ngay - LH 0844 866 ***,"8,5 tỷ","88,9 m²","95,61 tr/m²",2,2,"Mễ Trì, Nam Từ Liêm","21.0099962872359, 105.773402221036"
41163118,01/03/2025,"Bán gấp căn hộ 85m2 - 2PN chung cư Sun Square Mỹ Đình 2, Hà Nội. LH 0923 559 ***",5 tỷ,85 m²,"58,82 tr/m²",3,N/A,"Mỹ Đình 2, Nam Từ Liêm","21.03376579284668, 105.77030181884766"
40800951,01/03/2025,"Bán căn 2N+1 2WC - 102m2 Sunshine Center Phạm Hùng. Thiết kế hiện đại, view hồ, LH 0923 559 ***",7 tỷ,102 m²,"68,63 tr/m²",2,2,"Mỹ Đình 2, Nam Từ Liêm","21.018648147583, 105.781791687012"
41067006,01/03/2025,"Bán căn hộ 3PN - 86m2 toà C5, khu đô thị Mỹ Đình 1, Nam Từ Liêm. LH 0923 559 ***","4,5 tỷ",80 m²,"56,25 tr/m²",3,2,"Cầu Diễn, Nam Từ Liêm","21.034912109375, 105.764404296875"
41288592,01/03/2025,"Bán căn hộ 2PN - 70m2 FLC Complex 36 Phạm Hùng. Tầng đẹp, view cực thoáng, sẵn sổ. LH 0923 559 ***","4,6 tỷ",70 m²,"65,71 tr/m²",2,2,"Mỹ Đình 2, Nam Từ Liêm","21.02819061279297, 105.7791976928711"
40120210,01/03/2025,"Bán gấp căn 3PN - 83m2 CC An Bình Plaza, 3PN full nội thất. Sổ đỏ lâu dài LH 0923 559 ***","5,9 tỷ",83 m²,"71,08 tr/m²",3,2,"Mỹ Đình 2, Nam Từ Liêm","21.0309085845947, 105.777183532715"
41317741,01/03/2025,"Bán căn 2PN HD Mon, Hàm Nghi đầy đủ nội thất. Giá cực rẻ sẵn sổ hồng giao dịch. LH 0923 559 ***","4,8 tỷ",67 m²,"71,64 tr/m²",2,2,"Mỹ Đình 2, Nam Từ Liêm","21.035120010376, 105.767433166504"
42307502,01/03/2025,Bán căn hộ 64m2 tại Toà G2 Sola Park,5 tỷ,64 m²,"78,12 tr/m²",2,2,"Tây Mỗ, Nam Từ Liêm","21.008218377018263, 105.74417415726003"
42196041,01/03/2025,Chính chủ bán căn 4PN B07 dự án Sunshine Center 16 Phạm Hùng,"8,8 tỷ",130 m²,"67,69 tr/m²",4,3,"Mỹ Đình 2, Nam Từ Liêm","21.01834779828455, 105.78214535591344"
42301963,01/03/2025,"bán căn hộ roman 3 ngủ 7,3 tỉ có thương lượng","7,3 tỷ",100 m²,73 tr/m²,3,2,"Đại Mỗ, Nam Từ Liêm","20.98440540463727, 105.77696070642376"
39026050,01/03/2025,"Tôi bán căn 110m2, C14 Tố Hữu 3PN nội thất mới 100% giá 5,2 tỷ","5,2 tỷ",110 m²,"47,27 tr/m²",3,2,"Trung Văn, Nam Từ Liêm","20.9908123016357, 105.783912658691"
33334957,01/03/2025,Chính chủ - bán chung cư L1 bến xe Mỹ Đình - Phạm Hùng - Nam Từ Liêm. Nội thất đầy đủ - về ở ngay,988 triệu,48 m²,"20,58 tr/m²",2,2,"Mỹ Đình 1, Nam Từ Liêm","21.0312840139818, 105.774435112949"
42112664,01/03/2025,"Gia đình em cần bán gấp CH - 93m2 3PN 2WC full nội thất hướng mát, ở The Garden Hills giá 5,9 tỷ","5,9 tỷ",93 m²,"63,44 tr/m²",3,2,"Mỹ Đình 2, Nam Từ Liêm","21.03036400059795, 105.77706511112528"
39681308,01/03/2025,"Chính chủ gửi bán căn chung cư 2 ngủ, 69.5m2, tầng trung chung cư Mỹ Đình Plaza 2, LH 0818 340 ***","5,05 tỷ","69,5 m²","72,66 tr/m²",2,2,"Mỹ Đình 2, Nam Từ Liêm","21.0310840606689, 105.774566650391"
39438975,01/03/2025,"Bán căn hộ 3PN tòa chung cư C7, khu đô thị Mỹ Đình, 120m2, nội thất đẹp, 5,6 tỷ. LH: 0818 340 ***","5,6 tỷ",120 m²,"46,67 tr/m²",3,2,"Cầu Diễn, Nam Từ Liêm","21.034912109375, 105.764404296875"
42212823,01/03/2025,Chính chủ bán căn hộ 109m2 - 2PN2VS chung cư The Garden Mễ Trì. Giá 7.8 tỷ. Sẵn sổ đỏ,"7,6 tỷ",109 m²,"69,72 tr/m²",2,2,"Mỹ Đình 1, Nam Từ Liêm","21.01506757414343, 105.77761303758928"
42192938,01/03/2025,"Mở bán - chung cư N1 Phạm Hùng - Mễ Trì - gần Keangnam - Nam Từ Liêm - Diện tích 35m2, 55m2",1 tỷ,40 m²,25 tr/m²,1,1,"Mễ Trì, Nam Từ Liêm","21.017804105761, 105.781048903682"
41557688,01/03/2025,Căn 3PN2WC 89m2 Tây Hà Tố Hữu full nội thất BC hướng mát 5.7 tỷ,"5,7 tỷ",89 m²,"64,04 tr/m²",3,2,"Trung Văn, Nam Từ Liêm","20.996280670166016, 105.79325103759766"
39447263,01/03/2025,"Bán căn 90m2 3PN 2VS, sổ đỏ, view Tố Hữu, Housinco Phùng Khoang, giá 4.49 tỷ","4,49 tỷ",90 m²,"49,89 tr/m²",3,2,"Trung Văn, Nam Từ Liêm","20.995641708374, 105.792327880859"
40902422,01/03/2025,"Bán Penhouse góc 170m2, 4PN siêu vip tòa FLC Tower Dương Khuê, thiết kế phong cách Tân Cổ Điển",Giá thỏa thuận,170 m²,N/A,4,3,"Mỹ Đình 2, Nam Từ Liêm","21.034076690673828, 105.77035522460938"
39287114,01/03/2025,"Chính chủ bán căn 95m2 CT8 The Emerald, tầng trung, đồ cơ bản giá 7.2 tỷ","7,2 tỷ",95 m²,"75,79 tr/m²",3,2,"Mỹ Đình 1, Nam Từ Liêm","21.0221614837646, 105.771797180176"
41918896,01/03/2025,"Chính chủ bán 1pn + 1, view hồ, 47m2, full đồ, giá 3,8 tỷ. LH em Hằng: 0988 152 ***","3,8 tỷ",47 m²,"80,85 tr/m²",1,1,"Tây Mỗ, Nam Từ Liêm","21.00626202161109, 105.73788662267737"
42307025,01/03/2025,Bán gấp 2 ngủ 1 vệ sinh khu imperia Smart City Lh 0906 289 ***,"3,7 tỷ",55 m²,"67,27 tr/m²",2,1,"Tây Mỗ, Nam Từ Liêm","21.008978662968328, 105.7439183691629"
41744673,01/03/2025,"Chính chủ bán Canopy, TC1, 38m2, giá 2,4 tỷ. LH em Hằng 0988 152 ***","2,4 tỷ",38 m²,"63,16 tr/m²",1,1,"Tây Mỗ, Nam Từ Liêm","21.000846862793, 105.739120483398"
42305592,01/03/2025,"Bán căn hộ Hateco Apollo 4,25 tỷ, 65m2, 2PN, 2WC, Nam Từ Liêm, Hà Nội. Liên hệ: 0374 880 ***","4,25 tỷ",65 m²,"65,39 tr/m²",2,2,"Phương Canh, Nam Từ Liêm","21.0358222510816, 105.7499312370446"
42282774,01/03/2025,"Bán 2N 2VS phân khu S4, tầng trung đẹp, ban công Đông Nam, full đồ đẹp",3 tỷ,55 m²,"54,54 tr/m²",2,2,"Tây Mỗ, Nam Từ Liêm","21.006369923868, 105.737173726277"
41933997,01/03/2025,Bán căn hộ 62 m2 2 ngủ 2 wc chính chủ giá thoả thuận,Giá thỏa thuận,62 m²,N/A,2,2,"Phương Canh, Nam Từ Liêm","21.03471100858237, 105.74927624147004"
38558672,01/03/2025,Quỹ căn bán SunSquare T2/2025 - giá tốt. LH em Trung 26A6 -quà tặng vàng 9999 may mắn khi chốt mua,Giá thỏa thuận,96 m²,N/A,3,2,"Mỹ Đình 2, Nam Từ Liêm","21.0337657928467, 105.770301818848"
41565376,01/03/2025,Tôi chính chủ cần bán 02 căn ngoại giao DT 113.1m2 chung cư cao cấp QMS Tố Hữu giá tốt đầu tư,Giá thỏa thuận,"113,1 m²",N/A,3,3,"Đại Mỗ, Nam Từ Liêm","20.986975070601403, 105.77829755435819"
42305931,01/03/2025,"Bán Gấp Căn Góc 4PN+3WC, Diện Tích 137m2,Trục 05 Giá Tốt tại Vinhomes Gardenia",11 tỷ,137 m²,"80,29 tr/m²",4,3,"Cầu Diễn, Nam Từ Liêm","21.036556754577322, 105.7606308328402"
42305762,01/03/2025,"Bán Căn Góc 4PN3WC, Diện Tích 175m2, Trục 15, Ban Công Đông Bắc tại Dreamland Bonanza",15 tỷ,175 m²,"85,71 tr/m²",4,3,"Mỹ Đình 2, Nam Từ Liêm","21.031177120105383, 105.78107154288656"
42260718,01/03/2025,"[GẤP] Bán căn hộ 2PN ở Mỹ Đình Plaza Chính chủ chuyển lên căn 3PN, cần bán GẤP trong tháng !!",46 nghìn,80 m²,575 đồng/m²,2,2,"Mỹ Đình 2, Nam Từ Liêm","21.030774696865404, 105.77589742980192"
42209903,01/03/2025,"Bán căn hộ chung cư 2PN 60m2, giá chỉ 3.45 tỷ dự án Vinhomes Smart City","3,45 tỷ",60 m²,"57,5 tr/m²",2,1,"Tây Mỗ, Nam Từ Liêm","21.00898535296842, 105.74441152710608"
42305596,01/03/2025,(Tin thật 100%) căn hộ 70m2 x 2PN có slot ô tô Mỹ Đình Plaza 2 - ban công hướng Nam - tặng full NT,"5,55 tỷ",70 m²,"79,29 tr/m²",2,2,"Mỹ Đình 2, Nam Từ Liêm","21.031546664961, 105.77493169989"
41820495,01/03/2025,Chính chủ bán căn 3PN - 81m2 - 5.3 tỷ The Sakura tầng 18 Vinhomes Smart City,"5,3 tỷ",81 m²,"65,43 tr/m²",3,2,"Tây Mỗ, Nam Từ Liêm","21.00539135973559, 105.73873854438563"
42305365,01/03/2025,BÁN GẤP CĂN HỘ Mom City - 67m2 - ban công Đông Nam đủ đồ có slot ô tô dưới Hầm,"4,9 tỷ",67 m²,"73,13 tr/m²",2,2,"Mỹ Đình 2, Nam Từ Liêm","21.034943361163005, 105.76703852372657"
40729300,01/03/2025,"Chính chủ bán CH FLC Complex 36 Phạm Hùng DT 94m2 3PN full NT đẹp SĐCC, giá 6 tỷ: 0906 217 ***",6 tỷ,94 m²,"63,83 tr/m²",3,2,"Mỹ Đình 2, Nam Từ Liêm","21.028190612793, 105.779197692871"
42305307,01/03/2025,"Chính chủ bán căn hộ 2 phòng ngủ 67m2, thiết kế 2 ngủ ban công Đông Nam có slot ô tô giá 5 tỷ",5 tỷ,67 m²,"74,63 tr/m²",2,2,"Mỹ Đình 2, Nam Từ Liêm","21.034804438995035, 105.7681436637205"
42305049,01/03/2025,Chính chủ cần bán căn hộ 3 ngủ góc- 100m2 - view Hồ hướng đông nam ở FLC 36 phạm hùng,Giá thỏa thuận,98 m²,N/A,3,2,"Mỹ Đình 2, Nam Từ Liêm","21.027972965661082, 105.77948253735164"
42287535,01/03/2025,"Bán gấp căn hộ 3PN Vinhomes Gardenia 105m2 ban công Đông Nam; 3 mặt thoáng, full đồ giá 7,9 tỷ","7,9 tỷ",105 m²,"75,24 tr/m²",3,2,"Cầu Diễn, Nam Từ Liêm","21.03656768798828, 105.76048278808594"
41971222,01/03/2025,"Hàng hiếm! Chính chủ cần bán gấp căn 92m cực rẻ 3PN toà Floren Mỹ Đình, giá 5,7 tỷ. LH 0968 989 ***","5,7 tỷ",79 m²,"72,15 tr/m²",3,2,"Cầu Diễn, Nam Từ Liêm","21.0311465332021, 105.761489683159"
41856589,01/03/2025,"Chính chủ bán căn góc Đông Nam số 5 đẹp nhất MHD 29 Tố Hữu, Từ Liêm, Hà Nội","2,05 tỷ",80 m²,"25,62 tr/m²",3,2,"Trung Văn, Nam Từ Liêm","20.9919548034668, 105.785102844238"
42304507,01/03/2025,"Bán Chung cư mini 1PN, 1WC tại Đại Linh, Trung Văn, Nam Từ Liêm, Hà Hà Nội, 1,38 tỷ, 40m2, view đẹp","1,38 tỷ",40 m²,"34,5 tr/m²",1,1,"Trung Văn, Nam Từ Liêm","20.9964842356208, 105.770792272204"
41261328,01/03/2025,Gia đình tôi cần bán chuyển nhượng lại căn 2ngủ 54m2 tại Masteri West Heights full đồ nội thất,"3,5 tỷ",54 m²,"64,82 tr/m²",2,2,"Tây Mỗ, Nam Từ Liêm","21.006206512451172, 105.73707580566406"
35850170,01/03/2025,"Gia đình cần bán căn chung cư VOV Mễ Trì, DT: 80m2, 2PN, giá: 4.5 tỷ full nội thất, mua bán luôn","4,5 tỷ",80 m²,"56,25 tr/m²",2,2,"Mễ Trì, Nam Từ Liêm","20.9952507019043, 105.784408569336"
37958835,01/03/2025,"Bán căn hộ 133m2 tại CT4 Sudico Mỹ Đình Sông Đà, 3PN - 2VS full nội thất nhà sửa chữa đẹp","5,6 tỷ",133 m²,"42,1 tr/m²",4,3,"Mỹ Đình 1, Nam Từ Liêm","21.0174350738525, 105.780395507813"
42304442,01/03/2025,"Bán studio 34m2 Tòa Sakura - Vinhomes Smart City, 2,38 tỷ bao tất thuế phí","2,38 tỷ",34 m²,70 tr/m²,N/A,N/A,"Tây Mỗ, Nam Từ Liêm","21.004859883130873, 105.73899470698375"
41933598,01/03/2025,"Chính chủ bán căn 2PN 2WC 86,5m2 tầng đẹp, full NT giá 4,8 tỷ CC Vinaconex 7 Cầu Diễn LH 0981 045 ***","4,8 tỷ","86,5 m²","55,49 tr/m²",2,2,"Cầu Diễn, Nam Từ Liêm","21.0341399412172, 105.760416602238"
40400330,01/03/2025,"Chính chủ gửi em căn 2 phòng ngủ giá tốt tại Gardenia, tầng trung hướng mát chỉ với giá 6,4 tỷ","6,4 tỷ",80 m²,80 tr/m²,2,2,"Cầu Diễn, Nam Từ Liêm","21.0365676879883, 105.760482788086"
38178840,01/03/2025,"Bán căn hộ 75m2, 2 ngủ chung cư An Lạc Phùng Khoang giá tốt","3,78 tỷ",75 m²,"50,4 tr/m²",2,1,"Trung Văn, Nam Từ Liêm","20.98647198534863, 105.78839909410455"
42304185,01/03/2025,"Cần bán căn hộ 120m2 tại KĐT Mỹ Đình 2, đường Lê Đức Thọ, DT 120m2, 3PN căn góc. LH 0981 245 ***",Giá thỏa thuận,120 m²,N/A,3,2,"Mỹ Đình 2, Nam Từ Liêm","21.0308154495147, 105.768584336325"
42304181,01/03/2025,"Hot bán gấp căn hộ CC Mon City, 4,3 tỷ, 54m2, giá ưu đãi. LH 0964 874 ***","4,3 tỷ",54 m²,"79,63 tr/m²",2,1,"Mỹ Đình 2, Nam Từ Liêm","21.03572907170202, 105.76762648168052"
42303947,01/03/2025,"Bán căn hộ The Manor, 4PN, 3WC, 189m2, giá thỏa thuận, tại Mễ Trì, Nam Từ Liêm, Hà Nội",Giá thỏa thuận,189 m²,N/A,4,3,"Mỹ Đình 1, Nam Từ Liêm","21.01388382099313, 105.77566361126117"
40475820,01/03/2025,"Bán nhanh căn 1PN+1 47m2 khu Masteri-khu cao cấp - nội thất nhập khẩu, view đẹp giá 3,15 tỷ bao phí","3,15 tỷ",47 m²,"67,02 tr/m²",1,1,"Tây Mỗ, Nam Từ Liêm","21.0062065124512, 105.737075805664"
39224465,01/03/2025,"Bán căn góc 2PN+1, 64m2 thiết kế được 3PN giá 3,95tỷ bao phí Vin Smart city -Full đồ -Có hỗ trợ vay","3,95 tỷ",64 m²,"61,72 tr/m²",3,2,"Tây Mỗ, Nam Từ Liêm","21.0088520050049, 105.743919372559"
37587593,01/03/2025,Chính chủ Cần bán căn hộ CT5 Mỹ Đình Sông Đà diện tích 133m2 - 3PN nhà đẹp giá tốt. LH: 0978 606 ***,8 tỷ,133 m²,"60,15 tr/m²",4,3,"Mỹ Đình 1, Nam Từ Liêm","21.0174350738525, 105.780395507813"
40555697,01/03/2025,"Chính chủ gửi bán căn penthouse, Mỹ Đình Pearl DT 410m2 TK 5N4VS giá tốt xem nhà - LH 0978 606 ***",50 tỷ,410 m²,"121,95 tr/m²",4,4,"Phú Đô, Nam Từ Liêm","21.0124320983887, 105.767395019531"
40183279,01/03/2025,Cần bán suất ngoại giao căn 2PN hướng ĐN 90m2 tầng trung giá 6xtr/m2,Giá thỏa thuận,114 m²,N/A,3,3,"Đại Mỗ, Nam Từ Liêm","20.987064361572266, 105.77870178222656"
38084671,01/03/2025,"Cần bán 2PN2WC 58m2 phân khu Sakura (Nhật) có bể bơi 4 mùa - Full nội thất 3,65 tỷ - Có hỗ trợ vay","3,65 tỷ",58 m²,"62,93 tr/m²",2,2,"Tây Mỗ, Nam Từ Liêm","21.004798337175345, 105.73958982907084"
42303483,01/03/2025,"Bán gấp căn hộ 3PN CT2 Xuân Phương, tầng trung hướng mát, có sổ đỏ có slot oto, giá chỉ 6,7 tỷ","6,7 tỷ",160 m²,"41,88 tr/m²",3,2,"Xuân Phương, Nam Từ Liêm","21.03185228226491, 105.7550260244352"
42303526,01/03/2025,"Gia đình tôi có căn hộ 70m2(2N 2W) tại C14 Bộ Công An - Tố Hữu. Sẵn sổ, full đồ. Giá: 4.5 tỷ","4,5 tỷ",70 m²,"64,29 tr/m²",2,2,"Trung Văn, Nam Từ Liêm","20.990702590238303, 105.78408757847261"
42185986,01/03/2025,"Chính chủ cần cần bán căn hộ An Bình Plaza 2PN - 1WC, full nội thất đẹp, giá 3.3 tỷ. LH 0853 368 ***","3,3 tỷ",55 m²,60 tr/m²,2,1,"Mỹ Đình 2, Nam Từ Liêm","21.0304179766773, 105.776792256505"
38699031,01/03/2025,Hàng cực hot bán nhanh căn hộ Mỹ Đình Plaza 2N2VS 69m2 full nội thất đẹp giá cực tốt 4.95 tỷ sẵn sổ,"4,95 tỷ",69 m²,"71,74 tr/m²",2,2,"Mỹ Đình 2, Nam Từ Liêm","21.0310840606689, 105.774566650391"
42303218,01/03/2025,"Bán căn hộ The zei 3PN - Lê Đức Thọ. Nội thất Full, giá 9.4tỷ. Lh: 0393 703 *** em Duy","9,4 tỷ",106 m²,"88,68 tr/m²",3,2,"Mỹ Đình 2, Nam Từ Liêm","21.035311228967977, 105.76961459802833"
42303204,01/03/2025,"Cần bán căn hộ FLC Complex 36 Phạm Hùng, 71m2 giá 4,65 tỷ nhà full nội thất, sổ đỏ chính chủ","4,65 tỷ",71 m²,"65,49 tr/m²",2,2,"Mỹ Đình 2, Nam Từ Liêm","21.02819061279297, 105.7791976928711"
42271445,01/03/2025,Chính Chủ gửi bán căn hô 105m Capital elite 18 Phạm Hùng Nhận Nhà ở Ngay LH 0971 396 ***,Giá thỏa thuận,114 m²,N/A,3,2,"Mỹ Đình 2, Nam Từ Liêm","21.018900744816058, 105.78174242720264"
41287673,01/03/2025,"Chính chủ cần bán căn 1ngủ cộng 43m2 tại Vinhomes Smart city full nội thất 2,4 tỷ","2,4 tỷ",43 m²,"55,81 tr/m²",1,1,"Tây Mỗ, Nam Từ Liêm","21.006216049194336, 105.7364730834961"
42014659,01/03/2025,Em Thủy cư dân C7 xin phép cập nhật đầy đủ quỹ căn 3PN/Mỹ Đình đa dạng diện tích giá tốt nhất,Giá thỏa thuận,159 m²,N/A,3,2,"Cầu Diễn, Nam Từ Liêm","21.03492651122984, 105.76485110963134"
42303308,01/03/2025,"Hot căn hộ góc 3PN, 2WC tại Florence Mỹ Đình, 6,35 tỷ, 91m2, Lh thông tin chi tiết sdt 0964 874 ***","6,35 tỷ",91 m²,"69,78 tr/m²",3,2,"Cầu Diễn, Nam Từ Liêm","21.029904674465655, 105.76115209079889"
41274799,01/03/2025,"Chính chủ cần bán căn Studio 32m2 tại toà cao cấp The Sapphire Vinhomes Smart City full 1,6 tỷ","1,6 tỷ",32 m²,50 tr/m²,1,1,"Tây Mỗ, Nam Từ Liêm","21.006216049194336, 105.7364730834961"
42303286,01/03/2025,"Bán CC The Canopy - Vinhomes Smart City, 4,87 tỷ bp, 73m2, 2PN, 2WC, giá ưu đãi","4,87 tỷ",73 m²,"66,71 tr/m²",2,2,"Tây Mỗ, Nam Từ Liêm","21.000709045398423, 105.7392203393908"
42303089,01/03/2025,CĐT MỞ BÁN TOÀ CHUNG CƯ MINI MỸ ĐÌNH 1 - 1PN-2PN-34-53M - Ở NGAY,"1,6 tỷ",52 m²,"30,77 tr/m²",2,1,"Mỹ Đình 1, Nam Từ Liêm","21.0208892564565, 105.768695070103"
42045157,01/03/2025,"Bán Căn hộ Iris Garden, Trần Hữu Dực, 4,4 tỷ, 62m2, 2PN view đẹp, pháp lý đầy đủ","4,4 tỷ",62 m²,"70,97 tr/m²",2,2,"Cầu Diễn, Nam Từ Liêm","21.03079758984158, 105.76014722283657"
41292922,01/03/2025,Tôi chính chủ cần bán căn hộ Căn hộ Dreamland Bonanza 92m2 thiết kế 3 ngủ giá tôt LH 0911 120 ***,"7,7 tỷ",92 m²,"83,7 tr/m²",3,2,"Mỹ Đình 2, Nam Từ Liêm","21.0306231925264, 105.781211640501"
42303156,01/03/2025,"Bán căn studio view bể bơi, 2,28 tỷ, 32m2, Tây Mỗ, Nam Từ Liêm hàng hot","2,28 tỷ",32 m²,"71,25 tr/m²",N/A,N/A,"Tây Mỗ, Nam Từ Liêm","21.008951667603714, 105.74415155125764"
39151867,01/03/2025,"Chính chủ cần bán gấp CH 2N tại dự án Vinhomes Green Bay, DT 60m2, giá 5 tỷ có thương lượng",5 tỷ,60 m²,"83,33 tr/m²",2,1,"Mễ Trì, Nam Từ Liêm","20.998958587646484, 105.78803253173828"
39175075,01/03/2025,"Chính chủ cần bán gấp căn 2PN, DT 79m2, dự án Mỹ Đình Pearl view hồ giá 5,3 tỷ LH: 0333 191 ***","5,3 tỷ",79 m²,"67,09 tr/m²",2,2,"Phú Đô, Nam Từ Liêm","21.0124320983887, 105.767395019531"
42267874,01/03/2025,"Gia đình cần bán gấp 3N Imperia Smart City, Dt: 80m2 view công viên thành phố. Giá 5ty650 có TL","5,65 tỷ",80 m²,"70,62 tr/m²",3,2,"Tây Mỗ, Nam Từ Liêm","20.998961865766272, 105.73757116918065"
42291990,01/03/2025,Hàng hiếm bán căn hộ chung cư Florence 28 Trần Hữu Dực 3 phòng ngủ vuông vức trục Đông Nam,"6,7 tỷ",92 m²,"72,83 tr/m²",3,2,"Cầu Diễn, Nam Từ Liêm","21.03069838978147, 105.76123881712458"
39768536,01/03/2025,Bán 2PN Vinhomes West Point căn rộng 70m2 tòa W1 ban công đông nam LH 0941 185 ***,5 tỷ,70 m²,"71,43 tr/m²",2,2,"Mễ Trì, Nam Từ Liêm","21.0118827819824, 105.786445617676"
42302800,01/03/2025,Chính chủ bán căn hộ Hoàng Thành Pearl. Đường Nguyễn Văn Giáp. . 3PN Diện 112.89 full nội thất.,"8,5 tỷ","112,89 m²","75,3 tr/m²",3,2,"Cầu Diễn, Nam Từ Liêm","21.040066081773777, 105.76123233151415"
40440615,01/03/2025,Chính chủ bán nhanh căn hộ chung cư Dolphin Plaza 133m2 LH 0911 120 ***,Giá thỏa thuận,133 m²,N/A,3,2,"Mỹ Đình 2, Nam Từ Liêm","21.0300445556641, 105.776626586914"
42261776,01/03/2025,Bán Vinhomes West Point căn hộ 2PN ban công Đông Nam sổ đỏ lâu dài view TTHNQG,Giá thỏa thuận,73 m²,N/A,N/A,N/A,"Mễ Trì, Nam Từ Liêm","21.012072697534506, 105.78647290963903"
41907574,01/03/2025,Bán căn hộ chung cư Iris Garden 135m2 nội thất đẹp cam kết giá tốt nhất thị trường,7 tỷ,135 m²,"51,85 tr/m²",3,2,"Cầu Diễn, Nam Từ Liêm","21.0311493815669, 105.760547267122"
42302926,01/03/2025,"Bán căn hộ chung cư 91m2, 2PN, 2WC tại The Zei Mỹ Đình, 7,25 tỷ, Nam Từ Liêm, Hà Nội","7,25 tỷ",91 m²,"79,67 tr/m²",2,2,"Mỹ Đình 2, Nam Từ Liêm","21.0347119073945, 105.769869138599"
40775577,01/03/2025,"Chính chủ cần bán gấp CH2 PN, DT 75.6m2, view Hồ trục hoa hậu đẹp nhất dự án Vin SkyLake giá 6.5 tỷ","6,5 tỷ","75,6 m²","85,98 tr/m²",2,2,"Mỹ Đình 1, Nam Từ Liêm","21.0201683044434, 105.780754089355"
42046799,01/03/2025,"Chính chủ cần bán căn hộ 2 PN full nội thất đẹp tại Iris Garden, Trần Hữu Dực - LH 0986 972 ***","4,79 tỷ","61,5 m²","77,89 tr/m²",2,2,"Cầu Diễn, Nam Từ Liêm","21.030425787651787, 105.7602618660239"
42302505,01/03/2025,"Cần bán rất gấp căn hộ 3PN Sudico 133m2 (7 tỷ) và 4PN 207m2 (8,5 tỷ) ban công ĐN; có slot ô tô",7 tỷ,133 m²,"52,63 tr/m²",3,2,"Mỹ Đình 1, Nam Từ Liêm","21.01743507385254, 105.7803955078125"
38896127,01/03/2025,"Bán nhanh căn hộ 02PN chung cư MD Complex - Nguyễn Cơ Thạch, DT 95m2, BC hướng mát","5,4 tỷ",95 m²,"56,84 tr/m²",2,2,"Cầu Diễn, Nam Từ Liêm","21.0291328430176, 105.761299133301"
42302313,01/03/2025,"Chính chủ bán căn 2 phòng ngủ iris garden , hướng Nam mát giá 4.45 tỷ LH: 0977 986 ***","4,45 tỷ",60 m²,"74,17 tr/m²",2,2,"Cầu Diễn, Nam Từ Liêm","21.0311044707879, 105.760382919832"
42302307,01/03/2025,"Chủ nhà cần bán gấp căn hộ 2 ngủ - 65m2 tại Golden Field - 24 Nguyễn Cơ Thạch, giá: 4.45 tỷ","4,45 tỷ",65 m²,"68,46 tr/m²",2,2,"Mỹ Đình 1, Nam Từ Liêm","21.0352798463093, 105.765638735145"
41765494,01/03/2025,Chính chủ cần bán căn hộ Sunshine Ceter 109m2/3PN tòa B sẵn sổ đỏ full đồ view đẹp LH 0946 827 ***,"7,05 tỷ",109 m²,"64,68 tr/m²",3,2,"Mỹ Đình 2, Nam Từ Liêm","21.018648147583008, 105.78179168701172"
42128845,01/03/2025,The Matrix One chính chủ chuyển công tác bán gấp 3PN2VS 120m2 giá 11 tỷ. Giá tốt nhất thị trường,11 tỷ,120 m²,"91,67 tr/m²",3,2,"Mễ Trì, Nam Từ Liêm","21.00967388635566, 105.7744150930302"
41821268,01/03/2025,"Vinhomes GreenBay chính chủ gửi bán gấp 2N1VS 62m2 giá 4,5 tỷ. giá tốt nhất thị trường","4,5 tỷ",62 m²,"72,58 tr/m²",2,1,"Mễ Trì, Nam Từ Liêm","20.9986553484105, 105.788883521985"
41646336,01/03/2025,"Bán căn hộ chung cư Vinhomes Skylake, 10 tỷ VND, 110 m2, giá tốt, pháp lý đầy đủ",10 tỷ,110 m²,"90,91 tr/m²",3,2,"Mỹ Đình 1, Nam Từ Liêm","21.020168304443359, 105.78075408935547"
42302085,01/03/2025,"Bán căn hộ chung cư tại Dolphin Plaza, giá thỏa thuận, 186m2, 3PN, 3WC",Giá thỏa thuận,186 m²,N/A,3,3,"Mỹ Đình 2, Nam Từ Liêm","21.02997305213701, 105.7756818848816"
41626112,01/03/2025,Chính chủ bán căn hộ C14 - BCA tầng trung 109m2 (3N - 2VS). Full nội thất mới. Sẵn sổ giao dịch,"5,5 tỷ",109 m²,"50,46 tr/m²",3,2,"Trung Văn, Nam Từ Liêm","20.990812301635742, 105.7839126586914"
42013845,01/03/2025,"Căn hộ chung cư tại Golden Palace tầng trung căn góc, 118.5m2(3N2VS). Sẵn sổ giao dịch. Có slot ôtô",Giá thỏa thuận,"118,4 m²",N/A,3,2,"Mễ Trì, Nam Từ Liêm","21.01126570084777, 105.77534206796723"
41465745,01/03/2025,Chính chủ bán căn hộ siêu hiếm Golden Palace 118m2(3N - 3VS). Trục 15. Sẵn sổ giao dịch,Giá thỏa thuận,118 m²,N/A,3,2,"Mễ Trì, Nam Từ Liêm","21.0119361877441, 105.774993896484"
41791154,01/03/2025,"Bán căn 3 ngủ DT 99m2 tại The Sun Mễ Trì giá 5,15 tỷ","5,15 tỷ",99 m²,"52,02 tr/m²",3,2,"Mễ Trì, Nam Từ Liêm","21.01560396492061, 105.78077699356221"
42194214,01/03/2025,"Bán căn hộ Golden Palace Mễ Trì, căn 3 phòng ngủ 2 vệ sinh, giá 7 tỷ 15","7,15 tỷ",105 m²,"68,1 tr/m²",3,2,"Mễ Trì, Nam Từ Liêm","21.011842435385688, 105.77480926119634"
42204454,01/03/2025,"Bán căn 4PN, view đẹp, full nội thất tại WestPoint - Giá 11 tỷ",11 tỷ,129 m²,"85,27 tr/m²",4,3,"Mễ Trì, Nam Từ Liêm","21.0114765603811, 105.787105132201"
42198895,01/03/2025,Bán căn 2PN tại Golden Palace giá 5 tỷ 1,"5,1 tỷ",86 m²,"59,3 tr/m²",2,2,"Mễ Trì, Nam Từ Liêm","21.01207395299501, 105.77526349335947"
41872233,01/03/2025,"15 Tố Hữu HH2 Bắc Hà, 133m2, 3 ngủ, 2WC","6,95 tỷ",133 m²,"52,26 tr/m²",3,2,"Trung Văn, Nam Từ Liêm","20.996848268679884, 105.79505856192962"
37569217,01/03/2025,(Mới) chủ nhà thiện chí nhiệt tình bán căn hộ 4pn 3vs 142m2 giá tốt nhất thị trường,Giá thỏa thuận,142 m²,N/A,4,3,"Mễ Trì, Nam Từ Liêm","21.0119361877441, 105.774993896484"
36391118,01/03/2025,Mới! Bán nhiều căn hộ 2N 3N 4N giá tốt nhất thị trường năm 2025 LH: 0942 609 ***,"6,5 tỷ",132 m²,"49,24 tr/m²",3,3,"Mỹ Đình 1, Nam Từ Liêm","21.0179768808067, 105.781101921175"
42163371,01/03/2025,"Bán gấp CH căn gócToà B Chung Cư An Lạc Phùng Khoang , Nam Từ Liêm 80m2 -2N . Giá 3,850 tỷ.","3,85 tỷ",80 m²,"48,12 tr/m²",2,2,"Trung Văn, Nam Từ Liêm","20.9882051080901, 105.793037514966"
42301605,01/03/2025,"Chính chủ cần bán gấp căn 3PN full đồ,sẵn sổ giao dịch.GIÁ 5.2 tỷ","5,2 tỷ",76 m²,"68,42 tr/m²",3,2,"Tây Mỗ, Nam Từ Liêm","20.999294646029092, 105.7381210111756"
42121963,01/03/2025,"Căn hộ chung cư bán tại FLC Landmark Tower, 7,5 tỷ, 160m2, đẹp, nhiều tiện ích","7,5 tỷ",160 m²,"46,88 tr/m²",4,3,"Mỹ Đình 2, Nam Từ Liêm","21.0344114635982, 105.769928258602"
42182702,01/03/2025,"Bán CC tại Iris Garden, 4,7 tỷ, 62m2, 2PN + 2WC + bếp, giá cực chất, full đồ","4,7 tỷ",62 m²,"75,81 tr/m²",2,2,"Cầu Diễn, Nam Từ Liêm","21.0313656680016, 105.760136527211"
42182693,01/03/2025,"Bán CC Iris Garden tại Trần Hữu Dực, 8,3 tỷ, 136m2, 3PN + 2WC + full nội thất, có slot ô tô","8,3 tỷ",136 m²,"61,03 tr/m²",3,2,"Cầu Diễn, Nam Từ Liêm","21.0310987394124, 105.760185704606"
41477765,01/03/2025,Chung cư lô góc Trung Văn - 96m2 - 5 tỷ - bán nhanh,5 tỷ,96 m²,"52,08 tr/m²",2,2,"Trung Văn, Nam Từ Liêm","20.9922142028809, 105.788681030273"
41916249,28/02/2025,Bán gấp căn hộ chung cư Vinhomes Smart Tây Mỗ toà S403 tầng 18 64m2 ful đồ,"4,2 tỷ",64 m²,"65,62 tr/m²",2,2,"Tây Mỗ, Nam Từ Liêm","21.006592311945674, 105.7372567054259"
42301149,28/02/2025,"Bán nhanh giá tốt căn hộ 2N 1VS 55m2 tại tòa S3 Smart City, 3,41 tỷ, Nam Từ Liêm, Hà Nội","3,41 tỷ",55 m²,62 tr/m²,2,1,"Tây Mỗ, Nam Từ Liêm","21.00692385699312, 105.73646941880855"
42277309,28/02/2025,"Cân bán gấp chung cư Lumiere Evergreen, tại Vinhonme Smart City,81,3m căn góc 3 thoáng","6,75 tỷ","81,3 m²",83 tr/m²,N/A,N/A,"Tây Mỗ, Nam Từ Liêm","21.008764171360905, 105.74362879079244"
42301122,28/02/2025,"Bán nhanh giá tốt căn 1 ngủ + 1 tòa S4 Smart City Tây Mỗ, 3,035 tỷ, 43m2 có giường tầng khu 1N","3,04 tỷ",43 m²,"70,58 tr/m²",1,1,"Tây Mỗ, Nam Từ Liêm","21.005572005545375, 105.73693269959404"
39810267,28/02/2025,"Anh em tôi cần bán căn hộ 77m2 tại chung cư cao cấp Roman Tố Hữu, giá chỉ 4 tỷ. LH: 0336 730 ***",4 tỷ,77 m²,"51,95 tr/m²",2,2,"Đại Mỗ, Nam Từ Liêm","20.9843406677246, 105.776809692383"
42270477,28/02/2025,"Bán CC Vinhomes Green Bay Mễ Trì, 5,35 tỷ, 56m2, 2PN, 1WC. Đang cho thuê 15tr/tháng","5,35 tỷ",56 m²,"95,54 tr/m²",2,1,"Mễ Trì, Nam Từ Liêm","20.998969027720566, 105.78803990524496"
42268952,28/02/2025,HOT! Bán 1N+ 3.3ty giá rẻ nhất toà A tại Masteri West Height 0777 393 ***,"3,3 tỷ",43 m²,"76,74 tr/m²",1,1,"Tây Mỗ, Nam Từ Liêm","21.006387140825314, 105.73711097255918"
42189259,28/02/2025,Chính chủ bán căn hộ 2PN - 55m2 - full nội thất - 3.7 tỷ toà S3 Vinhomes Smart City,"3,7 tỷ",55 m²,"67,27 tr/m²",2,1,"Tây Mỗ, Nam Từ Liêm","21.006501151230342, 105.73673776634182"
40030346,28/02/2025,"Chính chủ cần bán gấp căn 3PN 107m2 toà S5, tầng 1X, giá chỉ nhỉnh 8 tỉ. LH 0988 020 ***",Giá thỏa thuận,107 m²,N/A,3,2,"Tây Mỗ, Nam Từ Liêm","21.0115852355957, 105.73583984375"
42106871,28/02/2025,Tôi cần bán nhanh căn hộ 2PN - 59m2 - 3.15 tỷ KĐT Vinhomes Smart City,"3,15 tỷ",59 m²,"53,39 tr/m²",2,1,"Tây Mỗ, Nam Từ Liêm","21.005867056387, 105.736030067493"
41799735,28/02/2025,"Siêu sốc! Duy nhất căn 2n2 + 1 nhà nguyên bản giá 3,6 tỷ tại VH Smart City Tây Mỗ","3,6 tỷ",69 m²,"52,17 tr/m²",2,2,"Tây Mỗ, Nam Từ Liêm","21.005870639877518, 105.73572497083892"
42194195,28/02/2025,"Hiếm bán căn hộ Tại The garden Hill 99 trần bình 110m2 3 ngủ full đồ,tầng trung view thoáng,giá rẻ.","6,8 tỷ",110 m²,"61,82 tr/m²",N/A,N/A,"Mỹ Đình 2, Nam Từ Liêm","21.030418872128642, 105.77704341701248"
42189096,28/02/2025,Chính chủ bán căn 2 ngủ 64m2 CT1 Trung Văn - Cương Kiên. Giá 4.3 tỷ,"4,3 tỷ",64 m²,"67,19 tr/m²",2,2,"Trung Văn, Nam Từ Liêm","20.9941080356004, 105.777614711166"
42156429,28/02/2025,"Chủ Hàn về nước bán nhanh căn 2N 2WC + 1 tòa Imperia Smart City giá 3,9tỷ nội thất cơ bán","3,9 tỷ","63,8 m²","61,13 tr/m²",2,2,"Tây Mỗ, Nam Từ Liêm","20.999321864064, 105.738452519977"
42291931,28/02/2025,"Sở hữu nhanh CHCC VOV cực đẹp tại Mễ Trì, Nam Từ Liêm, Hà Nội 81,5 m2","4,88 tỷ","81,5 m²","59,88 tr/m²",2,2,"Mễ Trì, Nam Từ Liêm","21.0034440134367, 105.782298780616"
42110155,28/02/2025,Bán căn hộ 2PN + 1 căn góc 64m2 4.15 tỷ toà Imperia KĐT Vinhomes Smart City,"4,15 tỷ",64 m²,"64,84 tr/m²",2,2,"Tây Mỗ, Nam Từ Liêm","20.999322504881697, 105.73855533776046"
42299838,28/02/2025,Chính chủ bán căn 2PN+1 Toà G2 Sola Park - KHÔNG dính view các cụ,"4,4 tỷ",62 m²,"70,97 tr/m²",2,2,"Tây Mỗ, Nam Từ Liêm","21.00906375592264, 105.74381967261088"
42267709,28/02/2025,"CĂN GÓC 2N+1 GÍA HIẾM THE CANOPY- 75M2, CHỈ 5,05 TỶ BAO PHÍ -CÓ THƯƠNG LƯỢNG","5,05 tỷ",75 m²,"67,33 tr/m²",3,2,"Tây Mỗ, Nam Từ Liêm","21.00072993999215, 105.73873344713685"
42299747,28/02/2025,"Chính chủ cần bán căn hộ 1PN tại Ecolife Capitol, giá siêu hời 3,6 tỷ, 49m2","3,6 tỷ",49 m²,"73,47 tr/m²",1,1,"Trung Văn, Nam Từ Liêm","20.994675666504417, 105.78969482506193"
41711866,28/02/2025,Chính chủ bán 2PN - 2WC - 55m - 3.5tỷ full nội thất toà The Sakura KĐT Vinhomes Smart City,"3,3 tỷ",59 m²,"55,93 tr/m²",2,2,"Tây Mỗ, Nam Từ Liêm","21.005226135253906, 105.7389144897461"
38369309,28/02/2025,Bán căn 4PN tòa C37 Bắc Hà - Tố Hữu 120m2 giá 6 tỷ,6 tỷ,120 m²,50 tr/m²,4,2,"Trung Văn, Nam Từ Liêm","20.9968299865723, 105.793838500977"
42298251,28/02/2025,Bán căn hộ hạng A - The Matrix One - 3 ngủ - view công viên - full nội thất - giá 12.5 tỷ,"12,5 tỷ","111,7 m²","111,91 tr/m²",3,2,"Mễ Trì, Nam Từ Liêm","21.0096320029817, 105.773643624913"
42299330,28/02/2025,"Bán căn hộ chung cư The Sola Park G6.3827 diện tích 42.8m2 quỹ banker ckhau cao giá từ 2,45 tỷ",Giá thỏa thuận,43 m²,N/A,2,1,"Tây Mỗ, Nam Từ Liêm","21.0087665316703, 105.74446164455"
42299189,28/02/2025,Chính chủ tôi bán căn hộ chung cư The Sola Park tòa G5 Sola Park 76m2 chênh chỉ 30tr,Giá thỏa thuận,76 m²,N/A,3,N/A,"Tây Mỗ, Nam Từ Liêm","21.00883095671603, 105.74392263221586"
42273425,28/02/2025,CĐT trực tiếp mở bán 02 tòa chung cư mini Mễ Trì Hạ - Mỹ Đình (miễn môi giới),"1,2 tỷ",40 m²,30 tr/m²,2,1,"Mỹ Đình 1, Nam Từ Liêm","21.0208300578704, 105.768598257918"
42273982,28/02/2025,"Mới toanh! Chính chủ mở bán cc mini mới xây tại Mễ Trì Hạ full đồ 35m2, 45m2, 50m2 giá~1tỷ, ở ngay","1,2 tỷ",40 m²,30 tr/m²,2,1,"Mỹ Đình 1, Nam Từ Liêm","21.0141630025714, 105.780804883533"
42298818,28/02/2025,"Chính chủ gửi bán căn 3 phòng ngủ, 2VS, full nội thất chung cư FLC 18 giá 3.9 tỷ LH: 0977 986 ***","3,9 tỷ",70 m²,"55,71 tr/m²",3,2,"Mỹ Đình 2, Nam Từ Liêm","21.029452175493198, 105.77912435735703"
42200428,28/02/2025,"Bán nhanh căn 3PN2WC full nội thất, sẵn sổ giao dịch KDT Vinhomes Smart city giá chỉ 4.75 tỷ bao sổ","4,75 tỷ",75 m²,"63,33 tr/m²",3,2,"Tây Mỗ, Nam Từ Liêm","21.0088460339341, 105.743199269314"
42298030,28/02/2025,Mở bán quỹ căn Duplex dự án The Matrix Premium Lê Quang Đạo Mễ Trì Nam Từ Liêm Hà Nội,Giá thỏa thuận,226 m²,N/A,4,4,"Mễ Trì, Nam Từ Liêm","21.0094041078834, 105.773491051192"
42298636,28/02/2025,Bán CHCC 105m2 tại CT4 Hancic Trung Văn - Tố Hữu tầng 5 tiện ích KĐT 3PN chỉ 7.4 tỷ,"7,4 tỷ",105 m²,"70,48 tr/m²",3,2,"Trung Văn, Nam Từ Liêm","20.99229356338295, 105.78872162514016"
41777389,28/02/2025,"B6 Nguyễn Cơ Thạch. Căn góc: 120m2 - 3N - 3VS giá: 6, x tỷ. Full nội thất. LH: 0936 899 ***","6,9 tỷ",120 m²,"57,5 tr/m²",3,3,"Cầu Diễn, Nam Từ Liêm","21.034826524495234, 105.7646760549376"
42064533,28/02/2025,Tôi bán nhanh căn 2PN - 59m - 3.3 tỷ trước tết cắt lỗ 200 triệu KDT Vinhomes Smart City,"3,3 tỷ",59 m²,"55,93 tr/m²",2,2,"Tây Mỗ, Nam Từ Liêm","21.006203936123114, 105.73642893408633"
42259920,28/02/2025,CC bán căn hộ 2PN - 55m2 - Full nội thất - 3.6 tỷ - toà GS The Miami,"3,6 tỷ",55 m²,"65,46 tr/m²",2,2,"Tây Mỗ, Nam Từ Liêm","21.0068727918566, 105.745294436752"
42263134,28/02/2025,"Bán gấp căn hộ 3PN, 2WC tại Golden Field Mỹ Đình, 6,5 tỷ, 110m2","6,5 tỷ",110 m²,"59,09 tr/m²",3,2,"Cầu Diễn, Nam Từ Liêm","21.03486671932826, 105.76535210370024"
42298261,28/02/2025,"Bán căn hộ CC 3PN 2WC, 95m2 mặt đường Phạm Hùng, Nam Từ Liêm, Hà Nội, giá tốt 5,6 tỷ","5,55 tỷ",95 m²,"58,42 tr/m²",3,2,"Mỹ Đình 2, Nam Từ Liêm","21.02663726424458, 105.77866235238594"
42098982,28/02/2025,"Bán gấp căn hộ 4PN, 3WC tại Vinhomes West Point, 12,8 tỷ, 129m2","12,8 tỷ",129 m²,"99,22 tr/m²",4,3,"Mễ Trì, Nam Từ Liêm","21.01206652303014, 105.78628598134411"
42139163,28/02/2025,"Bán CC CT2 Xuân Phương, giá thỏa thuận, 157m2, 4PN, 3WC, Tây Bắc, Đông Nam, HN",Giá thỏa thuận,157 m²,N/A,4,3,"Xuân Phương, Nam Từ Liêm","21.031403781400417, 105.75494866332537"
42298083,28/02/2025,"Bán Căn Góc 2PN2WC, Trục 03 giá ưu đãi tại Lê Đức Thọ, Mỹ Đình 2, Nam Từ Liêm, Hà Nội","4,85 tỷ","72,6 m²","66,8 tr/m²",2,2,"Mỹ Đình 2, Nam Từ Liêm","21.029390583042996, 105.76961683224039"
42291855,28/02/2025,"Hiếm! Bán 1N+ 43m2, giá 2.3 tỷ, full đồ thiết kế, tiện về ở luôn, Tầng 23, view thoáng","2,3 tỷ","31,7 m²","72,56 tr/m²",1,1,"Tây Mỗ, Nam Từ Liêm","21.0057893154966, 105.736498923461"
41617528,28/02/2025,"Chính chủ bán CH FLC Landmark Lê Đức Thọ DT 159m2 4PN 3WC full NT đẹp SĐCC giá 5,5 tỷ: 0971 085 ***","5,5 tỷ",159 m²,"34,59 tr/m²",4,3,"Mỹ Đình 2, Nam Từ Liêm","21.0340766906738, 105.770355224609"
41293799,28/02/2025,"Bán căn hộ 83m2 chung cư Báo Nhân Dân, Trần Hữu Dực giá rẻ nhất thị trường. LH 0916 820 ***",Giá thỏa thuận,83 m²,N/A,2,2,"Phương Canh, Nam Từ Liêm","21.0327262878418, 105.753746032715"
42297211,28/02/2025,"Bán căn hộ Dreamland Bonanza Duy Tân 93 m2 3 ngủ 2VS full nội giá 6.4 tỷ, LH 0368 588 *** Mr Duy","6,4 tỷ",93 m²,"68,82 tr/m²",3,2,"Mỹ Đình 2, Nam Từ Liêm","21.0304898943458, 105.781210283972"
42297759,28/02/2025,"Giá hời đầu tư nhỉnh 2 tỷ bao phí, Studio SA5 ban công Đông Nam, sẵn khách thuê",Giá thỏa thuận,25 m²,N/A,N/A,N/A,"Tây Mỗ, Nam Từ Liêm","21.00522037693776, 105.73892639418774"
42297677,28/02/2025,Chính chủ bán CHCC 74m tòa CT2-C2 VOV mễ trì nam từ liêm hà nội ( 0869 688 ***),Giá thỏa thuận,74 m²,N/A,2,2,"Mễ Trì, Nam Từ Liêm","20.994939614607677, 105.78466863444807"
42297772,28/02/2025,"Bán căn góc 3PN cc Iris Garden ban công hướng Nam view pháo hoa Mỹ Đình 135m2 8,0x tỷ",Giá thỏa thuận,135 m²,N/A,3,2,"Cầu Diễn, Nam Từ Liêm","21.0304495289392, 105.760700606765"
42296259,28/02/2025,Bán căn hộ Mỹ Đình - 115m2 - 3 ngủ - view thoáng - full nội thất - giá 6.85 tỷ(HHTL69164),"6,85 tỷ",115 m²,"59,56 tr/m²",3,2,"Mỹ Đình 1, Nam Từ Liêm","21.0320175193323, 105.767243429739"
42260864,28/02/2025,"New! Chính chủ gửi em bán căn hộ 131 m2, 4PN, 3 WC, ban công ĐN, đẹp nhất dự án FLC Complex",10 tỷ,131 m²,"76,34 tr/m²",4,3,"Mỹ Đình 2, Nam Từ Liêm","21.0280395416503, 105.779305754303"
42291743,28/02/2025,"Chính chủ bán nhanh căn 1n1wc + 1 nhà nguyên bản mới giá 2,7 tỷ tòa S4 Vinhomes Smartcity Tây Mỗ","2,7 tỷ",48 m²,"56,25 tr/m²",1,1,"Tây Mỗ, Nam Từ Liêm","21.00610627289115, 105.73682078091147"
41987747,28/02/2025,"Cần bán gấp căn hộ chung cư tại tòa Vinaconex 7, Hàm Nghi, DT 86m2, 2PN, 2PN, giá TL, LH 0981 245 ***",Giá thỏa thuận,"86,5 m²",N/A,2,2,"Cầu Diễn, Nam Từ Liêm","21.033765190492023, 105.75973339610253"
42297656,28/02/2025,Phải thật nhanh mới kịp - Quỹ căn chung cư CT1&CT2 Viglacera Đại Mỗ chỉ từ 3. X tỷ,3 tỷ,53 m²,"56,6 tr/m²",2,1,"Đại Mỗ, Nam Từ Liêm","20.992300122527258, 105.76279394162695"
42109884,28/02/2025,"Chính chủ gửi bán căn hộ tòa MD Complex, DT 95m2, 2pn, 2 vs, đồ cb giá TT, LH Ms Trang 0981 245 ***",Giá thỏa thuận,95 m²,N/A,2,2,"Cầu Diễn, Nam Từ Liêm","21.028980962989746, 105.76126566687074"
36206143,28/02/2025,"Chính chủ bán gấp căn hộ 2 ngủ 60m2 sổ đỏ, full nội thất đẹp 4.x tỷ The Garden Hill 99 Trần Bình","4,3 tỷ",60 m²,"71,67 tr/m²",2,2,"Mỹ Đình 2, Nam Từ Liêm","21.0304050445557, 105.777030944824"
42297298,28/02/2025,Quỹ căn chuyển nhượng làm việc trực tiếp chủ nhà đàm báo giá chuẩn - Không chênh - Không ảo,"7,5 tỷ",71 m²,"105,63 tr/m²",2,2,"Mỹ Đình 1, Nam Từ Liêm","21.01979881578213, 105.78085866731284"
39021509,28/02/2025,Chính chủ gửi bán căn hộ HD Mon City 2PN2VS DT 67m2 full nội thất đẹp hướng mát bán 5.2 tỷ sẵn sổ,"5,2 tỷ","67,5 m²","77,04 tr/m²",2,2,"Mỹ Đình 2, Nam Từ Liêm","21.035120010376, 105.767433166504"
42198697,28/02/2025,Cần bán căn SA10403 Vinhomes Smart City,"3,2 tỷ","30,2 m²","105,96 tr/m²",N/A,N/A,"Tây Mỗ, Nam Từ Liêm","21.00519632029497, 105.73804076117744"
36466763,28/02/2025,Mới chủ nhà tin tưởng gửi bán nhiều căn hộ 3PN 4PN giá tốt nhất thị trường năm 2025 LH: 0942 609 ***,9 tỷ,126 m²,"71,43 tr/m²",3,2,"Mễ Trì, Nam Từ Liêm","21.016849517822266, 105.78397369384766"
42297345,28/02/2025,"Bán gấp căn hộ chung cư CT5B Mễ Trì Thượng. Thiết kế 3PN, 2WC ,110m2, 5 tỷ. Mr Trung 0966 988 ***.",5 tỷ,110 m²,"45,46 tr/m²",3,2,"Mễ Trì, Nam Từ Liêm","21.0048855513649, 105.778583703409"
42296246,28/02/2025,Bán căn hộ 36m2 Phùng Khoang - ngõ thông - gần ô tô - full nội thất - chỉ 1.27 tỷ (HHTLN3165),"1,27 tỷ",36 m²,"35,28 tr/m²",1,1,"Trung Văn, Nam Từ Liêm","20.9881844678813, 105.792780474267"
42022803,28/02/2025,Chính chủ bán căn 3PN 80m2 The Tonkin Vinhomes smart city giá 5.4 tỷ view đẹp nhà mới,"5,4 tỷ",80 m²,"67,5 tr/m²",3,2,"Tây Mỗ, Nam Từ Liêm","21.005003996907, 105.739345175226"
42296927,28/02/2025,"Bán nhanh 2 ngủ 61m G1 view công viên hồ điều hòa giá 4,25 tỷ đóng tiến độ đặc biệt chỉ 1%/ tháng","4,25 tỷ",61 m²,"69,67 tr/m²",2,2,"Tây Mỗ, Nam Từ Liêm","21.009220450678605, 105.74446436548068"
42184143,28/02/2025,"Bán căn hộ 105m2 - 3PN 2VS tòa C7 KĐT Mỹ Đình 1. Full đồ, nhà đẹp. Giá 5,6 tỷ. Liên hệ 0985 222 ***","5,6 tỷ",105 m²,"53,33 tr/m²",3,2,"Cầu Diễn, Nam Từ Liêm","21.03497164147982, 105.7645789729418"
42296743,28/02/2025,"Bán căn hộ 43m2 1N+ tòa G3 1030 giá 3,05 tỷ đóng tiến độ đặc biệt chỉ 1%/ tháng LH 0973 710 ***","3,05 tỷ",43 m²,"70,93 tr/m²",2,N/A,"Tây Mỗ, Nam Từ Liêm","21.00918902191216, 105.7439102763753"
42229293,28/02/2025,Cần bán nhanh căn HH2 Bắc Hà 90m2 giá 5 tỷ. Full nội thất. LH 0962 347 ***,5 tỷ,90 m²,"55,56 tr/m²",2,2,"Trung Văn, Nam Từ Liêm","20.99757609097625, 105.79520579311985"
42190979,28/02/2025,Cần Bán gấp Căn Hộ chung cư Dream Tower Coma 6 Tây mỗ Nam từ liêm 93m,"4,15 tỷ",93 m²,"44,62 tr/m²",3,2,"Tây Mỗ, Nam Từ Liêm","21.016117888012943, 105.74611042603662"
36569589,28/02/2025,Cần bán gấp căn hộ 134m2 Vinhomes Skylake view hồ full nội thất sang trọng hiện đại và đẳng cấp,16 tỷ,134 m²,"119,4 tr/m²",4,3,"Mỹ Đình 1, Nam Từ Liêm","21.0201683044434, 105.780754089355"
42296235,28/02/2025,Nhỉnh 4 tỷ! Chung cư Trần Bình - 72m2 - 2 ngủ - 2 thoáng - nội thất cao cấp (hhcg36166),"4,45 tỷ",72 m²,"61,81 tr/m²",2,2,"Mỹ Đình 2, Nam Từ Liêm","21.030632582300278, 105.77636844850012"
42295641,28/02/2025,Rẻ nhất VBB: Chính chủ gửi bán gấp căn 62m2 chung cư VOV Mễ Trì giá chỉ 3.7 tỷ,"3,7 tỷ",62 m²,"59,68 tr/m²",2,1,"Mễ Trì, Nam Từ Liêm","20.995263518782117, 105.78438761598196"
42296630,28/02/2025,"Căn hộ 43m 1N+ G2 1227 sola park view ngoại khu đóng tiến độ đặc biệt 1%/ tháng giá 3,07 tỷ","3,07 tỷ",43 m²,"71,4 tr/m²",N/A,N/A,"Tây Mỗ, Nam Từ Liêm","21.008671547279, 105.744189364691"
42259180,28/02/2025,Bán Duplex 4 phòng ngủ & Penthouse dự án Lumi Hà Nội,"18,1 tỷ",211 m²,"85,78 tr/m²",4,5,"Tây Mỗ, Nam Từ Liêm","21.0107964431437, 105.736220632901"
36459620,28/02/2025,"Cập nhật mới nhất các căn hộ 2PN cần bán tại The Emerald, LH em 0976 647 ***","5,85 tỷ","81,7 m²","71,6 tr/m²",2,2,"Mỹ Đình 1, Nam Từ Liêm","21.02216148376465, 105.77179718017578"
39497113,28/02/2025,"Chính chủ cần tiền bán gấp 1PN tầng 20 The Tonkin 1 giá 2,9 tỷ bao toàn bộ thuế phí","2,9 tỷ","41,2 m²","70,39 tr/m²",1,N/A,"Tây Mỗ, Nam Từ Liêm","21.0052261352539, 105.738914489746"
42296363,28/02/2025,"Bán CHCC 3 ngủ, 2vs, giá cực hợp lý tại Toà A chung cư An Sinh, Mỹ Đình 2, Nam Từ Liêm",Giá thỏa thuận,122 m²,N/A,3,2,"Cầu Diễn, Nam Từ Liêm","21.03537764857738, 105.76340276608143"
40955503,28/02/2025,"Bán căn 4 phòng ngủ Vinhomes Skylake, Phạm Hùng. LH 0983 786 ***","17,5 tỷ","153,32 m²","114,14 tr/m²",4,3,"Mỹ Đình 1, Nam Từ Liêm","21.0201683044434, 105.780754089355"
41755808,28/02/2025,"Gấp! Studio 32m2, bán nhanh 1,9 tỷ, đủ đồ tại VH Smart city","1,9 tỷ",32 m²,"59,38 tr/m²",1,1,"Tây Mỗ, Nam Từ Liêm","21.006216049194336, 105.7364730834961"
42290038,28/02/2025,"Quỹ căn 2PN Vic khoảng tầng nào cũng có, hưởng full chiết khấu. LH em Vân: 0345 759 ***","4,46 tỷ","64,7 m²",69 tr/m²,2,N/A,"Tây Mỗ, Nam Từ Liêm","21.00910374051738, 105.7431917403769"
41965372,28/02/2025,"Cần tiền trả nợ bán gấp căn 2N1VS full nội thất tại chung cư Hateco XP giá 3,2 tỷ sổ trao tay","3,2 tỷ",52 m²,"61,54 tr/m²",2,1,"Phương Canh, Nam Từ Liêm","21.03506246210824, 105.74966518890766"
42189778,28/02/2025,"Chính chủ bán CH 3PN 2WC 70m2 căn góc view hồ full đồ siêu đẹp tại Hateco Xuân Phương chỉ 4,3tỷ","4,3 tỷ",70 m²,"61,43 tr/m²",3,2,"Phương Canh, Nam Từ Liêm","21.0352935948548, 105.748961380334"
42295620,28/02/2025,"Bán căn hộ The Victoria (69,6m2) 3PN, 2WC tại Vinhome Smart City","4,82 tỷ","69,6 m²","69,24 tr/m²",3,2,"Tây Mỗ, Nam Từ Liêm","21.008911674465296, 105.74395954874196"
42295642,28/02/2025,"C14 Bắc Hà, Tố Hữu, Trung Văn, Nam Từ Liêm cần bán căn hộ 3 ngủ 3 vệ sinh. Căn góc cực đẹp","6,05 tỷ",108 m²,"56,02 tr/m²",3,3,"Trung Văn, Nam Từ Liêm","20.991188517047647, 105.78468294104769"
42295468,28/02/2025,Bán căn hộ studio A3 - Aura Lumiere Evergreen,"2,98 tỷ",32 m²,"93,12 tr/m²",N/A,1,"Tây Mỗ, Nam Từ Liêm","21.006274476491587, 105.73681843203765"
40113522,28/02/2025,Bán căn hộ 2PN. 45 - 60m2 chung cư FLC Green Apartment. Giá tốt nhất thị trường. LH 0923 559 ***,Giá thỏa thuận,60 m²,N/A,2,2,"Mỹ Đình 2, Nam Từ Liêm","21.0295124053955, 105.779083251953"
39877841,28/02/2025,"Bán gấp căn 2PN - 70m2 chung cư Mỹ Đình Plaza 2, Mỹ Đình. Full nội thất, hướng mát. LH 0923 559 ***","4,6 tỷ",70 m²,"65,71 tr/m²",2,2,"Mỹ Đình 2, Nam Từ Liêm","21.0310840606689, 105.774566650391"
40608385,28/02/2025,Mình cần bán gấp căn hộ cao cấp HD Mon City Hàm Nghi Nguyễn Cơ Thạch. sang năm đi du học..,"4,17 tỷ",60 m²,"69,5 tr/m²",2,2,"Mỹ Đình 2, Nam Từ Liêm","21.035120010375977, 105.76743316650391"
41087006,28/02/2025,Bán gấp và rẻ nhất mặt bằng chung căn cao cấp duplex thông tầng tại dự án Westpoint Phạm Hùng,"9,9 tỷ",131 m²,"75,57 tr/m²",3,2,"Mễ Trì, Nam Từ Liêm","21.0118827819824, 105.786445617676"
42295668,28/02/2025,Cam kết Giá rẻ nhất toà. Ai đã từng muốn mua toà này thì k thể tìm căn nào giá tốt hơn căn này. C..,"6,6 tỷ",80 m²,"82,5 tr/m²",2,2,"Phú Đô, Nam Từ Liêm","21.012814311212, 105.767011638101"
40608642,28/02/2025,"Chủ nhà cần bán gấp cam kết giá tốt nhất thị trường căn vinhomes Westpoint canh keangnam, ng ..","5,3 tỷ",65 m²,"81,54 tr/m²",2,2,"Mễ Trì, Nam Từ Liêm","21.011882781982422, 105.78644561767578"
40884371,28/02/2025,Căn 2N- Tầng cao độc quyền the Victoria Vinhome Smart City,"4,99 tỷ",64 m²,78 tr/m²,2,2,"Tây Mỗ, Nam Từ Liêm","21.0088520050049, 105.743919372559"
42295471,28/02/2025,"Chính chủ cần ra hàng gấp cam kết giá rẻ nhất thị trường , sổ đỏ cầm cất vào két vừa đầu tư chothue","3,05 tỷ",43 m²,"70,93 tr/m²",2,2,"Tây Mỗ, Nam Từ Liêm","21.009068090412867, 105.74359553877541"
42295458,28/02/2025,"MUA LÀ LÃI, CHÍNH CHỦ BÁN GẤP CĂN 1PN+1 VIN SMART 2,9 TỶ SẴN SỔ. 0961 522 ***","2,9 tỷ",43 m²,"67,44 tr/m²",1,1,"Tây Mỗ, Nam Từ Liêm","21.009453211655618, 105.74433795265092"
42295402,28/02/2025,"Chính chủ bán căn Masteri West Height, 1PN +, 42m2, đồ cơ bản, giá 3,35 tỷ. Lh em Hằng 0988 152 ***","3,35 tỷ",42 m²,"79,76 tr/m²",1,1,"Tây Mỗ, Nam Từ Liêm","21.006462501789333, 105.737458352812"
42295490,28/02/2025,"Cực phẩm Siêu hot tại Dolphin Plaza Tháp 2, 28 Trần Bình, 133m2, 3 ngủ, Full công năng, full đồ xịn","8,5 tỷ",133 m²,"63,91 tr/m²",3,N/A,"Mỹ Đình 2, Nam Từ Liêm","21.02991701442409, 105.77671303082465"
42295334,28/02/2025,Bán căn 3 ngủ tòa Intracom Trung Văn - nhà đầy đủ nội thất vào ở ngay - 0961 068 ***,"5,45 tỷ",96 m²,"56,77 tr/m²",3,2,"Trung Văn, Nam Từ Liêm","20.990196356891346, 105.78849883971813"
42229552,28/02/2025,Chính chủ bán căn 2PN 2WC 61.5m2 Imperia Sola Park giá 3.6 tỷ view thoáng đẹp,"3,6 tỷ","61,5 m²","58,54 tr/m²",2,2,"Tây Mỗ, Nam Từ Liêm","21.009174614243435, 105.74353629075286"
40376583,28/02/2025,"Giá rẻ - bán chung cư B9 Mễ Trì Hạ - Phạm Hùng - KeangNam 35 - 55m2, full nội thất, ở ngay",650 triệu,35 m²,"18,57 tr/m²",1,1,"Mễ Trì, Nam Từ Liêm","21.0136915, 105.7815476"
41002201,28/02/2025,"Tôi chính chủ cần bán gấp căn 66m2(2PN 2VS) CC FLC Garden City, 2N2W tầng trung. Giá bán hơn 3 tỷ",Giá thỏa thuận,66 m²,N/A,2,2,"Đại Mỗ, Nam Từ Liêm","20.991436004638672, 105.75606536865234"
40729620,28/02/2025,"Bán căn hộ 66m2(2PN 2VS), full NT đẹp, đã có sổ đẹp nhất chung cư FLC Đại Mỗ giá tốt, 0975 645 ***",Giá thỏa thuận,66 m²,N/A,2,2,"Đại Mỗ, Nam Từ Liêm","20.991436004638672, 105.75606536865234"
41945114,28/02/2025,HÓT!!! 4.8 tỷ bao phí(Có thương lượng) 86m2 2 ngủ tòa Vinaconex Nguyễn Văn Giáp. LH 0365 454 ***,"4,8 tỷ",86 m²,"55,81 tr/m²",2,2,"Cầu Diễn, Nam Từ Liêm","21.033491728270103, 105.75970457139132"
41629668,28/02/2025,"0961 068 *** - Bán gấp căn 3 ngủ tòa CT1 C14 Bắc Hà - Tố Hữu - cạnh tiểu học trung văn - giá 5,7 tỷ","5,7 tỷ",109 m²,"52,29 tr/m²",3,2,"Trung Văn, Nam Từ Liêm","20.990812301635742, 105.7839126586914"
42295096,28/02/2025,Bán căn 3 ngủ 95m2 tòa C37 Bắc Hà - C37 Bộ Công An - 17 Tố Hữu - giá nhỉnh 6 tỷ - 0961 068 ***,"6,1 tỷ",95 m²,"64,21 tr/m²",3,2,"Trung Văn, Nam Từ Liêm","20.997060981114295, 105.79368846630982"
41323064,28/02/2025,"Chính chủ bán căn studio Lumiere Evergreen, 32.2m2, giá 2,7 tỷ thanh toán tiến độ đã vào tiền 25%","2,7 tỷ",32 m²,"84,38 tr/m²",1,1,"Tây Mỗ, Nam Từ Liêm","21.006216049194336, 105.7364730834961"
41607550,28/02/2025,"Chính chủ bán căn 2PN, 60m2, Lumiere, giá 5,050 tỷ bao phí. Lh em hằng 0988 152 ***","5,05 tỷ",60 m²,"84,17 tr/m²",2,2,"Tây Mỗ, Nam Từ Liêm","21.006216049194336, 105.7364730834961"
41472325,28/02/2025,"Chính chủ bán 1PN +, 42m2 Lumiere, giá 3,3 tỷ thanh toán tiến độ. LH Em Hằng 0988 152 ***","3,3 tỷ",42 m²,"78,57 tr/m²",1,1,"Tây Mỗ, Nam Từ Liêm","21.006216049194336, 105.7364730834961"
41204905,28/02/2025,"Tôi chính chủ bán 1ngủ+1 căn G3.1615 view bể bơi, DT 43m tòa G3 The Sola Park, Vinhomes Smart City","3,2 tỷ",43 m²,"74,42 tr/m²",2,1,"Tây Mỗ, Nam Từ Liêm","21.008852005004883, 105.7439193725586"
42295249,28/02/2025,Chung cư the Matrix One - 120m2 - 3 ngủ - full nội thất - giá 8.05 tỷ(HHTL69160),"8,05 tỷ",120 m²,"67,08 tr/m²",3,2,"Mễ Trì, Nam Từ Liêm","21.00945559342175, 105.77394820891476"
41241382,28/02/2025,"Chính chủ bán căn A3.3326 Lumiere Evergreen, 1PN+1, giá 3,55 tỷ. Vay ân hạn đến T5/2027","3,55 tỷ",42 m²,"84,52 tr/m²",1,1,"Tây Mỗ, Nam Từ Liêm","21.006216049194336, 105.7364730834961"
41253399,28/02/2025,"Chính chủ cần bán Lumiere, 3pn, 109m2, giá 8,3 tỷ. Lh em Hằng 0988 152 ***","8,3 tỷ",109 m²,"76,15 tr/m²",3,2,"Tây Mỗ, Nam Từ Liêm","21.006216049194336, 105.7364730834961"
42295218,28/02/2025,"Bán gấp căn hộ 2PN, tại An Bình Plaza, 4.5 tỷ. LH: 0365 454 ***","4,5 tỷ",55 m²,"81,82 tr/m²",2,1,"Mỹ Đình 2, Nam Từ Liêm","21.03138057848536, 105.77717005197815"
42291679,28/02/2025,"Tôi chính chủ bán nhanh 2 căn hộ 2PN - 69m2, KĐT Vinhomes Smart City",Giá thỏa thuận,69 m²,N/A,2,2,"Tây Mỗ, Nam Từ Liêm","21.009755880621, 105.743602042432"
40754296,28/02/2025,"Căn 2PN+1 cuối cùng giá rẻ nhất toà G5 - Sola Park chỉ 4,45 tỷ - 64,4 m2. Bàn giao full nội thất","4,45 tỷ","64,4 m²","69,1 tr/m²",3,2,"Tây Mỗ, Nam Từ Liêm","21.008852005004883, 105.74391937255859"
40163779,28/02/2025,"Chính chủ gửi bán căn hộ hoa hậu - 2PN 2VS, DT 70m2, chung cư Mỹ Đình Plaza 2, Nguyễn Hoàng",5 tỷ,70 m²,"71,43 tr/m²",2,2,"Mỹ Đình 2, Nam Từ Liêm","21.0310840606689, 105.774566650391"
42292200,28/02/2025,"Chính chủ bán căn studio 31,7m2 Vinhomes Smart City Tây Mỗ full thiết kế đồ sẵn sổ. Giá: 1,95 tỷ","1,9 tỷ","31,7 m²","59,94 tr/m²",1,1,"Tây Mỗ, Nam Từ Liêm","21.00610335670619, 105.73686925408832"
40667790,28/02/2025,"Mình bán căn hộ 2PN, 2VS full đồ đẹp 80m2 CC The Garden Hill - 99 Trần Bình, Mỹ Đình có Slot xe oto",5 tỷ,80 m²,"62,5 tr/m²",2,2,"Mỹ Đình 2, Nam Từ Liêm","21.0304050445557, 105.777030944824"
41490751,28/02/2025,"Hàng hót!Bán căn hoa hậu số 06 tòa CT1A-135m2, full đồ, chung cư Iris Garden, BC Đông Nam.Giá 7.5tỷ","7,5 tỷ",135 m²,"55,56 tr/m²",3,2,"Cầu Diễn, Nam Từ Liêm","21.0311622619629, 105.760414123535"
42292050,28/02/2025,"Bán căn hộ Hateco Apollo, 3,25 tỷ, 52m2. Giá tốt nhất. Liên hệ ngay: 0374 880 ***","3,25 tỷ",52 m²,"62,5 tr/m²",2,1,"Phương Canh, Nam Từ Liêm","21.035252505531513, 105.74980047768263"
42292242,28/02/2025,"Bán chung cư, nội thất đẹp hiện đại, mới. Mặt đường Phạm Hùng, giá ngang nhà tập thể cũ sổ sẵn sàng","5,65 tỷ",95 m²,"59,47 tr/m²",3,2,"Mỹ Đình 2, Nam Từ Liêm","21.030801278914083, 105.7798315559965"
42292239,28/02/2025,"Căn hộ chung cư Mỹ Đình Plaza 2, 4tỷ9 70m2, 2PN, 2WC. LH: 0365 454 ***","4,9 tỷ",70 m²,70 tr/m²,2,2,"Mỹ Đình 2, Nam Từ Liêm","21.031230604431, 105.77477411471"
42291815,28/02/2025,Chủ nhà gửi Bán căn hộ 80m. 3pn.2vs.,"6,2 tỷ",80 m²,"77,5 tr/m²",3,2,"Cầu Diễn, Nam Từ Liêm","21.030234446832534, 105.76135929483715"
42070044,28/02/2025,Hàng Hiếm!Chính chủ bán căn 74m2-2PN2VS hướng ban công Đông Nam.Tại dự án Golden field. Giá 4.9 tỷ,4 tỷ,74 m²,"54,05 tr/m²",2,2,"Cầu Diễn, Nam Từ Liêm","21.03599930733365, 105.76544329309245"
41877028,28/02/2025,"Cần bán bớt 1 căn hộ 3PN 114,22m2 tầng trung view đẹp nhất dự án Hoàng Thành Pearl giá 7,8 tỷ","7,8 tỷ","114,22 m²","68,29 tr/m²",3,2,"Cầu Diễn, Nam Từ Liêm","21.040378161092036, 105.76128537290225"
41534300,28/02/2025,"Chính chủ bán căn G3.1615, 1 ngủ + 1, 43m2, Đông Nam, 3.1tỷ thu về chung cư tại Imperia Sola Park","3,1 tỷ",43 m²,"72,09 tr/m²",2,1,"Tây Mỗ, Nam Từ Liêm","21.008852005004883, 105.7439193725586"
42291832,28/02/2025,Bán căn hộ chung cư Vin Gadenia 105m2 3 phòng ngủ 2 vệ sinh LH 0911 120 ***,8 tỷ,105 m²,"76,19 tr/m²",3,2,"Cầu Diễn, Nam Từ Liêm","21.03654323690209, 105.76049796556053"
42291315,28/02/2025,"Chính chủ cần bán căn hộ The Matrix One Lê Quang Đạo, Nam Từ Liêm 87m2 đẹp","6,8 tỷ",87 m²,"78,16 tr/m²",2,2,"Mễ Trì, Nam Từ Liêm","21.0098074186551, 105.774562338941"
42291699,28/02/2025,Siêu hót - cập nhật quỹ căn chung cư Golden Palace Mễ Trì chỉ từ 7.x tỷ,"7,8 tỷ",119 m²,"65,55 tr/m²",3,2,"Mễ Trì, Nam Từ Liêm","21.01226207265631, 105.77443046006968"
42157003,28/02/2025,Chính chủ bán căn 3 phòng ngủ 85m2 VOV Mễ Trì - Lương Thế Vinh. Giá 5 tỷ,5 tỷ,90 m²,"55,56 tr/m²",3,2,"Mễ Trì, Nam Từ Liêm","20.99574465312979, 105.784055319615"
41671830,28/02/2025,"Chính chủ bán căn hộ 2 ngủ,77m2, Giá 4,5 tỷ Roman Plaza, Tố Hữu, Nam Từ Liêm đủ đồ,sẵn sổ,2slot oto","4,5 tỷ",77 m²,"58,44 tr/m²",2,2,"Đại Mỗ, Nam Từ Liêm","20.9843406677246, 105.776809692383"
42291657,28/02/2025,Cần tiền bán gấp căn 2N1WC - Vinhomes Smart City. LH: 0968 860 ***,Giá thỏa thuận,59 m²,N/A,2,1,"Tây Mỗ, Nam Từ Liêm","21.0088997584905, 105.743750011576"
40908079,28/02/2025,"Chính chủ bán căn hộ 3 ngủ diện tích 111m2, Ecolife Tố Hữu, Giá 6 tỷ, đủ đồ sẵn sổ, sẵn slot oto",6 tỷ,111 m²,"54,05 tr/m²",3,2,"Trung Văn, Nam Từ Liêm","20.9945335388184, 105.789390563965"
37337977,28/02/2025,"Sở Hữu Căn Hộ Capital Elite 18 Phạm Hùng 119m2 Chỉ Từ 3.5 Tỷ, Nhận nhà ngay tại Mỹ Đình!",Giá thỏa thuận,119 m²,N/A,3,2,"Mỹ Đình 2, Nam Từ Liêm","21.0299827772686, 105.778852462769"
42264139,28/02/2025,Bán 1n+1 full nội thất đẹp Lh:0903 671 ***,"3,06 tỷ",43 m²,"71,05 tr/m²",1,1,"Tây Mỗ, Nam Từ Liêm","21.00898100127583, 105.74467303218742"
42147254,28/02/2025,"Chính chủ gửi bán căn Studio phân khu S3, cạnh nhà xe giá 2.05 tỷ. Vinhomes Smart city. 0964 433 ***","2,05 tỷ",28 m²,"73,21 tr/m²",1,1,"Tây Mỗ, Nam Từ Liêm","21.00694412703714, 105.73609462211085"
42165893,28/02/2025,"Căn 2PN giá tốt nhất Vinhomes Smart city, nguyên bản chủ đầu tư, view thoáng giá chỉ 3.4 tỷ bao sổ","3,4 tỷ",55 m²,"61,82 tr/m²",2,1,"Tây Mỗ, Nam Từ Liêm","21.0089445338658, 105.743753591931"
42147382,28/02/2025,"Bán nhanh căn 2PN+1 Vinhomes Smart city giá chỉ 3.9 tỷ, sẵn sổ giao dịch. nhà nguyên bản","3,9 tỷ",64 m²,"60,94 tr/m²",2,2,"Tây Mỗ, Nam Từ Liêm","21.008919499773384, 105.74484489119625"
42291193,28/02/2025,"Bán Căn hộ chung cư FLC Complex Phạm Hùng, 5,5 tỷ, 70m2, sát bến xe Mỹ Đình","5,5 tỷ",70 m²,"78,57 tr/m²",2,2,"Mỹ Đình 2, Nam Từ Liêm","21.02841189491343, 105.77946090234083"
41701313,28/02/2025,"Chính chủ em bán gấp căn 3 ngủ C14 - Bộ Công An, Tố Hữu, DT 109m2 giá 5,2 tỷ sẵn sổ full nội thất","5,2 tỷ",109 m²,"47,71 tr/m²",3,2,"Trung Văn, Nam Từ Liêm","20.990812301635742, 105.7839126586914"
42082485,28/02/2025,"Chính chủ bán căn V2.0815A rẻ nhất dự án The Victoria chỉ 4,9tỷ - hầm đỗ xe nhiều nhất Smart City","4,9 tỷ","64,6 m²","75,85 tr/m²",2,2,"Tây Mỗ, Nam Từ Liêm","21.008410400965584, 105.74388486934528"
42291310,28/02/2025,"Em bán căn góc tại An Bình Plaza. Giá: 6,1 tỷ, 83m2 (3PN, 2WC), đầy đủ nội thất tại Mỹ Đình","6,1 tỷ",83 m²,"73,49 tr/m²",3,2,"Mỹ Đình 2, Nam Từ Liêm","21.03090116076651, 105.77664403782396"
41558040,28/02/2025,"Căn hộ chung cư tại The Manor, giá 8,7 tỷ VND, diện tích 106m2, pháp lý đầy đủ","8,7 tỷ",106 m²,"82,08 tr/m²",3,2,"Mỹ Đình 1, Nam Từ Liêm","21.0167504871677, 105.779310377701"
42274197,28/02/2025,"Chính chủ bán căn 2N HD Mon City Hàm Nghi, dt 67m, sẵn sổ, đủ nội thất, slot ô tô, giá thật 4,7 tỷ","4,7 tỷ",67 m²,"70,15 tr/m²",2,2,"Mỹ Đình 2, Nam Từ Liêm","21.03439823129031, 105.76766674295088"
42099935,28/02/2025,"Bán căn góc vuông dự án Tây Hà Tower, 19Tố Hữu. Dt 120m2, 3N2VS, tầng trung view thoáng. Giá 6,2 tỷ","6,2 tỷ",120 m²,"51,67 tr/m²",3,2,"Trung Văn, Nam Từ Liêm","20.99660395972117, 105.79315259798163"
40626693,28/02/2025,"Quỹ căn mới nhất - Chung cư B.I.G Tower 18 Phạm Hùng 128m2, 5.x tỷ 3PN 2 - 3WC","5,5 tỷ",128 m²,"42,97 tr/m²",3,3,"Mỹ Đình 2, Nam Từ Liêm","21.0311794281006, 105.77904510498"
42138946,28/02/2025,Chính chủ tôi cần bán căn hộ chung cư HD Mon 86m2 thiết kế 3 ngủ,"6,5 tỷ",86 m²,"75,58 tr/m²",3,2,"Mỹ Đình 2, Nam Từ Liêm","21.035182801492, 105.767465035996"
42193358,28/02/2025,Duy nhất căn hộ 3 phòng ngủ diện tích 83m2 cần bán giá 6 tỷ. LH 0911 120 ***,"6,14 tỷ",83 m²,"73,98 tr/m²",3,2,"Cầu Diễn, Nam Từ Liêm","21.030522695647, 105.761484612626"
42098639,28/02/2025,"Bán căn hộ chung cư Florence Mỹ Đình, 79 m2, 2PN Cộng 1 , 2WC, ban công Đông Nam","5,8 tỷ",79 m²,"73,42 tr/m²",3,2,"Cầu Diễn, Nam Từ Liêm","21.031060170455646, 105.76119762449757"
38476633,28/02/2025,"Bán căn hộ 2 phòng ngủ chung cư Dreamland Bonanza, Quận Nam Từ Liêm, Hà Nội giá thỏa thuận",Giá thỏa thuận,71 m²,N/A,2,2,"Mỹ Đình 2, Nam Từ Liêm","21.0306091308594, 105.781028747559"
42290353,28/02/2025,"Chính chủ cần bán căn 1N + 43m2 full đồ, giá 2.95 tỷ sẵn sổ giao dịch. Nhận nhà ngay","2,95 tỷ",43 m²,"68,6 tr/m²",2,1,"Tây Mỗ, Nam Từ Liêm","21.0089295107935, 105.743975959749"
39543935,28/02/2025,Hiếm ! CT4 Trung Văn 92m2 - 2PN2WC nội thất full hướng mát 4.9 tỷ (chuẩn giá),"4,9 tỷ",92 m²,"53,26 tr/m²",2,2,"Trung Văn, Nam Từ Liêm","20.9922142028809, 105.788681030273"
42290454,28/02/2025,"Gia Đình Cần Bán Căn Hộ 2PN Chung Cư Mỹ Đình Plaza 2 - Nguyễn Hoàng ,Nội Thất Đầy Đủ, Sẵn Giao Dịch","4,8 tỷ",78 m²,"61,54 tr/m²",2,2,"Mỹ Đình 2, Nam Từ Liêm","21.031661732000565, 105.77393144685786"
42003320,28/02/2025,"Bán căn hộ (siêu đẹp) tại Golden Field-74m2/ 2PN, sẵn sổ đỏ full đồ xịn view đẹp LH 0946 827 ***","5,3 tỷ",74 m²,"71,62 tr/m²",2,2,"Cầu Diễn, Nam Từ Liêm","21.0353441443652, 105.765278337322"
41558928,28/02/2025,"(HÀNG HIẾM) BÁN CĂN 3PN/103,6M2 TẠI THE ZEI MỸ ĐÌNH. FULL ĐỒ VIEW ĐẸP SẴN SỔ ĐỎ LH 0946 827 ***","9,6 tỷ","103,6 m²","92,66 tr/m²",3,2,"Mỹ Đình 2, Nam Từ Liêm","21.0306392204577, 105.769254795942"
40586135,28/02/2025,"Chính chủ bán ngay căn 2pn1vs Tây Nam, vị trí đẹp toà I5 Imperia, Vinhomes Smart City","3,3 tỷ",55 m²,60 tr/m²,2,1,"Tây Mỗ, Nam Từ Liêm","20.9992771148682, 105.73811340332"
41492338,28/02/2025,"Siêu rẻ bố tôi cần bán căn hộ 92m2 3N toà 789 Mỹ Đình, view sân vận động siêu đỉnh","4,59 tỷ",92 m²,"49,89 tr/m²",3,2,"Mỹ Đình 1, Nam Từ Liêm","21.024967193603516, 105.77131652832031"
39315851,28/02/2025,"Chính chủ bán gấp căn căn 55m2 - 3 tỷ 2, BC Tây Nam, Vin Smart City","3,2 tỷ",55 m²,"58,18 tr/m²",2,1,"Tây Mỗ, Nam Từ Liêm","21.0062160491943, 105.736473083496"
42290357,28/02/2025,"Bán CH Vinhomes Smart City(I5), 5 tỷ VND, 76 m2, view đẹp, nhiều tiện ích tại Tây Mỗ, Nam Từ Liêm",5 tỷ,76 m²,"65,79 tr/m²",3,2,"Tây Mỗ, Nam Từ Liêm","21.000017549478187, 105.73765498437054"
41602028,28/02/2025,"Cần bán gấp căn hộ 2N2VS cao cấp tòa TK2 tầng cao, diện tích 61,4 m2, Vinhomes Smart City","4,25 tỷ","61,4 m²","69,22 tr/m²",2,2,"Tây Mỗ, Nam Từ Liêm","21.005314247211366, 105.73958469972386"
42261183,28/02/2025,"Tôi cần bán căn hộ FLC 36 Phạm Hùng 3N, Tầng trung săn sổ Full nội thất vào ở ngay","6,7 tỷ",97 m²,"69,07 tr/m²",3,2,"Mỹ Đình 2, Nam Từ Liêm","21.02739613694027, 105.77881614677165"
42261304,28/02/2025,"[Bán gấp] căn hộ FLC 36 Phạm Hùng, 2N 2WC 70m2, tầng thấp sẵn sổ full nội thất","5,05 tỷ",70 m²,"72,14 tr/m²",2,2,"Mỹ Đình 2, Nam Từ Liêm","21.0278748417621, 105.779212434448"
42082488,28/02/2025,"Chính chủ bán căn V2.0815A rẻ nhất dự án The Victoria chỉ 4,9 tỷ - hầm đỗ xe nhiều nhất Smart City","4,9 tỷ","64,6 m²","75,85 tr/m²",2,2,"Tây Mỗ, Nam Từ Liêm","21.009104855919023, 105.74416231273398"
42102385,28/02/2025,"Chính chủ bán CH Iris Garden, phường Cầu Diễn, quận Nam Từ Liêm, 70m full nội thất - tel 0904 717 ***",Giá thỏa thuận,"60,9 m²",N/A,3,2,"Cầu Diễn, Nam Từ Liêm","21.03136512571172, 105.76053660988589"
40476496,28/02/2025,Bán 02 căn hộ duplex Vinhomes West Point - đẳng cấp giới thượng lưu - full nội thất cao cấp,22 tỷ,200 m²,110 tr/m²,2,3,"Mễ Trì, Nam Từ Liêm","21.011882781982422, 105.78644561767578"
42250460,28/02/2025,"Quỹ căn hộ SAPPHIRE giá tốt 638 căn . Căn hộ 2 +_63m2 giá chỉ 4,1 tỷ","4,1 tỷ",63 m²,"65,08 tr/m²",2,2,"Tây Mỗ, Nam Từ Liêm","21.0082718541569, 105.743296751944"
41820852,28/02/2025,"Nhỉnh 3tỷ nhận căn hộ 2 ngủ đẹp, thang máy tại ngã tư Đại Mỗ - 55m2 - sổ lâu dài - khu tiện ích",Giá thỏa thuận,55 m²,N/A,2,1,"Đại Mỗ, Nam Từ Liêm","20.992404116587714, 105.76176064444016"
42176607,28/02/2025,"Bán chung cư Xuân Phương Residence DT: 83m2 TK đẹp 2PN 2WC, Full NT đến chỉ việc ở ngay",Giá thỏa thuận,83 m²,N/A,2,2,"Phương Canh, Nam Từ Liêm","21.0330874953486, 105.754264417348"
41916858,28/02/2025,"Bán căn hộ 3PN + 2WC tại An Bình Plaza, 6 tỷ, 83m2",6 tỷ,83 m²,"72,29 tr/m²",3,2,"Mỹ Đình 2, Nam Từ Liêm","21.03176866101052, 105.77734081442918"
42169804,28/02/2025,"Bán chung cư CT3-1 Mễ Trì Hạ, DT: 98m2 TK 2PN 2WC nhà sửa chữa rất đẹp, full NT cao cấp","5,95 tỷ",98 m²,"60,71 tr/m²",3,2,"Mễ Trì, Nam Từ Liêm","21.0151588021994, 105.78271317265"
41983205,28/02/2025,"Bán căn hộ chung cư cao cấp Golden Palace Mễ Trì, Nam Từ Liêm 120m2, 3PN, 2wc, 8.2 tỷ full nội thất","8,2 tỷ",120 m²,"68,33 tr/m²",3,2,"Mễ Trì, Nam Từ Liêm","21.01211085151069, 105.77566028565175"
41978777,28/02/2025,Cần bán căn chung cư 4 phòng ngủ tại CT2 Xuân Phương Quốc Hội: 0941 831 ***,7 tỷ,156 m²,"44,87 tr/m²",4,3,"Xuân Phương, Nam Từ Liêm","21.0308858634551, 105.754851154153"
41818385,28/02/2025,"Căn hộ chung cư HH3 - FLC Đại Mỗ, tiện ích ngập tràn - an sinh đỉnh - 67m2, 2 ngủ, 2WC - Giá mềm",Giá thỏa thuận,67 m²,N/A,2,2,"Đại Mỗ, Nam Từ Liêm","20.99160918541018, 105.75573111808205"
42284693,28/02/2025,"Chủ gửi bán căn hộ Thezei 2PN - Lê Đức Thọ. Nội thất Full, giá 8tỷ1. Liên hệ : 0393 703 *** em Duy.","8,1 tỷ",89 m²,"91,01 tr/m²",2,2,"Mỹ Đình 2, Nam Từ Liêm","21.034856132481234, 105.7691970946841"
42121485,28/02/2025,CĂN HỘ CHUNG CƯ DREAM TOWN - 90M2 - 2 NGỦ RỘNG - FULL NỘI THẤT - KHU SẦM UẤT - RẺ 46.5tr/m2,Giá thỏa thuận,90 m²,N/A,2,2,"Tây Mỗ, Nam Từ Liêm","21.016999928265143, 105.74670771183182"
42192675,28/02/2025,Căn hộ Mỹ Đình - lô góc - full nội thất - 2 ngủ rộng - 60m2 - Giá 4.286 tỷ(HHTL3648),"4,29 tỷ",60 m²,"71,43 tr/m²",2,2,"Mỹ Đình 1, Nam Từ Liêm","21.0327011653685, 105.762390606915"
42289348,28/02/2025,"Bán gấp CH 2PN, 2WC, 68m2, 3,95 tỷ tại Xuân Phương Tasco, Nam Từ Liêm, HN hot","3,95 tỷ",68 m²,"58,09 tr/m²",2,2,"Xuân Phương, Nam Từ Liêm","21.0249623308903, 105.741395385484"
42262417,28/02/2025,"Cực hiếm, hoa hậu Golden Field: Lô góc, 3 ngủ, 110m, slot ô tô, thoáng+sáng+mát, giá hơn 6 tỷ.","6,4 tỷ",110 m²,"58,18 tr/m²",3,2,"Cầu Diễn, Nam Từ Liêm","21.035864108311923, 105.76564326135822"
42108873,28/02/2025,"Tôi cần bán chung cư Phùng Khoang căn góc 94m2, 2 ngủ, 2 vs nhỉnh 3 tỷ","3,5 tỷ",94 m²,"37,23 tr/m²",2,2,"Trung Văn, Nam Từ Liêm","20.98644350299171, 105.78833906930734"
42288414,28/02/2025,(Đẳng cấp)Em Linh xin mời khách căn Duplex 3N Roman Plaza sẵn sổ sân Vườn nội thất xịn giá 12tỷ9,"12,9 tỷ",130 m²,"99,23 tr/m²",3,2,"Đại Mỗ, Nam Từ Liêm","20.985066159417435, 105.77643910441499"
42287510,28/02/2025,Chuyển căn to bán nhanh 1PN + 1 43m2 hướng Đông Nam 2.930 tỷ tòa SA Vinhomes Smart,"2,93 tỷ",43 m²,"68,14 tr/m²",1,1,"Tây Mỗ, Nam Từ Liêm","21.005138264327773, 105.73838103114929"
42289271,28/02/2025,Chính chủ tôi bán căn 100m2 chỉ 5 tỷ - 2PN 2VS tại HH2 Bắc Hà. LH: 0364 079 ***,5 tỷ,100 m²,50 tr/m²,2,2,"Trung Văn, Nam Từ Liêm","20.997772521762425, 105.7944741762615"
42193439,28/02/2025,"Cần bán căn 2 ngủ An Lạc Phùng Khoang 75m2 Hướng mát NT cơ bản, giá 3.9 tỷ","3,9 tỷ",75 m²,52 tr/m²,2,N/A,"Trung Văn, Nam Từ Liêm","20.9868010150898, 105.788285504039"
42182569,28/02/2025,CCMN - Đường Trung Văn - Ngõ thông ô tô. Nhà đẹp chủ mới chỉ xách vali về ở,"1,88 tỷ",50 m²,"37,6 tr/m²",2,1,"Trung Văn, Nam Từ Liêm","20.98936805616, 105.78541680017"
41588331,27/02/2025,"Bán căn hộ chung cư tại C14 - Bộ Công An, giá 6,3 tỷ VND, diện tích 108m2, view đẹp","6,3 tỷ",108 m²,"58,33 tr/m²",3,2,"Trung Văn, Nam Từ Liêm","20.990812301635742, 105.7839126586914"
41363154,27/02/2025,Chính chủ cần bán gấp CH 2PN. DT 70m2. View KeangNam siêu đẹp tại dự án Vin SkyLake. Giá 5.1tỷ,"5,1 tỷ",68 m²,75 tr/m²,2,2,"Mỹ Đình 1, Nam Từ Liêm","21.02016830444336, 105.78075408935547"
42289014,27/02/2025,"Bán CC 50 m2, 2PN, 1WC tại Vinhomes Green Bay Mễ Trì, 3,55 tỷ. Cảm kết rẻ nhất thị trường","3,55 tỷ",49 m²,"72,45 tr/m²",2,1,"Mễ Trì, Nam Từ Liêm","20.998696735529617, 105.78846768863892"
42288963,27/02/2025,"Bán Căn hộ Chung cư Cao cấp Dolphin Plaza, 186m2, 4 ngủ, 3WC, 2 thoáng, Full nội thất xịn,Về ở luôn","12,8 tỷ",186 m²,"68,82 tr/m²",4,3,"Mễ Trì, Nam Từ Liêm","21.0117418244991, 105.776093912716"
42288970,27/02/2025,"Căn hộ chung cư sở hữu lâu dài tại Lê Đức Thọ 70m2 2PN giá 4.23 tỷ sổ đỏ, đầy đủ nội thất","4,23 tỷ",70 m²,"60,43 tr/m²",2,N/A,"Mỹ Đình 2, Nam Từ Liêm","21.03102035312596, 105.76812912221605"
42288873,27/02/2025,"Bán CC Masteri West Heights, căn A1116 view hồ, đã có bìa đỏ",6 tỷ,"60,3 m²","99,5 tr/m²",2,2,"Tây Mỗ, Nam Từ Liêm","21.006010398003216, 105.73764477204088"
42288498,27/02/2025,"Chính chủ cần bán căn 3PN dt 76m full đồ,giá 4.6 tỷ sẵn sổ giao dịch.","4,6 tỷ",76 m²,"60,53 tr/m²",3,2,"Tây Mỗ, Nam Từ Liêm","21.00877624231091, 105.74422857152061"
42282575,27/02/2025,"Bán căn hộ Sunshine Center phạm hùng , 3 phòng ngủ 103m, view đẹp, giá 7.x tỷ LH 0338 250 ***","7,7 tỷ",103 m²,"74,76 tr/m²",3,2,"Mỹ Đình 2, Nam Từ Liêm","21.01857031621571, 105.78128195981729"
42096368,27/02/2025,"Bán căn hộ chung cư An Sinh, Nguyễn Cơ Thạch, Nam Từ Liêm 84m, 3 ngủ, nhỉnh 5 tỷ. Căn Góc.","5,1 tỷ",84 m²,"60,71 tr/m²",3,2,"Mỹ Đình 1, Nam Từ Liêm","21.0206923524983, 105.762553545491"
39943622,27/02/2025,"Bán góc căn hoa hậu 3PN 2WC full nội thất tầng đẹp, view Hồ BC đông nam Sunshine Center 0983 918 ***","7,1 tỷ",104 m²,"68,27 tr/m²",4,3,"Mỹ Đình 2, Nam Từ Liêm","21.018648147583, 105.781791687012"
39462404,27/02/2025,"Em bán căn 74,3m bc đông nam, tầng đẹp , có sổ đỏ sẵn ,sang tên công chứng ngay, chủ thiện chí bán","5,3 tỷ","74,3 m²","71,33 tr/m²",2,2,"Cầu Diễn, Nam Từ Liêm","21.035105, 105.76554"
41231860,27/02/2025,Chính chủ bán gấp căn hộ 4N 136m2 tại dự án Lumi Hà Nội!,"10,8 tỷ",136 m²,"79,41 tr/m²",4,N/A,"Tây Mỗ, Nam Từ Liêm","21.01174904584139, 105.73532618667237"
40568054,27/02/2025,"Chính chủ cần bán căn hộ 2PN tại dự án chung cư cao cấp Vinhomes Gardenia. Giá 5,6 tỷ - 0904 969 ***","5,6 tỷ",80 m²,70 tr/m²,2,2,"Cầu Diễn, Nam Từ Liêm","21.0365676879883, 105.760482788086"
42287759,27/02/2025,"Bán gấp căn hộ 1PN + 1 /43m2 tòa G3 vị trí đắc địa, giá chỉ 2.760 tỷ bao phí; LH 0978 985 ***","2,76 tỷ",43 m²,"64,19 tr/m²",1,1,"Tây Mỗ, Nam Từ Liêm","21.00871719832691, 105.74391300305233"
40593991,27/02/2025,"Gấp cần bán nhanh căn hộ Garden Hill 99 Trần Bình Mỹ Đình. Là loại căn hộ cao cấp, bàn giao 2019","4,95 tỷ",88 m²,"56,25 tr/m²",3,2,"Mỹ Đình 2, Nam Từ Liêm","21.0304050445557, 105.777030944824"
41508130,27/02/2025,"Cần bán căn góc 3PN tòa CT2 Viettel The Light Tố Hữu, DT 127m2 giá thật 6,7 tỷ, sẵn sổ, đủ nội thất","6,7 tỷ",127 m²,"52,76 tr/m²",3,2,"Trung Văn, Nam Từ Liêm","20.9919475050647, 105.785098952729"
39957457,27/02/2025,"MHD Trung Văn - DT: 124m2, 3PN2VS hướng Đông Nam bàn giao thô giá 8.3 tỷ","8,3 tỷ",124 m²,"66,94 tr/m²",3,2,"Trung Văn, Nam Từ Liêm","20.991954803466797, 105.78510284423828"
42287249,27/02/2025,"Bán căn hộ Roman Plaza, Tố Hữu, Nam Từ Liêm. Dt 69,3m2, 2pn,2wc view đẹp giá 4,8 tỷ","4,8 tỷ","69,3 m²","69,26 tr/m²",2,2,"Đại Mỗ, Nam Từ Liêm","20.984126498594737, 105.77622595839593"
42287077,27/02/2025,"Chính chủ cần bán căn 3 ngủ tầng trung đẹp, nội thất đầy đủ về ở ngay, sổ đỏ lâu dài, có slot ô tô",6 tỷ,124 m²,"48,39 tr/m²",3,2,"Mỹ Đình 2, Nam Từ Liêm","21.0340766906738, 105.770355224609"
32307601,27/02/2025,Chính chủ bán gấp CH 100m2 duplex tại Vinhomes Gardenia giá 5.5 tỷ. LH 0981 614 *** (không qua MG),"5,5 tỷ",100 m²,55 tr/m²,3,2,"Cầu Diễn, Nam Từ Liêm","21.0365676879883, 105.760482788086"
42287067,27/02/2025,"Gia đình tôi cần bán căn hộ góc tầng đẹp, hướng mát mẻ, để lại đầy đủ nội thất, thiện chí bao sổ đỏ",4 tỷ,75 m²,"53,33 tr/m²",2,2,"Trung Văn, Nam Từ Liêm","20.9949004690016, 105.779943763778"
42286450,27/02/2025,"Chính chủ bán gấp căn 3PN - 121m2 chung cư An Sinh An Lạc - vị trí trung tâm Mỹ Đình. Giá 4,9 tỷ","4,9 tỷ","121,5 m²","40,33 tr/m²",3,2,"Cầu Diễn, Nam Từ Liêm","21.03505744913741, 105.76280237006303"
42286950,27/02/2025,"Bán căn hộ chung cư Hateco Xuân Phương 63m, 2 ngủ chỉ hơn 3 tỷ","3,95 tỷ",63 m²,"62,7 tr/m²",2,1,"Phương Canh, Nam Từ Liêm","21.035458477147834, 105.74971164263808"
42282124,27/02/2025,Qũy căn hộ giá tốt nhất dự án Vinhomes Smart City của công ty Thành Phát Land - Em Đạt: 0395 125 ***,"3,25 tỷ",43 m²,"75,58 tr/m²",2,2,"Tây Mỗ, Nam Từ Liêm","21.004805047409924, 105.73919934449025"
42128957,27/02/2025,"Bán căn 4PN siêu vip 156m2 chung cư Xuân Phương Quốc Hội full NT sang, xịn, mới. LH 0916 820 ***",Giá thỏa thuận,156 m²,N/A,4,3,"Xuân Phương, Nam Từ Liêm","21.03098785269985, 105.75493614035517"
42285687,27/02/2025,Mỹ Đình Pearl - siêu căn hộ 3 phòng ngủ - view hồ - full nội thất - ở ngay,"9,25 tỷ","93,9 m²","98,51 tr/m²",3,2,"Phú Đô, Nam Từ Liêm","21.012771761977074, 105.76742173030999"
42286421,27/02/2025,"CC cần bán căn 1N+ 43m2 full đồ, tại Vinhomes smart city giá 2.9 tỷ","2,9 tỷ",43 m²,"67,44 tr/m²",2,1,"Tây Mỗ, Nam Từ Liêm","21.0087960012734, 105.743960938784"
42286093,27/02/2025,"Bán căn hộ Ecolife Capitol, 6,8 tỷ, 113m2, 3PN, 2WC, pháp lý đầy đủ","6,8 tỷ",113 m²,"60,18 tr/m²",3,2,"Trung Văn, Nam Từ Liêm","20.99456898116131, 105.78933446699196"
42285744,27/02/2025,"Chính chủ gửi bán căn 2 phòng ngủ full nội thất chung cư FLC 18 giá 2,7 tỷ LH: 0977 986 ***","2,7 tỷ",50 m²,54 tr/m²,2,2,"Mỹ Đình 2, Nam Từ Liêm","21.0295124053955, 105.779083251953"
41992223,27/02/2025,"Bán căn hộ 2PN1WC 60m2 toà Solar Park, Smart City, NTL. HN","3,6 tỷ","54,5 m²","66,06 tr/m²",2,2,"Tây Mỗ, Nam Từ Liêm","21.008258586669612, 105.74426954513916"
41271874,27/02/2025,"Chính chủ cần bán căn 2 ngủ cộng 1 64m2 tại toà Imperia Smart City full nội thất 3,9 tỷ","3,9 tỷ",64 m²,"60,94 tr/m²",2,2,"Tây Mỗ, Nam Từ Liêm","20.999277114868164, 105.73811340332031"
41271974,27/02/2025,"Chính chủ cần bán căn 3 ngủ 75,6m2 tại toà Imperia Smart City full nội thất 4,3 tỷ","4,3 tỷ","75,6 m²","56,88 tr/m²",3,2,"Tây Mỗ, Nam Từ Liêm","20.999277114868164, 105.73811340332031"
41271661,27/02/2025,"Chính chủ cần bán căn 1ngủ cộng 43m2 tại toà Imperia Smart City full nội thất 2,8 tỷ","2,8 tỷ",43 m²,"65,12 tr/m²",1,1,"Tây Mỗ, Nam Từ Liêm","20.999277114868164, 105.73811340332031"
41316376,27/02/2025,"Chính chủ cần bán chuyển nhượng căn Studio 30m2 tại Masteri West Heights 1,8 tỷ","1,8 tỷ",30 m²,60 tr/m²,N/A,N/A,"Tây Mỗ, Nam Từ Liêm","21.006206512451172, 105.73707580566406"
41376565,27/02/2025,"(Chính chủ) bán căn hộ duplex view đẹp, hướng ĐN tại RoMan Plaza 180m2 (4PN - 3WC). Giá 14 tỷ",14 tỷ,180 m²,"77,78 tr/m²",4,3,"Đại Mỗ, Nam Từ Liêm","20.984456236784414, 105.77757812370228"
40045611,27/02/2025,"Cắt lỗ căn 3PN Lumi Hà Nội tại Đại Lộ Thăng Long của CĐT Capitaland. 8.1 tỷ/96,5m2. View bể bơi","8,1 tỷ","96,5 m²","83,94 tr/m²",3,2,"Tây Mỗ, Nam Từ Liêm","21.0115852355957, 105.73583984375"
41655386,27/02/2025,GĐ cần bán căn góc 137m2 (4N3VS) hướng ĐN tại dự án Roman Plaza Tố Hữu. Giá 9tỷ. LH 0336 927 ***,9 tỷ,137 m²,"65,69 tr/m²",4,3,"Đại Mỗ, Nam Từ Liêm","20.98434066772461, 105.77680969238281"
42286286,27/02/2025,"Bán căn hộ chung cư view đẹp, giá tốt tại The Emerald CT8 Mỹ Đình, 5,9 tỷ, 82 m2","5,9 tỷ",82 m²,"71,95 tr/m²",2,2,"Mỹ Đình 1, Nam Từ Liêm","21.0222219890662, 105.771691828568"
38789209,27/02/2025,"Bán căn góc tòa B1 chung cư Roman Plaza Tố Hữu, 101m2, nhà sửa đẹp giá 6.8 tỷ. LH: 0987 459 ***","5,35 tỷ",78 m²,"68,59 tr/m²",3,2,"Đại Mỗ, Nam Từ Liêm","20.9843406677246, 105.776809692383"
41841185,27/02/2025,"Tôi chính chủ cần bán CH 78m2 sửa đẹp CC Roman Plaza, full nội thất. Giá nhỉnh 5 tỷ LH: 0987 459 ***",5 tỷ,78 m²,"64,1 tr/m²",2,2,"Đại Mỗ, Nam Từ Liêm","20.984349104884263, 105.77681635132028"
41281059,27/02/2025,"Chính chủ cần bán căn 2 phòng ngủ cộng 1 64,6 m2 tại toà The Sapphire full nội thất 3,3 tỷ","3,3 tỷ","64,6 m²","51,08 tr/m²",2,2,"Tây Mỗ, Nam Từ Liêm","21.0062160491943, 105.736473083496"
42265031,27/02/2025,"Tôi cần bán căn hộ 126m2 (3PN) Tây Hà Tower 19 Tố Hữu, nhà vuông vắn, đầy đủ đồ, giá chỉ 5,5 tỷ",6 tỷ,126 m²,"47,62 tr/m²",3,2,"Trung Văn, Nam Từ Liêm","20.996323793739773, 105.7933468763109"
42265347,27/02/2025,"Căn hộ giá tốt cuối cùng tại Golden Palace Mễ Trì.Tầng trung, DT: 128m2, 3PN-Hiếm, Cam kết ko ảo",Giá thỏa thuận,128 m²,N/A,3,2,"Mễ Trì, Nam Từ Liêm","21.011852777505485, 105.77451406063636"
42285986,27/02/2025,"Hot bán CH Sunshine Center, Phạm Hùng, Mỹ Đình 2, Nam Từ Liêm, Hà Nội, 7,3 tỷ, 102m2 Chính chủ","7,3 tỷ",102 m²,"71,57 tr/m²",3,2,"Mỹ Đình 2, Nam Từ Liêm","21.018488034055256, 105.78153339560112"
42285494,27/02/2025,"Bán gấp căn Đông Nam 2PN, 74m2, đủ đồ, giá rẻ tại chung cư Golden Field, Hàm Nghi. LH: 0968 748 ***",Giá thỏa thuận,74 m²,N/A,2,2,"Cầu Diễn, Nam Từ Liêm","21.03526031432819, 105.76557558535445"
41140590,27/02/2025,"Chuyển nhượng căn hộ 2 ngủ 64,4m2 toà G3 tầng 26 dự án Sola Park, Vin Smart City","4,1 tỷ","64,4 m²","63,66 tr/m²",2,2,"Tây Mỗ, Nam Từ Liêm","21.008852005004883, 105.74391937255859"
42285604,27/02/2025,Cực hiếm! Chung cư căn góc - 104m2 - 3PN - nội thất nhập khẩu - chỉ 10.5 tỷ,"10,5 tỷ",104 m²,"100,96 tr/m²",3,2,"Mỹ Đình 2, Nam Từ Liêm","21.033776148605984, 105.77031110065181"
42166737,27/02/2025,"Cần bán 2N1WC 55.1m2, 2.9 tỷ, tầng trung, sẵn sổ, thiện chí có thương lượng thêm","2,9 tỷ","55,1 m²","52,63 tr/m²",N/A,N/A,"Tây Mỗ, Nam Từ Liêm","21.006735032991678, 105.73713824421375"
40894440,27/02/2025,"Chính chủ bán gấp trong tháng căn hộ 2PN - 2WC, tòa G2 Vinhomes Green Bay giá 4,2tỷ. LH 0869 181 ***","4,2 tỷ",70 m²,60 tr/m²,2,2,"Mễ Trì, Nam Từ Liêm","20.9989585876465, 105.788032531738"
40145091,27/02/2025,"Chính chủ bán gấp trong tuần CH 3PN - 2WC, DT 93,3m2, tòa G2 CC Vinhomes Green Bay, giá 6 tỷ",6 tỷ,"93,3 m²","64,31 tr/m²",3,2,"Mễ Trì, Nam Từ Liêm","20.9989585876465, 105.788032531738"
41161801,27/02/2025,"Chính chủ cần bán gấp căn hộ 2PN - 2WC tại Mỹ Đình Pearl. DT 79m2. Giá 4.5 tỷ, LH: 0869 181 ***","4,5 tỷ","79,1 m²","56,89 tr/m²",2,2,"Phú Đô, Nam Từ Liêm","21.012432098388672, 105.76739501953125"
42285221,27/02/2025,"Bán CC The Emerald CT8 Mỹ Đình, giá ưu đãi 5,9 tỷ, 82m2, 2PN, 2WC","5,9 tỷ",82 m²,"71,95 tr/m²",2,2,"Mỹ Đình 1, Nam Từ Liêm","21.022377412818738, 105.77253150199121"
42187094,27/02/2025,"Bán căn view hồ siêu đẹp tại Tây Hà Tower - 19 Tố Hữu. DT 90m2, 3N2VS full đồ. Giá 5,2tỷ 0866 839 ***","5,2 tỷ",90 m²,"57,78 tr/m²",3,2,"Trung Văn, Nam Từ Liêm","20.996288788172105, 105.79330667269095"
42285280,27/02/2025,"Chuyển công tác cần bán CT3 Trung Văn, 108m2, Lô góc, 3 ngủ, view cực thoáng. 5.8 tỷ","5,8 tỷ",108 m²,"53,7 tr/m²",3,2,"Trung Văn, Nam Từ Liêm","20.992172564950465, 105.7886566362024"
40115917,27/02/2025,"Chính chủ cần bán gấp CH 2PN - 2WC tại CC Vinhomes Green Bay, DT 71.9m2, giá 4 tỷ. LH 0869 181 ***",4 tỷ,"71,9 m²","55,63 tr/m²",2,2,"Mễ Trì, Nam Từ Liêm","20.9989585876465, 105.788032531738"
42284953,27/02/2025,"Chính chủ gửi bán căn hộ chung cư The Emerald, giá cực tốt. LH 0902 872 ***","5,9 tỷ",81 m²,"72,84 tr/m²",2,2,"Mỹ Đình 1, Nam Từ Liêm","21.02214683404359, 105.77164629455383"
41788031,27/02/2025,Tôi chính chủ cần bán gấp căn hộ 3PN 75.6m2 giá chỉ 4.3 tỷ. LH: 0963 877 ***,"4,3 tỷ","75,6 m²","56,88 tr/m²",3,2,"Tây Mỗ, Nam Từ Liêm","21.006535602323634, 105.74497927674685"
42285062,27/02/2025,Chính chủ bán siêu phẩm Dolphin Plaza 133m2 - 3 ngủ + 1 đa năng + 3WC full nội thất cao cấp như ảnh,Giá thỏa thuận,133 m²,N/A,4,3,"Mỹ Đình 2, Nam Từ Liêm","21.03081819269511, 105.77664481271928"
41749600,27/02/2025,Chính chủ bán nhanh căn 3PN full nội thất xịn 100.7m2 NO CT2 The Zei Lê Đức Thọ,9 tỷ,"100,7 m²","89,37 tr/m²",3,N/A,"Mỹ Đình 2, Nam Từ Liêm","21.0340825876731, 105.769513597481"
41640472,27/02/2025,"Chính chủ bán căn hộ chia thành 2 ngủ 1VS, full đồ đẹp, mới tinh, xịn xò tại Vinhomes Smart City",Giá thỏa thuận,48 m²,N/A,2,1,"Tây Mỗ, Nam Từ Liêm","21.008962631225586, 105.74391174316406"
41656696,27/02/2025,"Bán căn hộ chung cư cao cấp Bonanza, thiết kế 2PN, Diện tích 72m2, Giá 6,2 tỷ. LH: 0862 411 ***","6,2 tỷ",72 m²,"86,11 tr/m²",2,2,"Mỹ Đình 2, Nam Từ Liêm","21.031171798706055, 105.78099822998047"
42284402,27/02/2025,"Chủ đầu tư mở bán CCMN 1- 2PN, DT 32 - 55m2, giá từ 1,35 tỷ tại Thiên Hiền, Mỹ Đình 1, Vào Ở Ngay","1,35 tỷ",55 m²,"24,54 tr/m²",2,1,"Mỹ Đình 1, Nam Từ Liêm","21.0223437344796, 105.776335467195"
41203912,27/02/2025,"Chính chủ bán căn hộ 3 phòng ngủ giá 7 tỷ The Light, đường Tố Hữu, DT 130m2, đầy đủ nội thất",7 tỷ,130 m²,"53,85 tr/m²",3,2,"Trung Văn, Nam Từ Liêm","20.992964546072507, 105.7882719808444"
42280866,27/02/2025,"Chủ nhà rất thiện chí bán căn hộ Tonkin 2PN 2VS, 71m2 thông thủy, full nội thất, 5,5 tỷ","5,5 tỷ",71 m²,"77,46 tr/m²",2,2,"Tây Mỗ, Nam Từ Liêm","21.005204129855603, 105.73893524009702"
41204328,27/02/2025,"Chính chủ bán căn hộ 2 ngủ giá 4,5 tỷ dự án C37 Bắc Hà Tower, Tố Hữu, DT 84m2, đầy đủ đồ","4,5 tỷ",84 m²,"53,57 tr/m²",2,2,"Trung Văn, Nam Từ Liêm","20.9968299865723, 105.793838500977"
41166211,27/02/2025,"Chính chủ bán căn hộ 3 ngủ 125m2, tại Tây Hà Tower, Tố Hữu giá 5,5 tỷ VND, full nội thất đẹp","5,5 tỷ",125 m²,44 tr/m²,3,2,"Trung Văn, Nam Từ Liêm","20.996280670166016, 105.79325103759766"
38047257,27/02/2025,"Chính chủ bán căn hộ 2 ngủ Mỹ Đình Plaza 2, Nguyễn Hoàng, DT: 72m2, giá 4.3 tỷ đủ đồ","4,3 tỷ",72 m²,"59,72 tr/m²",2,2,"Mỹ Đình 2, Nam Từ Liêm","21.0310840606689, 105.774566650391"
41167531,27/02/2025,"Chính chủ Bán căn hộ 3 phòng ngủ giá 6 tỷ tại Mỹ Đình Plaza 2, Nguyễn Hoàng, DT 103m2, đủ đồ",6 tỷ,103 m²,"58,25 tr/m²",3,2,"Mỹ Đình 2, Nam Từ Liêm","21.0311720497656, 105.77435892945"
42282698,27/02/2025,"Cần bán căn hộ 135m2 chung cư Iris Garden, full đồ đẹp, giá tốt 8 tỷ lh 0338 250 ***",8 tỷ,135 m²,"59,26 tr/m²",3,2,"Cầu Diễn, Nam Từ Liêm","21.03117140177767, 105.76074221312328"
33531206,27/02/2025,Bán CH tòa C5 mặt đường Nguyễn Cơ Thạch Mỹ Đình 1 DT 80m2 nhà đẹp 3 ngủ 2 VS Full NT SĐCC,"4,75 tỷ",80 m²,"59,38 tr/m²",2,2,"Cầu Diễn, Nam Từ Liêm","21.034912109375, 105.764404296875"
38680491,27/02/2025,"Chính chủ bán căn hộ 2 ngủ The Garden Hill, 99 Trần Bình, DT: 80m2, giá 4,4 tỷ, đầy đủ nội thất","4,4 tỷ",80 m²,55 tr/m²,2,2,"Mỹ Đình 2, Nam Từ Liêm","21.030405, 105.77703"
34932848,27/02/2025,"Bán CH toà C7 đường Trần Hữu Dực Mỹ Đình 1, DT: 105m2 nhà đẹp 3 ngủ 2 VS full nội thất SĐCC","5,9 tỷ",105 m²,"56,19 tr/m²",3,2,"Cầu Diễn, Nam Từ Liêm","21.034912109375, 105.764404296875"
42284326,27/02/2025,Chính chủ bán CHCC tòa CT2B mễ trì hạ 2 ban công Nam Từ Liêm HN ( 0869 688 ***),4 tỷ,70 m²,"57,14 tr/m²",2,2,"Mễ Trì, Nam Từ Liêm","21.015494577567058, 105.78270999605762"
42284239,27/02/2025,"Bán CH 70m,2pn2wc tại chung cư Mỹ Đình Plaza 2, Nguyễn Hoàng, Mỹ Đình.Giá 5.1 tỷ(giá chính xác)","4,9 tỷ",70 m²,70 tr/m²,2,2,"Mỹ Đình 2, Nam Từ Liêm","21.03181832832685, 105.77407883734548"
40789298,27/02/2025,"HD Mon chỉ 5,1 tỷ căn góc 67m2 đầy đủ nội thất sổ đỏ có sẵn cần bán nhanh trong tháng","5,1 tỷ",67 m²,"76,12 tr/m²",2,2,"Mỹ Đình 2, Nam Từ Liêm","21.035120010376, 105.767433166504"
42283925,27/02/2025,Bán căn hộ 2pn. 2vs flc phạm hùng.,"3,5 tỷ",60 m²,"58,33 tr/m²",2,3,"Mỹ Đình 2, Nam Từ Liêm","21.029514439128075, 105.77924750231837"
42218938,27/02/2025,"Cần bán căn 1PN+ tòa Mas C hướng Đông Nam view Aeon, nguyên bản tầng 2x view cực đẹp","3,45 tỷ",42 m²,"82,14 tr/m²",1,1,"Tây Mỗ, Nam Từ Liêm","21.006437566654284, 105.73652833895619"
42169095,27/02/2025,"An Bình Plaza, nhà sẵn sổ, Căn góc 3PN 2VS, 84m2, Đông Nam, đồ cơ bản cần bán gấp trong tháng","5,75 tỷ",83 m²,"69,28 tr/m²",3,2,"Mỹ Đình 2, Nam Từ Liêm","21.0312639313733, 105.77760966522469"
41627978,27/02/2025,Cần vốn đầu tư bán gấp căn 2 ngủ 54.8m2 tòa S202 giá 3 tỷ bao phí(giá chuẩn),3 tỷ,"54,8 m²","54,74 tr/m²",2,1,"Tây Mỗ, Nam Từ Liêm","21.006216049194336, 105.7364730834961"
42283392,27/02/2025,"Chuyển nhượng căn 1PN + 47,9m2, tầng 18 view hướng Đông Nam, dự án The Victoria, Vin Smart City","3,56 tỷ","47,9 m²","74,32 tr/m²",1,1,"Tây Mỗ, Nam Từ Liêm","21.008551961946093, 105.74412416899372"
40293546,27/02/2025,Chính chủ bán 2PN View Công Viên giá chỉ 6.480 tỷ tốt nhất thị trường. LH - 0966 874 ***,"6,5 tỷ","72,6 m²","89,53 tr/m²",2,2,"Phú Đô, Nam Từ Liêm","21.0124320983887, 105.767395019531"
41501506,27/02/2025,"Chính chủ gửi bán căn Dolphin Plaza 152m2 2PN + 1 kho full nội thất đẹp, ban công thoáng hướng mát","8,6 tỷ",152 m²,"56,58 tr/m²",2,2,"Mỹ Đình 2, Nam Từ Liêm","21.030044555664062, 105.77662658691406"
42283268,27/02/2025,"Bán căn hộ 2PN tại Imperia Sola Park, 3,3 tỷ, 48m2, giá ưu đãi","3,3 tỷ",48 m²,"68,75 tr/m²",2,N/A,"Tây Mỗ, Nam Từ Liêm","21.00817988955877, 105.74451817170547"
42093243,27/02/2025,Chính chủ bán căn hộ 2 phòng ngủ chung cư Golden Fiel Mỹ đình Nam từ Liêm giá tốt,"4,5 tỷ",70 m²,"64,29 tr/m²",2,2,"Cầu Diễn, Nam Từ Liêm","21.035183032774505, 105.76550049886382"
42184493,27/02/2025,"Chính chủ bán căn hộ Florence 28 Trần Hữu Dực căn hộ 3 phòng ngủ, 83m2 đầy đủ nội thất",6 tỷ,83 m²,"72,29 tr/m²",3,2,"Cầu Diễn, Nam Từ Liêm","21.03065734414238, 105.76084668502797"
42283173,27/02/2025,"Bán căn hộ chung cư tại Iris Garden, Trần Hữu Dực, Cầu Diễn, Nam Từ Liêm, Hà Nội, 13 tỷ, 186m2",13 tỷ,186 m²,"69,89 tr/m²",4,4,"Cầu Diễn, Nam Từ Liêm","21.031947916306688, 105.76046810552248"
41711599,27/02/2025,"Tôi chính chủ cần bán CH 3PN - 86m2, full nội thất, ban công Đông Nam. Giá 6,3 tỷ LH 0966 432 ***","6,3 tỷ",86 m²,"73,26 tr/m²",2,N/A,"Mỹ Đình 2, Nam Từ Liêm","21.035120010375977, 105.76743316650391"
42132063,27/02/2025,"Tổng hợp quỹ căn Vinhomes West Point 1PN giá 3,4 tỷ, 2PN giá 5 tỷ, 3PN giá 6,9 tỷ, 4PN giá 8,8 tỷ",5 tỷ,70 m²,"71,43 tr/m²",2,2,"Mễ Trì, Nam Từ Liêm","21.0115284528557, 105.78688777901"
41230606,27/02/2025,"Bán căn hộ 1N - 42m2 LumiHanoi, Nam Từ Liêm, Hà Nội giá bao phí","3,35 tỷ",42 m²,"79,76 tr/m²",1,N/A,"Tây Mỗ, Nam Từ Liêm","21.0115852355957, 105.73583984375"
42104657,27/02/2025,Cần bán CH 2pn2wc - SA5 Vinhomes Smart City,"4,1 tỷ","54,7 m²","74,95 tr/m²",2,2,"Tây Mỗ, Nam Từ Liêm","21.004653742846898, 105.73930953498086"
42282906,27/02/2025,"Bán CC mini 2PN, 1WC tại Mỹ Đình, 49m2, giá siêu hời 1,8 tỷ, Nam Từ Liêm, HN","1,8 tỷ",49 m²,"36,74 tr/m²",2,1,"Mỹ Đình 1, Nam Từ Liêm","21.0237172662332, 105.774156954702"
42180117,27/02/2025,"Chính chủ cần bán gấp căn 3PN 107m2 toà S5, tầng 1X, giá chỉ nhỉnh 8 tỉ. LH 0988 020 ***",Giá thỏa thuận,107 m²,N/A,3,2,"Tây Mỗ, Nam Từ Liêm","21.0115852355957, 105.73583984375"
42283083,27/02/2025,"Bán căn hộ Hoàng Thành Pearl, 80m2, 6 tỷ VND, 2PN, 2WC, Cầu Diễn, Nam Từ Liêm, Hà Nội",6 tỷ,80 m²,75 tr/m²,2,2,"Cầu Diễn, Nam Từ Liêm","21.03974764751505, 105.76109992733026"
42283031,27/02/2025,Bán căn hộ chung cư Sudico Mỹ Đình Sông Đà diện tích 112m2 Giá chào bán 6tỷ và 139m2 giá chào 7 tỷ,6 tỷ,112 m²,"53,57 tr/m²",4,3,"Mỹ Đình 1, Nam Từ Liêm","21.0179825791951, 105.779722320855"
41377508,27/02/2025,"Bán căn 3 ngủ Golden Palace 120m2, 2 mặt thoáng - hàng hiếm! Full NT, gía 6.9xx tỉ cực tốt",Giá thỏa thuận,120 m²,N/A,3,2,"Mễ Trì, Nam Từ Liêm","21.011936187744141, 105.77499389648438"
42282878,27/02/2025,"Bán gấp căn hộ chung cư Iris Garden, Trần Hữu Dực, Cầu Diễn, Nam Từ Liêm, giá 7,9 tỷ, 135 m2","7,9 tỷ",135 m²,"58,52 tr/m²",3,2,"Cầu Diễn, Nam Từ Liêm","21.030666932042436, 105.75985068825457"
41943556,27/02/2025,"Nhận nhà đón tết! bán căn hộ Mỹ Đình - Trần Bình, Hà Nội 33m2 52m255m2 giá tốt từ 950tr/ căn, sổ đỏ",Giá thỏa thuận,52 m²,N/A,2,1,"Mỹ Đình 1, Nam Từ Liêm","21.0293364453102, 105.77523306"
42282711,27/02/2025,"Bán CC Vinhomes Gardenia, 6,17 tỷ, 75m2, 2PN, 2WC, pháp lý đầy đủ, hướng Đông Nam","6,17 tỷ",75 m²,"82,27 tr/m²",2,2,"Cầu Diễn, Nam Từ Liêm","21.036671528322987, 105.76095738885608"
42275855,27/02/2025,"Chính chủ cần bán gấp căn 3 ngủ Dolphin Plaza, Hà NộiDT 135 m2,Giá 7,5 tỷ,sẵn sổ full nội thất","7,5 tỷ",135 m²,"55,56 tr/m²",3,2,"Mỹ Đình 2, Nam Từ Liêm","21.030467274535752, 105.77703149071688"
41273138,27/02/2025,Cần bán nhanh căn hộ hiếm 54.4m2 có 2 ngủ 2WC toà G1 và G3 toà Sola Park của CĐT MIK,"3,75 tỷ","54,4 m²",69 tr/m²,2,2,"Tây Mỗ, Nam Từ Liêm","21.008852005004883, 105.74391937255859"
42250123,27/02/2025,"Siêu hot căn hộ 2PN tại Vinhomes Smart City, 4,4 tỷ, 65m2","4,4 tỷ",65 m²,"67,69 tr/m²",2,2,"Tây Mỗ, Nam Từ Liêm","21.00871667304874, 105.74444729342162"
42268936,27/02/2025,"Vợ chồng em bán CH ecolife tố hữu 103m2 3 ngủ căn góc view thoáng,giá rẻ,sẵn sổ.LH:0987 362 ***","6,7 tỷ",103 m²,"65,05 tr/m²",3,2,"Trung Văn, Nam Từ Liêm","20.995171751114643, 105.7891518491842"
29160398,27/02/2025,"Bán nhanh căn hộ 107m2, 118m2, 160m2 tại chung cư KeangNam giá hợp lý nhất. LH: 0986 270 ***",Giá thỏa thuận,107 m²,N/A,3,2,"Mễ Trì, Nam Từ Liêm","21.016849517822266, 105.78397369384766"
42282041,27/02/2025,Cực hiếm căn hộ 2PN - Hateco đường 70 - nhà đẹp nội thất vào ở ngay - có hỗ trợ vay bank,"3,1 tỷ","55,4 m²","55,96 tr/m²",2,1,"Phương Canh, Nam Từ Liêm","21.0354884832528, 105.749291588668"
42281755,27/02/2025,"SỞ HỮU TỔ ẤM ƯỚC MƠ CHỈ VỚI 3,9 TỶ CHO CĂN 2PN+1 64M2 VIN SMART. 0961 522 ***","3,9 tỷ",64 m²,"60,94 tr/m²",2,2,"Tây Mỗ, Nam Từ Liêm","21.00964015435815, 105.74431598203456"
25639733,27/02/2025,"Bán căn 05 tòa A3 chung cư Vinhomes Gardenia Hàm Nghi, DT 145m2, 4PN, view đẹp LH 0982 402 ***",Giá thỏa thuận,145 m²,N/A,4,N/A,"Cầu Diễn, Nam Từ Liêm","21.0365676879883, 105.760482788086"
42205344,27/02/2025,"Bán căn hộ chung cư Vinhomes Smart Tây Mỗ Toà SA3 DT81m 5,150 tỷ","5,15 tỷ",81 m²,"63,58 tr/m²",3,2,"Tây Mỗ, Nam Từ Liêm","21.005010576457934, 105.73808680966064"
42282018,27/02/2025,"Chính chủ gửi bán căn hộ A3 101m - 3 ngủ chung cư Ecolife, 58 Tố Hữu. Giá hơn 4 tỷ. LH 0914 333 ***","4,5 tỷ",101 m²,"44,55 tr/m²",3,2,"Trung Văn, Nam Từ Liêm","20.994166552402397, 105.78857675068616"
41647318,27/02/2025,Cần tiền bán gấp căn hộ chung cư 3 phòng ngủ toà CT8 The Emerald Đình Thôn 0985 555 ***,7 tỷ,98 m²,"71,43 tr/m²",3,2,"Mỹ Đình 1, Nam Từ Liêm","21.022161483764648, 105.77179718017578"
34814263,27/02/2025,Chính chủ cần bán căn hộ 24.10 toà S3 Skylake Phạm Hùng. DT 65m2. 2PN. 2VS 0985 555 ***,"7,2 tỷ",65 m²,"110,77 tr/m²",2,2,"Mỹ Đình 1, Nam Từ Liêm","21.0201683044434, 105.780754089355"
42281540,27/02/2025,Mở bán Căn hộ The Charm An Hưng Tố Hữu Chuẩn bị bàn giao căn hộ,"5,4 tỷ",72 m²,75 tr/m²,2,2,"Đại Mỗ, Nam Từ Liêm","20.983753267638644, 105.77618561863343"
42281546,27/02/2025,"Bán căn hộ 2PN, 2WC tại Roman Plaza, Tố Hữu, Đại Mỗ, Nam Từ Liêm, giá 5,5 tỷ","5,5 tỷ",76 m²,"72,37 tr/m²",2,2,"Đại Mỗ, Nam Từ Liêm","20.9847778632975, 105.777388837504"
42130643,27/02/2025,E Sinh chuyên bán CC HD MOn đang có quỹ căn chính chủ giá tốt nhất thị trường .Giá từ 3.8 tỷ,"4,8 tỷ",67 m²,"71,64 tr/m²",2,2,"Mỹ Đình 2, Nam Từ Liêm","21.035104607151823, 105.76764704592014"
42281391,27/02/2025,"BÁN 2N+1, CĂN GÓC, TẦNG THẤP G2 SOLAPARK SMART CITY","4,5 tỷ","63,6 m²","70,76 tr/m²",2,2,"Tây Mỗ, Nam Từ Liêm","21.009238335647584, 105.74380299808595"
42137537,27/02/2025,Chính chủ cần bán nhanh CHCC tòa CT5B Mễ Trì Thượng 110m2 Nam Từ Liêm Hà Nội (0869 688 ***),"4,99 tỷ",110 m²,"45,36 tr/m²",3,2,"Mễ Trì, Nam Từ Liêm","21.005222319973534, 105.7797271407218"
42281392,27/02/2025,"Bán CC view đẹp tại The Canopy Residences - Vinhomes Smart City, 4,5 tỷ, 65,5 m2","4,5 tỷ","65,5 m²","68,7 tr/m²",2,2,"Tây Mỗ, Nam Từ Liêm","21.000844882163292, 105.73911312070516"
41672397,27/02/2025,"Cần bán căn hộ chung cư - Tòa C7 Trần Hữu Dực, DT 105m2, 3PN, sửa đẹp, LH Ms Trang 0981 245 ***",Giá thỏa thuận,105 m²,N/A,3,2,"Cầu Diễn, Nam Từ Liêm","21.034912109375, 105.764404296875"
41922051,27/02/2025,"Cần bán chung cư tòa Vinaconex 7 Hàm Nghi, dt 86m2, 2pn, 2 vs, giá TT, lh Ms Trang 0981 245 ***",Giá thỏa thuận,86 m²,N/A,2,2,"Cầu Diễn, Nam Từ Liêm","21.0339372107111, 105.760562789927"
42173385,27/02/2025,CHÍNH CHỦ CẦN BÁN GẤP CHCC VOV MỄ TRÌ - NHÀ ĐẸP FULL NỘI THẤT - GIÁ RẺ NHẤT THỊ TRƯỜNG,"3,85 tỷ",62 m²,"62,1 tr/m²",2,1,"Mễ Trì, Nam Từ Liêm","20.99529345508765, 105.78440879003975"
40425659,27/02/2025,"Bán căn hộ 03PN tòa chung cư Golden Field - 24 Nguyễn Cơ Thạch, Hướng Mát, View Thoáng. Giá Tốt","7,3 tỷ",112 m²,"65,18 tr/m²",2,2,"Cầu Diễn, Nam Từ Liêm","21.0351047515869, 105.76554107666"
42267398,27/02/2025,"Chính chủ bán căn 2n2vs 67m2 ở HD Mon chỉ nhỉnh 4 tỷ, view ĐN thoáng mát, tầng trung. LH 0961 614 ***",Giá thỏa thuận,67 m²,N/A,2,2,"Mỹ Đình 2, Nam Từ Liêm","21.035096738697092, 105.76742833431872"
40512087,27/02/2025,"Bán CH 100m2 4N 2W giá 7 tỷ tòa C37 Bộ Công An - Bắc Hà Tower, Phố Tố Hữu, Quận Nam Từ Liêm HN",7 tỷ,100 m²,70 tr/m²,4,2,"Trung Văn, Nam Từ Liêm","20.9964221773119, 105.793889640797"
42281139,27/02/2025,"Tổng hợp hơn 50 căn hộ cần bán tại The Matrix One, giá tốt diện tích 86m2 112m2, 114m2 0978 606 ***",Giá thỏa thuận,112 m²,N/A,3,2,"Mễ Trì, Nam Từ Liêm","21.009686835905786, 105.77353788884994"
42281086,27/02/2025,"(Mới) Chính chủ gửi bán căn Penthouse, Mỹ Đình Pearl DT 400m2 giá tốt xem nhà LH. 0978 606 ***",50 tỷ,400 m²,125 tr/m²,4,4,"Phú Đô, Nam Từ Liêm","21.0124320983887, 105.767395019531"
40464589,27/02/2025,"Bán CH Vinaconex 7 Nguyễn Văn Giáp DT 110m2 - 3PN - full NT đẹp SĐCC, giá 5, X tỷ: 0971 085 ***","5,25 tỷ",110 m²,"47,73 tr/m²",3,2,"Cầu Diễn, Nam Từ Liêm","21.03388786315918, 105.75962829589844"
42280681,27/02/2025,"Chung cư Mỹ Đình, 789 Bộ Quốc Phòng, nội thất long lanh, 4,25 tỷ.","4,25 tỷ",76 m²,"55,92 tr/m²",2,2,"Mỹ Đình 1, Nam Từ Liêm","21.024753412808085, 105.77217520468278"
42280950,27/02/2025,"Chính chủ cần bán căn 3N2VS phân khu Imperia, DT 82m2 hướng ĐN, full nội thất đẹp. LH 0969 402 ***","5,2 tỷ",82 m²,"63,42 tr/m²",3,2,"Tây Mỗ, Nam Từ Liêm","20.99921899982154, 105.73836691294912"
42280914,27/02/2025,"Bán căn 3PN diện tích 109m2 chung cư An Sinh, Hàm Nghi. Giá 5,45 tỷ. Liên hệ: 0966 761 ***","5,45 tỷ",109 m²,50 tr/m²,3,2,"Cầu Diễn, Nam Từ Liêm","21.034767482707196, 105.7626231094528"
41258080,27/02/2025,"Quỹ ngoại giao Capital Elite - 18 Phạm Hùng nhận nhà Q1/2025, full nội thất liền tường cao cấp","10,96 tỷ",126 m²,87 tr/m²,3,N/A,"Mỹ Đình 2, Nam Từ Liêm","21.0185661315918, 105.781684875488"
41126419,27/02/2025,Bán căn hộ 4 phòng ngủ CT8 - The Emerald đẹp + view ngắm pháo hoa | Bán gấp - giá 9 tỉ thương lượng,Giá thỏa thuận,124 m²,N/A,4,3,"Mỹ Đình 1, Nam Từ Liêm","21.0221614837646, 105.771797180176"
41301757,27/02/2025,"Chính chủ cần bán CHCC Lumiere Evergreen, 2PN, 60m2, giá 4,7 tỷ bao phí. Lh Em Hằng: 0988 152 ***","4,7 tỷ",60 m²,"78,33 tr/m²",2,2,"Tây Mỗ, Nam Từ Liêm","21.006216049194336, 105.7364730834961"
42280679,27/02/2025,"Bán căn hộ chung cư giá ưu đãi 4,9 tỷ, 83,5m2 tại An Lạc Mỹ Đình, Cầu Diễn, Nam Từ Liêm, Hà Nội","4,9 tỷ","83,5 m²","58,68 tr/m²",2,2,"Cầu Diễn, Nam Từ Liêm","21.032949078238076, 105.76125430301941"
40229629,27/02/2025,"Chính chủ bán CH Big Tower 18 Phạm Hùng, DT 126m2 - 3 ngủ NT xịn ở ngay có sổ hơn 5 tỷ: 0971 085 ***",Giá thỏa thuận,126 m²,N/A,3,2,"Mỹ Đình 2, Nam Từ Liêm","21.031179428100586, 105.77904510498047"
42280420,27/02/2025,"Quỹ căn stu Vic giá rẻ, tầng trung view thoáng, chênh ít. Liên hệ tư vấn: 0345 759 ***","2,13 tỷ",30 m²,71 tr/m²,N/A,N/A,"Tây Mỗ, Nam Từ Liêm","21.00881680754963, 105.74380784224181"
41825757,27/02/2025,"Chính chủ bán căn hộ chung cư tòa CT2 khu chức năng Tây Mỗ, DT 65m2, 2PN, 2WC, căn góc thoáng","3,3 tỷ",65 m²,"50,77 tr/m²",2,2,"Tây Mỗ, Nam Từ Liêm","20.9967355607901, 105.745591890475"
41224297,27/02/2025,Quỹ hàng chuyển nhượng lớn nhất The Zei Plaza - Số 8 Lê Đức Thọ - Mỹ Đình,Giá thỏa thuận,94 m²,N/A,2,2,"Mỹ Đình 2, Nam Từ Liêm","21.0344581604004, 105.769653320313"
42280172,27/02/2025,"Bán chung cư Vinhomes Smart City, 2 ngủ, 65m2, lô góc, nội thất vip, 3.98 tỷ","3,98 tỷ",65 m²,"61,23 tr/m²",2,2,"Tây Mỗ, Nam Từ Liêm","21.00832183326414, 105.74383936313181"
42276077,27/02/2025,HIẾM !! CHUNG CƯ VIP MỸ ĐÌNH - LÔ GÓC SIÊU ĐẸP - 2 NGỦ x 2 VS - 60M - GIÁ CHỈ 4.286 TỶ,"4,29 tỷ",60 m²,"71,43 tr/m²",2,2,"Mỹ Đình 2, Nam Từ Liêm","21.0272204543228, 105.773909927974"
42280123,27/02/2025,Đỉnh.. BÁN căn chung cư CẦU DIỄN Nam Từ Liêm 2PN 3.95tỷ,"3,95 tỷ",65 m²,"60,77 tr/m²",2,1,"Cầu Diễn, Nam Từ Liêm","21.0422764078147, 105.760725656145"
42277563,27/02/2025,"Bán gấp căn hộ Dolphin Plaza, Trần Bình, Nam Từ Liêm. Dt 198m2, 4pn, 3vs full nt giá 11,8 tỷ","11,8 tỷ",198 m²,"59,6 tr/m²",4,3,"Mỹ Đình 2, Nam Từ Liêm","21.02930117610314, 105.7767133811074"
38986291,27/02/2025,"Bán căn hộ 3PN 106m2 Sun Square Lê Đức Thọ, hướng Nam view sân vận động Mỹ Đình full nội thất",Giá thỏa thuận,106 m²,N/A,3,2,"Mỹ Đình 2, Nam Từ Liêm","21.0337657928467, 105.770301818848"
42279794,27/02/2025,"Nhà 65 m2 nằm cạnh đường lớn. Gần trường học, bệnh viện, siêu thị","3,7 tỷ",65 m²,57 tr/m²,2,2,"Đại Mỗ, Nam Từ Liêm","20.998147839802247, 105.75164434055054"
42048224,27/02/2025,"Chính chủ bán gấp căn 79m2, 2PN, chung cư An Lạc Mỹ Đình tòa A giá 4,6 tỷ, sẵn sổ đỏ. LH 0968 989 ***","4,6 tỷ",79 m²,"58,23 tr/m²",2,2,"Cầu Diễn, Nam Từ Liêm","21.032407599566405, 105.7612206602691"
42279166,27/02/2025,"Chỉ 1,15 tỷ cho căn chung cư mini 1 ngủ có sổ hồng đồng sở hữu - căn góc","1,15 tỷ",36 m²,"31,94 tr/m²",1,1,"Trung Văn, Nam Từ Liêm","20.9926091788332, 105.7861856357"
42104720,27/02/2025,"Hiếm nhà bán. Căn hộ chung cư NHS Phương Canh, NT Home, 66m2 2PN 2VS đủ đồ giá 3. X tỷ",Giá thỏa thuận,66 m²,N/A,2,2,"Phương Canh, Nam Từ Liêm","21.053058115291, 105.733657663705"
41907057,27/02/2025,"Chính chủ bán căn NT Home 58m2, 2N 2WC giá 3.1 tỷ bao phí. Có thương lượng","3,1 tỷ",58 m²,"53,45 tr/m²",2,2,"Phương Canh, Nam Từ Liêm","21.0531292551329, 105.734134697065"
38086766,27/02/2025,"Chủ nhà tin tưởng gửi bán suất ngoại giao trục 08 CCCC Mỹ Đình Pearl giá 6.1 tỷ, LH 0976 647 ***","6,1 tỷ",74 m²,"82,43 tr/m²",2,2,"Phú Đô, Nam Từ Liêm","21.0124320983887, 105.767395019531"
42279844,27/02/2025,Chính chủ gửi bán CHCC Xuân Phương - NTL - lô góc - 3 ngủ - view thoáng đẹp - diện tích 107m2,"5,65 tỷ",107 m²,"52,8 tr/m²",3,N/A,"Xuân Phương, Nam Từ Liêm","21.02652209711082, 105.74067286829717"
42263454,27/02/2025,"HIẾM có - Bán căn hộ cc Velacera Đại Mỗ - dt 54m, 2 ngủ, 1 wc , 3,2 tỷ , tầng 7 .",Giá thỏa thuận,54 m²,N/A,2,1,"Đại Mỗ, Nam Từ Liêm","20.9940118273913, 105.76095588849"
41822748,27/02/2025,"Chính chủ bán căn 105m2. 3PN - 2VS. Tầng trung, full nội thất cực đẹp","5,78 tỷ",105 m²,"55,05 tr/m²",3,2,"Trung Văn, Nam Từ Liêm","20.99800896074226, 105.79515145837378"
41097286,27/02/2025,"Chính chủ bán căn góc 105, tầng thấp nhìn view nội khu toà A2, ban công ĐN siêu mát, full nội thất","8,1 tỷ",105 m²,"77,14 tr/m²",3,2,"Cầu Diễn, Nam Từ Liêm","21.0365676879883, 105.760482788086"
42279278,26/02/2025,"Bán căn hộ chung cư Mỹ Đình giá rẻ, An Sinh An Lạc, 130m2, căn góc, 3PN, BC Đông Nam. Hơn 5 tỷ","5,85 tỷ",130 m²,45 tr/m²,3,2,"Cầu Diễn, Nam Từ Liêm","21.03468643454511, 105.76279927651142"
41240305,26/02/2025,"Chính chủ bán CC Vinhome Wespoint Phạm Hùng DT 66,5m - 5 tỷ và 130m - 10 tỷ Full Nt đẹp: 0971 085 ***","6,3 tỷ","66,5 m²","94,74 tr/m²",2,2,"Mễ Trì, Nam Từ Liêm","21.011882781982422, 105.78644561767578"
41422015,26/02/2025,"Bán căn 4PN/137m2 góc toà A3 Vinhomes Gardenia Hàm Nghi, sẵn sổ, full đồ, view đỉnh 0888 989 ***","13,2 tỷ",137 m²,"96,35 tr/m²",4,3,"Cầu Diễn, Nam Từ Liêm","21.0365676879883, 105.760482788086"
41945414,26/02/2025,(Duplex)bán căn 185m/4PN3WC toà The Zei Mỹ Đình sẵn sổ full độ nhập hiện đại view đẹp LH 0888 989 ***,18 tỷ,185 m²,"97,3 tr/m²",4,3,"Mỹ Đình 2, Nam Từ Liêm","21.034358799760444, 105.76870183791887"
40798035,26/02/2025,"(Penthouse) cần bán toà Bonanza Duy Tân Cầu Giấy, thiết kế đẹp view Đông Nam có sân vườn 0888 989 ***",25 tỷ,300 m²,"83,33 tr/m²",5,3,"Mỹ Đình 2, Nam Từ Liêm","21.0306091308594, 105.781028747559"
38815714,26/02/2025,"Chính chủ cần bán gấp căn 2PN, 2WC Ecolife tầng trung tòa A2 full nội thất giá tôi bán 5 tỷ","6,6 tỷ",111 m²,"59,46 tr/m²",3,2,"Trung Văn, Nam Từ Liêm","20.9945335388184, 105.789390563965"
42174347,26/02/2025,"Nam Từ Liêm: Bán gấp Vinhomes Smart Tây Mỗ 67m2, 2PN, 2wC, 3.96 tỷ full nội thất, lô góc gập nắng","3,96 tỷ",67 m²,"59,1 tr/m²",2,2,"Tây Mỗ, Nam Từ Liêm","21.0085070122859, 105.743237796017"
42273046,26/02/2025,"Anh chị em cần tiền đầu tư nên phải đầy gấp căn 2n+, 2vs giá 4.1 tỷ thu về , full đồ , S403","4,1 tỷ",63 m²,"65,08 tr/m²",2,2,"Tây Mỗ, Nam Từ Liêm","21.009015046189386, 105.7434453192674"
41916630,26/02/2025,"Căn hộ tòa Big Tower 18 Phạm Hùng, căn góc, tầng trung. 3 ngủ thoáng sáng, full nội thất, về ở ngay","5,62 tỷ",100 m²,"56,2 tr/m²",3,2,"Mỹ Đình 2, Nam Từ Liêm","21.0305404048371, 105.778502625186"
39445756,26/02/2025,"Cần bán gấp căn hộ 120m2, 3PN, 2WC nhà đẹp tại Mễ Trì Hạ, Phạm Hùng, giá 6,6 tỷ. LH: 0975 226 ***","6,6 tỷ",120 m²,55 tr/m²,3,2,"Mễ Trì, Nam Từ Liêm","21.01499366760254, 105.78269958496094"
42278081,26/02/2025,(Tin thật 100%) Căn hộ 157m2 x 4PN tại KĐT Xuân Phương Residence - Ban công Đông Nam - Tặng full NT,"7,65 tỷ",157 m²,"48,73 tr/m²",4,3,"Phương Canh, Nam Từ Liêm","21.0330348706931, 105.75415350336388"
42276976,26/02/2025,CHUNG CƯ TÂY HÀ TOWER - 75M - 2 NGỦ - FULL NỘI THẤT - GIÁ 5.8 TỶ (HHTL36139),"5,8 tỷ",75 m²,"77,33 tr/m²",2,2,"Trung Văn, Nam Từ Liêm","20.996713720729545, 105.79338159223803"
41653586,26/02/2025,"Chính chủ bán CH: (3N - 2VS). DT: 120m. Giá: 6 tỷ. ĐC: C37 - Bắc Hà, Tố Hữu. Nội thất đầy đủ.",6 tỷ,120 m²,50 tr/m²,3,2,"Trung Văn, Nam Từ Liêm","20.996829986572266, 105.79383850097656"
42277377,26/02/2025,MỸ ĐÌNH PEARL - SIÊU CĂN HỘ 3 PHÒNG NGỦ - VIEW HỒ - FULL NỘI THẤT - Ở NGAY,"9,25 tỷ",95 m²,"97,37 tr/m²",3,2,"Phú Đô, Nam Từ Liêm","21.012530342092173, 105.76757552665813"
42274455,26/02/2025,Cần bán căn hộ 90m2 - KĐT Mễ Trì - nam từ liêm - LIên Hệ: 0886 896 ***,"4,4 tỷ","90,1 m²","48,84 tr/m²",3,2,"Mễ Trì, Nam Từ Liêm","21.014994177483768, 105.78270882217453"
42273957,26/02/2025,"Cđt bán trực tiếp 02 tòa căn hộ chung cư mini tại phố Mỹ Đình, mới 100%, ở ngay","1,2 tỷ",40 m²,30 tr/m²,2,1,"Mỹ Đình 1, Nam Từ Liêm","21.0239375065813, 105.7742709135"
42273931,26/02/2025,"Bán CC 3PN, 2WC, 120m2 mặt đường Lê Đức Thọ, 6,25 tỷ giá tốt bao đẹp","6,25 tỷ",120 m²,"52,08 tr/m²",3,2,"Mỹ Đình 2, Nam Từ Liêm","21.011249310409, 105.759198075224"
42271749,26/02/2025,Cần bán căn hộ 83m2 - VOV mễ trì - nam từ liêm - liên hệ 0886 896 ***,"4,5 tỷ",83 m²,"54,22 tr/m²",2,2,"Mễ Trì, Nam Từ Liêm","20.99479766616263, 105.78493867415625"
42276663,26/02/2025,BÁN CĂN HỘ CC ĐẠI MỖ 65M - CĂN GÓC - 2 NGỦ - FULL NỘI THẤT- GIÁ 3.85 TỶ( HHTL36136),"3,85 tỷ",65 m²,"59,23 tr/m²",2,2,"Đại Mỗ, Nam Từ Liêm","21.00409679028278, 105.7498011526605"
42274193,26/02/2025,"Bán căn hộ chung cư 3PN, 2WC, 115m2 tại Trần Hữu Dực, Nam Từ Liêm, Hà Nội, 5,75 tỷ","5,75 tỷ",115 m²,50 tr/m²,3,2,"Cầu Diễn, Nam Từ Liêm","21.03501431414389, 105.7649792018729"
41212720,26/02/2025,"Bán căn hộ FLC Apartment 18 Phạm Hùng DT 46,5m - 2,1 tỷ và 70m2 - 3,1 tỷ, Full NT ở luôn 0971 350 ***","2,1 tỷ","46,5 m²","45,16 tr/m²",2,2,"Mỹ Đình 2, Nam Từ Liêm","21.029512405395508, 105.77908325195312"
42277066,26/02/2025,SIÊU PHẨM! CĂN HỘ TÂY MỖ - 130M -3 NGỦ - VIEW ĐẸP- FULL NỘI THẤT - GIÁ 6.05 TỶ (HHTL36140),"6,05 tỷ",130 m²,"46,54 tr/m²",3,3,"Tây Mỗ, Nam Từ Liêm","21.016031732748406, 105.74592150344907"
42277019,26/02/2025,"Quỹ 1000 căn hộ tại Lumiere EverGreen, 4 tỷ VND, 55m2, 2PN, 2WC, nhiều tiện ích siêu Vip:0343 138 ***",4 tỷ,55 m²,"72,73 tr/m²",2,2,"Tây Mỗ, Nam Từ Liêm","21.00649000093529, 105.73607830219012"
41648617,26/02/2025,Chính chủ bán căn 75.9m2 tòa Roman Plaza giá 5 tỷ có thương lượng,5 tỷ,"75,9 m²","65,88 tr/m²",2,N/A,"Đại Mỗ, Nam Từ Liêm","20.9843406677246, 105.776809692383"
42276929,26/02/2025,"Bán 2PN, 2WC, 60m2 tại The Tonkin, Vinhomes Smart CityTây Mỗ, Nam Từ Liêm, 4,5 tỷ VND","4,5 tỷ",60 m²,75 tr/m²,2,2,"Tây Mỗ, Nam Từ Liêm","21.0057897793243, 105.73866347593642"
42276860,26/02/2025,Chuyển công tác bán gấp không chênh căn 2 phòng ngủ The Canopy giá 68 triệu/m2,"4,32 tỷ","63,5 m²",68 tr/m²,2,2,"Tây Mỗ, Nam Từ Liêm","21.000692711583362, 105.73887948780697"
42276871,26/02/2025,BÁN NHÀ PHỐ NGUYỄN HOÀNG - LÔ GÓC - 80M - 2 NGỦ - FULL NỘI THẤT - GIÁ CHỈ 5.1 TỶ(HHTL36138),"5,1 tỷ",80 m²,"63,75 tr/m²",2,2,"Mỹ Đình 2, Nam Từ Liêm","21.028804584472166, 105.77905985785368"
42276612,26/02/2025,Giá rẻ Bán 2PN2VS 63m nguyên bản hướng mát 4.1 tỷ Vinhomes Smart City Tây Mỗ,"4,1 tỷ",63 m²,"65,08 tr/m²",2,2,"Tây Mỗ, Nam Từ Liêm","21.006367347678346, 105.74448509944679"
42276815,26/02/2025,"Bán căn hộ 2PN, 55m2 tại The Sakura - Vinhomes Smart City, 3,7 tỷ, Nam Từ Liêm, Hà Nội","3,7 tỷ",55 m²,"67,27 tr/m²",2,2,"Tây Mỗ, Nam Từ Liêm","21.005392741322467, 105.7390002104723"
42276605,26/02/2025,Mở bán - Chung cư H1 Phạm Hùng - Mễ Trì - Nam Từ Liêm - Full nội thất,800 triệu,35 m²,"22,86 tr/m²",1,1,"Mễ Trì, Nam Từ Liêm","21.0177373188026, 105.780871550769"
42276609,26/02/2025,"CHDV 24 PHÒNG TRỊNH VĂN BÔ - DÒNG TIỀN 1,1 TỶ/NĂM - THANG MÁY - FULL CÔNG NĂNG (HHTL1520135)","15,9 tỷ",72 m²,"220,83 tr/m²",24,24,"Phương Canh, Nam Từ Liêm","21.0379033187864, 105.746223291702"
41271539,26/02/2025,"Chính chủ cần bán căn studio 32m2 tại toà cao cấp Imperia Smart City full nội thất 1,95tỷ","1,95 tỷ",32 m²,"60,94 tr/m²",1,1,"Tây Mỗ, Nam Từ Liêm","20.999041542053845, 105.73845334551194"
42276353,26/02/2025,"Bán căn hộ The light CT2 Viettel dt 131 m2 3 ngủ 2vs căn góc giá 7,5 tỷ hơn 57 tr/m2","7,5 tỷ",131 m²,"57,25 tr/m²",3,2,"Trung Văn, Nam Từ Liêm","20.99269846497083, 105.78843350619834"
41564604,26/02/2025,Duy nhất 01 căn 2N - 54 m2 - tòa SA - giá rẻ nhất thị trường 3.8 tỷ! 0934 641 ***,"3,8 tỷ",54 m²,"70,37 tr/m²",2,1,"Tây Mỗ, Nam Từ Liêm","21.005226135253906, 105.7389144897461"
42275437,26/02/2025,Bán căn hộ 128m2 - 135m2 dự án C'Land - 81 Lê Đức Thọ - Nam Từ Liêm,"8,32 tỷ",128 m²,65 tr/m²,3,2,"Mỹ Đình 2, Nam Từ Liêm","21.0299355251231, 105.769083325435"
42276067,26/02/2025,"Bán cắt lỗ 2 căn hộ (72m2, 2PN) và (96m2, 3PN) full đồ đẹp, CC CT5 - CT6 Lê Đức Thọ. Giá chỉ 4.29tỷ","4,29 tỷ",72 m²,"59,58 tr/m²",2,2,"Mỹ Đình 2, Nam Từ Liêm","21.0291709899902, 105.76895904541"
42275978,26/02/2025,"Chỉ 6.1 tỷ, sở hữu ngay căn hộ 99m2, 3PN, full đồ, view đẹp, chung cư The Sun Mễ Trì","5,85 tỷ",99 m²,"59,09 tr/m²",3,2,"Mễ Trì, Nam Từ Liêm","21.016208314758373, 105.78094269129926"
42275742,26/02/2025,"GẤP LẮM CẦN THANH KHOẢN GẤP 2PN+1 VIN SMART Bán gấp 2PN+1, 64m2- 3.9 tỷ. 0961 522 ***","3,9 tỷ",64 m²,"60,94 tr/m²",2,2,"Tây Mỗ, Nam Từ Liêm","21.008887217613786, 105.74387517015549"
41964398,26/02/2025,"Căn hộ CT1 Sudico Mỹ Đình Sông Đà 112m2, căn góc full đồ mới, giá 6.9 tỷ thương lượng","6,9 tỷ",110 m²,"62,73 tr/m²",3,2,"Mỹ Đình 1, Nam Từ Liêm","21.0179500185902, 105.780658374756"
40873599,26/02/2025,"Chính chủ bán gấp CHCC 789 Mỹ Đình DT 90m2 - 3PN, 2WC full NT tầng 15 giá rẻ","4,2 tỷ",90 m²,"46,67 tr/m²",3,2,"Mỹ Đình 1, Nam Từ Liêm","21.0212332655282, 105.772328365374"
42275649,26/02/2025,"EM BÁN CĂN HỘ GS3 2N+1, 62m2TẠI VINHOME SMART CITY SIÊU MỚI, FULL NỘI THẤT, NHIỀU TIỆN ÍCH KÈM THEO","4,34 tỷ",62 m²,70 tr/m²,2,1,"Tây Mỗ, Nam Từ Liêm","21.009275581456734, 105.74391136973843"
40476797,26/02/2025,"Gia đình bán căn chung cư Sudico Mỹ Đình, Sông Đà, tầng đẹp DT 132m2, giá 6.86 tỷ: 0981,129,026","6,86 tỷ",132 m²,"51,97 tr/m²",3,2,"Mỹ Đình 1, Nam Từ Liêm","21.01743507385254, 105.7803955078125"
42275383,26/02/2025,Vinhomes Smart City Bán căn góc 3PN 2vs giá chỉ hơn 70tr/ m2,"5,38 tỷ",76 m²,"70,79 tr/m²",3,2,"Tây Mỗ, Nam Từ Liêm","21.00942151059196, 105.7444077629289"
42274572,26/02/2025,Vinhomes Smart City Bán nhanh căn hộ 1PN+ Toà I4 giá 3.2 tỷ Bao Phí,"3,2 tỷ",43 m²,"74,42 tr/m²",1,1,"Tây Mỗ, Nam Từ Liêm","21.0088319886831, 105.74393603406268"
39319071,26/02/2025,Chính chủ bán căn 3PN - DT 90m2 - full NT - giá tốt - Toà Tây Hà Tower LH: 0396 116 ***,"5,8 tỷ",90 m²,"64,44 tr/m²",3,2,"Trung Văn, Nam Từ Liêm","20.996280670166, 105.793251037598"
36422992,26/02/2025,"Siêu phẩm penthouse 300m2 Bonanza đẹp nhất phố Duy Tân full đồ, hotline 0987 106 *** ngày 26/2/2025",27 tỷ,300 m²,90 tr/m²,5,4,"Mỹ Đình 2, Nam Từ Liêm","21.0306091308594, 105.781028747559"
42002227,26/02/2025,"Chính chủ bán siêu phẩm 75m2, tầng thấp, full nội thất tân cổ điển cực đẹp. Cửa TN ban công ĐB","4,8 tỷ",75 m²,64 tr/m²,2,2,"Trung Văn, Nam Từ Liêm","20.994534930981715, 105.78956265353244"
41138078,26/02/2025,"Chính chủ bán căn sieu hiem 110m2. Tầng trung, căn goc, full nội thất, 3PN-2VS. Cửa TN ban công DB","6,85 tỷ",110 m²,"62,27 tr/m²",3,2,"Mỹ Đình 2, Nam Từ Liêm","21.030405044555664, 105.77703094482422"
40952774,26/02/2025,"Chính chủ bán căn hộ 64,5m2. Tầng trung, căn góc, full nội thất, cửa TN ban công DB. 2PN - 2VS","4,15 tỷ","64,5 m²","64,34 tr/m²",2,2,"Mỹ Đình 2, Nam Từ Liêm","21.0304050445557, 105.777030944824"
42274976,26/02/2025,"Bán CC view đẹp tại The Canopy Residences - Vinhomes Smart City, 4,76 tỷ, 66,8 m2","4,76 tỷ","66,8 m²","71,26 tr/m²",2,2,"Tây Mỗ, Nam Từ Liêm","21.001204893427705, 105.7386941363793"
39304562,26/02/2025,"Bán nhanh căn 117m2, 3PN 2VS Intracom Trung Văn, full nội thất đẹp, sổ đỏ, giá 5.5 tỷ mua bán TT","5,5 tỷ",117 m²,"47,01 tr/m²",3,2,"Trung Văn, Nam Từ Liêm","20.9906978607178, 105.787773132324"
41935284,26/02/2025,"Chính chủ bán căn hộ 2Pn 85m2. Tầng trung, ban công hướng Nam mát mẻ. Nội thất cơ bản cực hiếm","5,2 tỷ",85 m²,"61,18 tr/m²",2,2,"Mễ Trì, Nam Từ Liêm","21.011845045848926, 105.77452620809936"
38421551,26/02/2025,"Chính chủ bán căn hoa hậu 103m2, tầng trung, căn góc, full nội thất, ban công ĐN siêu mát. 3Pn-2Vs","7,1 tỷ",103 m²,"68,93 tr/m²",3,2,"Đại Mỗ, Nam Từ Liêm","20.9843406677246, 105.776809692383"
39748010,26/02/2025,"Chính chủ bán căn hộ 2 ngủ-2VS. 69,1m2. Tầng trung Ban công TN view noi khu. Full nội thất cực đẹp","4,4 tỷ","69,4 m²","63,4 tr/m²",2,2,"Đại Mỗ, Nam Từ Liêm","20.9843406677246, 105.776809692383"
40060285,26/02/2025,"Chính chủ bán căn 133m2 giá tốt nhất hiện tại. Tầng trung. Full nội thất đẹp. 2PN + 1 đa năng, 3WC",6 tỷ,133 m²,"45,11 tr/m²",3,3,"Mỹ Đình 2, Nam Từ Liêm","21.0300445556641, 105.776626586914"
41932891,26/02/2025,Chính chủ bán căn 95m2 rẻ bao toàn thị trường. Tầng thấp. 3PN - 2VS. Full nội thất,"6,5 tỷ",95 m²,"68,42 tr/m²",3,2,"Mỹ Đình 1, Nam Từ Liêm","21.022471564708777, 105.77260489472388"
38593119,26/02/2025,"BQL Dolphin Plaza mở bán những căn hộ mua thẳng từ chủ nhà gửi bán. Các quỹ căn từ 133m2, 156m2","7,32 tỷ",133 m²,55 tr/m²,2,3,"Mỹ Đình 2, Nam Từ Liêm","21.030897174872, 105.776493636544"
41935165,26/02/2025,"Chính chủ bán căn 117,6m2 tầng trung, 3PN - 2VS. Full nội thất đẹp. Cửa Đ ban công T","7,07 tỷ","117,6 m²","60,12 tr/m²",3,2,"Mễ Trì, Nam Từ Liêm","21.011356585953205, 105.77513255961595"
41932789,26/02/2025,"Căn hộ có thiết kế lớn nhất dự án 141,6m2. 4PN - 3VS. Tầng trung, căn góc, full nội thất, view đẹp",11 tỷ,"141,6 m²","77,68 tr/m²",4,3,"Mỹ Đình 1, Nam Từ Liêm","21.02265439726988, 105.77201378360486"
41932737,26/02/2025,"Siêu phẩm đỉnh nóc kịch trần 186m2. Tầng trung, căn góc tháp 3, full nội thất Luxury. 3PN - 3VS",12 tỷ,186 m²,"64,52 tr/m²",4,3,"Mỹ Đình 2, Nam Từ Liêm","21.03002798512369, 105.77666300468036"
41932923,26/02/2025,"Chính chủ bán căn 124,1m2. Tầng trung, căn góc, full nội thất. 4PN - 3VS",9 tỷ,"124,1 m²","72,52 tr/m²",4,3,"Mỹ Đình 1, Nam Từ Liêm","21.02171622367105, 105.77252665138778"
41932866,26/02/2025,"Chính chủ bán căn siêu phẩm nở hậu. Tầng trung, căn góc, ban công ĐN. Full nội thất đẹp, view đẹp","5,76 tỷ","76,4 m²","75,39 tr/m²",2,2,"Mỹ Đình 1, Nam Từ Liêm","21.02213838278519, 105.77180042355177"
41932681,26/02/2025,"Loại 2 + 1 duy nhất có 2 ban công. Sẵn Slot oto. 138m2. Tầng trung, căn góc","7,58 tỷ",138 m²,"54,93 tr/m²",3,2,"Mỹ Đình 2, Nam Từ Liêm","21.0292088029039, 105.776833280338"
42274924,26/02/2025,"CĂN HỘ 2PN + 2WC TÒA G6 VIN SMART  VIEW ĐẸP, GIÁ 3,5 TỶ BAO PHÍ  THANH TOÁN TIẾN ĐỘ 0961 522 ***","3,5 tỷ",55 m²,"63,64 tr/m²",2,2,"Tây Mỗ, Nam Từ Liêm","21.009207215738098, 105.74411233604998"
40060372,26/02/2025,(Giá thật) chính chủ bán căn 152m2. Tầng trung. Đồ cơ bản. Giá tốt nhất thời điểm hiện tại. 2PN + 1,"7,09 tỷ",152 m²,"46,61 tr/m²",3,2,"Mỹ Đình 2, Nam Từ Liêm","21.0300445556641, 105.776626586914"
41932715,26/02/2025,"Loại căn hộ nhỏ nhất trong phân khúc 3PN + 1. Chính chủ bán căn 164m2 tầng trung, căn góc, full đồ","8,8 tỷ",164 m²,"53,66 tr/m²",4,2,"Mỹ Đình 2, Nam Từ Liêm","21.030178912089504, 105.77702750899971"
42002308,26/02/2025,"Chính chủ bán căn hộ dành cho người độc thân. Studio 45,7m2 tầng trung, full nội thất, cửa ĐB - TN","3,4 tỷ","45,7 m²","74,4 tr/m²",1,1,"Trung Văn, Nam Từ Liêm","20.994479350628858, 105.78973772681834"
41085424,26/02/2025,"Căn hộ giá tốt mình em có. Bán nhanh căn hộ tại S402 Vinhomes Smart City. 1 + =43m2 giá 2,8 tỷ BP","2,8 tỷ",43 m²,"65,12 tr/m²",1,1,"Tây Mỗ, Nam Từ Liêm","21.006216049194336, 105.7364730834961"
41135160,26/02/2025,"Chỉ cần 1 tỷ quý khách hàng đã sở hữu ngay căn hộ The Canopy, Vinhomes Smart. Năm 2025 nhận nhà",2 tỷ,28 m²,"71,43 tr/m²",1,1,"Tây Mỗ, Nam Từ Liêm","21.00084686279297, 105.73912048339844"
42133409,26/02/2025,"Chính chủ bán căn 2 phòng ngủ 75m2 Vinaconex Trung Văn. Giá 3,8 tỷ - LH 0946 566 *** (MTG)","3,8 tỷ",72 m²,"52,78 tr/m²",2,2,"Trung Văn, Nam Từ Liêm","20.9934628590067, 105.777626584576"
42275090,26/02/2025,"Căn góc full kính cực hiếm bán 206m2, 4PN tại Keangnam, tầng đẹp,- Giá thiện chí . Cam kết ko ảo",Giá thỏa thuận,206 m²,N/A,4,3,"Mễ Trì, Nam Từ Liêm","21.0166443217596, 105.784305208189"
39658990,26/02/2025,"Tôi cần bán gấp căn 3 phòng ngủ HH2 Bắc Hà, Nam Từ Liêm, DT 135 m2, Giá 6,3 tỷ,sẵn sổ full nội thất","6,3 tỷ",135 m²,"46,67 tr/m²",3,2,"Trung Văn, Nam Từ Liêm","20.997516632080078, 105.795166015625"
42275005,26/02/2025,"Chính chủ cần bán gấp căn Duplex 190m CC Roman Plaza, Tố Hữu, Giá 12 tỷ , Sẵn sổ Full nội thất đẹp",12 tỷ,190 m²,"63,16 tr/m²",3,2,"Đại Mỗ, Nam Từ Liêm","20.984456847274732, 105.7761236393444"
37178002,26/02/2025,"Cần bán căn 4PN 3wc Dolphin Plaza, diện tích 266m2, giá 15 tỷ, làm việc trực tiếp, LH: 0396 116 ***","15,16 tỷ",266 m²,57 tr/m²,4,3,"Mỹ Đình 2, Nam Từ Liêm","21.0300445556641, 105.776626586914"
38207907,26/02/2025,"Chính chủ bán căn 72,6m2. Tầng cao, view đẹp, full nội thất. 2PN - 2VS ban công TN. 0936 192 ***","5,2 tỷ","72,6 m²","71,62 tr/m²",2,2,"Mỹ Đình 2, Nam Từ Liêm","21.0306091308594, 105.781028747559"
42274775,26/02/2025,"Chính chủ bán căn 3PN, 115 m2 C37 Bộ Công An, Bắc Hà Tower,Tố Hữu, Giá 6,6 tỷ,sẵn sổ full nội thất","6,4 tỷ",115 m²,"55,65 tr/m²",3,2,"Trung Văn, Nam Từ Liêm","20.996928811209767, 105.79389916942449"
42274068,26/02/2025,BÁN TÒA CĂN HỘ DỊCH VỤ ĐÌNH THÔN - 7 TẦNG -THANG MÁY - 19 PHÒNG FULL ĐỒ - THU NHẬP 130TR/THÁNG,26 tỷ,92 m²,"282,61 tr/m²",19,19,"Mỹ Đình 1, Nam Từ Liêm","21.0205057226595, 105.774756048605"
42262771,26/02/2025,"Cần bán căn Intracom1 - Trung Văn - Nam Từ Liêm- DT 96m2 - 3PN - 2WC - giá 5,5 tỷ - LH 0394 260 ***","5,5 tỷ",96 m²,"57,29 tr/m²",3,2,"Trung Văn, Nam Từ Liêm","20.990780868437895, 105.78778207980122"
39794224,26/02/2025,Tôi chính chủ bán hai căn 2PN - 60m2 khu The Tonkin (Vinhomes Smart City),Giá thỏa thuận,60 m²,N/A,2,2,"Tây Mỗ, Nam Từ Liêm","21.0052261352539, 105.738914489746"
42274305,26/02/2025,Căn hộ 80m2 khu đô thị Mỹ Đình 1 Bộ Quốc Phòng,"4,95 tỷ",80 m²,"61,88 tr/m²",3,2,"Cầu Diễn, Nam Từ Liêm","21.0344767294299, 105.764469638671"
42206793,26/02/2025,Chỉ còn ít suất ngoại giao 2N- 3N The Matrix One giai đoạn 2 rẻ hơn thị trường 10%,Giá thỏa thuận,80 m²,N/A,2,2,"Mễ Trì, Nam Từ Liêm","21.009810582738112, 105.7739706394966"
42274114,26/02/2025,"Căn hộ đẹp xuất sắc bán gấp tại Lê Đức Thọ, Mỹ Đình 2, Nam Từ Liêm, Hà Nội, 5,5 tỷ, 99m2","5,5 tỷ",99 m²,"55,56 tr/m²",3,2,"Mỹ Đình 2, Nam Từ Liêm","21.0304298246993, 105.769264226545"
42274121,26/02/2025,"Bán căn SA1, 34m2, tầng trung, giá 2,3 tỷ","2,3 tỷ",34 m²,"67,65 tr/m²",N/A,N/A,"Tây Mỗ, Nam Từ Liêm","21.00548136944966, 105.73614846046432"
42274088,26/02/2025,"Chủ cần bán! Tòa CHDV Mỹ Đình, ngõ thông thoáng, Thang máy, PCCC, 58m2*7T*12pkk full đồ, DT 75tr/th","11,8 tỷ",58 m²,"203,45 tr/m²",12,12,"Mỹ Đình 1, Nam Từ Liêm","21.0237203502419, 105.774097985013"
39545111,26/02/2025,Chính chủ bán căn 2611 SA2 31.6m2 Vinhomes Smart City Tây Mỗ. Giá 1.896 tỷ. LH: 0947 868 ***,"1,9 tỷ","31,6 m²",60 tr/m²,N/A,N/A,"Tây Mỗ, Nam Từ Liêm","21.0052261352539, 105.738914489746"
40670995,26/02/2025,Chính chủ bán căn tầng 2906 tòa GS1 Vinhomes Smart City Tây Mỗ full. Giá: 2.4 tỷ. LH: 0947 868 ***,"2,4 tỷ","42,8 m²","56,08 tr/m²",1,N/A,"Tây Mỗ, Nam Từ Liêm","21.006574630737305, 105.74504852294922"
42273908,26/02/2025,"Bán CH 1PN tại The Canopy Residences, 3,2 tỷ, 42,7m2, Q.Nam Từ Liêm, HN chỉ với hàng hot!","3,2 tỷ","42,7 m²","74,94 tr/m²",1,1,"Tây Mỗ, Nam Từ Liêm","20.99850225305914, 105.73904717245877"
39544911,26/02/2025,"Chính chủ bán căn 1803 tòa SA2 Vinhomes Smart City Tây Mỗ full. Giá: 2,1 tỷ. LH: 0947 868 ***","2,1 tỷ",34 m²,"61,76 tr/m²",1,N/A,"Tây Mỗ, Nam Từ Liêm","21.0052261352539, 105.738914489746"
41773903,26/02/2025,Chính chủ cần bán căn hộ toà CT2 Viglacera Đại Mỗ 53m2 tặng toàn bộ nội thất,"3,25 tỷ",53 m²,"61,32 tr/m²",2,1,"Đại Mỗ, Nam Từ Liêm","20.9926456905418, 105.762179205821"
42270441,26/02/2025,The Matrix One 2 cơ hội đầu tư hấp dẫn,Giá thỏa thuận,110 m²,N/A,3,N/A,"Mễ Trì, Nam Từ Liêm","21.008694868740566, 105.77341153288519"
42273723,26/02/2025,"Bán CC 63m2, 2PN, 2WC giá tốt tại Đại lộ Thăng Long, Tây Mỗ, Nam Từ Liêm, Hà N, Nam Từ Liêm, Hà Nội","3,9 tỷ",63 m²,"61,9 tr/m²",2,2,"Tây Mỗ, Nam Từ Liêm","21.009047683721665, 105.74324388570987"
42157447,26/02/2025,"Bán căn hộ chung cư CT1A DN2 Mỹ Đình II phố Hàm Nghi, Lê Đức Thọ . DT: 106m2 -3PN , 01 phòng",Giá thỏa thuận,106 m²,N/A,3,2,"Mỹ Đình 2, Nam Từ Liêm","21.031420247385448, 105.76828890362815"
42273437,26/02/2025,"Chính chủ gửi bán gấp CH 55m2, 2PN tại An Bình Plaza đầy đủ đồ, giá chỉ 4.5 tỷ. LH 0968 748 ***",Giá thỏa thuận,55 m²,N/A,2,1,"Mỹ Đình 2, Nam Từ Liêm","21.031763400866584, 105.77692193711867"
42273104,26/02/2025,"AN CƯ LẠC NGHIỆP, CÓ LỘC CHUYỂN CĂN TO BÁN GẤP 2PN VIN SMART SẴN SỔ. 0961 522 ***","3,65 tỷ",54 m²,"67,59 tr/m²",2,1,"Tây Mỗ, Nam Từ Liêm","21.008916535354874, 105.74375037780335"
42272073,26/02/2025,Bán căn hộ HH1 đối diện Aeon Hà Đông đi bộ 1 phút là tới,"2,15 tỷ",50 m²,43 tr/m²,2,1,"Đại Mỗ, Nam Từ Liêm","20.991247429894422, 105.75624727835228"
40877335,26/02/2025,Cần bán căn góc hoa hậu view sân vận động Mỹ Đình đẹp nhất toà The Zei Plaza - Lê Đức Thọ,Giá thỏa thuận,108 m²,N/A,3,2,"Mỹ Đình 2, Nam Từ Liêm","21.0344581604004, 105.769653320313"
41906931,26/02/2025,"Bán căn hộ chung cư Iris Garden, giá thỏa thuận, 104m2, 3PN, 2WC, Cầu Diễn, Nam Từ Liêm, Hà Nội",Giá thỏa thuận,104 m²,N/A,3,2,"Cầu Diễn, Nam Từ Liêm","21.0313134128101, 105.76061968431728"
42147263,26/02/2025,Chính chủ tôi cần bán căn hộ tầng 22 tòa CT1 Mỹ Đình Sông Đà - 3PN full nội thất,"6,99 tỷ",115 m²,"60,78 tr/m²",3,2,"Mỹ Đình 1, Nam Từ Liêm","21.017571101721494, 105.7802912856814"
42272264,26/02/2025,BÁN CH 111M 3N 2W GIÁ 6.9 TỶ TÒA ECOLIFE - TỐ HỮU - TRUNG VĂN Q NAM TỪ LIÊM HN,"6,9 tỷ",111 m²,"62,16 tr/m²",3,2,"Trung Văn, Nam Từ Liêm","20.99463275944839, 105.78871047014633"
41560518,26/02/2025,Chính chủ cần bán căn hộ 105m2 tòa CT4 Sudico Mỹ Đình. Thiết kế 3 ngủ 2vs,"6,8 tỷ",105 m²,"64,76 tr/m²",3,2,"Mỹ Đình 1, Nam Từ Liêm","21.0174350738525, 105.780395507813"
42272447,26/02/2025,"Bán chung cư FLC Đại Mỗ, 63m2, căn góc, 2 phòng ngủ, 3,25 tỷ, tầng trung, nội thất, 0971 607 ***","3,25 tỷ",63 m²,"51,59 tr/m²",2,2,"Đại Mỗ, Nam Từ Liêm","20.991083134576975, 105.75607078753886"
41187657,26/02/2025,"Bán căn hộ 3PN FLC Landmark Tower, Lê Đức Thọ, Mỹ Đình 2, Nam Từ Liêm, Hà Nội. LH 0968 739 ***","7,35 tỷ",160 m²,"45,94 tr/m²",3,2,"Mỹ Đình 2, Nam Từ Liêm","21.034076690673828, 105.77035522460938"
41068646,26/02/2025,"Bán căn hộ tòa HH2 Bắc Hà 100m2 2N 2W giá 5.8 tỷ P Trung Văn, Q Nam Từ Liêm HN","5,8 tỷ",100 m²,58 tr/m²,2,2,"Trung Văn, Nam Từ Liêm","20.997516632080078, 105.795166015625"
42271564,26/02/2025,Bán căn hộ 1PN + 1/50m2 giá chỉ 4tỷ190tr - pháp lý sổ hồng - LH xem nhà: 0966 874 ***,"4,19 tỷ",50 m²,"83,8 tr/m²",1,1,"Phú Đô, Nam Từ Liêm","21.0119503754462, 105.767288608588"
38895930,26/02/2025,"Bán nhanh căn hộ chung cư An Sinh An Lạc, TT Mỹ Đình, DT 121m2 - 3N full nội thất đẹp, giá 5 tỷ",5 tỷ,121 m²,"41,32 tr/m²",3,2,"Cầu Diễn, Nam Từ Liêm","21.0345859527588, 105.762992858887"
41976347,26/02/2025,"Bán CH 96m2 3PN 2WC giá 5.15 tỷ Intracom, Trung Văn - Nam Từ Liêm","5,15 tỷ",96 m²,"53,65 tr/m²",3,2,"Trung Văn, Nam Từ Liêm","20.99024075006661, 105.78814313364654"
40054949,26/02/2025,"Chính chủ cần bán căn 3PN chung cư HD Mon - Hàm Nghi, tầng đẹp, view thoáng, hướng mát",6 tỷ,86 m²,"69,77 tr/m²",3,2,"Mỹ Đình 2, Nam Từ Liêm","21.035120010376, 105.767433166504"
42271529,26/02/2025,"Bán căn studio 32m2 tại Vinhomes Smart City đầy đủ nội thất giá 2,2 tỷ bao phí","2,2 tỷ",32 m²,"68,75 tr/m²",1,1,"Tây Mỗ, Nam Từ Liêm","21.00510621780139, 105.73890225254068"
42271805,26/02/2025,"Bán CCMN Mỹ Đình 1, mặt ngõ Ô tô, lô góc, 65m*7t thang máy, PCCC, SĐCC, 15pkk full nội thất, 75tr/t","13,15 tỷ",65 m²,"202,31 tr/m²",12,12,"Mỹ Đình 1, Nam Từ Liêm","21.0205266689236, 105.77477187818"
42271410,26/02/2025,"Căn hộ chung cư Sudico Mỹ Đình bán gấp giá siêu hời 6,5 tỷ, 100m2","6,5 tỷ",100 m²,65 tr/m²,3,2,"Mỹ Đình 1, Nam Từ Liêm","21.01744273445074, 105.78038376562846"
41995657,26/02/2025,"Bán căn hộ CC Thăng Long City B32 Đại Mỗ. DT: 108m2,3PN, nhận nhà ngay, giá: Rẻ nhất thị trường",Giá thỏa thuận,108 m²,N/A,3,2,"Đại Mỗ, Nam Từ Liêm","21.0040370413199, 105.749648020247"
41064572,26/02/2025,Biệt thự trên không Penthouse kiêm Duplex đẳng cấp KĐT Mỹ Đình 500m2 giá 28.5 tỷ LH Hà 0936 168 ***,"28,5 tỷ",500 m²,57 tr/m²,5,4,"Mỹ Đình 2, Nam Từ Liêm","21.03378663376264, 105.7703559653794"
42271094,26/02/2025,"Bán CC An Bình Plaza, 4,2 tỷ, 55m2, view đẹp căn góc -lh em Thảo :0583 302 ***","4,2 tỷ",55 m²,"76,36 tr/m²",2,1,"Mỹ Đình 2, Nam Từ Liêm","21.031288843261105, 105.77743043784012"
42265828,26/02/2025,"Chung cư Lê Đức Thọ, nội thất đẹp, sẵn ở, giá tốt","7,1 tỷ",115 m²,"61,74 tr/m²",3,2,"Mỹ Đình 2, Nam Từ Liêm","21.031025567700787, 105.76833258709544"
41358570,26/02/2025,Chính chủ cần bán nhanh căn hoa hậu GĐ3 Lumi Hanoi - 2PN 54m2 Elite E1.1x. 13. LH: 0915 826 ***,"4,3 tỷ",54 m²,"79,63 tr/m²",2,2,"Tây Mỗ, Nam Từ Liêm","21.0122833251953, 105.735260009766"
42156228,26/02/2025,Bán 2PN - 55m2 - full đồ - 3.5 tỷ Imperia KĐT Vinhomes Smart City,"3,5 tỷ",55 m²,"63,64 tr/m²",2,1,"Tây Mỗ, Nam Từ Liêm","20.99928392733585, 105.73818371511003"
41984655,26/02/2025,"Do không có nhu cầu ở cần bán nhanh căn hộ chung cư HH2 Bắc Hà, Tố Hữu, Lê Văn Lương, Hà Nội",Giá thỏa thuận,135 m²,N/A,3,2,"Trung Văn, Nam Từ Liêm","20.998020305870646, 105.79467551823386"
42270578,26/02/2025,"Cập nhật quỹ căn tốt nhất tại Lumiere Evergreen, chung cư cao cấp nhất tại Vin Smart City","6,3 tỷ",66 m²,"95,46 tr/m²",2,2,"Tây Mỗ, Nam Từ Liêm","21.0055631387505, 105.735875821358"
40532907,26/02/2025,"Bán gấp căn 54.4m2 tầng trung đẹp, giá đợt 1 full chính sách","3,78 tỷ","54,4 m²","69,5 tr/m²",2,2,"Tây Mỗ, Nam Từ Liêm","21.0088520050049, 105.743919372559"
42229476,26/02/2025,"Chủ nhà giảm giá sâu căn hộ Sudico Sông Đà. DT 135m2 4 ngủ 2WC, full nội thất. Giá 8 tỷ",8 tỷ,135 m²,"59,26 tr/m²",4,2,"Mỹ Đình 1, Nam Từ Liêm","21.017301024626, 105.780232752585"
40798321,26/02/2025,"Chính chủ bán căn hộ 3 phòng ngủ 115m2 view hồ và cung thiếu nhi (cam kết lot xe ô tô). Giá 9,2 tỷ","9,2 tỷ",115 m²,80 tr/m²,3,2,"Mỹ Đình 2, Nam Từ Liêm","21.0185661315918, 105.781684875488"
42270033,26/02/2025,"Căn hộ CC phố Nguyễn Cơ Thạch, Mỹ Đình, căn góc - view đẹp, nội thất đẹp, DT 82 m2, giá 4,7 tỷ","4,7 tỷ",82 m²,"57,32 tr/m²",2,2,"Cầu Diễn, Nam Từ Liêm","21.034407947917, 105.763743815043"
41913978,26/02/2025,"Chính chủ cần bán gấp căn hộ chung cư tòa C7 đường Trần Hữu Dực, 104m2, 3PN, 2 VS, hoàn thiện đẹp",Giá thỏa thuận,104 m²,N/A,3,2,"Cầu Diễn, Nam Từ Liêm","21.034868014544156, 105.76438280193439"
42159552,26/02/2025,Chính chủ gửi bán căn hộ 60m2 tk 2n 1wc tòa CT1 Hateco Xuân Phương.Giá chỉ còn 3.2 tỷ.(Cần bán gấp),"3,2 tỷ",60 m²,"53,33 tr/m²",2,1,"Phương Canh, Nam Từ Liêm","21.034814472903683, 105.75058047351499"
42270102,26/02/2025,Chính chủ gửi bán căn hộ 73m2- Tầng trung 20 view hồ- đầy đủ nội thất- bao phí sang tên,"6,4 tỷ",73 m²,"87,67 tr/m²",2,2,"Phú Đô, Nam Từ Liêm","21.01235980583602, 105.76672587588773"
42268160,26/02/2025,"Bán chung cư Vigracera Đại Mỗ chỉ 3,25 tỷ. 2 ngủ khách WC","3,25 tỷ",58 m²,"56,03 tr/m²",N/A,N/A,"Đại Mỗ, Nam Từ Liêm","20.992409438572878, 105.7623599561057"
42269427,26/02/2025,"Bán gấp chung cư cao cấp, Toà B Golden Place Mễ Trì Nam Từ Liêm 119 m2 3PN. 8,57 tỷ","8,57 tỷ",119 m²,"72,02 tr/m²",3,2,"Mễ Trì, Nam Từ Liêm","21.012354281356806, 105.77469012284449"
42269159,25/02/2025,CĂN HỘ 83M2 KĐT MỸ ĐÌNH 2 LÊ ĐỨC THỌ,"4,7 tỷ",83 m²,"56,63 tr/m²",N/A,N/A,"Mỹ Đình 2, Nam Từ Liêm","21.031315555093787, 105.76825578040541"
42269086,25/02/2025,"Bán căn hộ chung cư Golden Palace, 8,6 tỷ, 118,3m2, hàng hot!","8,6 tỷ","118,3 m²","72,7 tr/m²",3,2,"Mễ Trì, Nam Từ Liêm","21.011929177159992, 105.7746320617682"
42265341,25/02/2025,"Bán CC Vinhomes Green Bay Mễ Trì, giá siêu hời 3,55 tỷ, 50m2, 2PN + 1WC","3,55 tỷ",50 m²,71 tr/m²,2,1,"Mễ Trì, Nam Từ Liêm","20.998870786190157, 105.78802006505539"
42153047,25/02/2025,"Bán căn hộ chung cư mini Mỹ Đình gần đình thôn, thiên hiền: DT 50m2 gồm 2 ngủ giá chỉ 1.52 tỷ","1,52 tỷ",50 m²,"30,4 tr/m²",2,1,"Mỹ Đình 1, Nam Từ Liêm","21.0237397030192, 105.774152278815"
42267076,25/02/2025,"Siêu sốc! Duy nhất căn 2n1wc giá 3,1 tỷ, đầy đủ nội thất tại VH Smart City Tây Mỗ","3,1 tỷ",55 m²,"56,36 tr/m²",2,1,"Tây Mỗ, Nam Từ Liêm","21.00933597845352, 105.74357286198975"
39579980,25/02/2025,"Chính chủ bán CC MHDI Bộ Quốc Phòng - 89 Lê Đức Thọ. DT 105m 2 PN. Đầy đủ nội thất. Giá thật 6,4 tỷ","6,4 tỷ",105 m²,"60,95 tr/m²",3,2,"Mỹ Đình 2, Nam Từ Liêm","21.0291709899902, 105.76895904541"
42267512,25/02/2025,"Bán chung cư Hồ Tùng Mậu 96m2, 3ngủ 2 wc chỉ 4,7 tỷ.","4,7 tỷ",96 m²,"48,96 tr/m²",N/A,N/A,"Mỹ Đình 2, Nam Từ Liêm","21.032070305519657, 105.7676960594581"
42262521,25/02/2025,Cần bán căn hộ 96m2 intracom - trung văn - nam từ liêm - liên hệ: 0886 896 ***,"5,5 tỷ",96 m²,"57,29 tr/m²",3,2,"Trung Văn, Nam Từ Liêm","20.990892301632147, 105.7877140917197"
42267414,25/02/2025,"Hàng hiếm ! Căn góc 111m - Ecolife Capital - 58 Tố Hữu, 3 ngủ, sẵn sổ, có slot ô tô",7 tỷ,111 m²,"63,06 tr/m²",3,2,"Trung Văn, Nam Từ Liêm","20.995181570603265, 105.78892381630986"
40641734,25/02/2025,"Bán căn hộ cao cấp tại Tây Hà Tower 115m2, 3PN - 2WC, 2 lô gia full nội thất","4,65 tỷ",115 m²,"40,44 tr/m²",3,2,"Trung Văn, Nam Từ Liêm","20.996280670166016, 105.79325103759766"
41497790,25/02/2025,"Em Kim - Độc quyền căn 2 ngủ The Matrix One full nội thất cao cấp, giá chỉ 7,x tỷ","7,5 tỷ",88 m²,"85,23 tr/m²",2,2,"Mễ Trì, Nam Từ Liêm","21.00938606262207, 105.77387237548828"
42177454,25/02/2025,Bán căn hộ 3n2WC 80m2 tòa S4 Vinhomes Smart City. LH 0984 576 ***,5 tỷ,80 m²,"62,5 tr/m²",3,2,"Tây Mỗ, Nam Từ Liêm","21.005327955894746, 105.73648675423435"
42036047,25/02/2025,"Chỉ với 1.2x tỷ KH sở hữu căn góc 2PN2WC + 1, 70m2 Masteri West Heights","5,2 tỷ",70 m²,"74,29 tr/m²",2,2,"Tây Mỗ, Nam Từ Liêm","21.006277094761984, 105.73701222044988"
42267387,25/02/2025,Chính chủ bán căn 111m2 toà A1 Eco Life Tố Hữu giá 6.x tr/m2 hàng hiếm rẻ,7 tỷ,111 m²,"63,06 tr/m²",3,N/A,"Trung Văn, Nam Từ Liêm","20.99430779712165, 105.7900075780604"
42267332,25/02/2025,"Bán chung cư Hateco Apollo, 3,6 tỷ, 62,2 m2, 2PN, 1WC, ban công hướng Đông LH 0944 974 ***","3,6 tỷ","62,2 m²","57,88 tr/m²",2,1,"Phương Canh, Nam Từ Liêm","21.03495339838586, 105.74962718646916"
42267197,25/02/2025,"Bán căn hộ đẹp VOV Mễ Trì, 4,9 tỷ, 83 m2 3 ngủ 2 vs sẵn sổ full đồ bc đông nam tầng trung","4,9 tỷ",83 m²,"59,04 tr/m²",3,2,"Mễ Trì, Nam Từ Liêm","20.995884030045023, 105.78507190886731"
42109998,25/02/2025,"Bán CC Trần Hữu Dực Iris Garden nhỉnh 4 tỷ, 62m2, view đẹp, full đồ, sẵn sổ giao dịch",4 tỷ,62 m²,"64,52 tr/m²",2,2,"Cầu Diễn, Nam Từ Liêm","21.031588801433937, 105.76056308952579"
41562109,25/02/2025,"Gia đình cần bán nhanh căn hộ 2PN, 92m2, nhỉnh 7 tỷ, có sổ tại The Zei Lê Đức Thọ, Mỹ Đình, Hà Nội",Giá thỏa thuận,92 m²,N/A,2,2,"Mỹ Đình 2, Nam Từ Liêm","21.0306969416899, 105.769237252943"
42177385,25/02/2025,"Chính chủ bán căn 2PN MHDI Bộ Quốc Phòng - 89 Lê Đức Thọ, DT 80m2, đầy đủ nội thất, giá thật 4,5 tỷ","4,5 tỷ",80 m²,"56,25 tr/m²",2,2,"Mỹ Đình 2, Nam Từ Liêm","21.0291821499146, 105.768796607907"
42160773,25/02/2025,"Căn hộ chung cư 3N2W, 98m2 tại The Sun Mễ Trì, giá chỉ với 7.5 tỷ (có thương lượng)","7,5 tỷ",98 m²,"76,53 tr/m²",3,2,"Mễ Trì, Nam Từ Liêm","21.0162015950956, 105.780200877137"
42264883,25/02/2025,"Bán căn 2N2WC, tòa GS1, dự án Vinhomes Smart City, full nội thất, giá tốt 3,6 tỉ. LH: 0389 691 ***","3,6 tỷ","54,5 m²","66,06 tr/m²",2,2,"Tây Mỗ, Nam Từ Liêm","21.006829234718357, 105.7443807395706"
41945490,25/02/2025,"Tôi cần bán căn 2N2 + 1, 63.7m2, giá bán nhanh 3,6 tỷ tại phân khu Sapphire Smart City","3,6 tỷ","63,7 m²","56,52 tr/m²",2,2,"Tây Mỗ, Nam Từ Liêm","21.006675818312, 105.736949020322"
42264112,25/02/2025,Bán căn hộ chung cư quân đội Starup Tower Đại Mỗ giá 6.3tỷ 91m2 full nội thất xịn sò,"6,3 tỷ",91 m²,"69,23 tr/m²",3,2,"Đại Mỗ, Nam Từ Liêm","20.99402619377034, 105.76057123883214"
42266907,25/02/2025,"Nhà mình cần bán nhanh căn 2N2W toà Mỹ đình Plaza 1, Trần bình, Giá 4,3ty- Full đồ- Tầng đẹp - TL","4,29 tỷ",74 m²,58 tr/m²,2,2,"Mỹ Đình 2, Nam Từ Liêm","21.03074071332032, 105.7764098571263"
42266642,25/02/2025,"Bán căn hộ 3PN 2WC tại Dream Town, Tây Mỗ, Nam Từ Liêm 98m2 giá tốt chỉ với 4,4 tỷ","4,4 tỷ",98 m²,"44,9 tr/m²",3,2,"Tây Mỗ, Nam Từ Liêm","21.016644316828373, 105.74669999904393"
42266851,25/02/2025,"Hiếm!!! Bán căn 70m2 thiết kế 2PN, tầng trung có ban công thoáng mát tại chung cư Mỹ Đình Plaza 2.","4,8 tỷ",70 m²,"68,57 tr/m²",2,2,"Mỹ Đình 2, Nam Từ Liêm","21.03052957621971, 105.77483392382136"
42266839,25/02/2025,"Gia đình chuyển sang căn rộng hơn,cần bán lại căn 2pn 70m2 chung cư Mỹ Đình Plaza2,Phố Nguyễn Hoàng","4,85 tỷ",70 m²,"69,29 tr/m²",2,2,"Mỹ Đình 2, Nam Từ Liêm","21.030832443879415, 105.77393675921871"
42266537,25/02/2025,"Chủ nhà cần bán gấp căn hộ 3N2VS trục hoa hậu 02 tòa W3 dt 90m2 giá công khai 8,5 tỷ view thoáng","8,5 tỷ",89 m²,"95,51 tr/m²",3,2,"Mễ Trì, Nam Từ Liêm","21.01242578508447, 105.78613616738691"
40521801,25/02/2025,Bán căn góc thương mại 70m2 toà HH4 FLC Garden City,Giá thỏa thuận,70 m²,N/A,2,2,"Đại Mỗ, Nam Từ Liêm","20.9914360046387, 105.756065368652"
42103951,25/02/2025,"Chính chủ cần bán gấp căn hộ 2PN tòa A2 tại Lumiere EverGreen 5,3 tỷ, 65,7m2, Nam Từ Liêm, HN","5,3 tỷ","65,7 m²","80,67 tr/m²",2,2,"Tây Mỗ, Nam Từ Liêm","21.006469057750213, 105.73563883774969"
42266291,25/02/2025,"Bán CC tại Lumi Hanoi, 5,7 tỷ, 74m2, hàng hiếm tại Nam Từ Liêm, Hà Nội","5,7 tỷ",74 m²,"77,03 tr/m²",2,1,"Tây Mỗ, Nam Từ Liêm","21.011456815091847, 105.73579405888837"
41613998,25/02/2025,"Chính chủ bán căn góc 3PN toà Tây Hà Tố Hữu, DT 125m, giá thật 6,4 tỷ, sẵn sổ, đủ nội thất, có slot","6,4 tỷ",120 m²,"53,33 tr/m²",3,2,"Trung Văn, Nam Từ Liêm","20.996280670166016, 105.79325103759766"
42266406,25/02/2025,"Bán gấp căn góc 160m2, 4PN tại Keangnam, tầng đẹp, giá chỉ 1x tỷ (x như có như ko). Cam kết ko ảo",Giá thỏa thuận,160 m²,N/A,4,3,"Mễ Trì, Nam Từ Liêm","21.0166443217596, 105.784305208189"
42266398,25/02/2025,"Bán gấp CH 100m2_đã sửa đẹp.Chỉ 8tỷ5, Rẻ nhất thị trường tại The Manor Mễ Trì. LH 0946 689 ***","8,5 tỷ",100 m²,85 tr/m²,3,2,"Mỹ Đình 1, Nam Từ Liêm","21.014194787123035, 105.77587274898029"
42265840,25/02/2025,"Bán Iris Garden, 2PN, diện tích 61.5m2, sổ đỏ chính chủ, giá 4 tỷ",4 tỷ,"61,5 m²","65,04 tr/m²",2,2,"Cầu Diễn, Nam Từ Liêm","21.03062361969428, 105.76050733878517"
42266126,25/02/2025,"Giá 4,6 tỷ rẻ nhất thị trường CH (2PN 74m2)chung cư Mỹ Đình Plaza 1 phường Mỹ Đình 2 LH: 0964 874 ***","4,6 tỷ",74 m²,"62,16 tr/m²",2,2,"Mỹ Đình 2, Nam Từ Liêm","21.030769344374963, 105.77575922906027"
42266096,25/02/2025,"Căn hộ 4PN 3VS rộng 133m2 Giá tốt nhất The Emerald - tầng đẹp, view đẹp.Chỉ 8tỷ95, cam kết không ảo","8,95 tỷ",133 m²,"67,29 tr/m²",4,3,"Mỹ Đình 1, Nam Từ Liêm","21.021420887690823, 105.77222332579606"
42266073,25/02/2025,Bán căn 147m2 tháp 4 Dolphin Plaza Mỹ Đình giá hơn 8 tỷ,8 tỷ,147 m²,"54,42 tr/m²",N/A,N/A,"Mỹ Đình 2, Nam Từ Liêm","21.02946731275488, 105.77722373802274"
40272401,25/02/2025,"Bán gấp căn góc DT 124m2 tại dự án An Sinh Lưu Hữu Phước, 3PN, full nội thất, LH xem ngay","6,2 tỷ",124 m²,50 tr/m²,3,2,"Mỹ Đình 2, Nam Từ Liêm","21.033359297363067, 105.77047155931918"
39949445,25/02/2025,Hot bán nhanh căn hoa hậu 4pn Lumi Hanoi P2. 2X trục 13 - tầng cao siêu hiếm. LH 0915 826 ***,Giá thỏa thuận,136 m²,N/A,3,2,"Tây Mỗ, Nam Từ Liêm","21.0115852355957, 105.73583984375"
42265807,25/02/2025,"Chủ Hàn về nước Bán Gấp Ch 93m2_3N2VS_Sổ lâu dài, Tầng cao. Giá tốt nhất Vinhomes West Point. KO ẢO","8,2 tỷ",93 m²,"88,17 tr/m²",3,2,"Mễ Trì, Nam Từ Liêm","21.0113640857336, 105.78712673235063"
37608481,25/02/2025,Em có quỹ căn chuyển nhượng Sunsquare giá tốt nhất thị trường 2N2Vs 85m2 full giá 62tr/m2 sẵn sổ .,"5,27 tỷ",85 m²,62 tr/m²,2,2,"Mỹ Đình 2, Nam Từ Liêm","21.0337657928467, 105.770301818848"
42265357,25/02/2025,"Bán CC Vinhomes Smart City, Tây Mỗ, Nam Từ Liêm, Hà Nội, 3,17 tỷ, 43m2, đẹp, nhiều tiện ích toà GS2","3,17 tỷ",43 m²,"73,72 tr/m²",1,1,"Tây Mỗ, Nam Từ Liêm","21.00829852979859, 105.74365739671232"
42113275,25/02/2025,Bán căn 2PN - 60m2 - 3.7 tỷ full đồ toà The Sakura Vinhomes Smart city,"3,7 tỷ",60 m²,"61,67 tr/m²",2,2,"Tây Mỗ, Nam Từ Liêm","21.005178096807974, 105.73876618395482"
40413822,25/02/2025,"Em có qEm có quỹ căn bán chung cư Golden Field - 3N2W 101m2 full nội thất, giá nhỉnh 6 Tỷ sổ đỏ sẵn","6,4 tỷ",101 m²,"63,37 tr/m²",3,2,"Cầu Diễn, Nam Từ Liêm","21.0351047515869, 105.76554107666"
35882536,25/02/2025,(Hot) cần chuyển nhượng căn hộ Florence Mỹ Đình 28 Trần Hữu Dực 2PN2VS 75m2 view cực đẹp giá 5.3 tỷ,"5,6 tỷ",77 m²,"72,73 tr/m²",2,2,"Cầu Diễn, Nam Từ Liêm","21.0307312011719, 105.761329650879"
40603640,25/02/2025,Chính chủ cần bán nhanh căn hoa hậu Lumi Hanoi-4PN 136m2 GĐ2 tầng cao đẹp P2.2x. 13.LH: 0915 826 ***,11 tỷ,136 m²,"80,88 tr/m²",4,3,"Tây Mỗ, Nam Từ Liêm","21.0115852355957, 105.73583984375"
39021624,25/02/2025,Chính chủ gửi bán CH chung cư FLC Green Apartment 2N2VS full 45m2 giá 2.7 tỷ bao phí LH 0853 368 ***,"2,7 tỷ",45 m²,60 tr/m²,2,2,"Mỹ Đình 2, Nam Từ Liêm","21.0295124053955, 105.779083251953"
42265144,25/02/2025,"Bán gấp CC 2PN, 2WC, 62m2 tại The Canopy Residences, Vinhomes Smart City Tây Mỗ, 4,3 tỷ","4,3 tỷ",62 m²,"69,36 tr/m²",2,2,"Tây Mỗ, Nam Từ Liêm","21.0010727676148, 105.738661674407"
42265197,25/02/2025,"Hot xuất hiện căn góc giá rẻ nhất thị trường (3PN,110m2) chung cư Golden field Mỹ Đình Nam từ Liêm","6,27 tỷ",110 m²,57 tr/m²,3,2,"Cầu Diễn, Nam Từ Liêm","21.03504297688334, 105.76556702436044"
42265057,25/02/2025,"Thanh lý tài sản tại CT8 - The Emerald. CH 109m2, 3N2VS full đồ, tầng cao view đẹp. Nhỉnh 7tỷ,ko ảo","7,4 tỷ",99 m²,"74,75 tr/m²",3,2,"Mỹ Đình 1, Nam Từ Liêm","21.0220590133349, 105.771151977803"
42264923,25/02/2025,"Em Ngọc chuyên VH Skylake được chủ nhà gửi bán CH 133m2, 3PN + 1, view hồ, giá 14tỷx tốt nhất TT",Giá thỏa thuận,133 m²,N/A,3,2,"Mỹ Đình 1, Nam Từ Liêm","21.020443032426737, 105.7809062085991"
42264163,25/02/2025,Bán căn 2n+1 2vs Phân Khu S2 giá rẻ Lh:0903 671 ***,"4,07 tỷ",64 m²,"63,59 tr/m²",2,2,"Tây Mỗ, Nam Từ Liêm","21.0094651255764, 105.74403706114464"
33966955,25/02/2025,"Mỹ Đình Pearl - Bán căn 1 ngủ trong tháng, sẵn sổ giá tốt - 0949 968 ***","4,1 tỷ","50,2 m²","81,67 tr/m²",2,1,"Phú Đô, Nam Từ Liêm","21.012432098388672, 105.76739501953125"
42264778,25/02/2025,Cần bán gấp căn hộ ban công Đông Nam (3PN 103m2) chung cư Sunshine Center. Bao phí. LH 0964 874 ***,"7,35 tỷ",103 m²,"71,36 tr/m²",3,1,"Mỹ Đình 2, Nam Từ Liêm","21.01871710342725, 105.7820673289527"
42263718,25/02/2025,BÁN CHUNG CƯ MỸ ĐÌNH - 82M - LÔ GÓC -2 NGỦ - FULL NỘI THẤT - GIÁ 4.7 TỶ (HHTL3697),"4,7 tỷ",82 m²,"57,32 tr/m²",2,2,"Mỹ Đình 1, Nam Từ Liêm","21.01847089740248, 105.77582799194174"
42263056,25/02/2025,"Bán căn hộ Vinhomes Smart City, 64 triệu/m2, 71m2, 2PN, 2WC Tây Mỗ, Nam Từ Liêm giá siêu hời uy tín","4,54 tỷ",71 m²,64 tr/m²,2,2,"Tây Mỗ, Nam Từ Liêm","21.006914354013123, 105.74456655859083"
42263698,25/02/2025,SIÊU HOT! BÁN CHUNG CƯ LÊ ĐỨC THỌ - 120M - 3PN - THANG MÁY - Ô TÔ - GIÁ CHỈ 6.25 TỶ (HHTL6999),"6,25 tỷ",120 m²,"52,08 tr/m²",3,2,"Mỹ Đình 2, Nam Từ Liêm","21.030466826999938, 105.76875151344998"
42264118,25/02/2025,Chính chủ bán 3n2vs Toà S2 Lh:0903 671 ***,"4,97 tỷ",75 m²,"66,27 tr/m²",3,2,"Tây Mỗ, Nam Từ Liêm","21.008541806504372, 105.74448539568904"
42264108,25/02/2025,"Chính chủ bán căn góc Đông Nam số 11 đẹp nhất MHD 29 Tố Hữu, Từ Liêm, Hà Nội","2,2 tỷ",80 m²,"27,5 tr/m²",3,2,"Trung Văn, Nam Từ Liêm","20.9919548034668, 105.785102844238"
42263972,25/02/2025,Bán chung cư cao cấp The Manor Mễ trì,18 tỷ,190 m²,"94,74 tr/m²",3,2,"Mỹ Đình 1, Nam Từ Liêm","21.014026540690764, 105.77583346042931"
42263988,25/02/2025,"Bán căn hộ 141m2(4PN3WC) tại The Emerald, Mỹ Đình 1, Nam Từ Liêm, Hà Nội, giá cực chất 11 tỷ VND.",11 tỷ,141 m²,"78,01 tr/m²",4,3,"Mỹ Đình 1, Nam Từ Liêm","21.022739250151076, 105.77121107564557"
42263603,25/02/2025,BÁN CHUNG CƯ MỸ ĐÌNH - 99M - LÔ GÓC- 3 THOÁNG - 3 NGỦ - FULL NỘI THẤT - GIÁ 5.5 TỶ(HHTL3696),"5,5 tỷ",99 m²,"55,56 tr/m²",3,2,"Mỹ Đình 1, Nam Từ Liêm","21.031895174713682, 105.76700566395984"
37410484,25/02/2025,"Tổng hợp quỹ căn cắt lỗ bán Ecolife Tố Hữu 1 - 2 - 3 - 4PN năm 2025, LH 0981 960 ***",Giá thỏa thuận,115 m²,N/A,3,2,"Trung Văn, Nam Từ Liêm","20.994268343730788, 105.7895587986085"
42263101,25/02/2025,"BÁN CHUNG CƯ STARUP TOWER- ĐẠI MỖ-91m2 3n2vs 4,35tỉ","3,45 tỷ",91 m²,"37,91 tr/m²",3,2,"Đại Mỗ, Nam Từ Liêm","20.99246154420816, 105.76215350315726"
41934971,25/02/2025,"Căn hộ 4 ngủ đẹp giá cực tốt, 2 ban công siêu rộng, nội thất đầy đủ đẹp như hình, sổ đỏ lâu dài",Giá thỏa thuận,"156,14 m²",N/A,4,3,"Xuân Phương, Nam Từ Liêm","21.031855751970255, 105.75564497187555"
42263006,25/02/2025,"Chính củ bán căn hộ Tòa nhà Intracom1 - Trung Văn, DT 98m2, Thiết kế: 3PN, 2VS, Giá 5,7 tỷ.","5,7 tỷ",96 m²,"59,38 tr/m²",3,2,"Trung Văn, Nam Từ Liêm","20.99093099347163, 105.78742768483542"
42262955,25/02/2025,"Giá nhỉnh 6 tỷ căn góc 3pn Golden Field Hàm Nghi Mỹ Đình , có sẵn slot oto lh: 0396 823 ***","6,5 tỷ",110 m²,"59,09 tr/m²",3,2,"Cầu Diễn, Nam Từ Liêm","21.035128078809706, 105.76572266382453"
42262833,25/02/2025,"Bán căn góc 3PN + 2WC, diện tích 101.3m2, trục 10, ban công hướng Nam chung cư Golden Field Mỹ Đình","6,3 tỷ","101,6 m²","62,01 tr/m²",3,2,"Cầu Diễn, Nam Từ Liêm","21.0344724452524, 105.765556188835"
42118514,25/02/2025,"Bán gấp căn 2 ngủ! Chung cư C14 Bắc Hà - Tố Hữu, sẵn sổ đỏ, sẵn nội thất, giá thương lượng","4,3 tỷ",70 m²,"61,43 tr/m²",2,2,"Trung Văn, Nam Từ Liêm","20.990748183337065, 105.7832073987868"
41599115,25/02/2025,"Tổng hợp quỹ căn Dự Án The Sakura toà SA1 dòng căn Studio từ 2,070 tỉ bao phí.",Giá thỏa thuận,30 m²,N/A,1,1,"Tây Mỗ, Nam Từ Liêm","21.005226135253906, 105.73891448974609"
41599664,25/02/2025,"Tổng Hợp quỹ căn LUMI HÀ NỘI dòng 3N, Duplex từ 5,582 tỉ bao phí.",Giá thỏa thuận,106 m²,N/A,3,2,"Tây Mỗ, Nam Từ Liêm","21.011585235595703, 105.73583984375"
41600063,25/02/2025,"Tổng hợp quỹ căn LUMIER EVERGREEN Studio từ 2,65 tỉ bao phí.",Giá thỏa thuận,"86,8 m²",N/A,2,2,"Tây Mỗ, Nam Từ Liêm","21.006216049194336, 105.73647308349609"
42150135,25/02/2025,"Tổng hợp quỹ căn LUMIER EVERGREEN dòng căn 2N, 3N từ 4,825 tỉ bao phí.",Giá thỏa thuận,68 m²,N/A,2,2,"Tây Mỗ, Nam Từ Liêm","21.00615052314674, 105.73569533799596"
41599613,25/02/2025,"Tổng hợp quỹ căn LUMI HÀ NỘI dòng 1N từ 3,1 tỉ bao phí.",Giá thỏa thuận,42 m²,N/A,1,1,"Tây Mỗ, Nam Từ Liêm","21.011585235595703, 105.73583984375"
41599558,25/02/2025,"Tổng Hợp quỹ căn LUMI HÀ NỘI dòng 2N từ 3,742 tỉ bao phí.",Giá thỏa thuận,54 m²,N/A,2,2,"Tây Mỗ, Nam Từ Liêm","21.0115852355957, 105.73583984375"
41600118,25/02/2025,"GĐ1 Lumi Hà Nội Duplex Đông Nam siêu đẹp toà S1, 193,2m2 với 4PN. BC Đông Nam. Giá CĐT: 15,864 tỉ",Giá thỏa thuận,"193,2 m²",N/A,4,3,"Tây Mỗ, Nam Từ Liêm","21.011585235595703, 105.73583984375"
41321686,25/02/2025,"TRUNG THỰC cung cấp quỹ căn LUMIER EVERGREEN 1N từ 3,45 tỉ bao phí.",Giá thỏa thuận,"32,2 m²",N/A,1,1,"Tây Mỗ, Nam Từ Liêm","21.0062160491943, 105.736473083496"
42060416,25/02/2025,Bán căn 2Pn 70m2 - nhỉnh 5 tỷ - full nội thất xịn toà The TonKin Vinhomes Smart City,Giá thỏa thuận,70 m²,N/A,2,2,"Tây Mỗ, Nam Từ Liêm","21.005714176979616, 105.73812880829674"
42262481,25/02/2025,"Chính chủ gủi bán căn 2 phòng ngủ, 1 vs chung cư an bình plaza, giá : 4.5 tỷ LH: 0977 986 ***",6 tỷ,83 m²,"72,29 tr/m²",2,1,"Mỹ Đình 2, Nam Từ Liêm","21.03050363802141, 105.77762571017159"
41360759,25/02/2025,"Siêu hiếm căn hộ ngay The Manor Mỹ Đình, giá nhỉnh 3 tỷ, đang cho thuê 12 triệu/tháng","3,5 tỷ",42 m²,"83,33 tr/m²",1,1,"Mỹ Đình 1, Nam Từ Liêm","21.0153825958615, 105.778057171156"
41468603,25/02/2025,Chính chủ bán căn hộ cao cấp The Manor Mỹ Đình hai phòng ngủ full nội thất cao cấp,8 tỷ,"100,6 m²","79,52 tr/m²",2,2,"Mỹ Đình 1, Nam Từ Liêm","21.014029622271718, 105.77560616617306"
39127438,25/02/2025,"Cần bán căn hộ chung cư Golden Field - Nguyễn Cơ Thạch giao Hàm nghi. 65m2, 2 ngủ. 0983 335 ***","4,6 tỷ",65 m²,"70,77 tr/m²",2,2,"Cầu Diễn, Nam Từ Liêm","21.0351047515869, 105.76554107666"
41436259,25/02/2025,Bán căn hộ cao cấp The Manor Mỹ Đình 3 ngủ đang cho thuê hơn 30tr/tháng,14 tỷ,189 m²,"74,07 tr/m²",3,3,"Mỹ Đình 1, Nam Từ Liêm","21.0168313042204, 105.779323696511"
41517562,25/02/2025,"Chính chủ cần bán căn hộ 2 phòng ngủ Vinhomes SkyLake tầng trung, view đẹp như tranh",6 tỷ,65 m²,"92,31 tr/m²",2,2,"Mỹ Đình 1, Nam Từ Liêm","21.0201683044434, 105.780754089355"
40358215,25/02/2025,"Chính chủ cần bán căn hộ 02 ngủ tại chung cu Florence - Trần Hữu Dực, Nam Từ Liêm. 0983 335 ***",Giá thỏa thuận,"77,6 m²",N/A,2,2,"Cầu Diễn, Nam Từ Liêm","21.030731201171875, 105.76132965087891"
41524967,25/02/2025,Chính chủ bán căn hộ cao cấp 2 ngủ The Matrix One mặt đường Lê Quang Đạo,"7,8 tỷ",88 m²,"88,64 tr/m²",2,2,"Mễ Trì, Nam Từ Liêm","21.0093860626221, 105.773872375488"
38898834,25/02/2025,"Gia đình không ở cần bán căn hộ chung cư HD Mon City - Hàm Nghi. 67m2, 2 ngủ. 0983 335 ***",Giá thỏa thuận,67 m²,N/A,2,2,"Mỹ Đình 2, Nam Từ Liêm","21.035120010376, 105.767433166504"
42262063,25/02/2025,"BÁN CHUNG CƯ VIGLACERA XUÂN PHƯƠNG, 107M, 3 NGỦ, FULL NỘI THẤT VIP, LÔ GÓC, 5.65 TỶ.","5,65 tỷ",107 m²,"52,8 tr/m²",3,2,"Xuân Phương, Nam Từ Liêm","21.0263490395876, 105.740085878636"
42137088,25/02/2025,Tôi bán căn 2PN - 66m2 toà TonKin giá 4.8 tỷ KĐT Vinhomes Smart City,"4,8 tỷ",66 m²,"72,73 tr/m²",2,2,"Tây Mỗ, Nam Từ Liêm","21.00497615137194, 105.73819614405306"
42158887,25/02/2025,Chính chủ gửi bán căn 2PN2WC tại chung cư NT - Home cách tàu trên cao chỉ 600m,Giá thỏa thuận,"57,3 m²",N/A,2,2,"Phương Canh, Nam Từ Liêm","21.0528857988903, 105.73287865196811"
41320153,25/02/2025,"Bán căn hộ 2n2wc tại phân khu SA dự án Vinhomes Smart City. Giá tốt 3,75 tỷ. Lh 0389 691 ***","3,75 tỷ",54 m²,"69,44 tr/m²",N/A,N/A,"Tây Mỗ, Nam Từ Liêm","21.0052261352539, 105.738914489746"
42260764,25/02/2025,"Bán nhanh căn hộ 2PN, 59m2 tại chung cư NT-HOME. Giá chỉ 3,4 tỷ để lại toàn bộ nội thất","3,4 tỷ",59 m²,"57,63 tr/m²",2,2,"Phương Canh, Nam Từ Liêm","21.0530411933631, 105.733674000086"
42261081,25/02/2025,Bán căn hộ 2PN + 1 cao cấp - tòa A3 Lumière Evergreen Smart City,"5,46 tỷ","73,5 m²","74,29 tr/m²",2,2,"Tây Mỗ, Nam Từ Liêm","21.006216183317356, 105.73602453392142"
42261027,25/02/2025,Chính chủ gửi bán căn chung cư NHS suất ngoại giao lô góc giá FO cho ae thiện chí nhanh tay ạ,"5,59 tỷ","88,8 m²",63 tr/m²,3,2,"Trung Văn, Nam Từ Liêm","20.9918471466145, 105.78931150709252"
42261755,25/02/2025,"Chính chủ cần bán gấp căn hộ ( 2pn 67m) HD mon Nguyễn cơ Thạch .Sổ đỏ,Bao phí.LH 0964 874 ***","4,9 tỷ",67 m²,"73,13 tr/m²",2,2,"Mỹ Đình 2, Nam Từ Liêm","21.03472517170126, 105.76756672818985"
42068654,25/02/2025,"CÓ 102! Bán chung cư Hateco Apollo Xuân Phương, Nam Từ Liêm, full nội thất, 55m2 2PN giá nhỉnh 3 tỷ","3,37 tỷ",55 m²,"61,27 tr/m²",2,1,"Phương Canh, Nam Từ Liêm","21.03469109997244, 105.74968436909096"
42160020,25/02/2025,"Bán căn hộ chung cư CT3 The Manor Mễ Trì 120m2, 3PN 2WC hơn 10 tỷ","10,8 tỷ",120 m²,90 tr/m²,3,2,"Mỹ Đình 1, Nam Từ Liêm","21.0144695564166, 105.775706001688"
42261400,25/02/2025,"CHÍNH CHỦ bán CHCC An Bình Plaza, số 97 phố Trần Bình, Phường Mỹ Đình 2, Nam Từ Liêm, Hà Nội.","6,5 tỷ",83 m²,"78,31 tr/m²",3,2,"Mỹ Đình 2, Nam Từ Liêm","21.0309295741706, 105.777260321951"
41098391,25/02/2025,Chính chủ bán 3 ngủ view hồ Vinhomes Skylake giá 11 tỷ,11 tỷ,100 m²,110 tr/m²,3,2,"Mỹ Đình 1, Nam Từ Liêm","21.02016830444336, 105.78075408935547"
42261102,25/02/2025,"Rẻ nhất thị trường.Gđ cần có tiền,bán căn hộ 2 Ngủ(72,5m2) Bonaza-Duy Tân.Cửa TN.Sẵnsổ.Đủ nội thất",6 tỷ,"72,5 m²","82,76 tr/m²",2,2,"Mỹ Đình 2, Nam Từ Liêm","21.031355783682145, 105.78028684841559"
41870673,25/02/2025,Bán căn hộ 2 ngủ 2wc 63m2 không chênh vào tên trực tiếp CĐT The Victoria Vinhomes Smart City,Giá thỏa thuận,63 m²,N/A,2,2,"Tây Mỗ, Nam Từ Liêm","21.008576546516007, 105.74415341678757"
42261026,25/02/2025,"Bán chung cư Vinhome green bay 62,8m2",6 tỷ,63 m²,"95,24 tr/m²",2,2,"Mễ Trì, Nam Từ Liêm","20.99864036113316, 105.78816260786614"
42094717,25/02/2025,Bán 2 ngủ 2wc tầng 16 toà G1 3.6 tỷ bao phí Imperia Sola Park Vinhomes Smart Tây Mỗ,"3,6 tỷ",55 m²,"65,46 tr/m²",2,2,"Tây Mỗ, Nam Từ Liêm","21.00956567237277, 105.7440629031011"
40928843,25/02/2025,"Bán căn hộ Vinhomes Skylake Phạm Hùng, Nam Từ Liêm 134m2 3PN view hồ giá rẻ nhất","17,5 tỷ",134 m²,"130,6 tr/m²",4,2,"Mỹ Đình 1, Nam Từ Liêm","21.0201683044434, 105.780754089355"
42260931,25/02/2025,"Bán Căn Góc 3PN,3WC+ 1 Kho, Diện Tích 130m2, Tòa B, Trục 07, BanCong Đông Nam tại Sunshine Center","8,7 tỷ",130 m²,"66,92 tr/m²",3,3,"Mỹ Đình 2, Nam Từ Liêm","21.018399350415017, 105.78153765378481"
42261235,25/02/2025,"Bán gấp căn hộ 3PN, 80m2 giá tốt tại Florence Mỹ Đình, Trần Hữu Dực, Cầu Diễn, Nam Từ Liêm, Hà Nội","5,89 tỷ",80 m²,"73,62 tr/m²",3,2,"Cầu Diễn, Nam Từ Liêm","21.030281056319257, 105.76176510185358"
42260848,25/02/2025,"Chị gái em cần bán gấp căn 2n2vs , 53m2 bên tòa A3 giá 4.5 tỷ bao phí","4,5 tỷ",53 m²,"84,91 tr/m²",N/A,N/A,"Tây Mỗ, Nam Từ Liêm","21.006235887426286, 105.73626906137042"
42024719,25/02/2025,"Bán nhanh 3n2vs tại An Bình Plaza, DT 83m, tầng cao view thoáng, sẵn đồ, có slot oto, chỉ từ 4 tỷ 8","4,8 tỷ",83 m²,"57,83 tr/m²",3,2,"Mỹ Đình 2, Nam Từ Liêm","21.0313360414724, 105.776589828946"
42260128,25/02/2025,"Chính chủ bán căn 3PN C'Land 81 Lê Đức Thọ, sổ lâu dài, có slot ô tô","8,1 tỷ",135 m²,60 tr/m²,3,2,"Mỹ Đình 2, Nam Từ Liêm","21.0299608208644, 105.769043501735"
41261070,25/02/2025,"Chính chủ cần bán chuyển nhượng căn studio tại toà cao cấp Masteri West Heights, giá: 1.8 tỷ","1,8 tỷ",30 m²,60 tr/m²,1,1,"Tây Mỗ, Nam Từ Liêm","21.0062065124512, 105.737075805664"
41865057,25/02/2025,"Bán căn hộ cao cấp 3 Phòng ngủ đường Phạm Hùng, Nam Từ Liêm - Diện tích 119m2 - Giá chỉ 88 triệu/m2","10,47 tỷ",119 m²,88 tr/m²,3,2,"Mỹ Đình 2, Nam Từ Liêm","21.018484848945352, 105.78126949733509"
41865154,25/02/2025,Cần bán căn hộ cao cấp 3 phòng ngủ Capital Elite tại Phạm Hùng - Diện tích 126m2 - LH 0986 972 ***,"10,7 tỷ",126 m²,"84,92 tr/m²",3,2,"Mỹ Đình 2, Nam Từ Liêm","21.018294713712674, 105.781559821181"
41261220,25/02/2025,"Chính chủ cần bán chuyển nhượng lại căn 1N + 1 42m2 tại Masteri West Heights giá 2,9 tỷ","2,9 tỷ",42 m²,"69,05 tr/m²",2,1,"Tây Mỗ, Nam Từ Liêm","21.006206512451172, 105.73707580566406"
41288006,25/02/2025,"Chính chủ bán chuyển nhượng căn 2n 54m2 2,8 tỷ khu Sakura full đồ","2,8 tỷ",54 m²,"51,85 tr/m²",2,2,"Tây Mỗ, Nam Từ Liêm","21.005226135253906, 105.7389144897461"
42260341,25/02/2025,"Bán căn hộ chung cư The Garden Hill 99 Trần Bình- Lô góc 2ngủ,2vs chỉ nhỉnh 4tỷ","4,29 tỷ",60 m²,"71,43 tr/m²",2,2,"Mỹ Đình 2, Nam Từ Liêm","21.030569414455083, 105.7769414013486"
38921163,25/02/2025,"HD Mon, bán CH 2 ngủ 67m2. LH: 0982 629 ***","4,5 tỷ",67 m²,"67,16 tr/m²",2,2,"Mỹ Đình 2, Nam Từ Liêm","21.035120010376, 105.767433166504"
42160309,25/02/2025,"0966 769 ***: CH 3N 2VS 70m2 chỉ 3,35tỷ CC Hateco Xuân Phương hướng mát, sẵn sổ, full nội thất ở ngay","3,35 tỷ",70 m²,"47,86 tr/m²",3,2,"Phương Canh, Nam Từ Liêm","21.03499252874138, 105.7494389997096"
40794876,25/02/2025,Cập nhật quỹ căn hộ Iris Garden 30 Trần Hữu Dực cam kết tốt nhất thị trường - giá từ 4.5 tỷ full đồ,Giá thỏa thuận,62 m²,N/A,2,2,"Cầu Diễn, Nam Từ Liêm","21.031162, 105.760414"
42260211,25/02/2025,"Chính chủ bán căn hộ 2 phòng ngủ Hateco Apollo view thoáng, sẵn sổ",3 tỷ,52 m²,"57,69 tr/m²",2,1,"Phương Canh, Nam Từ Liêm","21.034678546252074, 105.74962587419623"
42037624,25/02/2025,Chính chủ bán gấp căn hộ 1N+ 43m2 khu S1 Vinhomes Smart City - Full đồ chỉ 2ty8x bao phí,"2,88 tỷ",43 m²,"66,98 tr/m²",1,1,"Tây Mỗ, Nam Từ Liêm","21.009258272374012, 105.74449580642876"
42260074,25/02/2025,"Bán 2PN - 2WC 55m2 toà GS rẻ nhất thị trường 3.2 tỷ, liên hệ 0944 820 ***","3,2 tỷ",55 m²,"58,18 tr/m²",2,2,"Tây Mỗ, Nam Từ Liêm","21.006553487697136, 105.74454083073724"
42256386,25/02/2025,"Bán gấp chung cư A1 bến xe Mỹ Đình - Phạm Hùng - Nam Từ Liêm, nội thất đầy đủ, sổ hồng vĩnh viễn","1,35 tỷ",50 m²,27 tr/m²,2,1,"Mỹ Đình 1, Nam Từ Liêm","21.0207609584142, 105.768768355684"
42255762,25/02/2025,"Bán CC NHS Trung Văn, 64 triệu/m2, 88m2, 3PN, 2WC, cực chất","5,63 tỷ",88 m²,64 tr/m²,3,2,"Trung Văn, Nam Từ Liêm","20.992614532870274, 105.7886156155777"
40929411,24/02/2025,"Bán căn hộ 2PN - 95m2 chung cư MD Complex, Mỹ Đình. Tầng đẹp, hướng mát. LH 0923 559 ***","5,5 tỷ",95 m²,"57,9 tr/m²",2,2,"Cầu Diễn, Nam Từ Liêm","21.029133, 105.7613"
42253105,24/02/2025,Bán căn hộ chính chủ. Tin thật giá thật,"3,85 tỷ",66 m²,"58,33 tr/m²",2,2,"Đại Mỗ, Nam Từ Liêm","20.991095597653196, 105.75519102265798"
42254652,24/02/2025,"Chính chủ cần bán căn hộ FLC 18 Phạm Hùng DT 60m2 2 ngủ 2 vệ sinh giá 3,3tỷ LH Mr Quân 0369 736 ***","3,3 tỷ",60 m²,55 tr/m²,2,2,"Mỹ Đình 2, Nam Từ Liêm","21.029512, 105.77908"
42117434,24/02/2025,"Chính chủ bán căn 03 toà CT6 vuông vắn. Tầng trung, căn góc, full đồ như ảnh. 72,65m2","4,45 tỷ","72,65 m²","61,25 tr/m²",2,2,"Mỹ Đình 2, Nam Từ Liêm","21.02929415891236, 105.76904906308873"
41625151,24/02/2025,"Chính chủ bán gấp căn 2 ngủ Vinaconex 7 Nguyễn Văn Giáp, 86 m2, Đông Nam, tặng full đồ, giá rẻ",5 tỷ,86 m²,"58,14 tr/m²",2,2,"Cầu Diễn, Nam Từ Liêm","21.03388786315918, 105.75962829589844"
42251590,24/02/2025,"Chính chủ cần bán gấp căn 3 ngủ tòa BIG Tower, ban công Đông Nam, tặng full đồ, 100m2, giá 5,7 tỷ","5,7 tỷ",100 m²,57 tr/m²,3,2,"Mỹ Đình 2, Nam Từ Liêm","21.031227804746713, 105.77829507934152"
42251540,24/02/2025,"Giảm 500 triệu! Mình cần bán căn 3 ngủ BIG Tower Phạm Hùng, ban công Đông Nam, Tặng full đồ","5,8 tỷ",130 m²,"44,62 tr/m²",3,3,"Mỹ Đình 2, Nam Từ Liêm","21.03099262683951, 105.77969876798043"
42218656,24/02/2025,"Chính chủ cần bán gấp căn 3 ngủ, DT 120m2 chung cư Tây Hà, Tố Hữu, giá 6,5 tỷ, sẵn sổ full nội thất","6,5 tỷ",120 m²,"54,17 tr/m²",3,2,"Trung Văn, Nam Từ Liêm","20.9963417065185, 105.793326082582"
42220304,24/02/2025,"Chủ cần tiền bán gấp căn 2N 70m2 CC the Garden Hills, 99 Trần Bình, Giá 4tỷ, sẵn sổ full nội thất",4 tỷ,70 m²,"57,14 tr/m²",2,2,"Mỹ Đình 2, Nam Từ Liêm","21.030199333510293, 105.7771500906971"
42250761,24/02/2025,Chính chủ bán căn 2N ban công Đông Nam full nội thất toà GS giá 3.38 tỷ,"3,38 tỷ","54,8 m²","61,68 tr/m²",2,1,"Tây Mỗ, Nam Từ Liêm","21.0064081994718, 105.744895444531"
42250650,24/02/2025,"Chính chủ bán căn stuido 31,7 m2 Vinsmart City giá 1,92 tỷ full nội thất sẵn sổ không vay","1,92 tỷ","31,7 m²","60,57 tr/m²",1,1,"Tây Mỗ, Nam Từ Liêm","21.0059472971439, 105.736655981959"
42229198,24/02/2025,"Chính chủ cần bán căn hộ Masteri West Heights, Tây Mỗ - DT: 47 m2, 1 phòng ngủ +, đủ nội thất","4,2 tỷ",47 m²,"89,36 tr/m²",1,1,"Tây Mỗ, Nam Từ Liêm","21.006893844763205, 105.73673657131185"
42250104,24/02/2025,"Bán CH Vinhomes West Point, 3,9 tỷ, 32m2 tại Phạm Hùng, giá siêu rẻ","3,9 tỷ",32 m²,"121,88 tr/m²",N/A,N/A,"Mễ Trì, Nam Từ Liêm","21.011628996757576, 105.78677400370817"
42249940,24/02/2025,"Chủ nhà cần tiền gửi cty Thành Phát Land căn hộ 2+ bên SA1 giá nhỉnh 4 tỷ cụ thể 4,1 tỷ","4,1 tỷ",63 m²,"65,08 tr/m²",2,2,"Tây Mỗ, Nam Từ Liêm","21.0053705125467, 105.73896532905"
42249798,24/02/2025,"Quy 300 căn hộ The Canopy giá tốt 2N, 2N + Thành Phát Land. Giá tốt thị trường alo e","5,05 tỷ",73 m²,"69,18 tr/m²",2,2,"Tây Mỗ, Nam Từ Liêm","21.0008634643658, 105.739129368126"
40985038,24/02/2025,"(Độc quyền)bán quỹ căn 2pn toà Hoàng Thành Pearl Mỹ Đình, nhà mới sẵn nội thất giá tốt nhất khu vực",6 tỷ,82 m²,"73,17 tr/m²",2,2,"Cầu Diễn, Nam Từ Liêm","21.040159225463867, 105.76131439208984"
42243855,24/02/2025,"Bán căn hộ 3PN view đẹp tại The Emerald, 105m2, Mỹ Đình 1, Nam Từ Liêm, Hà Nội","7,8 tỷ",105 m²,"74,29 tr/m²",3,2,"Mỹ Đình 1, Nam Từ Liêm","21.0218553930907, 105.772028829025"
41771221,24/02/2025,"Smart City chính chủ cần bán căn 2 ngủ, 61m2, thiết kế đẹp tại Lumiere Evergreen","6,05 tỷ","61,1 m²","99,02 tr/m²",2,2,"Tây Mỗ, Nam Từ Liêm","21.0067975931731, 105.73659195388655"
41297219,23/02/2025,"Quỹ 50 căn chuyển nhượng 2PN, 3PN, Dual Key dự án The Matrix One - Giá tốt, chính chủ gửi bán","7,5 tỷ",89 m²,"84,27 tr/m²",2,2,"Mễ Trì, Nam Từ Liêm","21.00938606262207, 105.77387237548828"
41608203,23/02/2025,"Tôi bán gấp căn 1PN + 46m2, 2.75tỷ bao phí, tầng đẹp, full đồ đầu tư hơn 250tr sẵn sổ (DTTT 42.8m2)","2,75 tỷ",46 m²,"59,78 tr/m²",1,N/A,"Tây Mỗ, Nam Từ Liêm","21.006216049194336, 105.7364730834961"
40917929,23/02/2025,"Chính chủ cần bán gấp căn hộ 2 ngủ DT 93m2 dự án The Matrix One - Lê Quang Đạo, full đồ",Giá thỏa thuận,93 m²,N/A,2,2,"Mễ Trì, Nam Từ Liêm","21.0093860626221, 105.773872375488"
41725432,23/02/2025,"Chính chủ bán nhanh căn hộ 3pn view hồ dự án Matrix One Lê Quang Đạo sổ đỏ, full đồ",8 tỷ,130 m²,"61,54 tr/m²",3,2,"Mễ Trì, Nam Từ Liêm","21.009325939227615, 105.77380144461334"
42095021,23/02/2025,Cần bán Căn hộ 3 ngủ rộng rãi siêu thoáng view đẹp ngay mặt đường 18 Phạm Hùng. Có slot oto,11 tỷ,127 m²,"86,61 tr/m²",3,2,"Mỹ Đình 2, Nam Từ Liêm","21.018204961291254, 105.78191608696291"
42240617,22/02/2025,Cần bán gấp căn góc 4PN Vinhomes Gardenia 137m2 hướng Đông Nam view sân Mỹ Đình. LH: 0968 748 ***,Giá thỏa thuận,137 m²,N/A,4,3,"Cầu Diễn, Nam Từ Liêm","21.03652453533176, 105.75969706336339"
42263840,08/03/2025,CC bán chuyển nhượng: Stu-1tỷ56; 1PN+2tỷ350; 2PN-2.9tỷ; 2PN+3.66tỷ; 3PN-4.2tỷ Vinhomes Smart City,"4,2 tỷ",81 m²,"51,85 tr/m²",3,2,·,"21.006672474017645, 105.73667484931228"
42359462,08/03/2025,Quỹ căn chuyển nhượng giá tốt Masteri - Tonkin - Canopy - Imperia - Sakura - Saphire... mới nhất,"4,5 tỷ",63 m²,"71,43 tr/m²",2,2,·,"21.00670118010374, 105.73712029650164"
38632324,08/03/2025,Độc quyền quỹ căn 2-3-4 ngủ và Duplex tại Vinhomes Gardenia bán gấp cập nhật hàng ngày. 0399 028 ***,"5,9 tỷ",80 m²,"73,75 tr/m²",2,2,"Cầu Diễn, Nam Từ Liêm","21.03677877898511, 105.76125987977306"
39487186,08/03/2025,"Chính chủ bán 5 CH Masteri West Height, 43 - 75m2, 1PN + 1 - 3PN, giá từ 3 tỷ. LH: 0988 152 ***",3 tỷ,43 m²,"69,77 tr/m²",1,1,"Tây Mỗ, Nam Từ Liêm","21.0062065124512, 105.737075805664"
41777596,08/03/2025,"Em Được chuyên bán chuyển nhượng giá tốt nhất dự án Imperia Smart City, Phường Tây Mỗ, Nam Từ Liêm.",3 tỷ,43 m²,"69,77 tr/m²",1,1,"Tây Mỗ, Nam Từ Liêm","20.999866959372653, 105.73797771322658"
39993461,08/03/2025,"Tổng hợp 99 căn hộ chuyển nhượng I1, I2, I3, I4, I5 giá rẻ từ 1.9tỷ-3.7tỷ hỗ trợ vay vốn ngân hàng","3,6 tỷ",55 m²,"65,46 tr/m²",2,1,"Tây Mỗ, Nam Từ Liêm","20.99933031642184, 105.73806364771225"
42369472,08/03/2025,"Cập nhật quỹ căn 2PN-3PN-4PN đầy đủ nhất, mới nhất, giá tốt nhất T3/2025","9,3 tỷ",108 m²,"86,11 tr/m²",3,2,"Mỹ Đình 2, Nam Từ Liêm","21.034288687769738, 105.76943563577514"
42105531,08/03/2025,Mình là Thắng bán 09 căn: Stu - 1tỷ780; 1PN + 2tỷ55; 2PN - 3.7 tỷ; 3PN - 5.3tỷ Masteri West Heights,"2,55 tỷ","46,5 m²","54,84 tr/m²",1,1,"Tây Mỗ, Nam Từ Liêm","21.0064303561987, 105.736212138223"
42140367,08/03/2025,Chính chủ bán mấy căn: Studio - 1tỷ66 và 2PN - 69m2 - 3tỷ8/ 1PN - 2.5tỷ và 2PN 2.8tỷ Imperia Smart,"2,5 tỷ",46 m²,"54,35 tr/m²",1,N/A,"Tây Mỗ, Nam Từ Liêm","20.999819833299316, 105.73808867738116"
42303623,08/03/2025,"Quỹ 999 CH: Studo=1PN +,2PN +,3PN ở Masteri WH, Tonkin, Imperia... Tại Smart City, giá chỉ từ 1.5ty","1,55 tỷ",30 m²,"51,67 tr/m²",1,1,"Tây Mỗ, Nam Từ Liêm","21.0090081598915, 105.74428532782217"
42367822,08/03/2025,Qũy 299 căn độc quyền giá tốt nhất DA Vinhomes Smart City của Thành Phát Land - Ms.Ly- 0967 663 ***,"4,2 tỷ",65 m²,"64,61 tr/m²",2,2,"Tây Mỗ, Nam Từ Liêm","21.000587329785205, 105.73946960015864"
42367247,08/03/2025,"Quỹ 1000 căn hộ phân khu Masteri West Height Giá rẻ nhất thị trường,Studio-3PN,LH Em:0343 138 ***","2,9 tỷ",43 m²,"67,44 tr/m²",1,1,"Tây Mỗ, Nam Từ Liêm","21.006203757977172, 105.73706283593857"
39224465,07/03/2025,"Bán căn góc 2PN+1, 64m2 thiết kế được 3PN giá 3,95tỷ bao phí Vin Smart city -Full đồ -Có hỗ trợ vay","3,95 tỷ",64 m²,"61,72 tr/m²",3,2,"Tây Mỗ, Nam Từ Liêm","21.0088520050049, 105.743919372559"
42249907,07/03/2025,Độc quyền quỹ căn hộ Skylake loại 1-2-3-4 ngủ & Sky Villa giá chuyển nhượng tốt nhất thị trường,9 tỷ,102 m²,"88,24 tr/m²",3,2,"Mỹ Đình 1, Nam Từ Liêm","21.02035229403847, 105.7807712928192"
33093016,07/03/2025,Bán Vinhomes Skylake từ 1pn 4.9 tỷ - 2pn 6.3 tỷ - 3pn 9.2 tỷ - 4pn 15 tỷ - Penthouse LH 0976 069 ***,"9,2 tỷ",100 m²,92 tr/m²,3,2,"Mỹ Đình 1, Nam Từ Liêm","21.0201683044434, 105.780754089355"
42363166,07/03/2025,"CẦN THOÁT hàng 2 ngủ TỪ 3.3 tỷ Vin Smart, 25 Căn 2 ngủ GIÁ TỐT, DANH SÁCH ĐẦY ĐỦ DƯỚI NỘI DUNG","3,3 tỷ",55 m²,60 tr/m²,2,1,"Tây Mỗ, Nam Từ Liêm","21.008260970643256, 105.74448202914607"
42303094,07/03/2025,"Tổng hợp đầy đủ quỹ căn 2PN-3PN-4PN, Duplex/Penthouse chung cư The Zei Plaza. Nơi trái tim Mỹ Đình",Giá thỏa thuận,106 m²,N/A,3,2,"Mỹ Đình 2, Nam Từ Liêm","21.0343785904851, 105.769518631561"
42359468,07/03/2025,"Xuân Phương Quốc Hội - Quỹ Căn 2PN,3PN,4PN diện tích 53m đến 156m từ 3,5 tỷ. LH 0916 820 ***","5,3 tỷ",98 m²,"54,08 tr/m²",3,2,"Phương Canh, Nam Từ Liêm","21.03199688018119, 105.75549761653487"
41989075,07/03/2025,"Chính chủ cần bán căn 2PN 53.9m2-giá cắt lỗ chỉ 3,42 tỷ, full nội thất, tầng trung tòa SA3 Vinsmart","3,42 tỷ","53,9 m²","63,45 tr/m²",2,2,"Tây Mỗ, Nam Từ Liêm","21.0055779771169, 105.738788576945"
42372027,08/03/2025,"Thanh lý tài sản trả nợ, cần bán gấp căn duplex 134m2 view vườn dự án Lumi Hà Nội 10.7 tỷ","10,7 tỷ",134 m²,"79,85 tr/m²",3,N/A,"Tây Mỗ, Nam Từ Liêm","21.011501113766602, 105.73586919309653"
42181669,08/03/2025,"Mở bán chung cư mini Phạm Hùng - Mỹ Đình - Cầu Giấy, vị trí vàng quận Cầu Giấy. Gần Keangnam 72","1,25 tỷ",55 m²,"22,73 tr/m²",2,1,"Mễ Trì, Nam Từ Liêm","21.0178176009308, 105.78093378176"
41560118,08/03/2025,"Chính chủ gửi bán căn hộ 266m2- 3N DolPhin Plaza, Full nội thất. Giá chuẩn 15 tỷ. LH 0961 270 ***",15 tỷ,266 m²,"56,39 tr/m²",3,3,"Mỹ Đình 2, Nam Từ Liêm","21.0300445556641, 105.776626586914"
42368916,08/03/2025,Liên hệ 0948 200 *** để vào hội mua bán trao đổi The Matrix One 1 và 2 chọn căn tầng đẹp,Giá thỏa thuận,80 m²,N/A,2,2,"Mễ Trì, Nam Từ Liêm","21.0098468816598, 105.77373688953068"
41135393,08/03/2025,"Bán CHCC 1PN, 2PN, 3PN, 4PN Vinhomes Gardenia - không báo ảo, hỗ trợ A - Z. LH 0989 324 *** Em Châu","8,2 tỷ",106 m²,"77,36 tr/m²",3,2,"Cầu Diễn, Nam Từ Liêm","21.036313155435383, 105.76035727113063"
42370803,08/03/2025,"Bán CHCC 1PN, 2PN, 3PN, 4PN Vinhomes Gardenia - cam kết không báo ảo, hỗ trợ A - Z. LH 0977 986 ***","4,3 tỷ",55 m²,"78,18 tr/m²",1,1,"Cầu Diễn, Nam Từ Liêm","21.0363070030741, 105.76035727952735"
42370441,08/03/2025,"BÁN GẤP CĂN GÓC 2 NGỦ 2 VỆ SINH- TÒA GS2 -3,9 TỶ. DT 61,6M, SỔ LÂU DÀI-VINHOMES SMART CITY","3,9 tỷ","61,6 m²","63,31 tr/m²",2,2,"Tây Mỗ, Nam Từ Liêm","21.00597253314548, 105.74492725777412"
42370334,08/03/2025,Tổng hợp quỹ căn 2 - 3PN giá chỉ từ 5 tỷ 8 tại dự án Hoàng Thành Pearl. LH 0397 942 *** (e Hiếu),"5,8 tỷ",80 m²,"72,5 tr/m²",2,2,"Cầu Diễn, Nam Từ Liêm","21.03962886242869, 105.76092441149108"
42369956,08/03/2025,CĂN HỘ 93M2 KHU ĐÔ THỊ MỸ ĐÌNH 2 LÊ ĐỨC THỌ,"5,65 tỷ",93 m²,"60,75 tr/m²",3,2,"Mỹ Đình 2, Nam Từ Liêm","21.03153591271122, 105.7684082622747"
42368316,08/03/2025,Tổng hợp Quỹ căn chuyển nhượng-cho thuê Toàn bộ The Matrix One - Update hàng tuần giá CHUẨN,"7,8 tỷ",88 m²,"88,64 tr/m²",2,N/A,"Mễ Trì, Nam Từ Liêm","21.00865405756431, 105.77350504562749"
40697192,08/03/2025,"Tổng hợp 69 căn chuyển nhượng giá rẻ tại The Canopy TC1, TC2, TC3 giá từ 1,8 tỷ - 4,2 tỷ","4,53 tỷ",73 m²,62 tr/m²,3,2,"Tây Mỗ, Nam Từ Liêm","21.0006259152627, 105.73997705352664"
37410484,08/03/2025,"Tổng hợp quỹ căn cắt lỗ bán Ecolife Tố Hữu 1 - 2 - 3 - 4PN năm 2025, LH 0981 960 ***",Giá thỏa thuận,115 m²,N/A,3,2,"Trung Văn, Nam Từ Liêm","20.994268343730788, 105.7895587986085"
40711454,08/03/2025,"Chính chủ bán cắt lỗ 2PN + 1, DT: 70,7m2, full đồ, sẵn sổ - tòa Tokin 1, giá cực tốt chỉ 4,79 tỷ","4,79 tỷ","70,7 m²","67,75 tr/m²",2,2,"Tây Mỗ, Nam Từ Liêm","21.004501880576594, 105.73948291810161"
42277266,08/03/2025,"Bán gấp giá gốc 4.5 tỷ: căn hộ 2PN + , diện tích 62,3m2 tòa Masteri West Heights (Nhà mới 100%).","4,5 tỷ","62,3 m²","72,23 tr/m²",2,2,"Tây Mỗ, Nam Từ Liêm","21.00663036001132, 105.73634553499178"
40633884,08/03/2025,Chính chủ bán gấp căn studio 2 tỷ 05 chung cư Masteri West Height Vin Smart City,"2,05 tỷ","30,3 m²","67,66 tr/m²",1,1,"Tây Mỗ, Nam Từ Liêm","21.0059071276347, 105.73634761970457"
41174446,08/03/2025,"Bán căn hộ chính chủ 2PN, 3PN chung cư Hoàng Thành Pearl - giá tốt, hỗ trợ A - Z, LH 0989 324 ***","5,9 tỷ",80 m²,"73,75 tr/m²",2,2,"Cầu Diễn, Nam Từ Liêm","21.030918133991, 105.759112158257"
41572788,08/03/2025,Tôi chính chủ cần bán gấp trong tuần 2 căn: Studio sổ lâu dài và căn góc 2PN - 2VS tòa G3 Green Bay,Giá thỏa thuận,28 m²,N/A,1,1,"Mễ Trì, Nam Từ Liêm","20.9989585876465, 105.788032531738"
41944019,08/03/2025,"Chính chủ cần bán gấp căn 01, tòa G1, DT 61m2, Vinhomes Green Bay Mễ Trì. Giá 3.9 tỷ (55,4m2 TT)","3,9 tỷ",61 m²,"63,93 tr/m²",2,1,"Mễ Trì, Nam Từ Liêm","20.9993227371044, 105.78731442364"
41516026,08/03/2025,"Chính chủ bán gấp: Căn 2PN, 56m2, 2.55 tỷ và Studio 1 tỷ 350tr, 28m2 Vinhomes Green Bay, 0963 081 ***",Giá thỏa thuận,56 m²,N/A,2,1,"Mễ Trì, Nam Từ Liêm","20.998894962372344, 105.78757336593776"
39803935,08/03/2025,Chính chủ bán gấp trong tháng CH 2PN tại CC Vinhomes Gardenia giá 6 tỷ. LH 0964 507 ***,6 tỷ,79 m²,"75,95 tr/m²",2,2,"Cầu Diễn, Nam Từ Liêm","21.0366529856233, 105.76072423303908"
42369290,08/03/2025,Bán gấp căn hộ 3PN góc tại The Canopy- Vinhomes Smart City giá tốt nhất hiện nay.,"6,18 tỷ",80 m²,"77,25 tr/m²",3,2,"Tây Mỗ, Nam Từ Liêm","21.000824069161478, 105.73954242641189"
41526341,08/03/2025,"Nhượng gấp căn 2PN 2VS - tòa G2, 3.58 tỷ, DT 69.5m2, sổ lâu dài - GreenBay Mễ Trì","3,58 tỷ","69,5 m²","51,51 tr/m²",2,2,"Mễ Trì, Nam Từ Liêm","20.9989585876465, 105.788032531738"
40386522,08/03/2025,"Gấp siêu rẻ: 3.6 tỷ với căn 2N - 2WC toà G1, 69m2, Vinhomes Green Bay!","3,6 tỷ","69,23 m²",52 tr/m²,2,2,"Mễ Trì, Nam Từ Liêm","20.999459300220057, 105.78724157693917"
41723806,08/03/2025,"Chính chủ cần bán gấp giá cắt lỗ căn 2PN2VS diện tích 63m2 tại Vinhomes Green Bay giá 3,6 tỷ","3,6 tỷ",63 m²,"57,14 tr/m²",2,2,"Mễ Trì, Nam Từ Liêm","20.99893185284047, 105.78801621539036"
41912324,08/03/2025,"Chính chủ bán lại căn hộ 2, 3PN tại dự án Lumi Hà Nội giá cực tốt. LH 0982 281 ***","3,8 tỷ",54 m²,"70,37 tr/m²",2,2,"Tây Mỗ, Nam Từ Liêm","21.0107790785049, 105.73568315849643"
42358242,08/03/2025,"Bán quỹ căn giá rẻ nhất Hoàng Thành Pearl, Nguyễn Văn Giáp, DT 80m2 (2PN), 114m2(3PN) LH 0906 241 ***","5,8 tỷ",80 m²,"72,5 tr/m²",2,2,"Cầu Diễn, Nam Từ Liêm","21.040941470893387, 105.76152469675814"
41817657,08/03/2025,The Matrix One chính chủ chuyển công tác bán gấp 3PN2VS 120m2 giá 11 tỷ. Giá tốt nhất thị trường,11 tỷ,120 m²,"91,67 tr/m²",3,2,"Mễ Trì, Nam Từ Liêm","21.009931343926766, 105.77424557931616"
40891390,08/03/2025,"Vinhomes Skylake chính chủ chuyển công tác gửi bán 3PN 2VS 100m2 giá 8,9tỷ.Giá tốt nhất thị trường","8,9 tỷ",100 m²,89 tr/m²,3,2,"Mỹ Đình 1, Nam Từ Liêm","21.019529387059453, 105.78111613846266"
42365630,07/03/2025,"MHD Trung Văn, Quỹ căn độc quyền trực tiếp CDT căn 3PN 106m2 giá 8,8 tỷ, Liên hệ ngay 0936 483 ***","8,8 tỷ","105,5 m²","83,41 tr/m²",3,2,"Trung Văn, Nam Từ Liêm","20.99261436806694, 105.78510480992924"
42250767,07/03/2025,"Ban quản lý cập nhật quỹ 100 căn hộ 2PN-3PN giá 5,7 tỷ đến 7,2 tỷ tốt nhất dự án Hoàng Thành Pearl","6,06 tỷ",80 m²,"75,75 tr/m²",2,N/A,"Cầu Diễn, Nam Từ Liêm","21.04014475375603, 105.76095585772474"
42364311,07/03/2025,"(Căn Mới) quỹ căn hộ đang giao bán tại WB.DT 65m, 85m, 90m, 110m, 129m : giá chỉ từ 5.6 tỷ-11 tỷ","5,6 tỷ",70 m²,80 tr/m²,2,2,"Mễ Trì, Nam Từ Liêm","21.01188710260109, 105.78564438023693"
42364248,07/03/2025,Bán gấp CH Vinhomes Smart giá chỉ từ 2 tỷ 1,"2,1 tỷ","28,1 m²","74,73 tr/m²",1,1,"Tây Mỗ, Nam Từ Liêm","21.00606380701022, 105.73607135986974"
42340194,07/03/2025,Chính chủ bán 16 căn: Studio - 1.25 tỷ; 2PN - 2.8 tỷ; 70m2 - 3.8 tỷ; 3PN - 5.85 tỷ. VH Green Bay,"4,2 tỷ",69 m²,"60,87 tr/m²",2,2,"Mễ Trì, Nam Từ Liêm","20.9989585876465, 105.788032531738"
41909272,07/03/2025,Chính chủ đầu tư gửi bán 8 căn hộ Studio mới 100% tòa G3 Vinhomes GreenBay Mễ Trì,Giá thỏa thuận,28 m²,N/A,1,1,"Mễ Trì, Nam Từ Liêm","20.9988716726895, 105.788367259118"
41594654,07/03/2025,"Chính chủ bán gấp 2PN - DT 59.1m2, tròn 2 tỷ 880 bao phí, cc cao cấp Vinhomes Smart City","2,88 tỷ",46 m²,"62,61 tr/m²",1,N/A,"Tây Mỗ, Nam Từ Liêm","21.0062160491943, 105.736473083496"
38829444,07/03/2025,"Bán gấp căn hộ 3 phòng ngủ, 75.6m2 căn góc, tầng 25 tòa GS2 dự án Vinhomes Smart City","4,6 tỷ","75,6 m²","60,85 tr/m²",3,2,"Tây Mỗ, Nam Từ Liêm","21.00693091022613, 105.7453289563825"
42363667,07/03/2025,"Quỹ căn giá tốt Ecolife Capitol, 58 Tố Hữu, Nam Từ Liêm. LH E Thành 0978 965 ***",5 tỷ,75 m²,"66,67 tr/m²",2,2,"Trung Văn, Nam Từ Liêm","20.9950246289913, 105.789098279127"
42331503,07/03/2025,Gấp gấp gấp! Tìm chủ mới cho quỹ căn hộ độc quyền tại Vinhomes Skylake Phạm Hùng,6 tỷ,67 m²,"89,55 tr/m²",2,2,"Mỹ Đình 1, Nam Từ Liêm","21.020225199955703, 105.77983516763169"
41573053,07/03/2025,"Duy nhất 01 căn studio, 1 tỷ 650! DT: 33,9m2 đẹp nhất dự án, tầng trung tòa S4 khu Sapphire","1,65 tỷ","33,9 m²","48,67 tr/m²",1,1,"Tây Mỗ, Nam Từ Liêm","21.0063386949769, 105.7358775612"
42326997,07/03/2025,"Cần vốn đầu tư bán gấp căn 2 ngủ 54.8m2 tòa S202 giá 3,1 tỷ bao phí(giá chuẩn)","3,1 tỷ","54,8 m²","56,57 tr/m²",2,1,"Tây Mỗ, Nam Từ Liêm","21.0060439805558, 105.736160084796"
41598459,07/03/2025,"Cần giao dịch nhanh căn studio tòa GS3 - DT 30,6m2, giá 1 tỷ 800tr bao phí(giá chuẩn)","1,8 tỷ","30,6 m²","58,82 tr/m²",1,1,"Tây Mỗ, Nam Từ Liêm","21.0065746307373, 105.745048522949"
42285877,07/03/2025,"Chủ nhà rất nhiệt tình bán 2 căn hộ 82m2 và 96m2 tòa CT8 The Emerald, giá tốt. Lh: 0986 787 ***","6,5 tỷ",96 m²,"67,71 tr/m²",3,2,"Mỹ Đình 1, Nam Từ Liêm","21.022153588847978, 105.77182945730706"
38149752,07/03/2025,"Quỹ căn hộ bán lại The Matrix One. 2PN, 3PN, đập thông, giá cực tốt đã có sổ LH: 0924 952 ***",10 tỷ,"114,33 m²","87,47 tr/m²",3,2,"Mễ Trì, Nam Từ Liêm","21.0093860626221, 105.773872375488"
42346671,07/03/2025,"Bán căn hộ 2PN Masteri West Heights hoàn thiện nội thất siêu đẹp, chỉ cần xách vali đến ở","4,7 tỷ",55 m²,"85,46 tr/m²",2,2,"Tây Mỗ, Nam Từ Liêm","21.0056424433175, 105.736777047466"
41642480,07/03/2025,"Chốt giá 2.7 tỷ bao phí căn: 1N + phân khu Imperia, DT 43.2m2 hướng TN, NT full đẹp","2,7 tỷ","43,2 m²","62,5 tr/m²",1,1,"Tây Mỗ, Nam Từ Liêm","20.9992771148682, 105.73811340332"
42176192,07/03/2025,Tổng hợp quỹ căn 2PN và 3PN chính chủ giá cắt lỗ tốt nhất tại Vinhomes Green Bay,"5,8 tỷ",86 m²,"67,44 tr/m²",3,2,"Mễ Trì, Nam Từ Liêm","20.9992589796583, 105.787641157502"
42361487,07/03/2025,"Bán gấp căn studio: 1.82 tỷ tại phân khu Sakura 33.6m2, full đồ, lỗ so với TT 350tr","1,82 tỷ","33,6 m²","54,17 tr/m²",1,1,"Tây Mỗ, Nam Từ Liêm","21.004861554911248, 105.73918020597633"
42361465,07/03/2025,"(Giá 1 tỷ 580 (cắt lỗ 500tr) chính chủ cần bán căn Studio tòa S2, DT 36,4 m2 hướng ĐN, full đồ đẹp","1,58 tỷ","36,4 m²","43,41 tr/m²",1,1,"Tây Mỗ, Nam Từ Liêm","21.0065612081517, 105.73633043851933"
42354328,07/03/2025,"Cắt lỗ 300tr, chính chủ cần bán 2PN 55m2 full đồ, sẵn sổ, tầng trung tòa S1 Smart City chỉ 2.98 tỷ","2,98 tỷ",55 m²,"54,18 tr/m²",2,1,"Tây Mỗ, Nam Từ Liêm","21.006222742743, 105.736289105475"
42361408,07/03/2025,"Em Mỹ cập nhật quỹ căn bán tại Chung cư cao cấp The Zei - số 8 Lê Đức Thọ, 02PN-03PN-Duplex.Giá tốt","7,4 tỷ",94 m²,"78,72 tr/m²",2,2,"Mỹ Đình 2, Nam Từ Liêm","21.035289399531933, 105.7699353207284"
42332642,07/03/2025,"Chính chủ cần tiền gấp bán nhanh căn 3PN 74,9m2 giá 4,25 tỷ Vinhome Smart City. L/H: 0975 982 ***","4,25 tỷ","74,9 m²","56,74 tr/m²",3,2,"Tây Mỗ, Nam Từ Liêm","21.00664997656732, 105.73654511916"
42326455,07/03/2025,"Cung cấp quỹ căn giá rẻ nhất Hoàng Thành Pearl, Nguyễn Văn Giáp, từ 2PN-3PN. Giao dịch chính chủ","5,8 tỷ",81 m²,"71,6 tr/m²",2,2,"Cầu Diễn, Nam Từ Liêm","21.040472201971838, 105.76138148236022"
41608203,07/03/2025,"Tôi bán gấp căn 1PN + 46m2, 2.55tỷ bao phí, tầng đẹp, full đồ đầu tư hơn 250tr sẵn sổ (DTTT 42.8m2)","2,55 tỷ",46 m²,"55,44 tr/m²",1,N/A,"Tây Mỗ, Nam Từ Liêm","21.0062160491943, 105.736473083496"
42360689,07/03/2025,Chính chủ gửi bán nhiều căn hộ 2 - 3 - 4PN giá tốt tại VinGardenia LH: 0983 051 ***,"6,5 tỷ",80 m²,"81,25 tr/m²",2,1,"Cầu Diễn, Nam Từ Liêm","21.036255381592547, 105.75983836396946"
42360610,07/03/2025,"Cập nhật những căn hộ the matrix one dai đoạn 1. DT 87m, 112m,114m : giá bán chỉ từ 7.6 tỷ - 9 tỷ",9 tỷ,114 m²,"78,95 tr/m²",3,2,"Mễ Trì, Nam Từ Liêm","21.009250289414467, 105.77328796592184"
38565495,07/03/2025,Báo đúng giá: Tổng hợp quỹ căn bán mới nhất tại Mỹ Đình Pearl T3/2025,"5,9 tỷ",73 m²,"80,82 tr/m²",2,2,"Phú Đô, Nam Từ Liêm","21.012216506494948, 105.76822633445869"
34206018,07/03/2025,"T.H 20 căn 3N DT 133m2 - 144m2 - 152m2, 156m2 - 169m2, 198m2 tại Dolphin giá chỉ từ 46tr - 49tr/m2","7,45 tỷ",152 m²,49 tr/m²,3,2,"Mỹ Đình 2, Nam Từ Liêm","21.0300445556641, 105.776626586914"
41175609,07/03/2025,"PKD dự án Lumi Hà Nội tổng hợp quỹ hàng chuyển nhượng 1-2-3PN, Pent, Duplex đẹp nhất dự án giá tốt",3 tỷ,43 m²,"69,77 tr/m²",1,1,"Tây Mỗ, Nam Từ Liêm","21.0115852355957, 105.73583984375"
42342932,07/03/2025,"Giá thật! Bán quỹ căn chung cư Hoàng Thành Pearl Nguyễn Văn Giáp, căn 2PN - 3PN LH: 0399 388 ***","5,8 tỷ",80 m²,"72,5 tr/m²",2,2,"Cầu Diễn, Nam Từ Liêm","21.040640378668932, 105.7609434071036"
42145138,07/03/2025,"Chính chủ bán căn hộ Sunshine Center - 16 Phạm Hùng. 130m2, 3 ngủ, full đồ đẹp. 0983 335 ***",Giá thỏa thuận,130 m²,N/A,3,2,"Mỹ Đình 2, Nam Từ Liêm","21.0186107461537, 105.781601961654"
42036137,07/03/2025,"Quỹ căn chuyển nhượng cam kết giá tốt nhất CT8 The Emerald 76m2, 81m2, 89,5m2, 95m2, 104m2, 124m2","5,55 tỷ",81 m²,"68,52 tr/m²",2,2,"Mỹ Đình 1, Nam Từ Liêm","21.022309314173096, 105.77203510676483"
42321475,07/03/2025,"Bán căn 2 ngủ 78m2 tòa Roman Plaza, nội thất mới, có slot, sổ đỏ CC - 4,75 tỷ bao phí. 0986 787 ***","4,75 tỷ",78 m²,"60,9 tr/m²",2,2,"Đại Mỗ, Nam Từ Liêm","20.98426974211681, 105.77587826611303"
42319057,07/03/2025,"Bán căn 2 ngủ trục 05 toà S2 Vinhomes Skylake, view toàn bộ hồ. DT 81m giá bán 8,2 tỷ bao hết phí","8,2 tỷ",81 m²,"101,24 tr/m²",2,2,"Mỹ Đình 1, Nam Từ Liêm","21.02008794595044, 105.77999236887632"
42359158,07/03/2025,"Chính chủ bán Emerald CT8 Đình Thôn - Mỹ Đình. DT 102m2 3PN. Đầy đủ nội thất đẹp. Giá thật 6,65 tỷ","6,65 tỷ",102 m²,"65,2 tr/m²",3,2,"Mỹ Đình 1, Nam Từ Liêm","21.021766044022538, 105.77176632723977"
42312147,07/03/2025,"Bán CC Florence Mỹ Đình, giá siêu hời 5,8 tỷ, 80,3m2, 2PN, 2WC, view đẹp","5,8 tỷ","80,3 m²","72,23 tr/m²",2,2,"Cầu Diễn, Nam Từ Liêm","21.03017716009173, 105.76107872450471"
42305981,07/03/2025,"Tổng hợp quỹ căn hộ 2PN + 3PN diện tích 61m2, 104m2, 135m2 và duplex 185m2 Em Thủy BĐS giá thật!","4,65 tỷ",61 m²,"76,23 tr/m²",2,2,"Cầu Diễn, Nam Từ Liêm","21.030891712845634, 105.76109605821414"
39457727,07/03/2025,"Bán căn Penthouse siêu vip tại Keangnam Landmark Tower - DT 408,6m2 - Tell 0904 717 ***",Giá thỏa thuận,"408,6 m²",N/A,5,4,"Mễ Trì, Nam Từ Liêm","21.0168495178223, 105.783973693848"
42356780,07/03/2025,"(Chính chủ) bán căn hộ 3PN, 2WC, 91m2 tại Lê Đức Thọ, Mỹ Đình 2, Nam Từ Liêm, giá 5,5 tỷ","5,5 tỷ",91 m²,"60,44 tr/m²",3,2,"Mỹ Đình 2, Nam Từ Liêm","21.031815729216, 105.769085864091"
41194428,08/03/2025,Rẻ nhất The Canopy Vinhomes Smartcity căn góc 3 pòng ngủ 83m2 giá 5.8 tỷ chỉ vào 40%. LH 0949 891 ***,"5,8 tỷ","83,1 m²","69,8 tr/m²",3,2,"Tây Mỗ, Nam Từ Liêm","21.000846862793, 105.739120483398"
42345437,08/03/2025,"GĐ cần tiền bán căn 2 ngủ 55m2 Vinhomes Smartcity, full đồ view bể bơi giá 3.5 tỷ. LH 0949 891 ***","3,5 tỷ",55 m²,"63,64 tr/m²",2,1,"Tây Mỗ, Nam Từ Liêm","21.006460033467555, 105.74440447654067"
42372663,08/03/2025,Rẻ nhất vinhomes smartcity căn 3 ngủ 75m2 full đồ xịn giá 4.9 tỷ . LH 0949 891 ***,"4,9 tỷ",75 m²,"65,33 tr/m²",3,2,"Tây Mỗ, Nam Từ Liêm","21.004766199689747, 105.73893152463971"
37709757,08/03/2025,Chính chủ bán nhanh căn 2PN Vinhomes Smart City 1 có sổ - giao dịch luôn,"3,5 tỷ",54 m²,"64,82 tr/m²",2,1,"Tây Mỗ, Nam Từ Liêm","21.008962631225586, 105.74391174316406"
37711940,08/03/2025,Chính chủ bán gấp căn hộ 1PN 48m2 - nhận nhà ở ngay - Vinhomes Smart City,"3,9 tỷ",48 m²,"81,25 tr/m²",1,1,"Tây Mỗ, Nam Từ Liêm","21.0088520050049, 105.743919372559"
42341722,08/03/2025,"Tổng hợp Chung cư C14 Tố Hữu chủ nhà cần bán gấp tháng 3/2025. 2 ngủ 4 tỷ 3, 3 ngủ 5 tỷ5 bp sang sổ","5,5 tỷ",100 m²,55 tr/m²,3,2,"Trung Văn, Nam Từ Liêm","20.991468984370982, 105.78453961039817"
42367413,08/03/2025,"Hàng Chủ đầu tư-Căn 2 ngủ góc V2.1017 ĐN-ĐB chỉ 4,9tỷ, vốn tự có 1tỷ!","4,9 tỷ","69,1 m²","70,91 tr/m²",2,2,"Tây Mỗ, Nam Từ Liêm","21.009192839388596, 105.74378036446934"
42372544,08/03/2025,Rẻ Cực Sốc Căn 53m2 Giá 3ty5 Chủ Nhà Muốn Bán Luôn Trong Tuần Này LH 0977 146 ***,"3,5 tỷ",53 m²,"66,04 tr/m²",2,2,"Mỹ Đình 2, Nam Từ Liêm","21.0353742417508, 105.76751381605241"
42236595,08/03/2025,Bán căn 3 ngủ view sân Mỹ Đình tại FLorence - giá chỉ 5 ty 9,"5,95 tỷ",85 m²,70 tr/m²,3,2,"Cầu Diễn, Nam Từ Liêm","21.030936594143846, 105.76103796386589"
41934879,08/03/2025,"Gấp! Bán nhanh căn 1PN+1 43m đủ nội thất tại Smart City - tầng trung, view đẹp - giá 2,55tỷ bao phí","2,55 tỷ",43 m²,"59,3 tr/m²",1,1,"Tây Mỗ, Nam Từ Liêm","21.00882308195263, 105.74381480882933"
40803138,08/03/2025,Hiếm! Cần bán căn 2PN2WC ở C37 Bắc Hà - 85m2 full nội thất giá 5.65 tỷ SĐCC,"5,65 tỷ",85 m²,"66,47 tr/m²",2,2,"Trung Văn, Nam Từ Liêm","20.996080115549134, 105.79418737269962"
42372467,08/03/2025,"CĂN HỘ LÔ GÓC VINHOME SMART CITY , 55M , VIEW ĐẸP, FULL NỘI THẤT , GIÁ 3.626 TỶ","3,64 tỷ",55 m²,"66,11 tr/m²",2,1,"Tây Mỗ, Nam Từ Liêm","21.006227110630633, 105.73638295609624"
40401165,08/03/2025,"Ko còn căn rẻ hơn - Bán 2PN 59m2 Vin Smart City - nội thất như mới sổ cầm tay - giá 3,45 tỷ bao phí","3,45 tỷ",59 m²,"58,48 tr/m²",2,1,"Tây Mỗ, Nam Từ Liêm","21.009601496451246, 105.74325268700454"
42324916,08/03/2025,"Bán Căn hộ CC view đẹp tại Ecolife Capitol, 3,7 tỷ, 50m2, 1PN có thể sửa thành 2 ngủ","3,7 tỷ",50 m²,74 tr/m²,1,1,"Trung Văn, Nam Từ Liêm","20.994132341298585, 105.78854888524668"
41205049,08/03/2025,"Tôi chính chủ bán 1ngủ + 1 view bể bơi, DT 43m2 tòa G3 The Sola Park, Vinhomes Smart City, 3.1 tỉ","3,1 tỷ",43 m²,"72,09 tr/m²",2,1,"Tây Mỗ, Nam Từ Liêm","21.00953127157909, 105.74341360209834"
41515262,08/03/2025,"Chính chủ chuyển nhà bán gấp tòa G2 - 3PN 2VS, giá 6,8 tỷ view siêu đẹp!","6,8 tỷ","83,82 m²","81,13 tr/m²",3,2,"Mễ Trì, Nam Từ Liêm","20.9989585876465, 105.788032531738"
41063575,08/03/2025,CĂN HỘ HẠNG A CHẤT THƯỢNG LƯU NỘI THẤT CAO CẤP NHẬP KHẨU GIÁ CHỈ 1Xxtr/m2,Giá thỏa thuận,85 m²,N/A,3,2,"Mễ Trì, Nam Từ Liêm","21.0093860626221, 105.773872375488"
42366212,08/03/2025,(Tin thật 100%) Căn hộ Duplex 100m2 x 3PN tại Vinhomes Gardenia - Ban công Đông Nam - Nội thất xịn,"9,85 tỷ",100 m²,"98,5 tr/m²",3,2,"Cầu Diễn, Nam Từ Liêm","21.03640481047695, 105.7602163681227"
42332617,08/03/2025,"Bán căn hộ chung cư C14 - Bộ Công An, 5,5 tỷ, 100m2, chủ nhà thiện chí, sổ cất két","5,5 tỷ",100 m²,55 tr/m²,3,2,"Trung Văn, Nam Từ Liêm","20.990728384815338, 105.78394302124914"
42250044,08/03/2025,Chính chủ bán căn hộ cao cấp Sudico Mỹ Đình Sông Đà,"8,5 tỷ",132 m²,"64,39 tr/m²",3,2,"Mỹ Đình 1, Nam Từ Liêm","21.01787967910159, 105.78004870906958"
40944051,08/03/2025,"Chính chủ bán căn góc 08-A1 giá tiến độ 5,7tỷ hàng hiếm - kính cong-bàn giao full nội thất cao cấp","5,7 tỷ",65 m²,"87,69 tr/m²",2,2,"Tây Mỗ, Nam Từ Liêm","21.0062160491943, 105.736473083496"
42112422,08/03/2025,[THÔNG TIN THẬT - ĐỪNG BỎ LỠ] Bán căn hộ 2 ngủ thông thủy 75m view công viên giá chỉ 5 tỷ trong thg,5 tỷ,75 m²,"66,67 tr/m²",2,2,"Trung Văn, Nam Từ Liêm","20.994527779916897, 105.78939691996574"
41607291,08/03/2025,"Siêu Hot: giá chỉ 3.8 tỷ: 2PN +, DT 64.6m2, tại phân khu Sapphỉe Vinhome Smart City.","3,8 tỷ","64,6 m²","58,82 tr/m²",2,N/A,"Tây Mỗ, Nam Từ Liêm","21.0062160491943, 105.736473083496"
40851713,08/03/2025,"CC bán gấp GS2: 1PN + 46.5m2, 2.4 tỷ bao phí, tầng đẹp, full đồ đầu tư 250tr, sẵn sổ (DTTT 42.8m2)","2,4 tỷ","46,5 m²","51,61 tr/m²",1,1,"Tây Mỗ, Nam Từ Liêm","21.0065746307373, 105.745048522949"
42365500,08/03/2025,BÁN PENTHOUSE MẶT PHỐ TRẦN HỮU DỰC VIEW CỰC CHILL FULL NỘI THẤT CAO CẤP,"15,7 tỷ",186 m²,"84,41 tr/m²",4,4,"Cầu Diễn, Nam Từ Liêm","21.0292279393869, 105.763447736179"
41226482,08/03/2025,"Chính Chủ Bán CH Dolphin Plaza Trần Bình, DT 138m2, 3PN NT đẹp, giá 6,8 tỷ SĐCC: O971085383","6,8 tỷ",138 m²,"49,28 tr/m²",3,2,"Mỹ Đình 2, Nam Từ Liêm","21.0305862877521, 105.776315852785"
33334957,08/03/2025,Chính chủ - bán chung cư L1 bến xe Mỹ Đình - Phạm Hùng - Nam Từ Liêm. Nội thất đầy đủ - về ở ngay,986 triệu,48 m²,"20,54 tr/m²",2,2,"Mỹ Đình 1, Nam Từ Liêm","21.0312840139818, 105.774435112949"
40580597,08/03/2025,"Chính chủ bán căn 2 phòng ngủ 70m2 C14 Bắc Hà - Tố Hữu. Giá 4,75 tỷ","4,75 tỷ",70 m²,"67,86 tr/m²",2,2,"Trung Văn, Nam Từ Liêm","20.9908123016357, 105.783912658691"
41989116,08/03/2025,"Em chính chủ bán 1N + 46.2m2, 2,6 tỷ, tầng trung, sẵn sổ, hỗ trợ khách mua vay ngân hàng","2,6 tỷ","46,2 m²","56,28 tr/m²",1,N/A,"Tây Mỗ, Nam Từ Liêm","21.006049788420473, 105.73621188361727"
40728611,08/03/2025,"Chính chủ cần bán nhanh căn hộ 2N + 1 2WC, phân khu Imperia, Vinhomes Smart City","3,75 tỷ","63,9 m²","58,68 tr/m²",2,2,"Tây Mỗ, Nam Từ Liêm","20.9992771148682, 105.73811340332"
42152118,08/03/2025,"Chính chủ bán gấp CH - 80m2 - 2PN - 2WC full nội thất, view thoáng. Mỹ Đình Plaza 2, giá 4,8 tỷ","4,8 tỷ",80 m²,60 tr/m²,2,2,"Mỹ Đình 2, Nam Từ Liêm","21.030551783360504, 105.77429332165312"
42109908,08/03/2025,"Chính chủ bán gấp ch 83m2 - 3pn - 2wc full nội thất, hướng mát ở An Bình Plaza giá 5 tỷ",5 tỷ,83 m²,"60,24 tr/m²",3,2,"Mỹ Đình 2, Nam Từ Liêm","21.030516469554165, 105.77784777046338"
41507967,08/03/2025,"Chính chủ bán 2PN 54.7m2 cao cấp Imperia - Vinhomes Smart City - 3.6 tỷ, rẻ hơn TT 300tr","3,6 tỷ","54,7 m²","65,81 tr/m²",2,1,"Tây Mỗ, Nam Từ Liêm","20.9992771148682, 105.73811340332"
42158943,08/03/2025,"Phải thật nhanh mới kịp mua - Chung cư An Lạc Phùng Khoang, Trung Văn 75m2 3.9 tỷ","3,95 tỷ",75 m²,"52,67 tr/m²",2,2,"Trung Văn, Nam Từ Liêm","20.9865518451471, 105.788721986059"
42112664,08/03/2025,"Gia đình em cần bán gấp CH - 93m2 3PN 2WC full nội thất hướng mát, ở The Garden Hills giá 5,9 tỷ","5,9 tỷ",93 m²,"63,44 tr/m²",3,2,"Mỹ Đình 2, Nam Từ Liêm","21.03036400059795, 105.77706511112528"
40876854,08/03/2025,"CC bán Masteri: 1PN + 46.5m2, 2.85 tỷ bao phí, full đồ đầu tư 250tr, sẵn sổ (DTTT 41.94m2)","2,85 tỷ","41,94 m²","67,95 tr/m²",1,1,"Tây Mỗ, Nam Từ Liêm","21.0062065124512, 105.737075805664"
42295563,08/03/2025,"Chính chủ bán CH 70m2 - 2PN - 2WC full nội thất view thoáng ở Roman Plaza, giá 4,6 tỷ","4,6 tỷ",70 m²,"65,71 tr/m²",2,2,"Đại Mỗ, Nam Từ Liêm","20.98468285363844, 105.7764178406029"
42185751,08/03/2025,"(Căn hiếm) gia đình bán gấp CH 49m2 2PN 1WC full nội thất, sổ lâu dài ở Ecolife Capitol, giá 3,4 tỷ","3,4 tỷ",49 m²,"69,39 tr/m²",2,1,"Trung Văn, Nam Từ Liêm","20.994726813803258, 105.78938689639686"
41514501,08/03/2025,"Không đăng ảo! Studio Sakura 31,7 m2 giá 2,050 tỷ, full nội thất","2,05 tỷ","31,7 m²","64,67 tr/m²",N/A,N/A,"Tây Mỗ, Nam Từ Liêm","21.0052261352539, 105.738914489746"
42324175,08/03/2025,Bán căn 2 ngủ tại chung cư The Zei Giá 7 tỷ 3,"7,3 tỷ","91,5 m²","79,78 tr/m²",2,2,"Mỹ Đình 2, Nam Từ Liêm","21.03429719851635, 105.77005095779533"
42334391,08/03/2025,"Em cập nhật quỹ căn hộ đang giao bán tại WB.DT 65m, 85m, 90m, 110m, 129m : giá chỉ từ 5.6 tỷ-11 tỷ","5,6 tỷ",68 m²,"82,35 tr/m²",2,2,"Mễ Trì, Nam Từ Liêm","21.012306616723066, 105.78689367199802"
42334474,08/03/2025,"Cập nhật những căn view hồ.giao bán tại skylake.DT 65m, 72m, 85m, 90m, 98m, 112m, 125mm, 133m, 159m","6,8 tỷ",71 m²,"95,78 tr/m²",2,2,"Mỹ Đình 1, Nam Từ Liêm","21.020171339992576, 105.78075503037408"
42342908,08/03/2025,"Tổng hợp 100 căn hộ đang giao bán tại Green bay.mễ trì.DT 26m, 56m, 65m, 80m, giá bán chỉ từ 2 tỷ",5 tỷ,63 m²,"79,36 tr/m²",2,2,"Mễ Trì, Nam Từ Liêm","20.998958532304087, 105.78778711412536"
41629366,08/03/2025,cập nhật quỹ căn hộ kh đô thị Sudico;DT 57m-105m -125m-132m-141mm-151m-207m ;Giá chỉ từ 3.5ty -8 tỷ,6 tỷ,132 m²,"45,46 tr/m²",4,3,"Mỹ Đình 1, Nam Từ Liêm","21.017435073852539, 105.7803955078125"
42335764,08/03/2025,"Tổng hợp những căn hộ đang cần bán gấp tại CT8 đình thôn: DT 78m, 82m, 99m, 110m, 141m :giá 5.6 ty","5,6 tỷ",81 m²,"69,14 tr/m²",2,2,"Mỹ Đình 1, Nam Từ Liêm","21.022125979066804, 105.77136430281297"
42336335,08/03/2025,"Tổng hợp những căn hộ đang giao bán tại Mỹ đình pearl.DT 73m2, 79m2","5,8 tỷ",73 m²,"79,45 tr/m²",2,2,"Phú Đô, Nam Từ Liêm","21.012813646155546, 105.76677684228656"
40962704,08/03/2025,"Cập nhật quỹ căn đang giao bán tại Golden Palace. DT 88m 105m2, 118m2,120m2, 128m2. Giá 5 - 8 tỷ",7 tỷ,118 m²,"59,32 tr/m²",3,2,"Mễ Trì, Nam Từ Liêm","21.0119361877441, 105.774993896484"
42327955,08/03/2025,"(Căn mới)Bán gấp căn 118m2 căn góc tại Golden Palace view xem pháo hoa, cực đẹp thoáng, giá 6,8 tỷ","6,8 tỷ",118 m²,"57,63 tr/m²",3,2,"Mễ Trì, Nam Từ Liêm","21.01202139493702, 105.77527858673577"
42346951,08/03/2025,Cần bán gấp căn hộ 114m tòa nhà Hoàng thành pearl.TK 3n 2wc bán gấp nên bán rẻ hơn thị trường 1 tỷ,8 tỷ,114 m²,"70,18 tr/m²",3,2,"Cầu Diễn, Nam Từ Liêm","21.0403006343635, 105.76142138018042"
42167473,08/03/2025,"Tôi cần bán gấp căn hộ 80m2 thiết kế 2PN view thoáng đẹp tại Vingardenia nhà rất lộc giá 5,8 tỷ","5,8 tỷ",80 m²,"72,5 tr/m²",2,2,"Cầu Diễn, Nam Từ Liêm","21.0371024513242, 105.76022706891"
41905558,08/03/2025,"Cần tiền bán gấp căn hộ 3PN 2VS view cực thoáng nhìn sang đại lộ chung cư Mỹ Đình Pearl giá 7,6 tỷ","7,6 tỷ",82 m²,"92,68 tr/m²",3,2,"Phú Đô, Nam Từ Liêm","21.01167489531845, 105.76705381009765"
42342051,08/03/2025,Chính chủ bán căn hộ 76m tk 2pn 2wc.tòa A2 Ecolife tố hữu.Giá bán 4.96 tỷ bao phí Có thương lượng,"4,96 tỷ",76 m²,"65,26 tr/m²",2,2,"Trung Văn, Nam Từ Liêm","20.994650314620863, 105.78970751755921"
42349781,08/03/2025,"Em phong cập nhật những căn hộ đầu tư có dòng tiền tại Keangnam.DT 107m, 118m,160m, 206m giá 75tr/m","9,44 tỷ",118 m²,80 tr/m²,3,2,"Mễ Trì, Nam Từ Liêm","21.017676081749276, 105.78406349616782"
42360292,08/03/2025,"Cập nhật những căn hộ đang giao bán tại The Zei. DT 102m2, 108m2, giá bán 8.5 tỷ - 8.8 tỷ","8,5 tỷ",108 m²,"78,7 tr/m²",3,2,"Mỹ Đình 2, Nam Từ Liêm","21.03427883338187, 105.77036257701877"
42342535,08/03/2025,"(Giá chuẩn) bán căn 2 ngủ C14 85m2, tầng đẹp, view thoáng, sẵn sổ đỏ. Giá 4,5 tỷ","4,5 tỷ",85 m²,"52,94 tr/m²",2,2,"Trung Văn, Nam Từ Liêm","20.9910693650619, 105.784695066481"
42286750,08/03/2025,"Bán căn góc 3PN 2WC 134m2, ban công Đông Nam, đủ đồ, sổ đỏ chính chủ. Giá 7 tỷ tòa C14",7 tỷ,134 m²,"52,24 tr/m²",3,2,"Trung Văn, Nam Từ Liêm","20.990528817907403, 105.78420544137776"
42364278,08/03/2025,"(Giá chuẩn) bán căn góc 3 ngủ 2WC 115m2 tòa Ecolife, nội thất đẹp, view thoáng, sổ đỏ CC. Giá 7 tỷ",7 tỷ,115 m²,"60,87 tr/m²",3,2,"Trung Văn, Nam Từ Liêm","20.994847533791273, 105.7898581119731"
42002026,08/03/2025,"Bán căn hộ 3PN, 2WC giá tốt tại Khu đô thị Mỹ Đình Sông Đà tòa Sudico CT1, 7 tỷ, 122m2, căn góc",7 tỷ,122 m²,"57,38 tr/m²",3,2,"Mỹ Đình 1, Nam Từ Liêm","21.017519652040658, 105.78025672102146"
42289821,08/03/2025,Cần bán gấp căn 2 ngủ tại Mỹ Đình Pearl Giá chỉ 6.060 tỷ,"6,06 tỷ",73 m²,"83,01 tr/m²",2,2,"Phú Đô, Nam Từ Liêm","21.012360179452628, 105.7671227839319"
42371976,08/03/2025,BÁN CHUNG CƯ VOV MỄ TRÌ- NAM TỪ LIÊM GIÁ SIÊU HỢP TÚI TIỀN,"4,3 tỷ",70 m²,"61,43 tr/m²",2,2,"Mễ Trì, Nam Từ Liêm","20.995032888943488, 105.78390030777966"
40428081,08/03/2025,Chính chủ bán căn view hồ 35m2 full nội thất tại toà A Masterise,"3,25 tỷ",35 m²,"92,86 tr/m²",1,1,"Tây Mỗ, Nam Từ Liêm","21.00558053610509, 105.73688168633437"
42314694,08/03/2025,"Bán CH dự án Ecolife diện tích 103m2 thiết kế 3 ngủ, full nội thất, giá 6,3 tỷ có thương lượng","6,3 tỷ",103 m²,"61,16 tr/m²",3,2,"Trung Văn, Nam Từ Liêm","20.99520751782038, 105.78985156200908"
42336007,08/03/2025,Chính chủ cần tiền bán gấp căn tầng 10 giá rẻ nhất TT LH 0977 146 ***,"3,9 tỷ",70 m²,"55,71 tr/m²",2,2,"Mỹ Đình 1, Nam Từ Liêm","21.0250555460766, 105.77074366452547"
42337231,08/03/2025,Chủ cần tiền bán gấp căn 2 ngủ 2WC giá rẻ nhất TT LH 0977 146 ***,"3,9 tỷ",53 m²,"73,58 tr/m²",2,N/A,"Mỹ Đình 2, Nam Từ Liêm","21.03504207109301, 105.7676208288792"
42331500,08/03/2025,"Chủ cần tiền bán gấp căn 2 ngủ 2 WC rẻ nhất thị trường, LH 0977 146 ***",5 tỷ,"73,6 m²","67,94 tr/m²",2,2,"Mỹ Đình 2, Nam Từ Liêm","21.031023746309454, 105.77499103732268"
42331559,08/03/2025,Chủ cần tiền bán gấp giá rẻ nhất thị trường LH 0977 146 ***,4 tỷ,60 m²,"66,67 tr/m²",2,2,"Mỹ Đình 2, Nam Từ Liêm","21.0305337555592, 105.776082888404"
42364932,08/03/2025,Cần bán gấp chuyển về quê căn 70m tìm tường 2 ngủ 1 wc LH 0977 146 ***,"3,9 tỷ",70 m²,"55,71 tr/m²",2,1,"Mễ Trì, Nam Từ Liêm","21.0036744601426, 105.782639099749"
42177559,08/03/2025,"(Giá 1 tỷ 580 (cắt lỗ 500tr) chính chủ cần bán căn Studio tòa S2, DT 36,4 m2 hướng ĐN, full đồ đẹp","1,58 tỷ","36,4 m²","43,41 tr/m²",1,1,"Tây Mỗ, Nam Từ Liêm","21.005918681794878, 105.73643569035642"
36451022,08/03/2025,"GĐ tôi cần bán căn hộ 120m2 4PN tầng 18 C37 Bắc Hà giá 6,5 tỷ","6,5 tỷ",120 m²,"54,17 tr/m²",4,2,"Trung Văn, Nam Từ Liêm","20.996829986572266, 105.79383850097656"
36849657,08/03/2025,"Tôi chính chủ cần bán 103m2, 3PN 3WC giá 7 tỷ dự án Roman Plaza, Quận Nam Từ Liêm",7 tỷ,103 m²,"67,96 tr/m²",3,3,"Đại Mỗ, Nam Từ Liêm","20.9843406677246, 105.776809692383"
37042551,08/03/2025,"27/02 /2025 bán gấp căn Ecolife Capitol, căn góc 3 mặt thoáng rất đẹp, 3PN DT 111m2, giá 6,6 tỷ","6,6 tỷ",111 m²,"59,46 tr/m²",3,2,"Trung Văn, Nam Từ Liêm","20.994534, 105.78939"
40593619,08/03/2025,"Chính chủ cần bán căn hộ 2PN tại dự án chung cư cao cấp Vinhomes West Point. Giá 4,8 tỷ- 0904 969 ***","4,8 tỷ",69 m²,"69,56 tr/m²",2,2,"Mễ Trì, Nam Từ Liêm","21.0118827819824, 105.786445617676"
38175432,08/03/2025,"Cần bán căn 3PN (112m2) tại The Matrix One, VIEW CÔNG VIÊN, giá 11.8 tỷ","11,8 tỷ",113 m²,"104,42 tr/m²",3,2,"Mễ Trì, Nam Từ Liêm","21.0093860626221, 105.773872375488"
42371876,08/03/2025,"Bán CC C37 Bộ Công An - Bắc Hà Tower, 7 tỷ, 115m2, 3PN, 2WC, giá siêu hời! Hot!",7 tỷ,115 m²,"60,87 tr/m²",3,2,"Trung Văn, Nam Từ Liêm","20.99746533610875, 105.79343166100352"
42252283,08/03/2025,"Chủ nhà gửi bán căn hộ 4PN 3VS 143m2 nhà đẹp hướng mát, có slot ô tô giá cực rẻ tại CT5 Sudico","7,15 tỷ",143 m²,50 tr/m²,4,3,"Mỹ Đình 1, Nam Từ Liêm","21.01754471204403, 105.78020364511583"
42362084,08/03/2025,"Sở hữu ngay căn hộ 2ngủ 2vs 73m2 view trực diện hồ điều hoà tại P1 Mỹ Đình Pearl,giá tốt nhất dự án","5,99 tỷ",73 m²,"82,06 tr/m²",2,2,"Phú Đô, Nam Từ Liêm","21.012624838497157, 105.76742265419075"
42353288,08/03/2025,"Chính chủ gửi bán căn hộ 3PN 105m2 tại CT4 Sudico Sông Đà, tầng trung nhà đẹp hướng mát giá tốt","5,25 tỷ",105 m²,50 tr/m²,3,2,"Mỹ Đình 1, Nam Từ Liêm","21.017467247356386, 105.78031585937389"
42260343,08/03/2025,Duy nhất căn hộ 1ngủ+ 1vs diện tích 50m2 tại P1 Mỹ Đình Pearl giá cực tốt,"3,85 tỷ",50 m²,77 tr/m²,1,1,"Phú Đô, Nam Từ Liêm","21.012440109351914, 105.76737433378413"
42260507,08/03/2025,"Sở hữu ngay căn hộ 3ngủ 2vs 94m2,nhà đẹp căn góc thoáng mát sẵn sổ giá cực rẻ tại P1 Mỹ Đình Pearl","7,75 tỷ",94 m²,"82,45 tr/m²",3,2,"Phú Đô, Nam Từ Liêm","21.01212440141987, 105.76785428609884"
41956339,08/03/2025,Chính chủ cần bán căn hộ 2PN FLC 36 Phạm Hùng,"3,5 tỷ",55 m²,"63,64 tr/m²",2,1,"Mỹ Đình 2, Nam Từ Liêm","21.028324272687332, 105.77938549182059"
41766868,08/03/2025,Chính chủ cần bán 2PN Dreamland Bonanza 23 Duy Tân 0355 161 ***,6 tỷ,74 m²,"81,08 tr/m²",2,2,"Mỹ Đình 2, Nam Từ Liêm","21.031171798706055, 105.78099822998047"
41766749,08/03/2025,"Chính chủ cần bán căn 2PN, Florence, 0355 161 ***","5,5 tỷ",83 m²,"66,26 tr/m²",2,2,"Cầu Diễn, Nam Từ Liêm","21.030731201171875, 105.7613296508789"
39672912,08/03/2025,"Chính chủ cần bán gấp căn hộ 3PN tại Imperia Smart City - giá tốt 4,5 tỷ full đồ xịn","4,5 tỷ","74,5 m²","60,4 tr/m²",3,2,"Tây Mỗ, Nam Từ Liêm","20.9992771148682, 105.73811340332"
42250598,08/03/2025,"Tôi chính chủ chuyển chỗ làm nên cần bán gấp căn 2PN + 64m2 tòa Imperia giá 4,2 tỷ. LH 0975 982 ***","4,2 tỷ",64 m²,"65,62 tr/m²",2,2,"Tây Mỗ, Nam Từ Liêm","20.9996622389962, 105.738018543636"
41539197,08/03/2025,"Cần bán gấp căn 2PN - 2VS, 63,4m2, giá 5 tỷ 2, view hồ, Vinhomes Green Bay Mễ Trì","5,2 tỷ","63,4 m²","82,02 tr/m²",2,2,"Mễ Trì, Nam Từ Liêm","20.9989585876465, 105.788032531738"
41008936,08/03/2025,"Chính chủ bán cắt lỗ căn 1PN + 1, DT: 47,6m2, Full NT mới 100%, CV trung tâm Imperia, chỉ 2.79 tỷ","2,79 tỷ","47,6 m²","58,61 tr/m²",1,1,"Tây Mỗ, Nam Từ Liêm","20.999761957931835, 105.73885483923902"
41515814,08/03/2025,"Mình chính chủ cần bán căn: 2PN + 1, 69m2 - 3tỷ 980, Vinhomes Smart City","3,98 tỷ","63,1 m²","63,07 tr/m²",2,2,"Tây Mỗ, Nam Từ Liêm","21.0062160491943, 105.736473083496"
40893622,08/03/2025,"Xuất ngoại tôi bán cấp thiết căn 1N + DT 42,8m2 giá chỉ 2,5 tỷ, full nội thất tòa GS1, Smart City","2,5 tỷ","42,8 m²","58,41 tr/m²",1,N/A,"Tây Mỗ, Nam Từ Liêm","21.0065746307373, 105.745048522949"
39809548,08/03/2025,"Giá tốt nhất thị trường căn 3N, 82,2m2, full đồ xịn, The Tonkin view thoáng chỉ 6.2 tỷ","6,2 tỷ","82,2 m²","75,43 tr/m²",3,2,"Tây Mỗ, Nam Từ Liêm","21.0052261352539, 105.738914489746"
41472539,08/03/2025,"Chính chủ cần bán gấp căn góc 3PN diện tích 80,7 m2 phân khu cao cấp Sakura giá 4,9 tỷ","4,9 tỷ","80,7 m²","60,72 tr/m²",3,2,"Tây Mỗ, Nam Từ Liêm","21.0052261352539, 105.738914489746"
42364725,08/03/2025,BÁN CĂN 2PN2WC 55M G3 SOLA PARK CHỈ #3670TR - THANH TOÁN TIẾN ĐỘ GIÃN,"3,67 tỷ",55 m²,"66,73 tr/m²",2,2,"Tây Mỗ, Nam Từ Liêm","21.0090630299883, 105.743855485169"
42371775,08/03/2025,"Tôi chính chủ muốn bán căn 2 ngủ toà Mas D, Tầng 21, Nội thất thiết kế tỉ mỉ, ở luôn rất hợp","3,8 tỷ",54 m²,"70,37 tr/m²",2,2,"Tây Mỗ, Nam Từ Liêm","21.006207765044397, 105.7370659517768"
37079657,08/03/2025,Bán căn CCMN mới Nguyễn Hoàng - Lê Đức Thọ 48m2 52m2 giá chỉ nhỉnh 1 tỷ. Ô tô đỗ cửa. Full NT,"1,25 tỷ",50 m²,25 tr/m²,2,1,"Mỹ Đình 1, Nam Từ Liêm","21.0237213, 105.7741546"
42100118,08/03/2025,"Chị gái em chính chủ, bán cắt lỗ căn 3N TT 74,1m2, tim tường 80.9m2, giá 4tỷ4, hỗ trợ vay bank","4,4 tỷ","80,9 m²","54,39 tr/m²",3,N/A,"Tây Mỗ, Nam Từ Liêm","21.006639585687907, 105.73685405951241"
40851599,08/03/2025,Studio tòa GS2 - 33.9m2 - The Miami - Vin Smart City (DT TT 30.6m2) - chính chủ bán cắt lỗ,"1,96 tỷ","33,9 m²","57,82 tr/m²",1,1,"Tây Mỗ, Nam Từ Liêm","21.0065746307373, 105.745048522949"
42362417,08/03/2025,"căn hộ studio, rẻ nhất thị trường 1 tỷ 520 khu Imperia, tầng trung, DT 30,6m2 (chỉ bán tuần này)","1,52 tỷ","30,6 m²","49,67 tr/m²",N/A,N/A,"Tây Mỗ, Nam Từ Liêm","20.9990375743783, 105.737976708142"
39602882,08/03/2025,"Giá tốt nhất thị trường căn 2N +, 64m2, full đồ xịn, Imperia Smart City view thoáng chỉ 3,5 tỷ","3,5 tỷ",64 m²,"54,69 tr/m²",2,2,"Tây Mỗ, Nam Từ Liêm","20.999277114868164, 105.73811340332031"
42371740,08/03/2025,"Cực Hiếm! CC 2N2V Tầng 6 Toà SA2, Nhà tôi xây rất tâm huyết, nội thất nhập khẩu, nhà còn rất mới","3,3 tỷ",54 m²,"61,11 tr/m²",2,2,"Tây Mỗ, Nam Từ Liêm","21.005114853261542, 105.73831474571796"
39372829,08/03/2025,"Đẹp như tranh vẽ: Siêu phẩm chủ nhà gửi bán cắt lỗ căn 1PN + tòa A Masteri Smart City giá 2,95 tỷ","2,95 tỷ",42 m²,"70,24 tr/m²",1,1,"Tây Mỗ, Nam Từ Liêm","21.006366772171813, 105.73665927220298"
40876929,08/03/2025,"Chính chủ bán 2PN 54m2 - tòa B - Masteri - Vinhomes Smart City - 3.4 tỷ, rẻ hơn TT 300tr!","3,4 tỷ",54 m²,"62,96 tr/m²",2,1,"Tây Mỗ, Nam Từ Liêm","21.0062065124512, 105.737075805664"
41526397,08/03/2025,"Cần bán gấp căn 2PN - 2VS, 69,47 m2, giá 4 tỷ 8, view hồ, Vinhomes Green Bay Mễ Trì","4,8 tỷ","69,47 m²","69,1 tr/m²",2,2,"Mễ Trì, Nam Từ Liêm","20.9989585876465, 105.788032531738"
42170796,08/03/2025,"Bán căn hộ 1PN, 1WC tại The Tonkin - Vinhomes Smart City, 3,6 tỷ, 45m2","3,6 tỷ",45 m²,80 tr/m²,1,1,"Tây Mỗ, Nam Từ Liêm","21.005208812835395, 105.73891076949441"
40840041,08/03/2025,"Chính chủ cần chuyển nhượng gấp căn 2PN 1WC tại phân khu Imperia, 55.1m2, full đồ, giá chỉ 3.4 tỷ","3,4 tỷ","55,1 m²","61,71 tr/m²",2,1,"Tây Mỗ, Nam Từ Liêm","20.999277114868164, 105.73811340332031"
41518775,08/03/2025,"Bán căn studio 30,3m2, tòa Masteri Smart City Tây Mỗ, giá 2,060 tỷ view bể bơi, để full nội thất","2,06 tỷ","30,3 m²","67,99 tr/m²",N/A,N/A,"Tây Mỗ, Nam Từ Liêm","21.0062065124512, 105.737075805664"
41577034,08/03/2025,"Chính chủ bán căn Stu 34,9m2 (DTTT 30.7m2), giá 1,55 tỷ full đồ xịn, Đông Nam, Vinhomes Smart City","1,55 tỷ","30,7 m²","50,49 tr/m²",1,1,"Tây Mỗ, Nam Từ Liêm","21.0056490795888, 105.736850884953"
42332068,08/03/2025,"Bán căn 2N1VS, Vinhomes Green Bay, sổ lâu dài, full nội thất, tầng trung, hướng mát, giá 4.9tỷ","4,9 tỷ","52,6 m²","93,16 tr/m²",2,1,"Mễ Trì, Nam Từ Liêm","20.9984852149856, 105.787820811698"
42177460,08/03/2025,"Chính chủ cần chuyển nhượng gấp căn Studio tại phân khu Sakura 31.6m2, full đồ, giá chỉ 1.9 tỷ","1,9 tỷ","31,6 m²","60,13 tr/m²",1,1,"Tây Mỗ, Nam Từ Liêm","21.005477343066445, 105.73839769359893"
40710113,08/03/2025,"Chính chủ bán 2PN 59.1m2 cao cấp Vinhomes Smart City - 3.2 tỷ, chỉ bán trong tuần này","3,2 tỷ","59,1 m²","54,15 tr/m²",2,1,"Tây Mỗ, Nam Từ Liêm","21.0062160491943, 105.736473083496"
39804517,08/03/2025,"Tin độc quyền: Chị khách gửi bán studio 25m2 tòa TK1 dự án Smart City rẻ nhất thị trường 1,980 tỷ","1,98 tỷ",25 m²,"79,2 tr/m²",N/A,N/A,"Tây Mỗ, Nam Từ Liêm","21.0052261352539, 105.738914489746"
42177106,08/03/2025,"Trực tiếp chủ đầu tư mở bán chung cư khu đô thị Mễ Trì Hạ đối diện Keangnam, full nội thất",830 triệu,32 m²,"25,94 tr/m²",1,1,"Mễ Trì, Nam Từ Liêm","21.01458724501062, 105.78271383781568"
41613554,08/03/2025,"Chính chủ bán gấp căn hộ 3 ngủ tòa GS3 - DT 75.6m2 giá 4,1 tỷ bao phí( có thương lượng )","4,1 tỷ","75,6 m²","54,23 tr/m²",3,2,"Tây Mỗ, Nam Từ Liêm","21.006574630737305, 105.74504852294922"
41526605,08/03/2025,"Chính chủ cần bán gấp 2 căn studio 30,03m2, giá 1 tỷ 2 tòa G3 Green Bay, view hồ và biệt thự","1,2 tỷ","30,03 m²","39,96 tr/m²",N/A,N/A,"Mễ Trì, Nam Từ Liêm","20.9989585876465, 105.788032531738"
40897680,08/03/2025,"Chính chủ cần bán nhanh căn hộ ở toà C14 Bắc Hà, Tố Hữu; 3 ngủ, 2wc, 110m2, giá tốt, BC Đông Nam","5,5 tỷ",110 m²,50 tr/m²,3,2,"Trung Văn, Nam Từ Liêm","20.9908123016357, 105.783912658691"
42321672,08/03/2025,"Bán gấp căn 1N+ 43m2 ban công ĐB, Full đồ đẹp toà I4,I5. Giá rẻ chỉ 3,0xtỷ- LH 0904 042 ***",3 tỷ,43 m²,"69,77 tr/m²",1,1,"Tây Mỗ, Nam Từ Liêm","20.998475183366025, 105.73810838443278"
42341341,08/03/2025,"Cần bán gấp căn hộ 2PN + 1 căn góc ban công Đông Nam, full nội thất, giá 4,7 tỷ. Lh 0976 912 ***","4,7 tỷ",63 m²,"74,6 tr/m²",2,2,"Tây Mỗ, Nam Từ Liêm","21.006239365006238, 105.73687400875079"
42342236,08/03/2025,Chính chủ gửi bán căn 3PN diện tích 80m2 full nội thất đẹp giá 5 tỷ bao thuế phí,5 tỷ,80 m²,"62,5 tr/m²",3,2,"Tây Mỗ, Nam Từ Liêm","21.006425109611783, 105.73582444265733"
42347894,08/03/2025,"Chính chủ bán căn 3PN diện tích 82m tầng trung, full nội thất, sổ hồng, giá 5,9 tỷ thương lượng","5,9 tỷ",82 m²,"71,95 tr/m²",3,2,"Tây Mỗ, Nam Từ Liêm","21.005231312947494, 105.73954631086134"
42341212,08/03/2025,"Chính chủ cần bán căn 3PN 2WC khu cao cấp Masteri tầng trung hướng mát giá 5,9 tỷ thương lượng","5,9 tỷ",73 m²,"80,82 tr/m²",N/A,N/A,"Tây Mỗ, Nam Từ Liêm","21.00630498784907, 105.73676807329618"
42358645,08/03/2025,"Chính chủ bán gấp căn 2PN diện tích 60m2, tầng trung full nội thất giá 3,99 tỷ.LH 0976 912 ***","3,99 tỷ",60 m²,"66,5 tr/m²",2,2,"Tây Mỗ, Nam Từ Liêm","21.00619980947386, 105.73657137695062"
42341820,08/03/2025,"Chính chủ gửi bán căn 3PN diện tích 75m, nhà mới full nội thất, giá 4,2 tỷ có thương lượng","4,2 tỷ",75 m²,56 tr/m²,N/A,N/A,"Tây Mỗ, Nam Từ Liêm","21.006432834975904, 105.73720117685157"
42342966,08/03/2025,"Chủ nhà gửi bán căn 2PN diện tích 54,6m2 ban công hướng mát, full nội thất giá 3,4 tỷ thương lượng","3,4 tỷ","54,6 m²","62,27 tr/m²",2,2,"Tây Mỗ, Nam Từ Liêm","21.00625753769691, 105.73641334926425"
42275758,08/03/2025,Chính chủ cần bán nhanh căn 3N - Vinhomes Gardenia Hàm Nghi. LH em Châu 0978 012 ***,9 tỷ,120 m²,75 tr/m²,3,2,"Cầu Diễn, Nam Từ Liêm","21.036494049142952, 105.76086671518982"
42261664,08/03/2025,"HOÀNG THÀNH PEARL - Quỹ căn 2N, 3N chính chủ gửi bán. Giá chuẩn liên hệ 0978 012 ***","8,06 tỷ",112 m²,72 tr/m²,3,2,"Cầu Diễn, Nam Từ Liêm","21.04031436993866, 105.76137011653834"
42236977,08/03/2025,"Chính chủ bán 4 ngủ Vinhomes Gardenia, Hàm Nghi. LH em Châu 0978 012 ***",12 tỷ,132 m²,"90,91 tr/m²",4,3,"Cầu Diễn, Nam Từ Liêm","21.03656768798828, 105.76048278808594"
42195192,08/03/2025,(HIẾM) 4 ngủ Vinhomes Gardenia - Chỉ từ 10 tỷ. LH em Châu 0978 012 ***,Giá thỏa thuận,132 m²,N/A,4,3,"Cầu Diễn, Nam Từ Liêm","21.03656768798828, 105.76048278808594"
42280486,08/03/2025,"HD Mon căn 2N tầng đẹp - giá tốt. Liên hệ em Châu 0978 012 ***. Chỉ 4, x tỷ","4,8 tỷ",67 m²,"71,64 tr/m²",2,2,"Mỹ Đình 2, Nam Từ Liêm","21.0358067380034, 105.766991355155"
42357537,08/03/2025,"Hiếm - CH Vinhomes Skylake 112m2, view hồ trực diện. LH 0978 012 ***",11 tỷ,112 m²,"98,21 tr/m²",3,2,"Mỹ Đình 1, Nam Từ Liêm","21.0199047946967, 105.78035828394725"
42275368,08/03/2025,"HD Mon căn 2N tầng đẹp - giá tốt. Liên hệ em Châu 0978 012 ***. Chỉ 4,x tỷ","4,8 tỷ",67 m²,"71,64 tr/m²",2,2,"Mỹ Đình 2, Nam Từ Liêm","21.0358067380034, 105.766991355155"
41744673,08/03/2025,"Chính chủ bán Canopy, TC1, 38m2, giá 2,4 tỷ. LH em Hằng 0988 152 ***","2,4 tỷ",38 m²,"63,16 tr/m²",1,1,"Tây Mỗ, Nam Từ Liêm","21.000846862793, 105.739120483398"
41918896,08/03/2025,"Chính chủ bán 1pn + 1, view hồ, 47m2, full đồ, giá 3,8 tỷ. LH em Hằng: 0988 152 ***","3,8 tỷ",47 m²,"80,85 tr/m²",1,1,"Tây Mỗ, Nam Từ Liêm","21.00626202161109, 105.73788662267737"
41641941,08/03/2025,"Chính chủ bán A1.2209 Lumiere Evergreen, 1PN, 43m2, thanh toán tiến độ, giá 4,050 tỷ bao phí","4,05 tỷ",43 m²,"94,19 tr/m²",1,1,"Tây Mỗ, Nam Từ Liêm","21.0062160491943, 105.736473083496"
41301757,08/03/2025,"Chính chủ cần bán CHCC Lumiere Evergreen, 2PN, 60m2, giá 4,7 tỷ bao phí. Lh Em Hằng: 0988 152 ***","4,7 tỷ",60 m²,"78,33 tr/m²",2,2,"Tây Mỗ, Nam Từ Liêm","21.006216049194336, 105.7364730834961"
41472325,08/03/2025,"Chính chủ bán 1PN +, 42m2 Lumiere, giá 3,3 tỷ thanh toán tiến độ. LH Em Hằng 0988 152 ***","3,3 tỷ",42 m²,"78,57 tr/m²",1,1,"Tây Mỗ, Nam Từ Liêm","21.006216049194336, 105.7364730834961"
42371539,08/03/2025,CHUNG CƯ TÂY MỖ - 55M - LÔ GÓC - 2 NGỦ - FULL NỘI THẤT - GIÁ 4.126 TỶ(HHTL36285),"4,13 tỷ",55 m²,"75,02 tr/m²",2,1,"Tây Mỗ, Nam Từ Liêm","20.996699701134514, 105.7454035620796"
41982536,08/03/2025,"Bán gấp CH Vinhomes Smart City, 3,06 tỷ, 47,8m2, 1PN, 1WC, tại Tây Mỗ, Nam Từ Liêm, Hà Nội","3,06 tỷ","47,8 m²","64,02 tr/m²",1,1,"Tây Mỗ, Nam Từ Liêm","21.005451725352, 105.739037123598"
42371416,08/03/2025,"Tôi cần chuyển nhượng! Căn 2N1 bên toà GS3, Mới chỉ cho 1 khách thuê từ lúc mua, Tầng 16, nhà đẹp","3,35 tỷ",54 m²,"62,04 tr/m²",2,1,"Tây Mỗ, Nam Từ Liêm","21.006559684544197, 105.74508689233542"
41983963,08/03/2025,"Bán CC tại The Sakura - Vinhomes Smart City, 2,45 tỷ, 34,4 m2, Nam Từ Liêm, Hà Nội","2,45 tỷ","34,4 m²","71,22 tr/m²",N/A,N/A,"Tây Mỗ, Nam Từ Liêm","21.0057733274361, 105.739515979067"
41983750,08/03/2025,"Bán căn hộ 2PN, 1WC tại The Sapphire - Vinhomes Smart City, 3,2 tỷ, 54,8m2, Nam Từ Liêm, Hà Nội","3,2 tỷ","54,8 m²","58,39 tr/m²",2,1,"Tây Mỗ, Nam Từ Liêm","21.0055767169411, 105.736392776611"
41982896,08/03/2025,"Bán CC Imperia Smart City, 3,32 tỷ, 55,2m2, Tây Mỗ, Nam Từ Liêm, Hà Nội","3,32 tỷ","55,2 m²","60,14 tr/m²",N/A,N/A,"Tây Mỗ, Nam Từ Liêm","20.9987614990797, 105.738002856253"
34009793,08/03/2025,"MỸ ĐÌNH PLAZA 2 - Nội thất thuê thiết kế, 2PN chủ BÁN GẤP mua nhà riêng. Ngoài ra em còn căn 3PN ạ.",Giá thỏa thuận,73 m²,N/A,2,2,"Mỹ Đình 2, Nam Từ Liêm","21.0310840606689, 105.774566650391"
42263871,08/03/2025,Cập nhật đầy đủ - quỹ căn hộ rao bán tháng 03/2025 (9 căn) - Florence - Hỗ trợ AC deal giá tốt nhất,"6,4 tỷ",85 m²,"75,29 tr/m²",3,2,"Cầu Diễn, Nam Từ Liêm","21.03120804409519, 105.7609513164552"
38873433,08/03/2025,Tặng ngay vàng 9999 khi mua FLC Complex 36 Phạm Hùng - quỹ căn 2PN - 3PN (95m-131),"4,6 tỷ","66,5 m²","69,17 tr/m²",2,2,"Mỹ Đình 2, Nam Từ Liêm","21.028190612793, 105.779197692871"
38717511,08/03/2025,Dolphin - gia lộc Vàng 9999 may mắn cho quý khách mua Quỹ Căn tháng 03/2025 giá tốt không báo ảo,Giá thỏa thuận,133 m²,N/A,3,2,"Mỹ Đình 2, Nam Từ Liêm","21.0300445556641, 105.776626586914"
42371355,08/03/2025,"Tôi bán 2N tầng 09, view cực thoáng, nội thất tự thiết kế hợp với cho thuê ở hoặc dọn về ở luôn","3,4 tỷ",54 m²,"62,96 tr/m²",2,1,"Tây Mỗ, Nam Từ Liêm","20.99934312402582, 105.73808947101965"
39820939,08/03/2025,Mình chính chủ bán gấp: Căn Studio view hồ Vinhomes Green Bay Mễ Trì - giá 1 tỷ 420,"1,42 tỷ","25,62 m²","55,42 tr/m²",1,1,"Mễ Trì, Nam Từ Liêm","20.9989585876465, 105.788032531738"
42371317,08/03/2025,"Bán CH 4PN Tòa P2 Lumi Hà Nội của Capitaland- Tây Mỗ- Nam Từ Liêm- 136m2- Giá 10,1 Tỷ: 0936 041 ***","10,1 tỷ",136 m²,"74,26 tr/m²",4,3,"Tây Mỗ, Nam Từ Liêm","21.011177385641403, 105.73563666970165"
41252192,08/03/2025,"Bán căn hộ 2N2VS, diện tích 65m2, full đồ, sẵn sổ đỏ tại Vinhomes Greenbay. LH 0904 042 ***",Giá thỏa thuận,65 m²,N/A,2,2,"Mễ Trì, Nam Từ Liêm","20.9989652066316, 105.788067807087"
42265436,08/03/2025,"The Sapphire - Bán gấp CH 1N1VS + 1, DT 46.5m2, tầng trung đẹp tại Vinhomes Smartcity giá chỉ 2,6tỷ","2,6 tỷ","46,5 m²","55,91 tr/m²",1,1,"Tây Mỗ, Nam Từ Liêm","21.006220509794893, 105.73647530806772"
42371383,08/03/2025,"SIÊU HIẾM CĂN NHÀ DÒNG TIỀN PHỐ THIÊN_HIỀN NAM TỪ LIÊM 45m2.9P KHÉP KÍN FULL NỘI THẤT 8,65 TỶ.","8,65 tỷ",45 m²,"192,22 tr/m²",9,9,"Mễ Trì, Nam Từ Liêm","21.0222061745682, 105.776140572018"
42371399,08/03/2025,BÁN CC TÂY MỖ - 55M  1BAN CÔNG & LOGIA  2 NGỦ - GIÁ 3.9 TỶ(HHTL36287),"3,9 tỷ",55 m²,"70,91 tr/m²",2,1,"Tây Mỗ, Nam Từ Liêm","21.016701494033654, 105.74582881694263"
41031129,08/03/2025,"Chung cư 60m2 giá 2.19 tỷ 2PN, đủ nội thất ngay đường 70, Trịnh Văn Bô vài bước tới Mỹ Đình","2,19 tỷ",60 m²,"36,5 tr/m²",2,N/A,"Xuân Phương, Nam Từ Liêm","21.0258808135986, 105.740707397461"
40881809,08/03/2025,"Quỹ căn West Point 3PN+ , diện tích 115m2, full đồ giá chỉ từ 60tr/m2. LH 0832 201 ***",7 tỷ,110 m²,"63,64 tr/m²",3,3,"Mễ Trì, Nam Từ Liêm","21.0118827819824, 105.786445617676"
38052232,08/03/2025,"Bán căn 2PN 78m2 Roman Plaza Tố Hữu giá 5,1 tỷ","5,1 tỷ",78 m²,"65,39 tr/m²",2,2,"Đại Mỗ, Nam Từ Liêm","20.984340667724609, 105.77680969238281"
42297168,08/03/2025,Chuyển nhượng căn hộ 2PN1WC phân khu Sapphire Vinhome Smart City giá chỉ 3.4 tỷ,"3,4 tỷ","53,8 m²","63,2 tr/m²",2,1,"Tây Mỗ, Nam Từ Liêm","21.009471001778554, 105.74383894075736"
41704557,08/03/2025,"Chính chủ Bán căn 95m2 3PN tòa CT8 The Emerald, Mỹ Đình giá 6,8 tỷ","6,8 tỷ",95 m²,"71,58 tr/m²",3,2,"Mỹ Đình 1, Nam Từ Liêm","21.022161483764648, 105.77179718017578"
40894252,08/03/2025,"Chính chủ bán cắt lỗ căn góc 2N + 63,9 m2 - 3,85 tỷ phân khu cao cấp Imperia","3,85 tỷ","63,9 m²","60,25 tr/m²",2,2,"Tây Mỗ, Nam Từ Liêm","20.999277114868164, 105.73811340332031"
42184973,08/03/2025,"Em Trang cần bán căn 3PN, 2WC tại The Matrix One, 12 tỷ, 112m2. Full NT hướng ĐN. Lh 0792 826 ***",12 tỷ,112 m²,"107,14 tr/m²",3,2,"Mễ Trì, Nam Từ Liêm","21.009391956066686, 105.77366589083427"
34922703,08/03/2025,"Keangnam 118m2, 107m2, 126m2, 156m2, 206m2, Penhouse 430m2. LH: 0974 681 ***",Giá thỏa thuận,"107,8 m²",N/A,3,2,"Mễ Trì, Nam Từ Liêm","21.0168495178223, 105.783973693848"
42348191,08/03/2025,"Bán Căn hộ chung cư tại Dolphin Plaza, 12,5 tỷ, 186m2 (3N + 1 - 2VS). Full NT. LH 0792 826 ***","12,5 tỷ",186 m²,"67,2 tr/m²",3,2,"Mỹ Đình 2, Nam Từ Liêm","21.0292019485203, 105.776451356554"
42371063,08/03/2025,"Hiếm! bán căn 2N2VS tầng 23 tòa GS2 Vinsmart, nội thất nhà mình tự thiết kế để ở, Nhà còn rất mới","4,45 tỷ","61,2 m²","72,71 tr/m²",2,2,"Tây Mỗ, Nam Từ Liêm","21.005200360610775, 105.7384140407354"
40728615,08/03/2025,"Chính chủ bán gấp căn 2 + 1, 63.4m2 - 3,65 tỷ, ban công Đông Nam, Vinhomes Smart City","3,65 tỷ","63,4 m²","57,57 tr/m²",2,2,"Tây Mỗ, Nam Từ Liêm","21.0062160491943, 105.736473083496"
41193200,08/03/2025,"Căn góc 4 PN 145m2 tầng đẹp hướng ĐN, NT xịn, sổ đỏ + slot ô tô Mỹ Đình Pearl cạnh công viên Phú Đô","11,85 tỷ",145 m²,"81,72 tr/m²",4,3,"Phú Đô, Nam Từ Liêm","21.0124320983887, 105.767395019531"
41407728,08/03/2025,"Giá chốt 2.9 tỷ bao phí cho căn: 2N1VS tòa S2 đẹp, NT full đồ, BC hướng ĐN, DT 54,8m2","2,9 tỷ","54,8 m²","52,92 tr/m²",2,1,"Tây Mỗ, Nam Từ Liêm","21.006025273273092, 105.73702857177747"
41254134,08/03/2025,"Sốc giảm 100tr bán 1ngủ+1căn G3.1615 view bể bơi, DT 43m tòa G3 The Sola Park,Vinhomes Smart City","3,1 tỷ",43 m²,"72,09 tr/m²",2,1,"Tây Mỗ, Nam Từ Liêm","21.008852005004883, 105.7439193725586"
42342593,08/03/2025,"Chủ nhà cần bán gấp giá theo HDMB CH 2N2WC 3,4 tỷ view đẹp, đứng tên trực tiếp với CDT 2 hầm để xe","3,4 tỷ","54,3 m²","62,62 tr/m²",2,2,"Tây Mỗ, Nam Từ Liêm","21.009093317704284, 105.74398228971783"
41910231,08/03/2025,"Hàng hiếm! Chính chủ cần bán căn 83m2, 3PN toà An Bình Plaza full nội thất, 5,1 tỷ. LH 0968 989 ***",5 tỷ,83 m²,"60,24 tr/m²",3,2,"Mỹ Đình 2, Nam Từ Liêm","21.030503580474797, 105.77770415030768"
42204875,08/03/2025,BÁN NHANH CĂN HỘ 3 PHÒNG NGỦ VIEW NỘI KHU HƯỚNG ĐÔNG NAM KÝ HD TRỰC TIẾP VỚI CHỦ ĐẦU TƯ CÓ HTLS,"4,9 tỷ",75 m²,"65,33 tr/m²",3,2,"Tây Mỗ, Nam Từ Liêm","21.0088637647628, 105.743933749096"
40775547,08/03/2025,"(Mới) Chính chủ bán gấp 3pn 108m2 giá 7,9 tỷ và 4pn 132m2 giá 10,9 tỷ toà VinGardenia, nhà sửa đẹp","10,9 tỷ",132 m²,"82,58 tr/m²",4,3,"Cầu Diễn, Nam Từ Liêm","21.036642314839746, 105.76055729561527"
42129033,08/03/2025,NHỈNH 4 TỶ BÁN NHANH CĂN HỘ CĂN 75M2 3 NGỦ TÒA G5 SOLA SMART CITY HƯỚNG ĐÔNG NAM VIEW BỂ BƠI .,"4,91 tỷ",75 m²,"65,47 tr/m²",3,2,"Tây Mỗ, Nam Từ Liêm","21.008725463814304, 105.74325701851019"
41664123,08/03/2025,"Siêu cắt lỗ: Chủ nhà bán 2.6 tỷ căn 1N+ tòa S2, DT 42,7m2, full đồ. Giá có thể thương lượng bao phí","2,6 tỷ","42,7 m²","60,89 tr/m²",1,1,"Tây Mỗ, Nam Từ Liêm","21.006558880824482, 105.73653573725002"
42341902,08/03/2025,Tôi chính chủ chuyển chỗ làm nên cần bán gấp căn 2PN + view hồ tòa A. LH 0975 982 ***,"4,65 tỷ","63,72 m²","72,98 tr/m²",2,2,"Tây Mỗ, Nam Từ Liêm","21.00564858743022, 105.73661286935113"
41301094,08/03/2025,Hiếm! Bán Căn 2PN2WC - 70m2 - C14 Tố Hữu nội thất cơ bản 4.6 tỷ,"4,6 tỷ",70 m²,"65,71 tr/m²",2,2,"Trung Văn, Nam Từ Liêm","20.990812, 105.78391"
40729135,08/03/2025,"Cập nhật căn hộ The Emerald bán tháng 3/2025 mình là cư dân sống ở đây căn E3.20.8, không chào ảo",Giá thỏa thuận,81 m²,N/A,2,2,"Mỹ Đình 1, Nam Từ Liêm","21.0221614837646, 105.771797180176"
41301233,08/03/2025,Hiếm ! Bán Căn 3PN2wc DT 122m2 Tây Hà Tố Hữu full nội thất 7.5 tỷ,"7,5 tỷ",122 m²,"61,48 tr/m²",3,2,"Trung Văn, Nam Từ Liêm","20.99628, 105.79325"
41301023,08/03/2025,Bán Căn 3PN2WC - 108m2 - C14 Tố Hữu Full nội thất BC Đông Nam giá 6 tỷ,6 tỷ,108 m²,"55,56 tr/m²",3,2,"Trung Văn, Nam Từ Liêm","20.990812, 105.78391"
42370871,08/03/2025,"Chính chủ bán căn 2 phòng ngủ, full nội thất chung cư FLC 36 Phạm Hùng giá 4.5 tỷ. LH: 0977 986 ***","4,5 tỷ",56 m²,"80,36 tr/m²",2,1,"Mỹ Đình 2, Nam Từ Liêm","21.0281981313737, 105.779229620551"
42370839,08/03/2025,"BÁN CĂN HỘ 75M, 2PN, 2VS TẠI ECOLIFE CAPITOL  58 TỐ HỮU, SỔ ĐỎ CHÍNH CHỦ Lh 0962 797 ***","5,85 tỷ",75 m²,78 tr/m²,2,2,"Trung Văn, Nam Từ Liêm","20.9918620474593, 105.785084561592"
42359921,08/03/2025,"Giá thật 100%, cần bán nhanh căn 1PN + 48m2 tại SA3 Sakura Vinhomes, giá chỉ 3,2 tỷ. LH: 0393 331 ***","3,2 tỷ",48 m²,"66,67 tr/m²",1,N/A,"Tây Mỗ, Nam Từ Liêm","21.005130540691, 105.739129370012"
42370922,08/03/2025,Rẻ nhất vinhomes smartcity căn 3 ngủ 75m2 full đồ xịn giá 4.9 tỷ . LH 0949 891 ***,"4,9 tỷ",75 m²,"65,33 tr/m²",3,2,"Tây Mỗ, Nam Từ Liêm","21.003828500237, 105.749580018344"
42363182,08/03/2025,"Chính chủ chuyển đổi nơi ở cần bán căn hộ 2 ngủ tại Vinhomes Smart City giá cực rẻ, cần bán nhanh","3,1 tỷ",54 m²,"57,41 tr/m²",2,1,"Tây Mỗ, Nam Từ Liêm","21.009069634773578, 105.74398098512718"
42370766,08/03/2025,"Bán CH 3PN - 104m2, tòa C7 đường Nguyễn Cơ Thạch. Cam kết nhà đẹp như hình. Giá 5tỷ.LH 0866 052 ***",5 tỷ,104 m²,"48,08 tr/m²",3,2,"Cầu Diễn, Nam Từ Liêm","21.03436932405079, 105.76455019579245"
38573298,08/03/2025,Cực HOT: cần tiền bán nhanh Roman Plaza 78m2 2PN 2VS. Full NT đẹp giá cực tốt 5 tỷ BTP 0968 693 ***,5 tỷ,78 m²,"64,1 tr/m²",2,2,"Đại Mỗ, Nam Từ Liêm","20.9843406677246, 105.776809692383"
38523487,08/03/2025,"(Cực hiếm) GĐ mua biệt thự nên bán nhanh 103m2 Roman 3PN 3VS. Full NT, hướng mát 7,xtỷ: 0968 693 ***",7 tỷ,103 m²,"67,96 tr/m²",3,3,"Đại Mỗ, Nam Từ Liêm","20.9843406677246, 105.776809692383"
38551193,08/03/2025,"Siêu HOT: Bán nhanh 75m2 Ecolife Capitol 2PN 2VS. Full đồ, hướng mát giá 4,x tỉ BTP: 0968 693 ***","4,99 tỷ",75 m²,"66,53 tr/m²",2,2,"Trung Văn, Nam Từ Liêm","20.9945335388184, 105.789390563965"
36422992,08/03/2025,"Siêu phẩm penthouse 300m2 Bonanza đẹp nhất phố Duy Tân full đồ, hotline 0987 106 *** ngày 8/3/2025",Giá thỏa thuận,300 m²,N/A,5,4,"Mỹ Đình 2, Nam Từ Liêm","21.0306091308594, 105.781028747559"
36384896,08/03/2025,Bán Penthouse Iris Garden - Mỹ Đình 185m2 thiết kế Duplex (24-25) Sổ hồng lâu dài Call 0987 106 ***,Giá thỏa thuận,185 m²,N/A,4,3,"Cầu Diễn, Nam Từ Liêm","21.0311622619629, 105.760414123535"
42075794,08/03/2025,"Bán gấp căn hộ 182m2 Dolphin plaza - Trần Bình full nội thất gỗ thịt, sẵn sổ hồng LH 0987 106 ***",Giá thỏa thuận,186 m²,N/A,4,2,"Mỹ Đình 2, Nam Từ Liêm","21.0303107839483, 105.77684809619"
40911799,08/03/2025,"Chính chủ cần chuyển nhượng gấp căn 1PN + tại phân khu Imperia, 42.9m2, nguyên bản, giá chỉ 2.9 tỷ","2,9 tỷ","42,9 m²","67,6 tr/m²",2,1,"Tây Mỗ, Nam Từ Liêm","20.999277114868164, 105.73811340332031"
39094593,08/03/2025,"Chính chủ cần bán căn 70m2, 2PN - 2WC, tòa G2, Vinhomes Green Bay (DTTT: 63.4m2)",5 tỷ,70 m²,"71,43 tr/m²",2,2,"Mễ Trì, Nam Từ Liêm","20.9987451381076, 105.787199644488"
42331615,08/03/2025,"Bán gấp CC An Bình Plaza, Trần Bình, Mỹ Đình 2, Nam Từ Liêm, Hà Nội 5 tỷ, 83m2",5 tỷ,83 m²,"60,24 tr/m²",3,2,"Mỹ Đình 2, Nam Từ Liêm","21.031635939757173, 105.77685067585462"
42329229,08/03/2025,"Bán CC Ecolife Capitol, Tố Hữu, Nam Từ Liêm, 3,5 tỷ, 49m2, view đẹp","3,5 tỷ",49 m²,"71,43 tr/m²",1,1,"Trung Văn, Nam Từ Liêm","20.9943289280462, 105.78968586001642"
42285287,08/03/2025,"Bán CC tại The Garden Hills, 4 tỷ, 58m2, 2PN, 2WC, pháp lý đầy đủ",4 tỷ,58 m²,"68,97 tr/m²",2,2,"Mỹ Đình 2, Nam Từ Liêm","21.030225363797197, 105.77714101622172"
40907660,08/03/2025,"Chính chủ cần tiền gấp bán nhanh căn 3PN 74,9m2 giá 4,25 tỷ Vinhome Smart City. L/H: 0975 982 ***","4,25 tỷ","74,9 m²","56,74 tr/m²",3,2,"Tây Mỗ, Nam Từ Liêm","21.006216049194336, 105.7364730834961"
42190956,08/03/2025,"Bán cắt lỗ căn 2 ngủ 2 vệ sinh tòa Sakura 3,6 tỷ - KĐT Vinhomes Smart City","3,6 tỷ",55 m²,"65,46 tr/m²",2,2,"Tây Mỗ, Nam Từ Liêm","21.005244606766045, 105.73905152131361"
41944684,08/03/2025,Chính chủ cần bán căn hộ 2PN - 59m2 - 3.2 tỷ toà S KĐT Vinhomes Smart City,"3,2 tỷ",59 m²,"54,24 tr/m²",2,1,"Tây Mỗ, Nam Từ Liêm","21.0055310741901, 105.7367430692485"
41870205,08/03/2025,"Bán cắt lỗ căn 1N + 1 - 43m2 - 2,7 tỷ - KĐT Vinhomes Smart City","2,7 tỷ",43 m²,"62,79 tr/m²",1,1,"Tây Mỗ, Nam Từ Liêm","21.005901407960557, 105.73566630570215"
42259858,08/03/2025,Cắt lỗ 200 triệu bán gấp căn 2PN - 2WC 55m2 toà GS The Miami Vinhomes Smart City,"3,5 tỷ",55 m²,"63,64 tr/m²",2,2,"Tây Mỗ, Nam Từ Liêm","21.00631170651313, 105.74476850126915"
42368991,08/03/2025,"Bán CC ở Lumi Hanoi, 4,2 tỷ, 54m2, 2PN, 1WC, giá tốt","4,2 tỷ",54 m²,"77,78 tr/m²",2,1,"Tây Mỗ, Nam Từ Liêm","21.0113692729037, 105.736151075469"
42116645,08/03/2025,"Cần bán căn góc 3PN 96,2m2 thông thuỷ full nội thất ở ngay tầng 2x siêu đẹp Vinhomes West Point","8,5 tỷ","96,2 m²","88,36 tr/m²",3,2,"Mễ Trì, Nam Từ Liêm","21.011294933962205, 105.78681472126539"
42341617,08/03/2025,"Chính chủ cần bán gấp CH 1N1VS + 1, full nội thất, sẵn sổ giá 3,38 tỷ. LH 0975 982 ***","3,38 tỷ","41,9 m²","80,67 tr/m²",1,1,"Tây Mỗ, Nam Từ Liêm","21.006526170842104, 105.73722274884311"
39910815,08/03/2025,"Thu hồi vốn! Bán căn Studio giá 1,95 tỷ full nội thất. Cần bán gấp giá thấp hơn thị trường","1,95 tỷ","28,4 m²","68,66 tr/m²",1,1,"Tây Mỗ, Nam Từ Liêm","20.9992771148682, 105.73811340332"
40991420,08/03/2025,Bán gấp căn hộ 3PN 2VS diện tích 76m2 tòa I3 Vinhomes Smart City,"4,75 tỷ",76 m²,"62,5 tr/m²",3,2,"Tây Mỗ, Nam Từ Liêm","20.9992771148682, 105.73811340332"
42360264,08/03/2025,"Bán căn hộ 2 phòng ngủ toà VOV, Tố Hữu, Nam Từ Liêm, DT 70m2, BC Đông Nam, sẵn sổ đỏ. Giá 3,75 tỷ","3,75 tỷ",70 m²,"53,57 tr/m²",2,N/A,"Mễ Trì, Nam Từ Liêm","20.9959258705417, 105.78492183025999"
42359892,08/03/2025,"Bán căn hộ 2 phòng ngủ, lô góc, sẵn slot ô tô, toà Ecolife Capipal, 58 Tố Hữu. Giá nhỉnh 5 tỷ",Giá thỏa thuận,76 m²,N/A,2,2,"Trung Văn, Nam Từ Liêm","20.993953368276376, 105.78878982721648"
40991614,08/03/2025,"Chính chủ bán gấp căn 2 + 1 tòa GS3 diện tích 63m2, Vinhomes Smart City","3,75 tỷ",63 m²,"59,52 tr/m²",2,2,"Tây Mỗ, Nam Từ Liêm","21.006574630737305, 105.74504852294922"
40676603,08/03/2025,Chính chủ bán nhanh căn hộ chung cư Ecolife Capital căn 3pn - DT 111m2 - giá 5.8 tỷ - LH 0988 246 ***,"5,88 tỷ",111 m²,"52,97 tr/m²",3,2,"Trung Văn, Nam Từ Liêm","20.9945335388184, 105.789390563965"
42370552,08/03/2025,"Tôi chính chủ muốn bán CC 2N S2, 55m2, giá 3.15 tỷ, full nội thất thiết kế, sẵn sổ, Căn 1819","3,15 tỷ",55 m²,"57,27 tr/m²",2,1,"Tây Mỗ, Nam Từ Liêm","21.006194200720667, 105.73651867036067"
39443540,08/03/2025,Bán cắt lỗ căn hộ 1PN + 1 42.9m2 giá 2.6tỷ hỗ trợ phí sang tên tại Vinhomes Smart City,"2,6 tỷ","42,9 m²","60,61 tr/m²",1,1,"Tây Mỗ, Nam Từ Liêm","21.006216049194336, 105.7364730834961"
42137548,08/03/2025,"Tôi chính chủ cần bán căn hộ 2 ngủ 2WC + 1 toà S202 giá 3.9 tỷ diện tích 70,5m2 Vinhomes Smart City","3,9 tỷ","70,5 m²","55,32 tr/m²",2,2,"Tây Mỗ, Nam Từ Liêm","21.006762073430497, 105.73651123546291"
41657847,08/03/2025,"Chính chủ bán căn 1N + tòa GS2, DT 42,8m, 2.6 tỷ bao phí, tầng đẹp view đẹp, NT full, BC hướng ĐN.","2,6 tỷ","42,8 m²","60,75 tr/m²",1,1,"Tây Mỗ, Nam Từ Liêm","21.006574630737305, 105.74504852294922"
40851751,08/03/2025,"Chính chủ bán căn 3PN - 81.8m2, 4.4 tỷ, nhà đủ nội thất (chính chủ) cc cao cấp Vinhomes Smart City","4,4 tỷ","81,8 m²","53,79 tr/m²",3,2,"Tây Mỗ, Nam Từ Liêm","21.0065746307373, 105.745048522949"
38257810,08/03/2025,"Chính chủ bán gấp căn hộ 72m2 - 2PN tại dự án Mỹ Đình Pearl giá: 5,7 tỷ, LH: 0962 673 ***","5,7 tỷ",72 m²,"79,17 tr/m²",2,2,"Phú Đô, Nam Từ Liêm","21.0124320983887, 105.767395019531"
38832524,08/03/2025,Tôi chính chủ cần bán căn hộ 2 ngủ 2WC + 1 toà S205 giá 3.3 tỷ diện tích 69.2m2 Vinhomes Smart City,"3,3 tỷ","69,2 m²","47,69 tr/m²",2,2,"Tây Mỗ, Nam Từ Liêm","21.006722671353188, 105.73637008467763"
42370624,08/03/2025,"Chính chủ bán CC MHDI Bộ Quốc Phòng - 89 Lê Đức Thọ. DT 105m 2 PN. Đầy đủ nội thất. Giá thật 6,4 tỷ","6,4 tỷ",105 m²,"60,95 tr/m²",3,2,"Mỹ Đình 2, Nam Từ Liêm","21.029175767921707, 105.7693556688073"
42340958,08/03/2025,"Chính chủ cần chuyển đổi căn rộng hơn nên bán gấp căn 2PN1VS giá 3,62 tỷ full nội thất mơi cao cấp","3,62 tỷ","55,2 m²","65,58 tr/m²",2,1,"Tây Mỗ, Nam Từ Liêm","20.99942610262468, 105.73775770654456"
42363098,08/03/2025,"GẤP nhà như ảnh - Căn hộ 62m2, 2N2VS, chủ cực thiện chí bán. Click nhận TT!",Giá thỏa thuận,62 m²,N/A,2,2,"Mỹ Đình 1, Nam Từ Liêm","21.021945292835156, 105.77145496073784"
40263985,08/03/2025,"Chính chủ cần bán gấp căn 2 PN+, DT 62.29m2, Masteri West Heights Tây Mỗ, 4.6 tỷ","4,6 tỷ","62,29 m²","73,85 tr/m²",2,2,"Tây Mỗ, Nam Từ Liêm","21.0062065124512, 105.737075805664"
41672929,08/03/2025,"Chính chủ cần bán căn studio tòa S105, DT 28,0m2 hướng ĐN, NT full đẹp. Giá 1,8 tỷ nét","1,8 tỷ",28 m²,"64,29 tr/m²",N/A,1,"Tây Mỗ, Nam Từ Liêm","21.0062160491943, 105.736473083496"
42362517,08/03/2025,"Chính chủ bán căn 3PN Solar Park đóng tiến độ giãn tới 2026, view thoáng miễn phí bể bơi gym, để xe","5,23 tỷ",76 m²,"68,84 tr/m²",3,2,"Tây Mỗ, Nam Từ Liêm","21.009394252131223, 105.74402946056489"
40262811,08/03/2025,"Chính chủ cần bán căn 1PN + 47m2 toà B, full nội thất. Giá 2,7 tỷ bao toàn bộ thuế phí","2,7 tỷ",47 m²,"57,45 tr/m²",1,1,"Tây Mỗ, Nam Từ Liêm","21.0062065124512, 105.737075805664"
41528370,08/03/2025,Chính chủ gửi bán CH 2N 2WC - Tòa G3 HDMB 50 năm - Vinhomes Green Bay Mễ Trì - 0974 046 ***,"3,5 tỷ","53,3 m²","65,67 tr/m²",2,2,"Mễ Trì, Nam Từ Liêm","20.998940173295527, 105.78794246227353"
42014354,08/03/2025,"Siêu phẩm căn hộ 120m2 chung cư Lê Đức Thọ - Mỹ Đình giá nhỉnh hơn 5 tỷ, Full nội thất","5,88 tỷ","120,1 m²",49 tr/m²,3,2,"Mỹ Đình 2, Nam Từ Liêm","21.0308717374709, 105.76950333269"
38912551,08/03/2025,Chính chủ bán CH FLC Landmark Lê Đức Thọ 153m2 - 4PN - full NT đẹp - nhỉnh 5.9tỷ - SĐCC: O971085383,"5,9 tỷ",153 m²,"38,56 tr/m²",4,3,"Mỹ Đình 2, Nam Từ Liêm","21.0340766906738, 105.770355224609"
41617528,08/03/2025,"Chính chủ bán CH FLC Landmark Lê Đức Thọ DT 159m2 4PN 3WC full NT đẹp SĐCC giá 5,5 tỷ: 0971 085 ***","5,5 tỷ",159 m²,"34,59 tr/m²",4,3,"Mỹ Đình 2, Nam Từ Liêm","21.0340766906738, 105.770355224609"
40729300,08/03/2025,"Chính chủ bán CH FLC Complex 36 Phạm Hùng DT 94m2 3PN full NT đẹp SĐCC, giá 6 tỷ: 0906 217 ***",6 tỷ,94 m²,"63,83 tr/m²",3,2,"Mỹ Đình 2, Nam Từ Liêm","21.028190612793, 105.779197692871"
41674059,08/03/2025,"Chính chủ bán CC Dolphin Plaza - 28 Trần Bình. DT 143m 3 ngủ. Đầy đủ nội thất đẹp. Giá thật 7,45 tỷ","7,45 tỷ",143 m²,"52,1 tr/m²",3,2,"Mỹ Đình 2, Nam Từ Liêm","21.030045, 105.77663"
40749821,08/03/2025,"Chính chủ bán CC An Bình Plaza - 97 Trần Bình. DT 100m2 - 3 ngủ. Đầy đủ nội thất. Giá thật 5,9 tỷ","5,9 tỷ",100 m²,59 tr/m²,3,2,"Mỹ Đình 2, Nam Từ Liêm","21.030908584594727, 105.77718353271484"
41274987,08/03/2025,"CHÍNH CHỦ BÁN CC ECOLIFE 58 TỐ HỮU, NAM TỪ LIÊM. DT 111M - 3 NGỦ. ĐẦY ĐỦ NỘI THẤT. GIÁ THẬT 6,4 TỶ","6,4 tỷ",111 m²,"57,66 tr/m²",3,2,"Trung Văn, Nam Từ Liêm","20.9919599769369, 105.785002507735"
42156653,08/03/2025,"Chính chủ cần bán căn góc 2PN - 55,2m2 - 3.4 tỷ toà Imperia KĐT Vinhomes Smart City","3,4 tỷ","55,2 m²","61,59 tr/m²",2,1,"Tây Mỗ, Nam Từ Liêm","20.999517097844485, 105.73894298284299"
40661015,08/03/2025,"Chính chủ bán Golden Palace Mễ Trì - Nam Từ Liêm. 128m2-3PN. Đầy đủ nội thất đẹp. Giá thật 6,85 tỷ","6,85 tỷ",128 m²,"53,52 tr/m²",3,2,"Mễ Trì, Nam Từ Liêm","21.0119361877441, 105.774993896484"
36206143,08/03/2025,"Chính chủ bán gấp căn hộ 2 ngủ 60m2 sổ đỏ, full nội thất đẹp 4.x tỷ The Garden Hill 99 Trần Bình","4,3 tỷ",60 m²,"71,67 tr/m²",2,2,"Mỹ Đình 2, Nam Từ Liêm","21.0304050445557, 105.777030944824"
41274787,08/03/2025,"Chính chủ bán căn 2PN - 80m2. CC Ecolife 58 Tố Hữu - Nam Từ Liêm. Đầy đủ nội thất. Giá thật 4,8 tỷ","4,8 tỷ",80 m²,60 tr/m²,2,2,"Trung Văn, Nam Từ Liêm","20.9922513692468, 105.784985542187"
40751267,08/03/2025,"Chính chủ bán gấp căn 3 ngủ, DT 115m2 tại C14 Bộ Công An - Tố Hữu. Đầy đủ nội thất. Giá thật 5,3 tỷ","5,3 tỷ",115 m²,"46,09 tr/m²",3,2,"Trung Văn, Nam Từ Liêm","20.990812301635742, 105.7839126586914"
40206927,08/03/2025,"Chính chủ cần bán căn 2PN tại C14 Bắc Hà, Tố Hữu, quận Nam Từ Liêm giá 4.5 tỷ, sẵn sổ, có nội thất","4,5 tỷ",70 m²,"64,29 tr/m²",2,2,"Trung Văn, Nam Từ Liêm","20.9908123016357, 105.783912658691"
40094160,08/03/2025,"Chính chủ bán Roman Plaza Tố Hữu - Nam Từ Liêm. DT 74m - 2 ngủ. Đầy đủ nội thất đẹp. Giá thật 4,5tỷ","4,5 tỷ",74 m²,"60,81 tr/m²",2,2,"Đại Mỗ, Nam Từ Liêm","20.9843406677246, 105.776809692383"
41537851,08/03/2025,"Tôi cần bán căn 2 ngủ - 83m2 CC Roman Plaza Tố Hữu - Nam Từ Liêm. Đầy đủ nội thất. Giá thật 4,8 tỷ","4,8 tỷ",83 m²,"57,83 tr/m²",2,2,"Đại Mỗ, Nam Từ Liêm","20.9843406677246, 105.776809692383"
42147263,08/03/2025,Chính chủ tôi cần bán căn hộ tầng 22 tòa CT1 Mỹ Đình Sông Đà - 3PN full nội thất,"6,99 tỷ",115 m²,"60,78 tr/m²",3,2,"Mỹ Đình 1, Nam Từ Liêm","21.017571101721494, 105.7802912856814"
42305822,08/03/2025,"Cần bán CHCC 2PN, full đồ tại dự án HD Mon City, giá chỉ từ 4 tỷ 8. LH 0397 942 *** (em Hiếu)","4,9 tỷ",67 m²,"73,13 tr/m²",2,2,"Mỹ Đình 2, Nam Từ Liêm","21.03504758114389, 105.7673430845022"
39926144,08/03/2025,"Chính chủ bán gấp FLC 36 Phạm Hùng - Mỹ Đình. DT 75m2 - 2 ngủ. Đầy đủ nội thất đẹp. Giá thật 4,4 tỷ","4,4 tỷ",75 m²,"58,67 tr/m²",2,2,"Mỹ Đình 2, Nam Từ Liêm","21.028190612793, 105.779197692871"
42316641,08/03/2025,"Bán CHCC, 3PN, diện tích 135m2 tại dự án Iris Garden, full đồ, giá chỉ từ 7tỷ8. Lh 0397 942 ***","7,8 tỷ",135 m²,"57,78 tr/m²",3,2,"Cầu Diễn, Nam Từ Liêm","21.031643518452512, 105.76118539940944"
42316618,08/03/2025,"Bán CHCC Hoàng Thành Pearl, 2PN, 80m2, đồ cơ bản giá chỉ từ 6 tỷ. Lh 0397 942 *** (em Hiếu)",6 tỷ,80 m²,75 tr/m²,2,2,"Cầu Diễn, Nam Từ Liêm","21.04071279631937, 105.7616623127226"
42316596,08/03/2025,"Bán CHCC Vinhomes Gardenia, 2PN, diện tích 74m2, giá chỉ từ 6 tỷ, full đồ. LH 0397 942 ***",6 tỷ,74 m²,"81,08 tr/m²",2,2,"Cầu Diễn, Nam Từ Liêm","21.036885175307155, 105.75977703620028"
42305534,08/03/2025,"Cần bán CHCC 2PN, cơ bản tại dự án Florence giá chỉ từ 5 tỷ 9. Lh 0397 942 *** (em Hiếu)","5,9 tỷ","77,5 m²","76,13 tr/m²",2,2,"Cầu Diễn, Nam Từ Liêm","21.030852253387117, 105.76123726779265"
42326519,08/03/2025,"Chính chủ bán căn 2 ngủ dt 70m2 tại FLC 36 Phạm Hùng, sẵn sổ full nội thất giá 4.9 tỷ thương lượng","4,9 tỷ",70 m²,70 tr/m²,2,2,"Mỹ Đình 2, Nam Từ Liêm","21.0281961706653, 105.77922155776936"
41774543,08/03/2025,Cần tiền gấp thanh khoản nhanh căn đầu tư DT 63.7m2 tại Masteri Vinhomes Smart City,"3,99 tỷ","63,7 m²","62,64 tr/m²",2,2,"Tây Mỗ, Nam Từ Liêm","21.0056191973742, 105.736722048057"
41358159,08/03/2025,"Em bán gấp căn 3 ngủ rộng tại Roman Plaza, 7 tỷ, 113m2 Full nội thất, có slot ô tô, sổ đỏ cất két",7 tỷ,112 m²,"62,5 tr/m²",3,2,"Đại Mỗ, Nam Từ Liêm","20.984340667724609, 105.77680969238281"
40017601,08/03/2025,"Chính chủ bán cắt lỗ căn 1N 45.7m2, 73tr/m2 phân khu The Tonkin, giá bán nhanh, có thương lượng","3,34 tỷ","45,7 m²",73 tr/m²,1,1,"Tây Mỗ, Nam Từ Liêm","21.0052261352539, 105.738914489746"
42166992,08/03/2025,"Cần bán gấp căn hộ 2PN - Imperia Vinhomes Smartcity, gần nhà để xe, giá 3,9 tỷ bao phí","3,9 tỷ","55,1 m²","70,78 tr/m²",2,1,"Tây Mỗ, Nam Từ Liêm","20.999345951871415, 105.73851611498743"
42198926,08/03/2025,"Chính chủ bán căn studio tòa G3 Vinhomes Green Bay Mễ Trì - Giá 1,75 tỷ view siêu đẹp - 0974 121 ***","1,75 tỷ","28,2 m²","62,06 tr/m²",1,1,"Mễ Trì, Nam Từ Liêm","20.9989930536553, 105.787935828446"
40746255,08/03/2025,"Gia đình cần chuyển nhượng gấp căn hộ 2PN + tại toà Tonkin, DT 70.7m2, full đồ, giá 5.05 tỷ","5,05 tỷ","70,7 m²","71,43 tr/m²",2,2,"Tây Mỗ, Nam Từ Liêm","21.005226135253906, 105.7389144897461"
41082966,08/03/2025,"Chính chủ bán căn 2N, 2VS 3,35 tỉ tòa SA3, Vinhomes Smart City","3,35 tỷ",54 m²,"62,04 tr/m²",2,2,"Tây Mỗ, Nam Từ Liêm","21.005226135253906, 105.7389144897461"
40851842,08/03/2025,Studio tòa TK2 29.1m2 - Tonkin - Vinhomes Smart City (DT TT 25m2) - chính chủ bán cắt lỗ,"2,01 tỷ","29,1 m²","69,07 tr/m²",1,1,"Tây Mỗ, Nam Từ Liêm","21.0052261352539, 105.738914489746"
42165247,08/03/2025,"Chính chủ cần bán gấp căn 3PN - DT 80,1m2, tòa B Vinhomes Marteri West Heights Tây Mỗ, 5,8 tỷ","5,8 tỷ","80,1 m²","72,41 tr/m²",3,2,"Tây Mỗ, Nam Từ Liêm","21.00627990357378, 105.73705077054792"
39888298,08/03/2025,"Bán căn 3PN tòa I1 81m2 (TT 74.5m2), 4,9 tỷ, nhà đủ nội thất (chính chủ) Imperia Smart City","4,9 tỷ",81 m²,"60,49 tr/m²",3,2,"Tây Mỗ, Nam Từ Liêm","20.9992771148682, 105.73811340332"
42332637,08/03/2025,"Chính chủ bán cắt lỗ căn 2N 2VS 54 m2 - 3,95 tỷ phân khu cao cấp Masteri Homes","3,95 tỷ",54 m²,"73,15 tr/m²",2,2,"Tây Mỗ, Nam Từ Liêm","21.005978696001666, 105.73779159948752"
41476776,08/03/2025,"Em chính chủ bán căn 3N SA2, 81,7m2 tầng 8, 60tr/m2, có slot ôtô hỗ trợ khách mua vay NH","4,9 tỷ","81,7 m²",60 tr/m²,3,N/A,"Tây Mỗ, Nam Từ Liêm","21.005879461665863, 105.73927765135045"
39671966,08/03/2025,"Chính chủ cần bán gấp căn 2 PN +, DT 62.29m2, toà D Masteri West Heights Tây Mỗ, 4.9 tỷ","4,9 tỷ","62,29 m²","78,66 tr/m²",2,2,"Tây Mỗ, Nam Từ Liêm","21.0062065124512, 105.737075805664"
40713085,08/03/2025,"Chính chủ cần bán căn 1PN + 1, Dt: 43m2 tầng trung, view Panorama tòa SA3 - giá để rẻ chỉ 2,69 tỷ","2,69 tỷ",43 m²,"62,56 tr/m²",1,1,"Tây Mỗ, Nam Từ Liêm","21.00469769241692, 105.73879813093156"
41602028,08/03/2025,"Cần bán gấp căn hộ 2N2VS cao cấp tòa TK2 tầng cao, diện tích 61,4 m2, Vinhomes Smart City","4,25 tỷ","61,4 m²","69,22 tr/m²",2,2,"Tây Mỗ, Nam Từ Liêm","21.005314247211366, 105.73958469972386"
40909175,08/03/2025,"Chính chủ bán căn 1 PN + diện tích 42,8m2 để đổi căn to hơn giá 2,85 tỷ tốt nhất. LH: 0975 982 ***","2,85 tỷ","42,8 m²","66,59 tr/m²",1,1,"Tây Mỗ, Nam Từ Liêm","21.0065746307373, 105.745048522949"
42166737,08/03/2025,"Cần bán 2N1WC 55.1m2, 2.9 tỷ, tầng trung, sẵn sổ, thiện chí có thương lượng thêm","2,9 tỷ","55,1 m²","52,63 tr/m²",N/A,N/A,"Tây Mỗ, Nam Từ Liêm","21.006735032991678, 105.73713824421375"
42211766,08/03/2025,"Nhượng gấp căn 2PN 2VS - tòa G1, sổ lâu dài - GreenBay Mễ Trì, giá: 4,8 tỷ - View đẹp - 0974 121 ***","4,8 tỷ","62,1 m²","77,3 tr/m²",2,2,"Mễ Trì, Nam Từ Liêm","20.9990222428208, 105.787988202623"
42185502,08/03/2025,"Tôi chính chủ bán căn hộ 3 ngủ 140m2 FLC 36 Phạm Hùng, full nội thất nhà mới đẹp, BC ĐN, giá 8 tỷ",8 tỷ,140 m²,"57,14 tr/m²",3,2,"Mỹ Đình 2, Nam Từ Liêm","21.0281849180204, 105.779133332107"
41553611,08/03/2025,"Tôi chính chủ bán căn 3 ngủ 110m2 Ecolife Capitol Tố Hữu, sẵn sổ đủ đồ đẹp, giá thiện chí 6 tỷ",6 tỷ,110 m²,"54,54 tr/m²",3,2,"Trung Văn, Nam Từ Liêm","20.9945335388184, 105.789390563965"
42265176,08/03/2025,"Chính chủ bán CH: 3N - 2VS 110m2. Giá bán 4,8 tỷ tại C14 - Bắc Hà, Tố Hữu, đủ đồ, 1 slot ô tô","4,8 tỷ",110 m²,"43,64 tr/m²",3,2,"Trung Văn, Nam Từ Liêm","20.990914608823, 105.784359335157"
41525217,08/03/2025,Chính chủ gửi bán CH 2N - 2WC toà G1 Vinhomes Green Bay 0967 913 ***,"5,5 tỷ","69,23 m²","79,44 tr/m²",2,2,"Mễ Trì, Nam Từ Liêm","20.9989585876465, 105.788032531738"
42363254,08/03/2025,"Bán gấp CHCC 121m2 3PN đồ cơ bản,căn góc đẹp tại Golden Palace - Mễ Trì giá nhỉnh 7 tỷ 0971 759 ***",7 tỷ,121 m²,"57,85 tr/m²",3,2,"Mễ Trì, Nam Từ Liêm","21.012776910434603, 105.77525396765868"
39425233,08/03/2025,"Thủ tục nhanh gọn chính chủ bán gấp căn hộ 2N2WC tại The Tonkin giá tốt 3,9 tỷ full đồ","3,9 tỷ","64,5 m²","60,46 tr/m²",2,2,"Tây Mỗ, Nam Từ Liêm","21.0052261352539, 105.738914489746"
42099040,08/03/2025,Chính chủ bán gấp giá gốc 1.1 tỷ: Căn studio view hồ Vinhomes Green Bay Mễ Trì,Giá thỏa thuận,29 m²,N/A,1,1,"Mễ Trì, Nam Từ Liêm","20.9989585876465, 105.788032531738"
42362556,08/03/2025,"Cần bán căn hộ Ecolife Capitol, 76m2 - 2PN 2WC, căn góc. Sẵn sổ. Giá 5 tỷ. LH 0355 075 ***",5 tỷ,76 m²,"65,79 tr/m²",2,2,"Trung Văn, Nam Từ Liêm","20.994062578410656, 105.78924484913732"
42369492,08/03/2025,"Hàng Hiếm CHDT 2tỷ3/Năm,1 Cửa Hàng,26PKk, Oto Qua,Thang Máy,PCCC,3 Thoáng,Nội Thất Nhập,Giá Đầu Tư",29 tỷ,105 m²,"276,19 tr/m²",26,27,"Mỹ Đình 2, Nam Từ Liêm","21.0226046357524, 105.779191271536"
42112588,08/03/2025,Tôi chính chủ cần bán căn Studio 28m2 - 1.95 tỷ - đang cho thuê 8.5tr/tháng toà Imperia Smart City,"1,95 tỷ",28 m²,"69,64 tr/m²",1,1,"Tây Mỗ, Nam Từ Liêm","21.000028538102466, 105.73777017450968"
40934797,08/03/2025,Chính chủ bán Studio - 30.06m2 - 1.2 tỷ - Vinhomes Green Bay Mễ Trì,"1,2 tỷ","30,06 m²","39,92 tr/m²",1,1,"Mễ Trì, Nam Từ Liêm","20.9989339731345, 105.78769166642701"
40822048,08/03/2025,"Chính chủ cần bán gấp căn hộ 1PN + 1, DT: 42,8m2, tầng cao view đẹp tại Vinsmart City - chỉ 2,55 tỷ","2,55 tỷ","42,8 m²","59,58 tr/m²",1,1,"Tây Mỗ, Nam Từ Liêm","21.005633484857515, 105.73600160401423"
42356285,08/03/2025,"Chính chủ chốt bán 2PN tại Green Bay giá 5.1 tỷ full đồ, sổ đỏ sẵn sàng. LH: 0364 079 ***","5,1 tỷ",57 m²,"89,47 tr/m²",2,2,"Mễ Trì, Nam Từ Liêm","20.99837153884031, 105.78843800249513"
42356253,08/03/2025,FLC 36 Phạm Hùng bán 2Pn-4.3 tỷ / 3PN từ 7.4 đến 9.5 tỷ. LH ngay: 0364 079 *** nhắn zalo em,"4,3 tỷ",60 m²,"71,67 tr/m²",2,1,"Mỹ Đình 2, Nam Từ Liêm","21.028553569502, 105.77972468124479"
42137928,08/03/2025,"Em chính chủ bán 1N + 42.8m2 GS, giá 60tr/m2, full nội thất, thiện chí có thương lượng","2,57 tỷ","42,8 m²",60 tr/m²,1,N/A,"Tây Mỗ, Nam Từ Liêm","21.006590769278084, 105.74491383211958"
41528726,08/03/2025,"Cắt lỗ bán gấp căn 2PN 2VS tòa G3 - Giá 3,6 tỷ - View đẹp - 0974 121 ***","3,6 tỷ","53,3 m²","67,54 tr/m²",2,2,"Mễ Trì, Nam Từ Liêm","20.9989585876465, 105.788032531738"
41538424,08/03/2025,"Cần tiền tôi muốn bán gấp căn hộ 1 +, diện tích 47.6m2, Imperia Vinhomes Smart City","3,15 tỷ","47,6 m²","66,18 tr/m²",1,1,"Tây Mỗ, Nam Từ Liêm","20.999576363856786, 105.73803409085801"
42360110,08/03/2025,"Gia đình bà chị em chuyển công tác cần bán gấp căn 62m2 tòa TC2 giá hạt dẻ 4,38 tỷ thu về","4,38 tỷ",62 m²,"70,64 tr/m²",2,2,"Tây Mỗ, Nam Từ Liêm","21.00110555686279, 105.73820938950581"
41920188,08/03/2025,"Bán căn 3pn, 108,4m2 tại chung cư C14 Bắc Hà, P. Trung Văn, sổ đỏ, full nội thất","6,2 tỷ","108,4 m²","57,2 tr/m²",3,2,"Trung Văn, Nam Từ Liêm","20.990710524171888, 105.78392809537398"
41496537,08/03/2025,"Chính chủ bán gấp trong tuần CH 3PN - 2WC, DT 87,87m2, tòa G2 CC Vinhomes Green Bay, giá 6 tỷ 8","6,8 tỷ","87,87 m²","77,39 tr/m²",3,2,"Mễ Trì, Nam Từ Liêm","20.998958587646484, 105.78803253173828"
39631709,08/03/2025,Tôi cần vốn đầu tư bán gấp cắt lỗ căn hộ 2N 54.3m2 giá 3 tỷ bao phí tòa S2.02 Vinhomes Smart City,3 tỷ,"54,3 m²","55,25 tr/m²",2,1,"Tây Mỗ, Nam Từ Liêm","21.0062160491943, 105.736473083496"
42347652,08/03/2025,"Bán CC tại C14 Bộ Công An, Tố Hữu, Nam Từ Liêm, 107,3m2 (3N + 2VS) căn góc siêu đẹp full nội thất","5,69 tỷ","107,3 m²",53 tr/m²,3,2,"Trung Văn, Nam Từ Liêm","20.991622784227303, 105.78369960444988"
42347936,08/03/2025,"Siêu hot căn hộ 103.1m2 (3N+2VS) tại Roman Plaza, Tố Hữu, Đại Mỗ, Nam Từ Liêm căn góc cực đẹp","7,22 tỷ","103,1 m²",70 tr/m²,3,2,"Đại Mỗ, Nam Từ Liêm","20.9840615427311, 105.776758438603"
42336050,08/03/2025,"Bán căn hộ Ecolife Capitol 75m2 (2PN, 2WC) căn góc siêu hot, sẵn sổ gd, full nội thất, có slot ô tô","4,88 tỷ",75 m²,65 tr/m²,2,2,"Trung Văn, Nam Từ Liêm","20.994238574637535, 105.78971638654882"
42347504,08/03/2025,"Bán CC giá ưu đãi tại C14 - Bộ Công An, Tố Hữu 70m2 (2PN + 2VS) full nội thất cực hot","4,4 tỷ",70 m²,"62,86 tr/m²",2,2,"Trung Văn, Nam Từ Liêm","20.990624595704542, 105.78330252641572"
42347761,08/03/2025,"Bán CC C14 - Bộ Công An, Tố Hữu, Trung Văn, Nam Từ Liêm 91m2 (3N + 2VS) tầng cao ful nội thất","5,28 tỷ",91 m²,58 tr/m²,3,2,"Trung Văn, Nam Từ Liêm","20.990630273676217, 105.7833283006324"
42347852,08/03/2025,"Bán CC C14 Bộ Công An, Tố Hữu, Nam Từ Liêm 105m2 (3N + 2VS) tầng cao căn góc siêu đẹp full nội thất","5,88 tỷ",105 m²,56 tr/m²,3,2,"Trung Văn, Nam Từ Liêm","20.990968466153753, 105.7838760756173"
42357638,08/03/2025,"Bán CH Roman Plaza, Tố Hữu, Đại Mỗ, Nam Từ Liêm, 78.7m2 (2N + 2VS) full nội thất siêu đẹp","5,35 tỷ","78,7 m²",68 tr/m²,2,2,"Đại Mỗ, Nam Từ Liêm","20.984298149471336, 105.77662172671421"
42357710,08/03/2025,"Bán CC Roman Plaza Tố Hữu 77.6m2, 2PN, 2WC, view đẹp full nội thất","5,35 tỷ","77,6 m²",69 tr/m²,2,2,"Đại Mỗ, Nam Từ Liêm","20.984336433321044, 105.77595199739841"
42357757,08/03/2025,"Bán CC Roman Plaza, Tố Hữu, Đại Mỗ, Nam Từ Liêm, HN giá 68 triệu/m2, 76.1m2","5,18 tỷ","76,1 m²",68 tr/m²,2,2,"Đại Mỗ, Nam Từ Liêm","20.984124509047504, 105.77640982880038"
42369596,08/03/2025,"Bán CC mini 9PN, 5WC, 34m2, Thiên Hiền, Mỹ Đình 1, Nam Từ Liêm, Hà Nội, giá cực chất chỉ với 7,3 tỷ","7,3 tỷ",34 m²,"214,71 tr/m²",9,5,"Mỹ Đình 1, Nam Từ Liêm","21.0221766685187, 105.776575201006"
40733125,08/03/2025,"Bán gấp cắt lỗ căn 2N + 1, DT: 63,4m2 full nội thất, tầng view cực đẹp - tại Smart City chỉ 3,55 tỷ","3,55 tỷ","63,4 m²","55,99 tr/m²",2,2,"Tây Mỗ, Nam Từ Liêm","21.005748588120888, 105.73686068930265"
42317950,08/03/2025,"Chính chủ cần bán gấp CH Studio khu Sakura Vinhomes Smart City, full đồ, sổ đỏ, DT: 36m2 giá 1,9 tỷ","1,9 tỷ",36 m²,"52,78 tr/m²",1,1,"Tây Mỗ, Nam Từ Liêm","21.00509266635657, 105.73913526476696"
42369516,08/03/2025,"Gia đình bán căn góc 3 ngủ 3wc 110m2, tầng đẹp, đủ nội thất, sổ đỏ. Giá 7 tỷ Roman Plaza",7 tỷ,110 m²,"63,64 tr/m²",3,3,"Đại Mỗ, Nam Từ Liêm","20.98434066772461, 105.77680969238281"
42317842,08/03/2025,(Tin thật 100%) Căn hộ 89m2 x 2PN có lốt ô tô tại The Matrix One - Ban công Đông Bắc - Tầng cao đẹp,"8,8 tỷ",89 m²,"98,88 tr/m²",2,2,"Mễ Trì, Nam Từ Liêm","21.01013570465887, 105.77344398364896"
41641641,08/03/2025,"Chính chủ cần bán gấp căn studio toà Imperia Tây Mỗ, giá chỉ 2 tỷ Vinhomes Smartcity",2 tỷ,"28,4 m²","70,42 tr/m²",1,1,"Tây Mỗ, Nam Từ Liêm","20.999172468290354, 105.73771671418577"
41526862,08/03/2025,Chính chủ cần bán cắt lỗ căn 2PN 1VS căn hộ Tòa G3 tại Vinhomes Green Bay - 0974 046 ***,"3,1 tỷ","55,25 m²","56,11 tr/m²",2,1,"Mễ Trì, Nam Từ Liêm","20.998958587646484, 105.78803253173828"
41183908,08/03/2025,"Bán căn 4 p.ngủ 200m hướng mát, full NT cao cấp, 2 slot ôtô tại Dolphin Plaza Nguyễn Hoàng 12 tỷ",15 tỷ,267 m²,"56,18 tr/m²",4,3,"Mỹ Đình 2, Nam Từ Liêm","21.0309626590896, 105.776547939145"
40564066,08/03/2025,"Bán căn 3 phòng ngủ 118m2 tầng trung, full NT đẹp, sổ đỏ + slot ô tô tại Golden Palace Mễ Trì","7,25 tỷ",122 m²,"59,43 tr/m²",3,2,"Mễ Trì, Nam Từ Liêm","21.0119361877441, 105.774993896484"
40995891,08/03/2025,"Bán căn 2 phòng ngủ 73m2 view công viên Matrix One, full NT, sổ đỏ + slot oto tại Mỹ Đình Pearl","6,45 tỷ",73 m²,"88,36 tr/m²",2,2,"Phú Đô, Nam Từ Liêm","21.0124320983887, 105.767395019531"
42369408,08/03/2025,"Chính Chủ Bán CHDT,Ngõ nông,Thang Máy,PCCC,DT 1Tỷ/Năm,Vị Trí Đẹp, Sổ Vuông,Giá Đầu Tư","14,6 tỷ",70 m²,"208,57 tr/m²",16,17,"Mỹ Đình 2, Nam Từ Liêm","21.0229795019451, 105.77922402907"
41257033,08/03/2025,"Chính chủ cần bán gấp căn 2PN 2VS 72m2 Vinhomes Green Bay Mễ Trì, 3,8 tỷ, có sổ lâu dài, full đồ","3,8 tỷ",75 m²,"50,67 tr/m²",2,2,"Mễ Trì, Nam Từ Liêm","20.9989585876465, 105.788032531738"
41091810,08/03/2025,"Bán gấp căn hộ 3N 2VS tòa Tonkin 1, diện tích 82m2, Vinhomes Smart City","5,55 tỷ",82 m²,"67,68 tr/m²",3,2,"Tây Mỗ, Nam Từ Liêm","21.005370548496447, 105.73867691885064"
40964761,08/03/2025,"Chính chủ cần bán gấp căn hộ studio 27m2 dự án Vinhomes Greenbay giá 1,2 tỷ đồng, full nội thất","1,2 tỷ",27 m²,"44,44 tr/m²",1,1,"Mễ Trì, Nam Từ Liêm","20.9989585876465, 105.788032531738"
40912946,08/03/2025,"Chính chủ bán gấp căn hộ 2N2VS 64m2 dự án Iris Garden Số 30 Trần Hữu Dực giá 3.8 tỷ, sổ đỏ, full đồ","3,8 tỷ",64 m²,"59,38 tr/m²",2,2,"Cầu Diễn, Nam Từ Liêm","21.031162, 105.760414"
40868243,08/03/2025,"Chính chủ cần bán nhanh căn vinhomes Skylake 2N2VS 73m2 giá chỉ 5,5 tỷ, sổ lâu dài full nội thất","5,5 tỷ",73 m²,"75,34 tr/m²",2,2,"Mỹ Đình 1, Nam Từ Liêm","21.02016830444336, 105.78075408935547"
40839015,08/03/2025,Chính chủ sang nước ngoài bán gấp 2N2VS 73m2 Vinhomes Westpoint giá 5 tỷ,5 tỷ,73 m²,"68,49 tr/m²",2,2,"Mễ Trì, Nam Từ Liêm","21.0118827819824, 105.786445617676"
41365631,08/03/2025,"Chính chủ cần bán gấp căn 3 ngủ, view hồ, full nội thất, tại Vinhome Skylake Phạm Hùng",Giá thỏa thuận,129 m²,N/A,3,2,"Mỹ Đình 1, Nam Từ Liêm","21.0201683044434, 105.780754089355"
40834366,08/03/2025,"Tôi chính chủ cần bán gấp studio 36m2 Vinhomes West Point - Sẵn sổ giao dịch - giá bán 2,8 tỷ","2,8 tỷ",36 m²,"77,78 tr/m²",1,1,"Mễ Trì, Nam Từ Liêm","21.0118827819824, 105.786445617676"
41725432,08/03/2025,"Chính chủ bán nhanh căn hộ 3pn view hồ dự án Matrix One Lê Quang Đạo sổ đỏ, full đồ",8 tỷ,130 m²,"61,54 tr/m²",3,2,"Mễ Trì, Nam Từ Liêm","21.009325939227615, 105.77380144461334"
40917929,08/03/2025,"Chính chủ cần bán gấp căn hộ 2 ngủ DT 93m2 dự án The Matrix One - Lê Quang Đạo, full đồ",Giá thỏa thuận,93 m²,N/A,2,2,"Mễ Trì, Nam Từ Liêm","21.0093860626221, 105.773872375488"
40942162,08/03/2025,Chính chủ bán nhanh căn hộ 2PN Hoàng Thành Pearl DT 80m2 tặng nội thất mới hoàn thiện,Giá thỏa thuận,80 m²,N/A,2,2,"Cầu Diễn, Nam Từ Liêm","21.040159225463867, 105.76131439208984"
40839328,08/03/2025,"Chính chủ cần đổi căn hộ bán nhanh căn 4n3vs 142,6m2 tại Vinhomes Westpoint, sổ hồng giá chỉ 9 tỷ",9 tỷ,"142,6 m²","63,11 tr/m²",4,3,"Mễ Trì, Nam Từ Liêm","21.011882781982422, 105.78644561767578"
41552765,08/03/2025,"Chính chủ sang nước ngoài bán nhanh căn hộ 3PN 186m2 tòa Dolphin Plaza Mỹ Đình giá 8 tỷ, full NT",8 tỷ,186 m²,"43,01 tr/m²",3,2,"Mỹ Đình 2, Nam Từ Liêm","21.030044555664062, 105.77662658691406"
40912093,08/03/2025,Chính chủ bán nhanh căn hộ 2N2VS view hồ - Mỹ Đình Pearl có sổ full nội thất giá rẻ nhất thị trường,Giá thỏa thuận,84 m²,N/A,2,2,"Phú Đô, Nam Từ Liêm","21.0124320983887, 105.767395019531"
41732928,08/03/2025,"Chính chủ bán nhanh trước tết căn 1PN + 1 dự án Mỹ Đình Pearl giá 3,1 tỷ, sổ đỏ, full đồ","3,1 tỷ",54 m²,"57,41 tr/m²",1,1,"Phú Đô, Nam Từ Liêm","21.012432098388672, 105.76739501953125"
41859707,08/03/2025,"Qũy hơn 100 CH dự án The Canopy, từ CĐT bàn giao với các loại hình 2N giá ưu đãi triết khấu cao","3,9 tỷ",70 m²,"55,71 tr/m²",2,2,"Tây Mỗ, Nam Từ Liêm","21.0010251914809, 105.739487687106"
41552730,08/03/2025,"Chính chủ chuyển công tác bán nhanh căn hộ 2PN 156m2 dự án Dolphin Plaza Mỹ Đình giá 7 tỷ, full NT",7 tỷ,156 m²,"44,87 tr/m²",2,2,"Mỹ Đình 2, Nam Từ Liêm","21.030044555664062, 105.77662658691406"
40997572,08/03/2025,"Chính chủ cần bán căn số 03 tòa G1, 69m2, 2PN - 2WC, (62.4m2 TT), giá cắt lỗ 300tr Green Bay","4,8 tỷ",69 m²,"69,56 tr/m²",2,2,"Mễ Trì, Nam Từ Liêm","20.9989585876465, 105.788032531738"
41517443,08/03/2025,"Nhà mình còn căn 1PN DT 47,8m2 cần bán tòa SA2, Sakura giá hữu nghị chỉ 2,75 tỷ, tặng full nội thất","2,89 tỷ","47,8 m²","60,46 tr/m²",1,N/A,"Tây Mỗ, Nam Từ Liêm","21.00525530936079, 105.73875562404174"
42282977,08/03/2025,"Chính chủ bán căn hộ tại The Garden Hill 99 Trần Bình, 58m2, 2 ngủ, full đồ ban công Tây Bắc, sổ đỏ",4 tỷ,58 m²,"68,97 tr/m²",2,2,"Mỹ Đình 2, Nam Từ Liêm","21.030757926140776, 105.77735435873633"
42173166,08/03/2025,"Gia đình bán căn 3 ngủ 152m2 tại tháp 4 Dolphin Plaza, full đồ ban công Tây Bắc, sổ đỏ","8,4 tỷ",152 m²,"55,26 tr/m²",3,2,"Mỹ Đình 2, Nam Từ Liêm","21.0300445556641, 105.776626586914"
42341512,08/03/2025,"Chính chủ bán căn hộ tại C14 - Bộ Công An CT1 105m2 3 ngủ ban công Tây Bắc full đồ, sổ đỏ","5,8 tỷ",105 m²,"55,24 tr/m²",3,2,"Trung Văn, Nam Từ Liêm","20.9908123016357, 105.783912658691"
42315862,08/03/2025,"Chính chủ bán căn 2 ngủ, 75m2 tại Ecolife Capitol tòa A2, nội thất cơ bản, ban công Đông Bắc, sổ đỏ",5 tỷ,75 m²,"66,67 tr/m²",2,2,"Trung Văn, Nam Từ Liêm","20.994304169408704, 105.78921470999218"
39530612,08/03/2025,Chính chủ gửi bán căn hộ tại Golden Palace - Dt 116m2 - 3pn2wc giá 5.8 tỷ,"5,8 tỷ",116 m²,50 tr/m²,3,2,"Mễ Trì, Nam Từ Liêm","21.01193618774414, 105.77499389648438"
40851641,08/03/2025,"Chính chủ bán 2PN + : Tòa GS1 61.7m2 - The Miami - Smart City, mua nhanh gia lộc thêm 50tr","3,9 tỷ","61,7 m²","63,21 tr/m²",2,2,"Tây Mỗ, Nam Từ Liêm","21.0065746307373, 105.745048522949"
42369157,08/03/2025,SIÊU PHẨM CĂN STUDIO TÒA S302 VINHOMES SMART CITY - CƠ HỘI VÀNG KHÔNG THỂ BỎ LỠ!,"2,2 tỷ",33 m²,"66,67 tr/m²",1,1,"Tây Mỗ, Nam Từ Liêm","21.0043250348722, 105.749848366712"
39557877,08/03/2025,Bán căn hộ rẻ nhất tòa Sudico CT5 Mỹ Đình SÔng Đà 145m2 4PN căn góc full đồ nhỉnh 7 tỷ 0824 825 ***,7 tỷ,145 m²,"48,28 tr/m²",4,3,"Mỹ Đình 1, Nam Từ Liêm","21.0174350738525, 105.780395507813"
42369117,08/03/2025,Chính chủ bán căn 2n2vs 61m khu cao cấp The Tonkin Vinhome smart city giá siêu hời,"4,3 tỷ",61 m²,"70,49 tr/m²",2,2,"Tây Mỗ, Nam Từ Liêm","21.00896145499262, 105.74391106647094"
42188654,08/03/2025,"Chính chủ mở bán chung cư mini Mỹ Đình mới 100% ở ngay, ngõ to 35 - 50m2 cạnh chợ Mỹ Đình",Giá thỏa thuận,35 m²,N/A,1,1,"Mỹ Đình 1, Nam Từ Liêm","21.0295287105827, 105.774916941939"
39126598,08/03/2025,Mới _Chính chủ bán căn hộ mini cạnh Trường Mầm non Mỹ Đình 30-50m2,"1,1 tỷ",35 m²,"31,43 tr/m²",1,1,"Mỹ Đình 1, Nam Từ Liêm","21.0346803744252, 105.76451799644"
40668900,08/03/2025,Hiếm !!! căn 3PN2WC The Garden Hills nội thất full 89m2 giá 6.2 tỷ bao phí,6 tỷ,91 m²,"65,93 tr/m²",3,2,"Mỹ Đình 2, Nam Từ Liêm","21.0304050445557, 105.777030944824"
41944533,08/03/2025,"Mới! Chính chủ mở bán CC mini tại Mễ Trì Hạ full đồ 30m2, 50m2, ở ngay, ngõ o tô - 0983 169 ***",Giá thỏa thuận,50 m²,N/A,2,1,"Mễ Trì, Nam Từ Liêm","21.0137411893689, 105.781581481994"
40072137,08/03/2025,"Quỹ độc quyền Dreamland Bonanza Duy Tân CH 09(72m2), 16(92m2), 10(97m2), 15(174m2) & S28(300m2)",Giá thỏa thuận,92 m²,N/A,N/A,N/A,"Mỹ Đình 2, Nam Từ Liêm","21.0306091308594, 105.781028747559"
42100616,08/03/2025,"An Bình Plaza 97 Trần Bình - quỹ căn bán 3PN, nội thất đẹp, giá cả hợp lý, pháp lý minh bạch",Giá thỏa thuận,83 m²,N/A,3,2,"Mỹ Đình 2, Nam Từ Liêm","21.030544434353562, 105.77723643285745"
42085898,08/03/2025,"Bán căn hộ chung cư Roman Plaza, 75 triệu / m2, 92 m2, 2PN, 2WC, Q. Nam Từ Liêm, Hà Nội","6,9 tỷ",92 m²,75 tr/m²,2,2,"Đại Mỗ, Nam Từ Liêm","20.98434790885713, 105.77662414098681"
41884641,08/03/2025,"Chính chủ em bán căn hộ chung cư Iris Garden, Trần Hữu Dực, Cầu Diễn, 61.7m2. Lh 0357 536 ***",Giá thỏa thuận,"61,7 m²",N/A,2,2,"Cầu Diễn, Nam Từ Liêm","21.030927956806984, 105.76082229567041"
42085906,08/03/2025,"Bán CC tại MHD Trung Văn, 77 triệu/m2, 105m2, 3PN, 2WC, full nội thất, pháp lý đầy đủ","8,09 tỷ",105 m²,77 tr/m²,3,2,"Trung Văn, Nam Từ Liêm","20.991764983970462, 105.78508137536258"
41280151,08/03/2025,"Em Toàn bán quỹ căn hộ 2PN, 3PN và 4PN chung cư The Zei. Cam kết giá tốt nhất. LH 0357 536 ***",Giá thỏa thuận,108 m²,N/A,N/A,N/A,"Mỹ Đình 2, Nam Từ Liêm","21.03445816040039, 105.7696533203125"
42040410,08/03/2025,"Chính chủ bán căn 1N + 41.9m2 toà B, giá 2.9 tỷ, tầng đẹp, có slot ô tô dưới hầm, hỗ trợ vay NH","2,9 tỷ","41,9 m²","69,21 tr/m²",1,N/A,"Tây Mỗ, Nam Từ Liêm","21.0061761319695, 105.737072509951"
41376767,08/03/2025,"Bán căn hộ chung cư tại The Zei Mỹ Đình, 3PN, 2PT, 108m2, pháp lý đầy đủ",Giá thỏa thuận,108 m²,N/A,3,2,"Mỹ Đình 2, Nam Từ Liêm","21.034458, 105.76965"
42369055,08/03/2025,"Bán căn Studio 32m tòa Tonkin 1 , nhà đầy đủ nội thất, sẵn sổ giá 2,1 tỷ có thương lượng","2,1 tỷ",32 m²,"65,62 tr/m²",N/A,N/A,"Tây Mỗ, Nam Từ Liêm","21.005983905220386, 105.73872931839108"
42295743,08/03/2025,"Bán căn hộ chung cư tại Florence Mỹ Đình, 91.5m2, 3PN, 2WC, đầy đủ nội thất. LH 0357 536 ***",Giá thỏa thuận,"91,5 m²",N/A,3,2,"Cầu Diễn, Nam Từ Liêm","21.030793689264872, 105.76058951608029"
42218257,08/03/2025,Em Toàn cập nhật Quỹ căn chuyển nhượng CCCC Sunshine Center - 16 Phạm Hùng - Mỹ Đình. LH 0357 536 ***,7 tỷ,102 m²,"68,63 tr/m²",2,2,"Mỹ Đình 2, Nam Từ Liêm","21.018682667926, 105.780914161852"
42148053,08/03/2025,"Bán căn hộ 2PN, 2WC tầng trung ban công Đông Bắc tại Vinhomes Green Bay Mễ Trì, 6.5 tỉ, 72m2","6,5 tỷ",72 m²,"90,28 tr/m²",2,2,"Mễ Trì, Nam Từ Liêm","20.998683497646695, 105.78893227794055"
39585678,08/03/2025,"Bán cắt lỗ căn hộ 2 ngủ 1 vs 54,8m2 thông thủy giá 3,1 tỷ full nội thất","3,35 tỷ","54,8 m²","61,13 tr/m²",2,1,"Tây Mỗ, Nam Từ Liêm","21.0062160491943, 105.736473083496"
42295451,08/03/2025,"Chính chủ bán gấp giá rẻ căn 2 PHÒNG NGỦ rộng -71,5 m2 - trục 09 toà P2 view nội khu","5,5 tỷ","71,5 m²","76,92 tr/m²",2,2,"Tây Mỗ, Nam Từ Liêm","21.00571061138795, 105.73664219715373"
42369146,08/03/2025,"Chính chủ bán gấp căn hộ Ecolife Capitol 3 ngủ rộng 104m2, SHLD, giá 6.x tỷ","6,9 tỷ",104 m²,"66,35 tr/m²",3,2,"Trung Văn, Nam Từ Liêm","20.99484900584216, 105.78923701058817"
41642081,08/03/2025,Chính chủ cần tiền bán gấp căn 2PN - 2WC 64.5m2 tầng đẹp The Tonkin giá chỉ 4.7 tỷ,"4,7 tỷ","64,5 m²","72,87 tr/m²",2,2,"Tây Mỗ, Nam Từ Liêm","21.004870063330518, 105.73912077644165"
40366304,08/03/2025,"Siêu hót chính chủ: 2PN 54,8m2 - 2.8 tỷ, Đông Nam, phân khu cao cấp Vin Smart City","2,8 tỷ","54,8 m²","51,1 tr/m²",2,1,"Tây Mỗ, Nam Từ Liêm","21.0065746307373, 105.745048522949"
29984098,08/03/2025,"Bán căn hộ 118m2 - 3PN Golden Palace hướng Nam thoáng mát, full đồ. LH: 0974 538 ***",Giá thỏa thuận,118 m²,N/A,3,2,"Mễ Trì, Nam Từ Liêm","21.0119361877441, 105.774993896484"
35596952,08/03/2025,"Bán 3 căn hộ 133m2 144m2 156m2 cần bán gấp chung cư Dolphin Plaza, giá từ 48tr/m2. LH: 0974 538 ***","6,91 tỷ",144 m²,48 tr/m²,3,3,"Mỹ Đình 2, Nam Từ Liêm","21.0300445556641, 105.776626586914"
35249674,08/03/2025,"Mới: Quỹ căn hộ 3PN - dualkey cần bán gấp tại The Matrix One, SĐCC, hỗ trợ vay vốn. 0974 538 ***",9 tỷ,112 m²,"80,36 tr/m²",3,2,"Mễ Trì, Nam Từ Liêm","21.0093860626221, 105.773872375488"
38105882,08/03/2025,"Chính chủ bán: 3PN - 82m2, 4.2 tỷ, Vinhomes Smart City (DT TT 75.7m2)","4,2 tỷ",82 m²,"51,22 tr/m²",3,2,"Tây Mỗ, Nam Từ Liêm","21.00723237144615, 105.7447054563115"
42351509,08/03/2025,"Chính chủ thiện chí bán căn duplex 190m2 toà Roman Plaza, full đồ, nhà đẹp, giá bán 13.2 tỷ","13,2 tỷ",190 m²,"69,47 tr/m²",3,3,"Đại Mỗ, Nam Từ Liêm","20.98387662938739, 105.77646316324456"
42350146,08/03/2025,"Chuyển xuống mặt đất, gia đình cần bán căn góc 103m2 3PN 3VS tầng trung, full đồ, giá bán 7.27 tỷ","7,27 tỷ",103 m²,"70,58 tr/m²",3,3,"Đại Mỗ, Nam Từ Liêm","20.984287533864187, 105.77754023979948"
37956910,08/03/2025,"Cần bán gấp căn 2PN - 2VS, 57.8m2, giá 3.8 tỷ, ban công ĐN, view hồ, Vinhomes Green Bay Mễ Trì","3,8 tỷ","57,8 m²","65,74 tr/m²",2,2,"Mễ Trì, Nam Từ Liêm","20.9989585876465, 105.788032531738"
40874585,08/03/2025,"Tôi bán căn hộ tại Hoàng Thành Pearl, 118m2 thiết kế 3 ngủ tầng trung view thoáng mát giá 7.5tỷ","7,5 tỷ",118 m²,"63,56 tr/m²",3,2,"Cầu Diễn, Nam Từ Liêm","21.0401592254639, 105.76131439209"
42326407,08/03/2025,"Cần bán lại gấp căn 3N tòa S202 để đầu tư - DT 74m2, giá 4,150 tỷ","4,15 tỷ",74 m²,"56,08 tr/m²",3,2,"Tây Mỗ, Nam Từ Liêm","21.0062160491943, 105.736473083496"
41601747,08/03/2025,"Bán gấp căn studio 30,1m2 tòa GS3 Smart City giá 1,680 tỷ, tặng nội thất mới 100%.(rẻ hơn tt 300tr)","1,68 tỷ","30,1 m²","55,81 tr/m²",N/A,N/A,"Tây Mỗ, Nam Từ Liêm","21.0065746307373, 105.745048522949"
39810267,08/03/2025,"Anh em tôi cần bán căn hộ 77m2 tại chung cư cao cấp Roman Tố Hữu, giá chỉ 4 tỷ. LH: 0336 730 ***",4 tỷ,77 m²,"51,95 tr/m²",2,2,"Đại Mỗ, Nam Từ Liêm","20.9843406677246, 105.776809692383"
42347437,08/03/2025,"Chính chủ cần bán căn 1PN diện tích 42m tầng trung ban công Đông Nam giá 3,2 tỷ có thương lượng","3,2 tỷ",42 m²,"76,19 tr/m²",N/A,N/A,"Tây Mỗ, Nam Từ Liêm","21.0059180301113, 105.73628066323643"
42362956,08/03/2025,Chính chủ cần bán căn Góc Hoa Hậu 3 phòng ngủ Hướng mát tại Mỹ Đình Plaza2,7 tỷ,102 m²,"68,63 tr/m²",3,2,"Mỹ Đình 2, Nam Từ Liêm","21.031090977387464, 105.77455467347042"
41079271,08/03/2025,Chính chủ bán căn hộ Duplex Penthouse Roman diện tích 190m2 full nội thất giá 10 tỷ LH 0336 730 ***,10 tỷ,190 m²,"52,63 tr/m²",3,3,"Đại Mỗ, Nam Từ Liêm","20.98434066772461, 105.77680969238281"
41513043,08/03/2025,"Chính chủ cần bán gấp căn 186m2 Dolphin Plaza 3N+1 full nội thất. Giá tôi bán 12,8 tỷ có ra lộc","12,7 tỷ",186 m²,"68,28 tr/m²",3,3,"Mỹ Đình 2, Nam Từ Liêm","21.0306840314024, 105.776549215454"
42239203,08/03/2025,Bán quỹ căn chuyển nhượng căn hộ 3PN giai đoạn 1 đường đôi Mễ Trì,Giá thỏa thuận,"112,44 m²",N/A,3,2,"Mễ Trì, Nam Từ Liêm","21.009114495259816, 105.77415368916941"
41454595,08/03/2025,"Chỉ 2,6 tỷ sở hữu ngay căn hộ 48m2 thiết kế 1PN + 1, để lại đầy đủ nội thất tại tòa S4 Smart City","2,6 tỷ",48 m²,"54,17 tr/m²",1,N/A,"Tây Mỗ, Nam Từ Liêm","21.0062160491943, 105.736473083496"
40876918,08/03/2025,"Chính chủ bán 2PN +: Tòa D 62.29m2, 3.9 tỷ - Masteri - Vin Smart City, mua bán nhanh gia lộc 50tr","3,9 tỷ","62,29 m²","62,61 tr/m²",2,2,"Tây Mỗ, Nam Từ Liêm","21.0062065124512, 105.737075805664"
42109639,08/03/2025,"Chủ nhà cần bán nhanh 02 căn chung cư, 43m2 giá 3,15 tỷ căn 61,3m2 giá 4,25 tỷ","3,15 tỷ",43 m²,"73,26 tr/m²",N/A,N/A,"Tây Mỗ, Nam Từ Liêm","21.004985472408514, 105.73846760900949"
40573274,08/03/2025,"Bán căn 1PN +: Tòa I2 - 43.2m2, 2.6 tỷ - Imperia Smart City, chính chủ cần bán gấp tuần này","2,6 tỷ","43,2 m²","60,18 tr/m²",1,1,"Tây Mỗ, Nam Từ Liêm","20.9992771148682, 105.73811340332"
41585232,08/03/2025,"Gia đình cần chuyển nhượng gấp căn hộ 2N + phân khu GS Vinhome Smart City, giá chỉ 4,35 tỷ","4,35 tỷ","62,7 m²","69,38 tr/m²",2,2,"Tây Mỗ, Nam Từ Liêm","21.006173891114965, 105.74464384852159"
39820894,08/03/2025,"Chính chủ bán gấp 3PN - 2WC, DT 83.82m2, tòa G2, 6.5 tỷ - Vinhomes Green Bay (TT 77.1m2)","6,5 tỷ","83,82 m²","77,55 tr/m²",3,2,"Mễ Trì, Nam Từ Liêm","20.9989585876465, 105.788032531738"
40720568,08/03/2025,"Chính chủ cần bán căn studio tòa S401, DT 25,0m2 hướng ĐN, NT full đẹp. Giá 1,8 tỷ nét","1,8 tỷ",25 m²,72 tr/m²,N/A,1,"Tây Mỗ, Nam Từ Liêm","21.0062160491943, 105.736473083496"
41647166,08/03/2025,"Bán quỹ căn hộ 107m2, 133m2 tại chung cư C5 Mỹ Đình giá chuẩn từ 4,2 tỷ. LH: 0906 241 ***","5,5 tỷ",107 m²,"51,4 tr/m²",3,2,"Cầu Diễn, Nam Từ Liêm","21.034912109375, 105.764404296875"
37839178,08/03/2025,"Chính chủ bán căn 2 phòng ngủ 61m2 VOV Mễ Trì - Lương Thế Vinh. Giá 3,8 tỷ","3,8 tỷ",61 m²,"62,3 tr/m²",2,1,"Mễ Trì, Nam Từ Liêm","20.9952507019043, 105.784408569336"
39888717,08/03/2025,"Chính chủ bán 2PN +: Tòa I4 - 63.9m2 Imperia Smart City, mua nhanh gia lộc thêm 50tr","4,3 tỷ","63,9 m²","67,29 tr/m²",2,2,"Tây Mỗ, Nam Từ Liêm","20.9992771148682, 105.73811340332"
40521751,08/03/2025,Quỹ căn hộ 2 - 3PN- Duplex bán giá tốt nhất tại Roman Plaza Tố Hữu - xem nhà 0986 126 ***,"14,5 tỷ",190 m²,"76,32 tr/m²",2,N/A,"Đại Mỗ, Nam Từ Liêm","20.9843406677246, 105.776809692383"
39195033,08/03/2025,"Chính chủ bán căn hộ Tây Hà Tower Tố Hữu, 122m2 thiết kế 3ngủ tầng trung nội thất đẹp giá 6.5tỷ","6,5 tỷ",122 m²,"53,28 tr/m²",3,2,"Trung Văn, Nam Từ Liêm","20.996280670166, 105.793251037598"
41646093,08/03/2025,Tin thật.Bán gấp căn hộ Mỹ Đình Plaza 2 Nguyễn Hoàng DT 70m2 2PN Full NT Giá tốt 4.85t LH0964 460 ***,"4,85 tỷ",70 m²,"69,29 tr/m²",2,2,"Mỹ Đình 2, Nam Từ Liêm","21.0310840606689, 105.774566650391"
42299115,08/03/2025,"Chính chủ bán căn hộ Ecolife Tố Hữu, 38m2 1 phòng ngủ 1 khách full nội thất giá 2tỷ",2 tỷ,38 m²,"52,63 tr/m²",1,1,"Trung Văn, Nam Từ Liêm","20.9945305981808, 105.789392546896"
41239223,08/03/2025,(Mới) Chính chủ gửi bán gấp căn Duplex thông tầng_3 Ngủ 100m Full đồ tại Vinhomes Gardenia Hàm Nghi,"8,1 tỷ",100 m²,81 tr/m²,3,2,"Cầu Diễn, Nam Từ Liêm","21.035036370447, 105.764463103452"
39409660,08/03/2025,"Hot, chính chủ bán gấp căn hộ 2ngủ 52m2 đầy đủ đồ đẹp giá chỉ 4.Xtỷ tại Vinhomes Gardenia Hàm Nghi","4,1 tỷ",56 m²,"73,21 tr/m²",2,1,"Cầu Diễn, Nam Từ Liêm","21.0365676879883, 105.760482788086"
42368642,08/03/2025,"Hoàng 3333 giá thật bán CH 75m2, 2N - 2WC, ban công Đông Nam mát mẻ, nội thất cơ bản tại EcoLilfe","5,25 tỷ",75 m²,70 tr/m²,2,2,"Trung Văn, Nam Từ Liêm","20.994167394483462, 105.7897117341245"
42368621,08/03/2025,"Hoàng 3333 Giá Thật. Bán CH 198m2, 4PN - 3WC, tại Dolphin Plaza, Tầng trung mát mẻ, Full đồ, Sổ đỏ","12,3 tỷ",198 m²,"62,12 tr/m²",4,3,"Mỹ Đình 2, Nam Từ Liêm","21.03023306672816, 105.77666516689405"
41241444,08/03/2025,"Mới, Chính chủ gửi bán gấp căn góc 3PN 106m full đồ đẹp ban công Đông Nam mát tại Vinhomes Gardenia","8,1 tỷ",106 m²,"76,42 tr/m²",3,2,"Cầu Diễn, Nam Từ Liêm","21.0351731168811, 105.764449050053"
41242185,08/03/2025,"Cam kết giá tốt nhất Chính chủ gửi bán gấp căn hộ 2PN, 79.8m2 full đủ đồ đẹp tại Vinhomes Gardenia","6,2 tỷ","79,8 m²","77,69 tr/m²",2,2,"Cầu Diễn, Nam Từ Liêm","21.036567687988281, 105.76048278808594"
42368592,08/03/2025,"Hoàng 3333 giá thật. Bán CH2PN, 2WC tại Roman Plaza, ~70m2 ban công Đông Bắc mát mẻ, full đồ, sổ đỏ","5,4 tỷ","69,5 m²","77,7 tr/m²",2,2,"Đại Mỗ, Nam Từ Liêm","20.98417269806851, 105.77720741091119"
42368554,08/03/2025,"Hoàng 3333 giá thật. Bán CH 75m2, 2PN, 2WC, Ecolife Capitol, ban công Đông Bắc mát mẻ, sổ đỏ sẵn","5,3 tỷ",75 m²,"70,67 tr/m²",2,2,"Trung Văn, Nam Từ Liêm","20.99433677142981, 105.78879613149545"
42288212,08/03/2025,"Em bán căn góc Đông Nam 107m2 gồm 3PN2WC The Zei siêu đẹp, giá tốt nhất thị trường, LH em chính chủ","9,4 tỷ","107,6 m²","87,36 tr/m²",3,2,"Mỹ Đình 2, Nam Từ Liêm","21.0353122159059, 105.769714608068"
39010463,08/03/2025,"Bán căn 2 ngủ đẹp CC Vinhomes Skylake 6.x tỷ đông nam và căn view hồ, đồ nhập khẩu (lot ô tô)","5,8 tỷ",64 m²,"90,62 tr/m²",2,2,"Mỹ Đình 1, Nam Từ Liêm","21.0201683044434, 105.780754089355"
42363837,08/03/2025,"CHÍNH CHỦ RẤT GẤP BÁN CĂN 2N-67M2 THE CANOPY- GIÁ THIỆN CHÍ 4,6 TỶ BAO PHÍ- CÓ THƯƠNG LƯỢNG","4,6 tỷ","66,8 m²","68,86 tr/m²",2,2,"Tây Mỗ, Nam Từ Liêm","21.00056722773572, 105.73996152077098"
42338001,08/03/2025,Chính chủ cần tiền bán rẻ căn 3PN full nội thất view công viên hồ 14ha The Matrix One Lê Quang Đạo,"11,28 tỷ","112,8 m²",100 tr/m²,3,2,"Mễ Trì, Nam Từ Liêm","21.009446781397127, 105.77378048693616"
41867072,08/03/2025,"Bán căn hộ 3PN, 2WC, 86m2 tại Mon City nhỉnh 6 tỷ, Nam Từ Liêm, Hà Nội",Giá thỏa thuận,86 m²,N/A,3,2,"Mỹ Đình 2, Nam Từ Liêm","21.0352238642609, 105.76683308884"
37337977,08/03/2025,"Sở Hữu Căn Hộ Capital Elite 18 Phạm Hùng 119m2 Chỉ Từ 3.5 Tỷ, Nhận nhà ngay tại Mỹ Đình!",Giá thỏa thuận,119 m²,N/A,3,2,"Mỹ Đình 2, Nam Từ Liêm","21.0299827772686, 105.778852462769"
38798528,08/03/2025,"Cần bán căn hộ An Bình Plaza 3N 2VS 83m2, 4.8 tỷ full nội thất đẹp về chỉ việc ở. LH: 0853 368 ***","5,6 tỷ",83 m²,"67,47 tr/m²",3,2,"Mỹ Đình 2, Nam Từ Liêm","21.0309085845947, 105.777183532715"
42316967,08/03/2025,"Bán căn hộ chung cư FLC Complex 36 Phạm Hùng, 8,9 tỷ, 131m2 hướng mát. LH: 0971 864 ***","8,9 tỷ",131 m²,"67,94 tr/m²",3,2,"Mỹ Đình 2, Nam Từ Liêm","21.028184993759538, 105.77919003948136"
42317168,08/03/2025,"Chính chủ gửi bán căn hộ VIP nhất dự án Dolphin Plaza 11,8 tỷ, 198m2, 4PN, 3WC, full nội thất","11,8 tỷ",198 m²,"59,6 tr/m²",4,3,"Mỹ Đình 2, Nam Từ Liêm","21.030253814965143, 105.77678393530094"
40595519,08/03/2025,"Quỹ 50 căn chuyển nhượng 1PN, 2PN, 3PN, dự án Vinhomes WestPoint - Giá tốt, chính chủ gửi bán",6 tỷ,100 m²,60 tr/m²,3,2,"Mễ Trì, Nam Từ Liêm","21.0116472287261, 105.786369069393"
42199778,08/03/2025,"Bán gấp căn 2PN 1VS - Tòa G1 Vinhomes GreenBay Mễ Trì, giá 4,2 tỷ nhà đẹp - 0974 121 ***","4,2 tỷ","55,4 m²","75,81 tr/m²",2,1,"Mễ Trì, Nam Từ Liêm","20.9995472213067, 105.78815812699"
41040682,08/03/2025,Chính chủ cần tiền bán gấp căn 1PN + 1 Masteri West Heights giá sốc 3 tỷ bao phí,3 tỷ,"41,85 m²","71,68 tr/m²",1,N/A,"Tây Mỗ, Nam Từ Liêm","21.006206512451172, 105.73707580566406"
41040837,08/03/2025,Cần tiền bán gấp căn studio 30.44m2 Masteri West Heights giá sốc 2 tỷ bao phí,2 tỷ,"30,44 m²","65,7 tr/m²",1,N/A,"Tây Mỗ, Nam Từ Liêm","21.0062065124512, 105.737075805664"
42227961,08/03/2025,Cần tiền bán gấp căn studio 28.7m2 Masteri West Height - Tây Mỗ - Nam Từ Liêm - Hà Nội,"1,9 tỷ","28,7 m²","66,2 tr/m²",1,1,"Tây Mỗ, Nam Từ Liêm","21.0064632574596, 105.737020803011"
41456856,08/03/2025,Cần tiền bán gấp căn 1N + dự án Vinhomes Smart City - Tây Mỗ. Giá 2.8 tỷ bao thuế phí,"2,8 tỷ",43 m²,"65,12 tr/m²",1,1,"Tây Mỗ, Nam Từ Liêm","21.006212474213612, 105.74515231811702"
40908967,08/03/2025,"Cần bán nhanh căn 2N 2VS Masteri WH, DT 62m, tòa B view nội khu, giá 4.6 tỷ. (thiết kế bếp chữ U","4,6 tỷ",62 m²,"74,19 tr/m²",2,2,"Tây Mỗ, Nam Từ Liêm","21.006206512451172, 105.73707580566406"
41912577,08/03/2025,"Bán căn hộ chung cư Hateco Apollo 58m2, giá thỏa thuận, 2PN, 1WC, ở Đường 70, Nam Từ Liêm, HN",Giá thỏa thuận,58 m²,N/A,2,1,"Phương Canh, Nam Từ Liêm","21.034669681998867, 105.75020964376526"
42207085,08/03/2025,"Cần bán gấp căn hộ ~55m2 tòa I5 2PN, 1WC full nội thất 0945 468 ***","3,75 tỷ","54,7 m²","68,56 tr/m²",2,1,"Tây Mỗ, Nam Từ Liêm","20.9993391220842, 105.738025029894"
42368180,08/03/2025,CẦN BÁN CĂN HỘ 1N+ FULL NỘI THẤT TÒA S4- VINHOMES SMART CITY,"2,95 tỷ",43 m²,"68,6 tr/m²",N/A,N/A,"Tây Mỗ, Nam Từ Liêm","21.005433014368425, 105.73657803420878"
41513986,08/03/2025,"Siêu phẩm studio duy nhất tại Vinhomes Smart City, 1,99 tỷ bao phí, full nội thất","1,99 tỷ","28,1 m²","70,82 tr/m²",1,1,"Tây Mỗ, Nam Từ Liêm","21.0062160491943, 105.736473083496"
39458324,08/03/2025,Chính chủ bán 3 ngủ Vinhomes Skylake. LH: 0983 786 ***,8 tỷ,100 m²,80 tr/m²,3,2,"Mỹ Đình 1, Nam Từ Liêm","21.02016830444336, 105.78075408935547"
39516249,08/03/2025,"Bán căn góc 4 phòng ngủ view hồ Vinhomes Skylake, Phạm Hùng giá giảm sốc. LH 0983 786 ***",Giá thỏa thuận,163 m²,N/A,4,3,"Mỹ Đình 1, Nam Từ Liêm","21.0201683044434, 105.780754089355"
41258080,08/03/2025,"Quỹ ngoại giao Capital Elite - 18 Phạm Hùng nhận nhà Q1/2025, full nội thất liền tường cao cấp","10,96 tỷ",126 m²,87 tr/m²,3,N/A,"Mỹ Đình 2, Nam Từ Liêm","21.0185661315918, 105.781684875488"
42367958,08/03/2025,Độc quyền quỹ căn ngoại giao The Matrix One 2-chiết khấu khủng.Booking nhận ngay chiết khấu hấp dẫn,"8,7 tỷ",87 m²,100 tr/m²,2,N/A,"Mễ Trì, Nam Từ Liêm","21.009240439686018, 105.77452598917097"
42286970,08/03/2025,Căn 3 ngủ 83.6 m2 The Canopy Vinhomes Smartcity giá hời nhất thị trường. 5.8 tỷ,"5,8 tỷ","83,6 m²","69,38 tr/m²",3,2,"Tây Mỗ, Nam Từ Liêm","21.00091665556363, 105.73922982991778"
42367692,08/03/2025,"Bán CH chung cư C14 - Bộ Công An 5,5 tỷ 91,2m2 tại 3PN 2WC, Tố Hữu, Nam Từ Liêm, Hà Nội","5,7 tỷ","91,2 m²","62,5 tr/m²",3,2,"Trung Văn, Nam Từ Liêm","20.990974342978262, 105.78344397008186"
41433540,08/03/2025,"Bán căn hộ 1 phòng ngủ +1 (thiết kế 2 ngủ) tại Imperia - Vinhomes Smart City - 2,8 tỷ 0914 333 ***","2,8 tỷ",48 m²,"58,33 tr/m²",1,1,"Tây Mỗ, Nam Từ Liêm","20.999277114868164, 105.73811340332031"
42157551,08/03/2025,Trực tiếp chủ nhà bán căn hộ 86m2 căn góc tầng trung ban công đông nam dự án Mon City,"6,6 tỷ",86 m²,"76,74 tr/m²",3,2,"Mỹ Đình 2, Nam Từ Liêm","21.0351740791637, 105.767708663006"
40923340,08/03/2025,2PN 2WC The Garden Hills full nội thất 78m2 có full NT - 5.3 tỷ (chuẩn giá),"5,3 tỷ",78 m²,"67,95 tr/m²",2,2,"Mỹ Đình 2, Nam Từ Liêm","21.0304050445557, 105.777030944824"
40603640,08/03/2025,Chính chủ cần bán nhanh căn hoa hậu Lumi Hanoi-4PN 136m2 GĐ2 tầng cao đẹp P2.2x. 13.LH: 0915 826 ***,11 tỷ,136 m²,"80,88 tr/m²",4,3,"Tây Mỗ, Nam Từ Liêm","21.0115852355957, 105.73583984375"
42363284,08/03/2025,3N2VS A3 LUMIERE EVERGREEN SMART CITY,"6,64 tỷ","81,3 m²","81,72 tr/m²",3,2,"Tây Mỗ, Nam Từ Liêm","21.0088420393063, 105.743641610698"
41358570,08/03/2025,Chính chủ cần bán nhanh căn hoa hậu GĐ3 Lumi Hanoi - 2PN 54m2 Elite E1.1x. 13. LH: 0915 826 ***,"4,3 tỷ",54 m²,"79,63 tr/m²",2,2,"Tây Mỗ, Nam Từ Liêm","21.0122833251953, 105.735260009766"
41992136,08/03/2025,"Bán căn 2PN ban công ĐN view hồ 86m cc Báo Nhân Dân, Trần Hữu Hực full NT 4,5 tỷ. LH 0916 820 ***",Giá thỏa thuận,"86,4 m²",N/A,2,2,"Phương Canh, Nam Từ Liêm","21.032916784929004, 105.75311864199782"
39077483,08/03/2025,"BQL tòa nhà bán căn hộ 2PN2WC vào ngay, nhà đẹp, mới, view thoáng, đầy đủ nội thất dự án Mon City","4,6 tỷ",67 m²,"68,66 tr/m²",2,2,"Mỹ Đình 2, Nam Từ Liêm","21.035120010376, 105.767433166504"
42315570,08/03/2025,"Bán gấp căn hộ chung cư 82,5m2 2N 2W VOV Mễ Trì full nội thất, sẵn sổ giao dịch ngay","4,6 tỷ","82,5 m²","55,76 tr/m²",2,2,"Mễ Trì, Nam Từ Liêm","20.995424426276124, 105.78416491567582"
42337189,08/03/2025,"Bán gấp căn hộ FLC 36 Phạm Hùng 70m2, 2N 2W full nội thất, sẵn sổ bao toàn bộ thuế phí","5,2 tỷ",70 m²,"74,29 tr/m²",2,2,"Mỹ Đình 2, Nam Từ Liêm","21.0271990882642, 105.7781971246"
42348278,08/03/2025,"[Siêu hiếm] Cần bán căn hộ 66m 2N2W Garden hill,sẵn sổ giao dịch","4,4 tỷ",66 m²,"66,67 tr/m²",2,2,"Mỹ Đình 2, Nam Từ Liêm","21.030490885268485, 105.77677274768975"
42352260,08/03/2025,"[Siêu Hiếm] Bán căn hộ 2N2W 78,4m Garden Hill, Full nội thất đẹp sẵn sổ bao toàn bộ thuế phí","5,25 tỷ","78,4 m²","66,96 tr/m²",2,2,"Mỹ Đình 2, Nam Từ Liêm","21.031196503758817, 105.7767395629919"
37984261,08/03/2025,"Sẵn sổ! Bán nhanh căn 2PN 54m2 Vin Tây Mỗ-full nội thất 3,38tỷ bao phí - về ở ngay - có hỗ trợ vay","3,38 tỷ",54 m²,"62,59 tr/m²",2,1,"Tây Mỗ, Nam Từ Liêm","21.0088520050049, 105.743919372559"
41098408,08/03/2025,"Bán căn 2PN góc, diện tích 64m, bàn giao nội thất cơ bản cao cấp, giá 4.3 tỷ, TT giãn","4,3 tỷ",64 m²,"67,19 tr/m²",2,2,"Tây Mỗ, Nam Từ Liêm","21.008852005004883, 105.7439193725586"
38648293,08/03/2025,"Siêu hot 3 ngủ C37 Bắc Hà view Hồ Phùng Khoang DT 120m2 và 2 VS. Giá 6,2 tỷ, LH 0978,965831","6,2 tỷ",120 m²,"51,67 tr/m²",3,2,"Trung Văn, Nam Từ Liêm","20.9968299865723, 105.793838500977"
37754319,08/03/2025,"Giá thật cần bán căn hộ 3 phòng ngủ C14 Bắc Hà. Giá 5,3 tỷ, DT 108m2 và 2 WC. LH 0978,965831","5,3 tỷ",108 m²,"49,07 tr/m²",3,2,"Trung Văn, Nam Từ Liêm","20.9908123016357, 105.783912658691"
42367340,08/03/2025,"Giá tốt nhất thị trường-Quỹ căn hộ 2PN Iris Garden chỉ từ 4ty5, lhe D.Anh 0889 053 *** để được tư vấn","4,55 tỷ",62 m²,"73,39 tr/m²",2,2,"Cầu Diễn, Nam Từ Liêm","21.031682944484746, 105.76052373343268"
32816950,08/03/2025,"Cần bán gấp căn hộ 2 ngủ CC Bonanza 73m2 tầng trung ban công Bắc, liên hệ: 0846 692 *** em Hòa","6,1 tỷ",73 m²,"83,56 tr/m²",2,2,"Mỹ Đình 2, Nam Từ Liêm","21.0306091308594, 105.781028747559"
35650714,08/03/2025,"Cần bán gấp căn 3 phòng ngủ 83m2 An Bình Plaza 97 Trần Bình giá 6 tỷ, LH: 0846 692 *** em Hòa",6 tỷ,83 m²,"72,29 tr/m²",3,2,"Mỹ Đình 2, Nam Từ Liêm","21.0309085845947, 105.777183532715"
34430897,08/03/2025,"Bán Mỹ Đình Plaza 2 cơ bản giá 5 tỷ 72,6m2 2 phòng ngủ, 2 WC, LH: 0846 692 *** em Hòa",5 tỷ,"72,6 m²","68,87 tr/m²",2,2,"Mỹ Đình 2, Nam Từ Liêm","21.0310840606689, 105.774566650391"
39158564,08/03/2025,Bán căn 2 ngủ 75m2 FLC Complex 36 Phạm Hùng giá 4.9 tỷ full nội thất cao cấp. LH: 0846 692 ***,"4,9 tỷ",75 m²,"65,33 tr/m²",2,2,"Mỹ Đình 2, Nam Từ Liêm","21.02819, 105.7792"
37064025,08/03/2025,"Bán căn 83m2 Florence 28 Trần Hữu Dực 2 ngủ 2 vệ sinh cơ bản CĐT giá 6,1 tỷ bao phí. LH: 0846 692 ***","6,1 tỷ",83 m²,"73,49 tr/m²",2,2,"Cầu Diễn, Nam Từ Liêm","21.030731, 105.76133"
40334754,08/03/2025,"Chủ nhà gửi bán CH 2PN The Zei Số 8 Lê Đức Thọ 92m2 nguyên bản CĐT giá 7,5 tỷ LH: 0846 692 *** E. Hòa","7,5 tỷ",92 m²,"81,52 tr/m²",2,2,"Mỹ Đình 2, Nam Từ Liêm","21.0344581604004, 105.769653320313"
40038383,08/03/2025,"Em còn căn 3 ngủ The Garden Hill 99 Trần Bình 92m2 bán Nguyên bản giá 5,6 Tỷ đồng - LH: 0846 692 ***","5,6 tỷ",92 m²,"60,87 tr/m²",3,2,"Mỹ Đình 2, Nam Từ Liêm","21.0304050445557, 105.777030944824"
42190140,08/03/2025,"Bán CH đẹp tại The Emerald CT8 Mỹ Đình, 7,2 tỷ, 95m2, nhiều tiện ích. LH 0792 826 ***","7,2 tỷ",95 m²,"75,79 tr/m²",3,2,"Mỹ Đình 1, Nam Từ Liêm","21.021993851219722, 105.77211815529748"
42194195,08/03/2025,"Hiếm bán căn hộ Tại The garden Hill 99 trần bình 110m2 3 ngủ full đồ,tầng trung view thoáng,giá rẻ.","6,8 tỷ",110 m²,"61,82 tr/m²",N/A,N/A,"Mỹ Đình 2, Nam Từ Liêm","21.030418872128642, 105.77704341701248"
41296554,08/03/2025,"Bán căn hộ 2 ngủ FLC 36 Phạm Hùng view Hồ Điều Hoà. Giá 4,5 tỷ DT 70m2 và 2VS. LH 0978 965 ***","4,5 tỷ",70 m²,"64,29 tr/m²",2,2,"Mỹ Đình 2, Nam Từ Liêm","21.028190612793, 105.779197692871"
42355637,08/03/2025,"Căn hộ Garden Hills 99 Trần Bình DT 78m2, 2PN, 2WC, pháp lý đầy đủ. Giá 4,7 tỷ LH 0978,965831","4,7 tỷ",78 m²,"60,26 tr/m²",2,2,"Mỹ Đình 2, Nam Từ Liêm","21.030826820715937, 105.77719660208136"
42004046,08/03/2025,CC bán CHCC Vinhomes SkyLake: 50.97m2 BC ĐN view hướng về Keangnam. Giá 4.8 tỷ. LHTT: 0936 031 ***,"4,8 tỷ","44,9 m²","106,9 tr/m²",1,1,"Mỹ Đình 1, Nam Từ Liêm","21.019465114194457, 105.78053455473993"
41837127,08/03/2025,"Bán căn hộ chung cư tại Roman Plaza, 5 tỷ, 78 m2, 2PN, 2WC, Tây Bắc, Đông Nam",5 tỷ,78 m²,"64,1 tr/m²",2,2,"Đại Mỗ, Nam Từ Liêm","20.98393673398568, 105.7767786390118"
41753803,08/03/2025,"Em D.Anh cư dân tại An Bình bán nhanh căn hộ 2PN tại dự án giá chỉ nhỉnh 3 tỷ, xem nhà 24/7","3,3 tỷ",55 m²,60 tr/m²,2,1,"Mỹ Đình 2, Nam Từ Liêm","21.030908584594727, 105.77718353271484"
39332136,08/03/2025,"Giá chỉ 9.3 tỷ - căn góc, 3PN, view cố định, Vinhomes Skylake, sổ sẵn, giao nhà luôn","9,3 tỷ",90 m²,"103,33 tr/m²",3,2,"Mỹ Đình 1, Nam Từ Liêm","21.02096044994282, 105.7806356710867"
42313039,08/03/2025,Bán Căn góc GS5 - Vinhomes Smart City,"4,15 tỷ",63 m²,"65,87 tr/m²",2,2,"Tây Mỗ, Nam Từ Liêm","21.0089469613944, 105.742969261399"
42342351,08/03/2025,"Bán CH 2PN tại Hoàng Thành full NT mới tầng đẹp, view thoáng, đẹp giá siêu tốt, lhe Danh 0889 053 ***",Giá thỏa thuận,80 m²,N/A,2,2,"Cầu Diễn, Nam Từ Liêm","21.04061306041054, 105.7612068635492"
42186540,08/03/2025,"Bán CH dự án Roman Plaza, Tố Hữu. DT 78m2, 2N2VS, tầng trung full nội thất. Giá 5,3tỷ. Lh0866 839 ***","5,3 tỷ",78 m²,"67,95 tr/m²",2,2,"Đại Mỗ, Nam Từ Liêm","20.984356735888685, 105.77746959353237"
42320759,08/03/2025,"Chính chủ bán căn hộ chung cư full nội thất 69.5m2, 2 ngủ, 2 wc tại Athena Complex Xuân Phương","3,2 tỷ","69,5 m²","46,04 tr/m²",2,2,"Phương Canh, Nam Từ Liêm","21.041207726155072, 105.73506437798245"
42303526,08/03/2025,"Gia đình tôi có căn hộ 70m2(2N 2W) tại C14 Bộ Công An - Tố Hữu. Sẵn sổ, full đồ. Giá: 4.5 tỷ","4,5 tỷ",70 m²,"64,29 tr/m²",2,2,"Trung Văn, Nam Từ Liêm","20.990702590238303, 105.78408757847261"
42320829,08/03/2025,"Chính chủ bán gấp CH - 78m2 - 2PN - 2WC full nội thất, view thoáng ở Roman Plaza. Giá 5 tỷ",5 tỷ,78 m²,"64,1 tr/m²",2,2,"Đại Mỗ, Nam Từ Liêm","20.984030212441443, 105.7775619263689"
41528594,08/03/2025,Chính chủ gửi bán căn hộ 3N 2VS - Tại Vinhomes Green Bay Mễ Trì 0967 913 ***,"6,5 tỷ","92,81 m²","70,04 tr/m²",3,2,"Mễ Trì, Nam Từ Liêm","20.9989585876465, 105.788032531738"
40142441,08/03/2025,Hiếm! Dolphin Plaza 3PN3WC diện tích 266m2 full nội thất 15.15 tỷ (chuẩn giá),"15,15 tỷ",266 m²,"56,96 tr/m²",3,3,"Mỹ Đình 2, Nam Từ Liêm","21.0300445556641, 105.776626586914"
42328222,08/03/2025,"Chính chủ bán căn 103m2 3N 2WC full nội thất tầng trung đẹp ban công mát giá 7,2 tỉ - LH 0961 899 ***","7,2 tỷ",103 m²,"69,9 tr/m²",3,2,"Mỹ Đình 2, Nam Từ Liêm","21.0345093521254, 105.770434069556"
39558959,08/03/2025,Hiếm !!! bán căn 3PN2WC - 81 m2 - VOV Mễ Trì Full NT Hướng mát giá 5tỷ,5 tỷ,81 m²,"61,73 tr/m²",3,2,"Mễ Trì, Nam Từ Liêm","20.9952507019043, 105.784408569336"
39306711,08/03/2025,Cần bán gấp căn 115m2 3PN 2WC và căn 133m2 3n2wc nội thất đẹp ban công mát lạnh giá 45tr/m2,"5,18 tỷ",115 m²,45 tr/m²,3,2,"Mỹ Đình 1, Nam Từ Liêm","21.0174350738525, 105.780395507813"
39651021,08/03/2025,Bán nhanh căn góc 73m2 2PN tầng trung view hồ ở MĐ Pearl giá 6 tỷ LH 0961 899 ***,6 tỷ,73 m²,"82,19 tr/m²",2,2,"Phú Đô, Nam Từ Liêm","21.0124320983887, 105.767395019531"
39879202,08/03/2025,"Gia đình e cần bán gấp 109m2 3N2WC hướng mát, nội thất full ở Hoàng Thành Pearl giá 7,2 tỷ","7,2 tỷ",109 m²,"66,06 tr/m²",3,2,"Cầu Diễn, Nam Từ Liêm","21.0401592254639, 105.76131439209"
39444370,08/03/2025,"Bán gấp căn 73,5m2 2N2WC full nội thất đẹp ở Vinhomes Gardenia giá 5,7 tỷ LH 0961 899 ***","5,7 tỷ","73,5 m²","77,55 tr/m²",2,2,"Cầu Diễn, Nam Từ Liêm","21.0365676879883, 105.760482788086"
41409517,08/03/2025,Hiếm! CT1 Sudico Mỹ Đình Sông Đà 3PN2WC căn 110m2 giá 7 tỷ. NT full có TL,7 tỷ,110 m²,"63,64 tr/m²",3,2,"Mỹ Đình 1, Nam Từ Liêm","21.017435073852539, 105.7803955078125"
42238256,08/03/2025,Bán chung cư 47m2 chính chủ tại Tây Mỗ,"3,32 tỷ",47 m²,"70,64 tr/m²",1,1,"Tây Mỗ, Nam Từ Liêm","21.004907206605267, 105.73834279798315"
41022694,08/03/2025,Hiếm! Căn 2PN2WC The Garden Hills 66m2 full nội thất - 4.5 tỷ,"4,5 tỷ",66 m²,"68,18 tr/m²",2,2,"Mỹ Đình 2, Nam Từ Liêm","21.0304050445557, 105.777030944824"
40673572,08/03/2025,Hiếm! bán căn 3PN 95m The Emerald CT8 Mỹ Đình SDCC đồ cơ bản giá 7.5 tỷ có TL,"7,5 tỷ",95 m²,"78,95 tr/m²",3,2,"Mỹ Đình 1, Nam Từ Liêm","21.0221614837646, 105.771797180176"
42138269,08/03/2025,"Tôi cần bán căn hộ chung cư tại Mon City, giá thỏa thuận, 67m2, 2PN, 2WC, Q. Nam Từ Liêm, HN",Giá thỏa thuận,67 m²,N/A,2,2,"Mỹ Đình 2, Nam Từ Liêm","21.034696351251043, 105.76786346678203"
42146884,08/03/2025,"Qũy hơn 120 CH dự án The Victoria, từ CĐT với các loại hình studio,1N,2N,3N giá ưu đãi % cao nhất",4 tỷ,65 m²,"61,54 tr/m²",2,2,"Tây Mỗ, Nam Từ Liêm","21.0091655107917, 105.743192533443"
42157117,08/03/2025,"Bán CC 3PN, 2Vs, 2 ban công Golden Palace giá rẻ nhất dự án, đang cho thuê 22 triệu/tháng","8,2 tỷ",128 m²,"64,06 tr/m²",3,2,"Mễ Trì, Nam Từ Liêm","21.01216005800175, 105.77413578355879"
42021491,08/03/2025,"Bán CC Dreamland Bonanza, giá thỏa thuận, 75m2, 2PN, 2WC, tại Duy Tân, MĐ2, Nam Từ Liêm, HN",Giá thỏa thuận,75 m²,N/A,2,2,"Mỹ Đình 2, Nam Từ Liêm","21.030530831318778, 105.78119592214395"
41975264,08/03/2025,"Bán căn hộ 135m2 Iris Garden full nội thất, cam kết giá tốt nhất thị trường","6,9 tỷ",135 m²,"51,11 tr/m²",3,3,"Cầu Diễn, Nam Từ Liêm","21.03033019797333, 105.76072446729825"
38882092,08/03/2025,"Chính chủ bán căn hộ chung cư An Bình Plaza, Phố Trần Bình căn hộ 3 ngủ LH 0911 120 ***",Giá thỏa thuận,92 m²,N/A,3,2,"Mỹ Đình 2, Nam Từ Liêm","21.030908584594727, 105.77718353271484"
41927351,08/03/2025,"Bán gấp căn 3PN-120m2 chung cư B6, khu đô thị Mỹ Đình. Đầy đủ nội thất sẵn ở đón Tết. Lh 0937 466 ***",Giá thỏa thuận,120 m²,N/A,3,3,"Cầu Diễn, Nam Từ Liêm","21.034798102449066, 105.76438130567627"
42241151,08/03/2025,"Bán cắt lỗ căn 2 phòng ngủ 80m2 chung cư Hoàng Thành Pearl, nhà mới chưa ở. Lh 0937 466 ***","5,8 tỷ",80 m²,"72,5 tr/m²",2,2,"Cầu Diễn, Nam Từ Liêm","21.040162966796636, 105.76223600131269"
42314371,08/03/2025,"Bán gấp Duplex The Zei Mỹ Đình 4PN - 185m2 Hoàn thiện Nội thất cao cấp mới, sẵn sổ. LH 0937 466 ***",Giá thỏa thuận,185 m²,N/A,4,3,"Mỹ Đình 2, Nam Từ Liêm","21.0353010635348, 105.769404912464"
42106244,08/03/2025,"Bán gấp căn 2PN - 65m2 chung cư Golden Field Mỹ Đình, sẵn sổ nhận nhà ngay. Lh 0937 466 ***",Giá thỏa thuận,65 m²,N/A,3,2,"Cầu Diễn, Nam Từ Liêm","21.0351467611159, 105.765882321102"
41964680,08/03/2025,"Chính chủ bán gấp căn 4PN-153,2m2 Tháp A Sunshine Center, 16 Phạm Hùng, nhà đẹp sẵn ở Lh 0937 466 ***",Giá thỏa thuận,"153,2 m²",N/A,4,2,"Mỹ Đình 2, Nam Từ Liêm","21.018786435227387, 105.78110583344855"
42318931,08/03/2025,"Bán gấp 2 căn penthouse/duplex Iris Garden Mỹ Đình 4PN-185m2 nhà thô và full cao cấp, LH 0937 466 ***",Giá thỏa thuận,185 m²,N/A,4,4,"Cầu Diễn, Nam Từ Liêm","21.03117158447578, 105.76041201838429"
42321704,08/03/2025,"Chính chủ bán gấp căn 4PN - 129m2 CCCC Sunshine Center, 16 Phạm Hùng, nhà đẹp sẵn ở LH 0937 466 ***",9 tỷ,129 m²,"69,77 tr/m²",4,2,"Mỹ Đình 2, Nam Từ Liêm","21.018425347934755, 105.78087387484223"
42113051,08/03/2025,"Bán gấp căn góc Đông Nam, trục hoa hậu 3PN 135,8m2 Iris Garden, view sân Mỹ Đình. Lh 0937 466 ***",Giá thỏa thuận,"135,8 m²",N/A,3,2,"Cầu Diễn, Nam Từ Liêm","21.0311622619629, 105.760414123535"
42319408,08/03/2025,Bán gấp căn 2PN - 74m2 chung cư Dolphin Plaza số 6 Nguyễn Hoàng. Nhà đẹp nội thất mới sẵn ở,Giá thỏa thuận,74 m²,N/A,2,2,"Mỹ Đình 2, Nam Từ Liêm","21.029833266299416, 105.77604562549293"
42319225,08/03/2025,"Chính chủ bán gấp căn hộ 4 ngủ, 182m2 Dolphin Plaza Số 6 Nguyễn Hoàng. Sẵn sổ Slot xe LH 0937 466 ***",Giá thỏa thuận,182 m²,N/A,4,3,"Mỹ Đình 2, Nam Từ Liêm","21.029466479001698, 105.7764398834797"
42364790,08/03/2025,BÁN CĂN 2PN+2WC GIÁ TỐT NHẤT TC1 THE CANOPY - CHỈ #4340TR BAO PHÍ!,"4,34 tỷ",61 m²,"71,15 tr/m²",N/A,N/A,"Tây Mỗ, Nam Từ Liêm","21.0010112387376, 105.738968750603"
42364764,08/03/2025,BÁN CĂN 2PN+2WC G2 SOLA PARK VIEW BỂ BƠI - GIÁ CHỈ #3750TR - CÓ THƯƠNG LƯỢNG!,"3,75 tỷ",55 m²,"68,18 tr/m²",2,2,"Tây Mỗ, Nam Từ Liêm","21.008124282822, 105.744263618953"
37740299,08/03/2025,"Chính chủ bán CH 156m2 2+1PN đồ cơ bản,có slot otô tại Dolphin Plaza Mỹ Đình nhỉnh 8tỷ 0969 286 ***",8 tỷ,156 m²,"51,28 tr/m²",3,2,"Mỹ Đình 2, Nam Từ Liêm","21.030044555664062, 105.77662658691406"
39647037,08/03/2025,"Cần nhượng gấp CT1 Mỹ Đình Sông Đà gần Keangnam 115m2 3N tầng cao,đủ đồ đẹp nhỉnh 6 tỷ 0971 759 ***",6 tỷ,115 m²,"52,17 tr/m²",3,2,"Mỹ Đình 1, Nam Từ Liêm","21.0174350738525, 105.780395507813"
40517219,08/03/2025,"Chủ nhà gửi bán căn hộ chung cư 115m2 3 ngủ, 2VS tòa CT2B Lê Đức Thọ, 5.5 tỷ. LH 0818 340 ***","5,5 tỷ",115 m²,"47,83 tr/m²",3,2,"Cầu Diễn, Nam Từ Liêm","21.034912109375, 105.764404296875"
38832674,08/03/2025,Chính chủ cần bán gấp căn hộ studio diện tích TT 35m2 giá 1.9 tỷ Vinhomes Smart City,"1,9 tỷ","31,7 m²","59,94 tr/m²",1,1,"Tây Mỗ, Nam Từ Liêm","21.006404048733568, 105.73630150236147"
40586135,08/03/2025,"Chính chủ bán ngay căn 2pn1vs Tây Nam, vị trí đẹp toà I5 Imperia, Vinhomes Smart City","3,3 tỷ",55 m²,60 tr/m²,2,1,"Tây Mỗ, Nam Từ Liêm","20.9992771148682, 105.73811340332"
42291315,08/03/2025,"Chính chủ cần bán căn hộ The Matrix One Lê Quang Đạo, Nam Từ Liêm 87m2 đẹp","6,8 tỷ",87 m²,"78,16 tr/m²",2,2,"Mễ Trì, Nam Từ Liêm","21.0098074186551, 105.774562338941"
41668354,08/03/2025,Chủ bán căn hộ Penhouse Golden Palace View đẹp nhất Mỹ Đình 670m. Giá 47 tỷ LH 0964 460 ***,47 tỷ,670 m²,"70,15 tr/m²",6,4,"Mễ Trì, Nam Từ Liêm","21.011936, 105.774994"
41571793,08/03/2025,Chính chủ bán gấp căn hộ An Bình Plaza. DT 83m2 3PN Full nội thất. Giá tốt 6.3 tỷ. LH 0964 460 ***,"5,9 tỷ",83 m²,"71,08 tr/m²",3,2,"Mỹ Đình 2, Nam Từ Liêm","21.0309085845947, 105.777183532715"
41461939,08/03/2025,"E Sinh cư dân đang có quỹ 9 căn DT từ 66,7m2-91m2 CC Golden Field,tầng đẹp,hướng mát,Giá từ :4.2 tỷ","4,34 tỷ","66,7 m²",65 tr/m²,2,2,"Cầu Diễn, Nam Từ Liêm","21.035104751586914, 105.76554107666016"
41491762,08/03/2025,"Chính chủ bán căn góc số 06 - 2PN tòa CT1B (67m2) BC Đông Nam, chung cư HD Mon Hàm Nghi. Giá 5tỷ",5 tỷ,67 m²,"74,63 tr/m²",2,2,"Mỹ Đình 2, Nam Từ Liêm","21.035120010376, 105.767433166504"
42172776,08/03/2025,Chính chủ gửi bán gấp căn 3PN 104m2 106m2 116m2 tại chung cư Báo Nhân Dân và TW Đảng. Giá từ 5.3 tỷ,"5,3 tỷ",104 m²,"50,96 tr/m²",3,2,"Phương Canh, Nam Từ Liêm","21.03330995781196, 105.75347339500804"
42345168,08/03/2025,"Bán nhanh căn 2PN, 80m2 Hoàng Thành Pearl. Giá 5,9 tỷ. Full nội thất y hình. View biệt thự Vinhomes","5,9 tỷ",80 m²,"73,75 tr/m²",2,2,"Cầu Diễn, Nam Từ Liêm","21.040467964239248, 105.76186550189409"
42328830,08/03/2025,"(Rẻ nhất) Căn FLC Complex 36 Phạm Hùng, 5 tỷ, 70m2. Sẵn sổ đỏ. Nội thất full y hình.",5 tỷ,70 m²,"71,43 tr/m²",2,2,"Mỹ Đình 2, Nam Từ Liêm","21.028764314458552, 105.77991049393083"
41573387,08/03/2025,Chủ cần tiền bán gấp căn hộ CT8 Emerald Mỹ Đình 95m 3PN. Giá tốt 7.2 tỷ. LH 0964 460 ***,"7,2 tỷ",95 m²,"75,79 tr/m²",3,2,"Mỹ Đình 1, Nam Từ Liêm","21.022161483764648, 105.77179718017578"
42366515,08/03/2025,"CCNT HOME NHỔN -NTL vị trí vàng - lô góc thoáng mát diện tích 43,4 m -2 ngủ -1 vs -2,65 tỷ .","2,6 tỷ","43,4 m²","59,91 tr/m²",2,1,"Phương Canh, Nam Từ Liêm","21.0487510090377, 105.742492150035"
42279479,08/03/2025,"Bán CC 3PN giá siêu hời, 5 tỷ, 106m2 tại Đường 70, Xuân Phương, Nam Từ Liêm, Hà Nội",5 tỷ,106 m²,"47,17 tr/m²",3,2,"Xuân Phương, Nam Từ Liêm","21.025421345596843, 105.7401600706018"
37720024,08/03/2025,"PKD bán quỹ căn đập thông + 2,3PN độc quyền, cắt lỗ chung cư Vinhomes Green Bay, hotline 0919 696 ***",10 tỷ,135 m²,"74,07 tr/m²",3,2,"Mễ Trì, Nam Từ Liêm","20.9989585876465, 105.788032531738"
42342701,08/03/2025,Gấp! Chính chủ cần bán nhanh căn hộ 3PN2VS tòa The Zei Lê Đức Thọ giá ra lộc cho KH chốt sớm,"7,5 tỷ",108 m²,"69,44 tr/m²",3,2,"Mỹ Đình 2, Nam Từ Liêm","21.03424925829501, 105.76949711300529"
41591708,08/03/2025,"Mỹ Đình Pearl chính chủ chuyển công tác bán gấp 2PN 79m2 giá 5,9tỷ. Giá tốt nhất thị trường","5,9 tỷ",79 m²,"74,68 tr/m²",2,2,"Phú Đô, Nam Từ Liêm","21.012432098388672, 105.76739501953125"
42038498,08/03/2025,"Vinhomes West Point chính chủ chuyển công tác gửi bán 3PN 2VS 96m2, 8 tỷ. Giá tốt nhất thị trường",8 tỷ,96 m²,"83,33 tr/m²",3,2,"Mễ Trì, Nam Từ Liêm","21.012138485587855, 105.7863651689145"
41998956,08/03/2025,"The Matrix One chính chủ chuyển công tác bán gấp 2PN2VS - 90m2 giá 7,8 tỷ. Giá tốt nhất thị trường","7,8 tỷ",90 m²,"86,67 tr/m²",2,2,"Mễ Trì, Nam Từ Liêm","21.00939219622929, 105.77432495882672"
42193178,08/03/2025,"Bán căn hộ 3N 2VS tòa CT3B Mễ Trì Thượng, Nam Từ Liêm. Sổ đỏ. NT mới. Giá 4tỷ950","4,95 tỷ","90,1 m²","54,94 tr/m²",3,2,"Mễ Trì, Nam Từ Liêm","21.0055531507557, 105.779093344288"
41360473,08/03/2025,"Bán căn hộ 3N2VS tầng trung Vinhomes Green Bay view hồ, nội thất nhập khẩu. Giá kỳ vọng 6,9 tỷ","6,99 tỷ","86,7 m²","80,62 tr/m²",3,2,"Mễ Trì, Nam Từ Liêm","21.0032217121146, 105.778384449912"
42163371,08/03/2025,"Bán gấp CH căn gócToà B Chung Cư An Lạc Phùng Khoang , Nam Từ Liêm 80m2 -2N . Giá 3,850 tỷ.","3,85 tỷ",80 m²,"48,12 tr/m²",2,2,"Trung Văn, Nam Từ Liêm","20.9882051080901, 105.793037514966"
42365693,08/03/2025,"Siêu hiếm:Bán căn Duplex nhỏ tại Lumi Hanoi 115,4m2,3PN- 3WC,giá bán 9,959 tỷ bao phí.LH 0333 669 ***","9,96 tỷ","115,4 m²","86,3 tr/m²",3,3,"Tây Mỗ, Nam Từ Liêm","21.0109386075158, 105.735518210416"
37754626,08/03/2025,"Cần bán căn 2PN (89m2) tại The Matrix One, tầng cao đẹp, full nội thất, giá 7.8 tỷ","7,8 tỷ",89 m²,"87,64 tr/m²",2,2,"Mễ Trì, Nam Từ Liêm","21.0093860626221, 105.773872375488"
39251387,08/03/2025,"Chính chủ bán căn 3ngủ C37 HH2 Bắc Hà, ban công Đông Nam, DT 112m2, giá 6 tỷ đầy đủ nội thất",6 tỷ,112 m²,"53,57 tr/m²",3,2,"Trung Văn, Nam Từ Liêm","20.996829986572266, 105.79383850097656"
40711637,08/03/2025,"Chính chủ bán căn, 3PN 2WC, tầng trung, đẹp nhất, giá 7 tỷ chung cư FLC 36 Phạm Hùng",7 tỷ,131 m²,"53,44 tr/m²",3,2,"Mỹ Đình 2, Nam Từ Liêm","21.028190612793, 105.779197692871"
39642456,08/03/2025,Chính chủ cần bán căn hộ 78m2 2N2WC dự án Roman Plaza ban công Đông Nam thoáng mát giá 5 tỷ,5 tỷ,78 m²,"64,1 tr/m²",2,2,"Đại Mỗ, Nam Từ Liêm","20.9843406677246, 105.776809692383"
39251188,08/03/2025,"Chính chủ cần bán căn 3 ngủ C14 Bắc Hà,Tố Hữu, DT 110m2,giá nhỉnh 6tỷ đầy đủ nội thất, có slot ôtô",Giá thỏa thuận,110 m²,N/A,3,2,"Trung Văn, Nam Từ Liêm","20.990812301635742, 105.78391265869141"
42323674,08/03/2025,"Chung cư tòa CT2 The Emerald Đình Thôn, Nam Từ Liêm, 82m2, 2PN, 2WC, ở cực đẹp, giá bán 6.95 tỷ","6,95 tỷ",82 m²,"84,76 tr/m²",2,2,"Mỹ Đình 1, Nam Từ Liêm","21.0205583288342, 105.774864364355"
42312723,08/03/2025,"Em bán nhà tập thể mặt đường Nguyễn Trãi Sổ đỏ: 51 m2, SD: 75 m2 giá 2,95 tỷ","2,95 tỷ",75 m²,"39,33 tr/m²",3,1,"Trung Văn, Nam Từ Liêm","20.9877304757065, 105.80049648296"
42356345,08/03/2025,BÁN CĂN 1PN+1 GS6 VINHOMES SMART CITY TẦNG TRUNG VIEW THOÁNG CHỈ #3180TR,"3,18 tỷ",48 m²,"66,25 tr/m²",1,1,"Tây Mỗ, Nam Từ Liêm","21.00875451527954, 105.74361573141059"
42350060,08/03/2025,"Chuyển xuống mặt đất, gia đình thiện chí bán căn hộ 2PN 2VS 69m2, nhà mới, có sổ. Giá 4.95 tỷ","4,95 tỷ",69 m²,"71,74 tr/m²",2,2,"Đại Mỗ, Nam Từ Liêm","20.98395865525456, 105.77658797897371"
42359225,07/03/2025,"Bán căn hộ 2PN, 2WC tại The Emerald, Mỹ Đình 1, Nam Từ Liêm, Hà Nội, 5,8 tỷ, 83m2","5,8 tỷ",83 m²,"69,88 tr/m²",2,2,"Mỹ Đình 1, Nam Từ Liêm","21.021894123315413, 105.77196786089081"
40401716,07/03/2025,"Chuyển nhượng 2PN2WC khu Masteri - khu cao cấp nhất Vin Smart - full nội thất - giá 3,95tỷ - ở ngay","3,95 tỷ",59 m²,"66,95 tr/m²",2,2,"Tây Mỗ, Nam Từ Liêm","21.006206512451172, 105.73707580566406"
42303009,07/03/2025,"Bán CC mini 9PN, 5WC, 42m2, 8,56 tỷ tại Thiên Hiền, Mỹ Đình 1, Nam Từ Liêm, HN - Hot!","8,56 tỷ",42 m²,"203,81 tr/m²",9,5,"Mỹ Đình 1, Nam Từ Liêm","21.0224151189371, 105.776285953347"
42366091,07/03/2025,Bán căn hộ chung cư FLC 18 Phạm Hùng - 70m2 - 3PN - NT đầy đủ mới tinh. Giao dịch chính chủ,"3,8 tỷ",77 m²,"49,35 tr/m²",N/A,N/A,"Mỹ Đình 2, Nam Từ Liêm","21.029498375738996, 105.77844265564445"
42366003,07/03/2025,"Bán căn hộ chung cư 18 Phạm Hùng toà BIG TOWER,dt 94m2,3PN,2VS giá 5,4 tỷ","5,4 tỷ",94 m²,"57,45 tr/m²",3,2,"Mỹ Đình 2, Nam Từ Liêm","21.031349780007535, 105.77868731423085"
42366051,07/03/2025,Gia đình cần bán căn hộ chung cư Mỹ Đình giá rẻ - Tòa C7 - Nguyễn Cơ Thạch - 104m2 - 3PN - Full đồ,"5,4 tỷ",104 m²,"51,92 tr/m²",N/A,N/A,"Cầu Diễn, Nam Từ Liêm","21.0295115605293, 105.763573967844"
41757144,07/03/2025,"Cần bán gấp 3 căn hộ 107m2 126m, 160m2 view cực đẹp cho thuê rất được giá tại Keang Nam giá 60tr/m2","6,42 tỷ",107 m²,60 tr/m²,3,2,"Mễ Trì, Nam Từ Liêm","21.01733861198779, 105.78428986055752"
42366000,07/03/2025,Gia đình cần bán căn hộ chung cư Mỹ Đình giá rẻ - Tòa C7 - Nguyễn Cơ Thạch - 104m2 - 3PN - Full đồ,5 tỷ,104 m²,"48,08 tr/m²",3,2,"Mỹ Đình 2, Nam Từ Liêm","21.0322156420219, 105.774063766229"
42138838,07/03/2025,"Bán căn hộ chung cư The Emerald, Mỹ Đình 1, Nam Từ Liêm, Hà Nội, 6,6 tỷ, 97m2 LH 0336 730 ***","6,6 tỷ",97 m²,"68,04 tr/m²",3,2,"Mỹ Đình 1, Nam Từ Liêm","21.02152545519236, 105.7714754897181"
38972854,07/03/2025,"Bán căn hộ Penthouse ~200m2 chung cư The Zei 8 Lê Đức Thọ, hướng Nam view triệu đô SVĐ Mỹ Đình",Giá thỏa thuận,192 m²,N/A,4,3,"Mỹ Đình 2, Nam Từ Liêm","21.0344581604004, 105.769653320313"
42224019,07/03/2025,Hiếm! Căn 2 phòng ngủ diện tích 61m2 - VOV Mễ Trì NT cơ bản giá 3.85 tỷ,"3,85 tỷ",61 m²,"63,12 tr/m²",2,1,"Mễ Trì, Nam Từ Liêm","20.994672746269632, 105.78498534531948"
39314249,07/03/2025,"Bán Gấp căn góc 3PN ban công Đông Nam CC Roman Plaza nội thất, tầng 17, giá bán 6 tỷ 9","6,9 tỷ",110 m²,"62,73 tr/m²",3,2,"Đại Mỗ, Nam Từ Liêm","20.984340667724609, 105.77680969238281"
40799764,07/03/2025,Bán gấp chung cư 3 phòng ngủ tòa C14 Tố Hữu - Full nội thất đẹp - Sổ đỏ lâu dài - Giá 5 tỷ 3,"5,3 tỷ",100 m²,53 tr/m²,3,2,"Trung Văn, Nam Từ Liêm","20.990868828128519, 105.78384679150561"
40553630,07/03/2025,"Bán gấp căn góc 3 ngủ C14 Bắc Hà - Tố Hữu giá rẻ 5 tỷ 5 sổ đỏ chính chủ, nội thất đầy đủ","5,5 tỷ",115 m²,"47,83 tr/m²",3,2,"Trung Văn, Nam Từ Liêm","20.990095861564118, 105.7839120251402"
42217475,07/03/2025,CH The Emerald CT8 - Mỹ Đình 86m2 thiết kế 2N2VS Chủ chào 6.9 tỷ full nội thất ở luôn: 0966 769 ***,"6,9 tỷ",86 m²,"80,23 tr/m²",2,2,"Mỹ Đình 1, Nam Từ Liêm","21.022441519991, 105.772247448821"
40881604,07/03/2025,"Cần bán 3 ngủ, DT 103m2 - Ecolife Capitol Tố Hữu Nội thất full giá 7.07 tỷ",Giá thỏa thuận,103 m²,N/A,3,2,"Trung Văn, Nam Từ Liêm","20.9945335388184, 105.789390563965"
42018329,07/03/2025,"CHÍNH CHỦ BÁN căn hộ chung cư Roman Plaza, 5,3 tỷ, 76m2 giá rẻ nhất thị trường tầng 22","5,3 tỷ",76 m²,"69,74 tr/m²",2,2,"Đại Mỗ, Nam Từ Liêm","20.984308219218455, 105.77609481812637"
41143035,07/03/2025,"Chính chủ bán căn Canopy 62m2, giá 4,5 tỷ rẻ nhất thị trường tầng 12","4,5 tỷ",62 m²,"72,58 tr/m²",2,2,"Tây Mỗ, Nam Từ Liêm","21.000846862793, 105.739120483398"
42134838,07/03/2025,"Bán căn hộ studio tại dự án Lumiere Evergreen Vinhomes Smart City, 2,6 tỷ, 32,2m2","2,6 tỷ","32,2 m²","80,74 tr/m²",N/A,N/A,"Tây Mỗ, Nam Từ Liêm","21.006862879975763, 105.73664369360858"
40989712,07/03/2025,3PN2WC Mỹ Đình Plaza 1 full nội thất 100m2 tầng trung - 6.36 tỷ (chuẩn giá),"6,36 tỷ",100 m²,"63,6 tr/m²",3,2,"Mỹ Đình 2, Nam Từ Liêm","21.0308399200439, 105.77579498291"
42116231,07/03/2025,Hiếm! CT5 Sudico Mỹ Đình Sông Đà 3PN2WC căn 125m2 giá 7.6 tỷ. NT như ảnh,"7,6 tỷ",125 m²,"60,8 tr/m²",3,2,"Mỹ Đình 1, Nam Từ Liêm","21.017023657315757, 105.7795809906941"
42310047,07/03/2025,"Người nhà gửi Bán Căn hộ FLC Complex Phạm Hùng, 4.6 tỷ (có TL), 70m2,2 ngủ view đẹp. LH: 0365 454 ***","4,6 tỷ",70 m²,"65,71 tr/m²",2,2,"Mỹ Đình 2, Nam Từ Liêm","21.0281994968895, 105.779199210366"
40375356,07/03/2025,Mình chính chủ bán căn hộ chung cư cao cấp The Zei DT 96m2 108m 186m 250m giá tốt LH 0386 678 *** Hải,7 tỷ,108 m²,"64,82 tr/m²",3,2,"Mỹ Đình 2, Nam Từ Liêm","21.0344581604004, 105.769653320313"
40123528,07/03/2025,"Chính chủ cần tiền bán gấp căn hộ chung cư Vin Gardenia DT 77m2, 105m2, 137m2 220m2 LH E. Hải","7,5 tỷ",105 m²,"71,43 tr/m²",3,2,"Cầu Diễn, Nam Từ Liêm","21.0365676879883, 105.760482788086"
41631505,07/03/2025,"Chính chủ bán CH Keangnam Phạm Hùng DT 118m2- 8,4 tỷ & 107m2 -7,5tỷ 3PN full NT, SĐCC: 0971 350 ***","8,4 tỷ",118 m²,"71,19 tr/m²",3,2,"Mễ Trì, Nam Từ Liêm","21.016849517822266, 105.78397369384766"
41206160,07/03/2025,"Chính chủ bán CH Dreamland Bonanza 23 Duy Tân, DT 72,4m2 2PN full NT đẹp, giá 5,8 tỷ: 0971 085 ***","5,8 tỷ","72,4 m²","80,11 tr/m²",2,2,"Mỹ Đình 2, Nam Từ Liêm","21.030609130859375, 105.7810287475586"
41298419,07/03/2025,"Chính chủ bán CH The Emerald 81m - 5tỷ &95m - 6,5 tỷ & 104m - 6,8tỷ & 124m - 8,6tỷ & 141m -9tỷ SĐCC",5 tỷ,81 m²,"61,73 tr/m²",2,2,"Mỹ Đình 1, Nam Từ Liêm","21.02216148376465, 105.77179718017578"
42328224,07/03/2025,"Chính chủ bán CH Golden Palace Mễ Trì 3PN DT 118,4m & 128,5m 58tr/m full NT SĐCC ở luôn: 0971 350 ***","6,87 tỷ","118,4 m²",58 tr/m²,3,2,"Mễ Trì, Nam Từ Liêm","21.011912437784957, 105.77477906581342"
41238393,07/03/2025,"Chính Chủ Bán CH Hoàng Thành Pearl DT 110m 3PN 2VS, Full NT đẹp, giá 6,2 tỷ: O971085383","6,5 tỷ",110 m²,"59,09 tr/m²",3,2,"Cầu Diễn, Nam Từ Liêm","21.0311454199621, 105.758983214918"
40826957,07/03/2025,"Còn duy nhất! Căn hộ VOV Mễ Trì - vị trí tiện lợi - TT Nam Từ Liêm - 61 m2, 2 PN + 1VS","3,9 tỷ","61,2 m²","63,72 tr/m²",2,1,"Mễ Trì, Nam Từ Liêm","20.9952507019043, 105.784408569336"
42321139,07/03/2025,"Căn hộ 2N2VS 70m2 chỉ 6.58 tỷ chung cư Vinhomes Skylake full nội thất, sổ chính chủ: 0966 769 ***","6,58 tỷ",70 m²,94 tr/m²,2,2,"Mỹ Đình 1, Nam Từ Liêm","21.020048372103, 105.78074347329091"
42190701,07/03/2025,"Vin Gardenia căn hộ 73m2 - 2N2VS - 4.7 tỷ, full nội thất, sổ chính chủ, có slot ô tô: 0966 769 ***","4,7 tỷ",73 m²,"64,38 tr/m²",2,2,"Cầu Diễn, Nam Từ Liêm","21.036259619357008, 105.76080866823446"
42302613,07/03/2025,"CH 4N2VS hướng Đông Nam chỉ 9 tỷ tầng đẹp chung cư FLC 36 Phạm Hùng, phong cách Indochi: 0966 769 ***",9 tỷ,131 m²,"68,7 tr/m²",4,2,"Mỹ Đình 2, Nam Từ Liêm","21.0280243845191, 105.779281104393"
42190841,07/03/2025,"CH 133m2 - 4N3VS - 10 tỷ tại Cc Mỹ Đình Pearl, Full nội thất nhập khẩu, sổ chính chủ:O966769078",10 tỷ,133 m²,"75,19 tr/m²",4,3,"Phú Đô, Nam Từ Liêm","21.012703497046783, 105.76728053893756"
42342084,07/03/2025,Chỉ còn duy nhất 1 căn 3N 2VS chủ bán cắt lỗ tại Vinhomes Smart City,"4,7 tỷ",80 m²,"58,75 tr/m²",3,2,"Tây Mỗ, Nam Từ Liêm","21.00912717873055, 105.74392898611751"
41971222,07/03/2025,"Hàng hiếm! Chính chủ cần bán gấp căn 92m cực rẻ 3PN toà Floren Mỹ Đình, giá 5,7 tỷ. LH 0968 989 ***","5,7 tỷ",79 m²,"72,15 tr/m²",3,2,"Cầu Diễn, Nam Từ Liêm","21.0311465332021, 105.761489683159"
42356153,07/03/2025,"Chính chủ cần bán gấp căn 57m2, giá cực rẻ tòa FLC Complex 36 Phạm Hùng, giá 4,3 tỷ. LH: 0968 989 ***","4,3 tỷ",57 m²,"75,44 tr/m²",2,2,"Mỹ Đình 2, Nam Từ Liêm","21.028454889585387, 105.77861578100509"
41367531,07/03/2025,"Bán căn chung cư 2 PN, 95m2, nội thất Có thể sửa thành 3PN tòa MD Complex Mỹ Đình, LH: 0906 241 ***",Giá thỏa thuận,95 m²,N/A,2,2,"Cầu Diễn, Nam Từ Liêm","21.0304326001934, 105.764250771944"
42302935,07/03/2025,"Bán quỹ căn giá rẻ 2PN - 3PN Golden Field Mỹ Đình DT 90m2, 110m2,120m2 LH: 0906 241 ***","6,5 tỷ",110 m²,"59,09 tr/m²",3,2,"Cầu Diễn, Nam Từ Liêm","21.035139297324864, 105.76528569926934"
40171953,07/03/2025,"Bán căn hộ chung cư A4 Hàm Nghi, khu đô thị Mỹ Đình 1, Nam Từ Liêm. DT: 126m2, 3 ngủ. LH 0906 241 ***","6,1 tỷ",126 m²,"48,41 tr/m²",3,2,"Cầu Diễn, Nam Từ Liêm","21.034912109375, 105.764404296875"
41842606,07/03/2025,"Bán căn hộ Mỹ Đình Plaza 2, 78m2, 2 ngủ full đồ, tầng trung, giá rẻ. LH: 0906 241 ***",5 tỷ,78 m²,"64,1 tr/m²",2,2,"Mỹ Đình 2, Nam Từ Liêm","21.031468863840683, 105.77464999508196"
42187514,07/03/2025,Bán gấp quỹ căn hộ FLC 36 Phạm Hùng 2PN full nội thất mới sẵn sổ giá rẻ nhất LH: 0906 241 ***,5 tỷ,70 m²,"71,43 tr/m²",2,2,"Mỹ Đình 2, Nam Từ Liêm","21.027896512348516, 105.77919013097059"
42338548,07/03/2025,Độc quyền quỹ ngoại giao The Matrix One GĐ2-chung cư cao cấp hot nhất Mỹ đình chuẩn bị mở bán3/2025,Giá thỏa thuận,120 m²,N/A,3,2,"Mễ Trì, Nam Từ Liêm","21.008858336669693, 105.77454250613174"
36640132,07/03/2025,"Bán căn hộ 1 ngủ, ban công ĐN, căn S3.11 chung cư Vinhomes Skylake, kèm nội thất",Giá thỏa thuận,48 m²,N/A,1,1,"Mỹ Đình 1, Nam Từ Liêm","21.020168304443359, 105.78075408935547"
41443387,07/03/2025,"Nhà thật - giá thật bán căn hộ 3 ngủ gần 100m2 chỉ 5,x TỶ - giá tốt nhất tại C37 Bắc Hà Tố Hữu","5,9 tỷ",100 m²,59 tr/m²,3,2,"Trung Văn, Nam Từ Liêm","20.9968299865723, 105.793838500977"
41728027,07/03/2025,Bán gấp CC đẹp xuất sắc ở Vinhomes Skylake giá 5 tỷ 2n 2vs view triệu đô. Lh: 0963 432 ***,5 tỷ,70 m²,"71,43 tr/m²",2,2,"Mỹ Đình 1, Nam Từ Liêm","21.02016830444336, 105.78075408935547"
38571120,07/03/2025,"Chính chủ bán gấp căn hộ 2PN, 60m2, giá 3,6 tỷ view hồ điều hoà. Liên hệ: 0963 432 ***","3,6 tỷ",60 m²,60 tr/m²,2,2,"Mễ Trì, Nam Từ Liêm","20.9989585876465, 105.788032531738"
40623298,07/03/2025,"Chính chủ cần bán căn hộ 2PN tại dự án chung cư cao cấp Vinhomes Green Bay. Giá 4,8 tỷ - 0904 969 ***","4,8 tỷ",67 m²,"71,64 tr/m²",2,2,"Mễ Trì, Nam Từ Liêm","20.9989585876465, 105.788032531738"
42325713,07/03/2025,"Bán căn 1n1vs+, 43m2, Sapphire, Vinhomes Smart City, sẵn sổ, BC ĐN, full nội thất, giá chỉ 2.69 tỷ","2,69 tỷ",43 m²,"62,56 tr/m²",1,1,"Tây Mỗ, Nam Từ Liêm","21.0057443783483, 105.736811561053"
42321827,07/03/2025,"Bán CH dự án Roman Plaza diện tích 102,3m2 thiết kế 3 ngủ full nội thất, giá 6,8 tỷ thương lượng","6,8 tỷ","102,3 m²","66,47 tr/m²",3,2,"Đại Mỗ, Nam Từ Liêm","20.98482139674803, 105.77738684341983"
41039881,07/03/2025,"Cắt lỗ gần 500tr căn hộ góc 135m2 từ 7 tỷ, 104m2 giá từ 6 tỷ. Hỗ trợ vay bank 80%",7 tỷ,135 m²,"51,85 tr/m²",3,2,"Cầu Diễn, Nam Từ Liêm","21.03205298067997, 105.76030364596612"
38818145,07/03/2025,"Em cần bán gấp căn hộ 80m2, 2pn nhà full đồ, view thoáng, chung cư Vinhomes Gardenia giá 6 tỷ",6 tỷ,80 m²,75 tr/m²,2,2,"Cầu Diễn, Nam Từ Liêm","21.036567687988281, 105.76048278808594"
38519090,07/03/2025,"Chính chủ bán căn hộ 73m2 - 2PN, 2WC chung cư Mỹ Đình Pearl view hồ chi tiết LH: 0332 951 ***.",Giá thỏa thuận,73 m²,N/A,2,2,"Phú Đô, Nam Từ Liêm","21.012432098388672, 105.76739501953125"
42170508,07/03/2025,"Chính chủ cần bán gấp căn hộ 80m-2pn2vs giá 5,7tỷ chung cư Hoàng Thành pear chi tiết lh:0332 951 ***.","5,7 tỷ",80 m²,"71,25 tr/m²",N/A,N/A,"Cầu Diễn, Nam Từ Liêm","21.040101237312054, 105.76134759523951"
42347632,07/03/2025,"Rẻ nhất thị trường căn 2 ngủ 55m2 The Sakura Vinhomes Smartcity, 3.45 tỷ. LH 0949 891 ***","3,45 tỷ",55 m²,"62,73 tr/m²",2,1,"Tây Mỗ, Nam Từ Liêm","21.00521815173191, 105.73893926111515"
41637185,07/03/2025,Bán gấp căn hộ Florence Trần Hữu Dực DT 77.6m 3PN 2 WC sẵn sổ giá thật bao phí 5.6 tỷ. LH0964 460 ***,"5,65 tỷ","77,6 m²","72,81 tr/m²",3,2,"Cầu Diễn, Nam Từ Liêm","21.0307312011719, 105.761329650879"
39462404,07/03/2025,"Em bán căn góc 90m gồm 2PN2wc, có sổ đỏ,có slot oto,sang tên công chứng ngay, chủ thiện chí bán","6,5 tỷ",90 m²,"72,22 tr/m²",3,2,"Cầu Diễn, Nam Từ Liêm","21.035105, 105.76554"
41711185,07/03/2025,"Hiếm! Căn hộ An Bình Plaza 55.2m2 2PN giá 3.45 tỷ bao phí 0964 460 ***. Cam kết giá thật, ảnh thật","3,45 tỷ","55,2 m²","62,5 tr/m²",2,1,"Mỹ Đình 2, Nam Từ Liêm","21.0309085845947, 105.777183532715"
36817918,07/03/2025,Chính chủ cần bán căn góc 3PN DT 100m2 chung cư C37 Bộ Công An - Bắc Hà Tower giá 5.5 tỷ,"5,5 tỷ",100 m²,55 tr/m²,3,2,"Trung Văn, Nam Từ Liêm","20.9968299865723, 105.793838500977"
41820955,07/03/2025,Bán gấp căn hộ FLC 36 Phạm Hùng 66m2 2PN Full nội thất mới sẵn sổ giá thật 4.3 tỷ. LH 0964 460 ***,"4,3 tỷ",66 m²,"65,15 tr/m²",2,2,"Mỹ Đình 2, Nam Từ Liêm","21.0279239094297, 105.779615930841"
42364315,07/03/2025,Tổng hợp quỹ căn Flc Phạm Hùng - Nhà 60m2 và 131 m2 - Nhà full nt - Giá 4 - 9 tỷ - lh 0988 246 ***,4 tỷ,60 m²,"66,67 tr/m²",N/A,N/A,"Mỹ Đình 2, Nam Từ Liêm","21.02821222004671, 105.77914025203523"
41658311,07/03/2025,Chính chủ bán căn hộ Garden Hill Trần Bình DT 64.5m2 2PN Full nội thất Giá 5.2 tỷ LH 0964 460 ***,"4,45 tỷ",78 m²,"57,05 tr/m²",2,2,"Mỹ Đình 2, Nam Từ Liêm","21.0304050445557, 105.777030944824"
40355438,07/03/2025,"Bán gấp căn hộ 3PN, 2WC diện tích 106m2 view sân vận động Mỹ Đình chung cư The Zei Lê Đức Thọ","7,5 tỷ",106 m²,"70,76 tr/m²",3,2,"Mỹ Đình 2, Nam Từ Liêm","21.0344581604004, 105.769653320313"
42318707,07/03/2025,"Bán gấp căn hộ 79m2 thiết kế 2pn,2wc, tầng trung,nhà full nội thất chung cư hoàng thành pearl","5,8 tỷ",79 m²,"73,42 tr/m²",2,2,"Cầu Diễn, Nam Từ Liêm","21.04038776794439, 105.76060188850916"
42356219,07/03/2025,"Chính chủ - bán chung cư T1 Phạm Hùng - bến xe Mỹ Đình - Nam Từ Liêm, nội thất đầy đủ, ở ngay",Giá thỏa thuận,50 m²,N/A,2,1,"Mỹ Đình 1, Nam Từ Liêm","21.0208208624276, 105.780187794583"
41607576,07/03/2025,"Chính chủ cần bán gấp căn hộ 3PN - 2WC, tại The Matrix One, DT 115 m2, giá 10 tỷ. LH: 0837 779 ***",10 tỷ,115 m²,"86,96 tr/m²",3,2,"Mễ Trì, Nam Từ Liêm","21.009386, 105.77387"
42265031,07/03/2025,"Tôi cần bán căn hộ 126m2 (3PN) Tây Hà Tower 19 Tố Hữu, nhà vuông vắn, đầy đủ đồ, giá chỉ 6,5 tỷ","6,5 tỷ",126 m²,"51,59 tr/m²",3,2,"Trung Văn, Nam Từ Liêm","20.996323793739773, 105.79334687631091"
41723103,07/03/2025,"Chính chủ bán căn hộ 3 ngủ 120m2 tại C37 Bắc Hà Tố Hữu đầy đủ nội thất, sẵn sổ, giá 6 tỷ",6 tỷ,120 m²,50 tr/m²,3,N/A,"Trung Văn, Nam Từ Liêm","20.9968299865723, 105.793838500977"
41761560,07/03/2025,"Em cần bán căn 114m2 3 ngủ 2VS chung cư cao cấp Hoàng Thành Pearl - Nam Từ Liêm, LH 0818 340 ***","7,4 tỷ",114 m²,"64,91 tr/m²",3,2,"Cầu Diễn, Nam Từ Liêm","21.040159225463867, 105.76131439208984"
39479849,07/03/2025,"Chủ nhà nhờ gửi bán căn chung cư 3 ngủ, 3VS + 1 kho - tòa Sunshine Center, 130m2. LH: 0818 340 ***",9 tỷ,130 m²,"69,23 tr/m²",4,3,"Mỹ Đình 2, Nam Từ Liêm","21.018648147583, 105.781791687012"
42364630,07/03/2025,"Cần bán căn 2 ngủ hướng Đông Nam sẵn sổ giá 3,680 tỷ bao phí sang tên - 0886 392 ***","3,68 tỷ",55 m²,"66,91 tr/m²",2,1,"Tây Mỗ, Nam Từ Liêm","21.008897992442055, 105.74324243112078"
41812281,07/03/2025,Căn hộ 4PN tòa P2 đẹp nhất dự án Lumi Hà Nội-Nam Từ Liêm-138m2 - Gía 10tỷ bao phí - LH: 0936 041 ***,10 tỷ,138 m²,"72,46 tr/m²",4,3,"Tây Mỗ, Nam Từ Liêm","21.01136290940842, 105.7360743466648"
42223432,07/03/2025,"Siêu phẩm căn hộ góc duplex dự án Lumi Hà Nội- Tây Mỗ- Nam Từ Liêm- 134m2- 10,6 tỷ. LH: 0936 041 ***","10,6 tỷ","134,2 m²","78,99 tr/m²",3,3,"Tây Mỗ, Nam Từ Liêm","21.0109651092234, 105.736128344376"
41508345,07/03/2025,"Bán căn Duplex 2 tầng 4PN Lumi Hà Nội- Nam Từ Liêm- 194,4m2- giá 16 tỷ- LH: 0936 041 ***",16 tỷ,"194,4 m²","82,3 tr/m²",4,N/A,"Tây Mỗ, Nam Từ Liêm","21.011585, 105.73584"
42263840,08/03/2025,CC bán chuyển nhượng: Stu-1tỷ56; 1PN+2tỷ350; 2PN-2.9tỷ; 2PN+3.66tỷ; 3PN-4.2tỷ Vinhomes Smart City,"4,2 tỷ",81 m²,"51,85 tr/m²",3,2,·,"21.006672474017645, 105.73667484931228"
42359462,08/03/2025,Quỹ căn chuyển nhượng giá tốt Masteri - Tonkin - Canopy - Imperia - Sakura - Saphire... mới nhất,"4,5 tỷ",63 m²,"71,43 tr/m²",2,2,·,"21.00670118010374, 105.73712029650164"
38632324,08/03/2025,Độc quyền quỹ căn 2-3-4 ngủ và Duplex tại Vinhomes Gardenia bán gấp cập nhật hàng ngày. 0399 028 ***,"5,9 tỷ",80 m²,"73,75 tr/m²",2,2,"Cầu Diễn, Nam Từ Liêm","21.03677877898511, 105.76125987977306"
39487186,08/03/2025,"Chính chủ bán 5 CH Masteri West Height, 43 - 75m2, 1PN + 1 - 3PN, giá từ 3 tỷ. LH: 0988 152 ***",3 tỷ,43 m²,"69,77 tr/m²",1,1,"Tây Mỗ, Nam Từ Liêm","21.0062065124512, 105.737075805664"
41777596,08/03/2025,"Em Được chuyên bán chuyển nhượng giá tốt nhất dự án Imperia Smart City, Phường Tây Mỗ, Nam Từ Liêm.",3 tỷ,43 m²,"69,77 tr/m²",1,1,"Tây Mỗ, Nam Từ Liêm","20.999866959372653, 105.73797771322658"
39993461,08/03/2025,"Tổng hợp 99 căn hộ chuyển nhượng I1, I2, I3, I4, I5 giá rẻ từ 1.9tỷ-3.7tỷ hỗ trợ vay vốn ngân hàng","3,6 tỷ",55 m²,"65,46 tr/m²",2,1,"Tây Mỗ, Nam Từ Liêm","20.99933031642184, 105.73806364771225"
42369472,08/03/2025,"Cập nhật quỹ căn 2PN-3PN-4PN đầy đủ nhất, mới nhất, giá tốt nhất T3/2025","9,3 tỷ",108 m²,"86,11 tr/m²",3,2,"Mỹ Đình 2, Nam Từ Liêm","21.034288687769738, 105.76943563577514"
42105531,08/03/2025,Mình là Thắng bán 09 căn: Stu - 1tỷ780; 1PN + 2tỷ55; 2PN - 3.7 tỷ; 3PN - 5.3tỷ Masteri West Heights,"2,55 tỷ","46,5 m²","54,84 tr/m²",1,1,"Tây Mỗ, Nam Từ Liêm","21.0064303561987, 105.736212138223"
42140367,08/03/2025,Chính chủ bán mấy căn: Studio - 1tỷ66 và 2PN - 69m2 - 3tỷ8/ 1PN - 2.5tỷ và 2PN 2.8tỷ Imperia Smart,"2,5 tỷ",46 m²,"54,35 tr/m²",1,N/A,"Tây Mỗ, Nam Từ Liêm","20.999819833299316, 105.73808867738116"
42303623,08/03/2025,"Quỹ 999 CH: Studo=1PN +,2PN +,3PN ở Masteri WH, Tonkin, Imperia... Tại Smart City, giá chỉ từ 1.5ty","1,55 tỷ",30 m²,"51,67 tr/m²",1,1,"Tây Mỗ, Nam Từ Liêm","21.0090081598915, 105.74428532782217"
42367822,08/03/2025,Qũy 299 căn độc quyền giá tốt nhất DA Vinhomes Smart City của Thành Phát Land - Ms.Ly- 0967 663 ***,"4,2 tỷ",65 m²,"64,61 tr/m²",2,2,"Tây Mỗ, Nam Từ Liêm","21.000587329785205, 105.73946960015864"
42367247,08/03/2025,"Quỹ 1000 căn hộ phân khu Masteri West Height Giá rẻ nhất thị trường,Studio-3PN,LH Em:0343 138 ***","2,9 tỷ",43 m²,"67,44 tr/m²",1,1,"Tây Mỗ, Nam Từ Liêm","21.006203757977172, 105.73706283593857"
39224465,07/03/2025,"Bán căn góc 2PN+1, 64m2 thiết kế được 3PN giá 3,95tỷ bao phí Vin Smart city -Full đồ -Có hỗ trợ vay","3,95 tỷ",64 m²,"61,72 tr/m²",3,2,"Tây Mỗ, Nam Từ Liêm","21.0088520050049, 105.743919372559"
42249907,07/03/2025,Độc quyền quỹ căn hộ Skylake loại 1-2-3-4 ngủ & Sky Villa giá chuyển nhượng tốt nhất thị trường,9 tỷ,102 m²,"88,24 tr/m²",3,2,"Mỹ Đình 1, Nam Từ Liêm","21.02035229403847, 105.7807712928192"
33093016,07/03/2025,Bán Vinhomes Skylake từ 1pn 4.9 tỷ - 2pn 6.3 tỷ - 3pn 9.2 tỷ - 4pn 15 tỷ - Penthouse LH 0976 069 ***,"9,2 tỷ",100 m²,92 tr/m²,3,2,"Mỹ Đình 1, Nam Từ Liêm","21.0201683044434, 105.780754089355"
42363166,07/03/2025,"CẦN THOÁT hàng 2 ngủ TỪ 3.3 tỷ Vin Smart, 25 Căn 2 ngủ GIÁ TỐT, DANH SÁCH ĐẦY ĐỦ DƯỚI NỘI DUNG","3,3 tỷ",55 m²,60 tr/m²,2,1,"Tây Mỗ, Nam Từ Liêm","21.008260970643256, 105.74448202914607"
42303094,07/03/2025,"Tổng hợp đầy đủ quỹ căn 2PN-3PN-4PN, Duplex/Penthouse chung cư The Zei Plaza. Nơi trái tim Mỹ Đình",Giá thỏa thuận,106 m²,N/A,3,2,"Mỹ Đình 2, Nam Từ Liêm","21.0343785904851, 105.769518631561"
42359468,07/03/2025,"Xuân Phương Quốc Hội - Quỹ Căn 2PN,3PN,4PN diện tích 53m đến 156m từ 3,5 tỷ. LH 0916 820 ***","5,3 tỷ",98 m²,"54,08 tr/m²",3,2,"Phương Canh, Nam Từ Liêm","21.03199688018119, 105.75549761653487"
41989075,07/03/2025,"Chính chủ cần bán căn 2PN 53.9m2-giá cắt lỗ chỉ 3,42 tỷ, full nội thất, tầng trung tòa SA3 Vinsmart","3,42 tỷ","53,9 m²","63,45 tr/m²",2,2,"Tây Mỗ, Nam Từ Liêm","21.0055779771169, 105.738788576945"
42372027,08/03/2025,"Thanh lý tài sản trả nợ, cần bán gấp căn duplex 134m2 view vườn dự án Lumi Hà Nội 10.7 tỷ","10,7 tỷ",134 m²,"79,85 tr/m²",3,N/A,"Tây Mỗ, Nam Từ Liêm","21.011501113766602, 105.73586919309653"
42181669,08/03/2025,"Mở bán chung cư mini Phạm Hùng - Mỹ Đình - Cầu Giấy, vị trí vàng quận Cầu Giấy. Gần Keangnam 72","1,25 tỷ",55 m²,"22,73 tr/m²",2,1,"Mễ Trì, Nam Từ Liêm","21.0178176009308, 105.78093378176"
41560118,08/03/2025,"Chính chủ gửi bán căn hộ 266m2- 3N DolPhin Plaza, Full nội thất. Giá chuẩn 15 tỷ. LH 0961 270 ***",15 tỷ,266 m²,"56,39 tr/m²",3,3,"Mỹ Đình 2, Nam Từ Liêm","21.0300445556641, 105.776626586914"
42368916,08/03/2025,Liên hệ 0948 200 *** để vào hội mua bán trao đổi The Matrix One 1 và 2 chọn căn tầng đẹp,Giá thỏa thuận,80 m²,N/A,2,2,"Mễ Trì, Nam Từ Liêm","21.0098468816598, 105.77373688953068"
41135393,08/03/2025,"Bán CHCC 1PN, 2PN, 3PN, 4PN Vinhomes Gardenia - không báo ảo, hỗ trợ A - Z. LH 0989 324 *** Em Châu","8,2 tỷ",106 m²,"77,36 tr/m²",3,2,"Cầu Diễn, Nam Từ Liêm","21.036313155435383, 105.76035727113063"
42370803,08/03/2025,"Bán CHCC 1PN, 2PN, 3PN, 4PN Vinhomes Gardenia - cam kết không báo ảo, hỗ trợ A - Z. LH 0977 986 ***","4,3 tỷ",55 m²,"78,18 tr/m²",1,1,"Cầu Diễn, Nam Từ Liêm","21.0363070030741, 105.76035727952735"
42370441,08/03/2025,"BÁN GẤP CĂN GÓC 2 NGỦ 2 VỆ SINH- TÒA GS2 -3,9 TỶ. DT 61,6M, SỔ LÂU DÀI-VINHOMES SMART CITY","3,9 tỷ","61,6 m²","63,31 tr/m²",2,2,"Tây Mỗ, Nam Từ Liêm","21.00597253314548, 105.74492725777412"
42370334,08/03/2025,Tổng hợp quỹ căn 2 - 3PN giá chỉ từ 5 tỷ 8 tại dự án Hoàng Thành Pearl. LH 0397 942 *** (e Hiếu),"5,8 tỷ",80 m²,"72,5 tr/m²",2,2,"Cầu Diễn, Nam Từ Liêm","21.03962886242869, 105.76092441149108"
42369956,08/03/2025,CĂN HỘ 93M2 KHU ĐÔ THỊ MỸ ĐÌNH 2 LÊ ĐỨC THỌ,"5,65 tỷ",93 m²,"60,75 tr/m²",3,2,"Mỹ Đình 2, Nam Từ Liêm","21.03153591271122, 105.7684082622747"
42368316,08/03/2025,Tổng hợp Quỹ căn chuyển nhượng-cho thuê Toàn bộ The Matrix One - Update hàng tuần giá CHUẨN,"7,8 tỷ",88 m²,"88,64 tr/m²",2,N/A,"Mễ Trì, Nam Từ Liêm","21.00865405756431, 105.77350504562749"
40697192,08/03/2025,"Tổng hợp 69 căn chuyển nhượng giá rẻ tại The Canopy TC1, TC2, TC3 giá từ 1,8 tỷ - 4,2 tỷ","4,53 tỷ",73 m²,62 tr/m²,3,2,"Tây Mỗ, Nam Từ Liêm","21.0006259152627, 105.73997705352664"
37410484,08/03/2025,"Tổng hợp quỹ căn cắt lỗ bán Ecolife Tố Hữu 1 - 2 - 3 - 4PN năm 2025, LH 0981 960 ***",Giá thỏa thuận,115 m²,N/A,3,2,"Trung Văn, Nam Từ Liêm","20.994268343730788, 105.7895587986085"
40711454,08/03/2025,"Chính chủ bán cắt lỗ 2PN + 1, DT: 70,7m2, full đồ, sẵn sổ - tòa Tokin 1, giá cực tốt chỉ 4,79 tỷ","4,79 tỷ","70,7 m²","67,75 tr/m²",2,2,"Tây Mỗ, Nam Từ Liêm","21.004501880576594, 105.73948291810161"
42277266,08/03/2025,"Bán gấp giá gốc 4.5 tỷ: căn hộ 2PN + , diện tích 62,3m2 tòa Masteri West Heights (Nhà mới 100%).","4,5 tỷ","62,3 m²","72,23 tr/m²",2,2,"Tây Mỗ, Nam Từ Liêm","21.00663036001132, 105.73634553499178"
40633884,08/03/2025,Chính chủ bán gấp căn studio 2 tỷ 05 chung cư Masteri West Height Vin Smart City,"2,05 tỷ","30,3 m²","67,66 tr/m²",1,1,"Tây Mỗ, Nam Từ Liêm","21.0059071276347, 105.73634761970457"
41174446,08/03/2025,"Bán căn hộ chính chủ 2PN, 3PN chung cư Hoàng Thành Pearl - giá tốt, hỗ trợ A - Z, LH 0989 324 ***","5,9 tỷ",80 m²,"73,75 tr/m²",2,2,"Cầu Diễn, Nam Từ Liêm","21.030918133991, 105.759112158257"
41572788,08/03/2025,Tôi chính chủ cần bán gấp trong tuần 2 căn: Studio sổ lâu dài và căn góc 2PN - 2VS tòa G3 Green Bay,Giá thỏa thuận,28 m²,N/A,1,1,"Mễ Trì, Nam Từ Liêm","20.9989585876465, 105.788032531738"
41944019,08/03/2025,"Chính chủ cần bán gấp căn 01, tòa G1, DT 61m2, Vinhomes Green Bay Mễ Trì. Giá 3.9 tỷ (55,4m2 TT)","3,9 tỷ",61 m²,"63,93 tr/m²",2,1,"Mễ Trì, Nam Từ Liêm","20.9993227371044, 105.78731442364"
41516026,08/03/2025,"Chính chủ bán gấp: Căn 2PN, 56m2, 2.55 tỷ và Studio 1 tỷ 350tr, 28m2 Vinhomes Green Bay, 0963 081 ***",Giá thỏa thuận,56 m²,N/A,2,1,"Mễ Trì, Nam Từ Liêm","20.998894962372344, 105.78757336593776"
39803935,08/03/2025,Chính chủ bán gấp trong tháng CH 2PN tại CC Vinhomes Gardenia giá 6 tỷ. LH 0964 507 ***,6 tỷ,79 m²,"75,95 tr/m²",2,2,"Cầu Diễn, Nam Từ Liêm","21.0366529856233, 105.76072423303908"
42369290,08/03/2025,Bán gấp căn hộ 3PN góc tại The Canopy- Vinhomes Smart City giá tốt nhất hiện nay.,"6,18 tỷ",80 m²,"77,25 tr/m²",3,2,"Tây Mỗ, Nam Từ Liêm","21.000824069161478, 105.73954242641189"
41526341,08/03/2025,"Nhượng gấp căn 2PN 2VS - tòa G2, 3.58 tỷ, DT 69.5m2, sổ lâu dài - GreenBay Mễ Trì","3,58 tỷ","69,5 m²","51,51 tr/m²",2,2,"Mễ Trì, Nam Từ Liêm","20.9989585876465, 105.788032531738"
40386522,08/03/2025,"Gấp siêu rẻ: 3.6 tỷ với căn 2N - 2WC toà G1, 69m2, Vinhomes Green Bay!","3,6 tỷ","69,23 m²",52 tr/m²,2,2,"Mễ Trì, Nam Từ Liêm","20.999459300220057, 105.78724157693917"
41723806,08/03/2025,"Chính chủ cần bán gấp giá cắt lỗ căn 2PN2VS diện tích 63m2 tại Vinhomes Green Bay giá 3,6 tỷ","3,6 tỷ",63 m²,"57,14 tr/m²",2,2,"Mễ Trì, Nam Từ Liêm","20.99893185284047, 105.78801621539036"
41912324,08/03/2025,"Chính chủ bán lại căn hộ 2, 3PN tại dự án Lumi Hà Nội giá cực tốt. LH 0982 281 ***","3,8 tỷ",54 m²,"70,37 tr/m²",2,2,"Tây Mỗ, Nam Từ Liêm","21.0107790785049, 105.73568315849643"
42358242,08/03/2025,"Bán quỹ căn giá rẻ nhất Hoàng Thành Pearl, Nguyễn Văn Giáp, DT 80m2 (2PN), 114m2(3PN) LH 0906 241 ***","5,8 tỷ",80 m²,"72,5 tr/m²",2,2,"Cầu Diễn, Nam Từ Liêm","21.040941470893387, 105.76152469675814"
41817657,08/03/2025,The Matrix One chính chủ chuyển công tác bán gấp 3PN2VS 120m2 giá 11 tỷ. Giá tốt nhất thị trường,11 tỷ,120 m²,"91,67 tr/m²",3,2,"Mễ Trì, Nam Từ Liêm","21.009931343926766, 105.77424557931616"
40891390,08/03/2025,"Vinhomes Skylake chính chủ chuyển công tác gửi bán 3PN 2VS 100m2 giá 8,9tỷ.Giá tốt nhất thị trường","8,9 tỷ",100 m²,89 tr/m²,3,2,"Mỹ Đình 1, Nam Từ Liêm","21.019529387059453, 105.78111613846266"
42365630,07/03/2025,"MHD Trung Văn, Quỹ căn độc quyền trực tiếp CDT căn 3PN 106m2 giá 8,8 tỷ, Liên hệ ngay 0936 483 ***","8,8 tỷ","105,5 m²","83,41 tr/m²",3,2,"Trung Văn, Nam Từ Liêm","20.99261436806694, 105.78510480992924"
42250767,07/03/2025,"Ban quản lý cập nhật quỹ 100 căn hộ 2PN-3PN giá 5,7 tỷ đến 7,2 tỷ tốt nhất dự án Hoàng Thành Pearl","6,06 tỷ",80 m²,"75,75 tr/m²",2,N/A,"Cầu Diễn, Nam Từ Liêm","21.04014475375603, 105.76095585772474"
42364311,07/03/2025,"(Căn Mới) quỹ căn hộ đang giao bán tại WB.DT 65m, 85m, 90m, 110m, 129m : giá chỉ từ 5.6 tỷ-11 tỷ","5,6 tỷ",70 m²,80 tr/m²,2,2,"Mễ Trì, Nam Từ Liêm","21.01188710260109, 105.78564438023693"
42364248,07/03/2025,Bán gấp CH Vinhomes Smart giá chỉ từ 2 tỷ 1,"2,1 tỷ","28,1 m²","74,73 tr/m²",1,1,"Tây Mỗ, Nam Từ Liêm","21.00606380701022, 105.73607135986974"
42340194,07/03/2025,Chính chủ bán 16 căn: Studio - 1.25 tỷ; 2PN - 2.8 tỷ; 70m2 - 3.8 tỷ; 3PN - 5.85 tỷ. VH Green Bay,"4,2 tỷ",69 m²,"60,87 tr/m²",2,2,"Mễ Trì, Nam Từ Liêm","20.9989585876465, 105.788032531738"
41909272,07/03/2025,Chính chủ đầu tư gửi bán 8 căn hộ Studio mới 100% tòa G3 Vinhomes GreenBay Mễ Trì,Giá thỏa thuận,28 m²,N/A,1,1,"Mễ Trì, Nam Từ Liêm","20.9988716726895, 105.788367259118"
41594654,07/03/2025,"Chính chủ bán gấp 2PN - DT 59.1m2, tròn 2 tỷ 880 bao phí, cc cao cấp Vinhomes Smart City","2,88 tỷ",46 m²,"62,61 tr/m²",1,N/A,"Tây Mỗ, Nam Từ Liêm","21.0062160491943, 105.736473083496"
38829444,07/03/2025,"Bán gấp căn hộ 3 phòng ngủ, 75.6m2 căn góc, tầng 25 tòa GS2 dự án Vinhomes Smart City","4,6 tỷ","75,6 m²","60,85 tr/m²",3,2,"Tây Mỗ, Nam Từ Liêm","21.00693091022613, 105.7453289563825"
42363667,07/03/2025,"Quỹ căn giá tốt Ecolife Capitol, 58 Tố Hữu, Nam Từ Liêm. LH E Thành 0978 965 ***",5 tỷ,75 m²,"66,67 tr/m²",2,2,"Trung Văn, Nam Từ Liêm","20.9950246289913, 105.789098279127"
42331503,07/03/2025,Gấp gấp gấp! Tìm chủ mới cho quỹ căn hộ độc quyền tại Vinhomes Skylake Phạm Hùng,6 tỷ,67 m²,"89,55 tr/m²",2,2,"Mỹ Đình 1, Nam Từ Liêm","21.020225199955703, 105.77983516763169"
41573053,07/03/2025,"Duy nhất 01 căn studio, 1 tỷ 650! DT: 33,9m2 đẹp nhất dự án, tầng trung tòa S4 khu Sapphire","1,65 tỷ","33,9 m²","48,67 tr/m²",1,1,"Tây Mỗ, Nam Từ Liêm","21.0063386949769, 105.7358775612"
42326997,07/03/2025,"Cần vốn đầu tư bán gấp căn 2 ngủ 54.8m2 tòa S202 giá 3,1 tỷ bao phí(giá chuẩn)","3,1 tỷ","54,8 m²","56,57 tr/m²",2,1,"Tây Mỗ, Nam Từ Liêm","21.0060439805558, 105.736160084796"
41598459,07/03/2025,"Cần giao dịch nhanh căn studio tòa GS3 - DT 30,6m2, giá 1 tỷ 800tr bao phí(giá chuẩn)","1,8 tỷ","30,6 m²","58,82 tr/m²",1,1,"Tây Mỗ, Nam Từ Liêm","21.0065746307373, 105.745048522949"
42285877,07/03/2025,"Chủ nhà rất nhiệt tình bán 2 căn hộ 82m2 và 96m2 tòa CT8 The Emerald, giá tốt. Lh: 0986 787 ***","6,5 tỷ",96 m²,"67,71 tr/m²",3,2,"Mỹ Đình 1, Nam Từ Liêm","21.022153588847978, 105.77182945730706"
38149752,07/03/2025,"Quỹ căn hộ bán lại The Matrix One. 2PN, 3PN, đập thông, giá cực tốt đã có sổ LH: 0924 952 ***",10 tỷ,"114,33 m²","87,47 tr/m²",3,2,"Mễ Trì, Nam Từ Liêm","21.0093860626221, 105.773872375488"
42346671,07/03/2025,"Bán căn hộ 2PN Masteri West Heights hoàn thiện nội thất siêu đẹp, chỉ cần xách vali đến ở","4,7 tỷ",55 m²,"85,46 tr/m²",2,2,"Tây Mỗ, Nam Từ Liêm","21.0056424433175, 105.736777047466"
41642480,07/03/2025,"Chốt giá 2.7 tỷ bao phí căn: 1N + phân khu Imperia, DT 43.2m2 hướng TN, NT full đẹp","2,7 tỷ","43,2 m²","62,5 tr/m²",1,1,"Tây Mỗ, Nam Từ Liêm","20.9992771148682, 105.73811340332"
42176192,07/03/2025,Tổng hợp quỹ căn 2PN và 3PN chính chủ giá cắt lỗ tốt nhất tại Vinhomes Green Bay,"5,8 tỷ",86 m²,"67,44 tr/m²",3,2,"Mễ Trì, Nam Từ Liêm","20.9992589796583, 105.787641157502"
42361487,07/03/2025,"Bán gấp căn studio: 1.82 tỷ tại phân khu Sakura 33.6m2, full đồ, lỗ so với TT 350tr","1,82 tỷ","33,6 m²","54,17 tr/m²",1,1,"Tây Mỗ, Nam Từ Liêm","21.004861554911248, 105.73918020597633"
42361465,07/03/2025,"(Giá 1 tỷ 580 (cắt lỗ 500tr) chính chủ cần bán căn Studio tòa S2, DT 36,4 m2 hướng ĐN, full đồ đẹp","1,58 tỷ","36,4 m²","43,41 tr/m²",1,1,"Tây Mỗ, Nam Từ Liêm","21.0065612081517, 105.73633043851933"
42354328,07/03/2025,"Cắt lỗ 300tr, chính chủ cần bán 2PN 55m2 full đồ, sẵn sổ, tầng trung tòa S1 Smart City chỉ 2.98 tỷ","2,98 tỷ",55 m²,"54,18 tr/m²",2,1,"Tây Mỗ, Nam Từ Liêm","21.006222742743, 105.736289105475"
42361408,07/03/2025,"Em Mỹ cập nhật quỹ căn bán tại Chung cư cao cấp The Zei - số 8 Lê Đức Thọ, 02PN-03PN-Duplex.Giá tốt","7,4 tỷ",94 m²,"78,72 tr/m²",2,2,"Mỹ Đình 2, Nam Từ Liêm","21.035289399531933, 105.7699353207284"
42332642,07/03/2025,"Chính chủ cần tiền gấp bán nhanh căn 3PN 74,9m2 giá 4,25 tỷ Vinhome Smart City. L/H: 0975 982 ***","4,25 tỷ","74,9 m²","56,74 tr/m²",3,2,"Tây Mỗ, Nam Từ Liêm","21.00664997656732, 105.73654511916"
42326455,07/03/2025,"Cung cấp quỹ căn giá rẻ nhất Hoàng Thành Pearl, Nguyễn Văn Giáp, từ 2PN-3PN. Giao dịch chính chủ","5,8 tỷ",81 m²,"71,6 tr/m²",2,2,"Cầu Diễn, Nam Từ Liêm","21.040472201971838, 105.76138148236022"
41608203,07/03/2025,"Tôi bán gấp căn 1PN + 46m2, 2.55tỷ bao phí, tầng đẹp, full đồ đầu tư hơn 250tr sẵn sổ (DTTT 42.8m2)","2,55 tỷ",46 m²,"55,44 tr/m²",1,N/A,"Tây Mỗ, Nam Từ Liêm","21.0062160491943, 105.736473083496"
42360689,07/03/2025,Chính chủ gửi bán nhiều căn hộ 2 - 3 - 4PN giá tốt tại VinGardenia LH: 0983 051 ***,"6,5 tỷ",80 m²,"81,25 tr/m²",2,1,"Cầu Diễn, Nam Từ Liêm","21.036255381592547, 105.75983836396946"
42360610,07/03/2025,"Cập nhật những căn hộ the matrix one dai đoạn 1. DT 87m, 112m,114m : giá bán chỉ từ 7.6 tỷ - 9 tỷ",9 tỷ,114 m²,"78,95 tr/m²",3,2,"Mễ Trì, Nam Từ Liêm","21.009250289414467, 105.77328796592184"
38565495,07/03/2025,Báo đúng giá: Tổng hợp quỹ căn bán mới nhất tại Mỹ Đình Pearl T3/2025,"5,9 tỷ",73 m²,"80,82 tr/m²",2,2,"Phú Đô, Nam Từ Liêm","21.012216506494948, 105.76822633445869"
34206018,07/03/2025,"T.H 20 căn 3N DT 133m2 - 144m2 - 152m2, 156m2 - 169m2, 198m2 tại Dolphin giá chỉ từ 46tr - 49tr/m2","7,45 tỷ",152 m²,49 tr/m²,3,2,"Mỹ Đình 2, Nam Từ Liêm","21.0300445556641, 105.776626586914"
41175609,07/03/2025,"PKD dự án Lumi Hà Nội tổng hợp quỹ hàng chuyển nhượng 1-2-3PN, Pent, Duplex đẹp nhất dự án giá tốt",3 tỷ,43 m²,"69,77 tr/m²",1,1,"Tây Mỗ, Nam Từ Liêm","21.0115852355957, 105.73583984375"
42342932,07/03/2025,"Giá thật! Bán quỹ căn chung cư Hoàng Thành Pearl Nguyễn Văn Giáp, căn 2PN - 3PN LH: 0399 388 ***","5,8 tỷ",80 m²,"72,5 tr/m²",2,2,"Cầu Diễn, Nam Từ Liêm","21.040640378668932, 105.7609434071036"
42145138,07/03/2025,"Chính chủ bán căn hộ Sunshine Center - 16 Phạm Hùng. 130m2, 3 ngủ, full đồ đẹp. 0983 335 ***",Giá thỏa thuận,130 m²,N/A,3,2,"Mỹ Đình 2, Nam Từ Liêm","21.0186107461537, 105.781601961654"
42036137,07/03/2025,"Quỹ căn chuyển nhượng cam kết giá tốt nhất CT8 The Emerald 76m2, 81m2, 89,5m2, 95m2, 104m2, 124m2","5,55 tỷ",81 m²,"68,52 tr/m²",2,2,"Mỹ Đình 1, Nam Từ Liêm","21.022309314173096, 105.77203510676483"
42321475,07/03/2025,"Bán căn 2 ngủ 78m2 tòa Roman Plaza, nội thất mới, có slot, sổ đỏ CC - 4,75 tỷ bao phí. 0986 787 ***","4,75 tỷ",78 m²,"60,9 tr/m²",2,2,"Đại Mỗ, Nam Từ Liêm","20.98426974211681, 105.77587826611303"
42319057,07/03/2025,"Bán căn 2 ngủ trục 05 toà S2 Vinhomes Skylake, view toàn bộ hồ. DT 81m giá bán 8,2 tỷ bao hết phí","8,2 tỷ",81 m²,"101,24 tr/m²",2,2,"Mỹ Đình 1, Nam Từ Liêm","21.02008794595044, 105.77999236887632"
42359158,07/03/2025,"Chính chủ bán Emerald CT8 Đình Thôn - Mỹ Đình. DT 102m2 3PN. Đầy đủ nội thất đẹp. Giá thật 6,65 tỷ","6,65 tỷ",102 m²,"65,2 tr/m²",3,2,"Mỹ Đình 1, Nam Từ Liêm","21.021766044022538, 105.77176632723977"
42312147,07/03/2025,"Bán CC Florence Mỹ Đình, giá siêu hời 5,8 tỷ, 80,3m2, 2PN, 2WC, view đẹp","5,8 tỷ","80,3 m²","72,23 tr/m²",2,2,"Cầu Diễn, Nam Từ Liêm","21.03017716009173, 105.76107872450471"
42305981,07/03/2025,"Tổng hợp quỹ căn hộ 2PN + 3PN diện tích 61m2, 104m2, 135m2 và duplex 185m2 Em Thủy BĐS giá thật!","4,65 tỷ",61 m²,"76,23 tr/m²",2,2,"Cầu Diễn, Nam Từ Liêm","21.030891712845634, 105.76109605821414"
39457727,07/03/2025,"Bán căn Penthouse siêu vip tại Keangnam Landmark Tower - DT 408,6m2 - Tell 0904 717 ***",Giá thỏa thuận,"408,6 m²",N/A,5,4,"Mễ Trì, Nam Từ Liêm","21.0168495178223, 105.783973693848"
42356780,07/03/2025,"(Chính chủ) bán căn hộ 3PN, 2WC, 91m2 tại Lê Đức Thọ, Mỹ Đình 2, Nam Từ Liêm, giá 5,5 tỷ","5,5 tỷ",91 m²,"60,44 tr/m²",3,2,"Mỹ Đình 2, Nam Từ Liêm","21.031815729216, 105.769085864091"
40595519,09/03/2025,"Quỹ 50 căn chuyển nhượng 1PN, 2PN, 3PN, dự án Vinhomes WestPoint - Giá tốt, chính chủ gửi bán",6 tỷ,100 m²,60 tr/m²,3,2,"Mễ Trì, Nam Từ Liêm","21.0116472287261, 105.786369069393"
42372876,09/03/2025,Chính chủ cần bán căn hộ Iris Garden- Tòa CT1B- 61m2 - 2PN - NT cơ bản. Trục hoa hậu. View pháo hoa,"4,6 tỷ",62 m²,"74,19 tr/m²",2,2,"Cầu Diễn, Nam Từ Liêm","21.03117016676813, 105.75953972724632"
42372871,09/03/2025,"Căn 1 ngủ 1WC, 49.5m2 - Ecolife Capitol Tố Hữu NT full giá 3.84 tỷ","3,84 tỷ",49 m²,"78,37 tr/m²",1,1,"Trung Văn, Nam Từ Liêm","20.99453353881836, 105.78939056396484"
42372870,09/03/2025,"Bán căn hộ chung cư Dolphin Plaza, 164m2, 3PN+1, Căn góc, Đủ đồ, Tầng trung. Sổ sẵn","9,5 tỷ",164 m²,"57,93 tr/m²",4,2,"Mỹ Đình 2, Nam Từ Liêm","21.029877569396522, 105.77753096576131"
40141906,09/03/2025,Intracom Trung Văn 96m2 - 3PN2WC nội thất gắn tường hướng mát giá 5.45 tỷ,"5,45 tỷ",96 m²,"56,77 tr/m²",3,2,"Trung Văn, Nam Từ Liêm","20.9906978607178, 105.787773132324"
42356345,09/03/2025,BÁN CĂN 1PN+1 GS6 VINHOMES SMART CITY TẦNG TRUNG VIEW THOÁNG CHỈ #3180TR,"3,18 tỷ",48 m²,"66,25 tr/m²",1,1,"Tây Mỗ, Nam Từ Liêm","21.00875451527954, 105.74361573141059"
42372812,09/03/2025,"Hàng hiếm! Chính chủ cần bán căn 104m2, 3PN cực rẻ toà Vinhomes Gardenia, giá 10tỷ. LH 0968 989 ***",10 tỷ,104 m²,"96,15 tr/m²",3,2,"Cầu Diễn, Nam Từ Liêm","21.036037393018514, 105.76104398698624"
42372827,09/03/2025,Doanh nhân Hoàn cầu Phạm Huệ Đan cần bán căn hộ chung cư FLC 18 Phạm Hùng- 60m2 - 2PN . HĐMB 50 năm,"3,32 tỷ",60 m²,"55,33 tr/m²",N/A,N/A,"Mỹ Đình 2, Nam Từ Liêm","21.029498375738996, 105.77844265564445"
42356336,09/03/2025,"Bán căn 1PN The Canopy giá 3,22 tỷ bao phí","3,22 tỷ",41 m²,"78,54 tr/m²",1,1,"Tây Mỗ, Nam Từ Liêm","21.00115499958157, 105.7386990387558"
42356320,09/03/2025,"[GIÁ TỐT] CĂN 1PN 45,5M GS6 VIEW BỂ BƠI CHỈ #3200TR","3,2 tỷ","45,5 m²","70,33 tr/m²",1,1,"Tây Mỗ, Nam Từ Liêm","21.009024661078538, 105.74449634665903"
42356273,08/03/2025,"SOS: Căn hộ 1PN + 1 rẻ nhất Sola Park chỉ, 2,78 tỷ - tiến độ giãn","2,78 tỷ",43 m²,"64,65 tr/m²",1,N/A,"Tây Mỗ, Nam Từ Liêm","21.009252330800365, 105.74388297224581"
42356261,08/03/2025,"Giá tốt: Bán căn studio Sola Park chỉ, 2,25 tỷ - thanh toán tiến độ","2,25 tỷ",32 m²,"70,31 tr/m²",N/A,N/A,"Tây Mỗ, Nam Từ Liêm","21.009539423464, 105.74407429949798"
42315548,08/03/2025,"Em cần bán chung cư Mỹ Đình, tòa A3 Hàm Nghi - 130m2 - 3PN - NT cơ bản - 6.3 tỷ","6,3 tỷ",130 m²,"48,46 tr/m²",3,2,"Cầu Diễn, Nam Từ Liêm","21.035079914547367, 105.76442934442422"
42362569,08/03/2025,Chính chủ cần bán căn hộ Iris Garden - Tòa CT1A - 61m2 - 2PN - NT nguyên bản. Giá đầu tư,"4,4 tỷ",62 m²,"70,97 tr/m²",2,2,"Cầu Diễn, Nam Từ Liêm","21.03117016676813, 105.75953972724632"
42362743,08/03/2025,"(Mới nhất) Bán căn hộ chung cư cao cấp FLorence, 28 Trần Hữu Dực, Mỹ Đình, 03PN, 81m2, sổ đỏ sẵn.","5,7 tỷ",81 m²,"70,37 tr/m²",3,2,"Cầu Diễn, Nam Từ Liêm","21.030663560332883, 105.76122796096116"
42363042,08/03/2025,Chính chủ cần bán căn hộ Iris Garden- 30 Trần Hữu Dực- Tòa CT1A - 135m2 - 3PN- NT mới tinh -BC Nam.,"7,9 tỷ",135 m²,"58,52 tr/m²",3,2,"Cầu Diễn, Nam Từ Liêm","21.031071242614193, 105.7603963467008"
42362675,08/03/2025,Cần bán căn hộ Iris Garden - Tòa CT3 - 104m2 - 3PN - BC Đông - Tầng trung - 7 tỷ. LH. 0987 514 ***,7 tỷ,104 m²,"67,31 tr/m²",3,2,"Cầu Diễn, Nam Từ Liêm","21.030962768392474, 105.76006471431312"
42366130,08/03/2025,"Cần bán căn hộ chung cư An Bình Plaza, 93m2, 3PN (căn góc). NT đầy đủ mới tinh. Giao dịch chính chủ","7,65 tỷ","92,7 m²","82,52 tr/m²",3,2,"Mỹ Đình 2, Nam Từ Liêm","21.030849354393755, 105.77687646136349"
42366145,08/03/2025,"Chính chủ gửi bán căn hộ Mon City (HD Mon)- 67m2- 2PN - NT đầy đủ - Nhà mới, sạch sẽ. Báo giá chuẩn",5 tỷ,67 m²,"74,63 tr/m²",2,2,"Mỹ Đình 2, Nam Từ Liêm","21.034990871912896, 105.76813564550234"
42366169,08/03/2025,Chính chủ gửi bán căn hộ Mon City (HD Mon)- 52m2- 2PN -2VS - NT đầy đủ - Cam kết: Báo giá chuẩn,"4,3 tỷ",52 m²,"82,69 tr/m²",2,2,"Mỹ Đình 2, Nam Từ Liêm","21.034990871912896, 105.76813564550234"
42366214,08/03/2025,"Bán căn hộ CC Dolphin Plaza, 186m2, 4PN,căn góc, NT nhập khẩu, tầng trung, hướng mát. GD chính chủ",12 tỷ,186 m²,"64,52 tr/m²",4,3,"Mỹ Đình 2, Nam Từ Liêm","21.030135796393008, 105.776790734543"
41194428,08/03/2025,Rẻ nhất The Canopy Vinhomes Smartcity căn góc 3 pòng ngủ 83m2 giá 5.8 tỷ chỉ vào 40%. LH 0949 891 ***,"5,8 tỷ","83,1 m²","69,8 tr/m²",3,2,"Tây Mỗ, Nam Từ Liêm","21.000846862793, 105.739120483398"
42345437,08/03/2025,"GĐ cần tiền bán căn 2 ngủ 55m2 Vinhomes Smartcity, full đồ view bể bơi giá 3.5 tỷ. LH 0949 891 ***","3,5 tỷ",55 m²,"63,64 tr/m²",2,1,"Tây Mỗ, Nam Từ Liêm","21.006460033467555, 105.74440447654067"
42372663,08/03/2025,Rẻ nhất vinhomes smartcity căn 3 ngủ 75m2 full đồ xịn giá 4.9 tỷ . LH 0949 891 ***,"4,9 tỷ",75 m²,"65,33 tr/m²",3,2,"Tây Mỗ, Nam Từ Liêm","21.004766199689747, 105.73893152463971"
37709757,08/03/2025,Chính chủ bán nhanh căn 2PN Vinhomes Smart City 1 có sổ - giao dịch luôn,"3,5 tỷ",54 m²,"64,82 tr/m²",2,1,"Tây Mỗ, Nam Từ Liêm","21.008962631225586, 105.74391174316406"
37711940,08/03/2025,Chính chủ bán gấp căn hộ 1PN 48m2 - nhận nhà ở ngay - Vinhomes Smart City,"3,9 tỷ",48 m²,"81,25 tr/m²",1,1,"Tây Mỗ, Nam Từ Liêm","21.0088520050049, 105.743919372559"
42341722,08/03/2025,"Tổng hợp Chung cư C14 Tố Hữu chủ nhà cần bán gấp tháng 3/2025. 2 ngủ 4 tỷ 3, 3 ngủ 5 tỷ5 bp sang sổ","5,5 tỷ",100 m²,55 tr/m²,3,2,"Trung Văn, Nam Từ Liêm","20.991468984370982, 105.78453961039817"
42367413,08/03/2025,"Hàng Chủ đầu tư-Căn 2 ngủ góc V2.1017 ĐN-ĐB chỉ 4,9tỷ, vốn tự có 1tỷ!","4,9 tỷ","69,1 m²","70,91 tr/m²",2,2,"Tây Mỗ, Nam Từ Liêm","21.009192839388596, 105.74378036446934"
42372544,08/03/2025,Rẻ Cực Sốc Căn 53m2 Giá 3ty5 Chủ Nhà Muốn Bán Luôn Trong Tuần Này LH 0977 146 ***,"3,5 tỷ",53 m²,"66,04 tr/m²",2,2,"Mỹ Đình 2, Nam Từ Liêm","21.0353742417508, 105.76751381605241"
42236595,08/03/2025,Bán căn 3 ngủ view sân Mỹ Đình tại FLorence - giá chỉ 5 ty 9,"5,95 tỷ",85 m²,70 tr/m²,3,2,"Cầu Diễn, Nam Từ Liêm","21.030936594143846, 105.76103796386589"
41934879,08/03/2025,"Gấp! Bán nhanh căn 1PN+1 43m đủ nội thất tại Smart City - tầng trung, view đẹp - giá 2,55tỷ bao phí","2,55 tỷ",43 m²,"59,3 tr/m²",1,1,"Tây Mỗ, Nam Từ Liêm","21.00882308195263, 105.74381480882933"
40803138,08/03/2025,Hiếm! Cần bán căn 2PN2WC ở C37 Bắc Hà - 85m2 full nội thất giá 5.65 tỷ SĐCC,"5,65 tỷ",85 m²,"66,47 tr/m²",2,2,"Trung Văn, Nam Từ Liêm","20.996080115549134, 105.79418737269962"
42372467,08/03/2025,"CĂN HỘ LÔ GÓC VINHOME SMART CITY , 55M , VIEW ĐẸP, FULL NỘI THẤT , GIÁ 3.626 TỶ","3,64 tỷ",55 m²,"66,11 tr/m²",2,1,"Tây Mỗ, Nam Từ Liêm","21.006227110630633, 105.73638295609624"
40401165,08/03/2025,"Ko còn căn rẻ hơn - Bán 2PN 59m2 Vin Smart City - nội thất như mới sổ cầm tay - giá 3,45 tỷ bao phí","3,45 tỷ",59 m²,"58,48 tr/m²",2,1,"Tây Mỗ, Nam Từ Liêm","21.009601496451246, 105.74325268700454"
42324916,08/03/2025,"Bán Căn hộ CC view đẹp tại Ecolife Capitol, 3,7 tỷ, 50m2, 1PN có thể sửa thành 2 ngủ","3,7 tỷ",50 m²,74 tr/m²,1,1,"Trung Văn, Nam Từ Liêm","20.994132341298585, 105.78854888524668"
41205049,08/03/2025,"Tôi chính chủ bán 1ngủ + 1 view bể bơi, DT 43m2 tòa G3 The Sola Park, Vinhomes Smart City, 3.1 tỉ","3,1 tỷ",43 m²,"72,09 tr/m²",2,1,"Tây Mỗ, Nam Từ Liêm","21.00953127157909, 105.74341360209834"
41515262,08/03/2025,"Chính chủ chuyển nhà bán gấp tòa G2 - 3PN 2VS, giá 6,8 tỷ view siêu đẹp!","6,8 tỷ","83,82 m²","81,13 tr/m²",3,2,"Mễ Trì, Nam Từ Liêm","20.9989585876465, 105.788032531738"
41063575,08/03/2025,CĂN HỘ HẠNG A CHẤT THƯỢNG LƯU NỘI THẤT CAO CẤP NHẬP KHẨU GIÁ CHỈ 1Xxtr/m2,Giá thỏa thuận,85 m²,N/A,3,2,"Mễ Trì, Nam Từ Liêm","21.0093860626221, 105.773872375488"
42366212,08/03/2025,(Tin thật 100%) Căn hộ Duplex 100m2 x 3PN tại Vinhomes Gardenia - Ban công Đông Nam - Nội thất xịn,"9,85 tỷ",100 m²,"98,5 tr/m²",3,2,"Cầu Diễn, Nam Từ Liêm","21.03640481047695, 105.7602163681227"
42332617,08/03/2025,"Bán căn hộ chung cư C14 - Bộ Công An, 5,5 tỷ, 100m2, chủ nhà thiện chí, sổ cất két","5,5 tỷ",100 m²,55 tr/m²,3,2,"Trung Văn, Nam Từ Liêm","20.990728384815338, 105.78394302124914"
42250044,08/03/2025,Chính chủ bán căn hộ cao cấp Sudico Mỹ Đình Sông Đà,"8,5 tỷ",132 m²,"64,39 tr/m²",3,2,"Mỹ Đình 1, Nam Từ Liêm","21.01787967910159, 105.78004870906958"
40944051,08/03/2025,"Chính chủ bán căn góc 08-A1 giá tiến độ 5,7tỷ hàng hiếm - kính cong-bàn giao full nội thất cao cấp","5,7 tỷ",65 m²,"87,69 tr/m²",2,2,"Tây Mỗ, Nam Từ Liêm","21.0062160491943, 105.736473083496"
42112422,08/03/2025,[THÔNG TIN THẬT - ĐỪNG BỎ LỠ] Bán căn hộ 2 ngủ thông thủy 75m view công viên giá chỉ 5 tỷ trong thg,5 tỷ,75 m²,"66,67 tr/m²",2,2,"Trung Văn, Nam Từ Liêm","20.994527779916897, 105.78939691996574"
41607291,08/03/2025,"Siêu Hot: giá chỉ 3.8 tỷ: 2PN +, DT 64.6m2, tại phân khu Sapphỉe Vinhome Smart City.","3,8 tỷ","64,6 m²","58,82 tr/m²",2,N/A,"Tây Mỗ, Nam Từ Liêm","21.0062160491943, 105.736473083496"
40851713,08/03/2025,"CC bán gấp GS2: 1PN + 46.5m2, 2.4 tỷ bao phí, tầng đẹp, full đồ đầu tư 250tr, sẵn sổ (DTTT 42.8m2)","2,4 tỷ","46,5 m²","51,61 tr/m²",1,1,"Tây Mỗ, Nam Từ Liêm","21.0065746307373, 105.745048522949"
42365500,08/03/2025,BÁN PENTHOUSE MẶT PHỐ TRẦN HỮU DỰC VIEW CỰC CHILL FULL NỘI THẤT CAO CẤP,"15,7 tỷ",186 m²,"84,41 tr/m²",4,4,"Cầu Diễn, Nam Từ Liêm","21.0292279393869, 105.763447736179"
41226482,08/03/2025,"Chính Chủ Bán CH Dolphin Plaza Trần Bình, DT 138m2, 3PN NT đẹp, giá 6,8 tỷ SĐCC: O971085383","6,8 tỷ",138 m²,"49,28 tr/m²",3,2,"Mỹ Đình 2, Nam Từ Liêm","21.0305862877521, 105.776315852785"
33334957,08/03/2025,Chính chủ - bán chung cư L1 bến xe Mỹ Đình - Phạm Hùng - Nam Từ Liêm. Nội thất đầy đủ - về ở ngay,986 triệu,48 m²,"20,54 tr/m²",2,2,"Mỹ Đình 1, Nam Từ Liêm","21.0312840139818, 105.774435112949"
40580597,08/03/2025,"Chính chủ bán căn 2 phòng ngủ 70m2 C14 Bắc Hà - Tố Hữu. Giá 4,75 tỷ","4,75 tỷ",70 m²,"67,86 tr/m²",2,2,"Trung Văn, Nam Từ Liêm","20.9908123016357, 105.783912658691"
41989116,08/03/2025,"Em chính chủ bán 1N + 46.2m2, 2,6 tỷ, tầng trung, sẵn sổ, hỗ trợ khách mua vay ngân hàng","2,6 tỷ","46,2 m²","56,28 tr/m²",1,N/A,"Tây Mỗ, Nam Từ Liêm","21.006049788420473, 105.73621188361727"
40728611,08/03/2025,"Chính chủ cần bán nhanh căn hộ 2N + 1 2WC, phân khu Imperia, Vinhomes Smart City","3,75 tỷ","63,9 m²","58,68 tr/m²",2,2,"Tây Mỗ, Nam Từ Liêm","20.9992771148682, 105.73811340332"
42152118,08/03/2025,"Chính chủ bán gấp CH - 80m2 - 2PN - 2WC full nội thất, view thoáng. Mỹ Đình Plaza 2, giá 4,8 tỷ","4,8 tỷ",80 m²,60 tr/m²,2,2,"Mỹ Đình 2, Nam Từ Liêm","21.030551783360504, 105.77429332165312"
42109908,08/03/2025,"Chính chủ bán gấp ch 83m2 - 3pn - 2wc full nội thất, hướng mát ở An Bình Plaza giá 5 tỷ",5 tỷ,83 m²,"60,24 tr/m²",3,2,"Mỹ Đình 2, Nam Từ Liêm","21.030516469554165, 105.77784777046338"
41507967,08/03/2025,"Chính chủ bán 2PN 54.7m2 cao cấp Imperia - Vinhomes Smart City - 3.6 tỷ, rẻ hơn TT 300tr","3,6 tỷ","54,7 m²","65,81 tr/m²",2,1,"Tây Mỗ, Nam Từ Liêm","20.9992771148682, 105.73811340332"
42158943,08/03/2025,"Phải thật nhanh mới kịp mua - Chung cư An Lạc Phùng Khoang, Trung Văn 75m2 3.9 tỷ","3,95 tỷ",75 m²,"52,67 tr/m²",2,2,"Trung Văn, Nam Từ Liêm","20.9865518451471, 105.788721986059"
42112664,08/03/2025,"Gia đình em cần bán gấp CH - 93m2 3PN 2WC full nội thất hướng mát, ở The Garden Hills giá 5,9 tỷ","5,9 tỷ",93 m²,"63,44 tr/m²",3,2,"Mỹ Đình 2, Nam Từ Liêm","21.03036400059795, 105.77706511112528"
40876854,08/03/2025,"CC bán Masteri: 1PN + 46.5m2, 2.85 tỷ bao phí, full đồ đầu tư 250tr, sẵn sổ (DTTT 41.94m2)","2,85 tỷ","41,94 m²","67,95 tr/m²",1,1,"Tây Mỗ, Nam Từ Liêm","21.0062065124512, 105.737075805664"
42295563,08/03/2025,"Chính chủ bán CH 70m2 - 2PN - 2WC full nội thất view thoáng ở Roman Plaza, giá 4,6 tỷ","4,6 tỷ",70 m²,"65,71 tr/m²",2,2,"Đại Mỗ, Nam Từ Liêm","20.98468285363844, 105.7764178406029"
42185751,08/03/2025,"(Căn hiếm) gia đình bán gấp CH 49m2 2PN 1WC full nội thất, sổ lâu dài ở Ecolife Capitol, giá 3,4 tỷ","3,4 tỷ",49 m²,"69,39 tr/m²",2,1,"Trung Văn, Nam Từ Liêm","20.994726813803258, 105.78938689639686"
41514501,08/03/2025,"Không đăng ảo! Studio Sakura 31,7 m2 giá 2,050 tỷ, full nội thất","2,05 tỷ","31,7 m²","64,67 tr/m²",N/A,N/A,"Tây Mỗ, Nam Từ Liêm","21.0052261352539, 105.738914489746"
42324175,08/03/2025,Bán căn 2 ngủ tại chung cư The Zei Giá 7 tỷ 3,"7,3 tỷ","91,5 m²","79,78 tr/m²",2,2,"Mỹ Đình 2, Nam Từ Liêm","21.03429719851635, 105.77005095779533"
42334391,08/03/2025,"Em cập nhật quỹ căn hộ đang giao bán tại WB.DT 65m, 85m, 90m, 110m, 129m : giá chỉ từ 5.6 tỷ-11 tỷ","5,6 tỷ",68 m²,"82,35 tr/m²",2,2,"Mễ Trì, Nam Từ Liêm","21.012306616723066, 105.78689367199802"
42334474,08/03/2025,"Cập nhật những căn view hồ.giao bán tại skylake.DT 65m, 72m, 85m, 90m, 98m, 112m, 125mm, 133m, 159m","6,8 tỷ",71 m²,"95,78 tr/m²",2,2,"Mỹ Đình 1, Nam Từ Liêm","21.020171339992576, 105.78075503037408"
42342908,08/03/2025,"Tổng hợp 100 căn hộ đang giao bán tại Green bay.mễ trì.DT 26m, 56m, 65m, 80m, giá bán chỉ từ 2 tỷ",5 tỷ,63 m²,"79,36 tr/m²",2,2,"Mễ Trì, Nam Từ Liêm","20.998958532304087, 105.78778711412536"
41629366,08/03/2025,cập nhật quỹ căn hộ kh đô thị Sudico;DT 57m-105m -125m-132m-141mm-151m-207m ;Giá chỉ từ 3.5ty -8 tỷ,6 tỷ,132 m²,"45,46 tr/m²",4,3,"Mỹ Đình 1, Nam Từ Liêm","21.017435073852539, 105.7803955078125"
42335764,08/03/2025,"Tổng hợp những căn hộ đang cần bán gấp tại CT8 đình thôn: DT 78m, 82m, 99m, 110m, 141m :giá 5.6 ty","5,6 tỷ",81 m²,"69,14 tr/m²",2,2,"Mỹ Đình 1, Nam Từ Liêm","21.022125979066804, 105.77136430281297"
42336335,08/03/2025,"Tổng hợp những căn hộ đang giao bán tại Mỹ đình pearl.DT 73m2, 79m2","5,8 tỷ",73 m²,"79,45 tr/m²",2,2,"Phú Đô, Nam Từ Liêm","21.012813646155546, 105.76677684228656"
40962704,08/03/2025,"Cập nhật quỹ căn đang giao bán tại Golden Palace. DT 88m 105m2, 118m2,120m2, 128m2. Giá 5 - 8 tỷ",7 tỷ,118 m²,"59,32 tr/m²",3,2,"Mễ Trì, Nam Từ Liêm","21.0119361877441, 105.774993896484"
42327955,08/03/2025,"(Căn mới)Bán gấp căn 118m2 căn góc tại Golden Palace view xem pháo hoa, cực đẹp thoáng, giá 6,8 tỷ","6,8 tỷ",118 m²,"57,63 tr/m²",3,2,"Mễ Trì, Nam Từ Liêm","21.01202139493702, 105.77527858673577"
42346951,08/03/2025,Cần bán gấp căn hộ 114m tòa nhà Hoàng thành pearl.TK 3n 2wc bán gấp nên bán rẻ hơn thị trường 1 tỷ,8 tỷ,114 m²,"70,18 tr/m²",3,2,"Cầu Diễn, Nam Từ Liêm","21.0403006343635, 105.76142138018042"
42167473,08/03/2025,"Tôi cần bán gấp căn hộ 80m2 thiết kế 2PN view thoáng đẹp tại Vingardenia nhà rất lộc giá 5,8 tỷ","5,8 tỷ",80 m²,"72,5 tr/m²",2,2,"Cầu Diễn, Nam Từ Liêm","21.0371024513242, 105.76022706891"
41905558,08/03/2025,"Cần tiền bán gấp căn hộ 3PN 2VS view cực thoáng nhìn sang đại lộ chung cư Mỹ Đình Pearl giá 7,6 tỷ","7,6 tỷ",82 m²,"92,68 tr/m²",3,2,"Phú Đô, Nam Từ Liêm","21.01167489531845, 105.76705381009765"
42342051,08/03/2025,Chính chủ bán căn hộ 76m tk 2pn 2wc.tòa A2 Ecolife tố hữu.Giá bán 4.96 tỷ bao phí Có thương lượng,"4,96 tỷ",76 m²,"65,26 tr/m²",2,2,"Trung Văn, Nam Từ Liêm","20.994650314620863, 105.78970751755921"
42349781,08/03/2025,"Em phong cập nhật những căn hộ đầu tư có dòng tiền tại Keangnam.DT 107m, 118m,160m, 206m giá 75tr/m","9,44 tỷ",118 m²,80 tr/m²,3,2,"Mễ Trì, Nam Từ Liêm","21.017676081749276, 105.78406349616782"
42360292,08/03/2025,"Cập nhật những căn hộ đang giao bán tại The Zei. DT 102m2, 108m2, giá bán 8.5 tỷ - 8.8 tỷ","8,5 tỷ",108 m²,"78,7 tr/m²",3,2,"Mỹ Đình 2, Nam Từ Liêm","21.03427883338187, 105.77036257701877"
42342535,08/03/2025,"(Giá chuẩn) bán căn 2 ngủ C14 85m2, tầng đẹp, view thoáng, sẵn sổ đỏ. Giá 4,5 tỷ","4,5 tỷ",85 m²,"52,94 tr/m²",2,2,"Trung Văn, Nam Từ Liêm","20.9910693650619, 105.784695066481"
42286750,08/03/2025,"Bán căn góc 3PN 2WC 134m2, ban công Đông Nam, đủ đồ, sổ đỏ chính chủ. Giá 7 tỷ tòa C14",7 tỷ,134 m²,"52,24 tr/m²",3,2,"Trung Văn, Nam Từ Liêm","20.990528817907403, 105.78420544137776"
42364278,08/03/2025,"(Giá chuẩn) bán căn góc 3 ngủ 2WC 115m2 tòa Ecolife, nội thất đẹp, view thoáng, sổ đỏ CC. Giá 7 tỷ",7 tỷ,115 m²,"60,87 tr/m²",3,2,"Trung Văn, Nam Từ Liêm","20.994847533791273, 105.7898581119731"
42002026,08/03/2025,"Bán căn hộ 3PN, 2WC giá tốt tại Khu đô thị Mỹ Đình Sông Đà tòa Sudico CT1, 7 tỷ, 122m2, căn góc",7 tỷ,122 m²,"57,38 tr/m²",3,2,"Mỹ Đình 1, Nam Từ Liêm","21.017519652040658, 105.78025672102146"
42289821,08/03/2025,Cần bán gấp căn 2 ngủ tại Mỹ Đình Pearl Giá chỉ 6.060 tỷ,"6,06 tỷ",73 m²,"83,01 tr/m²",2,2,"Phú Đô, Nam Từ Liêm","21.012360179452628, 105.7671227839319"
42371976,08/03/2025,BÁN CHUNG CƯ VOV MỄ TRÌ- NAM TỪ LIÊM GIÁ SIÊU HỢP TÚI TIỀN,"4,3 tỷ",70 m²,"61,43 tr/m²",2,2,"Mễ Trì, Nam Từ Liêm","20.995032888943488, 105.78390030777966"
40428081,08/03/2025,Chính chủ bán căn view hồ 35m2 full nội thất tại toà A Masterise,"3,25 tỷ",35 m²,"92,86 tr/m²",1,1,"Tây Mỗ, Nam Từ Liêm","21.00558053610509, 105.73688168633437"
42314694,08/03/2025,"Bán CH dự án Ecolife diện tích 103m2 thiết kế 3 ngủ, full nội thất, giá 6,3 tỷ có thương lượng","6,3 tỷ",103 m²,"61,16 tr/m²",3,2,"Trung Văn, Nam Từ Liêm","20.99520751782038, 105.78985156200908"
42336007,08/03/2025,Chính chủ cần tiền bán gấp căn tầng 10 giá rẻ nhất TT LH 0977 146 ***,"3,9 tỷ",70 m²,"55,71 tr/m²",2,2,"Mỹ Đình 1, Nam Từ Liêm","21.0250555460766, 105.77074366452547"
42337231,08/03/2025,Chủ cần tiền bán gấp căn 2 ngủ 2WC giá rẻ nhất TT LH 0977 146 ***,"3,9 tỷ",53 m²,"73,58 tr/m²",2,N/A,"Mỹ Đình 2, Nam Từ Liêm","21.03504207109301, 105.7676208288792"
42331500,08/03/2025,"Chủ cần tiền bán gấp căn 2 ngủ 2 WC rẻ nhất thị trường, LH 0977 146 ***",5 tỷ,"73,6 m²","67,94 tr/m²",2,2,"Mỹ Đình 2, Nam Từ Liêm","21.031023746309454, 105.77499103732268"
42331559,08/03/2025,Chủ cần tiền bán gấp giá rẻ nhất thị trường LH 0977 146 ***,4 tỷ,60 m²,"66,67 tr/m²",2,2,"Mỹ Đình 2, Nam Từ Liêm","21.0305337555592, 105.776082888404"
42364932,08/03/2025,Cần bán gấp chuyển về quê căn 70m tìm tường 2 ngủ 1 wc LH 0977 146 ***,"3,9 tỷ",70 m²,"55,71 tr/m²",2,1,"Mễ Trì, Nam Từ Liêm","21.0036744601426, 105.782639099749"
42177559,08/03/2025,"(Giá 1 tỷ 580 (cắt lỗ 500tr) chính chủ cần bán căn Studio tòa S2, DT 36,4 m2 hướng ĐN, full đồ đẹp","1,58 tỷ","36,4 m²","43,41 tr/m²",1,1,"Tây Mỗ, Nam Từ Liêm","21.005918681794878, 105.73643569035642"
36451022,08/03/2025,"GĐ tôi cần bán căn hộ 120m2 4PN tầng 18 C37 Bắc Hà giá 6,5 tỷ","6,5 tỷ",120 m²,"54,17 tr/m²",4,2,"Trung Văn, Nam Từ Liêm","20.996829986572266, 105.79383850097656"
36849657,08/03/2025,"Tôi chính chủ cần bán 103m2, 3PN 3WC giá 7 tỷ dự án Roman Plaza, Quận Nam Từ Liêm",7 tỷ,103 m²,"67,96 tr/m²",3,3,"Đại Mỗ, Nam Từ Liêm","20.9843406677246, 105.776809692383"
37042551,08/03/2025,"27/02 /2025 bán gấp căn Ecolife Capitol, căn góc 3 mặt thoáng rất đẹp, 3PN DT 111m2, giá 6,6 tỷ","6,6 tỷ",111 m²,"59,46 tr/m²",3,2,"Trung Văn, Nam Từ Liêm","20.994534, 105.78939"
40593619,08/03/2025,"Chính chủ cần bán căn hộ 2PN tại dự án chung cư cao cấp Vinhomes West Point. Giá 4,8 tỷ- 0904 969 ***","4,8 tỷ",69 m²,"69,56 tr/m²",2,2,"Mễ Trì, Nam Từ Liêm","21.0118827819824, 105.786445617676"
38175432,08/03/2025,"Cần bán căn 3PN (112m2) tại The Matrix One, VIEW CÔNG VIÊN, giá 11.8 tỷ","11,8 tỷ",113 m²,"104,42 tr/m²",3,2,"Mễ Trì, Nam Từ Liêm","21.0093860626221, 105.773872375488"
42371876,08/03/2025,"Bán CC C37 Bộ Công An - Bắc Hà Tower, 7 tỷ, 115m2, 3PN, 2WC, giá siêu hời! Hot!",7 tỷ,115 m²,"60,87 tr/m²",3,2,"Trung Văn, Nam Từ Liêm","20.99746533610875, 105.79343166100352"
42252283,08/03/2025,"Chủ nhà gửi bán căn hộ 4PN 3VS 143m2 nhà đẹp hướng mát, có slot ô tô giá cực rẻ tại CT5 Sudico","7,15 tỷ",143 m²,50 tr/m²,4,3,"Mỹ Đình 1, Nam Từ Liêm","21.01754471204403, 105.78020364511583"
42362084,08/03/2025,"Sở hữu ngay căn hộ 2ngủ 2vs 73m2 view trực diện hồ điều hoà tại P1 Mỹ Đình Pearl,giá tốt nhất dự án","5,99 tỷ",73 m²,"82,06 tr/m²",2,2,"Phú Đô, Nam Từ Liêm","21.012624838497157, 105.76742265419075"
42353288,08/03/2025,"Chính chủ gửi bán căn hộ 3PN 105m2 tại CT4 Sudico Sông Đà, tầng trung nhà đẹp hướng mát giá tốt","5,25 tỷ",105 m²,50 tr/m²,3,2,"Mỹ Đình 1, Nam Từ Liêm","21.017467247356386, 105.78031585937389"
42260343,08/03/2025,Duy nhất căn hộ 1ngủ+ 1vs diện tích 50m2 tại P1 Mỹ Đình Pearl giá cực tốt,"3,85 tỷ",50 m²,77 tr/m²,1,1,"Phú Đô, Nam Từ Liêm","21.012440109351914, 105.76737433378413"
42260507,08/03/2025,"Sở hữu ngay căn hộ 3ngủ 2vs 94m2,nhà đẹp căn góc thoáng mát sẵn sổ giá cực rẻ tại P1 Mỹ Đình Pearl","7,75 tỷ",94 m²,"82,45 tr/m²",3,2,"Phú Đô, Nam Từ Liêm","21.01212440141987, 105.76785428609884"
41956339,08/03/2025,Chính chủ cần bán căn hộ 2PN FLC 36 Phạm Hùng,"3,5 tỷ",55 m²,"63,64 tr/m²",2,1,"Mỹ Đình 2, Nam Từ Liêm","21.028324272687332, 105.77938549182059"
41766868,08/03/2025,Chính chủ cần bán 2PN Dreamland Bonanza 23 Duy Tân 0355 161 ***,6 tỷ,74 m²,"81,08 tr/m²",2,2,"Mỹ Đình 2, Nam Từ Liêm","21.031171798706055, 105.78099822998047"
41766749,08/03/2025,"Chính chủ cần bán căn 2PN, Florence, 0355 161 ***","5,5 tỷ",83 m²,"66,26 tr/m²",2,2,"Cầu Diễn, Nam Từ Liêm","21.030731201171875, 105.7613296508789"
39672912,08/03/2025,"Chính chủ cần bán gấp căn hộ 3PN tại Imperia Smart City - giá tốt 4,5 tỷ full đồ xịn","4,5 tỷ","74,5 m²","60,4 tr/m²",3,2,"Tây Mỗ, Nam Từ Liêm","20.9992771148682, 105.73811340332"
42250598,08/03/2025,"Tôi chính chủ chuyển chỗ làm nên cần bán gấp căn 2PN + 64m2 tòa Imperia giá 4,2 tỷ. LH 0975 982 ***","4,2 tỷ",64 m²,"65,62 tr/m²",2,2,"Tây Mỗ, Nam Từ Liêm","20.9996622389962, 105.738018543636"
41539197,08/03/2025,"Cần bán gấp căn 2PN - 2VS, 63,4m2, giá 5 tỷ 2, view hồ, Vinhomes Green Bay Mễ Trì","5,2 tỷ","63,4 m²","82,02 tr/m²",2,2,"Mễ Trì, Nam Từ Liêm","20.9989585876465, 105.788032531738"
41008936,08/03/2025,"Chính chủ bán cắt lỗ căn 1PN + 1, DT: 47,6m2, Full NT mới 100%, CV trung tâm Imperia, chỉ 2.79 tỷ","2,79 tỷ","47,6 m²","58,61 tr/m²",1,1,"Tây Mỗ, Nam Từ Liêm","20.999761957931835, 105.73885483923902"
41515814,08/03/2025,"Mình chính chủ cần bán căn: 2PN + 1, 69m2 - 3tỷ 980, Vinhomes Smart City","3,98 tỷ","63,1 m²","63,07 tr/m²",2,2,"Tây Mỗ, Nam Từ Liêm","21.0062160491943, 105.736473083496"
40893622,08/03/2025,"Xuất ngoại tôi bán cấp thiết căn 1N + DT 42,8m2 giá chỉ 2,5 tỷ, full nội thất tòa GS1, Smart City","2,5 tỷ","42,8 m²","58,41 tr/m²",1,N/A,"Tây Mỗ, Nam Từ Liêm","21.0065746307373, 105.745048522949"
39809548,08/03/2025,"Giá tốt nhất thị trường căn 3N, 82,2m2, full đồ xịn, The Tonkin view thoáng chỉ 6.2 tỷ","6,2 tỷ","82,2 m²","75,43 tr/m²",3,2,"Tây Mỗ, Nam Từ Liêm","21.0052261352539, 105.738914489746"
41472539,08/03/2025,"Chính chủ cần bán gấp căn góc 3PN diện tích 80,7 m2 phân khu cao cấp Sakura giá 4,9 tỷ","4,9 tỷ","80,7 m²","60,72 tr/m²",3,2,"Tây Mỗ, Nam Từ Liêm","21.0052261352539, 105.738914489746"
42364725,08/03/2025,BÁN CĂN 2PN2WC 55M G3 SOLA PARK CHỈ #3670TR - THANH TOÁN TIẾN ĐỘ GIÃN,"3,67 tỷ",55 m²,"66,73 tr/m²",2,2,"Tây Mỗ, Nam Từ Liêm","21.0090630299883, 105.743855485169"
42371775,08/03/2025,"Tôi chính chủ muốn bán căn 2 ngủ toà Mas D, Tầng 21, Nội thất thiết kế tỉ mỉ, ở luôn rất hợp","3,8 tỷ",54 m²,"70,37 tr/m²",2,2,"Tây Mỗ, Nam Từ Liêm","21.006207765044397, 105.7370659517768"
37079657,08/03/2025,Bán căn CCMN mới Nguyễn Hoàng - Lê Đức Thọ 48m2 52m2 giá chỉ nhỉnh 1 tỷ. Ô tô đỗ cửa. Full NT,"1,25 tỷ",50 m²,25 tr/m²,2,1,"Mỹ Đình 1, Nam Từ Liêm","21.0237213, 105.7741546"
42100118,08/03/2025,"Chị gái em chính chủ, bán cắt lỗ căn 3N TT 74,1m2, tim tường 80.9m2, giá 4tỷ4, hỗ trợ vay bank","4,4 tỷ","80,9 m²","54,39 tr/m²",3,N/A,"Tây Mỗ, Nam Từ Liêm","21.006639585687907, 105.73685405951241"
40851599,08/03/2025,Studio tòa GS2 - 33.9m2 - The Miami - Vin Smart City (DT TT 30.6m2) - chính chủ bán cắt lỗ,"1,96 tỷ","33,9 m²","57,82 tr/m²",1,1,"Tây Mỗ, Nam Từ Liêm","21.0065746307373, 105.745048522949"
42362417,08/03/2025,"căn hộ studio, rẻ nhất thị trường 1 tỷ 520 khu Imperia, tầng trung, DT 30,6m2 (chỉ bán tuần này)","1,52 tỷ","30,6 m²","49,67 tr/m²",N/A,N/A,"Tây Mỗ, Nam Từ Liêm","20.9990375743783, 105.737976708142"
39602882,08/03/2025,"Giá tốt nhất thị trường căn 2N +, 64m2, full đồ xịn, Imperia Smart City view thoáng chỉ 3,5 tỷ","3,5 tỷ",64 m²,"54,69 tr/m²",2,2,"Tây Mỗ, Nam Từ Liêm","20.999277114868164, 105.73811340332031"
42371740,08/03/2025,"Cực Hiếm! CC 2N2V Tầng 6 Toà SA2, Nhà tôi xây rất tâm huyết, nội thất nhập khẩu, nhà còn rất mới","3,3 tỷ",54 m²,"61,11 tr/m²",2,2,"Tây Mỗ, Nam Từ Liêm","21.005114853261542, 105.73831474571796"
39372829,08/03/2025,"Đẹp như tranh vẽ: Siêu phẩm chủ nhà gửi bán cắt lỗ căn 1PN + tòa A Masteri Smart City giá 2,95 tỷ","2,95 tỷ",42 m²,"70,24 tr/m²",1,1,"Tây Mỗ, Nam Từ Liêm","21.006366772171813, 105.73665927220298"
40876929,08/03/2025,"Chính chủ bán 2PN 54m2 - tòa B - Masteri - Vinhomes Smart City - 3.4 tỷ, rẻ hơn TT 300tr!","3,4 tỷ",54 m²,"62,96 tr/m²",2,1,"Tây Mỗ, Nam Từ Liêm","21.0062065124512, 105.737075805664"
41526397,08/03/2025,"Cần bán gấp căn 2PN - 2VS, 69,47 m2, giá 4 tỷ 8, view hồ, Vinhomes Green Bay Mễ Trì","4,8 tỷ","69,47 m²","69,1 tr/m²",2,2,"Mễ Trì, Nam Từ Liêm","20.9989585876465, 105.788032531738"
42170796,08/03/2025,"Bán căn hộ 1PN, 1WC tại The Tonkin - Vinhomes Smart City, 3,6 tỷ, 45m2","3,6 tỷ",45 m²,80 tr/m²,1,1,"Tây Mỗ, Nam Từ Liêm","21.005208812835395, 105.73891076949441"
40840041,08/03/2025,"Chính chủ cần chuyển nhượng gấp căn 2PN 1WC tại phân khu Imperia, 55.1m2, full đồ, giá chỉ 3.4 tỷ","3,4 tỷ","55,1 m²","61,71 tr/m²",2,1,"Tây Mỗ, Nam Từ Liêm","20.999277114868164, 105.73811340332031"
41518775,08/03/2025,"Bán căn studio 30,3m2, tòa Masteri Smart City Tây Mỗ, giá 2,060 tỷ view bể bơi, để full nội thất","2,06 tỷ","30,3 m²","67,99 tr/m²",N/A,N/A,"Tây Mỗ, Nam Từ Liêm","21.0062065124512, 105.737075805664"
41577034,08/03/2025,"Chính chủ bán căn Stu 34,9m2 (DTTT 30.7m2), giá 1,55 tỷ full đồ xịn, Đông Nam, Vinhomes Smart City","1,55 tỷ","30,7 m²","50,49 tr/m²",1,1,"Tây Mỗ, Nam Từ Liêm","21.0056490795888, 105.736850884953"
42332068,08/03/2025,"Bán căn 2N1VS, Vinhomes Green Bay, sổ lâu dài, full nội thất, tầng trung, hướng mát, giá 4.9tỷ","4,9 tỷ","52,6 m²","93,16 tr/m²",2,1,"Mễ Trì, Nam Từ Liêm","20.9984852149856, 105.787820811698"
42177460,08/03/2025,"Chính chủ cần chuyển nhượng gấp căn Studio tại phân khu Sakura 31.6m2, full đồ, giá chỉ 1.9 tỷ","1,9 tỷ","31,6 m²","60,13 tr/m²",1,1,"Tây Mỗ, Nam Từ Liêm","21.005477343066445, 105.73839769359893"
40710113,08/03/2025,"Chính chủ bán 2PN 59.1m2 cao cấp Vinhomes Smart City - 3.2 tỷ, chỉ bán trong tuần này","3,2 tỷ","59,1 m²","54,15 tr/m²",2,1,"Tây Mỗ, Nam Từ Liêm","21.0062160491943, 105.736473083496"
39804517,08/03/2025,"Tin độc quyền: Chị khách gửi bán studio 25m2 tòa TK1 dự án Smart City rẻ nhất thị trường 1,980 tỷ","1,98 tỷ",25 m²,"79,2 tr/m²",N/A,N/A,"Tây Mỗ, Nam Từ Liêm","21.0052261352539, 105.738914489746"
42177106,08/03/2025,"Trực tiếp chủ đầu tư mở bán chung cư khu đô thị Mễ Trì Hạ đối diện Keangnam, full nội thất",830 triệu,32 m²,"25,94 tr/m²",1,1,"Mễ Trì, Nam Từ Liêm","21.01458724501062, 105.78271383781568"
41613554,08/03/2025,"Chính chủ bán gấp căn hộ 3 ngủ tòa GS3 - DT 75.6m2 giá 4,1 tỷ bao phí( có thương lượng )","4,1 tỷ","75,6 m²","54,23 tr/m²",3,2,"Tây Mỗ, Nam Từ Liêm","21.006574630737305, 105.74504852294922"
41526605,08/03/2025,"Chính chủ cần bán gấp 2 căn studio 30,03m2, giá 1 tỷ 2 tòa G3 Green Bay, view hồ và biệt thự","1,2 tỷ","30,03 m²","39,96 tr/m²",N/A,N/A,"Mễ Trì, Nam Từ Liêm","20.9989585876465, 105.788032531738"
40897680,08/03/2025,"Chính chủ cần bán nhanh căn hộ ở toà C14 Bắc Hà, Tố Hữu; 3 ngủ, 2wc, 110m2, giá tốt, BC Đông Nam","5,5 tỷ",110 m²,50 tr/m²,3,2,"Trung Văn, Nam Từ Liêm","20.9908123016357, 105.783912658691"
42321672,08/03/2025,"Bán gấp căn 1N+ 43m2 ban công ĐB, Full đồ đẹp toà I4,I5. Giá rẻ chỉ 3,0xtỷ- LH 0904 042 ***",3 tỷ,43 m²,"69,77 tr/m²",1,1,"Tây Mỗ, Nam Từ Liêm","20.998475183366025, 105.73810838443278"
42341341,08/03/2025,"Cần bán gấp căn hộ 2PN + 1 căn góc ban công Đông Nam, full nội thất, giá 4,7 tỷ. Lh 0976 912 ***","4,7 tỷ",63 m²,"74,6 tr/m²",2,2,"Tây Mỗ, Nam Từ Liêm","21.006239365006238, 105.73687400875079"
42342236,08/03/2025,Chính chủ gửi bán căn 3PN diện tích 80m2 full nội thất đẹp giá 5 tỷ bao thuế phí,5 tỷ,80 m²,"62,5 tr/m²",3,2,"Tây Mỗ, Nam Từ Liêm","21.006425109611783, 105.73582444265733"
42347894,08/03/2025,"Chính chủ bán căn 3PN diện tích 82m tầng trung, full nội thất, sổ hồng, giá 5,9 tỷ thương lượng","5,9 tỷ",82 m²,"71,95 tr/m²",3,2,"Tây Mỗ, Nam Từ Liêm","21.005231312947494, 105.73954631086134"
42341212,08/03/2025,"Chính chủ cần bán căn 3PN 2WC khu cao cấp Masteri tầng trung hướng mát giá 5,9 tỷ thương lượng","5,9 tỷ",73 m²,"80,82 tr/m²",N/A,N/A,"Tây Mỗ, Nam Từ Liêm","21.00630498784907, 105.73676807329618"
42358645,08/03/2025,"Chính chủ bán gấp căn 2PN diện tích 60m2, tầng trung full nội thất giá 3,99 tỷ.LH 0976 912 ***","3,99 tỷ",60 m²,"66,5 tr/m²",2,2,"Tây Mỗ, Nam Từ Liêm","21.00619980947386, 105.73657137695062"
42341820,08/03/2025,"Chính chủ gửi bán căn 3PN diện tích 75m, nhà mới full nội thất, giá 4,2 tỷ có thương lượng","4,2 tỷ",75 m²,56 tr/m²,N/A,N/A,"Tây Mỗ, Nam Từ Liêm","21.006432834975904, 105.73720117685157"
42342966,08/03/2025,"Chủ nhà gửi bán căn 2PN diện tích 54,6m2 ban công hướng mát, full nội thất giá 3,4 tỷ thương lượng","3,4 tỷ","54,6 m²","62,27 tr/m²",2,2,"Tây Mỗ, Nam Từ Liêm","21.00625753769691, 105.73641334926425"
42275758,08/03/2025,Chính chủ cần bán nhanh căn 3N - Vinhomes Gardenia Hàm Nghi. LH em Châu 0978 012 ***,9 tỷ,120 m²,75 tr/m²,3,2,"Cầu Diễn, Nam Từ Liêm","21.036494049142952, 105.76086671518982"
42261664,08/03/2025,"HOÀNG THÀNH PEARL - Quỹ căn 2N, 3N chính chủ gửi bán. Giá chuẩn liên hệ 0978 012 ***","8,06 tỷ",112 m²,72 tr/m²,3,2,"Cầu Diễn, Nam Từ Liêm","21.04031436993866, 105.76137011653834"
42236977,08/03/2025,"Chính chủ bán 4 ngủ Vinhomes Gardenia, Hàm Nghi. LH em Châu 0978 012 ***",12 tỷ,132 m²,"90,91 tr/m²",4,3,"Cầu Diễn, Nam Từ Liêm","21.03656768798828, 105.76048278808594"
42195192,08/03/2025,(HIẾM) 4 ngủ Vinhomes Gardenia - Chỉ từ 10 tỷ. LH em Châu 0978 012 ***,Giá thỏa thuận,132 m²,N/A,4,3,"Cầu Diễn, Nam Từ Liêm","21.03656768798828, 105.76048278808594"
42280486,08/03/2025,"HD Mon căn 2N tầng đẹp - giá tốt. Liên hệ em Châu 0978 012 ***. Chỉ 4, x tỷ","4,8 tỷ",67 m²,"71,64 tr/m²",2,2,"Mỹ Đình 2, Nam Từ Liêm","21.0358067380034, 105.766991355155"
42357537,08/03/2025,"Hiếm - CH Vinhomes Skylake 112m2, view hồ trực diện. LH 0978 012 ***",11 tỷ,112 m²,"98,21 tr/m²",3,2,"Mỹ Đình 1, Nam Từ Liêm","21.0199047946967, 105.78035828394725"
42275368,08/03/2025,"HD Mon căn 2N tầng đẹp - giá tốt. Liên hệ em Châu 0978 012 ***. Chỉ 4,x tỷ","4,8 tỷ",67 m²,"71,64 tr/m²",2,2,"Mỹ Đình 2, Nam Từ Liêm","21.0358067380034, 105.766991355155"
41744673,08/03/2025,"Chính chủ bán Canopy, TC1, 38m2, giá 2,4 tỷ. LH em Hằng 0988 152 ***","2,4 tỷ",38 m²,"63,16 tr/m²",1,1,"Tây Mỗ, Nam Từ Liêm","21.000846862793, 105.739120483398"
41918896,08/03/2025,"Chính chủ bán 1pn + 1, view hồ, 47m2, full đồ, giá 3,8 tỷ. LH em Hằng: 0988 152 ***","3,8 tỷ",47 m²,"80,85 tr/m²",1,1,"Tây Mỗ, Nam Từ Liêm","21.00626202161109, 105.73788662267737"
41641941,08/03/2025,"Chính chủ bán A1.2209 Lumiere Evergreen, 1PN, 43m2, thanh toán tiến độ, giá 4,050 tỷ bao phí","4,05 tỷ",43 m²,"94,19 tr/m²",1,1,"Tây Mỗ, Nam Từ Liêm","21.0062160491943, 105.736473083496"
41301757,08/03/2025,"Chính chủ cần bán CHCC Lumiere Evergreen, 2PN, 60m2, giá 4,7 tỷ bao phí. Lh Em Hằng: 0988 152 ***","4,7 tỷ",60 m²,"78,33 tr/m²",2,2,"Tây Mỗ, Nam Từ Liêm","21.006216049194336, 105.7364730834961"
41472325,08/03/2025,"Chính chủ bán 1PN +, 42m2 Lumiere, giá 3,3 tỷ thanh toán tiến độ. LH Em Hằng 0988 152 ***","3,3 tỷ",42 m²,"78,57 tr/m²",1,1,"Tây Mỗ, Nam Từ Liêm","21.006216049194336, 105.7364730834961"
42371539,08/03/2025,CHUNG CƯ TÂY MỖ - 55M - LÔ GÓC - 2 NGỦ - FULL NỘI THẤT - GIÁ 4.126 TỶ(HHTL36285),"4,13 tỷ",55 m²,"75,02 tr/m²",2,1,"Tây Mỗ, Nam Từ Liêm","20.996699701134514, 105.7454035620796"
41982536,08/03/2025,"Bán gấp CH Vinhomes Smart City, 3,06 tỷ, 47,8m2, 1PN, 1WC, tại Tây Mỗ, Nam Từ Liêm, Hà Nội","3,06 tỷ","47,8 m²","64,02 tr/m²",1,1,"Tây Mỗ, Nam Từ Liêm","21.005451725352, 105.739037123598"
42371416,08/03/2025,"Tôi cần chuyển nhượng! Căn 2N1 bên toà GS3, Mới chỉ cho 1 khách thuê từ lúc mua, Tầng 16, nhà đẹp","3,35 tỷ",54 m²,"62,04 tr/m²",2,1,"Tây Mỗ, Nam Từ Liêm","21.006559684544197, 105.74508689233542"
41983963,08/03/2025,"Bán CC tại The Sakura - Vinhomes Smart City, 2,45 tỷ, 34,4 m2, Nam Từ Liêm, Hà Nội","2,45 tỷ","34,4 m²","71,22 tr/m²",N/A,N/A,"Tây Mỗ, Nam Từ Liêm","21.0057733274361, 105.739515979067"
41983750,08/03/2025,"Bán căn hộ 2PN, 1WC tại The Sapphire - Vinhomes Smart City, 3,2 tỷ, 54,8m2, Nam Từ Liêm, Hà Nội","3,2 tỷ","54,8 m²","58,39 tr/m²",2,1,"Tây Mỗ, Nam Từ Liêm","21.0055767169411, 105.736392776611"
41982896,08/03/2025,"Bán CC Imperia Smart City, 3,32 tỷ, 55,2m2, Tây Mỗ, Nam Từ Liêm, Hà Nội","3,32 tỷ","55,2 m²","60,14 tr/m²",N/A,N/A,"Tây Mỗ, Nam Từ Liêm","20.9987614990797, 105.738002856253"
34009793,08/03/2025,"MỸ ĐÌNH PLAZA 2 - Nội thất thuê thiết kế, 2PN chủ BÁN GẤP mua nhà riêng. Ngoài ra em còn căn 3PN ạ.",Giá thỏa thuận,73 m²,N/A,2,2,"Mỹ Đình 2, Nam Từ Liêm","21.0310840606689, 105.774566650391"
42263871,08/03/2025,Cập nhật đầy đủ - quỹ căn hộ rao bán tháng 03/2025 (9 căn) - Florence - Hỗ trợ AC deal giá tốt nhất,"6,4 tỷ",85 m²,"75,29 tr/m²",3,2,"Cầu Diễn, Nam Từ Liêm","21.03120804409519, 105.7609513164552"
38873433,08/03/2025,Tặng ngay vàng 9999 khi mua FLC Complex 36 Phạm Hùng - quỹ căn 2PN - 3PN (95m-131),"4,6 tỷ","66,5 m²","69,17 tr/m²",2,2,"Mỹ Đình 2, Nam Từ Liêm","21.028190612793, 105.779197692871"
38717511,08/03/2025,Dolphin - gia lộc Vàng 9999 may mắn cho quý khách mua Quỹ Căn tháng 03/2025 giá tốt không báo ảo,Giá thỏa thuận,133 m²,N/A,3,2,"Mỹ Đình 2, Nam Từ Liêm","21.0300445556641, 105.776626586914"
42371355,08/03/2025,"Tôi bán 2N tầng 09, view cực thoáng, nội thất tự thiết kế hợp với cho thuê ở hoặc dọn về ở luôn","3,4 tỷ",54 m²,"62,96 tr/m²",2,1,"Tây Mỗ, Nam Từ Liêm","20.99934312402582, 105.73808947101965"
39820939,08/03/2025,Mình chính chủ bán gấp: Căn Studio view hồ Vinhomes Green Bay Mễ Trì - giá 1 tỷ 420,"1,42 tỷ","25,62 m²","55,42 tr/m²",1,1,"Mễ Trì, Nam Từ Liêm","20.9989585876465, 105.788032531738"
42371317,08/03/2025,"Bán CH 4PN Tòa P2 Lumi Hà Nội của Capitaland- Tây Mỗ- Nam Từ Liêm- 136m2- Giá 10,1 Tỷ: 0936 041 ***","10,1 tỷ",136 m²,"74,26 tr/m²",4,3,"Tây Mỗ, Nam Từ Liêm","21.011177385641403, 105.73563666970165"
41252192,08/03/2025,"Bán căn hộ 2N2VS, diện tích 65m2, full đồ, sẵn sổ đỏ tại Vinhomes Greenbay. LH 0904 042 ***",Giá thỏa thuận,65 m²,N/A,2,2,"Mễ Trì, Nam Từ Liêm","20.9989652066316, 105.788067807087"
42265436,08/03/2025,"The Sapphire - Bán gấp CH 1N1VS + 1, DT 46.5m2, tầng trung đẹp tại Vinhomes Smartcity giá chỉ 2,6tỷ","2,6 tỷ","46,5 m²","55,91 tr/m²",1,1,"Tây Mỗ, Nam Từ Liêm","21.006220509794893, 105.73647530806772"
42371383,08/03/2025,"SIÊU HIẾM CĂN NHÀ DÒNG TIỀN PHỐ THIÊN_HIỀN NAM TỪ LIÊM 45m2.9P KHÉP KÍN FULL NỘI THẤT 8,65 TỶ.","8,65 tỷ",45 m²,"192,22 tr/m²",9,9,"Mễ Trì, Nam Từ Liêm","21.0222061745682, 105.776140572018"
42371399,08/03/2025,BÁN CC TÂY MỖ - 55M  1BAN CÔNG & LOGIA  2 NGỦ - GIÁ 3.9 TỶ(HHTL36287),"3,9 tỷ",55 m²,"70,91 tr/m²",2,1,"Tây Mỗ, Nam Từ Liêm","21.016701494033654, 105.74582881694263"
41031129,08/03/2025,"Chung cư 60m2 giá 2.19 tỷ 2PN, đủ nội thất ngay đường 70, Trịnh Văn Bô vài bước tới Mỹ Đình","2,19 tỷ",60 m²,"36,5 tr/m²",2,N/A,"Xuân Phương, Nam Từ Liêm","21.0258808135986, 105.740707397461"
40881809,08/03/2025,"Quỹ căn West Point 3PN+ , diện tích 115m2, full đồ giá chỉ từ 60tr/m2. LH 0832 201 ***",7 tỷ,110 m²,"63,64 tr/m²",3,3,"Mễ Trì, Nam Từ Liêm","21.0118827819824, 105.786445617676"
38052232,08/03/2025,"Bán căn 2PN 78m2 Roman Plaza Tố Hữu giá 5,1 tỷ","5,1 tỷ",78 m²,"65,39 tr/m²",2,2,"Đại Mỗ, Nam Từ Liêm","20.984340667724609, 105.77680969238281"
42297168,08/03/2025,Chuyển nhượng căn hộ 2PN1WC phân khu Sapphire Vinhome Smart City giá chỉ 3.4 tỷ,"3,4 tỷ","53,8 m²","63,2 tr/m²",2,1,"Tây Mỗ, Nam Từ Liêm","21.009471001778554, 105.74383894075736"
41704557,08/03/2025,"Chính chủ Bán căn 95m2 3PN tòa CT8 The Emerald, Mỹ Đình giá 6,8 tỷ","6,8 tỷ",95 m²,"71,58 tr/m²",3,2,"Mỹ Đình 1, Nam Từ Liêm","21.022161483764648, 105.77179718017578"
40894252,08/03/2025,"Chính chủ bán cắt lỗ căn góc 2N + 63,9 m2 - 3,85 tỷ phân khu cao cấp Imperia","3,85 tỷ","63,9 m²","60,25 tr/m²",2,2,"Tây Mỗ, Nam Từ Liêm","20.999277114868164, 105.73811340332031"
42184973,08/03/2025,"Em Trang cần bán căn 3PN, 2WC tại The Matrix One, 12 tỷ, 112m2. Full NT hướng ĐN. Lh 0792 826 ***",12 tỷ,112 m²,"107,14 tr/m²",3,2,"Mễ Trì, Nam Từ Liêm","21.009391956066686, 105.77366589083427"
34922703,08/03/2025,"Keangnam 118m2, 107m2, 126m2, 156m2, 206m2, Penhouse 430m2. LH: 0974 681 ***",Giá thỏa thuận,"107,8 m²",N/A,3,2,"Mễ Trì, Nam Từ Liêm","21.0168495178223, 105.783973693848"
42348191,08/03/2025,"Bán Căn hộ chung cư tại Dolphin Plaza, 12,5 tỷ, 186m2 (3N + 1 - 2VS). Full NT. LH 0792 826 ***","12,5 tỷ",186 m²,"67,2 tr/m²",3,2,"Mỹ Đình 2, Nam Từ Liêm","21.0292019485203, 105.776451356554"
42371063,08/03/2025,"Hiếm! bán căn 2N2VS tầng 23 tòa GS2 Vinsmart, nội thất nhà mình tự thiết kế để ở, Nhà còn rất mới","4,45 tỷ","61,2 m²","72,71 tr/m²",2,2,"Tây Mỗ, Nam Từ Liêm","21.005200360610775, 105.7384140407354"
40728615,08/03/2025,"Chính chủ bán gấp căn 2 + 1, 63.4m2 - 3,65 tỷ, ban công Đông Nam, Vinhomes Smart City","3,65 tỷ","63,4 m²","57,57 tr/m²",2,2,"Tây Mỗ, Nam Từ Liêm","21.0062160491943, 105.736473083496"
41193200,08/03/2025,"Căn góc 4 PN 145m2 tầng đẹp hướng ĐN, NT xịn, sổ đỏ + slot ô tô Mỹ Đình Pearl cạnh công viên Phú Đô","11,85 tỷ",145 m²,"81,72 tr/m²",4,3,"Phú Đô, Nam Từ Liêm","21.0124320983887, 105.767395019531"
41407728,08/03/2025,"Giá chốt 2.9 tỷ bao phí cho căn: 2N1VS tòa S2 đẹp, NT full đồ, BC hướng ĐN, DT 54,8m2","2,9 tỷ","54,8 m²","52,92 tr/m²",2,1,"Tây Mỗ, Nam Từ Liêm","21.006025273273092, 105.73702857177747"
41254134,08/03/2025,"Sốc giảm 100tr bán 1ngủ+1căn G3.1615 view bể bơi, DT 43m tòa G3 The Sola Park,Vinhomes Smart City","3,1 tỷ",43 m²,"72,09 tr/m²",2,1,"Tây Mỗ, Nam Từ Liêm","21.008852005004883, 105.7439193725586"
42342593,08/03/2025,"Chủ nhà cần bán gấp giá theo HDMB CH 2N2WC 3,4 tỷ view đẹp, đứng tên trực tiếp với CDT 2 hầm để xe","3,4 tỷ","54,3 m²","62,62 tr/m²",2,2,"Tây Mỗ, Nam Từ Liêm","21.009093317704284, 105.74398228971783"
41910231,08/03/2025,"Hàng hiếm! Chính chủ cần bán căn 83m2, 3PN toà An Bình Plaza full nội thất, 5,1 tỷ. LH 0968 989 ***",5 tỷ,83 m²,"60,24 tr/m²",3,2,"Mỹ Đình 2, Nam Từ Liêm","21.030503580474797, 105.77770415030768"
42204875,08/03/2025,BÁN NHANH CĂN HỘ 3 PHÒNG NGỦ VIEW NỘI KHU HƯỚNG ĐÔNG NAM KÝ HD TRỰC TIẾP VỚI CHỦ ĐẦU TƯ CÓ HTLS,"4,9 tỷ",75 m²,"65,33 tr/m²",3,2,"Tây Mỗ, Nam Từ Liêm","21.0088637647628, 105.743933749096"
40775547,08/03/2025,"(Mới) Chính chủ bán gấp 3pn 108m2 giá 7,9 tỷ và 4pn 132m2 giá 10,9 tỷ toà VinGardenia, nhà sửa đẹp","10,9 tỷ",132 m²,"82,58 tr/m²",4,3,"Cầu Diễn, Nam Từ Liêm","21.036642314839746, 105.76055729561527"
42129033,08/03/2025,NHỈNH 4 TỶ BÁN NHANH CĂN HỘ CĂN 75M2 3 NGỦ TÒA G5 SOLA SMART CITY HƯỚNG ĐÔNG NAM VIEW BỂ BƠI .,"4,91 tỷ",75 m²,"65,47 tr/m²",3,2,"Tây Mỗ, Nam Từ Liêm","21.008725463814304, 105.74325701851019"
41664123,08/03/2025,"Siêu cắt lỗ: Chủ nhà bán 2.6 tỷ căn 1N+ tòa S2, DT 42,7m2, full đồ. Giá có thể thương lượng bao phí","2,6 tỷ","42,7 m²","60,89 tr/m²",1,1,"Tây Mỗ, Nam Từ Liêm","21.006558880824482, 105.73653573725002"
42341902,08/03/2025,Tôi chính chủ chuyển chỗ làm nên cần bán gấp căn 2PN + view hồ tòa A. LH 0975 982 ***,"4,65 tỷ","63,72 m²","72,98 tr/m²",2,2,"Tây Mỗ, Nam Từ Liêm","21.00564858743022, 105.73661286935113"
41301094,08/03/2025,Hiếm! Bán Căn 2PN2WC - 70m2 - C14 Tố Hữu nội thất cơ bản 4.6 tỷ,"4,6 tỷ",70 m²,"65,71 tr/m²",2,2,"Trung Văn, Nam Từ Liêm","20.990812, 105.78391"
40729135,08/03/2025,"Cập nhật căn hộ The Emerald bán tháng 3/2025 mình là cư dân sống ở đây căn E3.20.8, không chào ảo",Giá thỏa thuận,81 m²,N/A,2,2,"Mỹ Đình 1, Nam Từ Liêm","21.0221614837646, 105.771797180176"
41301233,08/03/2025,Hiếm ! Bán Căn 3PN2wc DT 122m2 Tây Hà Tố Hữu full nội thất 7.5 tỷ,"7,5 tỷ",122 m²,"61,48 tr/m²",3,2,"Trung Văn, Nam Từ Liêm","20.99628, 105.79325"
41301023,08/03/2025,Hiếm ! cần Bán Căn 3PN2WC - 108m2 - C14 Tố Hữu Full nội thất giá 6 tỷ,6 tỷ,108 m²,"55,56 tr/m²",3,2,"Trung Văn, Nam Từ Liêm","20.990812, 105.78391"
42370871,08/03/2025,"Chính chủ bán căn 2 phòng ngủ, full nội thất chung cư FLC 36 Phạm Hùng giá 4.5 tỷ. LH: 0977 986 ***","4,5 tỷ",56 m²,"80,36 tr/m²",2,1,"Mỹ Đình 2, Nam Từ Liêm","21.0281981313737, 105.779229620551"
42370839,08/03/2025,"BÁN CĂN HỘ 75M, 2PN, 2VS TẠI ECOLIFE CAPITOL  58 TỐ HỮU, SỔ ĐỎ CHÍNH CHỦ Lh 0962 797 ***","5,85 tỷ",75 m²,78 tr/m²,2,2,"Trung Văn, Nam Từ Liêm","20.9918620474593, 105.785084561592"
42359921,08/03/2025,"Giá thật 100%, cần bán nhanh căn 1PN + 48m2 tại SA3 Sakura Vinhomes, giá chỉ 3,2 tỷ. LH: 0393 331 ***","3,2 tỷ",48 m²,"66,67 tr/m²",1,N/A,"Tây Mỗ, Nam Từ Liêm","21.005130540691, 105.739129370012"
42370922,08/03/2025,Rẻ nhất vinhomes smartcity căn 3 ngủ 75m2 full đồ xịn giá 4.9 tỷ . LH 0949 891 ***,"4,9 tỷ",75 m²,"65,33 tr/m²",3,2,"Tây Mỗ, Nam Từ Liêm","21.003828500237, 105.749580018344"
42363182,08/03/2025,"Chính chủ chuyển đổi nơi ở cần bán căn hộ 2 ngủ tại Vinhomes Smart City giá cực rẻ, cần bán nhanh","3,1 tỷ",54 m²,"57,41 tr/m²",2,1,"Tây Mỗ, Nam Từ Liêm","21.009069634773578, 105.74398098512718"
42370766,08/03/2025,"Bán CH 3PN - 104m2, tòa C7 đường Nguyễn Cơ Thạch. Cam kết nhà đẹp như hình. Giá 5tỷ.LH 0866 052 ***",5 tỷ,104 m²,"48,08 tr/m²",3,2,"Cầu Diễn, Nam Từ Liêm","21.03436932405079, 105.76455019579245"
38573298,08/03/2025,Cực HOT: cần tiền bán nhanh Roman Plaza 78m2 2PN 2VS. Full NT đẹp giá cực tốt 5 tỷ BTP 0968 693 ***,5 tỷ,78 m²,"64,1 tr/m²",2,2,"Đại Mỗ, Nam Từ Liêm","20.9843406677246, 105.776809692383"
38523487,08/03/2025,"(Cực hiếm) GĐ mua biệt thự nên bán nhanh 103m2 Roman 3PN 3VS. Full NT, hướng mát 7,xtỷ: 0968 693 ***",7 tỷ,103 m²,"67,96 tr/m²",3,3,"Đại Mỗ, Nam Từ Liêm","20.9843406677246, 105.776809692383"
38551193,08/03/2025,"Siêu HOT: Bán nhanh 75m2 Ecolife Capitol 2PN 2VS. Full đồ, hướng mát giá 4,x tỉ BTP: 0968 693 ***","4,99 tỷ",75 m²,"66,53 tr/m²",2,2,"Trung Văn, Nam Từ Liêm","20.9945335388184, 105.789390563965"
36422992,08/03/2025,"Siêu phẩm penthouse 300m2 Bonanza đẹp nhất phố Duy Tân full đồ, hotline 0987 106 *** ngày 8/3/2025",Giá thỏa thuận,300 m²,N/A,5,4,"Mỹ Đình 2, Nam Từ Liêm","21.0306091308594, 105.781028747559"
36384896,08/03/2025,Bán Penthouse Iris Garden - Mỹ Đình 185m2 thiết kế Duplex (24-25) Sổ hồng lâu dài Call 0987 106 ***,Giá thỏa thuận,185 m²,N/A,4,3,"Cầu Diễn, Nam Từ Liêm","21.0311622619629, 105.760414123535"
42075794,08/03/2025,"Bán gấp căn hộ 182m2 Dolphin plaza - Trần Bình full nội thất gỗ thịt, sẵn sổ hồng LH 0987 106 ***",Giá thỏa thuận,186 m²,N/A,4,2,"Mỹ Đình 2, Nam Từ Liêm","21.0303107839483, 105.77684809619"
40911799,08/03/2025,"Chính chủ cần chuyển nhượng gấp căn 1PN + tại phân khu Imperia, 42.9m2, nguyên bản, giá chỉ 2.9 tỷ","2,9 tỷ","42,9 m²","67,6 tr/m²",2,1,"Tây Mỗ, Nam Từ Liêm","20.999277114868164, 105.73811340332031"
39094593,08/03/2025,"Chính chủ cần bán căn 70m2, 2PN - 2WC, tòa G2, Vinhomes Green Bay (DTTT: 63.4m2)",5 tỷ,70 m²,"71,43 tr/m²",2,2,"Mễ Trì, Nam Từ Liêm","20.9987451381076, 105.787199644488"
42331615,08/03/2025,"Bán gấp CC An Bình Plaza, Trần Bình, Mỹ Đình 2, Nam Từ Liêm, Hà Nội 5 tỷ, 83m2",5 tỷ,83 m²,"60,24 tr/m²",3,2,"Mỹ Đình 2, Nam Từ Liêm","21.031635939757173, 105.77685067585462"
42329229,08/03/2025,"Bán CC Ecolife Capitol, Tố Hữu, Nam Từ Liêm, 3,5 tỷ, 49m2, view đẹp","3,5 tỷ",49 m²,"71,43 tr/m²",1,1,"Trung Văn, Nam Từ Liêm","20.9943289280462, 105.78968586001642"
42285287,08/03/2025,"Bán CC tại The Garden Hills, 4 tỷ, 58m2, 2PN, 2WC, pháp lý đầy đủ",4 tỷ,58 m²,"68,97 tr/m²",2,2,"Mỹ Đình 2, Nam Từ Liêm","21.030225363797197, 105.77714101622172"
40907660,08/03/2025,"Chính chủ cần tiền gấp bán nhanh căn 3PN 74,9m2 giá 4,25 tỷ Vinhome Smart City. L/H: 0975 982 ***","4,25 tỷ","74,9 m²","56,74 tr/m²",3,2,"Tây Mỗ, Nam Từ Liêm","21.006216049194336, 105.7364730834961"
42190956,08/03/2025,"Bán cắt lỗ căn 2 ngủ 2 vệ sinh tòa Sakura 3,6 tỷ - KĐT Vinhomes Smart City","3,6 tỷ",55 m²,"65,46 tr/m²",2,2,"Tây Mỗ, Nam Từ Liêm","21.005244606766045, 105.73905152131361"
41944684,08/03/2025,Chính chủ cần bán căn hộ 2PN - 59m2 - 3.2 tỷ toà S KĐT Vinhomes Smart City,"3,2 tỷ",59 m²,"54,24 tr/m²",2,1,"Tây Mỗ, Nam Từ Liêm","21.0055310741901, 105.7367430692485"
41870205,08/03/2025,"Bán cắt lỗ căn 1N + 1 - 43m2 - 2,7 tỷ - KĐT Vinhomes Smart City","2,7 tỷ",43 m²,"62,79 tr/m²",1,1,"Tây Mỗ, Nam Từ Liêm","21.005901407960557, 105.73566630570215"
42259858,08/03/2025,Cắt lỗ 200 triệu bán gấp căn 2PN - 2WC 55m2 toà GS The Miami Vinhomes Smart City,"3,5 tỷ",55 m²,"63,64 tr/m²",2,2,"Tây Mỗ, Nam Từ Liêm","21.00631170651313, 105.74476850126915"
42368991,08/03/2025,"Bán CC ở Lumi Hanoi, 4,2 tỷ, 54m2, 2PN, 1WC, giá tốt","4,2 tỷ",54 m²,"77,78 tr/m²",2,1,"Tây Mỗ, Nam Từ Liêm","21.0113692729037, 105.736151075469"
42116645,08/03/2025,"Cần bán căn góc 3PN 96,2m2 thông thuỷ full nội thất ở ngay tầng 2x siêu đẹp Vinhomes West Point","8,5 tỷ","96,2 m²","88,36 tr/m²",3,2,"Mễ Trì, Nam Từ Liêm","21.011294933962205, 105.78681472126539"
42341617,08/03/2025,"Chính chủ cần bán gấp CH 1N1VS + 1, full nội thất, sẵn sổ giá 3,38 tỷ. LH 0975 982 ***","3,38 tỷ","41,9 m²","80,67 tr/m²",1,1,"Tây Mỗ, Nam Từ Liêm","21.006526170842104, 105.73722274884311"
39910815,08/03/2025,"Thu hồi vốn! Bán căn Studio giá 1,95 tỷ full nội thất. Cần bán gấp giá thấp hơn thị trường","1,95 tỷ","28,4 m²","68,66 tr/m²",1,1,"Tây Mỗ, Nam Từ Liêm","20.9992771148682, 105.73811340332"
40991420,08/03/2025,Bán gấp căn hộ 3PN 2VS diện tích 76m2 tòa I3 Vinhomes Smart City,"4,75 tỷ",76 m²,"62,5 tr/m²",3,2,"Tây Mỗ, Nam Từ Liêm","20.9992771148682, 105.73811340332"
42360264,08/03/2025,"Bán căn hộ 2 phòng ngủ toà VOV, Tố Hữu, Nam Từ Liêm, DT 70m2, BC Đông Nam, sẵn sổ đỏ. Giá 3,75 tỷ","3,75 tỷ",70 m²,"53,57 tr/m²",2,N/A,"Mễ Trì, Nam Từ Liêm","20.9959258705417, 105.78492183025999"
42359892,08/03/2025,"Bán căn hộ 2 phòng ngủ, lô góc, sẵn slot ô tô, toà Ecolife Capipal, 58 Tố Hữu. Giá nhỉnh 5 tỷ",Giá thỏa thuận,76 m²,N/A,2,2,"Trung Văn, Nam Từ Liêm","20.993953368276376, 105.78878982721648"
40991614,08/03/2025,"Chính chủ bán gấp căn 2 + 1 tòa GS3 diện tích 63m2, Vinhomes Smart City","3,75 tỷ",63 m²,"59,52 tr/m²",2,2,"Tây Mỗ, Nam Từ Liêm","21.006574630737305, 105.74504852294922"
40676603,08/03/2025,Chính chủ bán nhanh căn hộ chung cư Ecolife Capital căn 3pn - DT 111m2 - giá 5.8 tỷ - LH 0988 246 ***,"5,88 tỷ",111 m²,"52,97 tr/m²",3,2,"Trung Văn, Nam Từ Liêm","20.9945335388184, 105.789390563965"
42370552,08/03/2025,"Tôi chính chủ muốn bán CC 2N S2, 55m2, giá 3.15 tỷ, full nội thất thiết kế, sẵn sổ, Căn 1819","3,15 tỷ",55 m²,"57,27 tr/m²",2,1,"Tây Mỗ, Nam Từ Liêm","21.006194200720667, 105.73651867036067"
39443540,08/03/2025,Bán cắt lỗ căn hộ 1PN + 1 42.9m2 giá 2.6tỷ hỗ trợ phí sang tên tại Vinhomes Smart City,"2,6 tỷ","42,9 m²","60,61 tr/m²",1,1,"Tây Mỗ, Nam Từ Liêm","21.006216049194336, 105.7364730834961"
42137548,08/03/2025,"Tôi chính chủ cần bán căn hộ 2 ngủ 2WC + 1 toà S202 giá 3.9 tỷ diện tích 70,5m2 Vinhomes Smart City","3,9 tỷ","70,5 m²","55,32 tr/m²",2,2,"Tây Mỗ, Nam Từ Liêm","21.006762073430497, 105.73651123546291"
41657847,08/03/2025,"Chính chủ bán căn 1N + tòa GS2, DT 42,8m, 2.6 tỷ bao phí, tầng đẹp view đẹp, NT full, BC hướng ĐN.","2,6 tỷ","42,8 m²","60,75 tr/m²",1,1,"Tây Mỗ, Nam Từ Liêm","21.006574630737305, 105.74504852294922"
40851751,08/03/2025,"Chính chủ bán căn 3PN - 81.8m2, 4.4 tỷ, nhà đủ nội thất (chính chủ) cc cao cấp Vinhomes Smart City","4,4 tỷ","81,8 m²","53,79 tr/m²",3,2,"Tây Mỗ, Nam Từ Liêm","21.0065746307373, 105.745048522949"
38257810,08/03/2025,"Chính chủ bán gấp căn hộ 72m2 - 2PN tại dự án Mỹ Đình Pearl giá: 5,7 tỷ, LH: 0962 673 ***","5,7 tỷ",72 m²,"79,17 tr/m²",2,2,"Phú Đô, Nam Từ Liêm","21.0124320983887, 105.767395019531"
38832524,08/03/2025,Tôi chính chủ cần bán căn hộ 2 ngủ 2WC + 1 toà S205 giá 3.3 tỷ diện tích 69.2m2 Vinhomes Smart City,"3,3 tỷ","69,2 m²","47,69 tr/m²",2,2,"Tây Mỗ, Nam Từ Liêm","21.006722671353188, 105.73637008467763"
42370624,08/03/2025,"Chính chủ bán CC MHDI Bộ Quốc Phòng - 89 Lê Đức Thọ. DT 105m 2 PN. Đầy đủ nội thất. Giá thật 6,4 tỷ","6,4 tỷ",105 m²,"60,95 tr/m²",3,2,"Mỹ Đình 2, Nam Từ Liêm","21.029175767921707, 105.7693556688073"
42340958,08/03/2025,"Chính chủ cần chuyển đổi căn rộng hơn nên bán gấp căn 2PN1VS giá 3,62 tỷ full nội thất mơi cao cấp","3,62 tỷ","55,2 m²","65,58 tr/m²",2,1,"Tây Mỗ, Nam Từ Liêm","20.99942610262468, 105.73775770654456"
42363098,08/03/2025,"GẤP nhà như ảnh - Căn hộ 62m2, 2N2VS, chủ cực thiện chí bán. Click nhận TT!",Giá thỏa thuận,62 m²,N/A,2,2,"Mỹ Đình 1, Nam Từ Liêm","21.021945292835156, 105.77145496073784"
40263985,08/03/2025,"Chính chủ cần bán gấp căn 2 PN+, DT 62.29m2, Masteri West Heights Tây Mỗ, 4.6 tỷ","4,6 tỷ","62,29 m²","73,85 tr/m²",2,2,"Tây Mỗ, Nam Từ Liêm","21.0062065124512, 105.737075805664"
41672929,08/03/2025,"Chính chủ cần bán căn studio tòa S105, DT 28,0m2 hướng ĐN, NT full đẹp. Giá 1,8 tỷ nét","1,8 tỷ",28 m²,"64,29 tr/m²",N/A,1,"Tây Mỗ, Nam Từ Liêm","21.0062160491943, 105.736473083496"
42362517,08/03/2025,"Chính chủ bán căn 3PN Solar Park đóng tiến độ giãn tới 2026, view thoáng miễn phí bể bơi gym, để xe","5,23 tỷ",76 m²,"68,84 tr/m²",3,2,"Tây Mỗ, Nam Từ Liêm","21.009394252131223, 105.74402946056489"
40262811,08/03/2025,"Chính chủ cần bán căn 1PN + 47m2 toà B, full nội thất. Giá 2,7 tỷ bao toàn bộ thuế phí","2,7 tỷ",47 m²,"57,45 tr/m²",1,1,"Tây Mỗ, Nam Từ Liêm","21.0062065124512, 105.737075805664"
41528370,08/03/2025,Chính chủ gửi bán CH 2N 2WC - Tòa G3 HDMB 50 năm - Vinhomes Green Bay Mễ Trì - 0974 046 ***,"3,5 tỷ","53,3 m²","65,67 tr/m²",2,2,"Mễ Trì, Nam Từ Liêm","20.998940173295527, 105.78794246227353"
42014354,08/03/2025,"Siêu phẩm căn hộ 120m2 chung cư Lê Đức Thọ - Mỹ Đình giá nhỉnh hơn 5 tỷ, Full nội thất","5,88 tỷ","120,1 m²",49 tr/m²,3,2,"Mỹ Đình 2, Nam Từ Liêm","21.0308717374709, 105.76950333269"
38912551,08/03/2025,Chính chủ bán CH FLC Landmark Lê Đức Thọ 153m2 - 4PN - full NT đẹp - nhỉnh 5.9tỷ - SĐCC: O971085383,"5,9 tỷ",153 m²,"38,56 tr/m²",4,3,"Mỹ Đình 2, Nam Từ Liêm","21.0340766906738, 105.770355224609"
41617528,08/03/2025,"Chính chủ bán CH FLC Landmark Lê Đức Thọ DT 159m2 4PN 3WC full NT đẹp SĐCC giá 5,5 tỷ: 0971 085 ***","5,5 tỷ",159 m²,"34,59 tr/m²",4,3,"Mỹ Đình 2, Nam Từ Liêm","21.0340766906738, 105.770355224609"
40729300,08/03/2025,"Chính chủ bán CH FLC Complex 36 Phạm Hùng DT 94m2 3PN full NT đẹp SĐCC, giá 6 tỷ: 0906 217 ***",6 tỷ,94 m²,"63,83 tr/m²",3,2,"Mỹ Đình 2, Nam Từ Liêm","21.028190612793, 105.779197692871"
41674059,08/03/2025,"Chính chủ bán CC Dolphin Plaza - 28 Trần Bình. DT 143m 3 ngủ. Đầy đủ nội thất đẹp. Giá thật 7,45 tỷ","7,45 tỷ",143 m²,"52,1 tr/m²",3,2,"Mỹ Đình 2, Nam Từ Liêm","21.030045, 105.77663"
40749821,08/03/2025,"Chính chủ bán CC An Bình Plaza - 97 Trần Bình. DT 100m2 - 3 ngủ. Đầy đủ nội thất. Giá thật 5,9 tỷ","5,9 tỷ",100 m²,59 tr/m²,3,2,"Mỹ Đình 2, Nam Từ Liêm","21.030908584594727, 105.77718353271484"
41274987,08/03/2025,"CHÍNH CHỦ BÁN CC ECOLIFE 58 TỐ HỮU, NAM TỪ LIÊM. DT 111M - 3 NGỦ. ĐẦY ĐỦ NỘI THẤT. GIÁ THẬT 6,4 TỶ","6,4 tỷ",111 m²,"57,66 tr/m²",3,2,"Trung Văn, Nam Từ Liêm","20.9919599769369, 105.785002507735"
42156653,08/03/2025,"Chính chủ cần bán căn góc 2PN - 55,2m2 - 3.4 tỷ toà Imperia KĐT Vinhomes Smart City","3,4 tỷ","55,2 m²","61,59 tr/m²",2,1,"Tây Mỗ, Nam Từ Liêm","20.999517097844485, 105.73894298284299"
40661015,08/03/2025,"Chính chủ bán Golden Palace Mễ Trì - Nam Từ Liêm. 128m2-3PN. Đầy đủ nội thất đẹp. Giá thật 6,85 tỷ","6,85 tỷ",128 m²,"53,52 tr/m²",3,2,"Mễ Trì, Nam Từ Liêm","21.0119361877441, 105.774993896484"
36206143,08/03/2025,"Chính chủ bán gấp căn hộ 2 ngủ 60m2 sổ đỏ, full nội thất đẹp 4.x tỷ The Garden Hill 99 Trần Bình","4,3 tỷ",60 m²,"71,67 tr/m²",2,2,"Mỹ Đình 2, Nam Từ Liêm","21.0304050445557, 105.777030944824"
41274787,08/03/2025,"Chính chủ bán căn 2PN - 80m2. CC Ecolife 58 Tố Hữu - Nam Từ Liêm. Đầy đủ nội thất. Giá thật 4,8 tỷ","4,8 tỷ",80 m²,60 tr/m²,2,2,"Trung Văn, Nam Từ Liêm","20.9922513692468, 105.784985542187"
40751267,08/03/2025,"Chính chủ bán gấp căn 3 ngủ, DT 115m2 tại C14 Bộ Công An - Tố Hữu. Đầy đủ nội thất. Giá thật 5,3 tỷ","5,3 tỷ",115 m²,"46,09 tr/m²",3,2,"Trung Văn, Nam Từ Liêm","20.990812301635742, 105.7839126586914"
40206927,08/03/2025,"Chính chủ cần bán căn 2PN tại C14 Bắc Hà, Tố Hữu, quận Nam Từ Liêm giá 4.5 tỷ, sẵn sổ, có nội thất","4,5 tỷ",70 m²,"64,29 tr/m²",2,2,"Trung Văn, Nam Từ Liêm","20.9908123016357, 105.783912658691"
40094160,08/03/2025,"Chính chủ bán Roman Plaza Tố Hữu - Nam Từ Liêm. DT 74m - 2 ngủ. Đầy đủ nội thất đẹp. Giá thật 4,5tỷ","4,5 tỷ",74 m²,"60,81 tr/m²",2,2,"Đại Mỗ, Nam Từ Liêm","20.9843406677246, 105.776809692383"
41537851,08/03/2025,"Tôi cần bán căn 2 ngủ - 83m2 CC Roman Plaza Tố Hữu - Nam Từ Liêm. Đầy đủ nội thất. Giá thật 4,8 tỷ","4,8 tỷ",83 m²,"57,83 tr/m²",2,2,"Đại Mỗ, Nam Từ Liêm","20.9843406677246, 105.776809692383"
42147263,08/03/2025,Chính chủ tôi cần bán căn hộ tầng 22 tòa CT1 Mỹ Đình Sông Đà - 3PN full nội thất,"6,99 tỷ",115 m²,"60,78 tr/m²",3,2,"Mỹ Đình 1, Nam Từ Liêm","21.017571101721494, 105.7802912856814"
42305822,08/03/2025,"Cần bán CHCC 2PN, full đồ tại dự án HD Mon City, giá chỉ từ 4 tỷ 8. LH 0397 942 *** (em Hiếu)","4,9 tỷ",67 m²,"73,13 tr/m²",2,2,"Mỹ Đình 2, Nam Từ Liêm","21.03504758114389, 105.7673430845022"
39926144,08/03/2025,"Chính chủ bán gấp FLC 36 Phạm Hùng - Mỹ Đình. DT 75m2 - 2 ngủ. Đầy đủ nội thất đẹp. Giá thật 4,4 tỷ","4,4 tỷ",75 m²,"58,67 tr/m²",2,2,"Mỹ Đình 2, Nam Từ Liêm","21.028190612793, 105.779197692871"
42316641,08/03/2025,"Bán CHCC, 3PN, diện tích 135m2 tại dự án Iris Garden, full đồ, giá chỉ từ 7tỷ8. Lh 0397 942 ***","7,8 tỷ",135 m²,"57,78 tr/m²",3,2,"Cầu Diễn, Nam Từ Liêm","21.031643518452512, 105.76118539940944"
42316618,08/03/2025,"Bán CHCC Hoàng Thành Pearl, 2PN, 80m2, đồ cơ bản giá chỉ từ 6 tỷ. Lh 0397 942 *** (em Hiếu)",6 tỷ,80 m²,75 tr/m²,2,2,"Cầu Diễn, Nam Từ Liêm","21.04071279631937, 105.7616623127226"
42316596,08/03/2025,"Bán CHCC Vinhomes Gardenia, 2PN, diện tích 74m2, giá chỉ từ 6 tỷ, full đồ. LH 0397 942 ***",6 tỷ,74 m²,"81,08 tr/m²",2,2,"Cầu Diễn, Nam Từ Liêm","21.036885175307155, 105.75977703620028"
42305534,08/03/2025,"Cần bán CHCC 2PN, cơ bản tại dự án Florence giá chỉ từ 5 tỷ 9. Lh 0397 942 *** (em Hiếu)","5,9 tỷ","77,5 m²","76,13 tr/m²",2,2,"Cầu Diễn, Nam Từ Liêm","21.030852253387117, 105.76123726779265"
42326519,08/03/2025,"Chính chủ bán căn 2 ngủ dt 70m2 tại FLC 36 Phạm Hùng, sẵn sổ full nội thất giá 4.9 tỷ thương lượng","4,9 tỷ",70 m²,70 tr/m²,2,2,"Mỹ Đình 2, Nam Từ Liêm","21.0281961706653, 105.77922155776936"
41774543,08/03/2025,Cần tiền gấp thanh khoản nhanh căn đầu tư DT 63.7m2 tại Masteri Vinhomes Smart City,"3,99 tỷ","63,7 m²","62,64 tr/m²",2,2,"Tây Mỗ, Nam Từ Liêm","21.0056191973742, 105.736722048057"
41358159,08/03/2025,"Em bán gấp căn 3 ngủ rộng tại Roman Plaza, 7 tỷ, 113m2 Full nội thất, có slot ô tô, sổ đỏ cất két",7 tỷ,112 m²,"62,5 tr/m²",3,2,"Đại Mỗ, Nam Từ Liêm","20.984340667724609, 105.77680969238281"
40017601,08/03/2025,"Chính chủ bán cắt lỗ căn 1N 45.7m2, 73tr/m2 phân khu The Tonkin, giá bán nhanh, có thương lượng","3,34 tỷ","45,7 m²",73 tr/m²,1,1,"Tây Mỗ, Nam Từ Liêm","21.0052261352539, 105.738914489746"
42166992,08/03/2025,"Cần bán gấp căn hộ 2PN - Imperia Vinhomes Smartcity, gần nhà để xe, giá 3,9 tỷ bao phí","3,9 tỷ","55,1 m²","70,78 tr/m²",2,1,"Tây Mỗ, Nam Từ Liêm","20.999345951871415, 105.73851611498743"
42198926,08/03/2025,"Chính chủ bán căn studio tòa G3 Vinhomes Green Bay Mễ Trì - Giá 1,75 tỷ view siêu đẹp - 0974 121 ***","1,75 tỷ","28,2 m²","62,06 tr/m²",1,1,"Mễ Trì, Nam Từ Liêm","20.9989930536553, 105.787935828446"
40746255,08/03/2025,"Gia đình cần chuyển nhượng gấp căn hộ 2PN + tại toà Tonkin, DT 70.7m2, full đồ, giá 5.05 tỷ","5,05 tỷ","70,7 m²","71,43 tr/m²",2,2,"Tây Mỗ, Nam Từ Liêm","21.005226135253906, 105.7389144897461"
41082966,08/03/2025,"Chính chủ bán căn 2N, 2VS 3,35 tỉ tòa SA3, Vinhomes Smart City","3,35 tỷ",54 m²,"62,04 tr/m²",2,2,"Tây Mỗ, Nam Từ Liêm","21.005226135253906, 105.7389144897461"
40851842,08/03/2025,Studio tòa TK2 29.1m2 - Tonkin - Vinhomes Smart City (DT TT 25m2) - chính chủ bán cắt lỗ,"2,01 tỷ","29,1 m²","69,07 tr/m²",1,1,"Tây Mỗ, Nam Từ Liêm","21.0052261352539, 105.738914489746"
42165247,08/03/2025,"Chính chủ cần bán gấp căn 3PN - DT 80,1m2, tòa B Vinhomes Marteri West Heights Tây Mỗ, 5,8 tỷ","5,8 tỷ","80,1 m²","72,41 tr/m²",3,2,"Tây Mỗ, Nam Từ Liêm","21.00627990357378, 105.73705077054792"
39888298,08/03/2025,"Bán căn 3PN tòa I1 81m2 (TT 74.5m2), 4,9 tỷ, nhà đủ nội thất (chính chủ) Imperia Smart City","4,9 tỷ",81 m²,"60,49 tr/m²",3,2,"Tây Mỗ, Nam Từ Liêm","20.9992771148682, 105.73811340332"
42332637,08/03/2025,"Chính chủ bán cắt lỗ căn 2N 2VS 54 m2 - 3,95 tỷ phân khu cao cấp Masteri Homes","3,95 tỷ",54 m²,"73,15 tr/m²",2,2,"Tây Mỗ, Nam Từ Liêm","21.005978696001666, 105.73779159948752"
41476776,08/03/2025,"Em chính chủ bán căn 3N SA2, 81,7m2 tầng 8, 60tr/m2, có slot ôtô hỗ trợ khách mua vay NH","4,9 tỷ","81,7 m²",60 tr/m²,3,N/A,"Tây Mỗ, Nam Từ Liêm","21.005879461665863, 105.73927765135045"
39671966,08/03/2025,"Chính chủ cần bán gấp căn 2 PN +, DT 62.29m2, toà D Masteri West Heights Tây Mỗ, 4.9 tỷ","4,9 tỷ","62,29 m²","78,66 tr/m²",2,2,"Tây Mỗ, Nam Từ Liêm","21.0062065124512, 105.737075805664"
40713085,08/03/2025,"Chính chủ cần bán căn 1PN + 1, Dt: 43m2 tầng trung, view Panorama tòa SA3 - giá để rẻ chỉ 2,69 tỷ","2,69 tỷ",43 m²,"62,56 tr/m²",1,1,"Tây Mỗ, Nam Từ Liêm","21.00469769241692, 105.73879813093156"
41602028,08/03/2025,"Cần bán gấp căn hộ 2N2VS cao cấp tòa TK2 tầng cao, diện tích 61,4 m2, Vinhomes Smart City","4,25 tỷ","61,4 m²","69,22 tr/m²",2,2,"Tây Mỗ, Nam Từ Liêm","21.005314247211366, 105.73958469972386"
40909175,08/03/2025,"Chính chủ bán căn 1 PN + diện tích 42,8m2 để đổi căn to hơn giá 2,85 tỷ tốt nhất. LH: 0975 982 ***","2,85 tỷ","42,8 m²","66,59 tr/m²",1,1,"Tây Mỗ, Nam Từ Liêm","21.0065746307373, 105.745048522949"
42166737,08/03/2025,"Cần bán 2N1WC 55.1m2, 2.9 tỷ, tầng trung, sẵn sổ, thiện chí có thương lượng thêm","2,9 tỷ","55,1 m²","52,63 tr/m²",N/A,N/A,"Tây Mỗ, Nam Từ Liêm","21.006735032991678, 105.73713824421375"
42211766,08/03/2025,"Nhượng gấp căn 2PN 2VS - tòa G1, sổ lâu dài - GreenBay Mễ Trì, giá: 4,8 tỷ - View đẹp - 0974 121 ***","4,8 tỷ","62,1 m²","77,3 tr/m²",2,2,"Mễ Trì, Nam Từ Liêm","20.9990222428208, 105.787988202623"
42185502,08/03/2025,"Tôi chính chủ bán căn hộ 3 ngủ 140m2 FLC 36 Phạm Hùng, full nội thất nhà mới đẹp, BC ĐN, giá 8 tỷ",8 tỷ,140 m²,"57,14 tr/m²",3,2,"Mỹ Đình 2, Nam Từ Liêm","21.0281849180204, 105.779133332107"
41553611,08/03/2025,"Tôi chính chủ bán căn 3 ngủ 110m2 Ecolife Capitol Tố Hữu, sẵn sổ đủ đồ đẹp, giá thiện chí 6 tỷ",6 tỷ,110 m²,"54,54 tr/m²",3,2,"Trung Văn, Nam Từ Liêm","20.9945335388184, 105.789390563965"
42265176,08/03/2025,"Chính chủ bán CH: 3N - 2VS 110m2. Giá bán 4,8 tỷ tại C14 - Bắc Hà, Tố Hữu, đủ đồ, 1 slot ô tô","4,8 tỷ",110 m²,"43,64 tr/m²",3,2,"Trung Văn, Nam Từ Liêm","20.990914608823, 105.784359335157"
41525217,08/03/2025,Chính chủ gửi bán CH 2N - 2WC toà G1 Vinhomes Green Bay 0967 913 ***,"5,5 tỷ","69,23 m²","79,44 tr/m²",2,2,"Mễ Trì, Nam Từ Liêm","20.9989585876465, 105.788032531738"
42363254,08/03/2025,"Bán gấp CHCC 121m2 3PN đồ cơ bản,căn góc đẹp tại Golden Palace - Mễ Trì giá nhỉnh 7 tỷ 0971 759 ***",7 tỷ,121 m²,"57,85 tr/m²",3,2,"Mễ Trì, Nam Từ Liêm","21.012776910434603, 105.77525396765868"
39425233,08/03/2025,"Thủ tục nhanh gọn chính chủ bán gấp căn hộ 2N2WC tại The Tonkin giá tốt 3,9 tỷ full đồ","3,9 tỷ","64,5 m²","60,46 tr/m²",2,2,"Tây Mỗ, Nam Từ Liêm","21.0052261352539, 105.738914489746"
42099040,08/03/2025,Chính chủ bán gấp giá gốc 1.1 tỷ: Căn studio view hồ Vinhomes Green Bay Mễ Trì,Giá thỏa thuận,29 m²,N/A,1,1,"Mễ Trì, Nam Từ Liêm","20.9989585876465, 105.788032531738"
42362556,08/03/2025,"Cần bán căn hộ Ecolife Capitol, 76m2 - 2PN 2WC, căn góc. Sẵn sổ. Giá 5 tỷ. LH 0355 075 ***",5 tỷ,76 m²,"65,79 tr/m²",2,2,"Trung Văn, Nam Từ Liêm","20.994062578410656, 105.78924484913732"
42369492,08/03/2025,"Hàng Hiếm CHDT 2tỷ3/Năm,1 Cửa Hàng,26PKk, Oto Qua,Thang Máy,PCCC,3 Thoáng,Nội Thất Nhập,Giá Đầu Tư",29 tỷ,105 m²,"276,19 tr/m²",26,27,"Mỹ Đình 2, Nam Từ Liêm","21.0226046357524, 105.779191271536"
42112588,08/03/2025,Tôi chính chủ cần bán căn Studio 28m2 - 1.95 tỷ - đang cho thuê 8.5tr/tháng toà Imperia Smart City,"1,95 tỷ",28 m²,"69,64 tr/m²",1,1,"Tây Mỗ, Nam Từ Liêm","21.000028538102466, 105.73777017450968"
40934797,08/03/2025,Chính chủ bán Studio - 30.06m2 - 1.2 tỷ - Vinhomes Green Bay Mễ Trì,"1,2 tỷ","30,06 m²","39,92 tr/m²",1,1,"Mễ Trì, Nam Từ Liêm","20.9989339731345, 105.78769166642701"
40822048,08/03/2025,"Chính chủ cần bán gấp căn hộ 1PN + 1, DT: 42,8m2, tầng cao view đẹp tại Vinsmart City - chỉ 2,55 tỷ","2,55 tỷ","42,8 m²","59,58 tr/m²",1,1,"Tây Mỗ, Nam Từ Liêm","21.005633484857515, 105.73600160401423"
42356285,08/03/2025,"Chính chủ chốt bán 2PN tại Green Bay giá 5.1 tỷ full đồ, sổ đỏ sẵn sàng. LH: 0364 079 ***","5,1 tỷ",57 m²,"89,47 tr/m²",2,2,"Mễ Trì, Nam Từ Liêm","20.99837153884031, 105.78843800249513"
42356253,08/03/2025,FLC 36 Phạm Hùng bán 2Pn-4.3 tỷ / 3PN từ 7.4 đến 9.5 tỷ. LH ngay: 0364 079 *** nhắn zalo em,"4,3 tỷ",60 m²,"71,67 tr/m²",2,1,"Mỹ Đình 2, Nam Từ Liêm","21.028553569502, 105.77972468124479"
42137928,08/03/2025,"Em chính chủ bán 1N + 42.8m2 GS, giá 60tr/m2, full nội thất, thiện chí có thương lượng","2,57 tỷ","42,8 m²",60 tr/m²,1,N/A,"Tây Mỗ, Nam Từ Liêm","21.006590769278084, 105.74491383211958"
41528726,08/03/2025,"Cắt lỗ bán gấp căn 2PN 2VS tòa G3 - Giá 3,6 tỷ - View đẹp - 0974 121 ***","3,6 tỷ","53,3 m²","67,54 tr/m²",2,2,"Mễ Trì, Nam Từ Liêm","20.9989585876465, 105.788032531738"
41538424,08/03/2025,"Cần tiền tôi muốn bán gấp căn hộ 1 +, diện tích 47.6m2, Imperia Vinhomes Smart City","3,15 tỷ","47,6 m²","66,18 tr/m²",1,1,"Tây Mỗ, Nam Từ Liêm","20.999576363856786, 105.73803409085801"
42360110,08/03/2025,"Gia đình bà chị em chuyển công tác cần bán gấp căn 62m2 tòa TC2 giá hạt dẻ 4,38 tỷ thu về","4,38 tỷ",62 m²,"70,64 tr/m²",2,2,"Tây Mỗ, Nam Từ Liêm","21.00110555686279, 105.73820938950581"
41920188,08/03/2025,"Bán căn 3pn, 108,4m2 tại chung cư C14 Bắc Hà, P. Trung Văn, sổ đỏ, full nội thất","6,2 tỷ","108,4 m²","57,2 tr/m²",3,2,"Trung Văn, Nam Từ Liêm","20.990710524171888, 105.78392809537398"
41496537,08/03/2025,"Chính chủ bán gấp trong tuần CH 3PN - 2WC, DT 87,87m2, tòa G2 CC Vinhomes Green Bay, giá 6 tỷ 8","6,8 tỷ","87,87 m²","77,39 tr/m²",3,2,"Mễ Trì, Nam Từ Liêm","20.998958587646484, 105.78803253173828"
39631709,08/03/2025,Tôi cần vốn đầu tư bán gấp cắt lỗ căn hộ 2N 54.3m2 giá 3 tỷ bao phí tòa S2.02 Vinhomes Smart City,3 tỷ,"54,3 m²","55,25 tr/m²",2,1,"Tây Mỗ, Nam Từ Liêm","21.0062160491943, 105.736473083496"
42347652,08/03/2025,"Bán CC tại C14 Bộ Công An, Tố Hữu, Nam Từ Liêm, 107,3m2 (3N + 2VS) căn góc siêu đẹp full nội thất","5,69 tỷ","107,3 m²",53 tr/m²,3,2,"Trung Văn, Nam Từ Liêm","20.991622784227303, 105.78369960444988"
42347936,08/03/2025,"Siêu hot căn hộ 103.1m2 (3N+2VS) tại Roman Plaza, Tố Hữu, Đại Mỗ, Nam Từ Liêm căn góc cực đẹp","7,22 tỷ","103,1 m²",70 tr/m²,3,2,"Đại Mỗ, Nam Từ Liêm","20.9840615427311, 105.776758438603"
42336050,08/03/2025,"Bán căn hộ Ecolife Capitol 75m2 (2PN, 2WC) căn góc siêu hot, sẵn sổ gd, full nội thất, có slot ô tô","4,88 tỷ",75 m²,65 tr/m²,2,2,"Trung Văn, Nam Từ Liêm","20.994238574637535, 105.78971638654882"
42347504,08/03/2025,"Bán CC giá ưu đãi tại C14 - Bộ Công An, Tố Hữu 70m2 (2PN + 2VS) full nội thất cực hot","4,4 tỷ",70 m²,"62,86 tr/m²",2,2,"Trung Văn, Nam Từ Liêm","20.990624595704542, 105.78330252641572"
42347761,08/03/2025,"Bán CC C14 - Bộ Công An, Tố Hữu, Trung Văn, Nam Từ Liêm 91m2 (3N + 2VS) tầng cao ful nội thất","5,28 tỷ",91 m²,58 tr/m²,3,2,"Trung Văn, Nam Từ Liêm","20.990630273676217, 105.7833283006324"
42347852,08/03/2025,"Bán CC C14 Bộ Công An, Tố Hữu, Nam Từ Liêm 105m2 (3N + 2VS) tầng cao căn góc siêu đẹp full nội thất","5,88 tỷ",105 m²,56 tr/m²,3,2,"Trung Văn, Nam Từ Liêm","20.990968466153753, 105.7838760756173"
42357638,08/03/2025,"Bán CH Roman Plaza, Tố Hữu, Đại Mỗ, Nam Từ Liêm, 78.7m2 (2N + 2VS) full nội thất siêu đẹp","5,35 tỷ","78,7 m²",68 tr/m²,2,2,"Đại Mỗ, Nam Từ Liêm","20.984298149471336, 105.77662172671421"
42357710,08/03/2025,"Bán CC Roman Plaza Tố Hữu 77.6m2, 2PN, 2WC, view đẹp full nội thất","5,35 tỷ","77,6 m²",69 tr/m²,2,2,"Đại Mỗ, Nam Từ Liêm","20.984336433321044, 105.77595199739841"
42357757,08/03/2025,"Bán CC Roman Plaza, Tố Hữu, Đại Mỗ, Nam Từ Liêm, HN giá 68 triệu/m2, 76.1m2","5,18 tỷ","76,1 m²",68 tr/m²,2,2,"Đại Mỗ, Nam Từ Liêm","20.984124509047504, 105.77640982880038"
42369596,08/03/2025,"Bán CC mini 9PN, 5WC, 34m2, Thiên Hiền, Mỹ Đình 1, Nam Từ Liêm, Hà Nội, giá cực chất chỉ với 7,3 tỷ","7,3 tỷ",34 m²,"214,71 tr/m²",9,5,"Mỹ Đình 1, Nam Từ Liêm","21.0221766685187, 105.776575201006"
40733125,08/03/2025,"Bán gấp cắt lỗ căn 2N + 1, DT: 63,4m2 full nội thất, tầng view cực đẹp - tại Smart City chỉ 3,55 tỷ","3,55 tỷ","63,4 m²","55,99 tr/m²",2,2,"Tây Mỗ, Nam Từ Liêm","21.005748588120888, 105.73686068930265"
42317950,08/03/2025,"Chính chủ cần bán gấp CH Studio khu Sakura Vinhomes Smart City, full đồ, sổ đỏ, DT: 36m2 giá 1,9 tỷ","1,9 tỷ",36 m²,"52,78 tr/m²",1,1,"Tây Mỗ, Nam Từ Liêm","21.00509266635657, 105.73913526476696"
42369516,08/03/2025,"Gia đình bán căn góc 3 ngủ 3wc 110m2, tầng đẹp, đủ nội thất, sổ đỏ. Giá 7 tỷ Roman Plaza",7 tỷ,110 m²,"63,64 tr/m²",3,3,"Đại Mỗ, Nam Từ Liêm","20.98434066772461, 105.77680969238281"
42317842,08/03/2025,(Tin thật 100%) Căn hộ 89m2 x 2PN có lốt ô tô tại The Matrix One - Ban công Đông Bắc - Tầng cao đẹp,"8,8 tỷ",89 m²,"98,88 tr/m²",2,2,"Mễ Trì, Nam Từ Liêm","21.01013570465887, 105.77344398364896"
41641641,08/03/2025,"Chính chủ cần bán gấp căn studio toà Imperia Tây Mỗ, giá chỉ 2 tỷ Vinhomes Smartcity",2 tỷ,"28,4 m²","70,42 tr/m²",1,1,"Tây Mỗ, Nam Từ Liêm","20.999172468290354, 105.73771671418577"
41526862,08/03/2025,Chính chủ cần bán cắt lỗ căn 2PN 1VS căn hộ Tòa G3 tại Vinhomes Green Bay - 0974 046 ***,"3,1 tỷ","55,25 m²","56,11 tr/m²",2,1,"Mễ Trì, Nam Từ Liêm","20.998958587646484, 105.78803253173828"
41183908,08/03/2025,"Bán căn 4 p.ngủ 200m hướng mát, full NT cao cấp, 2 slot ôtô tại Dolphin Plaza Nguyễn Hoàng 12 tỷ",15 tỷ,267 m²,"56,18 tr/m²",4,3,"Mỹ Đình 2, Nam Từ Liêm","21.0309626590896, 105.776547939145"
40564066,08/03/2025,"Bán căn 3 phòng ngủ 118m2 tầng trung, full NT đẹp, sổ đỏ + slot ô tô tại Golden Palace Mễ Trì","7,25 tỷ",122 m²,"59,43 tr/m²",3,2,"Mễ Trì, Nam Từ Liêm","21.0119361877441, 105.774993896484"
40995891,08/03/2025,"Bán căn 2 phòng ngủ 73m2 view công viên Matrix One, full NT, sổ đỏ + slot oto tại Mỹ Đình Pearl","6,45 tỷ",73 m²,"88,36 tr/m²",2,2,"Phú Đô, Nam Từ Liêm","21.0124320983887, 105.767395019531"
42369408,08/03/2025,"Chính Chủ Bán CHDT,Ngõ nông,Thang Máy,PCCC,DT 1Tỷ/Năm,Vị Trí Đẹp, Sổ Vuông,Giá Đầu Tư","14,6 tỷ",70 m²,"208,57 tr/m²",16,17,"Mỹ Đình 2, Nam Từ Liêm","21.0229795019451, 105.77922402907"
41257033,08/03/2025,"Chính chủ cần bán gấp căn 2PN 2VS 72m2 Vinhomes Green Bay Mễ Trì, 3,8 tỷ, có sổ lâu dài, full đồ","3,8 tỷ",75 m²,"50,67 tr/m²",2,2,"Mễ Trì, Nam Từ Liêm","20.9989585876465, 105.788032531738"
41091810,08/03/2025,"Bán gấp căn hộ 3N 2VS tòa Tonkin 1, diện tích 82m2, Vinhomes Smart City","5,55 tỷ",82 m²,"67,68 tr/m²",3,2,"Tây Mỗ, Nam Từ Liêm","21.005370548496447, 105.73867691885064"
40964761,08/03/2025,"Chính chủ cần bán gấp căn hộ studio 27m2 dự án Vinhomes Greenbay giá 1,2 tỷ đồng, full nội thất","1,2 tỷ",27 m²,"44,44 tr/m²",1,1,"Mễ Trì, Nam Từ Liêm","20.9989585876465, 105.788032531738"
40912946,08/03/2025,"Chính chủ bán gấp căn hộ 2N2VS 64m2 dự án Iris Garden Số 30 Trần Hữu Dực giá 3.8 tỷ, sổ đỏ, full đồ","3,8 tỷ",64 m²,"59,38 tr/m²",2,2,"Cầu Diễn, Nam Từ Liêm","21.031162, 105.760414"
40868243,08/03/2025,"Chính chủ cần bán nhanh căn vinhomes Skylake 2N2VS 73m2 giá chỉ 5,5 tỷ, sổ lâu dài full nội thất","5,5 tỷ",73 m²,"75,34 tr/m²",2,2,"Mỹ Đình 1, Nam Từ Liêm","21.02016830444336, 105.78075408935547"
40839015,08/03/2025,Chính chủ sang nước ngoài bán gấp 2N2VS 73m2 Vinhomes Westpoint giá 5 tỷ,5 tỷ,73 m²,"68,49 tr/m²",2,2,"Mễ Trì, Nam Từ Liêm",N/A
41365631,08/03/2025,"Chính chủ cần bán gấp căn 3 ngủ, view hồ, full nội thất, tại Vinhome Skylake Phạm Hùng",Giá thỏa thuận,129 m²,N/A,3,2,"Mỹ Đình 1, Nam Từ Liêm",N/A
40834366,08/03/2025,"Tôi chính chủ cần bán gấp studio 36m2 Vinhomes West Point - Sẵn sổ giao dịch - giá bán 2,8 tỷ","2,8 tỷ",36 m²,"77,78 tr/m²",1,1,"Mễ Trì, Nam Từ Liêm",N/A
41725432,08/03/2025,"Chính chủ bán nhanh căn hộ 3pn view hồ dự án Matrix One Lê Quang Đạo sổ đỏ, full đồ",8 tỷ,130 m²,"61,54 tr/m²",3,2,"Mễ Trì, Nam Từ Liêm",N/A
40917929,08/03/2025,"Chính chủ cần bán gấp căn hộ 2 ngủ DT 93m2 dự án The Matrix One - Lê Quang Đạo, full đồ",Giá thỏa thuận,93 m²,N/A,2,2,"Mễ Trì, Nam Từ Liêm",N/A
40942162,08/03/2025,Chính chủ bán nhanh căn hộ 2PN Hoàng Thành Pearl DT 80m2 tặng nội thất mới hoàn thiện,Giá thỏa thuận,80 m²,N/A,2,2,"Cầu Diễn, Nam Từ Liêm",N/A
40839328,08/03/2025,"Chính chủ cần đổi căn hộ bán nhanh căn 4n3vs 142,6m2 tại Vinhomes Westpoint, sổ hồng giá chỉ 9 tỷ",9 tỷ,"142,6 m²","63,11 tr/m²",4,3,"Mễ Trì, Nam Từ Liêm",N/A
41552765,08/03/2025,"Chính chủ sang nước ngoài bán nhanh căn hộ 3PN 186m2 tòa Dolphin Plaza Mỹ Đình giá 8 tỷ, full NT",8 tỷ,186 m²,"43,01 tr/m²",3,2,"Mỹ Đình 2, Nam Từ Liêm",N/A
40912093,08/03/2025,Chính chủ bán nhanh căn hộ 2N2VS view hồ - Mỹ Đình Pearl có sổ full nội thất giá rẻ nhất thị trường,Giá thỏa thuận,84 m²,N/A,2,2,"Phú Đô, Nam Từ Liêm",N/A
41732928,08/03/2025,"Chính chủ bán nhanh trước tết căn 1PN + 1 dự án Mỹ Đình Pearl giá 3,1 tỷ, sổ đỏ, full đồ","3,1 tỷ",54 m²,"57,41 tr/m²",1,1,"Phú Đô, Nam Từ Liêm",N/A
41859707,08/03/2025,"Qũy hơn 100 CH dự án The Canopy, từ CĐT bàn giao với các loại hình 2N giá ưu đãi triết khấu cao","3,9 tỷ",70 m²,"55,71 tr/m²",2,2,"Tây Mỗ, Nam Từ Liêm",N/A
41552730,08/03/2025,"Chính chủ chuyển công tác bán nhanh căn hộ 2PN 156m2 dự án Dolphin Plaza Mỹ Đình giá 7 tỷ, full NT",7 tỷ,156 m²,"44,87 tr/m²",2,2,"Mỹ Đình 2, Nam Từ Liêm",N/A
40997572,08/03/2025,"Chính chủ cần bán căn số 03 tòa G1, 69m2, 2PN - 2WC, (62.4m2 TT), giá cắt lỗ 300tr Green Bay","4,8 tỷ",69 m²,"69,56 tr/m²",2,2,"Mễ Trì, Nam Từ Liêm",N/A
41517443,08/03/2025,"Nhà mình còn căn 1PN DT 47,8m2 cần bán tòa SA2, Sakura giá hữu nghị chỉ 2,75 tỷ, tặng full nội thất","2,89 tỷ","47,8 m²","60,46 tr/m²",1,N/A,"Tây Mỗ, Nam Từ Liêm",N/A
42282977,08/03/2025,"Chính chủ bán căn hộ tại The Garden Hill 99 Trần Bình, 58m2, 2 ngủ, full đồ ban công Tây Bắc, sổ đỏ",4 tỷ,58 m²,"68,97 tr/m²",2,2,"Mỹ Đình 2, Nam Từ Liêm",N/A
42173166,08/03/2025,"Gia đình bán căn 3 ngủ 152m2 tại tháp 4 Dolphin Plaza, full đồ ban công Tây Bắc, sổ đỏ","8,4 tỷ",152 m²,"55,26 tr/m²",3,2,"Mỹ Đình 2, Nam Từ Liêm",N/A
42341512,08/03/2025,"Chính chủ bán căn hộ tại C14 - Bộ Công An CT1 105m2 3 ngủ ban công Tây Bắc full đồ, sổ đỏ","5,8 tỷ",105 m²,"55,24 tr/m²",3,2,"Trung Văn, Nam Từ Liêm",N/A
42315862,08/03/2025,"Chính chủ bán căn 2 ngủ, 75m2 tại Ecolife Capitol tòa A2, nội thất cơ bản, ban công Đông Bắc, sổ đỏ",5 tỷ,75 m²,"66,67 tr/m²",2,2,"Trung Văn, Nam Từ Liêm",N/A
39530612,08/03/2025,Chính chủ gửi bán căn hộ tại Golden Palace - Dt 116m2 - 3pn2wc giá 5.8 tỷ,"5,8 tỷ",116 m²,50 tr/m²,3,2,"Mễ Trì, Nam Từ Liêm",N/A
42227142,09/03/2025,"Canopy_ Phân khu đáng mua nhất Vinhome Smart City. Hai hầm xe, cách công viên 50m. Bàn giao T7/2025","4,4 tỷ",65 m²,"67,69 tr/m²",2,2,·,"21.008931443308448, 105.74397238823244"
42298690,09/03/2025,"Tổng hợp quỹ căn hộ bán studio, 1PN - 4PN Giá Siêu Rẻ - HOT Smart City cập nhật mới nhất 28/02/2025","5,95 tỷ",94 m²,"63,3 tr/m²",3,2,·,"21.009065548393455, 105.74404771271202"
42263840,08/03/2025,CC bán chuyển nhượng: Stu-1tỷ56; 1PN+2tỷ350; 2PN-2.9tỷ; 2PN+3.66tỷ; 3PN-4.2tỷ Vinhomes Smart City,"4,2 tỷ",81 m²,"51,85 tr/m²",3,2,·,"21.006672474017645, 105.73667484931228"
42359462,08/03/2025,Quỹ căn chuyển nhượng giá tốt Masteri - Tonkin - Canopy - Imperia - Sakura - Saphire... mới nhất,"4,5 tỷ",63 m²,"71,43 tr/m²",2,2,·,"21.00670118010374, 105.73712029650164"
42309603,09/03/2025,CĐT Mở bán Ccmn Phạm Hùng - Mỹ Đình - Cầu Giấy 35 - 45 - 50 - 52m giá từ 1.12tỷ/căn sổ đỏ chính chủ,"1,25 tỷ",35 m²,"35,71 tr/m²",2,1,"Mễ Trì, Nam Từ Liêm","21.0177770951243, 105.780982894997"
42286412,09/03/2025,Phan Hằng Group độc quyền danh sách căn hộ chuyển nhượng Gardenia loại 1-2-3-4 PN & Duplex giá tốt,9 tỷ,105 m²,"85,71 tr/m²",3,2,"Cầu Diễn, Nam Từ Liêm","21.036189811476795, 105.76063250260428"
41543406,09/03/2025,Chính Chủ Gửi Bán Quỹ Căn Hộ 2PN - 3PN - Duplex tại dự án The Zei - số 8 Lê Đức Thọ,Giá thỏa thuận,108 m²,N/A,3,2,"Mỹ Đình 2, Nam Từ Liêm","21.0344581604004, 105.769653320313"
38632324,08/03/2025,Độc quyền quỹ căn 2-3-4 ngủ và Duplex tại Vinhomes Gardenia bán gấp cập nhật hàng ngày. 0399 028 ***,"5,9 tỷ",80 m²,"73,75 tr/m²",2,2,"Cầu Diễn, Nam Từ Liêm","21.03677877898511, 105.76125987977306"
39487186,08/03/2025,"Chính chủ bán 5 CH Masteri West Height, 43 - 75m2, 1PN + 1 - 3PN, giá từ 3 tỷ. LH: 0988 152 ***",3 tỷ,43 m²,"69,77 tr/m²",1,1,"Tây Mỗ, Nam Từ Liêm","21.0062065124512, 105.737075805664"
41777596,08/03/2025,"Em Được chuyên bán chuyển nhượng giá tốt nhất dự án Imperia Smart City, Phường Tây Mỗ, Nam Từ Liêm.",3 tỷ,43 m²,"69,77 tr/m²",1,1,"Tây Mỗ, Nam Từ Liêm","20.999866959372653, 105.73797771322658"
39993461,08/03/2025,"Tổng hợp 99 căn hộ chuyển nhượng I1, I2, I3, I4, I5 giá rẻ từ 1.9tỷ-3.7tỷ hỗ trợ vay vốn ngân hàng","3,6 tỷ",55 m²,"65,46 tr/m²",2,1,"Tây Mỗ, Nam Từ Liêm","20.99933031642184, 105.73806364771225"
42369472,08/03/2025,"Cập nhật quỹ căn 2PN-3PN-4PN đầy đủ nhất, mới nhất, giá tốt nhất T3/2025","9,3 tỷ",108 m²,"86,11 tr/m²",3,2,"Mỹ Đình 2, Nam Từ Liêm","21.034288687769738, 105.76943563577514"
42105531,08/03/2025,Mình là Thắng bán 09 căn: Stu - 1tỷ780; 1PN + 2tỷ55; 2PN - 3.7 tỷ; 3PN - 5.3tỷ Masteri West Heights,"2,55 tỷ","46,5 m²","54,84 tr/m²",1,1,"Tây Mỗ, Nam Từ Liêm","21.0064303561987, 105.736212138223"
42140367,08/03/2025,Chính chủ bán mấy căn: Studio - 1tỷ66 và 2PN - 69m2 - 3tỷ8/ 1PN - 2.5tỷ và 2PN 2.8tỷ Imperia Smart,"2,5 tỷ",46 m²,"54,35 tr/m²",1,N/A,"Tây Mỗ, Nam Từ Liêm","20.999819833299316, 105.73808867738116"
42303623,08/03/2025,"Quỹ 999 CH: Studo=1PN +,2PN +,3PN ở Masteri WH, Tonkin, Imperia... Tại Smart City, giá chỉ từ 1.5ty","1,55 tỷ",30 m²,"51,67 tr/m²",1,1,"Tây Mỗ, Nam Từ Liêm","21.0090081598915, 105.74428532782217"
42367822,08/03/2025,Qũy 299 căn độc quyền giá tốt nhất DA Vinhomes Smart City của Thành Phát Land - Ms.Ly- 0967 663 ***,"4,2 tỷ",65 m²,"64,61 tr/m²",2,2,"Tây Mỗ, Nam Từ Liêm","21.000587329785205, 105.73946960015864"
42367247,08/03/2025,"Quỹ 1000 căn hộ phân khu Masteri West Height Giá rẻ nhất thị trường,Studio-3PN,LH Em:0343 138 ***","2,9 tỷ",43 m²,"67,44 tr/m²",1,1,"Tây Mỗ, Nam Từ Liêm","21.006203757977172, 105.73706283593857"
39224465,07/03/2025,"Bán căn góc 2PN+1, 64m2 thiết kế được 3PN giá 3,95tỷ bao phí Vin Smart city -Full đồ -Có hỗ trợ vay","3,95 tỷ",64 m²,"61,72 tr/m²",3,2,"Tây Mỗ, Nam Từ Liêm","21.0088520050049, 105.743919372559"
42249907,07/03/2025,Độc quyền quỹ căn hộ Skylake loại 1-2-3-4 ngủ & Sky Villa giá chuyển nhượng tốt nhất thị trường,9 tỷ,102 m²,"88,24 tr/m²",3,2,"Mỹ Đình 1, Nam Từ Liêm","21.02035229403847, 105.7807712928192"
33093016,07/03/2025,Bán Vinhomes Skylake từ 1pn 4.9 tỷ - 2pn 6.3 tỷ - 3pn 9.2 tỷ - 4pn 15 tỷ - Penthouse LH 0976 069 ***,"9,2 tỷ",100 m²,92 tr/m²,3,2,"Mỹ Đình 1, Nam Từ Liêm","21.0201683044434, 105.780754089355"
42363166,07/03/2025,"CẦN THOÁT hàng 2 ngủ TỪ 3.3 tỷ Vin Smart, 25 Căn 2 ngủ GIÁ TỐT, DANH SÁCH ĐẦY ĐỦ DƯỚI NỘI DUNG","3,3 tỷ",55 m²,60 tr/m²,2,1,"Tây Mỗ, Nam Từ Liêm","21.008260970643256, 105.74448202914607"
42303094,07/03/2025,"Tổng hợp đầy đủ quỹ căn 2PN-3PN-4PN, Duplex/Penthouse chung cư The Zei Plaza. Nơi trái tim Mỹ Đình",Giá thỏa thuận,106 m²,N/A,3,2,"Mỹ Đình 2, Nam Từ Liêm","21.0343785904851, 105.769518631561"
42359468,07/03/2025,"Xuân Phương Quốc Hội - Quỹ Căn 2PN,3PN,4PN diện tích 53m đến 156m từ 3,5 tỷ. LH 0916 820 ***","5,3 tỷ",98 m²,"54,08 tr/m²",3,2,"Phương Canh, Nam Từ Liêm","21.03199688018119, 105.75549761653487"
41989075,07/03/2025,"Chính chủ cần bán căn 2PN 53.9m2-giá cắt lỗ chỉ 3,42 tỷ, full nội thất, tầng trung tòa SA3 Vinsmart","3,42 tỷ","53,9 m²","63,45 tr/m²",2,2,"Tây Mỗ, Nam Từ Liêm","21.0055779771169, 105.738788576945"
40637759,09/03/2025,Bán gấp CHCC 1N + 48m2 full đồ toà S403 Vinhomes Smart. Giá 3tỷ050 Bao Phí. E Tuấn 0392 969 ***,"3,05 tỷ",48 m²,"63,54 tr/m²",1,1,"Tây Mỗ, Nam Từ Liêm","21.0062160491943, 105.736473083496"
42361408,09/03/2025,"Em Mỹ cập nhật quỹ căn bán tại Chung cư cao cấp The Zei - số 8 Lê Đức Thọ, 02PN-03PN-Duplex.Giá tốt","7,4 tỷ",94 m²,"78,72 tr/m²",2,2,"Mỹ Đình 2, Nam Từ Liêm","21.035289399531933, 105.7699353207284"
42373657,09/03/2025,"bán gấp trong tuần: 2n+63m2 SA3 tầng đẹp 4,25 tỷ hướng mát căn góc","4,25 triệu",63 m²,"67,46 nghìn/m²",2,2,"Tây Mỗ, Nam Từ Liêm","21.005001362316438, 105.7391364116615"
42330458,09/03/2025,"Tổng hợp quỹ căn đa dạng. Giá cả hợp lý, pháp lý rõ ràng",4 tỷ,64 m²,"62,5 tr/m²",2,2,"Tây Mỗ, Nam Từ Liêm","21.00058065251576, 105.73951729186142"
41182913,09/03/2025,Hot. Hot Chính chủ bán căn hộ chung cư 3PN tại chung cư Iris Garden Số 30 Trần Hữu Dực Mỹ Đình - HN,"8,2 tỷ",135 m²,"60,74 tr/m²",3,2,"Cầu Diễn, Nam Từ Liêm","21.0294096533919, 105.763276788161"
41294833,09/03/2025,"Tổng hợp quỹ căn Vinhomes West Point 1PN giá 3,4 tỷ, 2PN giá 5 tỷ, 3PN giá 6,9 tỷ, 4PN giá 8,8 tỷ",5 tỷ,68 m²,"73,53 tr/m²",2,2,"Mễ Trì, Nam Từ Liêm","21.0118827819824, 105.786445617676"
42373700,09/03/2025,Em Hiếu chuyên bán quỹ CHCC 2-3PN giá rẻ nhất thị trường tại Florence. LH 0397 942 ***,"5,5 tỷ",83 m²,"66,26 tr/m²",2,2,"Cầu Diễn, Nam Từ Liêm","21.03073826706815, 105.76153628151584"
41982351,09/03/2025,Em Hiếu chuyên bán quỹ CH 1-2-3-4 PN giá rẻ nhất thị trường tại Vinhomes Gardenia. LH 0397 942 ***,"6,5 tỷ",73 m²,"89,04 tr/m²",2,2,"Cầu Diễn, Nam Từ Liêm","21.0364273303219, 105.761068331661"
42360689,09/03/2025,Chính chủ gửi bán nhiều căn hộ 2 - 3 - 4PN giá tốt tại VinGardenia LH: 0983 051 ***,"6,5 tỷ",80 m²,"81,25 tr/m²",2,1,"Cầu Diễn, Nam Từ Liêm","21.036255381592547, 105.75983836396946"
42373561,09/03/2025,Tổng hợp các quỹ căn 2PN-3PN-Duplex/Penthouse tại Dự án The Zei Plaza. LH 0397 942 *** ( em Hiếu ),"7,5 tỷ","91,9 m²","81,61 tr/m²",2,2,"Mỹ Đình 2, Nam Từ Liêm","21.034392524549, 105.769672708709"
42139885,09/03/2025,"Bán Quỹ 99 căn Masteri West Height Studio 2.2 tỷ, 1N + 3.1tỷ, 2N, 2N + 3.6tỷ, căn 3 ngủ chỉ 5tỷ","3,1 tỷ",48 m²,"64,58 tr/m²",1,1,"Tây Mỗ, Nam Từ Liêm","21.005834477516558, 105.73754383350482"
42372027,08/03/2025,"Thanh lý tài sản trả nợ, cần bán gấp căn duplex 134m2 view vườn dự án Lumi Hà Nội 10.7 tỷ","10,7 tỷ",134 m²,"79,85 tr/m²",3,N/A,"Tây Mỗ, Nam Từ Liêm","21.011501113766602, 105.73586919309653"
42181669,08/03/2025,"Mở bán chung cư mini Phạm Hùng - Mỹ Đình - Cầu Giấy, vị trí vàng quận Cầu Giấy. Gần Keangnam 72","1,25 tỷ",55 m²,"22,73 tr/m²",2,1,"Mễ Trì, Nam Từ Liêm","21.0178176009308, 105.78093378176"
41560118,08/03/2025,"Chính chủ gửi bán căn hộ 266m2- 3N DolPhin Plaza, Full nội thất. Giá chuẩn 15 tỷ. LH 0961 270 ***",15 tỷ,266 m²,"56,39 tr/m²",3,3,"Mỹ Đình 2, Nam Từ Liêm","21.0300445556641, 105.776626586914"
42368916,08/03/2025,Liên hệ 0948 200 *** để vào hội mua bán trao đổi The Matrix One 1 và 2 chọn căn tầng đẹp,Giá thỏa thuận,80 m²,N/A,2,2,"Mễ Trì, Nam Từ Liêm","21.0098468816598, 105.77373688953068"
41135393,08/03/2025,"Bán CHCC 1PN, 2PN, 3PN, 4PN Vinhomes Gardenia - không báo ảo, hỗ trợ A - Z. LH 0989 324 *** Em Châu","8,2 tỷ",106 m²,"77,36 tr/m²",3,2,"Cầu Diễn, Nam Từ Liêm","21.036313155435383, 105.76035727113063"
42370803,08/03/2025,"Bán CHCC 1PN, 2PN, 3PN, 4PN Vinhomes Gardenia - cam kết không báo ảo, hỗ trợ A - Z. LH 0977 986 ***","4,3 tỷ",55 m²,"78,18 tr/m²",1,1,"Cầu Diễn, Nam Từ Liêm","21.0363070030741, 105.76035727952735"
42370441,08/03/2025,"BÁN GẤP CĂN GÓC 2 NGỦ 2 VỆ SINH- TÒA GS2 -3,9 TỶ. DT 61,6M, SỔ LÂU DÀI-VINHOMES SMART CITY","3,9 tỷ","61,6 m²","63,31 tr/m²",2,2,"Tây Mỗ, Nam Từ Liêm","21.00597253314548, 105.74492725777412"
42370334,08/03/2025,Tổng hợp quỹ căn 2 - 3PN giá chỉ từ 5 tỷ 8 tại dự án Hoàng Thành Pearl. LH 0397 942 *** (e Hiếu),"5,8 tỷ",80 m²,"72,5 tr/m²",2,2,"Cầu Diễn, Nam Từ Liêm","21.03962886242869, 105.76092441149108"
42369956,08/03/2025,CĂN HỘ 93M2 KHU ĐÔ THỊ MỸ ĐÌNH 2 LÊ ĐỨC THỌ,"5,65 tỷ",93 m²,"60,75 tr/m²",3,2,"Mỹ Đình 2, Nam Từ Liêm","21.03153591271122, 105.7684082622747"
42368316,08/03/2025,Tổng hợp Quỹ căn chuyển nhượng-cho thuê Toàn bộ The Matrix One - Update hàng tuần giá CHUẨN,"7,8 tỷ",88 m²,"88,64 tr/m²",2,N/A,"Mễ Trì, Nam Từ Liêm","21.00865405756431, 105.77350504562749"
40697192,08/03/2025,"Tổng hợp 69 căn chuyển nhượng giá rẻ tại The Canopy TC1, TC2, TC3 giá từ 1,8 tỷ - 4,2 tỷ","4,53 tỷ",73 m²,62 tr/m²,3,2,"Tây Mỗ, Nam Từ Liêm","21.0006259152627, 105.73997705352664"
37410484,08/03/2025,"Tổng hợp quỹ căn cắt lỗ bán Ecolife Tố Hữu 1 - 2 - 3 - 4PN năm 2025, LH 0981 960 ***",Giá thỏa thuận,115 m²,N/A,3,2,"Trung Văn, Nam Từ Liêm","20.994268343730788, 105.7895587986085"
40711454,08/03/2025,"Chính chủ bán cắt lỗ 2PN + 1, DT: 70,7m2, full đồ, sẵn sổ - tòa Tokin 1, giá cực tốt chỉ 4,79 tỷ","4,79 tỷ","70,7 m²","67,75 tr/m²",2,2,"Tây Mỗ, Nam Từ Liêm","21.004501880576594, 105.73948291810161"
42277266,08/03/2025,"Bán gấp giá gốc 4.5 tỷ: căn hộ 2PN + , diện tích 62,3m2 tòa Masteri West Heights (Nhà mới 100%).","4,5 tỷ","62,3 m²","72,23 tr/m²",2,2,"Tây Mỗ, Nam Từ Liêm","21.00663036001132, 105.73634553499178"
40633884,08/03/2025,Chính chủ bán gấp căn studio 2 tỷ 05 chung cư Masteri West Height Vin Smart City,"2,05 tỷ","30,3 m²","67,66 tr/m²",1,1,"Tây Mỗ, Nam Từ Liêm","21.0059071276347, 105.73634761970457"
41174446,08/03/2025,"Bán căn hộ chính chủ 2PN, 3PN chung cư Hoàng Thành Pearl - giá tốt, hỗ trợ A - Z, LH 0989 324 ***","5,9 tỷ",80 m²,"73,75 tr/m²",2,2,"Cầu Diễn, Nam Từ Liêm","21.030918133991, 105.759112158257"
41572788,08/03/2025,Tôi chính chủ cần bán gấp trong tuần 2 căn: Studio sổ lâu dài và căn góc 2PN - 2VS tòa G3 Green Bay,Giá thỏa thuận,28 m²,N/A,1,1,"Mễ Trì, Nam Từ Liêm","20.9989585876465, 105.788032531738"
41944019,08/03/2025,"Chính chủ cần bán gấp căn 01, tòa G1, DT 61m2, Vinhomes Green Bay Mễ Trì. Giá 3.9 tỷ (55,4m2 TT)","3,9 tỷ",61 m²,"63,93 tr/m²",2,1,"Mễ Trì, Nam Từ Liêm","20.9993227371044, 105.78731442364"
41516026,08/03/2025,"Chính chủ bán gấp: Căn 2PN, 56m2, 2.55 tỷ và Studio 1 tỷ 350tr, 28m2 Vinhomes Green Bay, 0963 081 ***",Giá thỏa thuận,56 m²,N/A,2,1,"Mễ Trì, Nam Từ Liêm","20.998894962372344, 105.78757336593776"
42287502,09/03/2025,"Chính chủ cần bán gấp CH 1N1VS + 1, DT 46.5m2, full nội thất, sẵn sổ giá 2,6 tỷ. LH 0969 402 ***","2,6 tỷ","46,5 m²","55,91 tr/m²",1,1,"Tây Mỗ, Nam Từ Liêm","21.005471706689256, 105.73667583283012"
41187657,09/03/2025,"Bán căn hộ 3PN FLC Landmark Tower, Lê Đức Thọ, Mỹ Đình 2, Nam Từ Liêm, Hà Nội. LH 0968 739 ***","7,35 tỷ",160 m²,"45,94 tr/m²",3,2,"Mỹ Đình 2, Nam Từ Liêm","21.034076690673828, 105.77035522460938"
41964329,09/03/2025,"Chính chủ cần bán căn 50m2 2N2WC toà khách sạn MHD Trung Văn hiện chỉ cần vào 1,2 tỷ LH: 0866 457 ***","1,55 tỷ",50 m²,31 tr/m²,2,2,"Trung Văn, Nam Từ Liêm","20.9925699111178, 105.784938719291"
42002026,09/03/2025,"Bán căn hộ 3PN, 2WC giá tốt tại Khu đô thị Mỹ Đình Sông Đà tòa Sudico CT1, 7 tỷ, 122m2, căn góc",7 tỷ,122 m²,"57,38 tr/m²",3,2,"Mỹ Đình 1, Nam Từ Liêm","21.017519652040658, 105.78025672102146"
38175432,09/03/2025,"Cần bán căn 3PN (112m2) tại The Matrix One, VIEW CÔNG VIÊN, giá 11.8 tỷ","11,8 tỷ",113 m²,"104,42 tr/m²",3,2,"Mễ Trì, Nam Từ Liêm","21.0093860626221, 105.773872375488"
40428081,09/03/2025,Chính chủ bán căn view hồ 35m2 full nội thất tại toà A Masterise,"3,25 tỷ",35 m²,"92,86 tr/m²",1,1,"Tây Mỗ, Nam Từ Liêm","21.00558053610509, 105.73688168633437"
42342051,09/03/2025,Chính chủ bán căn hộ 76m tk 2pn 2wc.tòa A2 Ecolife tố hữu.Giá bán 4.96 tỷ bao phí Có thương lượng,"4,96 tỷ",76 m²,"65,26 tr/m²",2,2,"Trung Văn, Nam Từ Liêm","20.994650314620863, 105.78970751755921"
40962704,09/03/2025,"Cập nhật quỹ căn đang giao bán tại Golden Palace. DT 88m 105m2, 118m2,120m2, 128m2. Giá 5 - 8 tỷ",7 tỷ,118 m²,"59,32 tr/m²",3,2,"Mễ Trì, Nam Từ Liêm","21.0119361877441, 105.774993896484"
42335764,09/03/2025,"Tổng hợp những căn hộ đang cần bán gấp tại CT8 đình thôn: DT 78m, 82m, 99m, 110m, 141m :giá 5.6 ty","5,6 tỷ",81 m²,"69,14 tr/m²",2,2,"Mỹ Đình 1, Nam Từ Liêm","21.022125979066804, 105.77136430281297"
42334474,09/03/2025,"Cập nhật những căn view hồ.giao bán tại skylake.DT 65m, 72m, 85m, 90m, 98m, 112m, 125mm, 133m, 159m","6,8 tỷ",71 m²,"95,78 tr/m²",2,2,"Mỹ Đình 1, Nam Từ Liêm","21.020171339992576, 105.78075503037408"
42342908,09/03/2025,"Tổng hợp 100 căn hộ đang giao bán tại Green bay.mễ trì.DT 26m, 56m, 65m, 80m, giá bán chỉ từ 2 tỷ",5 tỷ,63 m²,"79,36 tr/m²",2,2,"Mễ Trì, Nam Từ Liêm","20.998958532304087, 105.78778711412536"
42360292,09/03/2025,"Cập nhật những căn hộ đang giao bán tại The Zei. DT 102m2, 108m2, giá bán 8.5 tỷ - 8.8 tỷ","8,5 tỷ",108 m²,"78,7 tr/m²",3,2,"Mỹ Đình 2, Nam Từ Liêm","21.03427883338187, 105.77036257701877"
42286698,09/03/2025,Duy nhất 1 căn The Victoria 2PN góc mua trực tiếp chủ đầu tư có vay htls 0% -Vinhomes Smart city,"4,97 tỷ","69,1 m²",72 tr/m²,2,2,"Tây Mỗ, Nam Từ Liêm","21.008944303136865, 105.74392749964721"
42289821,09/03/2025,Cần bán gấp căn 2 ngủ tại Mỹ Đình Pearl Giá chỉ 6.060 tỷ,"6,06 tỷ",73 m²,"83,01 tr/m²",2,2,"Phú Đô, Nam Từ Liêm","21.012360179452628, 105.7671227839319"
42350060,09/03/2025,"Chuyển xuống mặt đất, gia đình thiện chí bán căn hộ 2PN 2VS 69m2, nhà mới, có sổ. Giá 4.95 tỷ","4,95 tỷ",69 m²,"71,74 tr/m²",2,2,"Đại Mỗ, Nam Từ Liêm","20.98395865525456, 105.77658797897371"
42167473,09/03/2025,"Tôi cần bán gấp căn hộ 80m2 thiết kế 2PN view thoáng đẹp tại Vingardenia nhà rất lộc giá 5,8 tỷ","5,8 tỷ",80 m²,"72,5 tr/m²",2,2,"Cầu Diễn, Nam Từ Liêm","21.0371024513242, 105.76022706891"
42327955,09/03/2025,"(Căn mới)Bán gấp căn 118m2 căn góc tại Golden Palace view xem pháo hoa, cực đẹp thoáng, giá 6,8 tỷ","6,8 tỷ",118 m²,"57,63 tr/m²",3,2,"Mễ Trì, Nam Từ Liêm","21.01202139493702, 105.77527858673577"
42376269,09/03/2025,Cần bán căn hộ KĐT Ct4 Mễ Trì Hạ.66m.2pn.2vs. Giá 4tỷ 150.,"4,15 tỷ",68 m²,"61,03 tr/m²",2,2,"Mễ Trì, Nam Từ Liêm","21.015376597913114, 105.78232255543678"
41147420,09/03/2025,"vợ chồng tôi cần bán căn Góc 3PN 2WC tại Tây Hà Tower DT: 119m2 giá 6.7 tỷ, 0965 066 ***","6,7 tỷ",119 m²,"56,3 tr/m²",3,2,"Trung Văn, Nam Từ Liêm","20.995765594885032, 105.79281684121165"
41515814,09/03/2025,"Mình chính chủ cần bán căn: 2PN + 1, 69m2 - 3tỷ 980, Vinhomes Smart City","3,98 tỷ","63,1 m²","63,07 tr/m²",2,2,"Tây Mỗ, Nam Từ Liêm","21.0062160491943, 105.736473083496"
41740355,09/03/2025,"Chính chủ bán 2 căn hộ 2PN - 60m2 - 3.2 tỷ, 2PN + 69m2 3.5 tỷ full đồ Vinhomes Smart City","3,5 tỷ",69 m²,"50,72 tr/m²",2,2,"Tây Mỗ, Nam Từ Liêm","21.008962631225586, 105.74391174316406"
39672912,09/03/2025,"Chính chủ cần bán gấp căn hộ 3PN tại Imperia Smart City - giá tốt 4,5 tỷ full đồ xịn","4,5 tỷ","74,5 m²","60,4 tr/m²",3,2,"Tây Mỗ, Nam Từ Liêm","20.9992771148682, 105.73811340332"
42362417,09/03/2025,"căn hộ studio, rẻ nhất thị trường 1 tỷ 520 khu Imperia, tầng trung, DT 30,6m2 (chỉ bán tuần này)","1,52 tỷ","30,6 m²","49,67 tr/m²",N/A,N/A,"Tây Mỗ, Nam Từ Liêm","20.9990375743783, 105.737976708142"
42364725,09/03/2025,BÁN CĂN 2PN2WC 55M G3 SOLA PARK CHỈ #3670TR - THANH TOÁN TIẾN ĐỘ GIÃN,"3,67 tỷ",55 m²,"66,73 tr/m²",2,2,"Tây Mỗ, Nam Từ Liêm","21.0090630299883, 105.743855485169"
41526605,09/03/2025,"Chính chủ cần bán gấp 2 căn studio 30,03m2, giá 1 tỷ 2 tòa G3 Green Bay, view hồ và biệt thự","1,2 tỷ","30,03 m²","39,96 tr/m²",N/A,N/A,"Mễ Trì, Nam Từ Liêm","20.9989585876465, 105.788032531738"
41518775,09/03/2025,"Bán căn studio 30,3m2, tòa Masteri Smart City Tây Mỗ, giá 2,060 tỷ view bể bơi, để full nội thất","2,06 tỷ","30,3 m²","67,99 tr/m²",N/A,N/A,"Tây Mỗ, Nam Từ Liêm","21.0062065124512, 105.737075805664"
41526397,09/03/2025,"Cần bán gấp căn 2PN - 2VS, 69,47 m2, giá 4 tỷ 8, view hồ, Vinhomes Green Bay Mễ Trì","4,8 tỷ","69,47 m²","69,1 tr/m²",2,2,"Mễ Trì, Nam Từ Liêm","20.9989585876465, 105.788032531738"
41472539,09/03/2025,"Chính chủ cần bán gấp căn góc 3PN diện tích 80,7 m2 phân khu cao cấp Sakura giá 4,9 tỷ","4,9 tỷ","80,7 m²","60,72 tr/m²",3,2,"Tây Mỗ, Nam Từ Liêm","21.0052261352539, 105.738914489746"
42332068,09/03/2025,"Bán căn 2N1VS, Vinhomes Green Bay, sổ lâu dài, full nội thất, tầng trung, hướng mát, giá 4.9tỷ","4,9 tỷ","52,6 m²","93,16 tr/m²",2,1,"Mễ Trì, Nam Từ Liêm","20.9984852149856, 105.787820811698"
42369157,09/03/2025,SIÊU PHẨM CĂN STUDIO TÒA S302 VINHOMES SMART CITY - CƠ HỘI VÀNG KHÔNG THỂ BỎ LỠ!,"2,2 tỷ",33 m²,"66,67 tr/m²",1,1,"Tây Mỗ, Nam Từ Liêm","21.0043250348722, 105.749848366712"
40729300,09/03/2025,"Chính chủ bán CH FLC Complex 36 Phạm Hùng DT 94m2 3PN full NT đẹp SĐCC, giá 6 tỷ: 0906 217 ***",6 tỷ,94 m²,"63,83 tr/m²",3,2,"Mỹ Đình 2, Nam Từ Liêm","21.028190612793, 105.779197692871"
42250598,09/03/2025,"Tôi chính chủ chuyển chỗ làm nên cần bán gấp căn 2PN + 64m2 tòa Imperia giá 4,2 tỷ. LH 0975 982 ***","4,2 tỷ",64 m²,"65,62 tr/m²",2,2,"Tây Mỗ, Nam Từ Liêm","20.9996622389962, 105.738018543636"
41226482,09/03/2025,"Chính Chủ Bán CH Dolphin Plaza Trần Bình, DT 138m2, 3PN NT đẹp, giá 6,8 tỷ SĐCC: O971085383","6,8 tỷ",138 m²,"49,28 tr/m²",3,2,"Mỹ Đình 2, Nam Từ Liêm","21.0305862877521, 105.776315852785"
41008936,09/03/2025,"Chính chủ bán cắt lỗ căn 1PN + 1, DT: 47,6m2, Full NT mới 100%, CV trung tâm Imperia, chỉ 2.79 tỷ","2,79 tỷ","47,6 m²","58,61 tr/m²",1,1,"Tây Mỗ, Nam Từ Liêm","20.999761957931835, 105.73885483923902"
40710113,09/03/2025,"Chính chủ bán 2PN 59.1m2 cao cấp Vinhomes Smart City - 3.2 tỷ, chỉ bán trong tuần này","3,2 tỷ","59,1 m²","54,15 tr/m²",2,1,"Tây Mỗ, Nam Từ Liêm","21.0062160491943, 105.736473083496"
40851599,09/03/2025,Studio tòa GS2 - 33.9m2 - The Miami - Vin Smart City (DT TT 30.6m2) - chính chủ bán cắt lỗ,"1,96 tỷ","33,9 m²","57,82 tr/m²",1,1,"Tây Mỗ, Nam Từ Liêm","21.0065746307373, 105.745048522949"
41577034,09/03/2025,"Chính chủ bán căn Stu 34,9m2 (DTTT 30.7m2), giá 1,55 tỷ full đồ xịn, Đông Nam, Vinhomes Smart City","1,55 tỷ","30,7 m²","50,49 tr/m²",1,1,"Tây Mỗ, Nam Từ Liêm","21.0056490795888, 105.736850884953"
40876929,09/03/2025,"Chính chủ bán 2PN 54m2 - tòa B - Masteri - Vinhomes Smart City - 3.4 tỷ, rẻ hơn TT 300tr!","3,4 tỷ",54 m²,"62,96 tr/m²",2,1,"Tây Mỗ, Nam Từ Liêm","21.0062065124512, 105.737075805664"
42170796,09/03/2025,"Bán căn hộ 1PN, 1WC tại The Tonkin - Vinhomes Smart City, 3,6 tỷ, 45m2","3,6 tỷ",45 m²,80 tr/m²,1,1,"Tây Mỗ, Nam Từ Liêm","21.005208812835395, 105.73891076949441"
42328830,09/03/2025,"(Rẻ nhất) Căn FLC Complex 36 Phạm Hùng, 5 tỷ, 70m2. Sẵn sổ đỏ. Nội thất full y hình.",5 tỷ,70 m²,"71,43 tr/m²",2,2,"Mỹ Đình 2, Nam Từ Liêm","21.028764314458552, 105.77991049393083"
39135510,09/03/2025,"Vợ chồng tôi bán căn sổ lâu dài tại An Bình Plaza DT: 83m2, 3N2WC giá: 6 tỉ LH : 0965 066 ***",6 tỷ,83 m²,"72,29 tr/m²",3,2,"Mỹ Đình 2, Nam Từ Liêm","21.0309085845947, 105.777183532715"
41641641,09/03/2025,"Chính chủ cần bán gấp căn studio toà Imperia Tây Mỗ, giá chỉ 2 tỷ Vinhomes Smartcity",2 tỷ,"28,4 m²","70,42 tr/m²",1,1,"Tây Mỗ, Nam Từ Liêm","20.999172468290354, 105.73771671418577"
41443387,09/03/2025,"Nhà thật - giá thật bán căn hộ 3 ngủ gần 100m2 chỉ 5,x TỶ - giá tốt nhất tại C37 Bắc Hà Tố Hữu","5,9 tỷ",100 m²,59 tr/m²,3,2,"Trung Văn, Nam Từ Liêm","20.9968299865723, 105.793838500977"
42368216,09/03/2025,Chính chủ cần bán gấp căn góc 3 ngủ chung cư CT3 cầu diễn giá nhỉnh 4 tỷ.0979 343 ***,"4,42 tỷ",89 m²,"49,66 tr/m²",3,2,"Cầu Diễn, Nam Từ Liêm","21.0299689599442, 105.759848907919"
42376087,09/03/2025,"Chính chủ bán căn góc Đông Nam số 5 đẹp nhất MHD 29 Tố Hữu, Từ Liêm, Hà Nội","1,95 tỷ",68 m²,"28,68 tr/m²",2,2,"Trung Văn, Nam Từ Liêm","20.9919548034668, 105.785102844238"
39892246,09/03/2025,Hiếm! Bán gấp 2PN 2WC diện tích 82m2 - VOV Mễ Trì NT full giá 4.6 tỷ bao phí,"4,6 tỷ",82 m²,"56,1 tr/m²",2,2,"Mễ Trì, Nam Từ Liêm","20.9960602606847, 105.784711700061"
42161319,09/03/2025,Bán căn hộ 3 phòng ngủ 116m2 tòa Báo Nhân Dân,"5,57 tỷ",116 m²,48 tr/m²,4,2,"Phương Canh, Nam Từ Liêm","21.032252229598143, 105.75385513227187"
42228262,09/03/2025,"Mình bán căn 2 ngủ 86,5m2 tòa trung ương đảng hơn 4 tỷ","4,3 tỷ","86,5 m²","49,71 tr/m²",2,2,"Phương Canh, Nam Từ Liêm","21.03258663638731, 105.75336520562342"
42111311,09/03/2025,Cần bán căn hộ 2 phòng ngủ tòa Báo nhân dân Xuân Phương,Giá thỏa thuận,86 m²,N/A,2,2,"Phương Canh, Nam Từ Liêm","21.032636955669997, 105.75299400730916"
34009793,09/03/2025,"MỸ ĐÌNH PLAZA 2 - Nội thất thuê thiết kế, 2PN chủ BÁN GẤP mua nhà riêng. Ngoài ra em còn căn 3PN ạ.",Giá thỏa thuận,73 m²,N/A,2,2,"Mỹ Đình 2, Nam Từ Liêm","21.0310840606689, 105.774566650391"
42263871,09/03/2025,Cập nhật đầy đủ - quỹ căn hộ rao bán tháng 03/2025 (9 căn) - Florence - Hỗ trợ AC deal giá tốt nhất,"6,4 tỷ",85 m²,"75,29 tr/m²",3,2,"Cầu Diễn, Nam Từ Liêm","21.03120804409519, 105.7609513164552"
38873433,09/03/2025,Tặng ngay vàng 9999 khi mua FLC Complex 36 Phạm Hùng - quỹ căn 2PN - 3PN (95m-131),"4,6 tỷ","66,5 m²","69,17 tr/m²",2,2,"Mỹ Đình 2, Nam Từ Liêm","21.028190612793, 105.779197692871"
38717511,09/03/2025,Dolphin - gia lộc Vàng 9999 may mắn cho quý khách mua Quỹ Căn tháng 03/2025 giá tốt không báo ảo,Giá thỏa thuận,133 m²,N/A,3,2,"Mỹ Đình 2, Nam Từ Liêm","21.0300445556641, 105.776626586914"
39820939,09/03/2025,Mình chính chủ bán gấp: Căn Studio view hồ Vinhomes Green Bay Mễ Trì - giá 1 tỷ 420,"1,42 tỷ","25,62 m²","55,42 tr/m²",1,1,"Mễ Trì, Nam Từ Liêm","20.9989585876465, 105.788032531738"
42246979,09/03/2025,"Bán gấp cặp căn hộ 2PN, 61m2 tại Vinhomes Green Bay Mễ Trì, 5,3 tỷ/căn. Giá Rẻ nhất thị trường","5,3 tỷ",61 m²,"86,88 tr/m²",2,1,"Mễ Trì, Nam Từ Liêm","20.9986857724548, 105.788399012044"
42371383,09/03/2025,"SIÊU HIẾM CĂN NHÀ DÒNG TIỀN PHỐ THIÊN_HIỀN NAM TỪ LIÊM 45m2.9P KHÉP KÍN FULL NỘI THẤT 8,65 TỶ.","8,65 tỷ",45 m²,"192,22 tr/m²",9,9,"Mễ Trì, Nam Từ Liêm","21.0222061745682, 105.776140572018"
34922703,09/03/2025,"Keangnam 118m2, 107m2, 126m2, 156m2, 206m2, Penhouse 430m2. LH: 0974 681 ***",Giá thỏa thuận,"107,8 m²",N/A,3,2,"Mễ Trì, Nam Từ Liêm","21.0168495178223, 105.783973693848"
42341902,09/03/2025,Tôi chính chủ chuyển chỗ làm nên cần bán gấp căn 2PN + view hồ tòa A. LH 0975 982 ***,"4,65 tỷ","63,72 m²","72,98 tr/m²",2,2,"Tây Mỗ, Nam Từ Liêm","21.00564858743022, 105.73661286935113"
42348866,09/03/2025,"Mình cần bán căn hộ 2N + diện tích 69m2, ban công ĐN giá 3,1 tỷ","3,1 tỷ",65 m²,"47,69 tr/m²",2,2,"Tây Mỗ, Nam Từ Liêm","21.008662627708105, 105.74390092738854"
42286312,09/03/2025,Bán căn hộ chung cư 2PN2WC 68m2 tòa Masteri West Heights. Lh 0984 576 ***,"4,6 tỷ",68 m²,"67,65 tr/m²",2,2,"Tây Mỗ, Nam Từ Liêm","21.006138239882482, 105.73697703663669"
40851713,09/03/2025,"CC bán gấp GS2: 1PN + 46.5m2, 2.4 tỷ bao phí, tầng đẹp, full đồ đầu tư 250tr, sẵn sổ (DTTT 42.8m2)","2,4 tỷ","46,5 m²","51,61 tr/m²",1,1,"Tây Mỗ, Nam Từ Liêm","21.0065746307373, 105.745048522949"
42320720,09/03/2025,Căn góc 3pn 2wc 102m2 view toàn cảnh hồ điều hòa full nội thất cần bán nhanh tại Vinhomes Skylake,Giá thỏa thuận,102 m²,N/A,3,2,"Mỹ Đình 1, Nam Từ Liêm","21.01962714659652, 105.7814104774859"
38972854,09/03/2025,"Bán căn hộ Penthouse ~200m2 chung cư The Zei 8 Lê Đức Thọ, hướng Nam view triệu đô SVĐ Mỹ Đình",Giá thỏa thuận,192 m²,N/A,4,3,"Mỹ Đình 2, Nam Từ Liêm","21.0344581604004, 105.769653320313"
40729135,09/03/2025,"Cập nhật căn hộ The Emerald bán tháng 3/2025 mình là cư dân sống ở đây căn E3.20.8, không chào ảo",Giá thỏa thuận,81 m²,N/A,2,2,"Mỹ Đình 1, Nam Từ Liêm","21.0221614837646, 105.771797180176"
42372668,09/03/2025,Cần bán căn hộ 2 phòng ngủ 1 wc,"2,6 tỷ","48,4 m²","53,72 tr/m²",N/A,N/A,"Tây Mỗ, Nam Từ Liêm","20.9972500343932, 105.745117771391"
41193200,09/03/2025,"Căn góc 4 PN 145m2 tầng đẹp hướng ĐN, NT xịn, sổ đỏ + slot ô tô Mỹ Đình Pearl cạnh công viên Phú Đô","11,85 tỷ",145 m²,"81,72 tr/m²",4,3,"Phú Đô, Nam Từ Liêm","21.0124320983887, 105.767395019531"
40894473,09/03/2025,"Chính chủ cần bán gấp căn hộ Studio tầng 22, Vinhomes Green Bay, view hồ,DT 29m2,giá bán 1.23tỷ","1,23 tỷ",29 m²,"42,41 tr/m²",1,1,"Mễ Trì, Nam Từ Liêm","20.998958587646484, 105.78803253173828"
42342593,09/03/2025,"Chủ nhà cần bán gấp giá theo HDMB CH 2N2WC 3,4 tỷ view đẹp, đứng tên trực tiếp với CDT 2 hầm để xe","3,4 tỷ","54,3 m²","62,62 tr/m²",2,2,"Tây Mỗ, Nam Từ Liêm","21.009093317704284, 105.74398228971783"
42375723,09/03/2025,"Bán căn 2 ngủ Lumi Hà Nội giai đoạn 1 tầng trung hướng mát giá đẹp 3,85 tỷ lh 0973 710 ***","3,85 tỷ",54 m²,"71,3 tr/m²",N/A,N/A,"Tây Mỗ, Nam Từ Liêm","21.011001652991233, 105.73609927589527"
42359415,09/03/2025,Chính chủ bán căn penhouse rộng 365m2 tòa Golden Palace giá thỏa thuận. LH 0911 717 ***,Giá thỏa thuận,365 m²,N/A,4,4,"Mễ Trì, Nam Từ Liêm","21.01225399623398, 105.77544989491352"
40145091,09/03/2025,"Chính chủ bán gấp trong tuần CH 3PN - 2WC, DT 93,3m2, tòa G2 CC Vinhomes Green Bay, giá 6 tỷ",6 tỷ,"93,3 m²","64,31 tr/m²",3,2,"Mễ Trì, Nam Từ Liêm","20.9989585876465, 105.788032531738"
42375782,09/03/2025,CCMN LÊ ĐỨC THỌ XÂY MỚI THANG MÁY 13 PHÒNG FULL ĐỒ 65 TRIỆU/ THÁNG - LÔ GÓC - 11.9 Tỷ - 50M2,"11,9 tỷ",50 m²,238 tr/m²,13,13,"Mỹ Đình 2, Nam Từ Liêm","21.03137767948972, 105.76815246104738"
40894440,09/03/2025,"Chính chủ bán gấp trong tháng căn hộ 2PN - 2WC, tòa G2 Vinhomes Green Bay giá 4,2tỷ. LH 0869 181 ***","4,2 tỷ",70 m²,60 tr/m²,2,2,"Mễ Trì, Nam Từ Liêm","20.9989585876465, 105.788032531738"
42375711,09/03/2025,"Tổng hợp quỹ căn hộ bán studio, 1PN - 4PN Giá Siêu Rẻ - HOT Smart City cập nhật mới nhất 10/03/2025","3,6 tỷ",50 m²,72 tr/m²,2,N/A,"Tây Mỗ, Nam Từ Liêm","21.00843418457459, 105.74448876740183"
41664123,09/03/2025,"Siêu cắt lỗ: Chủ nhà bán 2.6 tỷ căn 1N+ tòa S2, DT 42,7m2, full đồ. Giá có thể thương lượng bao phí","2,6 tỷ","42,7 m²","60,89 tr/m²",1,1,"Tây Mỗ, Nam Từ Liêm","21.006558880824482, 105.73653573725002"
42180117,09/03/2025,"Chính chủ cần bán gấp căn 3PN 107m2 toà S5, tầng 1X, giá chỉ nhỉnh 8 tỉ. LH 0988 020 ***",Giá thỏa thuận,107 m²,N/A,3,2,"Tây Mỗ, Nam Từ Liêm","21.0115852355957, 105.73583984375"
34057315,09/03/2025,"(Giá chuẩn) cần bán căn hộ W1 Vinhomes West Point 3PN 112m2 giá 7,2 tỷ view đẹp nhất dự án nhà mới","7,2 tỷ",112 m²,"64,29 tr/m²",3,3,"Mễ Trì, Nam Từ Liêm","21.0118827819824, 105.786445617676"
42104139,09/03/2025,"Bán gấp căn 2PN - 77m2 chung cư Florence, 28 Trần Hữu Dực, Mỹ Đình. Lh 0937 466 ***",Giá thỏa thuận,77 m²,N/A,2,2,"Cầu Diễn, Nam Từ Liêm","21.030289728025124, 105.7617359060814"
42319225,09/03/2025,"Chính chủ bán gấp căn hộ 4 ngủ, 182m2 Dolphin Plaza Số 6 Nguyễn Hoàng. Sẵn sổ Slot xe LH 0937 466 ***",Giá thỏa thuận,182 m²,N/A,4,3,"Mỹ Đình 2, Nam Từ Liêm","21.029466479001698, 105.7764398834797"
42319408,09/03/2025,Bán gấp căn 2PN - 74m2 chung cư Dolphin Plaza số 6 Nguyễn Hoàng. Nhà đẹp nội thất mới sẵn ở,Giá thỏa thuận,74 m²,N/A,2,2,"Mỹ Đình 2, Nam Từ Liêm","21.029833266299416, 105.77604562549293"
42113051,09/03/2025,"Bán gấp căn góc Đông Nam, trục hoa hậu 3PN 135,8m2 Iris Garden, view sân Mỹ Đình. Lh 0937 466 ***",Giá thỏa thuận,"135,8 m²",N/A,3,2,"Cầu Diễn, Nam Từ Liêm","21.0311622619629, 105.760414123535"
42321704,09/03/2025,"Chính chủ bán gấp căn 4PN - 129m2 CCCC Sunshine Center, 16 Phạm Hùng, nhà đẹp sẵn ở LH 0937 466 ***",9 tỷ,129 m²,"69,77 tr/m²",4,2,"Mỹ Đình 2, Nam Từ Liêm","21.018425347934755, 105.78087387484223"
42318931,09/03/2025,"Bán gấp 2 căn penthouse/duplex Iris Garden Mỹ Đình 4PN-185m2 nhà thô và full cao cấp, LH 0937 466 ***",Giá thỏa thuận,185 m²,N/A,4,4,"Cầu Diễn, Nam Từ Liêm","21.03117158447578, 105.76041201838429"
42314371,09/03/2025,"Bán gấp Duplex The Zei Mỹ Đình 4PN - 185m2 Hoàn thiện Nội thất cao cấp mới, sẵn sổ. LH 0937 466 ***",Giá thỏa thuận,185 m²,N/A,4,3,"Mỹ Đình 2, Nam Từ Liêm","21.0353010635348, 105.769404912464"
42137548,09/03/2025,"Tôi chính chủ cần bán căn hộ 2 ngủ 2WC + 1 toà S202 giá 3.9 tỷ diện tích 70,5m2 Vinhomes Smart City","3,9 tỷ","70,5 m²","55,32 tr/m²",2,2,"Tây Mỗ, Nam Từ Liêm","21.006762073430497, 105.73651123546291"
40911799,09/03/2025,"Chính chủ cần chuyển nhượng gấp căn 1PN + tại phân khu Imperia, 42.9m2, nguyên bản, giá chỉ 2.9 tỷ","2,9 tỷ","42,9 m²","67,6 tr/m²",2,1,"Tây Mỗ, Nam Từ Liêm","20.999277114868164, 105.73811340332031"
41607291,09/03/2025,"Siêu Hot: giá chỉ 3.8 tỷ: 2PN +, DT 64.6m2, tại phân khu Sapphỉe Vinhome Smart City.","3,8 tỷ","64,6 m²","58,82 tr/m²",2,N/A,"Tây Mỗ, Nam Từ Liêm","21.0062160491943, 105.736473083496"
40262811,09/03/2025,"Chính chủ cần bán căn 1PN + 47m2 toà B, full nội thất. Giá 2,7 tỷ bao toàn bộ thuế phí","2,7 tỷ",47 m²,"57,45 tr/m²",1,1,"Tây Mỗ, Nam Từ Liêm","21.0062065124512, 105.737075805664"
42375568,09/03/2025,"BÁN CĂN HỘ MINI MỸ ĐÌNH,2 THOÁNG ,75M, 6TẦNG , 15 PHÒNG KK ,DÒNG TIỀN 85tr/tháng, 50m ra Ô TÔ",16 tỷ,75 m²,"213,33 tr/m²",15,15,"Mỹ Đình 1, Nam Từ Liêm","21.02941034959, 105.775081582127"
40991420,09/03/2025,Bán gấp căn hộ 3PN 2VS diện tích 76m2 tòa I3 Vinhomes Smart City,"4,75 tỷ",76 m²,"62,5 tr/m²",3,2,"Tây Mỗ, Nam Từ Liêm","20.9992771148682, 105.73811340332"
42340958,09/03/2025,"Chính chủ cần chuyển đổi căn rộng hơn nên bán gấp căn 2PN1VS giá 3,62 tỷ full nội thất mơi cao cấp","3,62 tỷ","55,2 m²","65,58 tr/m²",2,1,"Tây Mỗ, Nam Từ Liêm","20.99942610262468, 105.73775770654456"
38832524,09/03/2025,Tôi chính chủ cần bán căn hộ 2 ngủ 2WC + 1 toà S205 giá 3.3 tỷ diện tích 69.2m2 Vinhomes Smart City,"3,3 tỷ","69,2 m²","47,69 tr/m²",2,2,"Tây Mỗ, Nam Từ Liêm","21.006722671353188, 105.73637008467763"
39443540,09/03/2025,Bán cắt lỗ căn hộ 1PN + 1 42.9m2 giá 2.6tỷ hỗ trợ phí sang tên tại Vinhomes Smart City,"2,6 tỷ","42,9 m²","60,61 tr/m²",1,1,"Tây Mỗ, Nam Từ Liêm","21.006216049194336, 105.7364730834961"
42279479,09/03/2025,"Bán CC 3PN giá siêu hời, 5 tỷ, 106m2 tại Đường 70, Xuân Phương, Nam Từ Liêm, Hà Nội",5 tỷ,106 m²,"47,17 tr/m²",3,2,"Xuân Phương, Nam Từ Liêm","21.025421345596843, 105.7401600706018"
40676603,09/03/2025,Chính chủ bán nhanh căn hộ chung cư Ecolife Capital căn 3pn - DT 111m2 - giá 5.8 tỷ - LH 0988 246 ***,"5,88 tỷ",111 m²,"52,97 tr/m²",3,2,"Trung Văn, Nam Từ Liêm","20.9945335388184, 105.789390563965"
42362556,09/03/2025,"Cần bán căn hộ Ecolife Capitol, 76m2 - 2PN 2WC, căn góc. Sẵn sổ. Giá 5 tỷ. LH 0355 075 ***",5 tỷ,76 m²,"65,79 tr/m²",2,2,"Trung Văn, Nam Từ Liêm","20.994062578410656, 105.78924484913732"
40553630,09/03/2025,"Bán gấp căn góc 3 ngủ C14 Bắc Hà - Tố Hữu giá rẻ 5 tỷ 5 sổ đỏ chính chủ, nội thất đầy đủ","5,5 tỷ",115 m²,"47,83 tr/m²",3,2,"Trung Văn, Nam Từ Liêm","20.990095861564118, 105.7839120251402"
40799764,09/03/2025,Bán gấp chung cư 3 phòng ngủ tòa C14 Tố Hữu - Full nội thất đẹp - Sổ đỏ lâu dài - Giá 5 tỷ 3,"5,3 tỷ",100 m²,53 tr/m²,3,2,"Trung Văn, Nam Từ Liêm","20.990868828128519, 105.78384679150561"
39314249,09/03/2025,"Bán Gấp căn góc 3PN ban công Đông Nam CC Roman Plaza nội thất, tầng 17, giá bán 6 tỷ 9","6,9 tỷ",110 m²,"62,73 tr/m²",3,2,"Đại Mỗ, Nam Từ Liêm","20.984340667724609, 105.77680969238281"
42363098,09/03/2025,"GẤP nhà như ảnh - Căn hộ 62m2, 2N2VS, chủ cực thiện chí bán. Click nhận TT!",Giá thỏa thuận,62 m²,N/A,2,2,"Mỹ Đình 1, Nam Từ Liêm","21.021945292835156, 105.77145496073784"
41528370,09/03/2025,Chính chủ gửi bán CH 2N 2WC - Tòa G3 HDMB 50 năm - Vinhomes Green Bay Mễ Trì - 0974 046 ***,"3,5 tỷ","53,3 m²","65,67 tr/m²",2,2,"Mễ Trì, Nam Từ Liêm","20.998940173295527, 105.78794246227353"
42166737,09/03/2025,"Cần bán 2N1WC 55.1m2, 2.9 tỷ, tầng trung, sẵn sổ, thiện chí có thương lượng thêm","2,9 tỷ","55,1 m²","52,63 tr/m²",N/A,N/A,"Tây Mỗ, Nam Từ Liêm","21.006735032991678, 105.73713824421375"
42040410,09/03/2025,"Chính chủ bán căn 1N + 41.9m2 toà B, giá 2.9 tỷ, tầng đẹp, có slot ô tô dưới hầm, hỗ trợ vay NH","2,9 tỷ","41,9 m²","69,21 tr/m²",1,N/A,"Tây Mỗ, Nam Từ Liêm","21.0061761319695, 105.737072509951"
40991614,09/03/2025,"Chính chủ bán gấp căn 2 + 1 tòa GS3 diện tích 63m2, Vinhomes Smart City","3,75 tỷ",63 m²,"59,52 tr/m²",2,2,"Tây Mỗ, Nam Từ Liêm","21.006574630737305, 105.74504852294922"
41672929,09/03/2025,"Chính chủ cần bán căn studio tòa S105, DT 28,0m2 hướng ĐN, NT full đẹp. Giá 1,8 tỷ nét","1,8 tỷ",28 m²,"64,29 tr/m²",N/A,1,"Tây Mỗ, Nam Từ Liêm","21.0062160491943, 105.736473083496"
39910815,09/03/2025,"Thu hồi vốn! Bán căn Studio giá 1,95 tỷ full nội thất. Cần bán gấp giá thấp hơn thị trường","1,95 tỷ","28,4 m²","68,66 tr/m²",1,1,"Tây Mỗ, Nam Từ Liêm","20.9992771148682, 105.73811340332"
41657847,09/03/2025,"Chính chủ bán căn 1N + tòa GS2, DT 42,8m, 2.6 tỷ bao phí, tầng đẹp view đẹp, NT full, BC hướng ĐN.","2,6 tỷ","42,8 m²","60,75 tr/m²",1,1,"Tây Mỗ, Nam Từ Liêm","21.006574630737305, 105.74504852294922"
40851751,09/03/2025,"Chính chủ bán căn 3PN - 81.8m2, 4.4 tỷ, nhà đủ nội thất (chính chủ) cc cao cấp Vinhomes Smart City","4,4 tỷ","81,8 m²","53,79 tr/m²",3,2,"Tây Mỗ, Nam Từ Liêm","21.0065746307373, 105.745048522949"
42365530,09/03/2025,"Tu Hoàng 100m, 8 Tầng, MT 4,2m. Oto tránh, KD. 27 phòng cho thuê 140tr/ 1 tháng. 19 tỷ",19 tỷ,100 m²,190 tr/m²,27,27,"Phương Canh, Nam Từ Liêm","21.0534985052356, 105.730846701116"
42341617,09/03/2025,"Chính chủ cần bán gấp CH 1N1VS + 1, full nội thất, sẵn sổ giá 3,38 tỷ. LH 0975 982 ***","3,38 tỷ","41,9 m²","80,67 tr/m²",1,1,"Tây Mỗ, Nam Từ Liêm","21.006526170842104, 105.73722274884311"
42333724,09/03/2025,Cần bán căn 1N + DT 48m2 giá 2.9 tỷ tòa S3 - Vinhomes Smart City,"2,9 tỷ",48 m²,"60,42 tr/m²",1,1,"Tây Mỗ, Nam Từ Liêm","21.005899402188206, 105.73702919749358"
42236595,09/03/2025,Bán căn 3 ngủ view sân Mỹ Đình tại FLorence - giá chỉ 5 ty 9,"5,95 tỷ",85 m²,70 tr/m²,3,2,"Cầu Diễn, Nam Từ Liêm","21.030936594143846, 105.76103796386589"
42362517,09/03/2025,"Chính chủ bán căn 3PN Solar Park đóng tiến độ giãn tới 2026, view thoáng miễn phí bể bơi gym, để xe","5,23 tỷ",76 m²,"68,84 tr/m²",3,2,"Tây Mỗ, Nam Từ Liêm","21.009394252131223, 105.74402946056489"
40907660,09/03/2025,"Chính chủ cần tiền gấp bán nhanh căn 3PN 74,9m2 giá 4,25 tỷ Vinhome Smart City. L/H: 0975 982 ***","4,25 tỷ","74,9 m²","56,74 tr/m²",3,2,"Tây Mỗ, Nam Từ Liêm","21.006216049194336, 105.7364730834961"
42375368,09/03/2025,(Giá Tốt)Em Linh xin mời khách căn hộ 3PN tại Golden Palace Mễ Trì.Sẵn sổ.Đủ Nội Thất.Giá 7 Tỷ 25,"7,25 tỷ",118 m²,"61,44 tr/m²",3,2,"Mễ Trì, Nam Từ Liêm","21.01150988506668, 105.77501420372177"
42324175,09/03/2025,Bán căn 2 ngủ tại chung cư The Zei Giá 7 tỷ 3,"7,3 tỷ","91,5 m²","79,78 tr/m²",2,2,"Mỹ Đình 2, Nam Từ Liêm","21.03429719851635, 105.77005095779533"
42375420,09/03/2025,"Căn hộ 2PN giá rẻ nhất phân khu The Canopy- Vinhomes Smart City, chỉ 66tr/m2.","4,35 tỷ","70,5 m²","61,7 tr/m²",2,2,"Tây Mỗ, Nam Từ Liêm","21.001010260672828, 105.73911155525776"
42209850,09/03/2025,"Chính chủ bán gấp chung cư cao cấp MHD Trung Văn, 136m","10,68 tỷ",136 m²,"78,53 tr/m²",4,2,"Trung Văn, Nam Từ Liêm","20.9925174987849, 105.785226794726"
41966921,09/03/2025,Tôi cần bán căn 2PN DT 75m2 tầng trung full nội thất có slot ô tô có sổ đỏ CC Ecolife Tố Hữu,"3,6 tỷ",78 m²,"46,15 tr/m²",2,2,"Trung Văn, Nam Từ Liêm","20.9945607911728, 105.789346580073"
42118953,09/03/2025,"Cần bán nhanh căn hộ toà CT2 Vietel - Thelight Tố Hữu, DT 131m2, 3pn, giá tốt","6,96 tỷ","126,5 m²",55 tr/m²,3,2,"Trung Văn, Nam Từ Liêm","20.993731923202706, 105.78881571287093"
39425233,09/03/2025,"Thủ tục nhanh gọn chính chủ bán gấp căn hộ 2N2WC tại The Tonkin giá tốt 3,9 tỷ full đồ","3,9 tỷ","64,5 m²","60,46 tr/m²",2,2,"Tây Mỗ, Nam Từ Liêm","21.0052261352539, 105.738914489746"
42230248,09/03/2025,"Bán CC Ecolife Capitol, Tố Hữu, Trung Văn, Nam Từ Liêm, Hà Nội, 62 triệu / m2, 110m2","6,82 tỷ",110 m²,62 tr/m²,3,2,"Trung Văn, Nam Từ Liêm","20.994419200885964, 105.79033396485649"
41358159,09/03/2025,"Em bán gấp căn 3 ngủ rộng tại Roman Plaza, 7 tỷ, 113m2 Full nội thất, có slot ô tô, sổ đỏ cất két",7 tỷ,112 m²,"62,5 tr/m²",3,2,"Đại Mỗ, Nam Từ Liêm","20.984340667724609, 105.77680969238281"
41476776,09/03/2025,"Em chính chủ bán căn 3N SA2, 81,7m2 tầng 8, 60tr/m2, có slot ôtô hỗ trợ khách mua vay NH","4,9 tỷ","81,7 m²",60 tr/m²,3,N/A,"Tây Mỗ, Nam Từ Liêm","21.005879461665863, 105.73927765135045"
42304507,09/03/2025,"Bán Chung cư mini 1PN, 1WC tại Đại Linh, Trung Văn, Nam Từ Liêm, Hà Hà Nội, 1,38 tỷ, 40m2, view đẹp","1,38 tỷ",40 m²,"34,5 tr/m²",1,1,"Trung Văn, Nam Từ Liêm","20.9964842356208, 105.770792272204"
41082966,09/03/2025,"Chính chủ bán căn 2N, 2VS 3,35 tỉ tòa SA3, Vinhomes Smart City","3,35 tỷ",54 m²,"62,04 tr/m²",2,2,"Tây Mỗ, Nam Từ Liêm","21.005226135253906, 105.7389144897461"
42351509,09/03/2025,"Chính chủ thiện chí bán căn duplex 190m2 toà Roman Plaza, full đồ, nhà đẹp, giá bán 13.2 tỷ","13,2 tỷ",190 m²,"69,47 tr/m²",3,3,"Đại Mỗ, Nam Từ Liêm","20.98387662938739, 105.77646316324456"
28000767,09/03/2025,(Giá chuẩn) bán gấp căn hộ Vinhomes West Point 111m2 hoa hậu góc 3PN tòa W3 tầng 28 view rất đẹp,"10,5 tỷ",111 m²,"94,6 tr/m²",3,2,"Mễ Trì, Nam Từ Liêm","21.0118827819824, 105.786445617676"
42198926,09/03/2025,"Chính chủ bán căn studio tòa G3 Vinhomes Green Bay Mễ Trì - Giá 1,75 tỷ view siêu đẹp - 0974 121 ***","1,75 tỷ","28,2 m²","62,06 tr/m²",1,1,"Mễ Trì, Nam Từ Liêm","20.9989930536553, 105.787935828446"
40017601,09/03/2025,"Chính chủ bán cắt lỗ căn 1N 45.7m2, 73tr/m2 phân khu The Tonkin, giá bán nhanh, có thương lượng","3,34 tỷ","45,7 m²",73 tr/m²,1,1,"Tây Mỗ, Nam Từ Liêm","21.0052261352539, 105.738914489746"
41774543,09/03/2025,Cần tiền gấp thanh khoản nhanh căn đầu tư DT 63.7m2 tại Masteri Vinhomes Smart City,"3,99 tỷ","63,7 m²","62,64 tr/m²",2,2,"Tây Mỗ, Nam Từ Liêm","21.0056191973742, 105.736722048057"
42367413,09/03/2025,"Hàng Chủ đầu tư-Căn 2 ngủ góc V2.1017 ĐN-ĐB chỉ 4,9tỷ, vốn tự có 1tỷ!","4,9 tỷ","69,1 m²","70,91 tr/m²",2,2,"Tây Mỗ, Nam Từ Liêm","21.009192839388596, 105.74378036446934"
41515262,09/03/2025,"Chính chủ chuyển nhà bán gấp tòa G2 - 3PN 2VS, giá 6,8 tỷ view siêu đẹp!","6,8 tỷ","83,82 m²","81,13 tr/m²",3,2,"Mễ Trì, Nam Từ Liêm","20.9989585876465, 105.788032531738"
39602882,09/03/2025,"Giá tốt nhất thị trường căn 2N +, 64m2, full đồ xịn, Imperia Smart City view thoáng chỉ 3,5 tỷ","3,5 tỷ",64 m²,"54,69 tr/m²",2,2,"Tây Mỗ, Nam Từ Liêm","20.999277114868164, 105.73811340332031"
42332637,09/03/2025,"Chính chủ bán cắt lỗ căn 2N 2VS 54 m2 - 3,95 tỷ phân khu cao cấp Masteri Homes","3,95 tỷ",54 m²,"73,15 tr/m²",2,2,"Tây Mỗ, Nam Từ Liêm","21.005978696001666, 105.73779159948752"
41934278,09/03/2025,"Bán CC Vinaconex 7 KĐT Mỹ Đình 55,5triệu/m2, 100m2,3PN Cạnh Vimhones Gardenia Hà Nội. LH 0963 180 ***","5,55 tỷ",100 m²,"55,5 tr/m²",3,2,"Cầu Diễn, Nam Từ Liêm","21.03399603462433, 105.75898572989306"
42004252,09/03/2025,Duy Nhất 3PN 116m2 BC Đông Nam GIÁ rẻ hơn 5tr/m2 tại CC Báo Nhân Dân Mỹ Đình Sẵn SỔ ĐỎ.Có Slot ô tô,Giá thỏa thuận,116 m²,N/A,4,2,"Phương Canh, Nam Từ Liêm","21.0303382561661, 105.759394851164"
42038345,09/03/2025,Tôi cần bán Chung cư Mỹ Đình Plaza DT 73.5m2 nhỉnh 4 tỷ - gần BXe Mỹ Đình.sẵn Sổ Đỏ Full đồ.,Giá thỏa thuận,"73,5 m²",N/A,2,2,"Cầu Diễn, Nam Từ Liêm","21.02954797552279, 105.77714710371225"
41943761,09/03/2025,"Bán căn góc 2PN 68m2 gia 3.xtỷ Đông Nam sẵn sổ đỏ,full NT,chung cư Báo Nhân Dân TW ĐẢNG,Nam Từ Liêm",Giá thỏa thuận,68 m²,N/A,2,2,"Phương Canh, Nam Từ Liêm","21.03295657842407, 105.75347720219536"
42015810,09/03/2025,"Mở bán - dự án K5 - chung cư mini Mỹ Đình 36m, 50m2, ở ngay gần trường mầm non Mỹ Đình - 0983 169 ***","1,1 tỷ",36 m²,"30,56 tr/m²",1,1,"Mỹ Đình 1, Nam Từ Liêm","21.0238026116664, 105.774181822103"
42166992,09/03/2025,"Cần bán gấp căn hộ 2PN - Imperia Vinhomes Smartcity, gần nhà để xe, giá 3,9 tỷ bao phí","3,9 tỷ","55,1 m²","70,78 tr/m²",2,1,"Tây Mỗ, Nam Từ Liêm","20.999345951871415, 105.73851611498743"
40876854,09/03/2025,"CC bán Masteri: 1PN + 46.5m2, 2.85 tỷ bao phí, full đồ đầu tư 250tr, sẵn sổ (DTTT 41.94m2)","2,85 tỷ","41,94 m²","67,95 tr/m²",1,1,"Tây Mỗ, Nam Từ Liêm","21.0062065124512, 105.737075805664"
42211766,09/03/2025,"Nhượng gấp căn 2PN 2VS - tòa G1, sổ lâu dài - GreenBay Mễ Trì, giá: 4,8 tỷ - View đẹp - 0974 121 ***","4,8 tỷ","62,1 m²","77,3 tr/m²",2,2,"Mễ Trì, Nam Từ Liêm","20.9990222428208, 105.787988202623"
41602028,09/03/2025,"Cần bán gấp căn hộ 2N2VS cao cấp tòa TK2 tầng cao, diện tích 61,4 m2, Vinhomes Smart City","4,25 tỷ","61,4 m²","69,22 tr/m²",2,2,"Tây Mỗ, Nam Từ Liêm","21.005314247211366, 105.73958469972386"
40713085,09/03/2025,"Chính chủ cần bán căn 1PN + 1, Dt: 43m2 tầng trung, view Panorama tòa SA3 - giá để rẻ chỉ 2,69 tỷ","2,69 tỷ",43 m²,"62,56 tr/m²",1,1,"Tây Mỗ, Nam Từ Liêm","21.00469769241692, 105.73879813093156"
37965230,09/03/2025,"Bán căn 2 ngủ Roman Plaza, Tố Hữu. Giá 5 tỷ DT 78m2 và 2VS LH 0978 965 *** Mr Thành",5 tỷ,78 m²,"64,1 tr/m²",2,2,"Đại Mỗ, Nam Từ Liêm","20.9843406677246, 105.776809692383"
42355637,09/03/2025,"Căn hộ Garden Hills 99 Trần Bình DT 78m2, 2PN, 2WC, pháp lý đầy đủ. Giá 4,7 tỷ LH 0978,965831","4,7 tỷ",78 m²,"60,26 tr/m²",2,2,"Mỹ Đình 2, Nam Từ Liêm","21.030826820715937, 105.77719660208136"
41296554,09/03/2025,"Bán căn hộ 2 ngủ FLC 36 Phạm Hùng view Hồ Điều Hoà. Giá 4,5 tỷ DT 70m2 và 2VS. LH 0978 965 ***","4,5 tỷ",70 m²,"64,29 tr/m²",2,2,"Mỹ Đình 2, Nam Từ Liêm","21.028190612793, 105.779197692871"
37754319,09/03/2025,"Giá thật cần bán căn hộ 3 phòng ngủ C14 Bắc Hà. Giá 5,3 tỷ, DT 108m2 và 2 WC. LH 0978,965831","5,3 tỷ",108 m²,"49,07 tr/m²",3,2,"Trung Văn, Nam Từ Liêm","20.9908123016357, 105.783912658691"
40746255,09/03/2025,"Gia đình cần chuyển nhượng gấp căn hộ 2PN + tại toà Tonkin, DT 70.7m2, full đồ, giá 5.05 tỷ","5,05 tỷ","70,7 m²","71,43 tr/m²",2,2,"Tây Mỗ, Nam Từ Liêm","21.005226135253906, 105.7389144897461"
42298718,09/03/2025,"Bán căn hộ 3PN tòa CT8 The Emerald Mỹ Đình, không view nghĩa trang giá 6 tỷ bao phí. Lh: 0986 787 ***",6 tỷ,95 m²,"63,16 tr/m²",3,2,"Mỹ Đình 1, Nam Từ Liêm","21.022069654620008, 105.77104120772067"
42359288,09/03/2025,"Bán căn hộ 128m2 3PN chung cư Golden Palace Mễ Trì, ban công hướng Nam, full nội thất giá 6.8 tỷ","6,8 tỷ",128 m²,"53,12 tr/m²",3,2,"Mễ Trì, Nam Từ Liêm","21.011560364283383, 105.77484820348259"
42362932,09/03/2025,"Chính chủ cần bán căn hộ 3PN chung cư Roman Plaza, nhà đầy đủ nội thất, giá bán nhanh 6.9 tỷ","6,9 tỷ",103 m²,"66,99 tr/m²",3,2,"Đại Mỗ, Nam Từ Liêm","20.98448314215998, 105.7767513365857"
42165247,09/03/2025,"Chính chủ cần bán gấp căn 3PN - DT 80,1m2, tòa B Vinhomes Marteri West Heights Tây Mỗ, 5,8 tỷ","5,8 tỷ","80,1 m²","72,41 tr/m²",3,2,"Tây Mỗ, Nam Từ Liêm","21.00627990357378, 105.73705077054792"
40909175,09/03/2025,"Chính chủ bán căn 1 PN + diện tích 42,8m2 để đổi căn to hơn giá 2,85 tỷ tốt nhất. LH: 0975 982 ***","2,85 tỷ","42,8 m²","66,59 tr/m²",1,1,"Tây Mỗ, Nam Từ Liêm","21.0065746307373, 105.745048522949"
39888298,09/03/2025,"Bán căn 3PN tòa I1 81m2 (TT 74.5m2), 4,9 tỷ, nhà đủ nội thất (chính chủ) Imperia Smart City","4,9 tỷ",81 m²,"60,49 tr/m²",3,2,"Tây Mỗ, Nam Từ Liêm","20.9992771148682, 105.73811340332"
42099040,09/03/2025,Chính chủ bán gấp giá gốc 1.1 tỷ: Căn studio view hồ Vinhomes Green Bay Mễ Trì,Giá thỏa thuận,29 m²,N/A,1,1,"Mễ Trì, Nam Từ Liêm","20.9989585876465, 105.788032531738"
29984098,09/03/2025,"Bán căn hộ 118m2 - 3PN Golden Palace hướng Nam thoáng mát, full đồ. LH: 0974 538 ***",Giá thỏa thuận,118 m²,N/A,3,2,"Mễ Trì, Nam Từ Liêm","21.0119361877441, 105.774993896484"
30019040,09/03/2025,"Chính chủ cần bán 2 căn hộ 105m2 và 125m2 chung cư Golden Palace Mễ Trì, giá tốt. LH: 0974 538 ***","6,09 tỷ",105 m²,58 tr/m²,3,2,"Mễ Trì, Nam Từ Liêm","21.01193618774414, 105.77499389648438"
40851842,09/03/2025,Studio tòa TK2 29.1m2 - Tonkin - Vinhomes Smart City (DT TT 25m2) - chính chủ bán cắt lỗ,"2,01 tỷ","29,1 m²","69,07 tr/m²",1,1,"Tây Mỗ, Nam Từ Liêm","21.0052261352539, 105.738914489746"
35249674,09/03/2025,"Mới: Quỹ căn hộ 3PN - dualkey cần bán gấp tại The Matrix One, SĐCC, hỗ trợ vay vốn. 0974 538 ***",9 tỷ,112 m²,"80,36 tr/m²",3,2,"Mễ Trì, Nam Từ Liêm","21.0093860626221, 105.773872375488"
42362743,09/03/2025,"(Mới nhất) Bán căn hộ chung cư cao cấp FLorence, 28 Trần Hữu Dực, Mỹ Đình, 03PN, 81m2, sổ đỏ sẵn.","5,7 tỷ",81 m²,"70,37 tr/m²",3,2,"Cầu Diễn, Nam Từ Liêm","21.030663560332883, 105.76122796096116"
35596952,09/03/2025,"Bán 3 căn hộ 133m2 144m2 156m2 cần bán gấp chung cư Dolphin Plaza, giá từ 48tr/m2. LH: 0974 538 ***","6,91 tỷ",144 m²,48 tr/m²,3,3,"Mỹ Đình 2, Nam Từ Liêm","21.0300445556641, 105.776626586914"
42366169,09/03/2025,Chính chủ gửi bán căn hộ Mon City (HD Mon)- 52m2- 2PN -2VS - NT đầy đủ - Cam kết: Báo giá chuẩn,"4,3 tỷ",52 m²,"82,69 tr/m²",2,2,"Mỹ Đình 2, Nam Từ Liêm","21.034990871912896, 105.76813564550234"
42312776,09/03/2025,Em cần bán căn hộ Iris Garden 2PN - 67m2 - tầng trung - BC Nam - View SVĐ - full - Sổ sẵn - 4.6 tỷ,"4,6 tỷ",67 m²,"68,66 tr/m²",2,2,"Cầu Diễn, Nam Từ Liêm","21.0313399268186, 105.760091226855"
42312300,09/03/2025,"Bán căn hộ chung cư cao cấp The Zei - 2PN - 92m2 - tòa B - NT cơ bản - không báo giá chênh, giá ảo","7,6 tỷ",92 m²,"82,61 tr/m²",2,2,"Mỹ Đình 2, Nam Từ Liêm","21.0339456864639, 105.770170897586"
42322182,09/03/2025,"Bán căn hộ Hoàng Thành Pearl 03PN,114m2, NT cơ bản. Giao dịch chính chủ. Cam kết giá chuẩn.","7,9 tỷ",114 m²,"69,3 tr/m²",3,2,"Cầu Diễn, Nam Từ Liêm","21.04083266933088, 105.76130906639291"
42301283,09/03/2025,"Bán căn hộ CCCC The Zei, số 8 Lê Đức Thọ, 3PN, 108m2, tòa B, căn góc. Cam kết báo giá chuẩn",9 tỷ,108 m²,"83,33 tr/m²",3,2,"Mỹ Đình 2, Nam Từ Liêm","21.0349339313572, 105.769695400559"
42366214,09/03/2025,"Bán căn hộ CC Dolphin Plaza, 186m2, 4PN,căn góc, NT nhập khẩu, tầng trung, hướng mát. GD chính chủ",12 tỷ,186 m²,"64,52 tr/m²",4,3,"Mỹ Đình 2, Nam Từ Liêm","21.030135796393008, 105.776790734543"
42362675,09/03/2025,Cần bán căn hộ Iris Garden - Tòa CT3 - 104m2 - 3PN - BC Đông - Tầng trung - 7 tỷ. LH. 0987 514 ***,7 tỷ,104 m²,"67,31 tr/m²",3,2,"Cầu Diễn, Nam Từ Liêm","21.030962768392474, 105.76006471431312"
42363042,09/03/2025,Chính chủ cần bán căn hộ Iris Garden- 30 Trần Hữu Dực- Tòa CT1A - 135m2 - 3PN- NT mới tinh -BC Nam.,"7,9 tỷ",135 m²,"58,52 tr/m²",3,2,"Cầu Diễn, Nam Từ Liêm","21.031071242614193, 105.7603963467008"
42362569,09/03/2025,Chính chủ cần bán căn hộ Iris Garden - Tòa CT1A - 61m2 - 2PN - NT nguyên bản. Giá đầu tư,"4,4 tỷ",62 m²,"70,97 tr/m²",2,2,"Cầu Diễn, Nam Từ Liêm","21.03117016676813, 105.75953972724632"
42199727,09/03/2025,"Bán quỹ CHCC giá rẻ nhất 3PN, Vinhomes Gardenia giá tốt nhất thị trường năm 2025","7,9 tỷ",110 m²,"71,82 tr/m²",3,2,"Cầu Diễn, Nam Từ Liêm","21.03654288492275, 105.7608914376068"
42206527,09/03/2025,"Tôi chính chủ bán gấp căn hộ chính chủ 2PN chung cư Hoàng Thành Pearl, giá cực tốt","5,8 tỷ",80 m²,"72,5 tr/m²",2,2,"Cầu Diễn, Nam Từ Liêm","21.040382052291164, 105.76097650723021"
42134689,09/03/2025,"Tôi có nhu cầu chuyển đổi cần bán gấp CH 75m2, 2PN nhà full đồ, view thoáng, CC Vinhomes Gardenia",5 tỷ,75 m²,"66,67 tr/m²",2,2,"Cầu Diễn, Nam Từ Liêm","21.036784643171504, 105.76073862580516"
36206143,09/03/2025,"Chính chủ bán gấp căn hộ 2 ngủ 60m2 sổ đỏ, full nội thất đẹp 4.x tỷ The Garden Hill 99 Trần Bình","4,3 tỷ",60 m²,"71,67 tr/m²",2,2,"Mỹ Đình 2, Nam Từ Liêm","21.0304050445557, 105.777030944824"
38798528,09/03/2025,"Cần bán căn hộ An Bình Plaza 3N 2VS 83m2, 4.8 tỷ full nội thất đẹp về chỉ việc ở. LH: 0853 368 ***","5,6 tỷ",83 m²,"67,47 tr/m²",3,2,"Mỹ Đình 2, Nam Từ Liêm","21.0309085845947, 105.777183532715"
42375005,09/03/2025,(Tin thật 100%) Căn hộ 93m2 x 2PN có slot ô tô tại The Zei - Ban công hướng Bắc - Tặng NT 350 triệu,"8,35 tỷ",93 m²,"89,78 tr/m²",2,2,"Mỹ Đình 2, Nam Từ Liêm","21.034662628752, 105.77021764744"
41528726,09/03/2025,"Cắt lỗ bán gấp căn 2PN 2VS tòa G3 - Giá 3,6 tỷ - View đẹp - 0974 121 ***","3,6 tỷ","53,3 m²","67,54 tr/m²",2,2,"Mễ Trì, Nam Từ Liêm","20.9989585876465, 105.788032531738"
40934797,09/03/2025,Chính chủ bán Studio - 30.06m2 - 1.2 tỷ - Vinhomes Green Bay Mễ Trì,"1,2 tỷ","30,06 m²","39,92 tr/m²",1,1,"Mễ Trì, Nam Từ Liêm","20.9989339731345, 105.78769166642701"
41538424,09/03/2025,"Cần tiền tôi muốn bán gấp căn hộ 1 +, diện tích 47.6m2, Imperia Vinhomes Smart City","3,15 tỷ","47,6 m²","66,18 tr/m²",1,1,"Tây Mỗ, Nam Từ Liêm","20.999576363856786, 105.73803409085801"
42374962,09/03/2025,"Chính chủ cần bán căn 1 ngủ/ 42.2m2 trục 02 toà S1, tầng trung view trọn cầu ánh sáng, các bể bơi","3,3 tỷ","42,2 m²","78,2 tr/m²",1,1,"Tây Mỗ, Nam Từ Liêm","21.01146186018025, 105.73587061406752"
42187105,09/03/2025,Gia đình cần bán gấp CH - 66m2 2PN 2WC ban công Đông Nam view hồ ở FLC 36 Phạm Hùng giá 4 tỷ,4 tỷ,66 m²,"60,61 tr/m²",2,2,"Mỹ Đình 2, Nam Từ Liêm","21.028405571324818, 105.78000279924377"
42357638,09/03/2025,"Bán CH Roman Plaza, Tố Hữu, Đại Mỗ, Nam Từ Liêm, 78.7m2 (2N + 2VS) full nội thất siêu đẹp","5,35 tỷ","78,7 m²",68 tr/m²,2,2,"Đại Mỗ, Nam Từ Liêm","20.984298149471336, 105.77662172671421"
42347936,09/03/2025,"Siêu hot căn hộ 103.1m2 (3N+2VS) tại Roman Plaza, Tố Hữu, Đại Mỗ, Nam Từ Liêm căn góc cực đẹp","7,22 tỷ","103,1 m²",70 tr/m²,3,2,"Đại Mỗ, Nam Từ Liêm","20.9840615427311, 105.776758438603"
42185503,09/03/2025,"(Căn hiếm) chính chủ bán căn 70m2 - 1PN - 1WC full nội thất, ban công hướng Nam giá 3,8 tỷ","3,8 tỷ",70 m²,"54,29 tr/m²",1,1,"Mỹ Đình 2, Nam Từ Liêm","21.029904842272746, 105.77720697229807"
42216042,09/03/2025,"Chính chủ bán căn hộ 2PN góc 69m2, full đồ giá 4.3 tỷ toà The Sakura Vinhomes Smart City","4,3 tỷ",69 m²,"62,32 tr/m²",2,2,"Tây Mỗ, Nam Từ Liêm","21.005838809082675, 105.73933931198604"
41842537,09/03/2025,"Tôi cần bán căn SA3 1PN DT 43m2 giá 2,7 tỷ. Liên hệ: 0981 516 ***","2,7 tỷ",43 m²,"62,79 tr/m²",2,1,"Tây Mỗ, Nam Từ Liêm","21.00535678491396, 105.73933614127041"
42160847,09/03/2025,"Chính chủ bán CH 65m2 - 2PN - 2WC full nội thất, view thoáng ở The Garden Hills-99 Trần Bìn giá 4tỷ",4 tỷ,65 m²,"61,54 tr/m²",2,2,"Mỹ Đình 2, Nam Từ Liêm","21.0305058833067, 105.776130612477"
41944684,09/03/2025,Chính chủ cần bán căn hộ 2PN - 59m2 - 3.2 tỷ toà S KĐT Vinhomes Smart City,"3,2 tỷ",59 m²,"54,24 tr/m²",2,1,"Tây Mỗ, Nam Từ Liêm","21.0055310741901, 105.7367430692485"
42190956,09/03/2025,"Bán cắt lỗ căn 2 ngủ 2 vệ sinh tòa Sakura 3,6 tỷ - KĐT Vinhomes Smart City","3,6 tỷ",55 m²,"65,46 tr/m²",2,2,"Tây Mỗ, Nam Từ Liêm","21.005244606766045, 105.73905152131361"
41830899,09/03/2025,"Tôi cần bán gấp căn Studio 32m2 full đồ xịn, hướng Đông Bắc, Vinhomes Smart City",Giá thỏa thuận,32 m²,N/A,1,1,"Tây Mỗ, Nam Từ Liêm","21.006445918414286, 105.73706224880758"
42366212,09/03/2025,(Tin thật 100%) Căn hộ Duplex 100m2 x 3PN tại Vinhomes Gardenia - Ban công Đông Nam - Nội thất xịn,"9,85 tỷ",100 m²,"98,5 tr/m²",3,2,"Cầu Diễn, Nam Từ Liêm","21.03640481047695, 105.7602163681227"
42357757,09/03/2025,"Bán CC Roman Plaza, Tố Hữu, Đại Mỗ, Nam Từ Liêm, HN giá 68 triệu/m2, 76.1m2","5,18 tỷ","76,1 m²",68 tr/m²,2,2,"Đại Mỗ, Nam Từ Liêm","20.984124509047504, 105.77640982880038"
42357710,09/03/2025,"Bán CC Roman Plaza Tố Hữu 77.6m2, 2PN, 2WC, view đẹp full nội thất","5,35 tỷ","77,6 m²",69 tr/m²,2,2,"Đại Mỗ, Nam Từ Liêm","20.984336433321044, 105.77595199739841"
42336050,09/03/2025,"Bán căn hộ Ecolife Capitol 75m2 (2PN, 2WC) căn góc siêu hot, sẵn sổ gd, full nội thất, có slot ô tô","4,88 tỷ",75 m²,65 tr/m²,2,2,"Trung Văn, Nam Từ Liêm","20.994238574637535, 105.78971638654882"
42137928,09/03/2025,"Em chính chủ bán 1N + 42.8m2 GS, giá 60tr/m2, full nội thất, thiện chí có thương lượng","2,57 tỷ","42,8 m²",60 tr/m²,1,N/A,"Tây Mỗ, Nam Từ Liêm","21.006590769278084, 105.74491383211958"
39372829,09/03/2025,"Đẹp như tranh vẽ: Siêu phẩm chủ nhà gửi bán cắt lỗ căn 1PN + tòa A Masteri Smart City giá 2,95 tỷ","2,95 tỷ",42 m²,"70,24 tr/m²",1,1,"Tây Mỗ, Nam Từ Liêm","21.006366772171813, 105.73665927220298"
37711940,09/03/2025,Chính chủ bán gấp căn hộ 1PN 48m2 - nhận nhà ở ngay - Vinhomes Smart City,"3,9 tỷ",48 m²,"81,25 tr/m²",1,1,"Tây Mỗ, Nam Từ Liêm","21.0088520050049, 105.743919372559"
40072137,09/03/2025,"Quỹ độc quyền Dreamland Bonanza Duy Tân CH 09(72m2), 16(92m2), 10(97m2), 15(174m2) & S28(300m2)",Giá thỏa thuận,92 m²,N/A,N/A,N/A,"Mỹ Đình 2, Nam Từ Liêm","21.0306091308594, 105.781028747559"
39631709,09/03/2025,Tôi cần vốn đầu tư bán gấp cắt lỗ căn hộ 2N 54.3m2 giá 3 tỷ bao phí tòa S2.02 Vinhomes Smart City,3 tỷ,"54,3 m²","55,25 tr/m²",2,1,"Tây Mỗ, Nam Từ Liêm","21.0062160491943, 105.736473083496"
41989116,09/03/2025,"Em chính chủ bán 1N + 46.2m2, 2,6 tỷ, tầng trung, sẵn sổ, hỗ trợ khách mua vay ngân hàng","2,6 tỷ","46,2 m²","56,28 tr/m²",1,N/A,"Tây Mỗ, Nam Từ Liêm","21.006049788420473, 105.73621188361727"
40728615,09/03/2025,"Chính chủ bán gấp căn 2 + 1, 63.4m2 - 3,65 tỷ, ban công Đông Nam, Vinhomes Smart City","3,65 tỷ","63,4 m²","57,57 tr/m²",2,2,"Tây Mỗ, Nam Từ Liêm","21.0062160491943, 105.736473083496"
41668354,09/03/2025,Chủ bán căn hộ Penhouse Golden Palace View đẹp nhất Mỹ Đình 670m. Giá 47 tỷ LH 0964 460 ***,47 tỷ,670 m²,"70,15 tr/m²",6,4,"Mễ Trì, Nam Từ Liêm","21.011936, 105.774994"
41571793,09/03/2025,Chính chủ bán gấp căn hộ An Bình Plaza. DT 83m2 3PN Full nội thất. Giá tốt 6.3 tỷ. LH 0964 460 ***,"5,9 tỷ",83 m²,"71,08 tr/m²",3,2,"Mỹ Đình 2, Nam Từ Liêm","21.0309085845947, 105.777183532715"
41573387,09/03/2025,Chủ cần tiền bán gấp căn hộ CT8 Emerald Mỹ Đình 95m 3PN. Giá tốt 7.2 tỷ. LH 0964 460 ***,"7,2 tỷ",95 m²,"75,79 tr/m²",3,2,"Mỹ Đình 1, Nam Từ Liêm","21.022161483764648, 105.77179718017578"
42270798,09/03/2025,"Chính chủ bán CCMN 42m2 ngõ 1 phố Đại Linh, Trung Văn, Nam Từ Liêm, sổ đỏ trao tay","1,24 tỷ",42 m²,"29,52 tr/m²",2,1,"Tây Mỗ, Nam Từ Liêm","21.0057897069734, 105.748472764127"
41608858,09/03/2025,"Bán căn hộ hiếm Roman Plaza 78m2 2N chỉ hơn 5tỷ bao phí, sẵn sổ, full nội thất, thiện chí giao dịch",5 tỷ,78 m²,"64,1 tr/m²",2,2,"Đại Mỗ, Nam Từ Liêm","20.98434066772461, 105.77680969238281"
38496646,09/03/2025,"Bố mẹ tôi cần bán căn hộ FLC 36 Phạm Hùng 70m2 2N, tầng trung, full nội thất, sẵn sổ, ban công ĐB","4,9 tỷ",70 m²,70 tr/m²,2,2,"Mỹ Đình 2, Nam Từ Liêm","21.028190612793, 105.779197692871"
39194385,09/03/2025,Siêu phẩm Duplex The Zei (bàn giao full) Thiết kế đẳng cấp - sang trọng đáng sống LH: 0987 106 ***,Giá thỏa thuận,186 m²,N/A,3,4,"Mỹ Đình 2, Nam Từ Liêm","21.0344581604004, 105.769653320313"
42317950,09/03/2025,"Chính chủ cần bán gấp CH Studio khu Sakura Vinhomes Smart City, full đồ, sổ đỏ, DT: 36m2 giá 1,9 tỷ","1,9 tỷ",36 m²,"52,78 tr/m²",1,1,"Tây Mỗ, Nam Từ Liêm","21.00509266635657, 105.73913526476696"
42098496,09/03/2025,Tôi chính chủ cần bán gấp CHCC Golden Palace Mễ Trì 2PN và 3PN gía ưu đãi cực tốt,"7,08 tỷ",118 m²,60 tr/m²,3,2,"Mễ Trì, Nam Từ Liêm","21.011757074313905, 105.77477707182562"
42274847,09/03/2025,"Chính chủ bán gấp căn hộ Vinhomes West Point 3PN góc 93m tòa W2 giá 8,15 tỷ tầng 2x view Keangnam","8,2 tỷ",95 m²,"86,32 tr/m²",3,2,"Mễ Trì, Nam Từ Liêm","21.012022082930876, 105.78646162994204"
42102595,09/03/2025,"Bán căn hộ 73m2 2P 2VS view hồ nội thất đẹp tầng trung dự án Mỹ Đình Pearl, giá 5,5 tỷ sổ đỏ sẵn","5,5 tỷ",73 m²,"75,34 tr/m²",2,2,"Phú Đô, Nam Từ Liêm","21.011803189937993, 105.76715835997818"
42170900,09/03/2025,Tổng hợp quỹ căn bán 2 - 3 - 4PN chung cư Xuân Phương Residence giá cam kết giá tốt nhất 2025,"4,1 tỷ",86 m²,"47,67 tr/m²",2,2,"Phương Canh, Nam Từ Liêm","21.0329151717748, 105.75367123018714"
42199455,09/03/2025,Bán quỹ căn Hoàng Thành Pearl 3PN DT 114m2 giá rẻ nhất thị trường LH 0968 276 ***,"7,6 tỷ",114 m²,"66,67 tr/m²",3,2,"Cầu Diễn, Nam Từ Liêm","21.0405105397268, 105.760838877344"
42112422,09/03/2025,[THÔNG TIN THẬT - ĐỪNG BỎ LỠ] Bán căn hộ 2 ngủ thông thủy 75m view công viên giá chỉ 5 tỷ trong thg,5 tỷ,75 m²,"66,67 tr/m²",2,2,"Trung Văn, Nam Từ Liêm","20.994527779916897, 105.78939691996574"
41091810,09/03/2025,"Bán gấp căn hộ 3N 2VS tòa Tonkin 1, diện tích 82m2, Vinhomes Smart City","5,55 tỷ",82 m²,"67,68 tr/m²",3,2,"Tây Mỗ, Nam Từ Liêm","21.005370548496447, 105.73867691885064"
40992335,09/03/2025,"Căn hoa hậu trục 06, 206m2, 4 ngủ siêu hiếm Keangnam 3 mặt thoáng view hồ Xem nhà 24/7",20 tỷ,206 m²,"97,09 tr/m²",4,4,"Mễ Trì, Nam Từ Liêm","21.016849517822266, 105.78397369384766"
37971480,09/03/2025,"Chính chủ cần bán gấp căn hộ 131m2 FLC 36 Phạm Hùng 4PN2WC view hồ, bao toàn bộ phí sang tên",9 tỷ,131 m²,"68,7 tr/m²",4,2,"Mỹ Đình 2, Nam Từ Liêm","21.028190612792969, 105.77919769287109"
39021784,09/03/2025,Chính chủ bán căn FLC 36 Phạm Hùng 97m 3 ngủ 2wc bao phí sang tên tầng đẹp hướng mát view hồ,"6,3 tỷ",97 m²,"64,95 tr/m²",3,2,"Mỹ Đình 2, Nam Từ Liêm","21.028190612792969, 105.77919769287109"
41766868,09/03/2025,Chính chủ cần bán 2PN Dreamland Bonanza 23 Duy Tân 0355 161 ***,6 tỷ,74 m²,"81,08 tr/m²",2,2,"Mỹ Đình 2, Nam Từ Liêm","21.031171798706055, 105.78099822998047"
41859415,09/03/2025,"Chính chủ cần bán gấp căn 70m2, giá cực rẻ tòa FLC Complex 36 Phạm Hùng, giá 5,2 tỷ.LH: 0968 989 ***","5,2 tỷ",70 m²,"74,29 tr/m²",2,1,"Mỹ Đình 2, Nam Từ Liêm","21.0282606810268, 105.779542133685"
42359278,09/03/2025,"Cực rẻ! Chính chủ cần bán gấp căn 67m2, 2PN toà The Garden Hill Full Nội Thất, 4,5tỷ. LH 0968 989 ***","4,5 tỷ",67 m²,"67,16 tr/m²",2,2,"Mỹ Đình 2, Nam Từ Liêm","21.030301563832307, 105.77727866000696"
41956339,09/03/2025,Chính chủ cần bán căn hộ 2PN FLC 36 Phạm Hùng,"3,5 tỷ",55 m²,"63,64 tr/m²",2,1,"Mỹ Đình 2, Nam Từ Liêm","21.028324272687332, 105.77938549182059"
41517443,09/03/2025,"Nhà mình còn căn 1PN DT 47,8m2 cần bán tòa SA2, Sakura giá hữu nghị chỉ 2,75 tỷ, tặng full nội thất","2,89 tỷ","47,8 m²","60,46 tr/m²",1,N/A,"Tây Mỗ, Nam Từ Liêm","21.00525530936079, 105.73875562404174"
41183908,09/03/2025,"Bán căn 4 p.ngủ 200m hướng mát, full NT cao cấp, 2 slot ôtô tại Dolphin Plaza Nguyễn Hoàng 12 tỷ",15 tỷ,267 m²,"56,18 tr/m²",4,3,"Mỹ Đình 2, Nam Từ Liêm","21.0309626590896, 105.776547939145"
40564066,09/03/2025,"Bán căn 3 phòng ngủ 118m2 tầng trung, full NT đẹp, sổ đỏ + slot ô tô tại Golden Palace Mễ Trì","7,25 tỷ",122 m²,"59,43 tr/m²",3,2,"Mễ Trì, Nam Từ Liêm","21.0119361877441, 105.774993896484"
40995891,09/03/2025,"Bán căn 2 phòng ngủ 73m2 view công viên Matrix One, full NT, sổ đỏ + slot oto tại Mỹ Đình Pearl","6,45 tỷ",73 m²,"88,36 tr/m²",2,2,"Phú Đô, Nam Từ Liêm","21.0124320983887, 105.767395019531"
40851641,09/03/2025,"Chính chủ bán 2PN + : Tòa GS1 61.7m2 - The Miami - Smart City, mua nhanh gia lộc thêm 50tr","3,9 tỷ","61,7 m²","63,21 tr/m²",2,2,"Tây Mỗ, Nam Từ Liêm","21.0065746307373, 105.745048522949"
41507967,09/03/2025,"Chính chủ bán 2PN 54.7m2 cao cấp Imperia - Vinhomes Smart City - 3.6 tỷ, rẻ hơn TT 300tr","3,6 tỷ","54,7 m²","65,81 tr/m²",2,1,"Tây Mỗ, Nam Từ Liêm","20.9992771148682, 105.73811340332"
35547443,09/03/2025,"Bán gấp căn 3 ngủ chung cư Bonanza 97m2 đầy đủ đồ, cửa Tây, nhà view Duy Tân. LH: 0846 692 ***","8,4 tỷ",97 m²,"86,6 tr/m²",3,2,"Mỹ Đình 2, Nam Từ Liêm","21.0306091308594, 105.781028747559"
40334754,09/03/2025,"Chủ nhà gửi bán CH 2PN The Zei Số 8 Lê Đức Thọ 92m2 nguyên bản CĐT giá 7,5 tỷ LH: 0846 692 *** E. Hòa","7,5 tỷ",92 m²,"81,52 tr/m²",2,2,"Mỹ Đình 2, Nam Từ Liêm","21.0344581604004, 105.769653320313"
37064025,09/03/2025,"Bán căn 83m2 Florence 28 Trần Hữu Dực 2 ngủ 2 vệ sinh cơ bản CĐT giá 6,1 tỷ bao phí. LH: 0846 692 ***","6,1 tỷ",83 m²,"73,49 tr/m²",2,2,"Cầu Diễn, Nam Từ Liêm","21.030731, 105.76133"
39158564,09/03/2025,Bán căn 2 ngủ 75m2 FLC Complex 36 Phạm Hùng giá 4.9 tỷ full nội thất cao cấp. LH: 0846 692 ***,"4,9 tỷ",75 m²,"65,33 tr/m²",2,2,"Mỹ Đình 2, Nam Từ Liêm","21.02819, 105.7792"
35650714,09/03/2025,"Cần bán gấp căn 3 phòng ngủ 83m2 An Bình Plaza 97 Trần Bình giá 6 tỷ, LH: 0846 692 *** em Hòa",6 tỷ,83 m²,"72,29 tr/m²",3,2,"Mỹ Đình 2, Nam Từ Liêm","21.0309085845947, 105.777183532715"
42359914,09/03/2025,Gia đình cần chuyển lên căn to cần bán gấp căn 54m2(2PN + 1WC) giá 3.520 tỷ toà S103 tầng trung,"3,52 tỷ",54 m²,"65,18 tr/m²",2,1,"Tây Mỗ, Nam Từ Liêm","21.00618917643616, 105.73635887298992"
42130058,09/03/2025,"Bán gấp CH 72m2 tại Dreamland Bonanza, Giá 6 tỷ, 2PN, 2WC, Nam Từ Liêm, Hà Nội",6 tỷ,72 m²,"83,33 tr/m²",2,2,"Mỹ Đình 2, Nam Từ Liêm","21.03149216572255, 105.78014791922637"
42100616,09/03/2025,"An Bình Plaza 97 Trần Bình - quỹ căn bán 3PN, nội thất đẹp, giá cả hợp lý, pháp lý minh bạch",Giá thỏa thuận,83 m²,N/A,3,2,"Mỹ Đình 2, Nam Từ Liêm","21.030544434353562, 105.77723643285745"
42148053,09/03/2025,"Bán căn hộ 2PN, 2WC tầng trung ban công Đông Bắc tại Vinhomes Green Bay Mễ Trì, 6.5 tỉ, 72m2","6,5 tỷ",72 m²,"90,28 tr/m²",2,2,"Mễ Trì, Nam Từ Liêm","20.998683497646695, 105.78893227794055"
42109047,09/03/2025,Bán căn Studio 32m - 1.8 tỷ - full đồ đang cho thuê 7.5tr/tháng KĐT Vinhomes Smart city,"1,8 tỷ",32 m²,"56,25 tr/m²",1,1,"Tây Mỗ, Nam Từ Liêm","21.00631306386478, 105.73640991033359"
39585678,09/03/2025,"Bán cắt lỗ căn hộ 2 ngủ 1 vs 54,8m2 thông thủy giá 3,1 tỷ full nội thất","3,35 tỷ","54,8 m²","61,13 tr/m²",2,1,"Tây Mỗ, Nam Từ Liêm","21.0062160491943, 105.736473083496"
42295451,09/03/2025,"Chính chủ bán gấp giá rẻ căn 2 PHÒNG NGỦ rộng -71,5 m2 - trục 09 toà P2 view nội khu","5,5 tỷ","71,5 m²","76,92 tr/m²",2,2,"Tây Mỗ, Nam Từ Liêm","21.00571061138795, 105.73664219715373"
39809548,09/03/2025,"Giá tốt nhất thị trường căn 3N, 82,2m2, full đồ xịn, The Tonkin view thoáng chỉ 6.2 tỷ","6,2 tỷ","82,2 m²","75,43 tr/m²",3,2,"Tây Mỗ, Nam Từ Liêm","21.0052261352539, 105.738914489746"
41514501,09/03/2025,"Không đăng ảo! Studio Sakura 31,7 m2 giá 2,050 tỷ, full nội thất","2,05 tỷ","31,7 m²","64,67 tr/m²",N/A,N/A,"Tây Mỗ, Nam Từ Liêm","21.0052261352539, 105.738914489746"
40728611,09/03/2025,"Chính chủ cần bán nhanh căn hộ 2N + 1 2WC, phân khu Imperia, Vinhomes Smart City","3,75 tỷ","63,9 m²","58,68 tr/m²",2,2,"Tây Mỗ, Nam Từ Liêm","20.9992771148682, 105.73811340332"
42239643,09/03/2025,"Em Thủy bán Quỹ căn hộ 2PN mới nhất, đầy đủ nhất T3.25, cam kết chính chủ,sổ đỏ lâu dài dự án FLC36",4 tỷ,"55,6 m²","71,94 tr/m²",2,2,"Mỹ Đình 2, Nam Từ Liêm","21.028250706146775, 105.77910720805615"
40573274,09/03/2025,"Bán căn 1PN +: Tòa I2 - 43.2m2, 2.6 tỷ - Imperia Smart City, chính chủ cần bán gấp tuần này","2,6 tỷ","43,2 m²","60,18 tr/m²",1,1,"Tây Mỗ, Nam Từ Liêm","20.9992771148682, 105.73811340332"
39804517,09/03/2025,"Tin độc quyền: Chị khách gửi bán studio 25m2 tòa TK1 dự án Smart City rẻ nhất thị trường 1,980 tỷ","1,98 tỷ",25 m²,"79,2 tr/m²",N/A,N/A,"Tây Mỗ, Nam Từ Liêm","21.0052261352539, 105.738914489746"
40366304,09/03/2025,"Siêu hót chính chủ: 2PN 54,8m2 - 2.8 tỷ, Đông Nam, phân khu cao cấp Vin Smart City","2,8 tỷ","54,8 m²","51,1 tr/m²",2,1,"Tây Mỗ, Nam Từ Liêm","21.0065746307373, 105.745048522949"
39888717,09/03/2025,"Chính chủ bán 2PN +: Tòa I4 - 63.9m2 Imperia Smart City, mua nhanh gia lộc thêm 50tr","4,3 tỷ","63,9 m²","67,29 tr/m²",2,2,"Tây Mỗ, Nam Từ Liêm","20.9992771148682, 105.73811340332"
40876918,09/03/2025,"Chính chủ bán 2PN +: Tòa D 62.29m2, 3.9 tỷ - Masteri - Vin Smart City, mua bán nhanh gia lộc 50tr","3,9 tỷ","62,29 m²","62,61 tr/m²",2,2,"Tây Mỗ, Nam Từ Liêm","21.0062065124512, 105.737075805664"
41585232,09/03/2025,"Gia đình cần chuyển nhượng gấp căn hộ 2N + phân khu GS Vinhome Smart City, giá chỉ 4,35 tỷ","4,35 tỷ","62,7 m²","69,38 tr/m²",2,2,"Tây Mỗ, Nam Từ Liêm","21.006173891114965, 105.74464384852159"
41454595,09/03/2025,"Chỉ 2,6 tỷ sở hữu ngay căn hộ 48m2 thiết kế 1PN + 1, để lại đầy đủ nội thất tại tòa S4 Smart City","2,6 tỷ",48 m²,"54,17 tr/m²",1,N/A,"Tây Mỗ, Nam Từ Liêm","21.0062160491943, 105.736473083496"
37956910,09/03/2025,"Cần bán gấp căn 2PN - 2VS, 57.8m2, giá 3.8 tỷ, ban công ĐN, view hồ, Vinhomes Green Bay Mễ Trì","3,8 tỷ","57,8 m²","65,74 tr/m²",2,2,"Mễ Trì, Nam Từ Liêm","20.9989585876465, 105.788032531738"
42326407,09/03/2025,"Cần bán lại gấp căn 3N tòa S202 để đầu tư - DT 74m2, giá 4,150 tỷ","4,15 tỷ",74 m²,"56,08 tr/m²",3,2,"Tây Mỗ, Nam Từ Liêm","21.0062160491943, 105.736473083496"
37924766,09/03/2025,Bán gấp CHCC căn góc 110m2 3PN full đồ đẹp tại Mỹ Đình Plaza 2 nhỉnh 7 tỷ có slot ottô 0969 286 ***,7 tỷ,110 m²,"63,64 tr/m²",3,2,"Mỹ Đình 2, Nam Từ Liêm","21.031084060668945, 105.77456665039063"
42239203,09/03/2025,Bán quỹ căn chuyển nhượng căn hộ 3PN giai đoạn 1 đường đôi Mễ Trì,Giá thỏa thuận,"112,44 m²",N/A,3,2,"Mễ Trì, Nam Từ Liêm","21.009114495259816, 105.77415368916941"
40720568,09/03/2025,"Chính chủ cần bán căn studio tòa S401, DT 25,0m2 hướng ĐN, NT full đẹp. Giá 1,8 tỷ nét","1,8 tỷ",25 m²,72 tr/m²,N/A,1,"Tây Mỗ, Nam Từ Liêm","21.0062160491943, 105.736473083496"
40840041,09/03/2025,"Chính chủ cần chuyển nhượng gấp căn 2PN 1WC tại phân khu Imperia, 55.1m2, full đồ, giá chỉ 3.4 tỷ","3,4 tỷ","55,1 m²","61,71 tr/m²",2,1,"Tây Mỗ, Nam Từ Liêm","20.999277114868164, 105.73811340332031"
42099925,09/03/2025,Tôi chính chủ cần bán căn hộ 2PN - 62.6m2 - 3.3 tỷ KĐT Vinhomes Smart City,"3,3 tỷ","62,6 m²","52,72 tr/m²",2,2,"Tây Mỗ, Nam Từ Liêm","21.009073705965193, 105.74364490126688"
42008070,09/03/2025,"Bán căn hộ 3 ngủ CC An Bình Plaza - 97 Trần Bình, hướng mát, view thoáng. Giá 5,5 tỷ. LH","5,5 tỷ",83 m²,"66,26 tr/m²",3,2,"Mỹ Đình 2, Nam Từ Liêm","21.031022170367795, 105.77754795368946"
42374260,09/03/2025,"Bán gấp CC 4PN, 120m2, 7 tỷ ở C37 Bộ Công An - Bắc Hà Tower, Nam Từ Liêm, Hà Nội",7 tỷ,120 m²,"58,33 tr/m²",4,2,"Trung Văn, Nam Từ Liêm","20.996211886979065, 105.7935502402509"
41496388,09/03/2025,"(Mới nhất)Em Thủy CT1A Iris bán căn 2N giá 4.5 tỷ bao sang tên, giá tốt nhất dự án tại Iris Garden","4,5 tỷ","61,7 m²","72,93 tr/m²",2,2,"Cầu Diễn, Nam Từ Liêm","21.0311622619629, 105.760414123535"
42303526,09/03/2025,"Gia đình tôi có căn hộ 70m2(2N 2W) tại C14 Bộ Công An - Tố Hữu. Sẵn sổ, full đồ. Giá: 4.5 tỷ","4,5 tỷ",70 m²,"64,29 tr/m²",2,2,"Trung Văn, Nam Từ Liêm","20.990702590238303, 105.78408757847261"
37709757,09/03/2025,Chính chủ bán nhanh căn 2PN Vinhomes Smart City 1 có sổ - giao dịch luôn,"3,5 tỷ",54 m²,"64,82 tr/m²",2,1,"Tây Mỗ, Nam Từ Liêm","21.008962631225586, 105.74391174316406"
42201717,09/03/2025,Chính chủ bán căn 2 phòng ngủ 88m2 tầng trung thoáng mát tại toà A The Matrix One giá tốt,"8,8 tỷ",88 m²,100 tr/m²,2,2,"Mễ Trì, Nam Từ Liêm","21.009175712267588, 105.77333954206708"
42345168,09/03/2025,"Bán nhanh căn 2PN, 80m2 Hoàng Thành Pearl. Giá 5,9 tỷ. Full nội thất y hình. View biệt thự Vinhomes","5,9 tỷ",80 m²,"73,75 tr/m²",2,2,"Cầu Diễn, Nam Từ Liêm","21.040467964239248, 105.76186550189409"
42100118,09/03/2025,"Chị gái em chính chủ, bán cắt lỗ căn 3N TT 74,1m2, tim tường 80.9m2, giá 4tỷ4, hỗ trợ vay bank","4,4 tỷ","80,9 m²","54,39 tr/m²",3,N/A,"Tây Mỗ, Nam Từ Liêm","21.006639585687907, 105.73685405951241"
42265436,09/03/2025,"The Sapphire - Bán gấp CH 1N1VS + 1, DT 46.5m2, tầng trung đẹp tại Vinhomes Smartcity giá chỉ 2,6tỷ","2,6 tỷ","46,5 m²","55,91 tr/m²",1,1,"Tây Mỗ, Nam Từ Liêm","21.006220509794893, 105.73647530806772"
41601747,09/03/2025,"Bán gấp căn studio 30,1m2 tòa GS3 Smart City giá 1,680 tỷ, tặng nội thất mới 100%.(rẻ hơn tt 300tr)","1,68 tỷ","30,1 m²","55,81 tr/m²",N/A,N/A,"Tây Mỗ, Nam Từ Liêm","21.0065746307373, 105.745048522949"
42372889,09/03/2025,"Cắt lỗ! Bán tòa Trung tâm Mỹ Đình, 30m ô tô, ngõ thông, 60m*7T. 12 phòng khép kín. Doanh thu 65 tr","11,5 tỷ",60 m²,"191,67 tr/m²",12,12,"Mỹ Đình 1, Nam Từ Liêm","21.0208990530049, 105.774534266978"
42123179,09/03/2025,Bán căn hộ chung cư Westpoint Phạm Hùng căn 8 tỉ loại 4PN 3WC diện tích 122m2 đẩy đủ nội thất,8 tỷ,122 m²,"65,57 tr/m²",4,3,"Mễ Trì, Nam Từ Liêm","21.011885261564423, 105.78659277385867"
42123327,09/03/2025,"Bán căn hộ Dolphin Plaza Trần Bình căn dt 138m2, 166m2, giá từ 8,3 tỷ căn 3PN đầy đủ nội thất","8,3 tỷ",166 m²,50 tr/m²,4,3,"Mỹ Đình 2, Nam Từ Liêm","21.029646241549138, 105.77709325374207"
41224297,09/03/2025,Quỹ hàng chuyển nhượng lớn nhất The Zei Plaza - Số 8 Lê Đức Thọ - Mỹ Đình,Giá thỏa thuận,94 m²,N/A,2,2,"Mỹ Đình 2, Nam Từ Liêm","21.0344581604004, 105.769653320313"
37068457,09/03/2025,"Thọ Dream. Bán chung cư Dream Town Coma6 đang là chung cư có giá rẻ nhất, 2PN,3PN giá 4,2 tỉ","4,2 tỷ",98 m²,"42,86 tr/m²",3,2,"Tây Mỗ, Nam Từ Liêm","21.0165538787842, 105.746284484863"
42342013,09/03/2025,"Bán CH 3PN 2WC tại C14 - Bộ Công An, 5,7 tỷ, 133m2, Q.Nam Từ Liêm, HN đẹp xuất sắc","5,7 tỷ",133 m²,"42,86 tr/m²",3,2,"Trung Văn, Nam Từ Liêm","20.9911125189883, 105.784736586709"
42318808,09/03/2025,Bán căn hộ The Zei Lê Đưc Thọ căn 108m2 3PN 2WC giá 8 tỉ căn full nội thất hướng Lê Đức Thọ,8 tỷ,108 m²,"74,07 tr/m²",3,2,"Mỹ Đình 2, Nam Từ Liêm","21.0341803378729, 105.769693897031"
40216474,09/03/2025,"Căn chung cư 110m2 Vin Gardenia Hàm Nghi căn 3PN 2WC giá 7,2 tỷ nội thất đầy đủ sang trọng","7,2 tỷ",110 m²,"65,46 tr/m²",3,2,"Cầu Diễn, Nam Từ Liêm","21.036567687988281, 105.76048278808594"
40243879,09/03/2025,"Bán căn hộ The Emerald CT8 Đình Thôn loại 2PN, gía 5 tỉ chung cư mới được bàn giao, chất lượng","4,8 tỷ",78 m²,"61,54 tr/m²",2,2,"Mỹ Đình 1, Nam Từ Liêm","21.0221614837646, 105.771797180176"
41125863,09/03/2025,"Bán căn hộ CT8 Emerald Đình Thôn căn 3PN 2WC full nội thất, căn View không nghĩa trang, trục đẹp","6,1 tỷ",103 m²,"59,22 tr/m²",3,2,"Mỹ Đình 1, Nam Từ Liêm","21.02216148376465, 105.77179718017578"
40235672,09/03/2025,"Cần bán căn hộ Vinhomes Westpoint Phạm Hùng căn 2PN 2WC giá 4,5 tỷ nội thất đầy đủ","4,5 tỷ",67 m²,"67,16 tr/m²",2,2,"Mễ Trì, Nam Từ Liêm","21.011882781982422, 105.78644561767578"
40255844,09/03/2025,"Bán căn hộ Vinhomes Gardenia Hàm Nghi căn 78m2 loại 2pn 2wc giá 5,2 tỷ căn nội thất đầy đủ","5,2 tỷ",78 m²,"66,67 tr/m²",2,2,"Cầu Diễn, Nam Từ Liêm","21.0365676879883, 105.760482788086"
38525308,09/03/2025,"Chính chủ bán gấp căn hộ Mỹ Đình Pearl thiết kế 3PN giá 5,9 tỷ đầy đủ nội thất, có slot ô tô tô","5,9 tỷ",93 m²,"63,44 tr/m²",3,2,"Phú Đô, Nam Từ Liêm","21.0124320983887, 105.767395019531"
36943268,09/03/2025,"(Mới) bán căn hộ Iris Garden Trần Hữu Dực căn 3PN- 105m2 giá 5,1 tỷ. 135m2-6,2 tỷ full nội thất","6,2 tỷ",135 m²,"45,93 tr/m²",3,2,"Cầu Diễn, Nam Từ Liêm","21.0311622619629, 105.760414123535"
40195542,09/03/2025,"(Mới) căn hộ Mỹ Đình Pearl căn 78m2 thiết kế 2PN 2WC giá 5,3 tỷ căn view hồ, hướng mát","5,3 tỷ",78 m²,"67,95 tr/m²",2,2,"Phú Đô, Nam Từ Liêm","21.0124320983887, 105.767395019531"
36120105,09/03/2025,"(Căn mới) cần bán gấp căn hộ Golden Place căn 3PN giá 6,3 tỷ căn đầy đủ nội thất, tầng trung","6,3 tỷ",125 m²,"50,4 tr/m²",3,2,"Mễ Trì, Nam Từ Liêm","21.0119361877441, 105.774993896484"
40288071,09/03/2025,"Em đang có nhiều căn nhiều diện tích Sudico Mỹ Đình Sông Đà bán loại 135m2 căn 3PN giá từ 5,3 tỷ","5,3 tỷ",135 m²,"39,26 tr/m²",3,2,"Mỹ Đình 1, Nam Từ Liêm","21.0174350738525, 105.780395507813"
40007605,09/03/2025,"Bán căn hộ chung cư Báo Nhân Dân căn 115m2 4pn 2wc gía 4,9 tỷ căn sửa sang trang bị đầy đủ nội thất","4,9 tỷ",115 m²,"42,61 tr/m²",3,2,"Phương Canh, Nam Từ Liêm","21.032726287841797, 105.75374603271484"
39351192,09/03/2025,"Cần bán gấp căn FLC Landmark Lê Đức Thọ căn 4PN 3WC giá 6 tỉ căn 159m2 căn tầng đẹp, đông nam",6 tỷ,159 m²,"37,74 tr/m²",4,3,"Mỹ Đình 2, Nam Từ Liêm","21.0340766906738, 105.770355224609"
42374141,09/03/2025,"Căn hộ 3PN - 2VS căn góc view thoáng tại Vinhomes Smart City, 80m2","5,2 tỷ",80 m²,65 tr/m²,3,2,"Tây Mỗ, Nam Từ Liêm","21.008579508238252, 105.74316240544864"
41497284,09/03/2025,"Bán căn hộ đẹp tại Dreamland Bonanza, giá chỉ 7,2 tỷ, 92m2, 3PN, 2PT","7,2 tỷ",92 m²,"78,26 tr/m²",3,2,"Mỹ Đình 2, Nam Từ Liêm","21.030609130859375, 105.7810287475586"
39010463,09/03/2025,"Bán căn 2 ngủ đẹp CC Vinhomes Skylake 6.x tỷ đông nam và căn view hồ, đồ nhập khẩu (lot ô tô)","5,8 tỷ",64 m²,"90,62 tr/m²",2,2,"Mỹ Đình 1, Nam Từ Liêm","21.0201683044434, 105.780754089355"
40970503,09/03/2025,"Chính chủ bán căn góc 3 ngủ Tây Hà Tower, Tố Hữu, DT 125m2, giá 6,2 tỷ, Đủ đồ, sẵn slot ô tô","6,2 tỷ",125 m²,"49,6 tr/m²",3,2,"Trung Văn, Nam Từ Liêm","20.996280670166016, 105.79325103759766"
41532954,09/03/2025,Chính chủ cần bán Dolphin Plaza 140m2 3N2W sẵn sổ có slot ô tô,"6,86 tỷ",140 m²,49 tr/m²,3,2,"Mỹ Đình 2, Nam Từ Liêm","21.0300445556641, 105.776626586914"
41533043,09/03/2025,"Chính chủ bán căn hộ 2 ngủ Garden Hill 99 Trần Bình, DT: 81m2 4tỷ5 sẵn sổ full nội thất","4,5 tỷ",81 m²,"55,56 tr/m²",2,2,"Mỹ Đình 2, Nam Từ Liêm","21.030405044555664, 105.77703094482422"
39383317,09/03/2025,"Gia đình cần bán căn 2 ngủ Mỹ Đình Plaza 2, Nguyễn Hoàng, DT: 72m2 4,2 tỷ sẵn sổ full nội thất","4,2 tỷ",72 m²,"58,33 tr/m²",2,2,"Mỹ Đình 2, Nam Từ Liêm","21.031084060668945, 105.77456665039062"
40839696,09/03/2025,"Chính chủ bán căn hộ 3 ngủ C14 - Bộ Công An, Tố Hữu, DT 110m2, giá 5.1 tỷ, đầy đủ đồ đạc","5,1 tỷ",110 m²,"46,36 tr/m²",3,3,"Trung Văn, Nam Từ Liêm","20.990812301635742, 105.7839126586914"
41533005,09/03/2025,"Chính chủ bán 3 ngủ An Bình Plaza, Trần Bình, DT 95m2, giá 6,1 tỷ, sẵn sổ full nội thất có slot","6,1 tỷ",95 m²,"64,21 tr/m²",3,2,"Mỹ Đình 2, Nam Từ Liêm","21.0309085845947, 105.777183532715"
42361023,09/03/2025,"Mình chính chủ cần bán căn hộ 2N2WC + tầng trung hướng ĐN giá 3,6 tỷ có gia lộc","3,6 tỷ",69 m²,"52,17 tr/m²",2,2,"Tây Mỗ, Nam Từ Liêm","21.00882227744152, 105.74361219343491"
42338001,09/03/2025,Chính chủ cần tiền bán rẻ căn 3PN full nội thất view công viên hồ 14ha The Matrix One Lê Quang Đạo,"11,28 tỷ","112,8 m²",100 tr/m²,3,2,"Mễ Trì, Nam Từ Liêm","21.009446781397127, 105.77378048693616"
41459401,09/03/2025,"Chính chủ bán căn 2 ngủ Roman Plaza Tố Hữu, DT 78m2, giá 4,5 tỷ đầy đủ nội thất, ban công Đông Nam","4,5 tỷ",78 m²,"57,69 tr/m²",2,2,"Đại Mỗ, Nam Từ Liêm","20.98434066772461, 105.77680969238281"
42347807,09/03/2025,"Bán căn 3 ngủ Dolphin Plaza Mỹ Đình, đầy đủ nội thất, DT 147m2, giá 7,5 tỷ, sẵn sổ giao dịch ngay","7,5 tỷ",147 m²,"51,02 tr/m²",3,2,"Mỹ Đình 2, Nam Từ Liêm","21.0300445556641, 105.776626586914"
41513986,09/03/2025,"Siêu phẩm studio duy nhất tại Vinhomes Smart City, 1,99 tỷ bao phí, full nội thất","1,99 tỷ","28,1 m²","70,82 tr/m²",1,1,"Tây Mỗ, Nam Từ Liêm","21.0062160491943, 105.736473083496"
42374115,09/03/2025,"Hoàng 3333 giá thật bán CH 75m2, 2N - 2WC, ban công Đông Nam mát mẻ, nội thất cơ bản tại EcoLilfe","5,25 tỷ",75 m²,70 tr/m²,2,2,"Trung Văn, Nam Từ Liêm","20.994167394483462, 105.7897117341245"
39019210,09/03/2025,"Hot! Bán gấp CH 2PN 89m2 giá chỉ 6 tỷ, có thể nhận nhà được luôn. LH 0981 614 ***",6 tỷ,84 m²,"71,43 tr/m²",2,2,"Mỹ Đình 2, Nam Từ Liêm","21.0344581604004, 105.769653320313"
34785213,09/03/2025,Chính chủ không báo ảo bán căn 3 ngủ tại florence trong tháng giá 55tr/m2 liên hệ 0981 614 ***,"4,51 tỷ",82 m²,55 tr/m²,3,2,"Cầu Diễn, Nam Từ Liêm","21.0307312011719, 105.761329650879"
32366714,09/03/2025,"Em Tùng chuyên chuyển nhượng HD Mon quỹ căn hơn 100 CH từ 52m2, giá từ 3 tỷ LH 0981 614 ***",3 tỷ,54 m²,"55,56 tr/m²",2,1,"Mỹ Đình 2, Nam Từ Liêm","21.035120010376, 105.767433166504"
33419960,09/03/2025,Chính chủ bán gấp căn hộ 80m2 giá chốt 4.3 tỷ không thương lượng LH 0981 614 *** (k qua môi giới),"4,3 tỷ",80 m²,"53,75 tr/m²",2,2,"Cầu Diễn, Nam Từ Liêm","21.0365676879883, 105.760482788086"
36325712,09/03/2025,Chính chủ sang tên nhanh căn hộ 2PN 2WC tại Iris Garden giá công khai 3.05 tỷ. Lh 0981 614 ***,"3,05 tỷ","61,5 m²","49,59 tr/m²",2,2,"Cầu Diễn, Nam Từ Liêm","21.0311622619629, 105.760414123535"
42369516,09/03/2025,"Gia đình bán căn góc 3 ngủ 3wc 110m2, tầng đẹp, đủ nội thất, sổ đỏ. Giá 7 tỷ Roman Plaza",7 tỷ,110 m²,"63,64 tr/m²",3,3,"Đại Mỗ, Nam Từ Liêm","20.98434066772461, 105.77680969238281"
37337977,09/03/2025,"Sở Hữu Căn Hộ Capital Elite 18 Phạm Hùng 119m2 Chỉ Từ 3.5 Tỷ, Nhận nhà ngay tại Mỹ Đình!",Giá thỏa thuận,119 m²,N/A,3,2,"Mỹ Đình 2, Nam Từ Liêm","21.0299827772686, 105.778852462769"
42321672,09/03/2025,"Bán gấp căn 1N+ 43m2 ban công ĐB, Full đồ đẹp toà I4,I5. Giá rẻ chỉ 3,0xtỷ- LH 0904 042 ***",3 tỷ,43 m²,"69,77 tr/m²",1,1,"Tây Mỗ, Nam Từ Liêm","20.998475183366025, 105.73810838443278"
42287502,09/03/2025,"Chính chủ cần bán gấp CH 1N1VS + 1, DT 46.5m2, full nội thất, sẵn sổ giá 2,6 tỷ. LH 0969 402 ***","2,6 tỷ","46,5 m²","55,91 tr/m²",1,1,"Tây Mỗ, Nam Từ Liêm","21.005471706689256, 105.73667583283012"
