Id,Date Posted,Product Title,Price,Area,Price per m²,Bedrooms,Toilets,Location,Coordinates
41729220,05/03/2025,"Trực tiếp chủ đầu tư: Căn 2 - 3N giá rẻ nhất Melody Linh Đàm, view hồ, chiết khấu 8%, tặng vàng 999","3,2 tỷ",68 m²,"47,06 tr/m²",2,2,·,"20.9585018157959, 105.826347351074"
42337096,05/03/2025,"Tôi cán bộ PKD chủ đầu tư, bán suất mua nhân viên chiết khấu đặc biệt, căn đẹp ký trực tiếp HĐMB","3,2 tỷ",68 m²,"47,06 tr/m²",2,2,·,"20.95851242875902, 105.82587889259105"
42327816,04/03/2025,"Hot! Quỹ ngoại giao độc quyền căn 2-3PN view hồ - giá tốt nhất dự án, ký HĐMB trực tiếp Chủ đầu tư","3,35 tỷ",68 m²,"49,26 tr/m²",2,2,·,"20.9584566527592, 105.826391680388"
42355146,06/03/2025,Sunshine Palace 1PN 65m2 từ 2 tỷ 3PN 134m2 từ 4.9 tỷ ký HĐ trực tiếp CĐT rẻ hơn quỹ chuyển nhượng,2 tỷ,65 m²,"30,77 tr/m²",1,2,"Mai Động, Hoàng Mai","20.990436360524054, 105.86868826884664"
41461905,06/03/2025,Quỹ 2-3 ngủ ký trực tiếp CĐT Melody! Cam Kết giá tốt nhất dự án+View Hồ Đẹp+Full chiết khấu 53tr/m2,"3,2 tỷ",68 m²,"47,06 tr/m²",2,2,"Hoàng Liệt, Hoàng Mai","20.958601508316413, 105.826414441403"
42297202,06/03/2025,"Bán căn hộ 2PN + 2WC tại Hà Nội Melody Residences, 3,848 tỷ, 74m2 kí trực tiếp CĐT","3,85 tỷ",74 m²,52 tr/m²,2,2,"Hoàng Liệt, Hoàng Mai","20.9584691353487, 105.82594214370134"
42321799,05/03/2025,"Không báo ảo! Quỹ căn 2 + 3 phòng ngủ giá rẻ nhất, ký trực tiếp CĐT, cam kết chiết khấu tốt nhất","4,2 tỷ",68 m²,"61,76 tr/m²",2,2,"Hoàng Liệt, Hoàng Mai","20.9586221109885, 105.824159213467"
39724950,04/03/2025,"Bảng giá Feliz Homes chuyển nhượng, giá tốt tháng 3/2025 căn 2PN chỉ từ 4 tỷ, căn 3PN chỉ từ 5 tỷ","4,6 tỷ",83 m²,"55,42 tr/m²",2,2,"Hoàng Văn Thụ, Hoàng Mai","20.9848365783691, 105.859855651855"
41729744,28/02/2025,"Quỹ căn tháng 3 Green Park. Căn 2 ngủ (53m2-83m2) giá từ 2.65 tỷ, căn 3 ngủ (85m2-99 giá từ 4.25 tỷ",Giá thỏa thuận,85 m²,N/A,N/A,N/A,"Hoàng Liệt, Hoàng Mai","20.958769, 105.84631"
42351606,06/03/2025,Chính chủ cần bán chung cư 11 tầng nhà G Đền Lừ 1,"3,8 tỷ",59 m²,"64,41 tr/m²",3,N/A,"Hoàng Văn Thụ, Hoàng Mai","20.9848203822906, 105.857922897107"
41730917,06/03/2025,"Bán CHCC DT=77m2,2n2wc,Tòa D Vinaconex 2, Số 1 Nghiêm Xuân Yêm (đường VĐ3), Q.Hoàng Mai, HN","4,65 tỷ",77 m²,"60,39 tr/m²",2,2,"Đại Kim, Hoàng Mai","20.973291397094727, 105.82000732421875"
42237054,06/03/2025,"Chung cư Đền Lừ, sử dụng 100m 2 ngủ 2wc, sổ đỏ","3,8 tỷ",56 m²,"67,86 tr/m²",2,2,"Hoàng Văn Thụ, Hoàng Mai","20.984837098053315, 105.85985272424826"
42348862,06/03/2025,"Bán căn hộ 3PN, 2WC, 78m2 tại Nguyễn Hữu Thọ, Hoàng Liệt, Hoàng Mai, Hà Nội, 4,7 tỷ","4,7 tỷ",78 m²,"60,26 tr/m²",3,2,"Hoàng Liệt, Hoàng Mai","20.970807120271232, 105.82874926847859"
39599481,06/03/2025,Quỹ căn chuyển nhượng 2PN giá rẻ nhất Sunshine Palace siêu thị bất động sản - LH Hoàng 0812 395 ***,"5,8 tỷ",86 m²,"67,44 tr/m²",2,2,"Mai Động, Hoàng Mai","20.98984037753989, 105.86866004331479"
42347520,06/03/2025,"Bán căn hộ 3PN, 2WC tại Rainbow Linh Đàm, 6 tỷ VND, 90,5 m2",6 tỷ,"90,5 m²","66,3 tr/m²",3,2,"Hoàng Liệt, Hoàng Mai","20.96413739101401, 105.82435762509539"
42073765,05/03/2025,"Bán căn hộ mới 71.3m2 2PN2WC chung cư Rose Town, cạnh Bến xe Nước Ngầm, Sổ Lâu dài, giá 4.42 tỷ","4,42 tỷ","71,3 m²","61,99 tr/m²",2,2,"Hoàng Liệt, Hoàng Mai","20.956096829792, 105.844271278011"
42343203,05/03/2025,"Chính chủ bán căn hộ 46m2 chung cư HH4C Linh Đàm. Giá: 1,8x tỷ. LH: 0918 526 ***",Giá thỏa thuận,46 m²,N/A,2,1,"Hoàng Liệt, Hoàng Mai","20.963646220733704, 105.82629148527379"
40651758,05/03/2025,Chung cư chính chủ 45m2 HH1a Linh Đàm,"1,75 tỷ",45 m²,"38,89 tr/m²",1,1,"Hoàng Liệt, Hoàng Mai","20.9647350311279, 105.826362609863"
42336993,05/03/2025,Bán căn hộ 67m2 3 ngủ ở toà CT2 Bắc Linh Đàm full nội thất như hình nhà HUD xây dựng giá 3.58 tỷ,"3,58 tỷ",67 m²,"53,43 tr/m²",3,1,"Đại Kim, Hoàng Mai","20.971606990954783, 105.8274026618814"
42336496,05/03/2025,"Chính chủ bán nhanh căn hộ tầng trung 79,5m2 3 ngủ ở OCT2 HUD xây sổ chính chủ view hồ giá 4.15 tỷ","4,15 tỷ","79,5 m²","52,2 tr/m²",3,2,"Đại Kim, Hoàng Mai","20.972059707739167, 105.82789374102003"
42335701,05/03/2025,"Bán CC Rice City Linh Đàm, 4,1 tỷ, 63m2, 2PN, 2WC, Hoàng Mai, Hà Nội","4,1 tỷ",63 m²,"65,08 tr/m²",2,2,"Hoàng Liệt, Hoàng Mai","20.963695272496345, 105.82279977355108"
42334176,04/03/2025,"5 căn ưu đãi. Nhỉnh 1 tỷ mua căn 2PN, 3PN. Chỉ từ 60tr/m2. Vay 0%/24T, CK 10%, quà tặng 1 cây vàng.",5 tỷ,90 m²,"55,56 tr/m²",2,2,"Hoàng Liệt, Hoàng Mai","20.9581689121393, 105.82623899926"
42326693,04/03/2025,"Bán CC Rice City Linh Đàm, 3,9 tỷ, 70m2, 2PN, 2WC, tỷ, 70m2, 2PN, 2WC, ở Hoàng Liệt, Hoàng Mai, HN","3,9 tỷ",70 m²,"55,71 tr/m²",2,2,"Hoàng Liệt, Hoàng Mai","20.963888314725402, 105.82238344644392"
39666912,04/03/2025,Chính chủ tôi cần bán cắt lỗ gấp căn 2PN giá tốt tại dự án Hà Nội Melody Residences,"3,1 tỷ","73,81 m²",42 tr/m²,2,2,"Hoàng Liệt, Hoàng Mai","20.9585018157959, 105.826347351074"
42324157,04/03/2025,"Chính chủ bán 3PN, 2WC ở ngay 95m2 tim tường, 87m2 thông thuỷ. Toà CT1 tầng 4-X2 Đại Kim-Hoàng Mai","4,8 tỷ",95 m²,"50,53 tr/m²",3,2,"Đại Kim, Hoàng Mai","20.976277525449163, 105.82468925974804"
42323801,04/03/2025,Bán căn sổ đỏ 78m 3n2wc tòa Ct5X2 Linh Đàm. Lh: 0367 587 ***,4 tỷ,78 m²,"51,28 tr/m²",3,2,"Đại Kim, Hoàng Mai","20.9715143807735, 105.828072625587"
42321106,03/03/2025,"Bảng hàng ngoại giao căn 2-3 ngủ giá rẻ từ CĐT Melody hỗ trợ 0%24 tháng, CK 8%, QT 86tr 0969 537 ***","4,2 tỷ",74 m²,"56,76 tr/m²",2,2,"Hoàng Liệt, Hoàng Mai","20.958669162873814, 105.8269849897976"
41456316,03/03/2025,Bán căn hộ giá rẻ nhất chung cư Feliz Homes (2 ngủ: 4 tỷ và 3 ngủ: 5 tỷ) - 0981 757 ***,5 tỷ,78 m²,"64,1 tr/m²",2,2,"Hoàng Văn Thụ, Hoàng Mai","20.98446658118264, 105.8592534333344"
42088502,03/03/2025,"Tập thể C47 Mai Động, tổng DT sử dụng 198m2, oto 7c vào nhà, có thể để 4 oto trong sân. Giá 10tỷ8","10,8 tỷ",198 m²,"54,54 tr/m²",2,2,"Mai Động, Hoàng Mai","20.9907154445374, 105.862613258912"
42313854,03/03/2025,Quỹ căn hộ bán Sunshine Palace Lĩnh Nam cập nhật mới nhất - em Long 0355 863 ***,"5,48 tỷ",85 m²,"64,47 tr/m²",2,2,"Mai Động, Hoàng Mai","20.990192253339107, 105.86838389747976"
42242481,01/03/2025,"Bán gấp chung cư Đồng Phát 87m2 3PN lô góc tầng trung view sông Hồng, giá 4,6 tỷ","4,6 tỷ",87 m²,"52,87 tr/m²",3,2,"Vĩnh Hưng, Hoàng Mai","20.980096516539234, 105.87424311999871"
42295879,01/03/2025,"Quỹ căn tháng 3, Eco Lake View, căn 2 ngủ (53m2-76m2)giá từ 3.7 tỷ, căn 3 ngủ(76m2-106m2)từ 4.95tỷ.","3,75 tỷ",75 m²,50 tr/m²,N/A,N/A,"Đại Kim, Hoàng Mai","20.9733242407902, 105.838479341929"
42302408,01/03/2025,"Gia đình tôi cần bán căn CC HH2A 83m2, 3 ngủ, 2WC, lô góc, 3,3 tỷ, ban công view hồ và công viên","3,3 tỷ",83 m²,"39,76 tr/m²",3,2,"Hoàng Liệt, Hoàng Mai","20.96502299223419, 105.82703097427567"
42279866,28/02/2025,Bán căn sổ đỏ 85m2 3N 2WC tòa Nơ 7a bán đảo Linh Đàm. LH: 0367 587 ***,4 tỷ,85 m²,"47,06 tr/m²",3,2,"Đại Kim, Hoàng Mai","20.97097140471837, 105.82855659095307"
42299921,28/02/2025,"Cần nhượng lại suất ngoại giao CHCC nhà xã hội 70m2 lô góc 3pn, 2vs giá dự kiến 1,6tỷ sổ đỏ lâu dài",Giá thỏa thuận,70 m²,N/A,3,2,"Vĩnh Hưng, Hoàng Mai","20.9891831134035, 105.877662818036"
42299350,28/02/2025,"Bán nhà chính chủ Kim Văn Kim Lũ 56,2m2",Giá thỏa thuận,"56,2 m²",N/A,2,2,"Đại Kim, Hoàng Mai","20.973003386000666, 105.8202964175043"
42299785,28/02/2025,"Golden Homes, quỹ căn bán 2PN, 3PN view đẹp, giá tốt nhất thị trường Ecolake View giá chỉ từ 4,2 tỷ","4,2 tỷ",69 m²,"60,87 tr/m²",2,N/A,"Đại Kim, Hoàng Mai","20.9730702976748, 105.838411724294"
42229002,28/02/2025,"Chính chủ bán căn 2N, 2VS full đồ nội thất. Có slot oto. Xem nhà lúc nào cũng được",Giá thỏa thuận,69 m²,N/A,2,2,"Đại Kim, Hoàng Mai","20.97422132137064, 105.82174612512098"
42089414,28/02/2025,Chính chủ em cần bán căn hộ 2 ngủ 2 VS full nội thất Rose Town,"4,45 tỷ",75 m²,"59,33 tr/m²",2,2,"Hoàng Liệt, Hoàng Mai","20.956475530110623, 105.84473916970316"
42298617,28/02/2025,"Bán căn hộ 2 ngủ, 2VS, 80m2, tòa N04 Melody Residences, Hoàng Mai, Hà Nội",Giá thỏa thuận,80 m²,N/A,2,2,"Hoàng Liệt, Hoàng Mai","20.9585517199502, 105.826217160353"
42157025,28/02/2025,"CHÍNH CHỦ BÁN GẤP CĂN 3 NGỦ TẠI ECOLAKE VIEW GIÁ CẢ THƯƠNG LƯỢNG, LIÊN HỆ: 0924 750 ***",6 tỷ,104 m²,"57,69 tr/m²",3,2,"Đại Kim, Hoàng Mai","20.973568809481694, 105.83859093369111"
41777196,28/02/2025,Quỹ căn hộ bán Sunshine Palace Lĩnh Nam cập nhật mới nhất - Em Cường 0976 044 ***,"5,47 tỷ",80 m²,"68,38 tr/m²",2,N/A,"Mai Động, Hoàng Mai","20.99015398544697, 105.86913186384378"
42295419,28/02/2025,"Mở bán - chung cư E11 Lĩnh Nam - Tam Trinh - Mai Động 36m2, 55m2, ở ngay, oto đỗ cửa. Tặng vàng 24k",750 triệu,36 m²,"20,83 tr/m²",1,1,"Mai Động, Hoàng Mai","20.9907285745347, 105.863109822303"
40422454,28/02/2025,"Quỹ căn ngoại giao phòng kinh doanh chủ đầu tư giá rẻ nhất dự án DT từ 53m2, 99m2, giá từ 2.8 tỷ","2,8 tỷ",53 m²,"52,83 tr/m²",2,2,"Hoàng Liệt, Hoàng Mai","20.958459527139535, 105.84586255125784"
42290003,28/02/2025,"Cần bán gấp 54m2 giá rẻ CHCC Rice - City, Hoàng Mai, Linh Đàm - HN","3,38 tỷ",54 m²,"62,59 tr/m²",2,1,"Hoàng Liệt, Hoàng Mai","20.963793010759822, 105.82229335795469"
42289841,28/02/2025,"Bán CC 2PN, 2WC tại Rice City Linh Đàm, 4 tỷ, 62.5m2, Hoàng Liệt, Hoàng Mai, Hà Nội",4 tỷ,"62,5 m²",64 tr/m²,2,2,"Hoàng Liệt, Hoàng Mai","20.963106690204842, 105.82276678795633"
42285484,27/02/2025,96m2 - 3 ngủ góc tại Rose Town - đã có slot ô tô. Giá chỉ 5.68 tỷ. Liên hệ: 0826 465 ***,"5,68 tỷ",96 m²,"59,17 tr/m²",3,2,"Hoàng Liệt, Hoàng Mai","20.9561408985341, 105.844910041027"
42283368,27/02/2025,"Bán căn hộ 69m² CT4A - X2 Tây Nam Linh Đàm, 2PN, full nội thất, giá 3,95 tỷ","3,95 tỷ",69 m²,"57,25 tr/m²",2,N/A,"Đại Kim, Hoàng Mai","20.97662164462227, 105.82526728131309"
42203198,26/02/2025,"Chính chủ - bán chung cư N1 Lĩnh Nam - Minh Khai - Hoàng Mai, nội thất đầy đủ, sổ hồng vĩnh viễn",800 triệu,42 m²,"19,05 tr/m²",1,1,"Lĩnh Nam, Hoàng Mai","20.9818691262435, 105.879601801326"
41925217,26/02/2025,"(Rẻ nhất) Thực sự gấp bán căn 2N/2WC, DT 58m2, full NT, view hồ, hướng mát, giá 3.8 tỷ, sổ hồng","3,8 tỷ",58 m²,"65,52 tr/m²",2,2,"Hoàng Liệt, Hoàng Mai","20.959109738839, 105.84650445635"
38948244,25/02/2025,Bán căn hộ 2PN chung cư Sunshine Palace,"5,48 tỷ",89 m²,"61,57 tr/m²",2,2,"Mai Động, Hoàng Mai","20.9901828765869, 105.868659973145"
42190758,25/02/2025,"Em chuyên bán các căn hộ Kim Văn Kim Lũ Nguyễn Xiển như: Vinaconex 2, Thông Tấn Xã, CT12, CT11",Giá thỏa thuận,60 m²,N/A,2,2,"Đại Kim, Hoàng Mai","20.973089949053676, 105.81986882583656"
42222007,20/02/2025,Chủ nhà cần bán gấp 2ngủ 75m2 Eco Lake View hồ Linh Đàm-giá chỉ nhỉnh 4tỷ. Lh: 0826 465 *** Mr. Dương,Giá thỏa thuận,76 m²,N/A,2,2,"Đại Kim, Hoàng Mai","20.973100670025204, 105.83837547677747"
42269232,06/03/2025,"Bán CC 2PN full nội thất, 46m2, giá tốt tại Hoàng Liệt, Hoàng Mai, Hà Nội","1,99 tỷ",46 m²,"43,26 tr/m²",2,1,"Hoàng Liệt, Hoàng Mai","20.961419250364, 105.835442001045"
42308747,06/03/2025,"Bán gấp căn CC 3PN - căn góc view hồ, mới tinh, giá siêu hời nhỉnh 4 tỷ khu Tây Nam Linh Đàm","4,7 tỷ",78 m²,"60,26 tr/m²",3,2,"Hoàng Liệt, Hoàng Mai","20.96333740357245, 105.82149472827216"
42356257,06/03/2025,SỐC! GIÁ RẺ NHẤT LINH ĐÀM! 3PN - BAN CÔNG HƯỚNG NAM 80M2 FULL NỘI THẤT GIÁ CHỈ 4.110 TỶ,"4,1 tỷ",80 m²,"51,25 tr/m²",3,2,"Đại Kim, Hoàng Mai","20.9718037823199, 105.829588400843"
42356222,06/03/2025,Chỉ 56 triệu /m2 chung cư Vinaconex Linh Đàm -3PN- CĂN GÓC VIEW HỒ VIEW ĐƯỜNG TRÊN CAO LUNG LINH,"7,1 tỷ",124 m²,"57,26 tr/m²",3,2,"Đại Kim, Hoàng Mai","20.971529507119666, 105.8394992236702"
42356193,06/03/2025,"PEN HOUS VIEW TRIỆU ĐÔ TẠI LINH ĐÀM- 155m2 GIÁ CHỈ 4,4 TỶ. TIN ĐƯỢC KHÔNG??? THẬT ĐÓ Ạ!!","4,3 tỷ",155 m²,"27,74 tr/m²",4,3,"Hoàng Liệt, Hoàng Mai","20.964007343748158, 105.8265700707847"
39401762,06/03/2025,"Giá từ 3,580 tỷ cam kết nhà mới tầng trung từ 10 - 15, quỹ căn rẻ nhất thị trường, full đồ. Bao Phí","3,58 tỷ",85 m²,"42,12 tr/m²",2,2,"Thịnh Liệt, Hoàng Mai","20.9775714874268, 105.842819213867"
39740611,06/03/2025,"Gấp Gấp cần bán căn full đồ nhận nhà mới tinh chưa sử dụng 42tr/m2, 0914 396 *** có thương lượng","3,57 tỷ",85 m²,42 tr/m²,2,2,"Thịnh Liệt, Hoàng Mai","20.9775714874268, 105.842819213867"
42121115,06/03/2025,"Bán 3 căn hộ CC Viễn Đông Star, 85,90m2, 2PN, 2WC, giá 39tr/m2 ưu đãi tại Giáp Nhị, Hà Nội","3,32 tỷ",85 m²,39 tr/m²,2,2,"Thịnh Liệt, Hoàng Mai","20.9776216468246, 105.843020288483"
42101617,06/03/2025,"Bán nhanh 5 suất ngoại giao căn DT 85,90m2 CC Viễn Đông Star Hoàng Mai, giá 40tr/m2 ưu tiên đặt sớm","3,36 tỷ",84 m²,40 tr/m²,2,2,"Thịnh Liệt, Hoàng Mai","20.97807924757087, 105.84311002174292"
38687446,06/03/2025,"Giá tốt nhất! Căn hộ OCT1 X1 Bắc Linh Đàm, cạnh trường Bill Gate, 44m2*2PN 1VS","2,7 tỷ",44 m²,"61,36 tr/m²",2,1,"Đại Kim, Hoàng Mai","20.97145652771, 105.828170776367"
42356010,06/03/2025,"Bán căn hộ chung cư số 282 Lĩnh Nam, 112m2, 3 phòng ngủ, tặng full nội thất đẹp, sổ đỏ chính chủ","5,25 tỷ",112 m²,"46,88 tr/m²",3,2,"Lĩnh Nam, Hoàng Mai","20.982290588229446, 105.87908247128186"
42296238,06/03/2025,Ảnh thật căn hộ. Căn góc 3PN 2VS 2 ban công trục đẹp nhất Hateco Hoàng Mai - giá 4. X tỷ 0972 663 ***,"4,75 tỷ",90 m²,"52,78 tr/m²",3,2,"Yên Sở, Hoàng Mai","20.9631175162932, 105.86481702154774"
42308343,06/03/2025,Bán căn hộ chung cư CT1 Tây Nam Linh Đàm (Ảnh thật) 45m2 2PN sổ đỏ full nội thất 2.67 tỷ,"2,67 tỷ",45 m²,"59,33 tr/m²",2,1,"Hoàng Liệt, Hoàng Mai","20.962122740450184, 105.82107046700474"
42355826,06/03/2025,"Bán căn hộ 2PN, 2WC, 67m2 tại K35 Tân Mai, 5,2 tỷ, Hoàng Mai, Hà Nội","5,2 tỷ",67 m²,"77,61 tr/m²",2,2,"Tương Mai, Hoàng Mai","20.983444792736748, 105.85156735194087"
42355762,06/03/2025,"Bán Căn hộ 2PN, 2WC, 72m2 tại Sky Central, Định Công, Hoàng Mai, Hà Nội, giá cực chất 5 tỷ VND",5 tỷ,72 m²,"69,44 tr/m²",2,2,"Định Công, Hoàng Mai","20.982838797225277, 105.83468062951809"
39231679,06/03/2025,"Bán CHCC Rice City - Linh Đàm - Hoàng Mai. DT: 68m2. 2PN + 2WC. Giá: 4,35 tỷ. LH: 0964 835 ***","4,35 tỷ",68 m²,"63,97 tr/m²",2,2,"Hoàng Liệt, Hoàng Mai","20.9638347625732, 105.822456359863"
42355815,06/03/2025,"Bán căn hộ 2 phòng ngủ, full nội thất cao cấp - toà Mandarin Garden2 - 99 Tân Mai, Sổ đỏ lâu dài","5,3 tỷ",68 m²,"77,94 tr/m²",2,1,"Tân Mai, Hoàng Mai","20.983928886019818, 105.84571564833664"
38989619,06/03/2025,"Bán CHCC The One Gamuda - Hoàng Mai. DT: 65m2 2PN + 2WC. Giá: 4,35 tỷ. LH: 0964 835 ***","4,35 tỷ",65 m²,"66,92 tr/m²",2,2,"Yên Sở, Hoàng Mai","20.9692039489746, 105.876914978027"
42301118,06/03/2025,"TÔI CẦN TIỀN MUỐN Cần bán gấp CHCC 54m2 Rice- city , Hoàng Mai, Linh Đàm","3,38 tỷ",54 m²,"62,59 tr/m²",3,2,"Hoàng Liệt, Hoàng Mai","20.963300228531153, 105.82170227092263"
42202217,06/03/2025,"Gọi Em Giang sở hữu ngay căn hộ 2Pn 74m2 giá chỉ 4,5 tỷ, HTLS 0% 24th, CK 8%,tân gia 1 cây vàng","4,5 tỷ",74 m²,"60,81 tr/m²",2,2,"Hoàng Liệt, Hoàng Mai","20.9581040022877, 105.825561246354"
42331930,06/03/2025,"Bán nhanh căn hộ Kim Văn Kim Lũ 56m2, 2PN, 2WC, SĐCC. Giá 2,6 tỷ, nhà full nội thất - hỗ trợ bank","2,6 tỷ",56 m²,"46,43 tr/m²",2,2,"Đại Kim, Hoàng Mai","20.973597245940002, 105.82019549805212"
42268393,06/03/2025,"Bán nhanh căn đầu hồi 53,5m2 - sổ đỏ - tại KĐT Kim Văn Kim Lũ (ảnh thật căn hộ), hỗ trợ bank","2,59 tỷ","53,5 m²","48,41 tr/m²",2,2,"Đại Kim, Hoàng Mai","20.9734622439593, 105.820076130939"
42157959,06/03/2025,"Nhà đẹp HH Linh Đàm căn 67m2 2N2WC giá chỉ 2,43 tỷ nhà full nội thất (ảnh thật căn hộ), hỗ trợ bank","2,43 tỷ",67 m²,"36,27 tr/m²",2,2,"Hoàng Liệt, Hoàng Mai","20.9649197722404, 105.8266144128"
42351151,06/03/2025,"Căn hộ 3PN 106m2, tầng cao đẹp, view nội khu chỉ 1,9 tỷ( 30%) ký HĐMB. Hotline: 0843 237 ***","6,68 tỷ",106 m²,63 tr/m²,3,2,"Hoàng Liệt, Hoàng Mai","20.958182610046848, 105.82692025862019"
42345359,06/03/2025,Mở bán đợt cuối bảng hàng ngoại giao giá tốt Hà Nội Melody Residences chỉ từ 51 triệu/m2 gồm VAT,"3,86 tỷ","74,25 m²","51,92 tr/m²",2,2,"Hoàng Liệt, Hoàng Mai","20.958480073100105, 105.82642372589065"
42169978,06/03/2025,"Bán gấp căn chung cư Đồng Phát - quận Hoàng Mai 2 ngủ, 2WC, 1logia, sổ đỏ vĩnh viễn",3 tỷ,65 m²,"46,15 tr/m²",2,2,"Vĩnh Hưng, Hoàng Mai","20.9799332537152, 105.874288397419"
41664708,06/03/2025,Bán căn hộ CT1 - X2 Bắc Linh Đàm - view vườn hoa - lô góc,"3,45 tỷ",72 m²,"47,92 tr/m²",2,2,"Đại Kim, Hoàng Mai","20.97145652770996, 105.82817077636719"
42178243,06/03/2025,Chính chủ bán căn 2 ngủ tại Osaka Complex,"3,53 tỷ","75,1 m²",47 tr/m²,2,2,"Hoàng Liệt, Hoàng Mai","20.958643297407406, 105.83837351491725"
42355273,06/03/2025,Cần Bán Gấp Căn Hộ Osaka Complex 71 m 2 PN 2 Vs Lh : 0929 656 ***,Giá thỏa thuận,71 m²,N/A,2,2,"Hoàng Liệt, Hoàng Mai","20.95923590781263, 105.8384311274644"
42355267,06/03/2025,Chính Chủ Cần Bán Căn Hoa Hậu x2 Đại Kim Siêu đẹp 0929 656 ***,Giá thỏa thuận,86 m²,N/A,3,2,"Đại Kim, Hoàng Mai","20.976123649032385, 105.82575048791685"
42355261,06/03/2025,Chính Chủ Bán Chung Cư căn hộ Rice city Toà Nam Linh Đàm lh; 0929 656 ***,Giá thỏa thuận,70 m²,N/A,3,2,"Đại Kim, Hoàng Mai","20.9708112083429, 105.827221188562"
42112120,06/03/2025,"Em Giang PKD Chủ đầu tư căn 3PN giá chỉ 5,1 tỷ, HTLS 0% 24th, CK 8% GTCH, quà tân gia 1 km vàng","5,1 tỷ",89 m²,"57,3 tr/m²",3,2,"Hoàng Liệt, Hoàng Mai","20.9584361221558, 105.826427453419"
42093494,06/03/2025,Căn hộ cao cấp 2PN 2VS tại Rice City Linh Đàm - Nội thất đầy đủ - Vào ở luôn!,"3,85 tỷ",72 m²,"53,47 tr/m²",2,2,"Hoàng Liệt, Hoàng Mai","20.9641238384904, 105.82269462543"
42148941,06/03/2025,Bán căn góc 3 mặt thoáng OCT2 Bắc Linh Đàm - 113m2 - 3PN 2VS - sổ đỏ lâu dài,"4,9 tỷ",113 m²,"43,36 tr/m²",3,2,"Đại Kim, Hoàng Mai","20.971654049875408, 105.82817738253146"
42246217,06/03/2025,Bán căn hộ 2pn 2vs tòa Hud 3 Linh Đàm- nhà đẹp full nội thất! Vào được ngay.,"3,77 tỷ",67 m²,"56,27 tr/m²",2,2,"Hoàng Liệt, Hoàng Mai","20.9596819071078, 105.833813774674"
42275925,06/03/2025,HƠN 3 TỶ - NHÀ ĐẸP Ở NGAY - 3 NGỦ - SỔ ĐỎ - TÒA NƠ7 BÁN ĐẢO LINH ĐÀM,"3,9 tỷ",74 m²,"52,7 tr/m²",3,2,"Hoàng Liệt, Hoàng Mai","20.9642377353668, 105.831674276508"
42156821,06/03/2025,Lô Góc Nơ 7A- CC Bán đảo Linh Đàm - 3pn 2vs - Đầy đủ nội thất cao cấp!,"4,88 tỷ",95 m²,"51,37 tr/m²",3,2,"Hoàng Liệt, Hoàng Mai","20.9636642301463, 105.831609378458"
42287863,06/03/2025,Lô góc 92m- View thoáng- CC D2CT2 Tây Nam Linh Đàm- Nội thất để lại Full mới! Mua ngay.,"5,25 tỷ",92 m²,"57,06 tr/m²",3,2,"Hoàng Liệt, Hoàng Mai","20.9614834375855, 105.835409378153"
42111454,06/03/2025,"Hot! Đẹp nhất khu CC Linh Đàm- 85m2- 3pn 2vs- Đầy đủ nội thất mới tinh, vào ở luôn!","4,3 tỷ",85 m²,"50,59 tr/m²",3,2,"Hoàng Liệt, Hoàng Mai","20.9658411775734, 105.828005866181"
42228391,06/03/2025,"Siêu Phẩm 3PN Căn Góc HUD2 B1 B2 , 95m2, Tây Nam Linh Đàm - View Đẹp, Nội Thất Cao Cấp.","5,5 tỷ",95 m²,"57,9 tr/m²",3,2,"Hoàng Liệt, Hoàng Mai","20.9614083181036, 105.835609663478"
42095227,06/03/2025,Mua ngay!!! Căn hộ 3pn tại CT4AX2 Linh Đàm- Thiết kế hiện đại- Đầy đủ tiện ích!,"4,65 tỷ",90 m²,"51,67 tr/m²",3,2,"Hoàng Liệt, Hoàng Mai","20.965540291585, 105.828231387939"
42238801,06/03/2025,Bán căn hộ 2pn 2vs full nội thất CT2-Tp Tây Nam Linh Đàm- Căn hộ cao cấp nhất Linh Đàm!,"2,67 tỷ",47 m²,"56,81 tr/m²",2,2,"Hoàng Liệt, Hoàng Mai","20.9614231370526, 105.835843173816"
42302951,06/03/2025,"Lô góc- Duy nhất 1 căn 3pn tại tòa CT5X2, nội thất mới, hiện đại.","4,7 tỷ",88 m²,"53,41 tr/m²",3,2,"Hoàng Liệt, Hoàng Mai","20.9709197482078, 105.835099183919"
42077116,06/03/2025,"Bán căn 3PN 96m2 giá rẻ nhất dự án Melody, giảm 500tr so với giá gốc, kí trực tiếp CĐT, HTLS 24T","4,5 tỷ",96 m²,"46,88 tr/m²",3,2,"Hoàng Liệt, Hoàng Mai","21.02894860978742, 105.85244722590335"
42102892,06/03/2025,"Bán suất ngoại giao căn 2PN 68m2, giá tốt nhất dự án, nội thất cao cấp, HTLS 24T, pháp lý chuẩn","3,6 tỷ",68 m²,"52,94 tr/m²",2,2,"Hoàng Liệt, Hoàng Mai","20.9580430934174, 105.826393798668"
42319189,06/03/2025,"Sẵn CH 3PN (to) 106m2 View trực diện công viên xanh mát, thiết kế hợp lý, sở hữu lâu dài, 63tr/m2","6,67 tỷ",106 m²,"62,89 tr/m²",3,2,"Hoàng Liệt, Hoàng Mai","20.958554262135504, 105.8268353312828"
41390158,06/03/2025,"Melody Linh Đàm bây giờ mua giá 5X tr, năm sau bàn giao nhà giá 8X tr. Đầu tư hay để ở đều hợp lý","3,92 tỷ",74 m²,53 tr/m²,2,2,"Hoàng Liệt, Hoàng Mai","20.9585018157959, 105.826347351074"
42277655,06/03/2025,"(Giá chuẩn) Bán căn 2 ngủ 2wc 70m2, nhà đẹp, đủ nội thất, sổ đỏ. Giá 4,6 tỷ Bea Sky","4,6 tỷ",70 m²,"65,71 tr/m²",2,2,"Đại Kim, Hoàng Mai","20.973968505859375, 105.82169342041016"
42119463,06/03/2025,Chính chủ cần thanh khoản gửi bán căn hộ 2 phòng ngủ 66m2 tại HH Linh Đàm nội thất cao cấp giá tốt,"2,7 tỷ",66 m²,"40,91 tr/m²",2,2,"Hoàng Liệt, Hoàng Mai","20.96471164697285, 105.82702504523344"
38866028,06/03/2025,Chính chủ bán căn hộ góc 2PN 85m2 Sunshine Palace phố LN giá chỉ 5 tỷ5 - Lh em Hoàng 0812 395 ***,"5,5 tỷ",85 m²,"64,71 tr/m²",2,2,"Mai Động, Hoàng Mai","20.9901828765869, 105.868659973145"
42317359,06/03/2025,Bán căn 3 ngủ đủ đồ ở ngay chung cư Athena Complex Hoàng Mai,"4,4 tỷ",90 m²,"48,89 tr/m²",3,2,"Hoàng Liệt, Hoàng Mai","20.9587217600332, 105.842255700737"
38853000,06/03/2025,"Bán CHCC Gelexia 885 Tam Trinh - Hoàng Mai. DT: 74m2 2PN + 2WC. Giá: 4,4 tỷ. Lh: 0964 835 ***","4,4 tỷ",74 m²,"59,46 tr/m²",2,2,"Yên Sở, Hoàng Mai","20.9729385375977, 105.866355895996"
42354781,06/03/2025,"Cơ hội cuối sở hữu chung cư nội đô quận Hoàng Mai chỉ từ 6xtr/m2, miễn lãi gốc 24T, chiết khấu 8%","4,8 tỷ","73,89 m²","64,96 tr/m²",2,2,"Hoàng Liệt, Hoàng Mai","20.95790367092469, 105.82630541046538"
42085601,06/03/2025,"Chính chủ - bán chung cư B1 Lĩnh Nam - Minh Khai - Hoàng Mai, nội thất đầy đủ, về ở ngay",800 triệu,40 m²,20 tr/m²,2,2,"Lĩnh Nam, Hoàng Mai","20.9821021680358, 105.879941218763"
41188572,06/03/2025,Bán gấp căn hộ tầng trung - căn góc CT12 KVKL - đầy đủ nội thất - sổ đỏ chính chủ - ban công mát mẻ,"2,7 tỷ","56,2 m²","48,04 tr/m²",2,2,"Đại Kim, Hoàng Mai","20.9732913970947, 105.820007324219"
41134455,06/03/2025,Bán gấp căn hộ 2N - 65m2 KVKL - đầy đủ nội thất mới cứng - sổ đỏ chính chủ - view thoáng vĩnh viễn,"2,89 tỷ","65,1 m²","44,39 tr/m²",2,1,"Đại Kim, Hoàng Mai","20.9732913970947, 105.820007324219"
41664841,06/03/2025,"Chính chủ cần bán căn 68m2 - 2PN tầng 15 dự án Hanoi Melody Linh Đàm giá 3,8 tỷ","3,8 tỷ",68 m²,"55,88 tr/m²",2,N/A,"Hoàng Liệt, Hoàng Mai","20.9585018157959, 105.82634735107422"
42285271,06/03/2025,Chỉ 56tr/m2 chính chủ cần tiền bán căn góc 3N tòa NO4 đã vào tiền 37.5%,"6,72 tỷ",120 m²,56 tr/m²,3,N/A,"Hoàng Liệt, Hoàng Mai","20.95857589443115, 105.82626494980543"
42320548,06/03/2025,"Bán căn 2 ngủ diện tích 80,53m2 tại Hanoi Melody Residence","3,6 tỷ","80,53 m²","44,7 tr/m²",2,2,"Hoàng Liệt, Hoàng Mai","20.9583778051067, 105.825525187786"
42332757,06/03/2025,"Bán CC mini 2PN, 1WC tại Giải Phóng, 1,83 tỷ, 50m2, giá cực chất","1,83 tỷ",50 m²,"36,6 tr/m²",2,1,"Giáp Bát, Hoàng Mai","20.9834098019149, 105.841192502615"
41980197,06/03/2025,Quỹ căn đẹp Melody Linh Đàm ký trực tiếp CĐT HTLS 24 tháng tặng 1 cây vàng 0904 818 ***,"3,98 tỷ",75 m²,53 tr/m²,2,N/A,"Hoàng Liệt, Hoàng Mai","20.958993374466974, 105.82633986816904"
42197497,06/03/2025,"Bán căn 2 ngủ tầng trung rẻ đẹp nhất dự án Melody, Hoàng Mai","3,6 tỷ","74,26 m²","48,48 tr/m²",2,2,"Hoàng Liệt, Hoàng Mai","20.958294572313008, 105.82562135422405"
42354289,06/03/2025,"Bán chung cư Đồng Tàu, Thịnh Liệt, Hoàng Mai: 68m2, 2PN, đủ đồ giá 3,75 tỷ","3,75 tỷ",68 m²,"55,15 tr/m²",2,2,"Mai Động, Hoàng Mai","21.0026296942803, 105.86135386214"
41061230,06/03/2025,"Chính chủ bán căn 60m2-full đồ, 2 ngủ-BC Đông Nam, nhà đã có sổ đỏ lâu dài, liên hệ xem 0815 845 ***","3,9 tỷ",60 m²,65 tr/m²,2,2,"Hoàng Liệt, Hoàng Mai","20.9587688446045, 105.846313476563"
41633547,06/03/2025,Bán căn hộ 2PN 2VS - CT2X2 Linh Đàm - Full nội thất mới 100%,"2,95 tỷ",55 m²,"53,64 tr/m²",2,2,"Hoàng Liệt, Hoàng Mai","20.97145652770996, 105.82817077636719"
42352403,06/03/2025,"Bán căn hộ 3PN, 2WC tại Green Park Trần Thủ Độ, 6 tỷ, 85m2, Hoàng Liệt, Hoàng Mai, Hà Nội",6 tỷ,85 m²,"70,59 tr/m²",3,2,"Hoàng Liệt, Hoàng Mai","20.959581895124, 105.846169723162"
42254112,06/03/2025,"Chính chủ gửi bán căn hộ 3 ngủ HUD CT5, X2 Tây Nam Linh Đàm LH 0857 999 ***","4,7 tỷ",79 m²,"59,47 tr/m²",3,2,"Hoàng Liệt, Hoàng Mai","20.9634409554308, 105.821394778429"
42346478,06/03/2025,"Hàng hiếm còn duy nhất 1 căn 3PN, DT 145m2, CK cực khủng, mua ngay kẻo hết!","9,8 tỷ",145 m²,"67,59 tr/m²",3,2,"Hoàng Liệt, Hoàng Mai","20.958707993762523, 105.82613727349192"
42251636,06/03/2025,"Chính chủ bán căn hoa hậu 2PN 2WC 85m2 Sunshine Palace (Cạnh Time City) chỉ xách valy về ở, full đồ","6,5 tỷ",80 m²,"81,25 tr/m²",2,2,"Mai Động, Hoàng Mai","20.990652196023152, 105.86942689358168"
42353642,06/03/2025,"Chính chủ bán căn hộ 2 phòng ngủ giá 1,7 tỷ","1,7 tỷ",46 m²,"36,96 tr/m²",2,1,"Hoàng Liệt, Hoàng Mai","20.96360313850287, 105.82803233611305"
42150517,06/03/2025,"Chủ nhà bán gấp căn 3PN góc 2 mặt view - dự án Melody Linh Đàm 95m2, 98m2 giá rẻ bất ngờ","5,1 tỷ",98 m²,52 tr/m²,3,2,"Hoàng Liệt, Hoàng Mai","20.958460516542708, 105.82660879075789"
42349990,06/03/2025,"Bán nhà riêng tập thể tầng 1 Nguyễn An Ninh, 60m2 sổ đỏ, 2 mặt ngõ thông sát chợ tiện kinh doanh","3,35 tỷ",60 m²,"55,83 tr/m²",1,1,"Tương Mai, Hoàng Mai","20.9912838926397, 105.844556741969"
33957697,06/03/2025,"Bán CHCC toà CT1 Gelexia Riverside 885 Tam Trinh - DT 78m2 2PN 2WC, view Time city cực đẹp","4,4 tỷ",78 m²,"56,41 tr/m²",2,2,"Yên Sở, Hoàng Mai","20.9729385375977, 105.866355895996"
42337198,06/03/2025,"NHƯỢNG CĂN HỘ -2PN- 74,49M2 - TẠI DỰ ÁN MELODY LINH ĐÀM - GIÁ SIÊU TỐT 4,5XX ( gồm VAT )","4,55 tỷ","74,49 m²","61,08 tr/m²",2,2,"Đại Kim, Hoàng Mai","20.971031311495825, 105.82895002176359"
41826094,06/03/2025,"Quỹ căn độc quyền 2PN ký trực tiếp CĐT, rẻ nhất TT chiết khấu TTS 8%, tặng 10 chỉ vàng 9999","3,88 tỷ",68 m²,57 tr/m²,2,2,"Hoàng Liệt, Hoàng Mai","20.9587644278524, 105.825772083202"
42103948,06/03/2025,"Mở bán căn hộ 74m2 giá chỉ từ 52tr/m2 đẹp nhất Melody Linh Đàm, HTLS 0%/24 tháng, QT 1 cây vàng","3,7 tỷ",74 m²,50 tr/m²,2,2,"Hoàng Liệt, Hoàng Mai","20.9584487501221, 105.827015154138"
42352998,06/03/2025,"Chỉ 3 tỷ 4 sở hữu căn hộ 3 Phòng ngủ tại KĐT Bắc Linh Đàm, sđcc, full nội thất","3,4 tỷ",69 m²,"49,28 tr/m²",3,N/A,"Đại Kim, Hoàng Mai","20.9747079846163, 105.823940138641"
42352745,06/03/2025,"Tôi chính chủ cần bán căn hộ 3 ngủ chung cư Beasky Hoàng Mai, full nội thất đẹp","5,4 tỷ",85 m²,"63,53 tr/m²",3,2,"Đại Kim, Hoàng Mai","20.973192114058207, 105.8220288593079"
42352952,06/03/2025,"Bán CC Gelexia 885 Tam Trinh, giá 4,2 tỷ, 75m2, 2pn, 2vs, LH 0936 358 ***","4,25 tỷ",75 m²,"56,67 tr/m²",2,2,"Yên Sở, Hoàng Mai","20.972474656337976, 105.86591541290292"
42326177,06/03/2025,"Bán CHCC Osaka Complex Hoàng Liệt-Hoàng Mai DT 71m2 2 ngủ 2WC BC logia. Full nội thất, sổ chính chủ","3,85 tỷ",71 m²,"54,22 tr/m²",2,2,"Hoàng Liệt, Hoàng Mai","20.9585013300861, 105.837931550583"
41706167,06/03/2025,"Chính chủ cần bán căn 2PN rẻ nhất thị trường 3,7 tỷ LH: 0902 030 ***","3,7 tỷ",68 m²,"54,41 tr/m²",2,2,"Hoàng Liệt, Hoàng Mai","20.958502, 105.82635"
42224569,06/03/2025,"Mở bán căn hộ căn 3PN, 94.54m2 giá rẻ nhất dự án Melody Linh Đàm, 4,55 tỷ. LH: 0902 030 ***","4,55 tỷ","94,54 m²","48,13 tr/m²",3,2,"Hoàng Liệt, Hoàng Mai","20.9581096236518, 105.826677493176"
42152548,06/03/2025,"BÁN CĂN 2PN GIÁ TỐT TÒA HH LINH ĐÀM, HOÀNG MAI.LH-0982 511 ***","2,46 tỷ",63 m²,"39,05 tr/m²",2,2,"Hoàng Liệt, Hoàng Mai","20.964664074081966, 105.82639583606216"
42103354,06/03/2025,"Chính chủ bán căn hộ Bea Sky 2 ngủ diện tích 67m2 giá 4,5 tỷ. Liên hệ 0931 429 ***","4,5 tỷ",67 m²,"67,16 tr/m²",2,2,"Đại Kim, Hoàng Mai","20.97343996176697, 105.82167160588001"
41879962,06/03/2025,"Ngoại giao, chuyển nhượng, trực tiếp CĐT: VIP CĂN 3PN chỉ 5,5 tỷ 101m2, vay 0%/24T, CK tới 11%","5,5 tỷ",101 m²,"54,46 tr/m²",3,2,"Hoàng Liệt, Hoàng Mai","20.9585397281396, 105.826912488922"
42227738,06/03/2025,Chính chủ không qua môi giới cần bán Căn Góc Feliz Home 3PN 96m2,7 tỷ,96 m²,"72,92 tr/m²",3,4,"Hoàng Văn Thụ, Hoàng Mai","20.984956229334045, 105.8599079912025"
39323883,06/03/2025,"Bán chung cư Rose Town 65m2, 71m2, 89,4m2, 92m2 tòa DV1, DV2, DV3, DV4. Giá từ 4.1xxtỷ",Giá thỏa thuận,"89,4 m²",N/A,3,2,"Hoàng Liệt, Hoàng Mai","20.9565887451172, 105.844886779785"
42228888,06/03/2025,"(Căn mới) Bán 2 ngủ K35 Tân Mai, full đồ đẹp, giá 4.5 tỷ, DT: 80m2, sổ đỏ sẵn, hỗ trợ bank 70%","4,5 tỷ",80 m²,"56,25 tr/m²",N/A,N/A,"Tương Mai, Hoàng Mai","20.983309264133943, 105.85142053484888"
41718731,06/03/2025,"Bán căn góc 3 ngủ góc DT:103m2 tại Eco Lake View, 32 Đại Từ, sổ đỏ sẵn, full đồ view đẹp giá 5.5tỷ","5,5 tỷ",103 m²,"53,4 tr/m²",3,2,"Đại Kim, Hoàng Mai","20.972457163944267, 105.83867932839306"
41718685,06/03/2025,"Bán gấp căn 2PN tại Eco Lake View, 80m2 full đồ đẹp sổ đỏ sẵn, giá tốt nhất thị trường chỉ 4 tỷ",4 tỷ,80 m²,50 tr/m²,2,2,"Đại Kim, Hoàng Mai","20.9725493700419, 105.837885629176"
41718852,06/03/2025,"Bán gấp căn 2 ngủ Rose Town - 79 Ngọc Hồi, full đồ đẹp nhà làm để ở, view thoáng giá chỉ 3.8 tỷ","3,5 tỷ",74 m²,"47,3 tr/m²",2,2,"Hoàng Liệt, Hoàng Mai","20.956588745117188, 105.84488677978516"
41718883,06/03/2025,"Chỉ 5.2 tỷ! Bán gấp căn 3 ngủ góc tại Rose Town - 79 Ngọc Hồi, full nội thất đẹp, tầng đẹp","5,2 tỷ",96 m²,"54,17 tr/m²",2,2,"Hoàng Liệt, Hoàng Mai","20.956588745117188, 105.84488677978516"
42351726,06/03/2025,"Bán gấp căn hộ CC Linh Đàm 2PN, 2WC, giá chỉ 2,4 tỷ, vị trí đắc địa, tiện ích đầy đủ","2,4 tỷ",63 m²,"38,1 tr/m²",2,2,"Đại Kim, Hoàng Mai","20.9714142210239, 105.828208187103"
42352219,06/03/2025,Cần tiền chủ bán căn 68m2 giá chỉ 3.55 tỷ TTS 95%,"3,55 tỷ",68 m²,"52,21 tr/m²",2,2,"Hoàng Liệt, Hoàng Mai","20.9588143423839, 105.825886267905"
42343733,06/03/2025,"Bán CC Bea Sky, Đại Kim, Hoàng Mai, Hà Nội, giá siêu hời 4,3 tỷ, 69m2","4,3 tỷ",69 m²,"62,32 tr/m²",2,2,"Đại Kim, Hoàng Mai","20.97392949023935, 105.82161544512135"
42352457,06/03/2025,Chính chủ bán căn 2PN tòa D tầng cao thoáng view trường Ngôi Sao. LH: 0911 717 ***,"4,7 tỷ",75 m²,"62,67 tr/m²",2,2,"Đại Kim, Hoàng Mai","20.972885585080057, 105.82066643749351"
42060481,06/03/2025,"Mua Melody Linh Đàm nên mua chính hãng CĐT để được hưởng quyền lợi tốt nhất, từ 5xtr/m2 view hồ","4,54 tỷ",89 m²,51 tr/m²,3,2,"Hoàng Liệt, Hoàng Mai","20.9584362845913, 105.826334498386"
42352164,06/03/2025,93m2 - 3 ngủ lô góc tại Rose Town - đã có slot ô tô. Giá chỉ 5.950 tỷ. Liên hệ: 0989 838 ***,"5,95 tỷ",93 m²,"63,98 tr/m²",3,2,"Hoàng Liệt, Hoàng Mai","20.9563210898783, 105.845433925293"
41435803,06/03/2025,Chính chủ cần thanh khoản gấp căn hộ 72m2 tại HH2 Linh Đàm nhà đầy đủ nội thất giá tốt 0965 289 ***,"2,5 tỷ",71 m²,"35,21 tr/m²",2,2,"Hoàng Liệt, Hoàng Mai","20.964334487915039, 105.82729339599609"
25162370,06/03/2025,"Mở bán chung cư mini Tân Mai - Quận Hoàng Mai 550 triệu/căn, vào ở ngay, full nội thất",Giá thỏa thuận,30 m²,N/A,1,1,"Tương Mai, Hoàng Mai","20.983676, 105.8512451"
42170994,06/03/2025,"Bán căn hộ chung cư tại Sky Central, 4,5 tỷ, 68 m2, 2PN, 2WC, chính chủ hot","4,5 tỷ",68 m²,"66,18 tr/m²",2,2,"Định Công, Hoàng Mai","20.982937577452674, 105.83350848197946"
42310802,06/03/2025,"Bán CHCC CT3C-X2 Bắc Linh Đàm - Hoàng Mai. DT 83m2, 3PN+2VS full nội thất. LH: 0917 208 ***","4,86 tỷ",83 m²,"58,55 tr/m²",3,2,"Hoàng Liệt, Hoàng Mai","20.971398369895603, 105.82826770738927"
39695658,06/03/2025,"Giá rẻ nhất thị trường! Bán nhanh căn góc 89m2 giá 5,8 tỷ. Cam kết không ảo, giá thật","5,8 tỷ",89 m²,"65,17 tr/m²",3,2,"Định Công, Hoàng Mai","20.983034, 105.83511"
42351925,06/03/2025,"Chính chủ bán CC CT2 Đại Kim, Hoàng Mai, Hà Nội. Diện tích sổ đỏ: 79,07m2. LH 0981 588 ***","4,74 tỷ","79,07 m²",60 tr/m²,3,2,"Đại Kim, Hoàng Mai","20.971161962583928, 105.827805539498"
42327526,06/03/2025,Chính chủ cần bán căn hộ chung cư siêu đẹp giá thỏa thuận,"5,5 tỷ",75 m²,"73,33 tr/m²",2,2,"Đại Kim, Hoàng Mai","20.978431858517702, 105.83702249794486"
42291201,06/03/2025,"Bán gấp CC Rice City Linh Đàm, 4,1 tỷ, 68m2, 2PN, 2WC, nội thất đầy đủ, Hoàng Mai, Hà Nội","4,1 tỷ",68 m²,"60,29 tr/m²",2,2,"Hoàng Liệt, Hoàng Mai","20.963895006960406, 105.82254454180726"
42291681,06/03/2025,"Bán CC Rice City Linh Đàm, 3,55 tỷ, 63m2, 2PN, 2WC, siêu hot","3,55 tỷ",63 m²,"56,35 tr/m²",2,2,"Hoàng Liệt, Hoàng Mai","20.963879594578625, 105.8223134474094"
42351716,06/03/2025,Chính chủ cần bán nhanh căn hộ 3 ngủ 2 VS -93m2 toà DV3. FULL đồ cao cấp,Giá thỏa thuận,93 m²,N/A,3,2,"Hoàng Liệt, Hoàng Mai","20.956910281071615, 105.84485956807168"
42351697,06/03/2025,"Bán căn hộ Bea Sky, Đại Kim, Hoàng Mai, Hà Nội, 5,4 tỷ, 78,3m2 , full nội thất","5,4 tỷ","78,3 m²","68,97 tr/m²",N/A,N/A,"Đại Kim, Hoàng Mai","20.974031562162565, 105.82102200569402"
42350618,06/03/2025,"Siêu phẩm - Quận Hoàng Mai. Mở bán chung cư Tương Mai - Hoàng Mai, full đồ - vào ở luôn. Ôtô đỗ cửa",890 triệu,36 m²,"24,72 tr/m²",1,1,"Mai Động, Hoàng Mai","20.9909373449325, 105.862459718319"
42317816,06/03/2025,"Bán căn hộ chung cư New Horizon City 87 Lĩnh Nam, 5,75 tỷ, 90m2, 3PN, 2WC","5,75 tỷ",90 m²,"63,89 tr/m²",3,2,"Mai Động, Hoàng Mai","20.98929537363102, 105.86676340943204"
42253071,06/03/2025,"Bán căn hộ 3PN, 2WC, 97m2 tại New Horizon City, 6,2 tỷ, Hoàng Mai, Hà Nội","6,2 tỷ",97 m²,"63,92 tr/m²",3,2,"Mai Động, Hoàng Mai","20.98922947455839, 105.8663157470481"
42252656,06/03/2025,Bán gấp căn hộ tầng trung CT12 KVKL - Đầy đủ nội thất-ban công mát mẻ - Dòng tiền cho thuê ổn định,"2,15 tỷ","54,3 m²","39,6 tr/m²",2,2,"Đại Kim, Hoàng Mai","20.9733623779864, 105.8203132465218"
42350810,06/03/2025,"Bán CC 2PN, 1WC, 43m2 tại CT2 Tây Nam Linh Đàm, 2,65 tỷ, HOT","2,65 tỷ",43 m²,"61,63 tr/m²",2,1,"Hoàng Liệt, Hoàng Mai","20.963026796312434, 105.82103610602115"
41177331,06/03/2025,"Chủ nhà cần thu hồi vốn bán căn hộ 2PN tầng trung, view đẹp, diện tích 88.6m2 giá chỉ 3,7 tỷ","3,7 tỷ","88,6 m²","41,76 tr/m²",2,2,"Hoàng Liệt, Hoàng Mai","20.9656516800842, 105.82205875238"
42350312,06/03/2025,Bán chung cư VP3 - Linh Đàm nhà mới đẹp 93m2 - 5.3 tỷ,"5,3 tỷ",93 m²,"56,99 tr/m²",3,2,"Hoàng Liệt, Hoàng Mai","20.964391300864275, 105.830919843561"
42350104,06/03/2025,Nhà đẹp giá tốt - ko chốt hơi phí 0963 954 ***,"4,8 tỷ",83 m²,"57,83 tr/m²",3,2,"Hoàng Liệt, Hoàng Mai","20.964316361306242, 105.8224418393328"
42269107,06/03/2025,Suất ngoại giao căn hộ 2PN diện tích 74.55 m2 giá hấp dẫn nhất dự án Hà Nội Melody Residences,"3,93 tỷ","74,55 m²","52,69 tr/m²",2,2,"Hoàng Liệt, Hoàng Mai","20.9585621588882, 105.825425405553"
41997933,06/03/2025,"Mở bán căn hộ mini Lĩnh Nam - Hoàng Mai 35 - 55m2/1 - 2PN, full đồ","1,88 tỷ",50 m²,"37,6 tr/m²",2,1,"Lĩnh Nam, Hoàng Mai","20.9816995707949, 105.879668120666"
41870782,06/03/2025,Hot! Mở bán quỹ 10 căn đẹp nhất Melody Linh Đàm CK 8% tặng 86tr vay ko lãi 24 tháng. LH: 0973 038 ***,"5,25 tỷ",89 m²,59 tr/m²,3,2,"Hoàng Liệt, Hoàng Mai","20.9588706380244, 105.826997534116"
42348987,06/03/2025,"Căn hộ tầng 3 - nhà C ngõ 357 Tam Trinh, quận Hoàng Mai HN","2,58 tỷ",47 m²,"54,89 tr/m²",2,2,"Hoàng Văn Thụ, Hoàng Mai","20.986420484416, 105.863464339772"
42351156,06/03/2025,"Bán Chung cư vật tư du lịch số 6/51/15 ngọc hồi (hoặc số 8 trần thủ độ).66m2, 2PN+2WC.Giá 3,68Tỷ","3,68 tỷ",66 m²,"55,76 tr/m²",2,2,"Hoàng Liệt, Hoàng Mai","20.956408769379568, 105.84564174065213"
42350927,06/03/2025,"Bán căn hộ CC 3N, 109m2, nguyên bản CĐT giá tốt: 60tr/m2, tại Viễn Đông Star, Hoàng Mai, Hà Nội","6,54 tỷ",109 m²,60 tr/m²,3,2,"Thịnh Liệt, Hoàng Mai","20.977476944865415, 105.8427703930748"
42085138,06/03/2025,Chính chủ - bán chung cư A1 Lĩnh Nam - Tam Trinh - Minh Khai - sau Timecity - full nội thất,800 triệu,35 m²,"22,86 tr/m²",2,1,"Lĩnh Nam, Hoàng Mai","20.9819896076299, 105.879735981439"
42351025,06/03/2025,"Có căn 2PN+1 diện tích 87,46m2 Tại KĐT Linh Đàm chỉ với 1,6 tỷ",Giá thỏa thuận,"87,46 m²",N/A,2,2,"Đại Kim, Hoàng Mai","20.971195145569133, 105.82811037448788"
42124106,06/03/2025,"Hanoi Melody 3PN vừa dt 87 m2 giá từ 5,5 tỷ, Xuân Ất Tỵ tặng đến 1 cây vàng","5,5 tỷ",87 m²,"63,22 tr/m²",3,2,"Hoàng Liệt, Hoàng Mai","20.95866528191852, 105.8262657962288"
42350791,06/03/2025,"Bán căn hộ full nội thất 3N, 91m2 giá 66T/m2 ở Viễn Đông Star, Giáp Nhị, Hoàng Mai, Hà Nội",6 tỷ,91 m²,"65,93 tr/m²",3,2,"Thịnh Liệt, Hoàng Mai","20.9779981504027, 105.84265298848548"
42350886,06/03/2025,"Bán Căn hộ tòa B chung cư Hateco Hoàng Mai, 3,6 tỷ, 65 m2, 2N+1WC. LH: 0917 208 ***","3,6 tỷ",65 m²,"55,38 tr/m²",2,1,"Yên Sở, Hoàng Mai","20.962757805088636, 105.8642519699888"
39516789,06/03/2025,"Cần bán gấp căn hộ chung cư Melody Linh Đàm. Diện tích 74m2, vay LS 0% trong 24 tháng, giá 4 tỷ","3,6 tỷ",74 m²,"48,65 tr/m²",2,2,"Hoàng Liệt, Hoàng Mai","20.9586202185781, 105.825794689458"
42317507,06/03/2025,"(Giá tốt nhất tòa) Bán CC Rose Town 79 Ngọc Hồi, 4,2 tỷ, 66m2, 2PN, 2WC, nội thất cơ bản","4,2 tỷ",66 m²,"63,64 tr/m²",2,2,"Hoàng Liệt, Hoàng Mai","20.956112003049316, 105.8447603683718"
42303265,06/03/2025,(Thiện chí cao) chủ nhà gửi bán căn hộ 2Pn toà Zentower 76.6m2 giá 5tỷ hơn,Giá thỏa thuận,77 m²,N/A,2,2,"Hoàng Văn Thụ, Hoàng Mai","20.98472954700328, 105.85986905359643"
40832926,06/03/2025,"Chính chủ cần bán căn hộ tầng 9, 2 ngủ dự án Melody Residences 94,54m2","5,2 tỷ","94,54 m²",55 tr/m²,2,2,"Hoàng Liệt, Hoàng Mai","20.9585018157959, 105.826347351074"
42350710,06/03/2025,"Bán căn hộ Viễn Đông Star, 101m2, 3PN, 2WC, giá tốt 68T/m2,, Hoàng Mai, Hà Nội","6,87 tỷ",101 m²,68 tr/m²,3,2,"Thịnh Liệt, Hoàng Mai","20.97758801504318, 105.84308433638381"
42347135,06/03/2025,Căn góc hướng nam chung cư HH4A Linh Đàm,"3,5 tỷ",76 m²,"46,05 tr/m²",3,2,"Hoàng Liệt, Hoàng Mai","20.963440196954036, 105.82767863348666"
40827547,06/03/2025,Bán CHCC South Tower tòa Vật tư Du lịch số 8 Trần Thủ Độ. DT 71m2 2PN 2WC. Căn góc thoáng,"3,68 tỷ",71 m²,"51,83 tr/m²",2,2,"Hoàng Liệt, Hoàng Mai","20.962495803833, 105.844841003418"
42079942,06/03/2025,"Bán căn hộ 2PN, 3,9 tỷ, 68m2 tại tòa CT4A-X2 Tây Nam Linh Đàm, Hoàng Mai, Hà Nội","3,9 tỷ",68 m²,"57,35 tr/m²",2,2,"Hoàng Liệt, Hoàng Mai","20.963640048745965, 105.82299354368396"
42078447,06/03/2025,"Bán căn hộ 66m2 view hồ tầng 15 tại chung cư hh linh đàm, hoàng mai. Giá 2,795 tỷ. Lh 0983 392 ***","2,8 tỷ",66 m²,"42,35 tr/m²",2,2,"Hoàng Liệt, Hoàng Mai","20.964550844571907, 105.82732850024819"
42350656,06/03/2025,CHUNG CƯ HOÀ PHÁT - CĂN HỘ CAO CẤP - KẾT NỐI PHỐ CỔ,"5,3 tỷ",64 m²,"82,81 tr/m²",2,2,"Tân Mai, Hoàng Mai","20.983343084473454, 105.84690830624479"
42179921,06/03/2025,Chính chủ bán căn hồ Đền Lừ Đông Nam 60m2 full đồ sổ chính chủ,"3,4 tỷ",60 m²,"56,67 tr/m²",2,2,"Hoàng Văn Thụ, Hoàng Mai","20.985583304326397, 105.85935056168957"
39467366,06/03/2025,"CC cần bán căn chung cư Đồng Phát Park View. 80m2, 2PN và 2WC 4.5tỷ có TL, LH: 0962 552 ***","4,5 tỷ",80 m²,"56,25 tr/m²",2,2,"Vĩnh Hưng, Hoàng Mai","20.9800987243652, 105.874244689941"
42209449,06/03/2025,"Bán CHCC Osaka Complex ngõ 48 Ngọc Hồi, căn góc. DT 75m2 2 ngủ 2 WC giá 3,7 tỷ, 0962 552 ***","3,7 tỷ",75 m²,"49,33 tr/m²",2,2,"Hoàng Liệt, Hoàng Mai","20.958575694389612, 105.83875199193503"
39509596,06/03/2025,"CC bán CHCC Sunshine Palace ngõ 13 Lĩnh Nam 2ngủ 2 WC khách, bếp. DT: 87m2 LH: 0962 552 ***",6 tỷ,87 m²,"68,97 tr/m²",3,2,"Mai Động, Hoàng Mai","20.9901828765869, 105.868659973145"
38936519,06/03/2025,"CC bán căn hộ CC cao cấp tòa B Hateco Hoàng Mai. 65m2 giá 3.6tỷ, LH: 0962 55279","3,6 tỷ",65 m²,"55,38 tr/m²",2,2,"Yên Sở, Hoàng Mai","20.9627342224121, 105.86434173584"
40316204,06/03/2025,"Chính chủ bán CH 2PN 85m2, giá: 4,9 tỷ tại Gelexia 885 Tam Trinh. LH: 0962 552 ***","4,9 tỷ",85 m²,"57,65 tr/m²",3,2,"Yên Sở, Hoàng Mai","20.9729385375977, 105.866355895996"
37820750,06/03/2025,"Chính chủ bán CH 2PN 80m2, giá: 4.5tỷ tại Gelexia 885 Tam Trinh: LH: 0962 552 ***","4,5 tỷ",80 m²,"56,25 tr/m²",2,2,"Yên Sở, Hoàng Mai","20.9729385375977, 105.866355895996"
42350386,06/03/2025,"Chính chủ cần bán căn hộ chung cư, bán đảo Linh Đàm, tầng trung, DT 76 m2, 3 ngủ, 2 wc, 4,59 tỷ.","4,59 tỷ",76 m²,"60,4 tr/m²",3,2,"Hoàng Liệt, Hoàng Mai","20.9707421856028, 105.827006430368"
37978421,06/03/2025,"CC bán căn chung cư 987 Tam Trinh. Căn góc, DT: 70m2, 3ngủ, 2 VS, giá 4 tỷ có TL: LH: 0962 552 ***",4 tỷ,70 m²,"57,14 tr/m²",2,2,"Yên Sở, Hoàng Mai","20.9799327850342, 105.864631652832"
40702520,06/03/2025,"CC cần bán căn chung cư Đồng Phát Park View. 70m2, 2PN và 2WC 3.8tỷ có TL, LH: 0962 552 ***","3,8 tỷ",70 m²,"54,29 tr/m²",2,2,"Vĩnh Hưng, Hoàng Mai","20.9800987243652, 105.874244689941"
40315630,06/03/2025,"CC bán căn hộ CC cao cấp Hateco Hoàng Mai. DT 82m2 giá 4.3tỷ, LH: 0962 552 ***","4,3 tỷ",82 m²,"52,44 tr/m²",3,2,"Yên Sở, Hoàng Mai","20.96273422241211, 105.86434173583984"
41914799,06/03/2025,"Bán CHCC Đồng Tàu - Thịnh Liệt, DT: 65m2, 2PN + VS, giá 3,45tỷ có TL. LH: 0962 552 ***","3,45 tỷ",65 m²,"53,08 tr/m²",2,1,"Thịnh Liệt, Hoàng Mai","20.9768140018344, 105.847057758006"
40536139,06/03/2025,"Chính chủ bán CH 2PChính chủ bán CH 2PN 70m2, giá: 4.3 tỷ tại Gelexia 885 Tam Trinh: LH: 0962 552 ***","4,3 tỷ",70 m²,"61,43 tr/m²",2,2,"Yên Sở, Hoàng Mai","20.9729385375977, 105.866355895996"
42181245,06/03/2025,Độc quyền căn góc 3PN (120m2) view hồ đẹp nhất HaNoi Melody. Giá chỉ 57tr/m2,"6,84 tỷ",120 m²,57 tr/m²,3,2,"Hoàng Liệt, Hoàng Mai","20.958982972545456, 105.82633202254645"
42047331,06/03/2025,"Chính chủ bán căn hộ 74m2 tầng trung, ban công mát view đẹp, sổ đỏ, đủ nội thất, giá 4,8 tỷ có TL","4,8 tỷ",74 m²,"64,86 tr/m²",2,2,"Tương Mai, Hoàng Mai","20.987394433163413, 105.85046355906327"
42349788,06/03/2025,Duy nhất một căn 2PN + 2VS toà VP6 Bán Đảo Linh Đàm giá chỉ 2.8 tỷ,"2,8 tỷ",65 m²,"43,08 tr/m²",2,2,"Thịnh Liệt, Hoàng Mai","20.967129195515614, 105.83367031328679"
42349898,06/03/2025,"Bán căn 3N 109m2 full nội thất, giá siêu hời chỉ 68T/m2, CC Viễn Đông Star, Hoàng Mai, Hà Nội","7,4 tỷ",109 m²,"67,89 tr/m²",3,2,"Thịnh Liệt, Hoàng Mai","20.97815132065408, 105.84316848543237"
42349518,06/03/2025,"Bán CH 2PN, 2WC, 56m2 tại Green Park Trần Thủ Độ, 70 triệu/m2, Hoàng Liệt, Hoàng Mai, HN","3,92 tỷ",56 m²,70 tr/m²,2,2,"Hoàng Liệt, Hoàng Mai","20.958775331273888, 105.84630305522381"
34381365,06/03/2025,"Bán căn hộ toà nhà Vật Tư Du Lịch Pháp Vân. DT: 66m2 2PN + 2wc, giá: 3,68 tỷ, LH: 0964 835 ***","3,68 tỷ",66 m²,"55,76 tr/m²",2,2,"Hoàng Liệt, Hoàng Mai","20.9562702178955, 105.84504699707"
42245806,06/03/2025,Bán căn 2 phòng ngủ 80m2 Sunshine Palace ngõ 13 Lĩnh Nam giá chỉ 5tỷ6 full đồ - E Cường 097604411,"5,6 tỷ",80 m²,70 tr/m²,2,2,"Mai Động, Hoàng Mai","20.9899407281291, 105.868937457578"
41776989,06/03/2025,Bán căn hộ 2 phòng ngủ full nội thất điện tử siêu rẻ Sunshine Palace chỉ 5tỷ5- em cường 0976 044 ***,"5,5 tỷ",80 m²,"68,75 tr/m²",2,N/A,"Mai Động, Hoàng Mai","20.989587691472973, 105.86837345053863"
42349760,06/03/2025,Bán căn hộ chung cư A5 Đại Kim Hoàng Mai Hà Nội,"3,95 tỷ","75,5 m²","52,32 tr/m²",2,1,"Đại Kim, Hoàng Mai","20.977264020297, 105.83594839087"
42349123,06/03/2025,Chung cư Hòa Phát - tòa chung cư cao cấp - 2 ngủ đủ công năng - DTSD 70m2 - giá nhỉnh năm tỷ,"5,3 tỷ",70 m²,"75,71 tr/m²",2,1,"Tương Mai, Hoàng Mai","20.98711835598192, 105.85072391627885"
42349656,06/03/2025,Cần bán căn hộ chung cư Hateco Yên Sở Hoàng Mai Hà Nội,"4,25 tỷ","78,6 m²","54,07 tr/m²",3,2,"Yên Sở, Hoàng Mai","20.96310577673745, 105.86483035572645"
42088458,06/03/2025,"Bán CC Đồng Phát S: 80m2 2PN tầng trung, giá đầu tư 4.05 tỷ có TL LH 0978 721 ***","4,05 tỷ",80 m²,"50,62 tr/m²",2,2,"Vĩnh Hưng, Hoàng Mai","20.97976354319653, 105.87454273009062"
42333630,06/03/2025,Bán nhà chung cư 897 Giải Phóng (sát bến xe Giáp Bát),"4,95 tỷ","62,5 m²","79,2 tr/m²",2,2,"Giáp Bát, Hoàng Mai","20.9797617105978, 105.841026120277"
41166727,06/03/2025,Cần bán căn hộ chung cư Gelexia 885 Tam Trinh Yên Sở Hoàng Mai Hà Nội,"4,3 tỷ",67 m²,"64,18 tr/m²",2,2,"Yên Sở, Hoàng Mai","20.972938537597656, 105.8663558959961"
39193123,06/03/2025,Bán căn hộ KDT Pháp Vân Trần Thủ Độ 91m2 3 ngủ 2 VS 4.1 tỷ,"4,1 tỷ",91 m²,"45,06 tr/m²",3,2,"Hoàng Liệt, Hoàng Mai","20.9562702178955, 105.84504699707"
41571326,06/03/2025,Em cần bán căn 2 ngủ-80m2 - BC mát-nhà full đồ đẹp giá 4.3 tỷ CC mới Thông Tấn Xã LH: 0815 845 ***,"4,3 tỷ",80 m²,"53,75 tr/m²",2,2,"Đại Kim, Hoàng Mai","20.9763984680176, 105.814575195313"
40902572,06/03/2025,"VC em cần bán căn DT 76m2, 2PN - 2VS - full đồ nhà vừa sửa được 5th - giá 4.5 tỷ CC Eco Lake View","4,5 tỷ",76 m²,"59,21 tr/m²",2,2,"Đại Kim, Hoàng Mai","20.9730930328369, 105.838371276855"
41501181,06/03/2025,Em cần bán căn 2 ngủ-BC mát-nhà full đồ đẹp giá 4.350 tỷ chung cư mới Vinaconex 2 LH: 0815 845 ***,"4,35 tỷ",75 m²,58 tr/m²,2,2,"Đại Kim, Hoàng Mai","20.9732913970947, 105.820007324219"
40689311,06/03/2025,"Duy nhất 1 căn 3PN 99m2 full NT, view hồ đẹp nhất dự án Phương Đông, tầng trung cao, giá chỉ 6,8 tỷ","6,8 tỷ",99 m²,"68,69 tr/m²",3,N/A,"Hoàng Liệt, Hoàng Mai","20.95821026140081, 105.84595195145401"
42275964,06/03/2025,Em cần bán căn 2 ngủ 2vs-BC mát-nhà full đồ đẹp giá 4.8 tỷ chung cư mới Bea Sky LH: 0815 845 ***,"4,8 tỷ",70 m²,"68,57 tr/m²",2,2,"Đại Kim, Hoàng Mai","20.973766850014364, 105.82218424081033"
40012556,06/03/2025,"Giảm chào 300tr, bán gấp căn 3PN Feliz Home Hoàng Mai, 110m2 2 mặt thoáng, full nội thất, giá 7.1tỷ","7,1 tỷ",110 m²,"64,54 tr/m²",3,2,"Hoàng Văn Thụ, Hoàng Mai","20.9848365783691, 105.859855651855"
40012277,06/03/2025,"Bán căn hộ chung cư 2 ngủ Feliz Homes, 69m2 đồ cơ bản, cửa ĐB ban công TN, giá 4.5 tỷ - 0977 636 ***","4,3 tỷ",69 m²,"62,32 tr/m²",2,2,"Hoàng Văn Thụ, Hoàng Mai","20.9848365783691, 105.859855651855"
40315393,06/03/2025,"Chuyển nhượng căn hộ 3PN Feliz Homes Hoàng Mai, giá tốt, nội thất đẹp 100.4m2 - 6.5 tỷ - 0977 636 ***","6,5 tỷ","100,4 m²","64,74 tr/m²",3,2,"Hoàng Văn Thụ, Hoàng Mai","20.9848365783691, 105.859855651855"
41841367,06/03/2025,"Bán CC 3 ngủ Feliz Homes Hoàng Mai giá ngang căn 2 ngủ, tầng đẹp, view bể bơi, 101m2 giá chỉ 6.2 tỷ","6,2 tỷ",101 m²,"61,39 tr/m²",3,2,"Hoàng Văn Thụ, Hoàng Mai","20.984676339385572, 105.86039628702592"
38468288,06/03/2025,"Bán CHCC K35 Tân Mai - toà N02. DT: 67m2 2PN + 2WC. Giá: 4,98 tỷ. Lh: E Huỳnh 0964 835 ***","4,98 tỷ",67 m²,"74,33 tr/m²",2,2,"Tương Mai, Hoàng Mai","20.983737945556641, 105.8515625"
42348211,06/03/2025,Bán gấp căn hộ VP5 Linh Đàm DT: 46m2 2PN 2WC full đồ LH: 0983 466 ***,"2,24 tỷ",46 m²,"48,7 tr/m²",2,2,"Hoàng Liệt, Hoàng Mai","20.963688308989003, 105.83152944497961"
42327377,06/03/2025,"Bán CC No3 Linh Đàm, 4,3 tỷ, 76m2, 3PN, 2WC, view đẹp, pháp lý đầy đủ","4,3 tỷ",76 m²,"56,58 tr/m²",3,2,"Thịnh Liệt, Hoàng Mai","20.96448403226101, 105.83014836985413"
42217582,06/03/2025,"Bán gấp CC đẹp xuất sắc 89m2 2PN+2WC tại Hà Nội Melody Linh Đàm, 60 triệu/m2. tặng 1 cây vàng","5,34 tỷ",89 m²,60 tr/m²,2,2,"Hoàng Liệt, Hoàng Mai","20.95848122398009, 105.82621574227262"
41654801,06/03/2025,"Bán căn hộ 74m2 chung cư Gelexia 885 Tam Trinh - Yên Sở - Hoàng Mai. Full nội thất 4,4 tỷ","4,4 tỷ",74 m²,"59,46 tr/m²",2,2,"Yên Sở, Hoàng Mai","20.9729385375977, 105.866355895996"
41776607,06/03/2025,"Bán căn hộ 3 ngủ 90m2 chung cư Hateco Yên Sở, Hoàng Mai","4,6 tỷ",90 m²,"51,11 tr/m²",3,2,"Yên Sở, Hoàng Mai","20.962898169604603, 105.86389293545108"
41394850,06/03/2025,"Bán căn hộ 105m2 3 ngủ chung cư Hateco Yên sở, Hoàng mai, tòa B căn góc 2 ban công, view thoáng đẹp","5,1 tỷ",105 m²,"48,57 tr/m²",3,2,"Yên Sở, Hoàng Mai","20.9627342224121, 105.86434173584"
42348952,06/03/2025,Chính chủ cần bán gấp căn 2 ngủ tại Bea Sky liên hệ: 0924 750 ***,"4,6 tỷ",69 m²,"66,67 tr/m²",2,2,"Đại Kim, Hoàng Mai","20.97372658341708, 105.82253417831839"
42338363,06/03/2025,"Bán CC 2PN, 2WC tại HUD3 Nguyễn Đức Cảnh, Tương Mai, Hoàng Mai, Hà Nội, giá cực chất 5,2 tỷ","5,2 tỷ",70 m²,"74,29 tr/m²",2,2,"Tương Mai, Hoàng Mai","20.98737565322271, 105.85037477948757"
42345211,06/03/2025,"Bảng hàng ngoại giao trực tiếp chủ đầu tư căn hộ 2PN, 3PN giá tốt Hà Nội Melody Residences","6,06 tỷ","104,75 m²","57,81 tr/m²",3,2,"Hoàng Liệt, Hoàng Mai","20.95806875591511, 105.82690436535256"
41699154,06/03/2025,Cần bán gấp chung cư No 14 khu đô thị Định Công 60m2 nhỉnh 3 tỷ - ở ngay,"3,3 tỷ",60 m²,55 tr/m²,2,1,"Định Công, Hoàng Mai","20.985563278198242, 105.83258056640625"
42329321,06/03/2025,Ngoại giao CĐT quỹ căn 2 ngủ+ 89m2 dự án Hà Nội Melody Linh Đàm,"4,8 tỷ",89 m²,"53,93 tr/m²",3,2,"Hoàng Liệt, Hoàng Mai","20.957862422054877, 105.82582334992823"
41729744,28/02/2025,"Quỹ căn tháng 3 Green Park. Căn 2 ngủ (53m2-83m2) giá từ 2.65 tỷ, căn 3 ngủ (85m2-99 giá từ 4.25 tỷ",Giá thỏa thuận,85 m²,N/A,N/A,N/A,"Hoàng Liệt, Hoàng Mai","20.958769, 105.84631"
41830971,06/03/2025,"Chính chủ chuyển nhượng Căn hộ 84.5m2 N04.07 Chung cư Hà Nội Melody Linh Đàm, Q.Hoàng Mai, Hà Nội",Giá thỏa thuận,"84,5 m²",N/A,2,2,"Hoàng Liệt, Hoàng Mai","20.958485126853247, 105.82639463537951"
41986014,06/03/2025,"Nhỉnh 50tr bán căn 3 ngủ Đông Nam view nội khu tầng trung hướng Đông Nam, full nội thất","5,99 tỷ",108 m²,"55,5 tr/m²",3,2,"Hoàng Liệt, Hoàng Mai","20.958546433639633, 105.82568384875056"
42327007,06/03/2025,Quỹ căn 3 PN dự án Melody Linh Đàm giá tốt nhất thị trường LH: 0981 155 ***,"4,61 tỷ",94 m²,49 tr/m²,3,2,"Hoàng Liệt, Hoàng Mai","20.958896109755717, 105.82604055949213"
42348971,06/03/2025,"Bán CH tập thể T3, 2 ngủ, 2 WC - DT 47/60m2 Tam Trinh, Mai Động chỉ 2.58 tỷ","2,58 tỷ",60 m²,43 tr/m²,2,2,"Hoàng Văn Thụ, Hoàng Mai","20.986323851553, 105.86393737918"
41976162,06/03/2025,"Mới! Bán căn hộ mini Phố Tam Trinh - Lĩnh Nam ngay sau Time City 37m2, 50m2, full đồ",Giá thỏa thuận,37 m²,N/A,1,1,"Lĩnh Nam, Hoàng Mai","20.982409069806, 105.879561253494"
42308321,06/03/2025,"Chính chủ cần tiền bán gấp căn góc 95m2, 3pn giá 5,6x tỷ CC Rose Town 79 Ngọc Hồi 098333908chín","5,68 tỷ",95 m²,"59,79 tr/m²",3,2,"Hoàng Liệt, Hoàng Mai","20.956621211622057, 105.84432236313553"
42211413,06/03/2025,"Cần bán gấp căn hộ 2PN, 70m2 giá chuẩn 4,5 tỷ CC Eco Lake View tại 32 Đại Từ, Hoàng Mai, Hà Nội","4,5 tỷ",70 m²,"64,29 tr/m²",2,2,"Đại Kim, Hoàng Mai","20.9728979351211, 105.838527115022"
42348517,06/03/2025,"Bán CC 2PN, 2WC, 67m2 tại Tam Trinh, Hoàng Mai, giá siêu hời 4,1 tỷ VND","4,1 tỷ",67 m²,"61,19 tr/m²",2,2,"Yên Sở, Hoàng Mai","20.9733261513477, 105.866231300834"
42338328,06/03/2025,Cần tiền bán gấp căn hộ Rice City Linh Đàm thiết kế 2PN2Wc giá rẻ.,4 tỷ,64 m²,"62,5 tr/m²",2,2,"Hoàng Liệt, Hoàng Mai","20.96422189982, 105.822121497179"
42347675,06/03/2025,Độc quyền! Bán căn hộ nở hậu ở VP6 Linh Đàm DT 66m2 giá tốt nhất tầng 34 giá 2.55 tỷ view triệu đô,"2,55 tỷ",66 m²,"38,64 tr/m²",2,2,"Thịnh Liệt, Hoàng Mai","20.967356169878386, 105.83232392007308"
42348770,06/03/2025,"Nhà quá đẹp ạ. Căn hộ VP6 Bán Đảo Linh Đàm. DT: 62m2 với 2PN - 2VS. Giá chỉ có: 2.52tỷ, nhà đẹp","2,52 tỷ",62 m²,"40,65 tr/m²",2,2,"Thịnh Liệt, Hoàng Mai","20.966584324193533, 105.83260345424611"
42157956,06/03/2025,"Chính chủ cần bán căn 3 ngủ diện tích rộng tại Green Park giá cả thương lượng, liên hệ: 0924 750 ***",6 tỷ,100 m²,60 tr/m²,3,2,"Hoàng Liệt, Hoàng Mai","20.958857003033444, 105.84637439584232"
42143009,06/03/2025,"Chính chủ cần bán gấp căn 2 ngủ 2 wc tại Rose Town 79 Ngọc Hồi giá 3,x tỷ liên hệ: 0924 750 ***","3,6 tỷ",66 m²,"54,54 tr/m²",2,2,"Hoàng Liệt, Hoàng Mai","20.9560994502567, 105.845353559773"
42143164,06/03/2025,"Chính chủ cần bán gấp căn 2 ngủ 2 WC tại Green Park giá 3,x tỷ liên hệ: 0924 750 ***","3,8 tỷ",70 m²,"54,29 tr/m²",2,2,"Hoàng Liệt, Hoàng Mai","20.95866105663533, 105.84667156659302"
42348431,06/03/2025,"Bán căn hộ chung cư tại KĐTM Đại Kim - Định Công, 3,95 tỷ, 75,5m2, 2PN, 1WC, full nội thất hot","3,95 tỷ","75,5 m²","52,32 tr/m²",2,1,"Đại Kim, Hoàng Mai","20.978415268582214, 105.8361371807205"
42326555,06/03/2025,Bán căn hộ 70m2 chung cư HUD3 số 60 Nguyễn Đức Cảnh,"5,2 tỷ",70 m²,"74,29 tr/m²",2,2,"Tương Mai, Hoàng Mai","20.98816178061729, 105.8500451927329"
42275075,06/03/2025,Chính chủ cần bán gấp căn 3 ngủ tại chung cư cao cấp Green Park Trần Thủ Độ liên hệ: 0924 750 ***,"5,5 tỷ",85 m²,"64,71 tr/m²",3,2,"Hoàng Liệt, Hoàng Mai","20.9582886488739, 105.846978265199"
42339545,06/03/2025,"Bán CC tòa CT1 @Home, 987 Tam Trinh, Hoàng Mai, DT 67m2, 2 ngủ, 2 WC Giá 4,1tỷ. 0983 873 ***","4,1 tỷ",67 m²,"61,19 tr/m²",2,2,"Yên Sở, Hoàng Mai","20.9799327850342, 105.864631652832"
41418386,06/03/2025,Bán căn hộ 68m2 chung cư Gelexia 885 Tam Trinh - Yên Sở - Hoàng Mai,"4,3 tỷ",68 m²,"63,24 tr/m²",2,2,"Yên Sở, Hoàng Mai","20.9736022368624, 105.866511952642"
42196552,06/03/2025,Bán căn hộ CC 72m2 căn góc toà B tại Đồng Phát Parkview Vĩnh Hoàng,"4,5 tỷ",72 m²,"62,5 tr/m²",2,2,"Vĩnh Hưng, Hoàng Mai","20.980257350573652, 105.87443564449163"
42222259,06/03/2025,Bán căn hộ CC 63m2 2 ngủ tại Đồng Phát Parkview,"3,8 tỷ",63 m²,"60,32 tr/m²",2,2,"Vĩnh Hưng, Hoàng Mai","20.979933186320398, 105.87372684049373"
41337106,06/03/2025,"Bán căn hộ 85m2 chung cư Gelexia 885 Tam Trinh - Yên Sở - Hoàng Mai, view Gamuda","4,92 tỷ",85 m²,"57,88 tr/m²",2,2,"Yên Sở, Hoàng Mai","20.9732125205973, 105.866594733198"
42101813,06/03/2025,Bán căn hộ 3 ngủ chung cư Gelexia 885 Tam Trinh - Yên Sở - Hoàng Mai căn góc cực thoáng,"5,4 tỷ",87 m²,"62,07 tr/m²",3,2,"Yên Sở, Hoàng Mai","20.972636972996597, 105.86572626231948"
42277159,06/03/2025,Bán CHCC 79m 2 ngủ căn hoa hậu ở New Horizon 87 Lĩnh Nam,"5,1 tỷ",79 m²,"64,56 tr/m²",2,2,"Mai Động, Hoàng Mai","20.989546120333866, 105.86648691080798"
41633234,06/03/2025,Hot! Bán căn hộ 3PN 2VS tại CC OCT2 - DN2 Bắc Linh Đàm - full nội thất mới 100% - giá đầu tư,"4,7 tỷ",96 m²,"48,96 tr/m²",3,2,"Đại Kim, Hoàng Mai","20.97145652770996, 105.82817077636719"
42348291,06/03/2025,"HIẾM ! Chính chủ bán căn góc trục đẹp 100m 3pn 2vs tòa C chung cư Vinaconex 2 Hoàng Mai ,giá 6,x tỷ",Giá thỏa thuận,100 m²,N/A,3,2,"Đại Kim, Hoàng Mai","20.973574480132214, 105.81971781662375"
41690474,06/03/2025,"New! Bán căn hộ 3pn CC OCT2 DN3 Đặng Xuân Bảng - full nội thất mới, ở được ngay","5,8 tỷ",118 m²,"49,15 tr/m²",3,2,"Đại Kim, Hoàng Mai","20.97145652770996, 105.82817077636719"
42106498,06/03/2025,Duy nhất! Căn góc HUD3 Tây Nam Linh Đàm- 68m2- 2pn 2vs- Vào ở được ngay!,4 tỷ,68 m²,"58,82 tr/m²",2,2,"Hoàng Liệt, Hoàng Mai","20.9596996608547, 105.834248782083"
42089530,06/03/2025,Lô góc - View thoáng - Tòa Nam Rice City Linh Đàm - 2pn 2vs - Full nội thất vào ở luôn!,"4,3 tỷ",80 m²,"53,75 tr/m²",2,2,"Hoàng Liệt, Hoàng Mai","20.963177183365932, 105.82285115671766"
42063046,06/03/2025,Mua nhà ở ngay căn 3PN - chung cư - OCT1 DN1 Bắc Linh Đàm - full nội thất mới 100% hiện đại,"4,78 tỷ",100 m²,"47,8 tr/m²",3,2,"Đại Kim, Hoàng Mai","20.97140495114254, 105.82818111539366"
41252439,06/03/2025,Siêu phẩm - Bán căn hộ 83m2 Nơ 10 Bán Đảo Linh Đàm - Nội thất cao cấp,"4,6 tỷ",83 m²,"55,42 tr/m²",3,2,"Hoàng Liệt, Hoàng Mai","20.97145652770996, 105.82817077636719"
42093721,06/03/2025,Hàng hiếm! Duy nhất 1 căn 3PN tại Nơ 3 bán đảo Linh Đàm đầy đủ công năng cho hộ gia đình đông người,"3,75 tỷ",70 m²,"53,57 tr/m²",3,2,"Đại Kim, Hoàng Mai","20.972111142124515, 105.82795652038706"
41996233,06/03/2025,"Mua nhà đón tết, chủ nhà cần bán căn hộ Nơ 7A - 3PN 2VS - full nội thất mới 100%","4,44 tỷ",85 m²,"52,24 tr/m²",3,2,"Đại Kim, Hoàng Mai","20.971235693665, 105.828540950085"
42079390,06/03/2025,Bán gấp căn hộ 3pn 2vs tại CT3C X2 Linh Đàm- Full nội thất cao cấp- Ở được luôn!,"4,85 tỷ",93 m²,"52,15 tr/m²",3,2,"Đại Kim, Hoàng Mai","20.97153135668391, 105.82793287522283"
41822942,06/03/2025,Bán căn CC Nơ 9 - 83m2 Bán đảo Linh Đàm - Full nội thất mới 100%,"4,5 tỷ",83 m²,"54,22 tr/m²",3,2,"Hoàng Liệt, Hoàng Mai","20.97091642610085, 105.8276936909707"
41363722,06/03/2025,"Bán căn hộ 96m2 tại Nơ 4A Linh Đàm - Full nội thất cao cấp, chỉ việc vào ở","4,61 tỷ",96 m²,"48,02 tr/m²",3,2,"Hoàng Liệt, Hoàng Mai","20.97145652770996, 105.82817077636719"
42264165,06/03/2025,Bán căn hộ tòa CT4AX2 - diện tích rộng - căn hộ 3 ngủ - sổ đỏ - nội thất mới,"4,7 tỷ",90 m²,"52,22 tr/m²",3,2,"Đại Kim, Hoàng Mai","20.9717503575019, 105.828129926557"
42348409,06/03/2025,"Bán căn hộ tòa A chung cư Hateco Hoàng Mai. DT: 78,6m2, 3N + 2WC giá 4,25tỷ. LH: 0917 208 ***","4,25 tỷ","78,6 m²","54,07 tr/m²",3,2,"Yên Sở, Hoàng Mai","20.963285455681056, 105.86368789513743"
42348114,06/03/2025,Chính chủ bán nhanh căn hộ 93m2 3 ngủ 2WC tòa VP3 Linh Đàm view hồ full nội thất về ở giá tốt nhất,"5,2 tỷ",93 m²,"55,91 tr/m²",3,2,"Hoàng Liệt, Hoàng Mai","20.964454650878906, 105.83135986328125"
42348110,06/03/2025,"Chung cư cao cấp Melody Linh Đàm, Hoàng Mai, dt 115m2, 3PN, 2wc, giá cực Soc 6.588 tỷ","6,59 tỷ",115 m²,"57,29 tr/m²",3,2,"Hoàng Liệt, Hoàng Mai","20.958207266187706, 105.82634650960544"
41729220,05/03/2025,"Trực tiếp chủ đầu tư: Căn 2 - 3N giá rẻ nhất Melody Linh Đàm, view hồ, chiết khấu 8%, tặng vàng 999","3,2 tỷ",68 m²,"47,06 tr/m²",2,2,·,"20.9585018157959, 105.826347351074"
42337096,05/03/2025,"Tôi cán bộ PKD chủ đầu tư, bán suất mua nhân viên chiết khấu đặc biệt, căn đẹp ký trực tiếp HĐMB","3,2 tỷ",68 m²,"47,06 tr/m²",2,2,·,"20.95851242875902, 105.82587889259105"
42327816,04/03/2025,"Hot! Quỹ ngoại giao độc quyền căn 2-3PN view hồ - giá tốt nhất dự án, ký HĐMB trực tiếp Chủ đầu tư","3,35 tỷ",68 m²,"49,26 tr/m²",2,2,·,"20.9584566527592, 105.826391680388"
42355146,06/03/2025,Sunshine Palace 1PN 65m2 từ 2 tỷ 3PN 134m2 từ 4.9 tỷ ký HĐ trực tiếp CĐT rẻ hơn quỹ chuyển nhượng,2 tỷ,65 m²,"30,77 tr/m²",1,2,"Mai Động, Hoàng Mai","20.990436360524054, 105.86868826884664"
41461905,06/03/2025,Quỹ 2-3 ngủ ký trực tiếp CĐT Melody! Cam Kết giá tốt nhất dự án+View Hồ Đẹp+Full chiết khấu 53tr/m2,"3,2 tỷ",68 m²,"47,06 tr/m²",2,2,"Hoàng Liệt, Hoàng Mai","20.958601508316413, 105.826414441403"
42297202,06/03/2025,"Bán căn hộ 2PN + 2WC tại Hà Nội Melody Residences, 3,848 tỷ, 74m2 kí trực tiếp CĐT","3,85 tỷ",74 m²,52 tr/m²,2,2,"Hoàng Liệt, Hoàng Mai","20.9584691353487, 105.82594214370134"
42321799,05/03/2025,"Không báo ảo! Quỹ căn 2 + 3 phòng ngủ giá rẻ nhất, ký trực tiếp CĐT, cam kết chiết khấu tốt nhất","4,2 tỷ",68 m²,"61,76 tr/m²",2,2,"Hoàng Liệt, Hoàng Mai","20.9586221109885, 105.824159213467"
39724950,04/03/2025,"Bảng giá Feliz Homes chuyển nhượng, giá tốt tháng 3/2025 căn 2PN chỉ từ 4 tỷ, căn 3PN chỉ từ 5 tỷ","4,6 tỷ",83 m²,"55,42 tr/m²",2,2,"Hoàng Văn Thụ, Hoàng Mai","20.9848365783691, 105.859855651855"
41729744,28/02/2025,"Quỹ căn tháng 3 Green Park. Căn 2 ngủ (53m2-83m2) giá từ 2.65 tỷ, căn 3 ngủ (85m2-99 giá từ 4.25 tỷ",Giá thỏa thuận,85 m²,N/A,N/A,N/A,"Hoàng Liệt, Hoàng Mai","20.958769, 105.84631"
42351606,06/03/2025,Chính chủ cần bán chung cư 11 tầng nhà G Đền Lừ 1,"3,8 tỷ",59 m²,"64,41 tr/m²",3,N/A,"Hoàng Văn Thụ, Hoàng Mai","20.9848203822906, 105.857922897107"
41730917,06/03/2025,"Bán CHCC DT=77m2,2n2wc,Tòa D Vinaconex 2, Số 1 Nghiêm Xuân Yêm (đường VĐ3), Q.Hoàng Mai, HN","4,65 tỷ",77 m²,"60,39 tr/m²",2,2,"Đại Kim, Hoàng Mai","20.973291397094727, 105.82000732421875"
42237054,06/03/2025,"Chung cư Đền Lừ, sử dụng 100m 2 ngủ 2wc, sổ đỏ","3,8 tỷ",56 m²,"67,86 tr/m²",2,2,"Hoàng Văn Thụ, Hoàng Mai","20.984837098053315, 105.85985272424826"
42348862,06/03/2025,"Bán căn hộ 3PN, 2WC, 78m2 tại Nguyễn Hữu Thọ, Hoàng Liệt, Hoàng Mai, Hà Nội, 4,7 tỷ","4,7 tỷ",78 m²,"60,26 tr/m²",3,2,"Hoàng Liệt, Hoàng Mai","20.970807120271232, 105.82874926847859"
39599481,06/03/2025,Quỹ căn chuyển nhượng 2PN giá rẻ nhất Sunshine Palace siêu thị bất động sản - LH Hoàng 0812 395 ***,"5,8 tỷ",86 m²,"67,44 tr/m²",2,2,"Mai Động, Hoàng Mai","20.98984037753989, 105.86866004331479"
42347520,06/03/2025,"Bán căn hộ 3PN, 2WC tại Rainbow Linh Đàm, 6 tỷ VND, 90,5 m2",6 tỷ,"90,5 m²","66,3 tr/m²",3,2,"Hoàng Liệt, Hoàng Mai","20.96413739101401, 105.82435762509539"
42073765,05/03/2025,"Bán căn hộ mới 71.3m2 2PN2WC chung cư Rose Town, cạnh Bến xe Nước Ngầm, Sổ Lâu dài, giá 4.42 tỷ","4,42 tỷ","71,3 m²","61,99 tr/m²",2,2,"Hoàng Liệt, Hoàng Mai","20.956096829792, 105.844271278011"
42343203,05/03/2025,"Chính chủ bán căn hộ 46m2 chung cư HH4C Linh Đàm. Giá: 1,8x tỷ. LH: 0918 526 ***",Giá thỏa thuận,46 m²,N/A,2,1,"Hoàng Liệt, Hoàng Mai","20.963646220733704, 105.82629148527379"
40651758,05/03/2025,Chung cư chính chủ 45m2 HH1a Linh Đàm,"1,75 tỷ",45 m²,"38,89 tr/m²",1,1,"Hoàng Liệt, Hoàng Mai","20.9647350311279, 105.826362609863"
42336993,05/03/2025,Bán căn hộ 67m2 3 ngủ ở toà CT2 Bắc Linh Đàm full nội thất như hình nhà HUD xây dựng giá 3.58 tỷ,"3,58 tỷ",67 m²,"53,43 tr/m²",3,1,"Đại Kim, Hoàng Mai","20.971606990954783, 105.8274026618814"
42336496,05/03/2025,"Chính chủ bán nhanh căn hộ tầng trung 79,5m2 3 ngủ ở OCT2 HUD xây sổ chính chủ view hồ giá 4.15 tỷ","4,15 tỷ","79,5 m²","52,2 tr/m²",3,2,"Đại Kim, Hoàng Mai","20.972059707739167, 105.82789374102003"
42335701,05/03/2025,"Bán CC Rice City Linh Đàm, 4,1 tỷ, 63m2, 2PN, 2WC, Hoàng Mai, Hà Nội","4,1 tỷ",63 m²,"65,08 tr/m²",2,2,"Hoàng Liệt, Hoàng Mai","20.963695272496345, 105.82279977355108"
42334176,04/03/2025,"5 căn ưu đãi. Nhỉnh 1 tỷ mua căn 2PN, 3PN. Chỉ từ 60tr/m2. Vay 0%/24T, CK 10%, quà tặng 1 cây vàng.",5 tỷ,90 m²,"55,56 tr/m²",2,2,"Hoàng Liệt, Hoàng Mai","20.9581689121393, 105.82623899926"
42326693,04/03/2025,"Bán CC Rice City Linh Đàm, 3,9 tỷ, 70m2, 2PN, 2WC, tỷ, 70m2, 2PN, 2WC, ở Hoàng Liệt, Hoàng Mai, HN","3,9 tỷ",70 m²,"55,71 tr/m²",2,2,"Hoàng Liệt, Hoàng Mai","20.963888314725402, 105.82238344644392"
39666912,04/03/2025,Chính chủ tôi cần bán cắt lỗ gấp căn 2PN giá tốt tại dự án Hà Nội Melody Residences,"3,1 tỷ","73,81 m²",42 tr/m²,2,2,"Hoàng Liệt, Hoàng Mai","20.9585018157959, 105.826347351074"
42324157,04/03/2025,"Chính chủ bán 3PN, 2WC ở ngay 95m2 tim tường, 87m2 thông thuỷ. Toà CT1 tầng 4-X2 Đại Kim-Hoàng Mai","4,8 tỷ",95 m²,"50,53 tr/m²",3,2,"Đại Kim, Hoàng Mai","20.976277525449163, 105.82468925974804"
42323801,04/03/2025,Bán căn sổ đỏ 78m 3n2wc tòa Ct5X2 Linh Đàm. Lh: 0367 587 ***,4 tỷ,78 m²,"51,28 tr/m²",3,2,"Đại Kim, Hoàng Mai","20.9715143807735, 105.828072625587"
42321106,03/03/2025,"Bảng hàng ngoại giao căn 2-3 ngủ giá rẻ từ CĐT Melody hỗ trợ 0%24 tháng, CK 8%, QT 86tr 0969 537 ***","4,2 tỷ",74 m²,"56,76 tr/m²",2,2,"Hoàng Liệt, Hoàng Mai","20.958669162873814, 105.8269849897976"
41456316,03/03/2025,Bán căn hộ giá rẻ nhất chung cư Feliz Homes (2 ngủ: 4 tỷ và 3 ngủ: 5 tỷ) - 0981 757 ***,5 tỷ,78 m²,"64,1 tr/m²",2,2,"Hoàng Văn Thụ, Hoàng Mai","20.98446658118264, 105.8592534333344"
42088502,03/03/2025,"Tập thể C47 Mai Động, tổng DT sử dụng 198m2, oto 7c vào nhà, có thể để 4 oto trong sân. Giá 10tỷ8","10,8 tỷ",198 m²,"54,54 tr/m²",2,2,"Mai Động, Hoàng Mai","20.9907154445374, 105.862613258912"
42313854,03/03/2025,Quỹ căn hộ bán Sunshine Palace Lĩnh Nam cập nhật mới nhất - em Long 0355 863 ***,"5,48 tỷ",85 m²,"64,47 tr/m²",2,2,"Mai Động, Hoàng Mai","20.990192253339107, 105.86838389747976"
42242481,01/03/2025,"Bán gấp chung cư Đồng Phát 87m2 3PN lô góc tầng trung view sông Hồng, giá 4,6 tỷ","4,6 tỷ",87 m²,"52,87 tr/m²",3,2,"Vĩnh Hưng, Hoàng Mai","20.980096516539234, 105.87424311999871"
42295879,01/03/2025,"Quỹ căn tháng 3, Eco Lake View, căn 2 ngủ (53m2-76m2)giá từ 3.7 tỷ, căn 3 ngủ(76m2-106m2)từ 4.95tỷ.","3,75 tỷ",75 m²,50 tr/m²,N/A,N/A,"Đại Kim, Hoàng Mai","20.9733242407902, 105.838479341929"
42302408,01/03/2025,"Gia đình tôi cần bán căn CC HH2A 83m2, 3 ngủ, 2WC, lô góc, 3,3 tỷ, ban công view hồ và công viên","3,3 tỷ",83 m²,"39,76 tr/m²",3,2,"Hoàng Liệt, Hoàng Mai","20.96502299223419, 105.82703097427567"
42279866,28/02/2025,Bán căn sổ đỏ 85m2 3N 2WC tòa Nơ 7a bán đảo Linh Đàm. LH: 0367 587 ***,4 tỷ,85 m²,"47,06 tr/m²",3,2,"Đại Kim, Hoàng Mai","20.97097140471837, 105.82855659095307"
42299921,28/02/2025,"Cần nhượng lại suất ngoại giao CHCC nhà xã hội 70m2 lô góc 3pn, 2vs giá dự kiến 1,6tỷ sổ đỏ lâu dài",Giá thỏa thuận,70 m²,N/A,3,2,"Vĩnh Hưng, Hoàng Mai","20.9891831134035, 105.877662818036"
42299350,28/02/2025,"Bán nhà chính chủ Kim Văn Kim Lũ 56,2m2",Giá thỏa thuận,"56,2 m²",N/A,2,2,"Đại Kim, Hoàng Mai","20.973003386000666, 105.8202964175043"
42299785,28/02/2025,"Golden Homes, quỹ căn bán 2PN, 3PN view đẹp, giá tốt nhất thị trường Ecolake View giá chỉ từ 4,2 tỷ","4,2 tỷ",69 m²,"60,87 tr/m²",2,N/A,"Đại Kim, Hoàng Mai","20.9730702976748, 105.838411724294"
42229002,28/02/2025,"Chính chủ bán căn 2N, 2VS full đồ nội thất. Có slot oto. Xem nhà lúc nào cũng được",Giá thỏa thuận,69 m²,N/A,2,2,"Đại Kim, Hoàng Mai","20.97422132137064, 105.82174612512098"
42089414,28/02/2025,Chính chủ em cần bán căn hộ 2 ngủ 2 VS full nội thất Rose Town,"4,45 tỷ",75 m²,"59,33 tr/m²",2,2,"Hoàng Liệt, Hoàng Mai","20.956475530110623, 105.84473916970316"
42298617,28/02/2025,"Bán căn hộ 2 ngủ, 2VS, 80m2, tòa N04 Melody Residences, Hoàng Mai, Hà Nội",Giá thỏa thuận,80 m²,N/A,2,2,"Hoàng Liệt, Hoàng Mai","20.9585517199502, 105.826217160353"
42157025,28/02/2025,"CHÍNH CHỦ BÁN GẤP CĂN 3 NGỦ TẠI ECOLAKE VIEW GIÁ CẢ THƯƠNG LƯỢNG, LIÊN HỆ: 0924 750 ***",6 tỷ,104 m²,"57,69 tr/m²",3,2,"Đại Kim, Hoàng Mai","20.973568809481694, 105.83859093369111"
41777196,28/02/2025,Quỹ căn hộ bán Sunshine Palace Lĩnh Nam cập nhật mới nhất - Em Cường 0976 044 ***,"5,47 tỷ",80 m²,"68,38 tr/m²",2,N/A,"Mai Động, Hoàng Mai","20.99015398544697, 105.86913186384378"
42295419,28/02/2025,"Mở bán - chung cư E11 Lĩnh Nam - Tam Trinh - Mai Động 36m2, 55m2, ở ngay, oto đỗ cửa. Tặng vàng 24k",750 triệu,36 m²,"20,83 tr/m²",1,1,"Mai Động, Hoàng Mai","20.9907285745347, 105.863109822303"
40422454,28/02/2025,"Quỹ căn ngoại giao phòng kinh doanh chủ đầu tư giá rẻ nhất dự án DT từ 53m2, 99m2, giá từ 2.8 tỷ","2,8 tỷ",53 m²,"52,83 tr/m²",2,2,"Hoàng Liệt, Hoàng Mai","20.958459527139535, 105.84586255125784"
42290003,28/02/2025,"Cần bán gấp 54m2 giá rẻ CHCC Rice - City, Hoàng Mai, Linh Đàm - HN","3,38 tỷ",54 m²,"62,59 tr/m²",2,1,"Hoàng Liệt, Hoàng Mai","20.963793010759822, 105.82229335795469"
42289841,28/02/2025,"Bán CC 2PN, 2WC tại Rice City Linh Đàm, 4 tỷ, 62.5m2, Hoàng Liệt, Hoàng Mai, Hà Nội",4 tỷ,"62,5 m²",64 tr/m²,2,2,"Hoàng Liệt, Hoàng Mai","20.963106690204842, 105.82276678795633"
42285484,27/02/2025,96m2 - 3 ngủ góc tại Rose Town - đã có slot ô tô. Giá chỉ 5.68 tỷ. Liên hệ: 0826 465 ***,"5,68 tỷ",96 m²,"59,17 tr/m²",3,2,"Hoàng Liệt, Hoàng Mai","20.9561408985341, 105.844910041027"
42283368,27/02/2025,"Bán căn hộ 69m² CT4A - X2 Tây Nam Linh Đàm, 2PN, full nội thất, giá 3,95 tỷ","3,95 tỷ",69 m²,"57,25 tr/m²",2,N/A,"Đại Kim, Hoàng Mai","20.97662164462227, 105.82526728131309"
42203198,26/02/2025,"Chính chủ - bán chung cư N1 Lĩnh Nam - Minh Khai - Hoàng Mai, nội thất đầy đủ, sổ hồng vĩnh viễn",800 triệu,42 m²,"19,05 tr/m²",1,1,"Lĩnh Nam, Hoàng Mai","20.9818691262435, 105.879601801326"
41925217,26/02/2025,"(Rẻ nhất) Thực sự gấp bán căn 2N/2WC, DT 58m2, full NT, view hồ, hướng mát, giá 3.8 tỷ, sổ hồng","3,8 tỷ",58 m²,"65,52 tr/m²",2,2,"Hoàng Liệt, Hoàng Mai","20.959109738839, 105.84650445635"
38948244,25/02/2025,Bán căn hộ 2PN chung cư Sunshine Palace,"5,48 tỷ",89 m²,"61,57 tr/m²",2,2,"Mai Động, Hoàng Mai","20.9901828765869, 105.868659973145"
42190758,25/02/2025,"Em chuyên bán các căn hộ Kim Văn Kim Lũ Nguyễn Xiển như: Vinaconex 2, Thông Tấn Xã, CT12, CT11",Giá thỏa thuận,60 m²,N/A,2,2,"Đại Kim, Hoàng Mai","20.973089949053676, 105.81986882583656"
42222007,20/02/2025,Chủ nhà cần bán gấp 2ngủ 75m2 Eco Lake View hồ Linh Đàm-giá chỉ nhỉnh 4tỷ. Lh: 0826 465 *** Mr. Dương,Giá thỏa thuận,76 m²,N/A,2,2,"Đại Kim, Hoàng Mai","20.973100670025204, 105.83837547677747"
42269232,06/03/2025,"Bán CC 2PN full nội thất, 46m2, giá tốt tại Hoàng Liệt, Hoàng Mai, Hà Nội","1,99 tỷ",46 m²,"43,26 tr/m²",2,1,"Hoàng Liệt, Hoàng Mai","20.961419250364, 105.835442001045"
42308747,06/03/2025,"Bán gấp căn CC 3PN - căn góc view hồ, mới tinh, giá siêu hời nhỉnh 4 tỷ khu Tây Nam Linh Đàm","4,7 tỷ",78 m²,"60,26 tr/m²",3,2,"Hoàng Liệt, Hoàng Mai","20.96333740357245, 105.82149472827216"
42356257,06/03/2025,SỐC! GIÁ RẺ NHẤT LINH ĐÀM! 3PN - BAN CÔNG HƯỚNG NAM 80M2 FULL NỘI THẤT GIÁ CHỈ 4.110 TỶ,"4,1 tỷ",80 m²,"51,25 tr/m²",3,2,"Đại Kim, Hoàng Mai","20.9718037823199, 105.829588400843"
42356222,06/03/2025,Chỉ 56 triệu /m2 chung cư Vinaconex Linh Đàm -3PN- CĂN GÓC VIEW HỒ VIEW ĐƯỜNG TRÊN CAO LUNG LINH,"7,1 tỷ",124 m²,"57,26 tr/m²",3,2,"Đại Kim, Hoàng Mai","20.971529507119666, 105.8394992236702"
42356193,06/03/2025,"PEN HOUS VIEW TRIỆU ĐÔ TẠI LINH ĐÀM- 155m2 GIÁ CHỈ 4,4 TỶ. TIN ĐƯỢC KHÔNG??? THẬT ĐÓ Ạ!!","4,3 tỷ",155 m²,"27,74 tr/m²",4,3,"Hoàng Liệt, Hoàng Mai","20.964007343748158, 105.8265700707847"
39401762,06/03/2025,"Giá từ 3,580 tỷ cam kết nhà mới tầng trung từ 10 - 15, quỹ căn rẻ nhất thị trường, full đồ. Bao Phí","3,58 tỷ",85 m²,"42,12 tr/m²",2,2,"Thịnh Liệt, Hoàng Mai","20.9775714874268, 105.842819213867"
39740611,06/03/2025,"Gấp Gấp cần bán căn full đồ nhận nhà mới tinh chưa sử dụng 42tr/m2, 0914 396 *** có thương lượng","3,57 tỷ",85 m²,42 tr/m²,2,2,"Thịnh Liệt, Hoàng Mai","20.9775714874268, 105.842819213867"
42121115,06/03/2025,"Bán 3 căn hộ CC Viễn Đông Star, 85,90m2, 2PN, 2WC, giá 39tr/m2 ưu đãi tại Giáp Nhị, Hà Nội","3,32 tỷ",85 m²,39 tr/m²,2,2,"Thịnh Liệt, Hoàng Mai","20.9776216468246, 105.843020288483"
42101617,06/03/2025,"Bán nhanh 5 suất ngoại giao căn DT 85,90m2 CC Viễn Đông Star Hoàng Mai, giá 40tr/m2 ưu tiên đặt sớm","3,36 tỷ",84 m²,40 tr/m²,2,2,"Thịnh Liệt, Hoàng Mai","20.97807924757087, 105.84311002174292"
38687446,06/03/2025,"Giá tốt nhất! Căn hộ OCT1 X1 Bắc Linh Đàm, cạnh trường Bill Gate, 44m2*2PN 1VS","2,7 tỷ",44 m²,"61,36 tr/m²",2,1,"Đại Kim, Hoàng Mai","20.97145652771, 105.828170776367"
42356010,06/03/2025,"Bán căn hộ chung cư số 282 Lĩnh Nam, 112m2, 3 phòng ngủ, tặng full nội thất đẹp, sổ đỏ chính chủ","5,25 tỷ",112 m²,"46,88 tr/m²",3,2,"Lĩnh Nam, Hoàng Mai","20.982290588229446, 105.87908247128186"
42296238,06/03/2025,Ảnh thật căn hộ. Căn góc 3PN 2VS 2 ban công trục đẹp nhất Hateco Hoàng Mai - giá 4. X tỷ 0972 663 ***,"4,75 tỷ",90 m²,"52,78 tr/m²",3,2,"Yên Sở, Hoàng Mai","20.9631175162932, 105.86481702154774"
42308343,06/03/2025,Bán căn hộ chung cư CT1 Tây Nam Linh Đàm (Ảnh thật) 45m2 2PN sổ đỏ full nội thất 2.67 tỷ,"2,67 tỷ",45 m²,"59,33 tr/m²",2,1,"Hoàng Liệt, Hoàng Mai","20.962122740450184, 105.82107046700474"
42355826,06/03/2025,"Bán căn hộ 2PN, 2WC, 67m2 tại K35 Tân Mai, 5,2 tỷ, Hoàng Mai, Hà Nội","5,2 tỷ",67 m²,"77,61 tr/m²",2,2,"Tương Mai, Hoàng Mai","20.983444792736748, 105.85156735194087"
42355762,06/03/2025,"Bán Căn hộ 2PN, 2WC, 72m2 tại Sky Central, Định Công, Hoàng Mai, Hà Nội, giá cực chất 5 tỷ VND",5 tỷ,72 m²,"69,44 tr/m²",2,2,"Định Công, Hoàng Mai","20.982838797225277, 105.83468062951809"
39231679,06/03/2025,"Bán CHCC Rice City - Linh Đàm - Hoàng Mai. DT: 68m2. 2PN + 2WC. Giá: 4,35 tỷ. LH: 0964 835 ***","4,35 tỷ",68 m²,"63,97 tr/m²",2,2,"Hoàng Liệt, Hoàng Mai","20.9638347625732, 105.822456359863"
42355815,06/03/2025,"Bán căn hộ 2 phòng ngủ, full nội thất cao cấp - toà Mandarin Garden2 - 99 Tân Mai, Sổ đỏ lâu dài","5,3 tỷ",68 m²,"77,94 tr/m²",2,1,"Tân Mai, Hoàng Mai","20.983928886019818, 105.84571564833664"
38989619,06/03/2025,"Bán CHCC The One Gamuda - Hoàng Mai. DT: 65m2 2PN + 2WC. Giá: 4,35 tỷ. LH: 0964 835 ***","4,35 tỷ",65 m²,"66,92 tr/m²",2,2,"Yên Sở, Hoàng Mai","20.9692039489746, 105.876914978027"
42301118,06/03/2025,"TÔI CẦN TIỀN MUỐN Cần bán gấp CHCC 54m2 Rice- city , Hoàng Mai, Linh Đàm","3,38 tỷ",54 m²,"62,59 tr/m²",3,2,"Hoàng Liệt, Hoàng Mai","20.963300228531153, 105.82170227092263"
42202217,06/03/2025,"Gọi Em Giang sở hữu ngay căn hộ 2Pn 74m2 giá chỉ 4,5 tỷ, HTLS 0% 24th, CK 8%,tân gia 1 cây vàng","4,5 tỷ",74 m²,"60,81 tr/m²",2,2,"Hoàng Liệt, Hoàng Mai","20.9581040022877, 105.825561246354"
42331930,06/03/2025,"Bán nhanh căn hộ Kim Văn Kim Lũ 56m2, 2PN, 2WC, SĐCC. Giá 2,6 tỷ, nhà full nội thất - hỗ trợ bank","2,6 tỷ",56 m²,"46,43 tr/m²",2,2,"Đại Kim, Hoàng Mai","20.973597245940002, 105.82019549805212"
42268393,06/03/2025,"Bán nhanh căn đầu hồi 53,5m2 - sổ đỏ - tại KĐT Kim Văn Kim Lũ (ảnh thật căn hộ), hỗ trợ bank","2,59 tỷ","53,5 m²","48,41 tr/m²",2,2,"Đại Kim, Hoàng Mai","20.9734622439593, 105.820076130939"
42157959,06/03/2025,"Nhà đẹp HH Linh Đàm căn 67m2 2N2WC giá chỉ 2,43 tỷ nhà full nội thất (ảnh thật căn hộ), hỗ trợ bank","2,43 tỷ",67 m²,"36,27 tr/m²",2,2,"Hoàng Liệt, Hoàng Mai","20.9649197722404, 105.8266144128"
42351151,06/03/2025,"Căn hộ 3PN 106m2, tầng cao đẹp, view nội khu chỉ 1,9 tỷ( 30%) ký HĐMB. Hotline: 0843 237 ***","6,68 tỷ",106 m²,63 tr/m²,3,2,"Hoàng Liệt, Hoàng Mai","20.958182610046848, 105.82692025862019"
42345359,06/03/2025,Mở bán đợt cuối bảng hàng ngoại giao giá tốt Hà Nội Melody Residences chỉ từ 51 triệu/m2 gồm VAT,"3,86 tỷ","74,25 m²","51,92 tr/m²",2,2,"Hoàng Liệt, Hoàng Mai","20.958480073100105, 105.82642372589065"
42169978,06/03/2025,"Bán gấp căn chung cư Đồng Phát - quận Hoàng Mai 2 ngủ, 2WC, 1logia, sổ đỏ vĩnh viễn",3 tỷ,65 m²,"46,15 tr/m²",2,2,"Vĩnh Hưng, Hoàng Mai","20.9799332537152, 105.874288397419"
41664708,06/03/2025,Bán căn hộ CT1 - X2 Bắc Linh Đàm - view vườn hoa - lô góc,"3,45 tỷ",72 m²,"47,92 tr/m²",2,2,"Đại Kim, Hoàng Mai","20.97145652770996, 105.82817077636719"
42178243,06/03/2025,Chính chủ bán căn 2 ngủ tại Osaka Complex,"3,53 tỷ","75,1 m²",47 tr/m²,2,2,"Hoàng Liệt, Hoàng Mai","20.958643297407406, 105.83837351491725"
42355273,06/03/2025,Cần Bán Gấp Căn Hộ Osaka Complex 71 m 2 PN 2 Vs Lh : 0929 656 ***,Giá thỏa thuận,71 m²,N/A,2,2,"Hoàng Liệt, Hoàng Mai","20.95923590781263, 105.8384311274644"
42355267,06/03/2025,Chính Chủ Cần Bán Căn Hoa Hậu x2 Đại Kim Siêu đẹp 0929 656 ***,Giá thỏa thuận,86 m²,N/A,3,2,"Đại Kim, Hoàng Mai","20.976123649032385, 105.82575048791685"
42355261,06/03/2025,Chính Chủ Bán Chung Cư căn hộ Rice city Toà Nam Linh Đàm lh; 0929 656 ***,Giá thỏa thuận,70 m²,N/A,3,2,"Đại Kim, Hoàng Mai","20.9708112083429, 105.827221188562"
42112120,06/03/2025,"Em Giang PKD Chủ đầu tư căn 3PN giá chỉ 5,1 tỷ, HTLS 0% 24th, CK 8% GTCH, quà tân gia 1 km vàng","5,1 tỷ",89 m²,"57,3 tr/m²",3,2,"Hoàng Liệt, Hoàng Mai","20.9584361221558, 105.826427453419"
42093494,06/03/2025,Căn hộ cao cấp 2PN 2VS tại Rice City Linh Đàm - Nội thất đầy đủ - Vào ở luôn!,"3,85 tỷ",72 m²,"53,47 tr/m²",2,2,"Hoàng Liệt, Hoàng Mai","20.9641238384904, 105.82269462543"
42148941,06/03/2025,Bán căn góc 3 mặt thoáng OCT2 Bắc Linh Đàm - 113m2 - 3PN 2VS - sổ đỏ lâu dài,"4,9 tỷ",113 m²,"43,36 tr/m²",3,2,"Đại Kim, Hoàng Mai","20.971654049875408, 105.82817738253146"
42246217,06/03/2025,Bán căn hộ 2pn 2vs tòa Hud 3 Linh Đàm- nhà đẹp full nội thất! Vào được ngay.,"3,77 tỷ",67 m²,"56,27 tr/m²",2,2,"Hoàng Liệt, Hoàng Mai","20.9596819071078, 105.833813774674"
42275925,06/03/2025,HƠN 3 TỶ - NHÀ ĐẸP Ở NGAY - 3 NGỦ - SỔ ĐỎ - TÒA NƠ7 BÁN ĐẢO LINH ĐÀM,"3,9 tỷ",74 m²,"52,7 tr/m²",3,2,"Hoàng Liệt, Hoàng Mai","20.9642377353668, 105.831674276508"
42156821,06/03/2025,Lô Góc Nơ 7A- CC Bán đảo Linh Đàm - 3pn 2vs - Đầy đủ nội thất cao cấp!,"4,88 tỷ",95 m²,"51,37 tr/m²",3,2,"Hoàng Liệt, Hoàng Mai","20.9636642301463, 105.831609378458"
42287863,06/03/2025,Lô góc 92m- View thoáng- CC D2CT2 Tây Nam Linh Đàm- Nội thất để lại Full mới! Mua ngay.,"5,25 tỷ",92 m²,"57,06 tr/m²",3,2,"Hoàng Liệt, Hoàng Mai","20.9614834375855, 105.835409378153"
42111454,06/03/2025,"Hot! Đẹp nhất khu CC Linh Đàm- 85m2- 3pn 2vs- Đầy đủ nội thất mới tinh, vào ở luôn!","4,3 tỷ",85 m²,"50,59 tr/m²",3,2,"Hoàng Liệt, Hoàng Mai","20.9658411775734, 105.828005866181"
42228391,06/03/2025,"Siêu Phẩm 3PN Căn Góc HUD2 B1 B2 , 95m2, Tây Nam Linh Đàm - View Đẹp, Nội Thất Cao Cấp.","5,5 tỷ",95 m²,"57,9 tr/m²",3,2,"Hoàng Liệt, Hoàng Mai","20.9614083181036, 105.835609663478"
42095227,06/03/2025,Mua ngay!!! Căn hộ 3pn tại CT4AX2 Linh Đàm- Thiết kế hiện đại- Đầy đủ tiện ích!,"4,65 tỷ",90 m²,"51,67 tr/m²",3,2,"Hoàng Liệt, Hoàng Mai","20.965540291585, 105.828231387939"
42238801,06/03/2025,Bán căn hộ 2pn 2vs full nội thất CT2-Tp Tây Nam Linh Đàm- Căn hộ cao cấp nhất Linh Đàm!,"2,67 tỷ",47 m²,"56,81 tr/m²",2,2,"Hoàng Liệt, Hoàng Mai","20.9614231370526, 105.835843173816"
42302951,06/03/2025,"Lô góc- Duy nhất 1 căn 3pn tại tòa CT5X2, nội thất mới, hiện đại.","4,7 tỷ",88 m²,"53,41 tr/m²",3,2,"Hoàng Liệt, Hoàng Mai","20.9709197482078, 105.835099183919"
42077116,06/03/2025,"Bán căn 3PN 96m2 giá rẻ nhất dự án Melody, giảm 500tr so với giá gốc, kí trực tiếp CĐT, HTLS 24T","4,5 tỷ",96 m²,"46,88 tr/m²",3,2,"Hoàng Liệt, Hoàng Mai","21.02894860978742, 105.85244722590335"
42102892,06/03/2025,"Bán suất ngoại giao căn 2PN 68m2, giá tốt nhất dự án, nội thất cao cấp, HTLS 24T, pháp lý chuẩn","3,6 tỷ",68 m²,"52,94 tr/m²",2,2,"Hoàng Liệt, Hoàng Mai","20.9580430934174, 105.826393798668"
42319189,06/03/2025,"Sẵn CH 3PN (to) 106m2 View trực diện công viên xanh mát, thiết kế hợp lý, sở hữu lâu dài, 63tr/m2","6,67 tỷ",106 m²,"62,89 tr/m²",3,2,"Hoàng Liệt, Hoàng Mai","20.958554262135504, 105.8268353312828"
41390158,06/03/2025,"Melody Linh Đàm bây giờ mua giá 5X tr, năm sau bàn giao nhà giá 8X tr. Đầu tư hay để ở đều hợp lý","3,92 tỷ",74 m²,53 tr/m²,2,2,"Hoàng Liệt, Hoàng Mai","20.9585018157959, 105.826347351074"
42277655,06/03/2025,"(Giá chuẩn) Bán căn 2 ngủ 2wc 70m2, nhà đẹp, đủ nội thất, sổ đỏ. Giá 4,6 tỷ Bea Sky","4,6 tỷ",70 m²,"65,71 tr/m²",2,2,"Đại Kim, Hoàng Mai","20.973968505859375, 105.82169342041016"
42119463,06/03/2025,Chính chủ cần thanh khoản gửi bán căn hộ 2 phòng ngủ 66m2 tại HH Linh Đàm nội thất cao cấp giá tốt,"2,7 tỷ",66 m²,"40,91 tr/m²",2,2,"Hoàng Liệt, Hoàng Mai","20.96471164697285, 105.82702504523344"
38866028,06/03/2025,Chính chủ bán căn hộ góc 2PN 85m2 Sunshine Palace phố LN giá chỉ 5 tỷ5 - Lh em Hoàng 0812 395 ***,"5,5 tỷ",85 m²,"64,71 tr/m²",2,2,"Mai Động, Hoàng Mai","20.9901828765869, 105.868659973145"
42317359,06/03/2025,Bán căn 3 ngủ đủ đồ ở ngay chung cư Athena Complex Hoàng Mai,"4,4 tỷ",90 m²,"48,89 tr/m²",3,2,"Hoàng Liệt, Hoàng Mai","20.9587217600332, 105.842255700737"
38853000,06/03/2025,"Bán CHCC Gelexia 885 Tam Trinh - Hoàng Mai. DT: 74m2 2PN + 2WC. Giá: 4,4 tỷ. Lh: 0964 835 ***","4,4 tỷ",74 m²,"59,46 tr/m²",2,2,"Yên Sở, Hoàng Mai","20.9729385375977, 105.866355895996"
42354781,06/03/2025,"Cơ hội cuối sở hữu chung cư nội đô quận Hoàng Mai chỉ từ 6xtr/m2, miễn lãi gốc 24T, chiết khấu 8%","4,8 tỷ","73,89 m²","64,96 tr/m²",2,2,"Hoàng Liệt, Hoàng Mai","20.95790367092469, 105.82630541046538"
42085601,06/03/2025,"Chính chủ - bán chung cư B1 Lĩnh Nam - Minh Khai - Hoàng Mai, nội thất đầy đủ, về ở ngay",800 triệu,40 m²,20 tr/m²,2,2,"Lĩnh Nam, Hoàng Mai","20.9821021680358, 105.879941218763"
41188572,06/03/2025,Bán gấp căn hộ tầng trung - căn góc CT12 KVKL - đầy đủ nội thất - sổ đỏ chính chủ - ban công mát mẻ,"2,7 tỷ","56,2 m²","48,04 tr/m²",2,2,"Đại Kim, Hoàng Mai","20.9732913970947, 105.820007324219"
41134455,06/03/2025,Bán gấp căn hộ 2N - 65m2 KVKL - đầy đủ nội thất mới cứng - sổ đỏ chính chủ - view thoáng vĩnh viễn,"2,89 tỷ","65,1 m²","44,39 tr/m²",2,1,"Đại Kim, Hoàng Mai","20.9732913970947, 105.820007324219"
41664841,06/03/2025,"Chính chủ cần bán căn 68m2 - 2PN tầng 15 dự án Hanoi Melody Linh Đàm giá 3,8 tỷ","3,8 tỷ",68 m²,"55,88 tr/m²",2,N/A,"Hoàng Liệt, Hoàng Mai","20.9585018157959, 105.82634735107422"
42285271,06/03/2025,Chỉ 56tr/m2 chính chủ cần tiền bán căn góc 3N tòa NO4 đã vào tiền 37.5%,"6,72 tỷ",120 m²,56 tr/m²,3,N/A,"Hoàng Liệt, Hoàng Mai","20.95857589443115, 105.82626494980543"
42320548,06/03/2025,"Bán căn 2 ngủ diện tích 80,53m2 tại Hanoi Melody Residence","3,6 tỷ","80,53 m²","44,7 tr/m²",2,2,"Hoàng Liệt, Hoàng Mai","20.9583778051067, 105.825525187786"
42332757,06/03/2025,"Bán CC mini 2PN, 1WC tại Giải Phóng, 1,83 tỷ, 50m2, giá cực chất","1,83 tỷ",50 m²,"36,6 tr/m²",2,1,"Giáp Bát, Hoàng Mai","20.9834098019149, 105.841192502615"
41980197,06/03/2025,Quỹ căn đẹp Melody Linh Đàm ký trực tiếp CĐT HTLS 24 tháng tặng 1 cây vàng 0904 818 ***,"3,98 tỷ",75 m²,53 tr/m²,2,N/A,"Hoàng Liệt, Hoàng Mai","20.958993374466974, 105.82633986816904"
42197497,06/03/2025,"Bán căn 2 ngủ tầng trung rẻ đẹp nhất dự án Melody, Hoàng Mai","3,6 tỷ","74,26 m²","48,48 tr/m²",2,2,"Hoàng Liệt, Hoàng Mai","20.958294572313008, 105.82562135422405"
42354289,06/03/2025,"Bán chung cư Đồng Tàu, Thịnh Liệt, Hoàng Mai: 68m2, 2PN, đủ đồ giá 3,75 tỷ","3,75 tỷ",68 m²,"55,15 tr/m²",2,2,"Mai Động, Hoàng Mai","21.0026296942803, 105.86135386214"
41061230,06/03/2025,"Chính chủ bán căn 60m2-full đồ, 2 ngủ-BC Đông Nam, nhà đã có sổ đỏ lâu dài, liên hệ xem 0815 845 ***","3,9 tỷ",60 m²,65 tr/m²,2,2,"Hoàng Liệt, Hoàng Mai","20.9587688446045, 105.846313476563"
41633547,06/03/2025,Bán căn hộ 2PN 2VS - CT2X2 Linh Đàm - Full nội thất mới 100%,"2,95 tỷ",55 m²,"53,64 tr/m²",2,2,"Hoàng Liệt, Hoàng Mai","20.97145652770996, 105.82817077636719"
42352403,06/03/2025,"Bán căn hộ 3PN, 2WC tại Green Park Trần Thủ Độ, 6 tỷ, 85m2, Hoàng Liệt, Hoàng Mai, Hà Nội",6 tỷ,85 m²,"70,59 tr/m²",3,2,"Hoàng Liệt, Hoàng Mai","20.959581895124, 105.846169723162"
42254112,06/03/2025,"Chính chủ gửi bán căn hộ 3 ngủ HUD CT5, X2 Tây Nam Linh Đàm LH 0857 999 ***","4,7 tỷ",79 m²,"59,47 tr/m²",3,2,"Hoàng Liệt, Hoàng Mai","20.9634409554308, 105.821394778429"
42346478,06/03/2025,"Hàng hiếm còn duy nhất 1 căn 3PN, DT 145m2, CK cực khủng, mua ngay kẻo hết!","9,8 tỷ",145 m²,"67,59 tr/m²",3,2,"Hoàng Liệt, Hoàng Mai","20.958707993762523, 105.82613727349192"
42251636,06/03/2025,"Chính chủ bán căn hoa hậu 2PN 2WC 85m2 Sunshine Palace (Cạnh Time City) chỉ xách valy về ở, full đồ","6,5 tỷ",80 m²,"81,25 tr/m²",2,2,"Mai Động, Hoàng Mai","20.990652196023152, 105.86942689358168"
42353642,06/03/2025,"Chính chủ bán căn hộ 2 phòng ngủ giá 1,7 tỷ","1,7 tỷ",46 m²,"36,96 tr/m²",2,1,"Hoàng Liệt, Hoàng Mai","20.96360313850287, 105.82803233611305"
42150517,06/03/2025,"Chủ nhà bán gấp căn 3PN góc 2 mặt view - dự án Melody Linh Đàm 95m2, 98m2 giá rẻ bất ngờ","5,1 tỷ",98 m²,52 tr/m²,3,2,"Hoàng Liệt, Hoàng Mai","20.958460516542708, 105.82660879075789"
42349990,06/03/2025,"Bán nhà riêng tập thể tầng 1 Nguyễn An Ninh, 60m2 sổ đỏ, 2 mặt ngõ thông sát chợ tiện kinh doanh","3,35 tỷ",60 m²,"55,83 tr/m²",1,1,"Tương Mai, Hoàng Mai","20.9912838926397, 105.844556741969"
33957697,06/03/2025,"Bán CHCC toà CT1 Gelexia Riverside 885 Tam Trinh - DT 78m2 2PN 2WC, view Time city cực đẹp","4,4 tỷ",78 m²,"56,41 tr/m²",2,2,"Yên Sở, Hoàng Mai","20.9729385375977, 105.866355895996"
42337198,06/03/2025,"NHƯỢNG CĂN HỘ -2PN- 74,49M2 - TẠI DỰ ÁN MELODY LINH ĐÀM - GIÁ SIÊU TỐT 4,5XX ( gồm VAT )","4,55 tỷ","74,49 m²","61,08 tr/m²",2,2,"Đại Kim, Hoàng Mai","20.971031311495825, 105.82895002176359"
41826094,06/03/2025,"Quỹ căn độc quyền 2PN ký trực tiếp CĐT, rẻ nhất TT chiết khấu TTS 8%, tặng 10 chỉ vàng 9999","3,88 tỷ",68 m²,57 tr/m²,2,2,"Hoàng Liệt, Hoàng Mai","20.9587644278524, 105.825772083202"
42103948,06/03/2025,"Mở bán căn hộ 74m2 giá chỉ từ 52tr/m2 đẹp nhất Melody Linh Đàm, HTLS 0%/24 tháng, QT 1 cây vàng","3,7 tỷ",74 m²,50 tr/m²,2,2,"Hoàng Liệt, Hoàng Mai","20.9584487501221, 105.827015154138"
42352998,06/03/2025,"Chỉ 3 tỷ 4 sở hữu căn hộ 3 Phòng ngủ tại KĐT Bắc Linh Đàm, sđcc, full nội thất","3,4 tỷ",69 m²,"49,28 tr/m²",3,N/A,"Đại Kim, Hoàng Mai","20.9747079846163, 105.823940138641"
42352745,06/03/2025,"Tôi chính chủ cần bán căn hộ 3 ngủ chung cư Beasky Hoàng Mai, full nội thất đẹp","5,4 tỷ",85 m²,"63,53 tr/m²",3,2,"Đại Kim, Hoàng Mai","20.973192114058207, 105.8220288593079"
42352952,06/03/2025,"Bán CC Gelexia 885 Tam Trinh, giá 4,2 tỷ, 75m2, 2pn, 2vs, LH 0936 358 ***","4,25 tỷ",75 m²,"56,67 tr/m²",2,2,"Yên Sở, Hoàng Mai","20.972474656337976, 105.86591541290292"
42326177,06/03/2025,"Bán CHCC Osaka Complex Hoàng Liệt-Hoàng Mai DT 71m2 2 ngủ 2WC BC logia. Full nội thất, sổ chính chủ","3,85 tỷ",71 m²,"54,22 tr/m²",2,2,"Hoàng Liệt, Hoàng Mai","20.9585013300861, 105.837931550583"
41706167,06/03/2025,"Chính chủ cần bán căn 2PN rẻ nhất thị trường 3,7 tỷ LH: 0902 030 ***","3,7 tỷ",68 m²,"54,41 tr/m²",2,2,"Hoàng Liệt, Hoàng Mai","20.958502, 105.82635"
42224569,06/03/2025,"Mở bán căn hộ căn 3PN, 94.54m2 giá rẻ nhất dự án Melody Linh Đàm, 4,55 tỷ. LH: 0902 030 ***","4,55 tỷ","94,54 m²","48,13 tr/m²",3,2,"Hoàng Liệt, Hoàng Mai","20.9581096236518, 105.826677493176"
42152548,06/03/2025,"BÁN CĂN 2PN GIÁ TỐT TÒA HH LINH ĐÀM, HOÀNG MAI.LH-0982 511 ***","2,46 tỷ",63 m²,"39,05 tr/m²",2,2,"Hoàng Liệt, Hoàng Mai","20.964664074081966, 105.82639583606216"
42103354,06/03/2025,"Chính chủ bán căn hộ Bea Sky 2 ngủ diện tích 67m2 giá 4,5 tỷ. Liên hệ 0931 429 ***","4,5 tỷ",67 m²,"67,16 tr/m²",2,2,"Đại Kim, Hoàng Mai","20.97343996176697, 105.82167160588001"
41879962,06/03/2025,"Ngoại giao, chuyển nhượng, trực tiếp CĐT: VIP CĂN 3PN chỉ 5,5 tỷ 101m2, vay 0%/24T, CK tới 11%","5,5 tỷ",101 m²,"54,46 tr/m²",3,2,"Hoàng Liệt, Hoàng Mai","20.9585397281396, 105.826912488922"
42227738,06/03/2025,Chính chủ không qua môi giới cần bán Căn Góc Feliz Home 3PN 96m2,7 tỷ,96 m²,"72,92 tr/m²",3,4,"Hoàng Văn Thụ, Hoàng Mai","20.984956229334045, 105.8599079912025"
39323883,06/03/2025,"Bán chung cư Rose Town 65m2, 71m2, 89,4m2, 92m2 tòa DV1, DV2, DV3, DV4. Giá từ 4.1xxtỷ",Giá thỏa thuận,"89,4 m²",N/A,3,2,"Hoàng Liệt, Hoàng Mai","20.9565887451172, 105.844886779785"
42228888,06/03/2025,"(Căn mới) Bán 2 ngủ K35 Tân Mai, full đồ đẹp, giá 4.5 tỷ, DT: 80m2, sổ đỏ sẵn, hỗ trợ bank 70%","4,5 tỷ",80 m²,"56,25 tr/m²",N/A,N/A,"Tương Mai, Hoàng Mai","20.983309264133943, 105.85142053484888"
41718731,06/03/2025,"Bán căn góc 3 ngủ góc DT:103m2 tại Eco Lake View, 32 Đại Từ, sổ đỏ sẵn, full đồ view đẹp giá 5.5tỷ","5,5 tỷ",103 m²,"53,4 tr/m²",3,2,"Đại Kim, Hoàng Mai","20.972457163944267, 105.83867932839306"
41718685,06/03/2025,"Bán gấp căn 2PN tại Eco Lake View, 80m2 full đồ đẹp sổ đỏ sẵn, giá tốt nhất thị trường chỉ 4 tỷ",4 tỷ,80 m²,50 tr/m²,2,2,"Đại Kim, Hoàng Mai","20.9725493700419, 105.837885629176"
41718852,06/03/2025,"Bán gấp căn 2 ngủ Rose Town - 79 Ngọc Hồi, full đồ đẹp nhà làm để ở, view thoáng giá chỉ 3.8 tỷ","3,5 tỷ",74 m²,"47,3 tr/m²",2,2,"Hoàng Liệt, Hoàng Mai","20.956588745117188, 105.84488677978516"
41718883,06/03/2025,"Chỉ 5.2 tỷ! Bán gấp căn 3 ngủ góc tại Rose Town - 79 Ngọc Hồi, full nội thất đẹp, tầng đẹp","5,2 tỷ",96 m²,"54,17 tr/m²",2,2,"Hoàng Liệt, Hoàng Mai","20.956588745117188, 105.84488677978516"
42351726,06/03/2025,"Bán gấp căn hộ CC Linh Đàm 2PN, 2WC, giá chỉ 2,4 tỷ, vị trí đắc địa, tiện ích đầy đủ","2,4 tỷ",63 m²,"38,1 tr/m²",2,2,"Đại Kim, Hoàng Mai","20.9714142210239, 105.828208187103"
42352219,06/03/2025,Cần tiền chủ bán căn 68m2 giá chỉ 3.55 tỷ TTS 95%,"3,55 tỷ",68 m²,"52,21 tr/m²",2,2,"Hoàng Liệt, Hoàng Mai","20.9588143423839, 105.825886267905"
42343733,06/03/2025,"Bán CC Bea Sky, Đại Kim, Hoàng Mai, Hà Nội, giá siêu hời 4,3 tỷ, 69m2","4,3 tỷ",69 m²,"62,32 tr/m²",2,2,"Đại Kim, Hoàng Mai","20.97392949023935, 105.82161544512135"
42352457,06/03/2025,Chính chủ bán căn 2PN tòa D tầng cao thoáng view trường Ngôi Sao. LH: 0911 717 ***,"4,7 tỷ",75 m²,"62,67 tr/m²",2,2,"Đại Kim, Hoàng Mai","20.972885585080057, 105.82066643749351"
42060481,06/03/2025,"Mua Melody Linh Đàm nên mua chính hãng CĐT để được hưởng quyền lợi tốt nhất, từ 5xtr/m2 view hồ","4,54 tỷ",89 m²,51 tr/m²,3,2,"Hoàng Liệt, Hoàng Mai","20.9584362845913, 105.826334498386"
42352164,06/03/2025,93m2 - 3 ngủ lô góc tại Rose Town - đã có slot ô tô. Giá chỉ 5.950 tỷ. Liên hệ: 0989 838 ***,"5,95 tỷ",93 m²,"63,98 tr/m²",3,2,"Hoàng Liệt, Hoàng Mai","20.9563210898783, 105.845433925293"
41435803,06/03/2025,Chính chủ cần thanh khoản gấp căn hộ 72m2 tại HH2 Linh Đàm nhà đầy đủ nội thất giá tốt 0965 289 ***,"2,5 tỷ",71 m²,"35,21 tr/m²",2,2,"Hoàng Liệt, Hoàng Mai","20.964334487915039, 105.82729339599609"
25162370,06/03/2025,"Mở bán chung cư mini Tân Mai - Quận Hoàng Mai 550 triệu/căn, vào ở ngay, full nội thất",Giá thỏa thuận,30 m²,N/A,1,1,"Tương Mai, Hoàng Mai","20.983676, 105.8512451"
42170994,06/03/2025,"Bán căn hộ chung cư tại Sky Central, 4,5 tỷ, 68 m2, 2PN, 2WC, chính chủ hot","4,5 tỷ",68 m²,"66,18 tr/m²",2,2,"Định Công, Hoàng Mai","20.982937577452674, 105.83350848197946"
42310802,06/03/2025,"Bán CHCC CT3C-X2 Bắc Linh Đàm - Hoàng Mai. DT 83m2, 3PN+2VS full nội thất. LH: 0917 208 ***","4,86 tỷ",83 m²,"58,55 tr/m²",3,2,"Hoàng Liệt, Hoàng Mai","20.971398369895603, 105.82826770738927"
39695658,06/03/2025,"Giá rẻ nhất thị trường! Bán nhanh căn góc 89m2 giá 5,8 tỷ. Cam kết không ảo, giá thật","5,8 tỷ",89 m²,"65,17 tr/m²",3,2,"Định Công, Hoàng Mai","20.983034, 105.83511"
42351925,06/03/2025,"Chính chủ bán CC CT2 Đại Kim, Hoàng Mai, Hà Nội. Diện tích sổ đỏ: 79,07m2. LH 0981 588 ***","4,74 tỷ","79,07 m²",60 tr/m²,3,2,"Đại Kim, Hoàng Mai","20.971161962583928, 105.827805539498"
42327526,06/03/2025,Chính chủ cần bán căn hộ chung cư siêu đẹp giá thỏa thuận,"5,5 tỷ",75 m²,"73,33 tr/m²",2,2,"Đại Kim, Hoàng Mai","20.978431858517702, 105.83702249794486"
42291201,06/03/2025,"Bán gấp CC Rice City Linh Đàm, 4,1 tỷ, 68m2, 2PN, 2WC, nội thất đầy đủ, Hoàng Mai, Hà Nội","4,1 tỷ",68 m²,"60,29 tr/m²",2,2,"Hoàng Liệt, Hoàng Mai","20.963895006960406, 105.82254454180726"
42291681,06/03/2025,"Bán CC Rice City Linh Đàm, 3,55 tỷ, 63m2, 2PN, 2WC, siêu hot","3,55 tỷ",63 m²,"56,35 tr/m²",2,2,"Hoàng Liệt, Hoàng Mai","20.963879594578625, 105.8223134474094"
42351716,06/03/2025,Chính chủ cần bán nhanh căn hộ 3 ngủ 2 VS -93m2 toà DV3. FULL đồ cao cấp,Giá thỏa thuận,93 m²,N/A,3,2,"Hoàng Liệt, Hoàng Mai","20.956910281071615, 105.84485956807168"
42351697,06/03/2025,"Bán căn hộ Bea Sky, Đại Kim, Hoàng Mai, Hà Nội, 5,4 tỷ, 78,3m2 , full nội thất","5,4 tỷ","78,3 m²","68,97 tr/m²",N/A,N/A,"Đại Kim, Hoàng Mai","20.974031562162565, 105.82102200569402"
42350618,06/03/2025,"Siêu phẩm - Quận Hoàng Mai. Mở bán chung cư Tương Mai - Hoàng Mai, full đồ - vào ở luôn. Ôtô đỗ cửa",890 triệu,36 m²,"24,72 tr/m²",1,1,"Mai Động, Hoàng Mai","20.9909373449325, 105.862459718319"
42317816,06/03/2025,"Bán căn hộ chung cư New Horizon City 87 Lĩnh Nam, 5,75 tỷ, 90m2, 3PN, 2WC","5,75 tỷ",90 m²,"63,89 tr/m²",3,2,"Mai Động, Hoàng Mai","20.98929537363102, 105.86676340943204"
42253071,06/03/2025,"Bán căn hộ 3PN, 2WC, 97m2 tại New Horizon City, 6,2 tỷ, Hoàng Mai, Hà Nội","6,2 tỷ",97 m²,"63,92 tr/m²",3,2,"Mai Động, Hoàng Mai","20.98922947455839, 105.8663157470481"
42252656,06/03/2025,Bán gấp căn hộ tầng trung CT12 KVKL - Đầy đủ nội thất-ban công mát mẻ - Dòng tiền cho thuê ổn định,"2,15 tỷ","54,3 m²","39,6 tr/m²",2,2,"Đại Kim, Hoàng Mai","20.9733623779864, 105.8203132465218"
42350810,06/03/2025,"Bán CC 2PN, 1WC, 43m2 tại CT2 Tây Nam Linh Đàm, 2,65 tỷ, HOT","2,65 tỷ",43 m²,"61,63 tr/m²",2,1,"Hoàng Liệt, Hoàng Mai","20.963026796312434, 105.82103610602115"
41177331,06/03/2025,"Chủ nhà cần thu hồi vốn bán căn hộ 2PN tầng trung, view đẹp, diện tích 88.6m2 giá chỉ 3,7 tỷ","3,7 tỷ","88,6 m²","41,76 tr/m²",2,2,"Hoàng Liệt, Hoàng Mai","20.9656516800842, 105.82205875238"
42350312,06/03/2025,Bán chung cư VP3 - Linh Đàm nhà mới đẹp 93m2 - 5.3 tỷ,"5,3 tỷ",93 m²,"56,99 tr/m²",3,2,"Hoàng Liệt, Hoàng Mai","20.964391300864275, 105.830919843561"
42350104,06/03/2025,Nhà đẹp giá tốt - ko chốt hơi phí 0963 954 ***,"4,8 tỷ",83 m²,"57,83 tr/m²",3,2,"Hoàng Liệt, Hoàng Mai","20.964316361306242, 105.8224418393328"
42269107,06/03/2025,Suất ngoại giao căn hộ 2PN diện tích 74.55 m2 giá hấp dẫn nhất dự án Hà Nội Melody Residences,"3,93 tỷ","74,55 m²","52,69 tr/m²",2,2,"Hoàng Liệt, Hoàng Mai","20.9585621588882, 105.825425405553"
41997933,06/03/2025,"Mở bán căn hộ mini Lĩnh Nam - Hoàng Mai 35 - 55m2/1 - 2PN, full đồ","1,88 tỷ",50 m²,"37,6 tr/m²",2,1,"Lĩnh Nam, Hoàng Mai","20.9816995707949, 105.879668120666"
41870782,06/03/2025,Hot! Mở bán quỹ 10 căn đẹp nhất Melody Linh Đàm CK 8% tặng 86tr vay ko lãi 24 tháng. LH: 0973 038 ***,"5,25 tỷ",89 m²,59 tr/m²,3,2,"Hoàng Liệt, Hoàng Mai","20.9588706380244, 105.826997534116"
42348987,06/03/2025,"Căn hộ tầng 3 - nhà C ngõ 357 Tam Trinh, quận Hoàng Mai HN","2,58 tỷ",47 m²,"54,89 tr/m²",2,2,"Hoàng Văn Thụ, Hoàng Mai","20.986420484416, 105.863464339772"
42351156,06/03/2025,"Bán Chung cư vật tư du lịch số 6/51/15 ngọc hồi (hoặc số 8 trần thủ độ).66m2, 2PN+2WC.Giá 3,68Tỷ","3,68 tỷ",66 m²,"55,76 tr/m²",2,2,"Hoàng Liệt, Hoàng Mai","20.956408769379568, 105.84564174065213"
42350927,06/03/2025,"Bán căn hộ CC 3N, 109m2, nguyên bản CĐT giá tốt: 60tr/m2, tại Viễn Đông Star, Hoàng Mai, Hà Nội","6,54 tỷ",109 m²,60 tr/m²,3,2,"Thịnh Liệt, Hoàng Mai","20.977476944865415, 105.8427703930748"
42085138,06/03/2025,Chính chủ - bán chung cư A1 Lĩnh Nam - Tam Trinh - Minh Khai - sau Timecity - full nội thất,800 triệu,35 m²,"22,86 tr/m²",2,1,"Lĩnh Nam, Hoàng Mai","20.9819896076299, 105.879735981439"
42351025,06/03/2025,"Có căn 2PN+1 diện tích 87,46m2 Tại KĐT Linh Đàm chỉ với 1,6 tỷ",Giá thỏa thuận,"87,46 m²",N/A,2,2,"Đại Kim, Hoàng Mai","20.971195145569133, 105.82811037448788"
42124106,06/03/2025,"Hanoi Melody 3PN vừa dt 87 m2 giá từ 5,5 tỷ, Xuân Ất Tỵ tặng đến 1 cây vàng","5,5 tỷ",87 m²,"63,22 tr/m²",3,2,"Hoàng Liệt, Hoàng Mai","20.95866528191852, 105.8262657962288"
42350791,06/03/2025,"Bán căn hộ full nội thất 3N, 91m2 giá 66T/m2 ở Viễn Đông Star, Giáp Nhị, Hoàng Mai, Hà Nội",6 tỷ,91 m²,"65,93 tr/m²",3,2,"Thịnh Liệt, Hoàng Mai","20.9779981504027, 105.84265298848548"
42350886,06/03/2025,"Bán Căn hộ tòa B chung cư Hateco Hoàng Mai, 3,6 tỷ, 65 m2, 2N+1WC. LH: 0917 208 ***","3,6 tỷ",65 m²,"55,38 tr/m²",2,1,"Yên Sở, Hoàng Mai","20.962757805088636, 105.8642519699888"
39516789,06/03/2025,"Cần bán gấp căn hộ chung cư Melody Linh Đàm. Diện tích 74m2, vay LS 0% trong 24 tháng, giá 4 tỷ","3,6 tỷ",74 m²,"48,65 tr/m²",2,2,"Hoàng Liệt, Hoàng Mai","20.9586202185781, 105.825794689458"
42317507,06/03/2025,"(Giá tốt nhất tòa) Bán CC Rose Town 79 Ngọc Hồi, 4,2 tỷ, 66m2, 2PN, 2WC, nội thất cơ bản","4,2 tỷ",66 m²,"63,64 tr/m²",2,2,"Hoàng Liệt, Hoàng Mai","20.956112003049316, 105.8447603683718"
42303265,06/03/2025,(Thiện chí cao) chủ nhà gửi bán căn hộ 2Pn toà Zentower 76.6m2 giá 5tỷ hơn,Giá thỏa thuận,77 m²,N/A,2,2,"Hoàng Văn Thụ, Hoàng Mai","20.98472954700328, 105.85986905359643"
40832926,06/03/2025,"Chính chủ cần bán căn hộ tầng 9, 2 ngủ dự án Melody Residences 94,54m2","5,2 tỷ","94,54 m²",55 tr/m²,2,2,"Hoàng Liệt, Hoàng Mai","20.9585018157959, 105.826347351074"
42350710,06/03/2025,"Bán căn hộ Viễn Đông Star, 101m2, 3PN, 2WC, giá tốt 68T/m2,, Hoàng Mai, Hà Nội","6,87 tỷ",101 m²,68 tr/m²,3,2,"Thịnh Liệt, Hoàng Mai","20.97758801504318, 105.84308433638381"
42347135,06/03/2025,Căn góc hướng nam chung cư HH4A Linh Đàm,"3,5 tỷ",76 m²,"46,05 tr/m²",3,2,"Hoàng Liệt, Hoàng Mai","20.963440196954036, 105.82767863348666"
40827547,06/03/2025,Bán CHCC South Tower tòa Vật tư Du lịch số 8 Trần Thủ Độ. DT 71m2 2PN 2WC. Căn góc thoáng,"3,68 tỷ",71 m²,"51,83 tr/m²",2,2,"Hoàng Liệt, Hoàng Mai","20.962495803833, 105.844841003418"
42079942,06/03/2025,"Bán căn hộ 2PN, 3,9 tỷ, 68m2 tại tòa CT4A-X2 Tây Nam Linh Đàm, Hoàng Mai, Hà Nội","3,9 tỷ",68 m²,"57,35 tr/m²",2,2,"Hoàng Liệt, Hoàng Mai","20.963640048745965, 105.82299354368396"
42078447,06/03/2025,"Bán căn hộ 66m2 view hồ tầng 15 tại chung cư hh linh đàm, hoàng mai. Giá 2,795 tỷ. Lh 0983 392 ***","2,8 tỷ",66 m²,"42,35 tr/m²",2,2,"Hoàng Liệt, Hoàng Mai","20.964550844571907, 105.82732850024819"
42350656,06/03/2025,CHUNG CƯ HOÀ PHÁT - CĂN HỘ CAO CẤP - KẾT NỐI PHỐ CỔ,"5,3 tỷ",64 m²,"82,81 tr/m²",2,2,"Tân Mai, Hoàng Mai","20.983343084473454, 105.84690830624479"
42179921,06/03/2025,Chính chủ bán căn hồ Đền Lừ Đông Nam 60m2 full đồ sổ chính chủ,"3,4 tỷ",60 m²,"56,67 tr/m²",2,2,"Hoàng Văn Thụ, Hoàng Mai","20.985583304326397, 105.85935056168957"
39467366,06/03/2025,"CC cần bán căn chung cư Đồng Phát Park View. 80m2, 2PN và 2WC 4.5tỷ có TL, LH: 0962 552 ***","4,5 tỷ",80 m²,"56,25 tr/m²",2,2,"Vĩnh Hưng, Hoàng Mai","20.9800987243652, 105.874244689941"
42209449,06/03/2025,"Bán CHCC Osaka Complex ngõ 48 Ngọc Hồi, căn góc. DT 75m2 2 ngủ 2 WC giá 3,7 tỷ, 0962 552 ***","3,7 tỷ",75 m²,"49,33 tr/m²",2,2,"Hoàng Liệt, Hoàng Mai","20.958575694389612, 105.83875199193503"
39509596,06/03/2025,"CC bán CHCC Sunshine Palace ngõ 13 Lĩnh Nam 2ngủ 2 WC khách, bếp. DT: 87m2 LH: 0962 552 ***",6 tỷ,87 m²,"68,97 tr/m²",3,2,"Mai Động, Hoàng Mai","20.9901828765869, 105.868659973145"
38936519,06/03/2025,"CC bán căn hộ CC cao cấp tòa B Hateco Hoàng Mai. 65m2 giá 3.6tỷ, LH: 0962 55279","3,6 tỷ",65 m²,"55,38 tr/m²",2,2,"Yên Sở, Hoàng Mai","20.9627342224121, 105.86434173584"
40316204,06/03/2025,"Chính chủ bán CH 2PN 85m2, giá: 4,9 tỷ tại Gelexia 885 Tam Trinh. LH: 0962 552 ***","4,9 tỷ",85 m²,"57,65 tr/m²",3,2,"Yên Sở, Hoàng Mai","20.9729385375977, 105.866355895996"
37820750,06/03/2025,"Chính chủ bán CH 2PN 80m2, giá: 4.5tỷ tại Gelexia 885 Tam Trinh: LH: 0962 552 ***","4,5 tỷ",80 m²,"56,25 tr/m²",2,2,"Yên Sở, Hoàng Mai","20.9729385375977, 105.866355895996"
42350386,06/03/2025,"Chính chủ cần bán căn hộ chung cư, bán đảo Linh Đàm, tầng trung, DT 76 m2, 3 ngủ, 2 wc, 4,59 tỷ.","4,59 tỷ",76 m²,"60,4 tr/m²",3,2,"Hoàng Liệt, Hoàng Mai","20.9707421856028, 105.827006430368"
37978421,06/03/2025,"CC bán căn chung cư 987 Tam Trinh. Căn góc, DT: 70m2, 3ngủ, 2 VS, giá 4 tỷ có TL: LH: 0962 552 ***",4 tỷ,70 m²,"57,14 tr/m²",2,2,"Yên Sở, Hoàng Mai","20.9799327850342, 105.864631652832"
42348016,06/03/2025,"Bán nhà tại tòa A Hateco Hoàng Mai DT 79,6m2, 3 ngủ 2wc, Giá 4,25tỷ TL 0983 873 ***","4,25 tỷ","79,6 m²","53,39 tr/m²",3,2,"Yên Sở, Hoàng Mai","20.96273422241211, 105.86434173583984"
42347955,06/03/2025,"Bán căn hộ K35 Tân Mai, Hoàng Mai tòa NO1A DT: 96.5m2 3 ngủ, 2 vệ sinh, giá 7.7 tỷ LH 0983 873 ***",7 tỷ,"96,5 m²","72,54 tr/m²",3,2,"Tương Mai, Hoàng Mai","20.9837379455566, 105.8515625"
42348226,06/03/2025,"Bán CHCC toà Nơ 7 - KĐT Pháp Vân Hoàng Mai. DT 87.96m2, 3PN + 2WC giá 4,5 tỷ. LH: 0917 208 ***","4,5 tỷ","87,96 m²","51,16 tr/m²",3,2,"Hoàng Liệt, Hoàng Mai","20.95629360263531, 105.8453581389124"
39218507,06/03/2025,"(Căn mới) chính chủ cần bán căn hộ 2PN 62m2 & 68m2 giá từ 4tỷ và 79m2, 85m2, 96m2 giá từ 5tỷ BeaSky","4,2 tỷ",68 m²,"61,76 tr/m²",3,2,"Đại Kim, Hoàng Mai","20.973472156688338, 105.82160729496516"
42348173,06/03/2025,"Bán CC VP3 Linh Đàm, 5,2 tỷ, 93m2, 3PN, 2WC, pháp lý đầy đủ, đẹp xuất sắc","5,2 tỷ",93 m²,"55,91 tr/m²",3,2,"Hoàng Liệt, Hoàng Mai","20.96451322618436, 105.8312360026176"
42302654,06/03/2025,"Cực hót! Chỉ 3,5 tỷ có ngay căn hộ chung cư Nguyễn Cảnh Dị - Định Công, lô góc 62m2, 2 ngủ ở luôn","3,5 tỷ",62 m²,"56,45 tr/m²",2,1,"Định Công, Hoàng Mai","20.9782339292995, 105.836097219702"
42337837,06/03/2025,"Bán gấp nhà tập thể tầng 2 Tân Mai, 60m2, 2 ngủ 2 wc, full đồ ở ngay, chỉ 2,77 tỷ","2,77 tỷ",60 m²,"46,17 tr/m²",2,2,"Tân Mai, Hoàng Mai","20.9835768877596, 105.84997196316"
42347827,06/03/2025,Cần bán căn 3 ngủ 64m2 (3 ngủ 2vs) cư HH3B - Linh Đàm,"2,65 tỷ",64 m²,"41,41 tr/m²",3,2,"Hoàng Liệt, Hoàng Mai","20.9612715290715, 105.835476759567"
42309873,06/03/2025,Nhà đẹp ở ngay - full nội thất - căn góc cực thoáng - 75m2 - 2 ngủ 2 vệ sinh,"5,5 tỷ",75 m²,"73,33 tr/m²",2,2,"Mai Động, Hoàng Mai","20.993815887447017, 105.86352485662219"
42337448,06/03/2025,Bán Gấp căn hộ CT2 Bắc Linh Đàm .3PN . DT:67m2.Giá :3.58 tỷ .Hud xây dựng full đồ.,"3,58 tỷ",67 m²,"53,43 tr/m²",N/A,N/A,"Đại Kim, Hoàng Mai","20.9749853187382, 105.823505084591"
42132078,06/03/2025,Cần bán căn hộ toà OCT2 - DN2 Bắc Linh Đàm full đồ DT: 65m2 2PN 2WC ban công Nam view hồ Định Công,Giá thỏa thuận,65 m²,N/A,2,2,"Đại Kim, Hoàng Mai","20.971396302457, 105.828248646708"
42326398,06/03/2025,Cần bán nhanh căn hộ tầng trung tại CT5 X2 Linh Đàm .DT:78m2 .3PN.2WC .Căn góc,"4,7 tỷ",78 m²,"60,26 tr/m²",3,2,"Hoàng Liệt, Hoàng Mai","20.9615384846961, 105.835622557414"
41718793,06/03/2025,"Bán căn 2 ngủ 74m2 tại Green Park Phương Đông - Số 1 Trần Thủ Độ, full đồ đẹp view hồ giá 3.5 tỷ","3,5 tỷ",74 m²,"47,3 tr/m²",2,2,"Hoàng Liệt, Hoàng Mai","20.9587688446045, 105.846313476563"
42069111,06/03/2025,"Phải thật nhanh! Bán căn hộ 2PN, 2WC, giá cực tốt 2.7 tỷ tại Green Park Phương Đông, full đồ đẹp","2,7 tỷ",57 m²,"47,37 tr/m²",2,2,"Hoàng Liệt, Hoàng Mai","20.959378419737, 105.84568124125"
41775351,06/03/2025,"Bán CH 2PN DT 70m2 tại Bea Sky Nguyễn Xiển, full nội thất, sẵn slot oto. Giá 4,5 tỷ. Lh 0866 839 ***","4,5 tỷ",70 m²,"64,29 tr/m²",2,2,"Đại Kim, Hoàng Mai","20.974161403877506, 105.82234979609771"
42347684,06/03/2025,Chính chủ cần bán căn góc 3PN DT 82.3 m2 CC Vật Tư Du Lịch South Tower,"4,35 tỷ","82,3 m²","52,86 tr/m²",3,2,"Hoàng Liệt, Hoàng Mai","20.96257673113123, 105.84529543821303"
42317015,06/03/2025,Duy nhất một căn 2 phòng ngủ 2 vệ sinh toà CT2 Linh Đàm sổ đỏ lâu dài chỉ 3.5 tỷ,"3,5 tỷ",60 m²,"58,33 tr/m²",2,2,"Hoàng Liệt, Hoàng Mai","20.971365129256114, 105.82789633950426"
42347347,06/03/2025,Chính chủ (chuẩn) Bán căn góc hướng đẹp tầng trung 3 phòng ngủ.,"6,2 tỷ",93 m²,"66,67 tr/m²",3,2,"Mai Động, Hoàng Mai","20.9895767020698, 105.866721521885"
42347543,06/03/2025,"Bán CHCC toà Nơ7 - KDT Pháp Vân Hoàng Mai. DT 87.96m2, 3N + 2WC giá 4,5 tỷ. LH: 0917 208 ***","4,5 tỷ","87,96 m²","51,16 tr/m²",3,2,"Hoàng Liệt, Hoàng Mai","20.956777726058792, 105.84491778337843"
42220406,06/03/2025,"Bán gấp căn hộ Kim Văn Kim Lũ 2 ngủ 2 wc 65.1m2 chỉ 2,65 tỷ","2,65 tỷ","65,1 m²","40,71 tr/m²",2,2,"Đại Kim, Hoàng Mai","20.9728755827019, 105.819714136283"
42347393,06/03/2025,"Quỹ ngoại giao duy nhất căn 2PN 67,88m2 tại Melody Residences",Giá thỏa thuận,"67,88 m²",N/A,2,2,"Hoàng Liệt, Hoàng Mai","20.95874473007525, 105.82624321505314"
42347367,06/03/2025,Chính chủ bán căn hộ chung cư tại Đại Kim Building Liên hệ: 0929 656 ***,"3,9 tỷ","63,4 m²","61,51 tr/m²",2,2,"Đại Kim, Hoàng Mai","20.97435736697571, 105.82628784235871"
42347329,06/03/2025,Chính chủ bán căn hoa hậu An Bình Định Kim Hoàng Mai 3 ngủ LH 0929 656 ***,"8,3 tỷ",113 m²,"73,45 tr/m²",3,2,"Định Công, Hoàng Mai","20.982577432190798, 105.83215605270912"
41387371,06/03/2025,"Siêu phẩm giá rẻ căn hộ Bea Sky 2PN, 2WC, 68 m2 chỉ với 4,5 tỷ tại Đại Kim, Hoàng Mai, Hà Nội","4,5 tỷ",68 m²,"66,18 tr/m²",2,2,"Đại Kim, Hoàng Mai","20.973659198873886, 105.82137055727489"
42313935,06/03/2025,"ChChính chủ bán CHCC Osaka Complex Hoàng Liệt. DT 71m2, 2PN+ 2WC giá 3,85 tỷ có TL . LH: 0917 208 ***","3,85 tỷ",72 m²,"53,47 tr/m²",2,2,"Hoàng Liệt, Hoàng Mai","20.9590400672806, 105.837279832597"
42284288,06/03/2025,"Bán CC Hateco Hoàng Mai, 5 tỷ, 89,3m2, 3PN + 2WC, nhiều tiện ích hấp dẫn",5 tỷ,"89,3 m²","55,99 tr/m²",3,2,"Yên Sở, Hoàng Mai","20.962890864807097, 105.86339957515935"
42321074,06/03/2025,"Cần bán gấp căn hộ chung cư Smile Building số 1 Nguyễn Cảnh Dị, 75m2, 2PN 2VS, full đồ, có slot ôtô","5,5 tỷ",75 m²,"73,33 tr/m²",2,2,"Đại Kim, Hoàng Mai","20.9784752517326, 105.836449503957"
42347160,06/03/2025,Cần bán gấp căn hộ Osaka Complex 71 m2 2 PN 2 VS LH: 0929 656 ***,"3,85 tỷ",71 m²,"54,22 tr/m²",2,2,"Hoàng Liệt, Hoàng Mai","20.95928659989728, 105.83770849569889"
42347124,06/03/2025,Chính chủ cần bán căn hoa hậu X2 Đại Kim siêu đẹp 0929 656 ***,Giá thỏa thuận,86 m²,N/A,3,2,"Đại Kim, Hoàng Mai","20.97676085140384, 105.82512353221612"
41797495,06/03/2025,"Chính chủ bán căn hộ 2PN tại Sunshine Palace, 5,6 tỷ, 80m2, Hoàng Mai. Đang được mở rộng đường","5,6 tỷ",80 m²,70 tr/m²,2,2,"Mai Động, Hoàng Mai","20.990055494163038, 105.86886749713598"
41797562,06/03/2025,"Căn hộ 2PN, 2WC tại Sunshine Palace, Lĩnh Nam, Hoàng Mai, 5,9 tỷ, 86m2 ban công dài 2 ngủ","5,9 tỷ",86 m²,"68,6 tr/m²",2,2,"Mai Động, Hoàng Mai","20.990423830958054, 105.86774302202393"
41797414,06/03/2025,"Qũy căn hộ 2 ngủ 85m2, Sunshine Palace, Lĩnh Nam, Hoàng Mai, Hà Nội Lh: Mr. Tuấn Anh 0964 997 ***","5,6 tỷ",85 m²,"65,88 tr/m²",2,2,"Mai Động, Hoàng Mai","20.990140221176592, 105.86845937391138"
42347069,06/03/2025,Chính chủ bán chung cư căn hộ Rice City Toà Nam Linh Đàm LH 0929 656 ***,Giá thỏa thuận,70 m²,N/A,3,2,"Hoàng Liệt, Hoàng Mai","20.964465974600476, 105.8224146090138"
42336135,06/03/2025,"Bán CC N9 Đồng Tàu 2PN 2WC, 68m2 tại Thịnh Liệt, Hoàng Mai, Hà Nội, giá tốt 3,57tỷ. LH: 0917 208 ***","3,57 tỷ",68 m²,"52,5 tr/m²",2,2,"Thịnh Liệt, Hoàng Mai","20.9768732069892, 105.847678236828"
42309967,06/03/2025,"Bán căn góc cực hiếm tòa N4 Đồng Tàu. DT 76m2, 3 phòng ngủ+ 2 WC. Giá 4 tỷ 25. LH: 0917 208 ***","4,25 tỷ",76 m²,"55,92 tr/m²",3,2,"Thịnh Liệt, Hoàng Mai","20.9771325078429, 105.847144413781"
42157617,06/03/2025,"Bán căn 3PN giá chỉ như căn 2PN tại Hà Nội Melody Residences, 5,1 tỷ, 90m2!","5,1 tỷ",90 m²,"56,67 tr/m²",3,2,"Hoàng Liệt, Hoàng Mai","20.9590755743948, 105.826390810546"
42142001,06/03/2025,"Thanh Bình Garden Duy nhất 1 căn 2PN 2VS ký HĐMB trực tiếp CĐT - Full cả đồ điện tử, hỗ trợ vay NH","4,96 tỷ",69 m²,"71,81 tr/m²",2,2,"Định Công, Hoàng Mai","20.9771545566723, 105.835937276092"
42346880,06/03/2025,"Bán CHCC toà Trung Rice City Tây Nam Linh Đàm. DT: 68m2, 2N + 2WC. Giá 4,35 tỷ. LH: 0917 208 ***","4,35 tỷ",68 m²,"63,97 tr/m²",2,2,"Hoàng Liệt, Hoàng Mai","20.96380729297477, 105.82249602928772"
39585499,06/03/2025,"Top 1 dự án-Giá từ 4 tỷ bán căn 60m2-68m2-74m2-83m2 Green Park,view hồ. Sẵn sổ đỏ.LH:0366 261 ***",Giá thỏa thuận,68 m²,N/A,2,2,"Hoàng Liệt, Hoàng Mai","20.958425640958286, 105.84707020510903"
42346765,06/03/2025,"CC bán gấp CHCC CT2B chung cư Gelexia 855 Tam Trinh. DT: 67m2, 2N + 2WC. Giá 4,3 tỷ. LH: 0917 208 ***","4,3 tỷ",67 m²,"64,18 tr/m²",2,2,"Yên Sở, Hoàng Mai","20.9736423542755, 105.865965172962"
41452337,06/03/2025,"Bán căn hộ chung cư cao cấp Gelexia 885 Tam Trinh 77m2 2 ngủ 2 wc 2 ban công cực thoáng 4,75 tỷ","4,7 tỷ",77 m²,"61,04 tr/m²",2,2,"Yên Sở, Hoàng Mai","20.972938537597656, 105.8663558959961"
42323484,06/03/2025,"Bán căn hộ chung cư bán đảo Linh Đàm, Hoàng Mai 75m2, 2PN nội thất xịn, 4.4 tỷ có sổ đỏ","4,4 tỷ",75 m²,"58,67 tr/m²",2,2,"Hoàng Liệt, Hoàng Mai","20.9615744419673, 105.834951522249"
42346642,06/03/2025,"Bán căn hộ chung cư view đẹp tại nhà ở xã hội @Home, 4,1 tỷ, 67m2, 2PN, 2WC. LH: 0917 208 ***","4,1 tỷ",67 m²,"61,19 tr/m²",2,2,"Yên Sở, Hoàng Mai","20.979923302636507, 105.8646235737766"
42106504,06/03/2025,0961 505 *** - Bán chung cư An Bình - Trần Nguyên Đán - có slot ô tô - 95m2 x 3PN x 2 wc - 7 tỷ,"7,5 tỷ",95 m²,"78,95 tr/m²",3,2,"Định Công, Hoàng Mai","20.9832124222887, 105.831440347699"
42346381,06/03/2025,"Căn hộ cao cấp 3PN (90m2) chỉ 5,4 tỷ cho KH Hoàng Mai, Hà Đông và Thanh Trì. Phù hợp GĐ 3 - 5 người","5,4 tỷ",90 m²,60 tr/m²,3,2,"Hoàng Liệt, Hoàng Mai","20.958643429417084, 105.82613130611075"
42346405,06/03/2025,"Nhỉnh 2.7 tỉ có ngay căn 70m2, full nội thất mới tại VP5 Bán Đảo Linh Đàm","2,75 tỷ",70 m²,"39,21 tr/m²",2,2,"Hoàng Liệt, Hoàng Mai","20.96337971908285, 105.8317690003322"
42124097,06/03/2025,"Hanoi Melody Linh Đàm 2PN dt 68m2 giá từ 4,1 tỷ, tặng đến 1 cây vàng","4,1 tỷ",68 m²,"60,29 tr/m²",2,2,"Hoàng Liệt, Hoàng Mai","20.958445199024297, 105.82632492841108"
42226605,06/03/2025,Chính chủ cần tiền bán gấp căn hộ 67m2 2 ngủ 2 vs CT36A Định Công. Nội thất đầy đủ dọn về ở luôn,"4,02 tỷ",67 m²,60 tr/m²,2,2,"Định Công, Hoàng Mai","20.978304844012481, 105.83542154670316"
42344752,06/03/2025,Siêu phẩm hiếm - Bán căn toà Nam Rice City - DT 63m2 - 2N 2VS - Giá 3.9x tỷ(giá thương lượng),"3,95 tỷ",63 m²,"62,7 tr/m²",2,2,"Hoàng Liệt, Hoàng Mai","20.964149483869043, 105.8226969955929"
41781467,06/03/2025,"Chính chủ cần bán gấp căn hộ Thông Tấn Xã, 85m2, 2PN, 2WC, SĐCC",5 tỷ,85 m²,"58,82 tr/m²",2,2,"Đại Kim, Hoàng Mai","20.97685741534919, 105.81410633537422"
42267022,06/03/2025,"Mở bán căn hộ căn 3PN, 87.4m2 giá rẻ nhất dự án Melody Linh Đàm, 4,55 tỷ. LH: 0902 030 ***","4,55 tỷ","87,4 m²","52,06 tr/m²",3,2,"Hoàng Liệt, Hoàng Mai","20.9579598516527, 105.82683749772"
42187698,06/03/2025,"Bán căn hộ 3PN- 2WC- 90m2 chung cư Hà nội Melody Linh Đàm - Thanh toán ngay 1,8 tỷ ký HĐMB","5,8 tỷ",90 m²,"64,44 tr/m²",3,2,"Hoàng Liệt, Hoàng Mai","20.958863399739744, 105.82721429850716"
42346333,06/03/2025,"Bán căn hộ đẹp CT4X2 Tây Nam Linh Đàm 3 ngủ 2WC, 80m2","4,65 tỷ",80 m²,"58,12 tr/m²",3,2,"Hoàng Liệt, Hoàng Mai","20.962857060255704, 105.82161674884603"
42250205,06/03/2025,Tìm căn hộ 3PN nội đô Hà Nội giá tốt hãy đọc tin này,"5,05 tỷ",89 m²,"56,7 tr/m²",3,N/A,"Hoàng Liệt, Hoàng Mai","20.958743465860962, 105.82645624178562"
40140415,06/03/2025,"Siêu phẩm đẹp long lanh tại HH2 Linh Đàm, nhà mới tinh, vuông vắn, thoáng mát quanh năm","1,65 tỷ",48 m²,"34,38 tr/m²",2,1,"Hoàng Liệt, Hoàng Mai","20.964334487915, 105.827293395996"
42200836,06/03/2025,HH Linh Đàm 04056 2PN đủ công năng ful nội thất giá 1tỷ 8xx chung cư HH Linh Đàm. Tiện ích bạt ngàn,"1,8 tỷ",46 m²,"39,13 tr/m²",2,1,"Hoàng Liệt, Hoàng Mai","20.9634414467627, 105.827925063789"
42236271,06/03/2025,"Bán căn hộ Sổ đỏ chính chủ 2 ngủ 2 vệ sinh.
Giá 2ty7x chung cư CT2DT HUD Tây Nam Linh Đàm","2,75 tỷ",50 m²,55 tr/m²,2,2,"Hoàng Liệt, Hoàng Mai","20.96208895710892, 105.82082086018762"
41943624,06/03/2025,"Cần bán gấp căn hộ VP5 Bán Đảo Linh Đàm - full nội thất - nhà đẹp, diện tích: 46m2","2,24 tỷ",46 m²,"48,7 tr/m²",2,2,"Hoàng Liệt, Hoàng Mai","20.9637152254305, 105.831549396019"
42259539,06/03/2025,Sổ đỏ chính chủ Bán căn hộ Toà Nam rice city tây nam linh đàm căn góc 70m 2 ngủ 2vs giá 4ty4,"4,4 tỷ",70 m²,"62,86 tr/m²",2,2,"Hoàng Liệt, Hoàng Mai","20.96306497483138, 105.82290145772484"
42235292,06/03/2025,"chung cư hh linh đàm
GĐ e chuyển sang định cư úc
cần bán gấp căn 2 ngủ ở hh1b giá 1ty820","1,82 tỷ",48 m²,"37,92 tr/m²",2,1,"Hoàng Liệt, Hoàng Mai","20.964894051208418, 105.8267689611367"
42346060,06/03/2025,"67m2 2 ngủ đủ công năng ful nội thất giá 2ty7.
chung cư HH1 Linh Đàm Hoàng Mai Hà Nội","2,7 tỷ",67 m²,"40,3 tr/m²",2,2,"Hoàng Liệt, Hoàng Mai","20.96461034153624, 105.82654824320146"
42344912,06/03/2025,Hiếm thấy - Cần bán căn hộ VP6 Linh Đàm - DT 75m2 - 3N 2vs - giá 3.1x tỷ(giá thương lượng),"3,15 tỷ",75 m²,42 tr/m²,3,2,"Thịnh Liệt, Hoàng Mai","20.967468308249764, 105.83323138225835"
42121284,06/03/2025,"Bán gấp CHCC, tòa A Đại Kim Building, DT: 68m2 2PN, Đại Kim, Hoàng Mai, 3,4 tỷ","3,4 tỷ",68 m²,50 tr/m²,2,1,"Đại Kim, Hoàng Mai","20.976213234487631, 105.8252452124683"
42319422,06/03/2025,"Căn 2N+1 rẻ nhất Melody Linh Đàm,hướng mát,bàn giao cao cấp giá dự kiến nhỉnh 5.8 tỷ. LH 0367 183 ***","5,8 tỷ",90 m²,"64,44 tr/m²",3,2,"Hoàng Liệt, Hoàng Mai","20.9576733200284, 105.826630501077"
42226432,06/03/2025,BÁN CC 151A NGUYỄN ĐỨC CẢNH - CĂN GÓC - TẦNG TRUNG - VIEW THOÁNG - TẶNG 90% NỘI THẤT,"6,45 tỷ",130 m²,"49,62 tr/m²",3,2,"Tương Mai, Hoàng Mai","20.98748106489912, 105.8511285514612"
41046964,06/03/2025,Chỉ 1.6 Vốn ban đầu sở hữu căn hộ cao cấp nhất quận Hoàng Mai (LH: 0962 991 ***),Giá thỏa thuận,68 m²,N/A,3,2,"Hoàng Liệt, Hoàng Mai","20.9585018157959, 105.82634735107422"
42345840,06/03/2025,Bán căn 2 ngủ @Home 987 Tam Trinh - Hoàng Mai. Diện tích 58m2 - giá 3.3 tỷ - sẵn sổ,"3,3 tỷ",58 m²,"56,9 tr/m²",2,1,"Yên Sở, Hoàng Mai","20.97958136163995, 105.8640569455738"
42334468,06/03/2025,"Gia đình cần bán căn hộ 2PN, 86m2, sổ hồng, hướng mát tại Phương Đông Green Park, giá: 5.3 tỷ","5,3 tỷ",86 m²,"61,63 tr/m²",2,2,"Hoàng Liệt, Hoàng Mai","20.9579528170356, 105.846660817352"
42345793,06/03/2025,Bán nhà tập thể Tân Mai - 50m2 - 2 phòng ngủ - 2 wc - tầng 1 - chỗ để xe riêng - nhỉnh 2 tỷ,"2,55 tỷ",50 m²,51 tr/m²,2,2,"Tân Mai, Hoàng Mai","20.983447009201, 105.849834659619"
42334503,06/03/2025,"Gia đình cần bán căn hộ 2PN, 72m2, sổ hồng, nhà đẹp tại Sky Central - 176 Định Công, GIÁ: 4.8 tỉ","4,8 tỷ",72 m²,"66,67 tr/m²",2,2,"Định Công, Hoàng Mai","20.98251961451519, 105.8348323154576"
42277679,06/03/2025,"Gia đình cần bán căn hộ 2PN, 57m2, sổ hồng, full nội thất tại Phương Đông Green Park, GIÁ: 4 tỷ",4 tỷ,57 m²,"70,18 tr/m²",2,2,"Hoàng Liệt, Hoàng Mai","20.95882612664186, 105.84615766327546"
42334494,06/03/2025,"Gia đình cần bán căn hộ 3PN (Góc), 100m2, Full đồ, tầng 2x tại Rose Town, GIÁ: 5.6 tỷ","5,6 tỷ",100 m²,56 tr/m²,3,2,"Hoàng Liệt, Hoàng Mai","20.956220161812464, 105.84440968500466"
42289179,05/03/2025,"Bán Chung Cư Mini Định Công - Hoàng Mai, Hà Nội 7 tầng, 16ty8","16,8 tỷ",86 m²,"195,35 tr/m²",16,N/A,"Định Công, Hoàng Mai","20.983579136191, 105.829591265165"
42345170,05/03/2025,"Bán chung cư tòa CT3 885 Gelexia view Gamuda Tam Trinh DT 66.8m2 2ngủ 2wc, giá 4,3 tỷ LH 0983 873 ***","4,3 tỷ",65 m²,"66,15 tr/m²",2,2,"Yên Sở, Hoàng Mai","20.972938537597656, 105.8663558959961"
42345120,05/03/2025,"Bán căn 2 phòng ngủ 68m tầng trung tòa Ct2a Gelexia 885 Tam Trinh, Hoàng Mai, Hà Nội. 0916 800 ***",Giá thỏa thuận,68 m²,N/A,2,2,"Yên Sở, Hoàng Mai","20.97235129728191, 105.86618069966573"
42345194,05/03/2025,"Sổ đỏ chính chủ CT1A1 Tây Nam Linh Đàm
giá 2ty2x nội thất đầy đủ LH em Trọng : xem nhà 24/24","2,2 tỷ",34 m²,"64,71 tr/m²",1,1,"Hoàng Liệt, Hoàng Mai","20.963468889449747, 105.82124740490407"
42345094,05/03/2025,"Cần bán căn hộ 85m2 Chung cư Sunshine Palace, 13 Lĩnh Nam, Giá 5,6 tỷ, Liên hệ A Trung 0362 027 ***","5,6 tỷ",80 m²,70 tr/m²,2,2,"Mai Động, Hoàng Mai","20.99102230373217, 105.86881665044073"
40581297,05/03/2025,"BQL toà nhà X2 Đại Kim cập nhật tháng 02/2025, giá chuẩn, không đăng ảo câu view",Giá thỏa thuận,86 m²,N/A,2,2,"Đại Kim, Hoàng Mai","20.9764270782471, 105.82543182373"
42317452,05/03/2025,"( Căn mới ) Bán căn hộ chung cư Feliz Homes, 76m2, giá thỏa thuận tại Hoàng Văn Thụ, Hoàng Mai, HN.",Giá thỏa thuận,76 m²,N/A,2,2,"Hoàng Văn Thụ, Hoàng Mai","20.98498957154818, 105.85989563610491"
37901130,05/03/2025,"Bán CHCC K35 Tân Mai. DT 105m2, 3PN 2WC. Căn góc cực thoáng. View hồ Đền Lừ","7,7 tỷ",105 m²,"73,33 tr/m²",3,2,"Tương Mai, Hoàng Mai","20.9837379455566, 105.8515625"
42344750,05/03/2025,Chính chủ bán căn hộ chung cư tại Đại Kim Building Liên hệ: 0929 656 ***,"3,9 tỷ","63,4 m²","61,51 tr/m²",2,2,"Đại Kim, Hoàng Mai","20.974913417337795, 105.82576567497054"
42344729,05/03/2025,Chính chủ bán căn hoa hậu An Bình Định Kim Hoàng Mai 3 ngủ LH 0929 656 ***,"8,3 tỷ",113 m²,"73,45 tr/m²",3,2,"Định Công, Hoàng Mai","20.983061037224314, 105.8319683516438"
42232661,05/03/2025,"Quỹ căn bán giá tốt nhất Eco Lake View 2N - 3N, từ 76m- 106m chỉ từ hơn 4 tỷ. LH: 0949 650 ***",Giá thỏa thuận,76 m²,N/A,2,2,"Đại Kim, Hoàng Mai","20.973326874780394, 105.8392176243283"
42344665,05/03/2025,Cần bán gấp căn hộ Osaka Complex 71 m2 2 PN 2 Vs LH: 0929 656 ***,"3,85 tỷ",71 m²,"54,22 tr/m²",2,2,"Hoàng Liệt, Hoàng Mai","20.959324737741156, 105.83808001150955"
42344660,05/03/2025,Chính chủ cần bán căn hoa hậu X2 Đại Kim siêu đẹp 0929 656 ***,Giá thỏa thuận,86 m²,N/A,3,2,"Đại Kim, Hoàng Mai","20.976525221134125, 105.82537108670287"
37908744,05/03/2025,"Bán CHCC K35 Tân Mai - Hoàng Mai, DT 72m2, 2PN 2WC, full nội thất","4,95 tỷ",72 m²,"68,75 tr/m²",2,2,"Tương Mai, Hoàng Mai","20.98371597043471, 105.85158769609913"
42344653,05/03/2025,Chính chủ bán chung cư căn hộ Rice City toà Nam Linh Đàm LH; 0929 656 ***,Giá thỏa thuận,70 m²,N/A,3,2,"Hoàng Liệt, Hoàng Mai","20.96455237306105, 105.82271727347579"
42119817,05/03/2025,"Bán suất ngoại giao chung cư dự án MDHI Linh Đàm, 85m2, 2PN. sổ đỏ đầy đủ chỉ 2.9 tỷ","2,9 tỷ",85 m²,"34,12 tr/m²",2,2,"Hoàng Liệt, Hoàng Mai","20.97155721555141, 105.82747743903077"
42344390,05/03/2025,"Chính chủ bán căn 3PN, căn góc 2 mặt view tầng trung full nội thất xịn sò - 0818 704 ***","4,85 tỷ",90 m²,"53,89 tr/m²",3,2,"Yên Sở, Hoàng Mai","20.962362407618418, 105.86403237714939"
41975763,05/03/2025,"Tập thể lô góc tầng 2 Giải Phóng. DT 51/95m2 3 ngủ 2 wc 2 ban công, 30m ra đường Giải Phóng 3,75 tỷ","3,75 tỷ",95 m²,"39,47 tr/m²",3,2,"Giáp Bát, Hoàng Mai","20.9838332604147, 105.841454035557"
42148382,05/03/2025,"Thông tin căn hộ: Vị trí: Tòa CT3CX2, chung HUD Tây Nam Linh Đàm 75m2 2 phòng ngủ 2VS full nội thất","3,5 tỷ",75 m²,"46,67 tr/m²",2,2,"Hoàng Liệt, Hoàng Mai","20.9651565007569, 105.82532096654"
42312428,05/03/2025,Bán căn hộ chung cư hh 1 linh đàm 56m 2 ngủ 2 vs giá 2ty39 full nội thất tầng 10 lh e trọng,"2,39 tỷ",56 m²,"42,68 tr/m²",2,2,"Hoàng Liệt, Hoàng Mai","20.96496107164033, 105.8260470545168"
42296660,05/03/2025,Bán căn hộ chung cư hh linh đàm 2 ngủ 2vs 58m full nội thất giá 2ty3xx toà h4 lh -e trọ,"2,39 tỷ",58 m²,"41,21 tr/m²",2,2,"Hoàng Liệt, Hoàng Mai","20.963300263314824, 105.82674641522782"
42336404,05/03/2025,Bán căn hộ chung cư HH 4 Linh Đàm 63m2 2 ngủ 2 VS giá 2ty6x tầng 8 full nội thất LH: Em,Giá thỏa thuận,63 m²,N/A,2,2,"Hoàng Liệt, Hoàng Mai","20.96330215306001, 105.82664207550023"
39630991,05/03/2025,"Bán căn lô góc 3PN 123m2 rẻ nhất Sunshine Palace 13 Lĩnh Nam, giá 8 tỷ có sổ. LH em 0812 395 ***",8 tỷ,123 m²,"65,04 tr/m²",3,2,"Mai Động, Hoàng Mai","20.9901828765869, 105.868659973145"
39326777,05/03/2025,Bán gấp siêu phẩm 2PN 90m2 Sunshine Palace view thành phố giá 5tỷ8 đã có sổ LH em Hoàng 0812 395 ***,"5,8 tỷ",90 m²,"64,44 tr/m²",2,2,"Mai Động, Hoàng Mai","20.99017040641177, 105.86882215210764"
39732113,05/03/2025,Tôi chính chủ cần bán gấp trong tuần căn 3PN full nội thất hướng mát CC Rose Town 79 Ngọc Hồi,"5,6 tỷ",93 m²,"60,22 tr/m²",3,2,"Hoàng Liệt, Hoàng Mai","20.9565887451172, 105.844886779785"
41444815,05/03/2025,"Chính chủ bán căn hộ gấp tại Green Park Trần Thủ Độ, giá cực tốt chỉ 5 tỷ, 83m, 2 PN. LH 0702 266 ***",5 tỷ,83 m²,"60,24 tr/m²",2,2,"Hoàng Liệt, Hoàng Mai","20.958768844604492, 105.8463134765625"
41422648,05/03/2025,"Mình cần bán căn hộ chung cư Green Park, DT 55m2, 2PN2WC, nhà đẹp giá chỉ 2,7 tỷ. LH: 0702 266 ***","2,7 tỷ",55 m²,"49,09 tr/m²",2,2,"Hoàng Liệt, Hoàng Mai","20.9580784969533, 105.846296697946"
42281529,05/03/2025,"Tôi cần bán căn hộ 3PN 82m2 chung cư Eco Lake View, 4,8 tỷ, Đại Từ, Đại Kim, Hoàng Mai, Hà Nội","4,8 tỷ",82 m²,"58,54 tr/m²",3,2,"Đại Kim, Hoàng Mai","20.97353490515902, 105.83798681044819"
41189878,05/03/2025,"Chính chủ bán căn 2PN DT 69m2 chung cư Beasky, giá 4.5 tỷ bao phí, LH: 0932 392 ***","4,5 tỷ",69 m²,"65,22 tr/m²",2,2,"Đại Kim, Hoàng Mai","20.973968505859375, 105.82169342041016"
42124135,05/03/2025,"Hanoi Melody 3PN DT từ 106m2, 145 m2 giá từ 6,5 tỷ, Xuân Ất Tỵ tặng đến 5 chỉ vàng","6,5 tỷ",106 m²,"61,32 tr/m²",3,2,"Hoàng Liệt, Hoàng Mai","20.9583675236173, 105.826536652612"
42343487,05/03/2025,Chính chủ cần bán căn hộ 3PN 114 m2 tòa Zen dự án Feliz Home - giá 8 tỷ x - tầng đẹp hướng mát,Giá thỏa thuận,114 m²,N/A,3,2,"Hoàng Văn Thụ, Hoàng Mai","20.98564207717986, 105.86006688661116"
31304220,05/03/2025,Bán CHCC Đồng Phát Park View Tower - ban công view hồ cực đẹp DT 65m2 2PN 2WC view cực thoáng,"3,8 tỷ",65 m²,"58,46 tr/m²",2,2,"Vĩnh Hưng, Hoàng Mai","20.9800987243652, 105.874244689941"
41810211,05/03/2025,"Chính chủ bán CH 68m2 2PN BC view thoáng nhìn toàn cảnh nhà full đồ đẹp, giá 4.7tỷ có thương lượng","4,7 tỷ",68 m²,"69,12 tr/m²",2,2,"Định Công, Hoàng Mai","20.983306155326186, 105.83470834047718"
41760591,05/03/2025,"Tôi cần bán căn hộ mới tòa Rice City Linh Đàm - 70m2 - 2PN - 2VS, giá 3.7 tỷ - full đồ - tầng trung","3,7 tỷ",70 m²,"52,86 tr/m²",2,2,"Hoàng Liệt, Hoàng Mai","20.963834762573242, 105.82245635986328"
42342110,05/03/2025,"Em Lê PKD chủ đầu tư có quỹ căn 3PN giá chỉ 5,15tỷ, HTLS 0% 24th, CK 8% GTCH, quà tân gia 1 km vàng","5,4 tỷ",95 m²,"56,84 tr/m²",3,2,"Hoàng Liệt, Hoàng Mai","20.95933426625138, 105.82608188168712"
42343263,05/03/2025,"Gia đình cần bán căn hộ 2PN, 71m2, full nội thất, bc đông nam tại Rose Town, giá: 4 tỷ",4 tỷ,71 m²,"56,34 tr/m²",2,2,"Hoàng Liệt, Hoàng Mai","20.95604125374908, 105.84468638723588"
42189222,05/03/2025,"Trực tiếp chủ đầu tư mở bán full quỹ căn giá gốc thấp nhất thị trường, htls 0%, ck 8%, 0969 560 ***","4,6 tỷ",96 m²,"47,92 tr/m²",N/A,N/A,"Hoàng Liệt, Hoàng Mai","20.958385015427137, 105.82638226747592"
42342761,05/03/2025,Chính chủ bán căn hộ 3 phòng ngủ toà HH2 full đồ,"3,19 tỷ",77 m²,"41,43 tr/m²",3,2,"Hoàng Liệt, Hoàng Mai","20.96425923859162, 105.8272263517987"
42229348,05/03/2025,"CC HH4 Linh Đàm hàng hot: DT: 77m2 với 3PN - 2VS, giá: 3,1 tỷ đẹp long lanh, view thành phố","3,1 tỷ",77 m²,"40,26 tr/m²",3,2,"Hoàng Liệt, Hoàng Mai","20.9633158086597, 105.826690360302"
42342666,05/03/2025,"Em cần bán căn hộ chung cư @Home - 987 Tam Trinh. DT 70m2 chia 2 ngủ. Giá 4, xx tỷ","4,1 tỷ",70 m²,"58,57 tr/m²",2,2,"Yên Sở, Hoàng Mai","20.979464926181976, 105.86510018619094"
42342505,05/03/2025,"Quỹ căn hộ 3PN chính chủ gửi bán, pháp lý rõ ràng, giá từ 5 tỷ tại Bea Sky Nguyễn Xiển: 0969 029 ***","5,53 tỷ",84 m²,"65,83 tr/m²",3,2,"Đại Kim, Hoàng Mai","20.9733069843665, 105.82159169190092"
41537116,05/03/2025,"Chính chủ gửi bán căn hộ 71,33m2 tòa DV3 CC Rose Town. Giá 4.4xx tỷ","4,45 tỷ","71,33 m²","62,39 tr/m²",2,2,"Hoàng Liệt, Hoàng Mai","20.9565887451172, 105.844886779785"
42275247,05/03/2025,"Bán căn hộ chung cư NEW HORIZONS- 87 Lĩnh Nam . Dt 80m2 gồm 2 ngủ . Giá 5,xxtỷ","5,1 tỷ",80 m²,"63,75 tr/m²",2,2,"Mai Động, Hoàng Mai","20.988808474058356, 105.86690365029538"
42342561,05/03/2025,Chính chủ bán nhanh căn hộ tầng trung 72.2m2 2 ngủ 2WC ở tòa VP5 Linh Đàm hướng mát view Hồ 4.2 tỷ,"4,2 tỷ","72,2 m²","58,17 tr/m²",2,2,"Hoàng Liệt, Hoàng Mai","20.96331263456604, 105.83171126661638"
41640537,05/03/2025,"Bán căn hộ tại chung cư Lidaco - Vinaconex 7 - số 19 Đại Từ, Hoàng Mai 160m sổ đỏ Lh 0878 800 ***","9,76 tỷ",160 m²,61 tr/m²,3,2,"Đại Kim, Hoàng Mai","20.97174835205078, 105.83906555175781"
42342154,05/03/2025,"Bán gấp CC Hateco Hoàng Mai, 4,2 tỷ, 80m2, 3PN, 2WC, ở Yên Sở, Hoàng Mai, HN","4,2 tỷ",80 m²,"52,5 tr/m²",3,2,"Yên Sở, Hoàng Mai","20.96275316342997, 105.86432878281515"
42340154,05/03/2025,Chính chủ bán căn góc chung cư Rice City Linh Đàm 68m2 SĐCC 2 ngủ 2WC full nội thất giá 4.4 tỷ,4 tỷ,68 m²,"58,82 tr/m²",2,2,"Hoàng Liệt, Hoàng Mai","20.96370822172966, 105.82282295299642"
42342106,05/03/2025,"Bán gấp CC @Homes 987 Tam Trinh giá 3,3 tỷ, 2pn, 2vs, nhà đẹp giá rẻ, LH 0978 721 ***","3,3 tỷ",55 m²,60 tr/m²,2,2,"Yên Sở, Hoàng Mai","20.9799108322061, 105.864584048742"
41640353,05/03/2025,"Tôi có 6 căn góc 3PN tòa CT2A và CT1 CT2B Gelexia, LH: 0934 611 ***","5,2 tỷ",90 m²,"57,78 tr/m²",3,2,"Yên Sở, Hoàng Mai","20.9729385375977, 105.866355895996"
42341814,05/03/2025,"Bán Căn hộ chung cư 70m2 tại Vĩnh Hưng, Hoàng Mai, Hà Nội, giá chỉ 1.7 tỷ!",Giá thỏa thuận,70 m²,N/A,3,2,"Vĩnh Hưng, Hoàng Mai","20.9905994131628, 105.87550177819"
41838137,05/03/2025,"Siêu phẩm Horizon 87 Lĩnh Nam 102m2 sổ 6,7 tỷ","6,7 tỷ",102 m²,"65,69 tr/m²",2,2,"Mai Động, Hoàng Mai","20.9898301919232, 105.866862102703"
41660003,05/03/2025,Bán căn hộ diện tích sổ 74m2 2PN 2WC 2 logia giá 4.4 tỷ,"4,4 tỷ",74 m²,"59,46 tr/m²",2,2,"Yên Sở, Hoàng Mai","20.9729385375977, 105.866355895996"
42182222,05/03/2025,"Bán căn góc 3PN tòa A3 83.5m2 giá 4.5 tỷ, 0934 611 ***","4,5 tỷ","83,5 m²","53,89 tr/m²",3,2,"Tương Mai, Hoàng Mai","20.98767632233914, 105.85154087290788"
42328690,05/03/2025,"Bán căn hộ 06 tòa A chung cư Sky Central 87,7m2 giá 6.2 tỷ 3PN","6,23 tỷ","87,7 m²",71 tr/m²,3,2,"Định Công, Hoàng Mai","20.982171113077047, 105.83433213439216"
39093592,05/03/2025,"Bán chung cư 176 Định Công, Hoàng Mai 68m2, 2 ngủ, 2 VS, full nội thất, slot ô tô, 4 tỷ 550","4,55 tỷ",68 m²,"66,91 tr/m²",2,2,"Định Công, Hoàng Mai","20.9827823638916, 105.834381103516"
41456860,05/03/2025,Bán căn tòa HH2 AEco Lake 32 Đại Từ 76m2 2PN,"4,4 tỷ",76 m²,"57,9 tr/m²",2,2,"Đại Kim, Hoàng Mai","20.9730930328369, 105.838371276855"
42317599,05/03/2025,Tôi cần bán căn hộ tòa CT3 Gelexia 2PN 65m2 giá 3.95 tỷ,"3,95 tỷ",65 m²,"60,77 tr/m²",2,2,"Yên Sở, Hoàng Mai","20.972812213752803, 105.86625516040583"
42149567,05/03/2025,Bán Căn 07 Tòa D chung cư Mandarin garden2 tân mai 83m2 6.3 tỷ,"6,3 tỷ",83 m²,"75,9 tr/m²",N/A,N/A,"Tân Mai, Hoàng Mai","20.983997992983475, 105.84684840685162"
40729635,05/03/2025,"Bán căn góc 09 tòa A tầng 20x, 87m2 3PN 4.65tỷ bao phí có TL","4,65 tỷ","87,2 m²","53,33 tr/m²",3,2,"Vĩnh Hưng, Hoàng Mai","20.9800987243652, 105.874244689941"
41854034,05/03/2025,Bán 2 CH: căn hộ 10 và căn hộ 04 2pn 4.8 tỷ có TL,"4,8 tỷ","70,1 m²","68,47 tr/m²",2,2,"Tương Mai, Hoàng Mai","20.9871305622143, 105.850028583824"
41673177,05/03/2025,"0934 611 *** Tôi có 2 căn 2PN chung cư 176 Định Công 66,6m1 vs 68,8m2","4,85 tỷ","66,6 m²","72,82 tr/m²",2,2,"Định Công, Hoàng Mai","20.9824598072671, 105.834621778028"
41420668,05/03/2025,"Bán 2 căn trục 01, , 07 tòa A tầng trung chung cư Helios 75 Tam Trinh","5,3 tỷ",80 m²,"66,25 tr/m²",2,2,"Mai Động, Hoàng Mai","20.994594481446363, 105.86341372157445"
41379019,05/03/2025,"Tôi có 4 căn hộ 2PN Gelexia 67,1m2, 74m2, 83m2, 81,7m2 diện tích sử dụng",Giá thỏa thuận,83 m²,N/A,2,2,"Yên Sở, Hoàng Mai","20.972938537597656, 105.8663558959961"
42329908,05/03/2025,"Bán căn góc 66,7m2 tòa N02 K35 giá 4.95 tỷ view hồ Đền Lừ","4,95 tỷ","66,7 m²","74,21 tr/m²",2,2,"Tương Mai, Hoàng Mai","20.98366384061818, 105.85160687728799"
42341953,05/03/2025,"Chính chủ cần bán gấp CC Đồng Phát ngay 431 Tam Trinh giá 3,5 tỷ, 63m2, 2PN 2VS, liên hệ 0978 721 ***","3,5 tỷ",63 m²,"55,56 tr/m²",2,2,"Vĩnh Hưng, Hoàng Mai","20.97995422054124, 105.87420306669843"
42218281,05/03/2025,Chính chủ bán căn hộ 3PN Bea Sky không qua môi giới,"5,2 tỷ",79 m²,"65,82 tr/m²",3,2,"Đại Kim, Hoàng Mai","20.9735386991438, 105.822152487555"
42232582,05/03/2025,Chính chủ bán căn hộ 3PN Bea Sky giá tốt nhất thị trường,5 tỷ,79 m²,"63,29 tr/m²",3,2,"Đại Kim, Hoàng Mai","20.9737253486174, 105.821742849827"
42321129,05/03/2025,"Kim Văn Kim Lũ - căn hộ đẹp - sổ đỏ chính chủ 61m2 - 2 ngủ, 2 vệ sinh - nội thất sang trọng","3,05 tỷ",61 m²,50 tr/m²,2,2,"Đại Kim, Hoàng Mai","20.9728126240114, 105.819705853844"
42340483,05/03/2025,Chính chủ nhờ em bán căn hộ HH Linh Đàm,"2,4 tỷ",83 m²,"28,92 tr/m²",3,2,"Hoàng Liệt, Hoàng Mai","20.96390897915737, 105.82649048966218"
42197899,05/03/2025,CHÍNH CHỦ GỬI BÁN CĂN HỘ 2 NGỦ 1 VỆ SINH HUD TÂY NAM LINH ĐÀM SỔ HỒNG 37M THÔNG THỦY LH 0857 999 ***,"2,67 tỷ",37 m²,"72,14 tr/m²",2,1,"Hoàng Liệt, Hoàng Mai","20.964815509841312, 105.82290277222566"
42201357,05/03/2025,"Bán căn hộ 3PN, 2WC tại chung cư 83 Ngọc Hồi, 3,1 tỷ, 81m2 view đẹp uy tín","3,1 tỷ",81 m²,"38,27 tr/m²",3,2,"Đại Kim, Hoàng Mai","20.95751841821862, 105.84309482240458"
42233589,05/03/2025,"Chính chủ - bán chung cư N1 Lĩnh Nam - Minh Khai - Hoàng Mai, nội thất đầy đủ, về ở ngay",800 triệu,39 m²,"20,51 tr/m²",2,2,"Lĩnh Nam, Hoàng Mai","20.9816973139214, 105.879640405142"
36295773,05/03/2025,"Bán gấp - chung cư T2 Định Công - Giải Phóng - Hoàng Mai - nội thất đầy đủ. Ô tô đỗ cửa, về ở ngay",800 triệu,52 m²,"15,38 tr/m²",2,2,"Định Công, Hoàng Mai","20.9829788, 105.8349562"
42197932,05/03/2025,"Bán cắt lỗ thu hồi vốn gấp căn 2 ngủ tại Beasky Hoàng Mai, Hà Nội","4,5 tỷ","74,85 m²","60,12 tr/m²",2,2,"Đại Kim, Hoàng Mai","20.9739212050993, 105.82192785333356"
41916742,05/03/2025,"Căn hộ thiết kế đẹp mê li giá chỉ 66tr/m2, tặng 1 cây vàng - DA Melody Linh Đàm. LH 0978 995 ***","5,87 tỷ",90 m²,"65,19 tr/m²",3,2,"Hoàng Liệt, Hoàng Mai","20.9585506893202, 105.826530644353"
42107263,05/03/2025,HẠ GIÁ Chủ nhà bán căn hộ mới 102m2 - 3PN - full đồ xịn - giá 6.2 tỷ có giảm chung cư Vinaconex 2,"6,2 tỷ",102 m²,"60,78 tr/m²",3,2,"Đại Kim, Hoàng Mai","20.973328581885326, 105.82024165091516"
41525623,05/03/2025,"Tôi cần bán căn hộ mới tòa B Vinaconex 70m2 - 2PN - 2VS, giá 4 tỷ - full đồ - tầng trung",4 tỷ,70 m²,"57,14 tr/m²",2,2,"Đại Kim, Hoàng Mai","20.973291397094727, 105.82000732421875"
40899913,05/03/2025,"Căn hộ mới bàn giao nhà vuông, căn góc, DT 75m2 - 2PN - 2VS, giá 4.4 tỷ - Full đồ - CC Vinaconex 2","4,4 tỷ",75 m²,"58,67 tr/m²",2,2,"Đại Kim, Hoàng Mai","20.9732913970947, 105.820007324219"
41304319,05/03/2025,"Bán căn hộ CC chung cư Bea Sky - Đại Lộ Chu Văn An, Nguyễn Xiển, Hoàng Mai 67m2, 2PN","4,1 tỷ",67 m²,"61,19 tr/m²",2,2,"Đại Kim, Hoàng Mai","20.973968505859375, 105.82169342041016"
37779734,05/03/2025,"Chính chủ bán căn góc 3 ngủ 2WC - toà Fantasy dự án Feliz Homes hướng Đông Nam, full nội thất","7,1 tỷ",115 m²,"61,74 tr/m²",3,2,"Hoàng Văn Thụ, Hoàng Mai","20.985250114803907, 105.8596935456858"
42340332,05/03/2025,Bán gấp - Chung cư N2 Minh Khai - Tam Trinh - Sau Times City. Từ 35 - 55m2,800 triệu,35 m²,"22,86 tr/m²",1,1,"Lĩnh Nam, Hoàng Mai","20.9819766184301, 105.87974630243"
42335906,05/03/2025,"Bán căn hộ Hateco Hoàng Mai, 3,18 tỷ, 48m2, 2PN, 1WC tại Yên Sở, Hoàng Mai, Hà Nội. LH: 0917 208 ***","3,18 tỷ",48 m²,"66,25 tr/m²",2,1,"Yên Sở, Hoàng Mai","20.962329645182564, 105.86430585734273"
42339767,05/03/2025,Bán căn cực hiếm chung cư toà N9 Đồng Tàu 68m2 - 2PN - 3.57 tỷ. Lh 0933 900 ***,"3,57 tỷ",68 m²,"52,5 tr/m²",2,2,"Thịnh Liệt, Hoàng Mai","20.976826872437, 105.847254866279"
42340222,05/03/2025,"Bán căn 2 ngủ chung cư Eco LakeView, phố Đại Từ, Đại Kim, Hoàng Mai giá 4.x tỷ",4 tỷ,67 m²,"59,7 tr/m²",2,2,"Đại Kim, Hoàng Mai","20.973108919133406, 105.83856806686715"
41714675,05/03/2025,"Chỉ với 4xtỷ sở hữu CC 80m2, 2ngủ, 2VS. Căn hộ siêu đẹp tòa B Hateco Yên Sở, sát CV, không khí sạch","4,5 tỷ",80 m²,"56,25 tr/m²",2,2,"Yên Sở, Hoàng Mai","20.96271439532221, 105.86475882770466"
39928498,05/03/2025,"Bán căn 3 phòng ngủ 76m2 Nơ 3 Bán đảo Linh Đàm đầy đủ nội thất cả tivi + tủ lạnh, sẵn bàn giao nhà",Giá thỏa thuận,76 m²,N/A,3,2,"Hoàng Liệt, Hoàng Mai","20.971456527709961, 105.82817077636719"
42339963,05/03/2025,"Bán gấp căn 3 ngủ CT2 Bắc Linh Đàm, Đại Kim, đầy đủ nội thất giá hơn 3 tỷ","3,58 tỷ",70 m²,"51,14 tr/m²",3,N/A,"Đại Kim, Hoàng Mai","20.971406258164617, 105.82827608627929"
42339910,05/03/2025,"Chính chủ bán căn góc chung cư Rice City Linh Đàm 68m2, tầng trung nội thất đầy đủ giá 4.x tỷ",Giá thỏa thuận,68 m²,N/A,2,2,"Hoàng Liệt, Hoàng Mai","20.963492324180184, 105.82247792114411"
42232160,05/03/2025,Bán căn hộ N4 chung cư Đồng Tầu,"4,2 tỷ",84 m²,50 tr/m²,3,2,"Thịnh Liệt, Hoàng Mai","20.9767397252956, 105.847239590192"
42339797,05/03/2025,"Bán căn hộ chung cư Gelexia 885 Tam Trinh - Yên Sở - Hoàng Mai, view Gamuda, 67m2 - 2PN - 4.3 tỷ","4,3 tỷ",67 m²,"64,18 tr/m²",2,2,"Yên Sở, Hoàng Mai","20.972931804045725, 105.86631105086501"
41281629,05/03/2025,"Bán căn 3 phòng ngủ Nơ bán đảo Linh Đàm 76m2 đầy đủ nội thất, hướng Đông Nam",Giá thỏa thuận,76 m²,N/A,3,N/A,"Đại Kim, Hoàng Mai","20.97145652771, 105.828170776367"
35843555,05/03/2025,"Mới - chỉ còn đúng 2 căn tại - chung cư mini Giải Phóng - Hoàng Mai 30 - 50m2, mới, ở ngay",600 triệu,30 m²,20 tr/m²,1,1,"Giáp Bát, Hoàng Mai","20.9837461, 105.8411144"
42339659,05/03/2025,Cần bán gấp căn hộ 3 ngủ - nội thất mới - 4.1x tỷ - chung cư OCT2 - ĐN2 Bắc Linh Đàm - Đại Kim,"4,15 tỷ",82 m²,"50,61 tr/m²",3,2,"Đại Kim, Hoàng Mai","20.972288541006627, 105.8284723750112"
37781241,05/03/2025,"Chính chủ bán CHCC 151A Nguyễn Đức Cảnh DT: 90m2 2ngủ, 2 WC. Giá 4.35tỷ có TL, LH: 0962 552 ***","4,35 tỷ",90 m²,"48,33 tr/m²",3,2,"Tương Mai, Hoàng Mai","20.9874248504639, 105.851547241211"
42283054,05/03/2025,"Bán căn hộ 2 ngủ 75m2 chung cư K35 Tân Mai, tòa NO2, căn hộ góc, view đẹp full nội thất 0962 552 ***","4,95 tỷ",75 m²,66 tr/m²,2,2,"Tương Mai, Hoàng Mai","20.984079892402697, 105.85188814146917"
41456981,05/03/2025,"Bán căn hộ C The Zen Gamuda DT: 80 m2 gồm 2 ngủ + 2 wc, full nội thất giá 5,9 tỷ TL0962 552 ***","5,9 tỷ",80 m²,"73,75 tr/m²",2,2,"Trần Phú, Hoàng Mai","20.97150451439028, 105.87982140101442"
41457170,05/03/2025,"Bán căn hộ C The Zen Gamuda DT 60m2 gồm 1 ngủ + wc, full nội thất giá 4.2 tỷ TL","4,2 tỷ",60 m²,70 tr/m²,1,1,"Trần Phú, Hoàng Mai","20.9717503838353, 105.879010747132"
41093821,05/03/2025,CC bán CHCC Vật Tư Du Lịch - Trần Thủ Độ. DT: 80m2. 3PN + 2NVS. Giá: 4.35tỷ. LH: 0962 552 ***,"4,35 tỷ",80 m²,"54,38 tr/m²",3,2,"Hoàng Liệt, Hoàng Mai","20.962495803833, 105.844841003418"
41996209,05/03/2025,Chính chủ cần bán căn hộ CT36A Định Công - DT 70m2 - 2N 2VS - giá 4.2tỷ có TL: LH: 0962 552 ***,"4,2 tỷ",70 m²,60 tr/m²,2,2,"Định Công, Hoàng Mai","20.978537971469454, 105.83580530561393"
39509364,05/03/2025,"CC bán căn hộ 80m2 chung cư New Horizon City - 87 Lĩnh Nam, Quận HM, HN: LH 0962 552 ***","5,1 tỷ",80 m²,"63,75 tr/m²",2,2,"Mai Động, Hoàng Mai","20.9894237518311, 105.866561889648"
42219502,05/03/2025,"Bán CHCC Osaka Complex ngõ 48 Ngọc Hồi, căn góc. DT 80m2 3ngủ 2 WC giá 3.95tỷ, 0962 552 ***","3,95 tỷ",80 m²,"49,38 tr/m²",3,2,"Hoàng Liệt, Hoàng Mai","20.958552449959512, 105.83769690236056"
40702441,05/03/2025,"CC bán căn hộ CC cao cấp tòa B Hateco Hoàng Mai. 97m2 giá 4.8 tỷ, LH: 0962 55279","4,8 tỷ",97 m²,"49,48 tr/m²",2,2,"Yên Sở, Hoàng Mai","20.9627342224121, 105.86434173584"
40646478,05/03/2025,CC bán CHCC Eco Lake View 32 Đại Từ HM DT 80m2 2ngủ 2WC giá 4.9 tỷ nhà full nội thất LH 0962 552 ***,"4,9 tỷ",80 m²,"61,25 tr/m²",2,2,"Đại Kim, Hoàng Mai","20.9730930328369, 105.838371276855"
41694286,05/03/2025,Gia đình cần bán căn hộ 3PN diện tích 113m2 chung cư An Bình 1,Giá thỏa thuận,113 m²,N/A,3,2,"Định Công, Hoàng Mai","20.983137130737305, 105.83196258544922"
42339513,05/03/2025,"Hàng hiếm căn góc 56m2 toà HH2 Linh Đàm. TK: 2PN-2VS.Full nội thất mới.Giá: 2,38 tỷ, đẹp long lanh,","2,38 tỷ",56 m²,"42,5 tr/m²",2,2,"Hoàng Liệt, Hoàng Mai","20.9644986665213, 105.827432469062"
42270724,05/03/2025,"Cắt Lỗ Căn 2PN+1 Diện Tích 87,46m2 Tại Khu Vực Hoàng Mai",Giá thỏa thuận,"87,46 m²",N/A,2,2,"Đại Kim, Hoàng Mai","20.97184149116356, 105.82853519434812"
42272029,05/03/2025,"Chỉ Với 1,4 tỷ Sở Hữu Ngay Căn Hộ 2PN+1 Ngay Tại Khu Vực Hoàng Mai","5,1 tỷ","89,57 m²","56,94 tr/m²",2,2,"Đại Kim, Hoàng Mai","20.971592542854534, 105.82834420733565"
42272340,05/03/2025,"Có Căn 2PN Diện Tích 89,57m2 Giá Chỉ Từ 57tr/m2 Đã Gồm VAT","5,11 tỷ","89,57 m²",57 tr/m²,2,2,"Đại Kim, Hoàng Mai","20.971323347002023, 105.82825939565781"
42217654,05/03/2025,"Bán căn hộ chung cư Melody Linh Đàm, Hoàng Mai, DT 97m2, 2PN, 2WC, giá 5.284 tỷ","5,28 tỷ",97 m²,"54,47 tr/m²",2,2,"Hoàng Liệt, Hoàng Mai","20.958305657225075, 105.82634142769692"
42339427,05/03/2025,"Căn Góc, 2 Ngủ, 2wc, Siêu Thoáng, Full Nội Thất, Ở Ngay - Tiện Ích KĐT Bán Đảo Hồ Linh Đàm",Giá thỏa thuận,63 m²,N/A,N/A,N/A,"Đại Kim, Hoàng Mai","20.971649405317187, 105.82857406046843"
42330502,05/03/2025,"Bán gấp căn CCCC Lidaco-Vinaconex 7 - 19 đường đại từ, có hầm xe ôtô + diện tích: 123.6m2 giá 7,2tỷ","7,2 tỷ","123,6 m²","58,25 tr/m²",3,2,"Đại Kim, Hoàng Mai","20.971080022892025, 105.83970620154216"
42339349,05/03/2025,"Căn hộ cc HH Bán Đảo Linh Đàm 67m2 2PN2WC giá 2.xtỷ, Hoàng Mai.","2,8 tỷ",67 m²,"41,79 tr/m²",N/A,N/A,"Đại Kim, Hoàng Mai","20.971438870594525, 105.82817348196856"
42339290,05/03/2025,Bán căn hộ OCT2 DN2 Linh Đàm - 3N2WC - Nội thất ful mới toàn bộ - chỉ 4 tỷ xx có thương lượng,Giá thỏa thuận,80 m²,N/A,N/A,N/A,"Đại Kim, Hoàng Mai","20.971383395703107, 105.82828125420308"
42339265,05/03/2025,Bán căn hộ OCT2 DN2 Linh Đàm diện tích thông thủy 80m2 Thiết kế 3 ngủ - 2 vệ sinh giá 4tỷ150,"4,15 tỷ",80 m²,"51,88 tr/m²",3,2,"Đại Kim, Hoàng Mai","20.971561855711577, 105.82739006044243"
42113103,05/03/2025,"Bán nhanh căn hộ 86m2 3PN sổ đỏ chính chủ Nơ 19 KĐT Pháp Vân, sổ đỏ chính chủ","3,65 tỷ",86 m²,"42,44 tr/m²",3,2,"Hoàng Liệt, Hoàng Mai","20.9561457958372, 105.844881153244"
42216167,05/03/2025,"Bán căn góc 3 ngủ full nội thất ban công Đông Nam cực đẹp Feliz Homes, tầng trung view cực thoáng","7,3 tỷ",115 m²,"63,48 tr/m²",3,2,"Hoàng Văn Thụ, Hoàng Mai","20.985253105676833, 105.85968982227494"
41346627,05/03/2025,"Cần bán căn 2 phòng ngủ chung cư T&T Riverview, 440 Vĩnh Hưng, Hoàng Mai, Hà Nội - 0986 083 ***","5,2 tỷ",100 m²,52 tr/m²,2,2,"Vĩnh Hưng, Hoàng Mai","20.9989376068115, 105.880195617676"
40018228,05/03/2025,Chính chủ bán căn 2 ngủ 78m2 toà Zen dự án Feliz Home - view thoáng - sẵn slot ô tô giá 5.3 tỷ,"5,3 tỷ",78 m²,"67,95 tr/m²",2,2,"Hoàng Văn Thụ, Hoàng Mai","20.98454866981796, 105.85953666559598"
42186973,05/03/2025,"Hà Nội Melody Linh Đàm 54tr/m2 - Chỉ 1,5 tỷ căn hộ CK tới 10%","7,19 tỷ",106 m²,"67,81 tr/m²",3,2,"Hoàng Liệt, Hoàng Mai","20.958117975431986, 105.82627443232695"
42208579,05/03/2025,"Bán căn góc tại Mandarin Garden 2 Tân Mai, 5,1tỷ, 67m2","5,1 tỷ",67 m²,"76,12 tr/m²",2,1,"Tân Mai, Hoàng Mai","20.984091673517447, 105.84673738738988"
42292274,05/03/2025,Chính chủ bán căn góc Đông Nam 68m - 4.1 tỷ tòa Trung Rice City Linh Đàm,"4,11 tỷ","67,9 m²","60,59 tr/m²",2,2,"Hoàng Liệt, Hoàng Mai","20.964722574675225, 105.82259321766404"
38923828,05/03/2025,Bán CHCC Eco Lake View 32 Đại Từ. DT 114m2 có 3PN 2WC căn góc cực đẹp view hồ Linh Đàm,"7,5 tỷ",114 m²,"65,79 tr/m²",3,2,"Đại Kim, Hoàng Mai","20.9730930328369, 105.838371276855"
37910863,05/03/2025,Bán CHCC Hateco Hoàng Mai. DT 95m2 3PN 2WC cực hiếm view hồ công viên Yên Sở,"4,75 tỷ",95 m²,50 tr/m²,3,2,"Yên Sở, Hoàng Mai","20.9628513669185, 105.864004415273"
38085665,05/03/2025,"Bán căn góc chung cư Nơ Pháp Vân 2 phòng ngủ, 74m2, sổ hồng, đầy đủ nội thất","3,2 tỷ",74 m²,"43,24 tr/m²",2,1,"Hoàng Liệt, Hoàng Mai","20.9562702178955, 105.84504699707"
41822731,05/03/2025,"Bán gấp căn hộ chung cư 3 phòng ngủ 90m2 nội thất mới tinh - Nơ 7 Pháp Vân - Tứ Hiệp, giá 4.5 tỷ","4,5 tỷ",89 m²,"50,56 tr/m²",3,2,"Hoàng Liệt, Hoàng Mai","20.9562285639645, 105.845004966482"
42227807,05/03/2025,"Lô góc 113m2 - 3 mặt thoáng - chung cư OCT2 DN2 Linh Đàm - full nội thất, vào ở ngay!",5 tỷ,113 m²,"44,25 tr/m²",3,2,"Đại Kim, Hoàng Mai","20.970713398917624, 105.82799382788691"
42338419,05/03/2025,"Bán căn hộ chung cư Sunshine Palace, Lĩnh Nam, 6 tỷ VND, 80 m2, giá siêu hời!",6 tỷ,80 m²,75 tr/m²,2,2,"Mai Động, Hoàng Mai","20.989574100751035, 105.86882438434377"
42338418,05/03/2025,"Tôi có căn Chung cư FeLiz Home cần bán Diện tích 70m2, gồm 2PN -2VS -Nhà mới- Giá 3.8 tỷ","3,8 tỷ",70 m²,"54,29 tr/m²",2,2,"Hoàng Văn Thụ, Hoàng Mai","20.987642945769, 105.859365129373"
41964923,05/03/2025,Mua nhà ở được ngay trước tết - Căn hộ CT2X2 - 3pn - View thoáng - Nội thất đầy đủ,"4,15 tỷ",79 m²,"52,53 tr/m²",3,2,"Hoàng Liệt, Hoàng Mai","20.971486923510195, 105.82895662238683"
42303300,05/03/2025,"Bán CC Rose Town, giá ưu đãi 4,3 tỷ, 66m2, view đẹp tại Ngọc Hồi, Hoàng Liệt, Hoàng Mai, HN","4,3 tỷ",66 m²,"65,15 tr/m²",2,2,"Hoàng Liệt, Hoàng Mai","20.957203180322534, 105.8451594788206"
41873740,05/03/2025,Gấp lắm rồi! Bán căn hộ 3PN Nơ 1 đẹp nhất khu bán đảo Linh Đàm. Ở được ngay,"4,5 tỷ",83 m²,"54,22 tr/m²",3,2,"Đại Kim, Hoàng Mai","20.971051017074902, 105.8274050100101"
42086496,05/03/2025,"Bán chung cư Định Công, Hoàng Mai 70m2, 2PN, 2 vệ sinh, nội thất 400 triệu, 4 tỷ 500 - 0968 224 ***","4,5 tỷ",70 m²,"64,29 tr/m²",2,N/A,"Định Công, Hoàng Mai","20.982515723657897, 105.83466885255338"
42338642,05/03/2025,"Bán căn hộ chung cư tại Sky Central, 6,8 tỷ, 100m2, 3PN, 2WC, mua bán trực tiếp, làm việc chính chủ","6,8 tỷ",100 m²,68 tr/m²,3,2,"Định Công, Hoàng Mai","20.982861443745843, 105.83474768869488"
42338321,05/03/2025,"Căn hộ chung cư 3PN, 2WC tại TTTM Đền Lừ, giá cực chất 3,8 tỷ, diện tích 60 m2","3,8 tỷ",60 m²,"63,33 tr/m²",3,2,"Hoàng Văn Thụ, Hoàng Mai","20.98498360234574, 105.8597850934125"
42220807,05/03/2025,"Chính chủ bán căn Vinaconex Kim Văn Kim Lũ 2N2W full NT, giá 3,8 tỷ. LH 0962 347 ***","3,8 tỷ",75 m²,"50,67 tr/m²",2,2,"Đại Kim, Hoàng Mai","20.973705606837814, 105.82070071035413"
39390076,05/03/2025,"Bán 2ngủ 5,5 tỷ DT 90m2 phố Minh Khai Sunshine Palace (canh Time City) E. Minh Anh 0944 394 ***","5,5 tỷ",90 m²,"61,11 tr/m²",2,2,"Mai Động, Hoàng Mai","20.9901828765869, 105.868659973145"
42338412,05/03/2025,Full đồ tốt trong căn hộ 83m2 tại HH1C Linh Đàm. Bán căn hộ 3 phòng ngủ đẹp với giá 3.5x tỷ,"3,59 tỷ",83 m²,"43,25 tr/m²",3,2,"Hoàng Liệt, Hoàng Mai","20.96426508730103, 105.82694133507384"
42338237,05/03/2025,"Bán căn hộ Gelexia Riverside, giá tốt 4,3 tỷ, 68m2, 2PN, 2WC ở Hoàng Mai, Hà Nội","4,3 tỷ",68 m²,"63,24 tr/m²",2,2,"Yên Sở, Hoàng Mai","20.973562464407145, 105.86673520186955"
42338192,05/03/2025,"Bán CH Feliz Homes, 8,5 tỷ, 115m2, 3PN + 2WC, đầy đủ nội thất, giá tốt","8,5 tỷ",115 m²,"73,91 tr/m²",3,2,"Hoàng Văn Thụ, Hoàng Mai","20.984546876563964, 105.85998894732742"
42338191,05/03/2025,"Bán CC HH1 Linh Đàm, 1,8 tỷ, 46m2, đẹp nhiều tiện ích tại Hoàng Liệt, Hoàng Mai, Hà Nội","1,8 tỷ",46 m²,"39,13 tr/m²",2,1,"Hoàng Liệt, Hoàng Mai","20.965509761376115, 105.8259714466585"
42338127,05/03/2025,"Bán CC New Horizon City - 87 Lĩnh Nam, 5,1 tỷ, 80m2, 2PN, 2WC","5,1 tỷ",80 m²,"63,75 tr/m²",2,2,"Mai Động, Hoàng Mai","20.989267401449816, 105.86645296454998"
42338104,05/03/2025,"VINACONEX 2- Bán gấp căn hộ 2PN 75m2 view đẹp thoáng chung cư Vinaconex 2 Hoàng Mai, giá 4,3tỷ","4,3 tỷ",75 m²,"57,33 tr/m²",2,2,"Đại Kim, Hoàng Mai","20.974593029946295, 105.8174190434886"
42338056,05/03/2025,"Bán căn hộ CC Eco Lake View, số 32 Đại Từ, toà HH2A DT 105 m2 3 ngủ 2 wc giá 7,5 tỷ LH 0983 873 ***","7,5 tỷ",105 m²,"71,43 tr/m²",3,2,"Đại Kim, Hoàng Mai","20.973093032836914, 105.83837127685547"
42297870,05/03/2025,"Căn 2 - 3N giá rẻ nhất Melody Linh Đàm, view hồ, chiết khấu 8%, tặng vàng 999","5,3 tỷ",90 m²,"58,89 tr/m²",2,1,"Hoàng Liệt, Hoàng Mai","20.95927123626383, 105.82683448943936"
42009968,05/03/2025,"Mở Bán CC mini giá tốt ngay sau Time city 35m2, 50m2, full đồ, ngõ ô tô - 0983 169 ***","1,18 tỷ",30 m²,"39,33 tr/m²",1,N/A,"Mai Động, Hoàng Mai","21.0289486097874, 105.852447225903"
42191337,05/03/2025,"Chính chủ bán chung cư mini K5 - Tam Trinh - Lĩnh Nam 27m2, 35m2, 50m2, ô tô đỗ ngay sau Time city","1,18 tỷ",27 m²,"43,7 tr/m²",1,1,"Lĩnh Nam, Hoàng Mai","20.9798044382642, 105.864452776683"
42143857,05/03/2025,"Bán căn hộ đẹp xuất sắc tại Rice City Linh Đàm, 4,34 tỷ, 68m2","4,34 tỷ",68 m²,"63,82 tr/m²",2,2,"Hoàng Liệt, Hoàng Mai","20.964181334008025, 105.82258314288522"
42337946,05/03/2025,"CĂN HỘ ĐẸP ĐƯỢC NGHỆ SĨ LỰA CHỌN - CĂN 2PN - 74,49M2 - TẠI MELODY LINH ĐÀM - GIÁ CHỈ TỪ 6X-7XTR/M2",Giá thỏa thuận,"74,49 m²",N/A,2,2,"Hoàng Liệt, Hoàng Mai","20.96539513519386, 105.8266172126816"
42289981,05/03/2025,"Bán CC Gelexia Riverside, 4,65 tỷ, 68m2, 2PN, 2WC, có sẵn slots oto. LH: 0917 208 ***","4,65 tỷ",68 m²,"68,38 tr/m²",2,2,"Yên Sở, Hoàng Mai","20.97356083261376, 105.86688641040371"
42338110,05/03/2025,Vừa tiền! Bán nhanh căn hộ 46m2 2 ngủ 2wc hợp lý ở VP5 Linh đàm sửa sang lại toàn bộ giá 2.24 tỷ,"2,24 tỷ",46 m²,"48,7 tr/m²",2,2,"Hoàng Liệt, Hoàng Mai","20.9635620117188, 105.831611633301"
41298657,05/03/2025,"Bán chung cư Nam Đô gần 100m2, 3 phòng ngủ, 2 ban công cực rộng, tầng đẹp. Giá chào hơn 5tỷ","5,5 tỷ",100 m²,55 tr/m²,3,2,"Giáp Bát, Hoàng Mai","20.979711532592773, 105.84483337402344"
41723039,05/03/2025,"Chính chủ cần bán gấp căn hộ diện tích 60m2, 2PN, 1WC CT12 KVKL - Hoàng Mai - Hà Nội","2,78 tỷ",60 m²,"46,33 tr/m²",2,2,"Đại Kim, Hoàng Mai","20.973291397094727, 105.82000732421875"
42203680,05/03/2025,NHANH TAY SỞ HỮU NGAY CĂN HỘ 62M2  CC THE ONE GAMUDA CHỈ NHỈNH 4 TỶ,"4,3 tỷ",62 m²,"69,36 tr/m²",2,2,"Định Công, Hoàng Mai","20.982946030812283, 105.83243191100168"
42323695,05/03/2025,Nhanh tay sở hữu ngay căn hộ 75m2 CC The Zen Gamuda,"5,75 tỷ",75 m²,"76,67 tr/m²",2,N/A,"Trần Phú, Hoàng Mai","20.970819802948757, 105.88009146445701"
42315223,05/03/2025,"Bán căn hộ 3PN, 2WC, 96,5m2 tại B1-B2 Tây Nam Linh Đàm, Hoàng Liệt, Hoàng Mai, Hà Nội, 6,1 tỷ","6,1 tỷ","96,5 m²","63,21 tr/m²",3,2,"Hoàng Liệt, Hoàng Mai","20.96414566546945, 105.82318412450589"
41569714,05/03/2025,Cần bán căn hộ 2PN2WC tòa Rice City Linh Đàm đầy đủ nội thất đẹp,"3,85 tỷ",63 m²,"61,11 tr/m²",2,2,"Hoàng Liệt, Hoàng Mai","20.9638347625732, 105.822456359863"
42336761,05/03/2025,Chính chủ bán căn hộ 74m2 sổ đỏ chính chủ Nơ 23 KĐT Pháp Vân,"3,2 tỷ",74 m²,"43,24 tr/m²",2,2,"Hoàng Liệt, Hoàng Mai","20.9560014807887, 105.845730296134"
40161761,05/03/2025,Bán cắt lỗ - chung cư N1 Giải Phóng - Ngã Tư Vọng - Hoàng Mai - full đồ,800 triệu,50 m²,16 tr/m²,N/A,N/A,"Thịnh Liệt, Hoàng Mai","20.9754287, 105.8409325"
42337522,05/03/2025,Chính chủ cần bán căn 3pn cc Feliz Homes Đền Lừ- Hoàng Mai,"6,3 tỷ",97 m²,"64,95 tr/m²",3,2,"Hoàng Văn Thụ, Hoàng Mai","20.9848387142127, 105.859851430576"
40615520,05/03/2025,"Bán chung cư 75 Tam Trinh DT 68m2 2 ngủ, 2VS giá bán: 4.850 tỷ LH 0984 895 ***","4,85 tỷ",68 m²,"71,32 tr/m²",2,2,"Mai Động, Hoàng Mai","20.9945850372314, 105.863395690918"
42269640,05/03/2025,"BÁN CC TẦNG ĐẸP NƠ 7A KDT LINH ĐÀM 3PN, 2VS VỚI GIÁ 3.86 TỶ. LH: 0968 655 ***","3,86 tỷ",65 m²,"59,38 tr/m²",3,2,"Đại Kim, Hoàng Mai","20.971121248093844, 105.82796953528079"
42279885,05/03/2025,"Bán gấp CH 3PN, 2VS tại HH3 Linh Đàm chỉ với 3,2 tỷ. LH: 0968 655 ***","3,2 tỷ",83 m²,"38,55 tr/m²",3,2,"Hoàng Liệt, Hoàng Mai","20.964112122886085, 105.82846614900298"
42228322,05/03/2025,"Bán chung cư Vật tư Du Lịch ( South Tower) Trần Thủ Độ, Hoàng Mai, Hà nội: DT :68m. Giá: 3.64 tỷ","3,64 tỷ",68 m²,"53,53 tr/m²",2,2,"Hoàng Liệt, Hoàng Mai","20.962840737430007, 105.84451371168696"
42337370,05/03/2025,"Gia đình cần bán căn hộ 3PN, 2WC tại New Horizon City, 5,8 tỷ, 88m2","5,8 tỷ",88 m²,"65,91 tr/m²",3,2,"Mai Động, Hoàng Mai","20.990176000983155, 105.86675152774461"
39092970,05/03/2025,"Bán chung cư Định Công, Hoàng Mai 70m2, 2 ngủ, 2 vệ sinh, nội thất 400 triệu, slot ô tô, 4 tỷ 500","4,5 tỷ",70 m²,"64,29 tr/m²",2,2,"Định Công, Hoàng Mai","20.9827823638916, 105.834381103516"
42337587,05/03/2025,"Chính chủ bán gấp căn hộ 3 PN, 2 VS tại OCT2 - DN2 Bắc Linh Đàm, Hoàng Mai, Hà Nội","4,15 tỷ",80 m²,"51,88 tr/m²",3,2,"Đại Kim, Hoàng Mai","20.97149928953195, 105.82816358181697"
40672479,05/03/2025,"Bán chung cư Rice City Linh Đàm, 68m2, 2 phòng ngủ, full nội thất, giá tốt","3,85 tỷ",68 m²,"56,62 tr/m²",2,2,"Hoàng Liệt, Hoàng Mai","20.96325295436935, 105.82200332218999"
42060754,05/03/2025,"Chính chủ mở bán dự án mới - Khu Minh Khai - Lĩnh Nam ngõ ô tô, 35m2, 50m2 - 0983 169 ***","1,35 tỷ",35 m²,"38,57 tr/m²",1,1,"Lĩnh Nam, Hoàng Mai","20.982005132678, 105.879898348865"
42336673,05/03/2025,"Bán căn 3 ngủ 106m2 chỉ 6,4 tỷ có hỗ trợ lãi suất 0% 24 tháng cho 70% trực tiếp CDT Melody Linh Đàm","6,4 tỷ",106 m²,"60,38 tr/m²",3,N/A,"Hoàng Liệt, Hoàng Mai","20.9588673679626, 105.826253186179"
42337419,05/03/2025,Bán căn góc 2PN CC Helios 75 Tam Trinh - căn góc giá tốt nhất,Giá thỏa thuận,72 m²,N/A,2,2,"Mai Động, Hoàng Mai","20.994387028214344, 105.86321685796436"
41861719,05/03/2025,"Chính chủ bán căn 96m2 HUD3 60 Nguyễn Đức Cảnh, tầng trung, ban công Đông mát, đủ nội thất, 5,9 tỷ","5,9 tỷ",96 m²,"61,46 tr/m²",3,2,"Tương Mai, Hoàng Mai","20.987325668335, 105.849838256836"
42134523,05/03/2025,"Giá tốt nhỉnh 6 tỷ - Bán căn 3N 99m2 GreenPark, sổ lâu dài. Tầng đẹp, full nội thất. LH: 0366 261 ***",Giá thỏa thuận,99 m²,N/A,3,2,"Hoàng Liệt, Hoàng Mai","20.958823428216853, 105.84621021132067"
42315980,05/03/2025,"Chính chủ Bán CC 123,6m2 tại Đại Từ, Hoàng Mai, Hà Nội, giá cực chất chỉ với 5,995 tỷ",6 tỷ,"123,6 m²","48,5 tr/m²",3,2,"Đại Kim, Hoàng Mai","20.9712262865598, 105.834990339872"
42085653,05/03/2025,"Bán căn hộ CT2A Gelexia Riverside 885 Tam Trinh 83m2 - 5,25 tỷ - view biệt thự Gamuda","5,25 tỷ",83 m²,"63,25 tr/m²",2,N/A,"Yên Sở, Hoàng Mai","20.9727496234142, 105.86627341802267"
30460494,05/03/2025,"Gia đình cần bán CH Bea Sky 69m2 tôi bán 4.85 tỷ, tôi có hỗ trợ vay ngân hàng, mua bán trực tiếp","4,85 tỷ",70 m²,"69,29 tr/m²",2,2,"Đại Kim, Hoàng Mai","20.9739685058594, 105.82169342041"
42289279,05/03/2025,"Chính chủ bán 2PN 70m2 giá 4.5 tỷ, tại BeaSky Nguyễn Xiển. LH: 0364 079 ***","4,5 tỷ",70 m²,"64,29 tr/m²",2,2,"Đại Kim, Hoàng Mai","20.973946437820423, 105.82169492960158"
42336450,05/03/2025,"Bán căn hộ 74m2 tại Hà Nội Melody Residences, giá 4,8 tỷ, 2PN, 2WC. SĐT xem nhà mẫu 0367 183 ***","4,8 tỷ",74 m²,"64,86 tr/m²",2,2,"Hoàng Liệt, Hoàng Mai","20.9588750658555, 105.826119181726"
42146561,05/03/2025,Bán căn hộ sân vườn 114m2 - ban công Đông view bể bơi cực đẹp tại Feliz Homes,"7,8 tỷ",114 m²,"68,42 tr/m²",3,2,"Hoàng Văn Thụ, Hoàng Mai","20.984641992702535, 105.86046309937285"
40791728,05/03/2025,Quỹ căn mua - bán giá tốt và cập nhật nhất Feliz Homes,"5,2 tỷ",78 m²,"66,67 tr/m²",2,2,"Hoàng Văn Thụ, Hoàng Mai","20.9844109598344, 105.860070709582"
42336860,05/03/2025,"GĐ cần bán căn góc HUD3 - 60 Nguyễn Đức Cảnh, Tương Mai, Hoàng Mai, Hà Nội. LH: O848123626",Giá thỏa thuận,"90,4 m²",N/A,3,2,"Tương Mai, Hoàng Mai","20.98784113637838, 105.8497600742702"
42100797,05/03/2025,Bán căn 2 ngủ Helios 75 Tam Trinh - tầng trung hướng mát,"4,5 tỷ",66 m²,"68,18 tr/m²",2,2,"Mai Động, Hoàng Mai","20.9942434459441, 105.86267249929956"
42335907,05/03/2025,Cc bán nhanh CHCC vật tư du lịch (South Tower) 80m2; 2 ngủ 2 wc. Nội thất mới chỉ việc vào ở,"4,4 tỷ",80 m²,55 tr/m²,2,2,"Hoàng Liệt, Hoàng Mai","20.9625328969037, 105.84472251643"
42162839,05/03/2025,Sổ đỏ cất két - căn hộ 3 ngủ - ban công view thành phố,"3,8 tỷ",100 m²,38 tr/m²,3,2,"Hoàng Văn Thụ, Hoàng Mai","20.984449918062666, 105.85933487399464"
38250459,05/03/2025,Bán CHCC SBán CHCC Sunshine Palace ngõ 13 Lĩnh Nam. DT: 80m2 2pn + 2wc. Giá: 6 tỷ. Lh: 0964 835 ***,6 tỷ,80 m²,75 tr/m²,2,2,"Mai Động, Hoàng Mai","20.9901828765869, 105.868659973145"
42212351,05/03/2025,"Nhà chính chủ, bán căn hộ 75m2 3 PN 2WC chung cư Nơ 1A Linh Đàm, nội thất cao cấp sổ đỏ chính chủ","4,35 tỷ",75 m²,58 tr/m²,3,2,"Đại Kim, Hoàng Mai","20.971483693915232, 105.82820720471743"
42295343,05/03/2025,"Bán căn 3 ngủ góc tại Eco lake view hồ linh đàm, giá nhỉnh 5 tỷ. Lh: 0826 465 *** Mr Dương",Giá thỏa thuận,96 m²,N/A,3,2,"Đại Kim, Hoàng Mai","20.9734690244072, 105.83803133528966"
42225288,05/03/2025,"Bán nhanh căn 2 ngủ 76m tại eco lake rẻ nhất thị trường, giá: 4.3 tỷ. LH: 0826 465 ***","4,3 tỷ",76 m²,"56,58 tr/m²",2,2,"Đại Kim, Hoàng Mai","20.97384005058717, 105.8386150106402"
42336780,05/03/2025,"Bán gấp căn hộ 3 ngủ rẻ nhất Osaka, liên hệ: 0368 945 ***","3,85 tỷ",76 m²,"50,66 tr/m²",3,2,"Hoàng Liệt, Hoàng Mai","20.958336532943157, 105.83840304048421"
42337086,05/03/2025,Chính chủ bán căn hộ 80m2 3PN 2WC chung cư HUD full nội thất sổ đỏ chính chủ về ở ngay,"4,15 tỷ","79,9 m²","51,94 tr/m²",3,2,"Đại Kim, Hoàng Mai","20.97091266683805, 105.82740635770172"
38015217,05/03/2025,"Bán CHCC T&T Riverview 440 Vĩnh Hưng, căn view sông hồng cực hiếm. DT 100m2 3PN 2WC","5,45 tỷ",100 m²,"54,5 tr/m²",3,2,"Vĩnh Hưng, Hoàng Mai","20.9989376068115, 105.880195617676"
42221940,05/03/2025,Nơ 3 bán đảo Linh Đàm vị trí siêu đẹp,"4,75 tỷ",76 m²,"62,5 tr/m²",3,2,"Đại Kim, Hoàng Mai","20.970835105936278, 105.82760225103459"
37441925,05/03/2025,"Bán CHCC New Horizon 87 Lĩnh Nam. DT: 80m2. 2PN + 2 NVS. Giá: 5,1 tỷ. LH: 0964 835 ***","5,1 tỷ",80 m²,"63,75 tr/m²",2,2,"Mai Động, Hoàng Mai","20.989424, 105.86656"
42217377,05/03/2025,Bán căn hộ 71m2 toà The One - toà Bắc căn hộ Gamuda,"4,35 tỷ",71 m²,"61,27 tr/m²",2,2,"Trần Phú, Hoàng Mai","20.969412421857314, 105.8766683845795"
36740929,05/03/2025,"Bán CHCC N9 Đồng Tàu - Thịnh Liệt - HM. DT: 68m2 2PN + 2NVS. Giá: 3,6 tỷ có TL. LH: 0964 835 ***","3,6 tỷ",68 m²,"52,94 tr/m²",2,1,"Thịnh Liệt, Hoàng Mai","20.9768257008603, 105.84721264712"
41925133,05/03/2025,"(Giá tốt) Sổ cầm tay, view hồ, tầng đẹp, căn hộ 2PN/2WC, DT 75m2, giá chỉ 4.8 tỷ tặng full nội thất","4,8 tỷ",75 m²,64 tr/m²,2,2,"Hoàng Liệt, Hoàng Mai","20.95817084928345, 105.84598254758735"
41925056,05/03/2025,"(Căn mới) bán căn hộ 2N - 3N, DT 83, 85m2, tầng trung, view hồ, full NT, giá 5.2 tỷ, sổ cầm tay","5,2 tỷ",85 m²,"61,18 tr/m²",3,2,"Hoàng Liệt, Hoàng Mai","20.9588819564038, 105.845786122538"
42336704,05/03/2025,"Bán nhanh căn góc 2 ngủ 60,3m2 tòa Thanh Bình, liên hệ: 0368 945 ***","4,46 tỷ","60,3 m²","73,96 tr/m²",2,2,"Định Công, Hoàng Mai","20.9778472590963, 105.835866816714"
41636746,05/03/2025,"(Căn mới giá tốt) bán gấp căn 2PN/2WC, DT 55-58m2, giá 3.8 tỷ, Tầng trung, View thoáng, Sổ cầm tay","3,8 tỷ",55 m²,"69,09 tr/m²",2,2,"Hoàng Liệt, Hoàng Mai","20.9587688446045, 105.846313476563"
41925004,05/03/2025,"(Căn mới) Bán căn góc hoa hậu 3PN, DT 100m2, full NT nhập khẩu, view hồ, hướng mát, sổ lâu dài",7 tỷ,100 m²,70 tr/m²,3,2,"Hoàng Liệt, Hoàng Mai","20.95902716124281, 105.84582571059775"
41934611,05/03/2025,"Bán CC Rose Town 71m2 chỉ 42 triệu/m2,Giải Phóng,Hoàng Liệt,Hoàng Mai,nhà đẹp mới BG 2024.Slot oto",3 tỷ,71 m²,"42,3 tr/m²",2,2,"Hoàng Liệt, Hoàng Mai","20.9569951353751, 105.84504466618"
42129715,05/03/2025,"(Giá rẻ) Bán gấp căn 2N/2WC tại EcoLake, tầng cao, view đẹp, Full NT, sổ hồng chính chủ, Giá 4.4 tỷ","4,4 tỷ",75 m²,"58,67 tr/m²",2,2,"Đại Kim, Hoàng Mai","20.972532373320842, 105.83815697874012"
42129370,05/03/2025,"(Thiện chí) Bán căn hộ góc 3PN/2WC, Giá 6.3x tỷ, DT 105m2, Full NT, Tầng cao, Sổ hồng, Hướng mát","6,35 tỷ",105 m²,"60,48 tr/m²",3,2,"Đại Kim, Hoàng Mai","20.97305593247761, 105.83824932720478"
42129468,05/03/2025,"(New) Bán gấp căn 2N/2WC, Giá siêu tốt 4.75 tỷ, Tầng trung, Hướng mát, Full NT, Sổ hồng cầm tay","4,75 tỷ",81 m²,"58,64 tr/m²",2,2,"Đại Kim, Hoàng Mai","20.972894741924677, 105.83770758225027"
42129559,05/03/2025,"(Cần gấp) Bán căn góc 3PN/2WC, DT 95m2, Giá 6 tỷ, Tầng vừa, View thoáng, Full NT, Sổ cầm tay",6 tỷ,95 m²,"63,16 tr/m²",3,2,"Đại Kim, Hoàng Mai","20.973286064391928, 105.83845362636644"
41755894,05/03/2025,"(Gấp) Thiện chí bán căn 2N/2WC, DT 71m2, giá 4.45 tỷ bao phí, full NT, tầng trung, xem nhà 24/24","4,45 tỷ",71 m²,"62,68 tr/m²",2,2,"Hoàng Liệt, Hoàng Mai","20.956588745117188, 105.84488677978516"
41924537,05/03/2025,"Thiện chí bán căn 2N/2WC mới bàn giao, DT 79m2, Giá 5 tỷ,Full NT, tầng cao, view đẹp, hướng mát",5 tỷ,79 m²,"63,29 tr/m²",2,2,"Hoàng Liệt, Hoàng Mai","20.9560262561592, 105.844802724493"
41924468,05/03/2025,"(Mới) Bán căn 3PN góc hoa hậu tòa lâu dài, DT 95m2, tầng trung, view thoáng, full NT, giá 5.8 tỷ","5,8 tỷ",95 m²,"61,05 tr/m²",3,2,"Hoàng Liệt, Hoàng Mai","20.956483707886118, 105.84500057093017"
42336425,05/03/2025,"Chính chủ bán căn 2 ngủ 77m2 tòa N04 Melody Linh Đàm view Đông Nam tầng đẹp giá chỉ 4,3 tỷ","4,4 tỷ",77 m²,"57,14 tr/m²",N/A,N/A,"Hoàng Liệt, Hoàng Mai","20.95858591629225, 105.82640131859391"
42336374,05/03/2025,"Chính chủ bán nhanh căn hộ tầng trung 79,5m2 3 ngủ ở OCT2 HUD xây dựng sổ chính chủ view hồ mát mẻ","4,15 tỷ","79,5 m²","52,2 tr/m²",3,2,"Đại Kim, Hoàng Mai","20.971025827812294, 105.82741210659607"
39870982,05/03/2025,Bán căn hộ 1 phòng ngủ The Zen Gamuda 54m2 view thoáng mát hoàn thiện cơ bản 0948 857 ***,"3,95 tỷ",54 m²,"73,15 tr/m²",1,N/A,"Yên Sở, Hoàng Mai","20.9717617034912, 105.878929138184"
42336369,05/03/2025,Chính chủ cần bán nhanh căn góc VIP 3 ngủ toà DV3 đầy đủ đồ cao cấp. Giá rẻ. 0363 627 ***,"5,8 tỷ",93 m²,"62,37 tr/m²",3,2,"Hoàng Liệt, Hoàng Mai","20.956862041993183, 105.8446157051332"
42336342,05/03/2025,"Chỉ hơn 4 tỷ sở hữu ngay căn hộ cao cấp tại Golden Heart, Vinaconex 2, 75m2 2PN 2VS, full nội thất.","4,5 tỷ",75 m²,60 tr/m²,2,2,"Đại Kim, Hoàng Mai","20.973303478097012, 105.8206605117985"
42336594,05/03/2025,Bán căn hộ chung cư HH 3C Linh Đàm 46m 2 ngủ 1VS giá 2ty990 tầng trung full nội thất LH em,"1,99 tỷ",46 m²,"43,26 tr/m²",2,1,"Hoàng Liệt, Hoàng Mai","20.963315651367, 105.82812230538565"
42333746,05/03/2025,"Bán chung cư 3PN tòa Zen KĐT Gamuda, Hoàng Mai, Hà Nội","7,1 tỷ",93 m²,"76,34 tr/m²",3,2,"Trần Phú, Hoàng Mai","20.97150162098894, 105.87982404687648"
41797637,05/03/2025,Bán căn tầng trung tại OCT2 Bắc Linh Đàm DT: 80m2 full đồ. 3PN 2WC. Ban công thoáng,"4,15 tỷ",90 m²,"46,11 tr/m²",3,2,"Hoàng Liệt, Hoàng Mai","20.9639195561502, 105.824803128482"
42309284,05/03/2025,Bán căn hộ HUD3 Tây Nam Linh Đàm( tòa đối diện HH1A) 58m2 giá siêu hót,"3,8 tỷ",58 m²,"65,52 tr/m²",2,2,"Hoàng Liệt, Hoàng Mai","20.961364817238, 105.835508033862"
40889949,05/03/2025,"Chính chủ bán căn 72m2, 2PN chung cư CT4 Bắc Linh Đàm, Hà Nội giá , chủ nhà thiện chí",Giá thỏa thuận,72 m²,N/A,2,2,"Hoàng Liệt, Hoàng Mai","20.97145652771, 105.828170776367"
39434129,05/03/2025,"Duy nhất 1 căn HH1 Linh Đàm: 70m2, 2PN, 2WC - Tầng đẹp",Giá thỏa thuận,70 m²,N/A,2,2,"Hoàng Liệt, Hoàng Mai","20.9647350311279, 105.826362609863"
42302136,05/03/2025,"Bán Căn hộ chung cư Gelexia Riverside, 4,65 tỷ, 68m2, 2PN, 2WC, Chính chủ Hot!","4,65 tỷ",68 m²,"68,38 tr/m²",2,2,"Yên Sở, Hoàng Mai","20.972445378990006, 105.86574403946774"
38275840,05/03/2025,"Chính chủ bán căn tầng trung HH4B Linh Đàm, 62m2 2 ngủ 2 vệ sinh /LH: 0358 040 ***",Giá thỏa thuận,62 m²,N/A,2,2,"Hoàng Liệt, Hoàng Mai","20.9633140563965, 105.826736450195"
42302050,05/03/2025,"Bán CC tòa N1 Đông Tàu Thịnh Liệt, 3,6 tỷ, 54 m2, 2PN + 1 WC. Liên hệ: 0917 208 ***","3,6 tỷ",54 m²,"66,67 tr/m²",2,1,"Thịnh Liệt, Hoàng Mai","20.9766659895546, 105.847259405961"
42290279,05/03/2025,"Bán CC Vật Tu Du Lịch đẹp, 4,4 tỷ, 75m2 tại Trần Thủ Độ, Hoàng Liệt, Hoàng Mai, Hà Nội","4,4 tỷ",75 m²,"58,67 tr/m²",2,2,"Hoàng Liệt, Hoàng Mai","20.9581260709902, 105.8466513978"
42335982,05/03/2025,Chính chủ bán căn hoa hậu An Bình Định Kim Hoàng Mai 3 ngủ LH 0929 656 ***,"8,3 tỷ",113 m²,"73,45 tr/m²",3,2,"Định Công, Hoàng Mai","20.982941214297643, 105.83242893716877"
42335978,05/03/2025,"Bán CC 2PN, 2WC giá tốt tại Lĩnh Nam, 5,1 tỷ, 80m2, Hoàng Mai, Hà Nội. LH: 0917 208 ***","5,1 tỷ",80 m²,"63,75 tr/m²",2,2,"Mai Động, Hoàng Mai","20.98974167129608, 105.86669191699178"
42208911,05/03/2025,Bán chung cư 885 Tam trinh - Hoàng Mai tầng trung hiếm có 2 ngủ vị trí đắc địa đường Tam Trinh,"4,8 tỷ",80 m²,60 tr/m²,2,2,"Yên Sở, Hoàng Mai","20.973701861753206, 105.86608784662174"
42335752,05/03/2025,"Bán căn hộ V5 Linh Đàm 2PN, 2WC - full nội thất ở ngay - giá cực yêu!",Giá thỏa thuận,"58,3 m²",N/A,2,2,"Hoàng Liệt, Hoàng Mai","20.9643038957329, 105.832119314536"
39755826,05/03/2025,"Bán CHCC 85m2 2PN giá 5,5tỷ phố Minh Khai cạnh time city Sunshine Palace, E. Minh Anh 0944 394 ***","5,5 tỷ",85 m²,"64,71 tr/m²",2,2,"Mai Động, Hoàng Mai","20.9901828765869, 105.868659973145"
42235507,05/03/2025,"Bán căn hộ 3PN DT 90.7 m2 tòa An Bình 1 Vip nhất KĐT Định Công, sẵn sổ đỏ!",Giá thỏa thuận,"90,7 m²",N/A,3,2,"Định Công, Hoàng Mai","20.982895608120874, 105.83171575074074"
42335708,05/03/2025,Cần bán gấp căn hộ Osaka Complex 71 m2 2 PN 2 VS LH: 0929 656 ***,"3,85 tỷ",71 m²,"54,22 tr/m²",2,2,"Hoàng Liệt, Hoàng Mai","20.958950916065696, 105.8380733236293"
41722906,05/03/2025,"Cần bán gấp căn hộ diện tích 65,1m2, 2PN, 2WC CT12A Kim Văn Kim Lũ - Hoàng Mai - Hà Nội","2,89 tỷ","65,1 m²","44,39 tr/m²",2,2,"Đại Kim, Hoàng Mai","20.9732913970947, 105.820007324219"
42335694,05/03/2025,Chính chủ cần bán căn hoa hậu X2 Đại Kim siêu đẹp 0929 656 ***,Giá thỏa thuận,86 m²,N/A,3,2,"Đại Kim, Hoàng Mai","20.9765913945301, 105.82619122883922"
42335679,05/03/2025,Chính chủ bán chung cư căn hộ Rice City toà Nam Linh Đàm LH; 0929 656 ***,Giá thỏa thuận,70 m²,N/A,3,2,"Hoàng Liệt, Hoàng Mai","20.96383781658881, 105.8224526069515"
41979342,05/03/2025,"Chính chủ bán trước tết căn hộ 77m2 tầng 12 3PN, 2VS nhận nhà đón tết tại X2 Đại Kim",Giá thỏa thuận,77 m²,N/A,3,2,"Đại Kim, Hoàng Mai","20.976720543756237, 105.82500574301429"
42331032,05/03/2025,Tài chính hơn 3tỷ sở hữu căn 76m chung cư HH Linh Đàm! Giá quá rẻ,Giá thỏa thuận,76 m²,N/A,3,2,"Hoàng Liệt, Hoàng Mai","20.96401345763152, 105.8270996042097"
42335418,05/03/2025,"Gia đình cần bán CHCC New Horizon - 87 Lĩnh Nam. DT 80m2 chia 2 ngủ. Giá 5, xxtỷ","5,1 tỷ",80 m²,"63,75 tr/m²",2,2,"Mai Động, Hoàng Mai","20.989073551267538, 105.8667231517571"
42335417,05/03/2025,Bán 3 ngủ 76m nhà ở xã hội chung cư HH Linh đàm giá rẻ nhất thị trg,"2,85 tỷ",76 m²,"37,5 tr/m²",N/A,N/A,"Hoàng Liệt, Hoàng Mai","20.964028002668773, 105.82757317721398"
42333081,05/03/2025,Cần tiền gấp bán căn 2 ngủ nhà ở xã hội HH Linh đàm giá 2.x tỷ LH 0967 070 ***,"2,28 tỷ",63 m²,"36,19 tr/m²",2,2,"Hoàng Liệt, Hoàng Mai","20.962951527272995, 105.82851492075007"
42334265,05/03/2025,Bán căn hộ 78m2 toà The Two chung cư Gamuda - Trần Phú - Hoàng Mai,"5,65 tỷ",78 m²,"72,44 tr/m²",2,2,"Trần Phú, Hoàng Mai","20.970362220812547, 105.87836687901046"
42311672,05/03/2025,Bán gấp căn hộ 2 ngủ-75m2 Vinaconex2-Đây đủ nội thất-View trường ngôi sao-Sổ đỏ-Giá tốt nhất,"4,5 tỷ",75 m²,60 tr/m²,2,2,"Đại Kim, Hoàng Mai","20.973057611959117, 105.81923344432518"
42334164,05/03/2025,"Bán căn hộ CT3A X2 Tây Nam Linh Đàm, 2 ngủ 2WC, 69m2 giá 3.750tỷ","3,75 tỷ",69 m²,"54,35 tr/m²",2,2,"Hoàng Liệt, Hoàng Mai","20.9649167819202, 105.825974887551"
42274023,05/03/2025,"Bán gấp căn hộ chung cư osaka complex Ngọc Hồi, Hoàng Liệt, Hoàng Mai, Hà Nội.",Giá thỏa thuận,"75,6 m²",N/A,2,2,"Hoàng Liệt, Hoàng Mai","20.9588221707868, 105.838587024965"
42334632,05/03/2025,"Bán CC 2PN, 2WC toà CT3 Tây Nam Linh Đàm, 3,77 tỷ, 69m2, sổ đỏ LH 0978 331 ***","3,77 tỷ",69 m²,"54,64 tr/m²",2,2,"Hoàng Liệt, Hoàng Mai","20.964845964180075, 105.82518810752543"
42335352,05/03/2025,"Bán chung cư Đền Lừ 60m2, 2 PN, giá 3,2 tỷ, giá đầu tư, Liên hệ 0936 358 ***","3,2 tỷ",60 m²,"53,33 tr/m²",2,N/A,"Hoàng Văn Thụ, Hoàng Mai","20.9845053523565, 105.859023060285"
38936045,05/03/2025,Bán CHCC Hateco Hoàng Mai. DT 86m2 3PN 2WC ban công cực thoáng. View cv Yên Sở,"4,35 tỷ",86 m²,"50,58 tr/m²",3,2,"Yên Sở, Hoàng Mai","20.9627342224121, 105.86434173584"
42335238,05/03/2025,"Bán chung cư Vĩnh Hoàng 431 Tam Trinh, giá 2,98 tỷ, 58m2, 2 phòng ngủ, gần chợ đầu mối","2,98 tỷ",58 m²,"51,38 tr/m²",2,N/A,"Hoàng Văn Thụ, Hoàng Mai","20.9847466449316, 105.86581802149"
42335177,05/03/2025,"Bán chung cư Đồng Phát ngay 431 Tam Trinh, giá 3,75 tỷ, 68m2, 2pn, 2vs, tặng nội thất","3,75 tỷ",68 m²,"55,15 tr/m²",2,2,"Vĩnh Hưng, Hoàng Mai","20.980275828661366, 105.87477515431974"
42335104,05/03/2025,"Bán chung cư @Homes 987 Tam Trinh, 65m2, 2pn, 2vs, giá 3,5 tỷ tặng nội thất đẹp","3,5 tỷ",65 m²,"53,85 tr/m²",2,2,"Yên Sở, Hoàng Mai","20.9801215221848, 105.86465593323"
42335038,05/03/2025,"Bán CC Gelexia 885 Tam Trinh, 68m2, 2pn 2vs, giá 3,8 tỷ. Căn hộ thoáng sáng vị trí đẹp","3,8 tỷ",68 m²,"55,88 tr/m²",2,2,"Yên Sở, Hoàng Mai","20.97256390275096, 105.86587702052438"
42334664,05/03/2025,"Chỉ cần 1 tỷ sở hữu ngay căn hộ 2 ngủ ngay tại Đại Kim, Hoàng Mai, đến 70 mét vuông","2,6 tỷ",70 m²,"37,14 tr/m²",2,1,"Đại Kim, Hoàng Mai","20.973292917721427, 105.81978113671525"
42334647,05/03/2025,"Căn hộ 2PN tại VP5 Linh Đàm, 3,72 tỷ, 61m2, view đẹp, mát , sổ đỏ Lh 0978 331 ***","3,72 tỷ",61 m²,"60,98 tr/m²",2,2,"Hoàng Liệt, Hoàng Mai","20.964347987629562, 105.83200872734903"
42181155,04/03/2025,bán căn hộ chung cư tòa CT2 Bắc Linh Đàm - 67m2 - 3 Ngủ - Full đồ mới,"3,6 tỷ",67 m²,"53,73 tr/m²",3,1,"Đại Kim, Hoàng Mai","20.9723694474985, 105.81991014132"
42334602,04/03/2025,"Bán CC view đẹp tại 87 Lĩnh Nam, 4,75 tỷ, 88m2, 3PN, 2WC, Q. Hoàng Mai, HN","4,75 tỷ",88 m²,"53,98 tr/m²",3,2,"Mai Động, Hoàng Mai","20.989538601240426, 105.86604707402678"
42334583,04/03/2025,"Bán căn hộ CC Đền Lừ II, 4,3 tỷ, 74m2, 3PN, 2WC, giá ưu đãi tại Hoàng Văn Thụ, Hoàng Mai, HN","4,3 tỷ",74 m²,"58,11 tr/m²",3,2,"Hoàng Văn Thụ, Hoàng Mai","20.9855446983648, 105.859283156667"
42334564,04/03/2025,"Bán căn hộ chung cư đẹp tại Smile Building, 5,5 tỷ, 75m2, 2PN + 2WC. LH 0989 388 ***","5,5 tỷ",75 m²,"73,33 tr/m²",2,2,"Đại Kim, Hoàng Mai","20.977954439301932, 105.83702132734987"
40811604,04/03/2025,Bán căn hộ 77m2 tầng trung 3PN 2vs.hỗ trợ ngân hàng. Sang tên HĐMB,Giá thỏa thuận,77 m²,N/A,3,2,"Đại Kim, Hoàng Mai","20.9740505454057, 105.821248793703"
41482377,04/03/2025,Chính chủ đầu tư bán suất ngoại giao tòa chung cư X2 Đại Kim được chọn căn tầng khi mua,Giá thỏa thuận,86 m²,N/A,2,N/A,"Đại Kim, Hoàng Mai","20.97642707824707, 105.82543182373047"
41857442,04/03/2025,Cần tiền bán gấp căn hộ chung cư KĐT Định Công 59m2 2 ngủ giá 3.15 tỷ có thương lượng,"3,15 tỷ",59 m²,"53,39 tr/m²",2,N/A,"Định Công, Hoàng Mai","20.985398122834823, 105.83322504459228"
42334427,04/03/2025,"Chính chủ - bán chung cư A1 Lĩnh Nam - Minh Khai - Hoàng Mai, nội thất đầy đủ, sổ hồng vĩnh viễn",860 triệu,38 m²,"22,63 tr/m²",1,1,"Lĩnh Nam, Hoàng Mai","20.9822504696992, 105.879783591662"
42334416,04/03/2025,"Chung cư 2 ngủ + tặng full nội thất sáng choang, gần hồ, tiện ích","4,35 tỷ",67 m²,"64,92 tr/m²",2,2,"Hoàng Liệt, Hoàng Mai","20.9637345831335, 105.82241948402455"
42030690,04/03/2025,"Chính chủ cần bán căn 3pn Nơ Pháp Vân. Sổ đỏ sẵn sàng, cần hơn 2 tỷ nhận nhà ở ngay.",Giá thỏa thuận,88 m²,N/A,3,2,"Hoàng Liệt, Hoàng Mai","20.956604045841402, 105.8457493340044"
42288286,04/03/2025,chính chủ cần bán nhanh căn 2PN chung cư Athena Pháp Vân. Nhận nhà ở luôn. Giá nhỉnh 3 tỷ,"3,35 tỷ",67 m²,50 tr/m²,2,2,"Hoàng Liệt, Hoàng Mai","20.955590701532962, 105.8441623672843"
42334369,04/03/2025,"Bán gấp chung cư Bắc Linh Đàm, 67m2, 3 ngủ 2 wc, full đồ ở ngay, chỉ 3,5 tỷ","3,5 tỷ",67 m²,"52,24 tr/m²",3,2,"Đại Kim, Hoàng Mai","20.9716631029029, 105.827473693833"
42334253,04/03/2025,"Bán căn tòa CT1 @Home, 987 Tam Trinh, Hoàng Mai, DT 70m2, 3 ngủ, 2 WC, giá 4,5tỷ. 0983 873 ***","4,5 tỷ",70 m²,"64,29 tr/m²",3,2,"Yên Sở, Hoàng Mai","20.9799327850342, 105.864631652832"
42333996,04/03/2025,Chính Chủ căn hộ Osaka Complex Ngọc Hồi Hoàng Mai liên hệ: 0929 656 ***,"4,2 tỷ","75,06 m²","55,96 tr/m²",2,2,"Hoàng Liệt, Hoàng Mai","20.958733642379194, 105.83819269811528"
42333972,04/03/2025,Chính chủ bán căn hoa hậu An Bình Định Kim Hoàng Mai 3 ngủ LH 0929 656 ***,"8,3 tỷ",113 m²,"73,45 tr/m²",3,2,"Định Công, Hoàng Mai","20.9834326551276, 105.83193736007605"
42333881,04/03/2025,Cần bán gấp căn hộ Osaka Complex 71 m2 2 PN 2 VS LH: 0929 656 ***,"3,85 tỷ",71 m²,"54,22 tr/m²",2,2,"Hoàng Liệt, Hoàng Mai","20.95887281824286, 105.83813894138578"
42333854,04/03/2025,Chính chủ cần bán căn hoa hậu X2 Đại Kim siêu đẹp 0929 656 ***,Giá thỏa thuận,86 m²,N/A,3,2,"Đại Kim, Hoàng Mai","20.975779824443773, 105.8254628243736"
42333824,04/03/2025,Chính chủ bán chung cư căn hộ Rice City toà Nam Linh Đàm LH 0929 656 ***,Giá thỏa thuận,70 m²,N/A,3,2,"Hoàng Liệt, Hoàng Mai","20.963286845456835, 105.82205228046536"
42333702,04/03/2025,"Bán Căn Hộ CT8 Khu Đô Thị Định Công. DT 73m2. 3 NGỦ, Giá 3.8 Tỷ.","3,8 tỷ",73 m²,"52,06 tr/m²",3,2,"Định Công, Hoàng Mai","20.98559029559905, 105.8325576618088"
42333603,04/03/2025,"Chỉ 3.15 tỷ có ngay căn hộ 56m2 2PN - Nơ 14A Định Công, Hoàng Mai, HN. Nhà đẹp, SĐCC full nội thất","3,15 tỷ",56 m²,"56,25 tr/m²",2,1,"Định Công, Hoàng Mai","20.985434614733663, 105.8328574460776"
42202939,04/03/2025,"Bán chung cư 1PN tòa Zen KĐT Gamuda Gardens, Hoàng Mai, Hà Nội",4 tỷ,54 m²,"74,07 tr/m²",1,1,"Yên Sở, Hoàng Mai","20.9707043066672, 105.871164310331"
40059189,04/03/2025,"Chính chủ bán căn 2PN - 2WC 67m2 toà Zen Feliz Homes, cực thoáng full nội thất, view đẹp giá 4.5 tỷ","4,5 tỷ",67 m²,"67,16 tr/m²",2,2,"Hoàng Văn Thụ, Hoàng Mai","20.9848365783691, 105.859855651855"
37748609,04/03/2025,"Chị gái mình cần bán gấp căn 2PN 81m2 - Full nội thất làm rất đẹp, tầng trung, ban công hướng mát","5,38 tỷ",81 m²,"66,42 tr/m²",2,2,"Hoàng Văn Thụ, Hoàng Mai","20.9848365783691, 105.859855651855"
42333521,04/03/2025,"Chỉ 3.3x tỷ có ngay căn 3PN, CT2 Bắc Linh Đàm, Hoàng Mai. Hà Nội. Nhà đẹp sổ đỏ cc, full nội thất","3,39 tỷ",69 m²,"49,13 tr/m²",3,2,"Hoàng Liệt, Hoàng Mai","20.97161066662066, 105.82835903492156"
42280171,04/03/2025,"Tập thể Giải Phóng, tầng 2, 96m2, căn góc, 3 phòng ngủ, 2 ban công, nhỉnh 3 tỷ","3,65 tỷ",96 m²,"38,02 tr/m²",3,2,"Giáp Bát, Hoàng Mai","20.9836988993482, 105.841036821293"
42276059,04/03/2025,"Bán căn góc hoa hậu 07A, chung cư Helios 75 Tam Trinh, HM, HN. Lh: 0848 123 ***",Giá thỏa thuận,"71,8 m²",N/A,2,2,"Mai Động, Hoàng Mai","20.994453469110113, 105.86301415244667"
39533074,04/03/2025,"Chính chủ bán căn hoa hậu 2PN 2WC 90m2 Sunshine Palace phố Lĩnh Nam, 6tỷ có sổ đỏ 0812 395 ***",6 tỷ,90 m²,"66,67 tr/m²",2,2,"Mai Động, Hoàng Mai","20.9901828765869, 105.868659973145"
37901517,04/03/2025,Bán CHCC căn thương mại @Homes 987 Tam Trinh DT 70m2 2PN 2WC. Ban công view cực thoáng đẹp,"4,1 tỷ",70 m²,"58,57 tr/m²",2,2,"Yên Sở, Hoàng Mai","20.9800346686255, 105.863685361786"
37911226,04/03/2025,Bán CHCC T&T Riverview 440 Vĩnh Hưng DT 75m2 có 2PN 2WC view cực thoáng đẹp,"4,7 tỷ",75 m²,"62,67 tr/m²",2,2,"Vĩnh Hưng, Hoàng Mai","20.9989376068115, 105.880195617676"
42277659,04/03/2025,"Bán căn hộ VP6 Linh Đàm - view hồ đẹp, nhà vuông đẹp, 2PN, 2WC. 65m2 chỉ 2.73 tỷ","2,73 tỷ",65 m²,42 tr/m²,2,2,"Thịnh Liệt, Hoàng Mai","20.966422299028626, 105.83294791544623"
42332944,04/03/2025,"Bán căn hộ toà Zen Tower CC Feliz Home. DT 115m2 3ngủ 2wc. Full nội thất, giá 8,5 tỷ. LH 0983 873 ***","8,5 tỷ",115 m²,"73,91 tr/m²",3,2,"Hoàng Văn Thụ, Hoàng Mai","20.984818125991882, 105.85987810605104"
42282263,04/03/2025,"Chủ nhà nhà cần bán gấp căn hộ 69m2 thiết kế 2PN, 2WC tầng trung nhà nội thất cao cấp chung Bea Sky","4,5 tỷ",69 m²,"65,22 tr/m²",2,2,"Đại Kim, Hoàng Mai","20.974562393121982, 105.82118784117513"
42281330,04/03/2025,Bán căn hộ tòa B Vinaconex 2 - Cụm Thông Tấn Xã KVKL - 83m2 căn góc - giá chỉ 5.28 tỷ,"5,28 tỷ",83 m²,"63,61 tr/m²",3,2,"Đại Kim, Hoàng Mai","20.975698385759376, 105.81418593954388"
42271128,04/03/2025,"Bán gấp căn hộ 3PN, 2WC, 100m2 tại KĐT Linh Đàm, giá ưu đãi 5,1 tỷ","5,1 tỷ",100 m²,51 tr/m²,3,2,"Đại Kim, Hoàng Mai","20.972101969982234, 105.82769259294432"
42332867,04/03/2025,Chính chủ cắt lỗ bán căn 2 ngủ 85m giá chuẩn 5 tỷ 4 rẻ nhất thị trường -Liên hệ 24/24:0354 864 ***,"5,4 tỷ",85 m²,"63,53 tr/m²",2,2,"Mai Động, Hoàng Mai","20.990180586274846, 105.86870761752472"
42330561,04/03/2025,Bán căn góc 3 phòng ngủ tòa CT3C X2 Linh Đàm đầy đủ nội thất giá 4.8x tỷ bao tên,"4,86 tỷ",83 m²,"58,55 tr/m²",3,2,"Đại Kim, Hoàng Mai","20.97185559695892, 105.82878046200862"
42332795,04/03/2025,Chính chủ bán căn hộ 3 phòng ngủ toà HH2 giá 3 tỷ 190,"3,19 tỷ",77 m²,"41,43 tr/m²",3,2,"Hoàng Liệt, Hoàng Mai","20.96455848559538, 105.8271859554898"
42332664,04/03/2025,"Bán CH 2PN, 2WC, VP6 Linh Đàm, 3 tỷ VND, 66m2, Hoàng Mai, Hà Nội",3 tỷ,66 m²,"45,46 tr/m²",2,2,"Thịnh Liệt, Hoàng Mai","20.967313474098003, 105.83228924667598"
42327372,04/03/2025,Cần bán căn hộ 2PN - diện tích 68m2 - Bea Sky - Phạm Tu - Hoàng Mai - LH 0886 896 ***,"4,6 tỷ",68 m²,"67,65 tr/m²",2,2,"Đại Kim, Hoàng Mai","20.9740278210015, 105.82177287061"
42332628,04/03/2025,Bán CHCC Feliz Homes - Hoàng Mai toà Zen Tower căn góc. DT 129m2 3PN 2WC,"8,5 tỷ",129 m²,"65,89 tr/m²",3,2,"Hoàng Văn Thụ, Hoàng Mai","20.9853956437088, 105.86049382192"
41468982,04/03/2025,"Bán gấp căn hộ 2N 85m2 tại Sunshine Palace, cao cấp hiện đại. Giá 5 tỷ 3 thương lượng sâu!","5,3 tỷ",85 m²,"62,35 tr/m²",2,2,"Mai Động, Hoàng Mai","20.990182876586914, 105.86865997314453"
42331729,04/03/2025,"Bán gấp căn hộ 2PN tại CT3 X2 Linh Đàm, 3,6 tỷ, 70m2","3,6 tỷ",70 m²,"51,43 tr/m²",2,1,"Hoàng Liệt, Hoàng Mai","20.9653134324182, 105.825757667544"
42169092,04/03/2025,"Nhà đẹp HH Linh Đàm căn 46m2 đã chia 2 ngủ giá chỉ 1,7 tỷ nhà full nội thất (ảnh thật căn hộ)","1,7 tỷ",46 m²,"36,96 tr/m²",2,1,"Hoàng Liệt, Hoàng Mai","20.964866751756492, 105.82643594323281"
42331287,04/03/2025,"Bán căn hộ 95m2 Bắc Linh Đàm giá cực chất 4,9 tỷ. Căn góc, 3PN, nhà đẹp full tiện ích","4,9 tỷ",95 m²,"51,58 tr/m²",3,2,"Đại Kim, Hoàng Mai","20.971338006300176, 105.82851925607676"
41414067,04/03/2025,"Bán căn hộ đẹp tại Rice City Linh Đàm - giá tốt nhất chỉ 3,5 tỷ - 62,5m2","3,5 tỷ","62,5 m²",56 tr/m²,2,2,"Hoàng Liệt, Hoàng Mai","20.963834762573242, 105.82245635986328"
41960277,04/03/2025,"Chính chủ cần bán CH TT tầng 4 đường Lương Khánh Thiện DT 65m2 giá 2,8 tỷ","2,8 tỷ",65 m²,"43,08 tr/m²",2,2,"Tân Mai, Hoàng Mai","20.9857436698929, 105.850623671974"
42331135,04/03/2025,"Bán CC tại Đại Kim, 3,55 tỷ, 65m2, 2PN, pháp lý đầy đủ","3,55 tỷ",65 m²,"54,62 tr/m²",2,N/A,"Đại Kim, Hoàng Mai","20.9749251355066, 105.823685591126"
42331228,04/03/2025,"Cần bán gấp căn hộ chung cư Hoàng Dương 83 Ngọc Hồi Hoàng Mai, 82m2, 3 PN, đủ đồ 3.05 tỷ","3,05 tỷ",82 m²,"37,2 tr/m²",3,2,"Đại Kim, Hoàng Mai","20.957063926979245, 105.84231487263162"
38830628,04/03/2025,"Bán CHCC Đồng Phát Park View - Hoàng Mai. DT: 62,5m2. 2PN 2WC. Giá: 3,8 tỷ. Lh: E Huỳnh 0964 835 ***","3,8 tỷ","62,5 m²","60,8 tr/m²",2,2,"Vĩnh Hưng, Hoàng Mai","20.980098724365234, 105.87424468994141"
39268771,04/03/2025,"Bán CHCC Gelexia 885 Tam Trinh - Hoàng Mai. DT: 67m2 2PN + 2WC. Giá: 4,3 tỷ. Lh: 0964 835 ***","4,3 tỷ",67 m²,"64,18 tr/m²",2,2,"Yên Sở, Hoàng Mai","20.9729385375977, 105.866355895996"
41755436,04/03/2025,"Bán CHCC Osaka Complex 48 Ngọc Hồi - Hoàng Mai. DT: 70.9m2. 2PN + 2WC. Giá: 3,85 tỷ. LH: 0964 835 ***","3,85 tỷ","70,9 m²","54,3 tr/m²",2,2,"Hoàng Liệt, Hoàng Mai","20.958904266357422, 105.83818054199219"
42330282,04/03/2025,"Bán căn hộ 2PN, 2WC, 46m2 VP5 Linh Đàm, view đẹp, Hoàng Mai, Hà Nội, giá 2,26 tỷ","2,26 tỷ",46 m²,"49,13 tr/m²",2,2,"Hoàng Liệt, Hoàng Mai","20.9637166608261, 105.831641226666"
42330787,04/03/2025,"Bán căn hộ 2PN, 2WC, 78m2 tại The Two Residence, Trần Phú, Hoàng Mai, Hà Nội, 5,3 tỷ","5,3 tỷ",78 m²,"67,95 tr/m²",2,2,"Trần Phú, Hoàng Mai","20.970428579417558, 105.87774236482483"
42271111,04/03/2025,Bán căn chung cư Lidaco - Vinaconex 7 Đại Từ DT 123.6m2 gồm 3 ngủ 2 wc giá 6.7 tỷ LH 0983 873 ***,"6,7 tỷ","123,6 m²","54,21 tr/m²",3,2,"Đại Kim, Hoàng Mai","20.97224777572052, 105.83884900426497"
42330655,04/03/2025,"Chuyển công tác cần bán CH tại KĐT Pháp Vân, 68m2 2 ngủ 2WC, full nội thất giá hơn 3 tỷ","3,68 tỷ",68 m²,"54,12 tr/m²",2,2,"Hoàng Liệt, Hoàng Mai","20.9560331510538, 105.845105455264"
42308206,04/03/2025,"HUD tây nam linh đàm sổ đỏ chính chủ
2 ngủ ful nội thất tầng trung giá 2ty6x
LH e trọng","2,65 tỷ",40 m²,"66,25 tr/m²",2,1,"Hoàng Liệt, Hoàng Mai","20.965476425325097, 105.8253747410141"
42214887,04/03/2025,"Bán Chung cư cao cấp Nguyễn Đức Cảnh, Hoàng Mai - Tầng cao, gần hồ - 131m2 - 3PN - 6.39 tỷ","6,39 tỷ",131 m²,"48,78 tr/m²",3,2,"Tương Mai, Hoàng Mai","20.98807411370326, 105.85200795226679"
42330662,04/03/2025,Bán căn hộ VP6 - 75 m2 3 ngủ 2 vs giá 3tỷ150 toà nhà nằm ngay giữa lòng hồ không khí trong lành,"3,15 tỷ",75 m²,42 tr/m²,3,2,"Thịnh Liệt, Hoàng Mai","20.967020370617448, 105.83339449946963"
42330591,04/03/2025,Chính chủ bán căn hộ chung cư Helios 79 m2 2 ngủ full nội thất. Lh: 0335 363 ***,"5,1 tỷ",79 m²,"64,56 tr/m²",2,2,"Mai Động, Hoàng Mai","20.994329070723623, 105.86308092022173"
42169549,04/03/2025,Cần bán căn 3 phòng ngủ tòa C chung cư T&T - 440 Vĩnh Hưng. Nội thất còn rất mới và,"5,2 tỷ",90 m²,"57,78 tr/m²",3,2,"Vĩnh Hưng, Hoàng Mai","20.998920616755026, 105.87988913088112"
42329876,04/03/2025,"Chính chủ bán nhanh HH2 view hồ Linh Đàm, 68m2, 2 phòng ngủ, 2 wc, 2.xxtỷ, HĐMB - Tầng cao",Giá thỏa thuận,68 m²,N/A,2,2,"Hoàng Liệt, Hoàng Mai","20.964410845232187, 105.82779719179278"
42330422,04/03/2025,"Bán chung cư toà A3, 151 Nguyễn Đức Cảnh, Hoàng Mai. Diện tích 83.6m2, 3PN, 2 WC. LH: 0917 208 ***","4,75 tỷ","83,6 m²","56,82 tr/m²",3,2,"Tương Mai, Hoàng Mai","20.986777552989746, 105.85181174696619"
41809257,04/03/2025,"Bán gấp căn hộ 3PN, 2WC, 90m2 full nội thất tại Rainbow Linh Đàm",Giá thỏa thuận,90 m²,N/A,3,2,"Hoàng Liệt, Hoàng Mai","20.963926033844785, 105.82457362396198"
42124059,04/03/2025,Tôi cần bán căn 2 phòng ngủ 68m2 chung cư KĐT Pháp Vân - Hoàng Mai giá 3.x tỷ,"3,65 tỷ",68 m²,"53,68 tr/m²",2,2,"Hoàng Liệt, Hoàng Mai","20.956550119653, 105.845219722509"
42084480,04/03/2025,Chính chủ cần chuyển nhượng căn góc 3 ngủ 2wc Nơ 7 bán đảo Linh Đàm đủ nội thất giá hơn 4 tỷ,Giá thỏa thuận,74 m²,N/A,3,2,"Đại Kim, Hoàng Mai","20.97209825148809, 105.82789534744154"
42330030,04/03/2025,Bán nhanh chung cư 77 m căn góc 3 ngủ 2 vệ sinh tại HH Linh Đàm,"3,08 tỷ",77 m²,40 tr/m²,3,2,"Hoàng Liệt, Hoàng Mai","20.963972439548275, 105.82750134668535"
42329966,04/03/2025,Bán căn hộ tại tòa Vật Tư Du Lịch(South Tower) số 8 Trần Thủ Độ,"4,6 tỷ",83 m²,"55,42 tr/m²",3,2,"Hoàng Liệt, Hoàng Mai","20.96254894510383, 105.84524288242397"
41880102,04/03/2025,Chính chủ cần chuyển nhượng căn hộ 06 HH2 đẹp nhất - 03PN ban công thoáng mát - Eco Lake View,8 tỷ,110 m²,"72,73 tr/m²",3,2,"Đại Kim, Hoàng Mai","20.9731101714484, 105.838898765239"
41443823,04/03/2025,"Chính chủ bán căn 70m2 Bea Sky 2N2W giá 4,6 tỷ. Sẵn sổ, full nội thất. LH 0962 347 ***","4,6 tỷ",70 m²,"65,71 tr/m²",2,2,"Đại Kim, Hoàng Mai","20.9739685058594, 105.82169342041"
42311015,04/03/2025,"Bán CHCC Gelexia 885 Tam Trinh. DT 74m2,2PN+2VS.Giá 4,4 tỷ (có thương lượng). LH: 0917 208 ***","4,4 tỷ",74 m²,"59,46 tr/m²",2,2,"Yên Sở, Hoàng Mai","20.972972982131182, 105.86651797924478"
42329777,04/03/2025,"Bán căn hộ Rice City Linh Đàm, 4,1 tỷ, 64m2, 2PN, 2WC, chính chủ","4,1 tỷ",64 m²,"64,06 tr/m²",2,2,"Hoàng Liệt, Hoàng Mai","20.96410256995386, 105.82202718702149"
42231311,04/03/2025,Bán căn hộ chung cư Hoàng Mai - Ecolake View 32 Đại Từ 2 ngủ hơn 4 tỷ,"4,5 tỷ","75,5 m²","59,6 tr/m²",2,2,"Đại Kim, Hoàng Mai","20.9733993538802, 105.838264052021"
42181281,04/03/2025,"Tôi chính chủ bán căn hộ Kim Văn Kim Lũ, 54,3m2, sổ đỏ, 2,65 tỷ","2,65 tỷ","54,3 m²","48,8 tr/m²",2,2,"Đại Kim, Hoàng Mai","20.972816291667243, 105.81995939152313"
42329635,04/03/2025,"CHUNG CƯ LINH ĐÀM - TẶNG FULL NỘI THẤT- Linh Đàm 72m2; 2PN, 2WC, 2.XX tỷ quận Hoàng Mai",Giá thỏa thuận,72 m²,N/A,2,2,"Hoàng Liệt, Hoàng Mai","20.962705861535447, 105.82169842365468"
42329565,04/03/2025,"Bán căn hộ chung cư HATECO Yên sở, Hoàng mai, HN","4,5 tỷ","78,9 m²","57,03 tr/m²",3,2,"Yên Sở, Hoàng Mai","20.962543248010554, 105.86442620653935"
40272411,04/03/2025,"Bán căn góc 3N 85m2,99m2 Green Park. View Hồ Yên Sở, sẵn sổ hồng. Giá chỉ từ 5,x tỷ. LH: 0366 261 ***","5,5 tỷ",85 m²,"64,71 tr/m²",3,2,"Hoàng Liệt, Hoàng Mai","20.9587688446045, 105.846313476563"
42033272,04/03/2025,Bán gấp chung cư VP6 Linh Đàm view hồ tuyệt đẹp 69m2 3N2VS full nội thất mới 2.79 tỷ - thương lượng,"2,79 tỷ",69 m²,"40,44 tr/m²",3,2,"Thịnh Liệt, Hoàng Mai","20.966777899325884, 105.83356118541411"
41547676,04/03/2025,"Chính chủ bán 2 ngủ tầng trung toà A The Zen Gamuda full nội thất, view đẹp",Giá thỏa thuận,106 m²,N/A,2,N/A,"Trần Phú, Hoàng Mai","20.97176170349121, 105.8789291381836"
41686059,04/03/2025,Bán nhanh chung cư Gamuda 3 ngủ 100m2 view KĐT The Zen Residence full nội thất 7.1 tỷ bao thuế phí,"7,1 tỷ",100 m²,71 tr/m²,3,2,"Trần Phú, Hoàng Mai","20.971761703491211, 105.87892913818359"
41554988,04/03/2025,"Bán 3 ngủ The Zen Gamuda full đồ, tầng trung tòa A, view đẹp",Giá thỏa thuận,100 m²,N/A,3,N/A,"Trần Phú, Hoàng Mai","20.97176170349121, 105.8789291381836"
38970803,04/03/2025,"2ngủ toà A The Zen Gamuda full nội thất đẹp tầng trung, 5.6xtỷ bao thuế phí, giá rẻ nhất thị trường","5,6 tỷ",75 m²,"74,67 tr/m²",2,2,"Trần Phú, Hoàng Mai","20.9717617034912, 105.878929138184"
42209650,04/03/2025,"Gia đình chuyển về quê cần bán căn 2 ngủ tầng trung, vị trí view trọn vẹn thành phố. LH. 0888 848 ***","6,4 tỷ",83 m²,"77,11 tr/m²",2,2,"Tân Mai, Hoàng Mai","20.9836537891471, 105.846784159615"
42232155,04/03/2025,Bán 3 ngủ sân vườn full nội thất sang trọng view bể bơi cực đẹp - Feliz Homes Hoàng Mai,"7,8 tỷ",120 m²,65 tr/m²,3,2,"Hoàng Văn Thụ, Hoàng Mai","20.984660097344825, 105.86053018395555"
42011343,04/03/2025,"Bán căn hộ chung cư Melody Linh Đàm, Hoàng Mai, DT 97m2, 2PN, 2WC, giá 5.331 tỷ","5,33 tỷ",97 m²,"54,96 tr/m²",2,2,"Hoàng Liệt, Hoàng Mai","20.958194555854, 105.825871521369"
42329349,04/03/2025,"Bán căn hộ 66.7m2 chung cư K35 Tân Mai, Hoàng Mai","5,2 tỷ","66,7 m²","77,96 tr/m²",2,2,"Tương Mai, Hoàng Mai","20.98335119535533, 105.85109513650995"
42232541,04/03/2025,"Gia đình cần bán căn 2PN ban công Đông Nam, 81m2 tầng trung đẹp rộng nhất Feliz Homes Hoàng Mai","5,1 tỷ",81 m²,"62,96 tr/m²",2,2,"Hoàng Văn Thụ, Hoàng Mai","20.985048337724848, 105.85992929289246"
42276669,04/03/2025,Quỹ CC bán chuyển nhượng: 62-67-68m2; 2PN + 2WC Bea Sky Nguyễn Xiển giá từ 4 tỷ LH: 0969 029 ***,"4,85 tỷ",68 m²,"71,32 tr/m²",2,2,"Đại Kim, Hoàng Mai","20.9741553942759, 105.821801109275"
36653003,04/03/2025,"Bán CH N02. X. 17 thanh toán tiến độ. DT 101m2, ban công ĐN 3 ngủ căn góc đẹp view công viên bể bơi",Giá thỏa thuận,101 m²,N/A,3,2,"Hoàng Liệt, Hoàng Mai","20.9585018157959, 105.826347351074"
42325211,04/03/2025,"Bán gấp căn hộ 2 ngủ - Căn góc - Tầng trung CT5-X2 Bắc Linh Đàm, đầy đủ nội thất mới cứng, view hồ","4,75 tỷ",80 m²,"59,38 tr/m²",2,2,"Đại Kim, Hoàng Mai","20.97205342449379, 105.8283091594188"
42087062,04/03/2025,"Bán chung cư Định Công, Hoàng Mai 78m2, 2PN, 2 vệ sinh, nội thất 400 triệu, 4 tỷ 600 - 0968 224 ***","4,6 tỷ",78 m²,"58,97 tr/m²",2,2,"Định Công, Hoàng Mai","20.982966294219725, 105.83469782222004"
41740835,04/03/2025,"Gia đình cần bán nhanh căn hộ chung cư Hateco - Yên Sở. DT 90m2 chia 3 ngủ. Giá 4, xx tỷ","4,6 tỷ",90 m²,"51,11 tr/m²",3,2,"Yên Sở, Hoàng Mai","20.96273422241211, 105.86434173583984"
42107256,04/03/2025,"Gia đình cần bán căn hộ chung cư Hateco - Yên Sở. DT 60m2 chia 2 ngủ. Giá 3, xx tỷ","3,6 tỷ",60 m²,60 tr/m²,2,2,"Yên Sở, Hoàng Mai","20.962741887887702, 105.86506904772031"
42311396,04/03/2025,"Gia đình cần bán CHCC HUD3 - 60 Nguyễn Đức Cảnh . Dt 70m2 gồm 2 ngủ . Giá 5,xx tỷ","5,2 tỷ",70 m²,"74,29 tr/m²",2,2,"Tương Mai, Hoàng Mai","20.987293791595732, 105.8499037887027"
42219467,04/03/2025,"Gia đình cần bán căn hộ chung cư Đồng Phát. DT 65m2 có 2 ngủ. Giá chào 3, xxtỷ","3,8 tỷ",65 m²,"58,46 tr/m²",2,2,"Vĩnh Hưng, Hoàng Mai","20.979965648606505, 105.874064295542"
41942564,04/03/2025,Bán căn góc Vật Tư 80m2 3PN 4.3 tỷ,"4,3 tỷ",80 m²,"53,75 tr/m²",3,2,"Hoàng Liệt, Hoàng Mai","20.96257694737976, 105.84533785434864"
42314893,04/03/2025,"Bán căn 04 tòa B1 diện tích 99m2 sổ đỏ 3PN, 2WC giá 6.93 tỷ","6,93 tỷ",99 m²,70 tr/m²,3,2,"Định Công, Hoàng Mai","20.98194418257526, 105.83447258108676"
42273611,04/03/2025,BÁN GẤP !!!! CHÍNH CHỦ GỬI BÁN CẦN THANH KHOẢN CĂN HỘ 3PN TẠI HH2 LINH ĐÀM QUẬN HOÀNG MAI - HÀ NỘI,"3,09 tỷ",77 m²,"40,13 tr/m²",3,2,"Hoàng Liệt, Hoàng Mai","20.964420691461918, 105.82702336750204"
41861070,04/03/2025,Chính chủ cần bán gấp căn hộ 3PN tại HH Linh Đàm giá vô cùng tốt nhận nhà ở ngay LH 0965 289 ***,"3,2 tỷ",77 m²,"41,56 tr/m²",3,2,"Hoàng Liệt, Hoàng Mai","20.963859429226787, 105.82744055094247"
41248992,04/03/2025,Bán 3 căn 96m2 3PN HUD3 60 Nguyễn Đức Cảnh giá chỉ từ 5.9 tỷ,"5,95 tỷ",96 m²,"61,98 tr/m²",3,2,"Tương Mai, Hoàng Mai","20.987325668335, 105.849838256836"
41858824,04/03/2025,"Bán căn góc tòa A1, 122m2 3PN, 2WC, 2logia giá 6.3 tỷ TL","6,3 tỷ",122 m²,"51,64 tr/m²",3,2,"Tương Mai, Hoàng Mai","20.987005801466736, 105.85213697732874"
41433524,04/03/2025,Bán căn góc 118.3m2 chung cư Vật Tư Du Lịch South Tower số 8 Trần Thủ Độ 5.6 tỷ,"5,6 tỷ","118,3 m²","47,34 tr/m²",3,2,"Hoàng Liệt, Hoàng Mai","20.962495803833, 105.844841003418"
40718510,04/03/2025,CC bán CHCC Hateco Hoàng Mai. DT 112m2 3PN 2WC căn góc view hồ cực thoáng LH 0962 552 ***,5 tỷ,112 m²,"44,64 tr/m²",3,2,"Yên Sở, Hoàng Mai","20.9627342224121, 105.86434173584"
42310367,04/03/2025,"HH2A Linh Đàm diện tích 83m2 tầng 31 tiền 3.3 tỷ Hoàng Mai siêu hiếm chung cư HH2A, 3 ngủ, lô góc","3,3 tỷ",83 m²,"39,76 tr/m²",3,2,"Hoàng Liệt, Hoàng Mai","20.96432339557253, 105.82725386852226"
41406162,04/03/2025,"CC bán căn hộ 3ngủ chung cư Nơ 1B Bán đảo Linh Đàm DT75m2, full nội thất đẹp LH 0962 552 ***","4,4 tỷ",75 m²,"58,67 tr/m²",3,2,"Hoàng Liệt, Hoàng Mai","20.971456527709961, 105.82817077636719"
42328388,04/03/2025,BÁN CHUNG CƯ CAO CẤP K35 TÂN MAI HOÀNG MAI DT 70m 2 ngủ 2 wc,"5,2 tỷ",70 m²,"74,29 tr/m²",2,2,"Tương Mai, Hoàng Mai","20.983398491036024, 105.85196414008459"
41959795,04/03/2025,"Bán căn hộ 2PN chung cư Melody Linh Đàm, DT 68m2 giá 4,2 tỷ vốn tự có 1,5-2 tỷ","4,2 tỷ",68 m²,"61,76 tr/m²",2,2,"Hoàng Liệt, Hoàng Mai","20.958435647327089, 105.82644306457891"
37901046,04/03/2025,Bán căn hộ thương mại và dịch vụ sổ đỏ lâu dài Gelexia 885 Tam Trinh. DT 60m2 view Gamuda,"3,6 tỷ",60 m²,60 tr/m²,N/A,2,"Yên Sở, Hoàng Mai","20.9729385375977, 105.866355895996"
37910956,04/03/2025,Bán CHCC Hateco Hoàng Mai - Yên Sở. DT 112m2 3PN 2WC. View hồ và công viên Yên Sở cực đẹp,"5,1 tỷ",112 m²,"45,54 tr/m²",3,2,"Yên Sở, Hoàng Mai","20.9627342224121, 105.86434173584"
42328307,04/03/2025,Cần bán gấp căn hộ chính chủ Osaka Complex 48 Ngọc Hồi Hoàng Mai - Hà Nội,"3,85 tỷ",71 m²,"54,22 tr/m²",2,2,"Hoàng Liệt, Hoàng Mai","20.9585749573506, 105.838052131683"
42327596,04/03/2025,Chính chủ bán nhanh căn hộ 62m2 2 ngủ 2wc 2 ban công tòa Hồng Hà Tower Thịnh Liệt ngay Giải Phóng,"3,4 tỷ",62 m²,"54,84 tr/m²",2,2,"Thịnh Liệt, Hoàng Mai","20.9751148223877, 105.855453491211"
42327268,04/03/2025,"Bán gấp CC Rice City Linh Đàm, 3,9 tỷ, 68m2, 2PN, 2WC, đầy đủ tiện ích","3,9 tỷ",68 m²,"57,35 tr/m²",2,2,"Hoàng Liệt, Hoàng Mai","20.9638245298745, 105.822323482573"
42327865,04/03/2025,"Rẻ quá cho căn hộ 56m2.Toà HH1 Linh Đàm, TK: 2PN-2VS,full toàn bộ nội thất.với Giá: 2,17tỷ, quá rẻ.","2,17 tỷ",56 m²,"38,75 tr/m²",2,2,"Hoàng Liệt, Hoàng Mai","20.965191276851336, 105.82589053220515"
37911720,04/03/2025,"(Căn mới) chính chủ cần bán căn 69m, 74m2, 80m2 giá từ 4tỷ và 90m2, 96m2 giá từ 5tỷ EcolakeView",4 tỷ,74 m²,"54,05 tr/m²",2,2,"Đại Kim, Hoàng Mai","20.9730930328369, 105.838371276855"
41475643,04/03/2025,Bán nhanh căn hộ Hà Nội Melody 2PN 2WC giá chỉ 57tr/m2 hướng ĐN thanh toán theo tiến độ,"4,26 tỷ","74,69 m²",57 tr/m²,2,2,"Hoàng Liệt, Hoàng Mai","20.9660375641661, 105.822317364733"
42325137,04/03/2025,"Bán chung cư Hateco Yên Sở Hoàng Mai - 96m2, 3 phòng ngủ, căn góc, đủ đồ, sổ đỏ chính chủ",5 tỷ,96 m²,"52,08 tr/m²",3,2,"Yên Sở, Hoàng Mai","20.9622135944011, 105.864698156916"
41665064,04/03/2025,Chính chủ bán nhanh căn hộ 65m2 2 ngủ 2wc ở OCT2 HUD xây dựng phố Đặng Xuân Bảng hướng mát view hồ,"3,45 tỷ",65 m²,"53,08 tr/m²",2,2,"Đại Kim, Hoàng Mai","20.9724464416504, 105.819839477539"
42326827,04/03/2025,"Bán CC 3PN, 2WC, 81m2 tại ngõ 83 Ngọc Hồi tòa Hoàng Dương full đồ","3,08 tỷ",81 m²,38 tr/m²,3,2,"Đại Kim, Hoàng Mai","20.957562364452826, 105.84235968771199"
42327299,04/03/2025,"Chủ nhà cần bán gấp căn hộ diện tích 56.2m2, có sổ, giá 2.6 tỷ, căn góc","2,6 tỷ","56,2 m²","46,26 tr/m²",2,2,"Đại Kim, Hoàng Mai","20.9750892594639, 105.823927546637"
42185872,04/03/2025,"Nhà chính chủ pháp lý đầy đủ, căn 3 ngủ full nội thất nhà đẹp về ở ngay chung cư CT2 Bắc Linh Đàm","3,63 tỷ",67 m²,"54,18 tr/m²",3,1,"Đại Kim, Hoàng Mai","20.971306035964009, 105.82872614027517"
42327477,04/03/2025,"Chính chủ cần bán căn hộ chung cư Bea Sky Nguyễn Xiển 70m2 2 ngủ full giá 4,5 tỷ","4,5 tỷ",69 m²,"65,22 tr/m²",2,2,"Đại Kim, Hoàng Mai","20.974198633273673, 105.82178135444903"
42327192,04/03/2025,"Bán CC VP6 Linh Đàm, 2,2 tỷ, 47m2, hàng hiếm tại Hoàng Mai, Hà Nội, view đẹp","2,2 tỷ",47 m²,"46,81 tr/m²",2,1,"Thịnh Liệt, Hoàng Mai","20.967042021225407, 105.83285119038166"
42327142,04/03/2025,Chính chủ cần bán nhanh căn hộ 2 ngủ 61m chung cư VP5 bán đảo Linh Đàm,"3,15 tỷ","61,5 m²","51,22 tr/m²",2,2,"Hoàng Liệt, Hoàng Mai","20.96437487441411, 105.83145528155309"
42327367,04/03/2025,Chính chủ bán CC Vĩnh Hoàng lô góc 2PN 56m2 2.95 tỷ có TL LH 0978 721 ***,"2,95 tỷ",56 m²,"52,68 tr/m²",2,N/A,"Hoàng Văn Thụ, Hoàng Mai","20.984582918116978, 105.86596120161201"
42326632,04/03/2025,Chị em có căn góc chung cư HUD Tây Nam Linh Đàm muốn bán giá 2.85 tỷ! 50m2 / 2 ngủ / 1 WC / Sổ 2018,"2,85 tỷ",50 m²,57 tr/m²,2,1,"Hoàng Liệt, Hoàng Mai","20.96332975481901, 105.82090477607859"
42327060,04/03/2025,"Bán CC HH2 Linh Đàm, 3,1 tỷ, 83m2, 3PN, 2WC, Hoàng Liệt, Hoàng Mai, Hà Nội, giá tốt","3,1 tỷ",83 m²,"37,35 tr/m²",3,2,"Hoàng Liệt, Hoàng Mai","20.964795185290466, 105.82635079816826"
42326987,04/03/2025,"CC đẹp, nhiều tiện ích tại Green Park Trần Thủ Độ, giá thỏa thuận, 55m2 sổ hồng lâu dài 0973 817 ***",Giá thỏa thuận,55 m²,N/A,2,2,"Hoàng Liệt, Hoàng Mai","20.959177524719113, 105.84574507012496"
42326976,04/03/2025,"chung cư giá rẻ, chỉ 2 tỷ sở hữu căn 46m chung cư HH Linh Đàm","2,1 tỷ",46 m²,"45,65 tr/m²",2,1,"Hoàng Liệt, Hoàng Mai","20.964307990068026, 105.82770260785549"
42327012,04/03/2025,Chính chủ tôi cần bán cắt lỗ gấp căn 2PN giá tốt tại dự án Hà Nội Melody Residences,"3,1 tỷ","73,81 m²",42 tr/m²,2,2,"Hoàng Liệt, Hoàng Mai","20.9585018157959, 105.826347351074"
42325956,04/03/2025,"Bán CC HH3 Linh Đàm, 2,28 tỷ, 63m2, 2PN, 2WC, đẹp, nhiều tiện ích","2,28 tỷ",63 m²,"36,19 tr/m²",2,2,"Hoàng Liệt, Hoàng Mai","20.963840053626235, 105.82794687065653"
40207766,04/03/2025,"Quỹ căn chuyển nhượng ngoại giao giá tốt Hà Nội Melody Residences 2PN, HTLS 70%","3,32 tỷ","73,81 m²",45 tr/m²,2,2,"Hoàng Liệt, Hoàng Mai","20.9585018157959, 105.82634735107422"
42326536,04/03/2025,BÁN CĂN HỘ 2 NGỦ - CHỈ HƠN 3 TỶ - TÒA CT2 TÂY NAM LINH ĐÀM - SỔ ĐỎ - NHIỀU TIỆN ÍCH,"3,55 tỷ",62 m²,"57,26 tr/m²",2,2,"Hoàng Liệt, Hoàng Mai","20.9621226952899, 105.820574916113"
42326516,04/03/2025,"Bán căn hộ chung cư HUD - CT5 Linh Đàm, diện tích 78m 3 ngủ 2wc căn góc full đồ sổ đỏ chính chủ","4,7 tỷ",78 m²,"60,26 tr/m²",3,2,"Hoàng Liệt, Hoàng Mai","20.962929193493355, 105.82147508791026"
42326193,04/03/2025,"Bán chung cư cao cấp 2 ngủ, 2WC, Nguyễn Cảnh Dị Hoàng Mai, giá cực tốt",Giá thỏa thuận,75 m²,N/A,2,2,"Đại Kim, Hoàng Mai","20.9777058569777, 105.836586478926"
39453916,04/03/2025,Cập nhật giá bán căn hộ Viễn Đông Star 2025 từ chủ đầu tư. Lì xì đầu năm cho khách hàng,"3,78 tỷ",84 m²,45 tr/m²,2,N/A,"Thịnh Liệt, Hoàng Mai","20.977367410054857, 105.84220988214533"
42300313,04/03/2025,Thông tin chi tiết - căn góc 3 ngủ 2 WC / full nội thất / toà CT5X2 Bắc Linh Đàm,"4,7 tỷ",78 m²,"60,26 tr/m²",3,2,"Hoàng Liệt, Hoàng Mai","20.9716293716836, 105.827781410991"
42217836,04/03/2025,Mình chính chủ bán căn hộ tại CT36 67m2 giá 4tỷ,4 tỷ,67 m²,"59,7 tr/m²",2,2,"Định Công, Hoàng Mai","20.978737925185758, 105.8351501427253"
40634436,04/03/2025,"Chính chủ cần bán gấp căn hộ chung cư Thanh Bình Garden Định Công Hoàng Mai. DT 63,4m2, 2 ngủ","4,46 tỷ","60,3 m²","73,96 tr/m²",2,2,"Định Công, Hoàng Mai","20.9777698516846, 105.836112976074"
42326385,04/03/2025,"Bán CHCC Hateco Yên Sở Hoàng Mai. DT 78,9m2, 3 PN + 2VS giá 4.35 tỷ. Lh: 0917 208 ***","4,35 tỷ","78,9 m²","55,13 tr/m²",3,2,"Yên Sở, Hoàng Mai","20.9627754031994, 105.864322166839"
42231947,04/03/2025,"CẦN BÁN GẤP !!!CHÍNH CHỦ GỬ,I BÁN CĂN HỘ 2 NGỦ, 1WC TẠI HH LINH ĐÀM GIÁ TỐT NHẤT TT LH 0965 289 ***","1,82 tỷ",46 m²,"39,56 tr/m²",2,1,"Hoàng Liệt, Hoàng Mai","20.964788652282515, 105.82629202083984"
42324483,04/03/2025,"Chính chủ bán căn hộ toà C The Zen Residence, diện tích 55m2 thiết kế 1 ngủ + 1","3,9 tỷ",55 m²,"70,91 tr/m²",2,1,"Trần Phú, Hoàng Mai","20.97091557402189, 105.8803685107686"
42201280,04/03/2025,"Bán gấp căn hộ chung cư tại HUD3 Nguyễn Đức Cảnh, 5 tỷ, 76,4m2 2pn 2wc full nội thất",5 tỷ,"76,4 m²","65,44 tr/m²",2,2,"Tương Mai, Hoàng Mai","20.98678717608319, 105.85045243034098"
42310803,04/03/2025,"Bán CHCC HATECO Yên Sở-Hoàng Mai.Căn góc VIP.DT 98m2,3 ngủ,2wc,2bc.Full nội thất.Sổ chính chủ",5 tỷ,98 m²,"51,02 tr/m²",3,2,"Yên Sở, Hoàng Mai","20.962872840365637, 105.86496975973292"
37415246,04/03/2025,Ban quản lý tòa nhà cập nhật quỹ căn hộ giá tốt The Zen Residence (3/2025) LH 0904 744 ***,"3,89 tỷ",55 m²,"70,73 tr/m²",1,N/A,"Yên Sở, Hoàng Mai","20.9717617034912, 105.878929138184"
42326183,04/03/2025,Bán CHCC VP5 Linh Đàm 2 ngủ + 2VS. Diện tích 46m2. LH: 0917 208 ***,"2,26 tỷ",46 m²,"49,13 tr/m²",2,2,"Hoàng Liệt, Hoàng Mai","20.964396553975284, 105.83183090520323"
42326144,04/03/2025,Bán CH 71m2 2 ngủ CC Osaka Complex 48 Ngọc Hồi Hoàng Mai,"3,85 tỷ",71 m²,"54,22 tr/m²",2,2,"Hoàng Liệt, Hoàng Mai","20.95877024774231, 105.8389040179908"
42144655,04/03/2025,Bán căn 2 ngủ tại Osaka Complex giá tốt,"3,03 tỷ","60,3 m²","50,25 tr/m²",2,1,"Hoàng Liệt, Hoàng Mai","20.959248847850304, 105.838920421727"
41913111,04/03/2025,"Nhà chính chủ, diện tích 86m2 3PN 2WC nội thất cao cấp chung cư CT9 Định Công","4,4 tỷ",86 m²,"51,16 tr/m²",3,2,"Định Công, Hoàng Mai","20.9859297460818, 105.833048527732"
42325728,04/03/2025,"Chủ gửi bán nhanh căn hộ cc Nơ 7 bán đảo Linh Đàm Hoàng Mai tk 3 ngủ giá 3,9xx tỷ","3,9 tỷ",64 m²,"60,94 tr/m²",3,2,"Đại Kim, Hoàng Mai","20.97121421218271, 105.82790178787896"
42325667,04/03/2025,"Bán chung cư Kim Văn Kim Lũ ; 65m2 , 2PN , full nội thất giá 3.15 tỷ","3,15 tỷ",65 m²,"48,46 tr/m²",2,2,"Đại Kim, Hoàng Mai","20.97398456340915, 105.81986933769915"
42203311,04/03/2025,"Bán căn K35 Tân Mai thiết kế 2PN diện tích 77m2 vị trí đẹp giá 4,4 tỷ. LH: 0961 995 ***","4,5 tỷ",77 m²,"58,44 tr/m²",2,2,"Tương Mai, Hoàng Mai","20.984099237578434, 105.85156364898289"
42086012,04/03/2025,"Bán căn Green Park Trần Thủ Độ 2PN giá chỉ 3,6 tỷ đã sẵn sổ lâu dài giao dịch. LH: 0961 995 ***","3,6 tỷ",56 m²,"64,29 tr/m²",2,2,"Hoàng Liệt, Hoàng Mai","20.9589118040385, 105.84637210749"
42325759,04/03/2025,Chính chủ cần bán chung cư Smile Building 1 Nguyễn Cảnh Dị,"5,5 tỷ","74,7 m²","73,63 tr/m²",2,2,"Đại Kim, Hoàng Mai","20.978803373977108, 105.83696963037652"
42086031,04/03/2025,"Bán căn hộ Green Park Trần Thủ Độ 3PN sẵn sổ lâu dài giao dịch. Giá chỉ 5,5 tỷ. LH: 0961 995 ***","5,5 tỷ",85 m²,"64,71 tr/m²",3,2,"Hoàng Liệt, Hoàng Mai","20.959054458060535, 105.84662826418612"
41735037,04/03/2025,"Gia đình cần bán nhanh CHCC CT12A 56m2, 2PN, 2WC, SĐCC. Giá thật, nhà thật 2,73 tỷ","2,73 tỷ",56 m²,"48,75 tr/m²",2,2,"Đại Kim, Hoàng Mai","20.973291397094727, 105.82000732421875"
41943123,04/03/2025,"Gấp lắm rồi. Chủ nhà cần bán căn hộ 2PN VP5 bán đảo Linh Đàm, vào ở luôn","2,24 tỷ",50 m²,"44,8 tr/m²",2,2,"Hoàng Liệt, Hoàng Mai","20.9628201135834, 105.831210448559"
42325553,04/03/2025,"Bán căn 2PN ở cc 87 lĩnh nam. sổ đỏ chính chủ, ban công đông nam. Full nội thất mới LH 0337 592 ***",5 tỷ,80 m²,"62,5 tr/m²",2,2,"Mai Động, Hoàng Mai","20.98943447612938, 105.86656676280005"
41058126,04/03/2025,Cần bán căn hộ tầng trung CT9 Định Công DT: 80m2. 3PN full đồ LH: 0983 466 ***,"4,95 tỷ","90,5 m²","54,7 tr/m²",3,2,"Đại Kim, Hoàng Mai","20.977953454054187, 105.83634203345464"
42280289,04/03/2025,"Bán chung cư toà N02 K35 Tân Mai - Hoàng Mai DT 67m2 gồm 2 ngủ, 2 wc, giá 4,98 tỷ LH 0983 873 ***","4,98 tỷ",67 m²,"74,33 tr/m²",2,2,"Tương Mai, Hoàng Mai","20.983470701242183, 105.85126011265795"
42011046,04/03/2025,"Bán căn Rose Town 2PN full nội thất hiện đại, diện tích 72m đã sẵn sổ, Giá nhỉnh 4 tỷ","3,9 tỷ",72 m²,"54,17 tr/m²",2,2,"Hoàng Liệt, Hoàng Mai","20.955739311830143, 105.84472736656805"
42323827,04/03/2025,Chính Chủ Bán Chung Cư căn hộ Rice city Toà Nam Linh Đàm lh; 0929 656 ***,Giá thỏa thuận,70 m²,N/A,3,2,"Hoàng Liệt, Hoàng Mai","20.9635502707979, 105.822033271242"
42325462,04/03/2025,Bán căn hộ Rice city Tây Nam Linh Đàm DT:64m2 .2PN.2WC .full đồ Ban Công Đông Nam .,"4,1 tỷ",64 m²,"64,06 tr/m²",2,2,"Hoàng Liệt, Hoàng Mai","20.9615366607833, 105.835235410526"
42212403,04/03/2025,"Nhà chính chủ, bán căn 3 phòng ngủ diện tích 80m2 nội thất cao cấp sổ chính chủ CT9 Định Công","4,75 tỷ",80 m²,"59,38 tr/m²",3,2,"Định Công, Hoàng Mai","20.985712878480253, 105.83272041286918"
42221019,04/03/2025,"Em cần bán nhanh căn góc tại toà CT2 - TP Tây Nam Linh Đàm, full hết đồ. 2PN. SĐCC. LH 0983 466 ***","2,63 tỷ",41 m²,"64,15 tr/m²",2,1,"Hoàng Liệt, Hoàng Mai","20.9626617431641, 105.821266174316"
42174230,04/03/2025,"Mình Bán căn hộ 3PN, 2WC. CC T&T Tower 120 Định Công. Giá siêu tốt 5,8 tỷ","5,8 tỷ",84 m²,"69,05 tr/m²",3,2,"Định Công, Hoàng Mai","20.983188277149537, 105.83442281348691"
42174402,04/03/2025,"HIẾM. Chính Chủ Gửi Bán căn hộ 2PN, 2WC tại CC Sky Central, 176 Định Công. Giá tốt 4,6 tỷ.","4,6 tỷ",65 m²,"70,77 tr/m²",2,2,"Định Công, Hoàng Mai","20.98276606374431, 105.83426866998616"
42325093,04/03/2025,"Chính chủ bán căn hộ 97.7m, 3 ngủ Chung cư Sky Central 176 Định Công, full nội thất,giá 6.5 tỷ","6,5 tỷ","97,7 m²","66,53 tr/m²",N/A,N/A,"Định Công, Hoàng Mai","20.983081574988873, 105.8344908131544"
42325045,04/03/2025,Bán căn hộ chung cư Hud3 Tây Nam Linh Đàm Hoàng Mai Hà Nội,"3,8 tỷ",58 m²,"65,52 tr/m²",2,2,"Hoàng Liệt, Hoàng Mai","20.9614303458902, 105.835280853494"
42135314,04/03/2025,Bán CHCC 80m2 căn hoa hậu ở New Horizon 87 Lĩnh Nam 2 ngủ lô góc thoáng mát,"4,9 tỷ",80 m²,"61,25 tr/m²",2,2,"Mai Động, Hoàng Mai","20.98958217174301, 105.86659315343579"
42161272,04/03/2025,Bán CHCC 54m2 2 ngủ 2wc KĐT Đền Lừ căn góc full nội thất,"3,35 tỷ",55 m²,"60,91 tr/m²",2,2,"Hoàng Văn Thụ, Hoàng Mai","20.9841381740213, 105.860394135904"
42324964,04/03/2025,Bán căn hộ chung cư Hateco Yên Sở Hoàng Mai Hà Nội,"4,9 tỷ",93 m²,"52,69 tr/m²",3,2,"Yên Sở, Hoàng Mai","20.9635721041393, 105.868266783966"
34928397,04/03/2025,"Bán căn hộ CC VP5 Linh Đàm - Hoàng Mai. DT: 46m2 2PN + 2WC giá 2,26 tỷ. LH: 0964 835 ***","2,26 tỷ",46 m²,"49,13 tr/m²",2,2,"Hoàng Liệt, Hoàng Mai","20.964651639663867, 105.83144441175088"
41168068,04/03/2025,SUẤT NGOẠI GIAO CĂN 2PN VÀ 3PN GIÁ TỐT NHẤT DỰ ÁN - THANH TOÁN GIÃN TIẾN ĐỘ VÀ CÓ VAY BANK,"4,44 tỷ",74 m²,60 tr/m²,2,2,"Hoàng Liệt, Hoàng Mai","20.9585018157959, 105.82634735107422"
42324841,04/03/2025,Bán căn hộ chung cư HUD 3 số 60 Nguyễn Đức Cảnh Hoàng Mai Hà Nội,"5,2 tỷ",70 m²,"74,29 tr/m²",2,2,"Tương Mai, Hoàng Mai","20.9877023160941, 105.849306298819"
42274074,04/03/2025,"Bán gấp căn hộ chung cư Thanh Bình Garden, Đại Kim, Hoàng Mai, Hà Nội.",Giá thỏa thuận,"60,5 m²",N/A,2,2,"Định Công, Hoàng Mai","20.9776877561135, 105.836519510342"
42266808,04/03/2025,"Mở bán căn hộ căn 3PN, 93m2 giá rẻ nhất dự án Melody Linh Đàm, 4,7 tỷ. LH: 0902 030 ***","4,7 tỷ",93 m²,"50,54 tr/m²",3,2,"Hoàng Liệt, Hoàng Mai","20.9587859568419, 105.826348849786"
41412819,04/03/2025,"Gia đình cần bán căn hộ 2PN, 52 tại Phương Đông Green Park, giá: 4 tỷ",4 tỷ,52 m²,"76,92 tr/m²",2,2,"Hoàng Liệt, Hoàng Mai","20.9587688446045, 105.846313476563"
42280547,04/03/2025,"Bán CC K35 Tân Mai, 4,98 tỷ, 73m2, 2PN, 2WC, giá tốt, Hoàng Mai, Hà Nội","4,98 tỷ",73 m²,"68,22 tr/m²",2,2,"Tương Mai, Hoàng Mai","20.984261019845817, 105.85199160301829"
42071367,04/03/2025,"Bán căn hộ 60m2, 2 ngủ chung cư Hateco Hoàng Mai - P. Yên Sở, Hoàng Mai, Hà Nội","3,6 tỷ",60 m²,60 tr/m²,2,2,"Yên Sở, Hoàng Mai","20.962737115778772, 105.86484360812473"
42193247,04/03/2025,Bán căn hộ 2 ngủ chung cư Gelexia 885 Tam Trinh - Yên Sở - Hoàng Mai. View Gamuda,"4,6 tỷ","67,1 m²","68,55 tr/m²",2,2,"Yên Sở, Hoàng Mai","20.9726283967754, 105.866241163207"
41960998,04/03/2025,"Bán căn hộ chung cư Hateco Yên Sở, Hoàng mai, HN. Toà A diện tích thông thủy 93m2, full nội thất","4,9 tỷ",93 m²,"52,69 tr/m²",3,2,"Yên Sở, Hoàng Mai","20.9621767995061, 105.864141548151"
41169281,04/03/2025,"Em Giang PKD chủ đầu tư quỹ căn 2PN giá tốt nhất thị trường, số lượng có hạn, hỗ trợ vay ngân hàng","3,5 tỷ",79 m²,"44,3 tr/m²",2,2,"Hoàng Liệt, Hoàng Mai","20.9565887451172, 105.844886779785"
42324306,04/03/2025,2 ngủ nội thất đầy đủ giá 1ty9 toà mặt đường đi lại thuận tiện lh e trọng,"1,9 tỷ",46 m²,"41,3 tr/m²",2,1,"Hoàng Liệt, Hoàng Mai","20.96248327497285, 105.82647072727806"
42324274,04/03/2025,BÁN CĂN HỘ 3 NGỦ HH4ALINH ĐÀM HOÀNG LIỆT HOÀNG MAI HÀ NỘI GIÁ 3.15ty,"3,15 tỷ",82 m²,"38,42 tr/m²",3,2,"Hoàng Liệt, Hoàng Mai","20.963969500112672, 105.82616342610444"
37910597,04/03/2025,Bán CHCC tòa Sunshine Palace - Hoàng Mai. DT 86m2 2PN 2WC. view sông Hồng,6 tỷ,86 m²,"69,77 tr/m²",2,2,"Mai Động, Hoàng Mai","20.9901828765869, 105.868659973145"
42324230,04/03/2025,Chủ cần thanh khoản sớm em nó giảm chào 150 triệu ACE nhanh tay ạ,"3,15 tỷ",76 m²,"41,45 tr/m²",3,2,"Hoàng Liệt, Hoàng Mai","20.963297737081703, 105.826970978955"
42324211,04/03/2025,Bán căn hộ H2 Linh Đàm 2 ngủ 2VS giá 2ty6 full nội thất toà mặt hồ tiện ích bạt ngàn LH em,"2,6 tỷ",67 m²,"38,81 tr/m²",2,2,"Hoàng Liệt, Hoàng Mai","20.964275550283833, 105.82761154045494"
42324070,04/03/2025,Bán căn 2 ngủ @Home 987 Tam Trinh - Hoàng Mai. Diện tích 58m2 - giá 3.3 tỷ - sẵn sổ,"3,3 tỷ",58 m²,"56,9 tr/m²",2,1,"Yên Sở, Hoàng Mai","20.9791551670254, 105.86490244156776"
41501203,04/03/2025,"Cơ hội vàng sở hữu căn hộ mơ ước Hateco, 2 ngủ, 2 vệ sinh, view ngắm sông Hồng, full nội thất","4,35 tỷ",80 m²,"54,38 tr/m²",2,2,"Yên Sở, Hoàng Mai","20.9627342224121, 105.86434173584"
42324040,04/03/2025,Bán căn chung cư 165 Trần Hòa - Đại Kim - Hoàng Mai. Diện tích 63m2 - giá 3.4 tỷ - căn 2 ngủ,"3,4 tỷ",63 m²,"53,97 tr/m²",2,1,"Đại Kim, Hoàng Mai","20.974524662498773, 105.8258409953633"
42261812,04/03/2025,Độc bảng căn 3N tầng trung siêu vip 145m2 Melody Linh Đàm,Giá thỏa thuận,145 m²,N/A,4,3,"Hoàng Liệt, Hoàng Mai","20.958461890384974, 105.82576842320071"
39184502,04/03/2025,Bán gấp căn hộ 2PN 80m2 Sunshine Palace mặt phố Lĩnh Nam view city giá 5tỷ6 có sổ - LH E 0812 395 ***,"5,6 tỷ",85 m²,"65,88 tr/m²",2,2,"Mai Động, Hoàng Mai","20.9901828765869, 105.868659973145"
38346467,04/03/2025,Bán căn hoa hậu 2 PN 80m2 Sunshine Palace giá chỉ 5 tỷ 5 đã có sổ đỏ liên hệ em Hoàng 0812 395 ***,"5,5 tỷ",85 m²,"64,71 tr/m²",2,2,"Mai Động, Hoàng Mai","20.9901828765869, 105.868659973145"
42323720,04/03/2025,"Bán CC 68m2, 2PN, 2WC tại Nguyễn Tam Trinh, Yên Sở, Hoàng Mai, 4,4 tỷ giá ưu đãi","4,4 tỷ",68 m²,"64,71 tr/m²",2,2,"Yên Sở, Hoàng Mai","20.972700521687575, 105.8658521830926"
42323646,04/03/2025,"Bán căn hộ 2PN phố Bắc Linh Đàm, 3,83 tỷ, 75m2. Đối diện Ks Mường Thanh,Trường Bill gates. Sổ riêng","3,83 tỷ",75 m²,"51,07 tr/m²",2,2,"Đại Kim, Hoàng Mai","20.97082799145157, 105.82752779678923"
42323622,03/03/2025,"́ ́ ̂́ Căn 2PN, SĐCC tầng 1x chung cư Osaka Linh Đàm ̀ , ̀ ̣̂","3,2 tỷ",56 m²,"57,14 tr/m²",2,1,"Hoàng Liệt, Hoàng Mai","20.961741166717, 105.835334464227"
42279365,03/03/2025,"Gọi em Giang sở hữu ngay căn hộ 3PN 104m2 giá chỉ 4,6 tỷ, hỗ trợ vay ngân hàng, full nội thất","4,6 tỷ",104 m²,"44,23 tr/m²",3,2,"Hoàng Liệt, Hoàng Mai","20.9568277880294, 105.84549974167"
42323467,03/03/2025,"Duy nhất! Căn góc 2pn 2vs- Rice City Full nội thất mới 100%, ở được ngay!","4,1 tỷ",70 m²,"58,57 tr/m²",2,2,"Hoàng Liệt, Hoàng Mai","20.96386706845247, 105.82257906180469"
42279024,03/03/2025,"Bán căn 2 phòng ngủ đẹp long lanh ở ngay chung cư Athena Complex Pháp Vân, Hoàng Mai","3,2 tỷ",67 m²,"47,76 tr/m²",2,2,"Hoàng Liệt, Hoàng Mai","20.9585834785661, 105.842645390398"
42323345,03/03/2025,cần bán căn chung cư đang ở full nội thất đẹp giữ gìn,"4,4 tỷ",75 m²,"58,67 tr/m²",2,2,"Hoàng Liệt, Hoàng Mai","20.964280518943806, 105.82269150213158"
42323091,03/03/2025,Bán căn hộ chung cư h4 linh đàm 3 ngủ 2vs 76m giá 3ty1x ful nội thất tầng 10x weui nội khu LH E tr,"3,15 tỷ",76 m²,"41,45 tr/m²",3,2,"Hoàng Liệt, Hoàng Mai","20.962818920992795, 105.82676912629658"
42314777,03/03/2025,sổ đỏ --2 ngủ 2v-đủ công năng tầng trung ful nội thất toà rice city tây nam linh đàm giá lh,"4,1 tỷ",62 m²,"66,13 tr/m²",2,2,"Hoàng Liệt, Hoàng Mai","20.96369834563755, 105.82212300126896"
42323022,03/03/2025,CC HUD3 vip Nguyễn Đức Cảnh Hoàng Mai - view hồ đền lừ - tiện ích bậc nhất Hoàng Mai,"6,35 tỷ",91 m²,"69,78 tr/m²",3,2,"Tương Mai, Hoàng Mai","20.987706210768888, 105.85004974972577"
42322790,03/03/2025,BÁN GÓC TẦNG TRUNG TOÀ CT12 KIM VĂN KIM LŨ,"2,83 tỷ",56 m²,"50,54 tr/m²",2,2,"Đại Kim, Hoàng Mai","20.972803282631574, 105.82038066562916"
42242523,03/03/2025,Bán gấp chung cư Vĩnh Hoàng - Tam Trinh 55m2 2PN lô góc view hồ giá đầu tư 2.8 tỷ,"2,8 tỷ",55 m²,"50,91 tr/m²",2,1,"Vĩnh Hưng, Hoàng Mai","20.9891870553207, 105.87769362608"
42322771,03/03/2025,Chính chủ bán căn hộ chung cư tại Đại Kim Building Liên hệ: 0929 656 ***,"3,9 tỷ","63,4 m²","61,51 tr/m²",2,2,"Đại Kim, Hoàng Mai","20.97461837562605, 105.82570611413507"
41593764,03/03/2025,"Chính chủ bán gấp CH Bea Sky Nguyễn Xiển DT 68,5m2 2PN, 2VS, nội thất đẹp, 4,2 tỷ: 0971 085 ***","4,2 tỷ","68,5 m²","61,31 tr/m²",2,2,"Đại Kim, Hoàng Mai","20.973551155818978, 105.82236031282456"
42322716,03/03/2025,Chính chủ căn hộ Osaka Complex Ngọc Hồi Hoàng Mai liên hệ: 0929 656 ***,"4,2 tỷ","75,06 m²","55,96 tr/m²",2,2,"Hoàng Liệt, Hoàng Mai","20.959203839566737, 105.83825284606924"
42322696,03/03/2025,Chính chủ bán căn hoa hậu An Bình Định Công Hoàng Mai 3 ngủ LH 0929 656 ***,Giá thỏa thuận,113 m²,N/A,3,2,"Định Công, Hoàng Mai","20.9830076134404, 105.832156417499"
42322366,03/03/2025,Chủ cần bán gấp căn chung cư Đại Kim Building 64m 2ngủ full nội thất giá chỉ 3.4 tỉ có bớt,"3,4 tỷ",64 m²,"53,12 tr/m²",3,1,"Đại Kim, Hoàng Mai","20.9781867559345, 105.8362388824063"
42312037,03/03/2025,"Quỹ căn bán 2PN-3PN giá tốt nhất thị trường Green Park, sổ đỏ lâu dài chỉ từ 3.x tỷ. LH: 0949 650 ***",Giá thỏa thuận,99 m²,N/A,3,2,"Hoàng Liệt, Hoàng Mai","20.959041463517664, 105.84661453299204"
42308164,03/03/2025,Chính chủ bán gấp căn 46m có sổ chung cư VP5 linh đàm giá tốt lh 0967 070 ***,"2,67 tỷ",46 m²,"58,04 tr/m²",1,1,"Hoàng Liệt, Hoàng Mai","20.96401374342883, 105.83111910294501"
42114782,03/03/2025,Chính chủ cần bán gấp căn 3PN sân vườn tòa Zen Tower full đồ giá 7.7ty LH 0934 515 ***,"7,5 tỷ",120 m²,"62,5 tr/m²",3,2,"Hoàng Văn Thụ, Hoàng Mai","20.984663676934943, 105.85905015717884"
42319357,03/03/2025,"Cần bán căn hộ 176 Định Công - Hoàng Mai - Hà Nội - DT98m2 - 3PN - 2WC - Giá 6,6 tỷ - LH 0394 260 ***","6,6 tỷ",98 m²,"67,35 tr/m²",3,2,"Định Công, Hoàng Mai","20.983326462875283, 105.8350201661488"
42321849,03/03/2025,Bán căn hộ chung cư hh1 linh đàn 2 ngủ ful nội thất tầng 21 giá 2tyx.toà mặt đường trục chính đi l,"2,1 tỷ",48 m²,"43,75 tr/m²",2,1,"Hoàng Liệt, Hoàng Mai","20.96516650882359, 105.82710051264196"
42318660,03/03/2025,Cần bán căn hộ 3PN - 98m2 - Sky Central - 176 Định Công - Hoàng Mai - LH 0886 896 ***,"6,6 tỷ",98 m²,"67,35 tr/m²",3,2,"Định Công, Hoàng Mai","20.982634225169267, 105.83481657839184"
42321828,03/03/2025,"Bán CC đẹp xuất sắc tại HH3 Linh Đàm, 2,95 tỷ, 66m2, 2PN, 2WC","2,95 tỷ",66 m²,"44,7 tr/m²",2,2,"Hoàng Liệt, Hoàng Mai","20.9642106887917, 105.828242343015"
42321795,03/03/2025,"Bán CC 2PN, 2WC, 64m2 tại Tây Nam Hồ Linh Đàm, 4 tỷ VND",4 tỷ,64 m²,"62,5 tr/m²",2,2,"Hoàng Liệt, Hoàng Mai","20.963247860535535, 105.82079706339599"
42227575,03/03/2025,"Chủ nhà cần bán gấp căn hộ tầng thấp tại CT12 Kim Văn Kim Lũ, 60,4m2 2PN 2VS giá chỉ hơn 2,7 tỷ.","2,77 tỷ","60,4 m²","45,86 tr/m²",2,2,"Đại Kim, Hoàng Mai","20.97345812877039, 105.81907200113285"
42101662,03/03/2025,"Bán căn hộ lô góc CC @Home 987 Tam Trinh 3 ngủ - 70m2 - 4,55 tỷ","4,55 tỷ",70 m²,65 tr/m²,3,2,"Yên Sở, Hoàng Mai","20.98028238751522, 105.86471103151315"
42321547,03/03/2025,"Chính chủ anh Tuấn bán CC @Homes 987 Tam Trinh, giá 3,85 tỷ, 73m2, 2pn, 2vs, lô góc đẹp","3,85 tỷ",73 m²,"52,74 tr/m²",2,2,"Yên Sở, Hoàng Mai","20.979847223693376, 105.86518241180781"
41653083,03/03/2025,"CC bán CHCC Gelexia 4.35 tỷ 75m2 2PN full nội thất xịn sò, chỉ việc xách vali về ở. 0965 259 ***","4,35 tỷ",75 m²,58 tr/m²,2,2,"Yên Sở, Hoàng Mai","20.972939, 105.866356"
42316894,03/03/2025,Chính chủ bán gấp căn hộ 87m 2PN+2WC có ban công. Full nội thất. Giá 6 tỷ. Lh 0965 259 ***,6 tỷ,87 m²,"68,97 tr/m²",2,2,"Mai Động, Hoàng Mai","20.990211691717764, 105.86802968038455"
41596943,03/03/2025,"Chủ bán gấp căn 2PN - 2VS KVKL, nhà đẹp, tầng trung, SĐCC giá 2.62 tỷ tốt nhất KVKL","2,62 tỷ","54,3 m²","48,25 tr/m²",2,2,"Đại Kim, Hoàng Mai","20.973291, 105.82001"
42312727,03/03/2025,"Chỉ 3.5x tỷ có ngay căn 58m2 2PN - 2VS CT2 TP Tây Nam Linh Đàm, nhà đẹp, tầng trung, sổ đỏ, full đồ","3,59 tỷ",58 m²,"61,9 tr/m²",2,2,"Hoàng Liệt, Hoàng Mai","20.962658642622483, 105.82129363022095"
42321115,03/03/2025,"Em Bán căn 2 ngủ 1vsinh, Giá 1,78 tỷ tại tầng đẹp trung tại toà HH2 Linh Đàm-HN. Lhe 0921 863 ***","1,78 tỷ",48 m²,"37,08 tr/m²",2,1,"Hoàng Liệt, Hoàng Mai","20.965014208262, 105.82718305357373"
42321245,03/03/2025,"Chính chủ bán CC Gelexia 885 Tam Trinh, giá 4 tỷ, 68m2, 2PN 2VS",4 tỷ,68 m²,"58,82 tr/m²",2,2,"Yên Sở, Hoàng Mai","20.973024388666346, 105.86652524071506"
42321070,03/03/2025,"Nhượng lại căn 2 ngủ đẹp nhất dự án Hà Nội Melody Linh Đàm, ban công Đông Nam, có gói vay Ngân Hàng","4,67 tỷ",74 m²,"63,11 tr/m²",2,2,"Hoàng Liệt, Hoàng Mai","20.95852119749358, 105.82659153675183"
42291829,03/03/2025,Chuyển nhà cần bán CH tại Skycentral 176 Định Công DT:66m2 2PN2WC-BC:Nam-full nội thất-sổ đỏ 4tỷ750,"4,75 tỷ",65 m²,"73,08 tr/m²",2,2,"Định Công, Hoàng Mai","20.98221627092779, 105.83438208669781"
42154479,03/03/2025,"Bán căn hộ chung cư VP5 Linh Đàm, 3,3 tỷ, 61m2, 2PN, 2WC, nội thất cơ bản","3,3 tỷ",61 m²,"54,1 tr/m²",2,2,"Hoàng Liệt, Hoàng Mai","20.963241200938835, 105.83222266859244"
42156319,03/03/2025,"Bán CC 85m2, 4,85 tỷ, 3PN, 2WC Toà Nơ 7A Bán Đảo Linh Đàm","4,85 tỷ",85 m²,"57,06 tr/m²",3,2,"Hoàng Liệt, Hoàng Mai","20.9640212541943, 105.83213474796"
42321120,03/03/2025,"Quá rẻ căn hộ 2PN - 2VS Rice Tây Nam Linh Đàm, DT: 63m2, với giá: 4,05 tỷ full nội thất mới. Sổ đỏ","4,05 tỷ",63 m²,"64,29 tr/m²",2,2,"Hoàng Liệt, Hoàng Mai","20.964091158072428, 105.82193544438223"
41995595,03/03/2025,Bán căn hộ 2 phòng ngủ HH Linh Đàm,"2,15 tỷ",45 m²,"47,78 tr/m²",2,1,"Hoàng Liệt, Hoàng Mai","20.964408081123135, 105.82640996099387"
42320474,03/03/2025,"Bán Sky Central - 176 Định Công 2PN/4,6 tỷ - 3PN/ 6,5 tỷ. LH chốt: 0364 079 ***","6,5 tỷ",100 m²,65 tr/m²,3,2,"Định Công, Hoàng Mai","20.98290688336551, 105.8347914888383"
42130195,03/03/2025,"Bán căn hộ CC Hoàng Dương, 3PN, 2WC, 82m2, full đồ, giá 3,1 tỷ. Tại Ngọc Hồi, Đại Kim, Hoàng Mai","3,1 tỷ",82 m²,"37,8 tr/m²",3,2,"Đại Kim, Hoàng Mai","20.956984044548577, 105.84256134379476"
42193760,03/03/2025,Bán căn hộ lô góc - 3 mặt thoáng - view hồ Đền Lừ - 3 ngủ - đẹp long lanh - giá chào 6.1 tỷ,"6,1 tỷ",122 m²,50 tr/m²,3,2,"Tương Mai, Hoàng Mai","20.98780403672428, 105.85153850538917"
42320861,03/03/2025,"Bán CH dự án 176 Định Công, diện tích 97,7m2 thiết kế 3 ngủ, giá 6,3 tỷ có thương lượng","6,3 tỷ","97,7 m²","64,48 tr/m²",3,2,"Định Công, Hoàng Mai","20.9833999252147, 105.83415350243737"
41525287,03/03/2025,"Chính chủ gửi bán căn 93m2 tòa DV4, Rose Town, giá 5.75 tỷ, căn hộ lâu dài","5,75 tỷ",93 m²,"61,83 tr/m²",3,2,"Hoàng Liệt, Hoàng Mai","20.958613403479, 105.842506441855"
41860765,03/03/2025,"Bán căn 3PN, 2VS 80m2 tòa CT9 KĐT Định Công giá bán 4 tỷ hơn liên hệ: 0904 250 ***","4,1 tỷ",80 m²,"51,25 tr/m²",3,2,"Định Công, Hoàng Mai","20.98523693055, 105.832131429685"
42141836,03/03/2025,"Gia đình cần bán gấp căn 2PN CC Eco Lake View - 32 Đại Từ giá chỉ hơn 4 tỷ, liên hệ: 0904 250 ***","4,4 tỷ",74 m²,"59,46 tr/m²",2,2,"Đại Kim, Hoàng Mai","20.9730930328369, 105.838371276855"
42320484,03/03/2025,"Bán căn hộ The One Gamuda 55 triệu / m2, 80m2, 3PN, 2WC","4,4 tỷ",80 m²,55 tr/m²,3,2,"Trần Phú, Hoàng Mai","20.969463469952554, 105.87692280849173"
42139825,03/03/2025,Cần bán gấp căn 2 ngủ 66m2 tòa CT12 Kim Văn Kim Lũ giá chỉ nhỉnh 2.8 tỷ - LH 0986 726 ***,"2,85 tỷ",66 m²,"43,18 tr/m²",2,2,"Đại Kim, Hoàng Mai","20.9729234507928, 105.819437723588"
42320381,03/03/2025,"Quá đẹp căn hộ 3PN - 2VS toà Nơ 7A bán đảo, DT: 75m2 với giá: 4,42tỷ. View thông thoáng, Vào ở luôn","4,42 tỷ",74 m²,"59,73 tr/m²",3,2,"Đại Kim, Hoàng Mai","20.971264127498173, 105.82827475212068"
42319982,03/03/2025,CẦN BÁN GẤP CĂN 3 NGỦ 100M TÒA B VINACONEX KIM VĂN KIM LŨ HOÀNG MAI GIÁ CHỈ 6.XX TỶ - LH 0986 726 ***,"6,99 tỷ",100 m²,"69,9 tr/m²",3,2,"Đại Kim, Hoàng Mai","20.97287193769394, 105.81996472131854"
41754621,03/03/2025,"VC em cần bán căn DT 74.5m2 - căn góc, 2PN 2VS - full đồ nhà vừa sửa - giá 4.3tỷ CC Thông Tấn Xã VN","4,3 tỷ","74,5 m²","57,72 tr/m²",2,2,"Đại Kim, Hoàng Mai","20.9763984680176, 105.814575195313"
42319839,03/03/2025,Bán gấp căn 2 ngủ 6 giá tốt nhất thị trường chỉ 2.3x tỷ lh 0967 070 ***,"2,31 tỷ",63 m²,"36,67 tr/m²",2,2,"Hoàng Liệt, Hoàng Mai","20.964075122173824, 105.82846726201413"
42290152,03/03/2025,"Bán căn hộ Hà Nội Melody Residences 75 m2, 2PN 2WC chỉ 63 triệu / m2, chiết khấu đến 8%","4,72 tỷ",75 m²,63 tr/m²,2,2,"Hoàng Liệt, Hoàng Mai","20.958860326432212, 105.82639753501346"
41275903,03/03/2025,"Chính chủ bán căn 68m và 120m giá 60tr (thanh toán theo tiến độ) (chính chủ),0917 136 ***",4 tỷ,68 m²,"58,82 tr/m²",2,N/A,"Hoàng Liệt, Hoàng Mai","20.9585018157959, 105.826347351074"
42319644,03/03/2025,Bán căn hộ 64m - Tòa Rice City Linh Đàm - Nội thất mới 100%,"4,1 tỷ",64 m²,"64,06 tr/m²",2,2,"Hoàng Liệt, Hoàng Mai","20.96442264012075, 105.82186998012436"
41194761,03/03/2025,Chính chủ bán căn 3 ngủ chung cư 282 Lĩnh Nam. Diện tích 92.7m2 căn góc full đồ,"4,15 tỷ","92,7 m²","44,77 tr/m²",3,2,"Lĩnh Nam, Hoàng Mai","20.9819183349609, 105.879371643066"
42318903,03/03/2025,"Tôi chính chủ bán gấp căn 2 ngủ, 68m2 tòa HH2C KĐT Linh Đàm, giá nhỉnh 2.49 tỷ","2,49 tỷ",68 m²,"36,62 tr/m²",2,2,"Hoàng Liệt, Hoàng Mai","20.96368474332166, 105.8267050996878"
42319363,03/03/2025,"Bán gấp CH Chung Cư , Tòa Bắc Rice City Khu ĐT Linh Đàm, Hoàng Mai: 65 m2 2P. Giá 4,23 tỷ.","4,23 tỷ",65 m²,"65,08 tr/m²",2,2,"Đại Kim, Hoàng Mai","20.9709222958146, 105.827227961163"
42318917,03/03/2025,"Bán CC 80m2, 2PN + 2WC tại Yên Sở, Hoàng Mai, Hà Nội, giá siêu hời 4,15 tỷ","4,15 tỷ",80 m²,"51,88 tr/m²",2,2,"Yên Sở, Hoàng Mai","20.9636328298167, 105.868250498771"
41343166,03/03/2025,"Chính chủ bán cắt lỗ 3,6 tỷ diện tích 88.6m2 tại Tây Nam Linh Đàm","3,6 tỷ","88,6 m²","40,63 tr/m²",2,2,"Hoàng Liệt, Hoàng Mai","20.9585018157959, 105.826347351074"
42079282,03/03/2025,"Bán chung cư Định Công, Hoàng Mai 70m2, 2PN, 2 vệ sinh, nội thất 400 triệu, 4 tỷ 500 - 0968 224 ***","4,5 tỷ",70 m²,"64,29 tr/m²",2,N/A,"Định Công, Hoàng Mai","20.982607643640996, 105.83423910661013"
42300736,03/03/2025,"Bán căn hộ chung cư 3PN 3WC 86m2 tại Định Công, Hoàng Mai, Hà Nội, 5,99 tỷ VND","5,99 tỷ",85 m²,"70,47 tr/m²",3,3,"Định Công, Hoàng Mai","20.98360288376313, 105.8352313424031"
42040341,03/03/2025,"Chính chủ cần bán căn hộ tầng 29 tòa HH4 Linh Đàm, Hoàng Mai, căn 57m2, nội thất như hình ảnh","2,39 tỷ",57 m²,"41,93 tr/m²",2,2,"Hoàng Liệt, Hoàng Mai","20.96342913121638, 105.82689362936915"
42312695,03/03/2025,"Bán căn hộ 100m2 có sân vườn tại Đền Lừ 1, Hoàng Văn Thụ, Hoàng Mai, Hà Nội, giá tốt 3,8 tỷ","3,8 tỷ",100 m²,38 tr/m²,3,2,"Hoàng Văn Thụ, Hoàng Mai","20.9840540074249, 105.859111401157"
42318233,03/03/2025,"Cần bán nhanh căn hộ Osaka Linh Đàm, Hoàng Mai, Hà Nội","3,87 tỷ",76 m²,"50,92 tr/m²",3,2,"Hoàng Liệt, Hoàng Mai","20.959095661413397, 105.83873938441614"
42225580,03/03/2025,Mở bán - Chung cư K2 Minh Khai - Tam Trinh - Sau TimeCity - DT 35 - 55m2,800 triệu,35 m²,"22,86 tr/m²",1,1,"Lĩnh Nam, Hoàng Mai","20.9962226438057, 105.861976130007"
42318212,03/03/2025,"Bán căn CC Tòa CT6 KĐT Định Công, nhà đẹp, thoáng, 3 ngủ, 2wc, SĐCC, 4.35 tỷ","4,35 tỷ",77 m²,"56,49 tr/m²",3,2,"Định Công, Hoàng Mai","20.98552839576688, 105.83277867581282"
42290462,03/03/2025,"Bán căn hộ bán đảo Linh Đàm 75m2 tại đường Linh Đường, Hoàng Liệt, Hoàng Mai, Hà Nội, 4,4 tỷ","4,4 tỷ",75 m²,"58,67 tr/m²",3,2,"Hoàng Liệt, Hoàng Mai","20.9716194398289, 105.827866794024"
42317715,03/03/2025,Bán chung cư 2 phòng ngủ 63 m2 tại HH Linh Đàm,"2,5 tỷ",63 m²,"39,68 tr/m²",2,2,"Hoàng Liệt, Hoàng Mai","20.971410241473507, 105.82821907309311"
42318091,03/03/2025,Chính chủ cắt lỗ bán nhanh căn góc 63m2 tầng 18 HH3 Linh Đàm,"2,55 tỷ",63 m²,"40,48 tr/m²",2,2,"Hoàng Liệt, Hoàng Mai","20.96423515664919, 105.82847963208992"
42318082,03/03/2025,"Bán căn hộ tòa CT36 Định Công, nhà đẹp, 60m2, 2 ngủ, 2wc, SĐCC, 3.85 tỷ","3,85 tỷ",60 m²,"64,17 tr/m²",2,2,"Định Công, Hoàng Mai","20.978568483199652, 105.83509664751392"
42213715,03/03/2025,91m2 căn hộ tầng trung - 2 ngủ lô góc - có slot để oto phố Nguyễn Đức Cảnh,"4,95 tỷ",91 m²,"54,4 tr/m²",2,2,"Tương Mai, Hoàng Mai","20.9870355483754, 105.851996489693"
41951694,03/03/2025,Chuyển nhượng căn hộ 2PN giá đầu tư tại Sunshine Palace sau TimeCity - em Tuấn Anh 0889 108 ***,"5,4 tỷ",82 m²,"65,85 tr/m²",2,2,"Mai Động, Hoàng Mai","20.990309160196073, 105.8693683906474"
39456618,03/03/2025,CC cần bán căn hộ CC Hòa HUD 60 Nguyễn Đức Cảnh. DT căn hộ 80m2 LH: 0962 552 ***,"5,05 tỷ",80 m²,"63,12 tr/m²",2,2,"Tương Mai, Hoàng Mai","20.987060546875, 105.850357055664"
42222084,03/03/2025,"VP5 Linh Đàm, sổ đỏ 4,2 tỷ, 72m2, đẹp, nhiều tiện ích, uy tín, Hoàng Mai, Hà Nội Lh 0978 331 ***","4,2 tỷ",72 m²,"58,33 tr/m²",2,2,"Hoàng Liệt, Hoàng Mai","20.9629089345685, 105.831804132961"
39134364,03/03/2025,"Chính chủ bán gấp căn hộ chung cư Nam Đô, DT: 85m2 tầng trung full nội thất, LH: 0962 552 ***","5,15 tỷ",85 m²,"60,59 tr/m²",3,2,"Giáp Bát, Hoàng Mai","20.9797115325928, 105.844833374023"
42228074,03/03/2025,"2 Ngủ 2 vs HH1 Linh Đàm giá chỉ 2,1 tỷ LH 0978 331 ***","2,16 tỷ",56 m²,"38,57 tr/m²",2,2,"Hoàng Liệt, Hoàng Mai","20.9654095105084, 105.826134082963"
40316130,03/03/2025,"CC bán căn chung cư 987 Tam Trinh. Căn góc, DT: 60m2, 2ngủ, 2VS, giá 3.3tỷ có TL: LH: 0962 552 ***","3,3 tỷ",60 m²,55 tr/m²,2,2,"Yên Sở, Hoàng Mai","20.9799327850342, 105.864631652832"
42275098,03/03/2025,"Bán căn hộ chung cư KĐT Pháp Vân , 3PN 2VS full sịn đẹp - LH 0972 663 ***","3,78 tỷ",78 m²,"48,46 tr/m²",3,2,"Hoàng Liệt, Hoàng Mai","20.9581881280013, 105.846465321217"
42317579,03/03/2025,Em chính chủ muốn bán căn 2 ngủ 2 VS nhà đẹp full nội thất toà Bắc Rice Linh Đàm,"4,1 tỷ",64 m²,"64,06 tr/m²",2,2,"Hoàng Liệt, Hoàng Mai","20.9645915987856, 105.822779068277"
42317407,03/03/2025,"CC Vĩnh Hoàng, Hoàng Mai: Giá bình dân - Tiện ích cao cấp: 79m2, 2 PN, giá 4.5 Tỷ","4,5 tỷ",79 m²,"56,96 tr/m²",2,1,"Hoàng Văn Thụ, Hoàng Mai","20.98521885872028, 105.86659224602224"
42157388,03/03/2025,Tôi chính chủ cần bán gấp! Căn hộ 46m2 tại HH Linh Đàm giá vô cùng hợp lý cần thanh khoản,"1,7 tỷ",46 m²,"36,96 tr/m²",2,1,"Hoàng Liệt, Hoàng Mai","20.965017449898152, 105.82585583341465"
42275674,03/03/2025,"Bán căn hộ chung cư Bea Sky, Nguyễn Xiển, Hoàng Mai, chỉ 4,75 tỷ, 68,5 m2, 2PN 2VS full nội thất.","4,75 tỷ","68,5 m²","69,34 tr/m²",2,2,"Đại Kim, Hoàng Mai","20.97413511704323, 105.82192286109354"
39052352,03/03/2025,Quỹ căn 2PN - 3 PN dự án Melody Linh Đàm giá tốt nhất thị trường LH: 0981 155 ***,"4,66 tỷ",95 m²,49 tr/m²,3,2,"Hoàng Liệt, Hoàng Mai","20.9587237023882, 105.82624394874091"
42317253,03/03/2025,Bán gấp căn hộ 66m full nội thất cao cấp HH4 Linh Đàm giá chỉ 2.7 tỷ,"2,7 tỷ",66 m²,"40,91 tr/m²",2,2,"Hoàng Liệt, Hoàng Mai","20.962957785235517, 105.82684200994487"
42235135,03/03/2025,Do GD chuyển công tác nên cần bán nhanh căn 72m2 CC VP5 Linh Đàm,"4,2 tỷ",72 m²,"58,33 tr/m²",2,2,"Hoàng Liệt, Hoàng Mai","20.963566708610372, 105.8318957214504"
42316876,03/03/2025,"Bán gấp căn hộ HH Linh Đàm 63m2, 2 ngủ 2 vệ sinh, full đồ giá chỉ 2,33 tỷ. LH: 0978 062 ***","2,33 tỷ",63 m²,"36,98 tr/m²",2,2,"Hoàng Liệt, Hoàng Mai","20.96269962016319, 105.8263459452787"
37289058,03/03/2025,"Bán căn hộ 2 phòng ngủ góc tòa Tropical, full nội thất mới đẹp, nhà mới tinh, giá chỉ 4.8 tỷ","4,8 tỷ",69 m²,"69,56 tr/m²",2,2,"Hoàng Văn Thụ, Hoàng Mai","20.9848365783691, 105.859855651855"
42316934,03/03/2025,Duy nhất 1 căn bên toà Bắc Rice Tây Nam Linh Đàm,"4,1 tỷ",63 m²,"65,08 tr/m²",2,2,"Hoàng Liệt, Hoàng Mai","20.96390892645882, 105.82199343385349"
42317145,03/03/2025,"Chính chủ bán Chung cư Đồng Phát, 70m2, 2 pn, 2vs, giá 3,9 tỷ tặng nội thất đẹp","3,9 tỷ",70 m²,"55,71 tr/m²",2,2,"Vĩnh Hưng, Hoàng Mai","20.98014090231808, 105.87407758081547"
42263029,03/03/2025,"Bán CC Rose Town 79 Ngọc Hồi, giá rẻ 4,65 tỷ, 104m2, 3PN + 2WC, Hoàng Mai, Hà Nội","4,65 tỷ",104 m²,"44,71 tr/m²",3,2,"Hoàng Liệt, Hoàng Mai","20.956526179392068, 105.84495571509581"
42316724,03/03/2025,"Bán CC toà A Đồng Phát - Hoàng Mai. DT 62.5 m2 gồm 2 ngủ 2 wc. Giá 3,8 tỷ LH 0983 873 ***","3,8 tỷ","62,5 m²","60,8 tr/m²",2,2,"Vĩnh Hưng, Hoàng Mai","20.979239879259293, 105.87427817785286"
42316328,03/03/2025,"Bán căn hộ chung cư Hateco Yên Sở, Hoàng Mai, HN. View đẹp, đủ nội thất, 105m2 - 3PN - 5.1 tỷ","5,1 tỷ",105 m²,"48,57 tr/m²",3,2,"Yên Sở, Hoàng Mai","20.962217115485227, 105.86484890327054"
41762481,03/03/2025,"Bán CH 76m2 - 2PN - 2VS, BC Nam mát mẻ, nội thất cơ bản, về sơn sửa lại như mới, ở ngay. Nhỉnh 5tỷ2","5,24 tỷ",76 m²,69 tr/m²,2,2,"Giáp Bát, Hoàng Mai","20.9796419812463, 105.844599049299"
42316696,03/03/2025,"Chào bán căn góc VP5, bán đảo Linh Đàm, Hoàng Mai 72m2 full nội thất giá 4,25 tỷ bao phí","4,25 tỷ",72 m²,"59,03 tr/m²",2,2,"Hoàng Liệt, Hoàng Mai","20.96348715430302, 105.83161796926477"
42316304,03/03/2025,"Chính chủ bán gấp căn hộ 2PN + 2VS toà HH1 khu độ thị Linh Đàm hình ảnh thật 100% giá chỉ 2,23 tỷ","2,23 tỷ",60 m²,"37,17 tr/m²",2,2,"Hoàng Liệt, Hoàng Mai","20.964552275171286, 105.8263674672074"
42114470,03/03/2025,Chính chủ bán căn góc 83m2 - 3 Phòng ngủ tại toà CT3C-X2 chủ đầu tư HUD xây dựng. Giá nhỉnh 4 tỷ,"4,86 tỷ",83 m²,"58,55 tr/m²",3,2,"Hoàng Liệt, Hoàng Mai","20.963944962865916, 105.82369522795963"
42316429,03/03/2025,Tài chính 2 tỷ em bán căn chung cư toà HH1B HH Linh Đàm,"2,1 tỷ",48 m²,"43,75 tr/m²",2,1,"Hoàng Liệt, Hoàng Mai","20.96479068371023, 105.8262038625267"
42079495,03/03/2025,"Bán CC HH4 Linh Đàm 66m2, 2PN, 2WC, hướng Đông Nam thoáng mát, giá nhỉnh 2,6 tỷ, LH 0983 392 ***","2,65 tỷ",66 m²,"40,15 tr/m²",2,2,"Hoàng Liệt, Hoàng Mai","20.96327008581344, 105.82739570521053"
42038466,03/03/2025,"Bán căn CC 75m2 tòa Nơ 7 Bán Đảo Linh Đàm, Hoàng Mai. Sổ đỏ chính chủ. Giá nhỉnh 4 tỷ. LH0983 392 ***","4,44 tỷ",75 m²,"59,2 tr/m²",3,2,"Hoàng Liệt, Hoàng Mai","20.971483162991667, 105.82813822693129"
41974353,03/03/2025,Quá rẻ bán căn hộ 2PN - 2VS full nội thất đẹp giá chỉ 2.2 tỉ. View cực thông thoáng mát. Ở luôn,"2,2 tỷ",46 m²,"47,83 tr/m²",2,2,"Hoàng Liệt, Hoàng Mai","20.9633566240524, 105.830841166279"
42315302,03/03/2025,"Bán CC Rice City Linh Đàm 3,9 tỷ, 68m2, 2PN, 2WC, pháp lý đầy đủ","3,9 tỷ",68 m²,"57,35 tr/m²",2,2,"Hoàng Liệt, Hoàng Mai","20.9640539853852, 105.82275531591146"
42316322,03/03/2025,"nhà thu nhập thấp, tài chính hơn 2 tỷ sở hữu căn hộ 2 pn , 2 wc chung cư HH Linh Đàm - hoàng mai","2,52 tỷ",56 m²,45 tr/m²,N/A,N/A,"Hoàng Liệt, Hoàng Mai","20.96475215749669, 105.8263708130116"
42296224,03/03/2025,"Bán căn hộ 3PN, 2WC tại Pháp Vân Tứ Hiệp, 3,85 tỷ, 78m2","3,85 tỷ",78 m²,"49,36 tr/m²",3,2,"Hoàng Liệt, Hoàng Mai","20.95560259366192, 105.84516041210097"
42315644,03/03/2025,"Căn hộ CC K35 toà NO2 Tân Mai, căn góc diện tích 67m2 full nội thất xịn, 2pn, 2 wc: 0987 061 ***","5,2 tỷ",67 m²,"77,61 tr/m²",2,2,"Tương Mai, Hoàng Mai","20.982909298521605, 105.85136791692534"
42315858,03/03/2025,"Bán căn hộ TMDV ở tòa CT1 chung cư Gelexia, 885 Tam Trinh tầng 2 DT 74,3m2 giá 4,4 tỷ LH 0983 873 ***","4,4 tỷ","74,3 m²","59,22 tr/m²",N/A,N/A,"Yên Sở, Hoàng Mai","20.97328504245496, 105.86666664391946"
42298166,03/03/2025,Bán căn Góc 3PN tầng cao-View hồ- Ban công Nam- Full nội thất đẹp- dự án Feliz Homes- LH:0961 158 ***,"6,9 tỷ",90 m²,"76,67 tr/m²",3,2,"Hoàng Văn Thụ, Hoàng Mai","20.984606361166065, 105.86021700008658"
42316219,03/03/2025,"Chủ nhà gửi bán Căn hộ Riec CiTy linh đàm. 2 ngủ,2wc vị trí vip tầng 15","3,85 tỷ",63 m²,"61,11 tr/m²",2,2,"Hoàng Liệt, Hoàng Mai","20.9641029747329, 105.821932234564"
40256270,03/03/2025,"Bán gấp căn hộ Gelexia Tam Trinh - 2 ban công view Gamuda, full nội thất cao cấp, 74m2 chỉ 4.4 tỷ!","4,4 tỷ",78 m²,"56,41 tr/m²",2,2,"Yên Sở, Hoàng Mai","20.9729385375977, 105.866355895996"
42315891,03/03/2025,"Bán chung cư 176 Định Công, 69m,2PN,2 WC giá 4,9 tỷ.","4,9 tỷ",69 m²,"71,01 tr/m²",N/A,N/A,"Định Công, Hoàng Mai","20.98305745424335, 105.8341452854184"
42195953,03/03/2025,Chính chủ cần gấp căn chung cư An Bình - full nội thất - Tầng cao - 92m2 x 3PN - 6.4tỷ,"6,4 tỷ",92 m²,"69,51 tr/m²",3,2,"Định Công, Hoàng Mai","20.983278355627082, 105.83120375580187"
41330155,03/03/2025,"Cần bán căn hộ 75 Tam Trinh Helios Tower, vị trí đẹp tiện ích vô cùng,dạ lh: 0986 862 ***.","4,55 tỷ",65 m²,70 tr/m²,2,2,"Mai Động, Hoàng Mai","20.991088104688, 105.862781662385"
42315954,03/03/2025,"Bán tòa chung cư mini phố Nguyễn Chinh Hoàng Mai 15p cho thuê, gà đẻ trứng vàng.","16,5 tỷ",70 m²,"235,71 tr/m²",15,15,"Tân Mai, Hoàng Mai","20.9813589280735, 105.847712726401"
42217785,03/03/2025,Gấp bán căn hộ chung cư 987 Tam Trinh 70m2 3 ngủ 2 wc full nội thất về ở luôn LH 0961 579 ***,4 tỷ,70 m²,"57,14 tr/m²",3,2,"Yên Sở, Hoàng Mai","20.9800689358412, 105.864698192593"
42217425,03/03/2025,Gấp bán căn hộ chung cư toà The One 71m2 2 ngủ 2 wc full nội thất về ở luôn LH 0961 579 ***,"4,35 tỷ",71 m²,"61,27 tr/m²",2,2,"Trần Phú, Hoàng Mai","20.969793868475353, 105.87700427548515"
41584392,03/03/2025,"Bán căn hộ CT36 Định Công Hoàng Mai, Hà Nội. Diện tích: 56,1m2 sử dụng, 60m2 tim tường","3,85 tỷ",56 m²,"68,75 tr/m²",2,2,"Định Công, Hoàng Mai","20.9780823198197, 105.835929490955"
42291765,03/03/2025,"Cc cần bán chung cư K35 Tân Mai, lô góc 2 ngủ, 2wc nhà đầy đủ nội thất đẹp về ở luôn","4,98 tỷ",73 m²,"68,22 tr/m²",2,2,"Tương Mai, Hoàng Mai","20.98406506305523, 105.85122432547868"
42275387,03/03/2025,"[Ảnh thật 100%] Bán nhanh căn hộ tk 2PN, 2vs, 1 ban công, 1 logia, giá chỉ 3.x tỷ - LH 0972 663 ***","3,45 tỷ",57 m²,"60,53 tr/m²",2,2,"Thịnh Liệt, Hoàng Mai","20.9710901343504, 105.844442635441"
36983016,03/03/2025,"Bán CHCC Hateco Yên Sở - Hoàng Mai, DT: 107m2, 3 PN + 2 NVS, giá: 5,6 tỷ có GL, LH: 0964 835 ***","5,6 tỷ",107 m²,"52,34 tr/m²",3,2,"Yên Sở, Hoàng Mai","20.9628705691199, 105.864422850985"
42067982,03/03/2025,"Bán căn hộ Rice City Linh Đàm, 3,8 tỷ, 67m2, view đẹp, pháp lý đầy đủ","3,8 tỷ",67 m²,"56,72 tr/m²",2,2,"Hoàng Liệt, Hoàng Mai","20.9638667112133, 105.822587137028"
40898035,03/03/2025,"Chính chủ bán CHCC cao cấp The One Gamuda gần Vành Đai 3. DT 71m 2PN, 2WC. SĐCC. Lh 0965 259 ***","4,35 tỷ",71 m²,"61,27 tr/m²",2,2,"Yên Sở, Hoàng Mai","20.9692039489746, 105.876914978027"
41958239,03/03/2025,"Bán căn hộ 2PN, chung cư Thanh Bình Garden, Định công, full nội thất, 69m2. LH 0772 272 ***","5,09 tỷ","68,8 m²",74 tr/m²,2,2,"Định Công, Hoàng Mai","20.978338726492034, 105.83618153479402"
41958422,03/03/2025,"Cần bán căn hộ 2PN 2WC, CC Thanh Bình Hoàng Mai, nhà mới về ở luôn, full nội thất, LH 0772 272 ***","5,11 tỷ",69 m²,74 tr/m²,2,2,"Định Công, Hoàng Mai","20.977977884974042, 105.83603507271394"
42286517,03/03/2025,"Bán căn hộ 3 ngủ chung cư Nam Đô - 609 Trương Định, Hoàng Mai","5,15 tỷ",83 m²,"62,05 tr/m²",3,2,"Giáp Bát, Hoàng Mai","20.980020577263666, 105.84468574609684"
39356324,03/03/2025,"Bán căn hộ 89,4m2 tòa DV1 chung cư Rose Town, Ngọc Hồi. Giá 5.8x tỷ. Sổ lâu dài","5,8 tỷ","89,4 m²","64,88 tr/m²",3,2,"Hoàng Liệt, Hoàng Mai","20.9565887451172, 105.844886779785"
41336395,03/03/2025,"Bán căn hộ 80m2 3 ngủ chung cư Hateco Yên Sở, Hoàng Mai, HN. Full nội thất xịn sò","4,6 tỷ",80 m²,"57,5 tr/m²",3,2,"Yên Sở, Hoàng Mai","20.9627342224121, 105.86434173584"
41807496,03/03/2025,"Cần bán căn thương mại cực hiếm tại CHCC @Homes 987 đường Tam Trinh, Hoàng Mai, Hà Nội. Nhỉnh 3 tỷ","3,2 tỷ",55 m²,"58,18 tr/m²",2,2,"Yên Sở, Hoàng Mai","20.9792785613894, 105.864371233693"
42315164,03/03/2025,Gia đình đổi nhà cần Bán căn 46m2 HH2 Linh đàm giá 1.8tỷ.,"1,8 tỷ",46 m²,"39,13 tr/m²",2,1,"Hoàng Liệt, Hoàng Mai","20.9646027000746, 105.826769268945"
42315076,03/03/2025,Em cần thanh khoản căn Nơ 7A bán đảo Linh Đàm,"4,8 tỷ",85 m²,"56,47 tr/m²",3,2,"Đại Kim, Hoàng Mai","20.971558740626822, 105.82861701160432"
42262353,03/03/2025,CHÍNH CHỦ BÁN CĂN HỘ 3 NGỦ HUD8 . D1-CT2 TÂY NAM LINH ĐÀM DT 97M LH 0857 999 ***,"6,1 tỷ",97 m²,"62,88 tr/m²",3,2,"Hoàng Liệt, Hoàng Mai","20.964437523724694, 105.82444040060629"
42314843,03/03/2025,Chính chủ bán căn hộ tầng 8 chung cư CT1 Bắc Linh Đàm,"5,1 tỷ","83,5 m²","61,08 tr/m²",2,2,"Đại Kim, Hoàng Mai","20.9725654422911, 105.820101775012"
41987313,03/03/2025,Chủ nhà gửi các căn hộ giảm giá bán 71m2 - 75m2 - 80m2 giá từ 4tỷ và 90m2 giá từ 4.5tỷ Thông Tấn Xã,"4,3 tỷ",80 m²,"53,75 tr/m²",2,2,"Đại Kim, Hoàng Mai","20.9759999589931, 105.814998447015"
42280004,03/03/2025,"Bán Căn hộ 63 m view thoáng mát Căn hộ thuộc tòa hh3 Linh đàm , 2 ngủ 2 vs ful nội thất giá 2ty59","2,59 tỷ",63 m²,"41,11 tr/m²",2,2,"Hoàng Liệt, Hoàng Mai","20.962958767678444, 105.8279551245493"
42314773,03/03/2025,Chung cư Định Công - 3 ngủ rộng + 2vs - căn góc tặng full nội thất 80m2,"4,8 tỷ",80 m²,60 tr/m²,3,2,"Định Công, Hoàng Mai","20.985580021168612, 105.83204637880878"
41884623,03/03/2025,Hạ giá - cần bán căn hộ 3 ngủ Thông Tấn Xã - DT 84.2m2 - 2N 2VS - giá từ 4.5 tỷ(giá thương lượng),5 tỷ,"84,2 m²","59,38 tr/m²",3,2,"Đại Kim, Hoàng Mai","20.975802579621789, 105.81463130813319"
41225430,03/03/2025,"Căn hộ nhà vuông, căn góc, DT 100m2 - đủ đồ đẹp - 3PN - 2VS - tầng trung, giá 6.2 tỷ CC Vinaconex 2","6,2 tỷ",100 m²,62 tr/m²,3,2,"Đại Kim, Hoàng Mai","20.9732913970947, 105.820007324219"
38010721,03/03/2025,Bán gấp CHCC Kim Văn Kim Lũ 56m2 căn góc tầng trung đẹp lung linh giá 2.6 tỷ (SĐCC),"2,6 tỷ",56 m²,"46,43 tr/m²",2,2,"Đại Kim, Hoàng Mai","20.9732913970947, 105.820007324219"
39109809,03/03/2025,"Bán chung cư 176 Định Công, Hoàng Mai 68m2, 2 ngủ, 2 VS, nội thất 350 triệu, slot oto, 4 tỷ 550","4,55 tỷ",68 m²,"66,91 tr/m²",2,2,"Định Công, Hoàng Mai","20.9827823638916, 105.834381103516"
40240466,03/03/2025,"Bán gấp căn 65m2 Kim Văn Kim Lũ 2,85 tỷ (SĐCC)","2,85 tỷ",65 m²,"43,85 tr/m²",3,2,"Đại Kim, Hoàng Mai","20.973460555058814, 105.82035446315932"
42302090,03/03/2025,"Bán gấp CC 3PN, 2WC tại Hateco Hoàng Mai, 4,9 tỷ, 90m2. LH: 0917 208 ***","4,9 tỷ",90 m²,"54,44 tr/m²",3,2,"Yên Sở, Hoàng Mai","20.961967337968, 105.86442144892621"
42290088,03/03/2025,"Bán CC 3PN, 2WC tại Tam Trinh, 4,5 tỷ, 70m2, Hoàng Mai, Hà Nội","4,5 tỷ",70 m²,"64,29 tr/m²",3,2,"Yên Sở, Hoàng Mai","20.979836357810406, 105.86518156356898"
42280631,03/03/2025,"Bán CC New Horizon City 87 Lĩnh Nam, 5,1 tỷ, 79m2, 2PN, 2WC chỉ với giá siêu hời","5,1 tỷ",79 m²,"64,56 tr/m²",2,2,"Mai Động, Hoàng Mai","20.989666777618517, 105.86595125094959"
42280721,03/03/2025,"Bán CC Hateco Hoàng Mai, 4,9 tỷ, 89,2m2, 3PN, 2WC, siêu hot","4,9 tỷ","89,2 m²","54,93 tr/m²",3,2,"Yên Sở, Hoàng Mai","20.96258908760025, 105.86425812525765"
41636645,03/03/2025,Bán chung cư CT2A Vĩnh Hoàng - toà đẹp nhất - căn góc - tầng trung - 55m2 giá 3.1 tỷ,"3,1 tỷ",55 m²,"56,36 tr/m²",2,N/A,"Vĩnh Hưng, Hoàng Mai","20.984697341918945, 105.86615753173828"
42312478,03/03/2025,Hiếm! 2N2VS giá tốt sở hữu lâu dài bao phí - khu dân trí cao thoáng mật độ thấp - full nội thất,"2,64 tỷ",70 m²,"37,7 tr/m²",2,2,"Đại Kim, Hoàng Mai","20.957140660237314, 105.84366724903747"
42202170,03/03/2025,"Tôi chính chủ cần bán gấp căn 91m, 3 ngủ chung cư An Bình , full nội thất đẹp",Giá thỏa thuận,91 m²,N/A,N/A,N/A,"Định Công, Hoàng Mai","20.983727009229977, 105.83131551200286"
42314215,03/03/2025,"Em bán căn hộ HH2 Linh Đàm tầng 11, 2ngủ + 2WC. Giá 2.39ty","2,39 tỷ",56 m²,"42,68 tr/m²",2,2,"Hoàng Liệt, Hoàng Mai","20.96399913063453, 105.82710576232441"
42304694,03/03/2025,Cần bán gấp căn hộ đẹp vị trí đắc địa full nội thất,"4,3 tỷ",70 m²,"61,43 tr/m²",3,2,"Yên Sở, Hoàng Mai","20.9795660484242, 105.864905554399"
42309325,03/03/2025,"Bán chung cư căn góc toà CT2 - TP Tây Nam Linh Đàm. Nội thất y hình, 40m2 - 2.68 tỷ. LH 0933 900 ***","2,68 tỷ",40 m²,67 tr/m²,2,1,"Hoàng Liệt, Hoàng Mai","20.962593827304737, 105.82105063014593"
42309819,03/03/2025,"Bán CHCC chung cư Đền Lừ 60m2, 3 phòng ngủ + 1WC giá 3,8 tỷ. Liên hệ: 0917 208 ***","3,8 tỷ",60 m²,"63,33 tr/m²",2,2,"Hoàng Văn Thụ, Hoàng Mai","20.9839097735063, 105.85960619274"
42302165,03/03/2025,Cực hiếm - bán căn hộ 3 ngủ CT5X2 Linh Đàm - nội thất cao cấp mới - tầng đẹp - chỉ 4.7 tỷ,"4,7 tỷ",82 m²,"57,32 tr/m²",3,2,"Hoàng Liệt, Hoàng Mai","20.97142184998432, 105.82819586945189"
42307954,03/03/2025,"Bán căn hộ tòa CT36 Định Công, căn góc, view hồ, tặng NT, 2 ngủ, 4,02 tỷ","4,02 tỷ",67 m²,60 tr/m²,2,2,"Định Công, Hoàng Mai","20.97859873156143, 105.8353518872463"
42307868,03/03/2025,"Bán căn CC tòa A5 Đại Kim, nhà đẹp, NT xịn, 118m, SDCC, 5.723 tỷ","5,72 tỷ",118 m²,"48,5 tr/m²",3,2,"Đại Kim, Hoàng Mai","20.97227004672, 105.819991712563"
42307577,03/03/2025,"Bán căn hộ tại The Two Residence - Gamuda Garden, 111m2, Hoàng Mai, Hà Nội","9,2 tỷ",111 m²,"82,88 tr/m²",3,2,"Trần Phú, Hoàng Mai","20.970321700095575, 105.877373248993"
42314205,03/03/2025,"Bán căn hộ 97m2, 3N+2WC tại K35 Tân Mai giá 7,7 tỷ. LH: 0917 208 ***","7,7 tỷ","96,5 m²","79,79 tr/m²",3,2,"Tương Mai, Hoàng Mai","20.983908506377, 105.85225469079465"
42302358,03/03/2025,"Bán CC HUD3 Tây Nam Linh Đàm, 3,8 tỷ, 58m2, 2PN, pháp lý đầy đủ, giá siêu hời","3,8 tỷ",58 m²,"65,52 tr/m²",2,2,"Hoàng Liệt, Hoàng Mai","20.964898927697522, 105.82569997666394"
42307362,03/03/2025,Chính chủ bán căn penthouse góc tòa VP5 bán đảo Linh Đàm giá cực tốt 2.x tỷ LH 0967 070 ***,"2,75 tỷ",70 m²,"39,29 tr/m²",2,2,"Hoàng Liệt, Hoàng Mai","20.96277965397972, 105.83121584232964"
42309912,03/03/2025,Căn góc - 2 ngủ - full nội thất cao cấp - DT: 70m2 hơn 5 tỷ,"5,2 tỷ",70 m²,"74,29 tr/m²",2,2,"Tương Mai, Hoàng Mai","20.98348107406832, 105.8520031821403"
42263514,03/03/2025,"Cần bán căn hộ 75m 2 ngủ tại Osaka , liên hệ: 0368 945 ***","4,2 tỷ",75 m²,56 tr/m²,2,2,"Hoàng Liệt, Hoàng Mai","20.9586646537688, 105.838120582421"
42175658,03/03/2025,"Bán căn hộ 2 ngủ 52m2 tại Thanh Bình garden, giá ưu đãi, liên hệ: 0368 945 ***",Giá thỏa thuận,"51,3 m²",N/A,2,1,"Định Công, Hoàng Mai","20.97733960800902, 105.83586253423424"
42283775,03/03/2025,"Tôi cần bán căn hộ 91m2, 3 ngủ đẹp tại chung cư An Bình, liên hệ: 0368 945 ***","6,47 tỷ",91 m²,"71,1 tr/m²",3,2,"Định Công, Hoàng Mai","20.982804603057016, 105.83197739961204"
42310444,03/03/2025,"Bán căn hộ chung cư 3PN, 2WC tại Pháp Vân Tứ Hiệp, Hoàng Mai, Hà Nội, giá ưu đãi 3,8 triệu VND","3,8 tỷ","80,6 m²","47,15 tr/m²",3,2,"Hoàng Liệt, Hoàng Mai","20.95625234768044, 105.84521981735926"
41433100,03/03/2025,"Căn hộ 3 PN giá ưu đãi 5tỷ5 tại B1 - B2 Tây Nam Linh Đàm, 93m2 - đẹp - giá tốt - nhiều tiện ích","5,3 tỷ",93 m²,"56,99 tr/m²",3,2,"Hoàng Liệt, Hoàng Mai","20.9642238616943, 105.823181152344"
42303702,03/03/2025,"Bán Căn hộ chung cư đẹp tại Rice City Linh Đàm, 3,6 tỷ, 60m2, nhiều tiện ích","3,6 tỷ",60 m²,60 tr/m²,2,2,"Hoàng Liệt, Hoàng Mai","20.96340487809635, 105.82286711974373"
42302740,03/03/2025,"Bán CH 3PN 2WC tại Nam Đô Complex, 5,15 tỷ, 83m2, Hoàng Mai, Hà Nội","5,15 tỷ",83 m²,"62,05 tr/m²",3,2,"Giáp Bát, Hoàng Mai","20.980016804469823, 105.84445889612367"
42302458,03/03/2025,"Bán căn hộ chung cư The Two tại Gamuda Gardens, 5,65 tỷ, 78 m2, 2PN+2 WC","5,65 tỷ",78 m²,"72,44 tr/m²",2,2,"Trần Phú, Hoàng Mai","20.97114400455438, 105.878403269535"
42302200,03/03/2025,"Bán CC Gamuda The One DT: 71m2, 2PN, 2WC, giá siêu hời 4,35 tỷ LH: 0917 208 ***","4,35 tỷ",71 m²,"61,27 tr/m²",2,2,"Trần Phú, Hoàng Mai","20.969345453748616, 105.87724746334885"
42313862,03/03/2025,"Bán CHCC HUD3 số 60 Nguyễn Đức Cảnh cực đẹp. DT 70m2, 2PN+ 2WC giá 5,2 tỷ. LH: 0917 208 ***","5,2 tỷ",70 m²,"74,29 tr/m²",2,2,"Tương Mai, Hoàng Mai","20.987259979824753, 105.84978441761243"
42313740,03/03/2025,"bán căn hộ tại tòa OCT2 DN2 Bắc Linh Đàm với các thông tin như sau: Thiết kế 3 phòng ngủ, 2 W","4,35 tỷ",80 m²,"54,38 tr/m²",3,2,"Đại Kim, Hoàng Mai","20.9729616785987, 105.82041864564766"
42313519,03/03/2025,Bán căn chung cư 165 Trần Hòa - Đại Kim - Hoàng Mai. DT 63m2 - giá 3.4 tỷ - căn 2 ngủ - sẵn sổ,"3,4 tỷ",63 m²,"53,97 tr/m²",2,1,"Đại Kim, Hoàng Mai","20.974332945357634, 105.8252132997017"
42313479,03/03/2025,Chính chủ bán chung cư căn hộ Rice City toà Nam Linh Đàm LH; 0929 656 ***,Giá thỏa thuận,70 m²,N/A,3,2,"Hoàng Liệt, Hoàng Mai","20.963681280740218, 105.8232331951347"
42313477,03/03/2025,Chính chủ bán căn hộ chung cư Thanh Bình Garden Hoàng Mai 0929 656 ***,"3,8 tỷ","51,3 m²","74,07 tr/m²",2,1,"Định Công, Hoàng Mai","20.9775948044014, 105.836430245231"
42313476,03/03/2025,Chính chủ bán căn hoa hậu An Bình Định Kim Hoàng Mai 3 ngủ LH 0929 656 ***,"8,3 tỷ",113 m²,"73,45 tr/m²",3,2,"Định Công, Hoàng Mai","20.983517677146132, 105.83109493753508"
42313475,03/03/2025,Chính chủ bán căn hộ chung cư tại Đại Kim Building Liên hệ: 0929 656 ***,"3,9 tỷ","63,4 m²","61,51 tr/m²",2,2,"Đại Kim, Hoàng Mai","20.97411860206524, 105.82569565398734"
42313474,03/03/2025,Chính chủ cần bán căn hoa hậu X2 Đại Kim siêu đẹp 0929 656 ***,Giá thỏa thuận,86 m²,N/A,3,2,"Đại Kim, Hoàng Mai","20.97675730377188, 105.82590313725913"
42215704,03/03/2025,"Gia đình tan vớ cần thanh lý căn hộ 3PN 100m2, HTLS 0% 24th, CK 8%, quà tặng tân gia 1 cây vàng","5,9 tỷ",100 m²,59 tr/m²,3,2,"Hoàng Liệt, Hoàng Mai","20.957849265928438, 105.82590304275438"
42216464,03/03/2025,"Bán căn hộ chung cư Hà Nội Melody Residences, 3,8 tỷ, 68 m2, giá cực chất","3,8 tỷ",68 m²,"55,88 tr/m²",2,2,"Hoàng Liệt, Hoàng Mai","20.95880306824234, 105.82635871372095"
42100580,02/03/2025,Chính chủ bán gấp 2pn dt 80m giá 5 tỷ full nội thất Rose Town Ngọc Hồi,5 tỷ,80 m²,"62,5 tr/m²",2,2,"Hoàng Liệt, Hoàng Mai","20.955844885975683, 105.84474925452615"
42210770,02/03/2025,"Bán CC 3PN, 2WC, 83m2 tại CT3 Tây Nam Linh Đàm, 4,8 tỷ, full nội T Hoàng Mai, Hà Nội Lh 0978 331 ***","4,8 tỷ",83 m²,"57,83 tr/m²",3,2,"Hoàng Liệt, Hoàng Mai","20.964466006741144, 105.82503182546596"
42312995,02/03/2025,"Bán căn 2 ngủ Bea Sky, giá siêu hời, 69m2, full nội thất đẹp, sổ đỏ sẵn(cần bán gấp)",4 tỷ,69 m²,"57,97 tr/m²",2,2,"Đại Kim, Hoàng Mai","20.973914024477725, 105.8207330430579"
42273537,02/03/2025,"Rất thiện chí bán giá thật căn 81,3m (2 ngủ 2 WC) tại Eco Lake View","4,6 tỷ","81,3 m²","56,58 tr/m²",2,2,"Đại Kim, Hoàng Mai","20.9723602613742, 105.838651292361"
42129890,02/03/2025,"Cần bán căn 2 ngủ (74,7m2) tim tường Eco Lake View","4,2 tỷ","74,7 m²","56,22 tr/m²",2,2,"Đại Kim, Hoàng Mai","20.97276078266482, 105.83853336005296"
42309256,02/03/2025,"BÁN CĂN HỘ CC GÓC CT2TP TÂY NAM LINH ĐÀM 2N, 1WC, GIÁ 2.65tỷ","2,65 tỷ",40 m²,"66,25 tr/m²",2,1,"Hoàng Liệt, Hoàng Mai","20.9615702870289, 105.835009171656"
42305092,02/03/2025,Bán căn hộ chung cư 2PN + 1WC tại HH2A Linh Đàm Hoàng Liệt Hoàng Mai Hà Nội giá 1.96tỷ,"1,96 tỷ",45 m²,"43,56 tr/m²",2,1,"Hoàng Liệt, Hoàng Mai","20.963604356722392, 105.8276544374343"
42288790,02/03/2025,Chính chủ bán căn hộ 84m2 tầng cao căn góc tòa OCT1 - X1 - ĐN2 Bắc Linh Đàm - Hoàng Mai,"3,4 tỷ",84 m²,"40,48 tr/m²",3,2,"Đại Kim, Hoàng Mai","20.9712565916034, 105.827982580241"
42312792,02/03/2025,Chính chủ bán căn hộ chung cư Thanh Bình Garden Hoàng Mai 0929 656 ***,"3,8 tỷ","51,3 m²","74,07 tr/m²",2,1,"Định Công, Hoàng Mai","20.9779939311619, 105.835362435158"
42312784,02/03/2025,Chính chủ bán căn hoa hậu An Bình Định Kim Hoàng Mai 3 ngủ LH 0929 656 ***,"8,3 tỷ",113 m²,"73,45 tr/m²",3,2,"Định Công, Hoàng Mai","20.983680335334956, 105.8327229622436"
42312774,02/03/2025,Chính chủ bán căn hộ chung cư tại Đại Kim Building. Liên hệ: 0929 656 ***,"3,9 tỷ","63,4 m²","61,51 tr/m²",2,2,"Đại Kim, Hoàng Mai","20.97638178202904, 105.82543973122054"
42312763,02/03/2025,Chính chủ cần bán căn hoa hậu X2 Đại Kim siêu đẹp 0929 656 ***,Giá thỏa thuận,86 m²,N/A,3,2,"Đại Kim, Hoàng Mai","20.976427878090114, 105.82543128246493"
42312646,02/03/2025,Bán căn 2 ngủ đẹp nhất nhì tại Athena Complex Hoàng Mai,"3,2 tỷ",66 m²,"48,48 tr/m²",2,2,"Hoàng Liệt, Hoàng Mai","20.9584278202168, 105.843048473458"
42312681,02/03/2025,Chính chủ cần bán CC Sky Central 176 Định Công 98m2 3 ngủ giá 6 tỷ,6 tỷ,98 m²,"61,22 tr/m²",3,2,"Định Công, Hoàng Mai","20.98279286897495, 105.83433436379048"
42229296,02/03/2025,"CH 3PN độc nhất với diện tích 89m2 chỉ 5,3 tỷ hướng mát TN, view không bị che chắn, tặng 5 chỉ vàng","5,1 tỷ",89 m²,"57,3 tr/m²",3,2,"Hoàng Liệt, Hoàng Mai","20.958733674457665, 105.8263949994474"
41004501,02/03/2025,Bán CHCC 60 Nguyễn Đức Cảnh tòa HUD3 căn góc cực hiếm. DT 75m2 2PN 2WC,"5,2 tỷ",75 m²,"69,33 tr/m²",2,2,"Tương Mai, Hoàng Mai","20.987325668335, 105.849838256836"
38124944,02/03/2025,"Bán CHCC @Home 987 Tam Trinh. DT: 70m2 3PN + 2WC. Giá: 4,1 tỷ có TL. LH: 0964 835 ***","4,1 tỷ",70 m²,"58,57 tr/m²",3,2,"Yên Sở, Hoàng Mai","20.97993278503418, 105.86463165283203"
42311763,02/03/2025,"Bán căn hộ 3PN, 2WC tại HH2 Linh Đàm, 3,15 tỷ, 83 m2, Q.Hoàng Mai, HN chỉ với uy tín","3,15 tỷ",83 m²,"37,95 tr/m²",3,2,"Hoàng Liệt, Hoàng Mai","20.964102165957016, 105.82704182507148"
42311656,02/03/2025,NHẬN NHÀ NGAY - 2 NGỦ - NỘI THẤT MỚI - TÒA BẮC RICE CITY LINH ĐÀM - GIÁ 4.1 TỶ,"4,1 tỷ",68 m²,"60,29 tr/m²",2,2,"Hoàng Liệt, Hoàng Mai","20.9621286614154, 105.820629154978"
42067223,02/03/2025,"Bán CH đẹp tại HH2 Linh Đàm, 1,98 tỷ, 48m2, 2PN, 1WC, nhiều tiện ích","1,98 tỷ",48 m²,"41,25 tr/m²",2,1,"Hoàng Liệt, Hoàng Mai","20.963758048385376, 105.82673963442741"
42063351,02/03/2025,"Căn hộ HH2 Linh Đàm, 2,5 tỷ, 67m2, 2PN, 2WC bao đẹp, giá ưu đãi","2,5 tỷ",67 m²,"37,31 tr/m²",2,2,"Hoàng Liệt, Hoàng Mai","20.964294627481586, 105.82729516449925"
42067238,02/03/2025,"Bán CC 72m2, 2PN, 2WC, HH1 Linh Đàm, 2,6 tỷ, Hoàng Mai, Hà Nội","2,6 tỷ",72 m²,"36,11 tr/m²",2,2,"Hoàng Liệt, Hoàng Mai","20.964600991612187, 105.82715061598788"
42311640,02/03/2025,"Bán CC tại CT3 Tây Nam Linh Đàm, 3,6 tỷ, 60 m2, hàng hiếm uy tín","3,6 tỷ",60 m²,60 tr/m²,2,2,"Hoàng Liệt, Hoàng Mai","20.964629745805, 105.82479390105111"
42311638,02/03/2025,"Bán căn hộ 2PN, 2WC tại Nhà ở xã hội @Home, 987, Đường Tam Trinh, Hoàng Mai, 4,1 tỷ VND","4,1 tỷ",67 m²,"61,19 tr/m²",2,2,"Yên Sở, Hoàng Mai","20.97993278503418, 105.86463165283203"
42203032,02/03/2025,"Chính chủ - bán chung cư A1 Lĩnh Nam - Tam Trinh - Hoàng Mai, nội thất đầy đủ, sổ hồng vĩnh viễn",800 triệu,38 m²,"21,05 tr/m²",1,1,"Lĩnh Nam, Hoàng Mai","20.9819266053183, 105.879725672589"
42311531,02/03/2025,Chính chủ cần bán căn hoa hậu X2 Đại Kim siêu đẹp 0929 656 ***,Giá thỏa thuận,86 m²,N/A,3,2,"Đại Kim, Hoàng Mai","20.976517146554123, 105.82529457418278"
42311514,02/03/2025,Chính chủ căn hộ Osaka Complex Ngọc Hồi Hoàng Mai liên hệ: 0929 656 ***,"4,2 tỷ","75,06 m²","55,96 tr/m²",2,2,"Hoàng Liệt, Hoàng Mai","20.958268769071665, 105.83800887205463"
42311503,02/03/2025,Chính chủ bán căn hộ chung cư tại Đại Kim Building. Liên hệ: 0929 656 ***,"3,9 tỷ","63,4 m²","61,51 tr/m²",2,2,"Đại Kim, Hoàng Mai","20.975064465663436, 105.82580664213158"
40940899,02/03/2025,"Bán gấp căn hộ cao cấp Helios 75 Tam Trinh, full nội thất, bể bơi 4 mùa, 70m2, giá 4.8 tỷ","4,8 tỷ",70 m²,"68,57 tr/m²",2,2,"Mai Động, Hoàng Mai","20.9945850372314, 105.863395690918"
42311483,02/03/2025,Chính chủ bán căn hoa hậu An Bình Định Kim Hoàng Mai 3 ngủ LH 0929 656 ***,"8,3 tỷ",113 m²,"73,45 tr/m²",3,2,"Định Công, Hoàng Mai","20.98314421208473, 105.83182797480174"
42311472,02/03/2025,Chính chủ bán căn hộ chung cư Thanh Bình Garden Hoàng Mai 0929 656 ***,"3,8 tỷ","51,3 m²","74,07 tr/m²",2,1,"Định Công, Hoàng Mai","20.97741916118694, 105.83560091096176"
42311436,02/03/2025,Chính chủ bán chung cư căn hộ Rice City toà Nam Linh Đàm LH; 0929 656 ***,Giá thỏa thuận,70 m²,N/A,3,2,"Hoàng Liệt, Hoàng Mai","20.963722358904782, 105.82259896022971"
42309310,02/03/2025,Chính chủ - Bán chung cư K1 Minh Khai - Tam Trinh - TimeCity - DT 30 - 55m2,800 triệu,35 m²,"22,86 tr/m²",1,1,"Lĩnh Nam, Hoàng Mai","20.996075072389, 105.861951014487"
42311269,02/03/2025,"Bán chung cư HH Linh Đàm đang cần bán gấp 70m2 căn 2 ngủ ở HH2B giá 3,2 tỷ. LH: 0365 904 ***","3,2 tỷ",70 m²,"45,71 tr/m²",N/A,N/A,"Hoàng Liệt, Hoàng Mai","20.9625464443951, 105.8208007534464"
42296474,02/03/2025,"Hàng hiếm tại Gamuda City, 4,35 tỷ, 71m2, 2PN, 2WC, full nội thất","4,35 tỷ",71 m²,"61,27 tr/m²",2,2,"Yên Sở, Hoàng Mai","20.9700645254896, 105.871572502952"
42280785,02/03/2025,"Bán gấp căn hộ chung cư Gamuda City, 4,35 tỷ, 71m2, 2PN, 2WC, đầy đủ tiện ích","4,35 tỷ",71 m²,"61,27 tr/m²",2,2,"Yên Sở, Hoàng Mai","20.970499310798974, 105.8719941646575"
37979231,02/03/2025,"Cần bán căn hộ chung cư 987 đường Tam Trinh, Hoàng Mai, Hà Nội. 70m2, 3 phòng ngủ + 2 WC","4,1 tỷ",70 m²,"58,57 tr/m²",3,2,"Yên Sở, Hoàng Mai","20.9799327850342, 105.864631652832"
42310952,02/03/2025,"Bán CHCC Hateco Hoàng Mai - 2pn - 1wc - 52,1m2 - Giá 3 tỷ 3 có thương lượng","3,3 tỷ","52,1 m²","63,34 tr/m²",2,1,"Yên Sở, Hoàng Mai","20.96296382231357, 105.86366659506693"
36975415,02/03/2025,"Bán CHCC Vật tư du lịch - Trần Thủ Độ . DT: 75m2. 2 PN + 2NVS. Giá:4,4 tỷ. LH: 0964 835 ***","4,4 tỷ",75 m²,"58,67 tr/m²",2,2,"Hoàng Liệt, Hoàng Mai","20.962495803833, 105.844841003418"
42310750,02/03/2025,"Bán CHCC Sunshine Palace 13 Lĩnh Nam-Hoàng Mai.Dt 87m2,2 ngủ,2wc,bc,logia.Full nội thất.đã có sổ.",6 tỷ,87 m²,"68,97 tr/m²",2,2,"Mai Động, Hoàng Mai","20.99015103778848, 105.8686518206934"
42310782,02/03/2025,"Bán CHCC Sunshine Place ngõ 13 Lĩnh Nam cực đẹp. DT 87m2, 2PN+2 WC. Giá 6,1 tỷ. LH: 0917 208 ***","6,1 tỷ",87 m²,"70,11 tr/m²",2,2,"Mai Động, Hoàng Mai","20.989781641795776, 105.86822486373435"
42217301,02/03/2025,"Bán CHCC The One - Gamuda Yên Sở. DT 71m2, 2ngủ, 2wc. Full nội thất. Sổ chính chủ. LH 0962 139 ***","4,35 tỷ",71 m²,"61,27 tr/m²",2,2,"Trần Phú, Hoàng Mai","20.969464164929946, 105.87737209859377"
42310490,02/03/2025,"Bán Căn hộ 3PN, 2WC tại Pháp Vân Tứ Hiệp, 3,85 tỷ, 78m2 - Giá cực chất","3,85 tỷ",78 m²,"49,36 tr/m²",3,2,"Hoàng Liệt, Hoàng Mai","20.956699930525023, 105.84475889876099"
42310474,02/03/2025,"Cần bán CC KĐT Bắc Linh Đàm, DT 80M, giá 4ty. LH MAI 0393 213 ***",4 tỷ,80 m²,50 tr/m²,2,1,"Đại Kim, Hoàng Mai","20.971635701329223, 105.8278179794155"
42310455,02/03/2025,"Bán CC 3PN, 2WC, 4,5 tỷ tại Pháp Vân Tứ Hiệp, Hoàng Liệt, Hoàng Mai, HN","4,5 tỷ","80,6 m²","55,83 tr/m²",3,2,"Hoàng Liệt, Hoàng Mai","20.95607515282181, 105.84471887209628"
42208835,02/03/2025,Bán CHCC T&T Riverview 440 Vĩnh Hưng DT 80m2 có 2PN 2WC view cực thoáng đẹp,"4,7 tỷ",80 m²,"58,75 tr/m²",2,2,"Vĩnh Hưng, Hoàng Mai","20.999024302704576, 105.88072369848614"
42283334,02/03/2025,"Bán nhanh căn hộ chung cư Hoà Phát Mandarin Garden 2 tại số 99 Tân Mai, Hoàng Mai, HN LH 0962 55227","6,3 tỷ",85 m²,"74,12 tr/m²",2,2,"Tân Mai, Hoàng Mai","20.983754573502317, 105.84628614750636"
42310412,02/03/2025,"Bán Căn Hộ Chung Cư tại Pháp Vân Tứ Hiệp, 4,58 tỷ, 91 m2, giá siêu hời!","4,58 tỷ",91 m²,"50,33 tr/m²",3,N/A,"Hoàng Liệt, Hoàng Mai","20.955616538524374, 105.84487520817599"
40340199,02/03/2025,Bán căn hộ chung cư KĐT Vĩnh Hoàng. DT 70m2. Thiết kế 2 phòng ngủ + WC giá: 3.3tỷ LH: 0962 552 ***,"3,3 tỷ",70 m²,"47,14 tr/m²",2,2,"Hoàng Văn Thụ, Hoàng Mai","20.9846973419189, 105.866157531738"
38993097,02/03/2025,"Bán CHCC tòa The One Gamuda, DT 72m2 2PN 2WC, view KĐT Gamuda cực thoáng","4,35 tỷ",72 m²,"60,42 tr/m²",2,2,"Yên Sở, Hoàng Mai","20.9692039489746, 105.876914978027"
39683671,02/03/2025,"Chính chủ bán căn 104m2, DV01, Rose Town, 3 ngủ, đã có nội thất","6,8 tỷ","104,4 m²","65,13 tr/m²",3,2,"Hoàng Liệt, Hoàng Mai","20.9565887451172, 105.844886779785"
42310273,02/03/2025,Cc cần bán chcc 60m2 tại Hateco Yên sở Hoàng Mai,"3,6 tỷ",60 m²,60 tr/m²,2,1,"Yên Sở, Hoàng Mai","20.96201483021414, 105.86481778709589"
40365912,02/03/2025,Bán căn hộ 2PN B03 tại Athena Complex Pháp Vân đã bàn giao nhà giá chỉ 53 triệu/m2 LH: 0582 288 ***,Giá thỏa thuận,67 m²,N/A,2,2,"Đại Kim, Hoàng Mai","20.9739685058594, 105.82169342041"
42307020,02/03/2025,"Bán căn hộ HUD CT5 X2 Tây Nam Linh Đàm, 78m2, 3 ngủ 2 vs, căn góc 2 mặt view xịn, giá 4tỷ695 sổ đỏ","4,7 tỷ",78 m²,"60,19 tr/m²",3,2,"Hoàng Liệt, Hoàng Mai","20.962682184342995, 105.8214900876521"
42308258,02/03/2025,Bán căn hộ OCT2 - DN2 Bắc Linh Đàm DT: 65m2 2PN 2WC giá 3.5 tỷ sổ đỏ chính chủ LH E Trọng,"3,5 tỷ",65 m²,"53,85 tr/m²",2,2,"Đại Kim, Hoàng Mai","20.971715756834733, 105.82820113713584"
42310221,02/03/2025,Bán căn hộ 2 ngù CT2TP Tây Nam linh Đàm nhà đẹp full nội thất,Giá thỏa thuận,42 m²,N/A,2,1,"Hoàng Liệt, Hoàng Mai","20.9632265319355, 105.82087626556948"
42272807,02/03/2025,"Bán căn hộ 2N 78m2 chung cư K35 Tân Mai, căn hộ view đẹp full nội thất. LH: 0826 465 ***",Giá thỏa thuận,78 m²,N/A,2,2,"Tương Mai, Hoàng Mai","20.9835024950098, 105.851760210104"
42310076,02/03/2025,"Bán CHCC Toà The Two Gamuda Trần Phú Hoàng Mai.DT: 78m2,2PN+2VS giá 5,65 tỷ. LH:0917 208 ***","5,65 tỷ",78 m²,"72,44 tr/m²",2,2,"Trần Phú, Hoàng Mai","20.971506222207115, 105.87789368202566"
42310075,02/03/2025,"Gia đình cần bán nhanh lô góc Kim Văn Kim Lũ CHCC CT12A 56m2, 2PN, 2WC, SĐCC. Giá 2,82 tỷ","2,82 tỷ",56 m²,"50,36 tr/m²",2,2,"Đại Kim, Hoàng Mai","20.97332808722208, 105.82001930388455"
42309070,02/03/2025,"Tuyển tập 1 số căn 3PN góc siêu đẹp Hanoi Melody Linh Đàm, giá đầu tư, 0392 942 ***","5,52 tỷ",101 m²,"54,6 tr/m²",3,2,"Hoàng Liệt, Hoàng Mai","20.958168317755984, 105.82709911643596"
42307571,02/03/2025,"Bán căn hộ chung cư HH3 Linh Đàm, 2,2 tỷ, 63m2, 2PN, 2WC, Lh 0978 331 ***","2,2 tỷ",63 m²,"34,92 tr/m²",2,2,"Hoàng Liệt, Hoàng Mai","20.963516533438376, 105.8281409205051"
42309623,02/03/2025,"Bán CHCC Toà B căn góc chung cư Đồng Phát. DT 87m2, 3PN+2 WC giá 4,88 tỷ. LH: 0917 208 ***","4,88 tỷ",87 m²,"56,09 tr/m²",3,2,"Vĩnh Hưng, Hoàng Mai","20.980538963335334, 105.87471490865269"
42274794,02/03/2025,Chính chủ cần bán căn góc 3PN diện tích 88m chung cư Bea Sky giá 6 tỷ,6 tỷ,88 m²,"68,18 tr/m²",3,2,"Đại Kim, Hoàng Mai","20.9747974938793, 105.821808349795"
38014917,02/03/2025,Bán CHCC Gelexia Riverside căn góc view cực thoáng đẹp. DT 120m2 3PN 2WC,"6,8 tỷ",120 m²,"56,67 tr/m²",3,2,"Yên Sở, Hoàng Mai","20.9729385375977, 105.866355895996"
42309577,02/03/2025,"căn hộ chung cư tại Osaka Complex, 3,85 tỷ, 72 m2, 2PN + 2W85 tỷ, 72 m2, 2PN + 2WC, giá ưu đãi!","3,85 tỷ",72 m²,"53,47 tr/m²",2,2,"Hoàng Liệt, Hoàng Mai","20.958371874759134, 105.83824455360794"
42309397,02/03/2025,"Bán căn hộ Gelexia Riverside, 5,4 tỷ, 87m2, 3PN, 2WC tại Đường Tam Trinh, Hoàng Mai, Hà Nội","5,4 tỷ",87 m²,"62,07 tr/m²",3,2,"Yên Sở, Hoàng Mai","20.972749574509127, 105.8658991912801"
42309393,02/03/2025,"Bán căn hộ 2PN, 2WC, 85m2 tại Viễn Đông Star, Giáp Nhị, Hoàng Mai, Hà Nội, giá siêu hời","3,8 tỷ",85 m²,"44,71 tr/m²",2,2,"Thịnh Liệt, Hoàng Mai","20.97793836070012, 105.84361642490093"
42309379,02/03/2025,"Bán căn hộ chung cư HATECO Yên sở, Hoàng mai, HN. toà B căn góc, 97.5m2 -3pn-5tỷ TL. Lh 0933 900 ***",5 tỷ,97 m²,"51,55 tr/m²",3,2,"Yên Sở, Hoàng Mai","20.962530426342195, 105.86403823160154"
42309332,02/03/2025,"BÁN CĂN CC REC CITY TÂY NAM LINH ĐÀM 2N, 2 WC DT: 65m2","3,85 tỷ",65 m²,"59,23 tr/m²",2,2,"Hoàng Liệt, Hoàng Mai","20.9615583522749, 105.8351423034"
42309331,02/03/2025,"Căn hộ 2PN, 2WC tại Nhà ở xã hội @Home, Đường Tam Trinh, Đường Tam Trinh, Hoàng Mai, 4,1 tỷ giá tốt","4,1 tỷ",70 m²,"58,57 tr/m²",2,2,"Yên Sở, Hoàng Mai","20.979400393435878, 105.86469567345203"
41877548,02/03/2025,"Ngoại giao, chuyển nhượng, CĐT: Đầu tư căn 2PN 3 - 3,8 tỷ 56 - 65m2 - 68 - 71m2, Vay 0%/24t, Ck 11%",4 tỷ,71 m²,"56,34 tr/m²",2,2,"Hoàng Liệt, Hoàng Mai","20.958906804792623, 105.82643201100232"
41790634,02/03/2025,"(Căn mới) Bán nhanh căn góc hoa hậu 3PN, DT 130m2, tầng trung, full NT, view thoáng, sổ chính chủ","10,3 tỷ",130 m²,"79,23 tr/m²",3,2,"Tân Mai, Hoàng Mai","20.983789385892628, 105.84667834946426"
41790397,02/03/2025,"(Căn mới) bán gấp căn 2N/2WC, DT 80m2, full NT, giá 6.4 tỷ, tầng trung, view thoáng, sổ cầm tay","6,4 tỷ",80 m²,80 tr/m²,2,2,"Tân Mai, Hoàng Mai","20.983568313214906, 105.84664670145277"
41571901,02/03/2025,"(Giá tốt) Bán căn 2PN, Tầng trung, Hướng nam, DT 65m2,Giá 4.6 tỷ, NTCB, Sổ hồng, LH: 0967 465 ***","4,6 tỷ",65 m²,"70,77 tr/m²",2,1,"Định Công, Hoàng Mai","20.9827823638916, 105.83438110351563"
40186514,02/03/2025,"(Hiếm) Bán căn góc 3PN, DT 95m2, Giá 6.6 tỷ, Tầng trung, Full NT, Sổ chính chủ, Hướng mát, View đẹp","6,6 tỷ",95 m²,"69,47 tr/m²",3,2,"Định Công, Hoàng Mai","20.9827823638916, 105.834381103516"
42205359,02/03/2025,"Bán căn hộ chung cư Gelexia 885 Tam Trinh - Yên Sở, tòa CT1, đầy đủ nội thất, 74m2 - 2PN - 4.4 tỷ","4,4 tỷ",74 m²,"59,46 tr/m²",2,2,"Yên Sở, Hoàng Mai","20.972461930101137, 105.8661379669896"
42309241,02/03/2025,nhỉnh 3.7 tỉ có ngay căn sổ đỏ 3 ngủ full nội thất mới tại Nơ 4 Pháp Vân,"3,75 tỷ",78 m²,"48,08 tr/m²",3,2,"Hoàng Liệt, Hoàng Mai","20.956834362143468, 105.84567471831275"
42298838,02/03/2025,"Bán căn hộ N1 Đồng tàu 54m2 giá 3.6 tỷ, căn góc, đủ nội thất , sổ đỏ lâu dài. Lh 0933 900 ***","3,6 tỷ",54 m²,"66,67 tr/m²",2,1,"Thịnh Liệt, Hoàng Mai","20.9710742332727, 105.844630823895"
42299004,02/03/2025,"Bán căn hộ chung cư Gelexia 885 Tam Trinh, tòa CT2B, căn góc 68m2 - 2 PN, view Gamuda - 4.65 tỷ TL","4,65 tỷ",68 m²,"68,38 tr/m²",2,2,"Yên Sở, Hoàng Mai","20.972608898335324, 105.86692954584498"
42309202,02/03/2025,"Bán căn góc thuộc toà CT2 - TP khu đô thị Linh Đàm giá siêu rẻ nhỉnh 2 tỷ, 56m2, 2PN1WC",Giá thỏa thuận,56 m²,N/A,2,1,"Hoàng Liệt, Hoàng Mai","20.9629944962235, 105.821414755259"
42178195,02/03/2025,48m2 - 2 ngủ - 1 vệ sinh tầng 10x - chung cư HH Linh Đàm - Full nội thất giá 1tỷ9x,Giá thỏa thuận,48 m²,N/A,2,1,"Hoàng Liệt, Hoàng Mai","20.964668480789552, 105.82742147573556"
42163888,02/03/2025,"Căn hộ 3N, 2 WC. - No7 bán đảo Linh Đàm Hoàng Mai Hà Nội S=85m2 giá 4,88 tỷ","4,88 tỷ",85 m²,"57,41 tr/m²",3,2,"Đại Kim, Hoàng Mai","20.9713098949089, 105.827753760568"
42304668,02/03/2025,Bán căn hộ chung cư HH2 67m 2 ngủ 2 vs giá 2.43 tỷ nội thất đầy đủ toà cạnh hồ lô góc tiện ích bạt,"2,43 tỷ",67 m²,"36,27 tr/m²",2,2,"Hoàng Liệt, Hoàng Mai","20.963741373780948, 105.8270160115091"
42309106,02/03/2025,"Bán gấp căn hộ chung cư tại Nhà ở xã hội @Home, Đường Tam Trinh, 3,3 tỷ, 55 m2","3,3 tỷ",55 m²,60 tr/m²,2,2,"Yên Sở, Hoàng Mai","20.980225764067654, 105.86404960870155"
42309136,02/03/2025,"Bán gấp căn hộ 2PN, 1 VS giá chỉ với 1.850 tỷ tại HH Linh Đàm, Hoàng Mai. LH: 0968 655 ***","1,85 tỷ",46 m²,"40,22 tr/m²",1,1,"Hoàng Liệt, Hoàng Mai","20.96365880067539, 105.82793821680727"
41562291,02/03/2025,Chuyển nhượng căn 2PN Sunshine Palace giá 5tỷ580 rẻ nhất dự án sẵn load xe oto - Em Long 0355 863 ***,"5,58 tỷ",85 m²,"65,65 tr/m²",2,2,"Mai Động, Hoàng Mai","20.990182876586914, 105.86865997314453"
41960798,02/03/2025,"Bán căn hộ 3PN, 2WC 115m2 8tỷ280 Sunshine Palace 13 lĩnh nam - em Long 0355 863 ***","8,28 tỷ",115 m²,72 tr/m²,3,2,"Mai Động, Hoàng Mai","20.99081127932473, 105.8680793205466"
42302091,02/03/2025,"Bán gấp chung cư đồng phát 431 Tam Trinh, tặng nội thất đẹp, 72m2, 2PN 2VS, giá ngon 3,85 tỷ","3,85 tỷ",72 m²,"53,47 tr/m²",2,2,"Vĩnh Hưng, Hoàng Mai","20.980383173089, 105.875120146203"
42302193,02/03/2025,"Bán gấp chung cư Gelexia 885 Tam Trinh, căn góc, hướng đẹp, 67m2 2pn 2vs, giá 3,88 tỷ","3,88 tỷ",67 m²,"57,91 tr/m²",2,2,"Yên Sở, Hoàng Mai","20.973485267223026, 105.86578728443908"
42302516,02/03/2025,"Cần bán chung cư @Home 987 Tam Trinh, lô góc, nội thất xịn sò, 71m2, 2pn, 2vs, giá đẹp 3,88 tỷ","3,88 tỷ",71 m²,"54,65 tr/m²",2,2,"Yên Sở, Hoàng Mai","20.979772746959522, 105.86496030073482"
42308972,02/03/2025,"Bán căn góc thuộc toà CT2 - TP khu đô thị Linh Đàm giá siêu rẻ nhỉnh 2 tỷ, 56m2, 2PN1WC",Giá thỏa thuận,56 m²,N/A,2,1,"Hoàng Liệt, Hoàng Mai","20.962994496223477, 105.8214147552592"
41539141,02/03/2025,"Bán chung cư Định Công, Hoàng Mai 90m2, 3 ngủ, 2 vệ sinh, nội thất 400 triệu, slot oto, 5 tỷ 580","5,58 tỷ",90 m²,62 tr/m²,3,2,"Định Công, Hoàng Mai","20.9827823638916, 105.83438110351562"
42308914,02/03/2025,"Bán CC Rose Town, Ngọc Hồi, Hoàng Mai, Hà Nội, 5,73 tỷ, 93m2 siêu hot","5,73 tỷ",93 m²,"61,61 tr/m²",3,2,"Hoàng Liệt, Hoàng Mai","20.95606513849486, 105.84481475011268"
42296209,02/03/2025,"Bán CHCC Osaka Complex ngõ 48 Ngọc Hồi, căn góc. DT 76 m2 3 ngủ 2 WC Giá 4,05 tỷ, LH 0983 873 ***","4,05 tỷ",76 m²,"53,29 tr/m²",2,2,"Hoàng Liệt, Hoàng Mai","20.9589042663574, 105.838180541992"
42303314,02/03/2025,"Bán căn tầng trung toà B Hateco DT 97m2 3 ngủ 2 wc, full nội thất, Giá 5,0 tỷ LH 0983 873 ***",5 tỷ,"97,5 m²","51,28 tr/m²",3,2,"Yên Sở, Hoàng Mai","20.962811140481033, 105.86427161559618"
42306600,02/03/2025,"Bán chung cư Đồng Tàu - Thịnh Liệt. DT 68m2 2 ngủ 2 wc, giá 3,65 tỷ, LH 0983 873 ***","3,65 tỷ",68 m²,"53,68 tr/m²",3,2,"Thịnh Liệt, Hoàng Mai","20.9769889025311, 105.846797607858"
42209157,02/03/2025,"Cần bán CH Thông Tấn Xã, 3PN 2WC, BC: ĐN, full nội thất - tầng trung căn góc - sổ đỏ - chỉ hơn 5 tỷ","5,4 tỷ",83 m²,"65,06 tr/m²",3,2,"Đại Kim, Hoàng Mai","20.9763730802128, 105.814730755341"
42061723,02/03/2025,"Bán căn hộ chung cư tầng 1X HH2 66m2 2 ngủ 2WC, 2.65 tỷ(CTL)","2,65 tỷ",66 m²,"40,15 tr/m²",2,2,"Hoàng Liệt, Hoàng Mai","20.96399928744047, 105.82673906775179"
42308648,02/03/2025,"Bán gấp căn góc 3PN, 2WC tại New Horizon City, 6,5 tỷ, 102m2, Hoàng Mai, Hà Nội","6,5 tỷ",102 m²,"63,72 tr/m²",3,2,"Mai Động, Hoàng Mai","20.9889831548028, 105.866987636941"
42308622,02/03/2025,"Bán Căn hộ chung cư New Horizon City - 87 Lĩnh Nam, 6,3 tỷ, 96m2, 3PN, 2WC","6,3 tỷ",96 m²,"65,62 tr/m²",3,2,"Mai Động, Hoàng Mai","20.9890786905907, 105.866293782081"
42308618,02/03/2025,"Bán CC 3PN, 2WC, 90m2 tại Lĩnh Nam, 5,8 tỷ, Hoàng Mai, HN hot","5,8 tỷ",90 m²,"64,44 tr/m²",3,2,"Mai Động, Hoàng Mai","20.990207208689444, 105.86629312909157"
42307946,02/03/2025,"Bán căn hộ 100m2 - 3PN, căn góc CC Hà Nội Melody Linh Đàm Hoàng Mai, giá bán 55 triệu / m2","5,5 tỷ",100 m²,55 tr/m²,3,3,"Hoàng Liệt, Hoàng Mai","20.95855903856583, 105.82636589765177"
42308393,01/03/2025,"Bán CC 2PN, 2WC, 70m2 tại Tam Trinh, Hoàng Mai, 4,4 tỷ đẹp, nhiều tiện ích","4,4 tỷ",70 m²,"62,86 tr/m²",2,2,"Yên Sở, Hoàng Mai","20.9733262077718, 105.866159433617"
42308301,01/03/2025,Chính chủ được phân căn hộ TĐC tòa CTI - 2 khu đô thị Vĩnh Hoàng quyết định ở ngay,"3,2 tỷ",64 m²,50 tr/m²,2,N/A,"Hoàng Văn Thụ, Hoàng Mai","20.98466001444141, 105.86635786306479"
42308237,01/03/2025,"Bán CC 3PN - 2VS mặt đường Trần Thủ Độ, Hoàng Mai, HN 78m2 giá 3.750 tỷ","3,79 tỷ",78 m²,"48,59 tr/m²",3,2,"Hoàng Liệt, Hoàng Mai","20.9596126899009, 105.846302155525"
42193366,01/03/2025,"Chính chủ Bán căn 3 ngủ sổ đỏ bán đảo Linh Đàm, Hoàng Mai, Hà Nội (ảnh)","4,75 tỷ",83 m²,"57,23 tr/m²",3,2,"Hoàng Liệt, Hoàng Mai","20.9637794049582, 105.831980310606"
42193376,01/03/2025,"Chính chủ, căn 78m 3 ngủ 2WC, sổ đỏ, Nơ 4, Pháp Vân, Hoàng Mai, Hà Nội. (Ảnh thật)","3,83 tỷ",78 m²,"49,1 tr/m²",3,2,"Hoàng Liệt, Hoàng Mai","20.956329951760672, 105.84501470674776"
42201919,01/03/2025,"Bán căn hộ 2 ngủ toà CT2-TP Tây Nam Linh Đàm, 2.67 tỷ bao sang tên.","2,67 tỷ",45 m²,"59,33 tr/m²",2,N/A,"Hoàng Liệt, Hoàng Mai","20.963801747548516, 105.82249844371903"
42300856,01/03/2025,"K35 căn góc thoáng sáng, tiện ích","5,2 tỷ",67 m²,"77,61 tr/m²",2,2,"Tương Mai, Hoàng Mai","20.9839572618301, 105.850797373292"
42307970,01/03/2025,"Bán CH DT: 60m2 2PN2WC BC: ĐN full NT - tầng trung view hồ tại toà B CT36 Định công - 3,9tỷ có TL","3,9 tỷ",60 m²,65 tr/m²,2,2,"Định Công, Hoàng Mai","20.978652700709876, 105.83536834326233"
42101242,01/03/2025,"Bán căn hộ tòa cc Đền Lừ, căn góc, siêu thoáng, nhà đẹp, sđcc, 3.1 tỷ","3,1 tỷ",55 m²,"56,36 tr/m²",2,1,"Hoàng Văn Thụ, Hoàng Mai","20.984818303777274, 105.85937834845235"
42307766,01/03/2025,"Bán Chung cư Vĩnh Hoàng, Hoàng Mai: 64 M2, 5 PN , Chỉ 3.65 Tỷ , dòng tiền cho thuê 30 Triệu/ Th","3,65 tỷ",64 m²,"57,03 tr/m²",5,2,"Hoàng Văn Thụ, Hoàng Mai","20.9844143066448, 105.86632749306703"
42206554,01/03/2025,"CC 130 Nguyễn Đức Cảnh, 91m2, 2 ngủ, 2vs, 2 ban công, 4,98tỷ, lô góc siêu thoáng, full nội thất","4,98 tỷ",91 m²,"54,72 tr/m²",2,2,"Tương Mai, Hoàng Mai","20.988028484705602, 105.85220847324149"
42307649,01/03/2025,"Bán căn hộ chung cư HH1 Linh Đàm, 1,8 tỷ, 46m2, giá tốt, uy tín Lh 0978 331 ***","1,8 tỷ",46 m²,"39,13 tr/m²",2,1,"Hoàng Liệt, Hoàng Mai","20.965116139006195, 105.82662394552108"
42307581,01/03/2025,"Bán CC HH1 Linh Đàm, 2,16 tỷ, 56m2, 2PN + 2WC + đầy đủ tiện ích Lh 0978 331 ***","2,16 tỷ",56 m²,"38,57 tr/m²",2,2,"Hoàng Liệt, Hoàng Mai","20.964276025256453, 105.82591617499541"
42269890,01/03/2025,Gia đình cần bán gấp căn 3 ngủ Rose Town Ngọc Hồi,Giá thỏa thuận,105 m²,N/A,3,2,"Hoàng Liệt, Hoàng Mai","20.9567028258273, 105.844764469321"
42307378,01/03/2025,Chính chủ cần Chính chủ cần bán nhanh 2 ngủ 1vs 46m 1.8x tỷ chung cư HH Linh đàm rẻ nhất thị trường,"1,84 tỷ",46 m²,40 tr/m²,2,1,"Hoàng Liệt, Hoàng Mai","20.96392818591581, 105.82651955616726"
42270332,01/03/2025,"Căn góc KĐT Đại Kim, Nguyễn Cảnh Dị, DT 76m2, 2PN, 2 ban công hướng mát, nhà sạch đẹp, 3,9 tỷ","3,9 tỷ",76 m²,"51,32 tr/m²",2,N/A,"Đại Kim, Hoàng Mai","20.972309033259624, 105.82068746918047"
41163778,01/03/2025,Minh Khai - Tam Trinh - phòng khách rộng - 75m2 - 5.1tỷ - bể bơi 4 mùa - tặng nội thất - lô góc,"5,1 tỷ",75 m²,68 tr/m²,2,2,"Mai Động, Hoàng Mai","20.99484898385758, 105.86335496493315"
41908724,01/03/2025,"Chính chủ bán căn N5 KĐT Thịnh Liệt 55m2/2 ngủ/3,1tỷ/rẻ hơn nhà tập thể thẻ thang xịn thang máy êm","3,1 tỷ",55 m²,"56,36 tr/m²",2,2,"Thịnh Liệt, Hoàng Mai","20.9799328385444, 105.855441051022"
41462280,01/03/2025,"Nam Đô -trương định - căn lô góc - 3 mặt thoáng - view hồ đền lừ - 3 ngủ - 5 ,5 tỷ","5,5 tỷ",99 m²,"55,56 tr/m²",3,2,"Tương Mai, Hoàng Mai","20.9874248504639, 105.851547241211"
37975540,01/03/2025,Bán CHCC 87 Lĩnh Nam New Horizon City. DT 80m2 2PN 2WC - Đã có sổ đỏ,"5,1 tỷ",80 m²,"63,75 tr/m²",2,2,"Mai Động, Hoàng Mai","20.9894237518311, 105.866561889648"
42100852,01/03/2025,"Bán căn hộ 2N, CC Sky Central 176 Định Công DT 73 m2, 2 ngủ, 2 VS, full nội thất, slot oto - 4.5 tỷ","4,5 tỷ",73 m²,"61,64 tr/m²",2,2,"Định Công, Hoàng Mai","20.9831374992391, 105.83375371022062"
42306787,01/03/2025,"Bán chung cư mini tại ngõ 467 Lĩnh nam DT40/45m x6T, Full nội thất Giá 9,3 tỷ LH 0983 873 ***","9,3 tỷ",40 m²,"232,5 tr/m²",N/A,N/A,"Lĩnh Nam, Hoàng Mai","20.9812363834854, 105.887626240868"
42306799,01/03/2025,"Bán gấp căn hộ 3PN, 2 VS tại CT5 X2 Bắc Linh Đàm, Hoàng Mai. LH: 0968 655 ***","4,65 tỷ",78 m²,"59,62 tr/m²",3,2,"Đại Kim, Hoàng Mai","20.971536543704467, 105.82838420547344"
39363895,01/03/2025,Chính chủ cần bán căn 3 ngủ CC Mandarin Garden 2 - Tân Mai. 100 m2 giá 7.8 tỷ. Lh: 0335 363 ***,"7,8 tỷ",100 m²,78 tr/m²,3,2,"Tân Mai, Hoàng Mai","20.9838600158691, 105.846603393555"
42306479,01/03/2025,"Bán gấp Chung cư mini 27PN, 27WC, 100m2 tại Đại Từ, Định Công, Hoàng Mai, Hà Nội, 25 tỷ VND",25 tỷ,100 m²,250 tr/m²,27,27,"Định Công, Hoàng Mai","20.971211555656, 105.835841275157"
42306406,01/03/2025,"Bán CC VP6 Linh Đàm, 3,5 tỷ, 76m2, 3PN, 2WC, đẹp xuất sắc","3,4 tỷ",75 m²,"45,33 tr/m²",3,2,"Thịnh Liệt, Hoàng Mai","20.967568506421525, 105.83346876194396"
42306527,01/03/2025,"Cực tốt! Bán nhanh căn 2PN tại HH Linh Đàm, Hoàng Mai giá 2.050 tỷ. LH: 0968 655 ***","2,05 tỷ",46 m²,"44,56 tr/m²",2,1,"Hoàng Liệt, Hoàng Mai","20.963600898927606, 105.8280410297733"
42305665,01/03/2025,"Bán căn hộ chung cư HH Linh Đàm, Hoàng Mai. Căn hộ 46m2. Thiết kế 2 ngủ nội thất cơ bản. Giá 1.9x ỷ",Giá thỏa thuận,45 m²,N/A,2,1,"Hoàng Liệt, Hoàng Mai","20.9633627610701, 105.826810752044"
41963882,01/03/2025,"Chính chủ cần bán căn góc 2 ngủ Rice City Linh Đàm 68m2, sẵn sổ đỏ. Giá 4.25 tỷ","4,25 tỷ",68 m²,"62,5 tr/m²",2,2,"Hoàng Liệt, Hoàng Mai","20.963887406429151, 105.82217964322669"
42306232,01/03/2025,Chính chủ cần bán căn 2pn cc 75 Tam Trinh- Helios tower,"4,4 tỷ",65 m²,"67,69 tr/m²",2,2,"Mai Động, Hoàng Mai","20.994507134523623, 105.86341548465184"
42198414,01/03/2025,"Bán gấp căn hộ 3PN, 91m2 giá 6.5 tỷ An Bình Định công 0934 611 ***","6,5 tỷ",91 m²,"71,43 tr/m²",3,2,"Định Công, Hoàng Mai","20.983312881124842, 105.83150344016512"
42295959,01/03/2025,"Bán căn 2 ngủ, 55m2, view hồ, giá tốt nhất thị trường, chung cư cao cấp Thanh Bình, 0968 224 ***","3,6 tỷ",55 m²,"65,46 tr/m²",2,1,"Định Công, Hoàng Mai","20.977758821898625, 105.83619570482294"
42277597,01/03/2025,"(Cực hiếm - bán rẻ) GĐ bán gấp 3PN 2VS/góc, full xịn,OTO, ở ngay ~ 4.9 tỷ CC NAM ĐÔ - LH 0941 671 ***","4,9 tỷ",90 m²,"54,44 tr/m²",3,2,"Giáp Bát, Hoàng Mai","20.97976671523699, 105.84478345968097"
42305721,01/03/2025,"Bán căn chung cư Đền Lừ, gần 90m2, 3.8 tỷ, 3 ngủ, 2 vs, thang máy, sân chơi rộng ở luôn","3,8 tỷ",90 m²,"42,22 tr/m²",3,2,"Hoàng Văn Thụ, Hoàng Mai","20.984237567263577, 105.85894768599974"
42235347,01/03/2025,"Bán chung cư Đồng Phát 71m2, 2 phòng ngủ, full đồ xịn đẹp long lanh giá 3,82 tỷ có TL","3,82 tỷ",71 m²,"53,8 tr/m²",2,2,"Vĩnh Hưng, Hoàng Mai","20.979755783719497, 105.87417766178605"
42305169,01/03/2025,"Bán gấp CC CT4A X2, 2PN, 2WC Tây nam Linh Đàm
Hoàng Liệt, Hoàng Mai, Hà Nội, giá 3,9 tỷ","3,9 tỷ",69 m²,"56,52 tr/m²",2,2,"Hoàng Liệt, Hoàng Mai","20.9615208109146, 105.835321890864"
39102393,01/03/2025,"Bán chung cư 176 Định Công 88m2, 3 ngủ, 2 vệ sinh, nội thất 350 triệu, slot oto, 5 tỷ 580","5,58 tỷ",88 m²,"63,41 tr/m²",3,2,"Định Công, Hoàng Mai","20.9827823638916, 105.834381103516"
41770041,01/03/2025,"Tôi cần bán căn hộ tầng 10 CT12 Kim Văn - Kim Lũ, sổ đỏ lâu dài giá mong muốn 2.7 tỷ","2,7 tỷ",55 m²,"49,09 tr/m²",2,2,"Đại Kim, Hoàng Mai","20.973291397094727, 105.82000732421875"
42304943,01/03/2025,"Bán CC CT3C-X2 Tây Nam Linh Đàm, 4,86 tỷ, 83m2, 3PN, 2WC, giá cực chất","4,86 tỷ",83 m²,"58,55 tr/m²",3,2,"Hoàng Liệt, Hoàng Mai","20.964642942477, 105.82529975517966"
42304753,01/03/2025,HIẾM NHÀ BÁN - CĂN HỘ 2 NGỦ TÒA RICE CITY - NỘI THẤT MỚI - TẦNG THẤP - NHIỀU TIỆN ÍCH,"4,15 tỷ",68 m²,"61,03 tr/m²",2,2,"Hoàng Liệt, Hoàng Mai","20.9619675780208, 105.820235857542"
41521743,01/03/2025,"Chính chủ bán căn góc penthouse VP5 Bán Đảo Linh Đàm, view xuống hồ, DT 71.5m2, giá 2.85tỷ, nhà đẹp","2,85 tỷ","71,5 m²","39,86 tr/m²",2,2,"Hoàng Liệt, Hoàng Mai","20.9635620117188, 105.831611633301"
41533502,01/03/2025,"Căn hộ 2PN - 68m2 tại Hà Nội Melody Residences, tầng đẹp hot nhất dự án chỉ 4,5 tỷ TTS","4,5 tỷ",68 m²,"66,18 tr/m²",2,2,"Hoàng Liệt, Hoàng Mai","20.9585018157959, 105.826347351074"
42304544,01/03/2025,"SIÊU HIẾM Căn góc hoa hậu 2PN, 54M tòa ct12 chung cư Kim Văn Kim Lũ chỉ 2.5x tỷ - lh 0986 726 ***","2,59 tỷ",54 m²,"47,96 tr/m²",2,2,"Đại Kim, Hoàng Mai","20.973869776813505, 105.81947852517989"
40665486,01/03/2025,Gấp bán căn hộ tòa CT2 chung cư @Home 987 Tam Trinh 55m2 2 ngủ full nội thất ở ngay LH 0961 579 ***,"3,35 tỷ",55 m²,"60,91 tr/m²",2,2,"Yên Sở, Hoàng Mai","20.9799327850342, 105.864631652832"
42185757,01/03/2025,Cần bán căn hộ chung cư KDT Vĩnh Hoàng KDT Vĩnh Hoàng 54m 2 ngủ đã có sổ lh 0961 579 ***,"3,3 tỷ",54 m²,"61,11 tr/m²",2,1,"Hoàng Văn Thụ, Hoàng Mai","20.984238280717861, 105.86607076485318"
42304135,01/03/2025,"Hot quá căn góc tại toà HH3 Linh Đàm,DT: 63m2-2PN-2VS. Full nội thất.View thoáng mát. GIá: 2,485tỷ","2,49 tỷ",63 m²,"39,44 tr/m²",2,2,"Hoàng Liệt, Hoàng Mai","20.962989026242134, 105.8286065332468"
42283122,01/03/2025,Chính chủ nhượng lại căn 2 ngủ 68m2 ban công Đông Nam thanh toán tiến độ tại Melody Linh Đàm 4 tỷ,4 tỷ,68 m²,"58,82 tr/m²",N/A,N/A,"Hoàng Liệt, Hoàng Mai","20.95887983669306, 105.82710854292324"
42292033,01/03/2025,"Cần bán căn góc 3 ngủ tòa N02 Melody Linh Đàm tầng trung đẹp giá 5,6 tỷ bao phí","5,6 tỷ",100 m²,56 tr/m²,N/A,N/A,"Hoàng Liệt, Hoàng Mai","20.958600497272, 105.82691096573033"
42303926,01/03/2025,"Giá chỉ 2,3x tỷ! Chính chủ bán gấp căn hộ 58m2 2PN HH2B Linh Đàm. full nội thất. View đẹp, thoáng",Giá thỏa thuận,58 m²,N/A,2,2,"Hoàng Liệt, Hoàng Mai","20.96330807099748, 105.82675297960967"
42303590,01/03/2025,Bán căn hộ chung cư hh3 tầng 10 2 ngủ giá 2ty0x fun nội thất toà mặt hồ phong thuỷ tốt lh e trọng,2 tỷ,46 m²,"43,48 tr/m²",2,1,"Hoàng Liệt, Hoàng Mai","20.964113201026446, 105.8273038792828"
42303398,01/03/2025,HOÀNG MAI - CẦN BÁN GẤP CĂN 2 NGỦ 58M HUD LINH ĐÀM GIÁ CHỈ NHỈNH 3.7 TỶ - LH 0986 726 ***,"3,78 tỷ",58 m²,"65,17 tr/m²",2,2,"Đại Kim, Hoàng Mai","20.970941705546444, 105.82797039000623"
39090660,01/03/2025,"Bán chung cư 176 Định Công 116m2, 3 ngủ, 2 vs, nội thất 450 triệu, slot oto, bao thuế phí, 6 tỷ 800","6,8 tỷ",116 m²,"58,62 tr/m²",3,2,"Định Công, Hoàng Mai","20.9827823638916, 105.834381103516"
41734271,01/03/2025,Chính chủ bán căn hộ 60m2 chung cư A4 Đền Lừ 2 Tân Mai Hoàng Mai Hà Nội,"3,35 tỷ",60 m²,"55,83 tr/m²",2,2,"Hoàng Văn Thụ, Hoàng Mai","20.985368728637695, 105.85875701904297"
42271968,01/03/2025,"Bán căn hộ Kim Văn Kim Lũ giá cực chất 3,88 tỷ, 74m2, 3PN, 2WC tại Hoàng Mai, Hà Nội","3,88 tỷ",74 m²,"52,43 tr/m²",3,2,"Đại Kim, Hoàng Mai","20.973781828577568, 105.82026681852828"
42168094,01/03/2025,"Chung cư 69m2 ở Beasky Nguyễn Xiển, Hoàng Mai, Hà Nội","4,75 tỷ",66 m²,"71,97 tr/m²",2,2,"Đại Kim, Hoàng Mai","20.973925667273917, 105.82169375116196"
42303106,01/03/2025,"Bán Căn hộ 3PN, 2VS, 100m2 tại Sky Central, Định Công, Hoàng Mai, Hà Nội, 6,8 tỷ","6,8 tỷ",100 m²,68 tr/m²,3,2,"Định Công, Hoàng Mai","20.983201833421976, 105.83459690768244"
42302906,01/03/2025,"HOT HOT BÁN CĂN GÓC 3 NGỦ HH Linh Đàm
3.2TỶ bao phí sang tên
- ALO: 0921 863 ***","3,2 tỷ",82 m²,"39,02 tr/m²",3,2,"Hoàng Liệt, Hoàng Mai","20.963582138420335, 105.82805611185806"
42101623,01/03/2025,"Bán căn chung cư 54, 70m2, 93, 112m2 The Zen, Gamuda, giá từ 3 tỉ - 5,8 tỉ",Giá thỏa thuận,79 m²,N/A,2,2,"Yên Sở, Hoàng Mai","20.9720104200157, 105.879612179619"
42101522,01/03/2025,"Bán chung cư Gelexia Riverside 885 Tam Trinh. 2PN, 3PN 2WC. giá 3,5 tỉ - 4,2 tỉ",Giá thỏa thuận,86 m²,N/A,3,2,"Lĩnh Nam, Hoàng Mai","20.9815546148171, 105.887694361493"
40055919,01/03/2025,Bán chung cư Viễn Đông Star giá rẻ nhất thị trường,"2,8 tỷ",85 m²,33 tr/m²,2,N/A,"Thịnh Liệt, Hoàng Mai","20.977571487426758, 105.84281921386719"
42302671,01/03/2025,"Bán CC 3PN, 2WC, 87m2 tại Đồng Phát Park View Tower, 4,88 tỷ, Vĩnh Hưng, Hoàng Mai, HN","4,88 tỷ",87 m²,"56,09 tr/m²",3,2,"Vĩnh Hưng, Hoàng Mai","20.98003297614215, 105.87471628842793"
42087955,01/03/2025,"Nhỉnh 4 tỷ, căn góc CT3, mặt đường Nguyễn Phan Chánh - Linh Đàm, 85m2, 3 ngủ, tặng nội thất","4,4 tỷ",85 m²,"51,76 tr/m²",3,2,"Hoàng Liệt, Hoàng Mai","20.971139057842446, 105.82749844430846"
42118227,01/03/2025,"Bán căn hộ 2 ngủ tòa Đại Kim Building, mặt đường Trần Hòa, tặng nội thất - sổ đỏ riêng lâu dài","3,65 tỷ",60 m²,"60,83 tr/m²",2,1,"Đại Kim, Hoàng Mai","20.974639212853514, 105.82579816533878"
42302569,01/03/2025,"Bán Căn hộ chung cư Eco Lake View, 7,5 tỷ, 105m2, Hoàng Mai, Hà Nội, giá ưu đãi","7,5 tỷ",105 m²,"71,43 tr/m²",3,2,"Đại Kim, Hoàng Mai","20.97302728461407, 105.83884285323468"
42224779,01/03/2025,"Cần bán nhanh căn hộ 65m2, 5 phòng ngủ, cho thuê 30tr/tháng - toà CT2 Vĩnh Hoàng, Tam Trinh","3,6 tỷ",65 m²,"55,38 tr/m²",5,2,"Hoàng Văn Thụ, Hoàng Mai","20.9842891926829, 105.865881819509"
40978715,01/03/2025,"Siêu hót căn hộ tòa HH4B Linh Đàm 58m2 2PN, SĐCC, BC Đông Bắc giá 2.3x tỷ","2,39 tỷ",58 m²,"41,21 tr/m²",2,2,"Hoàng Liệt, Hoàng Mai","20.963314056396484, 105.82673645019531"
41425798,01/03/2025,"Hiếm! Bán CH 75m2 2 ngủ chung cư T&T - 440 Vĩnh Hưng. Full nội thất cao cấp, có slot ô tô","4,75 tỷ",77 m²,"61,69 tr/m²",2,2,"Vĩnh Hưng, Hoàng Mai","20.9989376068115, 105.880195617676"
42173080,01/03/2025,Bán căn hộ CT12 Kim Văn Kim Lũ - 65m2 - 2PN - nhà đẹp ở ngay - giá tốt - chỉ 2. X tỷ,Giá thỏa thuận,65 m²,N/A,2,2,"Đại Kim, Hoàng Mai","20.973090236397525, 105.82070817624805"
42283150,01/03/2025,"Chính chủ bán căn chung cư CT6 - khu đô thị Định Công, căn góc 77m2 3 ngủ 2 vệ sinh, sổ đỏ, đủ NT","4,35 tỷ",77 m²,"56,49 tr/m²",3,2,"Định Công, Hoàng Mai","20.98551840842569, 105.83275164592735"
42172648,01/03/2025,"Em cần bán căn hộ 3 ngủ 2vs dt 76m tầng trung chung cư Linh Đàm giá 3,27tỷ lh em Xuân","3,25 tỷ",76 m²,"42,76 tr/m²",3,2,"Hoàng Liệt, Hoàng Mai","20.963154818404064, 105.82668139386267"
42280991,01/03/2025,"Bán CC DT 75m2 2 ngủ 2 WC tại chung cư Vật Tư Du Lịch - 8 Trần Thủ Độ , Chỉ 4,4 Tỷ.LH 0983 873 ***","4,4 tỷ",75 m²,"58,67 tr/m²",2,2,"Hoàng Liệt, Hoàng Mai","20.962495803833, 105.844841003418"
42047590,01/03/2025,Bán căn view thủ đô - chung cư 89 Thịnh Liệt tòa nhà Hồng Hà. DT thông thủy 56m2 2 ngủ,"3,55 tỷ",56 m²,"63,39 tr/m²",2,2,"Thịnh Liệt, Hoàng Mai","20.97582838066008, 105.85496359267341"
42196385,01/03/2025,"Em cần bán căn hộ 3 ngủ 2vs dt 76m đầy đủ nội thất giá 3,09 tỷ tầng đẹp chung cư HH Linh Đàm","3,09 tỷ",76 m²,"40,66 tr/m²",3,2,"Hoàng Liệt, Hoàng Mai","20.964724429328935, 105.82697660389046"
42273851,01/03/2025,"Bán CC tòa CT1B Nam Đô 609 Trương Định HM DT 83,1m2 3 phòng ngủ 2 wc Giá 5,15 tỷ. LH 0983 873 ***","5,15 tỷ","83,1 m²","61,97 tr/m²",2,2,"Giáp Bát, Hoàng Mai","20.980499569684465, 105.84520759226159"
42301520,01/03/2025,2 ngủ 2 vs tầng trung toà h1 linh đam weui hồ giá 2tỷ 4 LH e trọng: để biết thêm thông tin,"2,4 tỷ",56 m²,"42,86 tr/m²",2,2,"Hoàng Liệt, Hoàng Mai","20.964224384947318, 105.82656157416078"
42301510,01/03/2025,"Chung cư ngõ 15 Ngọc Hồi, hàng xóm khu đô thị Pháp Vân: 80m2, 2 ngủ, 2 vệ sinh, giá chào 4,4 tỷ","4,4 tỷ",80 m²,55 tr/m²,2,2,"Hoàng Liệt, Hoàng Mai","20.961920379826346, 105.84536301995861"
42301346,01/03/2025,"Bán căn hộ chung cư 2PN, 2WC tại Tam Trinh, Yên Sở, Hoàng Mai, 4,55 tỷ","4,55 tỷ",74 m²,"61,49 tr/m²",2,2,"Yên Sở, Hoàng Mai","20.9729416509998, 105.86614929947"
42301218,28/02/2025,"Bán CC 2PN + 2WC tại Nguyễn Tam Trinh, Yên Sở, Hoàng Mai, Hà Nội, 4,45 tỷ","4,45 tỷ",65 m²,"68,46 tr/m²",2,2,"Yên Sở, Hoàng Mai","20.996733155732, 105.861300842137"
42300412,28/02/2025,"BÁN CĂN CHUNG CƯ ĐỒNG TÀU - THỊNH LIỆT: 68m/ 2 NGỦ/ 2 VỆ SINH/ GIÁ 3,58 TỶ.","3,58 tỷ",68 m²,"52,65 tr/m²",2,2,"Thịnh Liệt, Hoàng Mai","20.9710733770757, 105.844611834032"
42287540,28/02/2025,"Bán căn hộ TT tầng 1 DT 80m2, 2,9 tỷ tại Tân Mai, Hoàng Mai, Hà Nội, phân lô, oto đỗ cửa","2,9 tỷ",80 m²,"36,25 tr/m²",3,2,"Tân Mai, Hoàng Mai","20.9837394265447, 105.850113070879"
42300385,28/02/2025,Chính chủ căn hộ Osaka Complex Ngọc Hồi Hoàng Mai liên hệ: 0929 656 ***,"4,2 tỷ","75,06 m²","55,96 tr/m²",2,2,"Hoàng Liệt, Hoàng Mai","20.959146616196637, 105.83862387116083"
42300378,28/02/2025,Chính chủ bán căn hoa hậu An Bình Định Kim Hoàng Mai 3 ngủ LH 0929 656 ***,"8,3 tỷ",113 m²,"73,45 tr/m²",3,2,"Định Công, Hoàng Mai","20.983076114541625, 105.83112536375334"
42300366,28/02/2025,Chính chủ bán căn hộ chung cư Thanh Bình Garden Hoàng Mai 0929 656 ***,"3,8 tỷ","51,3 m²","74,07 tr/m²",2,1,"Định Công, Hoàng Mai","20.97781904430598, 105.83686211758145"
42102636,28/02/2025,"Bán căn hộ chung cư Ba Hàng 282 Lĩnh Nam - Hoàng Mai sổ riêng 112m2 3P ngủ full nội thất giá 5,25tỷ","5,25 tỷ",112 m²,"46,88 tr/m²",3,2,"Lĩnh Nam, Hoàng Mai","20.98199982146615, 105.87978316052606"
37128739,28/02/2025,"Bán gấp - chung cư C5 Trương Định - Minh Khai - Hoàng Mai, nội thất đầy đủ, ở ngay, ô tô đỗ cửa",800 triệu,60 m²,"13,33 tr/m²",2,2,"Hoàng Văn Thụ, Hoàng Mai","20.9937815, 105.8466875"
42300172,28/02/2025,"Bán gấp chung cư @Home 987 Tam Trinh, 73m2, 2PN 2VS, giá 3,98 tỷ","3,98 tỷ",73 m²,"54,52 tr/m²",2,2,"Yên Sở, Hoàng Mai","20.979087866403706, 105.86453631170463"
42242690,28/02/2025,"Bán gấp chung cư Gelexia 885 Tam Trinh, 78m2, 2 phòng ngủ, giá 4,4 tỷ","4,4 tỷ",78 m²,"56,41 tr/m²",2,2,"Yên Sở, Hoàng Mai","20.973498494635134, 105.86578387917203"
41998777,28/02/2025,"Chính chủ cần tiền bán căn 63m2 ban công ĐN chung cư Nơ 23 khu đô thị Pháp Vân, LH 0985 257 ***","3,3 tỷ",63 m²,"52,38 tr/m²",2,1,"Hoàng Liệt, Hoàng Mai","20.956941954554495, 105.84562572690986"
42299170,28/02/2025,"Quỹ căn hộ Vật Tư Du lịch South Tower HM 2P-3PN chính chủ gửi bán, pháp lý chuẩn 3.X tỷ 0969 029 ***",Giá thỏa thuận,76 m²,N/A,2,2,"Hoàng Liệt, Hoàng Mai","20.962420014551732, 105.8443874379219"
42281338,28/02/2025,Bán gấp căn 3PN full đồ đẹp tòa B Vinaconex Đại Kim giá 5.25 tỷ,"5,25 tỷ",82 m²,"64,02 tr/m²",3,2,"Đại Kim, Hoàng Mai","20.9732735419067, 105.820122006694"
42274852,28/02/2025,Tôi muốn bán căn hộ 2PN diện tích 68m chung cư Bea Sky giá 4.5 tỷ,"4,5 tỷ",68 m²,"66,18 tr/m²",2,2,"Đại Kim, Hoàng Mai","20.9740960467207, 105.821818702821"
42277217,28/02/2025,"Bán căn toà The One - toà Bắc, tầng trung, đủ nội thất, 71m2 - 2PN - 4.35 tỷ. Lh 0933 900 ***","4,35 tỷ",71 m²,"61,27 tr/m²",2,2,"Trần Phú, Hoàng Mai","20.969088127534476, 105.87632922296261"
42147281,28/02/2025,Bán căn hộ 2PN VP3 bán đảo Linh Đàm - nội thất đầy đủ - vào ở được luôn!,"3,15 tỷ",62 m²,"50,81 tr/m²",2,2,"Hoàng Liệt, Hoàng Mai","20.964098659149304, 105.83159469659702"
42156495,28/02/2025,Lô góc hàng hiếm CC VP5 Linh Đàm - Thiết kế 2pn 2vs- Full nội thất cao cấp- Ở luôn!,"4,25 tỷ",78 m²,"54,49 tr/m²",2,2,"Hoàng Liệt, Hoàng Mai","20.964150969224164, 105.83192042015484"
42016861,28/02/2025,"Chung cư trung tâm quận Hoàng Mai, giá hơn 1 tỷ","1,78 tỷ",70 m²,"25,5 tr/m²",3,2,"Thanh Trì, Hoàng Mai","20.9948243191466, 105.884943836294"
42298144,28/02/2025,Chính chủ nhờ em bán căn hộ HH Linh Đàm,"2,39 tỷ",58 m²,"41,21 tr/m²",2,2,"Hoàng Liệt, Hoàng Mai","20.9630432332237, 105.827068506628"
42298094,28/02/2025,"Nhỉnh 5 tỷ có ngay căn 113m2 3PN - 2VS OCT2, Đại Kim, Hoàng Mai, Hà Nội, nhà full đồ, sổ đỏ CC",Giá thỏa thuận,113 m²,N/A,3,2,"Đại Kim, Hoàng Mai","20.97134393965673, 105.82855384248266"
42200408,28/02/2025,"Bán căn hộ 105m2, 6,8 tỷ, 3PN, 2WC tại Nguyễn Xiển, Đại Kim, Hoàng Mai, Hà Nội, view đẹp, uy tín","6,8 tỷ",105 m²,"64,76 tr/m²",3,2,"Đại Kim, Hoàng Mai","20.9815674929743, 105.8105242334"
42297730,28/02/2025,GẤP !!!! CHÍNH CHỦ GỬI BÁN GẤP CĂN HỘ CĂN GÓ 2 PHÒNG NGỦ TẠI HH1 LINH ĐÀM NHẬN NHÀ Ở NGAY GIÁ TỐT,"2,45 tỷ",56 m²,"43,75 tr/m²",2,2,"Hoàng Liệt, Hoàng Mai","20.964193977199404, 105.8257833900198"
42297606,28/02/2025,Em chính chủ cần bán nhanh tòa nhà đep nhất Linh đàm -2 ngủ 2 vệ sinh .Ảnh nhà thật 100% tầng 16,"2,26 tỷ",57 m²,"39,65 tr/m²",2,2,"Hoàng Liệt, Hoàng Mai","20.96429132379316, 105.82727562169481"
40722121,28/02/2025,"Mở bán căn hộ Melody Linh Đàm 2 phòng ngủ đa dạng diện tích, tiện ích đẳng cấp, kết nối thuận tiện","4,3 tỷ",67 m²,"64,18 tr/m²",2,2,"Hoàng Liệt, Hoàng Mai","20.9585018157959, 105.826347351074"
42151624,28/02/2025,"Bán Chung Cư ở Thanh Trì, Hoàng Mai, Hà Nội, giá chỉ hơn 1 tỷ, 70m2, 3PN, 2WC",Giá thỏa thuận,70 m²,N/A,3,2,"Thanh Trì, Hoàng Mai","20.9951494439735, 105.884682116445"
42197893,28/02/2025,"Chính chủ bán căn 68m2, 2PN giá 4,6 tỷ chung cư Sky Central 176 Định Công, Hoàng Mai, Hà Nội","4,6 tỷ",68 m²,"67,65 tr/m²",2,2,"Định Công, Hoàng Mai","20.98265708236816, 105.83438148233502"
42297082,28/02/2025,"Rẻ nhất thị trường các căn 3 ngủ, 76m2 tại HH Linh Đàm Hoàng Mai giá 3.0xx tỷ",Giá thỏa thuận,76 m²,N/A,3,2,"Hoàng Liệt, Hoàng Mai","20.9642714868458, 105.827796836496"
42297079,28/02/2025,View thoáng - hàng hiếm - căn hộ 67m2 tòa Bắc Rice City Tây Nam Linh Đàm - vào ở ngay,"3,8 tỷ",67 m²,"56,72 tr/m²",2,2,"Hoàng Liệt, Hoàng Mai","20.964402187757642, 105.82288264641063"
41114232,28/02/2025,"Bán căn hộ Thái Thịnh từ 890tr - 1.8 tỷ, full đồ","1,3 tỷ",40 m²,"32,5 tr/m²",2,1,"Hoàng Văn Thụ, Hoàng Mai","20.9875999209665, 105.859163459968"
41785320,28/02/2025,"Căn tòa An Bình KĐT Định Công, DT 91m2, 3pn, 2wc, ban công, thoáng sáng, sạch đẹp, giá 6,4 tỷ","6,4 tỷ",91 m²,"70,33 tr/m²",2,2,"Định Công, Hoàng Mai","20.983582119262966, 105.83242978127578"
42297047,28/02/2025,"Siêu rẻ cho căn hộ 2PN - 1VS với DT: 46m2, full toàn bộ đồ nội thất - nhận nhà ở luôn, giá: 1,865tỷ","1,87 tỷ",46 m²,"40,54 tr/m²",2,1,"Hoàng Liệt, Hoàng Mai","20.963070097409958, 105.82747415621112"
42296761,28/02/2025,"Bán gấp căn hộ CTI2B Tháp B, 3,45 tỷ, 65m2 tại Vĩnh Hưng, Hoàng Mai, Hà Nội","3,45 tỷ",65 m²,"53,08 tr/m²",N/A,N/A,"Vĩnh Hưng, Hoàng Mai","20.9890587513723, 105.877791873846"
42116254,28/02/2025,PKD chủ đầu tư bán căn hộ 96m2 3pn2vs tầng đẹp giá bán tốt nhất tại dự án Hanoi Melody,"4,5 tỷ",96 m²,"46,88 tr/m²",3,2,"Hoàng Liệt, Hoàng Mai","20.958910219523336, 105.82558299635994"
42296693,28/02/2025,"Bán căn 3 ngủ góc ban công đông nam tầng trung siêu đẹp tại Feliz Homes, có slot oto",7 tỷ,"107,5 m²","65,12 tr/m²",3,2,"Hoàng Văn Thụ, Hoàng Mai","20.984603632261415, 105.86014789117911"
42296636,28/02/2025,"Bán CC CTI2B KDT Vĩnh Hoàng, 3,3 tỷ, 56m2, 2PN, 1WC, Chính chủ, hàng hiếm tại Hoàng Mai, Hà Nội","3,3 tỷ",56 m²,"58,93 tr/m²",2,1,"Vĩnh Hưng, Hoàng Mai","20.989051186712, 105.877889027583"
42296557,28/02/2025,Chung cư cao cấp diện tích 54 m2 giá nhỉnh 2.8 tỷ,"2,8 tỷ",54 m²,"51,85 tr/m²",2,1,"Đại Kim, Hoàng Mai","20.9909393806989, 105.865022392907"
41651197,28/02/2025,Căn 2 ngủ 74m2 hướng Đông Nam giá đẹp nhất tại dự án HaNoi Melody Residences chiết khấu 9%,5 tỷ,"74,04 m²","67,52 tr/m²",2,2,"Hoàng Liệt, Hoàng Mai","20.9585018157959, 105.82634735107422"
42296515,28/02/2025,"Bán chung cư Đại Kim Building 163 Trần Hoà, 63m2, full nội thất, 3.55 tỷ","3,55 tỷ",63 m²,"56,35 tr/m²",2,N/A,"Đại Kim, Hoàng Mai","20.97465369401694, 105.82536760566033"
42296437,28/02/2025,"Bán Căn hộ CC Gelexia Riverside, 6,35 tỷ, 96m2, 3PN, 2WC, uy tín, giá siêu hời, Q.Hoàng Mai, Hà Nội","6,35 tỷ",96 m²,"66,15 tr/m²",3,2,"Yên Sở, Hoàng Mai","20.973026183794435, 105.86621709995106"
42296307,28/02/2025,"Quỹ căn chuyển nhượng căn hộ Melody Linh Đàm giá rẻ, từ 51tr/m2, LH 0973 421 ***","3,47 tỷ",68 m²,51 tr/m²,2,2,"Hoàng Liệt, Hoàng Mai","20.958318237790696, 105.82627993450602"
42296408,28/02/2025,"Bán căn hộ chung cư Kim Văn Kim Lũ, 2,32 tỷ, 45m2, 1PN, 1WC, giá ưu đãi","2,32 tỷ",45 m²,"51,56 tr/m²",1,1,"Đại Kim, Hoàng Mai","20.97352063805924, 105.81966088746277"
42296488,28/02/2025,"Bán căn hộ 3PN 2WC tại Viễn Đông Star, giá cực chất 58tr/m2, 90,6m2","5,25 tỷ","90,6 m²","57,95 tr/m²",3,2,"Thịnh Liệt, Hoàng Mai","20.976841488112235, 105.8422655029413"
42296350,28/02/2025,"Bán căn hộ 3PN, 2WC, giá siêu hời, diện tích: 91m2, 60 tr/m2, tại Viễn Đông Star Hoàng Mai, Hà Nội","5,46 tỷ",91 m²,60 tr/m²,3,2,"Thịnh Liệt, Hoàng Mai","20.977951489200674, 105.84243524757106"
42296135,28/02/2025,Căn hộ chung cư tầng trung view đẹp 3PN 2vs diện tích hơn 80m2 giá chỉ nhỉnh 4 tỷ,"4,25 tỷ",83 m²,"51,2 tr/m²",3,2,"Hoàng Liệt, Hoàng Mai","20.9613496460267, 105.83563105054"
42296133,28/02/2025,"Bán căn góc tòa CT9 Định Công, nhà đẹp, 3 ngủ, full nt, sđcc, 4.75 tỷ","4,75 tỷ",80 m²,"59,38 tr/m²",3,2,"Định Công, Hoàng Mai","20.98534830004221, 105.83305451012664"
42290145,28/02/2025,"Bán căn hộ chung cư Hateco Hoàng Mai, 4,5 tỷ, 79m2, 3PN, 2WC, pháp lý đầy đủ","4,5 tỷ",79 m²,"56,96 tr/m²",3,2,"Yên Sở, Hoàng Mai","20.96284901489544, 105.86436231555317"
42192879,28/02/2025,Mở bán - Chung cư N1 Tam Trinh - Minh Khai - Sau Times City - Full nội thất,800 triệu,40 m²,20 tr/m²,1,1,"Lĩnh Nam, Hoàng Mai","20.9819155209766, 105.879665868213"
42266930,28/02/2025,"Chính chủ bán căn hộ hướng Nam - Mandarin Garden 2, Tân Mai, Hoàng Mai, Hà Nội. LH: 0848 123 ***",Giá thỏa thuận,"78,8 m²",N/A,2,2,"Tân Mai, Hoàng Mai","20.984021652287826, 105.84700452797837"
39574329,28/02/2025,(Căn mới) chính chủ cần bán căn 3PN 99m2 - 124m2 giá từ 7tỷ và 65m2 - 87m2 giá từ 5tỷ tại Mandarin2,7 tỷ,99 m²,"70,71 tr/m²",3,2,"Tân Mai, Hoàng Mai","20.9838600158691, 105.846603393555"
42290919,28/02/2025,Bán căn chung cư CT12B Kim Văn Kim Lũ,"2,9 tỷ","65,1 m²","44,55 tr/m²",2,1,"Đại Kim, Hoàng Mai","20.973640415538664, 105.82016367154183"
42295430,28/02/2025,"Bán căn hộ Feliz Homes, Hoàng Văn Thụ, Hoàng Mai, Hà Nội, 5,5 tỷ, 77,6 m2, đẹp, nhiều tiện ích","5,5 tỷ","77,6 m²","70,88 tr/m²",2,2,"Hoàng Văn Thụ, Hoàng Mai","20.984256148902844, 105.85995216297464"
37160552,28/02/2025,"Bán CH ngoại giao giá tốt tầng đẹp căn siêu VIP căn góc 3PN DT 101.38m2 view bể bơi, LH 0336 991 ***",Giá thỏa thuận,"101,38 m²",N/A,3,2,"Hoàng Liệt, Hoàng Mai","20.9585018157959, 105.826347351074"
42295191,28/02/2025,"Bán căn hộ The One Residence - Gamuda Garden, 5,1 tỷ, 83 m2, hàng hiếm tại Trần Phú - Hoàng Mai","5,1 tỷ",83 m²,"61,45 tr/m²",3,N/A,"Trần Phú, Hoàng Mai","20.968907574697067, 105.87645619340805"
42295303,28/02/2025,"Bán chung cư The One Residence - Gamuda Garden, Trần Phú, Hoàng Mai, Hà Nội, 5,1 tỷ, 83 m2","5,1 tỷ",83 m²,"61,45 tr/m²",3,N/A,"Trần Phú, Hoàng Mai","20.969026064785034, 105.87712206880497"
42295238,28/02/2025,"Chính chủ bán căn hộ 3 PN tòa Nơ 3 Pháp Vân, phố Trần Thủ Độ, Hoàng Mai, Hà Nội","3,6 tỷ",82 m²,"43,9 tr/m²",3,2,"Hoàng Liệt, Hoàng Mai","20.95653473887729, 105.84496592805202"
42294975,28/02/2025,GÍA 2 NGỦ MUA ĐƯỢC CĂN THIẾT KẾ 3 NGỦ TẠI HOÀNG MAI GIÁ 52T/M2,"5,03 tỷ","96,65 m²",52 tr/m²,3,2,"Hoàng Liệt, Hoàng Mai","20.958538255664177, 105.82633941231614"
42292121,28/02/2025,"Gấp chính chủ cần bán căn 2 ngủ 1 vệ sinh tại HH1 Linh Đàm giá 1,7 tỷ. LH 0921 863 ***","1,7 tỷ",46 m²,"36,96 tr/m²",2,1,"Hoàng Liệt, Hoàng Mai","20.964438782760585, 105.82641344583091"
42292196,28/02/2025,CẦN BÁN GẤP CĂN 3 NGỦ 113M SỔ ĐỎ TÒA OCT- DN 2 BẮC LINH ĐÀM GIÁ CHỈ 5.4X TỶ - LH 0986 726 ***,"5,5 tỷ",113 m²,"48,67 tr/m²",3,2,"Đại Kim, Hoàng Mai","20.972057714104295, 105.82846122105295"
42292233,28/02/2025,"Bán CC 3PN 2WC 80,5m2 tại The One Residence, Trần Phú, Hoàng Mai, 5,15 tỷ","5,15 tỷ","80,5 m²","63,98 tr/m²",3,2,"Trần Phú, Hoàng Mai","20.96974229308415, 105.87756627877701"
41714003,28/02/2025,"Bán căn hộ Nơ 3 Pháp Vân, nhà đẹp, 81m2, SDCC, 3.65 tỷ","3,65 tỷ",81 m²,"45,06 tr/m²",2,2,"Hoàng Liệt, Hoàng Mai","20.956270217895508, 105.84504699707031"
40814144,28/02/2025,Chính chủ bán căn hộ chung cư Linh Đàm view đẹp nhất,"3,1 tỷ",76 m²,"40,79 tr/m²",3,2,"Hoàng Liệt, Hoàng Mai","20.963598251342773, 105.82803344726563"
42291638,28/02/2025,"Bán căn hộ 1PN 1WC, HH1 Linh Đàm, 1,9 tỷ, 46m2, view đẹp, uy tín, Hoàng Mai, Hà Nội","1,9 tỷ",46 m²,"41,3 tr/m²",1,1,"Hoàng Liệt, Hoàng Mai","20.9651051608048, 105.826253473981"
42291540,28/02/2025,Chỉ 4 tỷ sở hữu ngay căn hộ 80m2 - VP 5 bán đảo Linh Đàm - 2PN 2VS - full đồ,4 tỷ,80 m²,50 tr/m²,2,2,"Hoàng Liệt, Hoàng Mai","20.9634410468373, 105.831554451016"
42291694,28/02/2025,"Chỉ nhỉnh 1 tỷ mua căn 3pn. Chỉ từ 60tr/m2. Vay o%/24t, ck 9%, quà tặng 1 cây vàng. Căn hộ cao cấp",5 tỷ,90 m²,"55,56 tr/m²",2,2,"Hoàng Liệt, Hoàng Mai","20.9581689121393, 105.82623899926"
42291312,28/02/2025,"Bán CCMN,DT 600tr/ năm,9p Kk , 11,3 tỷ tại Nguyễn Đức Cảnh, Hoàng Mai, Hà Nội","11,3 tỷ",42 m²,"269,05 tr/m²",9,9,"Hoàng Văn Thụ, Hoàng Mai","20.9864630002725, 105.853670603282"
42291555,28/02/2025,"Bán gấp căn góc chung cư CT6 - KĐT Định Công - 78m2 x 3PN x 2 wc - 4,05 tỷ","4,05 tỷ",78 m²,"51,92 tr/m²",3,2,"Định Công, Hoàng Mai","20.98595298542844, 105.83316048302397"
42291385,28/02/2025,"Chính chủ bán căn hộ cao cấp giá tốt tại Đại Kim Building Hoàng Mai 63,5m2 2PN - 2VS full nội thất","3,95 tỷ","63,5 m²","62,2 tr/m²",2,2,"Đại Kim, Hoàng Mai","20.97503373770962, 105.82660730481923"
37910669,28/02/2025,"Bán CHCC Nam Đô Complex - 609 Trương Định, DT 131m2 3PN 2WC. Căn góc cực thoáng","7,5 tỷ",131 m²,"57,25 tr/m²",3,2,"Giáp Bát, Hoàng Mai","20.9797115325928, 105.844833374023"
42161102,28/02/2025,Bán căn hộ 85m2 3PN 2VS toà Nơ7A bán đảo Linh Đàm - Đường Nguyễn Duy Trinh - Hoàng Mai - Hà Nội,"4,88 tỷ",85 m²,"57,41 tr/m²",3,2,"Đại Kim, Hoàng Mai","20.971798002245798, 105.82792526035729"
42160659,28/02/2025,Bán căn góc 83m2 3PN 2VS tại chung CT3CX2 Tây Nam Linh Đàm - Hoàng Mai-Hà Nội. Toả cạnh cafe Hội An,"4,86 tỷ",83 m²,"58,55 tr/m²",3,2,"Hoàng Liệt, Hoàng Mai","20.964713626247352, 105.82518504399562"
41116485,28/02/2025,Giá tốt nhất HH Linh Đàm - căn hộ 2 ngủ: 58m2 full nội thất mới nhận nhà ở luôn,"2,48 tỷ",58 m²,"42,76 tr/m²",2,2,"Hoàng Liệt, Hoàng Mai","20.963314056396484, 105.82673645019531"
40979449,28/02/2025,Căn hộ 2 ngủ giá tốt nhất 12 tòa HH Linh Đàm 58m2 - nhà vào ở luôn,Giá thỏa thuận,58 m²,N/A,2,2,"Hoàng Liệt, Hoàng Mai","20.963314056396484, 105.82673645019531"
42291159,28/02/2025,"Ngoại giao, chuyển nhượng, trực tiếp CĐT: Vay 0%/24t, CK 11%, 2PN 3,9 tỷ 71m2",5 tỷ,90 m²,"55,56 tr/m²",2,2,"Hoàng Liệt, Hoàng Mai","20.9581689121393, 105.82623899926"
42267470,28/02/2025,Bán gấp căn hộ 2 ngủ tại Rose Town giá chỉ từ 3.8 tỷ. Liên hệ: 0826 465 *** Mr Dương,Giá thỏa thuận,79 m²,N/A,2,2,"Hoàng Liệt, Hoàng Mai","20.95658990133218, 105.84464970325644"
42291140,28/02/2025,"Cực hót căn hộ CT2-TP. Vơí DT:40m2- 2PN -1VS. Full nội thất Giá: 2,64tỷ. View đẹp thoáng mát ở luôn","2,64 tỷ",40 m²,66 tr/m²,2,1,"Thịnh Liệt, Hoàng Mai","20.96338317979444, 105.82114988296136"
42290838,28/02/2025,"Bán căn hộ 1PN, 1WC tại The Zen Residence, 4,x tỷ, 52m2, Hoàng Mai, Hà Nội, giá siêu hời chỉ với","4,45 tỷ",52 m²,"85,58 tr/m²",1,1,"Trần Phú, Hoàng Mai","20.97156400560663, 105.88015839749502"
42290585,28/02/2025,"Bán CH 2PN + 2WC tại Hồng Hà Tower, 3,55 tỷ, 56m2, view đẹp, Q. Hoàng Mai, HN","3,55 tỷ",56 m²,"63,39 tr/m²",2,2,"Thịnh Liệt, Hoàng Mai","20.974600802990523, 105.85588716415084"
42290427,28/02/2025,Bán căn hộ chung cư Đồng Phát Parkview Vĩnh Hoàng Hoàng Mai Hà Nội,"4,65 tỷ","78,5 m²","59,24 tr/m²",2,2,"Vĩnh Hưng, Hoàng Mai","20.9903258540635, 105.875922245137"
42290295,28/02/2025,Bán căn hộ chung cư K35 Tân Mai Hoàng Mai Hà Nội,"4,98 tỷ","72,6 m²","68,6 tr/m²",2,2,"Tương Mai, Hoàng Mai","20.984105511481868, 105.85089452630616"
38205031,28/02/2025,Bán căn hộ CC Gelexia Riverside 885 Tam Trinh Yên Sở Hoàng Mai Hà Nội tòa CT2A,"4,9 tỷ",82 m²,"59,76 tr/m²",3,2,"Yên Sở, Hoàng Mai","20.9729385375977, 105.866355895996"
42290235,28/02/2025,Bán căn hộ chung cư Nam Đô 609 Trương Định Hoàng Mai Hà Nội,"5,15 tỷ",84 m²,"61,31 tr/m²",3,2,"Giáp Bát, Hoàng Mai","20.980316523939, 105.844396228845"
42289915,28/02/2025,"Bán gấp CC 3PN, 2VS, 84m2 tại Nam Đô Complex, 5,15 tỷ","5,15 tỷ",84 m²,"61,31 tr/m²",3,2,"Giáp Bát, Hoàng Mai","20.9799628604266, 105.844742180234"
42290099,28/02/2025,"Bán căn chung cư HH Linh Đàm tầng trung 2PN 2WC, 2,7x tỷ, 67m2, hàng hiếm view đẹp",Giá thỏa thuận,67 m²,N/A,2,2,"Hoàng Liệt, Hoàng Mai","20.9631813040206, 105.821566319256"
41078451,28/02/2025,"Bán chung cư Đồng Phát (431 Tam Trinh), 70m2, 2 phòng ngủ, tặng nội thất 300tr, giá 3,82 tỷ","3,82 tỷ",70 m²,"54,57 tr/m²",2,2,"Vĩnh Hưng, Hoàng Mai","20.9800987243652, 105.874244689941"
42289650,28/02/2025,"Bán căn hộ chung cư Nơ 20 Pháp Vân, Trần Thủ Độ. 91m2, 3 ngủ, 2vs, giá 4,6 tỷ LH e Trọng","4,6 tỷ",91 m²,"50,55 tr/m²",3,2,"Hoàng Liệt, Hoàng Mai","20.955501961272155, 105.84502804325798"
41215719,28/02/2025,"Bán chung cư Gamuda, Yên Sở, Hoàng Mai. Căn góc. DT 80m2, 3 ngủ, 2 vs. Giá 5.25 tỷ","5,25 tỷ",80 m²,"65,62 tr/m²",3,2,"Trần Phú, Hoàng Mai","20.968797003721132, 105.87744371161156"
41602167,28/02/2025,"Bán gấp chung cư Lĩnh Nam - Vĩnh Hoàng view hồ, s: 57m2 lô góc 2pn giá đầu tư 3.2 tỷ","3,2 tỷ",56 m²,"57,14 tr/m²",2,N/A,"Hoàng Văn Thụ, Hoàng Mai","20.984697, 105.86616"
39090770,28/02/2025,"Bán chung cư Định Công, Hoàng Mai 68m2, 2 ngủ, 2 vệ sinh, nội thất 350 triệu, slot oto, 4 tỷ 550","4,55 tỷ",68 m²,"66,91 tr/m²",2,2,"Định Công, Hoàng Mai","20.9827823638916, 105.834381103516"
39113556,28/02/2025,"Bán chung cư Định Công, Hoàng Mai 85m2, 2 ngủ, 2 vệ sinh, nội thất 350 triệu, oto, 5 tỷ 580","5,58 tỷ",85 m²,"65,65 tr/m²",3,2,"Định Công, Hoàng Mai","20.9827823638916, 105.834381103516"
42101919,28/02/2025,"Bán căn 3 phòng ngủ tòa Nơ bán đảo Linh Đàm, Hoàng Mai. Sổ đỏ chính chủ LH 0915 057 ***","3,25 tỷ",63 m²,"51,59 tr/m²",3,2,"Đại Kim, Hoàng Mai","20.971168509829045, 105.82783420468824"
42289628,28/02/2025,"Bán căn hộ chung cư tại Hà Nội Melody Residences, 51 triệu / m2, 68 m2, view đẹp, uy tín","3,47 tỷ",68 m²,51 tr/m²,2,2,"Hoàng Liệt, Hoàng Mai","20.95868894269999, 105.82606712608869"
41916961,28/02/2025,Bán nhanh căn hộ 68m2 căn góc hàng hiếm chung cư Thanh Bình Garden Nguyễn Cảnh Dị,"4,41 tỷ",68 m²,"64,85 tr/m²",2,2,"Định Công, Hoàng Mai","20.9773883190632, 105.836078952658"
42287764,28/02/2025,Bán căn 3-2vs-2 logia-2 Ngủ full nội thất - Toà HUD Tây Nam Linh Đàm - 7 căn / Sàn - Tổng 15 Tầng,"5,6 tỷ",89 m²,"62,92 tr/m²",3,2,"Hoàng Liệt, Hoàng Mai","20.964995122849807, 105.82553435823166"
42269811,28/02/2025,Bán căn hộ chung cư HH3 Linh Đàm.67m2- 2ngủ - 2 VS - full nội thất tầng 9. Giá 2ty6x. View sân bóng,"2,67 tỷ",67 m²,"39,85 tr/m²",2,2,"Hoàng Liệt, Hoàng Mai","20.963720834199915, 105.82808817206602"
41942682,28/02/2025,"Chính chủ bán căn hộ ở Giải Phóng 50m2 giá 2,8 tỷ. Thương lượng","1,8 tỷ",50 m²,36 tr/m²,3,2,"Giáp Bát, Hoàng Mai","20.9838653739628, 105.841141960606"
42289253,28/02/2025,Em bán nhanh căn 2 ngủ 56m2 view ghé Hồ tại chung cư HH1C Linh Đàm.,"2,57 tỷ",56 m²,"45,89 tr/m²",2,2,"Hoàng Liệt, Hoàng Mai","20.964738294603002, 105.82633636852165"
42289048,27/02/2025,3 ngủ 2 vs giá 2ty9xx nội thất đầy đủ chung cư hh4 linh đàm tầng 20 căn góc 3 mặt thoáng tiện ích b,"2,99 tỷ",76 m²,"39,34 tr/m²",3,2,"Hoàng Liệt, Hoàng Mai","20.964112106835316, 105.82672410929204"
42107057,27/02/2025,"Cần bán CHCC 151 Nguyễn Đức Cảnh. DT 84m2 chia 3 ngủ , 2 vệ sinh . Giá 4, xx tỷ","4,75 tỷ",84 m²,"56,55 tr/m²",3,2,"Tương Mai, Hoàng Mai","20.98730640928627, 105.85129377409145"
42122018,27/02/2025,"Nhà em cần bán căn hộ T&T Vĩnh Hưng . Dt 90m2 chia 3 ngủ . Giá 5,xxtỷ","5,45 tỷ",90 m²,"60,56 tr/m²",3,2,"Vĩnh Hưng, Hoàng Mai","20.9991216271966, 105.880064261029"
42107124,27/02/2025,"Bán căn hộ chung cư Gamuda - Yên Sở. DT 76m2 chia 2 ngủ. Giá 5, xx tỷ","5,7 tỷ",76 m²,75 tr/m²,2,2,"Trần Phú, Hoàng Mai","20.971822936258413, 105.88027688849334"
41632495,27/02/2025,"Gia đình cần bán CHCC Gelexia - 885 Tam Trinh. DT 70m2 chia 2 ngủ. Giá 4, xx tỷ","4,6 tỷ",70 m²,"65,71 tr/m²",2,2,"Yên Sở, Hoàng Mai","20.972938537597656, 105.8663558959961"
42106761,27/02/2025,"Gia đình cần bán căn hộ chung cư Gelexia- 885 Tam Trinh . Dt 75m2 chia 2 ngủ . Giá 4,xx tỷ","4,6 tỷ",75 m²,"61,33 tr/m²",2,2,"Yên Sở, Hoàng Mai","20.972475700145814, 105.86614767421749"
41632159,27/02/2025,"Gia đình cần bán CHCC Momota - 151 Nguyễn Đức Cảnh. DT 70m2. Giá 3, xx tỷ","3,88 tỷ",70 m²,"55,43 tr/m²",1,1,"Tương Mai, Hoàng Mai","20.987425, 105.85155"
42191261,27/02/2025,"Gia đình cần bán căn hộ chung cư Hateco. DT 107m2 gồm 3 ngủ, 2 vệ sinh. Giá chào 5, xxtỷ","5,6 tỷ",107 m²,"52,34 tr/m²",3,2,"Yên Sở, Hoàng Mai","20.9628348614584, 105.8640726647093"
41173768,27/02/2025,"Cần bán chung cư K35 Tân Mai,lô góc nhà đầy đủ nội thất đẹp về ở luôn_ 0986 862 ***.","4,95 tỷ",67 m²,"73,88 tr/m²",2,2,"Tương Mai, Hoàng Mai","20.9837379455566, 105.8515625"
42288419,27/02/2025,Chính chủ căn hộ Osaka Complex Ngọc Hồi Hoàng Mai liên hệ: 0929 656 ***,"4,2 tỷ","75,06 m²","55,96 tr/m²",2,2,"Hoàng Liệt, Hoàng Mai","20.959596881841822, 105.83827250320148"
42288405,27/02/2025,Chính chủ bán căn hoa hậu An Bình Định Kim Hoàng Mai 3 ngủ LH 0929 656 ***,"8,3 tỷ",113 m²,"73,45 tr/m²",3,2,"Định Công, Hoàng Mai","20.983905772399137, 105.83212113685235"
42288393,27/02/2025,Chính chủ bán căn hộ chung cư Thanh Bình Garden Hoàng Mai 0929 656 ***,"3,8 tỷ","51,3 m²","74,07 tr/m²",2,1,"Định Công, Hoàng Mai","20.977673184097945, 105.83684221479774"
41685937,27/02/2025,Bán 1 ngủ full đồ The Zen Gamuda view sân vườn giá 4 tỷ bao toàn bộ thuế phí. LH: 0969 868 ***,4 tỷ,54 m²,"74,07 tr/m²",1,N/A,"Trần Phú, Hoàng Mai","20.971761703491211, 105.87892913818359"
41685986,27/02/2025,Bán chung cư Gamuda 54m2 The Zen full nội thất đã sửa thành 2 ngủ 4 tỷ bao phí. LH: 0969 868 ***,4 tỷ,54 m²,"74,07 tr/m²",1,1,"Yên Sở, Hoàng Mai","20.971761703491211, 105.87892913818359"
41686013,27/02/2025,Chung cư Gamuda 2 ngủ 75m2 tầng trung The Zen Residence full nội thất 5.5 tỷ,"5,6 tỷ",75 m²,"74,67 tr/m²",2,2,"Trần Phú, Hoàng Mai","20.971761703491211, 105.87892913818359"
42288123,27/02/2025,Chính chủ nhờ em bán căn hộ HH Linh Đàm,"1,8 tỷ",45 m²,40 tr/m²,2,2,"Hoàng Liệt, Hoàng Mai","20.963539387306827, 105.8281341996524"
42288064,27/02/2025,Chính chủ nhờ em bán căn hộ HH Linh Đàm,"2,35 tỷ",56 m²,"41,96 tr/m²",2,2,"Hoàng Liệt, Hoàng Mai","20.964834695714885, 105.82731339052124"
42287961,27/02/2025,"CHUNG CƯ 3 NGỦ 82
M Ở VINACONEX B KIM VĂN KIM LŨ, HOÀNG MAI, HÀ NỘI",Giá thỏa thuận,82 m²,N/A,3,2,"Đại Kim, Hoàng Mai","20.97358302947419, 105.82059272868284"
42235067,27/02/2025,"Bán chung cư Gelexia đủ đồ, 75m2, 2 phòng ngủ, giá 4,4 tỷ","4,4 tỷ",75 m²,"58,67 tr/m²",2,2,"Yên Sở, Hoàng Mai","20.972591651430573, 105.86614541054648"
42287864,27/02/2025,Bán căn chung cư 165 Trần Hòa - Đại Kim - Hoàng Mai. DT 63m2 - 3.65 tỷ - căn 2 ngủ - sẵn sổ,"3,65 tỷ",63 m²,"57,94 tr/m²",2,1,"Đại Kim, Hoàng Mai","20.9753574902559, 105.825880777163"
42287822,27/02/2025,"Chính chủ gửi bán căn hộ 2 phòng ngủ tòa B15 Đại Kim, đầy đủ nội thất, giá 3.3 tỷ","3,3 tỷ",59 m²,"55,93 tr/m²",2,1,"Đại Kim, Hoàng Mai","20.977779787065895, 105.83615515536461"
42287680,27/02/2025,Bán căn hộ chung cư hh linh đàm 67m 2 ngủ 2 vs full nội thất giá 2ty7x tầng trung toà hh4c toà mặt,"2,7 tỷ",67 m²,"40,3 tr/m²",2,2,"Hoàng Liệt, Hoàng Mai","20.963248462994212, 105.82721762874596"
42281424,27/02/2025,"Cần bán căn hộ Bea Sky Đại Kim - Hoàng Mai - Hà Nội - DT69m2 - 2PN - 2WC - giá 4,6tỷ - LH 039426628","4,6 tỷ",69 m²,"66,67 tr/m²",2,2,"Đại Kim, Hoàng Mai","20.97403192088848, 105.82213483063002"
42147432,27/02/2025,Tổng hợp quỹ căn chuyển nhượng tháng 3 tại Melody Linh Đàm giá chỉ từ 51tr/m2,"3,82 tỷ",75 m²,51 tr/m²,2,2,"Hoàng Liệt, Hoàng Mai","20.9584871905717, 105.826322676864"
42253312,27/02/2025,"Bán căn hộ chung cư tại Viễn Đông Star, giá 7.6 tỷ vnd, diện tích 109m2","7,6 tỷ",109 m²,"69,72 tr/m²",3,2,"Thịnh Liệt, Hoàng Mai","20.97758383148829, 105.84325129805103"
42287398,27/02/2025,"Bán nhanh CC đẹp tại Rose Town, 3,8 tỷ, 89 m2, 2PN, 2WC, nhiều tiện ích","3,8 tỷ",89 m²,"42,7 tr/m²",2,2,"Hoàng Liệt, Hoàng Mai","20.9566796939468, 105.845480723031"
39423874,27/02/2025,Chính chủ bán căn 3 phòng ngủ 2WC diện tích 100m2 - ban công hướng mát - giá 6.15 tỷ đang làm sổ,"6,15 tỷ",100 m²,"61,5 tr/m²",3,2,"Hoàng Văn Thụ, Hoàng Mai","20.9848365783691, 105.859855651855"
42285730,27/02/2025,"Bán CC Green Park Trần Thủ Độ, 75 triệu, 53m2, 2PN, 2WC, SĐCC full đồ","3,98 tỷ",53 m²,75 tr/m²,2,2,"Hoàng Liệt, Hoàng Mai","20.95825511886444, 105.84592333991948"
42286794,27/02/2025,"Siêu đẹp tại toà CT5 X2 Linh Đàm, DT: 78m2 với 3PN - 2VS, giá: 4,695 tỷ, Căn góc có 2mặt view đẹp","4,7 tỷ",78 m²,"60,19 tr/m²",3,2,"Hoàng Liệt, Hoàng Mai","20.9713747400376, 105.82798593242"
41975480,27/02/2025,"Chính chủ bán cắt lỗ căn 2N 80,09m chỉ 4,4 tỷ. Tầng đẹp, bao phí cần bán gấp. LH: 0966 614 ***","4,4 tỷ","80,09 m²","54,94 tr/m²",2,2,"Hoàng Liệt, Hoàng Mai","20.958167070835835, 105.82595576113793"
42286700,27/02/2025,"Bán căn hộ chung cư 3PN, 2WC, 90m2 tại New Horizon City, 5,8 tỷ, Hoàng Mai, HN - giá tốt","5,8 tỷ",90 m²,"64,44 tr/m²",3,2,"Mai Động, Hoàng Mai","20.98942497089437, 105.86656118234899"
42286057,27/02/2025,Hơn 3 tỷ - nhà đẹp ở ngay - 3 ngủ - sổ đỏ - tòa Nơ7 Bán Đảo Linh Đàm - khu vực nhiều tiện ích,"3,9 tỷ",70 m²,"55,71 tr/m²",3,2,"Đại Kim, Hoàng Mai","20.97154337556281, 105.82857205553232"
42285929,27/02/2025,2 ngủ 63m2 giá tốt chung cư HH Linh Đàm,"2,23 tỷ",63 m²,"35,4 tr/m²",2,2,"Hoàng Liệt, Hoàng Mai","20.9636911772415, 105.827276531216"
42285719,27/02/2025,DUY NHẤT 1 CĂN 115M CHUNG CƯ BA HÀNG FULL ĐỒ ĐẸP LUNG LINH SỔ NÉT BONG.,"5,2 tỷ",115 m²,"45,22 tr/m²",3,2,"Lĩnh Nam, Hoàng Mai","20.98157727182811, 105.87926569111683"
42285706,27/02/2025,"Bán căn hộ 3PN, 2WC, 86m2 tại Chung cư 83 Ngọc Hồi, giá 3,15 tỷ, view đẹp hàng hiếm","3,15 tỷ",86 m²,"36,63 tr/m²",3,2,"Đại Kim, Hoàng Mai","20.957020394026156, 105.84288726986055"
41822559,27/02/2025,Chính chủ bán căn 2 ngủ 85m2 tầng trung ban công hướng mát Viễn Đông Star,"3,57 tỷ",85 m²,42 tr/m²,2,2,"Thịnh Liệt, Hoàng Mai","20.97712713670927, 105.842367737968"
42285625,27/02/2025,"Quỹ ngoại giao căn 2N diện tích 68m chung cư Melody Linh Đàm.Miễn lãi gốc 24T,CK 8%. LH 0962 231 ***",Giá thỏa thuận,68 m²,N/A,2,2,"Hoàng Liệt, Hoàng Mai","20.9591138072605, 105.825944209313"
42285212,27/02/2025,3 ngủ 2 vệ sinh toà hh2b vew hồ,"3,08 tỷ",77 m²,40 tr/m²,3,2,"Hoàng Liệt, Hoàng Mai","20.96434610771415, 105.82716964010024"
42285413,27/02/2025,"Bán chung cư Kim Văn Kim Lũ, Đại Kim, Hoàng Mai, Hà Nội 2,6 tỷ, 53,5 m2, 2PN, 2WC giá tốt","2,6 tỷ","53,5 m²","48,6 tr/m²",2,2,"Đại Kim, Hoàng Mai","20.97376099746891, 105.8197374044675"
42282447,27/02/2025,"Chủ cần tiền bán gấp căn 2n, 2vs giá rẻ nhất thị trường.","2,29 tỷ",56 m²,"40,89 tr/m²",2,2,"Hoàng Liệt, Hoàng Mai","20.9640934642066, 105.826624564758"
42284945,27/02/2025,"Bán căn hộ chung cư Gelexia Riverside, 4,5 tỷ, 74m2, 2PN, Hoàng Mai, Hà Nội","4,5 tỷ",74 m²,"60,81 tr/m²",2,2,"Yên Sở, Hoàng Mai","20.97291753848613, 105.86630945323348"
40978671,27/02/2025,Chính chủ cần bán nhanh căn 3PN - 113m2 tòa HH3 căn góc 2 mặt thoáng full nội thất LH 0966 292 ***,Giá thỏa thuận,113 m²,N/A,3,2,"Đại Kim, Hoàng Mai","20.9730930328369, 105.838371276855"
42284170,27/02/2025,"Chính chủ bán nhanh căn hộ Vinaconex B Kim Văn Kim Lũ, Hoàng Mai, Hà Nội, diện tích 82m2","5,25 tỷ",82 m²,"64,02 tr/m²",2,2,"Đại Kim, Hoàng Mai","20.973276621330644, 105.81991948652848"
42284718,27/02/2025,"Chính chủ bán căn hộ 82,2m2 tại Mandarin Garden 2","6,4 tỷ","82,2 m²","77,86 tr/m²",2,2,"Tân Mai, Hoàng Mai","20.98473542344143, 105.84653818116986"
42284574,27/02/2025,Bán căn 2pn cc Helios 75 Tam Trinh,Giá thỏa thuận,60 m²,N/A,2,2,"Mai Động, Hoàng Mai","20.9948056866176, 105.864204187533"
40409625,27/02/2025,"Bán nhà tập thể tầng 1, ngõ 815 Giải Phóng 150m2 mặt tiền 8m giá 5.5tỷ","5,5 tỷ",150 m²,"36,67 tr/m²",3,3,"Giáp Bát, Hoàng Mai","20.9837461, 105.8411144"
42284160,27/02/2025,"Bán CC 3PN, 2WC tại 282 Lĩnh Nam, 4,35 tỷ, 93m2, Q.Hoàng Mai, HN","4,35 tỷ",93 m²,"46,77 tr/m²",3,2,"Lĩnh Nam, Hoàng Mai","20.981916011785305, 105.87937229136774"
42283964,27/02/2025,"Chính chủ bán căn góc Nơ 6A Bán đảo Linh Đàm, đã sửa đẹp, nội thất đầy đủ","4,1 tỷ",75 m²,"54,67 tr/m²",2,1,"Đại Kim, Hoàng Mai","20.971049038495213, 105.82767610348166"
42283864,27/02/2025,"Bán căn hộ chung cư Kim Văn, Kim Lũ, siêu đẹp, 73.6m2, 3.6 tỷ","3,6 tỷ",74 m²,"48,65 tr/m²",3,2,"Đại Kim, Hoàng Mai","20.9752854351697, 105.823648617874"
42283856,27/02/2025,BÁN NHANH CĂN 67m VIU HỒ HH3 LINH ĐÀM. GIÁ 2.6x TỶ THƯƠNG LƯỢNG. Lhe 0921 863 ***,"2,6 tỷ",67 m²,"38,81 tr/m²",2,2,"Hoàng Liệt, Hoàng Mai","20.9638934560529, 105.82729700476075"
41321893,27/02/2025,"Cần bán chung cư 87 Lĩnh Nam vị trí cực đẹp, tiện ích đầy đủ.","5,05 tỷ",76 m²,"66,45 tr/m²",2,2,"Mai Động, Hoàng Mai","20.989423751831055, 105.86656188964844"
40186683,27/02/2025,"Cần bán căn chung cư VP2 - VP4 Linh Đàm, căn góc 113m2 sổ hồng, 3 phòng ngủ, 2WC đầy đủ nội thất",Giá thỏa thuận,113 m²,N/A,3,2,"Thịnh Liệt, Hoàng Mai","20.9641876220703, 105.830528259277"
42283749,27/02/2025,"Bán gấp căn 3 ngủ Nơ 4 Pháp Vân, Hoàng Liệt, Hoàng Mai đầy đủ nội thất giá 3.x tỷ","3,85 tỷ",77 m²,50 tr/m²,3,2,"Hoàng Liệt, Hoàng Mai","20.95653930104669, 105.84484744626813"
42175675,27/02/2025,"Tôi chính chủ Bán CH 2PN, 62m2 tại Đại Kim building, giá thỏa thuận, liên hệ: 0368 945 ***",Giá thỏa thuận,62 m²,N/A,2,1,"Đại Kim, Hoàng Mai","20.974123172970124, 105.8258700150387"
41565447,27/02/2025,"Bán căn hộ studio Tầng 1 diện tích sử dụng 40m2. Full nội thất. Oto đỗ cửa, ngõ thông. Giá 2.5 tỷ","2,5 tỷ",40 m²,"62,5 tr/m²",1,1,"Tân Mai, Hoàng Mai","20.9837899778076, 105.85009286306"
42283521,27/02/2025,"Bán căn hộ 3N2vs nhà nội thất cơ bản, gđ mua liền kề. Bán nhanh cho khách thiện chí.","2,92 tỷ",76 m²,"38,42 tr/m²",3,2,"Hoàng Liệt, Hoàng Mai","20.964542456872113, 105.82717400097653"
42015489,27/02/2025,"Bán căn hộ chung cư HH2 Linh Đàm, diện tích 56m2 - căn góc","2,6 tỷ",56 m²,"46,43 tr/m²",2,2,"Hoàng Liệt, Hoàng Mai","20.96416406728599, 105.82660631160766"
42283384,27/02/2025,"Cần bán căn hộ tại chung cư Beasky, diện tích 68m2, full nội thất, giá bán 4,8 tỷ, sổ hồng đầy đủ","4,8 tỷ",68 m²,"70,59 tr/m²",2,2,"Đại Kim, Hoàng Mai","20.97387232596371, 105.82192876833663"
42283323,27/02/2025,"Bán CC KĐT Linh Đàm, 4,88 tỷ, 85m2, 3PN, 2WC, nội thất đầy đủ","4,88 tỷ",85 m²,"57,41 tr/m²",3,2,"Đại Kim, Hoàng Mai","20.971771352221776, 105.82881397462981"
42283158,27/02/2025,Bán CHCC Nam Đô 609 Trương Định Hoàng Mai DT 83.1m2 3ngủ 2wc căn góc vip full nội thất sổ chính chủ,"5,15 tỷ","83,1 m²","61,97 tr/m²",3,2,"Giáp Bát, Hoàng Mai","20.97919569334238, 105.84518468164568"
42117368,27/02/2025,Ảnh nhà thật! Bán căn hộ full nội thất mới - 3PN 2VS - CT1 Bắc Linh Đàm - Hoàng Mai - HN,"4,46 tỷ",85 m²,"52,47 tr/m²",3,2,"Đại Kim, Hoàng Mai","20.971044988624293, 105.82797277432462"
37515522,27/02/2025,"Bán căn hộ 95m2 The Zen Gamuda nội thất nhập khẩu cực vip view đẹp nội khu giá mềm, 0948 857 ***","7,1 tỷ",95 m²,"74,74 tr/m²",3,N/A,"Yên Sở, Hoàng Mai","20.9717617034912, 105.878929138184"
42063986,27/02/2025,Căn hộ chung cư tại Hateco Hoàng Mai 60m2,"3,6 tỷ","60,7 m²","59,31 tr/m²",2,1,"Yên Sở, Hoàng Mai","20.961958219520589, 105.86398824838759"
42145279,27/02/2025,"Bán CHCC Hồng Hà Tower 89 Thịnh Liệt-Hoàng Mai.Dt 58m2,2 ngủ,2wc.Full nội thất.Sẵn Sổ giao dịch","3,55 tỷ",58 m²,"61,21 tr/m²",2,2,"Thịnh Liệt, Hoàng Mai","20.975310539007612, 105.85493384064978"
39748454,27/02/2025,Bán căn 2 ngủ The Two Gamuda 79m2 đầy đủ nội thất view nội khu 0948 857 ***,"5,1 tỷ",79 m²,"64,56 tr/m²",2,2,"Yên Sở, Hoàng Mai","20.9700584411621, 105.877777099609"
38353159,27/02/2025,"Bán căn hộ 3 phòng ngủ 100m2 The Zen Gamuda nội thất cơ bản view thoáng mát - 7,1 tỷ 0948 857 ***","7,3 tỷ",100 m²,73 tr/m²,3,2,"Yên Sở, Hoàng Mai","20.9717617034912, 105.878929138184"
42282916,27/02/2025,"Quỹ căn giá tốt 2PN 4.4tỷ-4.7tỷ (64m2-81m2), 3PN 5.1tỷ-5.8tỷ (81m2-90m2) cần bán Trần Thuỳ Dương","4,45 tỷ",74 m²,"60,14 tr/m²",2,2,"Yên Sở, Hoàng Mai","20.972887522084, 105.86635787449"
39748373,27/02/2025,Bán căn 2PN + 1 75m2 The Zen Gamuda view thoáng mát nội thất cơ bản 0948 857 ***,"5,5 tỷ",75 m²,"73,33 tr/m²",2,2,"Yên Sở, Hoàng Mai","20.9717617034912, 105.878929138184"
42283057,27/02/2025,"Bán căn hộ chung cư K35 Tân Mai, Hoàng Mai. Diện tích 72,6m2 2pn 2vs. Giá 4,98 tỷ. LH 0983 282 ***","4,98 tỷ","72,6 m²","68,6 tr/m²",2,2,"Tương Mai, Hoàng Mai","20.983672188137376, 105.85152117943099"
42282896,27/02/2025,"Chính chủ căn hộ 3PN tòa B Vinaconex 2 Hoàng Mai, tầng trung nhà đẹp, sổ chính chủ bán 5, x tỷ",Giá thỏa thuận,83 m²,N/A,3,2,"Đại Kim, Hoàng Mai","20.97395477001492, 105.8199431573815"
40123644,27/02/2025,"Tổng hợp diện tích các căn bán 77m - 86 m- 95m - 107 - 122m2 tại dự án X2 Đại Kim, Hoàng Mai",Giá thỏa thuận,"86,86 m²",N/A,3,2,"Đại Kim, Hoàng Mai","20.9764270782471, 105.82543182373"
42281592,27/02/2025,"Bán gấp căn hộ 2PN, 2WC tại Rose Town, 5,3 tỷ, 78,6m2, Hoàng Mai, Hà Nội","5,3 tỷ","78,6 m²","67,43 tr/m²",2,2,"Hoàng Liệt, Hoàng Mai","20.95654279138571, 105.84481408440634"
42282369,27/02/2025,"Chính chủ vào Nam công tác bán nhanh 3PN, 84m2 T&T 120 Định Công, nhỉnh 5 tỷ, full đồ: 0969 029 ***","5,8 tỷ",84 m²,"69,05 tr/m²",3,2,"Định Công, Hoàng Mai","20.98320037653072, 105.83466511047622"
42282244,27/02/2025,Chỉ 2.39 tỷ sở hữu ngay căn hộ 2PN - 2WC tầng 2x tại HH4B Linh Đàm,"2,39 tỷ",58 m²,"41,21 tr/m²",2,2,"Hoàng Liệt, Hoàng Mai","20.9629526749027, 105.826785247856"
42282139,27/02/2025,"bán căn hộ chung cư VINACONEX 2 , căn siêu phẩm 2 ngủ chỉ nhỉnh 5 tỷ đầy đủ nội thất","5,1 tỷ",83 m²,"61,45 tr/m²",2,2,"Đại Kim, Hoàng Mai","20.972422383615726, 105.81913034575548"
42282123,27/02/2025,"CHỈ VỚI 1.5 TỶ (30%), SỞ HỮU NGAY CĂN HỘ CHUNG CƯ CAO CẤP HÀ NỘI MELODY RESIDENCES","4,4 tỷ",68 m²,"64,71 tr/m²",N/A,N/A,"Hoàng Liệt, Hoàng Mai","20.95798788612271, 105.82560033274716"
42165515,27/02/2025,"Bán căn hộ 2PN view đẹp tại Khu đô thị Kim Văn - Kim Lũ, giá thỏa thuận, 60m2 giá cực tốt , có TL",Giá thỏa thuận,60 m²,N/A,2,1,"Đại Kim, Hoàng Mai","20.973221190151424, 105.81990343800106"
42165558,27/02/2025,"Bán căn hộ chung cư 54m2 tại Khu đô thị Kim Văn - Kim Lũ, giá thỏa thuận, 2PN, 2WC Hot!",Giá thỏa thuận,54 m²,N/A,2,2,"Đại Kim, Hoàng Mai","20.973342950047382, 105.82092688542348"
42165938,27/02/2025,"Bán căn hộ chung cư HH4 Linh Đàm, giá thỏa thuận, 56m2, view đẹp giá siêu nét",Giá thỏa thuận,56 m²,N/A,2,2,"Hoàng Liệt, Hoàng Mai","20.963694001591136, 105.82673178731585"
42173469,27/02/2025,"Bán gấp CC 2PN, 48m2 tại HH3 Linh Đàm, 2,05 tỷ, Hoàng Mai, Hà Nội giá tốt ,nhà đẹp nhất thị trường","2,05 tỷ",48 m²,"42,71 tr/m²",2,1,"Hoàng Liệt, Hoàng Mai","20.963671821175264, 105.82795663155997"
42281745,27/02/2025,Nơ 3 bán đảo Linh Đàm view hồ cực đẹp,"4,7 tỷ",76 m²,"61,84 tr/m²",3,2,"Đại Kim, Hoàng Mai","20.971487205096757, 105.82789251313358"
38959811,27/02/2025,"Bán chung cư 176 Định Công, Hoàng Mai 68m2, 2 ngủ, 2 vệ sinh, nội thất 300 triệu, giá 4 tỷ 550","4,55 tỷ",68 m²,"66,91 tr/m²",2,2,"Định Công, Hoàng Mai","20.9827823638916, 105.834381103516"
42281599,27/02/2025,Chính chủ bán căn hộ 2 phòng ngủ view hồ giá 2 tỷ 490 triệu,"2,49 tỷ",65 m²,"38,31 tr/m²",2,2,"Hoàng Liệt, Hoàng Mai","20.963547580275055, 105.82796618781221"
42281499,27/02/2025,"Bán căn hộ CT3 X2 Linh Đàm - Hoàng Mai, HN - 75m2 - 3 ngủ 2wc - đồ nội thất đẹp - giá tốt",Giá thỏa thuận,75 m²,N/A,3,2,"Hoàng Liệt, Hoàng Mai","20.965760797609, 105.82797438"
42180792,27/02/2025,Gia đình chuyển đổi cần bán căn hộ chung cư Gelexia 885 Tam Trinh đã có so 2 ngủ 2 wc Lh 0961 579 ***,"4,35 tỷ",74 m²,"58,78 tr/m²",2,2,"Yên Sở, Hoàng Mai","20.97360864669976, 105.86669168007344"
40736849,27/02/2025,Bán căn hộ chung cư tại Đồng Phát Parkview Căn góc 82m2 3 ngủ full nội thất ở ngay LH 0961 579 ***,"4,75 tỷ",82 m²,"57,93 tr/m²",3,2,"Vĩnh Hưng, Hoàng Mai","20.9800987243652, 105.874244689941"
42281229,27/02/2025,"Bán căn hộ chung cư Hateco Hoàng Mai, 4,2 tỷ, 76,4m2, 2PN, 2WC, chỉ với giá tốt","4,2 tỷ","76,4 m²","54,97 tr/m²",2,2,"Yên Sở, Hoàng Mai","20.9629950624928, 105.864560252291"
42281591,27/02/2025,"Hot quá căn hộ 2PN - 2VS DT 67m2 full đồ giá chỉ 2,48 tỷ. Ban công thoáng mát. Nhận nhà ở luôn","2,48 tỷ",67 m²,"37,02 tr/m²",2,2,"Hoàng Liệt, Hoàng Mai","20.9632970326248, 105.826625165215"
42281296,27/02/2025,"Bán căn hộ chung cư Sky Central, Định Công, Hoàng Mai, Hà Nội, giá ưu đãi chỉ với 4,75 tỷ, 68 m2","4,75 tỷ",68 m²,"69,85 tr/m²",2,2,"Định Công, Hoàng Mai","20.983334944693386, 105.83525620897821"
40776933,27/02/2025,"Bán căn hộ chung cư Vĩnh Hoàng - 55m2 - 2 phòng ngủ, view hồ","3,3 tỷ",55 m²,60 tr/m²,2,1,"Hoàng Văn Thụ, Hoàng Mai","20.985177380213138, 105.86617742549386"
42281266,27/02/2025,"Căn hộ chung cư Nguyễn Đức Cảnh 3 ngủ, 2wc 84m2 giá hơn 4 tỷ. Tiện ích tốt","4,45 tỷ",84 m²,"52,98 tr/m²",3,2,"Tương Mai, Hoàng Mai","20.9873081566771, 105.851708049371"
42281114,27/02/2025,"Bán CH HH4 Linh Đàm, 2,39 tỷ, 56m2, cực chất!","2,39 tỷ",56 m²,"42,68 tr/m²",N/A,N/A,"Hoàng Liệt, Hoàng Mai","20.962863877388482, 105.82598246250222"
42149007,27/02/2025,"Căn gốc N04 3PN view công viên yên sở , tầng thấp . Liên hệ em ngay nhận ngay căn đẹp","6,84 tỷ",120 m²,57 tr/m²,3,N/A,"Hoàng Liệt, Hoàng Mai","20.95795790745428, 105.82665851848084"
42281227,27/02/2025,Bán căn chung cư 165 Trần Hòa - Đại Kim - Hoàng Mai. DT 63m2 - 3.65 tỷ - căn 2 ngủ - sẵn sổ,"3,65 tỷ",63 m²,"57,94 tr/m²",2,1,"Đại Kim, Hoàng Mai","20.9751413458802, 105.825440461847"
42280788,27/02/2025,Chính chủ gửi e căn hộ CT3C X2 Bắc Linh Đàm 83m2 3ngủ 2vs căn góc thoáng giá chỉ 4.4 tỉ có bớt,"4,4 tỷ",83 m²,"53,01 tr/m²",3,2,"Đại Kim, Hoàng Mai","20.97146865132101, 105.82818434982266"
40978659,27/02/2025,(Siêu hot) Bán gấp HH4B Linh Đàm; 58m2 - HDMB - 2ngủ 2VS - 2 tỷ xx,"2,39 tỷ",58 m²,"41,21 tr/m²",2,2,"Hoàng Liệt, Hoàng Mai","20.9633140563965, 105.826736450195"
36840393,27/02/2025,"Gia đình cần bán căn 3PN sân vườn toà Zen, ban công hướng Đông, dự án Feliz Homes, view rất đẹp","7,5 tỷ",120 m²,"62,5 tr/m²",3,2,"Hoàng Văn Thụ, Hoàng Mai","20.984341720010274, 105.85949246108588"
42280426,27/02/2025,Bán CHCC K35 Tân Mai Hoàng Mai DT 73m2 2ngủ 2wc. Căn góc full nội thất. Sổ chính chủ. Lh 0962 139 ***,"4,98 tỷ",73 m²,"68,22 tr/m²",2,2,"Tương Mai, Hoàng Mai","20.983881683162924, 105.85134937326708"
42277911,27/02/2025,Cần bán căn hộ chung cư AZ - Sky khu đô thị Định công DT 78m2 2 ngủ 2 vệ sinh nhà mới đẹp ở ngay,"4,5 tỷ",78 m²,"57,69 tr/m²",2,2,"Định Công, Hoàng Mai","20.989144794576646, 105.83264741302935"
42277868,27/02/2025,"Bán căn hộ CC Nam Đô - 609 Trương Định, Hoàng Mai. DT 83,1m2 3pn 2vs. Giá 5,15 tỷ. LH 0983 282 ***","5,15 tỷ","83,1 m²","61,97 tr/m²",3,2,"Giáp Bát, Hoàng Mai","20.9799653850695, 105.84500824852"
42088489,27/02/2025,"Bán gấp chung cư Gelexia 885 Tam Trinh 2 phòng ngủ tầng đẹp, giá 4,3 tỷ","4,3 tỷ",82 m²,"52,44 tr/m²",2,2,"Yên Sở, Hoàng Mai","20.972987232071684, 105.86665774774663"
42279891,27/02/2025,"#HHLinhĐàm04056
Bán căn hộ chung cư hh2 linh đàm 2 ngủ 1 vs ful nội thất giá 2ty1x tầng 20","2,1 tỷ",46 m²,"45,65 tr/m²",2,1,"Hoàng Liệt, Hoàng Mai","20.964419060443866, 105.82782833815108"
41371142,27/02/2025,"Chung cư Eco Lake View 32 Đại Từ 85m2, lô góc 3 ngủ, full nội thất giá 5xx tỷ","5,4 tỷ",85 m²,"63,53 tr/m²",3,2,"Đại Kim, Hoàng Mai","20.973093032836914, 105.83837127685547"
42279544,27/02/2025,Chính Chủ căn hộ Osaka Complex Ngọc Hồi Hoàng Mai liên hệ: 0929 656 ***,"4,2 tỷ","75,06 m²","55,96 tr/m²",2,2,"Hoàng Liệt, Hoàng Mai","20.958319522690964, 105.83844779026569"
42279541,27/02/2025,Chính chủ bán căn hoa hậu An Bình Định Kim Hoàng Mai 3 ngủ LH 0929 656 ***,"8,3 tỷ",113 m²,"73,45 tr/m²",3,2,"Định Công, Hoàng Mai","20.983292899473792, 105.8318232481579"
39932617,27/02/2025,Chính chủ bán căn 74m2 Melody Linh Đàm giá từ 50tr/m2 - LH: 0877 556 ***,Giá thỏa thuận,74 m²,N/A,2,2,"Hoàng Liệt, Hoàng Mai","20.9585018157959, 105.826347351074"
42279535,27/02/2025,Chính chủ bán căn hộ chung cư Thanh Bình Garden Hoàng Mai 0929 656 ***,"3,8 tỷ",51 m²,"74,51 tr/m²",2,1,"Định Công, Hoàng Mai","20.978224921623255, 105.8355506063005"
42279448,27/02/2025,"Bán gấp CH chung cư CT 12A, Nguyễn Xiển, Hoàng Mai, DT: 80 m2,3PN. Giá 3,86 tỷ.","3,86 tỷ",80 m²,"48,25 tr/m²",3,2,"Đại Kim, Hoàng Mai","20.974000513906446, 105.82025959694454"
42279230,26/02/2025,"Bán căn hộ 3PN, 2WC tại New Horizon City, giá cực chất 6,28 tỷ, 96m2, Q. Hoàng Mai, HN","6,28 tỷ",96 m²,"65,42 tr/m²",3,2,"Mai Động, Hoàng Mai","20.989468769245438, 105.86647780471482"
42278990,26/02/2025,Chính chủ cần bán căn chung cư 3 phòng ngủ - 2wc - full nội thất sổ đỏ chính chủ 96m2 - chỉ hơn 6tỷ,"6,3 tỷ",96 m²,"65,62 tr/m²",3,2,"Mai Động, Hoàng Mai","20.988886599753, 105.86707649754"
42278697,26/02/2025,Chính chủ căn hộ Osaka Complex Ngọc Hồi Hoàng Mai liên hệ: 0929 656 ***,"4,2 tỷ","75,06 m²","55,96 tr/m²",2,2,"Hoàng Liệt, Hoàng Mai","20.959153057936263, 105.838028161121"
42278684,26/02/2025,Chính chủ bán căn hoa hậu An Bình Định Kim Hoàng Mai 3 ngủ LH 0929 656 ***,"8,3 tỷ",113 m²,"73,45 tr/m²",3,2,"Định Công, Hoàng Mai","20.982813714666758, 105.83266443502437"
42278666,26/02/2025,Chính chủ bán căn hộ chung cư Thanh Bình Garden Hoàng Mai 0929 656 ***,"3,8 tỷ",51 m²,"74,51 tr/m²",2,1,"Định Công, Hoàng Mai","20.97727340412816, 105.83593567772462"
42272057,26/02/2025,"Bán CC New Horizon City 96m2, 5,9 tỷ, 3PN, 2WC tại Lĩnh Nam, Hoàng Mai, Hà Nội - Hot! uy tín","5,9 tỷ",96 m²,"61,46 tr/m²",3,2,"Mai Động, Hoàng Mai","20.989573456225514, 105.86598080614962"
42268154,26/02/2025,Chung cư cao cấp - view hồ - sân golf - bể bơi - gym - ở sướng chỉ 4 tỷ,4 tỷ,100 m²,40 tr/m²,3,2,"Đại Kim, Hoàng Mai","20.9748011789068, 105.824028307897"
42276294,26/02/2025,Cần bán căn hộ 84m2 - mandarin 2 - 99 tân mai - Hoàng mai - liên hệ: 0886 896 ***,"6,2 tỷ",84 m²,"73,81 tr/m²",2,2,"Tân Mai, Hoàng Mai","20.983681279779194, 105.84679602133488"
39101732,26/02/2025,"Bán chung cư Định Công, Hoàng Mai 80m2, 2 ngủ, 2 VS, nội thất đẹp, slot oto, 5 tỷ 580","5,58 tỷ",80 m²,"69,75 tr/m²",2,2,"Định Công, Hoàng Mai","20.9827823638916, 105.834381103516"
42272642,26/02/2025,"Cần bán căn hộ 176Định Công - Hoàng Mai - Hà Nội - DT67m2 - 2PN - 2WC - giá 4,6 tỷ - LH 0394 260 ***","4,6 tỷ",67 m²,"68,66 tr/m²",2,2,"Định Công, Hoàng Mai","20.985726751828818, 105.83258274747008"
42272255,26/02/2025,"Cần bán căn hộ 176 Định Công - Hoàng Mai - Hà Nội - DT103m2 - 3PN - 2WC - giá 7,2tỷ - LH 0394 260 ***","7,2 tỷ",104 m²,"69,23 tr/m²",3,2,"Định Công, Hoàng Mai","20.985940409540024, 105.83299517687603"
42277322,26/02/2025,"Bán căn hộ tại toà CT4A - X2 Linh Đàm , 80m2 -3pn - 4.7 tỷ . Đủ nội thất Y ảnh. Lh 0933 900 ***","4,7 tỷ",80 m²,"58,75 tr/m²",3,2,"Hoàng Liệt, Hoàng Mai","20.962976080610783, 105.82172942365577"
42142394,26/02/2025,"Đừng bỏ lỡ CH - 2PN đầy tâm huyết, full nội thất quá xinh đẹp, SĐCC tòa CT12 Kim Văn Kim Lũ","2,78 tỷ","54,3 m²","51,2 tr/m²",2,2,"Đại Kim, Hoàng Mai","20.9728955214708, 105.820293842848"
42277009,26/02/2025,"Bán căn hộ chung cư Hateco Yên Sở, Hoàng Mai, HN. Toà A, đủ nội thất, 89.2m2 - 3PN - 4.9 tỷ","4,9 tỷ","89,2 m²","54,93 tr/m²",3,2,"Yên Sở, Hoàng Mai","20.962288904975427, 105.86434425691854"
42276919,26/02/2025,"Bán căn hộ 3PN, 2WC, 5,15 tỷ, 84m2 tại Nam Đô Complex, Giáp Bát, Hoàng Mai, Hà Nội","5,15 tỷ",84 m²,"61,31 tr/m²",3,2,"Giáp Bát, Hoàng Mai","20.980487784903158, 105.84501645015975"
42276750,26/02/2025,"Chị gái em bán căn hộ Mandarin Garden 2, Tân Mai, Tân Mai, Hoàng Mai, DT 83,6m2 2PN2VS giá 6,489 tỷ","6,49 tỷ","83,6 m²","77,62 tr/m²",2,2,"Tân Mai, Hoàng Mai","20.983446290797634, 105.84638065159822"
42276898,26/02/2025,Bán căn chung cư 165 Trần Hòa - Đại Kim - Hoàng Mai. DT 63m- 3.65 tỷ- Căn 2 Ngủ - Sẵn sổ.,"3,65 tỷ",63 m²,"57,94 tr/m²",2,1,"Đại Kim, Hoàng Mai","20.9739663031467, 105.821692581013"
42276677,26/02/2025,"Bán căn 3 ngủ 2wc tại Nơ 7A Bán Đảo Linh Đàm, Hoàng Mai 3.9 tỷ, mới đẹp, LH 0968 140 ***","3,9 tỷ",70 m²,"55,71 tr/m²",3,2,"Hoàng Liệt, Hoàng Mai","20.9642947515987, 105.831918171534"
42276625,26/02/2025,"Bán căn chung cư 130 Nguyễn Đức Cảnh - view đẹp, hồ Đền Lừ - DT 92m2, giá 4.98 tỷ","4,98 tỷ",92 m²,"54,13 tr/m²",3,N/A,"Tương Mai, Hoàng Mai","20.98673117069793, 105.85257929854748"
42276537,26/02/2025,E cần bán căn hộ toà CT2-D2 Tây Nam Linh Đàm 90m 3ngủ2vs full nội thất mới đẹp giá 5.7 tỉ có bớt,"5,7 tỷ",90 m²,"63,33 tr/m²",3,2,"Hoàng Liệt, Hoàng Mai","20.964022632551018, 105.82521657103986"
42276510,26/02/2025,Mở bán - Chung cư C1 Lĩnh Nam - Minh Khai - Sau TimeCity - Full nội thất,800 triệu,35 m²,"22,86 tr/m²",1,1,"Lĩnh Nam, Hoàng Mai","20.9820108738105, 105.879756717522"
42276482,26/02/2025,"Bán căn 3 ngủ 2wc 80m2 thông thủy tòa OCT2 - ĐN2 Bắc Linh Đàm, Hoàng Mai 4.65 tỷ, đẹp, ảnh thật","4,65 tỷ",80 m²,"58,12 tr/m²",3,2,"Đại Kim, Hoàng Mai","20.9714188959004, 105.828594945138"
41380307,26/02/2025,Chính chủ bán căn 54m2 Zen Gamuda 2PN full đồ đẹp mới giá 4. X tỷ bao sang sổ,Giá thỏa thuận,54 m²,N/A,2,1,"Trần Phú, Hoàng Mai","20.97172026135427, 105.87916005528075"
37481796,26/02/2025,Cần bán gấp căn 3PN The Zen Gamuda 99m2 full đồ đẹp view yên tĩnh LH 0977 699 ***,Giá thỏa thuận,99 m²,N/A,3,2,"Yên Sở, Hoàng Mai","20.9717617034912, 105.878929138184"
39809607,26/02/2025,Cần bán căn 2PN 64m2 view đẹp thoáng mát tòa The One KĐT Gamuda giá 3. X tỷ LH 0977 699 ***,Giá thỏa thuận,64 m²,N/A,2,2,"Trần Phú, Hoàng Mai","20.969682876482477, 105.87738626356368"
41834868,26/02/2025,Chính chủ bán căn hộ cao cấp giá tốt tại Bea Sky Hoàng Mai 70m2 2PN - 2VS full nội thất,"4,8 tỷ",70 m²,"68,57 tr/m²",2,2,"Đại Kim, Hoàng Mai","20.973425921289785, 105.82093036099229"
36234167,26/02/2025,Bán căn hộ 1pn + 1 toà The Zen Gamuda view mát đẹp full nội thất LH 0977 699 ***,Giá thỏa thuận,55 m²,N/A,2,1,"Yên Sở, Hoàng Mai","20.9717617034912, 105.878929138184"
38631735,26/02/2025,Bán gấp căn 3PN gần 100m2 nguyên bản tòa The Zen vị trí đẹp yên tĩnh LH 0977 699 ***,Giá thỏa thuận,97 m²,N/A,3,2,"Yên Sở, Hoàng Mai","20.9717617034912, 105.878929138184"
40929476,26/02/2025,Cần bán căn 2PN 79m2 tòa The Two full đồ mới view đẹp thoáng mát LH 0977 699 ***,5 tỷ,79 m²,"63,29 tr/m²",2,2,"Trần Phú, Hoàng Mai","20.970989982996976, 105.87819151707427"
39744045,26/02/2025,Chính chủ bán nhanh căn 2PN 64m2 The One full đồ đẹp view khu đô thị đẹp yên tĩnh LH 0977 699 ***,Giá thỏa thuận,64 m²,N/A,2,2,"Trần Phú, Hoàng Mai","20.969253992508868, 105.87654025522636"
42275395,26/02/2025,Bán 2PN chung cư Melody Linh Đàm 6x/m2- Giá rẻ hơn thị trường 500tr,"4,9 tỷ",72 m²,68 tr/m²,2,2,"Hoàng Liệt, Hoàng Mai","20.9582771661931, 105.826343373888"
36265876,26/02/2025,Bán căn hộ The Zen 2 + 1 (75m2) full đồ view đẹp thoáng - LH 0977 699 ***,Giá thỏa thuận,75 m²,N/A,3,2,"Yên Sở, Hoàng Mai","20.9717617034912, 105.878929138184"
42276274,26/02/2025,Chủ đang cần bán gấp căn hộ Nam Đô Trương Định gần 85m2 3ngủ 2vs full nội thất giá chỉ 5.1tỉ có bớt,"5,1 tỷ",85 m²,60 tr/m²,3,2,"Giáp Bát, Hoàng Mai","20.979821832713057, 105.84487131448935"
41871978,26/02/2025,Tuyệt phẩm - bán căn VP6 Linh Đàm - DT 47m2 - 1N - giá 2.0x tỷ (giá thương lượng),"2,05 tỷ",47 m²,"43,62 tr/m²",1,1,"Thịnh Liệt, Hoàng Mai","20.96706140496379, 105.83316952547135"
42276310,26/02/2025,"Bán căn hộ 3PN, DT: 90.6m2, ko đồ, tại Viễn Đông Star, giá chỉ 58 triệu/m2","5,25 tỷ","90,6 m²","57,95 tr/m²",3,2,"Thịnh Liệt, Hoàng Mai","20.977792068619745, 105.84233484530633"
42276216,26/02/2025,"Bán căn 70m tòa Nam Rice City Tây Nam Linh Đàm, Hoàng Mai. Giá 4.4 tỷ bao sang tên","4,4 tỷ",70 m²,"62,86 tr/m²",2,2,"Hoàng Liệt, Hoàng Mai","20.9634114634049, 105.822776923583"
42275983,26/02/2025,"Bán gấp căn hộ Bea Sky Nguyễn Xiển, quận Hoàng Mai 2 ngủ hơn 4 tỷ đầy đủ nội thất","4,7 tỷ",70 m²,"67,14 tr/m²",2,2,"Đại Kim, Hoàng Mai","20.973829497407124, 105.82153831765943"
42276207,26/02/2025,"Bán gấp CC Viễn Đông Star, 2N DT: 85.5m2, nguyên bản CĐT, giá 53 triệu/m2","4,53 tỷ","85,5 m²","52,98 tr/m²",2,2,"Thịnh Liệt, Hoàng Mai","20.978066096061596, 105.84228958281474"
42275570,26/02/2025,"Bán CC Viễn Đông 2N, diện tích 84.5m2, nguyên bản CĐT, giá ưu đãi: 55 triệu","4,65 tỷ","84,5 m²",55 tr/m²,2,2,"Thịnh Liệt, Hoàng Mai","20.97694497731338, 105.8430020899029"
33958204,26/02/2025,Bán CHCC cao cấp tòa Hòa Phát Mandarin Garden 2 - 99 Tân Mai. DT 81m2 2PN 2WC,"6,3 tỷ",81 m²,"77,78 tr/m²",2,2,"Tân Mai, Hoàng Mai","20.9838600158691, 105.846603393555"
41773641,26/02/2025,Bán căn hộ chung cư 2N2WC tại 79 Rose Town liên hệ: 0924 750 ***,"3,8 tỷ",66 m²,"57,58 tr/m²",2,2,"Hoàng Liệt, Hoàng Mai","20.95640584495322, 105.84492319266751"
42275635,26/02/2025,"Chính chủ cần bán căn góc CC 3PN + 2WC tại HUD3 60 Nguyễn Đức Cảnh. DT: 90,4 m2 - 5,86 tỷ","5,86 tỷ","90,4 m²","64,82 tr/m²",3,2,"Tương Mai, Hoàng Mai","20.98734999374522, 105.84977335095309"
42275557,26/02/2025,"Chính chủ bán căn 76m 3 ngủ 2wc, HH2 Linh Đàm, Hoàng Mai, Hà Nội 3.09 tỷ. LH 0968 140 ***","3,09 tỷ",76 m²,"40,66 tr/m²",3,2,"Hoàng Liệt, Hoàng Mai","20.964420490862416, 105.82732434460364"
42275143,26/02/2025,"Cần bán căn hộ chung cư Nam Đô - 609 Trương Định . Diện tích 85m2 gồm 3 ngủ . Giá 5,xxtỷ","5,15 tỷ",85 m²,"60,59 tr/m²",3,2,"Giáp Bát, Hoàng Mai","20.979527495059077, 105.84456912775106"
42275040,26/02/2025,"Gia đình cần bán căn hộ chung cư Hoà Phát Mandarin Garden 2. Diện tích 80m2 gồm 2 ngủ. Giá 6, xxtỷ","6,3 tỷ",80 m²,"78,75 tr/m²",2,2,"Tân Mai, Hoàng Mai","20.98399297974068, 105.84689577384314"
42274973,26/02/2025,"Bán CC tòa D Hòa Phát Mandarin Garden Tân Mai. DT 80m2 2 ngủ + 2 vệ sinh giá: 6,3 tỷ. Lh 0983 873 ***","6,3 tỷ",80 m²,"78,75 tr/m²",2,2,"Tân Mai, Hoàng Mai","20.983864645100542, 105.84577763380881"
42274786,26/02/2025,"Bán CC Viễn Đông Star 2N, diện tích 85,5m2 full nội thất, giá 56 triệu/m2","4,79 tỷ","85,5 m²",56 tr/m²,2,2,"Thịnh Liệt, Hoàng Mai","20.977572567556138, 105.84281867599593"
42157236,26/02/2025,"Bán căn 3 ngủ duy nhất tai Nơ7 Bán đảo Linh Đàn, 85m2, sổ đỏ giá 4.xx tỷ LH 0878 800 ***","4,88 tỷ",85 m²,"57,41 tr/m²",3,2,"Hoàng Liệt, Hoàng Mai","20.9710101339945, 105.828129128115"
42274612,26/02/2025,"Bán căn hộ 2PN, 85,5m2, 5,1 tỷ full nội thất tại Viễn Đông Star, Hoàng Mai, Hà Nội","5,1 tỷ","85,5 m²","59,65 tr/m²",2,2,"Thịnh Liệt, Hoàng Mai","20.977799770405284, 105.84324486175079"
42274497,26/02/2025,"Bán căn hộ 85.5m2, nguyên bản CĐT, view đẹp, tầng trung, giá 4.8 tỷ - CC Viễn Đông Star","4,8 tỷ","85,5 m²","56,14 tr/m²",2,2,"Thịnh Liệt, Hoàng Mai","20.977863735570722, 105.84259622496418"
42274311,26/02/2025,"CC Viễn Đông Star 81.5m2, full nội thất cao cấp. Chỉ cần xách vali vào ở. Giá siêu ưu đãi 4.85 tỷ","4,85 tỷ","81,5 m²","59,51 tr/m²",2,2,"Thịnh Liệt, Hoàng Mai","20.978255488448777, 105.84267383973953"
42273992,26/02/2025,CĂN CHUNG CƯ SIÊU ĐẸP PHUN NỘI THẤT - NGAY BẾN XE NƯỚC NGẦM PHỐ TRẦN THỦ ĐỘ - NGỌC HỒI 74m2,"4,45 tỷ",74 m²,"60,14 tr/m²",2,2,"Hoàng Liệt, Hoàng Mai","20.9581811983649, 105.846412860034"
42273886,26/02/2025,"Bán CHCC toà N03 ở New Horizon 87 Lĩnh Nam DT 79m2 2 ngủ 2 WC. Giá 5,1 tỷ LH 0983 873 ***","5,1 tỷ",79 m²,"64,56 tr/m²",2,2,"Mai Động, Hoàng Mai","20.9894237518311, 105.866561889648"
42220225,26/02/2025,"Bán căn hộ 2PN tại Hà Nội Melody Residences 59 triệu / m2, chiết khấu thêm 8%","5,3 tỷ",90 m²,"58,89 tr/m²",2,2,"Hoàng Liệt, Hoàng Mai","20.958951252123, 105.826539503446"
42273706,26/02/2025,"Căn hộ đẹp, nhiều tiện ích tại The Two Residence - Gamuda Garden, 112m2, Hoàng Mai, Hà Nội","7,4 tỷ",112 m²,"66,07 tr/m²",3,2,"Trần Phú, Hoàng Mai","20.97102304905283, 105.87840462012254"
42273526,26/02/2025,"Bán căn hộ 2PN+1, 75m2 tại The Zen Residence, 5,75 tỷ, full đồ, Trần Phú, Hoàng Mai, Hà Nội","5,75 tỷ",75 m²,"76,67 tr/m²",2,2,"Yên Sở, Hoàng Mai","20.971897701499245, 105.87799991578407"
42119362,26/02/2025,"Khu đô thị mới Định Công, căn góc, hơn 4 tỷ, 3 phòng ngủ, đủ nội thất, vào ở ngay.","4,8 tỷ",80 m²,60 tr/m²,3,3,"Định Công, Hoàng Mai","20.9861595466019, 105.832984833804"
42273561,26/02/2025,Bán căn hộ Toà Nam Rice City Tây Nam Linh Đàm - Căn góc 70m2 Thông thủy- full nội thất,4 tỷ,70 m²,"57,14 tr/m²",N/A,N/A,"Hoàng Liệt, Hoàng Mai","20.9616520789424, 105.835262521175"
42273333,26/02/2025,Căn HUD 3 Tây Nam Linh Đàm vị trí cực kì đẹp nhà xây mới,"3,7 tỷ","57,6 m²","64,24 tr/m²",2,2,"Hoàng Liệt, Hoàng Mai","20.964457176568224, 105.82479598118744"
42273475,26/02/2025,Chính chủ bán căn hộ sổ đỏ - CT2A1 tây nam linh đàm 76 m2 - 2PN2WC - Giá 4.7 tỷ,"4,7 tỷ",70 m²,"67,14 tr/m²",N/A,N/A,"Hoàng Liệt, Hoàng Mai","20.9625051386109, 105.822210627592"
42273423,26/02/2025,"Bán căn hộ HH  Linh Đàm, tầng 2x, view hồ thoáng mát, tấng ốp sảnh, 70m2 tk 2PN2WC, giá chỉ 2tyxx",Giá thỏa thuận,70 m²,N/A,N/A,N/A,"Hoàng Liệt, Hoàng Mai","20.962505138610926, 105.82221062759162"
42273274,26/02/2025,"Bán căn hộ chung cư HH2 Linh Đàm 2PN2WC full nội thất giá 2tỷ5x, tầng 1x view mặt hồ",Giá thỏa thuận,64 m²,N/A,2,2,"Hoàng Liệt, Hoàng Mai","20.96442261644754, 105.82690131235454"
42011030,26/02/2025,Tôi cần bán gấp căn hộ 46m2 thiết kế 1PN+01 nhà đầy đủ nội thất tại tòa HH1 Linh Đàm LH 0965 289 ***,"2,1 tỷ",46 m²,"45,65 tr/m²",2,1,"Hoàng Liệt, Hoàng Mai","20.96455770513133, 105.82634409063068"
42272379,26/02/2025,"(Giá siêu rẻ) bán căn góc 3PN, DT 85m2, full NT, sổ hồng, tầng trung, hướng mát, giá 5.8 tỷ bao phí","5,8 tỷ",85 m²,"68,24 tr/m²",3,N/A,"Định Công, Hoàng Mai","20.983284052913326, 105.83551008331375"
42272449,26/02/2025,Bán căn hộ CT2 Tây Nam Linh Đàm chỉ 2.6x thiết kế 2 ngủ.,"2,67 tỷ",37 m²,"72,16 tr/m²",2,1,"Hoàng Liệt, Hoàng Mai","20.9624539758064, 105.821404595283"
42272687,26/02/2025,Suất giá rẻ đầu tư căn hộ 2 PN (74m2) - dự án Hà Nội Melody Residences,Giá thỏa thuận,74 m²,N/A,2,2,"Hoàng Liệt, Hoàng Mai","20.958351796804724, 105.82615468945959"
42272679,26/02/2025,"(Giá tốt) Bán gấp căn 3PN, 80m2, Tầng trung, Hướng Nam, Full NT, Sổ hồng chính chủ, Giá bán 6.1 tỷ","6,1 tỷ",80 m²,"76,25 tr/m²",3,2,"Định Công, Hoàng Mai","20.983382472399068, 105.83407908662588"
42272504,26/02/2025,"Bán gấp căn 2 ngủ 56m2 tại KĐT Định Công, nhà đẹp long lanh, giá chỉ 3,2 tỷ","3,2 tỷ",56 m²,"57,14 tr/m²",2,N/A,"Định Công, Hoàng Mai","20.985447424180474, 105.83196470112517"
38896579,26/02/2025,Bán CHCC Đền Lừ view hồ Đền Lừ. DT 60m2 2PN 2WC ban công cực đẹp.,"3,35 tỷ",60 m²,"55,83 tr/m²",2,2,"Hoàng Văn Thụ, Hoàng Mai","20.9853687286377, 105.858757019043"
42272469,26/02/2025,Cần bán gấp căn 57-74m tại Green Park Phương Đông.Giá chỉ từ 4 tỷ.LH trao đổi và xem nhà 0826 465 ***,Giá thỏa thuận,57 m²,N/A,2,2,"Hoàng Liệt, Hoàng Mai","20.958772255602838, 105.84603356728411"
39321635,26/02/2025,"Bán CHCC The Two Gamuda DT 83m2 2PN 2WC, ban công rộng hướng cực mát thoáng","5,65 tỷ",83 m²,"68,07 tr/m²",2,2,"Yên Sở, Hoàng Mai","20.9700584411621, 105.877777099609"
42104073,26/02/2025,"Căn hộ Hateco Hoàng Mai, lô góc thoáng, full nội thất, 96m2, 4.5 tỷ","4,5 tỷ",96 m²,"46,88 tr/m²",3,2,"Yên Sở, Hoàng Mai","20.96285499934747, 105.86505049128348"
41787092,26/02/2025,"(Căn mới) Bán căn góc 3PN/2WC, DT 90m2, NTCB, giá 6.8 tỷ, tầng đẹp, view thoáng, sổ hồng","6,8 tỷ",90 m²,"75,56 tr/m²",3,2,"Định Công, Hoàng Mai","20.9834861702608, 105.835845251121"
42271794,26/02/2025,- HOT - CĂN HỘ 3 NGỦ - HƠN 4 TỶ - NƠ6 BÁN ĐẢO LINH ĐÀM - SỔ ĐỎ - NỘI THẤT CAO CẤP,"4,85 tỷ",90 m²,"53,89 tr/m²",3,2,"Hoàng Liệt, Hoàng Mai","20.9639849270638, 105.83183047691"
41455266,26/02/2025,Bán căn hộ Beasy Đại Lộ Chu Văn An 70m2 2PN2WC giá 4.85 tỷ bao gồm thuế phí full nội thất,"4,85 tỷ",70 m²,"69,29 tr/m²",2,2,"Đại Kim, Hoàng Mai","20.973968505859375, 105.82169342041016"
42271645,26/02/2025,Chuyển công tác bán gấp 2 ngủ 67m view thoáng đẹp chung cư HH Linh đàm 2.x tỷ,"2,63 tỷ",67 m²,"39,25 tr/m²",2,2,"Hoàng Liệt, Hoàng Mai","20.963729484815282, 105.82848395432595"
42271946,26/02/2025,"Rẻ quá căn hộ đẹp long lanh tại Toà HH3, Linh Đàm, DT: 45m2 với 2PN 1VS đẹp long lanh, giá: 1,950tỷ","1,95 tỷ",45 m²,"43,33 tr/m²",2,1,"Hoàng Liệt, Hoàng Mai","20.9633642075725, 105.827831901331"
42176745,26/02/2025,"Bán Căn Hộ Chung Cư, 3,15 tỷ, 83m2, 3PN, 2WC tại chung cư Hoàng Dương 83 Ngọc Hồi, Hoàng Mai","3,15 tỷ",83 m²,"37,95 tr/m²",3,2,"Đại Kim, Hoàng Mai","20.957812114974573, 105.8432687829385"
40842070,26/02/2025,Duy nhất! Còn lại 1 căn góc 2 ngủ tại tòa CT12 Kim Văn Kim Lũ - 56m2 có sổ chính chủ,"2,85 tỷ",56 m²,"50,89 tr/m²",2,2,"Đại Kim, Hoàng Mai","20.9732913970947, 105.820007324219"
40780001,26/02/2025,"Bán căn hộ 2PN, 65m2 tại CT12C Kim Văn Kim Lũ - sẵn sàng dọn vào ở","3,09 tỷ",65 m²,"47,54 tr/m²",2,2,"Đại Kim, Hoàng Mai","20.9732913970947, 105.820007324219"
40628089,26/02/2025,Bán căn hộ 72m gồm 2 ngủ CC New Horizon - 87 Lĩnh Nam. Lh: 0335 363 ***,Giá thỏa thuận,72 m²,N/A,2,2,"Mai Động, Hoàng Mai","20.9894237518311, 105.866561889648"
41864133,26/02/2025,"Bán CC 2PN, 2WC, 65m2 tại tòa CT12 Khu đô thị Kim Văn - Kim Lũ, 2,98 tỷ VND","2,98 tỷ",65 m²,"45,85 tr/m²",2,2,"Đại Kim, Hoàng Mai","20.9735176632935, 105.82035456478"
41955269,26/02/2025,"Gia đình chuyển đổi nhà cần bán gấp tầng trung full đồ CTI.1-1A, KDT Vĩnh Hoàng 79m2 LH 0961 579 ***","3,7 tỷ",79 m²,"46,84 tr/m²",2,N/A,"Hoàng Văn Thụ, Hoàng Mai","20.9841220802095, 105.866246056898"
42229649,26/02/2025,"Chính chủ cần bán căn hộ 2PN tại Hanoi Melody Residences, Linh Đàm, chiết khấu 8%, tặng 1 cây vàng","5,3 tỷ",97 m²,"54,64 tr/m²",2,2,"Hoàng Liệt, Hoàng Mai","20.95803020453652, 105.82699964970564"
42271371,26/02/2025,Chính chủ cần bán căn 3 ngủ 2 vệ sinh nhà đẹp full nội thất Nơ bán đảo Linh Đàm,"3,9 tỷ",64 m²,"60,94 tr/m²",3,2,"Hoàng Liệt, Hoàng Mai","20.964011094327, 105.831635640576"
42133118,26/02/2025,"Bán căn góc chung cư Linh Đàm sổ đỏ 72m2 đầy đủ nội thất, 3 phòng ngủ đẹp","4,15 tỷ",72 m²,"57,64 tr/m²",3,2,"Đại Kim, Hoàng Mai","20.97103486718102, 105.82758458059097"
42133323,26/02/2025,"Bán căn hộ chung cư toà CT4A-X2 Linh Đàm, sổ đỏ chính chủ 79,3m2, full nội thất đẹp","4,65 tỷ","79,3 m²","58,64 tr/m²",3,2,"Đại Kim, Hoàng Mai","20.971530754356817, 105.82789109620073"
39404585,26/02/2025,Trực tiếp từ CDT tư vấn mua quỹ căn chuẩn pháp lý tại DA Viễn Đông Star,"2,72 tỷ",85 m²,32 tr/m²,2,2,"Thịnh Liệt, Hoàng Mai","20.977571487426758, 105.84281921386719"
42270704,26/02/2025,BÁN CĂN HỘ 3PN - FULL NỘI THẤT MỚI - CT4A-X2 LINH ĐÀM 3 ngủ 80m lh 0878 800 ***,"4,7 tỷ",80 m²,"58,75 tr/m²",3,2,"Hoàng Liệt, Hoàng Mai","20.962993616566493, 105.82207544903343"
42145638,26/02/2025,Bán căn sổ đỏ chung cư Linh đàm nhận nhà ở ngay,"3,8 tỷ",63 m²,"60,32 tr/m²",2,2,"Đại Kim, Hoàng Mai","20.971464846851763, 105.82809286341589"
42270325,26/02/2025,Bán CC 2 PN 85m2 tại Hà Nội Melody Residences Tầng trung chỉ 48tr/m2,"4,1 tỷ",85 m²,"48,24 tr/m²",2,2,"Hoàng Liệt, Hoàng Mai","20.9577313372986, 105.826685773685"
42235095,26/02/2025,"Bán chung cư Đồng Phát 431 Tam Trinh, 78m2, 2 phòng ngủ, giá 4,2 tỷ","4,2 tỷ",78 m²,"53,85 tr/m²",2,2,"Vĩnh Hưng, Hoàng Mai","20.979723937961506, 105.87462869408951"
37423493,26/02/2025,BQL cập nhật quỹ căn hộ giá tốt The One Residence (1/2025) LH: 0904 744 *** để biết thêm chi tiết,"4,08 tỷ",67 m²,"60,9 tr/m²",2,N/A,"Yên Sở, Hoàng Mai","20.9692039489746, 105.876914978027"
37465050,26/02/2025,Chính chủ bán gấp căn hộ The One Gamuda 3 phòng ngủ 81m2 nội thất đầy đủ view nội khu 0904 744 ***,5 tỷ,81 m²,"61,73 tr/m²",3,N/A,"Yên Sở, Hoàng Mai","20.9692039489746, 105.876914978027"
42270778,26/02/2025,Căn 3 ngủ siêu đẹp . Diện tích 83m2. 3PN2WC. tại toà CT4A bắc Linh Đàm view siêu đẹp. Giá 4tyxx,4 tỷ,83 m²,"48,19 tr/m²",N/A,N/A,"Hoàng Liệt, Hoàng Mai","20.961589096697, 105.835378923781"
41241011,26/02/2025,"Dự án cao cấp hiếm hoi tại trung tâm có giá 5x tr/m2 full nội thất, vay 0% trong 2 năm, CK 8%",Giá thỏa thuận,145 m²,N/A,3,N/A,"Hoàng Liệt, Hoàng Mai","20.9585018157959, 105.826347351074"
42270690,26/02/2025,"Chỉnh chủ gấp căn hộ VP3 2PN, 1WC, 50,5m2 tại Tây Nam Hồ Linh Đàm, giá siêu hời 3,3 tỷ, sổ đỏ cc","3,3 tỷ","50,5 m²","65,35 tr/m²",N/A,N/A,"Hoàng Liệt, Hoàng Mai","20.96245319163686, 105.82086471949506"
42270363,26/02/2025,"Bán căn hộ chung cư tại KĐT Định Công, 3 ngủ 76,8m2, view đẹp",Giá thỏa thuận,"76,8 m²",N/A,3,N/A,"Định Công, Hoàng Mai","20.9852466848511, 105.832231506798"
38857015,26/02/2025,"Bán CHCC @Home 987 Tam Trinh - Hoàng Mai. DT: 70m2 3PN + 2WC. Giá: 4,5 tỷ. LH: 0964 835 ***","4,5 tỷ",70 m²,"64,29 tr/m²",3,2,"Yên Sở, Hoàng Mai","20.9799327850342, 105.864631652832"
40932780,26/02/2025,"Bán gấp căn hộ 2PN SĐCC, tầng trung, full nội thất tại CT12C Kim Văn Kim Lũ","2,75 tỷ",53 m²,"51,89 tr/m²",2,2,"Đại Kim, Hoàng Mai","20.9732913970947, 105.820007324219"
40622251,26/02/2025,Bán căn hộ diện tích 75m2 chung cư Hà Nội Melody được vay ngân hàng 70%,Giá thỏa thuận,75 m²,N/A,2,2,"Hoàng Liệt, Hoàng Mai","20.9585018157959, 105.82634735107422"
41140681,26/02/2025,"Cần bán căn hộ giá 2,39 tỷ VND tại HH4 Linh Đàm, Hà Nội","2,39 tỷ",57 m²,"41,93 tr/m²",2,2,"Hoàng Liệt, Hoàng Mai","20.9633140563965, 105.826736450195"
39657764,26/02/2025,"Bán căn hộ 3 ngủ Hateco Hoàng Mai, View triệu đô, Sát Gamuda Central Residence, 79.5/86m2, 4.15 tỷ","4,15 tỷ",86 m²,"48,26 tr/m²",3,2,"Yên Sở, Hoàng Mai","20.962734, 105.86434"
41510583,26/02/2025,Bán gấp chung cư 885 Tam Trinh Gelexia Riveside 72m2 2PN full đồ giá 4.15 tỷ,"4,15 tỷ",72 m²,"57,64 tr/m²",2,2,"Yên Sở, Hoàng Mai","20.972938537597656, 105.8663558959961"
40956328,26/02/2025,Bán chung cư Đồng Phát 85m2 3 ngủ đủ đồ giá 4.15 tỷ có thương lượng,"4,15 tỷ",85 m²,"48,82 tr/m²",3,2,"Vĩnh Hưng, Hoàng Mai","20.9800987243652, 105.874244689941"
42176260,26/02/2025,"Giá rẻ giật mình! Sở hữu ngay CH - 60.4m2, tầng trung, full nội thất tại tòa CT12 Kim Văn Kim Lũ","2,9 tỷ","60,4 m²","48,01 tr/m²",2,N/A,"Đại Kim, Hoàng Mai","20.973073787261768, 105.81990043519085"
42176651,26/02/2025,"Giảm giá kịch sàn! Chính chủ bán rẻ như cho CH - 2PN, tầng trung, nhà cực đẹp tòa HH4 Linh Đàm","2,39 tỷ",58 m²,"41,21 tr/m²",2,2,"Hoàng Liệt, Hoàng Mai","20.96355571356007, 105.82716459843984"
42270003,26/02/2025,Cần tìm chủ mới cho em 83m2 toà HH3C khu đô thị Linh Đàm,"3,3 tỷ",83 m²,"39,76 tr/m²",3,2,"Hoàng Liệt, Hoàng Mai","20.96398022702279, 105.82733372638762"
42269257,26/02/2025,Căn 3 ngủ siêu đẹp. Diện tích 83m2. 3 ngủ 2 vệ sinh. Tại toà CT4A Bắc Linh Đàm view siêu đẹp,"4,7 tỷ",83 m²,"56,63 tr/m²",3,2,"Hoàng Liệt, Hoàng Mai","20.9712704078722, 105.82843202483812"
42269919,26/02/2025,Cực hot - căn hộ 90m2 - 3 ngủ - chỉ hơn 4 tỷ - nội thất đẹp - tòa Nơ 6 Bán Đảo Linh Đàm,"4,52 tỷ",90 m²,"50,22 tr/m²",3,2,"Hoàng Liệt, Hoàng Mai","20.971467042593744, 105.82817430438318"
42268050,26/02/2025,CỰC PHẨM VP5 Linh -Bán Căn Vp5 Linh Đàm-DT 72m2-2N 2vs-Giá 4.0x tỷ(giá thương lượng).,"4,08 tỷ",72 m²,"56,67 tr/m²",2,2,"Hoàng Liệt, Hoàng Mai","20.963563418432397, 105.83170304551895"
42269750,26/02/2025,BÁN GẤP!!! CHÍNH CHỦ BÁN NHANH CĂN HỘ 63m2 TẠI HH LINH ĐÀM VỚ GIÁ 2.28 TỶ. LH: 0968 655 ***,"2,28 tỷ",63 m²,"36,19 tr/m²",2,2,"Hoàng Liệt, Hoàng Mai","20.96360029693736, 105.82803956254118"
42269633,26/02/2025,Chính chủ chuyển công tác cần bán gấp căn hộ 70m toàn Nam Rice Linh Đàm nhà đẹp full nội thât,"4,4 tỷ",70 m²,"62,86 tr/m²",2,2,"Hoàng Liệt, Hoàng Mai","20.964066415033447, 105.82270225864967"
42269271,25/02/2025,"Chính chủ gửi bán cc lô góc CT6 - KĐT Định Công - 3 ngủ - 2 WC - 80m2 - chỉ 4,15 tỷ (TL nhẹ)","4,15 tỷ",78 m²,"53,2 tr/m²",3,2,"Định Công, Hoàng Mai","20.985294030014916, 105.83226632843265"
42269235,25/02/2025,"Bán căn hộ chung cư hh 2 linh đàm 2 ngủ 2 vs ful nội thất giá 2ty2
tầng 10x toà mặt hồ thoáng mát","2,2 tỷ",56 m²,"39,29 tr/m²",2,2,"Hoàng Liệt, Hoàng Mai","20.964265856333085, 105.82718953646805"
42269080,25/02/2025,"Bán căn hộ chung cư HH linh đàm
Dt: 70m tk 2 ngủ 2vs
Tầng 20. 6 thang. VIEW THẲNG HỒ. Tầng Ốp","2,98 tỷ",70 m²,"42,57 tr/m²",2,2,"Hoàng Liệt, Hoàng Mai","20.964291862927237, 105.82667434529182"
42268851,25/02/2025,Chính chủ cần bán gấp căn 3PN sân vườn tòa Zen Tower full đồ giá 7.7ty LH 0934 515 ***,"7,5 tỷ",120 m²,"62,5 tr/m²",3,2,"Hoàng Văn Thụ, Hoàng Mai","20.984663676934943, 105.85905015717884"
42268754,25/02/2025,"Bán căn hộ tòa VP5 bán đảo Linh Đàm 2 phòng ngủ 2 vệ sinh, sổ đỏ chính chủ","4,25 tỷ","72,2 m²","58,86 tr/m²",2,2,"Hoàng Liệt, Hoàng Mai","20.963932554755917, 105.83215277878779"
42268466,25/02/2025,"Gia đình tôi cần bán căn hộ chung cư New Horizon City, 87 Lĩnh Nam, Hoàng Mai, Hà Nội.",5 tỷ,76 m²,"65,79 tr/m²",2,2,"Mai Động, Hoàng Mai","20.989244217487418, 105.86607348305559"
42265646,25/02/2025,"BÁN CĂN HỘ 60,3M², 2PN, CHUNG CƯ THANH BÌNH, GIÁ 4,46 TỶ","4,46 tỷ","60,3 m²","73,96 tr/m²",2,2,"Định Công, Hoàng Mai","20.9775529583238, 105.836093993131"
42265725,25/02/2025,"Bán Căn Hộ 75m², 2pn, Tòa A5 Đại Kim,view  Đẹp, GIÁ 3,9 TỶ","3,9 tỷ",75 m²,52 tr/m²,2,1,"Đại Kim, Hoàng Mai","20.9750110067356, 105.823620482055"
42265795,25/02/2025,"BÁN CĂN HỘ 70M², 2PN, TÒA A ĐẠI KIM BUILDING, BAN CÔNG TÂY, CỬA ĐÔNG, GIÁ 4,1 TỶ","4,1 tỷ",70 m²,"58,57 tr/m²",2,2,"Đại Kim, Hoàng Mai","20.9750385190033, 105.82393057413"
42265861,25/02/2025,"BÁN CĂN HỘ 102M², 3PN, FULL NỘI THẤT, TÒA B ĐẠI KIM BUILDING, GIÁ 5,55 TỶ","5,55 tỷ",102 m²,"54,41 tr/m²",3,2,"Đại Kim, Hoàng Mai","20.9750385190033, 105.82393057413"
42266201,25/02/2025,"BÁN CĂN HỘ 76M², 2PN, CHUNG CƯ VẬT TƯ DU LỊCH, GIÁ 4,1 TỶ","4,1 tỷ",76 m²,"53,95 tr/m²",2,2,"Hoàng Liệt, Hoàng Mai","20.962786682932848, 105.84433745911068"
42266440,25/02/2025,"BÁN CĂN HỘ 58M², 2PN, TÒA A, ĐẠI KIM BUILDING, GIÁ 3,5 TỶ","3,5 tỷ",58 m²,"60,34 tr/m²",2,1,"Đại Kim, Hoàng Mai","20.9751164826531, 105.823845861208"
42266585,25/02/2025,"BÁN CĂN HỘ 51,3M², 2PN, CĂN SỐ 11, THANH BÌNH GARDEN, GIÁ 3,85 TỶ","3,85 tỷ","51,3 m²","75,05 tr/m²",2,1,"Định Công, Hoàng Mai","20.9831909365684, 105.829836094962"
42266684,25/02/2025,"BÁN CĂN HỘ 57M², 2PN, TÒA OCT1 X1 ĐN1 BẮC LINH ĐÀM, GIÁ 3,32 TỶ","3,32 tỷ",57 m²,"58,25 tr/m²",2,1,"Đại Kim, Hoàng Mai","20.9707383280866, 105.82719510038"
42266759,25/02/2025,"BÁN CĂN HỘ 113M², 3PN, CĂN GÓC, AN BÌNH ĐỊNH CÔNG, GIÁ 8,3 TỶ, KÈM CHỖ ĐỖ Ô TÔ","8,3 tỷ",113 m²,"73,45 tr/m²",3,2,"Định Công, Hoàng Mai","20.9831112926766, 105.832086375148"
42135015,25/02/2025,"Chính chủ - bán chung cư E1 Lĩnh Nam - Minh Khai - Hoàng Mai, nội thất đầy đủ, về ở ngay",928 triệu,52 m²,"17,85 tr/m²",2,2,"Lĩnh Nam, Hoàng Mai","20.9816709151128, 105.879458196158"
42266546,25/02/2025,"Cần bán gấp căn hộ chung cư Mandarin 99 Tân Mai, Hoàng Mai 80m2 2PN full đồ 6.3 tỷ 0866 894 ***","6,3 tỷ",80 m²,"78,75 tr/m²",2,2,"Tân Mai, Hoàng Mai","20.984022214559367, 105.846718451816"
41359808,25/02/2025,Chung cư Kim Văn Kim Lũ - Nguyễn Xiển - tầng trung - 65m2 - 2PN - 2.5 tỷ,"2,5 tỷ",65 m²,"38,46 tr/m²",2,2,"Đại Kim, Hoàng Mai","20.9732913970947, 105.820007324219"
39106824,25/02/2025,"Bán chung cư 176 Định Công, Hoàng Mai 69 m2, 2 ngủ, 2 VS, full nội thất, slot oto, 4 tỷ 500","4,5 tỷ",69 m²,"65,22 tr/m²",2,2,"Định Công, Hoàng Mai","20.9827823638916, 105.834381103516"
37806782,25/02/2025,"Bán chung cư Thành Bình, 55m2, 2PN, 2VS, view hồ, slot oto, nội thất 250tr, bao phí, giá 3 tỷ 800","3,8 tỷ",55 m²,"69,09 tr/m²",2,2,"Định Công, Hoàng Mai","20.9777698516846, 105.836112976074"
42261434,25/02/2025,Cần bán căn hộ 67m2 - sky central - 176 định công - thanh xuân - Liên hệ: 0886 896 ***,"4,6 tỷ",67 m²,"68,66 tr/m²",2,2,"Định Công, Hoàng Mai","20.98359545990366, 105.83409284596665"
42156482,25/02/2025,"Bán gấp căn hộ Kim Văn Kim Lũ, 2PN, 2WC, 2,65 tỷ, 55m2 - nhà để lại đồ","2,65 tỷ",55 m²,"48,18 tr/m²",2,2,"Đại Kim, Hoàng Mai","20.973040296327973, 105.81992301041448"
42267400,25/02/2025,Chính chủ bán căn hộ sổ đỏ - CT2A1 tây nam linh đàm 76 m thiết kế 2 ngủ 2 vệ sinh giá 4.7 tỷ,"4,7 tỷ",76 m²,"61,84 tr/m²",2,2,"Hoàng Liệt, Hoàng Mai","20.96478091158113, 105.82277889213024"
42267012,25/02/2025,"Gấp cần bán căn 2 ngủ 67m2, giá 2,45 tỷ. Liên hệ: 0921 863 ***","2,45 tỷ",67 m²,"36,57 tr/m²",2,2,"Hoàng Liệt, Hoàng Mai","20.96426267903971, 105.82772091935374"
42266340,25/02/2025,Em cần thanh khoản căn 63m2 view sân bóng cực đẹp toà HH3B,"2,33 tỷ",63 m²,"36,98 tr/m²",2,2,"Hoàng Liệt, Hoàng Mai","20.9632226117223, 105.828621810798"
41705360,25/02/2025,Cần bán gấp! Căn hộ 2 phòng ngủ 2WC 66m2 tại HH2 Linh Đàm view hồ công viên nhà đẹp LH 0965 289 ***,"2,65 tỷ",66 m²,"40,15 tr/m²",2,2,"Hoàng Liệt, Hoàng Mai","20.964334487915, 105.827293395996"
42266181,25/02/2025,"CHUNG CƯ BÁN ĐẢO LINH ĐÀM, 94m2, 3PN, 2WC, PHÒNG KHÁCH RỘNG SÁNG THOÁNG, VÀI BƯỚC CHÂN RA HỒ","4,88 tỷ",94 m²,"51,92 tr/m²",3,2,"Hoàng Liệt, Hoàng Mai","20.9642187431847, 105.831945789663"
41758433,25/02/2025,Chính chủ cần bán gấp căn hộ 56m2 2PN 2WC giá nhỉnh 2 tỷ đã full nội thất ban công đông nam,"2,17 tỷ",56 m²,"38,75 tr/m²",2,2,"Hoàng Liệt, Hoàng Mai","20.96473503112793, 105.82636260986328"
42265848,25/02/2025,Bán chung cư cao cấp AZSKY - Định Công  Hoàng Mai - Hà Nội .,"6,65 tỷ",98 m²,"67,86 tr/m²",4,2,"Định Công, Hoàng Mai","20.9910701639256, 105.832002249254"
42099327,25/02/2025,Bán quỹ căn rẻ nhất dự án Rose Town. Nhận nhà ở luôn có hỗ trợ vay vốn ngân hàng,"4,35 tỷ","71,33 m²","60,98 tr/m²",2,2,"Hoàng Liệt, Hoàng Mai","20.956597312375823, 105.84492682214467"
41753094,25/02/2025,"Bán căn hộ 3PN, 2WC tại T&T Tower, Định Công, Hoàng Mai, Hà Nội, giá thỏa thuận",Giá thỏa thuận,"84,3 m²",N/A,3,2,"Định Công, Hoàng Mai","20.9830341339111, 105.835113525391"
42260618,25/02/2025,"Bán nhà riêng 63m2, giá 3.65 tỷ","3,65 tỷ",63 m²,"57,94 tr/m²",2,2,"Đại Kim, Hoàng Mai","20.9750367520319, 105.825284031372"
41103397,25/02/2025,Giảm sâu bán nhanh CH HH4 Linh Đàm - giá cực Rẻ. CH 2 ngủ 58m2 full nội thất. LH 0357 418 ***,Giá thỏa thuận,58 m²,N/A,2,2,"Hoàng Liệt, Hoàng Mai","20.9628459763482, 105.82701443810751"
41915228,25/02/2025,"Bán căn hộ chung cư Green Park Trần Thủ Độ, 6 tỷ, 86 m2, uy tín giá tốt",6 tỷ,86 m²,"69,77 tr/m²",3,2,"Hoàng Liệt, Hoàng Mai","20.9581289878842, 105.846056416612"
41915502,25/02/2025,"Bán căn hộ Eco Lake View, Đại Từ, Hoàng Mai, Hà Nội, 4,7 tỷ, 76m2, giá cực chất - 0973 817 ***","4,7 tỷ",76 m²,"61,84 tr/m²",2,2,"Đại Kim, Hoàng Mai","20.972921450543122, 105.8374803165315"
42231757,25/02/2025,"Chính chủ gửi bán căn 3PN2VS diện tích 114m2 ban công Đông Nam, full đồ, tầng trung view cực thoáng","7,1 tỷ",114 m²,"62,28 tr/m²",3,2,"Hoàng Văn Thụ, Hoàng Mai","20.9851621520252, 105.85968154087521"
42263819,25/02/2025,Bán căn chung cư sử dụng gần 100m2 sổ đỏ 54m2 TK 2 ngủ + 2 VS + 2 loag + 1 thờ,"5,07 tỷ",54 m²,"93,89 tr/m²",2,2,"Trần Phú, Hoàng Mai","20.972170057787523, 105.8785391439736"
42263799,25/02/2025,"Bán căn chung cư penthouse 275m2 - 4PN 3WC tại The Zen Residence, Đỗ Mười, Hoàng Mai, Hà Nội",20 tỷ,275 m²,"72,73 tr/m²",4,3,"Trần Phú, Hoàng Mai","20.971609182268942, 105.87974415821643"
42259262,25/02/2025,Chung cư Hoàng Mai cao cấp - 2PN - view đẹp - full nội thất,"4,38 tỷ",75 m²,"58,4 tr/m²",2,N/A,"Giáp Bát, Hoàng Mai","20.9559888195483, 105.843333758099"
41632714,25/02/2025,Bán gấp căn hộ hoa hậu tòa C Vinaconex2 tầng trung - căn góc view hồ - giá chỉ: 6tỷ5 (Bao sang tên),"6,5 tỷ","99,1 m²","65,59 tr/m²",3,2,"Đại Kim, Hoàng Mai","20.9732913970947, 105.820007324219"
41662654,25/02/2025,"Bán căn 04 H1 60 NĐC, 76,5m2 5.25 tỷ có TL","5,25 tỷ","72,6 m²","72,31 tr/m²",2,2,"Tương Mai, Hoàng Mai","20.987060546875, 105.850357055664"
42263368,25/02/2025,"Bán căn chung cư 2 ngủ Kim Văn Kim Lũ giá 2,59 tỷ","2,59 tỷ","53,5 m²","48,41 tr/m²",2,N/A,"Đại Kim, Hoàng Mai","20.973389124858212, 105.81985721422043"
42003566,25/02/2025,"Cần bán căn 2 ngủ Melody Linh Đàm, vốn chỉ 1tỷ4, miễn lãi 2năm và nhiều chiết khấu ưu đãi","4,5 tỷ","73,79 m²","60,98 tr/m²",2,2,"Hoàng Liệt, Hoàng Mai","20.9583058923837, 105.825859547784"
42262529,25/02/2025,Bán nhanh bán gấp mấy căn 2 ngủ giá 2.1xx - 2.4xx tỷ tại HH Linh Đàm Hoàng Mai,Giá thỏa thuận,63 m²,N/A,2,2,"Hoàng Liệt, Hoàng Mai","20.964352372172986, 105.82722782584001"
42249684,25/02/2025,"Hạ giá 500tr bán gấp căn góc 3PN, 2WC 82m2, hồ, góc đông nam LH 0775 538 ***","4,7 tỷ",82 m²,"57,32 tr/m²",3,2,"Đại Kim, Hoàng Mai","20.97209360494856, 105.82846048172897"
42163113,25/02/2025,Cần bán chung cư Đền Lừ - Hoàng Mai - 2 ngủ - sổ đỏ vĩnh viễn - gần hồ thoáng mát - 3 tỷ,3 tỷ,54 m²,"55,56 tr/m²",2,1,"Hoàng Văn Thụ, Hoàng Mai","20.985605519105395, 105.85908348043571"
42262215,25/02/2025,Nhà đẹp * diện tích rộng 80m2 - chỉ hơn 4 tỷ - căn hộ 3 ngủ - sổ đỏ - nội thất mới,"4,7 tỷ",80 m²,"58,75 tr/m²",3,2,"Hoàng Liệt, Hoàng Mai","20.9660721142595, 105.822305290493"
42262617,25/02/2025,"Bán căn hộ chung cư 3PN, 2WC tại Hà Nội Melody Residences, 7 tỷ VND, 128 m2",7 tỷ,128 m²,"54,69 tr/m²",3,2,"Hoàng Liệt, Hoàng Mai","20.958511272045996, 105.82602612442456"
42262650,25/02/2025,"Bán CC 3PN, 2WC, 101m2 tại Viễn Đông Star, 8.9 tỷ full nội thất đẹp long lanh Q. HM, HN chính chủ","8,99 tỷ",101 m²,"89,01 tr/m²",3,2,"Thịnh Liệt, Hoàng Mai","20.97729333958335, 105.84315163576491"
42171123,25/02/2025,Chính chủ bán nhanh căn hộ 3 ngủ tại South Tower - Hoàng Mai. 83m2 góc đẹp nhất. tầng đẹp,"4,35 tỷ",83 m²,"52,41 tr/m²",3,2,"Hoàng Liệt, Hoàng Mai","20.96290707406763, 105.84402109221797"
42262410,25/02/2025,"Bán CC đẹp xuất sắc tại Viễn Đông Star, Giáp Nhị, Thịnh Liệt, Hoàng Mai, Hà Nội, 10 tỷ, 110m2",10 tỷ,110 m²,"90,91 tr/m²",3,2,"Thịnh Liệt, Hoàng Mai","20.97717522963165, 105.84305702848093"
42262547,25/02/2025,"BÁN CĂN HỘ 77M², 2PN, TÒA VP6 LINH ĐÀM, NỘI THẤT GỖ GẮN TƯỜNG, BAN CÔNG ĐÔNG NAM, GIÁ 3,25 tỷ","3,25 tỷ",77 m²,"42,21 tr/m²",2,1,"Thịnh Liệt, Hoàng Mai","20.9677262758365, 105.832429808494"
42262435,25/02/2025,"BÁN CĂN HỘ 75M², 2PN, FULL NỘI THẤT, TÒA B OSAKA COMPLEX, GIÁ 4,2 TỶ","4,2 tỷ",75 m²,56 tr/m²,2,2,"Hoàng Liệt, Hoàng Mai","20.9582392804394, 105.8383133854"
39598043,25/02/2025,"Chính chủ bán căn 2PN 2VS Eco Lake View 32 Đại Từ giá 3.78 tỷ full đồ, sổ đỏ - SĐT: 0888 118 ***","3,78 tỷ",60 m²,63 tr/m²,2,2,"Đại Kim, Hoàng Mai","20.9730930328369, 105.838371276855"
39656882,25/02/2025,"Chính chủ bán căn góc 3PN 2VS 100m2 Eco LakeView 32 Đại Từ giá 5.2tỷ full đồ, sổ đỏ SĐT: 0888 118 ***","5,2 tỷ",100 m²,52 tr/m²,3,2,"Đại Kim, Hoàng Mai","20.9730930328369, 105.838371276855"
42262298,25/02/2025,"QUÁ ĐẸP - HÀNG SỔ ĐỎ. TẠI CC. CT4A X2 LINH ĐÀM: DT: 80m2, 3PN-2VS, VỚI GiÁ: 4,699 tỷ, HIẾM NHÀ ĐẸP.","4,7 tỷ",80 m²,"58,74 tr/m²",3,2,"Hoàng Liệt, Hoàng Mai","20.9614289953229, 105.835458700006"
42262276,25/02/2025,"Cần bán nhanh căn CC Định Công, Hoàng Mai 71m2, 2PN, 2 vệ sinh - giá 4.5 tỷ","4,5 tỷ",71 m²,"63,38 tr/m²",2,2,"Định Công, Hoàng Mai","20.982903922872314, 105.83524776650371"
40173681,25/02/2025,Bán nhanh căn hộ 2PN tầng trung đẹp toà Helios 75 Tam Trinh. Giá rẻ nhất thị trường hiện tại,"4,55 tỷ","65,3 m²","69,68 tr/m²",2,N/A,"Mai Động, Hoàng Mai","20.9945850372314, 105.863395690918"
42261466,25/02/2025,"Bán CC Kim Văn Kim Lũ, 2,76 tỷ, 56m2, 2PN, pháp lý đầy đủ","2,76 tỷ",56 m²,"49,29 tr/m²",2,2,"Đại Kim, Hoàng Mai","20.97377135816745, 105.81971948629368"
42261383,25/02/2025,"Bán căn hộ chung cư tại dự án khu đô thị Đại Kim, Hoàng Mai, Hà Nội diện tích 66m2 giá 2,65 tỷ","2,65 tỷ",66 m²,"40,15 tr/m²",2,2,"Đại Kim, Hoàng Mai","20.973026817689227, 105.82015795794074"
40643359,25/02/2025,"Cần bán chung cư 87 Lĩnh Nam, diện tích 94m2, giá bán: 6.150tỷ, liên hệ: 0984 895 ***","6,15 tỷ",94 m²,"65,43 tr/m²",3,2,"Mai Động, Hoàng Mai","20.9894237518311, 105.866561889648"
42262095,25/02/2025,"CHUNG CƯ HATECO HOÀNG MAI 81,5M TẦNG 12 GIÁ 4.58 TỶ 3 NGỦ 2 WC ĐẦY ĐỦ NỘI THẤT VỀ Ở LUÔN","4,58 tỷ","81,5 m²","56,2 tr/m²",3,2,"Yên Sở, Hoàng Mai","20.962178141371815, 105.86379528802013"
42262086,25/02/2025,"BÁN CĂN HỘ 75M², 2PN, TÒA D VINACONEX 2, FULL NỘI THẤT, BAN CÔNG ĐÔNG BẮC, GIÁ 4,5 TỶ","4,5 tỷ",75 m²,60 tr/m²,2,2,"Đại Kim, Hoàng Mai","20.97500662685, 105.823658667896"
39382713,25/02/2025,"Bán CHCC AZ Sky Định Công - DT 98m2, 3 ngủ 2VS, ban công Đông Nam mát mẻ","6,35 tỷ",98 m²,"64,8 tr/m²",3,2,"Định Công, Hoàng Mai","20.98896834977223, 105.83238573049576"
42261852,25/02/2025,"BÁN CĂN HỘ 102M², 3PN, TÒA A, ĐẠI KIM BUILDING, BAN CÔNG ĐÔNG BẮC, GIÁ 5,05 TỶ","5,05 tỷ",102 m²,"49,51 tr/m²",3,2,"Đại Kim, Hoàng Mai","20.9749826141874, 105.823605666334"
42261536,25/02/2025,Chủ cần thanh khoản gấp em 2 ngủ 1 vệ sinh toà hh2A,"2,15 tỷ",46 m²,"46,74 tr/m²",2,1,"Hoàng Liệt, Hoàng Mai","20.96431877026478, 105.82721712545823"
42261432,25/02/2025,Cần bán căn 3 ngủ 90m2 tòa CT1 chung cư Thông Tấn Xã - Nguyễn Xiển giá rẻ chỉ 5.xtỷ - LH 0986 726 ***,"5,9 tỷ",90 m²,"65,56 tr/m²",3,2,"Đại Kim, Hoàng Mai","20.976430977642853, 105.81477674752925"
42261741,25/02/2025,"BÁN CĂN HỘ 123M², 4PN, CT3 X2 ĐẠI KIM, HOÀNG MAI BAN CÔNG HƯỚNG NAM, GIÁ 47TR/M²","5,78 tỷ",123 m²,47 tr/m²,4,2,"Đại Kim, Hoàng Mai","20.9749826141874, 105.823605666334"
41603575,25/02/2025,Bán gấp chung cư Vĩnh Hoàng - Tam Trinh 2PN 55m2 giá đầu tư 2.86 tỷ lô góc tầng trung cao,"2,86 tỷ",55 m²,52 tr/m²,2,N/A,"Vĩnh Hưng, Hoàng Mai","20.984742076746258, 105.86611299283676"
41634211,25/02/2025,Cần tiền bán gấp căn hoa hậu 2 ngủ 54m tòa CT12 Kim Văn Kim Lũ giá chỉ 2.7x tỷ - LH 0986 726 ***,"2,79 tỷ",55 m²,"50,73 tr/m²",2,2,"Đại Kim, Hoàng Mai","20.9732913970947, 105.820007324219"
42117704,25/02/2025,Chính chủ bán căn hộ giá tốt tại Kim Văn Kim Lũ 55m2 2PN - 2VS full nội thất,"2,6 tỷ",55 m²,"47,27 tr/m²",2,2,"Đại Kim, Hoàng Mai","20.9728341541362, 105.820769128656"
41860420,25/02/2025,"Bán nhanh CC The Zen Residence Gamuda, Pháp Vân, Hoàng Mai, Hà Nội giá 5,4tỷ, 75m2 2PN+1","5,4 tỷ","75,5 m²","71,52 tr/m²",2,2,"Yên Sở, Hoàng Mai","20.9718055458873, 105.878725536872"
41044369,25/02/2025,"Bán chung cư Gelexia Riverside 885 Tam Trinh 75m2, 2 ngủ giá 4,2 tỷ","4,2 tỷ",75 m²,56 tr/m²,2,2,"Yên Sở, Hoàng Mai","20.9729385375977, 105.866355895996"
41947522,25/02/2025,Bán gấp chung cư Đồng Phát căn tầng trung full đồ view đẹp 2PN 72m2 giá 3.79 tỷ có TL,"3,79 tỷ",72 m²,"52,64 tr/m²",2,2,"Vĩnh Hưng, Hoàng Mai","20.979332601883307, 105.87374334313249"
42260289,25/02/2025,"Bán 3PN - 2VS - Diện tích 90m2 view thoáng, chiết khấu max 8%. Hỗ trợ lãi suất 2 năm","5,8 tỷ",90 m²,"64,44 tr/m²",3,2,"Hoàng Liệt, Hoàng Mai","20.9587805277116, 105.825953088408"
41229484,25/02/2025,Em Huy cần bán suất ngoại giao căn hộ Hanoi Melody 74 m2 thông thuỷ đáng mua nhất quận Hoàng Mai,"3,9 tỷ",74 m²,"52,7 tr/m²",2,2,"Hoàng Liệt, Hoàng Mai","20.9585018157959, 105.82634735107422"
42260156,25/02/2025,Chính chủ bán gấp căn hộ chung cư Hoàng Mai tòa CT36 Định Công 70m2 2PN 2WC full nội thất 4.1 tỷ,"4,1 tỷ",70 m²,"58,57 tr/m²",2,2,"Định Công, Hoàng Mai","20.979209151059106, 105.83549660986377"
39494283,25/02/2025,"Bán chung cư 176 Định Công 106m2, 3 ngủ, 2 vs, nội thất 450 triệu, slot oto, bao thuế phí, 6 tỷ 700","6,7 tỷ",106 m²,"63,21 tr/m²",3,2,"Định Công, Hoàng Mai","20.9827823638916, 105.834381103516"
41141823,25/02/2025,"Căn hộ mơ ước CC 71,8m2, 2 ngủ, 2 vs ở CT2 - D1 Tây Nam Linh Đàm giá nhỉnh 4.4 tỷ","4,4 tỷ","71,8 m²","61,28 tr/m²",2,2,"Hoàng Liệt, Hoàng Mai","20.962661743164062, 105.8212661743164"
42259051,25/02/2025,"Bán căn hộ chung cư Kim Văn - Kim Lũ, Hoàng Mai, Siêu đẹp, 90m2, 6.1 tỷ","6,1 tỷ",90 m²,"67,78 tr/m²",3,2,"Đại Kim, Hoàng Mai","20.97286211185229, 105.82034349598604"
38946185,25/02/2025,"Bán chung cư Định Công, Hoàng Mai 86m2, 3PN, 2 vệ sinh, nội thất 400 triệu, slot oto, 5 tỷ 580","5,58 tỷ",86 m²,"64,88 tr/m²",3,2,"Định Công, Hoàng Mai","20.9827823638916, 105.834381103516"
42259437,25/02/2025,"Bán gấp CC 4PN, 150m2 tại The Zen Residence, 13,2 tỷ, Hoàng Mai, HN","13,2 tỷ",150 m²,88 tr/m²,4,3,"Trần Phú, Hoàng Mai","20.970778165278503, 105.87959942855167"
42256313,25/02/2025,Chính chủ cắt lỗ Hà Nội Melody Residences Hoàng Mai,"3,5 tỷ","74,84 m²","46,77 tr/m²",2,2,"Hoàng Liệt, Hoàng Mai","20.958492276861545, 105.82674228396148"
42256308,25/02/2025,"Bán CC 3PN, 80m2, 4,7 tỷ giá ưu đãi tại CT4AX2 Tây Nam Linh Đàm, Hoàng Mai, Hà Nội","4,7 tỷ",80 m²,"58,75 tr/m²",3,2,"Hoàng Liệt, Hoàng Mai","20.962619754670246, 105.82124923886808"
42255931,25/02/2025,Mở bán - chung cư N1 Minh Khai - Tam Trinh - Sau Times City - DT 30 - 62m2,800 triệu,35 m²,"22,86 tr/m²",1,1,"Lĩnh Nam, Hoàng Mai","20.9959918287451, 105.86192368713"
42259273,25/02/2025,"Bán căn hộ 3 phòng ngủ tại Bán đảo Linh Đàm 84m2, thiết kế hiện đại full nội thất",5 tỷ,84 m²,"59,52 tr/m²",3,2,"Hoàng Liệt, Hoàng Mai","20.97137195500834, 105.82801028429199"
42259320,25/02/2025,"Bán căn 2 ngủ 65m2 full đồ tầng cao CT3 Gelexia 885 Tam Trinh, Hoàng Mai, Hà Nội. 0916 800 *** em Thu",Giá thỏa thuận,65 m²,N/A,2,2,"Yên Sở, Hoàng Mai","20.97264158031003, 105.86635533944737"
42256269,24/02/2025,"BÁN 5 tỷ 150 căn góc 3 phòng ngủ 90m, tòa CT3 Gelexia 885 Tam Trinh, Hoàng Mai, Hà Nội. 0916 800 ***","5,15 tỷ",90 m²,"57,22 tr/m²",3,2,"Yên Sở, Hoàng Mai","20.9724360191982, 105.865648104372"
42253047,24/02/2025,"Bán căn hộ chung cư tại Viễn Đông Star, giá 9.8 tỉ 109m2","7,6 tỷ",109 m²,"69,72 tr/m²",3,2,"Thịnh Liệt, Hoàng Mai","20.9775346974331, 105.843105030852"
41592020,24/02/2025,Cần bán 03 căn diện tích 60m2 ở 897 Giải Phóng giá đầu tư,Giá thỏa thuận,180 m²,N/A,5,N/A,"Giáp Bát, Hoàng Mai","20.9838084642096, 105.841127699491"
42253633,24/02/2025,"Bán căn hộ hoa hậu full nội thất siêu vip tòa nhà Viễn Đông Star, Giáp Nhị, Hoàng Mai, Hà Nội","8,1 tỷ","91,1 m²","88,91 tr/m²",3,2,"Thịnh Liệt, Hoàng Mai","20.977221049482075, 105.84293632625284"
41908148,24/02/2025,"Bán căn hộ Bea Sky, 4,5 tỷ, 69.1m2, 2PN, 2WC, Đại Kim, Hoàng Mai, Hà Nội, Chính chủ uy tín","4,5 tỷ","69,1 m²","65,12 tr/m²",2,2,"Đại Kim, Hoàng Mai","20.9739554540435, 105.821697680502"
41852503,24/02/2025,"Xuống nhà đất bán 2PN, 78m2, 4,7 tỷ ở Bea Sky, Đại Kim, Hoàng Mai, Hà Nội","4,7 tỷ",78 m²,"60,26 tr/m²",2,2,"Đại Kim, Hoàng Mai","20.973969380487134, 105.82167672331175"
42250611,24/02/2025,Bán căn chung cư Nguyễn Xiển - Đại Kim - Hoàng Mai vị trí đắc địa thuận tiện đi lại hiếm có nhà bán,3 tỷ,80 m²,"37,5 tr/m²",3,2,"Đại Kim, Hoàng Mai","20.9815014193065, 105.810438172836"
42061972,18/02/2025,"Bán CC Athena Complex view đẹp tại Ngọc Hồi, giá thỏa thuận, 67m2, 2PN, 2WC, Hoàng Mai, Hà Nội",Giá thỏa thuận,67 m²,N/A,2,2,"Hoàng Liệt, Hoàng Mai","20.9587530123541, 105.842557677378"
41968187,17/02/2025,"Bán căn 40m2, 2,35 tỷ tại Tây Nam Hồ Linh Đàm LH 0976 084 ***","2,35 tỷ",40 m²,"58,75 tr/m²",1,1,"Hoàng Liệt, Hoàng Mai","20.962930175843695, 105.82104144786456"
41968153,17/02/2025,"Bán căn hộ chung cư tại Hoàng Liệt, Hoàng Mai, Hà Nội, giá siêu hời 3,58 tỷ, 66 m2","3,58 tỷ",66 m²,"54,24 tr/m²",2,2,"Hoàng Liệt, Hoàng Mai","20.97102328688572, 105.82828322978865"
41968163,17/02/2025,"Bán CC KĐT Linh Đàm, 54 triệu/m2, 86m2, 3PN, 2WC, pháp lý đầy đủ","4,64 tỷ",86 m²,54 tr/m²,3,2,"Đại Kim, Hoàng Mai","20.970742461183114, 105.82780247052679"
42185867,17/02/2025,"Quỹ căn giá tốt 2N 4.15 - 5.6 tỷ, cần bán. Trần Thuỳ Dương","4,15 tỷ",64 m²,"64,84 tr/m²",2,2,"Yên Sở, Hoàng Mai","20.97381255120706, 105.87456209853713"
42142462,17/02/2025,"Bán quỹ căn độc quyền giá tốt chỉ từ 62tr/m2 khu vực nội đô, bán đảo Tây Nam Linh Đàm!","5,1 tỷ",90 m²,"56,67 tr/m²",3,2,"Hoàng Liệt, Hoàng Mai","20.958733222078735, 105.82647671489435"
41968318,17/02/2025,"Bán căn 2 ngủ tòa B2 HUD2 Tây Nam Linh Đàm, 4,25 tỷ, 67m2 giá ưu đãi chỉ với","4,25 tỷ",67 m²,"63,43 tr/m²",2,2,"Hoàng Liệt, Hoàng Mai","20.9644741914625, 105.823372184215"
41968181,17/02/2025,"Cần bán 2PN, 2WC tại Tây Nam Hồ Linh Đàm, giá 2,6 tỷ, chỉ cần 1 tỷ là sở hữu ngay LH 0976 084 ***","2,6 tỷ",50 m²,52 tr/m²,2,1,"Hoàng Liệt, Hoàng Mai","20.9625531930785, 105.821055028433"
42177715,15/02/2025,Bán căn hộ 2pn 2wc toà The Zen Gamuda Yên Sở Hoàng Mai Hà Nội giá tốt LH 0936 332 ***,Giá thỏa thuận,74 m²,N/A,2,2,"Yên Sở, Hoàng Mai","20.9717706054571, 105.87882549572277"
41727894,15/02/2025,"Bán gấp CH đẹp tại Hà Nội Melody Residences, giá thỏa thuận, 89m2, 2PN+, 2WC",Giá thỏa thuận,89 m²,N/A,2,2,"Hoàng Liệt, Hoàng Mai","20.958502, 105.82635"
42168363,14/02/2025,"Chính chủ bán căn hộ 2 ngủ chung cư Sky Central 176 Định Công, Hoàng Mai, HN","4,75 tỷ","66,4 m²","71,54 tr/m²",2,2,"Định Công, Hoàng Mai","20.982682867248617, 105.83441857405406"
41691016,13/02/2025,"Chính chủ bán căn 3 PN 123,5 m2 full nội thất xịn sò nhất K35. Bác nào cần liên hệ 0794 949 ***","7,9 tỷ","123,5 m²","63,97 tr/m²",3,2,"Tương Mai, Hoàng Mai","20.98373794555664, 105.8515625"
41871699,13/02/2025,"Vừa nhận nhà, bán nhanh căn 86m2 3PN 2VS view ngoại khu tại khu X2 Đại Kim, Hoàng Mai","3,96 tỷ",86 m²,46 tr/m²,3,2,"Đại Kim, Hoàng Mai","20.976332177829644, 105.82534380279195"
42152146,13/02/2025,Bán căn hộ chung cư HH1B Linh Đàm diện tích 46m2,"2,05 tỷ",46 m²,"44,56 tr/m²",2,2,"Hoàng Liệt, Hoàng Mai","20.9646572433976, 105.826310681692"
41275062,12/02/2025,"Chính chủ cần bán căn 3PN view cực đẹp tại quận Hoàng Mai, DT 90m2. Liên hệ để biết thêm thông tin","5,85 tỷ",90 m²,65 tr/m²,3,N/A,"Hoàng Liệt, Hoàng Mai","20.9660194464953, 105.822260604157"
42146803,12/02/2025,"Bán căn N03 3PN căn góc , diện tích 101m2 , view nội khu cực đẹp tại dự án Melody. Giá cực đẹp","5,96 tỷ",101 m²,59 tr/m²,3,2,"Hoàng Liệt, Hoàng Mai","20.958045267047716, 105.82619347488318"
42145261,12/02/2025,Trực tiếp CĐT bán căn 90m2 3PN tầng trung view đẹp tại Dự án Hanoi Melody Linh Đàm,"5,91 tỷ",90 m²,"65,71 tr/m²",3,2,"Hoàng Liệt, Hoàng Mai","20.959371481747233, 105.82613705800205"
42145248,12/02/2025,"Duy nhất 1 căn 3N tầng thượng Dự án Hanoi Melody Residences Linh Đàm, view toàn thành phố cực chill","5,33 tỷ",90 m²,"59,26 tr/m²",3,2,"Hoàng Liệt, Hoàng Mai","20.958856805928004, 105.82640452821808"
42145240,12/02/2025,Quỹ căn 2-3PN giá tốt tại Chung cư Hanoi Melody Linh Đàm - Quà tặng tân gia lên tới 1 cây vàng,"5,33 tỷ",90 m²,"59,26 tr/m²",3,2,"Hoàng Liệt, Hoàng Mai","20.958808356244234, 105.82623879654317"
42098721,11/02/2025,"Bán CC HH1B Linh Đàm, 2,2 tỷ, 48m2, 2PN, 1WC, đầy đủ tiện ích","2,2 tỷ",48 m²,"45,83 tr/m²",2,1,"Hoàng Liệt, Hoàng Mai","20.964733562289336, 105.82636348666962"
42124461,11/02/2025,"Mở bán chung cư cao cấp - Hà Nội Melody - Linh Đàm - chỉ từ 1,5 tỷ - booking ngay CK 10%. HTLS 70%",Giá thỏa thuận,70 m²,N/A,2,2,"Hoàng Liệt, Hoàng Mai","20.95900901982148, 105.82588904133719"
42132505,10/02/2025,"Bán căn hộ sân vườn 114m² tại Feliz Homes 3PN, full nội thất, không gian sống đẳng cấp!","8,8 tỷ",114 m²,"77,19 tr/m²",3,2,"Hoàng Văn Thụ, Hoàng Mai","20.9849820161841, 105.860199850292"
40940793,10/02/2025,Chính chủ bán CCCC 53m2 tại CC Green Park Số 1 Trần Thủ Độ,"2,95 tỷ",53 m²,"55,66 tr/m²",2,2,"Hoàng Liệt, Hoàng Mai","20.9587688446045, 105.846313476563"
42128782,10/02/2025,"Chính chủ cần bán gấp căn hộ 2PN 74,49m2 ở dự án Melody Linh Đàm - Giá chỉ với 4,5 tỷ ( có VAT )","4,5 tỷ","74,49 m²","60,41 tr/m²",2,2,"Hoàng Liệt, Hoàng Mai","20.958321201878753, 105.82626323437103"
42114963,07/02/2025,"Bán CC 3PN + 2WC tại Nguyễn Duy Trinh, Hoàng Liệt, Hoàng Mai, Hà Nội, giá siêu hời 4,44 tỷ","4,44 tỷ",75 m²,"59,2 tr/m²",3,2,"Hoàng Liệt, Hoàng Mai","20.964388438558, 105.831833830538"
42100057,05/02/2025,"Không gian xứng tầm, nâng tầm phong cách sống - đặt chỗ ngay tại Hanoi Melody Residences","4,5 tỷ",76 m²,"59,21 tr/m²",2,2,"Hoàng Liệt, Hoàng Mai","20.957762989948684, 105.82649886035396"
42098289,05/02/2025,Chính chủ cần bán CHCC tại dự án Feliz Home diện tích 114 m2,Giá thỏa thuận,"108,5 m²",N/A,3,2,"Hoàng Văn Thụ, Hoàng Mai","20.9843074640563, 105.860303202484"
42097218,05/02/2025,Sổ hồng chính chủ bán CH 2PN nhà N1 KĐT Đồng Tàu,"2,65 tỷ",50 m²,53 tr/m²,2,1,"Thịnh Liệt, Hoàng Mai","20.9837659134966, 105.848215948874"
41729220,07/03/2025,"Trực tiếp CĐT: 2-3 PN rẻ nhất Melody Linh Đàm, Thanh toán 70% từ 3 tỷ, chiết khấu 8%+ tặng vàng 999",3 tỷ,68 m²,"44,12 tr/m²",2,2,·,"20.9585018157959, 105.826347351074"
42337096,07/03/2025,"Tôi cán bộ PKD chủ đầu tư, bán suất mua nhân viên chiết khấu đặc biệt, căn đẹp ký trực tiếp HĐMB",3 tỷ,68 m²,"44,12 tr/m²",2,2,·,"20.95851242875902, 105.82587889259105"
42327816,07/03/2025,"Độc quyền! căn 2-3PN view hồ - giá tốt + vị trí đẹp nhất, ký trực tiếp Chủ đầu tư, Full chiết khấu","3,15 tỷ",68 m²,"46,32 tr/m²",2,2,·,"20.9584566527592, 105.826391680388"
42362583,07/03/2025,"Gọi em Giang giảm ngay 500tr quỹ ngoại giao, quỹ ẩn, quỹ chìm HTLS 0% 24th, CK 8%, tặg 1 km vàg 999","4,3 tỷ",74 m²,"58,11 tr/m²",2,2,·,"20.958450341970728, 105.82633073676864"
42369504,08/03/2025,"Bán Căn Hộ Chung Cư Sunshine Palace, 1,75tỷ, 65m2, giá tốt, bán gấp .Liên hệ 0922 744 ***/ 0903 598 ***","1,75 tỷ",65 m²,"26,92 tr/m²",N/A,N/A,"Mai Động, Hoàng Mai","20.990480403525645, 105.86822947728406"
42203198,08/03/2025,"Chính chủ - bán chung cư N1 Lĩnh Nam - Minh Khai - Hoàng Mai, nội thất đầy đủ, sổ hồng vĩnh viễn",800 triệu,42 m²,"19,05 tr/m²",1,1,"Lĩnh Nam, Hoàng Mai","20.9818691262435, 105.879601801326"
42370397,08/03/2025,Tư vấn hồ sơ NOXH Tây Nam Linh Đàm Trực tiếp CDT,"3,17 tỷ",69 m²,46 tr/m²,2,2,"Hoàng Liệt, Hoàng Mai","20.964215785823402, 105.82322872907258"
40989347,08/03/2025,Bán căn hộ 2PN 80m2 Sunshine Palace,"5,38 tỷ",80 m²,"67,25 tr/m²",2,2,"Mai Động, Hoàng Mai","20.9901828765869, 105.868659973145"
41777196,08/03/2025,Quỹ căn hộ bán Sunshine Palace Lĩnh Nam cập nhật mới nhất - Em Cường 0976 044 ***,"5,47 tỷ",80 m²,"68,38 tr/m²",2,N/A,"Mai Động, Hoàng Mai","20.99015398544697, 105.86913186384378"
42360630,08/03/2025,Bán Suất Ngoại Giao NOXH Gần Hồ Linh Đàm giá siêu tốt,"3,04 tỷ",69 m²,44 tr/m²,2,2,"Hoàng Liệt, Hoàng Mai","20.96227433955787, 105.82184958915778"
42250903,08/03/2025,"Bán gấp penthouse Sunshine Palace giá rẻ như chung cư, 12,8 tỷ, 200m2, 5PN, 4WC, pháp lý đầy đủ","12,8 tỷ",200 m²,64 tr/m²,5,4,"Mai Động, Hoàng Mai","20.989849269843322, 105.86942799108179"
42366278,08/03/2025,"BẠN ĐANG TÌM KIẾM CƠ HỘI HIẾM CÓ SỞ HỮU NHÀ CHUNG CƯ P.VĨNH HƯNG, Q HOÀNG MAI, HÀ NỘI NHỈNH 1 TỶ","1,75 tỷ",70 m²,25 tr/m²,N/A,N/A,"Vĩnh Hưng, Hoàng Mai","20.9902234556263, 105.875913507617"
41456316,07/03/2025,Bán căn hộ giá rẻ nhất chung cư Feliz Homes (2 ngủ: 4 tỷ và 3 ngủ: 5 tỷ) - 0981 757 ***,5 tỷ,78 m²,"64,1 tr/m²",2,2,"Hoàng Văn Thụ, Hoàng Mai","20.98446658118264, 105.8592534333344"
42289841,07/03/2025,"Bán CC 2PN, 2WC tại Rice City Linh Đàm, 4 tỷ, 62.5m2, Hoàng Liệt, Hoàng Mai, Hà Nội",4 tỷ,"62,5 m²",64 tr/m²,2,2,"Hoàng Liệt, Hoàng Mai","20.963106690204842, 105.82276678795633"
42313854,07/03/2025,Quỹ căn hộ bán Sunshine Palace Lĩnh Nam cập nhật mới nhất - em Long 0355 863 ***,"5,48 tỷ",85 m²,"64,47 tr/m²",2,2,"Mai Động, Hoàng Mai","20.990192253339107, 105.86838389747976"
42357696,07/03/2025,Tổng hợp một số căn CÓ SỔ giá rẻ dưới 3 tỷ tại Khu đô thị Tây Nam Linh Đàm Hud,"2,78 tỷ",50 m²,"55,6 tr/m²",2,1,"Hoàng Liệt, Hoàng Mai","20.962625262225256, 105.82119590467828"
42279024,08/03/2025,"Bán căn 2 phòng ngủ đẹp long lanh ở ngay chung cư Athena Complex Pháp Vân, Hoàng Mai","3,2 tỷ",67 m²,"47,76 tr/m²",2,2,"Hoàng Liệt, Hoàng Mai","20.9585834785661, 105.842645390398"
42372415,08/03/2025,Chính Chủ Bán Căn Hoa Hậu An Bình Định Kim Hoàng Mai 3 ngủ lh 0929 656 ***,Giá thỏa thuận,113 m²,N/A,3,2,"Định Công, Hoàng Mai","20.98306982416358, 105.83117730905045"
42319189,08/03/2025,"Sẵn CH 3PN (to) 106m2 View trực diện công viên xanh mát, thiết kế hợp lý, sở hữu lâu dài, 63tr/m2","6,67 tỷ",106 m²,"62,89 tr/m²",3,2,"Hoàng Liệt, Hoàng Mai","20.958554262135504, 105.8268353312828"
42351151,08/03/2025,"Căn hộ 3PN 106m2, tầng cao đẹp, view nội khu chỉ 1,9 tỷ( 30%) ký HĐMB. Hotline: 0843 237 ***","6,68 tỷ",106 m²,63 tr/m²,3,2,"Hoàng Liệt, Hoàng Mai","20.958182610046848, 105.82692025862019"
42372352,08/03/2025,Cần Bán Gấp Căn Hộ Osaka Complex 71 m 2 PN 2 Vs Lh : 0929 656 ***,Giá thỏa thuận,71 m²,N/A,2,2,"Hoàng Liệt, Hoàng Mai","20.959048834277198, 105.83731179132114"
42372340,08/03/2025,Chính Chủ Cần Bán Căn Hoa Hậu x2 Đại Kim Siêu đẹp 0929 656 ***,Giá thỏa thuận,86 m²,N/A,3,2,"Đại Kim, Hoàng Mai","20.976541956601686, 105.82483699094426"
42372305,08/03/2025,Chính Chủ Bán Chung Cư căn hộ Rice city Toà Nam Linh Đàm lh; 0929 656 ***,Giá thỏa thuận,70 m²,N/A,3,2,"Hoàng Liệt, Hoàng Mai","20.963376098049736, 105.82257103693289"
42345359,08/03/2025,Mở bán đợt cuối bảng hàng ngoại giao giá tốt Hà Nội Melody Residences chỉ từ 51 triệu/m2 gồm VAT,"3,86 tỷ","74,25 m²","51,92 tr/m²",2,2,"Hoàng Liệt, Hoàng Mai","20.958480073100105, 105.82642372589065"
42060481,08/03/2025,"Mua Melody Linh Đàm nên mua chính hãng CĐT để được hưởng quyền lợi tốt nhất, từ 5xtr/m2 view hồ","4,54 tỷ",89 m²,51 tr/m²,3,2,"Hoàng Liệt, Hoàng Mai","20.9584362845913, 105.826334498386"
42363192,08/03/2025,"Cần bán căn hộ 2PN, 2WC tại Mandarin Garden 2, 99 Tân Mai, HM, HN. Lh: O848123626","6,3 tỷ","79,2 m²","79,54 tr/m²",2,2,"Tân Mai, Hoàng Mai","20.98423061021115, 105.84650593500018"
42276059,08/03/2025,"Bán căn góc hoa hậu 07A, chung cư Helios 75 Tam Trinh, HM, HN. Lh: 0848 123 ***",Giá thỏa thuận,"71,8 m²",N/A,2,2,"Mai Động, Hoàng Mai","20.994453469110113, 105.86301415244667"
41593764,08/03/2025,"Chính chủ bán gấp CH Bea Sky Nguyễn Xiển DT 68,5m2 2PN, 2VS, nội thất đẹp, 4,2 tỷ: 0971 085 ***","4,2 tỷ","68,5 m²","61,31 tr/m²",2,2,"Đại Kim, Hoàng Mai","20.973551155818978, 105.82236031282456"
42270332,08/03/2025,"Căn góc KĐT Đại Kim, Nguyễn Cảnh Dị, DT 76m2, 2PN, 2 ban công hướng mát, nhà sạch đẹp, 3,9 tỷ","3,9 tỷ",76 m²,"51,32 tr/m²",2,N/A,"Đại Kim, Hoàng Mai","20.972309033259624, 105.82068746918047"
42372062,08/03/2025,"Chính chủ bán căn góc 3 ngủ 83m2 full nội thất mới tinh cao cấp có sổ đỏ tại Linh Đàm giá 4,8 tỷ","4,8 tỷ",83 m²,"57,83 tr/m²",N/A,N/A,"Đại Kim, Hoàng Mai","20.971687954055955, 105.82807164158996"
39942867,08/03/2025,"Nhượng lại căn hộ 2PN 75.5m2 The Zen Gamuda, nội thất cơ bản giá mềm nhất khu 0904 744 ***","5,65 tỷ","75,5 m²","74,83 tr/m²",2,2,"Yên Sở, Hoàng Mai","20.9717617034912, 105.878929138184"
42371673,08/03/2025,"Bán CC tại HUD3 Nguyễn Đức Cảnh70 M 2 ngủ, 2 vệ sinh . Lh : 0335 363 ***","4,95 tỷ",70 m²,"70,71 tr/m²",N/A,N/A,"Tương Mai, Hoàng Mai","20.9866816832604, 105.84995883870918"
42343487,08/03/2025,Chính chủ cần bán căn hộ 3PN 114 m2 tòa Zen dự án Feliz Home - giá 8 tỷ x - tầng đẹp hướng mát,Giá thỏa thuận,114 m²,N/A,3,2,"Hoàng Văn Thụ, Hoàng Mai","20.98564207717986, 105.86006688661116"
42371979,08/03/2025,"Chính chủ bán căn chung cư 2 ngủ 69m2 full nội thất tại CT3AX2 Bắc Linh Đàm giá chỉ 3,7tỷ","3,77 tỷ",69 m²,"54,64 tr/m²",N/A,N/A,"Hoàng Liệt, Hoàng Mai","20.9705391156632, 105.827186428425"
41785320,08/03/2025,"Căn tòa An Bình KĐT Định Công, DT 91m2, 3pn, 2wc, ban công, thoáng sáng, sạch đẹp, giá 6,4 tỷ","6,4 tỷ",91 m²,"70,33 tr/m²",2,2,"Định Công, Hoàng Mai","20.983582119262966, 105.83242978127578"
42077116,08/03/2025,"Bán căn 3PN 96m2 giá rẻ nhất dự án Melody, giảm 500tr so với giá gốc, kí trực tiếp CĐT, HTLS 24T","4,5 tỷ",96 m²,"46,88 tr/m²",3,2,"Hoàng Liệt, Hoàng Mai","21.02894860978742, 105.85244722590335"
39390076,08/03/2025,"Bán 2ngủ 5,5 tỷ DT 90m2 phố Minh Khai Sunshine Palace (canh Time City) E. Minh Anh 0944 394 ***","5,5 tỷ",90 m²,"61,11 tr/m²",2,2,"Mai Động, Hoàng Mai","20.9901828765869, 105.868659973145"
42102892,08/03/2025,"Bán suất ngoại giao căn 2PN 68m2, giá tốt nhất dự án, nội thất cao cấp, HTLS 24T, pháp lý chuẩn","3,6 tỷ",68 m²,"52,94 tr/m²",2,2,"Hoàng Liệt, Hoàng Mai","20.9580430934174, 105.826393798668"
41390158,08/03/2025,"Melody Linh Đàm bây giờ mua giá 5X tr, năm sau bàn giao nhà giá 8X tr. Đầu tư hay để ở đều hợp lý","3,92 tỷ",74 m²,53 tr/m²,2,2,"Hoàng Liệt, Hoàng Mai","20.9585018157959, 105.826347351074"
39533074,08/03/2025,"Chính chủ bán căn hoa hậu 2PN 2WC 90m2 Sunshine Palace phố Lĩnh Nam, 6tỷ có sổ đỏ 0812 395 ***",6 tỷ,90 m²,"66,67 tr/m²",2,2,"Mai Động, Hoàng Mai","20.9901828765869, 105.868659973145"
41870782,08/03/2025,Hot! Mở bán quỹ 10 căn đẹp nhất Melody Linh Đàm CK 8% tặng 86tr vay ko lãi 24 tháng. LH: 0973 038 ***,"5,25 tỷ",89 m²,59 tr/m²,3,2,"Hoàng Liệt, Hoàng Mai","20.9588706380244, 105.826997534116"
42352219,08/03/2025,Cần tiền chủ bán căn 68m2 giá chỉ 3.55 tỷ TTS 95%,"3,55 tỷ",68 m²,"52,21 tr/m²",2,2,"Hoàng Liệt, Hoàng Mai","20.9588143423839, 105.825886267905"
42285271,08/03/2025,Chỉ 56tr/m2 chính chủ cần tiền bán căn góc 3N tòa NO4 đã vào tiền 37.5%,"6,72 tỷ",120 m²,56 tr/m²,3,N/A,"Hoàng Liệt, Hoàng Mai","20.95857589443115, 105.82626494980543"
42320548,08/03/2025,"Bán căn 2 ngủ diện tích 80,53m2 tại Hanoi Melody Residence","3,6 tỷ","80,53 m²","44,7 tr/m²",2,2,"Hoàng Liệt, Hoàng Mai","20.9583778051067, 105.825525187786"
42021897,08/03/2025,"Chính chủ bán căn 96m2 HUD3 60 Nguyễn Đức Cảnh, tầng trung, ban công Đông mát, đủ nội thất, 5,9 tỷ","5,9 tỷ",96 m²,"61,46 tr/m²",3,2,"Tương Mai, Hoàng Mai","20.987325668335, 105.849838256836"
42137011,08/03/2025,Chung cư Vĩnh Hưng Quận Hoàng Mai. Liên hệ 0854 478 ***,Giá thỏa thuận,70 m²,N/A,N/A,N/A,"Vĩnh Hưng, Hoàng Mai","20.9892934538994, 105.878313812525"
42371618,08/03/2025,"Bán căn hộ 2PN, 1WC tại KĐT Định Công, giá thỏa thuận, 63m2, Hoàng Mai, Hà Nội",Giá thỏa thuận,63 m²,N/A,2,1,"Định Công, Hoàng Mai","20.985294783674547, 105.83226729635662"
42371529,08/03/2025,Bán căn hộ 56m2 tòa CT12 Kim Văn Kim Lũ - 2 phòng ngủ tầng đẹp - giá chỉ 2.75 tỷ,"2,75 tỷ",56 m²,"49,11 tr/m²",2,2,"Đại Kim, Hoàng Mai","20.973547937817507, 105.82010090804675"
42275635,08/03/2025,"Chính chủ cần bán căn góc CC 3PN + 2WC tại HUD3 60 Nguyễn Đức Cảnh. DT: 94,7 m2 - 5,86 tỷ","5,86 tỷ","94,7 m²","61,88 tr/m²",3,2,"Tương Mai, Hoàng Mai","20.98734999374522, 105.84977335095309"
42338412,08/03/2025,Full đồ tốt trong căn hộ 83m2 tại HH1C Linh Đàm. Bán căn hộ 3 phòng ngủ đẹp với giá 3.5x tỷ,"3,59 tỷ",83 m²,"43,25 tr/m²",3,2,"Hoàng Liệt, Hoàng Mai","20.96426508730103, 105.82694133507384"
42327526,08/03/2025,Chính chủ cần bán căn hộ chung cư siêu đẹp giá thỏa thuận,"5,35 tỷ",82 m²,"65,24 tr/m²",2,2,"Đại Kim, Hoàng Mai","20.9784318585177, 105.837022497945"
42371510,08/03/2025,Cần bán căn hộ 80 m 2 ngủ 2 vệ sinh full nội . Giá 5 tỷ . Lh : 0335 363 ***,5 tỷ,80 m²,"62,5 tr/m²",2,2,"Mai Động, Hoàng Mai","20.994599489884937, 105.86340177768156"
42371489,08/03/2025,Bán căn góc trục 15 Tòa B hateco tầng trung. 3pn 2wc,"4,68 tỷ",96 m²,"48,75 tr/m²",2,2,"Yên Sở, Hoàng Mai","20.962891301434457, 105.86468139519424"
42346478,08/03/2025,"Hàng hiếm còn duy nhất 1 căn 3PN, DT 145m2, CK cực khủng, mua ngay kẻo hết!","9,8 tỷ",145 m²,"67,59 tr/m²",3,2,"Hoàng Liệt, Hoàng Mai","20.958707993762523, 105.82613727349192"
42363083,08/03/2025,GIÁ CỰC SỐC- CHUNG CƯ 3PN 2VS TÒA RAINBOW LINH ĐÀM CÓ SỔ ĐỎ - VÀO Ở LUÔN,6 tỷ,100 m²,60 tr/m²,3,2,"Hoàng Liệt, Hoàng Mai","20.9614732879135, 105.835371036339"
42238801,08/03/2025,Bán căn hộ 2pn 2vs full nội thất CT2-Tp Tây Nam Linh Đàm- Căn hộ cao cấp nhất Linh Đàm!,"2,67 tỷ",47 m²,"56,81 tr/m²",2,2,"Hoàng Liệt, Hoàng Mai","20.9614231370526, 105.835843173816"
42228391,08/03/2025,"Siêu Phẩm 3PN Căn Góc HUD2 B1 B2 , 95m2, Tây Nam Linh Đàm - View Đẹp, Nội Thất Cao Cấp.","5,5 tỷ",95 m²,"57,9 tr/m²",3,2,"Hoàng Liệt, Hoàng Mai","20.9614083181036, 105.835609663478"
42227807,08/03/2025,"Lô góc 113m2 - 3 mặt thoáng - chung cư OCT2 DN2 Linh Đàm - full nội thất, vào ở ngay!",5 tỷ,113 m²,"44,25 tr/m²",3,2,"Đại Kim, Hoàng Mai","20.970713398917624, 105.82799382788691"
42371323,08/03/2025,"Bán CC Smile Building, Nguyễn Cảnh Dị, Đại Kim, Hoàng Mai, Hà Nội, giá thỏa thuận, 82m2",Giá thỏa thuận,82 m²,N/A,2,2,"Đại Kim, Hoàng Mai","20.97821134440877, 105.8362924502759"
42251636,08/03/2025,"Chính chủ bán căn hoa hậu 2PN 2WC 85m2 Sunshine Palace (Cạnh Time City) chỉ xách valy về ở, full đồ","6,5 tỷ",80 m²,"81,25 tr/m²",2,2,"Mai Động, Hoàng Mai","20.990652196023152, 105.86942689358168"
41838137,08/03/2025,"Siêu phẩm Horizon 87 Lĩnh Nam 102m2 sổ 6,7 tỷ","6,7 tỷ",102 m²,"65,69 tr/m²",2,2,"Mai Động, Hoàng Mai","20.9898301919232, 105.866862102703"
41640353,08/03/2025,"Tôi có 6 căn góc 3PN tòa CT2A và CT1 CT2B Gelexia, LH: 0934 611 ***","5,2 tỷ",90 m²,"57,78 tr/m²",3,2,"Yên Sở, Hoàng Mai","20.9729385375977, 105.866355895996"
42317599,08/03/2025,Tôi cần bán căn hộ tòa CT3 Gelexia 2PN 65m2 giá 3.95 tỷ,"3,95 tỷ",65 m²,"60,77 tr/m²",2,2,"Yên Sở, Hoàng Mai","20.972812213752803, 105.86625516040583"
42149567,08/03/2025,Bán Căn 07 Tòa D chung cư Mandarin garden2 tân mai 83m2 6.3 tỷ,"6,3 tỷ",83 m²,"75,9 tr/m²",N/A,N/A,"Tân Mai, Hoàng Mai","20.983997992983475, 105.84684840685162"
41854034,08/03/2025,Bán 2 CH: căn hộ 10 và căn hộ 04 2pn 4.8 tỷ có TL,"4,8 tỷ","70,1 m²","68,47 tr/m²",2,2,"Tương Mai, Hoàng Mai","20.9871305622143, 105.850028583824"
41673177,08/03/2025,"0934 611 *** Tôi có 2 căn 2PN chung cư 176 Định Công 66,6m1 vs 68,8m2","4,85 tỷ","66,6 m²","72,82 tr/m²",2,2,"Định Công, Hoàng Mai","20.9824598072671, 105.834621778028"
41379019,08/03/2025,"Tôi có 4 căn hộ 2PN Gelexia 67,1m2, 74m2, 83m2, 81,7m2 diện tích sử dụng",Giá thỏa thuận,83 m²,N/A,2,2,"Yên Sở, Hoàng Mai","20.972938537597656, 105.8663558959961"
42329908,08/03/2025,"Bán căn góc 66,7m2 tòa N02 K35 giá 4.95 tỷ view hồ Đền Lừ","4,95 tỷ","66,7 m²","74,21 tr/m²",2,2,"Tương Mai, Hoàng Mai","20.98366384061818, 105.85160687728799"
42208579,08/03/2025,"Bán căn góc tại Mandarin Garden 2 Tân Mai, 5,1tỷ, 67m2","5,1 tỷ",67 m²,"76,12 tr/m²",2,1,"Tân Mai, Hoàng Mai","20.984091673517447, 105.84673738738988"
41248992,08/03/2025,Bán 3 căn 96m2 3PN HUD3 60 Nguyễn Đức Cảnh giá chỉ từ 5.9 tỷ,"5,95 tỷ",96 m²,"61,98 tr/m²",3,2,"Tương Mai, Hoàng Mai","20.987325668335, 105.849838256836"
42228888,08/03/2025,"(Căn mới) Bán 2 ngủ K35 Tân Mai, full đồ đẹp, giá 4.5 tỷ, DT: 80m2, sổ đỏ sẵn, hỗ trợ bank 70%","4,5 tỷ",80 m²,"56,25 tr/m²",N/A,N/A,"Tương Mai, Hoàng Mai","20.983309264133943, 105.85142053484888"
41718731,08/03/2025,"Bán căn góc 3 ngủ góc DT:103m2 tại Eco Lake View, 32 Đại Từ, sổ đỏ sẵn, full đồ view đẹp giá 5.5tỷ","5,5 tỷ",103 m²,"53,4 tr/m²",3,2,"Đại Kim, Hoàng Mai","20.972457163944267, 105.83867932839306"
41718685,08/03/2025,"Bán gấp căn 2PN tại Eco Lake View, 80m2 full đồ đẹp sổ đỏ sẵn, giá tốt nhất thị trường chỉ 4 tỷ",4 tỷ,80 m²,50 tr/m²,2,2,"Đại Kim, Hoàng Mai","20.9725493700419, 105.837885629176"
41718852,08/03/2025,"Bán gấp căn 2 ngủ Rose Town - 79 Ngọc Hồi, full đồ đẹp nhà làm để ở, view thoáng giá chỉ 3.8 tỷ","3,5 tỷ",74 m²,"47,3 tr/m²",2,2,"Hoàng Liệt, Hoàng Mai","20.956588745117188, 105.84488677978516"
41718883,08/03/2025,"Chỉ 5.2 tỷ! Bán gấp căn 3 ngủ góc tại Rose Town - 79 Ngọc Hồi, full nội thất đẹp, tầng đẹp","5,2 tỷ",96 m²,"54,17 tr/m²",2,2,"Hoàng Liệt, Hoàng Mai","20.956588745117188, 105.84488677978516"
41718793,08/03/2025,"Bán căn 2 ngủ 74m2 tại Green Park Phương Đông - Số 1 Trần Thủ Độ, full đồ đẹp view hồ giá 3.5 tỷ","3,5 tỷ",74 m²,"47,3 tr/m²",2,2,"Hoàng Liệt, Hoàng Mai","20.9587688446045, 105.846313476563"
42069111,08/03/2025,"Phải thật nhanh! Bán căn hộ 2PN, 2WC, giá cực tốt 2.7 tỷ tại Green Park Phương Đông, full đồ đẹp","2,7 tỷ",57 m²,"47,37 tr/m²",2,2,"Hoàng Liệt, Hoàng Mai","20.959378419737, 105.84568124125"
42337198,08/03/2025,"NHƯỢNG CĂN HỘ -2PN- 74,49M2 - TẠI DỰ ÁN MELODY LINH ĐÀM - GIÁ SIÊU TỐT 4,5XX ( gồm VAT )","4,55 tỷ","74,49 m²","61,08 tr/m²",2,2,"Đại Kim, Hoàng Mai","20.971031311495825, 105.82895002176359"
42167263,08/03/2025,Chính chủ cần chuyển nhượng căn hộ 114 m2 - 06 HH2 - 03PN ban công thoáng mát - Eco Lake View.,8 tỷ,114 m²,"70,18 tr/m²",3,2,"Đại Kim, Hoàng Mai","20.973069109543857, 105.83840473347151"
37072616,08/03/2025,Chính chủ cần bán gấp căn hộ 56m2 2PN 2WC giá nhỉnh 2 tỷ đã full nội thất ban công đông nam,"2,17 tỷ",56 m²,"38,75 tr/m²",2,2,"Hoàng Liệt, Hoàng Mai","20.9647350311279, 105.826362609863"
39630991,08/03/2025,"Bán căn lô góc 3PN 123m2 rẻ nhất Sunshine Palace 13 Lĩnh Nam, giá 8 tỷ có sổ. LH em 0812 395 ***",8 tỷ,123 m²,"65,04 tr/m²",3,2,"Mai Động, Hoàng Mai","20.9901828765869, 105.868659973145"
42307362,08/03/2025,Chính chủ bán căn penthouse góc tòa VP5 bán đảo Linh Đàm giá cực tốt 2.x tỷ LH 0967 070 ***,"2,75 tỷ",70 m²,"39,29 tr/m²",2,2,"Hoàng Liệt, Hoàng Mai","20.96277965397972, 105.83121584232964"
42308164,08/03/2025,Chính chủ bán gấp căn 46m có sổ chung cư VP5 linh đàm giá tốt lh 0967 070 ***,"2,67 tỷ",46 m²,"58,04 tr/m²",1,1,"Hoàng Liệt, Hoàng Mai","20.96401374342883, 105.83111910294501"
42101617,08/03/2025,"Bán nhanh 5 suất ngoại giao căn DT 85,90m2 CC Viễn Đông Star Hoàng Mai, giá 40tr/m2 ưu tiên đặt sớm","3,36 tỷ",84 m²,40 tr/m²,2,2,"Thịnh Liệt, Hoàng Mai","20.97807924757087, 105.84311002174292"
33958204,08/03/2025,Bán CHCC cao cấp tòa Hòa Phát Mandarin Garden 2 - 99 Tân Mai. DT 81m2 2PN 2WC,"6,3 tỷ",81 m²,"77,78 tr/m²",2,2,"Tân Mai, Hoàng Mai","20.9838600158691, 105.846603393555"
42343733,08/03/2025,"Bán CC Bea Sky, Đại Kim, Hoàng Mai, Hà Nội, giá siêu hời 4,5 tỷ, 67,9m2","4,5 tỷ","67,9 m²","66,27 tr/m²",2,2,"Đại Kim, Hoàng Mai","20.97392949023935, 105.82161544512135"
42363286,08/03/2025,"Bán CH đẹp xuất sắc tại Sky Central, Định Công, Hoàng Mai, Hà Nội, 4.5 tỷ, 73m2","4,5 tỷ",73 m²,"61,64 tr/m²",2,2,"Định Công, Hoàng Mai","20.9828239360659, 105.83470828107393"
42227738,08/03/2025,Chính chủ không qua môi giới cần bán Căn Góc Feliz Home 3PN 96m2,7 tỷ,96 m²,"72,92 tr/m²",3,4,"Hoàng Văn Thụ, Hoàng Mai","20.984956229334045, 105.8599079912025"
42370691,08/03/2025,"Bán CC 2PN, 2WC, 62m2 tại Nguyễn Duy Trinh, Hoàng Liệt, Hoàng Mai, Hà Nội, giá: 3,8(có thương lượng","3,8 tỷ",62 m²,"61,29 tr/m²",2,2,"Hoàng Liệt, Hoàng Mai","20.9637883679177, 105.831841402699"
42362931,08/03/2025,"Bán CH 2PN, 2WC, 67m2, 2,4 tỷ tại HH2 Linh Đàm, Hoàng Mai, Hà Nội","2,4 tỷ",67 m²,"35,82 tr/m²",2,2,"Hoàng Liệt, Hoàng Mai","20.9642602172855, 105.827036830187"
42370736,08/03/2025,"Bán Chung cư Đồng Phát, giá 3,85 tỷ, 70m2, 2 pn 2vs, nội thất xịn sò, LH 0936 358 ***","3,85 tỷ",70 m²,55 tr/m²,2,2,"Vĩnh Hưng, Hoàng Mai","20.980455579413643, 105.87399641717454"
42030690,08/03/2025,"Chính chủ cần bán căn 3pn Nơ Pháp Vân. Sổ đỏ sẵn sàng, cần hơn 2 tỷ nhận nhà ở ngay.",Giá thỏa thuận,88 m²,N/A,3,2,"Hoàng Liệt, Hoàng Mai","20.956604045841402, 105.8457493340044"
42275247,08/03/2025,"Bán căn hộ chung cư NEW HORIZONS- 87 Lĩnh Nam . Dt 80m2 gồm 2 ngủ . Giá 5,xxtỷ","5,1 tỷ",80 m²,"63,75 tr/m²",2,2,"Mai Động, Hoàng Mai","20.988808474058356, 105.86690365029538"
40515607,08/03/2025,Tôi cần bán căn hộ 67m2 2PN tại HH Linh Đàm nội thất mới siêu đẹp chưa qua sử dụng. LH 0965 289 ***,"2,65 tỷ",67 m²,"39,55 tr/m²",2,2,"Hoàng Liệt, Hoàng Mai","20.9647350311279, 105.826362609863"
42317816,08/03/2025,"Bán căn hộ chung cư New Horizon City 87 Lĩnh Nam, 5,75 tỷ, 90m2, 3PN, 2WC","5,75 tỷ",90 m²,"63,89 tr/m²",3,2,"Mai Động, Hoàng Mai","20.98929537363102, 105.86676340943204"
42275040,08/03/2025,"Gia đình cần bán căn hộ chung cư Hoà Phát Mandarin Garden 2. Diện tích 80m2 gồm 2 ngủ. Giá 6, xxtỷ","6,3 tỷ",80 m²,"78,75 tr/m²",2,2,"Tân Mai, Hoàng Mai","20.98399297974068, 105.84689577384314"
41699535,08/03/2025,Bán căn hộ 3phòng ngủ góc Sunshine Palace 114m2 giá chỉ 8tỷ2 - em Cường 0976 044 ***,"8,2 tỷ",114 m²,"71,93 tr/m²",3,2,"Mai Động, Hoàng Mai","20.990182876586914, 105.86865997314453"
42273611,08/03/2025,BÁN GẤP !!!! CHÍNH CHỦ GỬI BÁN CẦN THANH KHOẢN CĂN HỘ 3PN TẠI HH2 LINH ĐÀM QUẬN HOÀNG MAI - HÀ NỘI,"3,08 tỷ",77 m²,40 tr/m²,3,2,"Hoàng Liệt, Hoàng Mai","20.964420691461918, 105.82702336750204"
42346381,08/03/2025,"Căn hộ cao cấp 3PN (90m2) chỉ 5,4 tỷ cho KH Hoàng Mai, Hà Đông và Thanh Trì. Phù hợp GĐ 3 - 5 người","5,4 tỷ",90 m²,60 tr/m²,3,2,"Hoàng Liệt, Hoàng Mai","20.958643429417084, 105.82613130611075"
42103948,08/03/2025,"Mở bán căn hộ 74m2 giá chỉ từ 52tr/m2 đẹp nhất Melody Linh Đàm, HTLS 0%/24 tháng, QT 1 cây vàng","3,7 tỷ",74 m²,50 tr/m²,2,2,"Hoàng Liệt, Hoàng Mai","20.9584487501221, 105.827015154138"
41168068,08/03/2025,SUẤT NGOẠI GIAO CĂN 2PN VÀ 3PN GIÁ TỐT NHẤT DỰ ÁN - THANH TOÁN GIÃN TIẾN ĐỘ VÀ CÓ VAY BANK,"4,44 tỷ",74 m²,60 tr/m²,2,2,"Hoàng Liệt, Hoàng Mai","20.9585018157959, 105.82634735107422"
42176745,08/03/2025,"Bán Căn Hộ Chung Cư, 3,15 tỷ, 83m2, 3PN, 2WC tại chung cư Hoàng Dương 83 Ngọc Hồi, Hoàng Mai","3,15 tỷ",83 m²,"37,95 tr/m²",3,2,"Đại Kim, Hoàng Mai","20.957812114974573, 105.8432687829385"
42350810,08/03/2025,"Bán CC 2PN, 1WC, 43m2 tại CT2 Tây Nam Linh Đàm, 2,65 tỷ, HOT","2,65 tỷ",43 m²,"61,63 tr/m²",2,1,"Hoàng Liệt, Hoàng Mai","20.963026796312434, 105.82103610602115"
42368941,08/03/2025,SỐT SỐT -Bán căn CT2 Bắc Linh Đàm - DT 67m - 3N-Full nội thất-Giá 3.3x tỷ(giá thương lượng).,"3,35 tỷ",67 m²,50 tr/m²,3,1,"Đại Kim, Hoàng Mai","20.97124506059463, 105.82813290504745"
42268050,08/03/2025,CỰC PHẨM VP5 Linh -Bán Căn Vp5 Linh Đàm-DT 58m2-2N 2vs-Giá 2.4x tỷ(giá thương lượng).,"2,48 tỷ",58 m²,"42,76 tr/m²",2,2,"Hoàng Liệt, Hoàng Mai","20.963563418432397, 105.83170304551895"
42369721,08/03/2025,"BÁN NHƯỢNG CĂN HỘ - 2PN - 74,49M2 - TẠI HÀ NỘI MELODY LINH DAM - ĐÃ THANH TOÁN 95% - GIÁ TỐT",Giá thỏa thuận,"74,49 m²",N/A,2,2,"Hoàng Liệt, Hoàng Mai","20.958461304642064, 105.82624231838562"
42289279,08/03/2025,"Chính chủ bán 2PN 70m2 giá 4.5 tỷ, tại BeaSky Nguyễn Xiển. LH: 0364 079 ***","4,5 tỷ",70 m²,"64,29 tr/m²",2,2,"Đại Kim, Hoàng Mai","20.973946437820423, 105.82169492960158"
42320474,08/03/2025,"Bán Sky Central - 176 Định Công 2PN/4,6 tỷ - 3PN/ 6,5 tỷ. LH chốt: 0364 079 ***","6,5 tỷ",100 m²,65 tr/m²,3,2,"Định Công, Hoàng Mai","20.98290688336551, 105.8347914888383"
42347135,08/03/2025,Căn góc hướng nam chung cư HH4A Linh Đàm,"3,5 tỷ",76 m²,"46,05 tr/m²",3,2,"Hoàng Liệt, Hoàng Mai","20.963440196954036, 105.82767863348666"
42310802,08/03/2025,"Bán CHCC CT3C-X2 Bắc Linh Đàm - Hoàng Mai. DT 83m2, 3PN+2VS full nội thất. LH: 0917 208 ***","4,86 tỷ",83 m²,"58,55 tr/m²",3,2,"Hoàng Liệt, Hoàng Mai","20.971398369895603, 105.82826770738927"
42345793,08/03/2025,Bán nhà tập thể Tân Mai - 50m2 - 2 phòng ngủ - 2 wc - tầng 1 - chỗ để xe riêng - nhỉnh 2 tỷ,"2,55 tỷ",50 m²,51 tr/m²,2,2,"Tân Mai, Hoàng Mai","20.983447009201, 105.849834659619"
42368698,08/03/2025,Em chính chủ cắt lỗ cần bán gấp căn 2ngủ hh1B linh đàm,"1,8 tỷ",46 m²,"39,13 tr/m²",2,1,"Hoàng Liệt, Hoàng Mai","20.9647857648085, 105.826414278167"
42365683,08/03/2025,"CĂN HỘ TẬP THỂ NGUYÊN BẢN NGUYỄN AN NINH - 50M 2 NGỦ CHỈ 2,3 TỶ","2,3 tỷ",50 m²,46 tr/m²,2,1,"Tương Mai, Hoàng Mai","20.9913341902965, 105.844463525546"
40545863,08/03/2025,CC bán chung cư Ba Hàng A toà N01. 282 Lĩnh Nam DT95m2 3ngủ 2WC giá: 4.3tỷ LH: 0962 552 ***,"4,3 tỷ",95 m²,"45,26 tr/m²",3,2,"Lĩnh Nam, Hoàng Mai","20.9819183349609, 105.879371643066"
41406162,08/03/2025,"CC bán căn hộ 3ngủ chung cư Nơ 1B Bán đảo Linh Đàm DT75m2, full nội thất đẹp LH 0962 552 ***","4,4 tỷ",75 m²,"58,67 tr/m²",3,2,"Hoàng Liệt, Hoàng Mai","20.971456527709961, 105.82817077636719"
40718510,08/03/2025,CC bán CHCC Hateco Hoàng Mai. DT 112m2 3PN 2WC căn góc view hồ cực thoáng LH 0962 552 ***,5 tỷ,112 m²,"44,64 tr/m²",3,2,"Yên Sở, Hoàng Mai","20.9627342224121, 105.86434173584"
40702441,08/03/2025,"CC bán căn hộ CC cao cấp tòa B Hateco Hoàng Mai. 97m2 giá 4.8 tỷ, LH: 0962 55279","4,8 tỷ",97 m²,"49,48 tr/m²",2,2,"Yên Sở, Hoàng Mai","20.9627342224121, 105.86434173584"
42303300,08/03/2025,"Bán CC Rose Town, giá ưu đãi 4,3 tỷ, 66m2, view đẹp tại Ngọc Hồi, Hoàng Liệt, Hoàng Mai, HN","4,3 tỷ",66 m²,"65,15 tr/m²",2,2,"Hoàng Liệt, Hoàng Mai","20.957203180322534, 105.8451594788206"
42219502,08/03/2025,"Bán CHCC Osaka Complex ngõ 48 Ngọc Hồi, căn góc. DT 80m2 3ngủ 2 WC giá 3.95tỷ, 0962 552 ***","3,95 tỷ",80 m²,"49,38 tr/m²",3,2,"Hoàng Liệt, Hoàng Mai","20.958552449959512, 105.83769690236056"
42303265,08/03/2025,(Thiện chí cao) chủ nhà gửi bán căn hộ 2Pn toà Zentower 76.6m2 giá 5tỷ hơn,Giá thỏa thuận,77 m²,N/A,2,2,"Hoàng Văn Thụ, Hoàng Mai","20.98472954700328, 105.85986905359643"
41093821,08/03/2025,CC bán CHCC Vật Tư Du Lịch - Trần Thủ Độ. DT: 80m2. 3PN + 2NVS. Giá: 4.35tỷ. LH: 0962 552 ***,"4,35 tỷ",80 m²,"54,38 tr/m²",3,2,"Hoàng Liệt, Hoàng Mai","20.962495803833, 105.844841003418"
37978421,08/03/2025,"CC bán căn chung cư 987 Tam Trinh. Căn góc, DT: 70m2, 3ngủ, 2 VS, giá 4 tỷ có TL: LH: 0962 552 ***",4 tỷ,70 m²,"57,14 tr/m²",2,2,"Yên Sở, Hoàng Mai","20.9799327850342, 105.864631652832"
42362656,08/03/2025,"Bán căn hộ 2PN, 2WC tại Rose Town 79 Ngọc Hồi, 4,3 tỷ, 66m2, Hoàng Mai, Hà Nội","4,3 tỷ",66 m²,"65,15 tr/m²",2,2,"Hoàng Liệt, Hoàng Mai","20.9563618534894, 105.844748123683"
42209449,08/03/2025,"Bán CHCC Osaka Complex ngõ 48 Ngọc Hồi, căn góc. DT 75m2 2 ngủ 2 WC giá 3,7 tỷ, 0962 552 ***","3,7 tỷ",75 m²,"49,33 tr/m²",2,2,"Hoàng Liệt, Hoàng Mai","20.958575694389612, 105.83875199193503"
39467366,08/03/2025,"CC cần bán căn chung cư Đồng Phát Park View. 80m2, 2PN và 2WC 4.5tỷ có TL, LH: 0962 552 ***","4,5 tỷ",80 m²,"56,25 tr/m²",2,2,"Vĩnh Hưng, Hoàng Mai","20.9800987243652, 105.874244689941"
39509596,08/03/2025,"CC bán CHCC Sunshine Palace ngõ 13 Lĩnh Nam 2ngủ 2 WC khách, bếp. DT: 87m2 LH: 0962 552 ***",6 tỷ,87 m²,"68,97 tr/m²",3,2,"Mai Động, Hoàng Mai","20.9901828765869, 105.868659973145"
38936519,08/03/2025,"CC bán căn hộ CC cao cấp tòa B Hateco Hoàng Mai. 65m2 giá 3.6tỷ, LH: 0962 55279","3,6 tỷ",65 m²,"55,38 tr/m²",2,2,"Yên Sở, Hoàng Mai","20.9627342224121, 105.86434173584"
40316204,08/03/2025,"Chính chủ bán CH 2PN 85m2, giá: 4,9 tỷ tại Gelexia 885 Tam Trinh. LH: 0962 552 ***","4,9 tỷ",85 m²,"57,65 tr/m²",3,2,"Yên Sở, Hoàng Mai","20.9729385375977, 105.866355895996"
40702520,08/03/2025,"CC cần bán căn chung cư Đồng Phát Park View. 70m2, 2PN và 2WC 3.8tỷ có TL, LH: 0962 552 ***","3,8 tỷ",70 m²,"54,29 tr/m²",2,2,"Vĩnh Hưng, Hoàng Mai","20.9800987243652, 105.874244689941"
41914799,08/03/2025,"Bán CHCC Đồng Tàu - Thịnh Liệt, DT: 65m2, 2PN + VS, giá 3,45tỷ có TL. LH: 0962 552 ***","3,45 tỷ",65 m²,"53,08 tr/m²",2,1,"Thịnh Liệt, Hoàng Mai","20.9768140018344, 105.847057758006"
40536139,08/03/2025,"Chính chủ bán CH 2PChính chủ bán CH 2PN 70m2, giá: 4.3 tỷ tại Gelexia 885 Tam Trinh: LH: 0962 552 ***","4,3 tỷ",70 m²,"61,43 tr/m²",2,2,"Yên Sở, Hoàng Mai","20.9729385375977, 105.866355895996"
41776989,08/03/2025,Bán căn hộ 2 phòng ngủ full nội thất điện tử siêu rẻ Sunshine Palace chỉ 5tỷ5- em cường 0976 044 ***,"5,5 tỷ",80 m²,"68,75 tr/m²",2,N/A,"Mai Động, Hoàng Mai","20.989587691472973, 105.86837345053863"
42245806,08/03/2025,Bán căn 2 phòng ngủ 80m2 Sunshine Palace ngõ 13 Lĩnh Nam giá chỉ 5tỷ6 full đồ - E Cường 097604411,"5,6 tỷ",80 m²,70 tr/m²,2,2,"Mai Động, Hoàng Mai","20.9899407281291, 105.868937457578"
42369440,08/03/2025,Bán căn hộ HH Linh Đàm 56m2- 2 ngủ- 2vs- full nội thất- có thương lượng,"2,15 tỷ",56 m²,"38,39 tr/m²",2,2,"Hoàng Liệt, Hoàng Mai","20.9643748730463, 105.82735934454682"
42369324,08/03/2025,"BÁN GẤP CH tại toà The One Gamuda garden, diện tích 65m2 trục căn đẹp nhất Tầng Trung 0385 829 ***","4,3 tỷ",65 m²,"66,15 tr/m²",2,2,"Trần Phú, Hoàng Mai","20.969468108129014, 105.87729330549654"
38241137,08/03/2025,(Căn mới) gia đình cần bán nhanh căn 66m2 & 72m2 giá từ 4.6tỷ và 87m2 & 100m2 giá từ 6tỷ SkyCentral,4 tỷ,72 m²,"55,56 tr/m²",2,2,"Định Công, Hoàng Mai","20.9891933535441, 105.837213516236"
42181245,08/03/2025,Độc quyền căn góc 3PN (120m2) view hồ đẹp nhất HaNoi Melody. Giá chỉ 57tr/m2,"6,84 tỷ",120 m²,57 tr/m²,3,2,"Hoàng Liệt, Hoàng Mai","20.958982972545456, 105.82633202254645"
41936504,08/03/2025,"Căn 2 ngủ Melody Linh Đàm, CK 8% + 1 cây vàng ký trực tiếp CĐT + view hồ + giá rẻ",Giá thỏa thuận,74 m²,N/A,2,2,"Hoàng Liệt, Hoàng Mai","20.958458916649462, 105.82682825347264"
41537116,08/03/2025,"Chính chủ gửi bán căn hộ 71,33m2 tòa DV3 CC Rose Town. Giá 4.4xx tỷ","4,45 tỷ","71,33 m²","62,39 tr/m²",2,2,"Hoàng Liệt, Hoàng Mai","20.9565887451172, 105.844886779785"
42334564,08/03/2025,"Bán căn hộ chung cư đẹp tại Smile Building, 5,450 tỷ, 82m2, 2PN + 2WC. LH 0989 388 ***","5,45 tỷ",82 m²,"66,46 tr/m²",2,2,"Đại Kim, Hoàng Mai","20.977954439301932, 105.83702132734987"
42369129,08/03/2025,"CẦN BÁN CĂN CHUNG CƯ TẠI TOÀ HH03 ECO LAKE VIEW 32 ĐẠI TỪ, 6 TỶ 2, DIỆN TÍCH 91M2, TẦNG CAO.","6,2 tỷ",91 m²,"68,13 tr/m²",3,2,"Đại Kim, Hoàng Mai","20.973054323327823, 105.83834135499244"
42191337,08/03/2025,"Chính chủ bán chung cư mini K5 - Tam Trinh - Lĩnh Nam 27m2, 35m2, 50m2, ô tô đỗ ngay sau Time city","1,18 tỷ",27 m²,"43,7 tr/m²",1,1,"Lĩnh Nam, Hoàng Mai","20.9798044382642, 105.864452776683"
39106678,08/03/2025,"Bán chung cư 176 Định Công, Hoàng Mai 90m2, 3 ngủ, 2 vệ sinh, nội thất 450 triệu, giá 5 tỷ 800","5,8 tỷ",90 m²,"64,44 tr/m²",3,2,"Định Công, Hoàng Mai","20.9827823638916, 105.834381103516"
42368992,08/03/2025,"Cần bán gấp căn đầu hồi 2ngủ 2WC sổ đỏ, giá 2,69 tỷ tại phường Đại Kim, Hoàng Mai, Hà Nội","2,69 tỷ","53,5 m²","50,28 tr/m²",2,2,"Đại Kim, Hoàng Mai","20.972763644268653, 105.8197080226128"
42337837,08/03/2025,"Bán gấp nhà tập thể tầng 2 Tân Mai, 60m2, 2 ngủ 2 wc, full đồ ở ngay, chỉ 2,77 tỷ","2,77 tỷ",60 m²,"46,17 tr/m²",2,2,"Tân Mai, Hoàng Mai","20.9835768877596, 105.84997196316"
42368859,08/03/2025,CẦN BÁN CĂN CHUNG CƯ MƠ ƯỚC - TIỆN ÍCH NGẬP TRÀN,"4,4 tỷ",80 m²,55 tr/m²,2,2,"Yên Sở, Hoàng Mai","20.962100083221888, 105.8644327541917"
42333630,08/03/2025,Bán nhà chung cư 897 Giải Phóng (sát bến xe Giáp Bát),"5,05 tỷ","62,5 m²","80,8 tr/m²",2,2,"Giáp Bát, Hoàng Mai","20.9797617105978, 105.841026120277"
39535041,08/03/2025,"Chính chủ bán căn hộ 74m2 tầng trung, ban công mát view đẹp, sổ đỏ, đủ nội thất, giá 4,8 tỷ có TL","4,8 tỷ",74 m²,"64,86 tr/m²",2,2,"Tương Mai, Hoàng Mai","20.987325668335, 105.849838256836"
39286382,08/03/2025,"Bán giá thực (không rao ảo) căn góc 63m2 sổ đỏ giá 4,95 tỷ Geleximco 897 Giải Phóng. LH: 0913 812 ***","4,95 tỷ",63 m²,"78,57 tr/m²",2,2,"Giáp Bát, Hoàng Mai","20.9795379638672, 105.841613769531"
42280289,08/03/2025,"Bán chung cư toà N02 K35 Tân Mai - Hoàng Mai DT 67m2 gồm 2 ngủ, 2 wc, giá 4,98 tỷ LH 0983 873 ***","4,98 tỷ",67 m²,"74,33 tr/m²",2,2,"Tương Mai, Hoàng Mai","20.983470701242183, 105.85126011265795"
41797414,08/03/2025,"Qũy căn hộ 2 ngủ 85m2, Sunshine Palace, Lĩnh Nam, Hoàng Mai, Hà Nội Lh: Mr. Tuấn Anh 0964 997 ***","5,6 tỷ",85 m²,"65,88 tr/m²",2,2,"Mai Động, Hoàng Mai","20.990140221176592, 105.86845937391138"
41797495,08/03/2025,"Chính chủ bán căn hộ 2PN tại Sunshine Palace, 5,6 tỷ, 80m2, Hoàng Mai. Đang được mở rộng đường","5,6 tỷ",80 m²,70 tr/m²,2,2,"Mai Động, Hoàng Mai","20.990055494163038, 105.86886749713598"
41797562,08/03/2025,"Căn hộ 2PN, 2WC tại Sunshine Palace, Lĩnh Nam, Hoàng Mai, 5,9 tỷ, 86m2 ban công dài 2 ngủ","5,9 tỷ",86 m²,"68,6 tr/m²",2,2,"Mai Động, Hoàng Mai","20.990423830958054, 105.86774302202393"
38896579,08/03/2025,Bán CHCC Đền Lừ view hồ Đền Lừ. DT 60m2 2PN 2WC ban công cực đẹp.,"3,35 tỷ",60 m²,"55,83 tr/m²",2,2,"Hoàng Văn Thụ, Hoàng Mai","20.9853687286377, 105.858757019043"
42343263,08/03/2025,"Gia đình cần bán căn hộ 2PN, 71m2, full nội thất, bc đông nam tại Rose Town, giá: 4 tỷ",4 tỷ,71 m²,"56,34 tr/m²",2,2,"Hoàng Liệt, Hoàng Mai","20.95604125374908, 105.84468638723588"
38955665,08/03/2025,O968127636 CHÍNH CHỦ CẦN BÁN SKY CENTRAl 176 ĐỊNH CÔNG: Diện tích 66m2( 2 NGỦ) - SỔ ĐỎ CHÍNH CHỦ,"4,8 tỷ",68 m²,"70,59 tr/m²",2,2,"Định Công, Hoàng Mai","20.9827823638916, 105.83438110351563"
42327377,08/03/2025,"Bán CC No3 Linh Đàm, 4,3 tỷ, 76m2, 3PN, 2WC, view đẹp, pháp lý đầy đủ","4,3 tỷ",76 m²,"56,58 tr/m²",3,2,"Thịnh Liệt, Hoàng Mai","20.96448403226101, 105.83014836985413"
41879962,08/03/2025,"Ngoại giao, chuyển nhượng, trực tiếp CĐT: VIP CĂN 3PN chỉ 5,5 tỷ 101m2, vay 0%/24T, CK tới 11%","5,5 tỷ",101 m²,"54,46 tr/m²",3,2,"Hoàng Liệt, Hoàng Mai","20.9585397281396, 105.826912488922"
42338363,08/03/2025,"Bán CC 2PN, 2WC tại HUD3 Nguyễn Đức Cảnh, Tương Mai, Hoàng Mai, Hà Nội, giá cực chất 5,2 tỷ","5,2 tỷ",70 m²,"74,29 tr/m²",2,2,"Tương Mai, Hoàng Mai","20.98737565322271, 105.85037477948757"
39321635,08/03/2025,"Bán CHCC The Two Gamuda DT 83m2 2PN 2WC, ban công rộng hướng cực mát thoáng","5,65 tỷ",83 m²,"68,07 tr/m²",2,2,"Yên Sở, Hoàng Mai","20.9700584411621, 105.877777099609"
41830971,08/03/2025,"Chính chủ chuyển nhượng Căn hộ 84.5m2 N04.07 Chung cư Hà Nội Melody Linh Đàm, Q.Hoàng Mai, Hà Nội",Giá thỏa thuận,"84,5 m²",N/A,2,2,"Hoàng Liệt, Hoàng Mai","20.958485126853247, 105.82639463537951"
42327007,08/03/2025,Quỹ căn 3 PN dự án Melody Linh Đàm giá tốt nhất thị trường LH: 0981 155 ***,"4,61 tỷ",94 m²,49 tr/m²,3,2,"Hoàng Liệt, Hoàng Mai","20.958896109755717, 105.82604055949213"
41636746,08/03/2025,"(Căn mới giá tốt) bán gấp căn 2PN/2WC, DT 55-58m2, giá 3.8 tỷ, Tầng trung, View thoáng, Sổ cầm tay","3,8 tỷ",55 m²,"69,09 tr/m²",2,2,"Hoàng Liệt, Hoàng Mai","20.9587688446045, 105.846313476563"
42104073,08/03/2025,"Căn hộ Hateco Hoàng Mai, lô góc thoáng, full nội thất, 96m2, 4.5 tỷ","4,5 tỷ",96 m²,"46,88 tr/m²",3,2,"Yên Sở, Hoàng Mai","20.96285499934747, 105.86505049128348"
42129370,08/03/2025,"(Thiện chí) Bán căn hộ góc 3PN/2WC, Giá 6.3x tỷ, DT 105m2, Full NT, Tầng cao, Sổ hồng, Hướng mát","6,35 tỷ",105 m²,"60,48 tr/m²",3,2,"Đại Kim, Hoàng Mai","20.97305593247761, 105.83824932720478"
42368206,08/03/2025,"chỉ với 1 tỷ 8 có ngay căn hộ 46m chung cư hh linh đàm, chung cư giá rẻ hà nội","1,8 tỷ",46 m²,"39,13 tr/m²",1,1,"Hoàng Liệt, Hoàng Mai","20.96416389798027, 105.82759798601143"
41664841,08/03/2025,"Chính chủ cần bán căn 68m2 - 2PN tầng 15 dự án Hanoi Melody Linh Đàm giá 3,8 tỷ","3,8 tỷ",68 m²,"55,88 tr/m²",2,N/A,"Hoàng Liệt, Hoàng Mai","20.9585018157959, 105.82634735107422"
41140681,08/03/2025,"Cần bán căn hộ giá 2,39 tỷ VND tại HH4 Linh Đàm, Hà Nội","2,39 tỷ",57 m²,"41,93 tr/m²",2,2,"Hoàng Liệt, Hoàng Mai","20.9633140563965, 105.826736450195"
42162810,08/03/2025,"Chính chủ cần bán căn Chung Cư Đồng Tàu- ngay cạnh khu trung tâm quận uỷ. 68m2, 3PN, 2vs, lô góc.","3,5 tỷ",68 m²,"51,47 tr/m²",3,2,"Thịnh Liệt, Hoàng Mai","20.9707978613642, 105.84454978141"
41925056,08/03/2025,"(Căn mới) bán căn hộ 2N - 3N, DT 83, 85m2, tầng trung, view hồ, full NT, giá 5.2 tỷ, sổ cầm tay","5,2 tỷ",85 m²,"61,18 tr/m²",3,2,"Hoàng Liệt, Hoàng Mai","20.9588819564038, 105.845786122538"
39326777,08/03/2025,Bán gấp siêu phẩm 2PN 90m2 Sunshine Palace view thành phố giá 5tỷ8 đã có sổ LH em Hoàng 0812 395 ***,"5,8 tỷ",90 m²,"64,44 tr/m²",2,2,"Mai Động, Hoàng Mai","20.99017040641177, 105.86882215210764"
42368043,08/03/2025,"Bán GẤP căn góc hiếm chung cư toà N4 KĐT Đồng Tàu 76m2, 3 Ngủ, 2WC. Full nội thất mới 0385 829 ***","4,2 tỷ",76 m²,"55,26 tr/m²",3,2,"Thịnh Liệt, Hoàng Mai","20.9754333344626, 105.840897514527"
40012277,08/03/2025,"Bán căn hộ chung cư 2 ngủ Feliz Homes, 69m2 đồ cơ bản, cửa ĐB ban công TN, giá 4.5 tỷ - 0977 636 ***","4,3 tỷ",69 m²,"62,32 tr/m²",2,2,"Hoàng Văn Thụ, Hoàng Mai","20.9848365783691, 105.859855651855"
42315980,08/03/2025,"Chính chủ Bán CC 123,6m2 tại Đại Từ, Hoàng Mai, Hà Nội, giá cực chất chỉ với 5,995 tỷ",6 tỷ,"123,6 m²","48,5 tr/m²",3,2,"Đại Kim, Hoàng Mai","20.9712262865598, 105.834990339872"
41282002,08/03/2025,"E cần bán gấp CC Nguyễn Đức cảnh 70m2, chỉ 3,85 tỷ - View Hồ Đền Lừ - full nội thất đẹp long lanh","3,85 tỷ",70 m²,55 tr/m²,2,N/A,"Tương Mai, Hoàng Mai","20.98763087920661, 105.85171836867104"
41925133,08/03/2025,"(Giá tốt) Sổ cầm tay, view hồ, tầng đẹp, căn hộ 2PN/2WC, DT 75m2, giá chỉ 4.8 tỷ tặng full nội thất","4,8 tỷ",75 m²,64 tr/m²,2,2,"Hoàng Liệt, Hoàng Mai","20.95817084928345, 105.84598254758735"
42347827,08/03/2025,Cần bán căn 3 ngủ 64m2 (3 ngủ 2VS) cư HH3B - Linh Đàm,"2,59 tỷ",64 m²,"40,47 tr/m²",3,2,"Hoàng Liệt, Hoàng Mai","20.963538892958585, 105.82812922150029"
42272679,08/03/2025,"(Giá tốt) Bán gấp căn 3PN, 80m2, Tầng trung, Hướng Nam, Full NT, Sổ hồng chính chủ, Giá bán 6.1 tỷ","6,1 tỷ",80 m²,"76,25 tr/m²",3,2,"Định Công, Hoàng Mai","20.983382472399068, 105.83407908662588"
42368111,08/03/2025,"Bán căn hộ 176 Định Công, 3 Ngủ, Diện tích 88m. Nhà đẹp hướng mát, có slot ô tô - Giá cực tốt","6,27 tỷ",88 m²,"71,25 tr/m²",3,2,"Định Công, Hoàng Mai","20.983334225861018, 105.83488410432375"
41755894,08/03/2025,"(Gấp) Thiện chí bán căn 2N/2WC, DT 71m2, giá 4.45 tỷ bao phí, full NT, tầng trung, xem nhà 24/24","4,45 tỷ",71 m²,"62,68 tr/m²",2,2,"Hoàng Liệt, Hoàng Mai","20.956588745117188, 105.84488677978516"
42129715,08/03/2025,"(Giá rẻ) Bán gấp căn 2N/2WC tại EcoLake, tầng cao, view đẹp, Full NT, sổ hồng chính chủ, Giá 4.4 tỷ","4,4 tỷ",75 m²,"58,67 tr/m²",2,2,"Đại Kim, Hoàng Mai","20.972532373320842, 105.83815697874012"
42129468,08/03/2025,"(New) Bán gấp căn 2N/2WC, Giá siêu tốt 4.75 tỷ, Tầng trung, Hướng mát, Full NT, Sổ hồng cầm tay","4,75 tỷ",81 m²,"58,64 tr/m²",2,2,"Đại Kim, Hoàng Mai","20.972894741924677, 105.83770758225027"
42368062,08/03/2025,"Hiếm bán căn hộ tầng siêu đẹp Ở Nơ7A. DT: 85m2 với 3PN-2VS,Full nội thất đẹp long lanh. Giá:4,835tỷ","4,84 tỷ",85 m²,"56,88 tr/m²",3,2,"Hoàng Liệt, Hoàng Mai","20.9614302332716, 105.835391685543"
42332628,08/03/2025,Bán CHCC Feliz Homes - Hoàng Mai toà Zen Tower căn góc. DT 129m2 3PN 2WC,"8,5 tỷ",129 m²,"65,89 tr/m²",3,2,"Hoàng Văn Thụ, Hoàng Mai","20.9853956437088, 105.86049382192"
41975763,08/03/2025,"Tập thể lô góc tầng 2 Giải Phóng. DT 51/95m2 3 ngủ 2 wc 2 ban công, 30m ra đường Giải Phóng 3,75 tỷ","3,75 tỷ",95 m²,"39,47 tr/m²",3,2,"Giáp Bát, Hoàng Mai","20.9838332604147, 105.841454035557"
41925004,08/03/2025,"(Căn mới) Bán căn góc hoa hậu 3PN, DT 100m2, full NT nhập khẩu, view hồ, hướng mát, sổ lâu dài",7 tỷ,100 m²,70 tr/m²,3,2,"Hoàng Liệt, Hoàng Mai","20.95902716124281, 105.84582571059775"
40409625,08/03/2025,"Bán nhà tập thể tầng 1, ngõ 815 Giải Phóng 150m2 mặt tiền 8m giá 5.5tỷ","5,5 tỷ",150 m²,"36,67 tr/m²",3,3,"Giáp Bát, Hoàng Mai","20.9837461, 105.8411144"
42352998,08/03/2025,"Chỉ 3 tỷ 4 sở hữu căn hộ 3 Phòng ngủ tại KĐT Bắc Linh Đàm, sđcc, full nội thất","3,4 tỷ",69 m²,"49,28 tr/m²",3,N/A,"Đại Kim, Hoàng Mai","20.9747079846163, 105.823940138641"
42302136,08/03/2025,"Bán Căn hộ chung cư Gelexia Riverside, 4,65 tỷ, 68m2, 2PN, 2WC, Chính chủ Hot!","4,65 tỷ",68 m²,"68,38 tr/m²",2,2,"Yên Sở, Hoàng Mai","20.972445378990006, 105.86574403946774"
41924537,08/03/2025,"Thiện chí bán căn 2N/2WC mới bàn giao, DT 79m2, Giá 5 tỷ,Full NT, tầng cao, view đẹp, hướng mát",5 tỷ,79 m²,"63,29 tr/m²",2,2,"Hoàng Liệt, Hoàng Mai","20.9560262561592, 105.844802724493"
40186514,08/03/2025,"(Hiếm) Bán căn góc 3PN, DT 95m2, Giá 6.6 tỷ, Tầng trung, Full NT, Sổ chính chủ, Hướng mát, View đẹp","6,6 tỷ",95 m²,"69,47 tr/m²",3,2,"Định Công, Hoàng Mai","20.9827823638916, 105.834381103516"
42129559,08/03/2025,"(Cần gấp) Bán căn góc 3PN/2WC, DT 95m2, Giá 6 tỷ, Tầng vừa, View thoáng, Full NT, Sổ cầm tay",6 tỷ,95 m²,"63,16 tr/m²",3,2,"Đại Kim, Hoàng Mai","20.973286064391928, 105.83845362636644"
42336135,08/03/2025,"Bán CC N9 Đồng Tàu 2PN 2WC, 68m2 tại Thịnh Liệt, Hoàng Mai, Hà Nội, giá tốt 3,57tỷ. LH: 0917 208 ***","3,57 tỷ",68 m²,"52,5 tr/m²",2,2,"Thịnh Liệt, Hoàng Mai","20.9768732069892, 105.847678236828"
41571901,08/03/2025,"(Giá tốt) Bán căn 2PN, Tầng trung, Hướng nam, DT 65m2,Giá 4.6 tỷ, NTCB, Sổ hồng, LH: 0967 465 ***","4,6 tỷ",65 m²,"70,77 tr/m²",2,1,"Định Công, Hoàng Mai","20.9827823638916, 105.83438110351563"
41924468,08/03/2025,"(Mới) Bán căn 3PN góc hoa hậu tòa lâu dài, DT 95m2, tầng trung, view thoáng, full NT, giá 5.8 tỷ","5,8 tỷ",95 m²,"61,05 tr/m²",3,2,"Hoàng Liệt, Hoàng Mai","20.956483707886118, 105.84500057093017"
42201812,08/03/2025,"Căn hộ 2n tại Green Park Trần Thủ Độ, 3,5 tỷ","3,5 tỷ",55 m²,"63,64 tr/m²",2,2,"Hoàng Liệt, Hoàng Mai","20.958919429601927, 105.84634564187633"
39404585,08/03/2025,Trực tiếp từ CDT tư vấn mua quỹ căn chuẩn pháp lý tại DA Viễn Đông Star,"2,72 tỷ",85 m²,32 tr/m²,2,2,"Thịnh Liệt, Hoàng Mai","20.977571487426758, 105.84281921386719"
42367808,08/03/2025,"Chính chủ bán CC Đền Lừ 3,5 tỷ, 68m2, 2pn 2vs, nội thất đẹp, LH 0936 358 ***","3,5 tỷ",68 m²,"51,47 tr/m²",2,2,"Hoàng Văn Thụ, Hoàng Mai","20.9861600605762, 105.863547442276"
42211413,08/03/2025,"Cần bán gấp căn hộ 2PN, 70m2 giá chuẩn 4,5 tỷ CC Eco Lake View tại 32 Đại Từ, Hoàng Mai, Hà Nội","4,5 tỷ",70 m²,"64,29 tr/m²",2,2,"Đại Kim, Hoàng Mai","20.9728979351211, 105.838527115022"
42308321,08/03/2025,"Chính chủ cần tiền bán gấp căn góc 95m2, 3pn giá 5,6x tỷ CC Rose Town 79 Ngọc Hồi 098333908chín","5,68 tỷ",95 m²,"59,79 tr/m²",3,2,"Hoàng Liệt, Hoàng Mai","20.956621211622057, 105.84432236313553"
42367717,08/03/2025,Chính Chủ Bán Căn Hoa Hậu An Bình Định Kim Hoàng Mai 3 ngủ lh 0929 656 ***,Giá thỏa thuận,113 m²,N/A,3,2,"Định Công, Hoàng Mai","20.98398276874655, 105.83165567303713"
39268771,08/03/2025,"Bán CHCC Gelexia 885 Tam Trinh - Hoàng Mai. DT: 67m2 2PN + 2WC. Giá: 4,3 tỷ. Lh: 0964 835 ***","4,3 tỷ",67 m²,"64,18 tr/m²",2,2,"Yên Sở, Hoàng Mai","20.9729385375977, 105.866355895996"
38830628,08/03/2025,"Bán CHCC Đồng Phát Park View - Hoàng Mai. DT: 62,5m2. 2PN 2WC. Giá: 3,8 tỷ. Lh: E Huỳnh 0964 835 ***","3,8 tỷ","62,5 m²","60,8 tr/m²",2,2,"Vĩnh Hưng, Hoàng Mai","20.980098724365234, 105.87424468994141"
37441925,08/03/2025,"Bán CHCC New Horizon 87 Lĩnh Nam. DT: 80m2. 2PN + 2 NVS. Giá: 5,1 tỷ. LH: 0964 835 ***","5,1 tỷ",80 m²,"63,75 tr/m²",2,2,"Mai Động, Hoàng Mai","20.989424, 105.86656"
38250459,08/03/2025,Bán CHCC SBán CHCC Sunshine Palace ngõ 13 Lĩnh Nam. DT: 80m2 2pn + 2wc. Giá: 6 tỷ. Lh: 0964 835 ***,6 tỷ,80 m²,75 tr/m²,2,2,"Mai Động, Hoàng Mai","20.9901828765869, 105.868659973145"
42367481,08/03/2025,Chính chủ em Bán căn hộ 67m 2pn 2vs- CT2- TP Tây nam Linh Đàm. Full nội thất cao cấp!,"3,75 tỷ",67 m²,"55,97 tr/m²",2,2,"Hoàng Liệt, Hoàng Mai","20.9615153578785, 105.835399290339"
36681750,08/03/2025,Bán CHCC N3 Đồng Tàu - Thịnh Liệt. DT: 54m2 2PN + 1VS. Giá: 3.15 tỉ có TL. LH: 0964 835 ***,"3,15 tỷ",54 m²,"58,33 tr/m²",2,1,"Thịnh Liệt, Hoàng Mai","20.9768257008603, 105.84721264712"
42367469,08/03/2025,"GẤP GẤP CẦN BÁN CĂN 56m 2N2Vs Giá 2,1x tỷ THƯƠNG LƯỢNG SÂU. Lhe: 0921 863 ***","2,1 tỷ",56 m²,"37,5 tr/m²",2,2,"Hoàng Liệt, Hoàng Mai","20.964861202760265, 105.82722025083187"
42367650,08/03/2025,"Chủ nhà gửi bán CC Vĩnh Hoàng 3,1 tỷ, 58m2, 2 phòng ngủ, Lô Góc đẹp, LH 0936 358 ***","3,1 tỷ",58 m²,"53,45 tr/m²",2,1,"Hoàng Văn Thụ, Hoàng Mai","20.9862754021557, 105.863454272803"
37423493,08/03/2025,BQL cập nhật quỹ căn hộ giá tốt The One Residence (1/2025) LH: 0904 744 *** để biết thêm chi tiết,"4,08 tỷ",67 m²,"60,9 tr/m²",2,N/A,"Yên Sở, Hoàng Mai","20.9692039489746, 105.876914978027"
42367590,08/03/2025,"Bán căn chung cư Viễn Đông Star số 1 Giáp Nhị- Thịnh Liệt.DT:110m2, 3N+2WC. Giá 5,2tỷ.LH:0917 208 ***","5,2 tỷ",110 m²,"47,27 tr/m²",3,2,"Thịnh Liệt, Hoàng Mai","20.97807110999269, 105.84225538871884"
42327142,08/03/2025,Chính chủ cần bán nhanh căn hộ 2 ngủ 61m chung cư VP5 bán đảo Linh Đàm,"3,15 tỷ","61,5 m²","51,22 tr/m²",2,2,"Hoàng Liệt, Hoàng Mai","20.96437487441411, 105.83145528155309"
42185872,08/03/2025,"Nhà chính chủ pháp lý đầy đủ, căn 3 ngủ full nội thất nhà đẹp về ở ngay chung cư CT2 Bắc Linh Đàm","3,63 tỷ",67 m²,"54,18 tr/m²",3,1,"Đại Kim, Hoàng Mai","20.971306035964009, 105.82872614027517"
42337086,08/03/2025,Chính chủ bán căn hộ 80m2 3PN 2WC chung cư HUD full nội thất sổ đỏ chính chủ về ở ngay,"4,15 tỷ","79,9 m²","51,94 tr/m²",3,2,"Đại Kim, Hoàng Mai","20.97091266683805, 105.82740635770172"
42212351,08/03/2025,"Nhà chính chủ, bán căn hộ 75m2 3 PN 2WC chung cư Nơ 1A Linh Đàm, nội thất cao cấp sổ đỏ chính chủ","4,35 tỷ",75 m²,58 tr/m²,3,2,"Đại Kim, Hoàng Mai","20.971483693915232, 105.82820720471743"
42113103,08/03/2025,"Bán nhanh căn hộ 81m2 3PN sổ đỏ chính chủ Nơ 3 KĐT Pháp Vân, sổ đỏ chính chủ","3,6 tỷ",81 m²,"44,44 tr/m²",3,2,"Hoàng Liệt, Hoàng Mai","20.9561457958372, 105.844881153244"
41571840,08/03/2025,Hot! Chính chủ cần bán căn hộ toà OCT1X1 DN1 Bắc Linh Đàm - full nội thất mới,"3,35 tỷ",67 m²,50 tr/m²,2,2,"Đại Kim, Hoàng Mai","20.97145652770996, 105.82817077636719"
41363722,08/03/2025,"Bán căn hộ 96m2 tại Nơ 4A Linh Đàm - Full nội thất cao cấp, chỉ việc vào ở","4,61 tỷ",96 m²,"48,02 tr/m²",3,2,"Hoàng Liệt, Hoàng Mai","20.97145652770996, 105.82817077636719"
41822942,08/03/2025,Bán căn CC Nơ 9 - 83m2 Bán đảo Linh Đàm - Full nội thất mới 100%,"4,5 tỷ",83 m²,"54,22 tr/m²",3,2,"Hoàng Liệt, Hoàng Mai","20.97091642610085, 105.8276936909707"
42093721,08/03/2025,Hàng hiếm! Duy nhất 1 căn 3PN tại Nơ 3 bán đảo Linh Đàm đầy đủ công năng cho hộ gia đình đông người,"3,75 tỷ",70 m²,"53,57 tr/m²",3,2,"Đại Kim, Hoàng Mai","20.972111142124515, 105.82795652038706"
41633547,08/03/2025,Bán căn hộ 2PN 2VS - CT2X2 Linh Đàm - Full nội thất mới 100%,"2,95 tỷ",55 m²,"53,64 tr/m²",2,2,"Hoàng Liệt, Hoàng Mai","20.97145652770996, 105.82817077636719"
42246217,08/03/2025,Bán căn hộ 2pn 2vs tòa Hud 3 Linh Đàm- nhà đẹp full nội thất! Vào được ngay.,"3,77 tỷ",67 m²,"56,27 tr/m²",2,2,"Hoàng Liệt, Hoàng Mai","20.9596819071078, 105.833813774674"
42275925,08/03/2025,HƠN 3 TỶ - NHÀ ĐẸP Ở NGAY - 3 NGỦ - SỔ ĐỎ - TÒA NƠ7 BÁN ĐẢO LINH ĐÀM,"3,9 tỷ",74 m²,"52,7 tr/m²",3,2,"Hoàng Liệt, Hoàng Mai","20.9642377353668, 105.831674276508"
42156821,08/03/2025,Lô Góc Nơ 7A- CC Bán đảo Linh Đàm - 3pn 2vs - Đầy đủ nội thất cao cấp!,"4,88 tỷ",95 m²,"51,37 tr/m²",3,2,"Hoàng Liệt, Hoàng Mai","20.9636642301463, 105.831609378458"
42287863,08/03/2025,Lô góc 92m- View thoáng- CC D2CT2 Tây Nam Linh Đàm- Nội thất để lại Full mới! Mua ngay.,"5,25 tỷ",92 m²,"57,06 tr/m²",3,2,"Hoàng Liệt, Hoàng Mai","20.9614834375855, 105.835409378153"
42111454,08/03/2025,"Hot! Đẹp nhất khu CC Linh Đàm- 85m2- 3pn 2vs- Đầy đủ nội thất mới tinh, vào ở luôn!","4,3 tỷ",85 m²,"50,59 tr/m²",3,2,"Hoàng Liệt, Hoàng Mai","20.9658411775734, 105.828005866181"
42302951,08/03/2025,"Lô góc- Duy nhất 1 căn 3pn tại tòa CT5X2, nội thất mới, hiện đại.","4,7 tỷ",88 m²,"53,41 tr/m²",3,2,"Hoàng Liệt, Hoàng Mai","20.9709197482078, 105.835099183919"
42079390,08/03/2025,Bán gấp căn hộ 3pn 2vs tại CT3C X2 Linh Đàm- Full nội thất cao cấp- Ở được luôn!,"4,85 tỷ",93 m²,"52,15 tr/m²",3,2,"Đại Kim, Hoàng Mai","20.97153135668391, 105.82793287522283"
42264165,08/03/2025,Bán căn hộ tòa CT4AX2 - diện tích rộng - căn hộ 3 ngủ - sổ đỏ - nội thất mới,"4,7 tỷ",90 m²,"52,22 tr/m²",3,2,"Đại Kim, Hoàng Mai","20.9717503575019, 105.828129926557"
42359792,08/03/2025,Bán căn hộ 2PN 50m2 CT1 A1 - Tây Nam Linh Đàm - View thoáng (full nội thất - có sổ),"2,65 tỷ",50 m²,53 tr/m²,2,1,"Hoàng Liệt, Hoàng Mai","20.962137364985512, 105.82105385429672"
42367482,08/03/2025,Cần Bán Gấp Căn Hộ Osaka Complex 71 m 2 PN 2 Vs Lh : 0929 656 ***,Giá thỏa thuận,71 m²,N/A,2,2,"Hoàng Liệt, Hoàng Mai","20.95908406076302, 105.83790232985122"
42367441,08/03/2025,"Bán gấp CC Đồng Phát 4,6 tỷ, 88m2 3 phòng ngủ, căn Lô Góc, tặng nộ thất xịn, LH 0936 358 ***","4,6 tỷ",88 m²,"52,27 tr/m²",3,2,"Vĩnh Hưng, Hoàng Mai","20.979642233086697, 105.87401036618226"
42361283,08/03/2025,"Bán căn cực hiếm chung cư toà N3 Đồng DT: 54m2, 2 phòng ngủ + 1 wc. Giá 3,15 tỷ. LH: 0917 208 ***","3,15 tỷ",54 m²,"58,33 tr/m²",2,1,"Thịnh Liệt, Hoàng Mai","20.9768296712732, 105.847051841797"
41141823,08/03/2025,"Căn hộ mơ ước CC 71,8m2, 2 ngủ, 2 vs ở CT2 - D1 Tây Nam Linh Đàm giá nhỉnh 4.4 tỷ","4,4 tỷ","71,8 m²","61,28 tr/m²",2,2,"Hoàng Liệt, Hoàng Mai","20.962661743164062, 105.8212661743164"
42367353,08/03/2025,Chính Chủ Cần Bán Căn Hoa Hậu x2 Đại Kim Siêu đẹp 0929 656 ***,Giá thỏa thuận,86 m²,N/A,3,2,"Đại Kim, Hoàng Mai","20.97634008663898, 105.82540672436889"
42134523,08/03/2025,"Giá tốt nhỉnh 6 tỷ - Bán căn 3N 99m2 GreenPark, sổ lâu dài. Tầng đẹp, full nội thất. LH: 0366 261 ***",Giá thỏa thuận,99 m²,N/A,3,2,"Hoàng Liệt, Hoàng Mai","20.958823428216853, 105.84621021132067"
38857015,08/03/2025,"Bán CHCC @Home 987 Tam Trinh - Hoàng Mai. DT: 70m2 3PN + 2WC. Giá: 4,5 tỷ. LH: 0964 835 ***","4,5 tỷ",70 m²,"64,29 tr/m²",3,2,"Yên Sở, Hoàng Mai","20.9799327850342, 105.864631652832"
39585499,08/03/2025,"Top 1 dự án-Giá từ 4 tỷ bán căn 60m2-68m2-74m2-83m2 Green Park,view hồ. Sẵn sổ đỏ.LH:0366 261 ***",Giá thỏa thuận,68 m²,N/A,2,2,"Hoàng Liệt, Hoàng Mai","20.958425640958286, 105.84707020510903"
42367330,08/03/2025,"Bán CHCC tòa H(căn góc)Đền Lừ.DT:54m2, 2N+2WC giá 3,35 tỷ. LH: 0917 208 ***","3,35 tỷ",54 m²,"62,04 tr/m²",2,2,"Hoàng Văn Thụ, Hoàng Mai","20.984586664217762, 105.86036261549332"
42367306,08/03/2025,Chính Chủ Bán Chung Cư căn hộ Rice city Toà Nam Linh Đàm lh; 0929 656 ***,Giá thỏa thuận,70 m²,N/A,3,2,"Hoàng Liệt, Hoàng Mai","20.963344231900265, 105.82263236711017"
41425798,08/03/2025,"Hiếm! Bán CH 75m2 2 ngủ chung cư T&T - 440 Vĩnh Hưng. Full nội thất cao cấp, có slot ô tô","4,75 tỷ",77 m²,"61,69 tr/m²",2,2,"Vĩnh Hưng, Hoàng Mai","20.9989376068115, 105.880195617676"
41336395,08/03/2025,"Bán căn hộ 80m2 3 ngủ chung cư Hateco Yên Sở, Hoàng Mai, HN. Full nội thất xịn sò","4,6 tỷ",80 m²,"57,5 tr/m²",3,2,"Yên Sở, Hoàng Mai","20.9627342224121, 105.86434173584"
42326144,08/03/2025,Bán CH 71m2 2 ngủ CC Osaka Complex 48 Ngọc Hồi Hoàng Mai,"3,85 tỷ",71 m²,"54,22 tr/m²",2,2,"Hoàng Liệt, Hoàng Mai","20.95877024774231, 105.8389040179908"
42329349,08/03/2025,"Bán căn hộ 66.7m2 chung cư K35 Tân Mai, Hoàng Mai","5,2 tỷ","66,7 m²","77,96 tr/m²",2,2,"Tương Mai, Hoàng Mai","20.98335119535533, 105.85109513650995"
41337106,08/03/2025,"Bán căn hộ 85m2 chung cư Gelexia 885 Tam Trinh - Yên Sở - Hoàng Mai, view Gamuda","4,92 tỷ",85 m²,"57,88 tr/m²",2,2,"Yên Sở, Hoàng Mai","20.9732125205973, 105.866594733198"
42196552,08/03/2025,Bán căn hộ CC 72m2 căn góc toà B tại Đồng Phát Parkview Vĩnh Hoàng,"4,5 tỷ",72 m²,"62,5 tr/m²",2,2,"Vĩnh Hưng, Hoàng Mai","20.980257350573652, 105.87443564449163"
41776607,08/03/2025,"Bán căn hộ 3 ngủ 90m2 chung cư Hateco Yên Sở, Hoàng Mai","4,6 tỷ",90 m²,"51,11 tr/m²",3,2,"Yên Sở, Hoàng Mai","20.962898169604603, 105.86389293545108"
41654801,08/03/2025,"Bán căn hộ 74m2 chung cư Gelexia 885 Tam Trinh - Yên Sở - Hoàng Mai. Full nội thất 4,4 tỷ","4,4 tỷ",74 m²,"59,46 tr/m²",2,2,"Yên Sở, Hoàng Mai","20.9729385375977, 105.866355895996"
41394850,08/03/2025,"Bán căn hộ 105m2 3 ngủ chung cư Hateco Yên sở, Hoàng mai, tòa B căn góc 2 ban công, view thoáng đẹp","5,1 tỷ",105 m²,"48,57 tr/m²",3,2,"Yên Sở, Hoàng Mai","20.9627342224121, 105.86434173584"
42326555,08/03/2025,Bán căn hộ 70m2 chung cư HUD3 số 60 Nguyễn Đức Cảnh,"5,2 tỷ",70 m²,"74,29 tr/m²",2,2,"Tương Mai, Hoàng Mai","20.98816178061729, 105.8500451927329"
42323622,08/03/2025,"́ ́ ̂́ Căn 2PN, SĐCC tầng 1x chung cư Osaka Linh Đàm ̀ , ̀ ̣̂","3,2 tỷ",56 m²,"57,14 tr/m²",2,1,"Hoàng Liệt, Hoàng Mai","20.961741166717, 105.835334464227"
42222259,08/03/2025,Bán căn hộ CC 63m2 2 ngủ tại Đồng Phát Parkview,"3,8 tỷ",63 m²,"60,32 tr/m²",2,2,"Vĩnh Hưng, Hoàng Mai","20.979933186320398, 105.87372684049373"
42101813,08/03/2025,Bán căn hộ 3 ngủ chung cư Gelexia 885 Tam Trinh - Yên Sở - Hoàng Mai căn góc cực thoáng,"5,4 tỷ",87 m²,"62,07 tr/m²",3,2,"Yên Sở, Hoàng Mai","20.972636972996597, 105.86572626231948"
42157617,08/03/2025,"Bán căn 3PN giá chỉ như căn 2PN tại Hà Nội Melody Residences, 5,1 tỷ, 90m2!","5,1 tỷ",90 m²,"56,67 tr/m²",3,2,"Hoàng Liệt, Hoàng Mai","20.9590755743948, 105.826390810546"
39657764,08/03/2025,"Bán căn hộ 3 ngủ Hateco Hoàng Mai, View triệu đô, Sát Gamuda Central Residence, 79.5/86m2, 4.15 tỷ","4,15 tỷ",86 m²,"48,26 tr/m²",3,2,"Yên Sở, Hoàng Mai","20.962734, 105.86434"
42367073,08/03/2025,"SIÊU HIẾM !! CĂN HỘ TÒA HH1C LINH ĐÀM. DT 70M2, 2 NGỦ - 2 VỆ SINH + NỘI THẤT SIÊU ĐẸP SIÊU XỊN SÒ",Giá thỏa thuận,70 m²,N/A,N/A,N/A,"Hoàng Liệt, Hoàng Mai","20.965599367490572, 105.82613695514428"
42335038,08/03/2025,"Bán CC Gelexia 885 Tam Trinh, 68m2, 2pn 2vs, giá 3,95 tỷ. Căn hộ thoáng sáng vị trí đẹp","3,95 tỷ",68 m²,"58,09 tr/m²",2,2,"Yên Sở, Hoàng Mai","20.97256390275096, 105.86587702052438"
40059189,08/03/2025,"Chính chủ bán căn 2PN - 2WC 67m2 toà Zen Feliz Homes, cực thoáng full nội thất, view đẹp giá 4.5 tỷ","4,5 tỷ",67 m²,"67,16 tr/m²",2,2,"Hoàng Văn Thụ, Hoàng Mai","20.9848365783691, 105.859855651855"
37779734,08/03/2025,"Chính chủ bán căn góc 3 ngủ 2WC - toà Fantasy dự án Feliz Homes hướng Đông Nam, full nội thất","7,1 tỷ",115 m²,"61,74 tr/m²",3,2,"Hoàng Văn Thụ, Hoàng Mai","20.985250114803907, 105.8596935456858"
42309967,08/03/2025,"Bán căn góc cực hiếm tòa N4 Đồng Tàu. DT 76m2, 3 phòng ngủ+ 2 WC. Giá 4 tỷ 25. LH: 0917 208 ***","4,25 tỷ",76 m²,"55,92 tr/m²",3,2,"Thịnh Liệt, Hoàng Mai","20.9771325078429, 105.847144413781"
39572745,08/03/2025,"Nhà nơ KĐT Pháp Vân đường Trần Thủ Độ, Ngọc Hồi, BV Nội Tiết, IEC, Tecco 83m2 3 ngủ, 3.96 tỷ","3,96 tỷ",83 m²,"47,71 tr/m²",3,2,"Hoàng Liệt, Hoàng Mai","20.9562702178955, 105.84504699707"
42367002,08/03/2025,Chính chủ bán căn hộ chung cư Sky Central 176 ĐỊnh Công 75m 32 ngủ giá 4.6 tỷ,"4,6 tỷ",75 m²,"61,33 tr/m²",2,2,"Định Công, Hoàng Mai","20.983123452439933, 105.83486078970101"
42156319,08/03/2025,"Bán CC 85m2, 4,85 tỷ, 3PN, 2WC Toà Nơ 7A Bán Đảo Linh Đàm","4,85 tỷ",85 m²,"57,06 tr/m²",3,2,"Hoàng Liệt, Hoàng Mai","20.9640212541943, 105.83213474796"
42108871,08/03/2025,"Bán CC 2PN, 2WC tại HH4 Linh Đàm, 2,75 tỷ, 65m2, giá cực chất","2,75 tỷ",65 m²,"42,31 tr/m²",2,2,"Hoàng Liệt, Hoàng Mai","20.963587504242454, 105.82640290917257"
42360616,08/03/2025,BÁN CĂN HỘ 72M- TÒA VP5 BÁN ĐẢO LINH ĐÀM - SỔ HỒNG CHÍNH CHỦ,"4,3 tỷ",72 m²,"59,72 tr/m²",2,2,"Hoàng Liệt, Hoàng Mai","20.963766208559605, 105.83177297564497"
42365702,08/03/2025,NÓNG CỰC NÓNG-Bán căn Nơ 20 Pháp Vân-Dt 91m2-3N 2vs-Giá 4.4x tỷ(giá thương lượng).,"4,49 tỷ",91 m²,"49,34 tr/m²",3,2,"Hoàng Liệt, Hoàng Mai","20.956106724956364, 105.84472958783789"
42366758,08/03/2025,"Bán chung cư Đồng Tàu DT 76m2 3 ngủ 2 wc, Đấy đủ nội thất, gía 4,25 tỷ LH 0983 873 ***","4,25 tỷ",76 m²,"55,92 tr/m²",3,2,"Thịnh Liệt, Hoàng Mai","20.9766652138348, 105.847643143836"
42250205,08/03/2025,Tìm căn hộ 3PN nội đô Hà Nội giá tốt hãy đọc tin này,"5,05 tỷ",89 m²,"56,7 tr/m²",3,N/A,"Hoàng Liệt, Hoàng Mai","20.958743465860962, 105.82645624178562"
42366773,08/03/2025,"CHÍNH CHỦ BÁN CĂN HỘ 71m2 , 2 PN,2 VS GIÁ TỐT 2,7 TỶ TẠI HH1 LINH ĐÀM, HOÀNG MAI. LH: 0968 655 ***","2,7 tỷ",71 m²,"38,03 tr/m²",2,2,"Hoàng Liệt, Hoàng Mai","20.964580352451527, 105.82615828181603"
42306799,08/03/2025,"Bán gấp căn hộ 3PN, 2 VS tại CT5 X2 Bắc Linh Đàm, Hoàng Mai. LH: 0968 655 ***","4,65 tỷ",78 m²,"59,62 tr/m²",3,2,"Đại Kim, Hoàng Mai","20.971536543704467, 105.82838420547344"
41016905,08/03/2025,Siêu siêu hiếm - Bán căn hộ VP3 Linh Đàm - DT 93m2 - 3PN 2vs - Giá chỉ 5.1x tỷ (giá thương lượng),"5,15 tỷ",93 m²,"55,38 tr/m²",3,2,"Hoàng Liệt, Hoàng Mai","20.9644546508789, 105.831359863281"
42337587,08/03/2025,"Chính chủ bán gấp căn hộ 3 PN, 2 VS tại OCT2 - DN2 Bắc Linh Đàm, Hoàng Mai, Hà Nội","4,15 tỷ",80 m²,"51,88 tr/m²",3,2,"Đại Kim, Hoàng Mai","20.97149928953195, 105.82816358181697"
42269640,08/03/2025,"BÁN CC TẦNG ĐẸP NƠ 7A KDT LINH ĐÀM 3PN, 2VS VỚI GIÁ 3.86 TỶ. LH: 0968 655 ***","3,86 tỷ",65 m²,"59,38 tr/m²",3,2,"Đại Kim, Hoàng Mai","20.971121248093844, 105.82796953528079"
42366725,08/03/2025,"BÁN GẤP CĂN HỘ 2PN,2VS FULL NỘI THẤT MỚI TINH TẠI VP5 LINH ĐÀM. LH: 0968 655 ***","3,72 tỷ","61,5 m²","60,49 tr/m²",2,2,"Hoàng Liệt, Hoàng Mai","20.96332054342119, 105.83221533853444"
42347955,08/03/2025,"Bán căn hộ K35 Tân Mai, Hoàng Mai tòa NO1A DT: 96.5m2 3 ngủ, 2 vệ sinh, giá 7.7 tỷ LH 0983 873 ***",7 tỷ,"96,5 m²","72,54 tr/m²",3,2,"Tương Mai, Hoàng Mai","20.9837379455566, 105.8515625"
42361292,08/03/2025,"Bán chung cư N3 Đồng Tàu - Thịnh Liệt - DT 54 m2 có 2 phòng ngủ + 1wc. Giá 3,15 tỷ lh 0983 873 ***","3,15 tỷ",54 m²,"58,33 tr/m²",2,1,"Thịnh Liệt, Hoàng Mai","20.9768257008603, 105.84721264712"
42366663,08/03/2025,Bán chung cư chính chủ miễn chung gian. Kim Văn Kim Lũ,3 tỷ,60 m²,50 tr/m²,2,2,"Đại Kim, Hoàng Mai","20.972944180759, 105.819610879909"
42366681,08/03/2025,"BÁN CĂN GÓC 63m2 CHIA 2PN, 2 VS VIEW CHECK HỒ TẠI HH3 LINH ĐÀM, HOÀNG MAI. LH: 0968 655 ***","2,53 tỷ","63,5 m²","39,84 tr/m²",2,2,"Hoàng Liệt, Hoàng Mai","20.96328797158543, 105.82775010339009"
42366522,08/03/2025,Bán căn chung cư 2 Ngủ @Home 987 Tam Trinh - Hoàng Mai. Diện tích 58m - Giá 3.3 tỷ,"3,3 tỷ",58 m²,"56,9 tr/m²",2,1,"Yên Sở, Hoàng Mai","20.980610090035317, 105.86471279501838"
42334494,08/03/2025,"Gia đình cần bán căn hộ 3PN (Góc), 100m2, Full đồ, tầng 2x tại Rose Town, GIÁ: 5.6 tỷ","5,6 tỷ",100 m²,56 tr/m²,3,2,"Hoàng Liệt, Hoàng Mai","20.956220161812464, 105.84440968500466"
42334468,08/03/2025,"Gia đình cần bán căn hộ 2PN, 86m2, sổ hồng, hướng mát tại Phương Đông Green Park, giá: 5.3 tỷ","5,3 tỷ",86 m²,"61,63 tr/m²",2,2,"Hoàng Liệt, Hoàng Mai","20.9579528170356, 105.846660817352"
42334503,08/03/2025,"Gia đình cần bán căn hộ 2PN, 72m2, sổ hồng, nhà đẹp tại Sky Central - 176 Định Công, GIÁ: 4.8 tỉ","4,8 tỷ",72 m²,"66,67 tr/m²",2,2,"Định Công, Hoàng Mai","20.98251961451519, 105.8348323154576"
42366342,08/03/2025,BÁN CĂN 3 NGỦ GÓC 96M2 GIÁ TỐT NHẤT ECO LAKE VIEW CHỈ HƠN 5 TỶ. LH: 0949 650 ***,"5,6 tỷ",99 m²,"56,57 tr/m²",3,2,"Đại Kim, Hoàng Mai","20.973438621198405, 105.83880400159202"
42366237,08/03/2025,"Bán căn sổ đỏ 2 ngủ 2 vs ct2tp toà ít dân, giá 3,7 full nội thất mới tinh Lh 0978 331 ***","3,7 tỷ",58 m²,"63,79 tr/m²",2,2,"Hoàng Liệt, Hoàng Mai","20.965232498088714, 105.82438378931523"
42366265,08/03/2025,"Căn góc 3PN + 2WC tại New Horizon City, 6,2 tỷ, 92m2, Hoàng Mai, HN - hàng hiếm giá ưu đãi","6,2 tỷ",92 m²,"67,39 tr/m²",3,2,"Mai Động, Hoàng Mai","20.98911601349339, 105.86673491755857"
42120874,08/03/2025,"Bán Căn hộ chung cư HH2 Linh Đàm, 3,09 tỷ, 76m2, đầy đủ nội thất, hướng Đông Lh 0978 331 ***","3,09 tỷ",76 m²,"40,66 tr/m²",N/A,N/A,"Hoàng Liệt, Hoàng Mai","20.964331427681028, 105.82726055996933"
42366085,07/03/2025,"Mình cần bán căn hộ (3PN (Góc)), (93m2), (Full NT), (Giá: 5.75 tỷ) tại Rose Town, LH: 0943 242 ***","5,65 tỷ",93 m²,"60,75 tr/m²",3,2,"Hoàng Liệt, Hoàng Mai","20.956753766531076, 105.84481351254894"
42366074,07/03/2025,"Mình cần bán căn hộ (2PN), (64m2), (Full NT), (BC Đông Nam), (Giá: 4 tỷ) tại Rose Town",4 tỷ,64 m²,"62,5 tr/m²",2,2,"Hoàng Liệt, Hoàng Mai","20.957120168215965, 105.8441116025157"
42366065,07/03/2025,"Mình cần bán căn hộ (2PN), (74m2), (Sổ Hồng), (Giá: 4.9 tỷ) tại Phương Đông Green Park","4,9 tỷ",74 m²,"66,22 tr/m²",2,2,"Hoàng Liệt, Hoàng Mai","20.958771005271792, 105.84636002984323"
41433524,07/03/2025,Bán căn góc 118.3m2 chung cư Vật Tư Du Lịch South Tower số 8 Trần Thủ Độ 5.6 tỷ,"5,6 tỷ","118,3 m²","47,34 tr/m²",3,2,"Hoàng Liệt, Hoàng Mai","20.962495803833, 105.844841003418"
41858824,07/03/2025,"Bán căn góc tòa A1, 122m2 3PN, 2WC, 2logia giá 6.3 tỷ TL","6,3 tỷ",122 m²,"51,64 tr/m²",3,2,"Tương Mai, Hoàng Mai","20.987005801466736, 105.85213697732874"
41662654,07/03/2025,"Bán căn 04 H1 60 NĐC, 76,5m2 5.3 tỷ có TL","5,3 tỷ","72,6 m²",73 tr/m²,2,2,"Tương Mai, Hoàng Mai","20.987060546875, 105.850357055664"
42292033,07/03/2025,"Cần bán căn góc 3 ngủ tòa N02 Melody Linh Đàm tầng trung đẹp giá 5,6 tỷ bao phí","5,6 tỷ",100 m²,56 tr/m²,N/A,N/A,"Hoàng Liệt, Hoàng Mai","20.958600497272, 105.82691096573033"
41420668,07/03/2025,Bán căn 07 tòa A tầng trung chung cư Helios 75 Tam Trinh O934611663,Giá thỏa thuận,80 m²,N/A,2,2,"Mai Động, Hoàng Mai","20.994594481446363, 105.86341372157445"
42336425,07/03/2025,"Chính chủ bán căn 2 ngủ 77m2 tòa N04 Melody Linh Đàm view Đông Nam tầng đẹp giá chỉ 4,3 tỷ","4,4 tỷ",77 m²,"57,14 tr/m²",N/A,N/A,"Hoàng Liệt, Hoàng Mai","20.95858591629225, 105.82640131859391"
40729635,07/03/2025,"Bán căn góc 09 tòa A tầng 20x, 87m2 3PN 4.65tỷ bao phí có TL","4,65 tỷ","87,2 m²","53,33 tr/m²",3,2,"Vĩnh Hưng, Hoàng Mai","20.9800987243652, 105.874244689941"
42328690,07/03/2025,"Bán căn hộ 06 tòa A chung cư Sky Central 87,7m2 giá 6.2 tỷ 3PN","6,23 tỷ","87,7 m²",71 tr/m²,3,2,"Định Công, Hoàng Mai","20.982171113077047, 105.83433213439216"
41660003,07/03/2025,Bán căn hộ diện tích sổ 74m2 2PN 2WC 2 logia giá 4.4 tỷ,"4,4 tỷ",74 m²,"59,46 tr/m²",2,2,"Yên Sở, Hoàng Mai","20.9729385375977, 105.866355895996"
42365536,07/03/2025,Chính Chủ Bán Căn Hoa Hậu An Bình Định Kim Hoàng Mai 3 ngủ lh 0929 656 ***,Giá thỏa thuận,113 m²,N/A,3,2,"Định Công, Hoàng Mai","20.982788286396744, 105.8322247016019"
42345211,07/03/2025,"Bảng hàng ngoại giao trực tiếp chủ đầu tư căn hộ 2PN, 3PN giá tốt Hà Nội Melody Residences","6,06 tỷ","104,75 m²","57,81 tr/m²",3,2,"Hoàng Liệt, Hoàng Mai","20.95806875591511, 105.82690436535256"
42365423,07/03/2025,Cần Bán Gấp Căn Hộ Osaka Complex 71 m 2 PN 2 Vs Lh : 0929 656 ***,Giá thỏa thuận,71 m²,N/A,3,2,"Hoàng Liệt, Hoàng Mai","20.95922075206386, 105.83894495122583"
41841367,07/03/2025,"Bán CC 3 ngủ Feliz Homes Hoàng Mai giá ngang căn 2 ngủ, tầng đẹp, view bể bơi, 101m2 giá chỉ 6.2 tỷ","6,2 tỷ",101 m²,"61,39 tr/m²",3,2,"Hoàng Văn Thụ, Hoàng Mai","20.984676339385572, 105.86039628702592"
40827251,07/03/2025,Liệu có nên mua Feliz Homes Hoàng Mai vào thời điểm này? Giá cập nhật T3/2025 trực tiếp từ chủ nhà,"6,1 tỷ",100 m²,61 tr/m²,3,3,"Hoàng Văn Thụ, Hoàng Mai","20.983953075688323, 105.85991421627722"
40315393,07/03/2025,"Chuyển nhượng căn hộ 3PN Feliz Homes Hoàng Mai, giá tốt, nội thất đẹp 100.4m2 - 6.5 tỷ - 0977 636 ***","6,5 tỷ","100,4 m²","64,74 tr/m²",3,2,"Hoàng Văn Thụ, Hoàng Mai","20.9848365783691, 105.859855651855"
40012556,07/03/2025,"Giảm chào 300tr, bán gấp căn 3PN Feliz Home Hoàng Mai, 110m2 2 mặt thoáng, full nội thất, giá 7.1tỷ","7,1 tỷ",110 m²,"64,54 tr/m²",3,2,"Hoàng Văn Thụ, Hoàng Mai","20.9848365783691, 105.859855651855"
40581297,07/03/2025,"BQL toà nhà X2 Đại Kim cập nhật tháng 02/2025, giá chuẩn, không đăng ảo câu view",Giá thỏa thuận,86 m²,N/A,2,2,"Đại Kim, Hoàng Mai","20.9764270782471, 105.82543182373"
38687446,07/03/2025,"Giá tốt nhất! Căn hộ OCT1 X1 Bắc Linh Đàm, cạnh trường Bill Gate, 44m2*2PN 1VS","2,7 tỷ",44 m²,"61,36 tr/m²",2,1,"Đại Kim, Hoàng Mai","20.97145652771, 105.828170776367"
42365390,07/03/2025,Chính Chủ Cần Bán Căn Hoa Hậu x2 Đại Kim Siêu đẹp 0929 656 ***,Giá thỏa thuận,86 m²,N/A,3,2,"Đại Kim, Hoàng Mai","20.976547221204534, 105.82561244402818"
38124944,07/03/2025,"Bán CHCC @Home 987 Tam Trinh. DT:67m2 2PN + 2WC. Giá: 4,1 tỷ có TL. LH: 0964 835 ***","4,1 tỷ",67 m²,"61,19 tr/m²",2,2,"Yên Sở, Hoàng Mai","20.97993278503418, 105.86463165283203"
36653003,07/03/2025,"Bán CH N02. X. 17 thanh toán tiến độ. DT 101m2, ban công ĐN 3 ngủ căn góc đẹp view công viên bể bơi",Giá thỏa thuận,101 m²,N/A,3,2,"Hoàng Liệt, Hoàng Mai","20.9585018157959, 105.826347351074"
40872402,07/03/2025,Bán căn hộ officetel (50 năm) diện tích 123m2 chung cư Geleximco 897 Giải Phóng,"5,3 tỷ",123 m²,"43,09 tr/m²",2,2,"Giáp Bát, Hoàng Mai","20.9795379638672, 105.841613769531"
41964658,07/03/2025,"Căn hộ CC Osaka Complex - 48 Ngọc Hồi, 71m2, 2PN rộng, giá 3,4 tỷ (giá tốt)","3,4 tỷ",71 m²,"47,89 tr/m²",2,2,"Hoàng Liệt, Hoàng Mai","20.9596274862847, 105.837794304146"
39105528,07/03/2025,"Bán CHCC Hateco Yên Sở - Hoàng Mai. DT: 105m2, 3PN + 2WC. Giá: 5,1 tỷ. Lh: 0964 835 ***","5,1 tỷ",105 m²,"48,57 tr/m²",3,2,"Yên Sở, Hoàng Mai","20.9627342224121, 105.86434173584"
41482377,07/03/2025,Chính chủ đầu tư bán suất ngoại giao tòa chung cư X2 Đại Kim được chọn căn tầng khi mua,Giá thỏa thuận,86 m²,N/A,2,N/A,"Đại Kim, Hoàng Mai","20.97642707824707, 105.82543182373047"
41748849,07/03/2025,Bán căn hoa hậu 2 PN 80m2 Sunshine Palace giá chỉ 5tỷ480 đã có sổ đỏ - Em Long 0355 863 ***,"5,48 tỷ",85 m²,"64,47 tr/m²",2,2,"Mai Động, Hoàng Mai","20.9901828765869, 105.868659973145"
41960798,07/03/2025,"Bán căn hộ 3PN, 2WC 115m2 8tỷ280 Sunshine Palace 13 lĩnh nam - em Long 0355 863 ***","8,28 tỷ",115 m²,72 tr/m²,3,2,"Mai Động, Hoàng Mai","20.99081127932473, 105.8680793205466"
41562291,07/03/2025,Chuyển nhượng căn 2PN Sunshine Palace giá 5tỷ580 rẻ nhất dự án sẵn load xe oto - Em Long 0355 863 ***,"5,58 tỷ",85 m²,"65,65 tr/m²",2,2,"Mai Động, Hoàng Mai","20.990182876586914, 105.86865997314453"
42282263,07/03/2025,"Chủ nhà nhà cần bán gấp căn hộ 69m2 thiết kế 2PN, 2WC tầng trung nhà nội thất cao cấp chung Bea Sky","4,5 tỷ",69 m²,"65,22 tr/m²",2,2,"Đại Kim, Hoàng Mai","20.974562393121982, 105.82118784117513"
42312037,07/03/2025,"Quỹ căn bán 2PN-3PN giá tốt nhất thị trường Green Park, sổ đỏ lâu dài chỉ từ 3.x tỷ. LH: 0949 650 ***",Giá thỏa thuận,99 m²,N/A,3,2,"Hoàng Liệt, Hoàng Mai","20.959041463517664, 105.84661453299204"
42232661,07/03/2025,"Quỹ căn bán giá tốt nhất Eco Lake View 2N - 3N, từ 76m- 106m chỉ từ hơn 4 tỷ. LH: 0949 650 ***",Giá thỏa thuận,76 m²,N/A,2,2,"Đại Kim, Hoàng Mai","20.973326874780394, 105.8392176243283"
42364637,07/03/2025,"Cần bán căn hộ 2 ngủ 63m tại Geleximco- 897 Giải Phóng, liên hệ: 0368 945 ***",Giá thỏa thuận,"62,5 m²",N/A,2,2,"Giáp Bát, Hoàng Mai","20.979313456797385, 105.84158166964896"
42197497,07/03/2025,"Bán căn 2 ngủ tầng trung rẻ đẹp nhất dự án Melody, Hoàng Mai","3,6 tỷ","74,26 m²","48,48 tr/m²",2,2,"Hoàng Liệt, Hoàng Mai","20.958294572313008, 105.82562135422405"
42364489,07/03/2025,"Bán chung cư Phương Đông, chính chủ 02PN, 02 VS cực đẹp","3,7 tỷ",57 m²,"64,91 tr/m²",2,2,"Hoàng Liệt, Hoàng Mai","20.9587688446045, 105.846313476563"
40140415,07/03/2025,"Siêu phẩm đẹp long lanh tại HH2 Linh Đàm, nhà mới tinh, vuông vắn, thoáng mát quanh năm","1,65 tỷ",48 m²,"34,38 tr/m²",2,1,"Hoàng Liệt, Hoàng Mai","20.964334487915, 105.827293395996"
42267022,07/03/2025,"Mở bán căn hộ căn 3PN, 87.4m2 giá rẻ nhất dự án Melody Linh Đàm, 4,55 tỷ. LH: 0902 030 ***","4,55 tỷ","87,4 m²","52,06 tr/m²",3,2,"Hoàng Liệt, Hoàng Mai","20.9579598516527, 105.82683749772"
42364148,07/03/2025,"Cần tiền bán gấp nhà ở xã hội 66m 2 ngủ view hồ
chung cư HH Linh đàm giá tốt lh 0967 070 ***","2,48 tỷ",66 m²,"37,58 tr/m²",2,2,"Hoàng Liệt, Hoàng Mai","20.964548271714985, 105.82711665768184"
42364098,07/03/2025,"Bán căn hộ 76m2 Nơ Bán Đảo Linh Đàm ,Hoàng Mai,Hà Nội.Giá 4 tỷ 390.Sổ đỏ -Hỗ trợ vay.LH:0915 057 ***","4,39 tỷ",76 m²,"57,76 tr/m²",3,2,"Hoàng Liệt, Hoàng Mai","20.9642880548493, 105.831940659373"
42364051,07/03/2025,"BÁN CĂN HỘ CHUNG CƯ K35 TÂN MAI, HOÀNG MAI, HÀ NỘI - 73M2","4,95 tỷ",73 m²,"67,81 tr/m²",2,2,"Hoàng Văn Thụ, Hoàng Mai","20.9875777927523, 105.858700472604"
41241910,07/03/2025,"Quỹ căn tầng đẹp giá tốt dự án trung tâm Hà Nội Melody giá từ 5x, full nội thất, vay NH 0%, ck 8%",Giá thỏa thuận,95 m²,N/A,3,N/A,"Hoàng Liệt, Hoàng Mai","20.9585018157959, 105.826347351074"
42363804,07/03/2025,"Bán chung cư VP5 Linh Đàm, 3,4 tỷ, 62m2, số đỏ, nhiều tiện ích Lh 0978 331 ***","3,4 tỷ",62 m²,"54,84 tr/m²",2,2,"Hoàng Liệt, Hoàng Mai","20.962811570868688, 105.83200888400226"
42363753,07/03/2025,"Bán Căn hộ chung cư HH1 Linh Đàm, 2,1 tỷ, 56m2, 2PN, 2WC, đầy đủ nội thất","2,1 tỷ",56 m²,"37,5 tr/m²",2,2,"Hoàng Liệt, Hoàng Mai","20.964582585346832, 105.82650889625279"
42363713,07/03/2025,Bán nhanh căn hộ CC Kim Văn Kim Lũ - cạnh Viện Kiểm Định Vaxin - đối diện CV Chu Văn An,"3,1 tỷ",65 m²,"47,69 tr/m²",2,2,"Đại Kim, Hoàng Mai","20.973378952394523, 105.81948444734034"
42363674,07/03/2025,"Bán căn hộ CT5 - X2 Linh Đàm tại Nguyễn Phan Chánh, 4,7 tỷ, 80m2, 3PN, 2WC, pháp lý sổ đỏ","4,7 tỷ",80 m²,"58,75 tr/m²",3,2,"Hoàng Liệt, Hoàng Mai","20.971796934010403, 105.82795188743621"
42232155,07/03/2025,Bán 3 ngủ sân vườn full nội thất sang trọng view bể bơi cực đẹp - Feliz Homes Hoàng Mai,"7,8 tỷ",120 m²,65 tr/m²,3,2,"Hoàng Văn Thụ, Hoàng Mai","20.984660097344825, 105.86053018395555"
42216167,07/03/2025,"Bán căn góc 3 ngủ full nội thất ban công Đông Nam cực đẹp Feliz Homes, tầng trung view cực thoáng","7,3 tỷ",115 m²,"63,48 tr/m²",3,2,"Hoàng Văn Thụ, Hoàng Mai","20.985253105676833, 105.85968982227494"
42243601,07/03/2025,"VP5 căn 45m2 nhà đẹp, cảnh quan hồ công viên cây xanh Bán Đảo Linh Đàm LH 0978 331 ***","2,1 tỷ",45 m²,"46,67 tr/m²",2,1,"Hoàng Liệt, Hoàng Mai","20.963513145594096, 105.8313131722441"
42363696,07/03/2025,"Chính chủ cần bán gấp căn hộ chung cư Mandarin, 99 Tân Mai, Hoàng Mai 80m2 2PN full đồ 6.3 tỷ","6,3 tỷ",80 m²,"78,75 tr/m²",2,2,"Tân Mai, Hoàng Mai","20.9833590140339, 105.846787897653"
42363500,07/03/2025,"Bán căn hộ 103m chung cư cao cấp D1 - CT2 Tây Nam Linh Đàm, Hoàng Mai, sổ đỏ chính chủ","6,1 tỷ",103 m²,"59,22 tr/m²",3,2,"Đại Kim, Hoàng Mai","20.985610228393835, 105.80714617878608"
42363396,07/03/2025,"Chủ gửi bán nhanh căn cc 70.32m2 tại HH Linh Đàm Hoàng Liệt Hoàng Mai giá chỉ 2,7xx tỷ",Giá thỏa thuận,"70,32 m²",N/A,2,2,"Hoàng Liệt, Hoàng Mai","20.9646273988766, 105.826284089069"
42363282,07/03/2025,BÁN CHUNG CƯ HH LINH ĐÀM 46M2 - NỘI THẤT ĐẦY ĐỦ,"1,93 tỷ",46 m²,"41,96 tr/m²",1,1,"Hoàng Liệt, Hoàng Mai","20.96325565671775, 105.82764013762947"
42363349,07/03/2025,"Bán căn hộ Eco Lake View, 4,81 tỷ, 75m2, 2PN, 2WC, Tầng đẹp view Hồ","4,81 tỷ",75 m²,"64,13 tr/m²",2,2,"Đại Kim, Hoàng Mai","20.9730362311684, 105.837835895034"
42363196,07/03/2025,"Bán Căn hộ chung cư HH2 Linh Đàm, 3,08 tỷ, 76m2, hàng hiếm tại Hoàng Liệt, Hoàng Mai, Hà Nội","3,08 tỷ",76 m²,"40,53 tr/m²",3,2,"Hoàng Liệt, Hoàng Mai","20.963856670681967, 105.82776484325697"
39092970,07/03/2025,"Bán chung cư Định Công, Hoàng Mai 70m2, 2 ngủ, 2 vệ sinh, nội thất 400 triệu, slot ô tô, 4 tỷ 500","4,5 tỷ",70 m²,"64,29 tr/m²",2,2,"Định Công, Hoàng Mai","20.9827823638916, 105.834381103516"
39494283,07/03/2025,"Bán chung cư 176 Định Công 106m2, 3 ngủ, 2 vs, nội thất 450 triệu, slot oto, bao thuế phí, 6 tỷ 700","6,7 tỷ",106 m²,"63,21 tr/m²",3,2,"Định Công, Hoàng Mai","20.9827823638916, 105.834381103516"
41535018,07/03/2025,Chính chủ bán căn góc phụ 2 phòng ngủ full nội thất đẹp tại HH Linh Đàm giá vô cùng tốt 0965 289 ***,"2,4 tỷ",56 m²,"42,86 tr/m²",2,2,"Hoàng Liệt, Hoàng Mai","20.9647350311279, 105.826362609863"
42141836,07/03/2025,"Gia đình cần bán gấp căn 2PN CC Eco Lake View - 32 Đại Từ giá chỉ hơn 4 tỷ, liên hệ: 0904 250 ***","4,4 tỷ",74 m²,"59,46 tr/m²",2,2,"Đại Kim, Hoàng Mai","20.9730930328369, 105.838371276855"
39516789,07/03/2025,"Cần bán gấp căn hộ chung cư Melody Linh Đàm. Diện tích 74m2, vay LS 0% trong 24 tháng, giá 4 tỷ","3,6 tỷ",74 m²,"48,65 tr/m²",2,2,"Hoàng Liệt, Hoàng Mai","20.9586202185781, 105.825794689458"
42362914,07/03/2025,Cần bán 2 phòng tòa HH1 Linh Đàm Hoàng Mai chỉ 1 tỷ 820 triệu có hỗ trợ vay đến 70%.LH:0915 057 ***,"1,82 tỷ",48 m²,"37,92 tr/m²",2,1,"Hoàng Liệt, Hoàng Mai","20.9644240490098, 105.82638938926"
42203680,07/03/2025,NHANH TAY SỞ HỮU NGAY CĂN HỘ 62M2  CC THE ONE GAMUDA CHỈ NHỈNH 4 TỶ,"4,3 tỷ",62 m²,"69,36 tr/m²",2,2,"Định Công, Hoàng Mai","20.982946030812283, 105.83243191100168"
42262353,07/03/2025,CHÍNH CHỦ BÁN CĂN HỘ 3 NGỦ HUD8 . D1-CT2 TÂY NAM LINH ĐÀM DT 97M LH 0857 999 ***,"6,1 tỷ",97 m²,"62,88 tr/m²",3,2,"Hoàng Liệt, Hoàng Mai","20.964437523724694, 105.82444040060629"
42362729,07/03/2025,"Bán CC 3PN 2WC tại Hà Nội Melody Residences, giá cực chất 63 triệu/m2, 106m2","6,68 tỷ",106 m²,63 tr/m²,3,2,"Hoàng Liệt, Hoàng Mai","20.958703414897904, 105.82425746705758"
41433049,07/03/2025,"Bán căn hộ Rice City Linh Đàm, 4,1 tỷ VND, 67m2, 2 PN, 2 PT, view đẹp","4,1 tỷ",67 m²,"61,19 tr/m²",2,2,"Hoàng Liệt, Hoàng Mai","20.964601772052838, 105.82279126973701"
41928346,07/03/2025,"Bán căn hộ Rice City Linh Đàm, 3,75 tỷ, 63m2, 2PN + 2WC, hướng Đông Bắc, giá siêu hời","3,75 tỷ",63 m²,"59,52 tr/m²",2,2,"Hoàng Liệt, Hoàng Mai","20.964510732947357, 105.82299138979229"
41414067,07/03/2025,"Bán căn hộ đẹp tại Rice City Linh Đàm - giá tốt nhất chỉ 3,5 tỷ - 62,5m2","3,5 tỷ","62,5 m²",56 tr/m²,2,2,"Hoàng Liệt, Hoàng Mai","20.963834762573242, 105.82245635986328"
42362581,07/03/2025,"( Căn Mới ) Bán căn hộ chung cư Feliz Homes, Hoàng Văn Thụ, 5,4 tỷ, 77m2 thiện chí vào việc nhanh","5,4 tỷ",77 m²,"70,13 tr/m²",2,2,"Hoàng Văn Thụ, Hoàng Mai","20.98415417084972, 105.85982410726007"
42152548,07/03/2025,"BÁN CĂN 2PN GIÁ TỐT TÒA HH LINH ĐÀM, HOÀNG MAI.LH-0982 511 ***","2,46 tỷ",63 m²,"39,05 tr/m²",2,2,"Hoàng Liệt, Hoàng Mai","20.964664074081966, 105.82639583606216"
41696570,07/03/2025,"Căn cực hiếm, chỉ 2.63 tỷ sở hữu ngay căn hộ 54,3m2 2N2VS tại chung cư Kim Văn Kim Lũ","2,63 tỷ","54,3 m²","48,44 tr/m²",2,2,"Đại Kim, Hoàng Mai","20.973291397094727, 105.82000732421875"
41719967,07/03/2025,"Chính chủ cần bán gấp căn hộ 45m2, 1PN, 2VS giá nhỉnh 2 tỷ tòa nhà CT11 Kim Văn Kim Lũ","2,3 tỷ",45 m²,"51,11 tr/m²",1,1,"Đại Kim, Hoàng Mai","20.9732913970947, 105.820007324219"
42362381,07/03/2025,Chính chủ bán căn hộ 3 phòng ngủ sổ đỏ 73m2,"4,44 tỷ",73 m²,"60,82 tr/m²",3,2,"Hoàng Liệt, Hoàng Mai","20.9719288656486, 105.8284288412851"
41169281,07/03/2025,"Em Giang PKD chủ đầu tư quỹ căn 2PN giá tốt nhất thị trường, số lượng có hạn, hỗ trợ vay ngân hàng","3,5 tỷ",79 m²,"44,3 tr/m²",2,2,"Hoàng Liệt, Hoàng Mai","20.9565887451172, 105.844886779785"
42284170,07/03/2025,"Chính chủ bán nhanh căn hộ Vinaconex B Kim Văn Kim Lũ, Hoàng Mai, Hà Nội, diện tích 82m2","5,25 tỷ",82 m²,"64,02 tr/m²",2,2,"Đại Kim, Hoàng Mai","20.973276621330644, 105.81991948652848"
35042445,07/03/2025,"Chính chủ - bán chung cư CT1 Minh Khai - đại học Kinh Tế Quốc Dân, full nội thất, sổ hồng vĩnh viễn",800 triệu,50 m²,16 tr/m²,2,2,"Hoàng Văn Thụ, Hoàng Mai","20.9961581, 105.8618348"
42362644,07/03/2025,"Bán căn hộ chung cư CT36A Định Công DT 72m2 có 2 phòng ngủ + 2wc. Giá 4,25tỷ. LH: 0917 208 ***","4,25 tỷ",72 m²,"59,03 tr/m²",2,2,"Định Công, Hoàng Mai","20.97811438225344, 105.8349544460022"
42211282,07/03/2025,CHÍNH CHỦ CẦN BÁN CĂN HỘ TẠI HH LINH ĐÀM NHÀ NỘI THẤT MỚI TINH Ở NGAY TẦNG THẤP TIỆN ĐI LẠI GIÁ TỐT,"2,68 tỷ",67 m²,40 tr/m²,N/A,N/A,"Hoàng Liệt, Hoàng Mai","20.965076962910302, 105.82696554104993"
42128682,07/03/2025,"Bán chung cư OTC1 X1 DN1 Bắc Linh Đàm, 57m2 thông thủy, căn góc view thoáng mát full nội thất","3,35 tỷ",57 m²,"58,77 tr/m²",2,2,"Đại Kim, Hoàng Mai","20.971381406789025, 105.82761525917155"
42321828,07/03/2025,"Bán CC đẹp xuất sắc tại HH3 Linh Đàm, 2,95 tỷ, 66m2, 2PN, 2WC","2,95 tỷ",66 m²,"44,7 tr/m²",2,2,"Hoàng Liệt, Hoàng Mai","20.9642106887917, 105.828242343015"
42308747,07/03/2025,"Bán gấp căn CC 3PN - căn góc view hồ, mới tinh, giá siêu hời nhỉnh 4 tỷ khu Tây Nam Linh Đàm","4,7 tỷ",78 m²,"60,26 tr/m²",3,2,"Hoàng Liệt, Hoàng Mai","20.96333740357245, 105.82149472827216"
41446935,07/03/2025,"Cần bán chung cư Horizon 87 Lĩnh Nam, diện tích 94m2. 3PN, 2 vệ sinh giá bán: 6.180 tỷ. Có sổ đỏ","6,18 tỷ",94 m²,"65,74 tr/m²",3,2,"Mai Động, Hoàng Mai","20.9886638359417, 105.866264410098"
42362317,07/03/2025,Rẻ nhất khu vực Hoàng Mai! 76m2 3PN 2VS full nội thất giá 3.15 tỷ,"3,15 tỷ",76 m²,"41,45 tr/m²",3,2,"Hoàng Liệt, Hoàng Mai","20.964272109300364, 105.82797427943153"
37289058,07/03/2025,"Bán căn hộ 2 phòng ngủ góc tòa Tropical, full nội thất mới đẹp, nhà mới tinh, giá chỉ 4.8 tỷ","4,8 tỷ",69 m²,"69,56 tr/m²",2,2,"Hoàng Văn Thụ, Hoàng Mai","20.9848365783691, 105.859855651855"
40642561,07/03/2025,"Bán căn hộ toà CT4 Tây Nam Linh Đàm, 85m2, 3 ngủ, giá tốt",Giá thỏa thuận,85 m²,N/A,3,2,"Hoàng Liệt, Hoàng Mai","20.962661743164063, 105.82126617431641"
42361734,07/03/2025,"Bán CC mini 2PN, 1WC tại Đền Lừ, Hoàng Mai, Hà Nội, 1,4 tỷ, 50m2, đẹp, nhiều tiện ích","1,4 tỷ",50 m²,28 tr/m²,2,1,"Hoàng Văn Thụ, Hoàng Mai","20.9852193505271, 105.857754660736"
39804629,07/03/2025,Bán nhanh suất Ngoại Giao căn 2 ngủ Viễn Đông Star - Hoàng Mai giá 3tỉ.x - LH ngay: 0383 543 ***,"3,7 tỷ",85 m²,"43,53 tr/m²",2,2,"Thịnh Liệt, Hoàng Mai","20.9775714874268, 105.842819213867"
42361951,07/03/2025,Nhà quá đẹp ạ. E cần bán căn hộ tại toà HH2. TK: 3PN - 2VS với DT 76m2 - Giá chỉ 3.095tỷ. Nhà đẹp,"3,1 tỷ",76 m²,"40,72 tr/m²",3,2,"Hoàng Liệt, Hoàng Mai","20.964575119012174, 105.82718466815497"
42119817,07/03/2025,"Bán suất ngoại giao chung cư dự án MDHI Linh Đàm, 85m2, 2PN. sổ đỏ đầy đủ chỉ 2.9 tỷ","2,9 tỷ",85 m²,"34,12 tr/m²",2,2,"Hoàng Liệt, Hoàng Mai","20.97155721555141, 105.82747743903077"
42144655,07/03/2025,Bán căn 2 ngủ tại Osaka Complex giá tốt,"3,03 tỷ","60,3 m²","50,25 tr/m²",2,1,"Hoàng Liệt, Hoàng Mai","20.959248847850304, 105.838920421727"
42060754,07/03/2025,"Chính chủ mở bán dự án mới - Khu Minh Khai - Lĩnh Nam ngõ ô tô, 35m2, 50m2 - 0983 169 ***","1,35 tỷ",35 m²,"38,57 tr/m²",1,1,"Lĩnh Nam, Hoàng Mai","20.982005132678, 105.879898348865"
41976162,07/03/2025,"Mới! Bán căn hộ mini Phố Tam Trinh - Lĩnh Nam ngay sau Time City 37m2, 50m2, full đồ",Giá thỏa thuận,37 m²,N/A,1,1,"Lĩnh Nam, Hoàng Mai","20.982409069806, 105.879561253494"
42041562,07/03/2025,Chính chủ bán căn hộ cao cấp giá tốt tại Vinaconex 2 Hoàng Mai 77m2 2PN - 2VS full nội thất,"4,35 tỷ",77 m²,"56,49 tr/m²",2,2,"Đại Kim, Hoàng Mai","20.973318274108, 105.82016908503"
42285212,07/03/2025,3 ngủ 2 vệ sinh toà hh2b vew hồ,"3,08 tỷ",77 m²,40 tr/m²,3,2,"Hoàng Liệt, Hoàng Mai","20.96434610771415, 105.82716964010024"
42315076,07/03/2025,Em cần thanh khoản căn Nơ 7A bán đảo Linh Đàm,"4,8 tỷ",85 m²,"56,47 tr/m²",3,2,"Đại Kim, Hoàng Mai","20.971558740626822, 105.82861701160432"
41687137,07/03/2025,"Bán chung cư tầng thấp Đồng Tàu 53/70m2 2PN 3,05 tỷ thoáng dịch vụ rẻ an sinh","3,05 tỷ",53 m²,"57,55 tr/m²",2,1,"Thịnh Liệt, Hoàng Mai","20.9710753369062, 105.844444517047"
42150573,07/03/2025,Giảm ngay 400tr khi mua CH 106m/3PN tại Melody Linh Đàm giá tốt nhất thị trường Ck 8% HTLS 0% 24 th,"5,94 tỷ",106 m²,56 tr/m²,3,2,"Hoàng Liệt, Hoàng Mai","20.958687510859196, 105.82678595515551"
41529106,07/03/2025,"Bán căn hộ tòa OCT2 DN2 Bắc Linh Đàm 3 phòng ngủ 2 vệ sinh, sổ đỏ chính chủ","4,15 tỷ","79,5 m²","52,2 tr/m²",3,2,"Đại Kim, Hoàng Mai","20.9751648666994, 105.823612558334"
42281424,07/03/2025,"Cần bán căn hộ Bea Sky Đại Kim - Hoàng Mai - Hà Nội - DT69m2 - 2PN - 2WC - giá 4,6tỷ - LH 039426628","4,6 tỷ",69 m²,"66,67 tr/m²",2,2,"Đại Kim, Hoàng Mai","20.97403192088848, 105.82213483063002"
42361082,07/03/2025,Chính chủ cần tiền bán gấp căn 2 ngủ 48m2 chung cư HH Linh Đàm giá tốt LH 0967 070 ***,"1,95 tỷ",48 m²,"40,62 tr/m²",2,1,"Hoàng Liệt, Hoàng Mai","20.96418946722782, 105.82737157242154"
42312646,07/03/2025,Bán căn 2 ngủ đẹp nhất nhì tại Athena Complex Hoàng Mai,"3,2 tỷ",66 m²,"48,48 tr/m²",2,2,"Hoàng Liệt, Hoàng Mai","20.9584278202168, 105.843048473458"
37975540,07/03/2025,Bán CHCC 87 Lĩnh Nam New Horizon City. DT 80m2 2PN 2WC - Đã có sổ đỏ,"5,1 tỷ",80 m²,"63,75 tr/m²",2,2,"Mai Động, Hoàng Mai","20.9894237518311, 105.866561889648"
42336860,07/03/2025,"GĐ cần bán căn góc HUD3 - 60 Nguyễn Đức Cảnh, Tương Mai, Hoàng Mai, Hà Nội. LH: O848123626",Giá thỏa thuận,"90,4 m²",N/A,3,2,"Tương Mai, Hoàng Mai","20.98784113637838, 105.8497600742702"
42361220,07/03/2025,"CC cần bán chung cư A5 Đại Kim, đường Nguyễn Cảnh Dị. DT: 75,5m, 2N + 1VS. LH: 0917 208 ***","3,95 tỷ","75,5 m²","52,32 tr/m²",2,2,"Định Công, Hoàng Mai","20.972788854205007, 105.82072342166933"
42119463,07/03/2025,Chính chủ cần thanh khoản gửi bán căn hộ 2 phòng ngủ 66m2 tại HH Linh Đàm nội thất cao cấp giá tốt,"2,7 tỷ",66 m²,"40,91 tr/m²",2,2,"Hoàng Liệt, Hoàng Mai","20.96471164697285, 105.82702504523344"
40646478,07/03/2025,CC bán CHCC Eco Lake View 32 Đại Từ HM DT 80m2 2ngủ 2WC giá 4.9 tỷ nhà full nội thất LH 0962 552 ***,"4,9 tỷ",80 m²,"61,25 tr/m²",2,2,"Đại Kim, Hoàng Mai","20.9730930328369, 105.838371276855"
42283054,07/03/2025,"Bán căn hộ 2 ngủ 75m2 chung cư K35 Tân Mai, tòa NO2, căn hộ góc, view đẹp full nội thất 0962 552 ***","4,95 tỷ",75 m²,66 tr/m²,2,2,"Tương Mai, Hoàng Mai","20.984079892402697, 105.85188814146917"
40315630,07/03/2025,"CC bán căn hộ CC cao cấp Hateco Hoàng Mai. DT 82m2 giá 4.3tỷ, LH: 0962 552 ***","4,3 tỷ",82 m²,"52,44 tr/m²",3,2,"Yên Sở, Hoàng Mai","20.96273422241211, 105.86434173583984"
30189717,07/03/2025,"Tổng quỹ căn chuyển nhượng (Giá thực) chung cư Geleximco 897 Giải Phóng, LH: 0976 881 ***",Giá thỏa thuận,62 m²,N/A,2,2,"Giáp Bát, Hoàng Mai","20.9795379638672, 105.841613769531"
42350886,07/03/2025,"Bán Căn hộ tòa A chung cư Hateco Hoàng Mai, 3,6 tỷ, 60m2, 2N + 1WC. LH: 0917 208 ***","3,6 tỷ",60 m²,60 tr/m²,2,1,"Yên Sở, Hoàng Mai","20.962583070216276, 105.86461245962958"
42249773,07/03/2025,"Chính chủ bán 2PN 75m2 view đẹp thoáng vĩnh viễn chung cư Vinaconex 2 Đại Kim Hoàng Mai, giá 4,xtỷ",Giá thỏa thuận,75 m²,N/A,2,2,"Đại Kim, Hoàng Mai","20.973221361776996, 105.81934140560341"
42179921,07/03/2025,Chính chủ bán căn hồ Đền Lừ Đông Nam 60m2 full đồ sổ chính chủ,"3,4 tỷ",60 m²,"56,67 tr/m²",2,2,"Hoàng Văn Thụ, Hoàng Mai","20.985583304326397, 105.85935056168957"
42316724,07/03/2025,"Bán CC toà A Đồng Phát - Hoàng Mai. DT 62.5 m2 gồm 2 ngủ 2 wc. Giá 3,8 tỷ LH 0983 873 ***","3,8 tỷ","62,5 m²","60,8 tr/m²",2,2,"Vĩnh Hưng, Hoàng Mai","20.979239879259293, 105.87427817785286"
42360830,07/03/2025,"Bán căn hộ HH1 Linh Đàm, 1,8 tỷ, 48m2, 2PN, 1WC, bao đẹp","1,8 tỷ",48 m²,"37,5 tr/m²",2,1,"Hoàng Liệt, Hoàng Mai","20.965315167671058, 105.82572250432445"
42316328,07/03/2025,"Bán căn hộ chung cư Hateco Yên Sở, Hoàng Mai, HN. View đẹp, đủ nội thất, 105m2 - 3PN - 5.1 tỷ","5,1 tỷ",105 m²,"48,57 tr/m²",3,2,"Yên Sở, Hoàng Mai","20.962217115485227, 105.86484890327054"
42339797,07/03/2025,"Bán căn hộ chung cư Gelexia 885 Tam Trinh - Yên Sở - Hoàng Mai, view Gamuda, 67m2 - 2PN - 4.3 tỷ","4,3 tỷ",67 m²,"64,18 tr/m²",2,2,"Yên Sở, Hoàng Mai","20.972931804045725, 105.86631105086501"
42339767,07/03/2025,Bán căn cực hiếm chung cư toà N9 Đồng Tàu 68m2 - 2PN - 3.57 tỷ. Lh 0933 900 ***,"3,57 tỷ",68 m²,"52,5 tr/m²",2,2,"Thịnh Liệt, Hoàng Mai","20.976826872437, 105.847254866279"
42360671,07/03/2025,"Bán CC Nơ 9 83m2, 4,6 tỷ tại Pháp Vân Tứ Hiệp, Hoàng Mai, Hà Nội","4,6 tỷ",83 m²,"55,42 tr/m²",3,2,"Hoàng Liệt, Hoàng Mai","20.955735106112854, 105.84567227080613"
38534066,07/03/2025,"Chính chủ cần bán căn góc 2PN, 2WC, diện tích 62m2 tòa chung cư 897 Giải Phóng, hướng mát",Giá thỏa thuận,62 m²,N/A,2,2,"Giáp Bát, Hoàng Mai","20.9795379638672, 105.841613769531"
42360246,07/03/2025,Hiếm ACE phải thật nhanh - mặt phố - vỉa hè đá bóng - kinh doanh - lô góc,"8,2 tỷ","50,68 m²","161,8 tr/m²",N/A,N/A,"Đại Kim, Hoàng Mai","20.979418266717, 105.821055740472"
42360170,07/03/2025,"Bán căn hộ 60m CT11 Kim Văn Kim Lũ, full nội thất đẹp","3,2 tỷ",60 m²,"53,33 tr/m²",2,2,"Đại Kim, Hoàng Mai","20.973684055671917, 105.8207261384471"
42360356,07/03/2025,"Chính chủ cần bán căn 2PN, CC T và T 440 Vĩnh Hưng - Hoàng Mai",Giá thỏa thuận,70 m²,N/A,2,2,"Vĩnh Hưng, Hoàng Mai","20.998565943612, 105.880589595861"
42360100,07/03/2025,"Bán căn hộ 60m CT11 Kim Văn Kim Lũ, full nội thất đẹp","3,2 tỷ",60 m²,"53,33 tr/m²",2,2,"Đại Kim, Hoàng Mai","20.973684055671917, 105.8207261384471"
40324040,07/03/2025,Chính chủ - bán chung cư A1 Minh Khai - Đại La - Đại học kinh tế quốc dân - full nội thất,800 triệu,35 m²,"22,86 tr/m²",N/A,N/A,"Thịnh Liệt, Hoàng Mai","20.9753235144334, 105.841046688237"
42217582,07/03/2025,"Bán gấp CC đẹp xuất sắc 89m2 2PN+2WC tại Hà Nội Melody Linh Đàm, 60 triệu/m2. tặng 1 cây vàng","5,34 tỷ",89 m²,60 tr/m²,2,2,"Hoàng Liệt, Hoàng Mai","20.95848122398009, 105.82621574227262"
42342505,07/03/2025,"Quỹ căn hộ 3PN chính chủ gửi bán, pháp lý rõ ràng, giá từ 5 tỷ tại Bea Sky Nguyễn Xiển: 0969 029 ***","5,53 tỷ",84 m²,"65,83 tr/m²",3,2,"Đại Kim, Hoàng Mai","20.9733069843665, 105.82159169190092"
37748609,07/03/2025,"Chị gái mình cần bán gấp căn 2PN 81m2 - Full nội thất làm rất đẹp, tầng trung, ban công hướng mát","5,5 tỷ",81 m²,"67,9 tr/m²",2,2,"Hoàng Văn Thụ, Hoàng Mai","20.9848365783691, 105.859855651855"
42232541,07/03/2025,"Gia đình cần bán căn 2PN ban công Đông Nam, 81m2 tầng trung đẹp rộng nhất Feliz Homes Hoàng Mai","5,1 tỷ",81 m²,"62,96 tr/m²",2,2,"Hoàng Văn Thụ, Hoàng Mai","20.985048337724848, 105.85992929289246"
42359168,07/03/2025,"Bán căn hộ chung cư Hồ Đền lừ, 50m2, 02 ngủ, full nội thất, chỉ 1.42 tỷ","1,42 tỷ",50 m²,"28,4 tr/m²",2,1,"Hoàng Văn Thụ, Hoàng Mai","20.9852585287538, 105.858586926194"
42359754,07/03/2025,"Căn hộ 75m2, 4,5 tỷ tại tòa Nơ 7 Bán đảo Linh Đàm, Hoàng Mai, Hà Nội, hàng hiếm giá cực chất","4,5 tỷ",75 m²,60 tr/m²,3,2,"Hoàng Liệt, Hoàng Mai","20.97149855170378, 105.82840564254676"
42359121,07/03/2025,"Bán căn hộ 3 phòng ngủ, diện tích 126.3m2, đầy đủ nội thất giá rẻ nhất khu vực","6,4 tỷ","126,3 m²","50,67 tr/m²",4,2,"Đại Kim, Hoàng Mai","20.971376756775, 105.839633378122"
42359477,07/03/2025,"Ngoại giao CĐT căn hộ 2 ngủ 2WC 68m2, CK 400tr, HTLS 24 tháng","4,5 tỷ",68 m²,"66,15 tr/m²",2,2,"Hoàng Liệt, Hoàng Mai","20.958429362942667, 105.82616253326194"
42359035,07/03/2025,Bán nhanh căn góc tầng trung thoáng ở Linh Đàm cạnh Rice City HUD xây dựng 2016 2.67 tỷ bao mọi phí,"2,67 tỷ",41 m²,"65,12 tr/m²",2,1,"Hoàng Liệt, Hoàng Mai","20.96444244359639, 105.82210129582204"
42359042,07/03/2025,"Bán căn hộ 3PN + 1, diện tích 124m2, đầy đủ nội thất giá rẻ nhất khu vực","6,4 tỷ",124 m²,"51,61 tr/m²",4,2,"Đại Kim, Hoàng Mai","20.971142179610574, 105.8385841826528"
42359297,07/03/2025,"BÁN CĂN GÓC SỔ ĐỎ - TẦNG TRUNG - 93M - 3PN/2WC - NỘI THẤT ĐẸP - NEW HORIZON CITY, 87 LĨNH NAM","6,2 tỷ",93 m²,"66,67 tr/m²",3,2,"Mai Động, Hoàng Mai","20.98952511844759, 105.86669972449822"
42359409,07/03/2025,"Chủ nhà nhờ bán căn hộ CC Gelexia 885 Tam Trinh, 3,9 tỷ, 67m2, 2PN 2VS, LH 0936 358 ***","3,9 tỷ",67 m²,"58,21 tr/m²",2,2,"Yên Sở, Hoàng Mai","20.9736159180273, 105.86627718418197"
42296238,07/03/2025,Ảnh thật căn hộ. Căn góc 3PN 2VS 2 ban công trục đẹp nhất Hateco Hoàng Mai - giá 4. X tỷ 0972 663 ***,"4,75 tỷ",90 m²,"52,78 tr/m²",3,2,"Yên Sở, Hoàng Mai","20.9631175162932, 105.86481702154774"
42095227,07/03/2025,Mua ngay!!! Căn hộ 3pn tại CT4AX2 Linh Đàm- Thiết kế hiện đại- Đầy đủ tiện ích!,"4,65 tỷ",90 m²,"51,67 tr/m²",3,2,"Hoàng Liệt, Hoàng Mai","20.965540291585, 105.828231387939"
42222326,07/03/2025,"Bán căn 3PN - 88,3m2 sử dụng, view sông Hồng cầu Vĩnh Tuy, giá bán 6,150 tỷ. LH: 0813 489 ***","6,15 tỷ","88,3 m²","69,65 tr/m²",3,2,"Vĩnh Hưng, Hoàng Mai","20.99890275531272, 105.88087064451238"
42359109,07/03/2025,"Chính chủ nhờ bán CC Đền Lừ giá 3,1 tỷ, 58m2, 2PN, nội thất mới, LH 0936 358 ***","3,1 tỷ",58 m²,"53,45 tr/m²",2,2,"Hoàng Văn Thụ, Hoàng Mai","20.984788527933443, 105.85992404810092"
42359091,07/03/2025,"Bán căn hộ 2 phòng ngủ, diện tích 62m ban công đông nam full nội thất chung cư VP6 Linh Đàm","2,58 tỷ",62 m²,"41,61 tr/m²",2,2,"Thịnh Liệt, Hoàng Mai","20.9672768570846, 105.8328768829"
42100797,07/03/2025,Bán căn 2 ngủ Helios 75 Tam Trinh - tầng trung hướng mát,"4,5 tỷ",66 m²,"68,18 tr/m²",2,2,"Mai Động, Hoàng Mai","20.9942434459441, 105.86267249929956"
42146561,07/03/2025,Bán căn hộ sân vườn 114m2 - ban công Đông view bể bơi cực đẹp tại Feliz Homes,"7,8 tỷ",114 m²,"68,42 tr/m²",3,2,"Hoàng Văn Thụ, Hoàng Mai","20.984641992702535, 105.86046309937285"
42358851,07/03/2025,"Bán CC Đồng Phát 431 Tam Trinh, giá 3,8 tỷ, 71m2, 2PN 2VS, nội thất đẹp","3,8 tỷ",71 m²,"53,52 tr/m²",2,2,"Vĩnh Hưng, Hoàng Mai","20.98011084840477, 105.8741364209556"
41820787,07/03/2025,Chính chủ cần bân căn N04.2x.16 73.67m2 thông thuỷ giá 56 triệu/m2 thu về nét full 100%,"4,13 tỷ","73,67 m²",56 tr/m²,2,2,"Hoàng Liệt, Hoàng Mai","20.9585018157959, 105.826347351074"
42290279,07/03/2025,"Bán CC Vật Tu Du Lịch đẹp, 4,4 tỷ, 75m2 tại Trần Thủ Độ, Hoàng Liệt, Hoàng Mai, Hà Nội","4,4 tỷ",75 m²,"58,67 tr/m²",2,2,"Hoàng Liệt, Hoàng Mai","20.9581260709902, 105.8466513978"
42289981,07/03/2025,"Bán CC Gelexia Riverside, 4,65 tỷ, 68m2, 2PN, 2WC, có sẵn slots oto. LH: 0917 208 ***","4,65 tỷ",68 m²,"68,38 tr/m²",2,2,"Yên Sở, Hoàng Mai","20.97356083261376, 105.86688641040371"
42358532,07/03/2025,Chính chủ cần bán căn 2PN CC Helios 75 Tam Trinh,Giá thỏa thuận,60 m²,N/A,2,2,"Mai Động, Hoàng Mai","20.994836661651846, 105.86271018269449"
42321074,07/03/2025,"Cần bán gấp căn hộ chung cư Smile Building số 1 Nguyễn Cảnh Dị, 75m2, 2PN 2VS, full đồ, có slot ôtô","5,5 tỷ",75 m²,"73,33 tr/m²",2,2,"Đại Kim, Hoàng Mai","20.9784752517326, 105.836449503957"
42225288,07/03/2025,"Bán nhanh căn 2 ngủ 76m tại eco lake rẻ nhất thị trường, giá: 4.6 tỷ. LH: 0826 465 ***","4,6 tỷ",76 m²,"60,53 tr/m²",2,2,"Đại Kim, Hoàng Mai","20.97384005058717, 105.8386150106402"
42338328,07/03/2025,Cần tiền bán gấp căn hộ Rice City Linh Đàm thiết kế 2PN2Wc giá rẻ.,4 tỷ,64 m²,"62,5 tr/m²",2,2,"Hoàng Liệt, Hoàng Mai","20.96422189982, 105.822121497179"
42280171,07/03/2025,"Tập thể Giải Phóng, tầng 2, 96m2, căn góc, 3 phòng ngủ, 2 ban công, nhỉnh 3 tỷ","3,65 tỷ",96 m²,"38,02 tr/m²",3,2,"Giáp Bát, Hoàng Mai","20.9836988993482, 105.841036821293"
42301118,07/03/2025,"TÔI CẦN TIỀN MUỐN Cần bán gấp CHCC 54m2 Rice- city , Hoàng Mai, Linh Đàm","3,38 tỷ",54 m²,"62,59 tr/m²",3,2,"Hoàng Liệt, Hoàng Mai","20.963300228531153, 105.82170227092263"
42358057,07/03/2025,"Bán CC @Homes 987 Tam Trinh, giá 3,6 tỷ, 65m2, 2PN, 2VS. Nhà Căn Góc đẹp, LH 0936 358 ***","3,6 tỷ",65 m²,"55,38 tr/m²",2,2,"Yên Sở, Hoàng Mai","20.9797764811074, 105.864904826265"
41306614,07/03/2025,"Chính chủ bán căn hộ chung cư HH1C Linh Đàm, Hoàng Mai, Hà Nội","2,63 tỷ",56 m²,"46,96 tr/m²",2,2,"Hoàng Liệt, Hoàng Mai","20.96473503112793, 105.82636260986328"
41995186,07/03/2025,Chính chủ bán căn hộ chung cư No bán đảo Linh Đàm. 2N,"3,25 tỷ",60 m²,"54,17 tr/m²",2,1,"Hoàng Liệt, Hoàng Mai","20.9714153961461, 105.828214270633"
42357610,07/03/2025,Nhỉnh 3 tỷ có ngay căn sổ đỏ rộng 80m2 tại Hoàng Mai,"3,39 tỷ",80 m²,"42,38 tr/m²",2,2,"Yên Sở, Hoàng Mai","20.96322241649799, 105.86480759519796"
42186293,07/03/2025,Chính chủ bán nhanh căn hộ 2PN 2VS Thanh Bình Garden - Giá nét 4.3 tỷ bao phí - full cả đồ điện tử,"4,3 tỷ",60 m²,"71,67 tr/m²",2,2,"Định Công, Hoàng Mai","20.977814747752738, 105.83600673867366"
42357631,07/03/2025,"DUY NHẤT CĂN 3PN DIỆN TÍCH 120m2 GIÁ 58TR/M2 , KÝ TRỰC TIẾP CĐT. BAN CÔNG ĐÔNG NAM , HTLS 24 THÁNG","6,96 tỷ",120 m²,58 tr/m²,3,2,"Hoàng Liệt, Hoàng Mai","20.958300760586027, 105.82646788528533"
40956307,07/03/2025,Chính chủ bán CC Vĩnh Hoàng 55m2 2PN giá 2.95 tỷ lô góc view hồ cực đẹp LH 0978 721 ***,"2,95 tỷ",55 m²,"53,64 tr/m²",2,1,"Vĩnh Hưng, Hoàng Mai","20.9800987243652, 105.874244689941"
42300313,07/03/2025,Thông tin chi tiết - căn góc 3 ngủ 2 WC / full nội thất / toà CT5X2 Bắc Linh Đàm,"4,7 tỷ",78 m²,"60,26 tr/m²",3,2,"Hoàng Liệt, Hoàng Mai","20.9716293716836, 105.827781410991"
42329321,07/03/2025,Ngoại giao CĐT quỹ căn 2 ngủ+ 89m2 dự án Hà Nội Melody Linh Đàm,"4,8 tỷ",89 m²,"53,93 tr/m²",3,2,"Hoàng Liệt, Hoàng Mai","20.957862422054877, 105.82582334992823"
42175282,07/03/2025,"Bán Căn hộ chung cư tại KĐT Linh Đàm, 4,95 tỷ, 93 m2, chỉ với giá siêu hời","4,95 tỷ",93 m²,"53,23 tr/m²",3,2,"Đại Kim, Hoàng Mai","20.971333386745293, 105.82809220329379"
42326632,07/03/2025,Chị em có căn góc chung cư HUD Tây Nam Linh Đàm muốn bán giá 2.85 tỷ! 50m2 / 2 ngủ / 1 WC / Sổ 2018,"2,85 tỷ",50 m²,57 tr/m²,2,1,"Hoàng Liệt, Hoàng Mai","20.96332975481901, 105.82090477607859"
41787236,07/03/2025,Bán căn 3 ngủ Hà Nội Melody hướng Nam giá 5.4 tỷ full nội thất cao cấp - còn 1 căn duy nhất,"5,4 tỷ",87 m²,"62,07 tr/m²",3,2,"Hoàng Liệt, Hoàng Mai","20.9589351026549, 105.825956756776"
42357695,07/03/2025,0961 505 *** - Bán căn góc chung cư KĐT Đại Kim - Nguyễn Cảnh Dị - 80m2 x 2PN - 3.89 tỷ,"3,89 tỷ",80 m²,"48,62 tr/m²",2,1,"Đại Kim, Hoàng Mai","20.97320565978131, 105.82014019774105"
41938249,07/03/2025,"Soi giá tăng trưởng dự án Hà Nội Melody, tiềm năng phía Nam Hà Nội có gì khiến nhà đầu tư săn đón","4,5 tỷ",89 m²,"50,55 tr/m²",2,2,"Hoàng Liệt, Hoàng Mai","20.9589752764298, 105.825953301889"
41938512,07/03/2025,Tại sao nên lựa chọn căn hộ 3PN diện tích 89m2 thay vì căn 100m2 tại Hà Nội Melody Residences,"5,07 tỷ",89 m²,57 tr/m²,3,2,"Hoàng Liệt, Hoàng Mai","20.957985894751584, 105.82695904470089"
41796196,07/03/2025,"Chung cư CT9 Bộ Công An phố Kim Giang - Hoàng Mai. Tầng cao view thoáng, lô góc 2 ban công - 2 ngủ","4,75 tỷ",80 m²,"59,38 tr/m²",2,2,"Đại Kim, Hoàng Mai","20.9788260157991, 105.821292709757"
41925758,07/03/2025,"Còn 1 duy nhất căn 3PN Hà Nội Melody 56tr/m2 view hồ công viên, quà tặng 1 cây vàng","4,98 tỷ",89 m²,56 tr/m²,3,2,"Hoàng Liệt, Hoàng Mai","20.958498135256015, 105.8263281394216"
42357548,07/03/2025,"Bán CC DT 66m2 2 ngủ 2 WC tại chung cư Vật Tư Du Lịch - 8 Trần Thủ Độ, chỉ 3,68 tỷ. LH 0983 873 ***","3,68 tỷ",66 m²,"55,76 tr/m²",2,2,"Hoàng Liệt, Hoàng Mai","20.961764078301137, 105.84535569281675"
41229484,07/03/2025,Em Huy cần bán suất ngoại giao căn hộ Hanoi Melody 74 m2 thông thuỷ đáng mua nhất quận Hoàng Mai,"3,9 tỷ",74 m²,"52,7 tr/m²",2,2,"Hoàng Liệt, Hoàng Mai","20.9585018157959, 105.82634735107422"
41516025,07/03/2025,"Chính chủ cần bán gấp căn hộ chung cư Mandarin, 99 Tân Mai, Hoàng Mai 80m2 2PN full đồ 6.3 tỷ","6,3 tỷ",98 m²,"64,29 tr/m²",2,2,"Tân Mai, Hoàng Mai","20.9838600158691, 105.846603393555"
42357297,07/03/2025,"Bán chung cư CT9 Định Công - 80m2, 3 phòng ngủ, 2 WC, căn góc, tặng toàn bộ nội thất, giá 4,8 tỷ","4,8 tỷ",80 m²,60 tr/m²,3,2,"Định Công, Hoàng Mai","20.98604484886951, 105.83237116948784"
42357341,07/03/2025,Chính chủ cần bán gấp căn hộ 75m chung cư Ecolake View Đại Từ,"4,7 tỷ",75 m²,"62,67 tr/m²",2,3,"Đại Kim, Hoàng Mai","20.973823916575373, 105.83851112731092"
42357316,07/03/2025,Bán căn hộ 75m2 chung cư Ecolake View Đại Từ,"4,88 tỷ",75 m²,65 tr/m²,2,2,"Đại Kim, Hoàng Mai","20.972787511967443, 105.83852605031908"
41986014,07/03/2025,"Nhỉnh 50tr bán căn 3 ngủ Đông Nam view nội khu tầng trung hướng Đông Nam, full nội thất","5,99 tỷ",108 m²,"55,5 tr/m²",3,2,"Hoàng Liệt, Hoàng Mai","20.958546433639633, 105.82568384875056"
41418386,07/03/2025,Bán căn hộ 68m2 chung cư Gelexia 885 Tam Trinh - Yên Sở - Hoàng Mai,"4,3 tỷ",68 m²,"63,24 tr/m²",2,2,"Yên Sở, Hoàng Mai","20.9736022368624, 105.866511952642"
42323484,07/03/2025,"Bán căn hộ chung cư bán đảo Linh Đàm, Hoàng Mai 75m2, 2PN nội thất xịn, 4.4 tỷ có sổ đỏ","4,4 tỷ",75 m²,"58,67 tr/m²",2,2,"Hoàng Liệt, Hoàng Mai","20.9615744419673, 105.834951522249"
41694286,07/03/2025,Gia đình cần bán căn hộ 3PN diện tích 113m2 chung cư An Bình 1,Giá thỏa thuận,113 m²,N/A,3,2,"Định Công, Hoàng Mai","20.983137130737305, 105.83196258544922"
40634436,07/03/2025,"Chính chủ cần bán gấp căn hộ chung cư Thanh Bình Garden Định Công Hoàng Mai. DT 63,4m2, 2 ngủ","4,46 tỷ","60,3 m²","73,96 tr/m²",2,2,"Định Công, Hoàng Mai","20.9777698516846, 105.836112976074"
42357176,07/03/2025,Chính chủ cần bán căn hộ HH2B Linh Đàm - 65.5m2 - full nội thất - giá hạt rẻ chỉ 2.4xx tỷ,Giá thỏa thuận,"65,5 m²",N/A,2,2,"Hoàng Liệt, Hoàng Mai","20.963790133388056, 105.8277804307262"
42217654,07/03/2025,"Bán căn hộ chung cư Melody Linh Đàm, Hoàng Mai, DT 97m2, 2PN, 2WC, giá 5.284 tỷ","5,28 tỷ",97 m²,"54,47 tr/m²",2,2,"Hoàng Liệt, Hoàng Mai","20.958305657225075, 105.82634142769692"
42348110,07/03/2025,"Chung cư cao cấp Melody Linh Đàm, Hoàng Mai, dt 115m2, 3PN, 2wc, giá cực Soc 6.588 tỷ","6,59 tỷ",115 m²,"57,29 tr/m²",3,2,"Hoàng Liệt, Hoàng Mai","20.958207266187706, 105.82634650960544"
41996233,07/03/2025,"Mua nhà đón tết, chủ nhà cần bán căn hộ Nơ 7A - 3PN 2VS - full nội thất mới 100%","4,44 tỷ",85 m²,"52,24 tr/m²",3,2,"Đại Kim, Hoàng Mai","20.971235693665, 105.828540950085"
42106498,07/03/2025,Duy nhất! Căn góc HUD3 Tây Nam Linh Đàm- 68m2- 2pn 2vs- Vào ở được ngay!,4 tỷ,68 m²,"58,82 tr/m²",2,2,"Hoàng Liệt, Hoàng Mai","20.9596996608547, 105.834248782083"
42159867,07/03/2025,"Bán căn Beasky 2PN full nội thất diện tích 75m2 giá 4,5 tỷ. LH: 0961 995 ***","4,5 tỷ",76 m²,"59,21 tr/m²",2,2,"Đại Kim, Hoàng Mai","20.97423799408964, 105.82153331157498"
42162010,07/03/2025,CỰC PHẨM-Cần bán căn South Toewr-DT 68m2-2N 2vs-Giá 3.6x tỷ(giá thương lượng).,"3,63 tỷ",68 m²,"53,38 tr/m²",2,2,"Hoàng Liệt, Hoàng Mai","20.962704582300653, 105.84399616825638"
38946185,07/03/2025,"Bán chung cư Định Công, Hoàng Mai 86m2, 3PN, 2 vệ sinh, nội thất 400 triệu, slot oto, 5 tỷ 580","5,58 tỷ",86 m²,"64,88 tr/m²",3,2,"Định Công, Hoàng Mai","20.9827823638916, 105.834381103516"
42249920,07/03/2025,"Bán căn hộ chung cư Rice City Tây Nam Linh Đàm - full nội thất mới, chỉ cần xách vali vào ở","4,08 tỷ",62 m²,"65,81 tr/m²",N/A,N/A,"Hoàng Liệt, Hoàng Mai","20.9637170292259, 105.822458219353"
42356031,07/03/2025,"Bán chung cư HH3 Linh Đàm 68m2 - 2,x tỷ - 2 phòng ngủ, 2 vệ sinh, tầng cao - Tiện ích bạt ngàn","2,8 tỷ",68 m²,"41,18 tr/m²",2,2,"Hoàng Liệt, Hoàng Mai","20.96350374197682, 105.8286811019962"
42116254,07/03/2025,PKD chủ đầu tư bán căn hộ 96m2 3pn2vs tầng đẹp giá bán tốt nhất tại dự án Hanoi Melody,"4,5 tỷ",96 m²,"46,88 tr/m²",3,2,"Hoàng Liệt, Hoàng Mai","20.958910219523336, 105.82558299635994"
37910956,07/03/2025,Bán CHCC Hateco Hoàng Mai - Yên Sở. DT 112m2 3PN 2WC. View hồ và công viên Yên Sở cực đẹp,"5,1 tỷ",112 m²,"45,54 tr/m²",3,2,"Yên Sở, Hoàng Mai","20.9627342224121, 105.86434173584"
42086656,07/03/2025,"Nhỉnh 4 tỷ, căn hộ tòa Hateco - Hoàng Mai, 90m2, 3 ngủ, tặng full nội thất - sổ chính chủ","4,5 tỷ",90 m²,50 tr/m²,3,2,"Yên Sở, Hoàng Mai","20.962405299963088, 105.86419827769492"
37910863,07/03/2025,Bán CHCC Hateco Hoàng Mai. DT 95m2 3PN 2WC cực hiếm view hồ công viên Yên Sở,"4,75 tỷ",95 m²,50 tr/m²,3,2,"Yên Sở, Hoàng Mai","20.9628513669185, 105.864004415273"
42289004,07/03/2025,Bán căn 2 ngủ ở ngay view thành phố Chung cư Athena Complex Hoàng Mai,Giá thỏa thuận,65 m²,N/A,3,2,"Hoàng Liệt, Hoàng Mai","20.9587403573752, 105.842537286174"
42356641,07/03/2025,Bán căn hộ chung cư HH2 Linh Đàm 2 ngủ nội thất đầy đủ giá 1ty9x tầng trung toà mặt hồ đi,"1,92 tỷ",48 m²,40 tr/m²,2,1,"Hoàng Liệt, Hoàng Mai","20.964312138893344, 105.82729742687802"
42308206,07/03/2025,"HUD tây nam linh đàm sổ đỏ chính chủ
2 ngủ ful nội thất tầng trung giá 2ty6x
LH e trọng","2,65 tỷ",40 m²,"66,25 tr/m²",2,1,"Hoàng Liệt, Hoàng Mai","20.965476425325097, 105.8253747410141"
42296660,07/03/2025,Bán căn hộ chung cư hh linh đàm 2 ngủ 2vs 58m full nội thất giá 2ty3xx toà h4 lh -e trọ,"2,39 tỷ",58 m²,"41,21 tr/m²",2,2,"Hoàng Liệt, Hoàng Mai","20.963300263314824, 105.82674641522782"
42356581,07/03/2025,Bán căn 2 ngủ - Chung cư @Home 987 Tam Trinh - Hoàng Mai. Giá 3.3 tỷ - sẵn sổ,"3,3 tỷ",58 m²,"56,9 tr/m²",2,1,"Yên Sở, Hoàng Mai","20.980137763446045, 105.86389090427302"
42356106,07/03/2025,"Giá rẻ kịch trần! Căn hộ HH Linh Đàm - chỉ 3,05 tỷ - 82m2 - 3N2VS - full nội thất","3,05 tỷ",82 m²,"37,2 tr/m²",3,2,"Hoàng Liệt, Hoàng Mai","20.96491534156686, 105.82791329819503"
42356521,07/03/2025,"Chính chủ bán căn hoa hậu An Bình Định Công, Hoàng Mai 3 ngủ LH 0929 656 ***","8,3 tỷ",113 m²,"73,45 tr/m²",3,2,"Định Công, Hoàng Mai","20.983035456249443, 105.8317704637753"
42356510,07/03/2025,Cần bán gấp căn hộ Osaka Complex 71 m2 2 PN 2 Vs LH: 0929 656 ***,"3,85 tỷ",71 m²,"54,22 tr/m²",2,2,"Hoàng Liệt, Hoàng Mai","20.959395389828767, 105.83839922485608"
42356508,07/03/2025,Chính chủ cần bán căn hoa hậu X2 Đại Kim siêu đẹp 0929 656 ***,Giá thỏa thuận,86 m²,N/A,3,2,"Đại Kim, Hoàng Mai","20.976527348611743, 105.82475438536011"
42356505,07/03/2025,Chính chủ bán chung cư căn hộ Rice City toà Nam Linh Đàm LH; 0929 656 ***,Giá thỏa thuận,70 m²,N/A,3,2,"Hoàng Liệt, Hoàng Mai","20.96384331733723, 105.82245197335197"
42355353,06/03/2025,Chính chủ bán căn hộ chung cư tại Đại Kim Building. Liên hệ: 0929 656 ***,"3,9 tỷ","63,4 m²","61,51 tr/m²",2,2,"Đại Kim, Hoàng Mai","20.972390055613015, 105.81958011947319"
41729220,07/03/2025,"Trực tiếp CĐT: 2-3 PN rẻ nhất Melody Linh Đàm, Thanh toán 70% từ 3 tỷ, chiết khấu 8%+ tặng vàng 999",3 tỷ,68 m²,"44,12 tr/m²",2,2,·,"20.9585018157959, 105.826347351074"
42337096,07/03/2025,"Tôi cán bộ PKD chủ đầu tư, bán suất mua nhân viên chiết khấu đặc biệt, căn đẹp ký trực tiếp HĐMB",3 tỷ,68 m²,"44,12 tr/m²",2,2,·,"20.95851242875902, 105.82587889259105"
42327816,07/03/2025,"Độc quyền! căn 2-3PN view hồ - giá tốt + vị trí đẹp nhất, ký trực tiếp Chủ đầu tư, Full chiết khấu","3,15 tỷ",68 m²,"46,32 tr/m²",2,2,·,"20.9584566527592, 105.826391680388"
42362583,07/03/2025,"Gọi em Giang giảm ngay 500tr quỹ ngoại giao, quỹ ẩn, quỹ chìm HTLS 0% 24th, CK 8%, tặg 1 km vàg 999","4,3 tỷ",74 m²,"58,11 tr/m²",2,2,·,"20.958450341970728, 105.82633073676864"
42369504,08/03/2025,"Bán Căn Hộ Chung Cư Sunshine Palace, 1,75tỷ, 65m2, giá tốt, bán gấp .Liên hệ 0922 744 ***/ 0903 598 ***","1,75 tỷ",65 m²,"26,92 tr/m²",N/A,N/A,"Mai Động, Hoàng Mai","20.990480403525645, 105.86822947728406"
42203198,08/03/2025,"Chính chủ - bán chung cư N1 Lĩnh Nam - Minh Khai - Hoàng Mai, nội thất đầy đủ, sổ hồng vĩnh viễn",800 triệu,42 m²,"19,05 tr/m²",1,1,"Lĩnh Nam, Hoàng Mai","20.9818691262435, 105.879601801326"
42370397,08/03/2025,Tư vấn hồ sơ NOXH Tây Nam Linh Đàm Trực tiếp CDT,"3,17 tỷ",69 m²,46 tr/m²,2,2,"Hoàng Liệt, Hoàng Mai","20.964215785823402, 105.82322872907258"
40989347,08/03/2025,Bán căn hộ 2PN 80m2 Sunshine Palace,"5,38 tỷ",80 m²,"67,25 tr/m²",2,2,"Mai Động, Hoàng Mai","20.9901828765869, 105.868659973145"
41777196,08/03/2025,Quỹ căn hộ bán Sunshine Palace Lĩnh Nam cập nhật mới nhất - Em Cường 0976 044 ***,"5,47 tỷ",80 m²,"68,38 tr/m²",2,N/A,"Mai Động, Hoàng Mai","20.99015398544697, 105.86913186384378"
42360630,08/03/2025,Bán Suất Ngoại Giao NOXH Gần Hồ Linh Đàm giá siêu tốt,"3,04 tỷ",69 m²,44 tr/m²,2,2,"Hoàng Liệt, Hoàng Mai","20.96227433955787, 105.82184958915778"
42250903,08/03/2025,"Bán gấp penthouse Sunshine Palace giá rẻ như chung cư, 12,8 tỷ, 200m2, 5PN, 4WC, pháp lý đầy đủ","12,8 tỷ",200 m²,64 tr/m²,5,4,"Mai Động, Hoàng Mai","20.989849269843322, 105.86942799108179"
42366278,08/03/2025,"BẠN ĐANG TÌM KIẾM CƠ HỘI HIẾM CÓ SỞ HỮU NHÀ CHUNG CƯ P.VĨNH HƯNG, Q HOÀNG MAI, HÀ NỘI NHỈNH 1 TỶ","1,75 tỷ",70 m²,25 tr/m²,N/A,N/A,"Vĩnh Hưng, Hoàng Mai","20.9902234556263, 105.875913507617"
41456316,07/03/2025,Bán căn hộ giá rẻ nhất chung cư Feliz Homes (2 ngủ: 4 tỷ và 3 ngủ: 5 tỷ) - 0981 757 ***,5 tỷ,78 m²,"64,1 tr/m²",2,2,"Hoàng Văn Thụ, Hoàng Mai","20.98446658118264, 105.8592534333344"
42289841,07/03/2025,"Bán CC 2PN, 2WC tại Rice City Linh Đàm, 4 tỷ, 62.5m2, Hoàng Liệt, Hoàng Mai, Hà Nội",4 tỷ,"62,5 m²",64 tr/m²,2,2,"Hoàng Liệt, Hoàng Mai","20.963106690204842, 105.82276678795633"
42313854,07/03/2025,Quỹ căn hộ bán Sunshine Palace Lĩnh Nam cập nhật mới nhất - em Long 0355 863 ***,"5,48 tỷ",85 m²,"64,47 tr/m²",2,2,"Mai Động, Hoàng Mai","20.990192253339107, 105.86838389747976"
42357696,07/03/2025,Tổng hợp một số căn CÓ SỔ giá rẻ dưới 3 tỷ tại Khu đô thị Tây Nam Linh Đàm Hud,"2,78 tỷ",50 m²,"55,6 tr/m²",2,1,"Hoàng Liệt, Hoàng Mai","20.962625262225256, 105.82119590467828"
40012556,09/03/2025,"Giảm chào 300tr, bán gấp căn 3PN Feliz Home Hoàng Mai, 110m2 2 mặt thoáng, full nội thất, giá 7.1tỷ","7,1 tỷ",110 m²,"64,54 tr/m²",3,2,"Hoàng Văn Thụ, Hoàng Mai","20.9848365783691, 105.859855651855"
41252887,08/03/2025,"Nhà đẹp phố Nguyễn Cảnh Dị, tòa chung cư B9, KĐTM Đại Kim, Hoàng Mai DT 65m2 x MT 5 x 3,38 tỷ","3,38 tỷ",65 m²,52 tr/m²,2,1,"Đại Kim, Hoàng Mai","20.977920532226562, 105.8363265991211"
42372778,08/03/2025,Hàng tốt! Bán căn 2 ngủ Kim Văn Kim Lũ - Đại Kim. 56m2 góc đẹp - tầng đẹp. Nhà sao ảnh vậy,"2,75 tỷ",56 m²,"49,11 tr/m²",2,2,"Đại Kim, Hoàng Mai","20.972829797093365, 105.82024338993944"
42238801,08/03/2025,Bán căn hộ 2pn 2vs full nội thất CT2-Tp Tây Nam Linh Đàm- Căn hộ cao cấp nhất Linh Đàm!,"2,67 tỷ",47 m²,"56,81 tr/m²",2,2,"Hoàng Liệt, Hoàng Mai","20.9614231370526, 105.835843173816"
42279230,08/03/2025,"Bán căn hộ 3PN, 2WC tại New Horizon City, giá cực chất 6,28 tỷ, 96m2, Q. Hoàng Mai, HN","6,28 tỷ",96 m²,"65,42 tr/m²",3,2,"Mai Động, Hoàng Mai","20.989468769245438, 105.86647780471482"
42279024,08/03/2025,"Bán căn 2 phòng ngủ đẹp long lanh ở ngay chung cư Athena Complex Pháp Vân, Hoàng Mai","3,2 tỷ",67 m²,"47,76 tr/m²",2,2,"Hoàng Liệt, Hoàng Mai","20.9585834785661, 105.842645390398"
42372415,08/03/2025,Chính Chủ Bán Căn Hoa Hậu An Bình Định Kim Hoàng Mai 3 ngủ lh 0929 656 ***,Giá thỏa thuận,113 m²,N/A,3,2,"Định Công, Hoàng Mai","20.98306982416358, 105.83117730905045"
42319189,08/03/2025,"Sẵn CH 3PN (to) 106m2 View trực diện công viên xanh mát, thiết kế hợp lý, sở hữu lâu dài, 63tr/m2","6,67 tỷ",106 m²,"62,89 tr/m²",3,2,"Hoàng Liệt, Hoàng Mai","20.958554262135504, 105.8268353312828"
42351151,08/03/2025,"Căn hộ 3PN 106m2, tầng cao đẹp, view nội khu chỉ 1,9 tỷ( 30%) ký HĐMB. Hotline: 0843 237 ***","6,68 tỷ",106 m²,63 tr/m²,3,2,"Hoàng Liệt, Hoàng Mai","20.958182610046848, 105.82692025862019"
42372352,08/03/2025,Cần Bán Gấp Căn Hộ Osaka Complex 71 m 2 PN 2 Vs Lh : 0929 656 ***,Giá thỏa thuận,71 m²,N/A,2,2,"Hoàng Liệt, Hoàng Mai","20.959048834277198, 105.83731179132114"
42372340,08/03/2025,Chính Chủ Cần Bán Căn Hoa Hậu x2 Đại Kim Siêu đẹp 0929 656 ***,Giá thỏa thuận,86 m²,N/A,3,2,"Đại Kim, Hoàng Mai","20.976541956601686, 105.82483699094426"
42372305,08/03/2025,Chính Chủ Bán Chung Cư căn hộ Rice city Toà Nam Linh Đàm lh; 0929 656 ***,Giá thỏa thuận,70 m²,N/A,3,2,"Hoàng Liệt, Hoàng Mai","20.963376098049736, 105.82257103693289"
42345359,08/03/2025,Mở bán đợt cuối bảng hàng ngoại giao giá tốt Hà Nội Melody Residences chỉ từ 51 triệu/m2 gồm VAT,"3,86 tỷ","74,25 m²","51,92 tr/m²",2,2,"Hoàng Liệt, Hoàng Mai","20.958480073100105, 105.82642372589065"
42060481,08/03/2025,"Mua Melody Linh Đàm nên mua chính hãng CĐT để được hưởng quyền lợi tốt nhất, từ 5xtr/m2 view hồ","4,54 tỷ",89 m²,51 tr/m²,3,2,"Hoàng Liệt, Hoàng Mai","20.9584362845913, 105.826334498386"
42363192,08/03/2025,"Cần bán căn hộ 2PN, 2WC tại Mandarin Garden 2, 99 Tân Mai, HM, HN. Lh: O848123626","6,3 tỷ","79,2 m²","79,54 tr/m²",2,2,"Tân Mai, Hoàng Mai","20.98423061021115, 105.84650593500018"
42276059,08/03/2025,"Bán căn góc hoa hậu 07A, chung cư Helios 75 Tam Trinh, HM, HN. Lh: 0848 123 ***",Giá thỏa thuận,"71,8 m²",N/A,2,2,"Mai Động, Hoàng Mai","20.994453469110113, 105.86301415244667"
41593764,08/03/2025,"Chính chủ bán gấp CH Bea Sky Nguyễn Xiển DT 68,5m2 2PN, 2VS, nội thất đẹp, 4,2 tỷ: 0971 085 ***","4,2 tỷ","68,5 m²","61,31 tr/m²",2,2,"Đại Kim, Hoàng Mai","20.973551155818978, 105.82236031282456"
42270332,08/03/2025,"Căn góc KĐT Đại Kim, Nguyễn Cảnh Dị, DT 76m2, 2PN, 2 ban công hướng mát, nhà sạch đẹp, 3,9 tỷ","3,9 tỷ",76 m²,"51,32 tr/m²",2,N/A,"Đại Kim, Hoàng Mai","20.972309033259624, 105.82068746918047"
42372062,08/03/2025,"Chính chủ bán căn góc 3 ngủ 83m2 full nội thất mới tinh cao cấp có sổ đỏ tại Linh Đàm giá 4,8 tỷ","4,8 tỷ",83 m²,"57,83 tr/m²",N/A,N/A,"Đại Kim, Hoàng Mai","20.971687954055955, 105.82807164158996"
39942867,08/03/2025,"Nhượng lại căn hộ 2PN 75.5m2 The Zen Gamuda, nội thất cơ bản giá mềm nhất khu 0904 744 ***","5,65 tỷ","75,5 m²","74,83 tr/m²",2,2,"Yên Sở, Hoàng Mai","20.9717617034912, 105.878929138184"
42371673,08/03/2025,"Bán CC tại HUD3 Nguyễn Đức Cảnh70 M 2 ngủ, 2 vệ sinh . Lh : 0335 363 ***","4,95 tỷ",70 m²,"70,71 tr/m²",N/A,N/A,"Tương Mai, Hoàng Mai","20.9866816832604, 105.84995883870918"
42343487,08/03/2025,Chính chủ cần bán căn hộ 3PN 114 m2 tòa Zen dự án Feliz Home - giá 8 tỷ x - tầng đẹp hướng mát,Giá thỏa thuận,114 m²,N/A,3,2,"Hoàng Văn Thụ, Hoàng Mai","20.98564207717986, 105.86006688661116"
42371979,08/03/2025,"Chính chủ bán căn chung cư 2 ngủ 69m2 full nội thất tại CT3AX2 Bắc Linh Đàm giá chỉ 3,7tỷ","3,77 tỷ",69 m²,"54,64 tr/m²",N/A,N/A,"Hoàng Liệt, Hoàng Mai","20.9705391156632, 105.827186428425"
41785320,08/03/2025,"Căn tòa An Bình KĐT Định Công, DT 91m2, 3pn, 2wc, ban công, thoáng sáng, sạch đẹp, giá 6,4 tỷ","6,4 tỷ",91 m²,"70,33 tr/m²",2,2,"Định Công, Hoàng Mai","20.983582119262966, 105.83242978127578"
42077116,08/03/2025,"Bán căn 3PN 96m2 giá rẻ nhất dự án Melody, giảm 500tr so với giá gốc, kí trực tiếp CĐT, HTLS 24T","4,5 tỷ",96 m²,"46,88 tr/m²",3,2,"Hoàng Liệt, Hoàng Mai","21.02894860978742, 105.85244722590335"
39390076,08/03/2025,"Bán 2ngủ 5,5 tỷ DT 90m2 phố Minh Khai Sunshine Palace (canh Time City) E. Minh Anh 0944 394 ***","5,5 tỷ",90 m²,"61,11 tr/m²",2,2,"Mai Động, Hoàng Mai","20.9901828765869, 105.868659973145"
42102892,08/03/2025,"Bán suất ngoại giao căn 2PN 68m2, giá tốt nhất dự án, nội thất cao cấp, HTLS 24T, pháp lý chuẩn","3,6 tỷ",68 m²,"52,94 tr/m²",2,2,"Hoàng Liệt, Hoàng Mai","20.9580430934174, 105.826393798668"
41390158,08/03/2025,"Melody Linh Đàm bây giờ mua giá 5X tr, năm sau bàn giao nhà giá 8X tr. Đầu tư hay để ở đều hợp lý","3,92 tỷ",74 m²,53 tr/m²,2,2,"Hoàng Liệt, Hoàng Mai","20.9585018157959, 105.826347351074"
39533074,08/03/2025,"Chính chủ bán căn hoa hậu 2PN 2WC 90m2 Sunshine Palace phố Lĩnh Nam, 6tỷ có sổ đỏ 0812 395 ***",6 tỷ,90 m²,"66,67 tr/m²",2,2,"Mai Động, Hoàng Mai","20.9901828765869, 105.868659973145"
41870782,08/03/2025,Hot! Mở bán quỹ 10 căn đẹp nhất Melody Linh Đàm CK 8% tặng 86tr vay ko lãi 24 tháng. LH: 0973 038 ***,"5,25 tỷ",89 m²,59 tr/m²,3,2,"Hoàng Liệt, Hoàng Mai","20.9588706380244, 105.826997534116"
42352219,08/03/2025,Cần tiền chủ bán căn 68m2 giá chỉ 3.55 tỷ TTS 95%,"3,55 tỷ",68 m²,"52,21 tr/m²",2,2,"Hoàng Liệt, Hoàng Mai","20.9588143423839, 105.825886267905"
42285271,08/03/2025,Chỉ 56tr/m2 chính chủ cần tiền bán căn góc 3N tòa NO4 đã vào tiền 37.5%,"6,72 tỷ",120 m²,56 tr/m²,3,N/A,"Hoàng Liệt, Hoàng Mai","20.95857589443115, 105.82626494980543"
42320548,08/03/2025,"Bán căn 2 ngủ diện tích 80,53m2 tại Hanoi Melody Residence","3,6 tỷ","80,53 m²","44,7 tr/m²",2,2,"Hoàng Liệt, Hoàng Mai","20.9583778051067, 105.825525187786"
42021897,08/03/2025,"Chính chủ bán căn 96m2 HUD3 60 Nguyễn Đức Cảnh, tầng trung, ban công Đông mát, đủ nội thất, 5,9 tỷ","5,9 tỷ",96 m²,"61,46 tr/m²",3,2,"Tương Mai, Hoàng Mai","20.987325668335, 105.849838256836"
42137011,08/03/2025,Chung cư Vĩnh Hưng Quận Hoàng Mai. Liên hệ 0854 478 ***,Giá thỏa thuận,70 m²,N/A,N/A,N/A,"Vĩnh Hưng, Hoàng Mai","20.9892934538994, 105.878313812525"
42371618,08/03/2025,"Bán căn hộ 2PN, 1WC tại KĐT Định Công, giá thỏa thuận, 63m2, Hoàng Mai, Hà Nội",Giá thỏa thuận,63 m²,N/A,2,1,"Định Công, Hoàng Mai","20.985294783674547, 105.83226729635662"
42371529,08/03/2025,Bán căn hộ 56m2 tòa CT12 Kim Văn Kim Lũ - 2 phòng ngủ tầng đẹp - giá chỉ 2.75 tỷ,"2,75 tỷ",56 m²,"49,11 tr/m²",2,2,"Đại Kim, Hoàng Mai","20.973547937817507, 105.82010090804675"
42275635,08/03/2025,"Chính chủ cần bán căn góc CC 3PN + 2WC tại HUD3 60 Nguyễn Đức Cảnh. DT: 94,7 m2 - 5,86 tỷ","5,86 tỷ","94,7 m²","61,88 tr/m²",3,2,"Tương Mai, Hoàng Mai","20.98734999374522, 105.84977335095309"
42338412,08/03/2025,Full đồ tốt trong căn hộ 83m2 tại HH1C Linh Đàm. Bán căn hộ 3 phòng ngủ đẹp với giá 3.5x tỷ,"3,59 tỷ",83 m²,"43,25 tr/m²",3,2,"Hoàng Liệt, Hoàng Mai","20.96426508730103, 105.82694133507384"
42327526,08/03/2025,Chính chủ cần bán căn hộ chung cư siêu đẹp giá thỏa thuận,"5,35 tỷ",82 m²,"65,24 tr/m²",2,2,"Đại Kim, Hoàng Mai","20.9784318585177, 105.837022497945"
42371510,08/03/2025,Cần bán căn hộ 80 m 2 ngủ 2 vệ sinh full nội . Giá 5 tỷ . Lh : 0335 363 ***,5 tỷ,80 m²,"62,5 tr/m²",2,2,"Mai Động, Hoàng Mai","20.994599489884937, 105.86340177768156"
42371489,08/03/2025,Bán căn góc trục 15 Tòa B hateco tầng trung. 3pn 2wc,"4,68 tỷ",96 m²,"48,75 tr/m²",2,2,"Yên Sở, Hoàng Mai","20.962891301434457, 105.86468139519424"
42346478,08/03/2025,"Hàng hiếm còn duy nhất 1 căn 3PN, DT 145m2, CK cực khủng, mua ngay kẻo hết!","9,8 tỷ",145 m²,"67,59 tr/m²",3,2,"Hoàng Liệt, Hoàng Mai","20.958707993762523, 105.82613727349192"
42363083,08/03/2025,GIÁ CỰC SỐC- CHUNG CƯ 3PN 2VS TÒA RAINBOW LINH ĐÀM CÓ SỔ ĐỎ - VÀO Ở LUÔN,6 tỷ,100 m²,60 tr/m²,3,2,"Hoàng Liệt, Hoàng Mai","20.9614732879135, 105.835371036339"
42228391,08/03/2025,"Siêu Phẩm 3PN Căn Góc HUD2 B1 B2 , 95m2, Tây Nam Linh Đàm - View Đẹp, Nội Thất Cao Cấp.","5,5 tỷ",95 m²,"57,9 tr/m²",3,2,"Hoàng Liệt, Hoàng Mai","20.9614083181036, 105.835609663478"
42227807,08/03/2025,"Lô góc 113m2 - 3 mặt thoáng - chung cư OCT2 DN2 Linh Đàm - full nội thất, vào ở ngay!",5 tỷ,113 m²,"44,25 tr/m²",3,2,"Đại Kim, Hoàng Mai","20.970713398917624, 105.82799382788691"
42371323,08/03/2025,"Bán CC Smile Building, Nguyễn Cảnh Dị, Đại Kim, Hoàng Mai, Hà Nội, giá thỏa thuận, 82m2",Giá thỏa thuận,82 m²,N/A,2,2,"Đại Kim, Hoàng Mai","20.97821134440877, 105.8362924502759"
42251636,08/03/2025,"Chính chủ bán căn hoa hậu 2PN 2WC 85m2 Sunshine Palace (Cạnh Time City) chỉ xách valy về ở, full đồ","6,5 tỷ",80 m²,"81,25 tr/m²",2,2,"Mai Động, Hoàng Mai","20.990652196023152, 105.86942689358168"
41838137,08/03/2025,"Siêu phẩm Horizon 87 Lĩnh Nam 102m2 sổ 6,7 tỷ","6,7 tỷ",102 m²,"65,69 tr/m²",2,2,"Mai Động, Hoàng Mai","20.9898301919232, 105.866862102703"
41640353,08/03/2025,"Tôi có 6 căn góc 3PN tòa CT2A và CT1 CT2B Gelexia, LH: 0934 611 ***","5,2 tỷ",90 m²,"57,78 tr/m²",3,2,"Yên Sở, Hoàng Mai","20.9729385375977, 105.866355895996"
42317599,08/03/2025,Tôi cần bán căn hộ tòa CT3 Gelexia 2PN 65m2 giá 3.95 tỷ,"3,95 tỷ",65 m²,"60,77 tr/m²",2,2,"Yên Sở, Hoàng Mai","20.972812213752803, 105.86625516040583"
42149567,08/03/2025,Bán Căn 07 Tòa D chung cư Mandarin garden2 tân mai 83m2 6.3 tỷ,"6,3 tỷ",83 m²,"75,9 tr/m²",N/A,N/A,"Tân Mai, Hoàng Mai","20.983997992983475, 105.84684840685162"
41854034,08/03/2025,Bán 2 CH: căn hộ 10 và căn hộ 04 2pn 4.8 tỷ có TL,"4,8 tỷ","70,1 m²","68,47 tr/m²",2,2,"Tương Mai, Hoàng Mai","20.9871305622143, 105.850028583824"
41673177,08/03/2025,"0934 611 *** Tôi có 2 căn 2PN chung cư 176 Định Công 66,6m1 vs 68,8m2","4,85 tỷ","66,6 m²","72,82 tr/m²",2,2,"Định Công, Hoàng Mai","20.9824598072671, 105.834621778028"
41379019,08/03/2025,"Tôi có 4 căn hộ 2PN Gelexia 67,1m2, 74m2, 83m2, 81,7m2 diện tích sử dụng",Giá thỏa thuận,83 m²,N/A,2,2,"Yên Sở, Hoàng Mai","20.972938537597656, 105.8663558959961"
42329908,08/03/2025,"Bán căn góc 66,7m2 tòa N02 K35 giá 4.95 tỷ view hồ Đền Lừ","4,95 tỷ","66,7 m²","74,21 tr/m²",2,2,"Tương Mai, Hoàng Mai","20.98366384061818, 105.85160687728799"
42208579,08/03/2025,"Bán căn góc tại Mandarin Garden 2 Tân Mai, 5,1tỷ, 67m2","5,1 tỷ",67 m²,"76,12 tr/m²",2,1,"Tân Mai, Hoàng Mai","20.984091673517447, 105.84673738738988"
41248992,08/03/2025,Bán 3 căn 96m2 3PN HUD3 60 Nguyễn Đức Cảnh giá chỉ từ 5.9 tỷ,"5,95 tỷ",96 m²,"61,98 tr/m²",3,2,"Tương Mai, Hoàng Mai","20.987325668335, 105.849838256836"
42228888,08/03/2025,"(Căn mới) Bán 2 ngủ K35 Tân Mai, full đồ đẹp, giá 4.5 tỷ, DT: 80m2, sổ đỏ sẵn, hỗ trợ bank 70%","4,5 tỷ",80 m²,"56,25 tr/m²",N/A,N/A,"Tương Mai, Hoàng Mai","20.983309264133943, 105.85142053484888"
41718731,08/03/2025,"Bán căn góc 3 ngủ góc DT:103m2 tại Eco Lake View, 32 Đại Từ, sổ đỏ sẵn, full đồ view đẹp giá 5.5tỷ","5,5 tỷ",103 m²,"53,4 tr/m²",3,2,"Đại Kim, Hoàng Mai","20.972457163944267, 105.83867932839306"
41718685,08/03/2025,"Bán gấp căn 2PN tại Eco Lake View, 80m2 full đồ đẹp sổ đỏ sẵn, giá tốt nhất thị trường chỉ 4 tỷ",4 tỷ,80 m²,50 tr/m²,2,2,"Đại Kim, Hoàng Mai","20.9725493700419, 105.837885629176"
41718852,08/03/2025,"Bán gấp căn 2 ngủ Rose Town - 79 Ngọc Hồi, full đồ đẹp nhà làm để ở, view thoáng giá chỉ 3.8 tỷ","3,5 tỷ",74 m²,"47,3 tr/m²",2,2,"Hoàng Liệt, Hoàng Mai","20.956588745117188, 105.84488677978516"
41718883,08/03/2025,"Chỉ 5.2 tỷ! Bán gấp căn 3 ngủ góc tại Rose Town - 79 Ngọc Hồi, full nội thất đẹp, tầng đẹp","5,2 tỷ",96 m²,"54,17 tr/m²",2,2,"Hoàng Liệt, Hoàng Mai","20.956588745117188, 105.84488677978516"
41718793,08/03/2025,"Bán căn 2 ngủ 74m2 tại Green Park Phương Đông - Số 1 Trần Thủ Độ, full đồ đẹp view hồ giá 3.5 tỷ","3,5 tỷ",74 m²,"47,3 tr/m²",2,2,"Hoàng Liệt, Hoàng Mai","20.9587688446045, 105.846313476563"
42069111,08/03/2025,"Phải thật nhanh! Bán căn hộ 2PN, 2WC, giá cực tốt 2.7 tỷ tại Green Park Phương Đông, full đồ đẹp","2,7 tỷ",57 m²,"47,37 tr/m²",2,2,"Hoàng Liệt, Hoàng Mai","20.959378419737, 105.84568124125"
42337198,08/03/2025,"NHƯỢNG CĂN HỘ -2PN- 74,49M2 - TẠI DỰ ÁN MELODY LINH ĐÀM - GIÁ SIÊU TỐT 4,5XX ( gồm VAT )","4,55 tỷ","74,49 m²","61,08 tr/m²",2,2,"Đại Kim, Hoàng Mai","20.971031311495825, 105.82895002176359"
42167263,08/03/2025,Chính chủ cần chuyển nhượng căn hộ 114 m2 - 06 HH2 - 03PN ban công thoáng mát - Eco Lake View.,8 tỷ,114 m²,"70,18 tr/m²",3,2,"Đại Kim, Hoàng Mai","20.973069109543857, 105.83840473347151"
37072616,08/03/2025,Chính chủ cần bán gấp căn hộ 56m2 2PN 2WC giá nhỉnh 2 tỷ đã full nội thất ban công đông nam,"2,17 tỷ",56 m²,"38,75 tr/m²",2,2,"Hoàng Liệt, Hoàng Mai","20.9647350311279, 105.826362609863"
39630991,08/03/2025,"Bán căn lô góc 3PN 123m2 rẻ nhất Sunshine Palace 13 Lĩnh Nam, giá 8 tỷ có sổ. LH em 0812 395 ***",8 tỷ,123 m²,"65,04 tr/m²",3,2,"Mai Động, Hoàng Mai","20.9901828765869, 105.868659973145"
42307362,08/03/2025,Chính chủ bán căn penthouse góc tòa VP5 bán đảo Linh Đàm giá cực tốt 2.x tỷ LH 0967 070 ***,"2,75 tỷ",70 m²,"39,29 tr/m²",2,2,"Hoàng Liệt, Hoàng Mai","20.96277965397972, 105.83121584232964"
42308164,08/03/2025,Chính chủ bán gấp căn 46m có sổ chung cư VP5 linh đàm giá tốt lh 0967 070 ***,"2,67 tỷ",46 m²,"58,04 tr/m²",1,1,"Hoàng Liệt, Hoàng Mai","20.96401374342883, 105.83111910294501"
42101617,08/03/2025,"Bán nhanh 5 suất ngoại giao căn DT 85,90m2 CC Viễn Đông Star Hoàng Mai, giá 40tr/m2 ưu tiên đặt sớm","3,36 tỷ",84 m²,40 tr/m²,2,2,"Thịnh Liệt, Hoàng Mai","20.97807924757087, 105.84311002174292"
33958204,08/03/2025,Bán CHCC cao cấp tòa Hòa Phát Mandarin Garden 2 - 99 Tân Mai. DT 81m2 2PN 2WC,"6,3 tỷ",81 m²,"77,78 tr/m²",2,2,"Tân Mai, Hoàng Mai","20.9838600158691, 105.846603393555"
42343733,08/03/2025,"Bán CC Bea Sky, Đại Kim, Hoàng Mai, Hà Nội, giá siêu hời 4,5 tỷ, 67,9m2","4,5 tỷ","67,9 m²","66,27 tr/m²",2,2,"Đại Kim, Hoàng Mai","20.97392949023935, 105.82161544512135"
42363286,08/03/2025,"Bán CH đẹp xuất sắc tại Sky Central, Định Công, Hoàng Mai, Hà Nội, 4.5 tỷ, 73m2","4,5 tỷ",73 m²,"61,64 tr/m²",2,2,"Định Công, Hoàng Mai","20.9828239360659, 105.83470828107393"
42227738,08/03/2025,Chính chủ không qua môi giới cần bán Căn Góc Feliz Home 3PN 96m2,7 tỷ,96 m²,"72,92 tr/m²",3,4,"Hoàng Văn Thụ, Hoàng Mai","20.984956229334045, 105.8599079912025"
42370691,08/03/2025,"Bán CC 2PN, 2WC, 62m2 tại Nguyễn Duy Trinh, Hoàng Liệt, Hoàng Mai, Hà Nội, giá: 3,8(có thương lượng","3,8 tỷ",62 m²,"61,29 tr/m²",2,2,"Hoàng Liệt, Hoàng Mai","20.9637883679177, 105.831841402699"
42362931,08/03/2025,"Bán CH 2PN, 2WC, 67m2, 2,4 tỷ tại HH2 Linh Đàm, Hoàng Mai, Hà Nội","2,4 tỷ",67 m²,"35,82 tr/m²",2,2,"Hoàng Liệt, Hoàng Mai","20.9642602172855, 105.827036830187"
42370736,08/03/2025,"Bán Chung cư Đồng Phát, giá 3,85 tỷ, 70m2, 2 pn 2vs, nội thất xịn sò, LH 0936 358 ***","3,85 tỷ",70 m²,55 tr/m²,2,2,"Vĩnh Hưng, Hoàng Mai","20.980455579413643, 105.87399641717454"
42030690,08/03/2025,"Chính chủ cần bán căn 3pn Nơ Pháp Vân. Sổ đỏ sẵn sàng, cần hơn 2 tỷ nhận nhà ở ngay.",Giá thỏa thuận,88 m²,N/A,3,2,"Hoàng Liệt, Hoàng Mai","20.956604045841402, 105.8457493340044"
42275247,08/03/2025,"Bán căn hộ chung cư NEW HORIZONS- 87 Lĩnh Nam . Dt 80m2 gồm 2 ngủ . Giá 5,xxtỷ","5,1 tỷ",80 m²,"63,75 tr/m²",2,2,"Mai Động, Hoàng Mai","20.988808474058356, 105.86690365029538"
40515607,08/03/2025,Tôi cần bán căn hộ 67m2 2PN tại HH Linh Đàm nội thất mới siêu đẹp chưa qua sử dụng. LH 0965 289 ***,"2,65 tỷ",67 m²,"39,55 tr/m²",2,2,"Hoàng Liệt, Hoàng Mai","20.9647350311279, 105.826362609863"
42317816,08/03/2025,"Bán căn hộ chung cư New Horizon City 87 Lĩnh Nam, 5,75 tỷ, 90m2, 3PN, 2WC","5,75 tỷ",90 m²,"63,89 tr/m²",3,2,"Mai Động, Hoàng Mai","20.98929537363102, 105.86676340943204"
42275040,08/03/2025,"Gia đình cần bán căn hộ chung cư Hoà Phát Mandarin Garden 2. Diện tích 80m2 gồm 2 ngủ. Giá 6, xxtỷ","6,3 tỷ",80 m²,"78,75 tr/m²",2,2,"Tân Mai, Hoàng Mai","20.98399297974068, 105.84689577384314"
41699535,08/03/2025,Bán căn hộ 3phòng ngủ góc Sunshine Palace 114m2 giá chỉ 8tỷ2 - em Cường 0976 044 ***,"8,2 tỷ",114 m²,"71,93 tr/m²",3,2,"Mai Động, Hoàng Mai","20.990182876586914, 105.86865997314453"
42273611,08/03/2025,BÁN GẤP !!!! CHÍNH CHỦ GỬI BÁN CẦN THANH KHOẢN CĂN HỘ 3PN TẠI HH2 LINH ĐÀM QUẬN HOÀNG MAI - HÀ NỘI,"3,08 tỷ",77 m²,40 tr/m²,3,2,"Hoàng Liệt, Hoàng Mai","20.964420691461918, 105.82702336750204"
42346381,08/03/2025,"Căn hộ cao cấp 3PN (90m2) chỉ 5,4 tỷ cho KH Hoàng Mai, Hà Đông và Thanh Trì. Phù hợp GĐ 3 - 5 người","5,4 tỷ",90 m²,60 tr/m²,3,2,"Hoàng Liệt, Hoàng Mai","20.958643429417084, 105.82613130611075"
42103948,08/03/2025,"Mở bán căn hộ 74m2 giá chỉ từ 52tr/m2 đẹp nhất Melody Linh Đàm, HTLS 0%/24 tháng, QT 1 cây vàng","3,7 tỷ",74 m²,50 tr/m²,2,2,"Hoàng Liệt, Hoàng Mai","20.9584487501221, 105.827015154138"
41168068,08/03/2025,SUẤT NGOẠI GIAO CĂN 2PN VÀ 3PN GIÁ TỐT NHẤT DỰ ÁN - THANH TOÁN GIÃN TIẾN ĐỘ VÀ CÓ VAY BANK,"4,44 tỷ",74 m²,60 tr/m²,2,2,"Hoàng Liệt, Hoàng Mai","20.9585018157959, 105.82634735107422"
42176745,08/03/2025,"Bán Căn Hộ Chung Cư, 3,15 tỷ, 83m2, 3PN, 2WC tại chung cư Hoàng Dương 83 Ngọc Hồi, Hoàng Mai","3,15 tỷ",83 m²,"37,95 tr/m²",3,2,"Đại Kim, Hoàng Mai","20.957812114974573, 105.8432687829385"
42350810,08/03/2025,"Bán CC 2PN, 1WC, 43m2 tại CT2 Tây Nam Linh Đàm, 2,65 tỷ, HOT","2,65 tỷ",43 m²,"61,63 tr/m²",2,1,"Hoàng Liệt, Hoàng Mai","20.963026796312434, 105.82103610602115"
42368941,08/03/2025,SỐT SỐT -Bán căn CT2 Bắc Linh Đàm - DT 67m - 3N-Full nội thất-Giá 3.3x tỷ(giá thương lượng).,"3,35 tỷ",67 m²,50 tr/m²,3,1,"Đại Kim, Hoàng Mai","20.97124506059463, 105.82813290504745"
42268050,08/03/2025,CỰC PHẨM VP5 Linh -Bán Căn Vp5 Linh Đàm-DT 58m2-2N 2vs-Giá 2.4x tỷ(giá thương lượng).,"2,48 tỷ",58 m²,"42,76 tr/m²",2,2,"Hoàng Liệt, Hoàng Mai","20.963563418432397, 105.83170304551895"
42369721,08/03/2025,"BÁN NHƯỢNG CĂN HỘ - 2PN - 74,49M2 - TẠI HÀ NỘI MELODY LINH DAM - ĐÃ THANH TOÁN 95% - GIÁ TỐT",Giá thỏa thuận,"74,49 m²",N/A,2,2,"Hoàng Liệt, Hoàng Mai","20.958461304642064, 105.82624231838562"
42289279,08/03/2025,"Chính chủ bán 2PN 70m2 giá 4.5 tỷ, tại BeaSky Nguyễn Xiển. LH: 0364 079 ***","4,5 tỷ",70 m²,"64,29 tr/m²",2,2,"Đại Kim, Hoàng Mai","20.973946437820423, 105.82169492960158"
42320474,08/03/2025,"Bán Sky Central - 176 Định Công 2PN/4,6 tỷ - 3PN/ 6,5 tỷ. LH chốt: 0364 079 ***","6,5 tỷ",100 m²,65 tr/m²,3,2,"Định Công, Hoàng Mai","20.98290688336551, 105.8347914888383"
42347135,08/03/2025,Căn góc hướng nam chung cư HH4A Linh Đàm,"3,5 tỷ",76 m²,"46,05 tr/m²",3,2,"Hoàng Liệt, Hoàng Mai","20.963440196954036, 105.82767863348666"
42310802,08/03/2025,"Bán CHCC CT3C-X2 Bắc Linh Đàm - Hoàng Mai. DT 83m2, 3PN+2VS full nội thất. LH: 0917 208 ***","4,86 tỷ",83 m²,"58,55 tr/m²",3,2,"Hoàng Liệt, Hoàng Mai","20.971398369895603, 105.82826770738927"
42345793,08/03/2025,Bán nhà tập thể Tân Mai - 50m2 - 2 phòng ngủ - 2 wc - tầng 1 - chỗ để xe riêng - nhỉnh 2 tỷ,"2,55 tỷ",50 m²,51 tr/m²,2,2,"Tân Mai, Hoàng Mai","20.983447009201, 105.849834659619"
42368698,08/03/2025,Em chính chủ cắt lỗ cần bán gấp căn 2ngủ hh1B linh đàm,"1,8 tỷ",46 m²,"39,13 tr/m²",2,1,"Hoàng Liệt, Hoàng Mai","20.9647857648085, 105.826414278167"
42365683,08/03/2025,"CĂN HỘ TẬP THỂ NGUYÊN BẢN NGUYỄN AN NINH - 50M 2 NGỦ CHỈ 2,3 TỶ","2,3 tỷ",50 m²,46 tr/m²,2,1,"Tương Mai, Hoàng Mai","20.9913341902965, 105.844463525546"
40545863,08/03/2025,CC bán chung cư Ba Hàng A toà N01. 282 Lĩnh Nam DT95m2 3ngủ 2WC giá: 4.3tỷ LH: 0962 552 ***,"4,3 tỷ",95 m²,"45,26 tr/m²",3,2,"Lĩnh Nam, Hoàng Mai","20.9819183349609, 105.879371643066"
41406162,08/03/2025,"CC bán căn hộ 3ngủ chung cư Nơ 1B Bán đảo Linh Đàm DT75m2, full nội thất đẹp LH 0962 552 ***","4,4 tỷ",75 m²,"58,67 tr/m²",3,2,"Hoàng Liệt, Hoàng Mai","20.971456527709961, 105.82817077636719"
40718510,08/03/2025,CC bán CHCC Hateco Hoàng Mai. DT 112m2 3PN 2WC căn góc view hồ cực thoáng LH 0962 552 ***,5 tỷ,112 m²,"44,64 tr/m²",3,2,"Yên Sở, Hoàng Mai","20.9627342224121, 105.86434173584"
40702441,08/03/2025,"CC bán căn hộ CC cao cấp tòa B Hateco Hoàng Mai. 97m2 giá 4.8 tỷ, LH: 0962 55279","4,8 tỷ",97 m²,"49,48 tr/m²",2,2,"Yên Sở, Hoàng Mai","20.9627342224121, 105.86434173584"
42303300,08/03/2025,"Bán CC Rose Town, giá ưu đãi 4,3 tỷ, 66m2, view đẹp tại Ngọc Hồi, Hoàng Liệt, Hoàng Mai, HN","4,3 tỷ",66 m²,"65,15 tr/m²",2,2,"Hoàng Liệt, Hoàng Mai","20.957203180322534, 105.8451594788206"
42219502,08/03/2025,"Bán CHCC Osaka Complex ngõ 48 Ngọc Hồi, căn góc. DT 80m2 3ngủ 2 WC giá 3.95tỷ, 0962 552 ***","3,95 tỷ",80 m²,"49,38 tr/m²",3,2,"Hoàng Liệt, Hoàng Mai","20.958552449959512, 105.83769690236056"
42303265,08/03/2025,(Thiện chí cao) chủ nhà gửi bán căn hộ 2Pn toà Zentower 76.6m2 giá 5tỷ hơn,Giá thỏa thuận,77 m²,N/A,2,2,"Hoàng Văn Thụ, Hoàng Mai","20.98472954700328, 105.85986905359643"
41093821,08/03/2025,CC bán CHCC Vật Tư Du Lịch - Trần Thủ Độ. DT: 80m2. 3PN + 2NVS. Giá: 4.35tỷ. LH: 0962 552 ***,"4,35 tỷ",80 m²,"54,38 tr/m²",3,2,"Hoàng Liệt, Hoàng Mai","20.962495803833, 105.844841003418"
37978421,08/03/2025,"CC bán căn chung cư 987 Tam Trinh. Căn góc, DT: 70m2, 3ngủ, 2 VS, giá 4 tỷ có TL: LH: 0962 552 ***",4 tỷ,70 m²,"57,14 tr/m²",2,2,"Yên Sở, Hoàng Mai","20.9799327850342, 105.864631652832"
42362656,08/03/2025,"Bán căn hộ 2PN, 2WC tại Rose Town 79 Ngọc Hồi, 4,3 tỷ, 66m2, Hoàng Mai, Hà Nội","4,3 tỷ",66 m²,"65,15 tr/m²",2,2,"Hoàng Liệt, Hoàng Mai","20.9563618534894, 105.844748123683"
42209449,08/03/2025,"Bán CHCC Osaka Complex ngõ 48 Ngọc Hồi, căn góc. DT 75m2 2 ngủ 2 WC giá 3,7 tỷ, 0962 552 ***","3,7 tỷ",75 m²,"49,33 tr/m²",2,2,"Hoàng Liệt, Hoàng Mai","20.958575694389612, 105.83875199193503"
39467366,08/03/2025,"CC cần bán căn chung cư Đồng Phát Park View. 80m2, 2PN và 2WC 4.5tỷ có TL, LH: 0962 552 ***","4,5 tỷ",80 m²,"56,25 tr/m²",2,2,"Vĩnh Hưng, Hoàng Mai","20.9800987243652, 105.874244689941"
39509596,08/03/2025,"CC bán CHCC Sunshine Palace ngõ 13 Lĩnh Nam 2ngủ 2 WC khách, bếp. DT: 87m2 LH: 0962 552 ***",6 tỷ,87 m²,"68,97 tr/m²",3,2,"Mai Động, Hoàng Mai","20.9901828765869, 105.868659973145"
38936519,08/03/2025,"CC bán căn hộ CC cao cấp tòa B Hateco Hoàng Mai. 65m2 giá 3.6tỷ, LH: 0962 55279","3,6 tỷ",65 m²,"55,38 tr/m²",2,2,"Yên Sở, Hoàng Mai","20.9627342224121, 105.86434173584"
40316204,08/03/2025,"Chính chủ bán CH 2PN 85m2, giá: 4,9 tỷ tại Gelexia 885 Tam Trinh. LH: 0962 552 ***","4,9 tỷ",85 m²,"57,65 tr/m²",3,2,"Yên Sở, Hoàng Mai","20.9729385375977, 105.866355895996"
40702520,08/03/2025,"CC cần bán căn chung cư Đồng Phát Park View. 70m2, 2PN và 2WC 3.8tỷ có TL, LH: 0962 552 ***","3,8 tỷ",70 m²,"54,29 tr/m²",2,2,"Vĩnh Hưng, Hoàng Mai","20.9800987243652, 105.874244689941"
41914799,08/03/2025,"Bán CHCC Đồng Tàu - Thịnh Liệt, DT: 65m2, 2PN + VS, giá 3,45tỷ có TL. LH: 0962 552 ***","3,45 tỷ",65 m²,"53,08 tr/m²",2,1,"Thịnh Liệt, Hoàng Mai","20.9768140018344, 105.847057758006"
40536139,08/03/2025,"Chính chủ bán CH 2PChính chủ bán CH 2PN 70m2, giá: 4.3 tỷ tại Gelexia 885 Tam Trinh: LH: 0962 552 ***","4,3 tỷ",70 m²,"61,43 tr/m²",2,2,"Yên Sở, Hoàng Mai","20.9729385375977, 105.866355895996"
41776989,08/03/2025,Bán căn hộ 2 phòng ngủ full nội thất điện tử siêu rẻ Sunshine Palace chỉ 5tỷ5- em cường 0976 044 ***,"5,5 tỷ",80 m²,"68,75 tr/m²",2,N/A,"Mai Động, Hoàng Mai","20.989587691472973, 105.86837345053863"
42245806,08/03/2025,Bán căn 2 phòng ngủ 80m2 Sunshine Palace ngõ 13 Lĩnh Nam giá chỉ 5tỷ6 full đồ - E Cường 097604411,"5,6 tỷ",80 m²,70 tr/m²,2,2,"Mai Động, Hoàng Mai","20.9899407281291, 105.868937457578"
42369440,08/03/2025,Bán căn hộ HH Linh Đàm 56m2- 2 ngủ- 2vs- full nội thất- có thương lượng,"2,15 tỷ",56 m²,"38,39 tr/m²",2,2,"Hoàng Liệt, Hoàng Mai","20.9643748730463, 105.82735934454682"
42369324,08/03/2025,"BÁN GẤP CH tại toà The One Gamuda garden, diện tích 65m2 trục căn đẹp nhất Tầng Trung 0385 829 ***","4,3 tỷ",65 m²,"66,15 tr/m²",2,2,"Trần Phú, Hoàng Mai","20.969468108129014, 105.87729330549654"
38241137,08/03/2025,(Căn mới) gia đình cần bán nhanh căn 66m2 & 72m2 giá từ 4.6tỷ và 87m2 & 100m2 giá từ 6tỷ SkyCentral,4 tỷ,72 m²,"55,56 tr/m²",2,2,"Định Công, Hoàng Mai","20.9891933535441, 105.837213516236"
42181245,08/03/2025,Độc quyền căn góc 3PN (120m2) view hồ đẹp nhất HaNoi Melody. Giá chỉ 57tr/m2,"6,84 tỷ",120 m²,57 tr/m²,3,2,"Hoàng Liệt, Hoàng Mai","20.958982972545456, 105.82633202254645"
41936504,08/03/2025,"Căn 2 ngủ Melody Linh Đàm, CK 8% + 1 cây vàng ký trực tiếp CĐT + view hồ + giá rẻ",Giá thỏa thuận,74 m²,N/A,2,2,"Hoàng Liệt, Hoàng Mai","20.958458916649462, 105.82682825347264"
41537116,08/03/2025,"Chính chủ gửi bán căn hộ 71,33m2 tòa DV3 CC Rose Town. Giá 4.4xx tỷ","4,45 tỷ","71,33 m²","62,39 tr/m²",2,2,"Hoàng Liệt, Hoàng Mai","20.9565887451172, 105.844886779785"
42334564,08/03/2025,"Bán căn hộ chung cư đẹp tại Smile Building, 5,450 tỷ, 82m2, 2PN + 2WC. LH 0989 388 ***","5,45 tỷ",82 m²,"66,46 tr/m²",2,2,"Đại Kim, Hoàng Mai","20.977954439301932, 105.83702132734987"
42369129,08/03/2025,"CẦN BÁN CĂN CHUNG CƯ TẠI TOÀ HH03 ECO LAKE VIEW 32 ĐẠI TỪ, 6 TỶ 2, DIỆN TÍCH 91M2, TẦNG CAO.","6,2 tỷ",91 m²,"68,13 tr/m²",3,2,"Đại Kim, Hoàng Mai","20.973054323327823, 105.83834135499244"
42191337,08/03/2025,"Chính chủ bán chung cư mini K5 - Tam Trinh - Lĩnh Nam 27m2, 35m2, 50m2, ô tô đỗ ngay sau Time city","1,18 tỷ",27 m²,"43,7 tr/m²",1,1,"Lĩnh Nam, Hoàng Mai","20.9798044382642, 105.864452776683"
39106678,08/03/2025,"Bán chung cư 176 Định Công, Hoàng Mai 90m2, 3 ngủ, 2 vệ sinh, nội thất 450 triệu, giá 5 tỷ 800","5,8 tỷ",90 m²,"64,44 tr/m²",3,2,"Định Công, Hoàng Mai","20.9827823638916, 105.834381103516"
42368992,08/03/2025,"Cần bán gấp căn đầu hồi 2ngủ 2WC sổ đỏ, giá 2,69 tỷ tại phường Đại Kim, Hoàng Mai, Hà Nội","2,69 tỷ","53,5 m²","50,28 tr/m²",2,2,"Đại Kim, Hoàng Mai","20.972763644268653, 105.8197080226128"
42337837,08/03/2025,"Bán gấp nhà tập thể tầng 2 Tân Mai, 60m2, 2 ngủ 2 wc, full đồ ở ngay, chỉ 2,77 tỷ","2,77 tỷ",60 m²,"46,17 tr/m²",2,2,"Tân Mai, Hoàng Mai","20.9835768877596, 105.84997196316"
42368859,08/03/2025,CẦN BÁN CĂN CHUNG CƯ MƠ ƯỚC - TIỆN ÍCH NGẬP TRÀN,"4,4 tỷ",80 m²,55 tr/m²,2,2,"Yên Sở, Hoàng Mai","20.962100083221888, 105.8644327541917"
42333630,08/03/2025,Bán nhà chung cư 897 Giải Phóng (sát bến xe Giáp Bát),"5,05 tỷ","62,5 m²","80,8 tr/m²",2,2,"Giáp Bát, Hoàng Mai","20.9797617105978, 105.841026120277"
39535041,08/03/2025,"Chính chủ bán căn hộ 74m2 tầng trung, ban công mát view đẹp, sổ đỏ, đủ nội thất, giá 4,8 tỷ có TL","4,8 tỷ",74 m²,"64,86 tr/m²",2,2,"Tương Mai, Hoàng Mai","20.987325668335, 105.849838256836"
39286382,08/03/2025,"Bán giá thực (không rao ảo) căn góc 63m2 sổ đỏ giá 4,95 tỷ Geleximco 897 Giải Phóng. LH: 0913 812 ***","4,95 tỷ",63 m²,"78,57 tr/m²",2,2,"Giáp Bát, Hoàng Mai","20.9795379638672, 105.841613769531"
42280289,08/03/2025,"Bán chung cư toà N02 K35 Tân Mai - Hoàng Mai DT 67m2 gồm 2 ngủ, 2 wc, giá 4,98 tỷ LH 0983 873 ***","4,98 tỷ",67 m²,"74,33 tr/m²",2,2,"Tương Mai, Hoàng Mai","20.983470701242183, 105.85126011265795"
41797414,08/03/2025,"Qũy căn hộ 2 ngủ 85m2, Sunshine Palace, Lĩnh Nam, Hoàng Mai, Hà Nội Lh: Mr. Tuấn Anh 0964 997 ***","5,6 tỷ",85 m²,"65,88 tr/m²",2,2,"Mai Động, Hoàng Mai","20.990140221176592, 105.86845937391138"
41797495,08/03/2025,"Chính chủ bán căn hộ 2PN tại Sunshine Palace, 5,6 tỷ, 80m2, Hoàng Mai. Đang được mở rộng đường","5,6 tỷ",80 m²,70 tr/m²,2,2,"Mai Động, Hoàng Mai","20.990055494163038, 105.86886749713598"
41797562,08/03/2025,"Căn hộ 2PN, 2WC tại Sunshine Palace, Lĩnh Nam, Hoàng Mai, 5,9 tỷ, 86m2 ban công dài 2 ngủ","5,9 tỷ",86 m²,"68,6 tr/m²",2,2,"Mai Động, Hoàng Mai","20.990423830958054, 105.86774302202393"
38896579,08/03/2025,Bán CHCC Đền Lừ view hồ Đền Lừ. DT 60m2 2PN 2WC ban công cực đẹp.,"3,35 tỷ",60 m²,"55,83 tr/m²",2,2,"Hoàng Văn Thụ, Hoàng Mai","20.9853687286377, 105.858757019043"
42343263,08/03/2025,"Gia đình cần bán căn hộ 2PN, 71m2, full nội thất, bc đông nam tại Rose Town, giá: 4 tỷ",4 tỷ,71 m²,"56,34 tr/m²",2,2,"Hoàng Liệt, Hoàng Mai","20.95604125374908, 105.84468638723588"
38955665,08/03/2025,O968127636 CHÍNH CHỦ CẦN BÁN SKY CENTRAl 176 ĐỊNH CÔNG: Diện tích 66m2( 2 NGỦ) - SỔ ĐỎ CHÍNH CHỦ,"4,8 tỷ",68 m²,"70,59 tr/m²",2,2,"Định Công, Hoàng Mai","20.9827823638916, 105.83438110351563"
42327377,08/03/2025,"Bán CC No3 Linh Đàm, 4,3 tỷ, 76m2, 3PN, 2WC, view đẹp, pháp lý đầy đủ","4,3 tỷ",76 m²,"56,58 tr/m²",3,2,"Thịnh Liệt, Hoàng Mai","20.96448403226101, 105.83014836985413"
41879962,08/03/2025,"Ngoại giao, chuyển nhượng, trực tiếp CĐT: VIP CĂN 3PN chỉ 5,5 tỷ 101m2, vay 0%/24T, CK tới 11%","5,5 tỷ",101 m²,"54,46 tr/m²",3,2,"Hoàng Liệt, Hoàng Mai","20.9585397281396, 105.826912488922"
42338363,08/03/2025,"Bán CC 2PN, 2WC tại HUD3 Nguyễn Đức Cảnh, Tương Mai, Hoàng Mai, Hà Nội, giá cực chất 5,2 tỷ","5,2 tỷ",70 m²,"74,29 tr/m²",2,2,"Tương Mai, Hoàng Mai","20.98737565322271, 105.85037477948757"
39321635,08/03/2025,"Bán CHCC The Two Gamuda DT 83m2 2PN 2WC, ban công rộng hướng cực mát thoáng","5,65 tỷ",83 m²,"68,07 tr/m²",2,2,"Yên Sở, Hoàng Mai","20.9700584411621, 105.877777099609"
41830971,08/03/2025,"Chính chủ chuyển nhượng Căn hộ 84.5m2 N04.07 Chung cư Hà Nội Melody Linh Đàm, Q.Hoàng Mai, Hà Nội",Giá thỏa thuận,"84,5 m²",N/A,2,2,"Hoàng Liệt, Hoàng Mai","20.958485126853247, 105.82639463537951"
42327007,08/03/2025,Quỹ căn 3 PN dự án Melody Linh Đàm giá tốt nhất thị trường LH: 0981 155 ***,"4,61 tỷ",94 m²,49 tr/m²,3,2,"Hoàng Liệt, Hoàng Mai","20.958896109755717, 105.82604055949213"
41636746,08/03/2025,"(Căn mới giá tốt) bán gấp căn 2PN/2WC, DT 55-58m2, giá 3.8 tỷ, Tầng trung, View thoáng, Sổ cầm tay","3,8 tỷ",55 m²,"69,09 tr/m²",2,2,"Hoàng Liệt, Hoàng Mai","20.9587688446045, 105.846313476563"
42104073,08/03/2025,"Căn hộ Hateco Hoàng Mai, lô góc thoáng, full nội thất, 96m2, 4.5 tỷ","4,5 tỷ",96 m²,"46,88 tr/m²",3,2,"Yên Sở, Hoàng Mai","20.96285499934747, 105.86505049128348"
42129370,08/03/2025,"(Thiện chí) Bán căn hộ góc 3PN/2WC, Giá 6.3x tỷ, DT 105m2, Full NT, Tầng cao, Sổ hồng, Hướng mát","6,35 tỷ",105 m²,"60,48 tr/m²",3,2,"Đại Kim, Hoàng Mai","20.97305593247761, 105.83824932720478"
42368206,08/03/2025,"chỉ với 1 tỷ 8 có ngay căn hộ 46m chung cư hh linh đàm, chung cư giá rẻ hà nội","1,8 tỷ",46 m²,"39,13 tr/m²",1,1,"Hoàng Liệt, Hoàng Mai","20.96416389798027, 105.82759798601143"
41664841,08/03/2025,"Chính chủ cần bán căn 68m2 - 2PN tầng 15 dự án Hanoi Melody Linh Đàm giá 3,8 tỷ","3,8 tỷ",68 m²,"55,88 tr/m²",2,N/A,"Hoàng Liệt, Hoàng Mai","20.9585018157959, 105.82634735107422"
41140681,08/03/2025,"Cần bán căn hộ giá 2,39 tỷ VND tại HH4 Linh Đàm, Hà Nội","2,39 tỷ",57 m²,"41,93 tr/m²",2,2,"Hoàng Liệt, Hoàng Mai","20.9633140563965, 105.826736450195"
42162810,08/03/2025,"Chính chủ cần bán căn Chung Cư Đồng Tàu- ngay cạnh khu trung tâm quận uỷ. 68m2, 3PN, 2vs, lô góc.","3,5 tỷ",68 m²,"51,47 tr/m²",3,2,"Thịnh Liệt, Hoàng Mai","20.9707978613642, 105.84454978141"
41925056,08/03/2025,"(Căn mới) bán căn hộ 2N - 3N, DT 83, 85m2, tầng trung, view hồ, full NT, giá 5.2 tỷ, sổ cầm tay","5,2 tỷ",85 m²,"61,18 tr/m²",3,2,"Hoàng Liệt, Hoàng Mai","20.9588819564038, 105.845786122538"
39326777,08/03/2025,Bán gấp siêu phẩm 2PN 90m2 Sunshine Palace view thành phố giá 5tỷ8 đã có sổ LH em Hoàng 0812 395 ***,"5,8 tỷ",90 m²,"64,44 tr/m²",2,2,"Mai Động, Hoàng Mai","20.99017040641177, 105.86882215210764"
42368043,08/03/2025,"Bán GẤP căn góc hiếm chung cư toà N4 KĐT Đồng Tàu 76m2, 3 Ngủ, 2WC. Full nội thất mới 0385 829 ***","4,2 tỷ",76 m²,"55,26 tr/m²",3,2,"Thịnh Liệt, Hoàng Mai","20.9754333344626, 105.840897514527"
40012277,08/03/2025,"Bán căn hộ chung cư 2 ngủ Feliz Homes, 69m2 đồ cơ bản, cửa ĐB ban công TN, giá 4.5 tỷ - 0977 636 ***","4,3 tỷ",69 m²,"62,32 tr/m²",2,2,"Hoàng Văn Thụ, Hoàng Mai","20.9848365783691, 105.859855651855"
42315980,08/03/2025,"Chính chủ Bán CC 123,6m2 tại Đại Từ, Hoàng Mai, Hà Nội, giá cực chất chỉ với 5,995 tỷ",6 tỷ,"123,6 m²","48,5 tr/m²",3,2,"Đại Kim, Hoàng Mai","20.9712262865598, 105.834990339872"
41282002,08/03/2025,"E cần bán gấp CC Nguyễn Đức cảnh 70m2, chỉ 3,85 tỷ - View Hồ Đền Lừ - full nội thất đẹp long lanh","3,85 tỷ",70 m²,55 tr/m²,2,N/A,"Tương Mai, Hoàng Mai","20.98763087920661, 105.85171836867104"
41925133,08/03/2025,"(Giá tốt) Sổ cầm tay, view hồ, tầng đẹp, căn hộ 2PN/2WC, DT 75m2, giá chỉ 4.8 tỷ tặng full nội thất","4,8 tỷ",75 m²,64 tr/m²,2,2,"Hoàng Liệt, Hoàng Mai","20.95817084928345, 105.84598254758735"
42347827,08/03/2025,Cần bán căn 3 ngủ 64m2 (3 ngủ 2VS) cư HH3B - Linh Đàm,"2,59 tỷ",64 m²,"40,47 tr/m²",3,2,"Hoàng Liệt, Hoàng Mai","20.963538892958585, 105.82812922150029"
42272679,08/03/2025,"(Giá tốt) Bán gấp căn 3PN, 80m2, Tầng trung, Hướng Nam, Full NT, Sổ hồng chính chủ, Giá bán 6.1 tỷ","6,1 tỷ",80 m²,"76,25 tr/m²",3,2,"Định Công, Hoàng Mai","20.983382472399068, 105.83407908662588"
42368111,08/03/2025,"Bán căn hộ 176 Định Công, 3 Ngủ, Diện tích 88m. Nhà đẹp hướng mát, có slot ô tô - Giá cực tốt","6,27 tỷ",88 m²,"71,25 tr/m²",3,2,"Định Công, Hoàng Mai","20.983334225861018, 105.83488410432375"
41755894,08/03/2025,"(Gấp) Thiện chí bán căn 2N/2WC, DT 71m2, giá 4.45 tỷ bao phí, full NT, tầng trung, xem nhà 24/24","4,45 tỷ",71 m²,"62,68 tr/m²",2,2,"Hoàng Liệt, Hoàng Mai","20.956588745117188, 105.84488677978516"
42129715,08/03/2025,"(Giá rẻ) Bán gấp căn 2N/2WC tại EcoLake, tầng cao, view đẹp, Full NT, sổ hồng chính chủ, Giá 4.4 tỷ","4,4 tỷ",75 m²,"58,67 tr/m²",2,2,"Đại Kim, Hoàng Mai","20.972532373320842, 105.83815697874012"
42129468,08/03/2025,"(New) Bán gấp căn 2N/2WC, Giá siêu tốt 4.75 tỷ, Tầng trung, Hướng mát, Full NT, Sổ hồng cầm tay","4,75 tỷ",81 m²,"58,64 tr/m²",2,2,"Đại Kim, Hoàng Mai","20.972894741924677, 105.83770758225027"
42368062,08/03/2025,"Hiếm bán căn hộ tầng siêu đẹp Ở Nơ7A. DT: 85m2 với 3PN-2VS,Full nội thất đẹp long lanh. Giá:4,835tỷ","4,84 tỷ",85 m²,"56,88 tr/m²",3,2,"Hoàng Liệt, Hoàng Mai","20.9614302332716, 105.835391685543"
42332628,08/03/2025,Bán CHCC Feliz Homes - Hoàng Mai toà Zen Tower căn góc. DT 129m2 3PN 2WC,"8,5 tỷ",129 m²,"65,89 tr/m²",3,2,"Hoàng Văn Thụ, Hoàng Mai","20.9853956437088, 105.86049382192"
41975763,08/03/2025,"Tập thể lô góc tầng 2 Giải Phóng. DT 51/95m2 3 ngủ 2 wc 2 ban công, 30m ra đường Giải Phóng 3,75 tỷ","3,75 tỷ",95 m²,"39,47 tr/m²",3,2,"Giáp Bát, Hoàng Mai","20.9838332604147, 105.841454035557"
41925004,08/03/2025,"(Căn mới) Bán căn góc hoa hậu 3PN, DT 100m2, full NT nhập khẩu, view hồ, hướng mát, sổ lâu dài",7 tỷ,100 m²,70 tr/m²,3,2,"Hoàng Liệt, Hoàng Mai","20.95902716124281, 105.84582571059775"
40409625,08/03/2025,"Bán nhà tập thể tầng 1, ngõ 815 Giải Phóng 150m2 mặt tiền 8m giá 5.5tỷ","5,5 tỷ",150 m²,"36,67 tr/m²",3,3,"Giáp Bát, Hoàng Mai","20.9837461, 105.8411144"
42352998,08/03/2025,"Chỉ 3 tỷ 4 sở hữu căn hộ 3 Phòng ngủ tại KĐT Bắc Linh Đàm, sđcc, full nội thất","3,4 tỷ",69 m²,"49,28 tr/m²",3,N/A,"Đại Kim, Hoàng Mai","20.9747079846163, 105.823940138641"
42302136,08/03/2025,"Bán Căn hộ chung cư Gelexia Riverside, 4,65 tỷ, 68m2, 2PN, 2WC, Chính chủ Hot!","4,65 tỷ",68 m²,"68,38 tr/m²",2,2,"Yên Sở, Hoàng Mai","20.972445378990006, 105.86574403946774"
41924537,08/03/2025,"Thiện chí bán căn 2N/2WC mới bàn giao, DT 79m2, Giá 5 tỷ,Full NT, tầng cao, view đẹp, hướng mát",5 tỷ,79 m²,"63,29 tr/m²",2,2,"Hoàng Liệt, Hoàng Mai","20.9560262561592, 105.844802724493"
40186514,08/03/2025,"(Hiếm) Bán căn góc 3PN, DT 95m2, Giá 6.6 tỷ, Tầng trung, Full NT, Sổ chính chủ, Hướng mát, View đẹp","6,6 tỷ",95 m²,"69,47 tr/m²",3,2,"Định Công, Hoàng Mai","20.9827823638916, 105.834381103516"
42129559,08/03/2025,"(Cần gấp) Bán căn góc 3PN/2WC, DT 95m2, Giá 6 tỷ, Tầng vừa, View thoáng, Full NT, Sổ cầm tay",6 tỷ,95 m²,"63,16 tr/m²",3,2,"Đại Kim, Hoàng Mai","20.973286064391928, 105.83845362636644"
42336135,08/03/2025,"Bán CC N9 Đồng Tàu 2PN 2WC, 68m2 tại Thịnh Liệt, Hoàng Mai, Hà Nội, giá tốt 3,57tỷ. LH: 0917 208 ***","3,57 tỷ",68 m²,"52,5 tr/m²",2,2,"Thịnh Liệt, Hoàng Mai","20.9768732069892, 105.847678236828"
41571901,08/03/2025,"(Giá tốt) Bán căn 2PN, Tầng trung, Hướng nam, DT 65m2,Giá 4.6 tỷ, NTCB, Sổ hồng, LH: 0967 465 ***","4,6 tỷ",65 m²,"70,77 tr/m²",2,1,"Định Công, Hoàng Mai","20.9827823638916, 105.83438110351563"
41924468,08/03/2025,"(Mới) Bán căn 3PN góc hoa hậu tòa lâu dài, DT 95m2, tầng trung, view thoáng, full NT, giá 5.8 tỷ","5,8 tỷ",95 m²,"61,05 tr/m²",3,2,"Hoàng Liệt, Hoàng Mai","20.956483707886118, 105.84500057093017"
42201812,08/03/2025,"Căn hộ 2n tại Green Park Trần Thủ Độ, 3,5 tỷ","3,5 tỷ",55 m²,"63,64 tr/m²",2,2,"Hoàng Liệt, Hoàng Mai","20.958919429601927, 105.84634564187633"
39404585,08/03/2025,Trực tiếp từ CDT tư vấn mua quỹ căn chuẩn pháp lý tại DA Viễn Đông Star,"2,72 tỷ",85 m²,32 tr/m²,2,2,"Thịnh Liệt, Hoàng Mai","20.977571487426758, 105.84281921386719"
42367808,08/03/2025,"Chính chủ bán CC Đền Lừ 3,5 tỷ, 68m2, 2pn 2vs, nội thất đẹp, LH 0936 358 ***","3,5 tỷ",68 m²,"51,47 tr/m²",2,2,"Hoàng Văn Thụ, Hoàng Mai","20.9861600605762, 105.863547442276"
42211413,08/03/2025,"Cần bán gấp căn hộ 2PN, 70m2 giá chuẩn 4,5 tỷ CC Eco Lake View tại 32 Đại Từ, Hoàng Mai, Hà Nội","4,5 tỷ",70 m²,"64,29 tr/m²",2,2,"Đại Kim, Hoàng Mai","20.9728979351211, 105.838527115022"
42308321,08/03/2025,"Chính chủ cần tiền bán gấp căn góc 95m2, 3pn giá 5,6x tỷ CC Rose Town 79 Ngọc Hồi 098333908chín","5,68 tỷ",95 m²,"59,79 tr/m²",3,2,"Hoàng Liệt, Hoàng Mai","20.956621211622057, 105.84432236313553"
42367717,08/03/2025,Chính Chủ Bán Căn Hoa Hậu An Bình Định Kim Hoàng Mai 3 ngủ lh 0929 656 ***,Giá thỏa thuận,113 m²,N/A,3,2,"Định Công, Hoàng Mai","20.98398276874655, 105.83165567303713"
39268771,08/03/2025,"Bán CHCC Gelexia 885 Tam Trinh - Hoàng Mai. DT: 67m2 2PN + 2WC. Giá: 4,3 tỷ. Lh: 0964 835 ***","4,3 tỷ",67 m²,"64,18 tr/m²",2,2,"Yên Sở, Hoàng Mai","20.9729385375977, 105.866355895996"
38830628,08/03/2025,"Bán CHCC Đồng Phát Park View - Hoàng Mai. DT: 62,5m2. 2PN 2WC. Giá: 3,8 tỷ. Lh: E Huỳnh 0964 835 ***","3,8 tỷ","62,5 m²","60,8 tr/m²",2,2,"Vĩnh Hưng, Hoàng Mai","20.980098724365234, 105.87424468994141"
37441925,08/03/2025,"Bán CHCC New Horizon 87 Lĩnh Nam. DT: 80m2. 2PN + 2 NVS. Giá: 5,1 tỷ. LH: 0964 835 ***","5,1 tỷ",80 m²,"63,75 tr/m²",2,2,"Mai Động, Hoàng Mai","20.989424, 105.86656"
38250459,08/03/2025,Bán CHCC SBán CHCC Sunshine Palace ngõ 13 Lĩnh Nam. DT: 80m2 2pn + 2wc. Giá: 6 tỷ. Lh: 0964 835 ***,6 tỷ,80 m²,75 tr/m²,2,2,"Mai Động, Hoàng Mai","20.9901828765869, 105.868659973145"
42367481,08/03/2025,Chính chủ em Bán căn hộ 67m 2pn 2vs- CT2- TP Tây nam Linh Đàm. Full nội thất cao cấp!,"3,75 tỷ",67 m²,"55,97 tr/m²",2,2,"Hoàng Liệt, Hoàng Mai","20.9615153578785, 105.835399290339"
36681750,08/03/2025,Bán CHCC N3 Đồng Tàu - Thịnh Liệt. DT: 54m2 2PN + 1VS. Giá: 3.15 tỉ có TL. LH: 0964 835 ***,"3,15 tỷ",54 m²,"58,33 tr/m²",2,1,"Thịnh Liệt, Hoàng Mai","20.9768257008603, 105.84721264712"
42367469,08/03/2025,"GẤP GẤP CẦN BÁN CĂN 56m 2N2Vs Giá 2,1x tỷ THƯƠNG LƯỢNG SÂU. Lhe: 0921 863 ***","2,1 tỷ",56 m²,"37,5 tr/m²",2,2,"Hoàng Liệt, Hoàng Mai","20.964861202760265, 105.82722025083187"
42367650,08/03/2025,"Chủ nhà gửi bán CC Vĩnh Hoàng 3,1 tỷ, 58m2, 2 phòng ngủ, Lô Góc đẹp, LH 0936 358 ***","3,1 tỷ",58 m²,"53,45 tr/m²",2,1,"Hoàng Văn Thụ, Hoàng Mai","20.9862754021557, 105.863454272803"
37423493,08/03/2025,BQL cập nhật quỹ căn hộ giá tốt The One Residence (1/2025) LH: 0904 744 *** để biết thêm chi tiết,"4,08 tỷ",67 m²,"60,9 tr/m²",2,N/A,"Yên Sở, Hoàng Mai","20.9692039489746, 105.876914978027"
42367590,08/03/2025,"Bán căn chung cư Viễn Đông Star số 1 Giáp Nhị- Thịnh Liệt.DT:110m2, 3N+2WC. Giá 5,2tỷ.LH:0917 208 ***","5,2 tỷ",110 m²,"47,27 tr/m²",3,2,"Thịnh Liệt, Hoàng Mai","20.97807110999269, 105.84225538871884"
42327142,08/03/2025,Chính chủ cần bán nhanh căn hộ 2 ngủ 61m chung cư VP5 bán đảo Linh Đàm,"3,15 tỷ","61,5 m²","51,22 tr/m²",2,2,"Hoàng Liệt, Hoàng Mai","20.96437487441411, 105.83145528155309"
42185872,08/03/2025,"Nhà chính chủ pháp lý đầy đủ, căn 3 ngủ full nội thất nhà đẹp về ở ngay chung cư CT2 Bắc Linh Đàm","3,63 tỷ",67 m²,"54,18 tr/m²",3,1,"Đại Kim, Hoàng Mai","20.971306035964009, 105.82872614027517"
42337086,08/03/2025,Chính chủ bán căn hộ 80m2 3PN 2WC chung cư HUD full nội thất sổ đỏ chính chủ về ở ngay,"4,15 tỷ","79,9 m²","51,94 tr/m²",3,2,"Đại Kim, Hoàng Mai","20.97091266683805, 105.82740635770172"
42212351,08/03/2025,"Nhà chính chủ, bán căn hộ 75m2 3 PN 2WC chung cư Nơ 1A Linh Đàm, nội thất cao cấp sổ đỏ chính chủ","4,35 tỷ",75 m²,58 tr/m²,3,2,"Đại Kim, Hoàng Mai","20.971483693915232, 105.82820720471743"
42113103,08/03/2025,"Bán nhanh căn hộ 81m2 3PN sổ đỏ chính chủ Nơ 3 KĐT Pháp Vân, sổ đỏ chính chủ","3,6 tỷ",81 m²,"44,44 tr/m²",3,2,"Hoàng Liệt, Hoàng Mai","20.9561457958372, 105.844881153244"
41571840,08/03/2025,Hot! Chính chủ cần bán căn hộ toà OCT1X1 DN1 Bắc Linh Đàm - full nội thất mới,"3,35 tỷ",67 m²,50 tr/m²,2,2,"Đại Kim, Hoàng Mai","20.97145652770996, 105.82817077636719"
41363722,08/03/2025,"Bán căn hộ 96m2 tại Nơ 4A Linh Đàm - Full nội thất cao cấp, chỉ việc vào ở","4,61 tỷ",96 m²,"48,02 tr/m²",3,2,"Hoàng Liệt, Hoàng Mai","20.97145652770996, 105.82817077636719"
41822942,08/03/2025,Bán căn CC Nơ 9 - 83m2 Bán đảo Linh Đàm - Full nội thất mới 100%,"4,5 tỷ",83 m²,"54,22 tr/m²",3,2,"Hoàng Liệt, Hoàng Mai","20.97091642610085, 105.8276936909707"
42093721,08/03/2025,Hàng hiếm! Duy nhất 1 căn 3PN tại Nơ 3 bán đảo Linh Đàm đầy đủ công năng cho hộ gia đình đông người,"3,75 tỷ",70 m²,"53,57 tr/m²",3,2,"Đại Kim, Hoàng Mai","20.972111142124515, 105.82795652038706"
41633547,08/03/2025,Bán căn hộ 2PN 2VS - CT2X2 Linh Đàm - Full nội thất mới 100%,"2,95 tỷ",55 m²,"53,64 tr/m²",2,2,"Hoàng Liệt, Hoàng Mai","20.97145652770996, 105.82817077636719"
42246217,08/03/2025,Bán căn hộ 2pn 2vs tòa Hud 3 Linh Đàm- nhà đẹp full nội thất! Vào được ngay.,"3,77 tỷ",67 m²,"56,27 tr/m²",2,2,"Hoàng Liệt, Hoàng Mai","20.9596819071078, 105.833813774674"
42275925,08/03/2025,HƠN 3 TỶ - NHÀ ĐẸP Ở NGAY - 3 NGỦ - SỔ ĐỎ - TÒA NƠ7 BÁN ĐẢO LINH ĐÀM,"3,9 tỷ",74 m²,"52,7 tr/m²",3,2,"Hoàng Liệt, Hoàng Mai","20.9642377353668, 105.831674276508"
42156821,08/03/2025,Lô Góc Nơ 7A- CC Bán đảo Linh Đàm - 3pn 2vs - Đầy đủ nội thất cao cấp!,"4,88 tỷ",95 m²,"51,37 tr/m²",3,2,"Hoàng Liệt, Hoàng Mai","20.9636642301463, 105.831609378458"
42287863,08/03/2025,Lô góc 92m- View thoáng- CC D2CT2 Tây Nam Linh Đàm- Nội thất để lại Full mới! Mua ngay.,"5,25 tỷ",92 m²,"57,06 tr/m²",3,2,"Hoàng Liệt, Hoàng Mai","20.9614834375855, 105.835409378153"
42111454,08/03/2025,"Hot! Đẹp nhất khu CC Linh Đàm- 85m2- 3pn 2vs- Đầy đủ nội thất mới tinh, vào ở luôn!","4,3 tỷ",85 m²,"50,59 tr/m²",3,2,"Hoàng Liệt, Hoàng Mai","20.9658411775734, 105.828005866181"
42302951,08/03/2025,"Lô góc- Duy nhất 1 căn 3pn tại tòa CT5X2, nội thất mới, hiện đại.","4,7 tỷ",88 m²,"53,41 tr/m²",3,2,"Hoàng Liệt, Hoàng Mai","20.9709197482078, 105.835099183919"
42079390,08/03/2025,Bán gấp căn hộ 3pn 2vs tại CT3C X2 Linh Đàm- Full nội thất cao cấp- Ở được luôn!,"4,85 tỷ",93 m²,"52,15 tr/m²",3,2,"Đại Kim, Hoàng Mai","20.97153135668391, 105.82793287522283"
42264165,08/03/2025,Bán căn hộ tòa CT4AX2 - diện tích rộng - căn hộ 3 ngủ - sổ đỏ - nội thất mới,"4,7 tỷ",90 m²,"52,22 tr/m²",3,2,"Đại Kim, Hoàng Mai","20.9717503575019, 105.828129926557"
42359792,08/03/2025,Bán căn hộ 2PN 50m2 CT1 A1 - Tây Nam Linh Đàm - View thoáng (full nội thất - có sổ),"2,65 tỷ",50 m²,53 tr/m²,2,1,"Hoàng Liệt, Hoàng Mai","20.962137364985512, 105.82105385429672"
42367482,08/03/2025,Cần Bán Gấp Căn Hộ Osaka Complex 71 m 2 PN 2 Vs Lh : 0929 656 ***,Giá thỏa thuận,71 m²,N/A,2,2,"Hoàng Liệt, Hoàng Mai","20.95908406076302, 105.83790232985122"
42367441,08/03/2025,"Bán gấp CC Đồng Phát 4,6 tỷ, 88m2 3 phòng ngủ, căn Lô Góc, tặng nộ thất xịn, LH 0936 358 ***","4,6 tỷ",88 m²,"52,27 tr/m²",3,2,"Vĩnh Hưng, Hoàng Mai","20.979642233086697, 105.87401036618226"
42361283,08/03/2025,"Bán căn cực hiếm chung cư toà N3 Đồng DT: 54m2, 2 phòng ngủ + 1 wc. Giá 3,15 tỷ. LH: 0917 208 ***","3,15 tỷ",54 m²,"58,33 tr/m²",2,1,"Thịnh Liệt, Hoàng Mai","20.9768296712732, 105.847051841797"
41141823,08/03/2025,"Căn hộ mơ ước CC 71,8m2, 2 ngủ, 2 vs ở CT2 - D1 Tây Nam Linh Đàm giá nhỉnh 4.4 tỷ","4,4 tỷ","71,8 m²","61,28 tr/m²",2,2,"Hoàng Liệt, Hoàng Mai","20.962661743164062, 105.8212661743164"
42367353,08/03/2025,Chính Chủ Cần Bán Căn Hoa Hậu x2 Đại Kim Siêu đẹp 0929 656 ***,Giá thỏa thuận,86 m²,N/A,3,2,"Đại Kim, Hoàng Mai","20.97634008663898, 105.82540672436889"
42134523,08/03/2025,"Giá tốt nhỉnh 6 tỷ - Bán căn 3N 99m2 GreenPark, sổ lâu dài. Tầng đẹp, full nội thất. LH: 0366 261 ***",Giá thỏa thuận,99 m²,N/A,3,2,"Hoàng Liệt, Hoàng Mai","20.958823428216853, 105.84621021132067"
38857015,08/03/2025,"Bán CHCC @Home 987 Tam Trinh - Hoàng Mai. DT: 70m2 3PN + 2WC. Giá: 4,5 tỷ. LH: 0964 835 ***","4,5 tỷ",70 m²,"64,29 tr/m²",3,2,"Yên Sở, Hoàng Mai","20.9799327850342, 105.864631652832"
39585499,08/03/2025,"Top 1 dự án-Giá từ 4 tỷ bán căn 60m2-68m2-74m2-83m2 Green Park,view hồ. Sẵn sổ đỏ.LH:0366 261 ***",Giá thỏa thuận,68 m²,N/A,2,2,"Hoàng Liệt, Hoàng Mai","20.958425640958286, 105.84707020510903"
42367330,08/03/2025,"Bán CHCC tòa H(căn góc)Đền Lừ.DT:54m2, 2N+2WC giá 3,35 tỷ. LH: 0917 208 ***","3,35 tỷ",54 m²,"62,04 tr/m²",2,2,"Hoàng Văn Thụ, Hoàng Mai","20.984586664217762, 105.86036261549332"
42367306,08/03/2025,Chính Chủ Bán Chung Cư căn hộ Rice city Toà Nam Linh Đàm lh; 0929 656 ***,Giá thỏa thuận,70 m²,N/A,3,2,"Hoàng Liệt, Hoàng Mai","20.963344231900265, 105.82263236711017"
41425798,08/03/2025,"Hiếm! Bán CH 75m2 2 ngủ chung cư T&T - 440 Vĩnh Hưng. Full nội thất cao cấp, có slot ô tô","4,75 tỷ",77 m²,"61,69 tr/m²",2,2,"Vĩnh Hưng, Hoàng Mai","20.9989376068115, 105.880195617676"
41336395,08/03/2025,"Bán căn hộ 80m2 3 ngủ chung cư Hateco Yên Sở, Hoàng Mai, HN. Full nội thất xịn sò","4,6 tỷ",80 m²,"57,5 tr/m²",3,2,"Yên Sở, Hoàng Mai","20.9627342224121, 105.86434173584"
42326144,08/03/2025,Bán CH 71m2 2 ngủ CC Osaka Complex 48 Ngọc Hồi Hoàng Mai,"3,85 tỷ",71 m²,"54,22 tr/m²",2,2,"Hoàng Liệt, Hoàng Mai","20.95877024774231, 105.8389040179908"
42329349,08/03/2025,"Bán căn hộ 66.7m2 chung cư K35 Tân Mai, Hoàng Mai","5,2 tỷ","66,7 m²","77,96 tr/m²",2,2,"Tương Mai, Hoàng Mai","20.98335119535533, 105.85109513650995"
41337106,08/03/2025,"Bán căn hộ 85m2 chung cư Gelexia 885 Tam Trinh - Yên Sở - Hoàng Mai, view Gamuda","4,92 tỷ",85 m²,"57,88 tr/m²",2,2,"Yên Sở, Hoàng Mai","20.9732125205973, 105.866594733198"
42196552,08/03/2025,Bán căn hộ CC 72m2 căn góc toà B tại Đồng Phát Parkview Vĩnh Hoàng,"4,5 tỷ",72 m²,"62,5 tr/m²",2,2,"Vĩnh Hưng, Hoàng Mai","20.980257350573652, 105.87443564449163"
41776607,08/03/2025,"Bán căn hộ 3 ngủ 90m2 chung cư Hateco Yên Sở, Hoàng Mai","4,6 tỷ",90 m²,"51,11 tr/m²",3,2,"Yên Sở, Hoàng Mai","20.962898169604603, 105.86389293545108"
41654801,08/03/2025,"Bán căn hộ 74m2 chung cư Gelexia 885 Tam Trinh - Yên Sở - Hoàng Mai. Full nội thất 4,4 tỷ","4,4 tỷ",74 m²,"59,46 tr/m²",2,2,"Yên Sở, Hoàng Mai","20.9729385375977, 105.866355895996"
41394850,08/03/2025,"Bán căn hộ 105m2 3 ngủ chung cư Hateco Yên sở, Hoàng mai, tòa B căn góc 2 ban công, view thoáng đẹp","5,1 tỷ",105 m²,"48,57 tr/m²",3,2,"Yên Sở, Hoàng Mai","20.9627342224121, 105.86434173584"
42326555,08/03/2025,Bán căn hộ 70m2 chung cư HUD3 số 60 Nguyễn Đức Cảnh,"5,2 tỷ",70 m²,"74,29 tr/m²",2,2,"Tương Mai, Hoàng Mai","20.98816178061729, 105.8500451927329"
42323622,08/03/2025,"́ ́ ̂́ Căn 2PN, SĐCC tầng 1x chung cư Osaka Linh Đàm ̀ , ̀ ̣̂","3,2 tỷ",56 m²,"57,14 tr/m²",2,1,"Hoàng Liệt, Hoàng Mai","20.961741166717, 105.835334464227"
42222259,08/03/2025,Bán căn hộ CC 63m2 2 ngủ tại Đồng Phát Parkview,"3,8 tỷ",63 m²,"60,32 tr/m²",2,2,"Vĩnh Hưng, Hoàng Mai","20.979933186320398, 105.87372684049373"
42101813,08/03/2025,Bán căn hộ 3 ngủ chung cư Gelexia 885 Tam Trinh - Yên Sở - Hoàng Mai căn góc cực thoáng,"5,4 tỷ",87 m²,"62,07 tr/m²",3,2,"Yên Sở, Hoàng Mai","20.972636972996597, 105.86572626231948"
42157617,08/03/2025,"Bán căn 3PN giá chỉ như căn 2PN tại Hà Nội Melody Residences, 5,1 tỷ, 90m2!","5,1 tỷ",90 m²,"56,67 tr/m²",3,2,"Hoàng Liệt, Hoàng Mai","20.9590755743948, 105.826390810546"
39657764,08/03/2025,"Bán căn hộ 3 ngủ Hateco Hoàng Mai, View triệu đô, Sát Gamuda Central Residence, 79.5/86m2, 4.15 tỷ","4,15 tỷ",86 m²,"48,26 tr/m²",3,2,"Yên Sở, Hoàng Mai","20.962734, 105.86434"
42367073,08/03/2025,"SIÊU HIẾM !! CĂN HỘ TÒA HH1C LINH ĐÀM. DT 70M2, 2 NGỦ - 2 VỆ SINH + NỘI THẤT SIÊU ĐẸP SIÊU XỊN SÒ",Giá thỏa thuận,70 m²,N/A,N/A,N/A,"Hoàng Liệt, Hoàng Mai","20.965599367490572, 105.82613695514428"
42335038,08/03/2025,"Bán CC Gelexia 885 Tam Trinh, 68m2, 2pn 2vs, giá 3,95 tỷ. Căn hộ thoáng sáng vị trí đẹp","3,95 tỷ",68 m²,"58,09 tr/m²",2,2,"Yên Sở, Hoàng Mai","20.97256390275096, 105.86587702052438"
40059189,08/03/2025,"Chính chủ bán căn 2PN - 2WC 67m2 toà Zen Feliz Homes, cực thoáng full nội thất, view đẹp giá 4.5 tỷ","4,5 tỷ",67 m²,"67,16 tr/m²",2,2,"Hoàng Văn Thụ, Hoàng Mai","20.9848365783691, 105.859855651855"
37779734,08/03/2025,"Chính chủ bán căn góc 3 ngủ 2WC - toà Fantasy dự án Feliz Homes hướng Đông Nam, full nội thất","7,1 tỷ",115 m²,"61,74 tr/m²",3,2,"Hoàng Văn Thụ, Hoàng Mai","20.985250114803907, 105.8596935456858"
42309967,08/03/2025,"Bán căn góc cực hiếm tòa N4 Đồng Tàu. DT 76m2, 3 phòng ngủ+ 2 WC. Giá 4 tỷ 25. LH: 0917 208 ***","4,25 tỷ",76 m²,"55,92 tr/m²",3,2,"Thịnh Liệt, Hoàng Mai","20.9771325078429, 105.847144413781"
39572745,08/03/2025,"Nhà nơ KĐT Pháp Vân đường Trần Thủ Độ, Ngọc Hồi, BV Nội Tiết, IEC, Tecco 83m2 3 ngủ, 3.96 tỷ","3,96 tỷ",83 m²,"47,71 tr/m²",3,2,"Hoàng Liệt, Hoàng Mai","20.9562702178955, 105.84504699707"
42367002,08/03/2025,Chính chủ bán căn hộ chung cư Sky Central 176 ĐỊnh Công 75m 32 ngủ giá 4.6 tỷ,"4,6 tỷ",75 m²,"61,33 tr/m²",2,2,"Định Công, Hoàng Mai","20.983123452439933, 105.83486078970101"
42156319,08/03/2025,"Bán CC 85m2, 4,85 tỷ, 3PN, 2WC Toà Nơ 7A Bán Đảo Linh Đàm","4,85 tỷ",85 m²,"57,06 tr/m²",3,2,"Hoàng Liệt, Hoàng Mai","20.9640212541943, 105.83213474796"
42108871,08/03/2025,"Bán CC 2PN, 2WC tại HH4 Linh Đàm, 2,75 tỷ, 65m2, giá cực chất","2,75 tỷ",65 m²,"42,31 tr/m²",2,2,"Hoàng Liệt, Hoàng Mai","20.963587504242454, 105.82640290917257"
42360616,08/03/2025,BÁN CĂN HỘ 72M- TÒA VP5 BÁN ĐẢO LINH ĐÀM - SỔ HỒNG CHÍNH CHỦ,"4,3 tỷ",72 m²,"59,72 tr/m²",2,2,"Hoàng Liệt, Hoàng Mai","20.963766208559605, 105.83177297564497"
42365702,08/03/2025,NÓNG CỰC NÓNG-Bán căn Nơ 20 Pháp Vân-Dt 91m2-3N 2vs-Giá 4.4x tỷ(giá thương lượng).,"4,49 tỷ",91 m²,"49,34 tr/m²",3,2,"Hoàng Liệt, Hoàng Mai","20.956106724956364, 105.84472958783789"
42366758,08/03/2025,"Bán chung cư Đồng Tàu DT 76m2 3 ngủ 2 wc, Đấy đủ nội thất, gía 4,25 tỷ LH 0983 873 ***","4,25 tỷ",76 m²,"55,92 tr/m²",3,2,"Thịnh Liệt, Hoàng Mai","20.9766652138348, 105.847643143836"
42250205,08/03/2025,Tìm căn hộ 3PN nội đô Hà Nội giá tốt hãy đọc tin này,"5,05 tỷ",89 m²,"56,7 tr/m²",3,N/A,"Hoàng Liệt, Hoàng Mai","20.958743465860962, 105.82645624178562"
42366773,08/03/2025,"CHÍNH CHỦ BÁN CĂN HỘ 71m2 , 2 PN,2 VS GIÁ TỐT 2,7 TỶ TẠI HH1 LINH ĐÀM, HOÀNG MAI. LH: 0968 655 ***","2,7 tỷ",71 m²,"38,03 tr/m²",2,2,"Hoàng Liệt, Hoàng Mai","20.964580352451527, 105.82615828181603"
42306799,08/03/2025,"Bán gấp căn hộ 3PN, 2 VS tại CT5 X2 Bắc Linh Đàm, Hoàng Mai. LH: 0968 655 ***","4,65 tỷ",78 m²,"59,62 tr/m²",3,2,"Đại Kim, Hoàng Mai","20.971536543704467, 105.82838420547344"
41016905,08/03/2025,Siêu siêu hiếm - Bán căn hộ VP3 Linh Đàm - DT 93m2 - 3PN 2vs - Giá chỉ 5.1x tỷ (giá thương lượng),"5,15 tỷ",93 m²,"55,38 tr/m²",3,2,"Hoàng Liệt, Hoàng Mai","20.9644546508789, 105.831359863281"
42337587,08/03/2025,"Chính chủ bán gấp căn hộ 3 PN, 2 VS tại OCT2 - DN2 Bắc Linh Đàm, Hoàng Mai, Hà Nội","4,15 tỷ",80 m²,"51,88 tr/m²",3,2,"Đại Kim, Hoàng Mai","20.97149928953195, 105.82816358181697"
42269640,08/03/2025,"BÁN CC TẦNG ĐẸP NƠ 7A KDT LINH ĐÀM 3PN, 2VS VỚI GIÁ 3.86 TỶ. LH: 0968 655 ***","3,86 tỷ",65 m²,"59,38 tr/m²",3,2,"Đại Kim, Hoàng Mai","20.971121248093844, 105.82796953528079"
42366725,08/03/2025,"BÁN GẤP CĂN HỘ 2PN,2VS FULL NỘI THẤT MỚI TINH TẠI VP5 LINH ĐÀM. LH: 0968 655 ***","3,72 tỷ","61,5 m²","60,49 tr/m²",2,2,"Hoàng Liệt, Hoàng Mai","20.96332054342119, 105.83221533853444"
42347955,08/03/2025,"Bán căn hộ K35 Tân Mai, Hoàng Mai tòa NO1A DT: 96.5m2 3 ngủ, 2 vệ sinh, giá 7.7 tỷ LH 0983 873 ***",7 tỷ,"96,5 m²","72,54 tr/m²",3,2,"Tương Mai, Hoàng Mai","20.9837379455566, 105.8515625"
42361292,08/03/2025,"Bán chung cư N3 Đồng Tàu - Thịnh Liệt - DT 54 m2 có 2 phòng ngủ + 1wc. Giá 3,15 tỷ lh 0983 873 ***","3,15 tỷ",54 m²,"58,33 tr/m²",2,1,"Thịnh Liệt, Hoàng Mai","20.9768257008603, 105.84721264712"
42366663,08/03/2025,Bán chung cư chính chủ miễn chung gian. Kim Văn Kim Lũ,3 tỷ,60 m²,50 tr/m²,2,2,"Đại Kim, Hoàng Mai","20.972944180759, 105.819610879909"
42366681,08/03/2025,"BÁN CĂN GÓC 63m2 CHIA 2PN, 2 VS VIEW CHECK HỒ TẠI HH3 LINH ĐÀM, HOÀNG MAI. LH: 0968 655 ***","2,53 tỷ","63,5 m²","39,84 tr/m²",2,2,"Hoàng Liệt, Hoàng Mai","20.96328797158543, 105.82775010339009"
42366522,08/03/2025,Bán căn chung cư 2 Ngủ @Home 987 Tam Trinh - Hoàng Mai. Diện tích 58m - Giá 3.3 tỷ,"3,3 tỷ",58 m²,"56,9 tr/m²",2,1,"Yên Sở, Hoàng Mai","20.980610090035317, 105.86471279501838"
42334494,08/03/2025,"Gia đình cần bán căn hộ 3PN (Góc), 100m2, Full đồ, tầng 2x tại Rose Town, GIÁ: 5.6 tỷ","5,6 tỷ",100 m²,56 tr/m²,3,2,"Hoàng Liệt, Hoàng Mai","20.956220161812464, 105.84440968500466"
42334468,08/03/2025,"Gia đình cần bán căn hộ 2PN, 86m2, sổ hồng, hướng mát tại Phương Đông Green Park, giá: 5.3 tỷ","5,3 tỷ",86 m²,"61,63 tr/m²",2,2,"Hoàng Liệt, Hoàng Mai","20.9579528170356, 105.846660817352"
42334503,08/03/2025,"Gia đình cần bán căn hộ 2PN, 72m2, sổ hồng, nhà đẹp tại Sky Central - 176 Định Công, GIÁ: 4.8 tỉ","4,8 tỷ",72 m²,"66,67 tr/m²",2,2,"Định Công, Hoàng Mai","20.98251961451519, 105.8348323154576"
42366342,08/03/2025,BÁN CĂN 3 NGỦ GÓC 96M2 GIÁ TỐT NHẤT ECO LAKE VIEW CHỈ HƠN 5 TỶ. LH: 0949 650 ***,"5,6 tỷ",99 m²,"56,57 tr/m²",3,2,"Đại Kim, Hoàng Mai","20.973438621198405, 105.83880400159202"
42366237,08/03/2025,"Bán căn sổ đỏ 2 ngủ 2 vs ct2tp toà ít dân, giá 3,7 full nội thất mới tinh Lh 0978 331 ***","3,7 tỷ",58 m²,"63,79 tr/m²",2,2,"Hoàng Liệt, Hoàng Mai","20.965232498088714, 105.82438378931523"
42366265,08/03/2025,"Căn góc 3PN + 2WC tại New Horizon City, 6,2 tỷ, 92m2, Hoàng Mai, HN - hàng hiếm giá ưu đãi","6,2 tỷ",92 m²,"67,39 tr/m²",3,2,"Mai Động, Hoàng Mai","20.98911601349339, 105.86673491755857"
42120874,08/03/2025,"Bán Căn hộ chung cư HH2 Linh Đàm, 3,09 tỷ, 76m2, đầy đủ nội thất, hướng Đông Lh 0978 331 ***","3,09 tỷ",76 m²,"40,66 tr/m²",N/A,N/A,"Hoàng Liệt, Hoàng Mai","20.964331427681028, 105.82726055996933"
42366085,07/03/2025,"Mình cần bán căn hộ (3PN (Góc)), (93m2), (Full NT), (Giá: 5.75 tỷ) tại Rose Town, LH: 0943 242 ***","5,65 tỷ",93 m²,"60,75 tr/m²",3,2,"Hoàng Liệt, Hoàng Mai","20.956753766531076, 105.84481351254894"
42366074,07/03/2025,"Mình cần bán căn hộ (2PN), (64m2), (Full NT), (BC Đông Nam), (Giá: 4 tỷ) tại Rose Town",4 tỷ,64 m²,"62,5 tr/m²",2,2,"Hoàng Liệt, Hoàng Mai","20.957120168215965, 105.8441116025157"
42366065,07/03/2025,"Mình cần bán căn hộ (2PN), (74m2), (Sổ Hồng), (Giá: 4.9 tỷ) tại Phương Đông Green Park","4,9 tỷ",74 m²,"66,22 tr/m²",2,2,"Hoàng Liệt, Hoàng Mai","20.958771005271792, 105.84636002984323"
41433524,07/03/2025,Bán căn góc 118.3m2 chung cư Vật Tư Du Lịch South Tower số 8 Trần Thủ Độ 5.6 tỷ,"5,6 tỷ","118,3 m²","47,34 tr/m²",3,2,"Hoàng Liệt, Hoàng Mai","20.962495803833, 105.844841003418"
41858824,07/03/2025,"Bán căn góc tòa A1, 122m2 3PN, 2WC, 2logia giá 6.3 tỷ TL","6,3 tỷ",122 m²,"51,64 tr/m²",3,2,"Tương Mai, Hoàng Mai","20.987005801466736, 105.85213697732874"
41662654,07/03/2025,"Bán căn 04 H1 60 NĐC, 76,5m2 5.3 tỷ có TL","5,3 tỷ","72,6 m²",73 tr/m²,2,2,"Tương Mai, Hoàng Mai","20.987060546875, 105.850357055664"
42292033,07/03/2025,"Cần bán căn góc 3 ngủ tòa N02 Melody Linh Đàm tầng trung đẹp giá 5,6 tỷ bao phí","5,6 tỷ",100 m²,56 tr/m²,N/A,N/A,"Hoàng Liệt, Hoàng Mai","20.958600497272, 105.82691096573033"
41420668,07/03/2025,Bán căn 07 tòa A tầng trung chung cư Helios 75 Tam Trinh O934611663,Giá thỏa thuận,80 m²,N/A,2,2,"Mai Động, Hoàng Mai","20.994594481446363, 105.86341372157445"
42336425,07/03/2025,"Chính chủ bán căn 2 ngủ 77m2 tòa N04 Melody Linh Đàm view Đông Nam tầng đẹp giá chỉ 4,3 tỷ","4,4 tỷ",77 m²,"57,14 tr/m²",N/A,N/A,"Hoàng Liệt, Hoàng Mai","20.95858591629225, 105.82640131859391"
40729635,07/03/2025,"Bán căn góc 09 tòa A tầng 20x, 87m2 3PN 4.65tỷ bao phí có TL","4,65 tỷ","87,2 m²","53,33 tr/m²",3,2,"Vĩnh Hưng, Hoàng Mai","20.9800987243652, 105.874244689941"
42328690,07/03/2025,"Bán căn hộ 06 tòa A chung cư Sky Central 87,7m2 giá 6.2 tỷ 3PN","6,23 tỷ","87,7 m²",71 tr/m²,3,2,"Định Công, Hoàng Mai","20.982171113077047, 105.83433213439216"
41660003,07/03/2025,Bán căn hộ diện tích sổ 74m2 2PN 2WC 2 logia giá 4.4 tỷ,"4,4 tỷ",74 m²,"59,46 tr/m²",2,2,"Yên Sở, Hoàng Mai","20.9729385375977, 105.866355895996"
42365536,07/03/2025,Chính Chủ Bán Căn Hoa Hậu An Bình Định Kim Hoàng Mai 3 ngủ lh 0929 656 ***,Giá thỏa thuận,113 m²,N/A,3,2,"Định Công, Hoàng Mai","20.982788286396744, 105.8322247016019"
42345211,07/03/2025,"Bảng hàng ngoại giao trực tiếp chủ đầu tư căn hộ 2PN, 3PN giá tốt Hà Nội Melody Residences","6,06 tỷ","104,75 m²","57,81 tr/m²",3,2,"Hoàng Liệt, Hoàng Mai","20.95806875591511, 105.82690436535256"
42365423,07/03/2025,Cần Bán Gấp Căn Hộ Osaka Complex 71 m 2 PN 2 Vs Lh : 0929 656 ***,Giá thỏa thuận,71 m²,N/A,3,2,"Hoàng Liệt, Hoàng Mai","20.95922075206386, 105.83894495122583"
41841367,07/03/2025,"Bán CC 3 ngủ Feliz Homes Hoàng Mai giá ngang căn 2 ngủ, tầng đẹp, view bể bơi, 101m2 giá chỉ 6.2 tỷ","6,2 tỷ",101 m²,"61,39 tr/m²",3,2,"Hoàng Văn Thụ, Hoàng Mai","20.984676339385572, 105.86039628702592"
40827251,07/03/2025,Liệu có nên mua Feliz Homes Hoàng Mai vào thời điểm này? Giá cập nhật T3/2025 trực tiếp từ chủ nhà,"6,1 tỷ",100 m²,61 tr/m²,3,3,"Hoàng Văn Thụ, Hoàng Mai","20.983953075688323, 105.85991421627722"
40315393,07/03/2025,"Chuyển nhượng căn hộ 3PN Feliz Homes Hoàng Mai, giá tốt, nội thất đẹp 100.4m2 - 6.5 tỷ - 0977 636 ***","6,5 tỷ","100,4 m²","64,74 tr/m²",3,2,"Hoàng Văn Thụ, Hoàng Mai","20.9848365783691, 105.859855651855"
40581297,07/03/2025,"BQL toà nhà X2 Đại Kim cập nhật tháng 02/2025, giá chuẩn, không đăng ảo câu view",Giá thỏa thuận,86 m²,N/A,2,2,"Đại Kim, Hoàng Mai","20.9764270782471, 105.82543182373"
38687446,07/03/2025,"Giá tốt nhất! Căn hộ OCT1 X1 Bắc Linh Đàm, cạnh trường Bill Gate, 44m2*2PN 1VS","2,7 tỷ",44 m²,"61,36 tr/m²",2,1,"Đại Kim, Hoàng Mai","20.97145652771, 105.828170776367"
42365390,07/03/2025,Chính Chủ Cần Bán Căn Hoa Hậu x2 Đại Kim Siêu đẹp 0929 656 ***,Giá thỏa thuận,86 m²,N/A,3,2,"Đại Kim, Hoàng Mai","20.976547221204534, 105.82561244402818"
38124944,07/03/2025,"Bán CHCC @Home 987 Tam Trinh. DT:67m2 2PN + 2WC. Giá: 4,1 tỷ có TL. LH: 0964 835 ***","4,1 tỷ",67 m²,"61,19 tr/m²",2,2,"Yên Sở, Hoàng Mai","20.97993278503418, 105.86463165283203"
36653003,07/03/2025,"Bán CH N02. X. 17 thanh toán tiến độ. DT 101m2, ban công ĐN 3 ngủ căn góc đẹp view công viên bể bơi",Giá thỏa thuận,101 m²,N/A,3,2,"Hoàng Liệt, Hoàng Mai","20.9585018157959, 105.826347351074"
40872402,07/03/2025,Bán căn hộ officetel (50 năm) diện tích 123m2 chung cư Geleximco 897 Giải Phóng,"5,3 tỷ",123 m²,"43,09 tr/m²",2,2,"Giáp Bát, Hoàng Mai","20.9795379638672, 105.841613769531"
41964658,07/03/2025,"Căn hộ CC Osaka Complex - 48 Ngọc Hồi, 71m2, 2PN rộng, giá 3,4 tỷ (giá tốt)","3,4 tỷ",71 m²,"47,89 tr/m²",2,2,"Hoàng Liệt, Hoàng Mai","20.9596274862847, 105.837794304146"
39105528,07/03/2025,"Bán CHCC Hateco Yên Sở - Hoàng Mai. DT: 105m2, 3PN + 2WC. Giá: 5,1 tỷ. Lh: 0964 835 ***","5,1 tỷ",105 m²,"48,57 tr/m²",3,2,"Yên Sở, Hoàng Mai","20.9627342224121, 105.86434173584"
41482377,07/03/2025,Chính chủ đầu tư bán suất ngoại giao tòa chung cư X2 Đại Kim được chọn căn tầng khi mua,Giá thỏa thuận,86 m²,N/A,2,N/A,"Đại Kim, Hoàng Mai","20.97642707824707, 105.82543182373047"
41748849,07/03/2025,Bán căn hoa hậu 2 PN 80m2 Sunshine Palace giá chỉ 5tỷ480 đã có sổ đỏ - Em Long 0355 863 ***,"5,48 tỷ",85 m²,"64,47 tr/m²",2,2,"Mai Động, Hoàng Mai","20.9901828765869, 105.868659973145"
41960798,07/03/2025,"Bán căn hộ 3PN, 2WC 115m2 8tỷ280 Sunshine Palace 13 lĩnh nam - em Long 0355 863 ***","8,28 tỷ",115 m²,72 tr/m²,3,2,"Mai Động, Hoàng Mai","20.99081127932473, 105.8680793205466"
41562291,07/03/2025,Chuyển nhượng căn 2PN Sunshine Palace giá 5tỷ580 rẻ nhất dự án sẵn load xe oto - Em Long 0355 863 ***,"5,58 tỷ",85 m²,"65,65 tr/m²",2,2,"Mai Động, Hoàng Mai","20.990182876586914, 105.86865997314453"
42282263,07/03/2025,"Chủ nhà nhà cần bán gấp căn hộ 69m2 thiết kế 2PN, 2WC tầng trung nhà nội thất cao cấp chung Bea Sky","4,5 tỷ",69 m²,"65,22 tr/m²",2,2,"Đại Kim, Hoàng Mai","20.974562393121982, 105.82118784117513"
42312037,07/03/2025,"Quỹ căn bán 2PN-3PN giá tốt nhất thị trường Green Park, sổ đỏ lâu dài chỉ từ 3.x tỷ. LH: 0949 650 ***",Giá thỏa thuận,99 m²,N/A,3,2,"Hoàng Liệt, Hoàng Mai","20.959041463517664, 105.84661453299204"
42232661,07/03/2025,"Quỹ căn bán giá tốt nhất Eco Lake View 2N - 3N, từ 76m- 106m chỉ từ hơn 4 tỷ. LH: 0949 650 ***",Giá thỏa thuận,76 m²,N/A,2,2,"Đại Kim, Hoàng Mai","20.973326874780394, 105.8392176243283"
42364637,07/03/2025,"Cần bán căn hộ 2 ngủ 63m tại Geleximco- 897 Giải Phóng, liên hệ: 0368 945 ***",Giá thỏa thuận,"62,5 m²",N/A,2,2,"Giáp Bát, Hoàng Mai","20.979313456797385, 105.84158166964896"
42197497,07/03/2025,"Bán căn 2 ngủ tầng trung rẻ đẹp nhất dự án Melody, Hoàng Mai","3,6 tỷ","74,26 m²","48,48 tr/m²",2,2,"Hoàng Liệt, Hoàng Mai","20.958294572313008, 105.82562135422405"
42364489,07/03/2025,"Bán chung cư Phương Đông, chính chủ 02PN, 02 VS cực đẹp","3,7 tỷ",57 m²,"64,91 tr/m²",2,2,"Hoàng Liệt, Hoàng Mai","20.9587688446045, 105.846313476563"
40140415,07/03/2025,"Siêu phẩm đẹp long lanh tại HH2 Linh Đàm, nhà mới tinh, vuông vắn, thoáng mát quanh năm","1,65 tỷ",48 m²,"34,38 tr/m²",2,1,"Hoàng Liệt, Hoàng Mai","20.964334487915, 105.827293395996"
42267022,07/03/2025,"Mở bán căn hộ căn 3PN, 87.4m2 giá rẻ nhất dự án Melody Linh Đàm, 4,55 tỷ. LH: 0902 030 ***","4,55 tỷ","87,4 m²","52,06 tr/m²",3,2,"Hoàng Liệt, Hoàng Mai","20.9579598516527, 105.82683749772"
42364148,07/03/2025,"Cần tiền bán gấp nhà ở xã hội 66m 2 ngủ view hồ
chung cư HH Linh đàm giá tốt lh 0967 070 ***","2,48 tỷ",66 m²,"37,58 tr/m²",2,2,"Hoàng Liệt, Hoàng Mai","20.964548271714985, 105.82711665768184"
42364098,07/03/2025,"Bán căn hộ 76m2 Nơ Bán Đảo Linh Đàm ,Hoàng Mai,Hà Nội.Giá 4 tỷ 390.Sổ đỏ -Hỗ trợ vay.LH:0915 057 ***","4,39 tỷ",76 m²,"57,76 tr/m²",3,2,"Hoàng Liệt, Hoàng Mai","20.9642880548493, 105.831940659373"
42364051,07/03/2025,"BÁN CĂN HỘ CHUNG CƯ K35 TÂN MAI, HOÀNG MAI, HÀ NỘI - 73M2","4,95 tỷ",73 m²,"67,81 tr/m²",2,2,"Hoàng Văn Thụ, Hoàng Mai","20.9875777927523, 105.858700472604"
41241910,07/03/2025,"Quỹ căn tầng đẹp giá tốt dự án trung tâm Hà Nội Melody giá từ 5x, full nội thất, vay NH 0%, ck 8%",Giá thỏa thuận,95 m²,N/A,3,N/A,"Hoàng Liệt, Hoàng Mai","20.9585018157959, 105.826347351074"
42363804,07/03/2025,"Bán chung cư VP5 Linh Đàm, 3,4 tỷ, 62m2, số đỏ, nhiều tiện ích Lh 0978 331 ***","3,4 tỷ",62 m²,"54,84 tr/m²",2,2,"Hoàng Liệt, Hoàng Mai","20.962811570868688, 105.83200888400226"
42363753,07/03/2025,"Bán Căn hộ chung cư HH1 Linh Đàm, 2,1 tỷ, 56m2, 2PN, 2WC, đầy đủ nội thất","2,1 tỷ",56 m²,"37,5 tr/m²",2,2,"Hoàng Liệt, Hoàng Mai","20.964582585346832, 105.82650889625279"
42363713,07/03/2025,Bán nhanh căn hộ CC Kim Văn Kim Lũ - cạnh Viện Kiểm Định Vaxin - đối diện CV Chu Văn An,"3,1 tỷ",65 m²,"47,69 tr/m²",2,2,"Đại Kim, Hoàng Mai","20.973378952394523, 105.81948444734034"
42363674,07/03/2025,"Bán căn hộ CT5 - X2 Linh Đàm tại Nguyễn Phan Chánh, 4,7 tỷ, 80m2, 3PN, 2WC, pháp lý sổ đỏ","4,7 tỷ",80 m²,"58,75 tr/m²",3,2,"Hoàng Liệt, Hoàng Mai","20.971796934010403, 105.82795188743621"
42232155,07/03/2025,Bán 3 ngủ sân vườn full nội thất sang trọng view bể bơi cực đẹp - Feliz Homes Hoàng Mai,"7,8 tỷ",120 m²,65 tr/m²,3,2,"Hoàng Văn Thụ, Hoàng Mai","20.984660097344825, 105.86053018395555"
42216167,07/03/2025,"Bán căn góc 3 ngủ full nội thất ban công Đông Nam cực đẹp Feliz Homes, tầng trung view cực thoáng","7,3 tỷ",115 m²,"63,48 tr/m²",3,2,"Hoàng Văn Thụ, Hoàng Mai","20.985253105676833, 105.85968982227494"
42243601,07/03/2025,"VP5 căn 45m2 nhà đẹp, cảnh quan hồ công viên cây xanh Bán Đảo Linh Đàm LH 0978 331 ***","2,1 tỷ",45 m²,"46,67 tr/m²",2,1,"Hoàng Liệt, Hoàng Mai","20.963513145594096, 105.8313131722441"
42363696,07/03/2025,"Chính chủ cần bán gấp căn hộ chung cư Mandarin, 99 Tân Mai, Hoàng Mai 80m2 2PN full đồ 6.3 tỷ","6,3 tỷ",80 m²,"78,75 tr/m²",2,2,"Tân Mai, Hoàng Mai","20.9833590140339, 105.846787897653"
42363500,07/03/2025,"Bán căn hộ 103m chung cư cao cấp D1 - CT2 Tây Nam Linh Đàm, Hoàng Mai, sổ đỏ chính chủ","6,1 tỷ",103 m²,"59,22 tr/m²",3,2,"Đại Kim, Hoàng Mai","20.985610228393835, 105.80714617878608"
42363396,07/03/2025,"Chủ gửi bán nhanh căn cc 70.32m2 tại HH Linh Đàm Hoàng Liệt Hoàng Mai giá chỉ 2,7xx tỷ",Giá thỏa thuận,"70,32 m²",N/A,2,2,"Hoàng Liệt, Hoàng Mai","20.9646273988766, 105.826284089069"
42363282,07/03/2025,BÁN CHUNG CƯ HH LINH ĐÀM 46M2 - NỘI THẤT ĐẦY ĐỦ,"1,93 tỷ",46 m²,"41,96 tr/m²",1,1,"Hoàng Liệt, Hoàng Mai","20.96325565671775, 105.82764013762947"
42363349,07/03/2025,"Bán căn hộ Eco Lake View, 4,81 tỷ, 75m2, 2PN, 2WC, Tầng đẹp view Hồ","4,81 tỷ",75 m²,"64,13 tr/m²",2,2,"Đại Kim, Hoàng Mai","20.9730362311684, 105.837835895034"
42363196,07/03/2025,"Bán Căn hộ chung cư HH2 Linh Đàm, 3,08 tỷ, 76m2, hàng hiếm tại Hoàng Liệt, Hoàng Mai, Hà Nội","3,08 tỷ",76 m²,"40,53 tr/m²",3,2,"Hoàng Liệt, Hoàng Mai","20.963856670681967, 105.82776484325697"
39092970,07/03/2025,"Bán chung cư Định Công, Hoàng Mai 70m2, 2 ngủ, 2 vệ sinh, nội thất 400 triệu, slot ô tô, 4 tỷ 500","4,5 tỷ",70 m²,"64,29 tr/m²",2,2,"Định Công, Hoàng Mai","20.9827823638916, 105.834381103516"
39494283,07/03/2025,"Bán chung cư 176 Định Công 106m2, 3 ngủ, 2 vs, nội thất 450 triệu, slot oto, bao thuế phí, 6 tỷ 700","6,7 tỷ",106 m²,"63,21 tr/m²",3,2,"Định Công, Hoàng Mai","20.9827823638916, 105.834381103516"
41535018,07/03/2025,Chính chủ bán căn góc phụ 2 phòng ngủ full nội thất đẹp tại HH Linh Đàm giá vô cùng tốt 0965 289 ***,"2,4 tỷ",56 m²,"42,86 tr/m²",2,2,"Hoàng Liệt, Hoàng Mai","20.9647350311279, 105.826362609863"
42141836,07/03/2025,"Gia đình cần bán gấp căn 2PN CC Eco Lake View - 32 Đại Từ giá chỉ hơn 4 tỷ, liên hệ: 0904 250 ***","4,4 tỷ",74 m²,"59,46 tr/m²",2,2,"Đại Kim, Hoàng Mai","20.9730930328369, 105.838371276855"
39516789,07/03/2025,"Cần bán gấp căn hộ chung cư Melody Linh Đàm. Diện tích 74m2, vay LS 0% trong 24 tháng, giá 4 tỷ","3,6 tỷ",74 m²,"48,65 tr/m²",2,2,"Hoàng Liệt, Hoàng Mai","20.9586202185781, 105.825794689458"
42362914,07/03/2025,Cần bán 2 phòng tòa HH1 Linh Đàm Hoàng Mai chỉ 1 tỷ 820 triệu có hỗ trợ vay đến 70%.LH:0915 057 ***,"1,82 tỷ",48 m²,"37,92 tr/m²",2,1,"Hoàng Liệt, Hoàng Mai","20.9644240490098, 105.82638938926"
42203680,07/03/2025,NHANH TAY SỞ HỮU NGAY CĂN HỘ 62M2  CC THE ONE GAMUDA CHỈ NHỈNH 4 TỶ,"4,3 tỷ",62 m²,"69,36 tr/m²",2,2,"Định Công, Hoàng Mai","20.982946030812283, 105.83243191100168"
42262353,07/03/2025,CHÍNH CHỦ BÁN CĂN HỘ 3 NGỦ HUD8 . D1-CT2 TÂY NAM LINH ĐÀM DT 97M LH 0857 999 ***,"6,1 tỷ",97 m²,"62,88 tr/m²",3,2,"Hoàng Liệt, Hoàng Mai","20.964437523724694, 105.82444040060629"
42362729,07/03/2025,"Bán CC 3PN 2WC tại Hà Nội Melody Residences, giá cực chất 63 triệu/m2, 106m2","6,68 tỷ",106 m²,63 tr/m²,3,2,"Hoàng Liệt, Hoàng Mai","20.958703414897904, 105.82425746705758"
41433049,07/03/2025,"Bán căn hộ Rice City Linh Đàm, 4,1 tỷ VND, 67m2, 2 PN, 2 PT, view đẹp","4,1 tỷ",67 m²,"61,19 tr/m²",2,2,"Hoàng Liệt, Hoàng Mai","20.964601772052838, 105.82279126973701"
41928346,07/03/2025,"Bán căn hộ Rice City Linh Đàm, 3,75 tỷ, 63m2, 2PN + 2WC, hướng Đông Bắc, giá siêu hời","3,75 tỷ",63 m²,"59,52 tr/m²",2,2,"Hoàng Liệt, Hoàng Mai","20.964510732947357, 105.82299138979229"
41414067,07/03/2025,"Bán căn hộ đẹp tại Rice City Linh Đàm - giá tốt nhất chỉ 3,5 tỷ - 62,5m2","3,5 tỷ","62,5 m²",56 tr/m²,2,2,"Hoàng Liệt, Hoàng Mai","20.963834762573242, 105.82245635986328"
42362581,07/03/2025,"( Căn Mới ) Bán căn hộ chung cư Feliz Homes, Hoàng Văn Thụ, 5,4 tỷ, 77m2 thiện chí vào việc nhanh","5,4 tỷ",77 m²,"70,13 tr/m²",2,2,"Hoàng Văn Thụ, Hoàng Mai","20.98415417084972, 105.85982410726007"
42152548,07/03/2025,"BÁN CĂN 2PN GIÁ TỐT TÒA HH LINH ĐÀM, HOÀNG MAI.LH-0982 511 ***","2,46 tỷ",63 m²,"39,05 tr/m²",2,2,"Hoàng Liệt, Hoàng Mai","20.964664074081966, 105.82639583606216"
41696570,07/03/2025,"Căn cực hiếm, chỉ 2.63 tỷ sở hữu ngay căn hộ 54,3m2 2N2VS tại chung cư Kim Văn Kim Lũ","2,63 tỷ","54,3 m²","48,44 tr/m²",2,2,"Đại Kim, Hoàng Mai","20.973291397094727, 105.82000732421875"
41719967,07/03/2025,"Chính chủ cần bán gấp căn hộ 45m2, 1PN, 2VS giá nhỉnh 2 tỷ tòa nhà CT11 Kim Văn Kim Lũ","2,3 tỷ",45 m²,"51,11 tr/m²",1,1,"Đại Kim, Hoàng Mai","20.9732913970947, 105.820007324219"
42362381,07/03/2025,Chính chủ bán căn hộ 3 phòng ngủ sổ đỏ 73m2,"4,44 tỷ",73 m²,"60,82 tr/m²",3,2,"Hoàng Liệt, Hoàng Mai","20.9719288656486, 105.8284288412851"
41169281,07/03/2025,"Em Giang PKD chủ đầu tư quỹ căn 2PN giá tốt nhất thị trường, số lượng có hạn, hỗ trợ vay ngân hàng","3,5 tỷ",79 m²,"44,3 tr/m²",2,2,"Hoàng Liệt, Hoàng Mai","20.9565887451172, 105.844886779785"
42284170,07/03/2025,"Chính chủ bán nhanh căn hộ Vinaconex B Kim Văn Kim Lũ, Hoàng Mai, Hà Nội, diện tích 82m2","5,25 tỷ",82 m²,"64,02 tr/m²",2,2,"Đại Kim, Hoàng Mai","20.973276621330644, 105.81991948652848"
35042445,07/03/2025,"Chính chủ - bán chung cư CT1 Minh Khai - đại học Kinh Tế Quốc Dân, full nội thất, sổ hồng vĩnh viễn",800 triệu,50 m²,16 tr/m²,2,2,"Hoàng Văn Thụ, Hoàng Mai","20.9961581, 105.8618348"
42362644,07/03/2025,"Bán căn hộ chung cư CT36A Định Công DT 72m2 có 2 phòng ngủ + 2wc. Giá 4,25tỷ. LH: 0917 208 ***","4,25 tỷ",72 m²,"59,03 tr/m²",2,2,"Định Công, Hoàng Mai","20.97811438225344, 105.8349544460022"
42211282,07/03/2025,CHÍNH CHỦ CẦN BÁN CĂN HỘ TẠI HH LINH ĐÀM NHÀ NỘI THẤT MỚI TINH Ở NGAY TẦNG THẤP TIỆN ĐI LẠI GIÁ TỐT,"2,68 tỷ",67 m²,40 tr/m²,N/A,N/A,"Hoàng Liệt, Hoàng Mai","20.965076962910302, 105.82696554104993"
42128682,07/03/2025,"Bán chung cư OTC1 X1 DN1 Bắc Linh Đàm, 57m2 thông thủy, căn góc view thoáng mát full nội thất","3,35 tỷ",57 m²,"58,77 tr/m²",2,2,"Đại Kim, Hoàng Mai","20.971381406789025, 105.82761525917155"
42321828,07/03/2025,"Bán CC đẹp xuất sắc tại HH3 Linh Đàm, 2,95 tỷ, 66m2, 2PN, 2WC","2,95 tỷ",66 m²,"44,7 tr/m²",2,2,"Hoàng Liệt, Hoàng Mai","20.9642106887917, 105.828242343015"
42308747,07/03/2025,"Bán gấp căn CC 3PN - căn góc view hồ, mới tinh, giá siêu hời nhỉnh 4 tỷ khu Tây Nam Linh Đàm","4,7 tỷ",78 m²,"60,26 tr/m²",3,2,"Hoàng Liệt, Hoàng Mai","20.96333740357245, 105.82149472827216"
41446935,07/03/2025,"Cần bán chung cư Horizon 87 Lĩnh Nam, diện tích 94m2. 3PN, 2 vệ sinh giá bán: 6.180 tỷ. Có sổ đỏ","6,18 tỷ",94 m²,"65,74 tr/m²",3,2,"Mai Động, Hoàng Mai","20.9886638359417, 105.866264410098"
42362317,07/03/2025,Rẻ nhất khu vực Hoàng Mai! 76m2 3PN 2VS full nội thất giá 3.15 tỷ,"3,15 tỷ",76 m²,"41,45 tr/m²",3,2,"Hoàng Liệt, Hoàng Mai","20.964272109300364, 105.82797427943153"
37289058,07/03/2025,"Bán căn hộ 2 phòng ngủ góc tòa Tropical, full nội thất mới đẹp, nhà mới tinh, giá chỉ 4.8 tỷ","4,8 tỷ",69 m²,"69,56 tr/m²",2,2,"Hoàng Văn Thụ, Hoàng Mai","20.9848365783691, 105.859855651855"
40642561,07/03/2025,"Bán căn hộ toà CT4 Tây Nam Linh Đàm, 85m2, 3 ngủ, giá tốt",Giá thỏa thuận,85 m²,N/A,3,2,"Hoàng Liệt, Hoàng Mai","20.962661743164063, 105.82126617431641"
42361734,07/03/2025,"Bán CC mini 2PN, 1WC tại Đền Lừ, Hoàng Mai, Hà Nội, 1,4 tỷ, 50m2, đẹp, nhiều tiện ích","1,4 tỷ",50 m²,28 tr/m²,2,1,"Hoàng Văn Thụ, Hoàng Mai","20.9852193505271, 105.857754660736"
39804629,07/03/2025,Bán nhanh suất Ngoại Giao căn 2 ngủ Viễn Đông Star - Hoàng Mai giá 3tỉ.x - LH ngay: 0383 543 ***,"3,7 tỷ",85 m²,"43,53 tr/m²",2,2,"Thịnh Liệt, Hoàng Mai","20.9775714874268, 105.842819213867"
42361951,07/03/2025,Nhà quá đẹp ạ. E cần bán căn hộ tại toà HH2. TK: 3PN - 2VS với DT 76m2 - Giá chỉ 3.095tỷ. Nhà đẹp,"3,1 tỷ",76 m²,"40,72 tr/m²",3,2,"Hoàng Liệt, Hoàng Mai","20.964575119012174, 105.82718466815497"
42119817,07/03/2025,"Bán suất ngoại giao chung cư dự án MDHI Linh Đàm, 85m2, 2PN. sổ đỏ đầy đủ chỉ 2.9 tỷ","2,9 tỷ",85 m²,"34,12 tr/m²",2,2,"Hoàng Liệt, Hoàng Mai","20.97155721555141, 105.82747743903077"
42144655,07/03/2025,Bán căn 2 ngủ tại Osaka Complex giá tốt,"3,03 tỷ","60,3 m²","50,25 tr/m²",2,1,"Hoàng Liệt, Hoàng Mai","20.959248847850304, 105.838920421727"
42060754,07/03/2025,"Chính chủ mở bán dự án mới - Khu Minh Khai - Lĩnh Nam ngõ ô tô, 35m2, 50m2 - 0983 169 ***","1,35 tỷ",35 m²,"38,57 tr/m²",1,1,"Lĩnh Nam, Hoàng Mai","20.982005132678, 105.879898348865"
41976162,07/03/2025,"Mới! Bán căn hộ mini Phố Tam Trinh - Lĩnh Nam ngay sau Time City 37m2, 50m2, full đồ",Giá thỏa thuận,37 m²,N/A,1,1,"Lĩnh Nam, Hoàng Mai","20.982409069806, 105.879561253494"
42041562,07/03/2025,Chính chủ bán căn hộ cao cấp giá tốt tại Vinaconex 2 Hoàng Mai 77m2 2PN - 2VS full nội thất,"4,35 tỷ",77 m²,"56,49 tr/m²",2,2,"Đại Kim, Hoàng Mai","20.973318274108, 105.82016908503"
42285212,07/03/2025,3 ngủ 2 vệ sinh toà hh2b vew hồ,"3,08 tỷ",77 m²,40 tr/m²,3,2,"Hoàng Liệt, Hoàng Mai","20.96434610771415, 105.82716964010024"
42315076,07/03/2025,Em cần thanh khoản căn Nơ 7A bán đảo Linh Đàm,"4,8 tỷ",85 m²,"56,47 tr/m²",3,2,"Đại Kim, Hoàng Mai","20.971558740626822, 105.82861701160432"
41687137,07/03/2025,"Bán chung cư tầng thấp Đồng Tàu 53/70m2 2PN 3,05 tỷ thoáng dịch vụ rẻ an sinh","3,05 tỷ",53 m²,"57,55 tr/m²",2,1,"Thịnh Liệt, Hoàng Mai","20.9710753369062, 105.844444517047"
42150573,07/03/2025,Giảm ngay 400tr khi mua CH 106m/3PN tại Melody Linh Đàm giá tốt nhất thị trường Ck 8% HTLS 0% 24 th,"5,94 tỷ",106 m²,56 tr/m²,3,2,"Hoàng Liệt, Hoàng Mai","20.958687510859196, 105.82678595515551"
41529106,07/03/2025,"Bán căn hộ tòa OCT2 DN2 Bắc Linh Đàm 3 phòng ngủ 2 vệ sinh, sổ đỏ chính chủ","4,15 tỷ","79,5 m²","52,2 tr/m²",3,2,"Đại Kim, Hoàng Mai","20.9751648666994, 105.823612558334"
42281424,07/03/2025,"Cần bán căn hộ Bea Sky Đại Kim - Hoàng Mai - Hà Nội - DT69m2 - 2PN - 2WC - giá 4,6tỷ - LH 039426628","4,6 tỷ",69 m²,"66,67 tr/m²",2,2,"Đại Kim, Hoàng Mai","20.97403192088848, 105.82213483063002"
42361082,07/03/2025,Chính chủ cần tiền bán gấp căn 2 ngủ 48m2 chung cư HH Linh Đàm giá tốt LH 0967 070 ***,"1,95 tỷ",48 m²,"40,62 tr/m²",2,1,"Hoàng Liệt, Hoàng Mai","20.96418946722782, 105.82737157242154"
42312646,07/03/2025,Bán căn 2 ngủ đẹp nhất nhì tại Athena Complex Hoàng Mai,"3,2 tỷ",66 m²,"48,48 tr/m²",2,2,"Hoàng Liệt, Hoàng Mai","20.9584278202168, 105.843048473458"
37975540,07/03/2025,Bán CHCC 87 Lĩnh Nam New Horizon City. DT 80m2 2PN 2WC - Đã có sổ đỏ,"5,1 tỷ",80 m²,"63,75 tr/m²",2,2,"Mai Động, Hoàng Mai","20.9894237518311, 105.866561889648"
42336860,07/03/2025,"GĐ cần bán căn góc HUD3 - 60 Nguyễn Đức Cảnh, Tương Mai, Hoàng Mai, Hà Nội. LH: O848123626",Giá thỏa thuận,"90,4 m²",N/A,3,2,"Tương Mai, Hoàng Mai","20.98784113637838, 105.8497600742702"
42361220,07/03/2025,"CC cần bán chung cư A5 Đại Kim, đường Nguyễn Cảnh Dị. DT: 75,5m, 2N + 1VS. LH: 0917 208 ***","3,95 tỷ","75,5 m²","52,32 tr/m²",2,2,"Định Công, Hoàng Mai","20.972788854205007, 105.82072342166933"
42119463,07/03/2025,Chính chủ cần thanh khoản gửi bán căn hộ 2 phòng ngủ 66m2 tại HH Linh Đàm nội thất cao cấp giá tốt,"2,7 tỷ",66 m²,"40,91 tr/m²",2,2,"Hoàng Liệt, Hoàng Mai","20.96471164697285, 105.82702504523344"
40646478,07/03/2025,CC bán CHCC Eco Lake View 32 Đại Từ HM DT 80m2 2ngủ 2WC giá 4.9 tỷ nhà full nội thất LH 0962 552 ***,"4,9 tỷ",80 m²,"61,25 tr/m²",2,2,"Đại Kim, Hoàng Mai","20.9730930328369, 105.838371276855"
42283054,07/03/2025,"Bán căn hộ 2 ngủ 75m2 chung cư K35 Tân Mai, tòa NO2, căn hộ góc, view đẹp full nội thất 0962 552 ***","4,95 tỷ",75 m²,66 tr/m²,2,2,"Tương Mai, Hoàng Mai","20.984079892402697, 105.85188814146917"
40315630,07/03/2025,"CC bán căn hộ CC cao cấp Hateco Hoàng Mai. DT 82m2 giá 4.3tỷ, LH: 0962 552 ***","4,3 tỷ",82 m²,"52,44 tr/m²",3,2,"Yên Sở, Hoàng Mai","20.96273422241211, 105.86434173583984"
30189717,07/03/2025,"Tổng quỹ căn chuyển nhượng (Giá thực) chung cư Geleximco 897 Giải Phóng, LH: 0976 881 ***",Giá thỏa thuận,62 m²,N/A,2,2,"Giáp Bát, Hoàng Mai","20.9795379638672, 105.841613769531"
42350886,07/03/2025,"Bán Căn hộ tòa A chung cư Hateco Hoàng Mai, 3,6 tỷ, 60m2, 2N + 1WC. LH: 0917 208 ***","3,6 tỷ",60 m²,60 tr/m²,2,1,"Yên Sở, Hoàng Mai","20.962583070216276, 105.86461245962958"
42249773,07/03/2025,"Chính chủ bán 2PN 75m2 view đẹp thoáng vĩnh viễn chung cư Vinaconex 2 Đại Kim Hoàng Mai, giá 4,xtỷ",Giá thỏa thuận,75 m²,N/A,2,2,"Đại Kim, Hoàng Mai","20.973221361776996, 105.81934140560341"
42179921,07/03/2025,Chính chủ bán căn hồ Đền Lừ Đông Nam 60m2 full đồ sổ chính chủ,"3,4 tỷ",60 m²,"56,67 tr/m²",2,2,"Hoàng Văn Thụ, Hoàng Mai","20.985583304326397, 105.85935056168957"
42316724,07/03/2025,"Bán CC toà A Đồng Phát - Hoàng Mai. DT 62.5 m2 gồm 2 ngủ 2 wc. Giá 3,8 tỷ LH 0983 873 ***","3,8 tỷ","62,5 m²","60,8 tr/m²",2,2,"Vĩnh Hưng, Hoàng Mai","20.979239879259293, 105.87427817785286"
42360830,07/03/2025,"Bán căn hộ HH1 Linh Đàm, 1,8 tỷ, 48m2, 2PN, 1WC, bao đẹp","1,8 tỷ",48 m²,"37,5 tr/m²",2,1,"Hoàng Liệt, Hoàng Mai","20.965315167671058, 105.82572250432445"
42316328,07/03/2025,"Bán căn hộ chung cư Hateco Yên Sở, Hoàng Mai, HN. View đẹp, đủ nội thất, 105m2 - 3PN - 5.1 tỷ","5,1 tỷ",105 m²,"48,57 tr/m²",3,2,"Yên Sở, Hoàng Mai","20.962217115485227, 105.86484890327054"
42339797,07/03/2025,"Bán căn hộ chung cư Gelexia 885 Tam Trinh - Yên Sở - Hoàng Mai, view Gamuda, 67m2 - 2PN - 4.3 tỷ","4,3 tỷ",67 m²,"64,18 tr/m²",2,2,"Yên Sở, Hoàng Mai","20.972931804045725, 105.86631105086501"
42339767,07/03/2025,Bán căn cực hiếm chung cư toà N9 Đồng Tàu 68m2 - 2PN - 3.57 tỷ. Lh 0933 900 ***,"3,57 tỷ",68 m²,"52,5 tr/m²",2,2,"Thịnh Liệt, Hoàng Mai","20.976826872437, 105.847254866279"
42360671,07/03/2025,"Bán CC Nơ 9 83m2, 4,6 tỷ tại Pháp Vân Tứ Hiệp, Hoàng Mai, Hà Nội","4,6 tỷ",83 m²,"55,42 tr/m²",3,2,"Hoàng Liệt, Hoàng Mai","20.955735106112854, 105.84567227080613"
38534066,07/03/2025,"Chính chủ cần bán căn góc 2PN, 2WC, diện tích 62m2 tòa chung cư 897 Giải Phóng, hướng mát",Giá thỏa thuận,62 m²,N/A,2,2,"Giáp Bát, Hoàng Mai","20.9795379638672, 105.841613769531"
42360246,07/03/2025,Hiếm ACE phải thật nhanh - mặt phố - vỉa hè đá bóng - kinh doanh - lô góc,"8,2 tỷ","50,68 m²","161,8 tr/m²",N/A,N/A,"Đại Kim, Hoàng Mai","20.979418266717, 105.821055740472"
42360170,07/03/2025,"Bán căn hộ 60m CT11 Kim Văn Kim Lũ, full nội thất đẹp","3,2 tỷ",60 m²,"53,33 tr/m²",2,2,"Đại Kim, Hoàng Mai","20.973684055671917, 105.8207261384471"
42360356,07/03/2025,"Chính chủ cần bán căn 2PN, CC T và T 440 Vĩnh Hưng - Hoàng Mai",Giá thỏa thuận,70 m²,N/A,2,2,"Vĩnh Hưng, Hoàng Mai","20.998565943612, 105.880589595861"
42360100,07/03/2025,"Bán căn hộ 60m CT11 Kim Văn Kim Lũ, full nội thất đẹp","3,2 tỷ",60 m²,"53,33 tr/m²",2,2,"Đại Kim, Hoàng Mai","20.973684055671917, 105.8207261384471"
40324040,07/03/2025,Chính chủ - bán chung cư A1 Minh Khai - Đại La - Đại học kinh tế quốc dân - full nội thất,800 triệu,35 m²,"22,86 tr/m²",N/A,N/A,"Thịnh Liệt, Hoàng Mai","20.9753235144334, 105.841046688237"
42217582,07/03/2025,"Bán gấp CC đẹp xuất sắc 89m2 2PN+2WC tại Hà Nội Melody Linh Đàm, 60 triệu/m2. tặng 1 cây vàng","5,34 tỷ",89 m²,60 tr/m²,2,2,"Hoàng Liệt, Hoàng Mai","20.95848122398009, 105.82621574227262"
42342505,07/03/2025,"Quỹ căn hộ 3PN chính chủ gửi bán, pháp lý rõ ràng, giá từ 5 tỷ tại Bea Sky Nguyễn Xiển: 0969 029 ***","5,53 tỷ",84 m²,"65,83 tr/m²",3,2,"Đại Kim, Hoàng Mai","20.9733069843665, 105.82159169190092"
37748609,07/03/2025,"Chị gái mình cần bán gấp căn 2PN 81m2 - Full nội thất làm rất đẹp, tầng trung, ban công hướng mát","5,5 tỷ",81 m²,"67,9 tr/m²",2,2,"Hoàng Văn Thụ, Hoàng Mai","20.9848365783691, 105.859855651855"
42232541,07/03/2025,"Gia đình cần bán căn 2PN ban công Đông Nam, 81m2 tầng trung đẹp rộng nhất Feliz Homes Hoàng Mai","5,1 tỷ",81 m²,"62,96 tr/m²",2,2,"Hoàng Văn Thụ, Hoàng Mai","20.985048337724848, 105.85992929289246"
42359168,07/03/2025,"Bán căn hộ chung cư Hồ Đền lừ, 50m2, 02 ngủ, full nội thất, chỉ 1.42 tỷ","1,42 tỷ",50 m²,"28,4 tr/m²",2,1,"Hoàng Văn Thụ, Hoàng Mai","20.9852585287538, 105.858586926194"
42359754,07/03/2025,"Căn hộ 75m2, 4,5 tỷ tại tòa Nơ 7 Bán đảo Linh Đàm, Hoàng Mai, Hà Nội, hàng hiếm giá cực chất","4,5 tỷ",75 m²,60 tr/m²,3,2,"Hoàng Liệt, Hoàng Mai","20.97149855170378, 105.82840564254676"
42359121,07/03/2025,"Bán căn hộ 3 phòng ngủ, diện tích 126.3m2, đầy đủ nội thất giá rẻ nhất khu vực","6,4 tỷ","126,3 m²","50,67 tr/m²",4,2,"Đại Kim, Hoàng Mai","20.971376756775, 105.839633378122"
42359477,07/03/2025,"Ngoại giao CĐT căn hộ 2 ngủ 2WC 68m2, CK 400tr, HTLS 24 tháng","4,5 tỷ",68 m²,"66,15 tr/m²",2,2,"Hoàng Liệt, Hoàng Mai","20.958429362942667, 105.82616253326194"
42359035,07/03/2025,Bán nhanh căn góc tầng trung thoáng ở Linh Đàm cạnh Rice City HUD xây dựng 2016 2.67 tỷ bao mọi phí,"2,67 tỷ",41 m²,"65,12 tr/m²",2,1,"Hoàng Liệt, Hoàng Mai","20.96444244359639, 105.82210129582204"
42359042,07/03/2025,"Bán căn hộ 3PN + 1, diện tích 124m2, đầy đủ nội thất giá rẻ nhất khu vực","6,4 tỷ",124 m²,"51,61 tr/m²",4,2,"Đại Kim, Hoàng Mai","20.971142179610574, 105.8385841826528"
42359297,07/03/2025,"BÁN CĂN GÓC SỔ ĐỎ - TẦNG TRUNG - 93M - 3PN/2WC - NỘI THẤT ĐẸP - NEW HORIZON CITY, 87 LĨNH NAM","6,2 tỷ",93 m²,"66,67 tr/m²",3,2,"Mai Động, Hoàng Mai","20.98952511844759, 105.86669972449822"
42359409,07/03/2025,"Chủ nhà nhờ bán căn hộ CC Gelexia 885 Tam Trinh, 3,9 tỷ, 67m2, 2PN 2VS, LH 0936 358 ***","3,9 tỷ",67 m²,"58,21 tr/m²",2,2,"Yên Sở, Hoàng Mai","20.9736159180273, 105.86627718418197"
42296238,07/03/2025,Ảnh thật căn hộ. Căn góc 3PN 2VS 2 ban công trục đẹp nhất Hateco Hoàng Mai - giá 4. X tỷ 0972 663 ***,"4,75 tỷ",90 m²,"52,78 tr/m²",3,2,"Yên Sở, Hoàng Mai","20.9631175162932, 105.86481702154774"
42095227,07/03/2025,Mua ngay!!! Căn hộ 3pn tại CT4AX2 Linh Đàm- Thiết kế hiện đại- Đầy đủ tiện ích!,"4,65 tỷ",90 m²,"51,67 tr/m²",3,2,"Hoàng Liệt, Hoàng Mai","20.965540291585, 105.828231387939"
42222326,07/03/2025,"Bán căn 3PN - 88,3m2 sử dụng, view sông Hồng cầu Vĩnh Tuy, giá bán 6,150 tỷ. LH: 0813 489 ***","6,15 tỷ","88,3 m²","69,65 tr/m²",3,2,"Vĩnh Hưng, Hoàng Mai","20.99890275531272, 105.88087064451238"
42359109,07/03/2025,"Chính chủ nhờ bán CC Đền Lừ giá 3,1 tỷ, 58m2, 2PN, nội thất mới, LH 0936 358 ***","3,1 tỷ",58 m²,"53,45 tr/m²",2,2,"Hoàng Văn Thụ, Hoàng Mai","20.984788527933443, 105.85992404810092"
42359091,07/03/2025,"Bán căn hộ 2 phòng ngủ, diện tích 62m ban công đông nam full nội thất chung cư VP6 Linh Đàm","2,58 tỷ",62 m²,"41,61 tr/m²",2,2,"Thịnh Liệt, Hoàng Mai","20.9672768570846, 105.8328768829"
42100797,07/03/2025,Bán căn 2 ngủ Helios 75 Tam Trinh - tầng trung hướng mát,"4,5 tỷ",66 m²,"68,18 tr/m²",2,2,"Mai Động, Hoàng Mai","20.9942434459441, 105.86267249929956"
42146561,07/03/2025,Bán căn hộ sân vườn 114m2 - ban công Đông view bể bơi cực đẹp tại Feliz Homes,"7,8 tỷ",114 m²,"68,42 tr/m²",3,2,"Hoàng Văn Thụ, Hoàng Mai","20.984641992702535, 105.86046309937285"
42358851,07/03/2025,"Bán CC Đồng Phát 431 Tam Trinh, giá 3,8 tỷ, 71m2, 2PN 2VS, nội thất đẹp","3,8 tỷ",71 m²,"53,52 tr/m²",2,2,"Vĩnh Hưng, Hoàng Mai","20.98011084840477, 105.8741364209556"
41820787,07/03/2025,Chính chủ cần bân căn N04.2x.16 73.67m2 thông thuỷ giá 56 triệu/m2 thu về nét full 100%,"4,13 tỷ","73,67 m²",56 tr/m²,2,2,"Hoàng Liệt, Hoàng Mai","20.9585018157959, 105.826347351074"
42290279,07/03/2025,"Bán CC Vật Tu Du Lịch đẹp, 4,4 tỷ, 75m2 tại Trần Thủ Độ, Hoàng Liệt, Hoàng Mai, Hà Nội","4,4 tỷ",75 m²,"58,67 tr/m²",2,2,"Hoàng Liệt, Hoàng Mai","20.9581260709902, 105.8466513978"
42289981,07/03/2025,"Bán CC Gelexia Riverside, 4,65 tỷ, 68m2, 2PN, 2WC, có sẵn slots oto. LH: 0917 208 ***","4,65 tỷ",68 m²,"68,38 tr/m²",2,2,"Yên Sở, Hoàng Mai","20.97356083261376, 105.86688641040371"
42358532,07/03/2025,Chính chủ cần bán căn 2PN CC Helios 75 Tam Trinh,Giá thỏa thuận,60 m²,N/A,2,2,"Mai Động, Hoàng Mai","20.994836661651846, 105.86271018269449"
42321074,07/03/2025,"Cần bán gấp căn hộ chung cư Smile Building số 1 Nguyễn Cảnh Dị, 75m2, 2PN 2VS, full đồ, có slot ôtô","5,5 tỷ",75 m²,"73,33 tr/m²",2,2,"Đại Kim, Hoàng Mai","20.9784752517326, 105.836449503957"
42225288,07/03/2025,"Bán nhanh căn 2 ngủ 76m tại eco lake rẻ nhất thị trường, giá: 4.6 tỷ. LH: 0826 465 ***","4,6 tỷ",76 m²,"60,53 tr/m²",2,2,"Đại Kim, Hoàng Mai","20.97384005058717, 105.8386150106402"
42338328,07/03/2025,Cần tiền bán gấp căn hộ Rice City Linh Đàm thiết kế 2PN2Wc giá rẻ.,4 tỷ,64 m²,"62,5 tr/m²",2,2,"Hoàng Liệt, Hoàng Mai","20.96422189982, 105.822121497179"
42280171,07/03/2025,"Tập thể Giải Phóng, tầng 2, 96m2, căn góc, 3 phòng ngủ, 2 ban công, nhỉnh 3 tỷ","3,65 tỷ",96 m²,"38,02 tr/m²",3,2,"Giáp Bát, Hoàng Mai","20.9836988993482, 105.841036821293"
42301118,07/03/2025,"TÔI CẦN TIỀN MUỐN Cần bán gấp CHCC 54m2 Rice- city , Hoàng Mai, Linh Đàm","3,38 tỷ",54 m²,"62,59 tr/m²",3,2,"Hoàng Liệt, Hoàng Mai","20.963300228531153, 105.82170227092263"
42358057,07/03/2025,"Bán CC @Homes 987 Tam Trinh, giá 3,6 tỷ, 65m2, 2PN, 2VS. Nhà Căn Góc đẹp, LH 0936 358 ***","3,6 tỷ",65 m²,"55,38 tr/m²",2,2,"Yên Sở, Hoàng Mai","20.9797764811074, 105.864904826265"
41306614,07/03/2025,"Chính chủ bán căn hộ chung cư HH1C Linh Đàm, Hoàng Mai, Hà Nội","2,63 tỷ",56 m²,"46,96 tr/m²",2,2,"Hoàng Liệt, Hoàng Mai","20.96473503112793, 105.82636260986328"
41995186,07/03/2025,Chính chủ bán căn hộ chung cư No bán đảo Linh Đàm. 2N,"3,25 tỷ",60 m²,"54,17 tr/m²",2,1,"Hoàng Liệt, Hoàng Mai",N/A
42357610,07/03/2025,Nhỉnh 3 tỷ có ngay căn sổ đỏ rộng 80m2 tại Hoàng Mai,"3,39 tỷ",80 m²,"42,38 tr/m²",2,2,"Yên Sở, Hoàng Mai",N/A
42186293,07/03/2025,Chính chủ bán nhanh căn hộ 2PN 2VS Thanh Bình Garden - Giá nét 4.3 tỷ bao phí - full cả đồ điện tử,"4,3 tỷ",60 m²,"71,67 tr/m²",2,2,"Định Công, Hoàng Mai",N/A
42357631,07/03/2025,"DUY NHẤT CĂN 3PN DIỆN TÍCH 120m2 GIÁ 58TR/M2 , KÝ TRỰC TIẾP CĐT. BAN CÔNG ĐÔNG NAM , HTLS 24 THÁNG","6,96 tỷ",120 m²,58 tr/m²,3,2,"Hoàng Liệt, Hoàng Mai",N/A
40956307,07/03/2025,Chính chủ bán CC Vĩnh Hoàng 55m2 2PN giá 2.95 tỷ lô góc view hồ cực đẹp LH 0978 721 ***,"2,95 tỷ",55 m²,"53,64 tr/m²",2,1,"Vĩnh Hưng, Hoàng Mai",N/A
42300313,07/03/2025,Thông tin chi tiết - căn góc 3 ngủ 2 WC / full nội thất / toà CT5X2 Bắc Linh Đàm,"4,7 tỷ",78 m²,"60,26 tr/m²",3,2,"Hoàng Liệt, Hoàng Mai",N/A
42329321,07/03/2025,Ngoại giao CĐT quỹ căn 2 ngủ+ 89m2 dự án Hà Nội Melody Linh Đàm,"4,8 tỷ",89 m²,"53,93 tr/m²",3,2,"Hoàng Liệt, Hoàng Mai",N/A
42175282,07/03/2025,"Bán Căn hộ chung cư tại KĐT Linh Đàm, 4,95 tỷ, 93 m2, chỉ với giá siêu hời","4,95 tỷ",93 m²,"53,23 tr/m²",3,2,"Đại Kim, Hoàng Mai",N/A
42326632,07/03/2025,Chị em có căn góc chung cư HUD Tây Nam Linh Đàm muốn bán giá 2.85 tỷ! 50m2 / 2 ngủ / 1 WC / Sổ 2018,"2,85 tỷ",50 m²,57 tr/m²,2,1,"Hoàng Liệt, Hoàng Mai",N/A
41787236,07/03/2025,Bán căn 3 ngủ Hà Nội Melody hướng Nam giá 5.4 tỷ full nội thất cao cấp - còn 1 căn duy nhất,"5,4 tỷ",87 m²,"62,07 tr/m²",3,2,"Hoàng Liệt, Hoàng Mai",N/A
42357695,07/03/2025,0961 505 *** - Bán căn góc chung cư KĐT Đại Kim - Nguyễn Cảnh Dị - 80m2 x 2PN - 3.89 tỷ,"3,89 tỷ",80 m²,"48,62 tr/m²",2,1,"Đại Kim, Hoàng Mai",N/A
41938249,07/03/2025,"Soi giá tăng trưởng dự án Hà Nội Melody, tiềm năng phía Nam Hà Nội có gì khiến nhà đầu tư săn đón","4,5 tỷ",89 m²,"50,55 tr/m²",2,2,"Hoàng Liệt, Hoàng Mai",N/A
41938512,07/03/2025,Tại sao nên lựa chọn căn hộ 3PN diện tích 89m2 thay vì căn 100m2 tại Hà Nội Melody Residences,"5,07 tỷ",89 m²,57 tr/m²,3,2,"Hoàng Liệt, Hoàng Mai",N/A
41729220,07/03/2025,"Trực tiếp CĐT: 2-3 PN rẻ nhất Melody Linh Đàm, Thanh toán 70% từ 3 tỷ, chiết khấu 8%+ tặng vàng 999",3 tỷ,68 m²,"44,12 tr/m²",2,2,·,"20.9585018157959, 105.826347351074"
42337096,07/03/2025,"Tôi cán bộ PKD chủ đầu tư, bán suất mua nhân viên chiết khấu đặc biệt, căn đẹp ký trực tiếp HĐMB",3 tỷ,68 m²,"44,12 tr/m²",2,2,·,"20.95851242875902, 105.82587889259105"
42327816,07/03/2025,"Độc quyền! căn 2-3PN view hồ - giá tốt + vị trí đẹp nhất, ký trực tiếp Chủ đầu tư, Full chiết khấu","3,15 tỷ",68 m²,"46,32 tr/m²",2,2,·,"20.9584566527592, 105.826391680388"
42362583,07/03/2025,"Gọi em Giang giảm ngay 500tr quỹ ngoại giao, quỹ ẩn, quỹ chìm HTLS 0% 24th, CK 8%, tặg 1 km vàg 999","4,3 tỷ",74 m²,"58,11 tr/m²",2,2,·,"20.958450341970728, 105.82633073676864"
42355146,09/03/2025,Sunshine Palace 1PN 65m2 từ 1.7 tỷ 3PN 134m2 từ 4.5 tỷ ký HĐ trực tiếp CĐT rẻ hơn quỹ chuyển nhượng,"1,75 tỷ",65 m²,"26,92 tr/m²",1,2,"Mai Động, Hoàng Mai","20.9904363605241, 105.868688268847"
42369504,08/03/2025,"Bán Căn Hộ Chung Cư Sunshine Palace, 1,75tỷ, 65m2, giá tốt, bán gấp .Liên hệ 0922 744 ***/ 0903 598 ***","1,75 tỷ",65 m²,"26,92 tr/m²",N/A,N/A,"Mai Động, Hoàng Mai","20.990480403525645, 105.86822947728406"
42374585,09/03/2025,"Bán Căn hộ 2PN, 2WC tại Rice City Linh Đàm, 4 tỷ VND, 70m2, giá siêu hời",4 tỷ,70 m²,"57,14 tr/m²",2,2,"Hoàng Liệt, Hoàng Mai","20.96406827274265, 105.82194701394242"
42360630,09/03/2025,Bán Suất Ngoại Giao NOXH Gần Hồ Linh Đàm giá siêu tốt,"3,04 tỷ",69 m²,44 tr/m²,2,2,"Hoàng Liệt, Hoàng Mai","20.96227433955787, 105.82184958915778"
42250903,09/03/2025,"Bán gấp penthouse Sunshine Palace giá rẻ như chung cư, 12,8 tỷ, 200m2, 5PN, 4WC, pháp lý đầy đủ","12,8 tỷ",200 m²,64 tr/m²,5,4,"Mai Động, Hoàng Mai","20.989849269843322, 105.86942799108179"
42203198,08/03/2025,"Chính chủ - bán chung cư N1 Lĩnh Nam - Minh Khai - Hoàng Mai, nội thất đầy đủ, sổ hồng vĩnh viễn",800 triệu,42 m²,"19,05 tr/m²",1,1,"Lĩnh Nam, Hoàng Mai","20.9818691262435, 105.879601801326"
42370397,08/03/2025,Tư vấn hồ sơ NOXH Tây Nam Linh Đàm Trực tiếp CDT,"3,17 tỷ",69 m²,46 tr/m²,2,2,"Hoàng Liệt, Hoàng Mai","20.964215785823402, 105.82322872907258"
40989347,08/03/2025,Bán căn hộ 2PN 80m2 Sunshine Palace,"5,38 tỷ",80 m²,"67,25 tr/m²",2,2,"Mai Động, Hoàng Mai","20.9901828765869, 105.868659973145"
41777196,08/03/2025,Quỹ căn hộ bán Sunshine Palace Lĩnh Nam cập nhật mới nhất - Em Cường 0976 044 ***,"5,47 tỷ",80 m²,"68,38 tr/m²",2,N/A,"Mai Động, Hoàng Mai","20.99015398544697, 105.86913186384378"
42366278,08/03/2025,"BẠN ĐANG TÌM KIẾM CƠ HỘI HIẾM CÓ SỞ HỮU NHÀ CHUNG CƯ P.VĨNH HƯNG, Q HOÀNG MAI, HÀ NỘI NHỈNH 1 TỶ","1,75 tỷ",70 m²,25 tr/m²,N/A,N/A,"Vĩnh Hưng, Hoàng Mai","20.9902234556263, 105.875913507617"
41456316,07/03/2025,Bán căn hộ giá rẻ nhất chung cư Feliz Homes (2 ngủ: 4 tỷ và 3 ngủ: 5 tỷ) - 0981 757 ***,5 tỷ,78 m²,"64,1 tr/m²",2,2,"Hoàng Văn Thụ, Hoàng Mai","20.98446658118264, 105.8592534333344"
42289841,07/03/2025,"Bán CC 2PN, 2WC tại Rice City Linh Đàm, 4 tỷ, 62.5m2, Hoàng Liệt, Hoàng Mai, Hà Nội",4 tỷ,"62,5 m²",64 tr/m²,2,2,"Hoàng Liệt, Hoàng Mai","20.963106690204842, 105.82276678795633"
42313854,07/03/2025,Quỹ căn hộ bán Sunshine Palace Lĩnh Nam cập nhật mới nhất - em Long 0355 863 ***,"5,48 tỷ",85 m²,"64,47 tr/m²",2,2,"Mai Động, Hoàng Mai","20.990192253339107, 105.86838389747976"
42357696,07/03/2025,Tổng hợp một số căn CÓ SỔ giá rẻ dưới 3 tỷ tại Khu đô thị Tây Nam Linh Đàm Hud,"2,78 tỷ",50 m²,"55,6 tr/m²",2,1,"Hoàng Liệt, Hoàng Mai","20.962625262225256, 105.82119590467828"
42375529,09/03/2025,"Bán căn hộ CC Hồng Hà Tower, giá chỉ 3,xx tỷ- 62.5m2, 2PN 2WC tại Thịnh Liệt, Hoàng Mai, Hà Nội",Giá thỏa thuận,"62,5 m²",N/A,2,2,"Thịnh Liệt, Hoàng Mai","20.975146528811678, 105.85544532391195"
42327526,09/03/2025,Chính chủ cần bán căn hộ chung cư siêu đẹp giá thỏa thuận,"5,5 tỷ",82 m²,"67,07 tr/m²",2,2,"Đại Kim, Hoàng Mai","20.9784318585177, 105.837022497945"
42077116,09/03/2025,"Bán căn 3PN 96m2 giá rẻ nhất dự án Melody, giảm 500tr so với giá gốc, kí trực tiếp CĐT, HTLS 24T","4,5 tỷ",96 m²,"46,88 tr/m²",3,2,"Hoàng Liệt, Hoàng Mai","21.02894860978742, 105.85244722590335"
42103948,09/03/2025,"Mở bán căn hộ 74m2 giá chỉ từ 52tr/m2 đẹp nhất Melody Linh Đàm, HTLS 0%/24 tháng, QT 1 cây vàng","3,7 tỷ",74 m²,50 tr/m²,2,2,"Hoàng Liệt, Hoàng Mai","20.9584487501221, 105.827015154138"
42346381,09/03/2025,"Căn hộ cao cấp 3PN (90m2) chỉ 5,4 tỷ cho KH Hoàng Mai, Hà Đông và Thanh Trì. Phù hợp GĐ 3 - 5 người","5,4 tỷ",90 m²,60 tr/m²,3,2,"Hoàng Liệt, Hoàng Mai","20.958643429417084, 105.82613130611075"
41879962,09/03/2025,"Ngoại giao, chuyển nhượng, trực tiếp CĐT: VIP CĂN 3PN chỉ 5,5 tỷ 101m2, vay 0%/24T, CK tới 11%","5,5 tỷ",101 m²,"54,46 tr/m²",3,2,"Hoàng Liệt, Hoàng Mai","20.9585397281396, 105.826912488922"
41934611,09/03/2025,"Bán CC Rose Town 71m2 chỉ 42 triệu/m2,Giải Phóng,Hoàng Liệt,Hoàng Mai,nhà đẹp mới BG 2024.Slot oto",3 tỷ,71 m²,"42,3 tr/m²",2,2,"Hoàng Liệt, Hoàng Mai","20.9569951353751, 105.84504466618"
42375126,09/03/2025,Bán gấp nhà ở xã hội căn 2 ngủ 63m full nội thất đẹp chung cư HH Linh đàm,"2,56 tỷ",63 m²,"40,64 tr/m²",2,2,"Hoàng Liệt, Hoàng Mai","20.9635479045317, 105.82805622867716"
42124097,09/03/2025,"Hanoi Melody Linh Đàm 2PN dt 68m2 giá từ 4,1 tỷ, tặng đến 1 cây vàng","4,1 tỷ",68 m²,"60,29 tr/m²",2,2,"Hoàng Liệt, Hoàng Mai","20.958445199024297, 105.82632492841108"
42124106,09/03/2025,"Hanoi Melody 3PN vừa dt 87 m2 giá từ 5,5 tỷ, Xuân Ất Tỵ tặng đến 1 cây vàng","5,5 tỷ",87 m²,"63,22 tr/m²",3,2,"Hoàng Liệt, Hoàng Mai","20.95866528191852, 105.8262657962288"
42124135,09/03/2025,"Hanoi Melody 3PN DT từ 106m2, 145 m2 giá từ 6,5 tỷ, Xuân Ất Tỵ tặng đến 5 chỉ vàng","6,5 tỷ",106 m²,"61,32 tr/m²",3,2,"Hoàng Liệt, Hoàng Mai","20.9583675236173, 105.826536652612"
42375020,09/03/2025,"Căn góc 43.04 Tòa Ct12A kim văn kim lũ ; 53.5 m2, trục 04 đẹp nhất , 02 p. Ngủ 02 vs. Hướng ĐN","2,65 tỷ","53,5 m²","49,53 tr/m²",2,2,"Đại Kim, Hoàng Mai","20.973609755796087, 105.82082257040395"
40073969,09/03/2025,"Bán CHCC Hateco Hoàng Mai 2PN-3PN, giáp CV Yên Sở, view thoáng. Giá: 3,3 - 5.X tỷ. LH: 0946 113 ***","3,1 tỷ",52 m²,"59,62 tr/m²",2,1,"Yên Sở, Hoàng Mai","20.962734222412109, 105.86434173583984"
40074106,09/03/2025,"Bán CH 3PN, 90m2, có NT, Hateco Hoàng Mai, giáp CV Yên Sở, view thoáng. Giá: 4,7 tỷ. LH: 0946 113 ***","4,7 tỷ",90 m²,"52,22 tr/m²",3,2,"Yên Sở, Hoàng Mai","20.962734222412109, 105.86434173583984"
42375032,09/03/2025,"CCMN Giải Phóng.DT:80m x 7T.MT:5m.17 phòng,PCCC đầy đủ.Doanh thu đạt 100tr/tháng.ía:17,6 tỷ","17,6 tỷ",80 m²,220 tr/m²,17,18,"Thịnh Liệt, Hoàng Mai","20.9751787404669, 105.840960265031"
42347135,09/03/2025,Căn góc hướng nam chung cư HH4A Linh Đàm,"3,5 tỷ",76 m²,"46,05 tr/m²",3,2,"Hoàng Liệt, Hoàng Mai","20.963440196954036, 105.82767863348666"
42060481,09/03/2025,"Mua Melody Linh Đàm nên mua chính hãng CĐT để được hưởng quyền lợi tốt nhất, từ 5xtr/m2 view hồ","4,54 tỷ",89 m²,51 tr/m²,3,2,"Hoàng Liệt, Hoàng Mai","20.9584362845913, 105.826334498386"
41660003,09/03/2025,Bán căn hộ diện tích sổ 74m2 2PN 2WC 2 logia giá 4.4 tỷ,"4,4 tỷ",74 m²,"59,46 tr/m²",2,2,"Yên Sở, Hoàng Mai","20.9729385375977, 105.866355895996"
33957697,09/03/2025,"Bán CHCC toà CT1 Gelexia Riverside 885 Tam Trinh - DT 78m2 2PN 2WC, view Time city cực đẹp","4,4 tỷ",78 m²,"56,41 tr/m²",2,2,"Yên Sở, Hoàng Mai","20.9729385375977, 105.866355895996"
42328690,09/03/2025,"Bán căn hộ 06 tòa A chung cư Sky Central 87,7m2 giá 6.2 tỷ 3PN","6,23 tỷ","87,7 m²",71 tr/m²,3,2,"Định Công, Hoàng Mai","20.982171113077047, 105.83433213439216"
37910863,09/03/2025,Bán CHCC Hateco Hoàng Mai. DT 95m2 3PN 2WC cực hiếm view hồ công viên Yên Sở,"4,75 tỷ",95 m²,50 tr/m²,3,2,"Yên Sở, Hoàng Mai","20.9628513669185, 105.864004415273"
41004501,09/03/2025,Bán CHCC 60 Nguyễn Đức Cảnh tòa HUD3 căn góc cực hiếm. DT 75m2 2PN 2WC,"5,2 tỷ",75 m²,"69,33 tr/m²",2,2,"Tương Mai, Hoàng Mai","20.987325668335, 105.849838256836"
38014917,09/03/2025,Bán CHCC Gelexia Riverside căn góc view cực thoáng đẹp. DT 120m2 3PN 2WC,"6,8 tỷ",120 m²,"56,67 tr/m²",3,2,"Yên Sở, Hoàng Mai","20.9729385375977, 105.866355895996"
41420668,09/03/2025,Bán căn 07 tòa A tầng trung chung cư Helios 75 Tam Trinh O934611663,Giá thỏa thuận,80 m²,N/A,2,2,"Mai Động, Hoàng Mai","20.994594481446363, 105.86341372157445"
41858824,09/03/2025,"Bán căn góc tòa A1, 122m2 3PN, 2WC, 2logia giá 6.3 tỷ TL","6,3 tỷ",122 m²,"51,64 tr/m²",3,2,"Tương Mai, Hoàng Mai","20.987005801466736, 105.85213697732874"
42208579,09/03/2025,"Bán căn góc tại Mandarin Garden 2 Tân Mai, 5,1tỷ, 67m2","5,1 tỷ",67 m²,"76,12 tr/m²",2,1,"Tân Mai, Hoàng Mai","20.984091673517447, 105.84673738738988"
42352219,09/03/2025,Cần tiền chủ bán căn 68m2 giá chỉ 3.55 tỷ TTS 95%,"3,55 tỷ",68 m²,"52,21 tr/m²",2,2,"Hoàng Liệt, Hoàng Mai","20.9588143423839, 105.825886267905"
41729220,07/03/2025,"Trực tiếp CĐT: 2-3 PN rẻ nhất Melody Linh Đàm, Thanh toán 70% từ 3 tỷ, chiết khấu 8%+ tặng vàng 999",3 tỷ,68 m²,"44,12 tr/m²",2,2,·,"20.9585018157959, 105.826347351074"
42337096,07/03/2025,"Tôi cán bộ PKD chủ đầu tư, bán suất mua nhân viên chiết khấu đặc biệt, căn đẹp ký trực tiếp HĐMB",3 tỷ,68 m²,"44,12 tr/m²",2,2,·,"20.95851242875902, 105.82587889259105"
42327816,07/03/2025,"Độc quyền! căn 2-3PN view hồ - giá tốt + vị trí đẹp nhất, ký trực tiếp Chủ đầu tư, Full chiết khấu","3,15 tỷ",68 m²,"46,32 tr/m²",2,2,·,"20.9584566527592, 105.826391680388"
42362583,07/03/2025,"Gọi em Giang giảm ngay 500tr quỹ ngoại giao, quỹ ẩn, quỹ chìm HTLS 0% 24th, CK 8%, tặg 1 km vàg 999","4,3 tỷ",74 m²,"58,11 tr/m²",2,2,·,"20.958450341970728, 105.82633073676864"
42355146,09/03/2025,Sunshine Palace 1PN 65m2 từ 1.7 tỷ 3PN 134m2 từ 4.5 tỷ ký HĐ trực tiếp CĐT rẻ hơn quỹ chuyển nhượng,"1,75 tỷ",65 m²,"26,92 tr/m²",1,2,"Mai Động, Hoàng Mai","20.9904363605241, 105.868688268847"
42369504,08/03/2025,"Bán Căn Hộ Chung Cư Sunshine Palace, 1,75tỷ, 65m2, giá tốt, bán gấp .Liên hệ 0922 744 ***/ 0903 598 ***","1,75 tỷ",65 m²,"26,92 tr/m²",N/A,N/A,"Mai Động, Hoàng Mai","20.990480403525645, 105.86822947728406"
42374585,09/03/2025,"Bán Căn hộ 2PN, 2WC tại Rice City Linh Đàm, 4 tỷ VND, 70m2, giá siêu hời",4 tỷ,70 m²,"57,14 tr/m²",2,2,"Hoàng Liệt, Hoàng Mai","20.96406827274265, 105.82194701394242"
42360630,09/03/2025,Bán Suất Ngoại Giao NOXH Gần Hồ Linh Đàm giá siêu tốt,"3,04 tỷ",69 m²,44 tr/m²,2,2,"Hoàng Liệt, Hoàng Mai","20.96227433955787, 105.82184958915778"
42250903,09/03/2025,"Bán gấp penthouse Sunshine Palace giá rẻ như chung cư, 12,8 tỷ, 200m2, 5PN, 4WC, pháp lý đầy đủ","12,8 tỷ",200 m²,64 tr/m²,5,4,"Mai Động, Hoàng Mai","20.989849269843322, 105.86942799108179"
42203198,08/03/2025,"Chính chủ - bán chung cư N1 Lĩnh Nam - Minh Khai - Hoàng Mai, nội thất đầy đủ, sổ hồng vĩnh viễn",800 triệu,42 m²,"19,05 tr/m²",1,1,"Lĩnh Nam, Hoàng Mai","20.9818691262435, 105.879601801326"
42370397,08/03/2025,Tư vấn hồ sơ NOXH Tây Nam Linh Đàm Trực tiếp CDT,"3,17 tỷ",69 m²,46 tr/m²,2,2,"Hoàng Liệt, Hoàng Mai","20.964215785823402, 105.82322872907258"
40989347,08/03/2025,Bán căn hộ 2PN 80m2 Sunshine Palace,"5,38 tỷ",80 m²,"67,25 tr/m²",2,2,"Mai Động, Hoàng Mai","20.9901828765869, 105.868659973145"
41777196,08/03/2025,Quỹ căn hộ bán Sunshine Palace Lĩnh Nam cập nhật mới nhất - Em Cường 0976 044 ***,"5,47 tỷ",80 m²,"68,38 tr/m²",2,N/A,"Mai Động, Hoàng Mai","20.99015398544697, 105.86913186384378"
42366278,08/03/2025,"BẠN ĐANG TÌM KIẾM CƠ HỘI HIẾM CÓ SỞ HỮU NHÀ CHUNG CƯ P.VĨNH HƯNG, Q HOÀNG MAI, HÀ NỘI NHỈNH 1 TỶ","1,75 tỷ",70 m²,25 tr/m²,N/A,N/A,"Vĩnh Hưng, Hoàng Mai","20.9902234556263, 105.875913507617"
41456316,07/03/2025,Bán căn hộ giá rẻ nhất chung cư Feliz Homes (2 ngủ: 4 tỷ và 3 ngủ: 5 tỷ) - 0981 757 ***,5 tỷ,78 m²,"64,1 tr/m²",2,2,"Hoàng Văn Thụ, Hoàng Mai","20.98446658118264, 105.8592534333344"
42289841,07/03/2025,"Bán CC 2PN, 2WC tại Rice City Linh Đàm, 4 tỷ, 62.5m2, Hoàng Liệt, Hoàng Mai, Hà Nội",4 tỷ,"62,5 m²",64 tr/m²,2,2,"Hoàng Liệt, Hoàng Mai","20.963106690204842, 105.82276678795633"
42313854,07/03/2025,Quỹ căn hộ bán Sunshine Palace Lĩnh Nam cập nhật mới nhất - em Long 0355 863 ***,"5,48 tỷ",85 m²,"64,47 tr/m²",2,2,"Mai Động, Hoàng Mai","20.990192253339107, 105.86838389747976"
42357696,07/03/2025,Tổng hợp một số căn CÓ SỔ giá rẻ dưới 3 tỷ tại Khu đô thị Tây Nam Linh Đàm Hud,"2,78 tỷ",50 m²,"55,6 tr/m²",2,1,"Hoàng Liệt, Hoàng Mai","20.962625262225256, 105.82119590467828"
42375529,09/03/2025,"Bán căn hộ CC Hồng Hà Tower, giá chỉ 3,xx tỷ- 62.5m2, 2PN 2WC tại Thịnh Liệt, Hoàng Mai, Hà Nội",Giá thỏa thuận,"62,5 m²",N/A,2,2,"Thịnh Liệt, Hoàng Mai","20.975146528811678, 105.85544532391195"
42327526,09/03/2025,Chính chủ cần bán căn hộ chung cư siêu đẹp giá thỏa thuận,"5,5 tỷ",82 m²,"67,07 tr/m²",2,2,"Đại Kim, Hoàng Mai","20.9784318585177, 105.837022497945"
42077116,09/03/2025,"Bán căn 3PN 96m2 giá rẻ nhất dự án Melody, giảm 500tr so với giá gốc, kí trực tiếp CĐT, HTLS 24T","4,5 tỷ",96 m²,"46,88 tr/m²",3,2,"Hoàng Liệt, Hoàng Mai","21.02894860978742, 105.85244722590335"
42103948,09/03/2025,"Mở bán căn hộ 74m2 giá chỉ từ 52tr/m2 đẹp nhất Melody Linh Đàm, HTLS 0%/24 tháng, QT 1 cây vàng","3,7 tỷ",74 m²,50 tr/m²,2,2,"Hoàng Liệt, Hoàng Mai","20.9584487501221, 105.827015154138"
42346381,09/03/2025,"Căn hộ cao cấp 3PN (90m2) chỉ 5,4 tỷ cho KH Hoàng Mai, Hà Đông và Thanh Trì. Phù hợp GĐ 3 - 5 người","5,4 tỷ",90 m²,60 tr/m²,3,2,"Hoàng Liệt, Hoàng Mai","20.958643429417084, 105.82613130611075"
41879962,09/03/2025,"Ngoại giao, chuyển nhượng, trực tiếp CĐT: VIP CĂN 3PN chỉ 5,5 tỷ 101m2, vay 0%/24T, CK tới 11%","5,5 tỷ",101 m²,"54,46 tr/m²",3,2,"Hoàng Liệt, Hoàng Mai","20.9585397281396, 105.826912488922"
41934611,09/03/2025,"Bán CC Rose Town 71m2 chỉ 42 triệu/m2,Giải Phóng,Hoàng Liệt,Hoàng Mai,nhà đẹp mới BG 2024.Slot oto",3 tỷ,71 m²,"42,3 tr/m²",2,2,"Hoàng Liệt, Hoàng Mai","20.9569951353751, 105.84504466618"
42375126,09/03/2025,Bán gấp nhà ở xã hội căn 2 ngủ 63m full nội thất đẹp chung cư HH Linh đàm,"2,56 tỷ",63 m²,"40,64 tr/m²",2,2,"Hoàng Liệt, Hoàng Mai","20.9635479045317, 105.82805622867716"
42124097,09/03/2025,"Hanoi Melody Linh Đàm 2PN dt 68m2 giá từ 4,1 tỷ, tặng đến 1 cây vàng","4,1 tỷ",68 m²,"60,29 tr/m²",2,2,"Hoàng Liệt, Hoàng Mai","20.958445199024297, 105.82632492841108"
42124106,09/03/2025,"Hanoi Melody 3PN vừa dt 87 m2 giá từ 5,5 tỷ, Xuân Ất Tỵ tặng đến 1 cây vàng","5,5 tỷ",87 m²,"63,22 tr/m²",3,2,"Hoàng Liệt, Hoàng Mai","20.95866528191852, 105.8262657962288"
42124135,09/03/2025,"Hanoi Melody 3PN DT từ 106m2, 145 m2 giá từ 6,5 tỷ, Xuân Ất Tỵ tặng đến 5 chỉ vàng","6,5 tỷ",106 m²,"61,32 tr/m²",3,2,"Hoàng Liệt, Hoàng Mai","20.9583675236173, 105.826536652612"
42375020,09/03/2025,"Căn góc 43.04 Tòa Ct12A kim văn kim lũ ; 53.5 m2, trục 04 đẹp nhất , 02 p. Ngủ 02 vs. Hướng ĐN","2,65 tỷ","53,5 m²","49,53 tr/m²",2,2,"Đại Kim, Hoàng Mai","20.973609755796087, 105.82082257040395"
40073969,09/03/2025,"Bán CHCC Hateco Hoàng Mai 2PN-3PN, giáp CV Yên Sở, view thoáng. Giá: 3,3 - 5.X tỷ. LH: 0946 113 ***","3,1 tỷ",52 m²,"59,62 tr/m²",2,1,"Yên Sở, Hoàng Mai","20.962734222412109, 105.86434173583984"
40074106,09/03/2025,"Bán CH 3PN, 90m2, có NT, Hateco Hoàng Mai, giáp CV Yên Sở, view thoáng. Giá: 4,7 tỷ. LH: 0946 113 ***","4,7 tỷ",90 m²,"52,22 tr/m²",3,2,"Yên Sở, Hoàng Mai","20.962734222412109, 105.86434173583984"
42375032,09/03/2025,"CCMN Giải Phóng.DT:80m x 7T.MT:5m.17 phòng,PCCC đầy đủ.Doanh thu đạt 100tr/tháng.ía:17,6 tỷ","17,6 tỷ",80 m²,220 tr/m²,17,18,"Thịnh Liệt, Hoàng Mai","20.9751787404669, 105.840960265031"
42347135,09/03/2025,Căn góc hướng nam chung cư HH4A Linh Đàm,"3,5 tỷ",76 m²,"46,05 tr/m²",3,2,"Hoàng Liệt, Hoàng Mai","20.963440196954036, 105.82767863348666"
42060481,09/03/2025,"Mua Melody Linh Đàm nên mua chính hãng CĐT để được hưởng quyền lợi tốt nhất, từ 5xtr/m2 view hồ","4,54 tỷ",89 m²,51 tr/m²,3,2,"Hoàng Liệt, Hoàng Mai","20.9584362845913, 105.826334498386"
41660003,09/03/2025,Bán căn hộ diện tích sổ 74m2 2PN 2WC 2 logia giá 4.4 tỷ,"4,4 tỷ",74 m²,"59,46 tr/m²",2,2,"Yên Sở, Hoàng Mai","20.9729385375977, 105.866355895996"
33957697,09/03/2025,"Bán CHCC toà CT1 Gelexia Riverside 885 Tam Trinh - DT 78m2 2PN 2WC, view Time city cực đẹp","4,4 tỷ",78 m²,"56,41 tr/m²",2,2,"Yên Sở, Hoàng Mai","20.9729385375977, 105.866355895996"
42328690,09/03/2025,"Bán căn hộ 06 tòa A chung cư Sky Central 87,7m2 giá 6.2 tỷ 3PN","6,23 tỷ","87,7 m²",71 tr/m²,3,2,"Định Công, Hoàng Mai","20.982171113077047, 105.83433213439216"
37910863,09/03/2025,Bán CHCC Hateco Hoàng Mai. DT 95m2 3PN 2WC cực hiếm view hồ công viên Yên Sở,"4,75 tỷ",95 m²,50 tr/m²,3,2,"Yên Sở, Hoàng Mai","20.9628513669185, 105.864004415273"
41004501,09/03/2025,Bán CHCC 60 Nguyễn Đức Cảnh tòa HUD3 căn góc cực hiếm. DT 75m2 2PN 2WC,"5,2 tỷ",75 m²,"69,33 tr/m²",2,2,"Tương Mai, Hoàng Mai","20.987325668335, 105.849838256836"
38014917,09/03/2025,Bán CHCC Gelexia Riverside căn góc view cực thoáng đẹp. DT 120m2 3PN 2WC,"6,8 tỷ",120 m²,"56,67 tr/m²",3,2,"Yên Sở, Hoàng Mai","20.9729385375977, 105.866355895996"
41420668,09/03/2025,Bán căn 07 tòa A tầng trung chung cư Helios 75 Tam Trinh O934611663,Giá thỏa thuận,80 m²,N/A,2,2,"Mai Động, Hoàng Mai","20.994594481446363, 105.86341372157445"
41858824,09/03/2025,"Bán căn góc tòa A1, 122m2 3PN, 2WC, 2logia giá 6.3 tỷ TL","6,3 tỷ",122 m²,"51,64 tr/m²",3,2,"Tương Mai, Hoàng Mai","20.987005801466736, 105.85213697732874"
42208579,09/03/2025,"Bán căn góc tại Mandarin Garden 2 Tân Mai, 5,1tỷ, 67m2","5,1 tỷ",67 m²,"76,12 tr/m²",2,1,"Tân Mai, Hoàng Mai","20.984091673517447, 105.84673738738988"
42352219,09/03/2025,Cần tiền chủ bán căn 68m2 giá chỉ 3.55 tỷ TTS 95%,"3,55 tỷ",68 m²,"52,21 tr/m²",2,2,"Hoàng Liệt, Hoàng Mai","20.9588143423839, 105.825886267905"
40267757,09/03/2025,Bán căn hộ 2 phòng ngủ 61m2 The One Gamuda view đẹp thoáng mát nội thất hiện đại 0904 744 ***,"4,15 tỷ",61 m²,"68,03 tr/m²",2,N/A,"Yên Sở, Hoàng Mai","20.9692039489746, 105.876914978027"
39748454,09/03/2025,Bán căn 3 ngủ The Two Gamuda 91m2 đầy đủ nội thất view nội khu 0948 857 ***,"6,65 tỷ",91 m²,"73,08 tr/m²",2,2,"Yên Sở, Hoàng Mai","20.9700584411621, 105.877777099609"
42120942,09/03/2025,Chính chủ bán căn hộ 3 ngủ tại chung cư T&T Riverview 440 Vĩnh Hưng đầy đủ nội thất,"5,45 tỷ",90 m²,"60,56 tr/m²",3,2,"Vĩnh Hưng, Hoàng Mai","20.9989093687929, 105.880252891515"
41960998,09/03/2025,"Bán căn hộ chung cư Hateco Yên Sở, Hoàng mai, HN. Toà A diện tích thông thủy 93m2, full nội thất","4,9 tỷ",93 m²,"52,69 tr/m²",3,2,"Yên Sở, Hoàng Mai","20.9621767995061, 105.864141548151"
42071367,09/03/2025,"Bán căn hộ 60m2, 2 ngủ chung cư Hateco Hoàng Mai - P. Yên Sở, Hoàng Mai, Hà Nội","3,6 tỷ",60 m²,60 tr/m²,2,2,"Yên Sở, Hoàng Mai","20.962737115778772, 105.86484360812473"
42155228,09/03/2025,"Cần bán nhà ở tòa CT2A chung cư Gelexia, 885 Tam Trinh, Q. Hoàng Mai. View Gamuda","4,9 tỷ",81 m²,"60,49 tr/m²",2,2,"Yên Sở, Hoàng Mai","20.972625789630115, 105.8661968214877"
42161272,09/03/2025,Bán CHCC 54m2 2 ngủ 2wc KĐT Đền Lừ căn góc full nội thất,"3,35 tỷ",55 m²,"60,91 tr/m²",2,2,"Hoàng Văn Thụ, Hoàng Mai","20.9841381740213, 105.860394135904"
42135314,09/03/2025,Bán CHCC 80m2 căn hoa hậu ở New Horizon 87 Lĩnh Nam 2 ngủ lô góc thoáng mát,"4,9 tỷ",80 m²,"61,25 tr/m²",2,2,"Mai Động, Hoàng Mai","20.98958217174301, 105.86659315343579"
42311672,09/03/2025,Bán gấp căn hộ 2 ngủ-75m2 Vinaconex2-Đây đủ nội thất-View trường ngôi sao-Sổ đỏ-Giá tốt nhất,"4,5 tỷ",75 m²,60 tr/m²,2,2,"Đại Kim, Hoàng Mai","20.973057611959117, 105.81923344432518"
41673177,09/03/2025,"0934 611 *** Tôi có 2 căn 2PN chung cư 176 Định Công 66,6m1 vs 68,8m2","4,85 tỷ","66,6 m²","72,82 tr/m²",2,2,"Định Công, Hoàng Mai","20.9824598072671, 105.834621778028"
41854034,09/03/2025,Bán 2 CH: căn hộ 10 và căn hộ 04 2pn 4.8 tỷ có TL,"4,8 tỷ","70,1 m²","68,47 tr/m²",2,2,"Tương Mai, Hoàng Mai","20.9871305622143, 105.850028583824"
42149567,09/03/2025,Bán Căn 07 Tòa D chung cư Mandarin garden2 tân mai 83m2 6.3 tỷ,"6,3 tỷ",83 m²,"75,9 tr/m²",N/A,N/A,"Tân Mai, Hoàng Mai","20.983997992983475, 105.84684840685162"
42317599,09/03/2025,Tôi cần bán căn hộ tòa CT3 Gelexia 2PN 65m2 giá 3.95 tỷ,"3,95 tỷ",65 m²,"60,77 tr/m²",2,2,"Yên Sở, Hoàng Mai","20.972812213752803, 105.86625516040583"
41640353,09/03/2025,"Tôi có 6 căn góc 3PN tòa CT2A và CT1 CT2B Gelexia, LH: 0934 611 ***","5,2 tỷ",90 m²,"57,78 tr/m²",3,2,"Yên Sở, Hoàng Mai","20.9729385375977, 105.866355895996"
41838137,09/03/2025,"Siêu phẩm Horizon 87 Lĩnh Nam 102m2 sổ 6,7 tỷ","6,7 tỷ",102 m²,"65,69 tr/m²",2,2,"Mai Động, Hoàng Mai","20.9898301919232, 105.866862102703"
42371489,09/03/2025,Bán căn góc trục 15 Tòa B hateco tầng trung. 3pn 2wc,"4,68 tỷ",96 m²,"48,75 tr/m²",2,2,"Yên Sở, Hoàng Mai","20.962891301434457, 105.86468139519424"
42374626,09/03/2025,Giá cực tốt. Căn hộ 2 phòng ngủ 58m chung cư VP5 bán đảo Linh Đàm,"2,48 tỷ",58 m²,"42,76 tr/m²",2,2,"Hoàng Liệt, Hoàng Mai","20.96289244635814, 105.83156449195505"
42283334,09/03/2025,"Bán nhanh căn hộ chung cư Hoà Phát Mandarin Garden 2 tại số 99 Tân Mai, Hoàng Mai, HN LH 0962 55227","6,3 tỷ",85 m²,"74,12 tr/m²",2,2,"Tân Mai, Hoàng Mai","20.983754573502317, 105.84628614750636"
42208835,09/03/2025,Bán CHCC T&T Riverview 440 Vĩnh Hưng DT 80m2 có 2PN 2WC view cực thoáng đẹp,"4,7 tỷ",80 m²,"58,75 tr/m²",2,2,"Vĩnh Hưng, Hoàng Mai","20.999024302704576, 105.88072369848614"
39509364,09/03/2025,"CC bán căn hộ 80m2 chung cư New Horizon City - 87 Lĩnh Nam, Quận HM, HN: LH 0962 552 ***","5,1 tỷ",80 m²,"63,75 tr/m²",2,2,"Mai Động, Hoàng Mai","20.9894237518311, 105.866561889648"
42283054,09/03/2025,"Bán căn hộ 2 ngủ 75m2 chung cư K35 Tân Mai, tòa NO2, căn hộ góc, view đẹp full nội thất 0962 552 ***","4,95 tỷ",75 m²,66 tr/m²,2,2,"Tương Mai, Hoàng Mai","20.984079892402697, 105.85188814146917"
40646478,09/03/2025,CC bán CHCC Eco Lake View 32 Đại Từ HM DT 80m2 2ngủ 2WC giá 4.9 tỷ nhà full nội thất LH 0962 552 ***,"4,9 tỷ",80 m²,"61,25 tr/m²",2,2,"Đại Kim, Hoàng Mai","20.9730930328369, 105.838371276855"
40536139,09/03/2025,"Chính chủ bán CH 2PChính chủ bán CH 2PN 70m2, giá: 4.3 tỷ tại Gelexia 885 Tam Trinh: LH: 0962 552 ***","4,3 tỷ",70 m²,"61,43 tr/m²",2,2,"Yên Sở, Hoàng Mai","20.9729385375977, 105.866355895996"
41914799,09/03/2025,"Bán CHCC Đồng Tàu - Thịnh Liệt, DT: 65m2, 2PN + VS, giá 3,45tỷ có TL. LH: 0962 552 ***","3,45 tỷ",65 m²,"53,08 tr/m²",2,1,"Thịnh Liệt, Hoàng Mai","20.9768140018344, 105.847057758006"
38936519,09/03/2025,"CC bán căn hộ CC cao cấp tòa B Hateco Hoàng Mai. 65m2 giá 3.6tỷ, LH: 0962 55279","3,6 tỷ",65 m²,"55,38 tr/m²",2,2,"Yên Sở, Hoàng Mai","20.9627342224121, 105.86434173584"
39509596,09/03/2025,"CC bán CHCC Sunshine Palace ngõ 13 Lĩnh Nam 2ngủ 2 WC khách, bếp. DT: 87m2 LH: 0962 552 ***",6 tỷ,87 m²,"68,97 tr/m²",3,2,"Mai Động, Hoàng Mai","20.9901828765869, 105.868659973145"
42209449,09/03/2025,"Bán CHCC Osaka Complex ngõ 48 Ngọc Hồi, căn góc. DT 75m2 2 ngủ 2 WC giá 3,7 tỷ, 0962 552 ***","3,7 tỷ",75 m²,"49,33 tr/m²",2,2,"Hoàng Liệt, Hoàng Mai","20.958575694389612, 105.83875199193503"
41406162,09/03/2025,"CC bán căn hộ 3ngủ chung cư Nơ 1B Bán đảo Linh Đàm DT75m2, full nội thất đẹp LH 0962 552 ***","4,4 tỷ",75 m²,"58,67 tr/m²",3,2,"Hoàng Liệt, Hoàng Mai","20.971456527709961, 105.82817077636719"
39172850,09/03/2025,"Bán gấp CHCC Đền Lừ, tầng trung thoáng mát, 58m2, 2 phòng ngủ, sổ đỏ chính chủ","3,35 tỷ",58 m²,"57,76 tr/m²",2,2,"Hoàng Văn Thụ, Hoàng Mai","20.9848365783691, 105.859855651855"
42333630,09/03/2025,Bán nhà chung cư 897 Giải Phóng (sát bến xe Giáp Bát),"5,05 tỷ","62,5 m²","80,8 tr/m²",2,2,"Giáp Bát, Hoàng Mai","20.9797617105978, 105.841026120277"
41516025,09/03/2025,"Chính chủ cần bán gấp căn hộ chung cư Mandarin, 99 Tân Mai, Hoàng Mai 80m2 2PN full đồ 6.3 tỷ","6,3 tỷ",98 m²,"64,29 tr/m²",2,2,"Tân Mai, Hoàng Mai","20.9838600158691, 105.846603393555"
42327377,09/03/2025,"Bán CC No3 Linh Đàm, 4,3 tỷ, 76m2, 3PN, 2WC, view đẹp, pháp lý đầy đủ","4,3 tỷ",76 m²,"56,58 tr/m²",3,2,"Thịnh Liệt, Hoàng Mai","20.96448403226101, 105.83014836985413"
42343263,09/03/2025,"Gia đình cần bán căn hộ 2PN, 71m2, full nội thất, bc đông nam tại Rose Town, giá: 4 tỷ",4 tỷ,71 m²,"56,34 tr/m²",2,2,"Hoàng Liệt, Hoàng Mai","20.95604125374908, 105.84468638723588"
37605002,09/03/2025,Gia đình cần bán căn hộ 3 ngủ diện tích 72m2 tòa CT2 X2 Linh Đàm,"4,15 tỷ",72 m²,"57,64 tr/m²",3,2,"Hoàng Liệt, Hoàng Mai","20.9626617431641, 105.821266174316"
42374155,09/03/2025,"Chung cư B9 Đại Kim, 70m2, 3 ngủ 2vs, full nội thất đẹp giá chỉ 3,6 tỷ","3,6 tỷ",70 m²,"51,43 tr/m²",3,2,"Đại Kim, Hoàng Mai","20.9773492040096, 105.836202239613"
39165147,09/03/2025,Gia đình cần bán căn hộ 57.5m2 thông thủy tòa Trung Rice City - Linh Đàm,"3,65 tỷ","57,5 m²","63,48 tr/m²",2,1,"Hoàng Liệt, Hoàng Mai","20.9638347625732, 105.822456359863"
42347684,09/03/2025,Chính chủ cần bán căn góc 3PN DT 82.3 m2 CC Vật Tư Du Lịch South Tower,"4,35 tỷ","82,3 m²","52,86 tr/m²",3,2,"Hoàng Liệt, Hoàng Mai","20.9625767311312, 105.845295438213"
42269107,09/03/2025,Suất ngoại giao căn hộ 2PN diện tích 74.55 m2 giá hấp dẫn nhất dự án Hà Nội Melody Residences,"3,93 tỷ","74,55 m²","52,69 tr/m²",2,2,"Hoàng Liệt, Hoàng Mai","20.9585621588882, 105.825425405553"
42345211,09/03/2025,"Bảng hàng ngoại giao trực tiếp chủ đầu tư căn hộ 2PN, 3PN giá tốt Hà Nội Melody Residences","6,06 tỷ","104,75 m²","57,81 tr/m²",3,2,"Hoàng Liệt, Hoàng Mai","20.95806875591511, 105.82690436535256"
42345359,09/03/2025,Mở bán đợt cuối bảng hàng ngoại giao giá tốt Hà Nội Melody Residences chỉ từ 51 triệu/m2 gồm VAT,"3,86 tỷ","74,25 m²","51,92 tr/m²",2,2,"Hoàng Liệt, Hoàng Mai","20.958480073100105, 105.82642372589065"
42327007,09/03/2025,Quỹ căn 3 PN dự án Melody Linh Đàm giá tốt nhất thị trường LH: 0981 155 ***,"4,61 tỷ",94 m²,49 tr/m²,3,2,"Hoàng Liệt, Hoàng Mai","20.958896109755717, 105.82604055949213"
36866345,09/03/2025,Cần bán căn 3 phòng ngủ 75m2 Nơ 1A bán đảo Linh Đàm,"4,35 tỷ",75 m²,58 tr/m²,3,2,"Đại Kim, Hoàng Mai","20.97145652771, 105.828170776367"
41925133,09/03/2025,"(Giá tốt) Sổ cầm tay, view hồ, tầng đẹp, căn hộ 2PN/2WC, DT 75m2, giá chỉ 4.8 tỷ tặng full nội thất","4,8 tỷ",75 m²,64 tr/m²,2,2,"Hoàng Liệt, Hoàng Mai","20.95817084928345, 105.84598254758735"
40186514,09/03/2025,"(Hiếm) Bán căn góc 3PN, DT 95m2, Giá 6.6 tỷ, Tầng trung, Full NT, Sổ chính chủ, Hướng mát, View đẹp","6,6 tỷ",95 m²,"69,47 tr/m²",3,2,"Định Công, Hoàng Mai","20.9827823638916, 105.834381103516"
42129370,09/03/2025,"(Thiện chí) Bán căn hộ góc 3PN/2WC, Giá 6.3x tỷ, DT 105m2, Full NT, Tầng cao, Sổ hồng, Hướng mát","6,35 tỷ",105 m²,"60,48 tr/m²",3,2,"Đại Kim, Hoàng Mai","20.97305593247761, 105.83824932720478"
39205951,09/03/2025,"Gia đình cần bán căn hộ diện tích 85,3m2 tòa Nơ 6B Bán Đảo Linh Đàm","4,52 tỷ","85,3 m²","52,99 tr/m²",3,2,"Đại Kim, Hoàng Mai","20.97145652771, 105.828170776367"
41925056,09/03/2025,"(Căn mới) bán căn hộ 2N - 3N, DT 83, 85m2, tầng trung, view hồ, full NT, giá 5.2 tỷ, sổ cầm tay","5,2 tỷ",85 m²,"61,18 tr/m²",3,2,"Hoàng Liệt, Hoàng Mai","20.9588819564038, 105.845786122538"
40622251,09/03/2025,Bán căn hộ diện tích 75m2 chung cư Hà Nội Melody được vay ngân hàng 70%,Giá thỏa thuận,75 m²,N/A,2,2,"Hoàng Liệt, Hoàng Mai","20.9585018157959, 105.82634735107422"
42129468,09/03/2025,"(New) Bán gấp căn 2N/2WC, Giá siêu tốt 4.75 tỷ, Tầng trung, Hướng mát, Full NT, Sổ hồng cầm tay","4,75 tỷ",81 m²,"58,64 tr/m²",2,2,"Đại Kim, Hoàng Mai","20.972894741924677, 105.83770758225027"
37666717,09/03/2025,Cần bán căn hộ 3 ngủ 79.5m2 dự án OCT2 DN2 Bắc Linh Đàm,"4,15 tỷ","79,5 m²","52,2 tr/m²",3,2,"Đại Kim, Hoàng Mai","20.97145652771, 105.828170776367"
41636746,09/03/2025,"(Căn mới giá tốt) bán gấp căn 2PN/2WC, DT 55-58m2, giá 3.8 tỷ, Tầng trung, View thoáng, Sổ cầm tay","3,8 tỷ",55 m²,"69,09 tr/m²",2,2,"Hoàng Liệt, Hoàng Mai","20.9587688446045, 105.846313476563"
41571901,09/03/2025,"(Giá tốt) Bán căn 2PN, Tầng trung, Hướng nam, DT 65m2,Giá 4.6 tỷ, NTCB, Sổ hồng, LH: 0967 465 ***","4,6 tỷ",65 m²,"70,77 tr/m²",2,1,"Định Công, Hoàng Mai","20.9827823638916, 105.83438110351563"
41457555,09/03/2025,Gia đình cần bán căn hộ 3 ngủ tòa South Tower - Vật Tư Du Lịch - số 8 Trần Thủ Độ,"4,28 tỷ","86,6 m²","49,42 tr/m²",3,2,"Hoàng Liệt, Hoàng Mai","20.9588593959939, 105.84284646673"
40315393,09/03/2025,"Chuyển nhượng căn hộ 3PN Feliz Homes Hoàng Mai, giá tốt, nội thất đẹp 100.4m2 - 6.5 tỷ - 0977 636 ***","6,5 tỷ","100,4 m²","64,74 tr/m²",3,2,"Hoàng Văn Thụ, Hoàng Mai","20.9848365783691, 105.859855651855"
41841367,09/03/2025,"Bán CC 3 ngủ Feliz Homes Hoàng Mai giá ngang căn 2 ngủ, tầng đẹp, view bể bơi, 101m2 giá chỉ 6.2 tỷ","6,2 tỷ",101 m²,"61,39 tr/m²",3,2,"Hoàng Văn Thụ, Hoàng Mai","20.984676339385572, 105.86039628702592"
41975763,09/03/2025,"Tập thể lô góc tầng 2 Giải Phóng. DT 51/95m2 3 ngủ 2 wc 2 ban công, 30m ra đường Giải Phóng 3,75 tỷ","3,75 tỷ",95 m²,"39,47 tr/m²",3,2,"Giáp Bát, Hoàng Mai","20.9838332604147, 105.841454035557"
42347827,09/03/2025,Cần bán căn 3 ngủ 64m2 (3 ngủ 2VS) cư HH3B - Linh Đàm,"2,59 tỷ",64 m²,"40,47 tr/m²",3,2,"Hoàng Liệt, Hoàng Mai","20.963538892958585, 105.82812922150029"
42129559,09/03/2025,"(Cần gấp) Bán căn góc 3PN/2WC, DT 95m2, Giá 6 tỷ, Tầng vừa, View thoáng, Full NT, Sổ cầm tay",6 tỷ,95 m²,"63,16 tr/m²",3,2,"Đại Kim, Hoàng Mai","20.973286064391928, 105.83845362636644"
42373987,09/03/2025,"Bán Căn hộ chung cư Eco Lake View 4,95 tỷ, 75m2, 2PN, 2WC .LH: 0917 208 ***","4,95 tỷ",75 m²,66 tr/m²,2,2,"Đại Kim, Hoàng Mai","20.973399826502234, 105.83891746267115"
39326777,09/03/2025,Bán gấp siêu phẩm 2PN 90m2 Sunshine Palace view thành phố giá 5tỷ8 đã có sổ LH em Hoàng 0812 395 ***,"5,8 tỷ",90 m²,"64,44 tr/m²",2,2,"Mai Động, Hoàng Mai","20.99017040641177, 105.86882215210764"
42129715,09/03/2025,"(Giá rẻ) Bán gấp căn 2N/2WC tại EcoLake, tầng cao, view đẹp, Full NT, sổ hồng chính chủ, Giá 4.4 tỷ","4,4 tỷ",75 m²,"58,67 tr/m²",2,2,"Đại Kim, Hoàng Mai","20.972532373320842, 105.83815697874012"
42359297,09/03/2025,"BÁN CĂN GÓC SỔ ĐỎ - TẦNG TRUNG - 93M - 3PN/2WC - NỘI THẤT ĐẸP - NEW HORIZON CITY, 87 LĨNH NAM","6,2 tỷ",93 m²,"66,67 tr/m²",3,2,"Mai Động, Hoàng Mai","20.98952511844759, 105.86669972449822"
42224569,09/03/2025,"Mở bán căn hộ căn 3PN, 94.54m2 giá rẻ nhất dự án Melody Linh Đàm, 4,55 tỷ. LH: 0902 030 ***","4,55 tỷ","94,54 m²","48,13 tr/m²",3,2,"Hoàng Liệt, Hoàng Mai","20.9581096236518, 105.826677493176"
41924537,09/03/2025,"Thiện chí bán căn 2N/2WC mới bàn giao, DT 79m2, Giá 5 tỷ,Full NT, tầng cao, view đẹp, hướng mát",5 tỷ,79 m²,"63,29 tr/m²",2,2,"Hoàng Liệt, Hoàng Mai","20.9560262561592, 105.844802724493"
41925004,09/03/2025,"(Căn mới) Bán căn góc hoa hậu 3PN, DT 100m2, full NT nhập khẩu, view hồ, hướng mát, sổ lâu dài",7 tỷ,100 m²,70 tr/m²,3,2,"Hoàng Liệt, Hoàng Mai","20.95902716124281, 105.84582571059775"
41924468,09/03/2025,"(Mới) Bán căn 3PN góc hoa hậu tòa lâu dài, DT 95m2, tầng trung, view thoáng, full NT, giá 5.8 tỷ","5,8 tỷ",95 m²,"61,05 tr/m²",3,2,"Hoàng Liệt, Hoàng Mai","20.956483707886118, 105.84500057093017"
42272679,09/03/2025,"(Giá tốt) Bán gấp căn 3PN, 80m2, Tầng trung, Hướng Nam, Full NT, Sổ hồng chính chủ, Giá bán 6.1 tỷ","6,1 tỷ",80 m²,"76,25 tr/m²",3,2,"Định Công, Hoàng Mai","20.983382472399068, 105.83407908662588"
41664841,09/03/2025,"Chính chủ cần bán căn 68m2 - 2PN tầng 15 dự án Hanoi Melody Linh Đàm giá 3,8 tỷ","3,8 tỷ",68 m²,"55,88 tr/m²",2,N/A,"Hoàng Liệt, Hoàng Mai","20.9585018157959, 105.82634735107422"
41755894,09/03/2025,"(Gấp) Thiện chí bán căn 2N/2WC, DT 71m2, giá 4.45 tỷ bao phí, full NT, tầng trung, xem nhà 24/24","4,45 tỷ",71 m²,"62,68 tr/m²",2,2,"Hoàng Liệt, Hoàng Mai","20.956588745117188, 105.84488677978516"
41996233,09/03/2025,"Mua nhà đón tết, chủ nhà cần bán căn hộ Nơ 7A - 3PN 2VS - full nội thất mới 100%","4,44 tỷ",85 m²,"52,24 tr/m²",3,2,"Đại Kim, Hoàng Mai","20.971235693665, 105.828540950085"
42095227,09/03/2025,Mua ngay!!! Căn hộ 3pn tại CT4AX2 Linh Đàm- Thiết kế hiện đại- Đầy đủ tiện ích!,"4,65 tỷ",90 m²,"51,67 tr/m²",3,2,"Hoàng Liệt, Hoàng Mai","20.965540291585, 105.828231387939"
42264165,09/03/2025,Bán căn hộ tòa CT4AX2 - diện tích rộng - căn hộ 3 ngủ - sổ đỏ - nội thất mới,"4,7 tỷ",90 m²,"52,22 tr/m²",3,2,"Đại Kim, Hoàng Mai","20.9717503575019, 105.828129926557"
42079390,09/03/2025,Bán gấp căn hộ 3pn 2vs tại CT3C X2 Linh Đàm- Full nội thất cao cấp- Ở được luôn!,"4,85 tỷ",93 m²,"52,15 tr/m²",3,2,"Đại Kim, Hoàng Mai","20.97153135668391, 105.82793287522283"
42302951,09/03/2025,"Lô góc- Duy nhất 1 căn 3pn tại tòa CT5X2, nội thất mới, hiện đại.","4,7 tỷ",88 m²,"53,41 tr/m²",3,2,"Hoàng Liệt, Hoàng Mai","20.9709197482078, 105.835099183919"
42287863,09/03/2025,Lô góc 92m- View thoáng- CC D2CT2 Tây Nam Linh Đàm- Nội thất để lại Full mới! Mua ngay.,"5,25 tỷ",92 m²,"57,06 tr/m²",3,2,"Hoàng Liệt, Hoàng Mai","20.9614834375855, 105.835409378153"
42156821,09/03/2025,Lô Góc Nơ 7A- CC Bán đảo Linh Đàm - 3pn 2vs - Đầy đủ nội thất cao cấp!,"4,88 tỷ",95 m²,"51,37 tr/m²",3,2,"Hoàng Liệt, Hoàng Mai","20.9636642301463, 105.831609378458"
42275925,09/03/2025,HƠN 3 TỶ - NHÀ ĐẸP Ở NGAY - 3 NGỦ - SỔ ĐỎ - TÒA NƠ7 BÁN ĐẢO LINH ĐÀM,"3,9 tỷ",74 m²,"52,7 tr/m²",3,2,"Hoàng Liệt, Hoàng Mai","20.9642377353668, 105.831674276508"
41633547,09/03/2025,Bán căn hộ 2PN 2VS - CT2X2 Linh Đàm - Full nội thất mới 100%,"2,95 tỷ",55 m²,"53,64 tr/m²",2,2,"Hoàng Liệt, Hoàng Mai","20.97145652770996, 105.82817077636719"
42367481,09/03/2025,Chính chủ em Bán căn hộ 67m 2pn 2vs- CT2- TP Tây nam Linh Đàm. Full nội thất cao cấp!,"3,75 tỷ",67 m²,"55,97 tr/m²",2,2,"Hoàng Liệt, Hoàng Mai","20.9615153578785, 105.835399290339"
42228391,09/03/2025,"Siêu Phẩm 3PN Căn Góc HUD2 B1 B2 , 95m2, Tây Nam Linh Đàm - View Đẹp, Nội Thất Cao Cấp.","5,5 tỷ",95 m²,"57,9 tr/m²",3,2,"Hoàng Liệt, Hoàng Mai","20.9614083181036, 105.835609663478"
42363083,09/03/2025,GIÁ CỰC SỐC- CHUNG CƯ 3PN 2VS TÒA RAINBOW LINH ĐÀM CÓ SỔ ĐỎ - VÀO Ở LUÔN,6 tỷ,100 m²,60 tr/m²,3,2,"Hoàng Liệt, Hoàng Mai","20.9614732879135, 105.835371036339"
42373860,09/03/2025,Chính Chủ Bán Căn Hoa Hậu An Bình Định Kim Hoàng Mai 3 ngủ lh 0929 656 ***,Giá thỏa thuận,113 m²,N/A,3,2,"Định Công, Hoàng Mai","20.98237207775931, 105.83190091310446"
42373845,09/03/2025,"CC bán CHCC Toà CT12 Kim Văn Kim Lũ.DT:74m2, 3N+2WC. Giá 3,7 tỷ.LH: 0917 208 ***","3,7 tỷ",74 m²,50 tr/m²,3,2,"Đại Kim, Hoàng Mai","20.973387580831094, 105.82013273935122"
39574329,09/03/2025,(Căn mới) chính chủ cần bán căn 3PN 99m2 - 124m2 giá từ 7tỷ và 65m2 - 87m2 giá từ 5tỷ tại Mandarin2,7 tỷ,99 m²,"70,71 tr/m²",3,2,"Tân Mai, Hoàng Mai","20.9838600158691, 105.846603393555"
42373771,09/03/2025,Cần Bán Gấp Căn Hộ Osaka Complex 71 m 2 PN 2 Vs Lh : 0929 656 ***,Giá thỏa thuận,71 m²,N/A,3,2,"Hoàng Liệt, Hoàng Mai","20.9581260692443, 105.83841166818056"
42373756,09/03/2025,Chính Chủ Cần Bán Căn Hoa Hậu x2 Đại Kim Siêu đẹp 0929 656 ***,Giá thỏa thuận,86 m²,N/A,3,2,"Đại Kim, Hoàng Mai","20.975586539632044, 105.82511084643568"
42373748,09/03/2025,Chính Chủ Bán Chung Cư căn hộ Rice city Toà Nam Linh Đàm lh; 0929 656 ***,Giá thỏa thuận,70 m²,N/A,3,2,"Hoàng Liệt, Hoàng Mai","20.963636517644524, 105.82259533590195"
40018228,09/03/2025,Chính chủ bán căn 2 ngủ 78m2 toà Zen dự án Feliz Home - view thoáng - sẵn slot ô tô giá 5.3 tỷ,"5,3 tỷ",78 m²,"67,95 tr/m²",2,2,"Hoàng Văn Thụ, Hoàng Mai","20.98454866981796, 105.85953666559598"
37779734,09/03/2025,"Chính chủ bán căn góc 3 ngủ 2WC - toà Fantasy dự án Feliz Homes hướng Đông Nam, full nội thất","7,1 tỷ",115 m²,"61,74 tr/m²",3,2,"Hoàng Văn Thụ, Hoàng Mai","20.985250114803907, 105.8596935456858"
42296761,09/03/2025,"Bán gấp căn hộ CTI2B Tháp B, 3,45 tỷ, 65m2 tại Vĩnh Hưng, Hoàng Mai, Hà Nội","3,45 tỷ",65 m²,"53,08 tr/m²",N/A,N/A,"Vĩnh Hưng, Hoàng Mai","20.9890587513723, 105.877791873846"
42302671,09/03/2025,"Bán CC 3PN, 2WC, 87m2 tại Đồng Phát Park View Tower, 4,88 tỷ, Vĩnh Hưng, Hoàng Mai, HN","4,88 tỷ",87 m²,"56,09 tr/m²",3,2,"Vĩnh Hưng, Hoàng Mai","20.98003297614215, 105.87471628842793"
42311015,09/03/2025,"Bán CHCC Gelexia 885 Tam Trinh. DT 74m2,2PN+2VS.Giá 4,4 tỷ (có thương lượng). LH: 0917 208 ***","4,4 tỷ",74 m²,"59,46 tr/m²",2,2,"Yên Sở, Hoàng Mai","20.972972982131182, 105.86651797924478"
42335906,09/03/2025,"Bán căn hộ Hateco Hoàng Mai, 3,18 tỷ, 48m2, 2PN, 1WC tại Yên Sở, Hoàng Mai, Hà Nội. LH: 0917 208 ***","3,18 tỷ",48 m²,"66,25 tr/m²",2,1,"Yên Sở, Hoàng Mai","20.962329645182564, 105.86430585734273"
42346880,09/03/2025,"Bán CHCC toà Trung Rice City Tây Nam Linh Đàm. DT: 68m2, 2N + 2WC. Giá 4,35 tỷ. LH: 0917 208 ***","4,35 tỷ",68 m²,"63,97 tr/m²",2,2,"Hoàng Liệt, Hoàng Mai","20.96380729297477, 105.82249602928772"
42313935,09/03/2025,"ChChính chủ bán CHCC Osaka Complex Hoàng Liệt. DT 71m2, 2PN+ 2WC giá 3,85 tỷ có TL . LH: 0917 208 ***","3,85 tỷ",72 m²,"53,47 tr/m²",2,2,"Hoàng Liệt, Hoàng Mai","20.9590400672806, 105.837279832597"
42348226,09/03/2025,"Bán CHCC toà Nơ 7 - KĐT Pháp Vân Hoàng Mai. DT 87.96m2, 3PN + 2WC giá 4,5 tỷ. LH: 0917 208 ***","4,5 tỷ","87,96 m²","51,16 tr/m²",3,2,"Hoàng Liệt, Hoàng Mai","20.95629360263531, 105.8453581389124"
42290279,09/03/2025,"Bán CC Vật Tu Du Lịch đẹp, 4,4 tỷ, 75m2 tại Trần Thủ Độ, Hoàng Liệt, Hoàng Mai, Hà Nội","4,4 tỷ",75 m²,"58,67 tr/m²",2,2,"Hoàng Liệt, Hoàng Mai","20.9581260709902, 105.8466513978"
42309967,09/03/2025,"Bán căn góc cực hiếm tòa N4 Đồng Tàu. DT 76m2, 3 phòng ngủ+ 2 WC. Giá 4 tỷ 25. LH: 0917 208 ***","4,25 tỷ",76 m²,"55,92 tr/m²",3,2,"Thịnh Liệt, Hoàng Mai","20.9771325078429, 105.847144413781"
42361283,09/03/2025,"Bán căn cực hiếm chung cư toà N3 Đồng DT: 54m2, 2 phòng ngủ + 1 wc. Giá 3,15 tỷ. LH: 0917 208 ***","3,15 tỷ",54 m²,"58,33 tr/m²",2,1,"Thịnh Liệt, Hoàng Mai","20.9768296712732, 105.847051841797"
42373602,09/03/2025,"Bán căn hộ chung cư @Home Yên Sở, Hoàng Mai, Thoáng sáng, 67m2, 4.2 tỷ","4,2 tỷ",67 m²,"62,69 tr/m²",2,2,"Yên Sở, Hoàng Mai","20.9733785540388, 105.866257224137"
42373555,09/03/2025,Bán căn hộ CT2 Tây Nam Linh Đàm đầy đủ nội thất đẹp,Giá thỏa thuận,37 m²,N/A,2,1,"Hoàng Liệt, Hoàng Mai","20.96468984895192, 105.82514328788406"
42121115,09/03/2025,"Bán 3 căn hộ CC Viễn Đông Star, 85,90m2, 2PN, 2WC, giá 39tr/m2 ưu đãi tại Giáp Nhị, Hà Nội","3,32 tỷ",85 m²,39 tr/m²,2,2,"Thịnh Liệt, Hoàng Mai","20.9776216468246, 105.843020288483"
42324964,09/03/2025,Bán căn hộ chung cư Hateco Yên Sở Hoàng Mai Hà Nội,"4,9 tỷ",93 m²,"52,69 tr/m²",3,2,"Yên Sở, Hoàng Mai","20.9635721041393, 105.868266783966"
42290427,09/03/2025,Bán căn hộ chung cư Đồng Phát Parkview Vĩnh Hoàng Hoàng Mai Hà Nội,"4,65 tỷ","78,5 m²","59,24 tr/m²",2,2,"Vĩnh Hưng, Hoàng Mai","20.9903258540635, 105.875922245137"
38205031,09/03/2025,Bán căn hộ CC Gelexia Riverside 885 Tam Trinh Yên Sở Hoàng Mai Hà Nội tòa CT2A,"4,9 tỷ",82 m²,"59,76 tr/m²",3,2,"Yên Sở, Hoàng Mai","20.9729385375977, 105.866355895996"
41166727,09/03/2025,Cần bán căn hộ chung cư Gelexia 885 Tam Trinh Yên Sở Hoàng Mai Hà Nội,"4,3 tỷ",67 m²,"64,18 tr/m²",2,2,"Yên Sở, Hoàng Mai","20.972938537597656, 105.8663558959961"
42157617,09/03/2025,"Bán căn 3PN giá chỉ như căn 2PN tại Hà Nội Melody Residences, 5,1 tỷ, 90m2!","5,1 tỷ",90 m²,"56,67 tr/m²",3,2,"Hoàng Liệt, Hoàng Mai","20.9590755743948, 105.826390810546"
42336450,09/03/2025,"Bán căn hộ 74m2 tại Hà Nội Melody Residences, giá 4,8 tỷ, 2PN, 2WC. SĐT xem nhà mẫu 0367 183 ***","4,8 tỷ",74 m²,"64,86 tr/m²",2,2,"Hoàng Liệt, Hoàng Mai","20.9588750658555, 105.826119181726"
42173992,09/03/2025,"Bán CC đẹp xuất sắc tại HH2 Linh Đàm, 2,13 tỷ, 46m2, 2PN, 1WC","2,13 tỷ",46 m²,"46,3 tr/m²",2,1,"Hoàng Liệt, Hoàng Mai","20.964338374041954, 105.82729244028462"
42319422,09/03/2025,"Căn 2N+1 rẻ nhất Melody Linh Đàm,hướng mát,bàn giao cao cấp giá dự kiến nhỉnh 5.8 tỷ. LH 0367 183 ***","5,8 tỷ",90 m²,"64,44 tr/m²",3,2,"Hoàng Liệt, Hoàng Mai","20.9576733200284, 105.826630501077"
42373414,09/03/2025,Nhỉnh 1.8 tỉ có ngay căn 2 ngủ tại HH1B Linh Đàm Hoàng Mai,"1,82 tỷ",46 m²,"39,56 tr/m²",2,1,"Hoàng Liệt, Hoàng Mai","20.96509992097819, 105.82566721553562"
42088930,09/03/2025,Bán căn 2 ngủ Wiew hồ HH1C - Linh Đàm,"2,82 tỷ",71 m²,"39,72 tr/m²",2,2,"Hoàng Liệt, Hoàng Mai","20.9639596180697, 105.828549393978"
42111826,09/03/2025,Bán căn 2 ngủ 2 vệ sinh sổ đỏ cất két,"3,84 tỷ",63 m²,"60,87 tr/m²",2,2,"Hoàng Liệt, Hoàng Mai","20.963430392750944, 105.82097759970108"
42336135,09/03/2025,"Bán CC N9 Đồng Tàu 2PN 2WC, 68m2 tại Thịnh Liệt, Hoàng Mai, Hà Nội, giá tốt 3,57tỷ. LH: 0917 208 ***","3,57 tỷ",68 m²,"52,5 tr/m²",2,2,"Thịnh Liệt, Hoàng Mai","20.9768732069892, 105.847678236828"
40140415,09/03/2025,"Siêu phẩm đẹp long lanh tại HH2 Linh Đàm, nhà mới tinh, vuông vắn, thoáng mát quanh năm","1,65 tỷ",48 m²,"34,38 tr/m²",2,1,"Hoàng Liệt, Hoàng Mai","20.964334487915, 105.827293395996"
42373441,09/03/2025,"Bán căn hộ chung cư Gelexia 885 Tam Trinh - Yên Sở - Hoàng Mai.DT 68m2, 2N+ 2WC. Giá 4,35 tỷ","4,35 tỷ",68 m²,"63,97 tr/m²",2,2,"Yên Sở, Hoàng Mai","20.973196744467316, 105.86647376646522"
37901130,09/03/2025,"Bán CHCC K35 Tân Mai. DT 105m2, 3PN 2WC. Căn góc cực thoáng. View hồ Đền Lừ","7,7 tỷ",105 m²,"73,33 tr/m²",3,2,"Tương Mai, Hoàng Mai","20.9837379455566, 105.8515625"
42277159,09/03/2025,Bán CHCC 79m 2 ngủ căn hoa hậu ở New Horizon 87 Lĩnh Nam,"5,1 tỷ",79 m²,"64,56 tr/m²",2,2,"Mai Động, Hoàng Mai","20.989546120333866, 105.86648691080798"
42101813,09/03/2025,Bán căn hộ 3 ngủ chung cư Gelexia 885 Tam Trinh - Yên Sở - Hoàng Mai căn góc cực thoáng,"5,4 tỷ",87 m²,"62,07 tr/m²",3,2,"Yên Sở, Hoàng Mai","20.972636972996597, 105.86572626231948"
42222259,09/03/2025,Bán căn hộ CC 63m2 2 ngủ tại Đồng Phát Parkview,"3,8 tỷ",63 m²,"60,32 tr/m²",2,2,"Vĩnh Hưng, Hoàng Mai","20.979933186320398, 105.87372684049373"
42326555,09/03/2025,Bán căn hộ 70m2 chung cư HUD3 số 60 Nguyễn Đức Cảnh,"5,2 tỷ",70 m²,"74,29 tr/m²",2,2,"Tương Mai, Hoàng Mai","20.98816178061729, 105.8500451927329"
41394850,09/03/2025,"Bán căn hộ 105m2 3 ngủ chung cư Hateco Yên sở, Hoàng mai, tòa B căn góc 2 ban công, view thoáng đẹp","5,1 tỷ",105 m²,"48,57 tr/m²",3,2,"Yên Sở, Hoàng Mai","20.9627342224121, 105.86434173584"
41654801,09/03/2025,"Bán căn hộ 74m2 chung cư Gelexia 885 Tam Trinh - Yên Sở - Hoàng Mai. Full nội thất 4,4 tỷ","4,4 tỷ",74 m²,"59,46 tr/m²",2,2,"Yên Sở, Hoàng Mai","20.9729385375977, 105.866355895996"
41776607,09/03/2025,"Bán căn hộ 3 ngủ 90m2 chung cư Hateco Yên Sở, Hoàng Mai","4,6 tỷ",90 m²,"51,11 tr/m²",3,2,"Yên Sở, Hoàng Mai","20.962898169604603, 105.86389293545108"
42196552,09/03/2025,Bán căn hộ CC 72m2 căn góc toà B tại Đồng Phát Parkview Vĩnh Hoàng,"4,5 tỷ",72 m²,"62,5 tr/m²",2,2,"Vĩnh Hưng, Hoàng Mai","20.980257350573652, 105.87443564449163"
41337106,09/03/2025,"Bán căn hộ 85m2 chung cư Gelexia 885 Tam Trinh - Yên Sở - Hoàng Mai, view Gamuda","4,92 tỷ",85 m²,"57,88 tr/m²",2,2,"Yên Sở, Hoàng Mai","20.9732125205973, 105.866594733198"
42329349,09/03/2025,"Bán căn hộ 66.7m2 chung cư K35 Tân Mai, Hoàng Mai","5,2 tỷ","66,7 m²","77,96 tr/m²",2,2,"Tương Mai, Hoàng Mai","20.98335119535533, 105.85109513650995"
42326144,09/03/2025,Bán CH 71m2 2 ngủ CC Osaka Complex 48 Ngọc Hồi Hoàng Mai,"3,85 tỷ",71 m²,"54,22 tr/m²",2,2,"Hoàng Liệt, Hoàng Mai","20.95877024774231, 105.8389040179908"
41336395,09/03/2025,"Bán căn hộ 80m2 3 ngủ chung cư Hateco Yên Sở, Hoàng Mai, HN. Full nội thất xịn sò","4,6 tỷ",80 m²,"57,5 tr/m²",3,2,"Yên Sở, Hoàng Mai","20.9627342224121, 105.86434173584"
42372450,09/03/2025,SIÊU PHẨM-Cần bán A5 Đại Kim(Nguyễn Cảnh Dị)-DT 75m2-2N(2 ban công)-Giá 3.9x tỷ(giá thương lượng),"3,95 tỷ",75 m²,"52,67 tr/m²",2,1,"Đại Kim, Hoàng Mai","20.97833554084222, 105.83620298415859"
40417050,09/03/2025,"Bán gấp căn hộ chung cư Đại Kim Building, Hoàng Mai Hà Nội. DT 70m, 2ngủ, 2VS. Dọn về ở luôn","3,9 tỷ",70 m²,"55,71 tr/m²",2,2,"Đại Kim, Hoàng Mai","20.976427, 105.82543"
41562291,09/03/2025,Chuyển nhượng căn 2PN Sunshine Palace giá 5tỷ580 rẻ nhất dự án sẵn load xe oto - Em Long 0355 863 ***,"5,58 tỷ",85 m²,"65,65 tr/m²",2,2,"Mai Động, Hoàng Mai","20.990182876586914, 105.86865997314453"
41960798,09/03/2025,"Bán căn hộ 3PN, 2WC 115m2 8tỷ280 Sunshine Palace 13 lĩnh nam - em Long 0355 863 ***","8,28 tỷ",115 m²,72 tr/m²,3,2,"Mai Động, Hoàng Mai","20.99081127932473, 105.8680793205466"
41748849,09/03/2025,Bán căn hoa hậu 2 PN 80m2 Sunshine Palace giá chỉ 5tỷ480 đã có sổ đỏ - Em Long 0355 863 ***,"5,48 tỷ",85 m²,"64,47 tr/m²",2,2,"Mai Động, Hoàng Mai","20.9901828765869, 105.868659973145"
42334468,09/03/2025,"Gia đình cần bán căn hộ 2PN, 86m2, sổ hồng, hướng mát tại Phương Đông Green Park, giá: 5.3 tỷ","5,3 tỷ",86 m²,"61,63 tr/m²",2,2,"Hoàng Liệt, Hoàng Mai","20.9579528170356, 105.846660817352"
42334494,09/03/2025,"Gia đình cần bán căn hộ 3PN (Góc), 100m2, Full đồ, tầng 2x tại Rose Town, GIÁ: 5.6 tỷ","5,6 tỷ",100 m²,56 tr/m²,3,2,"Hoàng Liệt, Hoàng Mai","20.956220161812464, 105.84440968500466"
42334503,09/03/2025,"Gia đình cần bán căn hộ 2PN, 72m2, sổ hồng, nhà đẹp tại Sky Central - 176 Định Công, GIÁ: 4.8 tỉ","4,8 tỷ",72 m²,"66,67 tr/m²",2,2,"Định Công, Hoàng Mai","20.98251961451519, 105.8348323154576"
40012556,09/03/2025,"Giảm chào 300tr, bán gấp căn 3PN Feliz Home Hoàng Mai, 110m2 2 mặt thoáng, full nội thất, giá 7.1tỷ","7,1 tỷ",110 m²,"64,54 tr/m²",3,2,"Hoàng Văn Thụ, Hoàng Mai","20.9848365783691, 105.859855651855"
41252887,08/03/2025,"Nhà đẹp phố Nguyễn Cảnh Dị, tòa chung cư B9, KĐTM Đại Kim, Hoàng Mai DT 65m2 x MT 5 x 3,38 tỷ","3,38 tỷ",65 m²,52 tr/m²,2,1,"Đại Kim, Hoàng Mai","20.977920532226562, 105.8363265991211"
42372778,08/03/2025,Hàng tốt! Bán căn 2 ngủ Kim Văn Kim Lũ - Đại Kim. 56m2 góc đẹp - tầng đẹp. Nhà sao ảnh vậy,"2,75 tỷ",56 m²,"49,11 tr/m²",2,2,"Đại Kim, Hoàng Mai","20.972829797093365, 105.82024338993944"
42279230,08/03/2025,"Bán căn hộ 3PN, 2WC tại New Horizon City, giá cực chất 6,28 tỷ, 96m2, Q. Hoàng Mai, HN","6,28 tỷ",96 m²,"65,42 tr/m²",3,2,"Mai Động, Hoàng Mai","20.989468769245438, 105.86647780471482"
42279024,08/03/2025,"Bán căn 2 phòng ngủ đẹp long lanh ở ngay chung cư Athena Complex Pháp Vân, Hoàng Mai","3,2 tỷ",67 m²,"47,76 tr/m²",2,2,"Hoàng Liệt, Hoàng Mai","20.9585834785661, 105.842645390398"
42372415,08/03/2025,Chính Chủ Bán Căn Hoa Hậu An Bình Định Kim Hoàng Mai 3 ngủ lh 0929 656 ***,Giá thỏa thuận,113 m²,N/A,3,2,"Định Công, Hoàng Mai","20.98306982416358, 105.83117730905045"
42319189,08/03/2025,"Sẵn CH 3PN (to) 106m2 View trực diện công viên xanh mát, thiết kế hợp lý, sở hữu lâu dài, 63tr/m2","6,67 tỷ",106 m²,"62,89 tr/m²",3,2,"Hoàng Liệt, Hoàng Mai","20.958554262135504, 105.8268353312828"
42351151,08/03/2025,"Căn hộ 3PN 106m2, tầng cao đẹp, view nội khu chỉ 1,9 tỷ( 30%) ký HĐMB. Hotline: 0843 237 ***","6,68 tỷ",106 m²,63 tr/m²,3,2,"Hoàng Liệt, Hoàng Mai","20.958182610046848, 105.82692025862019"
42372352,08/03/2025,Cần Bán Gấp Căn Hộ Osaka Complex 71 m 2 PN 2 Vs Lh : 0929 656 ***,Giá thỏa thuận,71 m²,N/A,2,2,"Hoàng Liệt, Hoàng Mai","20.959048834277198, 105.83731179132114"
42372340,08/03/2025,Chính Chủ Cần Bán Căn Hoa Hậu x2 Đại Kim Siêu đẹp 0929 656 ***,Giá thỏa thuận,86 m²,N/A,3,2,"Đại Kim, Hoàng Mai","20.976541956601686, 105.82483699094426"
42372305,08/03/2025,Chính Chủ Bán Chung Cư căn hộ Rice city Toà Nam Linh Đàm lh; 0929 656 ***,Giá thỏa thuận,70 m²,N/A,3,2,"Hoàng Liệt, Hoàng Mai","20.963376098049736, 105.82257103693289"
42363192,08/03/2025,"Cần bán căn hộ 2PN, 2WC tại Mandarin Garden 2, 99 Tân Mai, HM, HN. Lh: O848123626","6,3 tỷ","79,2 m²","79,54 tr/m²",2,2,"Tân Mai, Hoàng Mai","20.98423061021115, 105.84650593500018"
42276059,08/03/2025,"Bán căn góc hoa hậu 07A, chung cư Helios 75 Tam Trinh, HM, HN. Lh: 0848 123 ***",Giá thỏa thuận,"71,8 m²",N/A,2,2,"Mai Động, Hoàng Mai","20.994453469110113, 105.86301415244667"
41593764,08/03/2025,"Chính chủ bán gấp CH Bea Sky Nguyễn Xiển DT 68,5m2 2PN, 2VS, nội thất đẹp, 4,2 tỷ: 0971 085 ***","4,2 tỷ","68,5 m²","61,31 tr/m²",2,2,"Đại Kim, Hoàng Mai","20.973551155818978, 105.82236031282456"
42270332,08/03/2025,"Căn góc KĐT Đại Kim, Nguyễn Cảnh Dị, DT 76m2, 2PN, 2 ban công hướng mát, nhà sạch đẹp, 3,9 tỷ","3,9 tỷ",76 m²,"51,32 tr/m²",2,N/A,"Đại Kim, Hoàng Mai","20.972309033259624, 105.82068746918047"
42372062,08/03/2025,"Chính chủ bán căn góc 3 ngủ 83m2 full nội thất mới tinh cao cấp có sổ đỏ tại Linh Đàm giá 4,8 tỷ","4,8 tỷ",83 m²,"57,83 tr/m²",N/A,N/A,"Đại Kim, Hoàng Mai","20.971687954055955, 105.82807164158996"
39942867,08/03/2025,"Nhượng lại căn hộ 2PN 75.5m2 The Zen Gamuda, nội thất cơ bản giá mềm nhất khu 0904 744 ***","5,65 tỷ","75,5 m²","74,83 tr/m²",2,2,"Yên Sở, Hoàng Mai","20.9717617034912, 105.878929138184"
42371673,08/03/2025,"Bán CC tại HUD3 Nguyễn Đức Cảnh70 M 2 ngủ, 2 vệ sinh . Lh : 0335 363 ***","4,95 tỷ",70 m²,"70,71 tr/m²",N/A,N/A,"Tương Mai, Hoàng Mai","20.9866816832604, 105.84995883870918"
42343487,08/03/2025,Chính chủ cần bán căn hộ 3PN 114 m2 tòa Zen dự án Feliz Home - giá 8 tỷ x - tầng đẹp hướng mát,Giá thỏa thuận,114 m²,N/A,3,2,"Hoàng Văn Thụ, Hoàng Mai","20.98564207717986, 105.86006688661116"
42371979,08/03/2025,"Chính chủ bán căn chung cư 2 ngủ 69m2 full nội thất tại CT3AX2 Bắc Linh Đàm giá chỉ 3,7tỷ","3,77 tỷ",69 m²,"54,64 tr/m²",N/A,N/A,"Hoàng Liệt, Hoàng Mai","20.9705391156632, 105.827186428425"
41785320,08/03/2025,"Căn tòa An Bình KĐT Định Công, DT 91m2, 3pn, 2wc, ban công, thoáng sáng, sạch đẹp, giá 6,4 tỷ","6,4 tỷ",91 m²,"70,33 tr/m²",2,2,"Định Công, Hoàng Mai","20.983582119262966, 105.83242978127578"
39390076,08/03/2025,"Bán 2ngủ 5,5 tỷ DT 90m2 phố Minh Khai Sunshine Palace (canh Time City) E. Minh Anh 0944 394 ***","5,5 tỷ",90 m²,"61,11 tr/m²",2,2,"Mai Động, Hoàng Mai","20.9901828765869, 105.868659973145"
42102892,08/03/2025,"Bán suất ngoại giao căn 2PN 68m2, giá tốt nhất dự án, nội thất cao cấp, HTLS 24T, pháp lý chuẩn","3,6 tỷ",68 m²,"52,94 tr/m²",2,2,"Hoàng Liệt, Hoàng Mai","20.9580430934174, 105.826393798668"
41390158,08/03/2025,"Melody Linh Đàm bây giờ mua giá 5X tr, năm sau bàn giao nhà giá 8X tr. Đầu tư hay để ở đều hợp lý","3,92 tỷ",74 m²,53 tr/m²,2,2,"Hoàng Liệt, Hoàng Mai","20.9585018157959, 105.826347351074"
39533074,08/03/2025,"Chính chủ bán căn hoa hậu 2PN 2WC 90m2 Sunshine Palace phố Lĩnh Nam, 6tỷ có sổ đỏ 0812 395 ***",6 tỷ,90 m²,"66,67 tr/m²",2,2,"Mai Động, Hoàng Mai","20.9901828765869, 105.868659973145"
41870782,08/03/2025,Hot! Mở bán quỹ 10 căn đẹp nhất Melody Linh Đàm CK 8% tặng 86tr vay ko lãi 24 tháng. LH: 0973 038 ***,"5,25 tỷ",89 m²,59 tr/m²,3,2,"Hoàng Liệt, Hoàng Mai","20.9588706380244, 105.826997534116"
42320548,08/03/2025,"Bán căn 2 ngủ diện tích 80,53m2 tại Hanoi Melody Residence","3,6 tỷ","80,53 m²","44,7 tr/m²",2,2,"Hoàng Liệt, Hoàng Mai","20.9583778051067, 105.825525187786"
42021897,08/03/2025,"Chính chủ bán căn 96m2 HUD3 60 Nguyễn Đức Cảnh, tầng trung, ban công Đông mát, đủ nội thất, 5,9 tỷ","5,9 tỷ",96 m²,"61,46 tr/m²",3,2,"Tương Mai, Hoàng Mai","20.987325668335, 105.849838256836"
42137011,08/03/2025,Chung cư Vĩnh Hưng Quận Hoàng Mai. Liên hệ 0854 478 ***,Giá thỏa thuận,70 m²,N/A,N/A,N/A,"Vĩnh Hưng, Hoàng Mai","20.9892934538994, 105.878313812525"
42371618,08/03/2025,"Bán căn hộ 2PN, 1WC tại KĐT Định Công, giá thỏa thuận, 63m2, Hoàng Mai, Hà Nội",Giá thỏa thuận,63 m²,N/A,2,1,"Định Công, Hoàng Mai","20.985294783674547, 105.83226729635662"
42371529,08/03/2025,Bán căn hộ 56m2 tòa CT12 Kim Văn Kim Lũ - 2 phòng ngủ tầng đẹp - giá chỉ 2.75 tỷ,"2,75 tỷ",56 m²,"49,11 tr/m²",2,2,"Đại Kim, Hoàng Mai","20.973547937817507, 105.82010090804675"
42275635,08/03/2025,"Chính chủ cần bán căn góc CC 3PN + 2WC tại HUD3 60 Nguyễn Đức Cảnh. DT: 94,7 m2 - 5,86 tỷ","5,86 tỷ","94,7 m²","61,88 tr/m²",3,2,"Tương Mai, Hoàng Mai","20.98734999374522, 105.84977335095309"
42338412,08/03/2025,Full đồ tốt trong căn hộ 83m2 tại HH1C Linh Đàm. Bán căn hộ 3 phòng ngủ đẹp với giá 3.5x tỷ,"3,59 tỷ",83 m²,"43,25 tr/m²",3,2,"Hoàng Liệt, Hoàng Mai","20.96426508730103, 105.82694133507384"
42371510,08/03/2025,Cần bán căn hộ 80 m 2 ngủ 2 vệ sinh full nội . Giá 5 tỷ . Lh : 0335 363 ***,5 tỷ,80 m²,"62,5 tr/m²",2,2,"Mai Động, Hoàng Mai","20.994599489884937, 105.86340177768156"
42346478,08/03/2025,"Hàng hiếm còn duy nhất 1 căn 3PN, DT 145m2, CK cực khủng, mua ngay kẻo hết!","9,8 tỷ",145 m²,"67,59 tr/m²",3,2,"Hoàng Liệt, Hoàng Mai","20.958707993762523, 105.82613727349192"
42227807,08/03/2025,"Lô góc 113m2 - 3 mặt thoáng - chung cư OCT2 DN2 Linh Đàm - full nội thất, vào ở ngay!",5 tỷ,113 m²,"44,25 tr/m²",3,2,"Đại Kim, Hoàng Mai","20.970713398917624, 105.82799382788691"
42371323,08/03/2025,"Bán CC Smile Building, Nguyễn Cảnh Dị, Đại Kim, Hoàng Mai, Hà Nội, giá thỏa thuận, 82m2",Giá thỏa thuận,82 m²,N/A,2,2,"Đại Kim, Hoàng Mai","20.97821134440877, 105.8362924502759"
42251636,08/03/2025,"Chính chủ bán căn hoa hậu 2PN 2WC 85m2 Sunshine Palace (Cạnh Time City) chỉ xách valy về ở, full đồ","6,5 tỷ",80 m²,"81,25 tr/m²",2,2,"Mai Động, Hoàng Mai","20.990652196023152, 105.86942689358168"
41379019,08/03/2025,"Tôi có 4 căn hộ 2PN Gelexia 67,1m2, 74m2, 83m2, 81,7m2 diện tích sử dụng",Giá thỏa thuận,83 m²,N/A,2,2,"Yên Sở, Hoàng Mai","20.972938537597656, 105.8663558959961"
42329908,08/03/2025,"Bán căn góc 66,7m2 tòa N02 K35 giá 4.95 tỷ view hồ Đền Lừ","4,95 tỷ","66,7 m²","74,21 tr/m²",2,2,"Tương Mai, Hoàng Mai","20.98366384061818, 105.85160687728799"
41248992,08/03/2025,Bán 3 căn 96m2 3PN HUD3 60 Nguyễn Đức Cảnh giá chỉ từ 5.9 tỷ,"5,95 tỷ",96 m²,"61,98 tr/m²",3,2,"Tương Mai, Hoàng Mai","20.987325668335, 105.849838256836"
42228888,08/03/2025,"(Căn mới) Bán 2 ngủ K35 Tân Mai, full đồ đẹp, giá 4.5 tỷ, DT: 80m2, sổ đỏ sẵn, hỗ trợ bank 70%","4,5 tỷ",80 m²,"56,25 tr/m²",N/A,N/A,"Tương Mai, Hoàng Mai","20.983309264133943, 105.85142053484888"
42069111,08/03/2025,"Phải thật nhanh! Bán căn hộ 2PN, 2WC, giá cực tốt 2.7 tỷ tại Green Park Phương Đông, full đồ đẹp","2,7 tỷ",57 m²,"47,37 tr/m²",2,2,"Hoàng Liệt, Hoàng Mai","20.959378419737, 105.84568124125"
42337198,08/03/2025,"NHƯỢNG CĂN HỘ -2PN- 74,49M2 - TẠI DỰ ÁN MELODY LINH ĐÀM - GIÁ SIÊU TỐT 4,5XX ( gồm VAT )","4,55 tỷ","74,49 m²","61,08 tr/m²",2,2,"Đại Kim, Hoàng Mai","20.971031311495825, 105.82895002176359"
42167263,08/03/2025,Chính chủ cần chuyển nhượng căn hộ 114 m2 - 06 HH2 - 03PN ban công thoáng mát - Eco Lake View.,8 tỷ,114 m²,"70,18 tr/m²",3,2,"Đại Kim, Hoàng Mai","20.973069109543857, 105.83840473347151"
37072616,08/03/2025,Chính chủ cần bán gấp căn hộ 56m2 2PN 2WC giá nhỉnh 2 tỷ đã full nội thất ban công đông nam,"2,17 tỷ",56 m²,"38,75 tr/m²",2,2,"Hoàng Liệt, Hoàng Mai","20.9647350311279, 105.826362609863"
42307362,08/03/2025,Chính chủ bán căn penthouse góc tòa VP5 bán đảo Linh Đàm giá cực tốt 2.x tỷ LH 0967 070 ***,"2,75 tỷ",70 m²,"39,29 tr/m²",2,2,"Hoàng Liệt, Hoàng Mai","20.96277965397972, 105.83121584232964"
42308164,08/03/2025,Chính chủ bán gấp căn 46m có sổ chung cư VP5 linh đàm giá tốt lh 0967 070 ***,"2,67 tỷ",46 m²,"58,04 tr/m²",1,1,"Hoàng Liệt, Hoàng Mai","20.96401374342883, 105.83111910294501"
42101617,08/03/2025,"Bán nhanh 5 suất ngoại giao căn DT 85,90m2 CC Viễn Đông Star Hoàng Mai, giá 40tr/m2 ưu tiên đặt sớm","3,36 tỷ",84 m²,40 tr/m²,2,2,"Thịnh Liệt, Hoàng Mai","20.97807924757087, 105.84311002174292"
33958204,08/03/2025,Bán CHCC cao cấp tòa Hòa Phát Mandarin Garden 2 - 99 Tân Mai. DT 81m2 2PN 2WC,"6,3 tỷ",81 m²,"77,78 tr/m²",2,2,"Tân Mai, Hoàng Mai","20.9838600158691, 105.846603393555"
42343733,08/03/2025,"Bán CC Bea Sky, Đại Kim, Hoàng Mai, Hà Nội, giá siêu hời 4,5 tỷ, 67,9m2","4,5 tỷ","67,9 m²","66,27 tr/m²",2,2,"Đại Kim, Hoàng Mai","20.97392949023935, 105.82161544512135"
42363286,08/03/2025,"Bán CH đẹp xuất sắc tại Sky Central, Định Công, Hoàng Mai, Hà Nội, 4.5 tỷ, 73m2","4,5 tỷ",73 m²,"61,64 tr/m²",2,2,"Định Công, Hoàng Mai","20.9828239360659, 105.83470828107393"
42370691,08/03/2025,"Bán CC 2PN, 2WC, 62m2 tại Nguyễn Duy Trinh, Hoàng Liệt, Hoàng Mai, Hà Nội, giá: 3,8(có thương lượng","3,8 tỷ",62 m²,"61,29 tr/m²",2,2,"Hoàng Liệt, Hoàng Mai","20.9637883679177, 105.831841402699"
42370736,08/03/2025,"Bán Chung cư Đồng Phát, giá 3,85 tỷ, 70m2, 2 pn 2vs, nội thất xịn sò, LH 0936 358 ***","3,85 tỷ",70 m²,55 tr/m²,2,2,"Vĩnh Hưng, Hoàng Mai","20.980455579413643, 105.87399641717454"
42030690,08/03/2025,"Chính chủ cần bán căn 3pn Nơ Pháp Vân. Sổ đỏ sẵn sàng, cần hơn 2 tỷ nhận nhà ở ngay.",Giá thỏa thuận,88 m²,N/A,3,2,"Hoàng Liệt, Hoàng Mai","20.956604045841402, 105.8457493340044"
42275247,08/03/2025,"Bán căn hộ chung cư NEW HORIZONS- 87 Lĩnh Nam . Dt 80m2 gồm 2 ngủ . Giá 5,xxtỷ","5,1 tỷ",80 m²,"63,75 tr/m²",2,2,"Mai Động, Hoàng Mai","20.988808474058356, 105.86690365029538"
40515607,08/03/2025,Tôi cần bán căn hộ 67m2 2PN tại HH Linh Đàm nội thất mới siêu đẹp chưa qua sử dụng. LH 0965 289 ***,"2,65 tỷ",67 m²,"39,55 tr/m²",2,2,"Hoàng Liệt, Hoàng Mai","20.9647350311279, 105.826362609863"
42317816,08/03/2025,"Bán căn hộ chung cư New Horizon City 87 Lĩnh Nam, 5,75 tỷ, 90m2, 3PN, 2WC","5,75 tỷ",90 m²,"63,89 tr/m²",3,2,"Mai Động, Hoàng Mai","20.98929537363102, 105.86676340943204"
42275040,08/03/2025,"Gia đình cần bán căn hộ chung cư Hoà Phát Mandarin Garden 2. Diện tích 80m2 gồm 2 ngủ. Giá 6, xxtỷ","6,3 tỷ",80 m²,"78,75 tr/m²",2,2,"Tân Mai, Hoàng Mai","20.98399297974068, 105.84689577384314"
41699535,08/03/2025,Bán căn hộ 3phòng ngủ góc Sunshine Palace 114m2 giá chỉ 8tỷ2 - em Cường 0976 044 ***,"8,2 tỷ",114 m²,"71,93 tr/m²",3,2,"Mai Động, Hoàng Mai","20.990182876586914, 105.86865997314453"
42273611,08/03/2025,BÁN GẤP !!!! CHÍNH CHỦ GỬI BÁN CẦN THANH KHOẢN CĂN HỘ 3PN TẠI HH2 LINH ĐÀM QUẬN HOÀNG MAI - HÀ NỘI,"3,08 tỷ",77 m²,40 tr/m²,3,2,"Hoàng Liệt, Hoàng Mai","20.964420691461918, 105.82702336750204"
41168068,08/03/2025,SUẤT NGOẠI GIAO CĂN 2PN VÀ 3PN GIÁ TỐT NHẤT DỰ ÁN - THANH TOÁN GIÃN TIẾN ĐỘ VÀ CÓ VAY BANK,"4,44 tỷ",74 m²,60 tr/m²,2,2,"Hoàng Liệt, Hoàng Mai","20.9585018157959, 105.82634735107422"
42176745,08/03/2025,"Bán Căn Hộ Chung Cư, 3,15 tỷ, 83m2, 3PN, 2WC tại chung cư Hoàng Dương 83 Ngọc Hồi, Hoàng Mai","3,15 tỷ",83 m²,"37,95 tr/m²",3,2,"Đại Kim, Hoàng Mai","20.957812114974573, 105.8432687829385"
42350810,08/03/2025,"Bán CC 2PN, 1WC, 43m2 tại CT2 Tây Nam Linh Đàm, 2,65 tỷ, HOT","2,65 tỷ",43 m²,"61,63 tr/m²",2,1,"Hoàng Liệt, Hoàng Mai","20.963026796312434, 105.82103610602115"
42368941,08/03/2025,SỐT SỐT -Bán căn CT2 Bắc Linh Đàm - DT 67m - 3N-Full nội thất-Giá 3.3x tỷ(giá thương lượng).,"3,35 tỷ",67 m²,50 tr/m²,3,1,"Đại Kim, Hoàng Mai","20.97124506059463, 105.82813290504745"
42268050,08/03/2025,CỰC PHẨM VP5 Linh -Bán Căn Vp5 Linh Đàm-DT 58m2-2N 2vs-Giá 2.4x tỷ(giá thương lượng).,"2,48 tỷ",58 m²,"42,76 tr/m²",2,2,"Hoàng Liệt, Hoàng Mai","20.963563418432397, 105.83170304551895"
42369721,08/03/2025,"BÁN NHƯỢNG CĂN HỘ - 2PN - 74,49M2 - TẠI HÀ NỘI MELODY LINH DAM - ĐÃ THANH TOÁN 95% - GIÁ TỐT",Giá thỏa thuận,"74,49 m²",N/A,2,2,"Hoàng Liệt, Hoàng Mai","20.958461304642064, 105.82624231838562"
42289279,08/03/2025,"Chính chủ bán 2PN 70m2 giá 4.5 tỷ, tại BeaSky Nguyễn Xiển. LH: 0364 079 ***","4,5 tỷ",70 m²,"64,29 tr/m²",2,2,"Đại Kim, Hoàng Mai","20.973946437820423, 105.82169492960158"
42320474,08/03/2025,"Bán Sky Central - 176 Định Công 2PN/4,6 tỷ - 3PN/ 6,5 tỷ. LH chốt: 0364 079 ***","6,5 tỷ",100 m²,65 tr/m²,3,2,"Định Công, Hoàng Mai","20.98290688336551, 105.8347914888383"
42310802,08/03/2025,"Bán CHCC CT3C-X2 Bắc Linh Đàm - Hoàng Mai. DT 83m2, 3PN+2VS full nội thất. LH: 0917 208 ***","4,86 tỷ",83 m²,"58,55 tr/m²",3,2,"Hoàng Liệt, Hoàng Mai","20.971398369895603, 105.82826770738927"
42345793,08/03/2025,Bán nhà tập thể Tân Mai - 50m2 - 2 phòng ngủ - 2 wc - tầng 1 - chỗ để xe riêng - nhỉnh 2 tỷ,"2,55 tỷ",50 m²,51 tr/m²,2,2,"Tân Mai, Hoàng Mai","20.983447009201, 105.849834659619"
42368698,08/03/2025,Em chính chủ cắt lỗ cần bán gấp căn 2ngủ hh1B linh đàm,"1,8 tỷ",46 m²,"39,13 tr/m²",2,1,"Hoàng Liệt, Hoàng Mai","20.9647857648085, 105.826414278167"
42365683,08/03/2025,"CĂN HỘ TẬP THỂ NGUYÊN BẢN NGUYỄN AN NINH - 50M 2 NGỦ CHỈ 2,3 TỶ","2,3 tỷ",50 m²,46 tr/m²,2,1,"Tương Mai, Hoàng Mai","20.9913341902965, 105.844463525546"
40545863,08/03/2025,CC bán chung cư Ba Hàng A toà N01. 282 Lĩnh Nam DT95m2 3ngủ 2WC giá: 4.3tỷ LH: 0962 552 ***,"4,3 tỷ",95 m²,"45,26 tr/m²",3,2,"Lĩnh Nam, Hoàng Mai","20.9819183349609, 105.879371643066"
42303300,08/03/2025,"Bán CC Rose Town, giá ưu đãi 4,3 tỷ, 66m2, view đẹp tại Ngọc Hồi, Hoàng Liệt, Hoàng Mai, HN","4,3 tỷ",66 m²,"65,15 tr/m²",2,2,"Hoàng Liệt, Hoàng Mai","20.957203180322534, 105.8451594788206"
42219502,08/03/2025,"Bán CHCC Osaka Complex ngõ 48 Ngọc Hồi, căn góc. DT 80m2 3ngủ 2 WC giá 3.95tỷ, 0962 552 ***","3,95 tỷ",80 m²,"49,38 tr/m²",3,2,"Hoàng Liệt, Hoàng Mai","20.958552449959512, 105.83769690236056"
42303265,08/03/2025,(Thiện chí cao) chủ nhà gửi bán căn hộ 2Pn toà Zentower 76.6m2 giá 5tỷ hơn,Giá thỏa thuận,77 m²,N/A,2,2,"Hoàng Văn Thụ, Hoàng Mai","20.98472954700328, 105.85986905359643"
37978421,08/03/2025,"CC bán căn chung cư 987 Tam Trinh. Căn góc, DT: 70m2, 3ngủ, 2 VS, giá 4 tỷ có TL: LH: 0962 552 ***",4 tỷ,70 m²,"57,14 tr/m²",2,2,"Yên Sở, Hoàng Mai","20.9799327850342, 105.864631652832"
42362656,08/03/2025,"Bán căn hộ 2PN, 2WC tại Rose Town 79 Ngọc Hồi, 4,3 tỷ, 66m2, Hoàng Mai, Hà Nội","4,3 tỷ",66 m²,"65,15 tr/m²",2,2,"Hoàng Liệt, Hoàng Mai","20.9563618534894, 105.844748123683"
39467366,08/03/2025,"CC cần bán căn chung cư Đồng Phát Park View. 80m2, 2PN và 2WC 4.5tỷ có TL, LH: 0962 552 ***","4,5 tỷ",80 m²,"56,25 tr/m²",2,2,"Vĩnh Hưng, Hoàng Mai","20.9800987243652, 105.874244689941"
40702520,08/03/2025,"CC cần bán căn chung cư Đồng Phát Park View. 70m2, 2PN và 2WC 3.8tỷ có TL, LH: 0962 552 ***","3,8 tỷ",70 m²,"54,29 tr/m²",2,2,"Vĩnh Hưng, Hoàng Mai","20.9800987243652, 105.874244689941"
41776989,08/03/2025,Bán căn hộ 2 phòng ngủ full nội thất điện tử siêu rẻ Sunshine Palace chỉ 5tỷ5- em cường 0976 044 ***,"5,5 tỷ",80 m²,"68,75 tr/m²",2,N/A,"Mai Động, Hoàng Mai","20.989587691472973, 105.86837345053863"
42245806,08/03/2025,Bán căn 2 phòng ngủ 80m2 Sunshine Palace ngõ 13 Lĩnh Nam giá chỉ 5tỷ6 full đồ - E Cường 097604411,"5,6 tỷ",80 m²,70 tr/m²,2,2,"Mai Động, Hoàng Mai","20.9899407281291, 105.868937457578"
42369440,08/03/2025,Bán căn hộ HH Linh Đàm 56m2- 2 ngủ- 2vs- full nội thất- có thương lượng,"2,15 tỷ",56 m²,"38,39 tr/m²",2,2,"Hoàng Liệt, Hoàng Mai","20.9643748730463, 105.82735934454682"
42369324,08/03/2025,"BÁN GẤP CH tại toà The One Gamuda garden, diện tích 65m2 trục căn đẹp nhất Tầng Trung 0385 829 ***","4,3 tỷ",65 m²,"66,15 tr/m²",2,2,"Trần Phú, Hoàng Mai","20.969468108129014, 105.87729330549654"
38241137,08/03/2025,(Căn mới) gia đình cần bán nhanh căn 66m2 & 72m2 giá từ 4.6tỷ và 87m2 & 100m2 giá từ 6tỷ SkyCentral,4 tỷ,72 m²,"55,56 tr/m²",2,2,"Định Công, Hoàng Mai","20.9891933535441, 105.837213516236"
42181245,08/03/2025,Độc quyền căn góc 3PN (120m2) view hồ đẹp nhất HaNoi Melody. Giá chỉ 57tr/m2,"6,84 tỷ",120 m²,57 tr/m²,3,2,"Hoàng Liệt, Hoàng Mai","20.958982972545456, 105.82633202254645"
41936504,08/03/2025,"Căn 2 ngủ Melody Linh Đàm, CK 8% + 1 cây vàng ký trực tiếp CĐT + view hồ + giá rẻ",Giá thỏa thuận,74 m²,N/A,2,2,"Hoàng Liệt, Hoàng Mai","20.958458916649462, 105.82682825347264"
41537116,08/03/2025,"Chính chủ gửi bán căn hộ 71,33m2 tòa DV3 CC Rose Town. Giá 4.4xx tỷ","4,45 tỷ","71,33 m²","62,39 tr/m²",2,2,"Hoàng Liệt, Hoàng Mai","20.9565887451172, 105.844886779785"
42334564,08/03/2025,"Bán căn hộ chung cư đẹp tại Smile Building, 5,450 tỷ, 82m2, 2PN + 2WC. LH 0989 388 ***","5,45 tỷ",82 m²,"66,46 tr/m²",2,2,"Đại Kim, Hoàng Mai","20.977954439301932, 105.83702132734987"
42369129,08/03/2025,"CẦN BÁN CĂN CHUNG CƯ TẠI TOÀ HH03 ECO LAKE VIEW 32 ĐẠI TỪ, 6 TỶ 2, DIỆN TÍCH 91M2, TẦNG CAO.","6,2 tỷ",91 m²,"68,13 tr/m²",3,2,"Đại Kim, Hoàng Mai","20.973054323327823, 105.83834135499244"
42191337,08/03/2025,"Chính chủ bán chung cư mini K5 - Tam Trinh - Lĩnh Nam 27m2, 35m2, 50m2, ô tô đỗ ngay sau Time city","1,18 tỷ",27 m²,"43,7 tr/m²",1,1,"Lĩnh Nam, Hoàng Mai","20.9798044382642, 105.864452776683"
39106678,08/03/2025,"Bán chung cư 176 Định Công, Hoàng Mai 90m2, 3 ngủ, 2 vệ sinh, nội thất 450 triệu, giá 5 tỷ 800","5,8 tỷ",90 m²,"64,44 tr/m²",3,2,"Định Công, Hoàng Mai","20.9827823638916, 105.834381103516"
42368992,08/03/2025,"Cần bán gấp căn đầu hồi 2ngủ 2WC sổ đỏ, giá 2,69 tỷ tại phường Đại Kim, Hoàng Mai, Hà Nội","2,69 tỷ","53,5 m²","50,28 tr/m²",2,2,"Đại Kim, Hoàng Mai","20.972763644268653, 105.8197080226128"
42337837,08/03/2025,"Bán gấp nhà tập thể tầng 2 Tân Mai, 60m2, 2 ngủ 2 wc, full đồ ở ngay, chỉ 2,77 tỷ","2,77 tỷ",60 m²,"46,17 tr/m²",2,2,"Tân Mai, Hoàng Mai","20.9835768877596, 105.84997196316"
42368859,08/03/2025,CẦN BÁN CĂN CHUNG CƯ MƠ ƯỚC - TIỆN ÍCH NGẬP TRÀN,"4,4 tỷ",80 m²,55 tr/m²,2,2,"Yên Sở, Hoàng Mai","20.962100083221888, 105.8644327541917"
39286382,08/03/2025,"Bán giá thực (không rao ảo) căn góc 63m2 sổ đỏ giá 4,95 tỷ Geleximco 897 Giải Phóng. LH: 0913 812 ***","4,95 tỷ",63 m²,"78,57 tr/m²",2,2,"Giáp Bát, Hoàng Mai","20.9795379638672, 105.841613769531"
41797414,08/03/2025,"Qũy căn hộ 2 ngủ 85m2, Sunshine Palace, Lĩnh Nam, Hoàng Mai, Hà Nội Lh: Mr. Tuấn Anh 0964 997 ***","5,6 tỷ",85 m²,"65,88 tr/m²",2,2,"Mai Động, Hoàng Mai","20.990140221176592, 105.86845937391138"
41797495,08/03/2025,"Chính chủ bán căn hộ 2PN tại Sunshine Palace, 5,6 tỷ, 80m2, Hoàng Mai. Đang được mở rộng đường","5,6 tỷ",80 m²,70 tr/m²,2,2,"Mai Động, Hoàng Mai","20.990055494163038, 105.86886749713598"
41797562,08/03/2025,"Căn hộ 2PN, 2WC tại Sunshine Palace, Lĩnh Nam, Hoàng Mai, 5,9 tỷ, 86m2 ban công dài 2 ngủ","5,9 tỷ",86 m²,"68,6 tr/m²",2,2,"Mai Động, Hoàng Mai","20.990423830958054, 105.86774302202393"
38896579,08/03/2025,Bán CHCC Đền Lừ view hồ Đền Lừ. DT 60m2 2PN 2WC ban công cực đẹp.,"3,35 tỷ",60 m²,"55,83 tr/m²",2,2,"Hoàng Văn Thụ, Hoàng Mai","20.9853687286377, 105.858757019043"
38955665,08/03/2025,O968127636 CHÍNH CHỦ CẦN BÁN SKY CENTRAl 176 ĐỊNH CÔNG: Diện tích 66m2( 2 NGỦ) - SỔ ĐỎ CHÍNH CHỦ,"4,8 tỷ",68 m²,"70,59 tr/m²",2,2,"Định Công, Hoàng Mai","20.9827823638916, 105.83438110351563"
42338363,08/03/2025,"Bán CC 2PN, 2WC tại HUD3 Nguyễn Đức Cảnh, Tương Mai, Hoàng Mai, Hà Nội, giá cực chất 5,2 tỷ","5,2 tỷ",70 m²,"74,29 tr/m²",2,2,"Tương Mai, Hoàng Mai","20.98737565322271, 105.85037477948757"
39321635,08/03/2025,"Bán CHCC The Two Gamuda DT 83m2 2PN 2WC, ban công rộng hướng cực mát thoáng","5,65 tỷ",83 m²,"68,07 tr/m²",2,2,"Yên Sở, Hoàng Mai","20.9700584411621, 105.877777099609"
41830971,08/03/2025,"Chính chủ chuyển nhượng Căn hộ 84.5m2 N04.07 Chung cư Hà Nội Melody Linh Đàm, Q.Hoàng Mai, Hà Nội",Giá thỏa thuận,"84,5 m²",N/A,2,2,"Hoàng Liệt, Hoàng Mai","20.958485126853247, 105.82639463537951"
42104073,08/03/2025,"Căn hộ Hateco Hoàng Mai, lô góc thoáng, full nội thất, 96m2, 4.5 tỷ","4,5 tỷ",96 m²,"46,88 tr/m²",3,2,"Yên Sở, Hoàng Mai","20.96285499934747, 105.86505049128348"
42368206,08/03/2025,"chỉ với 1 tỷ 8 có ngay căn hộ 46m chung cư hh linh đàm, chung cư giá rẻ hà nội","1,8 tỷ",46 m²,"39,13 tr/m²",1,1,"Hoàng Liệt, Hoàng Mai","20.96416389798027, 105.82759798601143"
41140681,08/03/2025,"Cần bán căn hộ giá 2,39 tỷ VND tại HH4 Linh Đàm, Hà Nội","2,39 tỷ",57 m²,"41,93 tr/m²",2,2,"Hoàng Liệt, Hoàng Mai","20.9633140563965, 105.826736450195"
42162810,08/03/2025,"Chính chủ cần bán căn Chung Cư Đồng Tàu- ngay cạnh khu trung tâm quận uỷ. 68m2, 3PN, 2vs, lô góc.","3,5 tỷ",68 m²,"51,47 tr/m²",3,2,"Thịnh Liệt, Hoàng Mai","20.9707978613642, 105.84454978141"
42368043,08/03/2025,"Bán GẤP căn góc hiếm chung cư toà N4 KĐT Đồng Tàu 76m2, 3 Ngủ, 2WC. Full nội thất mới 0385 829 ***","4,2 tỷ",76 m²,"55,26 tr/m²",3,2,"Thịnh Liệt, Hoàng Mai","20.9754333344626, 105.840897514527"
40012277,08/03/2025,"Bán căn hộ chung cư 2 ngủ Feliz Homes, 69m2 đồ cơ bản, cửa ĐB ban công TN, giá 4.5 tỷ - 0977 636 ***","4,3 tỷ",69 m²,"62,32 tr/m²",2,2,"Hoàng Văn Thụ, Hoàng Mai","20.9848365783691, 105.859855651855"
42315980,08/03/2025,"Chính chủ Bán CC 123,6m2 tại Đại Từ, Hoàng Mai, Hà Nội, giá cực chất chỉ với 5,995 tỷ",6 tỷ,"123,6 m²","48,5 tr/m²",3,2,"Đại Kim, Hoàng Mai","20.9712262865598, 105.834990339872"
41282002,08/03/2025,"E cần bán gấp CC Nguyễn Đức cảnh 70m2, chỉ 3,85 tỷ - View Hồ Đền Lừ - full nội thất đẹp long lanh","3,85 tỷ",70 m²,55 tr/m²,2,N/A,"Tương Mai, Hoàng Mai","20.98763087920661, 105.85171836867104"
42368111,08/03/2025,"Bán căn hộ 176 Định Công, 3 Ngủ, Diện tích 88m. Nhà đẹp hướng mát, có slot ô tô - Giá cực tốt","6,27 tỷ",88 m²,"71,25 tr/m²",3,2,"Định Công, Hoàng Mai","20.983334225861018, 105.83488410432375"
42368062,08/03/2025,"Hiếm bán căn hộ tầng siêu đẹp Ở Nơ7A. DT: 85m2 với 3PN-2VS,Full nội thất đẹp long lanh. Giá:4,835tỷ","4,84 tỷ",85 m²,"56,88 tr/m²",3,2,"Hoàng Liệt, Hoàng Mai","20.9614302332716, 105.835391685543"
42332628,08/03/2025,Bán CHCC Feliz Homes - Hoàng Mai toà Zen Tower căn góc. DT 129m2 3PN 2WC,"8,5 tỷ",129 m²,"65,89 tr/m²",3,2,"Hoàng Văn Thụ, Hoàng Mai","20.9853956437088, 105.86049382192"
42352998,08/03/2025,"Chỉ 3 tỷ 4 sở hữu căn hộ 3 Phòng ngủ tại KĐT Bắc Linh Đàm, sđcc, full nội thất","3,4 tỷ",69 m²,"49,28 tr/m²",3,N/A,"Đại Kim, Hoàng Mai","20.9747079846163, 105.823940138641"
42302136,08/03/2025,"Bán Căn hộ chung cư Gelexia Riverside, 4,65 tỷ, 68m2, 2PN, 2WC, Chính chủ Hot!","4,65 tỷ",68 m²,"68,38 tr/m²",2,2,"Yên Sở, Hoàng Mai","20.972445378990006, 105.86574403946774"
42201812,08/03/2025,"Căn hộ 2n tại Green Park Trần Thủ Độ, 3,5 tỷ","3,5 tỷ",55 m²,"63,64 tr/m²",2,2,"Hoàng Liệt, Hoàng Mai","20.958919429601927, 105.84634564187633"
39404585,08/03/2025,Trực tiếp từ CDT tư vấn mua quỹ căn chuẩn pháp lý tại DA Viễn Đông Star,"2,72 tỷ",85 m²,32 tr/m²,2,2,"Thịnh Liệt, Hoàng Mai","20.977571487426758, 105.84281921386719"
42367808,08/03/2025,"Chính chủ bán CC Đền Lừ 3,5 tỷ, 68m2, 2pn 2vs, nội thất đẹp, LH 0936 358 ***","3,5 tỷ",68 m²,"51,47 tr/m²",2,2,"Hoàng Văn Thụ, Hoàng Mai","20.9861600605762, 105.863547442276"
42211413,08/03/2025,"Cần bán gấp căn hộ 2PN, 70m2 giá chuẩn 4,5 tỷ CC Eco Lake View tại 32 Đại Từ, Hoàng Mai, Hà Nội","4,5 tỷ",70 m²,"64,29 tr/m²",2,2,"Đại Kim, Hoàng Mai","20.9728979351211, 105.838527115022"
42308321,08/03/2025,"Chính chủ cần tiền bán gấp căn góc 95m2, 3pn giá 5,6x tỷ CC Rose Town 79 Ngọc Hồi 098333908chín","5,68 tỷ",95 m²,"59,79 tr/m²",3,2,"Hoàng Liệt, Hoàng Mai","20.956621211622057, 105.84432236313553"
42367717,08/03/2025,Chính Chủ Bán Căn Hoa Hậu An Bình Định Kim Hoàng Mai 3 ngủ lh 0929 656 ***,Giá thỏa thuận,113 m²,N/A,3,2,"Định Công, Hoàng Mai","20.98398276874655, 105.83165567303713"
39268771,08/03/2025,"Bán CHCC Gelexia 885 Tam Trinh - Hoàng Mai. DT: 67m2 2PN + 2WC. Giá: 4,3 tỷ. Lh: 0964 835 ***","4,3 tỷ",67 m²,"64,18 tr/m²",2,2,"Yên Sở, Hoàng Mai","20.9729385375977, 105.866355895996"
38830628,08/03/2025,"Bán CHCC Đồng Phát Park View - Hoàng Mai. DT: 62,5m2. 2PN 2WC. Giá: 3,8 tỷ. Lh: E Huỳnh 0964 835 ***","3,8 tỷ","62,5 m²","60,8 tr/m²",2,2,"Vĩnh Hưng, Hoàng Mai","20.980098724365234, 105.87424468994141"
37441925,08/03/2025,"Bán CHCC New Horizon 87 Lĩnh Nam. DT: 80m2. 2PN + 2 NVS. Giá: 5,1 tỷ. LH: 0964 835 ***","5,1 tỷ",80 m²,"63,75 tr/m²",2,2,"Mai Động, Hoàng Mai","20.989424, 105.86656"
38250459,08/03/2025,Bán CHCC SBán CHCC Sunshine Palace ngõ 13 Lĩnh Nam. DT: 80m2 2pn + 2wc. Giá: 6 tỷ. Lh: 0964 835 ***,6 tỷ,80 m²,75 tr/m²,2,2,"Mai Động, Hoàng Mai","20.9901828765869, 105.868659973145"
36681750,08/03/2025,Bán CHCC N3 Đồng Tàu - Thịnh Liệt. DT: 54m2 2PN + 1VS. Giá: 3.15 tỉ có TL. LH: 0964 835 ***,"3,15 tỷ",54 m²,"58,33 tr/m²",2,1,"Thịnh Liệt, Hoàng Mai","20.9768257008603, 105.84721264712"
42367469,08/03/2025,"GẤP GẤP CẦN BÁN CĂN 56m 2N2Vs Giá 2,1x tỷ THƯƠNG LƯỢNG SÂU. Lhe: 0921 863 ***","2,1 tỷ",56 m²,"37,5 tr/m²",2,2,"Hoàng Liệt, Hoàng Mai","20.964861202760265, 105.82722025083187"
42367650,08/03/2025,"Chủ nhà gửi bán CC Vĩnh Hoàng 3,1 tỷ, 58m2, 2 phòng ngủ, Lô Góc đẹp, LH 0936 358 ***","3,1 tỷ",58 m²,"53,45 tr/m²",2,1,"Hoàng Văn Thụ, Hoàng Mai","20.9862754021557, 105.863454272803"
37423493,08/03/2025,BQL cập nhật quỹ căn hộ giá tốt The One Residence (1/2025) LH: 0904 744 *** để biết thêm chi tiết,"4,08 tỷ",67 m²,"60,9 tr/m²",2,N/A,"Yên Sở, Hoàng Mai","20.9692039489746, 105.876914978027"
42367590,08/03/2025,"Bán căn chung cư Viễn Đông Star số 1 Giáp Nhị- Thịnh Liệt.DT:110m2, 3N+2WC. Giá 5,2tỷ.LH:0917 208 ***","5,2 tỷ",110 m²,"47,27 tr/m²",3,2,"Thịnh Liệt, Hoàng Mai","20.97807110999269, 105.84225538871884"
42327142,08/03/2025,Chính chủ cần bán nhanh căn hộ 2 ngủ 61m chung cư VP5 bán đảo Linh Đàm,"3,15 tỷ","61,5 m²","51,22 tr/m²",2,2,"Hoàng Liệt, Hoàng Mai","20.96437487441411, 105.83145528155309"
42185872,08/03/2025,"Nhà chính chủ pháp lý đầy đủ, căn 3 ngủ full nội thất nhà đẹp về ở ngay chung cư CT2 Bắc Linh Đàm","3,63 tỷ",67 m²,"54,18 tr/m²",3,1,"Đại Kim, Hoàng Mai","20.971306035964009, 105.82872614027517"
42337086,08/03/2025,Chính chủ bán căn hộ 80m2 3PN 2WC chung cư HUD full nội thất sổ đỏ chính chủ về ở ngay,"4,15 tỷ","79,9 m²","51,94 tr/m²",3,2,"Đại Kim, Hoàng Mai","20.97091266683805, 105.82740635770172"
42212351,08/03/2025,"Nhà chính chủ, bán căn hộ 75m2 3 PN 2WC chung cư Nơ 1A Linh Đàm, nội thất cao cấp sổ đỏ chính chủ","4,35 tỷ",75 m²,58 tr/m²,3,2,"Đại Kim, Hoàng Mai","20.971483693915232, 105.82820720471743"
42113103,08/03/2025,"Bán nhanh căn hộ 81m2 3PN sổ đỏ chính chủ Nơ 3 KĐT Pháp Vân, sổ đỏ chính chủ","3,6 tỷ",81 m²,"44,44 tr/m²",3,2,"Hoàng Liệt, Hoàng Mai","20.9561457958372, 105.844881153244"
41571840,08/03/2025,Hot! Chính chủ cần bán căn hộ toà OCT1X1 DN1 Bắc Linh Đàm - full nội thất mới,"3,35 tỷ",67 m²,50 tr/m²,2,2,"Đại Kim, Hoàng Mai","20.97145652770996, 105.82817077636719"
41363722,08/03/2025,"Bán căn hộ 96m2 tại Nơ 4A Linh Đàm - Full nội thất cao cấp, chỉ việc vào ở","4,61 tỷ",96 m²,"48,02 tr/m²",3,2,"Hoàng Liệt, Hoàng Mai","20.97145652770996, 105.82817077636719"
41822942,08/03/2025,Bán căn CC Nơ 9 - 83m2 Bán đảo Linh Đàm - Full nội thất mới 100%,"4,5 tỷ",83 m²,"54,22 tr/m²",3,2,"Hoàng Liệt, Hoàng Mai","20.97091642610085, 105.8276936909707"
42093721,08/03/2025,Hàng hiếm! Duy nhất 1 căn 3PN tại Nơ 3 bán đảo Linh Đàm đầy đủ công năng cho hộ gia đình đông người,"3,75 tỷ",70 m²,"53,57 tr/m²",3,2,"Đại Kim, Hoàng Mai","20.972111142124515, 105.82795652038706"
42246217,08/03/2025,Bán căn hộ 2pn 2vs tòa Hud 3 Linh Đàm- nhà đẹp full nội thất! Vào được ngay.,"3,77 tỷ",67 m²,"56,27 tr/m²",2,2,"Hoàng Liệt, Hoàng Mai","20.9596819071078, 105.833813774674"
42111454,08/03/2025,"Hot! Đẹp nhất khu CC Linh Đàm- 85m2- 3pn 2vs- Đầy đủ nội thất mới tinh, vào ở luôn!","4,3 tỷ",85 m²,"50,59 tr/m²",3,2,"Hoàng Liệt, Hoàng Mai","20.9658411775734, 105.828005866181"
42359792,08/03/2025,Bán căn hộ 2PN 50m2 CT1 A1 - Tây Nam Linh Đàm - View thoáng (full nội thất - có sổ),"2,65 tỷ",50 m²,53 tr/m²,2,1,"Hoàng Liệt, Hoàng Mai","20.962137364985512, 105.82105385429672"
42367482,08/03/2025,Cần Bán Gấp Căn Hộ Osaka Complex 71 m 2 PN 2 Vs Lh : 0929 656 ***,Giá thỏa thuận,71 m²,N/A,2,2,"Hoàng Liệt, Hoàng Mai","20.95908406076302, 105.83790232985122"
42367441,08/03/2025,"Bán gấp CC Đồng Phát 4,6 tỷ, 88m2 3 phòng ngủ, căn Lô Góc, tặng nộ thất xịn, LH 0936 358 ***","4,6 tỷ",88 m²,"52,27 tr/m²",3,2,"Vĩnh Hưng, Hoàng Mai","20.979642233086697, 105.87401036618226"
41141823,08/03/2025,"Căn hộ mơ ước CC 71,8m2, 2 ngủ, 2 vs ở CT2 - D1 Tây Nam Linh Đàm giá nhỉnh 4.4 tỷ","4,4 tỷ","71,8 m²","61,28 tr/m²",2,2,"Hoàng Liệt, Hoàng Mai","20.962661743164062, 105.8212661743164"
42367353,08/03/2025,Chính Chủ Cần Bán Căn Hoa Hậu x2 Đại Kim Siêu đẹp 0929 656 ***,Giá thỏa thuận,86 m²,N/A,3,2,"Đại Kim, Hoàng Mai","20.97634008663898, 105.82540672436889"
42134523,08/03/2025,"Giá tốt nhỉnh 6 tỷ - Bán căn 3N 99m2 GreenPark, sổ lâu dài. Tầng đẹp, full nội thất. LH: 0366 261 ***",Giá thỏa thuận,99 m²,N/A,3,2,"Hoàng Liệt, Hoàng Mai","20.958823428216853, 105.84621021132067"
38857015,08/03/2025,"Bán CHCC @Home 987 Tam Trinh - Hoàng Mai. DT: 70m2 3PN + 2WC. Giá: 4,5 tỷ. LH: 0964 835 ***","4,5 tỷ",70 m²,"64,29 tr/m²",3,2,"Yên Sở, Hoàng Mai","20.9799327850342, 105.864631652832"
39585499,08/03/2025,"Top 1 dự án-Giá từ 4 tỷ bán căn 60m2-68m2-74m2-83m2 Green Park,view hồ. Sẵn sổ đỏ.LH:0366 261 ***",Giá thỏa thuận,68 m²,N/A,2,2,"Hoàng Liệt, Hoàng Mai","20.958425640958286, 105.84707020510903"
42367330,08/03/2025,"Bán CHCC tòa H(căn góc)Đền Lừ.DT:54m2, 2N+2WC giá 3,35 tỷ. LH: 0917 208 ***","3,35 tỷ",54 m²,"62,04 tr/m²",2,2,"Hoàng Văn Thụ, Hoàng Mai","20.984586664217762, 105.86036261549332"
42367306,08/03/2025,Chính Chủ Bán Chung Cư căn hộ Rice city Toà Nam Linh Đàm lh; 0929 656 ***,Giá thỏa thuận,70 m²,N/A,3,2,"Hoàng Liệt, Hoàng Mai","20.963344231900265, 105.82263236711017"
41425798,08/03/2025,"Hiếm! Bán CH 75m2 2 ngủ chung cư T&T - 440 Vĩnh Hưng. Full nội thất cao cấp, có slot ô tô","4,75 tỷ",77 m²,"61,69 tr/m²",2,2,"Vĩnh Hưng, Hoàng Mai","20.9989376068115, 105.880195617676"
42323622,08/03/2025,"́ ́ ̂́ Căn 2PN, SĐCC tầng 1x chung cư Osaka Linh Đàm ̀ , ̀ ̣̂","3,2 tỷ",56 m²,"57,14 tr/m²",2,1,"Hoàng Liệt, Hoàng Mai","20.961741166717, 105.835334464227"
39657764,08/03/2025,"Bán căn hộ 3 ngủ Hateco Hoàng Mai, View triệu đô, Sát Gamuda Central Residence, 79.5/86m2, 4.15 tỷ","4,15 tỷ",86 m²,"48,26 tr/m²",3,2,"Yên Sở, Hoàng Mai","20.962734, 105.86434"
42367073,08/03/2025,"SIÊU HIẾM !! CĂN HỘ TÒA HH1C LINH ĐÀM. DT 70M2, 2 NGỦ - 2 VỆ SINH + NỘI THẤT SIÊU ĐẸP SIÊU XỊN SÒ",Giá thỏa thuận,70 m²,N/A,N/A,N/A,"Hoàng Liệt, Hoàng Mai","20.965599367490572, 105.82613695514428"
42335038,08/03/2025,"Bán CC Gelexia 885 Tam Trinh, 68m2, 2pn 2vs, giá 3,95 tỷ. Căn hộ thoáng sáng vị trí đẹp","3,95 tỷ",68 m²,"58,09 tr/m²",2,2,"Yên Sở, Hoàng Mai","20.97256390275096, 105.86587702052438"
39572745,08/03/2025,"Nhà nơ KĐT Pháp Vân đường Trần Thủ Độ, Ngọc Hồi, BV Nội Tiết, IEC, Tecco 83m2 3 ngủ, 3.96 tỷ","3,96 tỷ",83 m²,"47,71 tr/m²",3,2,"Hoàng Liệt, Hoàng Mai","20.9562702178955, 105.84504699707"
42367002,08/03/2025,Chính chủ bán căn hộ chung cư Sky Central 176 ĐỊnh Công 75m 32 ngủ giá 4.6 tỷ,"4,6 tỷ",75 m²,"61,33 tr/m²",2,2,"Định Công, Hoàng Mai","20.983123452439933, 105.83486078970101"
42156319,08/03/2025,"Bán CC 85m2, 4,85 tỷ, 3PN, 2WC Toà Nơ 7A Bán Đảo Linh Đàm","4,85 tỷ",85 m²,"57,06 tr/m²",3,2,"Hoàng Liệt, Hoàng Mai","20.9640212541943, 105.83213474796"
42108871,08/03/2025,"Bán CC 2PN, 2WC tại HH4 Linh Đàm, 2,75 tỷ, 65m2, giá cực chất","2,75 tỷ",65 m²,"42,31 tr/m²",2,2,"Hoàng Liệt, Hoàng Mai","20.963587504242454, 105.82640290917257"
42360616,08/03/2025,BÁN CĂN HỘ 72M- TÒA VP5 BÁN ĐẢO LINH ĐÀM - SỔ HỒNG CHÍNH CHỦ,"4,3 tỷ",72 m²,"59,72 tr/m²",2,2,"Hoàng Liệt, Hoàng Mai","20.963766208559605, 105.83177297564497"
42365702,08/03/2025,NÓNG CỰC NÓNG-Bán căn Nơ 20 Pháp Vân-Dt 91m2-3N 2vs-Giá 4.4x tỷ(giá thương lượng).,"4,49 tỷ",91 m²,"49,34 tr/m²",3,2,"Hoàng Liệt, Hoàng Mai","20.956106724956364, 105.84472958783789"
42366758,08/03/2025,"Bán chung cư Đồng Tàu DT 76m2 3 ngủ 2 wc, Đấy đủ nội thất, gía 4,25 tỷ LH 0983 873 ***","4,25 tỷ",76 m²,"55,92 tr/m²",3,2,"Thịnh Liệt, Hoàng Mai","20.9766652138348, 105.847643143836"
42250205,08/03/2025,Tìm căn hộ 3PN nội đô Hà Nội giá tốt hãy đọc tin này,"5,05 tỷ",89 m²,"56,7 tr/m²",3,N/A,"Hoàng Liệt, Hoàng Mai","20.958743465860962, 105.82645624178562"
42366773,08/03/2025,"CHÍNH CHỦ BÁN CĂN HỘ 71m2 , 2 PN,2 VS GIÁ TỐT 2,7 TỶ TẠI HH1 LINH ĐÀM, HOÀNG MAI. LH: 0968 655 ***","2,7 tỷ",71 m²,"38,03 tr/m²",2,2,"Hoàng Liệt, Hoàng Mai","20.964580352451527, 105.82615828181603"
42306799,08/03/2025,"Bán gấp căn hộ 3PN, 2 VS tại CT5 X2 Bắc Linh Đàm, Hoàng Mai. LH: 0968 655 ***","4,65 tỷ",78 m²,"59,62 tr/m²",3,2,"Đại Kim, Hoàng Mai","20.971536543704467, 105.82838420547344"
41016905,08/03/2025,Siêu siêu hiếm - Bán căn hộ VP3 Linh Đàm - DT 93m2 - 3PN 2vs - Giá chỉ 5.1x tỷ (giá thương lượng),"5,15 tỷ",93 m²,"55,38 tr/m²",3,2,"Hoàng Liệt, Hoàng Mai","20.9644546508789, 105.831359863281"
42337587,08/03/2025,"Chính chủ bán gấp căn hộ 3 PN, 2 VS tại OCT2 - DN2 Bắc Linh Đàm, Hoàng Mai, Hà Nội","4,15 tỷ",80 m²,"51,88 tr/m²",3,2,"Đại Kim, Hoàng Mai","20.97149928953195, 105.82816358181697"
42269640,08/03/2025,"BÁN CC TẦNG ĐẸP NƠ 7A KDT LINH ĐÀM 3PN, 2VS VỚI GIÁ 3.86 TỶ. LH: 0968 655 ***","3,86 tỷ",65 m²,"59,38 tr/m²",3,2,"Đại Kim, Hoàng Mai","20.971121248093844, 105.82796953528079"
42366725,08/03/2025,"BÁN GẤP CĂN HỘ 2PN,2VS FULL NỘI THẤT MỚI TINH TẠI VP5 LINH ĐÀM. LH: 0968 655 ***","3,72 tỷ","61,5 m²","60,49 tr/m²",2,2,"Hoàng Liệt, Hoàng Mai","20.96332054342119, 105.83221533853444"
42347955,08/03/2025,"Bán căn hộ K35 Tân Mai, Hoàng Mai tòa NO1A DT: 96.5m2 3 ngủ, 2 vệ sinh, giá 7.7 tỷ LH 0983 873 ***",7 tỷ,"96,5 m²","72,54 tr/m²",3,2,"Tương Mai, Hoàng Mai","20.9837379455566, 105.8515625"
42361292,08/03/2025,"Bán chung cư N3 Đồng Tàu - Thịnh Liệt - DT 54 m2 có 2 phòng ngủ + 1wc. Giá 3,15 tỷ lh 0983 873 ***","3,15 tỷ",54 m²,"58,33 tr/m²",2,1,"Thịnh Liệt, Hoàng Mai","20.9768257008603, 105.84721264712"
42366663,08/03/2025,Bán chung cư chính chủ miễn chung gian. Kim Văn Kim Lũ,3 tỷ,60 m²,50 tr/m²,2,2,"Đại Kim, Hoàng Mai","20.972944180759, 105.819610879909"
42366681,08/03/2025,"BÁN CĂN GÓC 63m2 CHIA 2PN, 2 VS VIEW CHECK HỒ TẠI HH3 LINH ĐÀM, HOÀNG MAI. LH: 0968 655 ***","2,53 tỷ","63,5 m²","39,84 tr/m²",2,2,"Hoàng Liệt, Hoàng Mai","20.96328797158543, 105.82775010339009"
42366522,08/03/2025,Bán căn chung cư 2 Ngủ @Home 987 Tam Trinh - Hoàng Mai. Diện tích 58m - Giá 3.3 tỷ,"3,3 tỷ",58 m²,"56,9 tr/m²",2,1,"Yên Sở, Hoàng Mai","20.980610090035317, 105.86471279501838"
42366342,08/03/2025,BÁN CĂN 3 NGỦ GÓC 96M2 GIÁ TỐT NHẤT ECO LAKE VIEW CHỈ HƠN 5 TỶ. LH: 0949 650 ***,"5,6 tỷ",99 m²,"56,57 tr/m²",3,2,"Đại Kim, Hoàng Mai","20.973438621198405, 105.83880400159202"
42366237,08/03/2025,"Bán căn sổ đỏ 2 ngủ 2 vs ct2tp toà ít dân, giá 3,7 full nội thất mới tinh Lh 0978 331 ***","3,7 tỷ",58 m²,"63,79 tr/m²",2,2,"Hoàng Liệt, Hoàng Mai","20.965232498088714, 105.82438378931523"
42366265,08/03/2025,"Căn góc 3PN + 2WC tại New Horizon City, 6,2 tỷ, 92m2, Hoàng Mai, HN - hàng hiếm giá ưu đãi","6,2 tỷ",92 m²,"67,39 tr/m²",3,2,"Mai Động, Hoàng Mai","20.98911601349339, 105.86673491755857"
42120874,08/03/2025,"Bán Căn hộ chung cư HH2 Linh Đàm, 3,09 tỷ, 76m2, đầy đủ nội thất, hướng Đông Lh 0978 331 ***","3,09 tỷ",76 m²,"40,66 tr/m²",N/A,N/A,"Hoàng Liệt, Hoàng Mai","20.964331427681028, 105.82726055996933"
42366085,07/03/2025,"Mình cần bán căn hộ (3PN (Góc)), (93m2), (Full NT), (Giá: 5.75 tỷ) tại Rose Town, LH: 0943 242 ***","5,65 tỷ",93 m²,"60,75 tr/m²",3,2,"Hoàng Liệt, Hoàng Mai","20.956753766531076, 105.84481351254894"
42366074,07/03/2025,"Mình cần bán căn hộ (2PN), (64m2), (Full NT), (BC Đông Nam), (Giá: 4 tỷ) tại Rose Town",4 tỷ,64 m²,"62,5 tr/m²",2,2,"Hoàng Liệt, Hoàng Mai","20.957120168215965, 105.8441116025157"
42366065,07/03/2025,"Mình cần bán căn hộ (2PN), (74m2), (Sổ Hồng), (Giá: 4.9 tỷ) tại Phương Đông Green Park","4,9 tỷ",74 m²,"66,22 tr/m²",2,2,"Hoàng Liệt, Hoàng Mai","20.958771005271792, 105.84636002984323"
41433524,07/03/2025,Bán căn góc 118.3m2 chung cư Vật Tư Du Lịch South Tower số 8 Trần Thủ Độ 5.6 tỷ,"5,6 tỷ","118,3 m²","47,34 tr/m²",3,2,"Hoàng Liệt, Hoàng Mai","20.962495803833, 105.844841003418"
41662654,07/03/2025,"Bán căn 04 H1 60 NĐC, 76,5m2 5.3 tỷ có TL","5,3 tỷ","72,6 m²",73 tr/m²,2,2,"Tương Mai, Hoàng Mai","20.987060546875, 105.850357055664"
42292033,07/03/2025,"Cần bán căn góc 3 ngủ tòa N02 Melody Linh Đàm tầng trung đẹp giá 5,6 tỷ bao phí","5,6 tỷ",100 m²,56 tr/m²,N/A,N/A,"Hoàng Liệt, Hoàng Mai","20.958600497272, 105.82691096573033"
42336425,07/03/2025,"Chính chủ bán căn 2 ngủ 77m2 tòa N04 Melody Linh Đàm view Đông Nam tầng đẹp giá chỉ 4,3 tỷ","4,4 tỷ",77 m²,"57,14 tr/m²",N/A,N/A,"Hoàng Liệt, Hoàng Mai","20.95858591629225, 105.82640131859391"
40729635,07/03/2025,"Bán căn góc 09 tòa A tầng 20x, 87m2 3PN 4.65tỷ bao phí có TL","4,65 tỷ","87,2 m²","53,33 tr/m²",3,2,"Vĩnh Hưng, Hoàng Mai","20.9800987243652, 105.874244689941"
42365536,07/03/2025,Chính Chủ Bán Căn Hoa Hậu An Bình Định Kim Hoàng Mai 3 ngủ lh 0929 656 ***,Giá thỏa thuận,113 m²,N/A,3,2,"Định Công, Hoàng Mai","20.982788286396744, 105.8322247016019"
42365423,07/03/2025,Cần Bán Gấp Căn Hộ Osaka Complex 71 m 2 PN 2 Vs Lh : 0929 656 ***,Giá thỏa thuận,71 m²,N/A,3,2,"Hoàng Liệt, Hoàng Mai","20.95922075206386, 105.83894495122583"
40827251,07/03/2025,Liệu có nên mua Feliz Homes Hoàng Mai vào thời điểm này? Giá cập nhật T3/2025 trực tiếp từ chủ nhà,"6,1 tỷ",100 m²,61 tr/m²,3,3,"Hoàng Văn Thụ, Hoàng Mai","20.983953075688323, 105.85991421627722"
40581297,07/03/2025,"BQL toà nhà X2 Đại Kim cập nhật tháng 02/2025, giá chuẩn, không đăng ảo câu view",Giá thỏa thuận,86 m²,N/A,2,2,"Đại Kim, Hoàng Mai","20.9764270782471, 105.82543182373"
38687446,07/03/2025,"Giá tốt nhất! Căn hộ OCT1 X1 Bắc Linh Đàm, cạnh trường Bill Gate, 44m2*2PN 1VS","2,7 tỷ",44 m²,"61,36 tr/m²",2,1,"Đại Kim, Hoàng Mai","20.97145652771, 105.828170776367"
42365390,07/03/2025,Chính Chủ Cần Bán Căn Hoa Hậu x2 Đại Kim Siêu đẹp 0929 656 ***,Giá thỏa thuận,86 m²,N/A,3,2,"Đại Kim, Hoàng Mai","20.976547221204534, 105.82561244402818"
38124944,07/03/2025,"Bán CHCC @Home 987 Tam Trinh. DT:67m2 2PN + 2WC. Giá: 4,1 tỷ có TL. LH: 0964 835 ***","4,1 tỷ",67 m²,"61,19 tr/m²",2,2,"Yên Sở, Hoàng Mai","20.97993278503418, 105.86463165283203"
36653003,07/03/2025,"Bán CH N02. X. 17 thanh toán tiến độ. DT 101m2, ban công ĐN 3 ngủ căn góc đẹp view công viên bể bơi",Giá thỏa thuận,101 m²,N/A,3,2,"Hoàng Liệt, Hoàng Mai","20.9585018157959, 105.826347351074"
40872402,07/03/2025,Bán căn hộ officetel (50 năm) diện tích 123m2 chung cư Geleximco 897 Giải Phóng,"5,3 tỷ",123 m²,"43,09 tr/m²",2,2,"Giáp Bát, Hoàng Mai","20.9795379638672, 105.841613769531"
41964658,07/03/2025,"Căn hộ CC Osaka Complex - 48 Ngọc Hồi, 71m2, 2PN rộng, giá 3,4 tỷ (giá tốt)","3,4 tỷ",71 m²,"47,89 tr/m²",2,2,"Hoàng Liệt, Hoàng Mai","20.9596274862847, 105.837794304146"
39105528,07/03/2025,"Bán CHCC Hateco Yên Sở - Hoàng Mai. DT: 105m2, 3PN + 2WC. Giá: 5,1 tỷ. Lh: 0964 835 ***","5,1 tỷ",105 m²,"48,57 tr/m²",3,2,"Yên Sở, Hoàng Mai","20.9627342224121, 105.86434173584"
41482377,07/03/2025,Chính chủ đầu tư bán suất ngoại giao tòa chung cư X2 Đại Kim được chọn căn tầng khi mua,Giá thỏa thuận,86 m²,N/A,2,N/A,"Đại Kim, Hoàng Mai","20.97642707824707, 105.82543182373047"
42312037,07/03/2025,"Quỹ căn bán 2PN-3PN giá tốt nhất thị trường Green Park, sổ đỏ lâu dài chỉ từ 3.x tỷ. LH: 0949 650 ***",Giá thỏa thuận,99 m²,N/A,3,2,"Hoàng Liệt, Hoàng Mai","20.959041463517664, 105.84661453299204"
42232661,07/03/2025,"Quỹ căn bán giá tốt nhất Eco Lake View 2N - 3N, từ 76m- 106m chỉ từ hơn 4 tỷ. LH: 0949 650 ***",Giá thỏa thuận,76 m²,N/A,2,2,"Đại Kim, Hoàng Mai","20.973326874780394, 105.8392176243283"
42364637,07/03/2025,"Cần bán căn hộ 2 ngủ 63m tại Geleximco- 897 Giải Phóng, liên hệ: 0368 945 ***",Giá thỏa thuận,"62,5 m²",N/A,2,2,"Giáp Bát, Hoàng Mai","20.979313456797385, 105.84158166964896"
42197497,07/03/2025,"Bán căn 2 ngủ tầng trung rẻ đẹp nhất dự án Melody, Hoàng Mai","3,6 tỷ","74,26 m²","48,48 tr/m²",2,2,"Hoàng Liệt, Hoàng Mai","20.958294572313008, 105.82562135422405"
42364489,07/03/2025,"Bán chung cư Phương Đông, chính chủ 02PN, 02 VS cực đẹp","3,7 tỷ",57 m²,"64,91 tr/m²",2,2,"Hoàng Liệt, Hoàng Mai","20.9587688446045, 105.846313476563"
42267022,07/03/2025,"Mở bán căn hộ căn 3PN, 87.4m2 giá rẻ nhất dự án Melody Linh Đàm, 4,55 tỷ. LH: 0902 030 ***","4,55 tỷ","87,4 m²","52,06 tr/m²",3,2,"Hoàng Liệt, Hoàng Mai","20.9579598516527, 105.82683749772"
42364148,07/03/2025,"Cần tiền bán gấp nhà ở xã hội 66m 2 ngủ view hồ
chung cư HH Linh đàm giá tốt lh 0967 070 ***","2,48 tỷ",66 m²,"37,58 tr/m²",2,2,"Hoàng Liệt, Hoàng Mai","20.964548271714985, 105.82711665768184"
42364098,07/03/2025,"Bán căn hộ 76m2 Nơ Bán Đảo Linh Đàm ,Hoàng Mai,Hà Nội.Giá 4 tỷ 390.Sổ đỏ -Hỗ trợ vay.LH:0915 057 ***","4,39 tỷ",76 m²,"57,76 tr/m²",3,2,"Hoàng Liệt, Hoàng Mai","20.9642880548493, 105.831940659373"
42364051,07/03/2025,"BÁN CĂN HỘ CHUNG CƯ K35 TÂN MAI, HOÀNG MAI, HÀ NỘI - 73M2","4,95 tỷ",73 m²,"67,81 tr/m²",2,2,"Hoàng Văn Thụ, Hoàng Mai","20.9875777927523, 105.858700472604"
41241910,07/03/2025,"Quỹ căn tầng đẹp giá tốt dự án trung tâm Hà Nội Melody giá từ 5x, full nội thất, vay NH 0%, ck 8%",Giá thỏa thuận,95 m²,N/A,3,N/A,"Hoàng Liệt, Hoàng Mai","20.9585018157959, 105.826347351074"
42363804,07/03/2025,"Bán chung cư VP5 Linh Đàm, 3,4 tỷ, 62m2, số đỏ, nhiều tiện ích Lh 0978 331 ***","3,4 tỷ",62 m²,"54,84 tr/m²",2,2,"Hoàng Liệt, Hoàng Mai","20.962811570868688, 105.83200888400226"
42363753,07/03/2025,"Bán Căn hộ chung cư HH1 Linh Đàm, 2,1 tỷ, 56m2, 2PN, 2WC, đầy đủ nội thất","2,1 tỷ",56 m²,"37,5 tr/m²",2,2,"Hoàng Liệt, Hoàng Mai","20.964582585346832, 105.82650889625279"
42363713,07/03/2025,Bán nhanh căn hộ CC Kim Văn Kim Lũ - cạnh Viện Kiểm Định Vaxin - đối diện CV Chu Văn An,"3,1 tỷ",65 m²,"47,69 tr/m²",2,2,"Đại Kim, Hoàng Mai","20.973378952394523, 105.81948444734034"
42363674,07/03/2025,"Bán căn hộ CT5 - X2 Linh Đàm tại Nguyễn Phan Chánh, 4,7 tỷ, 80m2, 3PN, 2WC, pháp lý sổ đỏ","4,7 tỷ",80 m²,"58,75 tr/m²",3,2,"Hoàng Liệt, Hoàng Mai","20.971796934010403, 105.82795188743621"
42232155,07/03/2025,Bán 3 ngủ sân vườn full nội thất sang trọng view bể bơi cực đẹp - Feliz Homes Hoàng Mai,"7,8 tỷ",120 m²,65 tr/m²,3,2,"Hoàng Văn Thụ, Hoàng Mai","20.984660097344825, 105.86053018395555"
42216167,07/03/2025,"Bán căn góc 3 ngủ full nội thất ban công Đông Nam cực đẹp Feliz Homes, tầng trung view cực thoáng","7,3 tỷ",115 m²,"63,48 tr/m²",3,2,"Hoàng Văn Thụ, Hoàng Mai","20.985253105676833, 105.85968982227494"
42243601,07/03/2025,"VP5 căn 45m2 nhà đẹp, cảnh quan hồ công viên cây xanh Bán Đảo Linh Đàm LH 0978 331 ***","2,1 tỷ",45 m²,"46,67 tr/m²",2,1,"Hoàng Liệt, Hoàng Mai","20.963513145594096, 105.8313131722441"
42363696,07/03/2025,"Chính chủ cần bán gấp căn hộ chung cư Mandarin, 99 Tân Mai, Hoàng Mai 80m2 2PN full đồ 6.3 tỷ","6,3 tỷ",80 m²,"78,75 tr/m²",2,2,"Tân Mai, Hoàng Mai","20.9833590140339, 105.846787897653"
42363500,07/03/2025,"Bán căn hộ 103m chung cư cao cấp D1 - CT2 Tây Nam Linh Đàm, Hoàng Mai, sổ đỏ chính chủ","6,1 tỷ",103 m²,"59,22 tr/m²",3,2,"Đại Kim, Hoàng Mai","20.985610228393835, 105.80714617878608"
42363396,07/03/2025,"Chủ gửi bán nhanh căn cc 70.32m2 tại HH Linh Đàm Hoàng Liệt Hoàng Mai giá chỉ 2,7xx tỷ",Giá thỏa thuận,"70,32 m²",N/A,2,2,"Hoàng Liệt, Hoàng Mai","20.9646273988766, 105.826284089069"
42363282,07/03/2025,BÁN CHUNG CƯ HH LINH ĐÀM 46M2 - NỘI THẤT ĐẦY ĐỦ,"1,93 tỷ",46 m²,"41,96 tr/m²",1,1,"Hoàng Liệt, Hoàng Mai","20.96325565671775, 105.82764013762947"
42363349,07/03/2025,"Bán căn hộ Eco Lake View, 4,81 tỷ, 75m2, 2PN, 2WC, Tầng đẹp view Hồ","4,81 tỷ",75 m²,"64,13 tr/m²",2,2,"Đại Kim, Hoàng Mai","20.9730362311684, 105.837835895034"
42363196,07/03/2025,"Bán Căn hộ chung cư HH2 Linh Đàm, 3,08 tỷ, 76m2, hàng hiếm tại Hoàng Liệt, Hoàng Mai, Hà Nội","3,08 tỷ",76 m²,"40,53 tr/m²",3,2,"Hoàng Liệt, Hoàng Mai","20.963856670681967, 105.82776484325697"
39092970,07/03/2025,"Bán chung cư Định Công, Hoàng Mai 70m2, 2 ngủ, 2 vệ sinh, nội thất 400 triệu, slot ô tô, 4 tỷ 500","4,5 tỷ",70 m²,"64,29 tr/m²",2,2,"Định Công, Hoàng Mai","20.9827823638916, 105.834381103516"
39494283,07/03/2025,"Bán chung cư 176 Định Công 106m2, 3 ngủ, 2 vs, nội thất 450 triệu, slot oto, bao thuế phí, 6 tỷ 700","6,7 tỷ",106 m²,"63,21 tr/m²",3,2,"Định Công, Hoàng Mai","20.9827823638916, 105.834381103516"
41535018,07/03/2025,Chính chủ bán căn góc phụ 2 phòng ngủ full nội thất đẹp tại HH Linh Đàm giá vô cùng tốt 0965 289 ***,"2,4 tỷ",56 m²,"42,86 tr/m²",2,2,"Hoàng Liệt, Hoàng Mai","20.9647350311279, 105.826362609863"
42141836,07/03/2025,"Gia đình cần bán gấp căn 2PN CC Eco Lake View - 32 Đại Từ giá chỉ hơn 4 tỷ, liên hệ: 0904 250 ***","4,4 tỷ",74 m²,"59,46 tr/m²",2,2,"Đại Kim, Hoàng Mai","20.9730930328369, 105.838371276855"
42362914,07/03/2025,Cần bán 2 phòng tòa HH1 Linh Đàm Hoàng Mai chỉ 1 tỷ 820 triệu có hỗ trợ vay đến 70%.LH:0915 057 ***,"1,82 tỷ",48 m²,"37,92 tr/m²",2,1,"Hoàng Liệt, Hoàng Mai","20.9644240490098, 105.82638938926"
42203680,07/03/2025,NHANH TAY SỞ HỮU NGAY CĂN HỘ 62M2  CC THE ONE GAMUDA CHỈ NHỈNH 4 TỶ,"4,3 tỷ",62 m²,"69,36 tr/m²",2,2,"Định Công, Hoàng Mai","20.982946030812283, 105.83243191100168"
42262353,07/03/2025,CHÍNH CHỦ BÁN CĂN HỘ 3 NGỦ HUD8 . D1-CT2 TÂY NAM LINH ĐÀM DT 97M LH 0857 999 ***,"6,1 tỷ",97 m²,"62,88 tr/m²",3,2,"Hoàng Liệt, Hoàng Mai","20.964437523724694, 105.82444040060629"
42362729,07/03/2025,"Bán CC 3PN 2WC tại Hà Nội Melody Residences, giá cực chất 63 triệu/m2, 106m2","6,68 tỷ",106 m²,63 tr/m²,3,2,"Hoàng Liệt, Hoàng Mai","20.958703414897904, 105.82425746705758"
41433049,07/03/2025,"Bán căn hộ Rice City Linh Đàm, 4,1 tỷ VND, 67m2, 2 PN, 2 PT, view đẹp","4,1 tỷ",67 m²,"61,19 tr/m²",2,2,"Hoàng Liệt, Hoàng Mai","20.964601772052838, 105.82279126973701"
41928346,07/03/2025,"Bán căn hộ Rice City Linh Đàm, 3,75 tỷ, 63m2, 2PN + 2WC, hướng Đông Bắc, giá siêu hời","3,75 tỷ",63 m²,"59,52 tr/m²",2,2,"Hoàng Liệt, Hoàng Mai","20.964510732947357, 105.82299138979229"
41414067,07/03/2025,"Bán căn hộ đẹp tại Rice City Linh Đàm - giá tốt nhất chỉ 3,5 tỷ - 62,5m2","3,5 tỷ","62,5 m²",56 tr/m²,2,2,"Hoàng Liệt, Hoàng Mai","20.963834762573242, 105.82245635986328"
42362581,07/03/2025,"( Căn Mới ) Bán căn hộ chung cư Feliz Homes, Hoàng Văn Thụ, 5,4 tỷ, 77m2 thiện chí vào việc nhanh","5,4 tỷ",77 m²,"70,13 tr/m²",2,2,"Hoàng Văn Thụ, Hoàng Mai","20.98415417084972, 105.85982410726007"
42152548,07/03/2025,"BÁN CĂN 2PN GIÁ TỐT TÒA HH LINH ĐÀM, HOÀNG MAI.LH-0982 511 ***","2,46 tỷ",63 m²,"39,05 tr/m²",2,2,"Hoàng Liệt, Hoàng Mai","20.964664074081966, 105.82639583606216"
41696570,07/03/2025,"Căn cực hiếm, chỉ 2.63 tỷ sở hữu ngay căn hộ 54,3m2 2N2VS tại chung cư Kim Văn Kim Lũ","2,63 tỷ","54,3 m²","48,44 tr/m²",2,2,"Đại Kim, Hoàng Mai","20.973291397094727, 105.82000732421875"
41719967,07/03/2025,"Chính chủ cần bán gấp căn hộ 45m2, 1PN, 2VS giá nhỉnh 2 tỷ tòa nhà CT11 Kim Văn Kim Lũ","2,3 tỷ",45 m²,"51,11 tr/m²",1,1,"Đại Kim, Hoàng Mai","20.9732913970947, 105.820007324219"
42362381,07/03/2025,Chính chủ bán căn hộ 3 phòng ngủ sổ đỏ 73m2,"4,44 tỷ",73 m²,"60,82 tr/m²",3,2,"Hoàng Liệt, Hoàng Mai","20.9719288656486, 105.8284288412851"
41169281,07/03/2025,"Em Giang PKD chủ đầu tư quỹ căn 2PN giá tốt nhất thị trường, số lượng có hạn, hỗ trợ vay ngân hàng","3,5 tỷ",79 m²,"44,3 tr/m²",2,2,"Hoàng Liệt, Hoàng Mai","20.9565887451172, 105.844886779785"
35042445,07/03/2025,"Chính chủ - bán chung cư CT1 Minh Khai - đại học Kinh Tế Quốc Dân, full nội thất, sổ hồng vĩnh viễn",800 triệu,50 m²,16 tr/m²,2,2,"Hoàng Văn Thụ, Hoàng Mai","20.9961581, 105.8618348"
42362644,07/03/2025,"Bán căn hộ chung cư CT36A Định Công DT 72m2 có 2 phòng ngủ + 2wc. Giá 4,25tỷ. LH: 0917 208 ***","4,25 tỷ",72 m²,"59,03 tr/m²",2,2,"Định Công, Hoàng Mai","20.97811438225344, 105.8349544460022"
42211282,07/03/2025,CHÍNH CHỦ CẦN BÁN CĂN HỘ TẠI HH LINH ĐÀM NHÀ NỘI THẤT MỚI TINH Ở NGAY TẦNG THẤP TIỆN ĐI LẠI GIÁ TỐT,"2,68 tỷ",67 m²,40 tr/m²,N/A,N/A,"Hoàng Liệt, Hoàng Mai","20.965076962910302, 105.82696554104993"
42128682,07/03/2025,"Bán chung cư OTC1 X1 DN1 Bắc Linh Đàm, 57m2 thông thủy, căn góc view thoáng mát full nội thất","3,35 tỷ",57 m²,"58,77 tr/m²",2,2,"Đại Kim, Hoàng Mai","20.971381406789025, 105.82761525917155"
42321828,07/03/2025,"Bán CC đẹp xuất sắc tại HH3 Linh Đàm, 2,95 tỷ, 66m2, 2PN, 2WC","2,95 tỷ",66 m²,"44,7 tr/m²",2,2,"Hoàng Liệt, Hoàng Mai","20.9642106887917, 105.828242343015"
42308747,07/03/2025,"Bán gấp căn CC 3PN - căn góc view hồ, mới tinh, giá siêu hời nhỉnh 4 tỷ khu Tây Nam Linh Đàm","4,7 tỷ",78 m²,"60,26 tr/m²",3,2,"Hoàng Liệt, Hoàng Mai","20.96333740357245, 105.82149472827216"
41446935,07/03/2025,"Cần bán chung cư Horizon 87 Lĩnh Nam, diện tích 94m2. 3PN, 2 vệ sinh giá bán: 6.180 tỷ. Có sổ đỏ","6,18 tỷ",94 m²,"65,74 tr/m²",3,2,"Mai Động, Hoàng Mai","20.9886638359417, 105.866264410098"
42362317,07/03/2025,Rẻ nhất khu vực Hoàng Mai! 76m2 3PN 2VS full nội thất giá 3.15 tỷ,"3,15 tỷ",76 m²,"41,45 tr/m²",3,2,"Hoàng Liệt, Hoàng Mai","20.964272109300364, 105.82797427943153"
37289058,07/03/2025,"Bán căn hộ 2 phòng ngủ góc tòa Tropical, full nội thất mới đẹp, nhà mới tinh, giá chỉ 4.8 tỷ","4,8 tỷ",69 m²,"69,56 tr/m²",2,2,"Hoàng Văn Thụ, Hoàng Mai","20.9848365783691, 105.859855651855"
40642561,07/03/2025,"Bán căn hộ toà CT4 Tây Nam Linh Đàm, 85m2, 3 ngủ, giá tốt",Giá thỏa thuận,85 m²,N/A,3,2,"Hoàng Liệt, Hoàng Mai","20.962661743164063, 105.82126617431641"
42361734,07/03/2025,"Bán CC mini 2PN, 1WC tại Đền Lừ, Hoàng Mai, Hà Nội, 1,4 tỷ, 50m2, đẹp, nhiều tiện ích","1,4 tỷ",50 m²,28 tr/m²,2,1,"Hoàng Văn Thụ, Hoàng Mai","20.9852193505271, 105.857754660736"
39804629,07/03/2025,Bán nhanh suất Ngoại Giao căn 2 ngủ Viễn Đông Star - Hoàng Mai giá 3tỉ.x - LH ngay: 0383 543 ***,"3,7 tỷ",85 m²,"43,53 tr/m²",2,2,"Thịnh Liệt, Hoàng Mai","20.9775714874268, 105.842819213867"
42361951,07/03/2025,Nhà quá đẹp ạ. E cần bán căn hộ tại toà HH2. TK: 3PN - 2VS với DT 76m2 - Giá chỉ 3.095tỷ. Nhà đẹp,"3,1 tỷ",76 m²,"40,72 tr/m²",3,2,"Hoàng Liệt, Hoàng Mai","20.964575119012174, 105.82718466815497"
42119817,07/03/2025,"Bán suất ngoại giao chung cư dự án MDHI Linh Đàm, 85m2, 2PN. sổ đỏ đầy đủ chỉ 2.9 tỷ","2,9 tỷ",85 m²,"34,12 tr/m²",2,2,"Hoàng Liệt, Hoàng Mai","20.97155721555141, 105.82747743903077"
42144655,07/03/2025,Bán căn 2 ngủ tại Osaka Complex giá tốt,"3,03 tỷ","60,3 m²","50,25 tr/m²",2,1,"Hoàng Liệt, Hoàng Mai","20.959248847850304, 105.838920421727"
42060754,07/03/2025,"Chính chủ mở bán dự án mới - Khu Minh Khai - Lĩnh Nam ngõ ô tô, 35m2, 50m2 - 0983 169 ***","1,35 tỷ",35 m²,"38,57 tr/m²",1,1,"Lĩnh Nam, Hoàng Mai","20.982005132678, 105.879898348865"
41976162,07/03/2025,"Mới! Bán căn hộ mini Phố Tam Trinh - Lĩnh Nam ngay sau Time City 37m2, 50m2, full đồ",Giá thỏa thuận,37 m²,N/A,1,1,"Lĩnh Nam, Hoàng Mai","20.982409069806, 105.879561253494"
42041562,07/03/2025,Chính chủ bán căn hộ cao cấp giá tốt tại Vinaconex 2 Hoàng Mai 77m2 2PN - 2VS full nội thất,"4,35 tỷ",77 m²,"56,49 tr/m²",2,2,"Đại Kim, Hoàng Mai","20.973318274108, 105.82016908503"
42315076,07/03/2025,Em cần thanh khoản căn Nơ 7A bán đảo Linh Đàm,"4,8 tỷ",85 m²,"56,47 tr/m²",3,2,"Đại Kim, Hoàng Mai","20.971558740626822, 105.82861701160432"
41687137,07/03/2025,"Bán chung cư tầng thấp Đồng Tàu 53/70m2 2PN 3,05 tỷ thoáng dịch vụ rẻ an sinh","3,05 tỷ",53 m²,"57,55 tr/m²",2,1,"Thịnh Liệt, Hoàng Mai","20.9710753369062, 105.844444517047"
42150573,07/03/2025,Giảm ngay 400tr khi mua CH 106m/3PN tại Melody Linh Đàm giá tốt nhất thị trường Ck 8% HTLS 0% 24 th,"5,94 tỷ",106 m²,56 tr/m²,3,2,"Hoàng Liệt, Hoàng Mai","20.958687510859196, 105.82678595515551"
41529106,07/03/2025,"Bán căn hộ tòa OCT2 DN2 Bắc Linh Đàm 3 phòng ngủ 2 vệ sinh, sổ đỏ chính chủ","4,15 tỷ","79,5 m²","52,2 tr/m²",3,2,"Đại Kim, Hoàng Mai","20.9751648666994, 105.823612558334"
42281424,07/03/2025,"Cần bán căn hộ Bea Sky Đại Kim - Hoàng Mai - Hà Nội - DT69m2 - 2PN - 2WC - giá 4,6tỷ - LH 039426628","4,6 tỷ",69 m²,"66,67 tr/m²",2,2,"Đại Kim, Hoàng Mai","20.97403192088848, 105.82213483063002"
42361082,07/03/2025,Chính chủ cần tiền bán gấp căn 2 ngủ 48m2 chung cư HH Linh Đàm giá tốt LH 0967 070 ***,"1,95 tỷ",48 m²,"40,62 tr/m²",2,1,"Hoàng Liệt, Hoàng Mai","20.96418946722782, 105.82737157242154"
42312646,07/03/2025,Bán căn 2 ngủ đẹp nhất nhì tại Athena Complex Hoàng Mai,"3,2 tỷ",66 m²,"48,48 tr/m²",2,2,"Hoàng Liệt, Hoàng Mai","20.9584278202168, 105.843048473458"
37975540,07/03/2025,Bán CHCC 87 Lĩnh Nam New Horizon City. DT 80m2 2PN 2WC - Đã có sổ đỏ,"5,1 tỷ",80 m²,"63,75 tr/m²",2,2,"Mai Động, Hoàng Mai","20.9894237518311, 105.866561889648"
42336860,07/03/2025,"GĐ cần bán căn góc HUD3 - 60 Nguyễn Đức Cảnh, Tương Mai, Hoàng Mai, Hà Nội. LH: O848123626",Giá thỏa thuận,"90,4 m²",N/A,3,2,"Tương Mai, Hoàng Mai","20.98784113637838, 105.8497600742702"
42361220,07/03/2025,"CC cần bán chung cư A5 Đại Kim, đường Nguyễn Cảnh Dị. DT: 75,5m, 2N + 1VS. LH: 0917 208 ***","3,95 tỷ","75,5 m²","52,32 tr/m²",2,2,"Định Công, Hoàng Mai","20.972788854205007, 105.82072342166933"
42119463,07/03/2025,Chính chủ cần thanh khoản gửi bán căn hộ 2 phòng ngủ 66m2 tại HH Linh Đàm nội thất cao cấp giá tốt,"2,7 tỷ",66 m²,"40,91 tr/m²",2,2,"Hoàng Liệt, Hoàng Mai","20.96471164697285, 105.82702504523344"
40315630,07/03/2025,"CC bán căn hộ CC cao cấp Hateco Hoàng Mai. DT 82m2 giá 4.3tỷ, LH: 0962 552 ***","4,3 tỷ",82 m²,"52,44 tr/m²",3,2,"Yên Sở, Hoàng Mai","20.96273422241211, 105.86434173583984"
30189717,07/03/2025,"Tổng quỹ căn chuyển nhượng (Giá thực) chung cư Geleximco 897 Giải Phóng, LH: 0976 881 ***",Giá thỏa thuận,62 m²,N/A,2,2,"Giáp Bát, Hoàng Mai","20.9795379638672, 105.841613769531"
42350886,07/03/2025,"Bán Căn hộ tòa A chung cư Hateco Hoàng Mai, 3,6 tỷ, 60m2, 2N + 1WC. LH: 0917 208 ***","3,6 tỷ",60 m²,60 tr/m²,2,1,"Yên Sở, Hoàng Mai","20.962583070216276, 105.86461245962958"
42249773,07/03/2025,"Chính chủ bán 2PN 75m2 view đẹp thoáng vĩnh viễn chung cư Vinaconex 2 Đại Kim Hoàng Mai, giá 4,xtỷ",Giá thỏa thuận,75 m²,N/A,2,2,"Đại Kim, Hoàng Mai","20.973221361776996, 105.81934140560341"
42179921,07/03/2025,Chính chủ bán căn hồ Đền Lừ Đông Nam 60m2 full đồ sổ chính chủ,"3,4 tỷ",60 m²,"56,67 tr/m²",2,2,"Hoàng Văn Thụ, Hoàng Mai","20.985583304326397, 105.85935056168957"
42316724,07/03/2025,"Bán CC toà A Đồng Phát - Hoàng Mai. DT 62.5 m2 gồm 2 ngủ 2 wc. Giá 3,8 tỷ LH 0983 873 ***","3,8 tỷ","62,5 m²","60,8 tr/m²",2,2,"Vĩnh Hưng, Hoàng Mai","20.979239879259293, 105.87427817785286"
42360830,07/03/2025,"Bán căn hộ HH1 Linh Đàm, 1,8 tỷ, 48m2, 2PN, 1WC, bao đẹp","1,8 tỷ",48 m²,"37,5 tr/m²",2,1,"Hoàng Liệt, Hoàng Mai","20.965315167671058, 105.82572250432445"
42316328,07/03/2025,"Bán căn hộ chung cư Hateco Yên Sở, Hoàng Mai, HN. View đẹp, đủ nội thất, 105m2 - 3PN - 5.1 tỷ","5,1 tỷ",105 m²,"48,57 tr/m²",3,2,"Yên Sở, Hoàng Mai","20.962217115485227, 105.86484890327054"
42339797,07/03/2025,"Bán căn hộ chung cư Gelexia 885 Tam Trinh - Yên Sở - Hoàng Mai, view Gamuda, 67m2 - 2PN - 4.3 tỷ","4,3 tỷ",67 m²,"64,18 tr/m²",2,2,"Yên Sở, Hoàng Mai","20.972931804045725, 105.86631105086501"
42339767,07/03/2025,Bán căn cực hiếm chung cư toà N9 Đồng Tàu 68m2 - 2PN - 3.57 tỷ. Lh 0933 900 ***,"3,57 tỷ",68 m²,"52,5 tr/m²",2,2,"Thịnh Liệt, Hoàng Mai","20.976826872437, 105.847254866279"
42360671,07/03/2025,"Bán CC Nơ 9 83m2, 4,6 tỷ tại Pháp Vân Tứ Hiệp, Hoàng Mai, Hà Nội","4,6 tỷ",83 m²,"55,42 tr/m²",3,2,"Hoàng Liệt, Hoàng Mai","20.955735106112854, 105.84567227080613"
38534066,07/03/2025,"Chính chủ cần bán căn góc 2PN, 2WC, diện tích 62m2 tòa chung cư 897 Giải Phóng, hướng mát",Giá thỏa thuận,62 m²,N/A,2,2,"Giáp Bát, Hoàng Mai","20.9795379638672, 105.841613769531"
42360246,07/03/2025,Hiếm ACE phải thật nhanh - mặt phố - vỉa hè đá bóng - kinh doanh - lô góc,"8,2 tỷ","50,68 m²","161,8 tr/m²",N/A,N/A,"Đại Kim, Hoàng Mai","20.979418266717, 105.821055740472"
42360170,07/03/2025,"Bán căn hộ 60m CT11 Kim Văn Kim Lũ, full nội thất đẹp","3,2 tỷ",60 m²,"53,33 tr/m²",2,2,"Đại Kim, Hoàng Mai","20.973684055671917, 105.8207261384471"
42360356,07/03/2025,"Chính chủ cần bán căn 2PN, CC T và T 440 Vĩnh Hưng - Hoàng Mai",Giá thỏa thuận,70 m²,N/A,2,2,"Vĩnh Hưng, Hoàng Mai","20.998565943612, 105.880589595861"
42360100,07/03/2025,"Bán căn hộ 60m CT11 Kim Văn Kim Lũ, full nội thất đẹp","3,2 tỷ",60 m²,"53,33 tr/m²",2,2,"Đại Kim, Hoàng Mai","20.973684055671917, 105.8207261384471"
40324040,07/03/2025,Chính chủ - bán chung cư A1 Minh Khai - Đại La - Đại học kinh tế quốc dân - full nội thất,800 triệu,35 m²,"22,86 tr/m²",N/A,N/A,"Thịnh Liệt, Hoàng Mai","20.9753235144334, 105.841046688237"
42217582,07/03/2025,"Bán gấp CC đẹp xuất sắc 89m2 2PN+2WC tại Hà Nội Melody Linh Đàm, 60 triệu/m2. tặng 1 cây vàng","5,34 tỷ",89 m²,60 tr/m²,2,2,"Hoàng Liệt, Hoàng Mai","20.95848122398009, 105.82621574227262"
42342505,07/03/2025,"Quỹ căn hộ 3PN chính chủ gửi bán, pháp lý rõ ràng, giá từ 5 tỷ tại Bea Sky Nguyễn Xiển: 0969 029 ***","5,53 tỷ",84 m²,"65,83 tr/m²",3,2,"Đại Kim, Hoàng Mai","20.9733069843665, 105.82159169190092"
37748609,07/03/2025,"Chị gái mình cần bán gấp căn 2PN 81m2 - Full nội thất làm rất đẹp, tầng trung, ban công hướng mát","5,5 tỷ",81 m²,"67,9 tr/m²",2,2,"Hoàng Văn Thụ, Hoàng Mai","20.9848365783691, 105.859855651855"
42232541,07/03/2025,"Gia đình cần bán căn 2PN ban công Đông Nam, 81m2 tầng trung đẹp rộng nhất Feliz Homes Hoàng Mai","5,1 tỷ",81 m²,"62,96 tr/m²",2,2,"Hoàng Văn Thụ, Hoàng Mai","20.985048337724848, 105.85992929289246"
42359168,07/03/2025,"Bán căn hộ chung cư Hồ Đền lừ, 50m2, 02 ngủ, full nội thất, chỉ 1.42 tỷ","1,42 tỷ",50 m²,"28,4 tr/m²",2,1,"Hoàng Văn Thụ, Hoàng Mai","20.9852585287538, 105.858586926194"
42359754,07/03/2025,"Căn hộ 75m2, 4,5 tỷ tại tòa Nơ 7 Bán đảo Linh Đàm, Hoàng Mai, Hà Nội, hàng hiếm giá cực chất","4,5 tỷ",75 m²,60 tr/m²,3,2,"Hoàng Liệt, Hoàng Mai","20.97149855170378, 105.82840564254676"
42359121,07/03/2025,"Bán căn hộ 3 phòng ngủ, diện tích 126.3m2, đầy đủ nội thất giá rẻ nhất khu vực","6,4 tỷ","126,3 m²","50,67 tr/m²",4,2,"Đại Kim, Hoàng Mai","20.971376756775, 105.839633378122"
42359477,07/03/2025,"Ngoại giao CĐT căn hộ 2 ngủ 2WC 68m2, CK 400tr, HTLS 24 tháng","4,5 tỷ",68 m²,"66,15 tr/m²",2,2,"Hoàng Liệt, Hoàng Mai","20.958429362942667, 105.82616253326194"
42359035,07/03/2025,Bán nhanh căn góc tầng trung thoáng ở Linh Đàm cạnh Rice City HUD xây dựng 2016 2.67 tỷ bao mọi phí,"2,67 tỷ",41 m²,"65,12 tr/m²",2,1,"Hoàng Liệt, Hoàng Mai","20.96444244359639, 105.82210129582204"
42359042,07/03/2025,"Bán căn hộ 3PN + 1, diện tích 124m2, đầy đủ nội thất giá rẻ nhất khu vực","6,4 tỷ",124 m²,"51,61 tr/m²",4,2,"Đại Kim, Hoàng Mai","20.971142179610574, 105.8385841826528"
42359409,07/03/2025,"Chủ nhà nhờ bán căn hộ CC Gelexia 885 Tam Trinh, 3,9 tỷ, 67m2, 2PN 2VS, LH 0936 358 ***","3,9 tỷ",67 m²,"58,21 tr/m²",2,2,"Yên Sở, Hoàng Mai","20.9736159180273, 105.86627718418197"
42296238,07/03/2025,Ảnh thật căn hộ. Căn góc 3PN 2VS 2 ban công trục đẹp nhất Hateco Hoàng Mai - giá 4. X tỷ 0972 663 ***,"4,75 tỷ",90 m²,"52,78 tr/m²",3,2,"Yên Sở, Hoàng Mai","20.9631175162932, 105.86481702154774"
42222326,07/03/2025,"Bán căn 3PN - 88,3m2 sử dụng, view sông Hồng cầu Vĩnh Tuy, giá bán 6,150 tỷ. LH: 0813 489 ***","6,15 tỷ","88,3 m²","69,65 tr/m²",3,2,"Vĩnh Hưng, Hoàng Mai","20.99890275531272, 105.88087064451238"
42359109,07/03/2025,"Chính chủ nhờ bán CC Đền Lừ giá 3,1 tỷ, 58m2, 2PN, nội thất mới, LH 0936 358 ***","3,1 tỷ",58 m²,"53,45 tr/m²",2,2,"Hoàng Văn Thụ, Hoàng Mai","20.984788527933443, 105.85992404810092"
42359091,07/03/2025,"Bán căn hộ 2 phòng ngủ, diện tích 62m ban công đông nam full nội thất chung cư VP6 Linh Đàm","2,58 tỷ",62 m²,"41,61 tr/m²",2,2,"Thịnh Liệt, Hoàng Mai","20.9672768570846, 105.8328768829"
42100797,07/03/2025,Bán căn 2 ngủ Helios 75 Tam Trinh - tầng trung hướng mát,"4,5 tỷ",66 m²,"68,18 tr/m²",2,2,"Mai Động, Hoàng Mai","20.9942434459441, 105.86267249929956"
42146561,07/03/2025,Bán căn hộ sân vườn 114m2 - ban công Đông view bể bơi cực đẹp tại Feliz Homes,"7,8 tỷ",114 m²,"68,42 tr/m²",3,2,"Hoàng Văn Thụ, Hoàng Mai","20.984641992702535, 105.86046309937285"
42358851,07/03/2025,"Bán CC Đồng Phát 431 Tam Trinh, giá 3,8 tỷ, 71m2, 2PN 2VS, nội thất đẹp","3,8 tỷ",71 m²,"53,52 tr/m²",2,2,"Vĩnh Hưng, Hoàng Mai","20.98011084840477, 105.8741364209556"
41820787,07/03/2025,Chính chủ cần bân căn N04.2x.16 73.67m2 thông thuỷ giá 56 triệu/m2 thu về nét full 100%,"4,13 tỷ","73,67 m²",56 tr/m²,2,2,"Hoàng Liệt, Hoàng Mai","20.9585018157959, 105.826347351074"
42289981,07/03/2025,"Bán CC Gelexia Riverside, 4,65 tỷ, 68m2, 2PN, 2WC, có sẵn slots oto. LH: 0917 208 ***","4,65 tỷ",68 m²,"68,38 tr/m²",2,2,"Yên Sở, Hoàng Mai","20.97356083261376, 105.86688641040371"
42358532,07/03/2025,Chính chủ cần bán căn 2PN CC Helios 75 Tam Trinh,Giá thỏa thuận,60 m²,N/A,2,2,"Mai Động, Hoàng Mai","20.994836661651846, 105.86271018269449"
42321074,07/03/2025,"Cần bán gấp căn hộ chung cư Smile Building số 1 Nguyễn Cảnh Dị, 75m2, 2PN 2VS, full đồ, có slot ôtô","5,5 tỷ",75 m²,"73,33 tr/m²",2,2,"Đại Kim, Hoàng Mai","20.9784752517326, 105.836449503957"
42225288,07/03/2025,"Bán nhanh căn 2 ngủ 76m tại eco lake rẻ nhất thị trường, giá: 4.6 tỷ. LH: 0826 465 ***","4,6 tỷ",76 m²,"60,53 tr/m²",2,2,"Đại Kim, Hoàng Mai","20.97384005058717, 105.8386150106402"
42338328,07/03/2025,Cần tiền bán gấp căn hộ Rice City Linh Đàm thiết kế 2PN2Wc giá rẻ.,4 tỷ,64 m²,"62,5 tr/m²",2,2,"Hoàng Liệt, Hoàng Mai","20.96422189982, 105.822121497179"
42301118,07/03/2025,"TÔI CẦN TIỀN MUỐN Cần bán gấp CHCC 54m2 Rice- city , Hoàng Mai, Linh Đàm","3,38 tỷ",54 m²,"62,59 tr/m²",3,2,"Hoàng Liệt, Hoàng Mai","20.963300228531153, 105.82170227092263"
42358057,07/03/2025,"Bán CC @Homes 987 Tam Trinh, giá 3,6 tỷ, 65m2, 2PN, 2VS. Nhà Căn Góc đẹp, LH 0936 358 ***","3,6 tỷ",65 m²,"55,38 tr/m²",2,2,"Yên Sở, Hoàng Mai","20.9797764811074, 105.864904826265"
41306614,07/03/2025,"Chính chủ bán căn hộ chung cư HH1C Linh Đàm, Hoàng Mai, Hà Nội","2,63 tỷ",56 m²,"46,96 tr/m²",2,2,"Hoàng Liệt, Hoàng Mai","20.96473503112793, 105.82636260986328"
41995186,07/03/2025,Chính chủ bán căn hộ chung cư No bán đảo Linh Đàm. 2N,"3,25 tỷ",60 m²,"54,17 tr/m²",2,1,"Hoàng Liệt, Hoàng Mai","20.9714153961461, 105.828214270633"
42357610,07/03/2025,Nhỉnh 3 tỷ có ngay căn sổ đỏ rộng 80m2 tại Hoàng Mai,"3,39 tỷ",80 m²,"42,38 tr/m²",2,2,"Yên Sở, Hoàng Mai","20.96322241649799, 105.86480759519796"
42186293,07/03/2025,Chính chủ bán nhanh căn hộ 2PN 2VS Thanh Bình Garden - Giá nét 4.3 tỷ bao phí - full cả đồ điện tử,"4,3 tỷ",60 m²,"71,67 tr/m²",2,2,"Định Công, Hoàng Mai","20.977814747752738, 105.83600673867366"
42357631,07/03/2025,"DUY NHẤT CĂN 3PN DIỆN TÍCH 120m2 GIÁ 58TR/M2 , KÝ TRỰC TIẾP CĐT. BAN CÔNG ĐÔNG NAM , HTLS 24 THÁNG","6,96 tỷ",120 m²,58 tr/m²,3,2,"Hoàng Liệt, Hoàng Mai","20.958300760586027, 105.82646788528533"
40956307,07/03/2025,Chính chủ bán CC Vĩnh Hoàng 55m2 2PN giá 2.95 tỷ lô góc view hồ cực đẹp LH 0978 721 ***,"2,95 tỷ",55 m²,"53,64 tr/m²",2,1,"Vĩnh Hưng, Hoàng Mai","20.9800987243652, 105.874244689941"
42300313,07/03/2025,Thông tin chi tiết - căn góc 3 ngủ 2 WC / full nội thất / toà CT5X2 Bắc Linh Đàm,"4,7 tỷ",78 m²,"60,26 tr/m²",3,2,"Hoàng Liệt, Hoàng Mai","20.9716293716836, 105.827781410991"
42329321,07/03/2025,Ngoại giao CĐT quỹ căn 2 ngủ+ 89m2 dự án Hà Nội Melody Linh Đàm,"4,8 tỷ",89 m²,"53,93 tr/m²",3,2,"Hoàng Liệt, Hoàng Mai","20.957862422054877, 105.82582334992823"
42175282,07/03/2025,"Bán Căn hộ chung cư tại KĐT Linh Đàm, 4,95 tỷ, 93 m2, chỉ với giá siêu hời","4,95 tỷ",93 m²,"53,23 tr/m²",3,2,"Đại Kim, Hoàng Mai","20.971333386745293, 105.82809220329379"
42326632,07/03/2025,Chị em có căn góc chung cư HUD Tây Nam Linh Đàm muốn bán giá 2.85 tỷ! 50m2 / 2 ngủ / 1 WC / Sổ 2018,"2,85 tỷ",50 m²,57 tr/m²,2,1,"Hoàng Liệt, Hoàng Mai","20.96332975481901, 105.82090477607859"
41787236,07/03/2025,Bán căn 3 ngủ Hà Nội Melody hướng Nam giá 5.4 tỷ full nội thất cao cấp - còn 1 căn duy nhất,"5,4 tỷ",87 m²,"62,07 tr/m²",3,2,"Hoàng Liệt, Hoàng Mai","20.9589351026549, 105.825956756776"
42357695,07/03/2025,0961 505 *** - Bán căn góc chung cư KĐT Đại Kim - Nguyễn Cảnh Dị - 80m2 x 2PN - 3.89 tỷ,"3,89 tỷ",80 m²,"48,62 tr/m²",2,1,"Đại Kim, Hoàng Mai","20.97320565978131, 105.82014019774105"
41938249,07/03/2025,"Soi giá tăng trưởng dự án Hà Nội Melody, tiềm năng phía Nam Hà Nội có gì khiến nhà đầu tư săn đón","4,5 tỷ",89 m²,"50,55 tr/m²",2,2,"Hoàng Liệt, Hoàng Mai","20.9589752764298, 105.825953301889"
41938512,07/03/2025,Tại sao nên lựa chọn căn hộ 3PN diện tích 89m2 thay vì căn 100m2 tại Hà Nội Melody Residences,"5,07 tỷ",89 m²,57 tr/m²,3,2,"Hoàng Liệt, Hoàng Mai","20.957985894751584, 105.82695904470089"
41796196,07/03/2025,"Chung cư CT9 Bộ Công An phố Kim Giang - Hoàng Mai. Tầng cao view thoáng, lô góc 2 ban công - 2 ngủ","4,75 tỷ",80 m²,"59,38 tr/m²",2,2,"Đại Kim, Hoàng Mai","20.9788260157991, 105.821292709757"
41925758,07/03/2025,"Còn 1 duy nhất căn 3PN Hà Nội Melody 56tr/m2 view hồ công viên, quà tặng 1 cây vàng","4,98 tỷ",89 m²,56 tr/m²,3,2,"Hoàng Liệt, Hoàng Mai","20.958498135256015, 105.8263281394216"
42357548,07/03/2025,"Bán CC DT 66m2 2 ngủ 2 WC tại chung cư Vật Tư Du Lịch - 8 Trần Thủ Độ, chỉ 3,68 tỷ. LH 0983 873 ***","3,68 tỷ",66 m²,"55,76 tr/m²",2,2,"Hoàng Liệt, Hoàng Mai","20.961764078301137, 105.84535569281675"
41229484,07/03/2025,Em Huy cần bán suất ngoại giao căn hộ Hanoi Melody 74 m2 thông thuỷ đáng mua nhất quận Hoàng Mai,"3,9 tỷ",74 m²,"52,7 tr/m²",2,2,"Hoàng Liệt, Hoàng Mai","20.9585018157959, 105.82634735107422"
42357297,07/03/2025,"Bán chung cư CT9 Định Công - 80m2, 3 phòng ngủ, 2 WC, căn góc, tặng toàn bộ nội thất, giá 4,8 tỷ","4,8 tỷ",80 m²,60 tr/m²,3,2,"Định Công, Hoàng Mai","20.98604484886951, 105.83237116948784"
42357341,07/03/2025,Chính chủ cần bán gấp căn hộ 75m chung cư Ecolake View Đại Từ,"4,7 tỷ",75 m²,"62,67 tr/m²",2,3,"Đại Kim, Hoàng Mai","20.973823916575373, 105.83851112731092"
42357316,07/03/2025,Bán căn hộ 75m2 chung cư Ecolake View Đại Từ,"4,88 tỷ",75 m²,65 tr/m²,2,2,"Đại Kim, Hoàng Mai","20.972787511967443, 105.83852605031908"
41986014,07/03/2025,"Nhỉnh 50tr bán căn 3 ngủ Đông Nam view nội khu tầng trung hướng Đông Nam, full nội thất","5,99 tỷ",108 m²,"55,5 tr/m²",3,2,"Hoàng Liệt, Hoàng Mai","20.958546433639633, 105.82568384875056"
41418386,07/03/2025,Bán căn hộ 68m2 chung cư Gelexia 885 Tam Trinh - Yên Sở - Hoàng Mai,"4,3 tỷ",68 m²,"63,24 tr/m²",2,2,"Yên Sở, Hoàng Mai","20.9736022368624, 105.866511952642"
42323484,07/03/2025,"Bán căn hộ chung cư bán đảo Linh Đàm, Hoàng Mai 75m2, 2PN nội thất xịn, 4.4 tỷ có sổ đỏ","4,4 tỷ",75 m²,"58,67 tr/m²",2,2,"Hoàng Liệt, Hoàng Mai","20.9615744419673, 105.834951522249"
41694286,07/03/2025,Gia đình cần bán căn hộ 3PN diện tích 113m2 chung cư An Bình 1,Giá thỏa thuận,113 m²,N/A,3,2,"Định Công, Hoàng Mai","20.983137130737305, 105.83196258544922"
40634436,07/03/2025,"Chính chủ cần bán gấp căn hộ chung cư Thanh Bình Garden Định Công Hoàng Mai. DT 63,4m2, 2 ngủ","4,46 tỷ","60,3 m²","73,96 tr/m²",2,2,"Định Công, Hoàng Mai","20.9777698516846, 105.836112976074"
42357176,07/03/2025,Chính chủ cần bán căn hộ HH2B Linh Đàm - 65.5m2 - full nội thất - giá hạt rẻ chỉ 2.4xx tỷ,Giá thỏa thuận,"65,5 m²",N/A,2,2,"Hoàng Liệt, Hoàng Mai","20.963790133388056, 105.8277804307262"
42217654,07/03/2025,"Bán căn hộ chung cư Melody Linh Đàm, Hoàng Mai, DT 97m2, 2PN, 2WC, giá 5.284 tỷ","5,28 tỷ",97 m²,"54,47 tr/m²",2,2,"Hoàng Liệt, Hoàng Mai","20.958305657225075, 105.82634142769692"
42348110,07/03/2025,"Chung cư cao cấp Melody Linh Đàm, Hoàng Mai, dt 115m2, 3PN, 2wc, giá cực Soc 6.588 tỷ","6,59 tỷ",115 m²,"57,29 tr/m²",3,2,"Hoàng Liệt, Hoàng Mai","20.958207266187706, 105.82634650960544"
42106498,07/03/2025,Duy nhất! Căn góc HUD3 Tây Nam Linh Đàm- 68m2- 2pn 2vs- Vào ở được ngay!,4 tỷ,68 m²,"58,82 tr/m²",2,2,"Hoàng Liệt, Hoàng Mai","20.9596996608547, 105.834248782083"
42159867,07/03/2025,"Bán căn Beasky 2PN full nội thất diện tích 75m2 giá 4,5 tỷ. LH: 0961 995 ***","4,5 tỷ",76 m²,"59,21 tr/m²",2,2,"Đại Kim, Hoàng Mai","20.97423799408964, 105.82153331157498"
42162010,07/03/2025,CỰC PHẨM-Cần bán căn South Toewr-DT 68m2-2N 2vs-Giá 3.6x tỷ(giá thương lượng).,"3,63 tỷ",68 m²,"53,38 tr/m²",2,2,"Hoàng Liệt, Hoàng Mai","20.962704582300653, 105.84399616825638"
38946185,07/03/2025,"Bán chung cư Định Công, Hoàng Mai 86m2, 3PN, 2 vệ sinh, nội thất 400 triệu, slot oto, 5 tỷ 580","5,58 tỷ",86 m²,"64,88 tr/m²",3,2,"Định Công, Hoàng Mai","20.9827823638916, 105.834381103516"
42249920,07/03/2025,"Bán căn hộ chung cư Rice City Tây Nam Linh Đàm - full nội thất mới, chỉ cần xách vali vào ở","4,08 tỷ",62 m²,"65,81 tr/m²",N/A,N/A,"Hoàng Liệt, Hoàng Mai","20.9637170292259, 105.822458219353"
42356031,07/03/2025,"Bán chung cư HH3 Linh Đàm 68m2 - 2,x tỷ - 2 phòng ngủ, 2 vệ sinh, tầng cao - Tiện ích bạt ngàn","2,8 tỷ",68 m²,"41,18 tr/m²",2,2,"Hoàng Liệt, Hoàng Mai","20.96350374197682, 105.8286811019962"
42116254,07/03/2025,PKD chủ đầu tư bán căn hộ 96m2 3pn2vs tầng đẹp giá bán tốt nhất tại dự án Hanoi Melody,"4,5 tỷ",96 m²,"46,88 tr/m²",3,2,"Hoàng Liệt, Hoàng Mai","20.958910219523336, 105.82558299635994"
37910956,07/03/2025,Bán CHCC Hateco Hoàng Mai - Yên Sở. DT 112m2 3PN 2WC. View hồ và công viên Yên Sở cực đẹp,"5,1 tỷ",112 m²,"45,54 tr/m²",3,2,"Yên Sở, Hoàng Mai","20.9627342224121, 105.86434173584"
42086656,07/03/2025,"Nhỉnh 4 tỷ, căn hộ tòa Hateco - Hoàng Mai, 90m2, 3 ngủ, tặng full nội thất - sổ chính chủ","4,5 tỷ",90 m²,50 tr/m²,3,2,"Yên Sở, Hoàng Mai","20.962405299963088, 105.86419827769492"
42289004,07/03/2025,Bán căn 2 ngủ ở ngay view thành phố Chung cư Athena Complex Hoàng Mai,Giá thỏa thuận,65 m²,N/A,3,2,"Hoàng Liệt, Hoàng Mai","20.9587403573752, 105.842537286174"
42356641,07/03/2025,Bán căn hộ chung cư HH2 Linh Đàm 2 ngủ nội thất đầy đủ giá 1ty9x tầng trung toà mặt hồ đi,"1,92 tỷ",48 m²,40 tr/m²,2,1,"Hoàng Liệt, Hoàng Mai","20.964312138893344, 105.82729742687802"
42308206,07/03/2025,"HUD tây nam linh đàm sổ đỏ chính chủ
2 ngủ ful nội thất tầng trung giá 2ty6x
LH e trọng","2,65 tỷ",40 m²,"66,25 tr/m²",2,1,"Hoàng Liệt, Hoàng Mai","20.965476425325097, 105.8253747410141"
42296660,07/03/2025,Bán căn hộ chung cư hh linh đàm 2 ngủ 2vs 58m full nội thất giá 2ty3xx toà h4 lh -e trọ,"2,39 tỷ",58 m²,"41,21 tr/m²",2,2,"Hoàng Liệt, Hoàng Mai","20.963300263314824, 105.82674641522782"
42356581,07/03/2025,Bán căn 2 ngủ - Chung cư @Home 987 Tam Trinh - Hoàng Mai. Giá 3.3 tỷ - sẵn sổ,"3,3 tỷ",58 m²,"56,9 tr/m²",2,1,"Yên Sở, Hoàng Mai","20.980137763446045, 105.86389090427302"
42356106,07/03/2025,"Giá rẻ kịch trần! Căn hộ HH Linh Đàm - chỉ 3,05 tỷ - 82m2 - 3N2VS - full nội thất","3,05 tỷ",82 m²,"37,2 tr/m²",3,2,"Hoàng Liệt, Hoàng Mai","20.96491534156686, 105.82791329819503"
42356521,07/03/2025,"Chính chủ bán căn hoa hậu An Bình Định Công, Hoàng Mai 3 ngủ LH 0929 656 ***","8,3 tỷ",113 m²,"73,45 tr/m²",3,2,"Định Công, Hoàng Mai","20.983035456249443, 105.8317704637753"
42356510,07/03/2025,Cần bán gấp căn hộ Osaka Complex 71 m2 2 PN 2 Vs LH: 0929 656 ***,"3,85 tỷ",71 m²,"54,22 tr/m²",2,2,"Hoàng Liệt, Hoàng Mai","20.959395389828767, 105.83839922485608"
42356508,07/03/2025,Chính chủ cần bán căn hoa hậu X2 Đại Kim siêu đẹp 0929 656 ***,Giá thỏa thuận,86 m²,N/A,3,2,"Đại Kim, Hoàng Mai","20.976527348611743, 105.82475438536011"
42356505,07/03/2025,Chính chủ bán chung cư căn hộ Rice City toà Nam Linh Đàm LH; 0929 656 ***,Giá thỏa thuận,70 m²,N/A,3,2,"Hoàng Liệt, Hoàng Mai","20.96384331733723, 105.82245197335197"
42355353,06/03/2025,Chính chủ bán căn hộ chung cư tại Đại Kim Building. Liên hệ: 0929 656 ***,"3,9 tỷ","63,4 m²","61,51 tr/m²",2,2,"Đại Kim, Hoàng Mai","20.972390055613015, 105.81958011947319"
