Id,Date Posted,Product Title,Price,Area,Price per m²,Bedrooms,Toilets,Location,Coordinates
42342146,05/03/2025,Đơn vị quản lý căn hộ Soho & Heritage West lake thông báo! Bán và bàn giao căn hộ tinh hoa Tây Hồ,"12,9 tỷ",94 m²,"137,23 tr/m²",3,3,·,"21.072877475386797, 105.81238049532904"
41478184,04/03/2025,Cập nhật quỹ căn chuyển nhượng Golden River - Ciputra giá tốt nhất tháng 02/2025,12 tỷ,141 m²,"85,11 tr/m²",3,2,·,"21.08423910980729, 105.81097029779126"
40768951,04/03/2025,"Bán căn hộ sân vườn Golden River Tây Hồ - Rẻ hơn giá gốc CĐT 123m2 đến 494m2 view sông Hồng, hồ Tây","11,32 tỷ","141,5 m²",80 tr/m²,3,2,·,"21.0786514282227, 105.802612304688"
41093048,22/02/2025,"PKD CĐT thông báo! Quỹ căn 2PN, 3PN, 4PN, Duplex - Heritage West Lake view Hồ Tây giá tốt. T02/2025",Giá thỏa thuận,145 m²,N/A,3,3,·,"21.0727491381058, 105.811500199392"
42343516,05/03/2025,"Duy nhất 1 căn có giá 4,3 tỷ - 60m2 - Tòa Soho & Heritage West Lake - 677 Lạc Long Quân","4,3 tỷ",60 m²,"71,67 tr/m²",1,1,"Phú Thượng, Tây Hồ","21.07255665632279, 105.81227652441106"
42166248,05/03/2025,"Quỹ căn chuyển nhượng tháng 2 chung cư D'. El Dorado Tây Hồ giá rẻ nhất dự án 2,8 tỷ LH: 0963 866 ***","2,8 tỷ",34 m²,"82,35 tr/m²",2,1,"Xuân La, Tây Hồ","21.073497686948, 105.799784951808"
39589826,05/03/2025,"Chính chủ bán căn 3 ngủ, 146m2, view đẹp nhất dự án D'Le Roi Soleil số 2 Đặng Thai Mai, Tây Hồ, HN","19,5 tỷ",146 m²,"133,56 tr/m²",3,2,"Quảng An, Tây Hồ","21.065832, 105.82651"
39502137,05/03/2025,"Hàng hiếm Del dorado II, một căn 2 phòng ngủ 55m2 full đồ, view thành phố giá 4,7 tỷ","4,7 tỷ",55 m²,"85,46 tr/m²",2,1,"Phú Thượng, Tây Hồ","21.0739040374756, 105.799980163574"
42287781,04/03/2025,"Cần bán căn 88m2, 2N, 2WC. Tầng cao, view thẳng Hồ Tây. Giá 12.5 tỷ, D.Le Roi Soleil 59 Xuân Diệu","12,5 tỷ",88 m²,"142,04 tr/m²",2,2,"Quảng An, Tây Hồ","21.065838155867663, 105.82632690539737"
42217812,03/03/2025,"Tổng hợp căn hộ bán tại tòa D'. Le Roi Soleil 59 Xuân Diệu, Tây Hồ giá tốt nhất - LH: 0989 734 ***","15,1 tỷ",136 m²,"111,03 tr/m²",3,2,"Quảng An, Tây Hồ","21.065995605688, 105.826767447829"
40069256,03/03/2025,Quỹ căn VIP giá tốt nhất tại SS Golden River Ciputra: Giá từ 12 tỷ/căn ban công sân vườn 33m2,"13,5 tỷ",160 m²,"84,38 tr/m²",3,N/A,"Phú Thượng, Tây Hồ","21.0786514282227, 105.802612304688"
40850181,03/03/2025,"Chính chủ bán căn hộ Soleil 146m2 hướng Đông Nam full nội thất mới tinh, gồm 3 ngủ","18,2 tỷ",146 m²,"124,66 tr/m²",3,2,"Quảng An, Tây Hồ","21.0658321380615, 105.826507568359"
42287503,03/03/2025,"Rao bán căn 111m2. 3N, 3WC, full đồ nội thất, giá 11.5 tỷ, D.Le Roi Soleil, 59 Xuân Diệu","11,5 tỷ",111 m²,"103,6 tr/m²",3,2,"Quảng An, Tây Hồ","21.06579966928339, 105.82629252671074"
42306423,01/03/2025,Tặng ngay 400tr khi mua căn dualkey chung cư Dle Roi Soleil 59 Xuân Diệu- Tây Hồ 127.5m2 sẵn sổ đỏ,"14,2 tỷ","127,5 m²","111,37 tr/m²",2,2,"Quảng An, Tây Hồ","21.0660908248712, 105.826509049952"
42304612,01/03/2025,"Căn góc duy nhất tại toà Dleroi - Soleil. 146m2, 3pn2wc đã setup đầy đủ nội thất, view trọn Hồ Tây","19,9 tỷ",146 m²,"136,3 tr/m²",3,2,"Quảng An, Tây Hồ","21.0656572088597, 105.82613626987"
29837407,28/02/2025,"Bán căn hộ chung cư Tây Hồ - D'El Dorado Tân Hoàng Minh Lạc Long Quân, view hồ Tây, nhà mới tinh!",Giá thỏa thuận,71 m²,N/A,2,2,"Xuân La, Tây Hồ","21.0739040374756, 105.799980163574"
42296090,28/02/2025,Chính chủ cần bán 2 căn đập thông sổ lâu dài view toàn cảnh Hồ Tây full nội thất đẹp,35 tỷ,174 m²,"201,15 tr/m²",3,3,"Phú Thượng, Tây Hồ","21.073648972536002, 105.79957172671503"
39748921,28/02/2025,"Căn hộ Ciputra bán mới nhất toà G2G3, E1, E4E5, P1P2, L1L2, The Link345. LH 0973 148 ***","7,4 tỷ",119 m²,"62,18 tr/m²",3,2,"Phú Thượng, Tây Hồ","21.072135925293, 105.810997009277"
40092399,06/03/2025,Tổng hợp đầy đủ các căn bán mới và chuẩn nhất chung cư Sunshine Riverside Tây Hồ. LH 0966 998 ***,7 tỷ,98 m²,"71,43 tr/m²",3,2,"Phú Thượng, Tây Hồ","21.0840444044086, 105.811894671477"
42298833,06/03/2025,(Cập nhập) Quỹ căn ngoại giao Sunshine Riverside giá tốt nhất tháng 3. Trực tiếp từ Chủ đầu tư,"6,6 tỷ","80,69 m²","81,8 tr/m²",2,2,"Phú Thượng, Tây Hồ","21.0843038337756, 105.811997379686"
42352255,06/03/2025,Rao bán căn 146m2 tầng trung duy nhất view Hồ Tây. Giá 18.2 tỷ. D. Le Roi Soleil 59 Xuân Diệu,"18,2 tỷ",146 m²,"124,66 tr/m²",3,2,"Quảng An, Tây Hồ","21.065779603609265, 105.82649120103986"
42156311,06/03/2025,"Cập nhật Quỹ Căn Chuyển Nhượng dự án Heritage Westlake Lạc Long Quân, Tây Hồ LH : 0985 038 ***",23 tỷ,145 m²,"158,62 tr/m²",3,2,"Phú Thượng, Tây Hồ","21.072017923843138, 105.81251723192737"
42351553,06/03/2025,Bán Gấp Căn Apartment mặt ngõ phố Vũ Miên Yên Phụ Tây Hồ view Hồ Tây,"48,5 tỷ","119,2 m²","406,88 tr/m²",12,13,"Yên Phụ, Tây Hồ","21.0536832512297, 105.835407152095"
40306354,06/03/2025,"Quỹ căn duplex mới nhất tại Penstudio Tây Hồ: 4.9 tỷ/căn nhỏ - 6 tỷ/căn to đủ đồ, có sổ lâu dài",6 tỷ,76 m²,"78,95 tr/m²",N/A,N/A,"Phú Thượng, Tây Hồ","21.0640926361084, 105.80973815918"
42349784,06/03/2025,"Cần bán nhanh căn hộ 111m2 3PN 3WC full nội thất, toà D'.Le Roi - Soleil 59 Xuân Diệu 12tỷ bao phí",12 tỷ,111 m²,"108,11 tr/m²",3,3,"Quảng An, Tây Hồ","21.0651599366883, 105.826297992022"
41717259,06/03/2025,"Siêu phẩm duy nhất, giá ưu đãi tại dự án Dorado 298 Võ Chí Công, Tây Hồ. 76m2, 2PN 7,5 tỷ view hồ","7,5 tỷ",76 m²,"98,68 tr/m²",2,2,"Xuân La, Tây Hồ","21.0707530975342, 105.8095703125"
42135728,05/03/2025,"Em Sơn cư dân 6th Element cập nhật quỹ căn bán 03/2025, giá đầu tư, view thoáng, xem 24/7 miễn phí","7,85 tỷ",83 m²,"94,58 tr/m²",2,2,"Xuân La, Tây Hồ","21.0595666163517, 105.804249614333"
42315920,05/03/2025,"Cần bán gấp căn hộ S2B Sun Grand City - 69B Thụy Khuê,S2 120m2, 3PN, nội thất mới LH: 0814 332 ***",Giá thỏa thuận,120 m²,N/A,3,2,"Thụy Khuê, Tây Hồ","21.041772068282718, 105.82473671422663"
42341837,05/03/2025,"Bán căn hộ chung cư Ciputra 9,5 tỷ, 150m2, 3PN, 2WC tại Khu đô thị Nam Thăng Long, Tây Hồ, Hà Nội","9,5 tỷ",150 m²,"63,33 tr/m²",3,2,"Phú Thượng, Tây Hồ","21.0734657818696, 105.824263175554"
42341469,05/03/2025,Em bán CC 6th Element 01-02-03PN - 60m2-83m2-82m2-87m2-109m2 view đẹp nhất dự án LH 0923 363 ***/Zalo,6 tỷ,60 m²,100 tr/m²,1,1,"Xuân La, Tây Hồ","21.059872617824407, 105.80411130163782"
42339872,05/03/2025,"Bán gấp CC 4PN, 3WC tại 6th Element, Xuân La, Tây Hồ, Hà Nội, 168m2, giá thỏa thuận",Giá thỏa thuận,168 m²,N/A,4,3,"Xuân La, Tây Hồ","21.059578110043827, 105.80318649895699"
42337560,05/03/2025,"Bán gấp CH cao cấp Tại Sun Grand City - 69B Thụy Khuê, 150m2, 3PN, full nội thất LH: 0975 864 ***",Giá thỏa thuận,150 m²,N/A,3,2,"Thụy Khuê, Tây Hồ","21.040639671265314, 105.82503570636284"
41493988,05/03/2025,"Tổng hợp quỹ căn mới nhất tại Starlake tháng 3/2025 căn góc 2 - 3 - 4PN đẹp, giá 12 tỷ/căn full đồ",12 tỷ,91 m²,"131,87 tr/m²",2,2,"Xuân La, Tây Hồ","21.06040283955189, 105.80404053190115"
42331958,05/03/2025,"Chính chủ bán căn hộ 123m2, tòa E1 Ciputra","8,2 tỷ",123 m²,"66,67 tr/m²",3,2,"Phú Thượng, Tây Hồ","21.073395736592, 105.823030411797"
42331058,05/03/2025,"Chính chủ bán căn 2PN Sunshine Riverside view sông Hồng, cầu Nhật Tân, full nội thất. Giá 5.2 tỷ","5,2 tỷ","60,74 m²","85,61 tr/m²",2,N/A,"Phú Thượng, Tây Hồ","21.083617350086985, 105.81245782032809"
42116639,05/03/2025,"Full bảng hàng CĐT & chuyển nhượng từ 3 - 4 PN, nhận nhà ngay tại D'. Le Roi Soleil, giá từ 12 tỷ","30,5 tỷ",234 m²,"130,34 tr/m²",4,4,"Quảng An, Tây Hồ","21.0658431391712, 105.826465102479"
42117177,05/03/2025,"Hàng hiếm duy nhất 1 căn 50m2, TK 1 ngủ full nội thất view công viên, giá 4,1 tỷ","4,1 tỷ",50 m²,82 tr/m²,1,1,"Xuân La, Tây Hồ","21.0708993878544, 105.80951979874"
39635193,04/03/2025,Chính chủ bán nhanh căn góc tầng cao 137m2,"18,5 tỷ",137 m²,135 tr/m²,3,2,"Quảng An, Tây Hồ","21.0658321380615, 105.826507568359"
42252260,04/03/2025,Gia đình đi nc ngoài cần bán căn 135m2 vừa có thể ở và đầu tư giá rẻ nhất khu vực,"15,5 tỷ",135 m²,"114,82 tr/m²",4,3,"Quảng An, Tây Hồ","21.065598142027124, 105.82678064343773"
42209539,04/03/2025,"Hàng hiếm 2PN 1wc Ban công đông View Cầu tại Sunshine Riverside, Tầng Trung 5.2 tỷ bao phí","5,1 tỷ",60 m²,85 tr/m²,2,2,"Phú Thượng, Tây Hồ","21.0847497365135, 105.811749104361"
41707037,04/03/2025,"Chính chủ bán căn 3PN HDI Tây Hồ 107m2 tầng cao view thoáng, full nội thất cao cấp. Sổ đỏ cất két","10,8 tỷ",107 m²,"100,94 tr/m²",3,2,"Xuân La, Tây Hồ","21.05535236752124, 105.80504260309442"
39742593,04/03/2025,"Quỹ căn tại PentStudio mới nhất, 58m2 - 76m - 91m - 93m - 152m - 181m2, để ở hay cho thuê đều tốt","6,1 tỷ",76 m²,"80,26 tr/m²",1,2,"Phú Thượng, Tây Hồ","21.0643706482601, 105.809206784638"
42326665,04/03/2025,"Bán căn hộ Vip 282m2 tại Tây Hồ, căn góc 3 mặt thoáng, view Hồ Tây, sông Hồng",Giá thỏa thuận,282 m²,N/A,N/A,N/A,"Phú Thượng, Tây Hồ","21.0792869551524, 105.814309341451"
42326641,04/03/2025,"Bán căn hộ Sunshine Riverside 79m2, 2N 2WC, view sông Hồng đẹp. LH: 0349 647 ***","6,2 tỷ",79 m²,"78,48 tr/m²",2,2,"Phú Thượng, Tây Hồ","21.08380508855187, 105.81236385628844"
40216773,04/03/2025,"Bán nhanh căn góc 180m2, 3PN. View trực diện hồ tại Sun Grand City, 69B Thụy Khuê. Lh 0975 034 ***",Giá thỏa thuận,180 m²,N/A,3,3,"Thụy Khuê, Tây Hồ","21.0411720275879, 105.825096130371"
42326070,04/03/2025,"Bán căn góc 3 ngủ - Sunshine Riverside - nhà đồ cơ bản - 90,7m2 - view sông Hồng - 2 mặt thoáng","6,98 tỷ","90,7 m²","76,96 tr/m²",3,2,"Phú Thượng, Tây Hồ","21.0841814765147, 105.811993091539"
41322549,04/03/2025,Quỹ chuyển nhượng giá tốt mới nhất T3/25 Heritage Westlake. View trọn Hồ Tây full nội thất cao cấp,"12,9 tỷ",93 m²,"138,71 tr/m²",3,2,"Phú Thượng, Tây Hồ","21.0728492736816, 105.812431335449"
42129068,04/03/2025,Tổng hợp quỹ căn chuyển nhượng Sunshine Riverside tháng2/2025 giá tốt nhất. LH 0985 525 ***,"6,5 tỷ",83 m²,"78,31 tr/m²",2,2,"Phú Thượng, Tây Hồ","21.0838475645895, 105.812021269934"
42118093,04/03/2025,Cập nhật quỹ căn chuyển nhượng giá tốt nhất Sunshine Golden River tháng 3. 0987 938 ***,"13,5 tỷ",160 m²,"84,38 tr/m²",3,2,"Phú Thượng, Tây Hồ","21.0834644650442, 105.812289566558"
42321272,03/03/2025,"Chính chủ cần bán căn góc 99m2 ban công Đông Nam. Thiết kế 3PN, 2VS + 2 ban công. Sẵn sổ","7,1 tỷ",99 m²,"71,72 tr/m²",3,2,"Phú Thượng, Tây Hồ","21.08332740932695, 105.8113193246204"
42309949,02/03/2025,Quỹ căn chuyển nhượng tại Sunshine Golden River - Ciputra - giá chỉ từ 85 triệu/ m2,"11,98 tỷ",141 m²,85 tr/m²,3,2,"Phú Thượng, Tây Hồ","21.083688624746966, 105.81160680898216"
42309754,02/03/2025,Em bán quỹ căn đầy đủ nhất 1PN - 2PN - 3PN tháng 3/2025 chung cư 6th Element,12 tỷ,109 m²,"110,09 tr/m²",3,2,"Xuân La, Tây Hồ","21.059326737594784, 105.80495985064483"
42304795,01/03/2025,"Hàng hiếm! Bán căn hộ 45m2 1PN1WC nhỏ xinh, view Hồ Tây tại toà D. EL Dorado cạnh 2con rồng. 4,75tỷ","4,75 tỷ",45 m²,"105,56 tr/m²",1,1,"Phú Thượng, Tây Hồ","21.073645923433233, 105.80023158444376"
42231297,01/03/2025,Bán căn góc 3 ngủ/99m2 - 2 ban công - 7.6 tỷ Sunshine Riverside Tây Hồ hoàn thiện đẹp. 0966 286 ***,"7,6 tỷ",99 m²,"76,77 tr/m²",3,2,"Phú Thượng, Tây Hồ","21.084713188153, 105.81139401732581"
42303072,01/03/2025,"Quỹ căn cần bán tại Udic Westlake Tây Hồ giá tốt - Sẵn sổ - View Hồ Tây, sông Hồng. Giá từ 59tr/m2",Giá thỏa thuận,148 m²,N/A,4,2,"Phú Thượng, Tây Hồ","21.080253316811888, 105.81460228371768"
35248557,28/02/2025,GIẢM GIÁ 500TR BÁN NHANH CĂN HỘ CHUNG CƯ G 113M 3PN 15.6TỶ STARLAKE LH 0339 937 ***,"14,2 tỷ",109 m²,"130,28 tr/m²",3,2,"Xuân La, Tây Hồ","21.059675216674805, 105.8040771484375"
41644047,28/02/2025,Chính chủ chuyển công tác cần bán hạ giá căn pent view full Hồ Tây,25 tỷ,150 m²,"166,67 tr/m²",2,2,"Phú Thượng, Tây Hồ","21.073904037475586, 105.79998016357422"
42291808,28/02/2025,Cập nhật quỹ căn bán chung cư D'.Le Roi Soleil 2 Đặng Thai Mai tháng 3/2025 hàng đẹp - giá tốt nhất,"15,5 tỷ",146 m²,"106,16 tr/m²",3,2,"Quảng An, Tây Hồ","21.0651780261377, 105.827197245818"
42290108,28/02/2025,"Cần bán căn hộ Ciputra giá tốt nhất tháng 03/2025, liên hệ Ms Thư 0989 589 ***","8,8 tỷ",148 m²,"59,46 tr/m²",3,2,"Phú Thượng, Tây Hồ","21.073782901021804, 105.82373463401969"
42284012,27/02/2025,Em Trang chuyên dự án 6th Element cập nhật quỹ căn hộ tháng 3/2025,"7,9 tỷ",83 m²,"95,18 tr/m²",2,2,"Xuân La, Tây Hồ","21.059638293407435, 105.80362727995397"
40473747,26/02/2025,"Căn hộ 4 ngủ vip nhất toà D'le Roi Soleil Xuân Diệu view mặt Hồ Tây, Sông Hồng 234m2, giá 30,5 tỷ","30,5 tỷ",234 m²,"130,34 tr/m²",4,4,"Quảng An, Tây Hồ","21.0658321380615, 105.826507568359"
42116992,26/02/2025,"Quỹ căn bán tại toà D'. El Dorado Tây Hồ. Căn 2PN 76m2, căn 1PN 45m2 và 1PN cộng 50m2. View Hồ Tây",8 tỷ,76 m²,"105,26 tr/m²",2,2,"Phú Thượng, Tây Hồ","21.073376570245863, 105.80012982398627"
40121103,25/02/2025,"Bán gấp căn hộ chung cư tại Sun Grand City - 69B Thụy Khuê, 155m2, 3PN, tầng cao, 0941 882 ***",Giá thỏa thuận,155 m²,N/A,3,2,"Thụy Khuê, Tây Hồ","21.0411720275879, 105.825096130371"
41968239,25/02/2025,"BÁN CĂN HỘ 6th ELEMENT 3PN, 109m2 - TẦNG CAO VIEW THÀNH PHỐ, NỘI THẤT CƠ BẢN CĐT. LH 0934 339 ***",Giá thỏa thuận,109 m²,N/A,3,2,"Xuân La, Tây Hồ","21.059457151960686, 105.80356422077594"
42194578,06/03/2025,"Căn góc tầng đẹp 88m2 full NT view công viên nước Hồ Tây cần bán, giá tốt","8,8 tỷ",88 m²,100 tr/m²,2,2,"Phú Thượng, Tây Hồ","21.074135300033042, 105.79977509933123"
42337613,06/03/2025,BÁN GẤP CĂN HỘ - 3PN -114M2 TẠI THE LINK CIPUTRA - GIÁ 9X TỶ ( BAO PHÍ SANG TÊN ),"9,8 tỷ",114 m²,"85,96 tr/m²",3,2,"Phú Thượng, Tây Hồ","21.073596111138354, 105.8234968478224"
39020265,06/03/2025,"Chính chủ bán căn 3PN Heritage West Lake, full nội thất, tầng đẹp view thoáng. Hàng hiếm, giá tốt",Giá thỏa thuận,150 m²,N/A,3,3,"Phú Thượng, Tây Hồ","21.07285, 105.81243"
41599293,06/03/2025,"Bán căn hộ 2PN view Hồ Tây, full nội thất, sổ hồng lâu dài - HDI Tây Hồ Residence","7,7 tỷ",73 m²,"105,48 tr/m²",2,2,"Xuân La, Tây Hồ","21.055544, 105.80513"
41332437,06/03/2025,"Sun Grand City 69 Thụy Khuê: Bán gấp căn, 173 m2, 4 phòng ngủ, view Hồ Tây. T3/2025",34 tỷ,173 m²,"196,53 tr/m²",4,3,"Thụy Khuê, Tây Hồ","21.04117202758789, 105.8250961303711"
42252982,06/03/2025,Hot 1 căn 2 phòng ngủ view trọn hồ Tây duy nhất bán lại tháng 2/2025 tại Golden Westlake DT 113m2,Giá thỏa thuận,113 m²,N/A,2,2,"Thụy Khuê, Tây Hồ","21.0436263686343, 105.820920931889"
40752236,06/03/2025,Ra mắt căn duplex Noble Crystal Tây Hồ view sông hồng bàn giao full nội thất,18 tỷ,150 m²,120 tr/m²,4,4,"Phú Thượng, Tây Hồ","21.083890914916992, 105.80847930908203"
42166448,06/03/2025,Thông tin 3 căn hộ View hồ Tây bán tháng 3/2025 Chung cư Golden Westlake giá từ 88tr. LH 0888 486 ***,"9,94 tỷ",113 m²,88 tr/m²,2,2,"Thụy Khuê, Tây Hồ","21.0436172069521, 105.821460881276"
41646417,06/03/2025,"Cần bán gấp căn hộ Sun Grand City - 69B Thụy Khuê, 165m2, 3PN, LH: 0814 332 ***",Giá thỏa thuận,165 m²,N/A,3,3,"Thụy Khuê, Tây Hồ","21.0411720275879, 105.825096130371"
42342094,06/03/2025,"Cần bán gấp căn hộ S2A Sun Grand City - 69B Thụy Khuê, 120m2, 3PN, đủ đồ giá 16,5 tỷ LH: 0814 332 ***","16,5 tỷ",120 m²,"137,5 tr/m²",3,2,"Thụy Khuê, Tây Hồ","21.0411720275879, 105.825096130371"
38819334,06/03/2025,"Cần bán gấp căn hộ S2A Sun Grand City - 69B Thụy Khuê, 120m2, 3PN, đủ đồ LH: 0814 332 ***",Giá thỏa thuận,120 m²,N/A,3,2,"Thụy Khuê, Tây Hồ","21.0411720275879, 105.825096130371"
41908496,06/03/2025,"0936 461 *** tôi cần bán căn hộ 92.9m2, 2PN Heritage West Lake - Hồ Tây",Giá thỏa thuận,"92,9 m²",N/A,2,2,"Phú Thượng, Tây Hồ","21.0735381378149, 105.812694246864"
42355133,06/03/2025,Hiếm ! Cần bán căn 2PN2WC 88m2 tòa Ecolife Tây Hồ đồ cơ bản giá 6.xx tỷ,Giá thỏa thuận,88 m²,N/A,2,2,"Xuân La, Tây Hồ","21.059817573428152, 105.80468168301877"
42098105,06/03/2025,"Chính chủ cần bán duplex Sun Grand City - 69B Thụy Khuê, Tây Hồ, 170m2, full đồ. LH 0983 951 ***",23 tỷ,170 m²,"135,29 tr/m²",3,2,"Thụy Khuê, Tây Hồ","21.0417966243259, 105.825634858005"
40192128,06/03/2025,"Cần bán căn hộ 3PN chung cư Golden Westlake, DT 130m2 view thoáng. Giá chỉ 12 tỷ. LH 0906 244 ***",12 tỷ,130 m²,"92,31 tr/m²",3,2,"Thụy Khuê, Tây Hồ","21.043420791626, 105.821563720703"
36651920,06/03/2025,"Bán căn hộ 2PN, 95m2 tầng cao tại Sun Grand City - 69B Thụy Khê. Giá thoả thuận. LH: 0906 244 ***",Giá thỏa thuận,95 m²,N/A,2,2,"Thụy Khuê, Tây Hồ","21.041172, 105.825096"
42126268,06/03/2025,Bán căn hộ 1 PN 50m2 view Hồ Tây tại Sun Grand City - 69B Thụy Khuê. Giá chỉ 6 tỷ. LH: 0906 244 ***,6 tỷ,50 m²,120 tr/m²,1,1,"Thụy Khuê, Tây Hồ","21.0411720275879, 105.825096130371"
42237661,06/03/2025,Chính chủ gửi bán căn hộ cao cấp chung cư Starlake - KĐT Starlake - Tây Hồ Tây giá tốt từ 130tr/m2,Giá thỏa thuận,"113,2 m²",N/A,3,2,"Xuân La, Tây Hồ","21.0591993207719, 105.80440073563405"
41764349,06/03/2025,Bán căn Duplex 3 phòng ngủ tại Sun Grand City - 69B Thụy Khuê 170m2. Giá thoả thuận. LH 0906 244 ***,Giá thỏa thuận,170 m²,N/A,3,2,"Thụy Khuê, Tây Hồ","21.0411720275879, 105.825096130371"
41702475,06/03/2025,Danh sách chuyển nhượng căn hộ Ciputra 153m2 tòa L1 L2 cập nhật mới nhất T3/2025 - 0974 606 ***,"14,5 tỷ",153 m²,"94,77 tr/m²",3,2,"Phú Thượng, Tây Hồ","21.07213592529297, 105.81099700927734"
40060229,06/03/2025,"Bán căn hộ 154m2, 3 ngủ Ciputra L1 L2 view sân golf tầng cao - 0974 606 ***",Giá thỏa thuận,154 m²,N/A,3,2,"Phú Thượng, Tây Hồ","21.07213592529297, 105.81099700927734"
42331195,06/03/2025,Bán chỉ 16 tỷ căn 3 ngủ 123m2 tầng cao tại chung cư Sun Grand City - 69B Thụy Khê. Lh 0906 244 ***,16 tỷ,123 m²,"130,08 tr/m²",3,2,"Thụy Khuê, Tây Hồ","21.0411720275879, 105.825096130371"
42202999,06/03/2025,"Chính chủ - bán chung cư N5 An Dương Vương - Phú Thượng - Tây Hồ, full nội thất, sổ hồng vĩnh viễn",977 triệu,48 m²,"20,35 tr/m²",2,2,"Phú Thượng, Tây Hồ","21.0899641514715, 105.804132144853"
42342857,06/03/2025,"Cần chuyển nhà, bán gấp căn hộ CC Starlake Tây Hồ tầng trung ban công ĐN 101m2, 2PN giá 11,5 tỷ","11,5 tỷ",101 m²,"113,86 tr/m²",2,2,"Xuân La, Tây Hồ","21.059675216674805, 105.8040771484375"
40341766,06/03/2025,"Bán chung cư Sun Grand City, 69B Thụy Khuê, DT 150m2 3 ngủ, đủ đồ, view phố. LH 0945 894 ***",Giá thỏa thuận,150 m²,N/A,3,2,"Thụy Khuê, Tây Hồ","21.0411720275879, 105.825096130371"
39972099,06/03/2025,"Bán căn hộ cao cấp DT 120m2 3 ngủ, Sun Grand City 69B Thuỵ Khuê, giá bán 17 tỷ. LH 0945 894 ***",17 tỷ,120 m²,"141,67 tr/m²",3,2,"Thụy Khuê, Tây Hồ","21.0411720275879, 105.825096130371"
42354364,06/03/2025,"SIÊU PHẨM 2PN+ 95m2 view Hồ Tây, full nội thất Heritage West Lake, giá chỉ 13.9 tỷ. LH: 0979 220 ***","13,9 tỷ",95 m²,"146,32 tr/m²",2,2,"Phú Thượng, Tây Hồ","21.072831532663937, 105.81250227237072"
38524710,06/03/2025,"Quỹ căn hộ đẹp 3PN - View hồ tại KĐT Starlake giá tốt nhất tháng 11, DT 110m2 - 125m2",Giá thỏa thuận,110 m²,N/A,3,2,"Xuân La, Tây Hồ","21.059675447226358, 105.80390660401913"
40286330,06/03/2025,Bán nhanh căn hộ 2PN 101m2 chung cư starlake tây hồ giá 10 tỷ full đồ view đẹp liên hệ trực tiếp,10 tỷ,101 m²,"99,01 tr/m²",2,2,"Xuân La, Tây Hồ","21.059675216674805, 105.8040771484375"
41981054,06/03/2025,"""Phải thật nhanh"" bán căn 3PN căn G tầng cao view đẹp tại chung cư Starlake giá bán 13.8 tỷ bao phí","13,8 tỷ","113,2 m²","121,91 tr/m²",3,2,"Xuân La, Tây Hồ","21.059520681425237, 105.80471660005684"
42332328,06/03/2025,"Bán gấp CH cao cấp tại Sun Grand City - 69B Thụy Khuê, 120m2, 3PN, tầng cao giá tốt LH: 0975 864 ***",Giá thỏa thuận,120 m²,N/A,3,2,"Thụy Khuê, Tây Hồ","21.0410648978651, 105.826032856714"
42285295,06/03/2025,"Bán gấp CH Duplex 2 tầng tại Sun Grand City 69B Thụy Khuê, 170m2, 3PN, full nội thất LH: 0975 864 ***",Giá thỏa thuận,170 m²,N/A,3,3,"Thụy Khuê, Tây Hồ","21.0406869446956, 105.825424786108"
42330567,06/03/2025,"Bán gấp CH cao cấp Sun Grand City - 69B Thụy Khuê, 150m2, 3 PN, tầng cao, full nội thất 0975 864 ***",Giá thỏa thuận,150 m²,N/A,3,2,"Thụy Khuê, Tây Hồ","21.0411614756429, 105.825084680087"
42342770,06/03/2025,"Bán gấp CH cao cấp Sun Grand City - 69B Thụy Khuê, 120m2, 3PN, full đồ giá chỉ 16 tỷ LH: 0975 864 ***",16 tỷ,120 m²,"133,33 tr/m²",3,2,"Thụy Khuê, Tây Hồ","21.0411733198716, 105.825043922411"
38965572,06/03/2025,"Chính chủ cần bán căn hộ 4PN/148m2/9.9 tỷ, full nội thất, view Hồ Tây, cam kết giá tốt nhất","9,9 tỷ",148 m²,"66,89 tr/m²",4,2,"Phú Thượng, Tây Hồ","21.0801429748535, 105.813690185547"
42344754,06/03/2025,Quỹ căn chuyển nhượng mới nhất tại tòa Eldorado cạnh Hồ Tây giá từ 3.15 tỷ/căn. LH 0978 073 ***,"3,15 tỷ",32 m²,"98,44 tr/m²",N/A,N/A,"Phú Thượng, Tây Hồ","21.073502080918544, 105.79998244130915"
42354120,06/03/2025,"BÁN TOÀ CĂN HỘ 158M2, XÂY 8 TẦNG CÓ 19PN TẠI PHỐ TÔ NGỌC VÂN,TÂY HỒ, DÒNG TIỀN 200 TRIỆU/THÁNG",45 tỷ,158 m²,"284,81 tr/m²",19,N/A,"Quảng An, Tây Hồ","21.0687873273278, 105.824244328759"
41187644,06/03/2025,Chính chủ gửi bán căn hộ 2PN tầng cao view Hồ Tây. Sẵn sổ lâu dài. Full đồ. Có slot ô tô,Giá thỏa thuận,"76,6 m²",N/A,2,2,"Xuân La, Tây Hồ","21.0555438995361, 105.805130004883"
41760172,06/03/2025,Bán căn hộ 3PN 2VS chung cư Udic Westlake - Tầng cao view công viên 65ha Ciputra. Sẵn sổ lâu dài,"7,7 tỷ",116 m²,"66,38 tr/m²",3,2,"Phú Thượng, Tây Hồ","21.0801429748535, 105.813690185547"
40237336,06/03/2025,Bán nhanh CH 1+1 PN - 60m2 tòa M1 - chung cư 6th Element - Xuân La - Tây Hồ - HN - LH 0924 691 ***,6 tỷ,60 m²,100 tr/m²,1,1,"Xuân La, Tây Hồ","21.0596752166748, 105.804077148438"
39048757,06/03/2025,"Bán duplex 249-295m2 chung cư UDIC Westlake, thiết kế 5PN nhà nguyên bản giá rẻ 14.5 tỷ và 20 tỷ",Giá thỏa thuận,249 m²,N/A,5,3,"Phú Thượng, Tây Hồ","21.080142974853516, 105.81369018554688"
41926032,06/03/2025,Bán căn góc 3PN 168.2m2 tại Udic Westlake Tây Hồ. BC Đông Nam view Hồ Tây. Full đồ đẹp. Sẵn sổ,Giá thỏa thuận,"168,2 m²",N/A,3,2,"Phú Thượng, Tây Hồ","21.080000042774024, 105.81370244079908"
40209873,06/03/2025,Chỉ 6.5 tỷ - sở hữu ngay căn hộ 2 ngủ/82m2 view cầu Nhật Tân đẹp nhất Sunshine Riverside 0966 286 ***,6 tỷ,82 m²,"73,17 tr/m²",2,2,"Phú Thượng, Tây Hồ","21.078651428222656, 105.8026123046875"
41243160,06/03/2025,"Bán căn vip view hồ Tây, sân vườn rộng tại Sun Grand City - 69B Thụy Khuê 250m2, 3PN, nhỉnh 40 tỷ",Giá thỏa thuận,250 m²,N/A,3,4,"Thụy Khuê, Tây Hồ","21.0411720275879, 105.825096130371"
42353148,06/03/2025,"Bán CC Ciputra, 70,5 triệu / m2, 123 m2, 3PN, 2WC, đẹp, nhiều tiện ích","8,67 tỷ",123 m²,"70,5 tr/m²",3,2,"Phú Thượng, Tây Hồ","21.073213928627542, 105.8230844061733"
41709634,06/03/2025,Căn góc 168m2 Udic Westlake - View Hồ Tây Lotte. Full đồ. Sẵn sổ giao dịch,"12,5 tỷ",168 m²,"74,4 tr/m²",3,2,"Phú Thượng, Tây Hồ","21.080142974853516, 105.81369018554688"
42220636,06/03/2025,"Bán căn hộ cao cấp tại Sun Grand City 69B Thụy Khê, Duplex, 200m2, 3PN full nội thất LH: 0982 914 ***",22 tỷ,200 m²,110 tr/m²,3,2,"Thụy Khuê, Tây Hồ","21.0411720275879, 105.825096130371"
38819652,06/03/2025,"Bán căn hộ chung cư tại Sun Grand City - 69B Thụy Khuê, 150m2, 3 phòng ngủ, 2 WC. LH: 0982 914 ***",Giá thỏa thuận,150 m²,N/A,3,2,"Thụy Khuê, Tây Hồ","21.0411720275879, 105.825096130371"
40933186,06/03/2025,"Bán căn hộ chung cư cao cấp tại Sun Grand City, 53m2, 1PN full nội thất view Hồ Tây LH: 0982 914 ***",Giá thỏa thuận,53 m²,N/A,1,1,"Thụy Khuê, Tây Hồ","21.0411720275879, 105.825096130371"
40388350,06/03/2025,"Bán nhanh căn 3 ngủ, 5,350 tỷ view Ciputra, bao tất cả phí, full NT nhà mới vào ở luôn, quận Tây Hồ","5,35 tỷ",92 m²,"58,15 tr/m²",3,2,"Phú Thượng, Tây Hồ","21.088279724121094, 105.80040740966797"
38911813,06/03/2025,"Bán căn góc 3 ngủ, 5,6 tỷ bao phí, view sông Hồng và Ciputra, nhận nhà ở ngay. Full NT Q. Tây Hồ","5,6 tỷ","91,97 m²","60,89 tr/m²",3,2,"Phú Thượng, Tây Hồ","21.0882797241211, 105.800407409668"
42305334,06/03/2025,"Chính chủ bán penthouse duplex 235m2, 4PN 3VS, full đồ đẹp, chung cư Starlake Tây Hồ. Giá chỉ 34 tỷ",34 tỷ,235 m²,"144,68 tr/m²",4,3,"Xuân La, Tây Hồ","21.059742690605706, 105.80401897509898"
41342326,06/03/2025,"Bán căn góc HDI Tây Hồ (trục M07 rẻ đẹp nhất giá chỉ 11,5 tỷ), nhận nhà luôn, đã có sổ, view Hồ Tây","11,5 tỷ","107,2 m²","107,28 tr/m²",3,2,"Xuân La, Tây Hồ","21.0555438995361, 105.805130004883"
40255382,06/03/2025,"Chính chủ cần bán gấp căn góc 2PN/84.3m2/6,6 tỷ, hướng view cầu Nhật Tân - Hồ Tây, sẵn GD","6,6 tỷ","84,3 m²","78,29 tr/m²",2,2,"Phú Thượng, Tây Hồ","21.0801429748535, 105.813690185547"
42342404,06/03/2025,"Bán CHCC 6TH Element 83m2 2PN - Tầng trung, view thoáng, nội thất full tiện nghi - Giá hợp lý",Giá thỏa thuận,83 m²,N/A,2,2,"Xuân La, Tây Hồ","21.0595815501351, 105.804108834682"
42312095,06/03/2025,"BÁN CHCC 6th ELEMENT 82,6m2 - VỊ TRÍ ĐẸP VIEW KĐT STARLAKE, NỘI THẤT ĐẦY ĐỦ TIỆN NGHI",Giá thỏa thuận,"82,6 m²",N/A,2,2,"Xuân La, Tây Hồ","21.0603200902694, 105.804682313195"
42342146,05/03/2025,Đơn vị quản lý căn hộ Soho & Heritage West lake thông báo! Bán và bàn giao căn hộ tinh hoa Tây Hồ,"12,9 tỷ",94 m²,"137,23 tr/m²",3,3,·,"21.072877475386797, 105.81238049532904"
41478184,04/03/2025,Cập nhật quỹ căn chuyển nhượng Golden River - Ciputra giá tốt nhất tháng 02/2025,12 tỷ,141 m²,"85,11 tr/m²",3,2,·,"21.08423910980729, 105.81097029779126"
40768951,04/03/2025,"Bán căn hộ sân vườn Golden River Tây Hồ - Rẻ hơn giá gốc CĐT 123m2 đến 494m2 view sông Hồng, hồ Tây","11,32 tỷ","141,5 m²",80 tr/m²,3,2,·,"21.0786514282227, 105.802612304688"
41093048,22/02/2025,"PKD CĐT thông báo! Quỹ căn 2PN, 3PN, 4PN, Duplex - Heritage West Lake view Hồ Tây giá tốt. T02/2025",Giá thỏa thuận,145 m²,N/A,3,3,·,"21.0727491381058, 105.811500199392"
42343516,05/03/2025,"Duy nhất 1 căn có giá 4,3 tỷ - 60m2 - Tòa Soho & Heritage West Lake - 677 Lạc Long Quân","4,3 tỷ",60 m²,"71,67 tr/m²",1,1,"Phú Thượng, Tây Hồ","21.07255665632279, 105.81227652441106"
42166248,05/03/2025,"Quỹ căn chuyển nhượng tháng 2 chung cư D'. El Dorado Tây Hồ giá rẻ nhất dự án 2,8 tỷ LH: 0963 866 ***","2,8 tỷ",34 m²,"82,35 tr/m²",2,1,"Xuân La, Tây Hồ","21.073497686948, 105.799784951808"
39589826,05/03/2025,"Chính chủ bán căn 3 ngủ, 146m2, view đẹp nhất dự án D'Le Roi Soleil số 2 Đặng Thai Mai, Tây Hồ, HN","19,5 tỷ",146 m²,"133,56 tr/m²",3,2,"Quảng An, Tây Hồ","21.065832, 105.82651"
39502137,05/03/2025,"Hàng hiếm Del dorado II, một căn 2 phòng ngủ 55m2 full đồ, view thành phố giá 4,7 tỷ","4,7 tỷ",55 m²,"85,46 tr/m²",2,1,"Phú Thượng, Tây Hồ","21.0739040374756, 105.799980163574"
42287781,04/03/2025,"Cần bán căn 88m2, 2N, 2WC. Tầng cao, view thẳng Hồ Tây. Giá 12.5 tỷ, D.Le Roi Soleil 59 Xuân Diệu","12,5 tỷ",88 m²,"142,04 tr/m²",2,2,"Quảng An, Tây Hồ","21.065838155867663, 105.82632690539737"
42217812,03/03/2025,"Tổng hợp căn hộ bán tại tòa D'. Le Roi Soleil 59 Xuân Diệu, Tây Hồ giá tốt nhất - LH: 0989 734 ***","15,1 tỷ",136 m²,"111,03 tr/m²",3,2,"Quảng An, Tây Hồ","21.065995605688, 105.826767447829"
40069256,03/03/2025,Quỹ căn VIP giá tốt nhất tại SS Golden River Ciputra: Giá từ 12 tỷ/căn ban công sân vườn 33m2,"13,5 tỷ",160 m²,"84,38 tr/m²",3,N/A,"Phú Thượng, Tây Hồ","21.0786514282227, 105.802612304688"
40850181,03/03/2025,"Chính chủ bán căn hộ Soleil 146m2 hướng Đông Nam full nội thất mới tinh, gồm 3 ngủ","18,2 tỷ",146 m²,"124,66 tr/m²",3,2,"Quảng An, Tây Hồ","21.0658321380615, 105.826507568359"
42287503,03/03/2025,"Rao bán căn 111m2. 3N, 3WC, full đồ nội thất, giá 11.5 tỷ, D.Le Roi Soleil, 59 Xuân Diệu","11,5 tỷ",111 m²,"103,6 tr/m²",3,2,"Quảng An, Tây Hồ","21.06579966928339, 105.82629252671074"
42306423,01/03/2025,Tặng ngay 400tr khi mua căn dualkey chung cư Dle Roi Soleil 59 Xuân Diệu- Tây Hồ 127.5m2 sẵn sổ đỏ,"14,2 tỷ","127,5 m²","111,37 tr/m²",2,2,"Quảng An, Tây Hồ","21.0660908248712, 105.826509049952"
42304612,01/03/2025,"Căn góc duy nhất tại toà Dleroi - Soleil. 146m2, 3pn2wc đã setup đầy đủ nội thất, view trọn Hồ Tây","19,9 tỷ",146 m²,"136,3 tr/m²",3,2,"Quảng An, Tây Hồ","21.0656572088597, 105.82613626987"
29837407,28/02/2025,"Bán căn hộ chung cư Tây Hồ - D'El Dorado Tân Hoàng Minh Lạc Long Quân, view hồ Tây, nhà mới tinh!",Giá thỏa thuận,71 m²,N/A,2,2,"Xuân La, Tây Hồ","21.0739040374756, 105.799980163574"
42296090,28/02/2025,Chính chủ cần bán 2 căn đập thông sổ lâu dài view toàn cảnh Hồ Tây full nội thất đẹp,35 tỷ,174 m²,"201,15 tr/m²",3,3,"Phú Thượng, Tây Hồ","21.073648972536002, 105.79957172671503"
39748921,28/02/2025,"Căn hộ Ciputra bán mới nhất toà G2G3, E1, E4E5, P1P2, L1L2, The Link345. LH 0973 148 ***","7,4 tỷ",119 m²,"62,18 tr/m²",3,2,"Phú Thượng, Tây Hồ","21.072135925293, 105.810997009277"
40092399,06/03/2025,Tổng hợp đầy đủ các căn bán mới và chuẩn nhất chung cư Sunshine Riverside Tây Hồ. LH 0966 998 ***,7 tỷ,98 m²,"71,43 tr/m²",3,2,"Phú Thượng, Tây Hồ","21.0840444044086, 105.811894671477"
42298833,06/03/2025,(Cập nhập) Quỹ căn ngoại giao Sunshine Riverside giá tốt nhất tháng 3. Trực tiếp từ Chủ đầu tư,"6,6 tỷ","80,69 m²","81,8 tr/m²",2,2,"Phú Thượng, Tây Hồ","21.0843038337756, 105.811997379686"
42352255,06/03/2025,Rao bán căn 146m2 tầng trung duy nhất view Hồ Tây. Giá 18.2 tỷ. D. Le Roi Soleil 59 Xuân Diệu,"18,2 tỷ",146 m²,"124,66 tr/m²",3,2,"Quảng An, Tây Hồ","21.065779603609265, 105.82649120103986"
42156311,06/03/2025,"Cập nhật Quỹ Căn Chuyển Nhượng dự án Heritage Westlake Lạc Long Quân, Tây Hồ LH : 0985 038 ***",23 tỷ,145 m²,"158,62 tr/m²",3,2,"Phú Thượng, Tây Hồ","21.072017923843138, 105.81251723192737"
42351553,06/03/2025,Bán Gấp Căn Apartment mặt ngõ phố Vũ Miên Yên Phụ Tây Hồ view Hồ Tây,"48,5 tỷ","119,2 m²","406,88 tr/m²",12,13,"Yên Phụ, Tây Hồ","21.0536832512297, 105.835407152095"
40306354,06/03/2025,"Quỹ căn duplex mới nhất tại Penstudio Tây Hồ: 4.9 tỷ/căn nhỏ - 6 tỷ/căn to đủ đồ, có sổ lâu dài",6 tỷ,76 m²,"78,95 tr/m²",N/A,N/A,"Phú Thượng, Tây Hồ","21.0640926361084, 105.80973815918"
42349784,06/03/2025,"Cần bán nhanh căn hộ 111m2 3PN 3WC full nội thất, toà D'.Le Roi - Soleil 59 Xuân Diệu 12tỷ bao phí",12 tỷ,111 m²,"108,11 tr/m²",3,3,"Quảng An, Tây Hồ","21.0651599366883, 105.826297992022"
41717259,06/03/2025,"Siêu phẩm duy nhất, giá ưu đãi tại dự án Dorado 298 Võ Chí Công, Tây Hồ. 76m2, 2PN 7,5 tỷ view hồ","7,5 tỷ",76 m²,"98,68 tr/m²",2,2,"Xuân La, Tây Hồ","21.0707530975342, 105.8095703125"
42135728,05/03/2025,"Em Sơn cư dân 6th Element cập nhật quỹ căn bán 03/2025, giá đầu tư, view thoáng, xem 24/7 miễn phí","7,85 tỷ",83 m²,"94,58 tr/m²",2,2,"Xuân La, Tây Hồ","21.0595666163517, 105.804249614333"
42315920,05/03/2025,"Cần bán gấp căn hộ S2B Sun Grand City - 69B Thụy Khuê,S2 120m2, 3PN, nội thất mới LH: 0814 332 ***",Giá thỏa thuận,120 m²,N/A,3,2,"Thụy Khuê, Tây Hồ","21.041772068282718, 105.82473671422663"
42341837,05/03/2025,"Bán căn hộ chung cư Ciputra 9,5 tỷ, 150m2, 3PN, 2WC tại Khu đô thị Nam Thăng Long, Tây Hồ, Hà Nội","9,5 tỷ",150 m²,"63,33 tr/m²",3,2,"Phú Thượng, Tây Hồ","21.0734657818696, 105.824263175554"
42341469,05/03/2025,Em bán CC 6th Element 01-02-03PN - 60m2-83m2-82m2-87m2-109m2 view đẹp nhất dự án LH 0923 363 ***/Zalo,6 tỷ,60 m²,100 tr/m²,1,1,"Xuân La, Tây Hồ","21.059872617824407, 105.80411130163782"
42339872,05/03/2025,"Bán gấp CC 4PN, 3WC tại 6th Element, Xuân La, Tây Hồ, Hà Nội, 168m2, giá thỏa thuận",Giá thỏa thuận,168 m²,N/A,4,3,"Xuân La, Tây Hồ","21.059578110043827, 105.80318649895699"
42337560,05/03/2025,"Bán gấp CH cao cấp Tại Sun Grand City - 69B Thụy Khuê, 150m2, 3PN, full nội thất LH: 0975 864 ***",Giá thỏa thuận,150 m²,N/A,3,2,"Thụy Khuê, Tây Hồ","21.040639671265314, 105.82503570636284"
41493988,05/03/2025,"Tổng hợp quỹ căn mới nhất tại Starlake tháng 3/2025 căn góc 2 - 3 - 4PN đẹp, giá 12 tỷ/căn full đồ",12 tỷ,91 m²,"131,87 tr/m²",2,2,"Xuân La, Tây Hồ","21.06040283955189, 105.80404053190115"
42331958,05/03/2025,"Chính chủ bán căn hộ 123m2, tòa E1 Ciputra","8,2 tỷ",123 m²,"66,67 tr/m²",3,2,"Phú Thượng, Tây Hồ","21.073395736592, 105.823030411797"
42331058,05/03/2025,"Chính chủ bán căn 2PN Sunshine Riverside view sông Hồng, cầu Nhật Tân, full nội thất. Giá 5.2 tỷ","5,2 tỷ","60,74 m²","85,61 tr/m²",2,N/A,"Phú Thượng, Tây Hồ","21.083617350086985, 105.81245782032809"
42116639,05/03/2025,"Full bảng hàng CĐT & chuyển nhượng từ 3 - 4 PN, nhận nhà ngay tại D'. Le Roi Soleil, giá từ 12 tỷ","30,5 tỷ",234 m²,"130,34 tr/m²",4,4,"Quảng An, Tây Hồ","21.0658431391712, 105.826465102479"
42117177,05/03/2025,"Hàng hiếm duy nhất 1 căn 50m2, TK 1 ngủ full nội thất view công viên, giá 4,1 tỷ","4,1 tỷ",50 m²,82 tr/m²,1,1,"Xuân La, Tây Hồ","21.0708993878544, 105.80951979874"
39635193,04/03/2025,Chính chủ bán nhanh căn góc tầng cao 137m2,"18,5 tỷ",137 m²,135 tr/m²,3,2,"Quảng An, Tây Hồ","21.0658321380615, 105.826507568359"
42252260,04/03/2025,Gia đình đi nc ngoài cần bán căn 135m2 vừa có thể ở và đầu tư giá rẻ nhất khu vực,"15,5 tỷ",135 m²,"114,82 tr/m²",4,3,"Quảng An, Tây Hồ","21.065598142027124, 105.82678064343773"
42209539,04/03/2025,"Hàng hiếm 2PN 1wc Ban công đông View Cầu tại Sunshine Riverside, Tầng Trung 5.2 tỷ bao phí","5,1 tỷ",60 m²,85 tr/m²,2,2,"Phú Thượng, Tây Hồ","21.0847497365135, 105.811749104361"
41707037,04/03/2025,"Chính chủ bán căn 3PN HDI Tây Hồ 107m2 tầng cao view thoáng, full nội thất cao cấp. Sổ đỏ cất két","10,8 tỷ",107 m²,"100,94 tr/m²",3,2,"Xuân La, Tây Hồ","21.05535236752124, 105.80504260309442"
39742593,04/03/2025,"Quỹ căn tại PentStudio mới nhất, 58m2 - 76m - 91m - 93m - 152m - 181m2, để ở hay cho thuê đều tốt","6,1 tỷ",76 m²,"80,26 tr/m²",1,2,"Phú Thượng, Tây Hồ","21.0643706482601, 105.809206784638"
42326665,04/03/2025,"Bán căn hộ Vip 282m2 tại Tây Hồ, căn góc 3 mặt thoáng, view Hồ Tây, sông Hồng",Giá thỏa thuận,282 m²,N/A,N/A,N/A,"Phú Thượng, Tây Hồ","21.0792869551524, 105.814309341451"
42326641,04/03/2025,"Bán căn hộ Sunshine Riverside 79m2, 2N 2WC, view sông Hồng đẹp. LH: 0349 647 ***","6,2 tỷ",79 m²,"78,48 tr/m²",2,2,"Phú Thượng, Tây Hồ","21.08380508855187, 105.81236385628844"
40216773,04/03/2025,"Bán nhanh căn góc 180m2, 3PN. View trực diện hồ tại Sun Grand City, 69B Thụy Khuê. Lh 0975 034 ***",Giá thỏa thuận,180 m²,N/A,3,3,"Thụy Khuê, Tây Hồ","21.0411720275879, 105.825096130371"
42326070,04/03/2025,"Bán căn góc 3 ngủ - Sunshine Riverside - nhà đồ cơ bản - 90,7m2 - view sông Hồng - 2 mặt thoáng","6,98 tỷ","90,7 m²","76,96 tr/m²",3,2,"Phú Thượng, Tây Hồ","21.0841814765147, 105.811993091539"
41322549,04/03/2025,Quỹ chuyển nhượng giá tốt mới nhất T3/25 Heritage Westlake. View trọn Hồ Tây full nội thất cao cấp,"12,9 tỷ",93 m²,"138,71 tr/m²",3,2,"Phú Thượng, Tây Hồ","21.0728492736816, 105.812431335449"
42129068,04/03/2025,Tổng hợp quỹ căn chuyển nhượng Sunshine Riverside tháng2/2025 giá tốt nhất. LH 0985 525 ***,"6,5 tỷ",83 m²,"78,31 tr/m²",2,2,"Phú Thượng, Tây Hồ","21.0838475645895, 105.812021269934"
42118093,04/03/2025,Cập nhật quỹ căn chuyển nhượng giá tốt nhất Sunshine Golden River tháng 3. 0987 938 ***,"13,5 tỷ",160 m²,"84,38 tr/m²",3,2,"Phú Thượng, Tây Hồ","21.0834644650442, 105.812289566558"
42321272,03/03/2025,"Chính chủ cần bán căn góc 99m2 ban công Đông Nam. Thiết kế 3PN, 2VS + 2 ban công. Sẵn sổ","7,1 tỷ",99 m²,"71,72 tr/m²",3,2,"Phú Thượng, Tây Hồ","21.08332740932695, 105.8113193246204"
42309949,02/03/2025,Quỹ căn chuyển nhượng tại Sunshine Golden River - Ciputra - giá chỉ từ 85 triệu/ m2,"11,98 tỷ",141 m²,85 tr/m²,3,2,"Phú Thượng, Tây Hồ","21.083688624746966, 105.81160680898216"
42309754,02/03/2025,Em bán quỹ căn đầy đủ nhất 1PN - 2PN - 3PN tháng 3/2025 chung cư 6th Element,12 tỷ,109 m²,"110,09 tr/m²",3,2,"Xuân La, Tây Hồ","21.059326737594784, 105.80495985064483"
42304795,01/03/2025,"Hàng hiếm! Bán căn hộ 45m2 1PN1WC nhỏ xinh, view Hồ Tây tại toà D. EL Dorado cạnh 2con rồng. 4,75tỷ","4,75 tỷ",45 m²,"105,56 tr/m²",1,1,"Phú Thượng, Tây Hồ","21.073645923433233, 105.80023158444376"
42231297,01/03/2025,Bán căn góc 3 ngủ/99m2 - 2 ban công - 7.6 tỷ Sunshine Riverside Tây Hồ hoàn thiện đẹp. 0966 286 ***,"7,6 tỷ",99 m²,"76,77 tr/m²",3,2,"Phú Thượng, Tây Hồ","21.084713188153, 105.81139401732581"
42303072,01/03/2025,"Quỹ căn cần bán tại Udic Westlake Tây Hồ giá tốt - Sẵn sổ - View Hồ Tây, sông Hồng. Giá từ 59tr/m2",Giá thỏa thuận,148 m²,N/A,4,2,"Phú Thượng, Tây Hồ","21.080253316811888, 105.81460228371768"
35248557,28/02/2025,GIẢM GIÁ 500TR BÁN NHANH CĂN HỘ CHUNG CƯ G 113M 3PN 15.6TỶ STARLAKE LH 0339 937 ***,"14,2 tỷ",109 m²,"130,28 tr/m²",3,2,"Xuân La, Tây Hồ","21.059675216674805, 105.8040771484375"
41644047,28/02/2025,Chính chủ chuyển công tác cần bán hạ giá căn pent view full Hồ Tây,25 tỷ,150 m²,"166,67 tr/m²",2,2,"Phú Thượng, Tây Hồ","21.073904037475586, 105.79998016357422"
42291808,28/02/2025,Cập nhật quỹ căn bán chung cư D'.Le Roi Soleil 2 Đặng Thai Mai tháng 3/2025 hàng đẹp - giá tốt nhất,"15,5 tỷ",146 m²,"106,16 tr/m²",3,2,"Quảng An, Tây Hồ","21.0651780261377, 105.827197245818"
42290108,28/02/2025,"Cần bán căn hộ Ciputra giá tốt nhất tháng 03/2025, liên hệ Ms Thư 0989 589 ***","8,8 tỷ",148 m²,"59,46 tr/m²",3,2,"Phú Thượng, Tây Hồ","21.073782901021804, 105.82373463401969"
42284012,27/02/2025,Em Trang chuyên dự án 6th Element cập nhật quỹ căn hộ tháng 3/2025,"7,9 tỷ",83 m²,"95,18 tr/m²",2,2,"Xuân La, Tây Hồ","21.059638293407435, 105.80362727995397"
40473747,26/02/2025,"Căn hộ 4 ngủ vip nhất toà D'le Roi Soleil Xuân Diệu view mặt Hồ Tây, Sông Hồng 234m2, giá 30,5 tỷ","30,5 tỷ",234 m²,"130,34 tr/m²",4,4,"Quảng An, Tây Hồ","21.0658321380615, 105.826507568359"
42116992,26/02/2025,"Quỹ căn bán tại toà D'. El Dorado Tây Hồ. Căn 2PN 76m2, căn 1PN 45m2 và 1PN cộng 50m2. View Hồ Tây",8 tỷ,76 m²,"105,26 tr/m²",2,2,"Phú Thượng, Tây Hồ","21.073376570245863, 105.80012982398627"
40121103,25/02/2025,"Bán gấp căn hộ chung cư tại Sun Grand City - 69B Thụy Khuê, 155m2, 3PN, tầng cao, 0941 882 ***",Giá thỏa thuận,155 m²,N/A,3,2,"Thụy Khuê, Tây Hồ","21.0411720275879, 105.825096130371"
41968239,25/02/2025,"BÁN CĂN HỘ 6th ELEMENT 3PN, 109m2 - TẦNG CAO VIEW THÀNH PHỐ, NỘI THẤT CƠ BẢN CĐT. LH 0934 339 ***",Giá thỏa thuận,109 m²,N/A,3,2,"Xuân La, Tây Hồ","21.059457151960686, 105.80356422077594"
42194578,06/03/2025,"Căn góc tầng đẹp 88m2 full NT view công viên nước Hồ Tây cần bán, giá tốt","8,8 tỷ",88 m²,100 tr/m²,2,2,"Phú Thượng, Tây Hồ","21.074135300033042, 105.79977509933123"
42337613,06/03/2025,BÁN GẤP CĂN HỘ - 3PN -114M2 TẠI THE LINK CIPUTRA - GIÁ 9X TỶ ( BAO PHÍ SANG TÊN ),"9,8 tỷ",114 m²,"85,96 tr/m²",3,2,"Phú Thượng, Tây Hồ","21.073596111138354, 105.8234968478224"
39020265,06/03/2025,"Chính chủ bán căn 3PN Heritage West Lake, full nội thất, tầng đẹp view thoáng. Hàng hiếm, giá tốt",Giá thỏa thuận,150 m²,N/A,3,3,"Phú Thượng, Tây Hồ","21.07285, 105.81243"
41599293,06/03/2025,"Bán căn hộ 2PN view Hồ Tây, full nội thất, sổ hồng lâu dài - HDI Tây Hồ Residence","7,7 tỷ",73 m²,"105,48 tr/m²",2,2,"Xuân La, Tây Hồ","21.055544, 105.80513"
41332437,06/03/2025,"Sun Grand City 69 Thụy Khuê: Bán gấp căn, 173 m2, 4 phòng ngủ, view Hồ Tây. T3/2025",34 tỷ,173 m²,"196,53 tr/m²",4,3,"Thụy Khuê, Tây Hồ","21.04117202758789, 105.8250961303711"
42252982,06/03/2025,Hot 1 căn 2 phòng ngủ view trọn hồ Tây duy nhất bán lại tháng 2/2025 tại Golden Westlake DT 113m2,Giá thỏa thuận,113 m²,N/A,2,2,"Thụy Khuê, Tây Hồ","21.0436263686343, 105.820920931889"
40752236,06/03/2025,Ra mắt căn duplex Noble Crystal Tây Hồ view sông hồng bàn giao full nội thất,18 tỷ,150 m²,120 tr/m²,4,4,"Phú Thượng, Tây Hồ","21.083890914916992, 105.80847930908203"
42166448,06/03/2025,Thông tin 3 căn hộ View hồ Tây bán tháng 3/2025 Chung cư Golden Westlake giá từ 88tr. LH 0888 486 ***,"9,94 tỷ",113 m²,88 tr/m²,2,2,"Thụy Khuê, Tây Hồ","21.0436172069521, 105.821460881276"
41646417,06/03/2025,"Cần bán gấp căn hộ Sun Grand City - 69B Thụy Khuê, 165m2, 3PN, LH: 0814 332 ***",Giá thỏa thuận,165 m²,N/A,3,3,"Thụy Khuê, Tây Hồ","21.0411720275879, 105.825096130371"
42342094,06/03/2025,"Cần bán gấp căn hộ S2A Sun Grand City - 69B Thụy Khuê, 120m2, 3PN, đủ đồ giá 16,5 tỷ LH: 0814 332 ***","16,5 tỷ",120 m²,"137,5 tr/m²",3,2,"Thụy Khuê, Tây Hồ","21.0411720275879, 105.825096130371"
38819334,06/03/2025,"Cần bán gấp căn hộ S2A Sun Grand City - 69B Thụy Khuê, 120m2, 3PN, đủ đồ LH: 0814 332 ***",Giá thỏa thuận,120 m²,N/A,3,2,"Thụy Khuê, Tây Hồ","21.0411720275879, 105.825096130371"
41908496,06/03/2025,"0936 461 *** tôi cần bán căn hộ 92.9m2, 2PN Heritage West Lake - Hồ Tây",Giá thỏa thuận,"92,9 m²",N/A,2,2,"Phú Thượng, Tây Hồ","21.0735381378149, 105.812694246864"
42355133,06/03/2025,Hiếm ! Cần bán căn 2PN2WC 88m2 tòa Ecolife Tây Hồ đồ cơ bản giá 6.xx tỷ,Giá thỏa thuận,88 m²,N/A,2,2,"Xuân La, Tây Hồ","21.059817573428152, 105.80468168301877"
42098105,06/03/2025,"Chính chủ cần bán duplex Sun Grand City - 69B Thụy Khuê, Tây Hồ, 170m2, full đồ. LH 0983 951 ***",23 tỷ,170 m²,"135,29 tr/m²",3,2,"Thụy Khuê, Tây Hồ","21.0417966243259, 105.825634858005"
40192128,06/03/2025,"Cần bán căn hộ 3PN chung cư Golden Westlake, DT 130m2 view thoáng. Giá chỉ 12 tỷ. LH 0906 244 ***",12 tỷ,130 m²,"92,31 tr/m²",3,2,"Thụy Khuê, Tây Hồ","21.043420791626, 105.821563720703"
36651920,06/03/2025,"Bán căn hộ 2PN, 95m2 tầng cao tại Sun Grand City - 69B Thụy Khê. Giá thoả thuận. LH: 0906 244 ***",Giá thỏa thuận,95 m²,N/A,2,2,"Thụy Khuê, Tây Hồ","21.041172, 105.825096"
42126268,06/03/2025,Bán căn hộ 1 PN 50m2 view Hồ Tây tại Sun Grand City - 69B Thụy Khuê. Giá chỉ 6 tỷ. LH: 0906 244 ***,6 tỷ,50 m²,120 tr/m²,1,1,"Thụy Khuê, Tây Hồ","21.0411720275879, 105.825096130371"
42237661,06/03/2025,Chính chủ gửi bán căn hộ cao cấp chung cư Starlake - KĐT Starlake - Tây Hồ Tây giá tốt từ 130tr/m2,Giá thỏa thuận,"113,2 m²",N/A,3,2,"Xuân La, Tây Hồ","21.0591993207719, 105.80440073563405"
41764349,06/03/2025,Bán căn Duplex 3 phòng ngủ tại Sun Grand City - 69B Thụy Khuê 170m2. Giá thoả thuận. LH 0906 244 ***,Giá thỏa thuận,170 m²,N/A,3,2,"Thụy Khuê, Tây Hồ","21.0411720275879, 105.825096130371"
41702475,06/03/2025,Danh sách chuyển nhượng căn hộ Ciputra 153m2 tòa L1 L2 cập nhật mới nhất T3/2025 - 0974 606 ***,"14,5 tỷ",153 m²,"94,77 tr/m²",3,2,"Phú Thượng, Tây Hồ","21.07213592529297, 105.81099700927734"
40060229,06/03/2025,"Bán căn hộ 154m2, 3 ngủ Ciputra L1 L2 view sân golf tầng cao - 0974 606 ***",Giá thỏa thuận,154 m²,N/A,3,2,"Phú Thượng, Tây Hồ","21.07213592529297, 105.81099700927734"
42331195,06/03/2025,Bán chỉ 16 tỷ căn 3 ngủ 123m2 tầng cao tại chung cư Sun Grand City - 69B Thụy Khê. Lh 0906 244 ***,16 tỷ,123 m²,"130,08 tr/m²",3,2,"Thụy Khuê, Tây Hồ","21.0411720275879, 105.825096130371"
42202999,06/03/2025,"Chính chủ - bán chung cư N5 An Dương Vương - Phú Thượng - Tây Hồ, full nội thất, sổ hồng vĩnh viễn",977 triệu,48 m²,"20,35 tr/m²",2,2,"Phú Thượng, Tây Hồ","21.0899641514715, 105.804132144853"
42342857,06/03/2025,"Cần chuyển nhà, bán gấp căn hộ CC Starlake Tây Hồ tầng trung ban công ĐN 101m2, 2PN giá 11,5 tỷ","11,5 tỷ",101 m²,"113,86 tr/m²",2,2,"Xuân La, Tây Hồ","21.059675216674805, 105.8040771484375"
40341766,06/03/2025,"Bán chung cư Sun Grand City, 69B Thụy Khuê, DT 150m2 3 ngủ, đủ đồ, view phố. LH 0945 894 ***",Giá thỏa thuận,150 m²,N/A,3,2,"Thụy Khuê, Tây Hồ","21.0411720275879, 105.825096130371"
39972099,06/03/2025,"Bán căn hộ cao cấp DT 120m2 3 ngủ, Sun Grand City 69B Thuỵ Khuê, giá bán 17 tỷ. LH 0945 894 ***",17 tỷ,120 m²,"141,67 tr/m²",3,2,"Thụy Khuê, Tây Hồ","21.0411720275879, 105.825096130371"
42354364,06/03/2025,"SIÊU PHẨM 2PN+ 95m2 view Hồ Tây, full nội thất Heritage West Lake, giá chỉ 13.9 tỷ. LH: 0979 220 ***","13,9 tỷ",95 m²,"146,32 tr/m²",2,2,"Phú Thượng, Tây Hồ","21.072831532663937, 105.81250227237072"
38524710,06/03/2025,"Quỹ căn hộ đẹp 3PN - View hồ tại KĐT Starlake giá tốt nhất tháng 11, DT 110m2 - 125m2",Giá thỏa thuận,110 m²,N/A,3,2,"Xuân La, Tây Hồ","21.059675447226358, 105.80390660401913"
40286330,06/03/2025,Bán nhanh căn hộ 2PN 101m2 chung cư starlake tây hồ giá 10 tỷ full đồ view đẹp liên hệ trực tiếp,10 tỷ,101 m²,"99,01 tr/m²",2,2,"Xuân La, Tây Hồ","21.059675216674805, 105.8040771484375"
41981054,06/03/2025,"""Phải thật nhanh"" bán căn 3PN căn G tầng cao view đẹp tại chung cư Starlake giá bán 13.8 tỷ bao phí","13,8 tỷ","113,2 m²","121,91 tr/m²",3,2,"Xuân La, Tây Hồ","21.059520681425237, 105.80471660005684"
42332328,06/03/2025,"Bán gấp CH cao cấp tại Sun Grand City - 69B Thụy Khuê, 120m2, 3PN, tầng cao giá tốt LH: 0975 864 ***",Giá thỏa thuận,120 m²,N/A,3,2,"Thụy Khuê, Tây Hồ","21.0410648978651, 105.826032856714"
42285295,06/03/2025,"Bán gấp CH Duplex 2 tầng tại Sun Grand City 69B Thụy Khuê, 170m2, 3PN, full nội thất LH: 0975 864 ***",Giá thỏa thuận,170 m²,N/A,3,3,"Thụy Khuê, Tây Hồ","21.0406869446956, 105.825424786108"
42330567,06/03/2025,"Bán gấp CH cao cấp Sun Grand City - 69B Thụy Khuê, 150m2, 3 PN, tầng cao, full nội thất 0975 864 ***",Giá thỏa thuận,150 m²,N/A,3,2,"Thụy Khuê, Tây Hồ","21.0411614756429, 105.825084680087"
42342770,06/03/2025,"Bán gấp CH cao cấp Sun Grand City - 69B Thụy Khuê, 120m2, 3PN, full đồ giá chỉ 16 tỷ LH: 0975 864 ***",16 tỷ,120 m²,"133,33 tr/m²",3,2,"Thụy Khuê, Tây Hồ","21.0411733198716, 105.825043922411"
38965572,06/03/2025,"Chính chủ cần bán căn hộ 4PN/148m2/9.9 tỷ, full nội thất, view Hồ Tây, cam kết giá tốt nhất","9,9 tỷ",148 m²,"66,89 tr/m²",4,2,"Phú Thượng, Tây Hồ","21.0801429748535, 105.813690185547"
42344754,06/03/2025,Quỹ căn chuyển nhượng mới nhất tại tòa Eldorado cạnh Hồ Tây giá từ 3.15 tỷ/căn. LH 0978 073 ***,"3,15 tỷ",32 m²,"98,44 tr/m²",N/A,N/A,"Phú Thượng, Tây Hồ","21.073502080918544, 105.79998244130915"
42354120,06/03/2025,"BÁN TOÀ CĂN HỘ 158M2, XÂY 8 TẦNG CÓ 19PN TẠI PHỐ TÔ NGỌC VÂN,TÂY HỒ, DÒNG TIỀN 200 TRIỆU/THÁNG",45 tỷ,158 m²,"284,81 tr/m²",19,N/A,"Quảng An, Tây Hồ","21.0687873273278, 105.824244328759"
41187644,06/03/2025,Chính chủ gửi bán căn hộ 2PN tầng cao view Hồ Tây. Sẵn sổ lâu dài. Full đồ. Có slot ô tô,Giá thỏa thuận,"76,6 m²",N/A,2,2,"Xuân La, Tây Hồ","21.0555438995361, 105.805130004883"
41760172,06/03/2025,Bán căn hộ 3PN 2VS chung cư Udic Westlake - Tầng cao view công viên 65ha Ciputra. Sẵn sổ lâu dài,"7,7 tỷ",116 m²,"66,38 tr/m²",3,2,"Phú Thượng, Tây Hồ","21.0801429748535, 105.813690185547"
40237336,06/03/2025,Bán nhanh CH 1+1 PN - 60m2 tòa M1 - chung cư 6th Element - Xuân La - Tây Hồ - HN - LH 0924 691 ***,6 tỷ,60 m²,100 tr/m²,1,1,"Xuân La, Tây Hồ","21.0596752166748, 105.804077148438"
39048757,06/03/2025,"Bán duplex 249-295m2 chung cư UDIC Westlake, thiết kế 5PN nhà nguyên bản giá rẻ 14.5 tỷ và 20 tỷ",Giá thỏa thuận,249 m²,N/A,5,3,"Phú Thượng, Tây Hồ","21.080142974853516, 105.81369018554688"
41926032,06/03/2025,Bán căn góc 3PN 168.2m2 tại Udic Westlake Tây Hồ. BC Đông Nam view Hồ Tây. Full đồ đẹp. Sẵn sổ,Giá thỏa thuận,"168,2 m²",N/A,3,2,"Phú Thượng, Tây Hồ","21.080000042774024, 105.81370244079908"
40209873,06/03/2025,Chỉ 6.5 tỷ - sở hữu ngay căn hộ 2 ngủ/82m2 view cầu Nhật Tân đẹp nhất Sunshine Riverside 0966 286 ***,6 tỷ,82 m²,"73,17 tr/m²",2,2,"Phú Thượng, Tây Hồ","21.078651428222656, 105.8026123046875"
41243160,06/03/2025,"Bán căn vip view hồ Tây, sân vườn rộng tại Sun Grand City - 69B Thụy Khuê 250m2, 3PN, nhỉnh 40 tỷ",Giá thỏa thuận,250 m²,N/A,3,4,"Thụy Khuê, Tây Hồ","21.0411720275879, 105.825096130371"
42353148,06/03/2025,"Bán CC Ciputra, 70,5 triệu / m2, 123 m2, 3PN, 2WC, đẹp, nhiều tiện ích","8,67 tỷ",123 m²,"70,5 tr/m²",3,2,"Phú Thượng, Tây Hồ","21.073213928627542, 105.8230844061733"
41709634,06/03/2025,Căn góc 168m2 Udic Westlake - View Hồ Tây Lotte. Full đồ. Sẵn sổ giao dịch,"12,5 tỷ",168 m²,"74,4 tr/m²",3,2,"Phú Thượng, Tây Hồ","21.080142974853516, 105.81369018554688"
42220636,06/03/2025,"Bán căn hộ cao cấp tại Sun Grand City 69B Thụy Khê, Duplex, 200m2, 3PN full nội thất LH: 0982 914 ***",22 tỷ,200 m²,110 tr/m²,3,2,"Thụy Khuê, Tây Hồ","21.0411720275879, 105.825096130371"
38819652,06/03/2025,"Bán căn hộ chung cư tại Sun Grand City - 69B Thụy Khuê, 150m2, 3 phòng ngủ, 2 WC. LH: 0982 914 ***",Giá thỏa thuận,150 m²,N/A,3,2,"Thụy Khuê, Tây Hồ","21.0411720275879, 105.825096130371"
40933186,06/03/2025,"Bán căn hộ chung cư cao cấp tại Sun Grand City, 53m2, 1PN full nội thất view Hồ Tây LH: 0982 914 ***",Giá thỏa thuận,53 m²,N/A,1,1,"Thụy Khuê, Tây Hồ","21.0411720275879, 105.825096130371"
40388350,06/03/2025,"Bán nhanh căn 3 ngủ, 5,350 tỷ view Ciputra, bao tất cả phí, full NT nhà mới vào ở luôn, quận Tây Hồ","5,35 tỷ",92 m²,"58,15 tr/m²",3,2,"Phú Thượng, Tây Hồ","21.088279724121094, 105.80040740966797"
38911813,06/03/2025,"Bán căn góc 3 ngủ, 5,6 tỷ bao phí, view sông Hồng và Ciputra, nhận nhà ở ngay. Full NT Q. Tây Hồ","5,6 tỷ","91,97 m²","60,89 tr/m²",3,2,"Phú Thượng, Tây Hồ","21.0882797241211, 105.800407409668"
42305334,06/03/2025,"Chính chủ bán penthouse duplex 235m2, 4PN 3VS, full đồ đẹp, chung cư Starlake Tây Hồ. Giá chỉ 34 tỷ",34 tỷ,235 m²,"144,68 tr/m²",4,3,"Xuân La, Tây Hồ","21.059742690605706, 105.80401897509898"
41342326,06/03/2025,"Bán căn góc HDI Tây Hồ (trục M07 rẻ đẹp nhất giá chỉ 11,5 tỷ), nhận nhà luôn, đã có sổ, view Hồ Tây","11,5 tỷ","107,2 m²","107,28 tr/m²",3,2,"Xuân La, Tây Hồ","21.0555438995361, 105.805130004883"
40255382,06/03/2025,"Chính chủ cần bán gấp căn góc 2PN/84.3m2/6,6 tỷ, hướng view cầu Nhật Tân - Hồ Tây, sẵn GD","6,6 tỷ","84,3 m²","78,29 tr/m²",2,2,"Phú Thượng, Tây Hồ","21.0801429748535, 105.813690185547"
42342404,06/03/2025,"Bán CHCC 6TH Element 83m2 2PN - Tầng trung, view thoáng, nội thất full tiện nghi - Giá hợp lý",Giá thỏa thuận,83 m²,N/A,2,2,"Xuân La, Tây Hồ","21.0595815501351, 105.804108834682"
42312095,06/03/2025,"BÁN CHCC 6th ELEMENT 82,6m2 - VỊ TRÍ ĐẸP VIEW KĐT STARLAKE, NỘI THẤT ĐẦY ĐỦ TIỆN NGHI",Giá thỏa thuận,"82,6 m²",N/A,2,2,"Xuân La, Tây Hồ","21.0603200902694, 105.804682313195"
42283200,06/03/2025,"Bán CHCC 6th Element 83m2, tầng cao, yên tĩnh - nội thất cơ bản, giá hợp lý - LH 0934 339 ***",Giá thỏa thuận,83 m²,N/A,2,2,"Xuân La, Tây Hồ","21.059537051277154, 105.80417425414103"
40373896,06/03/2025,Update: Quỹ căn hộ 6th Element 2 phòng ngủ - vị trí đẹp - giá hợp lý - LH 0934 339 ***,Giá thỏa thuận,"82,6 m²",N/A,2,2,"Xuân La, Tây Hồ","21.059675216674805, 105.8040771484375"
40818754,06/03/2025,"Bán CHCC 6th Element 2PN - 82.6m2, tầng cao view đẹp, nội thất cơ bản CĐT - LH 0934 339 ***",Giá thỏa thuận,"82,6 m²",N/A,2,2,"Xuân La, Tây Hồ","21.059311394011704, 105.80438604863508"
42249720,06/03/2025,Chuyển hướng đầu tư cần nhượng lại căn Soho 1PN 58m2. Tầng cao view rất thoáng. Giá chỉ nhỉnh 4 tỷ.,"4,2 tỷ",58 m²,"72,41 tr/m²",1,1,"Phú Thượng, Tây Hồ","21.073166135165732, 105.81300871750075"
41996244,06/03/2025,"BÁN CHCC 6th ELEMENT 2PN - TẦNG CAO, VIEW KĐT STARLAKE, NỘI THẤT ĐẦY ĐỦ TIỆN NGHI - LH 0934 339 ***.",Giá thỏa thuận,"82,6 m²",N/A,2,2,"Xuân La, Tây Hồ","21.060442736796752, 105.80380387227883"
42330900,06/03/2025,"Chính chủ bán căn 2PN Sunshine Riverside view sông Hồng, cầu Nhật Tân, Full nội thất. Giá 5.2 tỷ","5,2 tỷ",60 m²,"86,67 tr/m²",2,N/A,"Phú Thượng, Tây Hồ","21.08410124743926, 105.81227098965442"
40176019,06/03/2025,"Chính chủ cần bán căn hộ 2PN 94m2 tại Heritage West Lake, tầng đẹp, view thoáng. Giá chỉ 1x tỷ",Giá thỏa thuận,94 m²,N/A,2,2,"Phú Thượng, Tây Hồ","21.07284927368164, 105.81243133544922"
42207844,06/03/2025,"Bán gấp CH duplex 2 tầng tại Sun Grand City 69B Thụy Khuê, 170m2, 2PN full nội thất vào ở được luôn",Giá thỏa thuận,170 m²,N/A,2,2,"Thụy Khuê, Tây Hồ","21.0409140517037, 105.825483124373"
41433350,06/03/2025,"Bán gấp căn hộ đập thông tại Sun Grand City - 69B Thụy Khuê, căn hộ 170m2, 240m2 4 phòng ngủ",Giá thỏa thuận,170 m²,N/A,4,3,"Thụy Khuê, Tây Hồ","21.0411720275879, 105.825096130371"
42330465,06/03/2025,"Bán gấp CH cao cấp tại Sun Grand City-69B Thụy Khuê, 123m2, 3PN, giá chỉ 15Tỷ liên hệ: 0975 864 ***",15 tỷ,123 m²,"121,95 tr/m²",3,2,"Thụy Khuê, Tây Hồ","21.0406045342939, 105.824713057662"
42329486,06/03/2025,"Bán gấp CH cao cấp Tại Sun Grand City - 69B Thụy Khuê, 150m2, 3PN, view thành phố LH: 0975 864 ***",Giá thỏa thuận,150 m²,N/A,3,2,"Thụy Khuê, Tây Hồ","21.0409230031454, 105.82541798609"
41795789,06/03/2025,Bán căn hộ 3 phòng ngủ 113m2 mẫu căn G tòa 903 Starlake Tây Hồ giá hơn 15 tỷ. LH 0905 618 ***,15 tỷ,113 m²,"132,74 tr/m²",3,N/A,"Xuân La, Tây Hồ","21.059546457160138, 105.80418916550531"
40425501,06/03/2025,Cần bán gấp căn hộ 128m2 - 3PN chung cư Golden Westlake. LH 0942 033 ***,"13,5 tỷ",128 m²,"105,47 tr/m²",3,2,"Thụy Khuê, Tây Hồ","21.043420791626, 105.821563720703"
41701867,06/03/2025,Bán căn Udic Westlake 168m2 view Hồ Tây đẹp. LH: 0385 248 ***,Giá thỏa thuận,168 m²,N/A,3,3,"Phú Thượng, Tây Hồ","21.080142974853516, 105.81369018554688"
41480403,06/03/2025,Chính chủ bán căn 4PN - 148m2 Udic Westlake. Nhà mới tinh. LH 0385 248 ***,Giá thỏa thuận,148 m²,N/A,4,2,"Phú Thượng, Tây Hồ","21.080142974853516, 105.81369018554688"
41455237,06/03/2025,Bán nhanh căn hộ 2PN 128m2 tại dự án Golden Westlake 151 Thụy Khuê view trọn Hồ Tây giá nhỉnh 13tỷ,13 tỷ,128 m²,"101,56 tr/m²",3,2,"Thụy Khuê, Tây Hồ","21.0427112519831, 105.824157559031"
34912085,06/03/2025,"Em cần bán nhanh căn 2 và 3 PN , DT 100-113M2 KĐT Starlake - Tây Hồ Tây. LH: 0974 104 ***",Giá thỏa thuận,113 m²,N/A,3,2,"Xuân La, Tây Hồ","21.0596752166748, 105.804077148438"
41434224,06/03/2025,"Heritage Westlake - Tây Hồ. Em cần bán nhanh căn Studio - 45m2 giá 3,5 tỷ. LH: 0974 104 ***","3,5 tỷ",45 m²,"77,78 tr/m²",1,1,"Phú Thượng, Tây Hồ","21.0728492736816, 105.812431335449"
41424202,06/03/2025,"Chính chủ cần bán gấp căn 2PN - 67m2 - Giá 5,3 tỷ Sunshine Riverside - LH: 0974 104 ***","5,3 tỷ",67 m²,"79,1 tr/m²",2,1,"Phú Thượng, Tây Hồ","21.078651428222656, 105.8026123046875"
41209086,06/03/2025,"Em cần bán nhanh căn hộ 76m2, 1PN tại PentStudio Tây Hồ, full đồ - giá nhỉnh 6 tỷ. LH: 0974 104 ***",Giá thỏa thuận,76 m²,N/A,1,2,"Phú Thượng, Tây Hồ","21.077028164077, 105.814452964834"
42351898,06/03/2025,"Bán duplex 901A Starlake, 230m2 tại KĐT Tây Hồ Tây - Tây Hồ, Hà Nội- đầy đủ nội thất- bán 39.9 tỉ","39,9 tỷ",230 m²,"173,48 tr/m²",4,4,"Xuân La, Tây Hồ","21.060233594817646, 105.80397928190781"
38471544,06/03/2025,"Cần tiền bán gấp căn hộ Sun Grand City - 69B Thụy Khuê, 55m2, 1PN, tầng cao, view hồ 0941 882 ***",Giá thỏa thuận,55 m²,N/A,1,1,"Thụy Khuê, Tây Hồ","21.0411720275879, 105.825096130371"
41232214,06/03/2025,"Chị gái mình cần bán căn 2PN - 87m, view hồ tây - tòa E1 Edorado Tân Hoàng Minh Tây Hồ","12,4 tỷ",87 m²,"142,53 tr/m²",2,2,"Phú Thượng, Tây Hồ","21.0739040374756, 105.799980163574"
40751600,06/03/2025,(Cập nhập) Quỹ căn 2 ngủ chủ nhà đang cần bán. Hỗ trợ chuyển nhượng trực tiếp CĐT: 0921 900 ***,"4,65 tỷ",73 m²,"63,7 tr/m²",2,2,"Phú Thượng, Tây Hồ","21.0882797241211, 105.800407409668"
41459574,06/03/2025,Bán căn góc 148m2 thiết kế 4PN chung cư Udic Westlake - Tầng cao view thoáng - Nhà mới - Giá tốt,Giá thỏa thuận,148 m²,N/A,4,N/A,"Phú Thượng, Tây Hồ","21.080142974853516, 105.81369018554688"
41202980,06/03/2025,"Cực hiếm! Bán nhanh 02 căn: 1901, 1907 Sun Grand City - 69B Thụy Khuê, 220m2 view Panorama trọn hồ",Giá thỏa thuận,220 m²,N/A,5,4,"Thụy Khuê, Tây Hồ","21.0411720275879, 105.825096130371"
42001776,06/03/2025,Sunshine Riverside-bán căn 2PN VS DT 83m2 view Sông Hồng Cầu Nhật Tân - full đồ - giá tốt,"6,45 tỷ",83 m²,"77,71 tr/m²",2,2,"Phú Thượng, Tây Hồ","21.084645849145716, 105.81174518259654"
41966434,06/03/2025,"Bán gấp căn góc 3PN Sunshine Riverside - DT 96,5m2 ban công Đông Nam mát mẻ - Giá chỉ 7 tỷ",Giá thỏa thuận,"99,5 m²",N/A,3,2,"Phú Thượng, Tây Hồ","21.083960462390014, 105.8114698355257"
41925076,06/03/2025,Bán căn góc 3 phòng ngủ dt 168m2 ban công đông nam view Hồ Tây Lotte Võ Chí Công. Full đồ,Giá thỏa thuận,168 m²,N/A,3,2,"Phú Thượng, Tây Hồ","21.08024289337177, 105.81393790865913"
42340239,06/03/2025,Chính chủ bán căn góc B2207: 228m2 chung cư 59 Xuân Diệu. Hotline BQLDA: 0352 472 *** (Miễn tiếp MG),"32,5 tỷ",228 m²,"142,54 tr/m²",4,5,"Quảng An, Tây Hồ","21.0656701073395, 105.826956630272"
42285469,06/03/2025,"Bán gấp CH cao cấp tại Sun Grand City - 69B Thụy Khuê, 160m2, 3PN, view Hồ Tây Liên Hệ: 0975 864 ***",Giá thỏa thuận,160 m²,N/A,3,3,"Thụy Khuê, Tây Hồ","21.040806158871735, 105.82506121636706"
42329425,06/03/2025,"Bán gấp CH cao cấp Sun Grand City - 69B Thụy Khuê, 120m2, 3PN, Tầng cao giá chỉ 17 Tỷ LH:0975 864 ***",17 tỷ,120 m²,"141,67 tr/m²",3,2,"Thụy Khuê, Tây Hồ","21.0411271479283, 105.824781011561"
41471254,06/03/2025,Chính chủ cần bán căn góc 148m2 tầng cao view thoáng. Nội thất nguyên bản CĐT. Giá 9.9 Tỷ,Giá thỏa thuận,148 m²,N/A,4,2,"Phú Thượng, Tây Hồ","21.0801429748535, 105.813690185547"
42001212,06/03/2025,"Bán căn hộ 2PN 2VS 83m2 tầng trung view sông Hồng, cầu Nhật Tân. Sẵn sổ giá 6.x tỷ. LH 0966 836 ***",Giá thỏa thuận,83 m²,N/A,2,2,"Phú Thượng, Tây Hồ","21.0845036705047, 105.81191748481"
41533081,06/03/2025,"Bán căn hộ duplex Udic Westlake Tây Hồ. Nội thất cơ bản. Sẵn sổ, có slot ô tô. Giá 58tr/m2",Giá thỏa thuận,250 m²,N/A,4,3,"Phú Thượng, Tây Hồ","21.080433306252054, 105.81401227484344"
42349002,06/03/2025,"Mở bán căn hộ cao cấp Westlake Residential Q2 - 2025, trung tâm Q. Tây Hồ, view Hồ Tây, giá cực tốt","6,36 tỷ",53 m²,120 tr/m²,1,1,"Phú Thượng, Tây Hồ","21.08381052286837, 105.80854512547043"
36661993,06/03/2025,"Bán nhanh căn góc đẹp nhất tòa Sun Grand City, DT 150m2, 3PN, view trọn hồ tây. LH 0975 034 ***",Giá thỏa thuận,180 m²,N/A,4,2,"Thụy Khuê, Tây Hồ","21.0411720275879, 105.825096130371"
42341343,06/03/2025,"Bán căn hộ tầng cao tòa E1 CIputra, Hà Nội, dt 123m 03pn giá bán 7.7 tỷ. LH e Hường 0936 670 ***","7,7 tỷ",123 m²,"62,6 tr/m²",3,2,"Phú Thượng, Tây Hồ","21.0736787044863, 105.823802857847"
41760967,06/03/2025,Chính chủ bán căn 2PN 6th Element. LH: 0355 161 ***,"7,9 tỷ",87 m²,"90,8 tr/m²",2,2,"Xuân La, Tây Hồ","21.059205377710526, 105.80430431960401"
41285712,06/03/2025,"Bán căn 2PN 83m2 view sông Hồng, cầu Nhật Tân, BC hướng Đông/ Giá bán: 6.5 tỷ/ LH: 0986 558 ***","6,5 tỷ",83 m²,"78,31 tr/m²",2,2,"Phú Thượng, Tây Hồ","21.078651428222656, 105.8026123046875"
41741558,06/03/2025,Udic Westlake bán căn 4PN 148m2/view CV 25ha Ciputra/ Nhà mới nguyên bản CĐT/ Giá: 9.9 tỷ Bao phí,"9,9 tỷ",148 m²,"66,89 tr/m²",4,2,"Phú Thượng, Tây Hồ","21.080142974853516, 105.81369018554688"
38637179,06/03/2025,Bán lỗ - chung cư C1 Âu Cơ - An Dương Vương - Hồ Tây - nhận nhà về ở ngay,984 triệu,48 m²,"20,5 tr/m²",2,1,"Phú Thượng, Tây Hồ","21.0761274, 105.8219043"
42223192,06/03/2025,Quỹ ngoại giao chuyển nhượng mới nhất tại Riverside Tây Hồ: Nhỉnh 5 tỷ/căn 2 ngủ - 7 tỷ/căn 3 ngủ,"7,04 tỷ",99 m²,"71,11 tr/m²",3,2,"Phú Thượng, Tây Hồ","21.0832976405807, 105.811832526949"
38428249,06/03/2025,"Bán căn góc 4 ngủ Heritage West Lake 187m2 - view đẹp tầng cao - full đồ - sổ lâu dài - 36,2 tỷ","36,2 tỷ",187 m²,"193,58 tr/m²",4,3,"Phú Thượng, Tây Hồ","21.0728492736816, 105.812431335449"
41246282,06/03/2025,"Bán căn 4 ngủ view hồ 182m2 Heritage - Đông Nam - đồ cơ bản - tầng trung - 34,6 tỷ bao phí","34,6 tỷ",182 m²,"190,11 tr/m²",4,3,"Phú Thượng, Tây Hồ","21.072849273681641, 105.81243133544922"
39092483,06/03/2025,"Bán căn 88m2 tầng trung view sông - full đồ - 2 ngủ - Sổ lâu dài - 11,7 tỷ - Nhà mới tinh","11,7 tỷ",88 m²,"132,96 tr/m²",2,2,"Quảng An, Tây Hồ","21.0658321380615, 105.826507568359"
35323636,06/03/2025,"Bán căn 137 view hồ tầng cao - Số đẹp - 19,6 tỷ - D. Le Roi Soleil - LH 0936 046 ***","19,6 tỷ",137 m²,"143,07 tr/m²",3,2,"Quảng An, Tây Hồ","21.0658321380615, 105.826507568359"
40036822,06/03/2025,Bán căn hộ 2PN-2WC tại chung cư Starlake diện tích 101m2 Full nội thất,Giá thỏa thuận,110 m²,N/A,2,2,"Xuân La, Tây Hồ","21.0596752166748, 105.804077148438"
38241064,06/03/2025,"Bán căn Heritage 94m2 tầng trung- Sổ lâu dài - Full đồ - 14,5 tỷ bao phí","14,5 tỷ",94 m²,"154,26 tr/m²",2,2,"Phú Thượng, Tây Hồ","21.07284927368164, 105.81243133544922"
42198564,06/03/2025,Chính chủ bán căn chung cư 93m2 căn góc sáng trưng 3PN đối diện Lotte West Lake,"6,3 tỷ","93,3 m²","67,52 tr/m²",3,2,"Phú Thượng, Tây Hồ","21.074038162726847, 105.82420745578713"
39072006,06/03/2025,Bán căn duplex dự án Heritage view trực diện Hồ Tây - 297m2 - 77 tỷ - Sổ đỏ lâu dài,77 tỷ,297 m²,"259,26 tr/m²",N/A,N/A,"Phú Thượng, Tây Hồ","21.0728492736816, 105.812431335449"
42009388,06/03/2025,"Bán căn góc Heritage 4 ngủ - 182m2 - có đồ cơ bản - giá siêu rẻ 26,5 tỷ - miễn phí dịch vụ 15 tháng","26,5 tỷ",182 m²,"145,6 tr/m²",4,4,"Phú Thượng, Tây Hồ","21.072667325458614, 105.8125358337997"
42219260,06/03/2025,"Bán căn 3 ngủ 145m2 Heritage West Lake full đồ liền tường giá rẻ 23,6 tỷ.","23,6 tỷ",145 m²,"162,76 tr/m²",3,3,"Phú Thượng, Tây Hồ","21.072842998564543, 105.81240831197212"
42137096,06/03/2025,"Bán CC mini 2PN, 1WC, 45m2 giá cực chất tại An Dương Vương, Phú Thượng, Tây Hồ, HN","1,38 tỷ",45 m²,"30,67 tr/m²",2,1,"Phú Thượng, Tây Hồ","21.0900981806126, 105.804509990855"
40210209,06/03/2025,Chính chủ bán gấp căn hộ chung cư Starlake Tây Hồ DT. 100m 110m 155m 231m2 duplex penhouse,13 tỷ,115 m²,"113,04 tr/m²",3,2,"Xuân La, Tây Hồ","21.0596752166748, 105.804077148438"
39834922,06/03/2025,"Bán căn hộ 1PN-2PN-3PN diện tích 63m2-83m2-109m2 CC 6th Element tòa D1 - D2, M1 - M2 full đồ","5,3 tỷ",63 m²,"84,13 tr/m²",1,1,"Xuân La, Tây Hồ","21.0596752166748, 105.804077148438"
41906799,06/03/2025,"Hạ 200 triệu, bao toàn bộ thuế phí căn góc 3PN 110m2 3 mặt thoáng chung cư 28 Xuân La full nội thất","5,9 tỷ",110 m²,"53,64 tr/m²",3,2,"Xuân La, Tây Hồ","21.0656711081851, 105.807053138301"
41231842,06/03/2025,Em có quỹ căn 01-02 Phòng ngủ cần chuyển nhượng tại dự án PentStudio -699 Lạc Long Quân Tây Hồ,"5,7 tỷ",76 m²,75 tr/m²,1,2,"Phú Thượng, Tây Hồ","21.0640926361084, 105.80973815918"
42113406,06/03/2025,"Hot! Em cần Bán quỹ căn ở chung cư D'EL Dorado Tân Hoàng Minh, căn Studio, 1PN, 2PN. Giá từ 2tỷ9","2,9 tỷ",40 m²,"72,5 tr/m²",1,1,"Xuân La, Tây Hồ","21.071218561458497, 105.80929692365288"
42289270,06/03/2025,"Bán căn góc 161m2 (trục G - 10) Sunshine Golden River - Tầng cao view sông Hồng, Hồ Tây, CV Ciputra",Giá thỏa thuận,161 m²,N/A,3,2,"Phú Thượng, Tây Hồ","21.08426858238435, 105.81231065370346"
42342146,05/03/2025,Đơn vị quản lý căn hộ Soho & Heritage West lake thông báo! Bán và bàn giao căn hộ tinh hoa Tây Hồ,"12,9 tỷ",94 m²,"137,23 tr/m²",3,3,·,"21.072877475386797, 105.81238049532904"
41478184,04/03/2025,Cập nhật quỹ căn chuyển nhượng Golden River - Ciputra giá tốt nhất tháng 02/2025,12 tỷ,141 m²,"85,11 tr/m²",3,2,·,"21.08423910980729, 105.81097029779126"
40768951,04/03/2025,"Bán căn hộ sân vườn Golden River Tây Hồ - Rẻ hơn giá gốc CĐT 123m2 đến 494m2 view sông Hồng, hồ Tây","11,32 tỷ","141,5 m²",80 tr/m²,3,2,·,"21.0786514282227, 105.802612304688"
41093048,22/02/2025,"PKD CĐT thông báo! Quỹ căn 2PN, 3PN, 4PN, Duplex - Heritage West Lake view Hồ Tây giá tốt. T02/2025",Giá thỏa thuận,145 m²,N/A,3,3,·,"21.0727491381058, 105.811500199392"
42343516,05/03/2025,"Duy nhất 1 căn có giá 4,3 tỷ - 60m2 - Tòa Soho & Heritage West Lake - 677 Lạc Long Quân","4,3 tỷ",60 m²,"71,67 tr/m²",1,1,"Phú Thượng, Tây Hồ","21.07255665632279, 105.81227652441106"
42166248,05/03/2025,"Quỹ căn chuyển nhượng tháng 2 chung cư D'. El Dorado Tây Hồ giá rẻ nhất dự án 2,8 tỷ LH: 0963 866 ***","2,8 tỷ",34 m²,"82,35 tr/m²",2,1,"Xuân La, Tây Hồ","21.073497686948, 105.799784951808"
39589826,05/03/2025,"Chính chủ bán căn 3 ngủ, 146m2, view đẹp nhất dự án D'Le Roi Soleil số 2 Đặng Thai Mai, Tây Hồ, HN","19,5 tỷ",146 m²,"133,56 tr/m²",3,2,"Quảng An, Tây Hồ","21.065832, 105.82651"
39502137,05/03/2025,"Hàng hiếm Del dorado II, một căn 2 phòng ngủ 55m2 full đồ, view thành phố giá 4,7 tỷ","4,7 tỷ",55 m²,"85,46 tr/m²",2,1,"Phú Thượng, Tây Hồ","21.0739040374756, 105.799980163574"
42287781,04/03/2025,"Cần bán căn 88m2, 2N, 2WC. Tầng cao, view thẳng Hồ Tây. Giá 12.5 tỷ, D.Le Roi Soleil 59 Xuân Diệu","12,5 tỷ",88 m²,"142,04 tr/m²",2,2,"Quảng An, Tây Hồ","21.065838155867663, 105.82632690539737"
42217812,03/03/2025,"Tổng hợp căn hộ bán tại tòa D'. Le Roi Soleil 59 Xuân Diệu, Tây Hồ giá tốt nhất - LH: 0989 734 ***","15,1 tỷ",136 m²,"111,03 tr/m²",3,2,"Quảng An, Tây Hồ","21.065995605688, 105.826767447829"
40069256,03/03/2025,Quỹ căn VIP giá tốt nhất tại SS Golden River Ciputra: Giá từ 12 tỷ/căn ban công sân vườn 33m2,"13,5 tỷ",160 m²,"84,38 tr/m²",3,N/A,"Phú Thượng, Tây Hồ","21.0786514282227, 105.802612304688"
40850181,03/03/2025,"Chính chủ bán căn hộ Soleil 146m2 hướng Đông Nam full nội thất mới tinh, gồm 3 ngủ","18,2 tỷ",146 m²,"124,66 tr/m²",3,2,"Quảng An, Tây Hồ","21.0658321380615, 105.826507568359"
42287503,03/03/2025,"Rao bán căn 111m2. 3N, 3WC, full đồ nội thất, giá 11.5 tỷ, D.Le Roi Soleil, 59 Xuân Diệu","11,5 tỷ",111 m²,"103,6 tr/m²",3,2,"Quảng An, Tây Hồ","21.06579966928339, 105.82629252671074"
42306423,01/03/2025,Tặng ngay 400tr khi mua căn dualkey chung cư Dle Roi Soleil 59 Xuân Diệu- Tây Hồ 127.5m2 sẵn sổ đỏ,"14,2 tỷ","127,5 m²","111,37 tr/m²",2,2,"Quảng An, Tây Hồ","21.0660908248712, 105.826509049952"
42304612,01/03/2025,"Căn góc duy nhất tại toà Dleroi - Soleil. 146m2, 3pn2wc đã setup đầy đủ nội thất, view trọn Hồ Tây","19,9 tỷ",146 m²,"136,3 tr/m²",3,2,"Quảng An, Tây Hồ","21.0656572088597, 105.82613626987"
29837407,28/02/2025,"Bán căn hộ chung cư Tây Hồ - D'El Dorado Tân Hoàng Minh Lạc Long Quân, view hồ Tây, nhà mới tinh!",Giá thỏa thuận,71 m²,N/A,2,2,"Xuân La, Tây Hồ","21.0739040374756, 105.799980163574"
42296090,28/02/2025,Chính chủ cần bán 2 căn đập thông sổ lâu dài view toàn cảnh Hồ Tây full nội thất đẹp,35 tỷ,174 m²,"201,15 tr/m²",3,3,"Phú Thượng, Tây Hồ","21.073648972536002, 105.79957172671503"
39748921,28/02/2025,"Căn hộ Ciputra bán mới nhất toà G2G3, E1, E4E5, P1P2, L1L2, The Link345. LH 0973 148 ***","7,4 tỷ",119 m²,"62,18 tr/m²",3,2,"Phú Thượng, Tây Hồ","21.072135925293, 105.810997009277"
40092399,06/03/2025,Tổng hợp đầy đủ các căn bán mới và chuẩn nhất chung cư Sunshine Riverside Tây Hồ. LH 0966 998 ***,7 tỷ,98 m²,"71,43 tr/m²",3,2,"Phú Thượng, Tây Hồ","21.0840444044086, 105.811894671477"
42298833,06/03/2025,(Cập nhập) Quỹ căn ngoại giao Sunshine Riverside giá tốt nhất tháng 3. Trực tiếp từ Chủ đầu tư,"6,6 tỷ","80,69 m²","81,8 tr/m²",2,2,"Phú Thượng, Tây Hồ","21.0843038337756, 105.811997379686"
41772434,06/03/2025,Độc quyền - Bán gấp 2 căn 76m2 liền nhau - Đập thông Duplex tại PentStudio,"13,5 tỷ",152 m²,"88,82 tr/m²",N/A,N/A,"Phú Thượng, Tây Hồ","21.06374804221228, 105.80904422836178"
42347618,06/03/2025,"Chỉ với 73tr/m2 bạn sẽ sở hữu ngay căn hộ chung cư cao cấp tại Ciputra, Tây Hồ","8,4 tỷ",119 m²,"70,59 tr/m²",3,N/A,"Phú Thượng, Tây Hồ","21.073591886614437, 105.823774359008"
42160099,06/03/2025,Bán căn 3PN Tây Hồ Riverview view toàn cảnh sông Hồng - 92m2 - 5.6tỷ - Full đồ - Sổ hồng lâu dài,"5,6 tỷ",92 m²,"60,87 tr/m²",3,2,"Phú Thượng, Tây Hồ","21.088063744947707, 105.80017139162304"
42106095,06/03/2025,"Chính chủ thiện chí bán nhanh căn hộ 3N, tầng thấp, full NT tại Soleil - Quảng An giá chỉ 110tr/m2","11,5 tỷ",104 m²,"110,58 tr/m²",3,3,"Quảng An, Tây Hồ","21.06580802309486, 105.82636977390649"
42348603,06/03/2025,"Chung cư cao cấp giữa lòng Ciputra, giá cực chất 14,8 tỷ, 154m2 ở Phú Thượng, Tây Hồ","14,8 tỷ",154 m²,"96,1 tr/m²",N/A,N/A,"Phú Thượng, Tây Hồ","21.084472770081714, 105.8124950901383"
39321227,06/03/2025,Siêu hiếm! Bán căn 115m2 view đẹp trọn Hồ Tây ở dự án Golden Westlake. Giá bán tốt. LH 0364 224 ***,Giá thỏa thuận,115 m²,N/A,2,2,"Thụy Khuê, Tây Hồ","21.043420791626, 105.821563720703"
40161511,06/03/2025,Cao cấp - An dưỡng! Bán căn 128m2 - 3PN view Hồ Tây và nội khu ở dự án Golden Westlake Giá tốt !,Giá thỏa thuận,128 m²,N/A,3,2,"Thụy Khuê, Tây Hồ","21.043420791625977, 105.82156372070313"
41916676,06/03/2025,"(Mới) Duy nhất căn 4PN đập thông, diện tích 170m2 nhà sửa đẹp, tầng cao giá 17 tỷ tại 6th Element",17 tỷ,170 m²,100 tr/m²,4,3,"Xuân La, Tây Hồ","21.0593673080535, 105.80382171588"
41215915,06/03/2025,Chính chủ bán nhanh căn Studio 35m2 - Dorado - Tây Hồ - full đồ - giá chỉ 3 tỷ. LH: 0974 104 ***,3 tỷ,35 m²,"85,71 tr/m²",1,N/A,"Phú Thượng, Tây Hồ","21.0739040374756, 105.799980163574"
42348323,06/03/2025,"Chính Chủ Bán CH Starlake Tây Hồ DT 113,21m & 100,95m 3PN Full Đẹp SĐCC hơn 13,5 tỷ: O971O85383","13,5 tỷ","113,21 m²","119,25 tr/m²",3,2,"Xuân La, Tây Hồ","21.060432051037782, 105.80376479945302"
31055155,06/03/2025,"Bán căn hộ G tòa 903 Starlake 113m2, 3PN nội thất chủ đầu tư bàn giao 15.6 tỷ. LH: 0339 937 ***","15,6 tỷ",113 m²,"138,05 tr/m²",3,2,"Xuân La, Tây Hồ","21.0596752166748, 105.804077148438"
34463765,06/03/2025,Chủ nước ngoài bán gấp căn hoa hậu 2PN trục 10 ( 83m2 ) - Full đồ - View Starlake . LH: 0974 104 ***,Giá thỏa thuận,83 m²,N/A,2,2,"Xuân La, Tây Hồ","21.0596752166748, 105.804077148438"
41359112,06/03/2025,"Cần bán gấp căn hộ chung cư Golden Westlake - 151 Thụy Khuê, 150m2, 03PN, view hồ Tây, 0963 668 ***",Giá thỏa thuận,150 m²,N/A,3,2,"Thụy Khuê, Tây Hồ","21.0427818695175, 105.824269321345"
41694457,06/03/2025,"Cần bán gấp căn hộ chung cư Golden Westlake - 151 Thụy Khuê, 113m2, 02PN, view hồ Tây. 0963 668 ***",Giá thỏa thuận,113 m²,N/A,2,2,"Thụy Khuê, Tây Hồ","21.043420791626, 105.821563720703"
42168498,06/03/2025,"Em bán căn 83m2 gồm 2PN 2VS, tầng cao, ban công hướng Nam view thành phố siêu đẹp đỉnh","8,7 tỷ",83 m²,"104,82 tr/m²",2,2,"Xuân La, Tây Hồ","21.059821706991592, 105.804006691074"
41869990,06/03/2025,Bán căn hộ chung cư khách sạn PentStudio số 699 Lạc Long Quân căn góc 2 ngủ diện tích 180m2,Giá thỏa thuận,180 m²,N/A,2,3,"Phú Thượng, Tây Hồ","21.0640908930981, 105.809737793937"
41252958,06/03/2025,Bán gấp 02 CH tại chung cư 6th Element căn (2PN 60m2 - 87m2) view đẹp nhất dự án,"7,1 tỷ",87 m²,"81,61 tr/m²",2,2,"Xuân La, Tây Hồ","21.05991711169789, 105.80465908421907"
41014102,06/03/2025,"Bán D'. El Dorado Tây Hồ, 2PN 76m2, tầng cao view thoáng, đủ đồ mới đẹp. LH 0839 185 ***","6,2 tỷ",76 m²,"81,58 tr/m²",2,2,"Phú Thượng, Tây Hồ","21.0739040374756, 105.799980163574"
42347474,06/03/2025,Bán căn hộ tầng cao tòa L4 Ciputra,14 tỷ,154 m²,"90,91 tr/m²",3,2,"Phú Thượng, Tây Hồ","21.073483290241402, 105.82416497266382"
38963959,06/03/2025,"Bán căn hộ CT36 Xuân La, 72 m2, 2 PN, tầng cao, view hồ, nội thất đẹp, giá 5.9 tỷ","5,9 tỷ",72 m²,"81,94 tr/m²",2,N/A,"Xuân La, Tây Hồ","21.060043200812093, 105.80379010593268"
39966495,06/03/2025,"Bán căn hộ duplex Starlake hàng độc, 231,4 m2, 4PN, 3WC, nội thất cao cấp, tầng cao, view thành phố",Giá thỏa thuận,"231,4 m²",N/A,4,3,"Xuân La, Tây Hồ","21.059675216674805, 105.8040771484375"
42346999,06/03/2025,"Bán Căn Hộ L5 3PN, 2WC, 154m2 giá tốt tại Ciputra, Tây Hồ, Hà Nội","14,5 tỷ",154 m²,"94,16 tr/m²",3,2,"Phú Thượng, Tây Hồ","21.074203619625926, 105.82296867868074"
40176022,06/03/2025,"Bán căn hộ duplex Starlake, hàng hiếm, 231,4 m2, 4PN, 4 WC, nội thất cao cấp, giá 39 tỷ",39 tỷ,"231,4 m²","168,54 tr/m²",4,4,"Xuân La, Tây Hồ","21.0596752166748, 105.804077148438"
40091861,06/03/2025,"Bán căn 2 ngủ nhà mới view sông, cầu Nhật Tân CC Sunshine Riverside Tây Hồ, 80m2. LH 0966 998 ***","6,1 tỷ",80 m²,"76,25 tr/m²",2,2,"Phú Thượng, Tây Hồ","21.083988762895203, 105.81188665188179"
42215949,06/03/2025,"Bán gấp căn hộ 2PN, 82m2 tại Sunshine Riverside Tây Hồ view cầu Nhật Tân, sông Hồng. LH 0966 998 ***",Giá thỏa thuận,82 m²,N/A,2,2,"Phú Thượng, Tây Hồ","21.084031641896733, 105.8118702005739"
42332216,06/03/2025,"Bán gấp CH Duplex 2 tầng tại Sun Grand City - 69B Thụy Khuê, 170m2, 3PN, full nội thất 0975 864 ***",Giá thỏa thuận,170 m²,N/A,3,3,"Thụy Khuê, Tây Hồ","21.0413369079923, 105.82525652032"
42016212,06/03/2025,"Bán căn hộ D'.El Dorado Tân Hoàng Minh 2 phòng ngủ, full đồ nội thất, giá bán chỉ 4.x tỷ 0822 786 ***",Giá thỏa thuận,55 m²,N/A,2,N/A,"Phú Thượng, Tây Hồ","21.074530082563886, 105.79961387958183"
41785915,06/03/2025,"Duy nhất căn Penthouse Duplex 37,9 tỷ 5PN rộng, diện tích 235m2, view siêu đẹp - Starlake","37,9 tỷ",235 m²,"161,28 tr/m²",5,4,"Xuân La, Tây Hồ","21.059228806531031, 105.80480090692895"
41181834,06/03/2025,HDI Tây Hồ bán căn góc 3PN 107m2. Full nội thất. View Hồ Tây/ giá 11.5 tỷ Bao phí LH: 0986 558 ***,"11,5 tỷ",107 m²,"107,48 tr/m²",3,2,"Xuân La, Tây Hồ","21.055543899536133, 105.80513000488281"
41593527,06/03/2025,Udic Westlake bán căn 2PN 84.3m2/ Full nội thất/ Có slot ô tô/ Giá 6.6 tỷ. LH: 0986 558 ***,"6,6 tỷ","84,3 m²","78,29 tr/m²",2,2,"Phú Thượng, Tây Hồ","21.0801429748535, 105.813690185547"
42164318,06/03/2025,Bán căn hộ Duplex thông tầng 76m2 view Sông Cầu / Full đồ/ Đã có sổ/ Giá: 6.1 Tỷ/ LH: 0986 558 ***,"6,1 tỷ",76 m²,"80,26 tr/m²",1,2,"Phú Thượng, Tây Hồ","21.064008661360155, 105.8098173660999"
41672392,06/03/2025,Chủ nhà định cư nước ngoài nhờ bán căn trục 02 tầng cao view Lotte Mall giá 14 tỷ. Full nt cao cấp,14 tỷ,93 m²,"150,54 tr/m²",3,2,"Phú Thượng, Tây Hồ","21.072849273681641, 105.81243133544922"
37500910,06/03/2025,"Hot quỹ căn chuyển nhượng view Hồ Tây, căn 2PN, HDI Tây Hồ Võ Chí Công, full nội thất, giá tốt","7,55 tỷ","76,6 m²","98,56 tr/m²",2,2,"Xuân La, Tây Hồ","21.055544, 105.80513"
40561450,06/03/2025,"Bán căn hộ 3PN, 3WC 111m2 tầng cao view hồ, giá tốt, chỉ 12,1 tỷ","12,1 tỷ",111 m²,"109,01 tr/m²",3,3,"Quảng An, Tây Hồ","21.065832, 105.82651"
41688006,06/03/2025,"7,4 tỷ căn hộ 70m2, 2PN 2WC sổ đỏ lâu dài, tầng cao hướng mát, view Hồ Tây, nội thất liền tường","7,4 tỷ",70 m²,"105,71 tr/m²",2,2,"Xuân La, Tây Hồ","21.070753, 105.80957"
41608882,06/03/2025,"Duy nhất một căn 70m2, 2PN 2WC full đồ liền tường, tầng cao view Hồ Tây, giá 7,5 tỷ","7,5 tỷ",70 m²,"107,14 tr/m²",2,2,"Xuân La, Tây Hồ","21.07075309753418, 105.8095703125"
41364617,06/03/2025,Chính chủ bán căn 2PN1VS 54m2 toà E2 Dorado nhà mới 100%. LH: 0963 866 ***,Giá thỏa thuận,54 m²,N/A,2,1,"Xuân La, Tây Hồ","21.0739040374756, 105.799980163574"
41237759,06/03/2025,"Mở bán chung cư Starlake giai đoạn II, vị trí mặt đường Võ Chí Công, hotline CĐT: 0916 850 ***","15,4 tỷ",154 m²,100 tr/m²,4,3,"Xuân La, Tây Hồ","21.0597468406735, 105.804228050374"
42242957,06/03/2025,Chính chủ gửi bán căn hộ chung cư tòa P Ciputra Tây Hồ - DT 182m2 tầng trung đẹp - LH 0986 436 ***,Giá thỏa thuận,182 m²,N/A,N/A,N/A,"Phú Thượng, Tây Hồ","21.073614889256014, 105.82388528580876"
42242843,06/03/2025,Căn Hộ Chung Cư G2-G3 Ciputra Tây Hồ bán - DT 150m 3PN 2WC tầng trung giá tốt nhất - LH 0986 436 ***,"9,5 tỷ",150 m²,"63,33 tr/m²",N/A,N/A,"Phú Thượng, Tây Hồ","21.07405689917554, 105.82363944030037"
41234068,06/03/2025,"Cần bán nhanh căn hộ 2pn, nội thất full đồ tại dự án 6th Element giá 7,x tỷ VND . LH: 0866 160 ***",Giá thỏa thuận,"95,4 m²",N/A,2,2,"Xuân La, Tây Hồ","21.059675, 105.80408"
42328368,06/03/2025,"Chung cư Võ Chí Công gần Lotte Tây Hồ 3PN 124m2 TT giá 7.7 tỷ, sổ đỏ sẵn chỗ đỗ ô tô","7,7 tỷ",116 m²,"66,38 tr/m²",3,2,"Phú Thượng, Tây Hồ","21.080237398974734, 105.81354598608509"
42237159,06/03/2025,"Bán căn hộ chung cư tại Heritage West Lake, 12,9 tỷ, 92,9 m2, giá cực chất","12,9 tỷ","92,9 m²","138,86 tr/m²",2,N/A,"Phú Thượng, Tây Hồ","21.07323063857949, 105.8132403505013"
42290957,06/03/2025,"Bán căn hộ HOA HẬU SIÊU ĐẸP 4PN, 180m2 tại Heritage West Lake , VIEW TOÀN CẢNH HỒ TÂY",51 tỷ,180 m²,"283,33 tr/m²",4,N/A,"Phú Thượng, Tây Hồ","21.07282648549384, 105.81176817302504"
39724367,06/03/2025,Cần bán gấp căn hộ chung cư Tây Hồ Sunshine Golden River,13 tỷ,154 m²,"84,42 tr/m²",3,2,"Phú Thượng, Tây Hồ","21.0786514282227, 105.802612304688"
41795169,06/03/2025,Tổng hợp quỹ căn mới nhất thiết kế 2 - 3 - 4PN - duplex 231m2. Chung cư Starlake. LH 0981 343 ***,Giá thỏa thuận,113 m²,N/A,N/A,N/A,"Xuân La, Tây Hồ","21.05967351985929, 105.80410096289468"
42344199,06/03/2025,"Bán - sang nhượng căn hộ CC 03 ngủ KĐT Nam Thăng Long, Xuân La, Tây Hồ - DT 119m2, giá chào 8.4 tỷ","8,4 tỷ",119 m²,"70,59 tr/m²",3,2,"Xuân La, Tây Hồ","21.073310916464123, 105.82369181395445"
42140403,06/03/2025,"Sunshine Riverside - bán căn 61,4m2 - tầng cao view nội khu + có sổ, có đồ, 2PN, full đồ, hướng mát","4,9 tỷ","61,4 m²","79,81 tr/m²",2,1,"Phú Thượng, Tây Hồ","21.0840387953818, 105.811900092705"
42345429,05/03/2025,"Sun Grand City 69 Thụy Khuê: Bán căn duplex duy nhất, 150 m2, 3 phòng ngủ, 3 wc. T3/2025",23 tỷ,150 m²,"153,33 tr/m²",3,3,"Thụy Khuê, Tây Hồ","21.0411942379417, 105.825362639398"
38960612,05/03/2025,"(Siêu hot)Bán CH 2PN 88.8m2 Ecolife Tây Hồ, view trọn Hồ Tây, full đồ sẵn sổ đỏ, slot LH 0888 989 ***","6,8 tỷ","88,8 m²","76,58 tr/m²",2,2,"Xuân La, Tây Hồ","21.0596752166748, 105.804077148438"
41093375,05/03/2025,Em cần bán quỹ căn 2PN full nội thất chung cư 6th Element ngay Nguyễn Văn Huyên,Giá thỏa thuận,83 m²,N/A,2,2,"Xuân La, Tây Hồ","21.0596752166748, 105.804077148438"
42345119,05/03/2025,"Duy nhất! Căn hộ đẹp nhất phân khúc 2PN2WC tại 6th Element view Starlake, full nội thất cao cấp",Giá thỏa thuận,"82,6 m²",N/A,2,2,"Xuân La, Tây Hồ","21.05956471106943, 105.80318888360787"
37946282,05/03/2025,"Bán căn hộ D'. El Dorado, giá bán từ 2.7 tỷ, LH 0961 113 ***","2,7 tỷ",33 m²,"81,82 tr/m²",1,1,"Phú Thượng, Tây Hồ","21.0739040374756, 105.799980163574"
42334492,05/03/2025,( VÍP VIEW HỒ TÂY ) Bán CC D. El Dorado đường Lạc Long Quân _ Sổ lâu dài - 87m2 và Penthouse 146m2,"12,5 tỷ",90 m²,"138,89 tr/m²",2,2,"Phú Thượng, Tây Hồ","21.073600696375017, 105.79945803387844"
40705504,05/03/2025,"Bán 1PN chung cư PentStudio 699 Lạc Long Quân, 76m2, 90m2, full đồ view hồ Tây, view cầu giá 6tỷ","5,8 tỷ",76 m²,"76,32 tr/m²",1,2,"Phú Thượng, Tây Hồ","21.064093, 105.80974"
41853895,05/03/2025,"Chính chủ bán căn hộ hoa hậu 4 ngủ DT 234m2,nhà Thô,view hồ tây tại D'. Le Roi Soleil,giá chỉ 29 tỷ",29 tỷ,234 m²,"123,93 tr/m²",4,3,"Quảng An, Tây Hồ","21.0652681821255, 105.825990388653"
42343122,05/03/2025,Bán gấp căn Duplex Starlake Tây Hồ 250m tầng trung; view khu biệt thự; nội thất cao cấp; giá 40 tỷ,40 tỷ,250 m²,160 tr/m²,2,2,"Xuân La, Tây Hồ","21.059675216674805, 105.8040771484375"
42343035,05/03/2025,"Bán căn hộ đập thông 6th Element 190m2 tầng trung view công viên, full nội thất giá chỉ 17 tỷ",17 tỷ,190 m²,"89,47 tr/m²",4,3,"Xuân La, Tây Hồ","21.059736508916895, 105.80407032685754"
42343033,05/03/2025,"Cực Hot mở bán suất nội bộ chung cư cao cấp Starlake giai đoạn 2, số lượng có hạn. LH 0815 003 ***",Giá thỏa thuận,88 m²,N/A,N/A,N/A,"Xuân La, Tây Hồ","21.060127181840045, 105.80331332539012"
42106803,05/03/2025,"Hot. Duy nhất 1 căn 2PN chung cư D'. El Dorado Tây Hồ đang cần bán nhanh giá chỉ 4,3 tỷ","4,3 tỷ",56 m²,"76,79 tr/m²",2,1,"Xuân La, Tây Hồ","21.0715025251366, 105.809498728755"
42295357,05/03/2025,"Bán căn 2 ngủ - Sunshine Riverside - 78.4m2 - view trực diện cầu NT + sông - giá: 6,06 tỷ (sổ đỏ)","6,06 tỷ","78,4 m²","77,3 tr/m²",2,2,"Phú Thượng, Tây Hồ","21.083804594677, 105.812216210936"
42292205,05/03/2025,"Bán căn Sunshine Riverside - 64.1m2 thông thủy - 2 ngủ view sông - Giá: 5,3 tỷ (Sổ đỏ) - tầng cao","5,3 tỷ","64,1 m²","82,68 tr/m²",2,2,"Phú Thượng, Tây Hồ","21.084014835063602, 105.81167835581287"
39027582,05/03/2025,"Chỉ 14,5 tỷ căn 3N3WC 111m2 view cầu Tứ Liên tương lai thoáng nhìn thẳng Đông Anh - LH 0941 238 ***","14,5 tỷ",111 m²,"130,63 tr/m²",3,3,"Quảng An, Tây Hồ","21.0649910058318, 105.827110814819"
39367149,05/03/2025,"Bán nhanh căn góc tầng cao 136m2 view bao trọn hồ Tây quá đẹp, trục hiếm nhà bán - LH 0941 238 ***","19,7 tỷ",136 m²,"144,85 tr/m²",3,2,"Quảng An, Tây Hồ","21.0651511955637, 105.826982068787"
40019577,05/03/2025,"Chỉ 11,5 tỷ sở hữu căn 103,5m2 3 ngủ view nội khu yên tĩnh sạch sẽ, rẻ nhất dự án - LH 0941 238 ***","11,5 tỷ","103,5 m²","111,11 tr/m²",3,3,"Quảng An, Tây Hồ","21.066144477260554, 105.82611930253366"
42075850,05/03/2025,Bán căn góc siêu vip 234m2 - 4PN tầng cao view Hồ Tây dự án D'. Le Roi Soleil 59 Xuân Diệu,"32,5 tỷ",234 m²,"138,89 tr/m²",4,N/A,"Quảng An, Tây Hồ","21.065109785690673, 105.82691925266573"
42342472,05/03/2025,"Bán căn hộ tầng cao tòa L4 Ciputra, Hà Nội, dt 154m 03pn giá 14.1 tỷ. LH e Hường 0936 670 ***","14,1 tỷ",154 m²,"91,56 tr/m²",3,2,"Phú Thượng, Tây Hồ","21.0736454709017, 105.82394130538"
41424810,05/03/2025,Không thể bỏ qua căn chính chủ Skyline Marriott Tây Hồ tầng cao view Hồ rẻ hơn 300tr. LH 0815 003 ***,Giá thỏa thuận,83 m²,N/A,2,N/A,"Phú Thượng, Tây Hồ","21.085081100463867, 105.81702423095703"
41736881,05/03/2025,Duy nhất chỉ 1 căn góc view trực diện Hồ Tây bán siêu vip 1 trong 32 căn bán ai cần LH 0815 003 ***,Giá thỏa thuận,168 m²,N/A,N/A,N/A,"Thụy Khuê, Tây Hồ","21.042491912841797, 105.82044982910156"
39698176,05/03/2025,"Chính chủ gửi bán căn góc 148m2/4PN/9,9 tỷ dự án Udic Westlake Tây Hồ, full nội thất, đã có sổ","9,9 tỷ",148 m²,"66,89 tr/m²",4,2,"Phú Thượng, Tây Hồ","21.0801429748535, 105.813690185547"
42341009,05/03/2025,"Chính chủ cần bán căn hộ 1PN 46m2 tại Heritage West Lake, tầng đẹp, view thoáng 3,95 tỷ","3,95 tỷ",46 m²,"85,87 tr/m²",1,1,"Phú Thượng, Tây Hồ","21.0723576308238, 105.812123659883"
31643369,05/03/2025,Gia đình cần bán gấp căn hộ 110m2 3PN full đồ D'. Le Roi Soliel LH 0988 799 ***,11 tỷ,110 m²,100 tr/m²,3,2,"Quảng An, Tây Hồ","21.0658321380615, 105.826507568359"
36616097,05/03/2025,"Cần thanh khoản gấp, căn góc 146m2 mới 100%, góc view Hoa Hậu giá tốt nhất thị trường LH 0988 799 ***",14 tỷ,146 m²,"95,89 tr/m²",3,2,"Quảng An, Tây Hồ","21.0658321380615, 105.826507568359"
41367117,05/03/2025,"Bán CC G2,3 Ciputra Hà Nội diện tích 119m2, 3 ngủ, full nội thất",8 tỷ,119 m²,"67,23 tr/m²",3,2,"Phú Thượng, Tây Hồ","21.07326279129318, 105.82325715833065"
41533207,05/03/2025,"Duplex Udic Westlake Tây Hồ 250m2 - giá bán 14,5 tỷ (có thương lượng). LH: 0385 248 ***","14,5 tỷ",250 m²,58 tr/m²,5,3,"Phú Thượng, Tây Hồ","21.0801429748535, 105.813690185547"
42210842,05/03/2025,"Chính chủ gửi em bán căn hộ chung cư 182m2/4 phòng ngủ, đủ đồ tòa P Ciputra Hà Nội","17,65 tỷ",182 m²,97 tr/m²,4,3,"Phú Thượng, Tây Hồ","21.07373629914226, 105.8235874434511"
42319271,05/03/2025,"Bán căn hộ D. Le Roi Soleil, Quảng An, Tây Hồ 234m2, 4PN, 2WC, giá tốt 32,5 tỷ LH 0916 252 ***","32,5 tỷ",234 m²,"138,89 tr/m²",4,2,"Quảng An, Tây Hồ","21.065668850950527, 105.82628865547004"
41224707,05/03/2025,"Em cần bán nhanh căn 3 ngủ + 1,160m2, full đồ đẹp tại Golden River giá chỉ 13,8 tỷ LH: 0974 104 ***","13,8 tỷ",160 m²,"86,25 tr/m²",3,2,"Phú Thượng, Tây Hồ","21.078651428222656, 105.8026123046875"
41786140,05/03/2025,Bán căn hộ 3PN 113m2 tòa nhà cao cấp H9 Starlake Tây Hồ Tây,"17,22 tỷ",113 m²,"152,39 tr/m²",3,2,"Xuân La, Tây Hồ","21.0595168398974, 105.803937214112"
40751564,05/03/2025,"Tổng hợp quỹ căn chuyển nhượng rẻ nhất sắp cấp sổ,nhận nhà ngay, không mất phí môi giới, có lốt ôtô",Giá thỏa thuận,73 m²,N/A,3,2,"Phú Thượng, Tây Hồ","21.0882797241211, 105.800407409668"
42340583,05/03/2025,"Bán căn 3 PN view Hồ Tây tầng cao tòa G2 Ciputra Tây Hồ, giá hợp lý đầu tư sinh lời",Giá thỏa thuận,119 m²,N/A,3,2,"Phú Thượng, Tây Hồ","21.073382463650514, 105.82315923684105"
42340494,05/03/2025,"Chính chủ bán căn góc 4 ngủ view Hồ Tây tòa G3 Ciputra Tây Hồ giá tốt, sổ đỏ sẵn giao dịch",Giá thỏa thuận,150 m²,N/A,4,2,"Phú Thượng, Tây Hồ","21.073738777971176, 105.82422764746026"
42160518,05/03/2025,Bán căn 2PN Tây Hồ River View view sông Hồng mỹ mãn - 72m2 - 4.7 tỷ - Full đồ - Sổ hồng lâu dài,"4,7 tỷ",72 m²,"65,28 tr/m²",2,2,"Phú Thượng, Tây Hồ","21.088115170283, 105.80079510993"
33994399,05/03/2025,"Quỹ độc quyền Tây Hồ River View CH 07(59m), 08(62m), 03(75m), 06(86m), 05(92 m) & 02(99m)",Giá thỏa thuận,59 m²,N/A,N/A,N/A,"Phú Thượng, Tây Hồ","21.0882797241211, 105.800407409668"
42285489,05/03/2025,"Bán gấp CH 92,9m2 tại Heritage West Lake, 17,7 tỷ, Phú Thượng, Tây Hồ, Hà Nội","17,7 tỷ","92,9 m²","190,53 tr/m²",N/A,N/A,"Phú Thượng, Tây Hồ","21.072829248149073, 105.81247725713317"
42340195,05/03/2025,Bán căn hộ tòa L4 Ciputra dt 58m2 giá bán 5 tỷ. LH e Hường 0936 670 ***,5 tỷ,58 m²,"86,21 tr/m²",2,1,"Phú Thượng, Tây Hồ","21.0743749480295, 105.823963695977"
39429689,05/03/2025,"Bán căn 2 ngủ/64m2 - Sunshine Riverside ban công Đông, không view xấu nhỉnh 5 tỷ có sổ. 0966 286 ***",5 tỷ,64 m²,"78,12 tr/m²",2,1,"Phú Thượng, Tây Hồ","21.0786514282227, 105.802612304688"
42321056,05/03/2025,"Bán Duplex Udic Westlake 186m2, 4PN 3WC nhà đã hoàn thiện nội thất",15 tỷ,186 m²,"80,64 tr/m²",4,3,"Phú Thượng, Tây Hồ","21.080401643758567, 105.81350414993776"
42330727,05/03/2025,Chỉ 6 tỷ căn hộ PentStudio- Lạc Long Quân- Nhà full nội thất- Sổ đỏ chính chủ,6 tỷ,76 m²,"78,95 tr/m²",1,2,"Phú Thượng, Tây Hồ","21.06379798666984, 105.80979991973071"
39482004,05/03/2025,"Cần bán căn góc 3 ngủ/93m2, 2 ban công Sunshine Riverside, giá nhỉnh 7 tỷ, có sổ. LH 0966 286 ***","7,2 tỷ",90 m²,80 tr/m²,3,2,"Phú Thượng, Tây Hồ","21.0786514282227, 105.802612304688"
39355569,05/03/2025,"Bán căn 2 ngủ, 2WC, 80m2 Sunshine Riverside - Ciputra, tầng cao view sông Hồng, sẵn sổ 0966 286 ***","6,1 tỷ",80 m²,"76,25 tr/m²",2,2,"Phú Thượng, Tây Hồ","21.084041595458984, 105.81189727783203"
42009176,05/03/2025,Chính Chủ Bán Căn Góc Tầng 403. Toà B Chung Cư 59 Xuân Diệu. 3 Ngủ sáng chưng. Nhỉnh 100triệu/1m2,"14,8 tỷ",146 m²,"101,37 tr/m²",3,4,"Quảng An, Tây Hồ","21.06582414081507, 105.82651457349269"
42211104,05/03/2025,"Chuyển nhượng căn penthouse căn góc view trọn vẹn Hồ Tây, D'. El Dorado Lạc Long Quân, Tây Hồ","27,5 tỷ","155,25 m²","177,13 tr/m²",4,3,"Phú Thượng, Tây Hồ","21.0743763099873, 105.799175006103"
42233144,05/03/2025,"Bán căn 3 ngủ 111m2 full nội thất giá cực yêu thương 11,5 tỷ. 0914 772 ***","11,5 tỷ",111 m²,"103,6 tr/m²",3,3,"Quảng An, Tây Hồ","21.065866211521385, 105.8257117685331"
42339126,05/03/2025,An Dương Vương - 1 căn CCMN duy nhất có sổ riêng. Chỉ 2 tỷ lẻ nhỏ xíu,Giá thỏa thuận,50 m²,N/A,N/A,N/A,"Phú Thượng, Tây Hồ","21.0898690749979, 105.804776082086"
42100265,05/03/2025,"Cập nhật quỹ căn hộ 2PN-3PN bán tại Starlake Tây Hồ tháng 03/2025. Giá từ 11,9 tỷ LH 0888 486 ***",Giá thỏa thuận,"125,4 m²",N/A,3,2,"Xuân La, Tây Hồ","21.05996386729449, 105.80373616326338"
41830917,05/03/2025,"Rẻ nhất HDI Tây Hồ Căn góc 3PN/107.2m2/10,7 tỷ, BC Nam, tầng cao view hồ, full nội thất, đã có sổ","10,72 tỷ","107,2 m²",100 tr/m²,3,2,"Xuân La, Tây Hồ","21.055438230135483, 105.804539899476"
41481994,05/03/2025,"Siêu hiếm! Căn góc Udic Westlake 4PN/ 148m2 / 9.9 tỷ, nội thất cơ bản, sẵn sổ GD","9,9 tỷ",148 m²,"66,89 tr/m²",4,3,"Phú Thượng, Tây Hồ","21.080142974853516, 105.81369018554688"
41975327,05/03/2025,Bán căn hộ A1002 CĂN GÓC 106m2 chung cư 59 Xuân Diệu ( miễn tiếp môi giới ) 0352 472 ***,"13,1 tỷ",106 m²,"123,58 tr/m²",3,3,"Quảng An, Tây Hồ","21.0663074565, 105.827105377457"
41830585,05/03/2025,Bán căn góc 107.2m2 tòa Moon HDI Tây Hồ - tầng cao view Hồ Tây - Nhà mới sạch đẹp,Giá thỏa thuận,"107,2 m²",N/A,3,2,"Xuân La, Tây Hồ","21.055536335813596, 105.80448622355318"
38825275,05/03/2025,"Chủ nhà giảm 500tr để bán căn hộ 3PN - Chung cư Starlake Tây Hồ căn góc giá 14,8 tỷ LH: 0888 486 ***","14,87 tỷ",130 m²,"114,37 tr/m²",3,2,"Xuân La, Tây Hồ","21.059675216674805, 105.8040771484375"
42338771,05/03/2025,Chủ về nước bán siêu phẩm 2PN - view Hồ Tây - D' El Dorado Tân Hoàng Minh Lạc Long Quân,12 tỷ,88 m²,"136,36 tr/m²",2,2,"Phú Thượng, Tây Hồ","21.074370255261837, 105.80017327769349"
42338601,05/03/2025,Vip! Cần bán căn góc 4PN DT 212m2 nhà đẹp full nội thất cao cấp Sunshine Golden River,23 tỷ,212 m²,"108,49 tr/m²",4,3,"Phú Thượng, Tây Hồ","21.084218111838236, 105.81184945598501"
42282497,05/03/2025,Bán căn hộ tòa L2 Ciputra DT 267m 04pn tầng cao giá 25 tỷ. LH e Hường 0936 670 ***,25 tỷ,267 m²,"93,63 tr/m²",4,2,"Phú Thượng, Tây Hồ","21.073604042304147, 105.82365957323654"
31625151,05/03/2025,"Gia đình bán căn hộ A tòa 902 Starlake 91m2, 2 phòng ngủ, giá 12 tỷ. LH: 0339 937 ***",Giá thỏa thuận,91 m²,N/A,2,2,"Xuân La, Tây Hồ","21.0596752166748, 105.804077148438"
41967726,05/03/2025,Chính chủ Hàn về nước bán cắt lỗ căn hộ 58m2 Soho Heritage West Lake - Lạc Long Quân,"5,2 tỷ",58 m²,"89,66 tr/m²",1,1,"Phú Thượng, Tây Hồ","21.0723623026786, 105.811957185187"
40544225,05/03/2025,Bán căn hộ 70m2 - 2 ngủ tòa E2 (D'. El Dorado) Tân Hoàng Minh Lạc Long Quân - LH 0988 072 ***,"6,3 tỷ",70 m²,90 tr/m²,2,2,"Phú Thượng, Tây Hồ","21.0739040374756, 105.799980163574"
42196031,05/03/2025,Bán căn hoa hậu 2 phòng ngủ tại D'. El Dorado I / Ban công ĐN view trọn Hồ Tây,"14,1 tỷ",106 m²,"133,02 tr/m²",2,2,"Phú Thượng, Tây Hồ","21.0739040374756, 105.799980163574"
42196095,05/03/2025,"Bán căn 88m2 tầng cao view trực diện hồ Tây - full đồ - 2 ngủ - Sổ lâu dài - 10,5 tỷ","10,5 tỷ",88 m²,"119,32 tr/m²",N/A,N/A,"Quảng An, Tây Hồ","21.065742586714485, 105.82636192096585"
41933969,05/03/2025,Bán nhanh căn hộ 3PN 150m2 tại dự án Golden Westlake 151 Thụy Khuê view trọn Hồ Tây giá nhỉnh 14 tỷ,Giá thỏa thuận,150 m²,N/A,3,3,"Thụy Khuê, Tây Hồ","21.0430382874491, 105.821656093696"
42296277,05/03/2025,Em chính chủ cư dân bán căn 3 ngủ tầng cao Ecolife Tây Hồ duy nhất view KĐT Starlake siêu đẹp,8 tỷ,"103,8 m²","77,07 tr/m²",3,2,"Xuân La, Tây Hồ","21.059701876758695, 105.8045249093972"
42262190,05/03/2025,"Bán gấp CH Duplex 2 Tầng Tại Sun Grand City -69B Thụy Khuê, 170m2, 3PN, full nội thất LH:0975 864 ***",Giá thỏa thuận,170 m²,N/A,3,3,"Thụy Khuê, Tây Hồ","21.041187977388883, 105.82511159408878"
42337400,05/03/2025,"Bán CH 3PN, 2WC tại Ciputra, Phú Thượng, Tây Hồ, Hà Nội, 9,5 tỷ, 148m2","9,5 tỷ",148 m²,"64,19 tr/m²",3,2,"Phú Thượng, Tây Hồ","21.074127950886762, 105.82319138033134"
42337395,05/03/2025,"Udic Westlake căn góc 168m2/ 3PN/ 13 tỷ full đồ, có sổ, view sông Hồng, cầu Nhật Tân, Hồ Tây",13 tỷ,168 m²,"77,38 tr/m²",3,2,"Phú Thượng, Tây Hồ","21.08025912770136, 105.81404582636453"
41945141,05/03/2025,Hàng hiếm - bán căn góc 160m2 tầng cao view trọn hồ Tây. Nội thất cơ bản. Sẵn sổ lâu dài,Giá thỏa thuận,160 m²,N/A,5,4,"Xuân La, Tây Hồ","21.0564245159673, 105.80508662597296"
41926118,05/03/2025,Chính chủ bán căn góc 3PN tòa R1 hướng mát. Sẵn sổ lâu dài. Giá 7.2 tỷ,Giá thỏa thuận,95 m²,N/A,3,2,"Phú Thượng, Tây Hồ","21.0842605338034, 105.812489988076"
42337180,05/03/2025,Hơn 9 tỷ có ngay căn góc 4PN/148m2 đối diện Lotte Tây Hồ view công viên 25ha ciputra,9 tỷ,148 m²,"60,81 tr/m²",4,2,"Phú Thượng, Tây Hồ","21.079927806853892, 105.81357052960188"
40025766,05/03/2025,"Bán căn hộ chung cư Sun Grand City - 69B Thuỵ Khuê, DT 50m2 1 ngủ đủ đồ, view hồ Tây. LH 0945 894 ***",Giá thỏa thuận,50 m²,N/A,1,1,"Thụy Khuê, Tây Hồ","21.0411720275879, 105.825096130371"
36441563,05/03/2025,"Cần bán gấp căn hộ Duplex Sun Grand City - 69B Thuỵ Khuê, 170m2 3PN nội thất mới. LH 0945 894 ***",Giá thỏa thuận,170 m²,N/A,3,2,"Thụy Khuê, Tây Hồ","21.0411720275879, 105.825096130371"
37734315,05/03/2025,"Bán căn hộ Sun Grand City, 69B Thụy Khuê, DT 136m2 2 ngủ view hồ Tây, nội thất xịn. LH 0945 894 ***",Giá thỏa thuận,136 m²,N/A,2,2,"Thụy Khuê, Tây Hồ","21.0411720275879, 105.825096130371"
41557407,05/03/2025,Bán căn hộ tầng cao view công viên Ciputra tòa E5,11 tỷ,142 m²,"77,46 tr/m²",3,2,"Phú Thượng, Tây Hồ","21.072135925293, 105.810997009277"
42337060,05/03/2025,Bán căn hộ 3 ngủ/90m nhỉnh 7 tỷ.view càu Nhật tân .Sunshine Riverside Tây Hồ,"7,6 tỷ",90 m²,"84,44 tr/m²",3,2,"Phú Thượng, Tây Hồ","21.083919578159012, 105.81174546302346"
42155980,05/03/2025,"Bán căn góc đẹp nhất view trọn Hồ Tây toà Sun Grand City Thụy khuê, 143m2, nhỉnh 20 tỷ",Giá thỏa thuận,143 m²,N/A,3,2,"Thụy Khuê, Tây Hồ","21.0418045031135, 105.825208148247"
42336873,05/03/2025,Bán căn hộ 3 ngủ/100m2 Sunshine Riverside Tây hồ. View cầu Nhật Tân. LH 0985 525 ***,8 tỷ,100 m²,80 tr/m²,3,2,"Phú Thượng, Tây Hồ","21.084431787107327, 105.81142053358721"
42336785,05/03/2025,Bán căn hộ view nội khu tòa E5 Ciputra Hà Nội,9 tỷ,123 m²,"73,17 tr/m²",3,2,"Phú Thượng, Tây Hồ","21.074361745003777, 105.82376040680039"
39079878,05/03/2025,"Bán cặp căn hộ 4PN/148m2 Udic Westlake, view đẹp full nội thất đẹp ở được ngay","9,9 tỷ","147,4 m²","67,16 tr/m²",4,2,"Phú Thượng, Tây Hồ","21.080392212435935, 105.81422942398271"
40548941,05/03/2025,Cần bán căn hộ 01 ngủ 76m2 tại chung cư PentStudio giá tốt nhất thị trường 6.x tỷ. LH 0822 786 ***,6 tỷ,76 m²,"78,95 tr/m²",1,2,"Phú Thượng, Tây Hồ","21.0640926361084, 105.80973815918"
39798337,05/03/2025,Bán căn hộ 182m2 tòa P2 Ciputra căn góc Đông Nam mát mẻ,Giá thỏa thuận,182 m²,N/A,3,2,"Phú Thượng, Tây Hồ","21.0787833347918, 105.794260025024"
40516433,05/03/2025,"Bán rất gấp căn duplex lô góc 310m2, 4PN full nội thất siêu sang, view Hồ Tây, vườn nướng BBQ 55m2",35 tỷ,310 m²,"112,9 tr/m²",4,4,"Thụy Khuê, Tây Hồ","21.043420791626, 105.821563720703"
41959887,05/03/2025,"Bán CH 3PN 2WC tại 6th Element, 109m2, giá thỏa thuận, Tây Hồ, Hà Nội",Giá thỏa thuận,109 m²,N/A,3,2,"Xuân La, Tây Hồ","21.05979902273549, 105.80411145197735"
42336166,05/03/2025,Hàng hiếm căn hộ penthouse Sunshine Golden River - Tây Hồ - 546m2 - Giá chỉ 57 tỷ,57 tỷ,546 m²,"104,4 tr/m²",6,6,"Phú Thượng, Tây Hồ","21.084173860493806, 105.81204650173238"
42064068,05/03/2025,Bán căn hộ penthouse Packexim 1 - Tây Hồ view cầu Nhật Tân sông Hồng lô góc mặt tiền thoáng sáng,19 tỷ,238 m²,"79,83 tr/m²",N/A,N/A,"Phú Thượng, Tây Hồ","21.0838756190787, 105.808895275517"
41807121,05/03/2025,"Bán căn góc 4 ngủ DT 182m2 view sân golf tòa P2 Ciputra KĐT Nam Thăng Long, sẵn sổ đỏ LH 0963 492 ***",Giá thỏa thuận,182 m²,N/A,4,3,"Phú Thượng, Tây Hồ","21.07116839561547, 105.81160942796402"
41508199,05/03/2025,"Chính chủ cần bán căn 3 ngủ view nội khu Sunshine Golden River Tây Hồ, nhà mới, giá hợp lý",Giá thỏa thuận,"141,5 m²",N/A,3,2,"Phú Thượng, Tây Hồ","21.078651428222656, 105.8026123046875"
41905489,05/03/2025,(Hàng Hot) bán căn 83m2/2PN tại 6th Element Tây Hồ view ĐẸP sẵn sổ đỏ FULL ĐỒ LH 0946 827 ***,"8,1 tỷ",83 m²,"97,59 tr/m²",2,2,"Xuân La, Tây Hồ","21.05957044259252, 105.80404553898266"
42198147,05/03/2025,"Bán gấp căn hộ chung cư 2PN, 1WC, 64m2 khu tái định cư CT2, 4,35 tỷ","4,35 tỷ",64 m²,"67,97 tr/m²",2,1,"Xuân La, Tây Hồ","21.0622256705535, 105.807428494112"
40423948,05/03/2025,Bán căn 2 ngủ 65m2 view nội khu bể bơi chung cư Sunshine Riverside Tây Hồ. LH 0966 998 ***,Giá thỏa thuận,65 m²,N/A,2,2,"Phú Thượng, Tây Hồ","21.0786514282227, 105.802612304688"
41964055,05/03/2025,"Chủ nhà gửi bán quỹ CH DT 96m2, 100m, 110m, 155m, 231m2 duplex penhouse dự án Starlake Tây Hồ Tây","12,48 tỷ",96 m²,130 tr/m²,3,2,"Xuân La, Tây Hồ","21.060032166530767, 105.80493852805628"
39789080,05/03/2025,"Căn hộ chính chủ ở 6th Element, Tây Hồ cần bán căn 2PN(60m2) và 2PN, 2VS(83m2 & 87m2). Giá từ 5 tỷ","5,1 tỷ",60 m²,85 tr/m²,2,1,"Xuân La, Tây Hồ","21.0596752166748, 105.804077148438"
41653239,05/03/2025,"Chính chủ bán chung cư Sunshine Riverside 120m2 giá 8,3 tỷ. 0382 276 ***","8,3 tỷ",120 m²,"69,17 tr/m²",3,2,"Phú Thượng, Tây Hồ","21.084041595458984, 105.81189727783203"
42334502,04/03/2025,"Cực rẻ, căn hộ CCMN 36m2 phố Thượng Thụy, Tây Hồ giá chỉ 1.05 tỷ","1,05 tỷ",36 m²,"29,17 tr/m²",1,1,"Phú Thượng, Tây Hồ","21.0886587744639, 105.800475353308"
42042259,04/03/2025,"Bán căBán căn hộ chung cư 2PN, 2WC tại Khu tái định cư Xuân La, 4 tỷ VND, 71m2 chỉ với giá cực chất",4 tỷ,71 m²,"56,34 tr/m²",2,2,"Xuân La, Tây Hồ","21.0596777541482, 105.804075542721"
38514321,04/03/2025,"Bán gấp - bán chung cư T2 An Dương Vương - Âu Cơ - Phú Thượng - Tây Hồ - nội thất đầy đủ, tách sổ",800 triệu,36 m²,"22,22 tr/m²",2,2,"Phú Thượng, Tây Hồ","21.0897932, 105.804506"
42334365,04/03/2025,"Chung cư căn 3 ngủ 103,5m2 giá 12,5 tỷ tại Tây Hồ","12,5 tỷ","103,5 m²","120,77 tr/m²",3,3,"Quảng An, Tây Hồ","21.06564643642847, 105.82644413300993"
41725926,04/03/2025,"Siêu phẩm duy nhất căn góc HDI Tây Hồ (trục M07 rẻ đẹp nhất giá chỉ 11.5 tỷ), đã có sổ, view Hồ Tây","11,5 tỷ","107,2 m²","107,28 tr/m²",3,2,"Xuân La, Tây Hồ","21.055543899536133, 105.80513000488281"
41108495,04/03/2025,"Bán căn hoa hậu 08 / 160m2, ban công Đông Nam, view toàn cảnh Hồ Tây, nhận nhà ở ngay","24,8 tỷ",160 m²,155 tr/m²,3,3,"Phú Thượng, Tây Hồ","21.073904, 105.79998"
42333700,04/03/2025,"Duy nhất thị trường! Căn góc 87m2 ban công hướng mát, tầng trung, giá hơn 8 tỷ, full cao cấp, sổ đỏ",Giá thỏa thuận,87 m²,N/A,2,2,"Xuân La, Tây Hồ","21.060416906480665, 105.80393459946629"
40359742,04/03/2025,Bán gấp căn Penhouse thông tầng 289m2 tại Golden River view sông hồng giá tốt LH: 0922 969 ***,Giá thỏa thuận,278 m²,N/A,3,4,"Phú Thượng, Tây Hồ","21.083868253861194, 105.81282978724849"
42182971,04/03/2025,"HOT chủ nhà đi Đức bán căn Ngoại Giao View Hồ Tây cực đẹp ở DA Skyline Cạnh Heritage, giá cực tốt",Giá thỏa thuận,"83,5 m²",N/A,2,2,"Phú Thượng, Tây Hồ","21.084980998011925, 105.81780230630342"
42106831,04/03/2025,"Một căn 2 ngủ duy nhất 106.3m2 dự án D'.Le Roi Soleil 59 Xuân Diệu, Tây Hồ. Quà tặng xuân 300 triệu","14,1 tỷ","106,3 m²","132,64 tr/m²",2,N/A,"Quảng An, Tây Hồ","21.0654583487209, 105.826028954483"
41646568,04/03/2025,Tặng ngay 400 triệu khi mua căn hộ 3 ngủ dự án D'. Le Roi Soleil Tân Hoàng Minh 59 Xuân Diệu Tây Hồ,"14,45 tỷ",104 m²,"138,98 tr/m²",3,3,"Quảng An, Tây Hồ","21.0658321380615, 105.826507568359"
42332950,04/03/2025,"Bán căn hộ chung cư 3PN + 3WC, 133m2, 14 tỷ tại Xuân La, Tây Hồ, Hà Nội",14 tỷ,133 m²,"105,26 tr/m²",3,3,"Xuân La, Tây Hồ","21.0623544724884, 105.8072194218"
35191265,04/03/2025,"Tôi bán căn hộ CC tòa 249A Thụy Khuê, Tây Hồ, 146m, 3PN, nhà đẹp, 11.5 tỷ. LH A. Đức: 0981 545 ***","11,5 tỷ",146 m²,"78,77 tr/m²",3,2,"Thụy Khuê, Tây Hồ","21.043359756469727, 105.81848907470703"
38677629,04/03/2025,Cần bán gần căn hộ 56m2 2PN giá 4.3 tỷ Oriental Westlake 174 Lạc Long Quân LH 0978 723 ***,"4,3 tỷ",56 m²,"76,79 tr/m²",2,1,"Bưởi, Tây Hồ","21.051907, 105.80906"
41361128,04/03/2025,"Quỹ căn 3PN Heritage West Lake view mép Hồ Tây giá từ 23 tỷ full nội thất, sở hữu lâu dài",23 tỷ,145 m²,"158,62 tr/m²",3,3,"Phú Thượng, Tây Hồ","21.0765572994897, 105.814787326613"
40969029,04/03/2025,"Cập nhật quỹ căn Heritage West Lake 2PN 93m2, 3PN 145 - 149m2, 4PN 180m2, duplex 267m2 tháng 2.2025","26,5 tỷ",180 m²,"147,22 tr/m²",4,4,"Phú Thượng, Tây Hồ","21.0728492736816, 105.812431335449"
42189043,04/03/2025,Bán căn 4PN 4WC 222.3m2 tầng trung siêu phẩm Hồ Tây D. Le Roi Soleil 59 Xuân Diệu,30 tỷ,"222,3 m²","134,95 tr/m²",4,4,"Quảng An, Tây Hồ","21.0697729942857, 105.826251561659"
40162972,04/03/2025,Chủ nhà cần tiền bán gấp nên giá siêu tốt căn 2 diện tích 58 m2 giá chỉ từ 4x tỷ - LH 0906 289 ***,"4,5 tỷ",58 m²,"77,59 tr/m²",2,2,"Phú Thượng, Tây Hồ","21.0728492736816, 105.812431335449"
41832603,04/03/2025,"Chính chủ bán căn hộ G01 175m2 tầng cao view sông Hồng, cầu Nhật Tân. LH 0966 836 ***",Giá thỏa thuận,175 m²,N/A,3,2,"Phú Thượng, Tây Hồ","21.083891470183, 105.812193828641"
42118799,04/03/2025,Bán căn Duplex 250m2 view công viên 25ha Ciputra/ Đã có sổ/ Nguyên bản CĐT/ Giá: 14.5 tỷ (58tr/m2),"14,5 tỷ",250 m²,58 tr/m²,4,3,"Phú Thượng, Tây Hồ","21.079956846559753, 105.81328837174166"
42021839,04/03/2025,"Bán căn hộ 3PN, 2VS (109m2) tại 6th Element, Tây Hồ, Hà Nội. View siêu đẹp, LH: 0961 925 ***",Giá thỏa thuận,109 m²,N/A,3,2,"Xuân La, Tây Hồ","21.060254762906595, 105.80460658374007"
42330650,04/03/2025,Bán gấp căn 2 ngủ 60m2 Sunshine Riverside giá cực tốt,"5,1 tỷ",60 m²,85 tr/m²,2,1,"Phú Thượng, Tây Hồ","21.08471847704677, 105.81228427128795"
41713475,04/03/2025,"Sunshine Riverside - Căn 2PN gần 60m2 Hướng Nam. Giá bán 4, x tỷ. LH 0971 681 *** cam kết giá tốt",Giá thỏa thuận,"59,1 m²",N/A,2,N/A,"Phú Thượng, Tây Hồ","21.084041595458984, 105.81189727783203"
42330682,04/03/2025,"Bán CC ngõ 15 An Dương Vương, PHú thượng, Tây Hồ, DT 50m2 giá 2.650 tỷ. LH em Hường 0936 670 ***","2,65 tỷ",50 m²,53 tr/m²,1,1,"Phú Thượng, Tây Hồ","21.089172883424983, 105.79426311922785"
41986354,04/03/2025,"Bán căn 2PN đẹp nhất HDI Võ Chí Công - tầng cao view trọn Hồ Tây. DT 76,6m2 full đồ. Có sổ",Giá thỏa thuận,"76,6 m²",N/A,2,2,"Xuân La, Tây Hồ","21.055864300085375, 105.804771988097"
42330044,04/03/2025,"Bán căn góc 3 ngủ/100m2 - 2 ban công - 8 tỷ, tầng cao view sông Hồng Sunshine Tây Hồ. LH 0966 286 ***",8 tỷ,100 m²,80 tr/m²,3,2,"Phú Thượng, Tây Hồ","21.084054300620274, 105.81150461437215"
41964293,04/03/2025,"Bán CC D. El Dorado, Nguyễn Hoàng Tôn, 6.x tỷ, 70m2, view đẹp, uy tín",6 tỷ,70 m²,"85,71 tr/m²",N/A,N/A,"Phú Thượng, Tây Hồ","21.07338771697405, 105.80006099408934"
38661767,04/03/2025,"Hot - bán nhanh căn góc Sun Thụy Khuê 130m2, 3PN. Các phòng đều thoáng",Giá thỏa thuận,130 m²,N/A,3,2,"Thụy Khuê, Tây Hồ","21.0411720275879, 105.825096130371"
41572634,04/03/2025,Chính chủ gửi bán căn hộ 2pn phong cách Châu Âu nội cao cấp giá hơn 11tỷ tại Soleil 59 Xuân Diệu,"11,5 tỷ",82 m²,"140,24 tr/m²",2,N/A,"Quảng An, Tây Hồ","21.0662459716315, 105.826695965141"
35970529,04/03/2025,"Tôi bán căn hộ CC tòa 249A Thụy Khuê, Tây Hồ, 145m2, 3PN, nhà đẹp, 11.3 tỷ, LH A. Đức: 0981 545 ***","11,3 tỷ",145 m²,"77,93 tr/m²",3,2,"Thụy Khuê, Tây Hồ","21.0433597564697, 105.818489074707"
36942083,04/03/2025,"Chính chủ cần bán CHCC Oriental Westlake, 174 Lạc Long Quân, Tây Hồ, 110m, 3pn, đủ nội thất, 7.x tỷ","7,9 tỷ",110 m²,"71,82 tr/m²",3,2,"Bưởi, Tây Hồ","21.0519065856934, 105.809059143066"
42111939,04/03/2025,"Bán căn hộ mới, đẹp, 147m2, tòa E Ciputra, 4 phòng ngủ đủ nội thất",11 tỷ,147 m²,"74,83 tr/m²",4,2,"Phú Thượng, Tây Hồ","21.070259013218166, 105.80990488949271"
42200492,04/03/2025,"Bán căn hộ VIP giá tốt tầng cao 182m2, view sân golf nhà siêu đẹp","15,5 tỷ",182 m²,"85,16 tr/m²",4,2,"Phú Thượng, Tây Hồ","21.073690389087048, 105.82340723979355"
42111291,04/03/2025,"Bán căn hộ tầng cao tòa nhà E Ciputra 153m2, đủ đồ siêu VIP","10,8 tỷ",153 m²,"70,59 tr/m²",4,2,"Phú Thượng, Tây Hồ","21.071511522367373, 105.81165659687797"
40730571,04/03/2025,"Bán căn góc 182m2 tòa P2 Ciputra, view sân golf, căn góc",Giá thỏa thuận,182 m²,N/A,4,3,"Phú Thượng, Tây Hồ","21.072135925293, 105.810997009277"
37263884,04/03/2025,"Tôi cần bán CHCC Lạc Hồng, Tây Hồ, 85m2, 2PN, nhà đẹp, full nội thất. LH 0981 545 ***",4 tỷ,85 m²,"47,06 tr/m²",2,2,"Phú Thượng, Tây Hồ","21.0833492279053, 105.810729980469"
42285920,04/03/2025,"Siêu phẩm! Bán Duplex đẳng cấp view Sông Hồng, bể bơi vô cực, sân vườn riêng ở Noble Crystal Tây Hồ","69,52 tỷ",284 m²,"244,79 tr/m²",N/A,N/A,"Phú Thượng, Tây Hồ","21.083413502031767, 105.80775468322913"
42119841,04/03/2025,"Bán căn Penthouse 250m2, 4 ngủ tầm view Panorama nhìn Hồ Tây cực đẹp, tại D'. El Dorado Tây Hồ",42 tỷ,250 m²,168 tr/m²,4,4,"Xuân La, Tây Hồ","21.069875399928783, 105.80957703218981"
41990112,04/03/2025,Căn hộ 4 phòng ngủ view hồ Tây và quỹ CĐT 1/2025 D. Le Roi Soleil 59 Xuân Diệu - Quảng An - Tây Hồ,"9,24 tỷ",88 m²,105 tr/m²,2,2,"Quảng An, Tây Hồ","21.066323924710254, 105.82617718559308"
41560764,04/03/2025,"Bán căn hộ 3PN, 105m2, giá 11,5 tỷ, Soleil Tây Hồ 59 Xuân Diệu, view toàn cảnh hồ Tây và sông Hồng","11,5 tỷ",106 m²,"108,49 tr/m²",2,2,"Quảng An, Tây Hồ","21.066670856206, 105.826888985173"
41949184,04/03/2025,"Chính chủ bán căn hộ chung cư tầng 11 tòa 249A Thụy Khuê Tây Hồ sổ 146m2 3 ngủ 2 ban công 11,6 tỷ","11,6 tỷ",146 m²,"79,45 tr/m²",3,N/A,"Thụy Khuê, Tây Hồ","21.0433993304394, 105.81849174493"
42248521,04/03/2025,"Bán chung cư toà CT36 Xuân La, Tây Hồ 77 m2, 2 phòng ngủ, 2 VS, cần bán gấp",Giá thỏa thuận,77 m²,N/A,2,2,"Xuân La, Tây Hồ","21.0600056775884, 105.804788518974"
42328363,04/03/2025,HOT 1 căn 3PN view hồ bán duy nhất tại Golden Westlake tháng 3/2025 DT 128m2 LH 0888 486 ***.,"15,36 tỷ",128 m²,120 tr/m²,3,2,"Thụy Khuê, Tây Hồ","21.043576923716763, 105.82196923550633"
38904190,04/03/2025,Bán căn 2PN / 88m2 view Hồ Tây tại dự án D. Le Roi Soleil - 59 Xuân Diệu,Giá thỏa thuận,88 m²,N/A,2,2,"Quảng An, Tây Hồ","21.0658321380615, 105.826507568359"
42327980,04/03/2025,"Bán Căn hộ tòa P1 Ciputra, Hà Nội DT 145m2 03PN giá bán 8.8 tỷ. LH e Hường 0936 670 ***","8,8 tỷ",145 m²,"60,69 tr/m²",3,3,"Phú Thượng, Tây Hồ","21.074266201001908, 105.82347839021637"
29585669,04/03/2025,"Bán căn 2PN view thành phố 6.4 tỷ, căn Đông Nam view Hồ Tây từ 7.5 tỷ full NT, sổ đỏ lâu dài","6,4 tỷ",76 m²,"84,21 tr/m²",2,2,"Xuân La, Tây Hồ","21.0707530975342, 105.8095703125"
38966024,04/03/2025,"Cần bán 2PN /76m2 ban công view Hồ Tây, tầng cao view đẹp tại D'. El Dorado II","5,5 tỷ",76 m²,"72,37 tr/m²",2,2,"Xuân La, Tây Hồ","21.07075309753418, 105.8095703125"
42219150,04/03/2025,"Sunshine Riverside căn 82m2/ 2pn, 2wc sẵn sổ, full đồ, view Sông Hồng, cầu Nhật Tân giá nhỉnh 6 tỷ",Giá thỏa thuận,82 m²,N/A,2,2,"Phú Thượng, Tây Hồ","21.084095980190124, 105.81187559437414"
42324939,04/03/2025,Udic Westlake bán căn GÓC 4PN 148m2/view CV 25ha Ciputra/ Full đồ cao cấp/ Giá: 11.5 tỷ Bao phí,"11,5 tỷ",148 m²,"77,7 tr/m²",4,2,"Phú Thượng, Tây Hồ","21.079836769268496, 105.81367512909064"
42304495,04/03/2025,Căn hộ Penthouse Siêu Vip bán đến từ chung cư El Dorado - 1 phút đến Hồ Tây. LH: 0398 195 ***,27 tỷ,144 m²,"187,5 tr/m²",2,2,"Phú Thượng, Tây Hồ","21.074205929084346, 105.79952475842607"
42326494,04/03/2025,"Bán căn hộ tòa G tầng cao Ciputra, Hà Nội dt 150m 04pn, giá 9.7 tỷ. LH e Hường 0936 670 ***","9,7 tỷ",150 m²,"64,67 tr/m²",4,2,"Phú Thượng, Tây Hồ","21.073792631879, 105.824461198174"
42189924,04/03/2025,"Bán nhanh căn hộ 58m2 hạng sang Heritage Tây Hồ giá chỉ nhỉnh 4 tỷ, nhận nhà ngay, nhà mới tinh","4,6 tỷ",58 m²,"79,31 tr/m²",1,1,"Phú Thượng, Tây Hồ","21.0728835197947, 105.812466332366"
42190410,04/03/2025,Chính chủ gửi bán căn 2 ngủ chung cư HDI tây hồ full nội thất giá tốt.0979 343 ***,Giá thỏa thuận,73 m²,N/A,N/A,N/A,"Xuân La, Tây Hồ","21.055244644407409, 105.80500500410038"
42229608,04/03/2025,Em cần bán gấp duplex Udic Westlake đối diện Lotte Tây Hồ giá tốt nhất thị trường. 0979 343 ***,"14,5 tỷ",249 m²,"58,23 tr/m²",5,3,"Phú Thượng, Tây Hồ","21.08015180856173, 105.81388725510163"
42232599,04/03/2025,Cần bán gấp căn 4 ngủ chung cư Udic West lake đối diện lotte tây hồ giá tốt.0979 343 ***,"9,9 tỷ",148 m²,"66,89 tr/m²",4,2,"Phú Thượng, Tây Hồ","21.080445408177003, 105.81431184237827"
42207611,04/03/2025,"Bán gấp CH duplex 2 tầng tại Sun Grand City 69B Thụy Khuê, 180m2, 3PN, full nội thất LH 0975 034 ***",22 tỷ,180 m²,"122,22 tr/m²",3,3,"Thụy Khuê, Tây Hồ","21.0409323395615, 105.825253280525"
42326156,04/03/2025,"Cần bán căn hộ 3PN chung cư Golden Westlake, DT 128m2 giá chỉ 13 tỷ. LH 0814 332 ***",13 tỷ,128 m²,"101,56 tr/m²",3,2,"Thụy Khuê, Tây Hồ","21.043420791626, 105.821563720703"
41525222,04/03/2025,"Bán căn hộ Sun Grand City - 69B Thụy Khuê, 50m2 1 ngủ, view hồ giá 6x tỷ. LH 0814 332 ***",Giá thỏa thuận,50 m²,N/A,1,1,"Thụy Khuê, Tây Hồ","21.0411720275879, 105.825096130371"
42139498,04/03/2025,"Bán căn góc hoa hậu tòa A Udic Westlake Tây Hồ. Nhà mới 100% view Hồ Tây, công viên Ciputra. Sẵn sổ",Giá thỏa thuận,168 m²,N/A,3,2,"Phú Thượng, Tây Hồ","21.079966930217726, 105.81435857847471"
39243900,04/03/2025,"Quỹ độc quyền chung cư cao cấp 5* view Hồ Tây - số lượng giới hạn, Skyline West Lake, Tây Hồ, HN","6,42 tỷ","77,4 m²",83 tr/m²,2,N/A,"Phú Thượng, Tây Hồ","21.0850811004639, 105.817024230957"
39417185,04/03/2025,"Cần nhượng lại căn hộ 78m2, 2PN chung cư cao cấp 5* Skyline West Lake, Võ Chí Công, Tây Hồ",Giá thỏa thuận,78 m²,N/A,2,2,"Phú Thượng, Tây Hồ","21.0850811004639, 105.817024230957"
42189562,04/03/2025,"Bán căn chung cư 153m2/4PN đủ đồ, sổ đỏ chính chủ tại tòa E Ciputra Hà Nội",Giá thỏa thuận,153 m²,N/A,4,2,"Phú Thượng, Tây Hồ","21.073584783635585, 105.82359087937066"
42216835,04/03/2025,"Bán căn chung cư 4 ngủ, đủ đồ, view sân golf tòa P Ciputra Hà Nội","15,5 tỷ",182 m²,"85,16 tr/m²",4,3,"Phú Thượng, Tây Hồ","21.074151669739816, 105.82399263131896"
41742158,04/03/2025,Hot - Bán căn 3PN 142m2 rẻ nhất dự án/ nhà nguyên bản CĐT/ Giá: 12.5 tỷ bao phí/ LH: 0986 558 ***,"12,5 tỷ",142 m²,"88,03 tr/m²",3,2,"Phú Thượng, Tây Hồ","21.084041595458984, 105.81189727783203"
39265508,04/03/2025,"Cần bán căn hộ 72m2 thiết kế 2PN 2VS view Hồ Tây giá 6,1 tỷ tại chung cư CT36 Xuân La LH 0364 224 ***","6,1 tỷ",72 m²,"84,72 tr/m²",2,2,"Xuân La, Tây Hồ","21.059672907174, 105.804079969016"
42324865,04/03/2025,"Bán CC đẹp 2PN tại 6th Element, 8,4 tỷ, 83m2, Tây Hồ, HN","8,4 tỷ",83 m²,"101,2 tr/m²",2,2,"Xuân La, Tây Hồ","21.05959075843297, 105.80319435777699"
42117923,04/03/2025,"Bán căn hộ cao cấp 2PN+1 Heritage West Lake 677 Lạc Long Quân, full nội thất, tầng cao giá 14.5 tỷ",13 tỷ,93 m²,"139,78 tr/m²",2,2,"Phú Thượng, Tây Hồ","21.07353259978532, 105.81235059877893"
41645652,04/03/2025,"Chung cư cao cấp Học Viện Quốc Phòng, Tây Hồ 106 m2, 3 phòng ngủ, 2VS, slot 2 ô tô vĩnh viễn",Giá thỏa thuận,106 m²,N/A,3,2,"Xuân La, Tây Hồ","21.046695709228516, 105.80083465576172"
42130422,04/03/2025,"Bán căn hộ chung cư Udic Westlake, 6 tỷ VND, 85 m2, 2PN + 2WC, hướng Đông Nam",6 tỷ,85 m²,"70,59 tr/m²",2,2,"Phú Thượng, Tây Hồ","21.080946232096537, 105.81351195617638"
42277484,04/03/2025,"Bán CH Sunshine Riverside, 6,6 tỷ, 80,65m2, view đẹp, pháp lý đầy đủ","6,6 tỷ","80,65 m²","81,83 tr/m²",2,N/A,"Phú Thượng, Tây Hồ","21.08448320697154, 105.81187944138975"
42324174,04/03/2025,"Bán căn hộ tòa L3 Ciputra dt 72m 02pn, căn góc giá 6.9 tỷ ( còn bớt nữa) . Lh e Hường 0936 670 ***","6,9 tỷ",72 m²,"95,83 tr/m²",2,2,"Phú Thượng, Tây Hồ","21.073701708088944, 105.82430436846498"
42322929,04/03/2025,"Bán chung cư view đẹp tại Tây Hồ River View, 65 triệu, 92m2, 3PN, 2WC, Phú Thượng, Tây Hồ, HN","5,98 tỷ",92 m²,65 tr/m²,3,2,"Phú Thượng, Tây Hồ","21.089038424435742, 105.8007761482751"
41503047,04/03/2025,Bán căn chung cư 161m2/ 3 ngủ nội thất cao cấp tại dự án Sunshine Golden River LH: 0922 969 ***,Giá thỏa thuận,161 m²,N/A,3,2,"Phú Thượng, Tây Hồ","21.078651428222656, 105.8026123046875"
40596649,04/03/2025,Chính thức nhận booking Noble Crystal Tây Hồ ưu đãi ngay 500 triệu - đăng ký đặt mua LH: 0922 969 ***,Giá thỏa thuận,120 m²,N/A,2,2,"Phú Thượng, Tây Hồ","21.08382746724881, 105.808556836382"
41378694,04/03/2025,"PKD Capitaland tổng hợp căn Pent, Duplex 3-4PN đẹp nhất dự án đang bán, lên xem trực tiếp căn hộ","18,8 tỷ",180 m²,"104,44 tr/m²",4,N/A,"Phú Thượng, Tây Hồ","21.0728492736816, 105.812431335449"
40695212,04/03/2025,"Quỹ căn Soleil tháng 8 3PN từ 10.5 - 11.5 tỷ, căn góc 146m2 từ 11.5 - 14.5 tỷ, liên hệ 0984 879 ***",12 tỷ,146 m²,"82,19 tr/m²",3,3,"Quảng An, Tây Hồ","21.065832, 105.82651"
42145145,04/03/2025,"Bán 2 căn 01,10 M1 và D2 6th Element ban công Bắc view Starlake và bc Nam view Thành phố, hơn 8 tỷ",Giá thỏa thuận,"82,6 m²",N/A,2,2,"Xuân La, Tây Hồ","21.059576310231503, 105.80387984741346"
42323560,03/03/2025,BÁN CĂN HỘ CAO CẤP HERITAGE WEST LAKE TÂY HỒ GIÁ RẺ NHẤT THỊ TRƯỜNG - NỘI THẤT CAO CẤP-0876 246 ***,"13,5 tỷ",95 m²,"142,1 tr/m²",2,2,"Phú Thượng, Tây Hồ","21.072220561097335, 105.81185230737347"
42323544,03/03/2025,"Chính chủ bán duplex thô view thẳng Hồ Tây cực đẹp toà Heritage West Lake, DT 297m2",77 tỷ,297 m²,"259,26 tr/m²",4,4,"Phú Thượng, Tây Hồ","21.0734327908722, 105.813063499603"
42255626,03/03/2025,Bán căn hộ chung cư CT2 Xuân La giá nhỉnh 4 tỷ,"4,15 tỷ",67 m²,62 tr/m²,2,1,"Xuân La, Tây Hồ","21.05961649123545, 105.80396672231186"
41977423,03/03/2025,"Siêu hot căn hộ 4PN, 4WC, 182m2, view thẳng Hồ Tây 34 tỷ tại Heritage West Lake",34 tỷ,182 m²,"186,81 tr/m²",4,4,"Phú Thượng, Tây Hồ","21.0730778493203, 105.813008351193"
42132599,03/03/2025,Bán Duplex Sun Thuỵ Khuê 3 ngủ 3WC DT 180m2 full đồ đẹp giá chỉ 25.5 tỷ,"25,5 tỷ",180 m²,"141,67 tr/m²",3,3,"Thụy Khuê, Tây Hồ","21.0410273451872, 105.824989767286"
41968983,03/03/2025,"Bán căn hộ phố Võ Chí Công - Lạc Long Quân 52m2, 2 ngủ đã có sổ đỏ","1,89 tỷ",52 m²,"36,35 tr/m²",2,1,"Xuân La, Tây Hồ","21.0595280404154, 105.804813842311"
42097855,03/03/2025,Bán căn hộ chung cư PentStudio - Tây Hồ - 76m2 - 2PN - view Hồ Tây lộng gió - Giá hơn 7 tỷ,"7,2 tỷ",76 m²,"94,74 tr/m²",2,2,"Phú Thượng, Tây Hồ","21.064490927752, 105.809747202326"
41494068,03/03/2025,"Bán căn góc HDI Tây Hồ (trục M07 rẻ đẹp nhất giá chỉ 11.5 tỷ), nhận nhà luôn, đã có sổ, view Hồ Tây","11,5 tỷ","107,2 m²","107,28 tr/m²",3,2,"Xuân La, Tây Hồ","21.0555438995361, 105.805130004883"
40572793,03/03/2025,Bán căn hộ 3PN 160m2 tầng cao view ôm trọn sông Hồng. Nhà mới. Nội thất nguyên bản CĐT,Giá thỏa thuận,160 m²,N/A,3,2,"Phú Thượng, Tây Hồ","21.08438149134687, 105.81147114637002"
42186678,03/03/2025,Bán căn hộ 3 phòng ngủ tòa P Ciputra Hà Nội. LH 0972 362 ***,"8,9 tỷ",145 m²,"61,38 tr/m²",3,2,"Phú Thượng, Tây Hồ","21.07387341368066, 105.8237094570418"
42320729,03/03/2025,"Bán căn hộ 2PN/88m2 tại Ciputra Hà Nội, sổ đỏ chính chủ, giá ưu đãi chỉ 7,2 tỷ","7,2 tỷ",88 m²,"81,82 tr/m²",2,2,"Phú Thượng, Tây Hồ","21.073585468844755, 105.8239852133448"
42320282,03/03/2025,Chính chủ em cần bán căn 4 ngủ chung cư Udic West lake đối diện lotte Tây Hồ giá tốt.0979 343 ***,"9,9 tỷ",148 m²,"66,89 tr/m²",4,2,"Phú Thượng, Tây Hồ","21.07935933902951, 105.81394414573828"
39678420,03/03/2025,Chính chủ cần chuyển nhượng căn 2 ngủ 92m2 tầng đẹp dự án Skyline Võ Chí Công,"11,96 tỷ",92 m²,130 tr/m²,2,N/A,"Phú Thượng, Tây Hồ","21.0850811004639, 105.817024230957"
42320069,03/03/2025,Bán căn chung cư 123m2/3PN đủ đồ tại tòa E Ciputra Hà Nội giá tốt nhất,"8,4 tỷ",123 m²,"68,29 tr/m²",3,2,"Phú Thượng, Tây Hồ","21.073601880496312, 105.82380258441748"
42319124,03/03/2025,"Chuyển công tác, bán căn hộ 72,92 m2,view sông hồng siêu đẹp, thoáng mát","4,7 tỷ","72,92 m²","64,45 tr/m²",2,2,"Phú Thượng, Tây Hồ","21.088279724121094, 105.80040740966797"
42217102,03/03/2025,"Chính chủ gửi bán chung cư toà P, 182m2/4PN Ciputra Hà Nội","16,5 tỷ",182 m²,"90,66 tr/m²",4,2,"Phú Thượng, Tây Hồ","21.073795727397613, 105.82408488691529"
41486204,03/03/2025,"Chung cư Tây Hồ River View, lô góc, 2 ban công, view đẹp, tầng đẹp","5,8 tỷ",99 m²,"58,59 tr/m²",3,2,"Phú Thượng, Tây Hồ","21.088279724121094, 105.80040740966797"
40874900,03/03/2025,VIP bán căn 3PN 160m2 full đồ vào ở ngay Sunshine Golden River - Giá bán 84tr/m2. Ban công Đông Nam,"13,44 tỷ",160 m²,84 tr/m²,3,2,"Phú Thượng, Tây Hồ","21.0786514282227, 105.802612304688"
42132615,03/03/2025,"Bán căn 3PN view Sân golf Ciputra Sunshine Golden River, DT 145m2 nhà mới tinh. Giá 12 tỷ hơn",Giá thỏa thuận,145 m²,N/A,3,2,"Phú Thượng, Tây Hồ","21.083808690111873, 105.81184607041281"
42318475,03/03/2025,"Căn hộ đẹp nhiều tiện ích tại Ciputra Hà Nội, 14,5 tỷ, 154m2","14,5 tỷ",154 m²,"94,16 tr/m²",3,2,"Phú Thượng, Tây Hồ","21.073814824422687, 105.8237507538131"
42318359,03/03/2025,"Bán căn góc 3 ngủ/94m2 - 2 ban công, hướng Đông Nam mát nhỉnh 7 tỷ, có sổ. LH 0966 286 ***","7,2 tỷ",94 m²,"76,6 tr/m²",3,2,"Phú Thượng, Tây Hồ","21.084112985710245, 105.81182443679434"
42140554,03/03/2025,"Bán căn hộ 222.3 m2/4PN, Ban công Đông Nam, view Hồ Tây + Hồ Tứ Liên và SH tại D. Le Roi Soleil","30,5 tỷ","222,3 m²","137,2 tr/m²",4,4,"Quảng An, Tây Hồ","21.06593540505842, 105.82608311267961"
42085144,03/03/2025,Mở bán - Chung cư giá rẻ H1 An Dương Vương - Phú Thượng - Tây Hồ - Full nội thất,800 triệu,35 m²,"22,86 tr/m²",2,1,"Phú Thượng, Tây Hồ","21.0899982329134, 105.804592017524"
36687929,03/03/2025,"3 Tỷ căn Studio / 36m2 / full nội thất, Sổ Lâu dài, View Hồ Tây, nhận nhà ở ngay",3 tỷ,33 m²,"90,91 tr/m²",1,1,"Phú Thượng, Tây Hồ","21.0739040374756, 105.799980163574"
41034389,03/03/2025,"Cần bán căn 2 ngủ, 2wc, 80m2 Sunshine Riverside tầng cao view sông Hồng đẹp. LH 0966 286 ***","6,1 tỷ",80 m²,"76,25 tr/m²",2,2,"Phú Thượng, Tây Hồ","21.08405887184235, 105.8116786213362"
42243201,03/03/2025,Bán căn hộ 2 ngủ D'. Le Roi Soleil căn hộ rẻ duy nhất tòa chung cư full nội thất view Hồ Tây,Giá thỏa thuận,88 m²,N/A,2,2,"Quảng An, Tây Hồ","21.066600327002426, 105.8267119297773"
41736273,03/03/2025,"Bán CH view Hồ tây đẹp xuất sắc tại D'. El Dorado, 4,6 tỷ, 40m2, 1 ngủ, sẵn khách thuê 13tr/tháng","4,6 tỷ",40 m²,115 tr/m²,1,N/A,"Phú Thượng, Tây Hồ","21.073904037475586, 105.79998016357422"
42200620,03/03/2025,"Chính chủ bán Căn Chung cư 28 Xuân La - 6,1tỷ - không tiếp MG - 76,3m2 Như Hình","6,1 tỷ","76,3 m²","79,95 tr/m²",2,2,"Xuân La, Tây Hồ","21.0644563507018, 105.80606212703"
28694763,03/03/2025,"Siêu căn hộ 236m2 tầng cao, hướng Đông Nam, view trực diện Hồ Tây và vườn hoa Lạc Long Quân cần bán","47,2 tỷ",236 m²,200 tr/m²,4,3,"Phú Thượng, Tây Hồ","21.0739040374756, 105.799980163574"
42199316,03/03/2025,"Nhà em bán bớt 1 căn CCMN số nhà 27 ngõ 16 Thượng Thụy, Phú Thượng, Tây Hồ 40m vuông. Giá: 1.15 tỷ","1,15 tỷ",40 m²,"28,75 tr/m²",2,1,"Phú Thượng, Tây Hồ","21.0885740456272, 105.800476385437"
42223998,03/03/2025,"Em là cư dân Ecolife Tây Hồ cần bán căn 87,8m2 gồm 2PN 2WC giá đang tốt nhất thị trường","6,5 tỷ","87,8 m²","74,03 tr/m²",2,2,"Xuân La, Tây Hồ","21.059936114651656, 105.80456432372354"
42045640,03/03/2025,"Chính chủ bán căn hộ 130m2, 3PN full view hồ giá 17,5 tỷ tòa 903 Starlake. Tây Hồ LH: 0888 486 ***.",Giá thỏa thuận,128 m²,N/A,3,2,"Xuân La, Tây Hồ","21.059389188477994, 105.80481177710433"
42317071,03/03/2025,Tôi cần bán gấp căn hộ 3 ngủ chung cư E1 Ciputra tây hồ giá tốt.0979 343 ***,8 tỷ,123 m²,65 tr/m²,3,2,"Phú Thượng, Tây Hồ","21.07381404778537, 105.82415934414277"
32342832,03/03/2025,Bán gấp căn số 05 tầng cao dự án D'. El Dorado 659A Lạc Long Quân,27 tỷ,145 m²,"186,21 tr/m²",2,2,"Phú Thượng, Tây Hồ","21.0739040374756, 105.799980163574"
31497515,03/03/2025,"Bán chung cư Heritage West Lake 677 Lạc Long Quân, Tây Hồ, Hà Nội - Giá bán từ 12,9 tỷ /căn","34,5 tỷ",180 m²,"191,67 tr/m²",4,N/A,"Phú Thượng, Tây Hồ","21.0728492736816, 105.812431335449"
42317062,03/03/2025,"Căn góc siêu đẹp 3PN 145m2 tại tòa P1 Ciputra, full nội thất, giá 9 tỷ BP, LH: 0835 950 ***",9 tỷ,145 m²,"62,07 tr/m²",3,3,"Phú Thượng, Tây Hồ","21.07308005439731, 105.82352979986574"
41580473,03/03/2025,Bán căn hộ Sunshine Riverside (2PN + 2WC) - view nội khu bể bơi - sát vườn - căn góc 2 thoáng,"6,45 tỷ","80,6 m²","80,03 tr/m²",2,2,"Phú Thượng, Tây Hồ","21.08316291312147, 105.81179767451218"
42316657,03/03/2025,Quỹ căn ban công quanh nhà giá tốt nhất tại Ciputra - chỉ từ 85 triệu/ m2,12 tỷ,141 m²,"85,11 tr/m²",3,2,"Phú Thượng, Tây Hồ","21.084283476744343, 105.81146574681689"
42316338,03/03/2025,"Chung cư Heritage West Lake, view trực diện Hồ Tây - 4N - 4WC, 180m2, 35,5 tỷ","35,5 tỷ",180 m²,"197,22 tr/m²",4,4,"Phú Thượng, Tây Hồ","21.073292703403904, 105.81192908397196"
41742758,03/03/2025,"Chính chủ giảm 500 triệu để bán gấp căn hộ 2PN 110m2 giá 11,9 tỷ toà 903 Starlake LH 0888 486 ***","11,9 tỷ",91 m²,"130,77 tr/m²",2,2,"Xuân La, Tây Hồ","21.060384262212267, 105.80425122949747"
40028018,03/03/2025,Cần Bán căn hộ 2PN gia đình đang ở tại chung cư StarLake. KĐT cao cấp nhất khu vực Tây Hồ,11 tỷ,101 m²,"108,91 tr/m²",2,2,"Xuân La, Tây Hồ","21.0596752166748, 105.804077148438"
41866357,03/03/2025,"Giao bán căn hộ 6th Element, tầng 22, 3PN 2VS (117m2) view hồ Starlake check Hồ Tây. LH 0961 925 ***",Giá thỏa thuận,117 m²,N/A,3,2,"Xuân La, Tây Hồ","21.05969771224346, 105.80403496128446"
41790874,03/03/2025,Chủ nhà tin tưởng gửi bán gấp căn hộ DT 100m2 110m 155m 231m2 duplex penhouse dự án Starlake Tây Hồ,11 tỷ,100 m²,110 tr/m²,3,2,"Xuân La, Tây Hồ","21.060226322942675, 105.80403136670465"
41460514,03/03/2025,"Bán gấp căn hộ chung cư cao cấp Sun Grand City 69B Thụy Khuê, 155m2, 3PN, căn góc",Giá thỏa thuận,155 m²,N/A,3,2,"Thụy Khuê, Tây Hồ","21.0427535682319, 105.82424168766"
42187308,03/03/2025,Cần bán gấp căn hộ 2pn tại Sun Grand City 69B Thuỵ Khuê - Tây Hồ - Hà Nội,12 tỷ,90 m²,"133,33 tr/m²",2,N/A,"Thụy Khuê, Tây Hồ","21.0409161877655, 105.825149698283"
42314302,03/03/2025,"Căn hộ 3PN, 2WC, 187m2 tại Ciputra, 11 tỷ, Tây Hồ, Hà Nội",11 tỷ,187 m²,"58,82 tr/m²",3,2,"Phú Thượng, Tây Hồ","21.073890300867376, 105.8235704721306"
42131535,03/03/2025,"Sunshine riverside bán căn rất đẹp 2PN hướng Đông giá 6.x tỷ/83m2 full đồ nội thất, view sông Hồng",Giá thỏa thuận,"82,61 m²",N/A,2,2,"Phú Thượng, Tây Hồ","21.084435367135686, 105.81139690623695"
42315249,03/03/2025,"Studio view hồ đỉnh nóc kịch trần 3,5 tỷ, 36 m2, Tây Hồ, Hà Nội chỉ với cơ hội tuyệt vời","3,5 tỷ",36 m²,"97,22 tr/m²",N/A,N/A,"Xuân La, Tây Hồ","21.070389187385608, 105.80992379284582"
42313834,03/03/2025,"Bán căn hộ tòa G03 Ciputra, Hà Nội DT 147m2, 04PN giá 9 tỷ. LH em Hường 0936 670 ***",9 tỷ,147 m²,"61,22 tr/m²",4,2,"Phú Thượng, Tây Hồ","21.073712206422126, 105.82383668188264"
40177587,03/03/2025,Căn hộ 4 phòng ngủ đẹp như penthouse siêu rộng view 2 mặt Hồ Tây (0967 713 ***),"28,3 tỷ","222,3 m²","127,3 tr/m²",4,4,"Quảng An, Tây Hồ","21.0657195930428, 105.825975224528"
39088709,03/03/2025,"Bán căn chung cư CT14A1 Võ Chí Công 74/81 m2, 2 ngủ gần Hồ Tây, Lạc Long Quân, Tây Hồ","4,45 tỷ",81 m²,"54,94 tr/m²",2,2,"Phú Thượng, Tây Hồ","21.0701326166581, 105.810800246494"
41905267,03/03/2025,"Chính chủ bán căn góc 3 mặt thoáng chung cư 28 Xuân La, Tây Hồ - 110m2 giá 5,9 tỷ","5,9 tỷ",110 m²,"53,64 tr/m²",3,2,"Xuân La, Tây Hồ","21.0656559144844, 105.807189926187"
41771070,03/03/2025,"3PN Udic Westlake giá nhỉnh 7 tỷ nhà mới đẹp, tầng cao view thoáng. Sẵn sổ giao dịch ngay",Giá thỏa thuận,116 m²,N/A,3,2,"Phú Thượng, Tây Hồ","21.079955896774973, 105.81363484366312"
42017457,03/03/2025,Bán căn hộ 2PN 2WC chung cư Udic Westlake đối diện Lotte - DT 85m2 full NT. Giá tốt,Giá thỏa thuận,"85,6 m²",N/A,2,3,"Phú Thượng, Tây Hồ","21.02894860978742, 105.85244722590335"
41974179,03/03/2025,"Sunshine Golden River.Căn trục g-01 dt 160m2 3pn view sông Hồng,cầu Nhật Tân full đồ,tầng cao",Giá thỏa thuận,160 m²,N/A,3,2,"Phú Thượng, Tây Hồ","21.0833967071429, 105.812166957748"
42082973,03/03/2025,"Chính chủ cần bán căn hộ 6TH Element - Tây Hồ, căn góc Vip 109m2, 3PN, giá 12 tỷ BP, 0835 950 ***",12 tỷ,109 m²,"110,09 tr/m²",3,2,"Xuân La, Tây Hồ","21.0602910946905, 105.80374436240501"
41081352,03/03/2025,"Bán gấp căn 08 đẹp nhất tòa CC cao cấp Golden River, view Hồ Tây, 159,8m2, giá: 12,8 tỷ",13 tỷ,"159,8 m²","81,35 tr/m²",3,2,"Phú Thượng, Tây Hồ","21.084041595458984, 105.81189727783203"
42314346,03/03/2025,"Căn góc siêu đẹp 3PN 145m2 tại tòa P1 Ciputra, full nội thất, giá 9 tỷ BP, LH: 0835 950 ***",9 tỷ,145 m²,"62,07 tr/m²",3,3,"Phú Thượng, Tây Hồ","21.073574517140177, 105.82381483992216"
41270027,03/03/2025,"Bán CC cao cấp Golden River vườn trên cao, view Hồ Tây, 141,5m2 đến 161,8m2, giá rẻ nhất thị trường",13 tỷ,"159,8 m²","81,35 tr/m²",3,2,"Phú Thượng, Tây Hồ","21.078651428222656, 105.8026123046875"
42314281,03/03/2025,"Chung cư Westlake 168m2, view Hồ Tây - Cầu Nhật Tân, tầng cao, lô góc - 3 ngủ - 2 ban công",Giá thỏa thuận,168 m²,N/A,3,3,"Phú Thượng, Tây Hồ","21.0800776468114, 105.813574413007"
37692757,03/03/2025,Bán gấp - chung cư Ngã Tư Sở - Thanh Xuân - Nguyễn Trãi - cạnh Royal CiTy - ô tô tránh nhau,Giá thỏa thuận,58 m²,N/A,2,1,"Bưởi, Tây Hồ","21.0557068932921, 105.808709822697"
42241860,03/03/2025,"Bán căn hoa hậu 191m2 / 3PN, ban công Đông Nam, view triệu đô toàn Hồ Tây, nội thất cao cấp",Giá thỏa thuận,191 m²,N/A,3,3,"Phú Thượng, Tây Hồ","21.0741453150101, 105.800649202581"
40360065,03/03/2025,"18 tỷ căn 146m2/ 3PN, Đông Nam, full nội thất, đã có sổ, nhận nhà ở ngay",18 tỷ,146 m²,"123,29 tr/m²",3,2,"Quảng An, Tây Hồ","21.0658321380615, 105.826507568359"
40981132,03/03/2025,"18 tỷ Penthouse 152m2 / 4PN view Hồ Tây tại D'. EL Dorado - Nguyễn Hoàng Tôn, nhận nhà ở ngay",18 tỷ,152 m²,"118,42 tr/m²",4,3,"Phú Thượng, Tây Hồ","21.073904037475586, 105.79998016357422"
42313341,03/03/2025,"Em được chủ nhà gửi bán căn 2 ngủ 83m2 ban công Đông duy nhất tại 6th Element, giá chỉ 8 tỷ thôi ạ",8 tỷ,83 m²,"96,39 tr/m²",2,2,"Xuân La, Tây Hồ","21.0601655152713, 105.80337452471706"
39636137,02/03/2025,Em cần bán nhanh căn hộ 2PN 82m2 83m2 và 87m2 tại 6th Element giá cực kỳ tốt LH 0923 363 ***,"8,5 tỷ",82 m²,"103,66 tr/m²",2,2,"Xuân La, Tây Hồ","21.0596752166748, 105.804077148438"
42201086,02/03/2025,Chính chủ cần bán căn Nguyên bản chủ đầu tư toà Sun Grand City Thụy Khuê giá hơn 30 tỷ,Giá thỏa thuận,"171,9 m²",N/A,3,3,"Thụy Khuê, Tây Hồ","21.04051173515923, 105.82506023261793"
42311967,02/03/2025,"Chính chủ bán căn hộ chung cư 2 phòng ngủ 74,6m2","5,35 tỷ","74,6 m²","71,72 tr/m²",2,2,"Phú Thượng, Tây Hồ","21.0805978425837, 105.806600232517"
41977460,02/03/2025,"Bán Duplex view thẳng Hồ Tây toà Heritage siêu xịn, DT 297m2, giá bán 75 tỷ",75 tỷ,297 m²,"252,52 tr/m²",4,4,"Phú Thượng, Tây Hồ","21.072498193851, 105.81301341019"
41958100,02/03/2025,Bán căn 4PN 4WC 223m2 view Hồ Tây D.Le Roi Soleil 59 Xuân Diệu giá trực tiếp từ CĐT,30 tỷ,223 m²,"134,53 tr/m²",4,4,"Quảng An, Tây Hồ","21.0697729942857, 105.826251561659"
42202129,02/03/2025,"Bán gấp căn hộ chung cư cao cấp Sun Grand City, 90m2, 2PN, đầy đủ nội thất cao cấp",Giá thỏa thuận,90 m²,N/A,2,2,"Thụy Khuê, Tây Hồ","21.0412814926804, 105.825071835579"
42196207,02/03/2025,HOT ! 1 Căn Duy Nhất View Hồ A1002: 106m2.Chung Cư DLe Roi Soleil 59 Xuân Diệu. Hotline 0905 956 ***,"13,9 tỷ",109 m²,"127,52 tr/m²",2,2,"Quảng An, Tây Hồ","21.065754735331822, 105.82620782791587"
42309688,02/03/2025,Chính chủ - Bán chung cư K1 Âu Cơ - An Dương Vương - Tây Hồ. DT từ 35-55m2,800 triệu,35 m²,"22,86 tr/m²",1,1,"Phú Thượng, Tây Hồ","21.0761287882917, 105.82190387834"
39290249,02/03/2025,Chính chủ căn hộ cần bán gấp căn hộ 146m2 D'Le Roi Soleil 59 Xuân Diệu giá tốt nhất LH 0988 799 ***,"9,49 tỷ",146 m²,65 tr/m²,3,2,"Quảng An, Tây Hồ","21.065832, 105.82651"
26273139,02/03/2025,"Tôi cần bán gấp căn hộ 3PN 111m2 và 146m2 Quảng An - Q. Tây Hồ, sổ đỏ 11 tỷ LH: 0988 799 ***",11 tỷ,111 m²,"99,1 tr/m²",3,N/A,"Quảng An, Tây Hồ","21.0658321380615, 105.826507568359"
42083492,02/03/2025,Chính chủ Hongkong cần thanh khoản gấp căn hộ 234m2 view 4 mặt Hồ Tây 26 tỷ LH 0988 799 ***,26 tỷ,234 m²,"111,11 tr/m²",N/A,N/A,"Quảng An, Tây Hồ","21.065774869135385, 105.82564274181698"
39289864,02/03/2025,Chính chủ căn hộ 146m2 3PN view Hồ Tây cần bán gấp giá tốt nhất thị trường 14 tỷ xx LH: 0988 799 ***,Giá thỏa thuận,146 m²,N/A,3,2,"Quảng An, Tây Hồ","21.0658321380615, 105.826507568359"
42207075,02/03/2025,"Căn góc 3 phòng ngủ vuông, vừa nhận nhà tại CT2 Xuân La","6,27 tỷ","99,48 m²",63 tr/m²,3,2,"Xuân La, Tây Hồ","21.059699521518546, 105.80439548392066"
39488031,02/03/2025,"Chính chủ bán căn góc 2PN đẹp nhất dự án Skyline Tây Hồ, DT 89m2 giá 11,2 tỷ","11,2 tỷ",89 m²,"125,84 tr/m²",2,2,"Phú Thượng, Tây Hồ","21.0850811004639, 105.817024230957"
40261415,02/03/2025,Chính chủ bán căn góc 4PN 180m2 Heritage West Lake 677 Lạc Long Quân full đồ view Hồ Tây đẹp,Giá thỏa thuận,180 m²,N/A,4,4,"Phú Thượng, Tây Hồ","21.0728492736816, 105.812431335449"
42310335,02/03/2025,"Chính chủ. E cần bán gấp CHCC view sông hồng 5,6 tỷ 92m 3PN+2VS full nội thất","5,6 tỷ",92 m²,"60,87 tr/m²",3,2,"Phú Thượng, Tây Hồ","21.087569385704047, 105.8006108519444"
39346547,02/03/2025,Bán căn hộ 3PN để chuyển qua căn hộ 4PN dự án Sunshine Golden River,"13,73 tỷ",141 m²,"97,38 tr/m²",3,2,"Phú Thượng, Tây Hồ","21.078651428222656, 105.8026123046875"
40655571,02/03/2025,Suất ngoại giao Penthouse Sunshine Golden River,54 tỷ,493 m²,"109,53 tr/m²",6,4,"Phú Thượng, Tây Hồ","21.078651428222656, 105.8026123046875"
41997283,02/03/2025,Bán căn góc 3 ngủ - Sunshine Riverside - nhà đồ cơ bản - 98m2 - view sông Hồng - 2 mặt thoáng,"6,98 tỷ",98 m²,"71,22 tr/m²",3,2,"Phú Thượng, Tây Hồ","21.084181476514697, 105.81199309153898"
42014541,02/03/2025,Bán căn góc 98.4m2 - 3 ngủ - Sunshine Riverside - Full đồ đẹp - View nội khu + bể bơi,"7,6 tỷ","98,4 m²","77,24 tr/m²",3,2,"Phú Thượng, Tây Hồ","21.0839791669141, 105.812156441063"
42190227,02/03/2025,BÁN CĂN HỘ HẠNG SANG - HERITAGE WEST LAKE - TÂY HỒ - 93M2 - 3PN - SỔ LÂU DÀI - GIÁ HƠN 13 TỶ,"13,5 tỷ",93 m²,"145,16 tr/m²",3,2,"Phú Thượng, Tây Hồ","21.072483665158632, 105.81288642397956"
40091559,02/03/2025,Bán căn 2 ngủ view nội khu bể bơi chung cư Sunshine Riverside 82m2 sẵn sổ giao dịch. LH 0966 998 ***,Giá thỏa thuận,82 m²,N/A,2,2,"Phú Thượng, Tây Hồ","21.078651428222656, 105.8026123046875"
42122574,02/03/2025,BÁN CĂN HỘ 50M2 - 2PN - SỔ ĐỎ LÂU DÀI - HƯỚNG TÂY NAM - EI. DORADO 2 - TÂY HỒ - GIÁ HƠN 5 TỶ,"5,2 tỷ",50 m²,104 tr/m²,2,2,"Xuân La, Tây Hồ","21.070518198355174, 105.80993223121548"
38406354,02/03/2025,"Bán căn 3 ngủ chung cư Sunshine Riverside Tây Hồ view nội khu, cầu Nhật Tân DT 98m2. LH 0966 998 ***",Giá thỏa thuận,98 m²,N/A,2,2,"Phú Thượng, Tây Hồ","21.078651428222656, 105.8026123046875"
42109306,02/03/2025,BÁN CĂN HỘ 38M2 - EI. DORADO 1 - TÂY HỒ - CẠNH 2 CON RỒNG - GIÁ HƠN 4 TỶ,"4,35 tỷ",38 m²,"114,47 tr/m²",1,1,"Phú Thượng, Tây Hồ","21.073715578309546, 105.79904795483793"
42214100,02/03/2025,Bán căn hộ PentStudio - Tây Hồ - 76m2 - view Hồ Tây - giá cực rẻ - hơn 6 tỷ,"6,8 tỷ",76 m²,"89,47 tr/m²",1,2,"Phú Thượng, Tây Hồ","21.0643465274048, 105.809282765343"
42232295,02/03/2025,"Bán căn hộ chung cư 182m2/ 4 phòng ngủ, đủ đồ tại tòa P Ciputra Hà Nội","16,5 tỷ",182 m²,"90,66 tr/m²",4,2,"Phú Thượng, Tây Hồ","21.07424688541424, 105.82408102766034"
42125744,02/03/2025,"Bán căn hộ CC 1PN, 1WC, 45m2 tại D’. El Dorado, 5 tỷ, Phú Thượng, Tây Hồ, Hà Nội Hot!",5 tỷ,45 m²,"111,11 tr/m²",1,1,"Phú Thượng, Tây Hồ","21.07390487011839, 105.7999788194821"
36292301,02/03/2025,"Chính chủ gửi bán gấp căn hộ 05 dự án D'. EL Dorado Phú Thanh, giá cực tốt","7,9 tỷ",76 m²,"103,95 tr/m²",2,2,"Xuân La, Tây Hồ","21.0707530975342, 105.8095703125"
32370255,02/03/2025,Bán gấp căn số 04 tầng đẹp dự án D'. El Dorado 2,"6,5 tỷ",76 m²,"85,53 tr/m²",2,2,"Xuân La, Tây Hồ","21.0707530975342, 105.8095703125"
35983854,02/03/2025,"D'. El Dorado 1, bán căn 3PN + 1, tầng đẹp, view trọn Hồ Tây. Hàng siêu hiếm",26 tỷ,"146,7 m²","177,23 tr/m²",3,3,"Phú Thượng, Tây Hồ","21.0739040374756, 105.799980163574"
41594389,02/03/2025,"Bán căn 3PN /104m2 tầng cao, ban công view Hồ Tây tại D'.Le Roi Soleil - 59 Xuân Diệu",15 tỷ,104 m²,"144,23 tr/m²",3,3,"Quảng An, Tây Hồ","21.065832, 105.82651"
38835201,02/03/2025,"Quỹ căn chuyển nhượng D. Le Roi Soleil 3PN, đã có sổ, full nội thất, rẻ hơn hàng CĐT 1 - 2 tỷ",10 tỷ,146 m²,"68,49 tr/m²",3,2,"Quảng An, Tây Hồ","21.0658321380615, 105.826507568359"
40479970,01/03/2025,"Chủ đầu tư mở bán chung cư Trích Sài - Võng Thị - Hồ Tây ngõ oto, 36, 50, 55, 62m2, sổ đỏ chính chủ",Giá thỏa thuận,52 m²,N/A,2,1,"Bưởi, Tây Hồ","21.0494678, 105.8132657"
42308172,01/03/2025,"Giảm kịch sàn, chủ cần tiền bán gấp căn 65m2 Heritage giá chỉ còn 5.45 tỷ. LH: 0848 220 ***","5,45 tỷ",65 m²,"83,85 tr/m²",2,1,"Phú Thượng, Tây Hồ","21.073113351149924, 105.81332167764904"
39470335,01/03/2025,"Hàng siêu hiếm BÁN căn 3pn , Diện tích 106m2 chung cư Học Viện Quốc Phòng Tây Hồ. LH: 0396 823 ***",Giá thỏa thuận,106 m²,N/A,3,2,"Xuân La, Tây Hồ","21.0466957092285, 105.800834655762"
39527598,01/03/2025,Em bán căn 2 ngủ 88m2 bc hướng đông duy nhất tại chung cư Ecolife Tây Hồ - Xuân La - Tây Hồ,"6,8 tỷ",88 m²,"77,27 tr/m²",2,2,"Xuân La, Tây Hồ","21.0591843146569, 105.804745055834"
41869742,01/03/2025,"Căn hộ suất ngoại giao, view trọn Hồ Tây CC Oriental Westlake, LH 0934 439 ***","7,85 tỷ",111 m²,"70,72 tr/m²",3,2,"Bưởi, Tây Hồ","21.05166377878753, 105.80910356167198"
42307653,01/03/2025,"Bán căn 3PN trục hiếm, view đẹp CC Ecolife Tây Hồ view KĐT Starlake 103.8m2, giá 7.95 tỷ",8 tỷ,"103,8 m²","77,07 tr/m²",3,2,"Xuân La, Tây Hồ","21.059407949383264, 105.80324415021941"
41525421,01/03/2025,"Bán căn hộ Ciputra 267m2 L1 L2 view sân golf đẹp, giá tốt - 0974 606 ***",Giá thỏa thuận,267 m²,N/A,4,3,"Phú Thượng, Tây Hồ","21.072135925293, 105.810997009277"
42166263,01/03/2025,"Bán căn hộ 3 ngủ Ciputra P1 145m2 đủ nội thất, phong cách hiện đại - 0974 606 ***","8,9 tỷ",145 m²,"61,38 tr/m²",3,2,"Phú Thượng, Tây Hồ","21.073644394632815, 105.82345775314171"
42036360,01/03/2025,Chính chủ cần bán nhanh căn duplex Lạc Long Quân hướng view cầu Nhật Tân sông Hồng giá nét 6.05 tỷ,"6,05 tỷ",76 m²,"79,6 tr/m²",N/A,N/A,"Phú Thượng, Tây Hồ","21.064396302012991, 105.80955014611303"
40781444,01/03/2025,Noble Crystal Tây Hồ BT trên không CK 4% cho 15 suất booking đầu tiên. LH 0984 879 ***,Giá thỏa thuận,144 m²,N/A,3,N/A,"Phú Thượng, Tây Hồ","21.083890914917, 105.808479309082"
40618932,01/03/2025,"Bán CHCC Sun Grand City - 69B Thụy Khuê, Tây Hồ, 120m2, 3PN, đồ CB, giá 15,7 tỷ. LH 0983 951 ***","15,7 tỷ",120 m²,"130,83 tr/m²",3,2,"Thụy Khuê, Tây Hồ","21.041172, 105.825096"
42305061,01/03/2025,"Bán Căn Hộ Tào E 1 3PN, 2WC, 123m2 tại Ciputra, Tây Hồ, 8,65 tỷ","8,65 tỷ",123 m²,"70,32 tr/m²",3,2,"Phú Thượng, Tây Hồ","21.073500726772856, 105.82368793029049"
42267321,01/03/2025,Bán nhanh căn hộ 153m2 4PN cực kỳ đẳng cấp tại E4 Ciputra. LH: 0398 195 *** - Tuấn Anh,"12,5 tỷ",153 m²,"81,7 tr/m²",4,2,"Phú Thượng, Tây Hồ","21.07368607579558, 105.82397668441011"
42284526,01/03/2025,"Bán căn hộ Penthouse E1 Ciputra - 180m2 - 3PN & 3VS - Giá chỉ 10.9 tỷ, công chứng nhận nhà ngay!","10,9 tỷ",180 m²,"60,56 tr/m²",3,3,"Phú Thượng, Tây Hồ","21.074514954688475, 105.82400202339934"
42304288,01/03/2025,BÁN CĂN GÓC RẺ NHẤT TOÀ D'El. DORADO 2 - VÕ CHÍ CÔNG - 70M2 - 2PN - GIÁ CỰC RẺ HƠN 6 TỶ,"6,8 tỷ",70 m²,"97,14 tr/m²",2,2,"Xuân La, Tây Hồ","21.07056255487582, 105.81012542033777"
38630838,01/03/2025,Bán căn penthouse 252 - 500m2 cực hiếm / view hồ Tây đẹp nhất quận Tây Hồ / giá từ 30 tỷ,30 tỷ,252 m²,"119,05 tr/m²",3,3,"Phú Thượng, Tây Hồ","21.0739040374756, 105.799980163574"
42182468,01/03/2025,Bán căn hộ cao cấp soho Heritage Westlake - Tây Hồ - Studio - 45m2 - giá hơn 4 tỷ,"4,6 tỷ",45 m²,"102,22 tr/m²",1,1,"Phú Thượng, Tây Hồ","21.072535563134, 105.812106616439"
42303917,01/03/2025,Bán căn hộ siêu đẹp 3PN/106m2 tại Học Viện Quốc Phòng - HQV sẵn sổ đỏ view đẹp. LH 0946 827 ***,"7,3 tỷ","106,5 m²","68,54 tr/m²",3,2,"Xuân La, Tây Hồ","21.0467107979368, 105.801007031172"
42131645,01/03/2025,"BÁN GẤP CĂN HỘ DUPLEX 76M2 - 2PN - PENTSTUDIO - TÂY HỒ - GIÁ CHỈ 6,2 TỶ","6,2 tỷ",76 m²,"81,58 tr/m²",2,2,"Phú Thượng, Tây Hồ","21.064255877365429, 105.81000669460876"
39763152,01/03/2025,"Bán gấp căn hộ Sunshine Golden River tại Ciputra giá từ 10 tỉ, chiết khấu tới 35%",10 tỷ,160 m²,"62,5 tr/m²",3,N/A,"Phú Thượng, Tây Hồ","21.0786514282227, 105.802612304688"
42185515,01/03/2025,"Chính chủ cần tiền bán gấp căn góc 160m2 bc đông nam Sunshine Golden River. Giá thu về 13,5 tỷ.","13,5 tỷ",160 m²,"84,38 tr/m²",3,2,"Phú Thượng, Tây Hồ","21.084529342855877, 105.8122788050414"
35238273,01/03/2025,"Bán chung cư Sunshine Riverside, Tây Hồ, giá 50 - 56 triệu/m2","3,9 tỷ",67 m²,"58,21 tr/m²",2,2,"Phú Thượng, Tây Hồ","21.0786514282227, 105.802612304688"
42146281,01/03/2025,Bán căn hộ tầng cao tòa L5 Ciputra Hà Nội,"5,3 tỷ",53 m²,100 tr/m²,2,1,"Phú Thượng, Tây Hồ","21.07308598579072, 105.82354671078369"
42110429,01/03/2025,"Bán căn hộ hàng đẹp 153m2, 4 phòng ngủ đủ đồ tòa E Ciputra","10,8 tỷ",153 m²,"70,59 tr/m²",4,2,"Phú Thượng, Tây Hồ","21.071826368180496, 105.8102844673994"
41789495,01/03/2025,"Cần bán căn hộ 182m2, 4 phòng ngủ view sân golf Ciputra","16,5 tỷ",182 m²,"90,66 tr/m²",4,3,"Phú Thượng, Tây Hồ","21.071084280160743, 105.81149300103286"
42231387,01/03/2025,"Bán CH 60m2 tại 6th Element, giá thỏa thuận, 2PN, 1WC, Tây Hồ, 1 căn duy nhất giá tốt",Giá thỏa thuận,60 m²,N/A,2,1,"Xuân La, Tây Hồ","21.059720626393478, 105.80437987633238"
42096077,01/03/2025,Duplex độc nhất đẹp nhất l2 mặt phố hàng hiệu view Hồ Tây,45 tỷ,305 m²,"147,54 tr/m²",N/A,N/A,"Thụy Khuê, Tây Hồ","21.043365899574695, 105.82160218896186"
41317377,01/03/2025,Bán căn 2 ngủ đẹp nhất tầng cao nhất view Hồ Tây,"11,2 tỷ",97 m²,"115,46 tr/m²",2,2,"Phú Thượng, Tây Hồ","21.08522031469167, 105.81661143396167"
39027337,01/03/2025,Từ 7.6 tỷ căn hộ 2 phòng ngủ View Hồ Tây/ 76m2 / full nội thất cao cấp tại D'. El Dorado II,"7,6 tỷ",76 m²,100 tr/m²,2,2,"Xuân La, Tây Hồ","21.0707530975342, 105.8095703125"
34791833,01/03/2025,"Bán căn 2PN / 88m2, full nội thất, view Hồ Tây - giá 9.5 tỷ, sổ cầm tay","9,5 tỷ",88 m²,"107,96 tr/m²",2,2,"Quảng An, Tây Hồ","21.0658321380615, 105.826507568359"
41506234,01/03/2025,"12.5 tỷ căn 3PN, full nội thất, sẵn dòng tiền cho thuê tại D'. Le Roi Soleil - 59 Xuân Diệu, Tây Hồ","12,5 tỷ",111 m²,"112,61 tr/m²",3,1,"Quảng An, Tây Hồ","21.0664246136774, 105.8264202757"
42301279,01/03/2025,"Mới! Bán căn hộ 2PN2WC 82.6m2 view thoáng đẹp hướng mát tầng trung, sẵn sổ, chủ thiện chí bán nhanh",8 tỷ,"82,6 m²","96,85 tr/m²",2,2,"Xuân La, Tây Hồ","21.05994213168844, 105.80389380888722"
41125275,28/02/2025,"Căn hộ chung cư D'. El Dorado giá 4,5 tỷ VND tại Tây Hồ, Hà Nội","4,5 tỷ",45 m²,100 tr/m²,1,1,"Phú Thượng, Tây Hồ","21.073904037475586, 105.79998016357422"
39540999,28/02/2025,"Chỉ 3.3 tỷ căn Studio 33m2, View Hồ Tây, full nội thất duy nhất tại dự án D'. El Dorado I","3,3 tỷ",33 m²,100 tr/m²,1,1,"Phú Thượng, Tây Hồ","21.0739040374756, 105.799980163574"
34791632,28/02/2025,Đẹp hơn cả Penthouse - Chỉ 30 tỷ/234m2/4PN (Đông Nam) view hồ đẹp nhất tại D'.Le Roi Soleil,30 tỷ,234 m²,"128,21 tr/m²",4,4,"Quảng An, Tây Hồ","21.0658321380615, 105.826507568359"
40990252,28/02/2025,"Căn góc HOA HẬU 146m2/ 3PN Tầng cao, 2 mặt view Hồ Tây, Full nội thất, nhận nhà ngay",18 tỷ,146 m²,"123,29 tr/m²",3,3,"Quảng An, Tây Hồ","21.0658321380615, 105.826507568359"
40169648,28/02/2025,Chính chủ - bán chung cư N1 Phú Thượng - An Dương Vương - cầu Nhật Tân - Tây Hồ - nội thất đầy đủ,800 triệu,40 m²,20 tr/m²,2,2,"Phú Thượng, Tây Hồ","21.0897932, 105.804506"
42298159,28/02/2025,"Hiếm! Bán gấp 2 căn 4PN 6th Element Xuân La Tây Hồ, tầng trung đẹp, view hồ Starlake, sẵn sổ, slot",Giá thỏa thuận,166 m²,N/A,4,4,"Xuân La, Tây Hồ","21.05967007741899, 105.80421669016967"
42066579,28/02/2025,Bán căn hộ Duplex thông tầng 58m2 tại Pentstudio / Full đồ/ Đã có sổ/ Giá: 4.9 Tỷ/ LH: 0986 558 ***,"4,9 tỷ",56 m²,"87,5 tr/m²",1,2,"Phú Thượng, Tây Hồ","21.063895354750517, 105.8097810314262"
40474933,28/02/2025,"Chính chủ bán căn hộ CCMN 2PN full nội thất đường Xuân La - Võ Chí Công. DT 50m2, giá 1tỷ98","1,98 tỷ",50 m²,"39,6 tr/m²",2,1,"Xuân La, Tây Hồ","21.0644876, 105.8061035"
40401617,28/02/2025,"Bán căn hộ 3 phòng ngủ 123m2 tòa E Ciputra Hà Nội, tầng cao, đồ cơ bản, giá hơn 8 tỷ","8,1 tỷ",123 m²,"65,85 tr/m²",3,2,"Phú Thượng, Tây Hồ","21.072135925292969, 105.81099700927734"
42296924,28/02/2025,"Chuyển nhượng căn hộ 3 ngủ tại chung cư cao cấp D'. Le Roi Soleil, 127m2, 2 ban, nội thất cơ bản",Giá thỏa thuận,127 m²,N/A,3,2,"Quảng An, Tây Hồ","21.065634281190714, 105.82667455705624"
33671116,28/02/2025,"Bán gấp căn hộ Sun Grand City - 69B Thụy Khuê, 123m2, 3 phòng ngủ, đủ đồ, tầng cao 0941 882 ***",Giá thỏa thuận,123 m²,N/A,3,2,"Thụy Khuê, Tây Hồ","21.0411720275879, 105.825096130371"
41912270,28/02/2025,"Bán căn góc CC 100m2, 3 ngủ tại Võ Chí Công cạnh quận ủy Tây Hồ, hơn 5 tỷ","5,8 tỷ",100 m²,58 tr/m²,3,2,"Xuân La, Tây Hồ","21.059472171272, 105.804477899861"
42295810,28/02/2025,"Bán căn góc tầng cao view sông Hồng - 99,4 m2 - Sunshine Riverside - 3 ngủ - 8 tỷ (Sổ)",8 tỷ,"99,4 m²","80,48 tr/m²",3,2,"Phú Thượng, Tây Hồ","21.08365792610166, 105.81212140132388"
41865534,28/02/2025,Chính chủ bán căn B2207 : 222m2 view sông Hồng. Chung cư 59 Xuân Diệu. Sổ đỏ cầm tay 0905 956 ***,"30,5 tỷ",222 m²,"137,39 tr/m²",4,4,"Quảng An, Tây Hồ","21.0653069487073, 105.82668012454"
38817662,28/02/2025,"Em bán căn 83m gồm 2PN2vs giá 7,9 tỷ , rẻ nhất TT hiện tại","7,9 tỷ",83 m²,"95,18 tr/m²",2,2,"Xuân La, Tây Hồ","21.059675216674805, 105.8040771484375"
42296239,28/02/2025,"Chung cư CT14A1, mặt đường Võ Chí Công nối Cầu Nhật Tân","5,15 tỷ",75 m²,"68,67 tr/m²",2,1,"Phú Thượng, Tây Hồ","21.073968075012317, 105.82382275569611"
41758146,28/02/2025,Cơ hội sở hữu căn hộ cao cấp tại Westlake Residential - view trực diện Hồ Tây,"5,4 tỷ",60 m²,90 tr/m²,2,2,"Phú Thượng, Tây Hồ","21.083890914916992, 105.80847930908203"
40980541,28/02/2025,"16.2 tỷ chuyển nhượng căn 146m2/ 3PN, đã có sổ, tầng cao view thoáng, nhận nhà ngay","16,2 tỷ",146 m²,"110,96 tr/m²",3,2,"Quảng An, Tây Hồ","21.0658321380615, 105.826507568359"
42192906,28/02/2025,Mở bán - Chung cư E1 Phú Thượng - An Dương Vương - Tây Hồ - Full nội thất,800 triệu,38 m²,"21,05 tr/m²",1,1,"Phú Thượng, Tây Hồ","21.0897923160305, 105.804564697958"
42295853,28/02/2025,"(Hàng hiếm) bán căn hộ siêu Vip tại Ecolife Tây Hồ 3PN/103.8m2, sẵn sổ đỏ view Hồ Tây LH 0946 827 ***",8 tỷ,"103,8 m²","77,07 tr/m²",3,2,"Xuân La, Tây Hồ","21.059643752191565, 105.80427130260178"
41058159,28/02/2025,"Bán căn góc 3PN 106.9m2 tòa Ecolife Tây Hồ,đầy đủ đồ sẵn sổ,view cực đẹp giá tốt nhất Lh 0888 989 ***","8,5 tỷ","106,9 m²","79,51 tr/m²",3,2,"Xuân La, Tây Hồ","21.059675216674805, 105.8040771484375"
42197184,28/02/2025,"Bán CH Sunshine Riverside, 95m2, 7 tỷ, 3PN, 2WC tại Phú Thượng, Tây Hồ, Hà Nội đẹp, nhiều tiện ích",7 tỷ,95 m²,"73,68 tr/m²",3,2,"Phú Thượng, Tây Hồ","21.084083127742257, 105.81278537785133"
40444745,28/02/2025,"Bán CC D'. El Dorado căn góc 2 thoáng, sở hữu lâu dài 6,75 tỷ full nội thất, vị trí đẹp vào ở ngay","6,75 tỷ",76 m²,"88,82 tr/m²",2,2,"Phú Thượng, Tây Hồ","21.0739040374756, 105.799980163574"
41930440,28/02/2025,Chính chủ gửi em bán căn hộ Penthouse 180m2 tòa G3 Ciputra Hà Nội,10 tỷ,180 m²,"55,56 tr/m²",3,3,"Phú Thượng, Tây Hồ","21.07093487733907, 105.81163413906583"
42189342,28/02/2025,Bán căn chung cư 161m2/4PN đủ đồ giá đẹp tại Golden River Tây Hồ,"13,5 tỷ",161 m²,"83,85 tr/m²",4,2,"Phú Thượng, Tây Hồ","21.084201995773462, 105.81099168110126"
41865717,28/02/2025,Em bán căn 03PN 109m2 full đồ toà D và M giá tốt tại 6th Element LH 0923 363 ***/Zalo,"12,5 tỷ",109 m²,"114,68 tr/m²",3,2,"Xuân La, Tây Hồ","21.0596375313951, 105.803222441543"
42291682,28/02/2025,"BÁN CC TÒA B ECOLIFE TÂY HỒ - 88M2/GIÁ 6,X TỶ - 2PN - 2VS - 2 LÔ GIA- CHÍNH CHỦ - 0963 815 ***",Giá thỏa thuận,88 m²,N/A,2,2,"Xuân La, Tây Hồ","21.05931797999805, 105.80365020689568"
40948916,28/02/2025,"Chính chủ gửi bán nhanh căn Queen, dự án PentStudio, tầng 07, view thoáng đẹp.",18 tỷ,179 m²,"100,56 tr/m²",2,2,"Phú Thượng, Tây Hồ","21.0640926361084, 105.80973815917969"
41651211,28/02/2025,Quà tặng 200 triệu khi mua căn hộ 2 ngủ 106.3m2 dự án D'. Le Roi Soleil Tân Hoàng Minh 59 Xuân Diệu,"13,54 tỷ","106,3 m²","127,38 tr/m²",2,2,"Quảng An, Tây Hồ","21.065832138061523, 105.82650756835938"
42291051,28/02/2025,Bán căn 3ngủ 110m2 Đông Nam full đồ giá nhỉnh 5 tỷ chung cư A5 Xuân La. 0968 849 ***,"5,8 tỷ",110 m²,"52,73 tr/m²",3,2,"Xuân La, Tây Hồ","21.065730080638463, 105.8075012678436"
40840422,28/02/2025,"Bán penthouse 345m2 D'. Le Roi Soleil - 59 Xuân Diệu, Tây Hồ - view Hồ Tây siêu đẹp",Giá thỏa thuận,345 m²,N/A,4,4,"Quảng An, Tây Hồ","21.065832, 105.82651"
42290867,28/02/2025,"Bán CC 3PN, 2WC tại Ciputra, 9,5 tỷ, 114m2 đẹp xuất sắc","9,5 tỷ",114 m²,"83,33 tr/m²",3,2,"Phú Thượng, Tây Hồ","21.07349904859627, 105.82349898958938"
42095372,28/02/2025,"Bán căn hộ 4PN, 3WC tại Ciputra Hà Nội, 10,8 tỷ, 153m2, giá cực chất, uy tín","10,8 tỷ",153 m²,"70,59 tr/m²",4,3,"Phú Thượng, Tây Hồ","21.07058024401593, 105.81038196877311"
42095059,28/02/2025,"Bán căn hộ chung cư hàng hiếm tại Ciputra, giá thỏa thuận, 114 m2, 3PN, 2WC",Giá thỏa thuận,114 m²,N/A,3,2,"Phú Thượng, Tây Hồ","21.071505147808864, 105.81097823550401"
42095306,28/02/2025,"Bán căn hộ view đẹp 145m2, 3PN, 2WC tại Ciputra, Tây Hồ, Hà Nội, 11 tỷ VND",11 tỷ,145 m²,"75,86 tr/m²",3,2,"Phú Thượng, Tây Hồ","21.07148363242119, 105.81048161171256"
41391443,28/02/2025,"Hot căn Penthouse 155m2 tại D'. El Dorado, giá 2x tỷ","27,5 tỷ",155 m²,"177,42 tr/m²",3,3,"Phú Thượng, Tây Hồ","21.0739040374756, 105.799980163574"
41153499,28/02/2025,HDI Tây Hồ - Căn góc 3PN 107m2 view Hồ Tây sổ rõ ràng. Tầng cao đẹp nhất giá thương lượng,Giá thỏa thuận,107 m²,N/A,3,2,"Xuân La, Tây Hồ","21.055543899536133, 105.80513000488281"
36292286,28/02/2025,"Chính chủ gửi bán gấp căn 58m2, dự án Phú Thanh, tầng 07, giá tốt, tiềm năng tăng giá","4,6 tỷ",58 m²,"79,31 tr/m²",2,1,"Xuân La, Tây Hồ","21.0707530975342, 105.8095703125"
42169591,28/02/2025,"Bán căn duplex 231m2 tại KĐT Tây Hồ Tây - Starlake Hà Nội, chỉ với giá siêu hời 35 tỷ VND",35 tỷ,231 m²,"151,51 tr/m²",N/A,N/A,"Xuân La, Tây Hồ","21.059696175056718, 105.80404181151258"
41283779,28/02/2025,"Sunshine Golden River Ciputra Tây Hồ - Căn hộ vip đẹp ban công rộng thoáng, vị trí đẳng cấp","17,2 tỷ",161 m²,"106,83 tr/m²",3,2,"Phú Thượng, Tây Hồ","21.078651428222656, 105.8026123046875"
41419589,28/02/2025,Bán căn hộ 2PN HDI Tây Hồ - DT 70m2 full nội thất giá 6.9 tỷ. Sổ đỏ rõ ràng. Có slot ô tô,"6,9 tỷ",70 m²,"98,57 tr/m²",2,2,"Xuân La, Tây Hồ","21.055490899393366, 105.80515066151617"
42193334,27/02/2025,"Bán 2 căn 01,10 M1 và D2 6th Element ban công Bắc view Starlake và BC Nam view thành phố, hơn 8 tỷ",Giá thỏa thuận,"82,6 m²",N/A,2,2,"Xuân La, Tây Hồ","21.06005680309852, 105.80341837413285"
41997214,27/02/2025,Căn hộ hàng hiệu có bể bơi riêng trong nhà độc nhất Ciputra trực diện Sông Hồng - LH 0338 977 ***,76 tỷ,280 m²,"271,43 tr/m²",4,5,"Phú Thượng, Tây Hồ","21.083311990663507, 105.80815034383433"
42286537,27/02/2025,"Bán căn góc 3PN, 2WC tại Udic Westlake, 116m2, giá cực chất chỉ với 7 tỷ 800 triệu","7,8 tỷ",116 m²,"67,24 tr/m²",3,2,"Phú Thượng, Tây Hồ","21.0800834990454, 105.813419957805"
42286518,27/02/2025,"Cần bán gấp căn góc 2PN 2WC đẹp nhất dự án Skyline West Lake Tây Hồ, DT 89m2. QLVH Marriot và CBRE","9,88 tỷ",89 m²,111 tr/m²,2,2,"Phú Thượng, Tây Hồ","21.0853017556573, 105.816856023263"
42286611,27/02/2025,Danh sách căn hộ chuyển nhượng giá tốt dự án Sunshine Golden River Ciputra,17 tỷ,160 m²,"106,25 tr/m²",3,2,"Phú Thượng, Tây Hồ","21.083850256500586, 105.8115694460131"
41807061,27/02/2025,"Hàng hiếm bán căn hộ 267m2 tòa L1,2 The Link Ciputra view trọn sân golf, hướng Đông Nam, giá tốt",Giá thỏa thuận,267 m²,N/A,4,3,"Phú Thượng, Tây Hồ","21.070872510756232, 105.81142057429295"
42141846,27/02/2025,"Chính chủ cần bán căn góc 4PN 153m2 tòa E4 E5 Ciputra Tây Hồ, view đẹp giá tốt, sẵn sổ đỏ","10,86 tỷ",153 m²,71 tr/m²,4,2,"Phú Thượng, Tây Hồ","21.070988495984764, 105.81096541340546"
41091280,27/02/2025,"Cần tìm chủ mới cho căn hộ ở 174 Lạc Long Quân, 56m2, 2PN, căn góc thoáng, giá cực tốt 4.1 tỷ","4,1 tỷ",56 m²,"73,21 tr/m²",2,1,"Bưởi, Tây Hồ","21.0519065856934, 105.809059143066"
42285703,27/02/2025,Chính chủ cần bán căn 3 ngủ chung cư Packexim 1 giá tốt nhất thị trường.0979 343 ***,"6,27 tỷ",123 m²,51 tr/m²,3,2,"Phú Thượng, Tây Hồ","21.083162332630216, 105.8081704673872"
42172499,27/02/2025,"6th Element 83m giá 7.8 tỷ tốt nhất thị trường, liên hệ xem nhà 247, sẵn sổ, giao dịch ngay,tầng 20","7,85 tỷ",83 m²,"94,58 tr/m²",2,2,"Xuân La, Tây Hồ","21.059568392850206, 105.8044971774392"
42172542,27/02/2025,"Bán 3PN2WC 6th Element ban công Nam phù hợp khách hàng Đông Tứ Mệnh, sẵn sổ, full nội thất, tầng 22","11,9 tỷ",109 m²,"109,17 tr/m²",3,2,"Xuân La, Tây Hồ","21.059599622788966, 105.8045069908954"
41245637,27/02/2025,"Chỉ 4.3 tỷ căn 1PN/ 43m2, ban công view Hồ Tây, full nội thất, cho thuê 15 - 16 triệu, sổ lâu dài","4,3 tỷ",43 m²,100 tr/m²,1,1,"Phú Thượng, Tây Hồ","21.073904, 105.79998"
42022100,27/02/2025,"Bán chung cư 168m2 UDIC WESTLAKE tầng 15 đông nam view Võ Chí Công, Hồ Tây. Full nội thất gỗ óc chó",Giá thỏa thuận,168 m²,N/A,3,2,"Phú Thượng, Tây Hồ","21.080386808360988, 105.81405656403311"
42282715,27/02/2025,"Bán căn hộ Sunshine Golden River, 15,2 tỷ, 153 m2 giá siêu hời tại Phú Thượng, Tây Hồ, Hà Nội","15,2 tỷ",153 m²,"99,35 tr/m²",N/A,N/A,"Phú Thượng, Tây Hồ","21.084013791223505, 105.81175004405924"
38497208,27/02/2025,"Chỉ 12.5 tỷ căn 3 phòng ngủ/ 111m2 tại D'. Le Roi Soleil - 59 Xuân Diệu, Tây Hồ","12,5 tỷ",111 m²,"112,61 tr/m²",3,3,"Quảng An, Tây Hồ","21.0658321380615, 105.826507568359"
27697099,27/02/2025,"4.2 tỷ căn 1PN /43m2 sở hữu lâu dài/ dự án D'. EL Dorado - Tây Hồ, view Hồ Tây - LH 0922 300 ***","3,7 tỷ",43 m²,"86,05 tr/m²",1,1,"Xuân La, Tây Hồ","21.069709777832, 105.811210632324"
42274269,27/02/2025,Bán căn hộ tòa P2 Ciputra tầng cao dt 182m 04pn giá 15.5 tỷ. LH e Hường 0936 670 ***,"15,5 tỷ",182 m²,"85,16 tr/m²",4,3,"Phú Thượng, Tây Hồ","21.073569344710027, 105.82409674620496"
41108583,27/02/2025,"Bán 4PN / 234m2 tại D. Le Roi Soleil - 59 Xuân Diệu, giá 30 tỷ, full tiện ích cao cấp",30 tỷ,234 m²,"128,21 tr/m²",4,4,"Quảng An, Tây Hồ","21.065832, 105.82651"
41628741,27/02/2025,"Cần bán căn 3PN / 135.7m2 view 2 mặt thoáng tại D. Le Roi Soleil chỉ từ 15.5 tỷ, sổ đỏ trao tay","15,5 tỷ","135,7 m²","114,22 tr/m²",3,2,"Quảng An, Tây Hồ","21.0658321380615, 105.826507568359"
42282173,27/02/2025,"Bán gấp CC D'. El Dorado II: 2N - 2WC, 76m2, view lung linh, giá hơn 7 tỷ","7,15 tỷ",76 m²,"94,08 tr/m²",2,2,"Xuân La, Tây Hồ","21.070246740302572, 105.80930270191601"
42281689,27/02/2025,"Bán căn hộ CC - C18, 655 Lạc Long Quân 101m2, 3 ngủ 2 VS tầng trung, view Hồ Tây, Tây Hồ, SĐCC","8,2 tỷ",101 m²,"81,19 tr/m²",3,2,"Xuân La, Tây Hồ","21.069519968471, 105.811386592489"
42281554,27/02/2025,"Duy nhất 1 căn hiếm sổ đỏ lâu dài giá 4, xx tỷ tốt nhất D'. El Dorado II","4,8 tỷ",50 m²,96 tr/m²,2,1,"Xuân La, Tây Hồ","21.070382842402, 105.809709037106"
42175880,27/02/2025,Bán căn hộ 2PN+ view Hồ Tây full nội thất dự án Heritage Westlake Giá,14 tỷ,"94,7 m²","147,84 tr/m²",2,2,"Phú Thượng, Tây Hồ","21.072873268979, 105.81264793385107"
42280894,27/02/2025,"Bán Căn Hộ P1 Ciputra, 26,5 tỷ, 280m2, 3PN, 3WC tại Tây Hồ, Hà Nội siêu Hot","26,5 tỷ",280 m²,"94,64 tr/m²",3,3,"Phú Thượng, Tây Hồ","21.073626789328593, 105.82351759798645"
38902112,27/02/2025,"Chính chủ bán CH Udic Westlake Tây Hồ căn góc hiếm 2PN 84m2, 6,55 tỷ, Full nội thất view công viên","6,55 tỷ",84 m²,"77,98 tr/m²",2,2,"Phú Thượng, Tây Hồ","21.0801429748535, 105.813690185547"
39602946,27/02/2025,"Bán căn hộ HDI Tây Hồ Võ Chí Công, 160m2, 4 PN, căn góc, tầng cao, view trọn hồ, 20 tỷ",20 tỷ,160 m²,125 tr/m²,2,2,"Xuân La, Tây Hồ","21.0555438995361, 105.805130004883"
42273300,27/02/2025,"Bán Nhanh CC tại Tây Hồ River View, 5 tỷ, 72.3m2, 2PN + 2WC + bếp BAO TẤT CẢ PHÍ",5 tỷ,"72,3 m²","69,16 tr/m²",2,2,"Phú Thượng, Tây Hồ","21.088253429884304, 105.80041078296703"
42280767,27/02/2025,"Bán căn Penthouse tòa P Ciputra, 280 m2, 3 phòng ngủ, 3 phòng tắm, nội thất đẹp","26,5 tỷ",280 m²,"94,64 tr/m²",3,3,"Phú Thượng, Tây Hồ","21.07303214905362, 105.8232908990545"
42174232,27/02/2025,Căn hộ đẹp cần bán nhanh tòa L2 Ciputra Hà Nội . LH 0972 362 ***,"9,8 tỷ",114 m²,"85,96 tr/m²",N/A,N/A,"Phú Thượng, Tây Hồ","21.074204616147085, 105.82332369414765"
42209803,27/02/2025,"Bán căn hộ chung cư ở toà CT 14, đường Võ chí công, có DT 73,2 m2, có 2 phòng ngủ, 2 vệ sinh","4,5 tỷ","73,2 m²","61,48 tr/m²",2,2,"Phú Thượng, Tây Hồ","21.073684859771603, 105.8235544559993"
42232373,27/02/2025,Bán căn chung cư 153m2/4PN đủ đồ tại tòa E Ciputra Hà Nội,Giá thỏa thuận,153 m²,N/A,4,2,"Phú Thượng, Tây Hồ","21.073175384588342, 105.82344091499812"
42174267,27/02/2025,"Chính chủ cần bán gấp căn chung cư toà E Tân Hoàng Minh , Võ Chí Công Xuân La , Tây Hồ . DT :76m2",7 tỷ,76 m²,"92,1 tr/m²",2,2,"Xuân La, Tây Hồ","21.070284986264376, 105.80994998239792"
42280129,27/02/2025,Bán căn hộ Duplex 76m2 - 2PN - PentStudio - Tây Hồ - Giá hơn 6 tỷ,"6,7 tỷ",76 m²,"88,16 tr/m²",2,2,"Phú Thượng, Tây Hồ","21.0637800542094, 105.810314987996"
42084395,27/02/2025,"Bán căn CC 249 Thụy Khuê, T10 lô góc 154m2 mong muốn 11.1 tỷ","11,1 tỷ",154 m²,"72,08 tr/m²",3,2,"Thụy Khuê, Tây Hồ","21.04347331110331, 105.8189201179588"
41985390,27/02/2025,"Bán căn CC 249 Thụy Khuê, T10 lô góc 154m2 mong muốn 11.1 tỷ","11,1 tỷ",154 m²,"72,08 tr/m²",3,2,"Thụy Khuê, Tây Hồ","21.04358695335319, 105.81806139424495"
42181388,27/02/2025,BÁN CĂN HỘ SÂN VƯỜN 160M2 - 3PN - BAN CÔNG 33M2 - SUNSHINE GOLDEN RIVER - CIPUTRA - GIÁ HƠN 14 TỶ,"14,5 tỷ",160 m²,"90,62 tr/m²",3,2,"Phú Thượng, Tây Hồ","21.084244630789687, 105.81188235023915"
42181029,27/02/2025,BÁN CĂN HỘ TẠI PENTSTUDIO - TÂY HỒ - 2PN - 91M2 - GIÁ HƠN 8 TỶ - SỔ ĐỎ,"8,5 tỷ",91 m²,"93,41 tr/m²",2,2,"Phú Thượng, Tây Hồ","21.06343815107688, 105.80956826282906"
42278560,27/02/2025,"Giảm chào 200 triệu! Căn hộ 100m2 - Võ Chí Công - Xuân La - Tây Hồ, full đồ - 5.9 tỷ - về ở ngay","5,9 tỷ",100 m²,59 tr/m²,3,2,"Xuân La, Tây Hồ","21.0647693797825, 105.806020817653"
41831102,26/02/2025,"Bán căn 2PN 76,6m2 HDI Tây Hồ view trực diện Hồ Tây - Full đồ nhà đẹp, ban công Đông Nam",Giá thỏa thuận,"76,6 m²",N/A,2,2,"Xuân La, Tây Hồ","21.055854588001282, 105.80600032767123"
42278035,26/02/2025,"CĂN HỘ 51M2 - 2PN - TẦNG CAO - D'EL. DORADO 1 - TÂY HỒ - GIÁ 4,3 TỶ","4,3 tỷ",51 m²,"84,31 tr/m²",2,1,"Phú Thượng, Tây Hồ","21.07432612884982, 105.79931437139281"
42262908,26/02/2025,Bán căn 3 ngủ - full đồ đẹp - hướng mát - giá: 7 tỷ (bao phí) Sunshine Riverside (Tây Hồ),7 tỷ,"93,8 m²","74,63 tr/m²",3,2,"Phú Thượng, Tây Hồ","21.0843134622018, 105.812538590428"
41984374,26/02/2025,Bán căn 4PN 4WC 223m2 tầng trung siêu phẩm Hồ Tây D'. Le Roi Soleil 59 Xuân Diệu giá TT từ CĐT,30 tỷ,"222,3 m²","134,95 tr/m²",4,4,"Quảng An, Tây Hồ","21.065337851165804, 105.82646730111998"
42277692,26/02/2025,Bán căn hộ chung cư Ciputra Hà Nội 67m2 và 87m2. Giá 4.5 tỷ và 7tỷ,"4,5 tỷ",67 m²,"67,16 tr/m²",2,2,"Phú Thượng, Tây Hồ","21.0742772109529, 105.82385176801375"
42067151,26/02/2025,Chuyển nhượng căn hộ 2PN 88m2 view Hồ Tây dự án D'.Le Roi Soleil 59 Xuân Diệu Tây Hồ LH 0948 298 ***,"10,9 tỷ",88 m²,"123,86 tr/m²",2,2,"Quảng An, Tây Hồ","21.0654765915084, 105.82663951304"
41796306,26/02/2025,"Bán căn hộ 03 ngủ 145m2 Heritage Westlake view Hồ Tây, full liền tường nhập khẩu. LH: 0985 038 ***",23 tỷ,145 m²,"158,62 tr/m²",3,2,"Phú Thượng, Tây Hồ","21.0726354276337, 105.812720384668"
42277013,26/02/2025,"Bán căn góc view sân golf, 154m2 tòa L5 Ciputra, dòng tiền tốt","14,5 tỷ",154 m²,"94,16 tr/m²",3,2,"Phú Thượng, Tây Hồ","21.073344316913175, 105.82393850626488"
42276938,26/02/2025,"CĂN GÓC GIÁ RẺ NHẤT - 70M2 - 2PN - SỔ LÂU DÀI - D' EL. DORADO 2 - TÂY HỒ - GIÁ CHỐT 6,75 TỶ","6,75 tỷ",70 m²,"96,43 tr/m²",2,2,"Xuân La, Tây Hồ","21.07067985497083, 105.81016546891722"
42276813,26/02/2025,"Cho thuê căn hộ VIP, trục hoa hậu tòa P2 Ciputra 182m2 view sân golf","16,9 tỷ",182 m²,"92,86 tr/m²",3,2,"Phú Thượng, Tây Hồ","21.07380168826863, 105.82401365183033"
41280823,26/02/2025,"Bán căn hộ 2PN góc cao cấp tại chung Skyline Tây Hồ, DT 89m2, Đông Nam, full đồ, LH 0971 366 ***",Giá thỏa thuận,89 m²,N/A,2,2,"Phú Thượng, Tây Hồ","21.085081100463867, 105.81702423095703"
42276132,26/02/2025,Bán căn hộ D. El Dorado 2 ngủ mới nguyên bản chủ đầu tư - 0974 606 ***,"4,7 tỷ","53,4 m²","88,02 tr/m²",2,1,"Phú Thượng, Tây Hồ","21.073976559265795, 105.8002009449289"
42140767,26/02/2025,Bán căn góc view sân golf 72m2 tòa Links Ciputra Hanoi VIP,7 tỷ,72 m²,"97,22 tr/m²",2,2,"Phú Thượng, Tây Hồ","21.070853451350164, 105.81043625337567"
34486539,26/02/2025,"Thanh khoản gấp căn hộ Dualkeys 136m2 giá 10,8 tỷ tại D'Leroi Soleil, liên hệ 0988 799 ***","10,8 tỷ",136 m²,"79,41 tr/m²",3,N/A,"Quảng An, Tây Hồ","21.0658321380615, 105.826507568359"
36616322,26/02/2025,Cần bán gấp căn hộ 2PN(cắt lỗ sâu)giá 8 tỷ D'. Le Roi Soleil 59 Xuân Diệu 0988 799 *** LH: 0988 799 ***,"6,9 tỷ",88 m²,"78,41 tr/m²",2,2,"Quảng An, Tây Hồ","21.0658321380615, 105.826507568359"
39123606,26/02/2025,Cần bán gấp căn hộ 3 phòng ngủ 110m2 view Hồ Tây và Sông Hồng đang cho thuê 35tr/th dòng tiền,11 tỷ,110 m²,100 tr/m²,3,3,"Quảng An, Tây Hồ","21.0658321380615, 105.826507568359"
34486228,26/02/2025,"Chính chủ căn hộ cần bán gấp, căn 88m2 2PN full nội thất, sổ đỏ, D'.Le Roi, 8 tỷ xx LH 0988 799 ***",Giá thỏa thuận,88 m²,N/A,2,2,"Quảng An, Tây Hồ","21.0658321380615, 105.826507568359"
42275830,26/02/2025,"Căn góc siêu đẹp 3PN 145m2 tại tòa P1 Ciputra, full nội thất, giá 9 tỷ BP, LH: 0835 950 ***",9 tỷ,145 m²,"62,07 tr/m²",3,3,"Phú Thượng, Tây Hồ","21.07419170304004, 105.82418006610891"
42275363,26/02/2025,"Bán căn hộ D. El Dorado II 3 ngủ view Hồ Tây, nội thất hiện đại - 0974 606 ***",9 tỷ,92 m²,"97,83 tr/m²",3,2,"Xuân La, Tây Hồ","21.0707829172049, 105.80962301201237"
42170644,26/02/2025,Chính chủ bán căn hộ 3 ngủ 141m2 dt đẹp phù hợp tài chính dự án Sunshine Golden River,"12,5 tỷ",141 m²,"88,65 tr/m²",N/A,N/A,"Phú Thượng, Tây Hồ","21.084615848120627, 105.81213362269588"
42174086,26/02/2025,BÁN CĂN HỘ 141M2 - 3PN - BAN CÔNG 33M2 - SUNSHINE GOLDEN RIVER - CIPUTRA - GIÁ HƠN 12 TỶ - RẺ NHẤT,"12,5 tỷ",141 m²,"88,65 tr/m²",3,2,"Phú Thượng, Tây Hồ","21.08421951760058, 105.81133454328575"
42164644,26/02/2025,"Bán căn hộ Duplex 91m2 - 2PN - PentStudio - Tây Hồ - giá 8,5 tỷ","8,5 tỷ",91 m²,"93,41 tr/m²",2,2,"Phú Thượng, Tây Hồ","21.0638440050336, 105.810153765954"
42175404,26/02/2025,BÁN CĂN HỘ 87M2 - 2PN - GÓC - SỔ LÂU DÀI - D EL. DORADO 1 - TÂY HỒ - GIÁ HƠN 12 TỶ,"12,5 tỷ",87 m²,"143,68 tr/m²",2,2,"Phú Thượng, Tây Hồ","21.073927408824986, 105.79992029238736"
42156331,26/02/2025,Bán căn hộ góc - sổ đỏ lâu dài - 70m2 - D'. El Dorado 2 - Tây Hồ - giá 9 tỷ,9 tỷ,70 m²,"128,57 tr/m²",2,2,"Xuân La, Tây Hồ","21.071252476604503, 105.80987596953051"
42273817,26/02/2025,Bán toà CCMN Võng Thị Tây Hồ_ngõ oto 20M ra hồ_lô góc 60M x 7 tầng thang máy cho thuê 80tr/tháng,22 tỷ,60 m²,"366,67 tr/m²",10,10,"Bưởi, Tây Hồ","21.049507180466, 105.812972427912"
42273366,26/02/2025,"Bán Nhanh CC 3PN, 2VS, 92,2m2, 6,5 tỷ giá siêu hời tại Tây Hồ, Hà Nội","6,5 tỷ","92,2 m²","70,5 tr/m²",3,2,"Phú Thượng, Tây Hồ","21.08826301896353, 105.7995580739032"
42272995,26/02/2025,"Bán căn hộ 3PN, 2WC, 123m2, 8 tỷ tại Ciputra, Tây Hồ, Hà Nội",8 tỷ,123 m²,"65,04 tr/m²",3,2,"Phú Thượng, Tây Hồ","21.073689782691115, 105.82373290026365"
38214056,26/02/2025,"D'. El Dorado 1, bán gấp căn 2PN, tầng cao, ban công ĐN, full nội thất, view trọn Hồ Tây","13,5 tỷ",96 m²,"140,62 tr/m²",2,2,"Phú Thượng, Tây Hồ","21.0739040374756, 105.799980163574"
41374041,26/02/2025,"Bán căn hộ 3PN, ban công Đông Nam view Hồ Tây tại D. Le Roi Soleil chỉ từ 14.5 tỷ, nhận nhà ở ngay","14,5 tỷ",111 m²,"130,63 tr/m²",3,3,"Quảng An, Tây Hồ","21.0658321380615, 105.826507568359"
42272155,26/02/2025,Bán căn hộ 3 phòng ngủ chung cư toà L5 Ciputra Bắc Từ Liêm Hà Hội,"14,5 tỷ",146 m²,"99,32 tr/m²",3,2,"Phú Thượng, Tây Hồ","21.07357777980434, 105.8240137442428"
42272301,26/02/2025,"BT trên cao Sunshine Golden River, 4N+1, 211 m2, đẳng cấp thời thượng, không gian thoáng mát, 25 tỉ",25 tỷ,211 m²,"118,48 tr/m²",N/A,N/A,"Phú Thượng, Tây Hồ","21.084151506328663, 105.81153444783016"
42269392,26/02/2025,"CĂN HỘ DỊCH VỤ- XUÂN LA- TÂY HỒ! 90M2, 7 TẦNG, 13 CĂN HỘ, DÒNG TIỀN HÀNG THÁNG HƠN 90 TRIỆU","24,2 tỷ",90 m²,"268,89 tr/m²",12,12,"Xuân La, Tây Hồ","21.0645370899723, 105.80634183542"
41809785,26/02/2025,Cần bán căn 1PN 45m2 toà Soho - Hồ Tây,"5,3 tỷ",45 m²,"117,78 tr/m²",1,N/A,"Phú Thượng, Tây Hồ","21.0723291788928, 105.81223201431"
42271743,26/02/2025,"Bán căn hộ 168m rẻ nhất tại UDIC westlake, giá chỉ 11.5 tỷ sổ đỏ nhà mới chưa có nội thất","11,5 tỷ","168,2 m²","68,37 tr/m²",3,2,"Phú Thượng, Tây Hồ","21.08013031535042, 105.81369120622786"
41754440,26/02/2025,"(Bán gấp) căn hộ Ecolife Tây Hồ tòa A 106.9m2/3PN sẵn sổ đỏ, full đồ, view đẹp. LH 0946 827 ***","8,5 tỷ","106,9 m²","79,51 tr/m²",3,2,"Xuân La, Tây Hồ","21.059675216674805, 105.8040771484375"
42271513,26/02/2025,"Bán căn hộ CC tại Udic Westlake đường Võ Chí Công giá 6,6 tỷ, 84 m2, 2PN, 2WC, có sổ đỏ mới chưa sd","6,6 tỷ",84 m²,"78,57 tr/m²",2,2,"Phú Thượng, Tây Hồ","21.079938880280224, 105.81459278977908"
42271477,26/02/2025,"Bán Căn Penthouse E1 EDorado Tây Hồ 145m2, 26 tỷ hàng siêu hiếm giá siêu đẹp cạnh 2 con Rồng",26 tỷ,145 m²,"179,31 tr/m²",3,3,"Phú Thượng, Tây Hồ","21.073902820149744, 105.80092604429379"
41809517,26/02/2025,"Bán căn hộ chung cư 182m2, 4PN, 3WC, 17,8 tỷ tại khu P2 Ciputra Tây Hồ, Hà Nội","17,8 tỷ",182 m²,"97,8 tr/m²",4,3,"Phú Thượng, Tây Hồ","21.0713037539288, 105.811167140327"
40833957,26/02/2025,"Bán cắt lỗ căn chung cư cao cấp Golden River vườn trên cao view Hồ Tây, 142m2 và 160m2, giá cắt lỗ",13 tỷ,160 m²,"81,25 tr/m²",3,2,"Phú Thượng, Tây Hồ","21.078651, 105.80261"
41058284,26/02/2025,"Bán gấp 2 căn 8,10 đẹp nhất tòa CC cao cấp Golden River, view Hồ Tây, 159.8 và 161m2 giá: 12,8 tỷ","12,8 tỷ","159,8 m²","80,1 tr/m²",3,2,"Phú Thượng, Tây Hồ","21.0786514282227, 105.802612304688"
41092577,26/02/2025,"Bán gấp căn CCCC Sunshine Golden River, 141,5m2, tầng đẹp, view trọn Hồ Tây giá: 11,8 tỷ","11,8 tỷ","141,5 m²","83,39 tr/m²",3,2,"Phú Thượng, Tây Hồ","21.0786514282227, 105.802612304688"
42022005,26/02/2025,"Chính chủ cần Bán căn hộ 6th Element, Tây Hồ, 2PN,2VS ( 83m2 & 87m2), Giá chỉ hơn 7 tỷ. 0961925;122",Giá thỏa thuận,83 m²,N/A,2,2,"Xuân La, Tây Hồ","21.059032831443787, 105.80372490565605"
42021911,26/02/2025,"Giao bán căn hộ 6th Element, tầng 22, 3PN2VS (117m2) view hồ Starlake check Hồ Tây. LH 0961 925;122",11 tỷ,117 m²,"94,02 tr/m²",3,2,"Xuân La, Tây Hồ","21.059286805976267, 105.80463975141984"
40933464,26/02/2025,"Bán căn hộ DL PentStudio căn 1-2PN DT 58m2-75m2-76m2-91m2-93m2 đồ nội thất cao cấp, 0923 363 ***/Zalo",Giá thỏa thuận,93 m²,N/A,1,2,"Phú Thượng, Tây Hồ","21.064093, 105.80974"
42271134,26/02/2025,"Bán gấp căn hộ 3PN, 2WC tại toà L Ciputra, giá ưu đãi 14,5 tỷ, 154m2","14,5 tỷ",154 m²,"94,16 tr/m²",3,2,"Phú Thượng, Tây Hồ","21.07369497451821, 105.823570242995"
42271255,26/02/2025,"Bán gấp căn hộ D’. El Dorado II, Võ Chí Công, Tây Hồ, Hà Nội, 4,8 tỷ, 55m2","4,8 tỷ",55 m²,"87,27 tr/m²",N/A,N/A,"Xuân La, Tây Hồ","21.070631914882032, 105.80965703735248"
40245092,26/02/2025,Căn hộ hàng hiếm 2PN view trực diện hồ tòa E1 lẠc Long Quân giá nhỉnh 9 tỷ,"9,3 tỷ",71 m²,"130,99 tr/m²",2,2,"Phú Thượng, Tây Hồ","21.073904037475586, 105.79998016357422"
41712676,26/02/2025,"Bán căn góc D'. El Dorado 1 97m2, 2PN Đông Nam view 2 mặt hồ Tây","12,3 tỷ",97 m²,"126,8 tr/m²",2,2,"Phú Thượng, Tây Hồ","21.0692587011146, 105.811738804321"
40016823,26/02/2025,Chính chủ bán căn hộ 1PN sửa thành 2PN hơn 5 tỷ full đồ nội thất tại 6th Element. Zalo 0923 363 ***,6 tỷ,60 m²,100 tr/m²,2,1,"Xuân La, Tây Hồ","21.0596752166748, 105.804077148438"
42270624,26/02/2025,"Bán căn hộ CC 3PN, 2WC, 154m2 Tòa L345 Ciputra, Hà Nội","14,5 tỷ",154 m²,"94,16 tr/m²",3,2,"Phú Thượng, Tây Hồ","21.073178571275076, 105.82332323583911"
42250786,26/02/2025,"Bảng hàng chuyển nhượng căn 4 ngủ tòa Heritage Lạc Long Quân, Tây Hồ, Hà Nội","26,3 tỷ",180 m²,"146,11 tr/m²",4,3,"Phú Thượng, Tây Hồ","21.073482340217, 105.81268643124"
41133464,26/02/2025,Bán căn hộ 2 phòng ngủ tầng cao 101m2 view mát tòa 903 Starlake Tây Hồ cần bán gấp LH 0905 618 ***,Giá thỏa thuận,101 m²,N/A,2,N/A,"Xuân La, Tây Hồ","21.0596752166748, 105.804077148438"
41986998,26/02/2025,Nhận booking căn đẹp tầng đẹp Noble Crystal Ciputra - HTLS 0% 24 tháng - chiết khấu 4%,Giá thỏa thuận,127 m²,N/A,3,N/A,"Phú Thượng, Tây Hồ","21.08371360677508, 105.80838639672199"
41339581,26/02/2025,"Duplex 4PN, 280m2 có bể bơi trong nhà, view thoáng vĩnh viễn, nột thất full nhập khẩu, vận hành 5*",Giá thỏa thuận,280 m²,N/A,4,5,"Phú Thượng, Tây Hồ","21.07213592529297, 105.81099700927734"
42269189,25/02/2025,"Giao bán căn 88m2 tầng cao, view Sông Hồng đường Xuân Diệu giá 11.5 tỷ","11,5 tỷ",88 m²,"130,68 tr/m²",2,2,"Quảng An, Tây Hồ","21.06547200131328, 105.82695575266"
41464685,25/02/2025,Bán căn hộ chung cư Ecolife Tây Hồ - DT 128m2 - 3N siêu rộng - Sổ sẵn giao dịch ngay - Giá 9.999 tỷ,10 tỷ,128 m²,"78,12 tr/m²",3,2,"Xuân La, Tây Hồ","21.059675216674805, 105.8040771484375"
41866393,25/02/2025,"Chính chủ bán gấp căn hộ Chung cư Packexim 88m2 2 phòng ngủ 2 wc, hai mặt chính hướng ra Hồ Tây",Giá thỏa thuận,88 m²,N/A,N/A,N/A,"Phú Thượng, Tây Hồ","21.08362950192496, 105.8088827069904"
39027109,25/02/2025,"Bán căn 3PN full nội thất + giá 12.5 tỷ + diện tích 111m2, 3 phòng ngủ, 3 vệ sinh + Hướng mát","12,5 tỷ",111 m²,"112,61 tr/m²",3,3,"Quảng An, Tây Hồ","21.0658321380615, 105.826507568359"
42268627,25/02/2025,"Rao bán căn 111m2, 3pn, 2wc. Giá 12 tỷ",12 tỷ,111 m²,"108,11 tr/m²",3,3,"Quảng An, Tây Hồ","21.065774589727994, 105.82682078346251"
42268445,25/02/2025,"Rao bán căn 88m2, tầng cao semi fitout giá 11.5 tỷ","11,5 tỷ",88 m²,"130,68 tr/m²",2,2,"Quảng An, Tây Hồ","21.06580888834541, 105.82635738904689"
42100034,25/02/2025,"Bán căn Soho Heritage 1PN diện tích 58m2 giá chỉ 4,3 tỷ. LH: 0961 995 ***","4,3 tỷ",58 m²,"74,14 tr/m²",1,N/A,"Phú Thượng, Tây Hồ","21.0733288640944, 105.81238259953"
42174381,25/02/2025,35ty - Bán Căn hộ DUPLEX chung cư H9tại KĐT Tây Hồ Tây - Starlake Hà Nội,35 tỷ,240 m²,"145,83 tr/m²",N/A,N/A,"Xuân La, Tây Hồ","21.060077266778748, 105.80379565415159"
42268212,25/02/2025,BÁN CĂN 50M2 - 2PN - SỔ LÂU DÀI - CĂN HIẾM CÓ - D'EL. DORADO 2 - TÂY HỒ - GIÁ HƠN 4 TỶ,"4,8 tỷ",50 m²,96 tr/m²,2,1,"Xuân La, Tây Hồ","21.070474446022754, 105.80870890369806"
42268217,25/02/2025,"Bán căn hộ Ciputra 145m2 tầng đẹp đủ đồ, đã có sổ nhỉnh 10 tỷ",11 tỷ,145 m²,"75,86 tr/m²",3,3,"Phú Thượng, Tây Hồ","21.073743263781466, 105.82368745834596"
41983122,25/02/2025,"Bán căn hộ 3PN, 2WC 110m2 tại Xuân La, Tây Hồ, Hà Nội, giá 6,1 tỷ","6,1 tỷ",110 m²,"55,46 tr/m²",3,2,"Xuân La, Tây Hồ","21.06525907149614, 105.80638533799362"
41245606,25/02/2025,Cần bán lại 146m2 / 3PN chung cư D'. Le Roi Soleil giá tốt tại Tây Hồ Hà Nội,Giá thỏa thuận,146 m²,N/A,3,2,"Quảng An, Tây Hồ","21.065832, 105.82651"
41961439,25/02/2025,"Bán trục căn 2Pn View Hồ Tây dự án Endless Skyline West Lake, view Hồ Tây. Liên hệ 0985 429 ***",Giá thỏa thuận,"92,6 m²",N/A,2,2,"Phú Thượng, Tây Hồ","21.0721639366843, 105.810551094314"
42059576,25/02/2025,Hot! Quỹ căn giá tốt nhất toà chung cư cao cấp 6th Element - KĐT Tây Hồ Tây,8 tỷ,83 m²,"96,39 tr/m²",2,2,"Xuân La, Tây Hồ","21.059690138761514, 105.80408784667645"
40873749,25/02/2025,"Vợ chồng tôi cần bán gấp căn hộ 60m2 chung cư 6th Element, tầng 20 ban công hướng Nam giá 4.85 tỷ","4,85 tỷ",60 m²,"80,83 tr/m²",2,1,"Xuân La, Tây Hồ","21.059675216674805, 105.8040771484375"
40202285,25/02/2025,"Bán căn 2PN 50m2 giá 3,x tỷ tòa Eldorado II (0967 713 ***)","3,6 tỷ",50 m²,72 tr/m²,2,1,"Xuân La, Tây Hồ","21.07075309753418, 105.8095703125"
41383799,25/02/2025,"Bán căn 2 ngủ - 94m2 - view Hồ Tây - full đồ dự án Heritage West Lake 677 Lạc Long Quân - 17,5 tỷ","17,5 tỷ",94 m²,"186,17 tr/m²",2,2,"Phú Thượng, Tây Hồ","21.0728492736816, 105.812431335449"
42265642,25/02/2025,Sổ đỏ sang tên luôn căn hộ 2PN 82.6m2 view sông Hồng Cầu Nhật Tân Sunshine Riverside giá tốt tại TH,"6,5 tỷ","82,6 m²","78,69 tr/m²",2,2,"Phú Thượng, Tây Hồ","21.083983494963466, 105.8119688405794"
39698138,25/02/2025,Tháng 3. 2025 Quỹ căn chuyển nhượng tại dự án Starlake 2 và 3 ngủ (Update),Giá thỏa thuận,91 m²,N/A,2,2,"Xuân La, Tây Hồ","21.05948787680866, 105.80473119330583"
41049547,25/02/2025,"Chính chủ cần tiền bán gấp căn 1 ngủ dự án Soho Heritage Westlake, giá 4.6 tỷ","4,6 tỷ",58 m²,"79,31 tr/m²",1,1,"Phú Thượng, Tây Hồ","21.0728492736816, 105.812431335449"
41441563,25/02/2025,"Bán nhanh căn 3PN, giá 5,8 tỷ hướng mát view sông Hồng, bao tất cả phí, vào ở ngay, quận Tây Hồ","5,8 tỷ","91,95 m²","63,08 tr/m²",3,2,"Phú Thượng, Tây Hồ","21.088279724121094, 105.80040740966797"
41245547,25/02/2025,"Quỹ căn hộ chuyển nhượng Heritage West Lake giá tốt nhất chỉ từ 12,8 tỷ","12,8 tỷ",93 m²,"137,63 tr/m²",2,2,"Phú Thượng, Tây Hồ","21.07284927368164, 105.81243133544922"
42167340,25/02/2025,"Chính chủ gửi em bán căn chung cư thang máy riêng 145m2/3 phòng ngủ, đủ đồ tòa P Ciputra Hà Nội","11,5 tỷ",145 m²,"79,31 tr/m²",3,2,"Phú Thượng, Tây Hồ","21.07457059073421, 105.79851720027122"
42148662,25/02/2025,"Cần bán căn hộ chung cư 150m2/4 phòng ngủ, đủ đồ tòa G Ciputra Hà Nội","9,5 tỷ",150 m²,"63,33 tr/m²",4,2,"Phú Thượng, Tây Hồ","21.073545293099176, 105.8228386963343"
42143015,25/02/2025,"Bán căn hộ chung cư 168m2, 3PN, 2WC tại Võ Chí Công, Xuân La, Tây Hồ, Hà Nội, giá thỏa thuận",Giá thỏa thuận,168 m²,N/A,3,2,"Xuân La, Tây Hồ","21.059894584129, 105.804269816336"
42262569,25/02/2025,"Căn hộ chung cư cao cấp sang trọng tại D' El Dorado II, giá ưu đãi 7,15 tỷ, 70m2","7,15 tỷ",70 m²,"102,14 tr/m²",N/A,N/A,"Xuân La, Tây Hồ","21.07131785721962, 105.80977300300657"
42157563,25/02/2025,"Bán CC đẹp 2PN, 84m2, giá thỏa thuận tại Võ Chí Công, Tây Hồ, Hà Nội",Giá thỏa thuận,84 m²,N/A,2,2,"Phú Thượng, Tây Hồ","21.0805972851215, 105.813147042381"
42262157,25/02/2025,Chính chủ cần bán căn 3 ngủ căn hộ sân vườn Sunshine Golden River giá tốt. 0979 343 ***,15 tỷ,141 m²,"106,38 tr/m²",3,2,"Phú Thượng, Tây Hồ","21.084186042835714, 105.81189504207758"
42261993,25/02/2025,"Căn hộ Cao cấp sang trọng bậc nhất Ciputra - 3N-2WC - 15,5 tỷ Phú Thượng, Tây Hồ, Hà Nội","15,5 tỷ",160 m²,"96,88 tr/m²",N/A,N/A,"Phú Thượng, Tây Hồ","21.08402449607042, 105.81189515044527"
42260792,25/02/2025,"Cần bán CC CT13 Võ Chí Công Tây Hồ DT 74/ 81 m2, 2 ngủ, 2 WC chính chủ, giá rẻ 4,45 tỷ, tầng cao","4,45 tỷ",81 m²,"54,94 tr/m²",2,2,"Phú Thượng, Tây Hồ","21.0844410407161, 105.816445135202"
42022555,25/02/2025,"Bán căn hộ 145m2, nguyên bản 3 phòng ngủ, view nội khu",Giá thỏa thuận,145 m²,N/A,3,2,"Phú Thượng, Tây Hồ","21.071453821341247, 105.81080593973527"
41994327,25/02/2025,Căn hộ view sân golf cần tìm chủ mới ngày đầu xuân,Giá thỏa thuận,182 m²,N/A,4,3,"Phú Thượng, Tây Hồ","21.0715801508203, 105.811488519925"
41765619,25/02/2025,"Căn hộ tầng cao 182m2 tòa P2 Ciputra tìm chủ mới, ban công rộng hướng mát","17,5 tỷ",182 m²,"96,15 tr/m²",3,3,"Phú Thượng, Tây Hồ","21.0715351104736, 105.810997009277"
40311016,25/02/2025,"Bán CC tòa CT13 Võ Chí Công, Phú Thượng, Tây Hồ View Hồ Tây, 2 ngủ 2 wcl 4,45 tỷ tầng cao","4,45 tỷ",81 m²,"54,94 tr/m²",2,2,"Phú Thượng, Tây Hồ","21.072135925293, 105.810997009277"
42260661,25/02/2025,Chính chủ cần bán căn hộ chung cư cao cấp 6th Element 2PN,"8,9 tỷ",83 m²,"107,23 tr/m²",2,N/A,"Xuân La, Tây Hồ","21.058943627404588, 105.80425973066684"
41949134,25/02/2025,Biệt thự trên không - duplex 2 tầng - đẳng cấp xứng tầm - view hồ bất tận - đắc địa Hồ Tây,52 tỷ,252 m²,"206,35 tr/m²",4,N/A,"Thụy Khuê, Tây Hồ","21.0439954330571, 105.821089064509"
41261019,25/02/2025,"Hàng hót. Duy nhất căn 3PN chỉ 8.9 tỷ ban công view Hồ Tây, Full nội thất, nhận nhà ở ngay","8,9 tỷ",92 m²,"96,74 tr/m²",3,2,"Phú Thượng, Tây Hồ","21.073904037475586, 105.79998016357422"
42259835,25/02/2025,"Căn hộ tầng cao, căn góc tòa G03 Ciputra, Hà Nội, DT 150m2 04PN. LH em Hường 0936 670 ***","9,7 tỷ",150 m²,"64,67 tr/m²",4,2,"Phú Thượng, Tây Hồ","21.074039607899323, 105.82319890910152"
42250622,24/02/2025,"Căn hộ 88m2, CC Ecolife Tây Hồ cạnh khu đô thị Starlake Tây Hồ Hà Nội","6,9 tỷ",88 m²,"78,41 tr/m²",2,2,"Xuân La, Tây Hồ","21.059655640689346, 105.80412685007768"
